# .PCD v0.7 - Point Cloud Data file format
# TIMESTAMP: 07-10-25-08-18-11-053
VERSION 0.7
FIELDS x y z
SIZE 4 4 4
TYPE F F F
COUNT 1 1 1
WIDTH 36200
HEIGHT 1
VIEWPOINT 0 0 0 1 0 0 0
POINTS 36200
DATA ascii
0.0 0.0 0.0
0.0 0.0 0.0
0.0 0.0 0.0
0.0 0.0 0.0
0.0 0.0 0.0
0.0 0.0 0.0
0.0 0.0 0.0
0.0 0.0 0.0
0.0 0.0 0.0
0.0 0.0 0.0
0.0 0.0 0.0
0.0 0.0 0.0
0.0 0.0 0.0
0.0 0.0 0.0
0.0 0.0 0.0
0.0 0.0 0.0
0.0 0.0 0.0
0.0 0.0 0.0
0.0 0.0 0.0
0.0 0.0 0.0
0.0 0.0 0.0
0.0 0.0 0.0
0.0 0.0 0.0
0.0 0.0 0.0
0.0 0.0 0.0
0.0 0.0 0.0
0.0 0.0 0.0
0.0 0.0 0.0
0.0 0.0 0.0
0.0 0.0 0.0
0.0 0.0 0.0
0.0 0.0 0.0
0.0 0.0 0.0
0.0 0.0 0.0
0.0 0.0 0.0
0.0 0.0 0.0
0.0 0.0 0.0
0.0 0.0 0.0
0.0 0.0 0.0
0.0 0.0 0.0
0.0 0.0 0.0
0.0 0.0 0.0
0.0 0.0 0.0
0.0 0.0 0.0
0.0 0.0 0.0
0.0 0.0 0.0
0.0 0.0 0.0
0.0 0.0 0.0
0.0 0.0 0.0
0.0 0.0 0.0
0.0 0.0 0.0
0.0 0.0 0.0
0.0 0.0 0.0
0.0 0.0 0.0
0.0 0.0 0.0
0.0 0.0 0.0
0.0 0.0 0.0
0.0 0.0 0.0
0.0 0.0 0.0
0.0 0.0 0.0
0.0 0.0 0.0
0.0 0.0 0.0
0.0 0.0 0.0
0.0 0.0 0.0
0.0 0.0 0.0
0.0 0.0 0.0
0.0 0.0 0.0
0.0 0.0 0.0
0.0 0.0 0.0
0.0 0.0 0.0
0.0 0.0 0.0
0.0 0.0 0.0
0.0 0.0 0.0
0.0 0.0 0.0
0.0 0.0 0.0
0.0 0.0 0.0
0.0 0.0 0.0
0.0 0.0 0.0
0.0 0.0 0.0
0.0 0.0 0.0
0.0 0.0 0.0
0.0 0.0 0.0
0.0 0.0 0.0
0.0 0.0 0.0
0.0 0.0 0.0
0.0 0.0 0.0
0.0 0.0 0.0
0.0 0.0 0.0
0.0 0.0 0.0
0.0 0.0 0.0
0.0 0.0 0.0
0.0 0.0 0.0
0.0 0.0 0.0
0.0 0.0 0.0
0.0 0.0 0.0
0.0 0.0 0.0
0.0 0.0 0.0
0.0 0.0 0.0
0.0 0.0 0.0
0.0 0.0 0.0
0.0 0.0 0.0
0.0 0.0 0.0
0.0 0.0 0.0
0.0 0.0 0.0
0.0 0.0 0.0
0.0 0.0 0.0
0.0 0.0 0.0
0.0 0.0 0.0
0.0 0.0 0.0
0.0 0.0 0.0
0.0 0.0 0.0
0.0 0.0 0.0
0.0 0.0 0.0
0.0 0.0 0.0
0.0 0.0 0.0
0.0 0.0 0.0
0.0 0.0 0.0
0.0 0.0 0.0
0.0 0.0 0.0
0.0 0.0 0.0
0.0 0.0 0.0
0.0 0.0 0.0
0.0 0.0 0.0
0.0 0.0 0.0
0.0 0.0 0.0
0.0 0.0 0.0
0.0 0.0 0.0
0.0 0.0 0.0
0.0 0.0 0.0
0.0 0.0 0.0
0.0 0.0 0.0
0.0 0.0 0.0
0.0 0.0 0.0
0.0 0.0 0.0
0.0 0.0 0.0
0.0 0.0 0.0
0.0 0.0 0.0
0.0 0.0 0.0
0.0 0.0 0.0
0.0 0.0 0.0
0.0 0.0 0.0
0.0 0.0 0.0
0.0 0.0 0.0
0.0 0.0 0.0
0.0 0.0 0.0
0.0 0.0 0.0
0.0 0.0 0.0
0.0 0.0 0.0
0.0 0.0 0.0
0.0 0.0 0.0
0.0 0.0 0.0
0.0 0.0 0.0
0.0 0.0 0.0
0.0 0.0 0.0
0.0 0.0 0.0
0.0 0.0 0.0
0.0 0.0 0.0
0.0 0.0 0.0
0.0 0.0 0.0
0.0 0.0 0.0
0.0 0.0 0.0
0.0 0.0 0.0
0.0 0.0 0.0
0.0 0.0 0.0
0.0 0.0 0.0
0.0 0.0 0.0
0.0 0.0 0.0
0.0 0.0 0.0
0.0 0.0 0.0
0.0 0.0 0.0
0.0 0.0 0.0
0.0 0.0 0.0
0.0 0.0 0.0
0.0 0.0 0.0
0.0 0.0 0.0
0.0 0.0 0.0
0.0 0.0 0.0
0.0 0.0 0.0
0.0 0.0 0.0
0.0 0.0 0.0
0.0 0.0 0.0
0.0 0.0 0.0
0.0 0.0 0.0
-20.45916175842285 29.146495819091797 -2.7809293270111084
0.0 0.0 0.0
0.0 0.0 0.0
0.0 0.0 0.0
0.0 0.0 0.0
0.0 0.0 0.0
0.0 0.0 0.0
0.0 0.0 0.0
0.0 0.0 0.0
0.0 0.0 0.0
0.0 0.0 0.0
0.0 0.0 0.0
0.0 0.0 0.0
0.0 0.0 0.0
0.0 0.0 0.0
0.0 0.0 0.0
-13.076435089111328 23.937870025634766 -3.5587832927703857
-12.792677879333496 23.810884475708008 -3.6078429222106934
0.0 0.0 0.0
-12.148733139038086 23.38768768310547 -3.6719484329223633
0.0 0.0 0.0
0.0 0.0 0.0
0.0 0.0 0.0
-10.869970321655273 22.438365936279297 -3.7619011402130127
0.0 0.0 0.0
0.0 0.0 0.0
0.0 0.0 0.0
0.0 0.0 0.0
0.0 0.0 0.0
0.0 0.0 0.0
0.0 0.0 0.0
0.0 0.0 0.0
-8.609875679016113 21.05306625366211 -3.994966983795166
-8.389283180236816 20.92787742614746 -4.020100116729736
0.0 0.0 0.0
-7.9033684730529785 20.5396671295166 -4.037261962890625
-7.787759304046631 20.667373657226562 -4.10849142074585
-7.579113483428955 20.5537166595459 -4.132580280303955
-7.358139514923096 20.39094352722168 -4.143172264099121
-7.116939544677734 20.16107940673828 -4.139171123504639
0.0 0.0 0.0
-6.755781173706055 20.021427154541016 -4.195397853851318
-6.553234100341797 19.884843826293945 -4.207633018493652
-6.333202362060547 19.67669677734375 -4.202908515930176
-6.195564270019531 19.71845245361328 -4.251302242279053
-6.01278018951416 19.61288070678711 -4.267882823944092
-5.827369213104248 19.49150276184082 -4.278811931610107
-5.6291937828063965 19.317338943481445 -4.276723861694336
-5.491671085357666 19.355112075805664 -4.322086334228516
-5.276151657104492 19.1005916595459 -4.301197528839111
-5.1338210105896 19.102466583251953 -4.336143493652344
-4.976565361022949 19.044443130493164 -4.35601806640625
-4.803339004516602 18.91867446899414 -4.360238552093506
-4.638106346130371 18.82518196105957 -4.372196674346924
-4.503294944763184 18.841337203979492 -4.4078898429870605
-4.336673736572266 18.719690322875977 -4.409249782562256
-4.1796135902404785 18.630104064941406 -4.417941093444824
-4.033700466156006 18.58388328552246 -4.4368510246276855
-3.880791425704956 18.510995864868164 -4.449186325073242
-3.765507698059082 18.604839324951172 -4.498401641845703
-3.577033758163452 18.32868003845215 -4.458059787750244
-3.4422967433929443 18.316028594970703 -4.481591701507568
-3.2965786457061768 18.23887062072754 -4.489202976226807
-3.1539463996887207 18.184165954589844 -4.498928546905518
-3.024949789047241 18.191747665405273 -4.523809432983398
-2.8632147312164307 17.992389678955078 -4.497171401977539
-2.7347476482391357 17.990421295166016 -4.519776821136475
-2.5952138900756836 17.909616470336914 -4.51889181137085
-2.4859564304351807 18.038055419921875 -4.570619583129883
-2.3350138664245605 17.87674331665039 -4.549432277679443
-2.224885940551758 18.007221221923828 -4.602327346801758
-2.078845739364624 17.844478607177734 -4.577104091644287
-1.942291259765625 17.74483871459961 -4.567011833190918
-1.819948434829712 17.76841163635254 -4.588770866394043
-1.6855002641677856 17.6895751953125 -4.5845232009887695
-1.5514219999313354 17.576459884643555 -4.568224906921387
-1.4456475973129272 17.790616989135742 -4.635677337646484
-1.3103671073913574 17.64592742919922 -4.609886646270752
-1.1830075979232788 17.587005615234375 -4.6065802574157715
-1.058742642402649 17.599559783935547 -4.619759559631348
-0.9367198944091797 17.615488052368164 -4.63162899017334
-0.8103420734405518 17.539997100830078 -4.619654655456543
-0.693648636341095 17.682531356811523 -4.665355682373047
-0.5666764378547668 17.568069458007812 -4.64142370223999
-0.44275519251823425 17.585573196411133 -4.649840354919434
-0.3197917640209198 17.549318313598633 -4.644199371337891
-0.1977388858795166 17.557519912719727 -4.650545120239258
-0.07554405927658081 17.523744583129883 -4.644343852996826
0.04646195471286774 17.557905197143555 -4.653066158294678
0.16924865543842316 17.636524200439453 -4.673793792724609
0.2925141155719757 17.54057502746582 -4.648488521575928
0.4159950911998749 17.5988826751709 -4.663107395172119
0.541414201259613 17.698781967163086 -4.685154914855957
0.6655348539352417 17.722318649291992 -4.687177658081055
0.7856416702270508 17.64688491821289 -4.663261890411377
0.9139145612716675 17.706501007080078 -4.674525260925293
1.0371308326721191 17.702213287353516 -4.665038585662842
1.165897250175476 17.78000259399414 -4.6773600578308105
1.2937551736831665 17.830493927001953 -4.68267297744751
1.4136871099472046 17.770837783813477 -4.659205436706543
1.5580004453659058 17.974987030029297 -4.700112342834473
1.6854197978973389 17.989971160888672 -4.6918416023254395
1.813252568244934 18.00404167175293 -4.683517932891846
1.9363704919815063 17.97208023071289 -4.6634602546691895
2.0666191577911377 18.004121780395508 -4.656165599822998
2.205038547515869 18.08022689819336 -4.659680366516113
2.3435072898864746 18.162996292114258 -4.665246963500977
2.4841272830963135 18.25225257873535 -4.672556400299072
2.5962092876434326 18.131303787231445 -4.6229023933410645
2.7489407062530518 18.290813446044922 -4.643949031829834
2.9022581577301025 18.437917709350586 -4.661716938018799
3.0334432125091553 18.422727584838867 -4.638189315795898
3.1844642162323 18.534507751464844 -4.644399166107178
3.322563409805298 18.563312530517578 -4.628334045410156
3.467603921890259 18.624643325805664 -4.620429515838623
3.6092000007629395 18.662521362304688 -4.606791973114014
3.767385482788086 18.76641273498535 -4.60719633102417
3.933382034301758 18.9107666015625 -4.615859031677246
4.063330173492432 18.875417709350586 -4.580647945404053
4.244036674499512 19.069246292114258 -4.601027965545654
4.394690990447998 19.117202758789062 -4.5849080085754395
4.585381984710693 19.31963539123535 -4.60271692276001
4.706298351287842 19.232431411743164 -4.551998615264893
4.886708736419678 19.384410858154297 -4.557941913604736
5.063771724700928 19.51285171508789 -4.5576019287109375
5.235067844390869 19.610944747924805 -4.547243595123291
5.398345947265625 19.662979125976562 -4.525493621826172
5.572564601898193 19.758275985717773 -4.514172077178955
5.79402494430542 20.009769439697266 -4.538079261779785
0.0 0.0 0.0
6.1541314125061035 20.19732093811035 -4.5073561668396
6.352164268493652 20.330171585083008 -4.499622821807861
6.547641277313232 20.45461082458496 -4.490273475646973
6.752262592315674 20.59964942932129 -4.482818126678467
6.954623222351074 20.728418350219727 -4.4707794189453125
7.144045829772949 20.811994552612305 -4.448700428009033
7.333699703216553 20.89032554626465 -4.425257682800293
7.5819220542907715 21.118022918701172 -4.430625915527344
7.838048934936523 21.362234115600586 -4.438355445861816
7.983560085296631 21.298736572265625 -4.3818278312683105
8.26982307434082 21.603252410888672 -4.400557994842529
8.543715476989746 21.86240577697754 -4.407805442810059
8.761701583862305 21.961320877075195 -4.380091190338135
8.993085861206055 22.094804763793945 -4.359644889831543
9.243130683898926 22.265159606933594 -4.345774173736572
9.522929191589355 22.497112274169922 -4.342105388641357
9.811670303344727 22.736963272094727 -4.337347984313965
10.034234046936035 22.807344436645508 -4.298640727996826
10.33247184753418 23.048988342285156 -4.292394638061523
10.624905586242676 23.266836166381836 -4.279841423034668
10.858149528503418 23.34549331665039 -4.239373683929443
0.0 0.0 0.0
11.53520393371582 23.91547966003418 -4.229015350341797
11.81311321258545 24.0628662109375 -4.19741678237915
12.088519096374512 24.1973819732666 -4.161428928375244
12.422362327575684 24.439393997192383 -4.14285135269165
12.790356636047363 24.736351013183594 -4.132091999053955
0.0 0.0 0.0
0.0 0.0 0.0
13.984635353088379 25.712434768676758 -4.096375942230225
14.289884567260742 25.844663619995117 -4.0502824783325195
0.0 0.0 0.0
15.179048538208008 26.57469940185547 -4.020586013793945
15.551715850830078 26.78476905822754 -3.9772439002990723
15.99953842163086 27.11951446533203 -3.9518582820892334
0.0 0.0 0.0
0.0 0.0 0.0
0.0 0.0 0.0
0.0 0.0 0.0
18.525217056274414 29.032840728759766 -3.797985553741455
0.0 0.0 0.0
0.0 0.0 0.0
0.0 0.0 0.0
0.0 0.0 0.0
0.0 0.0 0.0
0.0 0.0 0.0
0.0 0.0 0.0
0.0 0.0 0.0
0.0 0.0 0.0
0.0 0.0 0.0
0.0 0.0 0.0
0.0 0.0 0.0
0.0 0.0 0.0
0.0 0.0 0.0
0.0 0.0 0.0
0.0 0.0 0.0
0.0 0.0 0.0
0.0 0.0 0.0
0.0 0.0 0.0
0.0 0.0 0.0
0.0 0.0 0.0
0.0 0.0 0.0
0.0 0.0 0.0
0.0 0.0 0.0
0.0 0.0 0.0
0.0 0.0 0.0
0.0 0.0 0.0
0.0 0.0 0.0
0.0 0.0 0.0
0.0 0.0 0.0
0.0 0.0 0.0
0.0 0.0 0.0
0.0 0.0 0.0
0.0 0.0 0.0
0.0 0.0 0.0
0.0 0.0 0.0
0.0 0.0 0.0
0.0 0.0 0.0
0.0 0.0 0.0
0.0 0.0 0.0
0.0 0.0 0.0
0.0 0.0 0.0
0.0 0.0 0.0
0.0 0.0 0.0
0.0 0.0 0.0
0.0 0.0 0.0
0.0 0.0 0.0
0.0 0.0 0.0
0.0 0.0 0.0
0.0 0.0 0.0
0.0 0.0 0.0
0.0 0.0 0.0
0.0 0.0 0.0
0.0 0.0 0.0
0.0 0.0 0.0
0.0 0.0 0.0
0.0 0.0 0.0
0.0 0.0 0.0
0.0 0.0 0.0
0.0 0.0 0.0
0.0 0.0 0.0
0.0 0.0 0.0
0.0 0.0 0.0
0.0 0.0 0.0
0.0 0.0 0.0
0.0 0.0 0.0
0.0 0.0 0.0
0.0 0.0 0.0
0.0 0.0 0.0
0.0 0.0 0.0
0.0 0.0 0.0
0.0 0.0 0.0
0.0 0.0 0.0
0.0 0.0 0.0
0.0 0.0 0.0
0.0 0.0 0.0
0.0 0.0 0.0
0.0 0.0 0.0
0.0 0.0 0.0
0.0 0.0 0.0
0.0 0.0 0.0
0.0 0.0 0.0
0.0 0.0 0.0
0.0 0.0 0.0
0.0 0.0 0.0
0.0 0.0 0.0
0.0 0.0 0.0
0.0 0.0 0.0
0.0 0.0 0.0
0.0 0.0 0.0
0.0 0.0 0.0
0.0 0.0 0.0
0.0 0.0 0.0
0.0 0.0 0.0
0.0 0.0 0.0
0.0 0.0 0.0
0.0 0.0 0.0
0.0 0.0 0.0
0.0 0.0 0.0
0.0 0.0 0.0
0.0 0.0 0.0
0.0 0.0 0.0
0.0 0.0 0.0
0.0 0.0 0.0
0.0 0.0 0.0
0.0 0.0 0.0
0.0 0.0 0.0
0.0 0.0 0.0
0.0 0.0 0.0
0.0 0.0 0.0
0.0 0.0 0.0
0.0 0.0 0.0
0.0 0.0 0.0
0.0 0.0 0.0
0.0 0.0 0.0
0.0 0.0 0.0
0.0 0.0 0.0
0.0 0.0 0.0
0.0 0.0 0.0
0.0 0.0 0.0
0.0 0.0 0.0
0.0 0.0 0.0
0.0 0.0 0.0
0.0 0.0 0.0
0.0 0.0 0.0
0.0 0.0 0.0
0.0 0.0 0.0
0.0 0.0 0.0
0.0 0.0 0.0
0.0 0.0 0.0
0.0 0.0 0.0
0.0 0.0 0.0
0.0 0.0 0.0
0.0 0.0 0.0
0.0 0.0 0.0
0.0 0.0 0.0
0.0 0.0 0.0
0.0 0.0 0.0
0.0 0.0 0.0
0.0 0.0 0.0
0.0 0.0 0.0
0.0 0.0 0.0
0.0 0.0 0.0
0.0 0.0 0.0
0.0 0.0 0.0
0.0 0.0 0.0
0.0 0.0 0.0
0.0 0.0 0.0
0.0 0.0 0.0
0.0 0.0 0.0
0.0 0.0 0.0
0.0 0.0 0.0
0.0 0.0 0.0
0.0 0.0 0.0
0.0 0.0 0.0
0.0 0.0 0.0
0.0 0.0 0.0
0.0 0.0 0.0
0.0 0.0 0.0
0.0 0.0 0.0
0.0 0.0 0.0
0.0 0.0 0.0
0.0 0.0 0.0
0.0 0.0 0.0
0.0 0.0 0.0
0.0 0.0 0.0
0.0 0.0 0.0
0.0 0.0 0.0
0.0 0.0 0.0
0.0 0.0 0.0
0.0 0.0 0.0
0.0 0.0 0.0
0.0 0.0 0.0
0.0 0.0 0.0
0.0 0.0 0.0
0.0 0.0 0.0
0.0 0.0 0.0
0.0 0.0 0.0
0.0 0.0 0.0
0.0 0.0 0.0
0.0 0.0 0.0
0.0 0.0 0.0
0.0 0.0 0.0
0.0 0.0 0.0
0.0 0.0 0.0
0.0 0.0 0.0
0.0 0.0 0.0
0.0 0.0 0.0
0.0 0.0 0.0
0.0 0.0 0.0
0.0 0.0 0.0
0.0 0.0 0.0
0.0 0.0 0.0
0.0 0.0 0.0
0.0 0.0 0.0
0.0 0.0 0.0
0.0 0.0 0.0
0.0 0.0 0.0
0.0 0.0 0.0
-16.905765533447266 26.581628799438477 -3.1587226390838623
0.0 0.0 0.0
0.0 0.0 0.0
0.0 0.0 0.0
0.0 0.0 0.0
0.0 0.0 0.0
0.0 0.0 0.0
-14.151226043701172 24.86170196533203 -3.4998538494110107
0.0 0.0 0.0
-13.352531433105469 24.23674201965332 -3.551487922668457
0.0 0.0 0.0
0.0 0.0 0.0
-12.2666654586792 23.41766929626465 -3.6271004676818848
-12.020724296569824 23.341815948486328 -3.6787142753601074
-11.739224433898926 23.191553115844727 -3.7168760299682617
0.0 0.0 0.0
0.0 0.0 0.0
0.0 0.0 0.0
0.0 0.0 0.0
0.0 0.0 0.0
0.0 0.0 0.0
0.0 0.0 0.0
-9.480696678161621 21.65184211730957 -3.9055705070495605
-9.276299476623535 21.59908676147461 -3.9473624229431152
-9.084711074829102 21.564847946166992 -3.991408586502075
-8.8073148727417 21.319049835205078 -3.9955971240997314
0.0 0.0 0.0
-8.35787296295166 21.056013107299805 -4.040966510772705
-8.085384368896484 20.79686737060547 -4.038302898406982
-7.863187313079834 20.649248123168945 -4.055617809295654
0.0 0.0 0.0
-7.441620826721191 20.392026901245117 -4.092517375946045
-7.263655662536621 20.343841552734375 -4.125988483428955
-7.065219402313232 20.240522384643555 -4.148744583129883
-6.868782043457031 20.127689361572266 -4.167273998260498
-6.655177593231201 19.955184936523438 -4.1714067459106445
-6.490755558013916 19.922761917114258 -4.204433441162109
-6.311862945556641 19.841594696044922 -4.227054119110107
-6.109477996826172 19.678659439086914 -4.231133460998535
-5.937408924102783 19.613693237304688 -4.254642009735107
-5.771188735961914 19.554059982299805 -4.27850866317749
-5.6143903732299805 19.522470474243164 -4.308475017547607
-5.408999443054199 19.31311798095703 -4.298460483551025
-5.250834941864014 19.264680862426758 -4.321222305297852
-5.064944267272949 19.115821838378906 -4.321791172027588
-4.919982433319092 19.10529899597168 -4.352884292602539
-4.743948459625244 18.967880249023438 -4.354933261871338
-4.589378833770752 18.90738868713379 -4.371260643005371
-4.41769552230835 18.767805099487305 -4.368962287902832
-4.283231258392334 18.79055404663086 -4.4049177169799805
-4.120524883270264 18.67439842224121 -4.407804489135742
-3.9541800022125244 18.531496047973633 -4.40138578414917
-3.83819580078125 18.622146606445312 -4.4498395919799805
-3.6775035858154297 18.491941452026367 -4.445597171783447
-3.5228283405303955 18.394393920898438 -4.449547290802002
-3.397747278213501 18.43408966064453 -4.48386287689209
-3.2403595447540283 18.293720245361328 -4.4730424880981445
-3.105459690093994 18.27189826965332 -4.49118185043335
-2.956383228302002 18.159175872802734 -4.4869866371154785
-2.8145735263824463 18.094696044921875 -4.493197441101074
-2.6960647106170654 18.164459228515625 -4.530501842498779
-2.5545616149902344 18.07569694519043 -4.52841854095459
-2.4117767810821533 17.967117309570312 -4.521365642547607
-2.287032127380371 17.985591888427734 -4.544956207275391
-2.1566452980041504 17.95876121520996 -4.5543012619018555
-2.0181610584259033 17.874711990356445 -4.549526691436768
-1.8907437324523926 17.861019134521484 -4.562491416931152
-1.7718772888183594 17.92947769165039 -4.595839977264404
-1.6381402015686035 17.84345817565918 -4.5861663818359375
-1.513169288635254 17.84317970275879 -4.59867000579834
-1.380397081375122 17.77047348022461 -4.592907428741455
-1.2529171705245972 17.72319793701172 -4.593297004699707
-1.1263014078140259 17.67987060546875 -4.590445518493652
-1.0031335353851318 17.684724807739258 -4.600302696228027
-0.8815150856971741 17.722700119018555 -4.619025230407715
-0.7547951340675354 17.699447631835938 -4.62216854095459
-0.6297144889831543 17.649940490722656 -4.6139140129089355
-0.5077541470527649 17.68271827697754 -4.627154350280762
-0.38405320048332214 17.654203414916992 -4.624578475952148
-0.26060593128204346 17.61349105834961 -4.619011878967285
-0.13675685226917267 17.71651268005371 -4.647285461425781
-0.013561660423874855 17.70929718017578 -4.645989894866943
0.10973700135946274 17.7352294921875 -4.6536173820495605
0.23302631080150604 17.722522735595703 -4.651331901550293
0.35557419061660767 17.690914154052734 -4.6408867835998535
0.4818349778652191 17.806102752685547 -4.667783260345459
0.6064888834953308 17.7655029296875 -4.6540021896362305
0.7332392334938049 17.841148376464844 -4.670949935913086
0.8554019927978516 17.795806884765625 -4.653520107269287
0.9823367595672607 17.848222732543945 -4.659931182861328
1.1106387376785278 17.90728187561035 -4.668246269226074
1.2345796823501587 17.859710693359375 -4.648869514465332
1.3682249784469604 17.974071502685547 -4.669672012329102
1.4880907535552979 17.90337371826172 -4.64017391204834
1.6180318593978882 17.952402114868164 -4.64192533493042
1.7475007772445679 17.989208221435547 -4.640692710876465
1.885825276374817 18.081762313842773 -4.652123928070068
2.0173609256744385 18.12152862548828 -4.647322654724121
2.1559038162231445 18.212974548339844 -4.6558613777160645
2.2900314331054688 18.25831413269043 -4.65272855758667
2.4121906757354736 18.205230712890625 -4.623834133148193
2.5495951175689697 18.249452590942383 -4.616126537322998
2.7070858478546143 18.43912124633789 -4.6454854011535645
2.8314566612243652 18.39525032043457 -4.616078853607178
2.9892752170562744 18.560213088989258 -4.638899326324463
3.141326427459717 18.676227569580078 -4.6454925537109375
3.270890235900879 18.65276336669922 -4.617471694946289
3.4100966453552246 18.669132232666016 -4.599118709564209
3.5701723098754883 18.804147720336914 -4.610372066497803
3.700852870941162 18.77838134765625 -4.578886032104492
3.888305425643921 19.031023025512695 -4.614783763885498
4.030831336975098 19.051475524902344 -4.5941572189331055
4.1736321449279785 19.059329986572266 -4.570202350616455
4.344888210296631 19.20063018798828 -4.575995922088623
4.496513843536377 19.248123168945312 -4.558370113372803
4.661496162414551 19.346254348754883 -4.552674770355225
4.8381667137146 19.48372459411621 -4.556037902832031
5.0016279220581055 19.549463272094727 -4.540186405181885
5.160155773162842 19.599891662597656 -4.519758224487305
5.348531723022461 19.755821228027344 -4.523456573486328
5.515972137451172 19.8255672454834 -4.507152080535889
5.732754707336426 20.063047409057617 -4.527563571929932
5.878169536590576 20.034626007080078 -4.4851975440979
6.081630229949951 20.206850051879883 -4.488204479217529
6.292304039001465 20.391904830932617 -4.493542194366455
6.464462757110596 20.44391441345215 -4.468748569488525
6.657871723175049 20.55677604675293 -4.454834938049316
6.87485933303833 20.733360290527344 -4.454272747039795
7.112061500549316 20.950796127319336 -4.4611358642578125
7.287367343902588 20.985801696777344 -4.429347515106201
7.518317699432373 21.17523193359375 -4.427389144897461
7.745898723602295 21.344486236572266 -4.420511722564697
7.976221084594727 21.511667251586914 -4.4125871658325195
8.207913398742676 21.66513442993164 -4.4004998207092285
8.413246154785156 21.749652862548828 -4.372610092163086
8.645885467529297 21.89659881591797 -4.3564300537109375
8.895356178283691 22.077045440673828 -4.346241474151611
9.207710266113281 22.40092658996582 -4.3632402420043945
9.410075187683105 22.440961837768555 -4.321718215942383
9.650245666503906 22.57217788696289 -4.297604084014893
9.977282524108887 22.89524269104004 -4.308990001678467
10.242146492004395 23.063671112060547 -4.290154933929443
10.473219871520996 23.149166107177734 -4.253693580627441
10.805944442749023 23.44143295288086 -4.252592086791992
11.079870223999023 23.6022891998291 -4.2274322509765625
11.341596603393555 23.72916603088379 -4.19542932510376
11.737085342407227 24.124557495117188 -4.208139419555664
12.002275466918945 24.238859176635742 -4.169652938842773
12.372152328491211 24.554105758666992 -4.164554595947266
12.683050155639648 24.733530044555664 -4.134064674377441
13.039881706237793 25.00089454650879 -4.116316318511963
13.508204460144043 25.46609115600586 -4.128519535064697
13.741331100463867 25.476791381835938 -4.065622329711914
14.15195083618164 25.807703018188477 -4.052728176116943
14.690168380737305 26.345924377441406 -4.066035270690918
0.0 0.0 0.0
15.39763069152832 26.732139587402344 -3.9819376468658447
0.0 0.0 0.0
16.246810913085938 27.32109260559082 -3.917874813079834
0.0 0.0 0.0
0.0 0.0 0.0
0.0 0.0 0.0
0.0 0.0 0.0
0.0 0.0 0.0
0.0 0.0 0.0
0.0 0.0 0.0
0.0 0.0 0.0
0.0 0.0 0.0
0.0 0.0 0.0
0.0 0.0 0.0
0.0 0.0 0.0
0.0 0.0 0.0
0.0 0.0 0.0
0.0 0.0 0.0
0.0 0.0 0.0
0.0 0.0 0.0
0.0 0.0 0.0
0.0 0.0 0.0
0.0 0.0 0.0
0.0 0.0 0.0
0.0 0.0 0.0
0.0 0.0 0.0
94.64238739013672 152.4162139892578 32.403099060058594
0.0 0.0 0.0
0.0 0.0 0.0
0.0 0.0 0.0
0.0 0.0 0.0
0.0 0.0 0.0
0.0 0.0 0.0
0.0 0.0 0.0
0.0 0.0 0.0
0.0 0.0 0.0
0.0 0.0 0.0
0.0 0.0 0.0
0.0 0.0 0.0
0.0 0.0 0.0
0.0 0.0 0.0
0.0 0.0 0.0
0.0 0.0 0.0
0.0 0.0 0.0
0.0 0.0 0.0
0.0 0.0 0.0
0.0 0.0 0.0
0.0 0.0 0.0
0.0 0.0 0.0
0.0 0.0 0.0
0.0 0.0 0.0
0.0 0.0 0.0
0.0 0.0 0.0
0.0 0.0 0.0
0.0 0.0 0.0
0.0 0.0 0.0
0.0 0.0 0.0
0.0 0.0 0.0
0.0 0.0 0.0
0.0 0.0 0.0
0.0 0.0 0.0
0.0 0.0 0.0
0.0 0.0 0.0
0.0 0.0 0.0
0.0 0.0 0.0
0.0 0.0 0.0
0.0 0.0 0.0
0.0 0.0 0.0
0.0 0.0 0.0
0.0 0.0 0.0
0.0 0.0 0.0
0.0 0.0 0.0
0.0 0.0 0.0
0.0 0.0 0.0
0.0 0.0 0.0
0.0 0.0 0.0
0.0 0.0 0.0
0.0 0.0 0.0
0.0 0.0 0.0
0.0 0.0 0.0
0.0 0.0 0.0
0.0 0.0 0.0
0.0 0.0 0.0
0.0 0.0 0.0
0.0 0.0 0.0
0.0 0.0 0.0
0.0 0.0 0.0
0.0 0.0 0.0
0.0 0.0 0.0
0.0 0.0 0.0
0.0 0.0 0.0
0.0 0.0 0.0
0.0 0.0 0.0
0.0 0.0 0.0
0.0 0.0 0.0
0.0 0.0 0.0
0.0 0.0 0.0
0.0 0.0 0.0
0.0 0.0 0.0
0.0 0.0 0.0
0.0 0.0 0.0
0.0 0.0 0.0
0.0 0.0 0.0
0.0 0.0 0.0
0.0 0.0 0.0
0.0 0.0 0.0
0.0 0.0 0.0
0.0 0.0 0.0
0.0 0.0 0.0
0.0 0.0 0.0
0.0 0.0 0.0
0.0 0.0 0.0
0.0 0.0 0.0
0.0 0.0 0.0
0.0 0.0 0.0
0.0 0.0 0.0
0.0 0.0 0.0
0.0 0.0 0.0
0.0 0.0 0.0
0.0 0.0 0.0
0.0 0.0 0.0
0.0 0.0 0.0
0.0 0.0 0.0
0.0 0.0 0.0
0.0 0.0 0.0
0.0 0.0 0.0
0.0 0.0 0.0
0.0 0.0 0.0
0.0 0.0 0.0
0.0 0.0 0.0
0.0 0.0 0.0
0.0 0.0 0.0
0.0 0.0 0.0
0.0 0.0 0.0
0.0 0.0 0.0
0.0 0.0 0.0
0.0 0.0 0.0
0.0 0.0 0.0
0.0 0.0 0.0
0.0 0.0 0.0
0.0 0.0 0.0
0.0 0.0 0.0
0.0 0.0 0.0
0.0 0.0 0.0
0.0 0.0 0.0
0.0 0.0 0.0
0.0 0.0 0.0
0.0 0.0 0.0
0.0 0.0 0.0
0.0 0.0 0.0
0.0 0.0 0.0
0.0 0.0 0.0
0.0 0.0 0.0
0.0 0.0 0.0
0.0 0.0 0.0
0.0 0.0 0.0
0.0 0.0 0.0
0.0 0.0 0.0
0.0 0.0 0.0
0.0 0.0 0.0
0.0 0.0 0.0
0.0 0.0 0.0
0.0 0.0 0.0
0.0 0.0 0.0
0.0 0.0 0.0
0.0 0.0 0.0
0.0 0.0 0.0
0.0 0.0 0.0
0.0 0.0 0.0
0.0 0.0 0.0
0.0 0.0 0.0
0.0 0.0 0.0
0.0 0.0 0.0
0.0 0.0 0.0
0.0 0.0 0.0
0.0 0.0 0.0
0.0 0.0 0.0
0.0 0.0 0.0
0.0 0.0 0.0
0.0 0.0 0.0
0.0 0.0 0.0
0.0 0.0 0.0
0.0 0.0 0.0
0.0 0.0 0.0
0.0 0.0 0.0
0.0 0.0 0.0
0.0 0.0 0.0
0.0 0.0 0.0
0.0 0.0 0.0
0.0 0.0 0.0
0.0 0.0 0.0
0.0 0.0 0.0
0.0 0.0 0.0
0.0 0.0 0.0
0.0 0.0 0.0
0.0 0.0 0.0
0.0 0.0 0.0
0.0 0.0 0.0
0.0 0.0 0.0
0.0 0.0 0.0
0.0 0.0 0.0
0.0 0.0 0.0
0.0 0.0 0.0
0.0 0.0 0.0
0.0 0.0 0.0
0.0 0.0 0.0
0.0 0.0 0.0
0.0 0.0 0.0
0.0 0.0 0.0
-15.442452430725098 25.64349937438965 -3.3146016597747803
-15.078561782836914 25.446258544921875 -3.3689630031585693
0.0 0.0 0.0
0.0 0.0 0.0
0.0 0.0 0.0
0.0 0.0 0.0
0.0 0.0 0.0
-12.803016662597656 23.829425811767578 -3.566647529602051
0.0 0.0 0.0
0.0 0.0 0.0
0.0 0.0 0.0
0.0 0.0 0.0
0.0 0.0 0.0
-11.012228965759277 22.733484268188477 -3.7633981704711914
-10.73497486114502 22.55977439880371 -3.790252923965454
0.0 0.0 0.0
0.0 0.0 0.0
0.0 0.0 0.0
0.0 0.0 0.0
0.0 0.0 0.0
0.0 0.0 0.0
0.0 0.0 0.0
0.0 0.0 0.0
-8.426511764526367 21.01930809020996 -3.9778451919555664
0.0 0.0 0.0
0.0 0.0 0.0
-7.8078155517578125 20.72078514099121 -4.057648658752441
0.0 0.0 0.0
-7.397097110748291 20.499309539794922 -4.102011203765869
-7.174174785614014 20.323991775512695 -4.109981536865234
-6.9958086013793945 20.266626358032227 -4.13892936706543
0.0 0.0 0.0
-6.617042541503906 20.078922271728516 -4.181849002838135
-6.447329998016357 20.0314998626709 -4.212218284606934
-6.221212863922119 19.8005428314209 -4.201040267944336
-6.059197902679443 19.76520347595215 -4.230705261230469
-5.870576858520508 19.63691520690918 -4.240253925323486
-5.675497055053711 19.477651596069336 -4.242663383483887
-5.519402027130127 19.45367431640625 -4.272671222686768
-5.35439920425415 19.38383674621582 -4.291118621826172
-5.208476543426514 19.379039764404297 -4.323946952819824
-5.009785175323486 19.16998863220215 -4.310944557189941
-4.856545925140381 19.12602996826172 -4.333029270172119
-4.709972858428955 19.11492156982422 -4.3618059158325195
-4.524536609649658 18.9279727935791 -4.349728584289551
-4.392703533172607 18.958511352539062 -4.387518405914307
-4.222370624542236 18.817371368408203 -4.384230136871338
-4.062966346740723 18.716264724731445 -4.388033866882324
-3.927065134048462 18.7297306060791 -4.41921854019165
-3.771627187728882 18.633682250976562 -4.424113750457764
-3.6236331462860107 18.566457748413086 -4.43494176864624
-3.4839251041412354 18.536096572875977 -4.45167875289917
-3.3408942222595215 18.482227325439453 -4.462810039520264
-3.1995949745178223 18.4462890625 -4.478786468505859
-3.0583102703094482 18.39031410217285 -4.489283084869385
-2.9055168628692627 18.255382537841797 -4.476775646209717
-2.7678799629211426 18.20558738708496 -4.48512601852417
-2.652845621109009 18.304967880249023 -4.530473709106445
-2.50185227394104 18.151796340942383 -4.5134453773498535
-2.3740897178649902 18.17526626586914 -4.536963939666748
-2.227238178253174 18.028453826904297 -4.5172882080078125
-2.1002254486083984 18.031110763549805 -4.535112380981445
-1.9653205871582031 17.9613094329834 -4.534867763519287
-1.8468378782272339 18.038253784179688 -4.568518161773682
-1.7083733081817627 17.937602996826172 -4.556416988372803
-1.58381187915802 17.952735900878906 -4.5736565589904785
-1.4620095491409302 18.000938415527344 -4.5995659828186035
-1.3270589113235474 17.879114151000977 -4.57938814163208
-1.20529043674469 17.92667579650879 -4.600882053375244
-1.0697171688079834 17.788408279418945 -4.575008869171143
-0.9501784443855286 17.871978759765625 -4.606213092803955
-0.8257011771202087 17.87590217590332 -4.6149797439575195
-0.7007294297218323 17.86444854736328 -4.617459774017334
-0.575713038444519 17.844560623168945 -4.617972373962402
-0.44964638352394104 17.861631393432617 -4.628382205963135
-0.3239918053150177 17.783676147460938 -4.612643718719482
-0.20025810599327087 17.785018920898438 -4.614505290985107
-0.0771220251917839 17.895145416259766 -4.6448235511779785
0.0472143217921257 17.83426856994629 -4.630988121032715
0.1714354008436203 17.848379135131836 -4.635885715484619
0.2970128655433655 17.805850982666016 -4.622330188751221
0.42209431529045105 17.85319709777832 -4.6323699951171875
0.5473732948303223 17.888328552246094 -4.639458656311035
0.6765804886817932 18.013357162475586 -4.669723987579346
0.7984839677810669 17.9307861328125 -4.641791343688965
0.930690586566925 18.028602600097656 -4.660672187805176
1.0501493215560913 17.92164421081543 -4.626952171325684
1.1788088083267212 17.976198196411133 -4.6351704597473145
1.3043283224105835 17.974275588989258 -4.624673843383789
1.4319977760314941 17.997943878173828 -4.620682239532471
1.567050576210022 18.077136993408203 -4.6309428215026855
1.6987212896347046 18.129100799560547 -4.634539604187012
1.8331490755081177 18.1998233795166 -4.6394147872924805
1.9669709205627441 18.254730224609375 -4.639477252960205
2.09257435798645 18.229639053344727 -4.619395732879639
2.235308885574341 18.327571868896484 -4.630406856536865
2.3783905506134033 18.432819366455078 -4.64073371887207
2.4990451335906982 18.36079978942871 -4.605118751525879
2.639633893966675 18.434349060058594 -4.6062331199646
2.7860140800476074 18.53684425354004 -4.614597320556641
2.925804853439331 18.586214065551758 -4.607776641845703
3.072445869445801 18.657249450683594 -4.603823184967041
3.251338243484497 18.922025680541992 -4.647864818572998
3.3658313751220703 18.804027557373047 -4.597911834716797
3.516369104385376 18.8872127532959 -4.596207618713379
3.675175666809082 19.003368377685547 -4.599732398986816
3.8073549270629883 18.965110778808594 -4.565551280975342
3.9716453552246094 19.09380340576172 -4.572058200836182
4.114752292633057 19.113418579101562 -4.551950931549072
4.278207302093506 19.221799850463867 -4.549874782562256
4.43129301071167 19.276945114135742 -4.535151481628418
4.616811275482178 19.4527530670166 -4.548145294189453
4.770890712738037 19.49791145324707 -4.530925750732422
4.95505428314209 19.65705108642578 -4.536900043487549
5.135800361633301 19.792566299438477 -4.536952495574951
5.2814459800720215 19.78647804260254 -4.504446983337402
5.5023369789123535 20.043764114379883 -4.531113624572754
5.660553455352783 20.072254180908203 -4.503886699676514
5.796215057373047 20.01888656616211 -4.457665920257568
6.024825096130371 20.27957534790039 -4.481174945831299
6.2005615234375 20.351696014404297 -4.462560653686523
6.41569185256958 20.53517723083496 -4.465757846832275
6.608164310455322 20.644670486450195 -4.451771259307861
6.809637546539307 20.774330139160156 -4.4417853355407715
7.00335168838501 20.873220443725586 -4.424927234649658
7.218739032745361 21.028602600097656 -4.418647766113281
7.4506964683532715 21.22212791442871 -4.418232440948486
7.659913539886475 21.33334732055664 -4.399421691894531
7.869551658630371 21.447141647338867 -4.381529331207275
8.120262145996094 21.663394927978516 -4.3833818435668945
8.36080551147461 21.841739654541016 -4.375007152557373
8.553752899169922 21.88910675048828 -4.340006351470947
8.810461044311523 22.083759307861328 -4.3328986167907715
9.073186874389648 22.29126739501953 -4.328047752380371
9.392608642578125 22.624433517456055 -4.344408988952637
9.565836906433105 22.59646987915039 -4.290707111358643
9.799932479858398 22.708518981933594 -4.263434886932373
10.124205589294434 23.011241912841797 -4.270043849945068
10.415949821472168 23.234710693359375 -4.259471893310547
10.738716125488281 23.514848709106445 -4.258042335510254
0.0 0.0 0.0
0.0 0.0 0.0
11.598969459533691 24.049789428710938 -4.1891303062438965
11.922029495239258 24.286636352539062 -4.173137187957764
0.0 0.0 0.0
0.0 0.0 0.0
0.0 0.0 0.0
13.298314094543457 25.287025451660156 -4.1000261306762695
13.737942695617676 25.679332733154297 -4.098549842834473
0.0 0.0 0.0
14.366140365600586 25.979406356811523 -4.0134992599487305
14.815423965454102 26.357704162597656 -4.003073215484619
0.0 0.0 0.0
0.0 0.0 0.0
0.0 0.0 0.0
0.0 0.0 0.0
0.0 0.0 0.0
0.0 0.0 0.0
0.0 0.0 0.0
0.0 0.0 0.0
0.0 0.0 0.0
0.0 0.0 0.0
0.0 0.0 0.0
0.0 0.0 0.0
0.0 0.0 0.0
0.0 0.0 0.0
0.0 0.0 0.0
0.0 0.0 0.0
0.0 0.0 0.0
0.0 0.0 0.0
0.0 0.0 0.0
0.0 0.0 0.0
0.0 0.0 0.0
0.0 0.0 0.0
0.0 0.0 0.0
0.0 0.0 0.0
0.0 0.0 0.0
0.0 0.0 0.0
0.0 0.0 0.0
0.0 0.0 0.0
0.0 0.0 0.0
0.0 0.0 0.0
0.0 0.0 0.0
0.0 0.0 0.0
0.0 0.0 0.0
0.0 0.0 0.0
0.0 0.0 0.0
0.0 0.0 0.0
0.0 0.0 0.0
0.0 0.0 0.0
0.0 0.0 0.0
0.0 0.0 0.0
0.0 0.0 0.0
0.0 0.0 0.0
0.0 0.0 0.0
0.0 0.0 0.0
0.0 0.0 0.0
0.0 0.0 0.0
0.0 0.0 0.0
0.0 0.0 0.0
0.0 0.0 0.0
0.0 0.0 0.0
0.0 0.0 0.0
0.0 0.0 0.0
0.0 0.0 0.0
0.0 0.0 0.0
0.0 0.0 0.0
0.0 0.0 0.0
0.0 0.0 0.0
0.0 0.0 0.0
0.0 0.0 0.0
0.0 0.0 0.0
0.0 0.0 0.0
0.0 0.0 0.0
0.0 0.0 0.0
0.0 0.0 0.0
0.0 0.0 0.0
0.0 0.0 0.0
0.0 0.0 0.0
0.0 0.0 0.0
0.0 0.0 0.0
0.0 0.0 0.0
0.0 0.0 0.0
0.0 0.0 0.0
0.0 0.0 0.0
0.0 0.0 0.0
0.0 0.0 0.0
0.0 0.0 0.0
0.0 0.0 0.0
0.0 0.0 0.0
0.0 0.0 0.0
0.0 0.0 0.0
0.0 0.0 0.0
0.0 0.0 0.0
0.0 0.0 0.0
0.0 0.0 0.0
0.0 0.0 0.0
0.0 0.0 0.0
0.0 0.0 0.0
0.0 0.0 0.0
0.0 0.0 0.0
0.0 0.0 0.0
0.0 0.0 0.0
0.0 0.0 0.0
0.0 0.0 0.0
0.0 0.0 0.0
0.0 0.0 0.0
0.0 0.0 0.0
0.0 0.0 0.0
0.0 0.0 0.0
0.0 0.0 0.0
0.0 0.0 0.0
0.0 0.0 0.0
0.0 0.0 0.0
0.0 0.0 0.0
0.0 0.0 0.0
0.0 0.0 0.0
0.0 0.0 0.0
0.0 0.0 0.0
0.0 0.0 0.0
0.0 0.0 0.0
0.0 0.0 0.0
0.0 0.0 0.0
0.0 0.0 0.0
0.0 0.0 0.0
0.0 0.0 0.0
0.0 0.0 0.0
0.0 0.0 0.0
0.0 0.0 0.0
0.0 0.0 0.0
0.0 0.0 0.0
0.0 0.0 0.0
0.0 0.0 0.0
0.0 0.0 0.0
0.0 0.0 0.0
0.0 0.0 0.0
0.0 0.0 0.0
0.0 0.0 0.0
0.0 0.0 0.0
0.0 0.0 0.0
0.0 0.0 0.0
0.0 0.0 0.0
0.0 0.0 0.0
0.0 0.0 0.0
0.0 0.0 0.0
0.0 0.0 0.0
0.0 0.0 0.0
0.0 0.0 0.0
0.0 0.0 0.0
0.0 0.0 0.0
0.0 0.0 0.0
0.0 0.0 0.0
0.0 0.0 0.0
0.0 0.0 0.0
0.0 0.0 0.0
0.0 0.0 0.0
0.0 0.0 0.0
0.0 0.0 0.0
0.0 0.0 0.0
0.0 0.0 0.0
0.0 0.0 0.0
0.0 0.0 0.0
0.0 0.0 0.0
0.0 0.0 0.0
0.0 0.0 0.0
0.0 0.0 0.0
0.0 0.0 0.0
0.0 0.0 0.0
0.0 0.0 0.0
0.0 0.0 0.0
0.0 0.0 0.0
0.0 0.0 0.0
0.0 0.0 0.0
0.0 0.0 0.0
0.0 0.0 0.0
0.0 0.0 0.0
0.0 0.0 0.0
0.0 0.0 0.0
0.0 0.0 0.0
0.0 0.0 0.0
0.0 0.0 0.0
0.0 0.0 0.0
0.0 0.0 0.0
0.0 0.0 0.0
0.0 0.0 0.0
0.0 0.0 0.0
0.0 0.0 0.0
0.0 0.0 0.0
0.0 0.0 0.0
0.0 0.0 0.0
0.0 0.0 0.0
0.0 0.0 0.0
0.0 0.0 0.0
0.0 0.0 0.0
0.0 0.0 0.0
0.0 0.0 0.0
0.0 0.0 0.0
0.0 0.0 0.0
0.0 0.0 0.0
0.0 0.0 0.0
0.0 0.0 0.0
0.0 0.0 0.0
0.0 0.0 0.0
0.0 0.0 0.0
0.0 0.0 0.0
0.0 0.0 0.0
0.0 0.0 0.0
0.0 0.0 0.0
0.0 0.0 0.0
0.0 0.0 0.0
0.0 0.0 0.0
0.0 0.0 0.0
0.0 0.0 0.0
0.0 0.0 0.0
0.0 0.0 0.0
0.0 0.0 0.0
0.0 0.0 0.0
0.0 0.0 0.0
0.0 0.0 0.0
0.0 0.0 0.0
0.0 0.0 0.0
0.0 0.0 0.0
0.0 0.0 0.0
-15.235368728637695 25.50141143798828 -3.318277359008789
-14.677658081054688 24.963171005249023 -3.322334051132202
0.0 0.0 0.0
0.0 0.0 0.0
0.0 0.0 0.0
0.0 0.0 0.0
0.0 0.0 0.0
0.0 0.0 0.0
-12.428643226623535 23.724939346313477 -3.6240031719207764
0.0 0.0 0.0
0.0 0.0 0.0
-11.591056823730469 23.29747772216797 -3.740290641784668
0.0 0.0 0.0
-10.911689758300781 22.72100830078125 -3.760880708694458
-10.597734451293945 22.474111557006836 -3.776327610015869
0.0 0.0 0.0
0.0 0.0 0.0
0.0 0.0 0.0
0.0 0.0 0.0
0.0 0.0 0.0
0.0 0.0 0.0
-8.848623275756836 21.417755126953125 -3.9495370388031006
-8.63767147064209 21.327045440673828 -3.980358362197876
-8.361851692199707 21.066308975219727 -3.9785919189453125
-8.176616668701172 21.03350257873535 -4.018339157104492
0.0 0.0 0.0
0.0 0.0 0.0
-7.534979343414307 20.648929595947266 -4.075879096984863
-7.352913856506348 20.594369888305664 -4.10719633102417
-7.11647891998291 20.386920928955078 -4.107333660125732
-6.93795919418335 20.329059600830078 -4.136394023895264
-6.73996114730835 20.207853317260742 -4.15225887298584
-6.589066982269287 20.223665237426758 -4.194820880889893
-6.355907440185547 19.97931480407715 -4.181746482849121
-6.157176971435547 19.83160400390625 -4.188235759735107
-5.948520660400391 19.649747848510742 -4.187594890594482
-5.802528381347656 19.660184860229492 -4.226064205169678
-5.6345601081848145 19.59265899658203 -4.245879173278809
-5.465900421142578 19.51636505126953 -4.263609409332275
-5.30159330368042 19.449748992919922 -4.283311367034912
-5.151674270629883 19.441469192504883 -4.315942287445068
-4.961124897003174 19.26190948486328 -4.307224750518799
-4.807471752166748 19.217758178710938 -4.328584671020508
-4.653013706207275 19.16495704650879 -4.34793758392334
-4.48627233505249 19.055288314819336 -4.354292392730713
-4.339261531829834 19.03458595275879 -4.378115653991699
-4.159858226776123 18.852384567260742 -4.364043712615967
-4.026937007904053 18.873579025268555 -4.396971702575684
-3.8607277870178223 18.733469009399414 -4.392328262329102
-3.725240468978882 18.734458923339844 -4.4178080558776855
-3.573455572128296 18.660175323486328 -4.425266742706299
-3.4326863288879395 18.625564575195312 -4.441747188568115
-3.2945597171783447 18.601123809814453 -4.460747718811035
-3.1361632347106934 18.45252799987793 -4.447491645812988
-3.009661912918091 18.486827850341797 -4.476883411407471
-2.864309549331665 18.41537094116211 -4.48116397857666
-2.714050531387329 18.286245346069336 -4.470989227294922
-2.5859463214874268 18.299203872680664 -4.493836879730225
-2.439819097518921 18.176349639892578 -4.481151103973389
-2.3252012729644775 18.28572654724121 -4.525903224945068
-2.1861073970794678 18.2022705078125 -4.523150444030762
-2.068133592605591 18.314157485961914 -4.568294048309326
-1.923424482345581 18.16570281982422 -4.545202255249023
-1.785603642463684 18.06522560119629 -4.534143924713135
-1.6593255996704102 18.07316780090332 -4.550434589385986
-1.533831000328064 18.08786964416504 -4.568143367767334
-1.4016168117523193 18.0461483001709 -4.567829608917236
-1.2782962322235107 18.08646583557129 -4.588308811187744
-1.1471307277679443 18.012569427490234 -4.580020427703857
-1.019628643989563 17.98309898376465 -4.583183765411377
-0.8926135301589966 17.95001220703125 -4.581147193908691
-0.7668138146400452 17.984203338623047 -4.596433162689209
-0.6433266401290894 18.028799057006836 -4.614508152008057
-0.515431821346283 17.943931579589844 -4.599658489227295
-0.3909338116645813 17.961244583129883 -4.607319355010986
-0.26554930210113525 17.940073013305664 -4.6044511795043945
-0.13843537867069244 17.921815872192383 -4.602596282958984
-0.013845589943230152 17.97077178955078 -4.61818265914917
0.11165369302034378 18.034780502319336 -4.634579658508301
0.2360309511423111 17.954538345336914 -4.61255407333374
0.362947553396225 18.055009841918945 -4.637176990509033
0.4869743585586548 17.995731353759766 -4.620991230010986
0.6166061162948608 18.057167053222656 -4.633401393890381
0.7403362989425659 18.008657455444336 -4.615586757659912
0.8692368865013123 18.08025360107422 -4.6287713050842285
0.9961798191070557 18.09424591064453 -4.627399444580078
1.1268326044082642 18.164430618286133 -4.638866901397705
1.2579078674316406 18.192720413208008 -4.636778831481934
1.3813121318817139 18.144691467285156 -4.615640163421631
1.5155333280563354 18.231658935546875 -4.629032135009766
1.6504360437393188 18.31035804748535 -4.639396667480469
1.7834687232971191 18.35878562927246 -4.638620376586914
1.9077428579330444 18.293027877807617 -4.608992099761963
2.042332887649536 18.34711265563965 -4.610008239746094
2.18505859375 18.46050453186035 -4.625715732574463
2.305534839630127 18.38192367553711 -4.589381217956543
2.453411817550659 18.516813278198242 -4.606497764587402
2.5987792015075684 18.60150718688965 -4.610843658447266
2.7238574028015137 18.553945541381836 -4.582868576049805
2.877974510192871 18.69767189025879 -4.598541736602783
3.0216004848480225 18.761577606201172 -4.5941386222839355
3.161710023880005 18.798208236694336 -4.5831618309021
3.308519124984741 18.867454528808594 -4.58019495010376
3.460230827331543 18.94338607788086 -4.575639724731445
3.6143438816070557 19.03741455078125 -4.574678897857666
3.7708139419555664 19.133953094482422 -4.574240207672119
3.9134373664855957 19.154748916625977 -4.555749893188477
4.0741777420043945 19.256738662719727 -4.55470085144043
4.235596656799316 19.34258270263672 -4.54758882522583
4.410427093505859 19.490673065185547 -4.555402755737305
4.558938026428223 19.5148983001709 -4.5341901779174805
4.722228050231934 19.597530364990234 -4.525424480438232
4.892594814300537 19.701528549194336 -4.519099712371826
5.080237865447998 19.85541534423828 -4.5234551429748535
5.227960586547852 19.856918334960938 -4.493539333343506
5.417980670928955 20.012102127075195 -4.497869491577148
5.587164402008057 20.081541061401367 -4.480072498321533
5.786970138549805 20.252456665039062 -4.48463773727417
6.011403560638428 20.487062454223633 -4.502152442932129
6.163182735443115 20.474903106689453 -4.465750217437744
6.327111721038818 20.502426147460938 -4.43543815612793
6.578238487243652 20.802322387695312 -4.463430881500244
6.748957633972168 20.837648391723633 -4.434154987335205
6.927706241607666 20.893388748168945 -4.409149646759033
7.136373043060303 21.023418426513672 -4.396852016448975
7.364854335784912 21.21034812927246 -4.395944118499756
7.633524417877197 21.500011444091797 -4.415491580963135
7.808479309082031 21.51662826538086 -4.378444194793701
8.041287422180176 21.686874389648438 -4.370889663696289
8.26351547241211 21.81116485595703 -4.351684093475342
8.523815155029297 22.034669876098633 -4.352415084838867
8.765077590942383 22.19851303100586 -4.340611457824707
8.98613166809082 22.30323028564453 -4.315675258636475
9.264934539794922 22.541250228881836 -4.31456995010376
9.50869083404541 22.67621612548828 -4.2921223640441895
9.762594223022461 22.834678649902344 -4.274308681488037
10.072702407836914 23.114595413208008 -4.277478218078613
10.28268051147461 23.155675888061523 -4.234250068664551
0.0 0.0 0.0
10.88755989074707 23.61988067626953 -4.214410781860352
11.175254821777344 23.80806541442871 -4.1948137283325195
11.561626434326172 24.191858291625977 -4.2067036628723145
0.0 0.0 0.0
12.103766441345215 24.445384979248047 -4.137807369232178
12.521133422851562 24.853296279907227 -4.148471832275391
0.0 0.0 0.0
0.0 0.0 0.0
0.0 0.0 0.0
13.899394989013672 25.774961471557617 -4.0496416091918945
0.0 0.0 0.0
14.783350944519043 26.516210556030273 -4.029122829437256
15.008999824523926 26.486202239990234 -3.956387519836426
15.512992858886719 26.938232421875 -3.9521687030792236
0.0 0.0 0.0
0.0 0.0 0.0
0.0 0.0 0.0
0.0 0.0 0.0
0.0 0.0 0.0
18.461427688598633 29.163545608520508 -3.784977674484253
0.0 0.0 0.0
0.0 0.0 0.0
0.0 0.0 0.0
0.0 0.0 0.0
0.0 0.0 0.0
0.0 0.0 0.0
0.0 0.0 0.0
0.0 0.0 0.0
0.0 0.0 0.0
0.0 0.0 0.0
0.0 0.0 0.0
0.0 0.0 0.0
0.0 0.0 0.0
0.0 0.0 0.0
0.0 0.0 0.0
0.0 0.0 0.0
0.0 0.0 0.0
0.0 0.0 0.0
0.0 0.0 0.0
0.0 0.0 0.0
0.0 0.0 0.0
0.0 0.0 0.0
0.0 0.0 0.0
0.0 0.0 0.0
0.0 0.0 0.0
0.0 0.0 0.0
0.0 0.0 0.0
0.0 0.0 0.0
0.0 0.0 0.0
0.0 0.0 0.0
0.0 0.0 0.0
0.0 0.0 0.0
0.0 0.0 0.0
0.0 0.0 0.0
0.0 0.0 0.0
0.0 0.0 0.0
0.0 0.0 0.0
0.0 0.0 0.0
0.0 0.0 0.0
0.0 0.0 0.0
0.0 0.0 0.0
0.0 0.0 0.0
0.0 0.0 0.0
0.0 0.0 0.0
0.0 0.0 0.0
0.0 0.0 0.0
0.0 0.0 0.0
0.0 0.0 0.0
0.0 0.0 0.0
0.0 0.0 0.0
0.0 0.0 0.0
0.0 0.0 0.0
0.0 0.0 0.0
0.0 0.0 0.0
0.0 0.0 0.0
0.0 0.0 0.0
0.0 0.0 0.0
0.0 0.0 0.0
0.0 0.0 0.0
0.0 0.0 0.0
0.0 0.0 0.0
0.0 0.0 0.0
0.0 0.0 0.0
0.0 0.0 0.0
0.0 0.0 0.0
0.0 0.0 0.0
0.0 0.0 0.0
0.0 0.0 0.0
0.0 0.0 0.0
0.0 0.0 0.0
0.0 0.0 0.0
0.0 0.0 0.0
0.0 0.0 0.0
0.0 0.0 0.0
0.0 0.0 0.0
0.0 0.0 0.0
0.0 0.0 0.0
0.0 0.0 0.0
0.0 0.0 0.0
0.0 0.0 0.0
0.0 0.0 0.0
0.0 0.0 0.0
0.0 0.0 0.0
0.0 0.0 0.0
0.0 0.0 0.0
0.0 0.0 0.0
0.0 0.0 0.0
0.0 0.0 0.0
0.0 0.0 0.0
0.0 0.0 0.0
0.0 0.0 0.0
0.0 0.0 0.0
0.0 0.0 0.0
0.0 0.0 0.0
0.0 0.0 0.0
0.0 0.0 0.0
0.0 0.0 0.0
0.0 0.0 0.0
0.0 0.0 0.0
0.0 0.0 0.0
0.0 0.0 0.0
0.0 0.0 0.0
0.0 0.0 0.0
0.0 0.0 0.0
0.0 0.0 0.0
0.0 0.0 0.0
0.0 0.0 0.0
0.0 0.0 0.0
0.0 0.0 0.0
0.0 0.0 0.0
0.0 0.0 0.0
0.0 0.0 0.0
0.0 0.0 0.0
0.0 0.0 0.0
0.0 0.0 0.0
0.0 0.0 0.0
0.0 0.0 0.0
0.0 0.0 0.0
0.0 0.0 0.0
0.0 0.0 0.0
0.0 0.0 0.0
0.0 0.0 0.0
0.0 0.0 0.0
0.0 0.0 0.0
0.0 0.0 0.0
0.0 0.0 0.0
0.0 0.0 0.0
0.0 0.0 0.0
0.0 0.0 0.0
0.0 0.0 0.0
0.0 0.0 0.0
0.0 0.0 0.0
0.0 0.0 0.0
0.0 0.0 0.0
0.0 0.0 0.0
0.0 0.0 0.0
0.0 0.0 0.0
0.0 0.0 0.0
0.0 0.0 0.0
0.0 0.0 0.0
0.0 0.0 0.0
0.0 0.0 0.0
0.0 0.0 0.0
0.0 0.0 0.0
0.0 0.0 0.0
0.0 0.0 0.0
0.0 0.0 0.0
0.0 0.0 0.0
0.0 0.0 0.0
0.0 0.0 0.0
0.0 0.0 0.0
0.0 0.0 0.0
0.0 0.0 0.0
0.0 0.0 0.0
0.0 0.0 0.0
0.0 0.0 0.0
0.0 0.0 0.0
0.0 0.0 0.0
0.0 0.0 0.0
0.0 0.0 0.0
0.0 0.0 0.0
0.0 0.0 0.0
0.0 0.0 0.0
0.0 0.0 0.0
0.0 0.0 0.0
0.0 0.0 0.0
0.0 0.0 0.0
0.0 0.0 0.0
0.0 0.0 0.0
0.0 0.0 0.0
0.0 0.0 0.0
0.0 0.0 0.0
0.0 0.0 0.0
0.0 0.0 0.0
0.0 0.0 0.0
0.0 0.0 0.0
0.0 0.0 0.0
0.0 0.0 0.0
0.0 0.0 0.0
0.0 0.0 0.0
0.0 0.0 0.0
0.0 0.0 0.0
0.0 0.0 0.0
0.0 0.0 0.0
0.0 0.0 0.0
0.0 0.0 0.0
0.0 0.0 0.0
0.0 0.0 0.0
0.0 0.0 0.0
0.0 0.0 0.0
0.0 0.0 0.0
-21.297271728515625 29.89227867126465 -2.6786999702453613
0.0 0.0 0.0
0.0 0.0 0.0
0.0 0.0 0.0
0.0 0.0 0.0
0.0 0.0 0.0
0.0 0.0 0.0
0.0 0.0 0.0
0.0 0.0 0.0
0.0 0.0 0.0
0.0 0.0 0.0
0.0 0.0 0.0
-15.056982040405273 25.406864166259766 -3.3140106201171875
0.0 0.0 0.0
0.0 0.0 0.0
0.0 0.0 0.0
0.0 0.0 0.0
0.0 0.0 0.0
0.0 0.0 0.0
-12.69078254699707 24.017784118652344 -3.6025798320770264
-12.341828346252441 23.75667953491211 -3.6253907680511475
-11.884698867797852 23.271350860595703 -3.611767292022705
0.0 0.0 0.0
-11.313034057617188 22.943191528320312 -3.6775970458984375
-11.077991485595703 22.86642074584961 -3.7217249870300293
0.0 0.0 0.0
0.0 0.0 0.0
0.0 0.0 0.0
0.0 0.0 0.0
0.0 0.0 0.0
-9.48331069946289 21.864280700683594 -3.870201349258423
0.0 0.0 0.0
0.0 0.0 0.0
-8.767840385437012 21.4359188079834 -3.938176155090332
0.0 0.0 0.0
0.0 0.0 0.0
-8.138028144836426 21.145811080932617 -4.020753383636475
-7.9074320793151855 20.98062515258789 -4.033758640289307
-7.638092041015625 20.709760665893555 -4.025766372680664
-7.404285907745361 20.51539421081543 -4.029099464416504
-7.254129886627197 20.54698371887207 -4.07651424407959
0.0 0.0 0.0
-6.858945846557617 20.326766967773438 -4.114223003387451
-6.671360015869141 20.24234390258789 -4.13585090637207
-6.506795883178711 20.213991165161133 -4.168070316314697
-6.279612064361572 19.983293533325195 -4.1581878662109375
-6.106517791748047 19.915332794189453 -4.181681156158447
-5.892858028411865 19.70711326599121 -4.172750949859619
-5.7746381759643555 19.812965393066406 -4.230058670043945
-5.60568380355835 19.752944946289062 -4.252755165100098
-5.444279670715332 19.705772399902344 -4.277545928955078
-5.249353408813477 19.52852439880371 -4.2715325355529785
-5.038782596588135 19.279541015625 -4.248592853546143
-4.906369686126709 19.321125030517578 -4.289434432983398
-4.750151634216309 19.27692222595215 -4.311922550201416
-4.571399211883545 19.123838424682617 -4.307434558868408
-4.434658050537109 19.140506744384766 -4.339728832244873
-4.287045001983643 19.1077823638916 -4.360945224761963
-4.115846157073975 18.962177276611328 -4.35628080368042
-3.954770803451538 18.86431312561035 -4.361538887023926
-3.810762882232666 18.82869529724121 -4.378524303436279
-3.669628858566284 18.803192138671875 -4.397943019866943
-3.524111032485962 18.750444412231445 -4.411048889160156
-3.3728020191192627 18.659303665161133 -4.414387226104736
-3.2284176349639893 18.61297607421875 -4.425535202026367
-3.0784544944763184 18.512765884399414 -4.423490524291992
-2.946178674697876 18.512760162353516 -4.445452690124512
-2.810051679611206 18.485492706298828 -4.461019992828369
-2.674260377883911 18.454341888427734 -4.471706867218018
-2.5383858680725098 18.41845703125 -4.481373310089111
-2.3980331420898438 18.35918426513672 -4.485760688781738
-2.270702838897705 18.37778091430664 -4.508999824523926
-2.1413533687591553 18.381193161010742 -4.525330066680908
-2.000159978866577 18.274499893188477 -4.513879776000977
-1.8679008483886719 18.238460540771484 -4.519969463348389
-1.7357772588729858 18.22048568725586 -4.530969619750977
-1.5990068912506104 18.119016647338867 -4.518181324005127
-1.4738447666168213 18.14160919189453 -4.534897804260254
-1.3456387519836426 18.125530242919922 -4.5421624183654785
-1.2139145135879517 18.051837921142578 -4.535146236419678
-1.091178297996521 18.144203186035156 -4.568028926849365
-0.9664233922958374 18.179473876953125 -4.584181308746338
-0.835944414138794 18.09658432006836 -4.570728302001953
-0.7112838625907898 18.133874893188477 -4.587838172912598
-0.5855758190155029 18.151714324951172 -4.598824977874756
-0.4562269151210785 18.12407875061035 -4.595267295837402
-0.3293178081512451 18.076576232910156 -4.586817264556885
-0.20334403216838837 18.06226348876953 -4.587002277374268
-0.07775148004293442 18.08510398864746 -4.596134185791016
0.04811672493815422 18.100467681884766 -4.599526405334473
0.17417262494564056 18.126312255859375 -4.605803966522217
0.30245503783226013 18.120956420898438 -4.604376792907715
0.42780953645706177 18.08824920654297 -4.596226215362549
0.5553388595581055 18.142826080322266 -4.605823040008545
0.680947482585907 18.12462043762207 -4.597132205963135
0.8073403835296631 18.12824058532715 -4.594200611114502
0.9393742084503174 18.195178985595703 -4.607459545135498
1.0710986852645874 18.277368545532227 -4.620726585388184
1.1971125602722168 18.252973556518555 -4.606441020965576
1.3303828239440918 18.33350372314453 -4.618838787078857
1.4561172723770142 18.303543090820312 -4.60359525680542
1.5885571241378784 18.32611656188965 -4.598597526550293
1.7238231897354126 18.397300720214844 -4.60460090637207
1.853700041770935 18.40338706970215 -4.594473838806152
1.9922758340835571 18.487714767456055 -4.604036331176758
2.1245079040527344 18.50368881225586 -4.5945892333984375
2.259605884552002 18.52281379699707 -4.583643913269043
2.400055170059204 18.597612380981445 -4.586879253387451
2.5428175926208496 18.678882598876953 -4.591771125793457
2.684670925140381 18.744361877441406 -4.591549873352051
2.8230626583099365 18.7794132232666 -4.581081390380859
2.958979368209839 18.794700622558594 -4.56595516204834
3.105760335922241 18.857423782348633 -4.56211519241333
3.273790121078491 19.050537109375 -4.589599132537842
3.4045443534851074 19.018556594848633 -4.559396266937256
3.559509754180908 19.116472244262695 -4.560415744781494
3.705895185470581 19.160892486572266 -4.548687934875488
3.8854475021362305 19.35307502746582 -4.571544647216797
4.012800693511963 19.29148292541504 -4.531439781188965
4.188528537750244 19.456113815307617 -4.5442118644714355
4.3492326736450195 19.54123878479004 -4.538276195526123
4.513890266418457 19.63623809814453 -4.5345587730407715
4.68359375 19.733680725097656 -4.528364658355713
4.830849647521973 19.741472244262695 -4.501102447509766
5.014805793762207 19.892414093017578 -4.506394386291504
5.1809821128845215 19.9642391204834 -4.493581771850586
0.0 0.0 0.0
5.568140029907227 20.281169891357422 -4.500659942626953
5.718635082244873 20.275753021240234 -4.466996669769287
5.939332962036133 20.511552810668945 -4.486265659332275
6.088700294494629 20.492572784423828 -4.4486308097839355
6.296355724334717 20.6630859375 -4.449941158294678
6.493516445159912 20.779935836791992 -4.438625335693359
6.682856559753418 20.873899459838867 -4.422828674316406
6.909706115722656 21.075498580932617 -4.429044246673584
7.13587760925293 21.26466178894043 -4.429788112640381
7.331429481506348 21.353879928588867 -4.409276008605957
7.543817043304443 21.484832763671875 -4.39704704284668
7.698877811431885 21.43976593017578 -4.348001956939697
7.963255882263184 21.70106315612793 -4.359193801879883
8.210247039794922 21.902297973632812 -4.357364177703857
8.40963363647461 21.96847915649414 -4.32818603515625
8.662089347839355 22.16537857055664 -4.324282169342041
8.847701072692871 22.177282333374023 -4.281107425689697
9.168954849243164 22.527053833007812 -4.302729606628418
9.421797752380371 22.695926666259766 -4.2887372970581055
9.704459190368652 22.926233291625977 -4.28552770614624
9.975912094116211 23.11859893798828 -4.272630214691162
10.235527038574219 23.26480484008789 -4.248712062835693
10.519909858703613 23.4659481048584 -4.234933376312256
10.78216552734375 23.608131408691406 -4.209664821624756
11.098237037658691 23.86028480529785 -4.201808929443359
11.431893348693848 24.137170791625977 -4.196252346038818
0.0 0.0 0.0
12.079730033874512 24.60666275024414 -4.165863513946533
0.0 0.0 0.0
12.690454483032227 24.968721389770508 -4.109961032867432
0.0 0.0 0.0
13.485136985778809 25.643644332885742 -4.099124908447266
0.0 0.0 0.0
0.0 0.0 0.0
0.0 0.0 0.0
0.0 0.0 0.0
0.0 0.0 0.0
15.82735824584961 27.258682250976562 -3.9387712478637695
16.134065628051758 27.347681045532227 -3.878957748413086
0.0 0.0 0.0
0.0 0.0 0.0
17.826326370239258 28.824777603149414 -3.847550392150879
0.0 0.0 0.0
0.0 0.0 0.0
0.0 0.0 0.0
0.0 0.0 0.0
0.0 0.0 0.0
0.0 0.0 0.0
0.0 0.0 0.0
0.0 0.0 0.0
0.0 0.0 0.0
0.0 0.0 0.0
0.0 0.0 0.0
0.0 0.0 0.0
0.0 0.0 0.0
0.0 0.0 0.0
0.0 0.0 0.0
0.0 0.0 0.0
0.0 0.0 0.0
0.0 0.0 0.0
0.0 0.0 0.0
0.0 0.0 0.0
0.0 0.0 0.0
0.0 0.0 0.0
0.0 0.0 0.0
0.0 0.0 0.0
0.0 0.0 0.0
0.0 0.0 0.0
0.0 0.0 0.0
0.0 0.0 0.0
0.0 0.0 0.0
0.0 0.0 0.0
0.0 0.0 0.0
0.0 0.0 0.0
0.0 0.0 0.0
0.0 0.0 0.0
0.0 0.0 0.0
0.0 0.0 0.0
0.0 0.0 0.0
0.0 0.0 0.0
0.0 0.0 0.0
0.0 0.0 0.0
0.0 0.0 0.0
0.0 0.0 0.0
0.0 0.0 0.0
0.0 0.0 0.0
0.0 0.0 0.0
0.0 0.0 0.0
0.0 0.0 0.0
0.0 0.0 0.0
0.0 0.0 0.0
0.0 0.0 0.0
0.0 0.0 0.0
0.0 0.0 0.0
0.0 0.0 0.0
0.0 0.0 0.0
0.0 0.0 0.0
0.0 0.0 0.0
0.0 0.0 0.0
0.0 0.0 0.0
0.0 0.0 0.0
0.0 0.0 0.0
0.0 0.0 0.0
0.0 0.0 0.0
0.0 0.0 0.0
0.0 0.0 0.0
0.0 0.0 0.0
0.0 0.0 0.0
0.0 0.0 0.0
0.0 0.0 0.0
0.0 0.0 0.0
0.0 0.0 0.0
0.0 0.0 0.0
0.0 0.0 0.0
0.0 0.0 0.0
0.0 0.0 0.0
0.0 0.0 0.0
0.0 0.0 0.0
0.0 0.0 0.0
0.0 0.0 0.0
0.0 0.0 0.0
0.0 0.0 0.0
0.0 0.0 0.0
0.0 0.0 0.0
0.0 0.0 0.0
0.0 0.0 0.0
0.0 0.0 0.0
0.0 0.0 0.0
0.0 0.0 0.0
0.0 0.0 0.0
0.0 0.0 0.0
0.0 0.0 0.0
0.0 0.0 0.0
0.0 0.0 0.0
0.0 0.0 0.0
0.0 0.0 0.0
0.0 0.0 0.0
0.0 0.0 0.0
0.0 0.0 0.0
0.0 0.0 0.0
0.0 0.0 0.0
0.0 0.0 0.0
0.0 0.0 0.0
0.0 0.0 0.0
0.0 0.0 0.0
0.0 0.0 0.0
0.0 0.0 0.0
0.0 0.0 0.0
0.0 0.0 0.0
0.0 0.0 0.0
0.0 0.0 0.0
0.0 0.0 0.0
0.0 0.0 0.0
0.0 0.0 0.0
0.0 0.0 0.0
0.0 0.0 0.0
0.0 0.0 0.0
0.0 0.0 0.0
0.0 0.0 0.0
0.0 0.0 0.0
0.0 0.0 0.0
0.0 0.0 0.0
0.0 0.0 0.0
0.0 0.0 0.0
0.0 0.0 0.0
0.0 0.0 0.0
0.0 0.0 0.0
0.0 0.0 0.0
0.0 0.0 0.0
0.0 0.0 0.0
0.0 0.0 0.0
0.0 0.0 0.0
0.0 0.0 0.0
0.0 0.0 0.0
0.0 0.0 0.0
0.0 0.0 0.0
0.0 0.0 0.0
0.0 0.0 0.0
0.0 0.0 0.0
0.0 0.0 0.0
0.0 0.0 0.0
0.0 0.0 0.0
0.0 0.0 0.0
0.0 0.0 0.0
0.0 0.0 0.0
0.0 0.0 0.0
0.0 0.0 0.0
0.0 0.0 0.0
0.0 0.0 0.0
0.0 0.0 0.0
0.0 0.0 0.0
0.0 0.0 0.0
0.0 0.0 0.0
0.0 0.0 0.0
0.0 0.0 0.0
0.0 0.0 0.0
0.0 0.0 0.0
0.0 0.0 0.0
0.0 0.0 0.0
0.0 0.0 0.0
0.0 0.0 0.0
0.0 0.0 0.0
0.0 0.0 0.0
0.0 0.0 0.0
0.0 0.0 0.0
0.0 0.0 0.0
0.0 0.0 0.0
0.0 0.0 0.0
0.0 0.0 0.0
0.0 0.0 0.0
0.0 0.0 0.0
0.0 0.0 0.0
0.0 0.0 0.0
0.0 0.0 0.0
0.0 0.0 0.0
0.0 0.0 0.0
0.0 0.0 0.0
0.0 0.0 0.0
0.0 0.0 0.0
0.0 0.0 0.0
0.0 0.0 0.0
0.0 0.0 0.0
0.0 0.0 0.0
0.0 0.0 0.0
0.0 0.0 0.0
0.0 0.0 0.0
0.0 0.0 0.0
0.0 0.0 0.0
0.0 0.0 0.0
0.0 0.0 0.0
0.0 0.0 0.0
0.0 0.0 0.0
0.0 0.0 0.0
0.0 0.0 0.0
0.0 0.0 0.0
0.0 0.0 0.0
-20.92730140686035 29.600433349609375 -2.701582670211792
0.0 0.0 0.0
0.0 0.0 0.0
0.0 0.0 0.0
0.0 0.0 0.0
0.0 0.0 0.0
0.0 0.0 0.0
0.0 0.0 0.0
0.0 0.0 0.0
0.0 0.0 0.0
0.0 0.0 0.0
0.0 0.0 0.0
0.0 0.0 0.0
0.0 0.0 0.0
0.0 0.0 0.0
0.0 0.0 0.0
-13.504055976867676 24.50887107849121 -3.485933542251587
0.0 0.0 0.0
0.0 0.0 0.0
0.0 0.0 0.0
-12.1707181930542 23.634244918823242 -3.611701726913452
-11.796489715576172 23.306062698364258 -3.620049238204956
0.0 0.0 0.0
0.0 0.0 0.0
-10.946751594543457 22.795879364013672 -3.709211826324463
0.0 0.0 0.0
-10.47187614440918 22.61404037475586 -3.786738634109497
0.0 0.0 0.0
0.0 0.0 0.0
0.0 0.0 0.0
-9.423233985900879 21.93686294555664 -3.874507427215576
0.0 0.0 0.0
0.0 0.0 0.0
-8.739236831665039 21.577455520629883 -3.953014373779297
0.0 0.0 0.0
0.0 0.0 0.0
0.0 0.0 0.0
0.0 0.0 0.0
-7.597221851348877 20.820955276489258 -4.031277179718018
-7.4229512214660645 20.79237937927246 -4.067454814910889
-7.158409118652344 20.50925064086914 -4.05392599105835
-6.981602668762207 20.459327697753906 -4.083277702331543
-6.838789939880371 20.50627326965332 -4.131289482116699
-6.6553874015808105 20.4280948638916 -4.154054641723633
-6.411808013916016 20.15475082397461 -4.136533737182617
-6.171100616455078 19.875865936279297 -4.115472316741943
-6.064273357391357 20.031892776489258 -4.183720588684082
-5.897341251373291 19.980974197387695 -4.208397388458252
0.0 0.0 0.0
-5.5243706703186035 19.724193572998047 -4.223209381103516
-5.342715263366699 19.59943199157715 -4.228501319885254
-5.190972805023193 19.588207244873047 -4.258758544921875
-5.037355899810791 19.556793212890625 -4.284099578857422
-4.829723358154297 19.3056640625 -4.260427474975586
-4.6934075355529785 19.331594467163086 -4.295054912567139
-4.5422258377075195 19.293319702148438 -4.315505027770996
-4.380889415740967 19.217086791992188 -4.327954292297363
-4.223140239715576 19.139188766479492 -4.339450836181641
-4.059788227081299 19.027162551879883 -4.339746475219727
-3.919896364212036 19.01835823059082 -4.363458156585693
-3.776461362838745 18.98984146118164 -4.382782936096191
-3.619900703430176 18.900705337524414 -4.3885579109191895
-3.465708017349243 18.803176879882812 -4.389017581939697
-3.3237366676330566 18.764602661132812 -4.402385711669922
-3.1880695819854736 18.758745193481445 -4.4235758781433105
-3.041168212890625 18.6805419921875 -4.427759170532227
-2.886934518814087 18.560646057128906 -4.420115947723389
-2.7631020545959473 18.616432189941406 -4.452328205108643
-2.6115055084228516 18.47943878173828 -4.438539981842041
-2.4745941162109375 18.43543815612793 -4.447092533111572
-2.341761350631714 18.41715431213379 -4.460479736328125
-2.219470977783203 18.4814395904541 -4.491433620452881
-2.0811667442321777 18.43189239501953 -4.495231628417969
-1.9347819089889526 18.275480270385742 -4.472716808319092
-1.811023235321045 18.32206916809082 -4.499210834503174
-1.676832675933838 18.26283836364746 -4.496391296386719
-1.5593959093093872 18.387840270996094 -4.539169788360596
-1.4189032316207886 18.26637840270996 -4.5215373039245605
-1.2883495092391968 18.227006912231445 -4.524112701416016
-1.1673107147216797 18.32777976989746 -4.5571136474609375
-1.0347615480422974 18.246044158935547 -4.5449419021606445
-0.9055331349372864 18.20880889892578 -4.544024467468262
-0.7779817581176758 18.246442794799805 -4.562154769897461
-0.6463981866836548 18.121192932128906 -4.53577184677124
-0.5231459140777588 18.22246742248535 -4.565486907958984
-0.39546728134155273 18.182727813720703 -4.560105800628662
-0.26982390880584717 18.24059295654297 -4.579428672790527
-0.1404583603143692 18.207380294799805 -4.5731282234191895
-0.013842595741152763 18.177448272705078 -4.566155910491943
0.11253777891397476 18.176942825317383 -4.566795825958252
0.23965738713741302 18.232385635375977 -4.581714630126953
0.3662915825843811 18.223072052001953 -4.578335285186768
0.49684616923332214 18.361194610595703 -4.609615325927734
0.6228386163711548 18.24083137512207 -4.5761637687683105
0.7526895403862 18.308969497680664 -4.590292453765869
0.8773807287216187 18.24781608581543 -4.570868015289307
1.010413646697998 18.353065490722656 -4.590089797973633
1.1390873193740845 18.3627872467041 -4.5855937004089355
0.0 0.0 0.0
1.3990064859390259 18.375732421875 -4.574941635131836
1.535431146621704 18.47071647644043 -4.5876336097717285
1.6681389808654785 18.508054733276367 -4.586143970489502
1.7964415550231934 18.4915828704834 -4.57150936126709
1.9358093738555908 18.560821533203125 -4.578074932098389
2.0766513347625732 18.652812957763672 -4.586341381072998
2.2108614444732666 18.675987243652344 -4.577525615692139
2.3469114303588867 18.709495544433594 -4.571404457092285
2.4926514625549316 18.809755325317383 -4.581682205200195
2.6258299350738525 18.79278564453125 -4.560244083404541
2.771123170852661 18.87305450439453 -4.561740875244141
2.9285104274749756 19.023611068725586 -4.58022403717041
3.064561128616333 19.026588439941406 -4.563225746154785
3.2054052352905273 19.05528450012207 -4.550386905670166
3.366398334503174 19.195756912231445 -4.562406063079834
3.5018584728240967 19.169952392578125 -4.534580707550049
3.6638126373291016 19.296802520751953 -4.543320178985596
3.832977056503296 19.44878387451172 -4.556565761566162
3.9618468284606934 19.391016006469727 -4.518180847167969
4.131232738494873 19.52611541748047 -4.524778366088867
4.2846598625183105 19.566387176513672 -4.508930683135986
4.448185443878174 19.658037185668945 -4.504947185516357
4.606553554534912 19.719268798828125 -4.4909257888793945
4.778650283813477 19.83115005493164 -4.488317012786865
4.932154655456543 19.860172271728516 -4.466935157775879
5.11625337600708 19.994754791259766 -4.468710422515869
5.277536869049072 20.04401969909668 -4.448787212371826
0.0 0.0 0.0
5.673737525939941 20.392847061157227 -4.463072299957275
5.86284065246582 20.518728256225586 -4.459031581878662
6.065325736999512 20.672143936157227 -4.45805025100708
6.236999034881592 20.721946716308594 -4.434185028076172
6.479800701141357 20.997100830078125 -4.458069324493408
6.614617824554443 20.91587257385254 -4.406101226806641
6.812212944030762 21.030797958374023 -4.394158363342285
7.0357465744018555 21.217079162597656 -4.395362377166748
7.227790832519531 21.291717529296875 -4.372419357299805
7.477836608886719 21.535737991333008 -4.384398937225342
7.694301128387451 21.672758102416992 -4.373178482055664
7.910941123962402 21.800823211669922 -4.357813835144043
8.147104263305664 21.97376251220703 -4.35089635848999
8.384777069091797 22.132883071899414 -4.339916706085205
8.5764799118042 22.172500610351562 -4.305508613586426
8.907968521118164 22.561193466186523 -4.336012840270996
9.075735092163086 22.525529861450195 -4.284265518188477
9.342879295349121 22.730560302734375 -4.277961254119873
9.638225555419922 22.985422134399414 -4.279217720031738
9.889589309692383 23.132484436035156 -4.258089065551758
10.157326698303223 23.308977127075195 -4.241665363311768
10.46729850769043 23.57091522216797 -4.239776611328125
10.735166549682617 23.72796630859375 -4.218127727508545
0.0 0.0 0.0
11.308860778808594 24.08955955505371 -4.175134658813477
11.695512771606445 24.468708038330078 -4.186659336090088
0.0 0.0 0.0
12.330172538757324 24.90026092529297 -4.147612571716309
12.660831451416016 25.126922607421875 -4.127039909362793
0.0 0.0 0.0
13.275470733642578 25.452316284179688 -4.060598850250244
0.0 0.0 0.0
14.07152271270752 26.087671279907227 -4.034458160400391
14.406285285949707 26.270105361938477 -3.9981977939605713
0.0 0.0 0.0
15.268160820007324 26.940515518188477 -3.9626150131225586
0.0 0.0 0.0
0.0 0.0 0.0
0.0 0.0 0.0
0.0 0.0 0.0
0.0 0.0 0.0
0.0 0.0 0.0
0.0 0.0 0.0
0.0 0.0 0.0
0.0 0.0 0.0
0.0 0.0 0.0
0.0 0.0 0.0
0.0 0.0 0.0
0.0 0.0 0.0
0.0 0.0 0.0
0.0 0.0 0.0
0.0 0.0 0.0
0.0 0.0 0.0
0.0 0.0 0.0
0.0 0.0 0.0
0.0 0.0 0.0
0.0 0.0 0.0
0.0 0.0 0.0
0.0 0.0 0.0
0.0 0.0 0.0
0.0 0.0 0.0
0.0 0.0 0.0
0.0 0.0 0.0
0.0 0.0 0.0
0.0 0.0 0.0
0.0 0.0 0.0
0.0 0.0 0.0
0.0 0.0 0.0
0.0 0.0 0.0
0.0 0.0 0.0
0.0 0.0 0.0
0.0 0.0 0.0
0.0 0.0 0.0
0.0 0.0 0.0
0.0 0.0 0.0
0.0 0.0 0.0
0.0 0.0 0.0
0.0 0.0 0.0
0.0 0.0 0.0
0.0 0.0 0.0
0.0 0.0 0.0
0.0 0.0 0.0
0.0 0.0 0.0
0.0 0.0 0.0
0.0 0.0 0.0
0.0 0.0 0.0
0.0 0.0 0.0
0.0 0.0 0.0
0.0 0.0 0.0
0.0 0.0 0.0
0.0 0.0 0.0
0.0 0.0 0.0
0.0 0.0 0.0
0.0 0.0 0.0
0.0 0.0 0.0
0.0 0.0 0.0
0.0 0.0 0.0
0.0 0.0 0.0
0.0 0.0 0.0
0.0 0.0 0.0
0.0 0.0 0.0
0.0 0.0 0.0
0.0 0.0 0.0
0.0 0.0 0.0
0.0 0.0 0.0
0.0 0.0 0.0
0.0 0.0 0.0
0.0 0.0 0.0
0.0 0.0 0.0
0.0 0.0 0.0
0.0 0.0 0.0
0.0 0.0 0.0
0.0 0.0 0.0
0.0 0.0 0.0
0.0 0.0 0.0
0.0 0.0 0.0
0.0 0.0 0.0
0.0 0.0 0.0
0.0 0.0 0.0
0.0 0.0 0.0
0.0 0.0 0.0
0.0 0.0 0.0
0.0 0.0 0.0
0.0 0.0 0.0
0.0 0.0 0.0
0.0 0.0 0.0
0.0 0.0 0.0
0.0 0.0 0.0
0.0 0.0 0.0
0.0 0.0 0.0
0.0 0.0 0.0
0.0 0.0 0.0
0.0 0.0 0.0
0.0 0.0 0.0
0.0 0.0 0.0
0.0 0.0 0.0
0.0 0.0 0.0
0.0 0.0 0.0
0.0 0.0 0.0
0.0 0.0 0.0
0.0 0.0 0.0
0.0 0.0 0.0
0.0 0.0 0.0
0.0 0.0 0.0
0.0 0.0 0.0
0.0 0.0 0.0
0.0 0.0 0.0
0.0 0.0 0.0
0.0 0.0 0.0
0.0 0.0 0.0
0.0 0.0 0.0
0.0 0.0 0.0
0.0 0.0 0.0
0.0 0.0 0.0
0.0 0.0 0.0
0.0 0.0 0.0
0.0 0.0 0.0
0.0 0.0 0.0
0.0 0.0 0.0
0.0 0.0 0.0
0.0 0.0 0.0
0.0 0.0 0.0
0.0 0.0 0.0
0.0 0.0 0.0
0.0 0.0 0.0
0.0 0.0 0.0
0.0 0.0 0.0
0.0 0.0 0.0
0.0 0.0 0.0
0.0 0.0 0.0
0.0 0.0 0.0
0.0 0.0 0.0
0.0 0.0 0.0
0.0 0.0 0.0
0.0 0.0 0.0
0.0 0.0 0.0
0.0 0.0 0.0
0.0 0.0 0.0
0.0 0.0 0.0
0.0 0.0 0.0
0.0 0.0 0.0
0.0 0.0 0.0
0.0 0.0 0.0
0.0 0.0 0.0
0.0 0.0 0.0
0.0 0.0 0.0
0.0 0.0 0.0
0.0 0.0 0.0
0.0 0.0 0.0
0.0 0.0 0.0
0.0 0.0 0.0
0.0 0.0 0.0
0.0 0.0 0.0
0.0 0.0 0.0
0.0 0.0 0.0
0.0 0.0 0.0
0.0 0.0 0.0
0.0 0.0 0.0
0.0 0.0 0.0
0.0 0.0 0.0
0.0 0.0 0.0
0.0 0.0 0.0
0.0 0.0 0.0
0.0 0.0 0.0
0.0 0.0 0.0
0.0 0.0 0.0
0.0 0.0 0.0
0.0 0.0 0.0
0.0 0.0 0.0
0.0 0.0 0.0
0.0 0.0 0.0
0.0 0.0 0.0
0.0 0.0 0.0
0.0 0.0 0.0
0.0 0.0 0.0
0.0 0.0 0.0
0.0 0.0 0.0
0.0 0.0 0.0
0.0 0.0 0.0
0.0 0.0 0.0
0.0 0.0 0.0
0.0 0.0 0.0
0.0 0.0 0.0
0.0 0.0 0.0
0.0 0.0 0.0
0.0 0.0 0.0
0.0 0.0 0.0
0.0 0.0 0.0
0.0 0.0 0.0
0.0 0.0 0.0
0.0 0.0 0.0
0.0 0.0 0.0
0.0 0.0 0.0
0.0 0.0 0.0
0.0 0.0 0.0
0.0 0.0 0.0
0.0 0.0 0.0
0.0 0.0 0.0
0.0 0.0 0.0
0.0 0.0 0.0
0.0 0.0 0.0
0.0 0.0 0.0
0.0 0.0 0.0
0.0 0.0 0.0
0.0 0.0 0.0
0.0 0.0 0.0
0.0 0.0 0.0
0.0 0.0 0.0
-14.435616493225098 25.151098251342773 -3.3766043186187744
0.0 0.0 0.0
0.0 0.0 0.0
0.0 0.0 0.0
0.0 0.0 0.0
-12.738789558410645 24.11003875732422 -3.5607879161834717
-12.408509254455566 23.887401580810547 -3.5892677307128906
0.0 0.0 0.0
-11.75521469116211 23.425851821899414 -3.6367058753967285
-11.446001052856445 23.21031951904297 -3.6603639125823975
-11.237653732299805 23.193885803222656 -3.713695764541626
-10.893762588500977 22.889657974243164 -3.7188706398010254
0.0 0.0 0.0
-10.37684440612793 22.61116600036621 -3.77972149848938
0.0 0.0 0.0
-9.878805160522461 22.348873138427734 -3.837491750717163
-9.584247589111328 22.096908569335938 -3.8433594703674316
0.0 0.0 0.0
-9.069511413574219 21.733999252319336 -3.8755440711975098
-8.878357887268066 21.706933975219727 -3.9173696041107178
0.0 0.0 0.0
0.0 0.0 0.0
0.0 0.0 0.0
0.0 0.0 0.0
0.0 0.0 0.0
0.0 0.0 0.0
-7.319982528686523 20.73354721069336 -4.037919521331787
-7.164981842041016 20.75396156311035 -4.081151962280273
-6.91075325012207 20.47846794128418 -4.0657219886779785
-6.7747368812561035 20.554811477661133 -4.120512962341309
-6.5087690353393555 20.22065544128418 -4.091396331787109
-6.35264253616333 20.21727180480957 -4.126408100128174
-6.155148029327393 20.07709503173828 -4.133363723754883
-5.976545333862305 19.99024200439453 -4.150940895080566
-5.816600322723389 19.960721969604492 -4.180303573608398
-5.6624579429626465 19.956762313842773 -4.212731838226318
-5.523554801940918 19.995258331298828 -4.253665924072266
-5.311889171600342 19.763046264648438 -4.23680305480957
-5.137593746185303 19.658485412597656 -4.246865272521973
-4.965978145599365 19.55669403076172 -4.254913330078125
-4.803448677062988 19.494945526123047 -4.271509647369385
-4.6402130126953125 19.412837982177734 -4.282998561859131
-4.489416599273682 19.3778076171875 -4.304864406585693
-4.33116340637207 19.304765701293945 -4.316195487976074
-4.165274620056152 19.189769744873047 -4.31660795211792
-4.017721176147461 19.163394927978516 -4.337360382080078
-3.885880708694458 19.19906234741211 -4.37188196182251
-3.7165653705596924 19.043277740478516 -4.361452102661133
-3.5709893703460693 18.99892807006836 -4.3741936683654785
-3.4106273651123047 18.86727523803711 -4.366791725158691
-3.2746479511260986 18.877229690551758 -4.392605304718018
-3.1147494316101074 18.72834587097168 -4.380446910858154
-2.9972479343414307 18.8306941986084 -4.423967361450195
-2.8435800075531006 18.702821731567383 -4.413557529449463
-2.701664924621582 18.641529083251953 -4.418846607208252
-2.562300443649292 18.590484619140625 -4.426633358001709
-2.426170825958252 18.573389053344727 -4.439077377319336
-2.296207904815674 18.585338592529297 -4.458152770996094
-2.165891647338867 18.592573165893555 -4.47629451751709
-2.0317280292510986 18.564908981323242 -4.486232757568359
-1.8999521732330322 18.55210304260254 -4.496659278869629
-1.7529767751693726 18.402725219726562 -4.473178863525391
-1.6206427812576294 18.365549087524414 -4.476812839508057
-1.4981303215026855 18.44091033935547 -4.508113861083984
-1.3603143692016602 18.322986602783203 -4.489923477172852
-1.2361526489257812 18.382471084594727 -4.513331413269043
-1.1016439199447632 18.32000732421875 -4.507172584533691
-0.9745174050331116 18.332252502441406 -4.519413471221924
-0.8456241488456726 18.30988121032715 -4.521759033203125
-0.7194375991821289 18.34790802001953 -4.536336898803711
-0.591308057308197 18.335790634155273 -4.5387349128723145
-0.46262985467910767 18.383451461791992 -4.556262969970703
-0.3340909779071808 18.346973419189453 -4.552276611328125
-0.2057880163192749 18.291574478149414 -4.53983211517334
-0.07861386239528656 18.314897537231445 -4.547143936157227
0.04891215264797211 18.401782989501953 -4.570465087890625
0.1766471415758133 18.370254516601562 -4.564603328704834
0.30569037795066833 18.312345504760742 -4.5478291511535645
0.43533098697662354 18.40900993347168 -4.569526195526123
0.5655376315116882 18.474437713623047 -4.583669185638428
0.6931240558624268 18.448015213012695 -4.575242042541504
0.8231795430183411 18.482162475585938 -4.578433990478516
0.9547126293182373 18.48904037475586 -4.573919296264648
1.083281397819519 18.483732223510742 -4.566725730895996
1.2169227600097656 18.5532169342041 -4.578202724456787
1.3524070978164673 18.633705139160156 -4.589933395385742
1.4747239351272583 18.5321102142334 -4.555176734924316
1.6157439947128296 18.637474060058594 -4.571353435516357
1.7477679252624512 18.651254653930664 -4.565371036529541
1.8815720081329346 18.67961311340332 -4.5613789558410645
2.0163259506225586 18.711423873901367 -4.555627346038818
2.1620078086853027 18.832805633544922 -4.571782112121582
2.2979164123535156 18.839786529541016 -4.560059547424316
2.44743275642395 18.966739654541016 -4.576920509338379
2.576939821243286 18.931421279907227 -4.551355838775635
2.723850965499878 19.01934814453125 -4.555573463439941
2.8709845542907715 19.09865379333496 -4.557775497436523
3.0146255493164062 19.146800994873047 -4.552626609802246
3.1485722064971924 19.115633010864258 -4.524539947509766
3.302387237548828 19.2150821685791 -4.527707576751709
3.453719139099121 19.290868759155273 -4.525300025939941
3.6076626777648926 19.372982025146484 -4.52439546585083
3.75443434715271 19.40962791442871 -4.510126113891602
3.924517869949341 19.545852661132812 -4.517622470855713
4.070956230163574 19.569162368774414 -4.499425888061523
4.228335857391357 19.639814376831055 -4.492170333862305
4.3903326988220215 19.724525451660156 -4.486169338226318
4.561371326446533 19.841787338256836 -4.485774040222168
4.750890731811523 20.016603469848633 -4.4976606369018555
4.910628795623779 20.06793975830078 -4.482133388519287
5.077065467834473 20.140417098999023 -4.4702887535095215
5.24314546585083 20.204572677612305 -4.454247951507568
0.0 0.0 0.0
5.617584705352783 20.461055755615234 -4.449356555938721
5.792285442352295 20.53569221496582 -4.434895038604736
6.004297733306885 20.73444366455078 -4.444277763366699
6.18231725692749 20.80658721923828 -4.426198482513428
6.3627471923828125 20.880922317504883 -4.408458709716797
6.594010353088379 21.102985382080078 -4.420929908752441
6.781866073608398 21.18541145324707 -4.401787757873535
6.986817359924316 21.313634872436523 -4.391551971435547
7.221953392028809 21.523696899414062 -4.397674560546875
7.384398460388184 21.510263442993164 -4.357871055603027
7.621949672698975 21.70954132080078 -4.359234809875488
7.851318836212158 21.866168975830078 -4.349932670593262
8.0289306640625 21.88089942932129 -4.312844276428223
8.294778823852539 22.128036499023438 -4.321131229400635
8.560138702392578 22.362199783325195 -4.3247833251953125
8.788461685180664 22.490236282348633 -4.306134223937988
9.028932571411133 22.63312339782715 -4.289051532745361
9.245979309082031 22.7176513671875 -4.2611985206604
9.5426025390625 22.988977432250977 -4.2667927742004395
9.809860229492188 23.175745010375977 -4.254091262817383
10.029659271240234 23.24327850341797 -4.219005584716797
0.0 0.0 0.0
0.0 0.0 0.0
0.0 0.0 0.0
0.0 0.0 0.0
0.0 0.0 0.0
11.84560775756836 24.5618953704834 -4.142873287200928
12.216460227966309 24.886898040771484 -4.141433238983154
12.49402141571045 25.010976791381836 -4.105410575866699
12.836954116821289 25.256460189819336 -4.088332176208496
13.139200210571289 25.412860870361328 -4.054851055145264
13.659375190734863 25.973615646362305 -4.082258224487305
0.0 0.0 0.0
14.242204666137695 26.181638717651367 -3.98811411857605
14.631020545959473 26.457258224487305 -3.9648826122283936
15.02673625946045 26.73209571838379 -3.938650131225586
15.619269371032715 27.33928108215332 -3.9588723182678223
15.985169410705566 27.52553939819336 -3.914583683013916
0.0 0.0 0.0
0.0 0.0 0.0
17.473352432250977 28.69502830505371 -3.850531578063965
0.0 0.0 0.0
0.0 0.0 0.0
19.04728126525879 29.852258682250977 -3.751176118850708
0.0 0.0 0.0
0.0 0.0 0.0
0.0 0.0 0.0
0.0 0.0 0.0
0.0 0.0 0.0
0.0 0.0 0.0
0.0 0.0 0.0
0.0 0.0 0.0
0.0 0.0 0.0
0.0 0.0 0.0
0.0 0.0 0.0
0.0 0.0 0.0
0.0 0.0 0.0
0.0 0.0 0.0
0.0 0.0 0.0
0.0 0.0 0.0
0.0 0.0 0.0
0.0 0.0 0.0
0.0 0.0 0.0
0.0 0.0 0.0
0.0 0.0 0.0
0.0 0.0 0.0
0.0 0.0 0.0
0.0 0.0 0.0
0.0 0.0 0.0
0.0 0.0 0.0
0.0 0.0 0.0
0.0 0.0 0.0
0.0 0.0 0.0
0.0 0.0 0.0
0.0 0.0 0.0
0.0 0.0 0.0
0.0 0.0 0.0
0.0 0.0 0.0
0.0 0.0 0.0
0.0 0.0 0.0
0.0 0.0 0.0
0.0 0.0 0.0
0.0 0.0 0.0
0.0 0.0 0.0
0.0 0.0 0.0
0.0 0.0 0.0
0.0 0.0 0.0
0.0 0.0 0.0
0.0 0.0 0.0
0.0 0.0 0.0
0.0 0.0 0.0
0.0 0.0 0.0
0.0 0.0 0.0
0.0 0.0 0.0
0.0 0.0 0.0
0.0 0.0 0.0
0.0 0.0 0.0
0.0 0.0 0.0
0.0 0.0 0.0
0.0 0.0 0.0
0.0 0.0 0.0
0.0 0.0 0.0
0.0 0.0 0.0
0.0 0.0 0.0
0.0 0.0 0.0
0.0 0.0 0.0
0.0 0.0 0.0
0.0 0.0 0.0
0.0 0.0 0.0
0.0 0.0 0.0
0.0 0.0 0.0
0.0 0.0 0.0
0.0 0.0 0.0
0.0 0.0 0.0
0.0 0.0 0.0
0.0 0.0 0.0
0.0 0.0 0.0
0.0 0.0 0.0
0.0 0.0 0.0
0.0 0.0 0.0
0.0 0.0 0.0
0.0 0.0 0.0
0.0 0.0 0.0
0.0 0.0 0.0
0.0 0.0 0.0
0.0 0.0 0.0
0.0 0.0 0.0
0.0 0.0 0.0
0.0 0.0 0.0
0.0 0.0 0.0
0.0 0.0 0.0
0.0 0.0 0.0
0.0 0.0 0.0
0.0 0.0 0.0
0.0 0.0 0.0
0.0 0.0 0.0
0.0 0.0 0.0
0.0 0.0 0.0
0.0 0.0 0.0
0.0 0.0 0.0
0.0 0.0 0.0
0.0 0.0 0.0
0.0 0.0 0.0
0.0 0.0 0.0
0.0 0.0 0.0
0.0 0.0 0.0
0.0 0.0 0.0
0.0 0.0 0.0
0.0 0.0 0.0
0.0 0.0 0.0
0.0 0.0 0.0
0.0 0.0 0.0
0.0 0.0 0.0
0.0 0.0 0.0
0.0 0.0 0.0
0.0 0.0 0.0
0.0 0.0 0.0
0.0 0.0 0.0
0.0 0.0 0.0
0.0 0.0 0.0
0.0 0.0 0.0
0.0 0.0 0.0
0.0 0.0 0.0
0.0 0.0 0.0
0.0 0.0 0.0
0.0 0.0 0.0
0.0 0.0 0.0
0.0 0.0 0.0
0.0 0.0 0.0
0.0 0.0 0.0
0.0 0.0 0.0
0.0 0.0 0.0
0.0 0.0 0.0
0.0 0.0 0.0
0.0 0.0 0.0
0.0 0.0 0.0
0.0 0.0 0.0
0.0 0.0 0.0
0.0 0.0 0.0
0.0 0.0 0.0
0.0 0.0 0.0
0.0 0.0 0.0
0.0 0.0 0.0
0.0 0.0 0.0
0.0 0.0 0.0
0.0 0.0 0.0
0.0 0.0 0.0
0.0 0.0 0.0
0.0 0.0 0.0
0.0 0.0 0.0
0.0 0.0 0.0
0.0 0.0 0.0
0.0 0.0 0.0
0.0 0.0 0.0
0.0 0.0 0.0
0.0 0.0 0.0
0.0 0.0 0.0
0.0 0.0 0.0
0.0 0.0 0.0
0.0 0.0 0.0
0.0 0.0 0.0
0.0 0.0 0.0
0.0 0.0 0.0
0.0 0.0 0.0
0.0 0.0 0.0
0.0 0.0 0.0
0.0 0.0 0.0
0.0 0.0 0.0
0.0 0.0 0.0
0.0 0.0 0.0
0.0 0.0 0.0
0.0 0.0 0.0
0.0 0.0 0.0
0.0 0.0 0.0
0.0 0.0 0.0
0.0 0.0 0.0
0.0 0.0 0.0
0.0 0.0 0.0
0.0 0.0 0.0
0.0 0.0 0.0
0.0 0.0 0.0
0.0 0.0 0.0
0.0 0.0 0.0
0.0 0.0 0.0
0.0 0.0 0.0
0.0 0.0 0.0
0.0 0.0 0.0
0.0 0.0 0.0
0.0 0.0 0.0
0.0 0.0 0.0
0.0 0.0 0.0
0.0 0.0 0.0
0.0 0.0 0.0
0.0 0.0 0.0
0.0 0.0 0.0
0.0 0.0 0.0
-20.970355987548828 29.654462814331055 -2.6693685054779053
0.0 0.0 0.0
0.0 0.0 0.0
0.0 0.0 0.0
0.0 0.0 0.0
0.0 0.0 0.0
0.0 0.0 0.0
0.0 0.0 0.0
0.0 0.0 0.0
0.0 0.0 0.0
0.0 0.0 0.0
-15.443984985351562 25.8507137298584 -3.263611078262329
0.0 0.0 0.0
0.0 0.0 0.0
0.0 0.0 0.0
0.0 0.0 0.0
0.0 0.0 0.0
0.0 0.0 0.0
0.0 0.0 0.0
-12.689292907714844 24.226348876953125 -3.5824949741363525
0.0 0.0 0.0
-11.846309661865234 23.40242576599121 -3.576723098754883
0.0 0.0 0.0
0.0 0.0 0.0
-11.108321189880371 23.131168365478516 -3.701392650604248
0.0 0.0 0.0
0.0 0.0 0.0
0.0 0.0 0.0
0.0 0.0 0.0
-9.802401542663574 22.38261604309082 -3.8367512226104736
0.0 0.0 0.0
0.0 0.0 0.0
-9.02096176147461 21.8341121673584 -3.8839080333709717
0.0 0.0 0.0
0.0 0.0 0.0
0.0 0.0 0.0
0.0 0.0 0.0
0.0 0.0 0.0
-7.715899467468262 21.143131256103516 -4.020268440246582
0.0 0.0 0.0
-7.226880073547363 20.703170776367188 -4.015894889831543
-7.046193599700928 20.646595001220703 -4.0440592765808105
0.0 0.0 0.0
0.0 0.0 0.0
-6.427370071411133 20.205461502075195 -4.068124771118164
-6.3149027824401855 20.340600967407227 -4.131411075592041
-6.103827953338623 20.163761138916016 -4.131977081298828
-5.940383434295654 20.12813949584961 -4.158822536468506
-5.7610273361206055 20.032455444335938 -4.172036647796631
-5.584331512451172 19.938968658447266 -4.185498237609863
-5.4535112380981445 20.006498336791992 -4.232822418212891
-5.242072105407715 19.78168487548828 -4.217467784881592
-5.105134963989258 19.821575164794922 -4.256062030792236
-4.940194606781006 19.749155044555664 -4.2705841064453125
-4.740451335906982 19.526866912841797 -4.252378940582275
-4.626211166381836 19.652591705322266 -4.3093485832214355
-4.425171852111816 19.41358757019043 -4.284019947052002
-4.276125431060791 19.381244659423828 -4.303614139556885
-4.113553524017334 19.28055763244629 -4.307969093322754
-3.9693944454193115 19.26081085205078 -4.3304219245910645
-3.8222246170043945 19.221954345703125 -4.345263957977295
-3.668487071990967 19.156129837036133 -4.354330062866211
-3.5146939754486084 19.070058822631836 -4.358375072479248
-3.3590993881225586 18.964033126831055 -4.357763767242432
-3.219066619873047 18.940040588378906 -4.373281478881836
-3.0788283348083496 18.911476135253906 -4.386916160583496
-2.935147285461426 18.870845794677734 -4.398205757141113
-2.7854936122894287 18.76866912841797 -4.394834518432617
-2.6529977321624756 18.775070190429688 -4.414813995361328
-2.5100531578063965 18.701770782470703 -4.41423225402832
-2.3849079608917236 18.759458541870117 -4.444766044616699
-2.2432141304016113 18.684154510498047 -4.443968296051025
-2.106966972351074 18.66492462158203 -4.455587863922119
-1.972028374671936 18.63006019592285 -4.460412502288818
-1.8379136323928833 18.598020553588867 -4.4660820960998535
-1.7015621662139893 18.534761428833008 -4.464390277862549
-1.5771111249923706 18.599271774291992 -4.493311882019043
-1.443548321723938 18.584461212158203 -4.4993977546691895
-1.3058987855911255 18.477697372436523 -4.48322057723999
-1.1762160062789917 18.46844482421875 -4.490841865539551
-1.0499485731124878 18.51512336730957 -4.512295722961426
-0.9206485152244568 18.512540817260742 -4.518085956573486
-0.786396861076355 18.444795608520508 -4.507725238800049
-0.6574734449386597 18.432918548583984 -4.511101722717285
-0.5304952263832092 18.480823516845703 -4.529336929321289
-0.4019446074962616 18.48306655883789 -4.533416271209717
-0.27316340804100037 18.477184295654297 -4.534182548522949
-0.14187747240066528 18.413511276245117 -4.521020412445068
-0.013851521536707878 18.42479133605957 -4.526431560516357
0.11472832411527634 18.500171661376953 -4.545628070831299
0.24320219457149506 18.476591110229492 -4.538303375244141
0.37167584896087646 18.47488021850586 -4.53657341003418
0.5020188689231873 18.536739349365234 -4.550667762756348
0.6366134285926819 18.63582420349121 -4.572826862335205
0.7645984292030334 18.59074592590332 -4.556478023529053
0.8993236422538757 18.700178146362305 -4.578205108642578
1.0259389877319336 18.630556106567383 -4.556299686431885
1.1590228080749512 18.681339263916016 -4.563823699951172
1.2842711210250854 18.57303237915039 -4.528214454650879
1.4202793836593628 18.653236389160156 -4.5389485359191895
1.5551272630691528 18.70598602294922 -4.543161869049072
1.6885290145874023 18.731287002563477 -4.540876865386963
1.8274692296981812 18.809423446655273 -4.547789573669434
1.9648711681365967 18.837406158447266 -4.541795253753662
2.092965602874756 18.796607971191406 -4.519646167755127
2.23518967628479 18.879459381103516 -4.527421474456787
2.386904716491699 19.02594566345215 -4.547872066497803
2.522766351699829 19.03595733642578 -4.534250736236572
2.664294958114624 19.067344665527344 -4.5256195068359375
2.8092453479766846 19.131792068481445 -4.525207042694092
2.951599597930908 19.172985076904297 -4.517760753631592
3.1219451427459717 19.382720947265625 -4.547592639923096
3.2658305168151855 19.414649963378906 -4.535633563995361
3.4068777561187744 19.426780700683594 -4.51921272277832
3.569917917251587 19.542579650878906 -4.525910377502441
3.712617874145508 19.553306579589844 -4.505526065826416
3.8622682094573975 19.596622467041016 -4.492764472961426
4.033306121826172 19.739648818969727 -4.50282096862793
4.179693698883057 19.754451751708984 -4.483617782592773
4.351866722106934 19.87278938293457 -4.484082221984863
4.521029472351074 19.979021072387695 -4.4819016456604
4.677995204925537 20.0244197845459 -4.466033458709717
4.849228858947754 20.124282836914062 -4.462277889251709
5.038674354553223 20.289981842041016 -4.470577716827393
5.193501949310303 20.298280715942383 -4.4426045417785645
5.358913421630859 20.353933334350586 -4.425539016723633
5.544337749481201 20.478397369384766 -4.423311233520508
5.729777812957764 20.594228744506836 -4.417511463165283
5.927679538726807 20.745615005493164 -4.417454719543457
6.11985969543457 20.857940673828125 -4.40819787979126
6.322309494018555 21.005939483642578 -4.4067702293396
6.527153968811035 21.152326583862305 -4.40389347076416
6.727695941925049 21.275352478027344 -4.393692970275879
6.9100341796875 21.334680557250977 -4.370159149169922
7.1467976570129395 21.552631378173828 -4.3787007331848145
7.347563743591309 21.644208908081055 -4.3603410720825195
7.556234359741211 21.760637283325195 -4.344825744628906
7.778614044189453 21.907752990722656 -4.334986209869385
7.979671001434326 21.98792266845703 -4.311589241027832
8.289270401000977 22.35456085205078 -4.3435750007629395
8.442279815673828 22.282703399658203 -4.287019729614258
8.678235054016113 22.432912826538086 -4.273445129394531
8.95627212524414 22.681154251098633 -4.277811527252197
9.206582069396973 22.848180770874023 -4.266087532043457
9.449188232421875 22.98833656311035 -4.247069835662842
9.724096298217773 23.189189910888672 -4.237148284912109
9.987500190734863 23.36001968383789 -4.221729755401611
10.239739418029785 23.49660873413086 -4.199528694152832
10.56289005279541 23.786296844482422 -4.202384948730469
10.816418647766113 23.907468795776367 -4.173675060272217
0.0 0.0 0.0
11.395332336425781 24.27424430847168 -4.134846210479736
0.0 0.0 0.0
12.084646224975586 24.840133666992188 -4.122687339782715
0.0 0.0 0.0
12.637507438659668 25.08456039428711 -4.05222749710083
0.0 0.0 0.0
13.412440299987793 25.71860122680664 -4.0348944664001465
13.815210342407227 26.04729652404785 -4.025639057159424
14.127867698669434 26.194446563720703 -3.9869515895843506
14.598824501037598 26.624481201171875 -3.9877235889434814
14.878740310668945 26.685338973999023 -3.9299538135528564
15.351698875427246 27.089126586914062 -3.922440767288208
0.0 0.0 0.0
0.0 0.0 0.0
0.0 0.0 0.0
0.0 0.0 0.0
0.0 0.0 0.0
18.146020889282227 29.11072540283203 -3.751915693283081
0.0 0.0 0.0
0.0 0.0 0.0
0.0 0.0 0.0
0.0 0.0 0.0
0.0 0.0 0.0
0.0 0.0 0.0
0.0 0.0 0.0
0.0 0.0 0.0
0.0 0.0 0.0
0.0 0.0 0.0
0.0 0.0 0.0
0.0 0.0 0.0
0.0 0.0 0.0
0.0 0.0 0.0
0.0 0.0 0.0
0.0 0.0 0.0
0.0 0.0 0.0
0.0 0.0 0.0
0.0 0.0 0.0
0.0 0.0 0.0
0.0 0.0 0.0
0.0 0.0 0.0
0.0 0.0 0.0
0.0 0.0 0.0
0.0 0.0 0.0
0.0 0.0 0.0
0.0 0.0 0.0
0.0 0.0 0.0
0.0 0.0 0.0
0.0 0.0 0.0
0.0 0.0 0.0
0.0 0.0 0.0
0.0 0.0 0.0
0.0 0.0 0.0
0.0 0.0 0.0
0.0 0.0 0.0
0.0 0.0 0.0
0.0 0.0 0.0
0.0 0.0 0.0
0.0 0.0 0.0
0.0 0.0 0.0
0.0 0.0 0.0
0.0 0.0 0.0
0.0 0.0 0.0
0.0 0.0 0.0
0.0 0.0 0.0
0.0 0.0 0.0
0.0 0.0 0.0
0.0 0.0 0.0
0.0 0.0 0.0
0.0 0.0 0.0
0.0 0.0 0.0
0.0 0.0 0.0
0.0 0.0 0.0
0.0 0.0 0.0
0.0 0.0 0.0
0.0 0.0 0.0
0.0 0.0 0.0
0.0 0.0 0.0
0.0 0.0 0.0
0.0 0.0 0.0
0.0 0.0 0.0
0.0 0.0 0.0
0.0 0.0 0.0
0.0 0.0 0.0
0.0 0.0 0.0
0.0 0.0 0.0
0.0 0.0 0.0
0.0 0.0 0.0
0.0 0.0 0.0
0.0 0.0 0.0
0.0 0.0 0.0
0.0 0.0 0.0
0.0 0.0 0.0
0.0 0.0 0.0
0.0 0.0 0.0
0.0 0.0 0.0
0.0 0.0 0.0
0.0 0.0 0.0
0.0 0.0 0.0
0.0 0.0 0.0
0.0 0.0 0.0
0.0 0.0 0.0
0.0 0.0 0.0
0.0 0.0 0.0
0.0 0.0 0.0
0.0 0.0 0.0
0.0 0.0 0.0
0.0 0.0 0.0
0.0 0.0 0.0
0.0 0.0 0.0
0.0 0.0 0.0
0.0 0.0 0.0
0.0 0.0 0.0
0.0 0.0 0.0
0.0 0.0 0.0
0.0 0.0 0.0
0.0 0.0 0.0
0.0 0.0 0.0
0.0 0.0 0.0
0.0 0.0 0.0
0.0 0.0 0.0
0.0 0.0 0.0
0.0 0.0 0.0
0.0 0.0 0.0
0.0 0.0 0.0
0.0 0.0 0.0
0.0 0.0 0.0
0.0 0.0 0.0
0.0 0.0 0.0
0.0 0.0 0.0
0.0 0.0 0.0
0.0 0.0 0.0
0.0 0.0 0.0
0.0 0.0 0.0
0.0 0.0 0.0
0.0 0.0 0.0
0.0 0.0 0.0
0.0 0.0 0.0
0.0 0.0 0.0
0.0 0.0 0.0
0.0 0.0 0.0
0.0 0.0 0.0
0.0 0.0 0.0
0.0 0.0 0.0
0.0 0.0 0.0
0.0 0.0 0.0
0.0 0.0 0.0
0.0 0.0 0.0
0.0 0.0 0.0
0.0 0.0 0.0
0.0 0.0 0.0
0.0 0.0 0.0
0.0 0.0 0.0
0.0 0.0 0.0
0.0 0.0 0.0
0.0 0.0 0.0
0.0 0.0 0.0
0.0 0.0 0.0
0.0 0.0 0.0
0.0 0.0 0.0
0.0 0.0 0.0
0.0 0.0 0.0
0.0 0.0 0.0
0.0 0.0 0.0
0.0 0.0 0.0
0.0 0.0 0.0
0.0 0.0 0.0
0.0 0.0 0.0
0.0 0.0 0.0
0.0 0.0 0.0
0.0 0.0 0.0
0.0 0.0 0.0
0.0 0.0 0.0
0.0 0.0 0.0
0.0 0.0 0.0
0.0 0.0 0.0
0.0 0.0 0.0
0.0 0.0 0.0
0.0 0.0 0.0
0.0 0.0 0.0
0.0 0.0 0.0
0.0 0.0 0.0
0.0 0.0 0.0
0.0 0.0 0.0
0.0 0.0 0.0
0.0 0.0 0.0
0.0 0.0 0.0
0.0 0.0 0.0
0.0 0.0 0.0
0.0 0.0 0.0
0.0 0.0 0.0
0.0 0.0 0.0
0.0 0.0 0.0
0.0 0.0 0.0
0.0 0.0 0.0
0.0 0.0 0.0
0.0 0.0 0.0
0.0 0.0 0.0
0.0 0.0 0.0
0.0 0.0 0.0
0.0 0.0 0.0
0.0 0.0 0.0
0.0 0.0 0.0
0.0 0.0 0.0
0.0 0.0 0.0
0.0 0.0 0.0
0.0 0.0 0.0
0.0 0.0 0.0
0.0 0.0 0.0
0.0 0.0 0.0
0.0 0.0 0.0
0.0 0.0 0.0
0.0 0.0 0.0
-19.972841262817383 28.886825561523438 -2.747321128845215
0.0 0.0 0.0
0.0 0.0 0.0
0.0 0.0 0.0
0.0 0.0 0.0
0.0 0.0 0.0
0.0 0.0 0.0
0.0 0.0 0.0
-16.077661514282227 26.27682876586914 -3.178159236907959
0.0 0.0 0.0
0.0 0.0 0.0
0.0 0.0 0.0
0.0 0.0 0.0
0.0 0.0 0.0
-13.766530990600586 24.7790584564209 -3.4099717140197754
0.0 0.0 0.0
0.0 0.0 0.0
0.0 0.0 0.0
0.0 0.0 0.0
0.0 0.0 0.0
0.0 0.0 0.0
-11.549206733703613 23.418909072875977 -3.63224720954895
-11.187700271606445 23.090177536010742 -3.6356287002563477
0.0 0.0 0.0
0.0 0.0 0.0
0.0 0.0 0.0
0.0 0.0 0.0
0.0 0.0 0.0
0.0 0.0 0.0
0.0 0.0 0.0
-9.205963134765625 22.06475830078125 -3.865809917449951
0.0 0.0 0.0
0.0 0.0 0.0
0.0 0.0 0.0
-8.281251907348633 21.520971298217773 -3.946232318878174
-8.017176628112793 21.27425765991211 -3.94340181350708
-7.83273458480835 21.23912239074707 -3.978623390197754
0.0 0.0 0.0
0.0 0.0 0.0
-7.2414140701293945 20.97359275817871 -4.0477471351623535
0.0 0.0 0.0
-6.834646224975586 20.736135482788086 -4.0775041580200195
-6.682682991027832 20.760679244995117 -4.119202613830566
-6.445572853088379 20.513164520263672 -4.106594085693359
-6.249354839324951 20.384660720825195 -4.116504669189453
-6.067899227142334 20.295129776000977 -4.131873607635498
-5.8749799728393555 20.15996742248535 -4.137709140777588
-5.68395471572876 20.031076431274414 -4.145052433013916
-5.571857452392578 20.169538497924805 -4.207108020782471
-5.377800464630127 20.0083065032959 -4.203924179077148
-5.167747497558594 19.775117874145508 -4.185169219970703
-5.035759449005127 19.8330020904541 -4.227837085723877
-4.871392726898193 19.771587371826172 -4.245742321014404
-4.692793846130371 19.634605407714844 -4.244014263153076
-4.538044452667236 19.58932113647461 -4.261431694030762
-4.380807876586914 19.527923583984375 -4.275338172912598
-4.234368801116943 19.510082244873047 -4.298814296722412
-4.06414270401001 19.387310028076172 -4.297529697418213
-3.9068048000335693 19.304203033447266 -4.303080081939697
-3.7683632373809814 19.30974006652832 -4.328453063964844
-3.6215741634368896 19.269275665283203 -4.343633651733398
-3.476280689239502 19.231739044189453 -4.358173370361328
-3.3188183307647705 19.133886337280273 -4.356956958770752
-3.1895670890808105 19.181121826171875 -4.3885498046875
-3.0252296924591064 19.00922393798828 -4.370026111602783
-2.8857970237731934 18.982986450195312 -4.384486675262451
-2.7432186603546143 18.930068969726562 -4.38952112197876
-2.6011388301849365 18.872316360473633 -4.3935017585754395
-2.463042974472046 18.855247497558594 -4.4073944091796875
-2.3270885944366455 18.83319664001465 -4.419979572296143
-2.1879711151123047 18.78075408935547 -4.421934604644775
-2.0604825019836426 18.825693130493164 -4.4465413093566895
-1.9230355024337769 18.778972625732422 -4.449713230133057
-1.7805180549621582 18.693565368652344 -4.444065570831299
-1.652692198753357 18.73255729675293 -4.4650139808654785
-1.5203166007995605 18.71794319152832 -4.471930027008057
-1.3827431201934814 18.630413055419922 -4.461587905883789
-1.2539902925491333 18.651811599731445 -4.47749137878418
-1.118038535118103 18.59701156616211 -4.4735541343688965
-0.9879610538482666 18.591022491455078 -4.478889465332031
-0.8583331108093262 18.58791160583496 -4.48512077331543
-0.7323782444000244 18.678754806518555 -4.514277935028076
-0.5993488430976868 18.5867862701416 -4.4985246658325195
-0.4683169722557068 18.61621856689453 -4.50873327255249
-0.33902519941329956 18.633312225341797 -4.5161261558532715
-0.20934760570526123 18.634315490722656 -4.51984167098999
-0.0795912817120552 18.615440368652344 -4.518949508666992
0.049802638590335846 18.619482040405273 -4.519294738769531
0.17880088090896606 18.56189727783203 -4.504852771759033
0.31146323680877686 18.64002799987793 -4.523564338684082
0.44190943241119385 18.675514221191406 -4.532150745391846
0.5735256671905518 18.72989273071289 -4.541896820068359
0.7040917873382568 18.734270095825195 -4.538644790649414
0.8344084024429321 18.730152130126953 -4.533552169799805
0.964951753616333 18.687110900878906 -4.51920223236084
1.1005939245224 18.776498794555664 -4.534710884094238
1.229646921157837 18.744091033935547 -4.519015312194824
1.372187614440918 18.904001235961914 -4.549855709075928
1.4996739625930786 18.843219757080078 -4.527744770050049
1.6326183080673218 18.82715606689453 -4.5150322914123535
1.7747818231582642 18.935850143432617 -4.5295491218566895
1.917014241218567 19.02837371826172 -4.540286064147949
2.048809289932251 19.01025390625 -4.524785995483398
2.1872642040252686 19.051734924316406 -4.523322582244873
2.33320951461792 19.126819610595703 -4.525763034820557
2.4702608585357666 19.140676498413086 -4.514105319976807
2.613633394241333 19.198795318603516 -4.513046741485596
2.755237340927124 19.23702049255371 -4.507437229156494
2.9135868549346924 19.38033676147461 -4.5230207443237305
3.05783748626709 19.421045303344727 -4.514108180999756
3.193023920059204 19.385208129882812 -4.487240791320801
3.3602423667907715 19.551443099975586 -4.507547855377197
3.5131587982177734 19.62310028076172 -4.503673076629639
3.6526832580566406 19.61521339416504 -4.48016881942749
3.8125336170196533 19.711109161376953 -4.480450630187988
3.9846718311309814 19.84649658203125 -4.4892401695251465
4.13624382019043 19.88406753540039 -4.47496223449707
4.292635440826416 19.939599990844727 -4.462552547454834
4.460930824279785 20.04233169555664 -4.460644721984863
4.615322113037109 20.076763153076172 -4.443551540374756
4.8038411140441895 20.23968505859375 -4.453918933868408
4.979787826538086 20.35015106201172 -4.4499969482421875
5.133219242095947 20.362815856933594 -4.4246625900268555
5.316832542419434 20.48903465270996 -4.423951625823975
5.522191047668457 20.687641143798828 -4.438562870025635
5.691833972930908 20.73313331604004 -4.416835308074951
5.890008926391602 20.884733200073242 -4.417693138122559
6.053467750549316 20.905868530273438 -4.390781402587891
6.251161575317383 21.03957748413086 -4.387429237365723
6.453279972076416 21.179292678833008 -4.383127212524414
6.658082962036133 21.3094539642334 -4.374882221221924
6.893902778625488 21.53714370727539 -4.3867926597595215
7.063944339752197 21.55126190185547 -4.354899883270264
7.251712799072266 21.615144729614258 -4.331797122955322
7.482191562652588 21.797468185424805 -4.330484867095947
7.706518650054932 21.95237922668457 -4.323246955871582
7.951921463012695 22.14777946472168 -4.322714328765869
8.167059898376465 22.25893783569336 -4.305331230163574
8.35466480255127 22.289257049560547 -4.270233631134033
8.617156982421875 22.51202392578125 -4.271617889404297
8.860945701599121 22.67491340637207 -4.260915756225586
9.073001861572266 22.74174690246582 -4.23079252243042
9.3707857131958 23.022016525268555 -4.238339900970459
9.605182647705078 23.135652542114258 -4.2143964767456055
9.894195556640625 23.371349334716797 -4.211997032165527
10.112120628356934 23.430814743041992 -4.1772284507751465
10.424154281616211 23.692432403564453 -4.174741268157959
10.7141695022583 23.89910888671875 -4.162293434143066
0.0 0.0 0.0
11.31887435913086 24.335500717163086 -4.138643264770508
0.0 0.0 0.0
11.954821586608887 24.787012100219727 -4.107728004455566
12.349355697631836 25.156030654907227 -4.114474296569824
12.61828899383545 25.25809097290039 -4.076391696929932
12.852401733398438 25.285573959350586 -4.023484706878662
0.0 0.0 0.0
13.619604110717773 25.895601272583008 -4.002363681793213
14.097441673278809 26.35030174255371 -4.010922908782959
0.0 0.0 0.0
0.0 0.0 0.0
15.209382057189941 27.056303024291992 -3.92327618598938
0.0 0.0 0.0
0.0 0.0 0.0
0.0 0.0 0.0
0.0 0.0 0.0
0.0 0.0 0.0
0.0 0.0 0.0
0.0 0.0 0.0
19.070446014404297 29.894535064697266 -3.7046618461608887
0.0 0.0 0.0
0.0 0.0 0.0
0.0 0.0 0.0
0.0 0.0 0.0
0.0 0.0 0.0
0.0 0.0 0.0
0.0 0.0 0.0
0.0 0.0 0.0
0.0 0.0 0.0
0.0 0.0 0.0
0.0 0.0 0.0
0.0 0.0 0.0
0.0 0.0 0.0
0.0 0.0 0.0
0.0 0.0 0.0
0.0 0.0 0.0
0.0 0.0 0.0
0.0 0.0 0.0
0.0 0.0 0.0
0.0 0.0 0.0
0.0 0.0 0.0
0.0 0.0 0.0
0.0 0.0 0.0
0.0 0.0 0.0
0.0 0.0 0.0
0.0 0.0 0.0
0.0 0.0 0.0
0.0 0.0 0.0
0.0 0.0 0.0
0.0 0.0 0.0
0.0 0.0 0.0
0.0 0.0 0.0
0.0 0.0 0.0
0.0 0.0 0.0
0.0 0.0 0.0
0.0 0.0 0.0
0.0 0.0 0.0
0.0 0.0 0.0
0.0 0.0 0.0
0.0 0.0 0.0
0.0 0.0 0.0
0.0 0.0 0.0
0.0 0.0 0.0
0.0 0.0 0.0
0.0 0.0 0.0
0.0 0.0 0.0
0.0 0.0 0.0
0.0 0.0 0.0
0.0 0.0 0.0
0.0 0.0 0.0
0.0 0.0 0.0
0.0 0.0 0.0
0.0 0.0 0.0
0.0 0.0 0.0
0.0 0.0 0.0
0.0 0.0 0.0
0.0 0.0 0.0
0.0 0.0 0.0
0.0 0.0 0.0
0.0 0.0 0.0
0.0 0.0 0.0
0.0 0.0 0.0
0.0 0.0 0.0
0.0 0.0 0.0
0.0 0.0 0.0
0.0 0.0 0.0
0.0 0.0 0.0
0.0 0.0 0.0
0.0 0.0 0.0
0.0 0.0 0.0
0.0 0.0 0.0
0.0 0.0 0.0
0.0 0.0 0.0
0.0 0.0 0.0
0.0 0.0 0.0
0.0 0.0 0.0
0.0 0.0 0.0
0.0 0.0 0.0
0.0 0.0 0.0
0.0 0.0 0.0
0.0 0.0 0.0
0.0 0.0 0.0
0.0 0.0 0.0
0.0 0.0 0.0
0.0 0.0 0.0
0.0 0.0 0.0
0.0 0.0 0.0
0.0 0.0 0.0
0.0 0.0 0.0
0.0 0.0 0.0
0.0 0.0 0.0
0.0 0.0 0.0
0.0 0.0 0.0
0.0 0.0 0.0
0.0 0.0 0.0
0.0 0.0 0.0
0.0 0.0 0.0
0.0 0.0 0.0
0.0 0.0 0.0
0.0 0.0 0.0
0.0 0.0 0.0
0.0 0.0 0.0
0.0 0.0 0.0
0.0 0.0 0.0
0.0 0.0 0.0
0.0 0.0 0.0
0.0 0.0 0.0
0.0 0.0 0.0
0.0 0.0 0.0
0.0 0.0 0.0
0.0 0.0 0.0
0.0 0.0 0.0
0.0 0.0 0.0
0.0 0.0 0.0
0.0 0.0 0.0
0.0 0.0 0.0
0.0 0.0 0.0
0.0 0.0 0.0
0.0 0.0 0.0
0.0 0.0 0.0
0.0 0.0 0.0
0.0 0.0 0.0
0.0 0.0 0.0
0.0 0.0 0.0
0.0 0.0 0.0
0.0 0.0 0.0
0.0 0.0 0.0
0.0 0.0 0.0
0.0 0.0 0.0
0.0 0.0 0.0
0.0 0.0 0.0
0.0 0.0 0.0
0.0 0.0 0.0
0.0 0.0 0.0
0.0 0.0 0.0
0.0 0.0 0.0
0.0 0.0 0.0
0.0 0.0 0.0
0.0 0.0 0.0
0.0 0.0 0.0
0.0 0.0 0.0
0.0 0.0 0.0
0.0 0.0 0.0
0.0 0.0 0.0
0.0 0.0 0.0
0.0 0.0 0.0
0.0 0.0 0.0
0.0 0.0 0.0
0.0 0.0 0.0
0.0 0.0 0.0
0.0 0.0 0.0
0.0 0.0 0.0
0.0 0.0 0.0
0.0 0.0 0.0
0.0 0.0 0.0
0.0 0.0 0.0
0.0 0.0 0.0
0.0 0.0 0.0
0.0 0.0 0.0
0.0 0.0 0.0
0.0 0.0 0.0
0.0 0.0 0.0
0.0 0.0 0.0
0.0 0.0 0.0
0.0 0.0 0.0
0.0 0.0 0.0
0.0 0.0 0.0
0.0 0.0 0.0
0.0 0.0 0.0
0.0 0.0 0.0
0.0 0.0 0.0
0.0 0.0 0.0
0.0 0.0 0.0
0.0 0.0 0.0
0.0 0.0 0.0
0.0 0.0 0.0
0.0 0.0 0.0
0.0 0.0 0.0
0.0 0.0 0.0
0.0 0.0 0.0
0.0 0.0 0.0
0.0 0.0 0.0
0.0 0.0 0.0
0.0 0.0 0.0
0.0 0.0 0.0
0.0 0.0 0.0
0.0 0.0 0.0
0.0 0.0 0.0
0.0 0.0 0.0
0.0 0.0 0.0
0.0 0.0 0.0
0.0 0.0 0.0
0.0 0.0 0.0
0.0 0.0 0.0
0.0 0.0 0.0
0.0 0.0 0.0
0.0 0.0 0.0
0.0 0.0 0.0
0.0 0.0 0.0
0.0 0.0 0.0
0.0 0.0 0.0
0.0 0.0 0.0
0.0 0.0 0.0
0.0 0.0 0.0
0.0 0.0 0.0
0.0 0.0 0.0
0.0 0.0 0.0
0.0 0.0 0.0
0.0 0.0 0.0
0.0 0.0 0.0
0.0 0.0 0.0
0.0 0.0 0.0
0.0 0.0 0.0
0.0 0.0 0.0
0.0 0.0 0.0
0.0 0.0 0.0
0.0 0.0 0.0
0.0 0.0 0.0
0.0 0.0 0.0
0.0 0.0 0.0
-10.116087913513184 22.670486450195312 -3.7675671577453613
0.0 0.0 0.0
0.0 0.0 0.0
-9.393049240112305 22.294193267822266 -3.846839189529419
0.0 0.0 0.0
0.0 0.0 0.0
-8.615732192993164 21.70473289489746 -3.8770368099212646
0.0 0.0 0.0
-8.145968437194824 21.393177032470703 -3.9072916507720947
0.0 0.0 0.0
-7.712218761444092 21.134239196777344 -3.940065383911133
0.0 0.0 0.0
-7.302533149719238 20.91916275024414 -3.9798359870910645
0.0 0.0 0.0
0.0 0.0 0.0
-6.745877265930176 20.707805633544922 -4.050473690032959
0.0 0.0 0.0
-6.352709770202637 20.465381622314453 -4.0738701820373535
-6.202226638793945 20.49111557006836 -4.113478660583496
-6.008389472961426 20.36065673828125 -4.121109485626221
-5.824252128601074 20.254302978515625 -4.13328218460083
-5.657515048980713 20.202110290527344 -4.154384613037109
-5.497817516326904 20.170944213867188 -4.1788458824157715
-5.309929847717285 20.039087295532227 -4.182832717895508
-5.150597095489502 19.9977970123291 -4.205016613006592
-4.9844069480896 19.925884246826172 -4.219396114349365
-4.812411308288574 19.823226928710938 -4.225379943847656
-4.647353172302246 19.741518020629883 -4.235703945159912
-4.482166290283203 19.66263771057129 -4.247020721435547
-4.324789524078369 19.600839614868164 -4.260803699493408
-4.162089824676514 19.50849723815918 -4.2651801109313965
-4.015685558319092 19.485916137695312 -4.284790992736816
-3.850437641143799 19.364883422851562 -4.2827277183532715
-3.716357469558716 19.40779685974121 -4.31740665435791
-3.562833786010742 19.333818435668945 -4.322329044342041
-3.428630828857422 19.36008071899414 -4.349617958068848
-3.262289047241211 19.197425842285156 -4.334482192993164
-3.1227433681488037 19.183979034423828 -4.3530378341674805
-2.974933624267578 19.128921508789062 -4.3598761558532715
-2.8410122394561768 19.14434242248535 -4.381464958190918
-2.690497636795044 19.041885375976562 -4.376179218292236
-2.549798011779785 18.998676300048828 -4.384537696838379
-2.4120540618896484 18.97374153137207 -4.395421028137207
-2.2886574268341064 19.061643600463867 -4.430456161499023
-2.1325619220733643 18.891769409179688 -4.4059953689575195
-1.9975188970565796 18.871864318847656 -4.416275978088379
-1.8612619638442993 18.8360652923584 -4.422077178955078
-1.7254027128219604 18.796236038208008 -4.42372465133667
-1.591794490814209 18.774383544921875 -4.429771423339844
-1.460471510887146 18.804771423339844 -4.448551177978516
-1.338801383972168 18.944080352783203 -4.493217945098877
-1.1964446306228638 18.787656784057617 -4.463657379150391
-1.0599926710128784 18.69473648071289 -4.449201583862305
-0.932868480682373 18.76405143737793 -4.473567962646484
-0.7982317805290222 18.730043411254883 -4.473668098449707
-0.6698204278945923 18.786911010742188 -4.492188930511475
-0.5385873913764954 18.774789810180664 -4.493307590484619
-0.40686893463134766 18.72377586364746 -4.485314846038818
-0.2759421169757843 18.675642013549805 -4.478206157684326
-0.14424973726272583 18.74107551574707 -4.496292591094971
-0.013943119905889034 18.714933395385742 -4.490347862243652
0.11587852984666824 18.69168472290039 -4.485312461853027
0.24741272628307343 18.811861038208008 -4.5149149894714355
0.3786579370498657 18.832653045654297 -4.5196309089660645
0.5076960325241089 18.75839614868164 -4.498250961303711
0.6413089036941528 18.778100967407227 -4.499572277069092
0.7759687304496765 18.869049072265625 -4.518221855163574
0.9119300842285156 18.95907211303711 -4.536694049835205
1.0392041206359863 18.870773315429688 -4.508523464202881
1.1729635000228882 18.90296173095703 -4.509368419647217
1.3043591976165771 18.85824966430664 -4.491968154907227
1.443928599357605 18.960573196411133 -4.509913921356201
1.5732002258300781 18.918725967407227 -4.490170001983643
1.7257639169692993 19.141250610351562 -4.532382011413574
1.8568617105484009 19.109045028686523 -4.5143818855285645
1.9938044548034668 19.113567352294922 -4.505110263824463
2.133396863937378 19.159400939941406 -4.503583908081055
2.2666759490966797 19.144176483154297 -4.486016273498535
2.412635087966919 19.22995376586914 -4.492267608642578
2.547898530960083 19.224090576171875 -4.4772539138793945
2.7108545303344727 19.39826011657715 -4.502729415893555
2.849632978439331 19.406280517578125 -4.487128257751465
3.0031399726867676 19.50740623474121 -4.493149757385254
3.1509249210357666 19.562231063842773 -4.488559722900391
3.3010406494140625 19.623485565185547 -4.485333442687988
3.4575178623199463 19.714441299438477 -4.485198020935059
3.608201742172241 19.7513484954834 -4.472458362579346
3.762903928756714 19.817434310913086 -4.466752529144287
3.897308588027954 19.773792266845703 -4.436467170715332
4.075718402862549 19.946638107299805 -4.451878070831299
4.2221527099609375 19.95383644104004 -4.4294915199279785
4.409517765045166 20.134862899780273 -4.445247650146484
4.570408344268799 20.195512771606445 -4.434683322906494
4.746267795562744 20.31481170654297 -4.435124397277832
4.915065765380859 20.39583969116211 -4.425580024719238
5.082460403442383 20.464385986328125 -4.413274765014648
5.254615306854248 20.53476333618164 -4.400832653045654
5.453742504119873 20.71176528930664 -4.410589218139648
5.612613201141357 20.72865867614746 -4.383909702301025
5.803787708282471 20.858657836914062 -4.381062030792236
5.967590808868408 20.883930206298828 -4.356113910675049
6.183201789855957 21.07274055480957 -4.36436128616333
6.419209003448486 21.32686424255371 -4.383285045623779
6.572033405303955 21.29674530029297 -4.343536853790283
6.810305595397949 21.536081314086914 -4.358513832092285
6.988417625427246 21.576133728027344 -4.3328142166137695
7.174778461456299 21.636972427368164 -4.309025764465332
7.407048225402832 21.819181442260742 -4.30795431137085
7.625797748565674 21.960102081298828 -4.298871040344238
7.877740383148193 22.185977935791016 -4.3058671951293945
8.080475807189941 22.265361785888672 -4.282469749450684
8.276705741882324 22.321517944335938 -4.253488540649414
8.552034378051758 22.57289695739746 -4.260442733764648
8.778356552124023 22.69339942932129 -4.242812156677246
8.998347282409668 22.79057502746582 -4.219266414642334
9.303882598876953 23.093095779418945 -4.231603622436523
9.548213958740234 23.232261657714844 -4.213172435760498
9.814074516296387 23.40727996826172 -4.199911117553711
10.063319206237793 23.541967391967773 -4.178746223449707
10.368040084838867 23.794525146484375 -4.176018238067627
10.650193214416504 23.984127044677734 -4.161315441131592
10.980058670043945 24.269453048706055 -4.162219524383545
11.192584991455078 24.280563354492188 -4.114004135131836
11.516217231750488 24.532445907592773 -4.105183124542236
11.82244873046875 24.735685348510742 -4.087123394012451
12.11162281036377 24.89426612854004 -4.060871124267578
12.525014877319336 25.29631233215332 -4.072369575500488
0.0 0.0 0.0
0.0 0.0 0.0
0.0 0.0 0.0
0.0 0.0 0.0
0.0 0.0 0.0
14.575550079345703 26.580524444580078 -3.915891170501709
15.179530143737793 27.22325897216797 -3.945218801498413
15.41493034362793 27.20026397705078 -3.875789165496826
0.0 0.0 0.0
16.37575340270996 27.981239318847656 -3.8477706909179688
0.0 0.0 0.0
0.0 0.0 0.0
0.0 0.0 0.0
0.0 0.0 0.0
0.0 0.0 0.0
0.0 0.0 0.0
0.0 0.0 0.0
0.0 0.0 0.0
0.0 0.0 0.0
0.0 0.0 0.0
0.0 0.0 0.0
0.0 0.0 0.0
0.0 0.0 0.0
0.0 0.0 0.0
0.0 0.0 0.0
0.0 0.0 0.0
0.0 0.0 0.0
0.0 0.0 0.0
0.0 0.0 0.0
0.0 0.0 0.0
0.0 0.0 0.0
0.0 0.0 0.0
0.0 0.0 0.0
0.0 0.0 0.0
0.0 0.0 0.0
0.0 0.0 0.0
0.0 0.0 0.0
0.0 0.0 0.0
0.0 0.0 0.0
0.0 0.0 0.0
0.0 0.0 0.0
0.0 0.0 0.0
0.0 0.0 0.0
0.0 0.0 0.0
0.0 0.0 0.0
0.0 0.0 0.0
0.0 0.0 0.0
0.0 0.0 0.0
0.0 0.0 0.0
0.0 0.0 0.0
0.0 0.0 0.0
0.0 0.0 0.0
0.0 0.0 0.0
0.0 0.0 0.0
0.0 0.0 0.0
0.0 0.0 0.0
0.0 0.0 0.0
0.0 0.0 0.0
0.0 0.0 0.0
0.0 0.0 0.0
0.0 0.0 0.0
0.0 0.0 0.0
0.0 0.0 0.0
0.0 0.0 0.0
0.0 0.0 0.0
0.0 0.0 0.0
0.0 0.0 0.0
0.0 0.0 0.0
0.0 0.0 0.0
0.0 0.0 0.0
0.0 0.0 0.0
0.0 0.0 0.0
0.0 0.0 0.0
0.0 0.0 0.0
0.0 0.0 0.0
0.0 0.0 0.0
0.0 0.0 0.0
0.0 0.0 0.0
0.0 0.0 0.0
0.0 0.0 0.0
0.0 0.0 0.0
0.0 0.0 0.0
0.0 0.0 0.0
0.0 0.0 0.0
0.0 0.0 0.0
0.0 0.0 0.0
0.0 0.0 0.0
0.0 0.0 0.0
0.0 0.0 0.0
0.0 0.0 0.0
0.0 0.0 0.0
0.0 0.0 0.0
0.0 0.0 0.0
0.0 0.0 0.0
0.0 0.0 0.0
0.0 0.0 0.0
0.0 0.0 0.0
0.0 0.0 0.0
0.0 0.0 0.0
0.0 0.0 0.0
0.0 0.0 0.0
0.0 0.0 0.0
0.0 0.0 0.0
0.0 0.0 0.0
0.0 0.0 0.0
0.0 0.0 0.0
0.0 0.0 0.0
0.0 0.0 0.0
0.0 0.0 0.0
0.0 0.0 0.0
0.0 0.0 0.0
0.0 0.0 0.0
0.0 0.0 0.0
0.0 0.0 0.0
0.0 0.0 0.0
0.0 0.0 0.0
0.0 0.0 0.0
0.0 0.0 0.0
0.0 0.0 0.0
0.0 0.0 0.0
0.0 0.0 0.0
0.0 0.0 0.0
0.0 0.0 0.0
0.0 0.0 0.0
0.0 0.0 0.0
0.0 0.0 0.0
0.0 0.0 0.0
0.0 0.0 0.0
0.0 0.0 0.0
0.0 0.0 0.0
0.0 0.0 0.0
0.0 0.0 0.0
0.0 0.0 0.0
0.0 0.0 0.0
0.0 0.0 0.0
0.0 0.0 0.0
0.0 0.0 0.0
0.0 0.0 0.0
0.0 0.0 0.0
0.0 0.0 0.0
0.0 0.0 0.0
0.0 0.0 0.0
0.0 0.0 0.0
0.0 0.0 0.0
0.0 0.0 0.0
0.0 0.0 0.0
0.0 0.0 0.0
0.0 0.0 0.0
0.0 0.0 0.0
0.0 0.0 0.0
0.0 0.0 0.0
0.0 0.0 0.0
0.0 0.0 0.0
0.0 0.0 0.0
0.0 0.0 0.0
0.0 0.0 0.0
0.0 0.0 0.0
0.0 0.0 0.0
0.0 0.0 0.0
0.0 0.0 0.0
0.0 0.0 0.0
0.0 0.0 0.0
0.0 0.0 0.0
0.0 0.0 0.0
0.0 0.0 0.0
0.0 0.0 0.0
0.0 0.0 0.0
0.0 0.0 0.0
0.0 0.0 0.0
0.0 0.0 0.0
0.0 0.0 0.0
0.0 0.0 0.0
0.0 0.0 0.0
0.0 0.0 0.0
0.0 0.0 0.0
0.0 0.0 0.0
0.0 0.0 0.0
0.0 0.0 0.0
0.0 0.0 0.0
0.0 0.0 0.0
0.0 0.0 0.0
0.0 0.0 0.0
0.0 0.0 0.0
0.0 0.0 0.0
0.0 0.0 0.0
0.0 0.0 0.0
0.0 0.0 0.0
0.0 0.0 0.0
0.0 0.0 0.0
0.0 0.0 0.0
0.0 0.0 0.0
0.0 0.0 0.0
0.0 0.0 0.0
0.0 0.0 0.0
0.0 0.0 0.0
0.0 0.0 0.0
0.0 0.0 0.0
0.0 0.0 0.0
0.0 0.0 0.0
0.0 0.0 0.0
0.0 0.0 0.0
0.0 0.0 0.0
0.0 0.0 0.0
0.0 0.0 0.0
0.0 0.0 0.0
0.0 0.0 0.0
0.0 0.0 0.0
0.0 0.0 0.0
0.0 0.0 0.0
0.0 0.0 0.0
0.0 0.0 0.0
0.0 0.0 0.0
0.0 0.0 0.0
0.0 0.0 0.0
0.0 0.0 0.0
0.0 0.0 0.0
0.0 0.0 0.0
0.0 0.0 0.0
0.0 0.0 0.0
0.0 0.0 0.0
0.0 0.0 0.0
0.0 0.0 0.0
0.0 0.0 0.0
0.0 0.0 0.0
0.0 0.0 0.0
0.0 0.0 0.0
-12.728790283203125 24.50235366821289 -3.5594165325164795
0.0 0.0 0.0
-11.988640785217285 23.890180587768555 -3.5840210914611816
0.0 0.0 0.0
0.0 0.0 0.0
0.0 0.0 0.0
0.0 0.0 0.0
0.0 0.0 0.0
0.0 0.0 0.0
0.0 0.0 0.0
-9.68199634552002 22.32151222229004 -3.74365234375
0.0 0.0 0.0
-9.285842895507812 22.25300407409668 -3.824042558670044
-9.038399696350098 22.099485397338867 -3.8426852226257324
0.0 0.0 0.0
0.0 0.0 0.0
0.0 0.0 0.0
0.0 0.0 0.0
0.0 0.0 0.0
-7.692896842956543 21.315881729125977 -3.9537577629089355
0.0 0.0 0.0
-7.3108320236206055 21.176401138305664 -4.003716468811035
-7.106634140014648 21.058713912963867 -4.018814563751221
-6.957129955291748 21.10783576965332 -4.066348075866699
-6.716729164123535 20.866565704345703 -4.055667400360107
-6.513913631439209 20.729450225830078 -4.063319683074951
-6.32009744644165 20.612600326538086 -4.074601650238037
-6.112691879272461 20.442672729492188 -4.075033187866211
-5.949952602386475 20.414690017700195 -4.102636337280273
-5.7915940284729 20.408517837524414 -4.133258819580078
-5.586195468902588 20.219480514526367 -4.126086711883545
-5.422374248504639 20.173017501831055 -4.147785663604736
-5.249907970428467 20.088205337524414 -4.161262035369873
-5.111973762512207 20.132400512695312 -4.198789596557617
-4.9236249923706055 19.982807159423828 -4.196361541748047
-4.764064788818359 19.931659698486328 -4.213968276977539
-4.5961103439331055 19.838245391845703 -4.222537040710449
-4.418708801269531 19.695571899414062 -4.217694282531738
-4.276090621948242 19.70097541809082 -4.243948936462402
-4.112274169921875 19.61595916748047 -4.251232147216797
-3.9711709022521973 19.62288475036621 -4.2780632972717285
-3.8151233196258545 19.550443649291992 -4.285514831542969
-3.6659374237060547 19.507129669189453 -4.297878742218018
-3.505467176437378 19.395069122314453 -4.295063495635986
-3.3625426292419434 19.387351989746094 -4.31579065322876
-3.209751844406128 19.303281784057617 -4.317970275878906
-3.0723140239715576 19.305192947387695 -4.336870193481445
-2.9264075756073 19.249570846557617 -4.3429741859436035
-2.7927608489990234 19.27210235595703 -4.366880893707275
-2.639840602874756 19.154029846191406 -4.35880708694458
-2.4982848167419434 19.126510620117188 -4.367891788482666
-2.3571949005126953 19.078838348388672 -4.372249603271484
-2.2226195335388184 19.07931900024414 -4.387796878814697
-2.0798654556274414 19.00313949584961 -4.385848522186279
-1.9386671781539917 18.9304141998291 -4.38156795501709
-1.8085037469863892 18.985837936401367 -4.4065070152282715
-1.6713626384735107 18.94162940979004 -4.408317565917969
-1.5352336168289185 18.900238037109375 -4.410931587219238
-1.4012582302093506 18.877368927001953 -4.415638446807861
-1.2706695795059204 18.899545669555664 -4.429066181182861
-1.1380465030670166 18.92850112915039 -4.444459915161133
-1.0020215511322021 18.853897094726562 -4.435576438903809
-0.8703131675720215 18.850791931152344 -4.442416667938232
-0.7398004531860352 18.87024688720703 -4.451681137084961
-0.609776496887207 18.915393829345703 -4.46724271774292
-0.4749968349933624 18.883663177490234 -4.464954853057861
-0.3432827591896057 18.870006561279297 -4.466864109039307
-0.21066980063915253 18.753755569458008 -4.44045877456665
-0.08082877099514008 18.90265655517578 -4.477053642272949
0.05045495927333832 18.871999740600586 -4.471343517303467
0.18229033052921295 18.92784881591797 -4.486350059509277
0.3157992959022522 18.899944305419922 -4.4780964851379395
0.44714415073394775 18.89036750793457 -4.473430156707764
0.5786964297294617 18.895078659057617 -4.472366809844971
0.7144747376441956 19.00523567199707 -4.496463775634766
0.8437737226486206 18.93644905090332 -4.476097583770752
0.9790949821472168 18.95447540283203 -4.474290370941162
1.1198853254318237 19.1007022857666 -4.503018379211426
1.2542929649353027 19.116891860961914 -4.501255512237549
1.386829137802124 19.10206413269043 -4.491151332855225
1.5152937173843384 19.037742614746094 -4.466427326202393
1.6607768535614014 19.1505069732666 -4.483264446258545
1.8089042901992798 19.300256729125977 -4.509024143218994
1.937603235244751 19.233102798461914 -4.484175205230713
2.0803396701812744 19.30217170715332 -4.487207889556885
2.2176194190979004 19.3134765625 -4.476960182189941
2.354696035385132 19.300899505615234 -4.461166858673096
2.5097296237945557 19.446210861206055 -4.482213020324707
2.64756178855896 19.447593688964844 -4.467031955718994
2.7903056144714355 19.482149124145508 -4.458680152893066
2.947399377822876 19.606081008911133 -4.470827102661133
3.080720901489258 19.566926956176758 -4.445923805236816
3.255871534347534 19.767662048339844 -4.473331928253174
3.3915493488311768 19.734716415405273 -4.446235179901123
3.5593338012695312 19.88100814819336 -4.459570407867432
3.6998419761657715 19.868453979492188 -4.437343120574951
3.8637125492095947 19.97492790222168 -4.4409499168396
4.028008460998535 20.06161117553711 -4.436862468719482
4.1864914894104 20.124984741210938 -4.428032398223877
4.35248327255249 20.217004776000977 -4.4254961013793945
4.506833553314209 20.24801254272461 -4.409604549407959
4.672117233276367 20.32322120666504 -4.400080680847168
4.849221706390381 20.43013572692871 -4.396725177764893
5.026520252227783 20.539794921875 -4.394277572631836
5.198886871337891 20.622072219848633 -4.385902404785156
5.368152141571045 20.684816360473633 -4.371090412139893
5.576988697052002 20.890663146972656 -4.385354042053223
5.750097751617432 20.94268035888672 -4.366567134857178
5.909058570861816 20.949661254882812 -4.338962554931641
6.124837398529053 21.150775909423828 -4.350060939788818
6.3112030029296875 21.24001121520996 -4.336165904998779
6.51460075378418 21.379085540771484 -4.332239627838135
6.727409362792969 21.53038215637207 -4.329901695251465
6.921372890472412 21.622127532958984 -4.315252304077148
7.159173965454102 21.840221405029297 -4.323148250579834
7.341579437255859 21.88142967224121 -4.295724868774414
7.566221714019775 22.040992736816406 -4.291247844696045
7.810008525848389 22.24567985534668 -4.295033931732178
8.016792297363281 22.328393936157227 -4.271695137023926
8.282255172729492 22.572538375854492 -4.279327869415283
8.444869041442871 22.52958106994629 -4.232226371765137
8.644400596618652 22.58241081237793 -4.203139781951904
8.965428352355957 22.942338943481445 -4.228427410125732
9.21802806854248 23.104909896850586 -4.215160369873047
9.50244426727295 23.344615936279297 -4.215976238250732
9.706441879272461 23.37868309020996 -4.179149627685547
9.978912353515625 23.57107162475586 -4.168606281280518
10.25813102722168 23.767852783203125 -4.157254219055176
10.6088228225708 24.1091365814209 -4.169286727905273
10.862439155578613 24.226097106933594 -4.142390251159668
11.135174751281738 24.379833221435547 -4.119873523712158
11.446610450744629 24.60807228088379 -4.108222007751465
11.725574493408203 24.756332397460938 -4.082315444946289
0.0 0.0 0.0
12.420098304748535 25.300668716430664 -4.065956115722656
12.662274360656738 25.346786499023438 -4.018780708312988
12.963688850402832 25.50442886352539 -3.988654851913452
13.345946311950684 25.810447692871094 -3.98063325881958
13.682210922241211 26.01703453063965 -3.9542157649993896
0.0 0.0 0.0
14.539688110351562 26.731260299682617 -3.939566135406494
14.870453834533691 26.89229393005371 -3.90149188041687
15.295056343078613 27.212692260742188 -3.8827197551727295
15.6702241897583 27.430362701416016 -3.847099781036377
16.167387008666992 27.840303421020508 -3.835489511489868
0.0 0.0 0.0
0.0 0.0 0.0
0.0 0.0 0.0
0.0 0.0 0.0
0.0 0.0 0.0
0.0 0.0 0.0
0.0 0.0 0.0
0.0 0.0 0.0
20.850269317626953 31.226964950561523 -3.5429465770721436
0.0 0.0 0.0
0.0 0.0 0.0
0.0 0.0 0.0
0.0 0.0 0.0
0.0 0.0 0.0
0.0 0.0 0.0
0.0 0.0 0.0
0.0 0.0 0.0
0.0 0.0 0.0
0.0 0.0 0.0
0.0 0.0 0.0
0.0 0.0 0.0
0.0 0.0 0.0
0.0 0.0 0.0
0.0 0.0 0.0
0.0 0.0 0.0
0.0 0.0 0.0
0.0 0.0 0.0
0.0 0.0 0.0
0.0 0.0 0.0
0.0 0.0 0.0
0.0 0.0 0.0
0.0 0.0 0.0
0.0 0.0 0.0
0.0 0.0 0.0
0.0 0.0 0.0
0.0 0.0 0.0
0.0 0.0 0.0
0.0 0.0 0.0
0.0 0.0 0.0
0.0 0.0 0.0
0.0 0.0 0.0
0.0 0.0 0.0
0.0 0.0 0.0
0.0 0.0 0.0
0.0 0.0 0.0
0.0 0.0 0.0
0.0 0.0 0.0
0.0 0.0 0.0
0.0 0.0 0.0
0.0 0.0 0.0
0.0 0.0 0.0
0.0 0.0 0.0
0.0 0.0 0.0
0.0 0.0 0.0
0.0 0.0 0.0
0.0 0.0 0.0
0.0 0.0 0.0
0.0 0.0 0.0
0.0 0.0 0.0
0.0 0.0 0.0
0.0 0.0 0.0
0.0 0.0 0.0
0.0 0.0 0.0
0.0 0.0 0.0
0.0 0.0 0.0
0.0 0.0 0.0
0.0 0.0 0.0
0.0 0.0 0.0
0.0 0.0 0.0
0.0 0.0 0.0
0.0 0.0 0.0
0.0 0.0 0.0
0.0 0.0 0.0
0.0 0.0 0.0
0.0 0.0 0.0
0.0 0.0 0.0
0.0 0.0 0.0
0.0 0.0 0.0
0.0 0.0 0.0
0.0 0.0 0.0
0.0 0.0 0.0
0.0 0.0 0.0
0.0 0.0 0.0
0.0 0.0 0.0
0.0 0.0 0.0
0.0 0.0 0.0
0.0 0.0 0.0
0.0 0.0 0.0
0.0 0.0 0.0
0.0 0.0 0.0
0.0 0.0 0.0
0.0 0.0 0.0
0.0 0.0 0.0
0.0 0.0 0.0
0.0 0.0 0.0
0.0 0.0 0.0
0.0 0.0 0.0
0.0 0.0 0.0
0.0 0.0 0.0
0.0 0.0 0.0
0.0 0.0 0.0
0.0 0.0 0.0
0.0 0.0 0.0
0.0 0.0 0.0
0.0 0.0 0.0
0.0 0.0 0.0
0.0 0.0 0.0
0.0 0.0 0.0
0.0 0.0 0.0
0.0 0.0 0.0
0.0 0.0 0.0
0.0 0.0 0.0
0.0 0.0 0.0
0.0 0.0 0.0
0.0 0.0 0.0
0.0 0.0 0.0
0.0 0.0 0.0
0.0 0.0 0.0
0.0 0.0 0.0
0.0 0.0 0.0
0.0 0.0 0.0
0.0 0.0 0.0
0.0 0.0 0.0
0.0 0.0 0.0
0.0 0.0 0.0
0.0 0.0 0.0
0.0 0.0 0.0
0.0 0.0 0.0
0.0 0.0 0.0
0.0 0.0 0.0
0.0 0.0 0.0
0.0 0.0 0.0
0.0 0.0 0.0
0.0 0.0 0.0
0.0 0.0 0.0
0.0 0.0 0.0
0.0 0.0 0.0
0.0 0.0 0.0
0.0 0.0 0.0
0.0 0.0 0.0
0.0 0.0 0.0
0.0 0.0 0.0
0.0 0.0 0.0
0.0 0.0 0.0
0.0 0.0 0.0
0.0 0.0 0.0
0.0 0.0 0.0
0.0 0.0 0.0
0.0 0.0 0.0
0.0 0.0 0.0
0.0 0.0 0.0
0.0 0.0 0.0
0.0 0.0 0.0
0.0 0.0 0.0
0.0 0.0 0.0
0.0 0.0 0.0
0.0 0.0 0.0
0.0 0.0 0.0
0.0 0.0 0.0
0.0 0.0 0.0
0.0 0.0 0.0
0.0 0.0 0.0
0.0 0.0 0.0
0.0 0.0 0.0
0.0 0.0 0.0
0.0 0.0 0.0
0.0 0.0 0.0
0.0 0.0 0.0
0.0 0.0 0.0
0.0 0.0 0.0
0.0 0.0 0.0
0.0 0.0 0.0
0.0 0.0 0.0
0.0 0.0 0.0
0.0 0.0 0.0
0.0 0.0 0.0
0.0 0.0 0.0
0.0 0.0 0.0
0.0 0.0 0.0
0.0 0.0 0.0
0.0 0.0 0.0
0.0 0.0 0.0
0.0 0.0 0.0
0.0 0.0 0.0
0.0 0.0 0.0
0.0 0.0 0.0
0.0 0.0 0.0
0.0 0.0 0.0
0.0 0.0 0.0
0.0 0.0 0.0
0.0 0.0 0.0
0.0 0.0 0.0
0.0 0.0 0.0
0.0 0.0 0.0
0.0 0.0 0.0
0.0 0.0 0.0
0.0 0.0 0.0
0.0 0.0 0.0
0.0 0.0 0.0
0.0 0.0 0.0
0.0 0.0 0.0
0.0 0.0 0.0
0.0 0.0 0.0
0.0 0.0 0.0
0.0 0.0 0.0
0.0 0.0 0.0
-17.001367568969727 27.14232063293457 -3.0868635177612305
0.0 0.0 0.0
0.0 0.0 0.0
0.0 0.0 0.0
0.0 0.0 0.0
0.0 0.0 0.0
0.0 0.0 0.0
0.0 0.0 0.0
0.0 0.0 0.0
-13.440346717834473 24.799453735351562 -3.4209706783294678
0.0 0.0 0.0
-12.830026626586914 24.489425659179688 -3.498368740081787
0.0 0.0 0.0
-12.215253829956055 24.127975463867188 -3.561150550842285
0.0 0.0 0.0
0.0 0.0 0.0
-11.238335609436035 23.402029037475586 -3.613607406616211
0.0 0.0 0.0
0.0 0.0 0.0
0.0 0.0 0.0
0.0 0.0 0.0
0.0 0.0 0.0
0.0 0.0 0.0
0.0 0.0 0.0
0.0 0.0 0.0
0.0 0.0 0.0
0.0 0.0 0.0
-8.478889465332031 21.811634063720703 -3.8652567863464355
0.0 0.0 0.0
0.0 0.0 0.0
0.0 0.0 0.0
0.0 0.0 0.0
0.0 0.0 0.0
0.0 0.0 0.0
-7.0047736167907715 21.00203514099121 -3.9902231693267822
-6.80612850189209 20.889436721801758 -4.003458023071289
-6.648844242095947 20.89963722229004 -4.040162086486816
-6.437071800231934 20.732563018798828 -4.042407989501953
-6.235528945922852 20.597307205200195 -4.05101203918457
-6.0627946853637695 20.541112899780273 -4.071754455566406
-5.902905464172363 20.52408790588379 -4.100020885467529
-5.724920749664307 20.4393310546875 -4.114698886871338
-5.566709041595459 20.419652938842773 -4.142385959625244
-5.384646415710449 20.31822967529297 -4.152018070220947
-5.219303607940674 20.263164520263672 -4.169559001922607
-5.0336151123046875 20.121341705322266 -4.169088363647461
-4.877266883850098 20.089588165283203 -4.19130277633667
-4.739213466644287 20.13139533996582 -4.227578163146973
-4.554051399230957 19.97906494140625 -4.221660614013672
-4.399382591247559 19.940536499023438 -4.239221096038818
-4.222337245941162 19.79237937927246 -4.2333807945251465
-4.063771724700928 19.721534729003906 -4.243350028991699
-3.9067885875701904 19.649982452392578 -4.250275135040283
-3.7587053775787354 19.630096435546875 -4.2688188552856445
-3.60237979888916 19.54866600036621 -4.273639678955078
-3.4575071334838867 19.522409439086914 -4.290539741516113
-3.3059206008911133 19.454418182373047 -4.295013904571533
-3.1474902629852295 19.336395263671875 -4.288074493408203
-3.009669780731201 19.353137969970703 -4.31143045425415
-2.8780078887939453 19.395023345947266 -4.340295791625977
-2.7253239154815674 19.289226531982422 -4.333759307861328
-2.5905253887176514 19.303483963012695 -4.352907180786133
-2.4479668140411377 19.256284713745117 -4.358359336853027
-2.3093717098236084 19.234533309936523 -4.369703769683838
-2.158562183380127 19.121448516845703 -4.359151840209961
-2.029095411300659 19.170501708984375 -4.382807731628418
-1.8889365196228027 19.11632537841797 -4.383058071136475
-1.7534599304199219 19.102848052978516 -4.392796516418457
-1.6214919090270996 19.12642478942871 -4.410896301269531
-1.4799208641052246 19.058982849121094 -4.404438018798828
-1.3468914031982422 19.06252098083496 -4.414398193359375
-1.2121914625167847 19.038545608520508 -4.41818380355835
-1.0787516832351685 19.0288143157959 -4.425467014312744
-0.9423798322677612 18.954345703125 -4.414236068725586
-0.8071538805961609 18.936182022094727 -4.4156107902526855
-0.6773384809494019 18.993026733398438 -4.434602737426758
-0.5442291498184204 18.9653263092041 -4.434080600738525
-0.4153471291065216 19.104564666748047 -4.4703168869018555
-0.28072336316108704 18.992351531982422 -4.445953845977783
-0.14669328927993774 19.04275131225586 -4.45990514755249
-0.014194517396390438 19.03515625 -4.4604597091674805
0.11864805966615677 19.099185943603516 -4.476721286773682
0.24990855157375336 18.98423957824707 -4.448174476623535
0.3853800296783447 19.149776458740234 -4.485558986663818
0.5174639225006104 19.109039306640625 -4.474835395812988
0.6515451073646545 19.071151733398438 -4.464836120605469
0.7849770784378052 19.086572647094727 -4.463252067565918
0.9189798831939697 19.1048526763916 -4.46253776550293
1.0543880462646484 19.144990921020508 -4.467132568359375
1.191105842590332 19.1955623626709 -4.474353790283203
1.3302009105682373 19.2343807220459 -4.475574970245361
1.4702447652816772 19.306718826293945 -4.483819007873535
1.5995473861694336 19.23771858215332 -4.459456443786621
1.7361626625061035 19.258825302124023 -4.456210136413574
1.8717767000198364 19.264253616333008 -4.447440147399902
2.022606611251831 19.390209197998047 -4.464174747467041
2.1683454513549805 19.473590850830078 -4.471390247344971
2.3095226287841797 19.50672721862793 -4.467199802398682
2.4498822689056396 19.527685165405273 -4.45952844619751
2.5932981967926025 19.567190170288086 -4.453066349029541
2.7444798946380615 19.63936424255371 -4.453885078430176
2.884336471557617 19.642793655395508 -4.4395294189453125
3.049466609954834 19.8072452545166 -4.461615085601807
3.1975364685058594 19.850738525390625 -4.452695846557617
3.3325977325439453 19.810396194458008 -4.424898624420166
3.5000550746917725 19.957040786743164 -4.438970565795898
3.6565120220184326 20.015634536743164 -4.433108329772949
3.8101963996887207 20.06638526916504 -4.423496246337891
3.9693779945373535 20.138675689697266 -4.417436122894287
4.151931285858154 20.318269729614258 -4.43480920791626
4.2928948402404785 20.287029266357422 -4.406170845031738
4.453235626220703 20.33302879333496 -4.392702579498291
4.644913196563721 20.524089813232422 -4.408689975738525
4.812353610992432 20.598129272460938 -4.3993940353393555
4.977621555328369 20.65593719482422 -4.386594772338867
5.147438049316406 20.727401733398438 -4.3763861656188965
5.330128192901611 20.830821990966797 -4.369417667388916
5.517720699310303 20.955514907836914 -4.367248058319092
5.71132230758667 21.093435287475586 -4.367612838745117
5.879390716552734 21.130046844482422 -4.346895217895508
6.060835838317871 21.210067749023438 -4.332520484924316
6.271166801452637 21.37266731262207 -4.333762168884277
6.46605110168457 21.482635498046875 -4.324572563171387
6.669404029846191 21.612993240356445 -4.319274425506592
6.882058143615723 21.763830184936523 -4.315975666046143
7.053584575653076 21.777812957763672 -4.284191608428955
7.275190353393555 21.93989372253418 -4.281345844268799
7.484768390655518 22.048307418823242 -4.267088890075684
7.708611488342285 22.19944190979004 -4.260378837585449
7.935388088226318 22.34872817993164 -4.251195907592773
8.146098136901855 22.445409774780273 -4.23168420791626
8.3921537399292 22.630382537841797 -4.2283501625061035
8.683130264282227 22.916780471801758 -4.242140293121338
8.898292541503906 23.000410079956055 -4.216443061828613
9.09930419921875 23.04279899597168 -4.1830220222473145
0.0 0.0 0.0
9.639201164245605 23.450382232666016 -4.173065662384033
9.864885330200195 23.525184631347656 -4.141144275665283
10.19852352142334 23.85431671142578 -4.153935432434082
10.432458877563477 23.939556121826172 -4.123443603515625
10.76675796508789 24.244915008544922 -4.13008975982666
11.1104736328125 24.557884216308594 -4.13461971282959
11.325139999389648 24.567825317382812 -4.086390495300293
11.627777099609375 24.76947784423828 -4.070389270782471
11.8837890625 24.863536834716797 -4.0360307693481445
0.0 0.0 0.0
12.658371925354004 25.565303802490234 -4.042394161224365
12.869606971740723 25.54377555847168 -3.984959363937378
0.0 0.0 0.0
0.0 0.0 0.0
14.052973747253418 26.49361801147461 -3.9578492641448975
14.548736572265625 26.972875595092773 -3.969014883041382
14.809208869934082 27.00530433654785 -3.9127020835876465
0.0 0.0 0.0
15.540117263793945 27.419103622436523 -3.841888904571533
0.0 0.0 0.0
16.481380462646484 28.161510467529297 -3.810317277908325
0.0 0.0 0.0
17.381729125976562 28.764545440673828 -3.7451114654541016
0.0 0.0 0.0
0.0 0.0 0.0
0.0 0.0 0.0
0.0 0.0 0.0
0.0 0.0 0.0
0.0 0.0 0.0
0.0 0.0 0.0
0.0 0.0 0.0
0.0 0.0 0.0
0.0 0.0 0.0
0.0 0.0 0.0
0.0 0.0 0.0
0.0 0.0 0.0
0.0 0.0 0.0
0.0 0.0 0.0
0.0 0.0 0.0
0.0 0.0 0.0
0.0 0.0 0.0
0.0 0.0 0.0
0.0 0.0 0.0
0.0 0.0 0.0
0.0 0.0 0.0
0.0 0.0 0.0
0.0 0.0 0.0
0.0 0.0 0.0
0.0 0.0 0.0
0.0 0.0 0.0
0.0 0.0 0.0
0.0 0.0 0.0
0.0 0.0 0.0
0.0 0.0 0.0
0.0 0.0 0.0
0.0 0.0 0.0
0.0 0.0 0.0
0.0 0.0 0.0
0.0 0.0 0.0
0.0 0.0 0.0
0.0 0.0 0.0
0.0 0.0 0.0
0.0 0.0 0.0
0.0 0.0 0.0
0.0 0.0 0.0
0.0 0.0 0.0
0.0 0.0 0.0
0.0 0.0 0.0
0.0 0.0 0.0
0.0 0.0 0.0
0.0 0.0 0.0
0.0 0.0 0.0
0.0 0.0 0.0
0.0 0.0 0.0
0.0 0.0 0.0
0.0 0.0 0.0
0.0 0.0 0.0
0.0 0.0 0.0
0.0 0.0 0.0
0.0 0.0 0.0
0.0 0.0 0.0
0.0 0.0 0.0
0.0 0.0 0.0
0.0 0.0 0.0
0.0 0.0 0.0
0.0 0.0 0.0
0.0 0.0 0.0
0.0 0.0 0.0
0.0 0.0 0.0
0.0 0.0 0.0
0.0 0.0 0.0
0.0 0.0 0.0
0.0 0.0 0.0
0.0 0.0 0.0
0.0 0.0 0.0
0.0 0.0 0.0
0.0 0.0 0.0
0.0 0.0 0.0
0.0 0.0 0.0
0.0 0.0 0.0
0.0 0.0 0.0
0.0 0.0 0.0
0.0 0.0 0.0
0.0 0.0 0.0
0.0 0.0 0.0
0.0 0.0 0.0
0.0 0.0 0.0
0.0 0.0 0.0
0.0 0.0 0.0
0.0 0.0 0.0
0.0 0.0 0.0
0.0 0.0 0.0
0.0 0.0 0.0
0.0 0.0 0.0
0.0 0.0 0.0
0.0 0.0 0.0
0.0 0.0 0.0
0.0 0.0 0.0
0.0 0.0 0.0
0.0 0.0 0.0
0.0 0.0 0.0
0.0 0.0 0.0
0.0 0.0 0.0
0.0 0.0 0.0
0.0 0.0 0.0
0.0 0.0 0.0
0.0 0.0 0.0
0.0 0.0 0.0
0.0 0.0 0.0
0.0 0.0 0.0
0.0 0.0 0.0
0.0 0.0 0.0
0.0 0.0 0.0
0.0 0.0 0.0
0.0 0.0 0.0
0.0 0.0 0.0
0.0 0.0 0.0
0.0 0.0 0.0
0.0 0.0 0.0
0.0 0.0 0.0
0.0 0.0 0.0
0.0 0.0 0.0
0.0 0.0 0.0
0.0 0.0 0.0
0.0 0.0 0.0
0.0 0.0 0.0
0.0 0.0 0.0
0.0 0.0 0.0
0.0 0.0 0.0
0.0 0.0 0.0
0.0 0.0 0.0
0.0 0.0 0.0
0.0 0.0 0.0
0.0 0.0 0.0
0.0 0.0 0.0
0.0 0.0 0.0
0.0 0.0 0.0
0.0 0.0 0.0
0.0 0.0 0.0
0.0 0.0 0.0
0.0 0.0 0.0
0.0 0.0 0.0
0.0 0.0 0.0
0.0 0.0 0.0
0.0 0.0 0.0
0.0 0.0 0.0
0.0 0.0 0.0
0.0 0.0 0.0
0.0 0.0 0.0
0.0 0.0 0.0
0.0 0.0 0.0
0.0 0.0 0.0
0.0 0.0 0.0
0.0 0.0 0.0
0.0 0.0 0.0
0.0 0.0 0.0
0.0 0.0 0.0
0.0 0.0 0.0
0.0 0.0 0.0
0.0 0.0 0.0
0.0 0.0 0.0
0.0 0.0 0.0
0.0 0.0 0.0
0.0 0.0 0.0
0.0 0.0 0.0
0.0 0.0 0.0
0.0 0.0 0.0
0.0 0.0 0.0
0.0 0.0 0.0
0.0 0.0 0.0
0.0 0.0 0.0
0.0 0.0 0.0
0.0 0.0 0.0
0.0 0.0 0.0
0.0 0.0 0.0
0.0 0.0 0.0
0.0 0.0 0.0
0.0 0.0 0.0
0.0 0.0 0.0
0.0 0.0 0.0
0.0 0.0 0.0
0.0 0.0 0.0
0.0 0.0 0.0
0.0 0.0 0.0
0.0 0.0 0.0
0.0 0.0 0.0
0.0 0.0 0.0
0.0 0.0 0.0
0.0 0.0 0.0
0.0 0.0 0.0
0.0 0.0 0.0
0.0 0.0 0.0
0.0 0.0 0.0
0.0 0.0 0.0
0.0 0.0 0.0
0.0 0.0 0.0
0.0 0.0 0.0
0.0 0.0 0.0
0.0 0.0 0.0
-20.331655502319336 29.408226013183594 -2.7192893028259277
0.0 0.0 0.0
0.0 0.0 0.0
0.0 0.0 0.0
0.0 0.0 0.0
0.0 0.0 0.0
0.0 0.0 0.0
0.0 0.0 0.0
0.0 0.0 0.0
0.0 0.0 0.0
0.0 0.0 0.0
0.0 0.0 0.0
-14.707778930664062 25.6241397857666 -3.279205560684204
0.0 0.0 0.0
0.0 0.0 0.0
-13.589019775390625 24.87299346923828 -3.372515916824341
0.0 0.0 0.0
0.0 0.0 0.0
0.0 0.0 0.0
0.0 0.0 0.0
0.0 0.0 0.0
0.0 0.0 0.0
-11.495241165161133 23.7261905670166 -3.603611946105957
-11.144451141357422 23.417051315307617 -3.608802080154419
0.0 0.0 0.0
-10.614832878112793 23.129281997680664 -3.6625051498413086
0.0 0.0 0.0
0.0 0.0 0.0
0.0 0.0 0.0
0.0 0.0 0.0
0.0 0.0 0.0
-9.168657302856445 22.416767120361328 -3.8251419067382812
0.0 0.0 0.0
0.0 0.0 0.0
0.0 0.0 0.0
0.0 0.0 0.0
0.0 0.0 0.0
-7.769989013671875 21.53127670288086 -3.914480447769165
-7.622535228729248 21.59172248840332 -3.9638619422912598
-7.401758193969727 21.44011116027832 -3.974189043045044
-7.19801664352417 21.330677032470703 -3.990032434463501
-6.943258285522461 21.066862106323242 -3.976400852203369
0.0 0.0 0.0
-6.578106880187988 20.933979034423828 -4.021241664886475
-6.399475574493408 20.872941970825195 -4.042994022369385
-6.22444486618042 20.81795310974121 -4.0645880699157715
-6.023486137390137 20.669448852539062 -4.067732810974121
-5.8371195793151855 20.571468353271484 -4.0810770988464355
-5.679525375366211 20.56026268005371 -4.110029697418213
-5.509637355804443 20.500015258789062 -4.127223491668701
-5.330203056335449 20.397605895996094 -4.135812282562256
-5.188151836395264 20.434900283813477 -4.172783374786377
-4.983930587768555 20.229887008666992 -4.16036319732666
-4.806738376617432 20.112642288208008 -4.162115097045898
-4.672037124633789 20.169248580932617 -4.199902057647705
-4.4806413650512695 19.974687576293945 -4.185348033905029
-4.357266426086426 20.077625274658203 -4.23312520980835
-4.160394191741943 19.847484588623047 -4.208492755889893
-4.01151180267334 19.821496963500977 -4.225882530212402
-3.8498616218566895 19.726882934570312 -4.228681564331055
-3.6997573375701904 19.683574676513672 -4.242451190948486
-3.574765205383301 19.774877548217773 -4.283609867095947
-3.40224552154541 19.613922119140625 -4.268831253051758
-3.2408061027526855 19.488954544067383 -4.2614288330078125
-3.113079071044922 19.56255531311035 -4.297566890716553
-2.9651496410369873 19.50714874267578 -4.304616451263428
-2.812901496887207 19.413484573364258 -4.30025577545166
-2.675644874572754 19.41693687438965 -4.317516326904297
-2.529574394226074 19.370485305786133 -4.324134826660156
-2.396113395690918 19.398408889770508 -4.347226142883301
-2.2480738162994385 19.30120086669922 -4.338681697845459
-2.10882830619812 19.271156311035156 -4.34517240524292
-1.9670045375823975 19.20978355407715 -4.344732284545898
-1.8415447473526 19.33340835571289 -4.3866119384765625
-1.6946130990982056 19.20615577697754 -4.368778705596924
-1.5625418424606323 19.237586975097656 -4.385810852050781
-1.4196833372116089 19.127561569213867 -4.37075662612915
-1.2862093448638916 19.13430404663086 -4.3825459480285645
-1.153120517730713 19.182376861572266 -4.402482509613037
-1.0211799144744873 19.218608856201172 -4.417068004608154
-0.8851039409637451 19.17406463623047 -4.413295745849609
-0.7526789903640747 19.20463752746582 -4.427020072937012
-0.6199992895126343 19.238182067871094 -4.441253185272217
-0.48023074865341187 19.096696853637695 -4.411348819732666
-0.3484295904636383 19.155866622924805 -4.427953243255615
-0.2150738388299942 19.134199142456055 -4.426087856292725
-0.08195838332176208 19.126832962036133 -4.4277424812316895
0.05105597898364067 19.11932945251465 -4.4259724617004395
0.1844055950641632 19.15675163269043 -4.433985710144043
0.3202073276042938 19.162761688232422 -4.434937000274658
0.4540291130542755 19.18308448791504 -4.43942403793335
0.5885230302810669 19.214387893676758 -4.444358825683594
0.7230698466300964 19.233779907226562 -4.444738388061523
0.8575760126113892 19.2446231842041 -4.443349838256836
0.9943221211433411 19.24681854248047 -4.440110206604004
1.1343767642974854 19.34722328186035 -4.458667278289795
1.2714850902557373 19.378948211669922 -4.458300590515137
1.4005428552627563 19.291976928710938 -4.430858135223389
1.5456726551055908 19.420503616333008 -4.453104019165039
1.6940128803253174 19.53641700744629 -4.472455978393555
1.8353397846221924 19.58405303955078 -4.472237586975098
1.9661084413528442 19.516977310180664 -4.445907115936279
2.1046032905578613 19.5285587310791 -4.437730312347412
2.2507436275482178 19.603515625 -4.444110870361328
2.388038158416748 19.575593948364258 -4.424413681030273
2.547002077102661 19.73626136779785 -4.446383476257324
2.6899547576904297 19.75968360900879 -4.437480449676514
2.8359110355377197 19.800960540771484 -4.432751655578613
2.987187147140503 19.871665954589844 -4.433156490325928
3.128441095352173 19.87014389038086 -4.41505765914917
3.2994978427886963 20.032978057861328 -4.433216571807861
3.4382646083831787 20.006671905517578 -4.409887790679932
3.594841480255127 20.08094596862793 -4.4085516929626465
3.767810821533203 20.233474731445312 -4.421035289764404
3.9176971912384033 20.253345489501953 -4.404529571533203
4.074248313903809 20.29043960571289 -4.391526699066162
4.262546062469482 20.48764991760254 -4.413467884063721
4.407748699188232 20.47087287902832 -4.3864641189575195
4.567036151885986 20.516630172729492 -4.372331619262695
4.76387357711792 20.721500396728516 -4.391998291015625
4.945428371429443 20.83480453491211 -4.391578674316406
5.089688777923584 20.79880714416504 -4.358388423919678
5.273403167724609 20.917930603027344 -4.356051445007324
5.424395561218262 20.902076721191406 -4.325607776641846
5.616756916046143 21.040599822998047 -4.327116012573242
5.7968268394470215 21.11419677734375 -4.313870906829834
5.976115703582764 21.18722915649414 -4.29862117767334
6.233358383178711 21.524063110351562 -4.336460113525391
6.457385063171387 21.729793548583984 -4.347230911254883
6.588556289672852 21.6177921295166 -4.294381618499756
0.0 0.0 0.0
7.021943092346191 21.933076858520508 -4.289479732513428
7.238826751708984 22.08087921142578 -4.284788131713867
7.466675281524658 22.25227165222168 -4.284271717071533
7.693548679351807 22.41109275817871 -4.278832912445068
7.890130519866943 22.473596572875977 -4.254000186920166
8.111603736877441 22.59149169921875 -4.23875617980957
8.356298446655273 22.773273468017578 -4.235682010650635
8.534838676452637 22.769289016723633 -4.196451663970947
8.810404777526855 23.01568031311035 -4.2018022537231445
9.032363891601562 23.112340927124023 -4.1792449951171875
9.316305160522461 23.349123001098633 -4.180703639984131
9.602035522460938 23.58810043334961 -4.181615352630615
9.890555381774902 23.820831298828125 -4.179062366485596
10.1376953125 23.944210052490234 -4.1566572189331055
0.0 0.0 0.0
10.732922554016113 24.391653060913086 -4.143089771270752
10.951606750488281 24.42691993713379 -4.1017608642578125
0.0 0.0 0.0
11.515752792358398 24.7579402923584 -4.061245918273926
0.0 0.0 0.0
12.191666603088379 25.279226303100586 -4.044331073760986
0.0 0.0 0.0
12.771465301513672 25.566509246826172 -3.985142230987549
0.0 0.0 0.0
0.0 0.0 0.0
13.947494506835938 26.521800994873047 -3.963136911392212
14.294836044311523 26.721027374267578 -3.933450222015381
14.693589210510254 27.014087677001953 -3.9163031578063965
0.0 0.0 0.0
0.0 0.0 0.0
0.0 0.0 0.0
0.0 0.0 0.0
0.0 0.0 0.0
0.0 0.0 0.0
0.0 0.0 0.0
0.0 0.0 0.0
0.0 0.0 0.0
0.0 0.0 0.0
0.0 0.0 0.0
0.0 0.0 0.0
0.0 0.0 0.0
0.0 0.0 0.0
0.0 0.0 0.0
0.0 0.0 0.0
0.0 0.0 0.0
0.0 0.0 0.0
0.0 0.0 0.0
0.0 0.0 0.0
0.0 0.0 0.0
0.0 0.0 0.0
0.0 0.0 0.0
0.0 0.0 0.0
0.0 0.0 0.0
0.0 0.0 0.0
0.0 0.0 0.0
0.0 0.0 0.0
0.0 0.0 0.0
0.0 0.0 0.0
0.0 0.0 0.0
0.0 0.0 0.0
0.0 0.0 0.0
0.0 0.0 0.0
0.0 0.0 0.0
0.0 0.0 0.0
0.0 0.0 0.0
0.0 0.0 0.0
0.0 0.0 0.0
0.0 0.0 0.0
0.0 0.0 0.0
0.0 0.0 0.0
0.0 0.0 0.0
0.0 0.0 0.0
0.0 0.0 0.0
0.0 0.0 0.0
0.0 0.0 0.0
0.0 0.0 0.0
0.0 0.0 0.0
0.0 0.0 0.0
0.0 0.0 0.0
0.0 0.0 0.0
0.0 0.0 0.0
0.0 0.0 0.0
0.0 0.0 0.0
0.0 0.0 0.0
0.0 0.0 0.0
0.0 0.0 0.0
0.0 0.0 0.0
0.0 0.0 0.0
0.0 0.0 0.0
0.0 0.0 0.0
0.0 0.0 0.0
0.0 0.0 0.0
0.0 0.0 0.0
0.0 0.0 0.0
0.0 0.0 0.0
0.0 0.0 0.0
0.0 0.0 0.0
0.0 0.0 0.0
0.0 0.0 0.0
0.0 0.0 0.0
0.0 0.0 0.0
0.0 0.0 0.0
0.0 0.0 0.0
0.0 0.0 0.0
0.0 0.0 0.0
0.0 0.0 0.0
0.0 0.0 0.0
0.0 0.0 0.0
0.0 0.0 0.0
0.0 0.0 0.0
0.0 0.0 0.0
0.0 0.0 0.0
0.0 0.0 0.0
0.0 0.0 0.0
0.0 0.0 0.0
0.0 0.0 0.0
0.0 0.0 0.0
0.0 0.0 0.0
0.0 0.0 0.0
0.0 0.0 0.0
0.0 0.0 0.0
0.0 0.0 0.0
0.0 0.0 0.0
0.0 0.0 0.0
0.0 0.0 0.0
0.0 0.0 0.0
0.0 0.0 0.0
0.0 0.0 0.0
0.0 0.0 0.0
0.0 0.0 0.0
0.0 0.0 0.0
0.0 0.0 0.0
0.0 0.0 0.0
0.0 0.0 0.0
0.0 0.0 0.0
0.0 0.0 0.0
0.0 0.0 0.0
0.0 0.0 0.0
0.0 0.0 0.0
0.0 0.0 0.0
0.0 0.0 0.0
0.0 0.0 0.0
0.0 0.0 0.0
0.0 0.0 0.0
0.0 0.0 0.0
0.0 0.0 0.0
0.0 0.0 0.0
0.0 0.0 0.0
0.0 0.0 0.0
0.0 0.0 0.0
0.0 0.0 0.0
0.0 0.0 0.0
0.0 0.0 0.0
0.0 0.0 0.0
0.0 0.0 0.0
0.0 0.0 0.0
0.0 0.0 0.0
0.0 0.0 0.0
0.0 0.0 0.0
0.0 0.0 0.0
0.0 0.0 0.0
0.0 0.0 0.0
0.0 0.0 0.0
0.0 0.0 0.0
0.0 0.0 0.0
0.0 0.0 0.0
0.0 0.0 0.0
0.0 0.0 0.0
0.0 0.0 0.0
0.0 0.0 0.0
0.0 0.0 0.0
0.0 0.0 0.0
0.0 0.0 0.0
0.0 0.0 0.0
0.0 0.0 0.0
0.0 0.0 0.0
0.0 0.0 0.0
0.0 0.0 0.0
0.0 0.0 0.0
0.0 0.0 0.0
0.0 0.0 0.0
0.0 0.0 0.0
0.0 0.0 0.0
0.0 0.0 0.0
0.0 0.0 0.0
0.0 0.0 0.0
0.0 0.0 0.0
0.0 0.0 0.0
0.0 0.0 0.0
0.0 0.0 0.0
0.0 0.0 0.0
0.0 0.0 0.0
0.0 0.0 0.0
0.0 0.0 0.0
0.0 0.0 0.0
0.0 0.0 0.0
0.0 0.0 0.0
0.0 0.0 0.0
0.0 0.0 0.0
0.0 0.0 0.0
0.0 0.0 0.0
0.0 0.0 0.0
0.0 0.0 0.0
0.0 0.0 0.0
0.0 0.0 0.0
0.0 0.0 0.0
0.0 0.0 0.0
0.0 0.0 0.0
0.0 0.0 0.0
0.0 0.0 0.0
0.0 0.0 0.0
0.0 0.0 0.0
0.0 0.0 0.0
0.0 0.0 0.0
0.0 0.0 0.0
0.0 0.0 0.0
0.0 0.0 0.0
0.0 0.0 0.0
0.0 0.0 0.0
0.0 0.0 0.0
0.0 0.0 0.0
0.0 0.0 0.0
0.0 0.0 0.0
0.0 0.0 0.0
0.0 0.0 0.0
0.0 0.0 0.0
0.0 0.0 0.0
0.0 0.0 0.0
0.0 0.0 0.0
0.0 0.0 0.0
-21.06730079650879 29.795188903808594 -2.5807907581329346
0.0 0.0 0.0
0.0 0.0 0.0
0.0 0.0 0.0
0.0 0.0 0.0
0.0 0.0 0.0
0.0 0.0 0.0
0.0 0.0 0.0
0.0 0.0 0.0
0.0 0.0 0.0
0.0 0.0 0.0
0.0 0.0 0.0
0.0 0.0 0.0
0.0 0.0 0.0
0.0 0.0 0.0
0.0 0.0 0.0
0.0 0.0 0.0
0.0 0.0 0.0
0.0 0.0 0.0
-12.978235244750977 24.77446937561035 -3.4793617725372314
-12.571921348571777 24.412395477294922 -3.4852294921875
0.0 0.0 0.0
0.0 0.0 0.0
0.0 0.0 0.0
0.0 0.0 0.0
0.0 0.0 0.0
0.0 0.0 0.0
0.0 0.0 0.0
0.0 0.0 0.0
0.0 0.0 0.0
0.0 0.0 0.0
-9.578927993774414 22.73805046081543 -3.7780404090881348
-9.293240547180176 22.49693489074707 -3.7814106941223145
0.0 0.0 0.0
-8.849804878234863 22.296768188476562 -3.8318920135498047
0.0 0.0 0.0
0.0 0.0 0.0
0.0 0.0 0.0
0.0 0.0 0.0
-7.717319011688232 21.61396598815918 -3.9110193252563477
0.0 0.0 0.0
0.0 0.0 0.0
0.0 0.0 0.0
0.0 0.0 0.0
-6.706234455108643 21.082111358642578 -3.9928019046783447
0.0 0.0 0.0
-6.33310079574585 20.921035766601562 -4.027670860290527
-6.130956172943115 20.773395538330078 -4.031555652618408
-5.990764617919922 20.830589294433594 -4.075109004974365
-5.779587745666504 20.63597869873047 -4.066684246063232
-5.654135704040527 20.743091583251953 -4.117571830749512
-5.4091620445251465 20.41239356994629 -4.081813335418701
-5.271877288818359 20.468843460083008 -4.122711181640625
-5.113609790802002 20.44291114807129 -4.1450114250183105
-4.937154293060303 20.337711334228516 -4.150203704833984
-4.756124019622803 20.20501708984375 -4.149634838104248
-4.5934953689575195 20.153423309326172 -4.166070938110352
-4.466484546661377 20.24617576599121 -4.210672855377197
-4.2676544189453125 20.005271911621094 -4.183892250061035
-4.121064186096191 19.998779296875 -4.205997943878174
-3.9710373878479004 19.97243881225586 -4.224043369293213
-3.7954280376434326 19.821496963500977 -4.215620040893555
-3.6612019538879395 19.868675231933594 -4.245947360992432
-3.532642364501953 19.948747634887695 -4.283579349517822
-3.3544914722442627 19.741657257080078 -4.259585857391357
-3.2107067108154297 19.725427627563477 -4.276714324951172
-3.057183265686035 19.660037994384766 -4.280496597290039
-2.920865058898926 19.683950424194336 -4.302882671356201
-2.761782646179199 19.548166275024414 -4.290460586547852
-2.624173641204834 19.554889678955078 -4.309367656707764
-2.4653375148773193 19.394533157348633 -4.289456844329834
-2.3325552940368652 19.430307388305664 -4.311189651489258
-2.194481611251831 19.442609786987305 -4.328184604644775
-2.0504097938537598 19.374088287353516 -4.327084541320801
-1.9065355062484741 19.297151565551758 -4.323213577270508
-1.7787097692489624 19.3792781829834 -4.35195255279541
-1.6422799825668335 19.37318229675293 -4.361132621765137
-1.4998589754104614 19.316864013671875 -4.359361171722412
-1.3646605014801025 19.316410064697266 -4.3701863288879395
-1.2292957305908203 19.30825424194336 -4.375443935394287
-1.096557855606079 19.3448543548584 -4.390824317932129
-0.9585972428321838 19.281604766845703 -4.383732318878174
-0.8249579668045044 19.354450225830078 -4.407934188842773
-0.6867324709892273 19.255624771118164 -4.390311241149902
-0.554161012172699 19.30843734741211 -4.40593957901001
-0.42138436436653137 19.3831729888916 -4.426807403564453
-0.28579360246658325 19.335140228271484 -4.419855117797852
-0.14878927171230316 19.31314468383789 -4.41763162612915
-0.014265905134379864 19.264135360717773 -4.4066314697265625
0.12003904581069946 19.313196182250977 -4.418277740478516
0.25547200441360474 19.38416290283203 -4.435153007507324
0.38884198665618896 19.309551239013672 -4.41872501373291
0.5268056988716125 19.440542221069336 -4.445124626159668
0.6621939539909363 19.372575759887695 -4.426177978515625
0.7973165512084961 19.379850387573242 -4.424709320068359
0.934364914894104 19.420413970947266 -4.4310431480407715
1.071252703666687 19.445480346679688 -4.43088436126709
1.2077064514160156 19.45840835571289 -4.427119731903076
1.3441015481948853 19.432241439819336 -4.414564609527588
1.488707184791565 19.545812606811523 -4.434042453765869
1.6358240842819214 19.670148849487305 -4.45413064956665
1.7649742364883423 19.573762893676758 -4.422084808349609
1.9089347124099731 19.643434524536133 -4.427785396575928
2.0498924255371094 19.647380828857422 -4.418647289276123
2.20524263381958 19.80225944519043 -4.443131923675537
2.341599702835083 19.774898529052734 -4.423408508300781
2.485752582550049 19.810916900634766 -4.418054580688477
2.6318745613098145 19.85724639892578 -4.415156841278076
2.785006046295166 19.928668975830078 -4.417716979980469
2.940739154815674 20.02639389038086 -4.422921180725098
3.0807197093963623 20.009859085083008 -4.4024128913879395
3.2380666732788086 20.10165786743164 -4.405880451202393
3.4114129543304443 20.278871536254883 -4.428031921386719
3.5367703437805176 20.165395736694336 -4.384857654571533
3.7161800861358643 20.340456008911133 -4.4024858474731445
3.8735225200653076 20.398061752319336 -4.395005226135254
4.027411937713623 20.43196678161621 -4.38250207901001
4.198946475982666 20.547277450561523 -4.386609077453613
4.379386901855469 20.695451736450195 -4.394952774047852
4.532702922821045 20.695960998535156 -4.37153434753418
4.695405006408691 20.74806022644043 -4.359537124633789
4.856595039367676 20.787687301635742 -4.344947338104248
5.050097465515137 20.95695686340332 -4.354175090789795
5.233272552490234 21.072595596313477 -4.351880073547363
5.387630939483643 21.056283950805664 -4.321901798248291
5.585486888885498 21.213512420654297 -4.32792854309082
0.0 0.0 0.0
5.921731948852539 21.283769607543945 -4.284868240356445
6.166438579559326 21.580699920654297 -4.3151936531066895
6.348186492919922 21.635372161865234 -4.29617977142334
6.539183616638184 21.726259231567383 -4.283646583557129
6.7638654708862305 21.91851234436035 -4.288934707641602
6.967079162597656 22.031898498535156 -4.27846622467041
7.1889472007751465 22.194669723510742 -4.277236461639404
7.34070348739624 22.136701583862305 -4.233043193817139
7.634546279907227 22.488605499267578 -4.263847827911377
7.811206340789795 22.49327850341797 -4.228913307189941
8.019182205200195 22.583545684814453 -4.209982395172119
8.277206420898438 22.805917739868164 -4.215278625488281
8.50938892364502 22.94684600830078 -4.20265007019043
8.71980094909668 23.01266098022461 -4.175040245056152
8.972969055175781 23.192626953125 -4.16848611831665
9.295788764953613 23.53864288330078 -4.190870761871338
9.511151313781738 23.60299301147461 -4.160654544830322
9.788179397583008 23.811717987060547 -4.154788494110107
10.085186004638672 24.048656463623047 -4.1522393226623535
10.305501937866211 24.102903366088867 -4.118402481079102
10.573095321655273 24.26169776916504 -4.100600242614746
10.82331371307373 24.372106552124023 -4.073221206665039
11.115557670593262 24.568117141723633 -4.059472560882568
0.0 0.0 0.0
0.0 0.0 0.0
12.077749252319336 25.271038055419922 -4.026883602142334
12.385470390319824 25.458921432495117 -4.005748748779297
0.0 0.0 0.0
13.054272651672363 25.912084579467773 -3.971177577972412
0.0 0.0 0.0
13.748441696166992 26.360164642333984 -3.926701784133911
14.1415376663208 26.658260345458984 -3.9140727519989014
14.468435287475586 26.823467254638672 -3.879133701324463
0.0 0.0 0.0
0.0 0.0 0.0
0.0 0.0 0.0
0.0 0.0 0.0
16.53017807006836 28.244709014892578 -3.7584357261657715
0.0 0.0 0.0
0.0 0.0 0.0
17.98540496826172 29.306747436523438 -3.6819405555725098
0.0 0.0 0.0
0.0 0.0 0.0
0.0 0.0 0.0
0.0 0.0 0.0
20.893922805786133 31.52374839782715 -3.5369420051574707
0.0 0.0 0.0
0.0 0.0 0.0
0.0 0.0 0.0
0.0 0.0 0.0
0.0 0.0 0.0
0.0 0.0 0.0
0.0 0.0 0.0
0.0 0.0 0.0
0.0 0.0 0.0
0.0 0.0 0.0
0.0 0.0 0.0
0.0 0.0 0.0
0.0 0.0 0.0
0.0 0.0 0.0
0.0 0.0 0.0
0.0 0.0 0.0
0.0 0.0 0.0
0.0 0.0 0.0
0.0 0.0 0.0
0.0 0.0 0.0
0.0 0.0 0.0
0.0 0.0 0.0
0.0 0.0 0.0
0.0 0.0 0.0
0.0 0.0 0.0
0.0 0.0 0.0
0.0 0.0 0.0
0.0 0.0 0.0
0.0 0.0 0.0
0.0 0.0 0.0
0.0 0.0 0.0
0.0 0.0 0.0
0.0 0.0 0.0
0.0 0.0 0.0
0.0 0.0 0.0
0.0 0.0 0.0
0.0 0.0 0.0
0.0 0.0 0.0
0.0 0.0 0.0
0.0 0.0 0.0
0.0 0.0 0.0
0.0 0.0 0.0
0.0 0.0 0.0
0.0 0.0 0.0
0.0 0.0 0.0
0.0 0.0 0.0
0.0 0.0 0.0
0.0 0.0 0.0
0.0 0.0 0.0
0.0 0.0 0.0
0.0 0.0 0.0
0.0 0.0 0.0
0.0 0.0 0.0
0.0 0.0 0.0
0.0 0.0 0.0
0.0 0.0 0.0
0.0 0.0 0.0
0.0 0.0 0.0
0.0 0.0 0.0
0.0 0.0 0.0
0.0 0.0 0.0
0.0 0.0 0.0
0.0 0.0 0.0
0.0 0.0 0.0
0.0 0.0 0.0
0.0 0.0 0.0
0.0 0.0 0.0
0.0 0.0 0.0
0.0 0.0 0.0
0.0 0.0 0.0
0.0 0.0 0.0
0.0 0.0 0.0
0.0 0.0 0.0
0.0 0.0 0.0
0.0 0.0 0.0
0.0 0.0 0.0
0.0 0.0 0.0
0.0 0.0 0.0
0.0 0.0 0.0
0.0 0.0 0.0
0.0 0.0 0.0
0.0 0.0 0.0
0.0 0.0 0.0
0.0 0.0 0.0
0.0 0.0 0.0
0.0 0.0 0.0
0.0 0.0 0.0
0.0 0.0 0.0
0.0 0.0 0.0
0.0 0.0 0.0
0.0 0.0 0.0
0.0 0.0 0.0
0.0 0.0 0.0
0.0 0.0 0.0
0.0 0.0 0.0
0.0 0.0 0.0
0.0 0.0 0.0
0.0 0.0 0.0
0.0 0.0 0.0
0.0 0.0 0.0
0.0 0.0 0.0
0.0 0.0 0.0
0.0 0.0 0.0
0.0 0.0 0.0
0.0 0.0 0.0
0.0 0.0 0.0
0.0 0.0 0.0
0.0 0.0 0.0
0.0 0.0 0.0
0.0 0.0 0.0
0.0 0.0 0.0
0.0 0.0 0.0
0.0 0.0 0.0
0.0 0.0 0.0
0.0 0.0 0.0
0.0 0.0 0.0
0.0 0.0 0.0
0.0 0.0 0.0
0.0 0.0 0.0
0.0 0.0 0.0
0.0 0.0 0.0
0.0 0.0 0.0
0.0 0.0 0.0
0.0 0.0 0.0
0.0 0.0 0.0
0.0 0.0 0.0
0.0 0.0 0.0
0.0 0.0 0.0
0.0 0.0 0.0
0.0 0.0 0.0
0.0 0.0 0.0
0.0 0.0 0.0
0.0 0.0 0.0
0.0 0.0 0.0
0.0 0.0 0.0
0.0 0.0 0.0
0.0 0.0 0.0
0.0 0.0 0.0
0.0 0.0 0.0
0.0 0.0 0.0
0.0 0.0 0.0
0.0 0.0 0.0
0.0 0.0 0.0
0.0 0.0 0.0
0.0 0.0 0.0
0.0 0.0 0.0
0.0 0.0 0.0
0.0 0.0 0.0
0.0 0.0 0.0
0.0 0.0 0.0
0.0 0.0 0.0
0.0 0.0 0.0
0.0 0.0 0.0
0.0 0.0 0.0
0.0 0.0 0.0
0.0 0.0 0.0
0.0 0.0 0.0
0.0 0.0 0.0
0.0 0.0 0.0
0.0 0.0 0.0
0.0 0.0 0.0
0.0 0.0 0.0
0.0 0.0 0.0
0.0 0.0 0.0
0.0 0.0 0.0
0.0 0.0 0.0
0.0 0.0 0.0
0.0 0.0 0.0
0.0 0.0 0.0
0.0 0.0 0.0
0.0 0.0 0.0
0.0 0.0 0.0
0.0 0.0 0.0
0.0 0.0 0.0
0.0 0.0 0.0
0.0 0.0 0.0
0.0 0.0 0.0
0.0 0.0 0.0
0.0 0.0 0.0
0.0 0.0 0.0
0.0 0.0 0.0
0.0 0.0 0.0
0.0 0.0 0.0
0.0 0.0 0.0
0.0 0.0 0.0
0.0 0.0 0.0
0.0 0.0 0.0
0.0 0.0 0.0
0.0 0.0 0.0
0.0 0.0 0.0
0.0 0.0 0.0
0.0 0.0 0.0
0.0 0.0 0.0
0.0 0.0 0.0
0.0 0.0 0.0
0.0 0.0 0.0
-17.18235206604004 27.224716186523438 -2.9902663230895996
0.0 0.0 0.0
0.0 0.0 0.0
0.0 0.0 0.0
0.0 0.0 0.0
0.0 0.0 0.0
0.0 0.0 0.0
0.0 0.0 0.0
0.0 0.0 0.0
0.0 0.0 0.0
0.0 0.0 0.0
0.0 0.0 0.0
-12.785901069641113 24.61208724975586 -3.453221559524536
0.0 0.0 0.0
0.0 0.0 0.0
0.0 0.0 0.0
-11.534562110900879 23.807048797607422 -3.550989866256714
-11.349838256835938 23.847888946533203 -3.607633113861084
0.0 0.0 0.0
-10.710636138916016 23.33810806274414 -3.6285414695739746
0.0 0.0 0.0
0.0 0.0 0.0
-9.96971321105957 22.985519409179688 -3.712759494781494
0.0 0.0 0.0
-9.424844741821289 22.586856842041016 -3.7357091903686523
0.0 0.0 0.0
0.0 0.0 0.0
-8.796066284179688 22.394634246826172 -3.8313302993774414
0.0 0.0 0.0
-8.328466415405273 22.10321617126465 -3.8602352142333984
0.0 0.0 0.0
0.0 0.0 0.0
0.0 0.0 0.0
0.0 0.0 0.0
0.0 0.0 0.0
0.0 0.0 0.0
0.0 0.0 0.0
0.0 0.0 0.0
0.0 0.0 0.0
-6.285707473754883 21.023954391479492 -4.019521236419678
-6.130774974822998 21.038326263427734 -4.053475379943848
-5.895820617675781 20.77896499633789 -4.033805847167969
-5.76052713394165 20.85358238220215 -4.078260898590088
-5.607367515563965 20.864267349243164 -4.110474586486816
-5.3952860832214355 20.647558212280273 -4.0966477394104
-5.235848903656006 20.62262725830078 -4.118651390075684
-5.061530590057373 20.54488182067871 -4.130589962005615
-4.870718479156494 20.379474639892578 -4.124218463897705
-4.726551055908203 20.402896881103516 -4.155805587768555
-4.569720268249512 20.369787216186523 -4.172971248626709
-4.387588024139404 20.215723037719727 -4.165282249450684
-4.2509660720825195 20.277904510498047 -4.202603816986084
-4.084853172302246 20.1849365234375 -4.2074971199035645
-3.909623861312866 20.034832000732422 -4.1975555419921875
-3.7599799633026123 20.007558822631836 -4.212512016296387
-3.6102242469787598 19.97540855407715 -4.2265424728393555
-3.4541115760803223 19.91609764099121 -4.235259532928467
-3.296539783477783 19.825450897216797 -4.235260486602783
-3.161548137664795 19.866069793701172 -4.261490345001221
-3.0393528938293457 19.992612838745117 -4.306477069854736
-2.8629488945007324 19.755435943603516 -4.273197174072266
-2.724792957305908 19.770469665527344 -4.293943881988525
-2.5782575607299805 19.740007400512695 -4.301975727081299
-2.431396722793579 19.681720733642578 -4.303819179534912
-2.282824754714966 19.599609375 -4.300540447235107
-2.1414759159088135 19.56950569152832 -4.30876350402832
-2.009922981262207 19.630205154418945 -4.333757400512695
-1.866438865661621 19.599185943603516 -4.338224411010742
-1.7249990701675415 19.555557250976562 -4.339854717254639
-1.5858012437820435 19.52992820739746 -4.345638751983643
-1.4504642486572266 19.54940414428711 -4.359469890594482
-1.3047723770141602 19.412364959716797 -4.33656644821167
-1.1782602071762085 19.601655960083008 -4.386936187744141
-1.0347299575805664 19.474044799804688 -4.36647891998291
-0.8988458514213562 19.47125244140625 -4.373264312744141
-0.7632412314414978 19.47202491760254 -4.377747058868408
-0.6266634464263916 19.445194244384766 -4.376232624053955
-0.4894987642765045 19.470779418945312 -4.386809349060059
-0.3535197079181671 19.44965171813965 -4.386993408203125
-0.21796515583992004 19.436037063598633 -4.385168552398682
-0.08304104208946228 19.486343383789062 -4.397567272186279
0.05240796506404877 19.474740982055664 -4.396210193634033
0.18835292756557465 19.515541076660156 -4.406898021697998
0.32614678144454956 19.49875831604004 -4.4022321701049805
0.46093741059303284 19.462392807006836 -4.391571521759033
0.598505973815918 19.531742095947266 -4.404973030090332
0.7346269488334656 19.535383224487305 -4.403759479522705
0.8698275089263916 19.515480041503906 -4.396302700042725
1.0140727758407593 19.628435134887695 -4.4156880378723145
1.1522266864776611 19.649131774902344 -4.414592742919922
1.286372184753418 19.60037612915039 -4.398106575012207
1.4280301332473755 19.664775848388672 -4.40722131729126
1.5672872066497803 19.687217712402344 -4.403072357177734
1.7239559888839722 19.875688552856445 -4.435806751251221
1.856597900390625 19.804964065551758 -4.411015510559082
2.0005741119384766 19.854772567749023 -4.4132843017578125
2.145826578140259 19.907886505126953 -4.4138102531433105
2.287327766418457 19.918540954589844 -4.403594017028809
2.43965744972229 19.996150970458984 -4.408122539520264
2.5879945755004883 20.050140380859375 -4.407764434814453
2.733480930328369 20.07684898376465 -4.4002838134765625
2.888353109359741 20.163501739501953 -4.403374195098877
3.0194320678710938 20.08284568786621 -4.370128631591797
3.1811647415161133 20.201257705688477 -4.380343437194824
3.3376893997192383 20.261573791503906 -4.377716541290283
3.498159408569336 20.351917266845703 -4.378134250640869
3.6485989093780518 20.3770694732666 -4.364597320556641
3.8043019771575928 20.427438735961914 -4.356587886810303
3.98500394821167 20.600502014160156 -4.374695301055908
4.152878284454346 20.682157516479492 -4.37052583694458
4.311786651611328 20.725679397583008 -4.35759973526001
4.481167316436768 20.812881469726562 -4.353881359100342
4.652805805206299 20.90249252319336 -4.350638389587402
4.815700054168701 20.946189880371094 -4.3365983963012695
5.002354145050049 21.07425308227539 -4.337461471557617
5.182284355163574 21.17519760131836 -4.33302116394043
5.341221809387207 21.185527801513672 -4.31007719039917
0.0 0.0 0.0
5.7168450355529785 21.414342880249023 -4.302948951721191
5.895467281341553 21.472431182861328 -4.2859368324279785
0.0 0.0 0.0
6.279623508453369 21.68503189086914 -4.27178430557251
6.4531145095825195 21.717561721801758 -4.247740745544434
6.683351516723633 21.932498931884766 -4.25855016708374
6.88652229309082 22.038280487060547 -4.247241020202637
7.090034008026123 22.146686553955078 -4.236762046813965
7.326317310333252 22.348663330078125 -4.2423505783081055
7.511998176574707 22.388315200805664 -4.215558052062988
7.762441158294678 22.611940383911133 -4.223039627075195
7.990724563598633 22.76068878173828 -4.216071605682373
8.213834762573242 22.87769889831543 -4.201491355895996
8.422146797180176 22.953969955444336 -4.1779398918151855
8.62515926361084 23.01041030883789 -4.150604248046875
8.913209915161133 23.284669876098633 -4.162095069885254
9.222307205200195 23.599288940429688 -4.179581165313721
9.416406631469727 23.60224723815918 -4.138418674468994
9.686551094055176 23.797515869140625 -4.131361961364746
9.928648948669434 23.915468215942383 -4.110381126403809
10.219667434692383 24.141313552856445 -4.107298851013184
10.52818775177002 24.396589279174805 -4.105998516082764
10.853652954101562 24.668678283691406 -4.105579376220703
11.04299259185791 24.632015228271484 -4.054077625274658
11.31738567352295 24.780109405517578 -4.03272819519043
11.664071083068848 25.076810836791992 -4.032589435577393
11.8966064453125 25.118288040161133 -3.9904239177703857
12.242694854736328 25.382755279541016 -3.982107639312744
0.0 0.0 0.0
0.0 0.0 0.0
0.0 0.0 0.0
0.0 0.0 0.0
13.99213981628418 26.605220794677734 -3.902547836303711
14.372389793395996 26.86579704284668 -3.8813674449920654
14.722990036010742 27.065744400024414 -3.8509860038757324
0.0 0.0 0.0
0.0 0.0 0.0
0.0 0.0 0.0
0.0 0.0 0.0
0.0 0.0 0.0
0.0 0.0 0.0
0.0 0.0 0.0
0.0 0.0 0.0
0.0 0.0 0.0
0.0 0.0 0.0
0.0 0.0 0.0
0.0 0.0 0.0
0.0 0.0 0.0
0.0 0.0 0.0
0.0 0.0 0.0
0.0 0.0 0.0
0.0 0.0 0.0
24.894245147705078 34.608062744140625 -3.2846851348876953
0.0 0.0 0.0
0.0 0.0 0.0
0.0 0.0 0.0
0.0 0.0 0.0
0.0 0.0 0.0
0.0 0.0 0.0
86.12255859375 127.44430541992188 21.229536056518555
0.0 0.0 0.0
0.0 0.0 0.0
0.0 0.0 0.0
0.0 0.0 0.0
0.0 0.0 0.0
0.0 0.0 0.0
0.0 0.0 0.0
0.0 0.0 0.0
0.0 0.0 0.0
0.0 0.0 0.0
0.0 0.0 0.0
0.0 0.0 0.0
0.0 0.0 0.0
0.0 0.0 0.0
0.0 0.0 0.0
0.0 0.0 0.0
0.0 0.0 0.0
0.0 0.0 0.0
0.0 0.0 0.0
0.0 0.0 0.0
0.0 0.0 0.0
0.0 0.0 0.0
0.0 0.0 0.0
0.0 0.0 0.0
0.0 0.0 0.0
0.0 0.0 0.0
0.0 0.0 0.0
0.0 0.0 0.0
0.0 0.0 0.0
0.0 0.0 0.0
0.0 0.0 0.0
0.0 0.0 0.0
0.0 0.0 0.0
0.0 0.0 0.0
0.0 0.0 0.0
0.0 0.0 0.0
0.0 0.0 0.0
0.0 0.0 0.0
0.0 0.0 0.0
0.0 0.0 0.0
0.0 0.0 0.0
0.0 0.0 0.0
0.0 0.0 0.0
0.0 0.0 0.0
0.0 0.0 0.0
0.0 0.0 0.0
0.0 0.0 0.0
0.0 0.0 0.0
0.0 0.0 0.0
0.0 0.0 0.0
0.0 0.0 0.0
0.0 0.0 0.0
0.0 0.0 0.0
0.0 0.0 0.0
0.0 0.0 0.0
0.0 0.0 0.0
0.0 0.0 0.0
0.0 0.0 0.0
0.0 0.0 0.0
0.0 0.0 0.0
0.0 0.0 0.0
0.0 0.0 0.0
0.0 0.0 0.0
0.0 0.0 0.0
0.0 0.0 0.0
0.0 0.0 0.0
0.0 0.0 0.0
0.0 0.0 0.0
0.0 0.0 0.0
0.0 0.0 0.0
0.0 0.0 0.0
0.0 0.0 0.0
0.0 0.0 0.0
0.0 0.0 0.0
0.0 0.0 0.0
0.0 0.0 0.0
0.0 0.0 0.0
0.0 0.0 0.0
0.0 0.0 0.0
0.0 0.0 0.0
0.0 0.0 0.0
0.0 0.0 0.0
0.0 0.0 0.0
0.0 0.0 0.0
0.0 0.0 0.0
0.0 0.0 0.0
0.0 0.0 0.0
0.0 0.0 0.0
0.0 0.0 0.0
0.0 0.0 0.0
0.0 0.0 0.0
0.0 0.0 0.0
0.0 0.0 0.0
0.0 0.0 0.0
0.0 0.0 0.0
0.0 0.0 0.0
0.0 0.0 0.0
0.0 0.0 0.0
0.0 0.0 0.0
0.0 0.0 0.0
0.0 0.0 0.0
0.0 0.0 0.0
0.0 0.0 0.0
0.0 0.0 0.0
0.0 0.0 0.0
0.0 0.0 0.0
0.0 0.0 0.0
0.0 0.0 0.0
0.0 0.0 0.0
0.0 0.0 0.0
0.0 0.0 0.0
0.0 0.0 0.0
0.0 0.0 0.0
0.0 0.0 0.0
0.0 0.0 0.0
0.0 0.0 0.0
0.0 0.0 0.0
0.0 0.0 0.0
0.0 0.0 0.0
0.0 0.0 0.0
0.0 0.0 0.0
0.0 0.0 0.0
0.0 0.0 0.0
0.0 0.0 0.0
0.0 0.0 0.0
0.0 0.0 0.0
0.0 0.0 0.0
0.0 0.0 0.0
0.0 0.0 0.0
0.0 0.0 0.0
0.0 0.0 0.0
0.0 0.0 0.0
0.0 0.0 0.0
0.0 0.0 0.0
0.0 0.0 0.0
0.0 0.0 0.0
0.0 0.0 0.0
0.0 0.0 0.0
0.0 0.0 0.0
0.0 0.0 0.0
0.0 0.0 0.0
0.0 0.0 0.0
0.0 0.0 0.0
0.0 0.0 0.0
0.0 0.0 0.0
0.0 0.0 0.0
0.0 0.0 0.0
0.0 0.0 0.0
0.0 0.0 0.0
0.0 0.0 0.0
0.0 0.0 0.0
0.0 0.0 0.0
0.0 0.0 0.0
0.0 0.0 0.0
0.0 0.0 0.0
0.0 0.0 0.0
0.0 0.0 0.0
0.0 0.0 0.0
0.0 0.0 0.0
0.0 0.0 0.0
0.0 0.0 0.0
0.0 0.0 0.0
0.0 0.0 0.0
0.0 0.0 0.0
0.0 0.0 0.0
0.0 0.0 0.0
0.0 0.0 0.0
0.0 0.0 0.0
0.0 0.0 0.0
0.0 0.0 0.0
0.0 0.0 0.0
0.0 0.0 0.0
0.0 0.0 0.0
0.0 0.0 0.0
0.0 0.0 0.0
0.0 0.0 0.0
0.0 0.0 0.0
0.0 0.0 0.0
0.0 0.0 0.0
0.0 0.0 0.0
0.0 0.0 0.0
0.0 0.0 0.0
0.0 0.0 0.0
0.0 0.0 0.0
0.0 0.0 0.0
0.0 0.0 0.0
0.0 0.0 0.0
0.0 0.0 0.0
0.0 0.0 0.0
0.0 0.0 0.0
0.0 0.0 0.0
0.0 0.0 0.0
0.0 0.0 0.0
0.0 0.0 0.0
0.0 0.0 0.0
0.0 0.0 0.0
0.0 0.0 0.0
0.0 0.0 0.0
0.0 0.0 0.0
0.0 0.0 0.0
0.0 0.0 0.0
0.0 0.0 0.0
0.0 0.0 0.0
-10.888137817382812 23.513172149658203 -3.596231460571289
-10.656631469726562 23.44028091430664 -3.632150411605835
0.0 0.0 0.0
0.0 0.0 0.0
0.0 0.0 0.0
0.0 0.0 0.0
0.0 0.0 0.0
0.0 0.0 0.0
0.0 0.0 0.0
0.0 0.0 0.0
0.0 0.0 0.0
-8.277802467346191 22.20303726196289 -3.857236862182617
0.0 0.0 0.0
0.0 0.0 0.0
0.0 0.0 0.0
-7.321057319641113 21.45305061340332 -3.871563673019409
-7.201994895935059 21.595178604125977 -3.932145595550537
-6.96720027923584 21.38542938232422 -3.9272358417510986
-6.80333948135376 21.386178970336914 -3.9607222080230713
0.0 0.0 0.0
-6.412670135498047 21.182235717773438 -3.9891490936279297
-6.19649600982666 20.99504852294922 -3.984198570251465
-6.07474422454834 21.12346649169922 -4.039114952087402
-5.882951736450195 21.007022857666016 -4.047358512878418
-5.727416515350342 21.014921188354492 -4.079502582550049
-5.499007701873779 20.755525588989258 -4.057070255279541
-5.342439651489258 20.74620246887207 -4.0826592445373535
-5.163923263549805 20.64636993408203 -4.0904107093811035
-4.997916221618652 20.589813232421875 -4.106651306152344
-4.846027374267578 20.5883731842041 -4.131721019744873
-4.666385650634766 20.474342346191406 -4.133571624755859
-4.505268096923828 20.42198944091797 -4.147368907928467
-4.320178031921387 20.252283096313477 -4.137236595153809
-4.179475784301758 20.283843994140625 -4.166928768157959
-4.047205924987793 20.35601806640625 -4.203134536743164
-3.8654215335845947 20.187088012695312 -4.190005302429199
-3.6907520294189453 20.027616500854492 -4.178277492523193
-3.5478484630584717 20.032560348510742 -4.200602054595947
-3.397287607192993 19.99190902709961 -4.210100173950195
-3.263439178466797 20.048269271850586 -4.240213394165039
-3.1128616333007812 20.01712417602539 -4.252357482910156
-2.9671480655670166 19.995899200439453 -4.266398906707764
-2.812798500061035 19.909875869750977 -4.263828277587891
-2.6600961685180664 19.822860717773438 -4.260118007659912
-2.5163004398345947 19.795358657836914 -4.269312381744385
-2.3707408905029297 19.74785804748535 -4.274323463439941
-2.2331647872924805 19.783302307128906 -4.296075344085693
-2.078986644744873 19.643400192260742 -4.277451515197754
-1.9476609230041504 19.711273193359375 -4.304210186004639
-1.8043248653411865 19.656618118286133 -4.304417133331299
-1.6639583110809326 19.627641677856445 -4.31003475189209
-1.51792311668396 19.54914665222168 -4.301276683807373
-1.3894202709197998 19.667354583740234 -4.335874080657959
-1.2462570667266846 19.57910919189453 -4.3251729011535645
-1.108855128288269 19.566001892089844 -4.33121919631958
-0.9721683263778687 19.56404685974121 -4.336691379547119
-0.8375949859619141 19.664295196533203 -4.364153861999512
-0.698200523853302 19.599666595458984 -4.355156421661377
-0.5608775615692139 19.5683650970459 -4.3537397384643555
-0.42460936307907104 19.56318473815918 -4.356456756591797
-0.28951337933540344 19.62999153137207 -4.373067378997803
-0.15069057047367096 19.6386775970459 -4.3769850730896
-0.014091544784605503 19.589200973510742 -4.368113994598389
0.1225205510854721 19.676137924194336 -4.389361381530762
0.25919559597969055 19.652376174926758 -4.382278919219971
0.3942456841468811 19.57048797607422 -4.362456798553467
0.5307518839836121 19.582958221435547 -4.363884449005127
0.6724415421485901 19.666799545288086 -4.381402492523193
0.8084867000579834 19.64756965637207 -4.372822284698486
0.9510601162910461 19.764692306518555 -4.393892765045166
1.0837643146514893 19.671363830566406 -4.368380069732666
1.2308964729309082 19.83218002319336 -4.399503707885742
1.3679122924804688 19.775270462036133 -4.380547046661377
1.5111068487167358 19.839733123779297 -4.386588096618652
1.652419090270996 19.86894989013672 -4.385003566741943
1.798666000366211 19.946563720703125 -4.39426326751709
1.9409215450286865 19.97005271911621 -4.391232013702393
2.0816266536712646 19.951372146606445 -4.375138282775879
2.2311549186706543 20.034330368041992 -4.381701946258545
2.3837344646453857 20.1313533782959 -4.39143705368042
2.5319161415100098 20.18179702758789 -4.39113712310791
2.657721519470215 20.053823471069336 -4.3491315841674805
2.8246309757232666 20.21240997314453 -4.36834716796875
2.9740939140319824 20.25281524658203 -4.362339496612549
3.123828649520874 20.288328170776367 -4.355395793914795
3.2758963108062744 20.33443260192871 -4.349104404449463
3.4421064853668213 20.458982467651367 -4.3576154708862305
3.6110305786132812 20.585979461669922 -4.366586208343506
3.7533223628997803 20.541996002197266 -4.339105129241943
3.9163730144500732 20.621490478515625 -4.337637901306152
4.090435981750488 20.74911880493164 -4.3432416915893555
4.263248443603516 20.860387802124023 -4.345366477966309
4.427666664123535 20.921567916870117 -4.337023735046387
4.576852321624756 20.894977569580078 -4.310252666473389
4.765609264373779 21.055110931396484 -4.319601535797119
4.967253684997559 21.258577346801758 -4.3369975090026855
5.077693462371826 21.069124221801758 -4.274365425109863
5.271807670593262 21.225013732910156 -4.281949996948242
0.0 0.0 0.0
5.666035175323486 21.517364501953125 -4.287397861480713
5.8332929611206055 21.542953491210938 -4.2653303146362305
6.02380895614624 21.64858055114746 -4.259068965911865
6.216119289398193 21.75273323059082 -4.2517476081848145
6.432438850402832 21.921369552612305 -4.2538251876831055
6.633303642272949 22.03727149963379 -4.2459001541137695
6.856496334075928 22.21755599975586 -4.2500739097595215
7.067471504211426 22.348220825195312 -4.244426727294922
7.248801231384277 22.378705978393555 -4.217076778411865
7.462465763092041 22.502641677856445 -4.206995487213135
7.697185516357422 22.671234130859375 -4.204299449920654
7.857277870178223 22.62405776977539 -4.162084579467773
8.108207702636719 22.83367156982422 -4.1651811599731445
8.395561218261719 23.131519317626953 -4.182795524597168
8.600258827209473 23.19188117980957 -4.156982898712158
8.83508014678955 23.317996978759766 -4.142041206359863
9.057928085327148 23.414453506469727 -4.12097692489624
9.29996109008789 23.55204200744629 -4.105467319488525
9.618048667907715 23.86981201171875 -4.120570182800293
9.888076782226562 24.05601692199707 -4.112158298492432
10.080456733703613 24.039440155029297 -4.067251682281494
10.353863716125488 24.21778678894043 -4.054071426391602
10.664377212524414 24.47135353088379 -4.052638053894043
0.0 0.0 0.0
11.280989646911621 24.934377670288086 -4.039353370666504
11.504800796508789 24.95651626586914 -3.9948232173919678
11.877435684204102 25.300037384033203 -4.001823902130127
0.0 0.0 0.0
12.472450256347656 25.634780883789062 -3.956807851791382
12.786293983459473 25.82241439819336 -3.9342293739318848
0.0 0.0 0.0
13.550950050354004 26.42787742614746 -3.9195375442504883
13.941973686218262 26.73264503479004 -3.9101877212524414
0.0 0.0 0.0
14.736059188842773 27.32306480407715 -3.8806874752044678
0.0 0.0 0.0
0.0 0.0 0.0
15.802794456481934 27.885297775268555 -3.775782823562622
0.0 0.0 0.0
16.702678680419922 28.538705825805664 -3.7342212200164795
0.0 0.0 0.0
0.0 0.0 0.0
0.0 0.0 0.0
0.0 0.0 0.0
0.0 0.0 0.0
0.0 0.0 0.0
0.0 0.0 0.0
0.0 0.0 0.0
0.0 0.0 0.0
22.26555633544922 32.59914779663086 -3.417766571044922
0.0 0.0 0.0
0.0 0.0 0.0
0.0 0.0 0.0
0.0 0.0 0.0
0.0 0.0 0.0
0.0 0.0 0.0
0.0 0.0 0.0
0.0 0.0 0.0
0.0 0.0 0.0
0.0 0.0 0.0
0.0 0.0 0.0
0.0 0.0 0.0
0.0 0.0 0.0
0.0 0.0 0.0
0.0 0.0 0.0
0.0 0.0 0.0
0.0 0.0 0.0
0.0 0.0 0.0
0.0 0.0 0.0
0.0 0.0 0.0
0.0 0.0 0.0
0.0 0.0 0.0
0.0 0.0 0.0
0.0 0.0 0.0
0.0 0.0 0.0
0.0 0.0 0.0
0.0 0.0 0.0
0.0 0.0 0.0
0.0 0.0 0.0
0.0 0.0 0.0
0.0 0.0 0.0
0.0 0.0 0.0
0.0 0.0 0.0
0.0 0.0 0.0
0.0 0.0 0.0
0.0 0.0 0.0
0.0 0.0 0.0
0.0 0.0 0.0
0.0 0.0 0.0
0.0 0.0 0.0
0.0 0.0 0.0
0.0 0.0 0.0
0.0 0.0 0.0
0.0 0.0 0.0
0.0 0.0 0.0
0.0 0.0 0.0
0.0 0.0 0.0
0.0 0.0 0.0
0.0 0.0 0.0
0.0 0.0 0.0
0.0 0.0 0.0
0.0 0.0 0.0
0.0 0.0 0.0
0.0 0.0 0.0
0.0 0.0 0.0
0.0 0.0 0.0
0.0 0.0 0.0
0.0 0.0 0.0
0.0 0.0 0.0
0.0 0.0 0.0
0.0 0.0 0.0
0.0 0.0 0.0
0.0 0.0 0.0
0.0 0.0 0.0
0.0 0.0 0.0
0.0 0.0 0.0
0.0 0.0 0.0
0.0 0.0 0.0
0.0 0.0 0.0
0.0 0.0 0.0
0.0 0.0 0.0
0.0 0.0 0.0
0.0 0.0 0.0
0.0 0.0 0.0
0.0 0.0 0.0
0.0 0.0 0.0
0.0 0.0 0.0
0.0 0.0 0.0
0.0 0.0 0.0
0.0 0.0 0.0
0.0 0.0 0.0
0.0 0.0 0.0
0.0 0.0 0.0
0.0 0.0 0.0
0.0 0.0 0.0
0.0 0.0 0.0
0.0 0.0 0.0
0.0 0.0 0.0
0.0 0.0 0.0
0.0 0.0 0.0
0.0 0.0 0.0
0.0 0.0 0.0
0.0 0.0 0.0
0.0 0.0 0.0
0.0 0.0 0.0
0.0 0.0 0.0
0.0 0.0 0.0
0.0 0.0 0.0
0.0 0.0 0.0
0.0 0.0 0.0
0.0 0.0 0.0
0.0 0.0 0.0
0.0 0.0 0.0
0.0 0.0 0.0
0.0 0.0 0.0
0.0 0.0 0.0
0.0 0.0 0.0
0.0 0.0 0.0
0.0 0.0 0.0
0.0 0.0 0.0
0.0 0.0 0.0
0.0 0.0 0.0
0.0 0.0 0.0
0.0 0.0 0.0
0.0 0.0 0.0
0.0 0.0 0.0
0.0 0.0 0.0
0.0 0.0 0.0
0.0 0.0 0.0
0.0 0.0 0.0
0.0 0.0 0.0
0.0 0.0 0.0
0.0 0.0 0.0
0.0 0.0 0.0
0.0 0.0 0.0
0.0 0.0 0.0
0.0 0.0 0.0
0.0 0.0 0.0
0.0 0.0 0.0
0.0 0.0 0.0
0.0 0.0 0.0
0.0 0.0 0.0
0.0 0.0 0.0
0.0 0.0 0.0
0.0 0.0 0.0
0.0 0.0 0.0
0.0 0.0 0.0
0.0 0.0 0.0
0.0 0.0 0.0
0.0 0.0 0.0
0.0 0.0 0.0
0.0 0.0 0.0
0.0 0.0 0.0
0.0 0.0 0.0
0.0 0.0 0.0
0.0 0.0 0.0
0.0 0.0 0.0
0.0 0.0 0.0
0.0 0.0 0.0
0.0 0.0 0.0
0.0 0.0 0.0
0.0 0.0 0.0
0.0 0.0 0.0
0.0 0.0 0.0
0.0 0.0 0.0
0.0 0.0 0.0
0.0 0.0 0.0
0.0 0.0 0.0
0.0 0.0 0.0
0.0 0.0 0.0
0.0 0.0 0.0
0.0 0.0 0.0
0.0 0.0 0.0
0.0 0.0 0.0
0.0 0.0 0.0
0.0 0.0 0.0
0.0 0.0 0.0
0.0 0.0 0.0
0.0 0.0 0.0
0.0 0.0 0.0
0.0 0.0 0.0
0.0 0.0 0.0
0.0 0.0 0.0
0.0 0.0 0.0
0.0 0.0 0.0
0.0 0.0 0.0
0.0 0.0 0.0
0.0 0.0 0.0
0.0 0.0 0.0
0.0 0.0 0.0
0.0 0.0 0.0
0.0 0.0 0.0
0.0 0.0 0.0
0.0 0.0 0.0
0.0 0.0 0.0
0.0 0.0 0.0
0.0 0.0 0.0
0.0 0.0 0.0
0.0 0.0 0.0
0.0 0.0 0.0
-19.529027938842773 29.103269577026367 -2.8023931980133057
0.0 0.0 0.0
0.0 0.0 0.0
0.0 0.0 0.0
0.0 0.0 0.0
0.0 0.0 0.0
0.0 0.0 0.0
0.0 0.0 0.0
0.0 0.0 0.0
0.0 0.0 0.0
-15.024225234985352 26.177026748657227 -3.2388789653778076
0.0 0.0 0.0
0.0 0.0 0.0
-13.879620552062988 25.405872344970703 -3.3277337551116943
-13.512569427490234 25.14988136291504 -3.351398229598999
0.0 0.0 0.0
0.0 0.0 0.0
0.0 0.0 0.0
0.0 0.0 0.0
0.0 0.0 0.0
0.0 0.0 0.0
-11.314592361450195 23.7759952545166 -3.529299259185791
0.0 0.0 0.0
0.0 0.0 0.0
0.0 0.0 0.0
0.0 0.0 0.0
0.0 0.0 0.0
0.0 0.0 0.0
0.0 0.0 0.0
-9.343701362609863 22.849376678466797 -3.7469522953033447
0.0 0.0 0.0
0.0 0.0 0.0
0.0 0.0 0.0
0.0 0.0 0.0
0.0 0.0 0.0
0.0 0.0 0.0
-7.692654132843018 21.79139518737793 -3.837364912033081
0.0 0.0 0.0
0.0 0.0 0.0
0.0 0.0 0.0
-6.906738758087158 21.457321166992188 -3.9146833419799805
-6.7485032081604 21.475933074951172 -3.951526165008545
0.0 0.0 0.0
-6.371160984039307 21.307884216308594 -3.982442855834961
-6.214330673217773 21.323022842407227 -4.016197204589844
-5.9889235496521 21.104673385620117 -4.006298065185547
-5.828621864318848 21.098880767822266 -4.034187316894531
-5.622018814086914 20.917692184448242 -4.02728271484375
-5.446236610412598 20.842493057250977 -4.040584564208984
-5.287050247192383 20.825366973876953 -4.065108299255371
-5.095534324645996 20.684782028198242 -4.0648417472839355
-4.9652419090271 20.777484893798828 -4.107914447784424
-4.779526233673096 20.633895874023438 -4.104315280914307
-4.599261283874512 20.503782272338867 -4.103229522705078
-4.443803787231445 20.47710418701172 -4.122718334197998
-4.269318580627441 20.367767333984375 -4.122684478759766
-4.11518669128418 20.335447311401367 -4.137840270996094
-3.994563102722168 20.471141815185547 -4.18747091293335
-3.813694477081299 20.293697357177734 -4.173135280609131
-3.6503729820251465 20.198183059692383 -4.173042297363281
-3.5051968097686768 20.2113037109375 -4.194723129272461
-3.3417649269104004 20.098478317260742 -4.190018177032471
-3.2005183696746826 20.112844467163086 -4.211907863616943
-3.0603649616241455 20.1340389251709 -4.234051704406738
-2.903348684310913 20.037364959716797 -4.229139804840088
-2.7664642333984375 20.075870513916016 -4.252912998199463
-2.6064419746398926 19.958271026611328 -4.244012832641602
-2.4581358432769775 19.899934768676758 -4.247356414794922
-2.319305896759033 19.913368225097656 -4.262454032897949
-2.1779134273529053 19.903032302856445 -4.272657871246338
-2.035609245300293 19.880294799804688 -4.280370235443115
-1.8895044326782227 19.83770751953125 -4.28418493270874
-1.7485448122024536 19.817291259765625 -4.2899489402771
-1.610909342765808 19.83419418334961 -4.302773952484131
-1.4677544832229614 19.777799606323242 -4.299880504608154
-1.3279179334640503 19.75465202331543 -4.30436897277832
-1.187092661857605 19.749984741210938 -4.311773300170898
-1.0483667850494385 19.73334312438965 -4.313920021057129
-0.90799480676651 19.673797607421875 -4.306869983673096
-0.7720879316329956 19.70477294921875 -4.319833755493164
-0.6351796388626099 19.71573257446289 -4.328629493713379
-0.49854767322540283 19.837276458740234 -4.357786178588867
-0.3579442501068115 19.69080352783203 -4.328228950500488
-0.22062259912490845 19.66542625427246 -4.325478553771973
-0.08430876582860947 19.753541946411133 -4.347906589508057
0.053156159818172455 19.76116943359375 -4.35008430480957
0.19079987704753876 19.775774002075195 -4.3525710105896
0.3306664228439331 19.76649284362793 -4.350004196166992
0.4716292917728424 19.908836364746094 -4.381024360656738
0.608407199382782 19.848356246948242 -4.3662519454956055
0.7488378882408142 19.909555435180664 -4.375515460968018
0.8869207501411438 19.8973388671875 -4.368844032287598
1.0219669342041016 19.781173706054688 -4.339517593383789
1.1634531021118164 19.839431762695312 -4.348739147186279
1.307471513748169 19.924192428588867 -4.359878063201904
1.449134111404419 19.958454132080078 -4.36002254486084
1.585581660270691 19.91941261291504 -4.344360828399658
1.737644910812378 20.035175323486328 -4.36251163482666
1.8838919401168823 20.097322463989258 -4.36668586730957
2.0284409523010254 20.132122039794922 -4.363569259643555
2.1739747524261475 20.16968536376953 -4.361212730407715
2.330740213394165 20.29725456237793 -4.378421783447266
2.4718496799468994 20.260583877563477 -4.359036922454834
2.616030216217041 20.269235610961914 -4.346937656402588
2.7693674564361572 20.34120750427246 -4.348540306091309
2.9139249324798584 20.343957901000977 -4.335498809814453
3.0769948959350586 20.46661949157715 -4.3481035232543945
3.2288527488708496 20.505643844604492 -4.339498996734619
3.377225875854492 20.50173568725586 -4.321375846862793
3.5530130863189697 20.670509338378906 -4.339992046356201
3.7003016471862793 20.664634704589844 -4.321985721588135
3.852541446685791 20.684459686279297 -4.307413578033447
4.024110794067383 20.801162719726562 -4.311602592468262
4.210596561431885 20.968639373779297 -4.325860977172852
4.369946479797363 21.003765106201172 -4.313113212585449
4.544447422027588 21.105266571044922 -4.313165187835693
4.702265739440918 21.12359619140625 -4.293748378753662
4.884761810302734 21.24528694152832 -4.295316219329834
5.0771026611328125 21.387357711791992 -4.300466537475586
5.232623100280762 21.379365921020508 -4.275845527648926
5.420096397399902 21.497251510620117 -4.273453235626221
0.0 0.0 0.0
5.782363414764404 21.65790557861328 -4.2529754638671875
5.951364994049072 21.67435073852539 -4.229736804962158
6.163149356842041 21.849349975585938 -4.2358927726745605
6.333951473236084 21.87142562866211 -4.211139678955078
6.5841522216796875 22.15734100341797 -4.236887454986572
6.784895420074463 22.264482498168945 -4.2280378341674805
6.968380928039551 22.299650192260742 -4.203955173492432
7.220552921295166 22.554100036621094 -4.219498157501221
7.397543907165527 22.564964294433594 -4.189173221588135
7.666833877563477 22.848024368286133 -4.209042549133301
7.80411958694458 22.731788635253906 -4.155018329620361
8.05516529083252 22.94194793701172 -4.158124923706055
8.312479972839355 23.148876190185547 -4.159422874450684
8.503824234008789 23.173477172851562 -4.128290176391602
8.754247665405273 23.351619720458984 -4.124207973480225
9.03197193145752 23.592758178710938 -4.12858772277832
9.215685844421387 23.579730987548828 -4.087709903717041
9.549664497375488 23.933286666870117 -4.109189510345459
9.79591178894043 24.062952041625977 -4.092135429382324
10.02633285522461 24.147979736328125 -4.065581798553467
10.335670471191406 24.412216186523438 -4.06777286529541
10.63390064239502 24.637943267822266 -4.062678337097168
10.879751205444336 24.72519302368164 -4.033429145812988
0.0 0.0 0.0
11.546904563903809 25.282930374145508 -4.032661437988281
0.0 0.0 0.0
12.035331726074219 25.411073684692383 -3.9594831466674805
0.0 0.0 0.0
12.754476547241211 25.98112678527832 -3.9475557804107666
0.0 0.0 0.0
0.0 0.0 0.0
13.768007278442383 26.626522064208984 -3.8878512382507324
14.196745872497559 26.993974685668945 -3.8858699798583984
0.0 0.0 0.0
14.873324394226074 27.342079162597656 -3.821681499481201
0.0 0.0 0.0
0.0 0.0 0.0
0.0 0.0 0.0
0.0 0.0 0.0
0.0 0.0 0.0
0.0 0.0 0.0
0.0 0.0 0.0
0.0 0.0 0.0
0.0 0.0 0.0
0.0 0.0 0.0
0.0 0.0 0.0
0.0 0.0 0.0
0.0 0.0 0.0
0.0 0.0 0.0
0.0 0.0 0.0
0.0 0.0 0.0
0.0 0.0 0.0
0.0 0.0 0.0
0.0 0.0 0.0
0.0 0.0 0.0
0.0 0.0 0.0
0.0 0.0 0.0
0.0 0.0 0.0
0.0 0.0 0.0
0.0 0.0 0.0
0.0 0.0 0.0
0.0 0.0 0.0
0.0 0.0 0.0
0.0 0.0 0.0
0.0 0.0 0.0
0.0 0.0 0.0
0.0 0.0 0.0
0.0 0.0 0.0
0.0 0.0 0.0
0.0 0.0 0.0
0.0 0.0 0.0
0.0 0.0 0.0
0.0 0.0 0.0
0.0 0.0 0.0
0.0 0.0 0.0
0.0 0.0 0.0
0.0 0.0 0.0
0.0 0.0 0.0
0.0 0.0 0.0
0.0 0.0 0.0
0.0 0.0 0.0
0.0 0.0 0.0
0.0 0.0 0.0
0.0 0.0 0.0
0.0 0.0 0.0
0.0 0.0 0.0
0.0 0.0 0.0
0.0 0.0 0.0
0.0 0.0 0.0
0.0 0.0 0.0
0.0 0.0 0.0
0.0 0.0 0.0
0.0 0.0 0.0
0.0 0.0 0.0
0.0 0.0 0.0
0.0 0.0 0.0
0.0 0.0 0.0
0.0 0.0 0.0
0.0 0.0 0.0
0.0 0.0 0.0
0.0 0.0 0.0
0.0 0.0 0.0
0.0 0.0 0.0
0.0 0.0 0.0
0.0 0.0 0.0
0.0 0.0 0.0
0.0 0.0 0.0
0.0 0.0 0.0
0.0 0.0 0.0
0.0 0.0 0.0
0.0 0.0 0.0
0.0 0.0 0.0
0.0 0.0 0.0
0.0 0.0 0.0
0.0 0.0 0.0
0.0 0.0 0.0
0.0 0.0 0.0
0.0 0.0 0.0
0.0 0.0 0.0
0.0 0.0 0.0
0.0 0.0 0.0
0.0 0.0 0.0
0.0 0.0 0.0
0.0 0.0 0.0
0.0 0.0 0.0
0.0 0.0 0.0
0.0 0.0 0.0
0.0 0.0 0.0
0.0 0.0 0.0
0.0 0.0 0.0
0.0 0.0 0.0
0.0 0.0 0.0
0.0 0.0 0.0
0.0 0.0 0.0
0.0 0.0 0.0
0.0 0.0 0.0
0.0 0.0 0.0
0.0 0.0 0.0
0.0 0.0 0.0
0.0 0.0 0.0
0.0 0.0 0.0
0.0 0.0 0.0
0.0 0.0 0.0
0.0 0.0 0.0
0.0 0.0 0.0
0.0 0.0 0.0
0.0 0.0 0.0
0.0 0.0 0.0
0.0 0.0 0.0
0.0 0.0 0.0
0.0 0.0 0.0
0.0 0.0 0.0
0.0 0.0 0.0
0.0 0.0 0.0
0.0 0.0 0.0
0.0 0.0 0.0
0.0 0.0 0.0
0.0 0.0 0.0
0.0 0.0 0.0
0.0 0.0 0.0
0.0 0.0 0.0
0.0 0.0 0.0
0.0 0.0 0.0
0.0 0.0 0.0
0.0 0.0 0.0
0.0 0.0 0.0
0.0 0.0 0.0
0.0 0.0 0.0
0.0 0.0 0.0
0.0 0.0 0.0
0.0 0.0 0.0
0.0 0.0 0.0
0.0 0.0 0.0
0.0 0.0 0.0
0.0 0.0 0.0
0.0 0.0 0.0
0.0 0.0 0.0
0.0 0.0 0.0
0.0 0.0 0.0
0.0 0.0 0.0
0.0 0.0 0.0
0.0 0.0 0.0
0.0 0.0 0.0
0.0 0.0 0.0
0.0 0.0 0.0
0.0 0.0 0.0
0.0 0.0 0.0
0.0 0.0 0.0
0.0 0.0 0.0
0.0 0.0 0.0
0.0 0.0 0.0
0.0 0.0 0.0
0.0 0.0 0.0
0.0 0.0 0.0
0.0 0.0 0.0
0.0 0.0 0.0
0.0 0.0 0.0
0.0 0.0 0.0
0.0 0.0 0.0
0.0 0.0 0.0
0.0 0.0 0.0
0.0 0.0 0.0
0.0 0.0 0.0
0.0 0.0 0.0
0.0 0.0 0.0
0.0 0.0 0.0
0.0 0.0 0.0
0.0 0.0 0.0
0.0 0.0 0.0
0.0 0.0 0.0
0.0 0.0 0.0
0.0 0.0 0.0
0.0 0.0 0.0
0.0 0.0 0.0
0.0 0.0 0.0
0.0 0.0 0.0
0.0 0.0 0.0
0.0 0.0 0.0
0.0 0.0 0.0
0.0 0.0 0.0
0.0 0.0 0.0
0.0 0.0 0.0
0.0 0.0 0.0
0.0 0.0 0.0
0.0 0.0 0.0
0.0 0.0 0.0
0.0 0.0 0.0
0.0 0.0 0.0
0.0 0.0 0.0
0.0 0.0 0.0
0.0 0.0 0.0
0.0 0.0 0.0
0.0 0.0 0.0
0.0 0.0 0.0
0.0 0.0 0.0
0.0 0.0 0.0
0.0 0.0 0.0
0.0 0.0 0.0
0.0 0.0 0.0
0.0 0.0 0.0
0.0 0.0 0.0
0.0 0.0 0.0
0.0 0.0 0.0
0.0 0.0 0.0
0.0 0.0 0.0
0.0 0.0 0.0
-16.869413375854492 27.36355972290039 -3.0400755405426025
0.0 0.0 0.0
0.0 0.0 0.0
0.0 0.0 0.0
0.0 0.0 0.0
0.0 0.0 0.0
0.0 0.0 0.0
0.0 0.0 0.0
0.0 0.0 0.0
0.0 0.0 0.0
-13.115897178649902 25.039155960083008 -3.3887603282928467
0.0 0.0 0.0
-12.415345191955566 24.52741241455078 -3.424684762954712
0.0 0.0 0.0
0.0 0.0 0.0
0.0 0.0 0.0
-11.324992179870605 24.016218185424805 -3.552406072616577
0.0 0.0 0.0
-10.722124099731445 23.58277702331543 -3.5824286937713623
0.0 0.0 0.0
0.0 0.0 0.0
0.0 0.0 0.0
0.0 0.0 0.0
0.0 0.0 0.0
0.0 0.0 0.0
-9.080827713012695 22.878795623779297 -3.7717466354370117
0.0 0.0 0.0
-8.58405590057373 22.546289443969727 -3.7956318855285645
0.0 0.0 0.0
0.0 0.0 0.0
0.0 0.0 0.0
0.0 0.0 0.0
0.0 0.0 0.0
0.0 0.0 0.0
0.0 0.0 0.0
-6.891005039215088 21.660398483276367 -3.924312114715576
0.0 0.0 0.0
-6.532680511474609 21.580047607421875 -3.97304630279541
-6.321333408355713 21.419330596923828 -3.974724769592285
-6.088210105895996 21.171916961669922 -3.959031581878662
-5.964897155761719 21.30024528503418 -4.011355876922607
-5.789704322814941 21.24237632751465 -4.028781414031982
-5.577459335327148 21.050029754638672 -4.020993232727051
-5.425368309020996 21.067276000976562 -4.052628993988037
-5.203580856323242 20.804567337036133 -4.027250289916992
-5.066623210906982 20.871829986572266 -4.0655107498168945
-4.896276473999023 20.799962997436523 -4.076821327209473
-4.727909564971924 20.742212295532227 -4.091341018676758
-4.554105758666992 20.641889572143555 -4.094785690307617
-4.402765274047852 20.637880325317383 -4.116247177124023
-4.2223005294799805 20.490093231201172 -4.10901403427124
-4.078493595123291 20.513744354248047 -4.136175632476807
-3.9033029079437256 20.386436462402344 -4.1321916580200195
-3.757869243621826 20.393362045288086 -4.152782440185547
-3.6045117378234863 20.353986740112305 -4.16407585144043
-3.4621455669403076 20.373855590820312 -4.187636375427246
-3.2833898067474365 20.16981315612793 -4.165163516998291
-3.150972604751587 20.260305404663086 -4.200382709503174
-2.998413562774658 20.205808639526367 -4.205393314361572
-2.8458521366119385 20.14259147644043 -4.208653926849365
-2.6962010860443115 20.093425750732422 -4.214956760406494
-2.5619802474975586 20.157428741455078 -4.242768287658691
-2.415294647216797 20.122079849243164 -4.248459815979004
-2.25921368598938 20.01750373840332 -4.2398505210876465
-2.11384916305542 19.976184844970703 -4.244515895843506
-1.965422511100769 19.896026611328125 -4.239887714385986
-1.829209566116333 19.933324813842773 -4.257509231567383
-1.6880546808242798 19.916383743286133 -4.26375150680542
-1.5518962144851685 19.989986419677734 -4.289783477783203
-1.4111840724945068 19.974870681762695 -4.296819686889648
-1.2613950967788696 19.81471824645996 -4.269056797027588
-1.1226991415023804 19.806034088134766 -4.2737717628479
-0.9923750162124634 19.964183807373047 -4.3147478103637695
-0.8462265133857727 19.8544979095459 -4.29817533493042
-0.7080190777778625 19.85865592956543 -4.303947448730469
-0.5695778131484985 19.854585647583008 -4.306370258331299
-0.43155908584594727 19.864818572998047 -4.312103748321533
-0.2921479046344757 19.797754287719727 -4.301259994506836
-0.15231923758983612 19.844423294067383 -4.314464569091797
-0.014395850710570812 19.875545501708984 -4.321083068847656
0.12362825870513916 19.829362869262695 -4.311103820800781
0.2620161473751068 19.858562469482422 -4.317721843719482
0.4022778272628784 19.95930290222168 -4.340106964111328
0.5404132008552551 19.933856964111328 -4.331785202026367
0.6802725195884705 19.89225196838379 -4.319474220275879
0.8221833109855652 19.975627899169922 -4.334564208984375
0.9590468406677246 19.928340911865234 -4.321504592895508
1.104929804801941 20.052072525024414 -4.343684196472168
1.242294430732727 20.011329650878906 -4.3282880783081055
1.3873761892318726 20.053306579589844 -4.330880165100098
1.535887598991394 20.162935256958008 -4.348352909088135
1.6742838621139526 20.13075828552246 -4.334910869598389
1.8111286163330078 20.083101272583008 -4.314892768859863
1.961803913116455 20.18279457092285 -4.326708793640137
2.109687089920044 20.216564178466797 -4.324366092681885
2.2627148628234863 20.314056396484375 -4.335968971252441
2.420555353164673 20.437604904174805 -4.350059986114502
2.566760778427124 20.453969955444336 -4.340538024902344
2.7072815895080566 20.423809051513672 -4.321342945098877
2.8521106243133545 20.40752601623535 -4.305086135864258
3.0178496837615967 20.549724578857422 -4.320994853973389
3.1858737468719482 20.691068649291992 -4.334458351135254
3.332892894744873 20.68757438659668 -4.317655086517334
3.481285333633423 20.69056510925293 -4.3023881912231445
3.6317014694213867 20.7038516998291 -4.2892746925354
3.8086414337158203 20.844337463378906 -4.298782825469971
3.9859113693237305 20.987560272216797 -4.3090996742248535
4.140921115875244 21.005361557006836 -4.293687343597412
4.305413722991943 21.06707763671875 -4.287367820739746
4.464139938354492 21.09419822692871 -4.271683692932129
4.655479431152344 21.2546443939209 -4.281583786010742
4.812012672424316 21.260677337646484 -4.260743618011475
5.004622459411621 21.418638229370117 -4.270333290100098
5.1700263023376465 21.452165603637695 -4.253902435302734
5.356545448303223 21.56670570373535 -4.251500129699707
0.0 0.0 0.0
5.735820293426514 21.78316307067871 -4.243411540985107
5.940828323364258 21.94125747680664 -4.248929023742676
6.094834327697754 21.90572166442871 -4.214031219482422
6.30156135559082 22.053714752197266 -4.214381217956543
6.496207237243652 22.140216827392578 -4.202280521392822
6.729413032531738 22.358335494995117 -4.215399265289307
6.903604030609131 22.37267303466797 -4.187767505645752
7.119338035583496 22.514009475708008 -4.182979106903076
7.337216854095459 22.653507232666016 -4.17758321762085
7.514998435974121 22.663244247436523 -4.148135662078857
7.788856029510498 22.94438934326172 -4.166170120239258
7.97478723526001 22.965665817260742 -4.1357293128967285
8.201509475708008 23.097909927368164 -4.125067710876465
8.465788841247559 23.32598304748535 -4.131076812744141
8.674603462219238 23.3927001953125 -4.107553482055664
8.968459129333496 23.66963768005371 -4.117884159088135
0.0 0.0 0.0
9.397618293762207 23.797035217285156 -4.064435958862305
9.728775024414062 24.142553329467773 -4.084969520568848
9.966713905334473 24.246004104614258 -4.0615057945251465
10.263524055480957 24.474321365356445 -4.057621479034424
0.0 0.0 0.0
10.82050609588623 24.828916549682617 -4.0323567390441895
11.006957054138184 24.785364151000977 -3.981119155883789
11.482468605041504 25.37757682800293 -4.030660152435303
11.651103019714355 25.271467208862305 -3.9675769805908203
11.988112449645996 25.53314971923828 -3.9627206325531006
12.266881942749023 25.66290855407715 -3.9345877170562744
12.629881858825684 25.95686912536621 -3.9303619861602783
0.0 0.0 0.0
0.0 0.0 0.0
13.691312789916992 26.701547622680664 -3.8872153759002686
14.06348991394043 26.963661193847656 -3.871039390563965
14.281980514526367 26.92403221130371 -3.810927152633667
0.0 0.0 0.0
0.0 0.0 0.0
15.526440620422363 27.843660354614258 -3.764373302459717
0.0 0.0 0.0
0.0 0.0 0.0
0.0 0.0 0.0
0.0 0.0 0.0
0.0 0.0 0.0
0.0 0.0 0.0
0.0 0.0 0.0
0.0 0.0 0.0
0.0 0.0 0.0
0.0 0.0 0.0
0.0 0.0 0.0
0.0 0.0 0.0
0.0 0.0 0.0
0.0 0.0 0.0
0.0 0.0 0.0
0.0 0.0 0.0
0.0 0.0 0.0
0.0 0.0 0.0
0.0 0.0 0.0
0.0 0.0 0.0
0.0 0.0 0.0
0.0 0.0 0.0
0.0 0.0 0.0
0.0 0.0 0.0
0.0 0.0 0.0
0.0 0.0 0.0
0.0 0.0 0.0
0.0 0.0 0.0
0.0 0.0 0.0
0.0 0.0 0.0
0.0 0.0 0.0
0.0 0.0 0.0
0.0 0.0 0.0
0.0 0.0 0.0
0.0 0.0 0.0
0.0 0.0 0.0
0.0 0.0 0.0
0.0 0.0 0.0
0.0 0.0 0.0
0.0 0.0 0.0
0.0 0.0 0.0
0.0 0.0 0.0
0.0 0.0 0.0
0.0 0.0 0.0
0.0 0.0 0.0
0.0 0.0 0.0
0.0 0.0 0.0
0.0 0.0 0.0
0.0 0.0 0.0
0.0 0.0 0.0
0.0 0.0 0.0
0.0 0.0 0.0
0.0 0.0 0.0
0.0 0.0 0.0
0.0 0.0 0.0
0.0 0.0 0.0
0.0 0.0 0.0
0.0 0.0 0.0
0.0 0.0 0.0
0.0 0.0 0.0
0.0 0.0 0.0
0.0 0.0 0.0
0.0 0.0 0.0
0.0 0.0 0.0
0.0 0.0 0.0
0.0 0.0 0.0
0.0 0.0 0.0
0.0 0.0 0.0
0.0 0.0 0.0
0.0 0.0 0.0
51.14622116088867 196.06161499023438 42.647254943847656
0.0 0.0 0.0
0.0 0.0 0.0
0.0 0.0 0.0
0.0 0.0 0.0
0.0 0.0 0.0
0.0 0.0 0.0
0.0 0.0 0.0
0.0 0.0 0.0
0.0 0.0 0.0
0.0 0.0 0.0
0.0 0.0 0.0
0.0 0.0 0.0
0.0 0.0 0.0
0.0 0.0 0.0
0.0 0.0 0.0
0.0 0.0 0.0
0.0 0.0 0.0
0.0 0.0 0.0
0.0 0.0 0.0
0.0 0.0 0.0
0.0 0.0 0.0
0.0 0.0 0.0
0.0 0.0 0.0
0.0 0.0 0.0
0.0 0.0 0.0
0.0 0.0 0.0
0.0 0.0 0.0
0.0 0.0 0.0
0.0 0.0 0.0
0.0 0.0 0.0
0.0 0.0 0.0
0.0 0.0 0.0
0.0 0.0 0.0
0.0 0.0 0.0
0.0 0.0 0.0
0.0 0.0 0.0
0.0 0.0 0.0
0.0 0.0 0.0
0.0 0.0 0.0
0.0 0.0 0.0
0.0 0.0 0.0
0.0 0.0 0.0
0.0 0.0 0.0
0.0 0.0 0.0
0.0 0.0 0.0
0.0 0.0 0.0
0.0 0.0 0.0
0.0 0.0 0.0
0.0 0.0 0.0
0.0 0.0 0.0
0.0 0.0 0.0
0.0 0.0 0.0
0.0 0.0 0.0
0.0 0.0 0.0
0.0 0.0 0.0
0.0 0.0 0.0
0.0 0.0 0.0
0.0 0.0 0.0
0.0 0.0 0.0
0.0 0.0 0.0
0.0 0.0 0.0
0.0 0.0 0.0
0.0 0.0 0.0
0.0 0.0 0.0
0.0 0.0 0.0
0.0 0.0 0.0
0.0 0.0 0.0
0.0 0.0 0.0
0.0 0.0 0.0
0.0 0.0 0.0
0.0 0.0 0.0
0.0 0.0 0.0
0.0 0.0 0.0
0.0 0.0 0.0
0.0 0.0 0.0
0.0 0.0 0.0
0.0 0.0 0.0
0.0 0.0 0.0
0.0 0.0 0.0
0.0 0.0 0.0
0.0 0.0 0.0
0.0 0.0 0.0
0.0 0.0 0.0
0.0 0.0 0.0
0.0 0.0 0.0
0.0 0.0 0.0
0.0 0.0 0.0
0.0 0.0 0.0
0.0 0.0 0.0
0.0 0.0 0.0
0.0 0.0 0.0
0.0 0.0 0.0
0.0 0.0 0.0
0.0 0.0 0.0
0.0 0.0 0.0
0.0 0.0 0.0
0.0 0.0 0.0
0.0 0.0 0.0
0.0 0.0 0.0
0.0 0.0 0.0
0.0 0.0 0.0
0.0 0.0 0.0
0.0 0.0 0.0
0.0 0.0 0.0
0.0 0.0 0.0
0.0 0.0 0.0
0.0 0.0 0.0
0.0 0.0 0.0
0.0 0.0 0.0
0.0 0.0 0.0
0.0 0.0 0.0
0.0 0.0 0.0
0.0 0.0 0.0
0.0 0.0 0.0
0.0 0.0 0.0
0.0 0.0 0.0
0.0 0.0 0.0
0.0 0.0 0.0
0.0 0.0 0.0
0.0 0.0 0.0
0.0 0.0 0.0
0.0 0.0 0.0
0.0 0.0 0.0
0.0 0.0 0.0
0.0 0.0 0.0
0.0 0.0 0.0
0.0 0.0 0.0
0.0 0.0 0.0
0.0 0.0 0.0
0.0 0.0 0.0
0.0 0.0 0.0
0.0 0.0 0.0
0.0 0.0 0.0
0.0 0.0 0.0
0.0 0.0 0.0
0.0 0.0 0.0
0.0 0.0 0.0
0.0 0.0 0.0
0.0 0.0 0.0
0.0 0.0 0.0
0.0 0.0 0.0
0.0 0.0 0.0
0.0 0.0 0.0
0.0 0.0 0.0
0.0 0.0 0.0
0.0 0.0 0.0
-13.639782905578613 25.38433265686035 -3.3234286308288574
0.0 0.0 0.0
0.0 0.0 0.0
0.0 0.0 0.0
0.0 0.0 0.0
0.0 0.0 0.0
-11.83698558807373 24.432790756225586 -3.509293794631958
0.0 0.0 0.0
0.0 0.0 0.0
0.0 0.0 0.0
0.0 0.0 0.0
0.0 0.0 0.0
-10.106614112854004 23.302562713623047 -3.6180267333984375
-9.833255767822266 23.113073348999023 -3.6306843757629395
0.0 0.0 0.0
0.0 0.0 0.0
0.0 0.0 0.0
-8.945429801940918 22.772096633911133 -3.738102912902832
0.0 0.0 0.0
0.0 0.0 0.0
0.0 0.0 0.0
0.0 0.0 0.0
0.0 0.0 0.0
0.0 0.0 0.0
0.0 0.0 0.0
0.0 0.0 0.0
0.0 0.0 0.0
-6.84869909286499 21.79475975036621 -3.921955108642578
-6.64162540435791 21.662555694580078 -3.9297337532043457
-6.425719738006592 21.491710662841797 -3.9301395416259766
-6.235310077667236 21.396949768066406 -3.941530466079712
-6.025130271911621 21.234664916992188 -3.940462112426758
-5.908166408538818 21.388633728027344 -3.997678279876709
-5.70469331741333 21.22635841369629 -3.995847463607788
-5.536653518676758 21.189111709594727 -4.015602111816406
-5.383940696716309 21.20652198791504 -4.044643878936768
-5.173383712768555 20.999643325805664 -4.031271934509277
-4.995512008666992 20.90242576599121 -4.038229465484619
-4.828627586364746 20.845125198364258 -4.051887512207031
-4.680555820465088 20.86553955078125 -4.078503608703613
-4.505735874176025 20.761127471923828 -4.080745697021484
-4.3377909660339355 20.693326950073242 -4.090560436248779
-4.175075531005859 20.631311416625977 -4.101125240325928
-4.015091419219971 20.576183319091797 -4.109694480895996
-3.8512725830078125 20.49346923828125 -4.112655162811279
-3.695460796356201 20.447227478027344 -4.122992038726807
-3.537487506866455 20.396371841430664 -4.132790565490723
-3.392199993133545 20.401077270507812 -4.151546478271484
-3.2442374229431152 20.386049270629883 -4.165126323699951
-3.0983726978302 20.381301879882812 -4.180962562561035
-2.9455933570861816 20.326257705688477 -4.186606407165527
-2.7831063270568848 20.194459915161133 -4.175607681274414
-2.6445116996765137 20.248136520385742 -4.200506687164307
-2.5146565437316895 20.357555389404297 -4.237043380737305
-2.353025436401367 20.20393943786621 -4.218976020812988
-2.2101433277130127 20.201187133789062 -4.23250675201416
-2.064065456390381 20.16388511657715 -4.235391616821289
-1.9213812351226807 20.179094314575195 -4.249164581298828
-1.775679111480713 20.132186889648438 -4.249855995178223
-1.6211347579956055 19.966142654418945 -4.225480079650879
-1.4802920818328857 19.951820373535156 -4.231330871582031
-1.3385871648788452 19.91781997680664 -4.231276988983154
-1.204854130744934 20.046937942504883 -4.266241550445557
-1.065491795539856 20.052936553955078 -4.275121212005615
-0.9229568243026733 19.993207931518555 -4.269617080688477
-0.7848919034004211 20.028635025024414 -4.281069278717041
-0.6433032155036926 19.9676570892334 -4.272114276885986
-0.5042957067489624 20.069921493530273 -4.298379421234131
-0.36272889375686646 19.97260093688965 -4.282032012939453
-0.22410660982131958 20.000974655151367 -4.289634704589844
-0.0850897803902626 20.024761199951172 -4.295498847961426
0.054226431995630264 20.039941787719727 -4.299726486206055
0.1926058679819107 19.935760498046875 -4.27854585647583
0.3359330892562866 20.067684173583984 -4.306637287139893
0.47407203912734985 20.004413604736328 -4.290516376495361
0.6146243214607239 20.047088623046875 -4.297328948974609
0.7585113644599915 20.165124893188477 -4.320486068725586
0.8972481489181519 20.12566566467285 -4.310088634490967
1.0407371520996094 20.139402389526367 -4.307069778442383
1.1853574514389038 20.20943832397461 -4.316378116607666
1.3315985202789307 20.28989028930664 -4.328081130981445
1.470038652420044 20.24352264404297 -4.312921047210693
1.6103540658950806 20.22718048095703 -4.3018927574157715
1.7625823020935059 20.32040023803711 -4.3127055168151855
1.9122878313064575 20.397462844848633 -4.320372104644775
2.0589354038238525 20.431596755981445 -4.319100379943848
2.2024688720703125 20.430675506591797 -4.3095903396606445
2.36022686958313 20.550880432128906 -4.322776794433594
2.507780075073242 20.551986694335938 -4.31083869934082
2.653597116470337 20.55607032775879 -4.2999138832092285
2.808366537094116 20.623552322387695 -4.302402496337891
2.963500499725342 20.686796188354492 -4.300743579864502
3.1057424545288086 20.654329299926758 -4.278875350952148
3.2760956287384033 20.802366256713867 -4.294517517089844
3.441896438598633 20.89205551147461 -4.29786491394043
3.5948410034179688 20.91328239440918 -4.285630702972412
3.7620270252227783 21.009082794189453 -4.2869696617126465
3.935633659362793 21.12994956970215 -4.29340934753418
4.063078880310059 21.00118064880371 -4.249300956726074
4.255561828613281 21.190629959106445 -4.2688751220703125
4.424999237060547 21.266870498657227 -4.263082504272461
4.626375675201416 21.484220504760742 -4.28544282913208
4.7851715087890625 21.493986129760742 -4.266330242156982
4.952059745788574 21.536209106445312 -4.2537641525268555
5.127728462219238 21.599517822265625 -4.242387771606445
5.310186386108398 21.69563102722168 -4.23713493347168
5.4987592697143555 21.808917999267578 -4.23516845703125
5.6719746589660645 21.853721618652344 -4.219839096069336
5.831084251403809 21.841787338256836 -4.192317485809326
6.04309606552124 22.00980567932129 -4.197108268737793
6.238568305969238 22.117403030395508 -4.19059419631958
6.4485015869140625 22.267719268798828 -4.192005157470703
6.655229091644287 22.397903442382812 -4.189022064208984
6.849887371063232 22.47884178161621 -4.174137592315674
7.034787178039551 22.51340675354004 -4.150103569030762
7.2378973960876465 22.60947608947754 -4.137808322906494
7.438920497894287 22.692895889282227 -4.123082160949707
7.7088942527771 22.97577476501465 -4.141869068145752
7.928332328796387 23.095836639404297 -4.1303887367248535
8.174243927001953 23.282991409301758 -4.13049840927124
8.343942642211914 23.238508224487305 -4.088806629180908
8.625768661499023 23.508861541748047 -4.101245403289795
8.885290145874023 23.70429039001465 -4.0988054275512695
9.120218276977539 23.825315475463867 -4.08308744430542
9.356039047241211 23.940580368041992 -4.066010475158691
9.61650562286377 24.103168487548828 -4.055020809173584
9.909470558166504 24.343021392822266 -4.05552864074707
10.143901824951172 24.43030548095703 -4.030126571655273
10.470391273498535 24.728923797607422 -4.038949966430664
10.741398811340332 24.886207580566406 -4.023362636566162
10.995041847229004 24.986873626708984 -3.9955859184265137
11.317154884338379 25.241641998291016 -3.9925436973571777
11.598386764526367 25.394710540771484 -3.9726603031158447
11.886781692504883 25.555875778198242 -3.9530396461486816
0.0 0.0 0.0
0.0 0.0 0.0
0.0 0.0 0.0
0.0 0.0 0.0
0.0 0.0 0.0
13.813492774963379 26.71351432800293 -3.8288512229919434
14.269963264465332 27.1317138671875 -3.8354063034057617
14.567608833312988 27.22919273376465 -3.793698787689209
0.0 0.0 0.0
0.0 0.0 0.0
15.817480087280273 28.134275436401367 -3.7432801723480225
0.0 0.0 0.0
0.0 0.0 0.0
0.0 0.0 0.0
0.0 0.0 0.0
0.0 0.0 0.0
0.0 0.0 0.0
0.0 0.0 0.0
19.974609375 31.306257247924805 -3.5867128372192383
0.0 0.0 0.0
0.0 0.0 0.0
0.0 0.0 0.0
0.0 0.0 0.0
0.0 0.0 0.0
0.0 0.0 0.0
0.0 0.0 0.0
0.0 0.0 0.0
0.0 0.0 0.0
0.0 0.0 0.0
0.0 0.0 0.0
0.0 0.0 0.0
0.0 0.0 0.0
0.0 0.0 0.0
0.0 0.0 0.0
0.0 0.0 0.0
0.0 0.0 0.0
0.0 0.0 0.0
0.0 0.0 0.0
0.0 0.0 0.0
0.0 0.0 0.0
0.0 0.0 0.0
0.0 0.0 0.0
0.0 0.0 0.0
0.0 0.0 0.0
0.0 0.0 0.0
0.0 0.0 0.0
0.0 0.0 0.0
0.0 0.0 0.0
0.0 0.0 0.0
0.0 0.0 0.0
0.0 0.0 0.0
0.0 0.0 0.0
0.0 0.0 0.0
0.0 0.0 0.0
0.0 0.0 0.0
0.0 0.0 0.0
0.0 0.0 0.0
0.0 0.0 0.0
0.0 0.0 0.0
0.0 0.0 0.0
0.0 0.0 0.0
0.0 0.0 0.0
0.0 0.0 0.0
0.0 0.0 0.0
0.0 0.0 0.0
0.0 0.0 0.0
0.0 0.0 0.0
0.0 0.0 0.0
0.0 0.0 0.0
0.0 0.0 0.0
0.0 0.0 0.0
0.0 0.0 0.0
0.0 0.0 0.0
0.0 0.0 0.0
0.0 0.0 0.0
0.0 0.0 0.0
0.0 0.0 0.0
0.0 0.0 0.0
0.0 0.0 0.0
0.0 0.0 0.0
0.0 0.0 0.0
0.0 0.0 0.0
0.0 0.0 0.0
0.0 0.0 0.0
0.0 0.0 0.0
0.0 0.0 0.0
0.0 0.0 0.0
0.0 0.0 0.0
0.0 0.0 0.0
0.0 0.0 0.0
0.0 0.0 0.0
0.0 0.0 0.0
0.0 0.0 0.0
0.0 0.0 0.0
0.0 0.0 0.0
0.0 0.0 0.0
0.0 0.0 0.0
0.0 0.0 0.0
0.0 0.0 0.0
0.0 0.0 0.0
0.0 0.0 0.0
0.0 0.0 0.0
0.0 0.0 0.0
0.0 0.0 0.0
0.0 0.0 0.0
0.0 0.0 0.0
0.0 0.0 0.0
0.0 0.0 0.0
0.0 0.0 0.0
0.0 0.0 0.0
0.0 0.0 0.0
0.0 0.0 0.0
0.0 0.0 0.0
0.0 0.0 0.0
0.0 0.0 0.0
0.0 0.0 0.0
0.0 0.0 0.0
0.0 0.0 0.0
0.0 0.0 0.0
0.0 0.0 0.0
0.0 0.0 0.0
0.0 0.0 0.0
0.0 0.0 0.0
0.0 0.0 0.0
0.0 0.0 0.0
0.0 0.0 0.0
0.0 0.0 0.0
0.0 0.0 0.0
0.0 0.0 0.0
0.0 0.0 0.0
0.0 0.0 0.0
0.0 0.0 0.0
0.0 0.0 0.0
0.0 0.0 0.0
0.0 0.0 0.0
0.0 0.0 0.0
0.0 0.0 0.0
0.0 0.0 0.0
0.0 0.0 0.0
0.0 0.0 0.0
0.0 0.0 0.0
0.0 0.0 0.0
0.0 0.0 0.0
0.0 0.0 0.0
0.0 0.0 0.0
0.0 0.0 0.0
0.0 0.0 0.0
0.0 0.0 0.0
0.0 0.0 0.0
0.0 0.0 0.0
0.0 0.0 0.0
0.0 0.0 0.0
0.0 0.0 0.0
0.0 0.0 0.0
0.0 0.0 0.0
0.0 0.0 0.0
0.0 0.0 0.0
0.0 0.0 0.0
0.0 0.0 0.0
0.0 0.0 0.0
0.0 0.0 0.0
0.0 0.0 0.0
0.0 0.0 0.0
0.0 0.0 0.0
0.0 0.0 0.0
0.0 0.0 0.0
0.0 0.0 0.0
0.0 0.0 0.0
0.0 0.0 0.0
0.0 0.0 0.0
0.0 0.0 0.0
0.0 0.0 0.0
0.0 0.0 0.0
0.0 0.0 0.0
0.0 0.0 0.0
0.0 0.0 0.0
0.0 0.0 0.0
0.0 0.0 0.0
0.0 0.0 0.0
0.0 0.0 0.0
0.0 0.0 0.0
0.0 0.0 0.0
0.0 0.0 0.0
0.0 0.0 0.0
0.0 0.0 0.0
0.0 0.0 0.0
0.0 0.0 0.0
0.0 0.0 0.0
0.0 0.0 0.0
0.0 0.0 0.0
0.0 0.0 0.0
0.0 0.0 0.0
0.0 0.0 0.0
0.0 0.0 0.0
0.0 0.0 0.0
0.0 0.0 0.0
0.0 0.0 0.0
0.0 0.0 0.0
0.0 0.0 0.0
0.0 0.0 0.0
0.0 0.0 0.0
0.0 0.0 0.0
0.0 0.0 0.0
0.0 0.0 0.0
0.0 0.0 0.0
0.0 0.0 0.0
0.0 0.0 0.0
0.0 0.0 0.0
0.0 0.0 0.0
0.0 0.0 0.0
0.0 0.0 0.0
0.0 0.0 0.0
0.0 0.0 0.0
0.0 0.0 0.0
0.0 0.0 0.0
0.0 0.0 0.0
0.0 0.0 0.0
0.0 0.0 0.0
0.0 0.0 0.0
0.0 0.0 0.0
0.0 0.0 0.0
0.0 0.0 0.0
0.0 0.0 0.0
0.0 0.0 0.0
0.0 0.0 0.0
0.0 0.0 0.0
0.0 0.0 0.0
0.0 0.0 0.0
0.0 0.0 0.0
0.0 0.0 0.0
0.0 0.0 0.0
0.0 0.0 0.0
-12.500283241271973 24.6932373046875 -3.3820414543151855
0.0 0.0 0.0
0.0 0.0 0.0
0.0 0.0 0.0
0.0 0.0 0.0
0.0 0.0 0.0
0.0 0.0 0.0
0.0 0.0 0.0
0.0 0.0 0.0
0.0 0.0 0.0
0.0 0.0 0.0
0.0 0.0 0.0
0.0 0.0 0.0
0.0 0.0 0.0
0.0 0.0 0.0
-8.619195938110352 22.641010284423828 -3.7307584285736084
0.0 0.0 0.0
0.0 0.0 0.0
0.0 0.0 0.0
-7.784897327423096 22.307573318481445 -3.8189618587493896
0.0 0.0 0.0
0.0 0.0 0.0
0.0 0.0 0.0
-6.967006206512451 21.906009674072266 -3.880751371383667
0.0 0.0 0.0
-6.5759148597717285 21.7273006439209 -3.9115514755249023
-6.385995864868164 21.640968322753906 -3.9249138832092285
-6.210521697998047 21.597396850585938 -3.945918560028076
-5.9870452880859375 21.378387451171875 -3.9346437454223633
-5.842713356018066 21.4357967376709 -3.973446846008301
-5.650049209594727 21.322181701660156 -3.9789135456085205
-5.479931354522705 21.27713966369629 -3.9966700077056885
-5.3034162521362305 21.200908660888672 -4.008507251739502
-5.145287036895752 21.194223403930664 -4.033541202545166
-4.939033031463623 20.98130226135254 -4.0163140296936035
-4.772677898406982 20.939355850219727 -4.0318379402160645
-4.6477580070495605 21.068050384521484 -4.080050468444824
-4.459616184234619 20.906963348388672 -4.072246074676514
-4.277307987213135 20.759695053100586 -4.064942359924316
-4.119122505187988 20.72028923034668 -4.077324390411377
-3.97934627532959 20.78554344177246 -4.110836505889893
-3.8116872310638428 20.68727684020996 -4.111757755279541
-3.6513888835906982 20.62186622619629 -4.118453025817871
-3.5059356689453125 20.63504981994629 -4.1382737159729
-3.3363120555877686 20.49973487854004 -4.128396987915039
-3.1917154788970947 20.526155471801758 -4.151458263397217
-3.0325655937194824 20.43758201599121 -4.1510772705078125
-2.880056381225586 20.386348724365234 -4.155254364013672
-2.7350094318389893 20.383424758911133 -4.168901443481445
-2.58772873878479 20.3604736328125 -4.178617000579834
-2.439987897872925 20.32886505126953 -4.1866984367370605
-2.293447732925415 20.3233699798584 -4.198744773864746
-2.147700786590576 20.297969818115234 -4.204630374908447
-1.9975297451019287 20.22203826904297 -4.200182914733887
-1.8593553304672241 20.263093948364258 -4.220207214355469
-1.7113393545150757 20.192747116088867 -4.216871738433838
-1.566951870918274 20.187042236328125 -4.22362756729126
-1.4230505228042603 20.149656295776367 -4.223799705505371
-1.282173752784729 20.149402618408203 -4.231940269470215
-1.138991117477417 20.106182098388672 -4.231236934661865
-1.003068447113037 20.192306518554688 -4.255195617675781
-0.8584709167480469 20.15943717956543 -4.2531962394714355
-0.7182165384292603 20.163665771484375 -4.259136199951172
-0.577178418636322 20.14017677307129 -4.259421348571777
-0.4360864758491516 20.096858978271484 -4.2544331550598145
-0.2982668876647949 20.23271369934082 -4.2847900390625
-0.15426667034626007 20.130699157714844 -4.265014171600342
-0.01431526429951191 20.2187442779541 -4.285681247711182
0.12661466002464294 20.267597198486328 -4.298262119293213
0.2673390209674835 20.247472763061523 -4.292552947998047
0.4070987105369568 20.19205093383789 -4.279255390167236
0.549001157283783 20.242626190185547 -4.288629055023193
0.6942450404167175 20.295944213867188 -4.298766613006592
0.8333883285522461 20.241851806640625 -4.28416633605957
0.9819349646568298 20.39715003967285 -4.312145233154297
1.1242691278457642 20.398717880249023 -4.3077921867370605
1.267146110534668 20.406919479370117 -4.305044174194336
1.4039911031723022 20.288244247436523 -4.275084972381592
1.5579802989959717 20.447771072387695 -4.300563812255859
1.693020224571228 20.350866317749023 -4.2722859382629395
1.849800944328308 20.50821876525879 -4.297562122344971
1.9996038675308228 20.569236755371094 -4.302769184112549
2.143749713897705 20.54203987121582 -4.286631107330322
2.3009214401245117 20.6549015045166 -4.299060821533203
2.4515113830566406 20.698219299316406 -4.2971391677856445
2.6005914211273193 20.721445083618164 -4.29119348526001
2.7470850944519043 20.721105575561523 -4.2791900634765625
2.902055263519287 20.761613845825195 -4.273104190826416
3.0551822185516357 20.801280975341797 -4.2672271728515625
3.2148287296295166 20.877662658691406 -4.268988609313965
3.392132043838501 21.05492401123047 -4.291393280029297
3.535444974899292 21.012371063232422 -4.2654595375061035
3.7001664638519287 21.093355178833008 -4.264657497406006
3.8687891960144043 21.172679901123047 -4.263263702392578
4.042549133300781 21.284992218017578 -4.268832206726074
4.183219909667969 21.219566345214844 -4.236860275268555
4.376366138458252 21.4125919342041 -4.2551655769348145
4.528740882873535 21.397653579711914 -4.232137203216553
4.727077960968018 21.579748153686523 -4.247753143310547
4.873109817504883 21.5288028717041 -4.217084884643555
5.076312065124512 21.723936080932617 -4.232131004333496
5.262691020965576 21.835247039794922 -4.2306647300720215
5.423101425170898 21.833248138427734 -4.207270622253418
5.614972114562988 21.941085815429688 -4.20466947555542
5.8099684715271 22.06328582763672 -4.202310562133789
6.004032135009766 22.17277717590332 -4.197030067443848
6.1792988777160645 22.206600189208984 -4.177380561828613
6.397748947143555 22.386865615844727 -4.185120582580566
6.611845970153809 22.531654357910156 -4.183905124664307
6.7836995124816895 22.535478591918945 -4.1555867195129395
7.013615131378174 22.725526809692383 -4.161491394042969
7.207235813140869 22.788707733154297 -4.1439056396484375
7.4695353507995605 23.05922508239746 -4.163030624389648
7.629530429840088 23.005918502807617 -4.121432304382324
7.871147155761719 23.18406867980957 -4.120651721954346
8.109074592590332 23.34993553161621 -4.117828845977783
8.303277969360352 23.382905960083008 -4.091360569000244
8.553242683410645 23.56702423095703 -4.08858585357666
0.0 0.0 0.0
8.979702949523926 23.699844360351562 -4.040594577789307
9.334580421447754 24.129331588745117 -4.078075408935547
9.594088554382324 24.29697608947754 -4.068389415740967
9.793139457702637 24.304656982421875 -4.031050205230713
0.0 0.0 0.0
10.313943862915039 24.595380783081055 -4.000417232513428
10.674363136291504 24.967161178588867 -4.019769668579102
10.886468887329102 24.98090171813965 -3.9798643589019775
11.24695110321045 25.32493019104004 -3.9919004440307617
11.509178161621094 25.436235427856445 -3.9664433002471924
11.827751159667969 25.6567325592041 -3.955470085144043
12.104687690734863 25.78423309326172 -3.9289963245391846
12.402145385742188 25.947612762451172 -3.907438278198242
12.86865234375 26.449230194091797 -3.9354867935180664
13.057010650634766 26.370101928710938 -3.875044822692871
0.0 0.0 0.0
13.804587364196777 26.922836303710938 -3.8528361320495605
14.214171409606934 27.252498626708984 -3.847853660583496
14.564794540405273 27.458538055419922 -3.822664499282837
14.921672821044922 27.664159774780273 -3.7951860427856445
15.343681335449219 27.9783935546875 -3.781350612640381
0.0 0.0 0.0
0.0 0.0 0.0
16.682079315185547 28.960342407226562 -3.7296485900878906
17.140560150146484 29.283151626586914 -3.7077019214630127
0.0 0.0 0.0
0.0 0.0 0.0
0.0 0.0 0.0
0.0 0.0 0.0
0.0 0.0 0.0
0.0 0.0 0.0
0.0 0.0 0.0
0.0 0.0 0.0
0.0 0.0 0.0
0.0 0.0 0.0
0.0 0.0 0.0
0.0 0.0 0.0
0.0 0.0 0.0
0.0 0.0 0.0
0.0 0.0 0.0
0.0 0.0 0.0
0.0 0.0 0.0
0.0 0.0 0.0
0.0 0.0 0.0
0.0 0.0 0.0
0.0 0.0 0.0
0.0 0.0 0.0
0.0 0.0 0.0
0.0 0.0 0.0
0.0 0.0 0.0
0.0 0.0 0.0
0.0 0.0 0.0
0.0 0.0 0.0
0.0 0.0 0.0
0.0 0.0 0.0
0.0 0.0 0.0
0.0 0.0 0.0
0.0 0.0 0.0
0.0 0.0 0.0
0.0 0.0 0.0
0.0 0.0 0.0
0.0 0.0 0.0
0.0 0.0 0.0
0.0 0.0 0.0
0.0 0.0 0.0
0.0 0.0 0.0
0.0 0.0 0.0
0.0 0.0 0.0
0.0 0.0 0.0
0.0 0.0 0.0
0.0 0.0 0.0
0.0 0.0 0.0
0.0 0.0 0.0
0.0 0.0 0.0
0.0 0.0 0.0
0.0 0.0 0.0
0.0 0.0 0.0
0.0 0.0 0.0
0.0 0.0 0.0
0.0 0.0 0.0
0.0 0.0 0.0
0.0 0.0 0.0
0.0 0.0 0.0
0.0 0.0 0.0
0.0 0.0 0.0
0.0 0.0 0.0
0.0 0.0 0.0
11.82263469696045 39.60569763183594 8.292369842529297
0.0 0.0 0.0
0.0 0.0 0.0
0.0 0.0 0.0
0.0 0.0 0.0
0.0 0.0 0.0
0.0 0.0 0.0
0.0 0.0 0.0
0.0 0.0 0.0
0.0 0.0 0.0
0.0 0.0 0.0
0.0 0.0 0.0
0.0 0.0 0.0
0.0 0.0 0.0
0.0 0.0 0.0
0.0 0.0 0.0
0.0 0.0 0.0
0.0 0.0 0.0
0.0 0.0 0.0
0.0 0.0 0.0
0.0 0.0 0.0
0.0 0.0 0.0
0.0 0.0 0.0
0.0 0.0 0.0
0.0 0.0 0.0
0.0 0.0 0.0
0.0 0.0 0.0
0.0 0.0 0.0
0.0 0.0 0.0
0.0 0.0 0.0
0.0 0.0 0.0
0.0 0.0 0.0
0.0 0.0 0.0
0.0 0.0 0.0
0.0 0.0 0.0
0.0 0.0 0.0
0.0 0.0 0.0
0.0 0.0 0.0
0.0 0.0 0.0
0.0 0.0 0.0
0.0 0.0 0.0
0.0 0.0 0.0
0.0 0.0 0.0
0.0 0.0 0.0
0.0 0.0 0.0
0.0 0.0 0.0
0.0 0.0 0.0
0.0 0.0 0.0
0.0 0.0 0.0
0.0 0.0 0.0
0.0 0.0 0.0
0.0 0.0 0.0
0.0 0.0 0.0
0.0 0.0 0.0
0.0 0.0 0.0
0.0 0.0 0.0
0.0 0.0 0.0
0.0 0.0 0.0
0.0 0.0 0.0
0.0 0.0 0.0
0.0 0.0 0.0
0.0 0.0 0.0
0.0 0.0 0.0
0.0 0.0 0.0
0.0 0.0 0.0
0.0 0.0 0.0
0.0 0.0 0.0
0.0 0.0 0.0
0.0 0.0 0.0
0.0 0.0 0.0
0.0 0.0 0.0
0.0 0.0 0.0
0.0 0.0 0.0
0.0 0.0 0.0
0.0 0.0 0.0
0.0 0.0 0.0
0.0 0.0 0.0
0.0 0.0 0.0
0.0 0.0 0.0
0.0 0.0 0.0
0.0 0.0 0.0
0.0 0.0 0.0
0.0 0.0 0.0
0.0 0.0 0.0
0.0 0.0 0.0
0.0 0.0 0.0
0.0 0.0 0.0
0.0 0.0 0.0
0.0 0.0 0.0
0.0 0.0 0.0
0.0 0.0 0.0
0.0 0.0 0.0
0.0 0.0 0.0
0.0 0.0 0.0
0.0 0.0 0.0
0.0 0.0 0.0
0.0 0.0 0.0
0.0 0.0 0.0
0.0 0.0 0.0
0.0 0.0 0.0
0.0 0.0 0.0
0.0 0.0 0.0
0.0 0.0 0.0
0.0 0.0 0.0
0.0 0.0 0.0
0.0 0.0 0.0
0.0 0.0 0.0
0.0 0.0 0.0
0.0 0.0 0.0
0.0 0.0 0.0
0.0 0.0 0.0
0.0 0.0 0.0
0.0 0.0 0.0
0.0 0.0 0.0
0.0 0.0 0.0
0.0 0.0 0.0
0.0 0.0 0.0
0.0 0.0 0.0
0.0 0.0 0.0
0.0 0.0 0.0
0.0 0.0 0.0
0.0 0.0 0.0
0.0 0.0 0.0
0.0 0.0 0.0
0.0 0.0 0.0
0.0 0.0 0.0
0.0 0.0 0.0
0.0 0.0 0.0
0.0 0.0 0.0
0.0 0.0 0.0
0.0 0.0 0.0
0.0 0.0 0.0
0.0 0.0 0.0
0.0 0.0 0.0
0.0 0.0 0.0
0.0 0.0 0.0
-20.713212966918945 29.95830535888672 -2.6179449558258057
0.0 0.0 0.0
0.0 0.0 0.0
0.0 0.0 0.0
0.0 0.0 0.0
0.0 0.0 0.0
0.0 0.0 0.0
-17.160940170288086 27.61621856689453 -2.960911750793457
-16.721988677978516 27.334138870239258 -3.000619411468506
0.0 0.0 0.0
0.0 0.0 0.0
0.0 0.0 0.0
0.0 0.0 0.0
0.0 0.0 0.0
0.0 0.0 0.0
0.0 0.0 0.0
0.0 0.0 0.0
0.0 0.0 0.0
0.0 0.0 0.0
-12.823516845703125 25.11122703552246 -3.384514331817627
0.0 0.0 0.0
0.0 0.0 0.0
0.0 0.0 0.0
0.0 0.0 0.0
0.0 0.0 0.0
-11.100419998168945 24.187137603759766 -3.543968915939331
0.0 0.0 0.0
0.0 0.0 0.0
0.0 0.0 0.0
0.0 0.0 0.0
0.0 0.0 0.0
0.0 0.0 0.0
0.0 0.0 0.0
0.0 0.0 0.0
-8.773155212402344 22.798694610595703 -3.69981050491333
0.0 0.0 0.0
0.0 0.0 0.0
0.0 0.0 0.0
0.0 0.0 0.0
-7.694292068481445 22.28915023803711 -3.792144775390625
-7.484981536865234 22.18259620666504 -3.8061182498931885
0.0 0.0 0.0
-7.106781482696533 22.082300186157227 -3.853612184524536
0.0 0.0 0.0
-6.680046558380127 21.791221618652344 -3.863165855407715
-6.494928359985352 21.724143981933594 -3.880362033843994
-6.361847400665283 21.82920265197754 -3.928410768508911
-6.1470255851745605 21.66010284423828 -3.9276621341705322
-5.983067989349365 21.655973434448242 -3.9537131786346436
-5.749622821807861 21.390634536743164 -3.9315149784088135
0.0 0.0 0.0
-5.400769233703613 21.271072387695312 -3.962066650390625
-5.241111755371094 21.273475646972656 -3.98772931098938
-5.081765174865723 21.26313018798828 -4.009377479553223
-4.887434959411621 21.09811782836914 -4.001771926879883
-4.751981735229492 21.182559967041016 -4.041524410247803
-4.573943614959717 21.07486343383789 -4.044073581695557
-4.405235290527344 21.015527725219727 -4.053675651550293
-4.253275394439697 21.018354415893555 -4.074976921081543
-4.083851337432861 20.929689407348633 -4.078605651855469
-3.9243736267089844 20.884952545166016 -4.090814113616943
-3.7468390464782715 20.733861923217773 -4.079216480255127
-3.5978503227233887 20.74806785583496 -4.099963188171387
-3.4370977878570557 20.673839569091797 -4.103020191192627
-3.304497718811035 20.768747329711914 -4.139849662780762
-3.1293466091156006 20.590299606323242 -4.120621204376221
-2.9823262691497803 20.585247039794922 -4.134189605712891
-2.8353681564331055 20.57915496826172 -4.147735595703125
-2.6870992183685303 20.57986831665039 -4.163093090057373
-2.538357734680176 20.552696228027344 -4.172412395477295
-2.392232894897461 20.54414939880371 -4.182230472564697
-2.2409374713897705 20.485090255737305 -4.181914806365967
-2.0907390117645264 20.424922943115234 -4.1814799308776855
-1.933746576309204 20.310529708862305 -4.170257568359375
-1.8005917072296143 20.416393280029297 -4.2016215324401855
-1.6542738676071167 20.37667465209961 -4.202036380767822
-1.514823317527771 20.419851303100586 -4.219743728637695
-1.3697221279144287 20.385723114013672 -4.221677780151367
-1.2224302291870117 20.347097396850586 -4.221848964691162
-1.0820393562316895 20.37664794921875 -4.23326301574707
-0.9388289451599121 20.351736068725586 -4.233565807342529
-0.7958677411079407 20.321998596191406 -4.233051776885986
-0.6539811491966248 20.31036949157715 -4.2365007400512695
-0.5114217400550842 20.36348533630371 -4.25023078918457
-0.36912477016448975 20.331560134887695 -4.245837688446045
-0.2269970327615738 20.27187728881836 -4.235842227935791
-0.08626885712146759 20.341209411621094 -4.253011226654053
0.055121008306741714 20.356395721435547 -4.25724458694458
0.19685199856758118 20.36720085144043 -4.258631229400635
0.34044578671455383 20.338754653930664 -4.252007484436035
0.484385222196579 20.439311981201172 -4.272571563720703
0.6247801780700684 20.382204055786133 -4.260147571563721
0.7677493095397949 20.408981323242188 -4.26152229309082
0.9097585082054138 20.404190063476562 -4.256505489349365
1.0579982995986938 20.470867156982422 -4.266524314880371
1.2060447931289673 20.55950355529785 -4.281366348266602
1.3423700332641602 20.449138641357422 -4.252359867095947
1.5038323402404785 20.704378128051758 -4.298141002655029
1.644012689590454 20.64569664001465 -4.278885841369629
1.7889591455459595 20.620168685913086 -4.266613006591797
1.9385836124420166 20.674015045166016 -4.270117282867432
2.0914852619171143 20.75017738342285 -4.275511264801025
2.240208148956299 20.775758743286133 -4.270627975463867
2.38223934173584 20.73944664001465 -4.253232955932617
2.5400307178497314 20.81206703186035 -4.258172512054443
2.6944000720977783 20.869243621826172 -4.257002830505371
2.8438374996185303 20.88368034362793 -4.2467122077941895
2.9986534118652344 20.93113899230957 -4.243268966674805
3.1598012447357178 21.015361785888672 -4.247395992279053
3.315397024154663 21.053232192993164 -4.240621566772461
3.4793622493743896 21.1202335357666 -4.237428665161133
3.6509249210357666 21.23923683166504 -4.244991302490234
3.788505792617798 21.15691566467285 -4.212460994720459
3.9728360176086426 21.330007553100586 -4.230730056762695
4.135793209075928 21.37795639038086 -4.220986843109131
4.322046279907227 21.52197265625 -4.229846000671387
4.490694522857666 21.582298278808594 -4.222573280334473
4.681397914886475 21.738859176635742 -4.234097957611084
4.833540916442871 21.71072006225586 -4.207438945770264
5.008613586425781 21.782733917236328 -4.199212551116943
5.189547538757324 21.860265731811523 -4.191633224487305
5.390139102935791 22.02271270751953 -4.200624465942383
5.567869186401367 22.08307456970215 -4.189103603363037
5.741154670715332 22.120052337646484 -4.170984268188477
5.92927360534668 22.20762825012207 -4.162365913391113
6.111443042755127 22.255952835083008 -4.145925045013428
6.353464603424072 22.52184295654297 -4.170220375061035
6.5382795333862305 22.575485229492188 -4.15222692489624
6.743095397949219 22.690275192260742 -4.145241737365723
6.935245990753174 22.755470275878906 -4.129077434539795
7.146167755126953 22.86614990234375 -4.1205949783325195
7.36566162109375 23.00543212890625 -4.115644931793213
7.633156776428223 23.28202247619629 -4.13380241394043
0.0 0.0 0.0
8.041747093200684 23.42308235168457 -4.096088886260986
8.253780364990234 23.507564544677734 -4.0785813331604
8.501944541931152 23.676555633544922 -4.0732102394104
8.79924201965332 23.978151321411133 -4.090600490570068
8.940025329589844 23.846956253051758 -4.033959865570068
9.301210403442383 24.2952823638916 -4.074619293212891
0.0 0.0 0.0
9.792166709899902 24.542034149169922 -4.039794921875
9.956378936767578 24.45870590209961 -3.9884612560272217
10.302085876464844 24.81307029724121 -4.008091926574707
10.546844482421875 24.911428451538086 -3.9831459522247314
10.764638900756836 24.94004249572754 -3.9466824531555176
0.0 0.0 0.0
0.0 0.0 0.0
11.760392189025879 25.74578857421875 -3.9441964626312256
0.0 0.0 0.0
12.389416694641113 26.153278350830078 -3.9154694080352783
12.754233360290527 26.43820571899414 -3.911168336868286
0.0 0.0 0.0
13.319083213806152 26.65755844116211 -3.8459322452545166
0.0 0.0 0.0
14.013814926147461 27.100229263305664 -3.809570074081421
14.3782377243042 27.339067459106445 -3.7900171279907227
0.0 0.0 0.0
15.147560119628906 27.847700119018555 -3.750093936920166
15.617975234985352 28.244932174682617 -3.7476515769958496
0.0 0.0 0.0
0.0 0.0 0.0
0.0 0.0 0.0
0.0 0.0 0.0
0.0 0.0 0.0
0.0 0.0 0.0
0.0 0.0 0.0
0.0 0.0 0.0
0.0 0.0 0.0
0.0 0.0 0.0
0.0 0.0 0.0
0.0 0.0 0.0
0.0 0.0 0.0
0.0 0.0 0.0
0.0 0.0 0.0
0.0 0.0 0.0
0.0 0.0 0.0
0.0 0.0 0.0
0.0 0.0 0.0
0.0 0.0 0.0
0.0 0.0 0.0
0.0 0.0 0.0
0.0 0.0 0.0
0.0 0.0 0.0
0.0 0.0 0.0
0.0 0.0 0.0
0.0 0.0 0.0
0.0 0.0 0.0
0.0 0.0 0.0
0.0 0.0 0.0
0.0 0.0 0.0
0.0 0.0 0.0
0.0 0.0 0.0
0.0 0.0 0.0
0.0 0.0 0.0
0.0 0.0 0.0
0.0 0.0 0.0
0.0 0.0 0.0
0.0 0.0 0.0
0.0 0.0 0.0
0.0 0.0 0.0
0.0 0.0 0.0
0.0 0.0 0.0
0.0 0.0 0.0
0.0 0.0 0.0
0.0 0.0 0.0
0.0 0.0 0.0
0.0 0.0 0.0
0.0 0.0 0.0
0.0 0.0 0.0
0.0 0.0 0.0
0.0 0.0 0.0
0.0 0.0 0.0
0.0 0.0 0.0
0.0 0.0 0.0
0.0 0.0 0.0
0.0 0.0 0.0
0.0 0.0 0.0
0.0 0.0 0.0
0.0 0.0 0.0
0.0 0.0 0.0
0.0 0.0 0.0
0.0 0.0 0.0
0.0 0.0 0.0
0.0 0.0 0.0
0.0 0.0 0.0
0.0 0.0 0.0
0.0 0.0 0.0
0.0 0.0 0.0
0.0 0.0 0.0
0.0 0.0 0.0
0.0 0.0 0.0
0.0 0.0 0.0
0.0 0.0 0.0
0.0 0.0 0.0
0.0 0.0 0.0
0.0 0.0 0.0
0.0 0.0 0.0
0.0 0.0 0.0
0.0 0.0 0.0
0.0 0.0 0.0
0.0 0.0 0.0
0.0 0.0 0.0
0.0 0.0 0.0
0.0 0.0 0.0
0.0 0.0 0.0
0.0 0.0 0.0
0.0 0.0 0.0
0.0 0.0 0.0
0.0 0.0 0.0
0.0 0.0 0.0
0.0 0.0 0.0
0.0 0.0 0.0
0.0 0.0 0.0
0.0 0.0 0.0
0.0 0.0 0.0
0.0 0.0 0.0
0.0 0.0 0.0
0.0 0.0 0.0
0.0 0.0 0.0
0.0 0.0 0.0
0.0 0.0 0.0
0.0 0.0 0.0
0.0 0.0 0.0
0.0 0.0 0.0
0.0 0.0 0.0
0.0 0.0 0.0
0.0 0.0 0.0
0.0 0.0 0.0
0.0 0.0 0.0
0.0 0.0 0.0
0.0 0.0 0.0
0.0 0.0 0.0
0.0 0.0 0.0
0.0 0.0 0.0
0.0 0.0 0.0
0.0 0.0 0.0
0.0 0.0 0.0
0.0 0.0 0.0
0.0 0.0 0.0
0.0 0.0 0.0
0.0 0.0 0.0
0.0 0.0 0.0
0.0 0.0 0.0
0.0 0.0 0.0
0.0 0.0 0.0
0.0 0.0 0.0
0.0 0.0 0.0
0.0 0.0 0.0
0.0 0.0 0.0
0.0 0.0 0.0
0.0 0.0 0.0
0.0 0.0 0.0
0.0 0.0 0.0
0.0 0.0 0.0
0.0 0.0 0.0
0.0 0.0 0.0
0.0 0.0 0.0
0.0 0.0 0.0
0.0 0.0 0.0
0.0 0.0 0.0
0.0 0.0 0.0
0.0 0.0 0.0
0.0 0.0 0.0
0.0 0.0 0.0
0.0 0.0 0.0
0.0 0.0 0.0
0.0 0.0 0.0
0.0 0.0 0.0
0.0 0.0 0.0
0.0 0.0 0.0
0.0 0.0 0.0
0.0 0.0 0.0
0.0 0.0 0.0
0.0 0.0 0.0
0.0 0.0 0.0
0.0 0.0 0.0
0.0 0.0 0.0
0.0 0.0 0.0
0.0 0.0 0.0
0.0 0.0 0.0
0.0 0.0 0.0
0.0 0.0 0.0
0.0 0.0 0.0
0.0 0.0 0.0
0.0 0.0 0.0
0.0 0.0 0.0
0.0 0.0 0.0
0.0 0.0 0.0
0.0 0.0 0.0
0.0 0.0 0.0
0.0 0.0 0.0
0.0 0.0 0.0
0.0 0.0 0.0
0.0 0.0 0.0
0.0 0.0 0.0
0.0 0.0 0.0
0.0 0.0 0.0
0.0 0.0 0.0
0.0 0.0 0.0
0.0 0.0 0.0
0.0 0.0 0.0
0.0 0.0 0.0
0.0 0.0 0.0
0.0 0.0 0.0
0.0 0.0 0.0
0.0 0.0 0.0
0.0 0.0 0.0
0.0 0.0 0.0
0.0 0.0 0.0
0.0 0.0 0.0
0.0 0.0 0.0
0.0 0.0 0.0
0.0 0.0 0.0
0.0 0.0 0.0
0.0 0.0 0.0
0.0 0.0 0.0
0.0 0.0 0.0
0.0 0.0 0.0
0.0 0.0 0.0
0.0 0.0 0.0
0.0 0.0 0.0
0.0 0.0 0.0
0.0 0.0 0.0
0.0 0.0 0.0
0.0 0.0 0.0
0.0 0.0 0.0
0.0 0.0 0.0
0.0 0.0 0.0
0.0 0.0 0.0
0.0 0.0 0.0
0.0 0.0 0.0
0.0 0.0 0.0
0.0 0.0 0.0
0.0 0.0 0.0
0.0 0.0 0.0
0.0 0.0 0.0
-14.354938507080078 26.055286407470703 -3.2212557792663574
0.0 0.0 0.0
-13.651460647583008 25.615951538085938 -3.277125835418701
0.0 0.0 0.0
0.0 0.0 0.0
0.0 0.0 0.0
0.0 0.0 0.0
0.0 0.0 0.0
0.0 0.0 0.0
0.0 0.0 0.0
-11.186028480529785 24.157665252685547 -3.4751381874084473
0.0 0.0 0.0
0.0 0.0 0.0
0.0 0.0 0.0
0.0 0.0 0.0
0.0 0.0 0.0
0.0 0.0 0.0
0.0 0.0 0.0
0.0 0.0 0.0
0.0 0.0 0.0
-8.711677551269531 22.879610061645508 -3.6850087642669678
0.0 0.0 0.0
-8.296070098876953 22.735740661621094 -3.7332558631896973
0.0 0.0 0.0
0.0 0.0 0.0
0.0 0.0 0.0
-7.451728820800781 22.34465789794922 -3.8023452758789062
-7.250912189483643 22.257808685302734 -3.820120096206665
0.0 0.0 0.0
0.0 0.0 0.0
-6.672021865844727 22.040393829345703 -3.873072385787964
-6.453679084777832 21.866012573242188 -3.8721015453338623
-6.244228363037109 21.71225357055664 -3.8729894161224365
-6.093263626098633 21.75708770751953 -3.907928228378296
-5.920713901519775 21.72285270690918 -3.9287798404693604
-5.729703903198242 21.624601364135742 -3.938434362411499
-5.584079265594482 21.68449592590332 -3.9759068489074707
-5.4036712646484375 21.605674743652344 -3.9856956005096436
-5.232056140899658 21.555265426635742 -4.000677585601807
-5.0120930671691895 21.294021606445312 -3.9763023853302
-4.83701229095459 21.222429275512695 -3.987515687942505
-4.689613342285156 21.25827980041504 -4.015892505645752
-4.532570838928223 21.248035430908203 -4.035240173339844
-4.368757724761963 21.20280647277832 -4.048055648803711
-4.178849220275879 21.02078628540039 -4.034670829772949
-4.009486675262451 20.94346046447754 -4.039948463439941
-3.869157314300537 21.000585556030273 -4.069140434265137
-3.723538637161255 21.030292510986328 -4.093254566192627
-3.5558462142944336 20.930389404296875 -4.09224271774292
-3.4069557189941406 20.935243606567383 -4.111505508422852
-3.23225998878479 20.788393020629883 -4.098065376281738
-3.0769944190979004 20.738447189331055 -4.103488922119141
-2.932231903076172 20.755674362182617 -4.1223530769348145
-2.7775332927703857 20.699726104736328 -4.126847743988037
-2.6302542686462402 20.692502975463867 -4.1387038230896
-2.4866533279418945 20.714902877807617 -4.155545234680176
-2.3241426944732666 20.59187126159668 -4.143545150756836
-2.1787662506103516 20.589290618896484 -4.1556854248046875
-2.030282735824585 20.55157470703125 -4.159830093383789
-1.8909133672714233 20.60483741760254 -4.179819107055664
-1.7378077507019043 20.504554748535156 -4.168842792510986
-1.592423915863037 20.513988494873047 -4.180485248565674
-1.4487162828445435 20.510791778564453 -4.189583778381348
-1.30389404296875 20.488157272338867 -4.191494464874268
-1.159886360168457 20.472253799438477 -4.194441318511963
-1.0192010402679443 20.51648712158203 -4.209918975830078
-0.8721638917922974 20.483367919921875 -4.209846019744873
-0.7295134663581848 20.48773956298828 -4.215700149536133
-0.5869166851043701 20.483901977539062 -4.217830181121826
-0.4433378279209137 20.437000274658203 -4.211291790008545
-0.3038117289543152 20.607141494750977 -4.249697208404541
-0.15719594061374664 20.51238250732422 -4.233616352081299
-0.014504028484225273 20.505359649658203 -4.231896877288818
0.12814487516880035 20.482040405273438 -4.2270188331604
0.27142250537872314 20.541885375976562 -4.239510536193848
0.41623321175575256 20.635150909423828 -4.259105682373047
0.5571728348731995 20.536651611328125 -4.236947059631348
0.7037388682365417 20.567428588867188 -4.2400407791137695
0.8488548398017883 20.616371154785156 -4.247132301330566
0.992268443107605 20.610780715942383 -4.2431840896606445
1.1339644193649292 20.57377052307129 -4.232237815856934
1.2851755619049072 20.696840286254883 -4.251114368438721
1.4327977895736694 20.704132080078125 -4.246261119842529
1.5835554599761963 20.783037185668945 -4.256384372711182
1.7361149787902832 20.868486404418945 -4.268001079559326
1.8720358610153198 20.75516128540039 -4.236220836639404
2.0281014442443848 20.862098693847656 -4.24868631362915
2.189131259918213 20.97527503967285 -4.262358665466309
2.3361196517944336 20.969499588012695 -4.252171993255615
2.4898734092712402 21.020004272460938 -4.252220630645752
2.6374223232269287 21.012842178344727 -4.238297462463379
2.789360523223877 21.038835525512695 -4.2312517166137695
2.94810152053833 21.089982986450195 -4.229193687438965
3.115119218826294 21.20851707458496 -4.24095344543457
3.271880626678467 21.24686050415039 -4.233282089233398
3.417124032974243 21.208402633666992 -4.210279941558838
3.5958688259124756 21.369287490844727 -4.226923942565918
3.7728850841522217 21.506113052368164 -4.2387895584106445
3.920225143432617 21.452836990356445 -4.211104869842529
4.103233337402344 21.602737426757812 -4.221997261047363
4.240116119384766 21.506505966186523 -4.1849236488342285
4.412736892700195 21.589845657348633 -4.182966709136963
4.638326168060303 21.9160213470459 -4.227458477020264
4.798593997955322 21.906375885009766 -4.203871250152588
4.951170444488525 21.873584747314453 -4.176411151885986
5.152461051940918 22.04915428161621 -4.188745498657227
5.336641311645508 22.140859603881836 -4.185038089752197
5.539822101593018 22.30240821838379 -4.192052841186523
5.7255940437316895 22.37236976623535 -4.1805267333984375
5.892086505889893 22.37456512451172 -4.156841278076172
6.081996917724609 22.460880279541016 -4.148817539215088
6.278547286987305 22.564390182495117 -4.142675399780273
6.501669883728027 22.751554489135742 -4.1497650146484375
6.660084247589111 22.69601821899414 -4.112070560455322
6.888314723968506 22.88337516784668 -4.118836402893066
7.092321395874023 22.980424880981445 -4.108880519866943
7.329476833343506 23.175325393676758 -4.113525867462158
7.490339279174805 23.122493743896484 -4.074068069458008
7.795156002044678 23.503738403320312 -4.1107497215271
7.98590612411499 23.519798278808594 -4.0826029777526855
8.233579635620117 23.706787109375 -4.0824875831604
8.470419883728027 23.85152244567871 -4.074095249176025
8.693710327148438 23.9506778717041 -4.057669162750244
8.873353004455566 23.92482566833496 -4.019978046417236
9.167803764343262 24.19288444519043 -4.029429912567139
9.393875122070312 24.279251098632812 -4.007543087005615
9.706878662109375 24.57908821105957 -4.02030086517334
9.949467658996582 24.689538955688477 -4.001485824584961
10.22177505493164 24.865909576416016 -3.9921460151672363
0.0 0.0 0.0
0.0 0.0 0.0
0.0 0.0 0.0
0.0 0.0 0.0
11.66513442993164 25.778396606445312 -3.9291887283325195
12.04823112487793 26.130962371826172 -3.9378976821899414
12.20521068572998 25.993715286254883 -3.8730721473693848
12.577108383178711 26.309999465942383 -3.8751986026763916
0.0 0.0 0.0
13.252775192260742 26.760969161987305 -3.8456366062164307
0.0 0.0 0.0
0.0 0.0 0.0
14.429105758666992 27.663475036621094 -3.8215115070343018
14.657341957092285 27.631303787231445 -3.7642414569854736
15.000144958496094 27.808792114257812 -3.7350282669067383
15.429576873779297 28.13634490966797 -3.7238662242889404
0.0 0.0 0.0
0.0 0.0 0.0
0.0 0.0 0.0
0.0 0.0 0.0
0.0 0.0 0.0
0.0 0.0 0.0
0.0 0.0 0.0
0.0 0.0 0.0
19.688644409179688 31.09736442565918 -3.5055088996887207
0.0 0.0 0.0
0.0 0.0 0.0
0.0 0.0 0.0
0.0 0.0 0.0
0.0 0.0 0.0
0.0 0.0 0.0
24.046846389770508 34.17266845703125 -3.230984926223755
0.0 0.0 0.0
0.0 0.0 0.0
0.0 0.0 0.0
0.0 0.0 0.0
0.0 0.0 0.0
0.0 0.0 0.0
0.0 0.0 0.0
0.0 0.0 0.0
0.0 0.0 0.0
0.0 0.0 0.0
0.0 0.0 0.0
0.0 0.0 0.0
0.0 0.0 0.0
0.0 0.0 0.0
0.0 0.0 0.0
0.0 0.0 0.0
0.0 0.0 0.0
0.0 0.0 0.0
0.0 0.0 0.0
0.0 0.0 0.0
0.0 0.0 0.0
0.0 0.0 0.0
0.0 0.0 0.0
0.0 0.0 0.0
0.0 0.0 0.0
0.0 0.0 0.0
0.0 0.0 0.0
0.0 0.0 0.0
0.0 0.0 0.0
0.0 0.0 0.0
0.0 0.0 0.0
0.0 0.0 0.0
0.0 0.0 0.0
0.0 0.0 0.0
0.0 0.0 0.0
0.0 0.0 0.0
0.0 0.0 0.0
0.0 0.0 0.0
0.0 0.0 0.0
0.0 0.0 0.0
0.0 0.0 0.0
0.0 0.0 0.0
0.0 0.0 0.0
0.0 0.0 0.0
0.0 0.0 0.0
0.0 0.0 0.0
0.0 0.0 0.0
0.0 0.0 0.0
0.0 0.0 0.0
0.0 0.0 0.0
0.0 0.0 0.0
0.0 0.0 0.0
0.0 0.0 0.0
0.0 0.0 0.0
0.0 0.0 0.0
0.0 0.0 0.0
0.0 0.0 0.0
0.0 0.0 0.0
0.0 0.0 0.0
0.0 0.0 0.0
0.0 0.0 0.0
0.0 0.0 0.0
0.0 0.0 0.0
0.0 0.0 0.0
0.0 0.0 0.0
0.0 0.0 0.0
0.0 0.0 0.0
0.0 0.0 0.0
0.0 0.0 0.0
0.0 0.0 0.0
0.0 0.0 0.0
0.0 0.0 0.0
0.0 0.0 0.0
0.0 0.0 0.0
0.0 0.0 0.0
0.0 0.0 0.0
0.0 0.0 0.0
0.0 0.0 0.0
0.0 0.0 0.0
0.0 0.0 0.0
0.0 0.0 0.0
0.0 0.0 0.0
0.0 0.0 0.0
0.0 0.0 0.0
0.0 0.0 0.0
7.470834255218506 163.8211669921875 35.19952392578125
0.0 0.0 0.0
0.0 0.0 0.0
0.0 0.0 0.0
0.0 0.0 0.0
0.0 0.0 0.0
0.0 0.0 0.0
0.0 0.0 0.0
0.0 0.0 0.0
0.0 0.0 0.0
0.0 0.0 0.0
0.0 0.0 0.0
0.0 0.0 0.0
0.0 0.0 0.0
0.0 0.0 0.0
0.0 0.0 0.0
0.0 0.0 0.0
0.0 0.0 0.0
0.0 0.0 0.0
0.0 0.0 0.0
0.0 0.0 0.0
0.0 0.0 0.0
0.0 0.0 0.0
0.0 0.0 0.0
0.0 0.0 0.0
0.0 0.0 0.0
0.0 0.0 0.0
0.0 0.0 0.0
0.0 0.0 0.0
0.0 0.0 0.0
0.0 0.0 0.0
0.0 0.0 0.0
0.0 0.0 0.0
0.0 0.0 0.0
0.0 0.0 0.0
0.0 0.0 0.0
0.0 0.0 0.0
0.0 0.0 0.0
0.0 0.0 0.0
0.0 0.0 0.0
0.0 0.0 0.0
0.0 0.0 0.0
0.0 0.0 0.0
0.0 0.0 0.0
0.0 0.0 0.0
0.0 0.0 0.0
0.0 0.0 0.0
0.0 0.0 0.0
0.0 0.0 0.0
0.0 0.0 0.0
0.0 0.0 0.0
0.0 0.0 0.0
0.0 0.0 0.0
0.0 0.0 0.0
0.0 0.0 0.0
0.0 0.0 0.0
0.0 0.0 0.0
0.0 0.0 0.0
0.0 0.0 0.0
0.0 0.0 0.0
0.0 0.0 0.0
0.0 0.0 0.0
0.0 0.0 0.0
0.0 0.0 0.0
0.0 0.0 0.0
0.0 0.0 0.0
0.0 0.0 0.0
0.0 0.0 0.0
0.0 0.0 0.0
0.0 0.0 0.0
0.0 0.0 0.0
0.0 0.0 0.0
0.0 0.0 0.0
0.0 0.0 0.0
0.0 0.0 0.0
0.0 0.0 0.0
0.0 0.0 0.0
0.0 0.0 0.0
0.0 0.0 0.0
0.0 0.0 0.0
0.0 0.0 0.0
0.0 0.0 0.0
0.0 0.0 0.0
0.0 0.0 0.0
0.0 0.0 0.0
0.0 0.0 0.0
0.0 0.0 0.0
0.0 0.0 0.0
0.0 0.0 0.0
0.0 0.0 0.0
0.0 0.0 0.0
0.0 0.0 0.0
0.0 0.0 0.0
0.0 0.0 0.0
0.0 0.0 0.0
0.0 0.0 0.0
0.0 0.0 0.0
0.0 0.0 0.0
0.0 0.0 0.0
0.0 0.0 0.0
0.0 0.0 0.0
0.0 0.0 0.0
0.0 0.0 0.0
0.0 0.0 0.0
0.0 0.0 0.0
0.0 0.0 0.0
0.0 0.0 0.0
0.0 0.0 0.0
0.0 0.0 0.0
0.0 0.0 0.0
0.0 0.0 0.0
0.0 0.0 0.0
0.0 0.0 0.0
0.0 0.0 0.0
0.0 0.0 0.0
0.0 0.0 0.0
-14.1810302734375 25.954740524291992 -3.2112739086151123
0.0 0.0 0.0
0.0 0.0 0.0
0.0 0.0 0.0
-12.951793670654297 25.360015869140625 -3.3461883068084717
-12.627752304077148 25.163576126098633 -3.371485710144043
0.0 0.0 0.0
0.0 0.0 0.0
0.0 0.0 0.0
0.0 0.0 0.0
0.0 0.0 0.0
0.0 0.0 0.0
-10.607427597045898 23.996944427490234 -3.52571702003479
0.0 0.0 0.0
0.0 0.0 0.0
0.0 0.0 0.0
0.0 0.0 0.0
0.0 0.0 0.0
0.0 0.0 0.0
0.0 0.0 0.0
0.0 0.0 0.0
0.0 0.0 0.0
0.0 0.0 0.0
0.0 0.0 0.0
0.0 0.0 0.0
0.0 0.0 0.0
0.0 0.0 0.0
0.0 0.0 0.0
0.0 0.0 0.0
-6.797452926635742 22.173965454101562 -3.8375890254974365
-6.558581829071045 21.93800926208496 -3.8259239196777344
-6.395794868469238 21.947988510131836 -3.8546979427337646
0.0 0.0 0.0
-6.047553062438965 21.890655517578125 -3.899312973022461
-5.8558478355407715 21.78528594970703 -3.907670021057129
-5.676275253295898 21.719789505004883 -3.9207265377044678
-5.481820106506348 21.589540481567383 -3.9215493202209473
-5.30063533782959 21.514253616333008 -3.932668924331665
-5.153090476989746 21.560354232788086 -3.965613603591919
-4.985032081604004 21.519575119018555 -3.981137752532959
-4.836462020874023 21.560266494750977 -4.010215759277344
-4.6575703620910645 21.460922241210938 -4.013303279876709
-4.46016788482666 21.277938842773438 -4.001009464263916
-4.323156356811523 21.363967895507812 -4.038562774658203
-4.131102561950684 21.170612335205078 -4.020503520965576
-3.9815053939819336 21.187023162841797 -4.042301654815674
-3.8163375854492188 21.115449905395508 -4.047399044036865
-3.6674695014953613 21.14509391784668 -4.072354793548584
-3.4999706745147705 21.04889678955078 -4.07037878036499
-3.337076425552368 20.97053337097168 -4.070911407470703
-3.1990785598754883 21.046424865722656 -4.101556777954102
-3.0233371257781982 20.867076873779297 -4.082553863525391
-2.8973021507263184 21.028438568115234 -4.129292011260986
-2.7177414894104004 20.813369750976562 -4.099903583526611
-2.5714893341064453 20.821096420288086 -4.114245891571045
-2.4084155559539795 20.683120727539062 -4.099898338317871
-2.2711446285247803 20.761058807373047 -4.128495693206787
-2.1270830631256104 20.781490325927734 -4.1427130699157715
-1.9742398262023926 20.73634910583496 -4.143765926361084
-1.828407645225525 20.731887817382812 -4.152939796447754
-1.6814924478530884 20.71112632751465 -4.159027576446533
-1.535498857498169 20.697317123413086 -4.1648850440979
-1.3900054693222046 20.68671989440918 -4.169402122497559
-1.244240403175354 20.709627151489258 -4.180997371673584
-1.0944936275482178 20.612865447998047 -4.168485164642334
-0.9498579502105713 20.595373153686523 -4.172060489654541
-0.8119221329689026 20.73827362060547 -4.204581260681152
-0.6638285517692566 20.62003517150879 -4.184358596801758
-0.5190443992614746 20.673019409179688 -4.1991472244262695
-0.37550535798072815 20.682846069335938 -4.2053117752075195
-0.23168793320655823 20.692129135131836 -4.209237575531006
-0.08785006403923035 20.723695755004883 -4.216294288635254
0.05629096180200577 20.708324432373047 -4.2140069007873535
0.20028793811798096 20.699609756469727 -4.213275909423828
0.3488149642944336 20.823928833007812 -4.239200592041016
0.49225378036499023 20.76040267944336 -4.223636627197266
0.6377158761024475 20.79537010192871 -4.228322505950928
0.7796742916107178 20.71837615966797 -4.210447788238525
0.9322000741958618 20.90430450439453 -4.246200084686279
1.0745095014572144 20.787508010864258 -4.217763900756836
1.2220699787139893 20.830610275268555 -4.220944404602051
1.3727902173995972 20.910877227783203 -4.231823444366455
1.521080493927002 20.94040870666504 -4.232608318328857
1.6661920547485352 20.92329216003418 -4.22308874130249
1.8099007606506348 20.859722137451172 -4.2014594078063965
1.9682921171188354 20.989864349365234 -4.219180107116699
2.1289658546447754 21.122636795043945 -4.237520217895508
2.2769620418548584 21.117067337036133 -4.228243350982666
2.4293007850646973 21.149147033691406 -4.223476886749268
2.5843465328216553 21.176166534423828 -4.21707820892334
2.7490463256835938 21.293561935424805 -4.2289958000183105
2.888258934020996 21.20839500427246 -4.200839996337891
3.057347059249878 21.338909149169922 -4.214016437530518
3.2193565368652344 21.407848358154297 -4.212954521179199
3.3741209506988525 21.422542572021484 -4.2013397216796875
3.5362653732299805 21.46222686767578 -4.194515228271484
3.719874382019043 21.637197494506836 -4.214402198791504
3.861497163772583 21.562044143676758 -4.182337284088135
4.038088798522949 21.67833709716797 -4.187542915344238
4.207178115844727 21.74422836303711 -4.183013439178467
4.398054122924805 21.898714065551758 -4.195236682891846
4.552552223205566 21.87958335876465 -4.172514915466309
4.74436092376709 22.032272338867188 -4.181197166442871
4.9101386070251465 22.055896759033203 -4.165374755859375
5.0971360206604 22.16814613342285 -4.166314601898193
5.241517543792725 22.080278396606445 -4.128793716430664
5.462967395782471 22.32094955444336 -4.150503635406494
5.633517265319824 22.34344482421875 -4.131505489349365
5.832833290100098 22.47254753112793 -4.132171154022217
5.994362831115723 22.45136833190918 -4.105247497558594
6.242291450500488 22.732980728149414 -4.130640506744385
6.438441753387451 22.82418441772461 -4.121046543121338
6.63509464263916 22.910072326660156 -4.110404014587402
6.844225883483887 23.0312442779541 -4.105967044830322
7.03622579574585 23.088258743286133 -4.088661193847656
7.265730857849121 23.2497615814209 -4.087683200836182
7.487990856170654 23.38799285888672 -4.082830905914307
7.687142372131348 23.44742202758789 -4.0640950202941895
7.911914348602295 23.578418731689453 -4.057143211364746
0.0 0.0 0.0
8.371421813964844 23.84227180480957 -4.038005352020264
8.572295188903809 23.872154235839844 -4.010281085968018
0.0 0.0 0.0
9.12366771697998 24.337688446044922 -4.020781517028809
9.372689247131348 24.48191261291504 -4.009264945983887
9.618547439575195 24.609481811523438 -3.994659185409546
9.795316696166992 24.547122955322266 -3.948521137237549
10.177806854248047 25.000446319580078 -3.9836831092834473
10.407220840454102 25.06430435180664 -3.9552316665649414
0.0 0.0 0.0
11.02186107635498 25.537532806396484 -3.951171398162842
11.276522636413574 25.628734588623047 -3.923694372177124
0.0 0.0 0.0
11.870451927185059 25.98933982849121 -3.8933191299438477
12.178563117980957 26.17937660217285 -3.8786041736602783
0.0 0.0 0.0
0.0 0.0 0.0
0.0 0.0 0.0
0.0 0.0 0.0
13.781790733337402 27.112823486328125 -3.7793877124786377
14.151671409606934 27.367589950561523 -3.7641141414642334
14.579752922058105 27.721633911132812 -3.7612621784210205
0.0 0.0 0.0
0.0 0.0 0.0
0.0 0.0 0.0
16.209915161132812 28.83648109436035 -3.6875009536743164
0.0 0.0 0.0
0.0 0.0 0.0
0.0 0.0 0.0
0.0 0.0 0.0
0.0 0.0 0.0
0.0 0.0 0.0
0.0 0.0 0.0
0.0 0.0 0.0
0.0 0.0 0.0
0.0 0.0 0.0
0.0 0.0 0.0
0.0 0.0 0.0
0.0 0.0 0.0
0.0 0.0 0.0
0.0 0.0 0.0
0.0 0.0 0.0
0.0 0.0 0.0
0.0 0.0 0.0
0.0 0.0 0.0
0.0 0.0 0.0
0.0 0.0 0.0
0.0 0.0 0.0
0.0 0.0 0.0
0.0 0.0 0.0
0.0 0.0 0.0
0.0 0.0 0.0
0.0 0.0 0.0
0.0 0.0 0.0
0.0 0.0 0.0
0.0 0.0 0.0
0.0 0.0 0.0
0.0 0.0 0.0
0.0 0.0 0.0
0.0 0.0 0.0
0.0 0.0 0.0
0.0 0.0 0.0
0.0 0.0 0.0
0.0 0.0 0.0
0.0 0.0 0.0
0.0 0.0 0.0
0.0 0.0 0.0
0.0 0.0 0.0
0.0 0.0 0.0
0.0 0.0 0.0
0.0 0.0 0.0
0.0 0.0 0.0
0.0 0.0 0.0
0.0 0.0 0.0
0.0 0.0 0.0
0.0 0.0 0.0
0.0 0.0 0.0
0.0 0.0 0.0
0.0 0.0 0.0
0.0 0.0 0.0
0.0 0.0 0.0
0.0 0.0 0.0
0.0 0.0 0.0
0.0 0.0 0.0
0.0 0.0 0.0
0.0 0.0 0.0
0.0 0.0 0.0
0.0 0.0 0.0
0.0 0.0 0.0
0.0 0.0 0.0
0.0 0.0 0.0
0.0 0.0 0.0
0.0 0.0 0.0
0.0 0.0 0.0
0.0 0.0 0.0
0.0 0.0 0.0
0.0 0.0 0.0
0.0 0.0 0.0
0.0 0.0 0.0
0.0 0.0 0.0
0.0 0.0 0.0
0.0 0.0 0.0
0.0 0.0 0.0
0.0 0.0 0.0
0.0 0.0 0.0
0.0 0.0 0.0
0.0 0.0 0.0
0.0 0.0 0.0
0.0 0.0 0.0
0.0 0.0 0.0
0.0 0.0 0.0
0.0 0.0 0.0
0.0 0.0 0.0
0.0 0.0 0.0
0.0 0.0 0.0
0.0 0.0 0.0
0.0 0.0 0.0
0.0 0.0 0.0
0.0 0.0 0.0
0.0 0.0 0.0
0.0 0.0 0.0
0.0 0.0 0.0
0.0 0.0 0.0
0.0 0.0 0.0
0.0 0.0 0.0
0.0 0.0 0.0
0.0 0.0 0.0
0.0 0.0 0.0
0.0 0.0 0.0
0.0 0.0 0.0
0.0 0.0 0.0
0.0 0.0 0.0
0.0 0.0 0.0
0.0 0.0 0.0
0.0 0.0 0.0
0.0 0.0 0.0
0.0 0.0 0.0
0.0 0.0 0.0
0.0 0.0 0.0
0.0 0.0 0.0
0.0 0.0 0.0
0.0 0.0 0.0
0.0 0.0 0.0
0.0 0.0 0.0
0.0 0.0 0.0
0.0 0.0 0.0
0.0 0.0 0.0
0.0 0.0 0.0
0.0 0.0 0.0
0.0 0.0 0.0
0.0 0.0 0.0
0.0 0.0 0.0
0.0 0.0 0.0
0.0 0.0 0.0
0.0 0.0 0.0
0.0 0.0 0.0
0.0 0.0 0.0
0.0 0.0 0.0
0.0 0.0 0.0
0.0 0.0 0.0
0.0 0.0 0.0
0.0 0.0 0.0
0.0 0.0 0.0
0.0 0.0 0.0
0.0 0.0 0.0
0.0 0.0 0.0
0.0 0.0 0.0
0.0 0.0 0.0
0.0 0.0 0.0
0.0 0.0 0.0
0.0 0.0 0.0
0.0 0.0 0.0
0.0 0.0 0.0
0.0 0.0 0.0
0.0 0.0 0.0
0.0 0.0 0.0
0.0 0.0 0.0
0.0 0.0 0.0
0.0 0.0 0.0
0.0 0.0 0.0
0.0 0.0 0.0
0.0 0.0 0.0
0.0 0.0 0.0
0.0 0.0 0.0
0.0 0.0 0.0
0.0 0.0 0.0
0.0 0.0 0.0
0.0 0.0 0.0
0.0 0.0 0.0
0.0 0.0 0.0
0.0 0.0 0.0
0.0 0.0 0.0
0.0 0.0 0.0
0.0 0.0 0.0
0.0 0.0 0.0
0.0 0.0 0.0
0.0 0.0 0.0
0.0 0.0 0.0
0.0 0.0 0.0
0.0 0.0 0.0
0.0 0.0 0.0
0.0 0.0 0.0
0.0 0.0 0.0
0.0 0.0 0.0
0.0 0.0 0.0
0.0 0.0 0.0
0.0 0.0 0.0
0.0 0.0 0.0
0.0 0.0 0.0
0.0 0.0 0.0
0.0 0.0 0.0
0.0 0.0 0.0
0.0 0.0 0.0
0.0 0.0 0.0
0.0 0.0 0.0
0.0 0.0 0.0
0.0 0.0 0.0
0.0 0.0 0.0
0.0 0.0 0.0
0.0 0.0 0.0
0.0 0.0 0.0
0.0 0.0 0.0
0.0 0.0 0.0
0.0 0.0 0.0
0.0 0.0 0.0
0.0 0.0 0.0
0.0 0.0 0.0
0.0 0.0 0.0
0.0 0.0 0.0
0.0 0.0 0.0
0.0 0.0 0.0
0.0 0.0 0.0
0.0 0.0 0.0
0.0 0.0 0.0
0.0 0.0 0.0
0.0 0.0 0.0
0.0 0.0 0.0
0.0 0.0 0.0
0.0 0.0 0.0
-15.51963996887207 26.821773529052734 -3.077613353729248
0.0 0.0 0.0
0.0 0.0 0.0
0.0 0.0 0.0
-14.090264320373535 26.004417419433594 -3.208930015563965
0.0 0.0 0.0
0.0 0.0 0.0
0.0 0.0 0.0
0.0 0.0 0.0
0.0 0.0 0.0
0.0 0.0 0.0
0.0 0.0 0.0
0.0 0.0 0.0
0.0 0.0 0.0
-11.0593900680542 24.325233459472656 -3.4673984050750732
0.0 0.0 0.0
0.0 0.0 0.0
-10.25360107421875 23.87154197692871 -3.5264787673950195
0.0 0.0 0.0
0.0 0.0 0.0
0.0 0.0 0.0
0.0 0.0 0.0
0.0 0.0 0.0
0.0 0.0 0.0
0.0 0.0 0.0
0.0 0.0 0.0
0.0 0.0 0.0
0.0 0.0 0.0
0.0 0.0 0.0
0.0 0.0 0.0
0.0 0.0 0.0
0.0 0.0 0.0
-6.932410717010498 22.329288482666016 -3.800304651260376
-6.727456569671631 22.224685668945312 -3.811088800430298
0.0 0.0 0.0
-6.360623359680176 22.120075225830078 -3.8484723567962646
-6.148834228515625 21.95795249938965 -3.847831964492798
-5.972817420959473 21.91693878173828 -3.866745710372925
-5.79548454284668 21.875272750854492 -3.884510040283203
0.0 0.0 0.0
-5.441375732421875 21.7567081451416 -3.9128921031951904
-5.267816543579102 21.702890396118164 -3.9275529384613037
-5.04428768157959 21.430959701538086 -3.9001030921936035
-4.937572956085205 21.663753509521484 -3.9649875164031982
-4.7426910400390625 21.497507095336914 -3.9566540718078613
-4.573465824127197 21.438709259033203 -3.9680252075195312
-4.423167705535889 21.46562385559082 -3.9928221702575684
-4.242780685424805 21.340839385986328 -3.9887502193450928
-4.114292144775391 21.490501403808594 -4.036513328552246
-3.9289655685424805 21.32539176940918 -4.024932384490967
-3.7614002227783203 21.24603271484375 -4.028182029724121
-3.5981264114379883 21.180856704711914 -4.032009124755859
-3.438246488571167 21.12963104248047 -4.038584232330322
-3.282111644744873 21.111665725708008 -4.051904678344727
-3.1389894485473633 21.160566329956055 -4.077978134155273
-2.9746346473693848 21.060903549194336 -4.072226524353027
-2.8189518451690674 21.013259887695312 -4.0764899253845215
-2.6751973628997803 21.051986694335938 -4.097681999206543
-2.5275461673736572 21.05923843383789 -4.112939357757568
-2.3620214462280273 20.9327335357666 -4.100406646728516
-2.213196039199829 20.91946792602539 -4.1081013679504395
-2.0699446201324463 20.958555221557617 -4.126276016235352
-1.9245039224624634 20.97756004333496 -4.140715599060059
-1.765947699546814 20.842849731445312 -4.124660015106201
-1.6188669204711914 20.860605239868164 -4.135615825653076
-1.4761066436767578 20.903926849365234 -4.151725769042969
-1.3238188028335571 20.804779052734375 -4.139714241027832
-1.1872844696044922 20.956993103027344 -4.177934646606445
-1.0355498790740967 20.844751358032227 -4.161194324493408
-0.8857730031013489 20.800687789916992 -4.156867504119873
-0.7416797280311584 20.82822036743164 -4.166972637176514
-0.5945561528205872 20.75520133972168 -4.1571455001831055
-0.45113644003868103 20.8038272857666 -4.171135902404785
-0.30703315138816833 20.84059715270996 -4.179697036743164
-0.1594945639371872 20.830419540405273 -4.179072380065918
-0.01449508499354124 20.75409507751465 -4.165351867675781
0.13109374046325684 20.967832565307617 -4.210057735443115
0.2756771445274353 20.878557205200195 -4.191276550292969
0.4220522940158844 20.930158615112305 -4.19994592666626
0.5682691931724548 20.95393943786621 -4.203230857849121
0.7150874733924866 20.90771484375 -4.192656517028809
0.8613668084144592 20.9219970703125 -4.193338871002197
1.0084267854690552 20.947267532348633 -4.193657398223877
1.1550368070602417 20.956207275390625 -4.190898418426514
1.2999204397201538 20.933528900146484 -4.18202018737793
1.4574592113494873 21.058744430541992 -4.202793598175049
1.6095284223556519 21.122472763061523 -4.208237171173096
1.7514327764511108 21.051586151123047 -4.186429500579834
1.9092967510223389 21.166744232177734 -4.20180082321167
2.0580945014953613 21.170120239257812 -4.195135593414307
2.2048585414886475 21.126747131347656 -4.177797794342041
2.3661739826202393 21.239215850830078 -4.1892290115356445
2.5150184631347656 21.232473373413086 -4.177294731140137
2.678373098373413 21.338794708251953 -4.187732219696045
2.8280444145202637 21.329862594604492 -4.1757025718688965
3.003906726837158 21.48729705810547 -4.192729473114014
3.1538009643554688 21.469148635864258 -4.175602912902832
3.3448798656463623 21.719173431396484 -4.210684299468994
3.4939849376678467 21.683500289916992 -4.190409183502197
3.6419742107391357 21.643339157104492 -4.167787551879883
3.8361947536468506 21.867076873779297 -4.1942925453186035
3.994188070297241 21.85844612121582 -4.175962448120117
4.164752006530762 21.92829132080078 -4.173023223876953
4.317878246307373 21.90268898010254 -4.151795387268066
4.506340980529785 22.049650192260742 -4.16025972366333
4.667632102966309 22.056011199951172 -4.142217636108398
4.868784427642822 22.2296142578125 -4.155264854431152
5.042035102844238 22.2783260345459 -4.145244598388672
5.2285685539245605 22.37847900390625 -4.142608642578125
5.424830436706543 22.510974884033203 -4.14479923248291
5.598339557647705 22.541034698486328 -4.128082275390625
5.778954029083252 22.58408546447754 -4.113443851470947
5.959728717803955 22.6339168548584 -4.099593639373779
6.166886329650879 22.7755126953125 -4.10006856918335
6.372186183929443 22.90052032470703 -4.097382545471191
6.575477123260498 23.008947372436523 -4.091562747955322
6.771329402923584 23.07433319091797 -4.077602386474609
6.963324069976807 23.131935119628906 -4.060080528259277
7.189493656158447 23.294757843017578 -4.0606513023376465
7.441702842712402 23.52903938293457 -4.0732645988464355
7.680734157562256 23.709714889526367 -4.076223850250244
7.8097052574157715 23.54815101623535 -4.018869876861572
8.097311973571777 23.84892463684082 -4.038669109344482
8.277649879455566 23.834442138671875 -4.005338668823242
8.521618843078613 23.99669075012207 -4.001547336578369
8.74296760559082 24.088014602661133 -3.984891891479492
9.046619415283203 24.39488410949707 -4.001598358154297
9.281691551208496 24.49544334411621 -3.9832816123962402
9.502969741821289 24.562557220458984 -3.95994234085083
9.86872386932373 24.990848541259766 -3.9940011501312256
10.011646270751953 24.84564208984375 -3.9337410926818848
0.0 0.0 0.0
10.605892181396484 25.289339065551758 -3.927788496017456
10.910771369934082 25.516311645507812 -3.9249110221862793
0.0 0.0 0.0
0.0 0.0 0.0
0.0 0.0 0.0
0.0 0.0 0.0
12.465907096862793 26.555038452148438 -3.87168550491333
12.750279426574707 26.677127838134766 -3.8443920612335205
13.026586532592773 26.775718688964844 -3.813298225402832
13.383971214294434 27.03150177001953 -3.8038980960845947
0.0 0.0 0.0
14.147829055786133 27.592710494995117 -3.783039093017578
0.0 0.0 0.0
0.0 0.0 0.0
15.238415718078613 28.25019645690918 -3.7168192863464355
0.0 0.0 0.0
0.0 0.0 0.0
16.432353973388672 28.99156379699707 -3.6452410221099854
0.0 0.0 0.0
0.0 0.0 0.0
0.0 0.0 0.0
0.0 0.0 0.0
0.0 0.0 0.0
0.0 0.0 0.0
19.764507293701172 31.221755981445312 -3.4585938453674316
0.0 0.0 0.0
0.0 0.0 0.0
0.0 0.0 0.0
0.0 0.0 0.0
23.214061737060547 33.990379333496094 -3.345675468444824
0.0 0.0 0.0
0.0 0.0 0.0
0.0 0.0 0.0
0.0 0.0 0.0
0.0 0.0 0.0
0.0 0.0 0.0
0.0 0.0 0.0
0.0 0.0 0.0
0.0 0.0 0.0
0.0 0.0 0.0
0.0 0.0 0.0
0.0 0.0 0.0
0.0 0.0 0.0
0.0 0.0 0.0
0.0 0.0 0.0
0.0 0.0 0.0
0.0 0.0 0.0
0.0 0.0 0.0
0.0 0.0 0.0
0.0 0.0 0.0
0.0 0.0 0.0
0.0 0.0 0.0
0.0 0.0 0.0
0.0 0.0 0.0
0.0 0.0 0.0
0.0 0.0 0.0
0.0 0.0 0.0
0.0 0.0 0.0
0.0 0.0 0.0
0.0 0.0 0.0
0.0 0.0 0.0
0.0 0.0 0.0
0.0 0.0 0.0
0.0 0.0 0.0
0.0 0.0 0.0
0.0 0.0 0.0
0.0 0.0 0.0
0.0 0.0 0.0
0.0 0.0 0.0
0.0 0.0 0.0
0.0 0.0 0.0
0.0 0.0 0.0
0.0 0.0 0.0
0.0 0.0 0.0
0.0 0.0 0.0
0.0 0.0 0.0
0.0 0.0 0.0
0.0 0.0 0.0
0.0 0.0 0.0
0.0 0.0 0.0
0.0 0.0 0.0
0.0 0.0 0.0
0.0 0.0 0.0
0.0 0.0 0.0
0.0 0.0 0.0
0.0 0.0 0.0
0.0 0.0 0.0
0.0 0.0 0.0
0.0 0.0 0.0
0.0 0.0 0.0
0.0 0.0 0.0
0.0 0.0 0.0
0.0 0.0 0.0
0.0 0.0 0.0
0.0 0.0 0.0
0.0 0.0 0.0
0.0 0.0 0.0
0.0 0.0 0.0
0.0 0.0 0.0
0.0 0.0 0.0
0.0 0.0 0.0
0.0 0.0 0.0
0.0 0.0 0.0
0.0 0.0 0.0
0.0 0.0 0.0
0.0 0.0 0.0
0.0 0.0 0.0
0.0 0.0 0.0
0.0 0.0 0.0
0.0 0.0 0.0
0.0 0.0 0.0
0.0 0.0 0.0
0.0 0.0 0.0
0.0 0.0 0.0
0.0 0.0 0.0
0.0 0.0 0.0
0.0 0.0 0.0
0.0 0.0 0.0
0.0 0.0 0.0
0.0 0.0 0.0
0.0 0.0 0.0
0.0 0.0 0.0
0.0 0.0 0.0
0.0 0.0 0.0
0.0 0.0 0.0
0.0 0.0 0.0
0.0 0.0 0.0
0.0 0.0 0.0
0.0 0.0 0.0
0.0 0.0 0.0
0.0 0.0 0.0
0.0 0.0 0.0
0.0 0.0 0.0
0.0 0.0 0.0
0.0 0.0 0.0
0.0 0.0 0.0
0.0 0.0 0.0
0.0 0.0 0.0
0.0 0.0 0.0
0.0 0.0 0.0
0.0 0.0 0.0
0.0 0.0 0.0
0.0 0.0 0.0
0.0 0.0 0.0
0.0 0.0 0.0
0.0 0.0 0.0
0.0 0.0 0.0
0.0 0.0 0.0
0.0 0.0 0.0
0.0 0.0 0.0
0.0 0.0 0.0
0.0 0.0 0.0
0.0 0.0 0.0
0.0 0.0 0.0
0.0 0.0 0.0
0.0 0.0 0.0
0.0 0.0 0.0
0.0 0.0 0.0
0.0 0.0 0.0
0.0 0.0 0.0
0.0 0.0 0.0
0.0 0.0 0.0
0.0 0.0 0.0
0.0 0.0 0.0
0.0 0.0 0.0
0.0 0.0 0.0
0.0 0.0 0.0
0.0 0.0 0.0
0.0 0.0 0.0
0.0 0.0 0.0
0.0 0.0 0.0
0.0 0.0 0.0
0.0 0.0 0.0
0.0 0.0 0.0
0.0 0.0 0.0
0.0 0.0 0.0
0.0 0.0 0.0
0.0 0.0 0.0
0.0 0.0 0.0
0.0 0.0 0.0
0.0 0.0 0.0
0.0 0.0 0.0
0.0 0.0 0.0
0.0 0.0 0.0
0.0 0.0 0.0
0.0 0.0 0.0
0.0 0.0 0.0
0.0 0.0 0.0
0.0 0.0 0.0
0.0 0.0 0.0
0.0 0.0 0.0
0.0 0.0 0.0
0.0 0.0 0.0
0.0 0.0 0.0
0.0 0.0 0.0
0.0 0.0 0.0
0.0 0.0 0.0
0.0 0.0 0.0
0.0 0.0 0.0
0.0 0.0 0.0
0.0 0.0 0.0
0.0 0.0 0.0
0.0 0.0 0.0
0.0 0.0 0.0
0.0 0.0 0.0
0.0 0.0 0.0
0.0 0.0 0.0
0.0 0.0 0.0
0.0 0.0 0.0
0.0 0.0 0.0
0.0 0.0 0.0
0.0 0.0 0.0
0.0 0.0 0.0
0.0 0.0 0.0
0.0 0.0 0.0
0.0 0.0 0.0
0.0 0.0 0.0
0.0 0.0 0.0
0.0 0.0 0.0
0.0 0.0 0.0
0.0 0.0 0.0
0.0 0.0 0.0
0.0 0.0 0.0
0.0 0.0 0.0
0.0 0.0 0.0
0.0 0.0 0.0
0.0 0.0 0.0
-16.54052734375 27.466548919677734 -2.9646708965301514
0.0 0.0 0.0
0.0 0.0 0.0
0.0 0.0 0.0
0.0 0.0 0.0
0.0 0.0 0.0
0.0 0.0 0.0
0.0 0.0 0.0
0.0 0.0 0.0
0.0 0.0 0.0
0.0 0.0 0.0
0.0 0.0 0.0
0.0 0.0 0.0
0.0 0.0 0.0
0.0 0.0 0.0
-11.544447898864746 24.702577590942383 -3.4182705879211426
0.0 0.0 0.0
0.0 0.0 0.0
0.0 0.0 0.0
0.0 0.0 0.0
0.0 0.0 0.0
0.0 0.0 0.0
0.0 0.0 0.0
0.0 0.0 0.0
0.0 0.0 0.0
-8.968534469604492 23.30497169494629 -3.608358383178711
-8.769268035888672 23.270788192749023 -3.6371161937713623
0.0 0.0 0.0
0.0 0.0 0.0
0.0 0.0 0.0
0.0 0.0 0.0
-7.6977667808532715 22.812597274780273 -3.7281718254089355
-7.441065311431885 22.578487396240234 -3.721057415008545
-7.270170211791992 22.587251663208008 -3.753159761428833
0.0 0.0 0.0
-6.856553554534912 22.365541458129883 -3.773334264755249
0.0 0.0 0.0
-6.507927417755127 22.33315086364746 -3.823744773864746
-6.290040016174316 22.169261932373047 -3.823564291000366
-6.119898796081543 22.1553955078125 -3.8462629318237305
-5.958078384399414 22.170019149780273 -3.874040365219116
-5.759518623352051 22.041810989379883 -3.876810073852539
-5.582937240600586 21.990324020385742 -3.892979145050049
-5.408250331878662 21.953392028808594 -3.9098238945007324
-5.213073253631592 21.81354522705078 -3.907280683517456
-5.07047176361084 21.88948631286621 -3.943453311920166
-4.878221035003662 21.746753692626953 -3.940290927886963
-4.690560340881348 21.613981246948242 -3.93746018409729
-4.529438495635986 21.60841178894043 -3.9562113285064697
-4.390960693359375 21.699161529541016 -3.9924981594085693
-4.195655822753906 21.50225257873535 -3.9758858680725098
-4.039341449737549 21.496383666992188 -3.9945735931396484
-3.8795368671417236 21.46722412109375 -4.005743980407715
-3.7170119285583496 21.433490753173828 -4.016470909118652
-3.5445902347564697 21.318601608276367 -4.01173734664917
-3.3932619094848633 21.323741912841797 -4.029666423797607
-3.2441399097442627 21.34334373474121 -4.048649311065674
-3.05820894241333 21.107589721679688 -4.017794609069824
-2.903329372406006 21.0718936920166 -4.02502965927124
-2.7772815227508545 21.271276473999023 -4.077709674835205
-2.6135683059692383 21.16503143310547 -4.0712971687316895
-2.465101480484009 21.172447204589844 -4.083672046661377
-2.3156580924987793 21.17120361328125 -4.09457540512085
-2.161665678024292 21.12311363220215 -4.096577167510986
-2.000180721282959 21.013017654418945 -4.08684778213501
-1.855677843093872 21.047189712524414 -4.102508068084717
-1.7112269401550293 21.084396362304688 -4.1177754402160645
-1.5574374198913574 20.998239517211914 -4.109113693237305
-1.4147874116897583 21.060165405273438 -4.129622459411621
-1.258061408996582 20.94154930114746 -4.114166259765625
-1.1127301454544067 20.956222534179688 -4.1219305992126465
-0.9686685800552368 21.000513076782227 -4.135731220245361
-0.8211817145347595 20.97487449645996 -4.1359686851501465
-0.6764812469482422 21.017147064208984 -4.14979362487793
-0.5247887969017029 20.90195083618164 -4.129861831665039
-0.3810693919658661 21.00037956237793 -4.151346206665039
-0.23450526595115662 20.96369743347168 -4.146328926086426
-0.0889902263879776 21.010299682617188 -4.15798282623291
0.05724131315946579 21.02543830871582 -4.162519931793213
0.20364423096179962 21.036251068115234 -4.163662910461426
0.3518896996974945 21.000028610229492 -4.155686378479004
0.4993634521961212 21.054759979248047 -4.165925025939941
0.6433852910995483 20.970563888549805 -4.148877143859863
0.793300211429596 21.07748794555664 -4.166563034057617
0.9416589736938477 21.114559173583984 -4.169916152954102
1.0945930480957031 21.177261352539062 -4.178445339202881
1.2453054189682007 21.227510452270508 -4.184763431549072
1.3918238878250122 21.204286575317383 -4.175426959991455
1.5504471063613892 21.348726272583008 -4.196804523468018
1.6900142431259155 21.224483489990234 -4.165545463562012
1.8466285467147827 21.286285400390625 -4.1709065437316895
1.9993927478790283 21.324254989624023 -4.171882152557373
2.1503283977508545 21.33503532409668 -4.164341926574707
2.30462384223938 21.375337600708008 -4.162360191345215
2.461063861846924 21.425941467285156 -4.162522792816162
2.6138598918914795 21.418025970458984 -4.151329040527344
2.7724380493164062 21.47428321838379 -4.151313781738281
0.0 0.0 0.0
3.102639675140381 21.65621566772461 -4.1610002517700195
3.272498846054077 21.76238441467285 -4.168861389160156
3.413959264755249 21.67768669128418 -4.140340328216553
3.6003990173339844 21.85365104675293 -4.157925605773926
3.753584384918213 21.835519790649414 -4.138842582702637
3.9378280639648438 21.99019432067871 -4.152586936950684
4.096277713775635 21.992347717285156 -4.137587547302246
4.2738518714904785 22.091751098632812 -4.139214515686035
4.462888717651367 22.223413467407227 -4.144989490509033
4.613483428955078 22.1734561920166 -4.117329120635986
4.809079170227051 22.332857131958008 -4.128588676452637
4.980980396270752 22.374425888061523 -4.117691993713379
5.164375305175781 22.460092544555664 -4.1120405197143555
5.361595630645752 22.584930419921875 -4.1131486892700195
5.5370001792907715 22.622779846191406 -4.09877872467041
5.69907808303833 22.60331153869629 -4.074143886566162
5.935675144195557 22.869861602783203 -4.098791599273682
6.103081703186035 22.859142303466797 -4.072724342346191
6.2703752517700195 22.835355758666992 -4.044067859649658
6.4870991706848145 22.99634552001953 -4.0485310554504395
6.726511478424072 23.22599220275879 -4.0638251304626465
6.926957130432129 23.309680938720703 -4.051424026489258
7.1129889488220215 23.340145111083984 -4.0297698974609375
7.332709789276123 23.463960647583008 -4.023653984069824
7.546938419342041 23.571998596191406 -4.015100479125977
7.804975986480713 23.80694580078125 -4.025207996368408
7.990938186645508 23.812652587890625 -3.996267795562744
8.197216033935547 23.875341415405273 -3.9769093990325928
8.475077629089355 24.136592864990234 -3.9902901649475098
8.712960243225098 24.263755798339844 -3.978771448135376
8.989983558654785 24.498632431030273 -3.9843056201934814
9.17870807647705 24.484899520874023 -3.9491212368011475
9.411675453186035 24.585203170776367 -3.9322876930236816
9.708155632019043 24.84207534790039 -3.9389209747314453
10.009299278259277 25.087879180908203 -3.9410159587860107
10.289381980895996 25.278182983398438 -3.934415817260742
10.550366401672363 25.412269592285156 -3.9186043739318848
10.795291900634766 25.501441955566406 -3.894946575164795
0.0 0.0 0.0
11.398694038391113 25.90534782409668 -3.875856399536133
0.0 0.0 0.0
11.997176170349121 26.26743507385254 -3.848414659500122
12.301787376403809 26.44625473022461 -3.831263780593872
12.636195182800293 26.678062438964844 -3.8210039138793945
0.0 0.0 0.0
13.219874382019043 26.92880630493164 -3.767190933227539
13.567859649658203 27.1583251953125 -3.7519514560699463
13.96537971496582 27.474210739135742 -3.747573137283325
14.350171089172363 27.75149917602539 -3.736762046813965
14.684497833251953 27.922300338745117 -3.7102103233337402
0.0 0.0 0.0
15.423093795776367 28.35420799255371 -3.6608493328094482
0.0 0.0 0.0
0.0 0.0 0.0
0.0 0.0 0.0
0.0 0.0 0.0
17.7215518951416 30.032445907592773 -3.581885814666748
0.0 0.0 0.0
0.0 0.0 0.0
0.0 0.0 0.0
19.700170516967773 31.358455657958984 -3.4701435565948486
0.0 0.0 0.0
0.0 0.0 0.0
0.0 0.0 0.0
0.0 0.0 0.0
0.0 0.0 0.0
0.0 0.0 0.0
0.0 0.0 0.0
0.0 0.0 0.0
0.0 0.0 0.0
0.0 0.0 0.0
0.0 0.0 0.0
0.0 0.0 0.0
0.0 0.0 0.0
0.0 0.0 0.0
0.0 0.0 0.0
0.0 0.0 0.0
0.0 0.0 0.0
0.0 0.0 0.0
0.0 0.0 0.0
0.0 0.0 0.0
0.0 0.0 0.0
0.0 0.0 0.0
0.0 0.0 0.0
0.0 0.0 0.0
0.0 0.0 0.0
0.0 0.0 0.0
0.0 0.0 0.0
0.0 0.0 0.0
0.0 0.0 0.0
0.0 0.0 0.0
0.0 0.0 0.0
0.0 0.0 0.0
0.0 0.0 0.0
0.0 0.0 0.0
0.0 0.0 0.0
0.0 0.0 0.0
0.0 0.0 0.0
0.0 0.0 0.0
0.0 0.0 0.0
0.0 0.0 0.0
0.0 0.0 0.0
0.0 0.0 0.0
0.0 0.0 0.0
0.0 0.0 0.0
0.0 0.0 0.0
0.0 0.0 0.0
0.0 0.0 0.0
0.0 0.0 0.0
0.0 0.0 0.0
0.0 0.0 0.0
0.0 0.0 0.0
0.0 0.0 0.0
0.0 0.0 0.0
0.0 0.0 0.0
0.0 0.0 0.0
0.0 0.0 0.0
0.0 0.0 0.0
0.0 0.0 0.0
0.0 0.0 0.0
0.0 0.0 0.0
0.0 0.0 0.0
0.0 0.0 0.0
0.0 0.0 0.0
0.0 0.0 0.0
0.0 0.0 0.0
0.0 0.0 0.0
0.0 0.0 0.0
0.0 0.0 0.0
0.0 0.0 0.0
0.0 0.0 0.0
0.0 0.0 0.0
0.0 0.0 0.0
0.0 0.0 0.0
0.0 0.0 0.0
0.0 0.0 0.0
0.0 0.0 0.0
0.0 0.0 0.0
0.0 0.0 0.0
0.0 0.0 0.0
0.0 0.0 0.0
0.0 0.0 0.0
0.0 0.0 0.0
0.0 0.0 0.0
0.0 0.0 0.0
0.0 0.0 0.0
0.0 0.0 0.0
0.0 0.0 0.0
0.0 0.0 0.0
0.0 0.0 0.0
0.0 0.0 0.0
0.0 0.0 0.0
0.0 0.0 0.0
0.0 0.0 0.0
0.0 0.0 0.0
0.0 0.0 0.0
0.0 0.0 0.0
0.0 0.0 0.0
0.0 0.0 0.0
0.0 0.0 0.0
0.0 0.0 0.0
0.0 0.0 0.0
0.0 0.0 0.0
0.0 0.0 0.0
0.0 0.0 0.0
0.0 0.0 0.0
0.0 0.0 0.0
0.0 0.0 0.0
0.0 0.0 0.0
0.0 0.0 0.0
0.0 0.0 0.0
0.0 0.0 0.0
0.0 0.0 0.0
0.0 0.0 0.0
0.0 0.0 0.0
0.0 0.0 0.0
0.0 0.0 0.0
0.0 0.0 0.0
0.0 0.0 0.0
0.0 0.0 0.0
0.0 0.0 0.0
0.0 0.0 0.0
0.0 0.0 0.0
0.0 0.0 0.0
0.0 0.0 0.0
0.0 0.0 0.0
0.0 0.0 0.0
0.0 0.0 0.0
0.0 0.0 0.0
0.0 0.0 0.0
0.0 0.0 0.0
0.0 0.0 0.0
0.0 0.0 0.0
0.0 0.0 0.0
0.0 0.0 0.0
0.0 0.0 0.0
0.0 0.0 0.0
0.0 0.0 0.0
0.0 0.0 0.0
0.0 0.0 0.0
0.0 0.0 0.0
0.0 0.0 0.0
0.0 0.0 0.0
0.0 0.0 0.0
0.0 0.0 0.0
0.0 0.0 0.0
0.0 0.0 0.0
0.0 0.0 0.0
0.0 0.0 0.0
0.0 0.0 0.0
0.0 0.0 0.0
0.0 0.0 0.0
0.0 0.0 0.0
0.0 0.0 0.0
0.0 0.0 0.0
0.0 0.0 0.0
0.0 0.0 0.0
0.0 0.0 0.0
0.0 0.0 0.0
0.0 0.0 0.0
0.0 0.0 0.0
0.0 0.0 0.0
0.0 0.0 0.0
0.0 0.0 0.0
0.0 0.0 0.0
0.0 0.0 0.0
0.0 0.0 0.0
0.0 0.0 0.0
0.0 0.0 0.0
0.0 0.0 0.0
0.0 0.0 0.0
0.0 0.0 0.0
0.0 0.0 0.0
0.0 0.0 0.0
0.0 0.0 0.0
0.0 0.0 0.0
0.0 0.0 0.0
0.0 0.0 0.0
0.0 0.0 0.0
0.0 0.0 0.0
0.0 0.0 0.0
0.0 0.0 0.0
0.0 0.0 0.0
0.0 0.0 0.0
0.0 0.0 0.0
0.0 0.0 0.0
0.0 0.0 0.0
0.0 0.0 0.0
0.0 0.0 0.0
0.0 0.0 0.0
0.0 0.0 0.0
0.0 0.0 0.0
0.0 0.0 0.0
0.0 0.0 0.0
0.0 0.0 0.0
0.0 0.0 0.0
-20.622270584106445 30.045351028442383 -2.555572748184204
0.0 0.0 0.0
0.0 0.0 0.0
0.0 0.0 0.0
0.0 0.0 0.0
0.0 0.0 0.0
0.0 0.0 0.0
0.0 0.0 0.0
0.0 0.0 0.0
0.0 0.0 0.0
0.0 0.0 0.0
0.0 0.0 0.0
0.0 0.0 0.0
-15.057219505310059 26.888147354125977 -3.139275550842285
0.0 0.0 0.0
0.0 0.0 0.0
0.0 0.0 0.0
-13.740203857421875 26.231735229492188 -3.2747232913970947
0.0 0.0 0.0
0.0 0.0 0.0
0.0 0.0 0.0
-12.223177909851074 25.00779151916504 -3.3098607063293457
0.0 0.0 0.0
0.0 0.0 0.0
0.0 0.0 0.0
0.0 0.0 0.0
0.0 0.0 0.0
0.0 0.0 0.0
0.0 0.0 0.0
-10.171648979187012 24.1463623046875 -3.5259299278259277
-9.92138957977295 24.017383575439453 -3.5445480346679688
0.0 0.0 0.0
0.0 0.0 0.0
-9.168379783630371 23.585838317871094 -3.590362310409546
0.0 0.0 0.0
0.0 0.0 0.0
0.0 0.0 0.0
-8.287776947021484 23.215402603149414 -3.6684722900390625
0.0 0.0 0.0
0.0 0.0 0.0
0.0 0.0 0.0
0.0 0.0 0.0
-7.212739944458008 22.675172805786133 -3.7343432903289795
0.0 0.0 0.0
-6.7934393882751465 22.442031860351562 -3.7525155544281006
-6.655361652374268 22.549861907958984 -3.798825740814209
0.0 0.0 0.0
0.0 0.0 0.0
0.0 0.0 0.0
0.0 0.0 0.0
-5.674359321594238 22.03386688232422 -3.8379571437835693
-5.510250091552734 22.030763626098633 -3.8601908683776855
-5.315576553344727 21.899211883544922 -3.859898567199707
-5.161816596984863 21.93092918395996 -3.8884029388427734
-4.996531009674072 21.924596786499023 -3.9104580879211426
-4.828637599945068 21.890666961669922 -3.9244132041931152
-4.638357639312744 21.746322631835938 -3.918527603149414
-4.474221706390381 21.717248916625977 -3.9334158897399902
-4.298888683319092 21.626567840576172 -3.93715500831604
-4.138961315155029 21.622201919555664 -3.9548027515411377
-3.953596353530884 21.46140480041504 -3.9424009323120117
-3.799654960632324 21.461833953857422 -3.959624767303467
-3.650878429412842 21.49148178100586 -3.9824392795562744
-3.504861831665039 21.53917694091797 -4.008106231689453
-3.335932970046997 21.457578659057617 -4.007494926452637
-3.180023670196533 21.43514060974121 -4.017775535583496
-3.009010076522827 21.301300048828125 -4.007238864898682
-2.8629932403564453 21.337406158447266 -4.028777122497559
-2.699465036392212 21.239709854125977 -4.022510051727295
-2.5570425987243652 21.304840087890625 -4.0464067459106445
-2.394123077392578 21.216672897338867 -4.041553497314453
-2.2384531497955322 21.157590866088867 -4.042131423950195
-2.0980029106140137 21.242694854736328 -4.069343090057373
-1.9433653354644775 21.182111740112305 -4.066283702850342
-1.7969573736190796 21.208349227905273 -4.080076217651367
-1.6374011039733887 21.099868774414062 -4.068256378173828
-1.4966853857040405 21.196674346923828 -4.096045017242432
-1.3435680866241455 21.117046356201172 -4.086727142333984
-1.1979014873504639 21.147489547729492 -4.098252296447754
-1.0495929718017578 21.130958557128906 -4.100872039794922
-0.8964851498603821 21.05600929260254 -4.092433929443359
-0.7536429762840271 21.164073944091797 -4.1183552742004395
-0.6033681035041809 21.064634323120117 -4.101751804351807
-0.45708900690078735 21.075300216674805 -4.106771945953369
-0.3136875331401825 21.299631118774414 -4.1536641120910645
-0.1618751585483551 21.15876007080078 -4.1296067237854
-0.014593624509871006 21.143997192382812 -4.1268205642700195
0.13291440904140472 21.224149703979492 -4.142280578613281
0.2796109914779663 21.157590866088867 -4.129307270050049
0.4271777272224426 21.170513153076172 -4.132045745849609
0.5773711800575256 21.278501510620117 -4.152068614959717
0.7273415923118591 21.251676559448242 -4.143535137176514
0.8769789934158325 21.2928524017334 -4.1485209465026855
1.024808645248413 21.279348373413086 -4.143044948577881
1.1849479675292969 21.490711212158203 -4.181525707244873
1.3299524784088135 21.410642623901367 -4.160088062286377
1.4787793159484863 21.36394500732422 -4.14490270614624
1.6297575235366821 21.385208129882812 -4.143208980560303
1.7819061279296875 21.413036346435547 -4.142963409423828
1.9460277557373047 21.569988250732422 -4.166274070739746
2.085259437561035 21.44737434387207 -4.133657455444336
2.2653732299804688 21.705202102661133 -4.174343109130859
2.4012084007263184 21.553794860839844 -4.136620998382568
2.574145555496216 21.73308563232422 -4.162554740905762
2.7174015045166016 21.652725219726562 -4.135330677032471
0.0 0.0 0.0
3.026080846786499 21.648529052734375 -4.110836029052734
3.200343608856201 21.789302825927734 -4.126030921936035
3.3792572021484375 21.944190979003906 -4.142180442810059
3.5427985191345215 21.98804473876953 -4.135603904724121
3.7015485763549805 21.996566772460938 -4.122504711151123
3.8692193031311035 22.05312728881836 -4.118536949157715
4.07082462310791 22.274351119995117 -4.1449432373046875
4.237738609313965 22.309926986694336 -4.133880615234375
4.4077467918396 22.35553741455078 -4.124755382537842
4.547799110412598 22.24920082092285 -4.087801933288574
4.724793910980225 22.322519302368164 -4.084038734436035
4.922083854675293 22.46942710876465 -4.091550827026367
5.120000839233398 22.61918067932129 -4.098475456237793
5.2904815673828125 22.639923095703125 -4.082015514373779
5.498287677764893 22.812795639038086 -4.0929789543151855
5.674469470977783 22.845781326293945 -4.078305244445801
5.86790132522583 22.929363250732422 -4.0696821212768555
6.052918434143066 22.985990524291992 -4.056694030761719
6.247236728668213 23.070850372314453 -4.048646926879883
6.460587501525879 23.21721839904785 -4.051286697387695
6.6327223777771 23.210296630859375 -4.024935722351074
6.859195709228516 23.375179290771484 -4.027154445648193
7.0832343101501465 23.53144645690918 -4.02808952331543
7.352996349334717 23.82576560974121 -4.0522613525390625
7.5327630043029785 23.819982528686523 -4.024075031280518
7.6919684410095215 23.746862411499023 -3.9830009937286377
7.986522674560547 24.082786560058594 -4.0102996826171875
8.228346824645996 24.235902786254883 -4.0061421394348145
8.468301773071289 24.384218215942383 -4.00115966796875
8.647708892822266 24.352397918701172 -3.9641366004943848
8.887677192687988 24.486202239990234 -3.9539966583251953
9.15545654296875 24.686681747436523 -3.9542384147644043
9.45001220703125 24.93783950805664 -3.961503028869629
9.62254810333252 24.870433807373047 -3.916494369506836
9.939961433410645 25.168367385864258 -3.92824649810791
10.22281265258789 25.366405487060547 -3.923771619796753
10.475096702575684 25.479496002197266 -3.905735969543457
10.720158576965332 25.560983657836914 -3.8804943561553955
0.0 0.0 0.0
0.0 0.0 0.0
11.65633773803711 26.245296478271484 -3.8672211170196533
0.0 0.0 0.0
12.221549987792969 26.510665893554688 -3.8229293823242188
0.0 0.0 0.0
0.0 0.0 0.0
13.275559425354004 27.286497116088867 -3.803561210632324
0.0 0.0 0.0
0.0 0.0 0.0
14.225069046020508 27.742252349853516 -3.7251389026641846
14.653642654418945 28.096529006958008 -3.7235162258148193
15.012561798095703 28.301923751831055 -3.6995301246643066
0.0 0.0 0.0
0.0 0.0 0.0
0.0 0.0 0.0
0.0 0.0 0.0
0.0 0.0 0.0
0.0 0.0 0.0
0.0 0.0 0.0
0.0 0.0 0.0
0.0 0.0 0.0
0.0 0.0 0.0
19.872873306274414 31.390399932861328 -3.4121508598327637
0.0 0.0 0.0
0.0 0.0 0.0
0.0 0.0 0.0
0.0 0.0 0.0
0.0 0.0 0.0
0.0 0.0 0.0
0.0 0.0 0.0
0.0 0.0 0.0
0.0 0.0 0.0
0.0 0.0 0.0
0.0 0.0 0.0
0.0 0.0 0.0
0.0 0.0 0.0
0.0 0.0 0.0
0.0 0.0 0.0
0.0 0.0 0.0
0.0 0.0 0.0
0.0 0.0 0.0
0.0 0.0 0.0
0.0 0.0 0.0
0.0 0.0 0.0
0.0 0.0 0.0
0.0 0.0 0.0
0.0 0.0 0.0
0.0 0.0 0.0
0.0 0.0 0.0
0.0 0.0 0.0
0.0 0.0 0.0
0.0 0.0 0.0
0.0 0.0 0.0
0.0 0.0 0.0
0.0 0.0 0.0
0.0 0.0 0.0
0.0 0.0 0.0
0.0 0.0 0.0
0.0 0.0 0.0
0.0 0.0 0.0
0.0 0.0 0.0
0.0 0.0 0.0
0.0 0.0 0.0
0.0 0.0 0.0
0.0 0.0 0.0
0.0 0.0 0.0
0.0 0.0 0.0
0.0 0.0 0.0
0.0 0.0 0.0
0.0 0.0 0.0
0.0 0.0 0.0
0.0 0.0 0.0
0.0 0.0 0.0
0.0 0.0 0.0
0.0 0.0 0.0
0.0 0.0 0.0
0.0 0.0 0.0
0.0 0.0 0.0
0.0 0.0 0.0
0.0 0.0 0.0
0.0 0.0 0.0
0.0 0.0 0.0
0.0 0.0 0.0
0.0 0.0 0.0
0.0 0.0 0.0
0.0 0.0 0.0
0.0 0.0 0.0
0.0 0.0 0.0
0.0 0.0 0.0
0.0 0.0 0.0
0.0 0.0 0.0
0.0 0.0 0.0
0.0 0.0 0.0
0.0 0.0 0.0
0.0 0.0 0.0
0.0 0.0 0.0
0.0 0.0 0.0
0.0 0.0 0.0
0.0 0.0 0.0
0.0 0.0 0.0
0.0 0.0 0.0
0.0 0.0 0.0
0.0 0.0 0.0
0.0 0.0 0.0
0.0 0.0 0.0
0.0 0.0 0.0
0.0 0.0 0.0
0.0 0.0 0.0
0.0 0.0 0.0
0.0 0.0 0.0
0.0 0.0 0.0
0.0 0.0 0.0
0.0 0.0 0.0
0.0 0.0 0.0
0.0 0.0 0.0
0.0 0.0 0.0
0.0 0.0 0.0
0.0 0.0 0.0
0.0 0.0 0.0
0.0 0.0 0.0
0.0 0.0 0.0
0.0 0.0 0.0
0.0 0.0 0.0
0.0 0.0 0.0
0.0 0.0 0.0
0.0 0.0 0.0
0.0 0.0 0.0
0.0 0.0 0.0
0.0 0.0 0.0
0.0 0.0 0.0
0.0 0.0 0.0
0.0 0.0 0.0
0.0 0.0 0.0
0.0 0.0 0.0
0.0 0.0 0.0
0.0 0.0 0.0
0.0 0.0 0.0
0.0 0.0 0.0
0.0 0.0 0.0
0.0 0.0 0.0
0.0 0.0 0.0
0.0 0.0 0.0
0.0 0.0 0.0
0.0 0.0 0.0
0.0 0.0 0.0
0.0 0.0 0.0
0.0 0.0 0.0
0.0 0.0 0.0
0.0 0.0 0.0
0.0 0.0 0.0
0.0 0.0 0.0
0.0 0.0 0.0
0.0 0.0 0.0
0.0 0.0 0.0
0.0 0.0 0.0
0.0 0.0 0.0
0.0 0.0 0.0
0.0 0.0 0.0
0.0 0.0 0.0
0.0 0.0 0.0
0.0 0.0 0.0
0.0 0.0 0.0
0.0 0.0 0.0
0.0 0.0 0.0
0.0 0.0 0.0
0.0 0.0 0.0
0.0 0.0 0.0
0.0 0.0 0.0
0.0 0.0 0.0
0.0 0.0 0.0
0.0 0.0 0.0
0.0 0.0 0.0
0.0 0.0 0.0
0.0 0.0 0.0
0.0 0.0 0.0
0.0 0.0 0.0
0.0 0.0 0.0
0.0 0.0 0.0
0.0 0.0 0.0
0.0 0.0 0.0
0.0 0.0 0.0
0.0 0.0 0.0
0.0 0.0 0.0
0.0 0.0 0.0
0.0 0.0 0.0
0.0 0.0 0.0
0.0 0.0 0.0
0.0 0.0 0.0
0.0 0.0 0.0
0.0 0.0 0.0
0.0 0.0 0.0
0.0 0.0 0.0
0.0 0.0 0.0
0.0 0.0 0.0
0.0 0.0 0.0
0.0 0.0 0.0
0.0 0.0 0.0
0.0 0.0 0.0
0.0 0.0 0.0
0.0 0.0 0.0
0.0 0.0 0.0
0.0 0.0 0.0
0.0 0.0 0.0
0.0 0.0 0.0
0.0 0.0 0.0
0.0 0.0 0.0
0.0 0.0 0.0
0.0 0.0 0.0
0.0 0.0 0.0
0.0 0.0 0.0
0.0 0.0 0.0
0.0 0.0 0.0
0.0 0.0 0.0
0.0 0.0 0.0
0.0 0.0 0.0
0.0 0.0 0.0
0.0 0.0 0.0
0.0 0.0 0.0
0.0 0.0 0.0
0.0 0.0 0.0
0.0 0.0 0.0
0.0 0.0 0.0
0.0 0.0 0.0
0.0 0.0 0.0
0.0 0.0 0.0
-16.841869354248047 27.96367645263672 -2.9560909271240234
0.0 0.0 0.0
0.0 0.0 0.0
0.0 0.0 0.0
0.0 0.0 0.0
0.0 0.0 0.0
0.0 0.0 0.0
0.0 0.0 0.0
0.0 0.0 0.0
0.0 0.0 0.0
0.0 0.0 0.0
0.0 0.0 0.0
0.0 0.0 0.0
0.0 0.0 0.0
0.0 0.0 0.0
0.0 0.0 0.0
0.0 0.0 0.0
0.0 0.0 0.0
0.0 0.0 0.0
-10.62233829498291 24.496305465698242 -3.4777348041534424
0.0 0.0 0.0
0.0 0.0 0.0
0.0 0.0 0.0
0.0 0.0 0.0
0.0 0.0 0.0
0.0 0.0 0.0
0.0 0.0 0.0
0.0 0.0 0.0
0.0 0.0 0.0
0.0 0.0 0.0
-8.036479949951172 23.280580520629883 -3.6818947792053223
0.0 0.0 0.0
0.0 0.0 0.0
-7.356044769287109 22.854276657104492 -3.7039074897766113
0.0 0.0 0.0
0.0 0.0 0.0
0.0 0.0 0.0
-6.554538726806641 22.49196434020996 -3.7548987865448
-6.422923564910889 22.63658905029297 -3.8056254386901855
-6.198947429656982 22.441539764404297 -3.7988312244415283
-5.992910385131836 22.300451278686523 -3.8006067276000977
-5.84794282913208 22.381689071655273 -3.837636947631836
-5.626453399658203 22.16314697265625 -3.8232109546661377
-5.4848313331604 22.264923095703125 -3.864448070526123
-5.278558731079102 22.087989807128906 -3.856942653656006
-5.094004154205322 21.99223518371582 -3.861356735229492
-4.961843013763428 22.1204833984375 -3.9043643474578857
-4.7809576988220215 22.029699325561523 -3.908858299255371
-4.607365608215332 21.97944450378418 -3.9209396839141846
-4.431320667266846 21.897363662719727 -3.9261066913604736
-4.242672443389893 21.742563247680664 -3.915987491607666
-4.093169212341309 21.78282356262207 -3.94107723236084
-3.914071559906006 21.659290313720703 -3.936596632003784
-3.7598304748535156 21.682485580444336 -3.9591779708862305
-3.6062252521514893 21.693334579467773 -3.97644305229187
-3.4370501041412354 21.604476928710938 -3.975008249282837
-3.280259132385254 21.58652114868164 -3.986711025238037
-3.1134207248687744 21.495182037353516 -3.9849517345428467
-2.9606387615203857 21.4941463470459 -3.998767375946045
-2.808105707168579 21.5117130279541 -4.014307022094727
-2.66146183013916 21.554584503173828 -4.034564018249512
-2.4814937114715576 21.314180374145508 -4.001861572265625
-2.3407413959503174 21.400644302368164 -4.030633926391602
-2.18888258934021 21.38743019104004 -4.0376152992248535
-2.031345844268799 21.33902359008789 -4.037923336029053
-1.882668137550354 21.350452423095703 -4.049556732177734
-1.73686683177948 21.39910316467285 -4.068474769592285
-1.577976942062378 21.27480125427246 -4.053061008453369
-1.430842638015747 21.299074172973633 -4.06390905380249
-1.2885322570800781 21.4488468170166 -4.099056720733643
-1.1320655345916748 21.321672439575195 -4.081370830535889
-0.9809669256210327 21.270030975341797 -4.078280925750732
-0.8304340243339539 21.210317611694336 -4.070224285125732
-0.6845561861991882 21.272296905517578 -4.085455894470215
-0.534864604473114 21.31414031982422 -4.097095489501953
-0.3864593803882599 21.308866500854492 -4.099819660186768
-0.23779618740081787 21.272174835205078 -4.095076560974121
-0.08977092802524567 21.265514373779297 -4.094263553619385
0.05816129595041275 21.323034286499023 -4.106006145477295
0.20586754381656647 21.25678062438965 -4.094112873077393
0.35759034752845764 21.335201263427734 -4.110304355621338
0.5079273581504822 21.413286209106445 -4.1229071617126465
0.6566131711006165 21.406003952026367 -4.119058609008789
0.8076987266540527 21.459014892578125 -4.1270036697387695
0.9576730728149414 21.46880531311035 -4.126828193664551
1.11488938331604 21.565872192382812 -4.141818046569824
1.259444236755371 21.463163375854492 -4.116539001464844
1.4152755737304688 21.55474281311035 -4.128728866577148
1.5687189102172852 21.59160804748535 -4.130597114562988
1.7221349477767944 21.619733810424805 -4.130973815917969
1.875136137008667 21.608983993530273 -4.1205949783325195
2.029637098312378 21.639404296875 -4.118196487426758
2.1875624656677246 21.699289321899414 -4.121571063995361
2.345184803009033 21.7465763092041 -4.122704029083252
2.512427806854248 21.869304656982422 -4.136575698852539
2.667243480682373 21.853666305541992 -4.122262954711914
2.8205509185791016 21.844810485839844 -4.109603404998779
2.9866480827331543 21.930023193359375 -4.114798069000244
3.1497087478637695 21.98357391357422 -4.114165782928467
3.318471908569336 22.06690216064453 -4.115756988525391
3.4724035263061523 22.046499252319336 -4.098065376281738
3.645834445953369 22.126985549926758 -4.09901762008667
3.819754123687744 22.21790885925293 -4.102218151092529
4.015396595001221 22.421321868896484 -4.12445068359375
4.167736053466797 22.37396240234375 -4.098958492279053
4.33129358291626 22.385940551757812 -4.084526062011719
4.5033159255981445 22.422616958618164 -4.074431419372559
4.694387912750244 22.560211181640625 -4.082807540893555
4.870558738708496 22.617816925048828 -4.073686122894287
5.079707622528076 22.816753387451172 -4.089925765991211
5.254786491394043 22.852645874023438 -4.07688570022583
5.429014205932617 22.867877960205078 -4.05991792678833
5.619200706481934 22.95751953125 -4.0545973777771
5.821312427520752 23.086891174316406 -4.055052280426025
6.005360126495361 23.13625717163086 -4.041387557983398
6.188389301300049 23.17673683166504 -4.026210308074951
6.387316703796387 23.259790420532227 -4.017416954040527
6.588163375854492 23.35338020324707 -4.008530616760254
6.836921215057373 23.60447883605957 -4.026394367218018
7.033316612243652 23.664871215820312 -4.011531829833984
7.245499610900879 23.771629333496094 -4.00445556640625
7.46573543548584 23.88725471496582 -3.9959378242492676
7.685351371765137 24.00179100036621 -3.9870445728302
7.9043402671813965 24.107160568237305 -3.976487636566162
8.150960922241211 24.28750991821289 -3.978046417236328
8.331279754638672 24.265077590942383 -3.9450254440307617
8.62477970123291 24.56195068359375 -3.962279796600342
8.813763618469238 24.542327880859375 -3.927624225616455
9.080933570861816 24.74350929260254 -3.9286949634552
9.355021476745605 24.953279495239258 -3.930180311203003
9.599626541137695 25.074026107788086 -3.9153480529785156
9.875923156738281 25.268207550048828 -3.911588191986084
10.131393432617188 25.390390396118164 -3.8956658840179443
0.0 0.0 0.0
10.636242866516113 25.61638641357422 -3.858743667602539
10.911637306213379 25.772382736206055 -3.8448753356933594
0.0 0.0 0.0
11.510957717895508 26.16044807434082 -3.826237916946411
11.804563522338867 26.32979965209961 -3.810807943344116
0.0 0.0 0.0
0.0 0.0 0.0
12.733301162719727 26.87958526611328 -3.7655510902404785
13.238874435424805 27.44482421875 -3.7994344234466553
0.0 0.0 0.0
0.0 0.0 0.0
0.0 0.0 0.0
0.0 0.0 0.0
14.86713695526123 28.26640510559082 -3.6743175983428955
0.0 0.0 0.0
15.64682674407959 28.75926399230957 -3.6356325149536133
16.19502067565918 29.281843185424805 -3.6470789909362793
0.0 0.0 0.0
0.0 0.0 0.0
0.0 0.0 0.0
0.0 0.0 0.0
0.0 0.0 0.0
0.0 0.0 0.0
0.0 0.0 0.0
0.0 0.0 0.0
0.0 0.0 0.0
0.0 0.0 0.0
0.0 0.0 0.0
0.0 0.0 0.0
0.0 0.0 0.0
0.0 0.0 0.0
0.0 0.0 0.0
0.0 0.0 0.0
0.0 0.0 0.0
0.0 0.0 0.0
0.0 0.0 0.0
0.0 0.0 0.0
0.0 0.0 0.0
0.0 0.0 0.0
0.0 0.0 0.0
0.0 0.0 0.0
0.0 0.0 0.0
0.0 0.0 0.0
0.0 0.0 0.0
0.0 0.0 0.0
0.0 0.0 0.0
0.0 0.0 0.0
0.0 0.0 0.0
0.0 0.0 0.0
0.0 0.0 0.0
0.0 0.0 0.0
0.0 0.0 0.0
0.0 0.0 0.0
0.0 0.0 0.0
0.0 0.0 0.0
0.0 0.0 0.0
0.0 0.0 0.0
0.0 0.0 0.0
0.0 0.0 0.0
0.0 0.0 0.0
0.0 0.0 0.0
0.0 0.0 0.0
0.0 0.0 0.0
0.0 0.0 0.0
0.0 0.0 0.0
0.0 0.0 0.0
0.0 0.0 0.0
0.0 0.0 0.0
0.0 0.0 0.0
0.0 0.0 0.0
0.0 0.0 0.0
0.0 0.0 0.0
0.0 0.0 0.0
0.0 0.0 0.0
0.0 0.0 0.0
0.0 0.0 0.0
0.0 0.0 0.0
0.0 0.0 0.0
0.0 0.0 0.0
0.0 0.0 0.0
0.0 0.0 0.0
0.0 0.0 0.0
0.0 0.0 0.0
0.0 0.0 0.0
0.0 0.0 0.0
0.0 0.0 0.0
0.0 0.0 0.0
0.0 0.0 0.0
0.0 0.0 0.0
0.0 0.0 0.0
0.0 0.0 0.0
0.0 0.0 0.0
0.0 0.0 0.0
0.0 0.0 0.0
0.0 0.0 0.0
0.0 0.0 0.0
0.0 0.0 0.0
0.0 0.0 0.0
0.0 0.0 0.0
0.0 0.0 0.0
0.0 0.0 0.0
0.0 0.0 0.0
0.0 0.0 0.0
0.0 0.0 0.0
0.0 0.0 0.0
0.0 0.0 0.0
0.0 0.0 0.0
0.0 0.0 0.0
0.0 0.0 0.0
0.0 0.0 0.0
0.0 0.0 0.0
0.0 0.0 0.0
0.0 0.0 0.0
0.0 0.0 0.0
0.0 0.0 0.0
0.0 0.0 0.0
0.0 0.0 0.0
0.0 0.0 0.0
0.0 0.0 0.0
0.0 0.0 0.0
0.0 0.0 0.0
0.0 0.0 0.0
0.0 0.0 0.0
0.0 0.0 0.0
0.0 0.0 0.0
0.0 0.0 0.0
0.0 0.0 0.0
0.0 0.0 0.0
0.0 0.0 0.0
0.0 0.0 0.0
0.0 0.0 0.0
0.0 0.0 0.0
0.0 0.0 0.0
0.0 0.0 0.0
0.0 0.0 0.0
0.0 0.0 0.0
0.0 0.0 0.0
0.0 0.0 0.0
0.0 0.0 0.0
0.0 0.0 0.0
0.0 0.0 0.0
0.0 0.0 0.0
0.0 0.0 0.0
0.0 0.0 0.0
0.0 0.0 0.0
0.0 0.0 0.0
0.0 0.0 0.0
0.0 0.0 0.0
0.0 0.0 0.0
0.0 0.0 0.0
0.0 0.0 0.0
0.0 0.0 0.0
0.0 0.0 0.0
0.0 0.0 0.0
0.0 0.0 0.0
0.0 0.0 0.0
0.0 0.0 0.0
0.0 0.0 0.0
0.0 0.0 0.0
0.0 0.0 0.0
0.0 0.0 0.0
0.0 0.0 0.0
0.0 0.0 0.0
0.0 0.0 0.0
0.0 0.0 0.0
0.0 0.0 0.0
0.0 0.0 0.0
0.0 0.0 0.0
0.0 0.0 0.0
0.0 0.0 0.0
0.0 0.0 0.0
0.0 0.0 0.0
0.0 0.0 0.0
0.0 0.0 0.0
0.0 0.0 0.0
0.0 0.0 0.0
0.0 0.0 0.0
0.0 0.0 0.0
0.0 0.0 0.0
0.0 0.0 0.0
0.0 0.0 0.0
0.0 0.0 0.0
0.0 0.0 0.0
0.0 0.0 0.0
0.0 0.0 0.0
0.0 0.0 0.0
0.0 0.0 0.0
0.0 0.0 0.0
0.0 0.0 0.0
0.0 0.0 0.0
0.0 0.0 0.0
0.0 0.0 0.0
0.0 0.0 0.0
0.0 0.0 0.0
0.0 0.0 0.0
0.0 0.0 0.0
0.0 0.0 0.0
0.0 0.0 0.0
0.0 0.0 0.0
0.0 0.0 0.0
0.0 0.0 0.0
0.0 0.0 0.0
0.0 0.0 0.0
0.0 0.0 0.0
0.0 0.0 0.0
0.0 0.0 0.0
0.0 0.0 0.0
0.0 0.0 0.0
0.0 0.0 0.0
0.0 0.0 0.0
0.0 0.0 0.0
0.0 0.0 0.0
0.0 0.0 0.0
0.0 0.0 0.0
0.0 0.0 0.0
0.0 0.0 0.0
0.0 0.0 0.0
0.0 0.0 0.0
0.0 0.0 0.0
0.0 0.0 0.0
0.0 0.0 0.0
0.0 0.0 0.0
0.0 0.0 0.0
0.0 0.0 0.0
0.0 0.0 0.0
0.0 0.0 0.0
0.0 0.0 0.0
0.0 0.0 0.0
0.0 0.0 0.0
0.0 0.0 0.0
0.0 0.0 0.0
0.0 0.0 0.0
0.0 0.0 0.0
0.0 0.0 0.0
0.0 0.0 0.0
0.0 0.0 0.0
0.0 0.0 0.0
0.0 0.0 0.0
0.0 0.0 0.0
0.0 0.0 0.0
0.0 0.0 0.0
0.0 0.0 0.0
0.0 0.0 0.0
0.0 0.0 0.0
0.0 0.0 0.0
-11.242301940917969 24.73111343383789 -3.3724420070648193
0.0 0.0 0.0
0.0 0.0 0.0
0.0 0.0 0.0
0.0 0.0 0.0
-10.098917007446289 24.445520401000977 -3.527407646179199
0.0 0.0 0.0
0.0 0.0 0.0
0.0 0.0 0.0
0.0 0.0 0.0
0.0 0.0 0.0
0.0 0.0 0.0
0.0 0.0 0.0
0.0 0.0 0.0
-7.968850135803223 23.352325439453125 -3.665379762649536
-7.678384780883789 23.024534225463867 -3.6428818702697754
-7.57116174697876 23.241117477416992 -3.7064332962036133
-7.299907684326172 22.94936180114746 -3.688852310180664
-7.122038841247559 22.942785263061523 -3.7165637016296387
0.0 0.0 0.0
-6.716064453125 22.76034927368164 -3.739854574203491
-6.513282775878906 22.653234481811523 -3.748440742492676
-6.347682952880859 22.670705795288086 -3.777630567550659
-6.158016204833984 22.597944259643555 -3.789672374725342
-5.945369720458984 22.44237518310547 -3.7874181270599365
-5.77085542678833 22.41123390197754 -3.8056349754333496
-5.6109113693237305 22.434864044189453 -3.8332831859588623
-5.392560958862305 22.217918395996094 -3.8186733722686768
-5.263359069824219 22.363088607788086 -3.8644111156463623
-5.071213722229004 22.252702713012695 -3.8665430545806885
-4.896273136138916 22.196596145629883 -3.8776872158050537
-4.718976020812988 22.124107360839844 -3.8860065937042236
-4.5430827140808105 22.050729751586914 -3.891160011291504
-4.379247665405273 22.028818130493164 -3.905241012573242
-4.199991226196289 21.938148498535156 -3.907531261444092
-4.045358657836914 21.955331802368164 -3.9287776947021484
-3.87764573097229 21.899757385253906 -3.935617208480835
-3.7162585258483887 21.873506546020508 -3.9461886882781982
-3.532569646835327 21.705642700195312 -3.9312355518341064
-3.3813636302948 21.74561882019043 -3.9542596340179443
-3.2124016284942627 21.651142120361328 -3.9526560306549072
-3.0681705474853516 21.71961784362793 -3.9775607585906982
-2.902527332305908 21.6347713470459 -3.9745635986328125
-2.745968818664551 21.609682083129883 -3.982654571533203
-2.5864081382751465 21.552928924560547 -3.9850218296051025
-2.440601348876953 21.633028030395508 -4.011218070983887
-2.277331590652466 21.528799057006836 -4.0015387535095215
-2.1352593898773193 21.62212371826172 -4.028756141662598
-1.9691929817199707 21.46590232849121 -4.009631156921387
-1.8248525857925415 21.538049697875977 -4.033219814300537
-1.66069495677948 21.399456024169922 -4.014166355133057
-1.5189484357833862 21.51226806640625 -4.0423383712768555
-1.3676674365997314 21.497682571411133 -4.046794414520264
-1.2157466411590576 21.462862014770508 -4.047606468200684
-1.0662410259246826 21.469514846801758 -4.05446195602417
-0.9167256355285645 21.53306770324707 -4.070524215698242
-0.7645435333251953 21.472749710083008 -4.063299655914307
-0.6161524653434753 21.518789291381836 -4.076399326324463
-0.46466511487960815 21.441020965576172 -4.066173553466797
-0.3169972598552704 21.539396286010742 -4.085806846618652
-0.16476568579673767 21.59455108642578 -4.097470283508301
-0.014577645808458328 21.518144607543945 -4.084346294403076
0.1353357583284378 21.540477752685547 -4.090160369873047
0.2846892774105072 21.496868133544922 -4.0817999839782715
0.4354396462440491 21.559993743896484 -4.092093467712402
0.5872897505760193 21.629735946655273 -4.103829860687256
0.7395808696746826 21.602428436279297 -4.097326278686523
0.9017658829689026 21.8847599029541 -4.149761199951172
1.0433286428451538 21.660547256469727 -4.102548122406006
1.1944559812545776 21.661521911621094 -4.098208427429199
1.3485701084136963 21.711257934570312 -4.103283882141113
1.5048489570617676 21.740581512451172 -4.104608058929443
1.6622016429901123 21.811397552490234 -4.112210750579834
1.818827509880066 21.858461380004883 -4.113572597503662
1.975499153137207 21.896759033203125 -4.1134467124938965
2.126845359802246 21.872783660888672 -4.101809978485107
2.2944865226745605 21.981203079223633 -4.115047931671143
2.457498550415039 22.054885864257812 -4.118452072143555
2.6061065196990967 21.997716903686523 -4.0975446701049805
2.7776553630828857 22.126279830932617 -4.111374855041504
2.9378161430358887 22.1545352935791 -4.106690883636475
3.109837293624878 22.242469787597656 -4.1113386154174805
3.2681772708892822 22.246126174926758 -4.098944187164307
3.4220361709594727 22.218259811401367 -4.080932140350342
3.59968900680542 22.33729362487793 -4.090010166168213
3.778353214263916 22.451187133789062 -4.098202228546143
3.954277753829956 22.537771224975586 -4.097977161407471
4.121976375579834 22.55447006225586 -4.0847978591918945
4.290867328643799 22.589284896850586 -4.075313568115234
4.453921318054199 22.588836669921875 -4.059589862823486
4.644758701324463 22.72321319580078 -4.066579818725586
4.807625770568848 22.713212966918945 -4.046255111694336
5.018892765045166 22.908235549926758 -4.062103748321533
5.202059745788574 22.978158950805664 -4.056056022644043
5.39971399307251 23.1028995513916 -4.059445858001709
5.557462215423584 23.05438995361328 -4.029608726501465
5.786474704742432 23.292566299438477 -4.0498175621032715
5.966604232788086 23.311603546142578 -4.031443119049072
6.180696487426758 23.46779441833496 -4.03713846206665
6.356100559234619 23.46990966796875 -4.014498233795166
6.576572418212891 23.63048553466797 -4.017868518829346
6.770806789398193 23.689111709594727 -4.0038228034973145
6.989927768707275 23.8156681060791 -4.000733375549316
7.214717864990234 23.963459014892578 -4.000759601593018
7.421282768249512 24.043338775634766 -3.987194776535034
7.652578830718994 24.195091247558594 -3.985382556915283
7.836578369140625 24.190547943115234 -3.957721710205078
8.100894927978516 24.426485061645508 -3.9692635536193848
8.308938026428223 24.47284698486328 -3.946871519088745
8.536755561828613 24.580427169799805 -3.934419870376587
8.771836280822754 24.700532913208008 -3.9237301349639893
9.067024230957031 24.978382110595703 -3.9376769065856934
9.340487480163574 25.1849422454834 -3.9384889602661133
9.57543659210205 25.268657684326172 -3.918147087097168
9.788071632385254 25.297277450561523 -3.889708995819092
10.093900680541992 25.557952880859375 -3.8966073989868164
0.0 0.0 0.0
10.642501831054688 25.88849639892578 -3.8764560222625732
0.0 0.0 0.0
11.164851188659668 26.11147689819336 -3.8363280296325684
11.46888542175293 26.316104888916016 -3.829267740249634
11.82437515258789 26.623905181884766 -3.834247350692749
12.002882957458496 26.52569580078125 -3.780364990234375
0.0 0.0 0.0
12.743685722351074 27.14175033569336 -3.7858662605285645
0.0 0.0 0.0
0.0 0.0 0.0
13.752222061157227 27.76705551147461 -3.740262508392334
0.0 0.0 0.0
0.0 0.0 0.0
0.0 0.0 0.0
0.0 0.0 0.0
0.0 0.0 0.0
0.0 0.0 0.0
0.0 0.0 0.0
0.0 0.0 0.0
0.0 0.0 0.0
0.0 0.0 0.0
0.0 0.0 0.0
0.0 0.0 0.0
0.0 0.0 0.0
0.0 0.0 0.0
0.0 0.0 0.0
0.0 0.0 0.0
21.310697555541992 32.63728713989258 -3.3349220752716064
0.0 0.0 0.0
0.0 0.0 0.0
23.405231475830078 34.26680374145508 -3.2591378688812256
0.0 0.0 0.0
0.0 0.0 0.0
0.0 0.0 0.0
0.0 0.0 0.0
0.0 0.0 0.0
0.0 0.0 0.0
0.0 0.0 0.0
0.0 0.0 0.0
0.0 0.0 0.0
0.0 0.0 0.0
0.0 0.0 0.0
0.0 0.0 0.0
0.0 0.0 0.0
0.0 0.0 0.0
0.0 0.0 0.0
0.0 0.0 0.0
0.0 0.0 0.0
0.0 0.0 0.0
0.0 0.0 0.0
0.0 0.0 0.0
0.0 0.0 0.0
0.0 0.0 0.0
0.0 0.0 0.0
0.0 0.0 0.0
0.0 0.0 0.0
0.0 0.0 0.0
0.0 0.0 0.0
0.0 0.0 0.0
0.0 0.0 0.0
0.0 0.0 0.0
0.0 0.0 0.0
0.0 0.0 0.0
0.0 0.0 0.0
0.0 0.0 0.0
0.0 0.0 0.0
0.0 0.0 0.0
0.0 0.0 0.0
0.0 0.0 0.0
0.0 0.0 0.0
0.0 0.0 0.0
0.0 0.0 0.0
0.0 0.0 0.0
0.0 0.0 0.0
0.0 0.0 0.0
0.0 0.0 0.0
0.0 0.0 0.0
0.0 0.0 0.0
0.0 0.0 0.0
0.0 0.0 0.0
0.0 0.0 0.0
0.0 0.0 0.0
0.0 0.0 0.0
0.0 0.0 0.0
0.0 0.0 0.0
0.0 0.0 0.0
0.0 0.0 0.0
0.0 0.0 0.0
0.0 0.0 0.0
0.0 0.0 0.0
0.0 0.0 0.0
0.0 0.0 0.0
0.0 0.0 0.0
0.0 0.0 0.0
0.0 0.0 0.0
0.0 0.0 0.0
0.0 0.0 0.0
0.0 0.0 0.0
0.0 0.0 0.0
0.0 0.0 0.0
0.0 0.0 0.0
0.0 0.0 0.0
0.0 0.0 0.0
0.0 0.0 0.0
0.0 0.0 0.0
0.0 0.0 0.0
0.0 0.0 0.0
0.0 0.0 0.0
0.0 0.0 0.0
0.0 0.0 0.0
0.0 0.0 0.0
0.0 0.0 0.0
0.0 0.0 0.0
0.0 0.0 0.0
0.0 0.0 0.0
0.0 0.0 0.0
0.0 0.0 0.0
0.0 0.0 0.0
0.0 0.0 0.0
0.0 0.0 0.0
0.0 0.0 0.0
0.0 0.0 0.0
0.0 0.0 0.0
0.0 0.0 0.0
0.0 0.0 0.0
0.0 0.0 0.0
0.0 0.0 0.0
0.0 0.0 0.0
0.0 0.0 0.0
0.0 0.0 0.0
0.0 0.0 0.0
0.0 0.0 0.0
0.0 0.0 0.0
0.0 0.0 0.0
0.0 0.0 0.0
0.0 0.0 0.0
0.0 0.0 0.0
0.0 0.0 0.0
0.0 0.0 0.0
0.0 0.0 0.0
0.0 0.0 0.0
0.0 0.0 0.0
0.0 0.0 0.0
0.0 0.0 0.0
0.0 0.0 0.0
0.0 0.0 0.0
0.0 0.0 0.0
0.0 0.0 0.0
0.0 0.0 0.0
0.0 0.0 0.0
0.0 0.0 0.0
0.0 0.0 0.0
0.0 0.0 0.0
0.0 0.0 0.0
0.0 0.0 0.0
0.0 0.0 0.0
0.0 0.0 0.0
0.0 0.0 0.0
0.0 0.0 0.0
0.0 0.0 0.0
0.0 0.0 0.0
0.0 0.0 0.0
0.0 0.0 0.0
0.0 0.0 0.0
0.0 0.0 0.0
0.0 0.0 0.0
0.0 0.0 0.0
0.0 0.0 0.0
0.0 0.0 0.0
0.0 0.0 0.0
0.0 0.0 0.0
0.0 0.0 0.0
0.0 0.0 0.0
0.0 0.0 0.0
0.0 0.0 0.0
0.0 0.0 0.0
0.0 0.0 0.0
0.0 0.0 0.0
0.0 0.0 0.0
0.0 0.0 0.0
0.0 0.0 0.0
0.0 0.0 0.0
0.0 0.0 0.0
0.0 0.0 0.0
0.0 0.0 0.0
0.0 0.0 0.0
0.0 0.0 0.0
0.0 0.0 0.0
0.0 0.0 0.0
0.0 0.0 0.0
0.0 0.0 0.0
0.0 0.0 0.0
0.0 0.0 0.0
0.0 0.0 0.0
0.0 0.0 0.0
0.0 0.0 0.0
0.0 0.0 0.0
0.0 0.0 0.0
0.0 0.0 0.0
0.0 0.0 0.0
0.0 0.0 0.0
0.0 0.0 0.0
0.0 0.0 0.0
0.0 0.0 0.0
0.0 0.0 0.0
0.0 0.0 0.0
0.0 0.0 0.0
0.0 0.0 0.0
0.0 0.0 0.0
0.0 0.0 0.0
0.0 0.0 0.0
0.0 0.0 0.0
0.0 0.0 0.0
0.0 0.0 0.0
0.0 0.0 0.0
0.0 0.0 0.0
0.0 0.0 0.0
0.0 0.0 0.0
0.0 0.0 0.0
0.0 0.0 0.0
0.0 0.0 0.0
0.0 0.0 0.0
0.0 0.0 0.0
0.0 0.0 0.0
0.0 0.0 0.0
0.0 0.0 0.0
0.0 0.0 0.0
0.0 0.0 0.0
0.0 0.0 0.0
0.0 0.0 0.0
0.0 0.0 0.0
0.0 0.0 0.0
0.0 0.0 0.0
0.0 0.0 0.0
0.0 0.0 0.0
-14.318719863891602 26.648509979248047 -3.1378884315490723
0.0 0.0 0.0
0.0 0.0 0.0
0.0 0.0 0.0
-13.064186096191406 26.03716468811035 -3.258183479309082
0.0 0.0 0.0
0.0 0.0 0.0
0.0 0.0 0.0
0.0 0.0 0.0
0.0 0.0 0.0
-11.147239685058594 24.751426696777344 -3.348726987838745
-11.041213989257812 24.978872299194336 -3.418635606765747
0.0 0.0 0.0
0.0 0.0 0.0
0.0 0.0 0.0
0.0 0.0 0.0
0.0 0.0 0.0
0.0 0.0 0.0
0.0 0.0 0.0
0.0 0.0 0.0
0.0 0.0 0.0
0.0 0.0 0.0
0.0 0.0 0.0
0.0 0.0 0.0
0.0 0.0 0.0
0.0 0.0 0.0
0.0 0.0 0.0
0.0 0.0 0.0
0.0 0.0 0.0
0.0 0.0 0.0
0.0 0.0 0.0
-6.491637706756592 22.8819637298584 -3.7457170486450195
0.0 0.0 0.0
-6.083027362823486 22.636600494384766 -3.753277063369751
0.0 0.0 0.0
-5.729202747344971 22.567554473876953 -3.789785385131836
-5.527407646179199 22.438526153564453 -3.789673089981079
-5.357564926147461 22.419645309448242 -3.8077449798583984
-5.212596416473389 22.504589080810547 -3.843637704849243
-5.023022174835205 22.39303970336914 -3.84604811668396
-4.843930721282959 22.32174301147461 -3.8535573482513428
-4.672152996063232 22.291215896606445 -3.8671517372131348
-4.495609760284424 22.21734046936035 -3.8729288578033447
-4.323099136352539 22.157249450683594 -3.8811607360839844
-4.161511421203613 22.148887634277344 -3.8981547355651855
-3.9964239597320557 22.117033004760742 -3.9084012508392334
-3.8247807025909424 22.05780792236328 -3.914170503616333
-3.656308174133301 21.993087768554688 -3.9187448024749756
-3.5201802253723145 22.12466812133789 -3.9585235118865967
-3.3460288047790527 22.016189575195312 -3.9533028602600098
-3.187732696533203 22.005571365356445 -3.964560031890869
-3.0320188999176025 22.009029388427734 -3.978504180908203
-2.8373093605041504 21.7333927154541 -3.942244052886963
-2.685417652130127 21.749788284301758 -3.9581892490386963
-2.541843891143799 21.834306716918945 -3.9838130474090576
-2.383678436279297 21.795612335205078 -3.987168788909912
-2.2349536418914795 21.839872360229492 -4.0058698654174805
-2.073866605758667 21.787691116333008 -4.007255554199219
-1.9214543104171753 21.791961669921875 -4.016628742218018
-1.7612323760986328 21.699663162231445 -4.007119178771973
-1.620856523513794 21.855213165283203 -4.043588161468506
-1.4572898149490356 21.695566177368164 -4.0219268798828125
-1.3035914897918701 21.703643798828125 -4.031095504760742
-1.1512519121170044 21.688091278076172 -4.032679080963135
-0.9979539513587952 21.64461898803711 -4.0292510986328125
-0.8477403521537781 21.657621383666992 -4.036517143249512
-0.6979640126228333 21.692611694335938 -4.048090934753418
-0.5443393588066101 21.69630241394043 -4.051877021789551
-0.39228519797325134 21.6376953125 -4.042769432067871
-0.2424454241991043 21.700891494750977 -4.056616306304932
-0.09148645401000977 21.701610565185547 -4.058986663818359
0.05964965373277664 21.7666072845459 -4.073264122009277
0.21068476140499115 21.727521896362305 -4.064744472503662
0.3657870292663574 21.798683166503906 -4.077028274536133
0.518507182598114 21.8419246673584 -4.0843024253845215
0.6730800271034241 21.91863250732422 -4.09802770614624
0.8207470178604126 21.787416458129883 -4.071041107177734
0.9707173109054565 21.747560501098633 -4.059754848480225
1.1378191709518433 21.998018264770508 -4.102761745452881
1.290350079536438 21.98281478881836 -4.096441745758057
1.442217469215393 21.95891571044922 -4.088561058044434
1.6008559465408325 22.03036117553711 -4.095082759857178
1.7483576536178589 21.947507858276367 -4.073118686676025
1.915969967842102 22.077768325805664 -4.090775489807129
2.079655647277832 22.172563552856445 -4.102097988128662
2.2297956943511963 22.117408752441406 -4.083970546722412
2.395005702972412 22.206697463989258 -4.090942859649658
2.544461250305176 22.145877838134766 -4.070435523986816
2.7102324962615967 22.2020206451416 -4.071459770202637
2.8762593269348145 22.272485733032227 -4.0753560066223145
3.048485040664673 22.38043785095215 -4.082735538482666
3.2076289653778076 22.384334564208984 -4.071249485015869
3.3923118114471436 22.554367065429688 -4.0900492668151855
3.532071113586426 22.422880172729492 -4.054339408874512
3.7248284816741943 22.605363845825195 -4.073608875274658
3.8910818099975586 22.631532669067383 -4.0632829666137695
4.066017150878906 22.70191764831543 -4.060999870300293
4.2378950119018555 22.748275756835938 -4.054507732391357
4.422305107116699 22.853803634643555 -4.058589935302734
4.612003326416016 22.96172332763672 -4.059473037719727
4.764665126800537 22.89525032043457 -4.02994966506958
4.983720779418945 23.140172958374023 -4.055270671844482
5.143838405609131 23.101266860961914 -4.030824184417725
5.333745002746582 23.19289779663086 -4.027645111083984
5.519330978393555 23.24512481689453 -4.015911102294922
5.718774318695068 23.360097885131836 -4.015349864959717
5.917263984680176 23.462228775024414 -4.012527942657471
6.099721431732178 23.495718002319336 -3.9976840019226074
6.3288350105285645 23.699533462524414 -4.009035587310791
6.529152870178223 23.774246215820312 -3.9980099201202393
6.7092204093933105 23.78120231628418 -3.976012706756592
6.947459697723389 23.98691177368164 -3.987178087234497
7.151832580566406 24.065006256103516 -3.974900960922241
7.361327171325684 24.15254783630371 -3.9632010459899902
7.591493129730225 24.289087295532227 -3.9589366912841797
7.805848121643066 24.376611709594727 -3.9469635486602783
8.050180435180664 24.55067253112793 -3.9480512142181396
8.274177551269531 24.65317153930664 -3.935763120651245
8.502690315246582 24.760997772216797 -3.9241228103637695
8.76364803314209 24.954404830932617 -3.9257938861846924
0.0 0.0 0.0
9.284265518188477 25.297258377075195 -3.9178459644317627
9.446723937988281 25.197969436645508 -3.870647430419922
0.0 0.0 0.0
9.991415023803711 25.565235137939453 -3.86257266998291
10.287470817565918 25.78362274169922 -3.8606693744659424
10.564229965209961 25.949970245361328 -3.850348472595215
10.795023918151855 25.995697021484375 -3.8218131065368652
0.0 0.0 0.0
11.420263290405273 26.45505142211914 -3.8162519931793213
11.726526260375977 26.645572662353516 -3.8045923709869385
0.0 0.0 0.0
0.0 0.0 0.0
12.690814971923828 27.280855178833008 -3.775761127471924
12.959453582763672 27.35910415649414 -3.744354009628296
0.0 0.0 0.0
13.679448127746582 27.86186408996582 -3.7261641025543213
0.0 0.0 0.0
14.408711433410645 28.345300674438477 -3.699054718017578
14.626544952392578 28.284889221191406 -3.644421339035034
0.0 0.0 0.0
0.0 0.0 0.0
0.0 0.0 0.0
16.245193481445312 29.37444496154785 -3.5812718868255615
0.0 0.0 0.0
0.0 0.0 0.0
0.0 0.0 0.0
0.0 0.0 0.0
0.0 0.0 0.0
0.0 0.0 0.0
0.0 0.0 0.0
0.0 0.0 0.0
0.0 0.0 0.0
0.0 0.0 0.0
0.0 0.0 0.0
0.0 0.0 0.0
0.0 0.0 0.0
0.0 0.0 0.0
0.0 0.0 0.0
0.0 0.0 0.0
0.0 0.0 0.0
0.0 0.0 0.0
0.0 0.0 0.0
0.0 0.0 0.0
0.0 0.0 0.0
0.0 0.0 0.0
0.0 0.0 0.0
0.0 0.0 0.0
0.0 0.0 0.0
0.0 0.0 0.0
0.0 0.0 0.0
0.0 0.0 0.0
0.0 0.0 0.0
0.0 0.0 0.0
0.0 0.0 0.0
0.0 0.0 0.0
116.7698745727539 198.69595336914062 29.865177154541016
0.0 0.0 0.0
0.0 0.0 0.0
0.0 0.0 0.0
0.0 0.0 0.0
0.0 0.0 0.0
0.0 0.0 0.0
0.0 0.0 0.0
0.0 0.0 0.0
0.0 0.0 0.0
0.0 0.0 0.0
0.0 0.0 0.0
0.0 0.0 0.0
0.0 0.0 0.0
0.0 0.0 0.0
0.0 0.0 0.0
0.0 0.0 0.0
0.0 0.0 0.0
0.0 0.0 0.0
0.0 0.0 0.0
0.0 0.0 0.0
0.0 0.0 0.0
0.0 0.0 0.0
0.0 0.0 0.0
0.0 0.0 0.0
0.0 0.0 0.0
0.0 0.0 0.0
0.0 0.0 0.0
0.0 0.0 0.0
0.0 0.0 0.0
0.0 0.0 0.0
0.0 0.0 0.0
0.0 0.0 0.0
0.0 0.0 0.0
0.0 0.0 0.0
0.0 0.0 0.0
0.0 0.0 0.0
0.0 0.0 0.0
0.0 0.0 0.0
0.0 0.0 0.0
0.0 0.0 0.0
0.0 0.0 0.0
0.0 0.0 0.0
0.0 0.0 0.0
0.0 0.0 0.0
0.0 0.0 0.0
0.0 0.0 0.0
0.0 0.0 0.0
0.0 0.0 0.0
0.0 0.0 0.0
0.0 0.0 0.0
0.0 0.0 0.0
0.0 0.0 0.0
0.0 0.0 0.0
0.0 0.0 0.0
0.0 0.0 0.0
0.0 0.0 0.0
0.0 0.0 0.0
0.0 0.0 0.0
0.0 0.0 0.0
0.0 0.0 0.0
0.0 0.0 0.0
0.0 0.0 0.0
0.0 0.0 0.0
0.0 0.0 0.0
0.0 0.0 0.0
0.0 0.0 0.0
0.0 0.0 0.0
0.0 0.0 0.0
0.0 0.0 0.0
0.0 0.0 0.0
0.0 0.0 0.0
0.0 0.0 0.0
0.0 0.0 0.0
0.0 0.0 0.0
0.0 0.0 0.0
0.0 0.0 0.0
0.0 0.0 0.0
0.0 0.0 0.0
0.0 0.0 0.0
0.0 0.0 0.0
0.0 0.0 0.0
0.0 0.0 0.0
0.0 0.0 0.0
0.0 0.0 0.0
0.0 0.0 0.0
0.0 0.0 0.0
0.0 0.0 0.0
0.0 0.0 0.0
0.0 0.0 0.0
0.0 0.0 0.0
0.0 0.0 0.0
0.0 0.0 0.0
0.0 0.0 0.0
0.0 0.0 0.0
0.0 0.0 0.0
0.0 0.0 0.0
0.0 0.0 0.0
0.0 0.0 0.0
0.0 0.0 0.0
0.0 0.0 0.0
0.0 0.0 0.0
0.0 0.0 0.0
0.0 0.0 0.0
0.0 0.0 0.0
0.0 0.0 0.0
0.0 0.0 0.0
0.0 0.0 0.0
0.0 0.0 0.0
0.0 0.0 0.0
0.0 0.0 0.0
0.0 0.0 0.0
0.0 0.0 0.0
0.0 0.0 0.0
0.0 0.0 0.0
0.0 0.0 0.0
0.0 0.0 0.0
0.0 0.0 0.0
0.0 0.0 0.0
0.0 0.0 0.0
0.0 0.0 0.0
0.0 0.0 0.0
0.0 0.0 0.0
0.0 0.0 0.0
0.0 0.0 0.0
0.0 0.0 0.0
0.0 0.0 0.0
0.0 0.0 0.0
0.0 0.0 0.0
0.0 0.0 0.0
0.0 0.0 0.0
0.0 0.0 0.0
0.0 0.0 0.0
0.0 0.0 0.0
0.0 0.0 0.0
0.0 0.0 0.0
0.0 0.0 0.0
0.0 0.0 0.0
0.0 0.0 0.0
0.0 0.0 0.0
0.0 0.0 0.0
0.0 0.0 0.0
0.0 0.0 0.0
0.0 0.0 0.0
0.0 0.0 0.0
0.0 0.0 0.0
0.0 0.0 0.0
0.0 0.0 0.0
0.0 0.0 0.0
0.0 0.0 0.0
0.0 0.0 0.0
0.0 0.0 0.0
0.0 0.0 0.0
0.0 0.0 0.0
0.0 0.0 0.0
0.0 0.0 0.0
0.0 0.0 0.0
0.0 0.0 0.0
0.0 0.0 0.0
0.0 0.0 0.0
0.0 0.0 0.0
0.0 0.0 0.0
0.0 0.0 0.0
0.0 0.0 0.0
0.0 0.0 0.0
0.0 0.0 0.0
0.0 0.0 0.0
0.0 0.0 0.0
0.0 0.0 0.0
0.0 0.0 0.0
0.0 0.0 0.0
0.0 0.0 0.0
0.0 0.0 0.0
0.0 0.0 0.0
0.0 0.0 0.0
0.0 0.0 0.0
0.0 0.0 0.0
0.0 0.0 0.0
0.0 0.0 0.0
0.0 0.0 0.0
0.0 0.0 0.0
0.0 0.0 0.0
0.0 0.0 0.0
0.0 0.0 0.0
0.0 0.0 0.0
0.0 0.0 0.0
0.0 0.0 0.0
0.0 0.0 0.0
0.0 0.0 0.0
0.0 0.0 0.0
0.0 0.0 0.0
0.0 0.0 0.0
0.0 0.0 0.0
0.0 0.0 0.0
0.0 0.0 0.0
0.0 0.0 0.0
-11.41239070892334 25.10370445251465 -3.3379855155944824
0.0 0.0 0.0
0.0 0.0 0.0
0.0 0.0 0.0
0.0 0.0 0.0
0.0 0.0 0.0
0.0 0.0 0.0
0.0 0.0 0.0
0.0 0.0 0.0
0.0 0.0 0.0
0.0 0.0 0.0
0.0 0.0 0.0
0.0 0.0 0.0
0.0 0.0 0.0
0.0 0.0 0.0
0.0 0.0 0.0
0.0 0.0 0.0
-7.442870616912842 23.401906967163086 -3.6592609882354736
0.0 0.0 0.0
-7.046734809875488 23.279470443725586 -3.6941428184509277
-6.797051429748535 23.030378341674805 -3.681044816970825
-6.661900997161865 23.165325164794922 -3.72684383392334
0.0 0.0 0.0
0.0 0.0 0.0
-6.039755821228027 22.793697357177734 -3.7395591735839844
-5.894126892089844 22.88686180114746 -3.777263879776001
-5.647480487823486 22.578834533691406 -3.747795820236206
-5.462738513946533 22.504661560058594 -3.756899833679199
-5.315520763397217 22.582881927490234 -3.7915685176849365
-5.18254280090332 22.73971939086914 -3.8393969535827637
-4.9667487144470215 22.51542091369629 -3.820375919342041
-4.784889221191406 22.432491302490234 -3.8252196311950684
-4.618598937988281 22.416027069091797 -3.8414297103881836
-4.450339317321777 22.38702392578125 -3.8556132316589355
-4.277108669281006 22.34250259399414 -3.8650317192077637
-4.108255386352539 22.300098419189453 -3.8739612102508545
-3.9408724308013916 22.260223388671875 -3.8834221363067627
-3.7555503845214844 22.10904884338379 -3.8734798431396484
-3.58304500579834 22.02117156982422 -3.873568296432495
-3.444964647293091 22.160865783691406 -3.911774158477783
-3.3161847591400146 22.35640525817871 -3.9599831104278564
-3.1331946849823 22.185462951660156 -3.9434590339660645
-2.938431739807129 21.906356811523438 -3.9075963497161865
-2.7957448959350586 22.003887176513672 -3.936237096786499
-2.632694721221924 21.940196990966797 -3.93556809425354
-2.4801456928253174 21.98255729675293 -3.954275369644165
-2.3131539821624756 21.866844177246094 -3.9445033073425293
-2.167083501815796 21.945201873779297 -3.9688780307769775
-2.013507604598999 21.950258255004883 -3.977688789367676
-1.8507288694381714 21.843151092529297 -3.966310977935791
-1.7017788887023926 21.93048667907715 -3.9905786514282227
-1.5470646619796753 21.909271240234375 -3.9951469898223877
-1.3958271741867065 21.9411563873291 -4.006867408752441
-1.2410452365875244 21.910747528076172 -4.006528377532959
-1.0856273174285889 21.860069274902344 -4.002659797668457
-0.9313163161277771 21.881328582763672 -4.0122504234313965
-0.7809149622917175 21.936115264892578 -4.027284622192383
-0.6294981241226196 21.9826717376709 -4.038258075714111
-0.4740508198738098 21.878381729125977 -4.0217108726501465
-0.32257604598999023 21.930498123168945 -4.03410005569458
-0.16746407747268677 21.939313888549805 -4.038779258728027
-0.014857061207294464 21.989765167236328 -4.0486578941345215
0.13773183524608612 21.92411231994629 -4.036175727844238
0.28979238867759705 21.8996639251709 -4.031476020812988
0.44231364130973816 21.904884338378906 -4.03243350982666
0.5965855717658997 21.970571517944336 -4.0442304611206055
0.7534674406051636 22.008790969848633 -4.047898292541504
0.9052947163581848 21.97304916381836 -4.0382161140441895
1.0603585243225098 22.01301383972168 -4.042640209197998
1.2170796394348145 22.07106590270996 -4.050567626953125
1.3734056949615479 22.109201431274414 -4.052938461303711
1.537066102027893 22.203819274902344 -4.06428861618042
1.6916003227233887 22.193952560424805 -4.056784629821777
1.8414338827133179 22.129404067993164 -4.039501667022705
1.9975228309631348 22.140419006347656 -4.035998344421387
2.1572072505950928 22.185367584228516 -4.035421371459961
2.308454990386963 22.11421012878418 -4.013765811920166
2.486237049102783 22.313560485839844 -4.041501998901367
2.656049966812134 22.419898986816406 -4.052461624145508
2.828934907913208 22.53673553466797 -4.063516616821289
2.979870319366455 22.47338104248047 -4.040556907653809
3.149400472640991 22.526729583740234 -4.038558006286621
3.3192172050476074 22.59440040588379 -4.0394511222839355
3.496156692504883 22.69881248474121 -4.046944618225098
3.649519205093384 22.646690368652344 -4.023534774780273
3.843193531036377 22.83637237548828 -4.043169021606445
4.005284309387207 22.82734489440918 -4.027663230895996
4.174976825714111 22.843223571777344 -4.016482830047607
4.360954761505127 22.956945419311523 -4.021096229553223
4.522554397583008 22.937286376953125 -4.000809669494629
4.731311798095703 23.146583557128906 -4.020456314086914
4.889591217041016 23.101707458496094 -3.996006488800049
5.115647792816162 23.3524112701416 -4.022278308868408
5.264418601989746 23.256507873535156 -3.986128568649292
5.464010715484619 23.380970001220703 -3.987844228744507
5.6520490646362305 23.44759750366211 -3.979675054550171
5.88682222366333 23.69605827331543 -4.0022430419921875
6.048706531524658 23.632076263427734 -3.9700846672058105
6.259332180023193 23.765426635742188 -3.970257520675659
6.468264579772949 23.882078170776367 -3.9675049781799316
6.646879196166992 23.88182258605957 -3.9453673362731934
6.840444564819336 23.932270050048828 -3.9313275814056396
7.0945611000061035 24.173322677612305 -3.9455976486206055
7.3073344230651855 24.27234649658203 -3.9368462562561035
7.5296149253845215 24.395469665527344 -3.931903123855591
7.720383644104004 24.409868240356445 -3.9093644618988037
7.9531168937683105 24.551753997802734 -3.905236005783081
8.159502983093262 24.603565216064453 -3.8859148025512695
8.380993843078613 24.685745239257812 -3.8708677291870117
8.687432289123535 25.015172958374023 -3.8946521282196045
8.86014175415039 24.9521427154541 -3.856034278869629
0.0 0.0 0.0
9.432395935058594 25.435237884521484 -3.8687260150909424
9.6388521194458 25.438373565673828 -3.837773561477661
9.931862831115723 25.671960830688477 -3.8415684700012207
10.216604232788086 25.870384216308594 -3.8373606204986572
10.384531021118164 25.768159866333008 -3.7884514331817627
0.0 0.0 0.0
11.047232627868652 26.337411880493164 -3.802577257156372
11.340239524841309 26.518657684326172 -3.7919390201568604
0.0 0.0 0.0
11.953498840332031 26.911455154418945 -3.772934675216675
12.168407440185547 26.88981819152832 -3.732304573059082
12.561783790588379 27.245624542236328 -3.7410006523132324
0.0 0.0 0.0
13.16391658782959 27.538171768188477 -3.699016571044922
13.484973907470703 27.713321685791016 -3.6811211109161377
13.838174819946289 27.944805145263672 -3.6680688858032227
0.0 0.0 0.0
0.0 0.0 0.0
14.885029792785645 28.53627586364746 -3.607820987701416
0.0 0.0 0.0
0.0 0.0 0.0
0.0 0.0 0.0
0.0 0.0 0.0
17.01579475402832 30.01978302001953 -3.5352556705474854
0.0 0.0 0.0
0.0 0.0 0.0
0.0 0.0 0.0
0.0 0.0 0.0
0.0 0.0 0.0
0.0 0.0 0.0
0.0 0.0 0.0
0.0 0.0 0.0
0.0 0.0 0.0
0.0 0.0 0.0
22.892141342163086 34.02434158325195 -3.244035482406616
23.631366729736328 34.60018539428711 -3.2179107666015625
0.0 0.0 0.0
0.0 0.0 0.0
0.0 0.0 0.0
0.0 0.0 0.0
0.0 0.0 0.0
0.0 0.0 0.0
0.0 0.0 0.0
0.0 0.0 0.0
0.0 0.0 0.0
0.0 0.0 0.0
0.0 0.0 0.0
0.0 0.0 0.0
0.0 0.0 0.0
0.0 0.0 0.0
0.0 0.0 0.0
0.0 0.0 0.0
0.0 0.0 0.0
0.0 0.0 0.0
0.0 0.0 0.0
0.0 0.0 0.0
0.0 0.0 0.0
0.0 0.0 0.0
0.0 0.0 0.0
0.0 0.0 0.0
0.0 0.0 0.0
0.0 0.0 0.0
0.0 0.0 0.0
0.0 0.0 0.0
0.0 0.0 0.0
0.0 0.0 0.0
0.0 0.0 0.0
0.0 0.0 0.0
0.0 0.0 0.0
0.0 0.0 0.0
0.0 0.0 0.0
0.0 0.0 0.0
0.0 0.0 0.0
0.0 0.0 0.0
0.0 0.0 0.0
0.0 0.0 0.0
0.0 0.0 0.0
0.0 0.0 0.0
0.0 0.0 0.0
0.0 0.0 0.0
0.0 0.0 0.0
0.0 0.0 0.0
0.0 0.0 0.0
0.0 0.0 0.0
0.0 0.0 0.0
0.0 0.0 0.0
0.0 0.0 0.0
0.0 0.0 0.0
0.0 0.0 0.0
0.0 0.0 0.0
0.0 0.0 0.0
0.0 0.0 0.0
0.0 0.0 0.0
0.0 0.0 0.0
0.0 0.0 0.0
0.0 0.0 0.0
0.0 0.0 0.0
0.0 0.0 0.0
0.0 0.0 0.0
0.0 0.0 0.0
0.0 0.0 0.0
0.0 0.0 0.0
0.0 0.0 0.0
0.0 0.0 0.0
0.0 0.0 0.0
0.0 0.0 0.0
0.0 0.0 0.0
0.0 0.0 0.0
0.0 0.0 0.0
0.0 0.0 0.0
0.0 0.0 0.0
0.0 0.0 0.0
0.0 0.0 0.0
0.0 0.0 0.0
0.0 0.0 0.0
0.0 0.0 0.0
0.0 0.0 0.0
0.0 0.0 0.0
0.0 0.0 0.0
0.0 0.0 0.0
0.0 0.0 0.0
0.0 0.0 0.0
0.0 0.0 0.0
0.0 0.0 0.0
0.0 0.0 0.0
0.0 0.0 0.0
0.0 0.0 0.0
0.0 0.0 0.0
0.0 0.0 0.0
0.0 0.0 0.0
0.0 0.0 0.0
0.0 0.0 0.0
0.0 0.0 0.0
0.0 0.0 0.0
0.0 0.0 0.0
0.0 0.0 0.0
0.0 0.0 0.0
0.0 0.0 0.0
0.0 0.0 0.0
0.0 0.0 0.0
0.0 0.0 0.0
0.0 0.0 0.0
0.0 0.0 0.0
0.0 0.0 0.0
0.0 0.0 0.0
0.0 0.0 0.0
0.0 0.0 0.0
0.0 0.0 0.0
0.0 0.0 0.0
0.0 0.0 0.0
0.0 0.0 0.0
0.0 0.0 0.0
0.0 0.0 0.0
0.0 0.0 0.0
0.0 0.0 0.0
0.0 0.0 0.0
0.0 0.0 0.0
0.0 0.0 0.0
0.0 0.0 0.0
0.0 0.0 0.0
0.0 0.0 0.0
0.0 0.0 0.0
0.0 0.0 0.0
0.0 0.0 0.0
0.0 0.0 0.0
0.0 0.0 0.0
0.0 0.0 0.0
0.0 0.0 0.0
0.0 0.0 0.0
0.0 0.0 0.0
0.0 0.0 0.0
0.0 0.0 0.0
0.0 0.0 0.0
0.0 0.0 0.0
0.0 0.0 0.0
0.0 0.0 0.0
0.0 0.0 0.0
0.0 0.0 0.0
0.0 0.0 0.0
0.0 0.0 0.0
0.0 0.0 0.0
0.0 0.0 0.0
0.0 0.0 0.0
0.0 0.0 0.0
0.0 0.0 0.0
0.0 0.0 0.0
0.0 0.0 0.0
0.0 0.0 0.0
0.0 0.0 0.0
0.0 0.0 0.0
0.0 0.0 0.0
0.0 0.0 0.0
0.0 0.0 0.0
0.0 0.0 0.0
0.0 0.0 0.0
0.0 0.0 0.0
0.0 0.0 0.0
0.0 0.0 0.0
0.0 0.0 0.0
0.0 0.0 0.0
0.0 0.0 0.0
0.0 0.0 0.0
0.0 0.0 0.0
0.0 0.0 0.0
0.0 0.0 0.0
0.0 0.0 0.0
0.0 0.0 0.0
0.0 0.0 0.0
0.0 0.0 0.0
0.0 0.0 0.0
0.0 0.0 0.0
0.0 0.0 0.0
0.0 0.0 0.0
0.0 0.0 0.0
0.0 0.0 0.0
0.0 0.0 0.0
0.0 0.0 0.0
0.0 0.0 0.0
0.0 0.0 0.0
0.0 0.0 0.0
0.0 0.0 0.0
0.0 0.0 0.0
0.0 0.0 0.0
0.0 0.0 0.0
0.0 0.0 0.0
0.0 0.0 0.0
0.0 0.0 0.0
0.0 0.0 0.0
0.0 0.0 0.0
0.0 0.0 0.0
0.0 0.0 0.0
0.0 0.0 0.0
0.0 0.0 0.0
0.0 0.0 0.0
0.0 0.0 0.0
0.0 0.0 0.0
0.0 0.0 0.0
0.0 0.0 0.0
0.0 0.0 0.0
0.0 0.0 0.0
0.0 0.0 0.0
0.0 0.0 0.0
0.0 0.0 0.0
0.0 0.0 0.0
0.0 0.0 0.0
0.0 0.0 0.0
0.0 0.0 0.0
0.0 0.0 0.0
0.0 0.0 0.0
0.0 0.0 0.0
0.0 0.0 0.0
0.0 0.0 0.0
0.0 0.0 0.0
0.0 0.0 0.0
0.0 0.0 0.0
0.0 0.0 0.0
0.0 0.0 0.0
0.0 0.0 0.0
0.0 0.0 0.0
0.0 0.0 0.0
0.0 0.0 0.0
0.0 0.0 0.0
0.0 0.0 0.0
0.0 0.0 0.0
0.0 0.0 0.0
-7.817582130432129 23.723146438598633 -3.6150524616241455
0.0 0.0 0.0
0.0 0.0 0.0
0.0 0.0 0.0
0.0 0.0 0.0
0.0 0.0 0.0
0.0 0.0 0.0
-6.382547855377197 23.108537673950195 -3.7013607025146484
0.0 0.0 0.0
-5.978892803192139 22.883920669555664 -3.710772752761841
-5.816608428955078 22.913206100463867 -3.737510919570923
-5.6282734870910645 22.848291397094727 -3.749356269836426
-5.430544376373291 22.725004196166992 -3.751164674758911
-5.28320837020874 22.810991287231445 -3.784909963607788
-5.08627986907959 22.677749633789062 -3.7821602821350098
-4.928432464599609 22.71240234375 -3.807436466217041
-4.741223335266113 22.622005462646484 -3.812208890914917
-4.565206527709961 22.56386375427246 -3.820587396621704
-4.394931316375732 22.52729034423828 -3.8310375213623047
-4.230189800262451 22.515975952148438 -3.845914125442505
-4.063762664794922 22.492080688476562 -3.858764410018921
-3.8919310569763184 22.44838523864746 -3.8686068058013916
-3.721942901611328 22.39212417602539 -3.87278413772583
-3.5426392555236816 22.26996612548828 -3.8655831813812256
-3.3935577869415283 22.332914352416992 -3.8906378746032715
-3.2189393043518066 22.22342300415039 -3.88578462600708
-3.0648767948150635 22.250125885009766 -3.903315305709839
-2.9000778198242188 22.215299606323242 -3.908597946166992
-2.7390317916870117 22.18279266357422 -3.9142374992370605
-2.5750198364257812 22.118558883666992 -3.914401054382324
-2.41329026222229 22.06459617614746 -3.916494846343994
-2.2693116664886475 22.17454719543457 -3.9447057247161865
-2.1101317405700684 22.1689453125 -3.9525139331817627
-1.9401099681854248 22.00491714477539 -3.932034969329834
-1.7939399480819702 22.104103088378906 -3.958745241165161
-1.6400314569473267 22.114334106445312 -3.9683361053466797
-1.4812957048416138 22.05482292175293 -3.963428497314453
-1.3260942697525024 22.078739166259766 -3.9737887382507324
-1.1765499114990234 22.16671371459961 -3.9958038330078125
-1.0173450708389282 22.06548500061035 -3.983891248703003
-0.8650507926940918 22.10577964782715 -3.9947094917297363
-0.7115339040756226 22.11821174621582 -4.0001540184021
-0.5506196618080139 21.9451847076416 -3.9722847938537598
-0.4006020724773407 22.10148048400879 -4.0041632652282715
-0.24623335897922516 22.045541763305664 -3.996687173843384
-0.0928286612033844 22.038959503173828 -3.99570894241333
0.06062022224068642 22.085119247436523 -4.004486560821533
0.21474415063858032 22.134050369262695 -4.013963222503662
0.3709719777107239 22.108842849731445 -4.010205268859863
0.5218309760093689 21.983158111572266 -3.9857494831085205
0.6789140105247498 22.110166549682617 -4.006372928619385
0.8354439735412598 22.178443908691406 -4.016529560089111
0.9927853941917419 22.241775512695312 -4.025970458984375
1.148922085762024 22.21184730529785 -4.01801872253418
1.304837703704834 22.22751808166504 -4.015641689300537
1.4593385457992554 22.219091415405273 -4.0091047286987305
1.6186985969543457 22.274763107299805 -4.014308452606201
1.7735365629196167 22.264150619506836 -4.007751941680908
1.922224521636963 22.149198532104492 -3.9802780151367188
2.0733330249786377 22.10645866394043 -3.9648141860961914
2.229515552520752 22.116230010986328 -3.9589545726776123
2.4189229011535645 22.430809020996094 -4.007730484008789
2.595237970352173 22.591053009033203 -4.028690338134766
2.750154733657837 22.532569885253906 -4.007299900054932
2.9223906993865967 22.63356590270996 -4.014616966247559
3.094787836074829 22.721805572509766 -4.019749641418457
3.264009952545166 22.778305053710938 -4.019390106201172
3.440976619720459 22.879531860351562 -4.025245666503906
3.585714340209961 22.762903213500977 -3.991425037384033
3.7704830169677734 22.880434036254883 -3.998610496520996
3.9776742458343506 23.133546829223633 -4.0296854972839355
4.1376471519470215 23.100685119628906 -4.010906219482422
4.297318935394287 23.067237854003906 -3.9890902042388916
4.490562438964844 23.20657730102539 -3.997222423553467
4.6536431312561035 23.170183181762695 -3.9749221801757812
4.854689598083496 23.329233169555664 -3.9864752292633057
5.0376691818237305 23.39278221130371 -3.9800825119018555
5.1877899169921875 23.300859451293945 -3.9458751678466797
5.4059739112854 23.50846290588379 -3.96244215965271
5.608729362487793 23.623584747314453 -3.962996482849121
5.817868709564209 23.767642974853516 -3.968512773513794
6.00784969329834 23.8243465423584 -3.9566521644592285
6.190962791442871 23.849727630615234 -3.9396679401397705
6.380874156951904 23.89602279663086 -3.926175594329834
6.5808515548706055 23.96240997314453 -3.915632724761963
6.804986000061035 24.121139526367188 -3.918797492980957
7.041526794433594 24.31142807006836 -3.925748825073242
7.228260517120361 24.32199478149414 -3.9035866260528564
7.499908447265625 24.608156204223633 -3.925468683242798
7.679547309875488 24.57406997680664 -3.8951778411865234
7.883814334869385 24.62427520751953 -3.876466989517212
8.167201042175293 24.911527633666992 -3.894821882247925
8.351905822753906 24.888282775878906 -3.8643970489501953
8.600685119628906 25.05008888244629 -3.862633466720581
8.805843353271484 25.078725814819336 -3.8380696773529053
9.118499755859375 25.392152786254883 -3.8557567596435547
9.353001594543457 25.48567771911621 -3.8401355743408203
9.566162109375 25.515588760375977 -3.8148350715637207
9.806074142456055 25.612728118896484 -3.7982561588287354
10.13239860534668 25.924171447753906 -3.8119025230407715
10.339396476745605 25.9111270904541 -3.7768664360046387
0.0 0.0 0.0
10.947714805603027 26.36564826965332 -3.7762556076049805
11.28097915649414 26.644018173217773 -3.780190944671631
11.545170783996582 26.748281478881836 -3.758861780166626
11.828749656677246 26.880718231201172 -3.7405128479003906
0.0 0.0 0.0
0.0 0.0 0.0
0.0 0.0 0.0
0.0 0.0 0.0
0.0 0.0 0.0
13.779702186584473 28.06666374206543 -3.660895586013794
0.0 0.0 0.0
0.0 0.0 0.0
0.0 0.0 0.0
15.116957664489746 28.743595123291016 -3.568573236465454
15.716919898986816 29.378002166748047 -3.598149538040161
15.9907865524292 29.396583557128906 -3.5518810749053955
0.0 0.0 0.0
0.0 0.0 0.0
0.0 0.0 0.0
0.0 0.0 0.0
0.0 0.0 0.0
18.68262481689453 31.168041229248047 -3.4297056198120117
0.0 0.0 0.0
0.0 0.0 0.0
0.0 0.0 0.0
0.0 0.0 0.0
0.0 0.0 0.0
0.0 0.0 0.0
0.0 0.0 0.0
0.0 0.0 0.0
0.0 0.0 0.0
0.0 0.0 0.0
0.0 0.0 0.0
0.0 0.0 0.0
0.0 0.0 0.0
0.0 0.0 0.0
0.0 0.0 0.0
0.0 0.0 0.0
0.0 0.0 0.0
0.0 0.0 0.0
0.0 0.0 0.0
0.0 0.0 0.0
0.0 0.0 0.0
0.0 0.0 0.0
0.0 0.0 0.0
0.0 0.0 0.0
0.0 0.0 0.0
0.0 0.0 0.0
0.0 0.0 0.0
0.0 0.0 0.0
0.0 0.0 0.0
0.0 0.0 0.0
0.0 0.0 0.0
0.0 0.0 0.0
0.0 0.0 0.0
0.0 0.0 0.0
0.0 0.0 0.0
0.0 0.0 0.0
0.0 0.0 0.0
0.0 0.0 0.0
0.0 0.0 0.0
0.0 0.0 0.0
0.0 0.0 0.0
0.0 0.0 0.0
0.0 0.0 0.0
0.0 0.0 0.0
0.0 0.0 0.0
0.0 0.0 0.0
0.0 0.0 0.0
0.0 0.0 0.0
0.0 0.0 0.0
0.0 0.0 0.0
0.0 0.0 0.0
0.0 0.0 0.0
0.0 0.0 0.0
0.0 0.0 0.0
0.0 0.0 0.0
0.0 0.0 0.0
0.0 0.0 0.0
0.0 0.0 0.0
0.0 0.0 0.0
0.0 0.0 0.0
0.0 0.0 0.0
0.0 0.0 0.0
0.0 0.0 0.0
0.0 0.0 0.0
0.0 0.0 0.0
0.0 0.0 0.0
0.0 0.0 0.0
0.0 0.0 0.0
0.0 0.0 0.0
0.0 0.0 0.0
0.0 0.0 0.0
0.0 0.0 0.0
0.0 0.0 0.0
0.0 0.0 0.0
0.0 0.0 0.0
0.0 0.0 0.0
0.0 0.0 0.0
0.0 0.0 0.0
0.0 0.0 0.0
0.0 0.0 0.0
0.0 0.0 0.0
0.0 0.0 0.0
0.0 0.0 0.0
0.0 0.0 0.0
0.0 0.0 0.0
0.0 0.0 0.0
0.0 0.0 0.0
0.0 0.0 0.0
0.0 0.0 0.0
0.0 0.0 0.0
0.0 0.0 0.0
0.0 0.0 0.0
0.0 0.0 0.0
0.0 0.0 0.0
0.0 0.0 0.0
0.0 0.0 0.0
0.0 0.0 0.0
0.0 0.0 0.0
0.0 0.0 0.0
0.0 0.0 0.0
0.0 0.0 0.0
0.0 0.0 0.0
0.0 0.0 0.0
0.0 0.0 0.0
0.0 0.0 0.0
0.0 0.0 0.0
0.0 0.0 0.0
0.0 0.0 0.0
0.0 0.0 0.0
0.0 0.0 0.0
0.0 0.0 0.0
0.0 0.0 0.0
0.0 0.0 0.0
0.0 0.0 0.0
0.0 0.0 0.0
0.0 0.0 0.0
0.0 0.0 0.0
0.0 0.0 0.0
0.0 0.0 0.0
0.0 0.0 0.0
0.0 0.0 0.0
0.0 0.0 0.0
0.0 0.0 0.0
0.0 0.0 0.0
0.0 0.0 0.0
0.0 0.0 0.0
0.0 0.0 0.0
0.0 0.0 0.0
0.0 0.0 0.0
0.0 0.0 0.0
0.0 0.0 0.0
0.0 0.0 0.0
0.0 0.0 0.0
0.0 0.0 0.0
0.0 0.0 0.0
0.0 0.0 0.0
0.0 0.0 0.0
0.0 0.0 0.0
0.0 0.0 0.0
0.0 0.0 0.0
0.0 0.0 0.0
0.0 0.0 0.0
0.0 0.0 0.0
0.0 0.0 0.0
0.0 0.0 0.0
0.0 0.0 0.0
0.0 0.0 0.0
0.0 0.0 0.0
0.0 0.0 0.0
0.0 0.0 0.0
0.0 0.0 0.0
0.0 0.0 0.0
0.0 0.0 0.0
0.0 0.0 0.0
0.0 0.0 0.0
0.0 0.0 0.0
0.0 0.0 0.0
0.0 0.0 0.0
0.0 0.0 0.0
0.0 0.0 0.0
0.0 0.0 0.0
0.0 0.0 0.0
0.0 0.0 0.0
0.0 0.0 0.0
0.0 0.0 0.0
0.0 0.0 0.0
0.0 0.0 0.0
0.0 0.0 0.0
0.0 0.0 0.0
0.0 0.0 0.0
0.0 0.0 0.0
0.0 0.0 0.0
0.0 0.0 0.0
0.0 0.0 0.0
0.0 0.0 0.0
0.0 0.0 0.0
0.0 0.0 0.0
0.0 0.0 0.0
0.0 0.0 0.0
0.0 0.0 0.0
0.0 0.0 0.0
0.0 0.0 0.0
0.0 0.0 0.0
0.0 0.0 0.0
0.0 0.0 0.0
0.0 0.0 0.0
0.0 0.0 0.0
0.0 0.0 0.0
0.0 0.0 0.0
0.0 0.0 0.0
0.0 0.0 0.0
0.0 0.0 0.0
0.0 0.0 0.0
0.0 0.0 0.0
0.0 0.0 0.0
0.0 0.0 0.0
0.0 0.0 0.0
0.0 0.0 0.0
0.0 0.0 0.0
0.0 0.0 0.0
0.0 0.0 0.0
0.0 0.0 0.0
0.0 0.0 0.0
0.0 0.0 0.0
0.0 0.0 0.0
0.0 0.0 0.0
-17.385007858276367 28.645769119262695 -2.843374490737915
0.0 0.0 0.0
0.0 0.0 0.0
0.0 0.0 0.0
0.0 0.0 0.0
0.0 0.0 0.0
0.0 0.0 0.0
0.0 0.0 0.0
0.0 0.0 0.0
0.0 0.0 0.0
0.0 0.0 0.0
0.0 0.0 0.0
0.0 0.0 0.0
0.0 0.0 0.0
0.0 0.0 0.0
0.0 0.0 0.0
0.0 0.0 0.0
0.0 0.0 0.0
0.0 0.0 0.0
0.0 0.0 0.0
0.0 0.0 0.0
0.0 0.0 0.0
0.0 0.0 0.0
0.0 0.0 0.0
0.0 0.0 0.0
0.0 0.0 0.0
0.0 0.0 0.0
0.0 0.0 0.0
0.0 0.0 0.0
-8.601157188415527 24.093719482421875 -3.5217912197113037
-8.341740608215332 23.90056610107422 -3.524198532104492
0.0 0.0 0.0
0.0 0.0 0.0
0.0 0.0 0.0
0.0 0.0 0.0
0.0 0.0 0.0
0.0 0.0 0.0
0.0 0.0 0.0
-6.725506782531738 23.388166427612305 -3.658214807510376
-6.545803070068359 23.3740177154541 -3.6808416843414307
0.0 0.0 0.0
-6.094936847686768 23.00351905822754 -3.6668756008148193
-5.973999977111816 23.198162078857422 -3.7202439308166504
-5.760731220245361 23.03272247314453 -3.716003894805908
-5.585537433624268 23.012008666992188 -3.733299493789673
-5.4093756675720215 22.982585906982422 -3.7480878829956055
-5.208727836608887 22.854629516601562 -3.74714994430542
-5.039608478546143 22.8449764251709 -3.7652668952941895
-4.862694263458252 22.796449661254883 -3.7766566276550293
-4.682096481323242 22.724319458007812 -3.781604528427124
-4.508934497833252 22.68100929260254 -3.791384696960449
-4.319252014160156 22.561168670654297 -3.788701295852661
-4.162781238555908 22.594768524169922 -3.8115758895874023
-3.9920194149017334 22.547916412353516 -3.818934917449951
-3.827380895614624 22.530344009399414 -3.8302180767059326
-3.668748378753662 22.54578971862793 -3.8472697734832764
-3.4902472496032715 22.450101852416992 -3.845712423324585
-3.326428174972534 22.4251766204834 -3.8557190895080566
-3.1588566303253174 22.365144729614258 -3.856963872909546
-3.0089969635009766 22.429824829101562 -3.8798987865448
-2.8443143367767334 22.382728576660156 -3.8836770057678223
-2.684561014175415 22.36882972717285 -3.893353223800659
-2.527611255645752 22.400291442871094 -3.9092705249786377
-2.361299991607666 22.319658279418945 -3.904149055480957
-2.1954784393310547 22.230154037475586 -3.8975846767425537
-2.0471887588500977 22.315696716308594 -3.921889066696167
-1.8978056907653809 22.400243759155273 -3.9461872577667236
-1.7246140241622925 22.227550506591797 -3.9220821857452393
-1.5696877241134644 22.233732223510742 -3.9295570850372314
-1.4196432828903198 22.315608978271484 -3.950620651245117
-1.2557429075241089 22.173734664916992 -3.9322476387023926
-1.105819821357727 22.269136428833008 -3.9544272422790527
-0.9453278183937073 22.210250854492188 -3.9475107192993164
-0.7898791432380676 22.192413330078125 -3.9480090141296387
-0.6353849768638611 22.196556091308594 -3.9526047706604004
-0.4810379445552826 22.207311630249023 -3.958570718765259
-0.32655641436576843 22.2098388671875 -3.9601657390594482
-0.17147792875766754 22.484392166137695 -4.010136127471924
-0.015111636370420456 22.281002044677734 -3.9750423431396484
0.13968250155448914 22.24957847595215 -3.9708101749420166
0.2953091561794281 22.313417434692383 -3.9825832843780518
0.4491899609565735 22.245868682861328 -3.968653917312622
0.6063203811645508 22.331024169921875 -3.982158660888672
0.7645761370658875 22.33427619934082 -3.9812188148498535
0.9216603636741638 22.371089935302734 -3.986478567123413
1.0784838199615479 22.388050079345703 -3.985692024230957
1.2341195344924927 22.381031036376953 -3.9799654483795166
1.394240140914917 22.445863723754883 -3.9871950149536133
1.5536781549453735 22.444143295288086 -3.982705593109131
1.7127832174301147 22.47227668762207 -3.983099937438965
1.847018837928772 22.196924209594727 -3.9271132946014404
1.9973865747451782 22.1391544342041 -3.9099035263061523
2.155975818634033 22.17226219177246 -3.9089338779449463
2.3081886768341064 22.112138748168945 -3.8916051387786865
2.5367069244384766 22.766754150390625 -3.9980216026306152
2.6871464252471924 22.681961059570312 -3.9732768535614014
2.874877691268921 22.90166664123535 -4.001994609832764
3.031210422515869 22.86043357849121 -3.985227108001709
3.1912267208099365 22.825410842895508 -3.9693069458007812
3.3608460426330566 22.877771377563477 -3.9658496379852295
3.529771566390991 22.917436599731445 -3.9602975845336914
3.7127082347869873 23.039525985717773 -3.969085454940796
3.895782470703125 23.14877700805664 -3.9756927490234375
4.086404323577881 23.291051864624023 -3.9863646030426025
4.242067813873291 23.211769104003906 -3.957479238510132
4.397474765777588 23.15084457397461 -3.932248115539551
4.590434551239014 23.281641006469727 -3.9396774768829346
4.7790656089782715 23.380727767944336 -3.9417362213134766
4.963688373565674 23.452451705932617 -3.9360766410827637
5.171663761138916 23.60874366760254 -3.9442455768585205
5.339953899383545 23.590909957885742 -3.9236834049224854
5.537890911102295 23.6995792388916 -3.924255132675171
5.740511417388916 23.818105697631836 -3.9248623847961426
5.942688465118408 23.92388343811035 -3.9218132495880127
6.1532721519470215 24.04231834411621 -3.9204354286193848
6.297145843505859 23.909631729125977 -3.8785886764526367
6.550170421600342 24.185949325561523 -3.9029548168182373
6.723559856414795 24.15913200378418 -3.8756649494171143
6.968165397644043 24.379728317260742 -3.887967348098755
7.183351993560791 24.47504425048828 -3.8796911239624023
7.3849358558654785 24.52869415283203 -3.8651845455169678
7.604328155517578 24.636455535888672 -3.857515573501587
7.830749034881592 24.757099151611328 -3.85070538520813
8.100912094116211 25.004478454589844 -3.8633134365081787
8.292167663574219 24.999868392944336 -3.836820363998413
8.546059608459473 25.168779373168945 -3.8358261585235596
8.783397674560547 25.289072036743164 -3.825828790664673
9.045022964477539 25.46919059753418 -3.8245773315429688
9.236801147460938 25.44698715209961 -3.792858839035034
9.502886772155762 25.622777938842773 -3.7905030250549316
9.77031135559082 25.78474235534668 -3.78285551071167
10.03641414642334 25.941600799560547 -3.774404525756836
10.226966857910156 25.89797592163086 -3.736675977706909
10.52447509765625 26.11869239807129 -3.736898422241211
10.8358736038208 26.361860275268555 -3.7381982803344727
11.144700050354004 26.575557708740234 -3.7332632541656494
11.449393272399902 26.77679443359375 -3.726607322692871
11.771188735961914 27.007156372070312 -3.7234702110290527
12.063155174255371 27.160383224487305 -3.7080492973327637
12.38041877746582 27.360376358032227 -3.6973283290863037
0.0 0.0 0.0
12.970357894897461 27.626920700073242 -3.655834674835205
0.0 0.0 0.0
0.0 0.0 0.0
13.983819007873535 28.239715576171875 -3.6125314235687256
14.434318542480469 28.646331787109375 -3.6217784881591797
14.690171241760254 28.649709701538086 -3.577517509460449
0.0 0.0 0.0
15.43171501159668 29.09189796447754 -3.5398571491241455
0.0 0.0 0.0
0.0 0.0 0.0
16.770687103271484 30.075075149536133 -3.509018659591675
0.0 0.0 0.0
0.0 0.0 0.0
0.0 0.0 0.0
0.0 0.0 0.0
19.07135772705078 31.5601863861084 -3.3987491130828857
0.0 0.0 0.0
0.0 0.0 0.0
0.0 0.0 0.0
0.0 0.0 0.0
0.0 0.0 0.0
0.0 0.0 0.0
23.016132354736328 34.20102310180664 -3.1900439262390137
0.0 0.0 0.0
0.0 0.0 0.0
0.0 0.0 0.0
0.0 0.0 0.0
0.0 0.0 0.0
0.0 0.0 0.0
0.0 0.0 0.0
0.0 0.0 0.0
0.0 0.0 0.0
0.0 0.0 0.0
0.0 0.0 0.0
0.0 0.0 0.0
0.0 0.0 0.0
0.0 0.0 0.0
0.0 0.0 0.0
0.0 0.0 0.0
0.0 0.0 0.0
0.0 0.0 0.0
0.0 0.0 0.0
0.0 0.0 0.0
0.0 0.0 0.0
0.0 0.0 0.0
0.0 0.0 0.0
0.0 0.0 0.0
0.0 0.0 0.0
0.0 0.0 0.0
0.0 0.0 0.0
0.0 0.0 0.0
0.0 0.0 0.0
0.0 0.0 0.0
0.0 0.0 0.0
0.0 0.0 0.0
0.0 0.0 0.0
0.0 0.0 0.0
0.0 0.0 0.0
0.0 0.0 0.0
0.0 0.0 0.0
0.0 0.0 0.0
0.0 0.0 0.0
0.0 0.0 0.0
0.0 0.0 0.0
0.0 0.0 0.0
0.0 0.0 0.0
0.0 0.0 0.0
0.0 0.0 0.0
0.0 0.0 0.0
0.0 0.0 0.0
0.0 0.0 0.0
0.0 0.0 0.0
0.0 0.0 0.0
0.0 0.0 0.0
0.0 0.0 0.0
0.0 0.0 0.0
0.0 0.0 0.0
0.0 0.0 0.0
0.0 0.0 0.0
0.0 0.0 0.0
0.0 0.0 0.0
0.0 0.0 0.0
0.0 0.0 0.0
0.0 0.0 0.0
0.0 0.0 0.0
0.0 0.0 0.0
0.0 0.0 0.0
0.0 0.0 0.0
0.0 0.0 0.0
0.0 0.0 0.0
0.0 0.0 0.0
0.0 0.0 0.0
0.0 0.0 0.0
0.0 0.0 0.0
0.0 0.0 0.0
0.0 0.0 0.0
0.0 0.0 0.0
0.0 0.0 0.0
0.0 0.0 0.0
0.0 0.0 0.0
0.0 0.0 0.0
0.0 0.0 0.0
0.0 0.0 0.0
0.0 0.0 0.0
0.0 0.0 0.0
0.0 0.0 0.0
0.0 0.0 0.0
0.0 0.0 0.0
0.0 0.0 0.0
0.0 0.0 0.0
0.0 0.0 0.0
0.0 0.0 0.0
0.0 0.0 0.0
0.0 0.0 0.0
0.0 0.0 0.0
0.0 0.0 0.0
0.0 0.0 0.0
0.0 0.0 0.0
0.0 0.0 0.0
0.0 0.0 0.0
0.0 0.0 0.0
0.0 0.0 0.0
0.0 0.0 0.0
0.0 0.0 0.0
0.0 0.0 0.0
0.0 0.0 0.0
0.0 0.0 0.0
0.0 0.0 0.0
0.0 0.0 0.0
0.0 0.0 0.0
0.0 0.0 0.0
0.0 0.0 0.0
0.0 0.0 0.0
0.0 0.0 0.0
0.0 0.0 0.0
0.0 0.0 0.0
0.0 0.0 0.0
0.0 0.0 0.0
0.0 0.0 0.0
0.0 0.0 0.0
0.0 0.0 0.0
0.0 0.0 0.0
0.0 0.0 0.0
0.0 0.0 0.0
0.0 0.0 0.0
0.0 0.0 0.0
0.0 0.0 0.0
0.0 0.0 0.0
0.0 0.0 0.0
0.0 0.0 0.0
0.0 0.0 0.0
0.0 0.0 0.0
0.0 0.0 0.0
0.0 0.0 0.0
0.0 0.0 0.0
0.0 0.0 0.0
0.0 0.0 0.0
0.0 0.0 0.0
0.0 0.0 0.0
0.0 0.0 0.0
0.0 0.0 0.0
0.0 0.0 0.0
0.0 0.0 0.0
0.0 0.0 0.0
0.0 0.0 0.0
0.0 0.0 0.0
0.0 0.0 0.0
0.0 0.0 0.0
0.0 0.0 0.0
0.0 0.0 0.0
0.0 0.0 0.0
0.0 0.0 0.0
0.0 0.0 0.0
0.0 0.0 0.0
0.0 0.0 0.0
0.0 0.0 0.0
0.0 0.0 0.0
0.0 0.0 0.0
0.0 0.0 0.0
0.0 0.0 0.0
0.0 0.0 0.0
0.0 0.0 0.0
0.0 0.0 0.0
0.0 0.0 0.0
0.0 0.0 0.0
0.0 0.0 0.0
0.0 0.0 0.0
0.0 0.0 0.0
0.0 0.0 0.0
0.0 0.0 0.0
0.0 0.0 0.0
0.0 0.0 0.0
0.0 0.0 0.0
0.0 0.0 0.0
0.0 0.0 0.0
0.0 0.0 0.0
0.0 0.0 0.0
0.0 0.0 0.0
0.0 0.0 0.0
0.0 0.0 0.0
0.0 0.0 0.0
0.0 0.0 0.0
0.0 0.0 0.0
0.0 0.0 0.0
0.0 0.0 0.0
0.0 0.0 0.0
0.0 0.0 0.0
0.0 0.0 0.0
0.0 0.0 0.0
0.0 0.0 0.0
0.0 0.0 0.0
0.0 0.0 0.0
0.0 0.0 0.0
0.0 0.0 0.0
0.0 0.0 0.0
0.0 0.0 0.0
0.0 0.0 0.0
0.0 0.0 0.0
0.0 0.0 0.0
0.0 0.0 0.0
0.0 0.0 0.0
0.0 0.0 0.0
0.0 0.0 0.0
0.0 0.0 0.0
0.0 0.0 0.0
0.0 0.0 0.0
0.0 0.0 0.0
-14.953189849853516 27.371196746826172 -3.026658535003662
0.0 0.0 0.0
0.0 0.0 0.0
0.0 0.0 0.0
0.0 0.0 0.0
0.0 0.0 0.0
0.0 0.0 0.0
0.0 0.0 0.0
0.0 0.0 0.0
0.0 0.0 0.0
0.0 0.0 0.0
0.0 0.0 0.0
0.0 0.0 0.0
0.0 0.0 0.0
0.0 0.0 0.0
0.0 0.0 0.0
0.0 0.0 0.0
0.0 0.0 0.0
0.0 0.0 0.0
0.0 0.0 0.0
0.0 0.0 0.0
0.0 0.0 0.0
0.0 0.0 0.0
0.0 0.0 0.0
-8.293817520141602 24.02423095703125 -3.5060064792633057
-8.080321311950684 23.94471549987793 -3.522228717803955
0.0 0.0 0.0
0.0 0.0 0.0
0.0 0.0 0.0
0.0 0.0 0.0
-7.0326948165893555 23.52256202697754 -3.590327024459839
0.0 0.0 0.0
0.0 0.0 0.0
-6.4695611000061035 23.4211368560791 -3.646277904510498
0.0 0.0 0.0
-6.079367637634277 23.265010833740234 -3.6671900749206543
-5.9000630378723145 23.238994598388672 -3.6850883960723877
0.0 0.0 0.0
-5.526196002960205 23.124048233032227 -3.7072176933288574
-5.33896541595459 23.049015045166016 -3.7152934074401855
-5.196780681610107 23.168317794799805 -3.7548794746398926
-4.992034912109375 23.004283905029297 -3.746249198913574
-4.81479024887085 22.97130584716797 -3.7586636543273926
-4.625097274780273 22.857072830200195 -3.7574939727783203
-4.4438796043396 22.775405883789062 -3.7616658210754395
-4.2924418449401855 22.84406280517578 -3.7898621559143066
-4.0949931144714355 22.66167640686035 -3.7743144035339355
-3.948991298675537 22.774322509765625 -3.8082668781280518
-3.7689244747161865 22.67270851135254 -3.8062992095947266
-3.617710590362549 22.740955352783203 -3.832982301712036
-3.442063570022583 22.65240478515625 -3.8308517932891846
-3.276888847351074 22.623619079589844 -3.8381919860839844
-3.107550621032715 22.559295654296875 -3.839615821838379
-2.9369022846221924 22.49786376953125 -3.8418588638305664
-2.7775797843933105 22.496143341064453 -3.853471517562866
-2.6319594383239746 22.608423233032227 -3.8823723793029785
-2.472768545150757 22.608739852905273 -3.8922691345214844
-2.3007657527923584 22.481548309326172 -3.880333662033081
-2.142937660217285 22.510421752929688 -3.895643472671509
-1.9795281887054443 22.450199127197266 -3.8931941986083984
-1.8322641849517822 22.573122024536133 -3.9215292930603027
-1.654736876487732 22.311256408691406 -3.8831615447998047
-1.5057075023651123 22.41667938232422 -3.9088518619537354
-1.3507245779037476 22.490550994873047 -3.9290709495544434
-1.1886661052703857 22.39468002319336 -3.91650652885437
-1.032083511352539 22.386064529418945 -3.9193685054779053
-0.8752269148826599 22.364818572998047 -3.920201301574707
-0.7182761430740356 22.323246002197266 -3.9176394939422607
-0.5596237182617188 22.30400276184082 -3.917508125305176
-0.40418317914009094 22.29927635192871 -3.9183831214904785
-0.25026020407676697 22.405025482177734 -3.93886661529541
-0.09443061053752899 22.444305419921875 -3.9478697776794434
0.0613628514111042 22.340152740478516 -3.931825876235962
0.21847465634346008 22.500957489013672 -3.959113359451294
0.37804508209228516 22.52219009399414 -3.96168851852417
0.5318418145179749 22.400039672851562 -3.9392595291137695
0.6925768852233887 22.557567596435547 -3.9662039279937744
0.8475413918495178 22.50267791748047 -3.9548418521881104
1.0068793296813965 22.56243133544922 -3.961498975753784
1.1707794666290283 22.63629150390625 -3.9707350730895996
1.3240312337875366 22.555463790893555 -3.953091621398926
1.4909135103225708 22.700145721435547 -3.9751555919647217
1.6517359018325806 22.728885650634766 -3.974486827850342
1.804123878479004 22.6453857421875 -3.953526496887207
1.9275174140930176 22.207897186279297 -3.8709912300109863
2.0770652294158936 22.141693115234375 -3.8535988330841064
2.231740713119507 22.1358699798584 -3.8463356494903564
2.3892290592193604 22.152372360229492 -3.84028697013855
2.629049777984619 22.882984161376953 -3.9579238891601562
2.816389322280884 23.07221794128418 -3.9815785884857178
2.9647977352142334 22.95860481262207 -3.9532744884490967
3.1335203647613525 23.004621505737305 -3.9506659507751465
3.3063251972198486 23.072492599487305 -3.9506258964538574
3.475254535675049 23.10477638244629 -3.9445998668670654
3.6555843353271484 23.204315185546875 -3.9501614570617676
3.8358347415924072 23.275484085083008 -3.9506192207336426
4.005785942077637 23.296865463256836 -3.9399852752685547
4.1894989013671875 23.389015197753906 -3.941380023956299
4.37379789352417 23.475988388061523 -3.9419713020324707
4.53900671005249 23.455575942993164 -3.9246504306793213
4.734981060028076 23.57360076904297 -3.9287121295928955
4.899390697479248 23.543607711791992 -3.90691876411438
5.118191242218018 23.764989852905273 -3.926832914352417
5.315820693969727 23.87537384033203 -3.9283366203308105
5.525608062744141 24.029281616210938 -3.936962842941284
5.6741180419921875 23.899734497070312 -3.895951747894287
5.85219144821167 23.908533096313477 -3.8780322074890137
6.093127727508545 24.162933349609375 -3.8998475074768066
6.299890518188477 24.26953125 -3.8976690769195557
6.4615020751953125 24.199392318725586 -3.865752696990967
6.708754539489746 24.4290828704834 -3.8798673152923584
6.923826217651367 24.542146682739258 -3.875678777694702
7.176455974578857 24.775798797607422 -3.890308141708374
7.338990211486816 24.692474365234375 -3.854954719543457
7.516341686248779 24.66017723083496 -3.825456380844116
7.776374816894531 24.880176544189453 -3.8345444202423096
0.0 0.0 0.0
8.272781372070312 25.23038101196289 -3.838914632797241
8.457975387573242 25.20270538330078 -3.808220863342285
0.0 0.0 0.0
0.0 0.0 0.0
0.0 0.0 0.0
0.0 0.0 0.0
9.765368461608887 26.050682067871094 -3.7921807765960693
9.932111740112305 25.94359588623047 -3.7461941242218018
10.293536186218262 26.33672523498535 -3.7721710205078125
10.592325210571289 26.545211791992188 -3.7703075408935547
0.0 0.0 0.0
11.181388854980469 26.928213119506836 -3.7571191787719727
11.444642066955566 27.029821395874023 -3.737347364425659
0.0 0.0 0.0
11.989240646362305 27.246335983276367 -3.6960630416870117
12.241241455078125 27.302013397216797 -3.666714668273926
12.641204833984375 27.676477432250977 -3.6795647144317627
0.0 0.0 0.0
13.277022361755371 28.03118896484375 -3.6490049362182617
0.0 0.0 0.0
14.003755569458008 28.521434783935547 -3.629451274871826
14.359431266784668 28.737516403198242 -3.615172863006592
0.0 0.0 0.0
0.0 0.0 0.0
0.0 0.0 0.0
15.806760787963867 29.542661666870117 -3.5338997840881348
0.0 0.0 0.0
0.0 0.0 0.0
0.0 0.0 0.0
0.0 0.0 0.0
0.0 0.0 0.0
0.0 0.0 0.0
0.0 0.0 0.0
0.0 0.0 0.0
0.0 0.0 0.0
0.0 0.0 0.0
0.0 0.0 0.0
0.0 0.0 0.0
0.0 0.0 0.0
0.0 0.0 0.0
23.41525650024414 34.5351448059082 -3.154209613800049
0.0 0.0 0.0
0.0 0.0 0.0
0.0 0.0 0.0
0.0 0.0 0.0
0.0 0.0 0.0
0.0 0.0 0.0
0.0 0.0 0.0
0.0 0.0 0.0
0.0 0.0 0.0
0.0 0.0 0.0
0.0 0.0 0.0
0.0 0.0 0.0
0.0 0.0 0.0
0.0 0.0 0.0
0.0 0.0 0.0
0.0 0.0 0.0
0.0 0.0 0.0
0.0 0.0 0.0
0.0 0.0 0.0
0.0 0.0 0.0
0.0 0.0 0.0
0.0 0.0 0.0
0.0 0.0 0.0
0.0 0.0 0.0
0.0 0.0 0.0
0.0 0.0 0.0
0.0 0.0 0.0
0.0 0.0 0.0
0.0 0.0 0.0
0.0 0.0 0.0
0.0 0.0 0.0
0.0 0.0 0.0
0.0 0.0 0.0
0.0 0.0 0.0
0.0 0.0 0.0
0.0 0.0 0.0
0.0 0.0 0.0
0.0 0.0 0.0
0.0 0.0 0.0
0.0 0.0 0.0
0.0 0.0 0.0
0.0 0.0 0.0
0.0 0.0 0.0
0.0 0.0 0.0
0.0 0.0 0.0
0.0 0.0 0.0
0.0 0.0 0.0
0.0 0.0 0.0
0.0 0.0 0.0
0.0 0.0 0.0
0.0 0.0 0.0
0.0 0.0 0.0
0.0 0.0 0.0
0.0 0.0 0.0
0.0 0.0 0.0
0.0 0.0 0.0
0.0 0.0 0.0
0.0 0.0 0.0
0.0 0.0 0.0
0.0 0.0 0.0
0.0 0.0 0.0
0.0 0.0 0.0
0.0 0.0 0.0
0.0 0.0 0.0
0.0 0.0 0.0
0.0 0.0 0.0
0.0 0.0 0.0
0.0 0.0 0.0
0.0 0.0 0.0
0.0 0.0 0.0
0.0 0.0 0.0
0.0 0.0 0.0
0.0 0.0 0.0
0.0 0.0 0.0
0.0 0.0 0.0
0.0 0.0 0.0
0.0 0.0 0.0
0.0 0.0 0.0
0.0 0.0 0.0
0.0 0.0 0.0
0.0 0.0 0.0
0.0 0.0 0.0
0.0 0.0 0.0
0.0 0.0 0.0
0.0 0.0 0.0
0.0 0.0 0.0
0.0 0.0 0.0
0.0 0.0 0.0
0.0 0.0 0.0
0.0 0.0 0.0
0.0 0.0 0.0
0.0 0.0 0.0
0.0 0.0 0.0
0.0 0.0 0.0
0.0 0.0 0.0
0.0 0.0 0.0
0.0 0.0 0.0
0.0 0.0 0.0
0.0 0.0 0.0
0.0 0.0 0.0
0.0 0.0 0.0
0.0 0.0 0.0
0.0 0.0 0.0
0.0 0.0 0.0
0.0 0.0 0.0
0.0 0.0 0.0
0.0 0.0 0.0
0.0 0.0 0.0
0.0 0.0 0.0
0.0 0.0 0.0
0.0 0.0 0.0
0.0 0.0 0.0
0.0 0.0 0.0
0.0 0.0 0.0
0.0 0.0 0.0
0.0 0.0 0.0
0.0 0.0 0.0
0.0 0.0 0.0
0.0 0.0 0.0
0.0 0.0 0.0
0.0 0.0 0.0
0.0 0.0 0.0
0.0 0.0 0.0
0.0 0.0 0.0
0.0 0.0 0.0
0.0 0.0 0.0
0.0 0.0 0.0
0.0 0.0 0.0
0.0 0.0 0.0
0.0 0.0 0.0
0.0 0.0 0.0
0.0 0.0 0.0
0.0 0.0 0.0
0.0 0.0 0.0
0.0 0.0 0.0
0.0 0.0 0.0
0.0 0.0 0.0
0.0 0.0 0.0
0.0 0.0 0.0
0.0 0.0 0.0
0.0 0.0 0.0
0.0 0.0 0.0
0.0 0.0 0.0
0.0 0.0 0.0
0.0 0.0 0.0
0.0 0.0 0.0
0.0 0.0 0.0
0.0 0.0 0.0
0.0 0.0 0.0
0.0 0.0 0.0
0.0 0.0 0.0
0.0 0.0 0.0
0.0 0.0 0.0
0.0 0.0 0.0
0.0 0.0 0.0
0.0 0.0 0.0
0.0 0.0 0.0
0.0 0.0 0.0
0.0 0.0 0.0
0.0 0.0 0.0
0.0 0.0 0.0
0.0 0.0 0.0
0.0 0.0 0.0
0.0 0.0 0.0
0.0 0.0 0.0
0.0 0.0 0.0
0.0 0.0 0.0
0.0 0.0 0.0
0.0 0.0 0.0
0.0 0.0 0.0
0.0 0.0 0.0
0.0 0.0 0.0
0.0 0.0 0.0
0.0 0.0 0.0
0.0 0.0 0.0
0.0 0.0 0.0
0.0 0.0 0.0
0.0 0.0 0.0
0.0 0.0 0.0
0.0 0.0 0.0
0.0 0.0 0.0
0.0 0.0 0.0
0.0 0.0 0.0
0.0 0.0 0.0
0.0 0.0 0.0
0.0 0.0 0.0
0.0 0.0 0.0
0.0 0.0 0.0
0.0 0.0 0.0
0.0 0.0 0.0
0.0 0.0 0.0
0.0 0.0 0.0
-20.029958724975586 30.08487319946289 -2.5195472240448
0.0 0.0 0.0
0.0 0.0 0.0
0.0 0.0 0.0
0.0 0.0 0.0
0.0 0.0 0.0
0.0 0.0 0.0
0.0 0.0 0.0
0.0 0.0 0.0
0.0 0.0 0.0
0.0 0.0 0.0
0.0 0.0 0.0
0.0 0.0 0.0
-14.873430252075195 27.441822052001953 -3.0228965282440186
0.0 0.0 0.0
0.0 0.0 0.0
0.0 0.0 0.0
0.0 0.0 0.0
0.0 0.0 0.0
0.0 0.0 0.0
-12.559772491455078 26.15388298034668 -3.183795690536499
0.0 0.0 0.0
0.0 0.0 0.0
0.0 0.0 0.0
0.0 0.0 0.0
0.0 0.0 0.0
0.0 0.0 0.0
0.0 0.0 0.0
0.0 0.0 0.0
0.0 0.0 0.0
0.0 0.0 0.0
0.0 0.0 0.0
0.0 0.0 0.0
0.0 0.0 0.0
0.0 0.0 0.0
0.0 0.0 0.0
0.0 0.0 0.0
0.0 0.0 0.0
0.0 0.0 0.0
0.0 0.0 0.0
0.0 0.0 0.0
0.0 0.0 0.0
-7.207273006439209 23.810758590698242 -3.5722880363464355
0.0 0.0 0.0
0.0 0.0 0.0
0.0 0.0 0.0
-6.385152339935303 23.429807662963867 -3.6076056957244873
0.0 0.0 0.0
0.0 0.0 0.0
-5.873863697052002 23.48674774169922 -3.680523633956909
-5.694003105163574 23.459346771240234 -3.696676015853882
-5.497116565704346 23.35541534423828 -3.700772762298584
0.0 0.0 0.0
-5.09367561340332 23.09135627746582 -3.6960389614105225
-4.930631637573242 23.115163803100586 -3.717669725418091
-4.779772758483887 23.198299407958984 -3.7490787506103516
-4.565741539001465 22.96634292602539 -3.729565382003784
-4.397860050201416 22.972244262695312 -3.745999336242676
-4.210639953613281 22.855091094970703 -3.742025375366211
-4.050815105438232 22.880762100219727 -3.761523485183716
-3.8929524421691895 22.916675567626953 -3.7828786373138428
-3.7284653186798096 22.913663864135742 -3.796661138534546
-3.539682388305664 22.769197463989258 -3.7854738235473633
-3.379777431488037 22.782981872558594 -3.800455093383789
-3.214460611343384 22.757478713989258 -3.80903697013855
-3.0599100589752197 22.807161331176758 -3.8303794860839844
-2.8792943954467773 22.657514572143555 -3.8155744075775146
-2.7051584720611572 22.54097557067871 -3.8059558868408203
-2.573288679122925 22.806184768676758 -3.8612101078033447
-2.390131711959839 22.595386505126953 -3.8359086513519287
-2.234891176223755 22.63245964050293 -3.8517632484436035
-2.0825111865997314 22.70335578918457 -3.8712246417999268
-1.9230754375457764 22.700307846069336 -3.8782787322998047
-1.7571831941604614 22.646413803100586 -3.8769419193267822
-1.5891711711883545 22.510498046875 -3.861546277999878
-1.4417147636413574 22.6657772064209 -3.893895387649536
-1.2779526710510254 22.570390701293945 -3.8824188709259033
-1.124168872833252 22.643007278442383 -3.9000155925750732
-0.9650478959083557 22.680057525634766 -3.9117965698242188
-0.806808590888977 22.677505493164062 -3.916423797607422
-0.6465925574302673 22.593568801879883 -3.9040279388427734
-0.4858187735080719 22.43539810180664 -3.8789703845977783
-0.33243563771247864 22.614776611328125 -3.9124624729156494
-0.1720706969499588 22.585262298583984 -3.9100708961486816
-0.01512353029102087 22.712730407714844 -3.9332127571105957
0.14230050146579742 22.63153839111328 -3.9187633991241455
0.3001236021518707 22.664718627929688 -3.9243085384368896
0.45717141032218933 22.635223388671875 -3.919191360473633
0.617375910282135 22.73546028137207 -3.936727285385132
0.7747762203216553 22.627290725708008 -3.9150869846343994
0.9377626180648804 22.76049041748047 -3.9351046085357666
1.0957834720611572 22.746402740478516 -3.9298272132873535
1.2538950443267822 22.73891830444336 -3.9258840084075928
1.4230722188949585 22.907243728637695 -3.9513840675354004
1.5874065160751343 22.928621292114258 -3.9491071701049805
1.7458418607711792 22.90294075012207 -3.9390156269073486
1.8318220376968384 22.009000778198242 -3.780000686645508
1.9964557886123657 22.123493194580078 -3.7945470809936523
2.1482203006744385 22.087675094604492 -3.781167984008789
2.310730457305908 22.131149291992188 -3.7804582118988037
2.5745370388031006 23.09998893737793 -3.937774658203125
2.7438912391662598 23.15602684020996 -3.939314126968384
2.925797939300537 23.302608489990234 -3.9559333324432373
3.0830442905426025 23.245864868164062 -3.9353063106536865
3.237618923187256 23.153362274169922 -3.908684015274048
3.43196177482605 23.357534408569336 -3.9324541091918945
3.607011079788208 23.415420532226562 -3.931647777557373
3.7798120975494385 23.453289031982422 -3.9258570671081543
3.9651236534118652 23.558486938476562 -3.9300100803375244
4.1265788078308105 23.51799964904785 -3.910001039505005
4.304515838623047 23.55175018310547 -3.9022603034973145
4.497581958770752 23.675561904907227 -3.909717321395874
4.678207874298096 23.726499557495117 -3.9020845890045166
4.867670059204102 23.813819885253906 -3.900475025177002
5.053782939910889 23.87701988220215 -3.8949639797210693
5.227537631988525 23.862810134887695 -3.8766565322875977
5.436523914337158 24.017545700073242 -3.8847265243530273
5.653593063354492 24.19325828552246 -3.894495725631714
5.8471503257751465 24.25832748413086 -3.886404514312744
6.028858661651611 24.26943016052246 -3.8697426319122314
6.235127925872803 24.360736846923828 -3.8655941486358643
6.467292308807373 24.556123733520508 -3.875382661819458
6.639055252075195 24.514602661132812 -3.8477089405059814
6.848864555358887 24.609542846679688 -3.841524124145508
7.075182914733887 24.754764556884766 -3.8430967330932617
7.351253509521484 25.04953384399414 -3.865882158279419
7.524505138397217 24.994754791259766 -3.8336594104766846
7.7397141456604 25.07534408569336 -3.8222460746765137
7.962047576904297 25.172636032104492 -3.8133318424224854
8.202582359313965 25.31966209411621 -3.81156587600708
8.450517654418945 25.479595184326172 -3.809081792831421
8.708155632019043 25.647275924682617 -3.8069944381713867
8.970311164855957 25.82830810546875 -3.807090997695923
9.13719654083252 25.72976303100586 -3.7659308910369873
9.44150447845459 26.012428283691406 -3.77875018119812
9.618973731994629 25.936330795288086 -3.7385780811309814
9.922428131103516 26.183725357055664 -3.7443859577178955
10.170798301696777 26.284849166870117 -3.7294275760650635
10.461637496948242 26.488666534423828 -3.7276740074157715
10.763114929199219 26.7078800201416 -3.726231098175049
0.0 0.0 0.0
11.293035507202148 26.929109573364258 -3.6914658546447754
11.589654922485352 27.108247756958008 -3.6827540397644043
0.0 0.0 0.0
0.0 0.0 0.0
0.0 0.0 0.0
0.0 0.0 0.0
0.0 0.0 0.0
0.0 0.0 0.0
0.0 0.0 0.0
14.290729522705078 28.856103897094727 -3.607259511947632
0.0 0.0 0.0
0.0 0.0 0.0
0.0 0.0 0.0
0.0 0.0 0.0
0.0 0.0 0.0
0.0 0.0 0.0
0.0 0.0 0.0
0.0 0.0 0.0
0.0 0.0 0.0
0.0 0.0 0.0
0.0 0.0 0.0
0.0 0.0 0.0
0.0 0.0 0.0
0.0 0.0 0.0
0.0 0.0 0.0
0.0 0.0 0.0
0.0 0.0 0.0
0.0 0.0 0.0
0.0 0.0 0.0
0.0 0.0 0.0
24.598968505859375 35.48619842529297 -3.092452049255371
0.0 0.0 0.0
0.0 0.0 0.0
0.0 0.0 0.0
0.0 0.0 0.0
0.0 0.0 0.0
0.0 0.0 0.0
0.0 0.0 0.0
0.0 0.0 0.0
0.0 0.0 0.0
0.0 0.0 0.0
0.0 0.0 0.0
0.0 0.0 0.0
0.0 0.0 0.0
0.0 0.0 0.0
0.0 0.0 0.0
0.0 0.0 0.0
0.0 0.0 0.0
0.0 0.0 0.0
0.0 0.0 0.0
0.0 0.0 0.0
0.0 0.0 0.0
0.0 0.0 0.0
0.0 0.0 0.0
0.0 0.0 0.0
0.0 0.0 0.0
0.0 0.0 0.0
0.0 0.0 0.0
0.0 0.0 0.0
0.0 0.0 0.0
0.0 0.0 0.0
0.0 0.0 0.0
0.0 0.0 0.0
0.0 0.0 0.0
0.0 0.0 0.0
0.0 0.0 0.0
0.0 0.0 0.0
0.0 0.0 0.0
0.0 0.0 0.0
0.0 0.0 0.0
0.0 0.0 0.0
0.0 0.0 0.0
0.0 0.0 0.0
0.0 0.0 0.0
0.0 0.0 0.0
0.0 0.0 0.0
0.0 0.0 0.0
0.0 0.0 0.0
0.0 0.0 0.0
0.0 0.0 0.0
0.0 0.0 0.0
0.0 0.0 0.0
0.0 0.0 0.0
0.0 0.0 0.0
0.0 0.0 0.0
0.0 0.0 0.0
0.0 0.0 0.0
0.0 0.0 0.0
0.0 0.0 0.0
0.0 0.0 0.0
0.0 0.0 0.0
0.0 0.0 0.0
0.0 0.0 0.0
0.0 0.0 0.0
0.0 0.0 0.0
0.0 0.0 0.0
0.0 0.0 0.0
0.0 0.0 0.0
0.0 0.0 0.0
0.0 0.0 0.0
0.0 0.0 0.0
0.0 0.0 0.0
0.0 0.0 0.0
0.0 0.0 0.0
0.0 0.0 0.0
0.0 0.0 0.0
0.0 0.0 0.0
0.0 0.0 0.0
0.0 0.0 0.0
0.0 0.0 0.0
0.0 0.0 0.0
0.0 0.0 0.0
0.0 0.0 0.0
0.0 0.0 0.0
0.0 0.0 0.0
0.0 0.0 0.0
0.0 0.0 0.0
0.0 0.0 0.0
0.0 0.0 0.0
0.0 0.0 0.0
0.0 0.0 0.0
0.0 0.0 0.0
0.0 0.0 0.0
0.0 0.0 0.0
0.0 0.0 0.0
0.0 0.0 0.0
0.0 0.0 0.0
0.0 0.0 0.0
0.0 0.0 0.0
0.0 0.0 0.0
0.0 0.0 0.0
0.0 0.0 0.0
0.0 0.0 0.0
0.0 0.0 0.0
0.0 0.0 0.0
0.0 0.0 0.0
0.0 0.0 0.0
0.0 0.0 0.0
0.0 0.0 0.0
0.0 0.0 0.0
0.0 0.0 0.0
0.0 0.0 0.0
0.0 0.0 0.0
0.0 0.0 0.0
0.0 0.0 0.0
0.0 0.0 0.0
0.0 0.0 0.0
0.0 0.0 0.0
0.0 0.0 0.0
0.0 0.0 0.0
0.0 0.0 0.0
0.0 0.0 0.0
0.0 0.0 0.0
0.0 0.0 0.0
0.0 0.0 0.0
0.0 0.0 0.0
0.0 0.0 0.0
0.0 0.0 0.0
0.0 0.0 0.0
0.0 0.0 0.0
0.0 0.0 0.0
0.0 0.0 0.0
0.0 0.0 0.0
0.0 0.0 0.0
0.0 0.0 0.0
0.0 0.0 0.0
0.0 0.0 0.0
0.0 0.0 0.0
0.0 0.0 0.0
0.0 0.0 0.0
0.0 0.0 0.0
0.0 0.0 0.0
0.0 0.0 0.0
0.0 0.0 0.0
0.0 0.0 0.0
0.0 0.0 0.0
0.0 0.0 0.0
0.0 0.0 0.0
0.0 0.0 0.0
0.0 0.0 0.0
0.0 0.0 0.0
0.0 0.0 0.0
0.0 0.0 0.0
0.0 0.0 0.0
0.0 0.0 0.0
0.0 0.0 0.0
0.0 0.0 0.0
0.0 0.0 0.0
0.0 0.0 0.0
0.0 0.0 0.0
0.0 0.0 0.0
0.0 0.0 0.0
0.0 0.0 0.0
0.0 0.0 0.0
0.0 0.0 0.0
0.0 0.0 0.0
0.0 0.0 0.0
0.0 0.0 0.0
0.0 0.0 0.0
0.0 0.0 0.0
0.0 0.0 0.0
0.0 0.0 0.0
0.0 0.0 0.0
0.0 0.0 0.0
0.0 0.0 0.0
0.0 0.0 0.0
0.0 0.0 0.0
0.0 0.0 0.0
0.0 0.0 0.0
0.0 0.0 0.0
0.0 0.0 0.0
0.0 0.0 0.0
0.0 0.0 0.0
0.0 0.0 0.0
0.0 0.0 0.0
0.0 0.0 0.0
0.0 0.0 0.0
0.0 0.0 0.0
0.0 0.0 0.0
0.0 0.0 0.0
0.0 0.0 0.0
0.0 0.0 0.0
0.0 0.0 0.0
0.0 0.0 0.0
0.0 0.0 0.0
0.0 0.0 0.0
0.0 0.0 0.0
0.0 0.0 0.0
0.0 0.0 0.0
0.0 0.0 0.0
0.0 0.0 0.0
0.0 0.0 0.0
0.0 0.0 0.0
0.0 0.0 0.0
0.0 0.0 0.0
0.0 0.0 0.0
0.0 0.0 0.0
-13.693846702575684 26.814802169799805 -3.0745744705200195
0.0 0.0 0.0
0.0 0.0 0.0
0.0 0.0 0.0
-12.489466667175293 26.245363235473633 -3.1735098361968994
0.0 0.0 0.0
0.0 0.0 0.0
0.0 0.0 0.0
0.0 0.0 0.0
0.0 0.0 0.0
0.0 0.0 0.0
0.0 0.0 0.0
0.0 0.0 0.0
0.0 0.0 0.0
-9.816275596618652 24.989526748657227 -3.3662710189819336
0.0 0.0 0.0
0.0 0.0 0.0
0.0 0.0 0.0
0.0 0.0 0.0
0.0 0.0 0.0
0.0 0.0 0.0
0.0 0.0 0.0
0.0 0.0 0.0
0.0 0.0 0.0
0.0 0.0 0.0
0.0 0.0 0.0
-7.144055366516113 23.899621963500977 -3.546025276184082
0.0 0.0 0.0
-6.76666784286499 23.85153579711914 -3.585817337036133
0.0 0.0 0.0
-6.389557838439941 23.778507232666016 -3.620073080062866
0.0 0.0 0.0
-5.986949920654297 23.583942413330078 -3.6319289207458496
-5.780112266540527 23.464248657226562 -3.634667158126831
-5.617368698120117 23.50761604309082 -3.662029504776001
-5.423968315124512 23.41851234436035 -3.6662583351135254
-5.26353645324707 23.467233657836914 -3.6921379566192627
-5.049286365509033 23.269641876220703 -3.679298162460327
-4.90420389175415 23.39944076538086 -3.7186152935028076
-4.715837001800537 23.308704376220703 -3.72090220451355
-4.514721393585205 23.140840530395508 -3.7096378803253174
-4.333803176879883 23.066181182861328 -3.7133121490478516
-4.171477794647217 23.085018157958984 -3.732125759124756
-4.000166893005371 23.06899070739746 -3.7455155849456787
-3.8301503658294678 23.040319442749023 -3.7539007663726807
-3.6613333225250244 23.014211654663086 -3.7628278732299805
-3.5162370204925537 23.139354705810547 -3.7966995239257812
-3.3214879035949707 22.931594848632812 -3.7760589122772217
-3.1667025089263916 22.98987579345703 -3.797670602798462
-3.007565498352051 23.040019989013672 -3.8167126178741455
-2.82561993598938 22.886014938354492 -3.801875114440918
-2.6740403175354004 22.97178840637207 -3.827007293701172
-2.499382257461548 22.85349464416504 -3.818284034729004
-2.3392131328582764 22.86091423034668 -3.8276615142822266
-2.1731677055358887 22.83295440673828 -3.831146717071533
-2.009861469268799 22.79975700378418 -3.83378005027771
-1.8497989177703857 22.796100616455078 -3.8415350914001465
-1.6916903257369995 22.81454086303711 -3.8520920276641846
-1.5283275842666626 22.759252548217773 -3.848081588745117
-1.3646937608718872 22.729856491088867 -3.848707914352417
-1.2142902612686157 22.887619018554688 -3.88114595413208
-1.0530694723129272 22.855854034423828 -3.8816611766815186
-0.8958976864814758 22.908021926879883 -3.8941140174865723
-0.7310066223144531 22.73601531982422 -3.867666006088257
-0.5750041604042053 22.93631935119629 -3.9048006534576416
-0.4132095277309418 22.815935134887695 -3.887486696243286
-0.25492700934410095 22.84079360961914 -3.8947367668151855
-0.09544687718153 22.714868545532227 -3.873501777648926
0.06319188326597214 22.922842025756836 -3.909395694732666
0.22229140996932983 22.89867401123047 -3.9058899879455566
0.38523364067077637 22.946500778198242 -3.914872169494629
0.5452353358268738 22.958871841430664 -3.9162847995758057
0.7041008472442627 22.92807960510254 -3.9087798595428467
0.867058277130127 23.01547622680664 -3.9216079711914062
1.025598406791687 22.974760055541992 -3.9127910137176514
1.1919546127319336 23.040502548217773 -3.9222636222839355
1.3547829389572144 23.07881736755371 -3.924114465713501
1.5148348808288574 23.062236785888672 -3.916379451751709
1.6694176197052002 22.971559524536133 -3.8962693214416504
1.8363912105560303 23.052635192871094 -3.905482769012451
1.918567180633545 22.10780906677246 -3.740273952484131
2.0869033336639404 22.24890899658203 -3.756805419921875
2.238182306289673 22.200942993164062 -3.7415637969970703
2.3814592361450195 22.082990646362305 -3.714751958847046
2.66850209236145 23.227275848388672 -3.9001195430755615
2.852592945098877 23.37049102783203 -3.914788246154785
3.012564182281494 23.32931137084961 -3.8977015018463135
3.195507526397705 23.458873748779297 -3.9092764854431152
3.370560646057129 23.51835823059082 -3.9092657566070557
3.5540103912353516 23.62613868713379 -3.9171509742736816
3.7059812545776367 23.523569107055664 -3.8873507976531982
3.8979344367980957 23.65162467956543 -3.8955819606781006
4.069243431091309 23.66461944580078 -3.8851823806762695
4.264229774475098 23.80540657043457 -3.8958306312561035
4.44351053237915 23.850135803222656 -3.8892831802368164
4.6452507972717285 24.003524780273438 -3.8989322185516357
4.83152437210083 24.05267333984375 -3.891430377960205
5.008965015411377 24.066890716552734 -3.878633499145508
5.197206974029541 24.12887954711914 -3.873654365539551
5.410861492156982 24.299121856689453 -3.8831732273101807
5.577115058898926 24.249380111694336 -3.8574628829956055
5.794163227081299 24.400651931762695 -3.8634719848632812
6.013283729553223 24.562036514282227 -3.871312141418457
6.215842247009277 24.646934509277344 -3.8657774925231934
6.412548542022705 24.700441360473633 -3.85369873046875
6.598339557647705 24.707612991333008 -3.8344619274139404
6.797684192657471 24.74990463256836 -3.8204150199890137
7.007627010345459 24.835996627807617 -3.813481092453003
7.262898921966553 25.07303810119629 -3.826988935470581
7.46380090713501 25.111309051513672 -3.8099005222320557
7.76365852355957 25.469736099243164 -3.841125249862671
0.0 0.0 0.0
8.095767974853516 25.2822208404541 -3.7653725147247314
8.363146781921387 25.505451202392578 -3.7730767726898193
8.642848014831543 25.751846313476562 -3.7837884426116943
8.87613296508789 25.849239349365234 -3.772338390350342
9.131317138671875 26.00324821472168 -3.768646001815796
9.404614448547363 26.186826705932617 -3.7662293910980225
0.0 0.0 0.0
9.854697227478027 26.28388023376465 -3.723076343536377
10.162450790405273 26.54118537902832 -3.730757713317871
10.445794105529785 26.723752975463867 -3.7254867553710938
10.699797630310059 26.81247901916504 -3.705878496170044
11.053393363952637 27.147729873657227 -3.7203657627105713
11.258888244628906 27.110820770263672 -3.6835508346557617
0.0 0.0 0.0
11.850598335266113 27.452972412109375 -3.66239857673645
12.106184959411621 27.508352279663086 -3.634798765182495
0.0 0.0 0.0
12.804105758666992 28.032060623168945 -3.6327743530273438
0.0 0.0 0.0
0.0 0.0 0.0
13.835526466369629 28.68560791015625 -3.6009037494659424
0.0 0.0 0.0
0.0 0.0 0.0
0.0 0.0 0.0
0.0 0.0 0.0
0.0 0.0 0.0
0.0 0.0 0.0
0.0 0.0 0.0
0.0 0.0 0.0
0.0 0.0 0.0
0.0 0.0 0.0
0.0 0.0 0.0
0.0 0.0 0.0
0.0 0.0 0.0
0.0 0.0 0.0
0.0 0.0 0.0
0.0 0.0 0.0
0.0 0.0 0.0
0.0 0.0 0.0
0.0 0.0 0.0
0.0 0.0 0.0
0.0 0.0 0.0
0.0 0.0 0.0
0.0 0.0 0.0
0.0 0.0 0.0
0.0 0.0 0.0
0.0 0.0 0.0
0.0 0.0 0.0
0.0 0.0 0.0
0.0 0.0 0.0
0.0 0.0 0.0
0.0 0.0 0.0
0.0 0.0 0.0
0.0 0.0 0.0
0.0 0.0 0.0
0.0 0.0 0.0
0.0 0.0 0.0
0.0 0.0 0.0
0.0 0.0 0.0
0.0 0.0 0.0
0.0 0.0 0.0
0.0 0.0 0.0
0.0 0.0 0.0
0.0 0.0 0.0
0.0 0.0 0.0
0.0 0.0 0.0
0.0 0.0 0.0
0.0 0.0 0.0
0.0 0.0 0.0
0.0 0.0 0.0
0.0 0.0 0.0
0.0 0.0 0.0
0.0 0.0 0.0
0.0 0.0 0.0
0.0 0.0 0.0
0.0 0.0 0.0
0.0 0.0 0.0
0.0 0.0 0.0
0.0 0.0 0.0
0.0 0.0 0.0
0.0 0.0 0.0
0.0 0.0 0.0
0.0 0.0 0.0
0.0 0.0 0.0
0.0 0.0 0.0
0.0 0.0 0.0
0.0 0.0 0.0
0.0 0.0 0.0
0.0 0.0 0.0
0.0 0.0 0.0
0.0 0.0 0.0
0.0 0.0 0.0
0.0 0.0 0.0
0.0 0.0 0.0
0.0 0.0 0.0
0.0 0.0 0.0
0.0 0.0 0.0
0.0 0.0 0.0
0.0 0.0 0.0
0.0 0.0 0.0
0.0 0.0 0.0
0.0 0.0 0.0
0.0 0.0 0.0
0.0 0.0 0.0
0.0 0.0 0.0
0.0 0.0 0.0
0.0 0.0 0.0
0.0 0.0 0.0
0.0 0.0 0.0
0.0 0.0 0.0
0.0 0.0 0.0
0.0 0.0 0.0
0.0 0.0 0.0
0.0 0.0 0.0
0.0 0.0 0.0
0.0 0.0 0.0
0.0 0.0 0.0
0.0 0.0 0.0
0.0 0.0 0.0
0.0 0.0 0.0
0.0 0.0 0.0
0.0 0.0 0.0
0.0 0.0 0.0
0.0 0.0 0.0
0.0 0.0 0.0
0.0 0.0 0.0
0.0 0.0 0.0
0.0 0.0 0.0
0.0 0.0 0.0
0.0 0.0 0.0
0.0 0.0 0.0
0.0 0.0 0.0
0.0 0.0 0.0
0.0 0.0 0.0
0.0 0.0 0.0
0.0 0.0 0.0
0.0 0.0 0.0
0.0 0.0 0.0
0.0 0.0 0.0
0.0 0.0 0.0
0.0 0.0 0.0
0.0 0.0 0.0
0.0 0.0 0.0
0.0 0.0 0.0
0.0 0.0 0.0
0.0 0.0 0.0
0.0 0.0 0.0
0.0 0.0 0.0
0.0 0.0 0.0
0.0 0.0 0.0
0.0 0.0 0.0
0.0 0.0 0.0
0.0 0.0 0.0
0.0 0.0 0.0
0.0 0.0 0.0
0.0 0.0 0.0
0.0 0.0 0.0
0.0 0.0 0.0
0.0 0.0 0.0
0.0 0.0 0.0
0.0 0.0 0.0
0.0 0.0 0.0
0.0 0.0 0.0
0.0 0.0 0.0
0.0 0.0 0.0
0.0 0.0 0.0
0.0 0.0 0.0
0.0 0.0 0.0
0.0 0.0 0.0
0.0 0.0 0.0
0.0 0.0 0.0
0.0 0.0 0.0
0.0 0.0 0.0
0.0 0.0 0.0
0.0 0.0 0.0
0.0 0.0 0.0
0.0 0.0 0.0
0.0 0.0 0.0
0.0 0.0 0.0
0.0 0.0 0.0
0.0 0.0 0.0
0.0 0.0 0.0
0.0 0.0 0.0
0.0 0.0 0.0
0.0 0.0 0.0
0.0 0.0 0.0
0.0 0.0 0.0
0.0 0.0 0.0
0.0 0.0 0.0
0.0 0.0 0.0
0.0 0.0 0.0
0.0 0.0 0.0
0.0 0.0 0.0
0.0 0.0 0.0
0.0 0.0 0.0
0.0 0.0 0.0
0.0 0.0 0.0
0.0 0.0 0.0
0.0 0.0 0.0
0.0 0.0 0.0
0.0 0.0 0.0
0.0 0.0 0.0
0.0 0.0 0.0
0.0 0.0 0.0
0.0 0.0 0.0
0.0 0.0 0.0
0.0 0.0 0.0
0.0 0.0 0.0
0.0 0.0 0.0
0.0 0.0 0.0
0.0 0.0 0.0
0.0 0.0 0.0
0.0 0.0 0.0
-100.7199478149414 172.01548767089844 23.440807342529297
0.0 0.0 0.0
0.0 0.0 0.0
0.0 0.0 0.0
0.0 0.0 0.0
0.0 0.0 0.0
0.0 0.0 0.0
0.0 0.0 0.0
0.0 0.0 0.0
0.0 0.0 0.0
0.0 0.0 0.0
0.0 0.0 0.0
0.0 0.0 0.0
0.0 0.0 0.0
0.0 0.0 0.0
0.0 0.0 0.0
0.0 0.0 0.0
0.0 0.0 0.0
0.0 0.0 0.0
0.0 0.0 0.0
0.0 0.0 0.0
0.0 0.0 0.0
0.0 0.0 0.0
0.0 0.0 0.0
0.0 0.0 0.0
0.0 0.0 0.0
0.0 0.0 0.0
0.0 0.0 0.0
0.0 0.0 0.0
-16.78881072998047 28.552780151367188 -2.8138248920440674
0.0 0.0 0.0
0.0 0.0 0.0
0.0 0.0 0.0
0.0 0.0 0.0
0.0 0.0 0.0
0.0 0.0 0.0
0.0 0.0 0.0
-14.015388488769531 27.22059440612793 -3.0614118576049805
0.0 0.0 0.0
0.0 0.0 0.0
0.0 0.0 0.0
0.0 0.0 0.0
-12.427539825439453 26.35833168029785 -3.1649913787841797
0.0 0.0 0.0
0.0 0.0 0.0
0.0 0.0 0.0
-11.237853050231934 25.661340713500977 -3.225238561630249
0.0 0.0 0.0
0.0 0.0 0.0
0.0 0.0 0.0
0.0 0.0 0.0
0.0 0.0 0.0
0.0 0.0 0.0
0.0 0.0 0.0
0.0 0.0 0.0
0.0 0.0 0.0
0.0 0.0 0.0
-8.633749008178711 24.74058723449707 -3.448199510574341
0.0 0.0 0.0
0.0 0.0 0.0
0.0 0.0 0.0
-7.776061534881592 24.444461822509766 -3.5107853412628174
0.0 0.0 0.0
0.0 0.0 0.0
-7.1312103271484375 24.16327476501465 -3.542182207107544
0.0 0.0 0.0
0.0 0.0 0.0
-6.511364459991455 23.892162322998047 -3.5698297023773193
-6.313201427459717 23.829174041748047 -3.581881284713745
-6.084361553192139 23.629188537597656 -3.5728559494018555
-5.926132678985596 23.697154998779297 -3.6043362617492676
-5.74627161026001 23.678003311157227 -3.620481014251709
0.0 0.0 0.0
-5.340267181396484 23.436708450317383 -3.620774745941162
-5.18270206451416 23.50001335144043 -3.6492397785186768
-5.001208782196045 23.452829360961914 -3.659806489944458
-4.831082820892334 23.453693389892578 -3.675765037536621
-4.628073692321777 23.286712646484375 -3.665442705154419
-4.465505123138428 23.330867767333984 -3.688685178756714
-4.3256049156188965 23.48348045349121 -3.7290799617767334
-4.127850532531738 23.320188522338867 -3.717238426208496
-3.9232215881347656 23.09833335876465 -3.6951935291290283
0.0 0.0 0.0
-3.6145782470703125 23.25234603881836 -3.747358560562134
-3.4404823780059814 23.194133758544922 -3.751293420791626
-3.273834466934204 23.180866241455078 -3.760057210922241
-3.1142029762268066 23.216089248657227 -3.7768614292144775
-2.94014310836792 23.13926887512207 -3.7755818367004395
-2.750307559967041 22.919519424438477 -3.7510011196136475
-2.609252452850342 23.127958297729492 -3.79494571685791
-2.43631649017334 23.032588958740234 -3.787672758102417
-2.2750630378723145 23.03952407836914 -3.7973644733428955
-2.1071414947509766 22.972400665283203 -3.7950003147125244
-1.9529532194137573 23.05384063720703 -3.8173587322235107
-1.7854148149490356 23.011978149414062 -3.8164477348327637
-1.6273014545440674 23.05332374572754 -3.8292765617370605
-1.464482069015503 23.024343490600586 -3.8306002616882324
-1.3067512512207031 23.0788631439209 -3.84601092338562
-1.1400470733642578 22.967004776000977 -3.832711696624756
-0.9809430837631226 23.054590225219727 -3.8506698608398438
-0.8203967213630676 23.06012725830078 -3.855069637298584
-0.6588292717933655 23.02988624572754 -3.8536694049835205
-0.499889999628067 23.098657608032227 -3.869029998779297
-0.33951786160469055 23.12433624267578 -3.8750064373016357
-0.17587022483348846 23.110546112060547 -3.873628854751587
-0.015005038119852543 23.030109405517578 -3.8612499237060547
0.14588136970996857 23.16044044494629 -3.884397029876709
0.30605822801589966 23.085525512695312 -3.8730199337005615
0.4653390944004059 23.017730712890625 -3.859818458557129
0.6282966732978821 23.118288040161133 -3.875032663345337
0.7956220507621765 23.22144889831543 -3.8908333778381348
0.9538354277610779 23.134889602661133 -3.8750576972961426
1.1180535554885864 23.197589874267578 -3.8829236030578613
1.2807810306549072 23.217113494873047 -3.881884813308716
1.4456946849822998 23.26240348815918 -3.8853228092193604
1.615986943244934 23.333253860473633 -3.8931264877319336
1.7770074605941772 23.30701446533203 -3.884984016418457
1.945244550704956 23.36842155456543 -3.8888864517211914
2.012882947921753 22.304105758666992 -3.7053589820861816
2.1672892570495605 22.28328514099121 -3.6956698894500732
2.3334004878997803 22.349306106567383 -3.7004387378692627
2.6226072311401367 23.5330867767334 -3.8894965648651123
2.799018144607544 23.623472213745117 -3.8949482440948486
2.9621164798736572 23.59394645690918 -3.8807690143585205
3.128803253173828 23.59388542175293 -3.8716318607330322
3.3248329162597656 23.779373168945312 -3.8928797245025635
3.4998576641082764 23.82284164428711 -3.8891847133636475
3.6742374897003174 23.853742599487305 -3.8822925090789795
3.8459577560424805 23.864356994628906 -3.8722569942474365
4.020113945007324 23.885116577148438 -3.8640031814575195
4.211884021759033 24.00343132019043 -3.8716206550598145
4.3903889656066895 24.021583557128906 -3.8597607612609863
4.5868353843688965 24.145015716552734 -3.8651211261749268
4.753857135772705 24.10786247253418 -3.8448779582977295
4.954402446746826 24.235963821411133 -3.851104497909546
5.128290176391602 24.226673126220703 -3.8343350887298584
5.32785701751709 24.317537307739258 -3.831638813018799
5.541215896606445 24.475229263305664 -3.8397469520568848
5.757912635803223 24.63490867614746 -3.8480913639068604
5.939087390899658 24.63508415222168 -3.831549644470215
6.117519378662109 24.623123168945312 -3.810631275177002
6.366127014160156 24.871192932128906 -3.829319477081299
6.547679424285889 24.85991096496582 -3.8083417415618896
6.755646228790283 24.944276809692383 -3.80208158493042
6.9639787673950195 25.0234317779541 -3.793861150741577
7.194357872009277 25.171649932861328 -3.7943496704101562
7.389827251434326 25.179826736450195 -3.7733325958251953
7.632979869842529 25.35392951965332 -3.7774927616119385
7.868655681610107 25.492633819580078 -3.776209592819214
8.14859390258789 25.762454986572266 -3.7915799617767334
0.0 0.0 0.0
8.571538925170898 25.84234619140625 -3.754023313522339
8.864274024963379 26.104080200195312 -3.7668092250823975
9.097721099853516 26.192562103271484 -3.7533726692199707
0.0 0.0 0.0
0.0 0.0 0.0
0.0 0.0 0.0
10.171506881713867 26.840824127197266 -3.733863115310669
10.408714294433594 26.90064239501953 -3.7119548320770264
10.624469757080078 26.90078353881836 -3.681776285171509
10.921842575073242 27.100496292114258 -3.6787145137786865
11.253474235534668 27.372690200805664 -3.684983730316162
11.560988426208496 27.565683364868164 -3.6771860122680664
11.768407821655273 27.52151107788086 -3.637969493865967
12.06078052520752 27.671367645263672 -3.6243011951446533
0.0 0.0 0.0
0.0 0.0 0.0
0.0 0.0 0.0
0.0 0.0 0.0
0.0 0.0 0.0
14.06381893157959 28.903162002563477 -3.561143636703491
0.0 0.0 0.0
0.0 0.0 0.0
0.0 0.0 0.0
0.0 0.0 0.0
0.0 0.0 0.0
16.498579025268555 30.58331298828125 -3.5025715827941895
0.0 0.0 0.0
0.0 0.0 0.0
0.0 0.0 0.0
0.0 0.0 0.0
0.0 0.0 0.0
19.00429916381836 31.95771598815918 -3.3498880863189697
0.0 0.0 0.0
0.0 0.0 0.0
0.0 0.0 0.0
0.0 0.0 0.0
0.0 0.0 0.0
0.0 0.0 0.0
0.0 0.0 0.0
0.0 0.0 0.0
0.0 0.0 0.0
0.0 0.0 0.0
0.0 0.0 0.0
0.0 0.0 0.0
0.0 0.0 0.0
0.0 0.0 0.0
0.0 0.0 0.0
0.0 0.0 0.0
0.0 0.0 0.0
0.0 0.0 0.0
0.0 0.0 0.0
0.0 0.0 0.0
0.0 0.0 0.0
0.0 0.0 0.0
0.0 0.0 0.0
0.0 0.0 0.0
0.0 0.0 0.0
0.0 0.0 0.0
0.0 0.0 0.0
0.0 0.0 0.0
0.0 0.0 0.0
0.0 0.0 0.0
0.0 0.0 0.0
0.0 0.0 0.0
0.0 0.0 0.0
0.0 0.0 0.0
0.0 0.0 0.0
0.0 0.0 0.0
0.0 0.0 0.0
0.0 0.0 0.0
0.0 0.0 0.0
0.0 0.0 0.0
0.0 0.0 0.0
0.0 0.0 0.0
0.0 0.0 0.0
0.0 0.0 0.0
0.0 0.0 0.0
0.0 0.0 0.0
0.0 0.0 0.0
0.0 0.0 0.0
0.0 0.0 0.0
0.0 0.0 0.0
0.0 0.0 0.0
0.0 0.0 0.0
0.0 0.0 0.0
0.0 0.0 0.0
0.0 0.0 0.0
0.0 0.0 0.0
0.0 0.0 0.0
0.0 0.0 0.0
0.0 0.0 0.0
0.0 0.0 0.0
0.0 0.0 0.0
0.0 0.0 0.0
0.0 0.0 0.0
0.0 0.0 0.0
0.0 0.0 0.0
0.0 0.0 0.0
0.0 0.0 0.0
0.0 0.0 0.0
0.0 0.0 0.0
0.0 0.0 0.0
0.0 0.0 0.0
0.0 0.0 0.0
0.0 0.0 0.0
0.0 0.0 0.0
0.0 0.0 0.0
0.0 0.0 0.0
0.0 0.0 0.0
0.0 0.0 0.0
0.0 0.0 0.0
0.0 0.0 0.0
0.0 0.0 0.0
0.0 0.0 0.0
0.0 0.0 0.0
0.0 0.0 0.0
0.0 0.0 0.0
0.0 0.0 0.0
0.0 0.0 0.0
0.0 0.0 0.0
0.0 0.0 0.0
0.0 0.0 0.0
0.0 0.0 0.0
0.0 0.0 0.0
0.0 0.0 0.0
0.0 0.0 0.0
0.0 0.0 0.0
0.0 0.0 0.0
0.0 0.0 0.0
0.0 0.0 0.0
0.0 0.0 0.0
0.0 0.0 0.0
0.0 0.0 0.0
0.0 0.0 0.0
0.0 0.0 0.0
0.0 0.0 0.0
0.0 0.0 0.0
0.0 0.0 0.0
0.0 0.0 0.0
0.0 0.0 0.0
0.0 0.0 0.0
0.0 0.0 0.0
0.0 0.0 0.0
0.0 0.0 0.0
0.0 0.0 0.0
0.0 0.0 0.0
0.0 0.0 0.0
0.0 0.0 0.0
0.0 0.0 0.0
0.0 0.0 0.0
0.0 0.0 0.0
0.0 0.0 0.0
0.0 0.0 0.0
0.0 0.0 0.0
0.0 0.0 0.0
0.0 0.0 0.0
0.0 0.0 0.0
0.0 0.0 0.0
0.0 0.0 0.0
0.0 0.0 0.0
0.0 0.0 0.0
0.0 0.0 0.0
0.0 0.0 0.0
0.0 0.0 0.0
0.0 0.0 0.0
0.0 0.0 0.0
0.0 0.0 0.0
0.0 0.0 0.0
0.0 0.0 0.0
0.0 0.0 0.0
0.0 0.0 0.0
0.0 0.0 0.0
0.0 0.0 0.0
0.0 0.0 0.0
0.0 0.0 0.0
0.0 0.0 0.0
0.0 0.0 0.0
0.0 0.0 0.0
0.0 0.0 0.0
0.0 0.0 0.0
0.0 0.0 0.0
0.0 0.0 0.0
0.0 0.0 0.0
0.0 0.0 0.0
0.0 0.0 0.0
0.0 0.0 0.0
0.0 0.0 0.0
0.0 0.0 0.0
0.0 0.0 0.0
0.0 0.0 0.0
0.0 0.0 0.0
0.0 0.0 0.0
0.0 0.0 0.0
0.0 0.0 0.0
0.0 0.0 0.0
0.0 0.0 0.0
0.0 0.0 0.0
0.0 0.0 0.0
0.0 0.0 0.0
0.0 0.0 0.0
0.0 0.0 0.0
0.0 0.0 0.0
0.0 0.0 0.0
0.0 0.0 0.0
0.0 0.0 0.0
0.0 0.0 0.0
0.0 0.0 0.0
0.0 0.0 0.0
0.0 0.0 0.0
0.0 0.0 0.0
0.0 0.0 0.0
0.0 0.0 0.0
0.0 0.0 0.0
0.0 0.0 0.0
0.0 0.0 0.0
0.0 0.0 0.0
0.0 0.0 0.0
0.0 0.0 0.0
0.0 0.0 0.0
0.0 0.0 0.0
0.0 0.0 0.0
0.0 0.0 0.0
0.0 0.0 0.0
0.0 0.0 0.0
0.0 0.0 0.0
0.0 0.0 0.0
0.0 0.0 0.0
0.0 0.0 0.0
0.0 0.0 0.0
0.0 0.0 0.0
0.0 0.0 0.0
0.0 0.0 0.0
0.0 0.0 0.0
0.0 0.0 0.0
0.0 0.0 0.0
0.0 0.0 0.0
0.0 0.0 0.0
0.0 0.0 0.0
0.0 0.0 0.0
0.0 0.0 0.0
0.0 0.0 0.0
0.0 0.0 0.0
0.0 0.0 0.0
0.0 0.0 0.0
0.0 0.0 0.0
0.0 0.0 0.0
0.0 0.0 0.0
0.0 0.0 0.0
0.0 0.0 0.0
0.0 0.0 0.0
0.0 0.0 0.0
0.0 0.0 0.0
0.0 0.0 0.0
0.0 0.0 0.0
0.0 0.0 0.0
0.0 0.0 0.0
0.0 0.0 0.0
0.0 0.0 0.0
0.0 0.0 0.0
0.0 0.0 0.0
-10.422390937805176 25.483518600463867 -3.2750895023345947
0.0 0.0 0.0
0.0 0.0 0.0
0.0 0.0 0.0
0.0 0.0 0.0
0.0 0.0 0.0
0.0 0.0 0.0
0.0 0.0 0.0
0.0 0.0 0.0
0.0 0.0 0.0
0.0 0.0 0.0
0.0 0.0 0.0
-7.850618839263916 24.986135482788086 -3.5481245517730713
-7.494693756103516 24.44778823852539 -3.4955286979675293
0.0 0.0 0.0
0.0 0.0 0.0
-6.883983135223389 24.264066696166992 -3.538787364959717
0.0 0.0 0.0
-6.448289394378662 23.995107650756836 -3.5421335697174072
0.0 0.0 0.0
-6.067930698394775 23.902725219726562 -3.570016384124756
-5.859655857086182 23.7877254486084 -3.5718085765838623
-5.662418842315674 23.696706771850586 -3.576838970184326
-5.526027202606201 23.860105514526367 -3.6204488277435303
0.0 0.0 0.0
-5.121161460876465 23.603422164916992 -3.616647481918335
-4.9597930908203125 23.666126251220703 -3.642843008041382
-4.7722859382629395 23.58711814880371 -3.64707088470459
-4.623093128204346 23.69617462158203 -3.6805341243743896
-4.423373699188232 23.542606353759766 -3.6721057891845703
0.0 0.0 0.0
-4.084721088409424 23.558822631835938 -3.7027170658111572
-3.933511257171631 23.663864135742188 -3.7334272861480713
-3.730099678039551 23.44774627685547 -3.7135534286499023
-3.556485652923584 23.40590476989746 -3.7187042236328125
-3.3919930458068848 23.42013931274414 -3.732398748397827
0.0 0.0 0.0
-3.049621820449829 23.365114212036133 -3.74712872505188
-2.890411853790283 23.41417121887207 -3.766164541244507
-2.7134058475494385 23.31307029724121 -3.758822441101074
-2.5299835205078125 23.137815475463867 -3.739586114883423
-2.395057439804077 23.4100341796875 -3.7928810119628906
-2.2081077098846436 23.205677032470703 -3.769334316253662
-2.052816867828369 23.291908264160156 -3.790850877761841
-1.8913565874099731 23.311941146850586 -3.800530195236206
-1.7224024534225464 23.234737396240234 -3.7945261001586914
-1.5563522577285767 23.179393768310547 -3.7922239303588867
-1.397403597831726 23.276947021484375 -3.815258026123047
-1.227841854095459 23.14284896850586 -3.796940803527832
-1.0708590745925903 23.23857879638672 -3.8164823055267334
-0.9090251922607422 23.23693084716797 -3.8202247619628906
-0.7452196478843689 23.176380157470703 -3.8144588470458984
-0.5825340151786804 23.23822021484375 -3.8279311656951904
-0.4213077425956726 23.26453971862793 -3.833526611328125
-0.25938284397125244 23.274322509765625 -3.836585760116577
-0.09706269204616547 23.171207427978516 -3.8212125301361084
0.0644502341747284 23.298213958740234 -3.8439762592315674
0.22634278237819672 23.281862258911133 -3.8409621715545654
0.3927202522754669 23.376266479492188 -3.855350971221924
0.5547596216201782 23.34238624572754 -3.848785638809204
0.7205370664596558 23.449928283691406 -3.8657243251800537
0.8817346096038818 23.394548416137695 -3.8558261394500732
1.0393425226211548 23.276966094970703 -3.8327040672302246
1.215491533279419 23.489233016967773 -3.863997220993042
1.3762612342834473 23.438669204711914 -3.8522822856903076
1.5509814023971558 23.606246948242188 -3.876584053039551
1.7087197303771973 23.507457733154297 -3.855961561203003
1.8756234645843506 23.53858757019043 -3.8548598289489746
1.9445419311523438 22.400646209716797 -3.6626670360565186
2.1025476455688477 22.410856246948242 -3.6587717533111572
2.2586493492126465 22.396913528442383 -3.6510989665985107
2.56325364112854 23.762495040893555 -3.8656253814697266
2.737138032913208 23.818696975708008 -3.8660762310028076
2.897059202194214 23.72783660888672 -3.842698097229004
3.0700674057006836 23.770137786865234 -3.841235399246216
3.2402639389038086 23.78448486328125 -3.83492112159729
3.432253837585449 23.946950912475586 -3.849909782409668
3.6012179851531982 23.94007110595703 -3.837780475616455
3.7782504558563232 23.981515884399414 -3.8335342407226562
3.9714853763580322 24.097366333007812 -3.8410916328430176
4.151627063751221 24.14399528503418 -3.836210250854492
4.330319404602051 24.17423439025879 -3.827418565750122
4.510854244232178 24.210771560668945 -3.819758892059326
4.730980396270752 24.446849822998047 -3.8435845375061035
4.902837753295898 24.407978057861328 -3.8240013122558594
5.113158702850342 24.56924819946289 -3.8331680297851562
5.277341842651367 24.50225257873535 -3.806699514389038
5.48029088973999 24.61133575439453 -3.8077011108398438
5.668369293212891 24.64730453491211 -3.7974565029144287
5.854172229766846 24.655012130737305 -3.7814667224884033
6.0806474685668945 24.838619232177734 -3.791029930114746
0.0 0.0 0.0
6.491617202758789 25.005483627319336 -3.779435157775879
6.725223541259766 25.183542251586914 -3.787872314453125
6.892052173614502 25.094459533691406 -3.7533886432647705
7.148468494415283 25.336257934570312 -3.7684273719787598
7.344033718109131 25.352861404418945 -3.7498655319213867
7.560209274291992 25.434642791748047 -3.7409446239471436
7.827046871185303 25.677751541137695 -3.7545700073242188
8.051438331604004 25.75885009765625 -3.742400646209717
8.308385848999023 25.94588851928711 -3.7458834648132324
8.545620918273926 26.060686111450195 -3.738722801208496
8.794498443603516 26.202878952026367 -3.7353551387786865
9.022869110107422 26.277416229248047 -3.7197201251983643
9.219939231872559 26.25484848022461 -3.690267562866211
9.499994277954102 26.45212745666504 -3.691171407699585
9.85478401184082 26.851539611816406 -3.720205307006836
9.971982955932617 26.598308563232422 -3.6571736335754395
10.363537788391113 27.06839370727539 -3.692493438720703
10.66077709197998 27.274456024169922 -3.6910691261291504
0.0 0.0 0.0
11.149544715881348 27.38644027709961 -3.645744800567627
11.45628833770752 27.58865737915039 -3.6404964923858643
11.713468551635742 27.6629638671875 -3.6180522441864014
0.0 0.0 0.0
0.0 0.0 0.0
0.0 0.0 0.0
0.0 0.0 0.0
0.0 0.0 0.0
13.679390907287598 28.878143310546875 -3.563758373260498
14.089570045471191 29.20902442932129 -3.5647776126861572
0.0 0.0 0.0
0.0 0.0 0.0
0.0 0.0 0.0
0.0 0.0 0.0
0.0 0.0 0.0
0.0 0.0 0.0
0.0 0.0 0.0
0.0 0.0 0.0
0.0 0.0 0.0
18.068592071533203 31.626079559326172 -3.4003262519836426
0.0 0.0 0.0
0.0 0.0 0.0
0.0 0.0 0.0
0.0 0.0 0.0
0.0 0.0 0.0
0.0 0.0 0.0
0.0 0.0 0.0
0.0 0.0 0.0
0.0 0.0 0.0
0.0 0.0 0.0
23.804683685302734 35.11142349243164 -3.0711653232574463
0.0 0.0 0.0
0.0 0.0 0.0
0.0 0.0 0.0
0.0 0.0 0.0
0.0 0.0 0.0
0.0 0.0 0.0
0.0 0.0 0.0
0.0 0.0 0.0
0.0 0.0 0.0
0.0 0.0 0.0
0.0 0.0 0.0
0.0 0.0 0.0
0.0 0.0 0.0
0.0 0.0 0.0
0.0 0.0 0.0
0.0 0.0 0.0
0.0 0.0 0.0
0.0 0.0 0.0
0.0 0.0 0.0
0.0 0.0 0.0
0.0 0.0 0.0
0.0 0.0 0.0
0.0 0.0 0.0
0.0 0.0 0.0
0.0 0.0 0.0
0.0 0.0 0.0
0.0 0.0 0.0
0.0 0.0 0.0
0.0 0.0 0.0
0.0 0.0 0.0
0.0 0.0 0.0
0.0 0.0 0.0
0.0 0.0 0.0
0.0 0.0 0.0
0.0 0.0 0.0
0.0 0.0 0.0
0.0 0.0 0.0
0.0 0.0 0.0
0.0 0.0 0.0
0.0 0.0 0.0
0.0 0.0 0.0
0.0 0.0 0.0
0.0 0.0 0.0
0.0 0.0 0.0
0.0 0.0 0.0
0.0 0.0 0.0
0.0 0.0 0.0
0.0 0.0 0.0
0.0 0.0 0.0
0.0 0.0 0.0
0.0 0.0 0.0
0.0 0.0 0.0
0.0 0.0 0.0
0.0 0.0 0.0
0.0 0.0 0.0
0.0 0.0 0.0
0.0 0.0 0.0
0.0 0.0 0.0
0.0 0.0 0.0
0.0 0.0 0.0
0.0 0.0 0.0
0.0 0.0 0.0
0.0 0.0 0.0
0.0 0.0 0.0
0.0 0.0 0.0
0.0 0.0 0.0
0.0 0.0 0.0
0.0 0.0 0.0
0.0 0.0 0.0
0.0 0.0 0.0
0.0 0.0 0.0
0.0 0.0 0.0
0.0 0.0 0.0
0.0 0.0 0.0
0.0 0.0 0.0
0.0 0.0 0.0
0.0 0.0 0.0
0.0 0.0 0.0
0.0 0.0 0.0
0.0 0.0 0.0
0.0 0.0 0.0
0.0 0.0 0.0
0.0 0.0 0.0
0.0 0.0 0.0
0.0 0.0 0.0
0.0 0.0 0.0
0.0 0.0 0.0
0.0 0.0 0.0
0.0 0.0 0.0
0.0 0.0 0.0
0.0 0.0 0.0
0.0 0.0 0.0
0.0 0.0 0.0
0.0 0.0 0.0
0.0 0.0 0.0
0.0 0.0 0.0
0.0 0.0 0.0
0.0 0.0 0.0
0.0 0.0 0.0
0.0 0.0 0.0
0.0 0.0 0.0
0.0 0.0 0.0
0.0 0.0 0.0
0.0 0.0 0.0
0.0 0.0 0.0
0.0 0.0 0.0
0.0 0.0 0.0
0.0 0.0 0.0
0.0 0.0 0.0
0.0 0.0 0.0
0.0 0.0 0.0
0.0 0.0 0.0
0.0 0.0 0.0
0.0 0.0 0.0
0.0 0.0 0.0
0.0 0.0 0.0
0.0 0.0 0.0
0.0 0.0 0.0
0.0 0.0 0.0
0.0 0.0 0.0
0.0 0.0 0.0
0.0 0.0 0.0
0.0 0.0 0.0
0.0 0.0 0.0
0.0 0.0 0.0
0.0 0.0 0.0
0.0 0.0 0.0
0.0 0.0 0.0
0.0 0.0 0.0
0.0 0.0 0.0
0.0 0.0 0.0
0.0 0.0 0.0
0.0 0.0 0.0
0.0 0.0 0.0
0.0 0.0 0.0
0.0 0.0 0.0
0.0 0.0 0.0
0.0 0.0 0.0
0.0 0.0 0.0
0.0 0.0 0.0
0.0 0.0 0.0
0.0 0.0 0.0
0.0 0.0 0.0
0.0 0.0 0.0
0.0 0.0 0.0
0.0 0.0 0.0
0.0 0.0 0.0
0.0 0.0 0.0
0.0 0.0 0.0
0.0 0.0 0.0
0.0 0.0 0.0
0.0 0.0 0.0
0.0 0.0 0.0
0.0 0.0 0.0
0.0 0.0 0.0
0.0 0.0 0.0
0.0 0.0 0.0
0.0 0.0 0.0
0.0 0.0 0.0
0.0 0.0 0.0
0.0 0.0 0.0
0.0 0.0 0.0
0.0 0.0 0.0
0.0 0.0 0.0
0.0 0.0 0.0
0.0 0.0 0.0
0.0 0.0 0.0
0.0 0.0 0.0
0.0 0.0 0.0
0.0 0.0 0.0
0.0 0.0 0.0
0.0 0.0 0.0
0.0 0.0 0.0
0.0 0.0 0.0
0.0 0.0 0.0
0.0 0.0 0.0
0.0 0.0 0.0
0.0 0.0 0.0
0.0 0.0 0.0
0.0 0.0 0.0
0.0 0.0 0.0
0.0 0.0 0.0
0.0 0.0 0.0
0.0 0.0 0.0
0.0 0.0 0.0
0.0 0.0 0.0
0.0 0.0 0.0
0.0 0.0 0.0
0.0 0.0 0.0
0.0 0.0 0.0
0.0 0.0 0.0
0.0 0.0 0.0
0.0 0.0 0.0
0.0 0.0 0.0
0.0 0.0 0.0
0.0 0.0 0.0
0.0 0.0 0.0
0.0 0.0 0.0
0.0 0.0 0.0
0.0 0.0 0.0
-16.92034912109375 28.775962829589844 -2.762990951538086
0.0 0.0 0.0
0.0 0.0 0.0
0.0 0.0 0.0
0.0 0.0 0.0
0.0 0.0 0.0
-14.802728652954102 27.777151107788086 -2.9510293006896973
0.0 0.0 0.0
0.0 0.0 0.0
0.0 0.0 0.0
-13.579215049743652 27.29543685913086 -3.0678799152374268
0.0 0.0 0.0
0.0 0.0 0.0
0.0 0.0 0.0
0.0 0.0 0.0
0.0 0.0 0.0
0.0 0.0 0.0
0.0 0.0 0.0
0.0 0.0 0.0
0.0 0.0 0.0
0.0 0.0 0.0
0.0 0.0 0.0
0.0 0.0 0.0
0.0 0.0 0.0
0.0 0.0 0.0
0.0 0.0 0.0
0.0 0.0 0.0
0.0 0.0 0.0
0.0 0.0 0.0
0.0 0.0 0.0
0.0 0.0 0.0
0.0 0.0 0.0
-7.836111068725586 24.635412216186523 -3.429352045059204
-7.651796340942383 24.648406982421875 -3.455264091491699
0.0 0.0 0.0
0.0 0.0 0.0
0.0 0.0 0.0
-6.845346450805664 24.446046829223633 -3.5175106525421143
-6.665937900543213 24.459436416625977 -3.5413620471954346
0.0 0.0 0.0
-6.208594799041748 24.112707138061523 -3.531928300857544
0.0 0.0 0.0
-5.8192548751831055 23.979541778564453 -3.5506646633148193
-5.683985710144043 24.155261993408203 -3.5961170196533203
0.0 0.0 0.0
-5.264540672302246 23.871448516845703 -3.588294506072998
-5.101073741912842 23.91945457458496 -3.6122641563415527
-4.906785011291504 23.818727493286133 -3.6138648986816406
-4.734392166137695 23.818838119506836 -3.6305954456329346
-4.523728370666504 23.632694244384766 -3.6165449619293213
0.0 0.0 0.0
-4.229752063751221 23.893199920654297 -3.6853151321411133
-4.013107776641846 23.626110076904297 -3.6586267948150635
0.0 0.0 0.0
-3.657693862915039 23.530210494995117 -3.66868257522583
-3.4782533645629883 23.449647903442383 -3.667893886566162
0.0 0.0 0.0
-3.1289288997650146 23.326583862304688 -3.6725332736968994
-2.9832465648651123 23.479843139648438 -3.706282138824463
-2.7924814224243164 23.272048950195312 -3.6828691959381104
-2.658193826675415 23.56151580810547 -3.738518714904785
-2.4814369678497314 23.45854949951172 -3.7319791316986084
-2.314842700958252 23.44273567199707 -3.7385475635528564
-2.148284435272217 23.422266006469727 -3.7421295642852783
0.0 0.0 0.0
-1.8177013397216797 23.431825637817383 -3.7580056190490723
-1.6557896137237549 23.461700439453125 -3.7701821327209473
-1.4942797422409058 23.5023193359375 -3.7822139263153076
-1.3266658782958984 23.43803596496582 -3.7763149738311768
-1.1602107286453247 23.38027572631836 -3.7716293334960938
-0.994757890701294 23.386938095092773 -3.777585506439209
-0.8341754078865051 23.450149536132812 -3.792788505554199
-0.6675203442573547 23.335458755493164 -3.7761521339416504
-0.5075278282165527 23.443204879760742 -3.7956125736236572
-0.34383928775787354 23.411043167114258 -3.7926132678985596
-0.17828477919101715 23.4201717376709 -3.7965245246887207
-0.015304915606975555 23.47842788696289 -3.80747652053833
0.14688262343406677 23.30841827392578 -3.7793030738830566
0.3126721978187561 23.57297134399414 -3.8217737674713135
0.4749429225921631 23.489377975463867 -3.8079819679260254
0.6408849954605103 23.581979751586914 -3.822939157485962
0.8015164136886597 23.392316818237305 -3.790199041366577
0.9718839526176453 23.571727752685547 -3.8163392543792725
1.141252040863037 23.680574417114258 -3.831206798553467
1.3076999187469482 23.703487396240234 -3.832336187362671
1.4706941843032837 23.663646697998047 -3.823505401611328
1.6392370462417603 23.669191360473633 -3.8188092708587646
1.8088576793670654 23.72373390197754 -3.822237253189087
1.9716368913650513 23.684816360473633 -3.8107833862304688
2.156151294708252 23.89063835144043 -3.838850975036621
2.330251932144165 23.957002639770508 -3.8434998989105225
2.4854187965393066 23.80348777770996 -3.8107171058654785
2.6574466228485107 23.84479331970215 -3.8094775676727295
2.8471615314483643 24.026599884033203 -3.8307769298553467
3.004251718521118 23.927478790283203 -3.8074419498443604
3.181425094604492 23.988330841064453 -3.807514190673828
3.352578639984131 23.97500991821289 -3.794806480407715
3.547729969024658 24.144136428833008 -3.811258554458618
3.730708360671997 24.21635627746582 -3.8124771118164062
3.9201371669769287 24.32157325744629 -3.818760395050049
4.099961757659912 24.357192993164062 -3.8114137649536133
4.272461891174316 24.345853805541992 -3.796863555908203
4.435441493988037 24.264419555664062 -3.7713708877563477
4.639249324798584 24.41761016845703 -3.7826828956604004
4.849803447723389 24.592121124267578 -3.795876979827881
5.032914161682129 24.617530822753906 -3.784564256668091
5.244614601135254 24.77385902404785 -3.7934107780456543
5.430506706237793 24.784393310546875 -3.779700756072998
5.657149314880371 24.986398696899414 -3.7954812049865723
5.816320419311523 24.88584327697754 -3.7628488540649414
6.013591766357422 24.9457950592041 -3.7543723583221436
0.0 0.0 0.0
0.0 0.0 0.0
6.687930107116699 25.39248275756836 -3.7674245834350586
6.871545314788818 25.37139892578125 -3.744051933288574
7.0767645835876465 25.42727279663086 -3.7321431636810303
7.346015453338623 25.70090675354004 -3.7520251274108887
7.560398578643799 25.75963592529297 -3.7400405406951904
7.72927713394165 25.673337936401367 -3.7051711082458496
0.0 0.0 0.0
8.220705032348633 25.987945556640625 -3.7049219608306885
8.460040092468262 26.110740661621094 -3.699641704559326
8.687773704528809 26.191286087036133 -3.687279462814331
8.971510887145996 26.41937828063965 -3.6936633586883545
9.215180397033691 26.528717041015625 -3.683605194091797
9.424304962158203 26.533811569213867 -3.6590576171875
9.782017707824707 26.94515037536621 -3.6900386810302734
10.012167930603027 26.993650436401367 -3.6686859130859375
10.293635368347168 27.162227630615234 -3.662956476211548
10.547897338867188 27.260780334472656 -3.6480627059936523
10.828437805175781 27.4183349609375 -3.640805959701538
11.034590721130371 27.383054733276367 -3.606072425842285
11.340296745300293 27.586305618286133 -3.601869821548462
11.63789176940918 27.749502182006836 -3.591477632522583
0.0 0.0 0.0
0.0 0.0 0.0
12.592020034790039 28.351232528686523 -3.570256471633911
0.0 0.0 0.0
0.0 0.0 0.0
13.701868057250977 29.184261322021484 -3.567798614501953
0.0 0.0 0.0
0.0 0.0 0.0
0.0 0.0 0.0
0.0 0.0 0.0
0.0 0.0 0.0
0.0 0.0 0.0
0.0 0.0 0.0
0.0 0.0 0.0
0.0 0.0 0.0
0.0 0.0 0.0
0.0 0.0 0.0
0.0 0.0 0.0
0.0 0.0 0.0
0.0 0.0 0.0
0.0 0.0 0.0
0.0 0.0 0.0
0.0 0.0 0.0
0.0 0.0 0.0
0.0 0.0 0.0
0.0 0.0 0.0
0.0 0.0 0.0
0.0 0.0 0.0
0.0 0.0 0.0
0.0 0.0 0.0
0.0 0.0 0.0
0.0 0.0 0.0
0.0 0.0 0.0
0.0 0.0 0.0
0.0 0.0 0.0
0.0 0.0 0.0
0.0 0.0 0.0
0.0 0.0 0.0
0.0 0.0 0.0
0.0 0.0 0.0
0.0 0.0 0.0
0.0 0.0 0.0
0.0 0.0 0.0
0.0 0.0 0.0
0.0 0.0 0.0
0.0 0.0 0.0
0.0 0.0 0.0
0.0 0.0 0.0
0.0 0.0 0.0
0.0 0.0 0.0
0.0 0.0 0.0
0.0 0.0 0.0
0.0 0.0 0.0
0.0 0.0 0.0
0.0 0.0 0.0
0.0 0.0 0.0
0.0 0.0 0.0
0.0 0.0 0.0
0.0 0.0 0.0
0.0 0.0 0.0
0.0 0.0 0.0
0.0 0.0 0.0
0.0 0.0 0.0
0.0 0.0 0.0
0.0 0.0 0.0
0.0 0.0 0.0
0.0 0.0 0.0
0.0 0.0 0.0
0.0 0.0 0.0
0.0 0.0 0.0
0.0 0.0 0.0
0.0 0.0 0.0
0.0 0.0 0.0
0.0 0.0 0.0
0.0 0.0 0.0
0.0 0.0 0.0
0.0 0.0 0.0
0.0 0.0 0.0
0.0 0.0 0.0
0.0 0.0 0.0
0.0 0.0 0.0
0.0 0.0 0.0
0.0 0.0 0.0
0.0 0.0 0.0
0.0 0.0 0.0
0.0 0.0 0.0
0.0 0.0 0.0
0.0 0.0 0.0
0.0 0.0 0.0
0.0 0.0 0.0
0.0 0.0 0.0
0.0 0.0 0.0
0.0 0.0 0.0
0.0 0.0 0.0
0.0 0.0 0.0
0.0 0.0 0.0
0.0 0.0 0.0
0.0 0.0 0.0
0.0 0.0 0.0
0.0 0.0 0.0
0.0 0.0 0.0
0.0 0.0 0.0
0.0 0.0 0.0
0.0 0.0 0.0
0.0 0.0 0.0
0.0 0.0 0.0
0.0 0.0 0.0
0.0 0.0 0.0
0.0 0.0 0.0
0.0 0.0 0.0
0.0 0.0 0.0
0.0 0.0 0.0
0.0 0.0 0.0
0.0 0.0 0.0
0.0 0.0 0.0
0.0 0.0 0.0
0.0 0.0 0.0
0.0 0.0 0.0
0.0 0.0 0.0
0.0 0.0 0.0
0.0 0.0 0.0
0.0 0.0 0.0
0.0 0.0 0.0
0.0 0.0 0.0
0.0 0.0 0.0
0.0 0.0 0.0
0.0 0.0 0.0
0.0 0.0 0.0
0.0 0.0 0.0
0.0 0.0 0.0
0.0 0.0 0.0
0.0 0.0 0.0
0.0 0.0 0.0
0.0 0.0 0.0
0.0 0.0 0.0
0.0 0.0 0.0
0.0 0.0 0.0
0.0 0.0 0.0
0.0 0.0 0.0
0.0 0.0 0.0
0.0 0.0 0.0
0.0 0.0 0.0
0.0 0.0 0.0
0.0 0.0 0.0
0.0 0.0 0.0
0.0 0.0 0.0
0.0 0.0 0.0
0.0 0.0 0.0
0.0 0.0 0.0
0.0 0.0 0.0
0.0 0.0 0.0
0.0 0.0 0.0
0.0 0.0 0.0
0.0 0.0 0.0
0.0 0.0 0.0
0.0 0.0 0.0
0.0 0.0 0.0
0.0 0.0 0.0
0.0 0.0 0.0
0.0 0.0 0.0
0.0 0.0 0.0
0.0 0.0 0.0
0.0 0.0 0.0
0.0 0.0 0.0
0.0 0.0 0.0
0.0 0.0 0.0
0.0 0.0 0.0
0.0 0.0 0.0
0.0 0.0 0.0
0.0 0.0 0.0
0.0 0.0 0.0
0.0 0.0 0.0
0.0 0.0 0.0
0.0 0.0 0.0
0.0 0.0 0.0
0.0 0.0 0.0
0.0 0.0 0.0
0.0 0.0 0.0
0.0 0.0 0.0
0.0 0.0 0.0
0.0 0.0 0.0
0.0 0.0 0.0
0.0 0.0 0.0
0.0 0.0 0.0
0.0 0.0 0.0
0.0 0.0 0.0
0.0 0.0 0.0
0.0 0.0 0.0
0.0 0.0 0.0
0.0 0.0 0.0
0.0 0.0 0.0
0.0 0.0 0.0
0.0 0.0 0.0
0.0 0.0 0.0
0.0 0.0 0.0
0.0 0.0 0.0
0.0 0.0 0.0
0.0 0.0 0.0
0.0 0.0 0.0
0.0 0.0 0.0
0.0 0.0 0.0
0.0 0.0 0.0
0.0 0.0 0.0
0.0 0.0 0.0
0.0 0.0 0.0
0.0 0.0 0.0
0.0 0.0 0.0
0.0 0.0 0.0
0.0 0.0 0.0
0.0 0.0 0.0
0.0 0.0 0.0
0.0 0.0 0.0
0.0 0.0 0.0
0.0 0.0 0.0
0.0 0.0 0.0
0.0 0.0 0.0
0.0 0.0 0.0
0.0 0.0 0.0
0.0 0.0 0.0
0.0 0.0 0.0
0.0 0.0 0.0
0.0 0.0 0.0
0.0 0.0 0.0
0.0 0.0 0.0
0.0 0.0 0.0
0.0 0.0 0.0
0.0 0.0 0.0
0.0 0.0 0.0
0.0 0.0 0.0
0.0 0.0 0.0
0.0 0.0 0.0
0.0 0.0 0.0
0.0 0.0 0.0
0.0 0.0 0.0
0.0 0.0 0.0
0.0 0.0 0.0
0.0 0.0 0.0
0.0 0.0 0.0
-13.340474128723145 27.055225372314453 -3.021777629852295
0.0 0.0 0.0
-12.842077255249023 26.98781394958496 -3.0909008979797363
0.0 0.0 0.0
0.0 0.0 0.0
0.0 0.0 0.0
0.0 0.0 0.0
0.0 0.0 0.0
-11.104578018188477 26.099613189697266 -3.1936769485473633
0.0 0.0 0.0
0.0 0.0 0.0
0.0 0.0 0.0
0.0 0.0 0.0
0.0 0.0 0.0
0.0 0.0 0.0
0.0 0.0 0.0
0.0 0.0 0.0
0.0 0.0 0.0
0.0 0.0 0.0
0.0 0.0 0.0
-8.258578300476074 25.05744743347168 -3.400494337081909
-8.028109550476074 24.940793991088867 -3.4090521335601807
0.0 0.0 0.0
-7.605703353881836 24.809219360351562 -3.439091444015503
-7.365116119384766 24.635343551635742 -3.436772584915161
0.0 0.0 0.0
0.0 0.0 0.0
0.0 0.0 0.0
-6.58017110824585 24.48830795288086 -3.5020031929016113
-6.3246169090271 24.208154678344727 -3.481229066848755
-6.14944314956665 24.225669860839844 -3.5031578540802
-5.9980854988098145 24.35150718688965 -3.5413296222686768
-5.786187171936035 24.21631622314453 -3.5403218269348145
-5.583624362945557 24.109756469726562 -3.541572093963623
-5.408214569091797 24.11475372314453 -3.559260845184326
-5.217428684234619 24.04668617248535 -3.566246271133423
-5.052735328674316 24.110097885131836 -3.5931506156921387
-4.8297271728515625 23.872894287109375 -3.572765350341797
-4.674047470092773 23.96006202697754 -3.60040020942688
-4.493319034576416 23.917041778564453 -3.6086201667785645
-4.298798561096191 23.79286003112793 -3.6046488285064697
-4.142300605773926 23.892269134521484 -3.634303331375122
-3.959639549255371 23.822885513305664 -3.635843276977539
-3.7860352993011475 23.801715850830078 -3.6448473930358887
-3.6194918155670166 23.821256637573242 -3.6602230072021484
-3.431633234024048 23.69442367553711 -3.653219699859619
-3.283618450164795 23.841842651367188 -3.6868369579315186
-3.0809147357940674 23.606006622314453 -3.660170793533325
-2.938201427459717 23.80116081237793 -3.7002978324890137
-2.7538983821868896 23.661861419677734 -3.688626289367676
-2.5966250896453857 23.747543334960938 -3.7121572494506836
-2.41497802734375 23.6060848236084 -3.6974055767059326
-2.2429656982421875 23.571109771728516 -3.699404716491699
-2.0925917625427246 23.738391876220703 -3.7332239151000977
-1.9173331260681152 23.627771377563477 -3.723536968231201
-1.7467451095581055 23.55836296081543 -3.719517469406128
-1.5856047868728638 23.611276626586914 -3.732670307159424
-1.411015272140503 23.501487731933594 -3.7203609943389893
-1.2541953325271606 23.636859893798828 -3.7469522953033447
-1.0893428325653076 23.63627815246582 -3.752200126647949
-0.9262330532073975 23.681127548217773 -3.7628188133239746
-0.7588202953338623 23.605499267578125 -3.753261089324951
-0.5914620757102966 23.602031707763672 -3.755397081375122
-0.42854443192481995 23.678333282470703 -3.7703702449798584
-0.2645935118198395 23.753503799438477 -3.7853639125823975
-0.09885643422603607 23.619726181030273 -3.7640445232391357
0.06557740271091461 23.68927001953125 -3.775160312652588
0.23049189150333405 23.688232421875 -3.775210380554199
0.3983607292175293 23.701427459716797 -3.7777204513549805
0.5629570484161377 23.690505981445312 -3.775649309158325
0.7263851761817932 23.64024543762207 -3.765132188796997
0.9003298282623291 23.88569450378418 -3.8018746376037598
1.0698074102401733 23.952579498291016 -3.8103482723236084
1.2274504899978638 23.71761703491211 -3.7709693908691406
1.4047694206237793 23.917272567749023 -3.798959255218506
1.5651699304580688 23.819385528564453 -3.7785956859588623
1.7384588718414307 23.912817001342773 -3.788757562637329
1.9051538705825806 23.904987335205078 -3.7830379009246826
2.0748839378356934 23.899616241455078 -3.7778191566467285
2.2529568672180176 24.012861251831055 -3.788562297821045
2.4259095191955566 24.055688858032227 -3.788116216659546
0.0 0.0 0.0
2.77347993850708 24.133766174316406 -3.7864837646484375
2.9325790405273438 24.01940155029297 -3.7608802318573
3.1181352138519287 24.142013549804688 -3.770393133163452
3.312836170196533 24.316768646240234 -3.7880985736846924
3.46704363822937 24.18804931640625 -3.7586662769317627
3.668246269226074 24.382917404174805 -3.7796695232391357
3.8476314544677734 24.42008399963379 -3.7743773460388184
4.035821914672852 24.486127853393555 -3.772284507751465
4.2241291999816895 24.562623977661133 -3.7721006870269775
4.426438331604004 24.709959030151367 -3.7828590869903564
4.595108509063721 24.661975860595703 -3.7637948989868164
4.793395519256592 24.768753051757812 -3.765727996826172
4.991262435913086 24.84686851501465 -3.7630832195281982
5.169161319732666 24.8370304107666 -3.747488021850586
5.387237548828125 25.01099395751953 -3.75966215133667
5.587517738342285 25.092851638793945 -3.7567670345306396
5.778889179229736 25.12816047668457 -3.745211362838745
5.996563911437988 25.255361557006836 -3.7470688819885254
6.208491325378418 25.36270523071289 -3.7462642192840576
6.3701958656311035 25.26209831237793 -3.7148680686950684
6.599063873291016 25.422758102416992 -3.719637393951416
6.83065938949585 25.58148956298828 -3.7236015796661377
7.019897937774658 25.562084197998047 -3.7013027667999268
7.261847972869873 25.73941993713379 -3.707813262939453
7.470601558685303 25.792251586914062 -3.695451498031616
7.729310035705566 26.00680160522461 -3.704380750656128
7.893191337585449 25.89689826965332 -3.667104959487915
0.0 0.0 0.0
8.408199310302734 26.259336471557617 -3.674499988555908
8.68816089630127 26.498682022094727 -3.68390154838562
8.876311302185059 26.448898315429688 -3.6526641845703125
9.168594360351562 26.70183753967285 -3.6631217002868652
9.394036293029785 26.751047134399414 -3.645451545715332
9.652461051940918 26.877769470214844 -3.636716842651367
9.935698509216309 27.072431564331055 -3.636113166809082
10.122583389282227 26.999603271484375 -3.5995402336120605
10.442197799682617 27.272932052612305 -3.6089344024658203
10.717597007751465 27.420621871948242 -3.6010329723358154
11.000635147094727 27.568330764770508 -3.5902271270751953
11.37929916381836 27.951852798461914 -3.610116958618164
11.58236312866211 27.894439697265625 -3.572723150253296
0.0 0.0 0.0
12.206365585327148 28.281108856201172 -3.5592172145843506
12.429105758666992 28.24456787109375 -3.5210723876953125
0.0 0.0 0.0
0.0 0.0 0.0
0.0 0.0 0.0
0.0 0.0 0.0
0.0 0.0 0.0
14.568004608154297 29.667800903320312 -3.4811670780181885
14.740764617919922 29.5013484954834 -3.4230382442474365
0.0 0.0 0.0
0.0 0.0 0.0
0.0 0.0 0.0
0.0 0.0 0.0
0.0 0.0 0.0
0.0 0.0 0.0
0.0 0.0 0.0
0.0 0.0 0.0
0.0 0.0 0.0
0.0 0.0 0.0
0.0 0.0 0.0
0.0 0.0 0.0
0.0 0.0 0.0
0.0 0.0 0.0
0.0 0.0 0.0
0.0 0.0 0.0
0.0 0.0 0.0
0.0 0.0 0.0
0.0 0.0 0.0
0.0 0.0 0.0
0.0 0.0 0.0
0.0 0.0 0.0
0.0 0.0 0.0
0.0 0.0 0.0
0.0 0.0 0.0
0.0 0.0 0.0
0.0 0.0 0.0
0.0 0.0 0.0
0.0 0.0 0.0
0.0 0.0 0.0
0.0 0.0 0.0
0.0 0.0 0.0
0.0 0.0 0.0
0.0 0.0 0.0
0.0 0.0 0.0
0.0 0.0 0.0
0.0 0.0 0.0
0.0 0.0 0.0
0.0 0.0 0.0
0.0 0.0 0.0
0.0 0.0 0.0
0.0 0.0 0.0
0.0 0.0 0.0
0.0 0.0 0.0
0.0 0.0 0.0
0.0 0.0 0.0
0.0 0.0 0.0
0.0 0.0 0.0
0.0 0.0 0.0
0.0 0.0 0.0
0.0 0.0 0.0
0.0 0.0 0.0
0.0 0.0 0.0
0.0 0.0 0.0
0.0 0.0 0.0
0.0 0.0 0.0
0.0 0.0 0.0
0.0 0.0 0.0
0.0 0.0 0.0
0.0 0.0 0.0
0.0 0.0 0.0
0.0 0.0 0.0
0.0 0.0 0.0
0.0 0.0 0.0
0.0 0.0 0.0
0.0 0.0 0.0
0.0 0.0 0.0
0.0 0.0 0.0
0.0 0.0 0.0
0.0 0.0 0.0
0.0 0.0 0.0
0.0 0.0 0.0
0.0 0.0 0.0
0.0 0.0 0.0
0.0 0.0 0.0
0.0 0.0 0.0
0.0 0.0 0.0
0.0 0.0 0.0
0.0 0.0 0.0
0.0 0.0 0.0
0.0 0.0 0.0
0.0 0.0 0.0
0.0 0.0 0.0
0.0 0.0 0.0
0.0 0.0 0.0
0.0 0.0 0.0
0.0 0.0 0.0
0.0 0.0 0.0
0.0 0.0 0.0
0.0 0.0 0.0
0.0 0.0 0.0
0.0 0.0 0.0
0.0 0.0 0.0
0.0 0.0 0.0
0.0 0.0 0.0
0.0 0.0 0.0
0.0 0.0 0.0
0.0 0.0 0.0
0.0 0.0 0.0
0.0 0.0 0.0
0.0 0.0 0.0
0.0 0.0 0.0
0.0 0.0 0.0
0.0 0.0 0.0
0.0 0.0 0.0
0.0 0.0 0.0
0.0 0.0 0.0
0.0 0.0 0.0
0.0 0.0 0.0
0.0 0.0 0.0
0.0 0.0 0.0
0.0 0.0 0.0
0.0 0.0 0.0
0.0 0.0 0.0
0.0 0.0 0.0
0.0 0.0 0.0
0.0 0.0 0.0
0.0 0.0 0.0
0.0 0.0 0.0
0.0 0.0 0.0
0.0 0.0 0.0
0.0 0.0 0.0
0.0 0.0 0.0
0.0 0.0 0.0
0.0 0.0 0.0
0.0 0.0 0.0
0.0 0.0 0.0
0.0 0.0 0.0
0.0 0.0 0.0
0.0 0.0 0.0
0.0 0.0 0.0
0.0 0.0 0.0
0.0 0.0 0.0
0.0 0.0 0.0
0.0 0.0 0.0
0.0 0.0 0.0
0.0 0.0 0.0
0.0 0.0 0.0
0.0 0.0 0.0
0.0 0.0 0.0
0.0 0.0 0.0
0.0 0.0 0.0
0.0 0.0 0.0
0.0 0.0 0.0
0.0 0.0 0.0
0.0 0.0 0.0
0.0 0.0 0.0
0.0 0.0 0.0
0.0 0.0 0.0
0.0 0.0 0.0
0.0 0.0 0.0
0.0 0.0 0.0
0.0 0.0 0.0
0.0 0.0 0.0
0.0 0.0 0.0
0.0 0.0 0.0
0.0 0.0 0.0
0.0 0.0 0.0
0.0 0.0 0.0
0.0 0.0 0.0
0.0 0.0 0.0
0.0 0.0 0.0
0.0 0.0 0.0
0.0 0.0 0.0
0.0 0.0 0.0
0.0 0.0 0.0
0.0 0.0 0.0
0.0 0.0 0.0
0.0 0.0 0.0
0.0 0.0 0.0
0.0 0.0 0.0
0.0 0.0 0.0
0.0 0.0 0.0
0.0 0.0 0.0
0.0 0.0 0.0
0.0 0.0 0.0
0.0 0.0 0.0
0.0 0.0 0.0
0.0 0.0 0.0
0.0 0.0 0.0
0.0 0.0 0.0
0.0 0.0 0.0
0.0 0.0 0.0
0.0 0.0 0.0
0.0 0.0 0.0
0.0 0.0 0.0
0.0 0.0 0.0
0.0 0.0 0.0
0.0 0.0 0.0
0.0 0.0 0.0
0.0 0.0 0.0
0.0 0.0 0.0
0.0 0.0 0.0
0.0 0.0 0.0
0.0 0.0 0.0
0.0 0.0 0.0
0.0 0.0 0.0
0.0 0.0 0.0
0.0 0.0 0.0
0.0 0.0 0.0
0.0 0.0 0.0
0.0 0.0 0.0
0.0 0.0 0.0
0.0 0.0 0.0
0.0 0.0 0.0
0.0 0.0 0.0
0.0 0.0 0.0
0.0 0.0 0.0
0.0 0.0 0.0
0.0 0.0 0.0
0.0 0.0 0.0
0.0 0.0 0.0
0.0 0.0 0.0
0.0 0.0 0.0
0.0 0.0 0.0
0.0 0.0 0.0
0.0 0.0 0.0
0.0 0.0 0.0
0.0 0.0 0.0
0.0 0.0 0.0
0.0 0.0 0.0
0.0 0.0 0.0
0.0 0.0 0.0
0.0 0.0 0.0
0.0 0.0 0.0
0.0 0.0 0.0
0.0 0.0 0.0
0.0 0.0 0.0
0.0 0.0 0.0
0.0 0.0 0.0
0.0 0.0 0.0
-13.158291816711426 27.40033721923828 -3.0710012912750244
0.0 0.0 0.0
0.0 0.0 0.0
0.0 0.0 0.0
0.0 0.0 0.0
0.0 0.0 0.0
0.0 0.0 0.0
0.0 0.0 0.0
0.0 0.0 0.0
0.0 0.0 0.0
0.0 0.0 0.0
0.0 0.0 0.0
0.0 0.0 0.0
0.0 0.0 0.0
0.0 0.0 0.0
0.0 0.0 0.0
0.0 0.0 0.0
0.0 0.0 0.0
0.0 0.0 0.0
0.0 0.0 0.0
0.0 0.0 0.0
0.0 0.0 0.0
0.0 0.0 0.0
0.0 0.0 0.0
0.0 0.0 0.0
0.0 0.0 0.0
-6.718851566314697 24.653121948242188 -3.4575798511505127
0.0 0.0 0.0
-6.311405181884766 24.5095272064209 -3.4773712158203125
-6.134118556976318 24.52692413330078 -3.499772071838379
-5.928552627563477 24.4268741607666 -3.5027103424072266
-5.732853889465332 24.359018325805664 -3.510244369506836
-5.5670857429504395 24.4298152923584 -3.5381996631622314
-5.354576110839844 24.2760066986084 -3.5333709716796875
-5.158953666687012 24.18872833251953 -3.5368857383728027
-4.9986042976379395 24.26292610168457 -3.5626296997070312
-4.809019088745117 24.191909790039062 -3.5671699047088623
0.0 0.0 0.0
0.0 0.0 0.0
-4.247429370880127 23.99018096923828 -3.5806596279144287
-4.094770431518555 24.104385375976562 -3.6104073524475098
-3.8693549633026123 23.77900505065918 -3.5743486881256104
-3.7318921089172363 24.005695343017578 -3.6215977668762207
-3.5448176860809326 23.898868560791016 -3.617741107940674
-3.366804599761963 23.840633392333984 -3.619011402130127
-3.185666561126709 23.750459671020508 -3.615527629852295
-3.0237674713134766 23.800724029541016 -3.6335761547088623
-2.8559939861297607 23.8038387298584 -3.6445975303649902
-2.6869778633117676 23.82170867919922 -3.6563501358032227
-2.514202117919922 23.772966384887695 -3.656653642654419
-2.3608238697052 23.911256790161133 -3.685922861099243
-2.1927525997161865 23.910146713256836 -3.693927764892578
-2.015882730484009 23.800127029418945 -3.685227870941162
-1.8429057598114014 23.758764266967773 -3.6844420433044434
-1.671242594718933 23.681331634521484 -3.677907705307007
-1.5171575546264648 23.86077117919922 -3.7114665508270264
-1.3505983352661133 23.858055114746094 -3.7169015407562256
-1.1858038902282715 23.892860412597656 -3.7275431156158447
-1.0115927457809448 23.784326553344727 -3.7136590480804443
-0.8457247614860535 23.782440185546875 -3.7165396213531494
-0.6868811249732971 24.022438049316406 -3.757431983947754
-0.5175890326499939 23.921812057495117 -3.745241641998291
-0.3500440716743469 23.858875274658203 -3.737290620803833
-0.18120679259300232 23.845157623291016 -3.735888957977295
-0.015398258343338966 23.965316772460938 -3.7556371688842773
0.15078110992908478 23.910661697387695 -3.748171806335449
0.31803324818611145 23.978334426879883 -3.760066032409668
0.4819134771823883 23.833080291748047 -3.7357821464538574
0.649880588054657 23.918243408203125 -3.7474136352539062
0.8186292052268982 23.897979736328125 -3.74267578125
0.987848699092865 23.965330123901367 -3.751865863800049
1.1633960008621216 24.14337158203125 -3.7779242992401123
1.3325932025909424 24.15867042541504 -3.7760825157165527
1.4970327615737915 24.09188461303711 -3.76159930229187
1.6675530672073364 24.0815486907959 -3.756054401397705
1.8283015489578247 23.981691360473633 -3.7368123531341553
2.0098636150360107 24.146438598632812 -3.7573020458221436
2.1945388317108154 24.3177547454834 -3.7773194313049316
2.358525037765503 24.249448776245117 -3.760263442993164
2.52943754196167 24.225826263427734 -3.7502260208129883
2.725595235824585 24.45453643798828 -3.7794766426086426
2.8807342052459717 24.31018829345703 -3.748642921447754
3.059124708175659 24.3641414642334 -3.748094320297241
3.2231733798980713 24.30194091796875 -3.7298471927642822
3.425832748413086 24.498340606689453 -3.751260280609131
3.6077170372009277 24.552200317382812 -3.750483989715576
3.7838852405548096 24.563133239746094 -3.7407145500183105
3.9796342849731445 24.690998077392578 -3.748835563659668
4.16901159286499 24.767812728881836 -3.7492706775665283
4.336743354797363 24.713830947875977 -3.730067014694214
4.5472941398620605 24.878887176513672 -3.7422168254852295
4.749072074890137 24.997329711914062 -3.7461931705474854
4.917575359344482 24.935956954956055 -3.7233388423919678
5.118542671203613 25.03631019592285 -3.7247750759124756
5.27891206741333 24.934600830078125 -3.696280002593994
5.540027618408203 25.284879684448242 -3.732027530670166
5.703708171844482 25.192134857177734 -3.7024118900299072
5.962094783782959 25.508811950683594 -3.732980251312256
6.136547088623047 25.45464515686035 -3.7092301845550537
0.0 0.0 0.0
6.580824375152588 25.709829330444336 -3.7107815742492676
6.794730186462402 25.7977294921875 -3.7050323486328125
6.985900402069092 25.794260025024414 -3.6862189769744873
7.25101900100708 26.05408477783203 -3.7049670219421387
7.431994915008545 26.00285530090332 -3.677386522293091
7.601741313934326 25.901212692260742 -3.6420836448669434
7.878982067108154 26.170011520385742 -3.6591875553131104
8.116741180419922 26.295711517333984 -3.656092882156372
0.0 0.0 0.0
0.0 0.0 0.0
8.783841133117676 26.485055923461914 -3.6139776706695557
9.128021240234375 26.884714126586914 -3.6444597244262695
9.384461402893066 27.022171020507812 -3.6394410133361816
9.628120422363281 27.113698959350586 -3.625816822052002
9.902093887329102 27.2794132232666 -3.6216206550598145
10.112588882446289 27.264606475830078 -3.593395709991455
10.451730728149414 27.57691764831543 -3.607585906982422
10.618207931518555 27.43903350830078 -3.562040090560913
10.941353797912598 27.70065689086914 -3.56735897064209
0.0 0.0 0.0
11.58430290222168 28.174842834472656 -3.570171594619751
0.0 0.0 0.0
0.0 0.0 0.0
0.0 0.0 0.0
12.738241195678711 28.68124771118164 -3.507309913635254
0.0 0.0 0.0
0.0 0.0 0.0
13.688380241394043 29.15565299987793 -3.4614832401275635
0.0 0.0 0.0
0.0 0.0 0.0
0.0 0.0 0.0
0.0 0.0 0.0
0.0 0.0 0.0
0.0 0.0 0.0
0.0 0.0 0.0
0.0 0.0 0.0
0.0 0.0 0.0
0.0 0.0 0.0
0.0 0.0 0.0
0.0 0.0 0.0
0.0 0.0 0.0
0.0 0.0 0.0
0.0 0.0 0.0
0.0 0.0 0.0
0.0 0.0 0.0
0.0 0.0 0.0
0.0 0.0 0.0
0.0 0.0 0.0
0.0 0.0 0.0
0.0 0.0 0.0
0.0 0.0 0.0
0.0 0.0 0.0
0.0 0.0 0.0
0.0 0.0 0.0
0.0 0.0 0.0
0.0 0.0 0.0
0.0 0.0 0.0
0.0 0.0 0.0
0.0 0.0 0.0
0.0 0.0 0.0
0.0 0.0 0.0
0.0 0.0 0.0
0.0 0.0 0.0
0.0 0.0 0.0
0.0 0.0 0.0
0.0 0.0 0.0
0.0 0.0 0.0
0.0 0.0 0.0
0.0 0.0 0.0
0.0 0.0 0.0
0.0 0.0 0.0
0.0 0.0 0.0
0.0 0.0 0.0
0.0 0.0 0.0
0.0 0.0 0.0
0.0 0.0 0.0
0.0 0.0 0.0
0.0 0.0 0.0
0.0 0.0 0.0
0.0 0.0 0.0
0.0 0.0 0.0
0.0 0.0 0.0
0.0 0.0 0.0
0.0 0.0 0.0
0.0 0.0 0.0
0.0 0.0 0.0
0.0 0.0 0.0
0.0 0.0 0.0
0.0 0.0 0.0
0.0 0.0 0.0
0.0 0.0 0.0
0.0 0.0 0.0
0.0 0.0 0.0
0.0 0.0 0.0
0.0 0.0 0.0
0.0 0.0 0.0
0.0 0.0 0.0
0.0 0.0 0.0
0.0 0.0 0.0
0.0 0.0 0.0
0.0 0.0 0.0
0.0 0.0 0.0
0.0 0.0 0.0
0.0 0.0 0.0
0.0 0.0 0.0
0.0 0.0 0.0
0.0 0.0 0.0
0.0 0.0 0.0
0.0 0.0 0.0
0.0 0.0 0.0
0.0 0.0 0.0
0.0 0.0 0.0
0.0 0.0 0.0
0.0 0.0 0.0
0.0 0.0 0.0
0.0 0.0 0.0
0.0 0.0 0.0
0.0 0.0 0.0
0.0 0.0 0.0
0.0 0.0 0.0
0.0 0.0 0.0
0.0 0.0 0.0
0.0 0.0 0.0
0.0 0.0 0.0
0.0 0.0 0.0
0.0 0.0 0.0
0.0 0.0 0.0
0.0 0.0 0.0
0.0 0.0 0.0
0.0 0.0 0.0
0.0 0.0 0.0
0.0 0.0 0.0
0.0 0.0 0.0
0.0 0.0 0.0
0.0 0.0 0.0
0.0 0.0 0.0
0.0 0.0 0.0
0.0 0.0 0.0
0.0 0.0 0.0
0.0 0.0 0.0
0.0 0.0 0.0
0.0 0.0 0.0
0.0 0.0 0.0
0.0 0.0 0.0
0.0 0.0 0.0
0.0 0.0 0.0
0.0 0.0 0.0
0.0 0.0 0.0
0.0 0.0 0.0
0.0 0.0 0.0
0.0 0.0 0.0
0.0 0.0 0.0
0.0 0.0 0.0
0.0 0.0 0.0
0.0 0.0 0.0
0.0 0.0 0.0
0.0 0.0 0.0
0.0 0.0 0.0
0.0 0.0 0.0
0.0 0.0 0.0
0.0 0.0 0.0
0.0 0.0 0.0
0.0 0.0 0.0
0.0 0.0 0.0
0.0 0.0 0.0
0.0 0.0 0.0
0.0 0.0 0.0
0.0 0.0 0.0
0.0 0.0 0.0
0.0 0.0 0.0
0.0 0.0 0.0
0.0 0.0 0.0
-13.750138282775879 70.90908813476562 11.456175804138184
0.0 0.0 0.0
0.0 0.0 0.0
0.0 0.0 0.0
0.0 0.0 0.0
0.0 0.0 0.0
0.0 0.0 0.0
0.0 0.0 0.0
0.0 0.0 0.0
0.0 0.0 0.0
0.0 0.0 0.0
0.0 0.0 0.0
0.0 0.0 0.0
0.0 0.0 0.0
0.0 0.0 0.0
0.0 0.0 0.0
0.0 0.0 0.0
0.0 0.0 0.0
0.0 0.0 0.0
0.0 0.0 0.0
0.0 0.0 0.0
0.0 0.0 0.0
0.0 0.0 0.0
0.0 0.0 0.0
0.0 0.0 0.0
0.0 0.0 0.0
0.0 0.0 0.0
0.0 0.0 0.0
0.0 0.0 0.0
0.0 0.0 0.0
0.0 0.0 0.0
0.0 0.0 0.0
0.0 0.0 0.0
0.0 0.0 0.0
0.0 0.0 0.0
0.0 0.0 0.0
0.0 0.0 0.0
0.0 0.0 0.0
0.0 0.0 0.0
0.0 0.0 0.0
0.0 0.0 0.0
0.0 0.0 0.0
0.0 0.0 0.0
0.0 0.0 0.0
0.0 0.0 0.0
0.0 0.0 0.0
0.0 0.0 0.0
0.0 0.0 0.0
0.0 0.0 0.0
0.0 0.0 0.0
0.0 0.0 0.0
0.0 0.0 0.0
0.0 0.0 0.0
0.0 0.0 0.0
0.0 0.0 0.0
0.0 0.0 0.0
0.0 0.0 0.0
0.0 0.0 0.0
0.0 0.0 0.0
0.0 0.0 0.0
0.0 0.0 0.0
0.0 0.0 0.0
0.0 0.0 0.0
0.0 0.0 0.0
0.0 0.0 0.0
0.0 0.0 0.0
0.0 0.0 0.0
0.0 0.0 0.0
0.0 0.0 0.0
0.0 0.0 0.0
0.0 0.0 0.0
0.0 0.0 0.0
0.0 0.0 0.0
0.0 0.0 0.0
0.0 0.0 0.0
0.0 0.0 0.0
0.0 0.0 0.0
0.0 0.0 0.0
0.0 0.0 0.0
0.0 0.0 0.0
-16.389995574951172 29.02339744567871 -2.8036892414093018
0.0 0.0 0.0
0.0 0.0 0.0
0.0 0.0 0.0
0.0 0.0 0.0
0.0 0.0 0.0
0.0 0.0 0.0
0.0 0.0 0.0
0.0 0.0 0.0
0.0 0.0 0.0
-12.89245891571045 27.090126037597656 -3.012190341949463
0.0 0.0 0.0
0.0 0.0 0.0
0.0 0.0 0.0
0.0 0.0 0.0
0.0 0.0 0.0
0.0 0.0 0.0
0.0 0.0 0.0
0.0 0.0 0.0
0.0 0.0 0.0
0.0 0.0 0.0
0.0 0.0 0.0
0.0 0.0 0.0
0.0 0.0 0.0
0.0 0.0 0.0
-9.082751274108887 25.72846221923828 -3.307668924331665
0.0 0.0 0.0
0.0 0.0 0.0
0.0 0.0 0.0
-8.070181846618652 25.07567596435547 -3.3206284046173096
0.0 0.0 0.0
0.0 0.0 0.0
0.0 0.0 0.0
-7.300337314605713 25.05300521850586 -3.4066379070281982
0.0 0.0 0.0
0.0 0.0 0.0
0.0 0.0 0.0
0.0 0.0 0.0
0.0 0.0 0.0
-6.067732810974121 24.633638381958008 -3.465047836303711
-5.847019195556641 24.46890640258789 -3.459369659423828
0.0 0.0 0.0
-5.480901718139648 24.43606948852539 -3.4896156787872314
-5.306817054748535 24.45575714111328 -3.5075490474700928
-5.113105773925781 24.395261764526367 -3.514349937438965
-4.960270881652832 24.514671325683594 -3.5469725131988525
-4.7786149978637695 24.492660522460938 -3.5593271255493164
-4.538876533508301 24.157934188842773 -3.524563789367676
-4.3742356300354 24.209383010864258 -3.5448813438415527
-4.188511848449707 24.15728187561035 -3.5503900051116943
-4.010282039642334 24.12624168395996 -3.5588839054107666
-3.838348627090454 24.128215789794922 -3.5723631381988525
-3.6773383617401123 24.201995849609375 -3.5939533710479736
-3.4873745441436768 24.079633712768555 -3.5863630771636963
-3.319331169128418 24.10129165649414 -3.600332736968994
-3.16090726852417 24.21787452697754 -3.6288821697235107
-2.975170135498047 24.103174209594727 -3.6218788623809814
-2.8068671226501465 24.11782455444336 -3.6322147846221924
-2.636207103729248 24.112110137939453 -3.639660358428955
-2.4620285034179688 24.06674575805664 -3.6412582397460938
-2.278151750564575 23.943496704101562 -3.631340503692627
-2.1205081939697266 24.06129264831543 -3.6561176776885986
-1.9452934265136719 23.97802734375 -3.649348735809326
-1.7885583639144897 24.12844467163086 -3.678340435028076
-1.6088085174560547 23.961856842041016 -3.659165382385254
-1.4417643547058105 24.017690658569336 -3.6742212772369385
-1.2789143323898315 24.10733413696289 -3.6917150020599365
-1.1036659479141235 23.95290184020996 -3.671767473220825
-0.9386257529258728 24.001697540283203 -3.683133363723755
-0.7723903059959412 24.03778076171875 -3.6927428245544434
-0.6027084589004517 24.057435989379883 -3.6993157863616943
-0.43583786487579346 24.08782958984375 -3.7050130367279053
-0.267713725566864 24.039852142333984 -3.69883394241333
-0.10068155080080032 24.08722686767578 -3.7075042724609375
0.06676090508699417 24.048498153686523 -3.703101634979248
0.23366455733776093 24.008848190307617 -3.6971466541290283
0.4060904383659363 24.16510772705078 -3.7199454307556152
0.5743643045425415 24.169658660888672 -3.719583749771118
0.7440253496170044 24.21548080444336 -3.725752353668213
0.9155149459838867 24.29098129272461 -3.7366623878479004
1.082115888595581 24.234514236450195 -3.7248783111572266
1.2571070194244385 24.292530059814453 -3.7301459312438965
1.425675868988037 24.27621078491211 -3.724236011505127
1.5930655002593994 24.24330711364746 -3.71596622467041
1.77739417552948 24.448078155517578 -3.7439846992492676
1.9544264078140259 24.524852752685547 -3.749746322631836
2.124812602996826 24.473129272460938 -3.735921859741211
2.2910022735595703 24.41665267944336 -3.7216830253601074
0.0 0.0 0.0
2.6314661502838135 24.39263153076172 -3.7060790061950684
2.832494020462036 24.647817611694336 -3.736624002456665
2.986412286758423 24.46009635925293 -3.7000300884246826
3.1922407150268555 24.71620750427246 -3.730863571166992
3.371530294418335 24.748626708984375 -3.7280073165893555
3.547121047973633 24.749462127685547 -3.7183499336242676
3.741285562515259 24.871444702148438 -3.726181983947754
3.918074607849121 24.869775772094727 -3.7155990600585938
4.115856647491455 24.97312355041504 -3.7206342220306396
4.28380012512207 24.911699295043945 -3.7012417316436768
4.491445541381836 25.07398796081543 -3.712441921234131
4.69164514541626 25.181407928466797 -3.715529680252075
4.875193119049072 25.192367553710938 -3.7044758796691895
5.072843074798584 25.254491806030273 -3.7008392810821533
5.250291347503662 25.22880744934082 -3.6834301948547363
5.467060565948486 25.383493423461914 -3.6908085346221924
5.6685872077941895 25.45711898803711 -3.6864013671875
5.889610767364502 25.608339309692383 -3.693234443664551
6.079482555389404 25.602720260620117 -3.677241563796997
6.2781782150268555 25.645641326904297 -3.66623592376709
6.540608882904053 25.934635162353516 -3.689857244491577
6.756809711456299 26.02648162841797 -3.6852917671203613
6.925673961639404 25.933340072631836 -3.6546549797058105
7.170295238494873 26.10719871520996 -3.66066837310791
0.0 0.0 0.0
7.568470001220703 26.1269474029541 -3.6237637996673584
7.843864917755127 26.38881492614746 -3.6402065753936768
0.0 0.0 0.0
8.313736915588379 26.59746551513672 -3.6268935203552246
8.504215240478516 26.557485580444336 -3.599245309829712
8.685078620910645 26.486595153808594 -3.5675594806671143
9.089552879333496 27.0831356048584 -3.625441074371338
9.288679122924805 27.05244255065918 -3.5981428623199463
9.580698013305664 27.283666610717773 -3.6038684844970703
9.801371574401855 27.29203987121582 -3.5795347690582275
10.076508522033691 27.456382751464844 -3.5760247707366943
10.312422752380371 27.505599975585938 -3.557352304458618
10.58509349822998 27.647470474243164 -3.5484097003936768
0.0 0.0 0.0
11.101971626281738 27.821306228637695 -3.5151312351226807
11.493021011352539 28.228900909423828 -3.5387139320373535
11.72449016571045 28.235097885131836 -3.509998083114624
0.0 0.0 0.0
12.479469299316406 28.911693572998047 -3.531919002532959
0.0 0.0 0.0
0.0 0.0 0.0
0.0 0.0 0.0
0.0 0.0 0.0
14.005536079406738 29.564083099365234 -3.443864345550537
14.371415138244629 29.7907657623291 -3.4343814849853516
0.0 0.0 0.0
15.041526794433594 30.104764938354492 -3.3960683345794678
0.0 0.0 0.0
0.0 0.0 0.0
0.0 0.0 0.0
0.0 0.0 0.0
0.0 0.0 0.0
0.0 0.0 0.0
0.0 0.0 0.0
0.0 0.0 0.0
0.0 0.0 0.0
0.0 0.0 0.0
0.0 0.0 0.0
0.0 0.0 0.0
0.0 0.0 0.0
0.0 0.0 0.0
0.0 0.0 0.0
0.0 0.0 0.0
0.0 0.0 0.0
0.0 0.0 0.0
0.0 0.0 0.0
0.0 0.0 0.0
0.0 0.0 0.0
0.0 0.0 0.0
0.0 0.0 0.0
0.0 0.0 0.0
0.0 0.0 0.0
0.0 0.0 0.0
0.0 0.0 0.0
0.0 0.0 0.0
0.0 0.0 0.0
0.0 0.0 0.0
0.0 0.0 0.0
0.0 0.0 0.0
0.0 0.0 0.0
0.0 0.0 0.0
0.0 0.0 0.0
0.0 0.0 0.0
0.0 0.0 0.0
0.0 0.0 0.0
0.0 0.0 0.0
0.0 0.0 0.0
0.0 0.0 0.0
0.0 0.0 0.0
0.0 0.0 0.0
0.0 0.0 0.0
0.0 0.0 0.0
0.0 0.0 0.0
0.0 0.0 0.0
0.0 0.0 0.0
7.738929271697998 15.566667556762695 2.07637882232666
0.0 0.0 0.0
0.0 0.0 0.0
0.0 0.0 0.0
0.0 0.0 0.0
0.0 0.0 0.0
0.0 0.0 0.0
0.0 0.0 0.0
0.0 0.0 0.0
0.0 0.0 0.0
0.0 0.0 0.0
0.0 0.0 0.0
0.0 0.0 0.0
0.0 0.0 0.0
0.0 0.0 0.0
0.0 0.0 0.0
0.0 0.0 0.0
0.0 0.0 0.0
0.0 0.0 0.0
0.0 0.0 0.0
0.0 0.0 0.0
0.0 0.0 0.0
0.0 0.0 0.0
0.0 0.0 0.0
0.0 0.0 0.0
0.0 0.0 0.0
0.0 0.0 0.0
0.0 0.0 0.0
0.0 0.0 0.0
0.0 0.0 0.0
0.0 0.0 0.0
0.0 0.0 0.0
0.0 0.0 0.0
0.0 0.0 0.0
0.0 0.0 0.0
0.0 0.0 0.0
0.0 0.0 0.0
0.0 0.0 0.0
0.0 0.0 0.0
0.0 0.0 0.0
0.0 0.0 0.0
0.0 0.0 0.0
0.0 0.0 0.0
0.0 0.0 0.0
0.0 0.0 0.0
0.0 0.0 0.0
0.0 0.0 0.0
0.0 0.0 0.0
0.0 0.0 0.0
0.0 0.0 0.0
0.0 0.0 0.0
0.0 0.0 0.0
0.0 0.0 0.0
0.0 0.0 0.0
0.0 0.0 0.0
0.0 0.0 0.0
0.0 0.0 0.0
0.0 0.0 0.0
0.0 0.0 0.0
0.0 0.0 0.0
0.0 0.0 0.0
0.0 0.0 0.0
0.0 0.0 0.0
0.0 0.0 0.0
0.0 0.0 0.0
0.0 0.0 0.0
0.0 0.0 0.0
0.0 0.0 0.0
0.0 0.0 0.0
0.0 0.0 0.0
0.0 0.0 0.0
0.0 0.0 0.0
0.0 0.0 0.0
0.0 0.0 0.0
0.0 0.0 0.0
0.0 0.0 0.0
0.0 0.0 0.0
0.0 0.0 0.0
0.0 0.0 0.0
0.0 0.0 0.0
0.0 0.0 0.0
0.0 0.0 0.0
0.0 0.0 0.0
0.0 0.0 0.0
0.0 0.0 0.0
0.0 0.0 0.0
0.0 0.0 0.0
0.0 0.0 0.0
0.0 0.0 0.0
0.0 0.0 0.0
0.0 0.0 0.0
0.0 0.0 0.0
0.0 0.0 0.0
0.0 0.0 0.0
0.0 0.0 0.0
0.0 0.0 0.0
0.0 0.0 0.0
0.0 0.0 0.0
0.0 0.0 0.0
0.0 0.0 0.0
0.0 0.0 0.0
0.0 0.0 0.0
0.0 0.0 0.0
0.0 0.0 0.0
0.0 0.0 0.0
0.0 0.0 0.0
0.0 0.0 0.0
0.0 0.0 0.0
0.0 0.0 0.0
0.0 0.0 0.0
0.0 0.0 0.0
0.0 0.0 0.0
0.0 0.0 0.0
0.0 0.0 0.0
0.0 0.0 0.0
0.0 0.0 0.0
0.0 0.0 0.0
0.0 0.0 0.0
0.0 0.0 0.0
0.0 0.0 0.0
0.0 0.0 0.0
0.0 0.0 0.0
0.0 0.0 0.0
0.0 0.0 0.0
0.0 0.0 0.0
0.0 0.0 0.0
0.0 0.0 0.0
0.0 0.0 0.0
0.0 0.0 0.0
0.0 0.0 0.0
0.0 0.0 0.0
0.0 0.0 0.0
0.0 0.0 0.0
0.0 0.0 0.0
0.0 0.0 0.0
0.0 0.0 0.0
0.0 0.0 0.0
0.0 0.0 0.0
0.0 0.0 0.0
0.0 0.0 0.0
0.0 0.0 0.0
0.0 0.0 0.0
0.0 0.0 0.0
0.0 0.0 0.0
0.0 0.0 0.0
0.0 0.0 0.0
0.0 0.0 0.0
0.0 0.0 0.0
0.0 0.0 0.0
0.0 0.0 0.0
0.0 0.0 0.0
0.0 0.0 0.0
0.0 0.0 0.0
0.0 0.0 0.0
0.0 0.0 0.0
0.0 0.0 0.0
0.0 0.0 0.0
0.0 0.0 0.0
0.0 0.0 0.0
0.0 0.0 0.0
0.0 0.0 0.0
0.0 0.0 0.0
0.0 0.0 0.0
0.0 0.0 0.0
0.0 0.0 0.0
0.0 0.0 0.0
0.0 0.0 0.0
0.0 0.0 0.0
0.0 0.0 0.0
0.0 0.0 0.0
0.0 0.0 0.0
0.0 0.0 0.0
0.0 0.0 0.0
-16.532533645629883 29.043561935424805 -2.7370896339416504
0.0 0.0 0.0
0.0 0.0 0.0
0.0 0.0 0.0
0.0 0.0 0.0
0.0 0.0 0.0
0.0 0.0 0.0
0.0 0.0 0.0
0.0 0.0 0.0
0.0 0.0 0.0
0.0 0.0 0.0
0.0 0.0 0.0
0.0 0.0 0.0
0.0 0.0 0.0
0.0 0.0 0.0
0.0 0.0 0.0
0.0 0.0 0.0
0.0 0.0 0.0
0.0 0.0 0.0
0.0 0.0 0.0
0.0 0.0 0.0
-10.232065200805664 26.32170295715332 -3.2055835723876953
0.0 0.0 0.0
0.0 0.0 0.0
0.0 0.0 0.0
0.0 0.0 0.0
0.0 0.0 0.0
0.0 0.0 0.0
0.0 0.0 0.0
-8.308197975158691 25.500991821289062 -3.3074824810028076
-8.045823097229004 25.29245376586914 -3.3030412197113037
0.0 0.0 0.0
0.0 0.0 0.0
0.0 0.0 0.0
0.0 0.0 0.0
0.0 0.0 0.0
-6.820554256439209 25.026077270507812 -3.3954803943634033
-6.602234363555908 24.920804977416992 -3.4010581970214844
0.0 0.0 0.0
0.0 0.0 0.0
-6.009237289428711 24.76197624206543 -3.433075428009033
-5.825272560119629 24.754924774169922 -3.4502041339874268
-5.612954139709473 24.63422393798828 -3.4496006965637207
-5.421757221221924 24.58298110961914 -3.4579930305480957
-5.261606693267822 24.670255661010742 -3.485999584197998
-5.089370250701904 24.70345115661621 -3.506585121154785
-4.894952297210693 24.62550163269043 -3.5108182430267334
-4.703270435333252 24.56968879699707 -3.5162596702575684
-4.500889778137207 24.43202018737793 -3.5097920894622803
-4.34832763671875 24.56317138671875 -3.5420939922332764
-4.154199600219727 24.456941604614258 -3.540304183959961
0.0 0.0 0.0
-3.7735278606414795 24.275447845458984 -3.5370917320251465
0.0 0.0 0.0
-3.4375905990600586 24.340560913085938 -3.569018840789795
-3.2838568687438965 24.480545043945312 -3.6010582447052
-3.1018881797790527 24.41289710998535 -3.6000144481658936
-2.9154555797576904 24.29789161682129 -3.591931104660034
-2.74080491065979 24.2970027923584 -3.600996494293213
-2.5699005126953125 24.298397064208984 -3.610393524169922
-2.398959159851074 24.298723220825195 -3.6189541816711426
0.0 0.0 0.0
-2.0553269386291504 24.269481658935547 -3.6274709701538086
-1.8817468881607056 24.25900650024414 -3.632699728012085
-1.7052950859069824 24.166202545166016 -3.625638723373413
-1.5360519886016846 24.161052703857422 -3.6300699710845947
-1.3737692832946777 24.274473190307617 -3.651156425476074
-1.2076849937438965 24.340497970581055 -3.6653170585632324
-1.0305520296096802 24.23181915283203 -3.653411626815796
-0.8634228706359863 24.280048370361328 -3.665254592895508
-0.693479061126709 24.250301361083984 -3.6627564430236816
-0.5205349922180176 24.06111717224121 -3.6358869075775146
-0.35623759031295776 24.264629364013672 -3.66853404045105
-0.1840929538011551 24.22756576538086 -3.6650397777557373
-0.01575034111738205 24.309083938598633 -3.6791889667510986
0.15324687957763672 24.277820587158203 -3.6737804412841797
0.32273077964782715 24.314895629882812 -3.67889142036438
0.4930843412876129 24.37782096862793 -3.6880900859832764
0.6599105596542358 24.269664764404297 -3.671584367752075
0.8410113453865051 24.534893035888672 -3.710449457168579
1.0063567161560059 24.40166473388672 -3.687471389770508
1.1823513507843018 24.52581024169922 -3.7035655975341797
1.3513953685760498 24.490562438964844 -3.695758104324341
1.521683931350708 24.48113250732422 -3.692028284072876
1.6821362972259521 24.285690307617188 -3.6580893993377686
1.8812013864517212 24.671188354492188 -3.7108676433563232
2.0474510192871094 24.59309959411621 -3.694018840789795
2.233687400817871 24.748619079589844 -3.712423324584961
2.403109073638916 24.706626892089844 -3.7013514041900635
2.569385290145874 24.605939865112305 -3.6785809993743896
2.7698562145233154 24.85007095336914 -3.7075657844543457
2.931556463241577 24.735736846923828 -3.6831984519958496
3.1158735752105713 24.812063217163086 -3.6874001026153564
3.29123854637146 24.81053352355957 -3.6792855262756348
3.4903833866119385 24.956995010375977 -3.690915584564209
3.6613574028015137 24.91489601135254 -3.6749415397644043
3.849367380142212 24.98625946044922 -3.6758642196655273
4.059668064117432 25.18595314025879 -3.6957108974456787
4.226576805114746 25.109725952148438 -3.6733760833740234
4.4089274406433105 25.123899459838867 -3.663309335708618
4.623458385467529 25.292150497436523 -3.6755495071411133
4.860387325286865 25.580801010131836 -3.7054455280303955
5.013256549835205 25.419654846191406 -3.670276641845703
5.223015308380127 25.54596710205078 -3.6741669178009033
5.402696132659912 25.519237518310547 -3.65606427192688
5.650967121124268 25.789112091064453 -3.6801977157592773
5.823927879333496 25.721637725830078 -3.6564788818359375
6.048919677734375 25.879236221313477 -3.6638760566711426
6.237443923950195 25.873414993286133 -3.6464545726776123
6.470037460327148 26.042757034301758 -3.6537418365478516
6.678683757781982 26.09313201904297 -3.644040584564209
6.903956413269043 26.213760375976562 -3.6444497108459473
7.099857330322266 26.21696662902832 -3.6264359951019287
0.0 0.0 0.0
7.518982410430908 26.30831527709961 -3.601125717163086
7.860658645629883 26.785518646240234 -3.646977424621582
8.0888090133667 26.87086296081543 -3.6388208866119385
8.248320579528809 26.724884033203125 -3.597468614578247
8.533541679382324 26.98063087463379 -3.6101953983306885
8.752270698547363 27.01622772216797 -3.593317747116089
8.967025756835938 27.035356521606445 -3.5742907524108887
9.224102973937988 27.16587257385254 -3.5676934719085693
9.536524772644043 27.456270217895508 -3.5816550254821777
9.785977363586426 27.553680419921875 -3.5701661109924316
9.993368148803711 27.52872657775879 -3.5428483486175537
10.281517028808594 27.720598220825195 -3.5424509048461914
10.579246520996094 27.91594696044922 -3.5402610301971436
0.0 0.0 0.0
11.067912101745605 28.02286720275879 -3.500354051589966
11.436386108398438 28.37752342224121 -3.517489194869995
0.0 0.0 0.0
0.0 0.0 0.0
12.30809497833252 28.782310485839844 -3.4775424003601074
0.0 0.0 0.0
0.0 0.0 0.0
0.0 0.0 0.0
0.0 0.0 0.0
13.964645385742188 29.737159729003906 -3.428328275680542
0.0 0.0 0.0
0.0 0.0 0.0
0.0 0.0 0.0
0.0 0.0 0.0
0.0 0.0 0.0
0.0 0.0 0.0
16.536428451538086 31.170347213745117 -3.3240253925323486
0.0 0.0 0.0
0.0 0.0 0.0
0.0 0.0 0.0
0.0 0.0 0.0
18.79320526123047 32.622737884521484 -3.253561019897461
0.0 0.0 0.0
0.0 0.0 0.0
0.0 0.0 0.0
0.0 0.0 0.0
0.0 0.0 0.0
0.0 0.0 0.0
0.0 0.0 0.0
0.0 0.0 0.0
0.0 0.0 0.0
0.0 0.0 0.0
0.0 0.0 0.0
0.0 0.0 0.0
0.0 0.0 0.0
0.0 0.0 0.0
0.0 0.0 0.0
0.0 0.0 0.0
0.0 0.0 0.0
0.0 0.0 0.0
0.0 0.0 0.0
0.0 0.0 0.0
0.0 0.0 0.0
0.0 0.0 0.0
0.0 0.0 0.0
0.0 0.0 0.0
0.0 0.0 0.0
0.0 0.0 0.0
0.0 0.0 0.0
0.0 0.0 0.0
0.0 0.0 0.0
0.0 0.0 0.0
0.0 0.0 0.0
0.0 0.0 0.0
0.0 0.0 0.0
0.0 0.0 0.0
0.0 0.0 0.0
0.0 0.0 0.0
0.0 0.0 0.0
0.0 0.0 0.0
0.0 0.0 0.0
0.0 0.0 0.0
0.0 0.0 0.0
0.0 0.0 0.0
0.0 0.0 0.0
0.0 0.0 0.0
0.0 0.0 0.0
0.0 0.0 0.0
0.0 0.0 0.0
0.0 0.0 0.0
0.0 0.0 0.0
0.0 0.0 0.0
0.0 0.0 0.0
0.0 0.0 0.0
0.0 0.0 0.0
0.0 0.0 0.0
0.0 0.0 0.0
0.0 0.0 0.0
0.0 0.0 0.0
0.0 0.0 0.0
0.0 0.0 0.0
0.0 0.0 0.0
0.0 0.0 0.0
0.0 0.0 0.0
0.0 0.0 0.0
0.0 0.0 0.0
0.0 0.0 0.0
0.0 0.0 0.0
0.0 0.0 0.0
0.0 0.0 0.0
0.0 0.0 0.0
0.0 0.0 0.0
0.0 0.0 0.0
0.0 0.0 0.0
0.0 0.0 0.0
0.0 0.0 0.0
0.0 0.0 0.0
0.0 0.0 0.0
0.0 0.0 0.0
0.0 0.0 0.0
0.0 0.0 0.0
0.0 0.0 0.0
0.0 0.0 0.0
0.0 0.0 0.0
0.0 0.0 0.0
0.0 0.0 0.0
0.0 0.0 0.0
0.0 0.0 0.0
0.0 0.0 0.0
0.0 0.0 0.0
0.0 0.0 0.0
0.0 0.0 0.0
0.0 0.0 0.0
0.0 0.0 0.0
0.0 0.0 0.0
0.0 0.0 0.0
0.0 0.0 0.0
0.0 0.0 0.0
0.0 0.0 0.0
0.0 0.0 0.0
0.0 0.0 0.0
0.0 0.0 0.0
0.0 0.0 0.0
0.0 0.0 0.0
0.0 0.0 0.0
0.0 0.0 0.0
0.0 0.0 0.0
0.0 0.0 0.0
0.0 0.0 0.0
0.0 0.0 0.0
0.0 0.0 0.0
0.0 0.0 0.0
0.0 0.0 0.0
0.0 0.0 0.0
0.0 0.0 0.0
0.0 0.0 0.0
0.0 0.0 0.0
0.0 0.0 0.0
0.0 0.0 0.0
0.0 0.0 0.0
0.0 0.0 0.0
0.0 0.0 0.0
0.0 0.0 0.0
0.0 0.0 0.0
0.0 0.0 0.0
0.0 0.0 0.0
0.0 0.0 0.0
0.0 0.0 0.0
0.0 0.0 0.0
0.0 0.0 0.0
0.0 0.0 0.0
0.0 0.0 0.0
0.0 0.0 0.0
0.0 0.0 0.0
0.0 0.0 0.0
0.0 0.0 0.0
0.0 0.0 0.0
0.0 0.0 0.0
0.0 0.0 0.0
0.0 0.0 0.0
0.0 0.0 0.0
0.0 0.0 0.0
0.0 0.0 0.0
0.0 0.0 0.0
0.0 0.0 0.0
0.0 0.0 0.0
0.0 0.0 0.0
0.0 0.0 0.0
0.0 0.0 0.0
0.0 0.0 0.0
0.0 0.0 0.0
0.0 0.0 0.0
0.0 0.0 0.0
0.0 0.0 0.0
0.0 0.0 0.0
0.0 0.0 0.0
0.0 0.0 0.0
0.0 0.0 0.0
0.0 0.0 0.0
0.0 0.0 0.0
0.0 0.0 0.0
0.0 0.0 0.0
0.0 0.0 0.0
0.0 0.0 0.0
0.0 0.0 0.0
0.0 0.0 0.0
0.0 0.0 0.0
0.0 0.0 0.0
0.0 0.0 0.0
0.0 0.0 0.0
0.0 0.0 0.0
0.0 0.0 0.0
0.0 0.0 0.0
0.0 0.0 0.0
0.0 0.0 0.0
0.0 0.0 0.0
0.0 0.0 0.0
0.0 0.0 0.0
0.0 0.0 0.0
0.0 0.0 0.0
0.0 0.0 0.0
0.0 0.0 0.0
0.0 0.0 0.0
0.0 0.0 0.0
0.0 0.0 0.0
0.0 0.0 0.0
0.0 0.0 0.0
0.0 0.0 0.0
0.0 0.0 0.0
0.0 0.0 0.0
0.0 0.0 0.0
0.0 0.0 0.0
0.0 0.0 0.0
0.0 0.0 0.0
0.0 0.0 0.0
0.0 0.0 0.0
0.0 0.0 0.0
0.0 0.0 0.0
0.0 0.0 0.0
0.0 0.0 0.0
0.0 0.0 0.0
0.0 0.0 0.0
0.0 0.0 0.0
0.0 0.0 0.0
0.0 0.0 0.0
0.0 0.0 0.0
0.0 0.0 0.0
0.0 0.0 0.0
0.0 0.0 0.0
0.0 0.0 0.0
0.0 0.0 0.0
0.0 0.0 0.0
0.0 0.0 0.0
0.0 0.0 0.0
0.0 0.0 0.0
0.0 0.0 0.0
0.0 0.0 0.0
0.0 0.0 0.0
0.0 0.0 0.0
0.0 0.0 0.0
0.0 0.0 0.0
0.0 0.0 0.0
0.0 0.0 0.0
0.0 0.0 0.0
0.0 0.0 0.0
0.0 0.0 0.0
0.0 0.0 0.0
0.0 0.0 0.0
-11.971251487731934 27.084808349609375 -3.054075241088867
0.0 0.0 0.0
0.0 0.0 0.0
0.0 0.0 0.0
0.0 0.0 0.0
0.0 0.0 0.0
0.0 0.0 0.0
0.0 0.0 0.0
0.0 0.0 0.0
0.0 0.0 0.0
0.0 0.0 0.0
0.0 0.0 0.0
0.0 0.0 0.0
0.0 0.0 0.0
0.0 0.0 0.0
0.0 0.0 0.0
0.0 0.0 0.0
0.0 0.0 0.0
0.0 0.0 0.0
0.0 0.0 0.0
0.0 0.0 0.0
-6.978895664215088 25.268714904785156 -3.3638298511505127
-6.747711658477783 25.111652374267578 -3.3609681129455566
0.0 0.0 0.0
-6.36789083480835 25.0843563079834 -3.393613338470459
-6.153219699859619 24.979068756103516 -3.3979427814483643
-5.973136901855469 24.995800018310547 -3.4172778129577637
0.0 0.0 0.0
-5.628301620483398 25.093690872192383 -3.4627702236175537
-5.406034469604492 24.913856506347656 -3.4540746212005615
-5.182774066925049 24.72896957397461 -3.4448447227478027
-4.998283386230469 24.705137252807617 -3.455221652984619
-4.8026123046875 24.619178771972656 -3.456758737564087
-4.629300594329834 24.641956329345703 -3.473647356033325
-4.466908931732178 24.72441864013672 -3.4991443157196045
-4.281741619110107 24.699708938598633 -3.509087085723877
-4.1011962890625 24.677196502685547 -3.517183780670166
-3.9065911769866943 24.56169319152832 -3.5121095180511475
-3.7387747764587402 24.609115600585938 -3.5304479598999023
-3.5555200576782227 24.552040100097656 -3.5339395999908447
0.0 0.0 0.0
-3.205007314682007 24.55759048461914 -3.5538201332092285
0.0 0.0 0.0
0.0 0.0 0.0
-2.680612802505493 24.51790428161621 -3.575819253921509
-2.504769802093506 24.48461151123047 -3.577875852584839
-2.3312065601348877 24.500391006469727 -3.587153673171997
-2.1502532958984375 24.39531707763672 -3.578749418258667
-1.9866142272949219 24.485408782958984 -3.5991456508636475
-1.809362530708313 24.404888153076172 -3.5940089225769043
-1.6424980163574219 24.46226692199707 -3.606961727142334
-1.474898338317871 24.56880760192871 -3.627450466156006
-1.3029870986938477 24.5621337890625 -3.631333589553833
-1.1282172203063965 24.48863410949707 -3.6254935264587402
-0.9575832486152649 24.495216369628906 -3.630126476287842
-0.7861942648887634 24.469938278198242 -3.6285669803619385
-0.6105297207832336 24.377866744995117 -3.617309808731079
-0.4425712823867798 24.469932556152344 -3.633509874343872
-0.2727719843387604 24.52606201171875 -3.6445682048797607
-0.10241173207759857 24.59292984008789 -3.655150890350342
0.06851829588413239 24.600757598876953 -3.6564013957977295
0.24016961455345154 24.649898529052734 -3.6639695167541504
0.4127013385295868 24.539398193359375 -3.6479928493499756
0.5855387449264526 24.62476921081543 -3.661243438720703
0.752411961555481 24.48539161682129 -3.6380832195281982
0.930239737033844 24.68080711364746 -3.664834499359131
1.1044434309005737 24.732101440429688 -3.670339822769165
1.280678391456604 24.747283935546875 -3.670623540878296
1.4488312005996704 24.67279052734375 -3.656949043273926
1.6278862953186035 24.774837493896484 -3.6673998832702637
1.793300986289978 24.66745376586914 -3.647023916244507
1.9828850030899048 24.88258171081543 -3.6744892597198486
2.1661550998687744 24.949687957763672 -3.680143356323242
2.3289215564727783 24.819732666015625 -3.6552398204803467
2.5132668018341064 24.91964340209961 -3.662994146347046
2.6995294094085693 25.022037506103516 -3.6712257862091064
2.890428066253662 25.149930953979492 -3.683305263519287
3.0741748809814453 25.176259994506836 -3.6805241107940674
3.2405171394348145 25.086952209472656 -3.6586313247680664
3.4204862117767334 25.103853225708008 -3.6519713401794434
3.6173064708709717 25.234283447265625 -3.661935806274414
3.81532621383667 25.359403610229492 -3.671211004257202
3.9906585216522217 25.32642364501953 -3.657320976257324
4.188971519470215 25.414196014404297 -3.658384084701538
4.358936786651611 25.344621658325195 -3.6371285915374756
4.559305191040039 25.449073791503906 -3.640998125076294
4.753542423248291 25.5101375579834 -3.6387393474578857
4.970760822296143 25.683897018432617 -3.651256799697876
5.158938884735107 25.68096923828125 -3.6369807720184326
5.362334728240967 25.76439666748047 -3.635272741317749
5.547584533691406 25.75544548034668 -3.620630979537964
5.717824935913086 25.677152633666992 -3.596426010131836
5.958354473114014 25.9073486328125 -3.6132447719573975
6.202123165130615 26.119726181030273 -3.626734733581543
6.417487144470215 26.214128494262695 -3.624058485031128
6.620474338531494 26.250438690185547 -3.6133816242218018
6.861761569976807 26.43156623840332 -3.621999979019165
7.061239719390869 26.442447662353516 -3.6052491664886475
7.296157360076904 26.56679344177246 -3.6036787033081055
7.530000686645508 26.689992904663086 -3.6022045612335205
7.805794715881348 26.94891929626465 -3.618898391723633
7.978385925292969 26.8453426361084 -3.5850820541381836
8.135616302490234 26.692434310913086 -3.544158935546875
8.383458137512207 26.822444915771484 -3.5405433177948
8.671530723571777 27.080516815185547 -3.5539934635162354
8.95957088470459 27.325056076049805 -3.5649075508117676
9.219934463500977 27.471420288085938 -3.5609209537506104
9.462626457214355 27.55681800842285 -3.548909902572632
9.670973777770996 27.53771209716797 -3.523455858230591
9.96683406829834 27.749483108520508 -3.5270395278930664
10.212509155273438 27.825441360473633 -3.5116939544677734
10.52165699005127 28.062625885009766 -3.515904664993286
10.810808181762695 28.23535919189453 -3.5117392539978027
0.0 0.0 0.0
11.368091583251953 28.488805770874023 -3.489821195602417
11.66437816619873 28.650177001953125 -3.481156349182129
11.95326042175293 28.78363037109375 -3.468794822692871
0.0 0.0 0.0
12.494224548339844 28.943235397338867 -3.430314779281616
0.0 0.0 0.0
0.0 0.0 0.0
0.0 0.0 0.0
0.0 0.0 0.0
0.0 0.0 0.0
14.560320854187012 30.185583114624023 -3.3781795501708984
14.843396186828613 30.234477996826172 -3.348696708679199
0.0 0.0 0.0
0.0 0.0 0.0
0.0 0.0 0.0
16.467327117919922 31.305601119995117 -3.3134050369262695
16.863492965698242 31.514806747436523 -3.294994831085205
0.0 0.0 0.0
0.0 0.0 0.0
18.13163185119629 32.2470588684082 -3.2414321899414062
0.0 0.0 0.0
0.0 0.0 0.0
0.0 0.0 0.0
0.0 0.0 0.0
0.0 0.0 0.0
0.0 0.0 0.0
0.0 0.0 0.0
0.0 0.0 0.0
0.0 0.0 0.0
0.0 0.0 0.0
0.0 0.0 0.0
0.0 0.0 0.0
0.0 0.0 0.0
0.0 0.0 0.0
0.0 0.0 0.0
0.0 0.0 0.0
0.0 0.0 0.0
0.0 0.0 0.0
0.0 0.0 0.0
0.0 0.0 0.0
0.0 0.0 0.0
0.0 0.0 0.0
0.0 0.0 0.0
0.0 0.0 0.0
0.0 0.0 0.0
0.0 0.0 0.0
0.0 0.0 0.0
0.0 0.0 0.0
0.0 0.0 0.0
0.0 0.0 0.0
0.0 0.0 0.0
0.0 0.0 0.0
0.0 0.0 0.0
0.0 0.0 0.0
0.0 0.0 0.0
0.0 0.0 0.0
0.0 0.0 0.0
0.0 0.0 0.0
0.0 0.0 0.0
0.0 0.0 0.0
0.0 0.0 0.0
0.0 0.0 0.0
0.0 0.0 0.0
0.0 0.0 0.0
0.0 0.0 0.0
0.0 0.0 0.0
0.0 0.0 0.0
0.0 0.0 0.0
0.0 0.0 0.0
0.0 0.0 0.0
0.0 0.0 0.0
0.0 0.0 0.0
0.0 0.0 0.0
0.0 0.0 0.0
0.0 0.0 0.0
0.0 0.0 0.0
0.0 0.0 0.0
0.0 0.0 0.0
0.0 0.0 0.0
0.0 0.0 0.0
0.0 0.0 0.0
0.0 0.0 0.0
0.0 0.0 0.0
0.0 0.0 0.0
0.0 0.0 0.0
0.0 0.0 0.0
0.0 0.0 0.0
0.0 0.0 0.0
0.0 0.0 0.0
0.0 0.0 0.0
0.0 0.0 0.0
0.0 0.0 0.0
0.0 0.0 0.0
0.0 0.0 0.0
0.0 0.0 0.0
0.0 0.0 0.0
0.0 0.0 0.0
0.0 0.0 0.0
0.0 0.0 0.0
0.0 0.0 0.0
0.0 0.0 0.0
0.0 0.0 0.0
0.0 0.0 0.0
0.0 0.0 0.0
0.0 0.0 0.0
0.0 0.0 0.0
0.0 0.0 0.0
0.0 0.0 0.0
0.0 0.0 0.0
0.0 0.0 0.0
0.0 0.0 0.0
0.0 0.0 0.0
0.0 0.0 0.0
0.0 0.0 0.0
0.0 0.0 0.0
0.0 0.0 0.0
0.0 0.0 0.0
0.0 0.0 0.0
0.0 0.0 0.0
0.0 0.0 0.0
0.0 0.0 0.0
0.0 0.0 0.0
0.0 0.0 0.0
0.0 0.0 0.0
0.0 0.0 0.0
0.0 0.0 0.0
0.0 0.0 0.0
0.0 0.0 0.0
0.0 0.0 0.0
0.0 0.0 0.0
0.0 0.0 0.0
0.0 0.0 0.0
0.0 0.0 0.0
0.0 0.0 0.0
0.0 0.0 0.0
0.0 0.0 0.0
0.0 0.0 0.0
0.0 0.0 0.0
0.0 0.0 0.0
0.0 0.0 0.0
0.0 0.0 0.0
0.0 0.0 0.0
0.0 0.0 0.0
0.0 0.0 0.0
0.0 0.0 0.0
0.0 0.0 0.0
0.0 0.0 0.0
0.0 0.0 0.0
0.0 0.0 0.0
0.0 0.0 0.0
0.0 0.0 0.0
0.0 0.0 0.0
0.0 0.0 0.0
0.0 0.0 0.0
0.0 0.0 0.0
0.0 0.0 0.0
0.0 0.0 0.0
0.0 0.0 0.0
0.0 0.0 0.0
0.0 0.0 0.0
0.0 0.0 0.0
0.0 0.0 0.0
0.0 0.0 0.0
0.0 0.0 0.0
0.0 0.0 0.0
0.0 0.0 0.0
0.0 0.0 0.0
0.0 0.0 0.0
0.0 0.0 0.0
0.0 0.0 0.0
0.0 0.0 0.0
0.0 0.0 0.0
0.0 0.0 0.0
0.0 0.0 0.0
0.0 0.0 0.0
0.0 0.0 0.0
0.0 0.0 0.0
0.0 0.0 0.0
0.0 0.0 0.0
0.0 0.0 0.0
0.0 0.0 0.0
0.0 0.0 0.0
0.0 0.0 0.0
0.0 0.0 0.0
0.0 0.0 0.0
0.0 0.0 0.0
0.0 0.0 0.0
0.0 0.0 0.0
0.0 0.0 0.0
0.0 0.0 0.0
0.0 0.0 0.0
0.0 0.0 0.0
0.0 0.0 0.0
0.0 0.0 0.0
0.0 0.0 0.0
0.0 0.0 0.0
0.0 0.0 0.0
0.0 0.0 0.0
0.0 0.0 0.0
0.0 0.0 0.0
0.0 0.0 0.0
0.0 0.0 0.0
0.0 0.0 0.0
0.0 0.0 0.0
0.0 0.0 0.0
0.0 0.0 0.0
0.0 0.0 0.0
0.0 0.0 0.0
0.0 0.0 0.0
0.0 0.0 0.0
0.0 0.0 0.0
0.0 0.0 0.0
0.0 0.0 0.0
0.0 0.0 0.0
0.0 0.0 0.0
0.0 0.0 0.0
0.0 0.0 0.0
0.0 0.0 0.0
0.0 0.0 0.0
0.0 0.0 0.0
0.0 0.0 0.0
0.0 0.0 0.0
0.0 0.0 0.0
0.0 0.0 0.0
0.0 0.0 0.0
0.0 0.0 0.0
0.0 0.0 0.0
0.0 0.0 0.0
-90.83344268798828 145.00808715820312 -11.813078880310059
0.0 0.0 0.0
0.0 0.0 0.0
0.0 0.0 0.0
0.0 0.0 0.0
0.0 0.0 0.0
0.0 0.0 0.0
0.0 0.0 0.0
-16.074499130249023 29.17715835571289 -2.7544138431549072
0.0 0.0 0.0
0.0 0.0 0.0
0.0 0.0 0.0
0.0 0.0 0.0
0.0 0.0 0.0
0.0 0.0 0.0
0.0 0.0 0.0
0.0 0.0 0.0
0.0 0.0 0.0
0.0 0.0 0.0
0.0 0.0 0.0
0.0 0.0 0.0
0.0 0.0 0.0
0.0 0.0 0.0
0.0 0.0 0.0
0.0 0.0 0.0
0.0 0.0 0.0
0.0 0.0 0.0
0.0 0.0 0.0
0.0 0.0 0.0
0.0 0.0 0.0
0.0 0.0 0.0
0.0 0.0 0.0
0.0 0.0 0.0
0.0 0.0 0.0
0.0 0.0 0.0
0.0 0.0 0.0
-8.214231491088867 25.826679229736328 -3.2601282596588135
0.0 0.0 0.0
-7.785090923309326 25.72136878967285 -3.288895845413208
0.0 0.0 0.0
-7.386052131652832 25.686567306518555 -3.326411008834839
0.0 0.0 0.0
0.0 0.0 0.0
0.0 0.0 0.0
0.0 0.0 0.0
-6.331695556640625 25.319787979125977 -3.3721401691436768
-6.125404357910156 25.240041732788086 -3.3777835369110107
-5.916097164154053 25.139820098876953 -3.3806827068328857
-5.758810043334961 25.272674560546875 -3.415348529815674
-5.559828758239746 25.207212448120117 -3.4230737686157227
-5.368165016174316 25.170804977416992 -3.4331536293029785
-5.15328311920166 25.0154972076416 -3.4259679317474365
-4.9468674659729 24.888830184936523 -3.4226746559143066
0.0 0.0 0.0
-4.578471660614014 24.855693817138672 -3.4468324184417725
-4.408973217010498 24.9077091217041 -3.4657905101776123
-4.246278762817383 25.000499725341797 -3.4905686378479004
-4.0445990562438965 24.859237670898438 -3.482787847518921
-3.8703861236572266 24.900381088256836 -3.500886917114258
0.0 0.0 0.0
-3.5103697776794434 24.859952926635742 -3.515932559967041
0.0 0.0 0.0
-3.141183376312256 24.726350784301758 -3.5162198543548584
-2.9698574542999268 24.75351333618164 -3.52990984916687
-2.8058316707611084 24.87613868713379 -3.555866003036499
-2.61677622795105 24.743667602539062 -3.5442373752593994
-2.446798324584961 24.78296661376953 -3.5573465824127197
-2.259448289871216 24.63625717163086 -3.5438859462738037
-2.092860460281372 24.707773208618164 -3.5619561672210693
-1.9079155921936035 24.59372901916504 -3.550806760787964
0.0 0.0 0.0
-1.5619165897369385 24.565828323364258 -3.5569393634796143
-1.3980735540390015 24.702510833740234 -3.582089424133301
-1.224119782447815 24.6721248626709 -3.582770586013794
-1.049708366394043 24.68733787536621 -3.5877444744110107
-0.8702452182769775 24.477153778076172 -3.5600640773773193
-0.7080239653587341 24.77187156677246 -3.6060056686401367
-0.5339255332946777 24.694490432739258 -3.5979771614074707
-0.3638342320919037 24.81705093383789 -3.617997646331787
-0.18709973990917206 24.675880432128906 -3.5978963375091553
-0.015596904791891575 24.79630470275879 -3.6161043643951416
0.15681374073028564 24.795705795288086 -3.6168415546417236
0.330806165933609 24.913721084594727 -3.6350603103637695
0.5007615685462952 24.74095916748047 -3.609013080596924
0.6787251234054565 24.957456588745117 -3.638854503631592
0.8550381660461426 24.944644927978516 -3.6353960037231445
1.027197003364563 24.903661727905273 -3.6280391216278076
1.2094175815582275 25.085445404052734 -3.6533045768737793
1.366923213005066 24.768356323242188 -3.6034317016601562
1.5543535947799683 25.002071380615234 -3.633604049682617
1.735141634941101 25.045198440551758 -3.6361446380615234
1.9035075902938843 24.956174850463867 -3.6197452545166016
2.087653398513794 25.070302963256836 -3.6324563026428223
2.265554666519165 25.094873428344727 -3.629742383956909
2.4349119663238525 25.025819778442383 -3.613666534423828
0.0 0.0 0.0
2.812497615814209 25.229856491088867 -3.6312644481658936
2.9998056888580322 25.310909271240234 -3.6359784603118896
3.1650302410125732 25.202760696411133 -3.6120176315307617
3.3464865684509277 25.227737426757812 -3.6073358058929443
3.5456974506378174 25.350570678710938 -3.616607427597046
0.0 0.0 0.0
3.9244141578674316 25.470458984375 -3.615804672241211
4.136268138885498 25.65838623046875 -3.631927490234375
4.327163219451904 25.70345115661621 -3.6278867721557617
4.503501892089844 25.65944480895996 -3.6114273071289062
4.681830406188965 25.609905242919922 -3.5940637588500977
4.890248775482178 25.738784790039062 -3.5993010997772217
5.158764362335205 26.158315658569336 -3.645024061203003
5.288946628570557 25.87010383605957 -3.592219829559326
5.531606197357178 26.130416870117188 -3.615737199783325
5.72841215133667 26.146085739135742 -3.6040968894958496
5.895351886749268 26.040298461914062 -3.574429512023926
6.16352653503418 26.370759963989258 -3.6046266555786133
6.337460994720459 26.288497924804688 -3.5784127712249756
6.556513786315918 26.389188766479492 -3.5772030353546143
6.806023597717285 26.589012145996094 -3.5871505737304688
6.9937334060668945 26.551420211791992 -3.5647428035736084
7.257211208343506 26.792943954467773 -3.5797910690307617
7.514008522033691 26.994789123535156 -3.5893640518188477
7.679794788360596 26.866701126098633 -3.5546605587005615
7.927363395690918 27.008325576782227 -3.553339958190918
0.0 0.0 0.0
8.378376007080078 27.14259910583496 -3.531677722930908
8.657999992370605 27.371440887451172 -3.541755199432373
8.92650318145752 27.553808212280273 -3.5439250469207764
9.224275588989258 27.810962677001953 -3.5546021461486816
9.38492488861084 27.638225555419922 -3.5099472999572754
9.65086841583252 27.784454345703125 -3.5062925815582275
9.904413223266602 27.888397216796875 -3.4966394901275635
10.209641456604004 28.12504768371582 -3.5015039443969727
10.46603012084961 28.216943740844727 -3.488110303878784
10.81409740447998 28.534086227416992 -3.501840353012085
10.955167770385742 28.30963897705078 -3.4494755268096924
11.3010835647583 28.612159729003906 -3.4594199657440186
11.539190292358398 28.63020133972168 -3.4343652725219727
11.766273498535156 28.61756706237793 -3.405648946762085
12.190943717956543 29.06371307373047 -3.430663824081421
12.529715538024902 29.30013084411621 -3.4294590950012207
0.0 0.0 0.0
0.0 0.0 0.0
0.0 0.0 0.0
13.813255310058594 29.960147857666016 -3.3820860385894775
14.105790138244629 30.043275833129883 -3.3579912185668945
14.487531661987305 30.306026458740234 -3.3535079956054688
0.0 0.0 0.0
0.0 0.0 0.0
0.0 0.0 0.0
16.042261123657227 31.2786922454834 -3.3145265579223633
0.0 0.0 0.0
0.0 0.0 0.0
0.0 0.0 0.0
0.0 0.0 0.0
0.0 0.0 0.0
0.0 0.0 0.0
0.0 0.0 0.0
0.0 0.0 0.0
0.0 0.0 0.0
0.0 0.0 0.0
0.0 0.0 0.0
0.0 0.0 0.0
0.0 0.0 0.0
0.0 0.0 0.0
0.0 0.0 0.0
0.0 0.0 0.0
0.0 0.0 0.0
0.0 0.0 0.0
0.0 0.0 0.0
0.0 0.0 0.0
0.0 0.0 0.0
0.0 0.0 0.0
0.0 0.0 0.0
0.0 0.0 0.0
0.0 0.0 0.0
0.0 0.0 0.0
0.0 0.0 0.0
0.0 0.0 0.0
0.0 0.0 0.0
0.0 0.0 0.0
0.0 0.0 0.0
0.0 0.0 0.0
0.0 0.0 0.0
0.0 0.0 0.0
0.0 0.0 0.0
0.0 0.0 0.0
0.0 0.0 0.0
0.0 0.0 0.0
0.0 0.0 0.0
0.0 0.0 0.0
0.0 0.0 0.0
0.0 0.0 0.0
0.0 0.0 0.0
0.0 0.0 0.0
0.0 0.0 0.0
0.0 0.0 0.0
0.0 0.0 0.0
0.0 0.0 0.0
0.0 0.0 0.0
0.0 0.0 0.0
0.0 0.0 0.0
0.0 0.0 0.0
0.0 0.0 0.0
0.0 0.0 0.0
0.0 0.0 0.0
0.0 0.0 0.0
0.0 0.0 0.0
0.0 0.0 0.0
0.0 0.0 0.0
0.0 0.0 0.0
0.0 0.0 0.0
0.0 0.0 0.0
0.0 0.0 0.0
0.0 0.0 0.0
0.0 0.0 0.0
0.0 0.0 0.0
0.0 0.0 0.0
0.0 0.0 0.0
0.0 0.0 0.0
0.0 0.0 0.0
0.0 0.0 0.0
0.0 0.0 0.0
0.0 0.0 0.0
0.0 0.0 0.0
0.0 0.0 0.0
0.0 0.0 0.0
0.0 0.0 0.0
0.0 0.0 0.0
0.0 0.0 0.0
0.0 0.0 0.0
0.0 0.0 0.0
0.0 0.0 0.0
0.0 0.0 0.0
0.0 0.0 0.0
0.0 0.0 0.0
0.0 0.0 0.0
0.0 0.0 0.0
0.0 0.0 0.0
0.0 0.0 0.0
0.0 0.0 0.0
0.0 0.0 0.0
0.0 0.0 0.0
0.0 0.0 0.0
0.0 0.0 0.0
0.0 0.0 0.0
0.0 0.0 0.0
0.0 0.0 0.0
0.0 0.0 0.0
0.0 0.0 0.0
0.0 0.0 0.0
0.0 0.0 0.0
0.0 0.0 0.0
0.0 0.0 0.0
0.0 0.0 0.0
0.0 0.0 0.0
0.0 0.0 0.0
0.0 0.0 0.0
0.0 0.0 0.0
0.0 0.0 0.0
0.0 0.0 0.0
0.0 0.0 0.0
0.0 0.0 0.0
0.0 0.0 0.0
0.0 0.0 0.0
0.0 0.0 0.0
0.0 0.0 0.0
0.0 0.0 0.0
0.0 0.0 0.0
0.0 0.0 0.0
0.0 0.0 0.0
0.0 0.0 0.0
0.0 0.0 0.0
0.0 0.0 0.0
0.0 0.0 0.0
0.0 0.0 0.0
0.0 0.0 0.0
0.0 0.0 0.0
0.0 0.0 0.0
0.0 0.0 0.0
0.0 0.0 0.0
0.0 0.0 0.0
0.0 0.0 0.0
0.0 0.0 0.0
0.0 0.0 0.0
0.0 0.0 0.0
0.0 0.0 0.0
0.0 0.0 0.0
0.0 0.0 0.0
0.0 0.0 0.0
0.0 0.0 0.0
0.0 0.0 0.0
0.0 0.0 0.0
0.0 0.0 0.0
0.0 0.0 0.0
0.0 0.0 0.0
0.0 0.0 0.0
0.0 0.0 0.0
0.0 0.0 0.0
0.0 0.0 0.0
0.0 0.0 0.0
0.0 0.0 0.0
0.0 0.0 0.0
0.0 0.0 0.0
0.0 0.0 0.0
0.0 0.0 0.0
0.0 0.0 0.0
0.0 0.0 0.0
0.0 0.0 0.0
0.0 0.0 0.0
0.0 0.0 0.0
0.0 0.0 0.0
0.0 0.0 0.0
0.0 0.0 0.0
0.0 0.0 0.0
0.0 0.0 0.0
0.0 0.0 0.0
0.0 0.0 0.0
0.0 0.0 0.0
0.0 0.0 0.0
0.0 0.0 0.0
0.0 0.0 0.0
0.0 0.0 0.0
0.0 0.0 0.0
0.0 0.0 0.0
0.0 0.0 0.0
0.0 0.0 0.0
0.0 0.0 0.0
0.0 0.0 0.0
0.0 0.0 0.0
0.0 0.0 0.0
0.0 0.0 0.0
0.0 0.0 0.0
0.0 0.0 0.0
0.0 0.0 0.0
0.0 0.0 0.0
0.0 0.0 0.0
0.0 0.0 0.0
0.0 0.0 0.0
0.0 0.0 0.0
0.0 0.0 0.0
0.0 0.0 0.0
0.0 0.0 0.0
0.0 0.0 0.0
0.0 0.0 0.0
0.0 0.0 0.0
0.0 0.0 0.0
0.0 0.0 0.0
0.0 0.0 0.0
0.0 0.0 0.0
0.0 0.0 0.0
0.0 0.0 0.0
0.0 0.0 0.0
0.0 0.0 0.0
0.0 0.0 0.0
0.0 0.0 0.0
0.0 0.0 0.0
0.0 0.0 0.0
0.0 0.0 0.0
0.0 0.0 0.0
0.0 0.0 0.0
0.0 0.0 0.0
0.0 0.0 0.0
0.0 0.0 0.0
0.0 0.0 0.0
0.0 0.0 0.0
0.0 0.0 0.0
0.0 0.0 0.0
0.0 0.0 0.0
0.0 0.0 0.0
0.0 0.0 0.0
0.0 0.0 0.0
0.0 0.0 0.0
0.0 0.0 0.0
0.0 0.0 0.0
0.0 0.0 0.0
0.0 0.0 0.0
0.0 0.0 0.0
0.0 0.0 0.0
0.0 0.0 0.0
0.0 0.0 0.0
0.0 0.0 0.0
0.0 0.0 0.0
0.0 0.0 0.0
0.0 0.0 0.0
0.0 0.0 0.0
0.0 0.0 0.0
0.0 0.0 0.0
0.0 0.0 0.0
0.0 0.0 0.0
0.0 0.0 0.0
0.0 0.0 0.0
0.0 0.0 0.0
0.0 0.0 0.0
0.0 0.0 0.0
0.0 0.0 0.0
0.0 0.0 0.0
0.0 0.0 0.0
0.0 0.0 0.0
0.0 0.0 0.0
0.0 0.0 0.0
0.0 0.0 0.0
-7.719775676727295 25.82297706604004 -3.2583091259002686
0.0 0.0 0.0
0.0 0.0 0.0
-7.119232654571533 25.77613639831543 -3.310159683227539
-6.902545928955078 25.68735122680664 -3.3175482749938965
0.0 0.0 0.0
-6.478769302368164 25.523609161376953 -3.3316845893859863
-6.305624961853027 25.59995460510254 -3.3582983016967773
0.0 0.0 0.0
0.0 0.0 0.0
-5.650806903839111 25.19631576538086 -3.353620767593384
-5.512875080108643 25.40668487548828 -3.395794153213501
-5.29109525680542 25.245466232299805 -3.3887197971343994
-5.119685649871826 25.30195426940918 -3.410670042037964
0.0 0.0 0.0
-4.756713390350342 25.316600799560547 -3.440077543258667
-4.565478324890137 25.266956329345703 -3.445437431335449
-4.3890604972839355 25.315589904785156 -3.4645681381225586
0.0 0.0 0.0
-3.9817042350769043 25.03356170654297 -3.4506731033325195
0.0 0.0 0.0
-3.620795965194702 25.002565383911133 -3.4657680988311768
0.0 0.0 0.0
-3.2719523906707764 25.070356369018555 -3.4953393936157227
0.0 0.0 0.0
-2.9084393978118896 24.991235733032227 -3.501171350479126
-2.7433114051818848 25.090200424194336 -3.522700786590576
0.0 0.0 0.0
0.0 0.0 0.0
-2.203911066055298 25.00718116760254 -3.533480167388916
-2.0202372074127197 24.901351928710938 -3.523898124694824
-1.849660038948059 24.95235252380371 -3.5366694927215576
-1.6717339754104614 24.901845932006836 -3.535219669342041
-1.497072696685791 24.942895889282227 -3.5470385551452637
-1.3116041421890259 24.72800636291504 -3.520146608352661
-1.1485539674758911 24.929058074951172 -3.5520858764648438
-0.973950207233429 24.908763885498047 -3.5526833534240723
-0.8039071559906006 25.018661499023438 -3.5720338821411133
-0.6238335967063904 24.90325927734375 -3.55928897857666
-0.4486371576786041 24.802396774291992 -3.5458290576934814
-0.2777576148509979 24.95937728881836 -3.5694050788879395
-0.10410001128911972 24.91796112060547 -3.564784526824951
0.0694548636674881 24.975875854492188 -3.574550151824951
0.24331864714622498 24.982425689697266 -3.5763092041015625
0.4210261106491089 25.03829574584961 -3.5830695629119873
0.596340000629425 25.08136749267578 -3.588188886642456
0.7731053233146667 25.1502628326416 -3.597172260284424
0.9487549066543579 25.167688369750977 -3.5989649295806885
1.1213312149047852 25.10683250427246 -3.5881824493408203
1.3033263683319092 25.18001937866211 -3.595165729522705
1.4751054048538208 25.113079071044922 -3.5823755264282227
1.6586968898773193 25.2379150390625 -3.5971062183380127
1.83315908908844 25.210979461669922 -3.590365171432495
2.016153573989868 25.294973373413086 -3.597271203994751
0.0 0.0 0.0
2.380566120147705 25.370344161987305 -3.5967495441436768
2.5590503215789795 25.373477935791016 -3.5918691158294678
2.7482662200927734 25.475374221801758 -3.601104974746704
0.0 0.0 0.0
3.109659194946289 25.46795082092285 -3.584319829940796
3.2923758029937744 25.489356994628906 -3.579773187637329
3.474184036254883 25.49793243408203 -3.5735669136047363
3.7008469104766846 25.819454193115234 -3.6104576587677
3.852010726928711 25.60359764099121 -3.570128917694092
4.058172225952148 25.753849029541016 -3.5810301303863525
4.2513427734375 25.791275024414062 -3.5761616230010986
4.461954593658447 25.942174911499023 -3.5872726440429688
4.652786731719971 25.969722747802734 -3.579913377761841
4.8514580726623535 26.034046173095703 -3.5766119956970215
5.056613445281982 26.123432159423828 -3.5768120288848877
0.0 0.0 0.0
5.422067642211914 26.046674728393555 -3.5424654483795166
5.652223587036133 26.23797607421875 -3.554476737976074
5.903266906738281 26.5067081451416 -3.5765998363494873
6.039380073547363 26.256132125854492 -3.5287728309631348
6.289112567901611 26.482818603515625 -3.544989824295044
6.533102989196777 26.685688018798828 -3.5574841499328613
6.7050652503967285 26.58603858947754 -3.527719497680664
6.979915618896484 26.88660430908203 -3.5510730743408203
7.1443023681640625 26.75411605834961 -3.517244338989258
7.390438556671143 26.911283493041992 -3.521313190460205
7.659085750579834 27.149471282958984 -3.5343503952026367
7.898579120635986 27.269779205322266 -3.530996084213257
8.157577514648438 27.44759178161621 -3.535003662109375
0.0 0.0 0.0
8.57874584197998 27.447540283203125 -3.496582269668579
8.844168663024902 27.61935806274414 -3.497222423553467
9.039896965026855 27.56769561767578 -3.4695541858673096
9.339009284973145 27.82352638244629 -3.480508804321289
9.680978775024414 28.190370559692383 -3.504976987838745
9.845511436462402 28.03437042236328 -3.462834119796753
10.077812194824219 28.058761596679688 -3.441913604736328
10.41023063659668 28.363073348999023 -3.455552339553833
10.660170555114746 28.431556701660156 -3.4402027130126953
10.951374053955078 28.603300094604492 -3.4366190433502197
0.0 0.0 0.0
11.562145233154297 28.973224639892578 -3.4278323650360107
11.914199829101562 29.262556076049805 -3.435486078262329
0.0 0.0 0.0
0.0 0.0 0.0
0.0 0.0 0.0
0.0 0.0 0.0
0.0 0.0 0.0
13.671088218688965 29.931026458740234 -3.3374979496002197
14.000423431396484 30.096309661865234 -3.3238770961761475
0.0 0.0 0.0
0.0 0.0 0.0
0.0 0.0 0.0
0.0 0.0 0.0
16.015485763549805 31.504920959472656 -3.304065227508545
16.359987258911133 31.634864807128906 -3.281181573867798
0.0 0.0 0.0
0.0 0.0 0.0
0.0 0.0 0.0
0.0 0.0 0.0
0.0 0.0 0.0
0.0 0.0 0.0
0.0 0.0 0.0
0.0 0.0 0.0
20.241029739379883 33.76382827758789 -3.103031873703003
0.0 0.0 0.0
0.0 0.0 0.0
0.0 0.0 0.0
0.0 0.0 0.0
0.0 0.0 0.0
0.0 0.0 0.0
0.0 0.0 0.0
0.0 0.0 0.0
0.0 0.0 0.0
0.0 0.0 0.0
0.0 0.0 0.0
0.0 0.0 0.0
0.0 0.0 0.0
0.0 0.0 0.0
0.0 0.0 0.0
0.0 0.0 0.0
0.0 0.0 0.0
0.0 0.0 0.0
0.0 0.0 0.0
0.0 0.0 0.0
0.0 0.0 0.0
0.0 0.0 0.0
0.0 0.0 0.0
0.0 0.0 0.0
0.0 0.0 0.0
0.0 0.0 0.0
0.0 0.0 0.0
0.0 0.0 0.0
0.0 0.0 0.0
0.0 0.0 0.0
0.0 0.0 0.0
0.0 0.0 0.0
0.0 0.0 0.0
0.0 0.0 0.0
0.0 0.0 0.0
0.0 0.0 0.0
0.0 0.0 0.0
0.0 0.0 0.0
0.0 0.0 0.0
0.0 0.0 0.0
0.0 0.0 0.0
0.0 0.0 0.0
0.0 0.0 0.0
0.0 0.0 0.0
0.0 0.0 0.0
0.0 0.0 0.0
0.0 0.0 0.0
0.0 0.0 0.0
0.0 0.0 0.0
0.0 0.0 0.0
0.0 0.0 0.0
0.0 0.0 0.0
0.0 0.0 0.0
0.0 0.0 0.0
0.0 0.0 0.0
0.0 0.0 0.0
0.0 0.0 0.0
0.0 0.0 0.0
0.0 0.0 0.0
0.0 0.0 0.0
0.0 0.0 0.0
0.0 0.0 0.0
0.0 0.0 0.0
0.0 0.0 0.0
0.0 0.0 0.0
0.0 0.0 0.0
0.0 0.0 0.0
0.0 0.0 0.0
0.0 0.0 0.0
0.0 0.0 0.0
0.0 0.0 0.0
0.0 0.0 0.0
0.0 0.0 0.0
0.0 0.0 0.0
0.0 0.0 0.0
0.0 0.0 0.0
0.0 0.0 0.0
0.0 0.0 0.0
0.0 0.0 0.0
0.0 0.0 0.0
15.4862699508667 95.39884948730469 14.188699722290039
0.0 0.0 0.0
0.0 0.0 0.0
0.0 0.0 0.0
0.0 0.0 0.0
0.0 0.0 0.0
0.0 0.0 0.0
0.0 0.0 0.0
0.0 0.0 0.0
0.0 0.0 0.0
0.0 0.0 0.0
0.0 0.0 0.0
0.0 0.0 0.0
0.0 0.0 0.0
0.0 0.0 0.0
0.0 0.0 0.0
0.0 0.0 0.0
0.0 0.0 0.0
0.0 0.0 0.0
0.0 0.0 0.0
0.0 0.0 0.0
0.0 0.0 0.0
0.0 0.0 0.0
0.0 0.0 0.0
0.0 0.0 0.0
0.0 0.0 0.0
0.0 0.0 0.0
0.0 0.0 0.0
0.0 0.0 0.0
0.0 0.0 0.0
0.0 0.0 0.0
0.0 0.0 0.0
0.0 0.0 0.0
0.0 0.0 0.0
0.0 0.0 0.0
0.0 0.0 0.0
0.0 0.0 0.0
0.0 0.0 0.0
0.0 0.0 0.0
0.0 0.0 0.0
0.0 0.0 0.0
0.0 0.0 0.0
0.0 0.0 0.0
0.0 0.0 0.0
0.0 0.0 0.0
0.0 0.0 0.0
0.0 0.0 0.0
0.0 0.0 0.0
0.0 0.0 0.0
0.0 0.0 0.0
0.0 0.0 0.0
0.0 0.0 0.0
0.0 0.0 0.0
0.0 0.0 0.0
0.0 0.0 0.0
0.0 0.0 0.0
0.0 0.0 0.0
0.0 0.0 0.0
0.0 0.0 0.0
0.0 0.0 0.0
0.0 0.0 0.0
0.0 0.0 0.0
0.0 0.0 0.0
0.0 0.0 0.0
0.0 0.0 0.0
0.0 0.0 0.0
0.0 0.0 0.0
0.0 0.0 0.0
0.0 0.0 0.0
0.0 0.0 0.0
0.0 0.0 0.0
0.0 0.0 0.0
0.0 0.0 0.0
0.0 0.0 0.0
0.0 0.0 0.0
0.0 0.0 0.0
0.0 0.0 0.0
0.0 0.0 0.0
0.0 0.0 0.0
0.0 0.0 0.0
0.0 0.0 0.0
0.0 0.0 0.0
0.0 0.0 0.0
0.0 0.0 0.0
0.0 0.0 0.0
0.0 0.0 0.0
0.0 0.0 0.0
0.0 0.0 0.0
0.0 0.0 0.0
0.0 0.0 0.0
0.0 0.0 0.0
0.0 0.0 0.0
0.0 0.0 0.0
0.0 0.0 0.0
0.0 0.0 0.0
0.0 0.0 0.0
0.0 0.0 0.0
0.0 0.0 0.0
0.0 0.0 0.0
0.0 0.0 0.0
0.0 0.0 0.0
0.0 0.0 0.0
0.0 0.0 0.0
0.0 0.0 0.0
0.0 0.0 0.0
0.0 0.0 0.0
0.0 0.0 0.0
0.0 0.0 0.0
0.0 0.0 0.0
0.0 0.0 0.0
0.0 0.0 0.0
0.0 0.0 0.0
0.0 0.0 0.0
0.0 0.0 0.0
0.0 0.0 0.0
0.0 0.0 0.0
0.0 0.0 0.0
0.0 0.0 0.0
0.0 0.0 0.0
0.0 0.0 0.0
0.0 0.0 0.0
0.0 0.0 0.0
0.0 0.0 0.0
0.0 0.0 0.0
0.0 0.0 0.0
0.0 0.0 0.0
0.0 0.0 0.0
0.0 0.0 0.0
0.0 0.0 0.0
0.0 0.0 0.0
0.0 0.0 0.0
0.0 0.0 0.0
0.0 0.0 0.0
0.0 0.0 0.0
0.0 0.0 0.0
0.0 0.0 0.0
0.0 0.0 0.0
0.0 0.0 0.0
0.0 0.0 0.0
0.0 0.0 0.0
0.0 0.0 0.0
0.0 0.0 0.0
0.0 0.0 0.0
0.0 0.0 0.0
0.0 0.0 0.0
0.0 0.0 0.0
0.0 0.0 0.0
0.0 0.0 0.0
0.0 0.0 0.0
0.0 0.0 0.0
0.0 0.0 0.0
0.0 0.0 0.0
0.0 0.0 0.0
0.0 0.0 0.0
0.0 0.0 0.0
0.0 0.0 0.0
0.0 0.0 0.0
0.0 0.0 0.0
0.0 0.0 0.0
0.0 0.0 0.0
0.0 0.0 0.0
0.0 0.0 0.0
0.0 0.0 0.0
0.0 0.0 0.0
-7.540687561035156 26.225967407226562 -3.2752881050109863
0.0 0.0 0.0
0.0 0.0 0.0
0.0 0.0 0.0
-6.659061431884766 25.86322021484375 -3.302612066268921
-6.421905994415283 25.68058967590332 -3.2960216999053955
0.0 0.0 0.0
-6.030569553375244 25.626277923583984 -3.3227412700653076
-5.842901229858398 25.643291473388672 -3.3396658897399902
-5.616069316864014 25.46525764465332 -3.330949544906616
-5.413223743438721 25.383825302124023 -3.334824562072754
-5.242844104766846 25.4526309967041 -3.358569383621216
0.0 0.0 0.0
0.0 0.0 0.0
-4.69974946975708 25.51616859436035 -3.4058821201324463
-4.494665622711182 25.39356803894043 -3.402092456817627
0.0 0.0 0.0
-4.116011142730713 25.300514221191406 -3.413163185119629
-3.961376428604126 25.487873077392578 -3.4489173889160156
0.0 0.0 0.0
-3.562589645385742 25.230182647705078 -3.434857130050659
-3.3794476985931396 25.198822021484375 -3.441206216812134
-3.188082456588745 25.097412109375 -3.435208559036255
-3.031689405441284 25.271251678466797 -3.4670286178588867
0.0 0.0 0.0
0.0 0.0 0.0
-2.4909770488739014 25.2364444732666 -3.4866676330566406
0.0 0.0 0.0
0.0 0.0 0.0
0.0 0.0 0.0
-1.7664390802383423 25.033203125 -3.482546329498291
-1.6095165014266968 25.31814956665039 -3.5271685123443604
-1.429901123046875 25.270097732543945 -3.5241360664367676
-1.2433834075927734 25.06234359741211 -3.4989559650421143
-1.0757371187210083 25.30559539794922 -3.5369932651519775
-0.8918929100036621 25.091388702392578 -3.5111889839172363
-0.719965934753418 25.19325828552246 -3.527632713317871
-0.5453020334243774 25.224430084228516 -3.533560037612915
-0.36802786588668823 25.103534698486328 -3.5183494091033936
-0.19227470457553864 25.34117317199707 -3.553601026535034
-0.015937644988298416 25.217809677124023 -3.538378953933716
0.16033422946929932 25.348926544189453 -3.556135654449463
0.3366854786872864 25.347318649291992 -3.5552873611450195
0.511691153049469 25.278732299804688 -3.545217990875244
0.6887043118476868 25.317216873168945 -3.550337553024292
0.8667697906494141 25.277099609375 -3.5441031455993652
1.0478626489639282 25.402402877807617 -3.5588011741638184
1.2246161699295044 25.39501953125 -3.555063247680664
1.4079278707504272 25.506153106689453 -3.5680770874023438
1.5844416618347168 25.480817794799805 -3.562162399291992
1.75862455368042 25.380882263183594 -3.544816255569458
1.9474283456802368 25.53098487854004 -3.560842752456665
2.1274874210357666 25.548595428466797 -3.5585250854492188
2.323406457901001 25.734474182128906 -3.5797691345214844
2.5056874752044678 25.753284454345703 -3.5779104232788086
0.0 0.0 0.0
2.8523926734924316 25.587331771850586 -3.5416295528411865
3.0392048358917236 25.641178131103516 -3.542193651199341
3.237783670425415 25.78200912475586 -3.55489182472229
3.433084011077881 25.87909507751465 -3.561650276184082
3.6296029090881348 25.95166778564453 -3.562498092651367
3.783330202102661 25.743637084960938 -3.524797201156616
4.022760391235352 26.10860252380371 -3.565650463104248
4.197000503540039 26.035825729370117 -3.5467848777770996
4.3878326416015625 26.06501007080078 -3.5415849685668945
4.592780113220215 26.169361114501953 -3.544323444366455
4.76663064956665 26.073463439941406 -3.5198724269866943
4.978589057922363 26.201473236083984 -3.525993585586548
5.21953821182251 26.464590072631836 -3.5502753257751465
5.431027412414551 26.56262969970703 -3.551250457763672
5.597664833068848 26.43939208984375 -3.5213775634765625
5.847319602966309 26.68527603149414 -3.5405068397521973
6.031572341918945 26.638731002807617 -3.5211050510406494
6.2657246589660645 26.80594825744629 -3.530031204223633
6.438633441925049 26.707868576049805 -3.502002477645874
6.685517311096191 26.909536361694336 -3.5127551555633545
6.922684669494629 27.04441261291504 -3.5144245624542236
7.153651237487793 27.1594181060791 -3.5137758255004883
7.390423774719238 27.287595748901367 -3.5143935680389404
7.6257452964782715 27.398962020874023 -3.5107908248901367
0.0 0.0 0.0
8.080294609069824 27.529329299926758 -3.4914474487304688
8.24915885925293 27.39727020263672 -3.4570670127868652
0.0 0.0 0.0
0.0 0.0 0.0
9.021373748779297 27.844669342041016 -3.4535064697265625
9.336721420288086 28.148908615112305 -3.4708564281463623
9.506441116333008 27.997249603271484 -3.431337594985962
9.817055702209473 28.263540267944336 -3.4413249492645264
10.091588020324707 28.41351890563965 -3.4368817806243896
10.403352737426758 28.65583610534668 -3.4433319568634033
10.587809562683105 28.542247772216797 -3.406996965408325
0.0 0.0 0.0
11.145127296447754 28.79979705810547 -3.388139247894287
11.434891700744629 28.948955535888672 -3.380714178085327
11.740339279174805 29.127906799316406 -3.3765199184417725
0.0 0.0 0.0
0.0 0.0 0.0
0.0 0.0 0.0
0.0 0.0 0.0
0.0 0.0 0.0
0.0 0.0 0.0
0.0 0.0 0.0
14.307744026184082 30.471311569213867 -3.296272039413452
0.0 0.0 0.0
0.0 0.0 0.0
15.412603378295898 31.12213897705078 -3.2672317028045654
0.0 0.0 0.0
0.0 0.0 0.0
0.0 0.0 0.0
0.0 0.0 0.0
0.0 0.0 0.0
0.0 0.0 0.0
0.0 0.0 0.0
0.0 0.0 0.0
0.0 0.0 0.0
0.0 0.0 0.0
0.0 0.0 0.0
20.809648513793945 34.43265914916992 -3.09826922416687
0.0 0.0 0.0
0.0 0.0 0.0
0.0 0.0 0.0
0.0 0.0 0.0
0.0 0.0 0.0
0.0 0.0 0.0
0.0 0.0 0.0
0.0 0.0 0.0
0.0 0.0 0.0
0.0 0.0 0.0
0.0 0.0 0.0
0.0 0.0 0.0
0.0 0.0 0.0
0.0 0.0 0.0
0.0 0.0 0.0
0.0 0.0 0.0
0.0 0.0 0.0
0.0 0.0 0.0
0.0 0.0 0.0
0.0 0.0 0.0
0.0 0.0 0.0
0.0 0.0 0.0
0.0 0.0 0.0
0.0 0.0 0.0
0.0 0.0 0.0
0.0 0.0 0.0
0.0 0.0 0.0
0.0 0.0 0.0
0.0 0.0 0.0
0.0 0.0 0.0
0.0 0.0 0.0
0.0 0.0 0.0
0.0 0.0 0.0
0.0 0.0 0.0
0.0 0.0 0.0
0.0 0.0 0.0
0.0 0.0 0.0
0.0 0.0 0.0
0.0 0.0 0.0
0.0 0.0 0.0
0.0 0.0 0.0
0.0 0.0 0.0
0.0 0.0 0.0
0.0 0.0 0.0
0.0 0.0 0.0
0.0 0.0 0.0
0.0 0.0 0.0
0.0 0.0 0.0
0.0 0.0 0.0
0.0 0.0 0.0
0.0 0.0 0.0
0.0 0.0 0.0
0.0 0.0 0.0
0.0 0.0 0.0
0.0 0.0 0.0
0.0 0.0 0.0
0.0 0.0 0.0
0.0 0.0 0.0
0.0 0.0 0.0
0.0 0.0 0.0
2.973741292953491 9.958002090454102 1.3846231698989868
0.0 0.0 0.0
0.0 0.0 0.0
0.0 0.0 0.0
0.0 0.0 0.0
0.0 0.0 0.0
0.0 0.0 0.0
0.0 0.0 0.0
0.0 0.0 0.0
0.0 0.0 0.0
0.0 0.0 0.0
0.0 0.0 0.0
0.0 0.0 0.0
0.0 0.0 0.0
0.0 0.0 0.0
0.0 0.0 0.0
0.0 0.0 0.0
0.0 0.0 0.0
0.0 0.0 0.0
0.0 0.0 0.0
0.0 0.0 0.0
0.0 0.0 0.0
0.0 0.0 0.0
0.0 0.0 0.0
0.0 0.0 0.0
0.0 0.0 0.0
0.0 0.0 0.0
0.0 0.0 0.0
0.0 0.0 0.0
0.0 0.0 0.0
0.0 0.0 0.0
0.0 0.0 0.0
0.0 0.0 0.0
0.0 0.0 0.0
0.0 0.0 0.0
0.0 0.0 0.0
0.0 0.0 0.0
0.0 0.0 0.0
0.0 0.0 0.0
0.0 0.0 0.0
0.0 0.0 0.0
0.0 0.0 0.0
0.0 0.0 0.0
0.0 0.0 0.0
0.0 0.0 0.0
0.0 0.0 0.0
0.0 0.0 0.0
0.0 0.0 0.0
0.0 0.0 0.0
0.0 0.0 0.0
0.0 0.0 0.0
0.0 0.0 0.0
0.0 0.0 0.0
0.0 0.0 0.0
0.0 0.0 0.0
0.0 0.0 0.0
0.0 0.0 0.0
0.0 0.0 0.0
0.0 0.0 0.0
0.0 0.0 0.0
0.0 0.0 0.0
0.0 0.0 0.0
0.0 0.0 0.0
0.0 0.0 0.0
0.0 0.0 0.0
0.0 0.0 0.0
0.0 0.0 0.0
0.0 0.0 0.0
0.0 0.0 0.0
0.0 0.0 0.0
0.0 0.0 0.0
0.0 0.0 0.0
0.0 0.0 0.0
0.0 0.0 0.0
0.0 0.0 0.0
0.0 0.0 0.0
0.0 0.0 0.0
0.0 0.0 0.0
0.0 0.0 0.0
0.0 0.0 0.0
0.0 0.0 0.0
0.0 0.0 0.0
0.0 0.0 0.0
0.0 0.0 0.0
0.0 0.0 0.0
0.0 0.0 0.0
0.0 0.0 0.0
0.0 0.0 0.0
0.0 0.0 0.0
0.0 0.0 0.0
0.0 0.0 0.0
0.0 0.0 0.0
0.0 0.0 0.0
0.0 0.0 0.0
0.0 0.0 0.0
0.0 0.0 0.0
0.0 0.0 0.0
0.0 0.0 0.0
0.0 0.0 0.0
0.0 0.0 0.0
0.0 0.0 0.0
0.0 0.0 0.0
0.0 0.0 0.0
0.0 0.0 0.0
0.0 0.0 0.0
0.0 0.0 0.0
0.0 0.0 0.0
0.0 0.0 0.0
0.0 0.0 0.0
0.0 0.0 0.0
0.0 0.0 0.0
0.0 0.0 0.0
0.0 0.0 0.0
0.0 0.0 0.0
0.0 0.0 0.0
0.0 0.0 0.0
0.0 0.0 0.0
0.0 0.0 0.0
0.0 0.0 0.0
0.0 0.0 0.0
0.0 0.0 0.0
0.0 0.0 0.0
0.0 0.0 0.0
0.0 0.0 0.0
0.0 0.0 0.0
0.0 0.0 0.0
0.0 0.0 0.0
0.0 0.0 0.0
0.0 0.0 0.0
0.0 0.0 0.0
0.0 0.0 0.0
0.0 0.0 0.0
0.0 0.0 0.0
0.0 0.0 0.0
0.0 0.0 0.0
0.0 0.0 0.0
0.0 0.0 0.0
0.0 0.0 0.0
0.0 0.0 0.0
0.0 0.0 0.0
0.0 0.0 0.0
-12.844584465026855 20.040390014648438 -1.515390157699585
0.0 0.0 0.0
0.0 0.0 0.0
0.0 0.0 0.0
0.0 0.0 0.0
0.0 0.0 0.0
0.0 0.0 0.0
0.0 0.0 0.0
0.0 0.0 0.0
0.0 0.0 0.0
0.0 0.0 0.0
0.0 0.0 0.0
0.0 0.0 0.0
0.0 0.0 0.0
0.0 0.0 0.0
-14.399516105651855 28.699148178100586 -2.7956907749176025
0.0 0.0 0.0
0.0 0.0 0.0
0.0 0.0 0.0
0.0 0.0 0.0
0.0 0.0 0.0
0.0 0.0 0.0
0.0 0.0 0.0
0.0 0.0 0.0
0.0 0.0 0.0
0.0 0.0 0.0
0.0 0.0 0.0
0.0 0.0 0.0
0.0 0.0 0.0
0.0 0.0 0.0
0.0 0.0 0.0
0.0 0.0 0.0
0.0 0.0 0.0
0.0 0.0 0.0
0.0 0.0 0.0
0.0 0.0 0.0
0.0 0.0 0.0
0.0 0.0 0.0
0.0 0.0 0.0
0.0 0.0 0.0
-7.8580498695373535 26.28606605529785 -3.1966607570648193
-7.61771297454834 26.14356231689453 -3.19838547706604
-7.413711071014404 26.130455017089844 -3.2162365913391113
-7.189348220825195 26.02912712097168 -3.2222344875335693
0.0 0.0 0.0
0.0 0.0 0.0
0.0 0.0 0.0
-6.357889175415039 25.810205459594727 -3.2627980709075928
0.0 0.0 0.0
-5.958178997039795 25.725196838378906 -3.282257318496704
-5.789382457733154 25.812814712524414 -3.3084189891815186
-5.60013484954834 25.80835723876953 -3.322927236557007
0.0 0.0 0.0
-5.20503044128418 25.728012084960938 -3.3403987884521484
-4.986766338348389 25.56374168395996 -3.3316802978515625
0.0 0.0 0.0
0.0 0.0 0.0
-4.4310173988342285 25.56108856201172 -3.3690707683563232
-4.221004009246826 25.398433685302734 -3.357944965362549
0.0 0.0 0.0
-3.877870559692383 25.523799896240234 -3.395659923553467
-3.7010269165039062 25.55599594116211 -3.410748243331909
-3.5117242336273193 25.498960494995117 -3.4123141765594482
-3.3243181705474854 25.47174835205078 -3.4172539710998535
-3.137054920196533 25.412033081054688 -3.417795419692993
-2.9563918113708496 25.400970458984375 -3.4250192642211914
-2.789079189300537 25.5079288482666 -3.448343276977539
-2.6045985221862793 25.460092544555664 -3.4481945037841797
-2.4182627201080322 25.415082931518555 -3.4484331607818604
-2.2440197467803955 25.461000442504883 -3.4610588550567627
-2.0605924129486084 25.401569366455078 -3.459527015686035
-1.8836692571640015 25.414213180541992 -3.467515707015991
-1.7115787267684937 25.499319076538086 -3.483164072036743
-1.52473783493042 25.405702590942383 -3.4746339321136475
-1.34760320186615 25.407194137573242 -3.47918701171875
-1.1717338562011719 25.43838882446289 -3.4879841804504395
-0.9946940541267395 25.445308685302734 -3.4924983978271484
-0.8164032697677612 25.412567138671875 -3.4898500442504883
-0.6403732299804688 25.575956344604492 -3.514352321624756
-0.4604014456272125 25.46721839904785 -3.501600742340088
-0.28287723660469055 25.4384822845459 -3.5000054836273193
-0.10632874816656113 25.501598358154297 -3.5096168518066406
0.07095615565776825 25.50559425354004 -3.510120153427124
0.24806548655033112 25.48514175415039 -3.5074286460876465
0.4287394881248474 25.502098083496094 -3.5100622177124023
0.6057283878326416 25.48689842224121 -3.5084354877471924
0.7875263690948486 25.629379272460938 -3.526282548904419
0.9612556099891663 25.50381851196289 -3.5067758560180664
1.1425995826721191 25.585847854614258 -3.5159859657287598
1.3363347053527832 25.82489776611328 -3.5468873977661133
1.514122724533081 25.784488677978516 -3.539595603942871
1.695066213607788 25.797313690185547 -3.5368189811706543
0.0 0.0 0.0
2.0533931255340576 25.76513671875 -3.523831844329834
0.0 0.0 0.0
0.0 0.0 0.0
2.619946241378784 25.977294921875 -3.537660837173462
2.809516668319702 26.040437698364258 -3.5398669242858887
2.9989919662475586 26.09453010559082 -3.540984869003296
3.172910690307617 25.985471725463867 -3.5200304985046387
0.0 0.0 0.0
3.5452771186828613 26.022281646728516 -3.5092520713806152
3.74025821685791 26.09433364868164 -3.5105104446411133
3.9073941707611084 25.973506927490234 -3.485999822616577
4.146174430847168 26.314435958862305 -3.523538827896118
4.344370365142822 26.3588809967041 -3.519336223602295
4.552276134490967 26.471128463745117 -3.523609161376953
4.719608306884766 26.345378875732422 -3.4963538646698
4.942174434661865 26.523210525512695 -3.5095133781433105
5.141681671142578 26.566118240356445 -3.504878044128418
5.361822605133057 26.690876007080078 -3.5081984996795654
5.56768798828125 26.74994468688965 -3.5030829906463623
5.733617782592773 26.618085861206055 -3.473149299621582
5.990013599395752 26.897438049316406 -3.496920108795166
6.179022312164307 26.864999771118164 -3.479424238204956
6.41979455947876 27.03428077697754 -3.486069917678833
6.689687252044678 27.32270622253418 -3.5081934928894043
0.0 0.0 0.0
7.139710426330566 27.498355865478516 -3.5008184909820557
7.314359188079834 27.38705062866211 -3.470303773880005
7.538498401641846 27.44582176208496 -3.4603965282440186
7.781368732452393 27.578380584716797 -3.460094451904297
8.06767749786377 27.850399017333984 -3.4771265983581543
8.223074913024902 27.66629409790039 -3.4370250701904297
0.0 0.0 0.0
0.0 0.0 0.0
0.0 0.0 0.0
9.152511596679688 27.913169860839844 -3.389674425125122
9.489137649536133 28.27509307861328 -3.4128706455230713
0.0 0.0 0.0
10.129183769226074 28.842145919799805 -3.4370803833007812
10.341146469116211 28.791093826293945 -3.4086527824401855
10.560982704162598 28.772682189941406 -3.3843092918395996
10.804109573364258 28.814645767211914 -3.3652944564819336
0.0 0.0 0.0
11.36029052734375 29.062498092651367 -3.346034049987793
0.0 0.0 0.0
0.0 0.0 0.0
0.0 0.0 0.0
0.0 0.0 0.0
0.0 0.0 0.0
0.0 0.0 0.0
0.0 0.0 0.0
0.0 0.0 0.0
0.0 0.0 0.0
0.0 0.0 0.0
0.0 0.0 0.0
0.0 0.0 0.0
0.0 0.0 0.0
0.0 0.0 0.0
0.0 0.0 0.0
0.0 0.0 0.0
0.0 0.0 0.0
0.0 0.0 0.0
18.135534286499023 32.78955841064453 -3.134462594985962
0.0 0.0 0.0
0.0 0.0 0.0
0.0 0.0 0.0
0.0 0.0 0.0
0.0 0.0 0.0
0.0 0.0 0.0
0.0 0.0 0.0
0.0 0.0 0.0
0.0 0.0 0.0
0.0 0.0 0.0
0.0 0.0 0.0
0.0 0.0 0.0
0.0 0.0 0.0
0.0 0.0 0.0
0.0 0.0 0.0
0.0 0.0 0.0
0.0 0.0 0.0
0.0 0.0 0.0
0.0 0.0 0.0
0.0 0.0 0.0
0.0 0.0 0.0
0.0 0.0 0.0
0.0 0.0 0.0
0.0 0.0 0.0
0.0 0.0 0.0
0.0 0.0 0.0
0.0 0.0 0.0
0.0 0.0 0.0
0.0 0.0 0.0
0.0 0.0 0.0
0.0 0.0 0.0
0.0 0.0 0.0
0.0 0.0 0.0
0.0 0.0 0.0
0.0 0.0 0.0
0.0 0.0 0.0
0.0 0.0 0.0
0.0 0.0 0.0
0.0 0.0 0.0
0.0 0.0 0.0
0.0 0.0 0.0
0.0 0.0 0.0
0.0 0.0 0.0
0.0 0.0 0.0
0.0 0.0 0.0
0.0 0.0 0.0
0.0 0.0 0.0
0.0 0.0 0.0
0.0 0.0 0.0
0.0 0.0 0.0
0.0 0.0 0.0
0.0 0.0 0.0
0.0 0.0 0.0
0.0 0.0 0.0
0.0 0.0 0.0
0.0 0.0 0.0
0.0 0.0 0.0
0.0 0.0 0.0
0.0 0.0 0.0
0.0 0.0 0.0
0.0 0.0 0.0
0.0 0.0 0.0
0.0 0.0 0.0
0.0 0.0 0.0
0.0 0.0 0.0
0.0 0.0 0.0
0.0 0.0 0.0
0.0 0.0 0.0
0.0 0.0 0.0
0.0 0.0 0.0
0.0 0.0 0.0
0.0 0.0 0.0
0.0 0.0 0.0
0.0 0.0 0.0
0.0 0.0 0.0
0.0 0.0 0.0
0.0 0.0 0.0
0.0 0.0 0.0
0.0 0.0 0.0
0.0 0.0 0.0
0.0 0.0 0.0
0.0 0.0 0.0
0.0 0.0 0.0
0.0 0.0 0.0
0.0 0.0 0.0
0.0 0.0 0.0
0.0 0.0 0.0
0.0 0.0 0.0
0.0 0.0 0.0
0.0 0.0 0.0
0.0 0.0 0.0
0.0 0.0 0.0
0.0 0.0 0.0
0.0 0.0 0.0
0.0 0.0 0.0
0.0 0.0 0.0
0.0 0.0 0.0
0.0 0.0 0.0
0.0 0.0 0.0
0.0 0.0 0.0
0.0 0.0 0.0
0.0 0.0 0.0
0.0 0.0 0.0
0.0 0.0 0.0
0.0 0.0 0.0
0.0 0.0 0.0
0.0 0.0 0.0
0.0 0.0 0.0
0.0 0.0 0.0
0.0 0.0 0.0
0.0 0.0 0.0
0.0 0.0 0.0
0.0 0.0 0.0
0.0 0.0 0.0
0.0 0.0 0.0
0.0 0.0 0.0
0.0 0.0 0.0
0.0 0.0 0.0
0.0 0.0 0.0
0.0 0.0 0.0
0.0 0.0 0.0
0.0 0.0 0.0
0.0 0.0 0.0
0.0 0.0 0.0
0.0 0.0 0.0
0.0 0.0 0.0
0.0 0.0 0.0
0.0 0.0 0.0
0.0 0.0 0.0
0.0 0.0 0.0
0.0 0.0 0.0
0.0 0.0 0.0
0.0 0.0 0.0
0.0 0.0 0.0
0.0 0.0 0.0
0.0 0.0 0.0
0.0 0.0 0.0
0.0 0.0 0.0
0.0 0.0 0.0
0.0 0.0 0.0
0.0 0.0 0.0
0.0 0.0 0.0
0.0 0.0 0.0
0.0 0.0 0.0
0.0 0.0 0.0
0.0 0.0 0.0
0.0 0.0 0.0
0.0 0.0 0.0
0.0 0.0 0.0
0.0 0.0 0.0
0.0 0.0 0.0
0.0 0.0 0.0
0.0 0.0 0.0
0.0 0.0 0.0
0.0 0.0 0.0
0.0 0.0 0.0
0.0 0.0 0.0
0.0 0.0 0.0
0.0 0.0 0.0
0.0 0.0 0.0
0.0 0.0 0.0
0.0 0.0 0.0
0.0 0.0 0.0
0.0 0.0 0.0
0.0 0.0 0.0
0.0 0.0 0.0
0.0 0.0 0.0
0.0 0.0 0.0
0.0 0.0 0.0
0.0 0.0 0.0
0.0 0.0 0.0
0.0 0.0 0.0
0.0 0.0 0.0
0.0 0.0 0.0
0.0 0.0 0.0
0.0 0.0 0.0
0.0 0.0 0.0
0.0 0.0 0.0
0.0 0.0 0.0
0.0 0.0 0.0
0.0 0.0 0.0
0.0 0.0 0.0
0.0 0.0 0.0
0.0 0.0 0.0
0.0 0.0 0.0
0.0 0.0 0.0
0.0 0.0 0.0
0.0 0.0 0.0
0.0 0.0 0.0
0.0 0.0 0.0
0.0 0.0 0.0
0.0 0.0 0.0
0.0 0.0 0.0
0.0 0.0 0.0
0.0 0.0 0.0
0.0 0.0 0.0
0.0 0.0 0.0
0.0 0.0 0.0
0.0 0.0 0.0
0.0 0.0 0.0
0.0 0.0 0.0
0.0 0.0 0.0
0.0 0.0 0.0
0.0 0.0 0.0
0.0 0.0 0.0
0.0 0.0 0.0
0.0 0.0 0.0
0.0 0.0 0.0
0.0 0.0 0.0
0.0 0.0 0.0
0.0 0.0 0.0
0.0 0.0 0.0
0.0 0.0 0.0
0.0 0.0 0.0
0.0 0.0 0.0
0.0 0.0 0.0
0.0 0.0 0.0
-16.323930740356445 29.62808609008789 -2.6323916912078857
0.0 0.0 0.0
0.0 0.0 0.0
0.0 0.0 0.0
0.0 0.0 0.0
0.0 0.0 0.0
0.0 0.0 0.0
0.0 0.0 0.0
0.0 0.0 0.0
0.0 0.0 0.0
0.0 0.0 0.0
0.0 0.0 0.0
0.0 0.0 0.0
0.0 0.0 0.0
0.0 0.0 0.0
0.0 0.0 0.0
0.0 0.0 0.0
0.0 0.0 0.0
0.0 0.0 0.0
0.0 0.0 0.0
0.0 0.0 0.0
0.0 0.0 0.0
0.0 0.0 0.0
0.0 0.0 0.0
0.0 0.0 0.0
0.0 0.0 0.0
0.0 0.0 0.0
0.0 0.0 0.0
0.0 0.0 0.0
0.0 0.0 0.0
0.0 0.0 0.0
0.0 0.0 0.0
0.0 0.0 0.0
0.0 0.0 0.0
0.0 0.0 0.0
-6.913747310638428 26.098867416381836 -3.1952085494995117
0.0 0.0 0.0
-6.539274215698242 26.1497802734375 -3.234898567199707
-6.316226005554199 26.026487350463867 -3.2345449924468994
0.0 0.0 0.0
0.0 0.0 0.0
-5.718253135681152 25.92656898498535 -3.2675657272338867
0.0 0.0 0.0
-5.327578067779541 25.862743377685547 -3.2854690551757812
0.0 0.0 0.0
-4.9354424476623535 25.786062240600586 -3.301769256591797
0.0 0.0 0.0
-4.54144811630249 25.657564163208008 -3.308727502822876
-4.363979816436768 25.6943302154541 -3.3242557048797607
0.0 0.0 0.0
-4.019047260284424 25.856517791748047 -3.36757755279541
-3.807464361190796 25.671369552612305 -3.3536038398742676
-3.619199514389038 25.630537033081055 -3.356860876083374
-3.4450762271881104 25.688154220581055 -3.3731651306152344
-3.243478298187256 25.53324317932129 -3.3616762161254883
-3.0824968814849854 25.695972442626953 -3.392159938812256
-2.8802552223205566 25.538799285888672 -3.37896728515625
-2.7093346118927 25.622514724731445 -3.3966128826141357
-2.543854236602783 25.770591735839844 -3.423006772994995
-2.348156452178955 25.609086990356445 -3.4084322452545166
-2.173781394958496 25.66991424560547 -3.423579692840576
0.0 0.0 0.0
-1.801025152206421 25.5262508392334 -3.4137463569641113
-1.6280452013015747 25.610759735107422 -3.4297051429748535
-1.4526636600494385 25.670896530151367 -3.4425883293151855
-1.2730298042297363 25.66411590576172 -3.4465434551239014
-1.0832277536392212 25.48247528076172 -3.4246199131011963
-0.9066715836524963 25.50827407836914 -3.430680274963379
-0.730804443359375 25.56767463684082 -3.441434144973755
-0.5526012778282166 25.563934326171875 -3.443864107131958
-0.3767091929912567 25.69839859008789 -3.464350938796997
-0.19483157992362976 25.700349807739258 -3.4648640155792236
-0.015970660373568535 25.708759307861328 -3.466412305831909
0.16359061002731323 25.843669891357422 -3.4851880073547363
0.3429296910762787 25.803129196166992 -3.4804742336273193
0.5212370753288269 25.74990463256836 -3.4729719161987305
0.6997438669204712 25.722745895385742 -3.4675309658050537
0.8866209387779236 25.860624313354492 -3.4844720363616943
1.0599831342697144 25.6955509185791 -3.4607903957366943
1.2480603456497192 25.881208419799805 -3.484513759613037
1.4272780418395996 25.856983184814453 -3.478376626968384
1.6049059629440308 25.81233787536621 -3.4686124324798584
1.797797679901123 25.947795867919922 -3.4831390380859375
1.9716635942459106 25.846542358398438 -3.4661123752593994
2.1670243740081787 26.01807975769043 -3.4858243465423584
0.0 0.0 0.0
2.550748825073242 26.21483612060547 -3.501080274581909
2.696382761001587 25.815908432006836 -3.4422457218170166
2.927919864654541 26.263233184814453 -3.4964957237243652
3.0974044799804688 26.131757736206055 -3.4736764430999756
3.291156768798828 26.20705223083496 -3.4758644104003906
3.51615309715271 26.507442474365234 -3.5079522132873535
3.6925017833709717 26.402769088745117 -3.4863994121551514
3.8588485717773438 26.25901985168457 -3.460041046142578
4.0926971435546875 26.566131591796875 -3.492417573928833
4.299708843231201 26.676475524902344 -3.496830463409424
4.4585137367248535 26.487197875976562 -3.4621336460113525
0.0 0.0 0.0
4.85964298248291 26.585586547851562 -3.4554290771484375
5.076602458953857 26.720544815063477 -3.4620201587677
5.283186435699463 26.789249420166016 -3.458841323852539
5.46225118637085 26.715885162353516 -3.4374587535858154
5.74571418762207 27.138042449951172 -3.4798150062561035
5.9161505699157715 26.99645233154297 -3.449676036834717
6.171731472015381 27.255653381347656 -3.4689314365386963
6.360124588012695 27.206811904907227 -3.448575019836426
0.0 0.0 0.0
6.848674774169922 27.560565948486328 -3.4651598930358887
7.023732662200928 27.43498420715332 -3.4348480701446533
7.287098407745361 27.66180992126465 -3.4471192359924316
7.471822261810303 27.583087921142578 -3.4213387966156006
7.666199207305908 27.540477752685547 -3.4002182483673096
7.9893574714660645 27.94780158996582 -3.4345457553863525
0.0 0.0 0.0
8.433084487915039 28.009593963623047 -3.4062137603759766
0.0 0.0 0.0
0.0 0.0 0.0
9.169451713562012 28.304950714111328 -3.3871219158172607
9.451382637023926 28.497713088989258 -3.389479875564575
9.683075904846191 28.51753807067871 -3.370774269104004
10.002388000488281 28.797075271606445 -3.3829920291900635
10.266072273254395 28.905344009399414 -3.3749027252197266
10.465184211730957 28.829078674316406 -3.3440990447998047
10.796687126159668 29.108154296875 -3.3533737659454346
0.0 0.0 0.0
11.319300651550293 29.249671936035156 -3.323026657104492
11.711690902709961 29.650482177734375 -3.344877243041992
0.0 0.0 0.0
0.0 0.0 0.0
0.0 0.0 0.0
0.0 0.0 0.0
13.192648887634277 30.266695022583008 -3.282194137573242
13.486353874206543 30.36240577697754 -3.264167547225952
0.0 0.0 0.0
0.0 0.0 0.0
14.505141258239746 30.892654418945312 -3.2324743270874023
14.834264755249023 31.02936553955078 -3.215552806854248
0.0 0.0 0.0
0.0 0.0 0.0
0.0 0.0 0.0
16.31786346435547 31.818401336669922 -3.164558172225952
0.0 0.0 0.0
0.0 0.0 0.0
0.0 0.0 0.0
0.0 0.0 0.0
0.0 0.0 0.0
0.0 0.0 0.0
0.0 0.0 0.0
0.0 0.0 0.0
0.0 0.0 0.0
0.0 0.0 0.0
0.0 0.0 0.0
0.0 0.0 0.0
0.0 0.0 0.0
0.0 0.0 0.0
0.0 0.0 0.0
0.0 0.0 0.0
0.0 0.0 0.0
0.0 0.0 0.0
0.0 0.0 0.0
0.0 0.0 0.0
0.0 0.0 0.0
0.0 0.0 0.0
0.0 0.0 0.0
0.0 0.0 0.0
0.0 0.0 0.0
0.0 0.0 0.0
0.0 0.0 0.0
0.0 0.0 0.0
0.0 0.0 0.0
0.0 0.0 0.0
0.0 0.0 0.0
0.0 0.0 0.0
0.0 0.0 0.0
0.0 0.0 0.0
0.0 0.0 0.0
0.0 0.0 0.0
0.0 0.0 0.0
0.0 0.0 0.0
0.0 0.0 0.0
0.0 0.0 0.0
0.0 0.0 0.0
0.0 0.0 0.0
0.0 0.0 0.0
0.0 0.0 0.0
0.0 0.0 0.0
0.0 0.0 0.0
0.0 0.0 0.0
0.0 0.0 0.0
0.0 0.0 0.0
0.0 0.0 0.0
0.0 0.0 0.0
0.0 0.0 0.0
0.0 0.0 0.0
0.0 0.0 0.0
0.0 0.0 0.0
0.0 0.0 0.0
0.0 0.0 0.0
0.0 0.0 0.0
0.0 0.0 0.0
0.0 0.0 0.0
0.0 0.0 0.0
0.0 0.0 0.0
0.0 0.0 0.0
0.0 0.0 0.0
0.0 0.0 0.0
0.0 0.0 0.0
0.0 0.0 0.0
0.0 0.0 0.0
0.0 0.0 0.0
0.0 0.0 0.0
0.0 0.0 0.0
0.0 0.0 0.0
0.0 0.0 0.0
0.0 0.0 0.0
0.0 0.0 0.0
0.0 0.0 0.0
0.0 0.0 0.0
0.0 0.0 0.0
0.0 0.0 0.0
0.0 0.0 0.0
0.0 0.0 0.0
0.0 0.0 0.0
0.0 0.0 0.0
0.0 0.0 0.0
0.0 0.0 0.0
0.0 0.0 0.0
0.0 0.0 0.0
0.0 0.0 0.0
0.0 0.0 0.0
0.0 0.0 0.0
0.0 0.0 0.0
0.0 0.0 0.0
0.0 0.0 0.0
0.0 0.0 0.0
0.0 0.0 0.0
0.0 0.0 0.0
0.0 0.0 0.0
0.0 0.0 0.0
0.0 0.0 0.0
0.0 0.0 0.0
0.0 0.0 0.0
0.0 0.0 0.0
0.0 0.0 0.0
0.0 0.0 0.0
0.0 0.0 0.0
0.0 0.0 0.0
0.0 0.0 0.0
0.0 0.0 0.0
0.0 0.0 0.0
0.0 0.0 0.0
0.0 0.0 0.0
0.0 0.0 0.0
0.0 0.0 0.0
0.0 0.0 0.0
0.0 0.0 0.0
0.0 0.0 0.0
0.0 0.0 0.0
0.0 0.0 0.0
0.0 0.0 0.0
0.0 0.0 0.0
0.0 0.0 0.0
0.0 0.0 0.0
0.0 0.0 0.0
0.0 0.0 0.0
0.0 0.0 0.0
0.0 0.0 0.0
0.0 0.0 0.0
0.0 0.0 0.0
0.0 0.0 0.0
0.0 0.0 0.0
0.0 0.0 0.0
0.0 0.0 0.0
0.0 0.0 0.0
0.0 0.0 0.0
0.0 0.0 0.0
0.0 0.0 0.0
0.0 0.0 0.0
0.0 0.0 0.0
0.0 0.0 0.0
0.0 0.0 0.0
0.0 0.0 0.0
0.0 0.0 0.0
0.0 0.0 0.0
0.0 0.0 0.0
0.0 0.0 0.0
0.0 0.0 0.0
0.0 0.0 0.0
0.0 0.0 0.0
0.0 0.0 0.0
0.0 0.0 0.0
0.0 0.0 0.0
0.0 0.0 0.0
0.0 0.0 0.0
0.0 0.0 0.0
0.0 0.0 0.0
0.0 0.0 0.0
0.0 0.0 0.0
0.0 0.0 0.0
0.0 0.0 0.0
0.0 0.0 0.0
0.0 0.0 0.0
0.0 0.0 0.0
0.0 0.0 0.0
0.0 0.0 0.0
0.0 0.0 0.0
0.0 0.0 0.0
0.0 0.0 0.0
0.0 0.0 0.0
0.0 0.0 0.0
0.0 0.0 0.0
0.0 0.0 0.0
0.0 0.0 0.0
0.0 0.0 0.0
0.0 0.0 0.0
0.0 0.0 0.0
0.0 0.0 0.0
0.0 0.0 0.0
0.0 0.0 0.0
0.0 0.0 0.0
0.0 0.0 0.0
0.0 0.0 0.0
0.0 0.0 0.0
0.0 0.0 0.0
0.0 0.0 0.0
0.0 0.0 0.0
0.0 0.0 0.0
0.0 0.0 0.0
0.0 0.0 0.0
0.0 0.0 0.0
0.0 0.0 0.0
0.0 0.0 0.0
0.0 0.0 0.0
0.0 0.0 0.0
0.0 0.0 0.0
0.0 0.0 0.0
0.0 0.0 0.0
0.0 0.0 0.0
0.0 0.0 0.0
0.0 0.0 0.0
0.0 0.0 0.0
0.0 0.0 0.0
0.0 0.0 0.0
0.0 0.0 0.0
0.0 0.0 0.0
0.0 0.0 0.0
0.0 0.0 0.0
0.0 0.0 0.0
0.0 0.0 0.0
0.0 0.0 0.0
0.0 0.0 0.0
0.0 0.0 0.0
0.0 0.0 0.0
0.0 0.0 0.0
0.0 0.0 0.0
0.0 0.0 0.0
0.0 0.0 0.0
0.0 0.0 0.0
0.0 0.0 0.0
0.0 0.0 0.0
0.0 0.0 0.0
0.0 0.0 0.0
0.0 0.0 0.0
0.0 0.0 0.0
0.0 0.0 0.0
0.0 0.0 0.0
0.0 0.0 0.0
0.0 0.0 0.0
0.0 0.0 0.0
0.0 0.0 0.0
0.0 0.0 0.0
0.0 0.0 0.0
0.0 0.0 0.0
0.0 0.0 0.0
0.0 0.0 0.0
0.0 0.0 0.0
0.0 0.0 0.0
0.0 0.0 0.0
0.0 0.0 0.0
0.0 0.0 0.0
0.0 0.0 0.0
0.0 0.0 0.0
0.0 0.0 0.0
0.0 0.0 0.0
0.0 0.0 0.0
0.0 0.0 0.0
0.0 0.0 0.0
0.0 0.0 0.0
0.0 0.0 0.0
0.0 0.0 0.0
0.0 0.0 0.0
0.0 0.0 0.0
-7.96701717376709 26.648029327392578 -3.1229965686798096
0.0 0.0 0.0
0.0 0.0 0.0
-7.327475547790527 26.52865982055664 -3.162503480911255
0.0 0.0 0.0
-6.936868190765381 26.551712036132812 -3.20046329498291
-6.716094017028809 26.45783233642578 -3.204385757446289
-6.465709686279297 26.249980926513672 -3.194718360900879
0.0 0.0 0.0
0.0 0.0 0.0
0.0 0.0 0.0
-5.666479587554932 26.115009307861328 -3.236419439315796
-5.48972749710083 26.19406509399414 -3.2597641944885254
-5.231768608093262 25.85702133178711 -3.231067657470703
-5.068395137786865 25.978195190429688 -3.2596564292907715
-4.878909111022949 25.96908950805664 -3.2700672149658203
-4.696517467498779 25.992916107177734 -3.2841506004333496
-4.506617546081543 25.99310302734375 -3.2956039905548096
-4.326526165008545 26.029634475708008 -3.311617612838745
0.0 0.0 0.0
-3.929943561553955 25.865556716918945 -3.311060667037964
-3.7506768703460693 25.898405075073242 -3.324434757232666
0.0 0.0 0.0
-3.3765063285827637 25.86847686767578 -3.339491128921509
-3.1851673126220703 25.801448822021484 -3.3396339416503906
0.0 0.0 0.0
-2.8164992332458496 25.759923934936523 -3.348629951477051
-2.6242432594299316 25.654346466064453 -3.3422932624816895
-2.444915533065796 25.698013305664062 -3.3556630611419678
-2.2729618549346924 25.79437255859375 -3.3745124340057373
-2.084554433822632 25.70056915283203 -3.367283582687378
-1.9284783601760864 26.022563934326172 -3.4147372245788574
-1.7288565635681152 25.760068893432617 -3.3856630325317383
-1.5448533296585083 25.74755096435547 -3.389647960662842
-1.3693962097167969 25.82666015625 -3.4035937786102295
-1.1892273426055908 25.82731056213379 -3.4065213203430176
-1.005249261856079 25.722209930419922 -3.39564847946167
-0.8313999176025391 25.890634536743164 -3.4210591316223145
-0.6483119130134583 25.903079986572266 -3.4261043071746826
-0.46748071908950806 25.864181518554688 -3.4218926429748535
-0.2881028950214386 25.924741744995117 -3.430727005004883
-0.1076313778758049 25.918222427368164 -3.430852174758911
0.07260407507419586 25.941425323486328 -3.43507719039917
0.2539404332637787 26.021480560302734 -3.446826219558716
0.4389214813709259 26.069583892822266 -3.4518487453460693
0.6179264187812805 25.965456008911133 -3.4369072914123535
0.7983610033988953 25.952999114990234 -3.4342708587646484
0.982521116733551 26.047649383544922 -3.4459726810455322
1.168017864227295 26.13720703125 -3.4564852714538574
1.3569108247756958 26.206226348876953 -3.4622602462768555
1.5360242128372192 26.142602920532227 -3.450733184814453
1.7262587547302246 26.259389877319336 -3.4631779193878174
1.9081388711929321 26.239614486694336 -3.4577696323394775
2.096522808074951 26.299787521362305 -3.461866855621338
2.2714462280273438 26.157920837402344 -3.4378678798675537
2.4736249446868896 26.358379364013672 -3.459099769592285
2.663541316986084 26.4069881439209 -3.460517644882202
2.854668378829956 26.458084106445312 -3.4624035358428955
3.0174076557159424 26.254018783569336 -3.4294161796569824
3.2259397506713867 26.417856216430664 -3.44350528717041
3.418229579925537 26.46135902404785 -3.442138433456421
3.6091883182525635 26.48810577392578 -3.4387288093566895
3.825202226638794 26.686100006103516 -3.457655429840088
4.013282299041748 26.675729751586914 -3.447317600250244
4.238037109375 26.89760398864746 -3.4666402339935303
4.440460681915283 26.941240310668945 -3.462883234024048
4.634664058685303 26.949493408203125 -3.454864501953125
4.803564548492432 26.815282821655273 -3.428560256958008
5.0172810554504395 26.927915573120117 -3.431647777557373
5.2094526290893555 26.917057037353516 -3.419081211090088
0.0 0.0 0.0
0.0 0.0 0.0
5.9124674797058105 27.448089599609375 -3.4519729614257812
6.05975866317749 27.21175193786621 -3.4087839126586914
6.287704944610596 27.337392807006836 -3.4111061096191406
6.5692219734191895 27.664226531982422 -3.4382174015045166
6.770395278930664 27.653949737548828 -3.4236221313476562
7.015956878662109 27.819255828857422 -3.429185390472412
7.177134990692139 27.644498825073242 -3.392190933227539
7.467337608337402 27.959794998168945 -3.4153659343719482
7.662735462188721 27.89747428894043 -3.392137289047241
0.0 0.0 0.0
8.072001457214355 27.864110946655273 -3.3550872802734375
8.403311729431152 28.271265029907227 -3.386387586593628
0.0 0.0 0.0
8.880528450012207 28.411609649658203 -3.3675365447998047
9.075039863586426 28.340904235839844 -3.340447425842285
9.473773002624512 28.892301559448242 -3.385265827178955
0.0 0.0 0.0
9.842069625854492 28.660425186157227 -3.3182575702667236
10.147719383239746 28.89453887939453 -3.325382947921753
0.0 0.0 0.0
0.0 0.0 0.0
11.080282211303711 29.54979705810547 -3.3328018188476562
0.0 0.0 0.0
11.592851638793945 29.655960083007812 -3.2984704971313477
0.0 0.0 0.0
12.212660789489746 29.993478775024414 -3.2856554985046387
0.0 0.0 0.0
0.0 0.0 0.0
13.076617240905762 30.291624069213867 -3.2399778366088867
0.0 0.0 0.0
0.0 0.0 0.0
0.0 0.0 0.0
0.0 0.0 0.0
14.871528625488281 31.39015769958496 -3.210347890853882
15.188307762145996 31.480087280273438 -3.188258171081543
0.0 0.0 0.0
15.975199699401855 31.969070434570312 -3.1729228496551514
0.0 0.0 0.0
16.637609481811523 32.16927719116211 -3.124699115753174
0.0 0.0 0.0
0.0 0.0 0.0
0.0 0.0 0.0
0.0 0.0 0.0
0.0 0.0 0.0
0.0 0.0 0.0
0.0 0.0 0.0
20.20360565185547 34.232757568359375 -3.0023040771484375
20.8604793548584 34.7942008972168 -3.0067949295043945
0.0 0.0 0.0
0.0 0.0 0.0
0.0 0.0 0.0
0.0 0.0 0.0
0.0 0.0 0.0
0.0 0.0 0.0
0.0 0.0 0.0
0.0 0.0 0.0
0.0 0.0 0.0
0.0 0.0 0.0
0.0 0.0 0.0
0.0 0.0 0.0
0.0 0.0 0.0
0.0 0.0 0.0
0.0 0.0 0.0
0.0 0.0 0.0
0.0 0.0 0.0
0.0 0.0 0.0
0.0 0.0 0.0
0.0 0.0 0.0
0.0 0.0 0.0
0.0 0.0 0.0
0.0 0.0 0.0
0.0 0.0 0.0
0.0 0.0 0.0
0.0 0.0 0.0
0.0 0.0 0.0
0.0 0.0 0.0
0.0 0.0 0.0
0.0 0.0 0.0
0.0 0.0 0.0
0.0 0.0 0.0
0.0 0.0 0.0
0.0 0.0 0.0
0.0 0.0 0.0
0.0 0.0 0.0
0.0 0.0 0.0
0.0 0.0 0.0
0.0 0.0 0.0
0.0 0.0 0.0
0.0 0.0 0.0
0.0 0.0 0.0
0.0 0.0 0.0
0.0 0.0 0.0
0.0 0.0 0.0
0.0 0.0 0.0
0.0 0.0 0.0
0.0 0.0 0.0
0.0 0.0 0.0
0.0 0.0 0.0
0.0 0.0 0.0
0.0 0.0 0.0
0.0 0.0 0.0
0.0 0.0 0.0
0.0 0.0 0.0
0.0 0.0 0.0
0.0 0.0 0.0
0.0 0.0 0.0
0.0 0.0 0.0
0.0 0.0 0.0
0.0 0.0 0.0
0.0 0.0 0.0
0.0 0.0 0.0
0.0 0.0 0.0
0.0 0.0 0.0
0.0 0.0 0.0
0.0 0.0 0.0
0.0 0.0 0.0
0.0 0.0 0.0
0.0 0.0 0.0
0.0 0.0 0.0
0.0 0.0 0.0
0.0 0.0 0.0
0.0 0.0 0.0
0.0 0.0 0.0
0.0 0.0 0.0
0.0 0.0 0.0
0.0 0.0 0.0
0.0 0.0 0.0
0.0 0.0 0.0
0.0 0.0 0.0
0.0 0.0 0.0
0.0 0.0 0.0
0.0 0.0 0.0
0.0 0.0 0.0
0.0 0.0 0.0
0.0 0.0 0.0
0.0 0.0 0.0
0.0 0.0 0.0
0.0 0.0 0.0
0.0 0.0 0.0
0.0 0.0 0.0
0.0 0.0 0.0
0.0 0.0 0.0
0.0 0.0 0.0
0.0 0.0 0.0
0.0 0.0 0.0
0.0 0.0 0.0
0.0 0.0 0.0
0.0 0.0 0.0
0.0 0.0 0.0
0.0 0.0 0.0
0.0 0.0 0.0
0.0 0.0 0.0
0.0 0.0 0.0
0.0 0.0 0.0
0.0 0.0 0.0
0.0 0.0 0.0
0.0 0.0 0.0
0.0 0.0 0.0
0.0 0.0 0.0
0.0 0.0 0.0
0.0 0.0 0.0
0.0 0.0 0.0
0.0 0.0 0.0
0.0 0.0 0.0
0.0 0.0 0.0
0.0 0.0 0.0
0.0 0.0 0.0
0.0 0.0 0.0
0.0 0.0 0.0
0.0 0.0 0.0
0.0 0.0 0.0
0.0 0.0 0.0
0.0 0.0 0.0
0.0 0.0 0.0
0.0 0.0 0.0
0.0 0.0 0.0
0.0 0.0 0.0
0.0 0.0 0.0
0.0 0.0 0.0
0.0 0.0 0.0
0.0 0.0 0.0
0.0 0.0 0.0
0.0 0.0 0.0
0.0 0.0 0.0
0.0 0.0 0.0
0.0 0.0 0.0
0.0 0.0 0.0
0.0 0.0 0.0
0.0 0.0 0.0
0.0 0.0 0.0
0.0 0.0 0.0
0.0 0.0 0.0
0.0 0.0 0.0
0.0 0.0 0.0
0.0 0.0 0.0
0.0 0.0 0.0
0.0 0.0 0.0
0.0 0.0 0.0
0.0 0.0 0.0
0.0 0.0 0.0
0.0 0.0 0.0
0.0 0.0 0.0
0.0 0.0 0.0
0.0 0.0 0.0
0.0 0.0 0.0
0.0 0.0 0.0
0.0 0.0 0.0
0.0 0.0 0.0
0.0 0.0 0.0
0.0 0.0 0.0
0.0 0.0 0.0
0.0 0.0 0.0
0.0 0.0 0.0
0.0 0.0 0.0
0.0 0.0 0.0
0.0 0.0 0.0
0.0 0.0 0.0
0.0 0.0 0.0
0.0 0.0 0.0
0.0 0.0 0.0
0.0 0.0 0.0
0.0 0.0 0.0
0.0 0.0 0.0
0.0 0.0 0.0
0.0 0.0 0.0
0.0 0.0 0.0
0.0 0.0 0.0
0.0 0.0 0.0
0.0 0.0 0.0
0.0 0.0 0.0
0.0 0.0 0.0
0.0 0.0 0.0
0.0 0.0 0.0
0.0 0.0 0.0
0.0 0.0 0.0
0.0 0.0 0.0
0.0 0.0 0.0
0.0 0.0 0.0
0.0 0.0 0.0
0.0 0.0 0.0
0.0 0.0 0.0
0.0 0.0 0.0
0.0 0.0 0.0
0.0 0.0 0.0
0.0 0.0 0.0
0.0 0.0 0.0
0.0 0.0 0.0
0.0 0.0 0.0
0.0 0.0 0.0
0.0 0.0 0.0
0.0 0.0 0.0
0.0 0.0 0.0
0.0 0.0 0.0
0.0 0.0 0.0
0.0 0.0 0.0
0.0 0.0 0.0
0.0 0.0 0.0
0.0 0.0 0.0
0.0 0.0 0.0
0.0 0.0 0.0
0.0 0.0 0.0
0.0 0.0 0.0
0.0 0.0 0.0
0.0 0.0 0.0
0.0 0.0 0.0
0.0 0.0 0.0
0.0 0.0 0.0
0.0 0.0 0.0
0.0 0.0 0.0
0.0 0.0 0.0
0.0 0.0 0.0
0.0 0.0 0.0
0.0 0.0 0.0
0.0 0.0 0.0
0.0 0.0 0.0
0.0 0.0 0.0
0.0 0.0 0.0
0.0 0.0 0.0
0.0 0.0 0.0
0.0 0.0 0.0
0.0 0.0 0.0
0.0 0.0 0.0
0.0 0.0 0.0
0.0 0.0 0.0
0.0 0.0 0.0
0.0 0.0 0.0
-9.020833015441895 27.051698684692383 -3.02166748046875
0.0 0.0 0.0
0.0 0.0 0.0
0.0 0.0 0.0
-8.116799354553223 26.814008712768555 -3.0726981163024902
-7.968536376953125 27.00149154663086 -3.1117804050445557
0.0 0.0 0.0
0.0 0.0 0.0
0.0 0.0 0.0
-7.046850204467773 26.599809646606445 -3.1340811252593994
0.0 0.0 0.0
-6.654930591583252 26.61162757873535 -3.1664578914642334
-6.444253921508789 26.55315399169922 -3.1751110553741455
-6.243468284606934 26.53089141845703 -3.1877434253692627
-6.073030948638916 26.651750564575195 -3.2159059047698975
-5.859363555908203 26.566253662109375 -3.219067335128784
-5.638284206390381 26.43735694885254 -3.216978073120117
0.0 0.0 0.0
-5.236780166625977 26.3494815826416 -3.2324182987213135
-5.013200759887695 26.19359588623047 -3.224782943725586
-4.824343204498291 26.191652297973633 -3.235945701599121
0.0 0.0 0.0
-4.445713520050049 26.17610740661621 -3.257232189178467
-4.238063812255859 26.051742553710938 -3.2516067028045654
0.0 0.0 0.0
0.0 0.0 0.0
-3.733344316482544 26.44114112854004 -3.329364776611328
-3.494527578353882 26.057655334472656 -3.290876626968384
-3.318514347076416 26.126277923583984 -3.3066842555999756
0.0 0.0 0.0
-2.9449844360351562 26.113868713378906 -3.3199303150177
-2.7595250606536865 26.097782135009766 -3.3254435062408447
-2.5633933544158936 25.97250747680664 -3.3166308403015137
-2.395081043243408 26.123828887939453 -3.341217517852783
-2.212036609649658 26.12346839904785 -3.3465895652770996
0.0 0.0 0.0
-1.833751916885376 25.98771095275879 -3.340548276901245
-1.6603912115097046 26.115026473999023 -3.361741781234741
-1.4734314680099487 26.03639030456543 -3.3549389839172363
-1.289183497428894 25.98737907409668 -3.352097272872925
-1.11332368850708 26.18878173828125 -3.3818013668060303
-0.9293426275253296 26.14495849609375 -3.379958391189575
-0.7498636245727539 26.23945426940918 -3.3946239948272705
-0.5692201852798462 26.332862854003906 -3.4081177711486816
-0.384701669216156 26.246837615966797 -3.3985531330108643
-0.19981329143047333 26.357112884521484 -3.4146034717559814
-0.016342900693416595 26.19490623474121 -3.39548659324646
0.0 0.0 0.0
0.3508363366127014 26.394134521484375 -3.4207048416137695
0.5324468016624451 26.302085876464844 -3.4083292484283447
0.7164928317070007 26.336578369140625 -3.4125161170959473
0.9015069603919983 26.2922420501709 -3.406654119491577
1.0863375663757324 26.336095809936523 -3.4097776412963867
1.2703438997268677 26.343862533569336 -3.4080474376678467
1.45856773853302 26.4238338470459 -3.415813446044922
1.63956880569458 26.371007919311523 -3.406575918197632
1.8440972566604614 26.618206024169922 -3.4360671043395996
2.0225110054016113 26.516691207885742 -3.418276786804199
2.214615821838379 26.59157943725586 -3.423386573791504
2.400320529937744 26.584054946899414 -3.418041944503784
0.0 0.0 0.0
2.7531814575195312 26.356767654418945 -3.379887342453003
2.9687461853027344 26.626970291137695 -3.4077694416046143
3.1653947830200195 26.703044891357422 -3.410874843597412
3.3741276264190674 26.866138458251953 -3.4252002239227295
3.578371047973633 26.97380828857422 -3.4325411319732666
0.0 0.0 0.0
3.9461324214935303 26.850889205932617 -3.400846242904663
4.156909942626953 26.97745704650879 -3.4083380699157715
4.356460094451904 27.022058486938477 -3.4055802822113037
4.596736431121826 27.302204132080078 -3.4325554370880127
4.778650283813477 27.225452423095703 -3.413027048110962
0.0 0.0 0.0
5.194172382354736 27.334531784057617 -3.4051454067230225
5.409352779388428 27.425045013427734 -3.405907392501831
5.640805721282959 27.586074829101562 -3.4154696464538574
5.834446907043457 27.55582618713379 -3.399216890335083
6.010860443115234 27.428760528564453 -3.3707356452941895
6.288619518280029 27.770360946655273 -3.4001047611236572
6.5096211433410645 27.845054626464844 -3.396733522415161
6.680838584899902 27.706932067871094 -3.3671059608459473
6.932687759399414 27.899320602416992 -3.3759262561798096
7.19022798538208 28.084911346435547 -3.383573293685913
7.382057189941406 28.021486282348633 -3.361525774002075
7.598486423492432 28.050434112548828 -3.3507072925567627
7.861259460449219 28.242446899414062 -3.3579626083374023
0.0 0.0 0.0
0.0 0.0 0.0
8.660234451293945 28.762779235839844 -3.3686695098876953
0.0 0.0 0.0
9.155783653259277 28.94468116760254 -3.354095220565796
9.360504150390625 28.890317916870117 -3.3287770748138428
9.548013687133789 28.78281021118164 -3.2975013256073
0.0 0.0 0.0
10.10991096496582 29.1026611328125 -3.294895887374878
10.490068435668945 29.532297134399414 -3.32212495803833
10.676289558410645 29.406780242919922 -3.286768674850464
0.0 0.0 0.0
11.174051284790039 29.481454849243164 -3.2522637844085693
0.0 0.0 0.0
11.94215202331543 30.232908248901367 -3.2875173091888428
0.0 0.0 0.0
12.443052291870117 30.260156631469727 -3.2428300380706787
0.0 0.0 0.0
0.0 0.0 0.0
0.0 0.0 0.0
0.0 0.0 0.0
14.020575523376465 30.982398986816406 -3.188068151473999
0.0 0.0 0.0
14.74083137512207 31.394975662231445 -3.172006368637085
15.107749938964844 31.603900909423828 -3.163879871368408
0.0 0.0 0.0
0.0 0.0 0.0
0.0 0.0 0.0
16.752227783203125 32.664459228515625 -3.139735221862793
0.0 0.0 0.0
0.0 0.0 0.0
0.0 0.0 0.0
0.0 0.0 0.0
0.0 0.0 0.0
0.0 0.0 0.0
0.0 0.0 0.0
0.0 0.0 0.0
0.0 0.0 0.0
0.0 0.0 0.0
0.0 0.0 0.0
0.0 0.0 0.0
0.0 0.0 0.0
0.0 0.0 0.0
0.0 0.0 0.0
0.0 0.0 0.0
0.0 0.0 0.0
0.0 0.0 0.0
0.0 0.0 0.0
0.0 0.0 0.0
0.0 0.0 0.0
0.0 0.0 0.0
0.0 0.0 0.0
0.0 0.0 0.0
0.0 0.0 0.0
0.0 0.0 0.0
0.0 0.0 0.0
0.0 0.0 0.0
0.0 0.0 0.0
0.0 0.0 0.0
0.0 0.0 0.0
0.0 0.0 0.0
0.0 0.0 0.0
0.0 0.0 0.0
0.0 0.0 0.0
0.0 0.0 0.0
0.0 0.0 0.0
0.0 0.0 0.0
0.0 0.0 0.0
0.0 0.0 0.0
0.0 0.0 0.0
0.0 0.0 0.0
0.0 0.0 0.0
0.0 0.0 0.0
0.0 0.0 0.0
0.0 0.0 0.0
0.0 0.0 0.0
0.0 0.0 0.0
0.0 0.0 0.0
0.0 0.0 0.0
0.0 0.0 0.0
0.0 0.0 0.0
0.0 0.0 0.0
0.0 0.0 0.0
0.0 0.0 0.0
0.0 0.0 0.0
0.0 0.0 0.0
0.0 0.0 0.0
0.0 0.0 0.0
0.0 0.0 0.0
0.0 0.0 0.0
0.0 0.0 0.0
0.0 0.0 0.0
0.0 0.0 0.0
0.0 0.0 0.0
0.0 0.0 0.0
0.0 0.0 0.0
0.0 0.0 0.0
0.0 0.0 0.0
0.0 0.0 0.0
0.0 0.0 0.0
0.0 0.0 0.0
0.0 0.0 0.0
0.0 0.0 0.0
0.0 0.0 0.0
0.0 0.0 0.0
0.0 0.0 0.0
0.0 0.0 0.0
0.0 0.0 0.0
0.0 0.0 0.0
0.0 0.0 0.0
0.0 0.0 0.0
0.0 0.0 0.0
0.0 0.0 0.0
0.0 0.0 0.0
0.0 0.0 0.0
0.0 0.0 0.0
0.0 0.0 0.0
0.0 0.0 0.0
0.0 0.0 0.0
0.0 0.0 0.0
0.0 0.0 0.0
0.0 0.0 0.0
0.0 0.0 0.0
0.0 0.0 0.0
0.0 0.0 0.0
0.0 0.0 0.0
0.0 0.0 0.0
0.0 0.0 0.0
0.0 0.0 0.0
0.0 0.0 0.0
0.0 0.0 0.0
0.0 0.0 0.0
0.0 0.0 0.0
0.0 0.0 0.0
0.0 0.0 0.0
0.0 0.0 0.0
0.0 0.0 0.0
0.0 0.0 0.0
0.0 0.0 0.0
0.0 0.0 0.0
0.0 0.0 0.0
0.0 0.0 0.0
0.0 0.0 0.0
0.0 0.0 0.0
0.0 0.0 0.0
0.0 0.0 0.0
0.0 0.0 0.0
0.0 0.0 0.0
0.0 0.0 0.0
0.0 0.0 0.0
0.0 0.0 0.0
0.0 0.0 0.0
0.0 0.0 0.0
0.0 0.0 0.0
0.0 0.0 0.0
0.0 0.0 0.0
0.0 0.0 0.0
0.0 0.0 0.0
0.0 0.0 0.0
0.0 0.0 0.0
0.0 0.0 0.0
0.0 0.0 0.0
0.0 0.0 0.0
0.0 0.0 0.0
0.0 0.0 0.0
0.0 0.0 0.0
0.0 0.0 0.0
0.0 0.0 0.0
0.0 0.0 0.0
0.0 0.0 0.0
0.0 0.0 0.0
0.0 0.0 0.0
0.0 0.0 0.0
0.0 0.0 0.0
0.0 0.0 0.0
0.0 0.0 0.0
0.0 0.0 0.0
0.0 0.0 0.0
0.0 0.0 0.0
0.0 0.0 0.0
0.0 0.0 0.0
0.0 0.0 0.0
0.0 0.0 0.0
0.0 0.0 0.0
0.0 0.0 0.0
0.0 0.0 0.0
0.0 0.0 0.0
0.0 0.0 0.0
0.0 0.0 0.0
0.0 0.0 0.0
0.0 0.0 0.0
0.0 0.0 0.0
0.0 0.0 0.0
0.0 0.0 0.0
0.0 0.0 0.0
0.0 0.0 0.0
0.0 0.0 0.0
0.0 0.0 0.0
0.0 0.0 0.0
0.0 0.0 0.0
0.0 0.0 0.0
0.0 0.0 0.0
0.0 0.0 0.0
0.0 0.0 0.0
0.0 0.0 0.0
0.0 0.0 0.0
0.0 0.0 0.0
0.0 0.0 0.0
0.0 0.0 0.0
0.0 0.0 0.0
0.0 0.0 0.0
0.0 0.0 0.0
0.0 0.0 0.0
0.0 0.0 0.0
0.0 0.0 0.0
0.0 0.0 0.0
0.0 0.0 0.0
0.0 0.0 0.0
0.0 0.0 0.0
0.0 0.0 0.0
0.0 0.0 0.0
0.0 0.0 0.0
0.0 0.0 0.0
0.0 0.0 0.0
0.0 0.0 0.0
0.0 0.0 0.0
0.0 0.0 0.0
0.0 0.0 0.0
0.0 0.0 0.0
0.0 0.0 0.0
0.0 0.0 0.0
0.0 0.0 0.0
0.0 0.0 0.0
0.0 0.0 0.0
0.0 0.0 0.0
0.0 0.0 0.0
0.0 0.0 0.0
0.0 0.0 0.0
0.0 0.0 0.0
0.0 0.0 0.0
0.0 0.0 0.0
0.0 0.0 0.0
0.0 0.0 0.0
0.0 0.0 0.0
0.0 0.0 0.0
0.0 0.0 0.0
0.0 0.0 0.0
0.0 0.0 0.0
0.0 0.0 0.0
0.0 0.0 0.0
0.0 0.0 0.0
0.0 0.0 0.0
0.0 0.0 0.0
0.0 0.0 0.0
0.0 0.0 0.0
0.0 0.0 0.0
0.0 0.0 0.0
0.0 0.0 0.0
0.0 0.0 0.0
0.0 0.0 0.0
0.0 0.0 0.0
0.0 0.0 0.0
0.0 0.0 0.0
0.0 0.0 0.0
0.0 0.0 0.0
0.0 0.0 0.0
0.0 0.0 0.0
0.0 0.0 0.0
0.0 0.0 0.0
0.0 0.0 0.0
0.0 0.0 0.0
0.0 0.0 0.0
0.0 0.0 0.0
0.0 0.0 0.0
-9.556906700134277 27.685087203979492 -2.9996402263641357
0.0 0.0 0.0
0.0 0.0 0.0
0.0 0.0 0.0
0.0 0.0 0.0
0.0 0.0 0.0
0.0 0.0 0.0
0.0 0.0 0.0
0.0 0.0 0.0
0.0 0.0 0.0
0.0 0.0 0.0
0.0 0.0 0.0
-6.890056133270264 27.145238876342773 -3.1588120460510254
-6.611697673797607 26.84422492980957 -3.1401071548461914
-6.40120792388916 26.793212890625 -3.1480977535247803
0.0 0.0 0.0
-5.9956159591674805 26.735363006591797 -3.168808698654175
-5.790181636810303 26.687091827392578 -3.176985025405884
0.0 0.0 0.0
0.0 0.0 0.0
0.0 0.0 0.0
-4.984636306762695 26.533489227294922 -3.2074220180511475
-4.791504859924316 26.519832611083984 -3.2176826000213623
-4.611149311065674 26.597206115722656 -3.2382123470306396
-4.400907516479492 26.477855682373047 -3.233403205871582
-4.182806491851807 26.295604705810547 -3.2209372520446777
-4.020467281341553 26.46050262451172 -3.2511229515075684
-3.8082337379455566 26.294363021850586 -3.240771532058716
-3.633291721343994 26.38031768798828 -3.2598066329956055
-3.451580047607422 26.446374893188477 -3.275904655456543
-3.2672231197357178 26.46845817565918 -3.286588191986084
-3.0760037899017334 26.431489944458008 -3.29008150100708
-2.8768112659454346 26.316099166870117 -3.2839229106903076
0.0 0.0 0.0
-2.5059709548950195 26.344160079956055 -3.2993762493133545
-2.3189034461975098 26.317481994628906 -3.302039623260498
-2.152472496032715 26.540607452392578 -3.336251974105835
0.0 0.0 0.0
-1.7795346975326538 26.519960403442383 -3.3434677124023438
-1.5864182710647583 26.442245483398438 -3.337543487548828
0.0 0.0 0.0
-1.21840238571167 26.4604434967041 -3.3479385375976562
-1.032073736190796 26.409616470336914 -3.3451337814331055
-0.8523113131523132 26.53978729248047 -3.3633203506469727
-0.6596461534500122 26.358884811401367 -3.3422772884368896
-0.4793494641780853 26.533002853393555 -3.366379737854004
0.0 0.0 0.0
-0.1105620265007019 26.583105087280273 -3.3762130737304688
0.07437679916620255 26.560007095336914 -3.3730506896972656
0.2580811083316803 26.442623138427734 -3.3580777645111084
0.4463052749633789 26.49052619934082 -3.3642618656158447
0.6290445923805237 26.428701400756836 -3.356672763824463
0.8231003880500793 26.749252319335938 -3.3963117599487305
1.0054161548614502 26.64644432067871 -3.3810760974884033
1.1899762153625488 26.623699188232422 -3.376171112060547
1.3912736177444458 26.862672805786133 -3.4045703411102295
1.565293550491333 26.636077880859375 -3.374159097671509
1.7588080167770386 26.75278091430664 -3.3854751586914062
1.9425983428955078 26.709699630737305 -3.375861167907715
2.1308023929595947 26.727169036865234 -3.3740644454956055
2.3198211193084717 26.712158203125 -3.3682618141174316
2.527672290802002 26.931489944458008 -3.3922057151794434
2.7171630859375 26.937410354614258 -3.3871283531188965
2.9213521480560303 27.073040008544922 -3.398085355758667
3.0950186252593994 26.926036834716797 -3.373732805252075
3.3021152019500732 27.0391845703125 -3.382035493850708
3.497800588607788 27.074268341064453 -3.3806982040405273
3.6870946884155273 27.0583438873291 -3.3705930709838867
3.9073715209960938 27.255979537963867 -3.387176036834717
4.105543613433838 27.287033081054688 -3.3831489086151123
4.3033576011657715 27.3089542388916 -3.378113031387329
4.518677234649658 27.413198471069336 -3.382601261138916
4.743607044219971 27.581514358520508 -3.393165349960327
4.935764789581299 27.54949951171875 -3.3791630268096924
5.138363361358643 27.573326110839844 -3.3721539974212646
5.3729939460754395 27.759445190429688 -3.3850693702697754
5.538229465484619 27.56666374206543 -3.350504159927368
0.0 0.0 0.0
6.0310444831848145 27.99510955810547 -3.3781213760375977
6.221303462982178 27.931636810302734 -3.358449697494507
6.44553279876709 28.018157958984375 -3.356945753097534
0.0 0.0 0.0
6.89630651473999 28.16297721862793 -3.346313238143921
7.0871710777282715 28.093854904174805 -3.324127197265625
7.3298516273498535 28.226335525512695 -3.3258955478668213
7.626596450805664 28.551876068115234 -3.350112199783325
7.814807891845703 28.447229385375977 -3.3213717937469482
8.094198226928711 28.68230438232422 -3.3326263427734375
8.280237197875977 28.57921028137207 -3.3045966625213623
8.565911293029785 28.813570022583008 -3.315613269805908
8.832118034362793 28.97133445739746 -3.3166468143463135
9.120233535766602 29.173858642578125 -3.321093797683716
9.36409854888916 29.238059997558594 -3.3100459575653076
9.626241683959961 29.351947784423828 -3.3045947551727295
9.797945976257324 29.187339782714844 -3.267880916595459
0.0 0.0 0.0
10.395030975341797 29.59636116027832 -3.272813558578491
0.0 0.0 0.0
0.0 0.0 0.0
11.278753280639648 30.078699111938477 -3.262697458267212
0.0 0.0 0.0
11.792900085449219 30.167346954345703 -3.226775646209717
12.043288230895996 30.17631721496582 -3.204608201980591
12.405991554260254 30.469371795654297 -3.212646961212158
0.0 0.0 0.0
0.0 0.0 0.0
0.0 0.0 0.0
13.719340324401855 31.173112869262695 -3.1839916706085205
0.0 0.0 0.0
0.0 0.0 0.0
14.648308753967285 31.48555564880371 -3.131692409515381
0.0 0.0 0.0
0.0 0.0 0.0
0.0 0.0 0.0
0.0 0.0 0.0
0.0 0.0 0.0
0.0 0.0 0.0
0.0 0.0 0.0
0.0 0.0 0.0
0.0 0.0 0.0
0.0 0.0 0.0
0.0 0.0 0.0
0.0 0.0 0.0
0.0 0.0 0.0
0.0 0.0 0.0
20.894332885742188 34.85503387451172 -2.9119434356689453
0.0 0.0 0.0
0.0 0.0 0.0
0.0 0.0 0.0
0.0 0.0 0.0
0.0 0.0 0.0
0.0 0.0 0.0
0.0 0.0 0.0
0.0 0.0 0.0
0.0 0.0 0.0
0.0 0.0 0.0
0.0 0.0 0.0
0.0 0.0 0.0
0.0 0.0 0.0
0.0 0.0 0.0
0.0 0.0 0.0
0.0 0.0 0.0
0.0 0.0 0.0
0.0 0.0 0.0
0.0 0.0 0.0
0.0 0.0 0.0
0.0 0.0 0.0
0.0 0.0 0.0
0.0 0.0 0.0
0.0 0.0 0.0
0.0 0.0 0.0
0.0 0.0 0.0
0.0 0.0 0.0
0.0 0.0 0.0
0.0 0.0 0.0
0.0 0.0 0.0
0.0 0.0 0.0
0.0 0.0 0.0
0.0 0.0 0.0
0.0 0.0 0.0
0.0 0.0 0.0
0.0 0.0 0.0
0.0 0.0 0.0
0.0 0.0 0.0
0.0 0.0 0.0
0.0 0.0 0.0
0.0 0.0 0.0
0.0 0.0 0.0
0.0 0.0 0.0
0.0 0.0 0.0
0.0 0.0 0.0
0.0 0.0 0.0
0.0 0.0 0.0
0.0 0.0 0.0
0.0 0.0 0.0
0.0 0.0 0.0
0.0 0.0 0.0
0.0 0.0 0.0
0.0 0.0 0.0
0.0 0.0 0.0
0.0 0.0 0.0
0.0 0.0 0.0
0.0 0.0 0.0
0.0 0.0 0.0
0.0 0.0 0.0
0.0 0.0 0.0
0.0 0.0 0.0
0.0 0.0 0.0
0.0 0.0 0.0
0.0 0.0 0.0
0.0 0.0 0.0
0.0 0.0 0.0
0.0 0.0 0.0
0.0 0.0 0.0
0.0 0.0 0.0
0.0 0.0 0.0
0.0 0.0 0.0
0.0 0.0 0.0
0.0 0.0 0.0
0.0 0.0 0.0
0.0 0.0 0.0
0.0 0.0 0.0
0.0 0.0 0.0
0.0 0.0 0.0
0.0 0.0 0.0
0.0 0.0 0.0
0.0 0.0 0.0
0.0 0.0 0.0
0.0 0.0 0.0
0.0 0.0 0.0
0.0 0.0 0.0
0.0 0.0 0.0
0.0 0.0 0.0
0.0 0.0 0.0
0.0 0.0 0.0
0.0 0.0 0.0
0.0 0.0 0.0
0.0 0.0 0.0
0.0 0.0 0.0
0.0 0.0 0.0
0.0 0.0 0.0
0.0 0.0 0.0
0.0 0.0 0.0
0.0 0.0 0.0
0.0 0.0 0.0
0.0 0.0 0.0
0.0 0.0 0.0
0.0 0.0 0.0
0.0 0.0 0.0
0.0 0.0 0.0
0.0 0.0 0.0
0.0 0.0 0.0
0.0 0.0 0.0
0.0 0.0 0.0
0.0 0.0 0.0
0.0 0.0 0.0
0.0 0.0 0.0
0.0 0.0 0.0
0.0 0.0 0.0
0.0 0.0 0.0
0.0 0.0 0.0
0.0 0.0 0.0
0.0 0.0 0.0
0.0 0.0 0.0
0.0 0.0 0.0
0.0 0.0 0.0
0.0 0.0 0.0
0.0 0.0 0.0
0.0 0.0 0.0
0.0 0.0 0.0
0.0 0.0 0.0
0.0 0.0 0.0
0.0 0.0 0.0
0.0 0.0 0.0
0.0 0.0 0.0
0.0 0.0 0.0
0.0 0.0 0.0
0.0 0.0 0.0
0.0 0.0 0.0
0.0 0.0 0.0
0.0 0.0 0.0
0.0 0.0 0.0
0.0 0.0 0.0
0.0 0.0 0.0
0.0 0.0 0.0
0.0 0.0 0.0
0.0 0.0 0.0
0.0 0.0 0.0
0.0 0.0 0.0
0.0 0.0 0.0
0.0 0.0 0.0
0.0 0.0 0.0
0.0 0.0 0.0
0.0 0.0 0.0
0.0 0.0 0.0
0.0 0.0 0.0
0.0 0.0 0.0
0.0 0.0 0.0
0.0 0.0 0.0
0.0 0.0 0.0
0.0 0.0 0.0
0.0 0.0 0.0
0.0 0.0 0.0
0.0 0.0 0.0
0.0 0.0 0.0
0.0 0.0 0.0
0.0 0.0 0.0
0.0 0.0 0.0
0.0 0.0 0.0
0.0 0.0 0.0
0.0 0.0 0.0
0.0 0.0 0.0
0.0 0.0 0.0
0.0 0.0 0.0
0.0 0.0 0.0
0.0 0.0 0.0
0.0 0.0 0.0
0.0 0.0 0.0
0.0 0.0 0.0
0.0 0.0 0.0
0.0 0.0 0.0
0.0 0.0 0.0
0.0 0.0 0.0
0.0 0.0 0.0
0.0 0.0 0.0
0.0 0.0 0.0
0.0 0.0 0.0
0.0 0.0 0.0
0.0 0.0 0.0
0.0 0.0 0.0
0.0 0.0 0.0
0.0 0.0 0.0
0.0 0.0 0.0
0.0 0.0 0.0
0.0 0.0 0.0
0.0 0.0 0.0
0.0 0.0 0.0
0.0 0.0 0.0
0.0 0.0 0.0
0.0 0.0 0.0
0.0 0.0 0.0
0.0 0.0 0.0
0.0 0.0 0.0
0.0 0.0 0.0
0.0 0.0 0.0
0.0 0.0 0.0
0.0 0.0 0.0
0.0 0.0 0.0
0.0 0.0 0.0
0.0 0.0 0.0
0.0 0.0 0.0
0.0 0.0 0.0
0.0 0.0 0.0
0.0 0.0 0.0
0.0 0.0 0.0
0.0 0.0 0.0
0.0 0.0 0.0
0.0 0.0 0.0
0.0 0.0 0.0
0.0 0.0 0.0
0.0 0.0 0.0
0.0 0.0 0.0
0.0 0.0 0.0
0.0 0.0 0.0
0.0 0.0 0.0
0.0 0.0 0.0
0.0 0.0 0.0
0.0 0.0 0.0
0.0 0.0 0.0
0.0 0.0 0.0
0.0 0.0 0.0
0.0 0.0 0.0
0.0 0.0 0.0
0.0 0.0 0.0
0.0 0.0 0.0
0.0 0.0 0.0
0.0 0.0 0.0
0.0 0.0 0.0
0.0 0.0 0.0
0.0 0.0 0.0
0.0 0.0 0.0
0.0 0.0 0.0
0.0 0.0 0.0
0.0 0.0 0.0
0.0 0.0 0.0
0.0 0.0 0.0
0.0 0.0 0.0
0.0 0.0 0.0
0.0 0.0 0.0
0.0 0.0 0.0
0.0 0.0 0.0
0.0 0.0 0.0
-7.450559139251709 27.340576171875 -3.0748672485351562
0.0 0.0 0.0
-7.0018205642700195 27.193511962890625 -3.090287685394287
0.0 0.0 0.0
-6.560050964355469 27.03144645690918 -3.1000919342041016
0.0 0.0 0.0
-6.130737781524658 26.904787063598633 -3.1134033203125
0.0 0.0 0.0
0.0 0.0 0.0
-5.534888744354248 26.869226455688477 -3.146888017654419
-5.339957237243652 26.867191314697266 -3.158552646636963
0.0 0.0 0.0
0.0 0.0 0.0
-4.765911102294922 26.926218032836914 -3.1991658210754395
-4.529454708099365 26.670303344726562 -3.1785166263580322
-4.405805587768555 27.082517623901367 -3.237685203552246
0.0 0.0 0.0
-3.989809274673462 26.904582977294922 -3.23590087890625
-3.7573189735412598 26.611623764038086 -3.2085022926330566
-3.565190315246582 26.585857391357422 -3.2133657932281494
0.0 0.0 0.0
-3.1848740577697754 26.549434661865234 -3.2253074645996094
-3.0040390491485596 26.635709762573242 -3.242640256881714
-2.8314874172210693 26.778396606445312 -3.2658610343933105
-2.622431755065918 26.56878662109375 -3.246251106262207
0.0 0.0 0.0
-2.2628989219665527 26.72824478149414 -3.2781646251678467
-2.0605545043945312 26.576601028442383 -3.264132261276245
-1.8892723321914673 26.78297233581543 -3.293602705001831
-1.6901352405548096 26.593557357788086 -3.274559259414673
-1.520222783088684 26.871055603027344 -3.313178300857544
-1.3286694288253784 26.78734016418457 -3.3074491024017334
0.0 0.0 0.0
-0.9457762241363525 26.616605758666992 -3.29079008102417
-0.7646504640579224 26.76167106628418 -3.3110597133636475
-0.5781421065330505 26.758220672607422 -3.31312894821167
-0.3921641707420349 26.768993377685547 -3.316956043243408
-0.20278668403625488 26.78656768798828 -3.319154977798462
-0.016373442485928535 26.810556411743164 -3.322309970855713
0.17073304951190948 26.891395568847656 -3.332671642303467
0.3565693199634552 26.808122634887695 -3.3228554725646973
0.5426386594772339 26.781761169433594 -3.3197860717773438
0.7295287251472473 26.800857543945312 -3.320512533187866
0.9213610291481018 26.861164093017578 -3.3264763355255127
1.1131200790405273 26.974451065063477 -3.339179039001465
0.0 0.0 0.0
1.4902775287628174 26.99183464050293 -3.3382461071014404
1.6819511651992798 27.047216415405273 -3.341418743133545
1.8755004405975342 27.066200256347656 -3.3401803970336914
2.054457902908325 26.93328094482422 -3.320434093475342
2.250549077987671 27.023263931274414 -3.328326940536499
0.0 0.0 0.0
2.6503093242645264 27.23802947998047 -3.3448257446289062
2.866082191467285 27.439363479614258 -3.3639414310455322
0.0 0.0 0.0
3.2401764392852783 27.33322525024414 -3.3404104709625244
3.4404518604278564 27.39194679260254 -3.3410136699676514
3.6555798053741455 27.553102493286133 -3.353280544281006
3.8597240447998047 27.593093872070312 -3.350776195526123
4.045571327209473 27.524585723876953 -3.335376024246216
4.233605861663818 27.473989486694336 -3.3223249912261963
4.464657783508301 27.694284439086914 -3.34005069732666
4.670872688293457 27.744417190551758 -3.3368101119995117
0.0 0.0 0.0
5.08742618560791 27.828020095825195 -3.3284974098205566
5.3157830238342285 27.9764461517334 -3.3372485637664795
5.481199741363525 27.79214859008789 -3.304025650024414
5.730035305023193 28.025007247924805 -3.3204948902130127
5.930135726928711 28.009000778198242 -3.307522773742676
6.173644065856934 28.172788619995117 -3.3156583309173584
6.3876261711120605 28.21054458618164 -3.3085405826568604
6.604405879974365 28.2544002532959 -3.3004908561706543
6.832342147827148 28.33805274963379 -3.297135591506958
0.0 0.0 0.0
7.328431606292725 28.627052307128906 -3.30439829826355
7.515713214874268 28.53258514404297 -3.279232978820801
0.0 0.0 0.0
7.995707035064697 28.72517204284668 -3.270906925201416
8.25362491607666 28.872699737548828 -3.2725629806518555
0.0 0.0 0.0
8.748923301696777 29.056241989135742 -3.260833263397217
9.00683307647705 29.17517852783203 -3.256946563720703
9.258622169494629 29.266010284423828 -3.249886989593506
0.0 0.0 0.0
9.741222381591797 29.36415672302246 -3.2257089614868164
10.038291931152344 29.558380126953125 -3.2273483276367188
0.0 0.0 0.0
10.61661148071289 29.88985252380371 -3.2245984077453613
0.0 0.0 0.0
0.0 0.0 0.0
0.0 0.0 0.0
0.0 0.0 0.0
11.979988098144531 30.328062057495117 -3.16524338722229
0.0 0.0 0.0
0.0 0.0 0.0
0.0 0.0 0.0
0.0 0.0 0.0
0.0 0.0 0.0
0.0 0.0 0.0
14.328362464904785 31.662870407104492 -3.1287267208099365
0.0 0.0 0.0
0.0 0.0 0.0
0.0 0.0 0.0
0.0 0.0 0.0
0.0 0.0 0.0
0.0 0.0 0.0
0.0 0.0 0.0
0.0 0.0 0.0
0.0 0.0 0.0
0.0 0.0 0.0
0.0 0.0 0.0
0.0 0.0 0.0
0.0 0.0 0.0
19.810731887817383 34.39124298095703 -2.927234649658203
0.0 0.0 0.0
0.0 0.0 0.0
0.0 0.0 0.0
0.0 0.0 0.0
0.0 0.0 0.0
0.0 0.0 0.0
0.0 0.0 0.0
0.0 0.0 0.0
0.0 0.0 0.0
0.0 0.0 0.0
0.0 0.0 0.0
0.0 0.0 0.0
0.0 0.0 0.0
0.0 0.0 0.0
0.0 0.0 0.0
0.0 0.0 0.0
0.0 0.0 0.0
0.0 0.0 0.0
0.0 0.0 0.0
0.0 0.0 0.0
0.0 0.0 0.0
0.0 0.0 0.0
0.0 0.0 0.0
0.0 0.0 0.0
0.0 0.0 0.0
0.0 0.0 0.0
0.0 0.0 0.0
0.0 0.0 0.0
0.0 0.0 0.0
0.0 0.0 0.0
0.0 0.0 0.0
0.0 0.0 0.0
0.0 0.0 0.0
0.0 0.0 0.0
0.0 0.0 0.0
0.0 0.0 0.0
0.0 0.0 0.0
0.0 0.0 0.0
0.0 0.0 0.0
0.0 0.0 0.0
0.0 0.0 0.0
0.0 0.0 0.0
0.0 0.0 0.0
0.0 0.0 0.0
0.0 0.0 0.0
0.0 0.0 0.0
0.0 0.0 0.0
0.0 0.0 0.0
0.0 0.0 0.0
0.0 0.0 0.0
0.0 0.0 0.0
0.0 0.0 0.0
0.0 0.0 0.0
0.0 0.0 0.0
0.0 0.0 0.0
0.0 0.0 0.0
0.0 0.0 0.0
0.0 0.0 0.0
0.0 0.0 0.0
0.0 0.0 0.0
0.0 0.0 0.0
0.0 0.0 0.0
0.0 0.0 0.0
0.0 0.0 0.0
0.0 0.0 0.0
0.0 0.0 0.0
0.0 0.0 0.0
0.0 0.0 0.0
0.0 0.0 0.0
0.0 0.0 0.0
0.0 0.0 0.0
0.0 0.0 0.0
0.0 0.0 0.0
0.0 0.0 0.0
0.0 0.0 0.0
0.0 0.0 0.0
0.0 0.0 0.0
0.0 0.0 0.0
0.0 0.0 0.0
0.0 0.0 0.0
0.0 0.0 0.0
0.0 0.0 0.0
0.0 0.0 0.0
0.0 0.0 0.0
0.0 0.0 0.0
0.0 0.0 0.0
0.0 0.0 0.0
0.0 0.0 0.0
0.0 0.0 0.0
0.0 0.0 0.0
0.0 0.0 0.0
0.0 0.0 0.0
0.0 0.0 0.0
0.0 0.0 0.0
0.0 0.0 0.0
0.0 0.0 0.0
0.0 0.0 0.0
0.0 0.0 0.0
0.0 0.0 0.0
0.0 0.0 0.0
0.0 0.0 0.0
0.0 0.0 0.0
0.0 0.0 0.0
0.0 0.0 0.0
0.0 0.0 0.0
0.0 0.0 0.0
0.0 0.0 0.0
0.0 0.0 0.0
0.0 0.0 0.0
0.0 0.0 0.0
0.0 0.0 0.0
0.0 0.0 0.0
0.0 0.0 0.0
0.0 0.0 0.0
0.0 0.0 0.0
0.0 0.0 0.0
0.0 0.0 0.0
0.0 0.0 0.0
0.0 0.0 0.0
0.0 0.0 0.0
0.0 0.0 0.0
0.0 0.0 0.0
0.0 0.0 0.0
0.0 0.0 0.0
0.0 0.0 0.0
0.0 0.0 0.0
0.0 0.0 0.0
0.0 0.0 0.0
0.0 0.0 0.0
0.0 0.0 0.0
0.0 0.0 0.0
0.0 0.0 0.0
0.0 0.0 0.0
0.0 0.0 0.0
0.0 0.0 0.0
0.0 0.0 0.0
0.0 0.0 0.0
0.0 0.0 0.0
0.0 0.0 0.0
0.0 0.0 0.0
0.0 0.0 0.0
0.0 0.0 0.0
0.0 0.0 0.0
0.0 0.0 0.0
0.0 0.0 0.0
0.0 0.0 0.0
0.0 0.0 0.0
0.0 0.0 0.0
0.0 0.0 0.0
0.0 0.0 0.0
0.0 0.0 0.0
0.0 0.0 0.0
0.0 0.0 0.0
0.0 0.0 0.0
0.0 0.0 0.0
0.0 0.0 0.0
0.0 0.0 0.0
0.0 0.0 0.0
0.0 0.0 0.0
0.0 0.0 0.0
0.0 0.0 0.0
0.0 0.0 0.0
0.0 0.0 0.0
0.0 0.0 0.0
0.0 0.0 0.0
0.0 0.0 0.0
0.0 0.0 0.0
0.0 0.0 0.0
0.0 0.0 0.0
0.0 0.0 0.0
0.0 0.0 0.0
0.0 0.0 0.0
0.0 0.0 0.0
0.0 0.0 0.0
0.0 0.0 0.0
0.0 0.0 0.0
0.0 0.0 0.0
0.0 0.0 0.0
0.0 0.0 0.0
0.0 0.0 0.0
0.0 0.0 0.0
0.0 0.0 0.0
0.0 0.0 0.0
0.0 0.0 0.0
0.0 0.0 0.0
0.0 0.0 0.0
0.0 0.0 0.0
0.0 0.0 0.0
0.0 0.0 0.0
0.0 0.0 0.0
0.0 0.0 0.0
0.0 0.0 0.0
0.0 0.0 0.0
0.0 0.0 0.0
0.0 0.0 0.0
0.0 0.0 0.0
0.0 0.0 0.0
0.0 0.0 0.0
0.0 0.0 0.0
0.0 0.0 0.0
0.0 0.0 0.0
0.0 0.0 0.0
0.0 0.0 0.0
0.0 0.0 0.0
0.0 0.0 0.0
0.0 0.0 0.0
0.0 0.0 0.0
0.0 0.0 0.0
0.0 0.0 0.0
0.0 0.0 0.0
0.0 0.0 0.0
0.0 0.0 0.0
0.0 0.0 0.0
0.0 0.0 0.0
0.0 0.0 0.0
0.0 0.0 0.0
0.0 0.0 0.0
0.0 0.0 0.0
0.0 0.0 0.0
-14.973626136779785 29.840566635131836 -2.606922149658203
0.0 0.0 0.0
0.0 0.0 0.0
0.0 0.0 0.0
0.0 0.0 0.0
0.0 0.0 0.0
0.0 0.0 0.0
0.0 0.0 0.0
0.0 0.0 0.0
0.0 0.0 0.0
0.0 0.0 0.0
0.0 0.0 0.0
0.0 0.0 0.0
0.0 0.0 0.0
0.0 0.0 0.0
0.0 0.0 0.0
0.0 0.0 0.0
0.0 0.0 0.0
0.0 0.0 0.0
0.0 0.0 0.0
0.0 0.0 0.0
0.0 0.0 0.0
0.0 0.0 0.0
0.0 0.0 0.0
0.0 0.0 0.0
-8.27869701385498 27.693405151367188 -2.9900598526000977
0.0 0.0 0.0
0.0 0.0 0.0
0.0 0.0 0.0
-7.357406139373779 27.379911422729492 -3.021120309829712
-7.113770484924316 27.229196548461914 -3.020007371902466
-6.945494651794434 27.362632751464844 -3.048892021179199
0.0 0.0 0.0
0.0 0.0 0.0
-6.328296661376953 27.32609748840332 -3.087883949279785
-6.0955376625061035 27.182029724121094 -3.084420680999756
0.0 0.0 0.0
0.0 0.0 0.0
-5.465129375457764 27.013099670410156 -3.1016781330108643
-5.307840824127197 27.20867156982422 -3.136542797088623
0.0 0.0 0.0
-4.867209434509277 26.940664291381836 -3.1259751319885254
-4.651630878448486 26.831356048583984 -3.12368106842041
-4.46959924697876 26.892131805419922 -3.1411266326904297
-4.304025173187256 27.059003829956055 -3.170832395553589
-4.086708068847656 26.899017333984375 -3.1603825092315674
0.0 0.0 0.0
-3.682919502258301 26.74308204650879 -3.158959150314331
0.0 0.0 0.0
-3.316657304763794 26.870426177978516 -3.1908137798309326
-3.1446008682250977 27.022830963134766 -3.2153453826904297
-2.9457099437713623 26.946609497070312 -3.2128376960754395
0.0 0.0 0.0
-2.558102607727051 26.89439582824707 -3.220273971557617
-2.3640592098236084 26.837257385253906 -3.2190468311309814
0.0 0.0 0.0
-1.9964827299118042 26.947284698486328 -3.2412354946136475
0.0 0.0 0.0
-1.6158899068832397 26.936302185058594 -3.2496020793914795
-1.4379526376724243 27.124479293823242 -3.2757110595703125
-1.24860417842865 27.117877960205078 -3.277547836303711
-1.0449546575546265 26.745708465576172 -3.2353219985961914
-0.8721609711647034 27.162736892700195 -3.288721799850464
-0.6738006472587585 26.92742156982422 -3.2633724212646484
-0.4895758032798767 27.094079971313477 -3.2848851680755615
-0.30097445845603943 27.09668731689453 -3.2860770225524902
-0.11160481721162796 26.915725708007812 -3.2651596069335938
0.07577570527791977 27.00877571105957 -3.2776362895965576
0.26372870802879333 27.003572463989258 -3.278353214263916
0.45884111523628235 27.237682342529297 -3.3058977127075195
0.6435239315032959 27.04018211364746 -3.2808735370635986
0.8282162547111511 26.92282485961914 -3.265742301940918
1.0186793804168701 27.005727767944336 -3.2750625610351562
1.210219144821167 27.079519271850586 -3.2834317684173584
1.4075969457626343 27.18308448791504 -3.292947292327881
1.606204628944397 27.33572769165039 -3.308551788330078
1.7792739868164062 27.06511688232422 -3.273097515106201
0.0 0.0 0.0
2.1732282638549805 27.263010025024414 -3.2917604446411133
2.371892213821411 27.313459396362305 -3.292778730392456
2.5800912380218506 27.49018096923828 -3.3092195987701416
2.7675065994262695 27.433786392211914 -3.297731399536133
0.0 0.0 0.0
3.1582868099212646 27.475265502929688 -3.293107032775879
3.3810055255889893 27.68438148498535 -3.3111515045166016
3.5434045791625977 27.42662239074707 -3.2736334800720215
3.7521414756774902 27.533090591430664 -3.2797751426696777
3.9744105339050293 27.722503662109375 -3.295881748199463
4.197963714599609 27.898744583129883 -3.309408187866211
4.377066612243652 27.77445411682129 -3.2859513759613037
4.607748031616211 27.95094108581543 -3.298060655593872
4.781274318695068 27.7972354888916 -3.2714877128601074
5.004895210266113 27.932743072509766 -3.2790989875793457
5.264522552490234 28.249832153320312 -3.3064498901367188
5.470901966094971 28.263723373413086 -3.2973318099975586
5.669793128967285 28.21834945678711 -3.2812554836273193
5.85451078414917 28.12287139892578 -3.259728193283081
6.079865455627441 28.21969985961914 -3.260620355606079
6.2989888191223145 28.280935287475586 -3.2554924488067627
6.526640892028809 28.370702743530273 -3.2533438205718994
6.771032333374023 28.50697135925293 -3.2563300132751465
0.0 0.0 0.0
7.191446781158447 28.507980346679688 -3.2316806316375732
7.511220455169678 28.925397872924805 -3.2644803524017334
7.685595512390137 28.773305892944336 -3.2329978942871094
7.972816467285156 29.023698806762695 -3.246546745300293
0.0 0.0 0.0
8.464058876037598 29.216611862182617 -3.2385149002075195
0.0 0.0 0.0
9.02963924407959 29.620891571044922 -3.250185012817383
9.223498344421387 29.50669288635254 -3.221001386642456
9.463595390319824 29.551422119140625 -3.2095792293548584
9.729702949523926 29.672122955322266 -3.2045891284942627
10.052906036376953 29.952503204345703 -3.2163937091827393
0.0 0.0 0.0
10.596752166748047 30.173969268798828 -3.203148126602173
10.819693565368652 30.126548767089844 -3.1786136627197266
0.0 0.0 0.0
0.0 0.0 0.0
11.663007736206055 30.461181640625 -3.15162992477417
0.0 0.0 0.0
0.0 0.0 0.0
12.54503345489502 30.81205177307129 -3.120757579803467
0.0 0.0 0.0
0.0 0.0 0.0
13.576072692871094 31.44803810119629 -3.113680124282837
13.89543342590332 31.571176528930664 -3.099924087524414
14.198901176452637 31.6611385345459 -3.083195209503174
0.0 0.0 0.0
0.0 0.0 0.0
0.0 0.0 0.0
0.0 0.0 0.0
0.0 0.0 0.0
0.0 0.0 0.0
0.0 0.0 0.0
0.0 0.0 0.0
0.0 0.0 0.0
0.0 0.0 0.0
0.0 0.0 0.0
0.0 0.0 0.0
0.0 0.0 0.0
0.0 0.0 0.0
0.0 0.0 0.0
0.0 0.0 0.0
21.352249145507812 35.615238189697266 -2.876960277557373
0.0 0.0 0.0
0.0 0.0 0.0
0.0 0.0 0.0
0.0 0.0 0.0
0.0 0.0 0.0
0.0 0.0 0.0
0.0 0.0 0.0
0.0 0.0 0.0
0.0 0.0 0.0
0.0 0.0 0.0
0.0 0.0 0.0
0.0 0.0 0.0
0.0 0.0 0.0
0.0 0.0 0.0
0.0 0.0 0.0
0.0 0.0 0.0
0.0 0.0 0.0
0.0 0.0 0.0
0.0 0.0 0.0
0.0 0.0 0.0
0.0 0.0 0.0
0.0 0.0 0.0
0.0 0.0 0.0
0.0 0.0 0.0
0.0 0.0 0.0
0.0 0.0 0.0
0.0 0.0 0.0
0.0 0.0 0.0
0.0 0.0 0.0
0.0 0.0 0.0
0.0 0.0 0.0
0.0 0.0 0.0
0.0 0.0 0.0
0.0 0.0 0.0
0.0 0.0 0.0
0.0 0.0 0.0
0.0 0.0 0.0
0.0 0.0 0.0
0.0 0.0 0.0
0.0 0.0 0.0
0.0 0.0 0.0
0.0 0.0 0.0
0.0 0.0 0.0
0.0 0.0 0.0
0.0 0.0 0.0
0.0 0.0 0.0
0.0 0.0 0.0
0.0 0.0 0.0
0.0 0.0 0.0
0.0 0.0 0.0
0.0 0.0 0.0
0.0 0.0 0.0
0.0 0.0 0.0
0.0 0.0 0.0
0.0 0.0 0.0
0.0 0.0 0.0
0.0 0.0 0.0
0.0 0.0 0.0
0.0 0.0 0.0
0.0 0.0 0.0
0.0 0.0 0.0
0.0 0.0 0.0
0.0 0.0 0.0
0.0 0.0 0.0
0.0 0.0 0.0
0.0 0.0 0.0
0.0 0.0 0.0
0.0 0.0 0.0
0.0 0.0 0.0
0.0 0.0 0.0
0.0 0.0 0.0
0.0 0.0 0.0
0.0 0.0 0.0
0.0 0.0 0.0
0.0 0.0 0.0
0.0 0.0 0.0
0.0 0.0 0.0
0.0 0.0 0.0
0.0 0.0 0.0
0.0 0.0 0.0
0.0 0.0 0.0
0.0 0.0 0.0
0.0 0.0 0.0
0.0 0.0 0.0
0.0 0.0 0.0
0.0 0.0 0.0
0.0 0.0 0.0
0.0 0.0 0.0
0.0 0.0 0.0
0.0 0.0 0.0
0.0 0.0 0.0
0.0 0.0 0.0
0.0 0.0 0.0
0.0 0.0 0.0
0.0 0.0 0.0
0.0 0.0 0.0
0.0 0.0 0.0
0.0 0.0 0.0
0.0 0.0 0.0
0.0 0.0 0.0
0.0 0.0 0.0
0.0 0.0 0.0
0.0 0.0 0.0
0.0 0.0 0.0
0.0 0.0 0.0
0.0 0.0 0.0
0.0 0.0 0.0
0.0 0.0 0.0
0.0 0.0 0.0
0.0 0.0 0.0
0.0 0.0 0.0
0.0 0.0 0.0
0.0 0.0 0.0
0.0 0.0 0.0
0.0 0.0 0.0
0.0 0.0 0.0
0.0 0.0 0.0
0.0 0.0 0.0
0.0 0.0 0.0
0.0 0.0 0.0
0.0 0.0 0.0
0.0 0.0 0.0
0.0 0.0 0.0
0.0 0.0 0.0
0.0 0.0 0.0
0.0 0.0 0.0
0.0 0.0 0.0
0.0 0.0 0.0
0.0 0.0 0.0
0.0 0.0 0.0
0.0 0.0 0.0
0.0 0.0 0.0
0.0 0.0 0.0
0.0 0.0 0.0
0.0 0.0 0.0
0.0 0.0 0.0
0.0 0.0 0.0
0.0 0.0 0.0
0.0 0.0 0.0
0.0 0.0 0.0
0.0 0.0 0.0
0.0 0.0 0.0
0.0 0.0 0.0
0.0 0.0 0.0
0.0 0.0 0.0
0.0 0.0 0.0
0.0 0.0 0.0
0.0 0.0 0.0
0.0 0.0 0.0
0.0 0.0 0.0
0.0 0.0 0.0
0.0 0.0 0.0
0.0 0.0 0.0
0.0 0.0 0.0
0.0 0.0 0.0
0.0 0.0 0.0
0.0 0.0 0.0
0.0 0.0 0.0
0.0 0.0 0.0
0.0 0.0 0.0
0.0 0.0 0.0
0.0 0.0 0.0
0.0 0.0 0.0
0.0 0.0 0.0
0.0 0.0 0.0
0.0 0.0 0.0
0.0 0.0 0.0
0.0 0.0 0.0
0.0 0.0 0.0
0.0 0.0 0.0
0.0 0.0 0.0
0.0 0.0 0.0
0.0 0.0 0.0
0.0 0.0 0.0
0.0 0.0 0.0
0.0 0.0 0.0
0.0 0.0 0.0
0.0 0.0 0.0
0.0 0.0 0.0
0.0 0.0 0.0
0.0 0.0 0.0
0.0 0.0 0.0
0.0 0.0 0.0
0.0 0.0 0.0
0.0 0.0 0.0
0.0 0.0 0.0
0.0 0.0 0.0
0.0 0.0 0.0
0.0 0.0 0.0
0.0 0.0 0.0
0.0 0.0 0.0
0.0 0.0 0.0
0.0 0.0 0.0
0.0 0.0 0.0
0.0 0.0 0.0
0.0 0.0 0.0
0.0 0.0 0.0
0.0 0.0 0.0
0.0 0.0 0.0
0.0 0.0 0.0
0.0 0.0 0.0
0.0 0.0 0.0
0.0 0.0 0.0
0.0 0.0 0.0
0.0 0.0 0.0
0.0 0.0 0.0
0.0 0.0 0.0
0.0 0.0 0.0
0.0 0.0 0.0
0.0 0.0 0.0
0.0 0.0 0.0
0.0 0.0 0.0
0.0 0.0 0.0
0.0 0.0 0.0
0.0 0.0 0.0
0.0 0.0 0.0
0.0 0.0 0.0
0.0 0.0 0.0
0.0 0.0 0.0
0.0 0.0 0.0
0.0 0.0 0.0
0.0 0.0 0.0
0.0 0.0 0.0
0.0 0.0 0.0
0.0 0.0 0.0
0.0 0.0 0.0
0.0 0.0 0.0
0.0 0.0 0.0
0.0 0.0 0.0
0.0 0.0 0.0
0.0 0.0 0.0
0.0 0.0 0.0
0.0 0.0 0.0
0.0 0.0 0.0
0.0 0.0 0.0
0.0 0.0 0.0
0.0 0.0 0.0
0.0 0.0 0.0
0.0 0.0 0.0
0.0 0.0 0.0
0.0 0.0 0.0
0.0 0.0 0.0
0.0 0.0 0.0
0.0 0.0 0.0
0.0 0.0 0.0
0.0 0.0 0.0
0.0 0.0 0.0
0.0 0.0 0.0
0.0 0.0 0.0
-6.887487888336182 27.543607711791992 -3.009880781173706
-6.7231364250183105 27.705989837646484 -3.042032241821289
0.0 0.0 0.0
0.0 0.0 0.0
0.0 0.0 0.0
0.0 0.0 0.0
-5.5983662605285645 27.176713943481445 -3.046199321746826
0.0 0.0 0.0
-5.200129508972168 27.169397354125977 -3.066669225692749
-5.0578107833862305 27.45918083190918 -3.109776496887207
-4.832536220550537 27.301006317138672 -3.1023268699645996
-4.58956241607666 27.022415161132812 -3.0811502933502197
-4.463095664978027 27.4355411529541 -3.1370887756347656
-4.209048748016357 27.081539154052734 -3.1052587032318115
-4.039119243621826 27.235538482666016 -3.1316041946411133
0.0 0.0 0.0
0.0 0.0 0.0
-3.4335193634033203 27.029159545898438 -3.131922721862793
0.0 0.0 0.0
-3.069143772125244 27.21528434753418 -3.1671345233917236
-2.8848485946655273 27.285083770751953 -3.1822476387023926
-2.6665587425231934 27.021644592285156 -3.158121347427368
-2.49100923538208 27.173978805541992 -3.180659770965576
-2.2949094772338867 27.10868263244629 -3.17789363861084
-2.0993168354034424 27.077030181884766 -3.1792895793914795
-1.9082856178283691 27.051483154296875 -3.1814491748809814
0.0 0.0 0.0
-1.5358511209487915 27.151708602905273 -3.2006609439849854
-1.3465681076049805 27.153491973876953 -3.2039308547973633
-1.1514545679092407 27.092071533203125 -3.1999454498291016
-0.9609203338623047 27.040781021118164 -3.19724178314209
-0.7801119685173035 27.306251525878906 -3.2310683727264404
-0.5849892497062683 27.074247360229492 -3.204725503921509
-0.4000700116157532 27.298553466796875 -3.232548952102661
0.0 0.0 0.0
-0.016873104497790337 27.250652313232422 -3.2299180030822754
0.1735914796590805 27.420759201049805 -3.2504072189331055
0.3641970157623291 27.40349006652832 -3.247581720352173
0.5520573854446411 27.260787963867188 -3.2300519943237305
0.7455472946166992 27.395999908447266 -3.2456088066101074
0.9371930956840515 27.324247360229492 -3.236798048019409
1.129879355430603 27.383262634277344 -3.2420480251312256
1.3172203302383423 27.309280395507812 -3.2307815551757812
1.5179145336151123 27.493534088134766 -3.250211238861084
0.0 0.0 0.0
1.9114627838134766 27.582584381103516 -3.2564215660095215
0.0 0.0 0.0
2.301274538040161 27.62813949584961 -3.2534427642822266
2.5119078159332275 27.816980361938477 -3.2713544368743896
2.6950743198394775 27.691417694091797 -3.2524290084838867
0.0 0.0 0.0
3.094097375869751 27.748985290527344 -3.2492165565490723
0.0 0.0 0.0
3.4921305179595947 27.801481246948242 -3.2433435916900635
3.7103161811828613 27.96602439880371 -3.256723165512085
3.9191713333129883 28.016918182373047 -3.2568395137786865
4.129482269287109 28.097827911376953 -3.25809907913208
4.317348957061768 28.01983642578125 -3.241054058074951
4.543006420135498 28.182016372680664 -3.2519164085388184
4.732468605041504 28.11276626586914 -3.2361886501312256
4.951362133026123 28.21432113647461 -3.2398931980133057
5.163217544555664 28.2449951171875 -3.2334678173065186
0.0 0.0 0.0
5.622901916503906 28.508501052856445 -3.2442898750305176
5.818307399749756 28.454984664916992 -3.2287559509277344
6.032553195953369 28.491382598876953 -3.222608804702759
6.244880199432373 28.499147415161133 -3.211582899093628
6.494610786437988 28.684045791625977 -3.220757484436035
0.0 0.0 0.0
6.9419331550598145 28.794544219970703 -3.210101842880249
0.0 0.0 0.0
7.404043674468994 28.92393684387207 -3.1980104446411133
7.693103313446045 29.20411491394043 -3.2154531478881836
7.912050247192383 29.208040237426758 -3.202472686767578
8.200423240661621 29.457263946533203 -3.216364860534668
0.0 0.0 0.0
8.64559268951416 29.45189094543457 -3.184486150741577
0.0 0.0 0.0
0.0 0.0 0.0
9.375816345214844 29.63850975036621 -3.157717227935791
9.64746379852295 29.774456024169922 -3.154831886291504
9.95817756652832 30.018733978271484 -3.163282632827759
0.0 0.0 0.0
10.483859062194824 30.177942276000977 -3.1449432373046875
10.79654598236084 30.3963565826416 -3.1486928462982178
11.160923957824707 30.743371963500977 -3.165020227432251
11.344043731689453 30.58371353149414 -3.129124402999878
11.650544166564941 30.741567611694336 -3.125422716140747
0.0 0.0 0.0
0.0 0.0 0.0
0.0 0.0 0.0
0.0 0.0 0.0
0.0 0.0 0.0
13.379929542541504 31.291059494018555 -3.0491373538970947
0.0 0.0 0.0
0.0 0.0 0.0
0.0 0.0 0.0
0.0 0.0 0.0
0.0 0.0 0.0
0.0 0.0 0.0
0.0 0.0 0.0
0.0 0.0 0.0
0.0 0.0 0.0
17.10565757751465 33.35322189331055 -2.972644805908203
0.0 0.0 0.0
0.0 0.0 0.0
0.0 0.0 0.0
0.0 0.0 0.0
0.0 0.0 0.0
0.0 0.0 0.0
0.0 0.0 0.0
0.0 0.0 0.0
0.0 0.0 0.0
0.0 0.0 0.0
0.0 0.0 0.0
0.0 0.0 0.0
0.0 0.0 0.0
0.0 0.0 0.0
0.0 0.0 0.0
0.0 0.0 0.0
0.0 0.0 0.0
0.0 0.0 0.0
0.0 0.0 0.0
0.0 0.0 0.0
0.0 0.0 0.0
0.0 0.0 0.0
0.0 0.0 0.0
0.0 0.0 0.0
0.0 0.0 0.0
0.0 0.0 0.0
0.0 0.0 0.0
0.0 0.0 0.0
0.0 0.0 0.0
0.0 0.0 0.0
0.0 0.0 0.0
0.0 0.0 0.0
0.0 0.0 0.0
0.0 0.0 0.0
0.0 0.0 0.0
0.0 0.0 0.0
0.0 0.0 0.0
0.0 0.0 0.0
0.0 0.0 0.0
0.0 0.0 0.0
0.0 0.0 0.0
0.0 0.0 0.0
0.0 0.0 0.0
0.0 0.0 0.0
0.0 0.0 0.0
0.0 0.0 0.0
0.0 0.0 0.0
0.0 0.0 0.0
0.0 0.0 0.0
0.0 0.0 0.0
0.0 0.0 0.0
0.0 0.0 0.0
0.0 0.0 0.0
0.0 0.0 0.0
0.0 0.0 0.0
0.0 0.0 0.0
0.0 0.0 0.0
0.0 0.0 0.0
0.0 0.0 0.0
0.0 0.0 0.0
0.0 0.0 0.0
0.0 0.0 0.0
0.0 0.0 0.0
0.0 0.0 0.0
0.0 0.0 0.0
0.0 0.0 0.0
0.0 0.0 0.0
0.0 0.0 0.0
0.0 0.0 0.0
0.0 0.0 0.0
0.0 0.0 0.0
0.0 0.0 0.0
0.0 0.0 0.0
0.0 0.0 0.0
0.0 0.0 0.0
0.0 0.0 0.0
0.0 0.0 0.0
0.0 0.0 0.0
0.0 0.0 0.0
0.0 0.0 0.0
0.0 0.0 0.0
0.0 0.0 0.0
0.0 0.0 0.0
0.0 0.0 0.0
0.0 0.0 0.0
0.0 0.0 0.0
0.0 0.0 0.0
0.0 0.0 0.0
0.0 0.0 0.0
0.0 0.0 0.0
0.0 0.0 0.0
0.0 0.0 0.0
0.0 0.0 0.0
0.0 0.0 0.0
0.0 0.0 0.0
0.0 0.0 0.0
0.0 0.0 0.0
0.0 0.0 0.0
0.0 0.0 0.0
0.0 0.0 0.0
0.0 0.0 0.0
0.0 0.0 0.0
0.0 0.0 0.0
0.0 0.0 0.0
0.0 0.0 0.0
0.0 0.0 0.0
0.0 0.0 0.0
0.0 0.0 0.0
0.0 0.0 0.0
0.0 0.0 0.0
0.0 0.0 0.0
0.0 0.0 0.0
0.0 0.0 0.0
0.0 0.0 0.0
0.0 0.0 0.0
0.0 0.0 0.0
0.0 0.0 0.0
0.0 0.0 0.0
0.0 0.0 0.0
0.0 0.0 0.0
0.0 0.0 0.0
0.0 0.0 0.0
0.0 0.0 0.0
0.0 0.0 0.0
0.0 0.0 0.0
0.0 0.0 0.0
0.0 0.0 0.0
0.0 0.0 0.0
0.0 0.0 0.0
0.0 0.0 0.0
0.0 0.0 0.0
0.0 0.0 0.0
0.0 0.0 0.0
0.0 0.0 0.0
0.0 0.0 0.0
0.0 0.0 0.0
0.0 0.0 0.0
0.0 0.0 0.0
0.0 0.0 0.0
0.0 0.0 0.0
0.0 0.0 0.0
0.0 0.0 0.0
0.0 0.0 0.0
0.0 0.0 0.0
0.0 0.0 0.0
0.0 0.0 0.0
0.0 0.0 0.0
0.0 0.0 0.0
0.0 0.0 0.0
0.0 0.0 0.0
0.0 0.0 0.0
0.0 0.0 0.0
0.0 0.0 0.0
0.0 0.0 0.0
0.0 0.0 0.0
0.0 0.0 0.0
0.0 0.0 0.0
0.0 0.0 0.0
0.0 0.0 0.0
0.0 0.0 0.0
0.0 0.0 0.0
0.0 0.0 0.0
0.0 0.0 0.0
0.0 0.0 0.0
0.0 0.0 0.0
0.0 0.0 0.0
0.0 0.0 0.0
0.0 0.0 0.0
0.0 0.0 0.0
0.0 0.0 0.0
0.0 0.0 0.0
0.0 0.0 0.0
0.0 0.0 0.0
0.0 0.0 0.0
0.0 0.0 0.0
0.0 0.0 0.0
-58.808448791503906 121.86736297607422 12.790865898132324
0.0 0.0 0.0
0.0 0.0 0.0
0.0 0.0 0.0
0.0 0.0 0.0
0.0 0.0 0.0
0.0 0.0 0.0
0.0 0.0 0.0
0.0 0.0 0.0
0.0 0.0 0.0
0.0 0.0 0.0
0.0 0.0 0.0
0.0 0.0 0.0
0.0 0.0 0.0
0.0 0.0 0.0
0.0 0.0 0.0
0.0 0.0 0.0
0.0 0.0 0.0
0.0 0.0 0.0
0.0 0.0 0.0
0.0 0.0 0.0
0.0 0.0 0.0
0.0 0.0 0.0
0.0 0.0 0.0
0.0 0.0 0.0
0.0 0.0 0.0
0.0 0.0 0.0
0.0 0.0 0.0
0.0 0.0 0.0
0.0 0.0 0.0
0.0 0.0 0.0
0.0 0.0 0.0
0.0 0.0 0.0
0.0 0.0 0.0
0.0 0.0 0.0
0.0 0.0 0.0
0.0 0.0 0.0
0.0 0.0 0.0
0.0 0.0 0.0
0.0 0.0 0.0
0.0 0.0 0.0
0.0 0.0 0.0
0.0 0.0 0.0
0.0 0.0 0.0
0.0 0.0 0.0
0.0 0.0 0.0
0.0 0.0 0.0
0.0 0.0 0.0
0.0 0.0 0.0
0.0 0.0 0.0
0.0 0.0 0.0
0.0 0.0 0.0
0.0 0.0 0.0
0.0 0.0 0.0
0.0 0.0 0.0
0.0 0.0 0.0
0.0 0.0 0.0
0.0 0.0 0.0
0.0 0.0 0.0
0.0 0.0 0.0
0.0 0.0 0.0
0.0 0.0 0.0
0.0 0.0 0.0
0.0 0.0 0.0
0.0 0.0 0.0
0.0 0.0 0.0
0.0 0.0 0.0
0.0 0.0 0.0
0.0 0.0 0.0
0.0 0.0 0.0
0.0 0.0 0.0
0.0 0.0 0.0
0.0 0.0 0.0
0.0 0.0 0.0
0.0 0.0 0.0
0.0 0.0 0.0
0.0 0.0 0.0
0.0 0.0 0.0
0.0 0.0 0.0
0.0 0.0 0.0
0.0 0.0 0.0
-7.071001052856445 27.858070373535156 -2.9703078269958496
0.0 0.0 0.0
-6.661036491394043 27.879066467285156 -2.999777317047119
0.0 0.0 0.0
0.0 0.0 0.0
-6.0099196434021 27.699140548706055 -3.0184741020202637
0.0 0.0 0.0
0.0 0.0 0.0
0.0 0.0 0.0
-5.157918453216553 27.45676040649414 -3.036452054977417
-4.950573921203613 27.402517318725586 -3.04140567779541
-4.767270565032959 27.500490188598633 -3.0622243881225586
0.0 0.0 0.0
0.0 0.0 0.0
-4.179986000061035 27.517091751098633 -3.091301202774048
0.0 0.0 0.0
0.0 0.0 0.0
0.0 0.0 0.0
0.0 0.0 0.0
0.0 0.0 0.0
0.0 0.0 0.0
-2.7881710529327393 27.263534545898438 -3.113554000854492
0.0 0.0 0.0
-2.3968374729156494 27.201648712158203 -3.117100954055786
0.0 0.0 0.0
-2.0193328857421875 27.246191024780273 -3.1332762241363525
-1.8285173177719116 27.243555068969727 -3.1362576484680176
-1.6406177282333374 27.340484619140625 -3.1509222984313965
-1.4532841444015503 27.408824920654297 -3.162405014038086
-1.2645989656448364 27.460355758666992 -3.1721107959747314
-1.0795303583145142 27.626955032348633 -3.1949782371520996
-0.8815054893493652 27.45513153076172 -3.176602602005005
-0.6859512329101562 27.413869857788086 -3.173504590988159
-0.49634167551994324 27.483673095703125 -3.183391809463501
-0.3049755096435547 27.47844123840332 -3.1847455501556396
0.0 0.0 0.0
0.07803946733474731 27.720415115356445 -3.214235305786133
0.26864010095596313 27.47477149963379 -3.1857454776763916
0.4653320610523224 27.61187171936035 -3.201794385910034
0.6623086929321289 27.817459106445312 -3.2259411811828613
0.859716534614563 27.936389923095703 -3.2394189834594727
1.0514941215515137 27.864131927490234 -3.2290782928466797
1.2369362115859985 27.670387268066406 -3.204832077026367
1.4372797012329102 27.75038719177246 -3.2124266624450684
1.632975459098816 27.786516189575195 -3.2151193618774414
1.8249768018722534 27.75943374633789 -3.209681987762451
0.0 0.0 0.0
2.2355728149414062 28.042024612426758 -3.2351152896881104
2.4086151123046875 27.73226547241211 -3.19596529006958
2.6152122020721436 27.862260818481445 -3.2077314853668213
2.8282597064971924 28.037220001220703 -3.223501443862915
3.025869131088257 28.0408992767334 -3.2183773517608643
3.218109130859375 27.996938705444336 -3.2079484462738037
3.4254531860351562 28.047531127929688 -3.208397626876831
3.6223905086517334 28.039321899414062 -3.2023634910583496
3.836411714553833 28.152942657470703 -3.2087841033935547
4.057755470275879 28.303468704223633 -3.2185218334198
0.0 0.0 0.0
4.456268310546875 28.27727508544922 -3.2011523246765137
4.717357158660889 28.6138858795166 -3.2320587635040283
4.920362949371338 28.604719161987305 -3.222198009490967
5.107192516326904 28.50242042541504 -3.201464891433716
5.379626274108887 28.864578247070312 -3.2329518795013428
0.0 0.0 0.0
5.754110813140869 28.636817932128906 -3.189453601837158
6.015104293823242 28.894304275512695 -3.207073450088501
0.0 0.0 0.0
6.4386491775512695 28.905813217163086 -3.1864194869995117
6.66547155380249 28.97166633605957 -3.182866334915161
0.0 0.0 0.0
7.1486287117004395 29.19203758239746 -3.1829307079315186
0.0 0.0 0.0
7.618344783782959 29.337867736816406 -3.1734988689422607
7.8526201248168945 29.39864730834961 -3.167555093765259
8.118316650390625 29.554201126098633 -3.1705291271209717
0.0 0.0 0.0
8.599844932556152 29.68514633178711 -3.1553635597229004
0.0 0.0 0.0
0.0 0.0 0.0
9.362570762634277 29.95339584350586 -3.1382813453674316
9.610618591308594 30.011878967285156 -3.1278438568115234
0.0 0.0 0.0
0.0 0.0 0.0
0.0 0.0 0.0
10.73598861694336 30.57086753845215 -3.116724967956543
0.0 0.0 0.0
0.0 0.0 0.0
11.598590850830078 30.931774139404297 -3.09672212600708
11.95028305053711 31.208927154541016 -3.104036808013916
0.0 0.0 0.0
0.0 0.0 0.0
0.0 0.0 0.0
0.0 0.0 0.0
13.39201545715332 31.623804092407227 -3.036836862564087
13.748684883117676 31.846759796142578 -3.035081386566162
0.0 0.0 0.0
0.0 0.0 0.0
0.0 0.0 0.0
0.0 0.0 0.0
0.0 0.0 0.0
0.0 0.0 0.0
0.0 0.0 0.0
0.0 0.0 0.0
0.0 0.0 0.0
0.0 0.0 0.0
17.86798667907715 33.96759033203125 -2.9302563667297363
18.324037551879883 34.24521255493164 -2.921761989593506
18.7266845703125 34.42109680175781 -2.904629707336426
0.0 0.0 0.0
0.0 0.0 0.0
0.0 0.0 0.0
0.0 0.0 0.0
0.0 0.0 0.0
0.0 0.0 0.0
0.0 0.0 0.0
22.735652923583984 36.750457763671875 -2.7910640239715576
0.0 0.0 0.0
0.0 0.0 0.0
0.0 0.0 0.0
0.0 0.0 0.0
0.0 0.0 0.0
0.0 0.0 0.0
0.0 0.0 0.0
0.0 0.0 0.0
0.0 0.0 0.0
0.0 0.0 0.0
0.0 0.0 0.0
0.0 0.0 0.0
0.0 0.0 0.0
0.0 0.0 0.0
0.0 0.0 0.0
0.0 0.0 0.0
0.0 0.0 0.0
0.0 0.0 0.0
0.0 0.0 0.0
0.0 0.0 0.0
0.0 0.0 0.0
0.0 0.0 0.0
0.0 0.0 0.0
0.0 0.0 0.0
0.0 0.0 0.0
0.0 0.0 0.0
0.0 0.0 0.0
0.0 0.0 0.0
0.0 0.0 0.0
0.0 0.0 0.0
0.0 0.0 0.0
0.0 0.0 0.0
0.0 0.0 0.0
0.0 0.0 0.0
0.0 0.0 0.0
0.0 0.0 0.0
0.0 0.0 0.0
0.0 0.0 0.0
0.0 0.0 0.0
0.0 0.0 0.0
0.0 0.0 0.0
0.0 0.0 0.0
0.0 0.0 0.0
0.0 0.0 0.0
0.0 0.0 0.0
0.0 0.0 0.0
0.0 0.0 0.0
0.0 0.0 0.0
0.0 0.0 0.0
0.0 0.0 0.0
0.0 0.0 0.0
0.0 0.0 0.0
0.0 0.0 0.0
0.0 0.0 0.0
0.0 0.0 0.0
0.0 0.0 0.0
0.0 0.0 0.0
0.0 0.0 0.0
0.0 0.0 0.0
0.0 0.0 0.0
0.0 0.0 0.0
0.0 0.0 0.0
0.0 0.0 0.0
0.0 0.0 0.0
0.0 0.0 0.0
0.0 0.0 0.0
0.0 0.0 0.0
0.0 0.0 0.0
0.0 0.0 0.0
0.0 0.0 0.0
0.0 0.0 0.0
0.0 0.0 0.0
0.0 0.0 0.0
0.0 0.0 0.0
0.0 0.0 0.0
0.0 0.0 0.0
0.0 0.0 0.0
0.0 0.0 0.0
0.0 0.0 0.0
0.0 0.0 0.0
0.0 0.0 0.0
0.0 0.0 0.0
0.0 0.0 0.0
0.0 0.0 0.0
0.0 0.0 0.0
0.0 0.0 0.0
0.0 0.0 0.0
0.0 0.0 0.0
0.0 0.0 0.0
0.0 0.0 0.0
0.0 0.0 0.0
0.0 0.0 0.0
0.0 0.0 0.0
0.0 0.0 0.0
0.0 0.0 0.0
0.0 0.0 0.0
0.0 0.0 0.0
0.0 0.0 0.0
0.0 0.0 0.0
0.0 0.0 0.0
0.0 0.0 0.0
0.0 0.0 0.0
0.0 0.0 0.0
0.0 0.0 0.0
0.0 0.0 0.0
0.0 0.0 0.0
0.0 0.0 0.0
0.0 0.0 0.0
0.0 0.0 0.0
0.0 0.0 0.0
0.0 0.0 0.0
0.0 0.0 0.0
0.0 0.0 0.0
0.0 0.0 0.0
0.0 0.0 0.0
0.0 0.0 0.0
0.0 0.0 0.0
0.0 0.0 0.0
0.0 0.0 0.0
0.0 0.0 0.0
0.0 0.0 0.0
0.0 0.0 0.0
0.0 0.0 0.0
0.0 0.0 0.0
0.0 0.0 0.0
0.0 0.0 0.0
0.0 0.0 0.0
0.0 0.0 0.0
0.0 0.0 0.0
0.0 0.0 0.0
0.0 0.0 0.0
0.0 0.0 0.0
0.0 0.0 0.0
0.0 0.0 0.0
0.0 0.0 0.0
0.0 0.0 0.0
0.0 0.0 0.0
0.0 0.0 0.0
0.0 0.0 0.0
0.0 0.0 0.0
0.0 0.0 0.0
0.0 0.0 0.0
0.0 0.0 0.0
0.0 0.0 0.0
0.0 0.0 0.0
0.0 0.0 0.0
0.0 0.0 0.0
0.0 0.0 0.0
0.0 0.0 0.0
0.0 0.0 0.0
0.0 0.0 0.0
0.0 0.0 0.0
0.0 0.0 0.0
0.0 0.0 0.0
0.0 0.0 0.0
0.0 0.0 0.0
0.0 0.0 0.0
0.0 0.0 0.0
0.0 0.0 0.0
0.0 0.0 0.0
0.0 0.0 0.0
0.0 0.0 0.0
0.0 0.0 0.0
0.0 0.0 0.0
0.0 0.0 0.0
0.0 0.0 0.0
-59.2724723815918 121.7581787109375 12.431106567382812
0.0 0.0 0.0
0.0 0.0 0.0
0.0 0.0 0.0
0.0 0.0 0.0
0.0 0.0 0.0
0.0 0.0 0.0
0.0 0.0 0.0
0.0 0.0 0.0
0.0 0.0 0.0
0.0 0.0 0.0
0.0 0.0 0.0
0.0 0.0 0.0
0.0 0.0 0.0
0.0 0.0 0.0
0.0 0.0 0.0
0.0 0.0 0.0
0.0 0.0 0.0
0.0 0.0 0.0
0.0 0.0 0.0
0.0 0.0 0.0
0.0 0.0 0.0
0.0 0.0 0.0
0.0 0.0 0.0
0.0 0.0 0.0
0.0 0.0 0.0
0.0 0.0 0.0
0.0 0.0 0.0
0.0 0.0 0.0
0.0 0.0 0.0
0.0 0.0 0.0
0.0 0.0 0.0
0.0 0.0 0.0
0.0 0.0 0.0
0.0 0.0 0.0
0.0 0.0 0.0
0.0 0.0 0.0
0.0 0.0 0.0
0.0 0.0 0.0
0.0 0.0 0.0
0.0 0.0 0.0
0.0 0.0 0.0
0.0 0.0 0.0
0.0 0.0 0.0
0.0 0.0 0.0
0.0 0.0 0.0
0.0 0.0 0.0
0.0 0.0 0.0
0.0 0.0 0.0
0.0 0.0 0.0
0.0 0.0 0.0
0.0 0.0 0.0
0.0 0.0 0.0
0.0 0.0 0.0
0.0 0.0 0.0
0.0 0.0 0.0
0.0 0.0 0.0
0.0 0.0 0.0
0.0 0.0 0.0
0.0 0.0 0.0
0.0 0.0 0.0
0.0 0.0 0.0
0.0 0.0 0.0
0.0 0.0 0.0
0.0 0.0 0.0
0.0 0.0 0.0
0.0 0.0 0.0
0.0 0.0 0.0
0.0 0.0 0.0
0.0 0.0 0.0
0.0 0.0 0.0
0.0 0.0 0.0
-9.050189018249512 28.456859588623047 -2.8402321338653564
0.0 0.0 0.0
0.0 0.0 0.0
-8.306525230407715 28.14938735961914 -2.85871958732605
0.0 0.0 0.0
0.0 0.0 0.0
0.0 0.0 0.0
0.0 0.0 0.0
0.0 0.0 0.0
-7.00752592086792 28.023805618286133 -2.932762861251831
-6.854952812194824 28.247655868530273 -2.968989372253418
0.0 0.0 0.0
-6.376708030700684 27.98518943786621 -2.9672863483428955
0.0 0.0 0.0
-5.970114707946777 27.995813369750977 -2.9920642375946045
-5.723680019378662 27.7878475189209 -2.980668067932129
0.0 0.0 0.0
0.0 0.0 0.0
0.0 0.0 0.0
-4.887634754180908 27.617477416992188 -3.0037522315979004
-4.718587875366211 27.78733253479004 -3.031277894973755
-4.527456760406494 27.83348274230957 -3.0455052852630615
-4.301609039306641 27.67925262451172 -3.0380570888519287
-4.095455646514893 27.618967056274414 -3.0397186279296875
0.0 0.0 0.0
-3.712674140930176 27.68646812438965 -3.0615932941436768
0.0 0.0 0.0
0.0 0.0 0.0
-3.1193759441375732 27.658676147460938 -3.079927444458008
0.0 0.0 0.0
0.0 0.0 0.0
-2.558678388595581 27.908493041992188 -3.1249125003814697
0.0 0.0 0.0
-2.1477067470550537 27.70016098022461 -3.1119205951690674
0.0 0.0 0.0
-1.7571797370910645 27.65259552001953 -3.114072561264038
-1.5596052408218384 27.57443618774414 -3.1092283725738525
0.0 0.0 0.0
-1.1731345653533936 27.615924835205078 -3.120408773422241
-0.9975358843803406 28.084707260131836 -3.175417184829712
-0.7926313281059265 27.760852813720703 -3.1409692764282227
-0.604336142539978 27.982681274414062 -3.1684043407440186
-0.4075392186641693 27.83064079284668 -3.1536645889282227
-0.21046072244644165 27.848283767700195 -3.15606689453125
0.0 0.0 0.0
0.17669260501861572 27.83292579650879 -3.154911994934082
0.3724903464317322 27.993989944458008 -3.173693895339966
0.5640891194343567 27.835464477539062 -3.1563966274261475
0.7581279277801514 27.850496292114258 -3.156586170196533
0.9607781767845154 28.003725051879883 -3.1724066734313965
1.1535239219665527 27.950077056884766 -3.1649677753448486
1.3559104204177856 28.10445213317871 -3.1812312602996826
1.5516917705535889 28.102346420288086 -3.17989182472229
0.0 0.0 0.0
1.9387428760528564 27.974288940429688 -3.1588492393493652
2.1627614498138428 28.34769630432129 -3.1979544162750244
2.353078842163086 28.251256942749023 -3.184176206588745
2.54756236076355 28.211545944213867 -3.1766841411590576
0.0 0.0 0.0
2.968317985534668 28.41402816772461 -3.1890342235565186
3.1667168140411377 28.401227951049805 -3.182644844055176
0.0 0.0 0.0
3.5769689083099365 28.479381561279297 -3.181401014328003
3.7832837104797363 28.516462326049805 -3.17854642868042
3.99338960647583 28.547712326049805 -3.1750431060791016
4.183543682098389 28.462682723999023 -3.1588878631591797
0.0 0.0 0.0
4.633812427520752 28.741294860839844 -3.1758615970611572
4.870837688446045 28.927928924560547 -3.1876046657562256
5.074855327606201 28.90997314453125 -3.1768975257873535
5.26784610748291 28.80970001220703 -3.157158851623535
5.489391803741455 28.884323120117188 -3.15688419342041
5.719003200531006 28.991662979125977 -3.159205675125122
5.934086799621582 29.01738739013672 -3.1517088413238525
6.159461498260498 29.087125778198242 -3.149083375930786
0.0 0.0 0.0
0.0 0.0 0.0
0.0 0.0 0.0
7.070216655731201 29.32183837890625 -3.1304988861083984
0.0 0.0 0.0
0.0 0.0 0.0
7.8710479736328125 29.878721237182617 -3.153524398803711
8.069639205932617 29.791540145874023 -3.1302943229675293
0.0 0.0 0.0
0.0 0.0 0.0
0.0 0.0 0.0
0.0 0.0 0.0
9.408916473388672 30.47840690612793 -3.129157066345215
0.0 0.0 0.0
9.89453411102295 30.537317276000977 -3.103689670562744
0.0 0.0 0.0
10.378188133239746 30.561864852905273 -3.073049306869507
10.67022705078125 30.718990325927734 -3.0709753036499023
10.985779762268066 30.932174682617188 -3.0743560791015625
0.0 0.0 0.0
0.0 0.0 0.0
0.0 0.0 0.0
0.0 0.0 0.0
0.0 0.0 0.0
0.0 0.0 0.0
0.0 0.0 0.0
0.0 0.0 0.0
13.779820442199707 32.21938705444336 -3.0146989822387695
0.0 0.0 0.0
14.44127082824707 32.5101318359375 -2.995870351791382
0.0 0.0 0.0
0.0 0.0 0.0
15.400508880615234 32.79594421386719 -2.947282552719116
0.0 0.0 0.0
0.0 0.0 0.0
0.0 0.0 0.0
0.0 0.0 0.0
0.0 0.0 0.0
0.0 0.0 0.0
18.39341926574707 34.6706657409668 -2.912045478820801
0.0 0.0 0.0
19.17706871032715 34.96760559082031 -2.873476505279541
0.0 0.0 0.0
0.0 0.0 0.0
0.0 0.0 0.0
0.0 0.0 0.0
0.0 0.0 0.0
0.0 0.0 0.0
0.0 0.0 0.0
0.0 0.0 0.0
0.0 0.0 0.0
0.0 0.0 0.0
0.0 0.0 0.0
0.0 0.0 0.0
0.0 0.0 0.0
0.0 0.0 0.0
0.0 0.0 0.0
0.0 0.0 0.0
0.0 0.0 0.0
0.0 0.0 0.0
0.0 0.0 0.0
0.0 0.0 0.0
0.0 0.0 0.0
0.0 0.0 0.0
0.0 0.0 0.0
0.0 0.0 0.0
0.0 0.0 0.0
0.0 0.0 0.0
0.0 0.0 0.0
0.0 0.0 0.0
0.0 0.0 0.0
0.0 0.0 0.0
0.0 0.0 0.0
0.0 0.0 0.0
0.0 0.0 0.0
46.79533767700195 81.56127166748047 7.164460182189941
0.0 0.0 0.0
0.0 0.0 0.0
0.0 0.0 0.0
0.0 0.0 0.0
0.0 0.0 0.0
0.0 0.0 0.0
0.0 0.0 0.0
0.0 0.0 0.0
0.0 0.0 0.0
0.0 0.0 0.0
0.0 0.0 0.0
0.0 0.0 0.0
0.0 0.0 0.0
0.0 0.0 0.0
0.0 0.0 0.0
0.0 0.0 0.0
0.0 0.0 0.0
0.0 0.0 0.0
0.0 0.0 0.0
0.0 0.0 0.0
0.0 0.0 0.0
0.0 0.0 0.0
0.0 0.0 0.0
0.0 0.0 0.0
0.0 0.0 0.0
0.0 0.0 0.0
0.0 0.0 0.0
0.0 0.0 0.0
0.0 0.0 0.0
0.0 0.0 0.0
0.0 0.0 0.0
0.0 0.0 0.0
0.0 0.0 0.0
0.0 0.0 0.0
0.0 0.0 0.0
0.0 0.0 0.0
0.0 0.0 0.0
0.0 0.0 0.0
0.0 0.0 0.0
0.0 0.0 0.0
0.0 0.0 0.0
0.0 0.0 0.0
0.0 0.0 0.0
0.0 0.0 0.0
0.0 0.0 0.0
0.0 0.0 0.0
0.0 0.0 0.0
0.0 0.0 0.0
0.0 0.0 0.0
0.0 0.0 0.0
0.0 0.0 0.0
0.0 0.0 0.0
0.0 0.0 0.0
0.0 0.0 0.0
0.0 0.0 0.0
0.0 0.0 0.0
0.0 0.0 0.0
0.0 0.0 0.0
0.0 0.0 0.0
0.0 0.0 0.0
0.0 0.0 0.0
0.0 0.0 0.0
0.0 0.0 0.0
0.0 0.0 0.0
0.0 0.0 0.0
0.0 0.0 0.0
0.0 0.0 0.0
0.0 0.0 0.0
0.0 0.0 0.0
0.0 0.0 0.0
0.0 0.0 0.0
0.0 0.0 0.0
0.0 0.0 0.0
0.0 0.0 0.0
0.0 0.0 0.0
0.0 0.0 0.0
0.0 0.0 0.0
0.0 0.0 0.0
0.0 0.0 0.0
0.0 0.0 0.0
0.0 0.0 0.0
0.0 0.0 0.0
0.0 0.0 0.0
0.0 0.0 0.0
0.0 0.0 0.0
0.0 0.0 0.0
0.0 0.0 0.0
0.0 0.0 0.0
0.0 0.0 0.0
0.0 0.0 0.0
0.0 0.0 0.0
0.0 0.0 0.0
0.0 0.0 0.0
0.0 0.0 0.0
0.0 0.0 0.0
0.0 0.0 0.0
0.0 0.0 0.0
0.0 0.0 0.0
0.0 0.0 0.0
0.0 0.0 0.0
0.0 0.0 0.0
0.0 0.0 0.0
0.0 0.0 0.0
0.0 0.0 0.0
0.0 0.0 0.0
0.0 0.0 0.0
0.0 0.0 0.0
0.0 0.0 0.0
0.0 0.0 0.0
0.0 0.0 0.0
0.0 0.0 0.0
0.0 0.0 0.0
0.0 0.0 0.0
0.0 0.0 0.0
0.0 0.0 0.0
0.0 0.0 0.0
0.0 0.0 0.0
0.0 0.0 0.0
0.0 0.0 0.0
0.0 0.0 0.0
0.0 0.0 0.0
0.0 0.0 0.0
0.0 0.0 0.0
0.0 0.0 0.0
0.0 0.0 0.0
0.0 0.0 0.0
0.0 0.0 0.0
0.0 0.0 0.0
0.0 0.0 0.0
0.0 0.0 0.0
0.0 0.0 0.0
0.0 0.0 0.0
0.0 0.0 0.0
0.0 0.0 0.0
0.0 0.0 0.0
0.0 0.0 0.0
0.0 0.0 0.0
0.0 0.0 0.0
-58.83626937866211 121.92170715332031 12.215134620666504
0.0 0.0 0.0
0.0 0.0 0.0
0.0 0.0 0.0
0.0 0.0 0.0
0.0 0.0 0.0
0.0 0.0 0.0
0.0 0.0 0.0
0.0 0.0 0.0
0.0 0.0 0.0
0.0 0.0 0.0
0.0 0.0 0.0
0.0 0.0 0.0
0.0 0.0 0.0
0.0 0.0 0.0
0.0 0.0 0.0
0.0 0.0 0.0
0.0 0.0 0.0
0.0 0.0 0.0
0.0 0.0 0.0
0.0 0.0 0.0
0.0 0.0 0.0
0.0 0.0 0.0
0.0 0.0 0.0
0.0 0.0 0.0
0.0 0.0 0.0
0.0 0.0 0.0
0.0 0.0 0.0
0.0 0.0 0.0
0.0 0.0 0.0
0.0 0.0 0.0
0.0 0.0 0.0
0.0 0.0 0.0
0.0 0.0 0.0
0.0 0.0 0.0
0.0 0.0 0.0
0.0 0.0 0.0
0.0 0.0 0.0
0.0 0.0 0.0
0.0 0.0 0.0
0.0 0.0 0.0
0.0 0.0 0.0
0.0 0.0 0.0
0.0 0.0 0.0
0.0 0.0 0.0
0.0 0.0 0.0
0.0 0.0 0.0
0.0 0.0 0.0
0.0 0.0 0.0
0.0 0.0 0.0
0.0 0.0 0.0
0.0 0.0 0.0
0.0 0.0 0.0
0.0 0.0 0.0
0.0 0.0 0.0
0.0 0.0 0.0
0.0 0.0 0.0
0.0 0.0 0.0
0.0 0.0 0.0
0.0 0.0 0.0
0.0 0.0 0.0
0.0 0.0 0.0
0.0 0.0 0.0
0.0 0.0 0.0
0.0 0.0 0.0
0.0 0.0 0.0
0.0 0.0 0.0
0.0 0.0 0.0
0.0 0.0 0.0
0.0 0.0 0.0
0.0 0.0 0.0
0.0 0.0 0.0
0.0 0.0 0.0
0.0 0.0 0.0
-8.771552085876465 28.61619758605957 -2.815502405166626
0.0 0.0 0.0
0.0 0.0 0.0
0.0 0.0 0.0
0.0 0.0 0.0
0.0 0.0 0.0
0.0 0.0 0.0
-7.205885887145996 28.390666961669922 -2.895117998123169
0.0 0.0 0.0
-6.788639068603516 28.413719177246094 -2.9236578941345215
-6.546663761138916 28.269180297851562 -2.921840190887451
-6.3261237144470215 28.210166931152344 -2.9272098541259766
0.0 0.0 0.0
0.0 0.0 0.0
0.0 0.0 0.0
-5.4983015060424805 28.186664581298828 -2.969940423965454
-5.28906774520874 28.158092498779297 -2.9761674404144287
0.0 0.0 0.0
-4.839056491851807 27.916805267333984 -2.969459295272827
-4.6520562171936035 27.994462966918945 -2.987248420715332
-4.454155445098877 28.009557723999023 -2.998124361038208
0.0 0.0 0.0
0.0 0.0 0.0
-3.881304979324341 28.189241409301758 -3.0406570434570312
0.0 0.0 0.0
-3.436330556869507 27.845563888549805 -3.0189478397369385
0.0 0.0 0.0
0.0 0.0 0.0
-2.8827884197235107 28.19062042236328 -3.0742578506469727
-2.672023057937622 28.09343719482422 -3.069993495941162
0.0 0.0 0.0
-2.2792749404907227 28.11098861694336 -3.081580400466919
-2.0812923908233643 28.094533920288086 -3.0841684341430664
-1.877671241760254 27.987579345703125 -3.07694673538208
-1.6783314943313599 27.98012351989746 -3.0808727741241455
-1.482726812362671 27.975107192993164 -3.083810329437256
-1.290989875793457 28.050317764282227 -3.0944366455078125
-1.0956406593322754 28.050485610961914 -3.0969362258911133
-0.9039701819419861 28.169599533081055 -3.1127309799194336
-0.6996158361434937 27.980846405029297 -3.094698429107666
-0.5081708431243896 28.163379669189453 -3.116490364074707
0.0 0.0 0.0
-0.11597546935081482 28.07819938659668 -3.1086766719818115
0.07978909462690353 28.198570251464844 -3.1230406761169434
0.27621984481811523 28.23992347717285 -3.1288092136383057
0.4736591577529907 28.08980941772461 -3.1118619441986084
0.6727558970451355 28.249040603637695 -3.128307580947876
0.8713420629501343 28.31759262084961 -3.1348533630371094
1.0655945539474487 28.237308502197266 -3.1250720024108887
1.2668514251708984 28.341882705688477 -3.1359009742736816
1.4674453735351562 28.332555770874023 -3.1327247619628906
1.6671779155731201 28.364715576171875 -3.1335763931274414
0.0 0.0 0.0
0.0 0.0 0.0
2.2815518379211426 28.607555389404297 -3.1531312465667725
2.472684860229492 28.45979881286621 -3.132809638977051
2.688030958175659 28.6281795501709 -3.146855115890503
2.8921923637390137 28.659713745117188 -3.1459741592407227
3.1173434257507324 28.87897491455078 -3.165809154510498
3.279341697692871 28.521682739257812 -3.1226110458374023
3.4986412525177 28.64130210876465 -3.129744052886963
0.0 0.0 0.0
0.0 0.0 0.0
4.129854202270508 28.799346923828125 -3.1289243698120117
4.343618392944336 28.859182357788086 -3.1296653747558594
4.581079483032227 29.063518524169922 -3.1439621448516846
0.0 0.0 0.0
0.0 0.0 0.0
5.241954326629639 29.251325607299805 -3.140740156173706
0.0 0.0 0.0
0.0 0.0 0.0
5.904170036315918 29.382705688476562 -3.1278975009918213
0.0 0.0 0.0
0.0 0.0 0.0
0.0 0.0 0.0
6.8118205070495605 29.610576629638672 -3.1122002601623535
0.0 0.0 0.0
0.0 0.0 0.0
0.0 0.0 0.0
7.804714679718018 30.05862045288086 -3.11263370513916
7.9791998863220215 29.873916625976562 -3.080341100692749
8.264534950256348 30.084516525268555 -3.088654041290283
0.0 0.0 0.0
0.0 0.0 0.0
0.0 0.0 0.0
9.394551277160645 30.813522338867188 -3.106642723083496
9.573713302612305 30.622051239013672 -3.071986436843872
9.879536628723145 30.845565795898438 -3.079314708709717
10.177726745605469 31.033193588256836 -3.082587718963623
0.0 0.0 0.0
0.0 0.0 0.0
10.997330665588379 31.308229446411133 -3.0589115619659424
11.26152229309082 31.348875045776367 -3.0457217693328857
11.551787376403809 31.469436645507812 -3.039243698120117
11.79419231414795 31.452585220336914 -3.0187625885009766
12.102558135986328 31.604557037353516 -3.0144340991973877
0.0 0.0 0.0
12.757534980773926 31.967798233032227 -3.0102648735046387
0.0 0.0 0.0
0.0 0.0 0.0
13.624137878417969 32.170894622802734 -2.965697765350342
0.0 0.0 0.0
0.0 0.0 0.0
14.748735427856445 32.88671875 -2.962747573852539
15.141755104064941 33.14338302612305 -2.96209979057312
0.0 0.0 0.0
0.0 0.0 0.0
0.0 0.0 0.0
0.0 0.0 0.0
0.0 0.0 0.0
0.0 0.0 0.0
0.0 0.0 0.0
0.0 0.0 0.0
18.551523208618164 34.66720199584961 -2.8478949069976807
18.991777420043945 34.906734466552734 -2.836444139480591
19.4942626953125 35.2434196472168 -2.8312246799468994
0.0 0.0 0.0
0.0 0.0 0.0
0.0 0.0 0.0
21.312307357788086 36.11275100708008 -2.7611465454101562
0.0 0.0 0.0
0.0 0.0 0.0
77.18748474121094 124.7786636352539 -9.147425651550293
0.0 0.0 0.0
0.0 0.0 0.0
0.0 0.0 0.0
0.0 0.0 0.0
0.0 0.0 0.0
0.0 0.0 0.0
0.0 0.0 0.0
0.0 0.0 0.0
0.0 0.0 0.0
0.0 0.0 0.0
0.0 0.0 0.0
0.0 0.0 0.0
0.0 0.0 0.0
0.0 0.0 0.0
0.0 0.0 0.0
0.0 0.0 0.0
0.0 0.0 0.0
0.0 0.0 0.0
0.0 0.0 0.0
0.0 0.0 0.0
0.0 0.0 0.0
0.0 0.0 0.0
0.0 0.0 0.0
0.0 0.0 0.0
0.0 0.0 0.0
0.0 0.0 0.0
0.0 0.0 0.0
0.0 0.0 0.0
0.0 0.0 0.0
0.0 0.0 0.0
0.0 0.0 0.0
0.0 0.0 0.0
0.0 0.0 0.0
0.0 0.0 0.0
0.0 0.0 0.0
0.0 0.0 0.0
0.0 0.0 0.0
0.0 0.0 0.0
0.0 0.0 0.0
0.0 0.0 0.0
0.0 0.0 0.0
0.0 0.0 0.0
0.0 0.0 0.0
0.0 0.0 0.0
0.0 0.0 0.0
0.0 0.0 0.0
0.0 0.0 0.0
0.0 0.0 0.0
0.0 0.0 0.0
0.0 0.0 0.0
0.0 0.0 0.0
0.0 0.0 0.0
0.0 0.0 0.0
0.0 0.0 0.0
0.0 0.0 0.0
0.0 0.0 0.0
0.0 0.0 0.0
0.0 0.0 0.0
0.0 0.0 0.0
0.0 0.0 0.0
0.0 0.0 0.0
0.0 0.0 0.0
0.0 0.0 0.0
0.0 0.0 0.0
0.0 0.0 0.0
0.0 0.0 0.0
0.0 0.0 0.0
0.0 0.0 0.0
0.0 0.0 0.0
0.0 0.0 0.0
0.0 0.0 0.0
0.0 0.0 0.0
0.0 0.0 0.0
0.0 0.0 0.0
0.0 0.0 0.0
0.0 0.0 0.0
0.0 0.0 0.0
0.0 0.0 0.0
0.0 0.0 0.0
0.0 0.0 0.0
0.0 0.0 0.0
0.0 0.0 0.0
0.0 0.0 0.0
0.0 0.0 0.0
0.0 0.0 0.0
0.0 0.0 0.0
0.0 0.0 0.0
0.0 0.0 0.0
0.0 0.0 0.0
0.0 0.0 0.0
0.0 0.0 0.0
0.0 0.0 0.0
0.0 0.0 0.0
0.0 0.0 0.0
0.0 0.0 0.0
0.0 0.0 0.0
0.0 0.0 0.0
0.0 0.0 0.0
0.0 0.0 0.0
0.0 0.0 0.0
0.0 0.0 0.0
0.0 0.0 0.0
0.0 0.0 0.0
0.0 0.0 0.0
0.0 0.0 0.0
0.0 0.0 0.0
0.0 0.0 0.0
0.0 0.0 0.0
0.0 0.0 0.0
0.0 0.0 0.0
0.0 0.0 0.0
0.0 0.0 0.0
0.0 0.0 0.0
0.0 0.0 0.0
0.0 0.0 0.0
0.0 0.0 0.0
0.0 0.0 0.0
0.0 0.0 0.0
0.0 0.0 0.0
0.0 0.0 0.0
0.0 0.0 0.0
0.0 0.0 0.0
0.0 0.0 0.0
0.0 0.0 0.0
0.0 0.0 0.0
0.0 0.0 0.0
0.0 0.0 0.0
0.0 0.0 0.0
0.0 0.0 0.0
0.0 0.0 0.0
0.0 0.0 0.0
0.0 0.0 0.0
0.0 0.0 0.0
0.0 0.0 0.0
0.0 0.0 0.0
0.0 0.0 0.0
0.0 0.0 0.0
0.0 0.0 0.0
0.0 0.0 0.0
0.0 0.0 0.0
0.0 0.0 0.0
0.0 0.0 0.0
0.0 0.0 0.0
0.0 0.0 0.0
0.0 0.0 0.0
0.0 0.0 0.0
0.0 0.0 0.0
0.0 0.0 0.0
0.0 0.0 0.0
0.0 0.0 0.0
0.0 0.0 0.0
0.0 0.0 0.0
0.0 0.0 0.0
0.0 0.0 0.0
0.0 0.0 0.0
0.0 0.0 0.0
0.0 0.0 0.0
0.0 0.0 0.0
0.0 0.0 0.0
0.0 0.0 0.0
0.0 0.0 0.0
0.0 0.0 0.0
0.0 0.0 0.0
0.0 0.0 0.0
0.0 0.0 0.0
0.0 0.0 0.0
0.0 0.0 0.0
0.0 0.0 0.0
0.0 0.0 0.0
0.0 0.0 0.0
0.0 0.0 0.0
0.0 0.0 0.0
0.0 0.0 0.0
0.0 0.0 0.0
0.0 0.0 0.0
0.0 0.0 0.0
0.0 0.0 0.0
0.0 0.0 0.0
0.0 0.0 0.0
0.0 0.0 0.0
0.0 0.0 0.0
0.0 0.0 0.0
0.0 0.0 0.0
0.0 0.0 0.0
0.0 0.0 0.0
0.0 0.0 0.0
0.0 0.0 0.0
0.0 0.0 0.0
0.0 0.0 0.0
0.0 0.0 0.0
0.0 0.0 0.0
0.0 0.0 0.0
0.0 0.0 0.0
0.0 0.0 0.0
0.0 0.0 0.0
0.0 0.0 0.0
0.0 0.0 0.0
0.0 0.0 0.0
0.0 0.0 0.0
0.0 0.0 0.0
0.0 0.0 0.0
0.0 0.0 0.0
0.0 0.0 0.0
0.0 0.0 0.0
0.0 0.0 0.0
0.0 0.0 0.0
0.0 0.0 0.0
0.0 0.0 0.0
0.0 0.0 0.0
0.0 0.0 0.0
0.0 0.0 0.0
0.0 0.0 0.0
0.0 0.0 0.0
0.0 0.0 0.0
0.0 0.0 0.0
0.0 0.0 0.0
0.0 0.0 0.0
0.0 0.0 0.0
0.0 0.0 0.0
0.0 0.0 0.0
0.0 0.0 0.0
0.0 0.0 0.0
0.0 0.0 0.0
0.0 0.0 0.0
0.0 0.0 0.0
0.0 0.0 0.0
0.0 0.0 0.0
0.0 0.0 0.0
0.0 0.0 0.0
0.0 0.0 0.0
0.0 0.0 0.0
0.0 0.0 0.0
0.0 0.0 0.0
0.0 0.0 0.0
0.0 0.0 0.0
0.0 0.0 0.0
0.0 0.0 0.0
0.0 0.0 0.0
0.0 0.0 0.0
0.0 0.0 0.0
0.0 0.0 0.0
0.0 0.0 0.0
0.0 0.0 0.0
0.0 0.0 0.0
0.0 0.0 0.0
0.0 0.0 0.0
-7.387933254241943 28.69281005859375 -2.851933240890503
0.0 0.0 0.0
0.0 0.0 0.0
0.0 0.0 0.0
0.0 0.0 0.0
-6.276825904846191 28.45831871032715 -2.8889336585998535
-6.031266212463379 28.279314041137695 -2.88204026222229
-5.863248348236084 28.459896087646484 -2.91188907623291
0.0 0.0 0.0
0.0 0.0 0.0
-5.258578777313232 28.549909591674805 -2.9502692222595215
0.0 0.0 0.0
-4.794658184051514 28.234651565551758 -2.936981201171875
-4.585628509521484 28.19339942932129 -2.940495729446411
-4.419107437133789 28.439050674438477 -2.9740102291107178
0.0 0.0 0.0
0.0 0.0 0.0
0.0 0.0 0.0
-3.577268362045288 28.16908073425293 -2.9754207134246826
0.0 0.0 0.0
-3.1960575580596924 28.345983505249023 -3.0064828395843506
-2.9874181747436523 28.258455276489258 -3.003512144088745
-2.780168056488037 28.1733341217041 -3.0006022453308105
-2.5913965702056885 28.272586822509766 -3.0153932571411133
-2.426603317260742 28.668594360351562 -3.062051773071289
-2.187777280807495 28.223543167114258 -3.019090414047241
-1.9999816417694092 28.361421585083008 -3.0385003089904785
-1.798667073249817 28.315914154052734 -3.037912368774414
-1.6013883352279663 28.31958770751953 -3.0407063961029053
-1.3998627662658691 28.240432739257812 -3.0347492694854736
-1.2149845361709595 28.598466873168945 -3.075989246368408
-1.006719708442688 28.345779418945312 -3.0516562461853027
-0.8109489679336548 28.39834976196289 -3.059757709503174
0.0 0.0 0.0
-0.41734522581100464 28.515295028686523 -3.074445962905884
-0.21377058327198029 28.30377769470215 -3.052921772003174
-0.017078036442399025 28.459766387939453 -3.0711615085601807
0.18123355507850647 28.49018096923828 -3.0752835273742676
0.3809717893600464 28.612600326538086 -3.0877835750579834
0.5775412321090698 28.492868423461914 -3.074300527572632
0.7783135771751404 28.57754898071289 -3.083021640777588
0.9847137331962585 28.695636749267578 -3.0954904556274414
1.171532392501831 28.37784194946289 -3.060255527496338
1.3826582431793213 28.652551651000977 -3.0874462127685547
1.5858492851257324 28.71628761291504 -3.092026710510254
1.7810783386230469 28.631267547607422 -3.080735683441162
0.0 0.0 0.0
2.196528434753418 28.786312103271484 -3.0925354957580566
2.412187337875366 28.956762313842773 -3.106586456298828
2.6200921535491943 29.00952911376953 -3.1081199645996094
2.7977421283721924 28.743810653686523 -3.0757102966308594
3.006739616394043 28.778018951416016 -3.075505018234253
3.2689006328582764 29.31306266784668 -3.1278746128082275
3.443493366241455 29.043611526489258 -3.093256950378418
3.654449701309204 29.089176177978516 -3.0923686027526855
3.8570079803466797 29.063894271850586 -3.0840847492218018
4.10378885269165 29.329132080078125 -3.106630325317383
4.3156633377075195 29.354698181152344 -3.1027121543884277
4.5027899742126465 29.213701248168945 -3.0803518295288086
0.0 0.0 0.0
0.0 0.0 0.0
5.17498254776001 29.476398468017578 -3.086294412612915
0.0 0.0 0.0
5.61229133605957 29.52945327758789 -3.0741491317749023
5.83486795425415 29.578733444213867 -3.0703229904174805
6.101475238800049 29.835710525512695 -3.088078498840332
0.0 0.0 0.0
6.577086448669434 30.01201057434082 -3.086733818054199
6.762874126434326 29.86468505859375 -3.060800552368164
0.0 0.0 0.0
7.336335182189941 30.424381256103516 -3.096536636352539
0.0 0.0 0.0
7.81881046295166 30.540241241455078 -3.084632158279419
8.077125549316406 30.659738540649414 -3.0840394496917725
0.0 0.0 0.0
0.0 0.0 0.0
0.0 0.0 0.0
0.0 0.0 0.0
0.0 0.0 0.0
9.488082885742188 30.73286247253418 -3.010035753250122
9.80553150177002 30.994247436523438 -3.0213661193847656
10.119519233703613 31.230758666992188 -3.0287582874298096
0.0 0.0 0.0
0.0 0.0 0.0
10.92480182647705 31.44722557067871 -3.000566005706787
0.0 0.0 0.0
0.0 0.0 0.0
0.0 0.0 0.0
0.0 0.0 0.0
0.0 0.0 0.0
0.0 0.0 0.0
0.0 0.0 0.0
0.0 0.0 0.0
0.0 0.0 0.0
14.042677879333496 32.834556579589844 -2.937617063522339
14.385138511657715 32.999019622802734 -2.92978835105896
0.0 0.0 0.0
0.0 0.0 0.0
0.0 0.0 0.0
0.0 0.0 0.0
0.0 0.0 0.0
0.0 0.0 0.0
0.0 0.0 0.0
0.0 0.0 0.0
0.0 0.0 0.0
0.0 0.0 0.0
0.0 0.0 0.0
0.0 0.0 0.0
0.0 0.0 0.0
0.0 0.0 0.0
0.0 0.0 0.0
0.0 0.0 0.0
0.0 0.0 0.0
0.0 0.0 0.0
0.0 0.0 0.0
0.0 0.0 0.0
0.0 0.0 0.0
50.42514419555664 79.63106536865234 -5.563313007354736
0.0 0.0 0.0
0.0 0.0 0.0
0.0 0.0 0.0
0.0 0.0 0.0
0.0 0.0 0.0
0.0 0.0 0.0
0.0 0.0 0.0
0.0 0.0 0.0
0.0 0.0 0.0
0.0 0.0 0.0
0.0 0.0 0.0
0.0 0.0 0.0
0.0 0.0 0.0
0.0 0.0 0.0
0.0 0.0 0.0
0.0 0.0 0.0
0.0 0.0 0.0
0.0 0.0 0.0
0.0 0.0 0.0
0.0 0.0 0.0
0.0 0.0 0.0
0.0 0.0 0.0
0.0 0.0 0.0
0.0 0.0 0.0
0.0 0.0 0.0
0.0 0.0 0.0
0.0 0.0 0.0
0.0 0.0 0.0
0.0 0.0 0.0
0.0 0.0 0.0
0.0 0.0 0.0
0.0 0.0 0.0
0.0 0.0 0.0
0.0 0.0 0.0
0.0 0.0 0.0
0.0 0.0 0.0
0.0 0.0 0.0
0.0 0.0 0.0
0.0 0.0 0.0
0.0 0.0 0.0
0.0 0.0 0.0
0.0 0.0 0.0
0.0 0.0 0.0
0.0 0.0 0.0
0.0 0.0 0.0
0.0 0.0 0.0
0.0 0.0 0.0
0.0 0.0 0.0
0.0 0.0 0.0
0.0 0.0 0.0
0.0 0.0 0.0
0.0 0.0 0.0
0.0 0.0 0.0
0.0 0.0 0.0
0.0 0.0 0.0
0.0 0.0 0.0
0.0 0.0 0.0
0.0 0.0 0.0
0.0 0.0 0.0
0.0 0.0 0.0
0.0 0.0 0.0
0.0 0.0 0.0
0.0 0.0 0.0
0.0 0.0 0.0
0.0 0.0 0.0
0.0 0.0 0.0
0.0 0.0 0.0
0.0 0.0 0.0
0.0 0.0 0.0
0.0 0.0 0.0
0.0 0.0 0.0
0.0 0.0 0.0
0.0 0.0 0.0
0.0 0.0 0.0
0.0 0.0 0.0
0.0 0.0 0.0
0.0 0.0 0.0
0.0 0.0 0.0
0.0 0.0 0.0
0.0 0.0 0.0
0.0 0.0 0.0
0.0 0.0 0.0
0.0 0.0 0.0
0.0 0.0 0.0
0.0 0.0 0.0
0.0 0.0 0.0
0.0 0.0 0.0
0.0 0.0 0.0
0.0 0.0 0.0
0.0 0.0 0.0
0.0 0.0 0.0
0.0 0.0 0.0
0.0 0.0 0.0
0.0 0.0 0.0
0.0 0.0 0.0
0.0 0.0 0.0
0.0 0.0 0.0
0.0 0.0 0.0
0.0 0.0 0.0
0.0 0.0 0.0
0.0 0.0 0.0
0.0 0.0 0.0
0.0 0.0 0.0
0.0 0.0 0.0
0.0 0.0 0.0
0.0 0.0 0.0
0.0 0.0 0.0
0.0 0.0 0.0
0.0 0.0 0.0
0.0 0.0 0.0
0.0 0.0 0.0
0.0 0.0 0.0
0.0 0.0 0.0
0.0 0.0 0.0
0.0 0.0 0.0
0.0 0.0 0.0
0.0 0.0 0.0
0.0 0.0 0.0
0.0 0.0 0.0
0.0 0.0 0.0
0.0 0.0 0.0
0.0 0.0 0.0
0.0 0.0 0.0
0.0 0.0 0.0
0.0 0.0 0.0
0.0 0.0 0.0
0.0 0.0 0.0
0.0 0.0 0.0
0.0 0.0 0.0
0.0 0.0 0.0
0.0 0.0 0.0
0.0 0.0 0.0
0.0 0.0 0.0
0.0 0.0 0.0
0.0 0.0 0.0
0.0 0.0 0.0
0.0 0.0 0.0
0.0 0.0 0.0
0.0 0.0 0.0
0.0 0.0 0.0
0.0 0.0 0.0
0.0 0.0 0.0
0.0 0.0 0.0
0.0 0.0 0.0
0.0 0.0 0.0
0.0 0.0 0.0
0.0 0.0 0.0
0.0 0.0 0.0
0.0 0.0 0.0
0.0 0.0 0.0
0.0 0.0 0.0
0.0 0.0 0.0
0.0 0.0 0.0
0.0 0.0 0.0
0.0 0.0 0.0
0.0 0.0 0.0
0.0 0.0 0.0
0.0 0.0 0.0
0.0 0.0 0.0
0.0 0.0 0.0
0.0 0.0 0.0
0.0 0.0 0.0
0.0 0.0 0.0
0.0 0.0 0.0
0.0 0.0 0.0
0.0 0.0 0.0
0.0 0.0 0.0
0.0 0.0 0.0
0.0 0.0 0.0
0.0 0.0 0.0
0.0 0.0 0.0
0.0 0.0 0.0
0.0 0.0 0.0
0.0 0.0 0.0
0.0 0.0 0.0
0.0 0.0 0.0
0.0 0.0 0.0
0.0 0.0 0.0
0.0 0.0 0.0
0.0 0.0 0.0
0.0 0.0 0.0
0.0 0.0 0.0
0.0 0.0 0.0
0.0 0.0 0.0
0.0 0.0 0.0
0.0 0.0 0.0
0.0 0.0 0.0
0.0 0.0 0.0
0.0 0.0 0.0
0.0 0.0 0.0
0.0 0.0 0.0
0.0 0.0 0.0
0.0 0.0 0.0
0.0 0.0 0.0
0.0 0.0 0.0
0.0 0.0 0.0
0.0 0.0 0.0
0.0 0.0 0.0
0.0 0.0 0.0
0.0 0.0 0.0
0.0 0.0 0.0
0.0 0.0 0.0
0.0 0.0 0.0
0.0 0.0 0.0
0.0 0.0 0.0
0.0 0.0 0.0
0.0 0.0 0.0
0.0 0.0 0.0
0.0 0.0 0.0
0.0 0.0 0.0
0.0 0.0 0.0
0.0 0.0 0.0
0.0 0.0 0.0
0.0 0.0 0.0
0.0 0.0 0.0
0.0 0.0 0.0
0.0 0.0 0.0
-14.413666725158691 30.840160369873047 -2.4858522415161133
0.0 0.0 0.0
0.0 0.0 0.0
0.0 0.0 0.0
0.0 0.0 0.0
0.0 0.0 0.0
0.0 0.0 0.0
0.0 0.0 0.0
0.0 0.0 0.0
0.0 0.0 0.0
0.0 0.0 0.0
0.0 0.0 0.0
0.0 0.0 0.0
0.0 0.0 0.0
0.0 0.0 0.0
0.0 0.0 0.0
0.0 0.0 0.0
0.0 0.0 0.0
0.0 0.0 0.0
0.0 0.0 0.0
0.0 0.0 0.0
0.0 0.0 0.0
0.0 0.0 0.0
0.0 0.0 0.0
0.0 0.0 0.0
0.0 0.0 0.0
0.0 0.0 0.0
0.0 0.0 0.0
0.0 0.0 0.0
0.0 0.0 0.0
-6.627826690673828 28.623733520507812 -2.815310478210449
-6.4035325050354 28.557641983032227 -2.8202109336853027
-6.22993803024292 28.717805862426758 -2.847595691680908
-6.03049373626709 28.782691955566406 -2.8648860454559326
0.0 0.0 0.0
-5.570112228393555 28.559772491455078 -2.861863136291504
0.0 0.0 0.0
-5.184139728546143 28.70075225830078 -2.8957061767578125
-4.9697160720825195 28.674306869506836 -2.901745080947876
-4.782196521759033 28.7799072265625 -2.920318603515625
-4.549253940582275 28.60794448852539 -2.910841941833496
0.0 0.0 0.0
-4.166131496429443 28.773929595947266 -2.944133758544922
-3.9617457389831543 28.774349212646484 -2.9508790969848633
0.0 0.0 0.0
0.0 0.0 0.0
0.0 0.0 0.0
-3.1417739391326904 28.742685317993164 -2.973759651184082
-2.953015089035034 28.875246047973633 -2.992328405380249
0.0 0.0 0.0
-2.5143213272094727 28.540924072265625 -2.9671106338500977
-2.314363718032837 28.541561126708984 -2.972054958343506
0.0 0.0 0.0
-1.927087664604187 28.72492790222168 -2.999344825744629
-1.7185107469558716 28.655956268310547 -2.995302438735962
-1.5149677991867065 28.585281372070312 -2.991147994995117
-1.3174235820770264 28.625722885131836 -2.9987640380859375
-1.1166609525680542 28.594919204711914 -2.999060869216919
-0.9249559044837952 28.834754943847656 -3.0256476402282715
-0.7178362607955933 28.7199649810791 -3.01511287689209
-0.5230068564414978 28.999828338623047 -3.0461411476135254
-0.31863829493522644 28.76558494567871 -3.023315906524658
-0.11877057701349258 28.825159072875977 -3.0315070152282715
0.0817345678806305 28.875835418701172 -3.036417245864868
0.0 0.0 0.0
0.0 0.0 0.0
0.6913157105445862 29.003812789916992 -3.0494511127471924
0.8873965740203857 28.81973648071289 -3.030205011367798
0.0 0.0 0.0
1.2986829280853271 29.034128189086914 -3.0490005016326904
1.4990092515945435 28.923614501953125 -3.0357203483581543
1.6924936771392822 28.784788131713867 -3.019660472869873
0.0 0.0 0.0
0.0 0.0 0.0
2.3359034061431885 29.286741256713867 -3.0637600421905518
2.5249814987182617 29.060991287231445 -3.0368008613586426
2.7238378524780273 29.0084285736084 -3.028172254562378
2.9744012355804443 29.476438522338867 -3.0737626552581787
3.1636321544647217 29.308992385864258 -3.0511727333068848
0.0 0.0 0.0
3.600015878677368 29.471515655517578 -3.058124542236328
0.0 0.0 0.0
4.039615631103516 29.639604568481445 -3.0658013820648193
0.0 0.0 0.0
4.440557956695557 29.50951385498047 -3.0390396118164062
4.691219329833984 29.766796112060547 -3.0590243339538574
4.868981838226318 29.534446716308594 -3.0287113189697266
5.086751461029053 29.573699951171875 -3.025928258895874
5.312692165374756 29.649681091308594 -3.0253477096557617
5.585975170135498 29.972360610961914 -3.0499651432037354
0.0 0.0 0.0
0.0 0.0 0.0
0.0 0.0 0.0
0.0 0.0 0.0
6.725675106048584 30.194299697875977 -3.02693772315979
6.997621059417725 30.417203903198242 -3.039311408996582
0.0 0.0 0.0
7.442063808441162 30.390663146972656 -3.0156333446502686
7.770646572113037 30.80347442626953 -3.044754981994629
0.0 0.0 0.0
8.209514617919922 30.733030319213867 -3.0144708156585693
0.0 0.0 0.0
0.0 0.0 0.0
0.0 0.0 0.0
0.0 0.0 0.0
0.0 0.0 0.0
9.732524871826172 31.132776260375977 -2.9743106365203857
0.0 0.0 0.0
10.31275463104248 31.445335388183594 -2.9736292362213135
10.509647369384766 31.308269500732422 -2.9455795288085938
0.0 0.0 0.0
0.0 0.0 0.0
0.0 0.0 0.0
11.830951690673828 32.230262756347656 -2.9655981063842773
0.0 0.0 0.0
0.0 0.0 0.0
0.0 0.0 0.0
0.0 0.0 0.0
0.0 0.0 0.0
0.0 0.0 0.0
0.0 0.0 0.0
14.316779136657715 33.164085388183594 -2.8959152698516846
0.0 0.0 0.0
14.82604694366455 33.0600700378418 -2.8439781665802
0.0 0.0 0.0
0.0 0.0 0.0
16.103727340698242 33.992977142333984 -2.8541879653930664
0.0 0.0 0.0
0.0 0.0 0.0
0.0 0.0 0.0
0.0 0.0 0.0
0.0 0.0 0.0
18.55966567993164 35.2869873046875 -2.8050482273101807
0.0 0.0 0.0
0.0 0.0 0.0
0.0 0.0 0.0
0.0 0.0 0.0
0.0 0.0 0.0
0.0 0.0 0.0
0.0 0.0 0.0
0.0 0.0 0.0
0.0 0.0 0.0
0.0 0.0 0.0
0.0 0.0 0.0
0.0 0.0 0.0
0.0 0.0 0.0
0.0 0.0 0.0
0.0 0.0 0.0
0.0 0.0 0.0
0.0 0.0 0.0
0.0 0.0 0.0
0.0 0.0 0.0
0.0 0.0 0.0
0.0 0.0 0.0
0.0 0.0 0.0
0.0 0.0 0.0
0.0 0.0 0.0
0.0 0.0 0.0
0.0 0.0 0.0
0.0 0.0 0.0
0.0 0.0 0.0
0.0 0.0 0.0
0.0 0.0 0.0
0.0 0.0 0.0
0.0 0.0 0.0
0.0 0.0 0.0
0.0 0.0 0.0
0.0 0.0 0.0
0.0 0.0 0.0
0.0 0.0 0.0
0.0 0.0 0.0
0.0 0.0 0.0
0.0 0.0 0.0
0.0 0.0 0.0
0.0 0.0 0.0
0.0 0.0 0.0
0.0 0.0 0.0
0.0 0.0 0.0
0.0 0.0 0.0
0.0 0.0 0.0
0.0 0.0 0.0
0.0 0.0 0.0
0.0 0.0 0.0
0.0 0.0 0.0
0.0 0.0 0.0
0.0 0.0 0.0
0.0 0.0 0.0
0.0 0.0 0.0
0.0 0.0 0.0
0.0 0.0 0.0
0.0 0.0 0.0
0.0 0.0 0.0
0.0 0.0 0.0
0.0 0.0 0.0
0.0 0.0 0.0
0.0 0.0 0.0
0.0 0.0 0.0
0.0 0.0 0.0
0.0 0.0 0.0
0.0 0.0 0.0
0.0 0.0 0.0
0.0 0.0 0.0
0.0 0.0 0.0
0.0 0.0 0.0
0.0 0.0 0.0
0.0 0.0 0.0
0.0 0.0 0.0
0.0 0.0 0.0
0.0 0.0 0.0
0.0 0.0 0.0
0.0 0.0 0.0
0.0 0.0 0.0
0.0 0.0 0.0
0.0 0.0 0.0
0.0 0.0 0.0
0.0 0.0 0.0
0.0 0.0 0.0
0.0 0.0 0.0
0.0 0.0 0.0
0.0 0.0 0.0
0.0 0.0 0.0
0.0 0.0 0.0
0.0 0.0 0.0
0.0 0.0 0.0
0.0 0.0 0.0
0.0 0.0 0.0
0.0 0.0 0.0
0.0 0.0 0.0
0.0 0.0 0.0
0.0 0.0 0.0
0.0 0.0 0.0
0.0 0.0 0.0
0.0 0.0 0.0
0.0 0.0 0.0
0.0 0.0 0.0
0.0 0.0 0.0
0.0 0.0 0.0
0.0 0.0 0.0
0.0 0.0 0.0
0.0 0.0 0.0
0.0 0.0 0.0
0.0 0.0 0.0
0.0 0.0 0.0
0.0 0.0 0.0
0.0 0.0 0.0
0.0 0.0 0.0
0.0 0.0 0.0
0.0 0.0 0.0
0.0 0.0 0.0
0.0 0.0 0.0
0.0 0.0 0.0
0.0 0.0 0.0
0.0 0.0 0.0
0.0 0.0 0.0
0.0 0.0 0.0
0.0 0.0 0.0
0.0 0.0 0.0
0.0 0.0 0.0
0.0 0.0 0.0
0.0 0.0 0.0
0.0 0.0 0.0
0.0 0.0 0.0
0.0 0.0 0.0
0.0 0.0 0.0
0.0 0.0 0.0
0.0 0.0 0.0
0.0 0.0 0.0
0.0 0.0 0.0
0.0 0.0 0.0
0.0 0.0 0.0
0.0 0.0 0.0
0.0 0.0 0.0
0.0 0.0 0.0
0.0 0.0 0.0
0.0 0.0 0.0
0.0 0.0 0.0
0.0 0.0 0.0
0.0 0.0 0.0
0.0 0.0 0.0
0.0 0.0 0.0
0.0 0.0 0.0
0.0 0.0 0.0
0.0 0.0 0.0
0.0 0.0 0.0
0.0 0.0 0.0
0.0 0.0 0.0
0.0 0.0 0.0
0.0 0.0 0.0
0.0 0.0 0.0
0.0 0.0 0.0
0.0 0.0 0.0
0.0 0.0 0.0
0.0 0.0 0.0
0.0 0.0 0.0
0.0 0.0 0.0
0.0 0.0 0.0
0.0 0.0 0.0
0.0 0.0 0.0
-53.0972900390625 134.3768768310547 13.468327522277832
0.0 0.0 0.0
0.0 0.0 0.0
0.0 0.0 0.0
0.0 0.0 0.0
0.0 0.0 0.0
0.0 0.0 0.0
0.0 0.0 0.0
0.0 0.0 0.0
0.0 0.0 0.0
0.0 0.0 0.0
0.0 0.0 0.0
0.0 0.0 0.0
0.0 0.0 0.0
0.0 0.0 0.0
0.0 0.0 0.0
0.0 0.0 0.0
0.0 0.0 0.0
0.0 0.0 0.0
0.0 0.0 0.0
0.0 0.0 0.0
0.0 0.0 0.0
0.0 0.0 0.0
0.0 0.0 0.0
0.0 0.0 0.0
0.0 0.0 0.0
0.0 0.0 0.0
0.0 0.0 0.0
0.0 0.0 0.0
0.0 0.0 0.0
0.0 0.0 0.0
0.0 0.0 0.0
0.0 0.0 0.0
0.0 0.0 0.0
0.0 0.0 0.0
0.0 0.0 0.0
0.0 0.0 0.0
0.0 0.0 0.0
0.0 0.0 0.0
0.0 0.0 0.0
0.0 0.0 0.0
0.0 0.0 0.0
0.0 0.0 0.0
0.0 0.0 0.0
0.0 0.0 0.0
0.0 0.0 0.0
0.0 0.0 0.0
-20.54356575012207 32.7979736328125 -2.029811143875122
0.0 0.0 0.0
0.0 0.0 0.0
-19.676393508911133 32.93550109863281 -2.152439832687378
0.0 0.0 0.0
0.0 0.0 0.0
0.0 0.0 0.0
0.0 0.0 0.0
0.0 0.0 0.0
0.0 0.0 0.0
0.0 0.0 0.0
0.0 0.0 0.0
0.0 0.0 0.0
0.0 0.0 0.0
0.0 0.0 0.0
0.0 0.0 0.0
0.0 0.0 0.0
0.0 0.0 0.0
0.0 0.0 0.0
0.0 0.0 0.0
0.0 0.0 0.0
0.0 0.0 0.0
0.0 0.0 0.0
0.0 0.0 0.0
0.0 0.0 0.0
0.0 0.0 0.0
0.0 0.0 0.0
0.0 0.0 0.0
0.0 0.0 0.0
0.0 0.0 0.0
0.0 0.0 0.0
0.0 0.0 0.0
0.0 0.0 0.0
0.0 0.0 0.0
0.0 0.0 0.0
0.0 0.0 0.0
0.0 0.0 0.0
0.0 0.0 0.0
0.0 0.0 0.0
0.0 0.0 0.0
0.0 0.0 0.0
0.0 0.0 0.0
0.0 0.0 0.0
0.0 0.0 0.0
0.0 0.0 0.0
-7.28158712387085 29.12110137939453 -2.762730598449707
0.0 0.0 0.0
0.0 0.0 0.0
-6.598471164703369 28.95978546142578 -2.7822725772857666
-6.384270191192627 28.950511932373047 -2.7926998138427734
0.0 0.0 0.0
0.0 0.0 0.0
0.0 0.0 0.0
-5.560434818267822 29.055198669433594 -2.8427209854125977
-5.3411359786987305 29.004114151000977 -2.847064733505249
0.0 0.0 0.0
-4.915441036224365 28.94688606262207 -2.857653856277466
0.0 0.0 0.0
-4.5155487060546875 29.05687713623047 -2.885416269302368
0.0 0.0 0.0
0.0 0.0 0.0
-3.8955392837524414 29.05337142944336 -2.9056925773620605
0.0 0.0 0.0
0.0 0.0 0.0
0.0 0.0 0.0
-3.0410194396972656 28.768810272216797 -2.9013776779174805
0.0 0.0 0.0
-2.6313536167144775 28.710189819335938 -2.905540943145752
-2.4602906703948975 29.067893981933594 -2.9470460414886475
-2.2417047023773193 28.921279907226562 -2.9361984729766846
-2.0230157375335693 28.69147491455078 -2.9161322116851807
-1.8300566673278809 28.80908966064453 -2.9314987659454346
-1.64104425907135 29.022401809692383 -2.956782102584839
0.0 0.0 0.0
-1.2299304008483887 28.956336975097656 -2.9561028480529785
-1.026429533958435 28.905683517456055 -2.9526402950286865
-0.8283503651618958 29.01675033569336 -2.9658424854278564
-0.6249176263809204 28.947736740112305 -2.960784435272217
-0.42547231912612915 29.098785400390625 -2.9783854484558105
0.0 0.0 0.0
0.0 0.0 0.0
0.18634824454784393 29.27215576171875 -2.9971299171447754
0.38737696409225464 29.08362579345703 -2.978205680847168
0.5896695256233215 29.072439193725586 -2.977583646774292
0.7986878752708435 29.31637954711914 -3.0016767978668213
0.9986774325370789 29.092716217041016 -2.9773666858673096
1.2043726444244385 29.166807174682617 -2.9837052822113037
1.4100229740142822 29.21615219116211 -2.9876515865325928
0.0 0.0 0.0
1.835259199142456 29.500715255737305 -3.0132219791412354
0.0 0.0 0.0
0.0 0.0 0.0
2.4549217224121094 29.464780807495117 -3.000685930252075
0.0 0.0 0.0
2.8682193756103516 29.467538833618164 -2.994128942489624
0.0 0.0 0.0
3.292712688446045 29.526168823242188 -2.9909324645996094
3.5169472694396973 29.66145133972168 -3.0002849102020264
0.0 0.0 0.0
0.0 0.0 0.0
4.186150550842285 29.922298431396484 -3.010169744491577
4.405150413513184 29.966394424438477 -3.0085031986236572
0.0 0.0 0.0
0.0 0.0 0.0
5.026922225952148 29.855510711669922 -2.9780936241149902
5.3273539543151855 30.34931755065918 -3.0195815563201904
5.511573791503906 30.143665313720703 -2.9913923740386963
0.0 0.0 0.0
0.0 0.0 0.0
0.0 0.0 0.0
6.407413959503174 30.261106491088867 -2.969438076019287
6.6758198738098145 30.463178634643555 -2.979846715927124
0.0 0.0 0.0
7.180511474609375 30.718414306640625 -2.9861385822296143
0.0 0.0 0.0
7.671807289123535 30.875078201293945 -2.9790990352630615
7.870433330535889 30.7423152923584 -2.9551684856414795
8.128138542175293 30.85373878479004 -2.9550223350524902
8.43203067779541 31.12846565246582 -2.96968412399292
0.0 0.0 0.0
0.0 0.0 0.0
0.0 0.0 0.0
0.0 0.0 0.0
0.0 0.0 0.0
10.012264251708984 31.648386001586914 -2.9389922618865967
0.0 0.0 0.0
0.0 0.0 0.0
10.917959213256836 32.1475944519043 -2.9408998489379883
0.0 0.0 0.0
11.496081352233887 32.36299133300781 -2.927704334259033
11.679388046264648 32.16693115234375 -2.8937036991119385
0.0 0.0 0.0
0.0 0.0 0.0
0.0 0.0 0.0
0.0 0.0 0.0
0.0 0.0 0.0
0.0 0.0 0.0
0.0 0.0 0.0
0.0 0.0 0.0
0.0 0.0 0.0
0.0 0.0 0.0
0.0 0.0 0.0
0.0 0.0 0.0
0.0 0.0 0.0
16.49120330810547 34.4930419921875 -2.8132545948028564
0.0 0.0 0.0
0.0 0.0 0.0
0.0 0.0 0.0
0.0 0.0 0.0
0.0 0.0 0.0
0.0 0.0 0.0
0.0 0.0 0.0
0.0 0.0 0.0
0.0 0.0 0.0
0.0 0.0 0.0
0.0 0.0 0.0
0.0 0.0 0.0
0.0 0.0 0.0
0.0 0.0 0.0
0.0 0.0 0.0
0.0 0.0 0.0
0.0 0.0 0.0
0.0 0.0 0.0
0.0 0.0 0.0
0.0 0.0 0.0
0.0 0.0 0.0
0.0 0.0 0.0
0.0 0.0 0.0
0.0 0.0 0.0
0.0 0.0 0.0
0.0 0.0 0.0
0.0 0.0 0.0
0.0 0.0 0.0
0.0 0.0 0.0
0.0 0.0 0.0
0.0 0.0 0.0
0.0 0.0 0.0
0.0 0.0 0.0
0.0 0.0 0.0
0.0 0.0 0.0
0.0 0.0 0.0
0.0 0.0 0.0
0.0 0.0 0.0
0.0 0.0 0.0
0.0 0.0 0.0
0.0 0.0 0.0
0.0 0.0 0.0
0.0 0.0 0.0
0.0 0.0 0.0
0.0 0.0 0.0
0.0 0.0 0.0
0.0 0.0 0.0
0.0 0.0 0.0
0.0 0.0 0.0
0.0 0.0 0.0
0.0 0.0 0.0
0.0 0.0 0.0
0.0 0.0 0.0
0.0 0.0 0.0
0.0 0.0 0.0
0.0 0.0 0.0
0.0 0.0 0.0
0.0 0.0 0.0
0.0 0.0 0.0
0.0 0.0 0.0
0.0 0.0 0.0
0.0 0.0 0.0
0.0 0.0 0.0
0.0 0.0 0.0
0.0 0.0 0.0
0.0 0.0 0.0
0.0 0.0 0.0
0.0 0.0 0.0
0.0 0.0 0.0
0.0 0.0 0.0
0.0 0.0 0.0
0.0 0.0 0.0
0.0 0.0 0.0
0.0 0.0 0.0
0.0 0.0 0.0
0.0 0.0 0.0
0.0 0.0 0.0
0.0 0.0 0.0
0.0 0.0 0.0
0.0 0.0 0.0
0.0 0.0 0.0
0.0 0.0 0.0
0.0 0.0 0.0
0.0 0.0 0.0
0.0 0.0 0.0
0.0 0.0 0.0
0.0 0.0 0.0
0.0 0.0 0.0
0.0 0.0 0.0
0.0 0.0 0.0
0.0 0.0 0.0
0.0 0.0 0.0
0.0 0.0 0.0
0.0 0.0 0.0
0.0 0.0 0.0
0.0 0.0 0.0
0.0 0.0 0.0
0.0 0.0 0.0
0.0 0.0 0.0
0.0 0.0 0.0
0.0 0.0 0.0
0.0 0.0 0.0
0.0 0.0 0.0
0.0 0.0 0.0
0.0 0.0 0.0
0.0 0.0 0.0
0.0 0.0 0.0
0.0 0.0 0.0
0.0 0.0 0.0
0.0 0.0 0.0
0.0 0.0 0.0
0.0 0.0 0.0
0.0 0.0 0.0
0.0 0.0 0.0
0.0 0.0 0.0
0.0 0.0 0.0
0.0 0.0 0.0
0.0 0.0 0.0
0.0 0.0 0.0
0.0 0.0 0.0
0.0 0.0 0.0
0.0 0.0 0.0
0.0 0.0 0.0
0.0 0.0 0.0
0.0 0.0 0.0
0.0 0.0 0.0
0.0 0.0 0.0
0.0 0.0 0.0
0.0 0.0 0.0
0.0 0.0 0.0
0.0 0.0 0.0
0.0 0.0 0.0
0.0 0.0 0.0
0.0 0.0 0.0
0.0 0.0 0.0
0.0 0.0 0.0
0.0 0.0 0.0
0.0 0.0 0.0
0.0 0.0 0.0
0.0 0.0 0.0
0.0 0.0 0.0
0.0 0.0 0.0
0.0 0.0 0.0
0.0 0.0 0.0
0.0 0.0 0.0
0.0 0.0 0.0
0.0 0.0 0.0
0.0 0.0 0.0
0.0 0.0 0.0
0.0 0.0 0.0
0.0 0.0 0.0
0.0 0.0 0.0
0.0 0.0 0.0
0.0 0.0 0.0
0.0 0.0 0.0
0.0 0.0 0.0
0.0 0.0 0.0
0.0 0.0 0.0
0.0 0.0 0.0
0.0 0.0 0.0
0.0 0.0 0.0
0.0 0.0 0.0
0.0 0.0 0.0
0.0 0.0 0.0
0.0 0.0 0.0
0.0 0.0 0.0
0.0 0.0 0.0
0.0 0.0 0.0
0.0 0.0 0.0
0.0 0.0 0.0
0.0 0.0 0.0
0.0 0.0 0.0
0.0 0.0 0.0
0.0 0.0 0.0
0.0 0.0 0.0
0.0 0.0 0.0
0.0 0.0 0.0
0.0 0.0 0.0
0.0 0.0 0.0
0.0 0.0 0.0
0.0 0.0 0.0
0.0 0.0 0.0
0.0 0.0 0.0
0.0 0.0 0.0
0.0 0.0 0.0
0.0 0.0 0.0
0.0 0.0 0.0
0.0 0.0 0.0
0.0 0.0 0.0
0.0 0.0 0.0
0.0 0.0 0.0
0.0 0.0 0.0
0.0 0.0 0.0
0.0 0.0 0.0
0.0 0.0 0.0
0.0 0.0 0.0
0.0 0.0 0.0
0.0 0.0 0.0
0.0 0.0 0.0
0.0 0.0 0.0
0.0 0.0 0.0
0.0 0.0 0.0
0.0 0.0 0.0
0.0 0.0 0.0
0.0 0.0 0.0
0.0 0.0 0.0
0.0 0.0 0.0
0.0 0.0 0.0
0.0 0.0 0.0
0.0 0.0 0.0
0.0 0.0 0.0
0.0 0.0 0.0
0.0 0.0 0.0
0.0 0.0 0.0
0.0 0.0 0.0
0.0 0.0 0.0
0.0 0.0 0.0
0.0 0.0 0.0
0.0 0.0 0.0
0.0 0.0 0.0
0.0 0.0 0.0
0.0 0.0 0.0
0.0 0.0 0.0
0.0 0.0 0.0
0.0 0.0 0.0
0.0 0.0 0.0
0.0 0.0 0.0
0.0 0.0 0.0
0.0 0.0 0.0
0.0 0.0 0.0
0.0 0.0 0.0
0.0 0.0 0.0
0.0 0.0 0.0
0.0 0.0 0.0
0.0 0.0 0.0
0.0 0.0 0.0
0.0 0.0 0.0
0.0 0.0 0.0
0.0 0.0 0.0
0.0 0.0 0.0
0.0 0.0 0.0
0.0 0.0 0.0
0.0 0.0 0.0
0.0 0.0 0.0
0.0 0.0 0.0
0.0 0.0 0.0
0.0 0.0 0.0
0.0 0.0 0.0
0.0 0.0 0.0
0.0 0.0 0.0
0.0 0.0 0.0
0.0 0.0 0.0
0.0 0.0 0.0
0.0 0.0 0.0
0.0 0.0 0.0
0.0 0.0 0.0
0.0 0.0 0.0
0.0 0.0 0.0
0.0 0.0 0.0
0.0 0.0 0.0
0.0 0.0 0.0
0.0 0.0 0.0
0.0 0.0 0.0
0.0 0.0 0.0
0.0 0.0 0.0
0.0 0.0 0.0
-6.362081050872803 29.327795028686523 -2.7615489959716797
-6.148085594177246 29.34424591064453 -2.7731995582580566
0.0 0.0 0.0
0.0 0.0 0.0
-5.467292785644531 29.11094856262207 -2.7792105674743652
0.0 0.0 0.0
0.0 0.0 0.0
-4.864490985870361 29.273422241210938 -2.8205959796905518
-4.654474258422852 29.26708221435547 -2.8282177448272705
0.0 0.0 0.0
0.0 0.0 0.0
0.0 0.0 0.0
-3.8128292560577393 29.228002548217773 -2.8517673015594482
-3.611908197402954 29.276153564453125 -2.8628618717193604
-3.391535520553589 29.15696144104004 -2.8562581539154053
0.0 0.0 0.0
0.0 0.0 0.0
-2.771106243133545 29.138269424438477 -2.870452404022217
0.0 0.0 0.0
0.0 0.0 0.0
0.0 0.0 0.0
-1.965457797050476 29.29891014099121 -2.902043342590332
-1.7552863359451294 29.26889419555664 -2.9030768871307373
-1.5428282022476196 29.116943359375 -2.891193389892578
-1.3462882041931152 29.25870132446289 -2.9073057174682617
-1.1433006525039673 29.282596588134766 -2.911858558654785
-0.9500158429145813 29.615888595581055 -2.94734525680542
-0.7319827675819397 29.287382125854492 -2.9171555042266846
-0.5299735069274902 29.380949020385742 -2.9281065464019775
-0.3264573812484741 29.465482711791992 -2.9368741512298584
-0.12062100321054459 29.264854431152344 -2.9173591136932373
0.0 0.0 0.0
0.28726330399513245 29.33353614807129 -2.9255964756011963
0.4932333827018738 29.233625411987305 -2.9157421588897705
0.7034388780593872 29.521066665649414 -2.943441152572632
0.9065414667129517 29.44566535949707 -2.9350969791412354
0.0 0.0 0.0
1.3096016645431519 29.28291130065918 -2.9176535606384277
1.5447561740875244 29.816612243652344 -2.9694626331329346
1.7434874773025513 29.65806007385254 -2.9510531425476074
0.0 0.0 0.0
0.0 0.0 0.0
2.373577356338501 29.76358985900879 -2.9545185565948486
2.579176664352417 29.69232177734375 -2.944432020187378
2.8000848293304443 29.825172424316406 -2.9534268379211426
0.0 0.0 0.0
3.21359920501709 29.768999099731445 -2.939934492111206
0.0 0.0 0.0
0.0 0.0 0.0
3.8648011684417725 29.9052791595459 -2.9391191005706787
0.0 0.0 0.0
0.0 0.0 0.0
0.0 0.0 0.0
4.759060382843018 30.192779541015625 -2.944338798522949
0.0 0.0 0.0
5.207413673400879 30.26674461364746 -2.9369916915893555
5.455689430236816 30.441303253173828 -2.946871280670166
0.0 0.0 0.0
0.0 0.0 0.0
0.0 0.0 0.0
0.0 0.0 0.0
6.641463279724121 30.82356834411621 -2.9425904750823975
6.8618388175964355 30.80437469482422 -2.9323205947875977
7.073903560638428 30.74974822998047 -2.9172894954681396
0.0 0.0 0.0
7.527730464935303 30.740785598754883 -2.895718812942505
0.0 0.0 0.0
8.095186233520508 31.174179077148438 -2.916154384613037
0.0 0.0 0.0
8.624226570129395 31.394453048706055 -2.912670612335205
0.0 0.0 0.0
9.170676231384277 31.65178871154785 -2.9127016067504883
9.482902526855469 31.898391723632812 -2.9231443405151367
9.643747329711914 31.632307052612305 -2.885136604309082
0.0 0.0 0.0
0.0 0.0 0.0
0.0 0.0 0.0
0.0 0.0 0.0
0.0 0.0 0.0
0.0 0.0 0.0
0.0 0.0 0.0
0.0 0.0 0.0
0.0 0.0 0.0
0.0 0.0 0.0
0.0 0.0 0.0
0.0 0.0 0.0
0.0 0.0 0.0
0.0 0.0 0.0
0.0 0.0 0.0
0.0 0.0 0.0
0.0 0.0 0.0
0.0 0.0 0.0
0.0 0.0 0.0
0.0 0.0 0.0
0.0 0.0 0.0
0.0 0.0 0.0
17.09587860107422 34.81505584716797 -2.7414746284484863
0.0 0.0 0.0
0.0 0.0 0.0
0.0 0.0 0.0
0.0 0.0 0.0
0.0 0.0 0.0
0.0 0.0 0.0
0.0 0.0 0.0
0.0 0.0 0.0
0.0 0.0 0.0
0.0 0.0 0.0
0.0 0.0 0.0
0.0 0.0 0.0
0.0 0.0 0.0
0.0 0.0 0.0
0.0 0.0 0.0
0.0 0.0 0.0
0.0 0.0 0.0
0.0 0.0 0.0
0.0 0.0 0.0
0.0 0.0 0.0
0.0 0.0 0.0
0.0 0.0 0.0
0.0 0.0 0.0
0.0 0.0 0.0
0.0 0.0 0.0
0.0 0.0 0.0
0.0 0.0 0.0
0.0 0.0 0.0
0.0 0.0 0.0
0.0 0.0 0.0
0.0 0.0 0.0
0.0 0.0 0.0
0.0 0.0 0.0
0.0 0.0 0.0
0.0 0.0 0.0
0.0 0.0 0.0
0.0 0.0 0.0
0.0 0.0 0.0
0.0 0.0 0.0
0.0 0.0 0.0
0.0 0.0 0.0
0.0 0.0 0.0
0.0 0.0 0.0
0.0 0.0 0.0
0.0 0.0 0.0
0.0 0.0 0.0
0.0 0.0 0.0
0.0 0.0 0.0
0.0 0.0 0.0
0.0 0.0 0.0
0.0 0.0 0.0
0.0 0.0 0.0
0.0 0.0 0.0
0.0 0.0 0.0
0.0 0.0 0.0
0.0 0.0 0.0
0.0 0.0 0.0
0.0 0.0 0.0
0.0 0.0 0.0
0.0 0.0 0.0
0.0 0.0 0.0
0.0 0.0 0.0
0.0 0.0 0.0
0.0 0.0 0.0
0.0 0.0 0.0
0.0 0.0 0.0
0.0 0.0 0.0
0.0 0.0 0.0
0.0 0.0 0.0
0.0 0.0 0.0
0.0 0.0 0.0
0.0 0.0 0.0
0.0 0.0 0.0
0.0 0.0 0.0
0.0 0.0 0.0
0.0 0.0 0.0
0.0 0.0 0.0
0.0 0.0 0.0
0.0 0.0 0.0
0.0 0.0 0.0
0.0 0.0 0.0
0.0 0.0 0.0
0.0 0.0 0.0
0.0 0.0 0.0
0.0 0.0 0.0
0.0 0.0 0.0
0.0 0.0 0.0
0.0 0.0 0.0
0.0 0.0 0.0
0.0 0.0 0.0
0.0 0.0 0.0
0.0 0.0 0.0
0.0 0.0 0.0
0.0 0.0 0.0
0.0 0.0 0.0
0.0 0.0 0.0
0.0 0.0 0.0
0.0 0.0 0.0
0.0 0.0 0.0
0.0 0.0 0.0
0.0 0.0 0.0
0.0 0.0 0.0
0.0 0.0 0.0
0.0 0.0 0.0
0.0 0.0 0.0
0.0 0.0 0.0
0.0 0.0 0.0
0.0 0.0 0.0
0.0 0.0 0.0
0.0 0.0 0.0
0.0 0.0 0.0
0.0 0.0 0.0
0.0 0.0 0.0
0.0 0.0 0.0
0.0 0.0 0.0
0.0 0.0 0.0
0.0 0.0 0.0
0.0 0.0 0.0
0.0 0.0 0.0
0.0 0.0 0.0
0.0 0.0 0.0
0.0 0.0 0.0
0.0 0.0 0.0
0.0 0.0 0.0
0.0 0.0 0.0
0.0 0.0 0.0
0.0 0.0 0.0
0.0 0.0 0.0
0.0 0.0 0.0
0.0 0.0 0.0
0.0 0.0 0.0
0.0 0.0 0.0
0.0 0.0 0.0
0.0 0.0 0.0
0.0 0.0 0.0
0.0 0.0 0.0
0.0 0.0 0.0
0.0 0.0 0.0
0.0 0.0 0.0
0.0 0.0 0.0
0.0 0.0 0.0
0.0 0.0 0.0
0.0 0.0 0.0
0.0 0.0 0.0
0.0 0.0 0.0
0.0 0.0 0.0
0.0 0.0 0.0
0.0 0.0 0.0
0.0 0.0 0.0
0.0 0.0 0.0
0.0 0.0 0.0
0.0 0.0 0.0
0.0 0.0 0.0
0.0 0.0 0.0
0.0 0.0 0.0
0.0 0.0 0.0
0.0 0.0 0.0
0.0 0.0 0.0
0.0 0.0 0.0
0.0 0.0 0.0
0.0 0.0 0.0
0.0 0.0 0.0
0.0 0.0 0.0
0.0 0.0 0.0
0.0 0.0 0.0
0.0 0.0 0.0
0.0 0.0 0.0
0.0 0.0 0.0
0.0 0.0 0.0
0.0 0.0 0.0
0.0 0.0 0.0
0.0 0.0 0.0
0.0 0.0 0.0
0.0 0.0 0.0
0.0 0.0 0.0
0.0 0.0 0.0
0.0 0.0 0.0
0.0 0.0 0.0
0.0 0.0 0.0
0.0 0.0 0.0
0.0 0.0 0.0
0.0 0.0 0.0
0.0 0.0 0.0
0.0 0.0 0.0
0.0 0.0 0.0
0.0 0.0 0.0
0.0 0.0 0.0
0.0 0.0 0.0
0.0 0.0 0.0
0.0 0.0 0.0
0.0 0.0 0.0
0.0 0.0 0.0
0.0 0.0 0.0
0.0 0.0 0.0
0.0 0.0 0.0
0.0 0.0 0.0
0.0 0.0 0.0
0.0 0.0 0.0
0.0 0.0 0.0
0.0 0.0 0.0
0.0 0.0 0.0
0.0 0.0 0.0
0.0 0.0 0.0
0.0 0.0 0.0
0.0 0.0 0.0
0.0 0.0 0.0
0.0 0.0 0.0
0.0 0.0 0.0
0.0 0.0 0.0
0.0 0.0 0.0
0.0 0.0 0.0
0.0 0.0 0.0
0.0 0.0 0.0
0.0 0.0 0.0
0.0 0.0 0.0
0.0 0.0 0.0
0.0 0.0 0.0
0.0 0.0 0.0
0.0 0.0 0.0
0.0 0.0 0.0
0.0 0.0 0.0
0.0 0.0 0.0
0.0 0.0 0.0
0.0 0.0 0.0
0.0 0.0 0.0
0.0 0.0 0.0
0.0 0.0 0.0
0.0 0.0 0.0
0.0 0.0 0.0
0.0 0.0 0.0
0.0 0.0 0.0
0.0 0.0 0.0
0.0 0.0 0.0
0.0 0.0 0.0
0.0 0.0 0.0
0.0 0.0 0.0
0.0 0.0 0.0
0.0 0.0 0.0
0.0 0.0 0.0
0.0 0.0 0.0
0.0 0.0 0.0
0.0 0.0 0.0
0.0 0.0 0.0
0.0 0.0 0.0
0.0 0.0 0.0
0.0 0.0 0.0
0.0 0.0 0.0
0.0 0.0 0.0
0.0 0.0 0.0
0.0 0.0 0.0
0.0 0.0 0.0
0.0 0.0 0.0
0.0 0.0 0.0
0.0 0.0 0.0
0.0 0.0 0.0
0.0 0.0 0.0
0.0 0.0 0.0
0.0 0.0 0.0
0.0 0.0 0.0
0.0 0.0 0.0
-7.679649829864502 29.82926368713379 -2.67559814453125
0.0 0.0 0.0
-7.26679801940918 29.945547103881836 -2.710174798965454
-6.979742527008057 29.664714813232422 -2.695425271987915
0.0 0.0 0.0
0.0 0.0 0.0
-6.263917922973633 29.378726959228516 -2.699770450592041
-6.0799479484558105 29.523305892944336 -2.7233681678771973
-5.846723556518555 29.426454544067383 -2.7230923175811768
-5.668851852416992 29.626462936401367 -2.7502975463867188
0.0 0.0 0.0
0.0 0.0 0.0
0.0 0.0 0.0
0.0 0.0 0.0
0.0 0.0 0.0
0.0 0.0 0.0
0.0 0.0 0.0
-3.9623725414276123 29.55315399169922 -2.8047118186950684
0.0 0.0 0.0
0.0 0.0 0.0
0.0 0.0 0.0
-3.1292035579681396 29.59912109375 -2.831353187561035
0.0 0.0 0.0
0.0 0.0 0.0
0.0 0.0 0.0
-2.279352903366089 29.40522575378418 -2.830061674118042
0.0 0.0 0.0
-1.8907943964004517 29.766796112060547 -2.873105525970459
0.0 0.0 0.0
-1.4568239450454712 29.39733123779297 -2.842169761657715
0.0 0.0 0.0
-1.048556923866272 29.53854751586914 -2.8611624240875244
-0.8473215699195862 29.70416831970215 -2.879828453063965
-0.6446957588195801 29.888025283813477 -2.8984363079071045
-0.4307727813720703 29.487356185913086 -2.860492467880249
-0.222927063703537 29.58673858642578 -2.8712048530578613
-0.017182428389787674 29.87126922607422 -2.9000236988067627
0.18847697973251343 29.56342124938965 -2.8712635040283203
0.3945944309234619 29.59258270263672 -2.8734045028686523
0.0 0.0 0.0
0.8167505860328674 29.96527862548828 -2.908616065979004
1.0211669206619263 29.73345947265625 -2.8858354091644287
1.2430919408798218 30.090900421142578 -2.920210838317871
0.0 0.0 0.0
1.6531296968460083 29.923797607421875 -2.899644136428833
1.8844006061553955 30.284420013427734 -2.932596206665039
2.091437816619873 30.165904998779297 -2.9192440509796143
2.296154022216797 30.088939666748047 -2.9099624156951904
2.497978687286377 29.983610153198242 -2.89625883102417
2.7116522789001465 30.020193099975586 -2.8964035511016846
2.932852029800415 30.128807067871094 -2.903622627258301
0.0 0.0 0.0
0.0 0.0 0.0
3.594228506088257 30.313344955444336 -2.909874439239502
3.829188823699951 30.481246948242188 -2.920950174331665
0.0 0.0 0.0
4.270209312438965 30.52220916748047 -2.9150891304016113
0.0 0.0 0.0
0.0 0.0 0.0
4.955798149108887 30.736188888549805 -2.9172399044036865
5.157497882843018 30.628976821899414 -2.9005987644195557
5.429637908935547 30.930391311645508 -2.9227492809295654
5.617516994476318 30.72383689880371 -2.8964998722076416
0.0 0.0 0.0
6.063858985900879 30.74022674560547 -2.8817663192749023
6.300342559814453 30.808895111083984 -2.8802297115325928
6.553648948669434 30.948013305664062 -2.8853342533111572
6.852354526519775 31.266876220703125 -2.9064579010009766
0.0 0.0 0.0
0.0 0.0 0.0
0.0 0.0 0.0
7.751394271850586 31.189748764038086 -2.861126661300659
0.0 0.0 0.0
8.31446361541748 31.55860710144043 -2.8730173110961914
8.564676284790039 31.614086151123047 -2.8667638301849365
8.795187950134277 31.592626571655273 -2.8536195755004883
9.156329154968262 32.02598190307617 -2.8815078735351562
0.0 0.0 0.0
9.6561918258667 32.065093994140625 -2.8596725463867188
9.868204116821289 31.96140480041504 -2.8377859592437744
10.223661422729492 32.312774658203125 -2.8562912940979004
0.0 0.0 0.0
0.0 0.0 0.0
0.0 0.0 0.0
0.0 0.0 0.0
0.0 0.0 0.0
0.0 0.0 0.0
0.0 0.0 0.0
0.0 0.0 0.0
0.0 0.0 0.0
0.0 0.0 0.0
0.0 0.0 0.0
0.0 0.0 0.0
0.0 0.0 0.0
14.5741605758667 34.0781364440918 -2.7807259559631348
0.0 0.0 0.0
0.0 0.0 0.0
0.0 0.0 0.0
0.0 0.0 0.0
0.0 0.0 0.0
0.0 0.0 0.0
0.0 0.0 0.0
17.47047233581543 35.27060317993164 -2.704836368560791
0.0 0.0 0.0
0.0 0.0 0.0
0.0 0.0 0.0
0.0 0.0 0.0
0.0 0.0 0.0
0.0 0.0 0.0
0.0 0.0 0.0
0.0 0.0 0.0
0.0 0.0 0.0
0.0 0.0 0.0
0.0 0.0 0.0
0.0 0.0 0.0
0.0 0.0 0.0
0.0 0.0 0.0
0.0 0.0 0.0
0.0 0.0 0.0
0.0 0.0 0.0
0.0 0.0 0.0
0.0 0.0 0.0
0.0 0.0 0.0
0.0 0.0 0.0
0.0 0.0 0.0
0.0 0.0 0.0
0.0 0.0 0.0
0.0 0.0 0.0
0.0 0.0 0.0
0.0 0.0 0.0
0.0 0.0 0.0
0.0 0.0 0.0
81.4259033203125 121.3939208984375 7.453245162963867
0.0 0.0 0.0
0.0 0.0 0.0
0.0 0.0 0.0
0.0 0.0 0.0
0.0 0.0 0.0
0.0 0.0 0.0
0.0 0.0 0.0
0.0 0.0 0.0
0.0 0.0 0.0
0.0 0.0 0.0
0.0 0.0 0.0
0.0 0.0 0.0
0.0 0.0 0.0
0.0 0.0 0.0
0.0 0.0 0.0
0.0 0.0 0.0
0.0 0.0 0.0
0.0 0.0 0.0
0.0 0.0 0.0
0.0 0.0 0.0
0.0 0.0 0.0
0.0 0.0 0.0
0.0 0.0 0.0
0.0 0.0 0.0
0.0 0.0 0.0
0.0 0.0 0.0
0.0 0.0 0.0
0.0 0.0 0.0
0.0 0.0 0.0
0.0 0.0 0.0
0.0 0.0 0.0
0.0 0.0 0.0
0.0 0.0 0.0
0.0 0.0 0.0
0.0 0.0 0.0
0.0 0.0 0.0
0.0 0.0 0.0
0.0 0.0 0.0
0.0 0.0 0.0
0.0 0.0 0.0
0.0 0.0 0.0
0.0 0.0 0.0
0.0 0.0 0.0
0.0 0.0 0.0
0.0 0.0 0.0
0.0 0.0 0.0
0.0 0.0 0.0
0.0 0.0 0.0
0.0 0.0 0.0
0.0 0.0 0.0
0.0 0.0 0.0
0.0 0.0 0.0
0.0 0.0 0.0
0.0 0.0 0.0
0.0 0.0 0.0
0.0 0.0 0.0
0.0 0.0 0.0
0.0 0.0 0.0
0.0 0.0 0.0
0.0 0.0 0.0
0.0 0.0 0.0
0.0 0.0 0.0
0.0 0.0 0.0
0.0 0.0 0.0
0.0 0.0 0.0
0.0 0.0 0.0
0.0 0.0 0.0
0.0 0.0 0.0
0.0 0.0 0.0
0.0 0.0 0.0
0.0 0.0 0.0
0.0 0.0 0.0
0.0 0.0 0.0
0.0 0.0 0.0
0.0 0.0 0.0
0.0 0.0 0.0
0.0 0.0 0.0
0.0 0.0 0.0
0.0 0.0 0.0
0.0 0.0 0.0
0.0 0.0 0.0
0.0 0.0 0.0
0.0 0.0 0.0
0.0 0.0 0.0
0.0 0.0 0.0
0.0 0.0 0.0
0.0 0.0 0.0
0.0 0.0 0.0
0.0 0.0 0.0
0.0 0.0 0.0
0.0 0.0 0.0
0.0 0.0 0.0
0.0 0.0 0.0
0.0 0.0 0.0
0.0 0.0 0.0
0.0 0.0 0.0
0.0 0.0 0.0
0.0 0.0 0.0
0.0 0.0 0.0
0.0 0.0 0.0
0.0 0.0 0.0
0.0 0.0 0.0
0.0 0.0 0.0
0.0 0.0 0.0
0.0 0.0 0.0
0.0 0.0 0.0
0.0 0.0 0.0
0.0 0.0 0.0
0.0 0.0 0.0
0.0 0.0 0.0
0.0 0.0 0.0
0.0 0.0 0.0
0.0 0.0 0.0
0.0 0.0 0.0
0.0 0.0 0.0
0.0 0.0 0.0
0.0 0.0 0.0
0.0 0.0 0.0
0.0 0.0 0.0
0.0 0.0 0.0
0.0 0.0 0.0
0.0 0.0 0.0
0.0 0.0 0.0
0.0 0.0 0.0
0.0 0.0 0.0
0.0 0.0 0.0
0.0 0.0 0.0
0.0 0.0 0.0
0.0 0.0 0.0
0.0 0.0 0.0
0.0 0.0 0.0
0.0 0.0 0.0
0.0 0.0 0.0
0.0 0.0 0.0
0.0 0.0 0.0
0.0 0.0 0.0
0.0 0.0 0.0
0.0 0.0 0.0
0.0 0.0 0.0
0.0 0.0 0.0
0.0 0.0 0.0
0.0 0.0 0.0
0.0 0.0 0.0
0.0 0.0 0.0
0.0 0.0 0.0
0.0 0.0 0.0
0.0 0.0 0.0
0.0 0.0 0.0
0.0 0.0 0.0
0.0 0.0 0.0
-54.641990661621094 109.33231353759766 9.227088928222656
0.0 0.0 0.0
0.0 0.0 0.0
0.0 0.0 0.0
0.0 0.0 0.0
0.0 0.0 0.0
0.0 0.0 0.0
0.0 0.0 0.0
0.0 0.0 0.0
0.0 0.0 0.0
0.0 0.0 0.0
0.0 0.0 0.0
0.0 0.0 0.0
0.0 0.0 0.0
0.0 0.0 0.0
0.0 0.0 0.0
0.0 0.0 0.0
0.0 0.0 0.0
0.0 0.0 0.0
0.0 0.0 0.0
0.0 0.0 0.0
0.0 0.0 0.0
0.0 0.0 0.0
0.0 0.0 0.0
0.0 0.0 0.0
0.0 0.0 0.0
0.0 0.0 0.0
0.0 0.0 0.0
0.0 0.0 0.0
0.0 0.0 0.0
0.0 0.0 0.0
0.0 0.0 0.0
0.0 0.0 0.0
0.0 0.0 0.0
0.0 0.0 0.0
0.0 0.0 0.0
0.0 0.0 0.0
0.0 0.0 0.0
0.0 0.0 0.0
0.0 0.0 0.0
0.0 0.0 0.0
0.0 0.0 0.0
0.0 0.0 0.0
0.0 0.0 0.0
0.0 0.0 0.0
0.0 0.0 0.0
0.0 0.0 0.0
0.0 0.0 0.0
0.0 0.0 0.0
0.0 0.0 0.0
0.0 0.0 0.0
0.0 0.0 0.0
0.0 0.0 0.0
0.0 0.0 0.0
0.0 0.0 0.0
0.0 0.0 0.0
0.0 0.0 0.0
0.0 0.0 0.0
0.0 0.0 0.0
0.0 0.0 0.0
0.0 0.0 0.0
0.0 0.0 0.0
0.0 0.0 0.0
0.0 0.0 0.0
0.0 0.0 0.0
0.0 0.0 0.0
0.0 0.0 0.0
0.0 0.0 0.0
0.0 0.0 0.0
0.0 0.0 0.0
0.0 0.0 0.0
0.0 0.0 0.0
0.0 0.0 0.0
0.0 0.0 0.0
0.0 0.0 0.0
0.0 0.0 0.0
0.0 0.0 0.0
0.0 0.0 0.0
0.0 0.0 0.0
0.0 0.0 0.0
0.0 0.0 0.0
0.0 0.0 0.0
0.0 0.0 0.0
0.0 0.0 0.0
0.0 0.0 0.0
-6.255917549133301 29.85963249206543 -2.675159454345703
-6.007987976074219 29.702983856201172 -2.6696906089782715
0.0 0.0 0.0
0.0 0.0 0.0
0.0 0.0 0.0
0.0 0.0 0.0
-4.957980155944824 29.83966636657715 -2.723242998123169
-4.705511093139648 29.59205436706543 -2.7077817916870117
-4.520151615142822 29.76167106628418 -2.730605363845825
0.0 0.0 0.0
0.0 0.0 0.0
0.0 0.0 0.0
0.0 0.0 0.0
-3.4868757724761963 29.97469139099121 -2.7809433937072754
0.0 0.0 0.0
0.0 0.0 0.0
0.0 0.0 0.0
0.0 0.0 0.0
0.0 0.0 0.0
0.0 0.0 0.0
-2.0139427185058594 30.02762222290039 -2.8162124156951904
0.0 0.0 0.0
0.0 0.0 0.0
-1.3723398447036743 29.825193405151367 -2.805635929107666
-1.1652785539627075 29.849206924438477 -2.810955047607422
0.0 0.0 0.0
-0.7498030066490173 30.010011672973633 -2.8285765647888184
-0.5402788519859314 29.963794708251953 -2.8254475593566895
-0.3295779824256897 29.772235870361328 -2.8087406158447266
-0.12333498150110245 29.94477081298828 -2.8265161514282227
0.08499222993850708 29.894344329833984 -2.8217551708221436
0.29453930258750916 30.064176559448242 -2.837480306625366
0.512600302696228 30.36078453063965 -2.865302085876465
0.7179580926895142 30.115476608276367 -2.842122793197632
0.9232816100120544 29.977636337280273 -2.8292222023010254
1.1459901332855225 30.34764862060547 -2.8627312183380127
1.3516666889190674 30.214855194091797 -2.8484060764312744
1.5569658279418945 30.04166030883789 -2.8304009437561035
1.7786250114440918 30.24386978149414 -2.847928047180176
0.0 0.0 0.0
2.2374374866485596 30.74437713623047 -2.8908066749572754
2.4348793029785156 30.523038864135742 -2.8667402267456055
2.6519839763641357 30.521011352539062 -2.8633804321289062
2.8926217555999756 30.80430793762207 -2.886948823928833
0.0 0.0 0.0
0.0 0.0 0.0
0.0 0.0 0.0
0.0 0.0 0.0
0.0 0.0 0.0
4.200191974639893 30.814043045043945 -2.862741470336914
4.434614658355713 30.927366256713867 -2.867555856704712
4.64402437210083 30.858110427856445 -2.855008125305176
4.877517223358154 30.944984436035156 -2.857028007507324
0.0 0.0 0.0
0.0 0.0 0.0
0.0 0.0 0.0
0.0 0.0 0.0
6.030312538146973 31.150144577026367 -2.8416028022766113
0.0 0.0 0.0
6.517414569854736 31.304372787475586 -2.8407371044158936
0.0 0.0 0.0
0.0 0.0 0.0
0.0 0.0 0.0
0.0 0.0 0.0
0.0 0.0 0.0
0.0 0.0 0.0
8.3333740234375 32.091102600097656 -2.8456106185913086
0.0 0.0 0.0
0.0 0.0 0.0
0.0 0.0 0.0
9.377041816711426 32.3671989440918 -2.8257546424865723
9.623472213745117 32.37350845336914 -2.8141214847564697
9.893145561218262 32.452423095703125 -2.8088555335998535
0.0 0.0 0.0
0.0 0.0 0.0
0.0 0.0 0.0
11.031094551086426 32.8631477355957 -2.7913990020751953
0.0 0.0 0.0
0.0 0.0 0.0
0.0 0.0 0.0
0.0 0.0 0.0
0.0 0.0 0.0
0.0 0.0 0.0
0.0 0.0 0.0
0.0 0.0 0.0
0.0 0.0 0.0
0.0 0.0 0.0
0.0 0.0 0.0
0.0 0.0 0.0
15.182180404663086 34.498653411865234 -2.7125084400177
0.0 0.0 0.0
0.0 0.0 0.0
0.0 0.0 0.0
0.0 0.0 0.0
0.0 0.0 0.0
0.0 0.0 0.0
0.0 0.0 0.0
18.309240341186523 36.00981903076172 -2.6550514698028564
0.0 0.0 0.0
0.0 0.0 0.0
0.0 0.0 0.0
0.0 0.0 0.0
0.0 0.0 0.0
0.0 0.0 0.0
0.0 0.0 0.0
0.0 0.0 0.0
0.0 0.0 0.0
0.0 0.0 0.0
0.0 0.0 0.0
0.0 0.0 0.0
0.0 0.0 0.0
0.0 0.0 0.0
0.0 0.0 0.0
0.0 0.0 0.0
0.0 0.0 0.0
0.0 0.0 0.0
0.0 0.0 0.0
0.0 0.0 0.0
0.0 0.0 0.0
0.0 0.0 0.0
0.0 0.0 0.0
0.0 0.0 0.0
0.0 0.0 0.0
0.0 0.0 0.0
0.0 0.0 0.0
0.0 0.0 0.0
81.87626647949219 121.1301498413086 7.109618663787842
80.97895812988281 121.64865112304688 7.324392795562744
0.0 0.0 0.0
0.0 0.0 0.0
0.0 0.0 0.0
0.0 0.0 0.0
0.0 0.0 0.0
0.0 0.0 0.0
0.0 0.0 0.0
0.0 0.0 0.0
0.0 0.0 0.0
0.0 0.0 0.0
0.0 0.0 0.0
0.0 0.0 0.0
0.0 0.0 0.0
0.0 0.0 0.0
0.0 0.0 0.0
0.0 0.0 0.0
0.0 0.0 0.0
0.0 0.0 0.0
0.0 0.0 0.0
0.0 0.0 0.0
0.0 0.0 0.0
0.0 0.0 0.0
0.0 0.0 0.0
0.0 0.0 0.0
0.0 0.0 0.0
0.0 0.0 0.0
0.0 0.0 0.0
0.0 0.0 0.0
0.0 0.0 0.0
0.0 0.0 0.0
0.0 0.0 0.0
0.0 0.0 0.0
0.0 0.0 0.0
0.0 0.0 0.0
0.0 0.0 0.0
0.0 0.0 0.0
0.0 0.0 0.0
0.0 0.0 0.0
0.0 0.0 0.0
0.0 0.0 0.0
0.0 0.0 0.0
0.0 0.0 0.0
0.0 0.0 0.0
0.0 0.0 0.0
0.0 0.0 0.0
0.0 0.0 0.0
0.0 0.0 0.0
0.0 0.0 0.0
0.0 0.0 0.0
0.0 0.0 0.0
0.0 0.0 0.0
0.0 0.0 0.0
0.0 0.0 0.0
0.0 0.0 0.0
0.0 0.0 0.0
0.0 0.0 0.0
0.0 0.0 0.0
0.0 0.0 0.0
0.0 0.0 0.0
0.0 0.0 0.0
0.0 0.0 0.0
0.0 0.0 0.0
0.0 0.0 0.0
0.0 0.0 0.0
0.0 0.0 0.0
0.0 0.0 0.0
0.0 0.0 0.0
0.0 0.0 0.0
0.0 0.0 0.0
0.0 0.0 0.0
0.0 0.0 0.0
0.0 0.0 0.0
0.0 0.0 0.0
0.0 0.0 0.0
0.0 0.0 0.0
0.0 0.0 0.0
0.0 0.0 0.0
0.0 0.0 0.0
0.0 0.0 0.0
0.0 0.0 0.0
0.0 0.0 0.0
0.0 0.0 0.0
0.0 0.0 0.0
0.0 0.0 0.0
0.0 0.0 0.0
0.0 0.0 0.0
0.0 0.0 0.0
0.0 0.0 0.0
0.0 0.0 0.0
0.0 0.0 0.0
0.0 0.0 0.0
0.0 0.0 0.0
0.0 0.0 0.0
0.0 0.0 0.0
0.0 0.0 0.0
0.0 0.0 0.0
0.0 0.0 0.0
0.0 0.0 0.0
0.0 0.0 0.0
0.0 0.0 0.0
0.0 0.0 0.0
0.0 0.0 0.0
0.0 0.0 0.0
0.0 0.0 0.0
0.0 0.0 0.0
0.0 0.0 0.0
0.0 0.0 0.0
0.0 0.0 0.0
0.0 0.0 0.0
0.0 0.0 0.0
0.0 0.0 0.0
0.0 0.0 0.0
0.0 0.0 0.0
0.0 0.0 0.0
0.0 0.0 0.0
0.0 0.0 0.0
0.0 0.0 0.0
0.0 0.0 0.0
0.0 0.0 0.0
0.0 0.0 0.0
0.0 0.0 0.0
0.0 0.0 0.0
0.0 0.0 0.0
0.0 0.0 0.0
0.0 0.0 0.0
0.0 0.0 0.0
0.0 0.0 0.0
0.0 0.0 0.0
0.0 0.0 0.0
0.0 0.0 0.0
0.0 0.0 0.0
0.0 0.0 0.0
0.0 0.0 0.0
0.0 0.0 0.0
0.0 0.0 0.0
0.0 0.0 0.0
0.0 0.0 0.0
0.0 0.0 0.0
0.0 0.0 0.0
0.0 0.0 0.0
0.0 0.0 0.0
0.0 0.0 0.0
0.0 0.0 0.0
0.0 0.0 0.0
0.0 0.0 0.0
0.0 0.0 0.0
0.0 0.0 0.0
0.0 0.0 0.0
0.0 0.0 0.0
0.0 0.0 0.0
0.0 0.0 0.0
0.0 0.0 0.0
0.0 0.0 0.0
0.0 0.0 0.0
0.0 0.0 0.0
0.0 0.0 0.0
0.0 0.0 0.0
0.0 0.0 0.0
0.0 0.0 0.0
0.0 0.0 0.0
0.0 0.0 0.0
0.0 0.0 0.0
0.0 0.0 0.0
0.0 0.0 0.0
0.0 0.0 0.0
0.0 0.0 0.0
0.0 0.0 0.0
0.0 0.0 0.0
0.0 0.0 0.0
0.0 0.0 0.0
0.0 0.0 0.0
0.0 0.0 0.0
0.0 0.0 0.0
0.0 0.0 0.0
0.0 0.0 0.0
0.0 0.0 0.0
0.0 0.0 0.0
0.0 0.0 0.0
0.0 0.0 0.0
0.0 0.0 0.0
0.0 0.0 0.0
0.0 0.0 0.0
0.0 0.0 0.0
0.0 0.0 0.0
0.0 0.0 0.0
0.0 0.0 0.0
0.0 0.0 0.0
0.0 0.0 0.0
0.0 0.0 0.0
0.0 0.0 0.0
0.0 0.0 0.0
0.0 0.0 0.0
0.0 0.0 0.0
0.0 0.0 0.0
0.0 0.0 0.0
0.0 0.0 0.0
0.0 0.0 0.0
0.0 0.0 0.0
0.0 0.0 0.0
0.0 0.0 0.0
0.0 0.0 0.0
0.0 0.0 0.0
0.0 0.0 0.0
0.0 0.0 0.0
0.0 0.0 0.0
0.0 0.0 0.0
0.0 0.0 0.0
0.0 0.0 0.0
0.0 0.0 0.0
0.0 0.0 0.0
0.0 0.0 0.0
0.0 0.0 0.0
0.0 0.0 0.0
0.0 0.0 0.0
0.0 0.0 0.0
0.0 0.0 0.0
0.0 0.0 0.0
0.0 0.0 0.0
0.0 0.0 0.0
0.0 0.0 0.0
0.0 0.0 0.0
0.0 0.0 0.0
0.0 0.0 0.0
0.0 0.0 0.0
0.0 0.0 0.0
0.0 0.0 0.0
0.0 0.0 0.0
-8.054486274719238 30.409114837646484 -2.5695033073425293
0.0 0.0 0.0
0.0 0.0 0.0
0.0 0.0 0.0
-7.1028151512146 30.188505172729492 -2.5935962200164795
0.0 0.0 0.0
-6.651589393615723 30.165088653564453 -2.612231969833374
-6.470401287078857 30.346664428710938 -2.636733293533325
-6.186511039733887 30.039213180541992 -2.618809223175049
0.0 0.0 0.0
0.0 0.0 0.0
0.0 0.0 0.0
-5.308475971221924 30.00107192993164 -2.6488535404205322
0.0 0.0 0.0
0.0 0.0 0.0
-4.678524971008301 30.110830307006836 -2.68100643157959
-4.477054119110107 30.199615478515625 -2.6955337524414062
0.0 0.0 0.0
0.0 0.0 0.0
0.0 0.0 0.0
0.0 0.0 0.0
0.0 0.0 0.0
-3.1748268604278564 30.04297637939453 -2.7151503562927246
0.0 0.0 0.0
-2.7424328327178955 29.928104400634766 -2.7139079570770264
0.0 0.0 0.0
0.0 0.0 0.0
-2.142368793487549 30.38898277282715 -2.767385721206665
0.0 0.0 0.0
-1.7068976163864136 30.19755744934082 -2.756312608718872
-1.4943915605545044 30.161684036254883 -2.7564098834991455
-1.2871383428573608 30.322790145874023 -2.7735629081726074
-1.076598882675171 30.33856964111328 -2.776556968688965
-0.8649699091911316 30.32956314086914 -2.777418613433838
-0.6494243741035461 30.116849899291992 -2.7597436904907227
-0.4397953748703003 30.120431900024414 -2.762012243270874
0.0 0.0 0.0
-0.01724984124302864 30.473600387573242 -2.795536518096924
0.19467566907405853 30.46129608154297 -2.794633626937866
0.40719878673553467 30.525318145751953 -2.800868034362793
0.6162324547767639 30.358386993408203 -2.786045789718628
0.0 0.0 0.0
0.0 0.0 0.0
1.2685317993164062 30.704530715942383 -2.8149023056030273
1.4789066314697266 30.63298225402832 -2.807260513305664
1.699133276939392 30.750301361083984 -2.8170595169067383
1.9043915271759033 30.602113723754883 -2.801858425140381
0.0 0.0 0.0
0.0 0.0 0.0
2.5774316787719727 30.928647994995117 -2.8238863945007324
2.7981534004211426 30.972326278686523 -2.8255326747894287
2.9987668991088867 30.801544189453125 -2.807006359100342
0.0 0.0 0.0
3.4432215690612793 30.869659423828125 -2.8050966262817383
0.0 0.0 0.0
0.0 0.0 0.0
4.140496253967285 31.19774055480957 -2.822977066040039
0.0 0.0 0.0
4.588134288787842 31.207307815551758 -2.8130240440368652
0.0 0.0 0.0
5.081380844116211 31.510669708251953 -2.8300487995147705
5.291245937347412 31.42167091369629 -2.816267251968384
0.0 0.0 0.0
0.0 0.0 0.0
0.0 0.0 0.0
0.0 0.0 0.0
0.0 0.0 0.0
0.0 0.0 0.0
0.0 0.0 0.0
0.0 0.0 0.0
7.491122722625732 32.040218353271484 -2.802682399749756
30.534582138061523 126.62211608886719 -11.039576530456543
0.0 0.0 0.0
8.22179889678955 32.10947036743164 -2.7795393466949463
8.5596284866333 32.485496520996094 -2.8022406101226807
8.713464736938477 32.159576416015625 -2.7644870281219482
0.0 0.0 0.0
9.228846549987793 32.27748489379883 -2.7526090145111084
9.564974784851074 32.57875442504883 -2.7669501304626465
0.0 0.0 0.0
0.0 0.0 0.0
0.0 0.0 0.0
10.762686729431152 33.213260650634766 -2.7721993923187256
0.0 0.0 0.0
0.0 0.0 0.0
0.0 0.0 0.0
0.0 0.0 0.0
0.0 0.0 0.0
0.0 0.0 0.0
0.0 0.0 0.0
0.0 0.0 0.0
13.42154312133789 33.9739990234375 -2.7030410766601562
0.0 0.0 0.0
0.0 0.0 0.0
0.0 0.0 0.0
0.0 0.0 0.0
0.0 0.0 0.0
0.0 0.0 0.0
0.0 0.0 0.0
0.0 0.0 0.0
0.0 0.0 0.0
0.0 0.0 0.0
0.0 0.0 0.0
0.0 0.0 0.0
0.0 0.0 0.0
0.0 0.0 0.0
18.91228675842285 36.25495529174805 -2.5811071395874023
0.0 0.0 0.0
0.0 0.0 0.0
0.0 0.0 0.0
0.0 0.0 0.0
0.0 0.0 0.0
0.0 0.0 0.0
0.0 0.0 0.0
0.0 0.0 0.0
0.0 0.0 0.0
0.0 0.0 0.0
0.0 0.0 0.0
0.0 0.0 0.0
0.0 0.0 0.0
0.0 0.0 0.0
0.0 0.0 0.0
0.0 0.0 0.0
0.0 0.0 0.0
0.0 0.0 0.0
0.0 0.0 0.0
0.0 0.0 0.0
0.0 0.0 0.0
0.0 0.0 0.0
0.0 0.0 0.0
0.0 0.0 0.0
0.0 0.0 0.0
0.0 0.0 0.0
81.4458999633789 121.41865539550781 6.969381332397461
0.0 0.0 0.0
0.0 0.0 0.0
0.0 0.0 0.0
0.0 0.0 0.0
0.0 0.0 0.0
0.0 0.0 0.0
0.0 0.0 0.0
0.0 0.0 0.0
0.0 0.0 0.0
0.0 0.0 0.0
0.0 0.0 0.0
0.0 0.0 0.0
0.0 0.0 0.0
0.0 0.0 0.0
0.0 0.0 0.0
0.0 0.0 0.0
0.0 0.0 0.0
0.0 0.0 0.0
0.0 0.0 0.0
0.0 0.0 0.0
0.0 0.0 0.0
0.0 0.0 0.0
0.0 0.0 0.0
0.0 0.0 0.0
0.0 0.0 0.0
0.0 0.0 0.0
0.0 0.0 0.0
0.0 0.0 0.0
0.0 0.0 0.0
0.0 0.0 0.0
0.0 0.0 0.0
0.0 0.0 0.0
0.0 0.0 0.0
0.0 0.0 0.0
0.0 0.0 0.0
0.0 0.0 0.0
0.0 0.0 0.0
0.0 0.0 0.0
0.0 0.0 0.0
0.0 0.0 0.0
0.0 0.0 0.0
0.0 0.0 0.0
0.0 0.0 0.0
0.0 0.0 0.0
0.0 0.0 0.0
0.0 0.0 0.0
0.0 0.0 0.0
0.0 0.0 0.0
0.0 0.0 0.0
0.0 0.0 0.0
0.0 0.0 0.0
0.0 0.0 0.0
0.0 0.0 0.0
0.0 0.0 0.0
0.0 0.0 0.0
0.0 0.0 0.0
0.0 0.0 0.0
0.0 0.0 0.0
0.0 0.0 0.0
0.0 0.0 0.0
0.0 0.0 0.0
0.0 0.0 0.0
0.0 0.0 0.0
0.0 0.0 0.0
0.0 0.0 0.0
0.0 0.0 0.0
0.0 0.0 0.0
0.0 0.0 0.0
0.0 0.0 0.0
0.0 0.0 0.0
0.0 0.0 0.0
0.0 0.0 0.0
0.0 0.0 0.0
0.0 0.0 0.0
0.0 0.0 0.0
0.0 0.0 0.0
0.0 0.0 0.0
0.0 0.0 0.0
0.0 0.0 0.0
0.0 0.0 0.0
0.0 0.0 0.0
0.0 0.0 0.0
0.0 0.0 0.0
0.0 0.0 0.0
0.0 0.0 0.0
0.0 0.0 0.0
0.0 0.0 0.0
0.0 0.0 0.0
0.0 0.0 0.0
0.0 0.0 0.0
0.0 0.0 0.0
0.0 0.0 0.0
0.0 0.0 0.0
0.0 0.0 0.0
0.0 0.0 0.0
0.0 0.0 0.0
0.0 0.0 0.0
0.0 0.0 0.0
0.0 0.0 0.0
0.0 0.0 0.0
0.0 0.0 0.0
0.0 0.0 0.0
0.0 0.0 0.0
0.0 0.0 0.0
0.0 0.0 0.0
0.0 0.0 0.0
0.0 0.0 0.0
0.0 0.0 0.0
0.0 0.0 0.0
0.0 0.0 0.0
0.0 0.0 0.0
0.0 0.0 0.0
0.0 0.0 0.0
0.0 0.0 0.0
0.0 0.0 0.0
0.0 0.0 0.0
0.0 0.0 0.0
0.0 0.0 0.0
0.0 0.0 0.0
0.0 0.0 0.0
0.0 0.0 0.0
0.0 0.0 0.0
0.0 0.0 0.0
0.0 0.0 0.0
0.0 0.0 0.0
0.0 0.0 0.0
0.0 0.0 0.0
0.0 0.0 0.0
0.0 0.0 0.0
0.0 0.0 0.0
0.0 0.0 0.0
0.0 0.0 0.0
0.0 0.0 0.0
0.0 0.0 0.0
0.0 0.0 0.0
0.0 0.0 0.0
0.0 0.0 0.0
0.0 0.0 0.0
0.0 0.0 0.0
0.0 0.0 0.0
0.0 0.0 0.0
0.0 0.0 0.0
0.0 0.0 0.0
0.0 0.0 0.0
0.0 0.0 0.0
0.0 0.0 0.0
0.0 0.0 0.0
0.0 0.0 0.0
0.0 0.0 0.0
0.0 0.0 0.0
0.0 0.0 0.0
0.0 0.0 0.0
0.0 0.0 0.0
0.0 0.0 0.0
0.0 0.0 0.0
0.0 0.0 0.0
0.0 0.0 0.0
0.0 0.0 0.0
0.0 0.0 0.0
0.0 0.0 0.0
0.0 0.0 0.0
0.0 0.0 0.0
0.0 0.0 0.0
0.0 0.0 0.0
0.0 0.0 0.0
0.0 0.0 0.0
0.0 0.0 0.0
0.0 0.0 0.0
0.0 0.0 0.0
0.0 0.0 0.0
0.0 0.0 0.0
0.0 0.0 0.0
0.0 0.0 0.0
0.0 0.0 0.0
0.0 0.0 0.0
0.0 0.0 0.0
0.0 0.0 0.0
0.0 0.0 0.0
0.0 0.0 0.0
0.0 0.0 0.0
0.0 0.0 0.0
0.0 0.0 0.0
0.0 0.0 0.0
0.0 0.0 0.0
0.0 0.0 0.0
0.0 0.0 0.0
0.0 0.0 0.0
0.0 0.0 0.0
0.0 0.0 0.0
0.0 0.0 0.0
0.0 0.0 0.0
0.0 0.0 0.0
0.0 0.0 0.0
0.0 0.0 0.0
0.0 0.0 0.0
0.0 0.0 0.0
0.0 0.0 0.0
0.0 0.0 0.0
0.0 0.0 0.0
0.0 0.0 0.0
0.0 0.0 0.0
0.0 0.0 0.0
0.0 0.0 0.0
0.0 0.0 0.0
0.0 0.0 0.0
0.0 0.0 0.0
0.0 0.0 0.0
0.0 0.0 0.0
0.0 0.0 0.0
0.0 0.0 0.0
0.0 0.0 0.0
0.0 0.0 0.0
0.0 0.0 0.0
0.0 0.0 0.0
0.0 0.0 0.0
0.0 0.0 0.0
0.0 0.0 0.0
0.0 0.0 0.0
0.0 0.0 0.0
0.0 0.0 0.0
0.0 0.0 0.0
0.0 0.0 0.0
0.0 0.0 0.0
0.0 0.0 0.0
0.0 0.0 0.0
0.0 0.0 0.0
0.0 0.0 0.0
-8.272260665893555 30.788726806640625 -2.5247416496276855
0.0 0.0 0.0
0.0 0.0 0.0
-7.589341163635254 30.81614112854004 -2.557912826538086
0.0 0.0 0.0
0.0 0.0 0.0
0.0 0.0 0.0
0.0 0.0 0.0
0.0 0.0 0.0
-6.134742736816406 30.325822830200195 -2.5725183486938477
0.0 0.0 0.0
0.0 0.0 0.0
0.0 0.0 0.0
-5.294704914093018 30.54710578918457 -2.622339963912964
0.0 0.0 0.0
0.0 0.0 0.0
-4.641458034515381 30.560081481933594 -2.6442244052886963
0.0 0.0 0.0
-4.165493488311768 30.257835388183594 -2.6301488876342773
-4.013058662414551 30.760473251342773 -2.680262804031372
-3.7588560581207275 30.466434478759766 -2.660367250442505
0.0 0.0 0.0
-3.344968557357788 30.61136245727539 -2.6820719242095947
0.0 0.0 0.0
0.0 0.0 0.0
-2.6824734210968018 30.46387481689453 -2.68304443359375
0.0 0.0 0.0
-2.257279396057129 30.481910705566406 -2.6908421516418457
-2.0386881828308105 30.403310775756836 -2.6871941089630127
0.0 0.0 0.0
0.0 0.0 0.0
0.0 0.0 0.0
-1.1918509006500244 30.54049301147461 -2.7093734741210938
-0.9888678789138794 30.847265243530273 -2.7385787963867188
-0.769472599029541 30.81825065612793 -2.73816180229187
-0.5503506064414978 30.554231643676758 -2.71647310256958
0.0 0.0 0.0
0.0 0.0 0.0
0.0 0.0 0.0
0.30187472701072693 30.748167037963867 -2.7356276512145996
0.5196195244789124 30.760799407958984 -2.737266778945923
0.7358806133270264 30.853803634643555 -2.7445638179779053
0.953906238079071 30.968631744384766 -2.7539291381835938
1.1701656579971313 30.984695434570312 -2.7546401023864746
0.0 0.0 0.0
1.6003447771072388 30.88390350341797 -2.7444376945495605
0.0 0.0 0.0
2.0454447269439697 31.096088409423828 -2.758718729019165
0.0 0.0 0.0
2.477263927459717 31.057464599609375 -2.751249313354492
2.7330784797668457 31.45425796508789 -2.7844078540802
0.0 0.0 0.0
3.1435353755950928 31.147010803222656 -2.749843120574951
3.380082607269287 31.310583114624023 -2.760777235031128
0.0 0.0 0.0
3.8112330436706543 31.19536590576172 -2.743891716003418
0.0 0.0 0.0
4.268145561218262 31.310285568237305 -2.743726968765259
0.0 0.0 0.0
0.0 0.0 0.0
4.991588115692139 31.666166305541992 -2.7602293491363525
0.0 0.0 0.0
0.0 0.0 0.0
0.0 0.0 0.0
5.980677604675293 32.083866119384766 -2.770432710647583
0.0 0.0 0.0
0.0 0.0 0.0
0.0 0.0 0.0
0.0 0.0 0.0
0.0 0.0 0.0
7.416071891784668 32.23226547241211 -2.73736834526062
7.704387664794922 32.433895111083984 -2.7450075149536133
0.0 0.0 0.0
8.205080032348633 32.52201843261719 -2.734062433242798
8.437196731567383 32.48786926269531 -2.7221577167510986
0.0 0.0 0.0
0.0 0.0 0.0
9.298720359802246 32.948081970214844 -2.7295966148376465
9.525853157043457 32.876338958740234 -2.7131612300872803
9.75798225402832 32.821678161621094 -2.6982672214508057
0.0 0.0 0.0
0.0 0.0 0.0
0.0 0.0 0.0
0.0 0.0 0.0
11.293997764587402 33.64583969116211 -2.7052242755889893
11.486008644104004 33.44647979736328 -2.6757588386535645
0.0 0.0 0.0
12.165237426757812 33.86753845214844 -2.681732416152954
0.0 0.0 0.0
0.0 0.0 0.0
0.0 0.0 0.0
0.0 0.0 0.0
0.0 0.0 0.0
0.0 0.0 0.0
0.0 0.0 0.0
0.0 0.0 0.0
0.0 0.0 0.0
15.519186973571777 35.25932693481445 -2.630631446838379
0.0 0.0 0.0
0.0 0.0 0.0
0.0 0.0 0.0
0.0 0.0 0.0
0.0 0.0 0.0
0.0 0.0 0.0
0.0 0.0 0.0
0.0 0.0 0.0
0.0 0.0 0.0
0.0 0.0 0.0
0.0 0.0 0.0
0.0 0.0 0.0
0.0 0.0 0.0
0.0 0.0 0.0
0.0 0.0 0.0
0.0 0.0 0.0
0.0 0.0 0.0
0.0 0.0 0.0
0.0 0.0 0.0
0.0 0.0 0.0
0.0 0.0 0.0
0.0 0.0 0.0
0.0 0.0 0.0
0.0 0.0 0.0
0.0 0.0 0.0
0.0 0.0 0.0
0.0 0.0 0.0
0.0 0.0 0.0
0.0 0.0 0.0
0.0 0.0 0.0
0.0 0.0 0.0
0.0 0.0 0.0
0.0 0.0 0.0
0.0 0.0 0.0
0.0 0.0 0.0
0.0 0.0 0.0
0.0 0.0 0.0
81.06549072265625 121.78905487060547 6.827916622161865
0.0 0.0 0.0
0.0 0.0 0.0
0.0 0.0 0.0
0.0 0.0 0.0
0.0 0.0 0.0
0.0 0.0 0.0
0.0 0.0 0.0
0.0 0.0 0.0
0.0 0.0 0.0
0.0 0.0 0.0
0.0 0.0 0.0
0.0 0.0 0.0
0.0 0.0 0.0
0.0 0.0 0.0
0.0 0.0 0.0
0.0 0.0 0.0
0.0 0.0 0.0
0.0 0.0 0.0
0.0 0.0 0.0
0.0 0.0 0.0
0.0 0.0 0.0
0.0 0.0 0.0
0.0 0.0 0.0
0.0 0.0 0.0
0.0 0.0 0.0
0.0 0.0 0.0
0.0 0.0 0.0
0.0 0.0 0.0
0.0 0.0 0.0
0.0 0.0 0.0
0.0 0.0 0.0
0.0 0.0 0.0
0.0 0.0 0.0
0.0 0.0 0.0
0.0 0.0 0.0
0.0 0.0 0.0
0.0 0.0 0.0
0.0 0.0 0.0
0.0 0.0 0.0
0.0 0.0 0.0
0.0 0.0 0.0
0.0 0.0 0.0
0.0 0.0 0.0
0.0 0.0 0.0
0.0 0.0 0.0
0.0 0.0 0.0
0.0 0.0 0.0
0.0 0.0 0.0
0.0 0.0 0.0
0.0 0.0 0.0
0.0 0.0 0.0
0.0 0.0 0.0
0.0 0.0 0.0
0.0 0.0 0.0
0.0 0.0 0.0
0.0 0.0 0.0
0.0 0.0 0.0
0.0 0.0 0.0
0.0 0.0 0.0
0.0 0.0 0.0
0.0 0.0 0.0
0.0 0.0 0.0
0.0 0.0 0.0
0.0 0.0 0.0
0.0 0.0 0.0
0.0 0.0 0.0
0.0 0.0 0.0
0.0 0.0 0.0
0.0 0.0 0.0
0.0 0.0 0.0
0.0 0.0 0.0
0.0 0.0 0.0
0.0 0.0 0.0
0.0 0.0 0.0
0.0 0.0 0.0
0.0 0.0 0.0
0.0 0.0 0.0
0.0 0.0 0.0
0.0 0.0 0.0
0.0 0.0 0.0
0.0 0.0 0.0
0.0 0.0 0.0
0.0 0.0 0.0
0.0 0.0 0.0
0.0 0.0 0.0
0.0 0.0 0.0
0.0 0.0 0.0
0.0 0.0 0.0
0.0 0.0 0.0
0.0 0.0 0.0
0.0 0.0 0.0
0.0 0.0 0.0
0.0 0.0 0.0
0.0 0.0 0.0
0.0 0.0 0.0
0.0 0.0 0.0
0.0 0.0 0.0
0.0 0.0 0.0
0.0 0.0 0.0
0.0 0.0 0.0
0.0 0.0 0.0
0.0 0.0 0.0
0.0 0.0 0.0
0.0 0.0 0.0
0.0 0.0 0.0
0.0 0.0 0.0
0.0 0.0 0.0
0.0 0.0 0.0
0.0 0.0 0.0
0.0 0.0 0.0
0.0 0.0 0.0
0.0 0.0 0.0
0.0 0.0 0.0
0.0 0.0 0.0
0.0 0.0 0.0
0.0 0.0 0.0
0.0 0.0 0.0
0.0 0.0 0.0
0.0 0.0 0.0
0.0 0.0 0.0
0.0 0.0 0.0
0.0 0.0 0.0
0.0 0.0 0.0
0.0 0.0 0.0
0.0 0.0 0.0
0.0 0.0 0.0
0.0 0.0 0.0
0.0 0.0 0.0
0.0 0.0 0.0
0.0 0.0 0.0
0.0 0.0 0.0
0.0 0.0 0.0
0.0 0.0 0.0
0.0 0.0 0.0
0.0 0.0 0.0
0.0 0.0 0.0
0.0 0.0 0.0
0.0 0.0 0.0
0.0 0.0 0.0
0.0 0.0 0.0
0.0 0.0 0.0
0.0 0.0 0.0
0.0 0.0 0.0
0.0 0.0 0.0
0.0 0.0 0.0
0.0 0.0 0.0
0.0 0.0 0.0
0.0 0.0 0.0
0.0 0.0 0.0
0.0 0.0 0.0
0.0 0.0 0.0
0.0 0.0 0.0
0.0 0.0 0.0
0.0 0.0 0.0
0.0 0.0 0.0
0.0 0.0 0.0
0.0 0.0 0.0
0.0 0.0 0.0
0.0 0.0 0.0
0.0 0.0 0.0
0.0 0.0 0.0
0.0 0.0 0.0
0.0 0.0 0.0
0.0 0.0 0.0
0.0 0.0 0.0
0.0 0.0 0.0
0.0 0.0 0.0
0.0 0.0 0.0
0.0 0.0 0.0
0.0 0.0 0.0
0.0 0.0 0.0
0.0 0.0 0.0
0.0 0.0 0.0
0.0 0.0 0.0
0.0 0.0 0.0
0.0 0.0 0.0
0.0 0.0 0.0
0.0 0.0 0.0
0.0 0.0 0.0
0.0 0.0 0.0
0.0 0.0 0.0
0.0 0.0 0.0
0.0 0.0 0.0
0.0 0.0 0.0
0.0 0.0 0.0
0.0 0.0 0.0
0.0 0.0 0.0
0.0 0.0 0.0
0.0 0.0 0.0
0.0 0.0 0.0
0.0 0.0 0.0
0.0 0.0 0.0
0.0 0.0 0.0
0.0 0.0 0.0
0.0 0.0 0.0
0.0 0.0 0.0
-16.954647064208984 32.92097854614258 -2.099024534225464
0.0 0.0 0.0
0.0 0.0 0.0
0.0 0.0 0.0
0.0 0.0 0.0
0.0 0.0 0.0
0.0 0.0 0.0
0.0 0.0 0.0
0.0 0.0 0.0
0.0 0.0 0.0
0.0 0.0 0.0
0.0 0.0 0.0
0.0 0.0 0.0
0.0 0.0 0.0
0.0 0.0 0.0
0.0 0.0 0.0
0.0 0.0 0.0
0.0 0.0 0.0
0.0 0.0 0.0
0.0 0.0 0.0
0.0 0.0 0.0
0.0 0.0 0.0
0.0 0.0 0.0
0.0 0.0 0.0
0.0 0.0 0.0
0.0 0.0 0.0
0.0 0.0 0.0
0.0 0.0 0.0
0.0 0.0 0.0
0.0 0.0 0.0
0.0 0.0 0.0
0.0 0.0 0.0
0.0 0.0 0.0
0.0 0.0 0.0
0.0 0.0 0.0
0.0 0.0 0.0
0.0 0.0 0.0
0.0 0.0 0.0
0.0 0.0 0.0
0.0 0.0 0.0
0.0 0.0 0.0
0.0 0.0 0.0
0.0 0.0 0.0
0.0 0.0 0.0
-5.280452728271484 31.10079002380371 -2.5939557552337646
0.0 0.0 0.0
0.0 0.0 0.0
-4.620973587036133 31.171791076660156 -2.6190643310546875
-4.344496250152588 30.782299041748047 -2.5928404331207275
0.0 0.0 0.0
0.0 0.0 0.0
-3.701373815536499 30.872129440307617 -2.616574287414551
0.0 0.0 0.0
0.0 0.0 0.0
0.0 0.0 0.0
-2.8197131156921387 30.77526092529297 -2.6270642280578613
0.0 0.0 0.0
0.0 0.0 0.0
-2.178405523300171 30.900115966796875 -2.648714780807495
0.0 0.0 0.0
0.0 0.0 0.0
0.0 0.0 0.0
-1.3083406686782837 30.815465927124023 -2.6520016193389893
0.0 0.0 0.0
-0.8825893402099609 30.939067840576172 -2.667707681655884
-0.6640632152557373 30.79649543762207 -2.6562559604644775
-0.45258578658103943 30.97926902770996 -2.6728625297546387
0.0 0.0 0.0
0.0 0.0 0.0
0.1993369460105896 31.20735740661621 -2.6958916187286377
0.0 0.0 0.0
0.6351937055587769 31.29118537902832 -2.702116012573242
0.0 0.0 0.0
1.0749099254608154 31.29100799560547 -2.7013065814971924
1.2979406118392944 31.411169052124023 -2.7114827632904053
0.0 0.0 0.0
0.0 0.0 0.0
0.0 0.0 0.0
0.0 0.0 0.0
0.0 0.0 0.0
2.6194732189178467 31.435651779174805 -2.7025442123413086
2.8656022548675537 31.719409942626953 -2.7237191200256348
3.066121816635132 31.493818283081055 -2.701282262802124
0.0 0.0 0.0
0.0 0.0 0.0
3.785224676132202 31.918607711791992 -2.7278170585632324
3.997269630432129 31.81094741821289 -2.714115858078003
4.224621295928955 31.829246520996094 -2.711303472518921
0.0 0.0 0.0
0.0 0.0 0.0
0.0 0.0 0.0
5.22022819519043 32.37004470825195 -2.7374749183654785
5.386020660400391 31.980497360229492 -2.698793649673462
5.639267921447754 32.119380950927734 -2.704876184463501
5.877618312835693 32.14069366455078 -2.701051712036133
6.166243553161621 32.44413375854492 -2.719895124435425
0.0 0.0 0.0
6.651699542999268 32.524749755859375 -2.7125370502471924
0.0 0.0 0.0
7.12533712387085 32.509796142578125 -2.697511911392212
0.0 0.0 0.0
0.0 0.0 0.0
7.93999719619751 32.9287223815918 -2.707005023956299
8.101505279541016 32.601600646972656 -2.6718227863311768
8.498345375061035 33.19331359863281 -2.71183705329895
0.0 0.0 0.0
0.0 0.0 0.0
0.0 0.0 0.0
9.521004676818848 33.300315856933594 -2.6809706687927246
9.797240257263184 33.37155532836914 -2.676590919494629
0.0 0.0 0.0
0.0 0.0 0.0
0.0 0.0 0.0
10.944477081298828 33.77278137207031 -2.6625003814697266
0.0 0.0 0.0
0.0 0.0 0.0
0.0 0.0 0.0
0.0 0.0 0.0
0.0 0.0 0.0
0.0 0.0 0.0
0.0 0.0 0.0
0.0 0.0 0.0
0.0 0.0 0.0
0.0 0.0 0.0
0.0 0.0 0.0
0.0 0.0 0.0
0.0 0.0 0.0
15.47994327545166 35.51011276245117 -2.5929534435272217
0.0 0.0 0.0
0.0 0.0 0.0
16.638662338256836 36.08539581298828 -2.580026149749756
0.0 0.0 0.0
0.0 0.0 0.0
0.0 0.0 0.0
0.0 0.0 0.0
0.0 0.0 0.0
0.0 0.0 0.0
0.0 0.0 0.0
0.0 0.0 0.0
0.0 0.0 0.0
0.0 0.0 0.0
0.0 0.0 0.0
0.0 0.0 0.0
0.0 0.0 0.0
0.0 0.0 0.0
0.0 0.0 0.0
0.0 0.0 0.0
0.0 0.0 0.0
0.0 0.0 0.0
0.0 0.0 0.0
0.0 0.0 0.0
0.0 0.0 0.0
0.0 0.0 0.0
0.0 0.0 0.0
0.0 0.0 0.0
0.0 0.0 0.0
0.0 0.0 0.0
0.0 0.0 0.0
0.0 0.0 0.0
0.0 0.0 0.0
0.0 0.0 0.0
0.0 0.0 0.0
0.0 0.0 0.0
0.0 0.0 0.0
0.0 0.0 0.0
0.0 0.0 0.0
0.0 0.0 0.0
0.0 0.0 0.0
0.0 0.0 0.0
0.0 0.0 0.0
0.0 0.0 0.0
0.0 0.0 0.0
0.0 0.0 0.0
0.0 0.0 0.0
0.0 0.0 0.0
0.0 0.0 0.0
0.0 0.0 0.0
0.0 0.0 0.0
0.0 0.0 0.0
0.0 0.0 0.0
0.0 0.0 0.0
0.0 0.0 0.0
0.0 0.0 0.0
0.0 0.0 0.0
0.0 0.0 0.0
0.0 0.0 0.0
0.0 0.0 0.0
0.0 0.0 0.0
0.0 0.0 0.0
0.0 0.0 0.0
0.0 0.0 0.0
0.0 0.0 0.0
0.0 0.0 0.0
0.0 0.0 0.0
0.0 0.0 0.0
0.0 0.0 0.0
0.0 0.0 0.0
0.0 0.0 0.0
0.0 0.0 0.0
0.0 0.0 0.0
0.0 0.0 0.0
0.0 0.0 0.0
0.0 0.0 0.0
0.0 0.0 0.0
0.0 0.0 0.0
0.0 0.0 0.0
0.0 0.0 0.0
0.0 0.0 0.0
0.0 0.0 0.0
0.0 0.0 0.0
0.0 0.0 0.0
0.0 0.0 0.0
0.0 0.0 0.0
0.0 0.0 0.0
0.0 0.0 0.0
0.0 0.0 0.0
0.0 0.0 0.0
0.0 0.0 0.0
0.0 0.0 0.0
0.0 0.0 0.0
0.0 0.0 0.0
0.0 0.0 0.0
0.0 0.0 0.0
0.0 0.0 0.0
0.0 0.0 0.0
0.0 0.0 0.0
0.0 0.0 0.0
0.0 0.0 0.0
0.0 0.0 0.0
0.0 0.0 0.0
0.0 0.0 0.0
0.0 0.0 0.0
0.0 0.0 0.0
0.0 0.0 0.0
0.0 0.0 0.0
0.0 0.0 0.0
0.0 0.0 0.0
0.0 0.0 0.0
0.0 0.0 0.0
0.0 0.0 0.0
0.0 0.0 0.0
0.0 0.0 0.0
0.0 0.0 0.0
0.0 0.0 0.0
0.0 0.0 0.0
0.0 0.0 0.0
0.0 0.0 0.0
0.0 0.0 0.0
0.0 0.0 0.0
0.0 0.0 0.0
0.0 0.0 0.0
0.0 0.0 0.0
0.0 0.0 0.0
0.0 0.0 0.0
0.0 0.0 0.0
0.0 0.0 0.0
0.0 0.0 0.0
0.0 0.0 0.0
0.0 0.0 0.0
0.0 0.0 0.0
0.0 0.0 0.0
0.0 0.0 0.0
0.0 0.0 0.0
0.0 0.0 0.0
0.0 0.0 0.0
0.0 0.0 0.0
0.0 0.0 0.0
0.0 0.0 0.0
0.0 0.0 0.0
0.0 0.0 0.0
0.0 0.0 0.0
0.0 0.0 0.0
0.0 0.0 0.0
0.0 0.0 0.0
0.0 0.0 0.0
0.0 0.0 0.0
0.0 0.0 0.0
0.0 0.0 0.0
0.0 0.0 0.0
0.0 0.0 0.0
0.0 0.0 0.0
0.0 0.0 0.0
0.0 0.0 0.0
0.0 0.0 0.0
0.0 0.0 0.0
0.0 0.0 0.0
0.0 0.0 0.0
0.0 0.0 0.0
0.0 0.0 0.0
0.0 0.0 0.0
0.0 0.0 0.0
0.0 0.0 0.0
0.0 0.0 0.0
0.0 0.0 0.0
0.0 0.0 0.0
0.0 0.0 0.0
0.0 0.0 0.0
0.0 0.0 0.0
0.0 0.0 0.0
0.0 0.0 0.0
0.0 0.0 0.0
0.0 0.0 0.0
0.0 0.0 0.0
0.0 0.0 0.0
0.0 0.0 0.0
0.0 0.0 0.0
0.0 0.0 0.0
0.0 0.0 0.0
0.0 0.0 0.0
0.0 0.0 0.0
0.0 0.0 0.0
0.0 0.0 0.0
0.0 0.0 0.0
0.0 0.0 0.0
0.0 0.0 0.0
0.0 0.0 0.0
0.0 0.0 0.0
0.0 0.0 0.0
0.0 0.0 0.0
0.0 0.0 0.0
0.0 0.0 0.0
0.0 0.0 0.0
0.0 0.0 0.0
0.0 0.0 0.0
0.0 0.0 0.0
0.0 0.0 0.0
0.0 0.0 0.0
0.0 0.0 0.0
0.0 0.0 0.0
0.0 0.0 0.0
0.0 0.0 0.0
0.0 0.0 0.0
0.0 0.0 0.0
0.0 0.0 0.0
0.0 0.0 0.0
0.0 0.0 0.0
0.0 0.0 0.0
0.0 0.0 0.0
0.0 0.0 0.0
0.0 0.0 0.0
0.0 0.0 0.0
0.0 0.0 0.0
0.0 0.0 0.0
0.0 0.0 0.0
0.0 0.0 0.0
0.0 0.0 0.0
0.0 0.0 0.0
0.0 0.0 0.0
0.0 0.0 0.0
0.0 0.0 0.0
0.0 0.0 0.0
0.0 0.0 0.0
0.0 0.0 0.0
0.0 0.0 0.0
0.0 0.0 0.0
0.0 0.0 0.0
0.0 0.0 0.0
0.0 0.0 0.0
0.0 0.0 0.0
0.0 0.0 0.0
0.0 0.0 0.0
0.0 0.0 0.0
0.0 0.0 0.0
0.0 0.0 0.0
0.0 0.0 0.0
0.0 0.0 0.0
0.0 0.0 0.0
0.0 0.0 0.0
0.0 0.0 0.0
0.0 0.0 0.0
0.0 0.0 0.0
0.0 0.0 0.0
0.0 0.0 0.0
0.0 0.0 0.0
0.0 0.0 0.0
0.0 0.0 0.0
0.0 0.0 0.0
0.0 0.0 0.0
0.0 0.0 0.0
0.0 0.0 0.0
0.0 0.0 0.0
0.0 0.0 0.0
0.0 0.0 0.0
0.0 0.0 0.0
0.0 0.0 0.0
0.0 0.0 0.0
0.0 0.0 0.0
0.0 0.0 0.0
0.0 0.0 0.0
0.0 0.0 0.0
0.0 0.0 0.0
0.0 0.0 0.0
0.0 0.0 0.0
0.0 0.0 0.0
0.0 0.0 0.0
0.0 0.0 0.0
0.0 0.0 0.0
0.0 0.0 0.0
0.0 0.0 0.0
0.0 0.0 0.0
-6.529752254486084 31.16449737548828 -2.4779789447784424
-6.355049133300781 31.41826629638672 -2.5058133602142334
0.0 0.0 0.0
-5.868481159210205 31.24555778503418 -2.5075771808624268
0.0 0.0 0.0
-5.389352321624756 31.096946716308594 -2.51003098487854
0.0 0.0 0.0
0.0 0.0 0.0
0.0 0.0 0.0
0.0 0.0 0.0
0.0 0.0 0.0
0.0 0.0 0.0
0.0 0.0 0.0
0.0 0.0 0.0
0.0 0.0 0.0
-3.2048633098602295 31.34396743774414 -2.5853583812713623
-2.968719720840454 31.218170166015625 -2.5785722732543945
-2.745532751083374 31.171716690063477 -2.5783791542053223
0.0 0.0 0.0
0.0 0.0 0.0
0.0 0.0 0.0
0.0 0.0 0.0
0.0 0.0 0.0
0.0 0.0 0.0
0.0 0.0 0.0
-1.002940058708191 31.273815155029297 -2.6085522174835205
-0.7792593240737915 31.198287963867188 -2.603243589401245
-0.562177300453186 31.195043563842773 -2.604071855545044
0.0 0.0 0.0
0.0 0.0 0.0
0.08995823562145233 31.46829605102539 -2.629878520965576
0.3093210756778717 31.517541885375977 -2.6337199211120605
0.53106290102005 31.432861328125 -2.626495361328125
0.0 0.0 0.0
0.9664478302001953 31.3641357421875 -2.6208441257476807
1.1920162439346313 31.551254272460938 -2.6358139514923096
1.4176092147827148 31.682390213012695 -2.6452767848968506
0.0 0.0 0.0
0.0 0.0 0.0
0.0 0.0 0.0
0.0 0.0 0.0
2.551872491836548 31.987333297729492 -2.6623640060424805
2.7489638328552246 31.63531494140625 -2.6303579807281494
2.992572546005249 31.86771011352539 -2.6471245288848877
3.226254463195801 31.966550827026367 -2.652895927429199
0.0 0.0 0.0
0.0 0.0 0.0
0.0 0.0 0.0
0.0 0.0 0.0
4.418002128601074 32.411712646484375 -2.6711554527282715
0.0 0.0 0.0
0.0 0.0 0.0
5.109787940979004 32.41819763183594 -2.656633138656616
5.390982151031494 32.69693374633789 -2.6740922927856445
5.596055507659912 32.52880859375 -2.655190944671631
0.0 0.0 0.0
6.0723676681518555 32.579463958740234 -2.647177219390869
6.309452056884766 32.59071350097656 -2.641594171524048
0.0 0.0 0.0
0.0 0.0 0.0
7.082156658172607 32.868404388427734 -2.644284248352051
7.291290283203125 32.73185348510742 -2.625196695327759
7.595788478851318 33.0152587890625 -2.639857769012451
7.874645233154297 33.151031494140625 -2.642568826675415
0.0 0.0 0.0
0.0 0.0 0.0
8.636640548706055 33.2576904296875 -2.625007390975952
8.926912307739258 33.41596221923828 -2.6280252933502197
0.0 0.0 0.0
0.0 0.0 0.0
9.774980545043945 33.73316192626953 -2.6237082481384277
10.075419425964355 33.8857421875 -2.6247687339782715
0.0 0.0 0.0
0.0 0.0 0.0
0.0 0.0 0.0
0.0 0.0 0.0
0.0 0.0 0.0
0.0 0.0 0.0
0.0 0.0 0.0
0.0 0.0 0.0
0.0 0.0 0.0
0.0 0.0 0.0
0.0 0.0 0.0
0.0 0.0 0.0
0.0 0.0 0.0
0.0 0.0 0.0
0.0 0.0 0.0
0.0 0.0 0.0
0.0 0.0 0.0
0.0 0.0 0.0
0.0 0.0 0.0
16.58470916748047 36.303436279296875 -2.5264694690704346
0.0 0.0 0.0
0.0 0.0 0.0
0.0 0.0 0.0
0.0 0.0 0.0
0.0 0.0 0.0
0.0 0.0 0.0
0.0 0.0 0.0
0.0 0.0 0.0
0.0 0.0 0.0
0.0 0.0 0.0
0.0 0.0 0.0
0.0 0.0 0.0
0.0 0.0 0.0
0.0 0.0 0.0
0.0 0.0 0.0
0.0 0.0 0.0
0.0 0.0 0.0
0.0 0.0 0.0
0.0 0.0 0.0
0.0 0.0 0.0
0.0 0.0 0.0
0.0 0.0 0.0
0.0 0.0 0.0
0.0 0.0 0.0
0.0 0.0 0.0
0.0 0.0 0.0
0.0 0.0 0.0
0.0 0.0 0.0
0.0 0.0 0.0
0.0 0.0 0.0
0.0 0.0 0.0
0.0 0.0 0.0
0.0 0.0 0.0
0.0 0.0 0.0
0.0 0.0 0.0
0.0 0.0 0.0
0.0 0.0 0.0
0.0 0.0 0.0
0.0 0.0 0.0
0.0 0.0 0.0
0.0 0.0 0.0
0.0 0.0 0.0
0.0 0.0 0.0
0.0 0.0 0.0
0.0 0.0 0.0
0.0 0.0 0.0
0.0 0.0 0.0
0.0 0.0 0.0
0.0 0.0 0.0
0.0 0.0 0.0
0.0 0.0 0.0
0.0 0.0 0.0
0.0 0.0 0.0
0.0 0.0 0.0
0.0 0.0 0.0
0.0 0.0 0.0
0.0 0.0 0.0
0.0 0.0 0.0
0.0 0.0 0.0
0.0 0.0 0.0
0.0 0.0 0.0
0.0 0.0 0.0
0.0 0.0 0.0
0.0 0.0 0.0
0.0 0.0 0.0
0.0 0.0 0.0
0.0 0.0 0.0
0.0 0.0 0.0
0.0 0.0 0.0
0.0 0.0 0.0
0.0 0.0 0.0
0.0 0.0 0.0
0.0 0.0 0.0
0.0 0.0 0.0
0.0 0.0 0.0
0.0 0.0 0.0
0.0 0.0 0.0
0.0 0.0 0.0
0.0 0.0 0.0
0.0 0.0 0.0
0.0 0.0 0.0
0.0 0.0 0.0
0.0 0.0 0.0
0.0 0.0 0.0
0.0 0.0 0.0
0.0 0.0 0.0
0.0 0.0 0.0
0.0 0.0 0.0
0.0 0.0 0.0
0.0 0.0 0.0
0.0 0.0 0.0
0.0 0.0 0.0
0.0 0.0 0.0
0.0 0.0 0.0
0.0 0.0 0.0
0.0 0.0 0.0
0.0 0.0 0.0
0.0 0.0 0.0
0.0 0.0 0.0
0.0 0.0 0.0
0.0 0.0 0.0
0.0 0.0 0.0
0.0 0.0 0.0
0.0 0.0 0.0
0.0 0.0 0.0
0.0 0.0 0.0
0.0 0.0 0.0
0.0 0.0 0.0
0.0 0.0 0.0
0.0 0.0 0.0
0.0 0.0 0.0
0.0 0.0 0.0
0.0 0.0 0.0
0.0 0.0 0.0
0.0 0.0 0.0
0.0 0.0 0.0
0.0 0.0 0.0
0.0 0.0 0.0
0.0 0.0 0.0
0.0 0.0 0.0
0.0 0.0 0.0
0.0 0.0 0.0
0.0 0.0 0.0
0.0 0.0 0.0
0.0 0.0 0.0
0.0 0.0 0.0
0.0 0.0 0.0
0.0 0.0 0.0
0.0 0.0 0.0
0.0 0.0 0.0
0.0 0.0 0.0
0.0 0.0 0.0
0.0 0.0 0.0
0.0 0.0 0.0
0.0 0.0 0.0
0.0 0.0 0.0
0.0 0.0 0.0
0.0 0.0 0.0
0.0 0.0 0.0
0.0 0.0 0.0
0.0 0.0 0.0
0.0 0.0 0.0
0.0 0.0 0.0
0.0 0.0 0.0
0.0 0.0 0.0
0.0 0.0 0.0
0.0 0.0 0.0
0.0 0.0 0.0
0.0 0.0 0.0
0.0 0.0 0.0
0.0 0.0 0.0
0.0 0.0 0.0
0.0 0.0 0.0
0.0 0.0 0.0
0.0 0.0 0.0
0.0 0.0 0.0
0.0 0.0 0.0
0.0 0.0 0.0
0.0 0.0 0.0
0.0 0.0 0.0
0.0 0.0 0.0
0.0 0.0 0.0
0.0 0.0 0.0
0.0 0.0 0.0
0.0 0.0 0.0
0.0 0.0 0.0
0.0 0.0 0.0
0.0 0.0 0.0
0.0 0.0 0.0
0.0 0.0 0.0
0.0 0.0 0.0
0.0 0.0 0.0
0.0 0.0 0.0
0.0 0.0 0.0
0.0 0.0 0.0
0.0 0.0 0.0
0.0 0.0 0.0
0.0 0.0 0.0
0.0 0.0 0.0
0.0 0.0 0.0
0.0 0.0 0.0
0.0 0.0 0.0
0.0 0.0 0.0
0.0 0.0 0.0
-97.23609924316406 199.7610321044922 14.772150993347168
0.0 0.0 0.0
0.0 0.0 0.0
0.0 0.0 0.0
0.0 0.0 0.0
0.0 0.0 0.0
0.0 0.0 0.0
0.0 0.0 0.0
0.0 0.0 0.0
0.0 0.0 0.0
0.0 0.0 0.0
0.0 0.0 0.0
0.0 0.0 0.0
0.0 0.0 0.0
0.0 0.0 0.0
0.0 0.0 0.0
0.0 0.0 0.0
0.0 0.0 0.0
0.0 0.0 0.0
0.0 0.0 0.0
0.0 0.0 0.0
0.0 0.0 0.0
0.0 0.0 0.0
0.0 0.0 0.0
0.0 0.0 0.0
0.0 0.0 0.0
0.0 0.0 0.0
0.0 0.0 0.0
0.0 0.0 0.0
0.0 0.0 0.0
0.0 0.0 0.0
0.0 0.0 0.0
0.0 0.0 0.0
0.0 0.0 0.0
0.0 0.0 0.0
0.0 0.0 0.0
0.0 0.0 0.0
0.0 0.0 0.0
0.0 0.0 0.0
0.0 0.0 0.0
0.0 0.0 0.0
0.0 0.0 0.0
0.0 0.0 0.0
0.0 0.0 0.0
0.0 0.0 0.0
0.0 0.0 0.0
0.0 0.0 0.0
0.0 0.0 0.0
0.0 0.0 0.0
0.0 0.0 0.0
0.0 0.0 0.0
0.0 0.0 0.0
0.0 0.0 0.0
0.0 0.0 0.0
0.0 0.0 0.0
0.0 0.0 0.0
0.0 0.0 0.0
0.0 0.0 0.0
0.0 0.0 0.0
0.0 0.0 0.0
0.0 0.0 0.0
0.0 0.0 0.0
0.0 0.0 0.0
0.0 0.0 0.0
0.0 0.0 0.0
0.0 0.0 0.0
0.0 0.0 0.0
0.0 0.0 0.0
0.0 0.0 0.0
0.0 0.0 0.0
0.0 0.0 0.0
0.0 0.0 0.0
0.0 0.0 0.0
0.0 0.0 0.0
0.0 0.0 0.0
0.0 0.0 0.0
0.0 0.0 0.0
0.0 0.0 0.0
0.0 0.0 0.0
0.0 0.0 0.0
0.0 0.0 0.0
0.0 0.0 0.0
-7.651084899902344 31.532325744628906 -2.3894882202148438
0.0 0.0 0.0
0.0 0.0 0.0
0.0 0.0 0.0
0.0 0.0 0.0
0.0 0.0 0.0
0.0 0.0 0.0
-6.048086643218994 31.606576919555664 -2.453526496887207
0.0 0.0 0.0
-5.577212810516357 31.51750373840332 -2.460073947906494
0.0 0.0 0.0
0.0 0.0 0.0
0.0 0.0 0.0
-4.712900638580322 31.79319953918457 -2.507556200027466
-4.5040435791015625 31.91330909729004 -2.5222818851470947
-4.210685729980469 31.414520263671875 -2.488147020339966
0.0 0.0 0.0
0.0 0.0 0.0
0.0 0.0 0.0
0.0 0.0 0.0
0.0 0.0 0.0
-2.872042179107666 31.346891403198242 -2.5103394985198975
0.0 0.0 0.0
-2.437182664871216 31.457050323486328 -2.5268547534942627
0.0 0.0 0.0
0.0 0.0 0.0
-1.7839629650115967 31.566240310668945 -2.5434248447418213
-1.586785912513733 32.03258514404297 -2.5838844776153564
0.0 0.0 0.0
0.0 0.0 0.0
0.0 0.0 0.0
-0.6804966330528259 31.573225021362305 -2.5531649589538574
0.0 0.0 0.0
0.0 0.0 0.0
0.0 0.0 0.0
0.2029685527086258 31.69642448425293 -2.5661609172821045
0.4260787069797516 31.88889503479004 -2.582038402557373
0.6488707661628723 31.931859970092773 -2.585937738418579
0.0 0.0 0.0
0.0 0.0 0.0
1.3156617879867554 31.841487884521484 -2.5767197608947754
1.5488243103027344 32.07281494140625 -2.594571113586426
1.7628549337387085 31.902019500732422 -2.5800156593322754
0.0 0.0 0.0
0.0 0.0 0.0
0.0 0.0 0.0
2.718808889389038 32.62514114379883 -2.630563735961914
2.908073663711548 32.1869010925293 -2.593139171600342
0.0 0.0 0.0
0.0 0.0 0.0
0.0 0.0 0.0
0.0 0.0 0.0
0.0 0.0 0.0
4.327046871185303 32.603092193603516 -2.6075639724731445
4.54517126083374 32.483551025390625 -2.593174934387207
4.777017116546631 32.49020767211914 -2.588963747024536
5.036774158477783 32.6761474609375 -2.599133253097534
0.0 0.0 0.0
0.0 0.0 0.0
5.762902736663818 32.8227653503418 -2.5957112312316895
6.069583415985107 33.18794631958008 -2.6182730197906494
6.244266510009766 32.8510627746582 -2.585667848587036
0.0 0.0 0.0
6.764141082763672 33.071510314941406 -2.5912070274353027
7.027920722961426 33.18455123901367 -2.592766761779785
0.0 0.0 0.0
0.0 0.0 0.0
0.0 0.0 0.0
8.06950855255127 33.45934295654297 -2.5853052139282227
0.0 0.0 0.0
0.0 0.0 0.0
0.0 0.0 0.0
0.0 0.0 0.0
0.0 0.0 0.0
0.0 0.0 0.0
10.009927749633789 34.097042083740234 -2.5713937282562256
0.0 0.0 0.0
0.0 0.0 0.0
0.0 0.0 0.0
11.200474739074707 34.56597137451172 -2.5652639865875244
0.0 0.0 0.0
0.0 0.0 0.0
0.0 0.0 0.0
0.0 0.0 0.0
0.0 0.0 0.0
0.0 0.0 0.0
0.0 0.0 0.0
0.0 0.0 0.0
0.0 0.0 0.0
0.0 0.0 0.0
14.730721473693848 35.824485778808594 -2.5150139331817627
0.0 0.0 0.0
0.0 0.0 0.0
0.0 0.0 0.0
16.009410858154297 36.03862762451172 -2.4682090282440186
0.0 0.0 0.0
0.0 0.0 0.0
0.0 0.0 0.0
0.0 0.0 0.0
0.0 0.0 0.0
0.0 0.0 0.0
0.0 0.0 0.0
0.0 0.0 0.0
0.0 0.0 0.0
0.0 0.0 0.0
0.0 0.0 0.0
0.0 0.0 0.0
0.0 0.0 0.0
0.0 0.0 0.0
0.0 0.0 0.0
0.0 0.0 0.0
0.0 0.0 0.0
0.0 0.0 0.0
0.0 0.0 0.0
0.0 0.0 0.0
0.0 0.0 0.0
0.0 0.0 0.0
0.0 0.0 0.0
0.0 0.0 0.0
0.0 0.0 0.0
0.0 0.0 0.0
0.0 0.0 0.0
0.0 0.0 0.0
0.0 0.0 0.0
0.0 0.0 0.0
0.0 0.0 0.0
0.0 0.0 0.0
0.0 0.0 0.0
0.0 0.0 0.0
0.0 0.0 0.0
81.51165771484375 121.52425384521484 6.01866340637207
0.0 0.0 0.0
0.0 0.0 0.0
0.0 0.0 0.0
0.0 0.0 0.0
0.0 0.0 0.0
0.0 0.0 0.0
0.0 0.0 0.0
0.0 0.0 0.0
0.0 0.0 0.0
0.0 0.0 0.0
0.0 0.0 0.0
0.0 0.0 0.0
0.0 0.0 0.0
0.0 0.0 0.0
0.0 0.0 0.0
0.0 0.0 0.0
0.0 0.0 0.0
0.0 0.0 0.0
0.0 0.0 0.0
0.0 0.0 0.0
0.0 0.0 0.0
0.0 0.0 0.0
0.0 0.0 0.0
0.0 0.0 0.0
0.0 0.0 0.0
0.0 0.0 0.0
0.0 0.0 0.0
0.0 0.0 0.0
0.0 0.0 0.0
0.0 0.0 0.0
0.0 0.0 0.0
0.0 0.0 0.0
0.0 0.0 0.0
0.0 0.0 0.0
0.0 0.0 0.0
0.0 0.0 0.0
0.0 0.0 0.0
0.0 0.0 0.0
0.0 0.0 0.0
0.0 0.0 0.0
0.0 0.0 0.0
0.0 0.0 0.0
0.0 0.0 0.0
0.0 0.0 0.0
0.0 0.0 0.0
0.0 0.0 0.0
0.0 0.0 0.0
0.0 0.0 0.0
0.0 0.0 0.0
0.0 0.0 0.0
0.0 0.0 0.0
0.0 0.0 0.0
0.0 0.0 0.0
0.0 0.0 0.0
0.0 0.0 0.0
0.0 0.0 0.0
0.0 0.0 0.0
0.0 0.0 0.0
0.0 0.0 0.0
0.0 0.0 0.0
0.0 0.0 0.0
0.0 0.0 0.0
0.0 0.0 0.0
0.0 0.0 0.0
0.0 0.0 0.0
0.0 0.0 0.0
0.0 0.0 0.0
0.0 0.0 0.0
0.0 0.0 0.0
0.0 0.0 0.0
0.0 0.0 0.0
0.0 0.0 0.0
0.0 0.0 0.0
0.0 0.0 0.0
0.0 0.0 0.0
0.0 0.0 0.0
0.0 0.0 0.0
0.0 0.0 0.0
0.0 0.0 0.0
0.0 0.0 0.0
0.0 0.0 0.0
0.0 0.0 0.0
0.0 0.0 0.0
0.0 0.0 0.0
0.0 0.0 0.0
0.0 0.0 0.0
0.0 0.0 0.0
0.0 0.0 0.0
0.0 0.0 0.0
0.0 0.0 0.0
0.0 0.0 0.0
0.0 0.0 0.0
0.0 0.0 0.0
0.0 0.0 0.0
0.0 0.0 0.0
0.0 0.0 0.0
0.0 0.0 0.0
0.0 0.0 0.0
0.0 0.0 0.0
0.0 0.0 0.0
0.0 0.0 0.0
0.0 0.0 0.0
0.0 0.0 0.0
0.0 0.0 0.0
0.0 0.0 0.0
0.0 0.0 0.0
0.0 0.0 0.0
0.0 0.0 0.0
0.0 0.0 0.0
0.0 0.0 0.0
0.0 0.0 0.0
0.0 0.0 0.0
0.0 0.0 0.0
0.0 0.0 0.0
0.0 0.0 0.0
0.0 0.0 0.0
0.0 0.0 0.0
0.0 0.0 0.0
0.0 0.0 0.0
0.0 0.0 0.0
0.0 0.0 0.0
0.0 0.0 0.0
0.0 0.0 0.0
0.0 0.0 0.0
0.0 0.0 0.0
0.0 0.0 0.0
0.0 0.0 0.0
0.0 0.0 0.0
0.0 0.0 0.0
0.0 0.0 0.0
0.0 0.0 0.0
0.0 0.0 0.0
0.0 0.0 0.0
0.0 0.0 0.0
0.0 0.0 0.0
0.0 0.0 0.0
0.0 0.0 0.0
0.0 0.0 0.0
0.0 0.0 0.0
0.0 0.0 0.0
0.0 0.0 0.0
0.0 0.0 0.0
0.0 0.0 0.0
0.0 0.0 0.0
0.0 0.0 0.0
0.0 0.0 0.0
0.0 0.0 0.0
0.0 0.0 0.0
0.0 0.0 0.0
0.0 0.0 0.0
0.0 0.0 0.0
0.0 0.0 0.0
0.0 0.0 0.0
0.0 0.0 0.0
0.0 0.0 0.0
0.0 0.0 0.0
0.0 0.0 0.0
0.0 0.0 0.0
0.0 0.0 0.0
0.0 0.0 0.0
0.0 0.0 0.0
0.0 0.0 0.0
0.0 0.0 0.0
0.0 0.0 0.0
0.0 0.0 0.0
0.0 0.0 0.0
0.0 0.0 0.0
0.0 0.0 0.0
0.0 0.0 0.0
0.0 0.0 0.0
0.0 0.0 0.0
0.0 0.0 0.0
0.0 0.0 0.0
0.0 0.0 0.0
0.0 0.0 0.0
0.0 0.0 0.0
0.0 0.0 0.0
0.0 0.0 0.0
0.0 0.0 0.0
0.0 0.0 0.0
0.0 0.0 0.0
0.0 0.0 0.0
0.0 0.0 0.0
0.0 0.0 0.0
0.0 0.0 0.0
0.0 0.0 0.0
0.0 0.0 0.0
0.0 0.0 0.0
0.0 0.0 0.0
0.0 0.0 0.0
0.0 0.0 0.0
0.0 0.0 0.0
0.0 0.0 0.0
0.0 0.0 0.0
0.0 0.0 0.0
0.0 0.0 0.0
0.0 0.0 0.0
0.0 0.0 0.0
0.0 0.0 0.0
0.0 0.0 0.0
0.0 0.0 0.0
0.0 0.0 0.0
0.0 0.0 0.0
0.0 0.0 0.0
0.0 0.0 0.0
0.0 0.0 0.0
0.0 0.0 0.0
0.0 0.0 0.0
0.0 0.0 0.0
0.0 0.0 0.0
0.0 0.0 0.0
0.0 0.0 0.0
0.0 0.0 0.0
0.0 0.0 0.0
0.0 0.0 0.0
0.0 0.0 0.0
0.0 0.0 0.0
0.0 0.0 0.0
0.0 0.0 0.0
0.0 0.0 0.0
0.0 0.0 0.0
0.0 0.0 0.0
0.0 0.0 0.0
0.0 0.0 0.0
0.0 0.0 0.0
0.0 0.0 0.0
0.0 0.0 0.0
0.0 0.0 0.0
0.0 0.0 0.0
0.0 0.0 0.0
0.0 0.0 0.0
0.0 0.0 0.0
0.0 0.0 0.0
0.0 0.0 0.0
-6.909535884857178 31.85323715209961 -2.3646767139434814
0.0 0.0 0.0
-6.48926305770874 32.08291244506836 -2.397733688354492
0.0 0.0 0.0
-5.997326374053955 31.935209274291992 -2.400679111480713
-5.790596961975098 32.06367111206055 -2.4169106483459473
0.0 0.0 0.0
0.0 0.0 0.0
-5.0796637535095215 31.95306396484375 -2.4283666610717773
0.0 0.0 0.0
-4.642216205596924 32.07346725463867 -2.4480061531066895
0.0 0.0 0.0
0.0 0.0 0.0
0.0 0.0 0.0
0.0 0.0 0.0
0.0 0.0 0.0
0.0 0.0 0.0
0.0 0.0 0.0
0.0 0.0 0.0
-2.5983622074127197 32.064579010009766 -2.486304759979248
0.0 0.0 0.0
0.0 0.0 0.0
0.0 0.0 0.0
0.0 0.0 0.0
0.0 0.0 0.0
-1.2529596090316772 32.10854721069336 -2.5049266815185547
-1.0237239599227905 31.93724250793457 -2.4934017658233643
-0.8011295795440674 32.0914421081543 -2.5074448585510254
-0.5774767994880676 32.080474853515625 -2.508617401123047
-0.3552177846431732 32.149879455566406 -2.5142595767974854
-0.1311289519071579 32.069759368896484 -2.5083296298980713
0.09171994775533676 32.050384521484375 -2.5072712898254395
0.3142351508140564 31.994415283203125 -2.5034706592559814
0.0 0.0 0.0
0.0 0.0 0.0
0.9956249594688416 32.30788803100586 -2.527245283126831
0.0 0.0 0.0
1.4396934509277344 32.17439270019531 -2.515669822692871
1.6825722455978394 32.455177307128906 -2.5372304916381836
0.0 0.0 0.0
2.1426308155059814 32.56121063232422 -2.5417025089263916
2.3809003829956055 32.70890426635742 -2.551299810409546
2.5912821292877197 32.47827911376953 -2.5315139293670654
2.821139335632324 32.45936965942383 -2.5283355712890625
3.0760679244995117 32.74949264526367 -2.548123598098755
3.2920925617218018 32.6114387512207 -2.5341482162475586
3.579516649246216 33.149593353271484 -2.5727999210357666
3.7771189212799072 32.83795166015625 -2.5455949306488037
4.0185322761535645 32.88422775268555 -2.5462276935577393
0.0 0.0 0.0
4.477350234985352 32.84161376953125 -2.5347259044647217
4.788326263427734 33.38462448120117 -2.572296142578125
4.9450178146362305 32.85032653808594 -2.5269782543182373
5.245545387268066 33.27351760864258 -2.5554428100585938
0.0 0.0 0.0
0.0 0.0 0.0
5.950135231018066 33.200191497802734 -2.533952474594116
0.0 0.0 0.0
0.0 0.0 0.0
6.775423526763916 33.71543502807617 -2.556398868560791
6.988597869873047 33.56525421142578 -2.5381882190704346
0.0 0.0 0.0
0.0 0.0 0.0
0.0 0.0 0.0
8.023919105529785 33.78078842163086 -2.5269179344177246
8.289546012878418 33.84988021850586 -2.5240347385406494
0.0 0.0 0.0
0.0 0.0 0.0
0.0 0.0 0.0
0.0 0.0 0.0
9.728529930114746 34.47066116333008 -2.527477264404297
0.0 0.0 0.0
0.0 0.0 0.0
0.0 0.0 0.0
0.0 0.0 0.0
0.0 0.0 0.0
0.0 0.0 0.0
0.0 0.0 0.0
0.0 0.0 0.0
0.0 0.0 0.0
0.0 0.0 0.0
0.0 0.0 0.0
0.0 0.0 0.0
0.0 0.0 0.0
0.0 0.0 0.0
0.0 0.0 0.0
0.0 0.0 0.0
0.0 0.0 0.0
0.0 0.0 0.0
0.0 0.0 0.0
0.0 0.0 0.0
0.0 0.0 0.0
0.0 0.0 0.0
0.0 0.0 0.0
0.0 0.0 0.0
0.0 0.0 0.0
0.0 0.0 0.0
0.0 0.0 0.0
0.0 0.0 0.0
0.0 0.0 0.0
0.0 0.0 0.0
0.0 0.0 0.0
0.0 0.0 0.0
0.0 0.0 0.0
0.0 0.0 0.0
0.0 0.0 0.0
0.0 0.0 0.0
0.0 0.0 0.0
0.0 0.0 0.0
0.0 0.0 0.0
0.0 0.0 0.0
0.0 0.0 0.0
0.0 0.0 0.0
0.0 0.0 0.0
0.0 0.0 0.0
0.0 0.0 0.0
0.0 0.0 0.0
0.0 0.0 0.0
0.0 0.0 0.0
0.0 0.0 0.0
0.0 0.0 0.0
0.0 0.0 0.0
0.0 0.0 0.0
0.0 0.0 0.0
0.0 0.0 0.0
0.0 0.0 0.0
0.0 0.0 0.0
0.0 0.0 0.0
0.0 0.0 0.0
0.0 0.0 0.0
0.0 0.0 0.0
0.0 0.0 0.0
0.0 0.0 0.0
0.0 0.0 0.0
0.0 0.0 0.0
0.0 0.0 0.0
0.0 0.0 0.0
0.0 0.0 0.0
0.0 0.0 0.0
0.0 0.0 0.0
0.0 0.0 0.0
0.0 0.0 0.0
0.0 0.0 0.0
0.0 0.0 0.0
0.0 0.0 0.0
0.0 0.0 0.0
0.0 0.0 0.0
0.0 0.0 0.0
0.0 0.0 0.0
0.0 0.0 0.0
0.0 0.0 0.0
0.0 0.0 0.0
0.0 0.0 0.0
0.0 0.0 0.0
0.0 0.0 0.0
0.0 0.0 0.0
0.0 0.0 0.0
0.0 0.0 0.0
0.0 0.0 0.0
0.0 0.0 0.0
0.0 0.0 0.0
0.0 0.0 0.0
0.0 0.0 0.0
0.0 0.0 0.0
0.0 0.0 0.0
0.0 0.0 0.0
0.0 0.0 0.0
0.0 0.0 0.0
0.0 0.0 0.0
0.0 0.0 0.0
0.0 0.0 0.0
0.0 0.0 0.0
0.0 0.0 0.0
0.0 0.0 0.0
0.0 0.0 0.0
0.0 0.0 0.0
0.0 0.0 0.0
0.0 0.0 0.0
0.0 0.0 0.0
0.0 0.0 0.0
0.0 0.0 0.0
0.0 0.0 0.0
0.0 0.0 0.0
0.0 0.0 0.0
0.0 0.0 0.0
0.0 0.0 0.0
0.0 0.0 0.0
0.0 0.0 0.0
0.0 0.0 0.0
0.0 0.0 0.0
0.0 0.0 0.0
0.0 0.0 0.0
0.0 0.0 0.0
0.0 0.0 0.0
0.0 0.0 0.0
0.0 0.0 0.0
0.0 0.0 0.0
0.0 0.0 0.0
0.0 0.0 0.0
0.0 0.0 0.0
0.0 0.0 0.0
0.0 0.0 0.0
0.0 0.0 0.0
0.0 0.0 0.0
0.0 0.0 0.0
0.0 0.0 0.0
0.0 0.0 0.0
0.0 0.0 0.0
0.0 0.0 0.0
0.0 0.0 0.0
0.0 0.0 0.0
0.0 0.0 0.0
0.0 0.0 0.0
0.0 0.0 0.0
0.0 0.0 0.0
0.0 0.0 0.0
0.0 0.0 0.0
0.0 0.0 0.0
0.0 0.0 0.0
0.0 0.0 0.0
0.0 0.0 0.0
0.0 0.0 0.0
0.0 0.0 0.0
0.0 0.0 0.0
0.0 0.0 0.0
0.0 0.0 0.0
0.0 0.0 0.0
0.0 0.0 0.0
0.0 0.0 0.0
0.0 0.0 0.0
0.0 0.0 0.0
0.0 0.0 0.0
0.0 0.0 0.0
0.0 0.0 0.0
0.0 0.0 0.0
0.0 0.0 0.0
0.0 0.0 0.0
0.0 0.0 0.0
0.0 0.0 0.0
0.0 0.0 0.0
0.0 0.0 0.0
0.0 0.0 0.0
0.0 0.0 0.0
0.0 0.0 0.0
0.0 0.0 0.0
0.0 0.0 0.0
0.0 0.0 0.0
0.0 0.0 0.0
0.0 0.0 0.0
0.0 0.0 0.0
0.0 0.0 0.0
0.0 0.0 0.0
0.0 0.0 0.0
0.0 0.0 0.0
0.0 0.0 0.0
0.0 0.0 0.0
0.0 0.0 0.0
0.0 0.0 0.0
0.0 0.0 0.0
0.0 0.0 0.0
0.0 0.0 0.0
0.0 0.0 0.0
0.0 0.0 0.0
0.0 0.0 0.0
0.0 0.0 0.0
0.0 0.0 0.0
0.0 0.0 0.0
0.0 0.0 0.0
0.0 0.0 0.0
0.0 0.0 0.0
0.0 0.0 0.0
0.0 0.0 0.0
0.0 0.0 0.0
0.0 0.0 0.0
0.0 0.0 0.0
0.0 0.0 0.0
0.0 0.0 0.0
0.0 0.0 0.0
0.0 0.0 0.0
0.0 0.0 0.0
0.0 0.0 0.0
0.0 0.0 0.0
0.0 0.0 0.0
0.0 0.0 0.0
0.0 0.0 0.0
0.0 0.0 0.0
0.0 0.0 0.0
0.0 0.0 0.0
0.0 0.0 0.0
0.0 0.0 0.0
0.0 0.0 0.0
0.0 0.0 0.0
0.0 0.0 0.0
0.0 0.0 0.0
0.0 0.0 0.0
0.0 0.0 0.0
0.0 0.0 0.0
0.0 0.0 0.0
0.0 0.0 0.0
0.0 0.0 0.0
0.0 0.0 0.0
0.0 0.0 0.0
0.0 0.0 0.0
0.0 0.0 0.0
0.0 0.0 0.0
0.0 0.0 0.0
0.0 0.0 0.0
0.0 0.0 0.0
0.0 0.0 0.0
0.0 0.0 0.0
0.0 0.0 0.0
0.0 0.0 0.0
0.0 0.0 0.0
0.0 0.0 0.0
0.0 0.0 0.0
0.0 0.0 0.0
0.0 0.0 0.0
0.0 0.0 0.0
0.0 0.0 0.0
0.0 0.0 0.0
0.0 0.0 0.0
0.0 0.0 0.0
0.0 0.0 0.0
0.0 0.0 0.0
0.0 0.0 0.0
0.0 0.0 0.0
0.0 0.0 0.0
0.0 0.0 0.0
0.0 0.0 0.0
0.0 0.0 0.0
0.0 0.0 0.0
0.0 0.0 0.0
0.0 0.0 0.0
0.0 0.0 0.0
0.0 0.0 0.0
0.0 0.0 0.0
0.0 0.0 0.0
0.0 0.0 0.0
0.0 0.0 0.0
0.0 0.0 0.0
0.0 0.0 0.0
0.0 0.0 0.0
0.0 0.0 0.0
0.0 0.0 0.0
0.0 0.0 0.0
0.0 0.0 0.0
0.0 0.0 0.0
0.0 0.0 0.0
0.0 0.0 0.0
0.0 0.0 0.0
0.0 0.0 0.0
0.0 0.0 0.0
0.0 0.0 0.0
0.0 0.0 0.0
0.0 0.0 0.0
0.0 0.0 0.0
0.0 0.0 0.0
0.0 0.0 0.0
0.0 0.0 0.0
0.0 0.0 0.0
0.0 0.0 0.0
0.0 0.0 0.0
0.0 0.0 0.0
0.0 0.0 0.0
-6.655106067657471 32.313777923583984 -2.330894708633423
0.0 0.0 0.0
-6.138795375823975 32.08121871948242 -2.327470541000366
-5.909517288208008 32.09183883666992 -2.3350045680999756
-5.7173309326171875 32.30795669555664 -2.357625961303711
0.0 0.0 0.0
0.0 0.0 0.0
-5.034326076507568 32.403743743896484 -2.382261276245117
0.0 0.0 0.0
0.0 0.0 0.0
-4.312168121337891 32.17583084106445 -2.3821003437042236
0.0 0.0 0.0
0.0 0.0 0.0
0.0 0.0 0.0
-3.4443726539611816 32.59569549560547 -2.430858612060547
0.0 0.0 0.0
0.0 0.0 0.0
0.0 0.0 0.0
0.0 0.0 0.0
0.0 0.0 0.0
0.0 0.0 0.0
0.0 0.0 0.0
0.0 0.0 0.0
-1.3682408332824707 32.24287414550781 -2.430384635925293
-1.1534053087234497 32.52001190185547 -2.453352928161621
0.0 0.0 0.0
-0.7061064839363098 32.7662467956543 -2.4751715660095215
-0.48135891556739807 33.00008010864258 -2.4935755729675293
0.0 0.0 0.0
0.0 0.0 0.0
0.0 0.0 0.0
0.434048056602478 32.45513153076172 -2.4554836750030518
0.6644659638404846 32.677242279052734 -2.4719531536102295
0.8993775844573975 32.94832992553711 -2.4922430515289307
0.0 0.0 0.0
1.354248046875 32.75353240966797 -2.4774386882781982
1.5846891403198242 32.80180740356445 -2.48032283782959
1.8184740543365479 32.89519119262695 -2.48579478263855
0.0 0.0 0.0
2.274078369140625 32.785221099853516 -2.474648952484131
2.5318808555603027 33.16108322143555 -2.5017783641815186
2.7480356693267822 32.97212219238281 -2.4857614040374756
0.0 0.0 0.0
0.0 0.0 0.0
0.0 0.0 0.0
3.714076042175293 33.29410934448242 -2.4995992183685303
0.0 0.0 0.0
4.187814712524414 33.3289680480957 -2.49532151222229
0.0 0.0 0.0
0.0 0.0 0.0
0.0 0.0 0.0
5.1697492599487305 33.53963088989258 -2.495403528213501
0.0 0.0 0.0
0.0 0.0 0.0
0.0 0.0 0.0
0.0 0.0 0.0
6.418874263763428 33.76640701293945 -2.486768960952759
0.0 0.0 0.0
6.927331924438477 33.866050720214844 -2.4816226959228516
0.0 0.0 0.0
0.0 0.0 0.0
0.0 0.0 0.0
0.0 0.0 0.0
8.282540321350098 34.34223556518555 -2.483208417892456
8.542939186096191 34.37156677246094 -2.47813081741333
0.0 0.0 0.0
0.0 0.0 0.0
0.0 0.0 0.0
0.0 0.0 0.0
0.0 0.0 0.0
0.0 0.0 0.0
0.0 0.0 0.0
0.0 0.0 0.0
0.0 0.0 0.0
0.0 0.0 0.0
0.0 0.0 0.0
0.0 0.0 0.0
0.0 0.0 0.0
0.0 0.0 0.0
0.0 0.0 0.0
0.0 0.0 0.0
0.0 0.0 0.0
0.0 0.0 0.0
0.0 0.0 0.0
0.0 0.0 0.0
0.0 0.0 0.0
0.0 0.0 0.0
0.0 0.0 0.0
0.0 0.0 0.0
16.624509811401367 37.42203903198242 -2.4121901988983154
0.0 0.0 0.0
0.0 0.0 0.0
0.0 0.0 0.0
0.0 0.0 0.0
0.0 0.0 0.0
0.0 0.0 0.0
0.0 0.0 0.0
0.0 0.0 0.0
0.0 0.0 0.0
0.0 0.0 0.0
0.0 0.0 0.0
0.0 0.0 0.0
0.0 0.0 0.0
0.0 0.0 0.0
0.0 0.0 0.0
0.0 0.0 0.0
0.0 0.0 0.0
0.0 0.0 0.0
0.0 0.0 0.0
0.0 0.0 0.0
0.0 0.0 0.0
0.0 0.0 0.0
0.0 0.0 0.0
0.0 0.0 0.0
0.0 0.0 0.0
0.0 0.0 0.0
0.0 0.0 0.0
0.0 0.0 0.0
0.0 0.0 0.0
0.0 0.0 0.0
0.0 0.0 0.0
0.0 0.0 0.0
0.0 0.0 0.0
0.0 0.0 0.0
0.0 0.0 0.0
0.0 0.0 0.0
0.0 0.0 0.0
0.0 0.0 0.0
0.0 0.0 0.0
0.0 0.0 0.0
0.0 0.0 0.0
0.0 0.0 0.0
0.0 0.0 0.0
0.0 0.0 0.0
0.0 0.0 0.0
0.0 0.0 0.0
0.0 0.0 0.0
0.0 0.0 0.0
0.0 0.0 0.0
0.0 0.0 0.0
0.0 0.0 0.0
0.0 0.0 0.0
0.0 0.0 0.0
0.0 0.0 0.0
0.0 0.0 0.0
0.0 0.0 0.0
0.0 0.0 0.0
0.0 0.0 0.0
0.0 0.0 0.0
0.0 0.0 0.0
0.0 0.0 0.0
0.0 0.0 0.0
0.0 0.0 0.0
0.0 0.0 0.0
0.0 0.0 0.0
0.0 0.0 0.0
0.0 0.0 0.0
0.0 0.0 0.0
0.0 0.0 0.0
0.0 0.0 0.0
0.0 0.0 0.0
0.0 0.0 0.0
0.0 0.0 0.0
0.0 0.0 0.0
0.0 0.0 0.0
0.0 0.0 0.0
0.0 0.0 0.0
0.0 0.0 0.0
0.0 0.0 0.0
0.0 0.0 0.0
0.0 0.0 0.0
0.0 0.0 0.0
0.0 0.0 0.0
0.0 0.0 0.0
0.0 0.0 0.0
0.0 0.0 0.0
0.0 0.0 0.0
0.0 0.0 0.0
0.0 0.0 0.0
0.0 0.0 0.0
0.0 0.0 0.0
0.0 0.0 0.0
0.0 0.0 0.0
0.0 0.0 0.0
0.0 0.0 0.0
0.0 0.0 0.0
0.0 0.0 0.0
0.0 0.0 0.0
0.0 0.0 0.0
0.0 0.0 0.0
0.0 0.0 0.0
0.0 0.0 0.0
0.0 0.0 0.0
0.0 0.0 0.0
0.0 0.0 0.0
0.0 0.0 0.0
0.0 0.0 0.0
0.0 0.0 0.0
0.0 0.0 0.0
0.0 0.0 0.0
0.0 0.0 0.0
0.0 0.0 0.0
0.0 0.0 0.0
0.0 0.0 0.0
0.0 0.0 0.0
0.0 0.0 0.0
0.0 0.0 0.0
0.0 0.0 0.0
0.0 0.0 0.0
0.0 0.0 0.0
0.0 0.0 0.0
0.0 0.0 0.0
0.0 0.0 0.0
0.0 0.0 0.0
0.0 0.0 0.0
0.0 0.0 0.0
0.0 0.0 0.0
0.0 0.0 0.0
0.0 0.0 0.0
0.0 0.0 0.0
0.0 0.0 0.0
0.0 0.0 0.0
0.0 0.0 0.0
0.0 0.0 0.0
0.0 0.0 0.0
0.0 0.0 0.0
0.0 0.0 0.0
0.0 0.0 0.0
0.0 0.0 0.0
0.0 0.0 0.0
0.0 0.0 0.0
0.0 0.0 0.0
0.0 0.0 0.0
0.0 0.0 0.0
0.0 0.0 0.0
0.0 0.0 0.0
0.0 0.0 0.0
0.0 0.0 0.0
0.0 0.0 0.0
0.0 0.0 0.0
0.0 0.0 0.0
0.0 0.0 0.0
0.0 0.0 0.0
0.0 0.0 0.0
0.0 0.0 0.0
0.0 0.0 0.0
0.0 0.0 0.0
0.0 0.0 0.0
0.0 0.0 0.0
0.0 0.0 0.0
0.0 0.0 0.0
0.0 0.0 0.0
0.0 0.0 0.0
0.0 0.0 0.0
0.0 0.0 0.0
0.0 0.0 0.0
0.0 0.0 0.0
0.0 0.0 0.0
0.0 0.0 0.0
0.0 0.0 0.0
0.0 0.0 0.0
0.0 0.0 0.0
0.0 0.0 0.0
0.0 0.0 0.0
0.0 0.0 0.0
0.0 0.0 0.0
0.0 0.0 0.0
0.0 0.0 0.0
0.0 0.0 0.0
0.0 0.0 0.0
0.0 0.0 0.0
0.0 0.0 0.0
0.0 0.0 0.0
0.0 0.0 0.0
0.0 0.0 0.0
0.0 0.0 0.0
0.0 0.0 0.0
0.0 0.0 0.0
0.0 0.0 0.0
0.0 0.0 0.0
0.0 0.0 0.0
0.0 0.0 0.0
0.0 0.0 0.0
0.0 0.0 0.0
0.0 0.0 0.0
0.0 0.0 0.0
0.0 0.0 0.0
0.0 0.0 0.0
0.0 0.0 0.0
0.0 0.0 0.0
0.0 0.0 0.0
0.0 0.0 0.0
0.0 0.0 0.0
0.0 0.0 0.0
0.0 0.0 0.0
0.0 0.0 0.0
0.0 0.0 0.0
0.0 0.0 0.0
0.0 0.0 0.0
0.0 0.0 0.0
0.0 0.0 0.0
0.0 0.0 0.0
0.0 0.0 0.0
0.0 0.0 0.0
0.0 0.0 0.0
0.0 0.0 0.0
0.0 0.0 0.0
0.0 0.0 0.0
0.0 0.0 0.0
0.0 0.0 0.0
0.0 0.0 0.0
0.0 0.0 0.0
0.0 0.0 0.0
0.0 0.0 0.0
0.0 0.0 0.0
0.0 0.0 0.0
0.0 0.0 0.0
0.0 0.0 0.0
0.0 0.0 0.0
0.0 0.0 0.0
0.0 0.0 0.0
0.0 0.0 0.0
0.0 0.0 0.0
0.0 0.0 0.0
0.0 0.0 0.0
0.0 0.0 0.0
0.0 0.0 0.0
0.0 0.0 0.0
0.0 0.0 0.0
0.0 0.0 0.0
0.0 0.0 0.0
0.0 0.0 0.0
0.0 0.0 0.0
0.0 0.0 0.0
0.0 0.0 0.0
0.0 0.0 0.0
0.0 0.0 0.0
0.0 0.0 0.0
0.0 0.0 0.0
0.0 0.0 0.0
0.0 0.0 0.0
0.0 0.0 0.0
0.0 0.0 0.0
0.0 0.0 0.0
0.0 0.0 0.0
0.0 0.0 0.0
0.0 0.0 0.0
0.0 0.0 0.0
0.0 0.0 0.0
0.0 0.0 0.0
0.0 0.0 0.0
0.0 0.0 0.0
0.0 0.0 0.0
0.0 0.0 0.0
0.0 0.0 0.0
0.0 0.0 0.0
0.0 0.0 0.0
0.0 0.0 0.0
0.0 0.0 0.0
0.0 0.0 0.0
0.0 0.0 0.0
0.0 0.0 0.0
0.0 0.0 0.0
0.0 0.0 0.0
-6.0865254402160645 32.4097900390625 -2.2741987705230713
0.0 0.0 0.0
-5.605720520019531 32.348819732666016 -2.282170534133911
0.0 0.0 0.0
0.0 0.0 0.0
0.0 0.0 0.0
0.0 0.0 0.0
0.0 0.0 0.0
0.0 0.0 0.0
0.0 0.0 0.0
-3.7885661125183105 32.57216262817383 -2.3380749225616455
0.0 0.0 0.0
0.0 0.0 0.0
0.0 0.0 0.0
0.0 0.0 0.0
-2.6474053859710693 32.66722869873047 -2.3626322746276855
0.0 0.0 0.0
0.0 0.0 0.0
0.0 0.0 0.0
0.0 0.0 0.0
-1.5095330476760864 32.82021713256836 -2.3855388164520264
-1.2818938493728638 32.85308074951172 -2.3901515007019043
-1.0586856603622437 33.02458572387695 -2.404219388961792
0.0 0.0 0.0
-0.59145587682724 32.84122085571289 -2.392861843109131
-0.36489778757095337 33.031436920166016 -2.4078898429870605
-0.13436724245548248 32.8889274597168 -2.3987810611724854
0.09444473683834076 32.943546295166016 -2.403567314147949
0.3237849175930023 32.942115783691406 -2.403273105621338
0.5591956973075867 33.07146072387695 -2.4126358032226562
0.7912561893463135 33.156375885009766 -2.4188754558563232
1.0195403099060059 33.06830978393555 -2.4126129150390625
1.243468999862671 32.90475082397461 -2.4005844593048096
0.0 0.0 0.0
1.7129300832748413 33.04001235961914 -2.4076218605041504
0.0 0.0 0.0
0.0 0.0 0.0
0.0 0.0 0.0
0.0 0.0 0.0
2.9629929065704346 34.09454345703125 -2.4759883880615234
0.0 0.0 0.0
3.402768850326538 33.70943069458008 -2.443648099899292
3.638400077819824 33.69292449951172 -2.440436363220215
3.864368200302124 33.597557067871094 -2.4299256801605225
0.0 0.0 0.0
0.0 0.0 0.0
0.0 0.0 0.0
0.0 0.0 0.0
5.114049911499023 33.976139068603516 -2.4388976097106934
5.348538398742676 33.92869186401367 -2.430915355682373
0.0 0.0 0.0
5.902010917663574 34.300533294677734 -2.44854736328125
6.0835065841674805 33.9407958984375 -2.418613910675049
6.450490474700928 34.60319519042969 -2.4601657390594482
0.0 0.0 0.0
0.0 0.0 0.0
0.0 0.0 0.0
7.426982402801514 34.465232849121094 -2.42734432220459
7.6840362548828125 34.49341583251953 -2.4226317405700684
0.0 0.0 0.0
0.0 0.0 0.0
0.0 0.0 0.0
8.841875076293945 35.04254150390625 -2.433582067489624
9.050177574157715 34.8452262878418 -2.41192364692688
0.0 0.0 0.0
0.0 0.0 0.0
0.0 0.0 0.0
0.0 0.0 0.0
10.531354904174805 35.42026901245117 -2.410139560699463
0.0 0.0 0.0
0.0 0.0 0.0
0.0 0.0 0.0
0.0 0.0 0.0
0.0 0.0 0.0
0.0 0.0 0.0
0.0 0.0 0.0
0.0 0.0 0.0
0.0 0.0 0.0
0.0 0.0 0.0
0.0 0.0 0.0
14.359797477722168 36.73340606689453 -2.3725438117980957
0.0 0.0 0.0
0.0 0.0 0.0
0.0 0.0 0.0
0.0 0.0 0.0
0.0 0.0 0.0
0.0 0.0 0.0
0.0 0.0 0.0
0.0 0.0 0.0
0.0 0.0 0.0
0.0 0.0 0.0
0.0 0.0 0.0
0.0 0.0 0.0
0.0 0.0 0.0
0.0 0.0 0.0
0.0 0.0 0.0
0.0 0.0 0.0
0.0 0.0 0.0
0.0 0.0 0.0
0.0 0.0 0.0
0.0 0.0 0.0
0.0 0.0 0.0
0.0 0.0 0.0
0.0 0.0 0.0
0.0 0.0 0.0
0.0 0.0 0.0
0.0 0.0 0.0
0.0 0.0 0.0
0.0 0.0 0.0
0.0 0.0 0.0
0.0 0.0 0.0
0.0 0.0 0.0
0.0 0.0 0.0
0.0 0.0 0.0
0.0 0.0 0.0
0.0 0.0 0.0
0.0 0.0 0.0
0.0 0.0 0.0
0.0 0.0 0.0
0.0 0.0 0.0
0.0 0.0 0.0
0.0 0.0 0.0
0.0 0.0 0.0
0.0 0.0 0.0
0.0 0.0 0.0
0.0 0.0 0.0
0.0 0.0 0.0
0.0 0.0 0.0
0.0 0.0 0.0
0.0 0.0 0.0
0.0 0.0 0.0
0.0 0.0 0.0
0.0 0.0 0.0
0.0 0.0 0.0
0.0 0.0 0.0
0.0 0.0 0.0
0.0 0.0 0.0
0.0 0.0 0.0
0.0 0.0 0.0
0.0 0.0 0.0
0.0 0.0 0.0
0.0 0.0 0.0
0.0 0.0 0.0
0.0 0.0 0.0
0.0 0.0 0.0
0.0 0.0 0.0
0.0 0.0 0.0
0.0 0.0 0.0
0.0 0.0 0.0
0.0 0.0 0.0
0.0 0.0 0.0
0.0 0.0 0.0
0.0 0.0 0.0
0.0 0.0 0.0
0.0 0.0 0.0
0.0 0.0 0.0
0.0 0.0 0.0
0.0 0.0 0.0
0.0 0.0 0.0
0.0 0.0 0.0
0.0 0.0 0.0
0.0 0.0 0.0
0.0 0.0 0.0
0.0 0.0 0.0
0.0 0.0 0.0
0.0 0.0 0.0
0.0 0.0 0.0
0.0 0.0 0.0
0.0 0.0 0.0
0.0 0.0 0.0
0.0 0.0 0.0
0.0 0.0 0.0
0.0 0.0 0.0
0.0 0.0 0.0
0.0 0.0 0.0
0.0 0.0 0.0
0.0 0.0 0.0
0.0 0.0 0.0
0.0 0.0 0.0
0.0 0.0 0.0
0.0 0.0 0.0
0.0 0.0 0.0
0.0 0.0 0.0
0.0 0.0 0.0
0.0 0.0 0.0
0.0 0.0 0.0
0.0 0.0 0.0
0.0 0.0 0.0
0.0 0.0 0.0
0.0 0.0 0.0
0.0 0.0 0.0
0.0 0.0 0.0
0.0 0.0 0.0
0.0 0.0 0.0
0.0 0.0 0.0
0.0 0.0 0.0
0.0 0.0 0.0
0.0 0.0 0.0
0.0 0.0 0.0
0.0 0.0 0.0
0.0 0.0 0.0
0.0 0.0 0.0
0.0 0.0 0.0
0.0 0.0 0.0
0.0 0.0 0.0
0.0 0.0 0.0
0.0 0.0 0.0
0.0 0.0 0.0
0.0 0.0 0.0
0.0 0.0 0.0
0.0 0.0 0.0
0.0 0.0 0.0
0.0 0.0 0.0
0.0 0.0 0.0
0.0 0.0 0.0
0.0 0.0 0.0
0.0 0.0 0.0
0.0 0.0 0.0
0.0 0.0 0.0
0.0 0.0 0.0
0.0 0.0 0.0
0.0 0.0 0.0
0.0 0.0 0.0
0.0 0.0 0.0
0.0 0.0 0.0
0.0 0.0 0.0
0.0 0.0 0.0
0.0 0.0 0.0
0.0 0.0 0.0
0.0 0.0 0.0
0.0 0.0 0.0
0.0 0.0 0.0
0.0 0.0 0.0
0.0 0.0 0.0
0.0 0.0 0.0
0.0 0.0 0.0
0.0 0.0 0.0
0.0 0.0 0.0
0.0 0.0 0.0
0.0 0.0 0.0
0.0 0.0 0.0
0.0 0.0 0.0
0.0 0.0 0.0
0.0 0.0 0.0
0.0 0.0 0.0
0.0 0.0 0.0
0.0 0.0 0.0
0.0 0.0 0.0
0.0 0.0 0.0
0.0 0.0 0.0
0.0 0.0 0.0
0.0 0.0 0.0
0.0 0.0 0.0
0.0 0.0 0.0
0.0 0.0 0.0
0.0 0.0 0.0
0.0 0.0 0.0
0.0 0.0 0.0
0.0 0.0 0.0
0.0 0.0 0.0
0.0 0.0 0.0
0.0 0.0 0.0
0.0 0.0 0.0
0.0 0.0 0.0
0.0 0.0 0.0
0.0 0.0 0.0
0.0 0.0 0.0
0.0 0.0 0.0
0.0 0.0 0.0
0.0 0.0 0.0
0.0 0.0 0.0
0.0 0.0 0.0
0.0 0.0 0.0
0.0 0.0 0.0
0.0 0.0 0.0
0.0 0.0 0.0
0.0 0.0 0.0
0.0 0.0 0.0
0.0 0.0 0.0
0.0 0.0 0.0
0.0 0.0 0.0
0.0 0.0 0.0
0.0 0.0 0.0
0.0 0.0 0.0
0.0 0.0 0.0
0.0 0.0 0.0
0.0 0.0 0.0
0.0 0.0 0.0
0.0 0.0 0.0
0.0 0.0 0.0
0.0 0.0 0.0
0.0 0.0 0.0
0.0 0.0 0.0
0.0 0.0 0.0
0.0 0.0 0.0
0.0 0.0 0.0
0.0 0.0 0.0
0.0 0.0 0.0
0.0 0.0 0.0
0.0 0.0 0.0
0.0 0.0 0.0
0.0 0.0 0.0
0.0 0.0 0.0
0.0 0.0 0.0
0.0 0.0 0.0
0.0 0.0 0.0
0.0 0.0 0.0
0.0 0.0 0.0
0.0 0.0 0.0
0.0 0.0 0.0
0.0 0.0 0.0
0.0 0.0 0.0
0.0 0.0 0.0
0.0 0.0 0.0
0.0 0.0 0.0
0.0 0.0 0.0
0.0 0.0 0.0
0.0 0.0 0.0
0.0 0.0 0.0
0.0 0.0 0.0
0.0 0.0 0.0
0.0 0.0 0.0
0.0 0.0 0.0
0.0 0.0 0.0
0.0 0.0 0.0
0.0 0.0 0.0
0.0 0.0 0.0
0.0 0.0 0.0
0.0 0.0 0.0
0.0 0.0 0.0
0.0 0.0 0.0
0.0 0.0 0.0
0.0 0.0 0.0
0.0 0.0 0.0
0.0 0.0 0.0
0.0 0.0 0.0
0.0 0.0 0.0
0.0 0.0 0.0
0.0 0.0 0.0
0.0 0.0 0.0
0.0 0.0 0.0
0.0 0.0 0.0
0.0 0.0 0.0
0.0 0.0 0.0
0.0 0.0 0.0
0.0 0.0 0.0
0.0 0.0 0.0
0.0 0.0 0.0
0.0 0.0 0.0
0.0 0.0 0.0
0.0 0.0 0.0
0.0 0.0 0.0
0.0 0.0 0.0
0.0 0.0 0.0
-8.27801513671875 33.11087417602539 -2.1751434803009033
0.0 0.0 0.0
0.0 0.0 0.0
0.0 0.0 0.0
-7.2580108642578125 32.91933822631836 -2.1934382915496826
0.0 0.0 0.0
0.0 0.0 0.0
0.0 0.0 0.0
-6.333531856536865 33.09907150268555 -2.2322890758514404
-6.036226272583008 32.78151321411133 -2.216749429702759
0.0 0.0 0.0
0.0 0.0 0.0
0.0 0.0 0.0
0.0 0.0 0.0
-4.8973493576049805 33.035160064697266 -2.26116943359375
0.0 0.0 0.0
0.0 0.0 0.0
0.0 0.0 0.0
0.0 0.0 0.0
-3.7340922355651855 33.125728607177734 -2.289583206176758
0.0 0.0 0.0
0.0 0.0 0.0
0.0 0.0 0.0
0.0 0.0 0.0
0.0 0.0 0.0
-2.3357045650482178 33.13835144042969 -2.3100249767303467
-2.100863218307495 33.08744430541992 -2.3088624477386475
0.0 0.0 0.0
-1.649359941482544 33.3037223815918 -2.3290927410125732
-1.3941967487335205 32.85884475708008 -2.300262451171875
-1.1740195751190186 33.10907745361328 -2.318833589553833
0.0 0.0 0.0
-0.7271695137023926 33.76477813720703 -2.36724591255188
0.0 0.0 0.0
-0.2514110803604126 33.5025634765625 -2.351646900177002
0.0 0.0 0.0
0.21300722658634186 33.23394012451172 -2.3329451084136963
0.0 0.0 0.0
0.6853305697441101 33.70303726196289 -2.3664886951446533
0.0 0.0 0.0
1.1518230438232422 33.50716018676758 -2.3523447513580322
1.3813295364379883 33.41278839111328 -2.344864845275879
0.0 0.0 0.0
0.0 0.0 0.0
0.0 0.0 0.0
2.338547706604004 33.707618713378906 -2.3618924617767334
0.0 0.0 0.0
2.8392088413238525 34.05672836303711 -2.382398843765259
0.0 0.0 0.0
0.0 0.0 0.0
0.0 0.0 0.0
3.798004627227783 34.042686462402344 -2.3721625804901123
0.0 0.0 0.0
0.0 0.0 0.0
4.526063919067383 34.09610366821289 -2.36722993850708
0.0 0.0 0.0
0.0 0.0 0.0
5.352395534515381 34.718994140625 -2.398632764816284
5.553442001342773 34.4312858581543 -2.374826669692993
5.785053730010986 34.346153259277344 -2.3651411533355713
0.0 0.0 0.0
6.367359638214111 34.81471633911133 -2.387772798538208
0.0 0.0 0.0
0.0 0.0 0.0
0.0 0.0 0.0
0.0 0.0 0.0
0.0 0.0 0.0
0.0 0.0 0.0
0.0 0.0 0.0
0.0 0.0 0.0
0.0 0.0 0.0
9.125565528869629 35.64022445678711 -2.3850009441375732
0.0 0.0 0.0
0.0 0.0 0.0
0.0 0.0 0.0
0.0 0.0 0.0
0.0 0.0 0.0
0.0 0.0 0.0
0.0 0.0 0.0
0.0 0.0 0.0
0.0 0.0 0.0
0.0 0.0 0.0
0.0 0.0 0.0
0.0 0.0 0.0
0.0 0.0 0.0
0.0 0.0 0.0
0.0 0.0 0.0
0.0 0.0 0.0
0.0 0.0 0.0
14.563985824584961 36.868141174316406 -2.297523260116577
0.0 0.0 0.0
0.0 0.0 0.0
0.0 0.0 0.0
0.0 0.0 0.0
0.0 0.0 0.0
0.0 0.0 0.0
0.0 0.0 0.0
0.0 0.0 0.0
0.0 0.0 0.0
0.0 0.0 0.0
0.0 0.0 0.0
0.0 0.0 0.0
0.0 0.0 0.0
0.0 0.0 0.0
0.0 0.0 0.0
0.0 0.0 0.0
0.0 0.0 0.0
0.0 0.0 0.0
0.0 0.0 0.0
0.0 0.0 0.0
0.0 0.0 0.0
0.0 0.0 0.0
0.0 0.0 0.0
0.0 0.0 0.0
0.0 0.0 0.0
0.0 0.0 0.0
0.0 0.0 0.0
0.0 0.0 0.0
0.0 0.0 0.0
0.0 0.0 0.0
0.0 0.0 0.0
0.0 0.0 0.0
0.0 0.0 0.0
0.0 0.0 0.0
0.0 0.0 0.0
0.0 0.0 0.0
0.0 0.0 0.0
0.0 0.0 0.0
0.0 0.0 0.0
0.0 0.0 0.0
0.0 0.0 0.0
0.0 0.0 0.0
0.0 0.0 0.0
0.0 0.0 0.0
0.0 0.0 0.0
0.0 0.0 0.0
0.0 0.0 0.0
0.0 0.0 0.0
0.0 0.0 0.0
0.0 0.0 0.0
0.0 0.0 0.0
0.0 0.0 0.0
0.0 0.0 0.0
0.0 0.0 0.0
0.0 0.0 0.0
0.0 0.0 0.0
0.0 0.0 0.0
0.0 0.0 0.0
0.0 0.0 0.0
0.0 0.0 0.0
0.0 0.0 0.0
0.0 0.0 0.0
0.0 0.0 0.0
0.0 0.0 0.0
0.0 0.0 0.0
0.0 0.0 0.0
0.0 0.0 0.0
0.0 0.0 0.0
0.0 0.0 0.0
0.0 0.0 0.0
0.0 0.0 0.0
0.0 0.0 0.0
0.0 0.0 0.0
0.0 0.0 0.0
0.0 0.0 0.0
0.0 0.0 0.0
0.0 0.0 0.0
0.0 0.0 0.0
0.0 0.0 0.0
0.0 0.0 0.0
0.0 0.0 0.0
0.0 0.0 0.0
0.0 0.0 0.0
0.0 0.0 0.0
0.0 0.0 0.0
0.0 0.0 0.0
0.0 0.0 0.0
0.0 0.0 0.0
0.0 0.0 0.0
0.0 0.0 0.0
0.0 0.0 0.0
0.0 0.0 0.0
0.0 0.0 0.0
0.0 0.0 0.0
0.0 0.0 0.0
0.0 0.0 0.0
0.0 0.0 0.0
0.0 0.0 0.0
0.0 0.0 0.0
0.0 0.0 0.0
0.0 0.0 0.0
0.0 0.0 0.0
0.0 0.0 0.0
0.0 0.0 0.0
0.0 0.0 0.0
0.0 0.0 0.0
0.0 0.0 0.0
0.0 0.0 0.0
0.0 0.0 0.0
0.0 0.0 0.0
0.0 0.0 0.0
0.0 0.0 0.0
0.0 0.0 0.0
0.0 0.0 0.0
0.0 0.0 0.0
0.0 0.0 0.0
0.0 0.0 0.0
0.0 0.0 0.0
0.0 0.0 0.0
0.0 0.0 0.0
0.0 0.0 0.0
0.0 0.0 0.0
0.0 0.0 0.0
0.0 0.0 0.0
0.0 0.0 0.0
0.0 0.0 0.0
0.0 0.0 0.0
0.0 0.0 0.0
0.0 0.0 0.0
0.0 0.0 0.0
0.0 0.0 0.0
0.0 0.0 0.0
0.0 0.0 0.0
0.0 0.0 0.0
0.0 0.0 0.0
0.0 0.0 0.0
0.0 0.0 0.0
0.0 0.0 0.0
0.0 0.0 0.0
0.0 0.0 0.0
0.0 0.0 0.0
0.0 0.0 0.0
0.0 0.0 0.0
0.0 0.0 0.0
0.0 0.0 0.0
0.0 0.0 0.0
0.0 0.0 0.0
0.0 0.0 0.0
0.0 0.0 0.0
0.0 0.0 0.0
0.0 0.0 0.0
0.0 0.0 0.0
0.0 0.0 0.0
0.0 0.0 0.0
0.0 0.0 0.0
0.0 0.0 0.0
0.0 0.0 0.0
0.0 0.0 0.0
0.0 0.0 0.0
0.0 0.0 0.0
0.0 0.0 0.0
0.0 0.0 0.0
0.0 0.0 0.0
0.0 0.0 0.0
0.0 0.0 0.0
0.0 0.0 0.0
0.0 0.0 0.0
0.0 0.0 0.0
0.0 0.0 0.0
0.0 0.0 0.0
0.0 0.0 0.0
0.0 0.0 0.0
0.0 0.0 0.0
0.0 0.0 0.0
0.0 0.0 0.0
0.0 0.0 0.0
0.0 0.0 0.0
0.0 0.0 0.0
0.0 0.0 0.0
0.0 0.0 0.0
0.0 0.0 0.0
0.0 0.0 0.0
0.0 0.0 0.0
0.0 0.0 0.0
0.0 0.0 0.0
0.0 0.0 0.0
0.0 0.0 0.0
0.0 0.0 0.0
0.0 0.0 0.0
0.0 0.0 0.0
0.0 0.0 0.0
0.0 0.0 0.0
0.0 0.0 0.0
0.0 0.0 0.0
0.0 0.0 0.0
0.0 0.0 0.0
0.0 0.0 0.0
0.0 0.0 0.0
0.0 0.0 0.0
0.0 0.0 0.0
0.0 0.0 0.0
0.0 0.0 0.0
0.0 0.0 0.0
0.0 0.0 0.0
0.0 0.0 0.0
0.0 0.0 0.0
0.0 0.0 0.0
0.0 0.0 0.0
0.0 0.0 0.0
0.0 0.0 0.0
0.0 0.0 0.0
0.0 0.0 0.0
0.0 0.0 0.0
0.0 0.0 0.0
0.0 0.0 0.0
0.0 0.0 0.0
0.0 0.0 0.0
0.0 0.0 0.0
0.0 0.0 0.0
0.0 0.0 0.0
0.0 0.0 0.0
0.0 0.0 0.0
0.0 0.0 0.0
0.0 0.0 0.0
0.0 0.0 0.0
0.0 0.0 0.0
0.0 0.0 0.0
0.0 0.0 0.0
0.0 0.0 0.0
0.0 0.0 0.0
0.0 0.0 0.0
0.0 0.0 0.0
0.0 0.0 0.0
0.0 0.0 0.0
0.0 0.0 0.0
0.0 0.0 0.0
0.0 0.0 0.0
0.0 0.0 0.0
0.0 0.0 0.0
0.0 0.0 0.0
0.0 0.0 0.0
0.0 0.0 0.0
0.0 0.0 0.0
0.0 0.0 0.0
0.0 0.0 0.0
0.0 0.0 0.0
0.0 0.0 0.0
0.0 0.0 0.0
0.0 0.0 0.0
0.0 0.0 0.0
0.0 0.0 0.0
0.0 0.0 0.0
0.0 0.0 0.0
0.0 0.0 0.0
0.0 0.0 0.0
0.0 0.0 0.0
0.0 0.0 0.0
0.0 0.0 0.0
0.0 0.0 0.0
0.0 0.0 0.0
0.0 0.0 0.0
0.0 0.0 0.0
0.0 0.0 0.0
0.0 0.0 0.0
0.0 0.0 0.0
0.0 0.0 0.0
0.0 0.0 0.0
0.0 0.0 0.0
0.0 0.0 0.0
0.0 0.0 0.0
-8.70306396484375 33.31833267211914 -2.0965042114257812
0.0 0.0 0.0
0.0 0.0 0.0
0.0 0.0 0.0
0.0 0.0 0.0
0.0 0.0 0.0
0.0 0.0 0.0
0.0 0.0 0.0
0.0 0.0 0.0
0.0 0.0 0.0
-6.2512407302856445 33.29441833496094 -2.1651573181152344
-6.024986743927002 33.36726379394531 -2.1753668785095215
0.0 0.0 0.0
0.0 0.0 0.0
0.0 0.0 0.0
0.0 0.0 0.0
0.0 0.0 0.0
0.0 0.0 0.0
0.0 0.0 0.0
0.0 0.0 0.0
0.0 0.0 0.0
-3.6738176345825195 33.624359130859375 -2.238208770751953
0.0 0.0 0.0
0.0 0.0 0.0
-6.498654842376709 73.81190490722656 -4.936901569366455
0.0 0.0 0.0
-2.490755081176758 33.641239166259766 -2.2548365592956543
0.0 0.0 0.0
-2.011512041091919 33.555667877197266 -2.254305601119995
0.0 0.0 0.0
0.0 0.0 0.0
-1.3096551895141602 33.57426452636719 -2.2609081268310547
0.0 0.0 0.0
0.0 0.0 0.0
0.0 0.0 0.0
-0.3714767098426819 33.67134094238281 -2.2727413177490234
0.0 0.0 0.0
0.09745081514120102 33.91092300415039 -2.2897725105285645
0.33257240056991577 33.82754898071289 -2.2847375869750977
0.5781242251396179 34.175025939941406 -2.3089330196380615
0.8120220303535461 34.014366149902344 -2.2978429794311523
1.0489298105239868 34.023555755615234 -2.2977867126464844
1.2882119417190552 34.089515686035156 -2.3016738891601562
0.0 0.0 0.0
0.0 0.0 0.0
2.0101728439331055 34.175880432128906 -2.3056743144989014
2.2448554039001465 34.11458206176758 -2.299776315689087
0.0 0.0 0.0
0.0 0.0 0.0
0.0 0.0 0.0
3.220313787460327 34.28768539428711 -2.304946184158325
0.0 0.0 0.0
0.0 0.0 0.0
0.0 0.0 0.0
4.192481517791748 34.30924987792969 -2.295912504196167
0.0 0.0 0.0
4.689859390258789 34.39892578125 -2.2955827713012695
0.0 0.0 0.0
0.0 0.0 0.0
0.0 0.0 0.0
0.0 0.0 0.0
0.0 0.0 0.0
0.0 0.0 0.0
0.0 0.0 0.0
0.0 0.0 0.0
0.0 0.0 0.0
0.0 0.0 0.0
0.0 0.0 0.0
0.0 0.0 0.0
8.175199508666992 35.52970886230469 -2.3104376792907715
0.0 0.0 0.0
0.0 0.0 0.0
0.0 0.0 0.0
0.0 0.0 0.0
0.0 0.0 0.0
0.0 0.0 0.0
0.0 0.0 0.0
0.0 0.0 0.0
0.0 0.0 0.0
0.0 0.0 0.0
0.0 0.0 0.0
0.0 0.0 0.0
0.0 0.0 0.0
0.0 0.0 0.0
0.0 0.0 0.0
0.0 0.0 0.0
0.0 0.0 0.0
0.0 0.0 0.0
0.0 0.0 0.0
0.0 0.0 0.0
0.0 0.0 0.0
0.0 0.0 0.0
0.0 0.0 0.0
0.0 0.0 0.0
0.0 0.0 0.0
0.0 0.0 0.0
0.0 0.0 0.0
0.0 0.0 0.0
0.0 0.0 0.0
0.0 0.0 0.0
0.0 0.0 0.0
0.0 0.0 0.0
0.0 0.0 0.0
0.0 0.0 0.0
0.0 0.0 0.0
0.0 0.0 0.0
0.0 0.0 0.0
0.0 0.0 0.0
0.0 0.0 0.0
0.0 0.0 0.0
0.0 0.0 0.0
0.0 0.0 0.0
0.0 0.0 0.0
0.0 0.0 0.0
0.0 0.0 0.0
0.0 0.0 0.0
0.0 0.0 0.0
0.0 0.0 0.0
0.0 0.0 0.0
0.0 0.0 0.0
0.0 0.0 0.0
0.0 0.0 0.0
0.0 0.0 0.0
0.0 0.0 0.0
0.0 0.0 0.0
0.0 0.0 0.0
0.0 0.0 0.0
0.0 0.0 0.0
0.0 0.0 0.0
0.0 0.0 0.0
0.0 0.0 0.0
0.0 0.0 0.0
0.0 0.0 0.0
0.0 0.0 0.0
0.0 0.0 0.0
0.0 0.0 0.0
0.0 0.0 0.0
0.0 0.0 0.0
0.0 0.0 0.0
0.0 0.0 0.0
0.0 0.0 0.0
0.0 0.0 0.0
0.0 0.0 0.0
0.0 0.0 0.0
0.0 0.0 0.0
0.0 0.0 0.0
0.0 0.0 0.0
0.0 0.0 0.0
0.0 0.0 0.0
0.0 0.0 0.0
0.0 0.0 0.0
0.0 0.0 0.0
0.0 0.0 0.0
0.0 0.0 0.0
0.0 0.0 0.0
0.0 0.0 0.0
0.0 0.0 0.0
0.0 0.0 0.0
0.0 0.0 0.0
0.0 0.0 0.0
0.0 0.0 0.0
0.0 0.0 0.0
0.0 0.0 0.0
0.0 0.0 0.0
0.0 0.0 0.0
0.0 0.0 0.0
0.0 0.0 0.0
0.0 0.0 0.0
0.0 0.0 0.0
0.0 0.0 0.0
0.0 0.0 0.0
0.0 0.0 0.0
0.0 0.0 0.0
0.0 0.0 0.0
0.0 0.0 0.0
0.0 0.0 0.0
0.0 0.0 0.0
0.0 0.0 0.0
0.0 0.0 0.0
0.0 0.0 0.0
0.0 0.0 0.0
0.0 0.0 0.0
0.0 0.0 0.0
0.0 0.0 0.0
0.0 0.0 0.0
0.0 0.0 0.0
0.0 0.0 0.0
0.0 0.0 0.0
0.0 0.0 0.0
0.0 0.0 0.0
0.0 0.0 0.0
0.0 0.0 0.0
0.0 0.0 0.0
0.0 0.0 0.0
0.0 0.0 0.0
0.0 0.0 0.0
0.0 0.0 0.0
0.0 0.0 0.0
0.0 0.0 0.0
0.0 0.0 0.0
0.0 0.0 0.0
0.0 0.0 0.0
0.0 0.0 0.0
0.0 0.0 0.0
0.0 0.0 0.0
0.0 0.0 0.0
0.0 0.0 0.0
0.0 0.0 0.0
0.0 0.0 0.0
0.0 0.0 0.0
0.0 0.0 0.0
0.0 0.0 0.0
0.0 0.0 0.0
0.0 0.0 0.0
0.0 0.0 0.0
0.0 0.0 0.0
0.0 0.0 0.0
0.0 0.0 0.0
0.0 0.0 0.0
0.0 0.0 0.0
0.0 0.0 0.0
0.0 0.0 0.0
0.0 0.0 0.0
0.0 0.0 0.0
0.0 0.0 0.0
0.0 0.0 0.0
0.0 0.0 0.0
0.0 0.0 0.0
0.0 0.0 0.0
0.0 0.0 0.0
0.0 0.0 0.0
0.0 0.0 0.0
0.0 0.0 0.0
0.0 0.0 0.0
0.0 0.0 0.0
0.0 0.0 0.0
0.0 0.0 0.0
0.0 0.0 0.0
0.0 0.0 0.0
0.0 0.0 0.0
0.0 0.0 0.0
0.0 0.0 0.0
0.0 0.0 0.0
0.0 0.0 0.0
0.0 0.0 0.0
0.0 0.0 0.0
0.0 0.0 0.0
0.0 0.0 0.0
0.0 0.0 0.0
0.0 0.0 0.0
0.0 0.0 0.0
0.0 0.0 0.0
0.0 0.0 0.0
0.0 0.0 0.0
0.0 0.0 0.0
0.0 0.0 0.0
0.0 0.0 0.0
0.0 0.0 0.0
0.0 0.0 0.0
0.0 0.0 0.0
0.0 0.0 0.0
0.0 0.0 0.0
0.0 0.0 0.0
0.0 0.0 0.0
0.0 0.0 0.0
0.0 0.0 0.0
0.0 0.0 0.0
0.0 0.0 0.0
0.0 0.0 0.0
0.0 0.0 0.0
0.0 0.0 0.0
0.0 0.0 0.0
0.0 0.0 0.0
0.0 0.0 0.0
0.0 0.0 0.0
0.0 0.0 0.0
0.0 0.0 0.0
0.0 0.0 0.0
0.0 0.0 0.0
0.0 0.0 0.0
0.0 0.0 0.0
0.0 0.0 0.0
0.0 0.0 0.0
0.0 0.0 0.0
0.0 0.0 0.0
0.0 0.0 0.0
0.0 0.0 0.0
0.0 0.0 0.0
0.0 0.0 0.0
0.0 0.0 0.0
0.0 0.0 0.0
0.0 0.0 0.0
0.0 0.0 0.0
0.0 0.0 0.0
0.0 0.0 0.0
0.0 0.0 0.0
0.0 0.0 0.0
0.0 0.0 0.0
0.0 0.0 0.0
0.0 0.0 0.0
0.0 0.0 0.0
0.0 0.0 0.0
0.0 0.0 0.0
0.0 0.0 0.0
0.0 0.0 0.0
0.0 0.0 0.0
0.0 0.0 0.0
0.0 0.0 0.0
0.0 0.0 0.0
0.0 0.0 0.0
0.0 0.0 0.0
0.0 0.0 0.0
0.0 0.0 0.0
0.0 0.0 0.0
0.0 0.0 0.0
0.0 0.0 0.0
0.0 0.0 0.0
0.0 0.0 0.0
0.0 0.0 0.0
0.0 0.0 0.0
0.0 0.0 0.0
0.0 0.0 0.0
0.0 0.0 0.0
0.0 0.0 0.0
-20.7503719329834 35.85736846923828 -1.6372082233428955
0.0 0.0 0.0
0.0 0.0 0.0
0.0 0.0 0.0
0.0 0.0 0.0
0.0 0.0 0.0
0.0 0.0 0.0
0.0 0.0 0.0
0.0 0.0 0.0
0.0 0.0 0.0
0.0 0.0 0.0
0.0 0.0 0.0
0.0 0.0 0.0
0.0 0.0 0.0
0.0 0.0 0.0
0.0 0.0 0.0
0.0 0.0 0.0
0.0 0.0 0.0
0.0 0.0 0.0
-13.99472713470459 33.87995147705078 -1.8482073545455933
0.0 0.0 0.0
0.0 0.0 0.0
0.0 0.0 0.0
0.0 0.0 0.0
0.0 0.0 0.0
0.0 0.0 0.0
0.0 0.0 0.0
0.0 0.0 0.0
0.0 0.0 0.0
0.0 0.0 0.0
0.0 0.0 0.0
0.0 0.0 0.0
0.0 0.0 0.0
0.0 0.0 0.0
0.0 0.0 0.0
0.0 0.0 0.0
0.0 0.0 0.0
0.0 0.0 0.0
-8.989304542541504 33.94219970703125 -2.044603109359741
0.0 0.0 0.0
0.0 0.0 0.0
0.0 0.0 0.0
0.0 0.0 0.0
-7.686921119689941 33.74567413330078 -2.0687406063079834
0.0 0.0 0.0
0.0 0.0 0.0
0.0 0.0 0.0
0.0 0.0 0.0
-6.43646764755249 33.63835906982422 -2.0929696559906006
0.0 0.0 0.0
0.0 0.0 0.0
0.0 0.0 0.0
0.0 0.0 0.0
-5.227585315704346 33.64762496948242 -2.1194539070129395
0.0 0.0 0.0
-4.754337310791016 33.68539047241211 -2.131211996078491
0.0 0.0 0.0
0.0 0.0 0.0
0.0 0.0 0.0
-3.795341968536377 33.67203140258789 -2.145765542984009
0.0 0.0 0.0
0.0 0.0 0.0
0.0 0.0 0.0
0.0 0.0 0.0
0.0 0.0 0.0
0.0 0.0 0.0
0.0 0.0 0.0
0.0 0.0 0.0
-1.7023115158081055 34.37101364135742 -2.2153213024139404
0.0 0.0 0.0
-1.2090506553649902 34.09123992919922 -2.2008299827575684
0.0 0.0 0.0
0.0 0.0 0.0
-0.4980809688568115 34.17500686645508 -2.209796190261841
-0.2541743516921997 33.90476608276367 -2.192986011505127
0.0 0.0 0.0
0.21877340972423553 34.068626403808594 -2.205219268798828
0.0 0.0 0.0
0.0 0.0 0.0
0.0 0.0 0.0
1.1809641122817993 34.35318374633789 -2.2234153747558594
0.0 0.0 0.0
1.6719011068344116 34.602176666259766 -2.2393128871917725
0.0 0.0 0.0
0.0 0.0 0.0
0.0 0.0 0.0
0.0 0.0 0.0
0.0 0.0 0.0
0.0 0.0 0.0
0.0 0.0 0.0
3.6454222202301025 34.87495803833008 -2.244385004043579
0.0 0.0 0.0
0.0 0.0 0.0
4.363087177276611 34.718605041503906 -2.227290630340576
4.645576477050781 34.99690246582031 -2.2419090270996094
0.0 0.0 0.0
0.0 0.0 0.0
0.0 0.0 0.0
0.0 0.0 0.0
5.938398361206055 35.2574462890625 -2.241107940673828
6.217563629150391 35.40765380859375 -2.2464511394500732
0.0 0.0 0.0
6.753311634063721 35.52458953857422 -2.2456698417663574
7.00968599319458 35.52705001831055 -2.2410168647766113
7.263166427612305 35.50844955444336 -2.234708547592163
0.0 0.0 0.0
0.0 0.0 0.0
0.0 0.0 0.0
0.0 0.0 0.0
0.0 0.0 0.0
0.0 0.0 0.0
9.230859756469727 36.04750061035156 -2.2292070388793945
0.0 0.0 0.0
0.0 0.0 0.0
0.0 0.0 0.0
0.0 0.0 0.0
0.0 0.0 0.0
0.0 0.0 0.0
0.0 0.0 0.0
0.0 0.0 0.0
0.0 0.0 0.0
0.0 0.0 0.0
0.0 0.0 0.0
0.0 0.0 0.0
0.0 0.0 0.0
0.0 0.0 0.0
0.0 0.0 0.0
0.0 0.0 0.0
0.0 0.0 0.0
0.0 0.0 0.0
0.0 0.0 0.0
0.0 0.0 0.0
0.0 0.0 0.0
0.0 0.0 0.0
0.0 0.0 0.0
0.0 0.0 0.0
0.0 0.0 0.0
0.0 0.0 0.0
0.0 0.0 0.0
0.0 0.0 0.0
0.0 0.0 0.0
0.0 0.0 0.0
0.0 0.0 0.0
0.0 0.0 0.0
0.0 0.0 0.0
0.0 0.0 0.0
0.0 0.0 0.0
0.0 0.0 0.0
0.0 0.0 0.0
0.0 0.0 0.0
0.0 0.0 0.0
0.0 0.0 0.0
0.0 0.0 0.0
0.0 0.0 0.0
0.0 0.0 0.0
0.0 0.0 0.0
0.0 0.0 0.0
0.0 0.0 0.0
0.0 0.0 0.0
0.0 0.0 0.0
0.0 0.0 0.0
0.0 0.0 0.0
0.0 0.0 0.0
0.0 0.0 0.0
0.0 0.0 0.0
0.0 0.0 0.0
0.0 0.0 0.0
0.0 0.0 0.0
0.0 0.0 0.0
0.0 0.0 0.0
0.0 0.0 0.0
0.0 0.0 0.0
0.0 0.0 0.0
0.0 0.0 0.0
0.0 0.0 0.0
0.0 0.0 0.0
0.0 0.0 0.0
0.0 0.0 0.0
0.0 0.0 0.0
0.0 0.0 0.0
0.0 0.0 0.0
0.0 0.0 0.0
0.0 0.0 0.0
0.0 0.0 0.0
0.0 0.0 0.0
0.0 0.0 0.0
0.0 0.0 0.0
0.0 0.0 0.0
0.0 0.0 0.0
0.0 0.0 0.0
0.0 0.0 0.0
0.0 0.0 0.0
0.0 0.0 0.0
0.0 0.0 0.0
0.0 0.0 0.0
0.0 0.0 0.0
0.0 0.0 0.0
0.0 0.0 0.0
0.0 0.0 0.0
0.0 0.0 0.0
0.0 0.0 0.0
0.0 0.0 0.0
0.0 0.0 0.0
0.0 0.0 0.0
0.0 0.0 0.0
0.0 0.0 0.0
0.0 0.0 0.0
0.0 0.0 0.0
0.0 0.0 0.0
0.0 0.0 0.0
0.0 0.0 0.0
0.0 0.0 0.0
0.0 0.0 0.0
0.0 0.0 0.0
0.0 0.0 0.0
0.0 0.0 0.0
0.0 0.0 0.0
0.0 0.0 0.0
0.0 0.0 0.0
0.0 0.0 0.0
0.0 0.0 0.0
0.0 0.0 0.0
0.0 0.0 0.0
0.0 0.0 0.0
0.0 0.0 0.0
0.0 0.0 0.0
0.0 0.0 0.0
0.0 0.0 0.0
0.0 0.0 0.0
0.0 0.0 0.0
0.0 0.0 0.0
0.0 0.0 0.0
0.0 0.0 0.0
0.0 0.0 0.0
0.0 0.0 0.0
0.0 0.0 0.0
0.0 0.0 0.0
0.0 0.0 0.0
0.0 0.0 0.0
0.0 0.0 0.0
0.0 0.0 0.0
0.0 0.0 0.0
0.0 0.0 0.0
0.0 0.0 0.0
0.0 0.0 0.0
0.0 0.0 0.0
0.0 0.0 0.0
0.0 0.0 0.0
0.0 0.0 0.0
0.0 0.0 0.0
0.0 0.0 0.0
0.0 0.0 0.0
0.0 0.0 0.0
0.0 0.0 0.0
0.0 0.0 0.0
0.0 0.0 0.0
0.0 0.0 0.0
0.0 0.0 0.0
0.0 0.0 0.0
0.0 0.0 0.0
0.0 0.0 0.0
0.0 0.0 0.0
0.0 0.0 0.0
0.0 0.0 0.0
0.0 0.0 0.0
0.0 0.0 0.0
0.0 0.0 0.0
0.0 0.0 0.0
0.0 0.0 0.0
0.0 0.0 0.0
0.0 0.0 0.0
0.0 0.0 0.0
0.0 0.0 0.0
0.0 0.0 0.0
0.0 0.0 0.0
0.0 0.0 0.0
0.0 0.0 0.0
0.0 0.0 0.0
0.0 0.0 0.0
0.0 0.0 0.0
0.0 0.0 0.0
0.0 0.0 0.0
0.0 0.0 0.0
0.0 0.0 0.0
0.0 0.0 0.0
0.0 0.0 0.0
0.0 0.0 0.0
0.0 0.0 0.0
0.0 0.0 0.0
0.0 0.0 0.0
0.0 0.0 0.0
0.0 0.0 0.0
0.0 0.0 0.0
0.0 0.0 0.0
0.0 0.0 0.0
0.0 0.0 0.0
0.0 0.0 0.0
0.0 0.0 0.0
0.0 0.0 0.0
0.0 0.0 0.0
0.0 0.0 0.0
0.0 0.0 0.0
0.0 0.0 0.0
0.0 0.0 0.0
0.0 0.0 0.0
0.0 0.0 0.0
0.0 0.0 0.0
0.0 0.0 0.0
0.0 0.0 0.0
0.0 0.0 0.0
0.0 0.0 0.0
0.0 0.0 0.0
0.0 0.0 0.0
0.0 0.0 0.0
0.0 0.0 0.0
0.0 0.0 0.0
0.0 0.0 0.0
0.0 0.0 0.0
0.0 0.0 0.0
0.0 0.0 0.0
0.0 0.0 0.0
0.0 0.0 0.0
0.0 0.0 0.0
0.0 0.0 0.0
0.0 0.0 0.0
0.0 0.0 0.0
0.0 0.0 0.0
0.0 0.0 0.0
0.0 0.0 0.0
0.0 0.0 0.0
0.0 0.0 0.0
0.0 0.0 0.0
0.0 0.0 0.0
0.0 0.0 0.0
0.0 0.0 0.0
0.0 0.0 0.0
0.0 0.0 0.0
0.0 0.0 0.0
0.0 0.0 0.0
0.0 0.0 0.0
0.0 0.0 0.0
0.0 0.0 0.0
0.0 0.0 0.0
0.0 0.0 0.0
0.0 0.0 0.0
0.0 0.0 0.0
0.0 0.0 0.0
0.0 0.0 0.0
0.0 0.0 0.0
0.0 0.0 0.0
0.0 0.0 0.0
0.0 0.0 0.0
0.0 0.0 0.0
0.0 0.0 0.0
0.0 0.0 0.0
0.0 0.0 0.0
0.0 0.0 0.0
0.0 0.0 0.0
0.0 0.0 0.0
0.0 0.0 0.0
0.0 0.0 0.0
0.0 0.0 0.0
0.0 0.0 0.0
0.0 0.0 0.0
0.0 0.0 0.0
0.0 0.0 0.0
0.0 0.0 0.0
0.0 0.0 0.0
0.0 0.0 0.0
0.0 0.0 0.0
0.0 0.0 0.0
0.0 0.0 0.0
0.0 0.0 0.0
0.0 0.0 0.0
0.0 0.0 0.0
0.0 0.0 0.0
0.0 0.0 0.0
0.0 0.0 0.0
0.0 0.0 0.0
0.0 0.0 0.0
0.0 0.0 0.0
0.0 0.0 0.0
0.0 0.0 0.0
0.0 0.0 0.0
0.0 0.0 0.0
0.0 0.0 0.0
0.0 0.0 0.0
0.0 0.0 0.0
0.0 0.0 0.0
0.0 0.0 0.0
0.0 0.0 0.0
0.0 0.0 0.0
0.0 0.0 0.0
0.0 0.0 0.0
0.0 0.0 0.0
0.0 0.0 0.0
0.0 0.0 0.0
0.0 0.0 0.0
0.0 0.0 0.0
0.0 0.0 0.0
0.0 0.0 0.0
0.0 0.0 0.0
0.0 0.0 0.0
0.0 0.0 0.0
0.0 0.0 0.0
0.0 0.0 0.0
0.0 0.0 0.0
0.0 0.0 0.0
0.0 0.0 0.0
-6.6363525390625 34.029945373535156 -2.031559467315674
0.0 0.0 0.0
-6.12760591506958 33.926116943359375 -2.036674737930298
0.0 0.0 0.0
0.0 0.0 0.0
0.0 0.0 0.0
0.0 0.0 0.0
0.0 0.0 0.0
-4.710973262786865 34.22796630859375 -2.0814626216888428
-4.463473320007324 34.22145462036133 -2.0847201347351074
0.0 0.0 0.0
0.0 0.0 0.0
0.0 0.0 0.0
0.0 0.0 0.0
0.0 0.0 0.0
-2.9994046688079834 34.06974792480469 -2.0949299335479736
0.0 0.0 0.0
0.0 0.0 0.0
0.0 0.0 0.0
0.0 0.0 0.0
0.0 0.0 0.0
0.0 0.0 0.0
0.0 0.0 0.0
0.0 0.0 0.0
0.0 0.0 0.0
0.0 0.0 0.0
0.0 0.0 0.0
0.0 0.0 0.0
0.0 0.0 0.0
0.0 0.0 0.0
0.5846718549728394 34.56135177612305 -2.145406484603882
0.0 0.0 0.0
0.0 0.0 0.0
1.316381573677063 34.81829833984375 -2.1615071296691895
0.0 0.0 0.0
0.0 0.0 0.0
0.0 0.0 0.0
0.0 0.0 0.0
0.0 0.0 0.0
2.7912120819091797 34.97443389892578 -2.1645545959472656
0.0 0.0 0.0
0.0 0.0 0.0
0.0 0.0 0.0
0.0 0.0 0.0
0.0 0.0 0.0
0.0 0.0 0.0
0.0 0.0 0.0
0.0 0.0 0.0
0.0 0.0 0.0
5.3757829666137695 35.71510314941406 -2.1873884201049805
0.0 0.0 0.0
0.0 0.0 0.0
0.0 0.0 0.0
0.0 0.0 0.0
0.0 0.0 0.0
0.0 0.0 0.0
0.0 0.0 0.0
0.0 0.0 0.0
0.0 0.0 0.0
0.0 0.0 0.0
0.0 0.0 0.0
0.0 0.0 0.0
0.0 0.0 0.0
0.0 0.0 0.0
9.581866264343262 36.89301300048828 -2.186790943145752
9.775960922241211 36.592464447021484 -2.1623926162719727
0.0 0.0 0.0
0.0 0.0 0.0
0.0 0.0 0.0
0.0 0.0 0.0
0.0 0.0 0.0
0.0 0.0 0.0
0.0 0.0 0.0
0.0 0.0 0.0
0.0 0.0 0.0
0.0 0.0 0.0
0.0 0.0 0.0
0.0 0.0 0.0
0.0 0.0 0.0
0.0 0.0 0.0
0.0 0.0 0.0
0.0 0.0 0.0
0.0 0.0 0.0
0.0 0.0 0.0
0.0 0.0 0.0
0.0 0.0 0.0
0.0 0.0 0.0
0.0 0.0 0.0
0.0 0.0 0.0
0.0 0.0 0.0
0.0 0.0 0.0
0.0 0.0 0.0
0.0 0.0 0.0
0.0 0.0 0.0
0.0 0.0 0.0
0.0 0.0 0.0
0.0 0.0 0.0
0.0 0.0 0.0
0.0 0.0 0.0
0.0 0.0 0.0
0.0 0.0 0.0
0.0 0.0 0.0
0.0 0.0 0.0
0.0 0.0 0.0
0.0 0.0 0.0
0.0 0.0 0.0
0.0 0.0 0.0
0.0 0.0 0.0
0.0 0.0 0.0
0.0 0.0 0.0
0.0 0.0 0.0
0.0 0.0 0.0
0.0 0.0 0.0
0.0 0.0 0.0
0.0 0.0 0.0
0.0 0.0 0.0
0.0 0.0 0.0
0.0 0.0 0.0
0.0 0.0 0.0
0.0 0.0 0.0
0.0 0.0 0.0
0.0 0.0 0.0
0.0 0.0 0.0
0.0 0.0 0.0
0.0 0.0 0.0
0.0 0.0 0.0
0.0 0.0 0.0
0.0 0.0 0.0
0.0 0.0 0.0
0.0 0.0 0.0
0.0 0.0 0.0
0.0 0.0 0.0
0.0 0.0 0.0
0.0 0.0 0.0
0.0 0.0 0.0
0.0 0.0 0.0
0.0 0.0 0.0
0.0 0.0 0.0
0.0 0.0 0.0
0.0 0.0 0.0
0.0 0.0 0.0
0.0 0.0 0.0
0.0 0.0 0.0
0.0 0.0 0.0
0.0 0.0 0.0
0.0 0.0 0.0
0.0 0.0 0.0
0.0 0.0 0.0
0.0 0.0 0.0
0.0 0.0 0.0
0.0 0.0 0.0
0.0 0.0 0.0
0.0 0.0 0.0
0.0 0.0 0.0
0.0 0.0 0.0
0.0 0.0 0.0
0.0 0.0 0.0
0.0 0.0 0.0
0.0 0.0 0.0
0.0 0.0 0.0
0.0 0.0 0.0
0.0 0.0 0.0
0.0 0.0 0.0
0.0 0.0 0.0
0.0 0.0 0.0
0.0 0.0 0.0
0.0 0.0 0.0
0.0 0.0 0.0
0.0 0.0 0.0
0.0 0.0 0.0
0.0 0.0 0.0
0.0 0.0 0.0
0.0 0.0 0.0
0.0 0.0 0.0
0.0 0.0 0.0
0.0 0.0 0.0
0.0 0.0 0.0
0.0 0.0 0.0
0.0 0.0 0.0
0.0 0.0 0.0
0.0 0.0 0.0
0.0 0.0 0.0
0.0 0.0 0.0
0.0 0.0 0.0
0.0 0.0 0.0
0.0 0.0 0.0
0.0 0.0 0.0
0.0 0.0 0.0
0.0 0.0 0.0
0.0 0.0 0.0
0.0 0.0 0.0
0.0 0.0 0.0
0.0 0.0 0.0
0.0 0.0 0.0
0.0 0.0 0.0
0.0 0.0 0.0
0.0 0.0 0.0
0.0 0.0 0.0
0.0 0.0 0.0
0.0 0.0 0.0
0.0 0.0 0.0
0.0 0.0 0.0
0.0 0.0 0.0
0.0 0.0 0.0
0.0 0.0 0.0
0.0 0.0 0.0
0.0 0.0 0.0
0.0 0.0 0.0
0.0 0.0 0.0
0.0 0.0 0.0
0.0 0.0 0.0
0.0 0.0 0.0
0.0 0.0 0.0
0.0 0.0 0.0
0.0 0.0 0.0
0.0 0.0 0.0
0.0 0.0 0.0
0.0 0.0 0.0
0.0 0.0 0.0
0.0 0.0 0.0
0.0 0.0 0.0
0.0 0.0 0.0
0.0 0.0 0.0
0.0 0.0 0.0
0.0 0.0 0.0
0.0 0.0 0.0
0.0 0.0 0.0
0.0 0.0 0.0
0.0 0.0 0.0
0.0 0.0 0.0
0.0 0.0 0.0
0.0 0.0 0.0
0.0 0.0 0.0
0.0 0.0 0.0
0.0 0.0 0.0
0.0 0.0 0.0
0.0 0.0 0.0
0.0 0.0 0.0
0.0 0.0 0.0
0.0 0.0 0.0
0.0 0.0 0.0
0.0 0.0 0.0
0.0 0.0 0.0
0.0 0.0 0.0
0.0 0.0 0.0
0.0 0.0 0.0
0.0 0.0 0.0
0.0 0.0 0.0
0.0 0.0 0.0
0.0 0.0 0.0
0.0 0.0 0.0
0.0 0.0 0.0
0.0 0.0 0.0
0.0 0.0 0.0
0.0 0.0 0.0
0.0 0.0 0.0
0.0 0.0 0.0
0.0 0.0 0.0
0.0 0.0 0.0
0.0 0.0 0.0
0.0 0.0 0.0
0.0 0.0 0.0
0.0 0.0 0.0
0.0 0.0 0.0
0.0 0.0 0.0
0.0 0.0 0.0
0.0 0.0 0.0
0.0 0.0 0.0
0.0 0.0 0.0
0.0 0.0 0.0
0.0 0.0 0.0
0.0 0.0 0.0
0.0 0.0 0.0
0.0 0.0 0.0
0.0 0.0 0.0
0.0 0.0 0.0
0.0 0.0 0.0
0.0 0.0 0.0
0.0 0.0 0.0
0.0 0.0 0.0
0.0 0.0 0.0
0.0 0.0 0.0
0.0 0.0 0.0
0.0 0.0 0.0
0.0 0.0 0.0
0.0 0.0 0.0
0.0 0.0 0.0
0.0 0.0 0.0
0.0 0.0 0.0
0.0 0.0 0.0
0.0 0.0 0.0
0.0 0.0 0.0
0.0 0.0 0.0
0.0 0.0 0.0
0.0 0.0 0.0
0.0 0.0 0.0
0.0 0.0 0.0
0.0 0.0 0.0
0.0 0.0 0.0
0.0 0.0 0.0
0.0 0.0 0.0
0.0 0.0 0.0
0.0 0.0 0.0
0.0 0.0 0.0
0.0 0.0 0.0
0.0 0.0 0.0
0.0 0.0 0.0
0.0 0.0 0.0
0.0 0.0 0.0
0.0 0.0 0.0
0.0 0.0 0.0
0.0 0.0 0.0
0.0 0.0 0.0
0.0 0.0 0.0
0.0 0.0 0.0
0.0 0.0 0.0
0.0 0.0 0.0
0.0 0.0 0.0
0.0 0.0 0.0
0.0 0.0 0.0
0.0 0.0 0.0
0.0 0.0 0.0
0.0 0.0 0.0
0.0 0.0 0.0
0.0 0.0 0.0
0.0 0.0 0.0
0.0 0.0 0.0
0.0 0.0 0.0
0.0 0.0 0.0
0.0 0.0 0.0
0.0 0.0 0.0
0.0 0.0 0.0
0.0 0.0 0.0
0.0 0.0 0.0
0.0 0.0 0.0
0.0 0.0 0.0
0.0 0.0 0.0
0.0 0.0 0.0
0.0 0.0 0.0
0.0 0.0 0.0
0.0 0.0 0.0
0.0 0.0 0.0
0.0 0.0 0.0
0.0 0.0 0.0
0.0 0.0 0.0
0.0 0.0 0.0
0.0 0.0 0.0
0.0 0.0 0.0
0.0 0.0 0.0
0.0 0.0 0.0
0.0 0.0 0.0
0.0 0.0 0.0
0.0 0.0 0.0
0.0 0.0 0.0
0.0 0.0 0.0
0.0 0.0 0.0
0.0 0.0 0.0
0.0 0.0 0.0
0.0 0.0 0.0
0.0 0.0 0.0
0.0 0.0 0.0
0.0 0.0 0.0
0.0 0.0 0.0
0.0 0.0 0.0
0.0 0.0 0.0
0.0 0.0 0.0
-5.8533735275268555 34.481563568115234 -1.987012267112732
0.0 0.0 0.0
0.0 0.0 0.0
0.0 0.0 0.0
0.0 0.0 0.0
0.0 0.0 0.0
0.0 0.0 0.0
0.0 0.0 0.0
0.0 0.0 0.0
0.0 0.0 0.0
0.0 0.0 0.0
0.0 0.0 0.0
0.0 0.0 0.0
0.0 0.0 0.0
0.0 0.0 0.0
0.0 0.0 0.0
0.0 0.0 0.0
0.0 0.0 0.0
0.0 0.0 0.0
-1.2350194454193115 34.827205657958984 -2.0638434886932373
0.0 0.0 0.0
0.0 0.0 0.0
0.0 0.0 0.0
0.0 0.0 0.0
0.0 0.0 0.0
0.0 0.0 0.0
0.4672529697418213 34.90797424316406 -2.074087142944336
0.7214840054512024 35.46915817260742 -2.1078739166259766
0.0 0.0 0.0
0.0 0.0 0.0
0.0 0.0 0.0
0.0 0.0 0.0
0.0 0.0 0.0
0.0 0.0 0.0
0.0 0.0 0.0
0.0 0.0 0.0
0.0 0.0 0.0
3.2175960540771484 35.60142517089844 -2.107403516769409
3.4691922664642334 35.61713409423828 -2.106907367706299
3.7310447692871094 35.688865661621094 -2.109443187713623
0.0 0.0 0.0
0.0 0.0 0.0
0.0 0.0 0.0
0.0 0.0 0.0
0.0 0.0 0.0
0.0 0.0 0.0
0.0 0.0 0.0
0.0 0.0 0.0
0.0 0.0 0.0
0.0 0.0 0.0
0.0 0.0 0.0
0.0 0.0 0.0
0.0 0.0 0.0
0.0 0.0 0.0
0.0 0.0 0.0
0.0 0.0 0.0
0.0 0.0 0.0
0.0 0.0 0.0
0.0 0.0 0.0
0.0 0.0 0.0
9.419015884399414 36.782814025878906 -2.094233989715576
0.0 0.0 0.0
10.026586532592773 37.002952575683594 -2.095031976699829
0.0 0.0 0.0
0.0 0.0 0.0
0.0 0.0 0.0
0.0 0.0 0.0
0.0 0.0 0.0
0.0 0.0 0.0
0.0 0.0 0.0
0.0 0.0 0.0
0.0 0.0 0.0
0.0 0.0 0.0
0.0 0.0 0.0
0.0 0.0 0.0
0.0 0.0 0.0
0.0 0.0 0.0
0.0 0.0 0.0
0.0 0.0 0.0
0.0 0.0 0.0
0.0 0.0 0.0
0.0 0.0 0.0
0.0 0.0 0.0
0.0 0.0 0.0
0.0 0.0 0.0
0.0 0.0 0.0
0.0 0.0 0.0
0.0 0.0 0.0
0.0 0.0 0.0
0.0 0.0 0.0
0.0 0.0 0.0
0.0 0.0 0.0
0.0 0.0 0.0
0.0 0.0 0.0
0.0 0.0 0.0
0.0 0.0 0.0
0.0 0.0 0.0
0.0 0.0 0.0
0.0 0.0 0.0
0.0 0.0 0.0
0.0 0.0 0.0
0.0 0.0 0.0
0.0 0.0 0.0
0.0 0.0 0.0
0.0 0.0 0.0
0.0 0.0 0.0
0.0 0.0 0.0
0.0 0.0 0.0
0.0 0.0 0.0
0.0 0.0 0.0
0.0 0.0 0.0
0.0 0.0 0.0
0.0 0.0 0.0
0.0 0.0 0.0
0.0 0.0 0.0
0.0 0.0 0.0
0.0 0.0 0.0
0.0 0.0 0.0
0.0 0.0 0.0
0.0 0.0 0.0
0.0 0.0 0.0
0.0 0.0 0.0
0.0 0.0 0.0
0.0 0.0 0.0
0.0 0.0 0.0
0.0 0.0 0.0
0.0 0.0 0.0
0.0 0.0 0.0
0.0 0.0 0.0
0.0 0.0 0.0
0.0 0.0 0.0
0.0 0.0 0.0
0.0 0.0 0.0
0.0 0.0 0.0
0.0 0.0 0.0
0.0 0.0 0.0
0.0 0.0 0.0
0.0 0.0 0.0
0.0 0.0 0.0
0.0 0.0 0.0
0.0 0.0 0.0
0.0 0.0 0.0
0.0 0.0 0.0
0.0 0.0 0.0
0.0 0.0 0.0
0.0 0.0 0.0
0.0 0.0 0.0
0.0 0.0 0.0
0.0 0.0 0.0
0.0 0.0 0.0
0.0 0.0 0.0
0.0 0.0 0.0
0.0 0.0 0.0
0.0 0.0 0.0
0.0 0.0 0.0
0.0 0.0 0.0
0.0 0.0 0.0
0.0 0.0 0.0
0.0 0.0 0.0
0.0 0.0 0.0
0.0 0.0 0.0
0.0 0.0 0.0
0.0 0.0 0.0
0.0 0.0 0.0
0.0 0.0 0.0
0.0 0.0 0.0
0.0 0.0 0.0
0.0 0.0 0.0
0.0 0.0 0.0
0.0 0.0 0.0
0.0 0.0 0.0
0.0 0.0 0.0
0.0 0.0 0.0
0.0 0.0 0.0
0.0 0.0 0.0
0.0 0.0 0.0
0.0 0.0 0.0
0.0 0.0 0.0
0.0 0.0 0.0
0.0 0.0 0.0
0.0 0.0 0.0
0.0 0.0 0.0
0.0 0.0 0.0
0.0 0.0 0.0
0.0 0.0 0.0
0.0 0.0 0.0
0.0 0.0 0.0
0.0 0.0 0.0
0.0 0.0 0.0
0.0 0.0 0.0
0.0 0.0 0.0
0.0 0.0 0.0
0.0 0.0 0.0
0.0 0.0 0.0
0.0 0.0 0.0
0.0 0.0 0.0
0.0 0.0 0.0
0.0 0.0 0.0
0.0 0.0 0.0
0.0 0.0 0.0
0.0 0.0 0.0
0.0 0.0 0.0
0.0 0.0 0.0
0.0 0.0 0.0
0.0 0.0 0.0
0.0 0.0 0.0
0.0 0.0 0.0
0.0 0.0 0.0
0.0 0.0 0.0
0.0 0.0 0.0
0.0 0.0 0.0
0.0 0.0 0.0
0.0 0.0 0.0
0.0 0.0 0.0
0.0 0.0 0.0
0.0 0.0 0.0
0.0 0.0 0.0
0.0 0.0 0.0
0.0 0.0 0.0
0.0 0.0 0.0
0.0 0.0 0.0
0.0 0.0 0.0
0.0 0.0 0.0
0.0 0.0 0.0
0.0 0.0 0.0
0.0 0.0 0.0
0.0 0.0 0.0
0.0 0.0 0.0
0.0 0.0 0.0
0.0 0.0 0.0
0.0 0.0 0.0
0.0 0.0 0.0
0.0 0.0 0.0
0.0 0.0 0.0
0.0 0.0 0.0
0.0 0.0 0.0
0.0 0.0 0.0
0.0 0.0 0.0
0.0 0.0 0.0
0.0 0.0 0.0
0.0 0.0 0.0
0.0 0.0 0.0
0.0 0.0 0.0
0.0 0.0 0.0
0.0 0.0 0.0
0.0 0.0 0.0
0.0 0.0 0.0
0.0 0.0 0.0
0.0 0.0 0.0
0.0 0.0 0.0
0.0 0.0 0.0
0.0 0.0 0.0
0.0 0.0 0.0
0.0 0.0 0.0
0.0 0.0 0.0
0.0 0.0 0.0
0.0 0.0 0.0
0.0 0.0 0.0
0.0 0.0 0.0
0.0 0.0 0.0
0.0 0.0 0.0
0.0 0.0 0.0
0.0 0.0 0.0
0.0 0.0 0.0
0.0 0.0 0.0
0.0 0.0 0.0
0.0 0.0 0.0
0.0 0.0 0.0
0.0 0.0 0.0
0.0 0.0 0.0
0.0 0.0 0.0
0.0 0.0 0.0
0.0 0.0 0.0
0.0 0.0 0.0
0.0 0.0 0.0
0.0 0.0 0.0
0.0 0.0 0.0
0.0 0.0 0.0
0.0 0.0 0.0
0.0 0.0 0.0
0.0 0.0 0.0
0.0 0.0 0.0
0.0 0.0 0.0
0.0 0.0 0.0
0.0 0.0 0.0
0.0 0.0 0.0
0.0 0.0 0.0
0.0 0.0 0.0
0.0 0.0 0.0
0.0 0.0 0.0
0.0 0.0 0.0
0.0 0.0 0.0
0.0 0.0 0.0
0.0 0.0 0.0
0.0 0.0 0.0
0.0 0.0 0.0
0.0 0.0 0.0
0.0 0.0 0.0
0.0 0.0 0.0
0.0 0.0 0.0
0.0 0.0 0.0
0.0 0.0 0.0
0.0 0.0 0.0
0.0 0.0 0.0
0.0 0.0 0.0
0.0 0.0 0.0
0.0 0.0 0.0
0.0 0.0 0.0
0.0 0.0 0.0
0.0 0.0 0.0
0.0 0.0 0.0
0.0 0.0 0.0
0.0 0.0 0.0
0.0 0.0 0.0
0.0 0.0 0.0
0.0 0.0 0.0
0.0 0.0 0.0
0.0 0.0 0.0
0.0 0.0 0.0
0.0 0.0 0.0
0.0 0.0 0.0
0.0 0.0 0.0
0.0 0.0 0.0
0.0 0.0 0.0
0.0 0.0 0.0
0.0 0.0 0.0
0.0 0.0 0.0
0.0 0.0 0.0
0.0 0.0 0.0
0.0 0.0 0.0
0.0 0.0 0.0
0.0 0.0 0.0
0.0 0.0 0.0
0.0 0.0 0.0
0.0 0.0 0.0
0.0 0.0 0.0
0.0 0.0 0.0
0.0 0.0 0.0
0.0 0.0 0.0
0.0 0.0 0.0
0.0 0.0 0.0
0.0 0.0 0.0
0.0 0.0 0.0
0.0 0.0 0.0
0.0 0.0 0.0
0.0 0.0 0.0
0.0 0.0 0.0
0.0 0.0 0.0
0.0 0.0 0.0
0.0 0.0 0.0
0.0 0.0 0.0
0.0 0.0 0.0
-8.431053161621094 35.29326629638672 -1.8981444835662842
0.0 0.0 0.0
0.0 0.0 0.0
0.0 0.0 0.0
0.0 0.0 0.0
0.0 0.0 0.0
0.0 0.0 0.0
0.0 0.0 0.0
0.0 0.0 0.0
0.0 0.0 0.0
0.0 0.0 0.0
0.0 0.0 0.0
-5.362980842590332 35.32276153564453 -1.9592888355255127
-5.03121280670166 34.7644157409668 -1.9319897890090942
0.0 0.0 0.0
0.0 0.0 0.0
0.0 0.0 0.0
0.0 0.0 0.0
0.0 0.0 0.0
0.0 0.0 0.0
0.0 0.0 0.0
0.0 0.0 0.0
0.0 0.0 0.0
0.0 0.0 0.0
0.0 0.0 0.0
0.0 0.0 0.0
0.0 0.0 0.0
0.0 0.0 0.0
-1.3893142938613892 35.630714416503906 -2.0179295539855957
0.0 0.0 0.0
0.0 0.0 0.0
0.0 0.0 0.0
0.0 0.0 0.0
0.0 0.0 0.0
0.0 0.0 0.0
0.35055410861968994 35.59330749511719 -2.0207016468048096
0.0 0.0 0.0
0.0 0.0 0.0
0.0 0.0 0.0
0.0 0.0 0.0
0.0 0.0 0.0
0.0 0.0 0.0
0.0 0.0 0.0
0.0 0.0 0.0
0.0 0.0 0.0
0.0 0.0 0.0
3.146693229675293 36.192481994628906 -2.04843807220459
0.0 0.0 0.0
0.0 0.0 0.0
0.0 0.0 0.0
0.0 0.0 0.0
4.477648735046387 36.64244079589844 -2.063901901245117
0.0 0.0 0.0
0.0 0.0 0.0
0.0 0.0 0.0
0.0 0.0 0.0
0.0 0.0 0.0
0.0 0.0 0.0
0.0 0.0 0.0
0.0 0.0 0.0
0.0 0.0 0.0
0.0 0.0 0.0
0.0 0.0 0.0
0.0 0.0 0.0
0.0 0.0 0.0
0.0 0.0 0.0
0.0 0.0 0.0
0.0 0.0 0.0
0.0 0.0 0.0
0.0 0.0 0.0
0.0 0.0 0.0
10.024917602539062 37.521244049072266 -2.034255266189575
0.0 0.0 0.0
0.0 0.0 0.0
0.0 0.0 0.0
0.0 0.0 0.0
0.0 0.0 0.0
0.0 0.0 0.0
0.0 0.0 0.0
0.0 0.0 0.0
0.0 0.0 0.0
0.0 0.0 0.0
0.0 0.0 0.0
0.0 0.0 0.0
0.0 0.0 0.0
0.0 0.0 0.0
0.0 0.0 0.0
0.0 0.0 0.0
0.0 0.0 0.0
0.0 0.0 0.0
0.0 0.0 0.0
0.0 0.0 0.0
0.0 0.0 0.0
0.0 0.0 0.0
0.0 0.0 0.0
0.0 0.0 0.0
0.0 0.0 0.0
0.0 0.0 0.0
0.0 0.0 0.0
0.0 0.0 0.0
0.0 0.0 0.0
0.0 0.0 0.0
0.0 0.0 0.0
0.0 0.0 0.0
0.0 0.0 0.0
0.0 0.0 0.0
0.0 0.0 0.0
0.0 0.0 0.0
0.0 0.0 0.0
0.0 0.0 0.0
0.0 0.0 0.0
0.0 0.0 0.0
0.0 0.0 0.0
0.0 0.0 0.0
0.0 0.0 0.0
0.0 0.0 0.0
0.0 0.0 0.0
0.0 0.0 0.0
0.0 0.0 0.0
0.0 0.0 0.0
0.0 0.0 0.0
0.0 0.0 0.0
0.0 0.0 0.0
0.0 0.0 0.0
0.0 0.0 0.0
0.0 0.0 0.0
0.0 0.0 0.0
0.0 0.0 0.0
0.0 0.0 0.0
0.0 0.0 0.0
0.0 0.0 0.0
0.0 0.0 0.0
0.0 0.0 0.0
0.0 0.0 0.0
0.0 0.0 0.0
0.0 0.0 0.0
0.0 0.0 0.0
0.0 0.0 0.0
0.0 0.0 0.0
0.0 0.0 0.0
0.0 0.0 0.0
0.0 0.0 0.0
0.0 0.0 0.0
0.0 0.0 0.0
0.0 0.0 0.0
0.0 0.0 0.0
0.0 0.0 0.0
0.0 0.0 0.0
0.0 0.0 0.0
0.0 0.0 0.0
0.0 0.0 0.0
0.0 0.0 0.0
0.0 0.0 0.0
0.0 0.0 0.0
0.0 0.0 0.0
0.0 0.0 0.0
0.0 0.0 0.0
0.0 0.0 0.0
0.0 0.0 0.0
0.0 0.0 0.0
0.0 0.0 0.0
0.0 0.0 0.0
0.0 0.0 0.0
0.0 0.0 0.0
0.0 0.0 0.0
0.0 0.0 0.0
0.0 0.0 0.0
0.0 0.0 0.0
0.0 0.0 0.0
0.0 0.0 0.0
0.0 0.0 0.0
0.0 0.0 0.0
0.0 0.0 0.0
0.0 0.0 0.0
0.0 0.0 0.0
0.0 0.0 0.0
0.0 0.0 0.0
0.0 0.0 0.0
0.0 0.0 0.0
0.0 0.0 0.0
0.0 0.0 0.0
0.0 0.0 0.0
0.0 0.0 0.0
0.0 0.0 0.0
0.0 0.0 0.0
0.0 0.0 0.0
0.0 0.0 0.0
0.0 0.0 0.0
0.0 0.0 0.0
0.0 0.0 0.0
0.0 0.0 0.0
0.0 0.0 0.0
0.0 0.0 0.0
0.0 0.0 0.0
0.0 0.0 0.0
0.0 0.0 0.0
0.0 0.0 0.0
0.0 0.0 0.0
0.0 0.0 0.0
0.0 0.0 0.0
0.0 0.0 0.0
0.0 0.0 0.0
0.0 0.0 0.0
0.0 0.0 0.0
0.0 0.0 0.0
0.0 0.0 0.0
0.0 0.0 0.0
0.0 0.0 0.0
0.0 0.0 0.0
0.0 0.0 0.0
0.0 0.0 0.0
0.0 0.0 0.0
0.0 0.0 0.0
0.0 0.0 0.0
0.0 0.0 0.0
0.0 0.0 0.0
0.0 0.0 0.0
0.0 0.0 0.0
0.0 0.0 0.0
0.0 0.0 0.0
0.0 0.0 0.0
0.0 0.0 0.0
0.0 0.0 0.0
0.0 0.0 0.0
0.0 0.0 0.0
0.0 0.0 0.0
0.0 0.0 0.0
0.0 0.0 0.0
0.0 0.0 0.0
0.0 0.0 0.0
0.0 0.0 0.0
0.0 0.0 0.0
0.0 0.0 0.0
0.0 0.0 0.0
0.0 0.0 0.0
0.0 0.0 0.0
0.0 0.0 0.0
0.0 0.0 0.0
0.0 0.0 0.0
0.0 0.0 0.0
0.0 0.0 0.0
0.0 0.0 0.0
0.0 0.0 0.0
0.0 0.0 0.0
0.0 0.0 0.0
0.0 0.0 0.0
0.0 0.0 0.0
0.0 0.0 0.0
0.0 0.0 0.0
0.0 0.0 0.0
0.0 0.0 0.0
0.0 0.0 0.0
0.0 0.0 0.0
0.0 0.0 0.0
0.0 0.0 0.0
0.0 0.0 0.0
0.0 0.0 0.0
0.0 0.0 0.0
0.0 0.0 0.0
0.0 0.0 0.0
0.0 0.0 0.0
0.0 0.0 0.0
0.0 0.0 0.0
0.0 0.0 0.0
0.0 0.0 0.0
0.0 0.0 0.0
0.0 0.0 0.0
0.0 0.0 0.0
0.0 0.0 0.0
0.0 0.0 0.0
0.0 0.0 0.0
0.0 0.0 0.0
0.0 0.0 0.0
0.0 0.0 0.0
0.0 0.0 0.0
0.0 0.0 0.0
0.0 0.0 0.0
0.0 0.0 0.0
0.0 0.0 0.0
0.0 0.0 0.0
0.0 0.0 0.0
0.0 0.0 0.0
0.0 0.0 0.0
0.0 0.0 0.0
0.0 0.0 0.0
0.0 0.0 0.0
0.0 0.0 0.0
0.0 0.0 0.0
0.0 0.0 0.0
0.0 0.0 0.0
0.0 0.0 0.0
0.0 0.0 0.0
0.0 0.0 0.0
0.0 0.0 0.0
0.0 0.0 0.0
0.0 0.0 0.0
0.0 0.0 0.0
0.0 0.0 0.0
0.0 0.0 0.0
0.0 0.0 0.0
0.0 0.0 0.0
0.0 0.0 0.0
0.0 0.0 0.0
0.0 0.0 0.0
0.0 0.0 0.0
0.0 0.0 0.0
0.0 0.0 0.0
0.0 0.0 0.0
0.0 0.0 0.0
0.0 0.0 0.0
0.0 0.0 0.0
0.0 0.0 0.0
0.0 0.0 0.0
0.0 0.0 0.0
0.0 0.0 0.0
0.0 0.0 0.0
0.0 0.0 0.0
0.0 0.0 0.0
0.0 0.0 0.0
0.0 0.0 0.0
0.0 0.0 0.0
0.0 0.0 0.0
0.0 0.0 0.0
0.0 0.0 0.0
0.0 0.0 0.0
0.0 0.0 0.0
0.0 0.0 0.0
0.0 0.0 0.0
0.0 0.0 0.0
0.0 0.0 0.0
0.0 0.0 0.0
0.0 0.0 0.0
0.0 0.0 0.0
0.0 0.0 0.0
0.0 0.0 0.0
0.0 0.0 0.0
0.0 0.0 0.0
0.0 0.0 0.0
0.0 0.0 0.0
0.0 0.0 0.0
0.0 0.0 0.0
0.0 0.0 0.0
0.0 0.0 0.0
0.0 0.0 0.0
-13.51253890991211 35.4975471496582 -1.6793638467788696
0.0 0.0 0.0
0.0 0.0 0.0
0.0 0.0 0.0
0.0 0.0 0.0
0.0 0.0 0.0
0.0 0.0 0.0
0.0 0.0 0.0
0.0 0.0 0.0
0.0 0.0 0.0
0.0 0.0 0.0
0.0 0.0 0.0
0.0 0.0 0.0
0.0 0.0 0.0
0.0 0.0 0.0
0.0 0.0 0.0
0.0 0.0 0.0
0.0 0.0 0.0
0.0 0.0 0.0
0.0 0.0 0.0
0.0 0.0 0.0
0.0 0.0 0.0
0.0 0.0 0.0
0.0 0.0 0.0
0.0 0.0 0.0
0.0 0.0 0.0
-6.442726135253906 34.993717193603516 -1.8302505016326904
0.0 0.0 0.0
0.0 0.0 0.0
0.0 0.0 0.0
0.0 0.0 0.0
0.0 0.0 0.0
0.0 0.0 0.0
0.0 0.0 0.0
-4.505359649658203 35.497520446777344 -1.8874303102493286
0.0 0.0 0.0
0.0 0.0 0.0
0.0 0.0 0.0
0.0 0.0 0.0
0.0 0.0 0.0
0.0 0.0 0.0
0.0 0.0 0.0
0.0 0.0 0.0
0.0 0.0 0.0
0.0 0.0 0.0
-1.7644869089126587 35.64684295654297 -1.9217089414596558
0.0 0.0 0.0
0.0 0.0 0.0
0.0 0.0 0.0
0.0 0.0 0.0
0.0 0.0 0.0
0.0 0.0 0.0
-0.01885809749364853 36.161903381347656 -1.957382321357727
0.0 0.0 0.0
0.48728737235069275 36.38479232788086 -1.9711987972259521
0.0 0.0 0.0
0.9851540327072144 36.0665168762207 -1.9534788131713867
0.0 0.0 0.0
0.0 0.0 0.0
1.7509243488311768 36.22498321533203 -1.962058186531067
0.0 0.0 0.0
0.0 0.0 0.0
0.0 0.0 0.0
0.0 0.0 0.0
0.0 0.0 0.0
3.319462537765503 36.722774505615234 -1.9830518960952759
0.0 0.0 0.0
0.0 0.0 0.0
0.0 0.0 0.0
0.0 0.0 0.0
0.0 0.0 0.0
0.0 0.0 0.0
0.0 0.0 0.0
0.0 0.0 0.0
0.0 0.0 0.0
0.0 0.0 0.0
0.0 0.0 0.0
0.0 0.0 0.0
0.0 0.0 0.0
0.0 0.0 0.0
0.0 0.0 0.0
0.0 0.0 0.0
0.0 0.0 0.0
0.0 0.0 0.0
0.0 0.0 0.0
0.0 0.0 0.0
0.0 0.0 0.0
0.0 0.0 0.0
0.0 0.0 0.0
0.0 0.0 0.0
0.0 0.0 0.0
0.0 0.0 0.0
0.0 0.0 0.0
0.0 0.0 0.0
0.0 0.0 0.0
0.0 0.0 0.0
0.0 0.0 0.0
0.0 0.0 0.0
0.0 0.0 0.0
0.0 0.0 0.0
0.0 0.0 0.0
0.0 0.0 0.0
0.0 0.0 0.0
0.0 0.0 0.0
0.0 0.0 0.0
0.0 0.0 0.0
0.0 0.0 0.0
0.0 0.0 0.0
0.0 0.0 0.0
0.0 0.0 0.0
0.0 0.0 0.0
0.0 0.0 0.0
0.0 0.0 0.0
0.0 0.0 0.0
0.0 0.0 0.0
0.0 0.0 0.0
0.0 0.0 0.0
0.0 0.0 0.0
0.0 0.0 0.0
0.0 0.0 0.0
0.0 0.0 0.0
0.0 0.0 0.0
0.0 0.0 0.0
0.0 0.0 0.0
0.0 0.0 0.0
0.0 0.0 0.0
0.0 0.0 0.0
0.0 0.0 0.0
0.0 0.0 0.0
0.0 0.0 0.0
0.0 0.0 0.0
0.0 0.0 0.0
0.0 0.0 0.0
0.0 0.0 0.0
0.0 0.0 0.0
0.0 0.0 0.0
0.0 0.0 0.0
0.0 0.0 0.0
0.0 0.0 0.0
0.0 0.0 0.0
0.0 0.0 0.0
0.0 0.0 0.0
0.0 0.0 0.0
0.0 0.0 0.0
0.0 0.0 0.0
0.0 0.0 0.0
0.0 0.0 0.0
0.0 0.0 0.0
0.0 0.0 0.0
0.0 0.0 0.0
0.0 0.0 0.0
0.0 0.0 0.0
0.0 0.0 0.0
0.0 0.0 0.0
0.0 0.0 0.0
0.0 0.0 0.0
0.0 0.0 0.0
0.0 0.0 0.0
0.0 0.0 0.0
0.0 0.0 0.0
0.0 0.0 0.0
0.0 0.0 0.0
0.0 0.0 0.0
0.0 0.0 0.0
0.0 0.0 0.0
0.0 0.0 0.0
0.0 0.0 0.0
0.0 0.0 0.0
0.0 0.0 0.0
0.0 0.0 0.0
0.0 0.0 0.0
0.0 0.0 0.0
0.0 0.0 0.0
0.0 0.0 0.0
0.0 0.0 0.0
0.0 0.0 0.0
0.0 0.0 0.0
0.0 0.0 0.0
0.0 0.0 0.0
0.0 0.0 0.0
0.0 0.0 0.0
0.0 0.0 0.0
0.0 0.0 0.0
0.0 0.0 0.0
0.0 0.0 0.0
0.0 0.0 0.0
0.0 0.0 0.0
0.0 0.0 0.0
0.0 0.0 0.0
0.0 0.0 0.0
0.0 0.0 0.0
0.0 0.0 0.0
0.0 0.0 0.0
0.0 0.0 0.0
0.0 0.0 0.0
0.0 0.0 0.0
0.0 0.0 0.0
0.0 0.0 0.0
0.0 0.0 0.0
0.0 0.0 0.0
0.0 0.0 0.0
0.0 0.0 0.0
0.0 0.0 0.0
0.0 0.0 0.0
0.0 0.0 0.0
0.0 0.0 0.0
0.0 0.0 0.0
0.0 0.0 0.0
0.0 0.0 0.0
0.0 0.0 0.0
0.0 0.0 0.0
0.0 0.0 0.0
0.0 0.0 0.0
0.0 0.0 0.0
0.0 0.0 0.0
0.0 0.0 0.0
0.0 0.0 0.0
0.0 0.0 0.0
0.0 0.0 0.0
0.0 0.0 0.0
0.0 0.0 0.0
0.0 0.0 0.0
0.0 0.0 0.0
0.0 0.0 0.0
0.0 0.0 0.0
0.0 0.0 0.0
0.0 0.0 0.0
0.0 0.0 0.0
0.0 0.0 0.0
0.0 0.0 0.0
0.0 0.0 0.0
0.0 0.0 0.0
0.0 0.0 0.0
0.0 0.0 0.0
0.0 0.0 0.0
0.0 0.0 0.0
0.0 0.0 0.0
0.0 0.0 0.0
0.0 0.0 0.0
0.0 0.0 0.0
0.0 0.0 0.0
0.0 0.0 0.0
0.0 0.0 0.0
0.0 0.0 0.0
0.0 0.0 0.0
0.0 0.0 0.0
0.0 0.0 0.0
0.0 0.0 0.0
0.0 0.0 0.0
0.0 0.0 0.0
0.0 0.0 0.0
0.0 0.0 0.0
0.0 0.0 0.0
0.0 0.0 0.0
0.0 0.0 0.0
0.0 0.0 0.0
0.0 0.0 0.0
0.0 0.0 0.0
0.0 0.0 0.0
0.0 0.0 0.0
0.0 0.0 0.0
0.0 0.0 0.0
0.0 0.0 0.0
0.0 0.0 0.0
0.0 0.0 0.0
0.0 0.0 0.0
0.0 0.0 0.0
0.0 0.0 0.0
0.0 0.0 0.0
0.0 0.0 0.0
0.0 0.0 0.0
0.0 0.0 0.0
0.0 0.0 0.0
0.0 0.0 0.0
0.0 0.0 0.0
0.0 0.0 0.0
0.0 0.0 0.0
0.0 0.0 0.0
0.0 0.0 0.0
0.0 0.0 0.0
0.0 0.0 0.0
0.0 0.0 0.0
0.0 0.0 0.0
0.0 0.0 0.0
0.0 0.0 0.0
0.0 0.0 0.0
0.0 0.0 0.0
0.0 0.0 0.0
0.0 0.0 0.0
0.0 0.0 0.0
0.0 0.0 0.0
0.0 0.0 0.0
0.0 0.0 0.0
0.0 0.0 0.0
0.0 0.0 0.0
0.0 0.0 0.0
0.0 0.0 0.0
0.0 0.0 0.0
0.0 0.0 0.0
0.0 0.0 0.0
0.0 0.0 0.0
0.0 0.0 0.0
0.0 0.0 0.0
0.0 0.0 0.0
0.0 0.0 0.0
0.0 0.0 0.0
0.0 0.0 0.0
0.0 0.0 0.0
0.0 0.0 0.0
0.0 0.0 0.0
0.0 0.0 0.0
0.0 0.0 0.0
0.0 0.0 0.0
0.0 0.0 0.0
0.0 0.0 0.0
0.0 0.0 0.0
0.0 0.0 0.0
0.0 0.0 0.0
0.0 0.0 0.0
0.0 0.0 0.0
0.0 0.0 0.0
0.0 0.0 0.0
0.0 0.0 0.0
0.0 0.0 0.0
0.0 0.0 0.0
0.0 0.0 0.0
0.0 0.0 0.0
0.0 0.0 0.0
0.0 0.0 0.0
0.0 0.0 0.0
0.0 0.0 0.0
0.0 0.0 0.0
0.0 0.0 0.0
0.0 0.0 0.0
0.0 0.0 0.0
0.0 0.0 0.0
0.0 0.0 0.0
0.0 0.0 0.0
0.0 0.0 0.0
0.0 0.0 0.0
0.0 0.0 0.0
0.0 0.0 0.0
0.0 0.0 0.0
0.0 0.0 0.0
0.0 0.0 0.0
0.0 0.0 0.0
0.0 0.0 0.0
0.0 0.0 0.0
0.0 0.0 0.0
0.0 0.0 0.0
0.0 0.0 0.0
0.0 0.0 0.0
0.0 0.0 0.0
0.0 0.0 0.0
0.0 0.0 0.0
0.0 0.0 0.0
0.0 0.0 0.0
0.0 0.0 0.0
0.0 0.0 0.0
0.0 0.0 0.0
0.0 0.0 0.0
0.0 0.0 0.0
0.0 0.0 0.0
0.0 0.0 0.0
0.0 0.0 0.0
0.0 0.0 0.0
0.0 0.0 0.0
0.0 0.0 0.0
0.0 0.0 0.0
0.0 0.0 0.0
0.0 0.0 0.0
0.0 0.0 0.0
0.0 0.0 0.0
0.0 0.0 0.0
0.0 0.0 0.0
0.0 0.0 0.0
0.0 0.0 0.0
0.0 0.0 0.0
0.0 0.0 0.0
0.0 0.0 0.0
0.0 0.0 0.0
0.0 0.0 0.0
0.0 0.0 0.0
0.0 0.0 0.0
0.0 0.0 0.0
0.0 0.0 0.0
0.0 0.0 0.0
0.0 0.0 0.0
0.0 0.0 0.0
0.0 0.0 0.0
0.0 0.0 0.0
0.0 0.0 0.0
0.0 0.0 0.0
0.0 0.0 0.0
0.0 0.0 0.0
0.0 0.0 0.0
0.0 0.0 0.0
0.0 0.0 0.0
0.0 0.0 0.0
0.0 0.0 0.0
-3.412874937057495 35.90890884399414 -1.8313225507736206
0.0 0.0 0.0
0.0 0.0 0.0
0.0 0.0 0.0
0.0 0.0 0.0
-2.171551465988159 36.24296569824219 -1.8578838109970093
0.0 0.0 0.0
0.0 0.0 0.0
0.0 0.0 0.0
0.0 0.0 0.0
0.0 0.0 0.0
-0.6545184254646301 36.414710998535156 -1.8735320568084717
0.0 0.0 0.0
0.0 0.0 0.0
0.0 0.0 0.0
0.0 0.0 0.0
0.0 0.0 0.0
0.0 0.0 0.0
0.0 0.0 0.0
0.0 0.0 0.0
0.0 0.0 0.0
0.0 0.0 0.0
0.0 0.0 0.0
0.0 0.0 0.0
0.0 0.0 0.0
0.0 0.0 0.0
0.0 0.0 0.0
0.0 0.0 0.0
0.0 0.0 0.0
0.0 0.0 0.0
0.0 0.0 0.0
0.0 0.0 0.0
0.0 0.0 0.0
0.0 0.0 0.0
0.0 0.0 0.0
0.0 0.0 0.0
0.0 0.0 0.0
0.0 0.0 0.0
0.0 0.0 0.0
6.747344493865967 37.64173126220703 -1.9041138887405396
0.0 0.0 0.0
0.0 0.0 0.0
0.0 0.0 0.0
0.0 0.0 0.0
0.0 0.0 0.0
0.0 0.0 0.0
0.0 0.0 0.0
0.0 0.0 0.0
0.0 0.0 0.0
0.0 0.0 0.0
0.0 0.0 0.0
0.0 0.0 0.0
0.0 0.0 0.0
0.0 0.0 0.0
0.0 0.0 0.0
0.0 0.0 0.0
0.0 0.0 0.0
0.0 0.0 0.0
0.0 0.0 0.0
0.0 0.0 0.0
0.0 0.0 0.0
0.0 0.0 0.0
0.0 0.0 0.0
0.0 0.0 0.0
0.0 0.0 0.0
0.0 0.0 0.0
0.0 0.0 0.0
0.0 0.0 0.0
0.0 0.0 0.0
0.0 0.0 0.0
0.0 0.0 0.0
0.0 0.0 0.0
0.0 0.0 0.0
0.0 0.0 0.0
0.0 0.0 0.0
0.0 0.0 0.0
0.0 0.0 0.0
0.0 0.0 0.0
0.0 0.0 0.0
0.0 0.0 0.0
0.0 0.0 0.0
0.0 0.0 0.0
0.0 0.0 0.0
0.0 0.0 0.0
0.0 0.0 0.0
0.0 0.0 0.0
0.0 0.0 0.0
0.0 0.0 0.0
0.0 0.0 0.0
0.0 0.0 0.0
0.0 0.0 0.0
0.0 0.0 0.0
0.0 0.0 0.0
0.0 0.0 0.0
0.0 0.0 0.0
0.0 0.0 0.0
0.0 0.0 0.0
0.0 0.0 0.0
0.0 0.0 0.0
0.0 0.0 0.0
0.0 0.0 0.0
0.0 0.0 0.0
0.0 0.0 0.0
0.0 0.0 0.0
0.0 0.0 0.0
0.0 0.0 0.0
0.0 0.0 0.0
0.0 0.0 0.0
0.0 0.0 0.0
0.0 0.0 0.0
0.0 0.0 0.0
0.0 0.0 0.0
0.0 0.0 0.0
0.0 0.0 0.0
0.0 0.0 0.0
0.0 0.0 0.0
0.0 0.0 0.0
0.0 0.0 0.0
0.0 0.0 0.0
0.0 0.0 0.0
0.0 0.0 0.0
0.0 0.0 0.0
0.0 0.0 0.0
0.0 0.0 0.0
0.0 0.0 0.0
0.0 0.0 0.0
0.0 0.0 0.0
0.0 0.0 0.0
0.0 0.0 0.0
0.0 0.0 0.0
0.0 0.0 0.0
0.0 0.0 0.0
0.0 0.0 0.0
0.0 0.0 0.0
0.0 0.0 0.0
0.0 0.0 0.0
0.0 0.0 0.0
0.0 0.0 0.0
0.0 0.0 0.0
0.0 0.0 0.0
0.0 0.0 0.0
0.0 0.0 0.0
0.0 0.0 0.0
0.0 0.0 0.0
0.0 0.0 0.0
0.0 0.0 0.0
0.0 0.0 0.0
0.0 0.0 0.0
0.0 0.0 0.0
0.0 0.0 0.0
0.0 0.0 0.0
0.0 0.0 0.0
0.0 0.0 0.0
0.0 0.0 0.0
0.0 0.0 0.0
0.0 0.0 0.0
0.0 0.0 0.0
0.0 0.0 0.0
0.0 0.0 0.0
0.0 0.0 0.0
0.0 0.0 0.0
0.0 0.0 0.0
0.0 0.0 0.0
0.0 0.0 0.0
0.0 0.0 0.0
0.0 0.0 0.0
0.0 0.0 0.0
0.0 0.0 0.0
0.0 0.0 0.0
0.0 0.0 0.0
0.0 0.0 0.0
0.0 0.0 0.0
0.0 0.0 0.0
0.0 0.0 0.0
0.0 0.0 0.0
0.0 0.0 0.0
0.0 0.0 0.0
0.0 0.0 0.0
0.0 0.0 0.0
0.0 0.0 0.0
0.0 0.0 0.0
0.0 0.0 0.0
0.0 0.0 0.0
0.0 0.0 0.0
0.0 0.0 0.0
0.0 0.0 0.0
0.0 0.0 0.0
0.0 0.0 0.0
0.0 0.0 0.0
0.0 0.0 0.0
0.0 0.0 0.0
0.0 0.0 0.0
0.0 0.0 0.0
0.0 0.0 0.0
0.0 0.0 0.0
0.0 0.0 0.0
0.0 0.0 0.0
0.0 0.0 0.0
0.0 0.0 0.0
0.0 0.0 0.0
0.0 0.0 0.0
0.0 0.0 0.0
0.0 0.0 0.0
0.0 0.0 0.0
0.0 0.0 0.0
0.0 0.0 0.0
0.0 0.0 0.0
0.0 0.0 0.0
0.0 0.0 0.0
0.0 0.0 0.0
0.0 0.0 0.0
0.0 0.0 0.0
0.0 0.0 0.0
0.0 0.0 0.0
0.0 0.0 0.0
0.0 0.0 0.0
0.0 0.0 0.0
0.0 0.0 0.0
0.0 0.0 0.0
0.0 0.0 0.0
0.0 0.0 0.0
0.0 0.0 0.0
0.0 0.0 0.0
0.0 0.0 0.0
0.0 0.0 0.0
0.0 0.0 0.0
0.0 0.0 0.0
0.0 0.0 0.0
0.0 0.0 0.0
0.0 0.0 0.0
0.0 0.0 0.0
0.0 0.0 0.0
0.0 0.0 0.0
0.0 0.0 0.0
0.0 0.0 0.0
0.0 0.0 0.0
0.0 0.0 0.0
0.0 0.0 0.0
0.0 0.0 0.0
0.0 0.0 0.0
0.0 0.0 0.0
0.0 0.0 0.0
0.0 0.0 0.0
0.0 0.0 0.0
0.0 0.0 0.0
0.0 0.0 0.0
0.0 0.0 0.0
0.0 0.0 0.0
0.0 0.0 0.0
0.0 0.0 0.0
0.0 0.0 0.0
0.0 0.0 0.0
0.0 0.0 0.0
0.0 0.0 0.0
0.0 0.0 0.0
0.0 0.0 0.0
0.0 0.0 0.0
0.0 0.0 0.0
0.0 0.0 0.0
0.0 0.0 0.0
0.0 0.0 0.0
0.0 0.0 0.0
0.0 0.0 0.0
0.0 0.0 0.0
0.0 0.0 0.0
0.0 0.0 0.0
0.0 0.0 0.0
0.0 0.0 0.0
0.0 0.0 0.0
0.0 0.0 0.0
0.0 0.0 0.0
0.0 0.0 0.0
0.0 0.0 0.0
0.0 0.0 0.0
0.0 0.0 0.0
0.0 0.0 0.0
0.0 0.0 0.0
0.0 0.0 0.0
0.0 0.0 0.0
0.0 0.0 0.0
0.0 0.0 0.0
0.0 0.0 0.0
0.0 0.0 0.0
0.0 0.0 0.0
0.0 0.0 0.0
0.0 0.0 0.0
0.0 0.0 0.0
0.0 0.0 0.0
0.0 0.0 0.0
0.0 0.0 0.0
0.0 0.0 0.0
0.0 0.0 0.0
0.0 0.0 0.0
0.0 0.0 0.0
0.0 0.0 0.0
0.0 0.0 0.0
0.0 0.0 0.0
0.0 0.0 0.0
0.0 0.0 0.0
0.0 0.0 0.0
0.0 0.0 0.0
0.0 0.0 0.0
0.0 0.0 0.0
0.0 0.0 0.0
0.0 0.0 0.0
0.0 0.0 0.0
0.0 0.0 0.0
0.0 0.0 0.0
0.0 0.0 0.0
0.0 0.0 0.0
0.0 0.0 0.0
0.0 0.0 0.0
0.0 0.0 0.0
0.0 0.0 0.0
0.0 0.0 0.0
0.0 0.0 0.0
0.0 0.0 0.0
0.0 0.0 0.0
0.0 0.0 0.0
0.0 0.0 0.0
0.0 0.0 0.0
0.0 0.0 0.0
0.0 0.0 0.0
0.0 0.0 0.0
0.0 0.0 0.0
0.0 0.0 0.0
0.0 0.0 0.0
0.0 0.0 0.0
0.0 0.0 0.0
0.0 0.0 0.0
0.0 0.0 0.0
0.0 0.0 0.0
0.0 0.0 0.0
0.0 0.0 0.0
0.0 0.0 0.0
0.0 0.0 0.0
0.0 0.0 0.0
0.0 0.0 0.0
0.0 0.0 0.0
0.0 0.0 0.0
0.0 0.0 0.0
0.0 0.0 0.0
0.0 0.0 0.0
0.0 0.0 0.0
0.0 0.0 0.0
0.0 0.0 0.0
0.0 0.0 0.0
0.0 0.0 0.0
0.0 0.0 0.0
0.0 0.0 0.0
0.0 0.0 0.0
0.0 0.0 0.0
0.0 0.0 0.0
0.0 0.0 0.0
0.0 0.0 0.0
0.0 0.0 0.0
0.0 0.0 0.0
0.0 0.0 0.0
0.0 0.0 0.0
0.0 0.0 0.0
0.0 0.0 0.0
0.0 0.0 0.0
0.0 0.0 0.0
0.0 0.0 0.0
0.0 0.0 0.0
0.0 0.0 0.0
0.0 0.0 0.0
0.0 0.0 0.0
0.0 0.0 0.0
0.0 0.0 0.0
0.0 0.0 0.0
0.0 0.0 0.0
0.0 0.0 0.0
0.0 0.0 0.0
0.0 0.0 0.0
0.0 0.0 0.0
0.0 0.0 0.0
0.0 0.0 0.0
0.0 0.0 0.0
0.0 0.0 0.0
0.0 0.0 0.0
0.0 0.0 0.0
0.0 0.0 0.0
0.0 0.0 0.0
0.0 0.0 0.0
0.0 0.0 0.0
2.6042184829711914 37.52544403076172 -1.829303503036499
0.0 0.0 0.0
0.0 0.0 0.0
0.0 0.0 0.0
0.0 0.0 0.0
0.0 0.0 0.0
0.0 0.0 0.0
0.0 0.0 0.0
0.0 0.0 0.0
0.0 0.0 0.0
0.0 0.0 0.0
0.0 0.0 0.0
0.0 0.0 0.0
0.0 0.0 0.0
0.0 0.0 0.0
0.0 0.0 0.0
0.0 0.0 0.0
0.0 0.0 0.0
0.0 0.0 0.0
0.0 0.0 0.0
0.0 0.0 0.0
0.0 0.0 0.0
0.0 0.0 0.0
0.0 0.0 0.0
0.0 0.0 0.0
0.0 0.0 0.0
0.0 0.0 0.0
0.0 0.0 0.0
0.0 0.0 0.0
0.0 0.0 0.0
0.0 0.0 0.0
0.0 0.0 0.0
0.0 0.0 0.0
0.0 0.0 0.0
0.0 0.0 0.0
0.0 0.0 0.0
0.0 0.0 0.0
0.0 0.0 0.0
0.0 0.0 0.0
0.0 0.0 0.0
0.0 0.0 0.0
0.0 0.0 0.0
0.0 0.0 0.0
0.0 0.0 0.0
0.0 0.0 0.0
0.0 0.0 0.0
0.0 0.0 0.0
0.0 0.0 0.0
0.0 0.0 0.0
0.0 0.0 0.0
0.0 0.0 0.0
0.0 0.0 0.0
0.0 0.0 0.0
0.0 0.0 0.0
0.0 0.0 0.0
0.0 0.0 0.0
0.0 0.0 0.0
0.0 0.0 0.0
0.0 0.0 0.0
0.0 0.0 0.0
0.0 0.0 0.0
0.0 0.0 0.0
0.0 0.0 0.0
0.0 0.0 0.0
0.0 0.0 0.0
0.0 0.0 0.0
0.0 0.0 0.0
0.0 0.0 0.0
0.0 0.0 0.0
0.0 0.0 0.0
0.0 0.0 0.0
0.0 0.0 0.0
0.0 0.0 0.0
0.0 0.0 0.0
0.0 0.0 0.0
0.0 0.0 0.0
0.0 0.0 0.0
0.0 0.0 0.0
0.0 0.0 0.0
0.0 0.0 0.0
0.0 0.0 0.0
0.0 0.0 0.0
0.0 0.0 0.0
0.0 0.0 0.0
0.0 0.0 0.0
0.0 0.0 0.0
0.0 0.0 0.0
0.0 0.0 0.0
0.0 0.0 0.0
0.0 0.0 0.0
0.0 0.0 0.0
0.0 0.0 0.0
0.0 0.0 0.0
0.0 0.0 0.0
0.0 0.0 0.0
0.0 0.0 0.0
0.0 0.0 0.0
0.0 0.0 0.0
0.0 0.0 0.0
0.0 0.0 0.0
0.0 0.0 0.0
0.0 0.0 0.0
0.0 0.0 0.0
0.0 0.0 0.0
0.0 0.0 0.0
0.0 0.0 0.0
0.0 0.0 0.0
0.0 0.0 0.0
0.0 0.0 0.0
0.0 0.0 0.0
0.0 0.0 0.0
0.0 0.0 0.0
0.0 0.0 0.0
0.0 0.0 0.0
0.0 0.0 0.0
42.0715217590332 102.93927001953125 4.714610576629639
0.0 0.0 0.0
0.0 0.0 0.0
0.0 0.0 0.0
0.0 0.0 0.0
0.0 0.0 0.0
0.0 0.0 0.0
0.0 0.0 0.0
0.0 0.0 0.0
0.0 0.0 0.0
0.0 0.0 0.0
0.0 0.0 0.0
0.0 0.0 0.0
0.0 0.0 0.0
0.0 0.0 0.0
0.0 0.0 0.0
0.0 0.0 0.0
0.0 0.0 0.0
0.0 0.0 0.0
0.0 0.0 0.0
0.0 0.0 0.0
0.0 0.0 0.0
0.0 0.0 0.0
0.0 0.0 0.0
0.0 0.0 0.0
0.0 0.0 0.0
0.0 0.0 0.0
0.0 0.0 0.0
0.0 0.0 0.0
0.0 0.0 0.0
0.0 0.0 0.0
0.0 0.0 0.0
0.0 0.0 0.0
0.0 0.0 0.0
0.0 0.0 0.0
0.0 0.0 0.0
0.0 0.0 0.0
0.0 0.0 0.0
0.0 0.0 0.0
0.0 0.0 0.0
0.0 0.0 0.0
0.0 0.0 0.0
0.0 0.0 0.0
0.0 0.0 0.0
0.0 0.0 0.0
0.0 0.0 0.0
0.0 0.0 0.0
0.0 0.0 0.0
0.0 0.0 0.0
0.0 0.0 0.0
0.0 0.0 0.0
0.0 0.0 0.0
0.0 0.0 0.0
0.0 0.0 0.0
0.0 0.0 0.0
0.0 0.0 0.0
0.0 0.0 0.0
0.0 0.0 0.0
0.0 0.0 0.0
0.0 0.0 0.0
0.0 0.0 0.0
0.0 0.0 0.0
0.0 0.0 0.0
0.0 0.0 0.0
0.0 0.0 0.0
0.0 0.0 0.0
0.0 0.0 0.0
0.0 0.0 0.0
0.0 0.0 0.0
0.0 0.0 0.0
0.0 0.0 0.0
0.0 0.0 0.0
0.0 0.0 0.0
0.0 0.0 0.0
0.0 0.0 0.0
0.0 0.0 0.0
0.0 0.0 0.0
0.0 0.0 0.0
0.0 0.0 0.0
0.0 0.0 0.0
0.0 0.0 0.0
0.0 0.0 0.0
0.0 0.0 0.0
0.0 0.0 0.0
0.0 0.0 0.0
0.0 0.0 0.0
0.0 0.0 0.0
0.0 0.0 0.0
0.0 0.0 0.0
0.0 0.0 0.0
0.0 0.0 0.0
0.0 0.0 0.0
0.0 0.0 0.0
0.0 0.0 0.0
0.0 0.0 0.0
0.0 0.0 0.0
0.0 0.0 0.0
0.0 0.0 0.0
0.0 0.0 0.0
0.0 0.0 0.0
0.0 0.0 0.0
0.0 0.0 0.0
0.0 0.0 0.0
0.0 0.0 0.0
0.0 0.0 0.0
0.0 0.0 0.0
0.0 0.0 0.0
0.0 0.0 0.0
0.0 0.0 0.0
0.0 0.0 0.0
0.0 0.0 0.0
0.0 0.0 0.0
0.0 0.0 0.0
0.0 0.0 0.0
0.0 0.0 0.0
0.0 0.0 0.0
0.0 0.0 0.0
0.0 0.0 0.0
0.0 0.0 0.0
0.0 0.0 0.0
0.0 0.0 0.0
0.0 0.0 0.0
0.0 0.0 0.0
0.0 0.0 0.0
0.0 0.0 0.0
0.0 0.0 0.0
0.0 0.0 0.0
0.0 0.0 0.0
0.0 0.0 0.0
0.0 0.0 0.0
0.0 0.0 0.0
0.0 0.0 0.0
0.0 0.0 0.0
0.0 0.0 0.0
0.0 0.0 0.0
0.0 0.0 0.0
0.0 0.0 0.0
0.0 0.0 0.0
0.0 0.0 0.0
0.0 0.0 0.0
0.0 0.0 0.0
0.0 0.0 0.0
0.0 0.0 0.0
0.0 0.0 0.0
0.0 0.0 0.0
0.0 0.0 0.0
0.0 0.0 0.0
0.0 0.0 0.0
0.0 0.0 0.0
0.0 0.0 0.0
0.0 0.0 0.0
0.0 0.0 0.0
0.0 0.0 0.0
0.0 0.0 0.0
0.0 0.0 0.0
0.0 0.0 0.0
0.0 0.0 0.0
0.0 0.0 0.0
0.0 0.0 0.0
0.0 0.0 0.0
0.0 0.0 0.0
0.0 0.0 0.0
0.0 0.0 0.0
0.0 0.0 0.0
0.0 0.0 0.0
0.0 0.0 0.0
0.0 0.0 0.0
0.0 0.0 0.0
0.0 0.0 0.0
0.0 0.0 0.0
0.0 0.0 0.0
0.0 0.0 0.0
0.0 0.0 0.0
0.0 0.0 0.0
0.0 0.0 0.0
0.0 0.0 0.0
0.0 0.0 0.0
0.0 0.0 0.0
0.0 0.0 0.0
0.0 0.0 0.0
0.0 0.0 0.0
0.0 0.0 0.0
0.0 0.0 0.0
0.0 0.0 0.0
0.0 0.0 0.0
0.0 0.0 0.0
0.0 0.0 0.0
0.0 0.0 0.0
0.0 0.0 0.0
0.0 0.0 0.0
0.0 0.0 0.0
0.0 0.0 0.0
0.0 0.0 0.0
0.0 0.0 0.0
0.0 0.0 0.0
0.0 0.0 0.0
0.0 0.0 0.0
0.0 0.0 0.0
0.0 0.0 0.0
0.0 0.0 0.0
0.0 0.0 0.0
0.0 0.0 0.0
0.0 0.0 0.0
0.0 0.0 0.0
0.0 0.0 0.0
0.0 0.0 0.0
0.0 0.0 0.0
0.0 0.0 0.0
0.0 0.0 0.0
0.0 0.0 0.0
0.0 0.0 0.0
0.0 0.0 0.0
0.0 0.0 0.0
0.0 0.0 0.0
0.0 0.0 0.0
0.0 0.0 0.0
-5.310716152191162 36.701934814453125 -1.655221939086914
0.0 0.0 0.0
0.0 0.0 0.0
0.0 0.0 0.0
0.0 0.0 0.0
0.0 0.0 0.0
0.0 0.0 0.0
0.0 0.0 0.0
0.0 0.0 0.0
0.0 0.0 0.0
0.0 0.0 0.0
0.0 0.0 0.0
0.0 0.0 0.0
0.0 0.0 0.0
0.0 0.0 0.0
0.0 0.0 0.0
0.0 0.0 0.0
0.0 0.0 0.0
0.0 0.0 0.0
0.0 0.0 0.0
0.0 0.0 0.0
0.0 0.0 0.0
0.0 0.0 0.0
0.0 0.0 0.0
0.0 0.0 0.0
0.0 0.0 0.0
0.0 0.0 0.0
0.0 0.0 0.0
0.0 0.0 0.0
0.0 0.0 0.0
0.0 0.0 0.0
0.0 0.0 0.0
0.0 0.0 0.0
0.0 0.0 0.0
0.0 0.0 0.0
0.0 0.0 0.0
4.160433292388916 38.52095413208008 -1.7649545669555664
0.0 0.0 0.0
0.0 0.0 0.0
0.0 0.0 0.0
0.0 0.0 0.0
0.0 0.0 0.0
0.0 0.0 0.0
0.0 0.0 0.0
0.0 0.0 0.0
0.0 0.0 0.0
0.0 0.0 0.0
0.0 0.0 0.0
0.0 0.0 0.0
0.0 0.0 0.0
0.0 0.0 0.0
0.0 0.0 0.0
0.0 0.0 0.0
0.0 0.0 0.0
0.0 0.0 0.0
0.0 0.0 0.0
0.0 0.0 0.0
0.0 0.0 0.0
0.0 0.0 0.0
0.0 0.0 0.0
0.0 0.0 0.0
0.0 0.0 0.0
0.0 0.0 0.0
0.0 0.0 0.0
0.0 0.0 0.0
0.0 0.0 0.0
0.0 0.0 0.0
0.0 0.0 0.0
0.0 0.0 0.0
0.0 0.0 0.0
0.0 0.0 0.0
0.0 0.0 0.0
0.0 0.0 0.0
0.0 0.0 0.0
0.0 0.0 0.0
0.0 0.0 0.0
0.0 0.0 0.0
0.0 0.0 0.0
0.0 0.0 0.0
0.0 0.0 0.0
0.0 0.0 0.0
0.0 0.0 0.0
0.0 0.0 0.0
0.0 0.0 0.0
0.0 0.0 0.0
0.0 0.0 0.0
0.0 0.0 0.0
0.0 0.0 0.0
0.0 0.0 0.0
0.0 0.0 0.0
0.0 0.0 0.0
0.0 0.0 0.0
0.0 0.0 0.0
0.0 0.0 0.0
0.0 0.0 0.0
0.0 0.0 0.0
0.0 0.0 0.0
0.0 0.0 0.0
0.0 0.0 0.0
0.0 0.0 0.0
0.0 0.0 0.0
0.0 0.0 0.0
0.0 0.0 0.0
0.0 0.0 0.0
0.0 0.0 0.0
0.0 0.0 0.0
0.0 0.0 0.0
0.0 0.0 0.0
0.0 0.0 0.0
0.0 0.0 0.0
0.0 0.0 0.0
0.0 0.0 0.0
0.0 0.0 0.0
0.0 0.0 0.0
0.0 0.0 0.0
0.0 0.0 0.0
0.0 0.0 0.0
0.0 0.0 0.0
0.0 0.0 0.0
0.0 0.0 0.0
0.0 0.0 0.0
0.0 0.0 0.0
0.0 0.0 0.0
0.0 0.0 0.0
0.0 0.0 0.0
0.0 0.0 0.0
0.0 0.0 0.0
0.0 0.0 0.0
0.0 0.0 0.0
0.0 0.0 0.0
0.0 0.0 0.0
0.0 0.0 0.0
0.0 0.0 0.0
0.0 0.0 0.0
0.0 0.0 0.0
0.0 0.0 0.0
0.0 0.0 0.0
0.0 0.0 0.0
0.0 0.0 0.0
0.0 0.0 0.0
0.0 0.0 0.0
0.0 0.0 0.0
0.0 0.0 0.0
0.0 0.0 0.0
0.0 0.0 0.0
0.0 0.0 0.0
0.0 0.0 0.0
0.0 0.0 0.0
0.0 0.0 0.0
0.0 0.0 0.0
0.0 0.0 0.0
0.0 0.0 0.0
0.0 0.0 0.0
0.0 0.0 0.0
0.0 0.0 0.0
0.0 0.0 0.0
0.0 0.0 0.0
0.0 0.0 0.0
0.0 0.0 0.0
0.0 0.0 0.0
0.0 0.0 0.0
0.0 0.0 0.0
0.0 0.0 0.0
0.0 0.0 0.0
0.0 0.0 0.0
0.0 0.0 0.0
0.0 0.0 0.0
0.0 0.0 0.0
0.0 0.0 0.0
0.0 0.0 0.0
0.0 0.0 0.0
0.0 0.0 0.0
0.0 0.0 0.0
0.0 0.0 0.0
0.0 0.0 0.0
0.0 0.0 0.0
0.0 0.0 0.0
0.0 0.0 0.0
0.0 0.0 0.0
0.0 0.0 0.0
0.0 0.0 0.0
0.0 0.0 0.0
0.0 0.0 0.0
0.0 0.0 0.0
0.0 0.0 0.0
0.0 0.0 0.0
0.0 0.0 0.0
0.0 0.0 0.0
0.0 0.0 0.0
0.0 0.0 0.0
0.0 0.0 0.0
0.0 0.0 0.0
0.0 0.0 0.0
0.0 0.0 0.0
0.0 0.0 0.0
0.0 0.0 0.0
0.0 0.0 0.0
0.0 0.0 0.0
0.0 0.0 0.0
0.0 0.0 0.0
0.0 0.0 0.0
0.0 0.0 0.0
0.0 0.0 0.0
0.0 0.0 0.0
0.0 0.0 0.0
0.0 0.0 0.0
0.0 0.0 0.0
0.0 0.0 0.0
0.0 0.0 0.0
0.0 0.0 0.0
0.0 0.0 0.0
0.0 0.0 0.0
0.0 0.0 0.0
0.0 0.0 0.0
0.0 0.0 0.0
0.0 0.0 0.0
0.0 0.0 0.0
0.0 0.0 0.0
0.0 0.0 0.0
0.0 0.0 0.0
0.0 0.0 0.0
0.0 0.0 0.0
0.0 0.0 0.0
0.0 0.0 0.0
0.0 0.0 0.0
0.0 0.0 0.0
0.0 0.0 0.0
0.0 0.0 0.0
0.0 0.0 0.0
0.0 0.0 0.0
0.0 0.0 0.0
0.0 0.0 0.0
0.0 0.0 0.0
0.0 0.0 0.0
0.0 0.0 0.0
0.0 0.0 0.0
0.0 0.0 0.0
0.0 0.0 0.0
0.0 0.0 0.0
0.0 0.0 0.0
0.0 0.0 0.0
0.0 0.0 0.0
0.0 0.0 0.0
0.0 0.0 0.0
0.0 0.0 0.0
0.0 0.0 0.0
0.0 0.0 0.0
0.0 0.0 0.0
0.0 0.0 0.0
0.0 0.0 0.0
0.0 0.0 0.0
0.0 0.0 0.0
0.0 0.0 0.0
0.0 0.0 0.0
0.0 0.0 0.0
0.0 0.0 0.0
0.0 0.0 0.0
0.0 0.0 0.0
0.0 0.0 0.0
0.0 0.0 0.0
0.0 0.0 0.0
0.0 0.0 0.0
0.0 0.0 0.0
0.0 0.0 0.0
0.0 0.0 0.0
0.0 0.0 0.0
0.0 0.0 0.0
0.0 0.0 0.0
0.0 0.0 0.0
0.0 0.0 0.0
0.0 0.0 0.0
0.0 0.0 0.0
0.0 0.0 0.0
0.0 0.0 0.0
0.0 0.0 0.0
0.0 0.0 0.0
0.0 0.0 0.0
0.0 0.0 0.0
0.0 0.0 0.0
0.0 0.0 0.0
0.0 0.0 0.0
0.0 0.0 0.0
0.0 0.0 0.0
0.0 0.0 0.0
0.0 0.0 0.0
0.0 0.0 0.0
0.0 0.0 0.0
0.0 0.0 0.0
0.0 0.0 0.0
0.0 0.0 0.0
0.0 0.0 0.0
0.0 0.0 0.0
0.0 0.0 0.0
0.0 0.0 0.0
0.0 0.0 0.0
0.0 0.0 0.0
0.0 0.0 0.0
0.0 0.0 0.0
0.0 0.0 0.0
0.0 0.0 0.0
0.0 0.0 0.0
0.0 0.0 0.0
0.0 0.0 0.0
0.0 0.0 0.0
0.0 0.0 0.0
0.0 0.0 0.0
0.0 0.0 0.0
0.0 0.0 0.0
0.0 0.0 0.0
0.0 0.0 0.0
0.0 0.0 0.0
0.0 0.0 0.0
0.0 0.0 0.0
0.0 0.0 0.0
0.0 0.0 0.0
0.0 0.0 0.0
0.0 0.0 0.0
0.0 0.0 0.0
0.0 0.0 0.0
0.0 0.0 0.0
0.0 0.0 0.0
0.0 0.0 0.0
0.0 0.0 0.0
0.0 0.0 0.0
0.0 0.0 0.0
0.0 0.0 0.0
0.0 0.0 0.0
0.0 0.0 0.0
0.0 0.0 0.0
0.0 0.0 0.0
0.0 0.0 0.0
0.0 0.0 0.0
0.0 0.0 0.0
0.0 0.0 0.0
0.0 0.0 0.0
0.0 0.0 0.0
0.0 0.0 0.0
0.0 0.0 0.0
0.0 0.0 0.0
0.0 0.0 0.0
0.0 0.0 0.0
0.0 0.0 0.0
0.0 0.0 0.0
0.0 0.0 0.0
0.0 0.0 0.0
0.0 0.0 0.0
0.0 0.0 0.0
0.0 0.0 0.0
0.0 0.0 0.0
0.0 0.0 0.0
0.0 0.0 0.0
0.0 0.0 0.0
0.0 0.0 0.0
0.0 0.0 0.0
0.0 0.0 0.0
0.0 0.0 0.0
0.0 0.0 0.0
0.0 0.0 0.0
0.0 0.0 0.0
0.0 0.0 0.0
0.0 0.0 0.0
0.0 0.0 0.0
0.0 0.0 0.0
0.0 0.0 0.0
0.0 0.0 0.0
0.0 0.0 0.0
0.0 0.0 0.0
0.0 0.0 0.0
0.0 0.0 0.0
0.0 0.0 0.0
0.0 0.0 0.0
0.0 0.0 0.0
0.0 0.0 0.0
0.0 0.0 0.0
0.0 0.0 0.0
0.0 0.0 0.0
0.0 0.0 0.0
0.0 0.0 0.0
0.0 0.0 0.0
0.0 0.0 0.0
0.0 0.0 0.0
0.0 0.0 0.0
0.0 0.0 0.0
0.0 0.0 0.0
0.0 0.0 0.0
0.0 0.0 0.0
0.0 0.0 0.0
0.0 0.0 0.0
0.0 0.0 0.0
0.0 0.0 0.0
0.0 0.0 0.0
0.0 0.0 0.0
0.0 0.0 0.0
0.0 0.0 0.0
0.0 0.0 0.0
0.0 0.0 0.0
0.0 0.0 0.0
0.0 0.0 0.0
0.0 0.0 0.0
0.0 0.0 0.0
0.0 0.0 0.0
4.878021240234375 38.80339431762695 -1.6720986366271973
0.0 0.0 0.0
0.0 0.0 0.0
0.0 0.0 0.0
0.0 0.0 0.0
6.339326858520508 39.296146392822266 -1.6849076747894287
0.0 0.0 0.0
0.0 0.0 0.0
0.0 0.0 0.0
0.0 0.0 0.0
0.0 0.0 0.0
0.0 0.0 0.0
0.0 0.0 0.0
0.0 0.0 0.0
0.0 0.0 0.0
0.0 0.0 0.0
0.0 0.0 0.0
0.0 0.0 0.0
0.0 0.0 0.0
0.0 0.0 0.0
0.0 0.0 0.0
0.0 0.0 0.0
0.0 0.0 0.0
0.0 0.0 0.0
0.0 0.0 0.0
0.0 0.0 0.0
0.0 0.0 0.0
0.0 0.0 0.0
0.0 0.0 0.0
0.0 0.0 0.0
0.0 0.0 0.0
0.0 0.0 0.0
0.0 0.0 0.0
0.0 0.0 0.0
0.0 0.0 0.0
0.0 0.0 0.0
0.0 0.0 0.0
0.0 0.0 0.0
0.0 0.0 0.0
0.0 0.0 0.0
0.0 0.0 0.0
0.0 0.0 0.0
0.0 0.0 0.0
0.0 0.0 0.0
0.0 0.0 0.0
0.0 0.0 0.0
0.0 0.0 0.0
0.0 0.0 0.0
0.0 0.0 0.0
0.0 0.0 0.0
0.0 0.0 0.0
0.0 0.0 0.0
0.0 0.0 0.0
0.0 0.0 0.0
0.0 0.0 0.0
0.0 0.0 0.0
0.0 0.0 0.0
0.0 0.0 0.0
0.0 0.0 0.0
0.0 0.0 0.0
0.0 0.0 0.0
0.0 0.0 0.0
0.0 0.0 0.0
0.0 0.0 0.0
0.0 0.0 0.0
0.0 0.0 0.0
0.0 0.0 0.0
0.0 0.0 0.0
0.0 0.0 0.0
0.0 0.0 0.0
0.0 0.0 0.0
0.0 0.0 0.0
0.0 0.0 0.0
0.0 0.0 0.0
0.0 0.0 0.0
0.0 0.0 0.0
0.0 0.0 0.0
0.0 0.0 0.0
0.0 0.0 0.0
0.0 0.0 0.0
0.0 0.0 0.0
0.0 0.0 0.0
0.0 0.0 0.0
0.0 0.0 0.0
0.0 0.0 0.0
0.0 0.0 0.0
0.0 0.0 0.0
0.0 0.0 0.0
0.0 0.0 0.0
0.0 0.0 0.0
0.0 0.0 0.0
0.0 0.0 0.0
0.0 0.0 0.0
0.0 0.0 0.0
0.0 0.0 0.0
0.0 0.0 0.0
0.0 0.0 0.0
0.0 0.0 0.0
0.0 0.0 0.0
0.0 0.0 0.0
0.0 0.0 0.0
0.0 0.0 0.0
0.0 0.0 0.0
0.0 0.0 0.0
0.0 0.0 0.0
0.0 0.0 0.0
0.0 0.0 0.0
0.0 0.0 0.0
0.0 0.0 0.0
0.0 0.0 0.0
0.0 0.0 0.0
0.0 0.0 0.0
0.0 0.0 0.0
0.0 0.0 0.0
0.0 0.0 0.0
0.0 0.0 0.0
0.0 0.0 0.0
0.0 0.0 0.0
0.0 0.0 0.0
0.0 0.0 0.0
0.0 0.0 0.0
0.0 0.0 0.0
0.0 0.0 0.0
0.0 0.0 0.0
0.0 0.0 0.0
0.0 0.0 0.0
0.0 0.0 0.0
0.0 0.0 0.0
0.0 0.0 0.0
0.0 0.0 0.0
0.0 0.0 0.0
0.0 0.0 0.0
0.0 0.0 0.0
0.0 0.0 0.0
0.0 0.0 0.0
0.0 0.0 0.0
0.0 0.0 0.0
0.0 0.0 0.0
0.0 0.0 0.0
0.0 0.0 0.0
0.0 0.0 0.0
0.0 0.0 0.0
0.0 0.0 0.0
0.0 0.0 0.0
0.0 0.0 0.0
0.0 0.0 0.0
0.0 0.0 0.0
0.0 0.0 0.0
0.0 0.0 0.0
0.0 0.0 0.0
0.0 0.0 0.0
0.0 0.0 0.0
0.0 0.0 0.0
0.0 0.0 0.0
0.0 0.0 0.0
0.0 0.0 0.0
0.0 0.0 0.0
0.0 0.0 0.0
0.0 0.0 0.0
0.0 0.0 0.0
0.0 0.0 0.0
0.0 0.0 0.0
0.0 0.0 0.0
0.0 0.0 0.0
0.0 0.0 0.0
0.0 0.0 0.0
0.0 0.0 0.0
0.0 0.0 0.0
0.0 0.0 0.0
0.0 0.0 0.0
0.0 0.0 0.0
0.0 0.0 0.0
0.0 0.0 0.0
0.0 0.0 0.0
0.0 0.0 0.0
0.0 0.0 0.0
0.0 0.0 0.0
0.0 0.0 0.0
0.0 0.0 0.0
0.0 0.0 0.0
0.0 0.0 0.0
0.0 0.0 0.0
0.0 0.0 0.0
0.0 0.0 0.0
0.0 0.0 0.0
0.0 0.0 0.0
0.0 0.0 0.0
0.0 0.0 0.0
0.0 0.0 0.0
0.0 0.0 0.0
0.0 0.0 0.0
0.0 0.0 0.0
0.0 0.0 0.0
0.0 0.0 0.0
0.0 0.0 0.0
0.0 0.0 0.0
0.0 0.0 0.0
0.0 0.0 0.0
0.0 0.0 0.0
0.0 0.0 0.0
0.0 0.0 0.0
0.0 0.0 0.0
0.0 0.0 0.0
0.0 0.0 0.0
0.0 0.0 0.0
0.0 0.0 0.0
0.0 0.0 0.0
0.0 0.0 0.0
0.0 0.0 0.0
0.0 0.0 0.0
0.0 0.0 0.0
0.0 0.0 0.0
0.0 0.0 0.0
0.0 0.0 0.0
0.0 0.0 0.0
0.0 0.0 0.0
0.0 0.0 0.0
0.0 0.0 0.0
0.0 0.0 0.0
0.0 0.0 0.0
0.0 0.0 0.0
0.0 0.0 0.0
0.0 0.0 0.0
0.0 0.0 0.0
0.0 0.0 0.0
0.0 0.0 0.0
0.0 0.0 0.0
0.0 0.0 0.0
0.0 0.0 0.0
0.0 0.0 0.0
0.0 0.0 0.0
0.0 0.0 0.0
0.0 0.0 0.0
0.0 0.0 0.0
0.0 0.0 0.0
0.0 0.0 0.0
0.0 0.0 0.0
0.0 0.0 0.0
0.0 0.0 0.0
0.0 0.0 0.0
0.0 0.0 0.0
0.0 0.0 0.0
0.0 0.0 0.0
0.0 0.0 0.0
0.0 0.0 0.0
0.0 0.0 0.0
0.0 0.0 0.0
0.0 0.0 0.0
0.0 0.0 0.0
0.0 0.0 0.0
0.0 0.0 0.0
0.0 0.0 0.0
0.0 0.0 0.0
0.0 0.0 0.0
0.0 0.0 0.0
0.0 0.0 0.0
0.0 0.0 0.0
0.0 0.0 0.0
0.0 0.0 0.0
0.0 0.0 0.0
0.0 0.0 0.0
0.0 0.0 0.0
0.0 0.0 0.0
0.0 0.0 0.0
0.0 0.0 0.0
0.0 0.0 0.0
0.0 0.0 0.0
0.0 0.0 0.0
0.0 0.0 0.0
0.0 0.0 0.0
0.0 0.0 0.0
0.0 0.0 0.0
0.0 0.0 0.0
0.0 0.0 0.0
0.0 0.0 0.0
0.0 0.0 0.0
0.0 0.0 0.0
0.0 0.0 0.0
0.0 0.0 0.0
0.0 0.0 0.0
0.0 0.0 0.0
0.0 0.0 0.0
0.0 0.0 0.0
0.0 0.0 0.0
0.0 0.0 0.0
0.0 0.0 0.0
0.0 0.0 0.0
0.0 0.0 0.0
0.0 0.0 0.0
0.0 0.0 0.0
0.0 0.0 0.0
0.0 0.0 0.0
0.0 0.0 0.0
0.0 0.0 0.0
0.0 0.0 0.0
0.0 0.0 0.0
0.0 0.0 0.0
0.0 0.0 0.0
0.0 0.0 0.0
0.0 0.0 0.0
0.0 0.0 0.0
0.0 0.0 0.0
0.0 0.0 0.0
0.0 0.0 0.0
0.0 0.0 0.0
0.0 0.0 0.0
0.0 0.0 0.0
0.0 0.0 0.0
0.0 0.0 0.0
0.0 0.0 0.0
0.0 0.0 0.0
0.0 0.0 0.0
0.0 0.0 0.0
0.0 0.0 0.0
0.0 0.0 0.0
0.0 0.0 0.0
0.0 0.0 0.0
0.0 0.0 0.0
0.0 0.0 0.0
0.0 0.0 0.0
0.0 0.0 0.0
0.0 0.0 0.0
0.0 0.0 0.0
0.0 0.0 0.0
0.0 0.0 0.0
0.0 0.0 0.0
0.0 0.0 0.0
0.0 0.0 0.0
0.0 0.0 0.0
0.0 0.0 0.0
0.0 0.0 0.0
0.0 0.0 0.0
0.0 0.0 0.0
0.0 0.0 0.0
0.0 0.0 0.0
0.0 0.0 0.0
0.0 0.0 0.0
0.0 0.0 0.0
0.0 0.0 0.0
0.0 0.0 0.0
0.0 0.0 0.0
0.0 0.0 0.0
0.0 0.0 0.0
0.0 0.0 0.0
0.0 0.0 0.0
0.0 0.0 0.0
0.0 0.0 0.0
0.0 0.0 0.0
0.0 0.0 0.0
0.0 0.0 0.0
0.0 0.0 0.0
0.0 0.0 0.0
0.0 0.0 0.0
0.0 0.0 0.0
0.0 0.0 0.0
0.0 0.0 0.0
3.4071898460388184 39.18325424194336 -1.5910000801086426
0.0 0.0 0.0
0.0 0.0 0.0
0.0 0.0 0.0
0.0 0.0 0.0
0.0 0.0 0.0
0.0 0.0 0.0
0.0 0.0 0.0
0.0 0.0 0.0
0.0 0.0 0.0
0.0 0.0 0.0
0.0 0.0 0.0
0.0 0.0 0.0
0.0 0.0 0.0
0.0 0.0 0.0
0.0 0.0 0.0
0.0 0.0 0.0
0.0 0.0 0.0
0.0 0.0 0.0
0.0 0.0 0.0
0.0 0.0 0.0
0.0 0.0 0.0
0.0 0.0 0.0
0.0 0.0 0.0
0.0 0.0 0.0
0.0 0.0 0.0
0.0 0.0 0.0
0.0 0.0 0.0
0.0 0.0 0.0
0.0 0.0 0.0
0.0 0.0 0.0
0.0 0.0 0.0
0.0 0.0 0.0
0.0 0.0 0.0
0.0 0.0 0.0
0.0 0.0 0.0
0.0 0.0 0.0
0.0 0.0 0.0
0.0 0.0 0.0
0.0 0.0 0.0
0.0 0.0 0.0
16.642515182495117 42.56379318237305 -1.6205030679702759
0.0 0.0 0.0
0.0 0.0 0.0
0.0 0.0 0.0
0.0 0.0 0.0
0.0 0.0 0.0
0.0 0.0 0.0
0.0 0.0 0.0
0.0 0.0 0.0
0.0 0.0 0.0
0.0 0.0 0.0
0.0 0.0 0.0
0.0 0.0 0.0
0.0 0.0 0.0
0.0 0.0 0.0
0.0 0.0 0.0
0.0 0.0 0.0
0.0 0.0 0.0
0.0 0.0 0.0
0.0 0.0 0.0
0.0 0.0 0.0
0.0 0.0 0.0
0.0 0.0 0.0
0.0 0.0 0.0
0.0 0.0 0.0
0.0 0.0 0.0
0.0 0.0 0.0
0.0 0.0 0.0
0.0 0.0 0.0
0.0 0.0 0.0
0.0 0.0 0.0
0.0 0.0 0.0
0.0 0.0 0.0
0.0 0.0 0.0
0.0 0.0 0.0
0.0 0.0 0.0
0.0 0.0 0.0
0.0 0.0 0.0
0.0 0.0 0.0
0.0 0.0 0.0
0.0 0.0 0.0
0.0 0.0 0.0
0.0 0.0 0.0
0.0 0.0 0.0
0.0 0.0 0.0
0.0 0.0 0.0
0.0 0.0 0.0
0.0 0.0 0.0
0.0 0.0 0.0
0.0 0.0 0.0
0.0 0.0 0.0
0.0 0.0 0.0
0.0 0.0 0.0
0.0 0.0 0.0
0.0 0.0 0.0
0.0 0.0 0.0
0.0 0.0 0.0
0.0 0.0 0.0
0.0 0.0 0.0
0.0 0.0 0.0
0.0 0.0 0.0
0.0 0.0 0.0
0.0 0.0 0.0
0.0 0.0 0.0
0.0 0.0 0.0
0.0 0.0 0.0
0.0 0.0 0.0
0.0 0.0 0.0
0.0 0.0 0.0
0.0 0.0 0.0
0.0 0.0 0.0
0.0 0.0 0.0
0.0 0.0 0.0
0.0 0.0 0.0
0.0 0.0 0.0
0.0 0.0 0.0
0.0 0.0 0.0
0.0 0.0 0.0
0.0 0.0 0.0
0.0 0.0 0.0
0.0 0.0 0.0
0.0 0.0 0.0
0.0 0.0 0.0
0.0 0.0 0.0
0.0 0.0 0.0
0.0 0.0 0.0
0.0 0.0 0.0
0.0 0.0 0.0
0.0 0.0 0.0
0.0 0.0 0.0
0.0 0.0 0.0
0.0 0.0 0.0
0.0 0.0 0.0
0.0 0.0 0.0
0.0 0.0 0.0
0.0 0.0 0.0
0.0 0.0 0.0
0.0 0.0 0.0
0.0 0.0 0.0
0.0 0.0 0.0
0.0 0.0 0.0
0.0 0.0 0.0
0.0 0.0 0.0
0.0 0.0 0.0
0.0 0.0 0.0
0.0 0.0 0.0
0.0 0.0 0.0
0.0 0.0 0.0
0.0 0.0 0.0
0.0 0.0 0.0
0.0 0.0 0.0
0.0 0.0 0.0
0.0 0.0 0.0
0.0 0.0 0.0
0.0 0.0 0.0
0.0 0.0 0.0
0.0 0.0 0.0
0.0 0.0 0.0
0.0 0.0 0.0
0.0 0.0 0.0
0.0 0.0 0.0
0.0 0.0 0.0
0.0 0.0 0.0
0.0 0.0 0.0
0.0 0.0 0.0
0.0 0.0 0.0
0.0 0.0 0.0
0.0 0.0 0.0
0.0 0.0 0.0
0.0 0.0 0.0
0.0 0.0 0.0
0.0 0.0 0.0
0.0 0.0 0.0
0.0 0.0 0.0
0.0 0.0 0.0
0.0 0.0 0.0
0.0 0.0 0.0
0.0 0.0 0.0
0.0 0.0 0.0
0.0 0.0 0.0
0.0 0.0 0.0
0.0 0.0 0.0
0.0 0.0 0.0
0.0 0.0 0.0
0.0 0.0 0.0
0.0 0.0 0.0
0.0 0.0 0.0
0.0 0.0 0.0
0.0 0.0 0.0
0.0 0.0 0.0
0.0 0.0 0.0
0.0 0.0 0.0
0.0 0.0 0.0
0.0 0.0 0.0
0.0 0.0 0.0
0.0 0.0 0.0
0.0 0.0 0.0
0.0 0.0 0.0
0.0 0.0 0.0
0.0 0.0 0.0
0.0 0.0 0.0
0.0 0.0 0.0
0.0 0.0 0.0
0.0 0.0 0.0
0.0 0.0 0.0
0.0 0.0 0.0
0.0 0.0 0.0
0.0 0.0 0.0
0.0 0.0 0.0
0.0 0.0 0.0
0.0 0.0 0.0
0.0 0.0 0.0
0.0 0.0 0.0
0.0 0.0 0.0
0.0 0.0 0.0
0.0 0.0 0.0
0.0 0.0 0.0
0.0 0.0 0.0
0.0 0.0 0.0
0.0 0.0 0.0
0.0 0.0 0.0
0.0 0.0 0.0
0.0 0.0 0.0
0.0 0.0 0.0
0.0 0.0 0.0
0.0 0.0 0.0
0.0 0.0 0.0
0.0 0.0 0.0
0.0 0.0 0.0
0.0 0.0 0.0
0.0 0.0 0.0
0.0 0.0 0.0
0.0 0.0 0.0
0.0 0.0 0.0
0.0 0.0 0.0
0.0 0.0 0.0
0.0 0.0 0.0
0.0 0.0 0.0
0.0 0.0 0.0
0.0 0.0 0.0
0.0 0.0 0.0
0.0 0.0 0.0
0.0 0.0 0.0
0.0 0.0 0.0
0.0 0.0 0.0
0.0 0.0 0.0
0.0 0.0 0.0
0.0 0.0 0.0
0.0 0.0 0.0
0.0 0.0 0.0
0.0 0.0 0.0
0.0 0.0 0.0
0.0 0.0 0.0
0.0 0.0 0.0
0.0 0.0 0.0
0.0 0.0 0.0
0.0 0.0 0.0
0.0 0.0 0.0
0.0 0.0 0.0
0.0 0.0 0.0
0.0 0.0 0.0
0.0 0.0 0.0
0.0 0.0 0.0
0.0 0.0 0.0
0.0 0.0 0.0
0.0 0.0 0.0
0.0 0.0 0.0
0.0 0.0 0.0
0.0 0.0 0.0
0.0 0.0 0.0
0.0 0.0 0.0
0.0 0.0 0.0
0.0 0.0 0.0
0.0 0.0 0.0
0.0 0.0 0.0
0.0 0.0 0.0
0.0 0.0 0.0
0.0 0.0 0.0
0.0 0.0 0.0
0.0 0.0 0.0
0.0 0.0 0.0
0.0 0.0 0.0
0.0 0.0 0.0
0.0 0.0 0.0
0.0 0.0 0.0
0.0 0.0 0.0
0.0 0.0 0.0
0.0 0.0 0.0
0.0 0.0 0.0
0.0 0.0 0.0
0.0 0.0 0.0
0.0 0.0 0.0
0.0 0.0 0.0
0.0 0.0 0.0
0.0 0.0 0.0
0.0 0.0 0.0
0.0 0.0 0.0
0.0 0.0 0.0
0.0 0.0 0.0
0.0 0.0 0.0
0.0 0.0 0.0
0.0 0.0 0.0
0.0 0.0 0.0
0.0 0.0 0.0
0.0 0.0 0.0
0.0 0.0 0.0
0.0 0.0 0.0
0.0 0.0 0.0
0.0 0.0 0.0
0.0 0.0 0.0
0.0 0.0 0.0
0.0 0.0 0.0
0.0 0.0 0.0
0.0 0.0 0.0
0.0 0.0 0.0
0.0 0.0 0.0
0.0 0.0 0.0
0.0 0.0 0.0
0.0 0.0 0.0
0.0 0.0 0.0
0.0 0.0 0.0
0.0 0.0 0.0
0.0 0.0 0.0
0.0 0.0 0.0
0.0 0.0 0.0
0.0 0.0 0.0
0.0 0.0 0.0
0.0 0.0 0.0
0.0 0.0 0.0
0.0 0.0 0.0
0.0 0.0 0.0
0.0 0.0 0.0
0.0 0.0 0.0
0.0 0.0 0.0
0.0 0.0 0.0
0.0 0.0 0.0
0.0 0.0 0.0
0.0 0.0 0.0
0.0 0.0 0.0
0.0 0.0 0.0
0.0 0.0 0.0
0.0 0.0 0.0
0.0 0.0 0.0
0.0 0.0 0.0
0.0 0.0 0.0
0.0 0.0 0.0
0.0 0.0 0.0
0.0 0.0 0.0
-0.2928626239299774 39.325958251953125 -1.4953385591506958
0.0 0.0 0.0
0.0 0.0 0.0
0.0 0.0 0.0
0.0 0.0 0.0
0.0 0.0 0.0
0.0 0.0 0.0
0.0 0.0 0.0
0.0 0.0 0.0
0.0 0.0 0.0
0.0 0.0 0.0
0.0 0.0 0.0
3.0168426036834717 39.48932647705078 -1.5004557371139526
0.0 0.0 0.0
0.0 0.0 0.0
0.0 0.0 0.0
0.0 0.0 0.0
0.0 0.0 0.0
0.0 0.0 0.0
0.0 0.0 0.0
0.0 0.0 0.0
0.0 0.0 0.0
0.0 0.0 0.0
0.0 0.0 0.0
0.0 0.0 0.0
0.0 0.0 0.0
0.0 0.0 0.0
0.0 0.0 0.0
0.0 0.0 0.0
0.0 0.0 0.0
0.0 0.0 0.0
0.0 0.0 0.0
0.0 0.0 0.0
0.0 0.0 0.0
0.0 0.0 0.0
0.0 0.0 0.0
0.0 0.0 0.0
0.0 0.0 0.0
0.0 0.0 0.0
0.0 0.0 0.0
0.0 0.0 0.0
0.0 0.0 0.0
0.0 0.0 0.0
0.0 0.0 0.0
0.0 0.0 0.0
0.0 0.0 0.0
0.0 0.0 0.0
0.0 0.0 0.0
0.0 0.0 0.0
0.0 0.0 0.0
0.0 0.0 0.0
0.0 0.0 0.0
0.0 0.0 0.0
0.0 0.0 0.0
0.0 0.0 0.0
0.0 0.0 0.0
0.0 0.0 0.0
0.0 0.0 0.0
0.0 0.0 0.0
0.0 0.0 0.0
0.0 0.0 0.0
0.0 0.0 0.0
0.0 0.0 0.0
0.0 0.0 0.0
0.0 0.0 0.0
0.0 0.0 0.0
0.0 0.0 0.0
0.0 0.0 0.0
0.0 0.0 0.0
0.0 0.0 0.0
0.0 0.0 0.0
0.0 0.0 0.0
0.0 0.0 0.0
0.0 0.0 0.0
0.0 0.0 0.0
0.0 0.0 0.0
0.0 0.0 0.0
0.0 0.0 0.0
0.0 0.0 0.0
0.0 0.0 0.0
0.0 0.0 0.0
0.0 0.0 0.0
0.0 0.0 0.0
0.0 0.0 0.0
0.0 0.0 0.0
0.0 0.0 0.0
0.0 0.0 0.0
0.0 0.0 0.0
0.0 0.0 0.0
0.0 0.0 0.0
0.0 0.0 0.0
0.0 0.0 0.0
0.0 0.0 0.0
0.0 0.0 0.0
0.0 0.0 0.0
0.0 0.0 0.0
0.0 0.0 0.0
0.0 0.0 0.0
0.0 0.0 0.0
0.0 0.0 0.0
0.0 0.0 0.0
0.0 0.0 0.0
0.0 0.0 0.0
0.0 0.0 0.0
0.0 0.0 0.0
0.0 0.0 0.0
0.0 0.0 0.0
0.0 0.0 0.0
0.0 0.0 0.0
0.0 0.0 0.0
0.0 0.0 0.0
0.0 0.0 0.0
0.0 0.0 0.0
0.0 0.0 0.0
0.0 0.0 0.0
0.0 0.0 0.0
0.0 0.0 0.0
0.0 0.0 0.0
0.0 0.0 0.0
0.0 0.0 0.0
0.0 0.0 0.0
0.0 0.0 0.0
0.0 0.0 0.0
0.0 0.0 0.0
0.0 0.0 0.0
0.0 0.0 0.0
0.0 0.0 0.0
0.0 0.0 0.0
0.0 0.0 0.0
0.0 0.0 0.0
0.0 0.0 0.0
0.0 0.0 0.0
0.0 0.0 0.0
0.0 0.0 0.0
0.0 0.0 0.0
0.0 0.0 0.0
0.0 0.0 0.0
0.0 0.0 0.0
0.0 0.0 0.0
0.0 0.0 0.0
0.0 0.0 0.0
0.0 0.0 0.0
0.0 0.0 0.0
0.0 0.0 0.0
0.0 0.0 0.0
0.0 0.0 0.0
0.0 0.0 0.0
0.0 0.0 0.0
0.0 0.0 0.0
0.0 0.0 0.0
0.0 0.0 0.0
0.0 0.0 0.0
0.0 0.0 0.0
0.0 0.0 0.0
0.0 0.0 0.0
0.0 0.0 0.0
0.0 0.0 0.0
0.0 0.0 0.0
0.0 0.0 0.0
0.0 0.0 0.0
0.0 0.0 0.0
0.0 0.0 0.0
0.0 0.0 0.0
0.0 0.0 0.0
0.0 0.0 0.0
0.0 0.0 0.0
0.0 0.0 0.0
0.0 0.0 0.0
0.0 0.0 0.0
0.0 0.0 0.0
0.0 0.0 0.0
0.0 0.0 0.0
0.0 0.0 0.0
0.0 0.0 0.0
0.0 0.0 0.0
0.0 0.0 0.0
0.0 0.0 0.0
0.0 0.0 0.0
0.0 0.0 0.0
0.0 0.0 0.0
0.0 0.0 0.0
0.0 0.0 0.0
0.0 0.0 0.0
0.0 0.0 0.0
0.0 0.0 0.0
0.0 0.0 0.0
0.0 0.0 0.0
0.0 0.0 0.0
0.0 0.0 0.0
0.0 0.0 0.0
0.0 0.0 0.0
0.0 0.0 0.0
0.0 0.0 0.0
0.0 0.0 0.0
0.0 0.0 0.0
0.0 0.0 0.0
0.0 0.0 0.0
0.0 0.0 0.0
0.0 0.0 0.0
0.0 0.0 0.0
0.0 0.0 0.0
0.0 0.0 0.0
0.0 0.0 0.0
0.0 0.0 0.0
0.0 0.0 0.0
0.0 0.0 0.0
0.0 0.0 0.0
0.0 0.0 0.0
0.0 0.0 0.0
0.0 0.0 0.0
0.0 0.0 0.0
0.0 0.0 0.0
0.0 0.0 0.0
0.0 0.0 0.0
0.0 0.0 0.0
0.0 0.0 0.0
0.0 0.0 0.0
0.0 0.0 0.0
0.0 0.0 0.0
0.0 0.0 0.0
0.0 0.0 0.0
0.0 0.0 0.0
0.0 0.0 0.0
0.0 0.0 0.0
0.0 0.0 0.0
0.0 0.0 0.0
0.0 0.0 0.0
0.0 0.0 0.0
0.0 0.0 0.0
0.0 0.0 0.0
0.0 0.0 0.0
0.0 0.0 0.0
0.0 0.0 0.0
0.0 0.0 0.0
0.0 0.0 0.0
0.0 0.0 0.0
0.0 0.0 0.0
0.0 0.0 0.0
0.0 0.0 0.0
0.0 0.0 0.0
0.0 0.0 0.0
0.0 0.0 0.0
0.0 0.0 0.0
0.0 0.0 0.0
0.0 0.0 0.0
0.0 0.0 0.0
0.0 0.0 0.0
0.0 0.0 0.0
0.0 0.0 0.0
0.0 0.0 0.0
0.0 0.0 0.0
0.0 0.0 0.0
0.0 0.0 0.0
0.0 0.0 0.0
0.0 0.0 0.0
0.0 0.0 0.0
0.0 0.0 0.0
0.0 0.0 0.0
0.0 0.0 0.0
0.0 0.0 0.0
0.0 0.0 0.0
0.0 0.0 0.0
0.0 0.0 0.0
0.0 0.0 0.0
0.0 0.0 0.0
0.0 0.0 0.0
0.0 0.0 0.0
0.0 0.0 0.0
0.0 0.0 0.0
0.0 0.0 0.0
0.0 0.0 0.0
0.0 0.0 0.0
0.0 0.0 0.0
0.0 0.0 0.0
0.0 0.0 0.0
0.0 0.0 0.0
0.0 0.0 0.0
0.0 0.0 0.0
0.0 0.0 0.0
0.0 0.0 0.0
0.0 0.0 0.0
0.0 0.0 0.0
0.0 0.0 0.0
0.0 0.0 0.0
0.0 0.0 0.0
0.0 0.0 0.0
0.0 0.0 0.0
0.0 0.0 0.0
0.0 0.0 0.0
0.0 0.0 0.0
0.0 0.0 0.0
0.0 0.0 0.0
0.0 0.0 0.0
0.0 0.0 0.0
0.0 0.0 0.0
0.0 0.0 0.0
0.0 0.0 0.0
0.0 0.0 0.0
0.0 0.0 0.0
0.0 0.0 0.0
0.0 0.0 0.0
0.0 0.0 0.0
0.0 0.0 0.0
0.0 0.0 0.0
0.0 0.0 0.0
-8.297783851623535 19.506967544555664 -0.6026245951652527
0.0 0.0 0.0
0.0 0.0 0.0
0.0 0.0 0.0
0.0 0.0 0.0
0.0 0.0 0.0
0.0 0.0 0.0
0.0 0.0 0.0
0.0 0.0 0.0
0.0 0.0 0.0
0.0 0.0 0.0
0.0 0.0 0.0
0.0 0.0 0.0
0.0 0.0 0.0
0.0 0.0 0.0
0.0 0.0 0.0
0.0 0.0 0.0
0.0 0.0 0.0
0.0 0.0 0.0
0.0 0.0 0.0
0.0 0.0 0.0
0.0 0.0 0.0
0.0 0.0 0.0
0.0 0.0 0.0
0.0 0.0 0.0
0.0 0.0 0.0
0.0 0.0 0.0
0.0 0.0 0.0
0.0 0.0 0.0
0.0 0.0 0.0
0.0 0.0 0.0
0.0 0.0 0.0
0.0 0.0 0.0
0.0 0.0 0.0
0.0 0.0 0.0
0.0 0.0 0.0
0.0 0.0 0.0
-5.623176574707031 38.86515426635742 -1.3479926586151123
0.0 0.0 0.0
0.0 0.0 0.0
0.0 0.0 0.0
0.0 0.0 0.0
0.0 0.0 0.0
0.0 0.0 0.0
0.0 0.0 0.0
0.0 0.0 0.0
0.0 0.0 0.0
0.0 0.0 0.0
0.0 0.0 0.0
0.0 0.0 0.0
0.0 0.0 0.0
0.0 0.0 0.0
0.0 0.0 0.0
0.0 0.0 0.0
0.0 0.0 0.0
0.0 0.0 0.0
0.0 0.0 0.0
0.0 0.0 0.0
0.0 0.0 0.0
0.0 0.0 0.0
0.0 0.0 0.0
0.0 0.0 0.0
0.0 0.0 0.0
0.0 0.0 0.0
0.0 0.0 0.0
0.0 0.0 0.0
0.0 0.0 0.0
0.0 0.0 0.0
0.0 0.0 0.0
0.0 0.0 0.0
0.0 0.0 0.0
0.0 0.0 0.0
0.0 0.0 0.0
0.0 0.0 0.0
0.0 0.0 0.0
0.0 0.0 0.0
0.0 0.0 0.0
0.0 0.0 0.0
0.0 0.0 0.0
0.0 0.0 0.0
0.0 0.0 0.0
0.0 0.0 0.0
0.0 0.0 0.0
0.0 0.0 0.0
0.0 0.0 0.0
0.0 0.0 0.0
0.0 0.0 0.0
0.0 0.0 0.0
0.0 0.0 0.0
0.0 0.0 0.0
0.0 0.0 0.0
0.0 0.0 0.0
0.0 0.0 0.0
0.0 0.0 0.0
0.0 0.0 0.0
0.0 0.0 0.0
0.0 0.0 0.0
0.0 0.0 0.0
0.0 0.0 0.0
0.0 0.0 0.0
0.0 0.0 0.0
0.0 0.0 0.0
0.0 0.0 0.0
0.0 0.0 0.0
0.0 0.0 0.0
0.0 0.0 0.0
0.0 0.0 0.0
0.0 0.0 0.0
0.0 0.0 0.0
0.0 0.0 0.0
0.0 0.0 0.0
0.0 0.0 0.0
0.0 0.0 0.0
0.0 0.0 0.0
0.0 0.0 0.0
0.0 0.0 0.0
0.0 0.0 0.0
0.0 0.0 0.0
0.0 0.0 0.0
0.0 0.0 0.0
0.0 0.0 0.0
0.0 0.0 0.0
0.0 0.0 0.0
0.0 0.0 0.0
0.0 0.0 0.0
0.0 0.0 0.0
0.0 0.0 0.0
0.0 0.0 0.0
0.0 0.0 0.0
0.0 0.0 0.0
0.0 0.0 0.0
0.0 0.0 0.0
0.0 0.0 0.0
0.0 0.0 0.0
0.0 0.0 0.0
0.0 0.0 0.0
0.0 0.0 0.0
0.0 0.0 0.0
0.0 0.0 0.0
0.0 0.0 0.0
0.0 0.0 0.0
0.0 0.0 0.0
0.0 0.0 0.0
0.0 0.0 0.0
0.0 0.0 0.0
0.0 0.0 0.0
0.0 0.0 0.0
0.0 0.0 0.0
0.0 0.0 0.0
0.0 0.0 0.0
0.0 0.0 0.0
0.0 0.0 0.0
0.0 0.0 0.0
0.0 0.0 0.0
0.0 0.0 0.0
0.0 0.0 0.0
0.0 0.0 0.0
0.0 0.0 0.0
0.0 0.0 0.0
0.0 0.0 0.0
0.0 0.0 0.0
0.0 0.0 0.0
0.0 0.0 0.0
0.0 0.0 0.0
0.0 0.0 0.0
0.0 0.0 0.0
0.0 0.0 0.0
0.0 0.0 0.0
0.0 0.0 0.0
0.0 0.0 0.0
0.0 0.0 0.0
0.0 0.0 0.0
0.0 0.0 0.0
0.0 0.0 0.0
0.0 0.0 0.0
0.0 0.0 0.0
0.0 0.0 0.0
0.0 0.0 0.0
0.0 0.0 0.0
0.0 0.0 0.0
0.0 0.0 0.0
0.0 0.0 0.0
0.0 0.0 0.0
0.0 0.0 0.0
0.0 0.0 0.0
0.0 0.0 0.0
0.0 0.0 0.0
0.0 0.0 0.0
0.0 0.0 0.0
0.0 0.0 0.0
0.0 0.0 0.0
0.0 0.0 0.0
0.0 0.0 0.0
0.0 0.0 0.0
0.0 0.0 0.0
0.0 0.0 0.0
0.0 0.0 0.0
0.0 0.0 0.0
0.0 0.0 0.0
0.0 0.0 0.0
0.0 0.0 0.0
0.0 0.0 0.0
0.0 0.0 0.0
0.0 0.0 0.0
0.0 0.0 0.0
0.0 0.0 0.0
0.0 0.0 0.0
0.0 0.0 0.0
0.0 0.0 0.0
0.0 0.0 0.0
0.0 0.0 0.0
0.0 0.0 0.0
0.0 0.0 0.0
0.0 0.0 0.0
0.0 0.0 0.0
0.0 0.0 0.0
0.0 0.0 0.0
0.0 0.0 0.0
0.0 0.0 0.0
0.0 0.0 0.0
0.0 0.0 0.0
0.0 0.0 0.0
0.0 0.0 0.0
0.0 0.0 0.0
0.0 0.0 0.0
0.0 0.0 0.0
0.0 0.0 0.0
0.0 0.0 0.0
0.0 0.0 0.0
0.0 0.0 0.0
0.0 0.0 0.0
0.0 0.0 0.0
0.0 0.0 0.0
0.0 0.0 0.0
0.0 0.0 0.0
0.0 0.0 0.0
0.0 0.0 0.0
0.0 0.0 0.0
0.0 0.0 0.0
0.0 0.0 0.0
0.0 0.0 0.0
0.0 0.0 0.0
0.0 0.0 0.0
0.0 0.0 0.0
0.0 0.0 0.0
0.0 0.0 0.0
0.0 0.0 0.0
0.0 0.0 0.0
0.0 0.0 0.0
0.0 0.0 0.0
0.0 0.0 0.0
0.0 0.0 0.0
0.0 0.0 0.0
0.0 0.0 0.0
0.0 0.0 0.0
0.0 0.0 0.0
0.0 0.0 0.0
0.0 0.0 0.0
0.0 0.0 0.0
0.0 0.0 0.0
0.0 0.0 0.0
0.0 0.0 0.0
0.0 0.0 0.0
0.0 0.0 0.0
0.0 0.0 0.0
0.0 0.0 0.0
0.0 0.0 0.0
0.0 0.0 0.0
0.0 0.0 0.0
0.0 0.0 0.0
0.0 0.0 0.0
0.0 0.0 0.0
0.0 0.0 0.0
0.0 0.0 0.0
0.0 0.0 0.0
0.0 0.0 0.0
0.0 0.0 0.0
0.0 0.0 0.0
0.0 0.0 0.0
0.0 0.0 0.0
0.0 0.0 0.0
0.0 0.0 0.0
0.0 0.0 0.0
0.0 0.0 0.0
0.0 0.0 0.0
0.0 0.0 0.0
0.0 0.0 0.0
0.0 0.0 0.0
0.0 0.0 0.0
0.0 0.0 0.0
0.0 0.0 0.0
0.0 0.0 0.0
0.0 0.0 0.0
0.0 0.0 0.0
0.0 0.0 0.0
0.0 0.0 0.0
0.0 0.0 0.0
0.0 0.0 0.0
0.0 0.0 0.0
0.0 0.0 0.0
0.0 0.0 0.0
0.0 0.0 0.0
0.0 0.0 0.0
0.0 0.0 0.0
0.0 0.0 0.0
0.0 0.0 0.0
0.0 0.0 0.0
0.0 0.0 0.0
0.0 0.0 0.0
0.0 0.0 0.0
0.0 0.0 0.0
0.0 0.0 0.0
0.0 0.0 0.0
0.0 0.0 0.0
0.0 0.0 0.0
0.0 0.0 0.0
0.0 0.0 0.0
0.0 0.0 0.0
0.0 0.0 0.0
0.0 0.0 0.0
0.0 0.0 0.0
0.0 0.0 0.0
0.0 0.0 0.0
0.0 0.0 0.0
0.0 0.0 0.0
0.0 0.0 0.0
0.0 0.0 0.0
0.0 0.0 0.0
0.0 0.0 0.0
0.0 0.0 0.0
0.0 0.0 0.0
0.0 0.0 0.0
0.0 0.0 0.0
0.0 0.0 0.0
0.0 0.0 0.0
0.0 0.0 0.0
0.0 0.0 0.0
0.0 0.0 0.0
0.0 0.0 0.0
0.0 0.0 0.0
0.0 0.0 0.0
0.0 0.0 0.0
0.0 0.0 0.0
0.0 0.0 0.0
0.0 0.0 0.0
0.0 0.0 0.0
0.0 0.0 0.0
0.0 0.0 0.0
0.0 0.0 0.0
0.0 0.0 0.0
0.0 0.0 0.0
0.0 0.0 0.0
0.0 0.0 0.0
0.0 0.0 0.0
0.0 0.0 0.0
0.0 0.0 0.0
0.0 0.0 0.0
0.0 0.0 0.0
0.0 0.0 0.0
0.0 0.0 0.0
0.0 0.0 0.0
0.0 0.0 0.0
0.0 0.0 0.0
0.0 0.0 0.0
0.0 0.0 0.0
0.0 0.0 0.0
0.0 0.0 0.0
0.0 0.0 0.0
0.0 0.0 0.0
0.0 0.0 0.0
0.0 0.0 0.0
0.0 0.0 0.0
0.0 0.0 0.0
0.0 0.0 0.0
0.0 0.0 0.0
0.0 0.0 0.0
0.0 0.0 0.0
0.0 0.0 0.0
0.0 0.0 0.0
0.0 0.0 0.0
0.0 0.0 0.0
0.0 0.0 0.0
0.0 0.0 0.0
0.0 0.0 0.0
0.0 0.0 0.0
0.0 0.0 0.0
0.0 0.0 0.0
0.0 0.0 0.0
0.0 0.0 0.0
0.0 0.0 0.0
0.0 0.0 0.0
0.0 0.0 0.0
0.0 0.0 0.0
0.0 0.0 0.0
0.0 0.0 0.0
0.0 0.0 0.0
0.0 0.0 0.0
0.0 0.0 0.0
0.0 0.0 0.0
0.0 0.0 0.0
0.0 0.0 0.0
0.0 0.0 0.0
0.0 0.0 0.0
0.0 0.0 0.0
0.0 0.0 0.0
0.0 0.0 0.0
0.0 0.0 0.0
0.0 0.0 0.0
0.0 0.0 0.0
0.0 0.0 0.0
0.0 0.0 0.0
0.0 0.0 0.0
0.0 0.0 0.0
0.0 0.0 0.0
0.0 0.0 0.0
0.0 0.0 0.0
0.0 0.0 0.0
0.0 0.0 0.0
0.0 0.0 0.0
-0.30258092284202576 40.6568717956543 -1.3282170295715332
0.0 0.0 0.0
0.0 0.0 0.0
0.0 0.0 0.0
0.0 0.0 0.0
0.0 0.0 0.0
0.0 0.0 0.0
0.0 0.0 0.0
0.0 0.0 0.0
0.0 0.0 0.0
0.0 0.0 0.0
0.0 0.0 0.0
0.0 0.0 0.0
0.0 0.0 0.0
0.0 0.0 0.0
0.0 0.0 0.0
0.0 0.0 0.0
0.0 0.0 0.0
0.0 0.0 0.0
0.0 0.0 0.0
0.0 0.0 0.0
0.0 0.0 0.0
0.0 0.0 0.0
0.0 0.0 0.0
0.0 0.0 0.0
0.0 0.0 0.0
0.0 0.0 0.0
0.0 0.0 0.0
0.0 0.0 0.0
0.0 0.0 0.0
0.0 0.0 0.0
0.0 0.0 0.0
0.0 0.0 0.0
0.0 0.0 0.0
0.0 0.0 0.0
0.0 0.0 0.0
0.0 0.0 0.0
0.0 0.0 0.0
0.0 0.0 0.0
0.0 0.0 0.0
0.0 0.0 0.0
0.0 0.0 0.0
0.0 0.0 0.0
0.0 0.0 0.0
0.0 0.0 0.0
0.0 0.0 0.0
0.0 0.0 0.0
0.0 0.0 0.0
0.0 0.0 0.0
0.0 0.0 0.0
0.0 0.0 0.0
0.0 0.0 0.0
0.0 0.0 0.0
0.0 0.0 0.0
0.0 0.0 0.0
0.0 0.0 0.0
0.0 0.0 0.0
0.0 0.0 0.0
0.0 0.0 0.0
0.0 0.0 0.0
0.0 0.0 0.0
0.0 0.0 0.0
0.0 0.0 0.0
0.0 0.0 0.0
0.0 0.0 0.0
0.0 0.0 0.0
0.0 0.0 0.0
0.0 0.0 0.0
0.0 0.0 0.0
0.0 0.0 0.0
0.0 0.0 0.0
0.0 0.0 0.0
0.0 0.0 0.0
0.0 0.0 0.0
0.0 0.0 0.0
0.0 0.0 0.0
0.0 0.0 0.0
0.0 0.0 0.0
0.0 0.0 0.0
0.0 0.0 0.0
0.0 0.0 0.0
0.0 0.0 0.0
0.0 0.0 0.0
0.0 0.0 0.0
0.0 0.0 0.0
0.0 0.0 0.0
0.0 0.0 0.0
0.0 0.0 0.0
0.0 0.0 0.0
0.0 0.0 0.0
0.0 0.0 0.0
0.0 0.0 0.0
0.0 0.0 0.0
0.0 0.0 0.0
0.0 0.0 0.0
0.0 0.0 0.0
0.0 0.0 0.0
0.0 0.0 0.0
0.0 0.0 0.0
0.0 0.0 0.0
0.0 0.0 0.0
0.0 0.0 0.0
0.0 0.0 0.0
0.0 0.0 0.0
0.0 0.0 0.0
0.0 0.0 0.0
0.0 0.0 0.0
0.0 0.0 0.0
0.0 0.0 0.0
0.0 0.0 0.0
0.0 0.0 0.0
0.0 0.0 0.0
0.0 0.0 0.0
0.0 0.0 0.0
0.0 0.0 0.0
0.0 0.0 0.0
0.0 0.0 0.0
0.0 0.0 0.0
0.0 0.0 0.0
0.0 0.0 0.0
0.0 0.0 0.0
0.0 0.0 0.0
0.0 0.0 0.0
0.0 0.0 0.0
0.0 0.0 0.0
0.0 0.0 0.0
0.0 0.0 0.0
0.0 0.0 0.0
0.0 0.0 0.0
0.0 0.0 0.0
0.0 0.0 0.0
0.0 0.0 0.0
0.0 0.0 0.0
0.0 0.0 0.0
0.0 0.0 0.0
0.0 0.0 0.0
0.0 0.0 0.0
0.0 0.0 0.0
0.0 0.0 0.0
0.0 0.0 0.0
0.0 0.0 0.0
0.0 0.0 0.0
0.0 0.0 0.0
0.0 0.0 0.0
0.0 0.0 0.0
0.0 0.0 0.0
0.0 0.0 0.0
0.0 0.0 0.0
0.0 0.0 0.0
0.0 0.0 0.0
0.0 0.0 0.0
0.0 0.0 0.0
0.0 0.0 0.0
0.0 0.0 0.0
0.0 0.0 0.0
0.0 0.0 0.0
0.0 0.0 0.0
0.0 0.0 0.0
0.0 0.0 0.0
0.0 0.0 0.0
0.0 0.0 0.0
0.0 0.0 0.0
0.0 0.0 0.0
0.0 0.0 0.0
0.0 0.0 0.0
0.0 0.0 0.0
0.0 0.0 0.0
0.0 0.0 0.0
0.0 0.0 0.0
0.0 0.0 0.0
0.0 0.0 0.0
0.0 0.0 0.0
0.0 0.0 0.0
0.0 0.0 0.0
0.0 0.0 0.0
0.0 0.0 0.0
0.0 0.0 0.0
0.0 0.0 0.0
0.0 0.0 0.0
0.0 0.0 0.0
0.0 0.0 0.0
0.0 0.0 0.0
0.0 0.0 0.0
0.0 0.0 0.0
0.0 0.0 0.0
0.0 0.0 0.0
0.0 0.0 0.0
0.0 0.0 0.0
0.0 0.0 0.0
0.0 0.0 0.0
0.0 0.0 0.0
0.0 0.0 0.0
0.0 0.0 0.0
0.0 0.0 0.0
0.0 0.0 0.0
0.0 0.0 0.0
0.0 0.0 0.0
0.0 0.0 0.0
0.0 0.0 0.0
0.0 0.0 0.0
0.0 0.0 0.0
0.0 0.0 0.0
0.0 0.0 0.0
0.0 0.0 0.0
0.0 0.0 0.0
0.0 0.0 0.0
0.0 0.0 0.0
0.0 0.0 0.0
0.0 0.0 0.0
0.0 0.0 0.0
0.0 0.0 0.0
0.0 0.0 0.0
0.0 0.0 0.0
0.0 0.0 0.0
0.0 0.0 0.0
0.0 0.0 0.0
0.0 0.0 0.0
0.0 0.0 0.0
0.0 0.0 0.0
0.0 0.0 0.0
0.0 0.0 0.0
0.0 0.0 0.0
0.0 0.0 0.0
0.0 0.0 0.0
0.0 0.0 0.0
0.0 0.0 0.0
0.0 0.0 0.0
0.0 0.0 0.0
0.0 0.0 0.0
0.0 0.0 0.0
0.0 0.0 0.0
0.0 0.0 0.0
0.0 0.0 0.0
0.0 0.0 0.0
0.0 0.0 0.0
0.0 0.0 0.0
0.0 0.0 0.0
0.0 0.0 0.0
0.0 0.0 0.0
0.0 0.0 0.0
0.0 0.0 0.0
0.0 0.0 0.0
0.0 0.0 0.0
0.0 0.0 0.0
0.0 0.0 0.0
0.0 0.0 0.0
0.0 0.0 0.0
0.0 0.0 0.0
0.0 0.0 0.0
0.0 0.0 0.0
0.0 0.0 0.0
0.0 0.0 0.0
0.0 0.0 0.0
0.0 0.0 0.0
0.0 0.0 0.0
0.0 0.0 0.0
0.0 0.0 0.0
0.0 0.0 0.0
0.0 0.0 0.0
0.0 0.0 0.0
0.0 0.0 0.0
0.0 0.0 0.0
0.0 0.0 0.0
0.0 0.0 0.0
0.0 0.0 0.0
0.0 0.0 0.0
0.0 0.0 0.0
0.0 0.0 0.0
0.0 0.0 0.0
0.0 0.0 0.0
0.0 0.0 0.0
0.0 0.0 0.0
0.0 0.0 0.0
0.0 0.0 0.0
0.0 0.0 0.0
0.0 0.0 0.0
0.0 0.0 0.0
0.0 0.0 0.0
0.0 0.0 0.0
0.0 0.0 0.0
0.0 0.0 0.0
0.0 0.0 0.0
0.0 0.0 0.0
0.0 0.0 0.0
0.0 0.0 0.0
0.0 0.0 0.0
0.0 0.0 0.0
0.0 0.0 0.0
0.0 0.0 0.0
0.0 0.0 0.0
0.0 0.0 0.0
0.0 0.0 0.0
0.0 0.0 0.0
0.0 0.0 0.0
0.0 0.0 0.0
0.0 0.0 0.0
0.0 0.0 0.0
0.0 0.0 0.0
0.0 0.0 0.0
0.0 0.0 0.0
0.0 0.0 0.0
0.0 0.0 0.0
0.0 0.0 0.0
0.0 0.0 0.0
0.0 0.0 0.0
0.0 0.0 0.0
0.0 0.0 0.0
0.0 0.0 0.0
0.0 0.0 0.0
0.0 0.0 0.0
0.0 0.0 0.0
0.0 0.0 0.0
0.0 0.0 0.0
0.0 0.0 0.0
0.0 0.0 0.0
0.0 0.0 0.0
0.0 0.0 0.0
0.0 0.0 0.0
0.0 0.0 0.0
0.0 0.0 0.0
0.0 0.0 0.0
0.0 0.0 0.0
0.0 0.0 0.0
0.0 0.0 0.0
0.0 0.0 0.0
0.0 0.0 0.0
0.0 0.0 0.0
0.0 0.0 0.0
0.0 0.0 0.0
0.0 0.0 0.0
0.0 0.0 0.0
0.0 0.0 0.0
0.0 0.0 0.0
0.0 0.0 0.0
0.0 0.0 0.0
0.0 0.0 0.0
0.0 0.0 0.0
0.0 0.0 0.0
0.0 0.0 0.0
0.0 0.0 0.0
0.0 0.0 0.0
0.0 0.0 0.0
0.0 0.0 0.0
0.0 0.0 0.0
0.0 0.0 0.0
0.0 0.0 0.0
0.0 0.0 0.0
0.0 0.0 0.0
0.0 0.0 0.0
0.0 0.0 0.0
-3.589834690093994 40.804901123046875 -1.2133128643035889
0.0 0.0 0.0
0.0 0.0 0.0
0.0 0.0 0.0
0.0 0.0 0.0
0.0 0.0 0.0
0.0 0.0 0.0
0.0 0.0 0.0
0.0 0.0 0.0
0.0 0.0 0.0
0.0 0.0 0.0
-0.44419217109680176 40.48717498779297 -1.2142452001571655
0.0 0.0 0.0
0.0 0.0 0.0
0.0 0.0 0.0
0.0 0.0 0.0
0.0 0.0 0.0
0.0 0.0 0.0
0.0 0.0 0.0
0.0 0.0 0.0
0.0 0.0 0.0
0.0 0.0 0.0
0.0 0.0 0.0
0.0 0.0 0.0
0.0 0.0 0.0
0.0 0.0 0.0
0.0 0.0 0.0
0.0 0.0 0.0
0.0 0.0 0.0
0.0 0.0 0.0
0.0 0.0 0.0
0.0 0.0 0.0
0.0 0.0 0.0
0.0 0.0 0.0
0.0 0.0 0.0
0.0 0.0 0.0
0.0 0.0 0.0
0.0 0.0 0.0
0.0 0.0 0.0
0.0 0.0 0.0
0.0 0.0 0.0
0.0 0.0 0.0
0.0 0.0 0.0
0.0 0.0 0.0
0.0 0.0 0.0
0.0 0.0 0.0
0.0 0.0 0.0
0.0 0.0 0.0
0.0 0.0 0.0
0.0 0.0 0.0
0.0 0.0 0.0
0.0 0.0 0.0
0.0 0.0 0.0
0.0 0.0 0.0
0.0 0.0 0.0
0.0 0.0 0.0
0.0 0.0 0.0
0.0 0.0 0.0
0.0 0.0 0.0
0.0 0.0 0.0
0.0 0.0 0.0
0.0 0.0 0.0
0.0 0.0 0.0
0.0 0.0 0.0
0.0 0.0 0.0
0.0 0.0 0.0
0.0 0.0 0.0
0.0 0.0 0.0
0.0 0.0 0.0
0.0 0.0 0.0
0.0 0.0 0.0
0.0 0.0 0.0
0.0 0.0 0.0
0.0 0.0 0.0
0.0 0.0 0.0
0.0 0.0 0.0
0.0 0.0 0.0
0.0 0.0 0.0
0.0 0.0 0.0
0.0 0.0 0.0
0.0 0.0 0.0
0.0 0.0 0.0
0.0 0.0 0.0
0.0 0.0 0.0
0.0 0.0 0.0
0.0 0.0 0.0
0.0 0.0 0.0
0.0 0.0 0.0
0.0 0.0 0.0
0.0 0.0 0.0
0.0 0.0 0.0
0.0 0.0 0.0
0.0 0.0 0.0
0.0 0.0 0.0
0.0 0.0 0.0
0.0 0.0 0.0
0.0 0.0 0.0
0.0 0.0 0.0
0.0 0.0 0.0
0.0 0.0 0.0
0.0 0.0 0.0
0.0 0.0 0.0
0.0 0.0 0.0
0.0 0.0 0.0
0.0 0.0 0.0
0.0 0.0 0.0
0.0 0.0 0.0
0.0 0.0 0.0
0.0 0.0 0.0
0.0 0.0 0.0
0.0 0.0 0.0
0.0 0.0 0.0
0.0 0.0 0.0
0.0 0.0 0.0
88.26508331298828 140.95127868652344 2.3994579315185547
0.0 0.0 0.0
0.0 0.0 0.0
0.0 0.0 0.0
0.0 0.0 0.0
0.0 0.0 0.0
0.0 0.0 0.0
0.0 0.0 0.0
0.0 0.0 0.0
0.0 0.0 0.0
0.0 0.0 0.0
0.0 0.0 0.0
0.0 0.0 0.0
0.0 0.0 0.0
0.0 0.0 0.0
0.0 0.0 0.0
0.0 0.0 0.0
0.0 0.0 0.0
0.0 0.0 0.0
0.0 0.0 0.0
0.0 0.0 0.0
0.0 0.0 0.0
0.0 0.0 0.0
0.0 0.0 0.0
0.0 0.0 0.0
0.0 0.0 0.0
0.0 0.0 0.0
0.0 0.0 0.0
0.0 0.0 0.0
0.0 0.0 0.0
0.0 0.0 0.0
0.0 0.0 0.0
0.0 0.0 0.0
0.0 0.0 0.0
0.0 0.0 0.0
0.0 0.0 0.0
0.0 0.0 0.0
0.0 0.0 0.0
0.0 0.0 0.0
0.0 0.0 0.0
0.0 0.0 0.0
0.0 0.0 0.0
0.0 0.0 0.0
0.0 0.0 0.0
0.0 0.0 0.0
0.0 0.0 0.0
0.0 0.0 0.0
0.0 0.0 0.0
0.0 0.0 0.0
0.0 0.0 0.0
0.0 0.0 0.0
0.0 0.0 0.0
0.0 0.0 0.0
0.0 0.0 0.0
0.0 0.0 0.0
0.0 0.0 0.0
0.0 0.0 0.0
0.0 0.0 0.0
0.0 0.0 0.0
0.0 0.0 0.0
0.0 0.0 0.0
0.0 0.0 0.0
0.0 0.0 0.0
0.0 0.0 0.0
0.0 0.0 0.0
0.0 0.0 0.0
0.0 0.0 0.0
0.0 0.0 0.0
0.0 0.0 0.0
0.0 0.0 0.0
0.0 0.0 0.0
0.0 0.0 0.0
0.0 0.0 0.0
0.0 0.0 0.0
0.0 0.0 0.0
8.111311912536621 229.5605926513672 8.869059562683105
0.0 0.0 0.0
0.0 0.0 0.0
0.0 0.0 0.0
0.0 0.0 0.0
0.0 0.0 0.0
0.0 0.0 0.0
0.0 0.0 0.0
0.0 0.0 0.0
0.0 0.0 0.0
0.0 0.0 0.0
0.0 0.0 0.0
0.0 0.0 0.0
0.0 0.0 0.0
0.0 0.0 0.0
0.0 0.0 0.0
0.0 0.0 0.0
0.0 0.0 0.0
0.0 0.0 0.0
0.0 0.0 0.0
0.0 0.0 0.0
0.0 0.0 0.0
0.0 0.0 0.0
0.0 0.0 0.0
0.0 0.0 0.0
0.0 0.0 0.0
0.0 0.0 0.0
0.0 0.0 0.0
0.0 0.0 0.0
0.0 0.0 0.0
0.0 0.0 0.0
0.0 0.0 0.0
0.0 0.0 0.0
0.0 0.0 0.0
0.0 0.0 0.0
0.0 0.0 0.0
0.0 0.0 0.0
0.0 0.0 0.0
0.0 0.0 0.0
0.0 0.0 0.0
0.0 0.0 0.0
0.0 0.0 0.0
0.0 0.0 0.0
0.0 0.0 0.0
0.0 0.0 0.0
0.0 0.0 0.0
0.0 0.0 0.0
0.0 0.0 0.0
0.0 0.0 0.0
0.0 0.0 0.0
0.0 0.0 0.0
0.0 0.0 0.0
0.0 0.0 0.0
0.0 0.0 0.0
0.0 0.0 0.0
0.0 0.0 0.0
0.0 0.0 0.0
0.0 0.0 0.0
0.0 0.0 0.0
0.0 0.0 0.0
0.0 0.0 0.0
0.0 0.0 0.0
0.0 0.0 0.0
0.0 0.0 0.0
0.0 0.0 0.0
0.0 0.0 0.0
0.0 0.0 0.0
0.0 0.0 0.0
0.0 0.0 0.0
0.0 0.0 0.0
0.0 0.0 0.0
0.0 0.0 0.0
0.0 0.0 0.0
0.0 0.0 0.0
0.0 0.0 0.0
0.0 0.0 0.0
0.0 0.0 0.0
0.0 0.0 0.0
0.0 0.0 0.0
0.0 0.0 0.0
0.0 0.0 0.0
0.0 0.0 0.0
0.0 0.0 0.0
0.0 0.0 0.0
0.0 0.0 0.0
0.0 0.0 0.0
0.0 0.0 0.0
0.0 0.0 0.0
0.0 0.0 0.0
0.0 0.0 0.0
0.0 0.0 0.0
0.0 0.0 0.0
0.0 0.0 0.0
0.0 0.0 0.0
0.0 0.0 0.0
0.0 0.0 0.0
0.0 0.0 0.0
0.0 0.0 0.0
0.0 0.0 0.0
0.0 0.0 0.0
0.0 0.0 0.0
0.0 0.0 0.0
0.0 0.0 0.0
0.0 0.0 0.0
0.0 0.0 0.0
0.0 0.0 0.0
0.0 0.0 0.0
0.0 0.0 0.0
0.0 0.0 0.0
0.0 0.0 0.0
0.0 0.0 0.0
0.0 0.0 0.0
0.0 0.0 0.0
0.0 0.0 0.0
0.0 0.0 0.0
0.0 0.0 0.0
0.0 0.0 0.0
0.0 0.0 0.0
0.0 0.0 0.0
0.0 0.0 0.0
0.0 0.0 0.0
0.0 0.0 0.0
0.0 0.0 0.0
0.0 0.0 0.0
0.0 0.0 0.0
0.0 0.0 0.0
0.0 0.0 0.0
0.0 0.0 0.0
0.0 0.0 0.0
0.0 0.0 0.0
0.0 0.0 0.0
0.0 0.0 0.0
0.0 0.0 0.0
0.0 0.0 0.0
0.0 0.0 0.0
0.0 0.0 0.0
0.0 0.0 0.0
0.0 0.0 0.0
0.0 0.0 0.0
0.0 0.0 0.0
0.0 0.0 0.0
0.0 0.0 0.0
0.0 0.0 0.0
0.0 0.0 0.0
0.0 0.0 0.0
0.0 0.0 0.0
0.0 0.0 0.0
0.0 0.0 0.0
0.0 0.0 0.0
0.0 0.0 0.0
0.0 0.0 0.0
0.0 0.0 0.0
0.0 0.0 0.0
0.0 0.0 0.0
0.0 0.0 0.0
0.0 0.0 0.0
0.0 0.0 0.0
0.0 0.0 0.0
0.0 0.0 0.0
0.0 0.0 0.0
0.0 0.0 0.0
0.0 0.0 0.0
0.0 0.0 0.0
0.0 0.0 0.0
0.0 0.0 0.0
0.0 0.0 0.0
0.0 0.0 0.0
0.0 0.0 0.0
0.0 0.0 0.0
0.0 0.0 0.0
0.0 0.0 0.0
0.0 0.0 0.0
0.0 0.0 0.0
0.0 0.0 0.0
0.0 0.0 0.0
0.0 0.0 0.0
0.0 0.0 0.0
0.0 0.0 0.0
0.0 0.0 0.0
0.0 0.0 0.0
0.0 0.0 0.0
0.0 0.0 0.0
0.0 0.0 0.0
0.0 0.0 0.0
0.0 0.0 0.0
0.0 0.0 0.0
0.0 0.0 0.0
0.0 0.0 0.0
0.0 0.0 0.0
0.0 0.0 0.0
0.0 0.0 0.0
0.0 0.0 0.0
0.0 0.0 0.0
0.0 0.0 0.0
0.0 0.0 0.0
0.0 0.0 0.0
0.0 0.0 0.0
0.0 0.0 0.0
0.0 0.0 0.0
0.0 0.0 0.0
0.0 0.0 0.0
0.0 0.0 0.0
0.0 0.0 0.0
0.0 0.0 0.0
0.0 0.0 0.0
0.0 0.0 0.0
0.0 0.0 0.0
0.0 0.0 0.0
0.0 0.0 0.0
0.0 0.0 0.0
0.0 0.0 0.0
0.0 0.0 0.0
0.0 0.0 0.0
0.0 0.0 0.0
0.0 0.0 0.0
0.0 0.0 0.0
0.0 0.0 0.0
0.0 0.0 0.0
0.0 0.0 0.0
0.0 0.0 0.0
0.0 0.0 0.0
0.0 0.0 0.0
0.0 0.0 0.0
0.0 0.0 0.0
0.0 0.0 0.0
0.0 0.0 0.0
0.0 0.0 0.0
0.0 0.0 0.0
0.0 0.0 0.0
0.0 0.0 0.0
0.0 0.0 0.0
0.0 0.0 0.0
0.0 0.0 0.0
0.0 0.0 0.0
0.0 0.0 0.0
0.0 0.0 0.0
0.0 0.0 0.0
0.0 0.0 0.0
0.0 0.0 0.0
0.0 0.0 0.0
0.0 0.0 0.0
0.0 0.0 0.0
0.0 0.0 0.0
0.0 0.0 0.0
0.0 0.0 0.0
0.0 0.0 0.0
0.0 0.0 0.0
0.0 0.0 0.0
0.0 0.0 0.0
0.0 0.0 0.0
0.0 0.0 0.0
0.0 0.0 0.0
0.0 0.0 0.0
0.0 0.0 0.0
0.0 0.0 0.0
0.0 0.0 0.0
0.0 0.0 0.0
0.0 0.0 0.0
0.0 0.0 0.0
0.0 0.0 0.0
0.0 0.0 0.0
0.0 0.0 0.0
0.0 0.0 0.0
0.0 0.0 0.0
0.0 0.0 0.0
0.0 0.0 0.0
0.0 0.0 0.0
0.0 0.0 0.0
0.0 0.0 0.0
0.0 0.0 0.0
0.0 0.0 0.0
0.0 0.0 0.0
0.0 0.0 0.0
0.0 0.0 0.0
0.0 0.0 0.0
0.0 0.0 0.0
0.0 0.0 0.0
0.0 0.0 0.0
0.0 0.0 0.0
0.0 0.0 0.0
0.0 0.0 0.0
0.0 0.0 0.0
0.0 0.0 0.0
0.0 0.0 0.0
0.0 0.0 0.0
0.0 0.0 0.0
0.0 0.0 0.0
0.0 0.0 0.0
0.0 0.0 0.0
0.0 0.0 0.0
0.0 0.0 0.0
0.0 0.0 0.0
0.0 0.0 0.0
0.0 0.0 0.0
0.0 0.0 0.0
0.0 0.0 0.0
0.0 0.0 0.0
0.0 0.0 0.0
0.0 0.0 0.0
0.0 0.0 0.0
0.0 0.0 0.0
0.0 0.0 0.0
0.0 0.0 0.0
0.0 0.0 0.0
0.0 0.0 0.0
0.0 0.0 0.0
0.0 0.0 0.0
0.0 0.0 0.0
0.0 0.0 0.0
0.0 0.0 0.0
0.0 0.0 0.0
0.0 0.0 0.0
0.0 0.0 0.0
0.0 0.0 0.0
0.0 0.0 0.0
0.0 0.0 0.0
0.0 0.0 0.0
0.0 0.0 0.0
0.0 0.0 0.0
0.0 0.0 0.0
0.0 0.0 0.0
0.0 0.0 0.0
0.0 0.0 0.0
0.0 0.0 0.0
0.0 0.0 0.0
0.0 0.0 0.0
0.0 0.0 0.0
0.0 0.0 0.0
0.0 0.0 0.0
0.0 0.0 0.0
0.0 0.0 0.0
0.0 0.0 0.0
0.0 0.0 0.0
0.0 0.0 0.0
0.0 0.0 0.0
0.0 0.0 0.0
0.0 0.0 0.0
0.0 0.0 0.0
0.0 0.0 0.0
0.0 0.0 0.0
0.0 0.0 0.0
0.0 0.0 0.0
0.0 0.0 0.0
0.0 0.0 0.0
0.0 0.0 0.0
0.0 0.0 0.0
0.0 0.0 0.0
0.0 0.0 0.0
0.0 0.0 0.0
0.0 0.0 0.0
0.0 0.0 0.0
0.0 0.0 0.0
0.0 0.0 0.0
0.0 0.0 0.0
0.0 0.0 0.0
0.0 0.0 0.0
0.0 0.0 0.0
0.0 0.0 0.0
0.0 0.0 0.0
0.0 0.0 0.0
0.0 0.0 0.0
0.0 0.0 0.0
0.0 0.0 0.0
0.0 0.0 0.0
0.0 0.0 0.0
0.0 0.0 0.0
0.0 0.0 0.0
0.0 0.0 0.0
0.0 0.0 0.0
0.0 0.0 0.0
0.0 0.0 0.0
0.0 0.0 0.0
0.0 0.0 0.0
0.0 0.0 0.0
0.0 0.0 0.0
0.0 0.0 0.0
0.0 0.0 0.0
0.0 0.0 0.0
0.0 0.0 0.0
0.0 0.0 0.0
0.0 0.0 0.0
0.0 0.0 0.0
0.0 0.0 0.0
0.0 0.0 0.0
0.0 0.0 0.0
0.0 0.0 0.0
0.0 0.0 0.0
0.0 0.0 0.0
0.0 0.0 0.0
0.0 0.0 0.0
0.0 0.0 0.0
0.0 0.0 0.0
0.0 0.0 0.0
0.0 0.0 0.0
0.0 0.0 0.0
0.0 0.0 0.0
0.0 0.0 0.0
0.0 0.0 0.0
0.0 0.0 0.0
0.0 0.0 0.0
0.0 0.0 0.0
0.0 0.0 0.0
0.0 0.0 0.0
0.0 0.0 0.0
0.0 0.0 0.0
0.0 0.0 0.0
0.0 0.0 0.0
0.0 0.0 0.0
0.0 0.0 0.0
0.0 0.0 0.0
0.0 0.0 0.0
0.0 0.0 0.0
0.0 0.0 0.0
0.0 0.0 0.0
0.0 0.0 0.0
0.0 0.0 0.0
0.0 0.0 0.0
0.0 0.0 0.0
0.0 0.0 0.0
0.0 0.0 0.0
0.0 0.0 0.0
0.0 0.0 0.0
0.0 0.0 0.0
0.0 0.0 0.0
0.0 0.0 0.0
0.0 0.0 0.0
0.0 0.0 0.0
0.0 0.0 0.0
0.0 0.0 0.0
0.0 0.0 0.0
0.0 0.0 0.0
0.0 0.0 0.0
0.0 0.0 0.0
0.0 0.0 0.0
0.0 0.0 0.0
0.0 0.0 0.0
0.0 0.0 0.0
0.0 0.0 0.0
0.0 0.0 0.0
0.0 0.0 0.0
0.0 0.0 0.0
0.0 0.0 0.0
0.0 0.0 0.0
0.0 0.0 0.0
0.0 0.0 0.0
0.0 0.0 0.0
0.0 0.0 0.0
0.0 0.0 0.0
0.0 0.0 0.0
0.0 0.0 0.0
0.0 0.0 0.0
0.0 0.0 0.0
0.0 0.0 0.0
0.0 0.0 0.0
0.0 0.0 0.0
0.0 0.0 0.0
0.0 0.0 0.0
0.0 0.0 0.0
0.0 0.0 0.0
0.0 0.0 0.0
0.0 0.0 0.0
0.0 0.0 0.0
0.0 0.0 0.0
0.0 0.0 0.0
0.0 0.0 0.0
0.0 0.0 0.0
0.0 0.0 0.0
0.0 0.0 0.0
0.0 0.0 0.0
0.0 0.0 0.0
0.0 0.0 0.0
0.0 0.0 0.0
0.0 0.0 0.0
0.0 0.0 0.0
0.0 0.0 0.0
0.0 0.0 0.0
0.0 0.0 0.0
0.0 0.0 0.0
0.0 0.0 0.0
0.0 0.0 0.0
0.0 0.0 0.0
0.0 0.0 0.0
0.0 0.0 0.0
0.0 0.0 0.0
0.0 0.0 0.0
0.0 0.0 0.0
0.0 0.0 0.0
0.0 0.0 0.0
0.0 0.0 0.0
0.0 0.0 0.0
0.0 0.0 0.0
0.0 0.0 0.0
0.0 0.0 0.0
0.0 0.0 0.0
0.0 0.0 0.0
0.0 0.0 0.0
0.0 0.0 0.0
0.0 0.0 0.0
0.0 0.0 0.0
0.0 0.0 0.0
0.0 0.0 0.0
0.0 0.0 0.0
0.0 0.0 0.0
0.0 0.0 0.0
0.0 0.0 0.0
0.0 0.0 0.0
0.0 0.0 0.0
0.0 0.0 0.0
0.0 0.0 0.0
0.0 0.0 0.0
0.0 0.0 0.0
0.0 0.0 0.0
0.0 0.0 0.0
0.0 0.0 0.0
0.0 0.0 0.0
0.0 0.0 0.0
0.0 0.0 0.0
0.0 0.0 0.0
0.0 0.0 0.0
0.0 0.0 0.0
0.0 0.0 0.0
0.0 0.0 0.0
0.0 0.0 0.0
0.0 0.0 0.0
0.0 0.0 0.0
0.0 0.0 0.0
0.0 0.0 0.0
0.0 0.0 0.0
0.0 0.0 0.0
0.0 0.0 0.0
0.0 0.0 0.0
0.0 0.0 0.0
0.0 0.0 0.0
0.0 0.0 0.0
0.0 0.0 0.0
0.0 0.0 0.0
0.0 0.0 0.0
0.0 0.0 0.0
0.0 0.0 0.0
0.0 0.0 0.0
0.0 0.0 0.0
0.0 0.0 0.0
0.0 0.0 0.0
0.0 0.0 0.0
0.0 0.0 0.0
0.0 0.0 0.0
0.0 0.0 0.0
0.0 0.0 0.0
0.0 0.0 0.0
0.0 0.0 0.0
0.0 0.0 0.0
0.0 0.0 0.0
0.0 0.0 0.0
0.0 0.0 0.0
0.0 0.0 0.0
0.0 0.0 0.0
0.0 0.0 0.0
0.0 0.0 0.0
0.0 0.0 0.0
0.0 0.0 0.0
0.0 0.0 0.0
0.0 0.0 0.0
0.0 0.0 0.0
0.0 0.0 0.0
0.0 0.0 0.0
0.0 0.0 0.0
0.0 0.0 0.0
0.0 0.0 0.0
0.0 0.0 0.0
0.0 0.0 0.0
0.0 0.0 0.0
0.0 0.0 0.0
0.0 0.0 0.0
0.0 0.0 0.0
0.0 0.0 0.0
0.0 0.0 0.0
0.0 0.0 0.0
0.0 0.0 0.0
0.0 0.0 0.0
0.0 0.0 0.0
0.0 0.0 0.0
0.0 0.0 0.0
0.0 0.0 0.0
0.0 0.0 0.0
0.0 0.0 0.0
0.0 0.0 0.0
0.0 0.0 0.0
0.0 0.0 0.0
0.0 0.0 0.0
0.0 0.0 0.0
0.0 0.0 0.0
0.0 0.0 0.0
0.0 0.0 0.0
0.0 0.0 0.0
0.0 0.0 0.0
0.0 0.0 0.0
0.0 0.0 0.0
0.0 0.0 0.0
0.0 0.0 0.0
0.0 0.0 0.0
0.0 0.0 0.0
0.0 0.0 0.0
0.0 0.0 0.0
0.0 0.0 0.0
0.0 0.0 0.0
0.0 0.0 0.0
0.0 0.0 0.0
0.0 0.0 0.0
0.0 0.0 0.0
0.0 0.0 0.0
0.0 0.0 0.0
0.0 0.0 0.0
0.0 0.0 0.0
0.0 0.0 0.0
0.0 0.0 0.0
0.0 0.0 0.0
0.0 0.0 0.0
0.0 0.0 0.0
0.0 0.0 0.0
0.0 0.0 0.0
0.0 0.0 0.0
0.0 0.0 0.0
0.0 0.0 0.0
0.0 0.0 0.0
0.0 0.0 0.0
0.0 0.0 0.0
0.0 0.0 0.0
0.0 0.0 0.0
0.0 0.0 0.0
0.0 0.0 0.0
0.0 0.0 0.0
0.0 0.0 0.0
0.0 0.0 0.0
0.0 0.0 0.0
0.0 0.0 0.0
0.0 0.0 0.0
0.0 0.0 0.0
0.0 0.0 0.0
0.0 0.0 0.0
0.0 0.0 0.0
0.0 0.0 0.0
0.0 0.0 0.0
0.0 0.0 0.0
0.0 0.0 0.0
0.0 0.0 0.0
0.0 0.0 0.0
0.0 0.0 0.0
0.0 0.0 0.0
0.0 0.0 0.0
0.0 0.0 0.0
0.0 0.0 0.0
0.0 0.0 0.0
0.0 0.0 0.0
0.0 0.0 0.0
0.0 0.0 0.0
0.0 0.0 0.0
0.0 0.0 0.0
0.0 0.0 0.0
0.0 0.0 0.0
0.0 0.0 0.0
0.0 0.0 0.0
0.0 0.0 0.0
0.0 0.0 0.0
0.0 0.0 0.0
0.0 0.0 0.0
0.0 0.0 0.0
0.0 0.0 0.0
0.0 0.0 0.0
0.0 0.0 0.0
0.0 0.0 0.0
0.0 0.0 0.0
0.0 0.0 0.0
0.0 0.0 0.0
0.0 0.0 0.0
0.0 0.0 0.0
0.0 0.0 0.0
0.0 0.0 0.0
0.0 0.0 0.0
0.0 0.0 0.0
0.0 0.0 0.0
0.0 0.0 0.0
0.0 0.0 0.0
0.0 0.0 0.0
0.0 0.0 0.0
0.0 0.0 0.0
0.0 0.0 0.0
0.0 0.0 0.0
0.0 0.0 0.0
0.0 0.0 0.0
0.0 0.0 0.0
0.0 0.0 0.0
0.0 0.0 0.0
0.0 0.0 0.0
0.0 0.0 0.0
0.0 0.0 0.0
0.0 0.0 0.0
0.0 0.0 0.0
0.0 0.0 0.0
0.0 0.0 0.0
0.0 0.0 0.0
0.0 0.0 0.0
0.0 0.0 0.0
0.0 0.0 0.0
0.0 0.0 0.0
0.0 0.0 0.0
0.0 0.0 0.0
0.0 0.0 0.0
0.0 0.0 0.0
0.0 0.0 0.0
0.0 0.0 0.0
0.0 0.0 0.0
0.0 0.0 0.0
0.0 0.0 0.0
0.0 0.0 0.0
0.0 0.0 0.0
0.0 0.0 0.0
0.0 0.0 0.0
0.0 0.0 0.0
0.0 0.0 0.0
0.0 0.0 0.0
0.0 0.0 0.0
0.0 0.0 0.0
0.0 0.0 0.0
0.0 0.0 0.0
0.0 0.0 0.0
0.0 0.0 0.0
0.0 0.0 0.0
0.0 0.0 0.0
0.0 0.0 0.0
0.0 0.0 0.0
0.0 0.0 0.0
0.0 0.0 0.0
0.0 0.0 0.0
0.0 0.0 0.0
0.0 0.0 0.0
0.0 0.0 0.0
0.0 0.0 0.0
0.0 0.0 0.0
0.0 0.0 0.0
0.0 0.0 0.0
0.0 0.0 0.0
0.0 0.0 0.0
0.0 0.0 0.0
0.0 0.0 0.0
0.0 0.0 0.0
0.0 0.0 0.0
0.0 0.0 0.0
0.0 0.0 0.0
0.0 0.0 0.0
0.0 0.0 0.0
0.0 0.0 0.0
0.0 0.0 0.0
0.0 0.0 0.0
0.0 0.0 0.0
0.0 0.0 0.0
0.0 0.0 0.0
0.0 0.0 0.0
0.0 0.0 0.0
0.0 0.0 0.0
0.0 0.0 0.0
0.0 0.0 0.0
0.0 0.0 0.0
0.0 0.0 0.0
0.0 0.0 0.0
0.0 0.0 0.0
0.0 0.0 0.0
0.0 0.0 0.0
0.0 0.0 0.0
0.0 0.0 0.0
0.0 0.0 0.0
0.0 0.0 0.0
0.0 0.0 0.0
0.0 0.0 0.0
0.0 0.0 0.0
0.0 0.0 0.0
0.0 0.0 0.0
0.0 0.0 0.0
0.0 0.0 0.0
0.0 0.0 0.0
0.0 0.0 0.0
0.0 0.0 0.0
0.0 0.0 0.0
0.0 0.0 0.0
0.0 0.0 0.0
0.0 0.0 0.0
0.0 0.0 0.0
0.0 0.0 0.0
0.0 0.0 0.0
0.0 0.0 0.0
0.0 0.0 0.0
0.0 0.0 0.0
0.0 0.0 0.0
0.0 0.0 0.0
0.0 0.0 0.0
0.0 0.0 0.0
0.0 0.0 0.0
0.0 0.0 0.0
0.0 0.0 0.0
0.0 0.0 0.0
0.0 0.0 0.0
0.0 0.0 0.0
0.0 0.0 0.0
0.0 0.0 0.0
0.0 0.0 0.0
0.0 0.0 0.0
0.0 0.0 0.0
0.0 0.0 0.0
0.0 0.0 0.0
0.0 0.0 0.0
0.0 0.0 0.0
0.0 0.0 0.0
0.0 0.0 0.0
0.0 0.0 0.0
0.0 0.0 0.0
0.0 0.0 0.0
0.0 0.0 0.0
0.0 0.0 0.0
0.0 0.0 0.0
0.0 0.0 0.0
0.0 0.0 0.0
0.0 0.0 0.0
0.0 0.0 0.0
0.0 0.0 0.0
0.0 0.0 0.0
0.0 0.0 0.0
0.0 0.0 0.0
0.0 0.0 0.0
0.0 0.0 0.0
0.0 0.0 0.0
0.0 0.0 0.0
0.0 0.0 0.0
0.0 0.0 0.0
0.0 0.0 0.0
0.0 0.0 0.0
0.0 0.0 0.0
0.0 0.0 0.0
0.0 0.0 0.0
0.0 0.0 0.0
0.0 0.0 0.0
0.0 0.0 0.0
0.0 0.0 0.0
0.0 0.0 0.0
0.0 0.0 0.0
0.0 0.0 0.0
0.0 0.0 0.0
0.0 0.0 0.0
0.0 0.0 0.0
0.0 0.0 0.0
0.0 0.0 0.0
0.0 0.0 0.0
0.0 0.0 0.0
0.0 0.0 0.0
0.0 0.0 0.0
0.0 0.0 0.0
0.0 0.0 0.0
0.0 0.0 0.0
0.0 0.0 0.0
0.0 0.0 0.0
0.0 0.0 0.0
0.0 0.0 0.0
0.0 0.0 0.0
0.0 0.0 0.0
0.0 0.0 0.0
0.0 0.0 0.0
0.0 0.0 0.0
0.0 0.0 0.0
0.0 0.0 0.0
0.0 0.0 0.0
0.0 0.0 0.0
0.0 0.0 0.0
0.0 0.0 0.0
0.0 0.0 0.0
0.0 0.0 0.0
0.0 0.0 0.0
0.0 0.0 0.0
0.0 0.0 0.0
0.0 0.0 0.0
0.0 0.0 0.0
0.0 0.0 0.0
0.0 0.0 0.0
0.0 0.0 0.0
0.0 0.0 0.0
0.0 0.0 0.0
0.0 0.0 0.0
0.0 0.0 0.0
0.0 0.0 0.0
0.0 0.0 0.0
0.0 0.0 0.0
0.0 0.0 0.0
0.0 0.0 0.0
0.0 0.0 0.0
0.0 0.0 0.0
0.0 0.0 0.0
0.0 0.0 0.0
0.0 0.0 0.0
0.0 0.0 0.0
0.0 0.0 0.0
0.0 0.0 0.0
0.0 0.0 0.0
0.0 0.0 0.0
0.0 0.0 0.0
0.0 0.0 0.0
0.0 0.0 0.0
0.0 0.0 0.0
0.0 0.0 0.0
0.0 0.0 0.0
0.0 0.0 0.0
0.0 0.0 0.0
0.0 0.0 0.0
0.0 0.0 0.0
0.0 0.0 0.0
0.0 0.0 0.0
0.0 0.0 0.0
0.0 0.0 0.0
0.0 0.0 0.0
0.0 0.0 0.0
0.0 0.0 0.0
0.0 0.0 0.0
0.0 0.0 0.0
0.0 0.0 0.0
0.0 0.0 0.0
0.0 0.0 0.0
0.0 0.0 0.0
0.0 0.0 0.0
0.0 0.0 0.0
0.0 0.0 0.0
0.0 0.0 0.0
0.0 0.0 0.0
0.0 0.0 0.0
0.0 0.0 0.0
0.0 0.0 0.0
0.0 0.0 0.0
0.0 0.0 0.0
0.0 0.0 0.0
0.0 0.0 0.0
0.0 0.0 0.0
0.0 0.0 0.0
0.0 0.0 0.0
0.0 0.0 0.0
0.0 0.0 0.0
0.0 0.0 0.0
0.0 0.0 0.0
0.0 0.0 0.0
0.0 0.0 0.0
0.0 0.0 0.0
0.0 0.0 0.0
0.0 0.0 0.0
0.0 0.0 0.0
0.0 0.0 0.0
0.0 0.0 0.0
0.0 0.0 0.0
0.0 0.0 0.0
0.0 0.0 0.0
0.0 0.0 0.0
0.0 0.0 0.0
0.0 0.0 0.0
0.0 0.0 0.0
0.0 0.0 0.0
0.0 0.0 0.0
0.0 0.0 0.0
0.0 0.0 0.0
0.0 0.0 0.0
0.0 0.0 0.0
0.0 0.0 0.0
0.0 0.0 0.0
0.0 0.0 0.0
0.0 0.0 0.0
0.0 0.0 0.0
0.0 0.0 0.0
0.0 0.0 0.0
0.0 0.0 0.0
0.0 0.0 0.0
0.0 0.0 0.0
0.0 0.0 0.0
0.0 0.0 0.0
0.0 0.0 0.0
0.0 0.0 0.0
0.0 0.0 0.0
0.0 0.0 0.0
0.0 0.0 0.0
0.0 0.0 0.0
0.0 0.0 0.0
0.0 0.0 0.0
0.0 0.0 0.0
0.0 0.0 0.0
0.0 0.0 0.0
0.0 0.0 0.0
0.0 0.0 0.0
0.0 0.0 0.0
0.0 0.0 0.0
0.0 0.0 0.0
0.0 0.0 0.0
0.0 0.0 0.0
0.0 0.0 0.0
0.0 0.0 0.0
0.0 0.0 0.0
0.0 0.0 0.0
0.0 0.0 0.0
0.0 0.0 0.0
0.0 0.0 0.0
0.0 0.0 0.0
0.0 0.0 0.0
0.0 0.0 0.0
0.0 0.0 0.0
0.0 0.0 0.0
0.0 0.0 0.0
0.0 0.0 0.0
0.0 0.0 0.0
0.0 0.0 0.0
0.0 0.0 0.0
0.0 0.0 0.0
0.0 0.0 0.0
0.0 0.0 0.0
0.0 0.0 0.0
0.0 0.0 0.0
0.0 0.0 0.0
0.0 0.0 0.0
0.0 0.0 0.0
0.0 0.0 0.0
0.0 0.0 0.0
0.0 0.0 0.0
0.0 0.0 0.0
0.0 0.0 0.0
0.0 0.0 0.0
0.0 0.0 0.0
0.0 0.0 0.0
0.0 0.0 0.0
0.0 0.0 0.0
0.0 0.0 0.0
0.0 0.0 0.0
0.0 0.0 0.0
0.0 0.0 0.0
0.0 0.0 0.0
0.0 0.0 0.0
0.0 0.0 0.0
0.0 0.0 0.0
0.0 0.0 0.0
0.0 0.0 0.0
0.0 0.0 0.0
0.0 0.0 0.0
0.0 0.0 0.0
0.0 0.0 0.0
0.0 0.0 0.0
0.0 0.0 0.0
0.0 0.0 0.0
0.0 0.0 0.0
0.0 0.0 0.0
0.0 0.0 0.0
0.0 0.0 0.0
0.0 0.0 0.0
0.0 0.0 0.0
0.0 0.0 0.0
0.0 0.0 0.0
0.0 0.0 0.0
0.0 0.0 0.0
0.0 0.0 0.0
0.0 0.0 0.0
0.0 0.0 0.0
0.0 0.0 0.0
0.0 0.0 0.0
0.0 0.0 0.0
0.0 0.0 0.0
0.0 0.0 0.0
0.0 0.0 0.0
0.0 0.0 0.0
0.0 0.0 0.0
0.0 0.0 0.0
0.0 0.0 0.0
0.0 0.0 0.0
0.0 0.0 0.0
0.0 0.0 0.0
0.0 0.0 0.0
0.0 0.0 0.0
0.0 0.0 0.0
0.0 0.0 0.0
0.0 0.0 0.0
0.0 0.0 0.0
0.0 0.0 0.0
0.0 0.0 0.0
0.0 0.0 0.0
0.0 0.0 0.0
0.0 0.0 0.0
0.0 0.0 0.0
0.0 0.0 0.0
0.0 0.0 0.0
0.0 0.0 0.0
0.0 0.0 0.0
0.0 0.0 0.0
0.0 0.0 0.0
0.0 0.0 0.0
0.0 0.0 0.0
0.0 0.0 0.0
0.0 0.0 0.0
0.0 0.0 0.0
0.0 0.0 0.0
0.0 0.0 0.0
0.0 0.0 0.0
0.0 0.0 0.0
0.0 0.0 0.0
0.0 0.0 0.0
0.0 0.0 0.0
0.0 0.0 0.0
0.0 0.0 0.0
0.0 0.0 0.0
0.0 0.0 0.0
0.0 0.0 0.0
0.0 0.0 0.0
0.0 0.0 0.0
0.0 0.0 0.0
0.0 0.0 0.0
0.0 0.0 0.0
0.0 0.0 0.0
0.0 0.0 0.0
0.0 0.0 0.0
0.0 0.0 0.0
0.0 0.0 0.0
0.0 0.0 0.0
0.0 0.0 0.0
0.0 0.0 0.0
0.0 0.0 0.0
0.0 0.0 0.0
0.0 0.0 0.0
0.0 0.0 0.0
0.0 0.0 0.0
0.0 0.0 0.0
0.0 0.0 0.0
0.0 0.0 0.0
0.0 0.0 0.0
0.0 0.0 0.0
0.0 0.0 0.0
0.0 0.0 0.0
0.0 0.0 0.0
0.0 0.0 0.0
0.0 0.0 0.0
0.0 0.0 0.0
0.0 0.0 0.0
0.0 0.0 0.0
0.0 0.0 0.0
0.0 0.0 0.0
0.0 0.0 0.0
0.0 0.0 0.0
0.0 0.0 0.0
0.0 0.0 0.0
0.0 0.0 0.0
0.0 0.0 0.0
0.0 0.0 0.0
0.0 0.0 0.0
0.0 0.0 0.0
0.0 0.0 0.0
0.0 0.0 0.0
0.0 0.0 0.0
0.0 0.0 0.0
0.0 0.0 0.0
0.0 0.0 0.0
0.0 0.0 0.0
0.0 0.0 0.0
0.0 0.0 0.0
0.0 0.0 0.0
0.0 0.0 0.0
0.0 0.0 0.0
0.0 0.0 0.0
0.0 0.0 0.0
0.0 0.0 0.0
0.0 0.0 0.0
0.0 0.0 0.0
0.0 0.0 0.0
0.0 0.0 0.0
0.0 0.0 0.0
0.0 0.0 0.0
0.0 0.0 0.0
0.0 0.0 0.0
0.0 0.0 0.0
0.0 0.0 0.0
0.0 0.0 0.0
0.0 0.0 0.0
0.0 0.0 0.0
0.0 0.0 0.0
0.0 0.0 0.0
0.0 0.0 0.0
0.0 0.0 0.0
0.0 0.0 0.0
0.0 0.0 0.0
0.0 0.0 0.0
0.0 0.0 0.0
0.0 0.0 0.0
0.0 0.0 0.0
0.0 0.0 0.0
0.0 0.0 0.0
0.0 0.0 0.0
0.0 0.0 0.0
0.0 0.0 0.0
0.0 0.0 0.0
0.0 0.0 0.0
0.0 0.0 0.0
0.0 0.0 0.0
0.0 0.0 0.0
0.0 0.0 0.0
0.0 0.0 0.0
0.0 0.0 0.0
0.0 0.0 0.0
0.0 0.0 0.0
0.0 0.0 0.0
0.0 0.0 0.0
0.0 0.0 0.0
0.0 0.0 0.0
0.0 0.0 0.0
0.0 0.0 0.0
0.0 0.0 0.0
0.0 0.0 0.0
0.0 0.0 0.0
0.0 0.0 0.0
0.0 0.0 0.0
0.0 0.0 0.0
0.0 0.0 0.0
0.0 0.0 0.0
0.0 0.0 0.0
0.0 0.0 0.0
0.0 0.0 0.0
0.0 0.0 0.0
0.0 0.0 0.0
0.0 0.0 0.0
0.0 0.0 0.0
0.0 0.0 0.0
0.0 0.0 0.0
0.0 0.0 0.0
0.0 0.0 0.0
0.0 0.0 0.0
0.0 0.0 0.0
0.0 0.0 0.0
0.0 0.0 0.0
0.0 0.0 0.0
0.0 0.0 0.0
0.0 0.0 0.0
0.0 0.0 0.0
0.0 0.0 0.0
0.0 0.0 0.0
0.0 0.0 0.0
0.0 0.0 0.0
0.0 0.0 0.0
0.0 0.0 0.0
0.0 0.0 0.0
0.0 0.0 0.0
0.0 0.0 0.0
0.0 0.0 0.0
0.0 0.0 0.0
0.0 0.0 0.0
0.0 0.0 0.0
0.0 0.0 0.0
0.0 0.0 0.0
0.0 0.0 0.0
0.0 0.0 0.0
0.0 0.0 0.0
0.0 0.0 0.0
0.0 0.0 0.0
0.0 0.0 0.0
0.0 0.0 0.0
0.0 0.0 0.0
0.0 0.0 0.0
0.0 0.0 0.0
0.0 0.0 0.0
0.0 0.0 0.0
0.0 0.0 0.0
0.0 0.0 0.0
0.0 0.0 0.0
0.0 0.0 0.0
0.0 0.0 0.0
0.0 0.0 0.0
0.0 0.0 0.0
0.0 0.0 0.0
0.0 0.0 0.0
0.0 0.0 0.0
0.0 0.0 0.0
0.0 0.0 0.0
0.0 0.0 0.0
0.0 0.0 0.0
0.0 0.0 0.0
0.0 0.0 0.0
0.0 0.0 0.0
0.0 0.0 0.0
0.0 0.0 0.0
0.0 0.0 0.0
0.0 0.0 0.0
0.0 0.0 0.0
0.0 0.0 0.0
0.0 0.0 0.0
0.0 0.0 0.0
0.0 0.0 0.0
0.0 0.0 0.0
0.0 0.0 0.0
0.0 0.0 0.0
0.0 0.0 0.0
0.0 0.0 0.0
0.0 0.0 0.0
0.0 0.0 0.0
0.0 0.0 0.0
0.0 0.0 0.0
0.0 0.0 0.0
0.0 0.0 0.0
0.0 0.0 0.0
0.0 0.0 0.0
0.0 0.0 0.0
0.0 0.0 0.0
0.0 0.0 0.0
0.0 0.0 0.0
0.0 0.0 0.0
0.0 0.0 0.0
0.0 0.0 0.0
0.0 0.0 0.0
0.0 0.0 0.0
0.0 0.0 0.0
0.0 0.0 0.0
0.0 0.0 0.0
0.0 0.0 0.0
0.0 0.0 0.0
0.0 0.0 0.0
0.0 0.0 0.0
0.0 0.0 0.0
0.0 0.0 0.0
0.0 0.0 0.0
0.0 0.0 0.0
0.0 0.0 0.0
0.0 0.0 0.0
0.0 0.0 0.0
0.0 0.0 0.0
0.0 0.0 0.0
0.0 0.0 0.0
0.0 0.0 0.0
0.0 0.0 0.0
0.0 0.0 0.0
0.0 0.0 0.0
0.0 0.0 0.0
0.0 0.0 0.0
0.0 0.0 0.0
0.0 0.0 0.0
0.0 0.0 0.0
0.0 0.0 0.0
0.0 0.0 0.0
0.0 0.0 0.0
0.0 0.0 0.0
0.0 0.0 0.0
0.0 0.0 0.0
0.0 0.0 0.0
0.0 0.0 0.0
0.0 0.0 0.0
0.0 0.0 0.0
0.0 0.0 0.0
0.0 0.0 0.0
0.0 0.0 0.0
0.0 0.0 0.0
0.0 0.0 0.0
0.0 0.0 0.0
0.0 0.0 0.0
0.0 0.0 0.0
0.0 0.0 0.0
0.0 0.0 0.0
0.0 0.0 0.0
0.0 0.0 0.0
0.0 0.0 0.0
0.0 0.0 0.0
0.0 0.0 0.0
0.0 0.0 0.0
0.0 0.0 0.0
0.0 0.0 0.0
0.0 0.0 0.0
0.0 0.0 0.0
0.0 0.0 0.0
0.0 0.0 0.0
0.0 0.0 0.0
0.0 0.0 0.0
0.0 0.0 0.0
0.0 0.0 0.0
0.0 0.0 0.0
0.0 0.0 0.0
0.0 0.0 0.0
0.0 0.0 0.0
0.0 0.0 0.0
0.0 0.0 0.0
0.0 0.0 0.0
0.0 0.0 0.0
0.0 0.0 0.0
0.0 0.0 0.0
0.0 0.0 0.0
0.0 0.0 0.0
0.0 0.0 0.0
0.0 0.0 0.0
0.0 0.0 0.0
0.0 0.0 0.0
0.0 0.0 0.0
0.0 0.0 0.0
0.0 0.0 0.0
0.0 0.0 0.0
0.0 0.0 0.0
0.0 0.0 0.0
0.0 0.0 0.0
0.0 0.0 0.0
0.0 0.0 0.0
0.0 0.0 0.0
0.0 0.0 0.0
0.0 0.0 0.0
0.0 0.0 0.0
0.0 0.0 0.0
0.0 0.0 0.0
0.0 0.0 0.0
0.0 0.0 0.0
0.0 0.0 0.0
0.0 0.0 0.0
0.0 0.0 0.0
0.0 0.0 0.0
0.0 0.0 0.0
0.0 0.0 0.0
0.0 0.0 0.0
0.0 0.0 0.0
0.0 0.0 0.0
0.0 0.0 0.0
0.0 0.0 0.0
0.0 0.0 0.0
0.0 0.0 0.0
0.0 0.0 0.0
0.0 0.0 0.0
0.0 0.0 0.0
0.0 0.0 0.0
0.0 0.0 0.0
0.0 0.0 0.0
0.0 0.0 0.0
0.0 0.0 0.0
0.0 0.0 0.0
0.0 0.0 0.0
0.0 0.0 0.0
0.0 0.0 0.0
0.0 0.0 0.0
0.0 0.0 0.0
0.0 0.0 0.0
0.0 0.0 0.0
0.0 0.0 0.0
0.0 0.0 0.0
0.0 0.0 0.0
0.0 0.0 0.0
0.0 0.0 0.0
0.0 0.0 0.0
0.0 0.0 0.0
0.0 0.0 0.0
0.0 0.0 0.0
0.0 0.0 0.0
0.0 0.0 0.0
0.0 0.0 0.0
0.0 0.0 0.0
0.0 0.0 0.0
0.0 0.0 0.0
0.0 0.0 0.0
0.0 0.0 0.0
0.0 0.0 0.0
0.0 0.0 0.0
0.0 0.0 0.0
0.0 0.0 0.0
0.0 0.0 0.0
0.0 0.0 0.0
0.0 0.0 0.0
0.0 0.0 0.0
0.0 0.0 0.0
0.0 0.0 0.0
0.0 0.0 0.0
0.0 0.0 0.0
0.0 0.0 0.0
0.0 0.0 0.0
0.0 0.0 0.0
0.0 0.0 0.0
0.0 0.0 0.0
0.0 0.0 0.0
0.0 0.0 0.0
0.0 0.0 0.0
0.0 0.0 0.0
0.0 0.0 0.0
0.0 0.0 0.0
0.0 0.0 0.0
0.0 0.0 0.0
0.0 0.0 0.0
0.0 0.0 0.0
0.0 0.0 0.0
0.0 0.0 0.0
0.0 0.0 0.0
0.0 0.0 0.0
0.0 0.0 0.0
0.0 0.0 0.0
0.0 0.0 0.0
0.0 0.0 0.0
0.0 0.0 0.0
0.0 0.0 0.0
0.0 0.0 0.0
0.0 0.0 0.0
0.0 0.0 0.0
0.0 0.0 0.0
0.0 0.0 0.0
0.0 0.0 0.0
0.0 0.0 0.0
0.0 0.0 0.0
0.0 0.0 0.0
0.0 0.0 0.0
0.0 0.0 0.0
0.0 0.0 0.0
0.0 0.0 0.0
0.0 0.0 0.0
0.0 0.0 0.0
0.0 0.0 0.0
0.0 0.0 0.0
0.0 0.0 0.0
0.0 0.0 0.0
0.0 0.0 0.0
0.0 0.0 0.0
0.0 0.0 0.0
0.0 0.0 0.0
0.0 0.0 0.0
0.0 0.0 0.0
0.0 0.0 0.0
0.0 0.0 0.0
0.0 0.0 0.0
0.0 0.0 0.0
0.0 0.0 0.0
0.0 0.0 0.0
0.0 0.0 0.0
0.0 0.0 0.0
0.0 0.0 0.0
0.0 0.0 0.0
0.0 0.0 0.0
0.0 0.0 0.0
0.0 0.0 0.0
0.0 0.0 0.0
0.0 0.0 0.0
0.0 0.0 0.0
0.0 0.0 0.0
0.0 0.0 0.0
0.0 0.0 0.0
0.0 0.0 0.0
0.0 0.0 0.0
0.0 0.0 0.0
0.0 0.0 0.0
0.0 0.0 0.0
0.0 0.0 0.0
0.0 0.0 0.0
0.0 0.0 0.0
0.0 0.0 0.0
0.0 0.0 0.0
0.0 0.0 0.0
0.0 0.0 0.0
0.0 0.0 0.0
0.0 0.0 0.0
0.0 0.0 0.0
0.0 0.0 0.0
0.0 0.0 0.0
0.0 0.0 0.0
0.0 0.0 0.0
0.0 0.0 0.0
0.0 0.0 0.0
0.0 0.0 0.0
0.0 0.0 0.0
0.0 0.0 0.0
0.0 0.0 0.0
0.0 0.0 0.0
0.0 0.0 0.0
0.0 0.0 0.0
0.0 0.0 0.0
0.0 0.0 0.0
0.0 0.0 0.0
0.0 0.0 0.0
0.0 0.0 0.0
0.0 0.0 0.0
0.0 0.0 0.0
0.0 0.0 0.0
0.0 0.0 0.0
0.0 0.0 0.0
0.0 0.0 0.0
0.0 0.0 0.0
0.0 0.0 0.0
0.0 0.0 0.0
0.0 0.0 0.0
0.0 0.0 0.0
0.0 0.0 0.0
0.0 0.0 0.0
0.0 0.0 0.0
0.0 0.0 0.0
0.0 0.0 0.0
0.0 0.0 0.0
0.0 0.0 0.0
0.0 0.0 0.0
0.0 0.0 0.0
0.0 0.0 0.0
0.0 0.0 0.0
0.0 0.0 0.0
0.0 0.0 0.0
0.0 0.0 0.0
0.0 0.0 0.0
0.0 0.0 0.0
0.0 0.0 0.0
0.0 0.0 0.0
0.0 0.0 0.0
0.0 0.0 0.0
0.0 0.0 0.0
0.0 0.0 0.0
0.0 0.0 0.0
0.0 0.0 0.0
0.0 0.0 0.0
0.0 0.0 0.0
0.0 0.0 0.0
0.0 0.0 0.0
0.0 0.0 0.0
0.0 0.0 0.0
0.0 0.0 0.0
0.0 0.0 0.0
0.0 0.0 0.0
0.0 0.0 0.0
0.0 0.0 0.0
0.0 0.0 0.0
0.0 0.0 0.0
0.0 0.0 0.0
0.0 0.0 0.0
0.0 0.0 0.0
0.0 0.0 0.0
0.0 0.0 0.0
0.0 0.0 0.0
0.0 0.0 0.0
0.0 0.0 0.0
0.0 0.0 0.0
0.0 0.0 0.0
0.0 0.0 0.0
0.0 0.0 0.0
0.0 0.0 0.0
0.0 0.0 0.0
0.0 0.0 0.0
0.0 0.0 0.0
0.0 0.0 0.0
0.0 0.0 0.0
0.0 0.0 0.0
0.0 0.0 0.0
0.0 0.0 0.0
0.0 0.0 0.0
0.0 0.0 0.0
0.0 0.0 0.0
0.0 0.0 0.0
0.0 0.0 0.0
0.0 0.0 0.0
0.0 0.0 0.0
0.0 0.0 0.0
0.0 0.0 0.0
0.0 0.0 0.0
0.0 0.0 0.0
0.0 0.0 0.0
0.0 0.0 0.0
0.0 0.0 0.0
0.0 0.0 0.0
0.0 0.0 0.0
0.0 0.0 0.0
0.0 0.0 0.0
0.0 0.0 0.0
0.0 0.0 0.0
0.0 0.0 0.0
0.0 0.0 0.0
0.0 0.0 0.0
0.0 0.0 0.0
0.0 0.0 0.0
0.0 0.0 0.0
0.0 0.0 0.0
0.0 0.0 0.0
0.0 0.0 0.0
0.0 0.0 0.0
0.0 0.0 0.0
0.0 0.0 0.0
0.0 0.0 0.0
0.0 0.0 0.0
0.0 0.0 0.0
0.0 0.0 0.0
0.0 0.0 0.0
0.0 0.0 0.0
0.0 0.0 0.0
0.0 0.0 0.0
0.0 0.0 0.0
0.0 0.0 0.0
0.0 0.0 0.0
0.0 0.0 0.0
0.0 0.0 0.0
0.0 0.0 0.0
0.0 0.0 0.0
0.0 0.0 0.0
0.0 0.0 0.0
0.0 0.0 0.0
0.0 0.0 0.0
0.0 0.0 0.0
0.0 0.0 0.0
0.0 0.0 0.0
0.0 0.0 0.0
0.0 0.0 0.0
0.0 0.0 0.0
0.0 0.0 0.0
0.0 0.0 0.0
0.0 0.0 0.0
0.0 0.0 0.0
0.0 0.0 0.0
0.0 0.0 0.0
0.0 0.0 0.0
0.0 0.0 0.0
0.0 0.0 0.0
0.0 0.0 0.0
0.0 0.0 0.0
0.0 0.0 0.0
0.0 0.0 0.0
0.0 0.0 0.0
0.0 0.0 0.0
0.0 0.0 0.0
0.0 0.0 0.0
0.0 0.0 0.0
0.0 0.0 0.0
0.0 0.0 0.0
0.0 0.0 0.0
0.0 0.0 0.0
0.0 0.0 0.0
0.0 0.0 0.0
0.0 0.0 0.0
0.0 0.0 0.0
0.0 0.0 0.0
0.0 0.0 0.0
0.0 0.0 0.0
0.0 0.0 0.0
0.0 0.0 0.0
0.0 0.0 0.0
0.0 0.0 0.0
0.0 0.0 0.0
0.0 0.0 0.0
0.0 0.0 0.0
0.0 0.0 0.0
0.0 0.0 0.0
0.0 0.0 0.0
0.0 0.0 0.0
0.0 0.0 0.0
0.0 0.0 0.0
0.0 0.0 0.0
0.0 0.0 0.0
0.0 0.0 0.0
0.0 0.0 0.0
0.0 0.0 0.0
0.0 0.0 0.0
0.0 0.0 0.0
0.0 0.0 0.0
0.0 0.0 0.0
0.0 0.0 0.0
0.0 0.0 0.0
0.0 0.0 0.0
0.0 0.0 0.0
0.0 0.0 0.0
0.0 0.0 0.0
0.0 0.0 0.0
0.0 0.0 0.0
0.0 0.0 0.0
0.0 0.0 0.0
0.0 0.0 0.0
0.0 0.0 0.0
0.0 0.0 0.0
0.0 0.0 0.0
0.0 0.0 0.0
0.0 0.0 0.0
0.0 0.0 0.0
0.0 0.0 0.0
0.0 0.0 0.0
0.0 0.0 0.0
0.0 0.0 0.0
0.0 0.0 0.0
0.0 0.0 0.0
0.0 0.0 0.0
0.0 0.0 0.0
0.0 0.0 0.0
0.0 0.0 0.0
0.0 0.0 0.0
0.0 0.0 0.0
0.0 0.0 0.0
0.0 0.0 0.0
0.0 0.0 0.0
0.0 0.0 0.0
0.0 0.0 0.0
0.0 0.0 0.0
0.0 0.0 0.0
0.0 0.0 0.0
0.0 0.0 0.0
0.0 0.0 0.0
0.0 0.0 0.0
0.0 0.0 0.0
0.0 0.0 0.0
0.0 0.0 0.0
0.0 0.0 0.0
0.0 0.0 0.0
0.0 0.0 0.0
0.0 0.0 0.0
0.0 0.0 0.0
0.0 0.0 0.0
0.0 0.0 0.0
0.0 0.0 0.0
0.0 0.0 0.0
0.0 0.0 0.0
0.0 0.0 0.0
0.0 0.0 0.0
0.0 0.0 0.0
0.0 0.0 0.0
0.0 0.0 0.0
0.0 0.0 0.0
0.0 0.0 0.0
0.0 0.0 0.0
0.0 0.0 0.0
0.0 0.0 0.0
0.0 0.0 0.0
0.0 0.0 0.0
0.0 0.0 0.0
0.0 0.0 0.0
0.0 0.0 0.0
0.0 0.0 0.0
0.0 0.0 0.0
0.0 0.0 0.0
0.0 0.0 0.0
0.0 0.0 0.0
0.0 0.0 0.0
0.0 0.0 0.0
0.0 0.0 0.0
0.0 0.0 0.0
0.0 0.0 0.0
0.0 0.0 0.0
0.0 0.0 0.0
0.0 0.0 0.0
0.0 0.0 0.0
0.0 0.0 0.0
0.0 0.0 0.0
0.0 0.0 0.0
0.0 0.0 0.0
0.0 0.0 0.0
0.0 0.0 0.0
0.0 0.0 0.0
0.0 0.0 0.0
0.0 0.0 0.0
0.0 0.0 0.0
0.0 0.0 0.0
0.0 0.0 0.0
0.0 0.0 0.0
0.0 0.0 0.0
0.0 0.0 0.0
0.0 0.0 0.0
0.0 0.0 0.0
0.0 0.0 0.0
0.0 0.0 0.0
0.0 0.0 0.0
0.0 0.0 0.0
0.0 0.0 0.0
0.0 0.0 0.0
0.0 0.0 0.0
0.0 0.0 0.0
0.0 0.0 0.0
0.0 0.0 0.0
0.0 0.0 0.0
0.0 0.0 0.0
0.0 0.0 0.0
0.0 0.0 0.0
0.0 0.0 0.0
0.0 0.0 0.0
0.0 0.0 0.0
0.0 0.0 0.0
0.0 0.0 0.0
0.0 0.0 0.0
0.0 0.0 0.0
0.0 0.0 0.0
0.0 0.0 0.0
0.0 0.0 0.0
0.0 0.0 0.0
0.0 0.0 0.0
0.0 0.0 0.0
0.0 0.0 0.0
0.0 0.0 0.0
0.0 0.0 0.0
0.0 0.0 0.0
0.0 0.0 0.0
0.0 0.0 0.0
0.0 0.0 0.0
0.0 0.0 0.0
0.0 0.0 0.0
0.0 0.0 0.0
0.0 0.0 0.0
0.0 0.0 0.0
0.0 0.0 0.0
0.0 0.0 0.0
0.0 0.0 0.0
0.0 0.0 0.0
0.0 0.0 0.0
0.0 0.0 0.0
0.0 0.0 0.0
0.0 0.0 0.0
0.0 0.0 0.0
0.0 0.0 0.0
0.0 0.0 0.0
0.0 0.0 0.0
0.0 0.0 0.0
0.0 0.0 0.0
0.0 0.0 0.0
0.0 0.0 0.0
0.0 0.0 0.0
0.0 0.0 0.0
0.0 0.0 0.0
0.0 0.0 0.0
0.0 0.0 0.0
0.0 0.0 0.0
0.0 0.0 0.0
0.0 0.0 0.0
0.0 0.0 0.0
0.0 0.0 0.0
0.0 0.0 0.0
0.0 0.0 0.0
0.0 0.0 0.0
0.0 0.0 0.0
0.0 0.0 0.0
0.0 0.0 0.0
0.0 0.0 0.0
0.0 0.0 0.0
0.0 0.0 0.0
0.0 0.0 0.0
0.0 0.0 0.0
0.0 0.0 0.0
0.0 0.0 0.0
0.0 0.0 0.0
0.0 0.0 0.0
0.0 0.0 0.0
0.0 0.0 0.0
0.0 0.0 0.0
0.0 0.0 0.0
0.0 0.0 0.0
0.0 0.0 0.0
0.0 0.0 0.0
0.0 0.0 0.0
0.0 0.0 0.0
0.0 0.0 0.0
0.0 0.0 0.0
0.0 0.0 0.0
0.0 0.0 0.0
0.0 0.0 0.0
0.0 0.0 0.0
0.0 0.0 0.0
0.0 0.0 0.0
0.0 0.0 0.0
0.0 0.0 0.0
0.0 0.0 0.0
0.0 0.0 0.0
0.0 0.0 0.0
0.0 0.0 0.0
0.0 0.0 0.0
0.0 0.0 0.0
0.0 0.0 0.0
0.0 0.0 0.0
0.0 0.0 0.0
0.0 0.0 0.0
0.0 0.0 0.0
0.0 0.0 0.0
0.0 0.0 0.0
0.0 0.0 0.0
0.0 0.0 0.0
0.0 0.0 0.0
0.0 0.0 0.0
0.0 0.0 0.0
0.0 0.0 0.0
0.0 0.0 0.0
0.0 0.0 0.0
0.0 0.0 0.0
0.0 0.0 0.0
0.0 0.0 0.0
0.0 0.0 0.0
0.0 0.0 0.0
0.0 0.0 0.0
0.0 0.0 0.0
0.0 0.0 0.0
0.0 0.0 0.0
0.0 0.0 0.0
0.0 0.0 0.0
0.0 0.0 0.0
0.0 0.0 0.0
0.0 0.0 0.0
0.0 0.0 0.0
0.0 0.0 0.0
-2.021970510482788 14.700044631958008 -0.20323243737220764
0.0 0.0 0.0
0.0 0.0 0.0
0.0 0.0 0.0
0.0 0.0 0.0
0.0 0.0 0.0
0.0 0.0 0.0
0.0 0.0 0.0
0.0 0.0 0.0
0.0 0.0 0.0
0.0 0.0 0.0
0.0 0.0 0.0
0.0 0.0 0.0
0.0 0.0 0.0
0.0 0.0 0.0
0.0 0.0 0.0
0.0 0.0 0.0
0.0 0.0 0.0
0.0 0.0 0.0
0.0 0.0 0.0
0.0 0.0 0.0
0.0 0.0 0.0
0.0 0.0 0.0
0.0 0.0 0.0
0.0 0.0 0.0
0.0 0.0 0.0
0.0 0.0 0.0
0.0 0.0 0.0
0.0 0.0 0.0
0.0 0.0 0.0
0.0 0.0 0.0
0.0 0.0 0.0
0.0 0.0 0.0
0.0 0.0 0.0
0.0 0.0 0.0
0.0 0.0 0.0
0.0 0.0 0.0
0.0 0.0 0.0
0.0 0.0 0.0
0.0 0.0 0.0
0.0 0.0 0.0
0.0 0.0 0.0
0.0 0.0 0.0
0.0 0.0 0.0
0.0 0.0 0.0
0.0 0.0 0.0
0.0 0.0 0.0
0.0 0.0 0.0
0.0 0.0 0.0
0.0 0.0 0.0
0.0 0.0 0.0
0.0 0.0 0.0
0.0 0.0 0.0
0.0 0.0 0.0
0.0 0.0 0.0
0.0 0.0 0.0
0.0 0.0 0.0
0.0 0.0 0.0
0.0 0.0 0.0
0.0 0.0 0.0
0.0 0.0 0.0
0.0 0.0 0.0
0.0 0.0 0.0
0.0 0.0 0.0
0.0 0.0 0.0
0.0 0.0 0.0
0.0 0.0 0.0
0.0 0.0 0.0
0.0 0.0 0.0
0.0 0.0 0.0
0.0 0.0 0.0
0.0 0.0 0.0
0.0 0.0 0.0
0.0 0.0 0.0
0.0 0.0 0.0
0.0 0.0 0.0
0.0 0.0 0.0
0.0 0.0 0.0
0.0 0.0 0.0
0.0 0.0 0.0
0.0 0.0 0.0
0.0 0.0 0.0
0.0 0.0 0.0
0.0 0.0 0.0
0.0 0.0 0.0
0.0 0.0 0.0
0.0 0.0 0.0
0.0 0.0 0.0
0.0 0.0 0.0
0.0 0.0 0.0
0.0 0.0 0.0
0.0 0.0 0.0
0.0 0.0 0.0
0.0 0.0 0.0
0.0 0.0 0.0
0.0 0.0 0.0
0.0 0.0 0.0
0.0 0.0 0.0
0.0 0.0 0.0
0.0 0.0 0.0
0.0 0.0 0.0
0.0 0.0 0.0
0.0 0.0 0.0
0.0 0.0 0.0
0.0 0.0 0.0
0.0 0.0 0.0
0.0 0.0 0.0
0.0 0.0 0.0
0.0 0.0 0.0
0.0 0.0 0.0
0.0 0.0 0.0
0.0 0.0 0.0
0.0 0.0 0.0
0.0 0.0 0.0
0.0 0.0 0.0
0.0 0.0 0.0
0.0 0.0 0.0
0.0 0.0 0.0
0.0 0.0 0.0
0.0 0.0 0.0
0.0 0.0 0.0
0.0 0.0 0.0
0.0 0.0 0.0
0.0 0.0 0.0
0.0 0.0 0.0
0.0 0.0 0.0
0.0 0.0 0.0
0.0 0.0 0.0
0.0 0.0 0.0
0.0 0.0 0.0
0.0 0.0 0.0
0.0 0.0 0.0
0.0 0.0 0.0
0.0 0.0 0.0
0.0 0.0 0.0
0.0 0.0 0.0
0.0 0.0 0.0
0.0 0.0 0.0
0.0 0.0 0.0
0.0 0.0 0.0
0.0 0.0 0.0
0.0 0.0 0.0
0.0 0.0 0.0
0.0 0.0 0.0
0.0 0.0 0.0
0.0 0.0 0.0
0.0 0.0 0.0
0.0 0.0 0.0
0.0 0.0 0.0
0.0 0.0 0.0
0.0 0.0 0.0
0.0 0.0 0.0
0.0 0.0 0.0
0.0 0.0 0.0
0.0 0.0 0.0
0.0 0.0 0.0
0.0 0.0 0.0
0.0 0.0 0.0
0.0 0.0 0.0
0.0 0.0 0.0
0.0 0.0 0.0
0.0 0.0 0.0
0.0 0.0 0.0
0.0 0.0 0.0
0.0 0.0 0.0
0.0 0.0 0.0
0.0 0.0 0.0
0.0 0.0 0.0
0.0 0.0 0.0
0.0 0.0 0.0
0.0 0.0 0.0
0.0 0.0 0.0
0.0 0.0 0.0
0.0 0.0 0.0
0.0 0.0 0.0
0.0 0.0 0.0
0.0 0.0 0.0
0.0 0.0 0.0
0.0 0.0 0.0
0.0 0.0 0.0
0.0 0.0 0.0
0.0 0.0 0.0
0.0 0.0 0.0
0.0 0.0 0.0
0.0 0.0 0.0
0.0 0.0 0.0
0.0 0.0 0.0
0.0 0.0 0.0
0.0 0.0 0.0
0.0 0.0 0.0
0.0 0.0 0.0
0.0 0.0 0.0
0.0 0.0 0.0
0.0 0.0 0.0
0.0 0.0 0.0
0.0 0.0 0.0
0.0 0.0 0.0
0.0 0.0 0.0
0.0 0.0 0.0
0.0 0.0 0.0
0.0 0.0 0.0
0.0 0.0 0.0
0.0 0.0 0.0
0.0 0.0 0.0
0.0 0.0 0.0
0.0 0.0 0.0
0.0 0.0 0.0
0.0 0.0 0.0
0.0 0.0 0.0
0.0 0.0 0.0
0.0 0.0 0.0
0.0 0.0 0.0
0.0 0.0 0.0
0.0 0.0 0.0
0.0 0.0 0.0
0.0 0.0 0.0
0.0 0.0 0.0
0.0 0.0 0.0
0.0 0.0 0.0
0.0 0.0 0.0
0.0 0.0 0.0
0.0 0.0 0.0
0.0 0.0 0.0
0.0 0.0 0.0
0.0 0.0 0.0
0.0 0.0 0.0
0.0 0.0 0.0
0.0 0.0 0.0
0.0 0.0 0.0
0.0 0.0 0.0
0.0 0.0 0.0
0.0 0.0 0.0
0.0 0.0 0.0
0.0 0.0 0.0
0.0 0.0 0.0
0.0 0.0 0.0
0.0 0.0 0.0
0.0 0.0 0.0
0.0 0.0 0.0
0.0 0.0 0.0
0.0 0.0 0.0
0.0 0.0 0.0
0.0 0.0 0.0
0.0 0.0 0.0
0.0 0.0 0.0
0.0 0.0 0.0
0.0 0.0 0.0
0.0 0.0 0.0
0.0 0.0 0.0
0.0 0.0 0.0
0.0 0.0 0.0
0.0 0.0 0.0
0.0 0.0 0.0
0.0 0.0 0.0
0.0 0.0 0.0
0.0 0.0 0.0
0.0 0.0 0.0
0.0 0.0 0.0
0.0 0.0 0.0
0.0 0.0 0.0
0.0 0.0 0.0
0.0 0.0 0.0
0.0 0.0 0.0
0.0 0.0 0.0
0.0 0.0 0.0
0.0 0.0 0.0
0.0 0.0 0.0
0.0 0.0 0.0
0.0 0.0 0.0
0.0 0.0 0.0
0.0 0.0 0.0
0.0 0.0 0.0
0.0 0.0 0.0
0.0 0.0 0.0
0.0 0.0 0.0
0.0 0.0 0.0
0.0 0.0 0.0
0.0 0.0 0.0
0.0 0.0 0.0
0.0 0.0 0.0
0.0 0.0 0.0
0.0 0.0 0.0
0.0 0.0 0.0
0.0 0.0 0.0
0.0 0.0 0.0
0.0 0.0 0.0
0.0 0.0 0.0
0.0 0.0 0.0
0.0 0.0 0.0
0.0 0.0 0.0
0.0 0.0 0.0
0.0 0.0 0.0
0.0 0.0 0.0
0.0 0.0 0.0
0.0 0.0 0.0
0.0 0.0 0.0
0.0 0.0 0.0
0.0 0.0 0.0
0.0 0.0 0.0
0.0 0.0 0.0
0.0 0.0 0.0
0.0 0.0 0.0
0.0 0.0 0.0
0.0 0.0 0.0
0.0 0.0 0.0
0.0 0.0 0.0
0.0 0.0 0.0
0.0 0.0 0.0
0.0 0.0 0.0
0.0 0.0 0.0
0.0 0.0 0.0
0.0 0.0 0.0
0.0 0.0 0.0
0.0 0.0 0.0
0.0 0.0 0.0
0.0 0.0 0.0
0.0 0.0 0.0
0.0 0.0 0.0
0.0 0.0 0.0
0.0 0.0 0.0
0.0 0.0 0.0
0.0 0.0 0.0
0.0 0.0 0.0
0.0 0.0 0.0
0.0 0.0 0.0
0.0 0.0 0.0
0.0 0.0 0.0
0.0 0.0 0.0
0.0 0.0 0.0
0.0 0.0 0.0
0.0 0.0 0.0
0.0 0.0 0.0
0.0 0.0 0.0
0.0 0.0 0.0
0.0 0.0 0.0
0.0 0.0 0.0
0.0 0.0 0.0
0.0 0.0 0.0
0.0 0.0 0.0
0.0 0.0 0.0
0.0 0.0 0.0
0.0 0.0 0.0
0.0 0.0 0.0
0.0 0.0 0.0
0.0 0.0 0.0
0.0 0.0 0.0
0.0 0.0 0.0
0.0 0.0 0.0
0.0 0.0 0.0
0.0 0.0 0.0
0.0 0.0 0.0
0.0 0.0 0.0
0.0 0.0 0.0
0.0 0.0 0.0
0.0 0.0 0.0
0.0 0.0 0.0
0.0 0.0 0.0
0.0 0.0 0.0
0.0 0.0 0.0
0.0 0.0 0.0
0.0 0.0 0.0
0.0 0.0 0.0
0.0 0.0 0.0
0.0 0.0 0.0
0.0 0.0 0.0
0.0 0.0 0.0
0.0 0.0 0.0
0.0 0.0 0.0
0.0 0.0 0.0
0.0 0.0 0.0
0.0 0.0 0.0
0.0 0.0 0.0
0.0 0.0 0.0
0.0 0.0 0.0
0.0 0.0 0.0
0.0 0.0 0.0
0.0 0.0 0.0
0.0 0.0 0.0
0.0 0.0 0.0
0.0 0.0 0.0
0.0 0.0 0.0
0.0 0.0 0.0
0.0 0.0 0.0
0.0 0.0 0.0
0.0 0.0 0.0
0.0 0.0 0.0
0.0 0.0 0.0
0.0 0.0 0.0
0.0 0.0 0.0
0.0 0.0 0.0
0.0 0.0 0.0
0.0 0.0 0.0
0.0 0.0 0.0
0.0 0.0 0.0
0.0 0.0 0.0
0.0 0.0 0.0
0.0 0.0 0.0
0.0 0.0 0.0
0.0 0.0 0.0
0.0 0.0 0.0
0.0 0.0 0.0
0.0 0.0 0.0
0.0 0.0 0.0
0.0 0.0 0.0
0.0 0.0 0.0
0.0 0.0 0.0
0.0 0.0 0.0
0.0 0.0 0.0
0.0 0.0 0.0
0.0 0.0 0.0
0.0 0.0 0.0
0.0 0.0 0.0
0.0 0.0 0.0
0.0 0.0 0.0
0.0 0.0 0.0
0.0 0.0 0.0
0.0 0.0 0.0
0.0 0.0 0.0
0.0 0.0 0.0
0.0 0.0 0.0
0.0 0.0 0.0
0.0 0.0 0.0
0.0 0.0 0.0
0.0 0.0 0.0
0.0 0.0 0.0
0.0 0.0 0.0
0.0 0.0 0.0
0.0 0.0 0.0
0.0 0.0 0.0
0.0 0.0 0.0
0.0 0.0 0.0
0.0 0.0 0.0
0.0 0.0 0.0
0.0 0.0 0.0
0.0 0.0 0.0
0.0 0.0 0.0
0.0 0.0 0.0
0.0 0.0 0.0
0.0 0.0 0.0
0.0 0.0 0.0
0.0 0.0 0.0
0.0 0.0 0.0
0.0 0.0 0.0
0.0 0.0 0.0
0.0 0.0 0.0
0.0 0.0 0.0
0.0 0.0 0.0
0.0 0.0 0.0
0.0 0.0 0.0
0.0 0.0 0.0
0.0 0.0 0.0
0.0 0.0 0.0
0.0 0.0 0.0
0.0 0.0 0.0
0.0 0.0 0.0
0.0 0.0 0.0
0.0 0.0 0.0
0.0 0.0 0.0
0.0 0.0 0.0
0.0 0.0 0.0
0.0 0.0 0.0
0.0 0.0 0.0
0.0 0.0 0.0
0.0 0.0 0.0
0.0 0.0 0.0
0.0 0.0 0.0
0.0 0.0 0.0
0.0 0.0 0.0
0.0 0.0 0.0
0.0 0.0 0.0
0.0 0.0 0.0
0.0 0.0 0.0
0.0 0.0 0.0
0.0 0.0 0.0
0.0 0.0 0.0
0.0 0.0 0.0
0.0 0.0 0.0
0.0 0.0 0.0
0.0 0.0 0.0
0.0 0.0 0.0
0.0 0.0 0.0
0.0 0.0 0.0
0.0 0.0 0.0
0.0 0.0 0.0
0.0 0.0 0.0
0.0 0.0 0.0
0.0 0.0 0.0
0.0 0.0 0.0
0.0 0.0 0.0
0.0 0.0 0.0
0.0 0.0 0.0
0.0 0.0 0.0
0.0 0.0 0.0
0.0 0.0 0.0
0.0 0.0 0.0
0.0 0.0 0.0
0.0 0.0 0.0
0.0 0.0 0.0
0.0 0.0 0.0
0.0 0.0 0.0
0.0 0.0 0.0
0.0 0.0 0.0
0.0 0.0 0.0
0.0 0.0 0.0
0.0 0.0 0.0
0.0 0.0 0.0
0.0 0.0 0.0
0.0 0.0 0.0
0.0 0.0 0.0
0.0 0.0 0.0
0.0 0.0 0.0
0.0 0.0 0.0
0.0 0.0 0.0
0.0 0.0 0.0
0.0 0.0 0.0
0.0 0.0 0.0
0.0 0.0 0.0
0.0 0.0 0.0
0.0 0.0 0.0
0.0 0.0 0.0
0.0 0.0 0.0
0.0 0.0 0.0
0.0 0.0 0.0
0.0 0.0 0.0
0.0 0.0 0.0
0.0 0.0 0.0
0.0 0.0 0.0
0.0 0.0 0.0
0.0 0.0 0.0
0.0 0.0 0.0
0.0 0.0 0.0
0.0 0.0 0.0
0.0 0.0 0.0
0.0 0.0 0.0
0.0 0.0 0.0
0.0 0.0 0.0
0.0 0.0 0.0
0.0 0.0 0.0
0.0 0.0 0.0
0.0 0.0 0.0
0.0 0.0 0.0
0.0 0.0 0.0
0.0 0.0 0.0
0.0 0.0 0.0
0.0 0.0 0.0
0.0 0.0 0.0
0.0 0.0 0.0
0.0 0.0 0.0
0.0 0.0 0.0
0.0 0.0 0.0
0.0 0.0 0.0
0.0 0.0 0.0
0.0 0.0 0.0
0.0 0.0 0.0
0.0 0.0 0.0
0.0 0.0 0.0
0.0 0.0 0.0
0.0 0.0 0.0
0.0 0.0 0.0
0.0 0.0 0.0
0.0 0.0 0.0
0.0 0.0 0.0
0.0 0.0 0.0
0.0 0.0 0.0
0.0 0.0 0.0
0.0 0.0 0.0
0.0 0.0 0.0
0.0 0.0 0.0
0.0 0.0 0.0
0.0 0.0 0.0
0.0 0.0 0.0
0.0 0.0 0.0
0.0 0.0 0.0
0.0 0.0 0.0
0.0 0.0 0.0
0.0 0.0 0.0
0.0 0.0 0.0
0.0 0.0 0.0
0.0 0.0 0.0
0.0 0.0 0.0
0.0 0.0 0.0
0.0 0.0 0.0
0.0 0.0 0.0
0.0 0.0 0.0
0.0 0.0 0.0
0.0 0.0 0.0
0.0 0.0 0.0
0.0 0.0 0.0
0.0 0.0 0.0
0.0 0.0 0.0
0.0 0.0 0.0
0.0 0.0 0.0
0.0 0.0 0.0
0.0 0.0 0.0
0.0 0.0 0.0
0.0 0.0 0.0
0.0 0.0 0.0
0.0 0.0 0.0
0.0 0.0 0.0
0.0 0.0 0.0
0.0 0.0 0.0
0.0 0.0 0.0
0.0 0.0 0.0
0.0 0.0 0.0
0.0 0.0 0.0
0.0 0.0 0.0
0.0 0.0 0.0
0.0 0.0 0.0
0.0 0.0 0.0
0.0 0.0 0.0
0.0 0.0 0.0
0.0 0.0 0.0
0.0 0.0 0.0
0.0 0.0 0.0
0.0 0.0 0.0
0.0 0.0 0.0
0.0 0.0 0.0
0.0 0.0 0.0
0.0 0.0 0.0
0.0 0.0 0.0
0.0 0.0 0.0
0.0 0.0 0.0
0.0 0.0 0.0
0.0 0.0 0.0
0.0 0.0 0.0
0.0 0.0 0.0
0.0 0.0 0.0
0.0 0.0 0.0
0.0 0.0 0.0
0.0 0.0 0.0
0.0 0.0 0.0
0.0 0.0 0.0
0.0 0.0 0.0
0.0 0.0 0.0
0.0 0.0 0.0
0.0 0.0 0.0
0.0 0.0 0.0
0.0 0.0 0.0
0.0 0.0 0.0
0.0 0.0 0.0
0.0 0.0 0.0
0.0 0.0 0.0
0.0 0.0 0.0
0.0 0.0 0.0
0.0 0.0 0.0
0.0 0.0 0.0
0.0 0.0 0.0
0.0 0.0 0.0
0.0 0.0 0.0
0.0 0.0 0.0
0.0 0.0 0.0
0.0 0.0 0.0
0.0 0.0 0.0
0.0 0.0 0.0
0.0 0.0 0.0
0.0 0.0 0.0
0.0 0.0 0.0
0.0 0.0 0.0
0.0 0.0 0.0
0.0 0.0 0.0
0.0 0.0 0.0
0.0 0.0 0.0
0.0 0.0 0.0
0.0 0.0 0.0
0.0 0.0 0.0
0.0 0.0 0.0
0.0 0.0 0.0
0.0 0.0 0.0
0.0 0.0 0.0
0.0 0.0 0.0
0.0 0.0 0.0
0.0 0.0 0.0
0.0 0.0 0.0
0.0 0.0 0.0
0.0 0.0 0.0
0.0 0.0 0.0
0.0 0.0 0.0
0.0 0.0 0.0
0.0 0.0 0.0
0.0 0.0 0.0
0.0 0.0 0.0
0.0 0.0 0.0
0.0 0.0 0.0
0.0 0.0 0.0
0.0 0.0 0.0
0.0 0.0 0.0
0.0 0.0 0.0
0.0 0.0 0.0
0.0 0.0 0.0
0.0 0.0 0.0
0.0 0.0 0.0
0.0 0.0 0.0
0.0 0.0 0.0
0.0 0.0 0.0
0.0 0.0 0.0
0.0 0.0 0.0
0.0 0.0 0.0
0.0 0.0 0.0
0.0 0.0 0.0
0.0 0.0 0.0
0.0 0.0 0.0
0.0 0.0 0.0
0.0 0.0 0.0
0.0 0.0 0.0
0.0 0.0 0.0
0.0 0.0 0.0
0.0 0.0 0.0
0.0 0.0 0.0
0.0 0.0 0.0
0.0 0.0 0.0
0.0 0.0 0.0
0.0 0.0 0.0
0.0 0.0 0.0
0.0 0.0 0.0
0.0 0.0 0.0
0.0 0.0 0.0
0.0 0.0 0.0
0.0 0.0 0.0
0.0 0.0 0.0
0.0 0.0 0.0
0.0 0.0 0.0
0.0 0.0 0.0
0.0 0.0 0.0
0.0 0.0 0.0
0.0 0.0 0.0
0.0 0.0 0.0
0.0 0.0 0.0
0.0 0.0 0.0
0.0 0.0 0.0
0.0 0.0 0.0
0.0 0.0 0.0
0.0 0.0 0.0
0.0 0.0 0.0
0.0 0.0 0.0
0.0 0.0 0.0
0.0 0.0 0.0
0.0 0.0 0.0
0.0 0.0 0.0
0.0 0.0 0.0
0.0 0.0 0.0
0.0 0.0 0.0
0.0 0.0 0.0
0.0 0.0 0.0
0.0 0.0 0.0
0.0 0.0 0.0
0.0 0.0 0.0
0.0 0.0 0.0
0.0 0.0 0.0
0.0 0.0 0.0
0.0 0.0 0.0
0.0 0.0 0.0
0.0 0.0 0.0
0.0 0.0 0.0
0.0 0.0 0.0
0.0 0.0 0.0
0.0 0.0 0.0
0.0 0.0 0.0
0.0 0.0 0.0
0.0 0.0 0.0
0.0 0.0 0.0
0.0 0.0 0.0
0.0 0.0 0.0
0.0 0.0 0.0
0.0 0.0 0.0
0.0 0.0 0.0
0.0 0.0 0.0
0.0 0.0 0.0
0.0 0.0 0.0
0.0 0.0 0.0
0.0 0.0 0.0
0.0 0.0 0.0
0.0 0.0 0.0
0.0 0.0 0.0
0.0 0.0 0.0
0.0 0.0 0.0
0.0 0.0 0.0
0.0 0.0 0.0
0.0 0.0 0.0
0.0 0.0 0.0
0.0 0.0 0.0
0.0 0.0 0.0
0.0 0.0 0.0
0.0 0.0 0.0
0.0 0.0 0.0
0.0 0.0 0.0
0.0 0.0 0.0
0.0 0.0 0.0
0.0 0.0 0.0
0.0 0.0 0.0
0.0 0.0 0.0
0.0 0.0 0.0
0.0 0.0 0.0
0.0 0.0 0.0
0.0 0.0 0.0
0.0 0.0 0.0
0.0 0.0 0.0
0.0 0.0 0.0
0.0 0.0 0.0
0.0 0.0 0.0
0.0 0.0 0.0
0.0 0.0 0.0
0.0 0.0 0.0
0.0 0.0 0.0
0.0 0.0 0.0
0.0 0.0 0.0
0.0 0.0 0.0
0.0 0.0 0.0
0.0 0.0 0.0
0.0 0.0 0.0
0.0 0.0 0.0
0.0 0.0 0.0
0.0 0.0 0.0
0.0 0.0 0.0
0.0 0.0 0.0
0.0 0.0 0.0
0.0 0.0 0.0
0.0 0.0 0.0
0.0 0.0 0.0
0.0 0.0 0.0
0.0 0.0 0.0
0.0 0.0 0.0
0.0 0.0 0.0
0.0 0.0 0.0
0.0 0.0 0.0
0.0 0.0 0.0
0.0 0.0 0.0
0.0 0.0 0.0
0.0 0.0 0.0
0.0 0.0 0.0
0.0 0.0 0.0
0.0 0.0 0.0
0.0 0.0 0.0
0.0 0.0 0.0
0.0 0.0 0.0
0.0 0.0 0.0
0.0 0.0 0.0
0.0 0.0 0.0
0.0 0.0 0.0
0.0 0.0 0.0
0.0 0.0 0.0
0.0 0.0 0.0
0.0 0.0 0.0
0.0 0.0 0.0
0.0 0.0 0.0
0.0 0.0 0.0
0.0 0.0 0.0
0.0 0.0 0.0
0.0 0.0 0.0
0.0 0.0 0.0
0.0 0.0 0.0
0.0 0.0 0.0
0.0 0.0 0.0
0.0 0.0 0.0
0.0 0.0 0.0
0.0 0.0 0.0
0.0 0.0 0.0
0.0 0.0 0.0
0.0 0.0 0.0
0.0 0.0 0.0
0.0 0.0 0.0
0.0 0.0 0.0
0.0 0.0 0.0
0.0 0.0 0.0
0.0 0.0 0.0
0.0 0.0 0.0
0.0 0.0 0.0
0.0 0.0 0.0
0.0 0.0 0.0
0.0 0.0 0.0
0.0 0.0 0.0
0.0 0.0 0.0
0.0 0.0 0.0
0.0 0.0 0.0
0.0 0.0 0.0
0.0 0.0 0.0
0.0 0.0 0.0
0.0 0.0 0.0
0.0 0.0 0.0
0.0 0.0 0.0
0.0 0.0 0.0
0.0 0.0 0.0
0.0 0.0 0.0
0.0 0.0 0.0
0.0 0.0 0.0
0.0 0.0 0.0
0.0 0.0 0.0
0.0 0.0 0.0
0.0 0.0 0.0
0.0 0.0 0.0
0.0 0.0 0.0
0.0 0.0 0.0
0.0 0.0 0.0
0.0 0.0 0.0
0.0 0.0 0.0
0.0 0.0 0.0
0.0 0.0 0.0
0.0 0.0 0.0
0.0 0.0 0.0
0.0 0.0 0.0
0.0 0.0 0.0
0.0 0.0 0.0
0.0 0.0 0.0
0.0 0.0 0.0
0.0 0.0 0.0
0.0 0.0 0.0
0.0 0.0 0.0
0.0 0.0 0.0
0.0 0.0 0.0
0.0 0.0 0.0
0.0 0.0 0.0
0.0 0.0 0.0
0.0 0.0 0.0
0.0 0.0 0.0
0.0 0.0 0.0
0.0 0.0 0.0
0.0 0.0 0.0
0.0 0.0 0.0
0.0 0.0 0.0
0.0 0.0 0.0
0.0 0.0 0.0
0.0 0.0 0.0
0.0 0.0 0.0
0.0 0.0 0.0
0.0 0.0 0.0
0.0 0.0 0.0
0.0 0.0 0.0
0.0 0.0 0.0
0.0 0.0 0.0
0.0 0.0 0.0
0.0 0.0 0.0
0.0 0.0 0.0
0.0 0.0 0.0
0.0 0.0 0.0
0.0 0.0 0.0
0.0 0.0 0.0
0.0 0.0 0.0
0.0 0.0 0.0
0.0 0.0 0.0
0.0 0.0 0.0
0.0 0.0 0.0
0.0 0.0 0.0
0.0 0.0 0.0
0.0 0.0 0.0
0.0 0.0 0.0
0.0 0.0 0.0
0.0 0.0 0.0
0.0 0.0 0.0
0.0 0.0 0.0
0.0 0.0 0.0
0.0 0.0 0.0
0.0 0.0 0.0
0.0 0.0 0.0
0.0 0.0 0.0
0.0 0.0 0.0
0.0 0.0 0.0
0.0 0.0 0.0
0.0 0.0 0.0
0.0 0.0 0.0
0.0 0.0 0.0
0.0 0.0 0.0
0.0 0.0 0.0
0.0 0.0 0.0
0.0 0.0 0.0
0.0 0.0 0.0
0.0 0.0 0.0
0.0 0.0 0.0
0.0 0.0 0.0
0.0 0.0 0.0
0.0 0.0 0.0
0.0 0.0 0.0
0.0 0.0 0.0
0.0 0.0 0.0
0.0 0.0 0.0
0.0 0.0 0.0
0.0 0.0 0.0
0.0 0.0 0.0
0.0 0.0 0.0
0.0 0.0 0.0
0.0 0.0 0.0
0.0 0.0 0.0
0.0 0.0 0.0
0.0 0.0 0.0
0.0 0.0 0.0
0.0 0.0 0.0
0.0 0.0 0.0
0.0 0.0 0.0
0.0 0.0 0.0
0.0 0.0 0.0
0.0 0.0 0.0
0.0 0.0 0.0
0.0 0.0 0.0
0.0 0.0 0.0
0.0 0.0 0.0
0.0 0.0 0.0
0.0 0.0 0.0
0.0 0.0 0.0
0.0 0.0 0.0
0.0 0.0 0.0
0.0 0.0 0.0
0.0 0.0 0.0
0.0 0.0 0.0
0.0 0.0 0.0
0.0 0.0 0.0
0.0 0.0 0.0
0.0 0.0 0.0
0.0 0.0 0.0
0.0 0.0 0.0
0.0 0.0 0.0
0.0 0.0 0.0
0.0 0.0 0.0
0.0 0.0 0.0
0.0 0.0 0.0
0.0 0.0 0.0
0.0 0.0 0.0
0.0 0.0 0.0
0.0 0.0 0.0
0.0 0.0 0.0
0.0 0.0 0.0
0.0 0.0 0.0
0.0 0.0 0.0
0.0 0.0 0.0
0.0 0.0 0.0
0.0 0.0 0.0
-124.14551544189453 189.29986572265625 -1.620360255241394
0.0 0.0 0.0
0.0 0.0 0.0
0.0 0.0 0.0
0.0 0.0 0.0
0.0 0.0 0.0
0.0 0.0 0.0
0.0 0.0 0.0
0.0 0.0 0.0
0.0 0.0 0.0
0.0 0.0 0.0
0.0 0.0 0.0
0.0 0.0 0.0
0.0 0.0 0.0
0.0 0.0 0.0
0.0 0.0 0.0
0.0 0.0 0.0
0.0 0.0 0.0
0.0 0.0 0.0
0.0 0.0 0.0
0.0 0.0 0.0
0.0 0.0 0.0
0.0 0.0 0.0
0.0 0.0 0.0
0.0 0.0 0.0
0.0 0.0 0.0
0.0 0.0 0.0
0.0 0.0 0.0
0.0 0.0 0.0
0.0 0.0 0.0
0.0 0.0 0.0
0.0 0.0 0.0
0.0 0.0 0.0
0.0 0.0 0.0
0.0 0.0 0.0
0.0 0.0 0.0
0.0 0.0 0.0
0.0 0.0 0.0
0.0 0.0 0.0
0.0 0.0 0.0
0.0 0.0 0.0
0.0 0.0 0.0
0.0 0.0 0.0
0.0 0.0 0.0
0.0 0.0 0.0
0.0 0.0 0.0
0.0 0.0 0.0
0.0 0.0 0.0
0.0 0.0 0.0
0.0 0.0 0.0
0.0 0.0 0.0
0.0 0.0 0.0
0.0 0.0 0.0
0.0 0.0 0.0
0.0 0.0 0.0
0.0 0.0 0.0
0.0 0.0 0.0
0.0 0.0 0.0
0.0 0.0 0.0
0.0 0.0 0.0
0.0 0.0 0.0
0.0 0.0 0.0
0.0 0.0 0.0
0.0 0.0 0.0
0.0 0.0 0.0
0.0 0.0 0.0
0.0 0.0 0.0
0.0 0.0 0.0
0.0 0.0 0.0
0.0 0.0 0.0
0.0 0.0 0.0
0.0 0.0 0.0
0.0 0.0 0.0
0.0 0.0 0.0
0.0 0.0 0.0
0.0 0.0 0.0
0.0 0.0 0.0
0.0 0.0 0.0
0.0 0.0 0.0
0.0 0.0 0.0
0.0 0.0 0.0
0.0 0.0 0.0
0.0 0.0 0.0
0.0 0.0 0.0
0.0 0.0 0.0
0.0 0.0 0.0
0.0 0.0 0.0
0.0 0.0 0.0
0.0 0.0 0.0
0.0 0.0 0.0
0.0 0.0 0.0
0.0 0.0 0.0
0.0 0.0 0.0
0.0 0.0 0.0
0.0 0.0 0.0
0.0 0.0 0.0
0.0 0.0 0.0
0.0 0.0 0.0
0.0 0.0 0.0
0.0 0.0 0.0
0.0 0.0 0.0
0.0 0.0 0.0
0.0 0.0 0.0
0.0 0.0 0.0
0.0 0.0 0.0
0.0 0.0 0.0
0.0 0.0 0.0
0.0 0.0 0.0
0.0 0.0 0.0
0.0 0.0 0.0
0.0 0.0 0.0
0.0 0.0 0.0
0.0 0.0 0.0
0.0 0.0 0.0
0.0 0.0 0.0
0.0 0.0 0.0
0.0 0.0 0.0
0.0 0.0 0.0
0.0 0.0 0.0
0.0 0.0 0.0
0.0 0.0 0.0
0.0 0.0 0.0
0.0 0.0 0.0
0.0 0.0 0.0
0.0 0.0 0.0
0.0 0.0 0.0
0.0 0.0 0.0
0.0 0.0 0.0
0.0 0.0 0.0
0.0 0.0 0.0
0.0 0.0 0.0
0.0 0.0 0.0
0.0 0.0 0.0
0.0 0.0 0.0
0.0 0.0 0.0
0.0 0.0 0.0
0.0 0.0 0.0
0.0 0.0 0.0
0.0 0.0 0.0
0.0 0.0 0.0
0.0 0.0 0.0
0.0 0.0 0.0
0.0 0.0 0.0
0.0 0.0 0.0
0.0 0.0 0.0
0.0 0.0 0.0
0.0 0.0 0.0
0.0 0.0 0.0
0.0 0.0 0.0
0.0 0.0 0.0
0.0 0.0 0.0
0.0 0.0 0.0
0.0 0.0 0.0
0.0 0.0 0.0
0.0 0.0 0.0
0.0 0.0 0.0
0.0 0.0 0.0
0.0 0.0 0.0
0.0 0.0 0.0
0.0 0.0 0.0
0.0 0.0 0.0
0.0 0.0 0.0
0.0 0.0 0.0
0.0 0.0 0.0
0.0 0.0 0.0
0.0 0.0 0.0
0.0 0.0 0.0
0.0 0.0 0.0
0.0 0.0 0.0
0.0 0.0 0.0
0.0 0.0 0.0
0.0 0.0 0.0
0.0 0.0 0.0
0.0 0.0 0.0
0.0 0.0 0.0
0.0 0.0 0.0
0.0 0.0 0.0
0.0 0.0 0.0
0.0 0.0 0.0
0.0 0.0 0.0
0.0 0.0 0.0
0.0 0.0 0.0
0.0 0.0 0.0
0.0 0.0 0.0
0.0 0.0 0.0
0.0 0.0 0.0
0.0 0.0 0.0
0.0 0.0 0.0
0.0 0.0 0.0
0.0 0.0 0.0
0.0 0.0 0.0
0.0 0.0 0.0
0.0 0.0 0.0
0.0 0.0 0.0
0.0 0.0 0.0
0.0 0.0 0.0
0.0 0.0 0.0
0.0 0.0 0.0
0.0 0.0 0.0
0.0 0.0 0.0
0.0 0.0 0.0
0.0 0.0 0.0
0.0 0.0 0.0
0.0 0.0 0.0
0.0 0.0 0.0
0.0 0.0 0.0
0.0 0.0 0.0
0.0 0.0 0.0
0.0 0.0 0.0
0.0 0.0 0.0
0.0 0.0 0.0
0.0 0.0 0.0
0.0 0.0 0.0
0.0 0.0 0.0
0.0 0.0 0.0
0.0 0.0 0.0
0.0 0.0 0.0
0.0 0.0 0.0
0.0 0.0 0.0
0.0 0.0 0.0
0.0 0.0 0.0
0.0 0.0 0.0
0.0 0.0 0.0
0.0 0.0 0.0
0.0 0.0 0.0
0.0 0.0 0.0
0.0 0.0 0.0
0.0 0.0 0.0
0.0 0.0 0.0
0.0 0.0 0.0
0.0 0.0 0.0
0.0 0.0 0.0
0.0 0.0 0.0
0.0 0.0 0.0
0.0 0.0 0.0
0.0 0.0 0.0
0.0 0.0 0.0
0.0 0.0 0.0
0.0 0.0 0.0
0.0 0.0 0.0
0.0 0.0 0.0
0.0 0.0 0.0
0.0 0.0 0.0
0.0 0.0 0.0
0.0 0.0 0.0
0.0 0.0 0.0
0.0 0.0 0.0
0.0 0.0 0.0
0.0 0.0 0.0
0.0 0.0 0.0
0.0 0.0 0.0
0.0 0.0 0.0
0.0 0.0 0.0
0.0 0.0 0.0
0.0 0.0 0.0
0.0 0.0 0.0
0.0 0.0 0.0
0.0 0.0 0.0
0.0 0.0 0.0
0.0 0.0 0.0
0.0 0.0 0.0
0.0 0.0 0.0
0.0 0.0 0.0
0.0 0.0 0.0
0.0 0.0 0.0
0.0 0.0 0.0
0.0 0.0 0.0
0.0 0.0 0.0
0.0 0.0 0.0
0.0 0.0 0.0
0.0 0.0 0.0
0.0 0.0 0.0
0.0 0.0 0.0
0.0 0.0 0.0
0.0 0.0 0.0
0.0 0.0 0.0
0.0 0.0 0.0
0.0 0.0 0.0
0.0 0.0 0.0
0.0 0.0 0.0
0.0 0.0 0.0
0.0 0.0 0.0
0.0 0.0 0.0
0.0 0.0 0.0
0.0 0.0 0.0
0.0 0.0 0.0
0.0 0.0 0.0
0.0 0.0 0.0
0.0 0.0 0.0
0.0 0.0 0.0
0.0 0.0 0.0
0.0 0.0 0.0
0.0 0.0 0.0
0.0 0.0 0.0
0.0 0.0 0.0
0.0 0.0 0.0
0.0 0.0 0.0
0.0 0.0 0.0
0.0 0.0 0.0
0.0 0.0 0.0
0.0 0.0 0.0
0.0 0.0 0.0
0.0 0.0 0.0
0.0 0.0 0.0
0.0 0.0 0.0
0.0 0.0 0.0
0.0 0.0 0.0
0.0 0.0 0.0
0.0 0.0 0.0
0.0 0.0 0.0
0.0 0.0 0.0
0.0 0.0 0.0
0.0 0.0 0.0
0.0 0.0 0.0
0.0 0.0 0.0
0.0 0.0 0.0
0.0 0.0 0.0
0.0 0.0 0.0
0.0 0.0 0.0
0.0 0.0 0.0
0.0 0.0 0.0
0.0 0.0 0.0
0.0 0.0 0.0
0.0 0.0 0.0
0.0 0.0 0.0
0.0 0.0 0.0
0.0 0.0 0.0
0.0 0.0 0.0
0.0 0.0 0.0
0.0 0.0 0.0
0.0 0.0 0.0
0.0 0.0 0.0
0.0 0.0 0.0
0.0 0.0 0.0
0.0 0.0 0.0
0.0 0.0 0.0
0.0 0.0 0.0
0.0 0.0 0.0
0.0 0.0 0.0
0.0 0.0 0.0
0.0 0.0 0.0
0.0 0.0 0.0
0.0 0.0 0.0
0.0 0.0 0.0
0.0 0.0 0.0
0.0 0.0 0.0
0.0 0.0 0.0
0.0 0.0 0.0
0.0 0.0 0.0
0.0 0.0 0.0
0.0 0.0 0.0
0.0 0.0 0.0
0.0 0.0 0.0
0.0 0.0 0.0
0.0 0.0 0.0
0.0 0.0 0.0
0.0 0.0 0.0
0.0 0.0 0.0
0.0 0.0 0.0
0.0 0.0 0.0
0.0 0.0 0.0
0.0 0.0 0.0
0.0 0.0 0.0
0.0 0.0 0.0
0.0 0.0 0.0
0.0 0.0 0.0
0.0 0.0 0.0
0.0 0.0 0.0
0.0 0.0 0.0
0.0 0.0 0.0
0.0 0.0 0.0
0.0 0.0 0.0
0.0 0.0 0.0
0.0 0.0 0.0
0.0 0.0 0.0
0.0 0.0 0.0
0.0 0.0 0.0
0.0 0.0 0.0
0.0 0.0 0.0
0.0 0.0 0.0
0.0 0.0 0.0
0.0 0.0 0.0
0.0 0.0 0.0
0.0 0.0 0.0
0.0 0.0 0.0
0.0 0.0 0.0
0.0 0.0 0.0
0.0 0.0 0.0
0.0 0.0 0.0
0.0 0.0 0.0
0.0 0.0 0.0
0.0 0.0 0.0
0.0 0.0 0.0
0.0 0.0 0.0
0.0 0.0 0.0
0.0 0.0 0.0
0.0 0.0 0.0
0.0 0.0 0.0
0.0 0.0 0.0
0.0 0.0 0.0
0.0 0.0 0.0
0.0 0.0 0.0
0.0 0.0 0.0
0.0 0.0 0.0
0.0 0.0 0.0
0.0 0.0 0.0
0.0 0.0 0.0
0.0 0.0 0.0
0.0 0.0 0.0
0.0 0.0 0.0
0.0 0.0 0.0
0.0 0.0 0.0
0.0 0.0 0.0
0.0 0.0 0.0
0.0 0.0 0.0
0.0 0.0 0.0
0.0 0.0 0.0
0.0 0.0 0.0
0.0 0.0 0.0
0.0 0.0 0.0
0.0 0.0 0.0
0.0 0.0 0.0
0.0 0.0 0.0
0.0 0.0 0.0
0.0 0.0 0.0
0.0 0.0 0.0
0.0 0.0 0.0
0.0 0.0 0.0
0.0 0.0 0.0
0.0 0.0 0.0
0.0 0.0 0.0
0.0 0.0 0.0
0.0 0.0 0.0
0.0 0.0 0.0
0.0 0.0 0.0
0.0 0.0 0.0
0.0 0.0 0.0
0.0 0.0 0.0
0.0 0.0 0.0
0.0 0.0 0.0
0.0 0.0 0.0
0.0 0.0 0.0
0.0 0.0 0.0
0.0 0.0 0.0
0.0 0.0 0.0
0.0 0.0 0.0
0.0 0.0 0.0
0.0 0.0 0.0
0.0 0.0 0.0
0.0 0.0 0.0
0.0 0.0 0.0
0.0 0.0 0.0
0.0 0.0 0.0
0.0 0.0 0.0
0.0 0.0 0.0
0.0 0.0 0.0
0.0 0.0 0.0
0.0 0.0 0.0
0.0 0.0 0.0
0.0 0.0 0.0
0.0 0.0 0.0
0.0 0.0 0.0
0.0 0.0 0.0
0.0 0.0 0.0
0.0 0.0 0.0
0.0 0.0 0.0
0.0 0.0 0.0
0.0 0.0 0.0
0.0 0.0 0.0
0.0 0.0 0.0
0.0 0.0 0.0
0.0 0.0 0.0
0.0 0.0 0.0
0.0 0.0 0.0
0.0 0.0 0.0
0.0 0.0 0.0
0.0 0.0 0.0
0.0 0.0 0.0
0.0 0.0 0.0
11.022875785827637 44.997249603271484 -0.1971205174922943
0.0 0.0 0.0
0.0 0.0 0.0
0.0 0.0 0.0
0.0 0.0 0.0
0.0 0.0 0.0
0.0 0.0 0.0
0.0 0.0 0.0
0.0 0.0 0.0
0.0 0.0 0.0
0.0 0.0 0.0
0.0 0.0 0.0
0.0 0.0 0.0
0.0 0.0 0.0
0.0 0.0 0.0
0.0 0.0 0.0
0.0 0.0 0.0
0.0 0.0 0.0
0.0 0.0 0.0
0.0 0.0 0.0
0.0 0.0 0.0
0.0 0.0 0.0
0.0 0.0 0.0
0.0 0.0 0.0
0.0 0.0 0.0
0.0 0.0 0.0
0.0 0.0 0.0
0.0 0.0 0.0
0.0 0.0 0.0
0.0 0.0 0.0
0.0 0.0 0.0
0.0 0.0 0.0
0.0 0.0 0.0
0.0 0.0 0.0
0.0 0.0 0.0
0.0 0.0 0.0
0.0 0.0 0.0
0.0 0.0 0.0
0.0 0.0 0.0
0.0 0.0 0.0
0.0 0.0 0.0
0.0 0.0 0.0
0.0 0.0 0.0
0.0 0.0 0.0
0.0 0.0 0.0
0.0 0.0 0.0
0.0 0.0 0.0
0.0 0.0 0.0
0.0 0.0 0.0
0.0 0.0 0.0
0.0 0.0 0.0
0.0 0.0 0.0
0.0 0.0 0.0
0.0 0.0 0.0
0.0 0.0 0.0
0.0 0.0 0.0
0.0 0.0 0.0
0.0 0.0 0.0
0.0 0.0 0.0
0.0 0.0 0.0
0.0 0.0 0.0
0.0 0.0 0.0
0.0 0.0 0.0
0.0 0.0 0.0
0.0 0.0 0.0
0.0 0.0 0.0
0.0 0.0 0.0
0.0 0.0 0.0
0.0 0.0 0.0
0.0 0.0 0.0
0.0 0.0 0.0
0.0 0.0 0.0
0.0 0.0 0.0
0.0 0.0 0.0
0.0 0.0 0.0
0.0 0.0 0.0
0.0 0.0 0.0
0.0 0.0 0.0
0.0 0.0 0.0
0.0 0.0 0.0
0.0 0.0 0.0
0.0 0.0 0.0
0.0 0.0 0.0
0.0 0.0 0.0
0.0 0.0 0.0
0.0 0.0 0.0
0.0 0.0 0.0
0.0 0.0 0.0
0.0 0.0 0.0
0.0 0.0 0.0
0.0 0.0 0.0
0.0 0.0 0.0
0.0 0.0 0.0
0.0 0.0 0.0
0.0 0.0 0.0
0.0 0.0 0.0
0.0 0.0 0.0
0.0 0.0 0.0
0.0 0.0 0.0
0.0 0.0 0.0
0.0 0.0 0.0
0.0 0.0 0.0
0.0 0.0 0.0
0.0 0.0 0.0
0.0 0.0 0.0
0.0 0.0 0.0
0.0 0.0 0.0
0.0 0.0 0.0
0.0 0.0 0.0
0.0 0.0 0.0
0.0 0.0 0.0
0.0 0.0 0.0
0.0 0.0 0.0
0.0 0.0 0.0
0.0 0.0 0.0
0.0 0.0 0.0
0.0 0.0 0.0
0.0 0.0 0.0
0.0 0.0 0.0
0.0 0.0 0.0
0.0 0.0 0.0
0.0 0.0 0.0
0.0 0.0 0.0
0.0 0.0 0.0
0.0 0.0 0.0
0.0 0.0 0.0
0.0 0.0 0.0
0.0 0.0 0.0
0.0 0.0 0.0
0.0 0.0 0.0
0.0 0.0 0.0
0.0 0.0 0.0
0.0 0.0 0.0
0.0 0.0 0.0
0.0 0.0 0.0
0.0 0.0 0.0
0.0 0.0 0.0
0.0 0.0 0.0
0.0 0.0 0.0
0.0 0.0 0.0
0.0 0.0 0.0
0.0 0.0 0.0
0.0 0.0 0.0
0.0 0.0 0.0
0.0 0.0 0.0
0.0 0.0 0.0
0.0 0.0 0.0
0.0 0.0 0.0
0.0 0.0 0.0
0.0 0.0 0.0
0.0 0.0 0.0
0.0 0.0 0.0
0.0 0.0 0.0
0.0 0.0 0.0
0.0 0.0 0.0
0.0 0.0 0.0
0.0 0.0 0.0
0.0 0.0 0.0
0.0 0.0 0.0
0.0 0.0 0.0
0.0 0.0 0.0
0.0 0.0 0.0
0.0 0.0 0.0
0.0 0.0 0.0
0.0 0.0 0.0
0.0 0.0 0.0
0.0 0.0 0.0
0.0 0.0 0.0
0.0 0.0 0.0
0.0 0.0 0.0
0.0 0.0 0.0
0.0 0.0 0.0
0.0 0.0 0.0
0.0 0.0 0.0
0.0 0.0 0.0
0.0 0.0 0.0
0.0 0.0 0.0
0.0 0.0 0.0
0.0 0.0 0.0
0.0 0.0 0.0
0.0 0.0 0.0
0.0 0.0 0.0
0.0 0.0 0.0
0.0 0.0 0.0
0.0 0.0 0.0
0.0 0.0 0.0
0.0 0.0 0.0
0.0 0.0 0.0
0.0 0.0 0.0
0.0 0.0 0.0
0.0 0.0 0.0
0.0 0.0 0.0
0.0 0.0 0.0
0.0 0.0 0.0
0.0 0.0 0.0
0.0 0.0 0.0
0.0 0.0 0.0
0.0 0.0 0.0
0.0 0.0 0.0
0.0 0.0 0.0
0.0 0.0 0.0
0.0 0.0 0.0
0.0 0.0 0.0
0.0 0.0 0.0
0.0 0.0 0.0
0.0 0.0 0.0
0.0 0.0 0.0
0.0 0.0 0.0
0.0 0.0 0.0
0.0 0.0 0.0
0.0 0.0 0.0
0.0 0.0 0.0
0.0 0.0 0.0
0.0 0.0 0.0
0.0 0.0 0.0
0.0 0.0 0.0
0.0 0.0 0.0
0.0 0.0 0.0
0.0 0.0 0.0
0.0 0.0 0.0
0.0 0.0 0.0
0.0 0.0 0.0
0.0 0.0 0.0
0.0 0.0 0.0
0.0 0.0 0.0
0.0 0.0 0.0
0.0 0.0 0.0
0.0 0.0 0.0
0.0 0.0 0.0
0.0 0.0 0.0
0.0 0.0 0.0
0.0 0.0 0.0
0.0 0.0 0.0
0.0 0.0 0.0
0.0 0.0 0.0
0.0 0.0 0.0
0.0 0.0 0.0
0.0 0.0 0.0
0.0 0.0 0.0
0.0 0.0 0.0
0.0 0.0 0.0
0.0 0.0 0.0
0.0 0.0 0.0
0.0 0.0 0.0
0.0 0.0 0.0
0.0 0.0 0.0
0.0 0.0 0.0
0.0 0.0 0.0
0.0 0.0 0.0
0.0 0.0 0.0
0.0 0.0 0.0
0.0 0.0 0.0
0.0 0.0 0.0
0.0 0.0 0.0
0.0 0.0 0.0
0.0 0.0 0.0
0.0 0.0 0.0
0.0 0.0 0.0
0.0 0.0 0.0
0.0 0.0 0.0
0.0 0.0 0.0
0.0 0.0 0.0
0.0 0.0 0.0
0.0 0.0 0.0
0.0 0.0 0.0
0.0 0.0 0.0
0.0 0.0 0.0
0.0 0.0 0.0
0.0 0.0 0.0
0.0 0.0 0.0
0.0 0.0 0.0
0.0 0.0 0.0
0.0 0.0 0.0
0.0 0.0 0.0
0.0 0.0 0.0
0.0 0.0 0.0
0.0 0.0 0.0
0.0 0.0 0.0
0.0 0.0 0.0
0.0 0.0 0.0
0.0 0.0 0.0
0.0 0.0 0.0
0.0 0.0 0.0
0.0 0.0 0.0
0.0 0.0 0.0
0.0 0.0 0.0
0.0 0.0 0.0
0.0 0.0 0.0
0.0 0.0 0.0
0.0 0.0 0.0
0.0 0.0 0.0
0.0 0.0 0.0
0.0 0.0 0.0
0.0 0.0 0.0
0.0 0.0 0.0
0.0 0.0 0.0
0.0 0.0 0.0
0.0 0.0 0.0
0.0 0.0 0.0
0.0 0.0 0.0
0.0 0.0 0.0
0.0 0.0 0.0
0.0 0.0 0.0
0.0 0.0 0.0
0.0 0.0 0.0
0.0 0.0 0.0
0.0 0.0 0.0
0.0 0.0 0.0
0.0 0.0 0.0
0.0 0.0 0.0
0.0 0.0 0.0
0.0 0.0 0.0
0.0 0.0 0.0
0.0 0.0 0.0
0.0 0.0 0.0
0.0 0.0 0.0
0.0 0.0 0.0
0.0 0.0 0.0
0.0 0.0 0.0
0.0 0.0 0.0
0.0 0.0 0.0
0.0 0.0 0.0
0.0 0.0 0.0
0.0 0.0 0.0
0.0 0.0 0.0
0.0 0.0 0.0
0.0 0.0 0.0
0.0 0.0 0.0
0.0 0.0 0.0
0.0 0.0 0.0
0.0 0.0 0.0
0.0 0.0 0.0
0.0 0.0 0.0
0.0 0.0 0.0
0.0 0.0 0.0
0.0 0.0 0.0
0.0 0.0 0.0
0.0 0.0 0.0
0.0 0.0 0.0
0.0 0.0 0.0
0.0 0.0 0.0
0.0 0.0 0.0
0.0 0.0 0.0
0.0 0.0 0.0
0.0 0.0 0.0
0.0 0.0 0.0
0.0 0.0 0.0
0.0 0.0 0.0
0.0 0.0 0.0
0.0 0.0 0.0
0.0 0.0 0.0
0.0 0.0 0.0
0.0 0.0 0.0
0.0 0.0 0.0
0.0 0.0 0.0
0.0 0.0 0.0
0.0 0.0 0.0
0.0 0.0 0.0
0.0 0.0 0.0
0.0 0.0 0.0
0.0 0.0 0.0
0.0 0.0 0.0
0.0 0.0 0.0
0.0 0.0 0.0
0.0 0.0 0.0
0.0 0.0 0.0
0.0 0.0 0.0
0.0 0.0 0.0
0.0 0.0 0.0
0.0 0.0 0.0
0.0 0.0 0.0
0.0 0.0 0.0
0.0 0.0 0.0
0.0 0.0 0.0
0.0 0.0 0.0
0.0 0.0 0.0
0.0 0.0 0.0
0.0 0.0 0.0
0.0 0.0 0.0
0.0 0.0 0.0
0.0 0.0 0.0
0.0 0.0 0.0
0.0 0.0 0.0
0.0 0.0 0.0
0.0 0.0 0.0
0.0 0.0 0.0
0.0 0.0 0.0
0.0 0.0 0.0
0.0 0.0 0.0
0.0 0.0 0.0
0.0 0.0 0.0
0.0 0.0 0.0
0.0 0.0 0.0
0.0 0.0 0.0
0.0 0.0 0.0
0.0 0.0 0.0
0.0 0.0 0.0
0.0 0.0 0.0
0.0 0.0 0.0
0.0 0.0 0.0
0.0 0.0 0.0
0.0 0.0 0.0
0.0 0.0 0.0
0.0 0.0 0.0
0.0 0.0 0.0
0.0 0.0 0.0
0.0 0.0 0.0
0.0 0.0 0.0
0.0 0.0 0.0
0.0 0.0 0.0
0.0 0.0 0.0
0.0 0.0 0.0
0.0 0.0 0.0
0.0 0.0 0.0
0.0 0.0 0.0
0.0 0.0 0.0
0.0 0.0 0.0
0.0 0.0 0.0
0.0 0.0 0.0
0.0 0.0 0.0
0.0 0.0 0.0
0.0 0.0 0.0
0.0 0.0 0.0
0.0 0.0 0.0
0.0 0.0 0.0
0.0 0.0 0.0
0.0 0.0 0.0
0.0 0.0 0.0
0.0 0.0 0.0
0.0 0.0 0.0
0.0 0.0 0.0
0.0 0.0 0.0
0.0 0.0 0.0
0.0 0.0 0.0
0.0 0.0 0.0
0.0 0.0 0.0
0.0 0.0 0.0
0.0 0.0 0.0
0.0 0.0 0.0
0.0 0.0 0.0
0.0 0.0 0.0
0.0 0.0 0.0
0.0 0.0 0.0
0.0 0.0 0.0
0.0 0.0 0.0
0.0 0.0 0.0
0.0 0.0 0.0
0.0 0.0 0.0
0.0 0.0 0.0
0.0 0.0 0.0
0.0 0.0 0.0
0.0 0.0 0.0
0.0 0.0 0.0
0.0 0.0 0.0
0.0 0.0 0.0
0.0 0.0 0.0
0.0 0.0 0.0
0.0 0.0 0.0
0.0 0.0 0.0
0.0 0.0 0.0
0.0 0.0 0.0
0.0 0.0 0.0
0.0 0.0 0.0
0.0 0.0 0.0
0.0 0.0 0.0
0.0 0.0 0.0
0.0 0.0 0.0
0.0 0.0 0.0
0.0 0.0 0.0
0.0 0.0 0.0
0.0 0.0 0.0
0.0 0.0 0.0
0.0 0.0 0.0
0.0 0.0 0.0
0.0 0.0 0.0
0.0 0.0 0.0
0.0 0.0 0.0
0.0 0.0 0.0
0.0 0.0 0.0
0.0 0.0 0.0
0.0 0.0 0.0
0.0 0.0 0.0
0.0 0.0 0.0
0.0 0.0 0.0
0.0 0.0 0.0
0.0 0.0 0.0
0.0 0.0 0.0
0.0 0.0 0.0
0.0 0.0 0.0
0.0 0.0 0.0
0.0 0.0 0.0
0.0 0.0 0.0
0.0 0.0 0.0
0.0 0.0 0.0
0.0 0.0 0.0
0.0 0.0 0.0
0.0 0.0 0.0
0.0 0.0 0.0
0.0 0.0 0.0
0.0 0.0 0.0
0.0 0.0 0.0
0.0 0.0 0.0
0.0 0.0 0.0
0.0 0.0 0.0
0.0 0.0 0.0
0.0 0.0 0.0
0.0 0.0 0.0
0.0 0.0 0.0
0.0 0.0 0.0
0.0 0.0 0.0
0.0 0.0 0.0
0.0 0.0 0.0
0.0 0.0 0.0
0.0 0.0 0.0
0.0 0.0 0.0
0.0 0.0 0.0
0.0 0.0 0.0
0.0 0.0 0.0
0.0 0.0 0.0
0.0 0.0 0.0
0.0 0.0 0.0
0.0 0.0 0.0
0.0 0.0 0.0
0.0 0.0 0.0
0.0 0.0 0.0
0.0 0.0 0.0
0.0 0.0 0.0
0.0 0.0 0.0
0.0 0.0 0.0
0.0 0.0 0.0
0.0 0.0 0.0
0.0 0.0 0.0
0.0 0.0 0.0
0.0 0.0 0.0
0.0 0.0 0.0
0.0 0.0 0.0
0.0 0.0 0.0
0.0 0.0 0.0
0.0 0.0 0.0
0.0 0.0 0.0
0.0 0.0 0.0
0.0 0.0 0.0
0.0 0.0 0.0
0.0 0.0 0.0
0.0 0.0 0.0
0.0 0.0 0.0
0.0 0.0 0.0
0.0 0.0 0.0
0.0 0.0 0.0
0.0 0.0 0.0
0.0 0.0 0.0
0.0 0.0 0.0
0.0 0.0 0.0
0.0 0.0 0.0
0.0 0.0 0.0
-5.061080455780029 15.074995040893555 0.12051500380039215
0.0 0.0 0.0
0.0 0.0 0.0
0.0 0.0 0.0
0.0 0.0 0.0
0.0 0.0 0.0
0.0 0.0 0.0
0.0 0.0 0.0
0.0 0.0 0.0
0.0 0.0 0.0
0.0 0.0 0.0
0.0 0.0 0.0
0.0 0.0 0.0
0.0 0.0 0.0
0.0 0.0 0.0
0.0 0.0 0.0
0.0 0.0 0.0
0.0 0.0 0.0
0.0 0.0 0.0
0.0 0.0 0.0
0.0 0.0 0.0
0.0 0.0 0.0
0.0 0.0 0.0
0.0 0.0 0.0
0.0 0.0 0.0
0.0 0.0 0.0
0.0 0.0 0.0
0.0 0.0 0.0
0.0 0.0 0.0
0.0 0.0 0.0
0.0 0.0 0.0
0.0 0.0 0.0
0.0 0.0 0.0
0.0 0.0 0.0
0.0 0.0 0.0
0.0 0.0 0.0
0.0 0.0 0.0
0.0 0.0 0.0
0.0 0.0 0.0
0.0 0.0 0.0
0.0 0.0 0.0
0.0 0.0 0.0
0.0 0.0 0.0
0.0 0.0 0.0
0.0 0.0 0.0
0.0 0.0 0.0
0.0 0.0 0.0
0.0 0.0 0.0
0.0 0.0 0.0
0.0 0.0 0.0
0.0 0.0 0.0
0.0 0.0 0.0
0.0 0.0 0.0
0.0 0.0 0.0
0.0 0.0 0.0
0.0 0.0 0.0
0.0 0.0 0.0
0.0 0.0 0.0
0.0 0.0 0.0
0.0 0.0 0.0
0.0 0.0 0.0
0.0 0.0 0.0
0.0 0.0 0.0
0.0 0.0 0.0
0.0 0.0 0.0
0.0 0.0 0.0
0.0 0.0 0.0
0.0 0.0 0.0
0.0 0.0 0.0
0.0 0.0 0.0
0.0 0.0 0.0
0.0 0.0 0.0
0.0 0.0 0.0
0.0 0.0 0.0
0.0 0.0 0.0
0.0 0.0 0.0
0.0 0.0 0.0
0.0 0.0 0.0
0.0 0.0 0.0
0.0 0.0 0.0
0.0 0.0 0.0
0.0 0.0 0.0
0.0 0.0 0.0
0.0 0.0 0.0
0.0 0.0 0.0
0.0 0.0 0.0
0.0 0.0 0.0
0.0 0.0 0.0
0.0 0.0 0.0
0.0 0.0 0.0
0.0 0.0 0.0
0.0 0.0 0.0
0.0 0.0 0.0
0.0 0.0 0.0
0.0 0.0 0.0
0.0 0.0 0.0
0.0 0.0 0.0
0.0 0.0 0.0
0.0 0.0 0.0
0.0 0.0 0.0
0.0 0.0 0.0
0.0 0.0 0.0
0.0 0.0 0.0
0.0 0.0 0.0
0.0 0.0 0.0
0.0 0.0 0.0
0.0 0.0 0.0
0.0 0.0 0.0
0.0 0.0 0.0
0.0 0.0 0.0
0.0 0.0 0.0
0.0 0.0 0.0
0.0 0.0 0.0
0.0 0.0 0.0
0.0 0.0 0.0
0.0 0.0 0.0
0.0 0.0 0.0
0.0 0.0 0.0
0.0 0.0 0.0
0.0 0.0 0.0
0.0 0.0 0.0
0.0 0.0 0.0
0.0 0.0 0.0
0.0 0.0 0.0
0.0 0.0 0.0
0.0 0.0 0.0
0.0 0.0 0.0
0.0 0.0 0.0
0.0 0.0 0.0
0.0 0.0 0.0
0.0 0.0 0.0
0.0 0.0 0.0
0.0 0.0 0.0
0.0 0.0 0.0
0.0 0.0 0.0
0.0 0.0 0.0
0.0 0.0 0.0
0.0 0.0 0.0
0.0 0.0 0.0
0.0 0.0 0.0
0.0 0.0 0.0
0.0 0.0 0.0
0.0 0.0 0.0
0.0 0.0 0.0
0.0 0.0 0.0
0.0 0.0 0.0
0.0 0.0 0.0
0.0 0.0 0.0
0.0 0.0 0.0
0.0 0.0 0.0
0.0 0.0 0.0
0.0 0.0 0.0
0.0 0.0 0.0
0.0 0.0 0.0
0.0 0.0 0.0
0.0 0.0 0.0
0.0 0.0 0.0
0.0 0.0 0.0
0.0 0.0 0.0
0.0 0.0 0.0
0.0 0.0 0.0
0.0 0.0 0.0
0.0 0.0 0.0
0.0 0.0 0.0
0.0 0.0 0.0
0.0 0.0 0.0
0.0 0.0 0.0
0.0 0.0 0.0
0.0 0.0 0.0
0.0 0.0 0.0
0.0 0.0 0.0
0.0 0.0 0.0
0.0 0.0 0.0
0.0 0.0 0.0
0.0 0.0 0.0
0.0 0.0 0.0
0.0 0.0 0.0
0.0 0.0 0.0
0.0 0.0 0.0
0.0 0.0 0.0
0.0 0.0 0.0
0.0 0.0 0.0
0.0 0.0 0.0
0.0 0.0 0.0
0.0 0.0 0.0
0.0 0.0 0.0
0.0 0.0 0.0
0.0 0.0 0.0
0.0 0.0 0.0
0.0 0.0 0.0
0.0 0.0 0.0
0.0 0.0 0.0
0.0 0.0 0.0
0.0 0.0 0.0
0.0 0.0 0.0
0.0 0.0 0.0
0.0 0.0 0.0
0.0 0.0 0.0
0.0 0.0 0.0
0.0 0.0 0.0
0.0 0.0 0.0
0.0 0.0 0.0
0.0 0.0 0.0
0.0 0.0 0.0
0.0 0.0 0.0
0.0 0.0 0.0
0.0 0.0 0.0
0.0 0.0 0.0
0.0 0.0 0.0
0.0 0.0 0.0
0.0 0.0 0.0
0.0 0.0 0.0
0.0 0.0 0.0
0.0 0.0 0.0
0.0 0.0 0.0
0.0 0.0 0.0
0.0 0.0 0.0
0.0 0.0 0.0
0.0 0.0 0.0
0.0 0.0 0.0
0.0 0.0 0.0
0.0 0.0 0.0
0.0 0.0 0.0
0.0 0.0 0.0
0.0 0.0 0.0
0.0 0.0 0.0
0.0 0.0 0.0
0.0 0.0 0.0
0.0 0.0 0.0
0.0 0.0 0.0
0.0 0.0 0.0
0.0 0.0 0.0
0.0 0.0 0.0
0.0 0.0 0.0
0.0 0.0 0.0
0.0 0.0 0.0
0.0 0.0 0.0
0.0 0.0 0.0
0.0 0.0 0.0
0.0 0.0 0.0
0.0 0.0 0.0
0.0 0.0 0.0
0.0 0.0 0.0
0.0 0.0 0.0
0.0 0.0 0.0
0.0 0.0 0.0
0.0 0.0 0.0
0.0 0.0 0.0
0.0 0.0 0.0
0.0 0.0 0.0
0.0 0.0 0.0
0.0 0.0 0.0
0.0 0.0 0.0
0.0 0.0 0.0
0.0 0.0 0.0
0.0 0.0 0.0
0.0 0.0 0.0
0.0 0.0 0.0
0.0 0.0 0.0
0.0 0.0 0.0
0.0 0.0 0.0
0.0 0.0 0.0
0.0 0.0 0.0
0.0 0.0 0.0
0.0 0.0 0.0
0.0 0.0 0.0
0.0 0.0 0.0
0.0 0.0 0.0
0.0 0.0 0.0
0.0 0.0 0.0
0.0 0.0 0.0
0.0 0.0 0.0
0.0 0.0 0.0
0.0 0.0 0.0
0.0 0.0 0.0
0.0 0.0 0.0
0.0 0.0 0.0
0.0 0.0 0.0
0.0 0.0 0.0
0.0 0.0 0.0
0.0 0.0 0.0
0.0 0.0 0.0
0.0 0.0 0.0
0.0 0.0 0.0
0.0 0.0 0.0
0.0 0.0 0.0
0.0 0.0 0.0
0.0 0.0 0.0
0.0 0.0 0.0
0.0 0.0 0.0
0.0 0.0 0.0
0.0 0.0 0.0
0.0 0.0 0.0
0.0 0.0 0.0
0.0 0.0 0.0
0.0 0.0 0.0
0.0 0.0 0.0
0.0 0.0 0.0
0.0 0.0 0.0
0.0 0.0 0.0
0.0 0.0 0.0
0.0 0.0 0.0
0.0 0.0 0.0
0.0 0.0 0.0
0.0 0.0 0.0
0.0 0.0 0.0
0.0 0.0 0.0
0.0 0.0 0.0
0.0 0.0 0.0
0.0 0.0 0.0
0.0 0.0 0.0
0.0 0.0 0.0
0.0 0.0 0.0
0.0 0.0 0.0
0.0 0.0 0.0
0.0 0.0 0.0
0.0 0.0 0.0
0.0 0.0 0.0
0.0 0.0 0.0
0.0 0.0 0.0
0.0 0.0 0.0
0.0 0.0 0.0
0.0 0.0 0.0
0.0 0.0 0.0
0.0 0.0 0.0
0.0 0.0 0.0
0.0 0.0 0.0
0.0 0.0 0.0
0.0 0.0 0.0
0.0 0.0 0.0
0.0 0.0 0.0
0.0 0.0 0.0
0.0 0.0 0.0
0.0 0.0 0.0
0.0 0.0 0.0
0.0 0.0 0.0
0.0 0.0 0.0
0.0 0.0 0.0
0.0 0.0 0.0
0.0 0.0 0.0
0.0 0.0 0.0
0.0 0.0 0.0
0.0 0.0 0.0
0.0 0.0 0.0
0.0 0.0 0.0
0.0 0.0 0.0
0.0 0.0 0.0
0.0 0.0 0.0
0.0 0.0 0.0
0.0 0.0 0.0
0.0 0.0 0.0
0.0 0.0 0.0
0.0 0.0 0.0
0.0 0.0 0.0
0.0 0.0 0.0
0.0 0.0 0.0
0.0 0.0 0.0
0.0 0.0 0.0
0.0 0.0 0.0
0.0 0.0 0.0
0.0 0.0 0.0
0.0 0.0 0.0
0.0 0.0 0.0
0.0 0.0 0.0
0.0 0.0 0.0
0.0 0.0 0.0
0.0 0.0 0.0
0.0 0.0 0.0
0.0 0.0 0.0
0.0 0.0 0.0
0.0 0.0 0.0
0.0 0.0 0.0
0.0 0.0 0.0
0.0 0.0 0.0
0.0 0.0 0.0
0.0 0.0 0.0
0.0 0.0 0.0
0.0 0.0 0.0
0.0 0.0 0.0
0.0 0.0 0.0
0.0 0.0 0.0
0.0 0.0 0.0
0.0 0.0 0.0
0.0 0.0 0.0
0.0 0.0 0.0
0.0 0.0 0.0
0.0 0.0 0.0
0.0 0.0 0.0
0.0 0.0 0.0
0.0 0.0 0.0
0.0 0.0 0.0
0.0 0.0 0.0
0.0 0.0 0.0
0.0 0.0 0.0
0.0 0.0 0.0
0.0 0.0 0.0
0.0 0.0 0.0
0.0 0.0 0.0
0.0 0.0 0.0
0.0 0.0 0.0
0.0 0.0 0.0
0.0 0.0 0.0
0.0 0.0 0.0
0.0 0.0 0.0
0.0 0.0 0.0
0.0 0.0 0.0
0.0 0.0 0.0
0.0 0.0 0.0
0.0 0.0 0.0
0.0 0.0 0.0
0.0 0.0 0.0
0.0 0.0 0.0
0.0 0.0 0.0
0.0 0.0 0.0
0.0 0.0 0.0
0.0 0.0 0.0
0.0 0.0 0.0
0.0 0.0 0.0
0.0 0.0 0.0
0.0 0.0 0.0
0.0 0.0 0.0
0.0 0.0 0.0
0.0 0.0 0.0
0.0 0.0 0.0
0.0 0.0 0.0
0.0 0.0 0.0
0.0 0.0 0.0
0.0 0.0 0.0
0.0 0.0 0.0
0.0 0.0 0.0
0.0 0.0 0.0
0.0 0.0 0.0
0.0 0.0 0.0
0.0 0.0 0.0
0.0 0.0 0.0
0.0 0.0 0.0
0.0 0.0 0.0
0.0 0.0 0.0
0.0 0.0 0.0
0.0 0.0 0.0
0.0 0.0 0.0
0.0 0.0 0.0
0.0 0.0 0.0
0.0 0.0 0.0
0.0 0.0 0.0
0.0 0.0 0.0
0.0 0.0 0.0
0.0 0.0 0.0
0.0 0.0 0.0
0.0 0.0 0.0
0.0 0.0 0.0
0.0 0.0 0.0
0.0 0.0 0.0
0.0 0.0 0.0
0.0 0.0 0.0
0.0 0.0 0.0
0.0 0.0 0.0
0.0 0.0 0.0
0.0 0.0 0.0
0.0 0.0 0.0
0.0 0.0 0.0
0.0 0.0 0.0
0.0 0.0 0.0
0.0 0.0 0.0
0.0 0.0 0.0
0.0 0.0 0.0
0.0 0.0 0.0
0.0 0.0 0.0
0.0 0.0 0.0
0.0 0.0 0.0
0.0 0.0 0.0
0.0 0.0 0.0
0.0 0.0 0.0
0.0 0.0 0.0
0.0 0.0 0.0
0.0 0.0 0.0
0.0 0.0 0.0
0.0 0.0 0.0
0.0 0.0 0.0
0.0 0.0 0.0
0.0 0.0 0.0
0.0 0.0 0.0
0.0 0.0 0.0
0.0 0.0 0.0
0.0 0.0 0.0
0.0 0.0 0.0
0.0 0.0 0.0
0.0 0.0 0.0
0.0 0.0 0.0
0.0 0.0 0.0
0.0 0.0 0.0
0.0 0.0 0.0
0.0 0.0 0.0
0.0 0.0 0.0
0.0 0.0 0.0
0.0 0.0 0.0
0.0 0.0 0.0
0.0 0.0 0.0
0.0 0.0 0.0
0.0 0.0 0.0
0.0 0.0 0.0
0.0 0.0 0.0
0.0 0.0 0.0
0.0 0.0 0.0
0.0 0.0 0.0
0.0 0.0 0.0
0.0 0.0 0.0
0.0 0.0 0.0
0.0 0.0 0.0
0.0 0.0 0.0
0.0 0.0 0.0
0.0 0.0 0.0
0.0 0.0 0.0
0.0 0.0 0.0
0.0 0.0 0.0
0.0 0.0 0.0
0.0 0.0 0.0
0.0 0.0 0.0
0.0 0.0 0.0
0.0 0.0 0.0
0.0 0.0 0.0
0.0 0.0 0.0
0.0 0.0 0.0
0.0 0.0 0.0
0.0 0.0 0.0
0.0 0.0 0.0
0.0 0.0 0.0
0.0 0.0 0.0
0.0 0.0 0.0
0.0 0.0 0.0
0.0 0.0 0.0
0.0 0.0 0.0
0.0 0.0 0.0
0.0 0.0 0.0
0.0 0.0 0.0
0.0 0.0 0.0
0.0 0.0 0.0
0.0 0.0 0.0
0.0 0.0 0.0
0.0 0.0 0.0
0.0 0.0 0.0
0.0 0.0 0.0
0.0 0.0 0.0
0.0 0.0 0.0
0.0 0.0 0.0
0.0 0.0 0.0
0.0 0.0 0.0
0.0 0.0 0.0
0.0 0.0 0.0
0.0 0.0 0.0
0.0 0.0 0.0
0.0 0.0 0.0
0.0 0.0 0.0
0.0 0.0 0.0
0.0 0.0 0.0
0.0 0.0 0.0
0.0 0.0 0.0
0.0 0.0 0.0
0.0 0.0 0.0
0.0 0.0 0.0
0.0 0.0 0.0
0.0 0.0 0.0
0.0 0.0 0.0
0.0 0.0 0.0
0.0 0.0 0.0
0.0 0.0 0.0
0.0 0.0 0.0
0.0 0.0 0.0
0.0 0.0 0.0
0.0 0.0 0.0
0.0 0.0 0.0
0.0 0.0 0.0
0.0 0.0 0.0
0.0 0.0 0.0
0.0 0.0 0.0
0.0 0.0 0.0
0.0 0.0 0.0
0.0 0.0 0.0
0.0 0.0 0.0
0.0 0.0 0.0
0.0 0.0 0.0
0.0 0.0 0.0
0.0 0.0 0.0
0.0 0.0 0.0
0.0 0.0 0.0
0.0 0.0 0.0
0.0 0.0 0.0
0.0 0.0 0.0