# .PCD v0.7 - Point Cloud Data file format
# TIMESTAMP: 07-10-25-08-22-36-441
VERSION 0.7
FIELDS x y z
SIZE 4 4 4
TYPE F F F
COUNT 1 1 1
WIDTH 36200
HEIGHT 1
VIEWPOINT 0 0 0 1 0 0 0
POINTS 36200
DATA ascii
0.0 0.0 0.0
0.0 0.0 0.0
0.0 0.0 0.0
0.0 0.0 0.0
0.0 0.0 0.0
0.0 0.0 0.0
0.0 0.0 0.0
0.0 0.0 0.0
0.0 0.0 0.0
0.0 0.0 0.0
0.0 0.0 0.0
0.0 0.0 0.0
0.0 0.0 0.0
0.0 0.0 0.0
0.0 0.0 0.0
0.0 0.0 0.0
0.0 0.0 0.0
0.0 0.0 0.0
0.0 0.0 0.0
0.0 0.0 0.0
0.0 0.0 0.0
0.0 0.0 0.0
0.0 0.0 0.0
0.0 0.0 0.0
0.0 0.0 0.0
0.0 0.0 0.0
0.0 0.0 0.0
0.0 0.0 0.0
0.0 0.0 0.0
0.0 0.0 0.0
0.0 0.0 0.0
0.0 0.0 0.0
0.0 0.0 0.0
0.0 0.0 0.0
0.0 0.0 0.0
0.0 0.0 0.0
0.0 0.0 0.0
0.0 0.0 0.0
0.0 0.0 0.0
0.0 0.0 0.0
0.0 0.0 0.0
0.0 0.0 0.0
0.0 0.0 0.0
0.0 0.0 0.0
0.0 0.0 0.0
0.0 0.0 0.0
0.0 0.0 0.0
0.0 0.0 0.0
0.0 0.0 0.0
0.0 0.0 0.0
0.0 0.0 0.0
0.0 0.0 0.0
0.0 0.0 0.0
0.0 0.0 0.0
0.0 0.0 0.0
0.0 0.0 0.0
0.0 0.0 0.0
0.0 0.0 0.0
0.0 0.0 0.0
0.0 0.0 0.0
0.0 0.0 0.0
0.0 0.0 0.0
0.0 0.0 0.0
0.0 0.0 0.0
0.0 0.0 0.0
0.0 0.0 0.0
0.0 0.0 0.0
0.0 0.0 0.0
0.0 0.0 0.0
0.0 0.0 0.0
0.0 0.0 0.0
0.0 0.0 0.0
0.0 0.0 0.0
0.0 0.0 0.0
0.0 0.0 0.0
0.0 0.0 0.0
0.0 0.0 0.0
0.0 0.0 0.0
0.0 0.0 0.0
0.0 0.0 0.0
0.0 0.0 0.0
0.0 0.0 0.0
0.0 0.0 0.0
0.0 0.0 0.0
0.0 0.0 0.0
0.0 0.0 0.0
0.0 0.0 0.0
0.0 0.0 0.0
0.0 0.0 0.0
0.0 0.0 0.0
0.0 0.0 0.0
0.0 0.0 0.0
0.0 0.0 0.0
0.0 0.0 0.0
0.0 0.0 0.0
0.0 0.0 0.0
0.0 0.0 0.0
0.0 0.0 0.0
0.0 0.0 0.0
0.0 0.0 0.0
0.0 0.0 0.0
0.0 0.0 0.0
0.0 0.0 0.0
0.0 0.0 0.0
0.0 0.0 0.0
0.0 0.0 0.0
0.0 0.0 0.0
0.0 0.0 0.0
0.0 0.0 0.0
0.0 0.0 0.0
0.0 0.0 0.0
0.0 0.0 0.0
0.0 0.0 0.0
0.0 0.0 0.0
0.0 0.0 0.0
0.0 0.0 0.0
0.0 0.0 0.0
0.0 0.0 0.0
0.0 0.0 0.0
0.0 0.0 0.0
0.0 0.0 0.0
0.0 0.0 0.0
0.0 0.0 0.0
0.0 0.0 0.0
0.0 0.0 0.0
0.0 0.0 0.0
0.0 0.0 0.0
0.0 0.0 0.0
0.0 0.0 0.0
0.0 0.0 0.0
0.0 0.0 0.0
0.0 0.0 0.0
0.0 0.0 0.0
0.0 0.0 0.0
0.0 0.0 0.0
0.0 0.0 0.0
0.0 0.0 0.0
0.0 0.0 0.0
0.0 0.0 0.0
0.0 0.0 0.0
0.0 0.0 0.0
0.0 0.0 0.0
0.0 0.0 0.0
0.0 0.0 0.0
0.0 0.0 0.0
0.0 0.0 0.0
0.0 0.0 0.0
0.0 0.0 0.0
0.0 0.0 0.0
0.0 0.0 0.0
0.0 0.0 0.0
0.0 0.0 0.0
0.0 0.0 0.0
0.0 0.0 0.0
0.0 0.0 0.0
0.0 0.0 0.0
0.0 0.0 0.0
0.0 0.0 0.0
0.0 0.0 0.0
0.0 0.0 0.0
0.0 0.0 0.0
0.0 0.0 0.0
0.0 0.0 0.0
0.0 0.0 0.0
0.0 0.0 0.0
0.0 0.0 0.0
0.0 0.0 0.0
0.0 0.0 0.0
0.0 0.0 0.0
0.0 0.0 0.0
0.0 0.0 0.0
0.0 0.0 0.0
0.0 0.0 0.0
0.0 0.0 0.0
0.0 0.0 0.0
0.0 0.0 0.0
0.0 0.0 0.0
0.0 0.0 0.0
0.0 0.0 0.0
0.0 0.0 0.0
0.0 0.0 0.0
0.0 0.0 0.0
0.0 0.0 0.0
-20.341039657592773 28.977275848388672 -2.7643842697143555
0.0 0.0 0.0
0.0 0.0 0.0
0.0 0.0 0.0
0.0 0.0 0.0
0.0 0.0 0.0
0.0 0.0 0.0
0.0 0.0 0.0
0.0 0.0 0.0
-15.758538246154785 25.763254165649414 -3.286508560180664
0.0 0.0 0.0
0.0 0.0 0.0
-14.601094245910645 25.03903579711914 -3.4299886226654053
0.0 0.0 0.0
0.0 0.0 0.0
-13.486310958862305 24.276836395263672 -3.5406222343444824
-13.083590507507324 23.95134735107422 -3.5626134872436523
0.0 0.0 0.0
0.0 0.0 0.0
-12.170076370239258 23.428510665893555 -3.681002378463745
-11.774670600891113 23.05919075012207 -3.684551239013672
0.0 0.0 0.0
-11.11872673034668 22.55166244506836 -3.7241885662078857
0.0 0.0 0.0
0.0 0.0 0.0
0.0 0.0 0.0
0.0 0.0 0.0
-9.865386009216309 21.90704345703125 -3.896617889404297
0.0 0.0 0.0
-9.374939918518066 21.616621017456055 -3.9489355087280273
-9.104087829589844 21.398845672607422 -3.96051287651062
-8.851433753967285 21.214128494262695 -3.9767184257507324
0.0 0.0 0.0
-8.419417381286621 21.002885818481445 -4.0340681076049805
0.0 0.0 0.0
-7.981017112731934 20.74006462097168 -4.078063488006592
0.0 0.0 0.0
-7.507640838623047 20.35926628112793 -4.0928826332092285
-7.369913578033447 20.42327880859375 -4.150400638580322
-7.116800308227539 20.160768508911133 -4.140922546386719
-6.924063205718994 20.059406280517578 -4.161504745483398
-6.741816997528076 19.981739044189453 -4.18664026260376
-6.536922454833984 19.83768081665039 -4.198185920715332
-6.3462815284729 19.7203311920166 -4.214179515838623
-6.197048187255859 19.725854873657227 -4.253580570220947
-5.975297927856445 19.492511749267578 -4.240976810455322
-5.789032936096191 19.363380432128906 -4.250392913818359
-5.656036376953125 19.408777236938477 -4.298087120056152
-5.478516578674316 19.30718421936035 -4.3116559982299805
-5.312361240386963 19.229446411132812 -4.329107284545898
-5.1474151611328125 19.150379180908203 -4.346126079559326
-4.954900741577148 18.959266662597656 -4.337342262268066
-4.811371803283691 18.948001861572266 -4.367480754852295
-4.657553672790527 18.903017044067383 -4.3893280029296875
-4.4874958992004395 18.77488899230957 -4.391153812408447
-4.312592029571533 18.615703582763672 -4.385375022888184
-4.167654037475586 18.578004837036133 -4.4063615798950195
-4.0311503410339355 18.572980880737305 -4.433269500732422
-3.870610475540161 18.46307945251465 -4.435657024383545
-3.724686861038208 18.403728485107422 -4.449591159820557
-3.57991361618042 18.343505859375 -4.462090492248535
-3.445422887802124 18.33124351501465 -4.483837127685547
-3.2910115718841553 18.20589828491211 -4.477910995483398
-3.1498966217041016 18.158151626586914 -4.491453647613525
-3.011195421218872 18.105501174926758 -4.502718448638916
-2.8651280403137207 18.0001163482666 -4.497649669647217
-2.738917350769043 18.013566970825195 -4.522356033325195
-2.6081736087799072 17.99610710144043 -4.5395097732543945
-2.4562199115753174 17.820068359375 -4.5164995193481445
-2.3311514854431152 17.846893310546875 -4.540985584259033
-2.208021879196167 17.872629165649414 -4.56514310836792
-2.0855190753936768 17.90500259399414 -4.591257572174072
-1.957728385925293 17.891357421875 -4.6057963371276855
-1.8175281286239624 17.749780654907227 -4.583380699157715
-1.6832506656646729 17.671438217163086 -4.577154636383057
-1.5670839548110962 17.75773811340332 -4.6135358810424805
-1.4407880306243896 17.733945846557617 -4.6215925216674805
-1.3055239915847778 17.58197784423828 -4.5926618576049805
-1.191668152809143 17.71587562561035 -4.63762092590332
-1.060896873474121 17.634057998657227 -4.626538276672363
-0.9389037489891052 17.653108596801758 -4.641926288604736
-0.8122507333755493 17.577774047851562 -4.629418849945068
-0.6923958659172058 17.645353317260742 -4.653225421905518
-0.5682280659675598 17.606395721435547 -4.649171352386475
-0.4440833330154419 17.634552001953125 -4.663181304931641
-0.3208056688308716 17.602134704589844 -4.658351421356201
-0.1979135125875473 17.558042526245117 -4.648563861846924
-0.07578519731760025 17.57351303100586 -4.654770851135254
0.04657255858182907 17.644775390625 -4.675988674163818
0.16786997020244598 17.50052833557129 -4.6380295753479
0.29301097989082336 17.578819274902344 -4.656656265258789
0.4145343601703644 17.546775817871094 -4.646312713623047
0.5417444705963135 17.713943481445312 -4.688931465148926
0.6624435782432556 17.642902374267578 -4.666854381561279
0.7865445613861084 17.669902801513672 -4.66781759262085
0.9145721197128296 17.72236442565918 -4.675598621368408
1.0370182991027832 17.702342987060547 -4.664576530456543
1.1570889949798584 17.647851943969727 -4.643428325653076
1.2920148372650146 17.808208465576172 -4.675509929656982
1.4133459329605103 17.767902374267578 -4.655058860778809
1.543525218963623 17.80946922302246 -4.65610933303833
1.6838881969451904 17.974641799926758 -4.688994884490967
1.8055200576782227 17.92901611328125 -4.663126468658447
1.9297072887420654 17.912630081176758 -4.645140171051025
2.074026584625244 18.072031021118164 -4.672841548919678
2.1978585720062256 18.023569107055664 -4.6464948654174805
2.3359644412994385 18.106863021850586 -4.650213241577148
2.4860613346099854 18.267921447753906 -4.673871994018555
2.613828182220459 18.255369186401367 -4.653172969818115
2.756606101989746 18.343067169189453 -4.658177852630615
2.8875319957733154 18.344432830810547 -4.637613773345947
3.0215585231781006 18.348421096801758 -4.617061614990234
3.1797034740448 18.504945755004883 -4.635300636291504
3.3187954425811768 18.540735244750977 -4.623268127441406
3.467841148376465 18.624635696411133 -4.620285987854004
3.6108782291412354 18.670364379882812 -4.606875896453857
3.766024112701416 18.759347915649414 -4.60370397567749
3.9303228855133057 18.89581298828125 -4.612504005432129
4.088035583496094 18.99056053161621 -4.608862400054932
4.227480411529541 18.995309829711914 -4.581939697265625
4.382659912109375 19.065706253051758 -4.57087516784668
4.5518293380737305 19.17890739440918 -4.569495677947998
4.723268032073975 19.302547454833984 -4.569464206695557
4.890192985534668 19.399351119995117 -4.5609636306762695
5.050900936126709 19.46531867980957 -4.5451273918151855
5.240431785583496 19.633085250854492 -4.552793025970459
5.406689167022705 19.695947647094727 -4.5345563888549805
5.572041034698486 19.758411407470703 -4.514228343963623
5.7448930740356445 19.84151840209961 -4.498483180999756
0.0 0.0 0.0
6.153725624084473 20.19716453552246 -4.508615016937256
6.314486503601074 20.209806442260742 -4.472990989685059
6.503478527069092 20.316448211669922 -4.458715438842773
6.757425785064697 20.614120483398438 -4.485701560974121
6.955026626586914 20.728015899658203 -4.472018241882324
7.177929878234863 20.909564971923828 -4.470049858093262
7.3389716148376465 20.90483283996582 -4.4277544021606445
7.581888198852539 21.11805534362793 -4.430534839630127
7.754230976104736 21.135427474975586 -4.392555236816406
8.028494834899902 21.420982360839844 -4.407859802246094
8.247063636779785 21.546247482299805 -4.388743877410889
8.484545707702637 21.712440490722656 -4.377382755279541
8.74759292602539 21.925424575805664 -4.373835563659668
9.009444236755371 22.133678436279297 -4.367900371551514
9.212898254394531 22.190410614013672 -4.330661296844482
9.443047523498535 22.305551528930664 -4.30443000793457
9.809412002563477 22.729446411132812 -4.336577892303467
10.057721138000488 22.859928131103516 -4.3094801902771
10.32343864440918 23.027711868286133 -4.288488864898682
10.574222564697266 23.154455184936523 -4.259171009063721
10.835565567016602 23.296234130859375 -4.231876850128174
11.138376235961914 23.519622802734375 -4.217405796051025
11.54387092590332 23.936798095703125 -4.233827590942383
11.733287811279297 23.904104232788086 -4.170699596405029
0.0 0.0 0.0
0.0 0.0 0.0
0.0 0.0 0.0
13.222116470336914 25.14268684387207 -4.13697624206543
0.0 0.0 0.0
13.946948051452637 25.640378952026367 -4.08546257019043
0.0 0.0 0.0
0.0 0.0 0.0
15.03327465057373 26.314369201660156 -3.982433795928955
0.0 0.0 0.0
0.0 0.0 0.0
0.0 0.0 0.0
0.0 0.0 0.0
0.0 0.0 0.0
0.0 0.0 0.0
0.0 0.0 0.0
0.0 0.0 0.0
0.0 0.0 0.0
0.0 0.0 0.0
0.0 0.0 0.0
0.0 0.0 0.0
0.0 0.0 0.0
0.0 0.0 0.0
0.0 0.0 0.0
0.0 0.0 0.0
0.0 0.0 0.0
0.0 0.0 0.0
0.0 0.0 0.0
0.0 0.0 0.0
0.0 0.0 0.0
0.0 0.0 0.0
0.0 0.0 0.0
0.0 0.0 0.0
0.0 0.0 0.0
0.0 0.0 0.0
0.0 0.0 0.0
0.0 0.0 0.0
0.0 0.0 0.0
0.0 0.0 0.0
0.0 0.0 0.0
0.0 0.0 0.0
0.0 0.0 0.0
0.0 0.0 0.0
0.0 0.0 0.0
0.0 0.0 0.0
0.0 0.0 0.0
0.0 0.0 0.0
0.0 0.0 0.0
0.0 0.0 0.0
0.0 0.0 0.0
0.0 0.0 0.0
0.0 0.0 0.0
0.0 0.0 0.0
0.0 0.0 0.0
0.0 0.0 0.0
0.0 0.0 0.0
0.0 0.0 0.0
0.0 0.0 0.0
0.0 0.0 0.0
0.0 0.0 0.0
0.0 0.0 0.0
0.0 0.0 0.0
0.0 0.0 0.0
0.0 0.0 0.0
0.0 0.0 0.0
0.0 0.0 0.0
0.0 0.0 0.0
0.0 0.0 0.0
0.0 0.0 0.0
0.0 0.0 0.0
0.0 0.0 0.0
0.0 0.0 0.0
0.0 0.0 0.0
0.0 0.0 0.0
0.0 0.0 0.0
0.0 0.0 0.0
0.0 0.0 0.0
0.0 0.0 0.0
0.0 0.0 0.0
0.0 0.0 0.0
0.0 0.0 0.0
0.0 0.0 0.0
0.0 0.0 0.0
0.0 0.0 0.0
0.0 0.0 0.0
0.0 0.0 0.0
0.0 0.0 0.0
0.0 0.0 0.0
0.0 0.0 0.0
0.0 0.0 0.0
0.0 0.0 0.0
0.0 0.0 0.0
0.0 0.0 0.0
0.0 0.0 0.0
0.0 0.0 0.0
0.0 0.0 0.0
0.0 0.0 0.0
0.0 0.0 0.0
0.0 0.0 0.0
0.0 0.0 0.0
0.0 0.0 0.0
0.0 0.0 0.0
0.0 0.0 0.0
0.0 0.0 0.0
0.0 0.0 0.0
0.0 0.0 0.0
0.0 0.0 0.0
0.0 0.0 0.0
0.0 0.0 0.0
0.0 0.0 0.0
0.0 0.0 0.0
0.0 0.0 0.0
0.0 0.0 0.0
0.0 0.0 0.0
0.0 0.0 0.0
0.0 0.0 0.0
0.0 0.0 0.0
0.0 0.0 0.0
0.0 0.0 0.0
0.0 0.0 0.0
0.0 0.0 0.0
0.0 0.0 0.0
0.0 0.0 0.0
0.0 0.0 0.0
0.0 0.0 0.0
0.0 0.0 0.0
0.0 0.0 0.0
0.0 0.0 0.0
0.0 0.0 0.0
0.0 0.0 0.0
0.0 0.0 0.0
0.0 0.0 0.0
0.0 0.0 0.0
0.0 0.0 0.0
0.0 0.0 0.0
0.0 0.0 0.0
0.0 0.0 0.0
0.0 0.0 0.0
0.0 0.0 0.0
0.0 0.0 0.0
0.0 0.0 0.0
0.0 0.0 0.0
0.0 0.0 0.0
0.0 0.0 0.0
0.0 0.0 0.0
0.0 0.0 0.0
0.0 0.0 0.0
0.0 0.0 0.0
0.0 0.0 0.0
0.0 0.0 0.0
0.0 0.0 0.0
0.0 0.0 0.0
0.0 0.0 0.0
0.0 0.0 0.0
0.0 0.0 0.0
0.0 0.0 0.0
0.0 0.0 0.0
0.0 0.0 0.0
0.0 0.0 0.0
0.0 0.0 0.0
0.0 0.0 0.0
0.0 0.0 0.0
0.0 0.0 0.0
0.0 0.0 0.0
0.0 0.0 0.0
0.0 0.0 0.0
0.0 0.0 0.0
0.0 0.0 0.0
0.0 0.0 0.0
0.0 0.0 0.0
0.0 0.0 0.0
0.0 0.0 0.0
0.0 0.0 0.0
0.0 0.0 0.0
0.0 0.0 0.0
0.0 0.0 0.0
0.0 0.0 0.0
0.0 0.0 0.0
0.0 0.0 0.0
0.0 0.0 0.0
0.0 0.0 0.0
0.0 0.0 0.0
0.0 0.0 0.0
0.0 0.0 0.0
0.0 0.0 0.0
0.0 0.0 0.0
0.0 0.0 0.0
0.0 0.0 0.0
0.0 0.0 0.0
0.0 0.0 0.0
0.0 0.0 0.0
0.0 0.0 0.0
0.0 0.0 0.0
0.0 0.0 0.0
0.0 0.0 0.0
0.0 0.0 0.0
0.0 0.0 0.0
0.0 0.0 0.0
0.0 0.0 0.0
0.0 0.0 0.0
0.0 0.0 0.0
0.0 0.0 0.0
0.0 0.0 0.0
0.0 0.0 0.0
0.0 0.0 0.0
0.0 0.0 0.0
0.0 0.0 0.0
0.0 0.0 0.0
-20.832740783691406 29.46640968322754 -2.7469024658203125
0.0 0.0 0.0
0.0 0.0 0.0
0.0 0.0 0.0
0.0 0.0 0.0
0.0 0.0 0.0
0.0 0.0 0.0
0.0 0.0 0.0
0.0 0.0 0.0
0.0 0.0 0.0
0.0 0.0 0.0
0.0 0.0 0.0
0.0 0.0 0.0
0.0 0.0 0.0
0.0 0.0 0.0
0.0 0.0 0.0
-13.17955493927002 23.924856185913086 -3.5072178840637207
0.0 0.0 0.0
-12.622215270996094 23.687885284423828 -3.605571746826172
-12.258201599121094 23.404220581054688 -3.6276121139526367
0.0 0.0 0.0
-11.63355541229248 22.984758377075195 -3.685168504714966
0.0 0.0 0.0
0.0 0.0 0.0
0.0 0.0 0.0
0.0 0.0 0.0
-10.248943328857422 22.134418487548828 -3.8330371379852295
0.0 0.0 0.0
-9.763461112976074 21.879352569580078 -3.8946824073791504
-9.472491264343262 21.63010025024414 -3.902252435684204
-9.219252586364746 21.463924407958984 -3.924668788909912
0.0 0.0 0.0
-8.751565933227539 21.183698654174805 -3.9709646701812744
-8.504868507385254 20.999305725097656 -3.9844725131988525
0.0 0.0 0.0
-8.02604866027832 20.646320343017578 -4.011169910430908
0.0 0.0 0.0
-7.694504737854004 20.640331268310547 -4.100162982940674
0.0 0.0 0.0
-7.251142978668213 20.311147689819336 -4.121827602386475
-7.098628997802734 20.338272094726562 -4.170074939727783
-6.853288650512695 20.084115982055664 -4.159488677978516
-6.659164905548096 19.96946144104004 -4.177082061767578
-6.451818466186523 19.806011199951172 -4.182402610778809
-6.236987113952637 19.608043670654297 -4.178586483001709
-6.063830375671387 19.532419204711914 -4.2003889083862305
-5.932944297790527 19.598642349243164 -4.253394603729248
-5.732174396514893 19.42161750793457 -4.251728534698486
-5.583951473236084 19.415767669677734 -4.285642147064209
-5.394867897033691 19.261627197265625 -4.286637783050537
-5.237342357635498 19.212703704833984 -4.310789585113525
-5.048039436340332 19.048795700073242 -4.308734893798828
-4.908421516418457 19.056917190551758 -4.3426103591918945
-4.758744239807129 19.02327537536621 -4.367056369781494
-4.573044776916504 18.83658218383789 -4.3560943603515625
-4.43110990524292 18.822710037231445 -4.3846755027771
-4.269520282745361 18.730846405029297 -4.3924479484558105
-4.10619592666626 18.61126708984375 -4.393006324768066
-3.966191530227661 18.590852737426758 -4.4169111251831055
-3.824225902557373 18.558216094970703 -4.438016891479492
-3.6795499324798584 18.506567001342773 -4.451154708862305
-3.5279276371002197 18.424312591552734 -4.457016468048096
-3.3839426040649414 18.36301612854004 -4.467500686645508
-3.2284018993377686 18.229578018188477 -4.460338115692139
-3.0928852558135986 18.200382232666016 -4.475684642791748
-2.9562017917633057 18.159151077270508 -4.487208843231201
-2.8144948482513428 18.09465217590332 -4.493429660797119
-2.6900086402893066 18.122642517089844 -4.522376537322998
-2.566845178604126 18.161571502685547 -4.551879405975342
-2.4155619144439697 17.993389129638672 -4.527925491333008
-2.288133382797241 17.99323272705078 -4.546298503875732
-2.1540467739105225 17.935739517211914 -4.550327301025391
-2.017594337463379 17.86661720275879 -4.549713134765625
-1.8842695951461792 17.79693031311035 -4.546347141265869
-1.7691419124603271 17.899547576904297 -4.587233066558838
-1.6289269924163818 17.7413387298584 -4.5614237785339355
-1.5050569772720337 17.748342514038086 -4.576706886291504
-1.3847918510437012 17.826976776123047 -4.607789993286133
-1.253819227218628 17.738670349121094 -4.595759868621826
-1.127637267112732 17.702266693115234 -4.597303867340088
-1.0018593072891235 17.661422729492188 -4.596929550170898
-0.8806540966033936 17.703672409057617 -4.61467170715332
-0.7542901039123535 17.68470573425293 -4.616804122924805
-0.6286454796791077 17.61570167541504 -4.605937957763672
-0.5070469975471497 17.65169334411621 -4.622309684753418
-0.38521167635917664 17.69927406311035 -4.637442111968994
-0.259606271982193 17.53443145751953 -4.597121238708496
-0.13664540648460388 17.686100006103516 -4.640059471130371
-0.01364689227193594 17.568641662597656 -4.612565517425537
0.1093008890748024 17.685760498046875 -4.6420745849609375
0.2329847663640976 17.73404312133789 -4.65360164642334
0.3550682067871094 17.66813087463379 -4.635388374328613
0.4806149899959564 17.767574310302734 -4.6607818603515625
0.6027830243110657 17.655601501464844 -4.626745223999023
0.7312588691711426 17.792236328125 -4.657425403594971
0.8619741201400757 17.931724548339844 -4.688992977142334
0.9828248620033264 17.85515022277832 -4.664268493652344
1.1057618856430054 17.8276309967041 -4.649180889129639
1.2286654710769653 17.773059844970703 -4.625883102416992
1.361020803451538 17.879873275756836 -4.644943714141846
1.488031029701233 17.902809143066406 -4.642369747161865
1.6226798295974731 18.00465202331543 -4.657515525817871
1.7466551065444946 17.98170280456543 -4.6386942863464355
1.8801854848861694 18.029224395751953 -4.638012886047363
2.0117027759552 18.072193145751953 -4.636548042297363
2.14813232421875 18.14853858947754 -4.641636848449707
2.2867817878723145 18.231950759887695 -4.646241664886475
2.421724319458008 18.276784896850586 -4.6411051750183105
2.5586187839508057 18.312894821166992 -4.633598804473877
2.6923961639404297 18.33729362487793 -4.622159481048584
2.8316354751586914 18.395111083984375 -4.616525650024414
2.9627652168273926 18.395727157592773 -4.596667289733887
3.1110262870788574 18.49639892578125 -4.601894855499268
3.2668144702911377 18.629711151123047 -4.614543914794922
3.405278444290161 18.642749786376953 -4.593683242797852
3.575049877166748 18.830419540405273 -4.616204738616943
3.7145605087280273 18.848995208740234 -4.597196102142334
3.8613452911376953 18.900035858154297 -4.586197376251221
4.043821811676025 19.114418029785156 -4.610949516296387
4.182294845581055 19.10027313232422 -4.579952716827393
4.325081825256348 19.115171432495117 -4.556569576263428
4.508098602294922 19.299476623535156 -4.573451519012451
4.648691177368164 19.294036865234375 -4.5424628257751465
4.822380542755127 19.4207706451416 -4.541961669921875
4.9959540367126465 19.527111053466797 -4.535902500152588
5.192934513092041 19.72470474243164 -4.55128288269043
5.346340656280518 19.747966766357422 -4.524141788482666
5.529011249542236 19.873186111450195 -4.519083499908447
5.713698387145996 19.996864318847656 -4.513378620147705
0.0 0.0 0.0
6.092512607574463 20.242900848388672 -4.498912811279297
6.279019355773926 20.347707748413086 -4.485211372375488
6.442925930023193 20.374393463134766 -4.454190254211426
6.655829906463623 20.548969268798828 -4.455230236053467
6.840202331542969 20.627338409423828 -4.434307098388672
7.109805107116699 20.94313621520996 -4.461175918579102
7.294903755187988 21.007394790649414 -4.434506893157959
7.5184197425842285 21.1748104095459 -4.429233551025391
7.707913875579834 21.2393798828125 -4.401772975921631
7.944389343261719 21.42491912841797 -4.396653175354004
8.145771026611328 21.499780654907227 -4.367559432983398
8.381753921508789 21.666852951049805 -4.357548236846924
8.640381813049316 21.88170623779297 -4.356343746185303
8.849470138549805 21.962589263916016 -4.325666904449463
9.16240406036377 22.29050636291504 -4.342772006988525
9.426862716674805 22.479490280151367 -4.330816268920898
9.678056716918945 22.63508415222168 -4.312500953674316
9.85915470123291 22.62300682067871 -4.2599263191223145
10.190568923950195 22.947301864624023 -4.269768238067627
10.4652681350708 23.131290435791016 -4.252261638641357
10.765096664428711 23.35357093811035 -4.239969253540039
11.15122127532959 23.755722045898438 -4.257713317871094
11.424328804016113 23.903076171875 -4.22798490524292
11.640945434570312 23.92633628845215 -4.1757941246032715
11.995274543762207 24.22449493408203 -4.17075777053833
0.0 0.0 0.0
12.749122619628906 24.864341735839844 -4.157763957977295
13.034052848815918 24.990453720092773 -4.117065906524658
0.0 0.0 0.0
13.731996536254883 25.459453582763672 -4.065390586853027
0.0 0.0 0.0
14.557323455810547 26.10494613647461 -4.031277179718018
14.974627494812012 26.420578002929688 -4.010335922241211
15.389493942260742 26.718549728393555 -3.9825799465179443
15.850179672241211 27.08241844177246 -3.962576150894165
0.0 0.0 0.0
0.0 0.0 0.0
0.0 0.0 0.0
0.0 0.0 0.0
0.0 0.0 0.0
18.95017433166504 29.479652404785156 -3.795214891433716
0.0 0.0 0.0
0.0 0.0 0.0
0.0 0.0 0.0
0.0 0.0 0.0
0.0 0.0 0.0
0.0 0.0 0.0
0.0 0.0 0.0
0.0 0.0 0.0
0.0 0.0 0.0
0.0 0.0 0.0
0.0 0.0 0.0
0.0 0.0 0.0
0.0 0.0 0.0
0.0 0.0 0.0
0.0 0.0 0.0
0.0 0.0 0.0
0.0 0.0 0.0
0.0 0.0 0.0
0.0 0.0 0.0
0.0 0.0 0.0
0.0 0.0 0.0
0.0 0.0 0.0
0.0 0.0 0.0
0.0 0.0 0.0
0.0 0.0 0.0
0.0 0.0 0.0
0.0 0.0 0.0
0.0 0.0 0.0
0.0 0.0 0.0
0.0 0.0 0.0
0.0 0.0 0.0
0.0 0.0 0.0
0.0 0.0 0.0
0.0 0.0 0.0
0.0 0.0 0.0
0.0 0.0 0.0
0.0 0.0 0.0
0.0 0.0 0.0
0.0 0.0 0.0
0.0 0.0 0.0
0.0 0.0 0.0
0.0 0.0 0.0
0.0 0.0 0.0
0.0 0.0 0.0
0.0 0.0 0.0
0.0 0.0 0.0
0.0 0.0 0.0
0.0 0.0 0.0
0.0 0.0 0.0
0.0 0.0 0.0
0.0 0.0 0.0
0.0 0.0 0.0
0.0 0.0 0.0
0.0 0.0 0.0
0.0 0.0 0.0
0.0 0.0 0.0
0.0 0.0 0.0
0.0 0.0 0.0
0.0 0.0 0.0
0.0 0.0 0.0
0.0 0.0 0.0
0.0 0.0 0.0
0.0 0.0 0.0
0.0 0.0 0.0
0.0 0.0 0.0
0.0 0.0 0.0
0.0 0.0 0.0
0.0 0.0 0.0
0.0 0.0 0.0
0.0 0.0 0.0
0.0 0.0 0.0
0.0 0.0 0.0
0.0 0.0 0.0
0.0 0.0 0.0
0.0 0.0 0.0
0.0 0.0 0.0
0.0 0.0 0.0
0.0 0.0 0.0
0.0 0.0 0.0
0.0 0.0 0.0
0.0 0.0 0.0
0.0 0.0 0.0
0.0 0.0 0.0
0.0 0.0 0.0
0.0 0.0 0.0
0.0 0.0 0.0
0.0 0.0 0.0
0.0 0.0 0.0
0.0 0.0 0.0
0.0 0.0 0.0
0.0 0.0 0.0
0.0 0.0 0.0
0.0 0.0 0.0
0.0 0.0 0.0
0.0 0.0 0.0
0.0 0.0 0.0
0.0 0.0 0.0
0.0 0.0 0.0
0.0 0.0 0.0
0.0 0.0 0.0
0.0 0.0 0.0
0.0 0.0 0.0
0.0 0.0 0.0
0.0 0.0 0.0
0.0 0.0 0.0
0.0 0.0 0.0
0.0 0.0 0.0
0.0 0.0 0.0
0.0 0.0 0.0
0.0 0.0 0.0
0.0 0.0 0.0
0.0 0.0 0.0
0.0 0.0 0.0
0.0 0.0 0.0
0.0 0.0 0.0
0.0 0.0 0.0
0.0 0.0 0.0
0.0 0.0 0.0
0.0 0.0 0.0
0.0 0.0 0.0
0.0 0.0 0.0
0.0 0.0 0.0
0.0 0.0 0.0
0.0 0.0 0.0
0.0 0.0 0.0
0.0 0.0 0.0
0.0 0.0 0.0
0.0 0.0 0.0
0.0 0.0 0.0
0.0 0.0 0.0
0.0 0.0 0.0
0.0 0.0 0.0
0.0 0.0 0.0
0.0 0.0 0.0
0.0 0.0 0.0
0.0 0.0 0.0
0.0 0.0 0.0
0.0 0.0 0.0
0.0 0.0 0.0
0.0 0.0 0.0
0.0 0.0 0.0
0.0 0.0 0.0
0.0 0.0 0.0
0.0 0.0 0.0
0.0 0.0 0.0
0.0 0.0 0.0
0.0 0.0 0.0
0.0 0.0 0.0
0.0 0.0 0.0
0.0 0.0 0.0
0.0 0.0 0.0
0.0 0.0 0.0
0.0 0.0 0.0
0.0 0.0 0.0
0.0 0.0 0.0
0.0 0.0 0.0
0.0 0.0 0.0
0.0 0.0 0.0
0.0 0.0 0.0
0.0 0.0 0.0
0.0 0.0 0.0
0.0 0.0 0.0
0.0 0.0 0.0
0.0 0.0 0.0
0.0 0.0 0.0
0.0 0.0 0.0
0.0 0.0 0.0
0.0 0.0 0.0
0.0 0.0 0.0
0.0 0.0 0.0
0.0 0.0 0.0
0.0 0.0 0.0
0.0 0.0 0.0
0.0 0.0 0.0
0.0 0.0 0.0
0.0 0.0 0.0
0.0 0.0 0.0
0.0 0.0 0.0
0.0 0.0 0.0
0.0 0.0 0.0
0.0 0.0 0.0
0.0 0.0 0.0
0.0 0.0 0.0
0.0 0.0 0.0
0.0 0.0 0.0
0.0 0.0 0.0
0.0 0.0 0.0
0.0 0.0 0.0
0.0 0.0 0.0
0.0 0.0 0.0
0.0 0.0 0.0
0.0 0.0 0.0
0.0 0.0 0.0
0.0 0.0 0.0
0.0 0.0 0.0
0.0 0.0 0.0
0.0 0.0 0.0
0.0 0.0 0.0
0.0 0.0 0.0
0.0 0.0 0.0
0.0 0.0 0.0
0.0 0.0 0.0
0.0 0.0 0.0
0.0 0.0 0.0
-14.224002838134766 24.78484344482422 -3.4277801513671875
0.0 0.0 0.0
0.0 0.0 0.0
-13.122601509094238 24.02045440673828 -3.527846574783325
-12.75763988494873 23.743932723999023 -3.5536563396453857
0.0 0.0 0.0
-12.141621589660645 23.372291564941406 -3.6233997344970703
0.0 0.0 0.0
-11.547490119934082 23.01395034790039 -3.690934658050537
-11.325896263122559 22.970359802246094 -3.742541790008545
-10.973891258239746 22.65357208251953 -3.748612403869629
-10.690152168273926 22.46561050415039 -3.7745120525360107
-10.436983108520508 22.33461570739746 -3.8082752227783203
0.0 0.0 0.0
0.0 0.0 0.0
0.0 0.0 0.0
0.0 0.0 0.0
-9.167256355285645 21.549480438232422 -3.9317052364349365
-8.963038444519043 21.48256492614746 -3.9686713218688965
0.0 0.0 0.0
0.0 0.0 0.0
0.0 0.0 0.0
0.0 0.0 0.0
-7.802646160125732 20.70621109008789 -4.055347919464111
-7.588569641113281 20.57860565185547 -4.075287818908691
-7.43942403793335 20.614669799804688 -4.12495231628418
0.0 0.0 0.0
-6.980268955230713 20.21922492980957 -4.129385471343994
-6.762561798095703 20.040313720703125 -4.133975028991699
-6.611564636230469 20.060571670532227 -4.177959442138672
-6.437296390533447 19.998762130737305 -4.204144477844238
0.0 0.0 0.0
-6.073085784912109 19.808626174926758 -4.241745948791504
-5.8688578605651855 19.629371643066406 -4.238999843597412
-5.715591907501221 19.61353302001953 -4.271284103393555
-5.523841381072998 19.468320846557617 -4.2758331298828125
-5.358249664306641 19.398273468017578 -4.295968532562256
-5.14085054397583 19.1281795501709 -4.268680095672607
-5.026218414306641 19.232908248901367 -4.3244147300720215
-4.858552932739258 19.133460998535156 -4.334408760070801
-4.679320335388184 18.988630294799805 -4.334378242492676
-4.539991855621338 18.990705490112305 -4.365102767944336
-4.374928951263428 18.88058853149414 -4.369040012359619
-4.212327003479004 18.772886276245117 -4.373375415802002
-4.0693583488464355 18.7457275390625 -4.396382808685303
-3.9316608905792236 18.751739501953125 -4.426015377044678
-3.7647299766540527 18.60013771057129 -4.416165351867676
-3.6350882053375244 18.62638282775879 -4.448530673980713
-3.458207130432129 18.401334762573242 -4.420769214630127
-3.334953784942627 18.451875686645508 -4.4577765464782715
-3.1823697090148926 18.348928451538086 -4.455550193786621
-3.0548717975616455 18.371910095214844 -4.483589172363281
-2.90645170211792 18.262723922729492 -4.479426860809326
-2.77732253074646 18.268892288208008 -4.502957344055176
-2.634835958480835 18.181005477905273 -4.500051975250244
-2.49371075630188 18.092058181762695 -4.496894359588623
-2.366947650909424 18.118816375732422 -4.5229668617248535
-2.2277684211730957 18.02785873413086 -4.5194010734558105
-2.09786057472229 18.00462532043457 -4.5286970138549805
-1.9711391925811768 18.006834030151367 -4.544594764709473
-1.8356105089187622 17.92146873474121 -4.538524150848389
-1.7103015184402466 17.95212173461914 -4.56227445602417
-1.583051323890686 17.93743133544922 -4.5704731941223145
-1.455520749092102 17.9144344329834 -4.576141357421875
-1.3262957334518433 17.864118576049805 -4.575009822845459
-1.2012728452682495 17.86196517944336 -4.5863800048828125
-1.0785245895385742 17.931589126586914 -4.6131815910339355
-0.952782392501831 17.921262741088867 -4.618196487426758
-0.821081817150116 17.77402687072754 -4.588073253631592
-0.6978710889816284 17.792150497436523 -4.60080623626709
-0.5714900493621826 17.715600967407227 -4.5864481925964355
-0.4495322108268738 17.85415267944336 -4.626105308532715
-0.32379111647605896 17.77632713317871 -4.609873294830322
-0.20034722983837128 17.79214859008789 -4.618131637573242
-0.07692006975412369 17.856815338134766 -4.637016296386719
0.047388747334480286 17.872121810913086 -4.640633583068848
0.17134231328964233 17.84119415283203 -4.632470607757568
0.29736456274986267 17.828277587890625 -4.629210948944092
0.42437422275543213 17.954761505126953 -4.660778999328613
0.5466471314430237 17.865684509277344 -4.633457660675049
0.6694042086601257 17.821115493774414 -4.617931842803955
0.7961490154266357 17.881481170654297 -4.629822731018066
0.9294584393501282 18.005308151245117 -4.657263278961182
1.0509897470474243 17.936620712280273 -4.631359100341797
1.1831271648406982 18.040739059448242 -4.650271415710449
1.3070502281188965 18.011831283569336 -4.635089874267578
1.4324464797973633 18.004756927490234 -4.625511646270752
1.5662953853607178 18.069353103637695 -4.629992485046387
1.6965550184249878 18.10672378540039 -4.62784481048584
1.8284178972244263 18.15447235107422 -4.628521919250488
1.971980333328247 18.302934646606445 -4.654966831207275
2.1014397144317627 18.30829620361328 -4.6409783363342285
2.2315421104431152 18.297588348388672 -4.6224446296691895
2.373260974884033 18.395158767700195 -4.631693363189697
2.5124928951263428 18.46161460876465 -4.633160591125488
2.6427924633026123 18.45646095275879 -4.613533973693848
2.784964084625244 18.52938461303711 -4.612509250640869
2.92946195602417 18.60873794555664 -4.613126277923584
3.0596439838409424 18.5781192779541 -4.586291313171387
3.224653720855713 18.764389038085938 -4.611004829406738
3.3635566234588623 18.788978576660156 -4.594353199005127
3.517003297805786 18.88721466064453 -4.5957231521606445
3.6689610481262207 18.96935272216797 -4.593167781829834
3.8330373764038086 19.091289520263672 -4.5981550216674805
3.960205316543579 19.037792205810547 -4.559193134307861
4.113882541656494 19.1098575592041 -4.550473213195801
4.300316333770752 19.321866989135742 -4.574831485748291
4.442219257354736 19.324684143066406 -4.548786640167236
4.608128070831299 19.415477752685547 -4.54028844833374
4.781245708465576 19.53868293762207 -4.539722442626953
4.953372955322266 19.6494083404541 -4.536085605621338
5.119770050048828 19.72918701171875 -4.525025367736816
5.273746490478516 19.756683349609375 -4.498884201049805
5.495508193969727 20.017986297607422 -4.525058746337891
5.648239612579346 20.027965545654297 -4.494685173034668
5.8003010749816895 20.033077239990234 -4.46331787109375
6.03997278213501 20.33051872253418 -4.494163990020752
6.214059829711914 20.39544677734375 -4.472601890563965
6.40447473526001 20.498451232910156 -4.45855712890625
6.58123254776001 20.560382843017578 -4.436026573181152
6.768885135650635 20.65026092529297 -4.417491436004639
7.033657550811768 20.96381187438965 -4.445237636566162
7.215957164764404 21.02125358581543 -4.418097496032715
7.416051387786865 21.124122619628906 -4.400233268737793
7.6608500480651855 21.33657455444336 -4.402644634246826
7.903793811798096 21.540555953979492 -4.401984214782715
8.12034797668457 21.66321563720703 -4.384099006652832
8.347237586975098 21.80544662475586 -4.36968469619751
8.583487510681152 21.963655471801758 -4.357105731964111
8.840867042541504 22.158283233642578 -4.34879732131958
9.05970287322998 22.255184173583984 -4.32145881652832
9.350948333740234 22.520666122436523 -4.326144695281982
9.605721473693848 22.687801361083984 -4.310434818267822
9.849577903747559 22.82103157043457 -4.285884857177734
10.080137252807617 22.908573150634766 -4.251315593719482
10.44338321685791 23.293926239013672 -4.271843433380127
10.629793167114258 23.276042938232422 -4.2171735763549805
10.945992469787598 23.532630920410156 -4.209600448608398
11.264683723449707 23.782548904418945 -4.199580192565918
11.613822937011719 24.076709747314453 -4.195075511932373
11.90304946899414 24.24403190612793 -4.167823791503906
12.198472023010254 24.415773391723633 -4.1387481689453125
12.624664306640625 24.836021423339844 -4.150224208831787
12.883224487304688 24.91533851623535 -4.103421688079834
13.326888084411621 25.341466903686523 -4.111565113067627
13.6333589553833 25.48497200012207 -4.069125652313232
13.950630187988281 25.647199630737305 -4.029714584350586
0.0 0.0 0.0
0.0 0.0 0.0
0.0 0.0 0.0
15.728697776794434 27.084003448486328 -3.9685580730438232
16.141279220581055 27.353839874267578 -3.934025287628174
0.0 0.0 0.0
0.0 0.0 0.0
17.645092010498047 28.528398513793945 -3.859872579574585
0.0 0.0 0.0
0.0 0.0 0.0
0.0 0.0 0.0
0.0 0.0 0.0
0.0 0.0 0.0
0.0 0.0 0.0
0.0 0.0 0.0
0.0 0.0 0.0
0.0 0.0 0.0
0.0 0.0 0.0
0.0 0.0 0.0
0.0 0.0 0.0
0.0 0.0 0.0
0.0 0.0 0.0
0.0 0.0 0.0
0.0 0.0 0.0
0.0 0.0 0.0
0.0 0.0 0.0
0.0 0.0 0.0
0.0 0.0 0.0
0.0 0.0 0.0
0.0 0.0 0.0
0.0 0.0 0.0
0.0 0.0 0.0
0.0 0.0 0.0
0.0 0.0 0.0
0.0 0.0 0.0
0.0 0.0 0.0
0.0 0.0 0.0
0.0 0.0 0.0
0.0 0.0 0.0
0.0 0.0 0.0
0.0 0.0 0.0
0.0 0.0 0.0
0.0 0.0 0.0
0.0 0.0 0.0
0.0 0.0 0.0
0.0 0.0 0.0
0.0 0.0 0.0
0.0 0.0 0.0
0.0 0.0 0.0
0.0 0.0 0.0
0.0 0.0 0.0
0.0 0.0 0.0
0.0 0.0 0.0
0.0 0.0 0.0
0.0 0.0 0.0
0.0 0.0 0.0
0.0 0.0 0.0
0.0 0.0 0.0
0.0 0.0 0.0
0.0 0.0 0.0
0.0 0.0 0.0
0.0 0.0 0.0
0.0 0.0 0.0
0.0 0.0 0.0
0.0 0.0 0.0
0.0 0.0 0.0
0.0 0.0 0.0
0.0 0.0 0.0
0.0 0.0 0.0
0.0 0.0 0.0
0.0 0.0 0.0
0.0 0.0 0.0
0.0 0.0 0.0
0.0 0.0 0.0
0.0 0.0 0.0
0.0 0.0 0.0
0.0 0.0 0.0
0.0 0.0 0.0
0.0 0.0 0.0
0.0 0.0 0.0
0.0 0.0 0.0
0.0 0.0 0.0
0.0 0.0 0.0
0.0 0.0 0.0
0.0 0.0 0.0
0.0 0.0 0.0
0.0 0.0 0.0
0.0 0.0 0.0
0.0 0.0 0.0
0.0 0.0 0.0
0.0 0.0 0.0
0.0 0.0 0.0
0.0 0.0 0.0
0.0 0.0 0.0
0.0 0.0 0.0
0.0 0.0 0.0
0.0 0.0 0.0
0.0 0.0 0.0
0.0 0.0 0.0
0.0 0.0 0.0
0.0 0.0 0.0
0.0 0.0 0.0
0.0 0.0 0.0
0.0 0.0 0.0
0.0 0.0 0.0
0.0 0.0 0.0
0.0 0.0 0.0
0.0 0.0 0.0
0.0 0.0 0.0
0.0 0.0 0.0
0.0 0.0 0.0
0.0 0.0 0.0
0.0 0.0 0.0
0.0 0.0 0.0
0.0 0.0 0.0
0.0 0.0 0.0
0.0 0.0 0.0
0.0 0.0 0.0
0.0 0.0 0.0
0.0 0.0 0.0
0.0 0.0 0.0
0.0 0.0 0.0
0.0 0.0 0.0
0.0 0.0 0.0
0.0 0.0 0.0
0.0 0.0 0.0
0.0 0.0 0.0
0.0 0.0 0.0
0.0 0.0 0.0
0.0 0.0 0.0
0.0 0.0 0.0
0.0 0.0 0.0
0.0 0.0 0.0
0.0 0.0 0.0
0.0 0.0 0.0
0.0 0.0 0.0
0.0 0.0 0.0
0.0 0.0 0.0
0.0 0.0 0.0
0.0 0.0 0.0
0.0 0.0 0.0
0.0 0.0 0.0
0.0 0.0 0.0
0.0 0.0 0.0
0.0 0.0 0.0
0.0 0.0 0.0
0.0 0.0 0.0
0.0 0.0 0.0
0.0 0.0 0.0
0.0 0.0 0.0
0.0 0.0 0.0
0.0 0.0 0.0
0.0 0.0 0.0
0.0 0.0 0.0
0.0 0.0 0.0
0.0 0.0 0.0
0.0 0.0 0.0
0.0 0.0 0.0
0.0 0.0 0.0
0.0 0.0 0.0
0.0 0.0 0.0
0.0 0.0 0.0
0.0 0.0 0.0
0.0 0.0 0.0
0.0 0.0 0.0
0.0 0.0 0.0
0.0 0.0 0.0
0.0 0.0 0.0
0.0 0.0 0.0
0.0 0.0 0.0
0.0 0.0 0.0
0.0 0.0 0.0
0.0 0.0 0.0
0.0 0.0 0.0
0.0 0.0 0.0
0.0 0.0 0.0
0.0 0.0 0.0
0.0 0.0 0.0
0.0 0.0 0.0
0.0 0.0 0.0
0.0 0.0 0.0
0.0 0.0 0.0
0.0 0.0 0.0
0.0 0.0 0.0
0.0 0.0 0.0
0.0 0.0 0.0
0.0 0.0 0.0
0.0 0.0 0.0
0.0 0.0 0.0
0.0 0.0 0.0
0.0 0.0 0.0
0.0 0.0 0.0
0.0 0.0 0.0
0.0 0.0 0.0
0.0 0.0 0.0
0.0 0.0 0.0
0.0 0.0 0.0
0.0 0.0 0.0
0.0 0.0 0.0
0.0 0.0 0.0
0.0 0.0 0.0
0.0 0.0 0.0
-20.802419662475586 29.427570343017578 -2.7243940830230713
0.0 0.0 0.0
0.0 0.0 0.0
0.0 0.0 0.0
0.0 0.0 0.0
0.0 0.0 0.0
0.0 0.0 0.0
0.0 0.0 0.0
0.0 0.0 0.0
0.0 0.0 0.0
0.0 0.0 0.0
0.0 0.0 0.0
0.0 0.0 0.0
0.0 0.0 0.0
0.0 0.0 0.0
-13.728841781616211 24.511390686035156 -3.476651430130005
0.0 0.0 0.0
0.0 0.0 0.0
0.0 0.0 0.0
0.0 0.0 0.0
-12.00922966003418 23.320411682128906 -3.626569986343384
-11.665116310119629 23.046218872070312 -3.6432106494903564
0.0 0.0 0.0
-11.229118347167969 22.972997665405273 -3.7480356693267822
0.0 0.0 0.0
0.0 0.0 0.0
-10.330848693847656 22.310457229614258 -3.8048622608184814
0.0 0.0 0.0
0.0 0.0 0.0
-9.604769706726074 21.93195915222168 -3.896031379699707
0.0 0.0 0.0
0.0 0.0 0.0
-8.872696876525879 21.478044509887695 -3.9639155864715576
-8.577499389648438 21.180723190307617 -3.955345630645752
-8.437515258789062 21.259546279907227 -4.016444683074951
-29.512819290161133 75.92530822753906 -14.512438774108887
-7.9709272384643555 20.936933517456055 -4.0475664138793945
0.0 0.0 0.0
-7.540327548980713 20.667125701904297 -4.080939769744873
-7.349116802215576 20.587188720703125 -4.107681751251221
-7.123946666717529 20.412111282348633 -4.115689277648926
0.0 0.0 0.0
-6.74977970123291 20.240686416625977 -4.160277843475342
-6.524183750152588 20.026878356933594 -4.155287265777588
-6.384374141693115 20.070226669311523 -4.203388214111328
-6.148877143859863 19.8056697845459 -4.184931755065918
-5.982574939727783 19.76324462890625 -4.212547779083252
-5.827387809753418 19.744525909423828 -4.244518280029297
-5.618834972381592 19.537132263183594 -4.235611915588379
-5.484520435333252 19.582202911376953 -4.279919147491455
-5.28985071182251 19.405345916748047 -4.273931980133057
-5.119132995605469 19.315900802612305 -4.287414073944092
-4.973184108734131 19.305932998657227 -4.317939758300781
-4.815428256988525 19.24691390991211 -4.336691379547119
-4.655280590057373 19.172269821166992 -4.349569797515869
-4.490151882171631 19.070390701293945 -4.356166839599609
-4.313416481018066 18.919254302978516 -4.3517584800720215
-4.181539535522461 18.948680877685547 -4.388010025024414
-4.0075225830078125 18.780378341674805 -4.3752121925354
-3.8768069744110107 18.80830192565918 -4.4080915451049805
-3.710858106613159 18.65984344482422 -4.399652004241943
-3.5542995929718018 18.55893898010254 -4.402680397033691
-3.4212558269500732 18.561948776245117 -4.426505088806152
-3.2810680866241455 18.522863388061523 -4.44010066986084
-3.136359214782715 18.452774047851562 -4.446329593658447
-2.9996399879455566 18.42282485961914 -4.462261199951172
-2.8524329662323 18.33647918701172 -4.462088584899902
-2.736720085144043 18.436813354492188 -4.506093502044678
-2.5820233821868896 18.26949691772461 -4.48480224609375
-2.4483461380004883 18.240175247192383 -4.497387886047363
-2.3088531494140625 18.157691955566406 -4.4946112632751465
-2.179128646850586 18.14617156982422 -4.5076704025268555
-2.0474257469177246 18.133888244628906 -4.5210089683532715
-1.9230419397354126 18.16572380065918 -4.545284271240234
-1.7835384607315063 18.046228408813477 -4.530044078826904
-1.6614574193954468 18.096147537231445 -4.554749011993408
-1.523080587387085 17.960254669189453 -4.532835960388184
-1.399566411972046 18.01604461669922 -4.559669017791748
-1.268295407295227 17.94270133972168 -4.552724361419678
-1.1482969522476196 18.0279541015625 -4.582742214202881
-1.0208715200424194 17.998981475830078 -4.583956241607666
-0.8913298845291138 17.919967651367188 -4.572601795196533
-0.7665624618530273 17.976329803466797 -4.595705032348633
-0.6414049863815308 17.979873657226562 -4.601009368896484
-0.5165825486183167 17.9901065826416 -4.608245372772217
-0.3906957507133484 17.96164321899414 -4.605790138244629
-0.2656957507133484 17.955001831054688 -4.609138488769531
-0.13825151324272156 17.914506912231445 -4.599653244018555
-0.013760749250650406 17.922372817993164 -4.602485656738281
0.11107940226793289 17.948291778564453 -4.610177993774414
0.23431040346622467 17.83336639404297 -4.5819091796875
0.3592466711997986 17.873607635498047 -4.589890003204346
0.48709625005722046 18.003999710083008 -4.620204448699951
0.6156504154205322 18.035099029541016 -4.625182628631592
0.7408678531646729 18.023761749267578 -4.6195478439331055
0.8666884303092957 18.027420043945312 -4.614872932434082
0.9946210384368896 18.06839942932129 -4.618275165557861
1.1251431703567505 18.14248275756836 -4.630321502685547
1.2546825408935547 18.15130615234375 -4.625777244567871
1.3860474824905396 18.20895767211914 -4.631676197052002
1.5070033073425293 18.130359649658203 -4.600839614868164
1.6546765565872192 18.360271453857422 -4.64843225479126
1.77572500705719 18.27987289428711 -4.617575645446777
1.9113495349884033 18.326967239379883 -4.6174235343933105
2.0408451557159424 18.332529067993164 -4.604217529296875
2.171534776687622 18.344680786132812 -4.5928473472595215
2.324064254760742 18.528972625732422 -4.624643802642822
2.4544334411621094 18.52426528930664 -4.608631134033203
2.5919833183288574 18.55303955078125 -4.597201824188232
2.720716714859009 18.532215118408203 -4.573982238769531
2.876864433288574 18.690561294555664 -4.595068454742432
3.0179858207702637 18.738969802856445 -4.589105606079102
3.170050621032715 18.8471736907959 -4.593803882598877
3.2996366024017334 18.81573486328125 -4.56450080871582
3.457780122756958 18.928871154785156 -4.570002555847168
3.624532461166382 19.089651107788086 -4.587264060974121
3.758584499359131 19.07065773010254 -4.558295726776123
3.937551736831665 19.270748138427734 -4.580893039703369
4.080904960632324 19.286928176879883 -4.559662342071533
4.243386268615723 19.376001358032227 -4.5552520751953125
4.379701614379883 19.353225708007812 -4.522934436798096
4.564541816711426 19.537479400634766 -4.537583351135254
4.7073893547058105 19.534942626953125 -4.508770942687988
4.895589351654053 19.712623596191406 -4.521422863006592
5.04449987411499 19.71485137939453 -4.491848468780518
5.232087135314941 19.871810913085938 -4.496016979217529
0.0 0.0 0.0
5.572762489318848 20.030067443847656 -4.468500137329102
5.783506870269775 20.24130630493164 -4.483188629150391
0.0 0.0 0.0
6.16048526763916 20.468046188354492 -4.462701797485352
6.370964050292969 20.64506721496582 -4.46608304977417
6.527527332305908 20.641496658325195 -4.430171489715576
6.751593112945557 20.844818115234375 -4.435827255249023
6.9524688720703125 20.966096878051758 -4.423477649688721
7.143094539642334 21.041397094726562 -4.400510311126709
7.357773780822754 21.18817901611328 -4.392800807952881
7.638816833496094 21.514232635498047 -4.419319152832031
7.82800817489624 21.570770263671875 -4.389422416687012
8.053037643432617 21.71926498413086 -4.377890110015869
8.266949653625488 21.82176971435547 -4.355904579162598
8.50782299041748 21.995176315307617 -4.346497535705566
8.756237030029297 22.17705726623535 -4.337203025817871
9.024702072143555 22.39946174621582 -4.335065841674805
9.26471996307373 22.540971755981445 -4.316486835479736
9.483057022094727 22.615673065185547 -4.282598972320557
9.850465774536133 23.03978729248047 -4.313571929931641
10.050321578979492 23.061233520507812 -4.268219470977783
10.299572944641113 23.190031051635742 -4.242321491241455
10.621940612792969 23.474971771240234 -4.243054389953613
10.901694297790527 23.647157669067383 -4.2203898429870605
0.0 0.0 0.0
11.527501106262207 24.117948532104492 -4.196278095245361
0.0 0.0 0.0
12.120814323425293 24.479755401611328 -4.14534330368042
12.444985389709473 24.701078414916992 -4.124513149261475
12.749544143676758 24.866127014160156 -4.092177391052246
13.166419982910156 25.24582862854004 -4.093246936798096
0.0 0.0 0.0
13.876012802124023 25.72589683532715 -4.042962074279785
0.0 0.0 0.0
14.68726921081543 26.338979721069336 -4.004086494445801
0.0 0.0 0.0
15.471501350402832 26.859148025512695 -3.941735029220581
15.825603485107422 27.038007736206055 -3.8962836265563965
16.44868278503418 27.660139083862305 -3.909259557723999
16.82998275756836 27.851648330688477 -3.8574016094207764
0.0 0.0 0.0
0.0 0.0 0.0
0.0 0.0 0.0
0.0 0.0 0.0
19.27147674560547 29.518644332885742 -3.6542038917541504
0.0 0.0 0.0
0.0 0.0 0.0
0.0 0.0 0.0
0.0 0.0 0.0
0.0 0.0 0.0
0.0 0.0 0.0
0.0 0.0 0.0
0.0 0.0 0.0
0.0 0.0 0.0
0.0 0.0 0.0
0.0 0.0 0.0
0.0 0.0 0.0
0.0 0.0 0.0
0.0 0.0 0.0
0.0 0.0 0.0
0.0 0.0 0.0
0.0 0.0 0.0
0.0 0.0 0.0
0.0 0.0 0.0
0.0 0.0 0.0
0.0 0.0 0.0
0.0 0.0 0.0
0.0 0.0 0.0
0.0 0.0 0.0
0.0 0.0 0.0
0.0 0.0 0.0
0.0 0.0 0.0
0.0 0.0 0.0
0.0 0.0 0.0
0.0 0.0 0.0
0.0 0.0 0.0
0.0 0.0 0.0
0.0 0.0 0.0
0.0 0.0 0.0
0.0 0.0 0.0
0.0 0.0 0.0
0.0 0.0 0.0
0.0 0.0 0.0
0.0 0.0 0.0
0.0 0.0 0.0
0.0 0.0 0.0
0.0 0.0 0.0
0.0 0.0 0.0
0.0 0.0 0.0
0.0 0.0 0.0
0.0 0.0 0.0
0.0 0.0 0.0
0.0 0.0 0.0
0.0 0.0 0.0
0.0 0.0 0.0
40.80549240112305 121.09920501708984 30.29847526550293
0.0 0.0 0.0
0.0 0.0 0.0
0.0 0.0 0.0
0.0 0.0 0.0
0.0 0.0 0.0
0.0 0.0 0.0
0.0 0.0 0.0
0.0 0.0 0.0
0.0 0.0 0.0
0.0 0.0 0.0
0.0 0.0 0.0
0.0 0.0 0.0
0.0 0.0 0.0
0.0 0.0 0.0
0.0 0.0 0.0
0.0 0.0 0.0
0.0 0.0 0.0
0.0 0.0 0.0
0.0 0.0 0.0
0.0 0.0 0.0
0.0 0.0 0.0
0.0 0.0 0.0
0.0 0.0 0.0
0.0 0.0 0.0
0.0 0.0 0.0
0.0 0.0 0.0
0.0 0.0 0.0
0.0 0.0 0.0
0.0 0.0 0.0
0.0 0.0 0.0
0.0 0.0 0.0
0.0 0.0 0.0
0.0 0.0 0.0
0.0 0.0 0.0
0.0 0.0 0.0
0.0 0.0 0.0
0.0 0.0 0.0
0.0 0.0 0.0
0.0 0.0 0.0
0.0 0.0 0.0
0.0 0.0 0.0
0.0 0.0 0.0
0.0 0.0 0.0
0.0 0.0 0.0
0.0 0.0 0.0
0.0 0.0 0.0
0.0 0.0 0.0
0.0 0.0 0.0
0.0 0.0 0.0
0.0 0.0 0.0
0.0 0.0 0.0
0.0 0.0 0.0
0.0 0.0 0.0
0.0 0.0 0.0
0.0 0.0 0.0
0.0 0.0 0.0
0.0 0.0 0.0
0.0 0.0 0.0
0.0 0.0 0.0
0.0 0.0 0.0
0.0 0.0 0.0
0.0 0.0 0.0
0.0 0.0 0.0
0.0 0.0 0.0
0.0 0.0 0.0
0.0 0.0 0.0
0.0 0.0 0.0
0.0 0.0 0.0
0.0 0.0 0.0
0.0 0.0 0.0
0.0 0.0 0.0
0.0 0.0 0.0
0.0 0.0 0.0
0.0 0.0 0.0
0.0 0.0 0.0
0.0 0.0 0.0
0.0 0.0 0.0
0.0 0.0 0.0
0.0 0.0 0.0
0.0 0.0 0.0
0.0 0.0 0.0
0.0 0.0 0.0
0.0 0.0 0.0
0.0 0.0 0.0
0.0 0.0 0.0
0.0 0.0 0.0
0.0 0.0 0.0
0.0 0.0 0.0
0.0 0.0 0.0
0.0 0.0 0.0
0.0 0.0 0.0
0.0 0.0 0.0
0.0 0.0 0.0
0.0 0.0 0.0
0.0 0.0 0.0
0.0 0.0 0.0
0.0 0.0 0.0
0.0 0.0 0.0
0.0 0.0 0.0
0.0 0.0 0.0
0.0 0.0 0.0
0.0 0.0 0.0
0.0 0.0 0.0
0.0 0.0 0.0
0.0 0.0 0.0
0.0 0.0 0.0
0.0 0.0 0.0
0.0 0.0 0.0
0.0 0.0 0.0
0.0 0.0 0.0
0.0 0.0 0.0
0.0 0.0 0.0
0.0 0.0 0.0
0.0 0.0 0.0
0.0 0.0 0.0
0.0 0.0 0.0
0.0 0.0 0.0
0.0 0.0 0.0
0.0 0.0 0.0
0.0 0.0 0.0
0.0 0.0 0.0
0.0 0.0 0.0
0.0 0.0 0.0
0.0 0.0 0.0
0.0 0.0 0.0
0.0 0.0 0.0
0.0 0.0 0.0
0.0 0.0 0.0
0.0 0.0 0.0
0.0 0.0 0.0
0.0 0.0 0.0
0.0 0.0 0.0
0.0 0.0 0.0
0.0 0.0 0.0
0.0 0.0 0.0
0.0 0.0 0.0
0.0 0.0 0.0
0.0 0.0 0.0
-21.073383331298828 29.582611083984375 -2.6551992893218994
-20.720895767211914 29.51970863342285 -2.763324737548828
0.0 0.0 0.0
0.0 0.0 0.0
0.0 0.0 0.0
0.0 0.0 0.0
0.0 0.0 0.0
0.0 0.0 0.0
0.0 0.0 0.0
0.0 0.0 0.0
0.0 0.0 0.0
0.0 0.0 0.0
0.0 0.0 0.0
0.0 0.0 0.0
0.0 0.0 0.0
-13.85387134552002 24.530996322631836 -3.4150867462158203
0.0 0.0 0.0
-13.273017883300781 24.294307708740234 -3.5174362659454346
0.0 0.0 0.0
0.0 0.0 0.0
-12.322903633117676 23.72223663330078 -3.624424934387207
0.0 0.0 0.0
-11.711407661437988 23.338706970214844 -3.685417890548706
-11.344436645507812 23.004777908325195 -3.6908745765686035
0.0 0.0 0.0
-10.816642761230469 22.727596282958984 -3.757570743560791
-10.612859725952148 22.705989837646484 -3.808799982070923
0.0 0.0 0.0
-9.913410186767578 22.011205673217773 -3.7976937294006348
0.0 0.0 0.0
0.0 0.0 0.0
0.0 0.0 0.0
0.0 0.0 0.0
0.0 0.0 0.0
-8.598670959472656 21.447830200195312 -3.989896059036255
0.0 0.0 0.0
-8.073857307434082 20.9802188873291 -3.9931139945983887
-7.892841339111328 20.944507598876953 -4.029612064361572
-7.670356273651123 20.799829483032227 -4.04549503326416
-7.429450035095215 20.587316513061523 -4.0467095375061035
-7.2558064460754395 20.553800582885742 -4.081638813018799
-7.05082893371582 20.424650192260742 -4.095820903778076
-6.84080696105957 20.2718448638916 -4.104716777801514
-6.645148754119873 20.16154670715332 -4.1224589347839355
0.0 0.0 0.0
-6.290552616119385 20.019458770751953 -4.168481826782227
-6.129332542419434 19.99213218688965 -4.199389934539795
-5.928214073181152 19.82779312133789 -4.201252460479736
-5.713471412658691 19.606698989868164 -4.1902689933776855
-5.582855224609375 19.67531967163086 -4.238931179046631
-5.435690879821777 19.67609405517578 -4.2726054191589355
-5.249090194702148 19.528091430664062 -4.273833751678467
-5.118925094604492 19.585506439208984 -4.319980144500732
-4.917509078979492 19.364999771118164 -4.301890850067139
-4.737118244171143 19.224842071533203 -4.301435470581055
-4.599389553070068 19.242353439331055 -4.335689067840576
-4.416152000427246 19.061859130859375 -4.325178146362305
-4.27011775970459 19.032861709594727 -4.346432685852051
-4.150601863861084 19.12213706970215 -4.393957614898682
-3.9683353900909424 18.927528381347656 -4.376711368560791
-3.8110578060150146 18.828123092651367 -4.380730628967285
-3.669961452484131 18.802642822265625 -4.400019645690918
-3.521669387817383 18.7353572845459 -4.407778739929199
-3.3730034828186035 18.659469604492188 -4.413529872894287
-3.2313144207000732 18.627670288085938 -4.430123329162598
-3.103630304336548 18.662336349487305 -4.461056232452393
-2.9574363231658936 18.58026695251465 -4.461583137512207
-2.8028273582458496 18.433237075805664 -4.44644832611084
-2.6655383110046387 18.39030647277832 -4.456423759460449
-2.5421276092529297 18.440509796142578 -4.488630771636963
-2.3886961936950684 18.283851623535156 -4.467278480529785
-2.2606916427612305 18.29534339904785 -4.4867987632751465
-2.12781023979187 18.26445960998535 -4.496108531951904
-1.9976664781570435 18.251461029052734 -4.5099639892578125
-1.8636131286621094 18.19699478149414 -4.509549617767334
-1.7297526597976685 18.15685272216797 -4.512821674346924
-1.6033360958099365 18.16848373413086 -4.528932571411133
-1.4751313924789429 18.156545639038086 -4.539363861083984
-1.3445864915847778 18.110506057739258 -4.537985801696777
-1.2146878242492676 18.059978485107422 -4.53466272354126
-1.0913866758346558 18.144765853881836 -4.565731525421143
-0.9615564346313477 18.084869384765625 -4.56045389175415
-0.841997504234314 18.22527503967285 -4.602994918823242
-0.7068291902542114 18.020917892456055 -4.556865215301514
-0.5834695100784302 18.08812141418457 -4.579576015472412
-0.4565855860710144 18.13934898376465 -4.598608016967773
-0.3295038640499115 18.099334716796875 -4.59242057800293
-0.20364195108413696 18.10069465637207 -4.594361782073975
-0.07771192491054535 18.086036682128906 -4.592457294464111
0.04794406145811081 18.047788619995117 -4.584778785705566
0.1732933521270752 18.031707763671875 -4.581585884094238
0.3039623498916626 18.212390899658203 -4.625161647796631
0.4300048053264618 18.18398666381836 -4.6158857345581055
0.5545085072517395 18.116863250732422 -4.597013473510742
0.6839473843574524 18.20417022705078 -4.616926193237305
0.8109268546104431 18.20832633972168 -4.61178731918335
0.9402481317520142 18.211509704589844 -4.606515884399414
1.0665172338485718 18.19875144958496 -4.597541809082031
1.1961244344711304 18.238027572631836 -4.601926326751709
1.325631022453308 18.266094207763672 -4.599245071411133
1.4563629627227783 18.30461883544922 -4.599238872528076
1.5943571329116821 18.391141891479492 -4.611266136169434
1.726982593536377 18.431529998779297 -4.612056255340576
1.860907793045044 18.475570678710938 -4.610295295715332
1.992081880569458 18.488712310791016 -4.600109100341797
2.1266911029815674 18.527284622192383 -4.596407890319824
2.2573533058166504 18.5081844329834 -4.578362941741943
2.403646945953369 18.62824058532715 -4.592345237731934
2.5374209880828857 18.642274856567383 -4.578618049621582
2.6763486862182617 18.689165115356445 -4.5731048583984375
2.8187367916107178 18.753820419311523 -4.572054862976074
2.9601080417633057 18.80276107788086 -4.565526008605957
3.1132752895355225 18.90338897705078 -4.568887233734131
3.2702856063842773 19.029333114624023 -4.578658580780029
3.4137985706329346 19.067977905273438 -4.567434787750244
3.574660062789917 19.195486068725586 -4.576635837554932
3.688477039337158 19.068370819091797 -4.522397041320801
3.859109401702881 19.220001220703125 -4.534011363983154
4.0280961990356445 19.363168716430664 -4.543864727020264
4.192214012145996 19.47146987915039 -4.545252799987793
4.339846611022949 19.497413635253906 -4.523952007293701
4.489745616912842 19.5296573638916 -4.504190921783447
4.665663242340088 19.656742095947266 -4.5057501792907715
4.824798107147217 19.716156005859375 -4.492180347442627
5.0150837898254395 19.893230438232422 -4.502484321594238
5.187167644500732 19.987506866455078 -4.493173599243164
0.0 0.0 0.0
5.5353851318359375 20.160247802734375 -4.470074653625488
5.7358503341674805 20.335241317749023 -4.476235389709473
0.0 0.0 0.0
6.107985973358154 20.555809020996094 -4.456886291503906
6.283329010009766 20.619834899902344 -4.4368977546691895
6.476309299468994 20.725797653198242 -4.4239373207092285
6.684741020202637 20.88216781616211 -4.420443534851074
6.8576507568359375 20.920181274414062 -4.3916015625
7.074069499969482 21.08392906188965 -4.388882637023926
7.266963958740234 21.169721603393555 -4.368967056274414
7.5313401222229 21.453275680541992 -4.38722562789917
7.743156433105469 21.567405700683594 -4.36943244934082
7.9848127365112305 21.763294219970703 -4.368346214294434
8.180986404418945 21.827558517456055 -4.340235233306885
8.428075790405273 22.019657135009766 -4.33480167388916
8.684019088745117 22.22371482849121 -4.330915451049805
8.901717185974121 22.313766479492188 -4.3035149574279785
9.175039291381836 22.54169464111328 -4.302811145782471
9.422507286071777 22.696321487426758 -4.285081386566162
9.680190086364746 22.86634063720703 -4.269442081451416
9.948344230651855 23.051597595214844 -4.255879878997803
10.219512939453125 23.226093292236328 -4.238651752471924
10.523579597473145 23.47337532043457 -4.2327423095703125
10.767960548400879 23.577226638793945 -4.199777603149414
11.001103401184082 23.6508846282959 -4.161022663116455
11.40113353729248 24.07108497619629 -4.182015895843506
11.607114791870117 24.06566047668457 -4.125341415405273
0.0 0.0 0.0
12.305208206176758 24.632369995117188 -4.109144687652588
12.678589820861816 24.944787979125977 -4.103661060333252
13.131376266479492 25.39801025390625 -4.117105484008789
0.0 0.0 0.0
0.0 0.0 0.0
0.0 0.0 0.0
0.0 0.0 0.0
0.0 0.0 0.0
15.382408142089844 26.92582130432129 -3.959383487701416
0.0 0.0 0.0
16.226119995117188 27.50110626220703 -3.8961966037750244
0.0 0.0 0.0
0.0 0.0 0.0
0.0 0.0 0.0
0.0 0.0 0.0
0.0 0.0 0.0
0.0 0.0 0.0
0.0 0.0 0.0
0.0 0.0 0.0
0.0 0.0 0.0
0.0 0.0 0.0
0.0 0.0 0.0
0.0 0.0 0.0
0.0 0.0 0.0
0.0 0.0 0.0
0.0 0.0 0.0
0.0 0.0 0.0
0.0 0.0 0.0
0.0 0.0 0.0
0.0 0.0 0.0
0.0 0.0 0.0
0.0 0.0 0.0
0.0 0.0 0.0
0.0 0.0 0.0
0.0 0.0 0.0
0.0 0.0 0.0
0.0 0.0 0.0
0.0 0.0 0.0
0.0 0.0 0.0
0.0 0.0 0.0
0.0 0.0 0.0
0.0 0.0 0.0
0.0 0.0 0.0
0.0 0.0 0.0
0.0 0.0 0.0
0.0 0.0 0.0
0.0 0.0 0.0
0.0 0.0 0.0
0.0 0.0 0.0
0.0 0.0 0.0
0.0 0.0 0.0
0.0 0.0 0.0
0.0 0.0 0.0
0.0 0.0 0.0
0.0 0.0 0.0
0.0 0.0 0.0
0.0 0.0 0.0
0.0 0.0 0.0
0.0 0.0 0.0
0.0 0.0 0.0
0.0 0.0 0.0
0.0 0.0 0.0
0.0 0.0 0.0
0.0 0.0 0.0
0.0 0.0 0.0
0.0 0.0 0.0
0.0 0.0 0.0
0.0 0.0 0.0
0.0 0.0 0.0
0.0 0.0 0.0
0.0 0.0 0.0
0.0 0.0 0.0
0.0 0.0 0.0
0.0 0.0 0.0
0.0 0.0 0.0
0.0 0.0 0.0
0.0 0.0 0.0
0.0 0.0 0.0
0.0 0.0 0.0
0.0 0.0 0.0
0.0 0.0 0.0
0.0 0.0 0.0
0.0 0.0 0.0
0.0 0.0 0.0
0.0 0.0 0.0
0.0 0.0 0.0
0.0 0.0 0.0
0.0 0.0 0.0
0.0 0.0 0.0
0.0 0.0 0.0
0.0 0.0 0.0
0.0 0.0 0.0
0.0 0.0 0.0
0.0 0.0 0.0
0.0 0.0 0.0
0.0 0.0 0.0
0.0 0.0 0.0
0.0 0.0 0.0
0.0 0.0 0.0
0.0 0.0 0.0
0.0 0.0 0.0
0.0 0.0 0.0
0.0 0.0 0.0
0.0 0.0 0.0
0.0 0.0 0.0
0.0 0.0 0.0
0.0 0.0 0.0
0.0 0.0 0.0
0.0 0.0 0.0
0.0 0.0 0.0
0.0 0.0 0.0
0.0 0.0 0.0
0.0 0.0 0.0
0.0 0.0 0.0
0.0 0.0 0.0
0.0 0.0 0.0
0.0 0.0 0.0
0.0 0.0 0.0
0.0 0.0 0.0
0.0 0.0 0.0
0.0 0.0 0.0
0.0 0.0 0.0
0.0 0.0 0.0
0.0 0.0 0.0
0.0 0.0 0.0
0.0 0.0 0.0
0.0 0.0 0.0
0.0 0.0 0.0
0.0 0.0 0.0
0.0 0.0 0.0
0.0 0.0 0.0
0.0 0.0 0.0
0.0 0.0 0.0
0.0 0.0 0.0
0.0 0.0 0.0
0.0 0.0 0.0
0.0 0.0 0.0
0.0 0.0 0.0
0.0 0.0 0.0
0.0 0.0 0.0
0.0 0.0 0.0
0.0 0.0 0.0
0.0 0.0 0.0
0.0 0.0 0.0
0.0 0.0 0.0
0.0 0.0 0.0
0.0 0.0 0.0
0.0 0.0 0.0
0.0 0.0 0.0
0.0 0.0 0.0
0.0 0.0 0.0
0.0 0.0 0.0
0.0 0.0 0.0
0.0 0.0 0.0
0.0 0.0 0.0
0.0 0.0 0.0
0.0 0.0 0.0
0.0 0.0 0.0
0.0 0.0 0.0
0.0 0.0 0.0
0.0 0.0 0.0
0.0 0.0 0.0
0.0 0.0 0.0
0.0 0.0 0.0
0.0 0.0 0.0
0.0 0.0 0.0
0.0 0.0 0.0
0.0 0.0 0.0
0.0 0.0 0.0
0.0 0.0 0.0
0.0 0.0 0.0
0.0 0.0 0.0
0.0 0.0 0.0
0.0 0.0 0.0
0.0 0.0 0.0
0.0 0.0 0.0
0.0 0.0 0.0
0.0 0.0 0.0
0.0 0.0 0.0
0.0 0.0 0.0
0.0 0.0 0.0
0.0 0.0 0.0
0.0 0.0 0.0
0.0 0.0 0.0
0.0 0.0 0.0
0.0 0.0 0.0
0.0 0.0 0.0
0.0 0.0 0.0
0.0 0.0 0.0
0.0 0.0 0.0
0.0 0.0 0.0
0.0 0.0 0.0
0.0 0.0 0.0
0.0 0.0 0.0
0.0 0.0 0.0
0.0 0.0 0.0
0.0 0.0 0.0
0.0 0.0 0.0
0.0 0.0 0.0
0.0 0.0 0.0
0.0 0.0 0.0
0.0 0.0 0.0
0.0 0.0 0.0
0.0 0.0 0.0
0.0 0.0 0.0
0.0 0.0 0.0
0.0 0.0 0.0
0.0 0.0 0.0
-20.911518096923828 29.57349967956543 -2.698444128036499
-20.345218658447266 29.202537536621094 -2.778132438659668
-19.563922882080078 28.50525665283203 -2.8153235912323
0.0 0.0 0.0
0.0 0.0 0.0
0.0 0.0 0.0
0.0 0.0 0.0
0.0 0.0 0.0
0.0 0.0 0.0
0.0 0.0 0.0
0.0 0.0 0.0
0.0 0.0 0.0
-15.02647876739502 25.552656173706055 -3.3491435050964355
-14.574633598327637 25.184906005859375 -3.3732261657714844
0.0 0.0 0.0
0.0 0.0 0.0
0.0 0.0 0.0
-13.212943077087402 24.38263702392578 -3.5356335639953613
-12.850616455078125 24.113088607788086 -3.5611047744750977
0.0 0.0 0.0
0.0 0.0 0.0
0.0 0.0 0.0
0.0 0.0 0.0
-11.231088638305664 22.97368812561035 -3.683476209640503
-10.907795906066895 22.711585998535156 -3.6962296962738037
0.0 0.0 0.0
-10.423227310180664 22.508398056030273 -3.772091865539551
0.0 0.0 0.0
-9.911055564880371 22.207191467285156 -3.8232908248901367
0.0 0.0 0.0
-9.534127235412598 22.19506072998047 -3.923089027404785
-9.169219970703125 21.761899948120117 -3.8938419818878174
-8.890210151672363 21.517356872558594 -3.896876573562622
0.0 0.0 0.0
0.0 0.0 0.0
-8.294870376586914 21.33550262451172 -4.001145362854004
-8.04574966430664 21.12872314453125 -4.005951881408691
0.0 0.0 0.0
-7.587782859802246 20.791269302368164 -4.027767658233643
-7.394290924072266 20.708595275878906 -4.052181720733643
-7.198468208312988 20.62135124206543 -4.076117515563965
0.0 0.0 0.0
0.0 0.0 0.0
-6.586181640625 20.216413497924805 -4.112427234649658
-6.4010701179504395 20.121932983398438 -4.129921913146973
-6.229948043823242 20.066177368164062 -4.155202865600586
-6.061975479125977 20.024232864379883 -4.183862686157227
-5.870282173156738 19.8889102935791 -4.190221309661865
-5.723252296447754 19.899213790893555 -4.226287841796875
-5.530943393707275 19.746274948120117 -4.22754430770874
-5.354994773864746 19.643396377563477 -4.239221572875977
-5.166748046875 19.495502471923828 -4.239864826202393
-5.035675525665283 19.549381256103516 -4.282272815704346
-4.872417449951172 19.47633171081543 -4.297006130218506
-4.713273048400879 19.413082122802734 -4.313784122467041
-4.514142036437988 19.174156188964844 -4.290240287780762
-4.3750128746032715 19.191070556640625 -4.321926116943359
-4.212665557861328 19.091093063354492 -4.3268537521362305
-4.067984104156494 19.06437873840332 -4.348325252532959
-3.920046806335449 19.017969131469727 -4.365024566650391
-3.763927698135376 18.926301956176758 -4.368099689483643
-3.6090610027313232 18.84498405456543 -4.373940944671631
-3.4654953479766846 18.803321838378906 -4.38856315612793
-3.3386149406433105 18.85051918029785 -4.424103260040283
-3.166226625442505 18.631202697753906 -4.393662452697754
-3.0447709560394287 18.703433990478516 -4.431585788726807
-2.890293836593628 18.583454132080078 -4.424470901489258
-2.7483644485473633 18.51844024658203 -4.430042743682861
-2.6176860332489014 18.524505615234375 -4.44986629486084
-2.472362518310547 18.420719146728516 -4.4421610832214355
-2.3453826904296875 18.44772720336914 -4.466119766235352
-2.2163326740264893 18.4587459564209 -4.486441135406494
-2.0744543075561523 18.375194549560547 -4.482039451599121
-1.9371165037155151 18.2984561920166 -4.4769392013549805
-1.807905912399292 18.292482376098633 -4.4893083572387695
-1.678177833557129 18.27803611755371 -4.499787330627441
-1.5533111095428467 18.315898895263672 -4.521968364715576
-1.4198992252349854 18.278125762939453 -4.522680759429932
-1.2896337509155273 18.243064880371094 -4.524062156677246
-1.1541398763656616 18.116275787353516 -4.502817630767822
-1.0362534523010254 18.26873016357422 -4.550649642944336
-0.9083704352378845 18.258502960205078 -4.554300308227539
-0.7766409516334534 18.205791473388672 -4.547665596008301
-0.649848461151123 18.20890998840332 -4.555070400238037
-0.5220946669578552 18.173261642456055 -4.552977561950684
-0.3958066999912262 18.183223724365234 -4.558095932006836
-0.2694091200828552 18.192359924316406 -4.5630059242248535
-0.1410888135433197 18.257448196411133 -4.5822343826293945
-0.014006389304995537 18.16251564025879 -4.561468601226807
0.11247798055410385 18.185026168823242 -4.566690921783447
0.2395263910293579 18.22584342956543 -4.575686931610107
0.36691972613334656 18.254409790039062 -4.581823825836182
0.4932149350643158 18.221481323242188 -4.572746276855469
0.6234537363052368 18.256458282470703 -4.578035831451416
0.7537066340446472 18.332674026489258 -4.592033386230469
0.8788619041442871 18.279266357421875 -4.573775768280029
1.009977102279663 18.346094131469727 -4.585818290710449
1.134745717048645 18.2951602935791 -4.566751003265381
1.2756285667419434 18.451868057250977 -4.596876621246338
1.4016655683517456 18.414865493774414 -4.579068660736084
1.5298962593078613 18.40721321105957 -4.568785667419434
1.6679013967514038 18.508455276489258 -4.584621906280518
1.7939430475234985 18.469806671142578 -4.562480449676514
1.9300860166549683 18.509347915649414 -4.559643745422363
2.0738022327423096 18.631059646606445 -4.577373504638672
2.204742193222046 18.627349853515625 -4.564192771911621
2.3377139568328857 18.638715744018555 -4.550797462463379
2.4734432697296143 18.667945861816406 -4.541930675506592
2.637784004211426 18.88027000427246 -4.577322006225586
2.7791495323181152 18.92991828918457 -4.573537826538086
2.9191935062408447 18.964269638061523 -4.5626702308654785
3.0846874713897705 19.151588439941406 -4.587978363037109
3.188464879989624 18.95513916015625 -4.521571636199951
3.329198122024536 18.982816696166992 -4.508967876434326
3.5006864070892334 19.163145065307617 -4.529796600341797
3.661233425140381 19.282886505126953 -4.535166263580322
3.8118443489074707 19.341602325439453 -4.526148796081543
3.945915937423706 19.31334686279297 -4.4969162940979
4.1161723136901855 19.45589256286621 -4.505880355834961
4.280527591705322 19.548715591430664 -4.500600814819336
4.441400051116943 19.62948989868164 -4.492948532104492
4.604621410369873 19.71268081665039 -4.48576021194458
4.767462730407715 19.78729820251465 -4.4758453369140625
4.941021919250488 19.898170471191406 -4.471368789672852
5.143507480621338 20.10328483581543 -4.487213134765625
5.2532453536987305 19.95258331298828 -4.424224853515625
5.457951068878174 20.158933639526367 -4.440430641174316
5.670965194702148 20.382526397705078 -4.456957817077637
5.830657482147217 20.405704498291016 -4.429386615753174
6.078610420227051 20.716991424560547 -4.4633469581604
6.227181434631348 20.689481735229492 -4.424561500549316
6.425382614135742 20.822269439697266 -4.417572021484375
6.618762016296387 20.93156623840332 -4.404726982116699
6.813977241516113 21.03920555114746 -4.391251564025879
7.020667552947998 21.174272537231445 -4.383170127868652
7.234930515289307 21.314300537109375 -4.3734354972839355
7.446824073791504 21.445980072021484 -4.361093044281006
7.680020332336426 21.630069732666016 -4.358932018280029
7.877038478851318 21.703712463378906 -4.334057331085205
8.136507034301758 21.941614151000977 -4.340508937835693
8.362975120544434 22.072261810302734 -4.3230109214782715
8.564126968383789 22.13714599609375 -4.292985439300537
8.813020706176758 22.318359375 -4.285110950469971
9.076203346252441 22.525983810424805 -4.280876159667969
9.3297700881958 22.699304580688477 -4.267653942108154
9.566877365112305 22.81591796875 -4.242311954498291
9.889386177062988 23.133277893066406 -4.254247665405273
10.15047550201416 23.295671463012695 -4.236233234405518
10.388623237609863 23.395668029785156 -4.204257965087891
10.625472068786621 23.486433029174805 -4.170159339904785
10.976783752441406 23.81209373474121 -4.175929069519043
11.297285079956055 24.06561851501465 -4.168208122253418
11.583592414855957 24.236114501953125 -4.1432623863220215
11.85948371887207 24.375959396362305 -4.112215042114258
0.0 0.0 0.0
12.583207130432129 24.975934982299805 -4.100140571594238
0.0 0.0 0.0
13.28555965423584 25.47381591796875 -4.06019401550293
13.619505882263184 25.677059173583984 -4.031542778015137
13.967387199401855 25.89777374267578 -4.00361967086792
0.0 0.0 0.0
0.0 0.0 0.0
15.3034086227417 27.005348205566406 -3.97072434425354
15.580607414245605 27.05565071105957 -3.9080450534820557
16.024887084960938 27.38393211364746 -3.88258695602417
0.0 0.0 0.0
0.0 0.0 0.0
0.0 0.0 0.0
0.0 0.0 0.0
0.0 0.0 0.0
0.0 0.0 0.0
0.0 0.0 0.0
0.0 0.0 0.0
0.0 0.0 0.0
0.0 0.0 0.0
0.0 0.0 0.0
0.0 0.0 0.0
0.0 0.0 0.0
24.92679786682129 34.39568328857422 -3.388754367828369
0.0 0.0 0.0
135.7946319580078 190.73915100097656 34.22904586791992
0.0 0.0 0.0
0.0 0.0 0.0
0.0 0.0 0.0
0.0 0.0 0.0
0.0 0.0 0.0
0.0 0.0 0.0
0.0 0.0 0.0
0.0 0.0 0.0
0.0 0.0 0.0
0.0 0.0 0.0
0.0 0.0 0.0
0.0 0.0 0.0
0.0 0.0 0.0
0.0 0.0 0.0
0.0 0.0 0.0
0.0 0.0 0.0
0.0 0.0 0.0
0.0 0.0 0.0
0.0 0.0 0.0
0.0 0.0 0.0
0.0 0.0 0.0
0.0 0.0 0.0
0.0 0.0 0.0
0.0 0.0 0.0
0.0 0.0 0.0
0.0 0.0 0.0
0.0 0.0 0.0
0.0 0.0 0.0
0.0 0.0 0.0
0.0 0.0 0.0
0.0 0.0 0.0
0.0 0.0 0.0
0.0 0.0 0.0
0.0 0.0 0.0
0.0 0.0 0.0
0.0 0.0 0.0
0.0 0.0 0.0
0.0 0.0 0.0
0.0 0.0 0.0
0.0 0.0 0.0
0.0 0.0 0.0
0.0 0.0 0.0
0.0 0.0 0.0
0.0 0.0 0.0
0.0 0.0 0.0
0.0 0.0 0.0
0.0 0.0 0.0
0.0 0.0 0.0
0.0 0.0 0.0
0.0 0.0 0.0
0.0 0.0 0.0
0.0 0.0 0.0
0.0 0.0 0.0
0.0 0.0 0.0
0.0 0.0 0.0
0.0 0.0 0.0
0.0 0.0 0.0
0.0 0.0 0.0
0.0 0.0 0.0
0.0 0.0 0.0
0.0 0.0 0.0
0.0 0.0 0.0
0.0 0.0 0.0
0.0 0.0 0.0
0.0 0.0 0.0
0.0 0.0 0.0
0.0 0.0 0.0
0.0 0.0 0.0
0.0 0.0 0.0
0.0 0.0 0.0
0.0 0.0 0.0
0.0 0.0 0.0
0.0 0.0 0.0
0.0 0.0 0.0
0.0 0.0 0.0
0.0 0.0 0.0
0.0 0.0 0.0
0.0 0.0 0.0
0.0 0.0 0.0
0.0 0.0 0.0
0.0 0.0 0.0
0.0 0.0 0.0
0.0 0.0 0.0
0.0 0.0 0.0
0.0 0.0 0.0
0.0 0.0 0.0
0.0 0.0 0.0
0.0 0.0 0.0
0.0 0.0 0.0
0.0 0.0 0.0
0.0 0.0 0.0
0.0 0.0 0.0
0.0 0.0 0.0
0.0 0.0 0.0
0.0 0.0 0.0
0.0 0.0 0.0
0.0 0.0 0.0
0.0 0.0 0.0
0.0 0.0 0.0
0.0 0.0 0.0
0.0 0.0 0.0
0.0 0.0 0.0
0.0 0.0 0.0
0.0 0.0 0.0
0.0 0.0 0.0
0.0 0.0 0.0
0.0 0.0 0.0
0.0 0.0 0.0
0.0 0.0 0.0
0.0 0.0 0.0
0.0 0.0 0.0
0.0 0.0 0.0
0.0 0.0 0.0
0.0 0.0 0.0
0.0 0.0 0.0
0.0 0.0 0.0
0.0 0.0 0.0
0.0 0.0 0.0
0.0 0.0 0.0
0.0 0.0 0.0
0.0 0.0 0.0
0.0 0.0 0.0
0.0 0.0 0.0
0.0 0.0 0.0
0.0 0.0 0.0
0.0 0.0 0.0
0.0 0.0 0.0
0.0 0.0 0.0
0.0 0.0 0.0
0.0 0.0 0.0
0.0 0.0 0.0
0.0 0.0 0.0
0.0 0.0 0.0
0.0 0.0 0.0
0.0 0.0 0.0
0.0 0.0 0.0
0.0 0.0 0.0
0.0 0.0 0.0
0.0 0.0 0.0
0.0 0.0 0.0
0.0 0.0 0.0
0.0 0.0 0.0
0.0 0.0 0.0
0.0 0.0 0.0
0.0 0.0 0.0
0.0 0.0 0.0
0.0 0.0 0.0
0.0 0.0 0.0
0.0 0.0 0.0
0.0 0.0 0.0
0.0 0.0 0.0
0.0 0.0 0.0
0.0 0.0 0.0
0.0 0.0 0.0
0.0 0.0 0.0
0.0 0.0 0.0
0.0 0.0 0.0
0.0 0.0 0.0
0.0 0.0 0.0
0.0 0.0 0.0
0.0 0.0 0.0
0.0 0.0 0.0
0.0 0.0 0.0
0.0 0.0 0.0
0.0 0.0 0.0
0.0 0.0 0.0
0.0 0.0 0.0
0.0 0.0 0.0
0.0 0.0 0.0
0.0 0.0 0.0
0.0 0.0 0.0
0.0 0.0 0.0
0.0 0.0 0.0
0.0 0.0 0.0
0.0 0.0 0.0
0.0 0.0 0.0
0.0 0.0 0.0
0.0 0.0 0.0
0.0 0.0 0.0
0.0 0.0 0.0
0.0 0.0 0.0
0.0 0.0 0.0
-20.1157169342041 29.09271240234375 -2.7992186546325684
0.0 0.0 0.0
0.0 0.0 0.0
0.0 0.0 0.0
0.0 0.0 0.0
0.0 0.0 0.0
0.0 0.0 0.0
0.0 0.0 0.0
0.0 0.0 0.0
0.0 0.0 0.0
0.0 0.0 0.0
0.0 0.0 0.0
0.0 0.0 0.0
0.0 0.0 0.0
-13.776920318603516 24.797176361083984 -3.4649360179901123
0.0 0.0 0.0
0.0 0.0 0.0
0.0 0.0 0.0
0.0 0.0 0.0
0.0 0.0 0.0
-11.70897102355957 23.340484619140625 -3.625523567199707
0.0 0.0 0.0
0.0 0.0 0.0
-10.902732849121094 22.910751342773438 -3.7242283821105957
-10.56214427947998 22.599529266357422 -3.7262232303619385
0.0 0.0 0.0
-10.14232349395752 22.52045440673828 -3.817302703857422
0.0 0.0 0.0
-9.589919090270996 22.111034393310547 -3.847146987915039
-9.340070724487305 21.95216941833496 -3.8673038482666016
0.0 0.0 0.0
-8.860573768615723 21.663925170898438 -3.9114913940429688
0.0 0.0 0.0
-8.42723560333252 21.452709197998047 -3.962519884109497
0.0 0.0 0.0
0.0 0.0 0.0
-7.76132345199585 21.046789169311523 -4.016955852508545
-7.536070346832275 20.882150650024414 -4.026139259338379
-7.3096723556518555 20.704608917236328 -4.032199859619141
-7.165097236633301 20.75371742248535 -4.082189083099365
-6.974531173706055 20.667415618896484 -4.104351043701172
-6.737674713134766 20.441816329956055 -4.097665309906006
-6.554996967315674 20.363115310668945 -4.119297027587891
-6.384239196777344 20.31575584411621 -4.147068023681641
-6.183783054351807 20.168315887451172 -4.153292179107666
-5.985936164855957 20.01946258544922 -4.156847953796387
-5.843911647796631 20.052776336669922 -4.198160171508789
-5.661679267883301 19.952959060668945 -4.212162017822266
-5.447973251342773 19.722061157226562 -4.197011947631836
-5.342360973358154 19.87761116027832 -4.261505603790283
-5.11700963973999 19.581117630004883 -4.228947639465332
-4.959112167358398 19.530860900878906 -4.249141693115234
-4.796182632446289 19.46495246887207 -4.266397476196289
-4.640114784240723 19.412830352783203 -4.283139228820801
-4.469637393951416 19.292556762695312 -4.284485340118408
-4.32112455368042 19.260284423828125 -4.305296421051025
-4.153043746948242 19.1336612701416 -4.304931163787842
-4.016061305999756 19.155866622924805 -4.336037635803223
-3.864020586013794 19.090944290161133 -4.346063137054443
-3.696289300918579 18.938819885253906 -4.336114883422852
-3.5794379711151123 19.04372787475586 -4.38511848449707
-3.4193902015686035 18.91582679748535 -4.3788533210754395
-3.269320249557495 18.84742546081543 -4.384829521179199
-3.1263678073883057 18.800128936767578 -4.395399570465088
-2.987961530685425 18.7742977142334 -4.411059379577637
-2.8472886085510254 18.728878021240234 -4.421102523803711
-2.716050386428833 18.743282318115234 -4.442577838897705
-2.5661985874176025 18.621139526367188 -4.431755065917969
-2.4232470989227295 18.55462074279785 -4.434506893157959
-2.2906994819641113 18.543474197387695 -4.449972629547119
-2.1484477519989014 18.44544792175293 -4.440823554992676
-2.0178682804107666 18.440780639648438 -4.454285621643066
-1.8864327669143677 18.423839569091797 -4.464951992034912
-1.753387451171875 18.409881591796875 -4.476789474487305
-1.6277151107788086 18.44865608215332 -4.4975128173828125
-1.489503264427185 18.339155197143555 -4.481701850891113
-1.3621656894683838 18.35354232788086 -4.49631929397583
-1.228337287902832 18.272396087646484 -4.487702369689941
-1.1041918992996216 18.365266799926758 -4.519132137298584
-0.9730424284934998 18.30982780456543 -4.512648105621338
-0.8447765111923218 18.295135498046875 -4.51638650894165
-0.7178021669387817 18.306072235107422 -4.526666164398193
-0.5907652378082275 18.316621780395508 -4.534916877746582
-0.46230393648147583 18.368593215942383 -4.551281452178955
-0.3329370617866516 18.275577545166016 -4.531869411468506
-0.2067159116268158 18.35605239868164 -4.555698871612549
-0.07884340733289719 18.307058334350586 -4.546291828155518
0.04858960211277008 18.30726432800293 -4.5458855628967285
0.1760699301958084 18.32554054260254 -4.5501861572265625
0.30533498525619507 18.28982162475586 -4.541301727294922
0.43493542075157166 18.389787673950195 -4.5659050941467285
0.5637058615684509 18.41400909423828 -4.567789077758789
0.6887134909629822 18.331241607666016 -4.543369293212891
0.817961573600769 18.36504554748535 -4.548067092895508
0.9531917572021484 18.46223258972168 -4.568597793579102
1.0780351161956787 18.39673614501953 -4.544909477233887
1.2180540561676025 18.572711944580078 -4.580582141876221
1.3512401580810547 18.619020462036133 -4.5843987464904785
1.473995327949524 18.524444580078125 -4.553762435913086
1.6088589429855347 18.55814552307129 -4.551634311676025
1.7446519136428833 18.617778778076172 -4.554845809936523
1.88502037525177 18.714210510253906 -4.567188262939453
2.01353120803833 18.685033798217773 -4.5490336418151855
2.1577773094177246 18.795032501220703 -4.562768459320068
2.2930445671081543 18.79869842529297 -4.548337459564209
2.4364612102508545 18.880720138549805 -4.553255081176758
2.565105676651001 18.844966888427734 -4.529952049255371
2.7124640941619873 18.940235137939453 -4.537116050720215
2.8567330837249756 19.004972457885742 -4.534122467041016
2.994488000869751 19.01978302001953 -4.519313812255859
3.153385639190674 19.145904541015625 -4.530702114105225
3.2847537994384766 19.1136531829834 -4.504770278930664
3.452164649963379 19.283550262451172 -4.5229573249816895
3.588799476623535 19.272430419921875 -4.4986653327941895
3.7571189403533936 19.42485809326172 -4.5125932693481445
3.917468786239624 19.512056350708008 -4.510891437530518
4.0706562995910645 19.569217681884766 -4.499457359313965
4.2431769371032715 19.71105194091797 -4.506875038146973
4.391515254974365 19.73234748840332 -4.486661434173584
4.569406032562256 19.878921508789062 -4.494881629943848
4.734527587890625 19.949737548828125 -4.483327388763428
4.905025482177734 20.045869827270508 -4.476541519165039
5.069632530212402 20.110998153686523 -4.462750434875488
5.237152576446533 20.182239532470703 -4.450296401977539
0.0 0.0 0.0
5.61925745010376 20.468456268310547 -4.45128059387207
5.770749568939209 20.46241569519043 -4.418422698974609
5.966193675994873 20.60584831237793 -4.417716026306152
6.14097785949707 20.670679092407227 -4.3994646072387695
6.356651306152344 20.862586975097656 -4.405444145202637
6.5528645515441895 20.971473693847656 -4.392867565155029
6.770318508148193 21.14872932434082 -4.394891262054443
6.9573073387146 21.222009658813477 -4.3749470710754395
7.1734619140625 21.377906799316406 -4.369209289550781
7.353512763977051 21.419404983520508 -4.339780330657959
7.5775465965271 21.582571029663086 -4.334748268127441
7.82140588760376 21.78260040283203 -4.335816383361816
8.061704635620117 21.97078514099121 -4.332517147064209
8.294355392456055 22.128026962280273 -4.321995735168457
8.451109886169434 22.07856559753418 -4.270977020263672
8.733664512634277 22.350196838378906 -4.281639099121094
8.972076416015625 22.489757537841797 -4.263913154602051
9.255334854125977 22.738624572753906 -4.266018390655518
9.504322052001953 22.89223289489746 -4.249404430389404
9.751241683959961 23.03293228149414 -4.229844093322754
10.046337127685547 23.277694702148438 -4.2273664474487305
10.31272029876709 23.437442779541016 -4.206667900085449
10.591602325439453 23.623878479003906 -4.190824508666992
10.870223999023438 23.8006591796875 -4.1725029945373535
11.167976379394531 24.009992599487305 -4.157862663269043
11.507493019104004 24.296703338623047 -4.154247283935547
0.0 0.0 0.0
12.094270706176758 24.636474609375 -4.103084564208984
12.403993606567383 24.830717086791992 -4.079458713531494
0.0 0.0 0.0
0.0 0.0 0.0
0.0 0.0 0.0
13.911341667175293 26.004653930664062 -4.028022289276123
14.230451583862305 26.161073684692383 -3.988375425338745
14.679863929748535 26.544757843017578 -3.9818167686462402
15.146594047546387 26.943923950195312 -3.975468158721924
0.0 0.0 0.0
0.0 0.0 0.0
0.0 0.0 0.0
16.68473243713379 27.83883285522461 -3.8185179233551025
0.0 0.0 0.0
0.0 0.0 0.0
0.0 0.0 0.0
0.0 0.0 0.0
0.0 0.0 0.0
0.0 0.0 0.0
0.0 0.0 0.0
0.0 0.0 0.0
0.0 0.0 0.0
0.0 0.0 0.0
0.0 0.0 0.0
0.0 0.0 0.0
0.0 0.0 0.0
0.0 0.0 0.0
0.0 0.0 0.0
0.0 0.0 0.0
0.0 0.0 0.0
0.0 0.0 0.0
0.0 0.0 0.0
0.0 0.0 0.0
0.0 0.0 0.0
0.0 0.0 0.0
0.0 0.0 0.0
0.0 0.0 0.0
0.0 0.0 0.0
0.0 0.0 0.0
0.0 0.0 0.0
0.0 0.0 0.0
0.0 0.0 0.0
0.0 0.0 0.0
0.0 0.0 0.0
0.0 0.0 0.0
0.0 0.0 0.0
0.0 0.0 0.0
0.0 0.0 0.0
0.0 0.0 0.0
0.0 0.0 0.0
0.0 0.0 0.0
0.0 0.0 0.0
0.0 0.0 0.0
0.0 0.0 0.0
0.0 0.0 0.0
0.0 0.0 0.0
0.0 0.0 0.0
0.0 0.0 0.0
0.0 0.0 0.0
0.0 0.0 0.0
0.0 0.0 0.0
0.0 0.0 0.0
0.0 0.0 0.0
0.0 0.0 0.0
0.0 0.0 0.0
0.0 0.0 0.0
0.0 0.0 0.0
0.0 0.0 0.0
0.0 0.0 0.0
0.0 0.0 0.0
0.0 0.0 0.0
0.0 0.0 0.0
0.0 0.0 0.0
0.0 0.0 0.0
0.0 0.0 0.0
0.0 0.0 0.0
0.0 0.0 0.0
0.0 0.0 0.0
0.0 0.0 0.0
0.0 0.0 0.0
0.0 0.0 0.0
0.0 0.0 0.0
0.0 0.0 0.0
0.0 0.0 0.0
0.0 0.0 0.0
0.0 0.0 0.0
0.0 0.0 0.0
0.0 0.0 0.0
0.0 0.0 0.0
0.0 0.0 0.0
0.0 0.0 0.0
0.0 0.0 0.0
0.0 0.0 0.0
0.0 0.0 0.0
0.0 0.0 0.0
0.0 0.0 0.0
0.0 0.0 0.0
0.0 0.0 0.0
0.0 0.0 0.0
0.0 0.0 0.0
0.0 0.0 0.0
0.0 0.0 0.0
0.0 0.0 0.0
0.0 0.0 0.0
0.0 0.0 0.0
0.0 0.0 0.0
0.0 0.0 0.0
0.0 0.0 0.0
0.0 0.0 0.0
0.0 0.0 0.0
0.0 0.0 0.0
0.0 0.0 0.0
0.0 0.0 0.0
0.0 0.0 0.0
0.0 0.0 0.0
0.0 0.0 0.0
0.0 0.0 0.0
0.0 0.0 0.0
0.0 0.0 0.0
0.0 0.0 0.0
0.0 0.0 0.0
0.0 0.0 0.0
0.0 0.0 0.0
0.0 0.0 0.0
0.0 0.0 0.0
0.0 0.0 0.0
0.0 0.0 0.0
0.0 0.0 0.0
0.0 0.0 0.0
0.0 0.0 0.0
0.0 0.0 0.0
0.0 0.0 0.0
0.0 0.0 0.0
0.0 0.0 0.0
0.0 0.0 0.0
0.0 0.0 0.0
0.0 0.0 0.0
0.0 0.0 0.0
0.0 0.0 0.0
0.0 0.0 0.0
0.0 0.0 0.0
0.0 0.0 0.0
0.0 0.0 0.0
0.0 0.0 0.0
0.0 0.0 0.0
0.0 0.0 0.0
0.0 0.0 0.0
0.0 0.0 0.0
0.0 0.0 0.0
0.0 0.0 0.0
0.0 0.0 0.0
0.0 0.0 0.0
0.0 0.0 0.0
0.0 0.0 0.0
0.0 0.0 0.0
0.0 0.0 0.0
0.0 0.0 0.0
0.0 0.0 0.0
0.0 0.0 0.0
0.0 0.0 0.0
0.0 0.0 0.0
0.0 0.0 0.0
0.0 0.0 0.0
0.0 0.0 0.0
0.0 0.0 0.0
0.0 0.0 0.0
0.0 0.0 0.0
0.0 0.0 0.0
0.0 0.0 0.0
0.0 0.0 0.0
0.0 0.0 0.0
0.0 0.0 0.0
0.0 0.0 0.0
0.0 0.0 0.0
0.0 0.0 0.0
0.0 0.0 0.0
0.0 0.0 0.0
0.0 0.0 0.0
0.0 0.0 0.0
0.0 0.0 0.0
0.0 0.0 0.0
0.0 0.0 0.0
0.0 0.0 0.0
0.0 0.0 0.0
0.0 0.0 0.0
0.0 0.0 0.0
0.0 0.0 0.0
0.0 0.0 0.0
0.0 0.0 0.0
0.0 0.0 0.0
0.0 0.0 0.0
0.0 0.0 0.0
0.0 0.0 0.0
0.0 0.0 0.0
0.0 0.0 0.0
0.0 0.0 0.0
0.0 0.0 0.0
0.0 0.0 0.0
0.0 0.0 0.0
0.0 0.0 0.0
0.0 0.0 0.0
0.0 0.0 0.0
0.0 0.0 0.0
0.0 0.0 0.0
0.0 0.0 0.0
0.0 0.0 0.0
0.0 0.0 0.0
0.0 0.0 0.0
0.0 0.0 0.0
0.0 0.0 0.0
0.0 0.0 0.0
0.0 0.0 0.0
0.0 0.0 0.0
0.0 0.0 0.0
0.0 0.0 0.0
0.0 0.0 0.0
0.0 0.0 0.0
0.0 0.0 0.0
0.0 0.0 0.0
0.0 0.0 0.0
0.0 0.0 0.0
-15.074097633361816 25.63428497314453 -3.312645435333252
0.0 0.0 0.0
0.0 0.0 0.0
-13.93090534210205 24.874996185302734 -3.4215073585510254
-13.587750434875488 24.664243698120117 -3.459343194961548
-13.183403015136719 24.331117630004883 -3.4758496284484863
0.0 0.0 0.0
-12.639114379882812 24.129680633544922 -3.571847915649414
0.0 0.0 0.0
-11.946797370910645 23.60260772705078 -3.6109867095947266
0.0 0.0 0.0
0.0 0.0 0.0
0.0 0.0 0.0
0.0 0.0 0.0
0.0 0.0 0.0
0.0 0.0 0.0
0.0 0.0 0.0
-9.752917289733887 22.269004821777344 -3.820117950439453
0.0 0.0 0.0
0.0 0.0 0.0
0.0 0.0 0.0
-8.828304290771484 21.79830551147461 -3.9267547130584717
-8.595062255859375 21.653732299804688 -3.9453864097595215
0.0 0.0 0.0
0.0 0.0 0.0
0.0 0.0 0.0
0.0 0.0 0.0
0.0 0.0 0.0
0.0 0.0 0.0
-7.073957920074463 20.729909896850586 -4.063259124755859
-6.9014434814453125 20.693952560424805 -4.094168663024902
-6.700193881988525 20.5653133392334 -4.106457710266113
-6.517210960388184 20.48614501953125 -4.128347873687744
-6.310555934906006 20.32537078857422 -4.130988597869873
-6.121791362762451 20.22212791442871 -4.145347595214844
-5.94480562210083 20.142431259155273 -4.1637187004089355
-5.759854316711426 20.02810287475586 -4.174653053283691
-5.5756354331970215 19.908998489379883 -4.1821489334106445
-5.432965278625488 19.93244743347168 -4.2186737060546875
-5.209298610687256 19.65948486328125 -4.192743301391602
-5.099906921386719 19.802566528320312 -4.254918098449707
-4.906377792358398 19.61514663696289 -4.244474411010742
-4.74373722076416 19.541513442993164 -4.256922245025635
-4.5842604637146 19.4739990234375 -4.270603179931641
-4.414158344268799 19.36469841003418 -4.275514125823975
-4.281197547912598 19.402935028076172 -4.311494827270508
-4.111955642700195 19.272769927978516 -4.307753086090088
-3.966308355331421 19.24587059020996 -4.327042579650879
-3.809333086013794 19.158023834228516 -4.332635402679443
-3.6434946060180664 19.028173446655273 -4.328752040863037
-3.5044848918914795 19.017301559448242 -4.348062038421631
-3.362478256225586 18.98664093017578 -4.362971305847168
-3.2191531658172607 18.943660736083984 -4.3751373291015625
-3.0666606426239014 18.83949851989746 -4.373199939727783
-2.9313180446624756 18.84796905517578 -4.394485950469971
-2.779843807220459 18.731109619140625 -4.38570499420166
-2.6486363410949707 18.744970321655273 -4.40763521194458
-2.5068819522857666 18.678709030151367 -4.410842418670654
-2.3754513263702393 18.683624267578125 -4.42845344543457
-2.2467472553253174 18.71059226989746 -4.450003623962402
-2.110736846923828 18.695293426513672 -4.461986064910889
-1.9661989212036133 18.573020935058594 -4.448249340057373
-1.832914113998413 18.544605255126953 -4.455291748046875
-1.6982553005218506 18.49691390991211 -4.455311298370361
-1.5698055028915405 18.512590408325195 -4.470780849456787
-1.4366830587387085 18.4971923828125 -4.479156017303467
-1.303133249282837 18.439281463623047 -4.476305961608887
-1.1791729927062988 18.517616271972656 -4.503189563751221
-1.0420734882354736 18.379085540771484 -4.477512359619141
-0.9173258543014526 18.448057174682617 -4.502570629119873
-0.7862841486930847 18.444183349609375 -4.510246276855469
-0.6553406715393066 18.37594985961914 -4.49756383895874
-0.5260385870933533 18.329557418823242 -4.490398406982422
-0.4000222980976105 18.396055221557617 -4.511105060577393
-0.2722424268722534 18.412357330322266 -4.519745826721191
-0.14200307428836823 18.413433074951172 -4.521334648132324
-0.013973275199532509 18.470727920532227 -4.535918235778809
0.11430581659078598 18.439882278442383 -4.529076099395752
0.2436022013425827 18.518146514892578 -4.549255847930908
0.36939793825149536 18.372344970703125 -4.511962413787842
0.5016273260116577 18.53711700439453 -4.549167633056641
0.629048764705658 18.424087524414062 -4.518353462219238
0.7600695490837097 18.488422393798828 -4.531316757202148
0.8902983069419861 18.51810646057129 -4.5343241691589355
1.0187872648239136 18.505855560302734 -4.524403095245361
1.1534929275512695 18.594982147216797 -4.539454936981201
1.2872363328933716 18.618654251098633 -4.5385942459106445
1.4229621887207031 18.69086456298828 -4.549142360687256
1.5551002025604248 18.70620346069336 -4.5422797203063965
1.687382459640503 18.720613479614258 -4.535398960113525
1.8340333700180054 18.87771987915039 -4.563194751739502
1.9662870168685913 18.852203369140625 -4.546817302703857
2.0906126499176025 18.777799606323242 -4.51491641998291
2.236794948577881 18.895055770874023 -4.5290398597717285
2.3648440837860107 18.85282325744629 -4.505081653594971
2.5098893642425537 18.941600799560547 -4.512598991394043
2.662977695465088 19.05982780456543 -4.523922920227051
2.812927007675171 19.158567428588867 -4.529720306396484
2.968294143676758 19.282508850097656 -4.541486740112305
3.100860595703125 19.251195907592773 -4.516777992248535
3.23691725730896 19.24188804626465 -4.495575428009033
3.4070568084716797 19.427064895629883 -4.517861366271973
3.5516207218170166 19.441932678222656 -4.5001325607299805
3.704195976257324 19.508453369140625 -4.494810104370117
3.860732078552246 19.588985443115234 -4.4917988777160645
4.0248494148254395 19.69875144958496 -4.49268102645874
4.181216239929199 19.762447357177734 -4.483010768890381
4.339547634124756 19.817047119140625 -4.470864772796631
4.49971342086792 19.885757446289062 -4.4622626304626465
4.687221050262451 20.065420150756836 -4.475008964538574
4.822157382965088 20.01331901550293 -4.436014652252197
4.998005390167236 20.1270751953125 -4.433846473693848
5.1951518058776855 20.305530548095703 -4.445213794708252
5.338253974914551 20.276296615600586 -4.408956527709961
5.563272953033447 20.54877471923828 -4.437385082244873
5.735988140106201 20.616546630859375 -4.421226501464844
5.913969039916992 20.697664260864258 -4.407864570617676
6.118743419647217 20.854137420654297 -4.408082485198975
6.291525840759277 20.903329849243164 -4.384695529937744
6.489165782928467 21.027950286865234 -4.376918792724609
6.701413631439209 21.19110679626465 -4.376834869384766
6.9079365730285645 21.32706642150879 -4.36979341506958
7.111929416656494 21.44699478149414 -4.357307434082031
7.314336776733398 21.5462589263916 -4.339697360992432
7.5725908279418945 21.807666778564453 -4.354816913604736
7.746054649353027 21.81709098815918 -4.318855285644531
7.993950843811035 22.027555465698242 -4.320080757141113
8.230488777160645 22.19607925415039 -4.312429904937744
8.45625114440918 22.318397521972656 -4.29458475112915
8.678390502929688 22.43246078491211 -4.2754950523376465
8.94787883758545 22.659433364868164 -4.274899482727051
9.15625 22.723186492919922 -4.242956638336182
9.44936752319336 22.988101959228516 -4.247941970825195
9.692957878112793 23.114131927490234 -4.225715160369873
9.947949409484863 23.267675399780273 -4.206700801849365
10.275145530700684 23.577775955200195 -4.2147016525268555
10.56650447845459 23.79295539855957 -4.204621315002441
10.87569808959961 24.03692054748535 -4.198639869689941
11.039630889892578 23.947635650634766 -4.131400108337402
0.0 0.0 0.0
11.727980613708496 24.537616729736328 -4.127901077270508
11.997127532958984 24.658870697021484 -4.095274925231934
12.349065780639648 24.940685272216797 -4.086337089538574
0.0 0.0 0.0
0.0 0.0 0.0
13.361333847045898 25.61827278137207 -4.022080898284912
13.777430534362793 25.975011825561523 -4.016608238220215
0.0 0.0 0.0
14.529292106628418 26.4945068359375 -3.9700875282287598
14.98500919342041 26.87403106689453 -3.9610037803649902
15.308526992797852 27.010862350463867 -3.913074493408203
0.0 0.0 0.0
16.11809539794922 27.53916358947754 -3.8498408794403076
16.71218490600586 28.105880737304688 -3.856097459793091
0.0 0.0 0.0
0.0 0.0 0.0
0.0 0.0 0.0
0.0 0.0 0.0
0.0 0.0 0.0
0.0 0.0 0.0
0.0 0.0 0.0
0.0 0.0 0.0
0.0 0.0 0.0
0.0 0.0 0.0
0.0 0.0 0.0
0.0 0.0 0.0
0.0 0.0 0.0
0.0 0.0 0.0
0.0 0.0 0.0
0.0 0.0 0.0
0.0 0.0 0.0
0.0 0.0 0.0
0.0 0.0 0.0
0.0 0.0 0.0
0.0 0.0 0.0
0.0 0.0 0.0
0.0 0.0 0.0
0.0 0.0 0.0
0.0 0.0 0.0
0.0 0.0 0.0
0.0 0.0 0.0
0.0 0.0 0.0
0.0 0.0 0.0
0.0 0.0 0.0
0.0 0.0 0.0
0.0 0.0 0.0
0.0 0.0 0.0
0.0 0.0 0.0
0.0 0.0 0.0
0.0 0.0 0.0
0.0 0.0 0.0
0.0 0.0 0.0
0.0 0.0 0.0
0.0 0.0 0.0
0.0 0.0 0.0
0.0 0.0 0.0
0.0 0.0 0.0
0.0 0.0 0.0
0.0 0.0 0.0
0.0 0.0 0.0
0.0 0.0 0.0
0.0 0.0 0.0
0.0 0.0 0.0
0.0 0.0 0.0
0.0 0.0 0.0
0.0 0.0 0.0
0.0 0.0 0.0
0.0 0.0 0.0
0.0 0.0 0.0
0.0 0.0 0.0
0.0 0.0 0.0
0.0 0.0 0.0
0.0 0.0 0.0
0.0 0.0 0.0
0.0 0.0 0.0
0.0 0.0 0.0
0.0 0.0 0.0
0.0 0.0 0.0
0.0 0.0 0.0
0.0 0.0 0.0
0.0 0.0 0.0
0.0 0.0 0.0
0.0 0.0 0.0
0.0 0.0 0.0
0.0 0.0 0.0
0.0 0.0 0.0
0.0 0.0 0.0
0.0 0.0 0.0
0.0 0.0 0.0
0.0 0.0 0.0
0.0 0.0 0.0
0.0 0.0 0.0
0.0 0.0 0.0
0.0 0.0 0.0
0.0 0.0 0.0
0.0 0.0 0.0
0.0 0.0 0.0
0.0 0.0 0.0
0.0 0.0 0.0
0.0 0.0 0.0
0.0 0.0 0.0
0.0 0.0 0.0
0.0 0.0 0.0
0.0 0.0 0.0
0.0 0.0 0.0
0.0 0.0 0.0
0.0 0.0 0.0
0.0 0.0 0.0
0.0 0.0 0.0
0.0 0.0 0.0
0.0 0.0 0.0
0.0 0.0 0.0
0.0 0.0 0.0
0.0 0.0 0.0
0.0 0.0 0.0
0.0 0.0 0.0
0.0 0.0 0.0
0.0 0.0 0.0
0.0 0.0 0.0
0.0 0.0 0.0
0.0 0.0 0.0
0.0 0.0 0.0
0.0 0.0 0.0
0.0 0.0 0.0
0.0 0.0 0.0
0.0 0.0 0.0
0.0 0.0 0.0
0.0 0.0 0.0
0.0 0.0 0.0
0.0 0.0 0.0
0.0 0.0 0.0
0.0 0.0 0.0
0.0 0.0 0.0
0.0 0.0 0.0
0.0 0.0 0.0
0.0 0.0 0.0
0.0 0.0 0.0
0.0 0.0 0.0
0.0 0.0 0.0
0.0 0.0 0.0
0.0 0.0 0.0
0.0 0.0 0.0
0.0 0.0 0.0
0.0 0.0 0.0
0.0 0.0 0.0
0.0 0.0 0.0
0.0 0.0 0.0
0.0 0.0 0.0
0.0 0.0 0.0
0.0 0.0 0.0
0.0 0.0 0.0
0.0 0.0 0.0
0.0 0.0 0.0
0.0 0.0 0.0
0.0 0.0 0.0
0.0 0.0 0.0
0.0 0.0 0.0
0.0 0.0 0.0
0.0 0.0 0.0
0.0 0.0 0.0
0.0 0.0 0.0
0.0 0.0 0.0
0.0 0.0 0.0
0.0 0.0 0.0
0.0 0.0 0.0
0.0 0.0 0.0
0.0 0.0 0.0
0.0 0.0 0.0
0.0 0.0 0.0
0.0 0.0 0.0
0.0 0.0 0.0
0.0 0.0 0.0
0.0 0.0 0.0
0.0 0.0 0.0
0.0 0.0 0.0
0.0 0.0 0.0
0.0 0.0 0.0
0.0 0.0 0.0
0.0 0.0 0.0
0.0 0.0 0.0
0.0 0.0 0.0
0.0 0.0 0.0
0.0 0.0 0.0
0.0 0.0 0.0
0.0 0.0 0.0
0.0 0.0 0.0
0.0 0.0 0.0
0.0 0.0 0.0
0.0 0.0 0.0
0.0 0.0 0.0
0.0 0.0 0.0
0.0 0.0 0.0
0.0 0.0 0.0
0.0 0.0 0.0
0.0 0.0 0.0
0.0 0.0 0.0
0.0 0.0 0.0
0.0 0.0 0.0
0.0 0.0 0.0
0.0 0.0 0.0
0.0 0.0 0.0
0.0 0.0 0.0
0.0 0.0 0.0
0.0 0.0 0.0
0.0 0.0 0.0
0.0 0.0 0.0
0.0 0.0 0.0
0.0 0.0 0.0
0.0 0.0 0.0
0.0 0.0 0.0
0.0 0.0 0.0
0.0 0.0 0.0
0.0 0.0 0.0
0.0 0.0 0.0
0.0 0.0 0.0
0.0 0.0 0.0
0.0 0.0 0.0
0.0 0.0 0.0
0.0 0.0 0.0
0.0 0.0 0.0
0.0 0.0 0.0
0.0 0.0 0.0
0.0 0.0 0.0
0.0 0.0 0.0
0.0 0.0 0.0
0.0 0.0 0.0
0.0 0.0 0.0
0.0 0.0 0.0
-12.7844877243042 24.194137573242188 -3.5213871002197266
-12.450140953063965 23.96523094177246 -3.547623872756958
0.0 0.0 0.0
-11.87752628326416 23.671384811401367 -3.620482921600342
0.0 0.0 0.0
0.0 0.0 0.0
0.0 0.0 0.0
0.0 0.0 0.0
-10.39696979522705 22.658117294311523 -3.7292377948760986
-10.135525703430176 22.508028030395508 -3.754760503768921
0.0 0.0 0.0
0.0 0.0 0.0
0.0 0.0 0.0
-9.221489906311035 22.099300384521484 -3.876403331756592
0.0 0.0 0.0
0.0 0.0 0.0
0.0 0.0 0.0
-8.283576965332031 21.527450561523438 -3.952328681945801
-8.013854026794434 21.266576766967773 -3.9458751678466797
-7.865545272827148 21.328758239746094 -3.9996774196624756
-7.621475696563721 21.117692947387695 -4.001239776611328
0.0 0.0 0.0
-7.255627632141113 21.016725540161133 -4.060013771057129
-6.998135566711426 20.73834800720215 -4.044414043426514
-6.838503837585449 20.750003814697266 -4.085619926452637
-6.619442462921143 20.566308975219727 -4.085888385772705
-6.407139301300049 20.391765594482422 -4.086187839508057
-6.249322891235352 20.384029388427734 -4.119678497314453
-6.084224224090576 20.349328994750977 -4.147729396820068
-5.8855509757995605 20.195768356323242 -4.150311470031738
-5.712137222290039 20.129840850830078 -4.169322490692139
-5.516858100891113 19.96967124938965 -4.168015480041504
-5.350935459136963 19.907655715942383 -4.186949729919434
-5.189974784851074 19.859209060668945 -4.208256721496582
-5.044271469116211 19.865583419799805 -4.238600254058838
-4.836729526519775 19.630001068115234 -4.217631816864014
-4.710666179656982 19.708208084106445 -4.263489723205566
-4.523502349853516 19.524904251098633 -4.252724647521973
-4.373404026031494 19.49351692199707 -4.271799087524414
-4.195609092712402 19.330427169799805 -4.26161527633667
-4.057188034057617 19.35306739807129 -4.292780876159668
-3.9165656566619873 19.351852416992188 -4.3183746337890625
-3.7667198181152344 19.301420211791992 -4.330636978149414
-3.601881980895996 19.163841247558594 -4.322110652923584
-3.44511079788208 19.058753967285156 -4.320819854736328
-3.3092200756073 19.07667350769043 -4.347868919372559
-3.1704518795013428 19.063617706298828 -4.365989685058594
-3.0202813148498535 18.9747314453125 -4.3646955490112305
-2.8873932361602783 18.990148544311523 -4.387522220611572
-2.737504482269287 18.887805938720703 -4.383236408233643
-2.597024917602539 18.841060638427734 -4.391124248504639
-2.4515483379364014 18.767799377441406 -4.390037536621094
-2.3295202255249023 18.85559844970703 -4.4265666007995605
-2.1950795650482178 18.844314575195312 -4.440078258514404
-2.04353404045105 18.67330551147461 -4.415996074676514
-1.9182041883468628 18.73279571533203 -4.442375659942627
-1.7757306098937988 18.644027709960938 -4.4338579177856445
-1.6449633836746216 18.64493179321289 -4.446589946746826
-1.5085620880126953 18.572938919067383 -4.442081451416016
-1.3832403421401978 18.637113571166992 -4.46708345413208
-1.2514238357543945 18.613494873046875 -4.470120429992676
-1.1181260347366333 18.596628189086914 -4.475132465362549
-0.9868563413619995 18.567350387573242 -4.477189064025879
-0.8606746196746826 18.636293411254883 -4.500875949859619
-0.7284489274024963 18.575847625732422 -4.491422653198242
-0.5979629158973694 18.541038513183594 -4.488356113433838
-0.4666329622268677 18.543302536010742 -4.494572639465332
-0.3379170000553131 18.560121536254883 -4.503042221069336
-0.20910857617855072 18.584386825561523 -4.510257244110107
-0.07994640618562698 18.60016632080078 -4.515634059906006
0.04950156807899475 18.592269897460938 -4.515483379364014
0.1786288022994995 18.57594871520996 -4.513209819793701
0.3107948899269104 18.612844467163086 -4.519663333892822
0.44124603271484375 18.652639389038086 -4.527075290679932
0.5707556009292603 18.642187118530273 -4.5225090980529785
0.7042754888534546 18.740859985351562 -4.544623374938965
0.8318656086921692 18.672557830810547 -4.522669792175293
0.9654548764228821 18.6944580078125 -4.521991729736328
1.0974088907241821 18.71929931640625 -4.522327423095703
1.2271311283111572 18.705320358276367 -4.513502597808838
1.3606911897659302 18.744096755981445 -4.514832973480225
1.4976450204849243 18.816387176513672 -4.522698879241943
1.6357970237731934 18.86484146118164 -4.524839878082275
1.773890495300293 18.92758560180664 -4.530725479125977
1.8993281126022339 18.85358238220215 -4.502382278442383
2.0370166301727295 18.900238037109375 -4.500435829162598
2.1679348945617676 18.881696701049805 -4.483163833618164
2.3171863555908203 18.994123458862305 -4.496899604797363
2.4545795917510986 19.019041061401367 -4.489594459533691
2.6089367866516113 19.16434097290039 -4.507357597351074
2.7449395656585693 19.16532325744629 -4.491248607635498
2.8895673751831055 19.221784591674805 -4.488287448883057
3.0511012077331543 19.37870979309082 -4.508798122406006
3.202080726623535 19.440906524658203 -4.503317356109619
3.343263864517212 19.45354461669922 -4.486459732055664
3.5088002681732178 19.60018539428711 -4.500550270080566
3.656461238861084 19.636842727661133 -4.489363193511963
3.8194379806518555 19.747770309448242 -4.4926371574401855
3.962580919265747 19.737667083740234 -4.466756820678711
4.136958122253418 19.887451171875 -4.477437496185303
4.290990352630615 19.9313907623291 -4.464256763458252
4.454989433288574 20.01543617248535 -4.4586286544799805
4.61030387878418 20.053911209106445 -4.440849781036377
4.782157897949219 20.14645004272461 -4.434550762176514
4.964791297912598 20.286334991455078 -4.438996315002441
5.178572654724121 20.53972816467285 -4.467309474945068
5.304855823516846 20.440231323242188 -4.416143894195557
5.483405590057373 20.539390563964844 -4.40800142288208
5.694439888000488 20.739843368530273 -4.420793533325195
5.856224536895752 20.762182235717773 -4.395928859710693
6.027104377746582 20.813234329223633 -4.374359130859375
6.2352728843688965 20.984031677246094 -4.377509117126465
6.418053150177002 21.06140899658203 -4.360926628112793
6.658638000488281 21.30853843688965 -4.378498077392578
6.838375568389893 21.36099624633789 -4.3542914390563965
7.067102432250977 21.557886123657227 -4.358427047729492
7.245213985443115 21.592626571655273 -4.329476356506348
7.470260143280029 21.760250091552734 -4.326907634735107
7.674921989440918 21.860937118530273 -4.309348106384277
7.919499397277832 22.05678939819336 -4.30803108215332
8.169751167297363 22.265644073486328 -4.309277534484863
8.369344711303711 22.328163146972656 -4.281764030456543
8.622258186340332 22.525676727294922 -4.2789177894592285
8.870461463928223 22.699447631835938 -4.269174098968506
9.081594467163086 22.76268768310547 -4.237457752227783
9.368144989013672 23.014057159423828 -4.240930557250977
9.611122131347656 23.14900016784668 -4.221767902374268
9.853710174560547 23.274822235107422 -4.198511600494385
10.1443452835083 23.504579544067383 -4.193272590637207
10.385879516601562 23.603254318237305 -4.16309928894043
0.0 0.0 0.0
11.124882698059082 24.35840606689453 -4.196605682373047
11.335668563842773 24.369768142700195 -4.147532939910889
11.558859825134277 24.403657913208008 -4.102065086364746
0.0 0.0 0.0
12.238983154296875 24.929637908935547 -4.082021236419678
0.0 0.0 0.0
0.0 0.0 0.0
0.0 0.0 0.0
13.664105415344238 25.98067283630371 -4.0210652351379395
14.088007926940918 26.332658767700195 -4.013167858123779
0.0 0.0 0.0
14.77286434173584 26.714801788330078 -3.945528984069824
0.0 0.0 0.0
0.0 0.0 0.0
16.10043716430664 27.72625732421875 -3.8882811069488525
0.0 0.0 0.0
0.0 0.0 0.0
0.0 0.0 0.0
0.0 0.0 0.0
0.0 0.0 0.0
0.0 0.0 0.0
0.0 0.0 0.0
0.0 0.0 0.0
0.0 0.0 0.0
0.0 0.0 0.0
0.0 0.0 0.0
0.0 0.0 0.0
0.0 0.0 0.0
0.0 0.0 0.0
0.0 0.0 0.0
0.0 0.0 0.0
0.0 0.0 0.0
0.0 0.0 0.0
0.0 0.0 0.0
0.0 0.0 0.0
0.0 0.0 0.0
0.0 0.0 0.0
0.0 0.0 0.0
0.0 0.0 0.0
0.0 0.0 0.0
0.0 0.0 0.0
0.0 0.0 0.0
0.0 0.0 0.0
0.0 0.0 0.0
0.0 0.0 0.0
0.0 0.0 0.0
0.0 0.0 0.0
0.0 0.0 0.0
0.0 0.0 0.0
0.0 0.0 0.0
0.0 0.0 0.0
0.0 0.0 0.0
0.0 0.0 0.0
0.0 0.0 0.0
0.0 0.0 0.0
0.0 0.0 0.0
0.0 0.0 0.0
0.0 0.0 0.0
0.0 0.0 0.0
0.0 0.0 0.0
0.0 0.0 0.0
0.0 0.0 0.0
0.0 0.0 0.0
0.0 0.0 0.0
0.0 0.0 0.0
0.0 0.0 0.0
0.0 0.0 0.0
0.0 0.0 0.0
0.0 0.0 0.0
0.0 0.0 0.0
0.0 0.0 0.0
0.0 0.0 0.0
0.0 0.0 0.0
0.0 0.0 0.0
0.0 0.0 0.0
0.0 0.0 0.0
0.0 0.0 0.0
0.0 0.0 0.0
0.0 0.0 0.0
0.0 0.0 0.0
0.0 0.0 0.0
0.0 0.0 0.0
0.0 0.0 0.0
0.0 0.0 0.0
0.0 0.0 0.0
0.0 0.0 0.0
0.0 0.0 0.0
0.0 0.0 0.0
0.0 0.0 0.0
0.0 0.0 0.0
0.0 0.0 0.0
0.0 0.0 0.0
0.0 0.0 0.0
0.0 0.0 0.0
0.0 0.0 0.0
0.0 0.0 0.0
0.0 0.0 0.0
0.0 0.0 0.0
0.0 0.0 0.0
0.0 0.0 0.0
0.0 0.0 0.0
0.0 0.0 0.0
0.0 0.0 0.0
0.0 0.0 0.0
0.0 0.0 0.0
0.0 0.0 0.0
0.0 0.0 0.0
0.0 0.0 0.0
0.0 0.0 0.0
0.0 0.0 0.0
0.0 0.0 0.0
0.0 0.0 0.0
0.0 0.0 0.0
0.0 0.0 0.0
0.0 0.0 0.0
0.0 0.0 0.0
0.0 0.0 0.0
0.0 0.0 0.0
0.0 0.0 0.0
0.0 0.0 0.0
0.0 0.0 0.0
0.0 0.0 0.0
0.0 0.0 0.0
0.0 0.0 0.0
0.0 0.0 0.0
0.0 0.0 0.0
0.0 0.0 0.0
0.0 0.0 0.0
0.0 0.0 0.0
0.0 0.0 0.0
0.0 0.0 0.0
0.0 0.0 0.0
0.0 0.0 0.0
0.0 0.0 0.0
0.0 0.0 0.0
0.0 0.0 0.0
0.0 0.0 0.0
0.0 0.0 0.0
0.0 0.0 0.0
0.0 0.0 0.0
0.0 0.0 0.0
0.0 0.0 0.0
0.0 0.0 0.0
0.0 0.0 0.0
0.0 0.0 0.0
0.0 0.0 0.0
0.0 0.0 0.0
0.0 0.0 0.0
0.0 0.0 0.0
0.0 0.0 0.0
0.0 0.0 0.0
0.0 0.0 0.0
0.0 0.0 0.0
0.0 0.0 0.0
0.0 0.0 0.0
0.0 0.0 0.0
0.0 0.0 0.0
0.0 0.0 0.0
0.0 0.0 0.0
0.0 0.0 0.0
0.0 0.0 0.0
0.0 0.0 0.0
0.0 0.0 0.0
0.0 0.0 0.0
0.0 0.0 0.0
0.0 0.0 0.0
0.0 0.0 0.0
0.0 0.0 0.0
0.0 0.0 0.0
0.0 0.0 0.0
0.0 0.0 0.0
0.0 0.0 0.0
0.0 0.0 0.0
0.0 0.0 0.0
0.0 0.0 0.0
0.0 0.0 0.0
0.0 0.0 0.0
0.0 0.0 0.0
0.0 0.0 0.0
0.0 0.0 0.0
0.0 0.0 0.0
0.0 0.0 0.0
0.0 0.0 0.0
0.0 0.0 0.0
0.0 0.0 0.0
0.0 0.0 0.0
0.0 0.0 0.0
0.0 0.0 0.0
0.0 0.0 0.0
0.0 0.0 0.0
0.0 0.0 0.0
0.0 0.0 0.0
0.0 0.0 0.0
0.0 0.0 0.0
0.0 0.0 0.0
0.0 0.0 0.0
0.0 0.0 0.0
0.0 0.0 0.0
0.0 0.0 0.0
0.0 0.0 0.0
0.0 0.0 0.0
0.0 0.0 0.0
0.0 0.0 0.0
0.0 0.0 0.0
0.0 0.0 0.0
0.0 0.0 0.0
0.0 0.0 0.0
0.0 0.0 0.0
0.0 0.0 0.0
0.0 0.0 0.0
0.0 0.0 0.0
0.0 0.0 0.0
0.0 0.0 0.0
0.0 0.0 0.0
0.0 0.0 0.0
0.0 0.0 0.0
0.0 0.0 0.0
0.0 0.0 0.0
0.0 0.0 0.0
0.0 0.0 0.0
0.0 0.0 0.0
0.0 0.0 0.0
0.0 0.0 0.0
0.0 0.0 0.0
0.0 0.0 0.0
0.0 0.0 0.0
0.0 0.0 0.0
-14.437833786010742 25.359827041625977 -3.3643369674682617
0.0 0.0 0.0
-13.799790382385254 25.046951293945312 -3.4534108638763428
0.0 0.0 0.0
0.0 0.0 0.0
0.0 0.0 0.0
-12.394828796386719 24.067407608032227 -3.560060501098633
0.0 0.0 0.0
-11.743228912353516 23.60424041748047 -3.604900598526001
-11.43713665008545 23.395666122436523 -3.6269752979278564
-11.24840259552002 23.421110153198242 -3.6847622394561768
0.0 0.0 0.0
-10.56432819366455 22.81291961669922 -3.6934702396392822
0.0 0.0 0.0
0.0 0.0 0.0
-9.812885284423828 22.40593910217285 -3.7740774154663086
-9.541818618774414 22.214887619018555 -3.7899010181427
-9.373187065124512 22.247699737548828 -3.841421365737915
-9.12926197052002 22.097429275512695 -3.8610923290252686
0.0 0.0 0.0
-8.617733001708984 21.711532592773438 -3.8822240829467773
-8.42290210723877 21.666868209838867 -3.917320966720581
0.0 0.0 0.0
0.0 0.0 0.0
-7.764131546020508 21.27836799621582 -3.971097946166992
0.0 0.0 0.0
-7.354986190795898 21.071537017822266 -4.010685920715332
-7.148289203643799 20.946866989135742 -4.025538444519043
-7.006712913513184 21.010034561157227 -4.075985908508301
-6.748408317565918 20.7145938873291 -4.0542731285095215
-6.603999614715576 20.760635375976562 -4.099034786224365
-6.355710506439209 20.472074508666992 -4.07738733291626
-6.202766418457031 20.490236282348633 -4.117037773132324
0.0 0.0 0.0
-5.833373546600342 20.283390045166016 -4.1402716636657715
-5.690124988555908 20.316009521484375 -4.179500102996826
-5.473145961761475 20.077775955200195 -4.162780284881592
-5.31513786315918 20.056997299194336 -4.189153671264648
-5.148838520050049 19.99009895324707 -4.204622745513916
-4.973366737365723 19.88106918334961 -4.211124897003174
-4.800725936889648 19.7742977142334 -4.21788215637207
-4.637629985809326 19.69998550415039 -4.229757308959961
-4.498167514801025 19.733179092407227 -4.263700485229492
-4.336947917938232 19.65671730041504 -4.273590087890625
-4.1786112785339355 19.586462020874023 -4.2847795486450195
-4.015312671661377 19.485261917114258 -4.288113594055176
-3.853205680847168 19.379514694213867 -4.287789821624756
-3.716158628463745 19.407787322998047 -4.317609786987305
-3.5744526386260986 19.397188186645508 -4.338550090789795
-3.406330108642578 19.235370635986328 -4.325496196746826
-3.2632763385772705 19.20452880859375 -4.33822774887085
-3.0981576442718506 19.033418655395508 -4.319242477416992
-2.979602098464966 19.158761978149414 -4.368003845214844
-2.816415786743164 18.97779083251953 -4.346714496612549
-2.692687511444092 19.056461334228516 -4.381833076477051
-2.551823854446411 19.01367950439453 -4.388430595397949
-2.406886339187622 18.932100296020508 -4.386157035827637
-2.2756030559539795 18.95147705078125 -4.407392978668213
-2.1327779293060303 18.89121437072754 -4.408281326293945
-1.9968609809875488 18.864192962646484 -4.414892196655273
-1.8623120784759521 18.843759536743164 -4.423198699951172
-1.727656364440918 18.81859016418457 -4.430577278137207
-1.5933129787445068 18.788942337036133 -4.435794830322266
-1.4576747417449951 18.76673126220703 -4.440105438232422
-1.3245242834091187 18.739635467529297 -4.44327449798584
-1.191096544265747 18.700218200683594 -4.443696975708008
-1.0603036880493164 18.697866439819336 -4.452868938446045
-0.9272837042808533 18.646202087402344 -4.4462761878967285
-0.8014125823974609 18.794864654541016 -4.487799167633057
-0.6673243641853333 18.710987091064453 -4.473938941955566
-0.5358893275260925 18.671737670898438 -4.470917224884033
-0.4073864221572876 18.73874282836914 -4.489874839782715
-0.2768317759037018 18.717670440673828 -4.487166404724121
-0.14433631300926208 18.726085662841797 -4.491793155670166
-0.014190533198416233 18.684194564819336 -4.484517574310303
0.11645237356424332 18.77115821838379 -4.505660533905029
0.24722619354724884 18.785478591918945 -4.507682800292969
0.3778991997241974 18.783693313598633 -4.506058692932129
0.5067439675331116 18.70884895324707 -4.487128734588623
0.6439369916915894 18.842222213745117 -4.5167236328125
0.7740246057510376 18.815927505493164 -4.505381107330322
0.9098013043403625 18.913959503173828 -4.5240068435668945
1.0358355045318604 18.806148529052734 -4.49360990524292
1.175355315208435 18.940324783325195 -4.520771026611328
1.3063714504241943 18.888505935668945 -4.499529838562012
1.4450167417526245 18.976133346557617 -4.5118632316589355
1.5746906995773315 18.937734603881836 -4.494412422180176
1.7119519710540771 18.989322662353516 -4.498532295227051
1.856825828552246 19.108861923217773 -4.515164375305176
2.000636577606201 19.1781063079834 -4.5192155838012695
2.1343932151794434 19.167089462280273 -4.504732131958008
2.2715282440185547 19.18537139892578 -4.4973464012146
2.4191343784332275 19.282516479492188 -4.505959987640381
2.5518081188201904 19.254390716552734 -4.483847141265869
2.7070438861846924 19.37212562561035 -4.495566368103027
2.857882499694824 19.462554931640625 -4.50124454498291
2.996150016784668 19.461833953857422 -4.4844970703125
3.146209239959717 19.532102584838867 -4.481729507446289
3.293600559234619 19.578691482543945 -4.473602294921875
3.4523282051086426 19.684249877929688 -4.478989124298096
3.6241352558135986 19.837066650390625 -4.494272232055664
3.7751412391662598 19.88092803955078 -4.481902599334717
3.9078986644744873 19.826305389404297 -4.4474945068359375
4.0697150230407715 19.916584014892578 -4.445746421813965
4.230760097503662 19.994365692138672 -4.441169738769531
4.425838470458984 20.209123611450195 -4.463277339935303
4.557685852050781 20.13963508605957 -4.4224700927734375
4.7374420166015625 20.27757453918457 -4.427281379699707
4.926513195037842 20.443763732910156 -4.438032627105713
5.0879693031311035 20.486265182495117 -4.419881343841553
5.25851583480835 20.549470901489258 -4.404416561126709
5.427739143371582 20.611812591552734 -4.389216423034668
5.636099815368652 20.81317710876465 -4.4033894538879395
5.826931476593018 20.939207077026367 -4.4001994132995605
5.979642868041992 20.92413330078125 -4.3653645515441895
6.228930950164795 21.22709846496582 -4.39598274230957
6.359851360321045 21.12834358215332 -4.343748092651367
6.591180801391602 21.35853385925293 -4.358761310577393
6.768942832946777 21.40407371520996 -4.333200931549072
6.963022708892822 21.49560546875 -4.316817283630371
7.17304801940918 21.62924575805664 -4.308646202087402
7.400394916534424 21.796615600585938 -4.306156635284424
7.64151668548584 22.00311851501465 -4.30902099609375
7.845962047576904 22.0952205657959 -4.288826942443848
8.075661659240723 22.250587463378906 -4.280540466308594
8.364238739013672 22.55525016784668 -4.3001885414123535
8.534879684448242 22.525611877441406 -4.253243923187256
8.744731903076172 22.603179931640625 -4.226437568664551
9.002734184265137 22.79706382751465 -4.220903396606445
9.30562973022461 23.09209632873535 -4.233214378356934
9.586478233337402 23.320363998413086 -4.230978965759277
0.0 0.0 0.0
10.068032264709473 23.548261642456055 -4.180445194244385
10.333645820617676 23.712417602539062 -4.163666248321533
10.606637954711914 23.884862899780273 -4.146544933319092
10.892992973327637 24.075632095336914 -4.130399227142334
0.0 0.0 0.0
11.502696990966797 24.500057220458984 -4.101927757263184
11.803361892700195 24.69304084777832 -4.082531929016113
12.094095230102539 24.85531234741211 -4.055898666381836
12.608814239501953 25.461759567260742 -4.100024223327637
12.856159210205078 25.513309478759766 -4.053191184997559
0.0 0.0 0.0
0.0 0.0 0.0
13.91708755493164 26.23527717590332 -3.989584445953369
0.0 0.0 0.0
0.0 0.0 0.0
15.044260025024414 26.978954315185547 -3.9117257595062256
15.584168434143066 27.496126174926758 -3.920454263687134
15.975506782531738 27.735002517700195 -3.887333393096924
0.0 0.0 0.0
0.0 0.0 0.0
0.0 0.0 0.0
43.87298583984375 71.48533630371094 -9.28042984008789
0.0 0.0 0.0
0.0 0.0 0.0
0.0 0.0 0.0
0.0 0.0 0.0
20.724212646484375 31.26474952697754 -3.6160411834716797
0.0 0.0 0.0
0.0 0.0 0.0
0.0 0.0 0.0
0.0 0.0 0.0
0.0 0.0 0.0
0.0 0.0 0.0
0.0 0.0 0.0
24.70758056640625 34.70261764526367 5.88214635848999
0.0 0.0 0.0
0.0 0.0 0.0
0.0 0.0 0.0
0.0 0.0 0.0
0.0 0.0 0.0
0.0 0.0 0.0
0.0 0.0 0.0
0.0 0.0 0.0
0.0 0.0 0.0
0.0 0.0 0.0
0.0 0.0 0.0
0.0 0.0 0.0
0.0 0.0 0.0
0.0 0.0 0.0
0.0 0.0 0.0
0.0 0.0 0.0
0.0 0.0 0.0
0.0 0.0 0.0
0.0 0.0 0.0
0.0 0.0 0.0
0.0 0.0 0.0
0.0 0.0 0.0
0.0 0.0 0.0
0.0 0.0 0.0
0.0 0.0 0.0
0.0 0.0 0.0
0.0 0.0 0.0
0.0 0.0 0.0
0.0 0.0 0.0
0.0 0.0 0.0
0.0 0.0 0.0
0.0 0.0 0.0
0.0 0.0 0.0
0.0 0.0 0.0
0.0 0.0 0.0
0.0 0.0 0.0
0.0 0.0 0.0
0.0 0.0 0.0
0.0 0.0 0.0
0.0 0.0 0.0
0.0 0.0 0.0
0.0 0.0 0.0
0.0 0.0 0.0
0.0 0.0 0.0
0.0 0.0 0.0
0.0 0.0 0.0
0.0 0.0 0.0
0.0 0.0 0.0
0.0 0.0 0.0
0.0 0.0 0.0
0.0 0.0 0.0
0.0 0.0 0.0
0.0 0.0 0.0
18.22117805480957 74.1003646850586 17.847700119018555
0.0 0.0 0.0
0.0 0.0 0.0
0.0 0.0 0.0
0.0 0.0 0.0
0.0 0.0 0.0
0.0 0.0 0.0
0.0 0.0 0.0
0.0 0.0 0.0
0.0 0.0 0.0
0.0 0.0 0.0
0.0 0.0 0.0
0.0 0.0 0.0
0.0 0.0 0.0
0.0 0.0 0.0
0.0 0.0 0.0
0.0 0.0 0.0
0.0 0.0 0.0
0.0 0.0 0.0
0.0 0.0 0.0
0.0 0.0 0.0
0.0 0.0 0.0
0.0 0.0 0.0
0.0 0.0 0.0
0.0 0.0 0.0
0.0 0.0 0.0
0.0 0.0 0.0
0.0 0.0 0.0
0.0 0.0 0.0
0.0 0.0 0.0
0.0 0.0 0.0
0.0 0.0 0.0
0.0 0.0 0.0
0.0 0.0 0.0
0.0 0.0 0.0
0.0 0.0 0.0
0.0 0.0 0.0
0.0 0.0 0.0
0.0 0.0 0.0
0.0 0.0 0.0
0.0 0.0 0.0
0.0 0.0 0.0
0.0 0.0 0.0
0.0 0.0 0.0
0.0 0.0 0.0
0.0 0.0 0.0
0.0 0.0 0.0
0.0 0.0 0.0
0.0 0.0 0.0
0.0 0.0 0.0
0.0 0.0 0.0
0.0 0.0 0.0
0.0 0.0 0.0
0.0 0.0 0.0
0.0 0.0 0.0
0.0 0.0 0.0
0.0 0.0 0.0
0.0 0.0 0.0
0.0 0.0 0.0
0.0 0.0 0.0
0.0 0.0 0.0
0.0 0.0 0.0
0.0 0.0 0.0
0.0 0.0 0.0
0.0 0.0 0.0
0.0 0.0 0.0
0.0 0.0 0.0
0.0 0.0 0.0
0.0 0.0 0.0
0.0 0.0 0.0
0.0 0.0 0.0
0.0 0.0 0.0
0.0 0.0 0.0
0.0 0.0 0.0
0.0 0.0 0.0
0.0 0.0 0.0
0.0 0.0 0.0
0.0 0.0 0.0
0.0 0.0 0.0
0.0 0.0 0.0
0.0 0.0 0.0
0.0 0.0 0.0
0.0 0.0 0.0
0.0 0.0 0.0
0.0 0.0 0.0
0.0 0.0 0.0
0.0 0.0 0.0
0.0 0.0 0.0
0.0 0.0 0.0
0.0 0.0 0.0
0.0 0.0 0.0
0.0 0.0 0.0
0.0 0.0 0.0
0.0 0.0 0.0
0.0 0.0 0.0
0.0 0.0 0.0
0.0 0.0 0.0
0.0 0.0 0.0
0.0 0.0 0.0
0.0 0.0 0.0
0.0 0.0 0.0
0.0 0.0 0.0
0.0 0.0 0.0
0.0 0.0 0.0
0.0 0.0 0.0
0.0 0.0 0.0
0.0 0.0 0.0
0.0 0.0 0.0
0.0 0.0 0.0
0.0 0.0 0.0
0.0 0.0 0.0
0.0 0.0 0.0
0.0 0.0 0.0
0.0 0.0 0.0
0.0 0.0 0.0
0.0 0.0 0.0
0.0 0.0 0.0
0.0 0.0 0.0
0.0 0.0 0.0
0.0 0.0 0.0
0.0 0.0 0.0
0.0 0.0 0.0
0.0 0.0 0.0
0.0 0.0 0.0
0.0 0.0 0.0
0.0 0.0 0.0
0.0 0.0 0.0
0.0 0.0 0.0
0.0 0.0 0.0
0.0 0.0 0.0
0.0 0.0 0.0
0.0 0.0 0.0
0.0 0.0 0.0
0.0 0.0 0.0
0.0 0.0 0.0
0.0 0.0 0.0
-16.71607208251953 26.899181365966797 -3.1285641193389893
0.0 0.0 0.0
0.0 0.0 0.0
0.0 0.0 0.0
0.0 0.0 0.0
0.0 0.0 0.0
0.0 0.0 0.0
0.0 0.0 0.0
0.0 0.0 0.0
0.0 0.0 0.0
-12.866865158081055 24.35196876525879 -3.484018087387085
0.0 0.0 0.0
0.0 0.0 0.0
0.0 0.0 0.0
0.0 0.0 0.0
0.0 0.0 0.0
0.0 0.0 0.0
0.0 0.0 0.0
-10.526963233947754 22.936918258666992 -3.7053072452545166
0.0 0.0 0.0
0.0 0.0 0.0
0.0 0.0 0.0
-9.471278190612793 22.262819290161133 -3.7865240573883057
0.0 0.0 0.0
0.0 0.0 0.0
-8.744282722473145 21.816991806030273 -3.8441660404205322
-8.621724128723145 21.951772689819336 -3.9107892513275146
0.0 0.0 0.0
-8.027186393737793 21.3035831451416 -3.8785178661346436
-7.924972057342529 21.492971420288086 -3.9532077312469482
-7.658673286437988 21.224868774414062 -3.94283127784729
0.0 0.0 0.0
-7.295437812805176 21.135509490966797 -4.003874778747559
-7.105264186859131 21.057857513427734 -4.025726318359375
-6.905857086181641 20.953744888305664 -4.042354106903076
-6.728419780731201 20.902080535888672 -4.068286895751953
-6.5324602127075195 20.786685943603516 -4.081597328186035
-6.2965850830078125 20.53421974182129 -4.06585168838501
-6.100687026977539 20.401159286499023 -4.072241306304932
-5.949892520904541 20.413711547851562 -4.107593059539795
-5.7726850509643555 20.3408260345459 -4.126307964324951
-5.600203514099121 20.269866943359375 -4.143566608428955
-5.436107158660889 20.223712921142578 -4.164062976837158
-5.265026092529297 20.146638870239258 -4.178158283233643
-5.097324371337891 20.075576782226562 -4.1933674812316895
-4.918213844299316 19.96290397644043 -4.199728488922119
-4.770444869995117 19.960397720336914 -4.225972652435303
-4.611721992492676 19.908336639404297 -4.241787910461426
-4.455778121948242 19.862472534179688 -4.258904457092285
-4.267310619354248 19.662282943725586 -4.242768287658691
-4.1431379318237305 19.76447868347168 -4.289114475250244
-3.9612882137298584 19.573423385620117 -4.2711005210876465
-3.812302350997925 19.534563064575195 -4.286179542541504
-3.6497995853424072 19.41956329345703 -4.28455114364624
-3.496734619140625 19.34506607055664 -4.289479732513428
-3.3561415672302246 19.34893798828125 -4.31101131439209
-3.21124529838562 19.31006622314453 -4.322787761688232
-3.060914993286133 19.232473373413086 -4.3259711265563965
-2.9240593910217285 19.233205795288086 -4.345317363739014
-2.7827670574188232 19.203306198120117 -4.355551719665527
-2.638535261154175 19.14593505859375 -4.359645843505859
-2.5031752586364746 19.16706085205078 -4.382087230682373
-2.3575010299682617 19.08504867553711 -4.380213737487793
-2.2211861610412598 19.070802688598633 -4.390455722808838
-2.0751025676727295 18.964763641357422 -4.379691123962402
-1.9524587392807007 19.0696964263916 -4.417830467224121
-1.8043736219406128 18.94663429260254 -4.40359354019165
-1.673040747642517 18.963390350341797 -4.417956829071045
-1.5349725484848022 18.89971351623535 -4.413265705108643
-1.408712387084961 18.979198455810547 -4.442207336425781
-1.275919795036316 18.97812271118164 -4.452556133270264
-1.1341859102249146 18.8629150390625 -4.4337663650512695
-1.0016698837280273 18.84568977355957 -4.436384201049805
-0.869097888469696 18.8199405670166 -4.437190532684326
-0.7400694489479065 18.87684440612793 -4.4577155113220215
-0.6075169444084167 18.84202766418457 -4.455127716064453
-0.4739181399345398 18.837398529052734 -4.456964492797852
-0.34278956055641174 18.839393615722656 -4.460536956787109
-0.21139994263648987 18.817672729492188 -4.458706378936768
-0.08072957396507263 18.855960845947266 -4.470822334289551
0.05084005743265152 18.981632232666016 -4.499978542327881
0.1815241426229477 18.847932815551758 -4.467862606048584
0.3154430091381073 18.876718521118164 -4.474479675292969
0.4483436942100525 18.938800811767578 -4.4892120361328125
0.5789082646369934 18.89823341369629 -4.475985527038574
0.7106555700302124 18.902481079101562 -4.472983360290527
0.8451979756355286 18.966577529907227 -4.484343528747559
0.9799855947494507 18.97266960144043 -4.482132434844971
1.1120692491531372 18.967145919799805 -4.474687099456787
1.2475277185440063 19.014217376708984 -4.478089332580566
1.390303373336792 19.1513614654541 -4.502842426300049
1.5191965103149414 19.086502075195312 -4.480276584625244
1.6556894779205322 19.092945098876953 -4.473055839538574
1.7961008548736572 19.163589477539062 -4.478434085845947
1.9392452239990234 19.248350143432617 -4.487215995788574
2.0786197185516357 19.28666877746582 -4.485318660736084
2.2082207202911377 19.233295440673828 -4.461975574493408
2.365063190460205 19.38750648498535 -4.482757568359375
2.512608289718628 19.468976974487305 -4.48699426651001
2.644449234008789 19.42481231689453 -4.4624457359313965
2.801574468612671 19.560758590698242 -4.479419708251953
2.935553789138794 19.52659034729004 -4.454311370849609
3.076343536376953 19.53680992126465 -4.438815116882324
3.2538390159606934 19.752592086791992 -4.469703197479248
3.41263747215271 19.854520797729492 -4.475051403045654
3.550408363342285 19.827985763549805 -4.4494242668151855
3.700329065322876 19.86836814880371 -4.437320709228516
3.8641786575317383 19.975046157836914 -4.440019607543945
4.025196075439453 20.046388626098633 -4.43451452255249
4.1820573806762695 20.10210418701172 -4.424912929534912
4.35134220123291 20.20938491821289 -4.424100399017334
4.513874053955078 20.27804183959961 -4.414807319641113
4.6760149002075195 20.337949752807617 -4.4035868644714355
4.863738059997559 20.489133834838867 -4.411531448364258
5.038609027862549 20.58791160583496 -4.405128479003906
5.2068328857421875 20.65185546875 -4.3911662101745605
5.379881858825684 20.72930908203125 -4.380056381225586
5.575155258178711 20.883007049560547 -4.384855270385742
5.742098808288574 20.91301727294922 -4.360823154449463
5.929129123687744 21.01982879638672 -4.352506160736084
6.139252662658691 21.198694229125977 -4.3588128089904785
6.3206682205200195 21.26911735534668 -4.34254264831543
6.512996673583984 21.371461868286133 -4.331226825714111
6.749906063079834 21.599899291992188 -4.342984199523926
6.921939373016357 21.62226676940918 -4.313650131225586
7.104325771331787 21.672391891479492 -4.289793014526367
7.338934421539307 21.874094009399414 -4.2949137687683105
7.604942321777344 22.15373420715332 -4.312552452087402
7.800305366516113 22.216875076293945 -4.287496089935303
8.008499145507812 22.302928924560547 -4.266082286834717
8.21699047088623 22.391620635986328 -4.245316982269287
0.0 0.0 0.0
8.77175235748291 22.913150787353516 -4.262698650360107
8.969050407409668 22.94938850402832 -4.228671073913574
0.0 0.0 0.0
0.0 0.0 0.0
9.665367126464844 23.279104232788086 -4.160141468048096
10.00638484954834 23.634904861450195 -4.179316997528076
10.241321563720703 23.728748321533203 -4.151306629180908
10.555212020874023 23.989320755004883 -4.149038314819336
10.810625076293945 24.114032745361328 -4.122783660888672
11.134040832519531 24.380348205566406 -4.119906902313232
11.388423919677734 24.4858341217041 -4.089047908782959
11.709354400634766 24.72540283203125 -4.077945232391357
11.893510818481445 24.6608943939209 -4.014647960662842
12.392914772033691 25.245161056518555 -4.056640148162842
0.0 0.0 0.0
0.0 0.0 0.0
13.370826721191406 25.85875701904297 -3.986898422241211
0.0 0.0 0.0
14.196633338928223 26.535503387451172 -3.972064256668091
14.438643455505371 26.543724060058594 -3.9116508960723877
14.976567268371582 27.081817626953125 -3.9274978637695312
0.0 0.0 0.0
0.0 0.0 0.0
0.0 0.0 0.0
0.0 0.0 0.0
17.07880210876465 28.492263793945312 -3.7829487323760986
0.0 0.0 0.0
0.0 0.0 0.0
0.0 0.0 0.0
0.0 0.0 0.0
0.0 0.0 0.0
0.0 0.0 0.0
0.0 0.0 0.0
0.0 0.0 0.0
0.0 0.0 0.0
0.0 0.0 0.0
0.0 0.0 0.0
0.0 0.0 0.0
0.0 0.0 0.0
0.0 0.0 0.0
0.0 0.0 0.0
0.0 0.0 0.0
0.0 0.0 0.0
0.0 0.0 0.0
0.0 0.0 0.0
0.0 0.0 0.0
0.0 0.0 0.0
0.0 0.0 0.0
0.0 0.0 0.0
0.0 0.0 0.0
0.0 0.0 0.0
0.0 0.0 0.0
0.0 0.0 0.0
0.0 0.0 0.0
0.0 0.0 0.0
0.0 0.0 0.0
0.0 0.0 0.0
0.0 0.0 0.0
0.0 0.0 0.0
0.0 0.0 0.0
0.0 0.0 0.0
0.0 0.0 0.0
0.0 0.0 0.0
0.0 0.0 0.0
0.0 0.0 0.0
0.0 0.0 0.0
0.0 0.0 0.0
0.0 0.0 0.0
0.0 0.0 0.0
0.0 0.0 0.0
0.0 0.0 0.0
0.0 0.0 0.0
0.0 0.0 0.0
0.0 0.0 0.0
0.0 0.0 0.0
0.0 0.0 0.0
0.0 0.0 0.0
0.0 0.0 0.0
0.0 0.0 0.0
0.0 0.0 0.0
0.0 0.0 0.0
0.0 0.0 0.0
0.0 0.0 0.0
0.0 0.0 0.0
0.0 0.0 0.0
0.0 0.0 0.0
0.0 0.0 0.0
0.0 0.0 0.0
0.0 0.0 0.0
0.0 0.0 0.0
0.0 0.0 0.0
0.0 0.0 0.0
0.0 0.0 0.0
0.0 0.0 0.0
0.0 0.0 0.0
0.0 0.0 0.0
0.0 0.0 0.0
0.0 0.0 0.0
0.0 0.0 0.0
0.0 0.0 0.0
0.0 0.0 0.0
0.0 0.0 0.0
0.0 0.0 0.0
0.0 0.0 0.0
0.0 0.0 0.0
0.0 0.0 0.0
0.0 0.0 0.0
0.0 0.0 0.0
0.0 0.0 0.0
0.0 0.0 0.0
0.0 0.0 0.0
0.0 0.0 0.0
0.0 0.0 0.0
0.0 0.0 0.0
0.0 0.0 0.0
0.0 0.0 0.0
0.0 0.0 0.0
0.0 0.0 0.0
0.0 0.0 0.0
0.0 0.0 0.0
0.0 0.0 0.0
0.0 0.0 0.0
0.0 0.0 0.0
0.0 0.0 0.0
0.0 0.0 0.0
0.0 0.0 0.0
0.0 0.0 0.0
0.0 0.0 0.0
0.0 0.0 0.0
0.0 0.0 0.0
0.0 0.0 0.0
0.0 0.0 0.0
0.0 0.0 0.0
0.0 0.0 0.0
0.0 0.0 0.0
0.0 0.0 0.0
0.0 0.0 0.0
0.0 0.0 0.0
0.0 0.0 0.0
0.0 0.0 0.0
0.0 0.0 0.0
0.0 0.0 0.0
0.0 0.0 0.0
0.0 0.0 0.0
0.0 0.0 0.0
0.0 0.0 0.0
0.0 0.0 0.0
0.0 0.0 0.0
0.0 0.0 0.0
0.0 0.0 0.0
0.0 0.0 0.0
0.0 0.0 0.0
0.0 0.0 0.0
0.0 0.0 0.0
0.0 0.0 0.0
0.0 0.0 0.0
0.0 0.0 0.0
0.0 0.0 0.0
0.0 0.0 0.0
0.0 0.0 0.0
0.0 0.0 0.0
0.0 0.0 0.0
0.0 0.0 0.0
0.0 0.0 0.0
0.0 0.0 0.0
0.0 0.0 0.0
0.0 0.0 0.0
0.0 0.0 0.0
0.0 0.0 0.0
0.0 0.0 0.0
0.0 0.0 0.0
0.0 0.0 0.0
0.0 0.0 0.0
0.0 0.0 0.0
0.0 0.0 0.0
0.0 0.0 0.0
0.0 0.0 0.0
0.0 0.0 0.0
0.0 0.0 0.0
0.0 0.0 0.0
0.0 0.0 0.0
0.0 0.0 0.0
0.0 0.0 0.0
0.0 0.0 0.0
0.0 0.0 0.0
0.0 0.0 0.0
0.0 0.0 0.0
0.0 0.0 0.0
0.0 0.0 0.0
0.0 0.0 0.0
0.0 0.0 0.0
0.0 0.0 0.0
0.0 0.0 0.0
0.0 0.0 0.0
0.0 0.0 0.0
0.0 0.0 0.0
0.0 0.0 0.0
0.0 0.0 0.0
0.0 0.0 0.0
0.0 0.0 0.0
0.0 0.0 0.0
0.0 0.0 0.0
0.0 0.0 0.0
0.0 0.0 0.0
0.0 0.0 0.0
0.0 0.0 0.0
0.0 0.0 0.0
0.0 0.0 0.0
0.0 0.0 0.0
0.0 0.0 0.0
0.0 0.0 0.0
0.0 0.0 0.0
0.0 0.0 0.0
0.0 0.0 0.0
0.0 0.0 0.0
0.0 0.0 0.0
0.0 0.0 0.0
0.0 0.0 0.0
0.0 0.0 0.0
0.0 0.0 0.0
0.0 0.0 0.0
0.0 0.0 0.0
-21.164716720581055 29.933242797851562 -2.627795696258545
0.0 0.0 0.0
0.0 0.0 0.0
0.0 0.0 0.0
0.0 0.0 0.0
0.0 0.0 0.0
0.0 0.0 0.0
0.0 0.0 0.0
0.0 0.0 0.0
-16.425445556640625 26.64695167541504 -3.1127991676330566
0.0 0.0 0.0
0.0 0.0 0.0
0.0 0.0 0.0
0.0 0.0 0.0
0.0 0.0 0.0
0.0 0.0 0.0
-13.748847961425781 24.9543399810791 -3.383341073989868
-13.411372184753418 24.748638153076172 -3.4165198802948
0.0 0.0 0.0
-12.812200546264648 24.458866119384766 -3.49762225151062
-12.429113388061523 24.136962890625 -3.5092389583587646
-12.114876747131348 23.93528938293457 -3.5354092121124268
0.0 0.0 0.0
0.0 0.0 0.0
-11.323599815368652 23.583749771118164 -3.6449193954467773
0.0 0.0 0.0
0.0 0.0 0.0
0.0 0.0 0.0
0.0 0.0 0.0
-9.958938598632812 22.74144172668457 -3.758610725402832
0.0 0.0 0.0
0.0 0.0 0.0
-9.232028007507324 22.34701919555664 -3.830634832382202
0.0 0.0 0.0
0.0 0.0 0.0
0.0 0.0 0.0
-8.284371376037598 21.75745391845703 -3.8987808227539062
0.0 0.0 0.0
-7.845315933227539 21.500751495361328 -3.931976556777954
-7.665244102478027 21.470966339111328 -3.9661271572113037
-7.4300217628479 21.28812026977539 -3.971177339553833
-7.1887006759643555 21.06601905822754 -3.9660069942474365
0.0 0.0 0.0
0.0 0.0 0.0
-6.653192043304443 20.91397476196289 -4.04508638381958
-6.415213584899902 20.662782669067383 -4.029668807983398
-6.284322261810303 20.759090423583984 -4.0824198722839355
-6.089671611785889 20.63302993774414 -4.090916633605957
-5.890711307525635 20.483219146728516 -4.094250202178955
-5.709989070892334 20.38756561279297 -4.105256080627441
0.0 0.0 0.0
-5.388307571411133 20.33308219909668 -4.155216693878174
-5.219157695770264 20.26287841796875 -4.171144485473633
-5.02056360244751 20.06918716430664 -4.159041404724121
-4.8864312171936035 20.126907348632812 -4.198355674743652
-4.697345733642578 19.95269203186035 -4.189263343811035
-4.562836647033691 20.01609230041504 -4.2305450439453125
-4.38564920425415 19.87677764892578 -4.226694583892822
-4.229879379272461 19.826080322265625 -4.240002632141113
-4.070252895355225 19.751747131347656 -4.248282432556152
-3.919471502304077 19.71363067626953 -4.264342784881592
-3.7439181804656982 19.55488395690918 -4.253674030303955
-3.595188856124878 19.51127052307129 -4.264921188354492
-3.4585652351379395 19.53045082092285 -4.290036201477051
-3.3165812492370605 19.5185604095459 -4.308526039123535
-3.1769142150878906 19.516904830932617 -4.329411029815674
-3.003835439682007 19.315549850463867 -4.302525043487549
-2.8630926609039307 19.29364013671875 -4.3152337074279785
-2.7233331203460693 19.274478912353516 -4.328701972961426
-2.581299304962158 19.235422134399414 -4.33785343170166
-2.443542242050171 19.222373962402344 -4.350200176239014
-2.3058152198791504 19.204763412475586 -4.360596179962158
-2.166010618209839 19.186370849609375 -4.371248722076416
-2.0328848361968994 19.20466423034668 -4.390206336975098
-1.8832014799118042 19.05567741394043 -4.369081020355225
-1.7495613098144531 19.057777404785156 -4.380350112915039
-1.6150177717208862 19.04755401611328 -4.3889851570129395
-1.4830008745193481 19.09723472595215 -4.411856174468994
-1.3436899185180664 19.016950607299805 -4.403899192810059
-1.2097727060317993 19.00098991394043 -4.407546043395996
-1.0808805227279663 19.067668914794922 -4.430592060089111
-0.9444593191146851 18.99664306640625 -4.421840667724609
-0.8108927011489868 19.023550033569336 -4.436223983764648
-0.6758152842521667 18.955307006835938 -4.424487590789795
-0.5451478958129883 19.000261306762695 -4.439027786254883
-0.4144895374774933 19.078535079956055 -4.461597919464111
-0.28217995166778564 19.106454849243164 -4.472626686096191
-0.14588512480258942 18.978193283081055 -4.444352149963379
-0.013912167400121689 18.993865966796875 -4.448328971862793
0.11843737214803696 19.035240173339844 -4.458542346954346
0.251010924577713 19.049074172973633 -4.462521076202393
0.3823411464691162 18.990089416503906 -4.448045253753662
0.5179367065429688 19.11709976196289 -4.474643707275391
0.6507256031036377 19.041603088378906 -4.454000949859619
0.7844334840774536 19.06787872314453 -4.457437992095947
0.9165015816688538 19.047727584838867 -4.449725151062012
1.0549325942993164 19.152931213378906 -4.467402935028076
1.1926568746566772 19.219160079956055 -4.476133823394775
0.0 0.0 0.0
1.4629231691360474 19.211917877197266 -4.4615478515625
1.6021159887313843 19.26840591430664 -4.464987754821777
1.740828037261963 19.308881759643555 -4.464188098907471
1.884600043296814 19.393836975097656 -4.473814010620117
2.019470453262329 19.356342315673828 -4.455198764801025
2.1720738410949707 19.504100799560547 -4.477165699005127
2.317519187927246 19.5716609954834 -4.478974342346191
2.4568963050842285 19.581449508666992 -4.467709541320801
2.5960206985473633 19.586463928222656 -4.455543518066406
2.7525110244750977 19.69615364074707 -4.465896129608154
2.8900396823883057 19.681066513061523 -4.445484638214111
3.0489559173583984 19.8044376373291 -4.456446170806885
3.2013909816741943 19.87385368347168 -4.455272674560547
3.343400716781616 19.87442398071289 -4.43881368637085
3.4891462326049805 19.89350700378418 -4.422906398773193
3.6452579498291016 19.952470779418945 -4.415623188018799
3.8083698749542236 20.055627822875977 -4.4185004234313965
3.976942300796509 20.17621612548828 -4.425151348114014
4.144232273101807 20.281068801879883 -4.425667762756348
4.289625644683838 20.272628784179688 -4.400485038757324
4.470090389251709 20.412063598632812 -4.40703821182251
4.612456321716309 20.382631301879883 -4.377540111541748
4.80156946182251 20.553579330444336 -4.389573097229004
4.999846935272217 20.74930763244629 -4.404680252075195
5.154062271118164 20.753942489624023 -4.379108428955078
5.308389186859131 20.7457218170166 -4.350492000579834
5.513763427734375 20.94068717956543 -4.364314556121826
5.715351104736328 21.10845375061035 -4.369527339935303
5.864091873168945 21.075149536132812 -4.333053112030029
6.117947578430176 21.409292221069336 -4.371826648712158
6.265129566192627 21.35041046142578 -4.329538345336914
6.452131748199463 21.43490219116211 -4.314217567443848
6.6531853675842285 21.558170318603516 -4.306256294250488
6.87116003036499 21.727333068847656 -4.307149887084961
7.076610565185547 21.847034454345703 -4.297860145568848
7.26836633682251 21.917903900146484 -4.276933670043945
7.516308307647705 22.1392879486084 -4.28342342376709
7.717194080352783 22.221155166625977 -4.263099193572998
7.94515323638916 22.37381362915039 -4.256077766418457
8.163662910461426 22.492145538330078 -4.24099588394165
8.405732154846191 22.666460037231445 -4.234687328338623
8.6315279006958 22.780088424682617 -4.215922832489014
8.901098251342773 23.007482528686523 -4.218311309814453
9.145752906799316 23.160873413085938 -4.2058210372924805
9.375943183898926 23.269332885742188 -4.182998180389404
9.650750160217285 23.479042053222656 -4.177751541137695
9.888666152954102 23.581933975219727 -4.152163982391357
0.0 0.0 0.0
10.455138206481934 23.992589950561523 -4.1338582038879395
10.75241756439209 24.21321678161621 -4.125021457672119
10.994417190551758 24.3007755279541 -4.092868328094482
11.277896881103516 24.465810775756836 -4.072187423706055
11.609306335449219 24.73090362548828 -4.065865516662598
11.945164680480957 24.99257469177246 -4.057764530181885
0.0 0.0 0.0
12.543171882629395 25.332685470581055 -4.0088653564453125
12.953295707702637 25.709209442138672 -4.013064384460449
0.0 0.0 0.0
0.0 0.0 0.0
14.018501281738281 26.428037643432617 -3.951988458633423
14.318473815917969 26.54645347595215 -3.9092702865600586
0.0 0.0 0.0
0.0 0.0 0.0
0.0 0.0 0.0
0.0 0.0 0.0
0.0 0.0 0.0
0.0 0.0 0.0
17.372642517089844 28.751171112060547 -3.748899459838867
0.0 0.0 0.0
0.0 0.0 0.0
0.0 0.0 0.0
0.0 0.0 0.0
0.0 0.0 0.0
0.0 0.0 0.0
0.0 0.0 0.0
0.0 0.0 0.0
0.0 0.0 0.0
0.0 0.0 0.0
0.0 0.0 0.0
0.0 0.0 0.0
0.0 0.0 0.0
0.0 0.0 0.0
0.0 0.0 0.0
0.0 0.0 0.0
0.0 0.0 0.0
0.0 0.0 0.0
0.0 0.0 0.0
0.0 0.0 0.0
0.0 0.0 0.0
0.0 0.0 0.0
0.0 0.0 0.0
0.0 0.0 0.0
0.0 0.0 0.0
0.0 0.0 0.0
0.0 0.0 0.0
0.0 0.0 0.0
0.0 0.0 0.0
0.0 0.0 0.0
0.0 0.0 0.0
0.0 0.0 0.0
0.0 0.0 0.0
0.0 0.0 0.0
0.0 0.0 0.0
0.0 0.0 0.0
0.0 0.0 0.0
0.0 0.0 0.0
0.0 0.0 0.0
0.0 0.0 0.0
0.0 0.0 0.0
0.0 0.0 0.0
0.0 0.0 0.0
0.0 0.0 0.0
0.0 0.0 0.0
0.0 0.0 0.0
0.0 0.0 0.0
0.0 0.0 0.0
0.0 0.0 0.0
0.0 0.0 0.0
0.0 0.0 0.0
0.0 0.0 0.0
0.0 0.0 0.0
0.0 0.0 0.0
0.0 0.0 0.0
0.0 0.0 0.0
0.0 0.0 0.0
0.0 0.0 0.0
0.0 0.0 0.0
0.0 0.0 0.0
0.0 0.0 0.0
0.0 0.0 0.0
0.0 0.0 0.0
0.0 0.0 0.0
0.0 0.0 0.0
0.0 0.0 0.0
0.0 0.0 0.0
0.0 0.0 0.0
0.0 0.0 0.0
0.0 0.0 0.0
0.0 0.0 0.0
0.0 0.0 0.0
0.0 0.0 0.0
0.0 0.0 0.0
0.0 0.0 0.0
0.0 0.0 0.0
0.0 0.0 0.0
0.0 0.0 0.0
0.0 0.0 0.0
0.0 0.0 0.0
0.0 0.0 0.0
0.0 0.0 0.0
0.0 0.0 0.0
0.0 0.0 0.0
0.0 0.0 0.0
0.0 0.0 0.0
0.0 0.0 0.0
0.0 0.0 0.0
0.0 0.0 0.0
0.0 0.0 0.0
0.0 0.0 0.0
0.0 0.0 0.0
0.0 0.0 0.0
0.0 0.0 0.0
0.0 0.0 0.0
0.0 0.0 0.0
0.0 0.0 0.0
0.0 0.0 0.0
0.0 0.0 0.0
0.0 0.0 0.0
0.0 0.0 0.0
0.0 0.0 0.0
0.0 0.0 0.0
0.0 0.0 0.0
0.0 0.0 0.0
0.0 0.0 0.0
0.0 0.0 0.0
0.0 0.0 0.0
0.0 0.0 0.0
0.0 0.0 0.0
0.0 0.0 0.0
0.0 0.0 0.0
0.0 0.0 0.0
0.0 0.0 0.0
0.0 0.0 0.0
0.0 0.0 0.0
0.0 0.0 0.0
0.0 0.0 0.0
0.0 0.0 0.0
0.0 0.0 0.0
0.0 0.0 0.0
0.0 0.0 0.0
0.0 0.0 0.0
0.0 0.0 0.0
0.0 0.0 0.0
0.0 0.0 0.0
0.0 0.0 0.0
0.0 0.0 0.0
0.0 0.0 0.0
0.0 0.0 0.0
0.0 0.0 0.0
0.0 0.0 0.0
0.0 0.0 0.0
0.0 0.0 0.0
0.0 0.0 0.0
0.0 0.0 0.0
0.0 0.0 0.0
0.0 0.0 0.0
0.0 0.0 0.0
0.0 0.0 0.0
0.0 0.0 0.0
0.0 0.0 0.0
0.0 0.0 0.0
0.0 0.0 0.0
0.0 0.0 0.0
0.0 0.0 0.0
0.0 0.0 0.0
0.0 0.0 0.0
0.0 0.0 0.0
0.0 0.0 0.0
0.0 0.0 0.0
0.0 0.0 0.0
0.0 0.0 0.0
0.0 0.0 0.0
0.0 0.0 0.0
0.0 0.0 0.0
0.0 0.0 0.0
0.0 0.0 0.0
0.0 0.0 0.0
0.0 0.0 0.0
0.0 0.0 0.0
0.0 0.0 0.0
0.0 0.0 0.0
0.0 0.0 0.0
0.0 0.0 0.0
0.0 0.0 0.0
0.0 0.0 0.0
0.0 0.0 0.0
0.0 0.0 0.0
0.0 0.0 0.0
0.0 0.0 0.0
0.0 0.0 0.0
0.0 0.0 0.0
0.0 0.0 0.0
0.0 0.0 0.0
0.0 0.0 0.0
0.0 0.0 0.0
0.0 0.0 0.0
0.0 0.0 0.0
0.0 0.0 0.0
0.0 0.0 0.0
0.0 0.0 0.0
0.0 0.0 0.0
0.0 0.0 0.0
0.0 0.0 0.0
0.0 0.0 0.0
0.0 0.0 0.0
0.0 0.0 0.0
0.0 0.0 0.0
0.0 0.0 0.0
0.0 0.0 0.0
0.0 0.0 0.0
0.0 0.0 0.0
0.0 0.0 0.0
0.0 0.0 0.0
0.0 0.0 0.0
0.0 0.0 0.0
0.0 0.0 0.0
0.0 0.0 0.0
0.0 0.0 0.0
0.0 0.0 0.0
0.0 0.0 0.0
0.0 0.0 0.0
0.0 0.0 0.0
0.0 0.0 0.0
0.0 0.0 0.0
0.0 0.0 0.0
0.0 0.0 0.0
0.0 0.0 0.0
0.0 0.0 0.0
0.0 0.0 0.0
0.0 0.0 0.0
0.0 0.0 0.0
0.0 0.0 0.0
0.0 0.0 0.0
0.0 0.0 0.0
0.0 0.0 0.0
0.0 0.0 0.0
-11.405830383300781 23.544591903686523 -3.5845980644226074
0.0 0.0 0.0
-10.871474266052246 23.2613582611084 -3.643010139465332
0.0 0.0 0.0
0.0 0.0 0.0
0.0 0.0 0.0
-9.828737258911133 22.663482666015625 -3.7391815185546875
-9.550686836242676 22.450057983398438 -3.7495431900024414
0.0 0.0 0.0
-9.209664344787598 22.519716262817383 -3.849658727645874
-8.846001625061035 22.066913604736328 -3.815189838409424
0.0 0.0 0.0
-8.425405502319336 21.895509719848633 -3.867975950241089
0.0 0.0 0.0
0.0 0.0 0.0
0.0 0.0 0.0
-7.572927474975586 21.452802658081055 -3.945747137069702
-7.366963863372803 21.341110229492188 -3.961975574493408
0.0 0.0 0.0
-7.001502990722656 21.24454689025879 -4.018064022064209
-6.736799716949463 20.930646896362305 -3.992648124694824
0.0 0.0 0.0
-6.342720031738281 20.688365936279297 -4.013125419616699
-6.244871139526367 20.886592864990234 -4.085381031036377
-6.031774997711182 20.697729110717773 -4.0800676345825195
-5.832711219787598 20.555776596069336 -4.083129405975342
-5.6792826652526855 20.559438705444336 -4.114490985870361
-5.492393970489502 20.435989379882812 -4.120310306549072
-5.311336517333984 20.326072692871094 -4.127380847930908
-5.125020980834961 20.185195922851562 -4.126115322113037
-4.999919414520264 20.292448043823242 -4.176124572753906
-4.816341400146484 20.14883041381836 -4.174114227294922
-4.654851913452148 20.089588165283203 -4.188961029052734
-4.505098342895508 20.078205108642578 -4.211162090301514
-4.320676803588867 19.904951095581055 -4.199357509613037
-4.153944969177246 19.812911987304688 -4.204902648925781
-4.026007652282715 19.891550064086914 -4.246384143829346
-3.8511390686035156 19.733572006225586 -4.234256744384766
-3.7141144275665283 19.762042999267578 -4.261715412139893
-3.5571677684783936 19.680500030517578 -4.265556335449219
-3.4218761920928955 19.72980308532715 -4.298285484313965
-3.246793746948242 19.52589225769043 -4.273215293884277
-3.1077380180358887 19.528244018554688 -4.291806697845459
-2.961921215057373 19.484312057495117 -4.300365924835205
-2.8093531131744385 19.386425018310547 -4.297043800354004
-2.6758835315704346 19.416133880615234 -4.320982933044434
-2.5337843894958496 19.40032386779785 -4.332592010498047
-2.387505054473877 19.32647705078125 -4.331090450286865
-2.248112916946411 19.3007869720459 -4.340494155883789
-2.109466552734375 19.277912139892578 -4.350615978240967
-1.9734776020050049 19.273866653442383 -4.360989570617676
-1.8303509950637817 19.21973419189453 -4.360418319702148
-1.7013905048370361 19.285825729370117 -4.387111186981201
-1.5551116466522217 19.149812698364258 -4.368000507354736
-1.4313286542892456 19.286855697631836 -4.408283233642578
-1.2868374586105347 19.14212417602539 -4.383289813995361
-1.1527527570724487 19.175098419189453 -4.399301528930664
-1.016667366027832 19.13099479675293 -4.3976826667785645
-0.8832167387008667 19.128189086914062 -4.40379524230957
-0.753774106502533 19.2276611328125 -4.4313764572143555
-0.6166123747825623 19.12841033935547 -4.413370609283447
-0.48060229420661926 19.108137130737305 -4.4138569831848145
-0.34726881980895996 19.090858459472656 -4.414374828338623
-0.21375341713428497 19.031579971313477 -4.401778221130371
-0.08174653351306915 19.127405166625977 -4.425271511077881
0.051409762352705 19.157611846923828 -4.433806419372559
0.18498238921165466 19.186887741088867 -4.442346096038818
0.3205327093601227 19.170421600341797 -4.436471939086914
0.4541511535644531 19.18360137939453 -4.437179088592529
0.5899492502212524 19.260517120361328 -4.452833652496338
0.7231222987174988 19.233779907226562 -4.444730281829834
0.855873167514801 19.206695556640625 -4.434154510498047
0.992195188999176 19.209392547607422 -4.428822040557861
1.1305313110351562 19.28343963623047 -4.440229892730713
1.264711618423462 19.276716232299805 -4.433231830596924
1.4033108949661255 19.330108642578125 -4.438897132873535
1.5431239604949951 19.38694953918457 -4.442558765411377
1.682508111000061 19.400888442993164 -4.436407566070557
1.8251713514328003 19.470884323120117 -4.443403720855713
1.9643127918243408 19.4943904876709 -4.439824104309082
2.101836681365967 19.498817443847656 -4.428122520446777
2.246037721633911 19.559059143066406 -4.429256439208984
2.3972296714782715 19.64828872680664 -4.43684720993042
2.5425472259521484 19.69881248474121 -4.436023712158203
2.679046869277954 19.677112579345703 -4.4161152839660645
2.8293251991271973 19.752840042114258 -4.417197227478027
2.9790871143341064 19.81612777709961 -4.415576457977295
3.121558427810669 19.825531005859375 -4.402080535888672
3.289849042892456 19.973247528076172 -4.41733455657959
3.4561054706573486 20.109115600585938 -4.428036689758301
3.6028859615325928 20.12340545654297 -4.412003040313721
3.7479331493377686 20.125349044799805 -4.393425941467285
3.9142262935638428 20.235111236572266 -4.397933483123779
4.077971935272217 20.310081481933594 -4.391401767730713
4.27009916305542 20.52638053894043 -4.4156599044799805
4.419734954833984 20.52799415588379 -4.3936357498168945
4.5652852058410645 20.509855270385742 -4.367588520050049
4.737583160400391 20.60677146911621 -4.363206386566162
4.928966999053955 20.76522445678711 -4.370781421661377
5.084829807281494 20.77755355834961 -4.347972869873047
5.314269542694092 21.07826805114746 -4.385249137878418
5.44119930267334 20.965805053710938 -4.334691047668457
5.619367599487305 21.048913955688477 -4.3233795166015625
5.810640811920166 21.16326141357422 -4.317856311798096
5.974035739898682 21.180683135986328 -4.293022155761719
6.203174591064453 21.421689987182617 -4.312303066253662
6.404424667358398 21.55436134338379 -4.307252883911133
6.607832431793213 21.685306549072266 -4.301573753356934
6.795563697814941 21.747817993164062 -4.28156042098999
6.994537353515625 21.849782943725586 -4.269587993621826
7.20390510559082 21.975990295410156 -4.259602069854736
7.426547050476074 22.133113861083984 -4.255204677581787
7.66530704498291 22.328296661376953 -4.257680892944336
7.858926773071289 22.383373260498047 -4.23307991027832
8.137848854064941 22.66461944580078 -4.248028755187988
8.307398796081543 22.64054298400879 -4.20550012588501
8.565986633300781 22.853090286254883 -4.206691265106201
8.790789604187012 22.966115951538086 -4.189054489135742
9.037254333496094 23.12763214111328 -4.178195476531982
9.285606384277344 23.275094985961914 -4.162515640258789
9.57410717010498 23.521286010742188 -4.164567947387695
9.788330078125 23.57586669921875 -4.132114410400391
10.117640495300293 23.898883819580078 -4.144965648651123
10.294872283935547 23.853723526000977 -4.092260360717773
10.691122055053711 24.29705810546875 -4.121737480163574
10.89673137664795 24.3040771484375 -4.077132701873779
0.0 0.0 0.0
11.488404273986816 24.69900131225586 -4.046706199645996
11.805780410766602 24.927135467529297 -4.034494400024414
12.160367012023926 25.213415145874023 -4.029669284820557
12.492335319519043 25.449079513549805 -4.015447616577148
12.836045265197754 25.69503402709961 -4.0001420974731445
13.154006004333496 25.87883758544922 -3.974116325378418
13.542730331420898 26.19015121459961 -3.96647310256958
13.95582103729248 26.5355224609375 -3.961196184158325
14.264880180358887 26.663110733032227 -3.919846773147583
0.0 0.0 0.0
0.0 0.0 0.0
0.0 0.0 0.0
15.848210334777832 27.73970603942871 -3.8241262435913086
16.307886123657227 28.081480026245117 -3.8035106658935547
0.0 0.0 0.0
0.0 0.0 0.0
0.0 0.0 0.0
0.0 0.0 0.0
0.0 0.0 0.0
0.0 0.0 0.0
0.0 0.0 0.0
0.0 0.0 0.0
0.0 0.0 0.0
0.0 0.0 0.0
0.0 0.0 0.0
0.0 0.0 0.0
0.0 0.0 0.0
0.0 0.0 0.0
0.0 0.0 0.0
0.0 0.0 0.0
0.0 0.0 0.0
0.0 0.0 0.0
0.0 0.0 0.0
0.0 0.0 0.0
0.0 0.0 0.0
0.0 0.0 0.0
0.0 0.0 0.0
0.0 0.0 0.0
0.0 0.0 0.0
0.0 0.0 0.0
0.0 0.0 0.0
0.0 0.0 0.0
0.0 0.0 0.0
0.0 0.0 0.0
0.0 0.0 0.0
0.0 0.0 0.0
0.0 0.0 0.0
0.0 0.0 0.0
0.0 0.0 0.0
0.0 0.0 0.0
0.0 0.0 0.0
0.0 0.0 0.0
0.0 0.0 0.0
0.0 0.0 0.0
0.0 0.0 0.0
0.0 0.0 0.0
0.0 0.0 0.0
0.0 0.0 0.0
0.0 0.0 0.0
0.0 0.0 0.0
0.0 0.0 0.0
0.0 0.0 0.0
0.0 0.0 0.0
0.0 0.0 0.0
0.0 0.0 0.0
0.0 0.0 0.0
0.0 0.0 0.0
0.0 0.0 0.0
0.0 0.0 0.0
0.0 0.0 0.0
0.0 0.0 0.0
0.0 0.0 0.0
0.0 0.0 0.0
0.0 0.0 0.0
0.0 0.0 0.0
0.0 0.0 0.0
0.0 0.0 0.0
0.0 0.0 0.0
0.0 0.0 0.0
0.0 0.0 0.0
0.0 0.0 0.0
0.0 0.0 0.0
0.0 0.0 0.0
0.0 0.0 0.0
0.0 0.0 0.0
0.0 0.0 0.0
0.0 0.0 0.0
0.0 0.0 0.0
0.0 0.0 0.0
0.0 0.0 0.0
0.0 0.0 0.0
0.0 0.0 0.0
0.0 0.0 0.0
0.0 0.0 0.0
0.0 0.0 0.0
0.0 0.0 0.0
0.0 0.0 0.0
0.0 0.0 0.0
0.0 0.0 0.0
0.0 0.0 0.0
0.0 0.0 0.0
0.0 0.0 0.0
0.0 0.0 0.0
0.0 0.0 0.0
0.0 0.0 0.0
0.0 0.0 0.0
0.0 0.0 0.0
0.0 0.0 0.0
0.0 0.0 0.0
0.0 0.0 0.0
0.0 0.0 0.0
0.0 0.0 0.0
0.0 0.0 0.0
0.0 0.0 0.0
0.0 0.0 0.0
0.0 0.0 0.0
0.0 0.0 0.0
0.0 0.0 0.0
0.0 0.0 0.0
0.0 0.0 0.0
0.0 0.0 0.0
0.0 0.0 0.0
0.0 0.0 0.0
0.0 0.0 0.0
0.0 0.0 0.0
0.0 0.0 0.0
0.0 0.0 0.0
0.0 0.0 0.0
0.0 0.0 0.0
0.0 0.0 0.0
0.0 0.0 0.0
0.0 0.0 0.0
0.0 0.0 0.0
0.0 0.0 0.0
0.0 0.0 0.0
0.0 0.0 0.0
0.0 0.0 0.0
0.0 0.0 0.0
0.0 0.0 0.0
0.0 0.0 0.0
0.0 0.0 0.0
0.0 0.0 0.0
0.0 0.0 0.0
0.0 0.0 0.0
0.0 0.0 0.0
0.0 0.0 0.0
0.0 0.0 0.0
0.0 0.0 0.0
0.0 0.0 0.0
0.0 0.0 0.0
0.0 0.0 0.0
0.0 0.0 0.0
0.0 0.0 0.0
0.0 0.0 0.0
0.0 0.0 0.0
0.0 0.0 0.0
0.0 0.0 0.0
0.0 0.0 0.0
0.0 0.0 0.0
0.0 0.0 0.0
0.0 0.0 0.0
0.0 0.0 0.0
0.0 0.0 0.0
0.0 0.0 0.0
0.0 0.0 0.0
0.0 0.0 0.0
0.0 0.0 0.0
0.0 0.0 0.0
0.0 0.0 0.0
0.0 0.0 0.0
0.0 0.0 0.0
0.0 0.0 0.0
0.0 0.0 0.0
0.0 0.0 0.0
0.0 0.0 0.0
0.0 0.0 0.0
0.0 0.0 0.0
0.0 0.0 0.0
0.0 0.0 0.0
0.0 0.0 0.0
0.0 0.0 0.0
0.0 0.0 0.0
0.0 0.0 0.0
0.0 0.0 0.0
0.0 0.0 0.0
0.0 0.0 0.0
0.0 0.0 0.0
0.0 0.0 0.0
0.0 0.0 0.0
0.0 0.0 0.0
0.0 0.0 0.0
0.0 0.0 0.0
0.0 0.0 0.0
0.0 0.0 0.0
0.0 0.0 0.0
0.0 0.0 0.0
0.0 0.0 0.0
0.0 0.0 0.0
0.0 0.0 0.0
0.0 0.0 0.0
0.0 0.0 0.0
0.0 0.0 0.0
0.0 0.0 0.0
0.0 0.0 0.0
0.0 0.0 0.0
0.0 0.0 0.0
0.0 0.0 0.0
0.0 0.0 0.0
0.0 0.0 0.0
0.0 0.0 0.0
0.0 0.0 0.0
0.0 0.0 0.0
0.0 0.0 0.0
0.0 0.0 0.0
0.0 0.0 0.0
0.0 0.0 0.0
0.0 0.0 0.0
0.0 0.0 0.0
0.0 0.0 0.0
0.0 0.0 0.0
0.0 0.0 0.0
-16.66874122619629 27.03749656677246 -3.1038949489593506
0.0 0.0 0.0
0.0 0.0 0.0
0.0 0.0 0.0
0.0 0.0 0.0
-14.692567825317383 25.81013298034668 -3.308771848678589
-14.217904090881348 25.38633918762207 -3.3174374103546143
-13.860416412353516 25.1578426361084 -3.3497235774993896
0.0 0.0 0.0
-13.335538864135742 25.0255126953125 -3.453516721725464
-12.866355895996094 24.562023162841797 -3.447614908218384
0.0 0.0 0.0
-12.167529106140137 24.035261154174805 -3.4847919940948486
0.0 0.0 0.0
0.0 0.0 0.0
0.0 0.0 0.0
0.0 0.0 0.0
0.0 0.0 0.0
0.0 0.0 0.0
0.0 0.0 0.0
0.0 0.0 0.0
0.0 0.0 0.0
0.0 0.0 0.0
0.0 0.0 0.0
-9.075251579284668 22.406484603881836 -3.8079161643981934
0.0 0.0 0.0
0.0 0.0 0.0
0.0 0.0 0.0
0.0 0.0 0.0
0.0 0.0 0.0
-7.729644298553467 21.650705337524414 -3.9161834716796875
-7.554275035858154 21.64288902282715 -3.952951431274414
0.0 0.0 0.0
0.0 0.0 0.0
-6.902747631072998 21.18870735168457 -3.976412296295166
-6.733218669891357 21.16673469543457 -4.006512641906738
-6.528999328613281 21.029624938964844 -4.014634132385254
-6.34428071975708 20.957794189453125 -4.034721851348877
-6.147427082061768 20.828832626342773 -4.041048526763916
0.0 0.0 0.0
-5.803397178649902 20.721166610717773 -4.082461833953857
-5.597681045532227 20.535724639892578 -4.076780796051025
-5.433557510375977 20.50531005859375 -4.099388122558594
-5.271811008453369 20.469324111938477 -4.120396137237549
-5.117337703704834 20.45810317993164 -4.146444320678711
-4.938864707946777 20.34516143798828 -4.151828289031982
-4.768435478210449 20.257362365722656 -4.159610271453857
-4.5876145362854 20.12773323059082 -4.158422946929932
-4.4444379806518555 20.14569854736328 -4.1872735023498535
-4.289248943328857 20.106462478637695 -4.204352378845215
-4.141833305358887 20.100093841552734 -4.226680278778076
-3.990450859069824 20.070419311523438 -4.242557525634766
-3.8048996925354004 19.870967864990234 -4.222833633422852
-3.6567819118499756 19.84256935119629 -4.238961696624756
-3.509756565093994 19.817018508911133 -4.2550177574157715
-3.350939989089966 19.719423294067383 -4.252776145935059
-3.2140603065490723 19.74501609802246 -4.277186393737793
-3.057429313659668 19.660497665405273 -4.278212070465088
-2.9069130420684814 19.589603424072266 -4.281882286071777
-2.7629270553588867 19.55611228942871 -4.290310859680176
-2.614623546600342 19.483783721923828 -4.290026664733887
-2.4737179279327393 19.459571838378906 -4.300446033477783
-2.3376760482788086 19.47222900390625 -4.319210052490234
-2.2002973556518555 19.492206573486328 -4.337557315826416
-2.046527862548828 19.336896896362305 -4.315270900726318
-1.913922905921936 19.370153427124023 -4.335170269012451
-1.7773221731185913 19.36452865600586 -4.346597671508789
-1.6388171911239624 19.33162498474121 -4.35072135925293
-1.504949927330017 19.38208770751953 -4.3711042404174805
-1.3654097318649292 19.325042724609375 -4.367282390594482
-1.2268339395523071 19.270814895629883 -4.364260196685791
-1.0939693450927734 19.29930305480957 -4.380055904388428
-0.9559751749038696 19.232662200927734 -4.370245933532715
-0.8207157254219055 19.2602596282959 -4.382145881652832
-0.6856731176376343 19.233549118041992 -4.381800174713135
-0.5524262189865112 19.25919532775879 -4.3935980796813965
-0.41697248816490173 19.197038650512695 -4.3823723793029785
-0.285202294588089 19.313159942626953 -4.410865783691406
-0.14780952036380768 19.226545333862305 -4.393314838409424
-0.01416148990392685 19.226558685302734 -4.395722389221191
0.11958252638578415 19.21843147277832 -4.3946213722229
0.2541840672492981 19.293670654296875 -4.41035795211792
0.38898608088493347 19.318470001220703 -4.414768218994141
0.525238037109375 19.388011932373047 -4.429612159729004
0.6635351181030273 19.414777755737305 -4.434282302856445
0.7973202466964722 19.380573272705078 -4.4215407371521
0.9346880912780762 19.42913818359375 -4.427890777587891
1.0658570528030396 19.351226806640625 -4.405634880065918
1.2080203294754028 19.466323852539062 -4.427524089813232
1.3453575372695923 19.451820373535156 -4.416365146636963
1.4920991659164429 19.5924129486084 -4.439945220947266
1.6211382150650024 19.496492385864258 -4.410123825073242
1.7641174793243408 19.566701889038086 -4.418091297149658
1.9088228940963745 19.643936157226562 -4.425609111785889
2.0509591102600098 19.659666061401367 -4.417219638824463
2.195537805557251 19.716270446777344 -4.418389320373535
2.336071014404297 19.730165481567383 -4.4101481437683105
2.4956090450286865 19.890823364257812 -4.433876037597656
2.626920461654663 19.82025146484375 -4.403016090393066
2.780871629714966 19.89967155456543 -4.4054059982299805
2.9369962215423584 20.0008602142334 -4.412931442260742
3.0754992961883545 19.976364135742188 -4.392860412597656
3.2395286560058594 20.109886169433594 -4.404201507568359
3.38958740234375 20.14806365966797 -4.3944172859191895
3.5398263931274414 20.18134307861328 -4.38366174697876
3.7096168994903564 20.303342819213867 -4.391912937164307
3.891573667526245 20.492454528808594 -4.412565231323242
4.010584354400635 20.346574783325195 -4.359797477722168
4.197399139404297 20.540849685668945 -4.380034923553467
4.351495265960693 20.56519889831543 -4.3639750480651855
4.5136590003967285 20.610559463500977 -4.351000785827637
4.68963623046875 20.72272491455078 -4.350129127502441
4.843016624450684 20.72909927368164 -4.327061176300049
5.044410228729248 20.931577682495117 -4.344807147979736
5.2247114181518555 21.035730361938477 -4.341911792755127
5.331539154052734 20.834089279174805 -4.272619247436523
0.0 0.0 0.0
5.760497093200684 21.27389144897461 -4.307714462280273
0.0 0.0 0.0
6.167081356048584 21.581106185913086 -4.312244892120361
6.386449813842773 21.764944076538086 -4.317561626434326
6.535294532775879 21.712249755859375 -4.276404857635498
6.735611438751221 21.827289581298828 -4.268332481384277
6.976332187652588 22.061655044555664 -4.281810283660889
7.14749002456665 22.067407608032227 -4.24912691116333
7.366398811340332 22.214038848876953 -4.243383884429932
7.603994369506836 22.398008346557617 -4.2437663078308105
7.77720308303833 22.395503997802734 -4.208640098571777
8.009015083312988 22.55501365661621 -4.201789379119873
8.307783126831055 22.889698028564453 -4.226818561553955
8.517949104309082 22.96878433227539 -4.204023838043213
8.711797714233398 22.991186141967773 -4.169985771179199
8.97843074798584 23.207393646240234 -4.1690754890441895
9.204809188842773 23.309904098510742 -4.147166728973389
9.483474731445312 23.535541534423828 -4.146610260009766
9.73056411743164 23.67290496826172 -4.129880428314209
0.0 0.0 0.0
10.279401779174805 24.043128967285156 -4.105679512023926
0.0 0.0 0.0
10.827061653137207 24.379079818725586 -4.073291301727295
11.189263343811035 24.730070114135742 -4.0845537185668945
11.489457130432129 24.921510696411133 -4.066895484924316
11.725646018981934 24.9748592376709 -4.027021884918213
11.99646282196045 25.095849990844727 -3.9976327419281006
12.378948211669922 25.440858840942383 -4.001285552978516
0.0 0.0 0.0
0.0 0.0 0.0
13.416757583618164 26.16392707824707 -3.9532299041748047
13.730668067932129 26.325788497924805 -3.9213836193084717
14.19697380065918 26.76491355895996 -3.928819179534912
14.506402015686035 26.89543914794922 -3.8895263671875
0.0 0.0 0.0
15.24190616607666 27.33562469482422 -3.829827308654785
0.0 0.0 0.0
0.0 0.0 0.0
0.0 0.0 0.0
0.0 0.0 0.0
0.0 0.0 0.0
0.0 0.0 0.0
0.0 0.0 0.0
0.0 0.0 0.0
0.0 0.0 0.0
0.0 0.0 0.0
0.0 0.0 0.0
0.0 0.0 0.0
0.0 0.0 0.0
0.0 0.0 0.0
0.0 0.0 0.0
0.0 0.0 0.0
0.0 0.0 0.0
0.0 0.0 0.0
0.0 0.0 0.0
0.0 0.0 0.0
0.0 0.0 0.0
0.0 0.0 0.0
0.0 0.0 0.0
0.0 0.0 0.0
0.0 0.0 0.0
0.0 0.0 0.0
0.0 0.0 0.0
0.0 0.0 0.0
0.0 0.0 0.0
0.0 0.0 0.0
0.0 0.0 0.0
0.0 0.0 0.0
0.0 0.0 0.0
0.0 0.0 0.0
0.0 0.0 0.0
0.0 0.0 0.0
0.0 0.0 0.0
0.0 0.0 0.0
0.0 0.0 0.0
0.0 0.0 0.0
0.0 0.0 0.0
0.0 0.0 0.0
0.0 0.0 0.0
0.0 0.0 0.0
0.0 0.0 0.0
0.0 0.0 0.0
0.0 0.0 0.0
0.0 0.0 0.0
0.0 0.0 0.0
0.0 0.0 0.0
0.0 0.0 0.0
0.0 0.0 0.0
0.0 0.0 0.0
0.0 0.0 0.0
0.0 0.0 0.0
0.0 0.0 0.0
0.0 0.0 0.0
0.0 0.0 0.0
0.0 0.0 0.0
0.0 0.0 0.0
0.0 0.0 0.0
0.0 0.0 0.0
0.0 0.0 0.0
0.0 0.0 0.0
0.0 0.0 0.0
0.0 0.0 0.0
0.0 0.0 0.0
0.0 0.0 0.0
0.0 0.0 0.0
0.0 0.0 0.0
0.0 0.0 0.0
0.0 0.0 0.0
0.0 0.0 0.0
0.0 0.0 0.0
0.0 0.0 0.0
0.0 0.0 0.0
0.0 0.0 0.0
0.0 0.0 0.0
0.0 0.0 0.0
0.0 0.0 0.0
0.0 0.0 0.0
0.0 0.0 0.0
0.0 0.0 0.0
0.0 0.0 0.0
0.0 0.0 0.0
0.0 0.0 0.0
0.0 0.0 0.0
0.0 0.0 0.0
0.0 0.0 0.0
0.0 0.0 0.0
0.0 0.0 0.0
0.0 0.0 0.0
0.0 0.0 0.0
0.0 0.0 0.0
0.0 0.0 0.0
0.0 0.0 0.0
0.0 0.0 0.0
0.0 0.0 0.0
0.0 0.0 0.0
0.0 0.0 0.0
0.0 0.0 0.0
0.0 0.0 0.0
0.0 0.0 0.0
0.0 0.0 0.0
0.0 0.0 0.0
0.0 0.0 0.0
0.0 0.0 0.0
0.0 0.0 0.0
0.0 0.0 0.0
0.0 0.0 0.0
0.0 0.0 0.0
0.0 0.0 0.0
0.0 0.0 0.0
0.0 0.0 0.0
0.0 0.0 0.0
0.0 0.0 0.0
0.0 0.0 0.0
0.0 0.0 0.0
0.0 0.0 0.0
0.0 0.0 0.0
0.0 0.0 0.0
0.0 0.0 0.0
0.0 0.0 0.0
0.0 0.0 0.0
0.0 0.0 0.0
0.0 0.0 0.0
0.0 0.0 0.0
0.0 0.0 0.0
0.0 0.0 0.0
0.0 0.0 0.0
0.0 0.0 0.0
0.0 0.0 0.0
0.0 0.0 0.0
0.0 0.0 0.0
0.0 0.0 0.0
0.0 0.0 0.0
0.0 0.0 0.0
0.0 0.0 0.0
0.0 0.0 0.0
0.0 0.0 0.0
0.0 0.0 0.0
0.0 0.0 0.0
0.0 0.0 0.0
0.0 0.0 0.0
0.0 0.0 0.0
0.0 0.0 0.0
0.0 0.0 0.0
0.0 0.0 0.0
0.0 0.0 0.0
0.0 0.0 0.0
0.0 0.0 0.0
0.0 0.0 0.0
0.0 0.0 0.0
0.0 0.0 0.0
0.0 0.0 0.0
0.0 0.0 0.0
0.0 0.0 0.0
0.0 0.0 0.0
0.0 0.0 0.0
0.0 0.0 0.0
0.0 0.0 0.0
0.0 0.0 0.0
0.0 0.0 0.0
0.0 0.0 0.0
0.0 0.0 0.0
0.0 0.0 0.0
0.0 0.0 0.0
0.0 0.0 0.0
0.0 0.0 0.0
0.0 0.0 0.0
0.0 0.0 0.0
0.0 0.0 0.0
0.0 0.0 0.0
0.0 0.0 0.0
0.0 0.0 0.0
0.0 0.0 0.0
0.0 0.0 0.0
0.0 0.0 0.0
0.0 0.0 0.0
0.0 0.0 0.0
0.0 0.0 0.0
0.0 0.0 0.0
0.0 0.0 0.0
0.0 0.0 0.0
0.0 0.0 0.0
0.0 0.0 0.0
0.0 0.0 0.0
0.0 0.0 0.0
0.0 0.0 0.0
0.0 0.0 0.0
0.0 0.0 0.0
0.0 0.0 0.0
0.0 0.0 0.0
0.0 0.0 0.0
0.0 0.0 0.0
0.0 0.0 0.0
0.0 0.0 0.0
0.0 0.0 0.0
0.0 0.0 0.0
0.0 0.0 0.0
0.0 0.0 0.0
0.0 0.0 0.0
0.0 0.0 0.0
0.0 0.0 0.0
0.0 0.0 0.0
0.0 0.0 0.0
0.0 0.0 0.0
0.0 0.0 0.0
0.0 0.0 0.0
0.0 0.0 0.0
0.0 0.0 0.0
0.0 0.0 0.0
0.0 0.0 0.0
0.0 0.0 0.0
0.0 0.0 0.0
0.0 0.0 0.0
0.0 0.0 0.0
-13.406391143798828 24.95132827758789 -3.3925325870513916
0.0 0.0 0.0
-12.773944854736328 24.586780548095703 -3.456529140472412
0.0 0.0 0.0
0.0 0.0 0.0
0.0 0.0 0.0
0.0 0.0 0.0
0.0 0.0 0.0
0.0 0.0 0.0
0.0 0.0 0.0
0.0 0.0 0.0
0.0 0.0 0.0
0.0 0.0 0.0
0.0 0.0 0.0
0.0 0.0 0.0
0.0 0.0 0.0
0.0 0.0 0.0
0.0 0.0 0.0
-8.543095588684082 22.20211410522461 -3.8443074226379395
0.0 0.0 0.0
-8.062095642089844 21.863927841186523 -3.863593339920044
0.0 0.0 0.0
-7.508578777313232 21.26926612854004 -3.831958532333374
-7.478329181671143 21.6632137298584 -3.940033197402954
0.0 0.0 0.0
0.0 0.0 0.0
-6.874648571014404 21.35820960998535 -3.988415002822876
-6.646353721618652 21.152610778808594 -3.9842422008514404
-6.419126033782959 20.938058853149414 -3.9752635955810547
-6.258237361907959 20.931262969970703 -4.005298614501953
-6.117088794708252 20.98958396911621 -4.047959804534912
-5.940223693847656 20.932994842529297 -4.069128513336182
-5.733198165893555 20.7526798248291 -4.063452243804932
-5.541041851043701 20.615192413330078 -4.0649590492248535
-5.419801712036133 20.73964500427246 -4.118241786956787
-5.228331089019775 20.591920852661133 -4.117532730102539
-5.042055130004883 20.465726852416992 -4.119999408721924
-4.8640971183776855 20.352731704711914 -4.122595310211182
-4.724282741546631 20.395063400268555 -4.156701564788818
-4.538984298706055 20.234533309936523 -4.149423599243164
-4.402270793914795 20.285903930664062 -4.185186386108398
-4.2276530265808105 20.168621063232422 -4.183640956878662
-4.0749640464782715 20.135787963867188 -4.19918966293335
-3.9125237464904785 20.049253463745117 -4.203585624694824
-3.751640558242798 19.961442947387695 -4.207651138305664
-3.6077253818511963 19.959537506103516 -4.22702169418335
-3.4457478523254395 19.866655349731445 -4.22696590423584
-3.3016104698181152 19.85512924194336 -4.243935585021973
-3.1427836418151855 19.748205184936523 -4.240569591522217
-2.9982492923736572 19.72356605529785 -4.252962112426758
-2.8624300956726074 19.754940032958984 -4.2758355140686035
-2.7113468647003174 19.675628662109375 -4.274877548217773
-2.5609688758850098 19.610591888427734 -4.277387619018555
-2.4191768169403076 19.586063385009766 -4.287698268890381
-2.2758450508117676 19.54219627380371 -4.290755271911621
-2.1423721313476562 19.58074188232422 -4.312097072601318
-2.001476764678955 19.550039291381836 -4.318387985229492
-1.8515232801437378 19.44254493713379 -4.308049201965332
-1.7186806201934814 19.482749938964844 -4.326608180999756
-1.5693236589431763 19.324462890625 -4.300830841064453
-1.4483641386032104 19.514915466308594 -4.352877140045166
-1.3093372583389282 19.47632598876953 -4.354123115539551
-1.1669989824295044 19.410720825195312 -4.3472747802734375
-1.0315892696380615 19.40906524658203 -4.35310173034668
-0.8961127400398254 19.406469345092773 -4.358929634094238
-0.7628124356269836 19.456239700317383 -4.376745223999023
-0.6258270144462585 19.406291961669922 -4.3712053298950195
-0.48793429136276245 19.39421844482422 -4.371246814727783
-0.3529947102069855 19.40399742126465 -4.376379013061523
-0.2179175317287445 19.397592544555664 -4.37807035446167
-0.08255647867918015 19.333093643188477 -4.3668532371521
0.052133217453956604 19.405733108520508 -4.3825907707214355
0.18727949261665344 19.420330047607422 -4.38521146774292
0.3260554373264313 19.49871253967285 -4.402439594268799
0.4615507423877716 19.49616241455078 -4.401615619659424
0.5961672067642212 19.45897102355957 -4.390463829040527
0.7297400236129761 19.40975570678711 -4.375291347503662
0.8687417507171631 19.492868423461914 -4.390146732330322
1.0095256567001343 19.540632247924805 -4.397164821624756
1.1463180780410767 19.54974937438965 -4.39439058303833
1.283247470855713 19.55470085144043 -4.388040542602539
1.4284359216690063 19.672767639160156 -4.407243251800537
1.5602025985717773 19.599742889404297 -4.383827209472656
1.7080233097076416 19.692800521850586 -4.397586822509766
1.8505496978759766 19.740264892578125 -4.397313594818115
1.9894640445709229 19.74497413635254 -4.387701034545898
2.1483044624328613 19.93073844909668 -4.4184112548828125
2.279362678527832 19.849960327148438 -4.3901777267456055
2.434363603591919 19.95424461364746 -4.400139808654785
2.5828588008880615 20.012428283691406 -4.3989644050598145
2.726466417312622 20.027929306030273 -4.3885650634765625
2.8683998584747314 20.027259826660156 -4.374789714813232
3.0251026153564453 20.12406349182129 -4.381042957305908
3.164513111114502 20.099437713623047 -4.358443260192871
3.3354909420013428 20.250652313232422 -4.373734474182129
3.496441125869751 20.344375610351562 -4.376899719238281
3.6440420150756836 20.3541202545166 -4.361943244934082
3.799813747406006 20.40481185913086 -4.352384090423584
3.9776835441589355 20.563180923461914 -4.3657331466674805
4.131697654724121 20.577219009399414 -4.348112106323242
4.295453071594238 20.64668083190918 -4.342617988586426
4.457091331481934 20.7004337310791 -4.33131742477417
4.637286186218262 20.83156967163086 -4.33519983291626
4.830527305603027 21.009784698486328 -4.348711013793945
4.980563163757324 20.980880737304688 -4.318907260894775
5.175109386444092 21.14518928527832 -4.327944755554199
5.335024356842041 21.159515380859375 -4.30433988571167
0.0 0.0 0.0
5.719486236572266 21.42159652709961 -4.304330825805664
5.8706793785095215 21.379562377929688 -4.268618583679199
0.0 0.0 0.0
6.2801642417907715 21.68515968322754 -4.2703375816345215
6.464648723602295 21.754302978515625 -4.254349231719971
6.6491169929504395 21.81829833984375 -4.237311840057373
6.886751174926758 22.038179397583008 -4.247385025024414
7.063267707824707 22.06264877319336 -4.219621181488037
7.296733856201172 22.257383346557617 -4.224186897277832
7.528381824493408 22.435426712036133 -4.225120544433594
7.710216045379639 22.458932876586914 -4.195140361785889
7.9502949714660645 22.64447593688965 -4.194037437438965
8.181768417358398 22.787137985229492 -4.183925151824951
8.408777236938477 22.91777229309082 -4.171867847442627
8.632630348205566 23.032106399536133 -4.155525207519531
8.89360523223877 23.234453201293945 -4.152873992919922
9.13697338104248 23.38043975830078 -4.139546871185303
9.431330680847168 23.637819290161133 -4.144617557525635
9.693021774291992 23.81142234802246 -4.134518623352051
9.889890670776367 23.818857192993164 -4.093358039855957
10.255829811096191 24.22266960144043 -4.119571208953857
10.398467063903809 24.091060638427734 -4.054220199584961
10.761598587036133 24.455923080444336 -4.071009635925293
0.0 0.0 0.0
0.0 0.0 0.0
11.589653015136719 24.915287017822266 -4.006911754608154
11.976243019104004 25.285682678222656 -4.018627166748047
12.371708869934082 25.651060104370117 -4.024970054626465
0.0 0.0 0.0
12.916413307189941 25.855934143066406 -3.954131841659546
0.0 0.0 0.0
0.0 0.0 0.0
13.932052612304688 26.492321014404297 -3.8864073753356934
0.0 0.0 0.0
0.0 0.0 0.0
15.05858325958252 27.232181549072266 -3.8167800903320312
0.0 0.0 0.0
0.0 0.0 0.0
0.0 0.0 0.0
0.0 0.0 0.0
0.0 0.0 0.0
0.0 0.0 0.0
0.0 0.0 0.0
0.0 0.0 0.0
0.0 0.0 0.0
0.0 0.0 0.0
0.0 0.0 0.0
0.0 0.0 0.0
0.0 0.0 0.0
0.0 0.0 0.0
0.0 0.0 0.0
0.0 0.0 0.0
0.0 0.0 0.0
0.0 0.0 0.0
0.0 0.0 0.0
0.0 0.0 0.0
0.0 0.0 0.0
0.0 0.0 0.0
0.0 0.0 0.0
0.0 0.0 0.0
0.0 0.0 0.0
0.0 0.0 0.0
0.0 0.0 0.0
0.0 0.0 0.0
0.0 0.0 0.0
0.0 0.0 0.0
0.0 0.0 0.0
0.0 0.0 0.0
0.0 0.0 0.0
0.0 0.0 0.0
0.0 0.0 0.0
0.0 0.0 0.0
0.0 0.0 0.0
0.0 0.0 0.0
0.0 0.0 0.0
0.0 0.0 0.0
0.0 0.0 0.0
0.0 0.0 0.0
0.0 0.0 0.0
0.0 0.0 0.0
0.0 0.0 0.0
0.0 0.0 0.0
0.0 0.0 0.0
0.0 0.0 0.0
0.0 0.0 0.0
0.0 0.0 0.0
0.0 0.0 0.0
0.0 0.0 0.0
0.0 0.0 0.0
0.0 0.0 0.0
0.0 0.0 0.0
0.0 0.0 0.0
0.0 0.0 0.0
0.0 0.0 0.0
0.0 0.0 0.0
0.0 0.0 0.0
0.0 0.0 0.0
0.0 0.0 0.0
0.0 0.0 0.0
0.0 0.0 0.0
0.0 0.0 0.0
0.0 0.0 0.0
0.0 0.0 0.0
0.0 0.0 0.0
0.0 0.0 0.0
0.0 0.0 0.0
0.0 0.0 0.0
0.0 0.0 0.0
0.0 0.0 0.0
0.0 0.0 0.0
0.0 0.0 0.0
0.0 0.0 0.0
0.0 0.0 0.0
0.0 0.0 0.0
0.0 0.0 0.0
0.0 0.0 0.0
0.0 0.0 0.0
0.0 0.0 0.0
0.0 0.0 0.0
0.0 0.0 0.0
0.0 0.0 0.0
0.0 0.0 0.0
0.0 0.0 0.0
0.0 0.0 0.0
0.0 0.0 0.0
0.0 0.0 0.0
0.0 0.0 0.0
0.0 0.0 0.0
0.0 0.0 0.0
0.0 0.0 0.0
0.0 0.0 0.0
0.0 0.0 0.0
0.0 0.0 0.0
0.0 0.0 0.0
0.0 0.0 0.0
0.0 0.0 0.0
0.0 0.0 0.0
0.0 0.0 0.0
0.0 0.0 0.0
0.0 0.0 0.0
0.0 0.0 0.0
0.0 0.0 0.0
0.0 0.0 0.0
0.0 0.0 0.0
0.0 0.0 0.0
0.0 0.0 0.0
0.0 0.0 0.0
0.0 0.0 0.0
0.0 0.0 0.0
0.0 0.0 0.0
0.0 0.0 0.0
0.0 0.0 0.0
0.0 0.0 0.0
0.0 0.0 0.0
0.0 0.0 0.0
0.0 0.0 0.0
0.0 0.0 0.0
0.0 0.0 0.0
0.0 0.0 0.0
0.0 0.0 0.0
0.0 0.0 0.0
0.0 0.0 0.0
0.0 0.0 0.0
0.0 0.0 0.0
0.0 0.0 0.0
0.0 0.0 0.0
0.0 0.0 0.0
0.0 0.0 0.0
0.0 0.0 0.0
0.0 0.0 0.0
0.0 0.0 0.0
0.0 0.0 0.0
0.0 0.0 0.0
0.0 0.0 0.0
0.0 0.0 0.0
0.0 0.0 0.0
0.0 0.0 0.0
0.0 0.0 0.0
0.0 0.0 0.0
0.0 0.0 0.0
0.0 0.0 0.0
0.0 0.0 0.0
0.0 0.0 0.0
0.0 0.0 0.0
0.0 0.0 0.0
0.0 0.0 0.0
0.0 0.0 0.0
0.0 0.0 0.0
0.0 0.0 0.0
0.0 0.0 0.0
0.0 0.0 0.0
0.0 0.0 0.0
0.0 0.0 0.0
0.0 0.0 0.0
0.0 0.0 0.0
0.0 0.0 0.0
0.0 0.0 0.0
0.0 0.0 0.0
0.0 0.0 0.0
0.0 0.0 0.0
0.0 0.0 0.0
0.0 0.0 0.0
0.0 0.0 0.0
0.0 0.0 0.0
0.0 0.0 0.0
0.0 0.0 0.0
0.0 0.0 0.0
0.0 0.0 0.0
0.0 0.0 0.0
0.0 0.0 0.0
0.0 0.0 0.0
0.0 0.0 0.0
0.0 0.0 0.0
0.0 0.0 0.0
0.0 0.0 0.0
0.0 0.0 0.0
0.0 0.0 0.0
0.0 0.0 0.0
0.0 0.0 0.0
0.0 0.0 0.0
0.0 0.0 0.0
0.0 0.0 0.0
0.0 0.0 0.0
0.0 0.0 0.0
0.0 0.0 0.0
0.0 0.0 0.0
0.0 0.0 0.0
0.0 0.0 0.0
0.0 0.0 0.0
0.0 0.0 0.0
0.0 0.0 0.0
0.0 0.0 0.0
0.0 0.0 0.0
0.0 0.0 0.0
0.0 0.0 0.0
0.0 0.0 0.0
0.0 0.0 0.0
0.0 0.0 0.0
0.0 0.0 0.0
0.0 0.0 0.0
0.0 0.0 0.0
0.0 0.0 0.0
0.0 0.0 0.0
0.0 0.0 0.0
0.0 0.0 0.0
0.0 0.0 0.0
0.0 0.0 0.0
0.0 0.0 0.0
0.0 0.0 0.0
0.0 0.0 0.0
0.0 0.0 0.0
0.0 0.0 0.0
0.0 0.0 0.0
0.0 0.0 0.0
0.0 0.0 0.0
0.0 0.0 0.0
0.0 0.0 0.0
0.0 0.0 0.0
-12.35517692565918 24.40542221069336 -3.4731202125549316
0.0 0.0 0.0
-11.72892951965332 23.993181228637695 -3.519711494445801
0.0 0.0 0.0
0.0 0.0 0.0
0.0 0.0 0.0
-10.623773574829102 23.369979858398438 -3.622929096221924
0.0 0.0 0.0
0.0 0.0 0.0
0.0 0.0 0.0
0.0 0.0 0.0
0.0 0.0 0.0
0.0 0.0 0.0
-8.895776748657227 22.41182518005371 -3.7736451625823975
0.0 0.0 0.0
0.0 0.0 0.0
0.0 0.0 0.0
0.0 0.0 0.0
0.0 0.0 0.0
0.0 0.0 0.0
0.0 0.0 0.0
0.0 0.0 0.0
-6.978809356689453 21.42174530029297 -3.935973882675171
0.0 0.0 0.0
0.0 0.0 0.0
-6.423420429229736 21.219160079956055 -3.996016502380371
0.0 0.0 0.0
-6.035516738891602 20.98650550842285 -4.014708518981934
-5.857548713684082 20.914350509643555 -4.0299177169799805
-5.642664909362793 20.699951171875 -4.017392158508301
-5.473672866821289 20.654924392700195 -4.038012504577637
-5.306141376495361 20.600627899169922 -4.056125164031982
-5.176800727844238 20.694406509399414 -4.10073709487915
-5.01563024520874 20.66058921813965 -4.120267868041992
-4.819887161254883 20.476285934448242 -4.109668254852295
-4.655337333679199 20.425291061401367 -4.1260809898376465
-4.4918365478515625 20.361835479736328 -4.13686990737915
-4.330491542816162 20.300962448120117 -4.147369861602783
-4.194018363952637 20.355140686035156 -4.181540489196777
-4.025791645050049 20.25061798095703 -4.183178424835205
-3.8633368015289307 20.179285049438477 -4.190417289733887
-3.707519054412842 20.121723175048828 -4.198286056518555
-3.536015033721924 19.968809127807617 -4.186215400695801
-3.3970906734466553 19.99174690246582 -4.211025238037109
-3.2412688732147217 19.91190528869629 -4.213850498199463
-3.098224401473999 19.922515869140625 -4.233050346374512
-2.965052366256714 19.980932235717773 -4.262337684631348
-2.7969980239868164 19.796260833740234 -4.239842414855957
-2.6464030742645264 19.720104217529297 -4.240545749664307
-2.5163002014160156 19.795045852661133 -4.270755767822266
-2.375418186187744 19.785818099975586 -4.282273769378662
-2.220247507095337 19.66956329345703 -4.2709856033325195
-2.079007863998413 19.643056869506836 -4.279025554656982
-1.9363864660263062 19.596940994262695 -4.28102445602417
-1.7962701320648193 19.569231033325195 -4.285161972045898
-1.6617910861968994 19.60136604309082 -4.302603721618652
-1.5233925580978394 19.61747932434082 -4.3169403076171875
-1.3836171627044678 19.579336166381836 -4.318674564361572
-1.2456477880477905 19.563800811767578 -4.3220696449279785
-1.1087573766708374 19.558713912963867 -4.327963352203369
-0.9727969169616699 19.571720123291016 -4.338077068328857
-0.8328649401664734 19.545738220214844 -4.339873790740967
-0.6942430734634399 19.477510452270508 -4.328927040100098
-0.5616438388824463 19.583784103393555 -4.356298923492432
-0.4237081706523895 19.509977340698242 -4.343827247619629
-0.2912152409553528 19.732568740844727 -4.397589683532715
-0.1506335288286209 19.61539649963379 -4.3737053871154785
-0.014138744212687016 19.57396125793457 -4.364663600921631
0.12220010161399841 19.600204467773438 -4.37092399597168
0.25774985551834106 19.549253463745117 -4.360179901123047
0.3950563967227936 19.61186981201172 -4.3742756843566895
0.5322154760360718 19.639978408813477 -4.377308368682861
0.672050416469574 19.659439086914062 -4.378561973571777
0.806837797164917 19.609413146972656 -4.364612579345703
0.9449934959411621 19.642253875732422 -4.369319915771484
1.0876262187957764 19.74338722229004 -4.3859429359436035
1.2233065366744995 19.710416793823242 -4.372286319732666
1.365848183631897 19.744855880737305 -4.373678684234619
1.5088634490966797 19.808847427368164 -4.381903171539307
1.649266242980957 19.83045768737793 -4.378757476806641
1.7914730310440063 19.86671257019043 -4.3769049644470215
1.9283580780029297 19.841184616088867 -4.361638069152832
2.078860282897949 19.924577713012695 -4.370326042175293
2.223162889480591 19.96169090270996 -4.368473052978516
2.3641273975372314 19.96431541442871 -4.355997085571289
2.528052806854248 20.147790908813477 -4.383055686950684
2.6687099933624268 20.133115768432617 -4.367080211639404
2.8258466720581055 20.219316482543945 -4.372931957244873
2.974318742752075 20.252357482910156 -4.364314556121826
3.14243483543396 20.409080505371094 -4.3818135261535645
3.273524284362793 20.319202423095703 -4.346481800079346
3.438236713409424 20.43579864501953 -4.35549783706665
3.589050769805908 20.461095809936523 -4.343202114105225
3.754577159881592 20.54924774169922 -4.342095375061035
3.907761335372925 20.57633399963379 -4.328466415405273
4.087248802185059 20.733694076538086 -4.342260837554932
4.238447666168213 20.73973846435547 -4.323784351348877
4.412485122680664 20.85002326965332 -4.32424259185791
4.5973734855651855 20.988388061523438 -4.330026149749756
4.765817642211914 21.05472183227539 -4.3212761878967285
4.92740535736084 21.086191177368164 -4.305445194244385
5.107667922973633 21.19146728515625 -4.301896095275879
5.291606903076172 21.302783966064453 -4.2990007400512695
0.0 0.0 0.0
5.651706695556641 21.46099281311035 -4.279568672180176
5.815412998199463 21.475574493408203 -4.255507946014404
0.0 0.0 0.0
6.202432632446289 21.704425811767578 -4.24397087097168
6.392383098602295 21.784393310546875 -4.230715751647949
6.628517150878906 22.021812438964844 -4.247482776641846
6.835838317871094 22.15090560913086 -4.240779876708984
7.030221939086914 22.230567932128906 -4.224411964416504
7.2438178062438965 22.36347007751465 -4.217948913574219
7.440245628356934 22.436098098754883 -4.199913501739502
7.663142681121826 22.572311401367188 -4.190252780914307
7.861640453338623 22.638261795043945 -4.167885780334473
8.14258098602295 22.93108367919922 -4.186801910400391
8.403230667114258 23.152379989624023 -4.191895961761475
8.633471488952637 23.28142738342285 -4.177918434143066
8.841887474060059 23.335372924804688 -4.148891925811768
9.073575973510742 23.453208923339844 -4.13165283203125
9.327163696289062 23.619173049926758 -4.122455596923828
9.614999771118164 23.861825942993164 -4.124533653259277
9.80603313446045 23.855443954467773 -4.082030773162842
10.098721504211426 24.081371307373047 -4.078202247619629
10.3012113571167 24.09250259399414 -4.038257598876953
0.0 0.0 0.0
11.015344619750977 24.802167892456055 -4.067619323730469
0.0 0.0 0.0
11.50902271270752 24.962209701538086 -4.001410484313965
11.863241195678711 25.267301559448242 -4.002858638763428
0.0 0.0 0.0
0.0 0.0 0.0
12.803810119628906 25.85599708557129 -3.945617914199829
0.0 0.0 0.0
13.561799049377441 26.44763946533203 -3.9279026985168457
0.0 0.0 0.0
14.194713592529297 26.757801055908203 -3.8634109497070312
14.664045333862305 27.184904098510742 -3.8672397136688232
0.0 0.0 0.0
15.457392692565918 27.716829299926758 -3.820676565170288
0.0 0.0 0.0
0.0 0.0 0.0
0.0 0.0 0.0
0.0 0.0 0.0
0.0 0.0 0.0
0.0 0.0 0.0
0.0 0.0 0.0
0.0 0.0 0.0
0.0 0.0 0.0
0.0 0.0 0.0
0.0 0.0 0.0
0.0 0.0 0.0
0.0 0.0 0.0
0.0 0.0 0.0
0.0 0.0 0.0
0.0 0.0 0.0
0.0 0.0 0.0
0.0 0.0 0.0
0.0 0.0 0.0
0.0 0.0 0.0
0.0 0.0 0.0
0.0 0.0 0.0
0.0 0.0 0.0
0.0 0.0 0.0
0.0 0.0 0.0
0.0 0.0 0.0
0.0 0.0 0.0
0.0 0.0 0.0
0.0 0.0 0.0
0.0 0.0 0.0
0.0 0.0 0.0
0.0 0.0 0.0
0.0 0.0 0.0
0.0 0.0 0.0
0.0 0.0 0.0
0.0 0.0 0.0
0.0 0.0 0.0
0.0 0.0 0.0
0.0 0.0 0.0
0.0 0.0 0.0
0.0 0.0 0.0
0.0 0.0 0.0
0.0 0.0 0.0
0.0 0.0 0.0
0.0 0.0 0.0
0.0 0.0 0.0
0.0 0.0 0.0
0.0 0.0 0.0
0.0 0.0 0.0
0.0 0.0 0.0
0.0 0.0 0.0
0.0 0.0 0.0
0.0 0.0 0.0
0.0 0.0 0.0
0.0 0.0 0.0
0.0 0.0 0.0
0.0 0.0 0.0
0.0 0.0 0.0
0.0 0.0 0.0
0.0 0.0 0.0
0.0 0.0 0.0
0.0 0.0 0.0
0.0 0.0 0.0
0.0 0.0 0.0
0.0 0.0 0.0
0.0 0.0 0.0
0.0 0.0 0.0
0.0 0.0 0.0
0.0 0.0 0.0
0.0 0.0 0.0
0.0 0.0 0.0
0.0 0.0 0.0
0.0 0.0 0.0
0.0 0.0 0.0
0.0 0.0 0.0
0.0 0.0 0.0
0.0 0.0 0.0
0.0 0.0 0.0
0.0 0.0 0.0
0.0 0.0 0.0
0.0 0.0 0.0
0.0 0.0 0.0
0.0 0.0 0.0
0.0 0.0 0.0
0.0 0.0 0.0
0.0 0.0 0.0
0.0 0.0 0.0
0.0 0.0 0.0
0.0 0.0 0.0
0.0 0.0 0.0
0.0 0.0 0.0
0.0 0.0 0.0
0.0 0.0 0.0
0.0 0.0 0.0
0.0 0.0 0.0
0.0 0.0 0.0
0.0 0.0 0.0
0.0 0.0 0.0
0.0 0.0 0.0
0.0 0.0 0.0
0.0 0.0 0.0
0.0 0.0 0.0
0.0 0.0 0.0
0.0 0.0 0.0
0.0 0.0 0.0
0.0 0.0 0.0
0.0 0.0 0.0
0.0 0.0 0.0
0.0 0.0 0.0
0.0 0.0 0.0
0.0 0.0 0.0
0.0 0.0 0.0
0.0 0.0 0.0
0.0 0.0 0.0
0.0 0.0 0.0
0.0 0.0 0.0
0.0 0.0 0.0
0.0 0.0 0.0
0.0 0.0 0.0
0.0 0.0 0.0
0.0 0.0 0.0
0.0 0.0 0.0
0.0 0.0 0.0
0.0 0.0 0.0
0.0 0.0 0.0
0.0 0.0 0.0
0.0 0.0 0.0
0.0 0.0 0.0
0.0 0.0 0.0
0.0 0.0 0.0
0.0 0.0 0.0
0.0 0.0 0.0
0.0 0.0 0.0
0.0 0.0 0.0
0.0 0.0 0.0
0.0 0.0 0.0
0.0 0.0 0.0
0.0 0.0 0.0
0.0 0.0 0.0
0.0 0.0 0.0
0.0 0.0 0.0
0.0 0.0 0.0
0.0 0.0 0.0
0.0 0.0 0.0
0.0 0.0 0.0
0.0 0.0 0.0
0.0 0.0 0.0
0.0 0.0 0.0
0.0 0.0 0.0
0.0 0.0 0.0
0.0 0.0 0.0
0.0 0.0 0.0
0.0 0.0 0.0
0.0 0.0 0.0
0.0 0.0 0.0
0.0 0.0 0.0
0.0 0.0 0.0
0.0 0.0 0.0
0.0 0.0 0.0
0.0 0.0 0.0
0.0 0.0 0.0
0.0 0.0 0.0
0.0 0.0 0.0
0.0 0.0 0.0
0.0 0.0 0.0
0.0 0.0 0.0
0.0 0.0 0.0
0.0 0.0 0.0
0.0 0.0 0.0
0.0 0.0 0.0
0.0 0.0 0.0
0.0 0.0 0.0
0.0 0.0 0.0
0.0 0.0 0.0
0.0 0.0 0.0
0.0 0.0 0.0
0.0 0.0 0.0
0.0 0.0 0.0
0.0 0.0 0.0
0.0 0.0 0.0
0.0 0.0 0.0
0.0 0.0 0.0
0.0 0.0 0.0
0.0 0.0 0.0
0.0 0.0 0.0
0.0 0.0 0.0
0.0 0.0 0.0
0.0 0.0 0.0
0.0 0.0 0.0
0.0 0.0 0.0
0.0 0.0 0.0
0.0 0.0 0.0
0.0 0.0 0.0
0.0 0.0 0.0
0.0 0.0 0.0
0.0 0.0 0.0
0.0 0.0 0.0
0.0 0.0 0.0
0.0 0.0 0.0
0.0 0.0 0.0
0.0 0.0 0.0
-20.25481414794922 29.29656410217285 -2.6465065479278564
0.0 0.0 0.0
0.0 0.0 0.0
0.0 0.0 0.0
0.0 0.0 0.0
0.0 0.0 0.0
0.0 0.0 0.0
0.0 0.0 0.0
0.0 0.0 0.0
0.0 0.0 0.0
0.0 0.0 0.0
0.0 0.0 0.0
0.0 0.0 0.0
0.0 0.0 0.0
0.0 0.0 0.0
0.0 0.0 0.0
-13.558026313781738 25.234251022338867 -3.3725955486297607
0.0 0.0 0.0
0.0 0.0 0.0
0.0 0.0 0.0
0.0 0.0 0.0
0.0 0.0 0.0
0.0 0.0 0.0
-11.290407180786133 23.7261962890625 -3.530646800994873
0.0 0.0 0.0
-10.803812026977539 23.542987823486328 -3.5986807346343994
0.0 0.0 0.0
0.0 0.0 0.0
0.0 0.0 0.0
0.0 0.0 0.0
0.0 0.0 0.0
0.0 0.0 0.0
0.0 0.0 0.0
0.0 0.0 0.0
-8.550294876098633 22.220584869384766 -3.769836187362671
0.0 0.0 0.0
0.0 0.0 0.0
-7.9412055015563965 22.00779151916504 -3.8474535942077637
0.0 0.0 0.0
-7.516565322875977 21.7745361328125 -3.8770077228546143
-7.3171162605285645 21.68431854248047 -3.896031379699707
0.0 0.0 0.0
-6.919063091278076 21.496484756469727 -3.929377317428589
-6.732623100280762 21.427358627319336 -3.948910713195801
-6.539592266082764 21.330944061279297 -3.963242292404175
-6.365697860717773 21.291885375976562 -3.9881412982940674
0.0 0.0 0.0
-5.986170291900635 21.096393585205078 -4.010526657104492
-5.816127777099609 21.05337142944336 -4.0316243171691895
-5.640989303588867 20.986743927001953 -4.048154354095459
-5.4426445960998535 20.826263427734375 -4.044386863708496
-5.273216247558594 20.768451690673828 -4.059474945068359
-5.113517761230469 20.754484176635742 -4.083592414855957
-4.929886341094971 20.626893997192383 -4.084873676300049
-4.768342018127441 20.58393669128418 -4.101564884185791
-4.616912364959717 20.581239700317383 -4.124417304992676
-4.452085018157959 20.51371192932129 -4.13431453704834
-4.288926601409912 20.460350036621094 -4.147507667541504
-4.130888938903809 20.412851333618164 -4.161230087280273
-3.975867509841919 20.37605857849121 -4.174023628234863
-3.796967029571533 20.20637321472168 -4.159526348114014
-3.649904727935791 20.19723129272461 -4.178057670593262
-3.4935033321380615 20.1458683013916 -4.188315391540527
-3.362022876739502 20.221837997436523 -4.222075939178467
-3.207982063293457 20.161096572875977 -4.226566314697266
-3.070467233657837 20.201290130615234 -4.25237512588501
-2.91554856300354 20.123210906982422 -4.253432750701904
-2.759768009185791 20.029132843017578 -4.2496514320373535
-2.6239333152770996 20.09376335144043 -4.277683734893799
-2.4560413360595703 19.884138107299805 -4.2471723556518555
-2.3163931369781494 19.889541625976562 -4.262632369995117
-2.1720683574676514 19.85224723815918 -4.268882751464844
-2.0312745571136475 19.841272354125977 -4.277158260345459
-1.885071039199829 19.795263290405273 -4.278236389160156
-1.7408642768859863 19.73662567138672 -4.276549816131592
-1.608221411705017 19.806325912475586 -4.302863121032715
-1.4662455320358276 19.761503219604492 -4.301606178283691
-1.3258986473083496 19.727323532104492 -4.3017048835754395
-1.1837875843048096 19.696077346801758 -4.302765846252441
-1.0496331453323364 19.758995056152344 -4.324481010437012
-0.9102452397346497 19.722204208374023 -4.322976589202881
-0.7717301249504089 19.696426391601562 -4.321456432342529
-0.6342586278915405 19.6849308013916 -4.323265075683594
-0.4961739480495453 19.74117088317871 -4.340254306793213
-0.3583509027957916 19.712526321411133 -4.338559627532959
-0.22140181064605713 19.737165451049805 -4.3448028564453125
-0.08380516618490219 19.65022087097168 -4.326688766479492
0.05299777165055275 19.66532325744629 -4.3312506675720215
0.19055689871311188 19.751949310302734 -4.351781845092773
0.3308785557746887 19.77716636657715 -4.356021404266357
0.467941552400589 19.755962371826172 -4.34890079498291
0.6072964072227478 19.817697525024414 -4.360243797302246
0.7442349195480347 19.7907657623291 -4.352283477783203
0.8793210387229919 19.728872299194336 -4.335463047027588
1.026450753211975 19.86849594116211 -4.360229015350342
1.168704628944397 19.930965423583984 -4.36831521987915
1.3048804998397827 19.885793685913086 -4.353012561798096
1.4512628316879272 19.988142013549805 -4.370193958282471
1.5834623575210571 19.892391204833984 -4.340325355529785
1.7319774627685547 19.97053337097168 -4.348413944244385
1.8792423009872437 20.047767639160156 -4.356594562530518
2.0284316539764404 20.131526947021484 -4.366327285766602
2.16542649269104 20.08943748474121 -4.346306800842285
2.3146002292633057 20.156740188598633 -4.3486738204956055
2.45941162109375 20.158241271972656 -4.336791515350342
2.6234257221221924 20.325685501098633 -4.3609161376953125
2.768261432647705 20.333070755004883 -4.349615573883057
2.922743797302246 20.404272079467773 -4.3493332862854
3.0713770389556885 20.42897605895996 -4.3392720222473145
3.2242181301116943 20.475238800048828 -4.3339056968688965
3.3783328533172607 20.508726119995117 -4.325716972351074
3.542550563812256 20.609947204589844 -4.328563690185547
3.706322431564331 20.698633193969727 -4.328625202178955
3.860834836959839 20.729646682739258 -4.316713809967041
4.030655860900879 20.834646224975586 -4.320240497589111
4.180613994598389 20.81817054748535 -4.296262741088867
4.368496417999268 20.996259689331055 -4.311488628387451
4.526010513305664 21.01926612854004 -4.294824123382568
4.692379951477051 21.078487396240234 -4.285633087158203
4.877914905548096 21.21501350402832 -4.2911906242370605
5.043362140655518 21.245546340942383 -4.2724432945251465
5.232415199279785 21.379608154296875 -4.274894714355469
5.423422336578369 21.51213836669922 -4.276902675628662
0.0 0.0 0.0
5.762911796569824 21.58745002746582 -4.2400407791137695
5.99572229385376 21.83745002746582 -4.260930061340332
6.1713337898254395 21.879009246826172 -4.241373062133789
6.380934715270996 22.03354263305664 -4.243588447570801
6.595149517059326 22.193994522094727 -4.2447710037231445
6.749233245849609 22.146867752075195 -4.205211639404297
6.973290920257568 22.31439781188965 -4.205817222595215
7.160001754760742 22.36341667175293 -4.184372901916504
7.349678039550781 22.41853141784668 -4.16306209564209
7.57888650894165 22.585325241088867 -4.160501003265381
7.8331170082092285 22.81564712524414 -4.16916036605835
8.065436363220215 22.970949172973633 -4.163609027862549
8.267874717712402 23.0255126953125 -4.13861083984375
8.539402961730957 23.271190643310547 -4.145900249481201
8.743087768554688 23.32303237915039 -4.118228435516357
8.986490249633789 23.473953247070312 -4.107766151428223
9.282966613769531 23.751949310302734 -4.118893623352051
9.52077579498291 23.8616886138916 -4.097246170043945
9.813299179077148 24.10601043701172 -4.0985870361328125
10.068095207214355 24.24774742126465 -4.081878662109375
10.346599578857422 24.43683624267578 -4.072535991668701
10.557498931884766 24.4605770111084 -4.033514022827148
10.827020645141602 24.605051040649414 -4.012791156768799
11.164066314697266 24.89979362487793 -4.016507148742676
11.504173278808594 25.187618255615234 -4.018021106719971
0.0 0.0 0.0
12.0949125289917 25.53706169128418 -3.9782793521881104
12.369400024414062 25.64690589904785 -3.9461379051208496
0.0 0.0 0.0
0.0 0.0 0.0
0.0 0.0 0.0
13.72532844543457 26.54404640197754 -3.874976396560669
14.137560844421387 26.88058090209961 -3.869884967803955
0.0 0.0 0.0
0.0 0.0 0.0
0.0 0.0 0.0
0.0 0.0 0.0
0.0 0.0 0.0
0.0 0.0 0.0
17.22579574584961 29.190834045410156 -3.752847909927368
0.0 0.0 0.0
0.0 0.0 0.0
0.0 0.0 0.0
0.0 0.0 0.0
0.0 0.0 0.0
0.0 0.0 0.0
20.6467342376709 31.391578674316406 -3.48774790763855
0.0 0.0 0.0
0.0 0.0 0.0
0.0 0.0 0.0
0.0 0.0 0.0
0.0 0.0 0.0
0.0 0.0 0.0
0.0 0.0 0.0
0.0 0.0 0.0
0.0 0.0 0.0
0.0 0.0 0.0
0.0 0.0 0.0
0.0 0.0 0.0
0.0 0.0 0.0
0.0 0.0 0.0
0.0 0.0 0.0
0.0 0.0 0.0
0.0 0.0 0.0
0.0 0.0 0.0
0.0 0.0 0.0
0.0 0.0 0.0
0.0 0.0 0.0
0.0 0.0 0.0
0.0 0.0 0.0
0.0 0.0 0.0
0.0 0.0 0.0
0.0 0.0 0.0
0.0 0.0 0.0
0.0 0.0 0.0
0.0 0.0 0.0
0.0 0.0 0.0
0.0 0.0 0.0
0.0 0.0 0.0
0.0 0.0 0.0
0.0 0.0 0.0
0.0 0.0 0.0
0.0 0.0 0.0
0.0 0.0 0.0
0.0 0.0 0.0
0.0 0.0 0.0
0.0 0.0 0.0
0.0 0.0 0.0
0.0 0.0 0.0
0.0 0.0 0.0
0.0 0.0 0.0
0.0 0.0 0.0
0.0 0.0 0.0
0.0 0.0 0.0
0.0 0.0 0.0
0.0 0.0 0.0
0.0 0.0 0.0
0.0 0.0 0.0
0.0 0.0 0.0
0.0 0.0 0.0
0.0 0.0 0.0
0.0 0.0 0.0
0.0 0.0 0.0
0.0 0.0 0.0
0.0 0.0 0.0
0.0 0.0 0.0
0.0 0.0 0.0
0.0 0.0 0.0
0.0 0.0 0.0
0.0 0.0 0.0
0.0 0.0 0.0
0.0 0.0 0.0
0.0 0.0 0.0
0.0 0.0 0.0
0.0 0.0 0.0
0.0 0.0 0.0
0.0 0.0 0.0
0.0 0.0 0.0
0.0 0.0 0.0
0.0 0.0 0.0
0.0 0.0 0.0
0.0 0.0 0.0
0.0 0.0 0.0
0.0 0.0 0.0
0.0 0.0 0.0
0.0 0.0 0.0
0.0 0.0 0.0
0.0 0.0 0.0
0.0 0.0 0.0
0.0 0.0 0.0
0.0 0.0 0.0
0.0 0.0 0.0
0.0 0.0 0.0
0.0 0.0 0.0
0.0 0.0 0.0
0.0 0.0 0.0
0.0 0.0 0.0
0.0 0.0 0.0
0.0 0.0 0.0
0.0 0.0 0.0
0.0 0.0 0.0
0.0 0.0 0.0
0.0 0.0 0.0
0.0 0.0 0.0
0.0 0.0 0.0
0.0 0.0 0.0
0.0 0.0 0.0
0.0 0.0 0.0
0.0 0.0 0.0
0.0 0.0 0.0
0.0 0.0 0.0
0.0 0.0 0.0
0.0 0.0 0.0
0.0 0.0 0.0
0.0 0.0 0.0
0.0 0.0 0.0
0.0 0.0 0.0
0.0 0.0 0.0
0.0 0.0 0.0
0.0 0.0 0.0
0.0 0.0 0.0
0.0 0.0 0.0
0.0 0.0 0.0
0.0 0.0 0.0
0.0 0.0 0.0
0.0 0.0 0.0
0.0 0.0 0.0
0.0 0.0 0.0
0.0 0.0 0.0
0.0 0.0 0.0
0.0 0.0 0.0
0.0 0.0 0.0
0.0 0.0 0.0
0.0 0.0 0.0
0.0 0.0 0.0
0.0 0.0 0.0
0.0 0.0 0.0
0.0 0.0 0.0
0.0 0.0 0.0
0.0 0.0 0.0
0.0 0.0 0.0
0.0 0.0 0.0
0.0 0.0 0.0
0.0 0.0 0.0
0.0 0.0 0.0
0.0 0.0 0.0
0.0 0.0 0.0
0.0 0.0 0.0
0.0 0.0 0.0
0.0 0.0 0.0
0.0 0.0 0.0
0.0 0.0 0.0
0.0 0.0 0.0
0.0 0.0 0.0
0.0 0.0 0.0
0.0 0.0 0.0
0.0 0.0 0.0
0.0 0.0 0.0
0.0 0.0 0.0
0.0 0.0 0.0
0.0 0.0 0.0
0.0 0.0 0.0
0.0 0.0 0.0
0.0 0.0 0.0
0.0 0.0 0.0
0.0 0.0 0.0
0.0 0.0 0.0
0.0 0.0 0.0
0.0 0.0 0.0
0.0 0.0 0.0
0.0 0.0 0.0
0.0 0.0 0.0
0.0 0.0 0.0
0.0 0.0 0.0
0.0 0.0 0.0
0.0 0.0 0.0
0.0 0.0 0.0
0.0 0.0 0.0
0.0 0.0 0.0
0.0 0.0 0.0
0.0 0.0 0.0
0.0 0.0 0.0
0.0 0.0 0.0
0.0 0.0 0.0
0.0 0.0 0.0
0.0 0.0 0.0
0.0 0.0 0.0
0.0 0.0 0.0
0.0 0.0 0.0
0.0 0.0 0.0
0.0 0.0 0.0
0.0 0.0 0.0
0.0 0.0 0.0
0.0 0.0 0.0
0.0 0.0 0.0
0.0 0.0 0.0
0.0 0.0 0.0
0.0 0.0 0.0
0.0 0.0 0.0
0.0 0.0 0.0
0.0 0.0 0.0
0.0 0.0 0.0
0.0 0.0 0.0
0.0 0.0 0.0
-17.687030792236328 27.81096649169922 -2.9422457218170166
0.0 0.0 0.0
0.0 0.0 0.0
0.0 0.0 0.0
0.0 0.0 0.0
0.0 0.0 0.0
0.0 0.0 0.0
0.0 0.0 0.0
0.0 0.0 0.0
0.0 0.0 0.0
0.0 0.0 0.0
0.0 0.0 0.0
0.0 0.0 0.0
0.0 0.0 0.0
0.0 0.0 0.0
-12.091108322143555 24.307737350463867 -3.44991397857666
0.0 0.0 0.0
-11.647951126098633 24.256685256958008 -3.542880058288574
-11.361547470092773 24.0966796875 -3.569434881210327
0.0 0.0 0.0
0.0 0.0 0.0
0.0 0.0 0.0
0.0 0.0 0.0
-9.963244438171387 23.194644927978516 -3.659332275390625
0.0 0.0 0.0
-9.565597534179688 23.15256118774414 -3.73793625831604
0.0 0.0 0.0
0.0 0.0 0.0
0.0 0.0 0.0
0.0 0.0 0.0
0.0 0.0 0.0
0.0 0.0 0.0
-7.862531661987305 22.023893356323242 -3.8205409049987793
0.0 0.0 0.0
-7.454512119293213 21.844736099243164 -3.861015558242798
0.0 0.0 0.0
0.0 0.0 0.0
0.0 0.0 0.0
-6.67099666595459 21.487804412841797 -3.928168296813965
-6.504289627075195 21.487503051757812 -3.959662437438965
-6.312412738800049 21.389467239379883 -3.971508741378784
-6.090348720550537 21.178979873657227 -3.9621360301971436
0.0 0.0 0.0
-5.748891353607178 21.09345054626465 -4.00459098815918
-5.556375026702881 20.971681594848633 -4.008638858795166
-5.3885273933410645 20.925844192504883 -4.026638984680176
-5.208705902099609 20.826513290405273 -4.0342488288879395
-5.0520830154418945 20.815298080444336 -4.058805465698242
-4.898961067199707 20.8145809173584 -4.082386493682861
-4.711162090301514 20.671077728271484 -4.07834529876709
-4.577052116394043 20.746484756469727 -4.117115497589111
-4.387554168701172 20.566020965576172 -4.105153560638428
-4.217865467071533 20.467018127441406 -4.1070170402526855
-4.072831153869629 20.48339080810547 -4.1312174797058105
-3.9045279026031494 20.38995361328125 -4.133689880371094
-3.771469831466675 20.464324951171875 -4.169955730438232
-3.6213154792785645 20.44758415222168 -4.1865315437316895
-3.46457839012146 20.388654708862305 -4.192297458648682
-3.289163589477539 20.207658767700195 -4.172923564910889
-3.1267893314361572 20.108793258666992 -4.170766353607178
-2.9882309436798096 20.140859603881836 -4.195404529571533
-2.831023693084717 20.040035247802734 -4.188936710357666
-2.6950511932373047 20.085880279541016 -4.213284015655518
-2.542816162109375 20.005582809448242 -4.211312294006348
-2.413703680038452 20.106361389160156 -4.2476582527160645
-2.26326060295105 20.051298141479492 -4.248834133148193
-2.1056954860687256 19.896373748779297 -4.227400302886963
-1.9769244194030762 20.010284423828125 -4.263268947601318
-1.8262159824371338 19.89883041381836 -4.251305103302002
-1.6868393421173096 19.900724411010742 -4.262478828430176
-1.5427347421646118 19.871856689453125 -4.264781475067139
-1.4049224853515625 19.887527465820312 -4.276683330535889
-1.2663297653198242 19.894622802734375 -4.286960601806641
-1.1246163845062256 19.84355354309082 -4.284877300262451
-0.9867711067199707 19.857166290283203 -4.292839050292969
-0.8463607430458069 19.866117477416992 -4.299915313720703
-0.7088212966918945 19.893089294433594 -4.311026096343994
-0.5734628438949585 20.006868362426758 -4.341195106506348
-0.4298298954963684 19.8034725189209 -4.30019474029541
-0.29349708557128906 19.90093994140625 -4.323054790496826
-0.15327756106853485 19.982200622558594 -4.342654705047607
-0.014255796559154987 19.909791946411133 -4.329036712646484
0.12370877712965012 19.828996658325195 -4.312791347503662
0.2626836895942688 19.908185958862305 -4.328475475311279
0.40222781896591187 19.959688186645508 -4.338338851928711
0.5417768955230713 19.983501434326172 -4.34238862991333
0.6839823126792908 20.002445220947266 -4.345573902130127
0.8218932151794434 19.967853546142578 -4.333572864532471
0.963033139705658 20.008676528930664 -4.337658405303955
1.104990839958191 20.05231475830078 -4.34254264831543
1.2517077922821045 20.163555145263672 -4.362244606018066
1.388984203338623 20.075931549072266 -4.336878776550293
1.534288763999939 20.140241622924805 -4.342660427093506
1.673906922340393 20.123577117919922 -4.331166744232178
1.8198862075805664 20.178220748901367 -4.335209369659424
1.9648635387420654 20.212921142578125 -4.334550857543945
2.1133062839508057 20.2508544921875 -4.331237316131592
2.2577943801879883 20.268936157226562 -4.324042797088623
2.4147722721099854 20.38846206665039 -4.338611602783203
2.564957857131958 20.43853759765625 -4.338507175445557
2.7044594287872314 20.40097999572754 -4.316843032836914
2.8502979278564453 20.392627716064453 -4.300498962402344
3.024068593978882 20.59165382385254 -4.328209400177002
3.1869380474090576 20.698545455932617 -4.336514949798584
3.339864492416382 20.732744216918945 -4.328103542327881
3.494508743286133 20.769947052001953 -4.318304538726807
3.637110710144043 20.734392166137695 -4.293574810028076
3.8089072704315186 20.844295501708984 -4.298760414123535
3.9747142791748047 20.92698860168457 -4.29838228225708
4.135956287384033 20.97896957397461 -4.288532257080078
4.2927446365356445 21.003448486328125 -4.2731499671936035
4.468319416046143 21.112974166870117 -4.275102615356445
4.647404670715332 21.216876983642578 -4.275519371032715
4.826376438140869 21.324047088623047 -4.274470806121826
5.013427734375 21.456037521362305 -4.277383804321289
5.162115573883057 21.4186954498291 -4.246581077575684
5.356594562530518 21.566490173339844 -4.252533435821533
0.0 0.0 0.0
5.723506927490234 21.73477554321289 -4.234148025512695
5.91635274887085 21.848651885986328 -4.22987174987793
6.125482559204102 22.012725830078125 -4.235101699829102
6.3160200119018555 22.10117530822754 -4.225388526916504
6.485060214996338 22.09931755065918 -4.195188999176025
6.710427284240723 22.291912078857422 -4.202261447906494
6.913861274719238 22.401674270629883 -4.193421363830566
7.095788478851318 22.436403274536133 -4.170476913452148
7.330842971801758 22.631071090698242 -4.174816131591797
7.55073881149292 22.768943786621094 -4.167718887329102
7.773371696472168 22.896738052368164 -4.157881259918213
7.987846851348877 23.001556396484375 -4.144167900085449
8.290365219116211 23.348007202148438 -4.17205810546875
8.415903091430664 23.188098907470703 -4.107954502105713
8.700385093688965 23.461103439331055 -4.120419025421143
8.963438987731934 23.6546573638916 -4.117611885070801
9.231886863708496 23.861391067504883 -4.116418838500977
0.0 0.0 0.0
9.695661544799805 24.05998992919922 -4.07231330871582
9.949286460876465 24.20262336730957 -4.057075023651123
10.240964889526367 24.420307159423828 -4.052783012390137
0.0 0.0 0.0
10.760294914245605 24.690380096435547 -4.012442588806152
0.0 0.0 0.0
11.335082054138184 25.053001403808594 -3.9847097396850586
11.636645317077637 25.243295669555664 -3.968071460723877
12.01090145111084 25.58589744567871 -3.975066661834717
12.285419464111328 25.704689025878906 -3.946366548538208
0.0 0.0 0.0
13.030291557312012 26.31644630432129 -3.9405956268310547
0.0 0.0 0.0
0.0 0.0 0.0
14.004199028015137 26.84939956665039 -3.8614654541015625
14.422174453735352 27.186716079711914 -3.8538644313812256
0.0 0.0 0.0
15.334050178527832 27.956771850585938 -3.8470232486724854
15.618520736694336 28.00456428527832 -3.7933852672576904
0.0 0.0 0.0
0.0 0.0 0.0
0.0 0.0 0.0
0.0 0.0 0.0
0.0 0.0 0.0
0.0 0.0 0.0
0.0 0.0 0.0
0.0 0.0 0.0
0.0 0.0 0.0
0.0 0.0 0.0
0.0 0.0 0.0
0.0 0.0 0.0
0.0 0.0 0.0
0.0 0.0 0.0
0.0 0.0 0.0
0.0 0.0 0.0
0.0 0.0 0.0
0.0 0.0 0.0
0.0 0.0 0.0
0.0 0.0 0.0
0.0 0.0 0.0
0.0 0.0 0.0
0.0 0.0 0.0
0.0 0.0 0.0
0.0 0.0 0.0
0.0 0.0 0.0
0.0 0.0 0.0
0.0 0.0 0.0
0.0 0.0 0.0
0.0 0.0 0.0
0.0 0.0 0.0
0.0 0.0 0.0
0.0 0.0 0.0
0.0 0.0 0.0
0.0 0.0 0.0
0.0 0.0 0.0
0.0 0.0 0.0
0.0 0.0 0.0
0.0 0.0 0.0
0.0 0.0 0.0
0.0 0.0 0.0
0.0 0.0 0.0
0.0 0.0 0.0
0.0 0.0 0.0
0.0 0.0 0.0
0.0 0.0 0.0
0.0 0.0 0.0
0.0 0.0 0.0
0.0 0.0 0.0
0.0 0.0 0.0
0.0 0.0 0.0
0.0 0.0 0.0
0.0 0.0 0.0
0.0 0.0 0.0
0.0 0.0 0.0
0.0 0.0 0.0
0.0 0.0 0.0
0.0 0.0 0.0
0.0 0.0 0.0
0.0 0.0 0.0
0.0 0.0 0.0
0.0 0.0 0.0
0.0 0.0 0.0
0.0 0.0 0.0
0.0 0.0 0.0
0.0 0.0 0.0
0.0 0.0 0.0
0.0 0.0 0.0
0.0 0.0 0.0
0.0 0.0 0.0
0.0 0.0 0.0
0.0 0.0 0.0
0.0 0.0 0.0
0.0 0.0 0.0
0.0 0.0 0.0
0.0 0.0 0.0
0.0 0.0 0.0
0.0 0.0 0.0
0.0 0.0 0.0
0.0 0.0 0.0
0.0 0.0 0.0
0.0 0.0 0.0
0.0 0.0 0.0
0.0 0.0 0.0
0.0 0.0 0.0
0.0 0.0 0.0
0.0 0.0 0.0
0.0 0.0 0.0
0.0 0.0 0.0
0.0 0.0 0.0
0.0 0.0 0.0
0.0 0.0 0.0
0.0 0.0 0.0
0.0 0.0 0.0
0.0 0.0 0.0
0.0 0.0 0.0
0.0 0.0 0.0
0.0 0.0 0.0
0.0 0.0 0.0
0.0 0.0 0.0
0.0 0.0 0.0
0.0 0.0 0.0
0.0 0.0 0.0
0.0 0.0 0.0
0.0 0.0 0.0
0.0 0.0 0.0
0.0 0.0 0.0
0.0 0.0 0.0
0.0 0.0 0.0
0.0 0.0 0.0
0.0 0.0 0.0
0.0 0.0 0.0
0.0 0.0 0.0
0.0 0.0 0.0
0.0 0.0 0.0
0.0 0.0 0.0
0.0 0.0 0.0
0.0 0.0 0.0
0.0 0.0 0.0
0.0 0.0 0.0
0.0 0.0 0.0
0.0 0.0 0.0
0.0 0.0 0.0
0.0 0.0 0.0
0.0 0.0 0.0
0.0 0.0 0.0
0.0 0.0 0.0
0.0 0.0 0.0
0.0 0.0 0.0
0.0 0.0 0.0
0.0 0.0 0.0
0.0 0.0 0.0
0.0 0.0 0.0
0.0 0.0 0.0
0.0 0.0 0.0
0.0 0.0 0.0
0.0 0.0 0.0
0.0 0.0 0.0
0.0 0.0 0.0
0.0 0.0 0.0
0.0 0.0 0.0
0.0 0.0 0.0
0.0 0.0 0.0
0.0 0.0 0.0
0.0 0.0 0.0
0.0 0.0 0.0
0.0 0.0 0.0
0.0 0.0 0.0
0.0 0.0 0.0
0.0 0.0 0.0
0.0 0.0 0.0
0.0 0.0 0.0
0.0 0.0 0.0
0.0 0.0 0.0
0.0 0.0 0.0
0.0 0.0 0.0
0.0 0.0 0.0
0.0 0.0 0.0
0.0 0.0 0.0
0.0 0.0 0.0
0.0 0.0 0.0
0.0 0.0 0.0
0.0 0.0 0.0
0.0 0.0 0.0
0.0 0.0 0.0
0.0 0.0 0.0
0.0 0.0 0.0
0.0 0.0 0.0
0.0 0.0 0.0
0.0 0.0 0.0
0.0 0.0 0.0
0.0 0.0 0.0
0.0 0.0 0.0
0.0 0.0 0.0
0.0 0.0 0.0
0.0 0.0 0.0
0.0 0.0 0.0
0.0 0.0 0.0
0.0 0.0 0.0
0.0 0.0 0.0
0.0 0.0 0.0
0.0 0.0 0.0
0.0 0.0 0.0
0.0 0.0 0.0
0.0 0.0 0.0
0.0 0.0 0.0
0.0 0.0 0.0
0.0 0.0 0.0
0.0 0.0 0.0
0.0 0.0 0.0
0.0 0.0 0.0
0.0 0.0 0.0
0.0 0.0 0.0
0.0 0.0 0.0
0.0 0.0 0.0
0.0 0.0 0.0
0.0 0.0 0.0
0.0 0.0 0.0
0.0 0.0 0.0
0.0 0.0 0.0
0.0 0.0 0.0
0.0 0.0 0.0
0.0 0.0 0.0
0.0 0.0 0.0
0.0 0.0 0.0
0.0 0.0 0.0
0.0 0.0 0.0
0.0 0.0 0.0
0.0 0.0 0.0
-16.543933868408203 27.04470443725586 -3.0257906913757324
0.0 0.0 0.0
-15.69162654876709 26.477724075317383 -3.096815824508667
0.0 0.0 0.0
-15.059985160827637 26.238693237304688 -3.1966145038604736
0.0 0.0 0.0
0.0 0.0 0.0
-14.068964004516602 25.75161361694336 -3.3186354637145996
0.0 0.0 0.0
-13.367081642150879 25.300317764282227 -3.3727054595947266
-12.936202049255371 24.904037475585938 -3.374772787094116
-12.652495384216309 24.77968978881836 -3.4106173515319824
0.0 0.0 0.0
0.0 0.0 0.0
0.0 0.0 0.0
0.0 0.0 0.0
0.0 0.0 0.0
0.0 0.0 0.0
0.0 0.0 0.0
0.0 0.0 0.0
0.0 0.0 0.0
0.0 0.0 0.0
0.0 0.0 0.0
-9.340123176574707 22.837095260620117 -3.673919677734375
0.0 0.0 0.0
0.0 0.0 0.0
-8.773696899414062 22.80122184753418 -3.786322832107544
0.0 0.0 0.0
0.0 0.0 0.0
0.0 0.0 0.0
0.0 0.0 0.0
0.0 0.0 0.0
0.0 0.0 0.0
-7.191612720489502 21.819223403930664 -3.866079568862915
0.0 0.0 0.0
-6.836720943450928 21.75727653503418 -3.9202914237976074
-6.609944820404053 21.55891990661621 -3.9145283699035645
-6.438091278076172 21.53180694580078 -3.939629077911377
-6.227109909057617 21.366695404052734 -3.9392991065979004
-6.073769569396973 21.403867721557617 -3.9767251014709473
-5.873672962188721 21.26190185546875 -3.977646589279175
-5.689128875732422 21.166440963745117 -3.9869401454925537
-5.495358467102051 21.02861213684082 -3.9880940914154053
-5.3455491065979 21.05294418334961 -4.019939422607422
-5.156120777130127 20.92798614501953 -4.021657943725586
-5.010661602020264 20.96541404724121 -4.053058624267578
-4.841536045074463 20.900833129882812 -4.0648393630981445
-4.686834812164307 20.89485740661621 -4.08809757232666
-4.525461196899414 20.8541316986084 -4.10349702835083
-4.3516693115234375 20.760421752929688 -4.106600761413574
-4.191847324371338 20.713762283325195 -4.118646621704102
-4.013062477111816 20.564308166503906 -4.110203742980957
-3.8514328002929688 20.492525100708008 -4.117208480834961
-3.7038443088531494 20.491802215576172 -4.135256767272949
-3.550010919570923 20.467727661132812 -4.1489973068237305
-3.402188777923584 20.46107292175293 -4.166110038757324
-3.2463622093200684 20.40038299560547 -4.172308921813965
-3.0835721492767334 20.285987854003906 -4.165237903594971
-2.941699981689453 20.303199768066406 -4.1839447021484375
-2.793989658355713 20.27770233154297 -4.194024562835693
-2.634392261505127 20.17551612854004 -4.188596248626709
-2.5071139335632324 20.299856185913086 -4.229091167449951
-2.342503786087036 20.116167068481445 -4.20280122756958
-2.1953959465026855 20.068096160888672 -4.204908847808838
-2.052729368209839 20.05318260192871 -4.214102268218994
-1.9111878871917725 20.071687698364258 -4.230731964111328
-1.76924729347229 20.05928611755371 -4.237222671508789
-1.626333475112915 20.03072166442871 -4.240087985992432
-1.4853166341781616 20.02019691467285 -4.246953010559082
-1.3404262065887451 19.947681427001953 -4.2408270835876465
-1.203053593635559 20.01960563659668 -4.263589382171631
-1.060750126838684 19.97260093688965 -4.259176731109619
-0.9217768311500549 19.97801399230957 -4.266128063201904
-0.7811347842216492 19.940471649169922 -4.264100074768066
-0.6455808281898499 20.047138214111328 -4.2925639152526855
-0.5018617510795593 19.977970123291016 -4.280223846435547
-0.36436042189598083 20.06049919128418 -4.300553321838379
-0.22376641631126404 19.966394424438477 -4.283220291137695
-0.08490500599145889 19.966794967651367 -4.286354064941406
0.05422274023294449 20.06238555908203 -4.306849002838135
0.19375932216644287 20.061723709106445 -4.305915355682373
0.335906058549881 20.07914924621582 -4.30906343460083
0.47781631350517273 20.171985626220703 -4.328612804412842
0.6176590919494629 20.153444290161133 -4.322810173034668
0.756005585193634 20.100095748901367 -4.30724573135376
0.898743212223053 20.160276412963867 -4.3162150382995605
1.0421091318130493 20.169748306274414 -4.314462661743164
1.1786459684371948 20.098251342773438 -4.295577526092529
1.3227896690368652 20.156240463256836 -4.300638198852539
1.4733325242996216 20.2894229888916 -4.3218770027160645
1.6129076480865479 20.257692337036133 -4.308146953582764
1.7709447145462036 20.415191650390625 -4.33471155166626
1.9077568054199219 20.347705841064453 -4.311186790466309
2.060213327407837 20.443111419677734 -4.320955276489258
2.1979527473449707 20.38916778564453 -4.299343585968018
2.3574442863464355 20.52799415588379 -4.3185248374938965
2.5117852687835693 20.585851669311523 -4.319517612457275
2.6534547805786133 20.5561466217041 -4.299646377563477
2.775216817855835 20.381406784057617 -4.249763488769531
2.9726405143737793 20.751317977905273 -4.313523292541504
3.1043930053710938 20.646522521972656 -4.278608798980713
3.2859790325164795 20.86665916442871 -4.307888507843018
3.4380548000335693 20.869728088378906 -4.291649341583252
3.6039960384368896 20.966388702392578 -4.295047283172607
3.757951259613037 20.986371994018555 -4.2828240394592285
3.9250669479370117 21.0733585357666 -4.282488822937012
4.083320617675781 21.10672950744629 -4.269639492034912
4.250852584838867 21.16853904724121 -4.262279987335205
4.409836292266846 21.19571876525879 -4.248371601104736
4.581623554229736 21.278017044067383 -4.2449951171875
4.762362003326416 21.39317512512207 -4.245314598083496
4.941492557525635 21.49192237854004 -4.242302417755127
5.1108598709106445 21.52894401550293 -4.226694107055664
5.294616222381592 21.6323184967041 -4.224530220031738
5.473548889160156 21.708606719970703 -4.2144999504089355
5.672367572784424 21.8541259765625 -4.21720552444458
5.850533485412598 21.912660598754883 -4.2030439376831055
6.051966667175293 22.03949737548828 -4.201425552368164
6.263010025024414 22.202579498291016 -4.205487251281738
6.44697904586792 22.260658264160156 -4.187950134277344
6.677888870239258 22.472091674804688 -4.199058532714844
6.857135772705078 22.501190185546875 -4.1758952140808105
7.085691452026367 22.67511558532715 -4.1784281730651855
7.250057220458984 22.646488189697266 -4.141787528991699
7.492292404174805 22.854379653930664 -4.148239612579346
7.7281694412231445 23.030811309814453 -4.148497104644775
7.972963809967041 23.2233829498291 -4.1512651443481445
8.177464485168457 23.290552139282227 -4.1288275718688965
0.0 0.0 0.0
8.649426460266113 23.570714950561523 -4.107789039611816
8.903806686401367 23.751384735107422 -4.104025363922119
9.126453399658203 23.839996337890625 -4.082362651824951
9.349778175354004 23.923044204711914 -4.05866813659668
9.660500526428223 24.211040496826172 -4.068535804748535
9.863734245300293 24.22880744934082 -4.03315544128418
10.210881233215332 24.59119987487793 -4.053316593170166
10.386116027832031 24.53042221069336 -4.001984596252441
0.0 0.0 0.0
0.0 0.0 0.0
11.275750160217285 25.150623321533203 -3.9743664264678955
11.592453002929688 25.38120460510254 -3.9654173851013184
11.912762641906738 25.608720779418945 -3.955153465270996
0.0 0.0 0.0
0.0 0.0 0.0
12.74630069732666 25.962278366088867 -3.8660154342651367
0.0 0.0 0.0
0.0 0.0 0.0
13.823493957519531 26.735069274902344 -3.8279435634613037
0.0 0.0 0.0
14.629677772521973 27.346242904663086 -3.8044607639312744
0.0 0.0 0.0
0.0 0.0 0.0
0.0 0.0 0.0
0.0 0.0 0.0
0.0 0.0 0.0
0.0 0.0 0.0
0.0 0.0 0.0
0.0 0.0 0.0
0.0 0.0 0.0
0.0 0.0 0.0
19.79131507873535 31.01809310913086 -3.547030448913574
0.0 0.0 0.0
0.0 0.0 0.0
0.0 0.0 0.0
0.0 0.0 0.0
0.0 0.0 0.0
0.0 0.0 0.0
0.0 0.0 0.0
0.0 0.0 0.0
0.0 0.0 0.0
0.0 0.0 0.0
0.0 0.0 0.0
0.0 0.0 0.0
0.0 0.0 0.0
0.0 0.0 0.0
0.0 0.0 0.0
0.0 0.0 0.0
0.0 0.0 0.0
0.0 0.0 0.0
0.0 0.0 0.0
0.0 0.0 0.0
0.0 0.0 0.0
0.0 0.0 0.0
0.0 0.0 0.0
0.0 0.0 0.0
0.0 0.0 0.0
0.0 0.0 0.0
0.0 0.0 0.0
0.0 0.0 0.0
0.0 0.0 0.0
0.0 0.0 0.0
0.0 0.0 0.0
0.0 0.0 0.0
0.0 0.0 0.0
0.0 0.0 0.0
0.0 0.0 0.0
0.0 0.0 0.0
0.0 0.0 0.0
0.0 0.0 0.0
0.0 0.0 0.0
0.0 0.0 0.0
0.0 0.0 0.0
0.0 0.0 0.0
0.0 0.0 0.0
0.0 0.0 0.0
0.0 0.0 0.0
0.0 0.0 0.0
0.0 0.0 0.0
0.0 0.0 0.0
0.0 0.0 0.0
0.0 0.0 0.0
0.0 0.0 0.0
0.0 0.0 0.0
0.0 0.0 0.0
0.0 0.0 0.0
0.0 0.0 0.0
0.0 0.0 0.0
0.0 0.0 0.0
0.0 0.0 0.0
0.0 0.0 0.0
0.0 0.0 0.0
0.0 0.0 0.0
0.0 0.0 0.0
0.0 0.0 0.0
0.0 0.0 0.0
0.0 0.0 0.0
0.0 0.0 0.0
0.0 0.0 0.0
0.0 0.0 0.0
0.0 0.0 0.0
0.0 0.0 0.0
0.0 0.0 0.0
0.0 0.0 0.0
0.0 0.0 0.0
0.0 0.0 0.0
0.0 0.0 0.0
0.0 0.0 0.0
0.0 0.0 0.0
0.0 0.0 0.0
0.0 0.0 0.0
0.0 0.0 0.0
0.0 0.0 0.0
0.0 0.0 0.0
0.0 0.0 0.0
0.0 0.0 0.0
0.0 0.0 0.0
0.0 0.0 0.0
0.0 0.0 0.0
0.0 0.0 0.0
0.0 0.0 0.0
0.0 0.0 0.0
0.0 0.0 0.0
0.0 0.0 0.0
0.0 0.0 0.0
0.0 0.0 0.0
0.0 0.0 0.0
0.0 0.0 0.0
0.0 0.0 0.0
0.0 0.0 0.0
0.0 0.0 0.0
0.0 0.0 0.0
0.0 0.0 0.0
0.0 0.0 0.0
0.0 0.0 0.0
0.0 0.0 0.0
0.0 0.0 0.0
0.0 0.0 0.0
0.0 0.0 0.0
0.0 0.0 0.0
0.0 0.0 0.0
0.0 0.0 0.0
0.0 0.0 0.0
0.0 0.0 0.0
0.0 0.0 0.0
0.0 0.0 0.0
0.0 0.0 0.0
0.0 0.0 0.0
0.0 0.0 0.0
0.0 0.0 0.0
0.0 0.0 0.0
0.0 0.0 0.0
0.0 0.0 0.0
0.0 0.0 0.0
0.0 0.0 0.0
0.0 0.0 0.0
0.0 0.0 0.0
0.0 0.0 0.0
0.0 0.0 0.0
0.0 0.0 0.0
0.0 0.0 0.0
0.0 0.0 0.0
0.0 0.0 0.0
0.0 0.0 0.0
0.0 0.0 0.0
0.0 0.0 0.0
0.0 0.0 0.0
0.0 0.0 0.0
0.0 0.0 0.0
0.0 0.0 0.0
0.0 0.0 0.0
0.0 0.0 0.0
0.0 0.0 0.0
0.0 0.0 0.0
0.0 0.0 0.0
0.0 0.0 0.0
0.0 0.0 0.0
0.0 0.0 0.0
0.0 0.0 0.0
0.0 0.0 0.0
0.0 0.0 0.0
0.0 0.0 0.0
0.0 0.0 0.0
0.0 0.0 0.0
0.0 0.0 0.0
0.0 0.0 0.0
0.0 0.0 0.0
0.0 0.0 0.0
0.0 0.0 0.0
0.0 0.0 0.0
0.0 0.0 0.0
0.0 0.0 0.0
0.0 0.0 0.0
0.0 0.0 0.0
0.0 0.0 0.0
0.0 0.0 0.0
0.0 0.0 0.0
0.0 0.0 0.0
0.0 0.0 0.0
0.0 0.0 0.0
0.0 0.0 0.0
0.0 0.0 0.0
0.0 0.0 0.0
0.0 0.0 0.0
0.0 0.0 0.0
0.0 0.0 0.0
0.0 0.0 0.0
0.0 0.0 0.0
0.0 0.0 0.0
0.0 0.0 0.0
0.0 0.0 0.0
0.0 0.0 0.0
0.0 0.0 0.0
0.0 0.0 0.0
0.0 0.0 0.0
0.0 0.0 0.0
0.0 0.0 0.0
0.0 0.0 0.0
0.0 0.0 0.0
0.0 0.0 0.0
0.0 0.0 0.0
0.0 0.0 0.0
0.0 0.0 0.0
0.0 0.0 0.0
0.0 0.0 0.0
0.0 0.0 0.0
0.0 0.0 0.0
0.0 0.0 0.0
0.0 0.0 0.0
0.0 0.0 0.0
0.0 0.0 0.0
0.0 0.0 0.0
0.0 0.0 0.0
-17.01254653930664 27.595746994018555 -3.0182838439941406
0.0 0.0 0.0
0.0 0.0 0.0
0.0 0.0 0.0
0.0 0.0 0.0
0.0 0.0 0.0
0.0 0.0 0.0
0.0 0.0 0.0
0.0 0.0 0.0
-13.563826560974121 25.451318740844727 -3.3266184329986572
0.0 0.0 0.0
0.0 0.0 0.0
0.0 0.0 0.0
0.0 0.0 0.0
-11.863000869750977 24.269832611083984 -3.426786184310913
0.0 0.0 0.0
0.0 0.0 0.0
0.0 0.0 0.0
0.0 0.0 0.0
0.0 0.0 0.0
0.0 0.0 0.0
0.0 0.0 0.0
0.0 0.0 0.0
0.0 0.0 0.0
-9.346753120422363 23.07940673828125 -3.6881535053253174
0.0 0.0 0.0
0.0 0.0 0.0
0.0 0.0 0.0
0.0 0.0 0.0
-8.184499740600586 22.433374404907227 -3.7717480659484863
-7.965737819671631 22.316152572631836 -3.7879796028137207
0.0 0.0 0.0
0.0 0.0 0.0
0.0 0.0 0.0
0.0 0.0 0.0
-6.930006980895996 21.784170150756836 -3.8605642318725586
-6.735286712646484 21.693307876586914 -3.8748769760131836
-6.558196067810059 21.664209365844727 -3.90071964263916
-6.361753940582275 21.555463790893555 -3.911555051803589
-6.20117712020874 21.563692092895508 -3.9418225288391113
-6.017182350158691 21.485631942749023 -3.9552195072174072
-5.808125972747803 21.309656143188477 -3.9503955841064453
-5.623053550720215 21.22160530090332 -3.962082624435425
-5.459107875823975 21.198688507080078 -3.984501600265503
-5.312052249908447 21.238149642944336 -4.016642093658447
-5.113797664642334 21.067541122436523 -4.009051322937012
-4.945629119873047 21.01112174987793 -4.023024082183838
-4.806487560272217 21.088655471801758 -4.063262462615967
-4.630364894866943 20.989151000976562 -4.065832138061523
-4.4336042404174805 20.783145904541016 -4.047530174255371
-4.287796974182129 20.808502197265625 -4.074265956878662
-4.1351141929626465 20.7989444732666 -4.094329833984375
-3.9658803939819336 20.71371078491211 -4.097853660583496
-3.7993791103363037 20.61943244934082 -4.097983360290527
-3.646416187286377 20.59181022644043 -4.11140775680542
-3.492737293243408 20.555498123168945 -4.123201370239258
-3.3532426357269287 20.601421356201172 -4.150754451751709
-3.1841323375701904 20.476913452148438 -4.141632080078125
-3.0453155040740967 20.525043487548828 -4.1672682762146
-2.878664016723633 20.378841400146484 -4.153548717498779
-2.7422022819519043 20.4400577545166 -4.182214736938477
-2.575479030609131 20.26551055908203 -4.159418106079102
-2.4446029663085938 20.367168426513672 -4.193007469177246
-2.288620948791504 20.278034210205078 -4.187726020812988
-2.1419827938079834 20.240812301635742 -4.193060398101807
-1.9985841512680054 20.229568481445312 -4.202028751373291
-1.862061619758606 20.29006004333496 -4.224187850952148
-1.7138103246688843 20.220046997070312 -4.219366550445557
-1.5684516429901123 20.202478408813477 -4.225809097290039
-1.4281716346740723 20.21816062927246 -4.238800048828125
-1.2763183116912842 20.054227828979492 -4.210842609405518
-1.141461730003357 20.14491081237793 -4.236517906188965
-1.002558708190918 20.177398681640625 -4.2501959800720215
-0.8585032224655151 20.15553092956543 -4.252757549285889
-0.7157801985740662 20.09116554260254 -4.243441581726074
-0.5793588161468506 20.213218688964844 -4.2725982666015625
-0.43555229902267456 20.07069206237793 -4.246029853820801
-0.29674267768859863 20.129682540893555 -4.262283802032471
-0.15415441989898682 20.123037338256836 -4.263495445251465
-0.014192177914083004 20.211496353149414 -4.282204627990723
0.12619338929653168 20.195802688598633 -4.279053211212158
0.26636335253715515 20.167667388916016 -4.273473739624023
0.40799620747566223 20.237903594970703 -4.288945198059082
0.550166130065918 20.28498077392578 -4.295960903167725
0.6931289434432983 20.266115188598633 -4.288890838623047
0.8333674073219299 20.242504119873047 -4.281080722808838
0.9784566760063171 20.32481575012207 -4.295870780944824
1.1145073175430298 20.223363876342773 -4.269791603088379
1.2607450485229492 20.30449104309082 -4.280567169189453
1.406816840171814 20.331043243408203 -4.279906749725342
1.5543140172958374 20.40245246887207 -4.288972854614258
1.695268154144287 20.3814697265625 -4.278217792510986
1.8483558893203735 20.493440628051758 -4.292213439941406
1.998118281364441 20.5548152923584 -4.295740604400635
2.1418278217315674 20.52358055114746 -4.279939651489258
2.289611339569092 20.552383422851562 -4.2770094871521
2.45259690284729 20.706106185913086 -4.297218322753906
2.5997300148010254 20.714496612548828 -4.286449909210205
2.7566535472869873 20.793920516967773 -4.290518760681152
2.9042866230010986 20.77708625793457 -4.274652481079102
3.0585451126098633 20.824199676513672 -4.2709174156188965
3.2208852767944336 20.916013717651367 -4.274062156677246
3.3761255741119385 20.95366096496582 -4.266222953796387
3.5447580814361572 21.06570816040039 -4.273600101470947
3.7018778324127197 21.100976943969727 -4.265472888946533
3.87460994720459 21.203187942504883 -4.267301559448242
4.02292013168335 21.180177688598633 -4.244275093078613
4.200754165649414 21.30654525756836 -4.2512617111206055
4.377476215362549 21.416473388671875 -4.25493049621582
4.521636962890625 21.364099502563477 -4.224326133728027
4.717203140258789 21.53531837463379 -4.23621129989624
4.878037929534912 21.551965713500977 -4.21803092956543
5.082282066345215 21.750492095947266 -4.235361099243164
5.245174407958984 21.764629364013672 -4.215975761413574
5.440762519836426 21.90451431274414 -4.218416213989258
5.665070533752441 22.13520050048828 -4.23763370513916
5.801980972290039 22.03019142150879 -4.193031311035156
6.003146171569824 22.16532325744629 -4.194206714630127
6.1804704666137695 22.206714630126953 -4.175019264221191
6.3744378089904785 22.302215576171875 -4.1657280921936035
6.5989298820495605 22.48393440246582 -4.171813488006592
6.761293888092041 22.458141326904297 -4.139814853668213
6.964324474334717 22.563831329345703 -4.130372047424316
7.202896595001221 22.774404525756836 -4.138652801513672
7.449670791625977 22.99742317199707 -4.148675441741943
7.641558647155762 23.04278564453125 -4.126411437988281
7.868262767791748 23.177061080932617 -4.118513107299805
8.09376335144043 23.306678771972656 -4.108009338378906
8.330313682556152 23.45978546142578 -4.101336479187012
8.54835319519043 23.552776336669922 -4.083858013153076
8.825807571411133 23.799360275268555 -4.09242582321167
9.051410675048828 23.88755226135254 -4.070403575897217
0.0 0.0 0.0
9.506386756896973 24.070606231689453 -4.027939796447754
9.849831581115723 24.440187454223633 -4.052404880523682
10.110090255737305 24.59261131286621 -4.037988185882568
0.0 0.0 0.0
10.584244728088379 24.753915786743164 -3.9831125736236572
0.0 0.0 0.0
11.28930950164795 25.420547485351562 -4.005624771118164
11.499838829040527 25.415386199951172 -3.960632085800171
11.733355522155762 25.44932746887207 -3.920866012573242
0.0 0.0 0.0
0.0 0.0 0.0
12.77563762664795 26.253829956054688 -3.9033615589141846
0.0 0.0 0.0
13.428085327148438 26.644458770751953 -3.8630223274230957
0.0 0.0 0.0
14.144169807434082 27.114534378051758 -3.8257298469543457
14.506860733032227 27.3447322845459 -3.8048408031463623
14.869576454162598 27.56449317932129 -3.7814974784851074
0.0 0.0 0.0
0.0 0.0 0.0
0.0 0.0 0.0
0.0 0.0 0.0
17.107816696166992 29.23029899597168 -3.7011497020721436
0.0 0.0 0.0
0.0 0.0 0.0
0.0 0.0 0.0
0.0 0.0 0.0
0.0 0.0 0.0
0.0 0.0 0.0
0.0 0.0 0.0
0.0 0.0 0.0
0.0 0.0 0.0
0.0 0.0 0.0
0.0 0.0 0.0
0.0 0.0 0.0
0.0 0.0 0.0
0.0 0.0 0.0
0.0 0.0 0.0
0.0 0.0 0.0
0.0 0.0 0.0
0.0 0.0 0.0
0.0 0.0 0.0
0.0 0.0 0.0
0.0 0.0 0.0
0.0 0.0 0.0
0.0 0.0 0.0
0.0 0.0 0.0
0.0 0.0 0.0
0.0 0.0 0.0
0.0 0.0 0.0
0.0 0.0 0.0
0.0 0.0 0.0
0.0 0.0 0.0
0.0 0.0 0.0
0.0 0.0 0.0
0.0 0.0 0.0
0.0 0.0 0.0
0.0 0.0 0.0
0.0 0.0 0.0
0.0 0.0 0.0
0.0 0.0 0.0
0.0 0.0 0.0
0.0 0.0 0.0
0.0 0.0 0.0
0.0 0.0 0.0
0.0 0.0 0.0
0.0 0.0 0.0
0.0 0.0 0.0
0.0 0.0 0.0
0.0 0.0 0.0
0.0 0.0 0.0
0.0 0.0 0.0
0.0 0.0 0.0
0.0 0.0 0.0
0.0 0.0 0.0
0.0 0.0 0.0
0.0 0.0 0.0
0.0 0.0 0.0
0.0 0.0 0.0
0.0 0.0 0.0
0.0 0.0 0.0
0.0 0.0 0.0
0.0 0.0 0.0
0.0 0.0 0.0
0.0 0.0 0.0
0.0 0.0 0.0
0.0 0.0 0.0
0.0 0.0 0.0
0.0 0.0 0.0
0.0 0.0 0.0
0.0 0.0 0.0
0.0 0.0 0.0
0.0 0.0 0.0
0.0 0.0 0.0
0.0 0.0 0.0
0.0 0.0 0.0
0.0 0.0 0.0
0.0 0.0 0.0
0.0 0.0 0.0
0.0 0.0 0.0
0.0 0.0 0.0
0.0 0.0 0.0
0.0 0.0 0.0
0.0 0.0 0.0
0.0 0.0 0.0
0.0 0.0 0.0
0.0 0.0 0.0
0.0 0.0 0.0
0.0 0.0 0.0
0.0 0.0 0.0
0.0 0.0 0.0
0.0 0.0 0.0
0.0 0.0 0.0
0.0 0.0 0.0
0.0 0.0 0.0
0.0 0.0 0.0
0.0 0.0 0.0
0.0 0.0 0.0
0.0 0.0 0.0
0.0 0.0 0.0
0.0 0.0 0.0
0.0 0.0 0.0
0.0 0.0 0.0
0.0 0.0 0.0
0.0 0.0 0.0
0.0 0.0 0.0
0.0 0.0 0.0
0.0 0.0 0.0
0.0 0.0 0.0
0.0 0.0 0.0
0.0 0.0 0.0
0.0 0.0 0.0
0.0 0.0 0.0
0.0 0.0 0.0
0.0 0.0 0.0
0.0 0.0 0.0
0.0 0.0 0.0
0.0 0.0 0.0
0.0 0.0 0.0
0.0 0.0 0.0
0.0 0.0 0.0
0.0 0.0 0.0
0.0 0.0 0.0
0.0 0.0 0.0
0.0 0.0 0.0
0.0 0.0 0.0
0.0 0.0 0.0
0.0 0.0 0.0
0.0 0.0 0.0
0.0 0.0 0.0
0.0 0.0 0.0
0.0 0.0 0.0
0.0 0.0 0.0
0.0 0.0 0.0
0.0 0.0 0.0
0.0 0.0 0.0
0.0 0.0 0.0
0.0 0.0 0.0
0.0 0.0 0.0
0.0 0.0 0.0
0.0 0.0 0.0
0.0 0.0 0.0
0.0 0.0 0.0
0.0 0.0 0.0
0.0 0.0 0.0
0.0 0.0 0.0
0.0 0.0 0.0
0.0 0.0 0.0
0.0 0.0 0.0
0.0 0.0 0.0
0.0 0.0 0.0
0.0 0.0 0.0
0.0 0.0 0.0
0.0 0.0 0.0
0.0 0.0 0.0
0.0 0.0 0.0
0.0 0.0 0.0
0.0 0.0 0.0
0.0 0.0 0.0
0.0 0.0 0.0
0.0 0.0 0.0
0.0 0.0 0.0
0.0 0.0 0.0
0.0 0.0 0.0
0.0 0.0 0.0
0.0 0.0 0.0
0.0 0.0 0.0
0.0 0.0 0.0
0.0 0.0 0.0
0.0 0.0 0.0
0.0 0.0 0.0
0.0 0.0 0.0
0.0 0.0 0.0
0.0 0.0 0.0
0.0 0.0 0.0
0.0 0.0 0.0
0.0 0.0 0.0
0.0 0.0 0.0
0.0 0.0 0.0
0.0 0.0 0.0
0.0 0.0 0.0
0.0 0.0 0.0
0.0 0.0 0.0
0.0 0.0 0.0
0.0 0.0 0.0
0.0 0.0 0.0
0.0 0.0 0.0
0.0 0.0 0.0
0.0 0.0 0.0
0.0 0.0 0.0
0.0 0.0 0.0
0.0 0.0 0.0
0.0 0.0 0.0
0.0 0.0 0.0
0.0 0.0 0.0
0.0 0.0 0.0
0.0 0.0 0.0
0.0 0.0 0.0
0.0 0.0 0.0
0.0 0.0 0.0
0.0 0.0 0.0
0.0 0.0 0.0
0.0 0.0 0.0
0.0 0.0 0.0
0.0 0.0 0.0
0.0 0.0 0.0
0.0 0.0 0.0
0.0 0.0 0.0
0.0 0.0 0.0
0.0 0.0 0.0
0.0 0.0 0.0
0.0 0.0 0.0
0.0 0.0 0.0
0.0 0.0 0.0
0.0 0.0 0.0
0.0 0.0 0.0
0.0 0.0 0.0
0.0 0.0 0.0
0.0 0.0 0.0
0.0 0.0 0.0
0.0 0.0 0.0
0.0 0.0 0.0
0.0 0.0 0.0
-11.806294441223145 24.367212295532227 -3.428776741027832
0.0 0.0 0.0
0.0 0.0 0.0
0.0 0.0 0.0
0.0 0.0 0.0
0.0 0.0 0.0
-10.240669250488281 23.614154815673828 -3.590433359146118
0.0 0.0 0.0
0.0 0.0 0.0
0.0 0.0 0.0
0.0 0.0 0.0
0.0 0.0 0.0
0.0 0.0 0.0
0.0 0.0 0.0
-8.34988784790039 22.6420841217041 -3.7474517822265625
0.0 0.0 0.0
0.0 0.0 0.0
-7.728882789611816 22.38755226135254 -3.8078231811523438
0.0 0.0 0.0
0.0 0.0 0.0
0.0 0.0 0.0
0.0 0.0 0.0
-6.706344127655029 21.87558937072754 -3.879417896270752
-6.503312587738037 21.75336456298828 -3.887990951538086
-6.356430530548096 21.814502716064453 -3.9270899295806885
-6.133861064910889 21.61979103088379 -3.920536756515503
-5.937647342681885 21.496620178222656 -3.9261257648468018
-5.784215927124023 21.524131774902344 -3.959242582321167
-5.590207576751709 21.394678115844727 -3.9606146812438965
-5.419991970062256 21.349361419677734 -3.977282762527466
-5.261106014251709 21.355459213256836 -4.00401496887207
-5.066603660583496 21.199142456054688 -3.9998042583465576
-4.8925371170043945 21.120176315307617 -4.008236885070801
-4.739383697509766 21.126203536987305 -4.0315728187561035
-4.579049110412598 21.097332000732422 -4.04836368560791
-4.423848628997803 21.10150718688965 -4.072005748748779
-4.237969398498535 20.938735961914062 -4.062211990356445
-4.0727949142456055 20.869104385375977 -4.067873477935791
-3.913050889968872 20.820829391479492 -4.077744483947754
-3.7386491298675537 20.684524536132812 -4.070339202880859
-3.6088693141937256 20.807899475097656 -4.114548206329346
-3.4500033855438232 20.749099731445312 -4.1196208000183105
-3.2850306034088135 20.643762588500977 -4.115021228790283
-3.136092185974121 20.631877899169922 -4.1291279792785645
-2.970839023590088 20.50518226623535 -4.120337963104248
-2.8365135192871094 20.58624839782715 -4.151660919189453
-2.680882453918457 20.53032684326172 -4.153810024261475
-2.5337116718292236 20.514816284179688 -4.1640543937683105
-2.380401134490967 20.441190719604492 -4.162613391876221
-2.240307569503784 20.47686004638672 -4.183297157287598
-2.0942978858947754 20.45892906188965 -4.189759731292725
-1.9444750547409058 20.421091079711914 -4.192480564117432
-1.8021721839904785 20.431547164916992 -4.205114364624023
-1.6585785150527954 20.425748825073242 -4.214599132537842
-1.506632685661316 20.305011749267578 -4.19781494140625
-1.3664393424987793 20.332286834716797 -4.2105326652526855
-1.2211401462554932 20.320520401000977 -4.215500831604004
-1.080758810043335 20.345802307128906 -4.22822380065918
-0.9385141730308533 20.33977699279785 -4.233521461486816
-0.7963988780975342 20.329504013061523 -4.235246658325195
-0.6525924801826477 20.26473617553711 -4.225811958312988
-0.5097028017044067 20.290748596191406 -4.235575199127197
-0.3688368499279022 20.30807113647461 -4.2436652183532715
-0.22889651358127594 20.42835807800293 -4.2699294090271
-0.08689186722040176 20.452180862426758 -4.2757649421691895
0.05500870570540428 20.31825065612793 -4.248821258544922
0.19703705608844757 20.389802932739258 -4.265049934387207
0.34025856852531433 20.330730438232422 -4.252217769622803
0.482325941324234 20.35523796081543 -4.254900932312012
0.6260396838188171 20.420793533325195 -4.266359329223633
0.7729889750480652 20.54647445678711 -4.290565490722656
0.9150749444961548 20.522159576416016 -4.283411979675293
1.057862639427185 20.470775604248047 -4.266990661621094
1.199562430381775 20.44904327392578 -4.25706148147583
1.349622130393982 20.559913635253906 -4.2749247550964355
1.4846575260162354 20.4407958984375 -4.245170593261719
1.6390693187713623 20.584430694580078 -4.267489910125732
1.7825742959976196 20.54787826538086 -4.251054763793945
1.934547781944275 20.63241958618164 -4.260005950927734
2.0831801891326904 20.670164108276367 -4.259441375732422
2.242271900177002 20.79835319519043 -4.27667760848999
2.39029860496521 20.81181526184082 -4.2676005363464355
2.5407214164733887 20.82016372680664 -4.257449626922607
2.6912670135498047 20.846681594848633 -4.2513933181762695
2.837815523147583 20.837947845458984 -4.238315582275391
3.008014440536499 20.9956111907959 -4.256145477294922
3.154492139816284 20.977783203125 -4.2379655838012695
3.321725845336914 21.091379165649414 -4.2464518547058105
3.478358030319214 21.112579345703125 -4.236172676086426
3.6457862854003906 21.20888328552246 -4.239579677581787
3.8148305416107178 21.304269790649414 -4.2407989501953125
3.9743123054504395 21.338014602661133 -4.229791164398193
4.1444807052612305 21.423309326171875 -4.229090690612793
4.323939800262451 21.533205032348633 -4.232693195343018
4.482537269592285 21.54499626159668 -4.214258193969727
4.670919895172119 21.690601348876953 -4.221957206726074
4.848879337310791 21.77849769592285 -4.21837854385376
5.0308756828308105 21.876205444335938 -4.216678619384766
5.192127704620361 21.86775016784668 -4.192008972167969
5.364364147186279 21.914810180664062 -4.177560329437256
5.5940351486206055 22.184011459350586 -4.205231189727783
5.764010429382324 22.20568084716797 -4.185805320739746
5.936462879180908 22.233673095703125 -4.166618347167969
6.139995574951172 22.36011505126953 -4.163295745849609
6.3334784507751465 22.452173233032227 -4.1538896560668945
6.522293567657471 22.520423889160156 -4.1399760246276855
6.736296653747559 22.66832733154297 -4.140565872192383
6.928168773651123 22.73384666442871 -4.123087406158447
7.124392032623291 22.796947479248047 -4.10452938079834
7.400102615356445 23.112232208251953 -4.131486892700195
7.5953850746154785 23.165023803710938 -4.111135959625244
7.8306145668029785 23.333528518676758 -4.109301567077637
8.050077438354492 23.44529151916504 -4.096365928649902
8.311077117919922 23.66790008544922 -4.10239839553833
8.523903846740723 23.734689712524414 -4.08048677444458
8.726724624633789 23.77921485900879 -4.054130554199219
8.948404312133789 23.869159698486328 -4.033956527709961
9.235407829284668 24.122905731201172 -4.040950775146484
9.519198417663574 24.355976104736328 -4.043827533721924
9.756587028503418 24.45273208618164 -4.02237606048584
10.069321632385254 24.734481811523438 -4.02939510345459
10.3255615234375 24.86692237854004 -4.011474132537842
10.566056251525879 24.954303741455078 -3.985929012298584
10.826505661010742 25.082210540771484 -3.966280221939087
0.0 0.0 0.0
0.0 0.0 0.0
11.752311706542969 25.728851318359375 -3.937342643737793
0.0 0.0 0.0
0.0 0.0 0.0
12.63794231414795 26.198463439941406 -3.870220184326172
13.012914657592773 26.50275421142578 -3.8675975799560547
13.337037086486816 26.692440032958984 -3.847170114517212
13.711527824401855 26.972671508789062 -3.836533546447754
0.0 0.0 0.0
0.0 0.0 0.0
14.705270767211914 27.4871826171875 -3.751220464706421
15.265340805053711 28.06264877319336 -3.7729647159576416
0.0 0.0 0.0
0.0 0.0 0.0
16.50644874572754 28.891860961914062 -3.706653118133545
0.0 0.0 0.0
0.0 0.0 0.0
17.85758399963379 29.78628158569336 -3.6261205673217773
0.0 0.0 0.0
0.0 0.0 0.0
0.0 0.0 0.0
0.0 0.0 0.0
0.0 0.0 0.0
0.0 0.0 0.0
0.0 0.0 0.0
0.0 0.0 0.0
23.096149444580078 33.559120178222656 -3.334486722946167
0.0 0.0 0.0
0.0 0.0 0.0
0.0 0.0 0.0
0.0 0.0 0.0
0.0 0.0 0.0
0.0 0.0 0.0
0.0 0.0 0.0
0.0 0.0 0.0
0.0 0.0 0.0
0.0 0.0 0.0
0.0 0.0 0.0
0.0 0.0 0.0
0.0 0.0 0.0
0.0 0.0 0.0
0.0 0.0 0.0
0.0 0.0 0.0
0.0 0.0 0.0
0.0 0.0 0.0
0.0 0.0 0.0
0.0 0.0 0.0
0.0 0.0 0.0
0.0 0.0 0.0
0.0 0.0 0.0
0.0 0.0 0.0
0.0 0.0 0.0
0.0 0.0 0.0
0.0 0.0 0.0
0.0 0.0 0.0
0.0 0.0 0.0
0.0 0.0 0.0
0.0 0.0 0.0
0.0 0.0 0.0
0.0 0.0 0.0
0.0 0.0 0.0
0.0 0.0 0.0
0.0 0.0 0.0
0.0 0.0 0.0
0.0 0.0 0.0
0.0 0.0 0.0
0.0 0.0 0.0
0.0 0.0 0.0
0.0 0.0 0.0
0.0 0.0 0.0
0.0 0.0 0.0
0.0 0.0 0.0
0.0 0.0 0.0
0.0 0.0 0.0
0.0 0.0 0.0
0.0 0.0 0.0
0.0 0.0 0.0
0.0 0.0 0.0
0.0 0.0 0.0
0.0 0.0 0.0
0.0 0.0 0.0
0.0 0.0 0.0
0.0 0.0 0.0
0.0 0.0 0.0
0.0 0.0 0.0
0.0 0.0 0.0
0.0 0.0 0.0
0.0 0.0 0.0
0.0 0.0 0.0
0.0 0.0 0.0
0.0 0.0 0.0
0.0 0.0 0.0
0.0 0.0 0.0
0.0 0.0 0.0
0.0 0.0 0.0
0.0 0.0 0.0
0.0 0.0 0.0
0.0 0.0 0.0
0.0 0.0 0.0
0.0 0.0 0.0
0.0 0.0 0.0
0.0 0.0 0.0
0.0 0.0 0.0
0.0 0.0 0.0
0.0 0.0 0.0
0.0 0.0 0.0
0.0 0.0 0.0
0.0 0.0 0.0
0.0 0.0 0.0
0.0 0.0 0.0
0.0 0.0 0.0
0.0 0.0 0.0
0.0 0.0 0.0
0.0 0.0 0.0
0.0 0.0 0.0
0.0 0.0 0.0
0.0 0.0 0.0
0.0 0.0 0.0
0.0 0.0 0.0
0.0 0.0 0.0
0.0 0.0 0.0
0.0 0.0 0.0
0.0 0.0 0.0
0.0 0.0 0.0
0.0 0.0 0.0
0.0 0.0 0.0
0.0 0.0 0.0
0.0 0.0 0.0
0.0 0.0 0.0
0.0 0.0 0.0
0.0 0.0 0.0
0.0 0.0 0.0
0.0 0.0 0.0
0.0 0.0 0.0
0.0 0.0 0.0
0.0 0.0 0.0
0.0 0.0 0.0
0.0 0.0 0.0
0.0 0.0 0.0
0.0 0.0 0.0
0.0 0.0 0.0
0.0 0.0 0.0
0.0 0.0 0.0
0.0 0.0 0.0
0.0 0.0 0.0
0.0 0.0 0.0
0.0 0.0 0.0
0.0 0.0 0.0
0.0 0.0 0.0
0.0 0.0 0.0
0.0 0.0 0.0
0.0 0.0 0.0
0.0 0.0 0.0
0.0 0.0 0.0
0.0 0.0 0.0
0.0 0.0 0.0
0.0 0.0 0.0
0.0 0.0 0.0
0.0 0.0 0.0
0.0 0.0 0.0
0.0 0.0 0.0
0.0 0.0 0.0
0.0 0.0 0.0
0.0 0.0 0.0
0.0 0.0 0.0
0.0 0.0 0.0
0.0 0.0 0.0
0.0 0.0 0.0
0.0 0.0 0.0
0.0 0.0 0.0
0.0 0.0 0.0
0.0 0.0 0.0
0.0 0.0 0.0
0.0 0.0 0.0
0.0 0.0 0.0
0.0 0.0 0.0
0.0 0.0 0.0
0.0 0.0 0.0
0.0 0.0 0.0
0.0 0.0 0.0
0.0 0.0 0.0
0.0 0.0 0.0
0.0 0.0 0.0
0.0 0.0 0.0
0.0 0.0 0.0
0.0 0.0 0.0
0.0 0.0 0.0
0.0 0.0 0.0
0.0 0.0 0.0
0.0 0.0 0.0
0.0 0.0 0.0
0.0 0.0 0.0
0.0 0.0 0.0
0.0 0.0 0.0
0.0 0.0 0.0
0.0 0.0 0.0
0.0 0.0 0.0
0.0 0.0 0.0
0.0 0.0 0.0
0.0 0.0 0.0
0.0 0.0 0.0
0.0 0.0 0.0
0.0 0.0 0.0
0.0 0.0 0.0
0.0 0.0 0.0
0.0 0.0 0.0
0.0 0.0 0.0
0.0 0.0 0.0
0.0 0.0 0.0
0.0 0.0 0.0
0.0 0.0 0.0
0.0 0.0 0.0
0.0 0.0 0.0
0.0 0.0 0.0
0.0 0.0 0.0
0.0 0.0 0.0
0.0 0.0 0.0
0.0 0.0 0.0
0.0 0.0 0.0
0.0 0.0 0.0
0.0 0.0 0.0
0.0 0.0 0.0
0.0 0.0 0.0
0.0 0.0 0.0
0.0 0.0 0.0
0.0 0.0 0.0
0.0 0.0 0.0
0.0 0.0 0.0
0.0 0.0 0.0
0.0 0.0 0.0
0.0 0.0 0.0
0.0 0.0 0.0
0.0 0.0 0.0
0.0 0.0 0.0
0.0 0.0 0.0
0.0 0.0 0.0
0.0 0.0 0.0
0.0 0.0 0.0
-11.754498481750488 24.474523544311523 -3.43399715423584
0.0 0.0 0.0
-11.177982330322266 24.139291763305664 -3.477867364883423
0.0 0.0 0.0
0.0 0.0 0.0
0.0 0.0 0.0
0.0 0.0 0.0
0.0 0.0 0.0
0.0 0.0 0.0
0.0 0.0 0.0
0.0 0.0 0.0
-8.887123107910156 22.860124588012695 -3.649482250213623
0.0 0.0 0.0
0.0 0.0 0.0
0.0 0.0 0.0
0.0 0.0 0.0
0.0 0.0 0.0
0.0 0.0 0.0
0.0 0.0 0.0
0.0 0.0 0.0
0.0 0.0 0.0
-6.785237789154053 21.854402542114258 -3.8143653869628906
0.0 0.0 0.0
0.0 0.0 0.0
-6.283512592315674 21.848876953125 -3.8991262912750244
-6.109836101531982 21.815841674804688 -3.9216887950897217
-5.905618190765381 21.66661834716797 -3.921586513519287
-5.689398288726807 21.471830368041992 -3.912184238433838
-5.540411472320557 21.512914657592773 -3.9452154636383057
-5.359229564666748 21.426128387451172 -3.9548850059509277
-5.176798343658447 21.326810836791992 -3.9614028930664062
-5.037675857543945 21.40220832824707 -3.9981350898742676
-4.845416069030762 21.259899139404297 -3.9946823120117188
-4.7151312828063965 21.37434959411621 -4.039180278778076
-4.497105598449707 21.082258224487305 -4.00677490234375
-4.347625732421875 21.100997924804688 -4.030308246612549
-4.187140464782715 21.06220245361328 -4.042551040649414
-4.034198760986328 21.071617126464844 -4.064521789550781
-3.8588948249816895 20.943655014038086 -4.059688091278076
-3.6942601203918457 20.86374855041504 -4.062427043914795
-3.55806303024292 20.94170570373535 -4.0943498611450195
-3.394623279571533 20.8559513092041 -4.0944061279296875
-3.2392563819885254 20.829927444458008 -4.106585502624512
-3.0762784481048584 20.730464935302734 -4.103700637817383
-2.941084861755371 20.816326141357422 -4.134572505950928
-2.7859809398651123 20.760738372802734 -4.137547492980957
-2.625030755996704 20.65079689025879 -4.129758358001709
-2.468489646911621 20.562477111816406 -4.126337051391602
-2.3374924659729004 20.709720611572266 -4.167993068695068
-2.1790082454681396 20.589479446411133 -4.154626846313477
-2.0338265895843506 20.58621597290039 -4.165001392364502
-1.893153429031372 20.627668380737305 -4.1846208572387695
-1.7453566789627075 20.592065811157227 -4.187760829925537
-1.5863957405090332 20.433971405029297 -4.163435935974121
-1.4523361921310425 20.560924530029297 -4.197247505187988
-1.299324631690979 20.4157772064209 -4.1757025718688965
-1.1591713428497314 20.456743240356445 -4.192370414733887
-1.01791512966156 20.485950469970703 -4.203402996063232
-0.8734453320503235 20.50672721862793 -4.212443828582764
-0.7290863394737244 20.46523094177246 -4.208807468414307
-0.5869429111480713 20.483919143676758 -4.2177510261535645
-0.44571471214294434 20.54021644592285 -4.232841491699219
-0.3026602566242218 20.534780502319336 -4.23315954208374
-0.15709301829338074 20.49775505065918 -4.227196216583252
-0.014437707141041756 20.467355728149414 -4.222772598266602
0.12867292761802673 20.577531814575195 -4.247463226318359
0.270668625831604 20.496206283569336 -4.228955268859863
0.413930207490921 20.5324764251709 -4.23491907119751
0.5562573075294495 20.514202117919922 -4.229835510253906
0.7007774114608765 20.487211227416992 -4.223142147064209
0.851384162902832 20.681495666503906 -4.259893417358398
0.9921932220458984 20.611276626586914 -4.240787506103516
1.1432267427444458 20.742591857910156 -4.263338088989258
1.2832512855529785 20.662738800048828 -4.242672920227051
1.4350144863128662 20.734661102294922 -4.252553462982178
1.5831425189971924 20.7757568359375 -4.253043174743652
1.7368284463882446 20.87684440612793 -4.265966892242432
1.887000322341919 20.919607162475586 -4.267111301422119
2.0210208892822266 20.789836883544922 -4.23330020904541
2.1792218685150146 20.880373001098633 -4.2415080070495605
2.3328170776367188 20.9397029876709 -4.2427473068237305
2.4855422973632812 20.98270034790039 -4.240817070007324
2.6466121673583984 21.08539581298828 -4.251071929931641
2.7915737628936768 21.054214477539062 -4.233246326446533
2.956425428390503 21.147396087646484 -4.237885475158691
3.1121537685394287 21.186580657958984 -4.232061386108398
3.2611496448516846 21.175355911254883 -4.216318130493164
3.4369704723358154 21.329591751098633 -4.233611106872559
3.6150965690612793 21.483076095581055 -4.2473978996276855
3.7802765369415283 21.548328399658203 -4.243495941162109
3.943002939224243 21.577959060668945 -4.23238468170166
4.098824977874756 21.580385208129883 -4.216361045837402
4.250994682312012 21.563222885131836 -4.194896221160889
4.434214115142822 21.695606231689453 -4.200923919677734
4.627269268035889 21.86410140991211 -4.213851451873779
4.781414985656738 21.827938079833984 -4.187008380889893
4.962013244628906 21.92240333557129 -4.185252666473389
5.122697353363037 21.922340393066406 -4.16275691986084
5.333127975463867 22.126510620117188 -4.178976535797119
5.505732536315918 22.164810180664062 -4.163786888122559
5.700135231018066 22.271881103515625 -4.161092281341553
5.892377853393555 22.37472915649414 -4.155548095703125
6.053339958190918 22.353588104248047 -4.126291751861572
6.2792510986328125 22.564720153808594 -4.139817714691162
6.481804370880127 22.681413650512695 -4.1357951164245605
6.693643093109131 22.81061553955078 -4.132198333740234
6.87290096282959 22.83204460144043 -4.107803821563721
7.120730400085449 23.072866439819336 -4.122687339782715
0.0 0.0 0.0
7.554101943969727 23.320438385009766 -4.109377861022949
7.778726100921631 23.456514358520508 -4.10181999206543
7.961557388305664 23.451025009155273 -4.068831920623779
8.187210083007812 23.57611846923828 -4.058985710144043
8.419042587280273 23.71007537841797 -4.050351142883301
8.692646980285645 23.951099395751953 -4.057466983795166
8.934391975402832 24.09173583984375 -4.046538829803467
9.201944351196289 24.28335189819336 -4.043145656585693
9.455824851989746 24.437440872192383 -4.033627986907959
9.723089218139648 24.61838150024414 -4.026631832122803
9.93270492553711 24.646499633789062 -3.993375539779663
10.177138328552246 24.754987716674805 -3.9728987216949463
0.0 0.0 0.0
10.779461860656738 25.20975112915039 -3.966717004776001
0.0 0.0 0.0
11.436898231506348 25.749502182006836 -3.967453718185425
0.0 0.0 0.0
11.908720970153809 25.828617095947266 -3.8934011459350586
12.273746490478516 26.141143798828125 -3.8950915336608887
12.612189292907715 26.383474349975586 -3.8852338790893555
12.81885051727295 26.343868255615234 -3.8334643840789795
13.298687934875488 26.85481834411621 -3.860107660293579
13.581608772277832 26.951904296875 -3.824289321899414
0.0 0.0 0.0
14.307601928710938 27.425106048583984 -3.78878116607666
14.550238609313965 27.424650192260742 -3.736659049987793
0.0 0.0 0.0
0.0 0.0 0.0
0.0 0.0 0.0
0.0 0.0 0.0
0.0 0.0 0.0
0.0 0.0 0.0
0.0 0.0 0.0
0.0 0.0 0.0
0.0 0.0 0.0
0.0 0.0 0.0
0.0 0.0 0.0
0.0 0.0 0.0
0.0 0.0 0.0
0.0 0.0 0.0
0.0 0.0 0.0
0.0 0.0 0.0
0.0 0.0 0.0
0.0 0.0 0.0
0.0 0.0 0.0
0.0 0.0 0.0
0.0 0.0 0.0
0.0 0.0 0.0
0.0 0.0 0.0
0.0 0.0 0.0
0.0 0.0 0.0
0.0 0.0 0.0
0.0 0.0 0.0
0.0 0.0 0.0
0.0 0.0 0.0
0.0 0.0 0.0
0.0 0.0 0.0
0.0 0.0 0.0
0.0 0.0 0.0
0.0 0.0 0.0
0.0 0.0 0.0
0.0 0.0 0.0
0.0 0.0 0.0
0.0 0.0 0.0
0.0 0.0 0.0
0.0 0.0 0.0
0.0 0.0 0.0
0.0 0.0 0.0
0.0 0.0 0.0
0.0 0.0 0.0
0.0 0.0 0.0
0.0 0.0 0.0
0.0 0.0 0.0
0.0 0.0 0.0
0.0 0.0 0.0
0.0 0.0 0.0
0.0 0.0 0.0
0.0 0.0 0.0
0.0 0.0 0.0
0.0 0.0 0.0
0.0 0.0 0.0
0.0 0.0 0.0
0.0 0.0 0.0
0.0 0.0 0.0
0.0 0.0 0.0
0.0 0.0 0.0
0.0 0.0 0.0
0.0 0.0 0.0
0.0 0.0 0.0
0.0 0.0 0.0
0.0 0.0 0.0
0.0 0.0 0.0
0.0 0.0 0.0
0.0 0.0 0.0
0.0 0.0 0.0
0.0 0.0 0.0
0.0 0.0 0.0
0.0 0.0 0.0
0.0 0.0 0.0
0.0 0.0 0.0
0.0 0.0 0.0
0.0 0.0 0.0
0.0 0.0 0.0
0.0 0.0 0.0
0.0 0.0 0.0
0.0 0.0 0.0
0.0 0.0 0.0
0.0 0.0 0.0
0.0 0.0 0.0
0.0 0.0 0.0
0.0 0.0 0.0
0.0 0.0 0.0
0.0 0.0 0.0
0.0 0.0 0.0
0.0 0.0 0.0
0.0 0.0 0.0
0.0 0.0 0.0
0.0 0.0 0.0
0.0 0.0 0.0
0.0 0.0 0.0
0.0 0.0 0.0
0.0 0.0 0.0
0.0 0.0 0.0
0.0 0.0 0.0
0.0 0.0 0.0
0.0 0.0 0.0
0.0 0.0 0.0
0.0 0.0 0.0
0.0 0.0 0.0
0.0 0.0 0.0
0.0 0.0 0.0
0.0 0.0 0.0
0.0 0.0 0.0
0.0 0.0 0.0
0.0 0.0 0.0
0.0 0.0 0.0
0.0 0.0 0.0
0.0 0.0 0.0
0.0 0.0 0.0
0.0 0.0 0.0
0.0 0.0 0.0
0.0 0.0 0.0
0.0 0.0 0.0
0.0 0.0 0.0
0.0 0.0 0.0
0.0 0.0 0.0
0.0 0.0 0.0
0.0 0.0 0.0
0.0 0.0 0.0
0.0 0.0 0.0
0.0 0.0 0.0
0.0 0.0 0.0
0.0 0.0 0.0
0.0 0.0 0.0
0.0 0.0 0.0
0.0 0.0 0.0
0.0 0.0 0.0
0.0 0.0 0.0
0.0 0.0 0.0
0.0 0.0 0.0
0.0 0.0 0.0
0.0 0.0 0.0
0.0 0.0 0.0
0.0 0.0 0.0
0.0 0.0 0.0
0.0 0.0 0.0
0.0 0.0 0.0
0.0 0.0 0.0
0.0 0.0 0.0
0.0 0.0 0.0
0.0 0.0 0.0
0.0 0.0 0.0
0.0 0.0 0.0
0.0 0.0 0.0
0.0 0.0 0.0
0.0 0.0 0.0
0.0 0.0 0.0
0.0 0.0 0.0
0.0 0.0 0.0
0.0 0.0 0.0
0.0 0.0 0.0
0.0 0.0 0.0
0.0 0.0 0.0
0.0 0.0 0.0
0.0 0.0 0.0
0.0 0.0 0.0
0.0 0.0 0.0
0.0 0.0 0.0
0.0 0.0 0.0
0.0 0.0 0.0
0.0 0.0 0.0
0.0 0.0 0.0
0.0 0.0 0.0
0.0 0.0 0.0
0.0 0.0 0.0
0.0 0.0 0.0
0.0 0.0 0.0
0.0 0.0 0.0
0.0 0.0 0.0
0.0 0.0 0.0
0.0 0.0 0.0
0.0 0.0 0.0
0.0 0.0 0.0
0.0 0.0 0.0
0.0 0.0 0.0
0.0 0.0 0.0
0.0 0.0 0.0
0.0 0.0 0.0
0.0 0.0 0.0
0.0 0.0 0.0
0.0 0.0 0.0
0.0 0.0 0.0
0.0 0.0 0.0
0.0 0.0 0.0
0.0 0.0 0.0
0.0 0.0 0.0
0.0 0.0 0.0
0.0 0.0 0.0
0.0 0.0 0.0
0.0 0.0 0.0
0.0 0.0 0.0
0.0 0.0 0.0
0.0 0.0 0.0
0.0 0.0 0.0
0.0 0.0 0.0
0.0 0.0 0.0
0.0 0.0 0.0
0.0 0.0 0.0
0.0 0.0 0.0
0.0 0.0 0.0
0.0 0.0 0.0
-20.442947387695312 30.01127815246582 -2.6661744117736816
0.0 0.0 0.0
0.0 0.0 0.0
0.0 0.0 0.0
0.0 0.0 0.0
0.0 0.0 0.0
0.0 0.0 0.0
-17.067707061767578 27.899641036987305 -3.002563953399658
0.0 0.0 0.0
0.0 0.0 0.0
0.0 0.0 0.0
0.0 0.0 0.0
0.0 0.0 0.0
0.0 0.0 0.0
0.0 0.0 0.0
0.0 0.0 0.0
0.0 0.0 0.0
0.0 0.0 0.0
-12.867761611938477 25.19824981689453 -3.3243167400360107
0.0 0.0 0.0
0.0 0.0 0.0
0.0 0.0 0.0
0.0 0.0 0.0
-11.42646312713623 24.447744369506836 -3.459237813949585
0.0 0.0 0.0
0.0 0.0 0.0
0.0 0.0 0.0
0.0 0.0 0.0
0.0 0.0 0.0
0.0 0.0 0.0
0.0 0.0 0.0
0.0 0.0 0.0
0.0 0.0 0.0
0.0 0.0 0.0
-8.66234302520752 22.987688064575195 -3.6807427406311035
0.0 0.0 0.0
-8.254318237304688 22.87295913696289 -3.7324061393737793
0.0 0.0 0.0
0.0 0.0 0.0
-7.595861434936523 22.51014518737793 -3.771498441696167
0.0 0.0 0.0
-7.208745002746582 22.396873474121094 -3.8165314197540283
-6.991679668426514 22.253128051757812 -3.8221967220306396
0.0 0.0 0.0
0.0 0.0 0.0
-6.435464382171631 22.08473014831543 -3.879554033279419
-6.228667736053467 21.953569412231445 -3.8851842880249023
-6.029210090637207 21.827682495117188 -3.888864517211914
-5.834980487823486 21.71124267578125 -3.894015312194824
-5.706712245941162 21.838947296142578 -3.9431047439575195
-5.468057155609131 21.537019729614258 -3.9145240783691406
-5.333368301391602 21.648530960083008 -3.958676338195801
-5.123230934143066 21.43701171875 -3.9429869651794434
-4.970806121826172 21.459680557250977 -3.9703238010406494
-4.821837425231934 21.496204376220703 -4.000394344329834
-4.633500099182129 21.351701736450195 -3.9951555728912354
-4.4922943115234375 21.431978225708008 -4.030838966369629
-4.293407917022705 21.217180252075195 -4.0106892585754395
-4.153635025024414 21.28718376159668 -4.044384956359863
-3.9634034633636475 21.092180252075195 -4.027341365814209
-3.82128643989563 21.145458221435547 -4.054785251617432
-3.6405839920043945 20.993932723999023 -4.043344974517822
-3.4981558322906494 21.041213989257812 -4.069964408874512
-3.332937002182007 20.94732093811035 -4.069401264190674
-3.184157133102417 20.95125389099121 -4.0853657722473145
-3.0505809783935547 21.056743621826172 -4.120387554168701
-2.889354705810547 20.971439361572266 -4.118279457092285
-2.7278757095336914 20.892810821533203 -4.117807388305664
-2.5769200325012207 20.866180419921875 -4.126265525817871
-2.419419765472412 20.778030395507812 -4.120142459869385
-2.275358200073242 20.7991943359375 -4.1358442306518555
-2.1166818141937256 20.678312301635742 -4.12343168258667
-1.9775917530059814 20.77003288269043 -4.153796195983887
-1.8221244812011719 20.659029006958008 -4.140141010284424
-1.682237148284912 20.718774795532227 -4.160454750061035
-1.5371944904327393 20.720273971557617 -4.169300079345703
-1.3959673643112183 20.77423667907715 -4.1889119148254395
-1.2394449710845947 20.62510108947754 -4.1660943031311035
-1.097396969795227 20.66248321533203 -4.178905487060547
-0.9566366076469421 20.733293533325195 -4.198699474334717
-0.8129959106445312 20.753402709960938 -4.208449363708496
-0.6656333208084106 20.669219970703125 -4.197171688079834
-0.5188828706741333 20.657512664794922 -4.196982383728027
-0.3749569356441498 20.648557662963867 -4.197515964508057
-0.2312975525856018 20.6347713470459 -4.197264194488525
-0.08793246001005173 20.677404403686523 -4.208698272705078
0.05601901188492775 20.715667724609375 -4.217111110687256
0.19984565675258636 20.68435287475586 -4.209903717041016
0.347398579120636 20.747684478759766 -4.222153186798096
0.49192094802856445 20.75261878967285 -4.222733497619629
0.6358250379562378 20.733707427978516 -4.218056678771973
0.7791908383369446 20.710634231567383 -4.209386825561523
0.9340230822563171 20.946622848510742 -4.253530025482178
1.0789905786514282 20.875486373901367 -4.235417366027832
1.2195237874984741 20.78818702697754 -4.214321136474609
1.3756986856460571 20.956472396850586 -4.242379665374756
1.5151352882385254 20.860300064086914 -4.215982437133789
1.6666743755340576 20.931154251098633 -4.223549842834473
1.8053240776062012 20.809946060180664 -4.1924614906311035
1.9576419591903687 20.878902435302734 -4.1989030838012695
2.1230475902557373 21.065425872802734 -4.226319789886475
2.2714338302612305 21.06785774230957 -4.216905117034912
2.426514148712158 21.12633514404297 -4.218873500823975
2.587000608444214 21.198619842529297 -4.223562240600586
2.7367608547210693 21.198389053344727 -4.210886001586914
2.906284809112549 21.341516494750977 -4.226269245147705
3.076848030090332 21.475751876831055 -4.239907264709473
3.2231953144073486 21.434255599975586 -4.218979358673096
3.3785786628723145 21.452653884887695 -4.208526611328125
3.563444137573242 21.628864288330078 -4.226685523986816
3.7216343879699707 21.648954391479492 -4.214649677276611
3.8823044300079346 21.679216384887695 -4.204730987548828
4.032328128814697 21.647930145263672 -4.183013916015625
4.2296600341796875 21.861122131347656 -4.205233097076416
4.3835883140563965 21.82757568359375 -4.179686069488525
4.558971881866455 21.909910202026367 -4.176759719848633
4.7290778160095215 21.960865020751953 -4.1679182052612305
4.895155429840088 21.98838233947754 -4.152684211730957
5.092133045196533 22.145910263061523 -4.160654067993164
5.280982971191406 22.24515151977539 -4.157183647155762
5.467826843261719 22.33969497680664 -4.153172492980957
5.653264045715332 22.421710968017578 -4.14612340927124
5.8183698654174805 22.416940689086914 -4.120611190795898
6.050161361694336 22.659940719604492 -4.140508651733398
6.225285530090332 22.670164108276367 -4.11729097366333
6.4241862297058105 22.77231216430664 -4.1111979484558105
6.6310601234436035 22.89548110961914 -4.106234073638916
6.844747543334961 23.031627655029297 -4.102944850921631
7.067224025726318 23.188091278076172 -4.10305643081665
7.252730846405029 23.205732345581055 -4.077984809875488
7.4545698165893555 23.281713485717773 -4.062204837799072
7.7011260986328125 23.488048553466797 -4.067657947540283
7.927807331085205 23.622642517089844 -4.06028938293457
8.13294792175293 23.685941696166992 -4.0404839515686035
8.36081314086914 23.809579849243164 -4.030231475830078
0.0 0.0 0.0
8.82107925415039 24.03582000732422 -4.000821590423584
9.083850860595703 24.229520797729492 -3.9993152618408203
9.405158996582031 24.564970016479492 -4.020463466644287
9.636987686157227 24.65672492980957 -3.9989168643951416
9.83660888671875 24.651975631713867 -3.9609179496765137
10.163389205932617 24.96519660949707 -3.9741785526275635
10.422409057617188 25.100236892700195 -3.9584169387817383
10.674246788024902 25.212060928344727 -3.936579704284668
11.048101425170898 25.598474502563477 -3.9562621116638184
11.261475563049316 25.593727111816406 -3.9141037464141846
11.511527061462402 25.676816940307617 -3.885976552963257
11.887228965759277 26.028932571411133 -3.8961057662963867
12.102697372436523 26.018869400024414 -3.8505301475524902
0.0 0.0 0.0
12.864673614501953 26.668689727783203 -3.8553144931793213
0.0 0.0 0.0
13.540494918823242 27.100679397583008 -3.8214938640594482
13.904243469238281 27.351316452026367 -3.807668447494507
0.0 0.0 0.0
14.784344673156738 28.109739303588867 -3.809962749481201
0.0 0.0 0.0
0.0 0.0 0.0
0.0 0.0 0.0
16.184484481811523 28.793333053588867 -3.678333044052124
0.0 0.0 0.0
0.0 0.0 0.0
0.0 0.0 0.0
0.0 0.0 0.0
0.0 0.0 0.0
0.0 0.0 0.0
0.0 0.0 0.0
0.0 0.0 0.0
0.0 0.0 0.0
0.0 0.0 0.0
0.0 0.0 0.0
0.0 0.0 0.0
0.0 0.0 0.0
0.0 0.0 0.0
24.93381690979004 35.17144012451172 -3.2381441593170166
0.0 0.0 0.0
0.0 0.0 0.0
0.0 0.0 0.0
0.0 0.0 0.0
0.0 0.0 0.0
0.0 0.0 0.0
0.0 0.0 0.0
0.0 0.0 0.0
0.0 0.0 0.0
0.0 0.0 0.0
0.0 0.0 0.0
0.0 0.0 0.0
0.0 0.0 0.0
0.0 0.0 0.0
0.0 0.0 0.0
0.0 0.0 0.0
0.0 0.0 0.0
0.0 0.0 0.0
0.0 0.0 0.0
0.0 0.0 0.0
0.0 0.0 0.0
0.0 0.0 0.0
0.0 0.0 0.0
0.0 0.0 0.0
0.0 0.0 0.0
0.0 0.0 0.0
0.0 0.0 0.0
0.0 0.0 0.0
0.0 0.0 0.0
0.0 0.0 0.0
0.0 0.0 0.0
0.0 0.0 0.0
0.0 0.0 0.0
0.0 0.0 0.0
0.0 0.0 0.0
0.0 0.0 0.0
0.0 0.0 0.0
0.0 0.0 0.0
0.0 0.0 0.0
0.0 0.0 0.0
0.0 0.0 0.0
0.0 0.0 0.0
0.0 0.0 0.0
0.0 0.0 0.0
0.0 0.0 0.0
0.0 0.0 0.0
0.0 0.0 0.0
0.0 0.0 0.0
0.0 0.0 0.0
0.0 0.0 0.0
0.0 0.0 0.0
0.0 0.0 0.0
0.0 0.0 0.0
0.0 0.0 0.0
0.0 0.0 0.0
0.0 0.0 0.0
0.0 0.0 0.0
0.0 0.0 0.0
0.0 0.0 0.0
0.0 0.0 0.0
0.0 0.0 0.0
0.0 0.0 0.0
0.0 0.0 0.0
0.0 0.0 0.0
0.0 0.0 0.0
0.0 0.0 0.0
0.0 0.0 0.0
0.0 0.0 0.0
0.0 0.0 0.0
0.0 0.0 0.0
0.0 0.0 0.0
0.0 0.0 0.0
0.0 0.0 0.0
0.0 0.0 0.0
0.0 0.0 0.0
0.0 0.0 0.0
0.0 0.0 0.0
0.0 0.0 0.0
0.0 0.0 0.0
0.0 0.0 0.0
0.0 0.0 0.0
0.0 0.0 0.0
0.0 0.0 0.0
0.0 0.0 0.0
0.0 0.0 0.0
0.0 0.0 0.0
0.0 0.0 0.0
0.0 0.0 0.0
0.0 0.0 0.0
0.0 0.0 0.0
0.0 0.0 0.0
0.0 0.0 0.0
0.0 0.0 0.0
0.0 0.0 0.0
0.0 0.0 0.0
0.0 0.0 0.0
0.0 0.0 0.0
0.0 0.0 0.0
0.0 0.0 0.0
0.0 0.0 0.0
0.0 0.0 0.0
0.0 0.0 0.0
0.0 0.0 0.0
0.0 0.0 0.0
0.0 0.0 0.0
0.0 0.0 0.0
0.0 0.0 0.0
0.0 0.0 0.0
0.0 0.0 0.0
0.0 0.0 0.0
0.0 0.0 0.0
0.0 0.0 0.0
0.0 0.0 0.0
0.0 0.0 0.0
0.0 0.0 0.0
0.0 0.0 0.0
0.0 0.0 0.0
0.0 0.0 0.0
0.0 0.0 0.0
0.0 0.0 0.0
0.0 0.0 0.0
0.0 0.0 0.0
0.0 0.0 0.0
0.0 0.0 0.0
0.0 0.0 0.0
0.0 0.0 0.0
0.0 0.0 0.0
0.0 0.0 0.0
0.0 0.0 0.0
0.0 0.0 0.0
0.0 0.0 0.0
0.0 0.0 0.0
0.0 0.0 0.0
0.0 0.0 0.0
0.0 0.0 0.0
0.0 0.0 0.0
0.0 0.0 0.0
0.0 0.0 0.0
0.0 0.0 0.0
0.0 0.0 0.0
0.0 0.0 0.0
0.0 0.0 0.0
0.0 0.0 0.0
0.0 0.0 0.0
0.0 0.0 0.0
0.0 0.0 0.0
0.0 0.0 0.0
0.0 0.0 0.0
0.0 0.0 0.0
0.0 0.0 0.0
0.0 0.0 0.0
0.0 0.0 0.0
0.0 0.0 0.0
0.0 0.0 0.0
0.0 0.0 0.0
0.0 0.0 0.0
0.0 0.0 0.0
0.0 0.0 0.0
0.0 0.0 0.0
0.0 0.0 0.0
0.0 0.0 0.0
0.0 0.0 0.0
0.0 0.0 0.0
0.0 0.0 0.0
0.0 0.0 0.0
0.0 0.0 0.0
0.0 0.0 0.0
0.0 0.0 0.0
0.0 0.0 0.0
0.0 0.0 0.0
0.0 0.0 0.0
0.0 0.0 0.0
0.0 0.0 0.0
0.0 0.0 0.0
0.0 0.0 0.0
0.0 0.0 0.0
0.0 0.0 0.0
0.0 0.0 0.0
0.0 0.0 0.0
0.0 0.0 0.0
0.0 0.0 0.0
0.0 0.0 0.0
0.0 0.0 0.0
0.0 0.0 0.0
0.0 0.0 0.0
0.0 0.0 0.0
0.0 0.0 0.0
-20.76163101196289 30.25245475769043 -2.6251468658447266
0.0 0.0 0.0
0.0 0.0 0.0
0.0 0.0 0.0
0.0 0.0 0.0
0.0 0.0 0.0
0.0 0.0 0.0
0.0 0.0 0.0
0.0 0.0 0.0
0.0 0.0 0.0
0.0 0.0 0.0
0.0 0.0 0.0
0.0 0.0 0.0
0.0 0.0 0.0
0.0 0.0 0.0
0.0 0.0 0.0
0.0 0.0 0.0
0.0 0.0 0.0
0.0 0.0 0.0
-12.833928108215332 25.350629806518555 -3.3364901542663574
0.0 0.0 0.0
0.0 0.0 0.0
0.0 0.0 0.0
0.0 0.0 0.0
-11.34164810180664 24.488162994384766 -3.4524543285369873
0.0 0.0 0.0
0.0 0.0 0.0
-10.553535461425781 24.098464965820312 -3.523648738861084
0.0 0.0 0.0
0.0 0.0 0.0
0.0 0.0 0.0
0.0 0.0 0.0
0.0 0.0 0.0
0.0 0.0 0.0
0.0 0.0 0.0
0.0 0.0 0.0
0.0 0.0 0.0
0.0 0.0 0.0
-7.973095893859863 22.842374801635742 -3.734829902648926
0.0 0.0 0.0
-7.496711730957031 22.477985382080078 -3.738598585128784
-7.326109409332275 22.48709487915039 -3.771442413330078
-7.096243381500244 22.307741165161133 -3.7704808712005615
0.0 0.0 0.0
0.0 0.0 0.0
-6.553637504577637 22.205371856689453 -3.84102725982666
0.0 0.0 0.0
-6.161569118499756 22.00186538696289 -3.858598232269287
-6.0328826904296875 22.135496139526367 -3.908583641052246
0.0 0.0 0.0
-5.625308036804199 21.845733642578125 -3.9088845252990723
-5.4197564125061035 21.670286178588867 -3.9007601737976074
-5.269566059112549 21.709945678710938 -3.931331157684326
-5.100569725036621 21.669898986816406 -3.9475932121276855
-4.909938812255859 21.542957305908203 -3.9478511810302734
-4.742305278778076 21.496971130371094 -3.9600327014923096
-4.587745666503906 21.506057739257812 -3.9824411869049072
-4.427689552307129 21.487695693969727 -3.999922752380371
-4.241138935089111 21.332477569580078 -3.9919042587280273
-4.094756603240967 21.38794708251953 -4.021063327789307
-3.9221394062042236 21.287206649780273 -4.019872188568115
-3.779749870300293 21.347740173339844 -4.049280166625977
-3.5995726585388184 21.1877384185791 -4.036912441253662
-3.442044496536255 21.151594161987305 -4.046865940093994
-3.2810938358306885 21.10363006591797 -4.0526580810546875
-3.1241722106933594 21.057931900024414 -4.058728218078613
-2.9678823947906494 21.01109504699707 -4.064703464508057
-2.8140904903411865 20.974502563476562 -4.072756290435791
-2.671692132949829 21.021095275878906 -4.0938615798950195
-2.5127692222595215 20.93347930908203 -4.088779449462891
-2.3667984008789062 20.97066879272461 -4.10844612121582
-2.218191623687744 20.960845947265625 -4.118887901306152
-2.067136764526367 20.923641204833984 -4.122170925140381
-1.9124420881271362 20.839920043945312 -4.114516735076904
-1.7677534818649292 20.858182907104492 -4.127161026000977
-1.6094987392425537 20.73422622680664 -4.111963748931885
-1.4695196151733398 20.807769775390625 -4.135705947875977
-1.3295574188232422 20.89247703552246 -4.158413410186768
-1.1791682243347168 20.811750411987305 -4.148390769958496
-1.0364301204681396 20.86004638671875 -4.164273262023926
-0.8839594125747681 20.754352569580078 -4.149711608886719
-0.7397971153259277 20.76663589477539 -4.156351089477539
-0.5970205068588257 20.831804275512695 -4.172285556793213
-0.4541202783584595 20.930450439453125 -4.195148944854736
-0.3079008460044861 20.894067764282227 -4.191159725189209
-0.15973225235939026 20.87212562561035 -4.189630031585693
-0.014455124735832214 20.842130661010742 -4.1832990646362305
0.13071446120738983 20.887720108032227 -4.192342281341553
0.27617359161376953 20.894001007080078 -4.193697929382324
0.423039972782135 20.96436309814453 -4.208119869232178
0.5695850849151611 20.992095947265625 -4.211519241333008
0.7178366780281067 20.980663299560547 -4.206104755401611
0.8636643886566162 20.975929260253906 -4.202293872833252
1.0107290744781494 20.993131637573242 -4.2030744552612305
1.1572800874710083 20.99803352355957 -4.200560569763184
1.3079895973205566 21.067487716674805 -4.208146572113037
1.4611895084381104 21.116592407226562 -4.21171760559082
1.605079174041748 21.069259643554688 -4.196369647979736
1.7579090595245361 21.135498046875 -4.203834056854248
1.9140982627868652 21.224098205566406 -4.212801456451416
2.0641841888427734 21.235408782958984 -4.205843925476074
2.217956781387329 21.253047943115234 -4.200160980224609
2.3741064071655273 21.31173324584961 -4.202914237976074
2.5225729942321777 21.29720687866211 -4.19003438949585
2.6882402896881104 21.419036865234375 -4.201717853546143
2.8426241874694824 21.440778732299805 -4.1938700675964355
3.0027616024017334 21.480073928833008 -4.18939733505249
3.1637117862701416 21.537494659423828 -4.1888041496276855
3.316843032836914 21.537464141845703 -4.173880577087402
3.493917942047119 21.68412971496582 -4.187206745147705
3.6593568325042725 21.746118545532227 -4.1841959953308105
3.7931597232818604 21.62163543701172 -4.145538330078125
3.981369733810425 21.786945343017578 -4.160639762878418
4.147170543670654 21.834537506103516 -4.151843547821045
4.338510990142822 22.005191802978516 -4.166412830352783
4.500727653503418 22.020009994506836 -4.151507377624512
4.704867362976074 22.229097366333008 -4.172966480255127
4.854007244110107 22.15875244140625 -4.138474464416504
5.030191421508789 22.222856521606445 -4.1296186447143555
5.176886081695557 22.154558181762695 -4.09630823135376
5.430978775024414 22.533836364746094 -4.145608425140381
5.59716796875 22.53408432006836 -4.122972011566162
5.774461269378662 22.5623722076416 -4.1040940284729
5.955356121063232 22.612266540527344 -4.089635372161865
6.166402816772461 22.768463134765625 -4.094315052032471
6.411786079406738 23.03800392150879 -4.118237018585205
6.58078670501709 23.02430534362793 -4.089366912841797
6.812190055847168 23.2119140625 -4.095728397369385
7.010586738586426 23.287500381469727 -4.082561016082764
7.173821449279785 23.243684768676758 -4.048556804656982
0.0 0.0 0.0
7.641318321228027 23.589704513549805 -4.04990816116333
7.849539279937744 23.669910430908203 -4.0341596603393555
8.084634780883789 23.813182830810547 -4.028415679931641
8.29111099243164 23.875417709350586 -4.007749080657959
8.578387260437012 24.157649993896484 -4.022576332092285
8.802687644958496 24.252140045166016 -4.005724906921387
9.061125755310059 24.431501388549805 -4.002540111541748
9.316717147827148 24.586145401000977 -3.9934606552124023
9.559500694274902 24.707256317138672 -3.97760272026062
9.733275413513184 24.646562576293945 -3.9324522018432617
10.027978897094727 24.885700225830078 -3.934903383255005
0.0 0.0 0.0
10.539545059204102 25.13344955444336 -3.898390054702759
10.8948974609375 25.481977462768555 -3.913296699523926
11.181282043457031 25.656719207763672 -3.9007325172424316
11.513043403625488 25.924245834350586 -3.901446580886841
0.0 0.0 0.0
0.0 0.0 0.0
12.356595993041992 26.320619583129883 -3.8312606811523438
12.691045761108398 26.55158805847168 -3.8213250637054443
0.0 0.0 0.0
0.0 0.0 0.0
13.773627281188965 27.335887908935547 -3.791229009628296
14.092151641845703 27.482568740844727 -3.7624316215515137
0.0 0.0 0.0
0.0 0.0 0.0
0.0 0.0 0.0
0.0 0.0 0.0
15.988966941833496 28.671659469604492 -3.6540887355804443
0.0 0.0 0.0
0.0 0.0 0.0
0.0 0.0 0.0
0.0 0.0 0.0
0.0 0.0 0.0
0.0 0.0 0.0
0.0 0.0 0.0
19.78667449951172 31.254833221435547 -3.452472686767578
0.0 0.0 0.0
0.0 0.0 0.0
0.0 0.0 0.0
0.0 0.0 0.0
0.0 0.0 0.0
0.0 0.0 0.0
0.0 0.0 0.0
0.0 0.0 0.0
0.0 0.0 0.0
0.0 0.0 0.0
0.0 0.0 0.0
0.0 0.0 0.0
0.0 0.0 0.0
0.0 0.0 0.0
0.0 0.0 0.0
0.0 0.0 0.0
0.0 0.0 0.0
0.0 0.0 0.0
0.0 0.0 0.0
0.0 0.0 0.0
0.0 0.0 0.0
0.0 0.0 0.0
0.0 0.0 0.0
0.0 0.0 0.0
0.0 0.0 0.0
0.0 0.0 0.0
0.0 0.0 0.0
0.0 0.0 0.0
0.0 0.0 0.0
0.0 0.0 0.0
0.0 0.0 0.0
0.0 0.0 0.0
0.0 0.0 0.0
0.0 0.0 0.0
0.0 0.0 0.0
0.0 0.0 0.0
0.0 0.0 0.0
0.0 0.0 0.0
0.0 0.0 0.0
0.0 0.0 0.0
0.0 0.0 0.0
0.0 0.0 0.0
0.0 0.0 0.0
0.0 0.0 0.0
0.0 0.0 0.0
0.0 0.0 0.0
0.0 0.0 0.0
0.0 0.0 0.0
0.0 0.0 0.0
0.0 0.0 0.0
0.0 0.0 0.0
0.0 0.0 0.0
0.0 0.0 0.0
0.0 0.0 0.0
0.0 0.0 0.0
0.0 0.0 0.0
0.0 0.0 0.0
0.0 0.0 0.0
0.0 0.0 0.0
0.0 0.0 0.0
0.0 0.0 0.0
0.0 0.0 0.0
0.0 0.0 0.0
0.0 0.0 0.0
0.0 0.0 0.0
0.0 0.0 0.0
0.0 0.0 0.0
0.0 0.0 0.0
0.0 0.0 0.0
0.0 0.0 0.0
0.0 0.0 0.0
0.0 0.0 0.0
0.0 0.0 0.0
0.0 0.0 0.0
0.0 0.0 0.0
0.0 0.0 0.0
0.0 0.0 0.0
0.0 0.0 0.0
0.0 0.0 0.0
0.0 0.0 0.0
0.0 0.0 0.0
0.0 0.0 0.0
0.0 0.0 0.0
0.0 0.0 0.0
0.0 0.0 0.0
0.0 0.0 0.0
0.0 0.0 0.0
0.0 0.0 0.0
0.0 0.0 0.0
0.0 0.0 0.0
0.0 0.0 0.0
0.0 0.0 0.0
0.0 0.0 0.0
0.0 0.0 0.0
0.0 0.0 0.0
0.0 0.0 0.0
0.0 0.0 0.0
0.0 0.0 0.0
0.0 0.0 0.0
0.0 0.0 0.0
0.0 0.0 0.0
0.0 0.0 0.0
0.0 0.0 0.0
0.0 0.0 0.0
0.0 0.0 0.0
0.0 0.0 0.0
0.0 0.0 0.0
0.0 0.0 0.0
0.0 0.0 0.0
0.0 0.0 0.0
0.0 0.0 0.0
0.0 0.0 0.0
0.0 0.0 0.0
0.0 0.0 0.0
0.0 0.0 0.0
0.0 0.0 0.0
0.0 0.0 0.0
0.0 0.0 0.0
0.0 0.0 0.0
0.0 0.0 0.0
0.0 0.0 0.0
0.0 0.0 0.0
0.0 0.0 0.0
0.0 0.0 0.0
0.0 0.0 0.0
0.0 0.0 0.0
0.0 0.0 0.0
0.0 0.0 0.0
0.0 0.0 0.0
0.0 0.0 0.0
0.0 0.0 0.0
0.0 0.0 0.0
0.0 0.0 0.0
0.0 0.0 0.0
0.0 0.0 0.0
0.0 0.0 0.0
0.0 0.0 0.0
0.0 0.0 0.0
0.0 0.0 0.0
0.0 0.0 0.0
0.0 0.0 0.0
0.0 0.0 0.0
0.0 0.0 0.0
0.0 0.0 0.0
0.0 0.0 0.0
0.0 0.0 0.0
0.0 0.0 0.0
0.0 0.0 0.0
0.0 0.0 0.0
0.0 0.0 0.0
0.0 0.0 0.0
0.0 0.0 0.0
0.0 0.0 0.0
0.0 0.0 0.0
0.0 0.0 0.0
0.0 0.0 0.0
0.0 0.0 0.0
0.0 0.0 0.0
0.0 0.0 0.0
0.0 0.0 0.0
0.0 0.0 0.0
0.0 0.0 0.0
0.0 0.0 0.0
0.0 0.0 0.0
0.0 0.0 0.0
0.0 0.0 0.0
0.0 0.0 0.0
0.0 0.0 0.0
0.0 0.0 0.0
0.0 0.0 0.0
0.0 0.0 0.0
0.0 0.0 0.0
0.0 0.0 0.0
0.0 0.0 0.0
0.0 0.0 0.0
0.0 0.0 0.0
0.0 0.0 0.0
0.0 0.0 0.0
0.0 0.0 0.0
0.0 0.0 0.0
0.0 0.0 0.0
0.0 0.0 0.0
0.0 0.0 0.0
0.0 0.0 0.0
0.0 0.0 0.0
0.0 0.0 0.0
0.0 0.0 0.0
0.0 0.0 0.0
0.0 0.0 0.0
0.0 0.0 0.0
0.0 0.0 0.0
0.0 0.0 0.0
0.0 0.0 0.0
0.0 0.0 0.0
0.0 0.0 0.0
0.0 0.0 0.0
0.0 0.0 0.0
0.0 0.0 0.0
0.0 0.0 0.0
0.0 0.0 0.0
0.0 0.0 0.0
0.0 0.0 0.0
0.0 0.0 0.0
0.0 0.0 0.0
0.0 0.0 0.0
0.0 0.0 0.0
-15.159625053405762 26.840415954589844 -3.1320033073425293
0.0 0.0 0.0
0.0 0.0 0.0
-13.95457649230957 25.967796325683594 -3.194495439529419
0.0 0.0 0.0
0.0 0.0 0.0
-13.071577072143555 25.59197998046875 -3.2992770671844482
-12.632131576538086 25.171566009521484 -3.294553756713867
-12.417496681213379 25.17979621887207 -3.3422958850860596
0.0 0.0 0.0
0.0 0.0 0.0
0.0 0.0 0.0
0.0 0.0 0.0
-10.962858200073242 24.34109115600586 -3.450223684310913
0.0 0.0 0.0
0.0 0.0 0.0
0.0 0.0 0.0
0.0 0.0 0.0
0.0 0.0 0.0
0.0 0.0 0.0
0.0 0.0 0.0
-9.135764122009277 23.742319107055664 -3.672987699508667
0.0 0.0 0.0
0.0 0.0 0.0
0.0 0.0 0.0
0.0 0.0 0.0
0.0 0.0 0.0
0.0 0.0 0.0
0.0 0.0 0.0
-7.275555610656738 22.60212516784668 -3.753236770629883
0.0 0.0 0.0
0.0 0.0 0.0
-6.686398983001709 22.36288833618164 -3.8002512454986572
-6.496675491333008 22.292570114135742 -3.8150081634521484
-6.304317474365234 22.217710494995117 -3.829402208328247
-6.134695529937744 22.207414627075195 -3.8544230461120605
-5.889305114746094 21.913265228271484 -3.8293726444244385
-5.745188236236572 21.986026763916016 -3.8660006523132324
-5.583105564117432 21.99065399169922 -3.8908724784851074
-5.43342399597168 22.05440330505371 -3.926797866821289
-5.213372230529785 21.813352584838867 -3.9079551696777344
-5.058452129364014 21.837011337280273 -3.933824062347412
-4.87907075881958 21.75078010559082 -3.939448356628418
-4.725610256195068 21.7758846282959 -3.9653146266937256
-4.522796154022217 21.578323364257812 -3.9509804248809814
-4.384465217590332 21.668975830078125 -3.9876208305358887
-4.213046550750732 21.59297752380371 -3.9919021129608154
-4.054086685180664 21.576112747192383 -4.0072102546691895
-3.8615710735321045 21.3690128326416 -3.987128257751465
-3.7069201469421387 21.376482009887695 -4.007320880889893
-3.5391666889190674 21.288333892822266 -4.006165981292725
-3.411003351211548 21.43779945373535 -4.049921035766602
-3.2307307720184326 21.25621795654297 -4.031278610229492
-3.068404197692871 21.17961883544922 -4.032541275024414
-2.907322645187378 21.1021785736084 -4.031674385070801
-2.763950824737549 21.168685913085938 -4.057165145874023
-2.602036476135254 21.0701904296875 -4.050981044769287
-2.4547770023345947 21.084829330444336 -4.066692352294922
-2.3084144592285156 21.10613250732422 -4.083385944366455
-2.155965805053711 21.06594467163086 -4.085054874420166
-1.9997516870498657 21.005783081054688 -4.083164215087891
-1.8508120775222778 20.98630714416504 -4.089162826538086
-1.708282232284546 21.04222297668457 -4.110067844390869
-1.5637249946594238 21.07851219177246 -4.124815464019775
-1.4093575477600098 20.972496032714844 -4.110659122467041
-1.2694123983383179 21.125707626342773 -4.147653102874756
-1.115951657295227 21.009899139404297 -4.1319098472595215
-0.9671666622161865 20.962081909179688 -4.128852367401123
-0.8210115432739258 20.95974349975586 -4.131918430328369
-0.6773626208305359 21.036828994750977 -4.150857448577881
-0.5275188684463501 21.005695343017578 -4.148719310760498
-0.3804161250591278 20.95431137084961 -4.142696380615234
-0.23577602207660675 21.059579849243164 -4.164822578430176
-0.08917298167943954 21.045236587524414 -4.162528991699219
0.05689924582839012 20.972394943237305 -4.148861885070801
0.20256218314170837 20.944522857666016 -4.144289493560791
0.35304364562034607 21.0805606842041 -4.171261787414551
0.498351514339447 21.020706176757812 -4.156978607177734
0.6473078727722168 21.105403900146484 -4.17147970199585
0.7951607704162598 21.127775192260742 -4.17385196685791
0.9392577409744263 21.057222366333008 -4.158072471618652
1.0894076824188232 21.074209213256836 -4.1565375328063965
1.2445626258850098 21.212831497192383 -4.178525924682617
1.3863810300827026 21.117002487182617 -4.154519557952881
1.5464789867401123 21.29168128967285 -4.183917045593262
1.69004487991333 21.224653244018555 -4.164665699005127
1.8447940349578857 21.263856887817383 -4.163855075836182
2.0023727416992188 21.355607986450195 -4.173637390136719
2.158407688140869 21.415668487548828 -4.177352428436279
2.305098056793213 21.379274368286133 -4.1624369621276855
2.468505620956421 21.491077423095703 -4.173251152038574
2.62261700630188 21.491050720214844 -4.161900043487549
2.7787604331970215 21.524431228637695 -4.157377243041992
2.938951015472412 21.583314895629883 -4.157930374145508
3.104536533355713 21.67169189453125 -4.162680149078369
3.2591774463653564 21.67566680908203 -4.149291038513184
3.425199031829834 21.750600814819336 -4.1496262550354
3.5926437377929688 21.808744430541992 -4.146603107452393
3.7786953449249268 21.98331069946289 -4.165976524353027
3.930856943130493 21.952882766723633 -4.143028736114502
4.099120140075684 22.008209228515625 -4.136373519897461
4.26250696182251 22.032087326049805 -4.1239094734191895
4.450352668762207 22.15975570678711 -4.130621910095215
4.603830337524414 22.12491798400879 -4.105629920959473
4.797441482543945 22.277145385742188 -4.114029884338379
4.991903781890869 22.420246124267578 -4.120610237121582
5.152400493621826 22.404342651367188 -4.09800386428833
5.342233657836914 22.49907112121582 -4.094897747039795
5.566274642944336 22.739103317260742 -4.115865230560303
5.737646579742432 22.753265380859375 -4.095804214477539
5.9201178550720215 22.807106018066406 -4.082950115203857
6.109572887420654 22.881824493408203 -4.073835849761963
6.312343120574951 22.988147735595703 -4.067619323730469
6.5311079025268555 23.1528377532959 -4.07119083404541
6.716043949127197 23.189821243286133 -4.052197456359863
6.880953311920166 23.155162811279297 -4.020791530609131
7.127557754516602 23.388648986816406 -4.034779071807861
7.319169998168945 23.420516967773438 -4.011463165283203
7.603785037994385 23.749149322509766 -4.039153099060059
7.784020900726318 23.741552352905273 -4.009357929229736
7.994022846221924 23.820348739624023 -3.9939584732055664
8.237890243530273 23.992717742919922 -3.991615056991577
8.512871742248535 24.24294662475586 -4.001705646514893
8.713818550109863 24.264360427856445 -3.973193407058716
8.996367454528809 24.51346778869629 -3.9822092056274414
0.0 0.0 0.0
9.478804588317871 24.759061813354492 -3.9537858963012695
9.717940330505371 24.864152908325195 -3.936002016067505
9.910222053527832 24.83686637878418 -3.8966331481933594
10.274438858032227 25.23912811279297 -3.9232683181762695
10.619715690612793 25.577051162719727 -3.9377176761627197
10.783402442932129 25.46971321105957 -3.883227825164795
11.171462059020996 25.883453369140625 -3.907716751098633
11.419079780578613 25.952089309692383 -3.877762794494629
0.0 0.0 0.0
12.007442474365234 26.289289474487305 -3.8446669578552246
0.0 0.0 0.0
0.0 0.0 0.0
12.959484100341797 26.86742401123047 -3.796978712081909
0.0 0.0 0.0
0.0 0.0 0.0
0.0 0.0 0.0
0.0 0.0 0.0
0.0 0.0 0.0
15.112404823303223 28.24934959411621 -3.69484543800354
0.0 0.0 0.0
0.0 0.0 0.0
0.0 0.0 0.0
0.0 0.0 0.0
0.0 0.0 0.0
17.721776962280273 30.03319549560547 -3.574495315551758
0.0 0.0 0.0
0.0 0.0 0.0
19.238502502441406 31.101594924926758 -3.5031557083129883
0.0 0.0 0.0
0.0 0.0 0.0
0.0 0.0 0.0
0.0 0.0 0.0
0.0 0.0 0.0
0.0 0.0 0.0
0.0 0.0 0.0
0.0 0.0 0.0
0.0 0.0 0.0
0.0 0.0 0.0
0.0 0.0 0.0
0.0 0.0 0.0
0.0 0.0 0.0
0.0 0.0 0.0
0.0 0.0 0.0
0.0 0.0 0.0
0.0 0.0 0.0
0.0 0.0 0.0
0.0 0.0 0.0
0.0 0.0 0.0
0.0 0.0 0.0
0.0 0.0 0.0
0.0 0.0 0.0
0.0 0.0 0.0
0.0 0.0 0.0
0.0 0.0 0.0
0.0 0.0 0.0
0.0 0.0 0.0
0.0 0.0 0.0
0.0 0.0 0.0
0.0 0.0 0.0
0.0 0.0 0.0
0.0 0.0 0.0
0.0 0.0 0.0
0.0 0.0 0.0
0.0 0.0 0.0
0.0 0.0 0.0
0.0 0.0 0.0
0.0 0.0 0.0
0.0 0.0 0.0
0.0 0.0 0.0
0.0 0.0 0.0
0.0 0.0 0.0
0.0 0.0 0.0
0.0 0.0 0.0
0.0 0.0 0.0
0.0 0.0 0.0
0.0 0.0 0.0
0.0 0.0 0.0
0.0 0.0 0.0
0.0 0.0 0.0
0.0 0.0 0.0
0.0 0.0 0.0
0.0 0.0 0.0
0.0 0.0 0.0
0.0 0.0 0.0
0.0 0.0 0.0
0.0 0.0 0.0
0.0 0.0 0.0
0.0 0.0 0.0
0.0 0.0 0.0
0.0 0.0 0.0
0.0 0.0 0.0
0.0 0.0 0.0
0.0 0.0 0.0
0.0 0.0 0.0
0.0 0.0 0.0
0.0 0.0 0.0
0.0 0.0 0.0
0.0 0.0 0.0
0.0 0.0 0.0
0.0 0.0 0.0
0.0 0.0 0.0
0.0 0.0 0.0
0.0 0.0 0.0
0.0 0.0 0.0
0.0 0.0 0.0
0.0 0.0 0.0
0.0 0.0 0.0
0.0 0.0 0.0
0.0 0.0 0.0
0.0 0.0 0.0
0.0 0.0 0.0
0.0 0.0 0.0
0.0 0.0 0.0
0.0 0.0 0.0
0.0 0.0 0.0
0.0 0.0 0.0
0.0 0.0 0.0
0.0 0.0 0.0
0.0 0.0 0.0
0.0 0.0 0.0
0.0 0.0 0.0
0.0 0.0 0.0
0.0 0.0 0.0
0.0 0.0 0.0
0.0 0.0 0.0
0.0 0.0 0.0
0.0 0.0 0.0
0.0 0.0 0.0
0.0 0.0 0.0
0.0 0.0 0.0
0.0 0.0 0.0
0.0 0.0 0.0
0.0 0.0 0.0
0.0 0.0 0.0
0.0 0.0 0.0
0.0 0.0 0.0
0.0 0.0 0.0
0.0 0.0 0.0
0.0 0.0 0.0
0.0 0.0 0.0
0.0 0.0 0.0
0.0 0.0 0.0
0.0 0.0 0.0
0.0 0.0 0.0
0.0 0.0 0.0
0.0 0.0 0.0
0.0 0.0 0.0
0.0 0.0 0.0
0.0 0.0 0.0
0.0 0.0 0.0
0.0 0.0 0.0
0.0 0.0 0.0
0.0 0.0 0.0
0.0 0.0 0.0
0.0 0.0 0.0
0.0 0.0 0.0
0.0 0.0 0.0
0.0 0.0 0.0
0.0 0.0 0.0
0.0 0.0 0.0
0.0 0.0 0.0
0.0 0.0 0.0
0.0 0.0 0.0
0.0 0.0 0.0
0.0 0.0 0.0
0.0 0.0 0.0
0.0 0.0 0.0
0.0 0.0 0.0
0.0 0.0 0.0
0.0 0.0 0.0
0.0 0.0 0.0
0.0 0.0 0.0
0.0 0.0 0.0
0.0 0.0 0.0
0.0 0.0 0.0
0.0 0.0 0.0
0.0 0.0 0.0
0.0 0.0 0.0
0.0 0.0 0.0
0.0 0.0 0.0
0.0 0.0 0.0
0.0 0.0 0.0
0.0 0.0 0.0
0.0 0.0 0.0
0.0 0.0 0.0
0.0 0.0 0.0
0.0 0.0 0.0
0.0 0.0 0.0
0.0 0.0 0.0
0.0 0.0 0.0
0.0 0.0 0.0
0.0 0.0 0.0
0.0 0.0 0.0
0.0 0.0 0.0
0.0 0.0 0.0
0.0 0.0 0.0
0.0 0.0 0.0
0.0 0.0 0.0
0.0 0.0 0.0
0.0 0.0 0.0
0.0 0.0 0.0
0.0 0.0 0.0
0.0 0.0 0.0
0.0 0.0 0.0
0.0 0.0 0.0
0.0 0.0 0.0
0.0 0.0 0.0
0.0 0.0 0.0
0.0 0.0 0.0
0.0 0.0 0.0
0.0 0.0 0.0
0.0 0.0 0.0
0.0 0.0 0.0
0.0 0.0 0.0
0.0 0.0 0.0
0.0 0.0 0.0
0.0 0.0 0.0
0.0 0.0 0.0
0.0 0.0 0.0
0.0 0.0 0.0
0.0 0.0 0.0
0.0 0.0 0.0
0.0 0.0 0.0
0.0 0.0 0.0
0.0 0.0 0.0
0.0 0.0 0.0
0.0 0.0 0.0
0.0 0.0 0.0
0.0 0.0 0.0
0.0 0.0 0.0
0.0 0.0 0.0
0.0 0.0 0.0
-16.90492820739746 27.852998733520508 -2.9487051963806152
-16.509851455688477 27.63336753845215 -2.9882190227508545
0.0 0.0 0.0
0.0 0.0 0.0
0.0 0.0 0.0
0.0 0.0 0.0
0.0 0.0 0.0
0.0 0.0 0.0
0.0 0.0 0.0
0.0 0.0 0.0
0.0 0.0 0.0
0.0 0.0 0.0
0.0 0.0 0.0
0.0 0.0 0.0
0.0 0.0 0.0
0.0 0.0 0.0
-11.493417739868164 24.817256927490234 -3.4200239181518555
0.0 0.0 0.0
0.0 0.0 0.0
0.0 0.0 0.0
0.0 0.0 0.0
0.0 0.0 0.0
0.0 0.0 0.0
0.0 0.0 0.0
0.0 0.0 0.0
0.0 0.0 0.0
0.0 0.0 0.0
0.0 0.0 0.0
0.0 0.0 0.0
0.0 0.0 0.0
0.0 0.0 0.0
0.0 0.0 0.0
0.0 0.0 0.0
-7.450677394866943 22.867734909057617 -3.7392690181732178
0.0 0.0 0.0
0.0 0.0 0.0
-6.832501411437988 22.57076644897461 -3.777057647705078
-6.630936145782471 22.468305587768555 -3.786961793899536
0.0 0.0 0.0
-6.265514850616455 22.37336540222168 -3.8250715732574463
0.0 0.0 0.0
-5.884612083435059 22.210790634155273 -3.846616268157959
-5.692108631134033 22.104488372802734 -3.8524832725524902
-5.556503772735596 22.217029571533203 -3.8966121673583984
-5.3414106369018555 22.00718879699707 -3.882704496383667
-5.14651346206665 21.866931915283203 -3.8791990280151367
-5.006730079650879 21.969505310058594 -3.9192452430725098
-4.825371742248535 21.875228881835938 -3.923938512802124
-4.650329113006592 21.802146911621094 -3.9321610927581787
-4.468358039855957 21.686689376831055 -3.9298932552337646
-4.327963829040527 21.76968765258789 -3.9637069702148438
-4.139971733093262 21.621809005737305 -3.95589017868042
-3.9714269638061523 21.551406860351562 -3.9618935585021973
-3.8206748962402344 21.574745178222656 -3.9830658435821533
-3.654170274734497 21.506322860717773 -3.986267328262329
-3.4951465129852295 21.474544525146484 -3.9963316917419434
-3.338791847229004 21.47231101989746 -4.012322902679443
-3.181302309036255 21.442150115966797 -4.022210597991943
-3.01281476020813 21.327667236328125 -4.013543128967285
-2.8690552711486816 21.383153915405273 -4.037001132965088
-2.7077250480651855 21.304357528686523 -4.035267353057861
-2.5496280193328857 21.23959732055664 -4.0362653732299805
-2.3953332901000977 21.2240047454834 -4.044364929199219
-2.2514076232910156 21.275909423828125 -4.064420223236084
-2.0944252014160156 21.200809478759766 -4.060387134552002
-1.9505192041397095 21.254474639892578 -4.08119010925293
-1.7928122282028198 21.15060043334961 -4.070863723754883
-1.640445351600647 21.13041877746582 -4.074119567871094
-1.4967702627182007 21.1893367767334 -4.092706203460693
-1.3407387733459473 21.06737518310547 -4.076534748077393
-1.198575496673584 21.154874801635742 -4.101066589355469
-1.0513396263122559 21.161516189575195 -4.107186317443848
-0.9012369513511658 21.159696578979492 -4.111191749572754
-0.752192497253418 21.11458969116211 -4.106903076171875
-0.6050276160240173 21.110599517822266 -4.110797882080078
-0.46018779277801514 21.20163917541504 -4.1321892738342285
-0.3121638000011444 21.173320770263672 -4.127945899963379
-0.16191072762012482 21.14398765563965 -4.123727798461914
-0.014711977913975716 21.086753845214844 -4.114237308502197
0.13223448395729065 21.116680145263672 -4.121950149536133
0.27904272079467773 21.115543365478516 -4.120448589324951
0.4270159900188446 21.163331985473633 -4.128066062927246
0.5735262632369995 21.137266159057617 -4.121477127075195
0.72666335105896 21.236555099487305 -4.139503479003906
0.8719310760498047 21.1741943359375 -4.124876976013184
1.0227913856506348 21.241500854492188 -4.133302688598633
1.1769965887069702 21.353687286376953 -4.150626182556152
1.3218075037002563 21.28486442565918 -4.13294792175293
1.4790619611740112 21.37175941467285 -4.145634174346924
1.6331533193588257 21.4315185546875 -4.149977207183838
1.7816113233566284 21.413814544677734 -4.1390767097473145
1.9343818426132202 21.44474220275879 -4.137765407562256
2.1028878688812256 21.63113784790039 -4.166572093963623
2.2538342475891113 21.59493064880371 -4.151015281677246
2.418178081512451 21.707069396972656 -4.1620917320251465
2.564781665802002 21.65410614013672 -4.141671180725098
2.736572265625 21.805784225463867 -4.160531520843506
2.864189624786377 21.606061935424805 -4.112552642822266
3.0770063400268555 22.01418113708496 -4.176729679107666
3.2088606357574463 21.84721565246582 -4.131767749786377
3.375939130783081 21.92234230041504 -4.132824897766113
3.552774429321289 22.049299240112305 -4.143709659576416
3.7109735012054443 22.053964614868164 -4.130181789398193
3.868889570236206 22.054006576538086 -4.114145278930664
4.081539154052734 22.33597183227539 -4.150379657745361
4.197320938110352 22.099288940429688 -4.0906596183776855
4.3904547691345215 22.26927947998047 -4.106355667114258
4.573540210723877 22.37805938720703 -4.10748815536499
4.73623514175415 22.380022048950195 -4.089053630828857
4.914304256439209 22.436613082885742 -4.080372333526611
5.133068561553955 22.679954528808594 -4.105888366699219
5.28294563293457 22.610740661621094 -4.072917938232422
5.456687927246094 22.641691207885742 -4.056783199310303
5.655239582061768 22.768436431884766 -4.057797431945801
5.865169048309326 22.919048309326172 -4.062576770782471
6.034633159637451 22.915903091430664 -4.039933681488037
6.241645336151123 23.049428939819336 -4.038995742797852
6.470619201660156 23.251684188842773 -4.049836158752441
6.673079967498779 23.34818458557129 -4.042057037353516
6.871232032775879 23.4127140045166 -4.028283596038818
7.1031622886657715 23.594924926757812 -4.032736778259277
7.307566165924072 23.67562484741211 -4.019036769866943
0.0 0.0 0.0
7.699002742767334 23.765958786010742 -3.979513168334961
7.952010154724121 23.977413177490234 -3.9862120151519775
8.188217163085938 24.11631202697754 -3.9784586429595947
8.363064765930176 24.078960418701172 -3.942089796066284
8.673456192016602 24.422348022460938 -3.9677348136901855
0.0 0.0 0.0
9.094393730163574 24.521059036254883 -3.9197230339050293
9.406950950622559 24.823381423950195 -3.934015989303589
9.690399169921875 25.044414520263672 -3.9353528022766113
9.872310638427734 24.99668312072754 -3.894254446029663
0.0 0.0 0.0
10.410284042358398 25.323530197143555 -3.8725836277008057
0.0 0.0 0.0
11.020666122436523 25.774145126342773 -3.8667185306549072
11.3194580078125 25.972925186157227 -3.8573992252349854
11.560602188110352 26.030794143676758 -3.826101303100586
11.951542854309082 26.414648056030273 -3.8420028686523438
0.0 0.0 0.0
0.0 0.0 0.0
0.0 0.0 0.0
13.327691078186035 27.391916275024414 -3.8075852394104004
0.0 0.0 0.0
13.961389541625977 27.70845603942871 -3.758690357208252
14.238813400268555 27.767208099365234 -3.7172513008117676
14.738587379455566 28.255020141601562 -3.733001947402954
0.0 0.0 0.0
0.0 0.0 0.0
15.846341133117676 28.893474578857422 -3.660261392593384
0.0 0.0 0.0
0.0 0.0 0.0
0.0 0.0 0.0
0.0 0.0 0.0
0.0 0.0 0.0
0.0 0.0 0.0
0.0 0.0 0.0
0.0 0.0 0.0
0.0 0.0 0.0
0.0 0.0 0.0
0.0 0.0 0.0
0.0 0.0 0.0
0.0 0.0 0.0
0.0 0.0 0.0
0.0 0.0 0.0
0.0 0.0 0.0
0.0 0.0 0.0
0.0 0.0 0.0
0.0 0.0 0.0
0.0 0.0 0.0
0.0 0.0 0.0
0.0 0.0 0.0
0.0 0.0 0.0
0.0 0.0 0.0
0.0 0.0 0.0
0.0 0.0 0.0
0.0 0.0 0.0
0.0 0.0 0.0
0.0 0.0 0.0
0.0 0.0 0.0
0.0 0.0 0.0
0.0 0.0 0.0
0.0 0.0 0.0
0.0 0.0 0.0
0.0 0.0 0.0
0.0 0.0 0.0
0.0 0.0 0.0
0.0 0.0 0.0
0.0 0.0 0.0
0.0 0.0 0.0
0.0 0.0 0.0
0.0 0.0 0.0
0.0 0.0 0.0
0.0 0.0 0.0
0.0 0.0 0.0
0.0 0.0 0.0
0.0 0.0 0.0
0.0 0.0 0.0
0.0 0.0 0.0
0.0 0.0 0.0
0.0 0.0 0.0
0.0 0.0 0.0
0.0 0.0 0.0
0.0 0.0 0.0
0.0 0.0 0.0
0.0 0.0 0.0
0.0 0.0 0.0
0.0 0.0 0.0
0.0 0.0 0.0
0.0 0.0 0.0
0.0 0.0 0.0
0.0 0.0 0.0
0.0 0.0 0.0
0.0 0.0 0.0
0.0 0.0 0.0
0.0 0.0 0.0
0.0 0.0 0.0
0.0 0.0 0.0
0.0 0.0 0.0
0.0 0.0 0.0
0.0 0.0 0.0
0.0 0.0 0.0
0.0 0.0 0.0
0.0 0.0 0.0
0.0 0.0 0.0
0.0 0.0 0.0
0.0 0.0 0.0
0.0 0.0 0.0
0.0 0.0 0.0
0.0 0.0 0.0
0.0 0.0 0.0
0.0 0.0 0.0
0.0 0.0 0.0
0.0 0.0 0.0
0.0 0.0 0.0
0.0 0.0 0.0
0.0 0.0 0.0
0.0 0.0 0.0
0.0 0.0 0.0
0.0 0.0 0.0
0.0 0.0 0.0
0.0 0.0 0.0
0.0 0.0 0.0
0.0 0.0 0.0
0.0 0.0 0.0
0.0 0.0 0.0
0.0 0.0 0.0
0.0 0.0 0.0
0.0 0.0 0.0
0.0 0.0 0.0
0.0 0.0 0.0
0.0 0.0 0.0
0.0 0.0 0.0
0.0 0.0 0.0
0.0 0.0 0.0
0.0 0.0 0.0
0.0 0.0 0.0
0.0 0.0 0.0
0.0 0.0 0.0
0.0 0.0 0.0
0.0 0.0 0.0
0.0 0.0 0.0
0.0 0.0 0.0
0.0 0.0 0.0
0.0 0.0 0.0
0.0 0.0 0.0
0.0 0.0 0.0
0.0 0.0 0.0
0.0 0.0 0.0
0.0 0.0 0.0
0.0 0.0 0.0
0.0 0.0 0.0
0.0 0.0 0.0
0.0 0.0 0.0
0.0 0.0 0.0
0.0 0.0 0.0
0.0 0.0 0.0
0.0 0.0 0.0
0.0 0.0 0.0
0.0 0.0 0.0
0.0 0.0 0.0
0.0 0.0 0.0
0.0 0.0 0.0
0.0 0.0 0.0
0.0 0.0 0.0
0.0 0.0 0.0
0.0 0.0 0.0
0.0 0.0 0.0
0.0 0.0 0.0
0.0 0.0 0.0
0.0 0.0 0.0
0.0 0.0 0.0
0.0 0.0 0.0
0.0 0.0 0.0
0.0 0.0 0.0
0.0 0.0 0.0
0.0 0.0 0.0
0.0 0.0 0.0
0.0 0.0 0.0
0.0 0.0 0.0
0.0 0.0 0.0
0.0 0.0 0.0
0.0 0.0 0.0
0.0 0.0 0.0
0.0 0.0 0.0
0.0 0.0 0.0
0.0 0.0 0.0
0.0 0.0 0.0
0.0 0.0 0.0
0.0 0.0 0.0
0.0 0.0 0.0
0.0 0.0 0.0
0.0 0.0 0.0
0.0 0.0 0.0
0.0 0.0 0.0
0.0 0.0 0.0
0.0 0.0 0.0
0.0 0.0 0.0
0.0 0.0 0.0
0.0 0.0 0.0
0.0 0.0 0.0
0.0 0.0 0.0
0.0 0.0 0.0
0.0 0.0 0.0
0.0 0.0 0.0
0.0 0.0 0.0
0.0 0.0 0.0
0.0 0.0 0.0
0.0 0.0 0.0
0.0 0.0 0.0
0.0 0.0 0.0
0.0 0.0 0.0
0.0 0.0 0.0
0.0 0.0 0.0
0.0 0.0 0.0
0.0 0.0 0.0
0.0 0.0 0.0
0.0 0.0 0.0
0.0 0.0 0.0
0.0 0.0 0.0
0.0 0.0 0.0
0.0 0.0 0.0
0.0 0.0 0.0
0.0 0.0 0.0
0.0 0.0 0.0
0.0 0.0 0.0
0.0 0.0 0.0
0.0 0.0 0.0
0.0 0.0 0.0
0.0 0.0 0.0
0.0 0.0 0.0
0.0 0.0 0.0
0.0 0.0 0.0
0.0 0.0 0.0
0.0 0.0 0.0
0.0 0.0 0.0
0.0 0.0 0.0
0.0 0.0 0.0
0.0 0.0 0.0
0.0 0.0 0.0
0.0 0.0 0.0
0.0 0.0 0.0
0.0 0.0 0.0
-16.09981346130371 27.605493545532227 -3.04024338722229
0.0 0.0 0.0
0.0 0.0 0.0
0.0 0.0 0.0
0.0 0.0 0.0
0.0 0.0 0.0
0.0 0.0 0.0
0.0 0.0 0.0
-13.164520263671875 25.779869079589844 -3.253777503967285
0.0 0.0 0.0
-12.474846839904785 25.29910659790039 -3.2870428562164307
0.0 0.0 0.0
0.0 0.0 0.0
0.0 0.0 0.0
0.0 0.0 0.0
0.0 0.0 0.0
0.0 0.0 0.0
0.0 0.0 0.0
0.0 0.0 0.0
0.0 0.0 0.0
0.0 0.0 0.0
0.0 0.0 0.0
0.0 0.0 0.0
0.0 0.0 0.0
0.0 0.0 0.0
-8.632606506347656 23.407154083251953 -3.602443218231201
0.0 0.0 0.0
0.0 0.0 0.0
0.0 0.0 0.0
0.0 0.0 0.0
-7.61985445022583 23.119855880737305 -3.714934825897217
0.0 0.0 0.0
-7.17088508605957 22.822612762451172 -3.725084066390991
-6.932201862335205 22.612207412719727 -3.718003034591675
-6.83495569229126 22.86170768737793 -3.7866694927215576
-6.541372776031494 22.447946548461914 -3.7453622817993164
0.0 0.0 0.0
-6.188844680786133 22.404937744140625 -3.7889578342437744
0.0 0.0 0.0
-5.846644401550293 22.374614715576172 -3.8331308364868164
-5.643908500671387 22.23062515258789 -3.8327293395996094
-5.474188804626465 22.220523834228516 -3.853294849395752
-5.270047664642334 22.051227569580078 -3.8458120822906494
-5.122586250305176 22.112764358520508 -3.8785805702209473
-4.9355788230896 22.000511169433594 -3.8809680938720703
-4.774801254272461 22.00000762939453 -3.900805711746216
-4.6061320304870605 21.972570419311523 -3.9154951572418213
-4.433021068572998 21.90568733215332 -3.92289662361145
-4.231769561767578 21.686426162719727 -3.902879476547241
-4.081920623779297 21.722734451293945 -3.927870512008667
-3.927767038345337 21.73564910888672 -3.94659161567688
-3.7677972316741943 21.728893280029297 -3.9621810913085938
-3.601376533508301 21.663692474365234 -3.966923236846924
-3.4535608291625977 21.70731544494629 -3.9917373657226562
-3.3018436431884766 21.72763442993164 -4.009524822235107
-3.0939395427703857 21.35909080505371 -3.9550094604492188
-2.9767963886260986 21.609163284301758 -4.015138149261475
-2.812802314758301 21.54652214050293 -4.017706871032715
-2.645364999771118 21.425474166870117 -4.007777214050293
-2.4894070625305176 21.38364028930664 -4.010537624359131
-2.3370816707611084 21.36739730834961 -4.018249988555908
-2.1864988803863525 21.365360260009766 -4.028817653656006
-2.040459394454956 21.43506622314453 -4.053321361541748
-1.8756681680679321 21.270923614501953 -4.0302629470825195
-1.728772759437561 21.296892166137695 -4.043056011199951
-1.580303430557251 21.306541442871094 -4.0529608726501465
-1.4309216737747192 21.299827575683594 -4.059935092926025
-1.278300166130066 21.281003952026367 -4.063307285308838
-1.1356992721557617 21.39164924621582 -4.08928918838501
-0.9799541234970093 21.24836540222168 -4.066915512084961
-0.8355634808540344 21.341655731201172 -4.090005397796631
-0.6906626224517822 21.456954956054688 -4.117560863494873
-0.5356131792068481 21.33417510986328 -4.096263885498047
-0.3862452805042267 21.279340744018555 -4.087863445281982
-0.23805716633796692 21.273334503173828 -4.089036464691162
-0.09038212150335312 21.323833465576172 -4.101271152496338
0.05788959190249443 21.273876190185547 -4.092731952667236
0.20659174025058746 21.33837890625 -4.10416841506958
0.359356552362442 21.440155029296875 -4.122955322265625
0.5070337653160095 21.372156143188477 -4.109305381774902
0.654605507850647 21.329980850219727 -4.100823402404785
0.8079277276992798 21.459957122802734 -4.122065544128418
0.9591531157493591 21.496896743774414 -4.125341415405273
1.109503984451294 21.456026077270508 -4.113824367523193
1.2591078281402588 21.456377029418945 -4.110481262207031
1.4096615314483643 21.467453002929688 -4.107792377471924
1.5623384714126587 21.5046443939209 -4.108234405517578
1.7183436155319214 21.575178146362305 -4.115206241607666
1.8807765245437622 21.674970626831055 -4.127788543701172
2.027998685836792 21.624746322631836 -4.112095832824707
2.186598539352417 21.69254493713379 -4.115509510040283
2.3365254402160645 21.66761016845703 -4.101286888122559
2.5048811435699463 21.8056583404541 -4.118062973022461
2.6515095233917236 21.724885940551758 -4.093513011932373
2.827915668487549 21.902690887451172 -4.1163330078125
0.0 0.0 0.0
3.1594228744506836 22.049497604370117 -4.119027614593506
3.311978578567505 22.022281646728516 -4.101787090301514
3.4666974544525146 22.00918197631836 -4.087374687194824
3.6397626399993896 22.089963912963867 -4.087011814117432
3.8338494300842285 22.29857635498047 -4.110402584075928
3.979346752166748 22.218067169189453 -4.08059549331665
4.15065860748291 22.28019905090332 -4.0771660804748535
4.327325820922852 22.36398696899414 -4.0761284828186035
4.525674819946289 22.53291130065918 -4.088632106781006
4.717536926269531 22.670570373535156 -4.095694541931152
4.886252403259277 22.690120697021484 -4.081470489501953
5.046403884887695 22.66710662841797 -4.05954647064209
5.254988670349121 22.853450775146484 -4.072113990783691
5.427316665649414 22.8614444732666 -4.052523612976074
5.617488384246826 22.95098114013672 -4.047783374786377
5.84306526184082 23.17341423034668 -4.06633996963501
5.997446537017822 23.107149124145508 -4.032339096069336
6.233850002288818 23.34889030456543 -4.050909519195557
6.421926498413086 23.387123107910156 -4.033570766448975
6.622425556182861 23.47655487060547 -4.025494575500488
6.823456287384033 23.56073760986328 -4.015776634216309
7.034867763519287 23.67315673828125 -4.008639812469482
7.251734733581543 23.79481315612793 -4.002878189086914
7.451716899871826 23.843841552734375 -3.9843497276306152
7.687285900115967 24.009700775146484 -3.985690116882324
7.929112911224365 24.184871673583984 -3.9858925342559814
8.094120025634766 24.1200008392334 -3.9461538791656494
8.365160942077637 24.364343643188477 -3.956861972808838
8.624475479125977 24.562482833862305 -3.959636688232422
8.843034744262695 24.62660789489746 -3.9385440349578857
9.108238220214844 24.820470809936523 -3.937276601791382
9.339774131774902 24.91423797607422 -3.9198379516601562
9.613321304321289 25.11060905456543 -3.9181721210479736
9.827679634094238 25.146259307861328 -3.8904833793640137
10.106756210327148 25.329940795898438 -3.8830273151397705
10.41343879699707 25.58022117614746 -3.8858163356781006
10.687215805053711 25.738115310668945 -3.873973846435547
10.949501037597656 25.861677169799805 -3.856395721435547
0.0 0.0 0.0
11.508899688720703 26.153432846069336 -3.821503162384033
0.0 0.0 0.0
0.0 0.0 0.0
12.521114349365234 26.916337966918945 -3.8103229999542236
0.0 0.0 0.0
0.0 0.0 0.0
13.527963638305664 27.553529739379883 -3.7684357166290283
13.845071792602539 27.711645126342773 -3.7435054779052734
14.140996932983398 27.818002700805664 -3.7108852863311768
0.0 0.0 0.0
0.0 0.0 0.0
0.0 0.0 0.0
15.723033905029297 28.903533935546875 -3.6529312133789062
0.0 0.0 0.0
0.0 0.0 0.0
0.0 0.0 0.0
0.0 0.0 0.0
0.0 0.0 0.0
0.0 0.0 0.0
0.0 0.0 0.0
0.0 0.0 0.0
0.0 0.0 0.0
0.0 0.0 0.0
0.0 0.0 0.0
0.0 0.0 0.0
0.0 0.0 0.0
0.0 0.0 0.0
0.0 0.0 0.0
0.0 0.0 0.0
0.0 0.0 0.0
0.0 0.0 0.0
0.0 0.0 0.0
0.0 0.0 0.0
0.0 0.0 0.0
0.0 0.0 0.0
0.0 0.0 0.0
0.0 0.0 0.0
0.0 0.0 0.0
0.0 0.0 0.0
0.0 0.0 0.0
0.0 0.0 0.0
0.0 0.0 0.0
0.0 0.0 0.0
0.0 0.0 0.0
0.0 0.0 0.0
0.0 0.0 0.0
0.0 0.0 0.0
0.0 0.0 0.0
0.0 0.0 0.0
0.0 0.0 0.0
0.0 0.0 0.0
0.0 0.0 0.0
0.0 0.0 0.0
0.0 0.0 0.0
0.0 0.0 0.0
0.0 0.0 0.0
0.0 0.0 0.0
0.0 0.0 0.0
0.0 0.0 0.0
0.0 0.0 0.0
0.0 0.0 0.0
0.0 0.0 0.0
0.0 0.0 0.0
0.0 0.0 0.0
0.0 0.0 0.0
0.0 0.0 0.0
0.0 0.0 0.0
0.0 0.0 0.0
0.0 0.0 0.0
0.0 0.0 0.0
0.0 0.0 0.0
0.0 0.0 0.0
0.0 0.0 0.0
0.0 0.0 0.0
0.0 0.0 0.0
0.0 0.0 0.0
0.0 0.0 0.0
0.0 0.0 0.0
0.0 0.0 0.0
0.0 0.0 0.0
0.0 0.0 0.0
0.0 0.0 0.0
0.0 0.0 0.0
0.0 0.0 0.0
0.0 0.0 0.0
0.0 0.0 0.0
0.0 0.0 0.0
0.0 0.0 0.0
0.0 0.0 0.0
0.0 0.0 0.0
0.0 0.0 0.0
0.0 0.0 0.0
0.0 0.0 0.0
0.0 0.0 0.0
0.0 0.0 0.0
0.0 0.0 0.0
0.0 0.0 0.0
0.0 0.0 0.0
0.0 0.0 0.0
0.0 0.0 0.0
0.0 0.0 0.0
0.0 0.0 0.0
0.0 0.0 0.0
0.0 0.0 0.0
0.0 0.0 0.0
0.0 0.0 0.0
0.0 0.0 0.0
0.0 0.0 0.0
0.0 0.0 0.0
0.0 0.0 0.0
0.0 0.0 0.0
0.0 0.0 0.0
0.0 0.0 0.0
0.0 0.0 0.0
0.0 0.0 0.0
0.0 0.0 0.0
0.0 0.0 0.0
0.0 0.0 0.0
0.0 0.0 0.0
0.0 0.0 0.0
0.0 0.0 0.0
0.0 0.0 0.0
0.0 0.0 0.0
0.0 0.0 0.0
0.0 0.0 0.0
0.0 0.0 0.0
0.0 0.0 0.0
0.0 0.0 0.0
0.0 0.0 0.0
0.0 0.0 0.0
0.0 0.0 0.0
0.0 0.0 0.0
0.0 0.0 0.0
0.0 0.0 0.0
0.0 0.0 0.0
0.0 0.0 0.0
0.0 0.0 0.0
0.0 0.0 0.0
0.0 0.0 0.0
0.0 0.0 0.0
0.0 0.0 0.0
0.0 0.0 0.0
0.0 0.0 0.0
0.0 0.0 0.0
0.0 0.0 0.0
0.0 0.0 0.0
0.0 0.0 0.0
0.0 0.0 0.0
0.0 0.0 0.0
0.0 0.0 0.0
0.0 0.0 0.0
0.0 0.0 0.0
0.0 0.0 0.0
0.0 0.0 0.0
0.0 0.0 0.0
0.0 0.0 0.0
0.0 0.0 0.0
0.0 0.0 0.0
0.0 0.0 0.0
0.0 0.0 0.0
0.0 0.0 0.0
0.0 0.0 0.0
0.0 0.0 0.0
0.0 0.0 0.0
0.0 0.0 0.0
0.0 0.0 0.0
0.0 0.0 0.0
0.0 0.0 0.0
0.0 0.0 0.0
0.0 0.0 0.0
0.0 0.0 0.0
0.0 0.0 0.0
0.0 0.0 0.0
0.0 0.0 0.0
0.0 0.0 0.0
0.0 0.0 0.0
0.0 0.0 0.0
0.0 0.0 0.0
0.0 0.0 0.0
0.0 0.0 0.0
0.0 0.0 0.0
0.0 0.0 0.0
0.0 0.0 0.0
0.0 0.0 0.0
0.0 0.0 0.0
0.0 0.0 0.0
0.0 0.0 0.0
0.0 0.0 0.0
0.0 0.0 0.0
0.0 0.0 0.0
0.0 0.0 0.0
0.0 0.0 0.0
0.0 0.0 0.0
0.0 0.0 0.0
0.0 0.0 0.0
0.0 0.0 0.0
0.0 0.0 0.0
0.0 0.0 0.0
0.0 0.0 0.0
0.0 0.0 0.0
0.0 0.0 0.0
0.0 0.0 0.0
0.0 0.0 0.0
0.0 0.0 0.0
0.0 0.0 0.0
0.0 0.0 0.0
0.0 0.0 0.0
0.0 0.0 0.0
0.0 0.0 0.0
0.0 0.0 0.0
0.0 0.0 0.0
0.0 0.0 0.0
0.0 0.0 0.0
0.0 0.0 0.0
0.0 0.0 0.0
0.0 0.0 0.0
0.0 0.0 0.0
0.0 0.0 0.0
0.0 0.0 0.0
0.0 0.0 0.0
0.0 0.0 0.0
0.0 0.0 0.0
0.0 0.0 0.0
0.0 0.0 0.0
0.0 0.0 0.0
0.0 0.0 0.0
0.0 0.0 0.0
0.0 0.0 0.0
0.0 0.0 0.0
0.0 0.0 0.0
0.0 0.0 0.0
0.0 0.0 0.0
0.0 0.0 0.0
0.0 0.0 0.0
0.0 0.0 0.0
0.0 0.0 0.0
0.0 0.0 0.0
0.0 0.0 0.0
-12.33344554901123 25.23067855834961 -3.268989086151123
0.0 0.0 0.0
0.0 0.0 0.0
0.0 0.0 0.0
-11.273365020751953 24.7978515625 -3.3819236755371094
0.0 0.0 0.0
0.0 0.0 0.0
0.0 0.0 0.0
0.0 0.0 0.0
0.0 0.0 0.0
0.0 0.0 0.0
0.0 0.0 0.0
0.0 0.0 0.0
0.0 0.0 0.0
-8.832456588745117 23.692596435546875 -3.5905816555023193
0.0 0.0 0.0
0.0 0.0 0.0
0.0 0.0 0.0
0.0 0.0 0.0
-7.730210781097412 23.178178787231445 -3.6678659915924072
-7.536849021911621 23.13439178466797 -3.6901540756225586
0.0 0.0 0.0
0.0 0.0 0.0
-6.857729434967041 22.654970169067383 -3.696377992630005
0.0 0.0 0.0
0.0 0.0 0.0
-6.346680641174316 22.66325569152832 -3.7747137546539307
-6.144942283630371 22.545700073242188 -3.7800543308258057
-5.907834529876709 22.296674728393555 -3.763484477996826
-5.762766361236572 22.37749481201172 -3.7999370098114014
-5.634695053100586 22.528430938720703 -3.84804105758667
-5.418614387512207 22.32284927368164 -3.8352880477905273
-5.237457752227783 22.25041389465332 -3.8452537059783936
-5.052100658416748 22.16605567932129 -3.852398157119751
-4.898286819458008 22.204105377197266 -3.8785934448242188
-4.720890045166016 22.13187026977539 -3.8856308460235596
-4.523769855499268 21.956466674804688 -3.8744733333587646
-4.372852802276611 21.998380661010742 -3.901686429977417
-4.19227933883667 21.90032196044922 -3.9014999866485596
-4.0210490226745605 21.8269100189209 -3.905174732208252
-3.861774444580078 21.81279754638672 -3.9195444583892822
-3.702890634536743 21.797517776489258 -3.933837413787842
-3.5363404750823975 21.73202896118164 -3.9375455379486084
-3.3830318450927734 21.760950088500977 -3.9568684101104736
-3.2237603664398193 21.731386184692383 -3.9654767513275146
-3.0720529556274414 21.75013542175293 -3.9830620288848877
-2.912574052810669 21.710683822631836 -3.990144729614258
-2.7544219493865967 21.674434661865234 -3.9947125911712646
-2.5937070846557617 21.610349655151367 -3.994236946105957
-2.4340646266937256 21.568239212036133 -3.9981400966644287
-2.282938241958618 21.574390411376953 -4.010956764221191
-2.1273670196533203 21.53392791748047 -4.01348876953125
-1.9753402471542358 21.527116775512695 -4.02066707611084
-1.8256264925003052 21.542179107666016 -4.03210973739624
-1.6707090139389038 21.52574348449707 -4.038004398345947
-1.5269354581832886 21.62293243408203 -4.065279006958008
-1.3702164888381958 21.535934448242188 -4.054284572601318
-1.213481068611145 21.424821853637695 -4.03889274597168
-1.0655728578567505 21.45443344116211 -4.05019474029541
-0.9118260741233826 21.4217586517334 -4.050044536590576
-0.7675548791885376 21.560850143432617 -4.08065938949585
-0.6151396036148071 21.47677230834961 -4.067399024963379
-0.46966829895973206 21.6640625 -4.1057448387146
-0.3156326413154602 21.44357681274414 -4.067002296447754
-0.1643528938293457 21.506011962890625 -4.082149505615234
-0.014886025339365005 21.564239501953125 -4.092862129211426
0.1351441591978073 21.556196212768555 -4.0911455154418945
0.2846047282218933 21.512569427490234 -4.082873821258545
0.43501415848731995 21.54465103149414 -4.089169502258301
0.5877885222434998 21.65273094177246 -4.108346939086914
0.7415376901626587 21.664125442504883 -4.107278823852539
0.8913382887840271 21.636171340942383 -4.099005699157715
1.0489109754562378 21.77587127685547 -4.122677326202393
1.1954083442687988 21.680648803710938 -4.102066993713379
1.347166657447815 21.688512802124023 -4.097644805908203
1.505002498626709 21.74114418029785 -4.101572036743164
1.6582810878753662 21.758359909057617 -4.099101543426514
1.822378158569336 21.9007568359375 -4.12036657333374
1.9682921171188354 21.81660270690918 -4.097538471221924
2.123826026916504 21.842681884765625 -4.093574047088623
2.282968282699585 21.87122344970703 -4.090081691741943
2.4566240310668945 22.0477237701416 -4.114515781402588
2.6042063236236572 21.98259735107422 -4.094011306762695
2.77742338180542 22.126678466796875 -4.1093926429748535
2.9376089572906494 22.15520668029785 -4.1032185554504395
3.1074981689453125 22.227901458740234 -4.10515022277832
3.2573297023773193 22.17420196533203 -4.0841145515441895
3.4181180000305176 22.195751190185547 -4.075540065765381
3.560145854949951 22.094987869262695 -4.042760372161865
3.767106294631958 22.387609481811523 -4.082022190093994
3.9411115646362305 22.466394424438477 -4.08222770690918
4.138580799102783 22.649320602416992 -4.101108551025391
4.256008148193359 22.40837860107422 -4.040388584136963
4.4640116691589355 22.642406463623047 -4.065380573272705
4.614619255065918 22.576871871948242 -4.03661584854126
4.805962562561035 22.706079483032227 -4.0427775382995605
4.99127197265625 22.784610748291016 -4.038110256195068
5.204136371612549 22.990121841430664 -4.054694175720215
5.404340744018555 23.126331329345703 -4.058905124664307
0.0 0.0 0.0
5.745389461517334 23.128379821777344 -4.019856929779053
5.970046043395996 23.327096939086914 -4.031315803527832
6.188205718994141 23.498397827148438 -4.038177967071533
6.338527202606201 23.40741729736328 -4.00001335144043
6.536439895629883 23.48998260498047 -3.9916341304779053
6.710443496704102 23.482229232788086 -3.966195821762085
6.961827754974365 23.724088668823242 -3.9813153743743896
7.175128936767578 23.835145950317383 -3.974652051925659
7.447212219238281 24.128725051879883 -3.998098134994507
7.6187543869018555 24.08881950378418 -3.9653563499450684
7.8366169929504395 24.191146850585938 -3.9539735317230225
8.077963829040527 24.357633590698242 -3.9528768062591553
8.266849517822266 24.34914207458496 -3.922755002975464
8.53919792175293 24.58820152282715 -3.9328126907348633
8.808883666992188 24.806873321533203 -3.936657428741455
9.079874038696289 25.01563835144043 -3.938246250152588
9.247859001159668 24.935659408569336 -3.894298791885376
9.521077156066895 25.124523162841797 -3.891672372817993
9.75903606414795 25.222152709960938 -3.873460054397583
0.0 0.0 0.0
0.0 0.0 0.0
0.0 0.0 0.0
10.915946960449219 26.02588653564453 -3.854220151901245
11.125237464904785 26.015779495239258 -3.8151493072509766
11.438750267028809 26.241716384887695 -3.8103244304656982
0.0 0.0 0.0
12.093812942504883 26.723554611206055 -3.8021936416625977
0.0 0.0 0.0
12.670753479003906 26.984495162963867 -3.755488634109497
13.080023765563965 27.3598575592041 -3.765474557876587
13.317978858947754 27.368770599365234 -3.7237963676452637
13.645255088806152 27.552734375 -3.70369029045105
0.0 0.0 0.0
0.0 0.0 0.0
0.0 0.0 0.0
0.0 0.0 0.0
0.0 0.0 0.0
0.0 0.0 0.0
16.27253532409668 29.181015014648438 -3.5690135955810547
0.0 0.0 0.0
0.0 0.0 0.0
0.0 0.0 0.0
0.0 0.0 0.0
0.0 0.0 0.0
0.0 0.0 0.0
0.0 0.0 0.0
0.0 0.0 0.0
0.0 0.0 0.0
0.0 0.0 0.0
0.0 0.0 0.0
22.916963577270508 34.05791473388672 -3.310513734817505
0.0 0.0 0.0
0.0 0.0 0.0
0.0 0.0 0.0
0.0 0.0 0.0
0.0 0.0 0.0
0.0 0.0 0.0
0.0 0.0 0.0
0.0 0.0 0.0
0.0 0.0 0.0
0.0 0.0 0.0
0.0 0.0 0.0
0.0 0.0 0.0
0.0 0.0 0.0
0.0 0.0 0.0
0.0 0.0 0.0
0.0 0.0 0.0
0.0 0.0 0.0
0.0 0.0 0.0
0.0 0.0 0.0
0.0 0.0 0.0
0.0 0.0 0.0
0.0 0.0 0.0
0.0 0.0 0.0
0.0 0.0 0.0
0.0 0.0 0.0
0.0 0.0 0.0
0.0 0.0 0.0
0.0 0.0 0.0
0.0 0.0 0.0
0.0 0.0 0.0
0.0 0.0 0.0
0.0 0.0 0.0
0.0 0.0 0.0
0.0 0.0 0.0
0.0 0.0 0.0
0.0 0.0 0.0
0.0 0.0 0.0
0.0 0.0 0.0
0.0 0.0 0.0
0.0 0.0 0.0
0.0 0.0 0.0
0.0 0.0 0.0
0.0 0.0 0.0
0.0 0.0 0.0
0.0 0.0 0.0
0.0 0.0 0.0
0.0 0.0 0.0
0.0 0.0 0.0
0.0 0.0 0.0
0.0 0.0 0.0
0.0 0.0 0.0
0.0 0.0 0.0
0.0 0.0 0.0
0.0 0.0 0.0
0.0 0.0 0.0
0.0 0.0 0.0
0.0 0.0 0.0
0.0 0.0 0.0
0.0 0.0 0.0
0.0 0.0 0.0
0.0 0.0 0.0
0.0 0.0 0.0
0.0 0.0 0.0
0.0 0.0 0.0
0.0 0.0 0.0
0.0 0.0 0.0
0.0 0.0 0.0
0.0 0.0 0.0
0.0 0.0 0.0
0.0 0.0 0.0
0.0 0.0 0.0
0.0 0.0 0.0
0.0 0.0 0.0
0.0 0.0 0.0
0.0 0.0 0.0
0.0 0.0 0.0
0.0 0.0 0.0
0.0 0.0 0.0
0.0 0.0 0.0
0.0 0.0 0.0
0.0 0.0 0.0
0.0 0.0 0.0
0.0 0.0 0.0
0.0 0.0 0.0
0.0 0.0 0.0
0.0 0.0 0.0
0.0 0.0 0.0
0.0 0.0 0.0
0.0 0.0 0.0
0.0 0.0 0.0
0.0 0.0 0.0
0.0 0.0 0.0
0.0 0.0 0.0
0.0 0.0 0.0
0.0 0.0 0.0
0.0 0.0 0.0
0.0 0.0 0.0
0.0 0.0 0.0
0.0 0.0 0.0
0.0 0.0 0.0
0.0 0.0 0.0
0.0 0.0 0.0
0.0 0.0 0.0
0.0 0.0 0.0
0.0 0.0 0.0
0.0 0.0 0.0
0.0 0.0 0.0
0.0 0.0 0.0
0.0 0.0 0.0
0.0 0.0 0.0
0.0 0.0 0.0
0.0 0.0 0.0
0.0 0.0 0.0
0.0 0.0 0.0
0.0 0.0 0.0
0.0 0.0 0.0
0.0 0.0 0.0
0.0 0.0 0.0
0.0 0.0 0.0
0.0 0.0 0.0
0.0 0.0 0.0
0.0 0.0 0.0
0.0 0.0 0.0
0.0 0.0 0.0
0.0 0.0 0.0
0.0 0.0 0.0
0.0 0.0 0.0
0.0 0.0 0.0
0.0 0.0 0.0
0.0 0.0 0.0
0.0 0.0 0.0
0.0 0.0 0.0
0.0 0.0 0.0
0.0 0.0 0.0
0.0 0.0 0.0
0.0 0.0 0.0
0.0 0.0 0.0
0.0 0.0 0.0
0.0 0.0 0.0
0.0 0.0 0.0
0.0 0.0 0.0
0.0 0.0 0.0
0.0 0.0 0.0
0.0 0.0 0.0
0.0 0.0 0.0
0.0 0.0 0.0
0.0 0.0 0.0
0.0 0.0 0.0
0.0 0.0 0.0
0.0 0.0 0.0
0.0 0.0 0.0
0.0 0.0 0.0
0.0 0.0 0.0
0.0 0.0 0.0
0.0 0.0 0.0
0.0 0.0 0.0
0.0 0.0 0.0
0.0 0.0 0.0
0.0 0.0 0.0
0.0 0.0 0.0
0.0 0.0 0.0
0.0 0.0 0.0
0.0 0.0 0.0
0.0 0.0 0.0
0.0 0.0 0.0
0.0 0.0 0.0
0.0 0.0 0.0
0.0 0.0 0.0
0.0 0.0 0.0
0.0 0.0 0.0
0.0 0.0 0.0
0.0 0.0 0.0
0.0 0.0 0.0
0.0 0.0 0.0
0.0 0.0 0.0
0.0 0.0 0.0
0.0 0.0 0.0
0.0 0.0 0.0
0.0 0.0 0.0
0.0 0.0 0.0
0.0 0.0 0.0
0.0 0.0 0.0
0.0 0.0 0.0
0.0 0.0 0.0
0.0 0.0 0.0
0.0 0.0 0.0
0.0 0.0 0.0
0.0 0.0 0.0
0.0 0.0 0.0
0.0 0.0 0.0
0.0 0.0 0.0
0.0 0.0 0.0
0.0 0.0 0.0
0.0 0.0 0.0
0.0 0.0 0.0
0.0 0.0 0.0
0.0 0.0 0.0
0.0 0.0 0.0
0.0 0.0 0.0
0.0 0.0 0.0
0.0 0.0 0.0
0.0 0.0 0.0
0.0 0.0 0.0
0.0 0.0 0.0
-14.654584884643555 26.82252311706543 -3.1107869148254395
0.0 0.0 0.0
0.0 0.0 0.0
0.0 0.0 0.0
0.0 0.0 0.0
0.0 0.0 0.0
-12.56799030303955 25.487598419189453 -3.2368905544281006
0.0 0.0 0.0
0.0 0.0 0.0
0.0 0.0 0.0
0.0 0.0 0.0
0.0 0.0 0.0
-11.024234771728516 24.943424224853516 -3.4180073738098145
0.0 0.0 0.0
0.0 0.0 0.0
0.0 0.0 0.0
0.0 0.0 0.0
0.0 0.0 0.0
0.0 0.0 0.0
0.0 0.0 0.0
0.0 0.0 0.0
-8.790125846862793 23.836002349853516 -3.5807507038116455
0.0 0.0 0.0
0.0 0.0 0.0
0.0 0.0 0.0
0.0 0.0 0.0
0.0 0.0 0.0
0.0 0.0 0.0
0.0 0.0 0.0
-7.044558525085449 22.980056762695312 -3.6849424839019775
-6.838572978973389 22.875789642333984 -3.693955898284912
0.0 0.0 0.0
-6.485846042633057 22.8594970703125 -3.7423579692840576
0.0 0.0 0.0
-6.120622634887695 22.773975372314453 -3.7779245376586914
0.0 0.0 0.0
-5.713498115539551 22.50404930114746 -3.778331756591797
-5.540028095245361 22.486907958984375 -3.7985904216766357
-5.375932216644287 22.4941463470459 -3.8225927352905273
-5.218175888061523 22.52691078186035 -3.848172664642334
-5.019742012023926 22.378103256225586 -3.8427629470825195
-4.80812406539917 22.15615463256836 -3.8245935440063477
-4.666643142700195 22.264606475830078 -3.863852024078369
-4.4954071044921875 22.217195510864258 -3.8739984035491943
-4.341497421264648 22.25179100036621 -3.897292375564575
-4.170971393585205 22.19828987121582 -3.905290365219116
-3.9372432231903076 21.78748321533203 -3.850193977355957
-3.799877643585205 21.913509368896484 -3.8898329734802246
-3.6253364086151123 21.807153701782227 -3.885484457015991
-3.500817060470581 22.003376007080078 -3.9352688789367676
-3.3346073627471924 21.94025421142578 -3.9389050006866455
-3.169825553894043 21.87972640991211 -3.943103790283203
-3.026289939880371 21.96695899963379 -3.9718406200408936
-2.8587162494659424 21.89744758605957 -3.971266031265259
-2.684025764465332 21.738658905029297 -3.954352617263794
-2.5463550090789795 21.87633514404297 -3.9915316104888916
-2.3897266387939453 21.856555938720703 -3.9997386932373047
-2.230597734451294 21.80174446105957 -3.998553514480591
-2.0637786388397217 21.68480682373047 -3.986250638961792
-1.91562020778656 21.727170944213867 -4.003221035003662
-1.7607554197311401 21.691923141479492 -4.006079196929932
-1.612600564956665 21.740253448486328 -4.022408962249756
-1.4537379741668701 21.638334274291992 -4.009796619415283
-1.299581527709961 21.631250381469727 -4.015026569366455
-1.1501942873001099 21.66130828857422 -4.027240753173828
-1.00361967086792 21.7556095123291 -4.051232814788818
-0.8488960862159729 21.680696487426758 -4.040473937988281
-0.6965475082397461 21.639232635498047 -4.036121845245361
-0.5436299443244934 21.658172607421875 -4.043294429779053
-0.3916158974170685 21.587697982788086 -4.033895969390869
-0.2423800677061081 21.677810668945312 -4.052533149719238
-0.09185156226158142 21.759490966796875 -4.068226337432861
0.05947614088654518 21.721088409423828 -4.061666011810303
0.21093516051769257 21.750749588012695 -4.068029403686523
0.3644876182079315 21.725595474243164 -4.064152240753174
0.5165667533874512 21.761459350585938 -4.068456649780273
0.6688726544380188 21.792421340942383 -4.072036266326904
0.8207947611808777 21.795454025268555 -4.070587635040283
0.9707361459732056 21.755231857299805 -4.0612616539001465
1.1297882795333862 21.844600677490234 -4.074244976043701
1.2840358018875122 21.879623413085938 -4.075502395629883
1.4415141344070435 21.951875686645508 -4.083856582641602
1.577793836593628 21.716533660888672 -4.03521728515625
1.7468554973602295 21.932159423828125 -4.070570468902588
1.913864016532898 22.05506706237793 -4.085183620452881
2.0777475833892822 22.154001235961914 -4.095581531524658
2.2265305519104004 22.087360382080078 -4.075547218322754
2.380427837371826 22.07317543029785 -4.065399646759033
2.5613183975219727 22.294919967651367 -4.097119331359863
2.7066915035247803 22.175769805908203 -4.06427526473999
2.8613593578338623 22.15884780883789 -4.050588130950928
3.043243408203125 22.342731475830078 -4.073720932006836
3.188563823699951 22.251184463500977 -4.04677152633667
3.366504192352295 22.38357162475586 -4.057413578033447
3.530874490737915 22.415842056274414 -4.049874305725098
3.7186925411224365 22.567930221557617 -4.063807010650635
3.8833494186401367 22.58623504638672 -4.053945064544678
4.06990909576416 22.72482681274414 -4.064183235168457
4.2081298828125 22.589853286743164 -4.023865699768066
4.395103454589844 22.714710235595703 -4.029998779296875
4.586890697479248 22.837566375732422 -4.03547477722168
4.7838521003723145 22.989587783813477 -4.046374797821045
4.977719783782959 23.11415672302246 -4.04915714263916
5.153649806976318 23.14691925048828 -4.035835266113281
5.320779800415039 23.137060165405273 -4.015207767486572
5.49874210357666 23.159133911132812 -3.9999425411224365
5.712153434753418 23.33414077758789 -4.00975227355957
5.922733783721924 23.48512077331543 -4.013873100280762
6.124078750610352 23.589563369750977 -4.009932518005371
6.31821870803833 23.65883445739746 -3.9999802112579346
6.525611877441406 23.759376525878906 -3.994595766067505
6.72249698638916 23.825889587402344 -3.9813904762268066
6.913998126983643 23.868629455566406 -3.9642374515533447
7.138478755950928 24.017053604125977 -3.9645235538482666
7.351865768432617 24.11924171447754 -3.9570276737213135
7.585904598236084 24.27075958251953 -3.955031156539917
7.798375606536865 24.354982376098633 -3.941546678543091
8.027008056640625 24.481403350830078 -3.934711456298828
8.247764587402344 24.57660484313965 -3.9227230548858643
8.524175643920898 24.827178955078125 -3.9343020915985107
0.0 0.0 0.0
8.958150863647461 24.9450740814209 -3.892127513885498
9.164266586303711 24.970895767211914 -3.866025924682617
9.480916023254395 25.28837776184082 -3.8845670223236084
9.693062782287598 25.317825317382812 -3.8562541007995605
10.00341796875 25.594039916992188 -3.865126848220825
10.288412094116211 25.78339195251465 -3.859701156616211
10.550152778625488 25.91383171081543 -3.8456249237060547
10.794364929199219 25.99593734741211 -3.8220338821411133
11.058828353881836 26.118539810180664 -3.803631544113159
11.399181365966797 26.40938377380371 -3.809143304824829
11.705355644226074 26.599761962890625 -3.7988197803497314
11.99221420288086 26.746440887451172 -3.780778408050537
0.0 0.0 0.0
0.0 0.0 0.0
0.0 0.0 0.0
13.303295135498047 27.57607650756836 -3.730853796005249
0.0 0.0 0.0
0.0 0.0 0.0
0.0 0.0 0.0
0.0 0.0 0.0
15.08917236328125 28.68604278564453 -3.648106813430786
15.503697395324707 28.97503089904785 -3.6348111629486084
15.835981369018555 29.10794448852539 -3.6018993854522705
0.0 0.0 0.0
0.0 0.0 0.0
0.0 0.0 0.0
0.0 0.0 0.0
0.0 0.0 0.0
0.0 0.0 0.0
0.0 0.0 0.0
0.0 0.0 0.0
0.0 0.0 0.0
0.0 0.0 0.0
0.0 0.0 0.0
0.0 0.0 0.0
0.0 0.0 0.0
0.0 0.0 0.0
23.63705062866211 34.3427848815918 -3.1856281757354736
0.0 0.0 0.0
0.0 0.0 0.0
0.0 0.0 0.0
0.0 0.0 0.0
0.0 0.0 0.0
0.0 0.0 0.0
0.0 0.0 0.0
0.0 0.0 0.0
0.0 0.0 0.0
0.0 0.0 0.0
0.0 0.0 0.0
0.0 0.0 0.0
0.0 0.0 0.0
0.0 0.0 0.0
0.0 0.0 0.0
0.0 0.0 0.0
0.0 0.0 0.0
0.0 0.0 0.0
0.0 0.0 0.0
0.0 0.0 0.0
0.0 0.0 0.0
0.0 0.0 0.0
0.0 0.0 0.0
0.0 0.0 0.0
0.0 0.0 0.0
0.0 0.0 0.0
0.0 0.0 0.0
0.0 0.0 0.0
0.0 0.0 0.0
0.0 0.0 0.0
0.0 0.0 0.0
0.0 0.0 0.0
0.0 0.0 0.0
0.0 0.0 0.0
0.0 0.0 0.0
0.0 0.0 0.0
0.0 0.0 0.0
0.0 0.0 0.0
0.0 0.0 0.0
0.0 0.0 0.0
0.0 0.0 0.0
0.0 0.0 0.0
0.0 0.0 0.0
0.0 0.0 0.0
0.0 0.0 0.0
0.0 0.0 0.0
0.0 0.0 0.0
0.0 0.0 0.0
0.0 0.0 0.0
0.0 0.0 0.0
0.0 0.0 0.0
0.0 0.0 0.0
0.0 0.0 0.0
0.0 0.0 0.0
0.0 0.0 0.0
0.0 0.0 0.0
0.0 0.0 0.0
0.0 0.0 0.0
0.0 0.0 0.0
0.0 0.0 0.0
0.0 0.0 0.0
0.0 0.0 0.0
0.0 0.0 0.0
0.0 0.0 0.0
0.0 0.0 0.0
0.0 0.0 0.0
0.0 0.0 0.0
0.0 0.0 0.0
0.0 0.0 0.0
0.0 0.0 0.0
0.0 0.0 0.0
0.0 0.0 0.0
0.0 0.0 0.0
0.0 0.0 0.0
0.0 0.0 0.0
0.0 0.0 0.0
0.0 0.0 0.0
0.0 0.0 0.0
0.0 0.0 0.0
0.0 0.0 0.0
0.0 0.0 0.0
0.0 0.0 0.0
0.0 0.0 0.0
0.0 0.0 0.0
0.0 0.0 0.0
0.0 0.0 0.0
0.0 0.0 0.0
0.0 0.0 0.0
0.0 0.0 0.0
0.0 0.0 0.0
0.0 0.0 0.0
0.0 0.0 0.0
0.0 0.0 0.0
0.0 0.0 0.0
0.0 0.0 0.0
0.0 0.0 0.0
0.0 0.0 0.0
0.0 0.0 0.0
0.0 0.0 0.0
0.0 0.0 0.0
0.0 0.0 0.0
0.0 0.0 0.0
0.0 0.0 0.0
0.0 0.0 0.0
0.0 0.0 0.0
0.0 0.0 0.0
0.0 0.0 0.0
0.0 0.0 0.0
0.0 0.0 0.0
0.0 0.0 0.0
0.0 0.0 0.0
0.0 0.0 0.0
0.0 0.0 0.0
0.0 0.0 0.0
0.0 0.0 0.0
0.0 0.0 0.0
0.0 0.0 0.0
0.0 0.0 0.0
0.0 0.0 0.0
0.0 0.0 0.0
0.0 0.0 0.0
0.0 0.0 0.0
0.0 0.0 0.0
0.0 0.0 0.0
0.0 0.0 0.0
0.0 0.0 0.0
0.0 0.0 0.0
0.0 0.0 0.0
0.0 0.0 0.0
0.0 0.0 0.0
0.0 0.0 0.0
0.0 0.0 0.0
0.0 0.0 0.0
0.0 0.0 0.0
0.0 0.0 0.0
0.0 0.0 0.0
0.0 0.0 0.0
0.0 0.0 0.0
0.0 0.0 0.0
0.0 0.0 0.0
0.0 0.0 0.0
0.0 0.0 0.0
0.0 0.0 0.0
0.0 0.0 0.0
0.0 0.0 0.0
0.0 0.0 0.0
0.0 0.0 0.0
0.0 0.0 0.0
0.0 0.0 0.0
0.0 0.0 0.0
0.0 0.0 0.0
0.0 0.0 0.0
0.0 0.0 0.0
0.0 0.0 0.0
0.0 0.0 0.0
0.0 0.0 0.0
0.0 0.0 0.0
0.0 0.0 0.0
0.0 0.0 0.0
0.0 0.0 0.0
0.0 0.0 0.0
0.0 0.0 0.0
0.0 0.0 0.0
0.0 0.0 0.0
0.0 0.0 0.0
0.0 0.0 0.0
0.0 0.0 0.0
0.0 0.0 0.0
0.0 0.0 0.0
0.0 0.0 0.0
0.0 0.0 0.0
0.0 0.0 0.0
0.0 0.0 0.0
0.0 0.0 0.0
0.0 0.0 0.0
0.0 0.0 0.0
0.0 0.0 0.0
0.0 0.0 0.0
0.0 0.0 0.0
0.0 0.0 0.0
0.0 0.0 0.0
0.0 0.0 0.0
0.0 0.0 0.0
0.0 0.0 0.0
0.0 0.0 0.0
0.0 0.0 0.0
0.0 0.0 0.0
0.0 0.0 0.0
0.0 0.0 0.0
0.0 0.0 0.0
0.0 0.0 0.0
0.0 0.0 0.0
0.0 0.0 0.0
0.0 0.0 0.0
0.0 0.0 0.0
0.0 0.0 0.0
0.0 0.0 0.0
0.0 0.0 0.0
0.0 0.0 0.0
0.0 0.0 0.0
0.0 0.0 0.0
0.0 0.0 0.0
0.0 0.0 0.0
0.0 0.0 0.0
0.0 0.0 0.0
0.0 0.0 0.0
-13.85658073425293 26.451221466064453 -3.157425880432129
0.0 0.0 0.0
0.0 0.0 0.0
0.0 0.0 0.0
0.0 0.0 0.0
0.0 0.0 0.0
0.0 0.0 0.0
-11.725302696228027 25.320951461791992 -3.3263349533081055
0.0 0.0 0.0
0.0 0.0 0.0
0.0 0.0 0.0
0.0 0.0 0.0
0.0 0.0 0.0
0.0 0.0 0.0
0.0 0.0 0.0
0.0 0.0 0.0
0.0 0.0 0.0
0.0 0.0 0.0
-8.942558288574219 23.987367630004883 -3.5406575202941895
-8.750936508178711 23.98202896118164 -3.571382522583008
0.0 0.0 0.0
0.0 0.0 0.0
0.0 0.0 0.0
0.0 0.0 0.0
-7.581727504730225 23.27312660217285 -3.613145112991333
0.0 0.0 0.0
0.0 0.0 0.0
0.0 0.0 0.0
0.0 0.0 0.0
0.0 0.0 0.0
-6.416854381561279 22.916263580322266 -3.714996576309204
-6.282386302947998 23.052719116210938 -3.76017689704895
-6.041032791137695 22.801076889038086 -3.742398738861084
-5.847559452056885 22.707292556762695 -3.749908208847046
-5.688439846038818 22.742889404296875 -3.7788357734680176
-5.515379428863525 22.721458435058594 -3.7965285778045654
-5.3253703117370605 22.6237850189209 -3.8005449771881104
-5.1547369956970215 22.615346908569336 -3.8199496269226074
-4.946626663208008 22.420679092407227 -3.807478189468384
-4.78550910949707 22.43167495727539 -3.829235076904297
-4.6268391609191895 22.453197479248047 -3.8505892753601074
-4.444814205169678 22.356473922729492 -3.851747512817383
-4.267366409301758 22.28905487060547 -3.858290672302246
-4.112725734710693 22.322052001953125 -3.88201642036438
-3.9216251373291016 22.1496639251709 -3.8675835132598877
-3.7610487937927246 22.13903045654297 -3.8806192874908447
-3.620591163635254 22.24878692626953 -3.9149832725524902
-3.4294378757476807 22.05758285522461 -3.8967502117156982
-3.278815984725952 22.100627899169922 -3.9188120365142822
-3.1143040657043457 22.047809600830078 -3.9216086864471436
-2.9641599655151367 22.09288787841797 -3.941969394683838
-2.798815965652466 22.02248191833496 -3.9418957233428955
-2.638437032699585 21.981386184692383 -3.9471633434295654
-2.491438865661621 22.077411651611328 -3.9748663902282715
-2.3238489627838135 21.9620361328125 -3.9636034965515137
-2.169151544570923 21.960206985473633 -3.9729738235473633
-2.01757550239563 21.987899780273438 -3.9878666400909424
-1.8562549352645874 21.903610229492188 -3.9818115234375
-1.702528715133667 21.933786392211914 -3.993997097015381
-1.545660376548767 21.886049270629883 -3.992065906524658
-1.392223834991455 21.879384994506836 -3.997797966003418
-1.2391282320022583 21.87163734436035 -4.003507137298584
-1.084773063659668 21.83639144897461 -4.00191593170166
-0.9319288730621338 21.88480567932129 -4.0148186683654785
-0.7795546650886536 21.88983154296875 -4.0198974609375
-0.6303457617759705 22.005165100097656 -4.045450687408447
-0.4757338762283325 21.935203552246094 -4.036561012268066
-0.32279351353645325 21.914663314819336 -4.033799171447754
-0.16735726594924927 21.889232635498047 -4.030354022979736
-0.01513249147683382 21.95490074157715 -4.04386043548584
0.13674591481685638 21.819751739501953 -4.020567893981934
0.29074856638908386 21.987403869628906 -4.051076412200928
0.44282376766204834 21.94295883178711 -4.041343688964844
0.6012449264526367 22.147079467773438 -4.077574729919434
0.7518668174743652 21.966020584106445 -4.043066501617432
0.9073258638381958 22.02592658996582 -4.052833557128906
1.064344882965088 22.100706100463867 -4.062041759490967
1.222447395324707 22.17436981201172 -4.071208477020264
1.3748940229415894 22.135679244995117 -4.059928894042969
1.5290461778640747 22.091951370239258 -4.047873020172119
1.6926932334899902 22.212440490722656 -4.064116477966309
1.8473786115646362 22.201812744140625 -4.054808616638184
2.0073466300964355 22.25136375427246 -4.056676864624023
2.1716177463531494 22.334182739257812 -4.064748287200928
2.3226380348205566 22.251157760620117 -4.042667865753174
2.4960458278656006 22.401020050048828 -4.0597310066223145
2.6551928520202637 22.412132263183594 -4.051770210266113
2.8023390769958496 22.32289695739746 -4.02587366104126
2.9724581241607666 22.415685653686523 -4.032995223999023
3.1324808597564697 22.404293060302734 -4.019664287567139
3.317615509033203 22.582704544067383 -4.038905620574951
3.499709129333496 22.72161102294922 -4.051061630249023
3.6684162616729736 22.76416015625 -4.046125411987305
3.827028751373291 22.740957260131836 -4.029662132263184
4.001044750213623 22.804336547851562 -4.025401592254639
4.184346675872803 22.896282196044922 -4.025859355926514
4.3472208976745605 22.885099411010742 -4.008535385131836
4.5248565673828125 22.948328018188477 -4.004388332366943
4.711911678314209 23.051969528198242 -4.00590181350708
4.899385929107666 23.146808624267578 -4.0042219161987305
5.068244934082031 23.134239196777344 -3.9837238788604736
5.284456729888916 23.34271240234375 -4.001608371734619
5.489789962768555 23.48930549621582 -4.008744239807129
5.627691268920898 23.346242904663086 -3.963590383529663
5.839313507080078 23.50532341003418 -3.9698281288146973
6.057341575622559 23.665679931640625 -3.975761890411377
6.215850830078125 23.601165771484375 -3.9443533420562744
6.508068084716797 24.030893325805664 -3.9936821460723877
6.658890724182129 23.926530838012695 -3.952753782272339
6.830827236175537 23.899080276489258 -3.924774169921875
7.069777965545654 24.08806037902832 -3.9318742752075195
7.321848392486572 24.32020378112793 -3.94574236869812
7.5573344230651855 24.483930587768555 -3.9458792209625244
7.727731704711914 24.43210220336914 -3.91127610206604
7.981272220611572 24.636192321777344 -3.9175384044647217
8.21371841430664 24.7646484375 -3.9115023612976074
8.423810005187988 24.8100528717041 -3.8896896839141846
0.0 0.0 0.0
8.928366661071777 25.141599655151367 -3.882840394973755
9.1563720703125 25.225812911987305 -3.866425037384033
9.432796478271484 25.43522834777832 -3.8678085803985596
9.614978790283203 25.373287200927734 -3.8258254528045654
0.0 0.0 0.0
10.203317642211914 25.83428192138672 -3.8303043842315674
10.474285125732422 25.990827560424805 -3.8203883171081543
10.701272964477539 26.030399322509766 -3.7910959720611572
0.0 0.0 0.0
11.415739059448242 26.697237014770508 -3.8155970573425293
11.600249290466309 26.615779876708984 -3.767939805984497
11.889469146728516 26.770566940307617 -3.7512500286102295
0.0 0.0 0.0
12.564715385437012 27.253177642822266 -3.7392711639404297
0.0 0.0 0.0
0.0 0.0 0.0
0.0 0.0 0.0
0.0 0.0 0.0
0.0 0.0 0.0
14.650188446044922 28.567790985107422 -3.6539061069488525
15.027379035949707 28.808542251586914 -3.6372151374816895
15.364962577819824 28.963134765625 -3.6088500022888184
15.70670223236084 29.118152618408203 -3.579710006713867
0.0 0.0 0.0
0.0 0.0 0.0
0.0 0.0 0.0
0.0 0.0 0.0
0.0 0.0 0.0
0.0 0.0 0.0
18.870616912841797 31.228126525878906 -3.43685245513916
0.0 0.0 0.0
0.0 0.0 0.0
0.0 0.0 0.0
0.0 0.0 0.0
0.0 0.0 0.0
0.0 0.0 0.0
0.0 0.0 0.0
0.0 0.0 0.0
0.0 0.0 0.0
0.0 0.0 0.0
0.0 0.0 0.0
0.0 0.0 0.0
0.0 0.0 0.0
0.0 0.0 0.0
0.0 0.0 0.0
0.0 0.0 0.0
0.0 0.0 0.0
0.0 0.0 0.0
0.0 0.0 0.0
0.0 0.0 0.0
0.0 0.0 0.0
0.0 0.0 0.0
0.0 0.0 0.0
0.0 0.0 0.0
0.0 0.0 0.0
0.0 0.0 0.0
0.0 0.0 0.0
0.0 0.0 0.0
0.0 0.0 0.0
0.0 0.0 0.0
0.0 0.0 0.0
0.0 0.0 0.0
0.0 0.0 0.0
0.0 0.0 0.0
0.0 0.0 0.0
0.0 0.0 0.0
0.0 0.0 0.0
0.0 0.0 0.0
0.0 0.0 0.0
0.0 0.0 0.0
0.0 0.0 0.0
0.0 0.0 0.0
0.0 0.0 0.0
0.0 0.0 0.0
0.0 0.0 0.0
0.0 0.0 0.0
0.0 0.0 0.0
0.0 0.0 0.0
0.0 0.0 0.0
0.0 0.0 0.0
0.0 0.0 0.0
0.0 0.0 0.0
0.0 0.0 0.0
0.0 0.0 0.0
0.0 0.0 0.0
0.0 0.0 0.0
0.0 0.0 0.0
0.0 0.0 0.0
0.0 0.0 0.0
0.0 0.0 0.0
0.0 0.0 0.0
0.0 0.0 0.0
0.0 0.0 0.0
0.0 0.0 0.0
0.0 0.0 0.0
0.0 0.0 0.0
0.0 0.0 0.0
0.0 0.0 0.0
0.0 0.0 0.0
0.0 0.0 0.0
0.0 0.0 0.0
0.0 0.0 0.0
0.0 0.0 0.0
0.0 0.0 0.0
0.0 0.0 0.0
0.0 0.0 0.0
0.0 0.0 0.0
0.0 0.0 0.0
0.0 0.0 0.0
0.0 0.0 0.0
0.0 0.0 0.0
0.0 0.0 0.0
0.0 0.0 0.0
0.0 0.0 0.0
0.0 0.0 0.0
0.0 0.0 0.0
0.0 0.0 0.0
0.0 0.0 0.0
0.0 0.0 0.0
0.0 0.0 0.0
0.0 0.0 0.0
0.0 0.0 0.0
0.0 0.0 0.0
0.0 0.0 0.0
0.0 0.0 0.0
0.0 0.0 0.0
0.0 0.0 0.0
0.0 0.0 0.0
0.0 0.0 0.0
0.0 0.0 0.0
0.0 0.0 0.0
0.0 0.0 0.0
0.0 0.0 0.0
0.0 0.0 0.0
0.0 0.0 0.0
0.0 0.0 0.0
0.0 0.0 0.0
0.0 0.0 0.0
0.0 0.0 0.0
0.0 0.0 0.0
0.0 0.0 0.0
0.0 0.0 0.0
0.0 0.0 0.0
0.0 0.0 0.0
0.0 0.0 0.0
0.0 0.0 0.0
0.0 0.0 0.0
0.0 0.0 0.0
0.0 0.0 0.0
0.0 0.0 0.0
0.0 0.0 0.0
0.0 0.0 0.0
0.0 0.0 0.0
0.0 0.0 0.0
0.0 0.0 0.0
0.0 0.0 0.0
0.0 0.0 0.0
0.0 0.0 0.0
0.0 0.0 0.0
0.0 0.0 0.0
0.0 0.0 0.0
0.0 0.0 0.0
0.0 0.0 0.0
0.0 0.0 0.0
0.0 0.0 0.0
0.0 0.0 0.0
0.0 0.0 0.0
0.0 0.0 0.0
0.0 0.0 0.0
0.0 0.0 0.0
0.0 0.0 0.0
0.0 0.0 0.0
0.0 0.0 0.0
0.0 0.0 0.0
0.0 0.0 0.0
0.0 0.0 0.0
0.0 0.0 0.0
0.0 0.0 0.0
0.0 0.0 0.0
0.0 0.0 0.0
0.0 0.0 0.0
0.0 0.0 0.0
0.0 0.0 0.0
0.0 0.0 0.0
0.0 0.0 0.0
0.0 0.0 0.0
0.0 0.0 0.0
0.0 0.0 0.0
0.0 0.0 0.0
0.0 0.0 0.0
0.0 0.0 0.0
0.0 0.0 0.0
0.0 0.0 0.0
0.0 0.0 0.0
0.0 0.0 0.0
0.0 0.0 0.0
0.0 0.0 0.0
0.0 0.0 0.0
0.0 0.0 0.0
0.0 0.0 0.0
0.0 0.0 0.0
0.0 0.0 0.0
0.0 0.0 0.0
0.0 0.0 0.0
0.0 0.0 0.0
0.0 0.0 0.0
0.0 0.0 0.0
0.0 0.0 0.0
0.0 0.0 0.0
0.0 0.0 0.0
0.0 0.0 0.0
0.0 0.0 0.0
0.0 0.0 0.0
0.0 0.0 0.0
0.0 0.0 0.0
0.0 0.0 0.0
0.0 0.0 0.0
0.0 0.0 0.0
0.0 0.0 0.0
0.0 0.0 0.0
0.0 0.0 0.0
0.0 0.0 0.0
0.0 0.0 0.0
0.0 0.0 0.0
0.0 0.0 0.0
0.0 0.0 0.0
0.0 0.0 0.0
0.0 0.0 0.0
0.0 0.0 0.0
0.0 0.0 0.0
0.0 0.0 0.0
0.0 0.0 0.0
0.0 0.0 0.0
0.0 0.0 0.0
0.0 0.0 0.0
0.0 0.0 0.0
0.0 0.0 0.0
0.0 0.0 0.0
0.0 0.0 0.0
0.0 0.0 0.0
0.0 0.0 0.0
0.0 0.0 0.0
0.0 0.0 0.0
0.0 0.0 0.0
0.0 0.0 0.0
0.0 0.0 0.0
0.0 0.0 0.0
0.0 0.0 0.0
0.0 0.0 0.0
0.0 0.0 0.0
0.0 0.0 0.0
0.0 0.0 0.0
0.0 0.0 0.0
0.0 0.0 0.0
0.0 0.0 0.0
0.0 0.0 0.0
0.0 0.0 0.0
0.0 0.0 0.0
0.0 0.0 0.0
0.0 0.0 0.0
0.0 0.0 0.0
0.0 0.0 0.0
0.0 0.0 0.0
0.0 0.0 0.0
-8.472869873046875 24.002058029174805 -3.572441339492798
0.0 0.0 0.0
0.0 0.0 0.0
0.0 0.0 0.0
0.0 0.0 0.0
-7.4022135734558105 23.557538986206055 -3.6466333866119385
0.0 0.0 0.0
0.0 0.0 0.0
-6.7324628829956055 23.103069305419922 -3.6537930965423584
-6.532251358032227 23.023122787475586 -3.6653733253479004
0.0 0.0 0.0
0.0 0.0 0.0
-6.017006874084473 23.029193878173828 -3.736392021179199
-5.807857513427734 22.87921142578125 -3.734405755996704
-5.6142144203186035 22.792009353637695 -3.741060733795166
-5.444840431213379 22.78512191772461 -3.7605443000793457
-5.247807502746582 22.656789779663086 -3.7600066661834717
-5.073084354400635 22.617149353027344 -3.7741589546203613
-4.9024457931518555 22.591693878173828 -3.787947416305542
0.0 0.0 0.0
-4.571223258972168 22.590349197387695 -3.8239974975585938
-4.383699417114258 22.466604232788086 -3.8211498260498047
-4.2443766593933105 22.58769416809082 -3.858734369277954
-4.050924777984619 22.416288375854492 -3.8447654247283936
-3.8640198707580566 22.281681060791016 -3.837313652038574
-3.7292141914367676 22.430097579956055 -3.878507375717163
-3.558817148208618 22.364707946777344 -3.882927417755127
-3.383383274078369 22.260555267333984 -3.8775978088378906
-3.2233405113220215 22.250343322753906 -3.888532876968384
-3.0690324306488037 22.277084350585938 -3.9060885906219482
-2.901221990585327 22.222929000854492 -3.9098494052886963
-2.754119873046875 22.304946899414062 -3.9360625743865967
-2.585221529006958 22.20668601989746 -3.9286487102508545
-2.4287002086639404 22.206600189208984 -3.9387366771698
-2.2666075229644775 22.147998809814453 -3.938584089279175
-2.1011877059936523 22.073137283325195 -3.9358468055725098
-1.943873405456543 22.047208786010742 -3.9387118816375732
-1.7896541357040405 22.050880432128906 -3.9466514587402344
-1.6437251567840576 22.16468048095703 -3.9745254516601562
-1.4781771898269653 22.005104064941406 -3.953538656234741
-1.32390296459198 22.044246673583984 -3.9673593044281006
-1.1709587574005127 22.059528350830078 -3.97468900680542
-1.013795256614685 21.989267349243164 -3.9667882919311523
-0.8629528284072876 22.048494338989258 -3.9824283123016357
-0.7102946639060974 22.07978630065918 -3.9932403564453125
-0.5531626343727112 22.049114227294922 -3.990084171295166
-0.4010544717311859 22.125043869018555 -4.005543231964111
-0.24568453431129456 22.000057220458984 -3.984816312789917
-0.09310873597860336 22.119979858398438 -4.00864315032959
0.0610218308866024 22.200544357299805 -4.02474308013916
0.21449346840381622 22.096033096313477 -4.00469970703125
0.3728785514831543 22.21332359313965 -4.025036811828613
0.5270830392837524 22.202733993530273 -4.022409439086914
0.6806269884109497 22.16801643371582 -4.015606880187988
0.8377354741096497 22.240219116210938 -4.025911808013916
0.9843804836273193 22.058080673217773 -3.989178419113159
1.1495839357376099 22.2280330657959 -4.016251564025879
1.3053348064422607 22.23954963684082 -4.014924049377441
1.4668289422988892 22.334440231323242 -4.028435230255127
1.6180644035339355 22.26763916015625 -4.009923458099365
1.7769898176193237 22.30712890625 -4.010748863220215
1.9445260763168335 22.406572341918945 -4.022400379180908
2.101179838180542 22.401620864868164 -4.015580177307129
2.256357192993164 22.38060760498047 -4.004075050354004
2.415541648864746 22.397016525268555 -3.9979002475738525
2.5823493003845215 22.477270126342773 -4.003276348114014
2.7476608753204346 22.510162353515625 -4.000194549560547
2.917773962020874 22.5955810546875 -4.006651401519775
3.0838894844055176 22.64221954345703 -4.002912998199463
3.2460620403289795 22.65333366394043 -3.993025541305542
3.43658447265625 22.849763870239258 -4.015869617462158
3.58310604095459 22.748130798339844 -3.9864649772644043
3.7758007049560547 22.91504669189453 -4.002435207366943
3.9560155868530273 23.008996963500977 -4.004204273223877
4.11803674697876 22.991641998291016 -3.9867196083068848
4.30116605758667 23.086713790893555 -3.9888436794281006
4.483625411987305 23.16901969909668 -3.9888134002685547
4.679325103759766 23.295238494873047 -3.9930710792541504
4.856797695159912 23.33745002746582 -3.9831724166870117
5.050682544708252 23.449857711791992 -3.9852724075317383
5.226266860961914 23.470428466796875 -3.9718167781829834
5.408190727233887 23.516277313232422 -3.9612538814544678
5.62611722946167 23.695390701293945 -3.9710803031921387
5.812878131866455 23.74590301513672 -3.9596316814422607
5.9864678382873535 23.73887062072754 -3.93868350982666
6.1825079917907715 23.816436767578125 -3.931804895401001
6.372015953063965 23.863025665283203 -3.9171555042266846
6.587277889251709 23.985441207885742 -3.9144673347473145
6.815036296844482 24.155118942260742 -3.9197580814361572
7.013454437255859 24.211544036865234 -3.9065487384796143
7.248891830444336 24.388856887817383 -3.9112067222595215
7.497183799743652 24.5975399017334 -3.9195396900177
7.665576457977295 24.52659034729004 -3.8828024864196777
7.918656349182129 24.731250762939453 -3.8900957107543945
8.164939880371094 24.90445899963379 -3.8916127681732178
0.0 0.0 0.0
8.610602378845215 25.08005714416504 -3.862740993499756
0.0 0.0 0.0
0.0 0.0 0.0
0.0 0.0 0.0
9.62574577331543 25.675615310668945 -3.8347737789154053
9.895009994506836 25.844404220581055 -3.828777313232422
10.189845085144043 26.068313598632812 -3.8304760456085205
10.474906921386719 26.249204635620117 -3.8235015869140625
10.743976593017578 26.389211654663086 -3.809774398803711
0.0 0.0 0.0
11.304370880126953 26.697559356689453 -3.785311460494995
11.565106391906738 26.79478645324707 -3.7635531425476074
11.858513832092285 26.94845199584961 -3.7470529079437256
0.0 0.0 0.0
0.0 0.0 0.0
12.752264976501465 27.41497802734375 -3.6969492435455322
0.0 0.0 0.0
13.409814834594727 27.79990577697754 -3.6653363704681396
0.0 0.0 0.0
14.11304759979248 28.246662139892578 -3.6392507553100586
14.488129615783691 28.499496459960938 -3.626805067062378
14.885265350341797 28.78299331665039 -3.617293357849121
0.0 0.0 0.0
0.0 0.0 0.0
0.0 0.0 0.0
0.0 0.0 0.0
0.0 0.0 0.0
0.0 0.0 0.0
0.0 0.0 0.0
0.0 0.0 0.0
0.0 0.0 0.0
0.0 0.0 0.0
0.0 0.0 0.0
0.0 0.0 0.0
0.0 0.0 0.0
0.0 0.0 0.0
0.0 0.0 0.0
0.0 0.0 0.0
23.22443962097168 34.24921417236328 -3.1923294067382812
0.0 0.0 0.0
0.0 0.0 0.0
0.0 0.0 0.0
0.0 0.0 0.0
0.0 0.0 0.0
0.0 0.0 0.0
0.0 0.0 0.0
0.0 0.0 0.0
0.0 0.0 0.0
0.0 0.0 0.0
0.0 0.0 0.0
0.0 0.0 0.0
0.0 0.0 0.0
0.0 0.0 0.0
0.0 0.0 0.0
0.0 0.0 0.0
0.0 0.0 0.0
0.0 0.0 0.0
0.0 0.0 0.0
0.0 0.0 0.0
0.0 0.0 0.0
0.0 0.0 0.0
0.0 0.0 0.0
0.0 0.0 0.0
0.0 0.0 0.0
0.0 0.0 0.0
0.0 0.0 0.0
0.0 0.0 0.0
0.0 0.0 0.0
0.0 0.0 0.0
0.0 0.0 0.0
0.0 0.0 0.0
0.0 0.0 0.0
0.0 0.0 0.0
0.0 0.0 0.0
0.0 0.0 0.0
0.0 0.0 0.0
0.0 0.0 0.0
0.0 0.0 0.0
0.0 0.0 0.0
0.0 0.0 0.0
0.0 0.0 0.0
0.0 0.0 0.0
0.0 0.0 0.0
0.0 0.0 0.0
0.0 0.0 0.0
0.0 0.0 0.0
0.0 0.0 0.0
0.0 0.0 0.0
0.0 0.0 0.0
0.0 0.0 0.0
0.0 0.0 0.0
0.0 0.0 0.0
0.0 0.0 0.0
0.0 0.0 0.0
0.0 0.0 0.0
0.0 0.0 0.0
0.0 0.0 0.0
0.0 0.0 0.0
0.0 0.0 0.0
0.0 0.0 0.0
0.0 0.0 0.0
0.0 0.0 0.0
0.0 0.0 0.0
0.0 0.0 0.0
0.0 0.0 0.0
0.0 0.0 0.0
0.0 0.0 0.0
0.0 0.0 0.0
0.0 0.0 0.0
0.0 0.0 0.0
0.0 0.0 0.0
0.0 0.0 0.0
0.0 0.0 0.0
0.0 0.0 0.0
0.0 0.0 0.0
0.0 0.0 0.0
0.0 0.0 0.0
0.0 0.0 0.0
0.0 0.0 0.0
0.0 0.0 0.0
0.0 0.0 0.0
0.0 0.0 0.0
0.0 0.0 0.0
0.0 0.0 0.0
0.0 0.0 0.0
0.0 0.0 0.0
0.0 0.0 0.0
0.0 0.0 0.0
0.0 0.0 0.0
0.0 0.0 0.0
0.0 0.0 0.0
0.0 0.0 0.0
0.0 0.0 0.0
0.0 0.0 0.0
0.0 0.0 0.0
0.0 0.0 0.0
0.0 0.0 0.0
0.0 0.0 0.0
0.0 0.0 0.0
0.0 0.0 0.0
0.0 0.0 0.0
0.0 0.0 0.0
0.0 0.0 0.0
0.0 0.0 0.0
0.0 0.0 0.0
0.0 0.0 0.0
0.0 0.0 0.0
0.0 0.0 0.0
0.0 0.0 0.0
0.0 0.0 0.0
0.0 0.0 0.0
0.0 0.0 0.0
0.0 0.0 0.0
0.0 0.0 0.0
0.0 0.0 0.0
0.0 0.0 0.0
0.0 0.0 0.0
0.0 0.0 0.0
0.0 0.0 0.0
0.0 0.0 0.0
0.0 0.0 0.0
0.0 0.0 0.0
0.0 0.0 0.0
0.0 0.0 0.0
0.0 0.0 0.0
0.0 0.0 0.0
0.0 0.0 0.0
0.0 0.0 0.0
0.0 0.0 0.0
0.0 0.0 0.0
0.0 0.0 0.0
0.0 0.0 0.0
0.0 0.0 0.0
0.0 0.0 0.0
0.0 0.0 0.0
0.0 0.0 0.0
0.0 0.0 0.0
0.0 0.0 0.0
0.0 0.0 0.0
0.0 0.0 0.0
0.0 0.0 0.0
0.0 0.0 0.0
0.0 0.0 0.0
0.0 0.0 0.0
0.0 0.0 0.0
0.0 0.0 0.0
0.0 0.0 0.0
0.0 0.0 0.0
0.0 0.0 0.0
0.0 0.0 0.0
0.0 0.0 0.0
0.0 0.0 0.0
0.0 0.0 0.0
0.0 0.0 0.0
0.0 0.0 0.0
0.0 0.0 0.0
0.0 0.0 0.0
0.0 0.0 0.0
0.0 0.0 0.0
0.0 0.0 0.0
0.0 0.0 0.0
0.0 0.0 0.0
0.0 0.0 0.0
0.0 0.0 0.0
0.0 0.0 0.0
0.0 0.0 0.0
0.0 0.0 0.0
0.0 0.0 0.0
0.0 0.0 0.0
0.0 0.0 0.0
0.0 0.0 0.0
0.0 0.0 0.0
0.0 0.0 0.0
0.0 0.0 0.0
0.0 0.0 0.0
0.0 0.0 0.0
0.0 0.0 0.0
0.0 0.0 0.0
0.0 0.0 0.0
0.0 0.0 0.0
0.0 0.0 0.0
0.0 0.0 0.0
0.0 0.0 0.0
0.0 0.0 0.0
0.0 0.0 0.0
0.0 0.0 0.0
0.0 0.0 0.0
0.0 0.0 0.0
0.0 0.0 0.0
0.0 0.0 0.0
0.0 0.0 0.0
0.0 0.0 0.0
0.0 0.0 0.0
0.0 0.0 0.0
0.0 0.0 0.0
0.0 0.0 0.0
0.0 0.0 0.0
0.0 0.0 0.0
0.0 0.0 0.0
-16.483388900756836 28.033180236816406 -2.891233205795288
0.0 0.0 0.0
0.0 0.0 0.0
0.0 0.0 0.0
0.0 0.0 0.0
0.0 0.0 0.0
0.0 0.0 0.0
0.0 0.0 0.0
0.0 0.0 0.0
-13.336719512939453 26.343517303466797 -3.156341314315796
0.0 0.0 0.0
0.0 0.0 0.0
0.0 0.0 0.0
0.0 0.0 0.0
-11.819084167480469 25.523744583129883 -3.2659709453582764
0.0 0.0 0.0
0.0 0.0 0.0
0.0 0.0 0.0
0.0 0.0 0.0
0.0 0.0 0.0
0.0 0.0 0.0
0.0 0.0 0.0
0.0 0.0 0.0
0.0 0.0 0.0
0.0 0.0 0.0
0.0 0.0 0.0
0.0 0.0 0.0
0.0 0.0 0.0
0.0 0.0 0.0
0.0 0.0 0.0
0.0 0.0 0.0
0.0 0.0 0.0
0.0 0.0 0.0
-7.322204113006592 23.587772369384766 -3.61257004737854
0.0 0.0 0.0
-6.901468753814697 23.386018753051758 -3.6334521770477295
-6.764290809631348 23.521833419799805 -3.6783499717712402
-6.4941182136535645 23.18824005126953 -3.6497604846954346
-6.282767295837402 23.049606323242188 -3.6514716148376465
0.0 0.0 0.0
-5.965114593505859 23.160587310791016 -3.7142817974090576
-5.73613166809082 22.931644439697266 -3.6985795497894287
-5.588198184967041 23.01940155029297 -3.733919143676758
-5.430288314819336 23.068639755249023 -3.7632813453674316
-5.221177577972412 22.9069881439209 -3.756943464279175
-5.0350022315979 22.822307586669922 -3.7614691257476807
-4.888879299163818 22.917184829711914 -3.7957305908203125
-4.664638519287109 22.637256622314453 -3.7678980827331543
-4.529425144195557 22.782678604125977 -3.8106911182403564
-4.336120128631592 22.648025512695312 -3.804349899291992
-4.1631646156311035 22.594728469848633 -3.8114020824432373
-4.0079569816589355 22.634979248046875 -3.8343746662139893
-3.8188321590423584 22.476646423339844 -3.8237733840942383
0.0 0.0 0.0
-3.497424364089966 22.49550437927246 -3.855013847351074
-3.322730779647827 22.398374557495117 -3.851728916168213
-3.174332618713379 22.47530174255371 -3.878527879714966
-2.994624614715576 22.326139450073242 -3.866295337677002
-2.8481743335723877 22.416690826416016 -3.8923590183258057
-2.6911537647247314 22.42598533630371 -3.9045205116271973
-2.521364212036133 22.346487045288086 -3.901559352874756
-2.3603475093841553 22.311412811279297 -3.9062917232513428
-2.1969289779663086 22.244831085205078 -3.9039647579193115
-2.0493268966674805 22.33827781677246 -3.928234338760376
-1.891758918762207 22.327220916748047 -3.934337615966797
-1.7341612577438354 22.345911026000977 -3.9460105895996094
-1.565150260925293 22.16377830505371 -3.922193765640259
-1.4136884212493896 22.218997955322266 -3.937181234359741
-1.254777431488037 22.154163360595703 -3.9308815002441406
-1.105408787727356 22.257219314575195 -3.954561471939087
-0.9451099634170532 22.201807022094727 -3.9503893852233887
-0.789387583732605 22.172313690185547 -3.9495177268981934
-0.6371281147003174 22.249752044677734 -3.965663194656372
-0.4807460308074951 22.183881759643555 -3.956458568572998
-0.3272347152233124 22.24765396118164 -3.970566749572754
-0.16983887553215027 22.26422691345215 -3.9765048027038574
-0.014843770302832127 22.257110595703125 -3.9755053520202637
0.13946305215358734 22.183656692504883 -3.962214231491089
0.2946823239326477 22.255250930786133 -3.975022792816162
0.4530004560947418 22.4295597076416 -4.006371021270752
0.6035172343254089 22.22616958618164 -3.969595432281494
0.7649283409118652 22.341175079345703 -3.986985683441162
0.9185039401054382 22.289884567260742 -3.9749362468719482
1.0788123607635498 22.39504051208496 -3.990973949432373
1.2374179363250732 22.437593460083008 -3.9960265159606934
1.3939533233642578 22.437210083007812 -3.9912631511688232
1.559289813041687 22.524030685424805 -4.000899314880371
1.714339256286621 22.49091339111328 -3.989499092102051
1.8704190254211426 22.475908279418945 -3.9815168380737305
2.0443265438079834 22.65911102294922 -4.008436679840088
2.201312303543091 22.638580322265625 -3.996277093887329
2.3632073402404785 22.639667510986328 -3.987983465194702
2.5289158821105957 22.697223663330078 -3.9899439811706543
2.6973507404327393 22.76885986328125 -3.9945156574249268
2.870727062225342 22.87012481689453 -4.002552509307861
3.0436408519744873 22.9550838470459 -4.006293773651123
3.198601722717285 22.878244400024414 -3.981759548187256
3.3719255924224854 22.953107833862305 -3.984018087387085
3.536076307296753 22.958154678344727 -3.9742603302001953
3.715045213699341 23.053834915161133 -3.9770305156707764
3.8987131118774414 23.167137145996094 -3.982882499694824
4.050375461578369 23.085498809814453 -3.9553520679473877
4.244680881500244 23.225980758666992 -3.9657812118530273
4.428897380828857 23.316436767578125 -3.9664247035980225
4.621471881866455 23.439727783203125 -3.971013307571411
4.786650657653809 23.418006896972656 -3.9511170387268066
4.996445178985596 23.60627555847168 -3.966688632965088
5.174980163574219 23.62274169921875 -3.9531126022338867
5.391737937927246 23.819494247436523 -3.9669480323791504
5.556373596191406 23.777814865112305 -3.9410040378570557
5.75954532623291 23.896203994750977 -3.9416663646698
5.9320878982543945 23.88190269470215 -3.920494556427002
6.148610591888428 24.026647567749023 -3.923715829849243
6.328610897064209 24.032304763793945 -3.9030585289001465
6.572539806365967 24.27130889892578 -3.920199394226074
6.742498874664307 24.229211807250977 -3.891881227493286
6.958797931671143 24.349273681640625 -3.8895392417907715
7.192180156707764 24.507875442504883 -3.8900198936462402
7.411750316619873 24.620872497558594 -3.8835222721099854
7.605902671813965 24.643421173095703 -3.8627209663391113
7.837033748626709 24.778596878051758 -3.8594861030578613
8.087972640991211 24.96726417541504 -3.8626983165740967
8.291468620300293 24.999528884887695 -3.840536117553711
0.0 0.0 0.0
0.0 0.0 0.0
9.022978782653809 25.406591415405273 -3.819612741470337
9.30052661895752 25.620969772338867 -3.8217363357543945
9.485788345336914 25.57526206970215 -3.784946918487549
9.774045944213867 25.79126739501953 -3.7862155437469482
0.0 0.0 0.0
10.246493339538574 25.944042205810547 -3.745762825012207
0.0 0.0 0.0
10.853438377380371 26.40046501159668 -3.7454521656036377
11.160566329956055 26.610488891601562 -3.741297483444214
11.513208389282227 26.92615509033203 -3.749870777130127
11.728471755981445 26.911457061767578 -3.711503028869629
12.038655281066895 27.107494354248047 -3.7018938064575195
0.0 0.0 0.0
0.0 0.0 0.0
12.970061302185059 27.627059936523438 -3.655816078186035
0.0 0.0 0.0
13.746846199035645 28.249685287475586 -3.6561179161071777
0.0 0.0 0.0
0.0 0.0 0.0
0.0 0.0 0.0
0.0 0.0 0.0
0.0 0.0 0.0
0.0 0.0 0.0
0.0 0.0 0.0
0.0 0.0 0.0
0.0 0.0 0.0
0.0 0.0 0.0
0.0 0.0 0.0
0.0 0.0 0.0
19.247465133666992 31.854116439819336 -3.4265129566192627
0.0 0.0 0.0
0.0 0.0 0.0
0.0 0.0 0.0
0.0 0.0 0.0
0.0 0.0 0.0
0.0 0.0 0.0
0.0 0.0 0.0
0.0 0.0 0.0
0.0 0.0 0.0
0.0 0.0 0.0
0.0 0.0 0.0
0.0 0.0 0.0
0.0 0.0 0.0
0.0 0.0 0.0
0.0 0.0 0.0
0.0 0.0 0.0
0.0 0.0 0.0
0.0 0.0 0.0
0.0 0.0 0.0
0.0 0.0 0.0
0.0 0.0 0.0
0.0 0.0 0.0
0.0 0.0 0.0
0.0 0.0 0.0
0.0 0.0 0.0
0.0 0.0 0.0
0.0 0.0 0.0
0.0 0.0 0.0
0.0 0.0 0.0
0.0 0.0 0.0
0.0 0.0 0.0
0.0 0.0 0.0
0.0 0.0 0.0
0.0 0.0 0.0
0.0 0.0 0.0
0.0 0.0 0.0
0.0 0.0 0.0
0.0 0.0 0.0
0.0 0.0 0.0
0.0 0.0 0.0
0.0 0.0 0.0
0.0 0.0 0.0
0.0 0.0 0.0
0.0 0.0 0.0
0.0 0.0 0.0
0.0 0.0 0.0
0.0 0.0 0.0
0.0 0.0 0.0
0.0 0.0 0.0
0.0 0.0 0.0
0.0 0.0 0.0
0.0 0.0 0.0
0.0 0.0 0.0
0.0 0.0 0.0
0.0 0.0 0.0
0.0 0.0 0.0
0.0 0.0 0.0
0.0 0.0 0.0
0.0 0.0 0.0
0.0 0.0 0.0
0.0 0.0 0.0
0.0 0.0 0.0
0.0 0.0 0.0
0.0 0.0 0.0
0.0 0.0 0.0
0.0 0.0 0.0
0.0 0.0 0.0
0.0 0.0 0.0
0.0 0.0 0.0
0.0 0.0 0.0
0.0 0.0 0.0
0.0 0.0 0.0
0.0 0.0 0.0
0.0 0.0 0.0
0.0 0.0 0.0
0.0 0.0 0.0
0.0 0.0 0.0
0.0 0.0 0.0
0.0 0.0 0.0
0.0 0.0 0.0
0.0 0.0 0.0
0.0 0.0 0.0
0.0 0.0 0.0
0.0 0.0 0.0
0.0 0.0 0.0
0.0 0.0 0.0
0.0 0.0 0.0
0.0 0.0 0.0
0.0 0.0 0.0
0.0 0.0 0.0
0.0 0.0 0.0
0.0 0.0 0.0
0.0 0.0 0.0
0.0 0.0 0.0
0.0 0.0 0.0
0.0 0.0 0.0
0.0 0.0 0.0
0.0 0.0 0.0
0.0 0.0 0.0
0.0 0.0 0.0
0.0 0.0 0.0
0.0 0.0 0.0
0.0 0.0 0.0
0.0 0.0 0.0
0.0 0.0 0.0
0.0 0.0 0.0
0.0 0.0 0.0
0.0 0.0 0.0
0.0 0.0 0.0
0.0 0.0 0.0
0.0 0.0 0.0
0.0 0.0 0.0
0.0 0.0 0.0
0.0 0.0 0.0
0.0 0.0 0.0
0.0 0.0 0.0
0.0 0.0 0.0
0.0 0.0 0.0
0.0 0.0 0.0
0.0 0.0 0.0
0.0 0.0 0.0
0.0 0.0 0.0
0.0 0.0 0.0
0.0 0.0 0.0
0.0 0.0 0.0
0.0 0.0 0.0
0.0 0.0 0.0
0.0 0.0 0.0
0.0 0.0 0.0
0.0 0.0 0.0
0.0 0.0 0.0
0.0 0.0 0.0
0.0 0.0 0.0
0.0 0.0 0.0
0.0 0.0 0.0
0.0 0.0 0.0
0.0 0.0 0.0
0.0 0.0 0.0
0.0 0.0 0.0
0.0 0.0 0.0
0.0 0.0 0.0
0.0 0.0 0.0
0.0 0.0 0.0
0.0 0.0 0.0
0.0 0.0 0.0
0.0 0.0 0.0
0.0 0.0 0.0
0.0 0.0 0.0
0.0 0.0 0.0
0.0 0.0 0.0
0.0 0.0 0.0
0.0 0.0 0.0
0.0 0.0 0.0
0.0 0.0 0.0
0.0 0.0 0.0
0.0 0.0 0.0
0.0 0.0 0.0
0.0 0.0 0.0
0.0 0.0 0.0
0.0 0.0 0.0
0.0 0.0 0.0
0.0 0.0 0.0
0.0 0.0 0.0
0.0 0.0 0.0
0.0 0.0 0.0
0.0 0.0 0.0
0.0 0.0 0.0
0.0 0.0 0.0
0.0 0.0 0.0
0.0 0.0 0.0
0.0 0.0 0.0
0.0 0.0 0.0
0.0 0.0 0.0
0.0 0.0 0.0
0.0 0.0 0.0
0.0 0.0 0.0
0.0 0.0 0.0
0.0 0.0 0.0
0.0 0.0 0.0
0.0 0.0 0.0
0.0 0.0 0.0
0.0 0.0 0.0
0.0 0.0 0.0
0.0 0.0 0.0
0.0 0.0 0.0
0.0 0.0 0.0
0.0 0.0 0.0
0.0 0.0 0.0
0.0 0.0 0.0
0.0 0.0 0.0
0.0 0.0 0.0
0.0 0.0 0.0
0.0 0.0 0.0
0.0 0.0 0.0
0.0 0.0 0.0
0.0 0.0 0.0
0.0 0.0 0.0
0.0 0.0 0.0
0.0 0.0 0.0
0.0 0.0 0.0
0.0 0.0 0.0
0.0 0.0 0.0
0.0 0.0 0.0
0.0 0.0 0.0
0.0 0.0 0.0
-17.043437957763672 28.297060012817383 -2.8063223361968994
0.0 0.0 0.0
0.0 0.0 0.0
0.0 0.0 0.0
0.0 0.0 0.0
0.0 0.0 0.0
0.0 0.0 0.0
0.0 0.0 0.0
0.0 0.0 0.0
0.0 0.0 0.0
0.0 0.0 0.0
0.0 0.0 0.0
0.0 0.0 0.0
0.0 0.0 0.0
0.0 0.0 0.0
0.0 0.0 0.0
-11.717985153198242 25.533658981323242 -3.248116970062256
0.0 0.0 0.0
0.0 0.0 0.0
0.0 0.0 0.0
0.0 0.0 0.0
0.0 0.0 0.0
0.0 0.0 0.0
0.0 0.0 0.0
0.0 0.0 0.0
0.0 0.0 0.0
0.0 0.0 0.0
0.0 0.0 0.0
0.0 0.0 0.0
0.0 0.0 0.0
0.0 0.0 0.0
0.0 0.0 0.0
-7.908173084259033 23.996763229370117 -3.558556079864502
0.0 0.0 0.0
-7.483852386474609 23.818513870239258 -3.585064172744751
-7.245129585266113 23.632551193237305 -3.5831961631774902
0.0 0.0 0.0
0.0 0.0 0.0
0.0 0.0 0.0
0.0 0.0 0.0
0.0 0.0 0.0
0.0 0.0 0.0
-5.865010738372803 23.10081672668457 -3.661179542541504
-5.680790424346924 23.05893898010254 -3.6762633323669434
-5.469705104827881 22.887514114379883 -3.6695148944854736
-5.325903415679932 22.992813110351562 -3.705019474029541
-5.159777641296387 23.003055572509766 -3.725426197052002
-4.98476505279541 22.970609664916992 -3.73903226852417
-4.796488285064697 22.88452911376953 -3.7442831993103027
-4.6171464920043945 22.819490432739258 -3.750330686569214
-4.423587799072266 22.67368507385254 -3.7424004077911377
-4.272337913513184 22.73849105834961 -3.769301176071167
-4.116786479949951 22.783323287963867 -3.793133497238159
-3.932236671447754 22.679533004760742 -3.7917981147766113
-3.7795803546905518 22.73771095275879 -3.8149893283843994
-3.6039021015167236 22.65403938293457 -3.8145222663879395
-3.432647466659546 22.588062286376953 -3.8170876502990723
-3.27390456199646 22.600900650024414 -3.833115339279175
-3.120899200439453 22.65496253967285 -3.8540847301483154
-2.935180902481079 22.483112335205078 -3.835972309112549
-2.7802093029022217 22.515914916992188 -3.8526909351348877
-2.6182422637939453 22.490262985229492 -3.859581708908081
-2.443911075592041 22.344865798950195 -3.8455162048339844
-2.311161518096924 22.585468292236328 -3.8953280448913574
-2.1319522857666016 22.400087356567383 -3.872015953063965
-1.9745538234710693 22.397178649902344 -3.8801963329315186
-1.8197897672653198 22.423852920532227 -3.8936901092529297
-1.662898063659668 22.426780700683594 -3.9011809825897217
-1.503470778465271 22.386608123779297 -3.8998453617095947
-1.3429770469665527 22.36466407775879 -3.9019618034362793
-1.191055178642273 22.44520378112793 -3.9220612049102783
-1.0318772792816162 22.38631820678711 -3.91796612739563
-0.8779598474502563 22.438392639160156 -3.9300429821014404
-0.7223783731460571 22.458637237548828 -3.9367427825927734
-0.5612541437149048 22.374008178710938 -3.9252982139587402
-0.40710750222206116 22.45745086669922 -3.9434735774993896
-0.2502080500125885 22.397737503051758 -3.935206174850464
-0.09419745951890945 22.356523513793945 -3.928292751312256
0.06174479424953461 22.502742767333984 -3.9545059204101562
0.21930648386478424 22.605548858642578 -3.9732885360717773
0.3765745759010315 22.441774368286133 -3.9454216957092285
0.5344100594520569 22.51211166381836 -3.9558653831481934
0.6909956932067871 22.508377075195312 -3.9528722763061523
0.8481343388557434 22.5189266204834 -3.9525792598724365
1.009742021560669 22.62447738647461 -3.9691402912139893
1.1671953201293945 22.563648223876953 -3.9557905197143555
1.326287031173706 22.59453010559082 -3.9560866355895996
1.4852886199951172 22.61275863647461 -3.954339027404785
1.646560549736023 22.656734466552734 -3.957268476486206
1.8092515468597412 22.711084365844727 -3.96218204498291
0.0 0.0 0.0
2.13555645942688 22.767154693603516 -3.957573413848877
2.3038132190704346 22.84917640686035 -3.9643452167510986
2.467766046524048 22.880226135253906 -3.962428092956543
2.627842664718628 22.871898651123047 -3.9536197185516357
2.801157236099243 22.94672393798828 -3.9560647010803223
2.9751906394958496 23.03968048095703 -3.9619271755218506
3.1397390365600586 23.051204681396484 -3.953916311264038
3.308415412902832 23.08823585510254 -3.950434923171997
3.492765426635742 23.22333526611328 -3.9621362686157227
3.6547086238861084 23.201236724853516 -3.9455058574676514
3.814265489578247 23.147174835205078 -3.9234344959259033
3.973092794418335 23.107616424560547 -3.9042556285858154
4.18250846862793 23.351451873779297 -3.9330129623413086
4.389753341674805 23.56372833251953 -3.9533755779266357
4.54887580871582 23.5093936920166 -3.9289605617523193
4.7508463859558105 23.65372085571289 -3.9375498294830322
4.937747955322266 23.729040145874023 -3.9349586963653564
5.091189861297607 23.64099884033203 -3.9040448665618896
5.298191070556641 23.79690933227539 -3.911754846572876
5.5076117515563965 23.951108932495117 -3.91909122467041
5.7019853591918945 24.01658821105957 -3.9115617275238037
5.885348320007324 24.043710708618164 -3.8981783390045166
6.07499885559082 24.092308044433594 -3.8857414722442627
6.322167873382568 24.3560791015625 -3.9076788425445557
6.49264669418335 24.315505981445312 -3.880722999572754
6.720096111297607 24.470293045043945 -3.884608030319214
6.939292907714844 24.59818458557129 -3.8831441402435303
7.1491522789001465 24.683544158935547 -3.8733816146850586
7.376851558685303 24.822776794433594 -3.8719935417175293
7.558401107788086 24.801128387451172 -3.845501661300659
0.0 0.0 0.0
7.999225616455078 24.98513412475586 -3.8244881629943848
0.0 0.0 0.0
8.53143310546875 25.42310333251953 -3.839285135269165
8.64466667175293 25.177453994750977 -3.776406764984131
8.987627029418945 25.596017837524414 -3.811401128768921
9.230584144592285 25.70421600341797 -3.7983059883117676
0.0 0.0 0.0
9.734964370727539 25.967111587524414 -3.779340982437134
9.96403694152832 26.026708602905273 -3.758233070373535
10.260941505432129 26.253971099853516 -3.759457588195801
10.547647476196289 26.434003829956055 -3.752882242202759
0.0 0.0 0.0
11.181077003479004 26.928213119506836 -3.758056640625
0.0 0.0 0.0
11.720242500305176 27.15427589416504 -3.719343900680542
11.898911476135254 27.040447235107422 -3.66811466217041
12.250829696655273 27.323013305664062 -3.671041488647461
0.0 0.0 0.0
0.0 0.0 0.0
13.300942420959473 28.079904556274414 -3.6557905673980713
0.0 0.0 0.0
0.0 0.0 0.0
0.0 0.0 0.0
14.61719799041748 28.753450393676758 -3.5751633644104004
0.0 0.0 0.0
0.0 0.0 0.0
0.0 0.0 0.0
0.0 0.0 0.0
0.0 0.0 0.0
0.0 0.0 0.0
0.0 0.0 0.0
0.0 0.0 0.0
0.0 0.0 0.0
0.0 0.0 0.0
19.516788482666016 32.047752380371094 -3.3913462162017822
0.0 0.0 0.0
0.0 0.0 0.0
0.0 0.0 0.0
0.0 0.0 0.0
0.0 0.0 0.0
0.0 0.0 0.0
23.335342407226562 34.41474914550781 -3.1483001708984375
0.0 0.0 0.0
0.0 0.0 0.0
0.0 0.0 0.0
0.0 0.0 0.0
0.0 0.0 0.0
0.0 0.0 0.0
0.0 0.0 0.0
0.0 0.0 0.0
0.0 0.0 0.0
0.0 0.0 0.0
0.0 0.0 0.0
0.0 0.0 0.0
0.0 0.0 0.0
0.0 0.0 0.0
0.0 0.0 0.0
0.0 0.0 0.0
0.0 0.0 0.0
0.0 0.0 0.0
0.0 0.0 0.0
0.0 0.0 0.0
0.0 0.0 0.0
0.0 0.0 0.0
0.0 0.0 0.0
0.0 0.0 0.0
0.0 0.0 0.0
0.0 0.0 0.0
0.0 0.0 0.0
0.0 0.0 0.0
0.0 0.0 0.0
0.0 0.0 0.0
0.0 0.0 0.0
0.0 0.0 0.0
0.0 0.0 0.0
0.0 0.0 0.0
0.0 0.0 0.0
0.0 0.0 0.0
0.0 0.0 0.0
0.0 0.0 0.0
0.0 0.0 0.0
0.0 0.0 0.0
0.0 0.0 0.0
0.0 0.0 0.0
0.0 0.0 0.0
0.0 0.0 0.0
0.0 0.0 0.0
0.0 0.0 0.0
0.0 0.0 0.0
0.0 0.0 0.0
0.0 0.0 0.0
0.0 0.0 0.0
0.0 0.0 0.0
0.0 0.0 0.0
0.0 0.0 0.0
0.0 0.0 0.0
0.0 0.0 0.0
0.0 0.0 0.0
0.0 0.0 0.0
0.0 0.0 0.0
0.0 0.0 0.0
0.0 0.0 0.0
0.0 0.0 0.0
0.0 0.0 0.0
0.0 0.0 0.0
0.0 0.0 0.0
0.0 0.0 0.0
0.0 0.0 0.0
0.0 0.0 0.0
0.0 0.0 0.0
0.0 0.0 0.0
0.0 0.0 0.0
0.0 0.0 0.0
0.0 0.0 0.0
0.0 0.0 0.0
0.0 0.0 0.0
0.0 0.0 0.0
0.0 0.0 0.0
0.0 0.0 0.0
0.0 0.0 0.0
0.0 0.0 0.0
0.0 0.0 0.0
0.0 0.0 0.0
0.0 0.0 0.0
0.0 0.0 0.0
0.0 0.0 0.0
0.0 0.0 0.0
0.0 0.0 0.0
0.0 0.0 0.0
0.0 0.0 0.0
0.0 0.0 0.0
0.0 0.0 0.0
0.0 0.0 0.0
0.0 0.0 0.0
0.0 0.0 0.0
0.0 0.0 0.0
0.0 0.0 0.0
0.0 0.0 0.0
0.0 0.0 0.0
0.0 0.0 0.0
0.0 0.0 0.0
0.0 0.0 0.0
0.0 0.0 0.0
0.0 0.0 0.0
0.0 0.0 0.0
0.0 0.0 0.0
0.0 0.0 0.0
0.0 0.0 0.0
0.0 0.0 0.0
0.0 0.0 0.0
0.0 0.0 0.0
0.0 0.0 0.0
0.0 0.0 0.0
0.0 0.0 0.0
0.0 0.0 0.0
0.0 0.0 0.0
0.0 0.0 0.0
0.0 0.0 0.0
0.0 0.0 0.0
0.0 0.0 0.0
0.0 0.0 0.0
0.0 0.0 0.0
0.0 0.0 0.0
0.0 0.0 0.0
0.0 0.0 0.0
0.0 0.0 0.0
0.0 0.0 0.0
0.0 0.0 0.0
0.0 0.0 0.0
0.0 0.0 0.0
0.0 0.0 0.0
0.0 0.0 0.0
0.0 0.0 0.0
0.0 0.0 0.0
0.0 0.0 0.0
0.0 0.0 0.0
0.0 0.0 0.0
0.0 0.0 0.0
0.0 0.0 0.0
0.0 0.0 0.0
0.0 0.0 0.0
0.0 0.0 0.0
0.0 0.0 0.0
0.0 0.0 0.0
0.0 0.0 0.0
0.0 0.0 0.0
0.0 0.0 0.0
0.0 0.0 0.0
0.0 0.0 0.0
0.0 0.0 0.0
0.0 0.0 0.0
0.0 0.0 0.0
0.0 0.0 0.0
0.0 0.0 0.0
0.0 0.0 0.0
0.0 0.0 0.0
0.0 0.0 0.0
0.0 0.0 0.0
0.0 0.0 0.0
0.0 0.0 0.0
0.0 0.0 0.0
0.0 0.0 0.0
0.0 0.0 0.0
0.0 0.0 0.0
0.0 0.0 0.0
0.0 0.0 0.0
0.0 0.0 0.0
0.0 0.0 0.0
0.0 0.0 0.0
0.0 0.0 0.0
0.0 0.0 0.0
0.0 0.0 0.0
0.0 0.0 0.0
0.0 0.0 0.0
0.0 0.0 0.0
0.0 0.0 0.0
0.0 0.0 0.0
0.0 0.0 0.0
0.0 0.0 0.0
0.0 0.0 0.0
0.0 0.0 0.0
0.0 0.0 0.0
0.0 0.0 0.0
0.0 0.0 0.0
0.0 0.0 0.0
0.0 0.0 0.0
0.0 0.0 0.0
0.0 0.0 0.0
0.0 0.0 0.0
0.0 0.0 0.0
0.0 0.0 0.0
0.0 0.0 0.0
0.0 0.0 0.0
0.0 0.0 0.0
0.0 0.0 0.0
0.0 0.0 0.0
0.0 0.0 0.0
0.0 0.0 0.0
0.0 0.0 0.0
0.0 0.0 0.0
0.0 0.0 0.0
0.0 0.0 0.0
0.0 0.0 0.0
0.0 0.0 0.0
0.0 0.0 0.0
0.0 0.0 0.0
0.0 0.0 0.0
0.0 0.0 0.0
0.0 0.0 0.0
0.0 0.0 0.0
0.0 0.0 0.0
0.0 0.0 0.0
0.0 0.0 0.0
0.0 0.0 0.0
0.0 0.0 0.0
0.0 0.0 0.0
0.0 0.0 0.0
0.0 0.0 0.0
0.0 0.0 0.0
0.0 0.0 0.0
0.0 0.0 0.0
0.0 0.0 0.0
0.0 0.0 0.0
0.0 0.0 0.0
0.0 0.0 0.0
0.0 0.0 0.0
0.0 0.0 0.0
0.0 0.0 0.0
0.0 0.0 0.0
0.0 0.0 0.0
0.0 0.0 0.0
-8.237391471862793 24.138248443603516 -3.4857614040374756
0.0 0.0 0.0
0.0 0.0 0.0
-7.6377997398376465 24.00714111328125 -3.5477099418640137
0.0 0.0 0.0
-7.268760681152344 24.010801315307617 -3.598912239074707
-6.983808517456055 23.663490295410156 -3.5714073181152344
0.0 0.0 0.0
0.0 0.0 0.0
0.0 0.0 0.0
-6.216036319732666 23.463111877441406 -3.6332619190216064
0.0 0.0 0.0
-5.847996234893799 23.38564682006836 -3.6652534008026123
-5.628530502319336 23.19314956665039 -3.6545591354370117
-5.484782695770264 23.30694580078125 -3.691857099533081
-5.294063568115234 23.232196807861328 -3.6997740268707275
-5.1142473220825195 23.185504913330078 -3.7118327617645264
-4.934920310974121 23.137723922729492 -3.7225570678710938
-4.742019176483154 23.017005920410156 -3.719688653945923
-4.579623222351074 23.03853416442871 -3.739875555038452
-4.375072002410889 22.854827880859375 -3.7270736694335938
-4.231432914733887 22.968591690063477 -3.762568473815918
-4.089108943939209 23.097047805786133 -3.7980048656463623
-3.902024984359741 22.969959259033203 -3.7912228107452393
-3.713378667831421 22.818559646606445 -3.7803940773010254
-3.5648248195648193 22.928913116455078 -3.8133418560028076
-3.3883767127990723 22.839828491210938 -3.8119349479675293
-3.191920518875122 22.597105026245117 -3.782792091369629
-3.052119493484497 22.75001335144043 -3.820012092590332
-2.8763389587402344 22.63448143005371 -3.8123419284820557
-2.7337145805358887 22.777708053588867 -3.848423719406128
-2.557805061340332 22.66807746887207 -3.839646577835083
-2.398932695388794 22.67572593688965 -3.8499557971954346
-2.2264504432678223 22.54427719116211 -3.8367738723754883
-2.0738587379455566 22.60713768005371 -3.856809139251709
-1.918164849281311 22.642202377319336 -3.871668815612793
-1.7558977603912354 22.630752563476562 -3.8761367797851562
-1.6050130128860474 22.737035751342773 -3.900871992111206
-1.443139672279358 22.6885929107666 -3.8992533683776855
-1.2796602249145508 22.60057830810547 -3.8909850120544434
-1.1196489334106445 22.554052352905273 -3.887852191925049
-0.9618214964866638 22.60672950744629 -3.9006779193878174
-0.8025163412094116 22.554344177246094 -3.8954951763153076
-0.6449775695800781 22.53546905517578 -3.896275281906128
-0.49048998951911926 22.642494201660156 -3.9189836978912354
-0.33235079050064087 22.60665512084961 -3.913569211959839
-0.17260363698005676 22.646711349487305 -3.921501398086548
-0.015152094885706902 22.58556365966797 -3.912081241607666
0.14182783663272858 22.584909439086914 -3.9133245944976807
0.29969334602355957 22.637283325195312 -3.9225049018859863
0.45954185724258423 22.750465393066406 -3.9403493404388428
0.6152321696281433 22.650901794433594 -3.9215340614318848
0.7799150943756104 22.773303985595703 -3.941314458847046
0.9359968304634094 22.710010528564453 -3.929168701171875
1.0998412370681763 22.826812744140625 -3.945667266845703
1.2591564655303955 22.827220916748047 -3.9416050910949707
1.4197797775268555 22.849578857421875 -3.9415218830108643
1.582646369934082 22.85525894165039 -3.9386770725250244
1.7397541999816895 22.821731567382812 -3.9285669326782227
1.9072051048278809 22.914173126220703 -3.9375970363616943
2.0789566040039062 23.03992462158203 -3.9524779319763184
2.2372682094573975 23.007265090942383 -3.9403398036956787
2.4105653762817383 23.091968536376953 -3.948354721069336
2.578766345977783 23.145421981811523 -3.94911527633667
2.729499101638794 23.041015625 -3.9218716621398926
2.9139230251312256 23.21462059020996 -3.9420976638793945
3.078110933303833 23.21494483947754 -3.9330060482025146
3.2622697353363037 23.33588218688965 -3.944132089614868
3.437756299972534 23.402902603149414 -3.9432079792022705
3.5779671669006348 23.232481002807617 -3.9024994373321533
3.767467975616455 23.380813598632812 -3.915513038635254
3.963046073913574 23.550458908081055 -3.932101011276245
4.141247749328613 23.604875564575195 -3.9279489517211914
4.3213653564453125 23.646347045898438 -3.919800043106079
4.498545169830322 23.683181762695312 -3.9112610816955566
4.655001163482666 23.608938217163086 -3.8845396041870117
4.8498406410217285 23.72638702392578 -3.889503240585327
5.064208507537842 23.925731658935547 -3.9050378799438477
5.218547821044922 23.821226119995117 -3.8705883026123047
5.434436798095703 24.006046295166016 -3.883527994155884
5.603099346160889 23.974851608276367 -3.861553430557251
5.8345746994018555 24.205373764038086 -3.8804991245269775
6.015100479125977 24.212993621826172 -3.8619585037231445
6.214951992034912 24.282230377197266 -3.8530023097991943
6.458450794219971 24.522308349609375 -3.8713624477386475
6.666231155395508 24.61484146118164 -3.8662846088409424
6.851752281188965 24.620521545410156 -3.8448383808135986
7.07283353805542 24.747364044189453 -3.8421614170074463
7.295855522155762 24.860389709472656 -3.8368284702301025
7.550223350524902 25.079633712768555 -3.8480687141418457
7.750598907470703 25.112226486206055 -3.829258918762207
8.010722160339355 25.327537536621094 -3.8368332386016846
8.21226692199707 25.34920310974121 -3.814923048019409
8.431541442871094 25.42066192626953 -3.8004980087280273
0.0 0.0 0.0
8.907346725463867 25.645387649536133 -3.7801995277404785
0.0 0.0 0.0
9.421263694763184 25.954008102416992 -3.769542932510376
9.724410057067871 26.219205856323242 -3.7798001766204834
10.025192260742188 26.455371856689453 -3.7828359603881836
0.0 0.0 0.0
10.453145980834961 26.467334747314453 -3.7225217819213867
10.802733421325684 26.804845809936523 -3.7386083602905273
11.135100364685059 27.085403442382812 -3.7448477745056152
11.322793006896973 26.996841430664062 -3.6980972290039062
0.0 0.0 0.0
11.973162651062012 27.46855354309082 -3.6936395168304443
0.0 0.0 0.0
12.559693336486816 27.75514030456543 -3.6591153144836426
0.0 0.0 0.0
13.10233211517334 27.906435012817383 -3.6032190322875977
0.0 0.0 0.0
0.0 0.0 0.0
0.0 0.0 0.0
14.519330978393555 28.81414222717285 -3.5562145709991455
0.0 0.0 0.0
0.0 0.0 0.0
0.0 0.0 0.0
0.0 0.0 0.0
0.0 0.0 0.0
0.0 0.0 0.0
0.0 0.0 0.0
0.0 0.0 0.0
0.0 0.0 0.0
0.0 0.0 0.0
0.0 0.0 0.0
0.0 0.0 0.0
0.0 0.0 0.0
0.0 0.0 0.0
0.0 0.0 0.0
0.0 0.0 0.0
0.0 0.0 0.0
0.0 0.0 0.0
0.0 0.0 0.0
0.0 0.0 0.0
0.0 0.0 0.0
0.0 0.0 0.0
0.0 0.0 0.0
0.0 0.0 0.0
0.0 0.0 0.0
0.0 0.0 0.0
0.0 0.0 0.0
0.0 0.0 0.0
0.0 0.0 0.0
0.0 0.0 0.0
0.0 0.0 0.0
0.0 0.0 0.0
0.0 0.0 0.0
0.0 0.0 0.0
0.0 0.0 0.0
0.0 0.0 0.0
0.0 0.0 0.0
0.0 0.0 0.0
0.0 0.0 0.0
0.0 0.0 0.0
0.0 0.0 0.0
0.0 0.0 0.0
0.0 0.0 0.0
0.0 0.0 0.0
0.0 0.0 0.0
0.0 0.0 0.0
0.0 0.0 0.0
0.0 0.0 0.0
0.0 0.0 0.0
0.0 0.0 0.0
0.0 0.0 0.0
0.0 0.0 0.0
0.0 0.0 0.0
0.0 0.0 0.0
0.0 0.0 0.0
0.0 0.0 0.0
0.0 0.0 0.0
0.0 0.0 0.0
0.0 0.0 0.0
0.0 0.0 0.0
0.0 0.0 0.0
0.0 0.0 0.0
0.0 0.0 0.0
0.0 0.0 0.0
0.0 0.0 0.0
0.0 0.0 0.0
0.0 0.0 0.0
0.0 0.0 0.0
0.0 0.0 0.0
0.0 0.0 0.0
0.0 0.0 0.0
0.0 0.0 0.0
0.0 0.0 0.0
0.0 0.0 0.0
0.0 0.0 0.0
0.0 0.0 0.0
0.0 0.0 0.0
0.0 0.0 0.0
0.0 0.0 0.0
0.0 0.0 0.0
0.0 0.0 0.0
0.0 0.0 0.0
0.0 0.0 0.0
0.0 0.0 0.0
0.0 0.0 0.0
0.0 0.0 0.0
0.0 0.0 0.0
0.0 0.0 0.0
0.0 0.0 0.0
0.0 0.0 0.0
0.0 0.0 0.0
0.0 0.0 0.0
0.0 0.0 0.0
0.0 0.0 0.0
0.0 0.0 0.0
0.0 0.0 0.0
0.0 0.0 0.0
0.0 0.0 0.0
0.0 0.0 0.0
0.0 0.0 0.0
0.0 0.0 0.0
0.0 0.0 0.0
0.0 0.0 0.0
0.0 0.0 0.0
0.0 0.0 0.0
0.0 0.0 0.0
0.0 0.0 0.0
0.0 0.0 0.0
0.0 0.0 0.0
0.0 0.0 0.0
0.0 0.0 0.0
0.0 0.0 0.0
0.0 0.0 0.0
0.0 0.0 0.0
0.0 0.0 0.0
0.0 0.0 0.0
0.0 0.0 0.0
0.0 0.0 0.0
0.0 0.0 0.0
0.0 0.0 0.0
0.0 0.0 0.0
0.0 0.0 0.0
0.0 0.0 0.0
0.0 0.0 0.0
0.0 0.0 0.0
0.0 0.0 0.0
0.0 0.0 0.0
0.0 0.0 0.0
0.0 0.0 0.0
0.0 0.0 0.0
0.0 0.0 0.0
0.0 0.0 0.0
0.0 0.0 0.0
0.0 0.0 0.0
0.0 0.0 0.0
0.0 0.0 0.0
0.0 0.0 0.0
0.0 0.0 0.0
0.0 0.0 0.0
0.0 0.0 0.0
0.0 0.0 0.0
0.0 0.0 0.0
0.0 0.0 0.0
0.0 0.0 0.0
0.0 0.0 0.0
0.0 0.0 0.0
0.0 0.0 0.0
0.0 0.0 0.0
0.0 0.0 0.0
0.0 0.0 0.0
0.0 0.0 0.0
0.0 0.0 0.0
0.0 0.0 0.0
0.0 0.0 0.0
0.0 0.0 0.0
0.0 0.0 0.0
0.0 0.0 0.0
0.0 0.0 0.0
0.0 0.0 0.0
0.0 0.0 0.0
0.0 0.0 0.0
0.0 0.0 0.0
0.0 0.0 0.0
0.0 0.0 0.0
0.0 0.0 0.0
0.0 0.0 0.0
0.0 0.0 0.0
0.0 0.0 0.0
0.0 0.0 0.0
0.0 0.0 0.0
0.0 0.0 0.0
0.0 0.0 0.0
0.0 0.0 0.0
0.0 0.0 0.0
0.0 0.0 0.0
0.0 0.0 0.0
0.0 0.0 0.0
0.0 0.0 0.0
0.0 0.0 0.0
0.0 0.0 0.0
0.0 0.0 0.0
0.0 0.0 0.0
0.0 0.0 0.0
0.0 0.0 0.0
0.0 0.0 0.0
0.0 0.0 0.0
0.0 0.0 0.0
0.0 0.0 0.0
0.0 0.0 0.0
0.0 0.0 0.0
0.0 0.0 0.0
0.0 0.0 0.0
0.0 0.0 0.0
0.0 0.0 0.0
0.0 0.0 0.0
0.0 0.0 0.0
0.0 0.0 0.0
0.0 0.0 0.0
0.0 0.0 0.0
0.0 0.0 0.0
0.0 0.0 0.0
0.0 0.0 0.0
0.0 0.0 0.0
0.0 0.0 0.0
0.0 0.0 0.0
0.0 0.0 0.0
0.0 0.0 0.0
0.0 0.0 0.0
0.0 0.0 0.0
0.0 0.0 0.0
0.0 0.0 0.0
0.0 0.0 0.0
0.0 0.0 0.0
0.0 0.0 0.0
0.0 0.0 0.0
0.0 0.0 0.0
0.0 0.0 0.0
0.0 0.0 0.0
0.0 0.0 0.0
0.0 0.0 0.0
0.0 0.0 0.0
0.0 0.0 0.0
0.0 0.0 0.0
0.0 0.0 0.0
0.0 0.0 0.0
0.0 0.0 0.0
0.0 0.0 0.0
0.0 0.0 0.0
-13.09216022491455 26.551849365234375 -3.133629322052002
0.0 0.0 0.0
0.0 0.0 0.0
0.0 0.0 0.0
0.0 0.0 0.0
-11.567092895507812 25.68756103515625 -3.2224464416503906
0.0 0.0 0.0
0.0 0.0 0.0
0.0 0.0 0.0
-10.609929084777832 25.428787231445312 -3.3294878005981445
0.0 0.0 0.0
0.0 0.0 0.0
0.0 0.0 0.0
0.0 0.0 0.0
0.0 0.0 0.0
0.0 0.0 0.0
0.0 0.0 0.0
0.0 0.0 0.0
0.0 0.0 0.0
0.0 0.0 0.0
0.0 0.0 0.0
-7.789076328277588 24.199426651000977 -3.5159668922424316
0.0 0.0 0.0
0.0 0.0 0.0
0.0 0.0 0.0
0.0 0.0 0.0
-6.747654914855957 23.780662536621094 -3.574618339538574
0.0 0.0 0.0
0.0 0.0 0.0
-6.162234783172607 23.582799911499023 -3.6109261512756348
-6.009109020233154 23.670024871826172 -3.645010232925415
-5.788414478302002 23.498241424560547 -3.6383728981018066
-5.630860805511475 23.564353942871094 -3.6682486534118652
-5.474400043487549 23.636899948120117 -3.699362277984619
-5.215705394744873 23.25633430480957 -3.6591877937316895
-5.039143085479736 23.224632263183594 -3.670936346054077
-4.877326011657715 23.27141571044922 -3.695505380630493
-4.690896987915039 23.184186935424805 -3.6986310482025146
-4.510537624359131 23.11820411682129 -3.7051520347595215
-4.331168174743652 23.051124572753906 -3.7099273204803467
-4.17554235458374 23.108171463012695 -3.733532428741455
-3.982473850250244 22.966917037963867 -3.7254278659820557
-3.8194634914398193 22.975929260253906 -3.741532802581787
-3.6694226264953613 23.063732147216797 -3.770644426345825
-3.5152974128723145 23.131982803344727 -3.7937099933624268
-3.3145220279693604 22.88248062133789 -3.7647311687469482
-3.1757924556732178 23.055278778076172 -3.805353879928589
-2.9711527824401855 22.76120948791504 -3.769228219985962
-2.814595937728882 22.7982177734375 -3.7862794399261475
-2.6628355979919434 22.87652015686035 -3.8085029125213623
-2.4868972301483154 22.743125915527344 -3.7956411838531494
-2.328425407409668 22.75789451599121 -3.8076188564300537
-2.190488815307617 23.017257690429688 -3.8609797954559326
-1.997540831565857 22.661956787109375 -3.808501720428467
-1.8548240661621094 22.858131408691406 -3.8483290672302246
-1.6952307224273682 22.86130142211914 -3.8559014797210693
-1.5349830389022827 22.85567855834961 -3.8621790409088135
-1.3674174547195435 22.768468856811523 -3.8540828227996826
-1.2075966596603394 22.753450393676758 -3.855571985244751
-1.0503627061843872 22.783470153808594 -3.864874839782715
-0.8959322571754456 22.893211364746094 -3.8879129886627197
-0.7340818047523499 22.817138671875 -3.879586696624756
-0.5679020285606384 22.636394500732422 -3.8515751361846924
-0.4157068729400635 22.9359073638916 -3.904165029525757
-0.25564250349998474 22.88396644592285 -3.897134304046631
-0.09621745347976685 22.850168228149414 -3.893376350402832
0.06266765296459198 22.861474990844727 -3.8974831104278564
0.2216864824295044 22.849164962768555 -3.8941614627838135
0.38350018858909607 22.858808517456055 -3.8947551250457764
0.5403231382369995 22.759572982788086 -3.877007007598877
0.7067075371742249 23.02107810974121 -3.9208948612213135
0.8689348697662354 23.069927215576172 -3.9274234771728516
1.0259718894958496 22.991029739379883 -3.910311222076416
1.1880749464035034 22.968608856201172 -3.9029407501220703
1.3548941612243652 23.0836181640625 -3.9191675186157227
1.513207197189331 23.039840698242188 -3.908607244491577
1.6841235160827637 23.175947189331055 -3.926152229309082
1.8389142751693726 23.08438491821289 -3.904547691345215
2.0057969093322754 23.110517501831055 -3.9029428958892822
2.1705238819122314 23.139530181884766 -3.9021055698394775
2.321012258529663 23.021812438964844 -3.8761603832244873
2.5060150623321533 23.23682975769043 -3.903529405593872
2.665283203125 23.197734832763672 -3.8883118629455566
2.8528785705566406 23.371463775634766 -3.9087581634521484
3.0221574306488037 23.40260887145996 -3.9055981636047363
3.1932718753814697 23.44431495666504 -3.902562379837036
3.3452253341674805 23.34377098083496 -3.8746800422668457
3.550213098526001 23.604398727416992 -3.906853437423706
3.714787721633911 23.581491470336914 -3.8921425342559814
3.884552001953125 23.572221755981445 -3.879680871963501
4.076806545257568 23.710952758789062 -3.8885302543640137
4.25980806350708 23.783599853515625 -3.8865463733673096
4.429889678955078 23.779020309448242 -3.8720602989196777
4.630701065063477 23.93231773376465 -3.883369207382202
4.80044412612915 23.902070999145508 -3.863492250442505
5.028076648712158 24.162206649780273 -3.889110803604126
5.184202671051025 24.069486618041992 -3.857947826385498
5.3659281730651855 24.096323013305664 -3.8461570739746094
5.583755970001221 24.276037216186523 -3.8587727546691895
5.764847755432129 24.277244567871094 -3.8402023315429688
5.9994354248046875 24.50655174255371 -3.8576722145080566
6.1997222900390625 24.584022521972656 -3.8511362075805664
6.361586093902588 24.506616592407227 -3.8204658031463623
6.620166778564453 24.794099807739258 -3.845518112182617
6.813035011291504 24.810335159301758 -3.826129198074341
7.054957389831543 25.00806427001953 -3.835019111633301
7.266444683074951 25.0886287689209 -3.825836420059204
7.482697486877441 25.17858123779297 -3.818047046661377
7.635383129119873 25.05254554748535 -3.7751994132995605
0.0 0.0 0.0
8.11585521697998 25.345413208007812 -3.7707369327545166
8.314186096191406 25.354982376098633 -3.748199462890625
8.586423873901367 25.583406448364258 -3.7566311359405518
8.823566436767578 25.695938110351562 -3.7465901374816895
9.072953224182129 25.835630416870117 -3.74031662940979
9.361717224121094 26.06684684753418 -3.7465364933013916
9.657539367675781 26.314693450927734 -3.7547314167022705
9.828399658203125 26.215465545654297 -3.7112088203430176
10.09921646118164 26.37919044494629 -3.704911231994629
10.490031242370605 26.839828491210938 -3.739622116088867
10.731894493103027 26.89568328857422 -3.7168407440185547
11.009285926818848 27.044490814208984 -3.705078601837158
11.251498222351074 27.097379684448242 -3.6795618534088135
11.549184799194336 27.276782989501953 -3.670982837677002
0.0 0.0 0.0
0.0 0.0 0.0
0.0 0.0 0.0
0.0 0.0 0.0
13.101309776306152 28.162113189697266 -3.610349655151367
0.0 0.0 0.0
0.0 0.0 0.0
14.161581993103027 28.844512939453125 -3.5782575607299805
14.418096542358398 28.858165740966797 -3.539785146713257
0.0 0.0 0.0
15.295683860778809 29.579811096191406 -3.5414371490478516
0.0 0.0 0.0
0.0 0.0 0.0
0.0 0.0 0.0
0.0 0.0 0.0
0.0 0.0 0.0
0.0 0.0 0.0
0.0 0.0 0.0
0.0 0.0 0.0
0.0 0.0 0.0
0.0 0.0 0.0
0.0 0.0 0.0
0.0 0.0 0.0
0.0 0.0 0.0
0.0 0.0 0.0
0.0 0.0 0.0
0.0 0.0 0.0
0.0 0.0 0.0
0.0 0.0 0.0
0.0 0.0 0.0
0.0 0.0 0.0
0.0 0.0 0.0
0.0 0.0 0.0
0.0 0.0 0.0
0.0 0.0 0.0
0.0 0.0 0.0
0.0 0.0 0.0
0.0 0.0 0.0
0.0 0.0 0.0
0.0 0.0 0.0
0.0 0.0 0.0
0.0 0.0 0.0
0.0 0.0 0.0
0.0 0.0 0.0
0.0 0.0 0.0
0.0 0.0 0.0
0.0 0.0 0.0
0.0 0.0 0.0
0.0 0.0 0.0
0.0 0.0 0.0
0.0 0.0 0.0
0.0 0.0 0.0
0.0 0.0 0.0
0.0 0.0 0.0
0.0 0.0 0.0
0.0 0.0 0.0
0.0 0.0 0.0
0.0 0.0 0.0
0.0 0.0 0.0
0.0 0.0 0.0
0.0 0.0 0.0
0.0 0.0 0.0
0.0 0.0 0.0
0.0 0.0 0.0
0.0 0.0 0.0
0.0 0.0 0.0
0.0 0.0 0.0
0.0 0.0 0.0
0.0 0.0 0.0
0.0 0.0 0.0
0.0 0.0 0.0
0.0 0.0 0.0
0.0 0.0 0.0
0.0 0.0 0.0
0.0 0.0 0.0
0.0 0.0 0.0
0.0 0.0 0.0
0.0 0.0 0.0
0.0 0.0 0.0
0.0 0.0 0.0
0.0 0.0 0.0
0.0 0.0 0.0
0.0 0.0 0.0
0.0 0.0 0.0
0.0 0.0 0.0
0.0 0.0 0.0
0.0 0.0 0.0
0.0 0.0 0.0
0.0 0.0 0.0
0.0 0.0 0.0
0.0 0.0 0.0
0.0 0.0 0.0
0.0 0.0 0.0
0.0 0.0 0.0
0.0 0.0 0.0
0.0 0.0 0.0
0.0 0.0 0.0
0.0 0.0 0.0
0.0 0.0 0.0
0.0 0.0 0.0
0.0 0.0 0.0
0.0 0.0 0.0
0.0 0.0 0.0
0.0 0.0 0.0
0.0 0.0 0.0
0.0 0.0 0.0
0.0 0.0 0.0
0.0 0.0 0.0
0.0 0.0 0.0
0.0 0.0 0.0
0.0 0.0 0.0
0.0 0.0 0.0
0.0 0.0 0.0
0.0 0.0 0.0
0.0 0.0 0.0
0.0 0.0 0.0
0.0 0.0 0.0
0.0 0.0 0.0
0.0 0.0 0.0
0.0 0.0 0.0
0.0 0.0 0.0
0.0 0.0 0.0
0.0 0.0 0.0
0.0 0.0 0.0
0.0 0.0 0.0
0.0 0.0 0.0
0.0 0.0 0.0
0.0 0.0 0.0
0.0 0.0 0.0
0.0 0.0 0.0
0.0 0.0 0.0
0.0 0.0 0.0
0.0 0.0 0.0
0.0 0.0 0.0
0.0 0.0 0.0
0.0 0.0 0.0
0.0 0.0 0.0
0.0 0.0 0.0
0.0 0.0 0.0
0.0 0.0 0.0
0.0 0.0 0.0
0.0 0.0 0.0
0.0 0.0 0.0
0.0 0.0 0.0
0.0 0.0 0.0
0.0 0.0 0.0
0.0 0.0 0.0
0.0 0.0 0.0
0.0 0.0 0.0
0.0 0.0 0.0
0.0 0.0 0.0
0.0 0.0 0.0
0.0 0.0 0.0
0.0 0.0 0.0
0.0 0.0 0.0
0.0 0.0 0.0
0.0 0.0 0.0
0.0 0.0 0.0
0.0 0.0 0.0
0.0 0.0 0.0
0.0 0.0 0.0
0.0 0.0 0.0
0.0 0.0 0.0
0.0 0.0 0.0
0.0 0.0 0.0
0.0 0.0 0.0
0.0 0.0 0.0
0.0 0.0 0.0
0.0 0.0 0.0
0.0 0.0 0.0
0.0 0.0 0.0
0.0 0.0 0.0
0.0 0.0 0.0
0.0 0.0 0.0
0.0 0.0 0.0
0.0 0.0 0.0
0.0 0.0 0.0
0.0 0.0 0.0
0.0 0.0 0.0
0.0 0.0 0.0
0.0 0.0 0.0
0.0 0.0 0.0
0.0 0.0 0.0
0.0 0.0 0.0
0.0 0.0 0.0
0.0 0.0 0.0
0.0 0.0 0.0
0.0 0.0 0.0
0.0 0.0 0.0
0.0 0.0 0.0
0.0 0.0 0.0
0.0 0.0 0.0
0.0 0.0 0.0
0.0 0.0 0.0
0.0 0.0 0.0
0.0 0.0 0.0
0.0 0.0 0.0
0.0 0.0 0.0
0.0 0.0 0.0
0.0 0.0 0.0
0.0 0.0 0.0
0.0 0.0 0.0
0.0 0.0 0.0
0.0 0.0 0.0
0.0 0.0 0.0
0.0 0.0 0.0
0.0 0.0 0.0
0.0 0.0 0.0
0.0 0.0 0.0
0.0 0.0 0.0
0.0 0.0 0.0
0.0 0.0 0.0
0.0 0.0 0.0
0.0 0.0 0.0
0.0 0.0 0.0
0.0 0.0 0.0
0.0 0.0 0.0
0.0 0.0 0.0
0.0 0.0 0.0
0.0 0.0 0.0
0.0 0.0 0.0
0.0 0.0 0.0
0.0 0.0 0.0
0.0 0.0 0.0
0.0 0.0 0.0
0.0 0.0 0.0
0.0 0.0 0.0
0.0 0.0 0.0
-16.913135528564453 28.765274047851562 -2.8231008052825928
-16.53422737121582 28.574338912963867 -2.8580715656280518
0.0 0.0 0.0
0.0 0.0 0.0
-15.263248443603516 27.704912185668945 -2.91994309425354
0.0 0.0 0.0
0.0 0.0 0.0
0.0 0.0 0.0
0.0 0.0 0.0
0.0 0.0 0.0
0.0 0.0 0.0
0.0 0.0 0.0
0.0 0.0 0.0
-12.374391555786133 26.238332748413086 -3.1430177688598633
0.0 0.0 0.0
0.0 0.0 0.0
0.0 0.0 0.0
0.0 0.0 0.0
0.0 0.0 0.0
0.0 0.0 0.0
0.0 0.0 0.0
0.0 0.0 0.0
0.0 0.0 0.0
0.0 0.0 0.0
0.0 0.0 0.0
0.0 0.0 0.0
0.0 0.0 0.0
-8.84217643737793 24.767417907714844 -3.417078733444214
0.0 0.0 0.0
0.0 0.0 0.0
0.0 0.0 0.0
0.0 0.0 0.0
0.0 0.0 0.0
0.0 0.0 0.0
-7.354089736938477 24.295246124267578 -3.5354175567626953
0.0 0.0 0.0
0.0 0.0 0.0
-6.734980583190918 24.051624298095703 -3.5687544345855713
0.0 0.0 0.0
-6.325897216796875 23.87795066833496 -3.5881659984588623
-6.108560562133789 23.723058700561523 -3.584869146347046
-5.924449920654297 23.690101623535156 -3.5999720096588135
-5.7321672439575195 23.618139266967773 -3.6091485023498535
-5.5535664558410645 23.59731101989746 -3.6261746883392334
-5.295966148376465 23.24092674255371 -3.589670419692993
-5.18992805480957 23.53037452697754 -3.6518959999084473
-5.0061774253845215 23.471878051757812 -3.660402297973633
-4.842005729675293 23.50276756286621 -3.682978868484497
-4.648826599121094 23.388742446899414 -3.6822898387908936
-4.491304397583008 23.46354103088379 -3.7092907428741455
-4.252047538757324 23.08127784729004 -3.663710832595825
-4.129830360412598 23.327747344970703 -3.718005418777466
-3.9470510482788086 23.23496437072754 -3.718458890914917
-3.7678990364074707 23.156387329101562 -3.719228744506836
0.0 0.0 0.0
-3.445225477218628 23.224740982055664 -3.7555243968963623
-3.2654199600219727 23.119552612304688 -3.7512474060058594
-3.1133527755737305 23.207988739013672 -3.778282403945923
-2.9289462566375732 23.051067352294922 -3.762580156326294
-2.773249626159668 23.110923767089844 -3.7823779582977295
-2.592702865600586 22.9822940826416 -3.7716526985168457
-2.440984010696411 23.07819938659668 -3.797746181488037
-2.274778127670288 23.039087295532227 -3.8001909255981445
-2.117133378982544 23.08348846435547 -3.8148624897003174
-1.940112590789795 22.90406036376953 -3.792675256729126
-1.7837005853652954 22.988611221313477 -3.814471483230591
-1.611152172088623 22.82205581665039 -3.794628858566284
-1.4622266292572021 22.98927879333496 -3.8275792598724365
-1.3018327951431274 22.99014663696289 -3.8326311111450195
-1.1420763731002808 23.005292892456055 -3.840254783630371
-0.9785884618759155 22.996326446533203 -3.8441247940063477
-0.8186655640602112 23.00936508178711 -3.850924015045166
-0.65798419713974 22.99087905883789 -3.8501319885253906
-0.4985816478729248 23.02520179748535 -3.858372449874878
-0.3392024040222168 23.07767105102539 -3.869847536087036
-0.17551296949386597 23.04815101623535 -3.8678178787231445
-0.015287271700799465 23.13726806640625 -3.883575916290283
0.14429420232772827 22.92500877380371 -3.847602605819702
0.3058732748031616 23.08530616760254 -3.874344825744629
0.4662644863128662 23.07498550415039 -3.8726401329040527
0.6306068897247314 23.2137393951416 -3.8961422443389893
0.797822117805481 23.297883987426758 -3.9072420597076416
0.9563172459602356 23.203861236572266 -3.888641119003296
1.1178053617477417 23.201128005981445 -3.885540723800659
1.284157156944275 23.28189468383789 -3.896599292755127
1.4442607164382935 23.24631118774414 -3.8871865272521973
1.610716700553894 23.26359748840332 -3.8845596313476562
1.7723299264907837 23.249147415161133 -3.8769123554229736
1.9469248056411743 23.391023635864258 -3.8954882621765137
2.1135358810424805 23.420297622680664 -3.8954579830169678
2.2701644897460938 23.34139060974121 -3.875098466873169
2.441335678100586 23.383991241455078 -3.874068021774292
2.6084463596343994 23.406448364257812 -3.8699867725372314
2.786231517791748 23.515775680541992 -3.880411386489868
2.970118761062622 23.658254623413086 -3.89595890045166
3.1309731006622314 23.60867691040039 -3.8770408630371094
3.2983901500701904 23.58818817138672 -3.8629205226898193
3.4790899753570557 23.677520751953125 -3.867109537124634
3.6799845695495605 23.88746452331543 -3.8910350799560547
3.826707363128662 23.74193572998047 -3.8556082248687744
4.003199100494385 23.782062530517578 -3.8491404056549072
4.213777542114258 24.01087188720703 -3.873225688934326
4.408449649810791 24.115999221801758 -3.8771204948425293
4.595431804656982 24.185970306396484 -3.8756518363952637
4.774380683898926 24.209583282470703 -3.863943338394165
4.963897705078125 24.281051635742188 -3.8598599433898926
5.13644552230835 24.264162063598633 -3.8418262004852295
5.325746536254883 24.309608459472656 -3.8335471153259277
5.536151885986328 24.456031799316406 -3.8402750492095947
5.733323097229004 24.533239364624023 -3.8343868255615234
5.941793441772461 24.650196075439453 -3.8347034454345703
6.1400651931762695 24.71671485900879 -3.8271734714508057
6.3532280921936035 24.822107315063477 -3.8253469467163086
6.543322563171387 24.844709396362305 -3.8084394931793213
6.786626815795898 25.05986213684082 -3.820664405822754
6.970231056213379 25.045673370361328 -3.797849655151367
7.15907621383667 25.04876136779785 -3.777798891067505
7.4396514892578125 25.350234985351562 -3.8011012077331543
0.0 0.0 0.0
7.825796604156494 25.35213279724121 -3.7548468112945557
8.071244239807129 25.515012741088867 -3.755706548690796
8.34578800201416 25.75663948059082 -3.7678542137145996
8.5770902633667 25.85673713684082 -3.7566847801208496
8.802555084228516 25.920772552490234 -3.7396578788757324
9.037393569946289 26.016902923583984 -3.7276535034179688
9.328618049621582 26.264188766479492 -3.737004280090332
0.0 0.0 0.0
9.815650939941406 26.464420318603516 -3.709061861038208
10.08249282836914 26.605518341064453 -3.6995315551757812
10.349984169006348 26.74895477294922 -3.690554141998291
10.67092514038086 27.01992416381836 -3.698040723800659
10.915943145751953 27.086345672607422 -3.6753952503204346
11.213785171508789 27.27621078491211 -3.6692490577697754
11.572270393371582 27.590625762939453 -3.678696870803833
0.0 0.0 0.0
0.0 0.0 0.0
0.0 0.0 0.0
12.694225311279297 28.051471710205078 -3.601602792739868
0.0 0.0 0.0
0.0 0.0 0.0
13.745265007019043 28.753684997558594 -3.577469825744629
14.013337135314941 28.7987060546875 -3.544095277786255
14.341479301452637 28.959575653076172 -3.5245842933654785
0.0 0.0 0.0
15.115939140319824 29.47392463684082 -3.5012266635894775
0.0 0.0 0.0
0.0 0.0 0.0
16.41539192199707 30.42572593688965 -3.478677988052368
0.0 0.0 0.0
0.0 0.0 0.0
0.0 0.0 0.0
0.0 0.0 0.0
0.0 0.0 0.0
0.0 0.0 0.0
0.0 0.0 0.0
20.01021385192871 32.60177230834961 -3.2947847843170166
0.0 0.0 0.0
0.0 0.0 0.0
0.0 0.0 0.0
22.23678207397461 34.06016159057617 -3.1834709644317627
0.0 0.0 0.0
0.0 0.0 0.0
0.0 0.0 0.0
0.0 0.0 0.0
0.0 0.0 0.0
0.0 0.0 0.0
0.0 0.0 0.0
0.0 0.0 0.0
0.0 0.0 0.0
0.0 0.0 0.0
0.0 0.0 0.0
0.0 0.0 0.0
0.0 0.0 0.0
0.0 0.0 0.0
0.0 0.0 0.0
0.0 0.0 0.0
0.0 0.0 0.0
0.0 0.0 0.0
0.0 0.0 0.0
0.0 0.0 0.0
0.0 0.0 0.0
0.0 0.0 0.0
0.0 0.0 0.0
0.0 0.0 0.0
0.0 0.0 0.0
0.0 0.0 0.0
0.0 0.0 0.0
0.0 0.0 0.0
0.0 0.0 0.0
0.0 0.0 0.0
0.0 0.0 0.0
0.0 0.0 0.0
0.0 0.0 0.0
0.0 0.0 0.0
0.0 0.0 0.0
0.0 0.0 0.0
0.0 0.0 0.0
0.0 0.0 0.0
0.0 0.0 0.0
0.0 0.0 0.0
0.0 0.0 0.0
0.0 0.0 0.0
0.0 0.0 0.0
0.0 0.0 0.0
0.0 0.0 0.0
0.0 0.0 0.0
0.0 0.0 0.0
0.0 0.0 0.0
0.0 0.0 0.0
0.0 0.0 0.0
0.0 0.0 0.0
0.0 0.0 0.0
0.0 0.0 0.0
0.0 0.0 0.0
0.0 0.0 0.0
0.0 0.0 0.0
0.0 0.0 0.0
0.0 0.0 0.0
0.0 0.0 0.0
0.0 0.0 0.0
0.0 0.0 0.0
0.0 0.0 0.0
0.0 0.0 0.0
0.0 0.0 0.0
0.0 0.0 0.0
0.0 0.0 0.0
0.0 0.0 0.0
0.0 0.0 0.0
0.0 0.0 0.0
0.0 0.0 0.0
0.0 0.0 0.0
0.0 0.0 0.0
0.0 0.0 0.0
0.0 0.0 0.0
0.0 0.0 0.0
0.0 0.0 0.0
0.0 0.0 0.0
0.0 0.0 0.0
0.0 0.0 0.0
0.0 0.0 0.0
0.0 0.0 0.0
0.0 0.0 0.0
0.0 0.0 0.0
0.0 0.0 0.0
0.0 0.0 0.0
0.0 0.0 0.0
0.0 0.0 0.0
0.0 0.0 0.0
0.0 0.0 0.0
0.0 0.0 0.0
0.0 0.0 0.0
0.0 0.0 0.0
0.0 0.0 0.0
0.0 0.0 0.0
0.0 0.0 0.0
0.0 0.0 0.0
0.0 0.0 0.0
0.0 0.0 0.0
0.0 0.0 0.0
0.0 0.0 0.0
0.0 0.0 0.0
0.0 0.0 0.0
0.0 0.0 0.0
0.0 0.0 0.0
0.0 0.0 0.0
0.0 0.0 0.0
0.0 0.0 0.0
0.0 0.0 0.0
0.0 0.0 0.0
0.0 0.0 0.0
0.0 0.0 0.0
0.0 0.0 0.0
0.0 0.0 0.0
0.0 0.0 0.0
0.0 0.0 0.0
0.0 0.0 0.0
0.0 0.0 0.0
0.0 0.0 0.0
0.0 0.0 0.0
0.0 0.0 0.0
0.0 0.0 0.0
0.0 0.0 0.0
0.0 0.0 0.0
0.0 0.0 0.0
0.0 0.0 0.0
0.0 0.0 0.0
0.0 0.0 0.0
0.0 0.0 0.0
0.0 0.0 0.0
0.0 0.0 0.0
0.0 0.0 0.0
0.0 0.0 0.0
0.0 0.0 0.0
0.0 0.0 0.0
0.0 0.0 0.0
0.0 0.0 0.0
0.0 0.0 0.0
0.0 0.0 0.0
0.0 0.0 0.0
0.0 0.0 0.0
0.0 0.0 0.0
0.0 0.0 0.0
0.0 0.0 0.0
0.0 0.0 0.0
0.0 0.0 0.0
0.0 0.0 0.0
0.0 0.0 0.0
0.0 0.0 0.0
0.0 0.0 0.0
0.0 0.0 0.0
0.0 0.0 0.0
0.0 0.0 0.0
0.0 0.0 0.0
0.0 0.0 0.0
0.0 0.0 0.0
0.0 0.0 0.0
0.0 0.0 0.0
0.0 0.0 0.0
0.0 0.0 0.0
0.0 0.0 0.0
0.0 0.0 0.0
0.0 0.0 0.0
0.0 0.0 0.0
0.0 0.0 0.0
0.0 0.0 0.0
0.0 0.0 0.0
0.0 0.0 0.0
0.0 0.0 0.0
0.0 0.0 0.0
0.0 0.0 0.0
0.0 0.0 0.0
0.0 0.0 0.0
0.0 0.0 0.0
0.0 0.0 0.0
0.0 0.0 0.0
0.0 0.0 0.0
0.0 0.0 0.0
0.0 0.0 0.0
0.0 0.0 0.0
0.0 0.0 0.0
0.0 0.0 0.0
0.0 0.0 0.0
0.0 0.0 0.0
0.0 0.0 0.0
0.0 0.0 0.0
0.0 0.0 0.0
0.0 0.0 0.0
0.0 0.0 0.0
0.0 0.0 0.0
0.0 0.0 0.0
0.0 0.0 0.0
0.0 0.0 0.0
0.0 0.0 0.0
0.0 0.0 0.0
0.0 0.0 0.0
0.0 0.0 0.0
0.0 0.0 0.0
0.0 0.0 0.0
0.0 0.0 0.0
0.0 0.0 0.0
0.0 0.0 0.0
0.0 0.0 0.0
0.0 0.0 0.0
0.0 0.0 0.0
0.0 0.0 0.0
0.0 0.0 0.0
0.0 0.0 0.0
0.0 0.0 0.0
0.0 0.0 0.0
0.0 0.0 0.0
0.0 0.0 0.0
0.0 0.0 0.0
0.0 0.0 0.0
0.0 0.0 0.0
0.0 0.0 0.0
0.0 0.0 0.0
0.0 0.0 0.0
0.0 0.0 0.0
-11.43022632598877 25.86008644104004 -3.1915853023529053
0.0 0.0 0.0
0.0 0.0 0.0
0.0 0.0 0.0
0.0 0.0 0.0
0.0 0.0 0.0
0.0 0.0 0.0
0.0 0.0 0.0
0.0 0.0 0.0
0.0 0.0 0.0
0.0 0.0 0.0
0.0 0.0 0.0
0.0 0.0 0.0
0.0 0.0 0.0
0.0 0.0 0.0
-7.926166534423828 24.62542724609375 -3.4721386432647705
0.0 0.0 0.0
0.0 0.0 0.0
0.0 0.0 0.0
0.0 0.0 0.0
0.0 0.0 0.0
-6.694917678833008 24.23653221130371 -3.5568013191223145
-6.444676876068115 23.980152130126953 -3.539318323135376
-6.266805648803711 23.983436584472656 -3.5598127841949463
-6.068456649780273 23.90291404724121 -3.567887306213379
0.0 0.0 0.0
-5.673016548156738 23.737957000732422 -3.582595109939575
-5.477132320404053 23.645601272583008 -3.586141586303711
-5.299915790557861 23.627056121826172 -3.6009037494659424
-5.177107810974121 23.856393814086914 -3.6537489891052246
-4.922481060028076 23.48451805114746 -3.6148390769958496
-4.781201362609863 23.628828048706055 -3.6524150371551514
-4.604938983917236 23.601726531982422 -3.6634180545806885
0.0 0.0 0.0
0.0 0.0 0.0
-4.065040111541748 23.44475555419922 -3.6844236850738525
-3.856541633605957 23.199575424194336 -3.6584055423736572
-3.743034839630127 23.52825164794922 -3.723093032836914
-3.549945831298828 23.360376358032227 -3.709434747695923
-3.3807642459869385 23.339948654174805 -3.7192556858062744
0.0 0.0 0.0
-3.0356268882751465 23.254512786865234 -3.726862668991089
-2.888066530227661 23.39165687561035 -3.759260654449463
-2.7128732204437256 23.305625915527344 -3.7559804916381836
-2.555304527282715 23.36789894104004 -3.7763519287109375
-2.3855361938476562 23.31439781188965 -3.7754547595977783
-2.2070515155792236 23.19083023071289 -3.763472557067871
-2.0449347496032715 23.1962890625 -3.772416353225708
-1.886403203010559 23.24674415588379 -3.7888805866241455
-1.7210191488265991 23.211788177490234 -3.7898778915405273
-1.5603708028793335 23.23747444152832 -3.7992613315582275
-1.3956986665725708 23.246803283691406 -3.8062539100646973
-1.2288784980773926 23.158586502075195 -3.797337293624878
-1.0716842412948608 23.2540225982666 -3.8187246322631836
-0.909168541431427 23.244857788085938 -3.8201873302459717
-0.7467470765113831 23.226917266845703 -3.819948434829712
-0.5811212658882141 23.180932998657227 -3.8153250217437744
-0.4201342761516571 23.206951141357422 -3.8226892948150635
-0.2591128647327423 23.24353790283203 -3.831204652786255
-0.09787524491548538 23.31411361694336 -3.8428826332092285
0.06420135498046875 23.2679386138916 -3.8355026245117188
0.22574308514595032 23.232202529907227 -3.8300278186798096
0.3906475901603699 23.2569580078125 -3.8347227573394775
0.55506831407547 23.365692138671875 -3.8514862060546875
0.7182803750038147 23.3848819732666 -3.8522636890411377
0.8809154033660889 23.379819869995117 -3.8492307662963867
1.037153959274292 23.231151580810547 -3.8227527141571045
1.211501121520996 23.41620445251465 -3.851341724395752
1.3739283084869385 23.4005069732666 -3.8440499305725098
1.5344161987304688 23.356782913208008 -3.8321478366851807
1.7128064632415771 23.565723419189453 -3.861849784851074
1.8767240047454834 23.55426597595215 -3.8555784225463867
2.041187286376953 23.514694213867188 -3.843832015991211
2.2170698642730713 23.631988525390625 -3.855639934539795
2.3815298080444336 23.617536544799805 -3.846099615097046
2.5500314235687256 23.640277862548828 -3.8427906036376953
2.7361338138580322 23.81123161315918 -3.8636956214904785
2.8938651084899902 23.705141067504883 -3.837568521499634
3.066859483718872 23.747663497924805 -3.8347573280334473
3.2660975456237793 23.97620964050293 -3.862046718597412
0.0 0.0 0.0
3.5934219360351562 23.890581130981445 -3.82948637008667
3.8018269538879395 24.134323120117188 -3.8561363220214844
3.9686203002929688 24.08270835876465 -3.835433006286621
4.137667179107666 24.06464195251465 -3.8204967975616455
4.3272600173950195 24.159326553344727 -3.82356858253479
4.5188984870910645 24.25657844543457 -3.8257558345794678
4.706544399261475 24.32223129272461 -3.8212878704071045
4.885519504547119 24.32152557373047 -3.8062374591827393
5.062392234802246 24.323869705200195 -3.7920820713043213
5.288325309753418 24.551441192626953 -3.8130505084991455
5.4731035232543945 24.577653884887695 -3.800309658050537
5.675871849060059 24.677806854248047 -3.798717498779297
5.840605735778809 24.595224380493164 -3.768812417984009
6.077794075012207 24.823688507080078 -3.7868945598602295
0.0 0.0 0.0
6.517092704772949 25.103012084960938 -3.792034149169922
6.6901535987854 25.053329467773438 -3.7651286125183105
6.9335618019104 25.247699737548828 -3.7745559215545654
7.165500640869141 25.39975357055664 -3.77783465385437
7.366445541381836 25.435041427612305 -3.7613320350646973
7.567453384399414 25.46501922607422 -3.743621826171875
7.797425270080566 25.585935592651367 -3.7392492294311523
7.996884822845459 25.58948516845703 -3.7173190116882324
8.261940002441406 25.806360244750977 -3.7256112098693848
8.4551362991333 25.78913688659668 -3.698307514190674
8.763023376464844 26.111753463745117 -3.7195229530334473
0.0 0.0 0.0
0.0 0.0 0.0
9.47801399230957 26.390291213989258 -3.680879831314087
9.816855430603027 26.74620246887207 -3.7026894092559814
10.043960571289062 26.786834716796875 -3.6805200576782227
10.345748901367188 27.017309188842773 -3.684169292449951
10.572884559631348 27.04686737060547 -3.6587750911712646
10.777195930480957 27.004915237426758 -3.622485399246216
11.174108505249023 27.443763732910156 -3.6507840156555176
11.382861137390137 27.409374237060547 -3.6156957149505615
0.0 0.0 0.0
0.0 0.0 0.0
0.0 0.0 0.0
0.0 0.0 0.0
0.0 0.0 0.0
0.0 0.0 0.0
0.0 0.0 0.0
0.0 0.0 0.0
0.0 0.0 0.0
14.6167631149292 29.252595901489258 -3.4888432025909424
14.961454391479492 29.428714752197266 -3.469080924987793
0.0 0.0 0.0
0.0 0.0 0.0
0.0 0.0 0.0
0.0 0.0 0.0
0.0 0.0 0.0
0.0 0.0 0.0
0.0 0.0 0.0
0.0 0.0 0.0
0.0 0.0 0.0
0.0 0.0 0.0
0.0 0.0 0.0
20.243961334228516 32.730281829833984 -3.2403297424316406
0.0 0.0 0.0
0.0 0.0 0.0
0.0 0.0 0.0
0.0 0.0 0.0
0.0 0.0 0.0
0.0 0.0 0.0
0.0 0.0 0.0
0.0 0.0 0.0
0.0 0.0 0.0
0.0 0.0 0.0
0.0 0.0 0.0
0.0 0.0 0.0
0.0 0.0 0.0
0.0 0.0 0.0
0.0 0.0 0.0
0.0 0.0 0.0
0.0 0.0 0.0
0.0 0.0 0.0
0.0 0.0 0.0
0.0 0.0 0.0
0.0 0.0 0.0
0.0 0.0 0.0
0.0 0.0 0.0
0.0 0.0 0.0
0.0 0.0 0.0
0.0 0.0 0.0
0.0 0.0 0.0
0.0 0.0 0.0
0.0 0.0 0.0
0.0 0.0 0.0
0.0 0.0 0.0
0.0 0.0 0.0
0.0 0.0 0.0
0.0 0.0 0.0
0.0 0.0 0.0
0.0 0.0 0.0
0.0 0.0 0.0
0.0 0.0 0.0
0.0 0.0 0.0
0.0 0.0 0.0
0.0 0.0 0.0
0.0 0.0 0.0
0.0 0.0 0.0
0.0 0.0 0.0
0.0 0.0 0.0
0.0 0.0 0.0
0.0 0.0 0.0
0.0 0.0 0.0
0.0 0.0 0.0
0.0 0.0 0.0
0.0 0.0 0.0
0.0 0.0 0.0
0.0 0.0 0.0
0.0 0.0 0.0
0.0 0.0 0.0
0.0 0.0 0.0
0.0 0.0 0.0
0.0 0.0 0.0
0.0 0.0 0.0
0.0 0.0 0.0
0.0 0.0 0.0
0.0 0.0 0.0
0.0 0.0 0.0
0.0 0.0 0.0
0.0 0.0 0.0
0.0 0.0 0.0
0.0 0.0 0.0
0.0 0.0 0.0
0.0 0.0 0.0
0.0 0.0 0.0
0.0 0.0 0.0
0.0 0.0 0.0
0.0 0.0 0.0
0.0 0.0 0.0
0.0 0.0 0.0
0.0 0.0 0.0
0.0 0.0 0.0
0.0 0.0 0.0
0.0 0.0 0.0
0.0 0.0 0.0
0.0 0.0 0.0
0.0 0.0 0.0
0.0 0.0 0.0
0.0 0.0 0.0
0.0 0.0 0.0
0.0 0.0 0.0
0.0 0.0 0.0
0.0 0.0 0.0
0.0 0.0 0.0
0.0 0.0 0.0
0.0 0.0 0.0
0.0 0.0 0.0
0.0 0.0 0.0
0.0 0.0 0.0
0.0 0.0 0.0
0.0 0.0 0.0
0.0 0.0 0.0
0.0 0.0 0.0
0.0 0.0 0.0
0.0 0.0 0.0
0.0 0.0 0.0
0.0 0.0 0.0
0.0 0.0 0.0
0.0 0.0 0.0
0.0 0.0 0.0
0.0 0.0 0.0
0.0 0.0 0.0
0.0 0.0 0.0
0.0 0.0 0.0
0.0 0.0 0.0
0.0 0.0 0.0
0.0 0.0 0.0
0.0 0.0 0.0
0.0 0.0 0.0
0.0 0.0 0.0
0.0 0.0 0.0
0.0 0.0 0.0
0.0 0.0 0.0
0.0 0.0 0.0
0.0 0.0 0.0
0.0 0.0 0.0
0.0 0.0 0.0
0.0 0.0 0.0
0.0 0.0 0.0
0.0 0.0 0.0
0.0 0.0 0.0
0.0 0.0 0.0
0.0 0.0 0.0
0.0 0.0 0.0
0.0 0.0 0.0
0.0 0.0 0.0
0.0 0.0 0.0
0.0 0.0 0.0
0.0 0.0 0.0
0.0 0.0 0.0
0.0 0.0 0.0
0.0 0.0 0.0
0.0 0.0 0.0
0.0 0.0 0.0
0.0 0.0 0.0
0.0 0.0 0.0
0.0 0.0 0.0
0.0 0.0 0.0
0.0 0.0 0.0
0.0 0.0 0.0
0.0 0.0 0.0
0.0 0.0 0.0
0.0 0.0 0.0
0.0 0.0 0.0
0.0 0.0 0.0
0.0 0.0 0.0
0.0 0.0 0.0
0.0 0.0 0.0
0.0 0.0 0.0
0.0 0.0 0.0
0.0 0.0 0.0
0.0 0.0 0.0
0.0 0.0 0.0
0.0 0.0 0.0
0.0 0.0 0.0
0.0 0.0 0.0
0.0 0.0 0.0
0.0 0.0 0.0
0.0 0.0 0.0
0.0 0.0 0.0
0.0 0.0 0.0
0.0 0.0 0.0
0.0 0.0 0.0
0.0 0.0 0.0
0.0 0.0 0.0
0.0 0.0 0.0
0.0 0.0 0.0
0.0 0.0 0.0
0.0 0.0 0.0
0.0 0.0 0.0
0.0 0.0 0.0
0.0 0.0 0.0
0.0 0.0 0.0
0.0 0.0 0.0
0.0 0.0 0.0
0.0 0.0 0.0
0.0 0.0 0.0
0.0 0.0 0.0
0.0 0.0 0.0
0.0 0.0 0.0
0.0 0.0 0.0
0.0 0.0 0.0
0.0 0.0 0.0
0.0 0.0 0.0
0.0 0.0 0.0
0.0 0.0 0.0
0.0 0.0 0.0
0.0 0.0 0.0
0.0 0.0 0.0
0.0 0.0 0.0
0.0 0.0 0.0
0.0 0.0 0.0
0.0 0.0 0.0
0.0 0.0 0.0
0.0 0.0 0.0
0.0 0.0 0.0
0.0 0.0 0.0
0.0 0.0 0.0
0.0 0.0 0.0
0.0 0.0 0.0
0.0 0.0 0.0
-17.02337646484375 28.950899124145508 -2.772615909576416
0.0 0.0 0.0
-16.10052490234375 28.28122901916504 -2.8082282543182373
0.0 0.0 0.0
0.0 0.0 0.0
0.0 0.0 0.0
0.0 0.0 0.0
0.0 0.0 0.0
0.0 0.0 0.0
0.0 0.0 0.0
0.0 0.0 0.0
0.0 0.0 0.0
0.0 0.0 0.0
0.0 0.0 0.0
0.0 0.0 0.0
0.0 0.0 0.0
0.0 0.0 0.0
-11.391777992248535 26.01265525817871 -3.171006679534912
0.0 0.0 0.0
0.0 0.0 0.0
-10.639863014221191 25.75593376159668 -3.238935708999634
0.0 0.0 0.0
0.0 0.0 0.0
0.0 0.0 0.0
0.0 0.0 0.0
0.0 0.0 0.0
0.0 0.0 0.0
0.0 0.0 0.0
0.0 0.0 0.0
0.0 0.0 0.0
0.0 0.0 0.0
0.0 0.0 0.0
0.0 0.0 0.0
0.0 0.0 0.0
0.0 0.0 0.0
0.0 0.0 0.0
0.0 0.0 0.0
0.0 0.0 0.0
0.0 0.0 0.0
0.0 0.0 0.0
0.0 0.0 0.0
-6.056975841522217 24.215526580810547 -3.5650548934936523
-5.850674629211426 24.103553771972656 -3.5667126178741455
-5.654397964477539 24.023733139038086 -3.5730817317962646
-5.450465679168701 23.916614532470703 -3.575700521469116
-5.297154903411865 24.014808654785156 -3.6088004112243652
-5.107099533081055 23.94597816467285 -3.6152725219726562
-4.92338228225708 23.898475646972656 -3.6237926483154297
-4.710445404052734 23.69801139831543 -3.6090903282165527
-4.5558295249938965 23.7998046875 -3.640765905380249
-4.352970600128174 23.630434036254883 -3.6307260990142822
-4.179133892059326 23.608144760131836 -3.6404335498809814
-4.031875133514404 23.73683738708496 -3.673614740371704
-3.8536863327026367 23.685489654541016 -3.6791415214538574
-3.6690051555633545 23.602672576904297 -3.680075168609619
-3.5199203491210938 23.732154846191406 -3.7127366065979004
-3.3225855827331543 23.528379440307617 -3.691615104675293
-3.1400630474090576 23.411033630371094 -3.6840667724609375
-2.981036901473999 23.46461296081543 -3.7035603523254395
-2.817467212677002 23.48259162902832 -3.717618465423584
-2.656923532485962 23.553791046142578 -3.7379367351531982
-2.475329637527466 23.404993057250977 -3.722709894180298
-2.3082573413848877 23.37767791748047 -3.7269017696380615
-2.150656223297119 23.44906997680664 -3.7470269203186035
-1.9849451780319214 23.434913635253906 -3.753133773803711
-1.8128620386123657 23.370214462280273 -3.74867844581604
-1.649438500404358 23.369478225708008 -3.754535675048828
-1.4832309484481812 23.325273513793945 -3.753580331802368
-1.3246651887893677 23.399242401123047 -3.7718210220336914
-1.1577504873275757 23.32604217529297 -3.7647767066955566
-0.9970222115516663 23.43695640563965 -3.7860753536224365
-0.8313456177711487 23.369384765625 -3.778671979904175
-0.6706276535987854 23.439414978027344 -3.7936997413635254
-0.506805419921875 23.408098220825195 -3.7925124168395996
-0.3423435389995575 23.306690216064453 -3.7773025035858154
-0.17830593883991241 23.420146942138672 -3.7966716289520264
-0.015328917652368546 23.486169815063477 -3.8085289001464844
0.14771123230457306 23.44695281982422 -3.803504467010498
0.31161966919898987 23.499244689941406 -3.812816858291626
0.476452499628067 23.570085525512695 -3.8226606845855713
0.6400859951972961 23.558826446533203 -3.819369077682495
0.808365523815155 23.596431732177734 -3.824159860610962
0.9676240086555481 23.47498893737793 -3.8033883571624756
1.1344341039657593 23.541488647460938 -3.811424493789673
1.3019145727157593 23.599336624145508 -3.816711187362671
1.4714984893798828 23.679096221923828 -3.8257057666778564
1.6448097229003906 23.7497501373291 -3.833317995071411
1.8067162036895752 23.696298599243164 -3.821150302886963
1.9783368110656738 23.765199661254883 -3.825850248336792
2.1502816677093506 23.825239181518555 -3.828911542892456
2.2996304035186768 23.64216423034668 -3.7931132316589355
2.4894521236419678 23.841552734375 -3.8187415599823
2.66825795173645 23.94017791748047 -3.8276352882385254
2.842255115509033 23.984207153320312 -3.825531244277954
3.030454397201538 24.13416862487793 -3.840423107147217
3.175215244293213 23.938413619995117 -3.8004894256591797
3.385486125946045 24.207683563232422 -3.8343780040740967
3.52941632270813 24.0177001953125 -3.7938826084136963
3.7295877933502197 24.208520889282227 -3.8125252723693848
3.8969593048095703 24.17670440673828 -3.796192169189453
4.101430892944336 24.364490509033203 -3.814418315887451
4.292494773864746 24.459392547607422 -3.818146228790283
4.455521583557129 24.374231338500977 -3.7907588481903076
4.669405937194824 24.576810836791992 -3.8084335327148438
4.846724033355713 24.576793670654297 -3.794752359390259
5.05211877822876 24.711727142333984 -3.801983594894409
5.254576206207275 24.822568893432617 -3.8043081760406494
5.445807456970215 24.855880737304688 -3.792682409286499
5.632034778594971 24.877077102661133 -3.7796123027801514
5.8460845947265625 25.013538360595703 -3.7840888500213623
6.024265766143799 24.990428924560547 -3.7644879817962646
6.2508544921875 25.161466598510742 -3.771801471710205
6.4863972663879395 25.341081619262695 -3.779498338699341
6.665435791015625 25.306304931640625 -3.755575656890869
6.863706588745117 25.341110229492188 -3.742079019546509
7.06444787979126 25.38206672668457 -3.728685140609741
7.28651237487793 25.492311477661133 -3.7236716747283936
7.492964744567871 25.52930450439453 -3.707561731338501
7.717375755310059 25.632171630859375 -3.7013611793518066
7.957079887390137 25.777591705322266 -3.7012243270874023
0.0 0.0 0.0
8.426974296569824 26.011266708374023 -3.6877551078796387
8.700249671936035 26.2316951751709 -3.695272207260132
8.970532417297363 26.419185638427734 -3.6974122524261475
9.189379692077637 26.459211349487305 -3.678032875061035
9.444632530212402 26.596073150634766 -3.670532703399658
9.724503517150879 26.79265594482422 -3.671029567718506
9.994304656982422 26.950260162353516 -3.6658592224121094
10.262842178344727 27.086305618286133 -3.6568198204040527
0.0 0.0 0.0
10.842397689819336 27.454309463500977 -3.6470508575439453
11.090412139892578 27.519174575805664 -3.6259143352508545
0.0 0.0 0.0
0.0 0.0 0.0
12.063441276550293 28.210519790649414 -3.621035099029541
0.0 0.0 0.0
0.0 0.0 0.0
0.0 0.0 0.0
13.14265251159668 28.505062103271484 -3.5218536853790283
0.0 0.0 0.0
13.895078659057617 29.068262100219727 -3.5186829566955566
14.273758888244629 29.335630416870117 -3.5129499435424805
0.0 0.0 0.0
0.0 0.0 0.0
0.0 0.0 0.0
15.668221473693848 30.036251068115234 -3.4330906867980957
0.0 0.0 0.0
0.0 0.0 0.0
0.0 0.0 0.0
0.0 0.0 0.0
0.0 0.0 0.0
0.0 0.0 0.0
0.0 0.0 0.0
0.0 0.0 0.0
0.0 0.0 0.0
0.0 0.0 0.0
0.0 0.0 0.0
0.0 0.0 0.0
0.0 0.0 0.0
0.0 0.0 0.0
0.0 0.0 0.0
0.0 0.0 0.0
0.0 0.0 0.0
0.0 0.0 0.0
0.0 0.0 0.0
0.0 0.0 0.0
0.0 0.0 0.0
0.0 0.0 0.0
0.0 0.0 0.0
0.0 0.0 0.0
0.0 0.0 0.0
0.0 0.0 0.0
0.0 0.0 0.0
0.0 0.0 0.0
0.0 0.0 0.0
0.0 0.0 0.0
0.0 0.0 0.0
0.0 0.0 0.0
0.0 0.0 0.0
0.0 0.0 0.0
0.0 0.0 0.0
0.0 0.0 0.0
0.0 0.0 0.0
0.0 0.0 0.0
0.0 0.0 0.0
0.0 0.0 0.0
0.0 0.0 0.0
0.0 0.0 0.0
0.0 0.0 0.0
0.0 0.0 0.0
0.0 0.0 0.0
0.0 0.0 0.0
0.0 0.0 0.0
0.0 0.0 0.0
0.0 0.0 0.0
0.0 0.0 0.0
0.0 0.0 0.0
0.0 0.0 0.0
0.0 0.0 0.0
0.0 0.0 0.0
0.0 0.0 0.0
0.0 0.0 0.0
0.0 0.0 0.0
0.0 0.0 0.0
0.0 0.0 0.0
0.0 0.0 0.0
0.0 0.0 0.0
0.0 0.0 0.0
0.0 0.0 0.0
0.0 0.0 0.0
0.0 0.0 0.0
0.0 0.0 0.0
0.0 0.0 0.0
0.0 0.0 0.0
0.0 0.0 0.0
0.0 0.0 0.0
0.0 0.0 0.0
0.0 0.0 0.0
0.0 0.0 0.0
0.0 0.0 0.0
0.0 0.0 0.0
0.0 0.0 0.0
0.0 0.0 0.0
0.0 0.0 0.0
0.0 0.0 0.0
0.0 0.0 0.0
0.0 0.0 0.0
0.0 0.0 0.0
0.0 0.0 0.0
0.0 0.0 0.0
0.0 0.0 0.0
0.0 0.0 0.0
0.0 0.0 0.0
0.0 0.0 0.0
0.0 0.0 0.0
0.0 0.0 0.0
0.0 0.0 0.0
0.0 0.0 0.0
0.0 0.0 0.0
0.0 0.0 0.0
0.0 0.0 0.0
0.0 0.0 0.0
0.0 0.0 0.0
0.0 0.0 0.0
0.0 0.0 0.0
0.0 0.0 0.0
0.0 0.0 0.0
0.0 0.0 0.0
0.0 0.0 0.0
0.0 0.0 0.0
0.0 0.0 0.0
0.0 0.0 0.0
0.0 0.0 0.0
0.0 0.0 0.0
0.0 0.0 0.0
0.0 0.0 0.0
0.0 0.0 0.0
0.0 0.0 0.0
0.0 0.0 0.0
0.0 0.0 0.0
0.0 0.0 0.0
0.0 0.0 0.0
0.0 0.0 0.0
0.0 0.0 0.0
0.0 0.0 0.0
0.0 0.0 0.0
0.0 0.0 0.0
0.0 0.0 0.0
0.0 0.0 0.0
0.0 0.0 0.0
0.0 0.0 0.0
0.0 0.0 0.0
0.0 0.0 0.0
0.0 0.0 0.0
0.0 0.0 0.0
0.0 0.0 0.0
0.0 0.0 0.0
0.0 0.0 0.0
0.0 0.0 0.0
0.0 0.0 0.0
0.0 0.0 0.0
0.0 0.0 0.0
0.0 0.0 0.0
0.0 0.0 0.0
0.0 0.0 0.0
0.0 0.0 0.0
0.0 0.0 0.0
0.0 0.0 0.0
0.0 0.0 0.0
0.0 0.0 0.0
0.0 0.0 0.0
0.0 0.0 0.0
0.0 0.0 0.0
0.0 0.0 0.0
0.0 0.0 0.0
0.0 0.0 0.0
0.0 0.0 0.0
0.0 0.0 0.0
0.0 0.0 0.0
0.0 0.0 0.0
0.0 0.0 0.0
0.0 0.0 0.0
0.0 0.0 0.0
0.0 0.0 0.0
0.0 0.0 0.0
0.0 0.0 0.0
0.0 0.0 0.0
0.0 0.0 0.0
0.0 0.0 0.0
0.0 0.0 0.0
0.0 0.0 0.0
0.0 0.0 0.0
0.0 0.0 0.0
0.0 0.0 0.0
0.0 0.0 0.0
0.0 0.0 0.0
0.0 0.0 0.0
0.0 0.0 0.0
0.0 0.0 0.0
0.0 0.0 0.0
0.0 0.0 0.0
0.0 0.0 0.0
0.0 0.0 0.0
0.0 0.0 0.0
0.0 0.0 0.0
0.0 0.0 0.0
0.0 0.0 0.0
0.0 0.0 0.0
0.0 0.0 0.0
0.0 0.0 0.0
0.0 0.0 0.0
0.0 0.0 0.0
0.0 0.0 0.0
0.0 0.0 0.0
0.0 0.0 0.0
0.0 0.0 0.0
0.0 0.0 0.0
0.0 0.0 0.0
0.0 0.0 0.0
0.0 0.0 0.0
0.0 0.0 0.0
0.0 0.0 0.0
0.0 0.0 0.0
0.0 0.0 0.0
0.0 0.0 0.0
0.0 0.0 0.0
0.0 0.0 0.0
0.0 0.0 0.0
0.0 0.0 0.0
0.0 0.0 0.0
0.0 0.0 0.0
0.0 0.0 0.0
0.0 0.0 0.0
0.0 0.0 0.0
0.0 0.0 0.0
0.0 0.0 0.0
0.0 0.0 0.0
0.0 0.0 0.0
0.0 0.0 0.0
0.0 0.0 0.0
0.0 0.0 0.0
0.0 0.0 0.0
0.0 0.0 0.0
-16.422073364257812 28.609275817871094 -2.792271614074707
0.0 0.0 0.0
0.0 0.0 0.0
0.0 0.0 0.0
0.0 0.0 0.0
0.0 0.0 0.0
0.0 0.0 0.0
0.0 0.0 0.0
0.0 0.0 0.0
0.0 0.0 0.0
0.0 0.0 0.0
0.0 0.0 0.0
0.0 0.0 0.0
0.0 0.0 0.0
0.0 0.0 0.0
0.0 0.0 0.0
0.0 0.0 0.0
0.0 0.0 0.0
0.0 0.0 0.0
0.0 0.0 0.0
0.0 0.0 0.0
0.0 0.0 0.0
0.0 0.0 0.0
0.0 0.0 0.0
0.0 0.0 0.0
0.0 0.0 0.0
0.0 0.0 0.0
0.0 0.0 0.0
0.0 0.0 0.0
0.0 0.0 0.0
0.0 0.0 0.0
0.0 0.0 0.0
0.0 0.0 0.0
0.0 0.0 0.0
-7.1598219871521 24.570728302001953 -3.4505953788757324
0.0 0.0 0.0
0.0 0.0 0.0
-6.544892311096191 24.35363006591797 -3.482170343399048
-6.386957168579102 24.44368553161621 -3.5158908367156982
-6.147929668426514 24.21807098388672 -3.502070903778076
-5.942306041717529 24.122455596923828 -3.50661039352417
0.0 0.0 0.0
-5.617491245269775 24.252798080444336 -3.562239170074463
-5.428255081176758 24.201343536376953 -3.572418212890625
-5.209191799163818 24.005107879638672 -3.559077024459839
-5.040830612182617 24.049755096435547 -3.5817720890045166
-4.864447116851807 24.03959846496582 -3.5961718559265137
-4.719532489776611 24.187450408935547 -3.6344351768493652
-4.492661476135254 23.909400939941406 -3.6068038940429688
-4.32285213470459 23.92230987548828 -3.622194290161133
-4.163581848144531 24.010555267333984 -3.649416208267212
0.0 0.0 0.0
-3.7789220809936523 23.75200653076172 -3.6372451782226562
-3.611785650253296 23.767942428588867 -3.6506927013397217
-3.4425880908966064 23.767383575439453 -3.661756992340088
-3.2609269618988037 23.673812866210938 -3.658604860305786
-3.1053617000579834 23.789779663085938 -3.6882052421569824
-2.917531728744507 23.63258934020996 -3.673894166946411
0.0 0.0 0.0
-2.594125986099243 23.724979400634766 -3.705617904663086
-2.4138882160186768 23.594783782958984 -3.694159984588623
-2.2437005043029785 23.57875633239746 -3.7008492946624756
-2.097729444503784 23.800037384033203 -3.7421810626983643
-1.9242465496063232 23.716604232788086 -3.7352800369262695
-1.7564992904663086 23.689632415771484 -3.7374088764190674
-1.5856659412384033 23.611440658569336 -3.7316105365753174
-1.419054388999939 23.628543853759766 -3.7405829429626465
-1.2485706806182861 23.525325775146484 -3.7278871536254883
-1.0875877141952515 23.594322204589844 -3.7426536083221436
-0.922989547252655 23.59282112121582 -3.7464277744293213
-0.7597734928131104 23.624866485595703 -3.755709171295166
-0.5941587090492249 23.702381134033203 -3.770825147628784
-0.4277191758155823 23.624662399291992 -3.759714365005493
-0.2639807462692261 23.68850326538086 -3.7713143825531006
-0.09958437830209732 23.75506019592285 -3.783535957336426
0.06553462147712708 23.681602478027344 -3.7736401557922363
0.23026584088802338 23.67298126220703 -3.771622896194458
0.3986859917640686 23.728837966918945 -3.7794487476348877
0.5645390748977661 23.764278411865234 -3.784221649169922
0.7255308628082275 23.617324829101562 -3.7601351737976074
0.8935922384262085 23.71608543395996 -3.774888038635254
1.064184308052063 23.83721160888672 -3.790518283843994
1.2316604852676392 23.806713104248047 -3.7821455001831055
1.3972071409225464 23.79830551147461 -3.7775309085845947
1.5710419416427612 23.915790557861328 -3.7930660247802734
1.7372212409973145 23.905263900756836 -3.7869436740875244
1.9100117683410645 23.974605560302734 -3.7918994426727295
2.0737740993499756 23.892539978027344 -3.7729873657226562
2.2443745136260986 23.924863815307617 -3.772433042526245
2.4244301319122314 24.044286727905273 -3.785752296447754
2.59468412399292 24.055307388305664 -3.7796387672424316
2.766441583633423 24.07672882080078 -3.774724245071411
2.9602668285369873 24.249855041503906 -3.7935574054718018
3.1079235076904297 24.06574058532715 -3.7568132877349854
3.3002870082855225 24.228933334350586 -3.7739686965942383
3.482571840286255 24.303123474121094 -3.774629831314087
3.651888132095337 24.280466079711914 -3.7603769302368164
3.8442931175231934 24.40542221069336 -3.7691149711608887
4.0346856117248535 24.48651695251465 -3.7709708213806152
4.23079252243042 24.60870361328125 -3.7778165340423584
4.415380477905273 24.653493881225586 -3.7714080810546875
4.5592522621154785 24.472806930541992 -3.7307169437408447
4.785762786865234 24.731311798095703 -3.7571046352386475
4.989645004272461 24.839548110961914 -3.7603840827941895
5.159549236297607 24.792078018188477 -3.7379047870635986
5.373286724090576 24.947418212890625 -3.7458443641662598
5.566756725311279 24.999135971069336 -3.738236665725708
5.777469635009766 25.12099266052246 -3.7411677837371826
5.940597057342529 25.01865577697754 -3.709564208984375
6.185898303985596 25.269254684448242 -3.7287399768829346
6.410393714904785 25.420196533203125 -3.733051300048828
6.636521339416504 25.56546401977539 -3.736424684524536
0.0 0.0 0.0
7.047422409057617 25.663331985473633 -3.7125415802001953
7.255149841308594 25.717849731445312 -3.699990749359131
0.0 0.0 0.0
7.676496982574463 25.829227447509766 -3.67523455619812
7.888392448425293 25.882627487182617 -3.6617980003356934
0.0 0.0 0.0
8.37651538848877 26.160526275634766 -3.6547117233276367
8.601948738098145 26.234209060668945 -3.642073154449463
8.917545318603516 26.57040023803711 -3.665602684020996
9.100844383239746 26.50456428527832 -3.6313462257385254
0.0 0.0 0.0
9.585054397583008 26.688703536987305 -3.6049580574035645
9.91626262664795 27.018325805664062 -3.623671293258667
10.110727310180664 26.96747398376465 -3.590045928955078
10.442427635192871 27.27367401123047 -3.602637529373169
10.825689315795898 27.69571876525879 -3.6297855377197266
0.0 0.0 0.0
11.249985694885254 27.632471084594727 -3.563584327697754
11.59499454498291 27.923606872558594 -3.5700600147247314
11.903970718383789 28.114784240722656 -3.563192129135132
0.0 0.0 0.0
12.420528411865234 28.227733612060547 -3.514104127883911
0.0 0.0 0.0
0.0 0.0 0.0
13.442000389099121 28.89828872680664 -3.4936254024505615
13.796180725097656 29.127914428710938 -3.486358880996704
14.187566757202148 29.415925979614258 -3.4825429916381836
14.465973854064941 29.467693328857422 -3.4505488872528076
14.872742652893066 29.7706241607666 -3.447388172149658
0.0 0.0 0.0
0.0 0.0 0.0
0.0 0.0 0.0
16.222806930541992 30.321428298950195 -3.344853639602661
16.785226821899414 30.854595184326172 -3.3604166507720947
0.0 0.0 0.0
0.0 0.0 0.0
0.0 0.0 0.0
0.0 0.0 0.0
0.0 0.0 0.0
0.0 0.0 0.0
0.0 0.0 0.0
0.0 0.0 0.0
0.0 0.0 0.0
0.0 0.0 0.0
22.45272445678711 34.6565055847168 -3.1506094932556152
0.0 0.0 0.0
0.0 0.0 0.0
0.0 0.0 0.0
0.0 0.0 0.0
0.0 0.0 0.0
0.0 0.0 0.0
0.0 0.0 0.0
0.0 0.0 0.0
0.0 0.0 0.0
0.0 0.0 0.0
0.0 0.0 0.0
0.0 0.0 0.0
0.0 0.0 0.0
0.0 0.0 0.0
0.0 0.0 0.0
0.0 0.0 0.0
0.0 0.0 0.0
0.0 0.0 0.0
0.0 0.0 0.0
0.0 0.0 0.0
0.0 0.0 0.0
0.0 0.0 0.0
0.0 0.0 0.0
0.0 0.0 0.0
0.0 0.0 0.0
0.0 0.0 0.0
0.0 0.0 0.0
0.0 0.0 0.0
0.0 0.0 0.0
0.0 0.0 0.0
0.0 0.0 0.0
0.0 0.0 0.0
0.0 0.0 0.0
0.0 0.0 0.0
0.0 0.0 0.0
0.0 0.0 0.0
0.0 0.0 0.0
0.0 0.0 0.0
0.0 0.0 0.0
0.0 0.0 0.0
0.0 0.0 0.0
0.0 0.0 0.0
0.0 0.0 0.0
0.0 0.0 0.0
0.0 0.0 0.0
0.0 0.0 0.0
0.0 0.0 0.0
0.0 0.0 0.0
0.0 0.0 0.0
0.0 0.0 0.0
0.0 0.0 0.0
0.0 0.0 0.0
0.0 0.0 0.0
0.0 0.0 0.0
0.0 0.0 0.0
0.0 0.0 0.0
0.0 0.0 0.0
0.0 0.0 0.0
0.0 0.0 0.0
0.0 0.0 0.0
0.0 0.0 0.0
0.0 0.0 0.0
0.0 0.0 0.0
0.0 0.0 0.0
0.0 0.0 0.0
0.0 0.0 0.0
0.0 0.0 0.0
0.0 0.0 0.0
0.0 0.0 0.0
0.0 0.0 0.0
0.0 0.0 0.0
0.0 0.0 0.0
0.0 0.0 0.0
0.0 0.0 0.0
0.0 0.0 0.0
0.0 0.0 0.0
0.0 0.0 0.0
0.0 0.0 0.0
0.0 0.0 0.0
0.0 0.0 0.0
0.0 0.0 0.0
0.0 0.0 0.0
0.0 0.0 0.0
0.0 0.0 0.0
0.0 0.0 0.0
0.0 0.0 0.0
0.0 0.0 0.0
0.0 0.0 0.0
0.0 0.0 0.0
0.0 0.0 0.0
0.0 0.0 0.0
0.0 0.0 0.0
0.0 0.0 0.0
0.0 0.0 0.0
0.0 0.0 0.0
0.0 0.0 0.0
0.0 0.0 0.0
0.0 0.0 0.0
0.0 0.0 0.0
0.0 0.0 0.0
0.0 0.0 0.0
0.0 0.0 0.0
0.0 0.0 0.0
0.0 0.0 0.0
0.0 0.0 0.0
0.0 0.0 0.0
0.0 0.0 0.0
0.0 0.0 0.0
0.0 0.0 0.0
0.0 0.0 0.0
0.0 0.0 0.0
0.0 0.0 0.0
0.0 0.0 0.0
0.0 0.0 0.0
0.0 0.0 0.0
0.0 0.0 0.0
0.0 0.0 0.0
0.0 0.0 0.0
0.0 0.0 0.0
0.0 0.0 0.0
0.0 0.0 0.0
0.0 0.0 0.0
0.0 0.0 0.0
0.0 0.0 0.0
0.0 0.0 0.0
0.0 0.0 0.0
0.0 0.0 0.0
0.0 0.0 0.0
0.0 0.0 0.0
0.0 0.0 0.0
0.0 0.0 0.0
0.0 0.0 0.0
0.0 0.0 0.0
0.0 0.0 0.0
0.0 0.0 0.0
0.0 0.0 0.0
0.0 0.0 0.0
0.0 0.0 0.0
0.0 0.0 0.0
0.0 0.0 0.0
0.0 0.0 0.0
0.0 0.0 0.0
0.0 0.0 0.0
0.0 0.0 0.0
0.0 0.0 0.0
0.0 0.0 0.0
0.0 0.0 0.0
0.0 0.0 0.0
0.0 0.0 0.0
0.0 0.0 0.0
0.0 0.0 0.0
0.0 0.0 0.0
0.0 0.0 0.0
0.0 0.0 0.0
0.0 0.0 0.0
0.0 0.0 0.0
0.0 0.0 0.0
0.0 0.0 0.0
0.0 0.0 0.0
0.0 0.0 0.0
0.0 0.0 0.0
0.0 0.0 0.0
0.0 0.0 0.0
0.0 0.0 0.0
0.0 0.0 0.0
0.0 0.0 0.0
0.0 0.0 0.0
0.0 0.0 0.0
0.0 0.0 0.0
0.0 0.0 0.0
0.0 0.0 0.0
0.0 0.0 0.0
0.0 0.0 0.0
0.0 0.0 0.0
0.0 0.0 0.0
0.0 0.0 0.0
0.0 0.0 0.0
0.0 0.0 0.0
0.0 0.0 0.0
0.0 0.0 0.0
0.0 0.0 0.0
0.0 0.0 0.0
0.0 0.0 0.0
0.0 0.0 0.0
0.0 0.0 0.0
0.0 0.0 0.0
0.0 0.0 0.0
0.0 0.0 0.0
0.0 0.0 0.0
0.0 0.0 0.0
0.0 0.0 0.0
0.0 0.0 0.0
0.0 0.0 0.0
0.0 0.0 0.0
0.0 0.0 0.0
0.0 0.0 0.0
0.0 0.0 0.0
0.0 0.0 0.0
0.0 0.0 0.0
0.0 0.0 0.0
0.0 0.0 0.0
0.0 0.0 0.0
0.0 0.0 0.0
0.0 0.0 0.0
0.0 0.0 0.0
0.0 0.0 0.0
0.0 0.0 0.0
0.0 0.0 0.0
0.0 0.0 0.0
0.0 0.0 0.0
0.0 0.0 0.0
0.0 0.0 0.0
0.0 0.0 0.0
0.0 0.0 0.0
0.0 0.0 0.0
0.0 0.0 0.0
0.0 0.0 0.0
0.0 0.0 0.0
0.0 0.0 0.0
0.0 0.0 0.0
0.0 0.0 0.0
0.0 0.0 0.0
0.0 0.0 0.0
0.0 0.0 0.0
0.0 0.0 0.0
0.0 0.0 0.0
0.0 0.0 0.0
0.0 0.0 0.0
0.0 0.0 0.0
0.0 0.0 0.0
0.0 0.0 0.0
0.0 0.0 0.0
0.0 0.0 0.0
0.0 0.0 0.0
0.0 0.0 0.0
-7.905310153961182 24.851558685302734 -3.35056734085083
0.0 0.0 0.0
0.0 0.0 0.0
0.0 0.0 0.0
-7.104299068450928 24.705963134765625 -3.4198873043060303
-6.927980422973633 24.74012565612793 -3.4456939697265625
0.0 0.0 0.0
0.0 0.0 0.0
-6.287318229675293 24.416397094726562 -3.4600439071655273
0.0 0.0 0.0
-5.929047107696533 24.427297592163086 -3.498917818069458
-5.737837791442871 24.3780460357666 -3.51065731048584
-5.5168304443359375 24.207679748535156 -3.5027565956115723
-5.374237537384033 24.36337661743164 -3.541750192642212
0.0 0.0 0.0
0.0 0.0 0.0
-4.793221950531006 24.112518310546875 -3.5537760257720947
-4.630314826965332 24.188800811767578 -3.5792276859283447
-4.46529483795166 24.240657806396484 -3.6010406017303467
-4.2568559646606445 24.047779083251953 -3.5865395069122314
-4.102250576019287 24.154224395751953 -3.6167900562286377
-3.8932361602783203 23.931983947753906 -3.595444917678833
-3.7200448513031006 23.933744430541992 -3.6073601245880127
-3.555405616760254 23.972097396850586 -3.624776601791382
-3.3828494548797607 23.95575714111328 -3.6340878009796143
-3.21795392036438 23.991836547851562 -3.651010513305664
-3.05268931388855 24.027149200439453 -3.6654891967773438
-2.8677639961242676 23.900266647338867 -3.655351400375366
-2.692436933517456 23.86436653137207 -3.65938401222229
-2.5200695991516113 23.823091506958008 -3.6625733375549316
-2.3468172550201416 23.76545524597168 -3.6617937088012695
-2.173914909362793 23.699098587036133 -3.658271551132202
-2.0191285610198975 23.83539581298828 -3.686229705810547
-1.842787504196167 23.751466751098633 -3.6804327964782715
-1.6810402870178223 23.816255569458008 -3.6977322101593018
-1.5035676956176758 23.641468048095703 -3.6753957271575928
-1.3436061143875122 23.73137092590332 -3.693880319595337
-1.1828484535217285 23.82788848876953 -3.713606595993042
-1.010987639427185 23.76146125793457 -3.7082064151763916
-0.8464338183403015 23.79022216796875 -3.7172155380249023
-0.680814266204834 23.798986434936523 -3.720444440841675
-0.516394317150116 23.85675811767578 -3.7315170764923096
-0.35126006603240967 23.9172420501709 -3.7432055473327637
-0.1809273511171341 23.78750228881836 -3.725339651107788
-0.015380192548036575 23.726259231567383 -3.7168052196502686
0.1509358435869217 23.9188289642334 -3.7465004920959473
0.3175756335258484 23.932720184326172 -3.7483856678009033
0.485390305519104 24.003328323364258 -3.7593348026275635
0.6510429978370667 23.949302673339844 -3.750945568084717
0.0 0.0 0.0
0.9867343902587891 23.931135177612305 -3.7431044578552246
1.1585370302200317 24.036060333251953 -3.756925582885742
1.3239796161651611 23.997163772583008 -3.7484397888183594
1.504958987236023 24.215269088745117 -3.780017137527466
1.670127511024475 24.116539001464844 -3.7592196464538574
1.8567583560943604 24.35172462463379 -3.790710210800171
2.0089540481567383 24.13155174255371 -3.7514922618865967
2.1826157569885254 24.18342399597168 -3.754782199859619
2.349104166030884 24.149682998657227 -3.743706703186035
0.0 0.0 0.0
2.7017879486083984 24.24020004272461 -3.7426159381866455
2.880047082901001 24.302865982055664 -3.745035409927368
3.0569040775299072 24.345069885253906 -3.744441032409668
3.235964298248291 24.3978214263916 -3.7433407306671143
3.424804449081421 24.491073608398438 -3.747544288635254
3.590430498123169 24.43422508239746 -3.7290918827056885
3.795224189758301 24.635879516601562 -3.7502098083496094
3.955181360244751 24.538421630859375 -3.725672483444214
4.154389381408691 24.680326461791992 -3.7349212169647217
4.3248443603515625 24.6456356048584 -3.7175607681274414
4.535922050476074 24.814449310302734 -3.7307491302490234
4.729586124420166 24.89480972290039 -3.7309091091156006
4.934431076049805 25.02315330505371 -3.736937999725342
5.094099521636963 24.919082641601562 -3.7067697048187256
5.323205947875977 25.146753311157227 -3.7260029315948486
5.491571426391602 25.06598472595215 -3.6993582248687744
5.712590217590332 25.233558654785156 -3.7096915245056152
5.915754795074463 25.31306266784668 -3.704789638519287
6.17237663269043 25.605241775512695 -3.730492115020752
6.35502290725708 25.57978057861328 -3.709869623184204
6.536833763122559 25.53728675842285 -3.686662197113037
6.797560214996338 25.808761596679688 -3.7082252502441406
7.003176689147949 25.85767364501953 -3.6957180500030518
7.237614631652832 26.005695343017578 -3.6973624229431152
7.419140815734863 25.95819664001465 -3.671243667602539
0.0 0.0 0.0
7.936453819274902 26.36284828186035 -3.6869757175445557
0.0 0.0 0.0
8.329876899719238 26.334680557250977 -3.6390295028686523
8.606254577636719 26.56340789794922 -3.6485769748687744
8.847967147827148 26.675865173339844 -3.641211748123169
9.172718048095703 27.01272201538086 -3.6620287895202637
9.354382514953613 26.930179595947266 -3.6262564659118652
9.58960247039795 26.99983024597168 -3.611084461212158
9.842321395874023 27.11115837097168 -3.601358413696289
10.166651725769043 27.409765243530273 -3.6139538288116455
10.37714958190918 27.381202697753906 -3.5825247764587402
10.601001739501953 27.395681381225586 -3.557283639907837
0.0 0.0 0.0
11.220293998718262 27.840377807617188 -3.5585782527923584
11.54090404510498 28.070907592773438 -3.5580010414123535
11.77859878540039 28.08232879638672 -3.528895378112793
12.112648963928223 28.325136184692383 -3.529144048690796
12.3991060256958 28.44753074645996 -3.5131514072418213
0.0 0.0 0.0
0.0 0.0 0.0
0.0 0.0 0.0
0.0 0.0 0.0
0.0 0.0 0.0
0.0 0.0 0.0
14.822102546691895 29.931941986083984 -3.445965528488159
0.0 0.0 0.0
0.0 0.0 0.0
0.0 0.0 0.0
16.298477172851562 30.72258758544922 -3.374026298522949
0.0 0.0 0.0
0.0 0.0 0.0
0.0 0.0 0.0
0.0 0.0 0.0
0.0 0.0 0.0
0.0 0.0 0.0
0.0 0.0 0.0
0.0 0.0 0.0
0.0 0.0 0.0
0.0 0.0 0.0
0.0 0.0 0.0
0.0 0.0 0.0
0.0 0.0 0.0
0.0 0.0 0.0
24.002628326416016 35.66963577270508 -3.048891067504883
0.0 0.0 0.0
0.0 0.0 0.0
0.0 0.0 0.0
0.0 0.0 0.0
0.0 0.0 0.0
0.0 0.0 0.0
0.0 0.0 0.0
0.0 0.0 0.0
0.0 0.0 0.0
0.0 0.0 0.0
0.0 0.0 0.0
0.0 0.0 0.0
0.0 0.0 0.0
0.0 0.0 0.0
0.0 0.0 0.0
0.0 0.0 0.0
0.0 0.0 0.0
0.0 0.0 0.0
0.0 0.0 0.0
0.0 0.0 0.0
0.0 0.0 0.0
0.0 0.0 0.0
0.0 0.0 0.0
0.0 0.0 0.0
0.0 0.0 0.0
0.0 0.0 0.0
0.0 0.0 0.0
0.0 0.0 0.0
0.0 0.0 0.0
0.0 0.0 0.0
0.0 0.0 0.0
0.0 0.0 0.0
0.0 0.0 0.0
0.0 0.0 0.0
0.0 0.0 0.0
0.0 0.0 0.0
0.0 0.0 0.0
0.0 0.0 0.0
0.0 0.0 0.0
0.0 0.0 0.0
0.0 0.0 0.0
0.0 0.0 0.0
0.0 0.0 0.0
0.0 0.0 0.0
0.0 0.0 0.0
0.0 0.0 0.0
0.0 0.0 0.0
0.0 0.0 0.0
0.0 0.0 0.0
0.0 0.0 0.0
0.0 0.0 0.0
0.0 0.0 0.0
0.0 0.0 0.0
0.0 0.0 0.0
0.0 0.0 0.0
0.0 0.0 0.0
0.0 0.0 0.0
0.0 0.0 0.0
0.0 0.0 0.0
0.0 0.0 0.0
0.0 0.0 0.0
0.0 0.0 0.0
0.0 0.0 0.0
0.0 0.0 0.0
0.0 0.0 0.0
0.0 0.0 0.0
0.0 0.0 0.0
0.0 0.0 0.0
0.0 0.0 0.0
0.0 0.0 0.0
0.0 0.0 0.0
0.0 0.0 0.0
0.0 0.0 0.0
0.0 0.0 0.0
0.0 0.0 0.0
0.0 0.0 0.0
0.0 0.0 0.0
0.0 0.0 0.0
0.0 0.0 0.0
0.0 0.0 0.0
0.0 0.0 0.0
0.0 0.0 0.0
0.0 0.0 0.0
0.0 0.0 0.0
0.0 0.0 0.0
0.0 0.0 0.0
0.0 0.0 0.0
0.0 0.0 0.0
0.0 0.0 0.0
0.0 0.0 0.0
0.0 0.0 0.0
0.0 0.0 0.0
0.0 0.0 0.0
0.0 0.0 0.0
0.0 0.0 0.0
0.0 0.0 0.0
0.0 0.0 0.0
0.0 0.0 0.0
0.0 0.0 0.0
0.0 0.0 0.0
0.0 0.0 0.0
0.0 0.0 0.0
0.0 0.0 0.0
0.0 0.0 0.0
0.0 0.0 0.0
0.0 0.0 0.0
0.0 0.0 0.0
0.0 0.0 0.0
0.0 0.0 0.0
0.0 0.0 0.0
0.0 0.0 0.0
0.0 0.0 0.0
0.0 0.0 0.0
0.0 0.0 0.0
0.0 0.0 0.0
0.0 0.0 0.0
0.0 0.0 0.0
0.0 0.0 0.0
0.0 0.0 0.0
0.0 0.0 0.0
0.0 0.0 0.0
0.0 0.0 0.0
0.0 0.0 0.0
0.0 0.0 0.0
0.0 0.0 0.0
0.0 0.0 0.0
0.0 0.0 0.0
0.0 0.0 0.0
0.0 0.0 0.0
0.0 0.0 0.0
0.0 0.0 0.0
0.0 0.0 0.0
0.0 0.0 0.0
0.0 0.0 0.0
0.0 0.0 0.0
0.0 0.0 0.0
0.0 0.0 0.0
0.0 0.0 0.0
0.0 0.0 0.0
0.0 0.0 0.0
0.0 0.0 0.0
0.0 0.0 0.0
0.0 0.0 0.0
0.0 0.0 0.0
0.0 0.0 0.0
0.0 0.0 0.0
0.0 0.0 0.0
0.0 0.0 0.0
0.0 0.0 0.0
0.0 0.0 0.0
0.0 0.0 0.0
0.0 0.0 0.0
0.0 0.0 0.0
0.0 0.0 0.0
0.0 0.0 0.0
0.0 0.0 0.0
0.0 0.0 0.0
0.0 0.0 0.0
0.0 0.0 0.0
0.0 0.0 0.0
0.0 0.0 0.0
0.0 0.0 0.0
0.0 0.0 0.0
0.0 0.0 0.0
0.0 0.0 0.0
0.0 0.0 0.0
0.0 0.0 0.0
0.0 0.0 0.0
0.0 0.0 0.0
0.0 0.0 0.0
0.0 0.0 0.0
0.0 0.0 0.0
0.0 0.0 0.0
0.0 0.0 0.0
0.0 0.0 0.0
0.0 0.0 0.0
0.0 0.0 0.0
0.0 0.0 0.0
0.0 0.0 0.0
0.0 0.0 0.0
0.0 0.0 0.0
0.0 0.0 0.0
0.0 0.0 0.0
0.0 0.0 0.0
0.0 0.0 0.0
0.0 0.0 0.0
0.0 0.0 0.0
0.0 0.0 0.0
0.0 0.0 0.0
0.0 0.0 0.0
0.0 0.0 0.0
0.0 0.0 0.0
0.0 0.0 0.0
0.0 0.0 0.0
0.0 0.0 0.0
0.0 0.0 0.0
0.0 0.0 0.0
0.0 0.0 0.0
0.0 0.0 0.0
0.0 0.0 0.0
-16.908559799194336 28.988271713256836 -2.704235792160034
0.0 0.0 0.0
0.0 0.0 0.0
0.0 0.0 0.0
0.0 0.0 0.0
0.0 0.0 0.0
0.0 0.0 0.0
0.0 0.0 0.0
0.0 0.0 0.0
0.0 0.0 0.0
0.0 0.0 0.0
0.0 0.0 0.0
0.0 0.0 0.0
0.0 0.0 0.0
0.0 0.0 0.0
0.0 0.0 0.0
0.0 0.0 0.0
0.0 0.0 0.0
-11.118425369262695 26.1303653717041 -3.102296829223633
0.0 0.0 0.0
0.0 0.0 0.0
-10.43908405303955 26.039987564086914 -3.181898832321167
0.0 0.0 0.0
0.0 0.0 0.0
0.0 0.0 0.0
0.0 0.0 0.0
0.0 0.0 0.0
0.0 0.0 0.0
0.0 0.0 0.0
0.0 0.0 0.0
-8.336480140686035 25.294677734375 -3.3256049156188965
-8.128124237060547 25.252498626708984 -3.34375262260437
0.0 0.0 0.0
-7.718754291534424 25.178192138671875 -3.3798608779907227
0.0 0.0 0.0
0.0 0.0 0.0
0.0 0.0 0.0
0.0 0.0 0.0
-6.642873764038086 24.71953582763672 -3.421549081802368
-6.469640731811523 24.762006759643555 -3.446312427520752
-6.250613689422607 24.623106002807617 -3.445842742919922
0.0 0.0 0.0
-5.846545696258545 24.468826293945312 -3.4607341289520264
-5.682635307312012 24.536113739013672 -3.486696720123291
-5.48335075378418 24.44750213623047 -3.4906105995178223
-5.291318416595459 24.383785247802734 -3.498098134994507
-5.076601028442383 24.220806121826172 -3.4914374351501465
-4.934800624847412 24.389463424682617 -3.5298802852630615
0.0 0.0 0.0
-4.578861236572266 24.3707218170166 -3.555781841278076
0.0 0.0 0.0
-4.176914691925049 24.09229278564453 -3.5429160594940186
0.0 0.0 0.0
-3.8280177116394043 24.063405990600586 -3.5622167587280273
-3.6799094676971436 24.217117309570312 -3.5970523357391357
-3.498265504837036 24.15189552307129 -3.5995633602142334
-3.2986533641815186 23.947877883911133 -3.579028844833374
-3.1447036266326904 24.091367721557617 -3.610163688659668
-2.9624955654144287 23.995779037475586 -3.605484962463379
-2.79536771774292 24.013938903808594 -3.6180148124694824
-2.6307859420776367 24.05790138244629 -3.634183168411255
-2.454009771347046 23.98582649230957 -3.6303696632385254
-2.279287099838257 23.95115089416504 -3.6324727535247803
-2.1150386333465576 23.995790481567383 -3.6466572284698486
-1.9489130973815918 24.02003288269043 -3.657923460006714
-1.7735131978988647 23.923967361450195 -3.6495108604431152
-1.616278886795044 24.073474884033203 -3.6770126819610596
-1.4394928216934204 23.979259490966797 -3.6675591468811035
-1.2721734046936035 23.98001480102539 -3.672701835632324
-1.1070456504821777 24.025890350341797 -3.684939384460449
-0.9413534998893738 24.07097625732422 -3.6948862075805664
-0.7706406712532043 23.972230911254883 -3.682238817214966
-0.6004392504692078 23.953399658203125 -3.6820807456970215
-0.4346207082271576 24.006668090820312 -3.6931440830230713
-0.26888343691825867 24.112865447998047 -3.7123026847839355
-0.10102000832557678 24.079391479492188 -3.7070388793945312
0.06670577824115753 24.168296813964844 -3.720794439315796
0.23566336929798126 24.25602912902832 -3.734551429748535
0.4046935439109802 24.095468521118164 -3.710268259048462
0.57206791639328 24.084516525268555 -3.7080092430114746
0.7436579465866089 24.215496063232422 -3.7257285118103027
0.9116270542144775 24.19477653503418 -3.7202727794647217
1.0824172496795654 24.246183395385742 -3.7260870933532715
1.2515708208084106 24.188261032104492 -3.715244770050049
1.4245319366455078 24.260700225830078 -3.722567081451416
1.597672700881958 24.31663703918457 -3.7264647483825684
1.7691411972045898 24.336681365966797 -3.725023031234741
1.9407663345336914 24.355531692504883 -3.7235727310180664
2.1162703037261963 24.376758575439453 -3.7225773334503174
2.2983620166778564 24.49741554260254 -3.7340266704559326
2.4680843353271484 24.474538803100586 -3.7236404418945312
2.637599229812622 24.45047950744629 -3.713259696960449
2.8143956661224365 24.4904842376709 -3.7127742767333984
3.003140449523926 24.598033905029297 -3.7217020988464355
3.161987066268921 24.482585906982422 -3.6950345039367676
3.3814303874969482 24.821651458740234 -3.737046480178833
3.5440070629119873 24.726659774780273 -3.713773012161255
3.7040719985961914 24.62298011779785 -3.6894402503967285
3.9066922664642334 24.79720115661621 -3.7050278186798096
4.09682035446167 24.858928680419922 -3.702422857284546
4.273394584655762 24.851097106933594 -3.6897783279418945
4.481887340545654 25.020864486694336 -3.703597068786621
4.694366455078125 25.19655418395996 -3.718289375305176
4.857542514801025 25.101375579833984 -3.6904001235961914
5.077425956726074 25.277530670166016 -3.7021474838256836
5.258563995361328 25.266897201538086 -3.686816453933716
5.4601569175720215 25.34947395324707 -3.685190200805664
5.658481121063232 25.41183090209961 -3.6797564029693604
5.839413642883301 25.389862060546875 -3.660357713699341
6.04192590713501 25.445011138916016 -3.651928424835205
6.290287494659424 25.694686889648438 -3.67163348197937
6.469559192657471 25.65325927734375 -3.6497385501861572
0.0 0.0 0.0
6.90422248840332 25.855192184448242 -3.641791343688965
7.148567199707031 26.029191970825195 -3.6473495960235596
7.415733337402344 26.283842086791992 -3.664332151412964
7.588247299194336 26.19785499572754 -3.6332552433013916
7.858569145202637 26.44120979309082 -3.645873546600342
0.0 0.0 0.0
8.279617309570312 26.49070930480957 -3.610293388366699
0.0 0.0 0.0
8.788286209106445 26.803611755371094 -3.608854055404663
9.030163764953613 26.907215118408203 -3.5992047786712646
9.317752838134766 27.137121200561523 -3.606257200241089
9.534710884094238 27.152164459228516 -3.584587335586548
9.804993629455566 27.303279876708984 -3.579564332962036
10.109944343566895 27.54771614074707 -3.58520770072937
10.331661224365234 27.55687141418457 -3.5600361824035645
10.524863243103027 27.488187789916992 -3.524911642074585
10.844661712646484 27.7432861328125 -3.5311522483825684
0.0 0.0 0.0
11.443802833557129 28.10708236694336 -3.518742799758911
11.886550903320312 28.622188568115234 -3.5535686016082764
12.01749324798584 28.3785343170166 -3.4939537048339844
0.0 0.0 0.0
0.0 0.0 0.0
0.0 0.0 0.0
0.0 0.0 0.0
13.650510787963867 29.339813232421875 -3.447260856628418
13.921043395996094 29.38552474975586 -3.417459487915039
14.269233703613281 29.57761573791504 -3.4036953449249268
14.699235916137695 29.935474395751953 -3.4089303016662598
0.0 0.0 0.0
0.0 0.0 0.0
15.765637397766113 30.48540496826172 -3.355132579803467
16.169591903686523 30.740751266479492 -3.3434786796569824
0.0 0.0 0.0
0.0 0.0 0.0
0.0 0.0 0.0
0.0 0.0 0.0
0.0 0.0 0.0
18.973905563354492 32.67020797729492 -3.2737128734588623
0.0 0.0 0.0
0.0 0.0 0.0
0.0 0.0 0.0
0.0 0.0 0.0
0.0 0.0 0.0
0.0 0.0 0.0
0.0 0.0 0.0
0.0 0.0 0.0
0.0 0.0 0.0
0.0 0.0 0.0
0.0 0.0 0.0
0.0 0.0 0.0
0.0 0.0 0.0
0.0 0.0 0.0
0.0 0.0 0.0
0.0 0.0 0.0
0.0 0.0 0.0
0.0 0.0 0.0
0.0 0.0 0.0
0.0 0.0 0.0
0.0 0.0 0.0
0.0 0.0 0.0
0.0 0.0 0.0
0.0 0.0 0.0
0.0 0.0 0.0
0.0 0.0 0.0
0.0 0.0 0.0
0.0 0.0 0.0
0.0 0.0 0.0
0.0 0.0 0.0
0.0 0.0 0.0
0.0 0.0 0.0
0.0 0.0 0.0
0.0 0.0 0.0
0.0 0.0 0.0
0.0 0.0 0.0
0.0 0.0 0.0
0.0 0.0 0.0
0.0 0.0 0.0
0.0 0.0 0.0
0.0 0.0 0.0
0.0 0.0 0.0
0.0 0.0 0.0
0.0 0.0 0.0
0.0 0.0 0.0
0.0 0.0 0.0
0.0 0.0 0.0
0.0 0.0 0.0
0.0 0.0 0.0
0.0 0.0 0.0
0.0 0.0 0.0
0.0 0.0 0.0
0.0 0.0 0.0
0.0 0.0 0.0
0.0 0.0 0.0
0.0 0.0 0.0
0.0 0.0 0.0
0.0 0.0 0.0
0.0 0.0 0.0
0.0 0.0 0.0
0.0 0.0 0.0
0.0 0.0 0.0
0.0 0.0 0.0
0.0 0.0 0.0
0.0 0.0 0.0
0.0 0.0 0.0
0.0 0.0 0.0
0.0 0.0 0.0
0.0 0.0 0.0
0.0 0.0 0.0
0.0 0.0 0.0
0.0 0.0 0.0
0.0 0.0 0.0
0.0 0.0 0.0
0.0 0.0 0.0
0.0 0.0 0.0
0.0 0.0 0.0
0.0 0.0 0.0
0.0 0.0 0.0
0.0 0.0 0.0
0.0 0.0 0.0
0.0 0.0 0.0
0.0 0.0 0.0
0.0 0.0 0.0
0.0 0.0 0.0
0.0 0.0 0.0
0.0 0.0 0.0
0.0 0.0 0.0
0.0 0.0 0.0
0.0 0.0 0.0
0.0 0.0 0.0
0.0 0.0 0.0
0.0 0.0 0.0
0.0 0.0 0.0
0.0 0.0 0.0
0.0 0.0 0.0
0.0 0.0 0.0
0.0 0.0 0.0
0.0 0.0 0.0
0.0 0.0 0.0
0.0 0.0 0.0
0.0 0.0 0.0
0.0 0.0 0.0
0.0 0.0 0.0
0.0 0.0 0.0
0.0 0.0 0.0
0.0 0.0 0.0
0.0 0.0 0.0
0.0 0.0 0.0
0.0 0.0 0.0
0.0 0.0 0.0
0.0 0.0 0.0
0.0 0.0 0.0
0.0 0.0 0.0
0.0 0.0 0.0
0.0 0.0 0.0
0.0 0.0 0.0
0.0 0.0 0.0
0.0 0.0 0.0
0.0 0.0 0.0
0.0 0.0 0.0
0.0 0.0 0.0
0.0 0.0 0.0
0.0 0.0 0.0
0.0 0.0 0.0
0.0 0.0 0.0
0.0 0.0 0.0
0.0 0.0 0.0
0.0 0.0 0.0
0.0 0.0 0.0
0.0 0.0 0.0
0.0 0.0 0.0
0.0 0.0 0.0
0.0 0.0 0.0
0.0 0.0 0.0
0.0 0.0 0.0
0.0 0.0 0.0
0.0 0.0 0.0
0.0 0.0 0.0
0.0 0.0 0.0
0.0 0.0 0.0
0.0 0.0 0.0
0.0 0.0 0.0
0.0 0.0 0.0
0.0 0.0 0.0
0.0 0.0 0.0
0.0 0.0 0.0
0.0 0.0 0.0
0.0 0.0 0.0
0.0 0.0 0.0
0.0 0.0 0.0
0.0 0.0 0.0
0.0 0.0 0.0
0.0 0.0 0.0
0.0 0.0 0.0
0.0 0.0 0.0
0.0 0.0 0.0
0.0 0.0 0.0
0.0 0.0 0.0
0.0 0.0 0.0
0.0 0.0 0.0
0.0 0.0 0.0
0.0 0.0 0.0
0.0 0.0 0.0
0.0 0.0 0.0
0.0 0.0 0.0
0.0 0.0 0.0
0.0 0.0 0.0
0.0 0.0 0.0
0.0 0.0 0.0
0.0 0.0 0.0
0.0 0.0 0.0
0.0 0.0 0.0
0.0 0.0 0.0
0.0 0.0 0.0
0.0 0.0 0.0
0.0 0.0 0.0
0.0 0.0 0.0
0.0 0.0 0.0
0.0 0.0 0.0
0.0 0.0 0.0
0.0 0.0 0.0
0.0 0.0 0.0
0.0 0.0 0.0
0.0 0.0 0.0
0.0 0.0 0.0
0.0 0.0 0.0
0.0 0.0 0.0
0.0 0.0 0.0
0.0 0.0 0.0
0.0 0.0 0.0
0.0 0.0 0.0
0.0 0.0 0.0
0.0 0.0 0.0
0.0 0.0 0.0
0.0 0.0 0.0
0.0 0.0 0.0
0.0 0.0 0.0
0.0 0.0 0.0
0.0 0.0 0.0
0.0 0.0 0.0
0.0 0.0 0.0
0.0 0.0 0.0
0.0 0.0 0.0
0.0 0.0 0.0
0.0 0.0 0.0
0.0 0.0 0.0
0.0 0.0 0.0
0.0 0.0 0.0
0.0 0.0 0.0
0.0 0.0 0.0
0.0 0.0 0.0
0.0 0.0 0.0
0.0 0.0 0.0
0.0 0.0 0.0
0.0 0.0 0.0
0.0 0.0 0.0
0.0 0.0 0.0
0.0 0.0 0.0
0.0 0.0 0.0
0.0 0.0 0.0
0.0 0.0 0.0
0.0 0.0 0.0
0.0 0.0 0.0
0.0 0.0 0.0
0.0 0.0 0.0
0.0 0.0 0.0
0.0 0.0 0.0
0.0 0.0 0.0
-11.190062522888184 26.56324577331543 -3.1182425022125244
-11.05543041229248 26.762168884277344 -3.1712706089019775
0.0 0.0 0.0
-10.467582702636719 26.371253967285156 -3.183359384536743
0.0 0.0 0.0
0.0 0.0 0.0
0.0 0.0 0.0
0.0 0.0 0.0
0.0 0.0 0.0
0.0 0.0 0.0
0.0 0.0 0.0
0.0 0.0 0.0
0.0 0.0 0.0
0.0 0.0 0.0
0.0 0.0 0.0
0.0 0.0 0.0
0.0 0.0 0.0
0.0 0.0 0.0
-6.982879638671875 24.936471939086914 -3.363804340362549
0.0 0.0 0.0
-6.62368106842041 24.99933433532715 -3.4111926555633545
-6.40437126159668 24.869075775146484 -3.412757158279419
0.0 0.0 0.0
0.0 0.0 0.0
-5.82621431350708 24.75482940673828 -3.4493141174316406
-5.611928939819336 24.626497268676758 -3.4486889839172363
-5.43374490737915 24.635591506958008 -3.4670355319976807
-5.233203887939453 24.537694931030273 -3.468287467956543
-5.097766399383545 24.745214462280273 -3.512202024459839
-4.865407943725586 24.477680206298828 -3.4887847900390625
-4.68665885925293 24.482196807861328 -3.5043587684631348
-4.492465019226074 24.38612174987793 -3.5050106048583984
-4.333711624145508 24.479251861572266 -3.5307047367095947
-4.125950813293457 24.28920555114746 -3.51564884185791
0.0 0.0 0.0
-3.8337090015411377 24.661008834838867 -3.5952188968658447
-3.5912771224975586 24.210771560668945 -3.540818452835083
-3.4325764179229736 24.3060302734375 -3.564657211303711
-3.268609046936035 24.369586944580078 -3.584066390991211
-3.082000732421875 24.25947380065918 -3.5780720710754395
-2.923327922821045 24.366695404052734 -3.604288101196289
-2.736084222793579 24.25847816467285 -3.5964112281799316
-2.573269844055176 24.333080291748047 -3.61507511138916
-2.395321846008301 24.260433197021484 -3.612018585205078
-2.2320728302001953 24.336576461791992 -3.6312899589538574
-2.050535202026367 24.207622528076172 -3.6197619438171387
-1.8774563074111938 24.201183319091797 -3.6242566108703613
-1.7056503295898438 24.166337966918945 -3.6245648860931396
-1.544962763786316 24.296056747436523 -3.6497485637664795
-1.3792580366134644 24.362972259521484 -3.665710210800171
-1.2003148794174194 24.1859073638916 -3.6437764167785645
0.0 0.0 0.0
-0.8624515533447266 24.2531795501709 -3.6601548194885254
-0.6905423402786255 24.153738021850586 -3.6484949588775635
-0.5251858830451965 24.28091049194336 -3.6712419986724854
-0.35477733612060547 24.1871337890625 -3.6585853099823
-0.18470130860805511 24.3317813873291 -3.681262254714966
-0.015492020174860954 24.274385452270508 -3.673539161682129
0.1536906361579895 24.339405059814453 -3.6845204830169678
0.32300353050231934 24.329862594604492 -3.684396743774414
0.491180419921875 24.2810115814209 -3.675279140472412
0.6634072661399841 24.397018432617188 -3.691232204437256
0.833483874797821 24.318706512451172 -3.6779375076293945
1.0071293115615845 24.424564361572266 -3.6927003860473633
1.1744396686553955 24.363407135009766 -3.681541919708252
1.3488808870315552 24.444149017333984 -3.689631700515747
1.5324116945266724 24.650869369506836 -3.716865301132202
1.69745671749115 24.505352020263672 -3.6910948753356934
1.8715200424194336 24.539968490600586 -3.692713499069214
2.044203281402588 24.550487518310547 -3.6892669200897217
2.22458553314209 24.64464569091797 -3.697237968444824
0.0 0.0 0.0
2.589015483856201 24.79022789001465 -3.707049608230591
2.760923385620117 24.76902198791504 -3.698188304901123
2.9364607334136963 24.77769660949707 -3.691243886947632
3.1179513931274414 24.831218719482422 -3.690650701522827
3.2967703342437744 24.856595993041992 -3.6860129833221436
3.4798874855041504 24.88408660888672 -3.6816821098327637
3.6714024543762207 24.98725128173828 -3.6883528232574463
3.872725486755371 25.13890266418457 -3.699753761291504
4.035121917724609 25.033262252807617 -3.673426389694214
4.218054294586182 25.05618667602539 -3.6661570072174072
4.41887903213501 25.17679214477539 -3.6732749938964844
4.623663902282715 25.291751861572266 -3.67801833152771
4.802745819091797 25.276647567749023 -3.6627140045166016
5.005786895751953 25.381690979003906 -3.66491961479187
5.1874847412109375 25.37141227722168 -3.6505556106567383
5.434775352478027 25.67019271850586 -3.6806745529174805
5.632347583770752 25.705751419067383 -3.670482873916626
0.0 0.0 0.0
6.048882484436035 25.8791446685791 -3.6645703315734863
6.250199317932129 25.925771713256836 -3.656017303466797
6.456176280975342 25.985973358154297 -3.648728847503662
6.651280403137207 25.984050750732422 -3.630425214767456
6.872163772583008 26.089984893798828 -3.6275434494018555
7.1401872634887695 26.36233901977539 -3.6476829051971436
7.32844877243042 26.330039978027344 -3.6256015300750732
7.528084754943848 26.3376407623291 -3.6073546409606934
0.0 0.0 0.0
8.030078887939453 26.67002296447754 -3.6121461391448975
8.24974250793457 26.72418212890625 -3.599405288696289
0.0 0.0 0.0
8.723012924194336 26.923603057861328 -3.583021879196167
9.0309419631958 27.226375579833984 -3.6005196571350098
9.303329467773438 27.39665412902832 -3.599771499633789
9.526812553405762 27.426414489746094 -3.5808730125427246
9.763814926147461 27.491256713867188 -3.564761161804199
10.036958694458008 27.648836135864258 -3.5599701404571533
10.281962394714355 27.720247268676758 -3.543902635574341
10.556387901306152 27.853734970092773 -3.5352203845977783
10.900936126708984 28.170732498168945 -3.5489070415496826
0.0 0.0 0.0
11.460216522216797 28.434728622436523 -3.525726795196533
11.795063972473145 28.688581466674805 -3.52876877784729
0.0 0.0 0.0
0.0 0.0 0.0
0.0 0.0 0.0
12.853405952453613 28.935279846191406 -3.436978816986084
13.230972290039062 29.234798431396484 -3.441315174102783
0.0 0.0 0.0
13.966377258300781 29.744524002075195 -3.432647705078125
14.209945678710938 29.724578857421875 -3.3961381912231445
14.632226943969727 30.06965446472168 -3.400944948196411
0.0 0.0 0.0
15.35205364227295 30.46568489074707 -3.370553731918335
15.692180633544922 30.599227905273438 -3.346510648727417
0.0 0.0 0.0
0.0 0.0 0.0
0.0 0.0 0.0
0.0 0.0 0.0
0.0 0.0 0.0
0.0 0.0 0.0
0.0 0.0 0.0
0.0 0.0 0.0
0.0 0.0 0.0
0.0 0.0 0.0
0.0 0.0 0.0
0.0 0.0 0.0
0.0 0.0 0.0
0.0 0.0 0.0
0.0 0.0 0.0
0.0 0.0 0.0
0.0 0.0 0.0
0.0 0.0 0.0
0.0 0.0 0.0
0.0 0.0 0.0
0.0 0.0 0.0
0.0 0.0 0.0
0.0 0.0 0.0
0.0 0.0 0.0
0.0 0.0 0.0
0.0 0.0 0.0
0.0 0.0 0.0
0.0 0.0 0.0
0.0 0.0 0.0
0.0 0.0 0.0
0.0 0.0 0.0
0.0 0.0 0.0
0.0 0.0 0.0
0.0 0.0 0.0
0.0 0.0 0.0
0.0 0.0 0.0
0.0 0.0 0.0
0.0 0.0 0.0
0.0 0.0 0.0
0.0 0.0 0.0
0.0 0.0 0.0
0.0 0.0 0.0
0.0 0.0 0.0
0.0 0.0 0.0
0.0 0.0 0.0
0.0 0.0 0.0
0.0 0.0 0.0
0.0 0.0 0.0
0.0 0.0 0.0
0.0 0.0 0.0
0.0 0.0 0.0
0.0 0.0 0.0
0.0 0.0 0.0
0.0 0.0 0.0
0.0 0.0 0.0
0.0 0.0 0.0
0.0 0.0 0.0
0.0 0.0 0.0
0.0 0.0 0.0
0.0 0.0 0.0
0.0 0.0 0.0
0.0 0.0 0.0
0.0 0.0 0.0
0.0 0.0 0.0
0.0 0.0 0.0
0.0 0.0 0.0
0.0 0.0 0.0
0.0 0.0 0.0
0.0 0.0 0.0
0.0 0.0 0.0
0.0 0.0 0.0
0.0 0.0 0.0
0.0 0.0 0.0
0.0 0.0 0.0
0.0 0.0 0.0
0.0 0.0 0.0
0.0 0.0 0.0
0.0 0.0 0.0
0.0 0.0 0.0
0.0 0.0 0.0
0.0 0.0 0.0
0.0 0.0 0.0
0.0 0.0 0.0
0.0 0.0 0.0
0.0 0.0 0.0
0.0 0.0 0.0
0.0 0.0 0.0
0.0 0.0 0.0
0.0 0.0 0.0
0.0 0.0 0.0
0.0 0.0 0.0
0.0 0.0 0.0
0.0 0.0 0.0
0.0 0.0 0.0
0.0 0.0 0.0
0.0 0.0 0.0
0.0 0.0 0.0
0.0 0.0 0.0
0.0 0.0 0.0
0.0 0.0 0.0
0.0 0.0 0.0
0.0 0.0 0.0
0.0 0.0 0.0
0.0 0.0 0.0
0.0 0.0 0.0
0.0 0.0 0.0
0.0 0.0 0.0
0.0 0.0 0.0
0.0 0.0 0.0
0.0 0.0 0.0
0.0 0.0 0.0
0.0 0.0 0.0
0.0 0.0 0.0
0.0 0.0 0.0
0.0 0.0 0.0
0.0 0.0 0.0
0.0 0.0 0.0
0.0 0.0 0.0
0.0 0.0 0.0
0.0 0.0 0.0
0.0 0.0 0.0
0.0 0.0 0.0
0.0 0.0 0.0
0.0 0.0 0.0
0.0 0.0 0.0
0.0 0.0 0.0
0.0 0.0 0.0
0.0 0.0 0.0
0.0 0.0 0.0
0.0 0.0 0.0
0.0 0.0 0.0
0.0 0.0 0.0
0.0 0.0 0.0
0.0 0.0 0.0
0.0 0.0 0.0
0.0 0.0 0.0
0.0 0.0 0.0
0.0 0.0 0.0
0.0 0.0 0.0
0.0 0.0 0.0
0.0 0.0 0.0
0.0 0.0 0.0
0.0 0.0 0.0
0.0 0.0 0.0
0.0 0.0 0.0
0.0 0.0 0.0
0.0 0.0 0.0
0.0 0.0 0.0
0.0 0.0 0.0
0.0 0.0 0.0
0.0 0.0 0.0
0.0 0.0 0.0
0.0 0.0 0.0
0.0 0.0 0.0
0.0 0.0 0.0
0.0 0.0 0.0
0.0 0.0 0.0
0.0 0.0 0.0
0.0 0.0 0.0
0.0 0.0 0.0
0.0 0.0 0.0
0.0 0.0 0.0
0.0 0.0 0.0
0.0 0.0 0.0
0.0 0.0 0.0
0.0 0.0 0.0
0.0 0.0 0.0
0.0 0.0 0.0
0.0 0.0 0.0
0.0 0.0 0.0
0.0 0.0 0.0
0.0 0.0 0.0
0.0 0.0 0.0
0.0 0.0 0.0
0.0 0.0 0.0
0.0 0.0 0.0
0.0 0.0 0.0
0.0 0.0 0.0
0.0 0.0 0.0
0.0 0.0 0.0
0.0 0.0 0.0
0.0 0.0 0.0
0.0 0.0 0.0
0.0 0.0 0.0
0.0 0.0 0.0
0.0 0.0 0.0
0.0 0.0 0.0
0.0 0.0 0.0
0.0 0.0 0.0
0.0 0.0 0.0
0.0 0.0 0.0
0.0 0.0 0.0
0.0 0.0 0.0
0.0 0.0 0.0
0.0 0.0 0.0
0.0 0.0 0.0
0.0 0.0 0.0
0.0 0.0 0.0
0.0 0.0 0.0
0.0 0.0 0.0
0.0 0.0 0.0
0.0 0.0 0.0
0.0 0.0 0.0
0.0 0.0 0.0
0.0 0.0 0.0
0.0 0.0 0.0
0.0 0.0 0.0
0.0 0.0 0.0
0.0 0.0 0.0
0.0 0.0 0.0
0.0 0.0 0.0
0.0 0.0 0.0
0.0 0.0 0.0
0.0 0.0 0.0
0.0 0.0 0.0
0.0 0.0 0.0
0.0 0.0 0.0
0.0 0.0 0.0
0.0 0.0 0.0
0.0 0.0 0.0
0.0 0.0 0.0
0.0 0.0 0.0
-15.369211196899414 28.6000919342041 -2.81424880027771
0.0 0.0 0.0
0.0 0.0 0.0
0.0 0.0 0.0
0.0 0.0 0.0
0.0 0.0 0.0
0.0 0.0 0.0
0.0 0.0 0.0
0.0 0.0 0.0
0.0 0.0 0.0
0.0 0.0 0.0
0.0 0.0 0.0
0.0 0.0 0.0
0.0 0.0 0.0
0.0 0.0 0.0
0.0 0.0 0.0
0.0 0.0 0.0
0.0 0.0 0.0
0.0 0.0 0.0
0.0 0.0 0.0
0.0 0.0 0.0
0.0 0.0 0.0
0.0 0.0 0.0
0.0 0.0 0.0
0.0 0.0 0.0
0.0 0.0 0.0
0.0 0.0 0.0
0.0 0.0 0.0
0.0 0.0 0.0
0.0 0.0 0.0
0.0 0.0 0.0
-7.142611503601074 25.174043655395508 -3.3312721252441406
0.0 0.0 0.0
-6.798890113830566 25.298364639282227 -3.3868186473846436
-6.554159164428711 25.083293914794922 -3.377561569213867
-6.346967697143555 25.001611709594727 -3.383518934249878
-6.168063640594482 25.039249420166016 -3.4059531688690186
-5.9543538093566895 24.91670036315918 -3.4063405990600586
-5.781769275665283 24.962190628051758 -3.4297807216644287
-5.5943474769592285 24.94241714477539 -3.443300485610962
0.0 0.0 0.0
-5.2226881980896 24.91849136352539 -3.470069646835327
0.0 0.0 0.0
-4.814520835876465 24.675779342651367 -3.4662866592407227
-4.657674312591553 24.79005241394043 -3.4953789710998535
-4.4851789474487305 24.82339859008789 -3.5127439498901367
-4.246828079223633 24.493871688842773 -3.4789552688598633
-4.1283955574035645 24.8372745513916 -3.540687322616577
-3.8988759517669678 24.511760711669922 -3.506723642349243
0.0 0.0 0.0
-3.5756781101226807 24.68994903564453 -3.5526885986328125
0.0 0.0 0.0
-3.2091825008392334 24.58810043334961 -3.5592200756073
-3.0484936237335205 24.69637107849121 -3.584256410598755
-2.8515613079071045 24.500364303588867 -3.5637755393981934
0.0 0.0 0.0
-2.490138053894043 24.33844566345215 -3.55653977394104
-2.3237948417663574 24.4193172454834 -3.576941728591919
-2.1665401458740234 24.579999923706055 -3.6067473888397217
-1.9847416877746582 24.462366104125977 -3.595263957977295
-1.8115439414978027 24.4359130859375 -3.5973145961761475
-1.639845848083496 24.42365837097168 -3.6016149520874023
-1.4722810983657837 24.522253036499023 -3.6223275661468506
-1.2971031665802002 24.450185775756836 -3.6150412559509277
-1.1306724548339844 24.538990020751953 -3.6317121982574463
-0.9529514312744141 24.36795425415039 -3.6100881099700928
-0.7862305641174316 24.46213150024414 -3.6279172897338867
0.0 0.0 0.0
-0.44324949383735657 24.500890731811523 -3.6377291679382324
-0.2736077904701233 24.57655906677246 -3.650188684463501
-0.10256358981132507 24.56218147277832 -3.64945387840271
0.06839627027511597 24.59297752380371 -3.6556084156036377
0.23932044208049774 24.576480865478516 -3.6531434059143066
0.4127327799797058 24.539600372314453 -3.646625518798828
0.5836089253425598 24.544055938720703 -3.6464478969573975
0.7597907185554504 24.717254638671875 -3.671510934829712
0.9324412941932678 24.73087501525879 -3.6730422973632812
1.0869046449661255 24.334524154663086 -3.6111176013946533
1.2767975330352783 24.666473388671875 -3.6569576263427734
1.4543242454528809 24.761823654174805 -3.6679017543792725
1.6212794780731201 24.670793533325195 -3.6514081954956055
1.8066822290420532 24.852373123168945 -3.6750025749206543
1.983030915260315 24.882699966430664 -3.6736226081848145
0.0 0.0 0.0
2.3309414386749268 24.839269638061523 -3.655921459197998
2.51275372505188 24.912012100219727 -3.6612746715545654
0.0 0.0 0.0
2.867661714553833 24.9504451751709 -3.6524925231933594
3.0646259784698486 25.096073150634766 -3.6657896041870117
3.2507808208465576 25.163862228393555 -3.6679556369781494
3.420595407485962 25.1038818359375 -3.6516690254211426
3.6155812740325928 25.222929000854492 -3.659461736679077
3.8217880725860596 25.40176010131836 -3.675126552581787
3.9931325912475586 25.34214210510254 -3.65641450881958
4.204252243041992 25.50599479675293 -3.669875144958496
4.3672966957092285 25.394250869750977 -3.6439037322998047
4.579537391662598 25.563589096069336 -3.655586004257202
4.752744674682617 25.506807327270508 -3.6350111961364746
4.932732582092285 25.486820220947266 -3.6198647022247314
5.1782684326171875 25.77602767944336 -3.6484358310699463
5.392537593841553 25.90852928161621 -3.653968095779419
5.544734477996826 25.740625381469727 -3.615645408630371
5.776456356048584 25.938264846801758 -3.628788471221924
5.953935623168945 25.884981155395508 -3.6068804264068604
6.2029523849487305 26.119783401489258 -3.6248972415924072
6.379436492919922 26.056377410888672 -3.5997655391693115
6.635862827301025 26.310955047607422 -3.6179463863372803
6.850620746612549 26.387046813964844 -3.6114721298217773
7.040565490722656 26.364194869995117 -3.591559648513794
7.250942230224609 26.402755737304688 -3.5793302059173584
7.507924556732178 26.612146377563477 -3.58830189704895
7.750067710876465 26.755949020385742 -3.588254690170288
7.985538005828857 26.86802864074707 -3.5838916301727295
8.154024124145508 26.752017974853516 -3.549206495285034
8.518654823303223 27.255678176879883 -3.594578504562378
0.0 0.0 0.0
8.89495849609375 27.126569747924805 -3.534144401550293
9.215717315673828 27.456954956054688 -3.5553319454193115
9.467846870422363 27.57179832458496 -3.547893524169922
9.672309875488281 27.5418758392334 -3.5198473930358887
10.029443740844727 27.925485610961914 -3.5439987182617188
10.2355318069458 27.887826919555664 -3.514840602874756
10.573472023010254 28.201078414916992 -3.529750347137451
10.776150703430176 28.1452693939209 -3.496366500854492
11.093412399291992 28.380632400512695 -3.4985485076904297
11.367814064025879 28.485414505004883 -3.483844518661499
0.0 0.0 0.0
11.947532653808594 28.76970863342285 -3.4627952575683594
0.0 0.0 0.0
12.545470237731934 29.061418533325195 -3.4381144046783447
12.935739517211914 29.39178466796875 -3.446418523788452
0.0 0.0 0.0
0.0 0.0 0.0
13.872302055358887 29.8183650970459 -3.3989973068237305
14.14796257019043 29.865625381469727 -3.3711905479431152
14.557571411132812 30.178876876831055 -3.3720591068267822
0.0 0.0 0.0
0.0 0.0 0.0
15.610126495361328 30.705612182617188 -3.320807695388794
0.0 0.0 0.0
16.451948165893555 31.27914810180664 -3.3047094345092773
0.0 0.0 0.0
17.19306755065918 31.603927612304688 -3.256659507751465
0.0 0.0 0.0
0.0 0.0 0.0
0.0 0.0 0.0
0.0 0.0 0.0
0.0 0.0 0.0
0.0 0.0 0.0
0.0 0.0 0.0
0.0 0.0 0.0
0.0 0.0 0.0
0.0 0.0 0.0
0.0 0.0 0.0
0.0 0.0 0.0
0.0 0.0 0.0
0.0 0.0 0.0
0.0 0.0 0.0
0.0 0.0 0.0
0.0 0.0 0.0
0.0 0.0 0.0
0.0 0.0 0.0
0.0 0.0 0.0
0.0 0.0 0.0
0.0 0.0 0.0
0.0 0.0 0.0
0.0 0.0 0.0
0.0 0.0 0.0
0.0 0.0 0.0
0.0 0.0 0.0
0.0 0.0 0.0
0.0 0.0 0.0
0.0 0.0 0.0
0.0 0.0 0.0
0.0 0.0 0.0
0.0 0.0 0.0
0.0 0.0 0.0
0.0 0.0 0.0
0.0 0.0 0.0
0.0 0.0 0.0
0.0 0.0 0.0
0.0 0.0 0.0
0.0 0.0 0.0
0.0 0.0 0.0
0.0 0.0 0.0
0.0 0.0 0.0
0.0 0.0 0.0
0.0 0.0 0.0
0.0 0.0 0.0
0.0 0.0 0.0
0.0 0.0 0.0
0.0 0.0 0.0
0.0 0.0 0.0
0.0 0.0 0.0
0.0 0.0 0.0
0.0 0.0 0.0
0.0 0.0 0.0
0.0 0.0 0.0
0.0 0.0 0.0
0.0 0.0 0.0
0.0 0.0 0.0
0.0 0.0 0.0
0.0 0.0 0.0
0.0 0.0 0.0
0.0 0.0 0.0
0.0 0.0 0.0
0.0 0.0 0.0
0.0 0.0 0.0
0.0 0.0 0.0
0.0 0.0 0.0
0.0 0.0 0.0
0.0 0.0 0.0
0.0 0.0 0.0
0.0 0.0 0.0
0.0 0.0 0.0
0.0 0.0 0.0
0.0 0.0 0.0
0.0 0.0 0.0
0.0 0.0 0.0
0.0 0.0 0.0
0.0 0.0 0.0
0.0 0.0 0.0
0.0 0.0 0.0
0.0 0.0 0.0
0.0 0.0 0.0
0.0 0.0 0.0
0.0 0.0 0.0
0.0 0.0 0.0
0.0 0.0 0.0
0.0 0.0 0.0
0.0 0.0 0.0
0.0 0.0 0.0
0.0 0.0 0.0
0.0 0.0 0.0
0.0 0.0 0.0
0.0 0.0 0.0
0.0 0.0 0.0
0.0 0.0 0.0
0.0 0.0 0.0
0.0 0.0 0.0
0.0 0.0 0.0
0.0 0.0 0.0
0.0 0.0 0.0
0.0 0.0 0.0
0.0 0.0 0.0
0.0 0.0 0.0
0.0 0.0 0.0
0.0 0.0 0.0
0.0 0.0 0.0
0.0 0.0 0.0
0.0 0.0 0.0
0.0 0.0 0.0
0.0 0.0 0.0
0.0 0.0 0.0
0.0 0.0 0.0
0.0 0.0 0.0
0.0 0.0 0.0
0.0 0.0 0.0
0.0 0.0 0.0
0.0 0.0 0.0
0.0 0.0 0.0
0.0 0.0 0.0
0.0 0.0 0.0
0.0 0.0 0.0
0.0 0.0 0.0
0.0 0.0 0.0
0.0 0.0 0.0
0.0 0.0 0.0
0.0 0.0 0.0
0.0 0.0 0.0
0.0 0.0 0.0
0.0 0.0 0.0
0.0 0.0 0.0
0.0 0.0 0.0
0.0 0.0 0.0
0.0 0.0 0.0
0.0 0.0 0.0
0.0 0.0 0.0
0.0 0.0 0.0
0.0 0.0 0.0
0.0 0.0 0.0
0.0 0.0 0.0
0.0 0.0 0.0
0.0 0.0 0.0
0.0 0.0 0.0
0.0 0.0 0.0
0.0 0.0 0.0
0.0 0.0 0.0
0.0 0.0 0.0
0.0 0.0 0.0
0.0 0.0 0.0
0.0 0.0 0.0
0.0 0.0 0.0
0.0 0.0 0.0
0.0 0.0 0.0
0.0 0.0 0.0
0.0 0.0 0.0
0.0 0.0 0.0
0.0 0.0 0.0
0.0 0.0 0.0
0.0 0.0 0.0
0.0 0.0 0.0
0.0 0.0 0.0
0.0 0.0 0.0
0.0 0.0 0.0
0.0 0.0 0.0
0.0 0.0 0.0
0.0 0.0 0.0
0.0 0.0 0.0
0.0 0.0 0.0
0.0 0.0 0.0
0.0 0.0 0.0
0.0 0.0 0.0
0.0 0.0 0.0
0.0 0.0 0.0
0.0 0.0 0.0
0.0 0.0 0.0
0.0 0.0 0.0
0.0 0.0 0.0
0.0 0.0 0.0
0.0 0.0 0.0
0.0 0.0 0.0
0.0 0.0 0.0
0.0 0.0 0.0
0.0 0.0 0.0
0.0 0.0 0.0
0.0 0.0 0.0
0.0 0.0 0.0
0.0 0.0 0.0
0.0 0.0 0.0
0.0 0.0 0.0
0.0 0.0 0.0
0.0 0.0 0.0
0.0 0.0 0.0
0.0 0.0 0.0
0.0 0.0 0.0
0.0 0.0 0.0
0.0 0.0 0.0
0.0 0.0 0.0
0.0 0.0 0.0
0.0 0.0 0.0
0.0 0.0 0.0
0.0 0.0 0.0
0.0 0.0 0.0
0.0 0.0 0.0
0.0 0.0 0.0
0.0 0.0 0.0
0.0 0.0 0.0
0.0 0.0 0.0
0.0 0.0 0.0
0.0 0.0 0.0
0.0 0.0 0.0
0.0 0.0 0.0
0.0 0.0 0.0
0.0 0.0 0.0
0.0 0.0 0.0
0.0 0.0 0.0
0.0 0.0 0.0
0.0 0.0 0.0
0.0 0.0 0.0
0.0 0.0 0.0
0.0 0.0 0.0
0.0 0.0 0.0
0.0 0.0 0.0
0.0 0.0 0.0
0.0 0.0 0.0
0.0 0.0 0.0
0.0 0.0 0.0
0.0 0.0 0.0
0.0 0.0 0.0
0.0 0.0 0.0
0.0 0.0 0.0
0.0 0.0 0.0
0.0 0.0 0.0
0.0 0.0 0.0
0.0 0.0 0.0
0.0 0.0 0.0
0.0 0.0 0.0
0.0 0.0 0.0
0.0 0.0 0.0
0.0 0.0 0.0
0.0 0.0 0.0
0.0 0.0 0.0
0.0 0.0 0.0
0.0 0.0 0.0
0.0 0.0 0.0
0.0 0.0 0.0
0.0 0.0 0.0
-8.518074035644531 26.147663116455078 -3.2821569442749023
-8.163297653198242 25.663339614868164 -3.243328332901001
0.0 0.0 0.0
0.0 0.0 0.0
0.0 0.0 0.0
0.0 0.0 0.0
0.0 0.0 0.0
-6.9308295249938965 25.432497024536133 -3.336636543273926
0.0 0.0 0.0
-6.516136646270752 25.307613372802734 -3.3561370372772217
0.0 0.0 0.0
-6.114661693572998 25.19423484802246 -3.376082420349121
0.0 0.0 0.0
-5.708059310913086 25.049346923828125 -3.3892340660095215
0.0 0.0 0.0
-5.374673366546631 25.2006778717041 -3.440298318862915
0.0 0.0 0.0
0.0 0.0 0.0
-4.743880748748779 24.783458709716797 -3.4254937171936035
-4.632503032684326 25.148561477661133 -3.489022970199585
-4.4078521728515625 24.899654388427734 -3.4675490856170654
-4.200504779815674 24.729007720947266 -3.4568915367126465
-4.05257511138916 24.908437728881836 -3.4930670261383057
-3.8483922481536865 24.758644104003906 -3.4830079078674316
-3.666023015975952 24.71780014038086 -3.4881508350372314
-3.4854917526245117 24.68328285217285 -3.49430251121521
-3.3219363689422607 24.770225524902344 -3.5173099040985107
-3.131840944290161 24.653024673461914 -3.5088956356048584
-2.9447193145751953 24.545936584472656 -3.5020124912261963
0.0 0.0 0.0
-2.6104393005371094 24.685522079467773 -3.5393600463867188
0.0 0.0 0.0
-2.2561891078948975 24.60519027709961 -3.541550874710083
-2.0906007289886475 24.684581756591797 -3.559324026107788
-1.9287244081497192 24.863285064697266 -3.5917680263519287
-1.7560908794403076 24.87873649597168 -3.6007323265075684
-1.5641303062438965 24.596237182617188 -3.564453363418579
-1.4070854187011719 24.85663604736328 -3.606186866760254
-1.2269450426101685 24.72218894958496 -3.590827226638794
-1.050291895866394 24.6947078704834 -3.59122633934021
-0.8783882260322571 24.700641632080078 -3.5965771675109863
-0.7082968354225159 24.771503448486328 -3.608490467071533
-0.5352915525436401 24.740711212158203 -3.6057474613189697
-0.3621470332145691 24.681657791137695 -3.599055767059326
-0.1876985728740692 24.71417999267578 -3.605926036834717
-0.015758905559778214 24.884729385375977 -3.6323423385620117
0.1561669409275055 24.706533432006836 -3.605743885040283
0.32905149459838867 24.770645141601562 -3.6146862506866455
0.5040384531021118 24.90311050415039 -3.6337764263153076
0.6826679110527039 25.092287063598633 -3.6613152027130127
0.8494755029678345 24.77423667907715 -3.613483190536499
1.0297937393188477 24.961368560791016 -3.6379611492156982
1.2039844989776611 24.969593048095703 -3.6365201473236084
1.377694010734558 24.961149215698242 -3.6328227519989014
1.5463066101074219 24.870471954345703 -3.617340326309204
1.7323318719863892 25.006349563598633 -3.6325583457946777
1.9169830083847046 25.133445739746094 -3.645869493484497
2.0932202339172363 25.135894775390625 -3.6412436962127686
2.2622828483581543 25.056241989135742 -3.624911069869995
2.449061155319214 25.167865753173828 -3.6364119052886963
2.6425092220306396 25.297456741333008 -3.6475934982299805
2.8193447589874268 25.287548065185547 -3.638925552368164
2.990915298461914 25.230297088623047 -3.6236207485198975
3.172220230102539 25.256319046020508 -3.620457887649536
3.3860719203948975 25.522686004638672 -3.6510376930236816
3.539857864379883 25.30839729309082 -3.6108202934265137
3.7492001056671143 25.510717391967773 -3.630363941192627
3.9120476245880127 25.390214920043945 -3.6040942668914795
4.135987281799316 25.658266067504883 -3.633096218109131
4.3227949142456055 25.68050193786621 -3.6256701946258545
4.504303455352783 25.667211532592773 -3.6121444702148438
4.746941089630127 25.968002319335938 -3.642622232437134
0.0 0.0 0.0
5.091215133666992 25.81642723083496 -3.5986759662628174
5.291262149810791 25.881437301635742 -3.594115734100342
5.5166015625 26.058542251586914 -3.6048738956451416
5.73460054397583 26.17262077331543 -3.6066577434539795
5.961552619934082 26.33091926574707 -3.614769458770752
6.165211200714111 26.378149032592773 -3.60691499710083
6.330221176147461 26.258371353149414 -3.574331521987915
6.558290004730225 26.39689064025879 -3.577019691467285
6.789664268493652 26.525297164916992 -3.5780389308929443
6.993541717529297 26.55136489868164 -3.565539598464966
7.163558483123779 26.448986053466797 -3.534264326095581
0.0 0.0 0.0
7.653409004211426 26.773693084716797 -3.5407919883728027
7.877641201019287 26.8371639251709 -3.5305593013763428
8.172236442565918 27.141090393066406 -3.5517992973327637
0.0 0.0 0.0
8.65847110748291 27.371511459350586 -3.5400748252868652
8.877104759216309 27.398788452148438 -3.5227737426757812
9.135600090026855 27.542118072509766 -3.52034854888916
9.414752960205078 27.72641372680664 -3.521012306213379
9.670013427734375 27.839561462402344 -3.51191782951355
9.942889213562012 27.994365692138672 -3.5079185962677
10.255468368530273 28.24884796142578 -3.516127824783325
10.491806030273438 28.2860164642334 -3.4966745376586914
10.707117080688477 28.25103187561035 -3.4661824703216553
11.122122764587402 28.74050521850586 -3.500112771987915
11.353397369384766 28.741859436035156 -3.4741904735565186
11.521358489990234 28.582935333251953 -3.4290709495544434
0.0 0.0 0.0
0.0 0.0 0.0
12.511600494384766 29.257335662841797 -3.4231908321380615
0.0 0.0 0.0
0.0 0.0 0.0
0.0 0.0 0.0
0.0 0.0 0.0
14.062464714050293 29.94776725769043 -3.3467283248901367
0.0 0.0 0.0
14.804634094238281 30.421398162841797 -3.3310108184814453
0.0 0.0 0.0
0.0 0.0 0.0
0.0 0.0 0.0
16.2951717376709 31.23626136779785 -3.2721073627471924
0.0 0.0 0.0
0.0 0.0 0.0
17.655181884765625 32.19220733642578 -3.251107931137085
0.0 0.0 0.0
0.0 0.0 0.0
0.0 0.0 0.0
0.0 0.0 0.0
0.0 0.0 0.0
0.0 0.0 0.0
20.93215560913086 34.10038757324219 -3.10662579536438
0.0 0.0 0.0
0.0 0.0 0.0
0.0 0.0 0.0
0.0 0.0 0.0
0.0 0.0 0.0
0.0 0.0 0.0
0.0 0.0 0.0
0.0 0.0 0.0
0.0 0.0 0.0
0.0 0.0 0.0
0.0 0.0 0.0
0.0 0.0 0.0
0.0 0.0 0.0
0.0 0.0 0.0
0.0 0.0 0.0
0.0 0.0 0.0
0.0 0.0 0.0
0.0 0.0 0.0
0.0 0.0 0.0
0.0 0.0 0.0
0.0 0.0 0.0
0.0 0.0 0.0
0.0 0.0 0.0
0.0 0.0 0.0
0.0 0.0 0.0
0.0 0.0 0.0
0.0 0.0 0.0
0.0 0.0 0.0
0.0 0.0 0.0
0.0 0.0 0.0
0.0 0.0 0.0
0.0 0.0 0.0
0.0 0.0 0.0
0.0 0.0 0.0
0.0 0.0 0.0
0.0 0.0 0.0
0.0 0.0 0.0
0.0 0.0 0.0
0.0 0.0 0.0
0.0 0.0 0.0
0.0 0.0 0.0
0.0 0.0 0.0
0.0 0.0 0.0
0.0 0.0 0.0
0.0 0.0 0.0
0.0 0.0 0.0
0.0 0.0 0.0
0.0 0.0 0.0
0.0 0.0 0.0
0.0 0.0 0.0
0.0 0.0 0.0
0.0 0.0 0.0
0.0 0.0 0.0
0.0 0.0 0.0
0.0 0.0 0.0
0.0 0.0 0.0
0.0 0.0 0.0
0.0 0.0 0.0
0.0 0.0 0.0
0.0 0.0 0.0
0.0 0.0 0.0
0.0 0.0 0.0
0.0 0.0 0.0
0.0 0.0 0.0
0.0 0.0 0.0
0.0 0.0 0.0
0.0 0.0 0.0
0.0 0.0 0.0
0.0 0.0 0.0
0.0 0.0 0.0
0.0 0.0 0.0
0.0 0.0 0.0
0.0 0.0 0.0
0.0 0.0 0.0
0.0 0.0 0.0
0.0 0.0 0.0
0.0 0.0 0.0
0.0 0.0 0.0
0.0 0.0 0.0
0.0 0.0 0.0
0.0 0.0 0.0
0.0 0.0 0.0
0.0 0.0 0.0
0.0 0.0 0.0
0.0 0.0 0.0
0.0 0.0 0.0
0.0 0.0 0.0
0.0 0.0 0.0
0.0 0.0 0.0
0.0 0.0 0.0
0.0 0.0 0.0
0.0 0.0 0.0
0.0 0.0 0.0
0.0 0.0 0.0
0.0 0.0 0.0
0.0 0.0 0.0
0.0 0.0 0.0
0.0 0.0 0.0
0.0 0.0 0.0
0.0 0.0 0.0
0.0 0.0 0.0
0.0 0.0 0.0
0.0 0.0 0.0
0.0 0.0 0.0
0.0 0.0 0.0
0.0 0.0 0.0
0.0 0.0 0.0
0.0 0.0 0.0
0.0 0.0 0.0
0.0 0.0 0.0
0.0 0.0 0.0
0.0 0.0 0.0
0.0 0.0 0.0
0.0 0.0 0.0
0.0 0.0 0.0
0.0 0.0 0.0
0.0 0.0 0.0
0.0 0.0 0.0
0.0 0.0 0.0
0.0 0.0 0.0
0.0 0.0 0.0
0.0 0.0 0.0
0.0 0.0 0.0
0.0 0.0 0.0
0.0 0.0 0.0
0.0 0.0 0.0
0.0 0.0 0.0
0.0 0.0 0.0
0.0 0.0 0.0
0.0 0.0 0.0
0.0 0.0 0.0
0.0 0.0 0.0
0.0 0.0 0.0
0.0 0.0 0.0
0.0 0.0 0.0
0.0 0.0 0.0
0.0 0.0 0.0
0.0 0.0 0.0
0.0 0.0 0.0
0.0 0.0 0.0
0.0 0.0 0.0
0.0 0.0 0.0
0.0 0.0 0.0
0.0 0.0 0.0
0.0 0.0 0.0
0.0 0.0 0.0
0.0 0.0 0.0
0.0 0.0 0.0
0.0 0.0 0.0
0.0 0.0 0.0
0.0 0.0 0.0
0.0 0.0 0.0
0.0 0.0 0.0
0.0 0.0 0.0
0.0 0.0 0.0
0.0 0.0 0.0
0.0 0.0 0.0
0.0 0.0 0.0
0.0 0.0 0.0
0.0 0.0 0.0
0.0 0.0 0.0
0.0 0.0 0.0
0.0 0.0 0.0
0.0 0.0 0.0
0.0 0.0 0.0
0.0 0.0 0.0
0.0 0.0 0.0
0.0 0.0 0.0
0.0 0.0 0.0
0.0 0.0 0.0
0.0 0.0 0.0
0.0 0.0 0.0
0.0 0.0 0.0
0.0 0.0 0.0
0.0 0.0 0.0
0.0 0.0 0.0
0.0 0.0 0.0
0.0 0.0 0.0
0.0 0.0 0.0
0.0 0.0 0.0
0.0 0.0 0.0
0.0 0.0 0.0
0.0 0.0 0.0
0.0 0.0 0.0
0.0 0.0 0.0
0.0 0.0 0.0
0.0 0.0 0.0
0.0 0.0 0.0
0.0 0.0 0.0
0.0 0.0 0.0
0.0 0.0 0.0
0.0 0.0 0.0
0.0 0.0 0.0
0.0 0.0 0.0
0.0 0.0 0.0
0.0 0.0 0.0
0.0 0.0 0.0
0.0 0.0 0.0
0.0 0.0 0.0
0.0 0.0 0.0
0.0 0.0 0.0
0.0 0.0 0.0
0.0 0.0 0.0
0.0 0.0 0.0
0.0 0.0 0.0
0.0 0.0 0.0
0.0 0.0 0.0
0.0 0.0 0.0
0.0 0.0 0.0
0.0 0.0 0.0
0.0 0.0 0.0
0.0 0.0 0.0
0.0 0.0 0.0
0.0 0.0 0.0
0.0 0.0 0.0
0.0 0.0 0.0
0.0 0.0 0.0
0.0 0.0 0.0
0.0 0.0 0.0
0.0 0.0 0.0
0.0 0.0 0.0
0.0 0.0 0.0
0.0 0.0 0.0
0.0 0.0 0.0
0.0 0.0 0.0
0.0 0.0 0.0
0.0 0.0 0.0
0.0 0.0 0.0
0.0 0.0 0.0
0.0 0.0 0.0
0.0 0.0 0.0
0.0 0.0 0.0
0.0 0.0 0.0
0.0 0.0 0.0
0.0 0.0 0.0
0.0 0.0 0.0
0.0 0.0 0.0
0.0 0.0 0.0
0.0 0.0 0.0
0.0 0.0 0.0
-7.758728504180908 25.953292846679688 -3.2723727226257324
0.0 0.0 0.0
-7.345534801483154 25.889190673828125 -3.304985523223877
0.0 0.0 0.0
0.0 0.0 0.0
-6.747598648071289 25.82577133178711 -3.351938486099243
0.0 0.0 0.0
-6.298945426940918 25.573604583740234 -3.3553032875061035
0.0 0.0 0.0
-5.8955278396606445 25.45733642578125 -3.3713090419769287
0.0 0.0 0.0
0.0 0.0 0.0
-5.289697170257568 25.24168586730957 -3.389091968536377
0.0 0.0 0.0
-4.888397216796875 25.057382583618164 -3.3903913497924805
-4.7357072830200195 25.206462860107422 -3.4238674640655518
-4.533878803253174 25.091678619384766 -3.421638250350952
-4.356800079345703 25.12864875793457 -3.4390738010406494
-4.20432710647583 25.293840408325195 -3.472876787185669
-3.967061758041382 24.938222885131836 -3.435230016708374
0.0 0.0 0.0
-3.6164162158966064 24.967849731445312 -3.462118625640869
-3.4387316703796387 24.9677734375 -3.471392869949341
-3.27662992477417 25.104938507080078 -3.499638557434082
-3.09623384475708 25.0832576751709 -3.5057902336120605
-2.921217918395996 25.10256004333496 -3.517824649810791
-2.7216129302978516 24.89764404296875 -3.498122215270996
-2.557915687561035 25.010969161987305 -3.5205230712890625
-2.3539609909057617 24.746065139770508 -3.489917516708374
-2.1885008811950684 24.837671279907227 -3.5095884799957275
-2.0154199600219727 24.8510684967041 -3.5184073448181152
-1.859907865524292 25.09868812561035 -3.5594594478607178
-1.686392903327942 25.125595092773438 -3.567664861679077
-1.5013543367385864 25.016353607177734 -3.556774139404297
-1.321865439414978 24.921062469482422 -3.5479180812835693
-1.1455540657043457 24.863128662109375 -3.54451847076416
-0.9715954065322876 24.84673309326172 -3.5452849864959717
-0.7998052835464478 24.891115188598633 -3.5538203716278076
-0.6239628195762634 24.911176681518555 -3.559101104736328
-0.4512655735015869 24.957014083862305 -3.5682058334350586
-0.2786480784416199 25.06351661682129 -3.586171865463257
-0.10447036474943161 25.06479263305664 -3.5865583419799805
0.0 0.0 0.0
0.24425378441810608 25.05607795715332 -3.585521697998047
0.4232582151889801 25.15810775756836 -3.6004974842071533
0.5944209694862366 24.992237091064453 -3.576953649520874
0.7747258543968201 25.200481414794922 -3.6045563220977783
0.9477565884590149 25.136924743652344 -3.593442678451538
1.1290867328643799 25.276931762695312 -3.6115970611572266
1.306981086730957 25.249408721923828 -3.6059505939483643
1.4790129661560059 25.178497314453125 -3.5931804180145264
1.6598341464996338 25.257213592529297 -3.5998990535736084
1.830812692642212 25.18032455444336 -3.5846033096313477
2.0211801528930664 25.3606014251709 -3.6060760021209717
2.2032690048217773 25.377357482910156 -3.604362726211548
2.3642239570617676 25.196918487548828 -3.573155641555786
2.5598690509796143 25.38121223449707 -3.5926761627197266
2.7554941177368164 25.54095458984375 -3.60880708694458
2.9324758052825928 25.514713287353516 -3.598783493041992
3.117804527282715 25.532987594604492 -3.595104932785034
0.0 0.0 0.0
3.4939162731170654 25.643693923950195 -3.5934956073760986
3.677715539932251 25.658723831176758 -3.587057113647461
3.878221035003662 25.779544830322266 -3.5955121517181396
4.033479690551758 25.600725173950195 -3.561967611312866
4.2439117431640625 25.749210357666016 -3.5713679790496826
4.449528694152832 25.873634338378906 -3.5776593685150146
4.649789333343506 25.954505920410156 -3.57797908782959
4.879544258117676 26.186105728149414 -3.599109172821045
5.0589094161987305 26.13850975036621 -3.5807290077209473
0.0 0.0 0.0
5.46107816696167 26.236412048339844 -3.567490339279175
5.680014610290527 26.36664390563965 -3.5721263885498047
5.886502742767334 26.430889129638672 -3.5678794384002686
6.095895290374756 26.50135612487793 -3.5625193119049072
6.299122333526611 26.524301528930664 -3.5500433444976807
0.0 0.0 0.0
6.736071586608887 26.70604133605957 -3.5439486503601074
6.9621171951293945 26.815004348754883 -3.5428740978240967
7.177084445953369 26.87370491027832 -3.5330543518066406
7.405885696411133 26.963457107543945 -3.5270111560821533
7.638121128082275 27.070890426635742 -3.523582696914673
7.937139987945557 27.399744033813477 -3.548781156539917
8.108158111572266 27.280162811279297 -3.5143795013427734
0.0 0.0 0.0
0.0 0.0 0.0
8.841475486755371 27.61199951171875 -3.496891498565674
9.11732006072998 27.80739974975586 -3.501490831375122
9.3016939163208 27.717283248901367 -3.468019723892212
9.629080772399902 28.04413604736328 -3.486579656600952
9.88692569732666 28.15549087524414 -3.4780685901641846
10.101558685302734 28.128372192382812 -3.452080726623535
10.37546157836914 28.27231216430664 -3.445828676223755
10.673860549926758 28.471986770629883 -3.445328950881958
0.0 0.0 0.0
11.19732666015625 28.649581909179688 -3.4169442653656006
11.572019577026367 29.00255584716797 -3.4327101707458496
11.844164848327637 29.09397315979004 -3.415900945663452
0.0 0.0 0.0
0.0 0.0 0.0
0.0 0.0 0.0
0.0 0.0 0.0
0.0 0.0 0.0
13.776009559631348 30.156700134277344 -3.36133074760437
14.043088912963867 30.183664321899414 -3.333296060562134
0.0 0.0 0.0
0.0 0.0 0.0
0.0 0.0 0.0
0.0 0.0 0.0
0.0 0.0 0.0
16.282529830932617 31.482553482055664 -3.262389659881592
0.0 0.0 0.0
0.0 0.0 0.0
0.0 0.0 0.0
0.0 0.0 0.0
0.0 0.0 0.0
0.0 0.0 0.0
0.0 0.0 0.0
0.0 0.0 0.0
0.0 0.0 0.0
0.0 0.0 0.0
0.0 0.0 0.0
0.0 0.0 0.0
0.0 0.0 0.0
0.0 0.0 0.0
0.0 0.0 0.0
0.0 0.0 0.0
0.0 0.0 0.0
0.0 0.0 0.0
0.0 0.0 0.0
0.0 0.0 0.0
0.0 0.0 0.0
0.0 0.0 0.0
0.0 0.0 0.0
0.0 0.0 0.0
0.0 0.0 0.0
0.0 0.0 0.0
0.0 0.0 0.0
0.0 0.0 0.0
0.0 0.0 0.0
0.0 0.0 0.0
0.0 0.0 0.0
0.0 0.0 0.0
0.0 0.0 0.0
0.0 0.0 0.0
0.0 0.0 0.0
0.0 0.0 0.0
0.0 0.0 0.0
0.0 0.0 0.0
0.0 0.0 0.0
0.0 0.0 0.0
0.0 0.0 0.0
0.0 0.0 0.0
0.0 0.0 0.0
0.0 0.0 0.0
0.0 0.0 0.0
0.0 0.0 0.0
0.0 0.0 0.0
0.0 0.0 0.0
0.0 0.0 0.0
0.0 0.0 0.0
0.0 0.0 0.0
0.0 0.0 0.0
0.0 0.0 0.0
0.0 0.0 0.0
0.0 0.0 0.0
0.0 0.0 0.0
0.0 0.0 0.0
0.0 0.0 0.0
0.0 0.0 0.0
0.0 0.0 0.0
0.0 0.0 0.0
0.0 0.0 0.0
0.0 0.0 0.0
0.0 0.0 0.0
0.0 0.0 0.0
0.0 0.0 0.0
0.0 0.0 0.0
0.0 0.0 0.0
0.0 0.0 0.0
0.0 0.0 0.0
0.0 0.0 0.0
0.0 0.0 0.0
0.0 0.0 0.0
0.0 0.0 0.0
0.0 0.0 0.0
0.0 0.0 0.0
0.0 0.0 0.0
0.0 0.0 0.0
0.0 0.0 0.0
0.0 0.0 0.0
0.0 0.0 0.0
0.0 0.0 0.0
0.0 0.0 0.0
0.0 0.0 0.0
0.0 0.0 0.0
0.0 0.0 0.0
0.0 0.0 0.0
0.0 0.0 0.0
0.0 0.0 0.0
0.0 0.0 0.0
0.0 0.0 0.0
0.0 0.0 0.0
0.0 0.0 0.0
0.0 0.0 0.0
0.0 0.0 0.0
0.0 0.0 0.0
0.0 0.0 0.0
0.0 0.0 0.0
0.0 0.0 0.0
0.0 0.0 0.0
0.0 0.0 0.0
0.0 0.0 0.0
0.0 0.0 0.0
0.0 0.0 0.0
0.0 0.0 0.0
0.0 0.0 0.0
0.0 0.0 0.0
0.0 0.0 0.0
0.0 0.0 0.0
0.0 0.0 0.0
0.0 0.0 0.0
0.0 0.0 0.0
0.0 0.0 0.0
0.0 0.0 0.0
0.0 0.0 0.0
0.0 0.0 0.0
0.0 0.0 0.0
0.0 0.0 0.0
0.0 0.0 0.0
0.0 0.0 0.0
0.0 0.0 0.0
0.0 0.0 0.0
0.0 0.0 0.0
0.0 0.0 0.0
0.0 0.0 0.0
0.0 0.0 0.0
0.0 0.0 0.0
0.0 0.0 0.0
0.0 0.0 0.0
0.0 0.0 0.0
0.0 0.0 0.0
0.0 0.0 0.0
0.0 0.0 0.0
0.0 0.0 0.0
0.0 0.0 0.0
0.0 0.0 0.0
0.0 0.0 0.0
0.0 0.0 0.0
0.0 0.0 0.0
0.0 0.0 0.0
0.0 0.0 0.0
0.0 0.0 0.0
0.0 0.0 0.0
0.0 0.0 0.0
0.0 0.0 0.0
0.0 0.0 0.0
0.0 0.0 0.0
0.0 0.0 0.0
0.0 0.0 0.0
0.0 0.0 0.0
0.0 0.0 0.0
0.0 0.0 0.0
0.0 0.0 0.0
0.0 0.0 0.0
0.0 0.0 0.0
0.0 0.0 0.0
0.0 0.0 0.0
0.0 0.0 0.0
0.0 0.0 0.0
0.0 0.0 0.0
0.0 0.0 0.0
0.0 0.0 0.0
0.0 0.0 0.0
0.0 0.0 0.0
0.0 0.0 0.0
0.0 0.0 0.0
0.0 0.0 0.0
0.0 0.0 0.0
0.0 0.0 0.0
0.0 0.0 0.0
0.0 0.0 0.0
0.0 0.0 0.0
0.0 0.0 0.0
0.0 0.0 0.0
0.0 0.0 0.0
0.0 0.0 0.0
0.0 0.0 0.0
0.0 0.0 0.0
0.0 0.0 0.0
0.0 0.0 0.0
0.0 0.0 0.0
0.0 0.0 0.0
0.0 0.0 0.0
0.0 0.0 0.0
0.0 0.0 0.0
0.0 0.0 0.0
0.0 0.0 0.0
0.0 0.0 0.0
0.0 0.0 0.0
0.0 0.0 0.0
0.0 0.0 0.0
0.0 0.0 0.0
0.0 0.0 0.0
0.0 0.0 0.0
0.0 0.0 0.0
0.0 0.0 0.0
0.0 0.0 0.0
0.0 0.0 0.0
0.0 0.0 0.0
0.0 0.0 0.0
0.0 0.0 0.0
0.0 0.0 0.0
0.0 0.0 0.0
0.0 0.0 0.0
0.0 0.0 0.0
0.0 0.0 0.0
0.0 0.0 0.0
0.0 0.0 0.0
0.0 0.0 0.0
0.0 0.0 0.0
0.0 0.0 0.0
0.0 0.0 0.0
0.0 0.0 0.0
0.0 0.0 0.0
0.0 0.0 0.0
0.0 0.0 0.0
0.0 0.0 0.0
0.0 0.0 0.0
0.0 0.0 0.0
0.0 0.0 0.0
0.0 0.0 0.0
0.0 0.0 0.0
0.0 0.0 0.0
0.0 0.0 0.0
0.0 0.0 0.0
0.0 0.0 0.0
-14.409993171691895 28.464712142944336 -2.804090976715088
0.0 0.0 0.0
0.0 0.0 0.0
0.0 0.0 0.0
0.0 0.0 0.0
0.0 0.0 0.0
0.0 0.0 0.0
0.0 0.0 0.0
0.0 0.0 0.0
0.0 0.0 0.0
0.0 0.0 0.0
0.0 0.0 0.0
0.0 0.0 0.0
0.0 0.0 0.0
0.0 0.0 0.0
0.0 0.0 0.0
0.0 0.0 0.0
0.0 0.0 0.0
0.0 0.0 0.0
0.0 0.0 0.0
0.0 0.0 0.0
0.0 0.0 0.0
0.0 0.0 0.0
0.0 0.0 0.0
0.0 0.0 0.0
0.0 0.0 0.0
0.0 0.0 0.0
-7.4944658279418945 26.061250686645508 -3.2583413124084473
0.0 0.0 0.0
0.0 0.0 0.0
0.0 0.0 0.0
-6.631925106048584 25.75371551513672 -3.2918450832366943
0.0 0.0 0.0
0.0 0.0 0.0
0.0 0.0 0.0
-5.80508279800415 25.47677993774414 -3.3199565410614014
-5.612702369689941 25.449708938598633 -3.3321731090545654
-5.420309066772461 25.417675018310547 -3.3415117263793945
0.0 0.0 0.0
-5.058803081512451 25.451805114746094 -3.372953176498413
-4.8752264976501465 25.469402313232422 -3.3892135620117188
-4.65675163269043 25.279565811157227 -3.3770382404327393
-4.495180130004883 25.393281936645508 -3.403550863265991
-4.2913947105407715 25.265432357788086 -3.397817611694336
-4.117591857910156 25.307981491088867 -3.41510272026062
-3.9551470279693604 25.445417404174805 -3.445625066757202
-3.748147964477539 25.2713680267334 -3.4323246479034424
-3.564826488494873 25.2453670501709 -3.437941551208496
-3.390796661376953 25.283266067504883 -3.452415704727173
-3.231044054031372 25.435150146484375 -3.4826767444610596
-3.0361452102661133 25.3093204498291 -3.475074052810669
-2.844982147216797 25.224952697753906 -3.4710628986358643
-2.6699488162994385 25.250547409057617 -3.481682300567627
-2.49566650390625 25.282604217529297 -3.493359327316284
-2.3079936504364014 25.170873641967773 -3.4853055477142334
-2.134040355682373 25.20046043395996 -3.4967615604400635
-1.9565294981002808 25.22945785522461 -3.505617380142212
-1.7684605121612549 25.06399917602539 -3.48750376701355
-1.5965713262557983 25.11726951599121 -3.4999732971191406
-1.425546646118164 25.19251823425293 -3.515691041946411
-1.2480804920196533 25.158525466918945 -3.5154733657836914
-1.0719255208969116 25.21645164489746 -3.5263092517852783
-0.8948745727539062 25.18025016784668 -3.524106979370117
-0.7144999504089355 24.999727249145508 -3.5018458366394043
-0.5464205145835876 25.278167724609375 -3.544060707092285
-0.37015530467033386 25.2501163482666 -3.541840076446533
-0.19210632145404816 25.356454849243164 -3.557162284851074
-0.015640759840607643 25.275848388671875 -3.5464255809783936
0.15991459786891937 25.22883415222168 -3.54056978225708
0.33799728751182556 25.43589210510254 -3.570546865463257
0.5114573240280151 25.26296043395996 -3.5451912879943848
0.689351499080658 25.332565307617188 -3.553314208984375
0.8667511343955994 25.27710723876953 -3.544044256210327
1.0544887781143188 25.5606632232666 -3.5824923515319824
1.2242244482040405 25.386869430541992 -3.5570051670074463
1.389843225479126 25.181432723999023 -3.524496555328369
1.5879172086715698 25.53866958618164 -3.570797920227051
1.758807897567749 25.38857650756836 -3.546250820159912
1.947874903678894 25.5384464263916 -3.563828706741333
2.1327075958251953 25.613758087158203 -3.5705525875091553
2.327650785446167 25.78438377380371 -3.588264226913452
2.494133949279785 25.63775634765625 -3.561992883682251
0.0 0.0 0.0
2.8666951656341553 25.717844009399414 -3.561741590499878
3.0501420497894287 25.736995697021484 -3.557722568511963
3.241482734680176 25.81262969970703 -3.560006618499756
0.0 0.0 0.0
3.6205782890319824 25.88640785217285 -3.554142713546753
3.7995808124542236 25.85443115234375 -3.5420570373535156
3.991838216781616 25.909465789794922 -3.54013991355896
4.225451469421387 26.211566925048828 -3.5711729526519775
4.3893351554870605 26.072662353515625 -3.542222023010254
4.6157450675964355 26.298839569091797 -3.562988519668579
4.774281024932861 26.115009307861328 -3.5281684398651123
5.008962154388428 26.361051559448242 -3.5490338802337646
5.22855806350708 26.510128021240234 -3.5567872524261475
5.379091739654541 26.30832862854004 -3.5176284313201904
0.0 0.0 0.0
5.783379077911377 26.393617630004883 -3.504148244857788
6.058963775634766 26.759504318237305 -3.5381128787994385
6.208312034606934 26.56077003479004 -3.4974777698516846
6.482540130615234 26.88854217529297 -3.5262134075164795
6.657914638519287 26.796361923217773 -3.4998748302459717
6.918946743011475 27.02916145324707 -3.5140433311462402
7.181527137756348 27.264253616333008 -3.527743339538574
7.399295330047607 27.31737518310547 -3.5178143978118896
7.598178386688232 27.297880172729492 -3.4986445903778076
7.782254219055176 27.224750518798828 -3.472580671310425
8.09662914276123 27.585067749023438 -3.49922776222229
0.0 0.0 0.0
8.536503791809082 27.653533935546875 -3.4700918197631836
8.810388565063477 27.85158920288086 -3.4760401248931885
9.03218936920166 27.877681732177734 -3.4591031074523926
9.262370109558105 27.92417335510254 -3.4435746669769287
9.525609970092773 28.052257537841797 -3.437692880630493
9.862943649291992 28.395389556884766 -3.4582369327545166
10.080497741699219 28.38426971435547 -3.435288906097412
10.328019142150879 28.45180892944336 -3.4198460578918457
10.50428581237793 28.320646286010742 -3.3806004524230957
0.0 0.0 0.0
11.214756965637207 28.980831146240234 -3.411109447479248
0.0 0.0 0.0
11.697165489196777 29.023887634277344 -3.3642780780792236
0.0 0.0 0.0
0.0 0.0 0.0
0.0 0.0 0.0
0.0 0.0 0.0
13.297537803649902 29.936594009399414 -3.329106330871582
0.0 0.0 0.0
0.0 0.0 0.0
0.0 0.0 0.0
0.0 0.0 0.0
0.0 0.0 0.0
0.0 0.0 0.0
15.797964096069336 31.35181999206543 -3.2559268474578857
0.0 0.0 0.0
0.0 0.0 0.0
0.0 0.0 0.0
0.0 0.0 0.0
0.0 0.0 0.0
0.0 0.0 0.0
0.0 0.0 0.0
0.0 0.0 0.0
0.0 0.0 0.0
0.0 0.0 0.0
0.0 0.0 0.0
21.134897232055664 34.43179702758789 -3.0468485355377197
0.0 0.0 0.0
22.0642032623291 34.850528717041016 -2.9809861183166504
0.0 0.0 0.0
0.0 0.0 0.0
0.0 0.0 0.0
0.0 0.0 0.0
0.0 0.0 0.0
0.0 0.0 0.0
0.0 0.0 0.0
0.0 0.0 0.0
0.0 0.0 0.0
0.0 0.0 0.0
0.0 0.0 0.0
0.0 0.0 0.0
0.0 0.0 0.0
0.0 0.0 0.0
0.0 0.0 0.0
0.0 0.0 0.0
0.0 0.0 0.0
0.0 0.0 0.0
0.0 0.0 0.0
0.0 0.0 0.0
0.0 0.0 0.0
0.0 0.0 0.0
0.0 0.0 0.0
0.0 0.0 0.0
0.0 0.0 0.0
0.0 0.0 0.0
0.0 0.0 0.0
0.0 0.0 0.0
0.0 0.0 0.0
0.0 0.0 0.0
0.0 0.0 0.0
0.0 0.0 0.0
0.0 0.0 0.0
0.0 0.0 0.0
0.0 0.0 0.0
0.0 0.0 0.0
0.0 0.0 0.0
0.0 0.0 0.0
0.0 0.0 0.0
0.0 0.0 0.0
0.0 0.0 0.0
0.0 0.0 0.0
0.0 0.0 0.0
0.0 0.0 0.0
0.0 0.0 0.0
0.0 0.0 0.0
0.0 0.0 0.0
71.01062774658203 188.613037109375 25.125181198120117
0.0 0.0 0.0
0.0 0.0 0.0
0.0 0.0 0.0
0.0 0.0 0.0
0.0 0.0 0.0
0.0 0.0 0.0
0.0 0.0 0.0
0.0 0.0 0.0
0.0 0.0 0.0
0.0 0.0 0.0
0.0 0.0 0.0
0.0 0.0 0.0
0.0 0.0 0.0
0.0 0.0 0.0
0.0 0.0 0.0
0.0 0.0 0.0
0.0 0.0 0.0
0.0 0.0 0.0
0.0 0.0 0.0
0.0 0.0 0.0
0.0 0.0 0.0
0.0 0.0 0.0
0.0 0.0 0.0
0.0 0.0 0.0
0.0 0.0 0.0
0.0 0.0 0.0
0.0 0.0 0.0
0.0 0.0 0.0
0.0 0.0 0.0
0.0 0.0 0.0
0.0 0.0 0.0
0.0 0.0 0.0
0.0 0.0 0.0
0.0 0.0 0.0
0.0 0.0 0.0
0.0 0.0 0.0
0.0 0.0 0.0
0.0 0.0 0.0
0.0 0.0 0.0
0.0 0.0 0.0
0.0 0.0 0.0
0.0 0.0 0.0
0.0 0.0 0.0
0.0 0.0 0.0
0.0 0.0 0.0
0.0 0.0 0.0
0.0 0.0 0.0
0.0 0.0 0.0
0.0 0.0 0.0
0.0 0.0 0.0
0.0 0.0 0.0
0.0 0.0 0.0
0.0 0.0 0.0
0.0 0.0 0.0
0.0 0.0 0.0
0.0 0.0 0.0
0.0 0.0 0.0
0.0 0.0 0.0
0.0 0.0 0.0
0.0 0.0 0.0
0.0 0.0 0.0
0.0 0.0 0.0
0.0 0.0 0.0
0.0 0.0 0.0
0.0 0.0 0.0
0.0 0.0 0.0
0.0 0.0 0.0
0.0 0.0 0.0
0.0 0.0 0.0
0.0 0.0 0.0
0.0 0.0 0.0
0.0 0.0 0.0
0.0 0.0 0.0
0.0 0.0 0.0
0.0 0.0 0.0
0.0 0.0 0.0
0.0 0.0 0.0
0.0 0.0 0.0
0.0 0.0 0.0
0.0 0.0 0.0
0.0 0.0 0.0
0.0 0.0 0.0
0.0 0.0 0.0
0.0 0.0 0.0
0.0 0.0 0.0
0.0 0.0 0.0
0.0 0.0 0.0
0.0 0.0 0.0
0.0 0.0 0.0
0.0 0.0 0.0
0.0 0.0 0.0
0.0 0.0 0.0
0.0 0.0 0.0
0.0 0.0 0.0
0.0 0.0 0.0
0.0 0.0 0.0
0.0 0.0 0.0
0.0 0.0 0.0
0.0 0.0 0.0
0.0 0.0 0.0
0.0 0.0 0.0
0.0 0.0 0.0
0.0 0.0 0.0
0.0 0.0 0.0
0.0 0.0 0.0
0.0 0.0 0.0
0.0 0.0 0.0
0.0 0.0 0.0
0.0 0.0 0.0
0.0 0.0 0.0
0.0 0.0 0.0
0.0 0.0 0.0
0.0 0.0 0.0
0.0 0.0 0.0
0.0 0.0 0.0
0.0 0.0 0.0
0.0 0.0 0.0
0.0 0.0 0.0
0.0 0.0 0.0
0.0 0.0 0.0
0.0 0.0 0.0
0.0 0.0 0.0
0.0 0.0 0.0
0.0 0.0 0.0
0.0 0.0 0.0
0.0 0.0 0.0
0.0 0.0 0.0
0.0 0.0 0.0
0.0 0.0 0.0
0.0 0.0 0.0
0.0 0.0 0.0
0.0 0.0 0.0
0.0 0.0 0.0
0.0 0.0 0.0
0.0 0.0 0.0
0.0 0.0 0.0
0.0 0.0 0.0
0.0 0.0 0.0
0.0 0.0 0.0
0.0 0.0 0.0
0.0 0.0 0.0
0.0 0.0 0.0
0.0 0.0 0.0
0.0 0.0 0.0
0.0 0.0 0.0
0.0 0.0 0.0
0.0 0.0 0.0
0.0 0.0 0.0
0.0 0.0 0.0
0.0 0.0 0.0
0.0 0.0 0.0
0.0 0.0 0.0
0.0 0.0 0.0
0.0 0.0 0.0
0.0 0.0 0.0
0.0 0.0 0.0
-17.835693359375 30.578937530517578 -2.605628490447998
-17.195476531982422 29.95897674560547 -2.5977156162261963
0.0 0.0 0.0
0.0 0.0 0.0
0.0 0.0 0.0
-15.778727531433105 29.368959426879883 -2.7103939056396484
0.0 0.0 0.0
0.0 0.0 0.0
0.0 0.0 0.0
0.0 0.0 0.0
0.0 0.0 0.0
0.0 0.0 0.0
0.0 0.0 0.0
0.0 0.0 0.0
0.0 0.0 0.0
-12.53260612487793 27.826608657836914 -2.901613473892212
0.0 0.0 0.0
0.0 0.0 0.0
0.0 0.0 0.0
0.0 0.0 0.0
0.0 0.0 0.0
0.0 0.0 0.0
0.0 0.0 0.0
0.0 0.0 0.0
0.0 0.0 0.0
0.0 0.0 0.0
0.0 0.0 0.0
0.0 0.0 0.0
0.0 0.0 0.0
0.0 0.0 0.0
0.0 0.0 0.0
0.0 0.0 0.0
0.0 0.0 0.0
0.0 0.0 0.0
-7.841248512268066 26.230398178100586 -3.1894237995147705
0.0 0.0 0.0
0.0 0.0 0.0
0.0 0.0 0.0
0.0 0.0 0.0
0.0 0.0 0.0
0.0 0.0 0.0
-6.369043827056885 25.855628967285156 -3.2664904594421387
-6.163713455200195 25.795032501220703 -3.274933338165283
0.0 0.0 0.0
-5.766896724700928 25.71461296081543 -3.295524835586548
0.0 0.0 0.0
0.0 0.0 0.0
0.0 0.0 0.0
-4.9755096435546875 25.506725311279297 -3.324207305908203
-4.805322170257568 25.580629348754883 -3.345564365386963
0.0 0.0 0.0
-4.406744956970215 25.42012596130371 -3.348212242126465
0.0 0.0 0.0
-4.057039737701416 25.5056209564209 -3.3828091621398926
0.0 0.0 0.0
-3.6977272033691406 25.533296585083008 -3.405413866043091
0.0 0.0 0.0
0.0 0.0 0.0
-3.1427714824676514 25.462095260620117 -3.4241435527801514
-2.96806263923645 25.50507354736328 -3.4373960494995117
-2.7935402393341064 25.55067253112793 -3.451174020767212
-2.6053125858306885 25.468000411987305 -3.447779893875122
-2.4212863445281982 25.445871353149414 -3.4528415203094482
-2.2518255710601807 25.549739837646484 -3.4727492332458496
-2.0520946979522705 25.297630310058594 -3.443701982498169
-1.87050199508667 25.23699188232422 -3.440809965133667
-1.7056657075881958 25.410629272460938 -3.470045804977417
-1.5234986543655396 25.39019203186035 -3.473086357116699
-1.342632532119751 25.318422317504883 -3.46626353263855
-1.1642606258392334 25.276302337646484 -3.463637351989746
-0.9930408000946045 25.399215698242188 -3.4838027954101562
-0.8195818066596985 25.509361267089844 -3.5024189949035645
-0.6381294131278992 25.4714412689209 -3.500366449356079
-0.4596445560455322 25.409276962280273 -3.492861032485962
-0.28278791904449463 25.411649703979492 -3.4943926334381104
-0.10600127279758453 25.43214225769043 -3.4985861778259277
0.07098131626844406 25.424314498901367 -3.499053716659546
0.25075191259384155 25.71337890625 -3.5393240451812744
0.4294509291648865 25.517711639404297 -3.5111541748046875
0.6037166714668274 25.375038146972656 -3.490482807159424
0.7892459034919739 25.668272018432617 -3.5299389362335205
0.967867374420166 25.66236686706543 -3.528416156768799
1.140611171722412 25.527881622314453 -3.507642984390259
1.3350385427474976 25.786453247070312 -3.53983211517334
1.5083448886871338 25.67282485961914 -3.5211338996887207
0.0 0.0 0.0
1.8611347675323486 25.592653274536133 -3.504462480545044
2.0796711444854736 26.08928108215332 -3.5675060749053955
2.243149995803833 25.831981658935547 -3.5269763469696045
2.413851022720337 25.72037696838379 -3.5066683292388916
2.602532148361206 25.80021095275879 -3.5126309394836426
2.797595262527466 25.928739547729492 -3.5252280235290527
2.982434034347534 25.948471069335938 -3.5203309059143066
3.1803033351898193 26.043371200561523 -3.525627374649048
3.378890037536621 26.156368255615234 -3.5336074829101562
0.0 0.0 0.0
3.7370035648345947 26.07135581970215 -3.5072453022003174
3.9133923053741455 26.011951446533203 -3.489731550216675
4.131327152252197 26.21912384033203 -3.5080783367156982
4.335457801818848 26.301746368408203 -3.509643077850342
4.557389736175537 26.49783706665039 -3.52656888961792
4.734217643737793 26.42548179626465 -3.506352186203003
4.930256366729736 26.458694458007812 -3.4990811347961426
5.128457069396973 26.498065948486328 -3.4927332401275635
5.330169200897217 26.5314998626709 -3.4854977130889893
5.567805767059326 26.749956130981445 -3.502817392349243
5.788280010223389 26.87199592590332 -3.5053794384002686
5.96145486831665 26.769054412841797 -3.478337287902832
6.184510231018066 26.88787078857422 -3.480248212814331
6.3825812339782715 26.87588119506836 -3.4650537967681885
6.656399250030518 27.1871337890625 -3.49122953414917
6.8763508796691895 27.2630672454834 -3.4849581718444824
7.105254650115967 27.36733055114746 -3.4823381900787354
7.299926280975342 27.33487892150879 -3.4623947143554688
7.60687255859375 27.69646644592285 -3.4919931888580322
7.734462738037109 27.41432762145996 -3.4394049644470215
7.963718891143799 27.493019104003906 -3.431312322616577
0.0 0.0 0.0
8.539962768554688 28.01580047607422 -3.4602248668670654
8.743739128112793 27.9722900390625 -3.436427116394043
9.052413940429688 28.268678665161133 -3.452255964279175
9.247150421142578 28.200803756713867 -3.4235153198242188
9.515684127807617 28.352245330810547 -3.421393871307373
9.785512924194336 28.49765968322754 -3.4184062480926514
10.031786918640137 28.567697525024414 -3.4050815105438232
10.2771635055542 28.61610221862793 -3.387640953063965
0.0 0.0 0.0
0.0 0.0 0.0
11.162484169006348 29.151796340942383 -3.3813610076904297
0.0 0.0 0.0
11.675468444824219 29.255205154418945 -3.342371702194214
0.0 0.0 0.0
0.0 0.0 0.0
0.0 0.0 0.0
0.0 0.0 0.0
0.0 0.0 0.0
0.0 0.0 0.0
0.0 0.0 0.0
0.0 0.0 0.0
0.0 0.0 0.0
0.0 0.0 0.0
0.0 0.0 0.0
15.645951271057129 31.314058303833008 -3.2126567363739014
0.0 0.0 0.0
0.0 0.0 0.0
0.0 0.0 0.0
0.0 0.0 0.0
0.0 0.0 0.0
0.0 0.0 0.0
0.0 0.0 0.0
0.0 0.0 0.0
0.0 0.0 0.0
0.0 0.0 0.0
0.0 0.0 0.0
0.0 0.0 0.0
0.0 0.0 0.0
0.0 0.0 0.0
0.0 0.0 0.0
0.0 0.0 0.0
0.0 0.0 0.0
0.0 0.0 0.0
0.0 0.0 0.0
0.0 0.0 0.0
0.0 0.0 0.0
0.0 0.0 0.0
0.0 0.0 0.0
0.0 0.0 0.0
0.0 0.0 0.0
0.0 0.0 0.0
0.0 0.0 0.0
0.0 0.0 0.0
0.0 0.0 0.0
0.0 0.0 0.0
0.0 0.0 0.0
0.0 0.0 0.0
0.0 0.0 0.0
0.0 0.0 0.0
0.0 0.0 0.0
0.0 0.0 0.0
0.0 0.0 0.0
0.0 0.0 0.0
0.0 0.0 0.0
0.0 0.0 0.0
0.0 0.0 0.0
0.0 0.0 0.0
0.0 0.0 0.0
0.0 0.0 0.0
0.0 0.0 0.0
0.0 0.0 0.0
0.0 0.0 0.0
0.0 0.0 0.0
0.0 0.0 0.0
0.0 0.0 0.0
0.0 0.0 0.0
0.0 0.0 0.0
0.0 0.0 0.0
0.0 0.0 0.0
0.0 0.0 0.0
0.0 0.0 0.0
0.0 0.0 0.0
0.0 0.0 0.0
0.0 0.0 0.0
0.0 0.0 0.0
0.0 0.0 0.0
0.0 0.0 0.0
0.0 0.0 0.0
0.0 0.0 0.0
0.0 0.0 0.0
0.0 0.0 0.0
0.0 0.0 0.0
0.0 0.0 0.0
0.0 0.0 0.0
0.0 0.0 0.0
0.0 0.0 0.0
0.0 0.0 0.0
0.0 0.0 0.0
0.0 0.0 0.0
0.0 0.0 0.0
0.0 0.0 0.0
0.0 0.0 0.0
0.0 0.0 0.0
0.0 0.0 0.0
0.0 0.0 0.0
0.0 0.0 0.0
0.0 0.0 0.0
0.0 0.0 0.0
0.0 0.0 0.0
0.0 0.0 0.0
0.0 0.0 0.0
0.0 0.0 0.0
0.0 0.0 0.0
0.0 0.0 0.0
0.0 0.0 0.0
0.0 0.0 0.0
0.0 0.0 0.0
0.0 0.0 0.0
0.0 0.0 0.0
0.0 0.0 0.0
0.0 0.0 0.0
0.0 0.0 0.0
0.0 0.0 0.0
0.0 0.0 0.0
0.0 0.0 0.0
0.0 0.0 0.0
0.0 0.0 0.0
0.0 0.0 0.0
0.0 0.0 0.0
0.0 0.0 0.0
0.0 0.0 0.0
0.0 0.0 0.0
0.0 0.0 0.0
0.0 0.0 0.0
0.0 0.0 0.0
0.0 0.0 0.0
0.0 0.0 0.0
0.0 0.0 0.0
0.0 0.0 0.0
0.0 0.0 0.0
0.0 0.0 0.0
0.0 0.0 0.0
0.0 0.0 0.0
0.0 0.0 0.0
0.0 0.0 0.0
0.0 0.0 0.0
0.0 0.0 0.0
0.0 0.0 0.0
0.0 0.0 0.0
0.0 0.0 0.0
0.0 0.0 0.0
0.0 0.0 0.0
0.0 0.0 0.0
0.0 0.0 0.0
0.0 0.0 0.0
0.0 0.0 0.0
0.0 0.0 0.0
0.0 0.0 0.0
0.0 0.0 0.0
0.0 0.0 0.0
0.0 0.0 0.0
0.0 0.0 0.0
0.0 0.0 0.0
0.0 0.0 0.0
0.0 0.0 0.0
0.0 0.0 0.0
0.0 0.0 0.0
0.0 0.0 0.0
0.0 0.0 0.0
0.0 0.0 0.0
0.0 0.0 0.0
0.0 0.0 0.0
0.0 0.0 0.0
0.0 0.0 0.0
0.0 0.0 0.0
0.0 0.0 0.0
0.0 0.0 0.0
0.0 0.0 0.0
0.0 0.0 0.0
0.0 0.0 0.0
0.0 0.0 0.0
0.0 0.0 0.0
0.0 0.0 0.0
0.0 0.0 0.0
0.0 0.0 0.0
0.0 0.0 0.0
0.0 0.0 0.0
0.0 0.0 0.0
0.0 0.0 0.0
0.0 0.0 0.0
0.0 0.0 0.0
0.0 0.0 0.0
0.0 0.0 0.0
0.0 0.0 0.0
0.0 0.0 0.0
0.0 0.0 0.0
0.0 0.0 0.0
0.0 0.0 0.0
0.0 0.0 0.0
0.0 0.0 0.0
0.0 0.0 0.0
0.0 0.0 0.0
0.0 0.0 0.0
0.0 0.0 0.0
0.0 0.0 0.0
0.0 0.0 0.0
0.0 0.0 0.0
0.0 0.0 0.0
0.0 0.0 0.0
0.0 0.0 0.0
0.0 0.0 0.0
0.0 0.0 0.0
0.0 0.0 0.0
0.0 0.0 0.0
0.0 0.0 0.0
0.0 0.0 0.0
0.0 0.0 0.0
0.0 0.0 0.0
0.0 0.0 0.0
0.0 0.0 0.0
0.0 0.0 0.0
0.0 0.0 0.0
0.0 0.0 0.0
0.0 0.0 0.0
0.0 0.0 0.0
0.0 0.0 0.0
0.0 0.0 0.0
0.0 0.0 0.0
0.0 0.0 0.0
0.0 0.0 0.0
0.0 0.0 0.0
0.0 0.0 0.0
0.0 0.0 0.0
0.0 0.0 0.0
0.0 0.0 0.0
0.0 0.0 0.0
0.0 0.0 0.0
0.0 0.0 0.0
0.0 0.0 0.0
0.0 0.0 0.0
0.0 0.0 0.0
0.0 0.0 0.0
0.0 0.0 0.0
0.0 0.0 0.0
0.0 0.0 0.0
0.0 0.0 0.0
0.0 0.0 0.0
-16.684953689575195 29.792274475097656 -2.6129753589630127
0.0 0.0 0.0
0.0 0.0 0.0
0.0 0.0 0.0
0.0 0.0 0.0
0.0 0.0 0.0
0.0 0.0 0.0
0.0 0.0 0.0
0.0 0.0 0.0
0.0 0.0 0.0
0.0 0.0 0.0
0.0 0.0 0.0
0.0 0.0 0.0
0.0 0.0 0.0
-12.222415924072266 27.911880493164062 -2.910895347595215
0.0 0.0 0.0
0.0 0.0 0.0
0.0 0.0 0.0
0.0 0.0 0.0
0.0 0.0 0.0
0.0 0.0 0.0
0.0 0.0 0.0
0.0 0.0 0.0
0.0 0.0 0.0
0.0 0.0 0.0
0.0 0.0 0.0
0.0 0.0 0.0
0.0 0.0 0.0
0.0 0.0 0.0
0.0 0.0 0.0
0.0 0.0 0.0
0.0 0.0 0.0
0.0 0.0 0.0
-7.561640739440918 26.298553466796875 -3.1682846546173096
0.0 0.0 0.0
0.0 0.0 0.0
-6.9520368576049805 26.241012573242188 -3.2143235206604004
-6.720218181610107 26.098453521728516 -3.2129435539245605
0.0 0.0 0.0
-6.346602916717529 26.150564193725586 -3.2519164085388184
0.0 0.0 0.0
-5.8912272453308105 25.8543701171875 -3.244663953781128
-5.733071804046631 25.99474334716797 -3.2763290405273438
-5.497025966644287 25.777782440185547 -3.263049364089966
-5.3825860023498535 26.13208770751953 -3.3222622871398926
-5.132023811340332 25.824695587158203 -3.2957561016082764
-4.9545578956604 25.888816833496094 -3.315945625305176
-4.765601634979248 25.87492561340332 -3.32608962059021
-4.5966644287109375 25.970314025878906 -3.350451707839966
-4.368236541748047 25.720773696899414 -3.3303756713867188
-4.171364784240723 25.641796112060547 -3.3298256397247314
-3.982300281524658 25.623050689697266 -3.3372371196746826
0.0 0.0 0.0
-3.605464220046997 25.53452491760254 -3.3454160690307617
0.0 0.0 0.0
-3.2717325687408447 25.756027221679688 -3.3916637897491455
-3.0720348358154297 25.607589721679688 -3.379856586456299
-2.911532402038574 25.8120174407959 -3.4149274826049805
-2.7057039737701416 25.58378791809082 -3.3927714824676514
-2.5237953662872314 25.566131591796875 -3.3973429203033447
-2.3626551628112793 25.76717758178711 -3.429579019546509
-2.1622438430786133 25.53504753112793 -3.4043116569519043
-1.981380581855774 25.548690795898438 -3.4120194911956787
0.0 0.0 0.0
-1.6282265186309814 25.618396759033203 -3.431576728820801
-1.454107642173767 25.7018985748291 -3.4462718963623047
-1.2576159238815308 25.354990005493164 -3.4033806324005127
-1.0912065505981445 25.66817283630371 -3.4493181705474854
-0.9049729108810425 25.465572357177734 -3.4260671138763428
-0.7343036532402039 25.699243545532227 -3.459230899810791
-0.5545342564582825 25.660877227783203 -3.4555723667144775
-0.3759467601776123 25.648347854614258 -3.4555554389953613
-0.19320854544639587 25.51459503173828 -3.439399242401123
-0.01578952558338642 25.724109649658203 -3.4695000648498535
0.16344322264194489 25.789501190185547 -3.477673053741455
0.3418453335762024 25.706546783447266 -3.4660091400146484
0.5226478576660156 25.80814552307129 -3.4793970584869385
0.7020426392555237 25.796236038208008 -3.477649211883545
0.8822946548461914 25.725040435791016 -3.467371940612793
0.0 0.0 0.0
0.0 0.0 0.0
1.4283064603805542 25.87254524230957 -3.4796299934387207
1.6237965822219849 26.113632202148438 -3.509827136993408
1.7982796430587769 25.955385208129883 -3.485218048095703
1.978756070137024 25.94310760498047 -3.4788174629211426
2.1702911853790283 26.060749053955078 -3.489978313446045
2.3643853664398193 26.18857192993164 -3.502628803253174
2.5287063121795654 25.987346649169922 -3.4714410305023193
2.7402241230010986 26.23565101623535 -3.4986627101898193
2.917079210281372 26.167139053344727 -3.4828693866729736
3.124328136444092 26.358919143676758 -3.501842498779297
3.321620225906372 26.44920539855957 -3.507429599761963
3.492816686630249 26.3306941986084 -3.4854936599731445
0.0 0.0 0.0
3.8774399757385254 26.385656356811523 -3.4753997325897217
4.047569274902344 26.27153205871582 -3.451808452606201
4.252451419830322 26.38199234008789 -3.4578874111175537
4.477175712585449 26.597864151000977 -3.4775688648223877
4.683699131011963 26.69009017944336 -3.4787142276763916
4.8757476806640625 26.67340087890625 -3.465573310852051
5.079683780670166 26.735862731933594 -3.463033676147461
5.284503936767578 26.79681396484375 -3.460404396057129
5.518452167510986 26.99301528930664 -3.4742887020111084
5.709790229797363 26.971311569213867 -3.458550214767456
5.916844844818115 27.004350662231445 -3.4497334957122803
6.120477199554443 27.03274154663086 -3.4406516551971436
6.371332168579102 27.259727478027344 -3.45687198638916
6.639310359954834 27.54130744934082 -3.4780659675598145
6.839862823486328 27.530771255493164 -3.461527109146118
7.0814385414123535 27.664466857910156 -3.462911605834961
7.301126480102539 27.718217849731445 -3.4545681476593018
7.498421669006348 27.684206008911133 -3.435246229171753
7.6895904541015625 27.626558303833008 -3.4109609127044678
7.925095081329346 27.724227905273438 -3.4059314727783203
8.169177055358887 27.83013343811035 -3.401578664779663
8.410684585571289 27.93122100830078 -3.3969032764434814
8.657870292663574 28.04548454284668 -3.392636299133301
8.963640213012695 28.33529281616211 -3.408151149749756
0.0 0.0 0.0
9.404996871948242 28.35370635986328 -3.371527671813965
0.0 0.0 0.0
10.061097145080566 28.965797424316406 -3.402327299118042
0.0 0.0 0.0
0.0 0.0 0.0
0.0 0.0 0.0
0.0 0.0 0.0
0.0 0.0 0.0
11.641733169555664 29.473609924316406 -3.3234004974365234
0.0 0.0 0.0
0.0 0.0 0.0
0.0 0.0 0.0
12.825776100158691 29.993595123291016 -3.2787551879882812
0.0 0.0 0.0
13.489069938659668 30.3696231842041 -3.2657036781311035
13.872452735900879 30.657812118530273 -3.267212390899658
0.0 0.0 0.0
0.0 0.0 0.0
0.0 0.0 0.0
0.0 0.0 0.0
0.0 0.0 0.0
0.0 0.0 0.0
0.0 0.0 0.0
0.0 0.0 0.0
0.0 0.0 0.0
0.0 0.0 0.0
0.0 0.0 0.0
0.0 0.0 0.0
0.0 0.0 0.0
0.0 0.0 0.0
0.0 0.0 0.0
0.0 0.0 0.0
0.0 0.0 0.0
21.513444900512695 35.04798126220703 -3.0139989852905273
0.0 0.0 0.0
0.0 0.0 0.0
0.0 0.0 0.0
0.0 0.0 0.0
0.0 0.0 0.0
0.0 0.0 0.0
0.0 0.0 0.0
0.0 0.0 0.0
0.0 0.0 0.0
0.0 0.0 0.0
0.0 0.0 0.0
0.0 0.0 0.0
0.0 0.0 0.0
0.0 0.0 0.0
0.0 0.0 0.0
0.0 0.0 0.0
0.0 0.0 0.0
0.0 0.0 0.0
0.0 0.0 0.0
0.0 0.0 0.0
0.0 0.0 0.0
0.0 0.0 0.0
0.0 0.0 0.0
0.0 0.0 0.0
0.0 0.0 0.0
0.0 0.0 0.0
0.0 0.0 0.0
0.0 0.0 0.0
0.0 0.0 0.0
0.0 0.0 0.0
0.0 0.0 0.0
0.0 0.0 0.0
0.0 0.0 0.0
0.0 0.0 0.0
0.0 0.0 0.0
0.0 0.0 0.0
0.0 0.0 0.0
0.0 0.0 0.0
0.0 0.0 0.0
0.0 0.0 0.0
0.0 0.0 0.0
0.0 0.0 0.0
0.0 0.0 0.0
0.0 0.0 0.0
0.0 0.0 0.0
0.0 0.0 0.0
0.0 0.0 0.0
0.0 0.0 0.0
0.0 0.0 0.0
0.0 0.0 0.0
0.0 0.0 0.0
0.0 0.0 0.0
0.0 0.0 0.0
0.0 0.0 0.0
0.0 0.0 0.0
0.0 0.0 0.0
0.0 0.0 0.0
0.0 0.0 0.0
0.0 0.0 0.0
0.0 0.0 0.0
0.0 0.0 0.0
0.0 0.0 0.0
0.0 0.0 0.0
0.0 0.0 0.0
0.0 0.0 0.0
0.0 0.0 0.0
0.0 0.0 0.0
0.0 0.0 0.0
0.0 0.0 0.0
0.0 0.0 0.0
0.0 0.0 0.0
0.0 0.0 0.0
0.0 0.0 0.0
0.0 0.0 0.0
0.0 0.0 0.0
0.0 0.0 0.0
0.0 0.0 0.0
0.0 0.0 0.0
0.0 0.0 0.0
0.0 0.0 0.0
0.0 0.0 0.0
0.0 0.0 0.0
0.0 0.0 0.0
0.0 0.0 0.0
0.0 0.0 0.0
0.0 0.0 0.0
0.0 0.0 0.0
0.0 0.0 0.0
0.0 0.0 0.0
0.0 0.0 0.0
0.0 0.0 0.0
0.0 0.0 0.0
0.0 0.0 0.0
0.0 0.0 0.0
0.0 0.0 0.0
0.0 0.0 0.0
0.0 0.0 0.0
0.0 0.0 0.0
0.0 0.0 0.0
0.0 0.0 0.0
0.0 0.0 0.0
0.0 0.0 0.0
0.0 0.0 0.0
0.0 0.0 0.0
0.0 0.0 0.0
0.0 0.0 0.0
0.0 0.0 0.0
0.0 0.0 0.0
0.0 0.0 0.0
0.0 0.0 0.0
0.0 0.0 0.0
0.0 0.0 0.0
0.0 0.0 0.0
0.0 0.0 0.0
0.0 0.0 0.0
0.0 0.0 0.0
0.0 0.0 0.0
0.0 0.0 0.0
0.0 0.0 0.0
0.0 0.0 0.0
0.0 0.0 0.0
0.0 0.0 0.0
0.0 0.0 0.0
0.0 0.0 0.0
0.0 0.0 0.0
0.0 0.0 0.0
0.0 0.0 0.0
0.0 0.0 0.0
0.0 0.0 0.0
0.0 0.0 0.0
0.0 0.0 0.0
0.0 0.0 0.0
0.0 0.0 0.0
0.0 0.0 0.0
0.0 0.0 0.0
0.0 0.0 0.0
0.0 0.0 0.0
0.0 0.0 0.0
0.0 0.0 0.0
0.0 0.0 0.0
0.0 0.0 0.0
0.0 0.0 0.0
0.0 0.0 0.0
0.0 0.0 0.0
0.0 0.0 0.0
0.0 0.0 0.0
0.0 0.0 0.0
0.0 0.0 0.0
0.0 0.0 0.0
0.0 0.0 0.0
0.0 0.0 0.0
0.0 0.0 0.0
0.0 0.0 0.0
0.0 0.0 0.0
0.0 0.0 0.0
0.0 0.0 0.0
0.0 0.0 0.0
0.0 0.0 0.0
0.0 0.0 0.0
0.0 0.0 0.0
0.0 0.0 0.0
0.0 0.0 0.0
0.0 0.0 0.0
0.0 0.0 0.0
0.0 0.0 0.0
0.0 0.0 0.0
0.0 0.0 0.0
0.0 0.0 0.0
0.0 0.0 0.0
0.0 0.0 0.0
0.0 0.0 0.0
0.0 0.0 0.0
0.0 0.0 0.0
0.0 0.0 0.0
0.0 0.0 0.0
0.0 0.0 0.0
0.0 0.0 0.0
0.0 0.0 0.0
0.0 0.0 0.0
0.0 0.0 0.0
0.0 0.0 0.0
0.0 0.0 0.0
0.0 0.0 0.0
0.0 0.0 0.0
0.0 0.0 0.0
0.0 0.0 0.0
0.0 0.0 0.0
0.0 0.0 0.0
0.0 0.0 0.0
0.0 0.0 0.0
0.0 0.0 0.0
0.0 0.0 0.0
0.0 0.0 0.0
0.0 0.0 0.0
0.0 0.0 0.0
0.0 0.0 0.0
0.0 0.0 0.0
0.0 0.0 0.0
0.0 0.0 0.0
0.0 0.0 0.0
0.0 0.0 0.0
0.0 0.0 0.0
0.0 0.0 0.0
0.0 0.0 0.0
0.0 0.0 0.0
0.0 0.0 0.0
0.0 0.0 0.0
0.0 0.0 0.0
0.0 0.0 0.0
0.0 0.0 0.0
0.0 0.0 0.0
0.0 0.0 0.0
0.0 0.0 0.0
0.0 0.0 0.0
0.0 0.0 0.0
0.0 0.0 0.0
0.0 0.0 0.0
0.0 0.0 0.0
0.0 0.0 0.0
0.0 0.0 0.0
0.0 0.0 0.0
0.0 0.0 0.0
0.0 0.0 0.0
0.0 0.0 0.0
0.0 0.0 0.0
0.0 0.0 0.0
0.0 0.0 0.0
0.0 0.0 0.0
0.0 0.0 0.0
0.0 0.0 0.0
0.0 0.0 0.0
0.0 0.0 0.0
0.0 0.0 0.0
0.0 0.0 0.0
0.0 0.0 0.0
0.0 0.0 0.0
0.0 0.0 0.0
0.0 0.0 0.0
0.0 0.0 0.0
0.0 0.0 0.0
0.0 0.0 0.0
0.0 0.0 0.0
0.0 0.0 0.0
0.0 0.0 0.0
0.0 0.0 0.0
-6.888139247894287 26.36450958251953 -3.1730563640594482
-6.701929569244385 26.40179443359375 -3.194192409515381
0.0 0.0 0.0
0.0 0.0 0.0
0.0 0.0 0.0
-5.878547668457031 26.213882446289062 -3.231508493423462
0.0 0.0 0.0
-5.458348751068115 26.050334930419922 -3.2398548126220703
-5.262002944946289 26.013477325439453 -3.2474656105041504
-5.082021713256836 26.055065155029297 -3.2649970054626465
-4.909586429595947 26.137306213378906 -3.287808895111084
-4.701104640960693 26.023839950561523 -3.286115884780884
-4.491866588592529 25.913320541381836 -3.2832956314086914
0.0 0.0 0.0
0.0 0.0 0.0
0.0 0.0 0.0
-3.7658584117889404 26.00605583190918 -3.33652400970459
-3.580659866333008 26.003358840942383 -3.3444576263427734
-3.396474599838257 26.026607513427734 -3.355722427368164
-3.184803009033203 25.802095413208008 -3.334991931915283
-3.005981683731079 25.829919815063477 -3.3469626903533936
-2.847874402999878 26.049110412597656 -3.38364315032959
-2.655851364135742 25.963138580322266 -3.3786301612854004
-2.438797950744629 25.633108139038086 -3.3420255184173584
-2.282226085662842 25.899198532104492 -3.3831777572631836
0.0 0.0 0.0
-1.9021782875061035 25.667572021484375 -3.3652331829071045
-1.7335102558135986 25.830184936523438 -3.3905816078186035
-1.5619324445724487 26.030502319335938 -3.4211719036102295
-1.3849470615386963 26.12122344970703 -3.4374985694885254
-1.1836179494857788 25.707796096801758 -3.387587308883667
-1.0096255540847778 25.84257698059082 -3.408533811569214
-0.8337182402610779 25.9647216796875 -3.426642656326294
-0.6479277014732361 25.888296127319336 -3.418753147125244
-0.46728038787841797 25.864704132080078 -3.417961835861206
-0.2866056561470032 25.805004119873047 -3.4125564098358154
-0.10778290778398514 25.949548721313477 -3.4323079586029053
0.07282855361700058 26.00776481628418 -3.4399516582489014
0.25366994738578796 25.983400344848633 -3.4368388652801514
0.4388003349304199 26.05065155029297 -3.4460182189941406
0.6211369633674622 26.097305297851562 -3.452636957168579
0.804478645324707 26.150745391845703 -3.457811117172241
0.9817151427268982 26.02105712890625 -3.438598871231079
1.155758261680603 25.863094329833984 -3.415839910507202
1.3577519655227661 26.218189239501953 -3.4609615802764893
1.5291976928710938 26.022933959960938 -3.4334614276885986
1.7331914901733398 26.364072799682617 -3.474318265914917
0.0 0.0 0.0
2.0912911891937256 26.234647750854492 -3.4494869709014893
2.2876641750335693 26.343406677246094 -3.4600648880004883
2.4646849632263184 26.26211929321289 -3.445221185684204
2.6511635780334473 26.283967971801758 -3.441988229751587
2.854907274246216 26.45852279663086 -3.458859443664551
3.056562900543213 26.593055725097656 -3.4705960750579834
3.2267074584960938 26.42186164855957 -3.4424920082092285
3.408768892288208 26.388525009155273 -3.4313833713531494
3.604541778564453 26.453882217407227 -3.4316842555999756
3.8211829662323 26.655868530273438 -3.4497792720794678
0.0 0.0 0.0
4.199251174926758 26.6489200592041 -3.433135509490967
4.4237141609191895 26.83816909790039 -3.447964906692505
4.602222442626953 26.758800506591797 -3.427706241607666
4.841813087463379 27.025436401367188 -3.451857089996338
5.0344390869140625 27.01566505432129 -3.4407401084899902
5.204103946685791 26.886579513549805 -3.4146323204040527
5.464834690093994 27.200786590576172 -3.442143440246582
5.672491550445557 27.25145721435547 -3.436291456222534
5.882750034332275 27.308134078979492 -3.4312822818756104
6.097218036651611 27.378387451171875 -3.4280693531036377
6.32427453994751 27.496177673339844 -3.43027925491333
6.552746295928955 27.592618942260742 -3.427588939666748
6.734100341796875 27.503459930419922 -3.4022305011749268
6.973340034484863 27.646270751953125 -3.4056591987609863
7.2092742919921875 27.76450538635254 -3.406028985977173
7.423748970031738 27.794872283935547 -3.3943159580230713
7.71753454208374 28.095901489257812 -3.4142696857452393
7.960072040557861 28.208337783813477 -3.411433696746826
8.101741790771484 27.964750289916992 -3.3657405376434326
0.0 0.0 0.0
8.603513717651367 28.22212791442871 -3.3619444370269775
8.944040298461914 28.611589431762695 -3.389305591583252
9.218400955200195 28.78432273864746 -3.391029119491577
9.333490371704102 28.46031379699707 -3.334416389465332
9.707270622253418 28.920289993286133 -3.3687028884887695
9.909245491027832 28.855003356933594 -3.3403799533843994
10.187983512878418 29.008121490478516 -3.3373467922210693
10.46510124206543 29.135583877563477 -3.3308565616607666
10.727720260620117 29.225324630737305 -3.320307731628418
11.02791976928711 29.41163444519043 -3.3184540271759033
11.274943351745605 29.446195602416992 -3.29927659034729
0.0 0.0 0.0
0.0 0.0 0.0
12.16152572631836 29.871320724487305 -3.2750771045684814
0.0 0.0 0.0
12.833568572998047 30.306861877441406 -3.270731210708618
0.0 0.0 0.0
0.0 0.0 0.0
0.0 0.0 0.0
0.0 0.0 0.0
14.480615615844727 31.122234344482422 -3.217398166656494
0.0 0.0 0.0
0.0 0.0 0.0
0.0 0.0 0.0
0.0 0.0 0.0
0.0 0.0 0.0
0.0 0.0 0.0
0.0 0.0 0.0
0.0 0.0 0.0
0.0 0.0 0.0
0.0 0.0 0.0
0.0 0.0 0.0
0.0 0.0 0.0
0.0 0.0 0.0
0.0 0.0 0.0
0.0 0.0 0.0
0.0 0.0 0.0
0.0 0.0 0.0
0.0 0.0 0.0
0.0 0.0 0.0
67.23818969726562 103.80181884765625 -8.28169059753418
0.0 0.0 0.0
0.0 0.0 0.0
0.0 0.0 0.0
0.0 0.0 0.0
0.0 0.0 0.0
0.0 0.0 0.0
0.0 0.0 0.0
0.0 0.0 0.0
0.0 0.0 0.0
0.0 0.0 0.0
0.0 0.0 0.0
0.0 0.0 0.0
0.0 0.0 0.0
0.0 0.0 0.0
0.0 0.0 0.0
0.0 0.0 0.0
0.0 0.0 0.0
0.0 0.0 0.0
0.0 0.0 0.0
0.0 0.0 0.0
0.0 0.0 0.0
0.0 0.0 0.0
0.0 0.0 0.0
0.0 0.0 0.0
0.0 0.0 0.0
0.0 0.0 0.0
0.0 0.0 0.0
0.0 0.0 0.0
0.0 0.0 0.0
0.0 0.0 0.0
0.0 0.0 0.0
0.0 0.0 0.0
0.0 0.0 0.0
0.0 0.0 0.0
0.0 0.0 0.0
0.0 0.0 0.0
0.0 0.0 0.0
0.0 0.0 0.0
0.0 0.0 0.0
0.0 0.0 0.0
0.0 0.0 0.0
0.0 0.0 0.0
0.0 0.0 0.0
0.0 0.0 0.0
0.0 0.0 0.0
0.0 0.0 0.0
0.0 0.0 0.0
0.0 0.0 0.0
0.0 0.0 0.0
0.0 0.0 0.0
0.0 0.0 0.0
0.0 0.0 0.0
0.0 0.0 0.0
0.0 0.0 0.0
0.0 0.0 0.0
0.0 0.0 0.0
0.0 0.0 0.0
0.0 0.0 0.0
0.0 0.0 0.0
0.0 0.0 0.0
0.0 0.0 0.0
0.0 0.0 0.0
0.0 0.0 0.0
0.0 0.0 0.0
0.0 0.0 0.0
0.0 0.0 0.0
0.0 0.0 0.0
0.0 0.0 0.0
0.0 0.0 0.0
0.0 0.0 0.0
0.0 0.0 0.0
0.0 0.0 0.0
0.0 0.0 0.0
0.0 0.0 0.0
0.0 0.0 0.0
0.0 0.0 0.0
0.0 0.0 0.0
0.0 0.0 0.0
0.0 0.0 0.0
0.0 0.0 0.0
0.0 0.0 0.0
0.0 0.0 0.0
0.0 0.0 0.0
0.0 0.0 0.0
0.0 0.0 0.0
0.0 0.0 0.0
0.0 0.0 0.0
0.0 0.0 0.0
0.0 0.0 0.0
0.0 0.0 0.0
0.0 0.0 0.0
0.0 0.0 0.0
0.0 0.0 0.0
0.0 0.0 0.0
0.0 0.0 0.0
0.0 0.0 0.0
0.0 0.0 0.0
0.0 0.0 0.0
0.0 0.0 0.0
0.0 0.0 0.0
0.0 0.0 0.0
0.0 0.0 0.0
0.0 0.0 0.0
0.0 0.0 0.0
0.0 0.0 0.0
0.0 0.0 0.0
0.0 0.0 0.0
0.0 0.0 0.0
0.0 0.0 0.0
0.0 0.0 0.0
0.0 0.0 0.0
0.0 0.0 0.0
0.0 0.0 0.0
0.0 0.0 0.0
0.0 0.0 0.0
0.0 0.0 0.0
0.0 0.0 0.0
0.0 0.0 0.0
0.0 0.0 0.0
0.0 0.0 0.0
0.0 0.0 0.0
0.0 0.0 0.0
0.0 0.0 0.0
0.0 0.0 0.0
0.0 0.0 0.0
0.0 0.0 0.0
0.0 0.0 0.0
0.0 0.0 0.0
0.0 0.0 0.0
0.0 0.0 0.0
0.0 0.0 0.0
0.0 0.0 0.0
0.0 0.0 0.0
0.0 0.0 0.0
0.0 0.0 0.0
0.0 0.0 0.0
0.0 0.0 0.0
0.0 0.0 0.0
0.0 0.0 0.0
0.0 0.0 0.0
0.0 0.0 0.0
0.0 0.0 0.0
0.0 0.0 0.0
0.0 0.0 0.0
0.0 0.0 0.0
0.0 0.0 0.0
0.0 0.0 0.0
0.0 0.0 0.0
0.0 0.0 0.0
0.0 0.0 0.0
0.0 0.0 0.0
0.0 0.0 0.0
0.0 0.0 0.0
0.0 0.0 0.0
0.0 0.0 0.0
0.0 0.0 0.0
0.0 0.0 0.0
0.0 0.0 0.0
0.0 0.0 0.0
0.0 0.0 0.0
0.0 0.0 0.0
0.0 0.0 0.0
0.0 0.0 0.0
0.0 0.0 0.0
0.0 0.0 0.0
0.0 0.0 0.0
0.0 0.0 0.0
0.0 0.0 0.0
0.0 0.0 0.0
0.0 0.0 0.0
0.0 0.0 0.0
0.0 0.0 0.0
0.0 0.0 0.0
0.0 0.0 0.0
0.0 0.0 0.0
0.0 0.0 0.0
0.0 0.0 0.0
0.0 0.0 0.0
0.0 0.0 0.0
0.0 0.0 0.0
0.0 0.0 0.0
0.0 0.0 0.0
0.0 0.0 0.0
0.0 0.0 0.0
0.0 0.0 0.0
0.0 0.0 0.0
0.0 0.0 0.0
0.0 0.0 0.0
0.0 0.0 0.0
0.0 0.0 0.0
0.0 0.0 0.0
0.0 0.0 0.0
0.0 0.0 0.0
0.0 0.0 0.0
0.0 0.0 0.0
0.0 0.0 0.0
0.0 0.0 0.0
0.0 0.0 0.0
0.0 0.0 0.0
0.0 0.0 0.0
0.0 0.0 0.0
0.0 0.0 0.0
0.0 0.0 0.0
0.0 0.0 0.0
0.0 0.0 0.0
0.0 0.0 0.0
0.0 0.0 0.0
0.0 0.0 0.0
0.0 0.0 0.0
0.0 0.0 0.0
0.0 0.0 0.0
0.0 0.0 0.0
0.0 0.0 0.0
0.0 0.0 0.0
0.0 0.0 0.0
0.0 0.0 0.0
0.0 0.0 0.0
0.0 0.0 0.0
0.0 0.0 0.0
0.0 0.0 0.0
0.0 0.0 0.0
0.0 0.0 0.0
0.0 0.0 0.0
0.0 0.0 0.0
0.0 0.0 0.0
0.0 0.0 0.0
0.0 0.0 0.0
0.0 0.0 0.0
0.0 0.0 0.0
0.0 0.0 0.0
0.0 0.0 0.0
0.0 0.0 0.0
0.0 0.0 0.0
0.0 0.0 0.0
0.0 0.0 0.0
0.0 0.0 0.0
0.0 0.0 0.0
0.0 0.0 0.0
0.0 0.0 0.0
0.0 0.0 0.0
0.0 0.0 0.0
-7.185965538024902 26.37175178527832 -3.0939297676086426
0.0 0.0 0.0
0.0 0.0 0.0
-6.633749961853027 26.532434463500977 -3.1611602306365967
-6.38552188873291 26.315519332885742 -3.1495869159698486
-6.282153606414795 26.696908950805664 -3.209803581237793
0.0 0.0 0.0
0.0 0.0 0.0
-5.6615681648254395 26.547021865844727 -3.2335398197174072
0.0 0.0 0.0
-5.237166404724121 26.34918785095215 -3.234170913696289
0.0 0.0 0.0
-4.8565754890441895 26.366683959960938 -3.2609241008758545
0.0 0.0 0.0
0.0 0.0 0.0
-4.293394565582275 26.388242721557617 -3.2948896884918213
-4.073534965515137 26.205520629882812 -3.282893180847168
-3.879676342010498 26.158891677856445 -3.286288261413574
-3.6772971153259277 26.04183006286621 -3.279895305633545
-3.511772632598877 26.18446159362793 -3.306363344192505
-3.322458267211914 26.15300941467285 -3.311030149459839
-3.142061471939087 26.189456939697266 -3.324441432952881
0.0 0.0 0.0
-2.7808685302734375 26.298099517822266 -3.3514792919158936
-2.5820016860961914 26.157602310180664 -3.340073823928833
-2.4064550399780273 26.247154235839844 -3.358184337615967
-2.208096742630005 26.076818466186523 -3.3431501388549805
-2.007845163345337 25.894004821777344 -3.3240957260131836
-1.8254870176315308 25.875646591186523 -3.326193332672119
0.0 0.0 0.0
-1.477376103401184 26.113605499267578 -3.3662526607513428
-1.301384687423706 26.23861312866211 -3.3868377208709717
-1.1068497896194458 26.04158592224121 -3.363748073577881
-0.92730313539505 26.098562240600586 -3.373579502105713
-0.7446926832199097 26.065223693847656 -3.3718976974487305
-0.5635424852371216 26.0848388671875 -3.377230644226074
-0.3862345516681671 26.370590209960938 -3.41619610786438
-0.19723553955554962 26.062694549560547 -3.376573085784912
-0.016089649870991707 26.098234176635742 -3.381601333618164
0.1661546379327774 26.194490432739258 -3.3946640491485596
0.34896498918533325 26.231369018554688 -3.4001989364624023
0.5348631739616394 26.40658950805664 -3.4223902225494385
0.714446485042572 26.251493453979492 -3.4005661010742188
0.9032151103019714 26.335126876831055 -3.4098103046417236
1.080337405204773 26.181411743164062 -3.3885185718536377
1.2824281454086304 26.58759307861328 -3.4398436546325684
1.4519872665405273 26.300037384033203 -3.399808883666992
1.6530860662460327 26.583799362182617 -3.4329349994659424
1.8350826501846313 26.483177185058594 -3.416501045227051
2.035317897796631 26.678998947143555 -3.438521146774292
2.209199905395508 26.525833129882812 -3.4157228469848633
2.3893978595733643 26.46445655822754 -3.402527093887329
0.0 0.0 0.0
0.0 0.0 0.0
2.959470272064209 26.54622459411621 -3.3966474533081055
3.1963415145874023 26.968557357788086 -3.445413112640381
0.0 0.0 0.0
3.556945323944092 26.81266975402832 -3.410310745239258
3.765137195587158 26.91864013671875 -3.4162681102752686
3.928783416748047 26.732044219970703 -3.3854031562805176
4.150175094604492 26.935298919677734 -3.403430461883545
4.354272842407227 27.010726928710938 -3.403392791748047
4.59758996963501 27.310163497924805 -3.4315948486328125
4.748780727386475 27.05768394470215 -3.3905742168426514
4.972534656524658 27.200456619262695 -3.3991007804870605
5.202124118804932 27.380332946777344 -3.4112327098846436
5.368278980255127 27.219810485839844 -3.379709243774414
5.599803447723389 27.388858795166016 -3.389251708984375
5.859644412994385 27.67742347717285 -3.413527727127075
6.07351016998291 27.71669578552246 -3.4068429470062256
6.266346454620361 27.675960540771484 -3.3887007236480713
6.4699788093566895 27.679170608520508 -3.375417947769165
6.699189186096191 27.786527633666992 -3.3749191761016846
6.945403099060059 27.952226638793945 -3.381479263305664
7.159984111785889 27.96849250793457 -3.369582414627075
7.3916544914245605 28.059221267700195 -3.364865303039551
7.583335876464844 27.994516372680664 -3.3416028022766113
7.842345714569092 28.171443939208984 -3.3472108840942383
8.116766929626465 28.390974044799805 -3.3577880859375
0.0 0.0 0.0
0.0 0.0 0.0
8.864171981811523 28.71181297302246 -3.3430020809173584
9.073678016662598 28.681737899780273 -3.321788787841797
9.356432914733887 28.87537956237793 -3.3264524936676025
9.654138565063477 29.10370445251465 -3.3330044746398926
9.827342987060547 28.938138961791992 -3.2938318252563477
10.173495292663574 29.286413192749023 -3.3134520053863525
0.0 0.0 0.0
10.62523078918457 29.268325805664062 -3.270740032196045
0.0 0.0 0.0
0.0 0.0 0.0
11.511662483215332 29.746923446655273 -3.2566986083984375
0.0 0.0 0.0
0.0 0.0 0.0
0.0 0.0 0.0
12.763011932373047 30.425840377807617 -3.2328758239746094
13.056877136230469 30.528762817382812 -3.218782424926758
0.0 0.0 0.0
13.758956909179688 30.972618103027344 -3.211195230484009
0.0 0.0 0.0
14.448025703430176 31.330171585083008 -3.1920251846313477
14.783524513244629 31.482608795166016 -3.1785073280334473
15.13281536102295 31.652637481689453 -3.1652896404266357
0.0 0.0 0.0
15.773244857788086 31.846670150756836 -3.1234242916107178
0.0 0.0 0.0
0.0 0.0 0.0
0.0 0.0 0.0
0.0 0.0 0.0
0.0 0.0 0.0
0.0 0.0 0.0
0.0 0.0 0.0
19.227304458618164 33.9167594909668 -3.033450126647949
19.520172119140625 33.88410568237305 -2.9900662899017334
0.0 0.0 0.0
0.0 0.0 0.0
0.0 0.0 0.0
0.0 0.0 0.0
0.0 0.0 0.0
0.0 0.0 0.0
0.0 0.0 0.0
0.0 0.0 0.0
0.0 0.0 0.0
0.0 0.0 0.0
0.0 0.0 0.0
0.0 0.0 0.0
0.0 0.0 0.0
0.0 0.0 0.0
0.0 0.0 0.0
0.0 0.0 0.0
0.0 0.0 0.0
0.0 0.0 0.0
0.0 0.0 0.0
0.0 0.0 0.0
0.0 0.0 0.0
0.0 0.0 0.0
0.0 0.0 0.0
0.0 0.0 0.0
0.0 0.0 0.0
0.0 0.0 0.0
0.0 0.0 0.0
0.0 0.0 0.0
0.0 0.0 0.0
0.0 0.0 0.0
0.0 0.0 0.0
0.0 0.0 0.0
0.0 0.0 0.0
0.0 0.0 0.0
0.0 0.0 0.0
0.0 0.0 0.0
0.0 0.0 0.0
0.0 0.0 0.0
0.0 0.0 0.0
0.0 0.0 0.0
0.0 0.0 0.0
0.0 0.0 0.0
0.0 0.0 0.0
0.0 0.0 0.0
0.0 0.0 0.0
0.0 0.0 0.0
0.0 0.0 0.0
0.0 0.0 0.0
0.0 0.0 0.0
0.0 0.0 0.0
0.0 0.0 0.0
0.0 0.0 0.0
0.0 0.0 0.0
0.0 0.0 0.0
0.0 0.0 0.0
0.0 0.0 0.0
0.0 0.0 0.0
0.0 0.0 0.0
0.0 0.0 0.0
0.0 0.0 0.0
0.0 0.0 0.0
0.0 0.0 0.0
0.0 0.0 0.0
0.0 0.0 0.0
0.0 0.0 0.0
0.0 0.0 0.0
0.0 0.0 0.0
0.0 0.0 0.0
0.0 0.0 0.0
0.0 0.0 0.0
0.0 0.0 0.0
0.0 0.0 0.0
0.0 0.0 0.0
0.0 0.0 0.0
0.0 0.0 0.0
0.0 0.0 0.0
0.0 0.0 0.0
0.0 0.0 0.0
0.0 0.0 0.0
0.0 0.0 0.0
0.0 0.0 0.0
0.0 0.0 0.0
0.0 0.0 0.0
0.0 0.0 0.0
0.0 0.0 0.0
0.0 0.0 0.0
0.0 0.0 0.0
0.0 0.0 0.0
0.0 0.0 0.0
0.0 0.0 0.0
0.0 0.0 0.0
0.0 0.0 0.0
0.0 0.0 0.0
0.0 0.0 0.0
0.0 0.0 0.0
0.0 0.0 0.0
0.0 0.0 0.0
0.0 0.0 0.0
0.0 0.0 0.0
0.0 0.0 0.0
0.0 0.0 0.0
0.0 0.0 0.0
0.0 0.0 0.0
0.0 0.0 0.0
0.0 0.0 0.0
0.0 0.0 0.0
0.0 0.0 0.0
0.0 0.0 0.0
0.0 0.0 0.0
0.0 0.0 0.0
0.0 0.0 0.0
0.0 0.0 0.0
0.0 0.0 0.0
0.0 0.0 0.0
0.0 0.0 0.0
0.0 0.0 0.0
0.0 0.0 0.0
0.0 0.0 0.0
0.0 0.0 0.0
0.0 0.0 0.0
0.0 0.0 0.0
0.0 0.0 0.0
0.0 0.0 0.0
0.0 0.0 0.0
0.0 0.0 0.0
0.0 0.0 0.0
0.0 0.0 0.0
0.0 0.0 0.0
0.0 0.0 0.0
0.0 0.0 0.0
0.0 0.0 0.0
0.0 0.0 0.0
0.0 0.0 0.0
0.0 0.0 0.0
0.0 0.0 0.0
0.0 0.0 0.0
0.0 0.0 0.0
0.0 0.0 0.0
0.0 0.0 0.0
0.0 0.0 0.0
0.0 0.0 0.0
0.0 0.0 0.0
0.0 0.0 0.0
0.0 0.0 0.0
0.0 0.0 0.0
0.0 0.0 0.0
0.0 0.0 0.0
0.0 0.0 0.0
0.0 0.0 0.0
0.0 0.0 0.0
0.0 0.0 0.0
0.0 0.0 0.0
0.0 0.0 0.0
0.0 0.0 0.0
0.0 0.0 0.0
0.0 0.0 0.0
0.0 0.0 0.0
0.0 0.0 0.0
0.0 0.0 0.0
0.0 0.0 0.0
0.0 0.0 0.0
0.0 0.0 0.0
0.0 0.0 0.0
0.0 0.0 0.0
0.0 0.0 0.0
0.0 0.0 0.0
0.0 0.0 0.0
0.0 0.0 0.0
0.0 0.0 0.0
0.0 0.0 0.0
0.0 0.0 0.0
0.0 0.0 0.0
0.0 0.0 0.0
0.0 0.0 0.0
0.0 0.0 0.0
0.0 0.0 0.0
0.0 0.0 0.0
0.0 0.0 0.0
0.0 0.0 0.0
0.0 0.0 0.0
0.0 0.0 0.0
0.0 0.0 0.0
0.0 0.0 0.0
0.0 0.0 0.0
0.0 0.0 0.0
0.0 0.0 0.0
0.0 0.0 0.0
0.0 0.0 0.0
0.0 0.0 0.0
0.0 0.0 0.0
0.0 0.0 0.0
0.0 0.0 0.0
0.0 0.0 0.0
0.0 0.0 0.0
0.0 0.0 0.0
0.0 0.0 0.0
0.0 0.0 0.0
0.0 0.0 0.0
0.0 0.0 0.0
0.0 0.0 0.0
0.0 0.0 0.0
0.0 0.0 0.0
0.0 0.0 0.0
0.0 0.0 0.0
0.0 0.0 0.0
0.0 0.0 0.0
0.0 0.0 0.0
0.0 0.0 0.0
0.0 0.0 0.0
0.0 0.0 0.0
0.0 0.0 0.0
0.0 0.0 0.0
0.0 0.0 0.0
0.0 0.0 0.0
-16.32379722595215 29.877695083618164 -2.5375638008117676
0.0 0.0 0.0
0.0 0.0 0.0
0.0 0.0 0.0
0.0 0.0 0.0
0.0 0.0 0.0
0.0 0.0 0.0
-14.180595397949219 29.273120880126953 -2.721308469772339
0.0 0.0 0.0
0.0 0.0 0.0
0.0 0.0 0.0
0.0 0.0 0.0
0.0 0.0 0.0
0.0 0.0 0.0
0.0 0.0 0.0
0.0 0.0 0.0
0.0 0.0 0.0
0.0 0.0 0.0
0.0 0.0 0.0
0.0 0.0 0.0
0.0 0.0 0.0
0.0 0.0 0.0
0.0 0.0 0.0
0.0 0.0 0.0
0.0 0.0 0.0
0.0 0.0 0.0
0.0 0.0 0.0
0.0 0.0 0.0
0.0 0.0 0.0
0.0 0.0 0.0
-8.171895980834961 27.338272094726562 -3.0796382427215576
0.0 0.0 0.0
0.0 0.0 0.0
0.0 0.0 0.0
0.0 0.0 0.0
0.0 0.0 0.0
0.0 0.0 0.0
-6.583496570587158 26.727664947509766 -3.1229348182678223
0.0 0.0 0.0
0.0 0.0 0.0
-5.972621917724609 26.62941551208496 -3.1541779041290283
0.0 0.0 0.0
-5.5830817222595215 26.638301849365234 -3.1809780597686768
-5.356445789337158 26.472980499267578 -3.17409610748291
-5.171658992767334 26.507654190063477 -3.1911144256591797
0.0 0.0 0.0
-4.79443359375 26.535497665405273 -3.216002941131592
-4.572779655456543 26.3759765625 -3.2077629566192627
-4.412437915802002 26.546966552734375 -3.239647626876831
-4.186766624450684 26.32265853881836 -3.2226366996765137
-4.004449844360352 26.357372283935547 -3.235651969909668
-3.8216302394866943 26.390850067138672 -3.248688220977783
-3.630824565887451 26.36540985107422 -3.254603862762451
-3.4387595653533936 26.35053062438965 -3.262117624282837
-3.2550432682037354 26.372535705566406 -3.272780179977417
-3.0550217628479004 26.254779815673828 -3.264988899230957
0.0 0.0 0.0
-2.6980764865875244 26.381145477294922 -3.294851064682007
0.0 0.0 0.0
-2.323091745376587 26.367977142333984 -3.3060903549194336
-2.1341254711151123 26.316997528076172 -3.304537296295166
-1.9497045278549194 26.314916610717773 -3.309269666671753
-1.7651193141937256 26.30379867553711 -3.313011884689331
-1.5944069623947144 26.577863693237305 -3.3529880046844482
-1.395434856414795 26.320722579956055 -3.323594093322754
-1.2174880504608154 26.445436477661133 -3.3422691822052
-1.024025559425354 26.208791732788086 -3.315417528152466
-0.8451070785522461 26.319358825683594 -3.332631826400757
-0.6642450094223022 26.54500389099121 -3.364565372467041
-0.4803423583507538 26.587556838989258 -3.370807409286499
-0.2959555685520172 26.655963897705078 -3.3804948329925537
-0.10951539874076843 26.397571563720703 -3.348891496658325
0.07383263111114502 26.24251937866211 -3.33054256439209
0.0 0.0 0.0
0.0 0.0 0.0
0.6322409510612488 26.560874938964844 -3.369800329208374
0.8205758333206177 26.66834259033203 -3.382608652114868
1.0031973123550415 26.588598251342773 -3.371833562850952
1.1885167360305786 26.589004516601562 -3.370539903640747
0.0 0.0 0.0
1.5709413290023804 26.733234405517578 -3.3829734325408936
1.7495769262313843 26.610021591186523 -3.3647356033325195
1.9404065608978271 26.678897857666016 -3.3709568977355957
2.1626760959625244 27.125179290771484 -3.423588275909424
0.0 0.0 0.0
2.509086847305298 26.731191635131836 -3.3638429641723633
2.7273221015930176 27.034042358398438 -3.397170066833496
2.9008171558380127 26.880401611328125 -3.3732640743255615
3.1156234741210938 27.10325813293457 -3.3950774669647217
3.2985169887542725 27.008630752563477 -3.376204490661621
3.4971585273742676 27.066911697387695 -3.376718759536743
3.711725950241089 27.235164642333984 -3.391056776046753
3.9233012199401855 27.36336898803711 -3.400489568710327
4.098506927490234 27.237201690673828 -3.3763315677642822
4.317691802978516 27.39718246459961 -3.3873488903045654
4.480710506439209 27.179983139038086 -3.351752996444702
4.755386829376221 27.646440505981445 -3.40067720413208
4.925207138061523 27.488229751586914 -3.372668743133545
0.0 0.0 0.0
5.344532489776611 27.611003875732422 -3.365971803665161
5.569746494293213 27.72263526916504 -3.3686835765838623
5.753259658813477 27.639427185058594 -3.3480224609375
5.997054576873779 27.839529037475586 -3.361008405685425
0.0 0.0 0.0
6.404107093811035 27.8405818939209 -3.3355586528778076
6.660161018371582 28.04189682006836 -3.3467469215393066
6.883378982543945 28.109947204589844 -3.3422698974609375
7.143453598022461 28.31951332092285 -3.353257656097412
7.422893524169922 28.586917877197266 -3.3700621128082275
7.559171199798584 28.300586700439453 -3.321709632873535
7.7854790687561035 28.342254638671875 -3.3118557929992676
8.031664848327637 28.461463928222656 -3.311326503753662
0.0 0.0 0.0
0.0 0.0 0.0
8.781579971313477 28.807804107666016 -3.30074143409729
9.107598304748535 29.136634826660156 -3.3211216926574707
9.272324562072754 28.95697021484375 -3.283057689666748
0.0 0.0 0.0
0.0 0.0 0.0
10.110795974731445 29.44060707092285 -3.2804527282714844
10.351344108581543 29.471054077148438 -3.264843702316284
10.665287971496582 29.692602157592773 -3.2680540084838867
0.0 0.0 0.0
0.0 0.0 0.0
0.0 0.0 0.0
11.745210647583008 30.04755401611328 -3.220637559890747
12.092885971069336 30.302396774291992 -3.223881244659424
12.455718040466309 30.59129524230957 -3.2307629585266113
0.0 0.0 0.0
0.0 0.0 0.0
0.0 0.0 0.0
0.0 0.0 0.0
0.0 0.0 0.0
0.0 0.0 0.0
14.745363235473633 31.692806243896484 -3.1600375175476074
0.0 0.0 0.0
15.488513946533203 32.101985931396484 -3.141050338745117
0.0 0.0 0.0
0.0 0.0 0.0
0.0 0.0 0.0
0.0 0.0 0.0
0.0 0.0 0.0
0.0 0.0 0.0
0.0 0.0 0.0
0.0 0.0 0.0
0.0 0.0 0.0
19.590009689331055 34.285850524902344 -2.9993176460266113
0.0 0.0 0.0
0.0 0.0 0.0
0.0 0.0 0.0
0.0 0.0 0.0
0.0 0.0 0.0
0.0 0.0 0.0
0.0 0.0 0.0
0.0 0.0 0.0
0.0 0.0 0.0
0.0 0.0 0.0
0.0 0.0 0.0
0.0 0.0 0.0
0.0 0.0 0.0
0.0 0.0 0.0
0.0 0.0 0.0
0.0 0.0 0.0
0.0 0.0 0.0
0.0 0.0 0.0
0.0 0.0 0.0
0.0 0.0 0.0
0.0 0.0 0.0
0.0 0.0 0.0
0.0 0.0 0.0
0.0 0.0 0.0
0.0 0.0 0.0
0.0 0.0 0.0
0.0 0.0 0.0
0.0 0.0 0.0
0.0 0.0 0.0
0.0 0.0 0.0
0.0 0.0 0.0
0.0 0.0 0.0
0.0 0.0 0.0
0.0 0.0 0.0
0.0 0.0 0.0
0.0 0.0 0.0
0.0 0.0 0.0
0.0 0.0 0.0
0.0 0.0 0.0
0.0 0.0 0.0
0.0 0.0 0.0
0.0 0.0 0.0
0.0 0.0 0.0
0.0 0.0 0.0
0.0 0.0 0.0
0.0 0.0 0.0
0.0 0.0 0.0
0.0 0.0 0.0
0.0 0.0 0.0
0.0 0.0 0.0
0.0 0.0 0.0
0.0 0.0 0.0
0.0 0.0 0.0
0.0 0.0 0.0
0.0 0.0 0.0
0.0 0.0 0.0
0.0 0.0 0.0
0.0 0.0 0.0
0.0 0.0 0.0
0.0 0.0 0.0
0.0 0.0 0.0
0.0 0.0 0.0
0.0 0.0 0.0
0.0 0.0 0.0
0.0 0.0 0.0
0.0 0.0 0.0
0.0 0.0 0.0
0.0 0.0 0.0
0.0 0.0 0.0
0.0 0.0 0.0
0.0 0.0 0.0
0.0 0.0 0.0
0.0 0.0 0.0
0.0 0.0 0.0
0.0 0.0 0.0
0.0 0.0 0.0
0.0 0.0 0.0
0.0 0.0 0.0
0.0 0.0 0.0
0.0 0.0 0.0
0.0 0.0 0.0
0.0 0.0 0.0
0.0 0.0 0.0
0.0 0.0 0.0
0.0 0.0 0.0
0.0 0.0 0.0
0.0 0.0 0.0
0.0 0.0 0.0
0.0 0.0 0.0
0.0 0.0 0.0
0.0 0.0 0.0
0.0 0.0 0.0
0.0 0.0 0.0
0.0 0.0 0.0
0.0 0.0 0.0
0.0 0.0 0.0
0.0 0.0 0.0
0.0 0.0 0.0
0.0 0.0 0.0
0.0 0.0 0.0
0.0 0.0 0.0
0.0 0.0 0.0
0.0 0.0 0.0
0.0 0.0 0.0
0.0 0.0 0.0
0.0 0.0 0.0
0.0 0.0 0.0
0.0 0.0 0.0
0.0 0.0 0.0
0.0 0.0 0.0
0.0 0.0 0.0
0.0 0.0 0.0
0.0 0.0 0.0
0.0 0.0 0.0
0.0 0.0 0.0
0.0 0.0 0.0
0.0 0.0 0.0
0.0 0.0 0.0
0.0 0.0 0.0
0.0 0.0 0.0
0.0 0.0 0.0
0.0 0.0 0.0
0.0 0.0 0.0
0.0 0.0 0.0
0.0 0.0 0.0
0.0 0.0 0.0
0.0 0.0 0.0
0.0 0.0 0.0
0.0 0.0 0.0
0.0 0.0 0.0
0.0 0.0 0.0
0.0 0.0 0.0
0.0 0.0 0.0
0.0 0.0 0.0
0.0 0.0 0.0
0.0 0.0 0.0
0.0 0.0 0.0
0.0 0.0 0.0
0.0 0.0 0.0
0.0 0.0 0.0
0.0 0.0 0.0
0.0 0.0 0.0
0.0 0.0 0.0
0.0 0.0 0.0
0.0 0.0 0.0
0.0 0.0 0.0
0.0 0.0 0.0
0.0 0.0 0.0
0.0 0.0 0.0
0.0 0.0 0.0
0.0 0.0 0.0
0.0 0.0 0.0
0.0 0.0 0.0
0.0 0.0 0.0
0.0 0.0 0.0
0.0 0.0 0.0
0.0 0.0 0.0
0.0 0.0 0.0
0.0 0.0 0.0
0.0 0.0 0.0
0.0 0.0 0.0
0.0 0.0 0.0
0.0 0.0 0.0
0.0 0.0 0.0
0.0 0.0 0.0
0.0 0.0 0.0
0.0 0.0 0.0
0.0 0.0 0.0
0.0 0.0 0.0
0.0 0.0 0.0
0.0 0.0 0.0
0.0 0.0 0.0
0.0 0.0 0.0
0.0 0.0 0.0
0.0 0.0 0.0
0.0 0.0 0.0
0.0 0.0 0.0
0.0 0.0 0.0
0.0 0.0 0.0
0.0 0.0 0.0
0.0 0.0 0.0
0.0 0.0 0.0
0.0 0.0 0.0
0.0 0.0 0.0
0.0 0.0 0.0
0.0 0.0 0.0
0.0 0.0 0.0
0.0 0.0 0.0
0.0 0.0 0.0
0.0 0.0 0.0
0.0 0.0 0.0
0.0 0.0 0.0
0.0 0.0 0.0
0.0 0.0 0.0
0.0 0.0 0.0
0.0 0.0 0.0
0.0 0.0 0.0
0.0 0.0 0.0
0.0 0.0 0.0
0.0 0.0 0.0
0.0 0.0 0.0
0.0 0.0 0.0
0.0 0.0 0.0
0.0 0.0 0.0
0.0 0.0 0.0
0.0 0.0 0.0
0.0 0.0 0.0
0.0 0.0 0.0
0.0 0.0 0.0
0.0 0.0 0.0
0.0 0.0 0.0
0.0 0.0 0.0
0.0 0.0 0.0
0.0 0.0 0.0
-17.050281524658203 30.441917419433594 -2.4921233654022217
0.0 0.0 0.0
0.0 0.0 0.0
0.0 0.0 0.0
0.0 0.0 0.0
0.0 0.0 0.0
0.0 0.0 0.0
0.0 0.0 0.0
0.0 0.0 0.0
0.0 0.0 0.0
0.0 0.0 0.0
0.0 0.0 0.0
0.0 0.0 0.0
0.0 0.0 0.0
0.0 0.0 0.0
0.0 0.0 0.0
0.0 0.0 0.0
0.0 0.0 0.0
0.0 0.0 0.0
0.0 0.0 0.0
0.0 0.0 0.0
0.0 0.0 0.0
0.0 0.0 0.0
0.0 0.0 0.0
0.0 0.0 0.0
0.0 0.0 0.0
0.0 0.0 0.0
0.0 0.0 0.0
0.0 0.0 0.0
0.0 0.0 0.0
0.0 0.0 0.0
-8.329185485839844 27.517900466918945 -3.0309979915618896
0.0 0.0 0.0
0.0 0.0 0.0
0.0 0.0 0.0
0.0 0.0 0.0
0.0 0.0 0.0
-7.011646270751953 27.23086929321289 -3.0964016914367676
-6.790709972381592 27.1524600982666 -3.102358341217041
-6.527946949005127 26.895044326782227 -3.0877952575683594
-6.379028797149658 27.104087829589844 -3.1257972717285156
-6.11992073059082 26.855228424072266 -3.1100399494171143
0.0 0.0 0.0
-5.7244553565979 26.839040756225586 -3.133911371231079
0.0 0.0 0.0
-5.333359718322754 26.832529067993164 -3.157623767852783
0.0 0.0 0.0
-4.914592266082764 26.679994583129883 -3.1618502140045166
-4.719686508178711 26.662168502807617 -3.170910358428955
-4.528494358062744 26.662052154541016 -3.182161569595337
0.0 0.0 0.0
-4.161187648773193 26.7738094329834 -3.213618755340576
0.0 0.0 0.0
-3.757046699523926 26.61117935180664 -3.212495803833008
0.0 0.0 0.0
-3.3735780715942383 26.562171936035156 -3.222337245941162
-3.18852162361145 26.583839416503906 -3.23207426071167
-2.9784629344940186 26.41187286376953 -3.218496799468994
-2.813457727432251 26.6081600189209 -3.2498161792755127
-2.62457537651062 26.59132957458496 -3.2541921138763428
-2.4482836723327637 26.704627990722656 -3.2730369567871094
-2.266616106033325 26.770381927490234 -3.286241292953491
-2.055194616317749 26.502685546875 -3.2587156295776367
-1.8876646757125854 26.7591552734375 -3.2957098484039307
-1.6921881437301636 26.623916625976562 -3.2831742763519287
0.0 0.0 0.0
-1.3215041160583496 26.643781661987305 -3.2921342849731445
-1.1390515565872192 26.799091339111328 -3.31489896774292
-0.9453644752502441 26.600473403930664 -3.293973684310913
-0.7594857215881348 26.58284568786621 -3.293638229370117
0.0 0.0 0.0
-0.39030399918556213 26.64079475402832 -3.3033981323242188
-0.2026483565568924 26.755083084106445 -3.3191332817077637
-0.016475126147270203 26.681970596313477 -3.311758041381836
0.169644296169281 26.755159378051758 -3.320366621017456
0.35699522495269775 26.842601776123047 -3.3304691314697266
0.5461994409561157 26.959735870361328 -3.3444111347198486
0.0 0.0 0.0
0.9225401878356934 26.891542434692383 -3.3352537155151367
1.1047008037567139 26.764835357666016 -3.316826581954956
1.2987761497497559 26.919578552246094 -3.3333733081817627
0.0 0.0 0.0
1.6817535161972046 27.039100646972656 -3.3433737754821777
1.8727734088897705 27.023147583007812 -3.338912010192871
0.0 0.0 0.0
2.2502787113189697 27.015308380126953 -3.328951597213745
2.4591410160064697 27.231449127197266 -3.351289749145508
2.6508381366729736 27.23759651184082 -3.347907781600952
2.8493824005126953 27.276880264282227 -3.3480207920074463
3.0375471115112305 27.242033004760742 -3.3373970985412598
3.2328946590423584 27.27137565612793 -3.33479905128479
3.43966007232666 27.383935928344727 -3.342489719390869
0.0 0.0 0.0
3.8412814140319824 27.46202850341797 -3.3390183448791504
4.048158645629883 27.5434627532959 -3.340512752532959
4.26911735534668 27.707719802856445 -3.35213303565979
4.465625286102295 27.701709747314453 -3.3432424068450928
4.637142181396484 27.54512596130371 -3.316370725631714
4.894348621368408 27.888212203979492 -3.3482918739318848
5.116499900817871 27.988082885742188 -3.349876642227173
5.3167595863342285 27.980077743530273 -3.3388264179229736
5.489141464233398 27.829837799072266 -3.311008930206299
5.702671527862549 27.8875732421875 -3.308091640472412
5.95772123336792 28.13765525817871 -3.325854539871216
6.149412155151367 28.062658309936523 -3.304659128189087
6.41852331161499 28.34663200378418 -3.325974464416504
6.600893497467041 28.23896598815918 -3.3013877868652344
0.0 0.0 0.0
0.0 0.0 0.0
7.332365989685059 28.64190101623535 -3.3076412677764893
7.5470123291015625 28.648590087890625 -3.2944207191467285
7.754997730255127 28.627437591552734 -3.2781171798706055
0.0 0.0 0.0
8.276083946228027 28.950822830200195 -3.283842086791992
0.0 0.0 0.0
8.725234985351562 28.977935791015625 -3.254359245300293
0.0 0.0 0.0
0.0 0.0 0.0
0.0 0.0 0.0
9.771337509155273 29.45631980895996 -3.2374672889709473
0.0 0.0 0.0
10.359123229980469 29.820497512817383 -3.2399280071258545
10.702332496643066 30.13133430480957 -3.253072500228882
10.896526336669922 30.015092849731445 -3.2200350761413574
0.0 0.0 0.0
11.53188419342041 30.4281005859375 -3.2226059436798096
11.717436790466309 30.28118133544922 -3.184708595275879
12.146358489990234 30.751253128051758 -3.211184024810791
0.0 0.0 0.0
0.0 0.0 0.0
0.0 0.0 0.0
0.0 0.0 0.0
0.0 0.0 0.0
0.0 0.0 0.0
14.350811958312988 31.712221145629883 -3.1364099979400635
0.0 0.0 0.0
0.0 0.0 0.0
0.0 0.0 0.0
0.0 0.0 0.0
0.0 0.0 0.0
0.0 0.0 0.0
0.0 0.0 0.0
0.0 0.0 0.0
0.0 0.0 0.0
0.0 0.0 0.0
0.0 0.0 0.0
0.0 0.0 0.0
19.50578498840332 34.41319274902344 -2.9671812057495117
0.0 0.0 0.0
20.28179931640625 34.64908981323242 -2.9096970558166504
0.0 0.0 0.0
0.0 0.0 0.0
0.0 0.0 0.0
0.0 0.0 0.0
0.0 0.0 0.0
0.0 0.0 0.0
0.0 0.0 0.0
0.0 0.0 0.0
0.0 0.0 0.0
0.0 0.0 0.0
0.0 0.0 0.0
0.0 0.0 0.0
0.0 0.0 0.0
0.0 0.0 0.0
0.0 0.0 0.0
0.0 0.0 0.0
0.0 0.0 0.0
0.0 0.0 0.0
0.0 0.0 0.0
0.0 0.0 0.0
0.0 0.0 0.0
0.0 0.0 0.0
0.0 0.0 0.0
0.0 0.0 0.0
0.0 0.0 0.0
0.0 0.0 0.0
0.0 0.0 0.0
0.0 0.0 0.0
0.0 0.0 0.0
0.0 0.0 0.0
0.0 0.0 0.0
0.0 0.0 0.0
0.0 0.0 0.0
0.0 0.0 0.0
0.0 0.0 0.0
0.0 0.0 0.0
0.0 0.0 0.0
0.0 0.0 0.0
0.0 0.0 0.0
0.0 0.0 0.0
0.0 0.0 0.0
0.0 0.0 0.0
0.0 0.0 0.0
0.0 0.0 0.0
0.0 0.0 0.0
0.0 0.0 0.0
0.0 0.0 0.0
0.0 0.0 0.0
0.0 0.0 0.0
0.0 0.0 0.0
0.0 0.0 0.0
0.0 0.0 0.0
0.0 0.0 0.0
0.0 0.0 0.0
0.0 0.0 0.0
0.0 0.0 0.0
0.0 0.0 0.0
0.0 0.0 0.0
0.0 0.0 0.0
0.0 0.0 0.0
0.0 0.0 0.0
0.0 0.0 0.0
0.0 0.0 0.0
0.0 0.0 0.0
0.0 0.0 0.0
0.0 0.0 0.0
0.0 0.0 0.0
0.0 0.0 0.0
0.0 0.0 0.0
0.0 0.0 0.0
0.0 0.0 0.0
0.0 0.0 0.0
0.0 0.0 0.0
0.0 0.0 0.0
0.0 0.0 0.0
0.0 0.0 0.0
0.0 0.0 0.0
0.0 0.0 0.0
0.0 0.0 0.0
0.0 0.0 0.0
0.0 0.0 0.0
0.0 0.0 0.0
0.0 0.0 0.0
0.0 0.0 0.0
0.0 0.0 0.0
0.0 0.0 0.0
0.0 0.0 0.0
0.0 0.0 0.0
0.0 0.0 0.0
0.0 0.0 0.0
0.0 0.0 0.0
0.0 0.0 0.0
0.0 0.0 0.0
0.0 0.0 0.0
0.0 0.0 0.0
0.0 0.0 0.0
0.0 0.0 0.0
0.0 0.0 0.0
0.0 0.0 0.0
0.0 0.0 0.0
0.0 0.0 0.0
0.0 0.0 0.0
0.0 0.0 0.0
0.0 0.0 0.0
0.0 0.0 0.0
0.0 0.0 0.0
0.0 0.0 0.0
0.0 0.0 0.0
0.0 0.0 0.0
0.0 0.0 0.0
0.0 0.0 0.0
0.0 0.0 0.0
0.0 0.0 0.0
0.0 0.0 0.0
0.0 0.0 0.0
0.0 0.0 0.0
0.0 0.0 0.0
0.0 0.0 0.0
0.0 0.0 0.0
0.0 0.0 0.0
0.0 0.0 0.0
0.0 0.0 0.0
0.0 0.0 0.0
0.0 0.0 0.0
0.0 0.0 0.0
0.0 0.0 0.0
0.0 0.0 0.0
0.0 0.0 0.0
0.0 0.0 0.0
0.0 0.0 0.0
0.0 0.0 0.0
0.0 0.0 0.0
0.0 0.0 0.0
0.0 0.0 0.0
0.0 0.0 0.0
0.0 0.0 0.0
0.0 0.0 0.0
0.0 0.0 0.0
0.0 0.0 0.0
0.0 0.0 0.0
0.0 0.0 0.0
0.0 0.0 0.0
0.0 0.0 0.0
0.0 0.0 0.0
0.0 0.0 0.0
0.0 0.0 0.0
0.0 0.0 0.0
0.0 0.0 0.0
0.0 0.0 0.0
0.0 0.0 0.0
0.0 0.0 0.0
0.0 0.0 0.0
0.0 0.0 0.0
0.0 0.0 0.0
0.0 0.0 0.0
0.0 0.0 0.0
0.0 0.0 0.0
0.0 0.0 0.0
0.0 0.0 0.0
0.0 0.0 0.0
0.0 0.0 0.0
0.0 0.0 0.0
0.0 0.0 0.0
0.0 0.0 0.0
0.0 0.0 0.0
0.0 0.0 0.0
0.0 0.0 0.0
0.0 0.0 0.0
0.0 0.0 0.0
0.0 0.0 0.0
0.0 0.0 0.0
0.0 0.0 0.0
0.0 0.0 0.0
0.0 0.0 0.0
0.0 0.0 0.0
0.0 0.0 0.0
0.0 0.0 0.0
0.0 0.0 0.0
0.0 0.0 0.0
0.0 0.0 0.0
0.0 0.0 0.0
0.0 0.0 0.0
0.0 0.0 0.0
0.0 0.0 0.0
0.0 0.0 0.0
0.0 0.0 0.0
0.0 0.0 0.0
0.0 0.0 0.0
0.0 0.0 0.0
0.0 0.0 0.0
0.0 0.0 0.0
0.0 0.0 0.0
0.0 0.0 0.0
0.0 0.0 0.0
0.0 0.0 0.0
0.0 0.0 0.0
0.0 0.0 0.0
0.0 0.0 0.0
0.0 0.0 0.0
0.0 0.0 0.0
0.0 0.0 0.0
0.0 0.0 0.0
0.0 0.0 0.0
0.0 0.0 0.0
0.0 0.0 0.0
0.0 0.0 0.0
0.0 0.0 0.0
0.0 0.0 0.0
0.0 0.0 0.0
0.0 0.0 0.0
0.0 0.0 0.0
0.0 0.0 0.0
0.0 0.0 0.0
0.0 0.0 0.0
0.0 0.0 0.0
0.0 0.0 0.0
0.0 0.0 0.0
0.0 0.0 0.0
-14.996424674987793 29.885520935058594 -2.613722085952759
0.0 0.0 0.0
-14.270122528076172 29.455232620239258 -2.636608362197876
0.0 0.0 0.0
0.0 0.0 0.0
0.0 0.0 0.0
0.0 0.0 0.0
0.0 0.0 0.0
0.0 0.0 0.0
0.0 0.0 0.0
0.0 0.0 0.0
0.0 0.0 0.0
0.0 0.0 0.0
0.0 0.0 0.0
-10.893800735473633 28.312755584716797 -2.8386189937591553
0.0 0.0 0.0
0.0 0.0 0.0
0.0 0.0 0.0
-9.924994468688965 28.11556053161621 -2.90403413772583
0.0 0.0 0.0
0.0 0.0 0.0
0.0 0.0 0.0
0.0 0.0 0.0
0.0 0.0 0.0
0.0 0.0 0.0
0.0 0.0 0.0
0.0 0.0 0.0
0.0 0.0 0.0
0.0 0.0 0.0
0.0 0.0 0.0
0.0 0.0 0.0
0.0 0.0 0.0
-6.704500198364258 27.22042465209961 -3.0486109256744385
-6.522725582122803 27.298465728759766 -3.0704593658447266
-6.288272380828857 27.15214729309082 -3.067161798477173
0.0 0.0 0.0
-5.874427795410156 27.073793411254883 -3.0848653316497803
0.0 0.0 0.0
-5.500394821166992 27.188148498535156 -3.1217222213745117
-5.280171871185303 27.0678653717041 -3.1192541122436523
0.0 0.0 0.0
-4.909276962280273 27.173460006713867 -3.1545517444610596
0.0 0.0 0.0
-4.483764171600342 26.980239868164062 -3.151554584503174
-4.2815165519714355 26.921194076538086 -3.154154062271118
-4.119353294372559 27.117671966552734 -3.1868739128112793
0.0 0.0 0.0
0.0 0.0 0.0
-3.5076065063476562 26.882694244384766 -3.183840751647949
-3.3221631050109863 26.920669555664062 -3.1958489418029785
-3.143761157989502 27.018985748291016 -3.2151923179626465
-2.953686237335205 27.023635864257812 -3.2232701778411865
-2.743483066558838 26.826509475708008 -3.2052571773529053
-2.551373243331909 26.82114028930664 -3.210359811782837
-2.3796801567077637 27.007320404052734 -3.2384815216064453
0.0 0.0 0.0
0.0 0.0 0.0
0.0 0.0 0.0
-1.6156582832336426 26.928686141967773 -3.2475154399871826
-1.425868034362793 26.89219856262207 -3.2468762397766113
-1.241786241531372 26.970605850219727 -3.2602744102478027
-1.056302785873413 27.036243438720703 -3.2712581157684326
-0.8556578159332275 26.65505027770996 -3.2267749309539795
0.0 0.0 0.0
-0.48740339279174805 26.985654830932617 -3.270622491836548
-0.29905614256858826 26.94156837463379 -3.267411470413208
-0.11157093197107315 26.907960891723633 -3.264307975769043
0.07592887431383133 26.95074462890625 -3.2694339752197266
0.2626522481441498 26.875896453857422 -3.2604475021362305
0.4572547972202301 27.125391006469727 -3.2909746170043945
0.6474732160568237 27.187461853027344 -3.298922061920166
0.8364312648773193 27.182518005371094 -3.2971887588500977
1.0196688175201416 27.0213623046875 -3.275717258453369
1.2119617462158203 27.110788345336914 -3.2847867012023926
1.4146080017089844 27.31099510192871 -3.307391881942749
1.6036710739135742 27.285329818725586 -3.3028218746185303
1.7954025268554688 27.30504608154297 -3.3018839359283447
0.0 0.0 0.0
2.175931453704834 27.290315628051758 -3.292659044265747
0.0 0.0 0.0
2.571239471435547 27.393550872802734 -3.2982118129730225
2.7752795219421387 27.510997772216797 -3.306764841079712
2.9864614009857178 27.673206329345703 -3.3204891681671143
3.1705636978149414 27.579504013061523 -3.303652048110962
3.380277633666992 27.676712036132812 -3.3097434043884277
3.568042039871216 27.614999771118164 -3.2969541549682617
3.75009822845459 27.51773452758789 -3.2777323722839355
3.9901180267333984 27.83013916015625 -3.3073856830596924
4.2017598152160645 27.921865463256836 -3.310850143432617
4.398564338684082 27.90851593017578 -3.301980495452881
4.589770793914795 27.83973503112793 -3.2860517501831055
4.822876930236816 28.038108825683594 -3.2999539375305176
5.009688854217529 27.95958137512207 -3.2813634872436523
5.208671569824219 27.94843101501465 -3.270836114883423
5.456920146942139 28.19118309020996 -3.290095090866089
5.67231559753418 28.23346519470215 -3.2848479747772217
5.8872575759887695 28.282445907592773 -3.2792863845825195
0.0 0.0 0.0
6.31638765335083 28.36040496826172 -3.266141653060913
6.550590515136719 28.47637939453125 -3.2685444355010986
6.762848854064941 28.476654052734375 -3.255856990814209
7.003580570220947 28.604415893554688 -3.257206916809082
7.232172012329102 28.673736572265625 -3.2519266605377197
0.0 0.0 0.0
7.740577697753906 28.983251571655273 -3.2607243061065674
7.971672534942627 29.02365493774414 -3.2497663497924805
0.0 0.0 0.0
0.0 0.0 0.0
0.0 0.0 0.0
0.0 0.0 0.0
9.210897445678711 29.465503692626953 -3.219778537750244
9.52293586730957 29.736154556274414 -3.2320492267608643
0.0 0.0 0.0
0.0 0.0 0.0
0.0 0.0 0.0
10.549398422241211 30.037858963012695 -3.191756010055542
0.0 0.0 0.0
0.0 0.0 0.0
0.0 0.0 0.0
11.678749084472656 30.500545501708984 -3.1596879959106445
0.0 0.0 0.0
12.38194465637207 31.02509880065918 -3.169813871383667
0.0 0.0 0.0
0.0 0.0 0.0
0.0 0.0 0.0
0.0 0.0 0.0
0.0 0.0 0.0
0.0 0.0 0.0
0.0 0.0 0.0
0.0 0.0 0.0
0.0 0.0 0.0
0.0 0.0 0.0
0.0 0.0 0.0
0.0 0.0 0.0
0.0 0.0 0.0
0.0 0.0 0.0
0.0 0.0 0.0
0.0 0.0 0.0
18.36849594116211 33.75983428955078 -2.955228328704834
0.0 0.0 0.0
0.0 0.0 0.0
0.0 0.0 0.0
0.0 0.0 0.0
0.0 0.0 0.0
0.0 0.0 0.0
0.0 0.0 0.0
0.0 0.0 0.0
0.0 0.0 0.0
0.0 0.0 0.0
0.0 0.0 0.0
0.0 0.0 0.0
0.0 0.0 0.0
0.0 0.0 0.0
0.0 0.0 0.0
0.0 0.0 0.0
0.0 0.0 0.0
0.0 0.0 0.0
0.0 0.0 0.0
0.0 0.0 0.0
0.0 0.0 0.0
0.0 0.0 0.0
0.0 0.0 0.0
0.0 0.0 0.0
0.0 0.0 0.0
0.0 0.0 0.0
0.0 0.0 0.0
0.0 0.0 0.0
0.0 0.0 0.0
0.0 0.0 0.0
0.0 0.0 0.0
0.0 0.0 0.0
0.0 0.0 0.0
0.0 0.0 0.0
0.0 0.0 0.0
0.0 0.0 0.0
0.0 0.0 0.0
0.0 0.0 0.0
0.0 0.0 0.0
0.0 0.0 0.0
0.0 0.0 0.0
0.0 0.0 0.0
0.0 0.0 0.0
0.0 0.0 0.0
0.0 0.0 0.0
0.0 0.0 0.0
0.0 0.0 0.0
0.0 0.0 0.0
0.0 0.0 0.0
0.0 0.0 0.0
0.0 0.0 0.0
0.0 0.0 0.0
0.0 0.0 0.0
0.0 0.0 0.0
0.0 0.0 0.0
0.0 0.0 0.0
0.0 0.0 0.0
0.0 0.0 0.0
0.0 0.0 0.0
0.0 0.0 0.0
0.0 0.0 0.0
0.0 0.0 0.0
0.0 0.0 0.0
0.0 0.0 0.0
0.0 0.0 0.0
0.0 0.0 0.0
0.0 0.0 0.0
0.0 0.0 0.0
0.0 0.0 0.0
0.0 0.0 0.0
0.0 0.0 0.0
0.0 0.0 0.0
0.0 0.0 0.0
0.0 0.0 0.0
0.0 0.0 0.0
0.0 0.0 0.0
0.0 0.0 0.0
0.0 0.0 0.0
0.0 0.0 0.0
0.0 0.0 0.0
0.0 0.0 0.0
0.0 0.0 0.0
0.0 0.0 0.0
0.0 0.0 0.0
0.0 0.0 0.0
0.0 0.0 0.0
0.0 0.0 0.0
0.0 0.0 0.0
0.0 0.0 0.0
0.0 0.0 0.0
0.0 0.0 0.0
0.0 0.0 0.0
0.0 0.0 0.0
0.0 0.0 0.0
0.0 0.0 0.0
0.0 0.0 0.0
0.0 0.0 0.0
0.0 0.0 0.0
0.0 0.0 0.0
0.0 0.0 0.0
0.0 0.0 0.0
0.0 0.0 0.0
0.0 0.0 0.0
0.0 0.0 0.0
0.0 0.0 0.0
0.0 0.0 0.0
0.0 0.0 0.0
0.0 0.0 0.0
0.0 0.0 0.0
0.0 0.0 0.0
0.0 0.0 0.0
0.0 0.0 0.0
0.0 0.0 0.0
0.0 0.0 0.0
-8.220282554626465 237.33978271484375 30.87320899963379
0.0 0.0 0.0
0.0 0.0 0.0
0.0 0.0 0.0
0.0 0.0 0.0
0.0 0.0 0.0
0.0 0.0 0.0
0.0 0.0 0.0
0.0 0.0 0.0
0.0 0.0 0.0
0.0 0.0 0.0
0.0 0.0 0.0
0.0 0.0 0.0
0.0 0.0 0.0
0.0 0.0 0.0
0.0 0.0 0.0
0.0 0.0 0.0
0.0 0.0 0.0
0.0 0.0 0.0
0.0 0.0 0.0
0.0 0.0 0.0
0.0 0.0 0.0
0.0 0.0 0.0
0.0 0.0 0.0
0.0 0.0 0.0
0.0 0.0 0.0
0.0 0.0 0.0
0.0 0.0 0.0
0.0 0.0 0.0
0.0 0.0 0.0
0.0 0.0 0.0
0.0 0.0 0.0
0.0 0.0 0.0
0.0 0.0 0.0
0.0 0.0 0.0
0.0 0.0 0.0
0.0 0.0 0.0
0.0 0.0 0.0
0.0 0.0 0.0
0.0 0.0 0.0
0.0 0.0 0.0
0.0 0.0 0.0
0.0 0.0 0.0
0.0 0.0 0.0
0.0 0.0 0.0
0.0 0.0 0.0
0.0 0.0 0.0
0.0 0.0 0.0
0.0 0.0 0.0
0.0 0.0 0.0
0.0 0.0 0.0
0.0 0.0 0.0
0.0 0.0 0.0
0.0 0.0 0.0
0.0 0.0 0.0
0.0 0.0 0.0
0.0 0.0 0.0
0.0 0.0 0.0
0.0 0.0 0.0
0.0 0.0 0.0
0.0 0.0 0.0
0.0 0.0 0.0
0.0 0.0 0.0
0.0 0.0 0.0
0.0 0.0 0.0
0.0 0.0 0.0
0.0 0.0 0.0
0.0 0.0 0.0
0.0 0.0 0.0
0.0 0.0 0.0
0.0 0.0 0.0
0.0 0.0 0.0
0.0 0.0 0.0
0.0 0.0 0.0
0.0 0.0 0.0
0.0 0.0 0.0
0.0 0.0 0.0
0.0 0.0 0.0
0.0 0.0 0.0
0.0 0.0 0.0
0.0 0.0 0.0
0.0 0.0 0.0
0.0 0.0 0.0
0.0 0.0 0.0
0.0 0.0 0.0
0.0 0.0 0.0
0.0 0.0 0.0
0.0 0.0 0.0
0.0 0.0 0.0
0.0 0.0 0.0
0.0 0.0 0.0
0.0 0.0 0.0
0.0 0.0 0.0
0.0 0.0 0.0
0.0 0.0 0.0
0.0 0.0 0.0
0.0 0.0 0.0
0.0 0.0 0.0
0.0 0.0 0.0
0.0 0.0 0.0
0.0 0.0 0.0
0.0 0.0 0.0
0.0 0.0 0.0
0.0 0.0 0.0
-16.97207260131836 30.805822372436523 -2.4623913764953613
0.0 0.0 0.0
0.0 0.0 0.0
0.0 0.0 0.0
0.0 0.0 0.0
0.0 0.0 0.0
0.0 0.0 0.0
0.0 0.0 0.0
0.0 0.0 0.0
0.0 0.0 0.0
0.0 0.0 0.0
0.0 0.0 0.0
0.0 0.0 0.0
0.0 0.0 0.0
0.0 0.0 0.0
0.0 0.0 0.0
0.0 0.0 0.0
-11.674211502075195 28.82874870300293 -2.777444839477539
0.0 0.0 0.0
-11.240771293640137 28.919479370117188 -2.8320820331573486
0.0 0.0 0.0
0.0 0.0 0.0
0.0 0.0 0.0
0.0 0.0 0.0
0.0 0.0 0.0
0.0 0.0 0.0
0.0 0.0 0.0
0.0 0.0 0.0
0.0 0.0 0.0
0.0 0.0 0.0
0.0 0.0 0.0
-8.257075309753418 27.984638214111328 -2.969785690307617
-8.031084060668945 27.934799194335938 -2.9806201457977295
0.0 0.0 0.0
0.0 0.0 0.0
-7.279111385345459 27.474760055541992 -2.976789951324463
0.0 0.0 0.0
0.0 0.0 0.0
0.0 0.0 0.0
-6.481184005737305 27.53797721862793 -3.0388035774230957
0.0 0.0 0.0
0.0 0.0 0.0
0.0 0.0 0.0
-5.607295989990234 27.218311309814453 -3.052457094192505
0.0 0.0 0.0
0.0 0.0 0.0
-5.034514904022217 27.332782745361328 -3.0992021560668945
-4.825656414031982 27.262487411499023 -3.1007511615753174
-4.598522186279297 27.0758056640625 -3.0891003608703613
-4.420348644256592 27.170822143554688 -3.109684467315674
0.0 0.0 0.0
-4.017188549041748 27.089248657226562 -3.1186892986297607
0.0 0.0 0.0
0.0 0.0 0.0
0.0 0.0 0.0
-3.2607827186584473 27.185754776000977 -3.1612231731414795
0.0 0.0 0.0
-2.8642306327819824 27.091876983642578 -3.1622517108917236
0.0 0.0 0.0
-2.5002994537353516 27.27406120300293 -3.1955676078796387
0.0 0.0 0.0
0.0 0.0 0.0
0.0 0.0 0.0
-1.7269381284713745 27.175493240356445 -3.2023794651031494
-1.5392640829086304 27.209428787231445 -3.210674285888672
-1.345361590385437 27.129737854003906 -3.205504894256592
0.0 0.0 0.0
-0.9658799767494202 27.18785858154297 -3.216787815093994
-0.7754213809967041 27.150903701782227 -3.214834213256836
-0.5862778425216675 27.147518157958984 -3.2170071601867676
0.0 0.0 0.0
0.0 0.0 0.0
-0.016517940908670425 27.28143310546875 -3.235725164413452
0.17306382954120636 27.280834197998047 -3.2361977100372314
0.3659137785434723 27.50775718688965 -3.2638235092163086
0.5484617352485657 27.08185386657715 -3.2134008407592773
0.7509191632270813 27.589468002319336 -3.272080183029175
0.9384279251098633 27.35497283935547 -3.242865562438965
1.1326146125793457 27.444927215576172 -3.2523038387298584
0.0 0.0 0.0
1.5185587406158447 27.500709533691406 -3.255850315093994
1.7182849645614624 27.629436492919922 -3.267620801925659
1.9086730480194092 27.543624877929688 -3.254108190536499
2.1212143898010254 27.804882049560547 -3.2817928791046143
2.305281639099121 27.677894592285156 -3.2637929916381836
2.500494956970215 27.692825317382812 -3.261309862136841
2.678144931793213 27.52116584777832 -3.235715389251709
2.8841919898986816 27.610450744628906 -3.2408785820007324
3.094165802001953 27.748653411865234 -3.2519760131835938
3.31693172454834 27.977771759033203 -3.273818016052246
3.4824156761169434 27.724088668823242 -3.2377519607543945
3.7030739784240723 27.90802574157715 -3.2520792484283447
3.9209487438201904 28.02833366394043 -3.2589502334594727
4.112218379974365 27.974618911743164 -3.245826482772827
4.323973178863525 28.057708740234375 -3.2487220764160156
4.529582500457764 28.093475341796875 -3.244213104248047
4.7425665855407715 28.166030883789062 -3.2435531616210938
4.9849653244018555 28.397550582885742 -3.261240005493164
5.172746658325195 28.290462493896484 -3.239989995956421
5.3849334716796875 28.335275650024414 -3.236443042755127
0.0 0.0 0.0
5.847568035125732 28.595619201660156 -3.2447166442871094
0.0 0.0 0.0
6.284324645996094 28.67323112487793 -3.2322990894317627
6.510235786437988 28.747976303100586 -3.2298905849456787
6.70501708984375 28.681190490722656 -3.21000075340271
0.0 0.0 0.0
7.211668014526367 29.022314071655273 -3.223466157913208
0.0 0.0 0.0
0.0 0.0 0.0
7.89376163482666 29.144437789916992 -3.1967339515686035
0.0 0.0 0.0
8.377402305603027 29.308635711669922 -3.18587589263916
8.656046867370605 29.493104934692383 -3.1913206577301025
0.0 0.0 0.0
0.0 0.0 0.0
9.480978965759277 29.97203826904297 -3.1937203407287598
9.737229347229004 30.05162239074707 -3.185728073120117
9.944158554077148 29.978120803833008 -3.1610794067382812
0.0 0.0 0.0
0.0 0.0 0.0
0.0 0.0 0.0
11.088554382324219 30.5461368560791 -3.1460983753204346
11.38908576965332 30.70793342590332 -3.1425678730010986
0.0 0.0 0.0
0.0 0.0 0.0
0.0 0.0 0.0
0.0 0.0 0.0
0.0 0.0 0.0
0.0 0.0 0.0
0.0 0.0 0.0
0.0 0.0 0.0
14.166631698608398 31.89275550842285 -3.0573484897613525
14.443753242492676 31.916812896728516 -3.0341787338256836
0.0 0.0 0.0
0.0 0.0 0.0
0.0 0.0 0.0
0.0 0.0 0.0
0.0 0.0 0.0
0.0 0.0 0.0
0.0 0.0 0.0
0.0 0.0 0.0
0.0 0.0 0.0
0.0 0.0 0.0
0.0 0.0 0.0
0.0 0.0 0.0
19.819482803344727 34.96526336669922 -2.908015489578247
0.0 0.0 0.0
0.0 0.0 0.0
0.0 0.0 0.0
0.0 0.0 0.0
0.0 0.0 0.0
0.0 0.0 0.0
0.0 0.0 0.0
0.0 0.0 0.0
0.0 0.0 0.0
0.0 0.0 0.0
0.0 0.0 0.0
0.0 0.0 0.0
0.0 0.0 0.0
0.0 0.0 0.0
0.0 0.0 0.0
0.0 0.0 0.0
0.0 0.0 0.0
0.0 0.0 0.0
0.0 0.0 0.0
0.0 0.0 0.0
0.0 0.0 0.0
0.0 0.0 0.0
0.0 0.0 0.0
0.0 0.0 0.0
0.0 0.0 0.0
0.0 0.0 0.0
0.0 0.0 0.0
0.0 0.0 0.0
0.0 0.0 0.0
0.0 0.0 0.0
0.0 0.0 0.0
0.0 0.0 0.0
0.0 0.0 0.0
0.0 0.0 0.0
0.0 0.0 0.0
0.0 0.0 0.0
0.0 0.0 0.0
0.0 0.0 0.0
0.0 0.0 0.0
0.0 0.0 0.0
0.0 0.0 0.0
0.0 0.0 0.0
0.0 0.0 0.0
0.0 0.0 0.0
0.0 0.0 0.0
0.0 0.0 0.0
0.0 0.0 0.0
0.0 0.0 0.0
0.0 0.0 0.0
0.0 0.0 0.0
0.0 0.0 0.0
0.0 0.0 0.0
0.0 0.0 0.0
0.0 0.0 0.0
0.0 0.0 0.0
0.0 0.0 0.0
0.0 0.0 0.0
0.0 0.0 0.0
0.0 0.0 0.0
0.0 0.0 0.0
0.0 0.0 0.0
0.0 0.0 0.0
0.0 0.0 0.0
0.0 0.0 0.0
0.0 0.0 0.0
0.0 0.0 0.0
0.0 0.0 0.0
0.0 0.0 0.0
0.0 0.0 0.0
0.0 0.0 0.0
0.0 0.0 0.0
0.0 0.0 0.0
0.0 0.0 0.0
0.0 0.0 0.0
0.0 0.0 0.0
0.0 0.0 0.0
0.0 0.0 0.0
0.0 0.0 0.0
0.0 0.0 0.0
0.0 0.0 0.0
0.0 0.0 0.0
0.0 0.0 0.0
0.0 0.0 0.0
0.0 0.0 0.0
0.0 0.0 0.0
0.0 0.0 0.0
0.0 0.0 0.0
0.0 0.0 0.0
0.0 0.0 0.0
0.0 0.0 0.0
0.0 0.0 0.0
0.0 0.0 0.0
0.0 0.0 0.0
0.0 0.0 0.0
0.0 0.0 0.0
0.0 0.0 0.0
0.0 0.0 0.0
0.0 0.0 0.0
0.0 0.0 0.0
0.0 0.0 0.0
0.0 0.0 0.0
0.0 0.0 0.0
0.0 0.0 0.0
0.0 0.0 0.0
0.0 0.0 0.0
0.0 0.0 0.0
0.0 0.0 0.0
0.0 0.0 0.0
0.0 0.0 0.0
0.0 0.0 0.0
0.0 0.0 0.0
0.0 0.0 0.0
0.0 0.0 0.0
0.0 0.0 0.0
0.0 0.0 0.0
0.0 0.0 0.0
0.0 0.0 0.0
0.0 0.0 0.0
0.0 0.0 0.0
0.0 0.0 0.0
0.0 0.0 0.0
0.0 0.0 0.0
0.0 0.0 0.0
0.0 0.0 0.0
0.0 0.0 0.0
0.0 0.0 0.0
0.0 0.0 0.0
0.0 0.0 0.0
0.0 0.0 0.0
0.0 0.0 0.0
0.0 0.0 0.0
0.0 0.0 0.0
0.0 0.0 0.0
0.0 0.0 0.0
0.0 0.0 0.0
0.0 0.0 0.0
0.0 0.0 0.0
0.0 0.0 0.0
0.0 0.0 0.0
0.0 0.0 0.0
0.0 0.0 0.0
0.0 0.0 0.0
0.0 0.0 0.0
0.0 0.0 0.0
0.0 0.0 0.0
0.0 0.0 0.0
0.0 0.0 0.0
0.0 0.0 0.0
0.0 0.0 0.0
0.0 0.0 0.0
0.0 0.0 0.0
0.0 0.0 0.0
0.0 0.0 0.0
0.0 0.0 0.0
0.0 0.0 0.0
0.0 0.0 0.0
0.0 0.0 0.0
0.0 0.0 0.0
0.0 0.0 0.0
0.0 0.0 0.0
0.0 0.0 0.0
0.0 0.0 0.0
0.0 0.0 0.0
0.0 0.0 0.0
0.0 0.0 0.0
0.0 0.0 0.0
0.0 0.0 0.0
0.0 0.0 0.0
0.0 0.0 0.0
0.0 0.0 0.0
-58.83568572998047 121.9085693359375 12.77115249633789
0.0 0.0 0.0
0.0 0.0 0.0
0.0 0.0 0.0
0.0 0.0 0.0
0.0 0.0 0.0
0.0 0.0 0.0
0.0 0.0 0.0
0.0 0.0 0.0
0.0 0.0 0.0
0.0 0.0 0.0
0.0 0.0 0.0
0.0 0.0 0.0
0.0 0.0 0.0
0.0 0.0 0.0
0.0 0.0 0.0
0.0 0.0 0.0
0.0 0.0 0.0
0.0 0.0 0.0
0.0 0.0 0.0
0.0 0.0 0.0
0.0 0.0 0.0
0.0 0.0 0.0
0.0 0.0 0.0
0.0 0.0 0.0
0.0 0.0 0.0
0.0 0.0 0.0
0.0 0.0 0.0
0.0 0.0 0.0
0.0 0.0 0.0
0.0 0.0 0.0
0.0 0.0 0.0
0.0 0.0 0.0
0.0 0.0 0.0
0.0 0.0 0.0
0.0 0.0 0.0
0.0 0.0 0.0
0.0 0.0 0.0
0.0 0.0 0.0
0.0 0.0 0.0
0.0 0.0 0.0
0.0 0.0 0.0
0.0 0.0 0.0
0.0 0.0 0.0
0.0 0.0 0.0
0.0 0.0 0.0
0.0 0.0 0.0
0.0 0.0 0.0
0.0 0.0 0.0
0.0 0.0 0.0
0.0 0.0 0.0
0.0 0.0 0.0
0.0 0.0 0.0
0.0 0.0 0.0
0.0 0.0 0.0
0.0 0.0 0.0
0.0 0.0 0.0
0.0 0.0 0.0
0.0 0.0 0.0
0.0 0.0 0.0
0.0 0.0 0.0
0.0 0.0 0.0
0.0 0.0 0.0
0.0 0.0 0.0
0.0 0.0 0.0
0.0 0.0 0.0
0.0 0.0 0.0
0.0 0.0 0.0
0.0 0.0 0.0
0.0 0.0 0.0
0.0 0.0 0.0
0.0 0.0 0.0
0.0 0.0 0.0
0.0 0.0 0.0
0.0 0.0 0.0
0.0 0.0 0.0
0.0 0.0 0.0
-8.003198623657227 28.211509704589844 -2.9490654468536377
0.0 0.0 0.0
0.0 0.0 0.0
-7.2960286140441895 27.926454544067383 -2.9643805027008057
-7.069474220275879 27.850412368774414 -2.969796657562256
0.0 0.0 0.0
0.0 0.0 0.0
0.0 0.0 0.0
-6.195323944091797 27.62421417236328 -2.99841570854187
0.0 0.0 0.0
0.0 0.0 0.0
-5.569484710693359 27.529983520507812 -3.02380108833313
0.0 0.0 0.0
0.0 0.0 0.0
-4.950160503387451 27.402645111083984 -3.040942907333374
-4.770752429962158 27.523555755615234 -3.064563512802124
-4.54839563369751 27.370750427246094 -3.057629346847534
0.0 0.0 0.0
-4.15523099899292 27.35593032836914 -3.0731136798858643
-3.9901247024536133 27.55971336364746 -3.1040749549865723
0.0 0.0 0.0
-3.571345567703247 27.371871948242188 -3.0994911193847656
-3.3668501377105713 27.28325843811035 -3.096524715423584
-3.187929630279541 27.401460647583008 -3.116096258163452
0.0 0.0 0.0
0.0 0.0 0.0
-2.609325885772705 27.432342529296875 -3.1390483379364014
0.0 0.0 0.0
-2.229778289794922 27.49932861328125 -3.156250238418579
0.0 0.0 0.0
-1.8396927118301392 27.417844772338867 -3.156207799911499
-1.6327393054962158 27.220291137695312 -3.1384024620056152
-1.4445157051086426 27.25377082824707 -3.1451778411865234
-1.259419322013855 27.359657287597656 -3.159921169281006
0.0 0.0 0.0
-0.8940012454986572 27.854631423950195 -3.2226927280426025
-0.690985381603241 27.63096809387207 -3.199880361557007
-0.49640220403671265 27.499155044555664 -3.185535192489624
-0.303442120552063 27.34661293029785 -3.1686456203460693
-0.11427094042301178 27.646717071533203 -3.204364061355591
0.07819004356861115 27.720441818237305 -3.2140109539031982
0.26985031366348267 27.606576919555664 -3.202061891555786
0.47037672996520996 27.918373107910156 -3.2373015880584717
0.6564757823944092 27.56932830810547 -3.1959755420684814
0.8518258333206177 27.684478759765625 -3.208625555038452
1.0429565906524658 27.64314079284668 -3.2032902240753174
1.2386279106140137 27.70902442932129 -3.2104299068450928
1.4401063919067383 27.80463981628418 -3.21870493888855
0.0 0.0 0.0
1.8235490322113037 27.73633575439453 -3.205766201019287
0.0 0.0 0.0
2.22865629196167 27.95290756225586 -3.225968837738037
2.4303231239318848 27.98360252380371 -3.224719524383545
2.6272523403167725 27.98993682861328 -3.220884084701538
2.8327183723449707 28.079858779907227 -3.2268078327178955
3.0081541538238525 27.87499237060547 -3.1990175247192383
3.223837375640869 28.047025680541992 -3.2140583992004395
3.4155380725860596 27.966711044311523 -3.19840407371521
3.641502618789673 28.18578338623047 -3.2172205448150635
3.861771583557129 28.337684631347656 -3.2284343242645264
4.036953926086426 28.157432556152344 -3.2019577026367188
4.277140140533447 28.42537498474121 -3.2256569862365723
4.462202072143555 28.3156795501709 -3.205138683319092
4.682981967926025 28.407230377197266 -3.2074007987976074
4.891144275665283 28.436450958251953 -3.2028756141662598
5.0876145362854 28.395357131958008 -3.190570592880249
5.331227779388428 28.60883331298828 -3.205552816390991
0.0 0.0 0.0
5.7444915771484375 28.59131622314453 -3.1835148334503174
0.0 0.0 0.0
6.2708635330200195 29.107650756835938 -3.2212750911712646
6.428588390350342 28.864160537719727 -3.182957887649536
6.681232929229736 29.04375457763672 -3.1908681392669678
0.0 0.0 0.0
0.0 0.0 0.0
0.0 0.0 0.0
7.632905960083008 29.39423942565918 -3.180128812789917
7.9029011726379395 29.586339950561523 -3.1873202323913574
8.05632495880127 29.32547950744629 -3.145601272583008
8.395772933959961 29.749300003051758 -3.177610158920288
0.0 0.0 0.0
0.0 0.0 0.0
9.13589096069336 29.968149185180664 -3.155535936355591
0.0 0.0 0.0
0.0 0.0 0.0
0.0 0.0 0.0
10.213343620300293 30.428682327270508 -3.137749195098877
10.416964530944824 30.33333969116211 -3.1104466915130615
10.690614700317383 30.438390731811523 -3.1037588119506836
0.0 0.0 0.0
0.0 0.0 0.0
0.0 0.0 0.0
11.939645767211914 31.179664611816406 -3.101315975189209
0.0 0.0 0.0
0.0 0.0 0.0
0.0 0.0 0.0
0.0 0.0 0.0
0.0 0.0 0.0
0.0 0.0 0.0
0.0 0.0 0.0
0.0 0.0 0.0
0.0 0.0 0.0
0.0 0.0 0.0
0.0 0.0 0.0
0.0 0.0 0.0
0.0 0.0 0.0
0.0 0.0 0.0
0.0 0.0 0.0
0.0 0.0 0.0
0.0 0.0 0.0
0.0 0.0 0.0
0.0 0.0 0.0
0.0 0.0 0.0
19.6201229095459 34.90037536621094 -2.8782637119293213
0.0 0.0 0.0
20.812944412231445 35.83765411376953 -2.881326675415039
0.0 0.0 0.0
0.0 0.0 0.0
0.0 0.0 0.0
0.0 0.0 0.0
0.0 0.0 0.0
0.0 0.0 0.0
0.0 0.0 0.0
0.0 0.0 0.0
0.0 0.0 0.0
0.0 0.0 0.0
0.0 0.0 0.0
0.0 0.0 0.0
0.0 0.0 0.0
0.0 0.0 0.0
0.0 0.0 0.0
0.0 0.0 0.0
0.0 0.0 0.0
0.0 0.0 0.0
0.0 0.0 0.0
0.0 0.0 0.0
0.0 0.0 0.0
0.0 0.0 0.0
0.0 0.0 0.0
0.0 0.0 0.0
0.0 0.0 0.0
0.0 0.0 0.0
0.0 0.0 0.0
0.0 0.0 0.0
0.0 0.0 0.0
0.0 0.0 0.0
0.0 0.0 0.0
0.0 0.0 0.0
0.0 0.0 0.0
0.0 0.0 0.0
0.0 0.0 0.0
0.0 0.0 0.0
0.0 0.0 0.0
0.0 0.0 0.0
0.0 0.0 0.0
0.0 0.0 0.0
0.0 0.0 0.0
0.0 0.0 0.0
0.0 0.0 0.0
0.0 0.0 0.0
0.0 0.0 0.0
0.0 0.0 0.0
0.0 0.0 0.0
0.0 0.0 0.0
0.0 0.0 0.0
0.0 0.0 0.0
0.0 0.0 0.0
0.0 0.0 0.0
0.0 0.0 0.0
0.0 0.0 0.0
0.0 0.0 0.0
0.0 0.0 0.0
0.0 0.0 0.0
0.0 0.0 0.0
0.0 0.0 0.0
0.0 0.0 0.0
0.0 0.0 0.0
0.0 0.0 0.0
0.0 0.0 0.0
0.0 0.0 0.0
0.0 0.0 0.0
0.0 0.0 0.0
0.0 0.0 0.0
0.0 0.0 0.0
0.0 0.0 0.0
0.0 0.0 0.0
0.0 0.0 0.0
0.0 0.0 0.0
0.0 0.0 0.0
0.0 0.0 0.0
0.0 0.0 0.0
0.0 0.0 0.0
0.0 0.0 0.0
0.0 0.0 0.0
0.0 0.0 0.0
0.0 0.0 0.0
0.0 0.0 0.0
0.0 0.0 0.0
0.0 0.0 0.0
0.0 0.0 0.0
0.0 0.0 0.0
0.0 0.0 0.0
0.0 0.0 0.0
0.0 0.0 0.0
0.0 0.0 0.0
0.0 0.0 0.0
0.0 0.0 0.0
0.0 0.0 0.0
0.0 0.0 0.0
0.0 0.0 0.0
0.0 0.0 0.0
0.0 0.0 0.0
0.0 0.0 0.0
0.0 0.0 0.0
0.0 0.0 0.0
0.0 0.0 0.0
0.0 0.0 0.0
0.0 0.0 0.0
0.0 0.0 0.0
0.0 0.0 0.0
0.0 0.0 0.0
0.0 0.0 0.0
0.0 0.0 0.0
0.0 0.0 0.0
0.0 0.0 0.0
0.0 0.0 0.0
0.0 0.0 0.0
0.0 0.0 0.0
0.0 0.0 0.0
0.0 0.0 0.0
0.0 0.0 0.0
0.0 0.0 0.0
0.0 0.0 0.0
0.0 0.0 0.0
0.0 0.0 0.0
0.0 0.0 0.0
0.0 0.0 0.0
0.0 0.0 0.0
0.0 0.0 0.0
0.0 0.0 0.0
0.0 0.0 0.0
0.0 0.0 0.0
0.0 0.0 0.0
0.0 0.0 0.0
0.0 0.0 0.0
0.0 0.0 0.0
0.0 0.0 0.0
0.0 0.0 0.0
0.0 0.0 0.0
0.0 0.0 0.0
0.0 0.0 0.0
0.0 0.0 0.0
0.0 0.0 0.0
0.0 0.0 0.0
0.0 0.0 0.0
0.0 0.0 0.0
0.0 0.0 0.0
0.0 0.0 0.0
0.0 0.0 0.0
0.0 0.0 0.0
0.0 0.0 0.0
0.0 0.0 0.0
0.0 0.0 0.0
0.0 0.0 0.0
0.0 0.0 0.0
0.0 0.0 0.0
0.0 0.0 0.0
0.0 0.0 0.0
0.0 0.0 0.0
0.0 0.0 0.0
0.0 0.0 0.0
0.0 0.0 0.0
0.0 0.0 0.0
0.0 0.0 0.0
0.0 0.0 0.0
0.0 0.0 0.0
0.0 0.0 0.0
0.0 0.0 0.0
0.0 0.0 0.0
0.0 0.0 0.0
0.0 0.0 0.0
0.0 0.0 0.0
0.0 0.0 0.0
0.0 0.0 0.0
0.0 0.0 0.0
0.0 0.0 0.0
-59.26475524902344 121.75199890136719 12.443018913269043
0.0 0.0 0.0
0.0 0.0 0.0
0.0 0.0 0.0
0.0 0.0 0.0
0.0 0.0 0.0
0.0 0.0 0.0
0.0 0.0 0.0
0.0 0.0 0.0
0.0 0.0 0.0
0.0 0.0 0.0
0.0 0.0 0.0
0.0 0.0 0.0
0.0 0.0 0.0
0.0 0.0 0.0
0.0 0.0 0.0
0.0 0.0 0.0
0.0 0.0 0.0
0.0 0.0 0.0
0.0 0.0 0.0
0.0 0.0 0.0
0.0 0.0 0.0
0.0 0.0 0.0
0.0 0.0 0.0
0.0 0.0 0.0
0.0 0.0 0.0
0.0 0.0 0.0
0.0 0.0 0.0
0.0 0.0 0.0
0.0 0.0 0.0
0.0 0.0 0.0
0.0 0.0 0.0
0.0 0.0 0.0
0.0 0.0 0.0
0.0 0.0 0.0
0.0 0.0 0.0
0.0 0.0 0.0
0.0 0.0 0.0
0.0 0.0 0.0
0.0 0.0 0.0
0.0 0.0 0.0
0.0 0.0 0.0
0.0 0.0 0.0
0.0 0.0 0.0
-17.050342559814453 30.948020935058594 -2.3794002532958984
0.0 0.0 0.0
0.0 0.0 0.0
0.0 0.0 0.0
0.0 0.0 0.0
0.0 0.0 0.0
0.0 0.0 0.0
0.0 0.0 0.0
0.0 0.0 0.0
0.0 0.0 0.0
0.0 0.0 0.0
0.0 0.0 0.0
0.0 0.0 0.0
0.0 0.0 0.0
0.0 0.0 0.0
0.0 0.0 0.0
0.0 0.0 0.0
0.0 0.0 0.0
0.0 0.0 0.0
0.0 0.0 0.0
0.0 0.0 0.0
0.0 0.0 0.0
0.0 0.0 0.0
0.0 0.0 0.0
0.0 0.0 0.0
0.0 0.0 0.0
0.0 0.0 0.0
0.0 0.0 0.0
0.0 0.0 0.0
-8.86739730834961 28.5649471282959 -2.8684284687042236
0.0 0.0 0.0
0.0 0.0 0.0
0.0 0.0 0.0
0.0 0.0 0.0
0.0 0.0 0.0
0.0 0.0 0.0
0.0 0.0 0.0
-7.0162129402160645 28.061695098876953 -2.93670916557312
-6.7726969718933105 27.911609649658203 -2.9347338676452637
0.0 0.0 0.0
0.0 0.0 0.0
0.0 0.0 0.0
-5.968692302703857 27.9881649017334 -2.991323947906494
-5.714147090911865 27.738107681274414 -2.976646661758423
0.0 0.0 0.0
-5.317375183105469 27.782224655151367 -3.0015463829040527
0.0 0.0 0.0
0.0 0.0 0.0
0.0 0.0 0.0
0.0 0.0 0.0
-4.299291610717773 27.66400718688965 -3.0353198051452637
0.0 0.0 0.0
-3.9125216007232666 27.711002349853516 -3.0572845935821533
0.0 0.0 0.0
-3.5138368606567383 27.664337158203125 -3.066394329071045
0.0 0.0 0.0
0.0 0.0 0.0
0.0 0.0 0.0
0.0 0.0 0.0
-2.527508020401001 27.572275161743164 -3.086448907852173
0.0 0.0 0.0
0.0 0.0 0.0
-1.957572340965271 27.752574920654297 -3.1215038299560547
-1.7570257186889648 27.652578353881836 -3.114320993423462
-1.555264949798584 27.50089454650879 -3.1001811027526855
-1.3674254417419434 27.58424186706543 -3.112677812576294
-1.183741807937622 27.868099212646484 -3.1480495929718018
-0.979617178440094 27.584245681762695 -3.1193816661834717
0.0 0.0 0.0
-0.6031791567802429 27.951723098754883 -3.164203405380249
-0.40585604310035706 27.757123947143555 -3.143453598022461
-0.21155396103858948 28.03856086730957 -3.1767988204956055
-0.016423271968960762 27.852861404418945 -3.1573500633239746
0.178384467959404 28.019189834594727 -3.1763179302215576
0.3716922104358673 27.897058486938477 -3.1618051528930664
0.5663750171661377 27.93659019470215 -3.1657702922821045
0.7615485191345215 27.96311378479004 -3.168412923812866
0.9599552750587463 27.972639083862305 -3.1692802906036377
1.157384991645813 28.03927230834961 -3.175044298171997
1.3556334972381592 28.092937469482422 -3.178764581680298
1.5456674098968506 27.98630714416504 -3.1645069122314453
0.0 0.0 0.0
0.0 0.0 0.0
2.1607770919799805 28.316734313964844 -3.194207191467285
2.351072072982788 28.22041130065918 -3.179339647293091
2.543381929397583 28.161497116088867 -3.1688618659973145
2.7510221004486084 28.26352310180664 -3.176633596420288
2.9446446895599365 28.18221092224121 -3.1638848781585693
0.0 0.0 0.0
0.0 0.0 0.0
0.0 0.0 0.0
3.7637500762939453 28.366300582885742 -3.161850929260254
3.996657609939575 28.57061195373535 -3.179103136062622
4.208291053771973 28.631664276123047 -3.1782360076904297
4.424163341522217 28.710308074951172 -3.1794092655181885
0.0 0.0 0.0
4.851163864135742 28.8129825592041 -3.176037311553955
0.0 0.0 0.0
0.0 0.0 0.0
5.520876884460449 29.052227020263672 -3.17580246925354
5.718494892120361 28.991682052612305 -3.1599538326263428
0.0 0.0 0.0
6.163341999053955 29.109865188598633 -3.153965950012207
6.3982133865356445 29.196109771728516 -3.151862859725952
6.621278285980225 29.239660263061523 -3.1454365253448486
6.8487958908081055 29.296648025512695 -3.1405367851257324
0.0 0.0 0.0
7.319178581237793 29.454538345336914 -3.134436845779419
0.0 0.0 0.0
0.0 0.0 0.0
0.0 0.0 0.0
8.311745643615723 29.855880737304688 -3.125133514404297
0.0 0.0 0.0
8.844521522521973 30.128286361694336 -3.1239523887634277
9.061261177062988 30.09033966064453 -3.1052849292755127
0.0 0.0 0.0
0.0 0.0 0.0
9.934510231018066 30.659154891967773 -3.116928815841675
10.13854694366455 30.561920166015625 -3.090285539627075
0.0 0.0 0.0
0.0 0.0 0.0
0.0 0.0 0.0
11.295501708984375 31.112709045410156 -3.0747387409210205
11.641003608703613 31.382139205932617 -3.0823910236358643
0.0 0.0 0.0
0.0 0.0 0.0
0.0 0.0 0.0
0.0 0.0 0.0
13.211882591247559 32.130836486816406 -3.0530619621276855
13.440255165100098 32.038841247558594 -3.022901773452759
0.0 0.0 0.0
0.0 0.0 0.0
0.0 0.0 0.0
14.759309768676758 32.61347961425781 -2.9841015338897705
0.0 0.0 0.0
0.0 0.0 0.0
0.0 0.0 0.0
0.0 0.0 0.0
0.0 0.0 0.0
0.0 0.0 0.0
0.0 0.0 0.0
0.0 0.0 0.0
0.0 0.0 0.0
0.0 0.0 0.0
0.0 0.0 0.0
0.0 0.0 0.0
0.0 0.0 0.0
0.0 0.0 0.0
0.0 0.0 0.0
0.0 0.0 0.0
0.0 0.0 0.0
0.0 0.0 0.0
0.0 0.0 0.0
0.0 0.0 0.0
0.0 0.0 0.0
0.0 0.0 0.0
0.0 0.0 0.0
0.0 0.0 0.0
0.0 0.0 0.0
0.0 0.0 0.0
0.0 0.0 0.0
0.0 0.0 0.0
0.0 0.0 0.0
0.0 0.0 0.0
0.0 0.0 0.0
0.0 0.0 0.0
0.0 0.0 0.0
0.0 0.0 0.0
0.0 0.0 0.0
0.0 0.0 0.0
0.0 0.0 0.0
0.0 0.0 0.0
0.0 0.0 0.0
0.0 0.0 0.0
0.0 0.0 0.0
0.0 0.0 0.0
0.0 0.0 0.0
0.0 0.0 0.0
0.0 0.0 0.0
0.0 0.0 0.0
0.0 0.0 0.0
0.0 0.0 0.0
0.0 0.0 0.0
0.0 0.0 0.0
0.0 0.0 0.0
0.0 0.0 0.0
0.0 0.0 0.0
0.0 0.0 0.0
0.0 0.0 0.0
0.0 0.0 0.0
0.0 0.0 0.0
0.0 0.0 0.0
0.0 0.0 0.0
0.0 0.0 0.0
0.0 0.0 0.0
0.0 0.0 0.0
0.0 0.0 0.0
0.0 0.0 0.0
0.0 0.0 0.0
0.0 0.0 0.0
0.0 0.0 0.0
0.0 0.0 0.0
0.0 0.0 0.0
0.0 0.0 0.0
0.0 0.0 0.0
0.0 0.0 0.0
0.0 0.0 0.0
0.0 0.0 0.0
0.0 0.0 0.0
0.0 0.0 0.0
0.0 0.0 0.0
0.0 0.0 0.0
0.0 0.0 0.0
0.0 0.0 0.0
0.0 0.0 0.0
0.0 0.0 0.0
0.0 0.0 0.0
0.0 0.0 0.0
0.0 0.0 0.0
0.0 0.0 0.0
0.0 0.0 0.0
0.0 0.0 0.0
0.0 0.0 0.0
0.0 0.0 0.0
0.0 0.0 0.0
0.0 0.0 0.0
0.0 0.0 0.0
0.0 0.0 0.0
0.0 0.0 0.0
0.0 0.0 0.0
0.0 0.0 0.0
0.0 0.0 0.0
0.0 0.0 0.0
0.0 0.0 0.0
0.0 0.0 0.0
0.0 0.0 0.0
0.0 0.0 0.0
0.0 0.0 0.0
0.0 0.0 0.0
0.0 0.0 0.0
0.0 0.0 0.0
0.0 0.0 0.0
0.0 0.0 0.0
0.0 0.0 0.0
0.0 0.0 0.0
0.0 0.0 0.0
0.0 0.0 0.0
0.0 0.0 0.0
0.0 0.0 0.0
0.0 0.0 0.0
0.0 0.0 0.0
0.0 0.0 0.0
0.0 0.0 0.0
0.0 0.0 0.0
0.0 0.0 0.0
0.0 0.0 0.0
0.0 0.0 0.0
0.0 0.0 0.0
0.0 0.0 0.0
0.0 0.0 0.0
-5.182366847991943 99.49617004394531 12.133709907531738
0.0 0.0 0.0
0.0 0.0 0.0
0.0 0.0 0.0
0.0 0.0 0.0
0.0 0.0 0.0
0.0 0.0 0.0
0.0 0.0 0.0
0.0 0.0 0.0
0.0 0.0 0.0
0.0 0.0 0.0
0.0 0.0 0.0
0.0 0.0 0.0
0.0 0.0 0.0
0.0 0.0 0.0
0.0 0.0 0.0
0.0 0.0 0.0
0.0 0.0 0.0
0.0 0.0 0.0
0.0 0.0 0.0
0.0 0.0 0.0
0.0 0.0 0.0
0.0 0.0 0.0
0.0 0.0 0.0
0.0 0.0 0.0
0.0 0.0 0.0
0.0 0.0 0.0
0.0 0.0 0.0
0.0 0.0 0.0
0.0 0.0 0.0
0.0 0.0 0.0
0.0 0.0 0.0
0.0 0.0 0.0
0.0 0.0 0.0
0.0 0.0 0.0
0.0 0.0 0.0
0.0 0.0 0.0
0.0 0.0 0.0
0.0 0.0 0.0
0.0 0.0 0.0
0.0 0.0 0.0
0.0 0.0 0.0
0.0 0.0 0.0
0.0 0.0 0.0
0.0 0.0 0.0
0.0 0.0 0.0
0.0 0.0 0.0
0.0 0.0 0.0
0.0 0.0 0.0
0.0 0.0 0.0
0.0 0.0 0.0
0.0 0.0 0.0
0.0 0.0 0.0
0.0 0.0 0.0
0.0 0.0 0.0
0.0 0.0 0.0
0.0 0.0 0.0
-58.8426628112793 121.93608093261719 12.214730262756348
0.0 0.0 0.0
0.0 0.0 0.0
0.0 0.0 0.0
0.0 0.0 0.0
0.0 0.0 0.0
0.0 0.0 0.0
0.0 0.0 0.0
0.0 0.0 0.0
0.0 0.0 0.0
0.0 0.0 0.0
0.0 0.0 0.0
0.0 0.0 0.0
0.0 0.0 0.0
0.0 0.0 0.0
0.0 0.0 0.0
0.0 0.0 0.0
0.0 0.0 0.0
0.0 0.0 0.0
0.0 0.0 0.0
0.0 0.0 0.0
0.0 0.0 0.0
0.0 0.0 0.0
0.0 0.0 0.0
0.0 0.0 0.0
0.0 0.0 0.0
0.0 0.0 0.0
0.0 0.0 0.0
0.0 0.0 0.0
0.0 0.0 0.0
0.0 0.0 0.0
0.0 0.0 0.0
0.0 0.0 0.0
0.0 0.0 0.0
0.0 0.0 0.0
0.0 0.0 0.0
0.0 0.0 0.0
0.0 0.0 0.0
0.0 0.0 0.0
0.0 0.0 0.0
0.0 0.0 0.0
0.0 0.0 0.0
0.0 0.0 0.0
0.0 0.0 0.0
0.0 0.0 0.0
0.0 0.0 0.0
0.0 0.0 0.0
0.0 0.0 0.0
0.0 0.0 0.0
0.0 0.0 0.0
0.0 0.0 0.0
0.0 0.0 0.0
0.0 0.0 0.0
0.0 0.0 0.0
0.0 0.0 0.0
0.0 0.0 0.0
0.0 0.0 0.0
0.0 0.0 0.0
0.0 0.0 0.0
0.0 0.0 0.0
0.0 0.0 0.0
0.0 0.0 0.0
-11.797112464904785 29.427906036376953 -2.6664974689483643
0.0 0.0 0.0
0.0 0.0 0.0
0.0 0.0 0.0
0.0 0.0 0.0
0.0 0.0 0.0
0.0 0.0 0.0
0.0 0.0 0.0
0.0 0.0 0.0
0.0 0.0 0.0
-9.204588890075684 28.602783203125 -2.7810161113739014
0.0 0.0 0.0
0.0 0.0 0.0
0.0 0.0 0.0
0.0 0.0 0.0
-8.08192253112793 28.489093780517578 -2.8489573001861572
0.0 0.0 0.0
0.0 0.0 0.0
0.0 0.0 0.0
-7.176652431488037 28.273759841918945 -2.8831984996795654
-6.943938255310059 28.19382095336914 -2.888638496398926
-6.812793254852295 28.51588249206543 -2.9338085651397705
-6.533050060272217 28.212617874145508 -2.914738893508911
-6.3112101554870605 28.145851135253906 -2.9200615882873535
-6.132047176361084 28.267208099365234 -2.9450173377990723
0.0 0.0 0.0
-5.723689556121826 28.298053741455078 -2.9697489738464355
0.0 0.0 0.0
-5.255733489990234 27.982540130615234 -2.9572598934173584
-5.052398204803467 27.97109603881836 -2.9665331840515137
0.0 0.0 0.0
-4.660098075866699 28.044418334960938 -2.991631507873535
0.0 0.0 0.0
0.0 0.0 0.0
-4.052635192871094 27.985702514648438 -3.011312484741211
-3.857340097427368 28.012245178222656 -3.0210068225860596
0.0 0.0 0.0
0.0 0.0 0.0
0.0 0.0 0.0
-3.0477828979492188 27.88112449645996 -3.034947633743286
0.0 0.0 0.0
-2.6484756469726562 27.846202850341797 -3.0413031578063965
-2.4825992584228516 28.184276580810547 -3.083538293838501
-2.2653119564056396 27.940771102905273 -3.062298059463501
0.0 0.0 0.0
-1.890291690826416 28.181438446044922 -3.097139835357666
-1.6827898025512695 28.061803817749023 -3.0874722003936768
-1.485373616218567 28.03354263305664 -3.08792781829834
-1.295634388923645 28.1551513671875 -3.1050474643707275
-1.0972652435302734 28.104839324951172 -3.1027607917785645
-0.9033092856407166 28.1619930267334 -3.110582113265991
-0.7023430466651917 28.093677520751953 -3.1047213077545166
-0.5053889751434326 28.016115188598633 -3.0979537963867188
-0.3147103488445282 28.40305519104004 -3.142721652984619
-0.11595745384693146 28.13649559020996 -3.1145827770233154
0.07986786216497421 28.214298248291016 -3.122953414916992
0.2759488821029663 28.182025909423828 -3.1192901134490967
0.4737389385700226 28.074575424194336 -3.107459783554077
0.6730284690856934 28.233642578125 -3.1252808570861816
0.8791307806968689 28.55049705505371 -3.159907579421997
1.0669268369674683 28.260740280151367 -3.126112937927246
1.2706834077835083 28.415817260742188 -3.14168381690979
1.471254825592041 28.398637771606445 -3.13832950592041
1.6800711154937744 28.58179473876953 -3.1572840213775635
1.8803229331970215 28.59305763244629 -3.156294584274292
2.0697741508483887 28.452054977416992 -3.1371560096740723
2.2807493209838867 28.60007667541504 -3.1500301361083984
2.474246025085449 28.483219146728516 -3.1338229179382324
2.6786422729492188 28.53158187866211 -3.1360044479370117
2.8852148056030273 28.594078063964844 -3.1386871337890625
3.104935884475708 28.767169952392578 -3.152407169342041
3.2819595336914062 28.545072555541992 -3.122974395751953
0.0 0.0 0.0
0.0 0.0 0.0
3.9267139434814453 28.811115264892578 -3.1360061168670654
0.0 0.0 0.0
4.371016979217529 29.04383659362793 -3.147392511367798
4.561596393585205 28.940889358520508 -3.1295015811920166
4.799254417419434 29.108257293701172 -3.1408512592315674
5.049021244049072 29.351055145263672 -3.158886194229126
5.253361701965332 29.316503524780273 -3.146512508392334
0.0 0.0 0.0
5.674612045288086 29.311769485473633 -3.1290924549102783
0.0 0.0 0.0
0.0 0.0 0.0
6.299790382385254 29.239896774291992 -3.0926902294158936
6.6331987380981445 29.780990600585938 -3.139620542526245
0.0 0.0 0.0
0.0 0.0 0.0
0.0 0.0 0.0
7.512463092803955 29.782716751098633 -3.0947067737579346
7.751888275146484 29.855634689331055 -3.090212345123291
0.0 0.0 0.0
0.0 0.0 0.0
8.53228759765625 30.237916946411133 -3.0908029079437256
0.0 0.0 0.0
0.0 0.0 0.0
9.263607025146484 30.38587188720703 -3.0645828247070312
0.0 0.0 0.0
0.0 0.0 0.0
0.0 0.0 0.0
10.377017974853516 30.916095733642578 -3.0546298027038574
0.0 0.0 0.0
11.038996696472168 31.433713912963867 -3.0716638565063477
11.250564575195312 31.323917388916016 -3.0428197383880615
0.0 0.0 0.0
0.0 0.0 0.0
0.0 0.0 0.0
12.459795951843262 31.87359619140625 -3.0208580493927
0.0 0.0 0.0
0.0 0.0 0.0
0.0 0.0 0.0
0.0 0.0 0.0
0.0 0.0 0.0
0.0 0.0 0.0
0.0 0.0 0.0
0.0 0.0 0.0
0.0 0.0 0.0
0.0 0.0 0.0
0.0 0.0 0.0
0.0 0.0 0.0
0.0 0.0 0.0
17.464277267456055 34.35015106201172 -2.9096250534057617
0.0 0.0 0.0
0.0 0.0 0.0
18.6657657623291 34.884490966796875 -2.865161895751953
19.02117156982422 34.96174240112305 -2.840536117553711
0.0 0.0 0.0
0.0 0.0 0.0
0.0 0.0 0.0
0.0 0.0 0.0
0.0 0.0 0.0
0.0 0.0 0.0
0.0 0.0 0.0
0.0 0.0 0.0
0.0 0.0 0.0
0.0 0.0 0.0
0.0 0.0 0.0
0.0 0.0 0.0
0.0 0.0 0.0
0.0 0.0 0.0
0.0 0.0 0.0
0.0 0.0 0.0
0.0 0.0 0.0
0.0 0.0 0.0
0.0 0.0 0.0
0.0 0.0 0.0
0.0 0.0 0.0
0.0 0.0 0.0
0.0 0.0 0.0
0.0 0.0 0.0
0.0 0.0 0.0
0.0 0.0 0.0
0.0 0.0 0.0
17.320987701416016 26.825605392456055 2.02986216545105
0.0 0.0 0.0
0.0 0.0 0.0
0.0 0.0 0.0
0.0 0.0 0.0
0.0 0.0 0.0
0.0 0.0 0.0
0.0 0.0 0.0
0.0 0.0 0.0
0.0 0.0 0.0
0.0 0.0 0.0
0.0 0.0 0.0
0.0 0.0 0.0
0.0 0.0 0.0
0.0 0.0 0.0
0.0 0.0 0.0
0.0 0.0 0.0
0.0 0.0 0.0
0.0 0.0 0.0
0.0 0.0 0.0
0.0 0.0 0.0
0.0 0.0 0.0
0.0 0.0 0.0
0.0 0.0 0.0
0.0 0.0 0.0
0.0 0.0 0.0
0.0 0.0 0.0
0.0 0.0 0.0
0.0 0.0 0.0
0.0 0.0 0.0
0.0 0.0 0.0
0.0 0.0 0.0
0.0 0.0 0.0
0.0 0.0 0.0
0.0 0.0 0.0
0.0 0.0 0.0
0.0 0.0 0.0
0.0 0.0 0.0
0.0 0.0 0.0
0.0 0.0 0.0
0.0 0.0 0.0
0.0 0.0 0.0
0.0 0.0 0.0
0.0 0.0 0.0
0.0 0.0 0.0
0.0 0.0 0.0
0.0 0.0 0.0
29.561548233032227 118.35609436035156 13.371613502502441
0.0 0.0 0.0
0.0 0.0 0.0
0.0 0.0 0.0
0.0 0.0 0.0
0.0 0.0 0.0
0.0 0.0 0.0
0.0 0.0 0.0
0.0 0.0 0.0
0.0 0.0 0.0
0.0 0.0 0.0
0.0 0.0 0.0
0.0 0.0 0.0
0.0 0.0 0.0
0.0 0.0 0.0
0.0 0.0 0.0
0.0 0.0 0.0
0.0 0.0 0.0
0.0 0.0 0.0
0.0 0.0 0.0
0.0 0.0 0.0
0.0 0.0 0.0
0.0 0.0 0.0
0.0 0.0 0.0
0.0 0.0 0.0
0.0 0.0 0.0
0.0 0.0 0.0
0.0 0.0 0.0
0.0 0.0 0.0
0.0 0.0 0.0
0.0 0.0 0.0
0.0 0.0 0.0
0.0 0.0 0.0
0.0 0.0 0.0
0.0 0.0 0.0
0.0 0.0 0.0
0.0 0.0 0.0
0.0 0.0 0.0
0.0 0.0 0.0
0.0 0.0 0.0
0.0 0.0 0.0
0.0 0.0 0.0
0.0 0.0 0.0
0.0 0.0 0.0
0.0 0.0 0.0
0.0 0.0 0.0
0.0 0.0 0.0
0.0 0.0 0.0
0.0 0.0 0.0
0.0 0.0 0.0
0.0 0.0 0.0
0.0 0.0 0.0
0.0 0.0 0.0
0.0 0.0 0.0
0.0 0.0 0.0
0.0 0.0 0.0
0.0 0.0 0.0
0.0 0.0 0.0
0.0 0.0 0.0
0.0 0.0 0.0
0.0 0.0 0.0
0.0 0.0 0.0
0.0 0.0 0.0
0.0 0.0 0.0
0.0 0.0 0.0
0.0 0.0 0.0
0.0 0.0 0.0
0.0 0.0 0.0
0.0 0.0 0.0
0.0 0.0 0.0
0.0 0.0 0.0
0.0 0.0 0.0
0.0 0.0 0.0
0.0 0.0 0.0
0.0 0.0 0.0
0.0 0.0 0.0
0.0 0.0 0.0
0.0 0.0 0.0
0.0 0.0 0.0
0.0 0.0 0.0
0.0 0.0 0.0
0.0 0.0 0.0
0.0 0.0 0.0
0.0 0.0 0.0
0.0 0.0 0.0
0.0 0.0 0.0
0.0 0.0 0.0
0.0 0.0 0.0
0.0 0.0 0.0
0.0 0.0 0.0
0.0 0.0 0.0
0.0 0.0 0.0
0.0 0.0 0.0
0.0 0.0 0.0
0.0 0.0 0.0
0.0 0.0 0.0
0.0 0.0 0.0
0.0 0.0 0.0
0.0 0.0 0.0
0.0 0.0 0.0
0.0 0.0 0.0
0.0 0.0 0.0
0.0 0.0 0.0
0.0 0.0 0.0
0.0 0.0 0.0
0.0 0.0 0.0
0.0 0.0 0.0
0.0 0.0 0.0
0.0 0.0 0.0
0.0 0.0 0.0
0.0 0.0 0.0
0.0 0.0 0.0
0.0 0.0 0.0
0.0 0.0 0.0
0.0 0.0 0.0
0.0 0.0 0.0
0.0 0.0 0.0
0.0 0.0 0.0
0.0 0.0 0.0
0.0 0.0 0.0
0.0 0.0 0.0
0.0 0.0 0.0
0.0 0.0 0.0
0.0 0.0 0.0
0.0 0.0 0.0
0.0 0.0 0.0
0.0 0.0 0.0
0.0 0.0 0.0
0.0 0.0 0.0
0.0 0.0 0.0
0.0 0.0 0.0
0.0 0.0 0.0
0.0 0.0 0.0
0.0 0.0 0.0
0.0 0.0 0.0
0.0 0.0 0.0
0.0 0.0 0.0
0.0 0.0 0.0
0.0 0.0 0.0
0.0 0.0 0.0
0.0 0.0 0.0
0.0 0.0 0.0
0.0 0.0 0.0
0.0 0.0 0.0
0.0 0.0 0.0
0.0 0.0 0.0
0.0 0.0 0.0
0.0 0.0 0.0
0.0 0.0 0.0
0.0 0.0 0.0
0.0 0.0 0.0
0.0 0.0 0.0
0.0 0.0 0.0
0.0 0.0 0.0
0.0 0.0 0.0
0.0 0.0 0.0
0.0 0.0 0.0
0.0 0.0 0.0
0.0 0.0 0.0
0.0 0.0 0.0
0.0 0.0 0.0
0.0 0.0 0.0
0.0 0.0 0.0
0.0 0.0 0.0
0.0 0.0 0.0
0.0 0.0 0.0
0.0 0.0 0.0
0.0 0.0 0.0
0.0 0.0 0.0
0.0 0.0 0.0
0.0 0.0 0.0
0.0 0.0 0.0
0.0 0.0 0.0
0.0 0.0 0.0
0.0 0.0 0.0
0.0 0.0 0.0
0.0 0.0 0.0
0.0 0.0 0.0
0.0 0.0 0.0
-7.5904974937438965 28.653926849365234 -2.8332033157348633
-7.355338096618652 28.568796157836914 -2.838655948638916
0.0 0.0 0.0
0.0 0.0 0.0
0.0 0.0 0.0
0.0 0.0 0.0
-6.3101630210876465 28.61021614074707 -2.904093027114868
-6.0591864585876465 28.41258430480957 -2.8943939208984375
0.0 0.0 0.0
-5.64017391204834 28.380842208862305 -2.912182569503784
0.0 0.0 0.0
-5.219579219818115 28.343717575073242 -2.92885160446167
-5.04306173324585 28.496734619140625 -2.953420400619507
-4.864664077758789 28.648645401000977 -2.978091239929199
-4.61327600479126 28.362205505371094 -2.957275152206421
-4.393215179443359 28.270002365112305 -2.9568705558776855
-4.185683727264404 28.22966194152832 -2.9602441787719727
-3.991121530532837 28.272483825683594 -2.971740961074829
-3.797199010848999 28.32166290283203 -2.9840593338012695
0.0 0.0 0.0
0.0 0.0 0.0
-3.2069621086120605 28.442424774169922 -3.0173280239105225
-3.006798267364502 28.443946838378906 -3.022819995880127
-2.7873144149780273 28.246912002563477 -3.0073115825653076
0.0 0.0 0.0
0.0 0.0 0.0
0.0 0.0 0.0
-1.9811487197875977 28.09406852722168 -3.0099411010742188
-1.799944281578064 28.331432342529297 -3.0392870903015137
0.0 0.0 0.0
-1.4061377048492432 28.368127822875977 -3.051501512527466
-1.2027149200439453 28.314958572387695 -3.047828197479248
-1.0062581300735474 28.337865829467773 -3.0522964000701904
-0.8125330805778503 28.46422576904297 -3.068065881729126
-0.6139975190162659 28.445589065551758 -3.0683624744415283
-0.4122958481311798 28.188690185546875 -3.043081760406494
-0.2144661247730255 28.435501098632812 -3.07013201713562
-0.01670048199594021 28.37798309326172 -3.064434051513672
0.18304941058158875 28.719104766845703 -3.1019389629364014
0.38134485483169556 28.61222267150879 -3.091210126876831
0.5764363408088684 28.406911849975586 -3.0699076652526855
0.7757431864738464 28.472320556640625 -3.07539963722229
0.9879486560821533 28.776857376098633 -3.1068239212036133
1.186401605606079 28.726825714111328 -3.1001312732696533
1.3837711811065674 28.671558380126953 -3.093029022216797
1.5836390256881714 28.669239044189453 -3.0916173458099365
1.7790014743804932 28.592090606689453 -3.0802035331726074
2.0087757110595703 28.97446632385254 -3.1183583736419678
2.2103586196899414 28.960254669189453 -3.1139941215515137
2.3933820724487305 28.72011947631836 -3.085505962371826
2.6231393814086914 29.035959243774414 -3.1165521144866943
2.8154473304748535 28.92111587524414 -3.0993618965148926
3.0172646045684814 28.874160766601562 -3.089531660079956
3.274688959121704 29.36280632019043 -3.1371726989746094
3.435018539428711 28.969730377197266 -3.090730905532837
0.0 0.0 0.0
0.0 0.0 0.0
4.0869293212890625 29.21334457397461 -3.09875226020813
4.317380905151367 29.369659423828125 -3.108994722366333
0.0 0.0 0.0
4.7362847328186035 29.373977661132812 -3.096471071243286
4.959405422210693 29.45262336730957 -3.0965421199798584
5.201567649841309 29.629047393798828 -3.1069443225860596
0.0 0.0 0.0
5.660999298095703 29.7845516204834 -3.1071457862854004
5.847820281982422 29.642839431762695 -3.0835626125335693
6.100130558013916 29.827478408813477 -3.092808485031128
6.268085956573486 29.599470138549805 -3.059415340423584
6.560011386871338 29.931652069091797 -3.0838351249694824
0.0 0.0 0.0
7.0168328285217285 30.014577865600586 -3.0718977451324463
0.0 0.0 0.0
7.490816116333008 30.143537521362305 -3.062262773513794
7.708110332489014 30.106456756591797 -3.0470728874206543
7.976230621337891 30.27546501159668 -3.0529909133911133
8.23124885559082 30.38626480102539 -3.051093816757202
8.52098560333252 30.61099624633789 -3.0603485107421875
0.0 0.0 0.0
0.0 0.0 0.0
9.241958618164062 30.69532585144043 -3.028677225112915
0.0 0.0 0.0
9.773042678833008 30.89376449584961 -3.01790189743042
0.0 0.0 0.0
10.361651420593262 31.234703063964844 -3.020850419998169
0.0 0.0 0.0
0.0 0.0 0.0
11.199509620666504 31.529687881469727 -2.998309373855591
0.0 0.0 0.0
11.887748718261719 32.046112060546875 -3.012622594833374
0.0 0.0 0.0
0.0 0.0 0.0
0.0 0.0 0.0
0.0 0.0 0.0
0.0 0.0 0.0
0.0 0.0 0.0
14.090473175048828 32.94482421875 -2.9537031650543213
0.0 0.0 0.0
0.0 0.0 0.0
0.0 0.0 0.0
0.0 0.0 0.0
0.0 0.0 0.0
0.0 0.0 0.0
0.0 0.0 0.0
0.0 0.0 0.0
17.326766967773438 34.380123138427734 -2.858757495880127
0.0 0.0 0.0
0.0 0.0 0.0
0.0 0.0 0.0
0.0 0.0 0.0
0.0 0.0 0.0
0.0 0.0 0.0
20.58401107788086 36.31380844116211 -2.802077531814575
0.0 0.0 0.0
0.0 0.0 0.0
0.0 0.0 0.0
0.0 0.0 0.0
0.0 0.0 0.0
0.0 0.0 0.0
0.0 0.0 0.0
0.0 0.0 0.0
0.0 0.0 0.0
0.0 0.0 0.0
0.0 0.0 0.0
0.0 0.0 0.0
0.0 0.0 0.0
0.0 0.0 0.0
0.0 0.0 0.0
0.0 0.0 0.0
0.0 0.0 0.0
0.0 0.0 0.0
0.0 0.0 0.0
0.0 0.0 0.0
0.0 0.0 0.0
0.0 0.0 0.0
0.0 0.0 0.0
0.0 0.0 0.0
0.0 0.0 0.0
0.0 0.0 0.0
0.0 0.0 0.0
0.0 0.0 0.0
0.0 0.0 0.0
0.0 0.0 0.0
0.0 0.0 0.0
0.0 0.0 0.0
0.0 0.0 0.0
0.0 0.0 0.0
0.0 0.0 0.0
0.0 0.0 0.0
0.0 0.0 0.0
0.0 0.0 0.0
0.0 0.0 0.0
0.0 0.0 0.0
0.0 0.0 0.0
0.0 0.0 0.0
0.0 0.0 0.0
0.0 0.0 0.0
0.0 0.0 0.0
0.0 0.0 0.0
0.0 0.0 0.0
0.0 0.0 0.0
0.0 0.0 0.0
0.0 0.0 0.0
0.0 0.0 0.0
0.0 0.0 0.0
0.0 0.0 0.0
0.0 0.0 0.0
0.0 0.0 0.0
0.0 0.0 0.0
0.0 0.0 0.0
0.0 0.0 0.0
0.0 0.0 0.0
0.0 0.0 0.0
0.0 0.0 0.0
0.0 0.0 0.0
0.0 0.0 0.0
0.0 0.0 0.0
0.0 0.0 0.0
0.0 0.0 0.0
0.0 0.0 0.0
0.0 0.0 0.0
0.0 0.0 0.0
0.0 0.0 0.0
0.0 0.0 0.0
0.0 0.0 0.0
0.0 0.0 0.0
0.0 0.0 0.0
0.0 0.0 0.0
0.0 0.0 0.0
0.0 0.0 0.0
0.0 0.0 0.0
0.0 0.0 0.0
0.0 0.0 0.0
0.0 0.0 0.0
0.0 0.0 0.0
0.0 0.0 0.0
0.0 0.0 0.0
0.0 0.0 0.0
0.0 0.0 0.0
0.0 0.0 0.0
0.0 0.0 0.0
0.0 0.0 0.0
0.0 0.0 0.0
0.0 0.0 0.0
0.0 0.0 0.0
0.0 0.0 0.0
0.0 0.0 0.0
0.0 0.0 0.0
0.0 0.0 0.0
0.0 0.0 0.0
0.0 0.0 0.0
0.0 0.0 0.0
0.0 0.0 0.0
0.0 0.0 0.0
0.0 0.0 0.0
0.0 0.0 0.0
0.0 0.0 0.0
0.0 0.0 0.0
0.0 0.0 0.0
0.0 0.0 0.0
0.0 0.0 0.0
0.0 0.0 0.0
0.0 0.0 0.0
0.0 0.0 0.0
0.0 0.0 0.0
0.0 0.0 0.0
0.0 0.0 0.0
0.0 0.0 0.0
0.0 0.0 0.0
0.0 0.0 0.0
0.0 0.0 0.0
0.0 0.0 0.0
0.0 0.0 0.0
0.0 0.0 0.0
0.0 0.0 0.0
0.0 0.0 0.0
0.0 0.0 0.0
0.0 0.0 0.0
0.0 0.0 0.0
0.0 0.0 0.0
0.0 0.0 0.0
0.0 0.0 0.0
0.0 0.0 0.0
0.0 0.0 0.0
0.0 0.0 0.0
0.0 0.0 0.0
0.0 0.0 0.0
0.0 0.0 0.0
0.0 0.0 0.0
0.0 0.0 0.0
0.0 0.0 0.0
0.0 0.0 0.0
0.0 0.0 0.0
0.0 0.0 0.0
0.0 0.0 0.0
0.0 0.0 0.0
0.0 0.0 0.0
0.0 0.0 0.0
0.0 0.0 0.0
0.0 0.0 0.0
0.0 0.0 0.0
0.0 0.0 0.0
0.0 0.0 0.0
0.0 0.0 0.0
0.0 0.0 0.0
0.0 0.0 0.0
0.0 0.0 0.0
0.0 0.0 0.0
0.0 0.0 0.0
0.0 0.0 0.0
0.0 0.0 0.0
0.0 0.0 0.0
0.0 0.0 0.0
0.0 0.0 0.0
0.0 0.0 0.0
0.0 0.0 0.0
0.0 0.0 0.0
0.0 0.0 0.0
0.0 0.0 0.0
0.0 0.0 0.0
0.0 0.0 0.0
0.0 0.0 0.0
0.0 0.0 0.0
0.0 0.0 0.0
0.0 0.0 0.0
0.0 0.0 0.0
0.0 0.0 0.0
0.0 0.0 0.0
0.0 0.0 0.0
0.0 0.0 0.0
0.0 0.0 0.0
0.0 0.0 0.0
0.0 0.0 0.0
0.0 0.0 0.0
0.0 0.0 0.0
0.0 0.0 0.0
0.0 0.0 0.0
0.0 0.0 0.0
0.0 0.0 0.0
0.0 0.0 0.0
0.0 0.0 0.0
0.0 0.0 0.0
0.0 0.0 0.0
0.0 0.0 0.0
0.0 0.0 0.0
0.0 0.0 0.0
0.0 0.0 0.0
0.0 0.0 0.0
0.0 0.0 0.0
0.0 0.0 0.0
0.0 0.0 0.0
0.0 0.0 0.0
0.0 0.0 0.0
0.0 0.0 0.0
0.0 0.0 0.0
0.0 0.0 0.0
0.0 0.0 0.0
0.0 0.0 0.0
0.0 0.0 0.0
0.0 0.0 0.0
0.0 0.0 0.0
0.0 0.0 0.0
0.0 0.0 0.0
0.0 0.0 0.0
0.0 0.0 0.0
0.0 0.0 0.0
0.0 0.0 0.0
0.0 0.0 0.0
0.0 0.0 0.0
-16.977848052978516 31.597497940063477 -2.3273048400878906
0.0 0.0 0.0
0.0 0.0 0.0
0.0 0.0 0.0
0.0 0.0 0.0
0.0 0.0 0.0
0.0 0.0 0.0
0.0 0.0 0.0
0.0 0.0 0.0
0.0 0.0 0.0
0.0 0.0 0.0
0.0 0.0 0.0
0.0 0.0 0.0
0.0 0.0 0.0
0.0 0.0 0.0
0.0 0.0 0.0
0.0 0.0 0.0
0.0 0.0 0.0
0.0 0.0 0.0
0.0 0.0 0.0
0.0 0.0 0.0
0.0 0.0 0.0
0.0 0.0 0.0
0.0 0.0 0.0
0.0 0.0 0.0
0.0 0.0 0.0
0.0 0.0 0.0
0.0 0.0 0.0
0.0 0.0 0.0
0.0 0.0 0.0
0.0 0.0 0.0
0.0 0.0 0.0
0.0 0.0 0.0
0.0 0.0 0.0
0.0 0.0 0.0
-7.348152160644531 28.953838348388672 -2.8132376670837402
-7.090534210205078 28.792078018188477 -2.8100028038024902
0.0 0.0 0.0
-6.681586265563965 28.858469009399414 -2.8412587642669678
-6.443644046783447 28.73973846435547 -2.8400321006774902
-6.205690383911133 28.60761070251465 -2.837470293045044
-6.024266242980957 28.752138137817383 -2.8626670837402344
0.0 0.0 0.0
-5.616541862487793 28.79602813720703 -2.888150930404663
-5.400701522827148 28.752962112426758 -2.8926796913146973
-5.181344985961914 28.68539047241211 -2.8948373794555664
-4.958713054656982 28.609031677246094 -2.8963255882263184
-4.743357181549072 28.54576301574707 -2.8990612030029297
0.0 0.0 0.0
-4.324603080749512 28.47242546081543 -2.906890630722046
0.0 0.0 0.0
0.0 0.0 0.0
0.0 0.0 0.0
-3.5256035327911377 28.574426651000977 -2.945716381072998
0.0 0.0 0.0
-3.114609956741333 28.49935531616211 -2.9489519596099854
-2.9261560440063477 28.61616325378418 -2.9667506217956543
-2.71044921875 28.499971389770508 -2.9606378078460693
-2.525341033935547 28.668424606323242 -2.9827637672424316
-2.3042309284210205 28.417499542236328 -2.9605159759521484
-2.1195011138916016 28.61051368713379 -2.984654188156128
0.0 0.0 0.0
0.0 0.0 0.0
-1.5218205451965332 28.713062286376953 -3.0068705081939697
-1.3212884664535522 28.70708656311035 -3.008542537689209
0.0 0.0 0.0
-0.9221999049186707 28.737531661987305 -3.0167675018310547
-0.7198154330253601 28.785707473754883 -3.0246129035949707
-0.5181393027305603 28.723819732666016 -3.019310235977173
-0.32100600004196167 28.951936721801758 -3.043917655944824
-0.11861313134431839 28.72805404663086 -3.0211503505706787
0.08158282190561295 28.832977294921875 -3.03310489654541
0.28205442428588867 28.81607437133789 -3.032393455505371
0.4854166507720947 28.778486251831055 -3.0278899669647217
0.6910448670387268 29.003711700439453 -3.0504953861236572
0.0 0.0 0.0
1.0953047275543213 29.007125854492188 -3.049112319946289
1.292712688446045 28.90193748474121 -3.0374081134796143
0.0 0.0 0.0
1.7119073867797852 29.11827850341797 -3.0551953315734863
0.0 0.0 0.0
2.110339879989624 29.00332260131836 -3.038240671157837
2.3371851444244385 29.30202865600586 -3.067277669906616
2.5318541526794434 29.142162322998047 -3.0465471744537354
2.7451932430267334 29.236650466918945 -3.052119255065918
0.0 0.0 0.0
0.0 0.0 0.0
3.3660151958465576 29.271406173706055 -3.043673515319824
0.0 0.0 0.0
3.815624952316284 29.52748680114746 -3.0585553646087646
4.012635231018066 29.43949317932129 -3.043656587600708
4.227358818054199 29.480974197387695 -3.042289972305298
4.461939334869385 29.647705078125 -3.053945302963257
4.708012580871582 29.87040138244629 -3.0693929195404053
0.0 0.0 0.0
0.0 0.0 0.0
0.0 0.0 0.0
5.5779900550842285 29.926382064819336 -3.0455150604248047
5.803101539611816 29.975950241088867 -3.041283369064331
6.027614116668701 29.99641227722168 -3.0340352058410645
6.289310932159424 30.21005630493164 -3.0465455055236816
6.535694122314453 30.334054946899414 -3.0500259399414062
6.730362892150879 30.21717643737793 -3.028977155685425
0.0 0.0 0.0
7.207768440246582 30.345829010009766 -3.019880533218384
7.442134857177734 30.390846252441406 -3.013622283935547
7.707215785980225 30.550884246826172 -3.018796443939209
0.0 0.0 0.0
0.0 0.0 0.0
8.436446189880371 30.709775924682617 -2.9976823329925537
0.0 0.0 0.0
0.0 0.0 0.0
0.0 0.0 0.0
0.0 0.0 0.0
0.0 0.0 0.0
0.0 0.0 0.0
10.295881271362305 31.393619537353516 -2.9679694175720215
0.0 0.0 0.0
0.0 0.0 0.0
0.0 0.0 0.0
11.472285270690918 31.94012451171875 -2.9555089473724365
0.0 0.0 0.0
0.0 0.0 0.0
0.0 0.0 0.0
0.0 0.0 0.0
13.22519588470459 33.14363098144531 -2.974766492843628
0.0 0.0 0.0
0.0 0.0 0.0
0.0 0.0 0.0
0.0 0.0 0.0
0.0 0.0 0.0
0.0 0.0 0.0
0.0 0.0 0.0
15.772269248962402 33.896453857421875 -2.8675289154052734
0.0 0.0 0.0
0.0 0.0 0.0
0.0 0.0 0.0
0.0 0.0 0.0
0.0 0.0 0.0
0.0 0.0 0.0
0.0 0.0 0.0
0.0 0.0 0.0
0.0 0.0 0.0
0.0 0.0 0.0
0.0 0.0 0.0
0.0 0.0 0.0
0.0 0.0 0.0
0.0 0.0 0.0
0.0 0.0 0.0
0.0 0.0 0.0
0.0 0.0 0.0
0.0 0.0 0.0
0.0 0.0 0.0
0.0 0.0 0.0
0.0 0.0 0.0
0.0 0.0 0.0
0.0 0.0 0.0
0.0 0.0 0.0
0.0 0.0 0.0
0.0 0.0 0.0
0.0 0.0 0.0
0.0 0.0 0.0
0.0 0.0 0.0
0.0 0.0 0.0
0.0 0.0 0.0
0.0 0.0 0.0
0.0 0.0 0.0
0.0 0.0 0.0
0.0 0.0 0.0
0.0 0.0 0.0
0.0 0.0 0.0
0.0 0.0 0.0
0.0 0.0 0.0
0.0 0.0 0.0
0.0 0.0 0.0
0.0 0.0 0.0
0.0 0.0 0.0
0.0 0.0 0.0
0.0 0.0 0.0
0.0 0.0 0.0
0.0 0.0 0.0
0.0 0.0 0.0
0.0 0.0 0.0
0.0 0.0 0.0
0.0 0.0 0.0
0.0 0.0 0.0
0.0 0.0 0.0
0.0 0.0 0.0
0.0 0.0 0.0
0.0 0.0 0.0
0.0 0.0 0.0
0.0 0.0 0.0
0.0 0.0 0.0
0.0 0.0 0.0
0.0 0.0 0.0
0.0 0.0 0.0
0.0 0.0 0.0
0.0 0.0 0.0
0.0 0.0 0.0
0.0 0.0 0.0
0.0 0.0 0.0
0.0 0.0 0.0
0.0 0.0 0.0
0.0 0.0 0.0
0.0 0.0 0.0
0.0 0.0 0.0
0.0 0.0 0.0
0.0 0.0 0.0
0.0 0.0 0.0
0.0 0.0 0.0
0.0 0.0 0.0
0.0 0.0 0.0
0.0 0.0 0.0
0.0 0.0 0.0
0.0 0.0 0.0
0.0 0.0 0.0
0.0 0.0 0.0
0.0 0.0 0.0
0.0 0.0 0.0
0.0 0.0 0.0
0.0 0.0 0.0
0.0 0.0 0.0
0.0 0.0 0.0
0.0 0.0 0.0
0.0 0.0 0.0
0.0 0.0 0.0
0.0 0.0 0.0
0.0 0.0 0.0
0.0 0.0 0.0
0.0 0.0 0.0
0.0 0.0 0.0
0.0 0.0 0.0
0.0 0.0 0.0
0.0 0.0 0.0
0.0 0.0 0.0
0.0 0.0 0.0
0.0 0.0 0.0
0.0 0.0 0.0
0.0 0.0 0.0
0.0 0.0 0.0
0.0 0.0 0.0
0.0 0.0 0.0
0.0 0.0 0.0
0.0 0.0 0.0
0.0 0.0 0.0
0.0 0.0 0.0
0.0 0.0 0.0
0.0 0.0 0.0
0.0 0.0 0.0
0.0 0.0 0.0
0.0 0.0 0.0
0.0 0.0 0.0
0.0 0.0 0.0
0.0 0.0 0.0
0.0 0.0 0.0
0.0 0.0 0.0
0.0 0.0 0.0
0.0 0.0 0.0
0.0 0.0 0.0
0.0 0.0 0.0
0.0 0.0 0.0
0.0 0.0 0.0
0.0 0.0 0.0
0.0 0.0 0.0
0.0 0.0 0.0
0.0 0.0 0.0
0.0 0.0 0.0
0.0 0.0 0.0
0.0 0.0 0.0
0.0 0.0 0.0
0.0 0.0 0.0
0.0 0.0 0.0
0.0 0.0 0.0
0.0 0.0 0.0
0.0 0.0 0.0
0.0 0.0 0.0
0.0 0.0 0.0
0.0 0.0 0.0
0.0 0.0 0.0
0.0 0.0 0.0
0.0 0.0 0.0
0.0 0.0 0.0
0.0 0.0 0.0
0.0 0.0 0.0
0.0 0.0 0.0
0.0 0.0 0.0
0.0 0.0 0.0
0.0 0.0 0.0
0.0 0.0 0.0
0.0 0.0 0.0
0.0 0.0 0.0
0.0 0.0 0.0
0.0 0.0 0.0
0.0 0.0 0.0
0.0 0.0 0.0
0.0 0.0 0.0
0.0 0.0 0.0
0.0 0.0 0.0
0.0 0.0 0.0
0.0 0.0 0.0
0.0 0.0 0.0
0.0 0.0 0.0
0.0 0.0 0.0
0.0 0.0 0.0
0.0 0.0 0.0
0.0 0.0 0.0
0.0 0.0 0.0
0.0 0.0 0.0
0.0 0.0 0.0
0.0 0.0 0.0
0.0 0.0 0.0
0.0 0.0 0.0
0.0 0.0 0.0
0.0 0.0 0.0
0.0 0.0 0.0
0.0 0.0 0.0
0.0 0.0 0.0
0.0 0.0 0.0
0.0 0.0 0.0
0.0 0.0 0.0
0.0 0.0 0.0
0.0 0.0 0.0
0.0 0.0 0.0
0.0 0.0 0.0
0.0 0.0 0.0
0.0 0.0 0.0
0.0 0.0 0.0
0.0 0.0 0.0
0.0 0.0 0.0
0.0 0.0 0.0
0.0 0.0 0.0
0.0 0.0 0.0
0.0 0.0 0.0
0.0 0.0 0.0
0.0 0.0 0.0
0.0 0.0 0.0
0.0 0.0 0.0
0.0 0.0 0.0
0.0 0.0 0.0
0.0 0.0 0.0
0.0 0.0 0.0
0.0 0.0 0.0
0.0 0.0 0.0
0.0 0.0 0.0
0.0 0.0 0.0
0.0 0.0 0.0
0.0 0.0 0.0
0.0 0.0 0.0
0.0 0.0 0.0
0.0 0.0 0.0
0.0 0.0 0.0
0.0 0.0 0.0
0.0 0.0 0.0
0.0 0.0 0.0
0.0 0.0 0.0
0.0 0.0 0.0
0.0 0.0 0.0
0.0 0.0 0.0
0.0 0.0 0.0
0.0 0.0 0.0
0.0 0.0 0.0
0.0 0.0 0.0
0.0 0.0 0.0
0.0 0.0 0.0
0.0 0.0 0.0
0.0 0.0 0.0
0.0 0.0 0.0
0.0 0.0 0.0
0.0 0.0 0.0
0.0 0.0 0.0
0.0 0.0 0.0
0.0 0.0 0.0
0.0 0.0 0.0
0.0 0.0 0.0
0.0 0.0 0.0
0.0 0.0 0.0
0.0 0.0 0.0
0.0 0.0 0.0
0.0 0.0 0.0
0.0 0.0 0.0
0.0 0.0 0.0
0.0 0.0 0.0
0.0 0.0 0.0
0.0 0.0 0.0
0.0 0.0 0.0
0.0 0.0 0.0
0.0 0.0 0.0
0.0 0.0 0.0
0.0 0.0 0.0
0.0 0.0 0.0
0.0 0.0 0.0
0.0 0.0 0.0
0.0 0.0 0.0
0.0 0.0 0.0
0.0 0.0 0.0
0.0 0.0 0.0
0.0 0.0 0.0
0.0 0.0 0.0
0.0 0.0 0.0
-7.0636138916015625 29.105066299438477 -2.773831605911255
0.0 0.0 0.0
0.0 0.0 0.0
-6.398303031921387 29.011220932006836 -2.7976796627044678
0.0 0.0 0.0
-5.9374871253967285 28.824283599853516 -2.8014698028564453
0.0 0.0 0.0
-5.520837306976318 28.849044799804688 -2.8220293521881104
0.0 0.0 0.0
-5.115600109100342 28.905363082885742 -2.8459975719451904
-4.902721405029297 28.873973846435547 -2.851945161819458
-4.694478511810303 28.864192962646484 -2.8582990169525146
-4.503696441650391 28.984006881713867 -2.8777570724487305
0.0 0.0 0.0
-4.088095664978027 28.961002349853516 -2.890775203704834
-3.8315112590789795 28.57939910888672 -2.8598222732543945
-3.665112257003784 28.862937927246094 -2.8939335346221924
0.0 0.0 0.0
0.0 0.0 0.0
0.0 0.0 0.0
0.0 0.0 0.0
0.0 0.0 0.0
-2.4584686756134033 29.048593521118164 -2.944631338119507
-2.2572526931762695 29.12277603149414 -2.9566290378570557
0.0 0.0 0.0
-1.8362007141113281 28.90589714050293 -2.9428677558898926
-1.6311079263687134 28.847761154174805 -2.939417839050293
-1.4371092319488525 28.993886947631836 -2.956930160522461
0.0 0.0 0.0
-1.0384557247161865 29.247343063354492 -2.988551139831543
-0.826204240322113 28.94281578063965 -2.9595751762390137
-0.6244063377380371 28.932170867919922 -2.959481716156006
-0.42529603838920593 29.09108543395996 -2.976881265640259
-0.21821554005146027 28.95332145690918 -2.964089870452881
-0.016865910962224007 29.24542999267578 -2.995436906814575
0.18576715886592865 29.10100746154785 -2.9812417030334473
0.38956594467163086 29.211774826049805 -2.9920198917388916
0.5911299586296082 29.13462257385254 -2.9836933612823486
0.7948572039604187 29.164840698242188 -2.9865078926086426
0.9980687499046326 29.069244384765625 -2.9765825271606445
0.0 0.0 0.0
0.0 0.0 0.0
1.6179708242416382 29.291231155395508 -2.9940848350524902
1.8219726085662842 29.28346061706543 -2.9914002418518066
2.035686492919922 29.36319351196289 -2.9977641105651855
2.2496817111968994 29.48050880432129 -3.007089853286743
2.464841365814209 29.584735870361328 -3.0139856338500977
2.682351589202881 29.69902992248535 -3.022026777267456
2.869192361831665 29.479068756103516 -2.996208429336548
0.0 0.0 0.0
3.3065080642700195 29.6534423828125 -3.006220817565918
0.0 0.0 0.0
3.7308883666992188 29.702537536621094 -3.000577211380005
0.0 0.0 0.0
4.17242431640625 29.82586097717285 -3.0028276443481445
4.417567253112793 30.054706573486328 -3.0196797847747803
4.604097843170166 29.878263473510742 -2.9949307441711426
4.822673320770264 29.911712646484375 -2.9913763999938965
5.121072769165039 30.41512680053711 -3.034839153289795
0.0 0.0 0.0
0.0 0.0 0.0
0.0 0.0 0.0
0.0 0.0 0.0
0.0 0.0 0.0
6.439701080322266 30.40910530090332 -2.985748529434204
6.662177562713623 30.39837646484375 -2.9747674465179443
0.0 0.0 0.0
0.0 0.0 0.0
0.0 0.0 0.0
7.6378493309021 30.735050201416016 -2.967594623565674
7.996011734008789 31.231979370117188 -3.003465414047241
0.0 0.0 0.0
8.371538162231445 30.903024673461914 -2.948497772216797
0.0 0.0 0.0
0.0 0.0 0.0
0.0 0.0 0.0
9.479117393493652 31.47929573059082 -2.952284336090088
9.66960334777832 31.32134437561035 -2.9241254329681396
0.0 0.0 0.0
0.0 0.0 0.0
10.621331214904785 32.01925277709961 -2.9456045627593994
0.0 0.0 0.0
0.0 0.0 0.0
0.0 0.0 0.0
0.0 0.0 0.0
0.0 0.0 0.0
0.0 0.0 0.0
0.0 0.0 0.0
0.0 0.0 0.0
13.1881742477417 32.71722412109375 -2.855118751525879
13.580782890319824 33.026363372802734 -2.862894058227539
0.0 0.0 0.0
0.0 0.0 0.0
14.61051082611084 33.51518249511719 -2.8446216583251953
0.0 0.0 0.0
0.0 0.0 0.0
0.0 0.0 0.0
16.159284591674805 34.414730072021484 -2.831845998764038
16.493213653564453 34.5006103515625 -2.8151416778564453
16.943580627441406 34.818092346191406 -2.817014455795288
0.0 0.0 0.0
0.0 0.0 0.0
0.0 0.0 0.0
0.0 0.0 0.0
18.666032791137695 35.18462371826172 -2.71616530418396
0.0 0.0 0.0
0.0 0.0 0.0
0.0 0.0 0.0
0.0 0.0 0.0
0.0 0.0 0.0
0.0 0.0 0.0
0.0 0.0 0.0
0.0 0.0 0.0
0.0 0.0 0.0
0.0 0.0 0.0
0.0 0.0 0.0
0.0 0.0 0.0
0.0 0.0 0.0
0.0 0.0 0.0
0.0 0.0 0.0
0.0 0.0 0.0
0.0 0.0 0.0
0.0 0.0 0.0
0.0 0.0 0.0
0.0 0.0 0.0
0.0 0.0 0.0
0.0 0.0 0.0
0.0 0.0 0.0
0.0 0.0 0.0
0.0 0.0 0.0
0.0 0.0 0.0
0.0 0.0 0.0
0.0 0.0 0.0
0.0 0.0 0.0
0.0 0.0 0.0
0.0 0.0 0.0
0.0 0.0 0.0
0.0 0.0 0.0
0.0 0.0 0.0
0.0 0.0 0.0
0.0 0.0 0.0
0.0 0.0 0.0
0.0 0.0 0.0
0.0 0.0 0.0
0.0 0.0 0.0
0.0 0.0 0.0
0.0 0.0 0.0
0.0 0.0 0.0
0.0 0.0 0.0
0.0 0.0 0.0
0.0 0.0 0.0
0.0 0.0 0.0
0.0 0.0 0.0
0.0 0.0 0.0
0.0 0.0 0.0
0.0 0.0 0.0
0.0 0.0 0.0
0.0 0.0 0.0
0.0 0.0 0.0
0.0 0.0 0.0
0.0 0.0 0.0
0.0 0.0 0.0
0.0 0.0 0.0
0.0 0.0 0.0
0.0 0.0 0.0
0.0 0.0 0.0
0.0 0.0 0.0
0.0 0.0 0.0
0.0 0.0 0.0
0.0 0.0 0.0
0.0 0.0 0.0
0.0 0.0 0.0
0.0 0.0 0.0
0.0 0.0 0.0
0.0 0.0 0.0
0.0 0.0 0.0
0.0 0.0 0.0
0.0 0.0 0.0
0.0 0.0 0.0
0.0 0.0 0.0
0.0 0.0 0.0
0.0 0.0 0.0
0.0 0.0 0.0
0.0 0.0 0.0
0.0 0.0 0.0
0.0 0.0 0.0
0.0 0.0 0.0
0.0 0.0 0.0
0.0 0.0 0.0
0.0 0.0 0.0
0.0 0.0 0.0
0.0 0.0 0.0
0.0 0.0 0.0
0.0 0.0 0.0
0.0 0.0 0.0
0.0 0.0 0.0
0.0 0.0 0.0
0.0 0.0 0.0
0.0 0.0 0.0
0.0 0.0 0.0
0.0 0.0 0.0
0.0 0.0 0.0
0.0 0.0 0.0
0.0 0.0 0.0
0.0 0.0 0.0
0.0 0.0 0.0
0.0 0.0 0.0
0.0 0.0 0.0
0.0 0.0 0.0
0.0 0.0 0.0
0.0 0.0 0.0
0.0 0.0 0.0
0.0 0.0 0.0
0.0 0.0 0.0
0.0 0.0 0.0
0.0 0.0 0.0
0.0 0.0 0.0
0.0 0.0 0.0
0.0 0.0 0.0
0.0 0.0 0.0
0.0 0.0 0.0
0.0 0.0 0.0
0.0 0.0 0.0
0.0 0.0 0.0
0.0 0.0 0.0
0.0 0.0 0.0
0.0 0.0 0.0
0.0 0.0 0.0
0.0 0.0 0.0
0.0 0.0 0.0
0.0 0.0 0.0
0.0 0.0 0.0
0.0 0.0 0.0
0.0 0.0 0.0
0.0 0.0 0.0
0.0 0.0 0.0
0.0 0.0 0.0
0.0 0.0 0.0
0.0 0.0 0.0
0.0 0.0 0.0
0.0 0.0 0.0
0.0 0.0 0.0
0.0 0.0 0.0
0.0 0.0 0.0
0.0 0.0 0.0
0.0 0.0 0.0
0.0 0.0 0.0
0.0 0.0 0.0
0.0 0.0 0.0
0.0 0.0 0.0
0.0 0.0 0.0
0.0 0.0 0.0
0.0 0.0 0.0
0.0 0.0 0.0
0.0 0.0 0.0
0.0 0.0 0.0
0.0 0.0 0.0
0.0 0.0 0.0
0.0 0.0 0.0
0.0 0.0 0.0
0.0 0.0 0.0
0.0 0.0 0.0
0.0 0.0 0.0
0.0 0.0 0.0
0.0 0.0 0.0
0.0 0.0 0.0
0.0 0.0 0.0
0.0 0.0 0.0
0.0 0.0 0.0
0.0 0.0 0.0
0.0 0.0 0.0
0.0 0.0 0.0
0.0 0.0 0.0
0.0 0.0 0.0
0.0 0.0 0.0
0.0 0.0 0.0
0.0 0.0 0.0
0.0 0.0 0.0
0.0 0.0 0.0
0.0 0.0 0.0
0.0 0.0 0.0
0.0 0.0 0.0
0.0 0.0 0.0
0.0 0.0 0.0
0.0 0.0 0.0
0.0 0.0 0.0
0.0 0.0 0.0
0.0 0.0 0.0
0.0 0.0 0.0
0.0 0.0 0.0
0.0 0.0 0.0
0.0 0.0 0.0
0.0 0.0 0.0
0.0 0.0 0.0
0.0 0.0 0.0
0.0 0.0 0.0
0.0 0.0 0.0
0.0 0.0 0.0
0.0 0.0 0.0
0.0 0.0 0.0
0.0 0.0 0.0
0.0 0.0 0.0
0.0 0.0 0.0
0.0 0.0 0.0
0.0 0.0 0.0
0.0 0.0 0.0
0.0 0.0 0.0
0.0 0.0 0.0
0.0 0.0 0.0
0.0 0.0 0.0
0.0 0.0 0.0
0.0 0.0 0.0
0.0 0.0 0.0
0.0 0.0 0.0
0.0 0.0 0.0
0.0 0.0 0.0
0.0 0.0 0.0
-20.426576614379883 33.38715362548828 -2.0797722339630127
0.0 0.0 0.0
0.0 0.0 0.0
0.0 0.0 0.0
0.0 0.0 0.0
0.0 0.0 0.0
0.0 0.0 0.0
0.0 0.0 0.0
0.0 0.0 0.0
0.0 0.0 0.0
0.0 0.0 0.0
0.0 0.0 0.0
0.0 0.0 0.0
0.0 0.0 0.0
0.0 0.0 0.0
0.0 0.0 0.0
0.0 0.0 0.0
0.0 0.0 0.0
0.0 0.0 0.0
0.0 0.0 0.0
0.0 0.0 0.0
0.0 0.0 0.0
0.0 0.0 0.0
0.0 0.0 0.0
0.0 0.0 0.0
0.0 0.0 0.0
0.0 0.0 0.0
0.0 0.0 0.0
0.0 0.0 0.0
0.0 0.0 0.0
0.0 0.0 0.0
0.0 0.0 0.0
0.0 0.0 0.0
0.0 0.0 0.0
0.0 0.0 0.0
0.0 0.0 0.0
0.0 0.0 0.0
0.0 0.0 0.0
-8.747601509094238 30.025638580322266 -2.7040188312530518
-8.396903991699219 29.602346420288086 -2.680040121078491
0.0 0.0 0.0
0.0 0.0 0.0
0.0 0.0 0.0
0.0 0.0 0.0
-7.211410045623779 29.28468132019043 -2.712385654449463
0.0 0.0 0.0
0.0 0.0 0.0
-6.595083713531494 29.409408569335938 -2.7567241191864014
0.0 0.0 0.0
-6.088939189910889 29.05873680114746 -2.744572401046753
-5.914082050323486 29.23647689819336 -2.7705228328704834
0.0 0.0 0.0
0.0 0.0 0.0
0.0 0.0 0.0
-5.072944641113281 29.270902633666992 -2.809948682785034
-4.834507942199707 29.097322463989258 -2.8009748458862305
-4.648448944091797 29.232894897460938 -2.82185959815979
-4.410852432250977 29.0405330657959 -2.8112030029296875
0.0 0.0 0.0
0.0 0.0 0.0
0.0 0.0 0.0
0.0 0.0 0.0
0.0 0.0 0.0
0.0 0.0 0.0
-2.9764630794525146 29.111032485961914 -2.8611605167388916
0.0 0.0 0.0
-2.5774052143096924 29.260986328125 -2.8851001262664795
0.0 0.0 0.0
0.0 0.0 0.0
0.0 0.0 0.0
-1.74815034866333 29.148778915405273 -2.8893563747406006
0.0 0.0 0.0
-1.3436158895492554 29.192731857299805 -2.900134563446045
-1.1373672485351562 29.127187728881836 -2.8967807292938232
-0.9350662231445312 29.141958236694336 -2.8995912075042725
0.0 0.0 0.0
-0.5260652899742126 29.159576416015625 -2.904479503631592
-0.3274022936820984 29.53156852722168 -2.943319320678711
-0.12179571390151978 29.5329532623291 -2.9451003074645996
0.08364848047494888 29.533123016357422 -2.944742202758789
0.290420800447464 29.66790008544922 -2.957947015762329
0.4947810471057892 29.330904006958008 -2.92425799369812
0.698505699634552 29.303466796875 -2.921577215194702
0.9117555022239685 29.60488510131836 -2.9515860080718994
1.1125308275222778 29.462114334106445 -2.9356534481048584
1.3261280059814453 29.648059844970703 -2.9526143074035645
1.5305159091949463 29.533361434936523 -2.939748764038086
0.0 0.0 0.0
1.934529185295105 29.412765502929688 -2.9250736236572266
2.1779184341430664 29.93408203125 -2.9736251831054688
2.3924930095672607 30.00005531311035 -2.977019786834717
2.5803816318511963 29.700117111206055 -2.9442126750946045
2.8017354011535645 29.84060287475586 -2.9552786350250244
2.9984915256500244 29.716476440429688 -2.9399638175964355
0.0 0.0 0.0
0.0 0.0 0.0
3.6747841835021973 30.085124969482422 -2.9621007442474365
0.0 0.0 0.0
4.107172966003418 30.13651466369629 -2.9579217433929443
4.307533264160156 30.04266357421875 -2.9422829151153564
0.0 0.0 0.0
4.767275810241699 30.24658203125 -2.94970440864563
0.0 0.0 0.0
0.0 0.0 0.0
5.411611557006836 30.20022201538086 -2.924511432647705
0.0 0.0 0.0
5.918303489685059 30.570825576782227 -2.9445629119873047
0.0 0.0 0.0
6.397160530090332 30.726871490478516 -2.9432783126831055
0.0 0.0 0.0
6.834723472595215 30.682958602905273 -2.9201340675354004
7.101609706878662 30.867115020751953 -2.928300619125366
0.0 0.0 0.0
0.0 0.0 0.0
7.856233596801758 31.141530990600586 -2.923550844192505
8.097379684448242 31.18169403076172 -2.9163827896118164
0.0 0.0 0.0
0.0 0.0 0.0
8.87653636932373 31.454923629760742 -2.9077277183532715
9.138809204101562 31.543489456176758 -2.9032697677612305
9.388325691223145 31.581432342529297 -2.8941938877105713
9.688740730285645 31.78120994567871 -2.89994478225708
9.922823905944824 31.743255615234375 -2.8836631774902344
10.205445289611816 31.86794090270996 -2.8806867599487305
0.0 0.0 0.0
0.0 0.0 0.0
0.0 0.0 0.0
0.0 0.0 0.0
0.0 0.0 0.0
0.0 0.0 0.0
0.0 0.0 0.0
0.0 0.0 0.0
0.0 0.0 0.0
0.0 0.0 0.0
0.0 0.0 0.0
0.0 0.0 0.0
0.0 0.0 0.0
0.0 0.0 0.0
0.0 0.0 0.0
0.0 0.0 0.0
0.0 0.0 0.0
0.0 0.0 0.0
0.0 0.0 0.0
0.0 0.0 0.0
0.0 0.0 0.0
0.0 0.0 0.0
0.0 0.0 0.0
0.0 0.0 0.0
0.0 0.0 0.0
0.0 0.0 0.0
0.0 0.0 0.0
0.0 0.0 0.0
0.0 0.0 0.0
0.0 0.0 0.0
0.0 0.0 0.0
0.0 0.0 0.0
0.0 0.0 0.0
0.0 0.0 0.0
0.0 0.0 0.0
0.0 0.0 0.0
0.0 0.0 0.0
0.0 0.0 0.0
0.0 0.0 0.0
0.0 0.0 0.0
0.0 0.0 0.0
0.0 0.0 0.0
0.0 0.0 0.0
0.0 0.0 0.0
0.0 0.0 0.0
0.0 0.0 0.0
0.0 0.0 0.0
0.0 0.0 0.0
0.0 0.0 0.0
0.0 0.0 0.0
0.0 0.0 0.0
0.0 0.0 0.0
0.0 0.0 0.0
0.0 0.0 0.0
0.0 0.0 0.0
0.0 0.0 0.0
0.0 0.0 0.0
0.0 0.0 0.0
0.0 0.0 0.0
0.0 0.0 0.0
0.0 0.0 0.0
0.0 0.0 0.0
0.0 0.0 0.0
0.0 0.0 0.0
0.0 0.0 0.0
0.0 0.0 0.0
0.0 0.0 0.0
0.0 0.0 0.0
0.0 0.0 0.0
0.0 0.0 0.0
0.0 0.0 0.0
0.0 0.0 0.0
0.0 0.0 0.0
0.0 0.0 0.0
0.0 0.0 0.0
0.0 0.0 0.0
0.0 0.0 0.0
0.0 0.0 0.0
0.0 0.0 0.0
0.0 0.0 0.0
0.0 0.0 0.0
0.0 0.0 0.0
0.0 0.0 0.0
0.0 0.0 0.0
0.0 0.0 0.0
0.0 0.0 0.0
0.0 0.0 0.0
0.0 0.0 0.0
0.0 0.0 0.0
0.0 0.0 0.0
0.0 0.0 0.0
0.0 0.0 0.0
0.0 0.0 0.0
0.0 0.0 0.0
0.0 0.0 0.0
0.0 0.0 0.0
0.0 0.0 0.0
0.0 0.0 0.0
0.0 0.0 0.0
0.0 0.0 0.0
0.0 0.0 0.0
0.0 0.0 0.0
0.0 0.0 0.0
0.0 0.0 0.0
0.0 0.0 0.0
0.0 0.0 0.0
0.0 0.0 0.0
0.0 0.0 0.0
0.0 0.0 0.0
0.0 0.0 0.0
0.0 0.0 0.0
0.0 0.0 0.0
0.0 0.0 0.0
0.0 0.0 0.0
0.0 0.0 0.0
0.0 0.0 0.0
0.0 0.0 0.0
0.0 0.0 0.0
0.0 0.0 0.0
0.0 0.0 0.0
0.0 0.0 0.0
0.0 0.0 0.0
0.0 0.0 0.0
0.0 0.0 0.0
0.0 0.0 0.0
0.0 0.0 0.0
0.0 0.0 0.0
0.0 0.0 0.0
0.0 0.0 0.0
0.0 0.0 0.0
0.0 0.0 0.0
0.0 0.0 0.0
0.0 0.0 0.0
0.0 0.0 0.0
0.0 0.0 0.0
0.0 0.0 0.0
0.0 0.0 0.0
0.0 0.0 0.0
0.0 0.0 0.0
0.0 0.0 0.0
0.0 0.0 0.0
0.0 0.0 0.0
0.0 0.0 0.0
0.0 0.0 0.0
0.0 0.0 0.0
0.0 0.0 0.0
0.0 0.0 0.0
0.0 0.0 0.0
0.0 0.0 0.0
0.0 0.0 0.0
0.0 0.0 0.0
0.0 0.0 0.0
0.0 0.0 0.0
0.0 0.0 0.0
0.0 0.0 0.0
0.0 0.0 0.0
0.0 0.0 0.0
0.0 0.0 0.0
0.0 0.0 0.0
0.0 0.0 0.0
0.0 0.0 0.0
0.0 0.0 0.0
0.0 0.0 0.0
0.0 0.0 0.0
0.0 0.0 0.0
0.0 0.0 0.0
0.0 0.0 0.0
0.0 0.0 0.0
0.0 0.0 0.0
0.0 0.0 0.0
0.0 0.0 0.0
0.0 0.0 0.0
0.0 0.0 0.0
0.0 0.0 0.0
0.0 0.0 0.0
0.0 0.0 0.0
0.0 0.0 0.0
0.0 0.0 0.0
0.0 0.0 0.0
0.0 0.0 0.0
0.0 0.0 0.0
0.0 0.0 0.0
0.0 0.0 0.0
0.0 0.0 0.0
0.0 0.0 0.0
0.0 0.0 0.0
0.0 0.0 0.0
0.0 0.0 0.0
0.0 0.0 0.0
0.0 0.0 0.0
0.0 0.0 0.0
0.0 0.0 0.0
0.0 0.0 0.0
0.0 0.0 0.0
0.0 0.0 0.0
0.0 0.0 0.0
0.0 0.0 0.0
0.0 0.0 0.0
0.0 0.0 0.0
0.0 0.0 0.0
0.0 0.0 0.0
0.0 0.0 0.0
0.0 0.0 0.0
0.0 0.0 0.0
0.0 0.0 0.0
0.0 0.0 0.0
0.0 0.0 0.0
0.0 0.0 0.0
0.0 0.0 0.0
0.0 0.0 0.0
0.0 0.0 0.0
0.0 0.0 0.0
0.0 0.0 0.0
0.0 0.0 0.0
0.0 0.0 0.0
0.0 0.0 0.0
0.0 0.0 0.0
0.0 0.0 0.0
0.0 0.0 0.0
0.0 0.0 0.0
0.0 0.0 0.0
0.0 0.0 0.0
0.0 0.0 0.0
0.0 0.0 0.0
0.0 0.0 0.0
0.0 0.0 0.0
0.0 0.0 0.0
0.0 0.0 0.0
0.0 0.0 0.0
0.0 0.0 0.0
0.0 0.0 0.0
0.0 0.0 0.0
0.0 0.0 0.0
0.0 0.0 0.0
0.0 0.0 0.0
0.0 0.0 0.0
0.0 0.0 0.0
0.0 0.0 0.0
0.0 0.0 0.0
0.0 0.0 0.0
0.0 0.0 0.0
0.0 0.0 0.0
0.0 0.0 0.0
0.0 0.0 0.0
0.0 0.0 0.0
0.0 0.0 0.0
0.0 0.0 0.0
0.0 0.0 0.0
0.0 0.0 0.0
0.0 0.0 0.0
0.0 0.0 0.0
0.0 0.0 0.0
0.0 0.0 0.0
0.0 0.0 0.0
0.0 0.0 0.0
0.0 0.0 0.0
0.0 0.0 0.0
0.0 0.0 0.0
0.0 0.0 0.0
0.0 0.0 0.0
0.0 0.0 0.0
0.0 0.0 0.0
0.0 0.0 0.0
0.0 0.0 0.0
0.0 0.0 0.0
0.0 0.0 0.0
0.0 0.0 0.0
0.0 0.0 0.0
0.0 0.0 0.0
0.0 0.0 0.0
0.0 0.0 0.0
0.0 0.0 0.0
0.0 0.0 0.0
0.0 0.0 0.0
0.0 0.0 0.0
0.0 0.0 0.0
0.0 0.0 0.0
0.0 0.0 0.0
0.0 0.0 0.0
0.0 0.0 0.0
0.0 0.0 0.0
0.0 0.0 0.0
0.0 0.0 0.0
-7.197830677032471 29.66218376159668 -2.682159662246704
0.0 0.0 0.0
-6.7454915046691895 29.605880737304688 -2.6995081901550293
0.0 0.0 0.0
0.0 0.0 0.0
0.0 0.0 0.0
-5.838236331939697 29.380666732788086 -2.717545747756958
0.0 0.0 0.0
0.0 0.0 0.0
-5.207575798034668 29.428451538085938 -2.7478654384613037
0.0 0.0 0.0
0.0 0.0 0.0
0.0 0.0 0.0
0.0 0.0 0.0
-4.172884464263916 29.564470291137695 -2.797524929046631
0.0 0.0 0.0
-3.7538185119628906 29.56009292602539 -2.809985876083374
0.0 0.0 0.0
0.0 0.0 0.0
-3.1116018295288086 29.436880111694336 -2.814436674118042
0.0 0.0 0.0
-2.684473752975464 29.290199279785156 -2.8099074363708496
-2.499026298522949 29.52450942993164 -2.8373641967773438
0.0 0.0 0.0
-2.0719780921936035 29.381221771240234 -2.8300952911376953
0.0 0.0 0.0
0.0 0.0 0.0
-1.4597911834716797 29.447832107543945 -2.8466603755950928
-1.259785771369934 29.659162521362305 -2.868997097015381
-1.050882339477539 29.5931453704834 -2.864253520965576
-0.846915066242218 29.673355102539062 -2.8738038539886475
0.0 0.0 0.0
-0.4338933229446411 29.68180274963379 -2.878610610961914
0.0 0.0 0.0
-0.017159979790449142 29.797622680664062 -2.8905444145202637
0.19008974730968475 29.81643295288086 -2.892735481262207
0.398794561624527 29.90377426147461 -2.9017174243927
0.0 0.0 0.0
0.8148579597473145 29.89544105529785 -2.9005584716796875
1.0162550210952759 29.593799591064453 -2.8699839115142822
1.2444952726364136 30.130062103271484 -2.9208240509033203
1.4442485570907593 29.918920516967773 -2.8993372917175293
1.6608572006225586 30.063627243041992 -2.9124765396118164
1.859079122543335 29.88095474243164 -2.8924243450164795
2.0801148414611816 30.00318145751953 -2.9015426635742188
0.0 0.0 0.0
2.520700693130493 30.254985809326172 -2.920942544937134
2.729173183441162 30.21385383605957 -2.914703845977783
2.9454212188720703 30.260517120361328 -2.9152071475982666
3.1495025157928467 30.142841339111328 -2.899442195892334
0.0 0.0 0.0
3.5853989124298096 30.240215301513672 -2.9004874229431152
3.8250629901885986 30.450536727905273 -2.9166758060455322
0.0 0.0 0.0
4.271572113037109 30.534093856811523 -2.9131088256835938
0.0 0.0 0.0
4.735523700714111 30.72696304321289 -2.920077323913574
4.947052955627441 30.678680419921875 -2.909973382949829
0.0 0.0 0.0
0.0 0.0 0.0
0.0 0.0 0.0
0.0 0.0 0.0
6.078429222106934 30.812847137451172 -2.886809825897217
0.0 0.0 0.0
6.659778118133545 31.450746536254883 -2.9286346435546875
0.0 0.0 0.0
0.0 0.0 0.0
7.28877067565918 31.178817749023438 -2.8770134449005127
0.0 0.0 0.0
7.848376274108887 31.582958221435547 -2.893279552459717
8.049802780151367 31.441272735595703 -2.869819402694702
0.0 0.0 0.0
0.0 0.0 0.0
0.0 0.0 0.0
9.138067245483398 31.962724685668945 -2.8721165657043457
9.37326431274414 31.9285945892334 -2.856963634490967
0.0 0.0 0.0
0.0 0.0 0.0
0.0 0.0 0.0
10.445684432983398 32.235557556152344 -2.8323869705200195
10.736584663391113 32.363128662109375 -2.8300435543060303
0.0 0.0 0.0
0.0 0.0 0.0
0.0 0.0 0.0
0.0 0.0 0.0
0.0 0.0 0.0
0.0 0.0 0.0
0.0 0.0 0.0
0.0 0.0 0.0
0.0 0.0 0.0
0.0 0.0 0.0
14.163019180297852 33.76810073852539 -2.7708945274353027
0.0 0.0 0.0
0.0 0.0 0.0
0.0 0.0 0.0
0.0 0.0 0.0
0.0 0.0 0.0
0.0 0.0 0.0
0.0 0.0 0.0
0.0 0.0 0.0
17.548080444335938 35.43246078491211 -2.7139317989349365
0.0 0.0 0.0
0.0 0.0 0.0
0.0 0.0 0.0
0.0 0.0 0.0
0.0 0.0 0.0
0.0 0.0 0.0
0.0 0.0 0.0
0.0 0.0 0.0
0.0 0.0 0.0
0.0 0.0 0.0
0.0 0.0 0.0
0.0 0.0 0.0
0.0 0.0 0.0
0.0 0.0 0.0
0.0 0.0 0.0
0.0 0.0 0.0
0.0 0.0 0.0
0.0 0.0 0.0
0.0 0.0 0.0
0.0 0.0 0.0
0.0 0.0 0.0
0.0 0.0 0.0
0.0 0.0 0.0
0.0 0.0 0.0
0.0 0.0 0.0
0.0 0.0 0.0
0.0 0.0 0.0
0.0 0.0 0.0
0.0 0.0 0.0
81.43809509277344 121.42212677001953 7.47412109375
0.0 0.0 0.0
0.0 0.0 0.0
0.0 0.0 0.0
0.0 0.0 0.0
0.0 0.0 0.0
0.0 0.0 0.0
0.0 0.0 0.0
0.0 0.0 0.0
0.0 0.0 0.0
0.0 0.0 0.0
0.0 0.0 0.0
0.0 0.0 0.0
0.0 0.0 0.0
0.0 0.0 0.0
0.0 0.0 0.0
0.0 0.0 0.0
0.0 0.0 0.0
0.0 0.0 0.0
0.0 0.0 0.0
0.0 0.0 0.0
0.0 0.0 0.0
0.0 0.0 0.0
0.0 0.0 0.0
0.0 0.0 0.0
0.0 0.0 0.0
0.0 0.0 0.0
0.0 0.0 0.0
0.0 0.0 0.0
0.0 0.0 0.0
0.0 0.0 0.0
0.0 0.0 0.0
0.0 0.0 0.0
0.0 0.0 0.0
0.0 0.0 0.0
0.0 0.0 0.0
0.0 0.0 0.0
0.0 0.0 0.0
0.0 0.0 0.0
0.0 0.0 0.0
0.0 0.0 0.0
0.0 0.0 0.0
0.0 0.0 0.0
0.0 0.0 0.0
0.0 0.0 0.0
0.0 0.0 0.0
0.0 0.0 0.0
0.0 0.0 0.0
0.0 0.0 0.0
0.0 0.0 0.0
0.0 0.0 0.0
0.0 0.0 0.0
0.0 0.0 0.0
0.0 0.0 0.0
0.0 0.0 0.0
0.0 0.0 0.0
0.0 0.0 0.0
0.0 0.0 0.0
0.0 0.0 0.0
0.0 0.0 0.0
0.0 0.0 0.0
0.0 0.0 0.0
0.0 0.0 0.0
0.0 0.0 0.0
0.0 0.0 0.0
0.0 0.0 0.0
0.0 0.0 0.0
0.0 0.0 0.0
0.0 0.0 0.0
0.0 0.0 0.0
0.0 0.0 0.0
0.0 0.0 0.0
0.0 0.0 0.0
0.0 0.0 0.0
0.0 0.0 0.0
0.0 0.0 0.0
0.0 0.0 0.0
0.0 0.0 0.0
0.0 0.0 0.0
0.0 0.0 0.0
0.0 0.0 0.0
0.0 0.0 0.0
0.0 0.0 0.0
0.0 0.0 0.0
0.0 0.0 0.0
0.0 0.0 0.0
0.0 0.0 0.0
0.0 0.0 0.0
0.0 0.0 0.0
0.0 0.0 0.0
0.0 0.0 0.0
0.0 0.0 0.0
0.0 0.0 0.0
0.0 0.0 0.0
0.0 0.0 0.0
0.0 0.0 0.0
0.0 0.0 0.0
0.0 0.0 0.0
0.0 0.0 0.0
0.0 0.0 0.0
0.0 0.0 0.0
0.0 0.0 0.0
0.0 0.0 0.0
0.0 0.0 0.0
0.0 0.0 0.0
0.0 0.0 0.0
0.0 0.0 0.0
0.0 0.0 0.0
0.0 0.0 0.0
0.0 0.0 0.0
0.0 0.0 0.0
0.0 0.0 0.0
0.0 0.0 0.0
0.0 0.0 0.0
0.0 0.0 0.0
0.0 0.0 0.0
0.0 0.0 0.0
0.0 0.0 0.0
0.0 0.0 0.0
0.0 0.0 0.0
0.0 0.0 0.0
0.0 0.0 0.0
0.0 0.0 0.0
0.0 0.0 0.0
0.0 0.0 0.0
0.0 0.0 0.0
0.0 0.0 0.0
0.0 0.0 0.0
0.0 0.0 0.0
0.0 0.0 0.0
0.0 0.0 0.0
0.0 0.0 0.0
0.0 0.0 0.0
0.0 0.0 0.0
0.0 0.0 0.0
0.0 0.0 0.0
0.0 0.0 0.0
0.0 0.0 0.0
0.0 0.0 0.0
0.0 0.0 0.0
0.0 0.0 0.0
0.0 0.0 0.0
0.0 0.0 0.0
0.0 0.0 0.0
0.0 0.0 0.0
0.0 0.0 0.0
0.0 0.0 0.0
0.0 0.0 0.0
0.0 0.0 0.0
0.0 0.0 0.0
0.0 0.0 0.0
0.0 0.0 0.0
0.0 0.0 0.0
0.0 0.0 0.0
0.0 0.0 0.0
0.0 0.0 0.0
0.0 0.0 0.0
0.0 0.0 0.0
0.0 0.0 0.0
0.0 0.0 0.0
0.0 0.0 0.0
0.0 0.0 0.0
0.0 0.0 0.0
0.0 0.0 0.0
0.0 0.0 0.0
0.0 0.0 0.0
0.0 0.0 0.0
0.0 0.0 0.0
0.0 0.0 0.0
0.0 0.0 0.0
0.0 0.0 0.0
0.0 0.0 0.0
0.0 0.0 0.0
0.0 0.0 0.0
0.0 0.0 0.0
0.0 0.0 0.0
0.0 0.0 0.0
0.0 0.0 0.0
0.0 0.0 0.0
0.0 0.0 0.0
0.0 0.0 0.0
0.0 0.0 0.0
0.0 0.0 0.0
0.0 0.0 0.0
0.0 0.0 0.0
0.0 0.0 0.0
-21.24446678161621 34.183658599853516 -1.9971444606781006
0.0 0.0 0.0
0.0 0.0 0.0
0.0 0.0 0.0
0.0 0.0 0.0
0.0 0.0 0.0
0.0 0.0 0.0
0.0 0.0 0.0
0.0 0.0 0.0
0.0 0.0 0.0
0.0 0.0 0.0
0.0 0.0 0.0
0.0 0.0 0.0
0.0 0.0 0.0
0.0 0.0 0.0
0.0 0.0 0.0
0.0 0.0 0.0
0.0 0.0 0.0
0.0 0.0 0.0
0.0 0.0 0.0
0.0 0.0 0.0
0.0 0.0 0.0
0.0 0.0 0.0
0.0 0.0 0.0
0.0 0.0 0.0
0.0 0.0 0.0
0.0 0.0 0.0
0.0 0.0 0.0
0.0 0.0 0.0
0.0 0.0 0.0
0.0 0.0 0.0
0.0 0.0 0.0
0.0 0.0 0.0
0.0 0.0 0.0
0.0 0.0 0.0
0.0 0.0 0.0
0.0 0.0 0.0
0.0 0.0 0.0
0.0 0.0 0.0
0.0 0.0 0.0
0.0 0.0 0.0
0.0 0.0 0.0
0.0 0.0 0.0
0.0 0.0 0.0
-7.667390823364258 30.20792007446289 -2.6391115188598633
0.0 0.0 0.0
0.0 0.0 0.0
0.0 0.0 0.0
-6.710210800170898 29.92320442199707 -2.6571083068847656
0.0 0.0 0.0
0.0 0.0 0.0
0.0 0.0 0.0
-5.8411712646484375 29.94948387145996 -2.697850227355957
0.0 0.0 0.0
0.0 0.0 0.0
0.0 0.0 0.0
0.0 0.0 0.0
-4.728176116943359 29.73838996887207 -2.7184340953826904
0.0 0.0 0.0
-4.322834014892578 29.861223220825195 -2.742476224899292
-4.168429374694824 30.278974533081055 -2.7875254154205322
0.0 0.0 0.0
0.0 0.0 0.0
0.0 0.0 0.0
0.0 0.0 0.0
-3.0345304012298584 29.674930572509766 -2.7593212127685547
-2.823286771774292 29.683382034301758 -2.765437602996826
0.0 0.0 0.0
0.0 0.0 0.0
0.0 0.0 0.0
0.0 0.0 0.0
-1.7959600687026978 29.939973831176758 -2.8085854053497314
0.0 0.0 0.0
0.0 0.0 0.0
-1.1682287454605103 29.915624618530273 -2.8132400512695312
-0.9578236937522888 29.85667610168457 -2.8099524974823
-0.7466791868209839 29.87798309326172 -2.814394235610962
0.0 0.0 0.0
-0.3308899402618408 29.8774471282959 -2.8163483142852783
-0.12307535856962204 29.92950439453125 -2.8219871520996094
0.08524007350206375 29.999555587768555 -2.8294618129730225
0.29315245151519775 29.92815589904785 -2.8237316608428955
0.0 0.0 0.0
0.7197640538215637 30.18948745727539 -2.847614049911499
0.929564356803894 30.18387222290039 -2.8463685512542725
1.1425213813781738 30.2545166015625 -2.852449655532837
0.0 0.0 0.0
0.0 0.0 0.0
1.8010977506637573 30.63218116760254 -2.883942127227783
0.0 0.0 0.0
0.0 0.0 0.0
2.426222324371338 30.418310165405273 -2.857715606689453
0.0 0.0 0.0
2.8567159175872803 30.424793243408203 -2.851921796798706
3.115618944168091 30.872928619384766 -2.890338182449341
3.3021485805511475 30.59195327758789 -2.8606135845184326
3.5065152645111084 30.49532699584961 -2.8482980728149414
3.7348058223724365 30.574628829956055 -2.8514199256896973
0.0 0.0 0.0
4.19725227355957 30.794782638549805 -2.8612992763519287
0.0 0.0 0.0
0.0 0.0 0.0
4.886047840118408 31.00250816345215 -2.8645455837249756
5.114584922790527 31.021757125854492 -2.859419345855713
5.301645755767822 30.817575454711914 -2.8339807987213135
5.615816593170166 31.336048126220703 -2.875054121017456
0.0 0.0 0.0
0.0 0.0 0.0
0.0 0.0 0.0
0.0 0.0 0.0
0.0 0.0 0.0
0.0 0.0 0.0
0.0 0.0 0.0
0.0 0.0 0.0
7.814393997192383 31.910110473632812 -2.851966381072998
7.989744663238525 31.671308517456055 -2.8211052417755127
8.279534339904785 31.883636474609375 -2.8305411338806152
8.501962661743164 31.830482482910156 -2.814995765686035
0.0 0.0 0.0
0.0 0.0 0.0
9.373266220092773 32.351806640625 -2.827624797821045
9.585938453674316 32.246219635009766 -2.8073348999023438
9.81698989868164 32.20265579223633 -2.790799617767334
10.10293960571289 32.31972122192383 -2.7880165576934814
0.0 0.0 0.0
10.840027809143066 33.05575180053711 -2.8257389068603516
11.019966125488281 32.83365249633789 -2.793320417404175
0.0 0.0 0.0
0.0 0.0 0.0
0.0 0.0 0.0
0.0 0.0 0.0
0.0 0.0 0.0
0.0 0.0 0.0
0.0 0.0 0.0
0.0 0.0 0.0
0.0 0.0 0.0
0.0 0.0 0.0
14.52440357208252 34.298561096191406 -2.738211154937744
0.0 0.0 0.0
0.0 0.0 0.0
15.596614837646484 34.7811279296875 -2.7190375328063965
15.991690635681152 35.0066032409668 -2.716062307357788
0.0 0.0 0.0
0.0 0.0 0.0
0.0 0.0 0.0
0.0 0.0 0.0
0.0 0.0 0.0
0.0 0.0 0.0
0.0 0.0 0.0
0.0 0.0 0.0
0.0 0.0 0.0
0.0 0.0 0.0
0.0 0.0 0.0
0.0 0.0 0.0
0.0 0.0 0.0
0.0 0.0 0.0
0.0 0.0 0.0
0.0 0.0 0.0
0.0 0.0 0.0
0.0 0.0 0.0
0.0 0.0 0.0
0.0 0.0 0.0
0.0 0.0 0.0
0.0 0.0 0.0
0.0 0.0 0.0
0.0 0.0 0.0
0.0 0.0 0.0
0.0 0.0 0.0
0.0 0.0 0.0
0.0 0.0 0.0
0.0 0.0 0.0
0.0 0.0 0.0
0.0 0.0 0.0
0.0 0.0 0.0
0.0 0.0 0.0
0.0 0.0 0.0
81.86129760742188 121.12120056152344 7.11293363571167
81.00170135498047 121.70403289794922 7.323965549468994
0.0 0.0 0.0
0.0 0.0 0.0
0.0 0.0 0.0
0.0 0.0 0.0
0.0 0.0 0.0
0.0 0.0 0.0
0.0 0.0 0.0
0.0 0.0 0.0
0.0 0.0 0.0
0.0 0.0 0.0
0.0 0.0 0.0
0.0 0.0 0.0
0.0 0.0 0.0
0.0 0.0 0.0
0.0 0.0 0.0
0.0 0.0 0.0
0.0 0.0 0.0
0.0 0.0 0.0
0.0 0.0 0.0
0.0 0.0 0.0
0.0 0.0 0.0
0.0 0.0 0.0
0.0 0.0 0.0
0.0 0.0 0.0
0.0 0.0 0.0
0.0 0.0 0.0
0.0 0.0 0.0
0.0 0.0 0.0
0.0 0.0 0.0
0.0 0.0 0.0
0.0 0.0 0.0
0.0 0.0 0.0
0.0 0.0 0.0
0.0 0.0 0.0
0.0 0.0 0.0
0.0 0.0 0.0
0.0 0.0 0.0
0.0 0.0 0.0
0.0 0.0 0.0
0.0 0.0 0.0
0.0 0.0 0.0
0.0 0.0 0.0
0.0 0.0 0.0
0.0 0.0 0.0
0.0 0.0 0.0
0.0 0.0 0.0
0.0 0.0 0.0
0.0 0.0 0.0
0.0 0.0 0.0
0.0 0.0 0.0
0.0 0.0 0.0
0.0 0.0 0.0
0.0 0.0 0.0
0.0 0.0 0.0
0.0 0.0 0.0
0.0 0.0 0.0
0.0 0.0 0.0
0.0 0.0 0.0
0.0 0.0 0.0
0.0 0.0 0.0
0.0 0.0 0.0
0.0 0.0 0.0
0.0 0.0 0.0
0.0 0.0 0.0
0.0 0.0 0.0
0.0 0.0 0.0
0.0 0.0 0.0
0.0 0.0 0.0
0.0 0.0 0.0
0.0 0.0 0.0
0.0 0.0 0.0
0.0 0.0 0.0
0.0 0.0 0.0
0.0 0.0 0.0
0.0 0.0 0.0
0.0 0.0 0.0
0.0 0.0 0.0
0.0 0.0 0.0
0.0 0.0 0.0
0.0 0.0 0.0
0.0 0.0 0.0
0.0 0.0 0.0
0.0 0.0 0.0
0.0 0.0 0.0
0.0 0.0 0.0
0.0 0.0 0.0
0.0 0.0 0.0
0.0 0.0 0.0
0.0 0.0 0.0
0.0 0.0 0.0
0.0 0.0 0.0
0.0 0.0 0.0
0.0 0.0 0.0
0.0 0.0 0.0
0.0 0.0 0.0
0.0 0.0 0.0
0.0 0.0 0.0
0.0 0.0 0.0
0.0 0.0 0.0
0.0 0.0 0.0
0.0 0.0 0.0
0.0 0.0 0.0
0.0 0.0 0.0
0.0 0.0 0.0
0.0 0.0 0.0
0.0 0.0 0.0
0.0 0.0 0.0
0.0 0.0 0.0
0.0 0.0 0.0
0.0 0.0 0.0
0.0 0.0 0.0
0.0 0.0 0.0
0.0 0.0 0.0
0.0 0.0 0.0
0.0 0.0 0.0
0.0 0.0 0.0
0.0 0.0 0.0
0.0 0.0 0.0
0.0 0.0 0.0
0.0 0.0 0.0
0.0 0.0 0.0
0.0 0.0 0.0
0.0 0.0 0.0
0.0 0.0 0.0
0.0 0.0 0.0
0.0 0.0 0.0
0.0 0.0 0.0
0.0 0.0 0.0
0.0 0.0 0.0
0.0 0.0 0.0
0.0 0.0 0.0
0.0 0.0 0.0
0.0 0.0 0.0
0.0 0.0 0.0
0.0 0.0 0.0
0.0 0.0 0.0
0.0 0.0 0.0
0.0 0.0 0.0
0.0 0.0 0.0
0.0 0.0 0.0
0.0 0.0 0.0
0.0 0.0 0.0
0.0 0.0 0.0
0.0 0.0 0.0
0.0 0.0 0.0
0.0 0.0 0.0
0.0 0.0 0.0
0.0 0.0 0.0
0.0 0.0 0.0
0.0 0.0 0.0
0.0 0.0 0.0
0.0 0.0 0.0
0.0 0.0 0.0
0.0 0.0 0.0
0.0 0.0 0.0
0.0 0.0 0.0
0.0 0.0 0.0
0.0 0.0 0.0
0.0 0.0 0.0
0.0 0.0 0.0
0.0 0.0 0.0
0.0 0.0 0.0
0.0 0.0 0.0
0.0 0.0 0.0
0.0 0.0 0.0
0.0 0.0 0.0
0.0 0.0 0.0
0.0 0.0 0.0
0.0 0.0 0.0
0.0 0.0 0.0
0.0 0.0 0.0
0.0 0.0 0.0
0.0 0.0 0.0
0.0 0.0 0.0
0.0 0.0 0.0
0.0 0.0 0.0
0.0 0.0 0.0
0.0 0.0 0.0
0.0 0.0 0.0
0.0 0.0 0.0
0.0 0.0 0.0
0.0 0.0 0.0
0.0 0.0 0.0
0.0 0.0 0.0
0.0 0.0 0.0
0.0 0.0 0.0
0.0 0.0 0.0
0.0 0.0 0.0
0.0 0.0 0.0
0.0 0.0 0.0
0.0 0.0 0.0
0.0 0.0 0.0
0.0 0.0 0.0
0.0 0.0 0.0
0.0 0.0 0.0
0.0 0.0 0.0
0.0 0.0 0.0
0.0 0.0 0.0
0.0 0.0 0.0
0.0 0.0 0.0
0.0 0.0 0.0
0.0 0.0 0.0
0.0 0.0 0.0
0.0 0.0 0.0
0.0 0.0 0.0
0.0 0.0 0.0
0.0 0.0 0.0
0.0 0.0 0.0
0.0 0.0 0.0
0.0 0.0 0.0
0.0 0.0 0.0
0.0 0.0 0.0
0.0 0.0 0.0
0.0 0.0 0.0
0.0 0.0 0.0
0.0 0.0 0.0
0.0 0.0 0.0
0.0 0.0 0.0
0.0 0.0 0.0
0.0 0.0 0.0
0.0 0.0 0.0
0.0 0.0 0.0
0.0 0.0 0.0
0.0 0.0 0.0
0.0 0.0 0.0
0.0 0.0 0.0
0.0 0.0 0.0
0.0 0.0 0.0
0.0 0.0 0.0
0.0 0.0 0.0
0.0 0.0 0.0
0.0 0.0 0.0
-6.867273330688477 30.141813278198242 -2.601019859313965
0.0 0.0 0.0
0.0 0.0 0.0
-6.185522556304932 30.031251907348633 -2.6206045150756836
-6.031445503234863 30.351285934448242 -2.656569480895996
-5.761997699737549 30.109378814697266 -2.6436164379119873
-5.569643974304199 30.24346923828125 -2.6636154651641846
0.0 0.0 0.0
-5.131124973297119 30.220266342163086 -2.6779160499572754
0.0 0.0 0.0
0.0 0.0 0.0
0.0 0.0 0.0
-4.223260402679443 29.916967391967773 -2.67793869972229
0.0 0.0 0.0
-3.805845260620117 29.97145652770996 -2.694345712661743
0.0 0.0 0.0
0.0 0.0 0.0
0.0 0.0 0.0
0.0 0.0 0.0
0.0 0.0 0.0
0.0 0.0 0.0
0.0 0.0 0.0
0.0 0.0 0.0
-1.9138548374176025 30.13083267211914 -2.748551845550537
0.0 0.0 0.0
-1.491618275642395 30.095651626586914 -2.7499287128448486
0.0 0.0 0.0
0.0 0.0 0.0
-0.8688756823539734 30.442182540893555 -2.7891228199005127
-0.6556805968284607 30.392921447753906 -2.785508871078491
-0.44439059495925903 30.404399871826172 -2.7875938415527344
0.0 0.0 0.0
-0.017414776608347893 30.41516876220703 -2.7910783290863037
0.19600875675678253 30.667301177978516 -2.81524395942688
0.4089314937591553 30.638044357299805 -2.8119442462921143
0.0 0.0 0.0
0.8284856677055359 30.38845443725586 -2.788224697113037
1.0443644523620605 30.405227661132812 -2.7895567417144775
1.2671010494232178 30.665498733520508 -2.813049077987671
1.4740458726882935 30.527999877929688 -2.798372507095337
1.6931450366973877 30.63767433166504 -2.806487560272217
1.9046308994293213 30.602136611938477 -2.8014326095581055
2.123502016067505 30.61919403076172 -2.801297426223755
2.3536837100982666 30.83283805847168 -2.8190815448760986
2.584134340286255 31.0100154876709 -2.831880807876587
2.791182041168213 30.894865036010742 -2.8181064128875732
3.0171098709106445 30.987422943115234 -2.823413372039795
0.0 0.0 0.0
0.0 0.0 0.0
3.6675102710723877 30.926597595214844 -2.8068976402282715
0.0 0.0 0.0
4.12978982925415 31.1168212890625 -2.8147504329681396
0.0 0.0 0.0
4.603413105010986 31.311182022094727 -2.823080062866211
4.816460609436035 31.248462677001953 -2.8110148906707764
5.044344425201416 31.280324935913086 -2.807587146759033
0.0 0.0 0.0
0.0 0.0 0.0
0.0 0.0 0.0
0.0 0.0 0.0
0.0 0.0 0.0
0.0 0.0 0.0
6.69923734664917 31.63127899169922 -2.790668487548828
0.0 0.0 0.0
7.268013000488281 32.09054946899414 -2.814210891723633
0.0 0.0 0.0
7.7731146812438965 32.234619140625 -2.8088529109954834
8.061962127685547 32.44158935546875 -2.81799578666687
0.0 0.0 0.0
8.558276176452637 32.48591995239258 -2.801487922668457
0.0 0.0 0.0
0.0 0.0 0.0
0.0 0.0 0.0
9.548550605773926 32.52680206298828 -2.7621257305145264
9.842634201049805 32.68455505371094 -2.7635655403137207
0.0 0.0 0.0
0.0 0.0 0.0
0.0 0.0 0.0
0.0 0.0 0.0
0.0 0.0 0.0
0.0 0.0 0.0
0.0 0.0 0.0
0.0 0.0 0.0
0.0 0.0 0.0
0.0 0.0 0.0
0.0 0.0 0.0
0.0 0.0 0.0
0.0 0.0 0.0
0.0 0.0 0.0
0.0 0.0 0.0
14.89552116394043 34.828678131103516 -2.702969789505005
15.209152221679688 34.8904914855957 -2.6897058486938477
0.0 0.0 0.0
16.018024444580078 35.392391204833984 -2.6897096633911133
0.0 0.0 0.0
16.582002639770508 35.31254577636719 -2.6445350646972656
0.0 0.0 0.0
0.0 0.0 0.0
0.0 0.0 0.0
0.0 0.0 0.0
0.0 0.0 0.0
0.0 0.0 0.0
0.0 0.0 0.0
0.0 0.0 0.0
0.0 0.0 0.0
0.0 0.0 0.0
0.0 0.0 0.0
0.0 0.0 0.0
0.0 0.0 0.0
0.0 0.0 0.0
0.0 0.0 0.0
0.0 0.0 0.0
0.0 0.0 0.0
0.0 0.0 0.0
0.0 0.0 0.0
0.0 0.0 0.0
0.0 0.0 0.0
0.0 0.0 0.0
0.0 0.0 0.0
0.0 0.0 0.0
0.0 0.0 0.0
0.0 0.0 0.0
0.0 0.0 0.0
0.0 0.0 0.0
0.0 0.0 0.0
0.0 0.0 0.0
0.0 0.0 0.0
0.0 0.0 0.0
81.42510223388672 121.39458465576172 6.975584983825684
0.0 0.0 0.0
0.0 0.0 0.0
0.0 0.0 0.0
0.0 0.0 0.0
0.0 0.0 0.0
0.0 0.0 0.0
0.0 0.0 0.0
0.0 0.0 0.0
0.0 0.0 0.0
0.0 0.0 0.0
0.0 0.0 0.0
0.0 0.0 0.0
0.0 0.0 0.0
0.0 0.0 0.0
0.0 0.0 0.0
0.0 0.0 0.0
0.0 0.0 0.0
0.0 0.0 0.0
0.0 0.0 0.0
0.0 0.0 0.0
0.0 0.0 0.0
0.0 0.0 0.0
0.0 0.0 0.0
0.0 0.0 0.0
0.0 0.0 0.0
0.0 0.0 0.0
0.0 0.0 0.0
0.0 0.0 0.0
0.0 0.0 0.0
0.0 0.0 0.0
0.0 0.0 0.0
0.0 0.0 0.0
0.0 0.0 0.0
0.0 0.0 0.0
0.0 0.0 0.0
0.0 0.0 0.0
0.0 0.0 0.0
0.0 0.0 0.0
0.0 0.0 0.0
0.0 0.0 0.0
0.0 0.0 0.0
0.0 0.0 0.0
0.0 0.0 0.0
0.0 0.0 0.0
0.0 0.0 0.0
0.0 0.0 0.0
0.0 0.0 0.0
0.0 0.0 0.0
0.0 0.0 0.0
0.0 0.0 0.0
0.0 0.0 0.0
0.0 0.0 0.0
0.0 0.0 0.0
0.0 0.0 0.0
0.0 0.0 0.0
0.0 0.0 0.0
0.0 0.0 0.0
0.0 0.0 0.0
0.0 0.0 0.0
0.0 0.0 0.0
0.0 0.0 0.0
0.0 0.0 0.0
0.0 0.0 0.0
0.0 0.0 0.0
0.0 0.0 0.0
0.0 0.0 0.0
0.0 0.0 0.0
0.0 0.0 0.0
0.0 0.0 0.0
0.0 0.0 0.0
0.0 0.0 0.0
0.0 0.0 0.0
0.0 0.0 0.0
0.0 0.0 0.0
0.0 0.0 0.0
0.0 0.0 0.0
0.0 0.0 0.0
0.0 0.0 0.0
0.0 0.0 0.0
0.0 0.0 0.0
0.0 0.0 0.0
0.0 0.0 0.0
0.0 0.0 0.0
0.0 0.0 0.0
0.0 0.0 0.0
0.0 0.0 0.0
0.0 0.0 0.0
0.0 0.0 0.0
0.0 0.0 0.0
0.0 0.0 0.0
0.0 0.0 0.0
0.0 0.0 0.0
0.0 0.0 0.0
0.0 0.0 0.0
0.0 0.0 0.0
0.0 0.0 0.0
0.0 0.0 0.0
0.0 0.0 0.0
0.0 0.0 0.0
0.0 0.0 0.0
0.0 0.0 0.0
0.0 0.0 0.0
0.0 0.0 0.0
0.0 0.0 0.0
0.0 0.0 0.0
0.0 0.0 0.0
0.0 0.0 0.0
0.0 0.0 0.0
0.0 0.0 0.0
0.0 0.0 0.0
0.0 0.0 0.0
0.0 0.0 0.0
0.0 0.0 0.0
0.0 0.0 0.0
0.0 0.0 0.0
0.0 0.0 0.0
0.0 0.0 0.0
0.0 0.0 0.0
0.0 0.0 0.0
0.0 0.0 0.0
0.0 0.0 0.0
0.0 0.0 0.0
0.0 0.0 0.0
0.0 0.0 0.0
0.0 0.0 0.0
0.0 0.0 0.0
0.0 0.0 0.0
0.0 0.0 0.0
0.0 0.0 0.0
0.0 0.0 0.0
0.0 0.0 0.0
0.0 0.0 0.0
0.0 0.0 0.0
0.0 0.0 0.0
0.0 0.0 0.0
0.0 0.0 0.0
0.0 0.0 0.0
0.0 0.0 0.0
0.0 0.0 0.0
0.0 0.0 0.0
0.0 0.0 0.0
0.0 0.0 0.0
0.0 0.0 0.0
0.0 0.0 0.0
0.0 0.0 0.0
0.0 0.0 0.0
0.0 0.0 0.0
0.0 0.0 0.0
0.0 0.0 0.0
0.0 0.0 0.0
0.0 0.0 0.0
0.0 0.0 0.0
0.0 0.0 0.0
0.0 0.0 0.0
0.0 0.0 0.0
-82.59795379638672 151.78109741210938 11.45771312713623
0.0 0.0 0.0
0.0 0.0 0.0
0.0 0.0 0.0
0.0 0.0 0.0
0.0 0.0 0.0
0.0 0.0 0.0
0.0 0.0 0.0
0.0 0.0 0.0
0.0 0.0 0.0
0.0 0.0 0.0
0.0 0.0 0.0
0.0 0.0 0.0
0.0 0.0 0.0
0.0 0.0 0.0
0.0 0.0 0.0
0.0 0.0 0.0
0.0 0.0 0.0
0.0 0.0 0.0
0.0 0.0 0.0
0.0 0.0 0.0
0.0 0.0 0.0
0.0 0.0 0.0
0.0 0.0 0.0
0.0 0.0 0.0
0.0 0.0 0.0
0.0 0.0 0.0
0.0 0.0 0.0
0.0 0.0 0.0
0.0 0.0 0.0
0.0 0.0 0.0
0.0 0.0 0.0
0.0 0.0 0.0
0.0 0.0 0.0
0.0 0.0 0.0
0.0 0.0 0.0
0.0 0.0 0.0
0.0 0.0 0.0
0.0 0.0 0.0
0.0 0.0 0.0
0.0 0.0 0.0
0.0 0.0 0.0
0.0 0.0 0.0
0.0 0.0 0.0
0.0 0.0 0.0
0.0 0.0 0.0
0.0 0.0 0.0
0.0 0.0 0.0
0.0 0.0 0.0
0.0 0.0 0.0
0.0 0.0 0.0
0.0 0.0 0.0
0.0 0.0 0.0
0.0 0.0 0.0
0.0 0.0 0.0
0.0 0.0 0.0
0.0 0.0 0.0
0.0 0.0 0.0
0.0 0.0 0.0
0.0 0.0 0.0
0.0 0.0 0.0
0.0 0.0 0.0
0.0 0.0 0.0
0.0 0.0 0.0
0.0 0.0 0.0
0.0 0.0 0.0
0.0 0.0 0.0
0.0 0.0 0.0
0.0 0.0 0.0
0.0 0.0 0.0
0.0 0.0 0.0
0.0 0.0 0.0
0.0 0.0 0.0
0.0 0.0 0.0
0.0 0.0 0.0
0.0 0.0 0.0
-7.292514801025391 30.526460647583008 -2.5428929328918457
-7.042791843414307 30.416061401367188 -2.543440103530884
-6.859699249267578 30.592388153076172 -2.5680782794952393
-6.611763954162598 30.47847557067871 -2.5684664249420166
-6.378140926361084 30.44365119934082 -2.574108839035034
0.0 0.0 0.0
-5.941367149353027 30.466432571411133 -2.592639923095703
-5.700211048126221 30.353052139282227 -2.5914173126220703
-5.498279094696045 30.444652557373047 -2.607792854309082
0.0 0.0 0.0
-5.090181350708008 30.640094757080078 -2.6382598876953125
0.0 0.0 0.0
0.0 0.0 0.0
-4.428953170776367 30.59852409362793 -2.6557624340057373
-4.188137531280518 30.42745590209961 -2.6462652683258057
0.0 0.0 0.0
-3.7723751068115234 30.578439712524414 -2.670599937438965
0.0 0.0 0.0
0.0 0.0 0.0
0.0 0.0 0.0
0.0 0.0 0.0
0.0 0.0 0.0
-2.4600086212158203 30.349315643310547 -2.678166151046753
0.0 0.0 0.0
-2.0462071895599365 30.51177406311035 -2.699378490447998
0.0 0.0 0.0
-1.631978988647461 30.804912567138672 -2.7308571338653564
-1.4016587734222412 30.473140716552734 -2.7043616771698
-1.1876858472824097 30.431272506713867 -2.7036831378936768
-0.9834031462669373 30.668087005615234 -2.7258353233337402
-0.7612584829330444 30.47186279296875 -2.709561586380005
-0.550589919090271 30.546295166015625 -2.717461585998535
0.0 0.0 0.0
-0.12697190046310425 30.861967086791992 -2.7485313415527344
0.0874253362417221 30.749284744262695 -2.7382798194885254
0.0 0.0 0.0
0.0 0.0 0.0
0.7324415445327759 30.7291202545166 -2.7359955310821533
0.0 0.0 0.0
1.161017656326294 30.74338722229004 -2.7359750270843506
1.3806090354919434 30.863046646118164 -2.745044469833374
1.61017644405365 31.066425323486328 -2.7616517543792725
0.0 0.0 0.0
2.034851312637329 30.9327392578125 -2.7472691535949707
2.261294364929199 31.073413848876953 -2.7571182250976562
2.503530979156494 31.38312339782715 -2.7816243171691895
2.7029435634613037 31.105297088623047 -2.754136085510254
2.9132204055786133 31.020254135131836 -2.7439284324645996
3.1467902660369873 31.177730560302734 -2.7552998065948486
0.0 0.0 0.0
0.0 0.0 0.0
3.817187547683716 31.241649627685547 -2.7483558654785156
0.0 0.0 0.0
4.2562150955200195 31.221349716186523 -2.7385292053222656
0.0 0.0 0.0
4.724989891052246 31.391435623168945 -2.7424333095550537
0.0 0.0 0.0
5.239390850067139 31.77277183532715 -2.764474868774414
5.431508541107178 31.567489624023438 -2.741241455078125
0.0 0.0 0.0
0.0 0.0 0.0
0.0 0.0 0.0
6.408451557159424 31.8876953125 -2.7417221069335938
0.0 0.0 0.0
7.008939743041992 32.52799987792969 -2.78173565864563
7.20861291885376 32.361785888671875 -2.75907301902771
0.0 0.0 0.0
7.665772914886475 32.27471923828125 -2.734959602355957
7.890201568603516 32.221656799316406 -2.7223622798919678
8.167315483093262 32.37864303588867 -2.7258403301239014
8.479016304016113 32.65374755859375 -2.7391374111175537
0.0 0.0 0.0
0.0 0.0 0.0
0.0 0.0 0.0
0.0 0.0 0.0
0.0 0.0 0.0
0.0 0.0 0.0
0.0 0.0 0.0
0.0 0.0 0.0
0.0 0.0 0.0
0.0 0.0 0.0
0.0 0.0 0.0
0.0 0.0 0.0
12.133026123046875 33.77545166015625 -2.6767425537109375
0.0 0.0 0.0
0.0 0.0 0.0
0.0 0.0 0.0
0.0 0.0 0.0
0.0 0.0 0.0
0.0 0.0 0.0
0.0 0.0 0.0
0.0 0.0 0.0
0.0 0.0 0.0
0.0 0.0 0.0
0.0 0.0 0.0
0.0 0.0 0.0
0.0 0.0 0.0
0.0 0.0 0.0
0.0 0.0 0.0
0.0 0.0 0.0
0.0 0.0 0.0
0.0 0.0 0.0
0.0 0.0 0.0
0.0 0.0 0.0
0.0 0.0 0.0
0.0 0.0 0.0
0.0 0.0 0.0
0.0 0.0 0.0
0.0 0.0 0.0
0.0 0.0 0.0
0.0 0.0 0.0
0.0 0.0 0.0
0.0 0.0 0.0
0.0 0.0 0.0
0.0 0.0 0.0
0.0 0.0 0.0
0.0 0.0 0.0
0.0 0.0 0.0
0.0 0.0 0.0
0.0 0.0 0.0
0.0 0.0 0.0
0.0 0.0 0.0
0.0 0.0 0.0
0.0 0.0 0.0
0.0 0.0 0.0
0.0 0.0 0.0
0.0 0.0 0.0
0.0 0.0 0.0
0.0 0.0 0.0
0.0 0.0 0.0
0.0 0.0 0.0
81.05144500732422 121.76063537597656 6.8310418128967285
0.0 0.0 0.0
0.0 0.0 0.0
0.0 0.0 0.0
0.0 0.0 0.0
0.0 0.0 0.0
0.0 0.0 0.0
0.0 0.0 0.0
0.0 0.0 0.0
0.0 0.0 0.0
0.0 0.0 0.0
0.0 0.0 0.0
0.0 0.0 0.0
0.0 0.0 0.0
0.0 0.0 0.0
63.786109924316406 121.8199234008789 8.839869499206543
0.0 0.0 0.0
0.0 0.0 0.0
0.0 0.0 0.0
0.0 0.0 0.0
0.0 0.0 0.0
0.0 0.0 0.0
0.0 0.0 0.0
0.0 0.0 0.0
0.0 0.0 0.0
0.0 0.0 0.0
0.0 0.0 0.0
0.0 0.0 0.0
0.0 0.0 0.0
0.0 0.0 0.0
0.0 0.0 0.0
0.0 0.0 0.0
0.0 0.0 0.0
0.0 0.0 0.0
0.0 0.0 0.0
0.0 0.0 0.0
0.0 0.0 0.0
0.0 0.0 0.0
0.0 0.0 0.0
0.0 0.0 0.0
0.0 0.0 0.0
0.0 0.0 0.0
0.0 0.0 0.0
0.0 0.0 0.0
0.0 0.0 0.0
0.0 0.0 0.0
0.0 0.0 0.0
0.0 0.0 0.0
0.0 0.0 0.0
0.0 0.0 0.0
0.0 0.0 0.0
0.0 0.0 0.0
0.0 0.0 0.0
0.0 0.0 0.0
0.0 0.0 0.0
0.0 0.0 0.0
0.0 0.0 0.0
0.0 0.0 0.0
0.0 0.0 0.0
0.0 0.0 0.0
0.0 0.0 0.0
0.0 0.0 0.0
0.0 0.0 0.0
0.0 0.0 0.0
0.0 0.0 0.0
0.0 0.0 0.0
0.0 0.0 0.0
0.0 0.0 0.0
0.0 0.0 0.0
0.0 0.0 0.0
0.0 0.0 0.0
0.0 0.0 0.0
0.0 0.0 0.0
0.0 0.0 0.0
0.0 0.0 0.0
0.0 0.0 0.0
0.0 0.0 0.0
0.0 0.0 0.0
0.0 0.0 0.0
0.0 0.0 0.0
0.0 0.0 0.0
0.0 0.0 0.0
0.0 0.0 0.0
0.0 0.0 0.0
0.0 0.0 0.0
0.0 0.0 0.0
0.0 0.0 0.0
0.0 0.0 0.0
0.0 0.0 0.0
0.0 0.0 0.0
0.0 0.0 0.0
0.0 0.0 0.0
0.0 0.0 0.0
0.0 0.0 0.0
0.0 0.0 0.0
0.0 0.0 0.0
0.0 0.0 0.0
0.0 0.0 0.0
0.0 0.0 0.0
0.0 0.0 0.0
0.0 0.0 0.0
0.0 0.0 0.0
0.0 0.0 0.0
0.0 0.0 0.0
0.0 0.0 0.0
0.0 0.0 0.0
0.0 0.0 0.0
0.0 0.0 0.0
0.0 0.0 0.0
0.0 0.0 0.0
0.0 0.0 0.0
0.0 0.0 0.0
0.0 0.0 0.0
0.0 0.0 0.0
0.0 0.0 0.0
0.0 0.0 0.0
0.0 0.0 0.0
0.0 0.0 0.0
0.0 0.0 0.0
0.0 0.0 0.0
0.0 0.0 0.0
0.0 0.0 0.0
0.0 0.0 0.0
0.0 0.0 0.0
0.0 0.0 0.0
0.0 0.0 0.0
0.0 0.0 0.0
0.0 0.0 0.0
0.0 0.0 0.0
0.0 0.0 0.0
0.0 0.0 0.0
0.0 0.0 0.0
0.0 0.0 0.0
0.0 0.0 0.0
0.0 0.0 0.0
0.0 0.0 0.0
0.0 0.0 0.0
0.0 0.0 0.0
0.0 0.0 0.0
0.0 0.0 0.0
0.0 0.0 0.0
0.0 0.0 0.0
0.0 0.0 0.0
0.0 0.0 0.0
0.0 0.0 0.0
0.0 0.0 0.0
0.0 0.0 0.0
0.0 0.0 0.0
0.0 0.0 0.0
0.0 0.0 0.0
0.0 0.0 0.0
0.0 0.0 0.0
0.0 0.0 0.0
0.0 0.0 0.0
0.0 0.0 0.0
0.0 0.0 0.0
0.0 0.0 0.0
0.0 0.0 0.0
0.0 0.0 0.0
0.0 0.0 0.0
0.0 0.0 0.0
0.0 0.0 0.0
0.0 0.0 0.0
0.0 0.0 0.0
0.0 0.0 0.0
0.0 0.0 0.0
0.0 0.0 0.0
0.0 0.0 0.0
0.0 0.0 0.0
0.0 0.0 0.0
0.0 0.0 0.0
0.0 0.0 0.0
0.0 0.0 0.0
0.0 0.0 0.0
0.0 0.0 0.0
0.0 0.0 0.0
0.0 0.0 0.0
0.0 0.0 0.0
0.0 0.0 0.0
0.0 0.0 0.0
0.0 0.0 0.0
0.0 0.0 0.0
0.0 0.0 0.0
0.0 0.0 0.0
0.0 0.0 0.0
0.0 0.0 0.0
0.0 0.0 0.0
0.0 0.0 0.0
0.0 0.0 0.0
0.0 0.0 0.0
0.0 0.0 0.0
0.0 0.0 0.0
0.0 0.0 0.0
0.0 0.0 0.0
0.0 0.0 0.0
0.0 0.0 0.0
0.0 0.0 0.0
0.0 0.0 0.0
0.0 0.0 0.0
0.0 0.0 0.0
0.0 0.0 0.0
0.0 0.0 0.0
0.0 0.0 0.0
0.0 0.0 0.0
0.0 0.0 0.0
0.0 0.0 0.0
0.0 0.0 0.0
0.0 0.0 0.0
0.0 0.0 0.0
0.0 0.0 0.0
0.0 0.0 0.0
0.0 0.0 0.0
0.0 0.0 0.0
0.0 0.0 0.0
0.0 0.0 0.0
0.0 0.0 0.0
0.0 0.0 0.0
0.0 0.0 0.0
0.0 0.0 0.0
0.0 0.0 0.0
0.0 0.0 0.0
0.0 0.0 0.0
0.0 0.0 0.0
0.0 0.0 0.0
0.0 0.0 0.0
0.0 0.0 0.0
0.0 0.0 0.0
0.0 0.0 0.0
0.0 0.0 0.0
0.0 0.0 0.0
0.0 0.0 0.0
0.0 0.0 0.0
0.0 0.0 0.0
0.0 0.0 0.0
0.0 0.0 0.0
-6.566228866577148 30.792648315429688 -2.523651361465454
-6.307380199432373 30.623146057128906 -2.5179944038391113
0.0 0.0 0.0
0.0 0.0 0.0
0.0 0.0 0.0
-5.435941219329834 30.718910217285156 -2.5569350719451904
0.0 0.0 0.0
0.0 0.0 0.0
0.0 0.0 0.0
-4.550316333770752 30.694028854370117 -2.5819661617279053
-4.359342575073242 30.88618278503418 -2.6036295890808105
0.0 0.0 0.0
0.0 0.0 0.0
-3.7255616188049316 31.072830200195312 -2.636669635772705
0.0 0.0 0.0
0.0 0.0 0.0
-3.042588233947754 30.844335556030273 -2.630539655685425
-2.8244009017944336 30.825468063354492 -2.633424997329712
0.0 0.0 0.0
0.0 0.0 0.0
0.0 0.0 0.0
0.0 0.0 0.0
-1.7423216104507446 30.829477310180664 -2.650153875350952
-1.5479456186294556 31.24475860595703 -2.6889994144439697
-1.328790307044983 31.305248260498047 -2.6961398124694824
-1.105237603187561 31.15019416809082 -2.6842024326324463
0.0 0.0 0.0
-0.6694212555885315 31.049348831176758 -2.678722620010376
-0.45488470792770386 31.150354385375977 -2.6892409324645996
0.0 0.0 0.0
0.0 0.0 0.0
0.0 0.0 0.0
0.4159964919090271 31.166372299194336 -2.6916849613189697
0.637324869632721 31.39228630065918 -2.7115933895111084
0.0 0.0 0.0
0.0 0.0 0.0
1.2997922897338867 31.461822509765625 -2.7147610187530518
1.5078725814819336 31.230600357055664 -2.693852663040161
0.0 0.0 0.0
0.0 0.0 0.0
0.0 0.0 0.0
0.0 0.0 0.0
2.6244750022888184 31.493907928466797 -2.7064523696899414
2.8464596271514893 31.50621795654297 -2.705247402191162
3.073491096496582 31.567405700683594 -2.7075393199920654
0.0 0.0 0.0
3.541639566421509 31.750402450561523 -2.715264081954956
0.0 0.0 0.0
3.989763021469116 31.753137588500977 -2.708101272583008
4.209485054016113 31.71746826171875 -2.7008259296417236
0.0 0.0 0.0
4.683952808380127 31.856815338134766 -2.702115297317505
0.0 0.0 0.0
0.0 0.0 0.0
5.389744758605957 32.00370788574219 -2.6989529132843018
0.0 0.0 0.0
0.0 0.0 0.0
6.137106895446777 32.287513732910156 -2.702995538711548
6.364749431610107 32.26011276245117 -2.694345235824585
6.627947807312012 32.40668487548828 -2.6994903087615967
0.0 0.0 0.0
7.103565216064453 32.40741729736328 -2.683351516723633
0.0 0.0 0.0
0.0 0.0 0.0
0.0 0.0 0.0
8.158087730407715 32.82475662231445 -2.684176445007324
8.493690490722656 33.170955657958984 -2.703047275543213
0.0 0.0 0.0
0.0 0.0 0.0
0.0 0.0 0.0
0.0 0.0 0.0
0.0 0.0 0.0
0.0 0.0 0.0
0.0 0.0 0.0
10.65407943725586 33.676692962646484 -2.660829544067383
0.0 0.0 0.0
0.0 0.0 0.0
0.0 0.0 0.0
0.0 0.0 0.0
0.0 0.0 0.0
0.0 0.0 0.0
0.0 0.0 0.0
0.0 0.0 0.0
0.0 0.0 0.0
0.0 0.0 0.0
0.0 0.0 0.0
0.0 0.0 0.0
0.0 0.0 0.0
0.0 0.0 0.0
0.0 0.0 0.0
0.0 0.0 0.0
0.0 0.0 0.0
0.0 0.0 0.0
0.0 0.0 0.0
0.0 0.0 0.0
0.0 0.0 0.0
0.0 0.0 0.0
0.0 0.0 0.0
0.0 0.0 0.0
0.0 0.0 0.0
0.0 0.0 0.0
0.0 0.0 0.0
0.0 0.0 0.0
0.0 0.0 0.0
0.0 0.0 0.0
0.0 0.0 0.0
0.0 0.0 0.0
0.0 0.0 0.0
0.0 0.0 0.0
0.0 0.0 0.0
0.0 0.0 0.0
0.0 0.0 0.0
0.0 0.0 0.0
0.0 0.0 0.0
0.0 0.0 0.0
0.0 0.0 0.0
0.0 0.0 0.0
0.0 0.0 0.0
0.0 0.0 0.0
0.0 0.0 0.0
0.0 0.0 0.0
0.0 0.0 0.0
0.0 0.0 0.0
0.0 0.0 0.0
0.0 0.0 0.0
0.0 0.0 0.0
81.52918243408203 121.5442123413086 6.4997992515563965
0.0 0.0 0.0
0.0 0.0 0.0
0.0 0.0 0.0
0.0 0.0 0.0
0.0 0.0 0.0
0.0 0.0 0.0
0.0 0.0 0.0
0.0 0.0 0.0
0.0 0.0 0.0
0.0 0.0 0.0
0.0 0.0 0.0
0.0 0.0 0.0
0.0 0.0 0.0
0.0 0.0 0.0
0.0 0.0 0.0
0.0 0.0 0.0
0.0 0.0 0.0
0.0 0.0 0.0
0.0 0.0 0.0
0.0 0.0 0.0
0.0 0.0 0.0
0.0 0.0 0.0
0.0 0.0 0.0
0.0 0.0 0.0
0.0 0.0 0.0
0.0 0.0 0.0
0.0 0.0 0.0
0.0 0.0 0.0
0.0 0.0 0.0
0.0 0.0 0.0
0.0 0.0 0.0
0.0 0.0 0.0
0.0 0.0 0.0
0.0 0.0 0.0
0.0 0.0 0.0
0.0 0.0 0.0
0.0 0.0 0.0
0.0 0.0 0.0
0.0 0.0 0.0
0.0 0.0 0.0
0.0 0.0 0.0
0.0 0.0 0.0
0.0 0.0 0.0
0.0 0.0 0.0
0.0 0.0 0.0
0.0 0.0 0.0
0.0 0.0 0.0
0.0 0.0 0.0
0.0 0.0 0.0
0.0 0.0 0.0
0.0 0.0 0.0
0.0 0.0 0.0
0.0 0.0 0.0
0.0 0.0 0.0
0.0 0.0 0.0
0.0 0.0 0.0
0.0 0.0 0.0
0.0 0.0 0.0
0.0 0.0 0.0
0.0 0.0 0.0
0.0 0.0 0.0
0.0 0.0 0.0
0.0 0.0 0.0
0.0 0.0 0.0
0.0 0.0 0.0
0.0 0.0 0.0
0.0 0.0 0.0
0.0 0.0 0.0
0.0 0.0 0.0
0.0 0.0 0.0
0.0 0.0 0.0
0.0 0.0 0.0
0.0 0.0 0.0
0.0 0.0 0.0
0.0 0.0 0.0
0.0 0.0 0.0
0.0 0.0 0.0
0.0 0.0 0.0
0.0 0.0 0.0
0.0 0.0 0.0
0.0 0.0 0.0
0.0 0.0 0.0
0.0 0.0 0.0
0.0 0.0 0.0
0.0 0.0 0.0
0.0 0.0 0.0
0.0 0.0 0.0
0.0 0.0 0.0
0.0 0.0 0.0
0.0 0.0 0.0
0.0 0.0 0.0
0.0 0.0 0.0
0.0 0.0 0.0
0.0 0.0 0.0
0.0 0.0 0.0
0.0 0.0 0.0
0.0 0.0 0.0
0.0 0.0 0.0
0.0 0.0 0.0
0.0 0.0 0.0
0.0 0.0 0.0
0.0 0.0 0.0
0.0 0.0 0.0
0.0 0.0 0.0
0.0 0.0 0.0
0.0 0.0 0.0
0.0 0.0 0.0
0.0 0.0 0.0
0.0 0.0 0.0
0.0 0.0 0.0
0.0 0.0 0.0
0.0 0.0 0.0
0.0 0.0 0.0
0.0 0.0 0.0
0.0 0.0 0.0
0.0 0.0 0.0
0.0 0.0 0.0
0.0 0.0 0.0
0.0 0.0 0.0
0.0 0.0 0.0
0.0 0.0 0.0
0.0 0.0 0.0
0.0 0.0 0.0
0.0 0.0 0.0
0.0 0.0 0.0
0.0 0.0 0.0
0.0 0.0 0.0
0.0 0.0 0.0
0.0 0.0 0.0
0.0 0.0 0.0
0.0 0.0 0.0
0.0 0.0 0.0
0.0 0.0 0.0
0.0 0.0 0.0
0.0 0.0 0.0
0.0 0.0 0.0
0.0 0.0 0.0
0.0 0.0 0.0
0.0 0.0 0.0
0.0 0.0 0.0
0.0 0.0 0.0
0.0 0.0 0.0
0.0 0.0 0.0
0.0 0.0 0.0
0.0 0.0 0.0
0.0 0.0 0.0
0.0 0.0 0.0
0.0 0.0 0.0
0.0 0.0 0.0
0.0 0.0 0.0
0.0 0.0 0.0
0.0 0.0 0.0
0.0 0.0 0.0
0.0 0.0 0.0
0.0 0.0 0.0
0.0 0.0 0.0
0.0 0.0 0.0
0.0 0.0 0.0
0.0 0.0 0.0
0.0 0.0 0.0
0.0 0.0 0.0
0.0 0.0 0.0
0.0 0.0 0.0
0.0 0.0 0.0
0.0 0.0 0.0
0.0 0.0 0.0
0.0 0.0 0.0
0.0 0.0 0.0
0.0 0.0 0.0
0.0 0.0 0.0
0.0 0.0 0.0
0.0 0.0 0.0
0.0 0.0 0.0
0.0 0.0 0.0
0.0 0.0 0.0
0.0 0.0 0.0
0.0 0.0 0.0
0.0 0.0 0.0
0.0 0.0 0.0
0.0 0.0 0.0
0.0 0.0 0.0
0.0 0.0 0.0
0.0 0.0 0.0
0.0 0.0 0.0
0.0 0.0 0.0
0.0 0.0 0.0
0.0 0.0 0.0
0.0 0.0 0.0
0.0 0.0 0.0
0.0 0.0 0.0
0.0 0.0 0.0
0.0 0.0 0.0
0.0 0.0 0.0
0.0 0.0 0.0
0.0 0.0 0.0
0.0 0.0 0.0
0.0 0.0 0.0
0.0 0.0 0.0
0.0 0.0 0.0
0.0 0.0 0.0
0.0 0.0 0.0
0.0 0.0 0.0
0.0 0.0 0.0
0.0 0.0 0.0
0.0 0.0 0.0
0.0 0.0 0.0
0.0 0.0 0.0
0.0 0.0 0.0
0.0 0.0 0.0
0.0 0.0 0.0
0.0 0.0 0.0
0.0 0.0 0.0
0.0 0.0 0.0
0.0 0.0 0.0
0.0 0.0 0.0
0.0 0.0 0.0
0.0 0.0 0.0
0.0 0.0 0.0
0.0 0.0 0.0
0.0 0.0 0.0
0.0 0.0 0.0
0.0 0.0 0.0
0.0 0.0 0.0
0.0 0.0 0.0
0.0 0.0 0.0
0.0 0.0 0.0
0.0 0.0 0.0
0.0 0.0 0.0
-8.222424507141113 31.477741241455078 -2.436011552810669
0.0 0.0 0.0
0.0 0.0 0.0
0.0 0.0 0.0
0.0 0.0 0.0
0.0 0.0 0.0
-45.658103942871094 210.4923553466797 -16.667621612548828
-6.5324530601501465 31.179967880249023 -2.477656602859497
0.0 0.0 0.0
0.0 0.0 0.0
-5.867793083190918 31.245771408081055 -2.5065267086029053
0.0 0.0 0.0
0.0 0.0 0.0
0.0 0.0 0.0
0.0 0.0 0.0
0.0 0.0 0.0
0.0 0.0 0.0
-4.307038307189941 31.28922462463379 -2.555690288543701
-4.083613395690918 31.30669593811035 -2.5631980895996094
0.0 0.0 0.0
-3.627959966659546 31.193115234375 -2.563149929046631
0.0 0.0 0.0
0.0 0.0 0.0
-2.968366861343384 31.218189239501953 -2.578720808029175
0.0 0.0 0.0
-2.5572681427001953 31.546672821044922 -2.612752914428711
0.0 0.0 0.0
0.0 0.0 0.0
0.0 0.0 0.0
-1.6548126935958862 31.238977432250977 -2.5998342037200928
-1.436905026435852 31.241748809814453 -2.601810932159424
0.0 0.0 0.0
-1.0015023946762085 31.242717742919922 -2.605757236480713
-0.7819123268127441 31.32274627685547 -2.614598274230957
-0.5636951923370361 31.311702728271484 -2.6152095794677734
-0.34859341382980347 31.556142807006836 -2.6360228061676025
0.0 0.0 0.0
0.09015797078609467 31.495546340942383 -2.6321356296539307
0.0 0.0 0.0
0.5318911671638489 31.47943878173828 -2.631943464279175
0.7506946325302124 31.4750919342041 -2.6306052207946777
0.9728600978851318 31.57037925720215 -2.6377174854278564
0.0 0.0 0.0
0.0 0.0 0.0
1.6340501308441162 31.523944854736328 -2.6317219734191895
1.8630144596099854 31.67527961730957 -2.642245054244995
0.0 0.0 0.0
2.3048763275146484 31.66232681274414 -2.6373236179351807
2.5676395893096924 32.18130874633789 -2.678795099258423
2.794090986251831 32.147098541259766 -2.674086570739746
0.0 0.0 0.0
3.239140033721924 32.090484619140625 -2.662836790084839
0.0 0.0 0.0
0.0 0.0 0.0
3.9262287616729736 32.13652801513672 -2.6576051712036133
0.0 0.0 0.0
0.0 0.0 0.0
4.61279296875 32.16884994506836 -2.646479845046997
0.0 0.0 0.0
5.10167121887207 32.368099212646484 -2.6541831493377686
5.3458991050720215 32.42411422729492 -2.6526200771331787
0.0 0.0 0.0
5.85389518737793 32.666114807128906 -2.660567283630371
6.088479042053223 32.66355514526367 -2.6546027660369873
0.0 0.0 0.0
0.0 0.0 0.0
6.8263115882873535 32.78644943237305 -2.6439568996429443
7.112699031829834 33.0092887878418 -2.6546547412872314
7.332236289978027 32.914241790771484 -2.6398656368255615
7.584487438201904 32.96583938598633 -2.636765956878662
7.8817853927612305 33.18134307861328 -2.6451733112335205
0.0 0.0 0.0
0.0 0.0 0.0
8.694291114807129 33.47605895996094 -2.642989158630371
8.90381145477295 33.329288482666016 -2.6226420402526855
0.0 0.0 0.0
0.0 0.0 0.0
9.724791526794434 33.561100006103516 -2.6109607219696045
10.013691902160645 33.68044662475586 -2.6104791164398193
10.312026023864746 33.82373809814453 -2.611114025115967
0.0 0.0 0.0
10.85546588897705 33.89321517944336 -2.5937676429748535
0.0 0.0 0.0
0.0 0.0 0.0
0.0 0.0 0.0
0.0 0.0 0.0
0.0 0.0 0.0
0.0 0.0 0.0
0.0 0.0 0.0
0.0 0.0 0.0
13.638894081115723 34.88875198364258 -2.554072856903076
0.0 0.0 0.0
0.0 0.0 0.0
0.0 0.0 0.0
0.0 0.0 0.0
0.0 0.0 0.0
0.0 0.0 0.0
0.0 0.0 0.0
16.456466674804688 36.023345947265625 -2.5081145763397217
17.068052291870117 36.68332290649414 -2.535979986190796
0.0 0.0 0.0
0.0 0.0 0.0
0.0 0.0 0.0
0.0 0.0 0.0
0.0 0.0 0.0
0.0 0.0 0.0
0.0 0.0 0.0
0.0 0.0 0.0
0.0 0.0 0.0
0.0 0.0 0.0
0.0 0.0 0.0
0.0 0.0 0.0
0.0 0.0 0.0
0.0 0.0 0.0
0.0 0.0 0.0
0.0 0.0 0.0
0.0 0.0 0.0
0.0 0.0 0.0
0.0 0.0 0.0
0.0 0.0 0.0
0.0 0.0 0.0
0.0 0.0 0.0
0.0 0.0 0.0
0.0 0.0 0.0
0.0 0.0 0.0
0.0 0.0 0.0
0.0 0.0 0.0
0.0 0.0 0.0
0.0 0.0 0.0
0.0 0.0 0.0
0.0 0.0 0.0
0.0 0.0 0.0
0.0 0.0 0.0
0.0 0.0 0.0
0.0 0.0 0.0
0.0 0.0 0.0
0.0 0.0 0.0
0.0 0.0 0.0
0.0 0.0 0.0
0.0 0.0 0.0
0.0 0.0 0.0
0.0 0.0 0.0
0.0 0.0 0.0
0.0 0.0 0.0
0.0 0.0 0.0
0.0 0.0 0.0
0.0 0.0 0.0
0.0 0.0 0.0
0.0 0.0 0.0
0.0 0.0 0.0
0.0 0.0 0.0
0.0 0.0 0.0
0.0 0.0 0.0
0.0 0.0 0.0
0.0 0.0 0.0
0.0 0.0 0.0
0.0 0.0 0.0
0.0 0.0 0.0
0.0 0.0 0.0
0.0 0.0 0.0
0.0 0.0 0.0
0.0 0.0 0.0
0.0 0.0 0.0
0.0 0.0 0.0
0.0 0.0 0.0
0.0 0.0 0.0
0.0 0.0 0.0
0.0 0.0 0.0
0.0 0.0 0.0
0.0 0.0 0.0
0.0 0.0 0.0
0.0 0.0 0.0
0.0 0.0 0.0
0.0 0.0 0.0
0.0 0.0 0.0
0.0 0.0 0.0
0.0 0.0 0.0
0.0 0.0 0.0
0.0 0.0 0.0
0.0 0.0 0.0
0.0 0.0 0.0
0.0 0.0 0.0
0.0 0.0 0.0
0.0 0.0 0.0
0.0 0.0 0.0
0.0 0.0 0.0
0.0 0.0 0.0
0.0 0.0 0.0
0.0 0.0 0.0
23.9455509185791 116.37191772460938 10.280091285705566
0.0 0.0 0.0
0.0 0.0 0.0
0.0 0.0 0.0
0.0 0.0 0.0
0.0 0.0 0.0
0.0 0.0 0.0
0.0 0.0 0.0
0.0 0.0 0.0
0.0 0.0 0.0
0.0 0.0 0.0
0.0 0.0 0.0
0.0 0.0 0.0
0.0 0.0 0.0
0.0 0.0 0.0
0.0 0.0 0.0
0.0 0.0 0.0
0.0 0.0 0.0
0.0 0.0 0.0
0.0 0.0 0.0
0.0 0.0 0.0
0.0 0.0 0.0
0.0 0.0 0.0
0.0 0.0 0.0
0.0 0.0 0.0
0.0 0.0 0.0
0.0 0.0 0.0
0.0 0.0 0.0
0.0 0.0 0.0
0.0 0.0 0.0
0.0 0.0 0.0
0.0 0.0 0.0
0.0 0.0 0.0
0.0 0.0 0.0
0.0 0.0 0.0
0.0 0.0 0.0
0.0 0.0 0.0
0.0 0.0 0.0
0.0 0.0 0.0
0.0 0.0 0.0
0.0 0.0 0.0
0.0 0.0 0.0
0.0 0.0 0.0
0.0 0.0 0.0
0.0 0.0 0.0
0.0 0.0 0.0
0.0 0.0 0.0
0.0 0.0 0.0
0.0 0.0 0.0
0.0 0.0 0.0
0.0 0.0 0.0
0.0 0.0 0.0
0.0 0.0 0.0
0.0 0.0 0.0
0.0 0.0 0.0
0.0 0.0 0.0
0.0 0.0 0.0
0.0 0.0 0.0
0.0 0.0 0.0
0.0 0.0 0.0
0.0 0.0 0.0
0.0 0.0 0.0
0.0 0.0 0.0
0.0 0.0 0.0
0.0 0.0 0.0
0.0 0.0 0.0
0.0 0.0 0.0
0.0 0.0 0.0
0.0 0.0 0.0
0.0 0.0 0.0
0.0 0.0 0.0
0.0 0.0 0.0
0.0 0.0 0.0
0.0 0.0 0.0
0.0 0.0 0.0
0.0 0.0 0.0
0.0 0.0 0.0
0.0 0.0 0.0
0.0 0.0 0.0
0.0 0.0 0.0
0.0 0.0 0.0
0.0 0.0 0.0
0.0 0.0 0.0
0.0 0.0 0.0
0.0 0.0 0.0
0.0 0.0 0.0
0.0 0.0 0.0
0.0 0.0 0.0
0.0 0.0 0.0
0.0 0.0 0.0
0.0 0.0 0.0
0.0 0.0 0.0
0.0 0.0 0.0
0.0 0.0 0.0
0.0 0.0 0.0
0.0 0.0 0.0
0.0 0.0 0.0
0.0 0.0 0.0
0.0 0.0 0.0
0.0 0.0 0.0
0.0 0.0 0.0
0.0 0.0 0.0
0.0 0.0 0.0
0.0 0.0 0.0
0.0 0.0 0.0
0.0 0.0 0.0
0.0 0.0 0.0
0.0 0.0 0.0
0.0 0.0 0.0
0.0 0.0 0.0
0.0 0.0 0.0
0.0 0.0 0.0
0.0 0.0 0.0
0.0 0.0 0.0
0.0 0.0 0.0
0.0 0.0 0.0
0.0 0.0 0.0
0.0 0.0 0.0
0.0 0.0 0.0
0.0 0.0 0.0
0.0 0.0 0.0
0.0 0.0 0.0
0.0 0.0 0.0
0.0 0.0 0.0
0.0 0.0 0.0
0.0 0.0 0.0
0.0 0.0 0.0
0.0 0.0 0.0
0.0 0.0 0.0
0.0 0.0 0.0
0.0 0.0 0.0
0.0 0.0 0.0
0.0 0.0 0.0
0.0 0.0 0.0
0.0 0.0 0.0
0.0 0.0 0.0
0.0 0.0 0.0
0.0 0.0 0.0
0.0 0.0 0.0
0.0 0.0 0.0
0.0 0.0 0.0
0.0 0.0 0.0
0.0 0.0 0.0
0.0 0.0 0.0
0.0 0.0 0.0
0.0 0.0 0.0
0.0 0.0 0.0
0.0 0.0 0.0
0.0 0.0 0.0
0.0 0.0 0.0
0.0 0.0 0.0
0.0 0.0 0.0
0.0 0.0 0.0
0.0 0.0 0.0
0.0 0.0 0.0
0.0 0.0 0.0
0.0 0.0 0.0
0.0 0.0 0.0
0.0 0.0 0.0
0.0 0.0 0.0
0.0 0.0 0.0
0.0 0.0 0.0
0.0 0.0 0.0
0.0 0.0 0.0
0.0 0.0 0.0
0.0 0.0 0.0
0.0 0.0 0.0
0.0 0.0 0.0
0.0 0.0 0.0
0.0 0.0 0.0
0.0 0.0 0.0
0.0 0.0 0.0
0.0 0.0 0.0
0.0 0.0 0.0
0.0 0.0 0.0
0.0 0.0 0.0
0.0 0.0 0.0
0.0 0.0 0.0
0.0 0.0 0.0
0.0 0.0 0.0
0.0 0.0 0.0
0.0 0.0 0.0
0.0 0.0 0.0
-6.021587371826172 31.4688777923584 -2.442915678024292
0.0 0.0 0.0
-5.570155143737793 31.479129791259766 -2.457963228225708
0.0 0.0 0.0
-5.129326343536377 31.54069709777832 -2.4752776622772217
0.0 0.0 0.0
-4.674594879150391 31.531204223632812 -2.486370801925659
0.0 0.0 0.0
0.0 0.0 0.0
0.0 0.0 0.0
-3.800178050994873 31.69321632385254 -2.5197510719299316
0.0 0.0 0.0
-3.3621842861175537 31.81599998474121 -2.5390067100524902
-3.1244051456451416 31.675403594970703 -2.5321779251098633
0.0 0.0 0.0
0.0 0.0 0.0
0.0 0.0 0.0
0.0 0.0 0.0
0.0 0.0 0.0
0.0 0.0 0.0
-1.5641834735870361 31.577796936035156 -2.5446441173553467
-1.3489311933517456 31.7823429107666 -2.5632944107055664
0.0 0.0 0.0
0.0 0.0 0.0
-0.6828615665435791 31.674564361572266 -2.559648036956787
-0.4620942175388336 31.651212692260742 -2.5584726333618164
0.0 0.0 0.0
-0.01779937744140625 31.77121925354004 -2.569993734359741
0.0 0.0 0.0
0.4243108630180359 31.776147842407227 -2.570991039276123
0.0 0.0 0.0
0.0 0.0 0.0
1.092286467552185 31.79154396057129 -2.5713934898376465
1.314359188079834 31.806575775146484 -2.5725793838500977
0.0 0.0 0.0
1.76829993724823 31.99555015563965 -2.5845530033111572
0.0 0.0 0.0
0.0 0.0 0.0
0.0 0.0 0.0
2.7058098316192627 32.470130920410156 -2.615708589553833
0.0 0.0 0.0
0.0 0.0 0.0
0.0 0.0 0.0
3.6043648719787598 32.31364440917969 -2.59192156791687
3.8395743370056152 32.37718963623047 -2.5932676792144775
4.088834762573242 32.54340362548828 -2.602400541305542
0.0 0.0 0.0
0.0 0.0 0.0
4.786506652832031 32.55594253540039 -2.5914924144744873
5.037557125091553 32.684139251708984 -2.5967748165130615
0.0 0.0 0.0
5.525740623474121 32.81183624267578 -2.596137046813965
0.0 0.0 0.0
0.0 0.0 0.0
0.0 0.0 0.0
0.0 0.0 0.0
0.0 0.0 0.0
7.022863864898682 33.16204071044922 -2.5870368480682373
0.0 0.0 0.0
0.0 0.0 0.0
7.745260238647461 33.12745666503906 -2.562243938446045
8.035104751586914 33.319793701171875 -2.5692102909088135
8.357124328613281 33.62688446044922 -2.58500599861145
0.0 0.0 0.0
8.851390838623047 33.5948371887207 -2.5656049251556396
0.0 0.0 0.0
0.0 0.0 0.0
9.681106567382812 33.85895538330078 -2.5581605434417725
9.952574729919434 33.899009704589844 -2.5519700050354004
0.0 0.0 0.0
0.0 0.0 0.0
0.0 0.0 0.0
0.0 0.0 0.0
0.0 0.0 0.0
0.0 0.0 0.0
0.0 0.0 0.0
0.0 0.0 0.0
0.0 0.0 0.0
0.0 0.0 0.0
0.0 0.0 0.0
0.0 0.0 0.0
0.0 0.0 0.0
0.0 0.0 0.0
0.0 0.0 0.0
0.0 0.0 0.0
0.0 0.0 0.0
0.0 0.0 0.0
0.0 0.0 0.0
16.361730575561523 36.15189743041992 -2.4531099796295166
0.0 0.0 0.0
0.0 0.0 0.0
0.0 0.0 0.0
0.0 0.0 0.0
0.0 0.0 0.0
0.0 0.0 0.0
0.0 0.0 0.0
0.0 0.0 0.0
0.0 0.0 0.0
0.0 0.0 0.0
0.0 0.0 0.0
0.0 0.0 0.0
0.0 0.0 0.0
0.0 0.0 0.0
0.0 0.0 0.0
0.0 0.0 0.0
0.0 0.0 0.0
0.0 0.0 0.0
0.0 0.0 0.0
0.0 0.0 0.0
0.0 0.0 0.0
0.0 0.0 0.0
0.0 0.0 0.0
0.0 0.0 0.0
0.0 0.0 0.0
0.0 0.0 0.0
0.0 0.0 0.0
0.0 0.0 0.0
0.0 0.0 0.0
0.0 0.0 0.0
0.0 0.0 0.0
0.0 0.0 0.0
0.0 0.0 0.0
0.0 0.0 0.0
0.0 0.0 0.0
0.0 0.0 0.0
0.0 0.0 0.0
0.0 0.0 0.0
0.0 0.0 0.0
0.0 0.0 0.0
0.0 0.0 0.0
0.0 0.0 0.0
0.0 0.0 0.0
0.0 0.0 0.0
0.0 0.0 0.0
0.0 0.0 0.0
0.0 0.0 0.0
0.0 0.0 0.0
0.0 0.0 0.0
0.0 0.0 0.0
0.0 0.0 0.0
0.0 0.0 0.0
0.0 0.0 0.0
0.0 0.0 0.0
0.0 0.0 0.0
0.0 0.0 0.0
0.0 0.0 0.0
0.0 0.0 0.0
0.0 0.0 0.0
0.0 0.0 0.0
0.0 0.0 0.0
0.0 0.0 0.0
0.0 0.0 0.0
0.0 0.0 0.0
0.0 0.0 0.0
0.0 0.0 0.0
0.0 0.0 0.0
0.0 0.0 0.0
0.0 0.0 0.0
0.0 0.0 0.0
0.0 0.0 0.0
0.0 0.0 0.0
0.0 0.0 0.0
0.0 0.0 0.0
0.0 0.0 0.0
0.0 0.0 0.0
0.0 0.0 0.0
0.0 0.0 0.0
0.0 0.0 0.0
0.0 0.0 0.0
0.0 0.0 0.0
0.0 0.0 0.0
0.0 0.0 0.0
0.0 0.0 0.0
0.0 0.0 0.0
0.0 0.0 0.0
0.0 0.0 0.0
0.0 0.0 0.0
0.0 0.0 0.0
0.0 0.0 0.0
0.0 0.0 0.0
0.0 0.0 0.0
0.0 0.0 0.0
0.0 0.0 0.0
0.0 0.0 0.0
0.0 0.0 0.0
0.0 0.0 0.0
0.0 0.0 0.0
0.0 0.0 0.0
0.0 0.0 0.0
0.0 0.0 0.0
0.0 0.0 0.0
0.0 0.0 0.0
0.0 0.0 0.0
0.0 0.0 0.0
0.0 0.0 0.0
0.0 0.0 0.0
0.0 0.0 0.0
0.0 0.0 0.0
0.0 0.0 0.0
0.0 0.0 0.0
0.0 0.0 0.0
0.0 0.0 0.0
0.0 0.0 0.0
0.0 0.0 0.0
0.0 0.0 0.0
0.0 0.0 0.0
0.0 0.0 0.0
0.0 0.0 0.0
0.0 0.0 0.0
0.0 0.0 0.0
0.0 0.0 0.0
0.0 0.0 0.0
0.0 0.0 0.0
0.0 0.0 0.0
0.0 0.0 0.0
0.0 0.0 0.0
0.0 0.0 0.0
0.0 0.0 0.0
0.0 0.0 0.0
0.0 0.0 0.0
0.0 0.0 0.0
0.0 0.0 0.0
0.0 0.0 0.0
0.0 0.0 0.0
0.0 0.0 0.0
0.0 0.0 0.0
0.0 0.0 0.0
0.0 0.0 0.0
0.0 0.0 0.0
0.0 0.0 0.0
0.0 0.0 0.0
0.0 0.0 0.0
0.0 0.0 0.0
0.0 0.0 0.0
0.0 0.0 0.0
0.0 0.0 0.0
0.0 0.0 0.0
0.0 0.0 0.0
0.0 0.0 0.0
0.0 0.0 0.0
0.0 0.0 0.0
0.0 0.0 0.0
0.0 0.0 0.0
0.0 0.0 0.0
0.0 0.0 0.0
0.0 0.0 0.0
0.0 0.0 0.0
0.0 0.0 0.0
0.0 0.0 0.0
0.0 0.0 0.0
0.0 0.0 0.0
0.0 0.0 0.0
0.0 0.0 0.0
0.0 0.0 0.0
0.0 0.0 0.0
0.0 0.0 0.0
0.0 0.0 0.0
0.0 0.0 0.0
0.0 0.0 0.0
0.0 0.0 0.0
0.0 0.0 0.0
0.0 0.0 0.0
0.0 0.0 0.0
0.0 0.0 0.0
0.0 0.0 0.0
0.0 0.0 0.0
0.0 0.0 0.0
0.0 0.0 0.0
0.0 0.0 0.0
0.0 0.0 0.0
0.0 0.0 0.0
0.0 0.0 0.0
0.0 0.0 0.0
0.0 0.0 0.0
0.0 0.0 0.0
0.0 0.0 0.0
0.0 0.0 0.0
0.0 0.0 0.0
0.0 0.0 0.0
0.0 0.0 0.0
0.0 0.0 0.0
0.0 0.0 0.0
0.0 0.0 0.0
0.0 0.0 0.0
0.0 0.0 0.0
0.0 0.0 0.0
0.0 0.0 0.0
0.0 0.0 0.0
0.0 0.0 0.0
0.0 0.0 0.0
0.0 0.0 0.0
0.0 0.0 0.0
0.0 0.0 0.0
0.0 0.0 0.0
0.0 0.0 0.0
0.0 0.0 0.0
0.0 0.0 0.0
0.0 0.0 0.0
0.0 0.0 0.0
0.0 0.0 0.0
0.0 0.0 0.0
0.0 0.0 0.0
0.0 0.0 0.0
0.0 0.0 0.0
0.0 0.0 0.0
0.0 0.0 0.0
0.0 0.0 0.0
0.0 0.0 0.0
0.0 0.0 0.0
0.0 0.0 0.0
0.0 0.0 0.0
0.0 0.0 0.0
0.0 0.0 0.0
0.0 0.0 0.0
0.0 0.0 0.0
0.0 0.0 0.0
0.0 0.0 0.0
0.0 0.0 0.0
0.0 0.0 0.0
0.0 0.0 0.0
0.0 0.0 0.0
0.0 0.0 0.0
0.0 0.0 0.0
0.0 0.0 0.0
0.0 0.0 0.0
0.0 0.0 0.0
0.0 0.0 0.0
0.0 0.0 0.0
0.0 0.0 0.0
0.0 0.0 0.0
0.0 0.0 0.0
0.0 0.0 0.0
0.0 0.0 0.0
0.0 0.0 0.0
0.0 0.0 0.0
0.0 0.0 0.0
0.0 0.0 0.0
0.0 0.0 0.0
0.0 0.0 0.0
0.0 0.0 0.0
0.0 0.0 0.0
0.0 0.0 0.0
0.0 0.0 0.0
0.0 0.0 0.0
0.0 0.0 0.0
0.0 0.0 0.0
0.0 0.0 0.0
0.0 0.0 0.0
0.0 0.0 0.0
0.0 0.0 0.0
0.0 0.0 0.0
0.0 0.0 0.0
0.0 0.0 0.0
0.0 0.0 0.0
0.0 0.0 0.0
0.0 0.0 0.0
0.0 0.0 0.0
0.0 0.0 0.0
0.0 0.0 0.0
0.0 0.0 0.0
0.0 0.0 0.0
0.0 0.0 0.0
-6.0069260597229 31.98509407043457 -2.402282476425171
0.0 0.0 0.0
0.0 0.0 0.0
0.0 0.0 0.0
0.0 0.0 0.0
0.0 0.0 0.0
-4.607021808624268 31.826684951782227 -2.428992509841919
0.0 0.0 0.0
0.0 0.0 0.0
0.0 0.0 0.0
-3.7113161087036133 31.913908004760742 -2.4552528858184814
0.0 0.0 0.0
0.0 0.0 0.0
-3.0578994750976562 32.16957092285156 -2.4872496128082275
0.0 0.0 0.0
0.0 0.0 0.0
-2.36456298828125 31.933839797973633 -2.480419397354126
-2.133801221847534 31.82101821899414 -2.473841667175293
0.0 0.0 0.0
0.0 0.0 0.0
0.0 0.0 0.0
0.0 0.0 0.0
-1.0320144891738892 32.198020935058594 -2.51393723487854
-0.8020422458648682 32.11484146118164 -2.5086183547973633
-0.578068733215332 32.0883674621582 -2.507827043533325
-0.35260775685310364 31.888986587524414 -2.4936342239379883
-0.13314266502857208 32.46689987182617 -2.540362596511841
0.09121991693973541 32.02695846557617 -2.506234645843506
0.0 0.0 0.0
0.0 0.0 0.0
0.770537793636322 32.31393814086914 -2.528575897216797
0.0 0.0 0.0
1.2262945175170898 32.467552185058594 -2.54012393951416
0.0 0.0 0.0
0.0 0.0 0.0
1.9057929515838623 32.40402603149414 -2.531630754470825
2.1513681411743164 32.69713592529297 -2.5535995960235596
0.0 0.0 0.0
2.5939791202545166 32.5131721496582 -2.5349345207214355
2.8303310871124268 32.56803512573242 -2.5366904735565186
0.0 0.0 0.0
3.2833259105682373 32.52610397338867 -2.5288310050964355
3.5438246726989746 32.82426834106445 -2.5491621494293213
3.8039519786834717 33.07395935058594 -2.564584970474243
4.047937393188477 33.12784957885742 -2.5648446083068848
4.253612041473389 32.90617752075195 -2.543970823287964
4.476627826690674 32.83380126953125 -2.5347931385040283
4.720431804656982 32.91030502319336 -2.536698341369629
5.010967254638672 33.285491943359375 -2.5605080127716064
0.0 0.0 0.0
5.456954479217529 33.08620834350586 -2.5352818965911865
0.0 0.0 0.0
0.0 0.0 0.0
0.0 0.0 0.0
6.441430568695068 33.26454162597656 -2.5268523693084717
0.0 0.0 0.0
0.0 0.0 0.0
7.2932963371276855 33.843955993652344 -2.5524070262908936
0.0 0.0 0.0
0.0 0.0 0.0
0.0 0.0 0.0
0.0 0.0 0.0
8.655025482177734 34.30594253540039 -2.549943447113037
0.0 0.0 0.0
9.051383018493652 33.882904052734375 -2.501572370529175
0.0 0.0 0.0
9.688494682312012 34.32807159423828 -2.5175061225891113
0.0 0.0 0.0
10.218022346496582 34.371456146240234 -2.502105951309204
0.0 0.0 0.0
10.758228302001953 34.41257095336914 -2.4860033988952637
0.0 0.0 0.0
0.0 0.0 0.0
0.0 0.0 0.0
0.0 0.0 0.0
0.0 0.0 0.0
0.0 0.0 0.0
0.0 0.0 0.0
0.0 0.0 0.0
0.0 0.0 0.0
0.0 0.0 0.0
0.0 0.0 0.0
0.0 0.0 0.0
15.028541564941406 36.184242248535156 -2.4534084796905518
0.0 0.0 0.0
15.722493171691895 36.418235778808594 -2.440648078918457
0.0 0.0 0.0
0.0 0.0 0.0
0.0 0.0 0.0
0.0 0.0 0.0
0.0 0.0 0.0
0.0 0.0 0.0
0.0 0.0 0.0
0.0 0.0 0.0
0.0 0.0 0.0
0.0 0.0 0.0
0.0 0.0 0.0
0.0 0.0 0.0
0.0 0.0 0.0
0.0 0.0 0.0
0.0 0.0 0.0
0.0 0.0 0.0
0.0 0.0 0.0
0.0 0.0 0.0
0.0 0.0 0.0
0.0 0.0 0.0
0.0 0.0 0.0
0.0 0.0 0.0
0.0 0.0 0.0
0.0 0.0 0.0
0.0 0.0 0.0
0.0 0.0 0.0
0.0 0.0 0.0
0.0 0.0 0.0
0.0 0.0 0.0
0.0 0.0 0.0
0.0 0.0 0.0
0.0 0.0 0.0
0.0 0.0 0.0
0.0 0.0 0.0
0.0 0.0 0.0
0.0 0.0 0.0
0.0 0.0 0.0
0.0 0.0 0.0
0.0 0.0 0.0
0.0 0.0 0.0
0.0 0.0 0.0
0.0 0.0 0.0
0.0 0.0 0.0
0.0 0.0 0.0
0.0 0.0 0.0
0.0 0.0 0.0
0.0 0.0 0.0
0.0 0.0 0.0
0.0 0.0 0.0
0.0 0.0 0.0
0.0 0.0 0.0
0.0 0.0 0.0
0.0 0.0 0.0
0.0 0.0 0.0
0.0 0.0 0.0
0.0 0.0 0.0
0.0 0.0 0.0
0.0 0.0 0.0
0.0 0.0 0.0
0.0 0.0 0.0
0.0 0.0 0.0
0.0 0.0 0.0
0.0 0.0 0.0
0.0 0.0 0.0
0.0 0.0 0.0
0.0 0.0 0.0
0.0 0.0 0.0
0.0 0.0 0.0
0.0 0.0 0.0
0.0 0.0 0.0
0.0 0.0 0.0
0.0 0.0 0.0
0.0 0.0 0.0
0.0 0.0 0.0
0.0 0.0 0.0
0.0 0.0 0.0
0.0 0.0 0.0
0.0 0.0 0.0
0.0 0.0 0.0
0.0 0.0 0.0
0.0 0.0 0.0
0.0 0.0 0.0
0.0 0.0 0.0
0.0 0.0 0.0
0.0 0.0 0.0
0.0 0.0 0.0
0.0 0.0 0.0
0.0 0.0 0.0
0.0 0.0 0.0
0.0 0.0 0.0
0.0 0.0 0.0
0.0 0.0 0.0
0.0 0.0 0.0
0.0 0.0 0.0
0.0 0.0 0.0
0.0 0.0 0.0
0.0 0.0 0.0
0.0 0.0 0.0
0.0 0.0 0.0
0.0 0.0 0.0
0.0 0.0 0.0
0.0 0.0 0.0
0.0 0.0 0.0
0.0 0.0 0.0
0.0 0.0 0.0
0.0 0.0 0.0
0.0 0.0 0.0
0.0 0.0 0.0
0.0 0.0 0.0
0.0 0.0 0.0
0.0 0.0 0.0
0.0 0.0 0.0
0.0 0.0 0.0
0.0 0.0 0.0
0.0 0.0 0.0
0.0 0.0 0.0
0.0 0.0 0.0
0.0 0.0 0.0
0.0 0.0 0.0
0.0 0.0 0.0
0.0 0.0 0.0
0.0 0.0 0.0
0.0 0.0 0.0
0.0 0.0 0.0
0.0 0.0 0.0
0.0 0.0 0.0
0.0 0.0 0.0
0.0 0.0 0.0
0.0 0.0 0.0
0.0 0.0 0.0
0.0 0.0 0.0
0.0 0.0 0.0
0.0 0.0 0.0
0.0 0.0 0.0
0.0 0.0 0.0
0.0 0.0 0.0
0.0 0.0 0.0
0.0 0.0 0.0
0.0 0.0 0.0
0.0 0.0 0.0
0.0 0.0 0.0
0.0 0.0 0.0
0.0 0.0 0.0
0.0 0.0 0.0
0.0 0.0 0.0
0.0 0.0 0.0
0.0 0.0 0.0
0.0 0.0 0.0
0.0 0.0 0.0
0.0 0.0 0.0
0.0 0.0 0.0
0.0 0.0 0.0
0.0 0.0 0.0
0.0 0.0 0.0
0.0 0.0 0.0
0.0 0.0 0.0
0.0 0.0 0.0
0.0 0.0 0.0
0.0 0.0 0.0
0.0 0.0 0.0
0.0 0.0 0.0
0.0 0.0 0.0
0.0 0.0 0.0
0.0 0.0 0.0
0.0 0.0 0.0
0.0 0.0 0.0
0.0 0.0 0.0
0.0 0.0 0.0
0.0 0.0 0.0
0.0 0.0 0.0
0.0 0.0 0.0
0.0 0.0 0.0
0.0 0.0 0.0
0.0 0.0 0.0
0.0 0.0 0.0
0.0 0.0 0.0
0.0 0.0 0.0
0.0 0.0 0.0
0.0 0.0 0.0
0.0 0.0 0.0
0.0 0.0 0.0
0.0 0.0 0.0
0.0 0.0 0.0
0.0 0.0 0.0
0.0 0.0 0.0
0.0 0.0 0.0
0.0 0.0 0.0
0.0 0.0 0.0
0.0 0.0 0.0
0.0 0.0 0.0
0.0 0.0 0.0
0.0 0.0 0.0
0.0 0.0 0.0
0.0 0.0 0.0
0.0 0.0 0.0
0.0 0.0 0.0
0.0 0.0 0.0
0.0 0.0 0.0
0.0 0.0 0.0
0.0 0.0 0.0
0.0 0.0 0.0
0.0 0.0 0.0
0.0 0.0 0.0
0.0 0.0 0.0
0.0 0.0 0.0
0.0 0.0 0.0
0.0 0.0 0.0
0.0 0.0 0.0
0.0 0.0 0.0
0.0 0.0 0.0
0.0 0.0 0.0
0.0 0.0 0.0
0.0 0.0 0.0
0.0 0.0 0.0
0.0 0.0 0.0
0.0 0.0 0.0
0.0 0.0 0.0
0.0 0.0 0.0
0.0 0.0 0.0
0.0 0.0 0.0
0.0 0.0 0.0
0.0 0.0 0.0
0.0 0.0 0.0
0.0 0.0 0.0
0.0 0.0 0.0
0.0 0.0 0.0
0.0 0.0 0.0
0.0 0.0 0.0
0.0 0.0 0.0
0.0 0.0 0.0
0.0 0.0 0.0
0.0 0.0 0.0
0.0 0.0 0.0
0.0 0.0 0.0
0.0 0.0 0.0
0.0 0.0 0.0
0.0 0.0 0.0
0.0 0.0 0.0
0.0 0.0 0.0
0.0 0.0 0.0
0.0 0.0 0.0
0.0 0.0 0.0
0.0 0.0 0.0
0.0 0.0 0.0
0.0 0.0 0.0
0.0 0.0 0.0
0.0 0.0 0.0
0.0 0.0 0.0
0.0 0.0 0.0
0.0 0.0 0.0
0.0 0.0 0.0
0.0 0.0 0.0
0.0 0.0 0.0
0.0 0.0 0.0
0.0 0.0 0.0
0.0 0.0 0.0
0.0 0.0 0.0
0.0 0.0 0.0
0.0 0.0 0.0
0.0 0.0 0.0
0.0 0.0 0.0
0.0 0.0 0.0
0.0 0.0 0.0
0.0 0.0 0.0
0.0 0.0 0.0
0.0 0.0 0.0
0.0 0.0 0.0
0.0 0.0 0.0
0.0 0.0 0.0
0.0 0.0 0.0
-7.567689895629883 32.16366195678711 -2.288156509399414
0.0 0.0 0.0
0.0 0.0 0.0
0.0 0.0 0.0
0.0 0.0 0.0
0.0 0.0 0.0
0.0 0.0 0.0
-5.948083400726318 32.306602478027344 -2.3506569862365723
0.0 0.0 0.0
-5.480137825012207 32.281272888183594 -2.3607797622680664
0.0 0.0 0.0
0.0 0.0 0.0
0.0 0.0 0.0
0.0 0.0 0.0
0.0 0.0 0.0
0.0 0.0 0.0
-3.844144105911255 32.061553955078125 -2.3817784786224365
0.0 0.0 0.0
0.0 0.0 0.0
0.0 0.0 0.0
0.0 0.0 0.0
0.0 0.0 0.0
0.0 0.0 0.0
0.0 0.0 0.0
-2.046006441116333 32.22337341308594 -2.421099901199341
0.0 0.0 0.0
-1.6037273406982422 32.37654113769531 -2.43833065032959
-1.3882890939712524 32.713783264160156 -2.4657092094421387
-1.1408054828643799 32.161956787109375 -2.425258159637451
-0.9331849217414856 32.7452392578125 -2.470525026321411
0.0 0.0 0.0
-0.4810040593147278 32.99235916137695 -2.4921109676361084
-0.24347595870494843 32.44955062866211 -2.4519779682159424
-0.017602937296032906 32.54004669189453 -2.458754062652588
0.0 0.0 0.0
0.4352082908153534 32.560516357421875 -2.460533618927002
0.0 0.0 0.0
0.8952897787094116 32.812217712402344 -2.4798057079315186
0.0 0.0 0.0
0.0 0.0 0.0
1.5837584733963013 32.78657150268555 -2.474889039993286
0.0 0.0 0.0
0.0 0.0 0.0
0.0 0.0 0.0
0.0 0.0 0.0
2.776669979095459 33.3101692199707 -2.5063254833221436
2.9894909858703613 33.0807991027832 -2.4871888160705566
0.0 0.0 0.0
0.0 0.0 0.0
3.681445837020874 32.996307373046875 -2.4723141193389893
3.91434383392334 33.00125503540039 -2.4695401191711426
0.0 0.0 0.0
4.410672664642334 33.22624969482422 -2.480381727218628
0.0 0.0 0.0
0.0 0.0 0.0
5.164403438568115 33.50141906738281 -2.487365245819092
0.0 0.0 0.0
0.0 0.0 0.0
0.0 0.0 0.0
0.0 0.0 0.0
0.0 0.0 0.0
0.0 0.0 0.0
0.0 0.0 0.0
0.0 0.0 0.0
0.0 0.0 0.0
0.0 0.0 0.0
0.0 0.0 0.0
0.0 0.0 0.0
0.0 0.0 0.0
8.819722175598145 34.44755554199219 -2.4720571041107178
0.0 0.0 0.0
0.0 0.0 0.0
0.0 0.0 0.0
0.0 0.0 0.0
0.0 0.0 0.0
0.0 0.0 0.0
0.0 0.0 0.0
0.0 0.0 0.0
0.0 0.0 0.0
0.0 0.0 0.0
0.0 0.0 0.0
12.307169914245605 35.42243576049805 -2.4290060997009277
0.0 0.0 0.0
0.0 0.0 0.0
0.0 0.0 0.0
0.0 0.0 0.0
0.0 0.0 0.0
0.0 0.0 0.0
0.0 0.0 0.0
0.0 0.0 0.0
0.0 0.0 0.0
0.0 0.0 0.0
16.164011001586914 37.0825080871582 -2.4002084732055664
0.0 0.0 0.0
0.0 0.0 0.0
17.177711486816406 37.25619888305664 -2.366093635559082
0.0 0.0 0.0
0.0 0.0 0.0
0.0 0.0 0.0
0.0 0.0 0.0
0.0 0.0 0.0
0.0 0.0 0.0
0.0 0.0 0.0
0.0 0.0 0.0
0.0 0.0 0.0
0.0 0.0 0.0
0.0 0.0 0.0
0.0 0.0 0.0
0.0 0.0 0.0
0.0 0.0 0.0
0.0 0.0 0.0
0.0 0.0 0.0
0.0 0.0 0.0
0.0 0.0 0.0
0.0 0.0 0.0
0.0 0.0 0.0
0.0 0.0 0.0
0.0 0.0 0.0
0.0 0.0 0.0
0.0 0.0 0.0
0.0 0.0 0.0
0.0 0.0 0.0
0.0 0.0 0.0
0.0 0.0 0.0
0.0 0.0 0.0
0.0 0.0 0.0
0.0 0.0 0.0
0.0 0.0 0.0
0.0 0.0 0.0
0.0 0.0 0.0
0.0 0.0 0.0
0.0 0.0 0.0
0.0 0.0 0.0
0.0 0.0 0.0
0.0 0.0 0.0
0.0 0.0 0.0
0.0 0.0 0.0
0.0 0.0 0.0
0.0 0.0 0.0
0.0 0.0 0.0
0.0 0.0 0.0
0.0 0.0 0.0
0.0 0.0 0.0
0.0 0.0 0.0
0.0 0.0 0.0
0.0 0.0 0.0
0.0 0.0 0.0
0.0 0.0 0.0
0.0 0.0 0.0
0.0 0.0 0.0
0.0 0.0 0.0
0.0 0.0 0.0
0.0 0.0 0.0
0.0 0.0 0.0
0.0 0.0 0.0
0.0 0.0 0.0
0.0 0.0 0.0
0.0 0.0 0.0
0.0 0.0 0.0
0.0 0.0 0.0
0.0 0.0 0.0
0.0 0.0 0.0
0.0 0.0 0.0
0.0 0.0 0.0
0.0 0.0 0.0
0.0 0.0 0.0
0.0 0.0 0.0
0.0 0.0 0.0
0.0 0.0 0.0
0.0 0.0 0.0
0.0 0.0 0.0
0.0 0.0 0.0
0.0 0.0 0.0
0.0 0.0 0.0
0.0 0.0 0.0
0.0 0.0 0.0
0.0 0.0 0.0
0.0 0.0 0.0
0.0 0.0 0.0
0.0 0.0 0.0
0.0 0.0 0.0
0.0 0.0 0.0
0.0 0.0 0.0
0.0 0.0 0.0
0.0 0.0 0.0
0.0 0.0 0.0
0.0 0.0 0.0
0.0 0.0 0.0
0.0 0.0 0.0
0.0 0.0 0.0
0.0 0.0 0.0
0.0 0.0 0.0
0.0 0.0 0.0
0.0 0.0 0.0
0.0 0.0 0.0
0.0 0.0 0.0
0.0 0.0 0.0
0.0 0.0 0.0
0.0 0.0 0.0
0.0 0.0 0.0
0.0 0.0 0.0
0.0 0.0 0.0
0.0 0.0 0.0
0.0 0.0 0.0
0.0 0.0 0.0
0.0 0.0 0.0
0.0 0.0 0.0
0.0 0.0 0.0
0.0 0.0 0.0
0.0 0.0 0.0
0.0 0.0 0.0
0.0 0.0 0.0
0.0 0.0 0.0
0.0 0.0 0.0
0.0 0.0 0.0
0.0 0.0 0.0
0.0 0.0 0.0
0.0 0.0 0.0
0.0 0.0 0.0
0.0 0.0 0.0
0.0 0.0 0.0
0.0 0.0 0.0
0.0 0.0 0.0
0.0 0.0 0.0
0.0 0.0 0.0
0.0 0.0 0.0
0.0 0.0 0.0
0.0 0.0 0.0
0.0 0.0 0.0
0.0 0.0 0.0
0.0 0.0 0.0
0.0 0.0 0.0
0.0 0.0 0.0
0.0 0.0 0.0
0.0 0.0 0.0
0.0 0.0 0.0
0.0 0.0 0.0
0.0 0.0 0.0
0.0 0.0 0.0
0.0 0.0 0.0
0.0 0.0 0.0
0.0 0.0 0.0
0.0 0.0 0.0
0.0 0.0 0.0
0.0 0.0 0.0
0.0 0.0 0.0
0.0 0.0 0.0
0.0 0.0 0.0
0.0 0.0 0.0
0.0 0.0 0.0
0.0 0.0 0.0
0.0 0.0 0.0
0.0 0.0 0.0
0.0 0.0 0.0
0.0 0.0 0.0
0.0 0.0 0.0
0.0 0.0 0.0
0.0 0.0 0.0
0.0 0.0 0.0
0.0 0.0 0.0
0.0 0.0 0.0
0.0 0.0 0.0
0.0 0.0 0.0
0.0 0.0 0.0
0.0 0.0 0.0
0.0 0.0 0.0
0.0 0.0 0.0
0.0 0.0 0.0
0.0 0.0 0.0
0.0 0.0 0.0
0.0 0.0 0.0
0.0 0.0 0.0
0.0 0.0 0.0
0.0 0.0 0.0
0.0 0.0 0.0
0.0 0.0 0.0
0.0 0.0 0.0
0.0 0.0 0.0
0.0 0.0 0.0
0.0 0.0 0.0
0.0 0.0 0.0
0.0 0.0 0.0
0.0 0.0 0.0
0.0 0.0 0.0
0.0 0.0 0.0
0.0 0.0 0.0
0.0 0.0 0.0
0.0 0.0 0.0
0.0 0.0 0.0
0.0 0.0 0.0
0.0 0.0 0.0
0.0 0.0 0.0
0.0 0.0 0.0
0.0 0.0 0.0
0.0 0.0 0.0
0.0 0.0 0.0
0.0 0.0 0.0
0.0 0.0 0.0
0.0 0.0 0.0
0.0 0.0 0.0
0.0 0.0 0.0
0.0 0.0 0.0
0.0 0.0 0.0
0.0 0.0 0.0
0.0 0.0 0.0
0.0 0.0 0.0
0.0 0.0 0.0
0.0 0.0 0.0
0.0 0.0 0.0
0.0 0.0 0.0
0.0 0.0 0.0
0.0 0.0 0.0
0.0 0.0 0.0
0.0 0.0 0.0
0.0 0.0 0.0
0.0 0.0 0.0
0.0 0.0 0.0
0.0 0.0 0.0
0.0 0.0 0.0
0.0 0.0 0.0
0.0 0.0 0.0
0.0 0.0 0.0
0.0 0.0 0.0
0.0 0.0 0.0
0.0 0.0 0.0
0.0 0.0 0.0
0.0 0.0 0.0
0.0 0.0 0.0
0.0 0.0 0.0
0.0 0.0 0.0
0.0 0.0 0.0
0.0 0.0 0.0
0.0 0.0 0.0
0.0 0.0 0.0
0.0 0.0 0.0
0.0 0.0 0.0
0.0 0.0 0.0
0.0 0.0 0.0
0.0 0.0 0.0
0.0 0.0 0.0
0.0 0.0 0.0
0.0 0.0 0.0
0.0 0.0 0.0
0.0 0.0 0.0
0.0 0.0 0.0
0.0 0.0 0.0
0.0 0.0 0.0
0.0 0.0 0.0
0.0 0.0 0.0
0.0 0.0 0.0
0.0 0.0 0.0
0.0 0.0 0.0
0.0 0.0 0.0
0.0 0.0 0.0
0.0 0.0 0.0
0.0 0.0 0.0
0.0 0.0 0.0
0.0 0.0 0.0
0.0 0.0 0.0
0.0 0.0 0.0
0.0 0.0 0.0
0.0 0.0 0.0
0.0 0.0 0.0
0.0 0.0 0.0
0.0 0.0 0.0
0.0 0.0 0.0
0.0 0.0 0.0
0.0 0.0 0.0
-6.086181163787842 32.41006088256836 -2.2712628841400146
0.0 0.0 0.0
-5.683725357055664 32.79824447631836 -2.310776948928833
0.0 0.0 0.0
0.0 0.0 0.0
0.0 0.0 0.0
0.0 0.0 0.0
0.0 0.0 0.0
0.0 0.0 0.0
-4.040095806121826 32.75065612792969 -2.343714475631714
0.0 0.0 0.0
0.0 0.0 0.0
0.0 0.0 0.0
0.0 0.0 0.0
0.0 0.0 0.0
0.0 0.0 0.0
0.0 0.0 0.0
0.0 0.0 0.0
0.0 0.0 0.0
0.0 0.0 0.0
0.0 0.0 0.0
0.0 0.0 0.0
-1.0484505891799927 32.72500228881836 -2.3792357444763184
0.0 0.0 0.0
-0.5892703533172607 32.767356872558594 -2.3857474327087402
-0.3641381561756134 33.023834228515625 -2.4047985076904297
-0.13403911888599396 32.92812728881836 -2.3983209133148193
0.09527280181646347 33.02561569213867 -2.4060308933258057
0.32305917143821716 32.829322814941406 -2.3924520015716553
0.5599009394645691 33.10274887084961 -2.4132022857666016
0.0 0.0 0.0
0.0 0.0 0.0
0.0 0.0 0.0
1.4822043180465698 33.10582733154297 -2.4107465744018555
0.0 0.0 0.0
0.0 0.0 0.0
2.185040235519409 33.20010757446289 -2.4137895107269287
0.0 0.0 0.0
0.0 0.0 0.0
2.8983545303344727 33.341609954833984 -2.419431209564209
3.153013229370117 33.56532287597656 -2.4331862926483154
0.0 0.0 0.0
3.617570400238037 33.49947738647461 -2.4229860305786133
0.0 0.0 0.0
4.1072916984558105 33.60847854614258 -2.425837516784668
4.339685916900635 33.57179641723633 -2.419853448867798
4.596268177032471 33.711097717285156 -2.4260547161102295
0.0 0.0 0.0
0.0 0.0 0.0
0.0 0.0 0.0
0.0 0.0 0.0
0.0 0.0 0.0
0.0 0.0 0.0
6.327364444732666 33.94441604614258 -2.412541389465332
0.0 0.0 0.0
6.95408296585083 34.60615539550781 -2.449130058288574
7.122063159942627 34.20652389526367 -2.4148201942443848
7.447053909301758 34.56058883666992 -2.43383526802063
0.0 0.0 0.0
0.0 0.0 0.0
8.298060417175293 34.93333053588867 -2.441498279571533
0.0 0.0 0.0
0.0 0.0 0.0
0.0 0.0 0.0
0.0 0.0 0.0
0.0 0.0 0.0
0.0 0.0 0.0
0.0 0.0 0.0
0.0 0.0 0.0
0.0 0.0 0.0
0.0 0.0 0.0
0.0 0.0 0.0
0.0 0.0 0.0
0.0 0.0 0.0
0.0 0.0 0.0
0.0 0.0 0.0
0.0 0.0 0.0
0.0 0.0 0.0
0.0 0.0 0.0
0.0 0.0 0.0
0.0 0.0 0.0
0.0 0.0 0.0
0.0 0.0 0.0
0.0 0.0 0.0
0.0 0.0 0.0
0.0 0.0 0.0
0.0 0.0 0.0
0.0 0.0 0.0
0.0 0.0 0.0
0.0 0.0 0.0
0.0 0.0 0.0
0.0 0.0 0.0
0.0 0.0 0.0
0.0 0.0 0.0
0.0 0.0 0.0
0.0 0.0 0.0
0.0 0.0 0.0
0.0 0.0 0.0
0.0 0.0 0.0
0.0 0.0 0.0
0.0 0.0 0.0
0.0 0.0 0.0
0.0 0.0 0.0
0.0 0.0 0.0
0.0 0.0 0.0
0.0 0.0 0.0
0.0 0.0 0.0
0.0 0.0 0.0
0.0 0.0 0.0
0.0 0.0 0.0
0.0 0.0 0.0
0.0 0.0 0.0
0.0 0.0 0.0
0.0 0.0 0.0
0.0 0.0 0.0
0.0 0.0 0.0
0.0 0.0 0.0
0.0 0.0 0.0
0.0 0.0 0.0
0.0 0.0 0.0
0.0 0.0 0.0
0.0 0.0 0.0
0.0 0.0 0.0
0.0 0.0 0.0
0.0 0.0 0.0
0.0 0.0 0.0
0.0 0.0 0.0
0.0 0.0 0.0
0.0 0.0 0.0
0.0 0.0 0.0
0.0 0.0 0.0
0.0 0.0 0.0
0.0 0.0 0.0
0.0 0.0 0.0
0.0 0.0 0.0
0.0 0.0 0.0
0.0 0.0 0.0
0.0 0.0 0.0
0.0 0.0 0.0
0.0 0.0 0.0
0.0 0.0 0.0
0.0 0.0 0.0
0.0 0.0 0.0
0.0 0.0 0.0
0.0 0.0 0.0
0.0 0.0 0.0
0.0 0.0 0.0
0.0 0.0 0.0
0.0 0.0 0.0
0.0 0.0 0.0
0.0 0.0 0.0
0.0 0.0 0.0
0.0 0.0 0.0
0.0 0.0 0.0
0.0 0.0 0.0
0.0 0.0 0.0
0.0 0.0 0.0
0.0 0.0 0.0
0.0 0.0 0.0
0.0 0.0 0.0
0.0 0.0 0.0
0.0 0.0 0.0
0.0 0.0 0.0
0.0 0.0 0.0
0.0 0.0 0.0
0.0 0.0 0.0
0.0 0.0 0.0
0.0 0.0 0.0
0.0 0.0 0.0
0.0 0.0 0.0
0.0 0.0 0.0
0.0 0.0 0.0
0.0 0.0 0.0
0.0 0.0 0.0
0.0 0.0 0.0
0.0 0.0 0.0
0.0 0.0 0.0
0.0 0.0 0.0
0.0 0.0 0.0
0.0 0.0 0.0
0.0 0.0 0.0
0.0 0.0 0.0
0.0 0.0 0.0
0.0 0.0 0.0
0.0 0.0 0.0
0.0 0.0 0.0
0.0 0.0 0.0
0.0 0.0 0.0
0.0 0.0 0.0
0.0 0.0 0.0
0.0 0.0 0.0
0.0 0.0 0.0
0.0 0.0 0.0
0.0 0.0 0.0
0.0 0.0 0.0
0.0 0.0 0.0
0.0 0.0 0.0
0.0 0.0 0.0
0.0 0.0 0.0
0.0 0.0 0.0
0.0 0.0 0.0
0.0 0.0 0.0
0.0 0.0 0.0
0.0 0.0 0.0
0.0 0.0 0.0
0.0 0.0 0.0
0.0 0.0 0.0
0.0 0.0 0.0
0.0 0.0 0.0
0.0 0.0 0.0
0.0 0.0 0.0
0.0 0.0 0.0
0.0 0.0 0.0
0.0 0.0 0.0
0.0 0.0 0.0
0.0 0.0 0.0
0.0 0.0 0.0
0.0 0.0 0.0
0.0 0.0 0.0
0.0 0.0 0.0
0.0 0.0 0.0
0.0 0.0 0.0
0.0 0.0 0.0
0.0 0.0 0.0
0.0 0.0 0.0
0.0 0.0 0.0
0.0 0.0 0.0
0.0 0.0 0.0
0.0 0.0 0.0
0.0 0.0 0.0
0.0 0.0 0.0
0.0 0.0 0.0
0.0 0.0 0.0
0.0 0.0 0.0
0.0 0.0 0.0
0.0 0.0 0.0
0.0 0.0 0.0
0.0 0.0 0.0
0.0 0.0 0.0
0.0 0.0 0.0
0.0 0.0 0.0
0.0 0.0 0.0
0.0 0.0 0.0
0.0 0.0 0.0
0.0 0.0 0.0
0.0 0.0 0.0
0.0 0.0 0.0
0.0 0.0 0.0
0.0 0.0 0.0
0.0 0.0 0.0
0.0 0.0 0.0
0.0 0.0 0.0
0.0 0.0 0.0
0.0 0.0 0.0
0.0 0.0 0.0
0.0 0.0 0.0
0.0 0.0 0.0
0.0 0.0 0.0
0.0 0.0 0.0
0.0 0.0 0.0
0.0 0.0 0.0
0.0 0.0 0.0
0.0 0.0 0.0
0.0 0.0 0.0
0.0 0.0 0.0
0.0 0.0 0.0
0.0 0.0 0.0
0.0 0.0 0.0
0.0 0.0 0.0
0.0 0.0 0.0
0.0 0.0 0.0
0.0 0.0 0.0
0.0 0.0 0.0
0.0 0.0 0.0
0.0 0.0 0.0
0.0 0.0 0.0
0.0 0.0 0.0
0.0 0.0 0.0
0.0 0.0 0.0
0.0 0.0 0.0
0.0 0.0 0.0
0.0 0.0 0.0
0.0 0.0 0.0
0.0 0.0 0.0
0.0 0.0 0.0
0.0 0.0 0.0
0.0 0.0 0.0
0.0 0.0 0.0
0.0 0.0 0.0
0.0 0.0 0.0
0.0 0.0 0.0
0.0 0.0 0.0
0.0 0.0 0.0
0.0 0.0 0.0
0.0 0.0 0.0
0.0 0.0 0.0
0.0 0.0 0.0
0.0 0.0 0.0
0.0 0.0 0.0
0.0 0.0 0.0
0.0 0.0 0.0
0.0 0.0 0.0
0.0 0.0 0.0
0.0 0.0 0.0
0.0 0.0 0.0
0.0 0.0 0.0
0.0 0.0 0.0
0.0 0.0 0.0
0.0 0.0 0.0
0.0 0.0 0.0
0.0 0.0 0.0
0.0 0.0 0.0
0.0 0.0 0.0
0.0 0.0 0.0
0.0 0.0 0.0
0.0 0.0 0.0
0.0 0.0 0.0
0.0 0.0 0.0
0.0 0.0 0.0
0.0 0.0 0.0
0.0 0.0 0.0
0.0 0.0 0.0
0.0 0.0 0.0
0.0 0.0 0.0
0.0 0.0 0.0
0.0 0.0 0.0
0.0 0.0 0.0
0.0 0.0 0.0
0.0 0.0 0.0
0.0 0.0 0.0
0.0 0.0 0.0
0.0 0.0 0.0
0.0 0.0 0.0
0.0 0.0 0.0
0.0 0.0 0.0
0.0 0.0 0.0
0.0 0.0 0.0
0.0 0.0 0.0
0.0 0.0 0.0
0.0 0.0 0.0
0.0 0.0 0.0
0.0 0.0 0.0
0.0 0.0 0.0
0.0 0.0 0.0
0.0 0.0 0.0
0.0 0.0 0.0
0.0 0.0 0.0
0.0 0.0 0.0
0.0 0.0 0.0
0.0 0.0 0.0
0.0 0.0 0.0
0.0 0.0 0.0
0.0 0.0 0.0
0.0 0.0 0.0
0.0 0.0 0.0
0.0 0.0 0.0
0.0 0.0 0.0
0.0 0.0 0.0
0.0 0.0 0.0
0.0 0.0 0.0
0.0 0.0 0.0
-6.59939432144165 33.214622497558594 -2.234013319015503
0.0 0.0 0.0
0.0 0.0 0.0
0.0 0.0 0.0
0.0 0.0 0.0
0.0 0.0 0.0
0.0 0.0 0.0
-4.924543857574463 33.2202033996582 -2.27445650100708
0.0 0.0 0.0
0.0 0.0 0.0
0.0 0.0 0.0
0.0 0.0 0.0
-3.754112720489502 33.31168746948242 -2.3029186725616455
0.0 0.0 0.0
0.0 0.0 0.0
0.0 0.0 0.0
0.0 0.0 0.0
0.0 0.0 0.0
-2.3249974250793457 32.990665435791016 -2.2996015548706055
0.0 0.0 0.0
-1.8695124387741089 33.085514068603516 -2.3106329441070557
-1.6376148462295532 33.0664176940918 -2.310924768447876
0.0 0.0 0.0
0.0 0.0 0.0
-0.9413967132568359 33.01897048950195 -2.31317138671875
0.0 0.0 0.0
-0.4855174422264099 33.28976058959961 -2.333838939666748
0.0 0.0 0.0
-0.01826299913227558 33.472381591796875 -2.3486859798431396
0.21326668560504913 33.26899719238281 -2.3355917930603027
0.0 0.0 0.0
0.0 0.0 0.0
0.9106243252754211 33.37818145751953 -2.342341661453247
0.0 0.0 0.0
1.3827189207077026 33.45176696777344 -2.3471319675445557
1.6200227737426758 33.53875732421875 -2.3523237705230713
1.860390067100525 33.65523147583008 -2.3590247631073
0.0 0.0 0.0
2.337796926498413 33.69998550415039 -2.3595387935638428
2.58404278755188 33.8384895324707 -2.368102550506592
2.844172716140747 34.118934631347656 -2.3860106468200684
3.0624001026153564 33.889034271240234 -2.367410659790039
0.0 0.0 0.0
3.544196605682373 33.90919876098633 -2.364067554473877
0.0 0.0 0.0
4.042793273925781 34.08942413330078 -2.371894121170044
4.265904426574707 33.948707580566406 -2.3585963249206543
4.510840892791748 33.98424530029297 -2.357663154602051
4.782553672790527 34.17570495605469 -2.367579221725464
0.0 0.0 0.0
0.0 0.0 0.0
5.551621913909912 34.42374801635742 -2.3733952045440674
5.782114028930664 34.330955505371094 -2.3624138832092285
0.0 0.0 0.0
0.0 0.0 0.0
6.58416223526001 34.64009094238281 -2.3701364994049072
0.0 0.0 0.0
0.0 0.0 0.0
0.0 0.0 0.0
0.0 0.0 0.0
0.0 0.0 0.0
0.0 0.0 0.0
0.0 0.0 0.0
0.0 0.0 0.0
0.0 0.0 0.0
0.0 0.0 0.0
0.0 0.0 0.0
0.0 0.0 0.0
0.0 0.0 0.0
0.0 0.0 0.0
0.0 0.0 0.0
0.0 0.0 0.0
0.0 0.0 0.0
0.0 0.0 0.0
0.0 0.0 0.0
0.0 0.0 0.0
0.0 0.0 0.0
0.0 0.0 0.0
0.0 0.0 0.0
0.0 0.0 0.0
0.0 0.0 0.0
0.0 0.0 0.0
0.0 0.0 0.0
0.0 0.0 0.0
0.0 0.0 0.0
0.0 0.0 0.0
16.160472869873047 37.78489303588867 -2.302034378051758
0.0 0.0 0.0
0.0 0.0 0.0
0.0 0.0 0.0
0.0 0.0 0.0
0.0 0.0 0.0
0.0 0.0 0.0
0.0 0.0 0.0
0.0 0.0 0.0
0.0 0.0 0.0
0.0 0.0 0.0
0.0 0.0 0.0
0.0 0.0 0.0
0.0 0.0 0.0
0.0 0.0 0.0
0.0 0.0 0.0
0.0 0.0 0.0
0.0 0.0 0.0
0.0 0.0 0.0
0.0 0.0 0.0
0.0 0.0 0.0
0.0 0.0 0.0
0.0 0.0 0.0
0.0 0.0 0.0
0.0 0.0 0.0
0.0 0.0 0.0
0.0 0.0 0.0
0.0 0.0 0.0
0.0 0.0 0.0
0.0 0.0 0.0
0.0 0.0 0.0
0.0 0.0 0.0
0.0 0.0 0.0
0.0 0.0 0.0
0.0 0.0 0.0
0.0 0.0 0.0
0.0 0.0 0.0
0.0 0.0 0.0
0.0 0.0 0.0
0.0 0.0 0.0
0.0 0.0 0.0
0.0 0.0 0.0
0.0 0.0 0.0
0.0 0.0 0.0
0.0 0.0 0.0
0.0 0.0 0.0
0.0 0.0 0.0
0.0 0.0 0.0
0.0 0.0 0.0
0.0 0.0 0.0
0.0 0.0 0.0
0.0 0.0 0.0
0.0 0.0 0.0
0.0 0.0 0.0
0.0 0.0 0.0
0.0 0.0 0.0
0.0 0.0 0.0
0.0 0.0 0.0
0.0 0.0 0.0
0.0 0.0 0.0
0.0 0.0 0.0
0.0 0.0 0.0
0.0 0.0 0.0
0.0 0.0 0.0
0.0 0.0 0.0
0.0 0.0 0.0
0.0 0.0 0.0
0.0 0.0 0.0
0.0 0.0 0.0
0.0 0.0 0.0
0.0 0.0 0.0
0.0 0.0 0.0
0.0 0.0 0.0
0.0 0.0 0.0
0.0 0.0 0.0
0.0 0.0 0.0
0.0 0.0 0.0
0.0 0.0 0.0
0.0 0.0 0.0
0.0 0.0 0.0
0.0 0.0 0.0
0.0 0.0 0.0
0.0 0.0 0.0
0.0 0.0 0.0
0.0 0.0 0.0
0.0 0.0 0.0
0.0 0.0 0.0
0.0 0.0 0.0
0.0 0.0 0.0
0.0 0.0 0.0
0.0 0.0 0.0
0.0 0.0 0.0
0.0 0.0 0.0
0.0 0.0 0.0
0.0 0.0 0.0
0.0 0.0 0.0
0.0 0.0 0.0
0.0 0.0 0.0
0.0 0.0 0.0
0.0 0.0 0.0
0.0 0.0 0.0
0.0 0.0 0.0
0.0 0.0 0.0
0.0 0.0 0.0
0.0 0.0 0.0
0.0 0.0 0.0
0.0 0.0 0.0
0.0 0.0 0.0
0.0 0.0 0.0
0.0 0.0 0.0
0.0 0.0 0.0
0.0 0.0 0.0
0.0 0.0 0.0
0.0 0.0 0.0
0.0 0.0 0.0
0.0 0.0 0.0
0.0 0.0 0.0
0.0 0.0 0.0
0.0 0.0 0.0
0.0 0.0 0.0
0.0 0.0 0.0
0.0 0.0 0.0
0.0 0.0 0.0
0.0 0.0 0.0
0.0 0.0 0.0
0.0 0.0 0.0
0.0 0.0 0.0
0.0 0.0 0.0
0.0 0.0 0.0
0.0 0.0 0.0
0.0 0.0 0.0
0.0 0.0 0.0
0.0 0.0 0.0
0.0 0.0 0.0
0.0 0.0 0.0
0.0 0.0 0.0
0.0 0.0 0.0
0.0 0.0 0.0
0.0 0.0 0.0
0.0 0.0 0.0
0.0 0.0 0.0
0.0 0.0 0.0
0.0 0.0 0.0
0.0 0.0 0.0
0.0 0.0 0.0
0.0 0.0 0.0
0.0 0.0 0.0
0.0 0.0 0.0
0.0 0.0 0.0
0.0 0.0 0.0
0.0 0.0 0.0
0.0 0.0 0.0
0.0 0.0 0.0
0.0 0.0 0.0
0.0 0.0 0.0
0.0 0.0 0.0
0.0 0.0 0.0
0.0 0.0 0.0
0.0 0.0 0.0
0.0 0.0 0.0
0.0 0.0 0.0
0.0 0.0 0.0
0.0 0.0 0.0
0.0 0.0 0.0
0.0 0.0 0.0
0.0 0.0 0.0
-30.577558517456055 97.76788330078125 7.097490310668945
0.0 0.0 0.0
0.0 0.0 0.0
0.0 0.0 0.0
0.0 0.0 0.0
0.0 0.0 0.0
0.0 0.0 0.0
0.0 0.0 0.0
0.0 0.0 0.0
0.0 0.0 0.0
0.0 0.0 0.0
0.0 0.0 0.0
0.0 0.0 0.0
0.0 0.0 0.0
0.0 0.0 0.0
0.0 0.0 0.0
0.0 0.0 0.0
0.0 0.0 0.0
0.0 0.0 0.0
0.0 0.0 0.0
0.0 0.0 0.0
0.0 0.0 0.0
0.0 0.0 0.0
0.0 0.0 0.0
0.0 0.0 0.0
0.0 0.0 0.0
0.0 0.0 0.0
0.0 0.0 0.0
0.0 0.0 0.0
0.0 0.0 0.0
0.0 0.0 0.0
0.0 0.0 0.0
0.0 0.0 0.0
0.0 0.0 0.0
0.0 0.0 0.0
0.0 0.0 0.0
0.0 0.0 0.0
0.0 0.0 0.0
0.0 0.0 0.0
0.0 0.0 0.0
0.0 0.0 0.0
0.0 0.0 0.0
0.0 0.0 0.0
0.0 0.0 0.0
0.0 0.0 0.0
0.0 0.0 0.0
0.0 0.0 0.0
0.0 0.0 0.0
0.0 0.0 0.0
0.0 0.0 0.0
0.0 0.0 0.0
0.0 0.0 0.0
0.0 0.0 0.0
0.0 0.0 0.0
0.0 0.0 0.0
0.0 0.0 0.0
0.0 0.0 0.0
0.0 0.0 0.0
0.0 0.0 0.0
0.0 0.0 0.0
0.0 0.0 0.0
0.0 0.0 0.0
0.0 0.0 0.0
0.0 0.0 0.0
0.0 0.0 0.0
0.0 0.0 0.0
0.0 0.0 0.0
0.0 0.0 0.0
0.0 0.0 0.0
0.0 0.0 0.0
0.0 0.0 0.0
0.0 0.0 0.0
0.0 0.0 0.0
0.0 0.0 0.0
0.0 0.0 0.0
0.0 0.0 0.0
0.0 0.0 0.0
0.0 0.0 0.0
0.0 0.0 0.0
0.0 0.0 0.0
0.0 0.0 0.0
0.0 0.0 0.0
0.0 0.0 0.0
0.0 0.0 0.0
0.0 0.0 0.0
0.0 0.0 0.0
0.0 0.0 0.0
0.0 0.0 0.0
0.0 0.0 0.0
0.0 0.0 0.0
0.0 0.0 0.0
0.0 0.0 0.0
0.0 0.0 0.0
0.0 0.0 0.0
0.0 0.0 0.0
0.0 0.0 0.0
0.0 0.0 0.0
0.0 0.0 0.0
0.0 0.0 0.0
0.0 0.0 0.0
0.0 0.0 0.0
0.0 0.0 0.0
0.0 0.0 0.0
0.0 0.0 0.0
0.0 0.0 0.0
0.0 0.0 0.0
0.0 0.0 0.0
0.0 0.0 0.0
0.0 0.0 0.0
0.0 0.0 0.0
0.0 0.0 0.0
0.0 0.0 0.0
-5.998645305633545 33.2174186706543 -2.1672894954681396
0.0 0.0 0.0
0.0 0.0 0.0
-5.296708106994629 33.31922912597656 -2.1897082328796387
0.0 0.0 0.0
0.0 0.0 0.0
-4.619250297546387 33.564056396484375 -2.2207040786743164
-4.356165409088135 33.40226745605469 -2.214129686355591
0.0 0.0 0.0
0.0 0.0 0.0
0.0 0.0 0.0
-3.4067718982696533 33.33850860595703 -2.225510358810425
0.0 0.0 0.0
0.0 0.0 0.0
0.0 0.0 0.0
0.0 0.0 0.0
-2.2472116947174072 33.525150299072266 -2.2522037029266357
0.0 0.0 0.0
-1.7762901782989502 33.55301284790039 -2.2579684257507324
-1.5345815420150757 33.38527297973633 -2.2487618923187256
0.0 0.0 0.0
-1.0829366445541382 33.812095642089844 -2.2810888290405273
0.0 0.0 0.0
0.0 0.0 0.0
-0.37302157282829285 33.81930160522461 -2.2847237586975098
-0.1385030448436737 34.008052825927734 -2.2987477779388428
0.0 0.0 0.0
0.0 0.0 0.0
0.567725658416748 33.555301666259766 -2.268976926803589
0.0 0.0 0.0
1.041561484336853 33.770103454589844 -2.284090995788574
0.0 0.0 0.0
0.0 0.0 0.0
1.7599517107009888 33.93572235107422 -2.2927868366241455
0.0 0.0 0.0
2.247145414352417 34.145469665527344 -2.3049674034118652
2.494380474090576 34.26521301269531 -2.312058448791504
2.71121883392334 33.97528076171875 -2.290381908416748
0.0 0.0 0.0
0.0 0.0 0.0
0.0 0.0 0.0
0.0 0.0 0.0
0.0 0.0 0.0
4.210571765899658 34.452117919921875 -2.3086068630218506
4.437687397003174 34.325687408447266 -2.297093152999878
0.0 0.0 0.0
0.0 0.0 0.0
0.0 0.0 0.0
5.487378120422363 34.802669525146484 -2.3150413036346436
0.0 0.0 0.0
0.0 0.0 0.0
0.0 0.0 0.0
6.5195698738098145 34.96705627441406 -2.309297800064087
6.765664100646973 34.93668746948242 -2.3022854328155518
0.0 0.0 0.0
7.328556060791016 35.19043731689453 -2.3091323375701904
0.0 0.0 0.0
0.0 0.0 0.0
8.161359786987305 35.46862030029297 -2.3106424808502197
0.0 0.0 0.0
0.0 0.0 0.0
0.0 0.0 0.0
0.0 0.0 0.0
0.0 0.0 0.0
0.0 0.0 0.0
0.0 0.0 0.0
0.0 0.0 0.0
0.0 0.0 0.0
0.0 0.0 0.0
0.0 0.0 0.0
0.0 0.0 0.0
0.0 0.0 0.0
0.0 0.0 0.0
0.0 0.0 0.0
0.0 0.0 0.0
0.0 0.0 0.0
0.0 0.0 0.0
0.0 0.0 0.0
0.0 0.0 0.0
0.0 0.0 0.0
0.0 0.0 0.0
0.0 0.0 0.0
0.0 0.0 0.0
0.0 0.0 0.0
0.0 0.0 0.0
0.0 0.0 0.0
0.0 0.0 0.0
0.0 0.0 0.0
0.0 0.0 0.0
0.0 0.0 0.0
0.0 0.0 0.0
0.0 0.0 0.0
0.0 0.0 0.0
0.0 0.0 0.0
0.0 0.0 0.0
0.0 0.0 0.0
0.0 0.0 0.0
0.0 0.0 0.0
0.0 0.0 0.0
0.0 0.0 0.0
0.0 0.0 0.0
0.0 0.0 0.0
0.0 0.0 0.0
0.0 0.0 0.0
0.0 0.0 0.0
0.0 0.0 0.0
0.0 0.0 0.0
0.0 0.0 0.0
0.0 0.0 0.0
0.0 0.0 0.0
0.0 0.0 0.0
0.0 0.0 0.0
0.0 0.0 0.0
0.0 0.0 0.0
0.0 0.0 0.0
0.0 0.0 0.0
0.0 0.0 0.0
0.0 0.0 0.0
0.0 0.0 0.0
0.0 0.0 0.0
0.0 0.0 0.0
0.0 0.0 0.0
0.0 0.0 0.0
0.0 0.0 0.0
0.0 0.0 0.0
0.0 0.0 0.0
0.0 0.0 0.0
0.0 0.0 0.0
0.0 0.0 0.0
0.0 0.0 0.0
0.0 0.0 0.0
0.0 0.0 0.0
0.0 0.0 0.0
0.0 0.0 0.0
0.0 0.0 0.0
0.0 0.0 0.0
0.0 0.0 0.0
0.0 0.0 0.0
0.0 0.0 0.0
0.0 0.0 0.0
0.0 0.0 0.0
0.0 0.0 0.0
0.0 0.0 0.0
0.0 0.0 0.0
0.0 0.0 0.0
0.0 0.0 0.0
0.0 0.0 0.0
0.0 0.0 0.0
0.0 0.0 0.0
0.0 0.0 0.0
0.0 0.0 0.0
0.0 0.0 0.0
0.0 0.0 0.0
0.0 0.0 0.0
0.0 0.0 0.0
65.20201873779297 171.3565216064453 11.064922332763672
0.0 0.0 0.0
0.0 0.0 0.0
0.0 0.0 0.0
0.0 0.0 0.0
0.0 0.0 0.0
0.0 0.0 0.0
0.0 0.0 0.0
0.0 0.0 0.0
0.0 0.0 0.0
0.0 0.0 0.0
0.0 0.0 0.0
0.0 0.0 0.0
0.0 0.0 0.0
0.0 0.0 0.0
0.0 0.0 0.0
0.0 0.0 0.0
0.0 0.0 0.0
0.0 0.0 0.0
0.0 0.0 0.0
0.0 0.0 0.0
0.0 0.0 0.0
0.0 0.0 0.0
0.0 0.0 0.0
0.0 0.0 0.0
0.0 0.0 0.0
0.0 0.0 0.0
0.0 0.0 0.0
0.0 0.0 0.0
0.0 0.0 0.0
0.0 0.0 0.0
0.0 0.0 0.0
0.0 0.0 0.0
0.0 0.0 0.0
0.0 0.0 0.0
0.0 0.0 0.0
0.0 0.0 0.0
0.0 0.0 0.0
0.0 0.0 0.0
0.0 0.0 0.0
0.0 0.0 0.0
0.0 0.0 0.0
0.0 0.0 0.0
0.0 0.0 0.0
0.0 0.0 0.0
0.0 0.0 0.0
0.0 0.0 0.0
0.0 0.0 0.0
0.0 0.0 0.0
0.0 0.0 0.0
0.0 0.0 0.0
0.0 0.0 0.0
0.0 0.0 0.0
0.0 0.0 0.0
0.0 0.0 0.0
0.0 0.0 0.0
0.0 0.0 0.0
0.0 0.0 0.0
0.0 0.0 0.0
0.0 0.0 0.0
0.0 0.0 0.0
0.0 0.0 0.0
0.0 0.0 0.0
0.0 0.0 0.0
0.0 0.0 0.0
0.0 0.0 0.0
0.0 0.0 0.0
0.0 0.0 0.0
0.0 0.0 0.0
0.0 0.0 0.0
0.0 0.0 0.0
0.0 0.0 0.0
0.0 0.0 0.0
0.0 0.0 0.0
0.0 0.0 0.0
0.0 0.0 0.0
0.0 0.0 0.0
0.0 0.0 0.0
0.0 0.0 0.0
0.0 0.0 0.0
0.0 0.0 0.0
0.0 0.0 0.0
0.0 0.0 0.0
0.0 0.0 0.0
0.0 0.0 0.0
0.0 0.0 0.0
0.0 0.0 0.0
0.0 0.0 0.0
0.0 0.0 0.0
0.0 0.0 0.0
0.0 0.0 0.0
0.0 0.0 0.0
0.0 0.0 0.0
0.0 0.0 0.0
0.0 0.0 0.0
0.0 0.0 0.0
0.0 0.0 0.0
0.0 0.0 0.0
0.0 0.0 0.0
0.0 0.0 0.0
0.0 0.0 0.0
0.0 0.0 0.0
0.0 0.0 0.0
0.0 0.0 0.0
0.0 0.0 0.0
0.0 0.0 0.0
0.0 0.0 0.0
0.0 0.0 0.0
0.0 0.0 0.0
0.0 0.0 0.0
0.0 0.0 0.0
0.0 0.0 0.0
0.0 0.0 0.0
0.0 0.0 0.0
0.0 0.0 0.0
0.0 0.0 0.0
0.0 0.0 0.0
0.0 0.0 0.0
0.0 0.0 0.0
0.0 0.0 0.0
0.0 0.0 0.0
0.0 0.0 0.0
0.0 0.0 0.0
0.0 0.0 0.0
0.0 0.0 0.0
0.0 0.0 0.0
0.0 0.0 0.0
0.0 0.0 0.0
0.0 0.0 0.0
0.0 0.0 0.0
0.0 0.0 0.0
0.0 0.0 0.0
0.0 0.0 0.0
0.0 0.0 0.0
0.0 0.0 0.0
0.0 0.0 0.0
0.0 0.0 0.0
0.0 0.0 0.0
0.0 0.0 0.0
0.0 0.0 0.0
0.0 0.0 0.0
0.0 0.0 0.0
0.0 0.0 0.0
0.0 0.0 0.0
0.0 0.0 0.0
0.0 0.0 0.0
0.0 0.0 0.0
0.0 0.0 0.0
0.0 0.0 0.0
0.0 0.0 0.0
0.0 0.0 0.0
0.0 0.0 0.0
0.0 0.0 0.0
0.0 0.0 0.0
0.0 0.0 0.0
0.0 0.0 0.0
0.0 0.0 0.0
0.0 0.0 0.0
0.0 0.0 0.0
0.0 0.0 0.0
0.0 0.0 0.0
0.0 0.0 0.0
0.0 0.0 0.0
0.0 0.0 0.0
0.0 0.0 0.0
0.0 0.0 0.0
0.0 0.0 0.0
0.0 0.0 0.0
0.0 0.0 0.0
0.0 0.0 0.0
0.0 0.0 0.0
0.0 0.0 0.0
0.0 0.0 0.0
0.0 0.0 0.0
0.0 0.0 0.0
0.0 0.0 0.0
0.0 0.0 0.0
0.0 0.0 0.0
0.0 0.0 0.0
0.0 0.0 0.0
0.0 0.0 0.0
0.0 0.0 0.0
0.0 0.0 0.0
0.0 0.0 0.0
0.0 0.0 0.0
0.0 0.0 0.0
0.0 0.0 0.0
0.0 0.0 0.0
0.0 0.0 0.0
0.0 0.0 0.0
0.0 0.0 0.0
0.0 0.0 0.0
0.0 0.0 0.0
0.0 0.0 0.0
0.0 0.0 0.0
0.0 0.0 0.0
0.0 0.0 0.0
0.0 0.0 0.0
0.0 0.0 0.0
0.0 0.0 0.0
0.0 0.0 0.0
0.0 0.0 0.0
0.0 0.0 0.0
0.0 0.0 0.0
0.0 0.0 0.0
0.0 0.0 0.0
0.0 0.0 0.0
0.0 0.0 0.0
0.0 0.0 0.0
0.0 0.0 0.0
0.0 0.0 0.0
0.0 0.0 0.0
-5.016042232513428 33.844669342041016 -2.14056396484375
0.0 0.0 0.0
0.0 0.0 0.0
0.0 0.0 0.0
0.0 0.0 0.0
0.0 0.0 0.0
-3.550179958343506 33.60014343261719 -2.149256944656372
0.0 0.0 0.0
0.0 0.0 0.0
0.0 0.0 0.0
0.0 0.0 0.0
0.0 0.0 0.0
0.0 0.0 0.0
-1.9196585416793823 33.9767951965332 -2.1928908824920654
-1.6890901327133179 34.10981750488281 -2.203995704650879
0.0 0.0 0.0
0.0 0.0 0.0
0.0 0.0 0.0
0.0 0.0 0.0
0.0 0.0 0.0
0.0 0.0 0.0
0.0 0.0 0.0
0.2185688614845276 34.02163314819336 -2.205570697784424
0.4580688774585724 34.22196960449219 -2.2186806201934814
0.0 0.0 0.0
0.9431219100952148 34.555206298828125 -2.240840435028076
1.1882498264312744 34.555545806884766 -2.2397823333740234
0.0 0.0 0.0
1.6981788873672485 35.14326477050781 -2.2760510444641113
1.9261648654937744 34.830997467041016 -2.255084991455078
0.0 0.0 0.0
0.0 0.0 0.0
0.0 0.0 0.0
0.0 0.0 0.0
0.0 0.0 0.0
0.0 0.0 0.0
0.0 0.0 0.0
3.9031567573547363 34.98057556152344 -2.2504470348358154
0.0 0.0 0.0
0.0 0.0 0.0
0.0 0.0 0.0
0.0 0.0 0.0
0.0 0.0 0.0
0.0 0.0 0.0
0.0 0.0 0.0
0.0 0.0 0.0
0.0 0.0 0.0
6.482227802276611 35.44371795654297 -2.2464098930358887
0.0 0.0 0.0
0.0 0.0 0.0
7.25991678237915 35.493038177490234 -2.2363336086273193
0.0 0.0 0.0
0.0 0.0 0.0
0.0 0.0 0.0
0.0 0.0 0.0
0.0 0.0 0.0
0.0 0.0 0.0
0.0 0.0 0.0
0.0 0.0 0.0
0.0 0.0 0.0
10.03793716430664 36.05158233642578 -2.212347984313965
0.0 0.0 0.0
0.0 0.0 0.0
0.0 0.0 0.0
0.0 0.0 0.0
0.0 0.0 0.0
0.0 0.0 0.0
0.0 0.0 0.0
0.0 0.0 0.0
0.0 0.0 0.0
0.0 0.0 0.0
0.0 0.0 0.0
0.0 0.0 0.0
0.0 0.0 0.0
0.0 0.0 0.0
0.0 0.0 0.0
0.0 0.0 0.0
0.0 0.0 0.0
0.0 0.0 0.0
0.0 0.0 0.0
0.0 0.0 0.0
0.0 0.0 0.0
0.0 0.0 0.0
0.0 0.0 0.0
0.0 0.0 0.0
0.0 0.0 0.0
0.0 0.0 0.0
0.0 0.0 0.0
0.0 0.0 0.0
0.0 0.0 0.0
0.0 0.0 0.0
0.0 0.0 0.0
0.0 0.0 0.0
0.0 0.0 0.0
0.0 0.0 0.0
0.0 0.0 0.0
0.0 0.0 0.0
0.0 0.0 0.0
0.0 0.0 0.0
0.0 0.0 0.0
0.0 0.0 0.0
0.0 0.0 0.0
0.0 0.0 0.0
0.0 0.0 0.0
0.0 0.0 0.0
0.0 0.0 0.0
0.0 0.0 0.0
0.0 0.0 0.0
0.0 0.0 0.0
0.0 0.0 0.0
0.0 0.0 0.0
0.0 0.0 0.0
0.0 0.0 0.0
0.0 0.0 0.0
0.0 0.0 0.0
0.0 0.0 0.0
0.0 0.0 0.0
0.0 0.0 0.0
0.0 0.0 0.0
0.0 0.0 0.0
0.0 0.0 0.0
0.0 0.0 0.0
0.0 0.0 0.0
0.0 0.0 0.0
0.0 0.0 0.0
0.0 0.0 0.0
0.0 0.0 0.0
0.0 0.0 0.0
0.0 0.0 0.0
0.0 0.0 0.0
0.0 0.0 0.0
0.0 0.0 0.0
0.0 0.0 0.0
0.0 0.0 0.0
0.0 0.0 0.0
0.0 0.0 0.0
0.0 0.0 0.0
0.0 0.0 0.0
0.0 0.0 0.0
0.0 0.0 0.0
0.0 0.0 0.0
0.0 0.0 0.0
0.0 0.0 0.0
0.0 0.0 0.0
0.0 0.0 0.0
0.0 0.0 0.0
0.0 0.0 0.0
0.0 0.0 0.0
0.0 0.0 0.0
0.0 0.0 0.0
0.0 0.0 0.0
0.0 0.0 0.0
0.0 0.0 0.0
0.0 0.0 0.0
0.0 0.0 0.0
0.0 0.0 0.0
0.0 0.0 0.0
0.0 0.0 0.0
0.0 0.0 0.0
0.0 0.0 0.0
0.0 0.0 0.0
0.0 0.0 0.0
0.0 0.0 0.0
0.0 0.0 0.0
0.0 0.0 0.0
0.0 0.0 0.0
0.0 0.0 0.0
0.0 0.0 0.0
0.0 0.0 0.0
0.0 0.0 0.0
0.0 0.0 0.0
0.0 0.0 0.0
0.0 0.0 0.0
0.0 0.0 0.0
0.0 0.0 0.0
0.0 0.0 0.0
0.0 0.0 0.0
0.0 0.0 0.0
0.0 0.0 0.0
0.0 0.0 0.0
0.0 0.0 0.0
0.0 0.0 0.0
0.0 0.0 0.0
0.0 0.0 0.0
0.0 0.0 0.0
0.0 0.0 0.0
0.0 0.0 0.0
0.0 0.0 0.0
0.0 0.0 0.0
0.0 0.0 0.0
0.0 0.0 0.0
0.0 0.0 0.0
0.0 0.0 0.0
0.0 0.0 0.0
0.0 0.0 0.0
0.0 0.0 0.0
0.0 0.0 0.0
0.0 0.0 0.0
0.0 0.0 0.0
0.0 0.0 0.0
0.0 0.0 0.0
0.0 0.0 0.0
0.0 0.0 0.0
0.0 0.0 0.0
0.0 0.0 0.0
0.0 0.0 0.0
0.0 0.0 0.0
0.0 0.0 0.0
0.0 0.0 0.0
0.0 0.0 0.0
0.0 0.0 0.0
0.0 0.0 0.0
0.0 0.0 0.0
0.0 0.0 0.0
0.0 0.0 0.0
0.0 0.0 0.0
0.0 0.0 0.0
0.0 0.0 0.0
0.0 0.0 0.0
0.0 0.0 0.0
0.0 0.0 0.0
0.0 0.0 0.0
0.0 0.0 0.0
0.0 0.0 0.0
0.0 0.0 0.0
0.0 0.0 0.0
0.0 0.0 0.0
0.0 0.0 0.0
0.0 0.0 0.0
0.0 0.0 0.0
0.0 0.0 0.0
0.0 0.0 0.0
0.0 0.0 0.0
0.0 0.0 0.0
0.0 0.0 0.0
0.0 0.0 0.0
0.0 0.0 0.0
0.0 0.0 0.0
0.0 0.0 0.0
0.0 0.0 0.0
0.0 0.0 0.0
0.0 0.0 0.0
0.0 0.0 0.0
0.0 0.0 0.0
0.0 0.0 0.0
0.0 0.0 0.0
0.0 0.0 0.0
0.0 0.0 0.0
0.0 0.0 0.0
0.0 0.0 0.0
0.0 0.0 0.0
0.0 0.0 0.0
0.0 0.0 0.0
0.0 0.0 0.0
0.0 0.0 0.0
0.0 0.0 0.0
0.0 0.0 0.0
0.0 0.0 0.0
0.0 0.0 0.0
0.0 0.0 0.0
0.0 0.0 0.0
0.0 0.0 0.0
0.0 0.0 0.0
0.0 0.0 0.0
0.0 0.0 0.0
0.0 0.0 0.0
0.0 0.0 0.0
0.0 0.0 0.0
0.0 0.0 0.0
0.0 0.0 0.0
0.0 0.0 0.0
0.0 0.0 0.0
0.0 0.0 0.0
0.0 0.0 0.0
0.0 0.0 0.0
0.0 0.0 0.0
0.0 0.0 0.0
0.0 0.0 0.0
0.0 0.0 0.0
0.0 0.0 0.0
0.0 0.0 0.0
0.0 0.0 0.0
0.0 0.0 0.0
0.0 0.0 0.0
0.0 0.0 0.0
0.0 0.0 0.0
0.0 0.0 0.0
0.0 0.0 0.0
0.0 0.0 0.0
0.0 0.0 0.0
0.0 0.0 0.0
0.0 0.0 0.0
0.0 0.0 0.0
0.0 0.0 0.0
0.0 0.0 0.0
0.0 0.0 0.0
0.0 0.0 0.0
0.0 0.0 0.0
0.0 0.0 0.0
0.0 0.0 0.0
0.0 0.0 0.0
0.0 0.0 0.0
0.0 0.0 0.0
0.0 0.0 0.0
0.0 0.0 0.0
0.0 0.0 0.0
0.0 0.0 0.0
0.0 0.0 0.0
0.0 0.0 0.0
0.0 0.0 0.0
0.0 0.0 0.0
0.0 0.0 0.0
0.0 0.0 0.0
0.0 0.0 0.0
0.0 0.0 0.0
0.0 0.0 0.0
0.0 0.0 0.0
0.0 0.0 0.0
0.0 0.0 0.0
0.0 0.0 0.0
0.0 0.0 0.0
0.0 0.0 0.0
0.0 0.0 0.0
0.0 0.0 0.0
0.0 0.0 0.0
0.0 0.0 0.0
0.0 0.0 0.0
0.0 0.0 0.0
0.0 0.0 0.0
0.0 0.0 0.0
0.0 0.0 0.0
0.0 0.0 0.0
0.0 0.0 0.0
0.0 0.0 0.0
0.0 0.0 0.0
0.0 0.0 0.0
0.0 0.0 0.0
0.0 0.0 0.0
0.0 0.0 0.0
0.0 0.0 0.0
0.0 0.0 0.0
0.0 0.0 0.0
0.0 0.0 0.0
0.0 0.0 0.0
0.0 0.0 0.0
0.0 0.0 0.0
0.0 0.0 0.0
0.0 0.0 0.0
0.0 0.0 0.0
0.0 0.0 0.0
0.0 0.0 0.0
0.0 0.0 0.0
-7.504391193389893 34.60102462768555 -2.051441192626953
0.0 0.0 0.0
0.0 0.0 0.0
-6.63228702545166 34.01461410522461 -2.0344460010528564
0.0 0.0 0.0
0.0 0.0 0.0
-5.9484992027282715 34.329429626464844 -2.068591594696045
0.0 0.0 0.0
0.0 0.0 0.0
-5.207939147949219 34.298439025878906 -2.080515146255493
0.0 0.0 0.0
0.0 0.0 0.0
0.0 0.0 0.0
0.0 0.0 0.0
0.0 0.0 0.0
0.0 0.0 0.0
0.0 0.0 0.0
0.0 0.0 0.0
-3.032844305038452 34.458003997802734 -2.122107744216919
0.0 0.0 0.0
0.0 0.0 0.0
0.0 0.0 0.0
0.0 0.0 0.0
0.0 0.0 0.0
0.0 0.0 0.0
0.0 0.0 0.0
0.0 0.0 0.0
0.0 0.0 0.0
0.0 0.0 0.0
-0.3810010552406311 34.544490814208984 -2.147625207901001
0.0 0.0 0.0
0.10063685476779938 34.85828399658203 -2.167973041534424
0.0 0.0 0.0
0.0 0.0 0.0
0.8357617259025574 34.9926872253418 -2.1772119998931885
0.0 0.0 0.0
0.0 0.0 0.0
0.0 0.0 0.0
0.0 0.0 0.0
0.0 0.0 0.0
0.0 0.0 0.0
0.0 0.0 0.0
0.0 0.0 0.0
0.0 0.0 0.0
0.0 0.0 0.0
0.0 0.0 0.0
0.0 0.0 0.0
0.0 0.0 0.0
0.0 0.0 0.0
4.564542770385742 35.30774688720703 -2.1752395629882812
0.0 0.0 0.0
5.070561408996582 35.34564971923828 -2.1709933280944824
0.0 0.0 0.0
0.0 0.0 0.0
0.0 0.0 0.0
0.0 0.0 0.0
0.0 0.0 0.0
0.0 0.0 0.0
6.968428611755371 35.98522186279297 -2.1844229698181152
0.0 0.0 0.0
0.0 0.0 0.0
0.0 0.0 0.0
0.0 0.0 0.0
0.0 0.0 0.0
0.0 0.0 0.0
8.93741226196289 36.491050720214844 -2.1804635524749756
0.0 0.0 0.0
0.0 0.0 0.0
0.0 0.0 0.0
0.0 0.0 0.0
0.0 0.0 0.0
0.0 0.0 0.0
0.0 0.0 0.0
0.0 0.0 0.0
0.0 0.0 0.0
0.0 0.0 0.0
0.0 0.0 0.0
0.0 0.0 0.0
0.0 0.0 0.0
0.0 0.0 0.0
0.0 0.0 0.0
0.0 0.0 0.0
0.0 0.0 0.0
0.0 0.0 0.0
0.0 0.0 0.0
0.0 0.0 0.0
0.0 0.0 0.0
0.0 0.0 0.0
0.0 0.0 0.0
0.0 0.0 0.0
0.0 0.0 0.0
0.0 0.0 0.0
0.0 0.0 0.0
0.0 0.0 0.0
0.0 0.0 0.0
0.0 0.0 0.0
0.0 0.0 0.0
0.0 0.0 0.0
0.0 0.0 0.0
0.0 0.0 0.0
0.0 0.0 0.0
0.0 0.0 0.0
0.0 0.0 0.0
0.0 0.0 0.0
0.0 0.0 0.0
0.0 0.0 0.0
0.0 0.0 0.0
0.0 0.0 0.0
0.0 0.0 0.0
0.0 0.0 0.0
0.0 0.0 0.0
0.0 0.0 0.0
0.0 0.0 0.0
0.0 0.0 0.0
0.0 0.0 0.0
0.0 0.0 0.0
0.0 0.0 0.0
0.0 0.0 0.0
0.0 0.0 0.0
0.0 0.0 0.0
0.0 0.0 0.0
0.0 0.0 0.0
0.0 0.0 0.0
0.0 0.0 0.0
0.0 0.0 0.0
0.0 0.0 0.0
0.0 0.0 0.0
0.0 0.0 0.0
0.0 0.0 0.0
0.0 0.0 0.0
0.0 0.0 0.0
0.0 0.0 0.0
0.0 0.0 0.0
0.0 0.0 0.0
0.0 0.0 0.0
0.0 0.0 0.0
0.0 0.0 0.0
0.0 0.0 0.0
0.0 0.0 0.0
0.0 0.0 0.0
0.0 0.0 0.0
0.0 0.0 0.0
0.0 0.0 0.0
0.0 0.0 0.0
0.0 0.0 0.0
0.0 0.0 0.0
0.0 0.0 0.0
0.0 0.0 0.0
0.0 0.0 0.0
0.0 0.0 0.0
0.0 0.0 0.0
0.0 0.0 0.0
0.0 0.0 0.0
0.0 0.0 0.0
0.0 0.0 0.0
0.0 0.0 0.0
0.0 0.0 0.0
0.0 0.0 0.0
0.0 0.0 0.0
0.0 0.0 0.0
0.0 0.0 0.0
0.0 0.0 0.0
0.0 0.0 0.0
0.0 0.0 0.0
0.0 0.0 0.0
0.0 0.0 0.0
0.0 0.0 0.0
0.0 0.0 0.0
0.0 0.0 0.0
0.0 0.0 0.0
0.0 0.0 0.0
0.0 0.0 0.0
0.0 0.0 0.0
0.0 0.0 0.0
0.0 0.0 0.0
0.0 0.0 0.0
0.0 0.0 0.0
0.0 0.0 0.0
0.0 0.0 0.0
0.0 0.0 0.0
0.0 0.0 0.0
0.0 0.0 0.0
0.0 0.0 0.0
0.0 0.0 0.0
0.0 0.0 0.0
0.0 0.0 0.0
0.0 0.0 0.0
0.0 0.0 0.0
0.0 0.0 0.0
0.0 0.0 0.0
0.0 0.0 0.0
0.0 0.0 0.0
0.0 0.0 0.0
0.0 0.0 0.0
0.0 0.0 0.0
0.0 0.0 0.0
0.0 0.0 0.0
0.0 0.0 0.0
0.0 0.0 0.0
0.0 0.0 0.0
0.0 0.0 0.0
0.0 0.0 0.0
0.0 0.0 0.0
0.0 0.0 0.0
0.0 0.0 0.0
0.0 0.0 0.0
0.0 0.0 0.0
0.0 0.0 0.0
0.0 0.0 0.0
0.0 0.0 0.0
0.0 0.0 0.0
0.0 0.0 0.0
0.0 0.0 0.0
0.0 0.0 0.0
0.0 0.0 0.0
0.0 0.0 0.0
0.0 0.0 0.0
0.0 0.0 0.0
0.0 0.0 0.0
0.0 0.0 0.0
0.0 0.0 0.0
0.0 0.0 0.0
0.0 0.0 0.0
0.0 0.0 0.0
0.0 0.0 0.0
0.0 0.0 0.0
0.0 0.0 0.0
0.0 0.0 0.0
0.0 0.0 0.0
0.0 0.0 0.0
0.0 0.0 0.0
0.0 0.0 0.0
0.0 0.0 0.0
0.0 0.0 0.0
0.0 0.0 0.0
0.0 0.0 0.0
0.0 0.0 0.0
0.0 0.0 0.0
0.0 0.0 0.0
0.0 0.0 0.0
0.0 0.0 0.0
0.0 0.0 0.0
0.0 0.0 0.0
0.0 0.0 0.0
0.0 0.0 0.0
0.0 0.0 0.0
0.0 0.0 0.0
0.0 0.0 0.0
0.0 0.0 0.0
0.0 0.0 0.0
0.0 0.0 0.0
0.0 0.0 0.0
0.0 0.0 0.0
0.0 0.0 0.0
0.0 0.0 0.0
0.0 0.0 0.0
0.0 0.0 0.0
0.0 0.0 0.0
0.0 0.0 0.0
0.0 0.0 0.0
0.0 0.0 0.0
0.0 0.0 0.0
0.0 0.0 0.0
0.0 0.0 0.0
0.0 0.0 0.0
0.0 0.0 0.0
0.0 0.0 0.0
0.0 0.0 0.0
0.0 0.0 0.0
0.0 0.0 0.0
0.0 0.0 0.0
0.0 0.0 0.0
0.0 0.0 0.0
0.0 0.0 0.0
0.0 0.0 0.0
0.0 0.0 0.0
0.0 0.0 0.0
0.0 0.0 0.0
0.0 0.0 0.0
0.0 0.0 0.0
0.0 0.0 0.0
0.0 0.0 0.0
0.0 0.0 0.0
0.0 0.0 0.0
0.0 0.0 0.0
0.0 0.0 0.0
0.0 0.0 0.0
0.0 0.0 0.0
0.0 0.0 0.0
0.0 0.0 0.0
0.0 0.0 0.0
0.0 0.0 0.0
0.0 0.0 0.0
0.0 0.0 0.0
0.0 0.0 0.0
0.0 0.0 0.0
0.0 0.0 0.0
0.0 0.0 0.0
0.0 0.0 0.0
0.0 0.0 0.0
0.0 0.0 0.0
0.0 0.0 0.0
0.0 0.0 0.0
0.0 0.0 0.0
0.0 0.0 0.0
0.0 0.0 0.0
0.0 0.0 0.0
0.0 0.0 0.0
0.0 0.0 0.0
0.0 0.0 0.0
0.0 0.0 0.0
0.0 0.0 0.0
0.0 0.0 0.0
0.0 0.0 0.0
0.0 0.0 0.0
0.0 0.0 0.0
0.0 0.0 0.0
0.0 0.0 0.0
0.0 0.0 0.0
0.0 0.0 0.0
0.0 0.0 0.0
0.0 0.0 0.0
0.0 0.0 0.0
0.0 0.0 0.0
0.0 0.0 0.0
0.0 0.0 0.0
0.0 0.0 0.0
0.0 0.0 0.0
0.0 0.0 0.0
0.0 0.0 0.0
0.0 0.0 0.0
0.0 0.0 0.0
0.0 0.0 0.0
0.0 0.0 0.0
-15.390880584716797 35.148765563964844 -1.7393158674240112
0.0 0.0 0.0
0.0 0.0 0.0
0.0 0.0 0.0
0.0 0.0 0.0
0.0 0.0 0.0
0.0 0.0 0.0
0.0 0.0 0.0
0.0 0.0 0.0
0.0 0.0 0.0
0.0 0.0 0.0
0.0 0.0 0.0
0.0 0.0 0.0
0.0 0.0 0.0
0.0 0.0 0.0
0.0 0.0 0.0
0.0 0.0 0.0
0.0 0.0 0.0
0.0 0.0 0.0
0.0 0.0 0.0
0.0 0.0 0.0
0.0 0.0 0.0
0.0 0.0 0.0
0.0 0.0 0.0
0.0 0.0 0.0
0.0 0.0 0.0
0.0 0.0 0.0
0.0 0.0 0.0
0.0 0.0 0.0
0.0 0.0 0.0
-7.094090461730957 34.44906997680664 -1.9611481428146362
0.0 0.0 0.0
0.0 0.0 0.0
-6.407780170440674 34.80011749267578 -1.9963617324829102
-6.07705020904541 34.34419250488281 -1.9753519296646118
0.0 0.0 0.0
0.0 0.0 0.0
0.0 0.0 0.0
-5.135729789733887 34.64582824707031 -2.009956121444702
0.0 0.0 0.0
0.0 0.0 0.0
0.0 0.0 0.0
0.0 0.0 0.0
0.0 0.0 0.0
0.0 0.0 0.0
0.0 0.0 0.0
0.0 0.0 0.0
0.0 0.0 0.0
0.0 0.0 0.0
0.0 0.0 0.0
0.0 0.0 0.0
0.0 0.0 0.0
-1.7398253679275513 35.14552307128906 -2.080357789993286
0.0 0.0 0.0
0.0 0.0 0.0
0.0 0.0 0.0
0.0 0.0 0.0
0.0 0.0 0.0
-0.2622886002063751 35.027099609375 -2.081019878387451
0.0 0.0 0.0
0.0 0.0 0.0
0.0 0.0 0.0
0.7154818773269653 35.18838119506836 -2.0926618576049805
0.9628296494483948 35.27223587036133 -2.097459316253662
1.2209261655807495 35.51008224487305 -2.11151385307312
0.0 0.0 0.0
0.0 0.0 0.0
0.0 0.0 0.0
0.0 0.0 0.0
0.0 0.0 0.0
0.0 0.0 0.0
0.0 0.0 0.0
0.0 0.0 0.0
0.0 0.0 0.0
0.0 0.0 0.0
0.0 0.0 0.0
0.0 0.0 0.0
0.0 0.0 0.0
0.0 0.0 0.0
5.081376552581787 36.30278015136719 -2.134096145629883
0.0 0.0 0.0
0.0 0.0 0.0
0.0 0.0 0.0
0.0 0.0 0.0
0.0 0.0 0.0
0.0 0.0 0.0
0.0 0.0 0.0
0.0 0.0 0.0
0.0 0.0 0.0
0.0 0.0 0.0
0.0 0.0 0.0
0.0 0.0 0.0
0.0 0.0 0.0
0.0 0.0 0.0
0.0 0.0 0.0
0.0 0.0 0.0
0.0 0.0 0.0
0.0 0.0 0.0
0.0 0.0 0.0
0.0 0.0 0.0
0.0 0.0 0.0
0.0 0.0 0.0
0.0 0.0 0.0
0.0 0.0 0.0
0.0 0.0 0.0
0.0 0.0 0.0
0.0 0.0 0.0
0.0 0.0 0.0
0.0 0.0 0.0
0.0 0.0 0.0
0.0 0.0 0.0
0.0 0.0 0.0
0.0 0.0 0.0
0.0 0.0 0.0
0.0 0.0 0.0
0.0 0.0 0.0
0.0 0.0 0.0
0.0 0.0 0.0
0.0 0.0 0.0
0.0 0.0 0.0
0.0 0.0 0.0
0.0 0.0 0.0
0.0 0.0 0.0
0.0 0.0 0.0
0.0 0.0 0.0
0.0 0.0 0.0
0.0 0.0 0.0
0.0 0.0 0.0
0.0 0.0 0.0
0.0 0.0 0.0
0.0 0.0 0.0
0.0 0.0 0.0
0.0 0.0 0.0
0.0 0.0 0.0
0.0 0.0 0.0
0.0 0.0 0.0
0.0 0.0 0.0
0.0 0.0 0.0
0.0 0.0 0.0
0.0 0.0 0.0
0.0 0.0 0.0
0.0 0.0 0.0
0.0 0.0 0.0
0.0 0.0 0.0
0.0 0.0 0.0
0.0 0.0 0.0
0.0 0.0 0.0
0.0 0.0 0.0
0.0 0.0 0.0
0.0 0.0 0.0
0.0 0.0 0.0
0.0 0.0 0.0
0.0 0.0 0.0
0.0 0.0 0.0
0.0 0.0 0.0
0.0 0.0 0.0
0.0 0.0 0.0
0.0 0.0 0.0
0.0 0.0 0.0
0.0 0.0 0.0
0.0 0.0 0.0
0.0 0.0 0.0
0.0 0.0 0.0
0.0 0.0 0.0
0.0 0.0 0.0
0.0 0.0 0.0
0.0 0.0 0.0
0.0 0.0 0.0
0.0 0.0 0.0
0.0 0.0 0.0
0.0 0.0 0.0
0.0 0.0 0.0
0.0 0.0 0.0
0.0 0.0 0.0
0.0 0.0 0.0
0.0 0.0 0.0
0.0 0.0 0.0
0.0 0.0 0.0
0.0 0.0 0.0
0.0 0.0 0.0
0.0 0.0 0.0
0.0 0.0 0.0
0.0 0.0 0.0
0.0 0.0 0.0
0.0 0.0 0.0
0.0 0.0 0.0
0.0 0.0 0.0
0.0 0.0 0.0
0.0 0.0 0.0
0.0 0.0 0.0
0.0 0.0 0.0
0.0 0.0 0.0
0.0 0.0 0.0
0.0 0.0 0.0
0.0 0.0 0.0
0.0 0.0 0.0
0.0 0.0 0.0
0.0 0.0 0.0
0.0 0.0 0.0
0.0 0.0 0.0
0.0 0.0 0.0
0.0 0.0 0.0
0.0 0.0 0.0
0.0 0.0 0.0
0.0 0.0 0.0
0.0 0.0 0.0
0.0 0.0 0.0
0.0 0.0 0.0
0.0 0.0 0.0
0.0 0.0 0.0
0.0 0.0 0.0
0.0 0.0 0.0
0.0 0.0 0.0
0.0 0.0 0.0
0.0 0.0 0.0
0.0 0.0 0.0
0.0 0.0 0.0
0.0 0.0 0.0
0.0 0.0 0.0
0.0 0.0 0.0
0.0 0.0 0.0
0.0 0.0 0.0
0.0 0.0 0.0
0.0 0.0 0.0
0.0 0.0 0.0
0.0 0.0 0.0
0.0 0.0 0.0
0.0 0.0 0.0
0.0 0.0 0.0
0.0 0.0 0.0
0.0 0.0 0.0
0.0 0.0 0.0
0.0 0.0 0.0
0.0 0.0 0.0
0.0 0.0 0.0
0.0 0.0 0.0
0.0 0.0 0.0
0.0 0.0 0.0
0.0 0.0 0.0
0.0 0.0 0.0
0.0 0.0 0.0
0.0 0.0 0.0
0.0 0.0 0.0
0.0 0.0 0.0
0.0 0.0 0.0
0.0 0.0 0.0
0.0 0.0 0.0
0.0 0.0 0.0
0.0 0.0 0.0
0.0 0.0 0.0
0.0 0.0 0.0
0.0 0.0 0.0
0.0 0.0 0.0
0.0 0.0 0.0
0.0 0.0 0.0
0.0 0.0 0.0
0.0 0.0 0.0
0.0 0.0 0.0
0.0 0.0 0.0
0.0 0.0 0.0
0.0 0.0 0.0
0.0 0.0 0.0
0.0 0.0 0.0
0.0 0.0 0.0
0.0 0.0 0.0
0.0 0.0 0.0
0.0 0.0 0.0
0.0 0.0 0.0
0.0 0.0 0.0
0.0 0.0 0.0
0.0 0.0 0.0
0.0 0.0 0.0
0.0 0.0 0.0
0.0 0.0 0.0
0.0 0.0 0.0
0.0 0.0 0.0
0.0 0.0 0.0
0.0 0.0 0.0
0.0 0.0 0.0
0.0 0.0 0.0
0.0 0.0 0.0
0.0 0.0 0.0
0.0 0.0 0.0
0.0 0.0 0.0
0.0 0.0 0.0
0.0 0.0 0.0
0.0 0.0 0.0
0.0 0.0 0.0
0.0 0.0 0.0
0.0 0.0 0.0
0.0 0.0 0.0
0.0 0.0 0.0
0.0 0.0 0.0
0.0 0.0 0.0
0.0 0.0 0.0
0.0 0.0 0.0
0.0 0.0 0.0
0.0 0.0 0.0
0.0 0.0 0.0
0.0 0.0 0.0
0.0 0.0 0.0
0.0 0.0 0.0
0.0 0.0 0.0
0.0 0.0 0.0
0.0 0.0 0.0
0.0 0.0 0.0
0.0 0.0 0.0
0.0 0.0 0.0
0.0 0.0 0.0
0.0 0.0 0.0
0.0 0.0 0.0
0.0 0.0 0.0
0.0 0.0 0.0
0.0 0.0 0.0
0.0 0.0 0.0
0.0 0.0 0.0
0.0 0.0 0.0
0.0 0.0 0.0
0.0 0.0 0.0
0.0 0.0 0.0
0.0 0.0 0.0
0.0 0.0 0.0
0.0 0.0 0.0
0.0 0.0 0.0
0.0 0.0 0.0
0.0 0.0 0.0
0.0 0.0 0.0
0.0 0.0 0.0
0.0 0.0 0.0
0.0 0.0 0.0
0.0 0.0 0.0
0.0 0.0 0.0
0.0 0.0 0.0
0.0 0.0 0.0
0.0 0.0 0.0
0.0 0.0 0.0
0.0 0.0 0.0
0.0 0.0 0.0
0.0 0.0 0.0
0.0 0.0 0.0
0.0 0.0 0.0
0.0 0.0 0.0
0.0 0.0 0.0
0.0 0.0 0.0
0.0 0.0 0.0
0.0 0.0 0.0
0.0 0.0 0.0
0.0 0.0 0.0
0.0 0.0 0.0
0.0 0.0 0.0
0.0 0.0 0.0
0.0 0.0 0.0
0.0 0.0 0.0
0.0 0.0 0.0
0.0 0.0 0.0
0.0 0.0 0.0
0.0 0.0 0.0
0.0 0.0 0.0
0.0 0.0 0.0
0.0 0.0 0.0
0.0 0.0 0.0
0.0 0.0 0.0
0.0 0.0 0.0
0.0 0.0 0.0
0.0 0.0 0.0
0.0 0.0 0.0
0.0 0.0 0.0
0.0 0.0 0.0
0.0 0.0 0.0
0.0 0.0 0.0
0.0 0.0 0.0
0.0 0.0 0.0
0.0 0.0 0.0
0.0 0.0 0.0
0.0 0.0 0.0
0.0 0.0 0.0
0.0 0.0 0.0
0.0 0.0 0.0
0.0 0.0 0.0
0.0 0.0 0.0
0.0 0.0 0.0
0.0 0.0 0.0
0.0 0.0 0.0
0.0 0.0 0.0
0.0 0.0 0.0
0.0 0.0 0.0
0.0 0.0 0.0
0.0 0.0 0.0
0.0 0.0 0.0
0.0 0.0 0.0
0.0 0.0 0.0
0.0 0.0 0.0
0.0 0.0 0.0
0.0 0.0 0.0
0.0 0.0 0.0
0.0 0.0 0.0
0.0 0.0 0.0
0.0 0.0 0.0
0.0 0.0 0.0
0.0 0.0 0.0
-5.079874515533447 35.10042953491211 -1.947241187095642
0.0 0.0 0.0
0.0 0.0 0.0
0.0 0.0 0.0
0.0 0.0 0.0
0.0 0.0 0.0
0.0 0.0 0.0
0.0 0.0 0.0
0.0 0.0 0.0
0.0 0.0 0.0
0.0 0.0 0.0
0.0 0.0 0.0
0.0 0.0 0.0
0.0 0.0 0.0
-1.625861644744873 35.37112045288086 -1.998862624168396
0.0 0.0 0.0
0.0 0.0 0.0
0.0 0.0 0.0
0.0 0.0 0.0
0.0 0.0 0.0
0.0 0.0 0.0
0.0 0.0 0.0
0.0 0.0 0.0
0.0 0.0 0.0
0.0 0.0 0.0
0.0 0.0 0.0
0.0 0.0 0.0
0.0 0.0 0.0
0.0 0.0 0.0
0.0 0.0 0.0
0.0 0.0 0.0
0.0 0.0 0.0
2.905941963195801 36.40824890136719 -2.0590858459472656
0.0 0.0 0.0
0.0 0.0 0.0
0.0 0.0 0.0
0.0 0.0 0.0
4.175775051116943 36.30111312866211 -2.044646739959717
0.0 0.0 0.0
0.0 0.0 0.0
0.0 0.0 0.0
0.0 0.0 0.0
0.0 0.0 0.0
0.0 0.0 0.0
0.0 0.0 0.0
0.0 0.0 0.0
0.0 0.0 0.0
0.0 0.0 0.0
0.0 0.0 0.0
0.0 0.0 0.0
0.0 0.0 0.0
0.0 0.0 0.0
0.0 0.0 0.0
0.0 0.0 0.0
8.981850624084473 37.806697845458984 -2.0698845386505127
0.0 0.0 0.0
0.0 0.0 0.0
0.0 0.0 0.0
0.0 0.0 0.0
0.0 0.0 0.0
0.0 0.0 0.0
0.0 0.0 0.0
0.0 0.0 0.0
0.0 0.0 0.0
0.0 0.0 0.0
0.0 0.0 0.0
0.0 0.0 0.0
0.0 0.0 0.0
0.0 0.0 0.0
0.0 0.0 0.0
0.0 0.0 0.0
0.0 0.0 0.0
0.0 0.0 0.0
0.0 0.0 0.0
0.0 0.0 0.0
0.0 0.0 0.0
0.0 0.0 0.0
0.0 0.0 0.0
0.0 0.0 0.0
0.0 0.0 0.0
0.0 0.0 0.0
0.0 0.0 0.0
0.0 0.0 0.0
0.0 0.0 0.0
0.0 0.0 0.0
0.0 0.0 0.0
0.0 0.0 0.0
0.0 0.0 0.0
0.0 0.0 0.0
0.0 0.0 0.0
0.0 0.0 0.0
0.0 0.0 0.0
0.0 0.0 0.0
0.0 0.0 0.0
0.0 0.0 0.0
0.0 0.0 0.0
0.0 0.0 0.0
0.0 0.0 0.0
0.0 0.0 0.0
0.0 0.0 0.0
0.0 0.0 0.0
0.0 0.0 0.0
0.0 0.0 0.0
0.0 0.0 0.0
0.0 0.0 0.0
0.0 0.0 0.0
0.0 0.0 0.0
0.0 0.0 0.0
0.0 0.0 0.0
0.0 0.0 0.0
0.0 0.0 0.0
0.0 0.0 0.0
0.0 0.0 0.0
0.0 0.0 0.0
0.0 0.0 0.0
0.0 0.0 0.0
0.0 0.0 0.0
0.0 0.0 0.0
0.0 0.0 0.0
0.0 0.0 0.0
0.0 0.0 0.0
0.0 0.0 0.0
0.0 0.0 0.0
0.0 0.0 0.0
0.0 0.0 0.0
0.0 0.0 0.0
0.0 0.0 0.0
0.0 0.0 0.0
0.0 0.0 0.0
0.0 0.0 0.0
0.0 0.0 0.0
0.0 0.0 0.0
0.0 0.0 0.0
0.0 0.0 0.0
0.0 0.0 0.0
0.0 0.0 0.0
0.0 0.0 0.0
0.0 0.0 0.0
0.0 0.0 0.0
0.0 0.0 0.0
0.0 0.0 0.0
0.0 0.0 0.0
0.0 0.0 0.0
0.0 0.0 0.0
0.0 0.0 0.0
0.0 0.0 0.0
0.0 0.0 0.0
0.0 0.0 0.0
0.0 0.0 0.0
0.0 0.0 0.0
0.0 0.0 0.0
0.0 0.0 0.0
0.0 0.0 0.0
0.0 0.0 0.0
0.0 0.0 0.0
0.0 0.0 0.0
0.0 0.0 0.0
0.0 0.0 0.0
0.0 0.0 0.0
0.0 0.0 0.0
0.0 0.0 0.0
0.0 0.0 0.0
0.0 0.0 0.0
0.0 0.0 0.0
0.0 0.0 0.0
0.0 0.0 0.0
0.0 0.0 0.0
0.0 0.0 0.0
0.0 0.0 0.0
0.0 0.0 0.0
0.0 0.0 0.0
0.0 0.0 0.0
0.0 0.0 0.0
0.0 0.0 0.0
0.0 0.0 0.0
0.0 0.0 0.0
0.0 0.0 0.0
0.0 0.0 0.0
0.0 0.0 0.0
0.0 0.0 0.0
0.0 0.0 0.0
0.0 0.0 0.0
0.0 0.0 0.0
0.0 0.0 0.0
0.0 0.0 0.0
0.0 0.0 0.0
0.0 0.0 0.0
0.0 0.0 0.0
0.0 0.0 0.0
0.0 0.0 0.0
0.0 0.0 0.0
0.0 0.0 0.0
0.0 0.0 0.0
0.0 0.0 0.0
0.0 0.0 0.0
0.0 0.0 0.0
0.0 0.0 0.0
0.0 0.0 0.0
0.0 0.0 0.0
0.0 0.0 0.0
0.0 0.0 0.0
0.0 0.0 0.0
0.0 0.0 0.0
0.0 0.0 0.0
0.0 0.0 0.0
0.0 0.0 0.0
0.0 0.0 0.0
0.0 0.0 0.0
0.0 0.0 0.0
0.0 0.0 0.0
0.0 0.0 0.0
0.0 0.0 0.0
0.0 0.0 0.0
0.0 0.0 0.0
0.0 0.0 0.0
0.0 0.0 0.0
0.0 0.0 0.0
0.0 0.0 0.0
0.0 0.0 0.0
0.0 0.0 0.0
0.0 0.0 0.0
0.0 0.0 0.0
0.0 0.0 0.0
-30.25664710998535 205.53948974609375 13.236449241638184
0.0 0.0 0.0
0.0 0.0 0.0
0.0 0.0 0.0
0.0 0.0 0.0
0.0 0.0 0.0
0.0 0.0 0.0
0.0 0.0 0.0
0.0 0.0 0.0
0.0 0.0 0.0
0.0 0.0 0.0
0.0 0.0 0.0
0.0 0.0 0.0
0.0 0.0 0.0
0.0 0.0 0.0
0.0 0.0 0.0
0.0 0.0 0.0
0.0 0.0 0.0
0.0 0.0 0.0
0.0 0.0 0.0
0.0 0.0 0.0
0.0 0.0 0.0
0.0 0.0 0.0
0.0 0.0 0.0
0.0 0.0 0.0
0.0 0.0 0.0
0.0 0.0 0.0
0.0 0.0 0.0
0.0 0.0 0.0
0.0 0.0 0.0
0.0 0.0 0.0
0.0 0.0 0.0
0.0 0.0 0.0
0.0 0.0 0.0
0.0 0.0 0.0
0.0 0.0 0.0
0.0 0.0 0.0
0.0 0.0 0.0
0.0 0.0 0.0
0.0 0.0 0.0
0.0 0.0 0.0
0.0 0.0 0.0
0.0 0.0 0.0
0.0 0.0 0.0
0.0 0.0 0.0
0.0 0.0 0.0
0.0 0.0 0.0
0.0 0.0 0.0
0.0 0.0 0.0
0.0 0.0 0.0
0.0 0.0 0.0
0.0 0.0 0.0
0.0 0.0 0.0
0.0 0.0 0.0
0.0 0.0 0.0
0.0 0.0 0.0
0.0 0.0 0.0
0.0 0.0 0.0
0.0 0.0 0.0
0.0 0.0 0.0
0.0 0.0 0.0
0.0 0.0 0.0
0.0 0.0 0.0
0.0 0.0 0.0
0.0 0.0 0.0
0.0 0.0 0.0
0.0 0.0 0.0
0.0 0.0 0.0
0.0 0.0 0.0
0.0 0.0 0.0
0.0 0.0 0.0
0.0 0.0 0.0
0.0 0.0 0.0
0.0 0.0 0.0
0.0 0.0 0.0
0.0 0.0 0.0
0.0 0.0 0.0
0.0 0.0 0.0
0.0 0.0 0.0
0.0 0.0 0.0
0.0 0.0 0.0
0.0 0.0 0.0
0.0 0.0 0.0
0.0 0.0 0.0
0.0 0.0 0.0
0.0 0.0 0.0
0.0 0.0 0.0
0.0 0.0 0.0
0.0 0.0 0.0
0.0 0.0 0.0
0.0 0.0 0.0
0.0 0.0 0.0
0.0 0.0 0.0
0.0 0.0 0.0
0.0 0.0 0.0
0.0 0.0 0.0
0.0 0.0 0.0
0.0 0.0 0.0
0.0 0.0 0.0
0.0 0.0 0.0
0.0 0.0 0.0
0.0 0.0 0.0
0.0 0.0 0.0
0.0 0.0 0.0
0.0 0.0 0.0
0.0 0.0 0.0
0.0 0.0 0.0
0.0 0.0 0.0
0.0 0.0 0.0
0.0 0.0 0.0
0.0 0.0 0.0
0.0 0.0 0.0
0.0 0.0 0.0
0.0 0.0 0.0
0.0 0.0 0.0
0.0 0.0 0.0
0.0 0.0 0.0
0.0 0.0 0.0
0.0 0.0 0.0
0.0 0.0 0.0
0.0 0.0 0.0
0.0 0.0 0.0
0.0 0.0 0.0
0.0 0.0 0.0
0.0 0.0 0.0
0.0 0.0 0.0
0.0 0.0 0.0
0.0 0.0 0.0
0.0 0.0 0.0
0.0 0.0 0.0
0.0 0.0 0.0
0.0 0.0 0.0
0.0 0.0 0.0
0.0 0.0 0.0
0.0 0.0 0.0
0.0 0.0 0.0
0.0 0.0 0.0
0.0 0.0 0.0
0.0 0.0 0.0
0.0 0.0 0.0
0.0 0.0 0.0
0.0 0.0 0.0
0.0 0.0 0.0
0.0 0.0 0.0
0.0 0.0 0.0
0.0 0.0 0.0
0.0 0.0 0.0
0.0 0.0 0.0
0.0 0.0 0.0
0.0 0.0 0.0
0.0 0.0 0.0
0.0 0.0 0.0
0.0 0.0 0.0
0.0 0.0 0.0
0.0 0.0 0.0
0.0 0.0 0.0
0.0 0.0 0.0
0.0 0.0 0.0
0.0 0.0 0.0
0.0 0.0 0.0
0.0 0.0 0.0
0.0 0.0 0.0
0.0 0.0 0.0
0.0 0.0 0.0
0.0 0.0 0.0
0.0 0.0 0.0
0.0 0.0 0.0
0.0 0.0 0.0
0.0 0.0 0.0
0.0 0.0 0.0
0.0 0.0 0.0
0.0 0.0 0.0
0.0 0.0 0.0
3.297750949859619 36.486297607421875 -1.9614946842193604
0.0 0.0 0.0
0.0 0.0 0.0
0.0 0.0 0.0
0.0 0.0 0.0
0.0 0.0 0.0
0.0 0.0 0.0
5.2181243896484375 37.283180236816406 -1.9916311502456665
0.0 0.0 0.0
0.0 0.0 0.0
0.0 0.0 0.0
0.0 0.0 0.0
6.5541887283325195 37.322505950927734 -1.9798452854156494
0.0 0.0 0.0
0.0 0.0 0.0
0.0 0.0 0.0
0.0 0.0 0.0
0.0 0.0 0.0
0.0 0.0 0.0
0.0 0.0 0.0
0.0 0.0 0.0
0.0 0.0 0.0
0.0 0.0 0.0
0.0 0.0 0.0
0.0 0.0 0.0
0.0 0.0 0.0
0.0 0.0 0.0
0.0 0.0 0.0
0.0 0.0 0.0
0.0 0.0 0.0
0.0 0.0 0.0
0.0 0.0 0.0
0.0 0.0 0.0
0.0 0.0 0.0
0.0 0.0 0.0
0.0 0.0 0.0
0.0 0.0 0.0
0.0 0.0 0.0
0.0 0.0 0.0
0.0 0.0 0.0
0.0 0.0 0.0
0.0 0.0 0.0
0.0 0.0 0.0
0.0 0.0 0.0
0.0 0.0 0.0
0.0 0.0 0.0
0.0 0.0 0.0
0.0 0.0 0.0
0.0 0.0 0.0
0.0 0.0 0.0
0.0 0.0 0.0
0.0 0.0 0.0
0.0 0.0 0.0
0.0 0.0 0.0
0.0 0.0 0.0
0.0 0.0 0.0
0.0 0.0 0.0
0.0 0.0 0.0
0.0 0.0 0.0
0.0 0.0 0.0
0.0 0.0 0.0
0.0 0.0 0.0
0.0 0.0 0.0
0.0 0.0 0.0
0.0 0.0 0.0
0.0 0.0 0.0
0.0 0.0 0.0
0.0 0.0 0.0
0.0 0.0 0.0
0.0 0.0 0.0
0.0 0.0 0.0
0.0 0.0 0.0
0.0 0.0 0.0
0.0 0.0 0.0
0.0 0.0 0.0
0.0 0.0 0.0
0.0 0.0 0.0
0.0 0.0 0.0
0.0 0.0 0.0
0.0 0.0 0.0
0.0 0.0 0.0
0.0 0.0 0.0
0.0 0.0 0.0
0.0 0.0 0.0
0.0 0.0 0.0
0.0 0.0 0.0
0.0 0.0 0.0
0.0 0.0 0.0
0.0 0.0 0.0
0.0 0.0 0.0
0.0 0.0 0.0
0.0 0.0 0.0
0.0 0.0 0.0
0.0 0.0 0.0
0.0 0.0 0.0
0.0 0.0 0.0
0.0 0.0 0.0
0.0 0.0 0.0
0.0 0.0 0.0
0.0 0.0 0.0
0.0 0.0 0.0
0.0 0.0 0.0
0.0 0.0 0.0
0.0 0.0 0.0
0.0 0.0 0.0
0.0 0.0 0.0
0.0 0.0 0.0
0.0 0.0 0.0
0.0 0.0 0.0
0.0 0.0 0.0
0.0 0.0 0.0
0.0 0.0 0.0
0.0 0.0 0.0
0.0 0.0 0.0
0.0 0.0 0.0
0.0 0.0 0.0
0.0 0.0 0.0
0.0 0.0 0.0
0.0 0.0 0.0
0.0 0.0 0.0
0.0 0.0 0.0
0.0 0.0 0.0
0.0 0.0 0.0
0.0 0.0 0.0
0.0 0.0 0.0
0.0 0.0 0.0
0.0 0.0 0.0
0.0 0.0 0.0
0.0 0.0 0.0
0.0 0.0 0.0
0.0 0.0 0.0
0.0 0.0 0.0
0.0 0.0 0.0
0.0 0.0 0.0
0.0 0.0 0.0
0.0 0.0 0.0
0.0 0.0 0.0
0.0 0.0 0.0
0.0 0.0 0.0
0.0 0.0 0.0
0.0 0.0 0.0
0.0 0.0 0.0
0.0 0.0 0.0
0.0 0.0 0.0
0.0 0.0 0.0
0.0 0.0 0.0
0.0 0.0 0.0
0.0 0.0 0.0
0.0 0.0 0.0
0.0 0.0 0.0
0.0 0.0 0.0
0.0 0.0 0.0
0.0 0.0 0.0
0.0 0.0 0.0
0.0 0.0 0.0
0.0 0.0 0.0
0.0 0.0 0.0
0.0 0.0 0.0
0.0 0.0 0.0
0.0 0.0 0.0
0.0 0.0 0.0
0.0 0.0 0.0
0.0 0.0 0.0
0.0 0.0 0.0
0.0 0.0 0.0
0.0 0.0 0.0
0.0 0.0 0.0
0.0 0.0 0.0
0.0 0.0 0.0
0.0 0.0 0.0
0.0 0.0 0.0
0.0 0.0 0.0
0.0 0.0 0.0
0.0 0.0 0.0
0.0 0.0 0.0
0.0 0.0 0.0
0.0 0.0 0.0
0.0 0.0 0.0
0.0 0.0 0.0
0.0 0.0 0.0
0.0 0.0 0.0
0.0 0.0 0.0
0.0 0.0 0.0
0.0 0.0 0.0
0.0 0.0 0.0
0.0 0.0 0.0
0.0 0.0 0.0
0.0 0.0 0.0
0.0 0.0 0.0
0.0 0.0 0.0
0.0 0.0 0.0
0.0 0.0 0.0
0.0 0.0 0.0
0.0 0.0 0.0
0.0 0.0 0.0
0.0 0.0 0.0
0.0 0.0 0.0
0.0 0.0 0.0
0.0 0.0 0.0
0.0 0.0 0.0
0.0 0.0 0.0
0.0 0.0 0.0
0.0 0.0 0.0
0.0 0.0 0.0
0.0 0.0 0.0
0.0 0.0 0.0
0.0 0.0 0.0
0.0 0.0 0.0
0.0 0.0 0.0
0.0 0.0 0.0
0.0 0.0 0.0
0.0 0.0 0.0
0.0 0.0 0.0
0.0 0.0 0.0
0.0 0.0 0.0
0.0 0.0 0.0
0.0 0.0 0.0
0.0 0.0 0.0
0.0 0.0 0.0
0.0 0.0 0.0
0.0 0.0 0.0
0.0 0.0 0.0
0.0 0.0 0.0
0.0 0.0 0.0
0.0 0.0 0.0
0.0 0.0 0.0
0.0 0.0 0.0
0.0 0.0 0.0
0.0 0.0 0.0
0.0 0.0 0.0
0.0 0.0 0.0
0.0 0.0 0.0
0.0 0.0 0.0
0.0 0.0 0.0
0.0 0.0 0.0
0.0 0.0 0.0
0.0 0.0 0.0
0.0 0.0 0.0
0.0 0.0 0.0
0.0 0.0 0.0
0.0 0.0 0.0
0.0 0.0 0.0
0.0 0.0 0.0
0.0 0.0 0.0
0.0 0.0 0.0
0.0 0.0 0.0
0.0 0.0 0.0
0.0 0.0 0.0
0.0 0.0 0.0
0.0 0.0 0.0
0.0 0.0 0.0
0.0 0.0 0.0
0.0 0.0 0.0
0.0 0.0 0.0
0.0 0.0 0.0
0.0 0.0 0.0
0.0 0.0 0.0
0.0 0.0 0.0
0.0 0.0 0.0
0.0 0.0 0.0
0.0 0.0 0.0
0.0 0.0 0.0
0.0 0.0 0.0
0.0 0.0 0.0
0.0 0.0 0.0
0.0 0.0 0.0
0.0 0.0 0.0
0.0 0.0 0.0
0.0 0.0 0.0
0.0 0.0 0.0
0.0 0.0 0.0
0.0 0.0 0.0
0.0 0.0 0.0
0.0 0.0 0.0
0.0 0.0 0.0
0.0 0.0 0.0
0.0 0.0 0.0
0.0 0.0 0.0
0.0 0.0 0.0
0.0 0.0 0.0
0.0 0.0 0.0
0.0 0.0 0.0
0.0 0.0 0.0
0.0 0.0 0.0
0.0 0.0 0.0
0.0 0.0 0.0
0.0 0.0 0.0
0.0 0.0 0.0
0.0 0.0 0.0
0.0 0.0 0.0
0.0 0.0 0.0
0.0 0.0 0.0
0.0 0.0 0.0
0.0 0.0 0.0
0.0 0.0 0.0
0.0 0.0 0.0
0.0 0.0 0.0
0.0 0.0 0.0
0.0 0.0 0.0
0.0 0.0 0.0
0.0 0.0 0.0
0.0 0.0 0.0
0.0 0.0 0.0
0.0 0.0 0.0
0.0 0.0 0.0
0.0 0.0 0.0
0.0 0.0 0.0
0.0 0.0 0.0
0.0 0.0 0.0
0.0 0.0 0.0
0.0 0.0 0.0
0.0 0.0 0.0
0.0 0.0 0.0
0.0 0.0 0.0
0.0 0.0 0.0
0.0 0.0 0.0
0.0 0.0 0.0
0.0 0.0 0.0
0.0 0.0 0.0
0.0 0.0 0.0
0.0 0.0 0.0
0.0 0.0 0.0
0.0 0.0 0.0
0.0 0.0 0.0
0.0 0.0 0.0
0.0 0.0 0.0
0.0 0.0 0.0
0.0 0.0 0.0
0.0 0.0 0.0
0.0 0.0 0.0
-4.660470008850098 35.734352111816406 -1.8025379180908203
0.0 0.0 0.0
0.0 0.0 0.0
0.0 0.0 0.0
0.0 0.0 0.0
0.0 0.0 0.0
0.0 0.0 0.0
0.0 0.0 0.0
0.0 0.0 0.0
0.0 0.0 0.0
0.0 0.0 0.0
0.0 0.0 0.0
0.0 0.0 0.0
0.0 0.0 0.0
0.0 0.0 0.0
0.0 0.0 0.0
0.0 0.0 0.0
0.0 0.0 0.0
-0.14868086576461792 36.631282806396484 -1.8778928518295288
0.0 0.0 0.0
0.0 0.0 0.0
0.0 0.0 0.0
0.0 0.0 0.0
0.0 0.0 0.0
0.0 0.0 0.0
0.0 0.0 0.0
0.0 0.0 0.0
0.0 0.0 0.0
0.0 0.0 0.0
0.0 0.0 0.0
0.0 0.0 0.0
0.0 0.0 0.0
0.0 0.0 0.0
0.0 0.0 0.0
0.0 0.0 0.0
0.0 0.0 0.0
0.0 0.0 0.0
0.0 0.0 0.0
0.0 0.0 0.0
0.0 0.0 0.0
0.0 0.0 0.0
0.0 0.0 0.0
0.0 0.0 0.0
0.0 0.0 0.0
0.0 0.0 0.0
0.0 0.0 0.0
0.0 0.0 0.0
0.0 0.0 0.0
0.0 0.0 0.0
0.0 0.0 0.0
0.0 0.0 0.0
0.0 0.0 0.0
0.0 0.0 0.0
0.0 0.0 0.0
0.0 0.0 0.0
0.0 0.0 0.0
10.3190336227417 38.627681732177734 -1.8994721174240112
0.0 0.0 0.0
0.0 0.0 0.0
0.0 0.0 0.0
0.0 0.0 0.0
0.0 0.0 0.0
0.0 0.0 0.0
0.0 0.0 0.0
0.0 0.0 0.0
0.0 0.0 0.0
0.0 0.0 0.0
0.0 0.0 0.0
0.0 0.0 0.0
0.0 0.0 0.0
0.0 0.0 0.0
0.0 0.0 0.0
0.0 0.0 0.0
0.0 0.0 0.0
0.0 0.0 0.0
0.0 0.0 0.0
0.0 0.0 0.0
0.0 0.0 0.0
0.0 0.0 0.0
0.0 0.0 0.0
0.0 0.0 0.0
0.0 0.0 0.0
0.0 0.0 0.0
0.0 0.0 0.0
0.0 0.0 0.0
0.0 0.0 0.0
0.0 0.0 0.0
0.0 0.0 0.0
0.0 0.0 0.0
0.0 0.0 0.0
0.0 0.0 0.0
0.0 0.0 0.0
0.0 0.0 0.0
0.0 0.0 0.0
0.0 0.0 0.0
0.0 0.0 0.0
0.0 0.0 0.0
0.0 0.0 0.0
0.0 0.0 0.0
0.0 0.0 0.0
0.0 0.0 0.0
0.0 0.0 0.0
0.0 0.0 0.0
0.0 0.0 0.0
0.0 0.0 0.0
0.0 0.0 0.0
0.0 0.0 0.0
0.0 0.0 0.0
0.0 0.0 0.0
0.0 0.0 0.0
0.0 0.0 0.0
0.0 0.0 0.0
0.0 0.0 0.0
0.0 0.0 0.0
0.0 0.0 0.0
0.0 0.0 0.0
0.0 0.0 0.0
0.0 0.0 0.0
0.0 0.0 0.0
0.0 0.0 0.0
0.0 0.0 0.0
0.0 0.0 0.0
0.0 0.0 0.0
0.0 0.0 0.0
0.0 0.0 0.0
0.0 0.0 0.0
0.0 0.0 0.0
0.0 0.0 0.0
0.0 0.0 0.0
0.0 0.0 0.0
0.0 0.0 0.0
0.0 0.0 0.0
0.0 0.0 0.0
0.0 0.0 0.0
0.0 0.0 0.0
0.0 0.0 0.0
0.0 0.0 0.0
0.0 0.0 0.0
0.0 0.0 0.0
0.0 0.0 0.0
0.0 0.0 0.0
0.0 0.0 0.0
0.0 0.0 0.0
0.0 0.0 0.0
0.0 0.0 0.0
0.0 0.0 0.0
0.0 0.0 0.0
0.0 0.0 0.0
0.0 0.0 0.0
0.0 0.0 0.0
0.0 0.0 0.0
0.0 0.0 0.0
0.0 0.0 0.0
0.0 0.0 0.0
0.0 0.0 0.0
0.0 0.0 0.0
0.0 0.0 0.0
0.0 0.0 0.0
0.0 0.0 0.0
0.0 0.0 0.0
0.0 0.0 0.0
0.0 0.0 0.0
0.0 0.0 0.0
0.0 0.0 0.0
0.0 0.0 0.0
0.0 0.0 0.0
0.0 0.0 0.0
0.0 0.0 0.0
0.0 0.0 0.0
0.0 0.0 0.0
0.0 0.0 0.0
0.0 0.0 0.0
0.0 0.0 0.0
0.0 0.0 0.0
0.0 0.0 0.0
0.0 0.0 0.0
0.0 0.0 0.0
0.0 0.0 0.0
0.0 0.0 0.0
0.0 0.0 0.0
0.0 0.0 0.0
0.0 0.0 0.0
0.0 0.0 0.0
0.0 0.0 0.0
0.0 0.0 0.0
0.0 0.0 0.0
0.0 0.0 0.0
0.0 0.0 0.0
0.0 0.0 0.0
0.0 0.0 0.0
0.0 0.0 0.0
0.0 0.0 0.0
0.0 0.0 0.0
0.0 0.0 0.0
0.0 0.0 0.0
0.0 0.0 0.0
0.0 0.0 0.0
0.0 0.0 0.0
0.0 0.0 0.0
0.0 0.0 0.0
0.0 0.0 0.0
0.0 0.0 0.0
0.0 0.0 0.0
0.0 0.0 0.0
0.0 0.0 0.0
0.0 0.0 0.0
0.0 0.0 0.0
0.0 0.0 0.0
0.0 0.0 0.0
0.0 0.0 0.0
0.0 0.0 0.0
0.0 0.0 0.0
0.0 0.0 0.0
0.0 0.0 0.0
0.0 0.0 0.0
0.0 0.0 0.0
0.0 0.0 0.0
0.0 0.0 0.0
0.0 0.0 0.0
0.0 0.0 0.0
0.0 0.0 0.0
0.0 0.0 0.0
0.0 0.0 0.0
0.0 0.0 0.0
0.0 0.0 0.0
0.0 0.0 0.0
0.0 0.0 0.0
0.0 0.0 0.0
0.0 0.0 0.0
0.0 0.0 0.0
0.0 0.0 0.0
0.0 0.0 0.0
0.0 0.0 0.0
0.0 0.0 0.0
0.0 0.0 0.0
0.0 0.0 0.0
0.0 0.0 0.0
0.0 0.0 0.0
0.0 0.0 0.0
0.0 0.0 0.0
0.0 0.0 0.0
0.0 0.0 0.0
0.0 0.0 0.0
0.0 0.0 0.0
0.0 0.0 0.0
0.0 0.0 0.0
0.0 0.0 0.0
0.0 0.0 0.0
0.0 0.0 0.0
0.0 0.0 0.0
0.0 0.0 0.0
0.0 0.0 0.0
0.0 0.0 0.0
0.0 0.0 0.0
0.0 0.0 0.0
0.0 0.0 0.0
0.0 0.0 0.0
0.0 0.0 0.0
0.0 0.0 0.0
0.0 0.0 0.0
0.0 0.0 0.0
0.0 0.0 0.0
0.0 0.0 0.0
0.0 0.0 0.0
0.0 0.0 0.0
0.0 0.0 0.0
0.0 0.0 0.0
0.0 0.0 0.0
0.0 0.0 0.0
0.0 0.0 0.0
0.0 0.0 0.0
0.0 0.0 0.0
0.0 0.0 0.0
0.0 0.0 0.0
0.0 0.0 0.0
0.0 0.0 0.0
0.0 0.0 0.0
0.0 0.0 0.0
0.0 0.0 0.0
0.0 0.0 0.0
0.0 0.0 0.0
0.0 0.0 0.0
0.0 0.0 0.0
0.0 0.0 0.0
0.0 0.0 0.0
0.0 0.0 0.0
0.0 0.0 0.0
0.0 0.0 0.0
0.0 0.0 0.0
0.0 0.0 0.0
0.0 0.0 0.0
0.0 0.0 0.0
0.0 0.0 0.0
0.0 0.0 0.0
0.0 0.0 0.0
0.0 0.0 0.0
0.0 0.0 0.0
0.0 0.0 0.0
0.0 0.0 0.0
0.0 0.0 0.0
0.0 0.0 0.0
0.0 0.0 0.0
0.0 0.0 0.0
0.0 0.0 0.0
0.0 0.0 0.0
0.0 0.0 0.0
0.0 0.0 0.0
0.0 0.0 0.0
0.0 0.0 0.0
0.0 0.0 0.0
0.0 0.0 0.0
0.0 0.0 0.0
0.0 0.0 0.0
0.0 0.0 0.0
0.0 0.0 0.0
0.0 0.0 0.0
0.0 0.0 0.0
0.0 0.0 0.0
0.0 0.0 0.0
0.0 0.0 0.0
0.0 0.0 0.0
0.0 0.0 0.0
0.0 0.0 0.0
0.0 0.0 0.0
0.0 0.0 0.0
0.0 0.0 0.0
0.0 0.0 0.0
0.0 0.0 0.0
0.0 0.0 0.0
0.0 0.0 0.0
0.0 0.0 0.0
0.0 0.0 0.0
0.0 0.0 0.0
0.0 0.0 0.0
0.0 0.0 0.0
0.0 0.0 0.0
0.0 0.0 0.0
0.0 0.0 0.0
0.0 0.0 0.0
0.0 0.0 0.0
0.0 0.0 0.0
0.0 0.0 0.0
0.0 0.0 0.0
-9.876611709594727 36.25992965698242 -1.6501096487045288
0.0 0.0 0.0
0.0 0.0 0.0
0.0 0.0 0.0
0.0 0.0 0.0
0.0 0.0 0.0
0.0 0.0 0.0
0.0 0.0 0.0
0.0 0.0 0.0
0.0 0.0 0.0
0.0 0.0 0.0
0.0 0.0 0.0
0.0 0.0 0.0
0.0 0.0 0.0
0.0 0.0 0.0
0.0 0.0 0.0
0.0 0.0 0.0
0.0 0.0 0.0
0.0 0.0 0.0
0.0 0.0 0.0
0.0 0.0 0.0
0.0 0.0 0.0
-4.135464668273926 36.69852066040039 -1.7588945627212524
0.0 0.0 0.0
0.0 0.0 0.0
0.0 0.0 0.0
0.0 0.0 0.0
0.0 0.0 0.0
0.0 0.0 0.0
0.0 0.0 0.0
0.0 0.0 0.0
0.0 0.0 0.0
0.0 0.0 0.0
0.0 0.0 0.0
0.0 0.0 0.0
0.0 0.0 0.0
0.0 0.0 0.0
-0.2765982747077942 37.03341293334961 -1.7992342710494995
0.0 0.0 0.0
0.0 0.0 0.0
0.0 0.0 0.0
0.0 0.0 0.0
0.0 0.0 0.0
0.0 0.0 0.0
0.0 0.0 0.0
0.0 0.0 0.0
0.0 0.0 0.0
0.0 0.0 0.0
0.0 0.0 0.0
0.0 0.0 0.0
0.0 0.0 0.0
0.0 0.0 0.0
0.0 0.0 0.0
0.0 0.0 0.0
0.0 0.0 0.0
0.0 0.0 0.0
0.0 0.0 0.0
0.0 0.0 0.0
0.0 0.0 0.0
0.0 0.0 0.0
0.0 0.0 0.0
0.0 0.0 0.0
0.0 0.0 0.0
0.0 0.0 0.0
0.0 0.0 0.0
0.0 0.0 0.0
0.0 0.0 0.0
0.0 0.0 0.0
0.0 0.0 0.0
0.0 0.0 0.0
0.0 0.0 0.0
0.0 0.0 0.0
0.0 0.0 0.0
0.0 0.0 0.0
0.0 0.0 0.0
0.0 0.0 0.0
0.0 0.0 0.0
0.0 0.0 0.0
0.0 0.0 0.0
0.0 0.0 0.0
0.0 0.0 0.0
0.0 0.0 0.0
0.0 0.0 0.0
0.0 0.0 0.0
0.0 0.0 0.0
0.0 0.0 0.0
0.0 0.0 0.0
0.0 0.0 0.0
0.0 0.0 0.0
0.0 0.0 0.0
0.0 0.0 0.0
0.0 0.0 0.0
0.0 0.0 0.0
0.0 0.0 0.0
0.0 0.0 0.0
0.0 0.0 0.0
0.0 0.0 0.0
0.0 0.0 0.0
0.0 0.0 0.0
0.0 0.0 0.0
0.0 0.0 0.0
0.0 0.0 0.0
0.0 0.0 0.0
0.0 0.0 0.0
0.0 0.0 0.0
0.0 0.0 0.0
0.0 0.0 0.0
0.0 0.0 0.0
0.0 0.0 0.0
0.0 0.0 0.0
0.0 0.0 0.0
0.0 0.0 0.0
0.0 0.0 0.0
0.0 0.0 0.0
0.0 0.0 0.0
0.0 0.0 0.0
0.0 0.0 0.0
0.0 0.0 0.0
0.0 0.0 0.0
0.0 0.0 0.0
0.0 0.0 0.0
0.0 0.0 0.0
0.0 0.0 0.0
0.0 0.0 0.0
0.0 0.0 0.0
0.0 0.0 0.0
0.0 0.0 0.0
0.0 0.0 0.0
0.0 0.0 0.0
0.0 0.0 0.0
0.0 0.0 0.0
0.0 0.0 0.0
0.0 0.0 0.0
0.0 0.0 0.0
0.0 0.0 0.0
0.0 0.0 0.0
0.0 0.0 0.0
0.0 0.0 0.0
0.0 0.0 0.0
0.0 0.0 0.0
0.0 0.0 0.0
0.0 0.0 0.0
0.0 0.0 0.0
0.0 0.0 0.0
0.0 0.0 0.0
0.0 0.0 0.0
0.0 0.0 0.0
0.0 0.0 0.0
0.0 0.0 0.0
0.0 0.0 0.0
0.0 0.0 0.0
0.0 0.0 0.0
0.0 0.0 0.0
0.0 0.0 0.0
0.0 0.0 0.0
0.0 0.0 0.0
0.0 0.0 0.0
0.0 0.0 0.0
0.0 0.0 0.0
0.0 0.0 0.0
0.0 0.0 0.0
0.0 0.0 0.0
0.0 0.0 0.0
0.0 0.0 0.0
0.0 0.0 0.0
0.0 0.0 0.0
0.0 0.0 0.0
0.0 0.0 0.0
0.0 0.0 0.0
0.0 0.0 0.0
0.0 0.0 0.0
0.0 0.0 0.0
0.0 0.0 0.0
0.0 0.0 0.0
0.0 0.0 0.0
0.0 0.0 0.0
0.0 0.0 0.0
0.0 0.0 0.0
0.0 0.0 0.0
0.0 0.0 0.0
0.0 0.0 0.0
0.0 0.0 0.0
0.0 0.0 0.0
0.0 0.0 0.0
0.0 0.0 0.0
0.0 0.0 0.0
0.0 0.0 0.0
0.0 0.0 0.0
0.0 0.0 0.0
0.0 0.0 0.0
0.0 0.0 0.0
0.0 0.0 0.0
0.0 0.0 0.0
0.0 0.0 0.0
0.0 0.0 0.0
0.0 0.0 0.0
0.0 0.0 0.0
0.0 0.0 0.0
0.0 0.0 0.0
0.0 0.0 0.0
0.0 0.0 0.0
0.0 0.0 0.0
0.0 0.0 0.0
0.0 0.0 0.0
0.0 0.0 0.0
0.0 0.0 0.0
0.0 0.0 0.0
0.0 0.0 0.0
0.0 0.0 0.0
0.0 0.0 0.0
0.0 0.0 0.0
0.0 0.0 0.0
0.0 0.0 0.0
0.0 0.0 0.0
0.0 0.0 0.0
0.0 0.0 0.0
0.0 0.0 0.0
0.0 0.0 0.0
0.0 0.0 0.0
0.0 0.0 0.0
0.0 0.0 0.0
0.0 0.0 0.0
0.0 0.0 0.0
0.0 0.0 0.0
0.0 0.0 0.0
0.0 0.0 0.0
0.0 0.0 0.0
0.0 0.0 0.0
0.0 0.0 0.0
0.0 0.0 0.0
0.0 0.0 0.0
0.0 0.0 0.0
0.0 0.0 0.0
0.0 0.0 0.0
0.0 0.0 0.0
0.0 0.0 0.0
0.0 0.0 0.0
0.0 0.0 0.0
0.0 0.0 0.0
0.0 0.0 0.0
0.0 0.0 0.0
0.0 0.0 0.0
0.0 0.0 0.0
0.0 0.0 0.0
0.0 0.0 0.0
0.0 0.0 0.0
0.0 0.0 0.0
0.0 0.0 0.0
0.0 0.0 0.0
0.0 0.0 0.0
0.0 0.0 0.0
0.0 0.0 0.0
0.0 0.0 0.0
0.0 0.0 0.0
0.0 0.0 0.0
0.0 0.0 0.0
0.0 0.0 0.0
0.0 0.0 0.0
0.0 0.0 0.0
0.0 0.0 0.0
0.0 0.0 0.0
0.0 0.0 0.0
0.0 0.0 0.0
0.0 0.0 0.0
0.0 0.0 0.0
0.0 0.0 0.0
0.0 0.0 0.0
0.0 0.0 0.0
0.0 0.0 0.0
0.0 0.0 0.0
0.0 0.0 0.0
0.0 0.0 0.0
0.0 0.0 0.0
0.0 0.0 0.0
0.0 0.0 0.0
0.0 0.0 0.0
0.0 0.0 0.0
0.0 0.0 0.0
0.0 0.0 0.0
0.0 0.0 0.0
0.0 0.0 0.0
0.0 0.0 0.0
0.0 0.0 0.0
0.0 0.0 0.0
0.0 0.0 0.0
0.0 0.0 0.0
0.0 0.0 0.0
0.0 0.0 0.0
0.0 0.0 0.0
0.0 0.0 0.0
0.0 0.0 0.0
0.0 0.0 0.0
0.0 0.0 0.0
0.0 0.0 0.0
0.0 0.0 0.0
0.0 0.0 0.0
0.0 0.0 0.0
0.0 0.0 0.0
0.0 0.0 0.0
0.0 0.0 0.0
0.0 0.0 0.0
0.0 0.0 0.0
0.0 0.0 0.0
0.0 0.0 0.0
0.0 0.0 0.0
0.0 0.0 0.0
0.0 0.0 0.0
0.0 0.0 0.0
0.0 0.0 0.0
0.0 0.0 0.0
0.0 0.0 0.0
0.0 0.0 0.0
0.0 0.0 0.0
0.0 0.0 0.0
0.0 0.0 0.0
0.0 0.0 0.0
0.0 0.0 0.0
0.0 0.0 0.0
0.0 0.0 0.0
0.0 0.0 0.0
0.0 0.0 0.0
0.0 0.0 0.0
0.0 0.0 0.0
0.0 0.0 0.0
0.0 0.0 0.0
0.0 0.0 0.0
0.0 0.0 0.0
0.0 0.0 0.0
0.0 0.0 0.0
0.0 0.0 0.0
0.0 0.0 0.0
0.0 0.0 0.0
0.0 0.0 0.0
0.0 0.0 0.0
0.0 0.0 0.0
0.0 0.0 0.0
0.0 0.0 0.0
0.0 0.0 0.0
0.0 0.0 0.0
0.0 0.0 0.0
0.0 0.0 0.0
0.0 0.0 0.0
0.0 0.0 0.0
0.0 0.0 0.0
0.0 0.0 0.0
0.0 0.0 0.0
0.0 0.0 0.0
0.0 0.0 0.0
0.0 0.0 0.0
0.0 0.0 0.0
0.0 0.0 0.0
0.0 0.0 0.0
0.0 0.0 0.0
0.0 0.0 0.0
0.0 0.0 0.0
0.0 0.0 0.0
0.0 0.0 0.0
0.0 0.0 0.0
0.0 0.0 0.0
0.0 0.0 0.0
0.0 0.0 0.0
0.0 0.0 0.0
0.0 0.0 0.0
0.0 0.0 0.0
0.0 0.0 0.0
0.0 0.0 0.0
0.0 0.0 0.0
0.0 0.0 0.0
0.0 0.0 0.0
0.0 0.0 0.0
0.0 0.0 0.0
0.0 0.0 0.0
0.0 0.0 0.0
0.0 0.0 0.0
0.0 0.0 0.0
0.0 0.0 0.0
0.0 0.0 0.0
0.0 0.0 0.0
0.0 0.0 0.0
0.0 0.0 0.0
0.0 0.0 0.0
0.0 0.0 0.0
0.0 0.0 0.0
0.0 0.0 0.0
0.0 0.0 0.0
0.0 0.0 0.0
0.0 0.0 0.0
0.0 0.0 0.0
0.0 0.0 0.0
0.0 0.0 0.0
0.0 0.0 0.0
0.0 0.0 0.0
0.0 0.0 0.0
0.0 0.0 0.0
0.0 0.0 0.0
0.0 0.0 0.0
0.0 0.0 0.0
0.0 0.0 0.0
0.0 0.0 0.0
0.0 0.0 0.0
0.0 0.0 0.0
0.3741697371006012 37.918975830078125 -1.7447110414505005
0.0 0.0 0.0
0.0 0.0 0.0
0.0 0.0 0.0
0.0 0.0 0.0
0.0 0.0 0.0
0.0 0.0 0.0
0.0 0.0 0.0
0.0 0.0 0.0
0.0 0.0 0.0
0.0 0.0 0.0
0.0 0.0 0.0
0.0 0.0 0.0
0.0 0.0 0.0
0.0 0.0 0.0
0.0 0.0 0.0
0.0 0.0 0.0
0.0 0.0 0.0
0.0 0.0 0.0
0.0 0.0 0.0
0.0 0.0 0.0
0.0 0.0 0.0
0.0 0.0 0.0
0.0 0.0 0.0
0.0 0.0 0.0
0.0 0.0 0.0
0.0 0.0 0.0
0.0 0.0 0.0
0.0 0.0 0.0
0.0 0.0 0.0
0.0 0.0 0.0
0.0 0.0 0.0
0.0 0.0 0.0
0.0 0.0 0.0
0.0 0.0 0.0
0.0 0.0 0.0
0.0 0.0 0.0
0.0 0.0 0.0
0.0 0.0 0.0
0.0 0.0 0.0
0.0 0.0 0.0
0.0 0.0 0.0
0.0 0.0 0.0
0.0 0.0 0.0
0.0 0.0 0.0
0.0 0.0 0.0
0.0 0.0 0.0
0.0 0.0 0.0
0.0 0.0 0.0
0.0 0.0 0.0
0.0 0.0 0.0
0.0 0.0 0.0
0.0 0.0 0.0
0.0 0.0 0.0
0.0 0.0 0.0
0.0 0.0 0.0
0.0 0.0 0.0
0.0 0.0 0.0
0.0 0.0 0.0
0.0 0.0 0.0
0.0 0.0 0.0
0.0 0.0 0.0
0.0 0.0 0.0
0.0 0.0 0.0
0.0 0.0 0.0
0.0 0.0 0.0
0.0 0.0 0.0
0.0 0.0 0.0
0.0 0.0 0.0
0.0 0.0 0.0
0.0 0.0 0.0
0.0 0.0 0.0
0.0 0.0 0.0
0.0 0.0 0.0
0.0 0.0 0.0
0.0 0.0 0.0
0.0 0.0 0.0
0.0 0.0 0.0
0.0 0.0 0.0
0.0 0.0 0.0
0.0 0.0 0.0
0.0 0.0 0.0
0.0 0.0 0.0
0.0 0.0 0.0
0.0 0.0 0.0
0.0 0.0 0.0
0.0 0.0 0.0
0.0 0.0 0.0
0.0 0.0 0.0
0.0 0.0 0.0
0.0 0.0 0.0
0.0 0.0 0.0
0.0 0.0 0.0
0.0 0.0 0.0
0.0 0.0 0.0
0.0 0.0 0.0
0.0 0.0 0.0
0.0 0.0 0.0
0.0 0.0 0.0
0.0 0.0 0.0
0.0 0.0 0.0
0.0 0.0 0.0
0.0 0.0 0.0
0.0 0.0 0.0
0.0 0.0 0.0
0.0 0.0 0.0
0.0 0.0 0.0
0.0 0.0 0.0
0.0 0.0 0.0
0.0 0.0 0.0
0.0 0.0 0.0
0.0 0.0 0.0
0.0 0.0 0.0
0.0 0.0 0.0
0.0 0.0 0.0
0.0 0.0 0.0
0.0 0.0 0.0
0.0 0.0 0.0
0.0 0.0 0.0
0.0 0.0 0.0
0.0 0.0 0.0
0.0 0.0 0.0
0.0 0.0 0.0
0.0 0.0 0.0
0.0 0.0 0.0
0.0 0.0 0.0
0.0 0.0 0.0
0.0 0.0 0.0
0.0 0.0 0.0
0.0 0.0 0.0
0.0 0.0 0.0
0.0 0.0 0.0
0.0 0.0 0.0
0.0 0.0 0.0
0.0 0.0 0.0
0.0 0.0 0.0
0.0 0.0 0.0
0.0 0.0 0.0
0.0 0.0 0.0
0.0 0.0 0.0
0.0 0.0 0.0
0.0 0.0 0.0
0.0 0.0 0.0
0.0 0.0 0.0
0.0 0.0 0.0
0.0 0.0 0.0
0.0 0.0 0.0
0.0 0.0 0.0
0.0 0.0 0.0
0.0 0.0 0.0
0.0 0.0 0.0
0.0 0.0 0.0
0.0 0.0 0.0
0.0 0.0 0.0
0.0 0.0 0.0
0.0 0.0 0.0
0.0 0.0 0.0
0.0 0.0 0.0
0.0 0.0 0.0
0.0 0.0 0.0
0.0 0.0 0.0
0.0 0.0 0.0
0.0 0.0 0.0
0.0 0.0 0.0
0.0 0.0 0.0
0.0 0.0 0.0
0.0 0.0 0.0
0.0 0.0 0.0
0.0 0.0 0.0
0.0 0.0 0.0
0.0 0.0 0.0
0.0 0.0 0.0
0.0 0.0 0.0
0.0 0.0 0.0
0.0 0.0 0.0
0.0 0.0 0.0
0.0 0.0 0.0
0.0 0.0 0.0
0.0 0.0 0.0
0.0 0.0 0.0
0.0 0.0 0.0
0.0 0.0 0.0
0.0 0.0 0.0
0.0 0.0 0.0
0.0 0.0 0.0
0.0 0.0 0.0
0.0 0.0 0.0
0.0 0.0 0.0
0.0 0.0 0.0
0.0 0.0 0.0
0.0 0.0 0.0
0.0 0.0 0.0
0.0 0.0 0.0
0.0 0.0 0.0
0.0 0.0 0.0
0.0 0.0 0.0
0.0 0.0 0.0
0.0 0.0 0.0
0.0 0.0 0.0
0.0 0.0 0.0
0.0 0.0 0.0
0.0 0.0 0.0
0.0 0.0 0.0
0.0 0.0 0.0
0.0 0.0 0.0
0.0 0.0 0.0
0.0 0.0 0.0
-46.79854202270508 246.02694702148438 13.109942436218262
0.0 0.0 0.0
0.0 0.0 0.0
0.0 0.0 0.0
0.0 0.0 0.0
0.0 0.0 0.0
0.0 0.0 0.0
0.0 0.0 0.0
0.0 0.0 0.0
0.0 0.0 0.0
0.0 0.0 0.0
0.0 0.0 0.0
0.0 0.0 0.0
0.0 0.0 0.0
0.0 0.0 0.0
0.0 0.0 0.0
0.0 0.0 0.0
0.0 0.0 0.0
0.0 0.0 0.0
0.0 0.0 0.0
0.0 0.0 0.0
0.0 0.0 0.0
0.0 0.0 0.0
0.0 0.0 0.0
0.0 0.0 0.0
0.0 0.0 0.0
0.0 0.0 0.0
0.0 0.0 0.0
0.0 0.0 0.0
0.0 0.0 0.0
0.0 0.0 0.0
0.0 0.0 0.0
0.0 0.0 0.0
0.0 0.0 0.0
0.0 0.0 0.0
0.0 0.0 0.0
0.0 0.0 0.0
0.0 0.0 0.0
0.0 0.0 0.0
0.0 0.0 0.0
0.0 0.0 0.0
0.0 0.0 0.0
0.0 0.0 0.0
0.0 0.0 0.0
0.0 0.0 0.0
0.0 0.0 0.0
0.0 0.0 0.0
0.0 0.0 0.0
0.0 0.0 0.0
0.0 0.0 0.0
0.0 0.0 0.0
0.0 0.0 0.0
0.0 0.0 0.0
0.0 0.0 0.0
0.0 0.0 0.0
0.0 0.0 0.0
0.0 0.0 0.0
0.0 0.0 0.0
0.0 0.0 0.0
0.0 0.0 0.0
0.0 0.0 0.0
0.0 0.0 0.0
0.0 0.0 0.0
0.0 0.0 0.0
0.0 0.0 0.0
0.0 0.0 0.0
0.0 0.0 0.0
0.0 0.0 0.0
0.0 0.0 0.0
0.0 0.0 0.0
0.0 0.0 0.0
0.0 0.0 0.0
0.0 0.0 0.0
0.0 0.0 0.0
0.0 0.0 0.0
0.0 0.0 0.0
0.0 0.0 0.0
0.0 0.0 0.0
0.0 0.0 0.0
0.0 0.0 0.0
0.0 0.0 0.0
0.0 0.0 0.0
0.0 0.0 0.0
0.0 0.0 0.0
0.0 0.0 0.0
0.0 0.0 0.0
0.0 0.0 0.0
0.0 0.0 0.0
0.0 0.0 0.0
0.0 0.0 0.0
0.0 0.0 0.0
0.0 0.0 0.0
0.0 0.0 0.0
0.0 0.0 0.0
0.0 0.0 0.0
0.0 0.0 0.0
0.0 0.0 0.0
0.0 0.0 0.0
0.0 0.0 0.0
0.0 0.0 0.0
0.0 0.0 0.0
0.0 0.0 0.0
0.0 0.0 0.0
0.0 0.0 0.0
0.0 0.0 0.0
0.0 0.0 0.0
0.0 0.0 0.0
0.0 0.0 0.0
0.0 0.0 0.0
0.0 0.0 0.0
0.0 0.0 0.0
0.0 0.0 0.0
0.0 0.0 0.0
0.0 0.0 0.0
0.0 0.0 0.0
0.0 0.0 0.0
0.0 0.0 0.0
0.0 0.0 0.0
0.0 0.0 0.0
0.0 0.0 0.0
0.0 0.0 0.0
0.0 0.0 0.0
0.0 0.0 0.0
0.0 0.0 0.0
0.0 0.0 0.0
0.0 0.0 0.0
0.0 0.0 0.0
0.0 0.0 0.0
0.0 0.0 0.0
0.0 0.0 0.0
0.0 0.0 0.0
0.0 0.0 0.0
0.0 0.0 0.0
0.0 0.0 0.0
0.0 0.0 0.0
0.0 0.0 0.0
0.0 0.0 0.0
0.0 0.0 0.0
0.0 0.0 0.0
0.0 0.0 0.0
0.0 0.0 0.0
0.0 0.0 0.0
0.0 0.0 0.0
0.0 0.0 0.0
0.0 0.0 0.0
0.0 0.0 0.0
0.0 0.0 0.0
0.0 0.0 0.0
0.0 0.0 0.0
0.0 0.0 0.0
0.0 0.0 0.0
0.0 0.0 0.0
0.0 0.0 0.0
0.0 0.0 0.0
-0.01921130158007145 38.51450729370117 -1.6718311309814453
0.0 0.0 0.0
0.5123347043991089 38.18325424194336 -1.657718300819397
0.0 0.0 0.0
0.0 0.0 0.0
0.0 0.0 0.0
0.0 0.0 0.0
1.869105577468872 38.65284729003906 -1.6779755353927612
0.0 0.0 0.0
0.0 0.0 0.0
0.0 0.0 0.0
0.0 0.0 0.0
0.0 0.0 0.0
0.0 0.0 0.0
0.0 0.0 0.0
0.0 0.0 0.0
0.0 0.0 0.0
4.616258144378662 38.9097900390625 -1.6819863319396973
0.0 0.0 0.0
0.0 0.0 0.0
0.0 0.0 0.0
0.0 0.0 0.0
0.0 0.0 0.0
0.0 0.0 0.0
0.0 0.0 0.0
0.0 0.0 0.0
0.0 0.0 0.0
0.0 0.0 0.0
0.0 0.0 0.0
0.0 0.0 0.0
0.0 0.0 0.0
0.0 0.0 0.0
0.0 0.0 0.0
0.0 0.0 0.0
0.0 0.0 0.0
0.0 0.0 0.0
0.0 0.0 0.0
0.0 0.0 0.0
0.0 0.0 0.0
0.0 0.0 0.0
0.0 0.0 0.0
0.0 0.0 0.0
0.0 0.0 0.0
0.0 0.0 0.0
0.0 0.0 0.0
0.0 0.0 0.0
0.0 0.0 0.0
0.0 0.0 0.0
0.0 0.0 0.0
0.0 0.0 0.0
0.0 0.0 0.0
0.0 0.0 0.0
0.0 0.0 0.0
0.0 0.0 0.0
0.0 0.0 0.0
0.0 0.0 0.0
0.0 0.0 0.0
0.0 0.0 0.0
0.0 0.0 0.0
0.0 0.0 0.0
0.0 0.0 0.0
0.0 0.0 0.0
0.0 0.0 0.0
0.0 0.0 0.0
0.0 0.0 0.0
0.0 0.0 0.0
0.0 0.0 0.0
0.0 0.0 0.0
0.0 0.0 0.0
0.0 0.0 0.0
0.0 0.0 0.0
0.0 0.0 0.0
0.0 0.0 0.0
0.0 0.0 0.0
0.0 0.0 0.0
0.0 0.0 0.0
0.0 0.0 0.0
0.0 0.0 0.0
0.0 0.0 0.0
0.0 0.0 0.0
0.0 0.0 0.0
0.0 0.0 0.0
0.0 0.0 0.0
0.0 0.0 0.0
0.0 0.0 0.0
0.0 0.0 0.0
0.0 0.0 0.0
0.0 0.0 0.0
0.0 0.0 0.0
0.0 0.0 0.0
0.0 0.0 0.0
0.0 0.0 0.0
0.0 0.0 0.0
0.0 0.0 0.0
0.0 0.0 0.0
0.0 0.0 0.0
0.0 0.0 0.0
0.0 0.0 0.0
0.0 0.0 0.0
0.0 0.0 0.0
0.0 0.0 0.0
0.0 0.0 0.0
0.0 0.0 0.0
0.0 0.0 0.0
0.0 0.0 0.0
0.0 0.0 0.0
0.0 0.0 0.0
0.0 0.0 0.0
0.0 0.0 0.0
0.0 0.0 0.0
0.0 0.0 0.0
0.0 0.0 0.0
0.0 0.0 0.0
0.0 0.0 0.0
0.0 0.0 0.0
0.0 0.0 0.0
0.0 0.0 0.0
0.0 0.0 0.0
0.0 0.0 0.0
0.0 0.0 0.0
0.0 0.0 0.0
0.0 0.0 0.0
0.0 0.0 0.0
0.0 0.0 0.0
0.0 0.0 0.0
0.0 0.0 0.0
0.0 0.0 0.0
0.0 0.0 0.0
0.0 0.0 0.0
0.0 0.0 0.0
0.0 0.0 0.0
0.0 0.0 0.0
0.0 0.0 0.0
0.0 0.0 0.0
0.0 0.0 0.0
0.0 0.0 0.0
0.0 0.0 0.0
0.0 0.0 0.0
0.0 0.0 0.0
0.0 0.0 0.0
0.0 0.0 0.0
0.0 0.0 0.0
0.0 0.0 0.0
0.0 0.0 0.0
0.0 0.0 0.0
0.0 0.0 0.0
0.0 0.0 0.0
0.0 0.0 0.0
0.0 0.0 0.0
0.0 0.0 0.0
0.0 0.0 0.0
0.0 0.0 0.0
0.0 0.0 0.0
0.0 0.0 0.0
0.0 0.0 0.0
0.0 0.0 0.0
0.0 0.0 0.0
0.0 0.0 0.0
0.0 0.0 0.0
0.0 0.0 0.0
0.0 0.0 0.0
0.0 0.0 0.0
0.0 0.0 0.0
0.0 0.0 0.0
0.0 0.0 0.0
0.0 0.0 0.0
0.0 0.0 0.0
0.0 0.0 0.0
0.0 0.0 0.0
0.0 0.0 0.0
0.0 0.0 0.0
0.0 0.0 0.0
0.0 0.0 0.0
0.0 0.0 0.0
0.0 0.0 0.0
0.0 0.0 0.0
0.0 0.0 0.0
0.0 0.0 0.0
0.0 0.0 0.0
0.0 0.0 0.0
0.0 0.0 0.0
0.0 0.0 0.0
0.0 0.0 0.0
0.0 0.0 0.0
0.0 0.0 0.0
0.0 0.0 0.0
0.0 0.0 0.0
0.0 0.0 0.0
0.0 0.0 0.0
0.0 0.0 0.0
0.0 0.0 0.0
0.0 0.0 0.0
0.0 0.0 0.0
0.0 0.0 0.0
0.0 0.0 0.0
0.0 0.0 0.0
0.0 0.0 0.0
0.0 0.0 0.0
0.0 0.0 0.0
0.0 0.0 0.0
0.0 0.0 0.0
0.0 0.0 0.0
0.0 0.0 0.0
0.0 0.0 0.0
0.0 0.0 0.0
0.0 0.0 0.0
0.0 0.0 0.0
0.0 0.0 0.0
0.0 0.0 0.0
0.0 0.0 0.0
0.0 0.0 0.0
0.0 0.0 0.0
0.0 0.0 0.0
0.0 0.0 0.0
0.0 0.0 0.0
0.0 0.0 0.0
0.0 0.0 0.0
0.0 0.0 0.0
0.0 0.0 0.0
0.0 0.0 0.0
0.0 0.0 0.0
0.0 0.0 0.0
0.0 0.0 0.0
0.0 0.0 0.0
0.0 0.0 0.0
0.0 0.0 0.0
0.0 0.0 0.0
0.0 0.0 0.0
0.0 0.0 0.0
0.0 0.0 0.0
0.0 0.0 0.0
0.0 0.0 0.0
0.0 0.0 0.0
0.0 0.0 0.0
0.0 0.0 0.0
0.0 0.0 0.0
0.0 0.0 0.0
0.0 0.0 0.0
0.0 0.0 0.0
0.0 0.0 0.0
0.0 0.0 0.0
0.0 0.0 0.0
0.0 0.0 0.0
0.0 0.0 0.0
0.0 0.0 0.0
0.0 0.0 0.0
0.0 0.0 0.0
0.0 0.0 0.0
0.0 0.0 0.0
0.0 0.0 0.0
0.0 0.0 0.0
0.0 0.0 0.0
0.0 0.0 0.0
0.0 0.0 0.0
0.0 0.0 0.0
0.0 0.0 0.0
0.0 0.0 0.0
0.0 0.0 0.0
0.0 0.0 0.0
0.0 0.0 0.0
0.0 0.0 0.0
0.0 0.0 0.0
0.0 0.0 0.0
0.0 0.0 0.0
0.0 0.0 0.0
0.0 0.0 0.0
0.0 0.0 0.0
0.0 0.0 0.0
0.0 0.0 0.0
0.0 0.0 0.0
0.0 0.0 0.0
0.0 0.0 0.0
0.0 0.0 0.0
0.0 0.0 0.0
0.0 0.0 0.0
0.0 0.0 0.0
0.0 0.0 0.0
0.0 0.0 0.0
0.0 0.0 0.0
0.0 0.0 0.0
0.0 0.0 0.0
0.0 0.0 0.0
0.0 0.0 0.0
0.0 0.0 0.0
0.0 0.0 0.0
0.0 0.0 0.0
0.0 0.0 0.0
0.0 0.0 0.0
0.0 0.0 0.0
0.0 0.0 0.0
0.0 0.0 0.0
0.0 0.0 0.0
0.0 0.0 0.0
0.0 0.0 0.0
0.0 0.0 0.0
0.0 0.0 0.0
0.0 0.0 0.0
0.0 0.0 0.0
0.0 0.0 0.0
0.0 0.0 0.0
0.0 0.0 0.0
0.0 0.0 0.0
0.0 0.0 0.0
0.0 0.0 0.0
0.0 0.0 0.0
0.0 0.0 0.0
0.0 0.0 0.0
0.0 0.0 0.0
0.0 0.0 0.0
0.0 0.0 0.0
0.0 0.0 0.0
0.0 0.0 0.0
0.0 0.0 0.0
0.0 0.0 0.0
0.0 0.0 0.0
0.0 0.0 0.0
0.0 0.0 0.0
0.0 0.0 0.0
0.0 0.0 0.0
0.0 0.0 0.0
0.0 0.0 0.0
0.0 0.0 0.0
0.0 0.0 0.0
0.0 0.0 0.0
0.0 0.0 0.0
0.0 0.0 0.0
0.0 0.0 0.0
0.0 0.0 0.0
0.0 0.0 0.0
0.0 0.0 0.0
0.0 0.0 0.0
0.0 0.0 0.0
0.0 0.0 0.0
0.0 0.0 0.0
0.0 0.0 0.0
0.0 0.0 0.0
0.0 0.0 0.0
0.0 0.0 0.0
0.0 0.0 0.0
0.0 0.0 0.0
0.0 0.0 0.0
0.0 0.0 0.0
0.0 0.0 0.0
0.0 0.0 0.0
0.0 0.0 0.0
0.0 0.0 0.0
0.0 0.0 0.0
0.0 0.0 0.0
0.0 0.0 0.0
0.0 0.0 0.0
0.0 0.0 0.0
0.0 0.0 0.0
0.0 0.0 0.0
0.0 0.0 0.0
0.0 0.0 0.0
0.0 0.0 0.0
0.0 0.0 0.0
0.0 0.0 0.0
0.0 0.0 0.0
0.0 0.0 0.0
0.0 0.0 0.0
0.0 0.0 0.0
0.0 0.0 0.0
0.0 0.0 0.0
0.0 0.0 0.0
0.0 0.0 0.0
0.0 0.0 0.0
0.0 0.0 0.0
1.7362359762191772 38.75712203979492 -1.5793639421463013
0.0 0.0 0.0
0.0 0.0 0.0
0.0 0.0 0.0
0.0 0.0 0.0
0.0 0.0 0.0
0.0 0.0 0.0
0.0 0.0 0.0
0.0 0.0 0.0
0.0 0.0 0.0
0.0 0.0 0.0
0.0 0.0 0.0
0.0 0.0 0.0
0.0 0.0 0.0
0.0 0.0 0.0
0.0 0.0 0.0
0.0 0.0 0.0
0.0 0.0 0.0
0.0 0.0 0.0
0.0 0.0 0.0
0.0 0.0 0.0
0.0 0.0 0.0
0.0 0.0 0.0
0.0 0.0 0.0
0.0 0.0 0.0
0.0 0.0 0.0
0.0 0.0 0.0
0.0 0.0 0.0
0.0 0.0 0.0
0.0 0.0 0.0
0.0 0.0 0.0
0.0 0.0 0.0
0.0 0.0 0.0
0.0 0.0 0.0
0.0 0.0 0.0
0.0 0.0 0.0
0.0 0.0 0.0
0.0 0.0 0.0
0.0 0.0 0.0
0.0 0.0 0.0
0.0 0.0 0.0
0.0 0.0 0.0
0.0 0.0 0.0
0.0 0.0 0.0
0.0 0.0 0.0
0.0 0.0 0.0
0.0 0.0 0.0
0.0 0.0 0.0
0.0 0.0 0.0
0.0 0.0 0.0
0.0 0.0 0.0
0.0 0.0 0.0
0.0 0.0 0.0
0.0 0.0 0.0
0.0 0.0 0.0
0.0 0.0 0.0
0.0 0.0 0.0
0.0 0.0 0.0
0.0 0.0 0.0
0.0 0.0 0.0
0.0 0.0 0.0
0.0 0.0 0.0
0.0 0.0 0.0
0.0 0.0 0.0
0.0 0.0 0.0
0.0 0.0 0.0
0.0 0.0 0.0
0.0 0.0 0.0
0.0 0.0 0.0
0.0 0.0 0.0
0.0 0.0 0.0
0.0 0.0 0.0
0.0 0.0 0.0
0.0 0.0 0.0
0.0 0.0 0.0
0.0 0.0 0.0
0.0 0.0 0.0
0.0 0.0 0.0
0.0 0.0 0.0
0.0 0.0 0.0
0.0 0.0 0.0
0.0 0.0 0.0
0.0 0.0 0.0
0.0 0.0 0.0
0.0 0.0 0.0
0.0 0.0 0.0
0.0 0.0 0.0
0.0 0.0 0.0
0.0 0.0 0.0
0.0 0.0 0.0
0.0 0.0 0.0
0.0 0.0 0.0
0.0 0.0 0.0
0.0 0.0 0.0
0.0 0.0 0.0
0.0 0.0 0.0
0.0 0.0 0.0
0.0 0.0 0.0
0.0 0.0 0.0
0.0 0.0 0.0
0.0 0.0 0.0
0.0 0.0 0.0
0.0 0.0 0.0
0.0 0.0 0.0
0.0 0.0 0.0
0.0 0.0 0.0
0.0 0.0 0.0
0.0 0.0 0.0
0.0 0.0 0.0
0.0 0.0 0.0
0.0 0.0 0.0
0.0 0.0 0.0
0.0 0.0 0.0
0.0 0.0 0.0
0.0 0.0 0.0
0.0 0.0 0.0
0.0 0.0 0.0
0.0 0.0 0.0
0.0 0.0 0.0
0.0 0.0 0.0
0.0 0.0 0.0
0.0 0.0 0.0
0.0 0.0 0.0
0.0 0.0 0.0
0.0 0.0 0.0
0.0 0.0 0.0
0.0 0.0 0.0
0.0 0.0 0.0
0.0 0.0 0.0
0.0 0.0 0.0
0.0 0.0 0.0
0.0 0.0 0.0
0.0 0.0 0.0
0.0 0.0 0.0
0.0 0.0 0.0
0.0 0.0 0.0
0.0 0.0 0.0
0.0 0.0 0.0
0.0 0.0 0.0
0.0 0.0 0.0
0.0 0.0 0.0
0.0 0.0 0.0
0.0 0.0 0.0
0.0 0.0 0.0
0.0 0.0 0.0
0.0 0.0 0.0
0.0 0.0 0.0
0.0 0.0 0.0
0.0 0.0 0.0
0.0 0.0 0.0
0.0 0.0 0.0
0.0 0.0 0.0
0.0 0.0 0.0
0.0 0.0 0.0
0.0 0.0 0.0
0.0 0.0 0.0
0.0 0.0 0.0
0.0 0.0 0.0
0.0 0.0 0.0
0.0 0.0 0.0
0.0 0.0 0.0
0.0 0.0 0.0
0.0 0.0 0.0
0.0 0.0 0.0
0.0 0.0 0.0
0.0 0.0 0.0
0.0 0.0 0.0
0.0 0.0 0.0
0.0 0.0 0.0
0.0 0.0 0.0
0.0 0.0 0.0
0.0 0.0 0.0
0.0 0.0 0.0
0.0 0.0 0.0
0.0 0.0 0.0
0.0 0.0 0.0
0.0 0.0 0.0
0.0 0.0 0.0
0.0 0.0 0.0
0.0 0.0 0.0
0.0 0.0 0.0
0.0 0.0 0.0
0.0 0.0 0.0
0.0 0.0 0.0
0.0 0.0 0.0
0.0 0.0 0.0
0.0 0.0 0.0
0.0 0.0 0.0
0.0 0.0 0.0
0.0 0.0 0.0
0.0 0.0 0.0
0.0 0.0 0.0
0.0 0.0 0.0
0.0 0.0 0.0
0.0 0.0 0.0
0.0 0.0 0.0
0.0 0.0 0.0
0.0 0.0 0.0
0.0 0.0 0.0
0.0 0.0 0.0
0.0 0.0 0.0
0.0 0.0 0.0
0.0 0.0 0.0
0.0 0.0 0.0
0.0 0.0 0.0
0.0 0.0 0.0
0.0 0.0 0.0
0.0 0.0 0.0
0.0 0.0 0.0
0.0 0.0 0.0
0.0 0.0 0.0
0.0 0.0 0.0
0.0 0.0 0.0
0.0 0.0 0.0
0.0 0.0 0.0
0.0 0.0 0.0
0.0 0.0 0.0
0.0 0.0 0.0
0.0 0.0 0.0
0.0 0.0 0.0
0.0 0.0 0.0
0.0 0.0 0.0
0.0 0.0 0.0
0.0 0.0 0.0
0.0 0.0 0.0
0.0 0.0 0.0
0.0 0.0 0.0
0.0 0.0 0.0
0.0 0.0 0.0
0.0 0.0 0.0
0.0 0.0 0.0
0.0 0.0 0.0
0.0 0.0 0.0
0.0 0.0 0.0
0.0 0.0 0.0
0.0 0.0 0.0
0.0 0.0 0.0
0.0 0.0 0.0
0.0 0.0 0.0
0.0 0.0 0.0
0.0 0.0 0.0
0.0 0.0 0.0
0.0 0.0 0.0
0.0 0.0 0.0
0.0 0.0 0.0
0.0 0.0 0.0
0.0 0.0 0.0
0.0 0.0 0.0
0.0 0.0 0.0
0.0 0.0 0.0
0.0 0.0 0.0
0.0 0.0 0.0
0.0 0.0 0.0
0.0 0.0 0.0
0.0 0.0 0.0
0.0 0.0 0.0
0.0 0.0 0.0
0.0 0.0 0.0
0.0 0.0 0.0
0.0 0.0 0.0
0.0 0.0 0.0
0.0 0.0 0.0
0.0 0.0 0.0
0.0 0.0 0.0
0.0 0.0 0.0
0.0 0.0 0.0
0.0 0.0 0.0
0.0 0.0 0.0
0.0 0.0 0.0
0.0 0.0 0.0
0.0 0.0 0.0
0.0 0.0 0.0
0.0 0.0 0.0
0.0 0.0 0.0
0.0 0.0 0.0
0.0 0.0 0.0
0.0 0.0 0.0
0.0 0.0 0.0
0.0 0.0 0.0
0.0 0.0 0.0
0.0 0.0 0.0
0.0 0.0 0.0
0.0 0.0 0.0
0.0 0.0 0.0
0.0 0.0 0.0
0.0 0.0 0.0
0.0 0.0 0.0
0.0 0.0 0.0
0.0 0.0 0.0
0.0 0.0 0.0
0.0 0.0 0.0
0.0 0.0 0.0
0.0 0.0 0.0
0.0 0.0 0.0
0.0 0.0 0.0
0.0 0.0 0.0
0.0 0.0 0.0
0.0 0.0 0.0
0.0 0.0 0.0
0.0 0.0 0.0
0.0 0.0 0.0
0.0 0.0 0.0
0.0 0.0 0.0
0.0 0.0 0.0
0.0 0.0 0.0
0.0 0.0 0.0
0.0 0.0 0.0
0.0 0.0 0.0
0.0 0.0 0.0
0.0 0.0 0.0
0.0 0.0 0.0
0.0 0.0 0.0
0.0 0.0 0.0
0.0 0.0 0.0
0.0 0.0 0.0
0.0 0.0 0.0
0.0 0.0 0.0
0.0 0.0 0.0
0.0 0.0 0.0
0.0 0.0 0.0
0.0 0.0 0.0
0.0 0.0 0.0
0.0 0.0 0.0
0.0 0.0 0.0
0.0 0.0 0.0
0.0 0.0 0.0
0.0 0.0 0.0
0.0 0.0 0.0
0.0 0.0 0.0
0.0 0.0 0.0
0.0 0.0 0.0
0.0 0.0 0.0
0.0 0.0 0.0
0.0 0.0 0.0
0.0 0.0 0.0
0.0 0.0 0.0
0.0 0.0 0.0
-5.173731803894043 38.616458892822266 -1.4447722434997559
0.0 0.0 0.0
0.0 0.0 0.0
0.0 0.0 0.0
0.0 0.0 0.0
0.0 0.0 0.0
0.0 0.0 0.0
0.0 0.0 0.0
0.0 0.0 0.0
0.0 0.0 0.0
0.0 0.0 0.0
0.0 0.0 0.0
0.0 0.0 0.0
0.0 0.0 0.0
0.0 0.0 0.0
0.0 0.0 0.0
0.0 0.0 0.0
0.0 0.0 0.0
0.0 0.0 0.0
0.0 0.0 0.0
0.0 0.0 0.0
0.0 0.0 0.0
0.0 0.0 0.0
0.0 0.0 0.0
0.0 0.0 0.0
0.0 0.0 0.0
0.0 0.0 0.0
0.0 0.0 0.0
0.0 0.0 0.0
0.0 0.0 0.0
0.0 0.0 0.0
0.0 0.0 0.0
0.0 0.0 0.0
0.0 0.0 0.0
0.0 0.0 0.0
0.0 0.0 0.0
0.0 0.0 0.0
0.0 0.0 0.0
0.0 0.0 0.0
0.0 0.0 0.0
0.0 0.0 0.0
0.0 0.0 0.0
0.0 0.0 0.0
0.0 0.0 0.0
0.0 0.0 0.0
0.0 0.0 0.0
0.0 0.0 0.0
0.0 0.0 0.0
0.0 0.0 0.0
0.0 0.0 0.0
0.0 0.0 0.0
0.0 0.0 0.0
0.0 0.0 0.0
0.0 0.0 0.0
0.0 0.0 0.0
0.0 0.0 0.0
0.0 0.0 0.0
11.29892635345459 41.69508361816406 -1.5459299087524414
0.0 0.0 0.0
0.0 0.0 0.0
0.0 0.0 0.0
0.0 0.0 0.0
0.0 0.0 0.0
0.0 0.0 0.0
0.0 0.0 0.0
0.0 0.0 0.0
0.0 0.0 0.0
0.0 0.0 0.0
0.0 0.0 0.0
0.0 0.0 0.0
0.0 0.0 0.0
0.0 0.0 0.0
0.0 0.0 0.0
0.0 0.0 0.0
0.0 0.0 0.0
0.0 0.0 0.0
0.0 0.0 0.0
0.0 0.0 0.0
0.0 0.0 0.0
0.0 0.0 0.0
0.0 0.0 0.0
0.0 0.0 0.0
0.0 0.0 0.0
0.0 0.0 0.0
0.0 0.0 0.0
0.0 0.0 0.0
0.0 0.0 0.0
0.0 0.0 0.0
0.0 0.0 0.0
0.0 0.0 0.0
0.0 0.0 0.0
0.0 0.0 0.0
0.0 0.0 0.0
0.0 0.0 0.0
0.0 0.0 0.0
0.0 0.0 0.0
0.0 0.0 0.0
0.0 0.0 0.0
0.0 0.0 0.0
0.0 0.0 0.0
0.0 0.0 0.0
0.0 0.0 0.0
0.0 0.0 0.0
0.0 0.0 0.0
0.0 0.0 0.0
0.0 0.0 0.0
0.0 0.0 0.0
0.0 0.0 0.0
0.0 0.0 0.0
0.0 0.0 0.0
0.0 0.0 0.0
0.0 0.0 0.0
0.0 0.0 0.0
0.0 0.0 0.0
0.0 0.0 0.0
0.0 0.0 0.0
0.0 0.0 0.0
0.0 0.0 0.0
0.0 0.0 0.0
0.0 0.0 0.0
0.0 0.0 0.0
0.0 0.0 0.0
0.0 0.0 0.0
0.0 0.0 0.0
0.0 0.0 0.0
0.0 0.0 0.0
0.0 0.0 0.0
0.0 0.0 0.0
0.0 0.0 0.0
0.0 0.0 0.0
0.0 0.0 0.0
0.0 0.0 0.0
0.0 0.0 0.0
0.0 0.0 0.0
0.0 0.0 0.0
0.0 0.0 0.0
0.0 0.0 0.0
0.0 0.0 0.0
0.0 0.0 0.0
0.0 0.0 0.0
0.0 0.0 0.0
0.0 0.0 0.0
0.0 0.0 0.0
0.0 0.0 0.0
0.0 0.0 0.0
0.0 0.0 0.0
0.0 0.0 0.0
0.0 0.0 0.0
0.0 0.0 0.0
0.0 0.0 0.0
0.0 0.0 0.0
0.0 0.0 0.0
0.0 0.0 0.0
0.0 0.0 0.0
0.0 0.0 0.0
0.0 0.0 0.0
0.0 0.0 0.0
0.0 0.0 0.0
0.0 0.0 0.0
0.0 0.0 0.0
0.0 0.0 0.0
0.0 0.0 0.0
0.0 0.0 0.0
0.0 0.0 0.0
0.0 0.0 0.0
0.0 0.0 0.0
0.0 0.0 0.0
0.0 0.0 0.0
0.0 0.0 0.0
0.0 0.0 0.0
0.0 0.0 0.0
0.0 0.0 0.0
0.0 0.0 0.0
0.0 0.0 0.0
0.0 0.0 0.0
0.0 0.0 0.0
0.0 0.0 0.0
0.0 0.0 0.0
0.0 0.0 0.0
0.0 0.0 0.0
0.0 0.0 0.0
0.0 0.0 0.0
0.0 0.0 0.0
0.0 0.0 0.0
0.0 0.0 0.0
0.0 0.0 0.0
0.0 0.0 0.0
0.0 0.0 0.0
0.0 0.0 0.0
0.0 0.0 0.0
0.0 0.0 0.0
0.0 0.0 0.0
0.0 0.0 0.0
0.0 0.0 0.0
0.0 0.0 0.0
0.0 0.0 0.0
0.0 0.0 0.0
0.0 0.0 0.0
0.0 0.0 0.0
0.0 0.0 0.0
0.0 0.0 0.0
0.0 0.0 0.0
0.0 0.0 0.0
0.0 0.0 0.0
0.0 0.0 0.0
0.0 0.0 0.0
0.0 0.0 0.0
0.0 0.0 0.0
0.0 0.0 0.0
0.0 0.0 0.0
0.0 0.0 0.0
0.0 0.0 0.0
0.0 0.0 0.0
0.0 0.0 0.0
0.0 0.0 0.0
0.0 0.0 0.0
0.0 0.0 0.0
0.0 0.0 0.0
0.0 0.0 0.0
0.0 0.0 0.0
0.0 0.0 0.0
0.0 0.0 0.0
0.0 0.0 0.0
0.0 0.0 0.0
0.0 0.0 0.0
0.0 0.0 0.0
0.0 0.0 0.0
0.0 0.0 0.0
0.0 0.0 0.0
0.0 0.0 0.0
0.0 0.0 0.0
0.0 0.0 0.0
0.0 0.0 0.0
0.0 0.0 0.0
0.0 0.0 0.0
0.0 0.0 0.0
0.0 0.0 0.0
0.0 0.0 0.0
0.0 0.0 0.0
0.0 0.0 0.0
0.0 0.0 0.0
0.0 0.0 0.0
0.0 0.0 0.0
0.0 0.0 0.0
0.0 0.0 0.0
0.0 0.0 0.0
0.0 0.0 0.0
0.0 0.0 0.0
0.0 0.0 0.0
0.0 0.0 0.0
0.0 0.0 0.0
0.0 0.0 0.0
0.0 0.0 0.0
0.0 0.0 0.0
0.0 0.0 0.0
0.0 0.0 0.0
0.0 0.0 0.0
0.0 0.0 0.0
0.0 0.0 0.0
0.0 0.0 0.0
0.0 0.0 0.0
0.0 0.0 0.0
0.0 0.0 0.0
0.0 0.0 0.0
0.0 0.0 0.0
0.0 0.0 0.0
0.0 0.0 0.0
0.0 0.0 0.0
0.0 0.0 0.0
0.0 0.0 0.0
0.0 0.0 0.0
0.0 0.0 0.0
0.0 0.0 0.0
0.0 0.0 0.0
0.0 0.0 0.0
0.0 0.0 0.0
0.0 0.0 0.0
0.0 0.0 0.0
0.0 0.0 0.0
0.0 0.0 0.0
0.0 0.0 0.0
0.0 0.0 0.0
0.0 0.0 0.0
0.0 0.0 0.0
0.0 0.0 0.0
0.0 0.0 0.0
0.0 0.0 0.0
0.0 0.0 0.0
0.0 0.0 0.0
0.0 0.0 0.0
0.0 0.0 0.0
0.0 0.0 0.0
0.0 0.0 0.0
0.0 0.0 0.0
0.0 0.0 0.0
0.0 0.0 0.0
0.0 0.0 0.0
0.0 0.0 0.0
0.0 0.0 0.0
0.0 0.0 0.0
0.0 0.0 0.0
0.0 0.0 0.0
0.0 0.0 0.0
0.0 0.0 0.0
0.0 0.0 0.0
0.0 0.0 0.0
0.0 0.0 0.0
0.0 0.0 0.0
0.0 0.0 0.0
0.0 0.0 0.0
0.0 0.0 0.0
0.0 0.0 0.0
0.0 0.0 0.0
0.0 0.0 0.0
0.0 0.0 0.0
0.0 0.0 0.0
0.0 0.0 0.0
0.0 0.0 0.0
0.0 0.0 0.0
0.0 0.0 0.0
0.0 0.0 0.0
0.0 0.0 0.0
0.0 0.0 0.0
0.0 0.0 0.0
-16.27683448791504 39.0164794921875 -1.2140570878982544
0.0 0.0 0.0
0.0 0.0 0.0
0.0 0.0 0.0
0.0 0.0 0.0
0.0 0.0 0.0
0.0 0.0 0.0
0.0 0.0 0.0
0.0 0.0 0.0
0.0 0.0 0.0
0.0 0.0 0.0
0.0 0.0 0.0
0.0 0.0 0.0
0.0 0.0 0.0
0.0 0.0 0.0
0.0 0.0 0.0
0.0 0.0 0.0
0.0 0.0 0.0
0.0 0.0 0.0
0.0 0.0 0.0
0.0 0.0 0.0
0.0 0.0 0.0
0.0 0.0 0.0
0.0 0.0 0.0
0.0 0.0 0.0
0.0 0.0 0.0
0.0 0.0 0.0
0.0 0.0 0.0
0.0 0.0 0.0
0.0 0.0 0.0
0.0 0.0 0.0
0.0 0.0 0.0
0.0 0.0 0.0
0.0 0.0 0.0
0.0 0.0 0.0
0.0 0.0 0.0
0.0 0.0 0.0
0.0 0.0 0.0
0.0 0.0 0.0
0.0 0.0 0.0
0.0 0.0 0.0
0.0 0.0 0.0
0.0 0.0 0.0
0.0 0.0 0.0
0.0 0.0 0.0
0.0 0.0 0.0
0.0 0.0 0.0
0.0 0.0 0.0
0.0 0.0 0.0
0.0 0.0 0.0
0.0 0.0 0.0
0.0 0.0 0.0
0.0 0.0 0.0
0.0 0.0 0.0
0.0 0.0 0.0
0.0 0.0 0.0
0.0 0.0 0.0
0.0 0.0 0.0
0.0 0.0 0.0
0.0 0.0 0.0
0.0 0.0 0.0
0.0 0.0 0.0
0.0 0.0 0.0
0.0 0.0 0.0
0.0 0.0 0.0
0.0 0.0 0.0
0.0 0.0 0.0
0.0 0.0 0.0
0.0 0.0 0.0
0.0 0.0 0.0
0.0 0.0 0.0
0.0 0.0 0.0
0.0 0.0 0.0
0.0 0.0 0.0
0.0 0.0 0.0
0.0 0.0 0.0
0.0 0.0 0.0
0.0 0.0 0.0
0.0 0.0 0.0
0.0 0.0 0.0
0.0 0.0 0.0
0.0 0.0 0.0
0.0 0.0 0.0
0.0 0.0 0.0
0.0 0.0 0.0
0.0 0.0 0.0
0.0 0.0 0.0
0.0 0.0 0.0
0.0 0.0 0.0
0.0 0.0 0.0
0.0 0.0 0.0
0.0 0.0 0.0
0.0 0.0 0.0
0.0 0.0 0.0
0.0 0.0 0.0
0.0 0.0 0.0
0.0 0.0 0.0
0.0 0.0 0.0
0.0 0.0 0.0
0.0 0.0 0.0
0.0 0.0 0.0
0.0 0.0 0.0
0.0 0.0 0.0
0.0 0.0 0.0
0.0 0.0 0.0
0.0 0.0 0.0
0.0 0.0 0.0
0.0 0.0 0.0
0.0 0.0 0.0
0.0 0.0 0.0
0.0 0.0 0.0
0.0 0.0 0.0
0.0 0.0 0.0
0.0 0.0 0.0
0.0 0.0 0.0
0.0 0.0 0.0
0.0 0.0 0.0
0.0 0.0 0.0
0.0 0.0 0.0
0.0 0.0 0.0
0.0 0.0 0.0
0.0 0.0 0.0
0.0 0.0 0.0
0.0 0.0 0.0
0.0 0.0 0.0
0.0 0.0 0.0
0.0 0.0 0.0
0.0 0.0 0.0
0.0 0.0 0.0
0.0 0.0 0.0
0.0 0.0 0.0
0.0 0.0 0.0
0.0 0.0 0.0
0.0 0.0 0.0
0.0 0.0 0.0
0.0 0.0 0.0
0.0 0.0 0.0
0.0 0.0 0.0
0.0 0.0 0.0
0.0 0.0 0.0
0.0 0.0 0.0
0.0 0.0 0.0
0.0 0.0 0.0
0.0 0.0 0.0
0.0 0.0 0.0
0.0 0.0 0.0
0.0 0.0 0.0
0.0 0.0 0.0
0.0 0.0 0.0
0.0 0.0 0.0
0.0 0.0 0.0
0.0 0.0 0.0
0.0 0.0 0.0
0.0 0.0 0.0
0.0 0.0 0.0
0.0 0.0 0.0
0.0 0.0 0.0
0.0 0.0 0.0
0.0 0.0 0.0
0.0 0.0 0.0
0.0 0.0 0.0
0.0 0.0 0.0
0.0 0.0 0.0
0.0 0.0 0.0
0.0 0.0 0.0
0.0 0.0 0.0
0.0 0.0 0.0
0.0 0.0 0.0
0.0 0.0 0.0
0.0 0.0 0.0
0.0 0.0 0.0
0.0 0.0 0.0
0.0 0.0 0.0
0.0 0.0 0.0
0.0 0.0 0.0
0.0 0.0 0.0
0.0 0.0 0.0
0.0 0.0 0.0
0.0 0.0 0.0
0.0 0.0 0.0
0.0 0.0 0.0
0.0 0.0 0.0
0.0 0.0 0.0
0.0 0.0 0.0
0.0 0.0 0.0
0.0 0.0 0.0
0.0 0.0 0.0
0.0 0.0 0.0
0.0 0.0 0.0
0.0 0.0 0.0
0.0 0.0 0.0
0.0 0.0 0.0
0.0 0.0 0.0
0.0 0.0 0.0
0.0 0.0 0.0
0.0 0.0 0.0
0.0 0.0 0.0
0.0 0.0 0.0
0.0 0.0 0.0
0.0 0.0 0.0
0.0 0.0 0.0
0.0 0.0 0.0
0.0 0.0 0.0
0.0 0.0 0.0
0.0 0.0 0.0
0.0 0.0 0.0
0.0 0.0 0.0
0.0 0.0 0.0
0.0 0.0 0.0
0.0 0.0 0.0
0.0 0.0 0.0
0.0 0.0 0.0
0.0 0.0 0.0
0.0 0.0 0.0
0.0 0.0 0.0
0.0 0.0 0.0
0.0 0.0 0.0
0.0 0.0 0.0
0.0 0.0 0.0
0.0 0.0 0.0
0.0 0.0 0.0
0.0 0.0 0.0
0.0 0.0 0.0
0.0 0.0 0.0
0.0 0.0 0.0
0.0 0.0 0.0
0.0 0.0 0.0
0.0 0.0 0.0
0.0 0.0 0.0
0.0 0.0 0.0
0.0 0.0 0.0
0.0 0.0 0.0
0.0 0.0 0.0
0.0 0.0 0.0
0.0 0.0 0.0
0.0 0.0 0.0
0.0 0.0 0.0
0.0 0.0 0.0
0.0 0.0 0.0
0.0 0.0 0.0
0.0 0.0 0.0
0.0 0.0 0.0
0.0 0.0 0.0
0.0 0.0 0.0
0.0 0.0 0.0
0.0 0.0 0.0
0.0 0.0 0.0
0.0 0.0 0.0
0.0 0.0 0.0
0.0 0.0 0.0
0.0 0.0 0.0
0.0 0.0 0.0
0.0 0.0 0.0
0.0 0.0 0.0
0.0 0.0 0.0
0.0 0.0 0.0
0.0 0.0 0.0
0.0 0.0 0.0
0.0 0.0 0.0
0.0 0.0 0.0
0.0 0.0 0.0
0.0 0.0 0.0
0.0 0.0 0.0
0.0 0.0 0.0
0.0 0.0 0.0
0.0 0.0 0.0
0.0 0.0 0.0
0.0 0.0 0.0
0.0 0.0 0.0
0.0 0.0 0.0
0.0 0.0 0.0
0.0 0.0 0.0
0.0 0.0 0.0
0.0 0.0 0.0
0.0 0.0 0.0
0.0 0.0 0.0
0.0 0.0 0.0
0.0 0.0 0.0
0.0 0.0 0.0
0.0 0.0 0.0
0.0 0.0 0.0
0.0 0.0 0.0
0.0 0.0 0.0
0.0 0.0 0.0
0.0 0.0 0.0
0.0 0.0 0.0
0.0 0.0 0.0
0.0 0.0 0.0
0.0 0.0 0.0
0.0 0.0 0.0
0.0 0.0 0.0
0.0 0.0 0.0
0.0 0.0 0.0
0.0 0.0 0.0
0.0 0.0 0.0
0.0 0.0 0.0
0.0 0.0 0.0
0.0 0.0 0.0
0.0 0.0 0.0
-19.112865447998047 42.22738265991211 1.478873610496521
0.0 0.0 0.0
0.0 0.0 0.0
0.0 0.0 0.0
0.0 0.0 0.0
0.0 0.0 0.0
0.0 0.0 0.0
0.0 0.0 0.0
0.0 0.0 0.0
0.0 0.0 0.0
0.0 0.0 0.0
0.0 0.0 0.0
0.0 0.0 0.0
0.0 0.0 0.0
0.0 0.0 0.0
0.0 0.0 0.0
0.0 0.0 0.0
0.0 0.0 0.0
0.0 0.0 0.0
0.0 0.0 0.0
0.0 0.0 0.0
0.0 0.0 0.0
0.0 0.0 0.0
0.0 0.0 0.0
0.0 0.0 0.0
0.0 0.0 0.0
0.0 0.0 0.0
0.0 0.0 0.0
0.0 0.0 0.0
0.0 0.0 0.0
0.0 0.0 0.0
0.0 0.0 0.0
0.0 0.0 0.0
0.0 0.0 0.0
0.0 0.0 0.0
0.0 0.0 0.0
0.0 0.0 0.0
0.0 0.0 0.0
0.0 0.0 0.0
0.0 0.0 0.0
0.0 0.0 0.0
0.0 0.0 0.0
0.0 0.0 0.0
0.0 0.0 0.0
0.0 0.0 0.0
0.0 0.0 0.0
0.0 0.0 0.0
0.0 0.0 0.0
0.0 0.0 0.0
0.0 0.0 0.0
0.0 0.0 0.0
0.0 0.0 0.0
0.0 0.0 0.0
0.0 0.0 0.0
0.0 0.0 0.0
0.0 0.0 0.0
0.0 0.0 0.0
0.0 0.0 0.0
0.0 0.0 0.0
0.0 0.0 0.0
0.0 0.0 0.0
0.0 0.0 0.0
0.0 0.0 0.0
0.0 0.0 0.0
0.0 0.0 0.0
0.0 0.0 0.0
0.0 0.0 0.0
0.0 0.0 0.0
0.0 0.0 0.0
0.0 0.0 0.0
0.0 0.0 0.0
0.0 0.0 0.0
0.0 0.0 0.0
0.0 0.0 0.0
0.0 0.0 0.0
0.0 0.0 0.0
0.0 0.0 0.0
0.0 0.0 0.0
0.0 0.0 0.0
0.0 0.0 0.0
0.0 0.0 0.0
0.0 0.0 0.0
0.0 0.0 0.0
0.0 0.0 0.0
0.0 0.0 0.0
0.0 0.0 0.0
0.0 0.0 0.0
0.0 0.0 0.0
0.0 0.0 0.0
0.0 0.0 0.0
0.0 0.0 0.0
0.0 0.0 0.0
0.0 0.0 0.0
0.0 0.0 0.0
0.0 0.0 0.0
0.0 0.0 0.0
0.0 0.0 0.0
0.0 0.0 0.0
0.0 0.0 0.0
0.0 0.0 0.0
0.0 0.0 0.0
0.0 0.0 0.0
0.0 0.0 0.0
0.0 0.0 0.0
0.0 0.0 0.0
0.0 0.0 0.0
0.0 0.0 0.0
0.0 0.0 0.0
0.0 0.0 0.0
0.0 0.0 0.0
0.0 0.0 0.0
0.0 0.0 0.0
0.0 0.0 0.0
0.0 0.0 0.0
0.0 0.0 0.0
0.0 0.0 0.0
0.0 0.0 0.0
0.0 0.0 0.0
0.0 0.0 0.0
0.0 0.0 0.0
0.0 0.0 0.0
0.0 0.0 0.0
0.0 0.0 0.0
0.0 0.0 0.0
0.0 0.0 0.0
0.0 0.0 0.0
0.0 0.0 0.0
0.0 0.0 0.0
0.0 0.0 0.0
0.0 0.0 0.0
0.0 0.0 0.0
0.0 0.0 0.0
0.0 0.0 0.0
0.0 0.0 0.0
0.0 0.0 0.0
0.0 0.0 0.0
0.0 0.0 0.0
0.0 0.0 0.0
0.0 0.0 0.0
0.0 0.0 0.0
0.0 0.0 0.0
6.1007819175720215 41.477210998535156 -1.3529502153396606
0.0 0.0 0.0
0.0 0.0 0.0
0.0 0.0 0.0
0.0 0.0 0.0
0.0 0.0 0.0
0.0 0.0 0.0
0.0 0.0 0.0
0.0 0.0 0.0
0.0 0.0 0.0
0.0 0.0 0.0
0.0 0.0 0.0
0.0 0.0 0.0
0.0 0.0 0.0
0.0 0.0 0.0
0.0 0.0 0.0
0.0 0.0 0.0
0.0 0.0 0.0
0.0 0.0 0.0
0.0 0.0 0.0
0.0 0.0 0.0
0.0 0.0 0.0
0.0 0.0 0.0
0.0 0.0 0.0
0.0 0.0 0.0
0.0 0.0 0.0
0.0 0.0 0.0
0.0 0.0 0.0
0.0 0.0 0.0
0.0 0.0 0.0
0.0 0.0 0.0
0.0 0.0 0.0
0.0 0.0 0.0
0.0 0.0 0.0
0.0 0.0 0.0
0.0 0.0 0.0
0.0 0.0 0.0
0.0 0.0 0.0
0.0 0.0 0.0
0.0 0.0 0.0
0.0 0.0 0.0
0.0 0.0 0.0
0.0 0.0 0.0
0.0 0.0 0.0
0.0 0.0 0.0
0.0 0.0 0.0
0.0 0.0 0.0
0.0 0.0 0.0
0.0 0.0 0.0
0.0 0.0 0.0
0.0 0.0 0.0
0.0 0.0 0.0
0.0 0.0 0.0
0.0 0.0 0.0
0.0 0.0 0.0
0.0 0.0 0.0
0.0 0.0 0.0
0.0 0.0 0.0
0.0 0.0 0.0
0.0 0.0 0.0
0.0 0.0 0.0
0.0 0.0 0.0
0.0 0.0 0.0
0.0 0.0 0.0
0.0 0.0 0.0
0.0 0.0 0.0
0.0 0.0 0.0
0.0 0.0 0.0
0.0 0.0 0.0
0.0 0.0 0.0
0.0 0.0 0.0
0.0 0.0 0.0
0.0 0.0 0.0
0.0 0.0 0.0
0.0 0.0 0.0
0.0 0.0 0.0
0.0 0.0 0.0
0.0 0.0 0.0
0.0 0.0 0.0
0.0 0.0 0.0
0.0 0.0 0.0
0.0 0.0 0.0
0.0 0.0 0.0
0.0 0.0 0.0
0.0 0.0 0.0
0.0 0.0 0.0
0.0 0.0 0.0
0.0 0.0 0.0
0.0 0.0 0.0
0.0 0.0 0.0
0.0 0.0 0.0
0.0 0.0 0.0
0.0 0.0 0.0
0.0 0.0 0.0
0.0 0.0 0.0
0.0 0.0 0.0
0.0 0.0 0.0
0.0 0.0 0.0
0.0 0.0 0.0
0.0 0.0 0.0
0.0 0.0 0.0
0.0 0.0 0.0
0.0 0.0 0.0
0.0 0.0 0.0
0.0 0.0 0.0
0.0 0.0 0.0
0.0 0.0 0.0
0.0 0.0 0.0
0.0 0.0 0.0
0.0 0.0 0.0
0.0 0.0 0.0
0.0 0.0 0.0
0.0 0.0 0.0
0.0 0.0 0.0
0.0 0.0 0.0
0.0 0.0 0.0
0.0 0.0 0.0
0.0 0.0 0.0
0.0 0.0 0.0
0.0 0.0 0.0
0.0 0.0 0.0
0.0 0.0 0.0
0.0 0.0 0.0
0.0 0.0 0.0
0.0 0.0 0.0
0.0 0.0 0.0
0.0 0.0 0.0
0.0 0.0 0.0
0.0 0.0 0.0
0.0 0.0 0.0
0.0 0.0 0.0
0.0 0.0 0.0
0.0 0.0 0.0
0.0 0.0 0.0
0.0 0.0 0.0
0.0 0.0 0.0
0.0 0.0 0.0
0.0 0.0 0.0
0.0 0.0 0.0
0.0 0.0 0.0
0.0 0.0 0.0
0.0 0.0 0.0
0.0 0.0 0.0
0.0 0.0 0.0
0.0 0.0 0.0
0.0 0.0 0.0
0.0 0.0 0.0
0.0 0.0 0.0
0.0 0.0 0.0
0.0 0.0 0.0
0.0 0.0 0.0
0.0 0.0 0.0
0.0 0.0 0.0
0.0 0.0 0.0
0.0 0.0 0.0
0.0 0.0 0.0
0.0 0.0 0.0
0.0 0.0 0.0
0.0 0.0 0.0
0.0 0.0 0.0
0.0 0.0 0.0
0.0 0.0 0.0
0.0 0.0 0.0
0.0 0.0 0.0
0.0 0.0 0.0
0.0 0.0 0.0
0.0 0.0 0.0
0.0 0.0 0.0
0.0 0.0 0.0
0.0 0.0 0.0
0.0 0.0 0.0
0.0 0.0 0.0
0.0 0.0 0.0
0.0 0.0 0.0
0.0 0.0 0.0
0.0 0.0 0.0
0.0 0.0 0.0
0.0 0.0 0.0
0.0 0.0 0.0
0.0 0.0 0.0
0.0 0.0 0.0
0.0 0.0 0.0
0.0 0.0 0.0
0.0 0.0 0.0
0.0 0.0 0.0
0.0 0.0 0.0
0.0 0.0 0.0
0.0 0.0 0.0
0.0 0.0 0.0
0.0 0.0 0.0
0.0 0.0 0.0
0.0 0.0 0.0
0.0 0.0 0.0
0.0 0.0 0.0
0.0 0.0 0.0
0.0 0.0 0.0
0.0 0.0 0.0
0.0 0.0 0.0
0.0 0.0 0.0
0.0 0.0 0.0
0.0 0.0 0.0
0.0 0.0 0.0
0.0 0.0 0.0
0.0 0.0 0.0
0.0 0.0 0.0
0.0 0.0 0.0
0.0 0.0 0.0
0.0 0.0 0.0
0.0 0.0 0.0
0.0 0.0 0.0
0.0 0.0 0.0
0.0 0.0 0.0
0.0 0.0 0.0
0.0 0.0 0.0
0.0 0.0 0.0
0.0 0.0 0.0
0.0 0.0 0.0
0.0 0.0 0.0
0.0 0.0 0.0
0.0 0.0 0.0
0.0 0.0 0.0
0.0 0.0 0.0
0.0 0.0 0.0
0.0 0.0 0.0
0.0 0.0 0.0
0.0 0.0 0.0
0.0 0.0 0.0
0.0 0.0 0.0
0.0 0.0 0.0
0.0 0.0 0.0
0.0 0.0 0.0
0.0 0.0 0.0
0.0 0.0 0.0
0.0 0.0 0.0
0.0 0.0 0.0
0.0 0.0 0.0
0.0 0.0 0.0
0.0 0.0 0.0
0.0 0.0 0.0
0.0 0.0 0.0
0.0 0.0 0.0
0.0 0.0 0.0
0.0 0.0 0.0
0.0 0.0 0.0
0.0 0.0 0.0
0.0 0.0 0.0
0.0 0.0 0.0
0.0 0.0 0.0
0.0 0.0 0.0
0.0 0.0 0.0
0.0 0.0 0.0
0.0 0.0 0.0
0.0 0.0 0.0
0.0 0.0 0.0
0.0 0.0 0.0
0.0 0.0 0.0
0.0 0.0 0.0
0.0 0.0 0.0
0.0 0.0 0.0
0.0 0.0 0.0
0.0 0.0 0.0
0.0 0.0 0.0
0.0 0.0 0.0
0.0 0.0 0.0
0.0 0.0 0.0
0.0 0.0 0.0
0.0 0.0 0.0
0.0 0.0 0.0
0.0 0.0 0.0
0.0 0.0 0.0
0.0 0.0 0.0
0.0 0.0 0.0
0.0 0.0 0.0
0.0 0.0 0.0
0.0 0.0 0.0
0.0 0.0 0.0
0.0 0.0 0.0
0.0 0.0 0.0
0.0 0.0 0.0
0.0 0.0 0.0
0.0 0.0 0.0
0.0 0.0 0.0
0.0 0.0 0.0
0.0 0.0 0.0
0.0 0.0 0.0
0.0 0.0 0.0
0.0 0.0 0.0
0.0 0.0 0.0
0.0 0.0 0.0
0.0 0.0 0.0
0.0 0.0 0.0
0.0 0.0 0.0
0.0 0.0 0.0
0.0 0.0 0.0
0.0 0.0 0.0
0.0 0.0 0.0
0.0 0.0 0.0
0.0 0.0 0.0
0.0 0.0 0.0
0.0 0.0 0.0
0.0 0.0 0.0
0.0 0.0 0.0
0.0 0.0 0.0
0.0 0.0 0.0
0.0 0.0 0.0
0.0 0.0 0.0
0.0 0.0 0.0
0.0 0.0 0.0
0.0 0.0 0.0
0.0 0.0 0.0
0.0 0.0 0.0
0.0 0.0 0.0
0.0 0.0 0.0
0.0 0.0 0.0
0.0 0.0 0.0
0.0 0.0 0.0
0.0 0.0 0.0
0.0 0.0 0.0
0.0 0.0 0.0
0.0 0.0 0.0
0.0 0.0 0.0
0.0 0.0 0.0
0.0 0.0 0.0
0.0 0.0 0.0
0.0 0.0 0.0
0.0 0.0 0.0
0.0 0.0 0.0
0.0 0.0 0.0
0.0 0.0 0.0
0.0 0.0 0.0
0.0 0.0 0.0
0.0 0.0 0.0
0.0 0.0 0.0
0.0 0.0 0.0
0.0 0.0 0.0
0.0 0.0 0.0
0.0 0.0 0.0
0.0 0.0 0.0
0.0 0.0 0.0
0.0 0.0 0.0
0.0 0.0 0.0
0.0 0.0 0.0
0.0 0.0 0.0
0.0 0.0 0.0
0.0 0.0 0.0
0.0 0.0 0.0
0.0 0.0 0.0
0.0 0.0 0.0
0.0 0.0 0.0
0.0 0.0 0.0
0.0 0.0 0.0
0.0 0.0 0.0
0.0 0.0 0.0
0.0 0.0 0.0
0.0 0.0 0.0
0.0 0.0 0.0
0.0 0.0 0.0
0.0 0.0 0.0
0.0 0.0 0.0
0.0 0.0 0.0
0.0 0.0 0.0
0.0 0.0 0.0
0.0 0.0 0.0
0.0 0.0 0.0
0.0 0.0 0.0
0.0 0.0 0.0
0.0 0.0 0.0
0.0 0.0 0.0
0.0 0.0 0.0
0.0 0.0 0.0
0.0 0.0 0.0
0.0 0.0 0.0
0.0 0.0 0.0
0.0 0.0 0.0
0.0 0.0 0.0
0.0 0.0 0.0
0.0 0.0 0.0
0.0 0.0 0.0
0.0 0.0 0.0
0.0 0.0 0.0
0.0 0.0 0.0
0.0 0.0 0.0
0.0 0.0 0.0
0.0 0.0 0.0
0.0 0.0 0.0
0.0 0.0 0.0
0.0 0.0 0.0
0.0 0.0 0.0
0.0 0.0 0.0
0.0 0.0 0.0
0.0 0.0 0.0
0.0 0.0 0.0
0.0 0.0 0.0
0.0 0.0 0.0
0.0 0.0 0.0
0.0 0.0 0.0
0.0 0.0 0.0
0.0 0.0 0.0
0.0 0.0 0.0
0.0 0.0 0.0
0.0 0.0 0.0
0.0 0.0 0.0
0.0 0.0 0.0
0.0 0.0 0.0
0.0 0.0 0.0
0.0 0.0 0.0
0.0 0.0 0.0
0.0 0.0 0.0
0.0 0.0 0.0
0.0 0.0 0.0
0.0 0.0 0.0
0.0 0.0 0.0
0.0 0.0 0.0
0.0 0.0 0.0
0.0 0.0 0.0
0.0 0.0 0.0
0.0 0.0 0.0
0.0 0.0 0.0
0.0 0.0 0.0
0.0 0.0 0.0
0.0 0.0 0.0
0.0 0.0 0.0
0.0 0.0 0.0
0.0 0.0 0.0
0.0 0.0 0.0
0.0 0.0 0.0
0.0 0.0 0.0
0.0 0.0 0.0
0.0 0.0 0.0
0.0 0.0 0.0
0.0 0.0 0.0
0.0 0.0 0.0
0.0 0.0 0.0
0.0 0.0 0.0
0.0 0.0 0.0
0.0 0.0 0.0
0.0 0.0 0.0
0.0 0.0 0.0
0.0 0.0 0.0
0.0 0.0 0.0
0.0 0.0 0.0
0.0 0.0 0.0
0.0 0.0 0.0
0.0 0.0 0.0
0.0 0.0 0.0
0.0 0.0 0.0
0.0 0.0 0.0
0.0 0.0 0.0
0.0 0.0 0.0
0.0 0.0 0.0
0.0 0.0 0.0
0.0 0.0 0.0
0.0 0.0 0.0
0.0 0.0 0.0
0.0 0.0 0.0
0.0 0.0 0.0
0.0 0.0 0.0
0.0 0.0 0.0
0.0 0.0 0.0
0.0 0.0 0.0
0.0 0.0 0.0
0.0 0.0 0.0
0.0 0.0 0.0
0.0 0.0 0.0
0.0 0.0 0.0
0.0 0.0 0.0
0.0 0.0 0.0
0.0 0.0 0.0
0.0 0.0 0.0
0.0 0.0 0.0
0.0 0.0 0.0
0.0 0.0 0.0
0.0 0.0 0.0
0.0 0.0 0.0
0.0 0.0 0.0
0.0 0.0 0.0
0.0 0.0 0.0
0.0 0.0 0.0
0.0 0.0 0.0
0.0 0.0 0.0
0.0 0.0 0.0
0.0 0.0 0.0
0.0 0.0 0.0
0.0 0.0 0.0
0.0 0.0 0.0
0.0 0.0 0.0
0.0 0.0 0.0
0.0 0.0 0.0
0.0 0.0 0.0
0.0 0.0 0.0
0.0 0.0 0.0
0.0 0.0 0.0
0.0 0.0 0.0
0.0 0.0 0.0
0.0 0.0 0.0
0.0 0.0 0.0
0.0 0.0 0.0
0.0 0.0 0.0
0.0 0.0 0.0
0.0 0.0 0.0
0.0 0.0 0.0
0.0 0.0 0.0
0.0 0.0 0.0
0.0 0.0 0.0
0.0 0.0 0.0
0.0 0.0 0.0
0.0 0.0 0.0
0.0 0.0 0.0
0.0 0.0 0.0
0.0 0.0 0.0
0.0 0.0 0.0
0.0 0.0 0.0
0.0 0.0 0.0
0.0 0.0 0.0
0.0 0.0 0.0
0.0 0.0 0.0
0.0 0.0 0.0
0.0 0.0 0.0
0.0 0.0 0.0
0.0 0.0 0.0
0.0 0.0 0.0
0.0 0.0 0.0
0.0 0.0 0.0
0.0 0.0 0.0
0.0 0.0 0.0
0.0 0.0 0.0
0.0 0.0 0.0
0.0 0.0 0.0
0.0 0.0 0.0
0.0 0.0 0.0
0.0 0.0 0.0
0.0 0.0 0.0
0.0 0.0 0.0
0.0 0.0 0.0
0.0 0.0 0.0
0.0 0.0 0.0
0.0 0.0 0.0
0.0 0.0 0.0
0.0 0.0 0.0
0.0 0.0 0.0
0.0 0.0 0.0
0.0 0.0 0.0
0.0 0.0 0.0
0.0 0.0 0.0
0.0 0.0 0.0
0.0 0.0 0.0
0.0 0.0 0.0
0.0 0.0 0.0
0.0 0.0 0.0
0.0 0.0 0.0
0.0 0.0 0.0
0.0 0.0 0.0
0.0 0.0 0.0
0.0 0.0 0.0
0.0 0.0 0.0
0.0 0.0 0.0
0.0 0.0 0.0
0.0 0.0 0.0
0.0 0.0 0.0
0.0 0.0 0.0
0.0 0.0 0.0
0.0 0.0 0.0
0.0 0.0 0.0
0.0 0.0 0.0
0.0 0.0 0.0
0.0 0.0 0.0
0.0 0.0 0.0
0.0 0.0 0.0
0.0 0.0 0.0
0.0 0.0 0.0
0.0 0.0 0.0
0.0 0.0 0.0
0.0 0.0 0.0
0.0 0.0 0.0
0.0 0.0 0.0
0.0 0.0 0.0
0.0 0.0 0.0
0.0 0.0 0.0
0.0 0.0 0.0
0.0 0.0 0.0
0.0 0.0 0.0
0.0 0.0 0.0
0.0 0.0 0.0
0.0 0.0 0.0
0.0 0.0 0.0
0.0 0.0 0.0
0.0 0.0 0.0
0.0 0.0 0.0
0.0 0.0 0.0
0.0 0.0 0.0
0.0 0.0 0.0
0.0 0.0 0.0
0.0 0.0 0.0
0.0 0.0 0.0
0.0 0.0 0.0
0.0 0.0 0.0
0.0 0.0 0.0
0.0 0.0 0.0
0.0 0.0 0.0
0.0 0.0 0.0
0.0 0.0 0.0
0.0 0.0 0.0
0.0 0.0 0.0
0.0 0.0 0.0
0.0 0.0 0.0
0.0 0.0 0.0
0.0 0.0 0.0
0.0 0.0 0.0
0.0 0.0 0.0
0.0 0.0 0.0
0.0 0.0 0.0
0.0 0.0 0.0
0.0 0.0 0.0
0.0 0.0 0.0
0.0 0.0 0.0
0.0 0.0 0.0
0.0 0.0 0.0
0.0 0.0 0.0
0.0 0.0 0.0
0.0 0.0 0.0
0.0 0.0 0.0
0.0 0.0 0.0
0.0 0.0 0.0
0.0 0.0 0.0
0.0 0.0 0.0
0.0 0.0 0.0
0.0 0.0 0.0
0.0 0.0 0.0
0.0 0.0 0.0
0.0 0.0 0.0
0.0 0.0 0.0
0.0 0.0 0.0
0.0 0.0 0.0
0.0 0.0 0.0
0.0 0.0 0.0
0.0 0.0 0.0
0.0 0.0 0.0
0.0 0.0 0.0
0.0 0.0 0.0
0.0 0.0 0.0
0.0 0.0 0.0
0.0 0.0 0.0
0.0 0.0 0.0
0.0 0.0 0.0
0.0 0.0 0.0
0.0 0.0 0.0
0.0 0.0 0.0
0.0 0.0 0.0
0.0 0.0 0.0
0.0 0.0 0.0
0.0 0.0 0.0
0.0 0.0 0.0
0.0 0.0 0.0
0.0 0.0 0.0
0.0 0.0 0.0
0.0 0.0 0.0
0.0 0.0 0.0
0.0 0.0 0.0
0.0 0.0 0.0
0.0 0.0 0.0
0.0 0.0 0.0
0.0 0.0 0.0
0.0 0.0 0.0
0.0 0.0 0.0
0.0 0.0 0.0
0.0 0.0 0.0
0.0 0.0 0.0
0.0 0.0 0.0
0.0 0.0 0.0
0.0 0.0 0.0
0.0 0.0 0.0
0.0 0.0 0.0
0.0 0.0 0.0
0.0 0.0 0.0
0.0 0.0 0.0
0.0 0.0 0.0
0.0 0.0 0.0
0.0 0.0 0.0
0.0 0.0 0.0
0.0 0.0 0.0
0.0 0.0 0.0
0.0 0.0 0.0
0.0 0.0 0.0
0.0 0.0 0.0
0.0 0.0 0.0
0.0 0.0 0.0
0.0 0.0 0.0
0.0 0.0 0.0
0.0 0.0 0.0
0.0 0.0 0.0
0.0 0.0 0.0
0.0 0.0 0.0
0.0 0.0 0.0
0.0 0.0 0.0
0.0 0.0 0.0
0.0 0.0 0.0
0.0 0.0 0.0
0.0 0.0 0.0
0.0 0.0 0.0
0.0 0.0 0.0
0.0 0.0 0.0
0.0 0.0 0.0
0.0 0.0 0.0
0.0 0.0 0.0
0.0 0.0 0.0
0.0 0.0 0.0
0.0 0.0 0.0
0.0 0.0 0.0
0.0 0.0 0.0
0.0 0.0 0.0
0.0 0.0 0.0
0.0 0.0 0.0
0.0 0.0 0.0
0.0 0.0 0.0
0.0 0.0 0.0
0.0 0.0 0.0
0.0 0.0 0.0
0.0 0.0 0.0
0.0 0.0 0.0
0.0 0.0 0.0
0.0 0.0 0.0
0.0 0.0 0.0
0.0 0.0 0.0
0.0 0.0 0.0
0.0 0.0 0.0
0.0 0.0 0.0
0.0 0.0 0.0
0.0 0.0 0.0
0.0 0.0 0.0
0.0 0.0 0.0
0.0 0.0 0.0
0.0 0.0 0.0
0.0 0.0 0.0
0.0 0.0 0.0
0.0 0.0 0.0
0.0 0.0 0.0
0.0 0.0 0.0
0.0 0.0 0.0
0.0 0.0 0.0
0.0 0.0 0.0
0.0 0.0 0.0
0.0 0.0 0.0
0.0 0.0 0.0
0.0 0.0 0.0
0.0 0.0 0.0
0.0 0.0 0.0
0.0 0.0 0.0
0.0 0.0 0.0
0.0 0.0 0.0
0.0 0.0 0.0
0.0 0.0 0.0
0.0 0.0 0.0
0.0 0.0 0.0
0.0 0.0 0.0
0.0 0.0 0.0
0.0 0.0 0.0
0.0 0.0 0.0
0.0 0.0 0.0
0.0 0.0 0.0
0.0 0.0 0.0
0.0 0.0 0.0
0.0 0.0 0.0
0.0 0.0 0.0
0.0 0.0 0.0
0.0 0.0 0.0
0.0 0.0 0.0
0.0 0.0 0.0
0.0 0.0 0.0
0.0 0.0 0.0
0.0 0.0 0.0
0.0 0.0 0.0
0.0 0.0 0.0
0.0 0.0 0.0
0.0 0.0 0.0
0.0 0.0 0.0
0.0 0.0 0.0
0.0 0.0 0.0
0.0 0.0 0.0
0.0 0.0 0.0
0.0 0.0 0.0
0.0 0.0 0.0
0.0 0.0 0.0
0.0 0.0 0.0
0.0 0.0 0.0
0.0 0.0 0.0
0.0 0.0 0.0
0.0 0.0 0.0
0.0 0.0 0.0
0.0 0.0 0.0
0.0 0.0 0.0
0.0 0.0 0.0
0.0 0.0 0.0
0.0 0.0 0.0
0.0 0.0 0.0
0.0 0.0 0.0
0.0 0.0 0.0
0.0 0.0 0.0
0.0 0.0 0.0
0.0 0.0 0.0
0.0 0.0 0.0
0.0 0.0 0.0
0.0 0.0 0.0
0.0 0.0 0.0
0.0 0.0 0.0
0.0 0.0 0.0
0.0 0.0 0.0
0.0 0.0 0.0
0.0 0.0 0.0
0.0 0.0 0.0
0.0 0.0 0.0
0.0 0.0 0.0
0.0 0.0 0.0
0.0 0.0 0.0
0.0 0.0 0.0
0.0 0.0 0.0
0.0 0.0 0.0
0.0 0.0 0.0
0.0 0.0 0.0
0.0 0.0 0.0
0.0 0.0 0.0
0.0 0.0 0.0
0.0 0.0 0.0
0.0 0.0 0.0
0.0 0.0 0.0
0.0 0.0 0.0
0.0 0.0 0.0
0.0 0.0 0.0
0.0 0.0 0.0
0.0 0.0 0.0
0.0 0.0 0.0
0.0 0.0 0.0
0.0 0.0 0.0
0.0 0.0 0.0
0.0 0.0 0.0
0.0 0.0 0.0
0.0 0.0 0.0
0.0 0.0 0.0
0.0 0.0 0.0
0.0 0.0 0.0
0.0 0.0 0.0
0.0 0.0 0.0
0.0 0.0 0.0
0.0 0.0 0.0
0.0 0.0 0.0
0.0 0.0 0.0
0.0 0.0 0.0
0.0 0.0 0.0
0.0 0.0 0.0
0.0 0.0 0.0
0.0 0.0 0.0
0.0 0.0 0.0
0.0 0.0 0.0
0.0 0.0 0.0
0.0 0.0 0.0
0.0 0.0 0.0
0.0 0.0 0.0
0.0 0.0 0.0
0.0 0.0 0.0
0.0 0.0 0.0
0.0 0.0 0.0
0.0 0.0 0.0
0.0 0.0 0.0
0.0 0.0 0.0
0.0 0.0 0.0
0.0 0.0 0.0
0.0 0.0 0.0
0.0 0.0 0.0
0.0 0.0 0.0
0.0 0.0 0.0
0.0 0.0 0.0
0.0 0.0 0.0
0.0 0.0 0.0
0.0 0.0 0.0
0.0 0.0 0.0
0.0 0.0 0.0
0.0 0.0 0.0
0.0 0.0 0.0
0.0 0.0 0.0
0.0 0.0 0.0
0.0 0.0 0.0
0.0 0.0 0.0
0.0 0.0 0.0
0.0 0.0 0.0
0.0 0.0 0.0
0.0 0.0 0.0
0.0 0.0 0.0
0.0 0.0 0.0
0.0 0.0 0.0
0.0 0.0 0.0
0.0 0.0 0.0
0.0 0.0 0.0
0.0 0.0 0.0
0.0 0.0 0.0
0.0 0.0 0.0
0.0 0.0 0.0
0.0 0.0 0.0
0.0 0.0 0.0
0.0 0.0 0.0
0.0 0.0 0.0
0.0 0.0 0.0
0.0 0.0 0.0
0.0 0.0 0.0
0.0 0.0 0.0
0.0 0.0 0.0
0.0 0.0 0.0
0.0 0.0 0.0
0.0 0.0 0.0
0.0 0.0 0.0
0.0 0.0 0.0
0.0 0.0 0.0
0.0 0.0 0.0
0.0 0.0 0.0
0.0 0.0 0.0
0.0 0.0 0.0
0.0 0.0 0.0
0.0 0.0 0.0
0.0 0.0 0.0
0.0 0.0 0.0
0.0 0.0 0.0
0.0 0.0 0.0
0.0 0.0 0.0
0.0 0.0 0.0
0.0 0.0 0.0
0.0 0.0 0.0
0.0 0.0 0.0
0.0 0.0 0.0
0.0 0.0 0.0
0.0 0.0 0.0
0.0 0.0 0.0
0.0 0.0 0.0
0.0 0.0 0.0
0.0 0.0 0.0
0.0 0.0 0.0
0.0 0.0 0.0
0.0 0.0 0.0
0.0 0.0 0.0
0.0 0.0 0.0
0.0 0.0 0.0
0.0 0.0 0.0
0.0 0.0 0.0
0.0 0.0 0.0
0.0 0.0 0.0
0.0 0.0 0.0
0.0 0.0 0.0
0.0 0.0 0.0
0.0 0.0 0.0
0.0 0.0 0.0
0.0 0.0 0.0
0.0 0.0 0.0
0.0 0.0 0.0
0.0 0.0 0.0
0.0 0.0 0.0
0.0 0.0 0.0
0.0 0.0 0.0
0.0 0.0 0.0
0.0 0.0 0.0
0.0 0.0 0.0
0.0 0.0 0.0
0.0 0.0 0.0
0.0 0.0 0.0
0.0 0.0 0.0
0.0 0.0 0.0
0.0 0.0 0.0
0.0 0.0 0.0
0.0 0.0 0.0
0.0 0.0 0.0
0.0 0.0 0.0
0.0 0.0 0.0
0.0 0.0 0.0
0.0 0.0 0.0
0.0 0.0 0.0
-23.754018783569336 34.00145721435547 0.5262254476547241
0.0 0.0 0.0
0.0 0.0 0.0
0.0 0.0 0.0
0.0 0.0 0.0
0.0 0.0 0.0
0.0 0.0 0.0
0.0 0.0 0.0
0.0 0.0 0.0
0.0 0.0 0.0
0.0 0.0 0.0
0.0 0.0 0.0
0.0 0.0 0.0
0.0 0.0 0.0
0.0 0.0 0.0
0.0 0.0 0.0
0.0 0.0 0.0
0.0 0.0 0.0
0.0 0.0 0.0
0.0 0.0 0.0
0.0 0.0 0.0
0.0 0.0 0.0
0.0 0.0 0.0
0.0 0.0 0.0
0.0 0.0 0.0
0.0 0.0 0.0
0.0 0.0 0.0
0.0 0.0 0.0
0.0 0.0 0.0
0.0 0.0 0.0
0.0 0.0 0.0
0.0 0.0 0.0
0.0 0.0 0.0
0.0 0.0 0.0
0.0 0.0 0.0
0.0 0.0 0.0
0.0 0.0 0.0
0.0 0.0 0.0
0.0 0.0 0.0
0.0 0.0 0.0
0.0 0.0 0.0
0.0 0.0 0.0
0.0 0.0 0.0
0.0 0.0 0.0
0.0 0.0 0.0
0.0 0.0 0.0
0.0 0.0 0.0
0.0 0.0 0.0
0.0 0.0 0.0
0.0 0.0 0.0
0.0 0.0 0.0
0.0 0.0 0.0
0.0 0.0 0.0
0.0 0.0 0.0
0.0 0.0 0.0
0.0 0.0 0.0
0.0 0.0 0.0
0.0 0.0 0.0
0.0 0.0 0.0
0.0 0.0 0.0
0.0 0.0 0.0
0.0 0.0 0.0
0.0 0.0 0.0
0.0 0.0 0.0
0.0 0.0 0.0
0.0 0.0 0.0
0.0 0.0 0.0
0.0 0.0 0.0
0.0 0.0 0.0
0.0 0.0 0.0
0.0 0.0 0.0
0.0 0.0 0.0
0.0 0.0 0.0
0.0 0.0 0.0
0.0 0.0 0.0
0.0 0.0 0.0
0.0 0.0 0.0
0.0 0.0 0.0
0.0 0.0 0.0
0.0 0.0 0.0
0.0 0.0 0.0
0.0 0.0 0.0
0.0 0.0 0.0
0.0 0.0 0.0
0.0 0.0 0.0
0.0 0.0 0.0
0.0 0.0 0.0
0.0 0.0 0.0
0.0 0.0 0.0
0.0 0.0 0.0
0.0 0.0 0.0
0.0 0.0 0.0
0.0 0.0 0.0
0.0 0.0 0.0
0.0 0.0 0.0
0.0 0.0 0.0
0.0 0.0 0.0
0.0 0.0 0.0
0.0 0.0 0.0
0.0 0.0 0.0
0.0 0.0 0.0
0.0 0.0 0.0
0.0 0.0 0.0
0.0 0.0 0.0
0.0 0.0 0.0
0.0 0.0 0.0
0.0 0.0 0.0
0.0 0.0 0.0
0.0 0.0 0.0
0.0 0.0 0.0
0.0 0.0 0.0
0.0 0.0 0.0
0.0 0.0 0.0
0.0 0.0 0.0
0.0 0.0 0.0
0.0 0.0 0.0
0.0 0.0 0.0
0.0 0.0 0.0
0.0 0.0 0.0
0.0 0.0 0.0
0.0 0.0 0.0
0.0 0.0 0.0
0.0 0.0 0.0
0.0 0.0 0.0
0.0 0.0 0.0
0.0 0.0 0.0
0.0 0.0 0.0
0.0 0.0 0.0
0.0 0.0 0.0
0.0 0.0 0.0
0.0 0.0 0.0
0.0 0.0 0.0
0.0 0.0 0.0
0.0 0.0 0.0
0.0 0.0 0.0
0.0 0.0 0.0
0.0 0.0 0.0
0.0 0.0 0.0
0.0 0.0 0.0
0.0 0.0 0.0
0.0 0.0 0.0
0.0 0.0 0.0
0.0 0.0 0.0
0.0 0.0 0.0
0.0 0.0 0.0
0.0 0.0 0.0
0.0 0.0 0.0
0.0 0.0 0.0
0.0 0.0 0.0
0.0 0.0 0.0
0.0 0.0 0.0
0.0 0.0 0.0
0.0 0.0 0.0
0.0 0.0 0.0
0.0 0.0 0.0
0.0 0.0 0.0
0.0 0.0 0.0
0.0 0.0 0.0
0.0 0.0 0.0
0.0 0.0 0.0
0.0 0.0 0.0
0.0 0.0 0.0
0.0 0.0 0.0
0.0 0.0 0.0
0.0 0.0 0.0
0.0 0.0 0.0
0.0 0.0 0.0
0.0 0.0 0.0
0.0 0.0 0.0
0.0 0.0 0.0
0.0 0.0 0.0
0.0 0.0 0.0
0.0 0.0 0.0
0.0 0.0 0.0
0.0 0.0 0.0
0.0 0.0 0.0
0.0 0.0 0.0
0.0 0.0 0.0
0.0 0.0 0.0
0.0 0.0 0.0
0.0 0.0 0.0
0.0 0.0 0.0
0.0 0.0 0.0
0.0 0.0 0.0
0.0 0.0 0.0
0.0 0.0 0.0
0.0 0.0 0.0
0.0 0.0 0.0
0.0 0.0 0.0
0.0 0.0 0.0
0.0 0.0 0.0
0.0 0.0 0.0
0.0 0.0 0.0
0.0 0.0 0.0
0.0 0.0 0.0
0.0 0.0 0.0
0.0 0.0 0.0
0.0 0.0 0.0
0.0 0.0 0.0
0.0 0.0 0.0
0.0 0.0 0.0
0.0 0.0 0.0
0.0 0.0 0.0
0.0 0.0 0.0
0.0 0.0 0.0
0.0 0.0 0.0
0.0 0.0 0.0
0.0 0.0 0.0
0.0 0.0 0.0
0.0 0.0 0.0
0.0 0.0 0.0
0.0 0.0 0.0
0.0 0.0 0.0
0.0 0.0 0.0
0.0 0.0 0.0
0.0 0.0 0.0
0.0 0.0 0.0
0.0 0.0 0.0
0.0 0.0 0.0
0.0 0.0 0.0
0.0 0.0 0.0
0.0 0.0 0.0
0.0 0.0 0.0
0.0 0.0 0.0
0.0 0.0 0.0
0.0 0.0 0.0
0.0 0.0 0.0
0.0 0.0 0.0
0.0 0.0 0.0
0.0 0.0 0.0
0.0 0.0 0.0
0.0 0.0 0.0
0.0 0.0 0.0
0.0 0.0 0.0
0.0 0.0 0.0
0.0 0.0 0.0
0.0 0.0 0.0
0.0 0.0 0.0
0.0 0.0 0.0
0.0 0.0 0.0
0.0 0.0 0.0
0.0 0.0 0.0
0.0 0.0 0.0
0.0 0.0 0.0
0.0 0.0 0.0
0.0 0.0 0.0
0.0 0.0 0.0
0.0 0.0 0.0
0.0 0.0 0.0
0.0 0.0 0.0
0.0 0.0 0.0
0.0 0.0 0.0
0.0 0.0 0.0
0.0 0.0 0.0
0.0 0.0 0.0
0.0 0.0 0.0
0.0 0.0 0.0
0.0 0.0 0.0
0.0 0.0 0.0
0.0 0.0 0.0
0.0 0.0 0.0
0.0 0.0 0.0
0.0 0.0 0.0
0.0 0.0 0.0
0.0 0.0 0.0
0.0 0.0 0.0
0.0 0.0 0.0
0.0 0.0 0.0
0.0 0.0 0.0
0.0 0.0 0.0
0.0 0.0 0.0
0.0 0.0 0.0
0.0 0.0 0.0
0.0 0.0 0.0
0.0 0.0 0.0
0.0 0.0 0.0
0.0 0.0 0.0
0.0 0.0 0.0
0.0 0.0 0.0
0.0 0.0 0.0
0.0 0.0 0.0
0.0 0.0 0.0
0.0 0.0 0.0
0.0 0.0 0.0
0.0 0.0 0.0
0.0 0.0 0.0
0.0 0.0 0.0
0.0 0.0 0.0
0.0 0.0 0.0
0.0 0.0 0.0
0.0 0.0 0.0
0.0 0.0 0.0
0.0 0.0 0.0
0.0 0.0 0.0
0.0 0.0 0.0
0.0 0.0 0.0
0.0 0.0 0.0
0.0 0.0 0.0
0.0 0.0 0.0
0.0 0.0 0.0
0.0 0.0 0.0
0.0 0.0 0.0
0.0 0.0 0.0
0.0 0.0 0.0
0.0 0.0 0.0
0.0 0.0 0.0
0.0 0.0 0.0
0.0 0.0 0.0
0.0 0.0 0.0
0.0 0.0 0.0
0.0 0.0 0.0
0.0 0.0 0.0
0.0 0.0 0.0
0.0 0.0 0.0
0.0 0.0 0.0
0.0 0.0 0.0
0.0 0.0 0.0
0.0 0.0 0.0
0.0 0.0 0.0
0.0 0.0 0.0
0.0 0.0 0.0
0.0 0.0 0.0
0.0 0.0 0.0
0.0 0.0 0.0
0.0 0.0 0.0
0.0 0.0 0.0
0.0 0.0 0.0
0.0 0.0 0.0
0.0 0.0 0.0
0.0 0.0 0.0
0.0 0.0 0.0
0.0 0.0 0.0
0.0 0.0 0.0
0.0 0.0 0.0
0.0 0.0 0.0
0.0 0.0 0.0
0.0 0.0 0.0
0.0 0.0 0.0
0.0 0.0 0.0
0.0 0.0 0.0
0.0 0.0 0.0
0.0 0.0 0.0
0.0 0.0 0.0
0.0 0.0 0.0
0.0 0.0 0.0
0.0 0.0 0.0
0.0 0.0 0.0
0.0 0.0 0.0
0.0 0.0 0.0
0.0 0.0 0.0
0.0 0.0 0.0
0.0 0.0 0.0
0.0 0.0 0.0
0.0 0.0 0.0
0.0 0.0 0.0
0.0 0.0 0.0
0.0 0.0 0.0
0.0 0.0 0.0
0.0 0.0 0.0
0.0 0.0 0.0
0.0 0.0 0.0
0.0 0.0 0.0
0.0 0.0 0.0
0.0 0.0 0.0
0.0 0.0 0.0
0.0 0.0 0.0
0.0 0.0 0.0
0.0 0.0 0.0
0.0 0.0 0.0
0.0 0.0 0.0
0.0 0.0 0.0
0.0 0.0 0.0
0.0 0.0 0.0
0.0 0.0 0.0
0.0 0.0 0.0
0.0 0.0 0.0
0.0 0.0 0.0
0.0 0.0 0.0
0.0 0.0 0.0
0.0 0.0 0.0
0.0 0.0 0.0
0.0 0.0 0.0
0.0 0.0 0.0
0.0 0.0 0.0
0.0 0.0 0.0
0.0 0.0 0.0
0.0 0.0 0.0
0.0 0.0 0.0
0.0 0.0 0.0
0.0 0.0 0.0
0.0 0.0 0.0
0.0 0.0 0.0
0.0 0.0 0.0
0.0 0.0 0.0
0.0 0.0 0.0
0.0 0.0 0.0
0.0 0.0 0.0
0.0 0.0 0.0
0.0 0.0 0.0
0.0 0.0 0.0
0.0 0.0 0.0
0.0 0.0 0.0
0.0 0.0 0.0
0.0 0.0 0.0
0.0 0.0 0.0
0.0 0.0 0.0
0.0 0.0 0.0
0.0 0.0 0.0
0.0 0.0 0.0
0.0 0.0 0.0
0.0 0.0 0.0
0.0 0.0 0.0
0.0 0.0 0.0
0.0 0.0 0.0
0.0 0.0 0.0
0.0 0.0 0.0
0.0 0.0 0.0
0.0 0.0 0.0
0.0 0.0 0.0
0.0 0.0 0.0
0.0 0.0 0.0
0.0 0.0 0.0
0.0 0.0 0.0
0.0 0.0 0.0
0.0 0.0 0.0
0.0 0.0 0.0
0.0 0.0 0.0
0.0 0.0 0.0
0.0 0.0 0.0
0.0 0.0 0.0
0.0 0.0 0.0
0.0 0.0 0.0
0.0 0.0 0.0
0.0 0.0 0.0
0.0 0.0 0.0
0.0 0.0 0.0
0.0 0.0 0.0
0.0 0.0 0.0
0.0 0.0 0.0
0.0 0.0 0.0
0.0 0.0 0.0
0.0 0.0 0.0
0.0 0.0 0.0
0.0 0.0 0.0
0.0 0.0 0.0
0.0 0.0 0.0
0.0 0.0 0.0
0.0 0.0 0.0
0.0 0.0 0.0
0.0 0.0 0.0
0.0 0.0 0.0
0.0 0.0 0.0
0.0 0.0 0.0
0.0 0.0 0.0
0.0 0.0 0.0
0.0 0.0 0.0
0.0 0.0 0.0
0.0 0.0 0.0
0.0 0.0 0.0
0.0 0.0 0.0
0.0 0.0 0.0
0.0 0.0 0.0
0.0 0.0 0.0
0.0 0.0 0.0
0.0 0.0 0.0
0.0 0.0 0.0
0.0 0.0 0.0
0.0 0.0 0.0
0.0 0.0 0.0
0.0 0.0 0.0
0.0 0.0 0.0
0.0 0.0 0.0
0.0 0.0 0.0
0.0 0.0 0.0
0.0 0.0 0.0
0.0 0.0 0.0
0.0 0.0 0.0
0.0 0.0 0.0
0.0 0.0 0.0
0.0 0.0 0.0
0.0 0.0 0.0
0.0 0.0 0.0
0.0 0.0 0.0
0.0 0.0 0.0
0.0 0.0 0.0
0.0 0.0 0.0
0.0 0.0 0.0
0.0 0.0 0.0
0.0 0.0 0.0
0.0 0.0 0.0
0.0 0.0 0.0
0.0 0.0 0.0
0.0 0.0 0.0
0.0 0.0 0.0
0.0 0.0 0.0
0.0 0.0 0.0
0.0 0.0 0.0
0.0 0.0 0.0
0.0 0.0 0.0
0.0 0.0 0.0
0.0 0.0 0.0
0.0 0.0 0.0
0.0 0.0 0.0
0.0 0.0 0.0
0.0 0.0 0.0
0.0 0.0 0.0
0.0 0.0 0.0
0.0 0.0 0.0
0.0 0.0 0.0
0.0 0.0 0.0
0.0 0.0 0.0
0.0 0.0 0.0
0.0 0.0 0.0
0.0 0.0 0.0
0.0 0.0 0.0
0.0 0.0 0.0
0.0 0.0 0.0
0.0 0.0 0.0
0.0 0.0 0.0
0.0 0.0 0.0
0.0 0.0 0.0
0.0 0.0 0.0
0.0 0.0 0.0
0.0 0.0 0.0
0.0 0.0 0.0
0.0 0.0 0.0
0.0 0.0 0.0
0.0 0.0 0.0
0.0 0.0 0.0
0.0 0.0 0.0
0.0 0.0 0.0
0.0 0.0 0.0
0.0 0.0 0.0
0.0 0.0 0.0
0.0 0.0 0.0
0.0 0.0 0.0
0.0 0.0 0.0
0.0 0.0 0.0
0.0 0.0 0.0
0.0 0.0 0.0
0.0 0.0 0.0
0.0 0.0 0.0
0.0 0.0 0.0
0.0 0.0 0.0
0.0 0.0 0.0
0.0 0.0 0.0
0.0 0.0 0.0
0.0 0.0 0.0
0.0 0.0 0.0
0.0 0.0 0.0
0.0 0.0 0.0
0.0 0.0 0.0
0.0 0.0 0.0
0.0 0.0 0.0
0.0 0.0 0.0
0.0 0.0 0.0
0.0 0.0 0.0
0.0 0.0 0.0
0.0 0.0 0.0
0.0 0.0 0.0
0.0 0.0 0.0
0.0 0.0 0.0
0.0 0.0 0.0
0.0 0.0 0.0
0.0 0.0 0.0
0.0 0.0 0.0
0.0 0.0 0.0
0.0 0.0 0.0
0.0 0.0 0.0
0.0 0.0 0.0
0.0 0.0 0.0
0.0 0.0 0.0
0.0 0.0 0.0
0.0 0.0 0.0
0.0 0.0 0.0
0.0 0.0 0.0
0.0 0.0 0.0
0.0 0.0 0.0
0.0 0.0 0.0
12.552769660949707 29.513338088989258 0.6299818158149719
0.0 0.0 0.0
0.0 0.0 0.0
0.0 0.0 0.0
0.0 0.0 0.0
0.0 0.0 0.0
0.0 0.0 0.0
0.0 0.0 0.0
0.0 0.0 0.0
0.0 0.0 0.0
0.0 0.0 0.0
0.0 0.0 0.0
0.0 0.0 0.0
0.0 0.0 0.0
0.0 0.0 0.0
0.0 0.0 0.0
0.0 0.0 0.0
0.0 0.0 0.0
0.0 0.0 0.0
0.0 0.0 0.0
0.0 0.0 0.0
0.0 0.0 0.0
0.0 0.0 0.0
0.0 0.0 0.0
0.0 0.0 0.0
0.0 0.0 0.0
0.0 0.0 0.0
0.0 0.0 0.0
0.0 0.0 0.0
0.0 0.0 0.0
0.0 0.0 0.0
0.0 0.0 0.0
0.0 0.0 0.0
0.0 0.0 0.0
0.0 0.0 0.0
0.0 0.0 0.0
0.0 0.0 0.0
0.0 0.0 0.0
0.0 0.0 0.0
0.0 0.0 0.0
0.0 0.0 0.0
0.0 0.0 0.0
0.0 0.0 0.0
0.0 0.0 0.0
0.0 0.0 0.0
0.0 0.0 0.0
0.0 0.0 0.0
0.0 0.0 0.0
0.0 0.0 0.0
0.0 0.0 0.0
0.0 0.0 0.0
0.0 0.0 0.0
0.0 0.0 0.0
0.0 0.0 0.0
0.0 0.0 0.0
0.0 0.0 0.0
0.0 0.0 0.0
0.0 0.0 0.0
0.0 0.0 0.0
0.0 0.0 0.0
0.0 0.0 0.0
0.0 0.0 0.0
0.0 0.0 0.0
0.0 0.0 0.0
0.0 0.0 0.0
0.0 0.0 0.0
0.0 0.0 0.0
0.0 0.0 0.0
0.0 0.0 0.0
0.0 0.0 0.0
0.0 0.0 0.0
0.0 0.0 0.0
0.0 0.0 0.0
0.0 0.0 0.0
0.0 0.0 0.0
0.0 0.0 0.0
0.0 0.0 0.0
0.0 0.0 0.0
0.0 0.0 0.0
0.0 0.0 0.0
0.0 0.0 0.0
0.0 0.0 0.0
0.0 0.0 0.0
0.0 0.0 0.0
0.0 0.0 0.0
0.0 0.0 0.0
0.0 0.0 0.0
0.0 0.0 0.0
0.0 0.0 0.0
0.0 0.0 0.0
0.0 0.0 0.0
0.0 0.0 0.0
0.0 0.0 0.0
0.0 0.0 0.0
0.0 0.0 0.0
0.0 0.0 0.0
0.0 0.0 0.0
0.0 0.0 0.0
0.0 0.0 0.0
0.0 0.0 0.0
0.0 0.0 0.0
0.0 0.0 0.0
0.0 0.0 0.0
0.0 0.0 0.0
0.0 0.0 0.0
0.0 0.0 0.0
0.0 0.0 0.0
0.0 0.0 0.0
0.0 0.0 0.0
0.0 0.0 0.0
0.0 0.0 0.0
0.0 0.0 0.0
0.0 0.0 0.0
0.0 0.0 0.0
0.0 0.0 0.0
0.0 0.0 0.0
0.0 0.0 0.0
0.0 0.0 0.0
0.0 0.0 0.0
0.0 0.0 0.0
0.0 0.0 0.0
0.0 0.0 0.0
0.0 0.0 0.0
0.0 0.0 0.0
0.0 0.0 0.0
0.0 0.0 0.0
0.0 0.0 0.0
0.0 0.0 0.0
0.0 0.0 0.0
0.0 0.0 0.0
0.0 0.0 0.0
0.0 0.0 0.0
0.0 0.0 0.0
0.0 0.0 0.0
-97.46199035644531 165.1472625732422 3.0143330097198486
0.0 0.0 0.0
0.0 0.0 0.0
0.0 0.0 0.0
0.0 0.0 0.0
0.0 0.0 0.0
0.0 0.0 0.0
0.0 0.0 0.0
0.0 0.0 0.0
0.0 0.0 0.0
0.0 0.0 0.0
0.0 0.0 0.0
0.0 0.0 0.0
0.0 0.0 0.0
0.0 0.0 0.0
0.0 0.0 0.0
0.0 0.0 0.0
0.0 0.0 0.0
0.0 0.0 0.0
0.0 0.0 0.0
0.0 0.0 0.0
0.0 0.0 0.0
0.0 0.0 0.0
0.0 0.0 0.0
0.0 0.0 0.0
0.0 0.0 0.0
0.0 0.0 0.0
0.0 0.0 0.0
0.0 0.0 0.0
0.0 0.0 0.0
0.0 0.0 0.0
0.0 0.0 0.0
0.0 0.0 0.0
0.0 0.0 0.0
0.0 0.0 0.0
0.0 0.0 0.0
0.0 0.0 0.0
0.0 0.0 0.0
0.0 0.0 0.0
0.0 0.0 0.0
0.0 0.0 0.0
0.0 0.0 0.0
0.0 0.0 0.0
0.0 0.0 0.0
0.0 0.0 0.0
0.0 0.0 0.0
0.0 0.0 0.0
0.0 0.0 0.0
0.0 0.0 0.0
0.0 0.0 0.0
0.0 0.0 0.0
0.0 0.0 0.0
0.0 0.0 0.0
0.0 0.0 0.0
0.0 0.0 0.0
0.0 0.0 0.0
0.0 0.0 0.0
0.0 0.0 0.0
0.0 0.0 0.0
0.0 0.0 0.0
0.0 0.0 0.0
0.0 0.0 0.0
0.0 0.0 0.0
0.0 0.0 0.0
0.0 0.0 0.0
0.0 0.0 0.0
0.0 0.0 0.0
0.0 0.0 0.0
0.0 0.0 0.0
0.0 0.0 0.0
0.0 0.0 0.0
0.0 0.0 0.0
0.0 0.0 0.0
0.0 0.0 0.0
0.0 0.0 0.0
0.0 0.0 0.0
0.0 0.0 0.0
0.0 0.0 0.0
0.0 0.0 0.0
0.0 0.0 0.0
0.0 0.0 0.0
0.0 0.0 0.0
0.0 0.0 0.0
0.0 0.0 0.0
0.0 0.0 0.0
0.0 0.0 0.0
0.0 0.0 0.0
0.0 0.0 0.0
0.0 0.0 0.0
0.0 0.0 0.0
0.0 0.0 0.0
0.0 0.0 0.0
0.0 0.0 0.0
0.0 0.0 0.0
0.0 0.0 0.0
0.0 0.0 0.0
0.0 0.0 0.0
0.0 0.0 0.0
0.0 0.0 0.0
0.0 0.0 0.0
0.0 0.0 0.0
0.0 0.0 0.0
0.0 0.0 0.0
0.0 0.0 0.0
0.0 0.0 0.0
0.0 0.0 0.0
0.0 0.0 0.0
0.0 0.0 0.0
0.0 0.0 0.0
0.0 0.0 0.0
0.0 0.0 0.0
0.0 0.0 0.0
0.0 0.0 0.0
0.0 0.0 0.0
0.0 0.0 0.0
0.0 0.0 0.0
0.0 0.0 0.0
0.0 0.0 0.0
0.0 0.0 0.0
0.0 0.0 0.0
0.0 0.0 0.0
0.0 0.0 0.0
0.0 0.0 0.0
0.0 0.0 0.0
0.0 0.0 0.0
0.0 0.0 0.0
0.0 0.0 0.0
0.0 0.0 0.0
0.0 0.0 0.0
0.0 0.0 0.0
0.0 0.0 0.0
0.0 0.0 0.0
0.0 0.0 0.0
0.0 0.0 0.0
0.0 0.0 0.0
0.0 0.0 0.0
0.0 0.0 0.0
0.0 0.0 0.0
0.0 0.0 0.0
0.0 0.0 0.0
0.0 0.0 0.0
0.0 0.0 0.0
0.0 0.0 0.0
0.0 0.0 0.0
0.0 0.0 0.0
0.0 0.0 0.0
0.0 0.0 0.0
0.0 0.0 0.0
0.0 0.0 0.0
0.0 0.0 0.0
0.0 0.0 0.0
0.0 0.0 0.0
0.0 0.0 0.0
0.0 0.0 0.0
0.0 0.0 0.0
0.0 0.0 0.0
0.0 0.0 0.0
0.0 0.0 0.0
0.0 0.0 0.0
0.0 0.0 0.0
0.0 0.0 0.0
0.0 0.0 0.0
0.0 0.0 0.0
0.0 0.0 0.0
0.0 0.0 0.0
0.0 0.0 0.0
0.0 0.0 0.0
0.0 0.0 0.0
0.0 0.0 0.0
0.0 0.0 0.0
0.0 0.0 0.0
0.0 0.0 0.0
0.0 0.0 0.0
0.0 0.0 0.0
0.0 0.0 0.0
0.0 0.0 0.0
0.0 0.0 0.0
0.0 0.0 0.0
0.0 0.0 0.0
0.0 0.0 0.0
22.540266036987305 38.80405044555664 -0.8054408431053162
0.0 0.0 0.0
0.0 0.0 0.0
0.0 0.0 0.0
0.0 0.0 0.0
0.0 0.0 0.0
0.0 0.0 0.0
0.0 0.0 0.0
0.0 0.0 0.0
0.0 0.0 0.0
0.0 0.0 0.0
0.0 0.0 0.0
0.0 0.0 0.0
0.0 0.0 0.0
0.0 0.0 0.0
0.0 0.0 0.0
0.0 0.0 0.0
0.0 0.0 0.0
0.0 0.0 0.0
0.0 0.0 0.0
0.0 0.0 0.0
0.0 0.0 0.0
0.0 0.0 0.0
0.0 0.0 0.0
0.0 0.0 0.0
0.0 0.0 0.0
0.0 0.0 0.0
0.0 0.0 0.0
0.0 0.0 0.0
0.0 0.0 0.0
0.0 0.0 0.0
0.0 0.0 0.0
0.0 0.0 0.0
0.0 0.0 0.0
0.0 0.0 0.0
0.0 0.0 0.0
0.0 0.0 0.0
0.0 0.0 0.0
0.0 0.0 0.0
0.0 0.0 0.0
0.0 0.0 0.0
0.0 0.0 0.0
0.0 0.0 0.0
0.0 0.0 0.0
0.0 0.0 0.0
0.0 0.0 0.0
0.0 0.0 0.0
0.0 0.0 0.0
0.0 0.0 0.0
0.0 0.0 0.0
0.0 0.0 0.0
0.0 0.0 0.0
0.0 0.0 0.0
0.0 0.0 0.0
0.0 0.0 0.0
0.0 0.0 0.0
0.0 0.0 0.0
0.0 0.0 0.0
0.0 0.0 0.0
0.0 0.0 0.0
0.0 0.0 0.0
0.0 0.0 0.0
0.0 0.0 0.0
0.0 0.0 0.0
0.0 0.0 0.0
0.0 0.0 0.0
0.0 0.0 0.0
0.0 0.0 0.0
0.0 0.0 0.0
0.0 0.0 0.0
0.0 0.0 0.0
0.0 0.0 0.0
0.0 0.0 0.0
0.0 0.0 0.0
0.0 0.0 0.0
0.0 0.0 0.0
0.0 0.0 0.0
0.0 0.0 0.0
0.0 0.0 0.0
0.0 0.0 0.0
0.0 0.0 0.0
0.0 0.0 0.0
0.0 0.0 0.0
0.0 0.0 0.0
0.0 0.0 0.0
0.0 0.0 0.0
0.0 0.0 0.0
0.0 0.0 0.0
0.0 0.0 0.0
0.0 0.0 0.0
0.0 0.0 0.0
0.0 0.0 0.0
0.0 0.0 0.0
0.0 0.0 0.0
0.0 0.0 0.0
0.0 0.0 0.0
0.0 0.0 0.0
0.0 0.0 0.0
0.0 0.0 0.0
0.0 0.0 0.0
0.0 0.0 0.0
0.0 0.0 0.0
0.0 0.0 0.0
0.0 0.0 0.0
0.0 0.0 0.0
0.0 0.0 0.0
0.0 0.0 0.0
0.0 0.0 0.0
0.0 0.0 0.0
0.0 0.0 0.0
0.0 0.0 0.0
0.0 0.0 0.0
0.0 0.0 0.0
0.0 0.0 0.0
0.0 0.0 0.0
0.0 0.0 0.0
0.0 0.0 0.0
0.0 0.0 0.0
0.0 0.0 0.0
0.0 0.0 0.0
0.0 0.0 0.0
0.0 0.0 0.0
0.0 0.0 0.0
0.0 0.0 0.0
0.0 0.0 0.0
0.0 0.0 0.0
0.0 0.0 0.0
0.0 0.0 0.0
0.0 0.0 0.0
0.0 0.0 0.0
0.0 0.0 0.0
0.0 0.0 0.0
0.0 0.0 0.0
0.0 0.0 0.0
0.0 0.0 0.0
0.0 0.0 0.0
0.0 0.0 0.0
0.0 0.0 0.0
0.0 0.0 0.0
0.0 0.0 0.0
0.0 0.0 0.0
0.0 0.0 0.0
0.0 0.0 0.0
0.0 0.0 0.0
0.0 0.0 0.0
0.0 0.0 0.0
0.0 0.0 0.0
0.0 0.0 0.0
0.0 0.0 0.0
0.0 0.0 0.0
0.0 0.0 0.0
0.0 0.0 0.0
0.0 0.0 0.0
0.0 0.0 0.0
0.0 0.0 0.0
0.0 0.0 0.0
0.0 0.0 0.0
0.0 0.0 0.0
0.0 0.0 0.0
0.0 0.0 0.0
0.0 0.0 0.0
0.0 0.0 0.0
0.0 0.0 0.0
0.0 0.0 0.0
0.0 0.0 0.0
0.0 0.0 0.0
0.0 0.0 0.0
0.0 0.0 0.0
0.0 0.0 0.0
0.0 0.0 0.0
0.0 0.0 0.0
0.0 0.0 0.0
0.0 0.0 0.0
0.0 0.0 0.0
0.0 0.0 0.0
0.0 0.0 0.0
0.0 0.0 0.0
0.0 0.0 0.0
0.0 0.0 0.0
0.0 0.0 0.0
0.0 0.0 0.0
0.0 0.0 0.0
0.0 0.0 0.0
0.0 0.0 0.0
0.0 0.0 0.0
0.0 0.0 0.0
0.0 0.0 0.0
0.0 0.0 0.0
0.0 0.0 0.0
0.0 0.0 0.0
0.0 0.0 0.0
0.0 0.0 0.0
0.0 0.0 0.0
0.0 0.0 0.0
0.0 0.0 0.0
0.0 0.0 0.0
0.0 0.0 0.0
0.0 0.0 0.0
0.0 0.0 0.0
0.0 0.0 0.0
0.0 0.0 0.0
0.0 0.0 0.0
0.0 0.0 0.0
0.0 0.0 0.0
0.0 0.0 0.0
0.0 0.0 0.0
0.0 0.0 0.0
0.0 0.0 0.0
0.0 0.0 0.0
0.0 0.0 0.0
0.0 0.0 0.0
0.0 0.0 0.0
0.0 0.0 0.0
0.0 0.0 0.0
0.0 0.0 0.0
0.0 0.0 0.0
0.0 0.0 0.0
0.0 0.0 0.0
0.0 0.0 0.0
0.0 0.0 0.0
0.0 0.0 0.0
0.0 0.0 0.0
0.0 0.0 0.0
0.0 0.0 0.0
0.0 0.0 0.0
0.0 0.0 0.0
0.0 0.0 0.0
0.0 0.0 0.0
0.0 0.0 0.0
0.0 0.0 0.0
0.0 0.0 0.0
0.0 0.0 0.0
0.0 0.0 0.0
0.0 0.0 0.0
0.0 0.0 0.0
0.0 0.0 0.0
0.0 0.0 0.0
0.0 0.0 0.0
0.0 0.0 0.0
0.0 0.0 0.0
0.0 0.0 0.0
0.0 0.0 0.0
0.0 0.0 0.0
0.0 0.0 0.0
0.0 0.0 0.0
0.0 0.0 0.0
0.0 0.0 0.0
0.0 0.0 0.0
0.0 0.0 0.0
0.0 0.0 0.0
0.0 0.0 0.0
0.0 0.0 0.0
0.0 0.0 0.0
0.0 0.0 0.0
0.0 0.0 0.0
0.0 0.0 0.0
0.0 0.0 0.0
0.0 0.0 0.0
0.0 0.0 0.0
0.0 0.0 0.0
0.0 0.0 0.0
0.0 0.0 0.0
0.0 0.0 0.0
0.0 0.0 0.0
0.0 0.0 0.0
0.0 0.0 0.0
0.0 0.0 0.0
0.0 0.0 0.0
0.0 0.0 0.0
0.0 0.0 0.0
0.0 0.0 0.0
0.0 0.0 0.0
0.0 0.0 0.0
0.0 0.0 0.0
0.0 0.0 0.0
0.0 0.0 0.0
0.0 0.0 0.0
0.0 0.0 0.0
0.0 0.0 0.0
0.0 0.0 0.0
0.0 0.0 0.0
0.0 0.0 0.0
0.0 0.0 0.0
0.0 0.0 0.0
0.0 0.0 0.0
0.0 0.0 0.0
0.0 0.0 0.0
0.0 0.0 0.0
0.0 0.0 0.0
0.0 0.0 0.0
0.0 0.0 0.0
0.0 0.0 0.0
0.0 0.0 0.0
0.0 0.0 0.0
0.0 0.0 0.0
0.0 0.0 0.0
0.0 0.0 0.0
0.0 0.0 0.0
0.0 0.0 0.0
0.0 0.0 0.0
0.0 0.0 0.0
0.0 0.0 0.0
0.0 0.0 0.0
0.0 0.0 0.0
0.0 0.0 0.0
0.0 0.0 0.0
0.0 0.0 0.0
0.0 0.0 0.0
0.0 0.0 0.0
0.0 0.0 0.0
0.0 0.0 0.0
0.0 0.0 0.0
0.0 0.0 0.0
0.0 0.0 0.0
0.0 0.0 0.0
0.0 0.0 0.0
0.0 0.0 0.0
0.0 0.0 0.0
0.0 0.0 0.0
0.0 0.0 0.0
0.0 0.0 0.0
0.0 0.0 0.0
0.0 0.0 0.0
0.0 0.0 0.0
0.0 0.0 0.0
0.0 0.0 0.0
0.0 0.0 0.0
0.0 0.0 0.0
0.0 0.0 0.0
0.0 0.0 0.0
0.0 0.0 0.0
0.0 0.0 0.0
0.0 0.0 0.0
0.0 0.0 0.0
0.0 0.0 0.0
0.0 0.0 0.0
0.0 0.0 0.0
0.0 0.0 0.0
0.0 0.0 0.0
0.0 0.0 0.0
0.0 0.0 0.0
0.0 0.0 0.0
0.0 0.0 0.0
0.0 0.0 0.0
0.0 0.0 0.0
0.0 0.0 0.0
0.0 0.0 0.0
0.0 0.0 0.0
0.0 0.0 0.0
0.0 0.0 0.0
0.0 0.0 0.0
0.0 0.0 0.0
0.0 0.0 0.0
0.0 0.0 0.0
0.0 0.0 0.0
0.0 0.0 0.0
0.0 0.0 0.0
0.0 0.0 0.0
0.0 0.0 0.0
0.0 0.0 0.0
0.0 0.0 0.0
0.0 0.0 0.0
0.0 0.0 0.0
0.0 0.0 0.0
0.0 0.0 0.0
0.0 0.0 0.0
0.0 0.0 0.0
0.0 0.0 0.0
0.0 0.0 0.0
0.0 0.0 0.0
0.0 0.0 0.0
0.0 0.0 0.0
0.0 0.0 0.0
0.0 0.0 0.0
0.0 0.0 0.0
0.0 0.0 0.0
0.0 0.0 0.0
0.0 0.0 0.0
0.0 0.0 0.0
0.0 0.0 0.0
0.0 0.0 0.0
0.0 0.0 0.0
0.0 0.0 0.0
0.0 0.0 0.0
0.0 0.0 0.0
0.0 0.0 0.0
0.0 0.0 0.0
0.0 0.0 0.0
0.0 0.0 0.0
0.0 0.0 0.0
0.0 0.0 0.0
0.0 0.0 0.0
0.0 0.0 0.0
0.0 0.0 0.0
0.0 0.0 0.0
0.0 0.0 0.0
0.0 0.0 0.0
0.0 0.0 0.0
0.0 0.0 0.0
0.0 0.0 0.0
0.0 0.0 0.0
0.0 0.0 0.0
0.0 0.0 0.0
0.0 0.0 0.0
0.0 0.0 0.0
0.0 0.0 0.0
0.0 0.0 0.0
0.0 0.0 0.0
0.0 0.0 0.0
0.0 0.0 0.0
0.0 0.0 0.0
0.0 0.0 0.0
0.0 0.0 0.0
0.0 0.0 0.0
0.0 0.0 0.0
0.0 0.0 0.0
0.0 0.0 0.0
0.0 0.0 0.0
0.0 0.0 0.0
0.0 0.0 0.0
0.0 0.0 0.0
0.0 0.0 0.0
0.0 0.0 0.0
0.0 0.0 0.0
0.0 0.0 0.0
0.0 0.0 0.0
0.0 0.0 0.0
0.0 0.0 0.0
0.0 0.0 0.0
0.0 0.0 0.0
0.0 0.0 0.0
0.0 0.0 0.0
0.0 0.0 0.0
0.0 0.0 0.0
0.0 0.0 0.0
0.0 0.0 0.0
0.0 0.0 0.0
0.0 0.0 0.0
0.0 0.0 0.0
0.0 0.0 0.0
0.0 0.0 0.0
0.0 0.0 0.0
0.0 0.0 0.0
0.0 0.0 0.0
0.0 0.0 0.0
0.0 0.0 0.0
0.0 0.0 0.0
0.0 0.0 0.0
0.0 0.0 0.0
0.0 0.0 0.0
0.0 0.0 0.0
0.0 0.0 0.0
0.0 0.0 0.0
0.0 0.0 0.0
0.0 0.0 0.0
0.0 0.0 0.0
0.0 0.0 0.0
0.0 0.0 0.0
0.0 0.0 0.0
0.0 0.0 0.0
0.0 0.0 0.0
0.0 0.0 0.0
0.0 0.0 0.0
0.0 0.0 0.0
0.0 0.0 0.0
0.0 0.0 0.0
0.0 0.0 0.0
0.0 0.0 0.0
0.0 0.0 0.0
0.0 0.0 0.0
0.0 0.0 0.0
0.0 0.0 0.0
0.0 0.0 0.0
0.0 0.0 0.0
0.0 0.0 0.0
0.0 0.0 0.0
0.0 0.0 0.0
0.0 0.0 0.0
0.0 0.0 0.0
0.0 0.0 0.0
0.0 0.0 0.0
0.0 0.0 0.0
0.0 0.0 0.0
0.0 0.0 0.0
0.0 0.0 0.0
0.0 0.0 0.0
0.0 0.0 0.0
0.0 0.0 0.0
0.0 0.0 0.0
0.0 0.0 0.0
0.0 0.0 0.0
0.0 0.0 0.0
0.0 0.0 0.0
0.0 0.0 0.0
0.0 0.0 0.0
0.0 0.0 0.0
0.0 0.0 0.0
0.0 0.0 0.0
0.0 0.0 0.0
0.0 0.0 0.0
0.0 0.0 0.0
0.0 0.0 0.0
0.0 0.0 0.0
0.0 0.0 0.0
0.0 0.0 0.0
0.0 0.0 0.0
0.0 0.0 0.0
0.0 0.0 0.0
0.0 0.0 0.0
0.0 0.0 0.0
0.0 0.0 0.0
0.0 0.0 0.0
0.0 0.0 0.0
0.0 0.0 0.0
0.0 0.0 0.0
0.0 0.0 0.0
0.0 0.0 0.0
0.0 0.0 0.0
0.0 0.0 0.0
0.0 0.0 0.0
0.0 0.0 0.0
0.0 0.0 0.0
0.0 0.0 0.0
0.0 0.0 0.0
0.0 0.0 0.0
0.0 0.0 0.0
0.0 0.0 0.0
0.0 0.0 0.0
0.0 0.0 0.0
0.0 0.0 0.0
0.0 0.0 0.0
0.0 0.0 0.0
0.0 0.0 0.0
0.0 0.0 0.0
0.0 0.0 0.0
0.0 0.0 0.0
0.0 0.0 0.0
0.0 0.0 0.0
0.0 0.0 0.0
0.0 0.0 0.0
0.0 0.0 0.0
0.0 0.0 0.0
0.0 0.0 0.0
0.0 0.0 0.0
0.0 0.0 0.0
0.0 0.0 0.0
0.0 0.0 0.0
0.0 0.0 0.0
0.0 0.0 0.0
0.0 0.0 0.0
0.0 0.0 0.0
0.0 0.0 0.0
0.0 0.0 0.0
0.0 0.0 0.0
0.0 0.0 0.0
0.0 0.0 0.0
0.0 0.0 0.0
0.0 0.0 0.0
0.0 0.0 0.0
0.0 0.0 0.0
0.0 0.0 0.0
0.0 0.0 0.0
0.0 0.0 0.0
0.0 0.0 0.0
0.0 0.0 0.0
0.0 0.0 0.0
0.0 0.0 0.0
0.0 0.0 0.0
0.0 0.0 0.0
0.0 0.0 0.0
0.0 0.0 0.0
0.0 0.0 0.0
0.0 0.0 0.0
0.0 0.0 0.0
0.0 0.0 0.0
0.0 0.0 0.0
0.0 0.0 0.0
0.0 0.0 0.0
0.0 0.0 0.0
0.0 0.0 0.0
0.0 0.0 0.0
0.0 0.0 0.0
0.0 0.0 0.0
0.0 0.0 0.0
0.0 0.0 0.0
0.0 0.0 0.0
0.0 0.0 0.0
0.0 0.0 0.0
0.0 0.0 0.0
0.0 0.0 0.0
0.0 0.0 0.0
0.0 0.0 0.0
0.0 0.0 0.0
0.0 0.0 0.0
0.0 0.0 0.0
0.0 0.0 0.0
0.0 0.0 0.0
0.0 0.0 0.0
0.0 0.0 0.0
0.0 0.0 0.0
0.0 0.0 0.0
0.0 0.0 0.0
0.0 0.0 0.0
0.0 0.0 0.0
0.0 0.0 0.0
0.0 0.0 0.0
0.0 0.0 0.0
0.0 0.0 0.0
0.0 0.0 0.0
0.0 0.0 0.0
0.0 0.0 0.0
0.0 0.0 0.0
0.0 0.0 0.0
0.0 0.0 0.0
0.0 0.0 0.0
0.0 0.0 0.0
0.0 0.0 0.0
0.0 0.0 0.0
0.0 0.0 0.0
0.0 0.0 0.0
0.0 0.0 0.0
0.0 0.0 0.0
0.0 0.0 0.0
0.0 0.0 0.0
0.0 0.0 0.0
0.0 0.0 0.0
0.0 0.0 0.0
0.0 0.0 0.0
0.0 0.0 0.0
0.0 0.0 0.0
0.0 0.0 0.0
0.0 0.0 0.0
0.0 0.0 0.0
0.0 0.0 0.0
0.0 0.0 0.0
0.0 0.0 0.0
0.0 0.0 0.0
0.0 0.0 0.0
0.0 0.0 0.0
0.0 0.0 0.0
0.0 0.0 0.0
0.0 0.0 0.0
0.0 0.0 0.0
0.0 0.0 0.0
0.0 0.0 0.0
0.0 0.0 0.0
0.0 0.0 0.0
0.0 0.0 0.0
0.0 0.0 0.0
0.0 0.0 0.0
0.0 0.0 0.0
0.0 0.0 0.0
0.0 0.0 0.0
0.0 0.0 0.0
0.0 0.0 0.0
0.0 0.0 0.0
0.0 0.0 0.0
0.0 0.0 0.0
0.0 0.0 0.0
0.0 0.0 0.0
0.0 0.0 0.0
0.0 0.0 0.0
0.0 0.0 0.0
0.0 0.0 0.0
0.0 0.0 0.0
0.0 0.0 0.0
0.0 0.0 0.0
0.0 0.0 0.0
0.0 0.0 0.0
0.0 0.0 0.0
0.0 0.0 0.0
0.0 0.0 0.0
0.0 0.0 0.0
0.0 0.0 0.0
0.0 0.0 0.0
0.0 0.0 0.0
0.0 0.0 0.0
0.0 0.0 0.0
0.0 0.0 0.0
0.0 0.0 0.0
0.0 0.0 0.0
0.0 0.0 0.0
0.0 0.0 0.0
0.0 0.0 0.0
0.0 0.0 0.0
0.0 0.0 0.0
0.0 0.0 0.0
0.0 0.0 0.0
0.0 0.0 0.0
0.0 0.0 0.0
0.0 0.0 0.0
0.0 0.0 0.0
0.0 0.0 0.0
0.0 0.0 0.0
0.0 0.0 0.0
0.0 0.0 0.0
0.0 0.0 0.0
0.0 0.0 0.0
0.0 0.0 0.0
0.0 0.0 0.0
0.0 0.0 0.0
0.0 0.0 0.0
0.0 0.0 0.0
0.0 0.0 0.0
0.0 0.0 0.0
0.0 0.0 0.0
0.0 0.0 0.0
0.0 0.0 0.0
0.0 0.0 0.0
0.0 0.0 0.0
0.0 0.0 0.0
0.0 0.0 0.0
0.0 0.0 0.0
0.0 0.0 0.0
0.0 0.0 0.0
0.0 0.0 0.0
0.0 0.0 0.0
0.0 0.0 0.0
0.0 0.0 0.0
0.0 0.0 0.0
0.0 0.0 0.0
0.0 0.0 0.0
0.0 0.0 0.0
0.0 0.0 0.0
0.0 0.0 0.0
0.0 0.0 0.0
0.0 0.0 0.0
0.0 0.0 0.0
0.0 0.0 0.0
0.0 0.0 0.0
0.0 0.0 0.0
0.0 0.0 0.0
0.0 0.0 0.0
0.0 0.0 0.0
0.0 0.0 0.0
0.0 0.0 0.0
0.0 0.0 0.0
0.0 0.0 0.0
0.0 0.0 0.0
0.0 0.0 0.0
0.0 0.0 0.0
0.0 0.0 0.0
0.0 0.0 0.0
0.0 0.0 0.0
0.0 0.0 0.0
0.0 0.0 0.0
0.0 0.0 0.0
0.0 0.0 0.0
0.0 0.0 0.0
0.0 0.0 0.0
0.0 0.0 0.0
0.0 0.0 0.0
0.0 0.0 0.0
0.0 0.0 0.0
0.0 0.0 0.0
0.0 0.0 0.0
0.0 0.0 0.0
0.0 0.0 0.0
0.0 0.0 0.0
0.0 0.0 0.0
0.0 0.0 0.0
0.0 0.0 0.0
0.0 0.0 0.0
0.0 0.0 0.0
0.0 0.0 0.0
0.0 0.0 0.0
0.0 0.0 0.0
0.0 0.0 0.0
0.0 0.0 0.0
0.0 0.0 0.0
0.0 0.0 0.0
0.0 0.0 0.0
0.0 0.0 0.0
0.0 0.0 0.0
0.0 0.0 0.0
0.0 0.0 0.0
0.0 0.0 0.0
0.0 0.0 0.0
0.0 0.0 0.0
0.0 0.0 0.0
0.0 0.0 0.0
0.0 0.0 0.0
0.0 0.0 0.0
0.0 0.0 0.0
0.0 0.0 0.0
0.0 0.0 0.0
0.0 0.0 0.0
0.0 0.0 0.0
0.0 0.0 0.0
0.0 0.0 0.0
0.0 0.0 0.0
0.0 0.0 0.0
0.0 0.0 0.0
0.0 0.0 0.0
0.0 0.0 0.0
0.0 0.0 0.0
0.0 0.0 0.0
0.0 0.0 0.0
0.0 0.0 0.0
0.0 0.0 0.0
0.0 0.0 0.0
0.0 0.0 0.0
0.0 0.0 0.0
0.0 0.0 0.0
0.0 0.0 0.0
0.0 0.0 0.0
0.0 0.0 0.0
0.0 0.0 0.0
0.0 0.0 0.0
0.0 0.0 0.0
0.0 0.0 0.0
0.0 0.0 0.0
0.0 0.0 0.0
0.0 0.0 0.0
0.0 0.0 0.0
0.0 0.0 0.0
0.0 0.0 0.0
0.0 0.0 0.0
0.0 0.0 0.0
0.0 0.0 0.0
0.0 0.0 0.0
0.0 0.0 0.0
0.0 0.0 0.0
0.0 0.0 0.0
0.0 0.0 0.0
0.0 0.0 0.0
0.0 0.0 0.0
0.0 0.0 0.0
0.0 0.0 0.0
0.0 0.0 0.0
0.0 0.0 0.0
0.0 0.0 0.0
0.0 0.0 0.0
0.0 0.0 0.0
0.0 0.0 0.0
0.0 0.0 0.0
0.0 0.0 0.0
0.0 0.0 0.0
0.0 0.0 0.0
0.0 0.0 0.0
0.0 0.0 0.0
0.0 0.0 0.0
0.0 0.0 0.0
0.0 0.0 0.0
0.0 0.0 0.0
0.0 0.0 0.0
0.0 0.0 0.0
0.0 0.0 0.0
0.0 0.0 0.0
0.0 0.0 0.0
0.0 0.0 0.0
0.0 0.0 0.0
0.0 0.0 0.0
0.0 0.0 0.0
0.0 0.0 0.0
0.0 0.0 0.0
0.0 0.0 0.0
0.0 0.0 0.0
0.0 0.0 0.0
0.0 0.0 0.0
0.0 0.0 0.0
0.0 0.0 0.0
0.0 0.0 0.0
0.0 0.0 0.0
0.0 0.0 0.0
0.0 0.0 0.0
0.0 0.0 0.0
0.0 0.0 0.0
0.0 0.0 0.0
0.0 0.0 0.0
0.0 0.0 0.0
0.0 0.0 0.0
0.0 0.0 0.0
0.0 0.0 0.0
0.0 0.0 0.0
0.0 0.0 0.0
0.0 0.0 0.0
0.0 0.0 0.0
0.0 0.0 0.0
0.0 0.0 0.0
0.0 0.0 0.0
0.0 0.0 0.0
0.0 0.0 0.0
0.0 0.0 0.0
0.0 0.0 0.0
0.0 0.0 0.0
0.0 0.0 0.0
0.0 0.0 0.0
0.0 0.0 0.0
0.0 0.0 0.0
0.0 0.0 0.0
0.0 0.0 0.0
0.0 0.0 0.0
0.0 0.0 0.0
0.0 0.0 0.0
0.0 0.0 0.0
0.0 0.0 0.0
0.0 0.0 0.0
0.0 0.0 0.0
0.0 0.0 0.0
0.0 0.0 0.0
0.0 0.0 0.0
0.0 0.0 0.0
0.0 0.0 0.0
0.0 0.0 0.0
0.0 0.0 0.0
0.0 0.0 0.0
0.0 0.0 0.0
0.0 0.0 0.0
0.0 0.0 0.0
0.0 0.0 0.0
0.0 0.0 0.0
0.0 0.0 0.0
0.0 0.0 0.0
0.0 0.0 0.0
0.0 0.0 0.0
0.0 0.0 0.0
0.0 0.0 0.0
0.0 0.0 0.0
0.0 0.0 0.0
0.0 0.0 0.0
0.0 0.0 0.0
0.0 0.0 0.0
0.0 0.0 0.0
0.0 0.0 0.0
0.0 0.0 0.0
0.0 0.0 0.0
0.0 0.0 0.0
0.0 0.0 0.0
0.0 0.0 0.0
0.0 0.0 0.0
0.0 0.0 0.0
0.0 0.0 0.0
0.0 0.0 0.0
0.0 0.0 0.0
0.0 0.0 0.0
0.0 0.0 0.0
0.0 0.0 0.0
0.0 0.0 0.0
0.0 0.0 0.0
0.0 0.0 0.0
0.0 0.0 0.0
0.0 0.0 0.0
0.0 0.0 0.0
0.0 0.0 0.0
0.0 0.0 0.0
0.0 0.0 0.0
0.0 0.0 0.0
0.0 0.0 0.0
0.0 0.0 0.0
0.0 0.0 0.0
0.0 0.0 0.0
0.0 0.0 0.0
0.0 0.0 0.0
0.0 0.0 0.0
0.0 0.0 0.0
0.0 0.0 0.0
0.0 0.0 0.0
0.0 0.0 0.0
0.0 0.0 0.0
0.0 0.0 0.0
0.0 0.0 0.0
0.0 0.0 0.0
-15.213765144348145 43.607112884521484 -0.49636971950531006
0.0 0.0 0.0
0.0 0.0 0.0
0.0 0.0 0.0
0.0 0.0 0.0
0.0 0.0 0.0
0.0 0.0 0.0
0.0 0.0 0.0
0.0 0.0 0.0
0.0 0.0 0.0
0.0 0.0 0.0
0.0 0.0 0.0
0.0 0.0 0.0
0.0 0.0 0.0
0.0 0.0 0.0
0.0 0.0 0.0
0.0 0.0 0.0
0.0 0.0 0.0
0.0 0.0 0.0
0.0 0.0 0.0
0.0 0.0 0.0
0.0 0.0 0.0
0.0 0.0 0.0
0.0 0.0 0.0
0.0 0.0 0.0
0.0 0.0 0.0
0.0 0.0 0.0
0.0 0.0 0.0
0.0 0.0 0.0
0.0 0.0 0.0
0.0 0.0 0.0
0.0 0.0 0.0
0.0 0.0 0.0
0.0 0.0 0.0
0.0 0.0 0.0
0.0 0.0 0.0
0.0 0.0 0.0
0.0 0.0 0.0
0.0 0.0 0.0
0.0 0.0 0.0
0.0 0.0 0.0
0.0 0.0 0.0
0.0 0.0 0.0
0.0 0.0 0.0
0.0 0.0 0.0
0.0 0.0 0.0
0.0 0.0 0.0
0.0 0.0 0.0
0.0 0.0 0.0
0.0 0.0 0.0
0.0 0.0 0.0
0.0 0.0 0.0
0.0 0.0 0.0
0.0 0.0 0.0
0.0 0.0 0.0
0.0 0.0 0.0
0.0 0.0 0.0
0.0 0.0 0.0
0.0 0.0 0.0
0.0 0.0 0.0
0.0 0.0 0.0
0.0 0.0 0.0
0.0 0.0 0.0
0.0 0.0 0.0
0.0 0.0 0.0
0.0 0.0 0.0
0.0 0.0 0.0
0.0 0.0 0.0
0.0 0.0 0.0
0.0 0.0 0.0
0.0 0.0 0.0
0.0 0.0 0.0
0.0 0.0 0.0
0.0 0.0 0.0
0.0 0.0 0.0
0.0 0.0 0.0
0.0 0.0 0.0
0.0 0.0 0.0
0.0 0.0 0.0
0.0 0.0 0.0
0.0 0.0 0.0
0.0 0.0 0.0
0.0 0.0 0.0
0.0 0.0 0.0
0.0 0.0 0.0
0.0 0.0 0.0
0.0 0.0 0.0
0.0 0.0 0.0
0.0 0.0 0.0
0.0 0.0 0.0
0.0 0.0 0.0
0.0 0.0 0.0
0.0 0.0 0.0
0.0 0.0 0.0
0.0 0.0 0.0
0.0 0.0 0.0
0.0 0.0 0.0
0.0 0.0 0.0
0.0 0.0 0.0
0.0 0.0 0.0
0.0 0.0 0.0
0.0 0.0 0.0
0.0 0.0 0.0
0.0 0.0 0.0
0.0 0.0 0.0
0.0 0.0 0.0
0.0 0.0 0.0
0.0 0.0 0.0
0.0 0.0 0.0
0.0 0.0 0.0
0.0 0.0 0.0
0.0 0.0 0.0
0.0 0.0 0.0
0.0 0.0 0.0
0.0 0.0 0.0
0.0 0.0 0.0
0.0 0.0 0.0
0.0 0.0 0.0
0.0 0.0 0.0
0.0 0.0 0.0
0.0 0.0 0.0
0.0 0.0 0.0
0.0 0.0 0.0
0.0 0.0 0.0
0.0 0.0 0.0
0.0 0.0 0.0
0.0 0.0 0.0
0.0 0.0 0.0
0.0 0.0 0.0
0.0 0.0 0.0
0.0 0.0 0.0
0.0 0.0 0.0
0.0 0.0 0.0
0.0 0.0 0.0
0.0 0.0 0.0
0.0 0.0 0.0
0.0 0.0 0.0
0.0 0.0 0.0
0.0 0.0 0.0
0.0 0.0 0.0
0.0 0.0 0.0
0.0 0.0 0.0
0.0 0.0 0.0
0.0 0.0 0.0
0.0 0.0 0.0
0.0 0.0 0.0
0.0 0.0 0.0
0.0 0.0 0.0
0.0 0.0 0.0
0.0 0.0 0.0
0.0 0.0 0.0
0.0 0.0 0.0
0.0 0.0 0.0
0.0 0.0 0.0
0.0 0.0 0.0
0.0 0.0 0.0
0.0 0.0 0.0
0.0 0.0 0.0
0.0 0.0 0.0
0.0 0.0 0.0
0.0 0.0 0.0
0.0 0.0 0.0
0.0 0.0 0.0
0.0 0.0 0.0
0.0 0.0 0.0
0.0 0.0 0.0
0.0 0.0 0.0
0.0 0.0 0.0
0.0 0.0 0.0
0.0 0.0 0.0
0.0 0.0 0.0
0.0 0.0 0.0
0.0 0.0 0.0
0.0 0.0 0.0
0.0 0.0 0.0
0.0 0.0 0.0
0.0 0.0 0.0
0.0 0.0 0.0
0.0 0.0 0.0
0.0 0.0 0.0
0.0 0.0 0.0
0.0 0.0 0.0
0.0 0.0 0.0
0.0 0.0 0.0
0.0 0.0 0.0
0.0 0.0 0.0
0.0 0.0 0.0
0.0 0.0 0.0
0.0 0.0 0.0
0.0 0.0 0.0
0.0 0.0 0.0
0.0 0.0 0.0
0.0 0.0 0.0
0.0 0.0 0.0
0.0 0.0 0.0
0.0 0.0 0.0
0.0 0.0 0.0
0.0 0.0 0.0
0.0 0.0 0.0
0.0 0.0 0.0
0.0 0.0 0.0
0.0 0.0 0.0
0.0 0.0 0.0
0.0 0.0 0.0
0.0 0.0 0.0
0.0 0.0 0.0
0.0 0.0 0.0
0.0 0.0 0.0
0.0 0.0 0.0
0.0 0.0 0.0
0.0 0.0 0.0
0.0 0.0 0.0
0.0 0.0 0.0
0.0 0.0 0.0
0.0 0.0 0.0
0.0 0.0 0.0
0.0 0.0 0.0
0.0 0.0 0.0
0.0 0.0 0.0
0.0 0.0 0.0
0.0 0.0 0.0
0.0 0.0 0.0
0.0 0.0 0.0
0.0 0.0 0.0
0.0 0.0 0.0
0.0 0.0 0.0
0.0 0.0 0.0
0.0 0.0 0.0
0.0 0.0 0.0
0.0 0.0 0.0
0.0 0.0 0.0
0.0 0.0 0.0
0.0 0.0 0.0
0.0 0.0 0.0
0.0 0.0 0.0
0.0 0.0 0.0
0.0 0.0 0.0
0.0 0.0 0.0
0.0 0.0 0.0
0.0 0.0 0.0
0.0 0.0 0.0
0.0 0.0 0.0
0.0 0.0 0.0
0.0 0.0 0.0
0.0 0.0 0.0
0.0 0.0 0.0
0.0 0.0 0.0
0.0 0.0 0.0
0.0 0.0 0.0
0.0 0.0 0.0
0.0 0.0 0.0
0.0 0.0 0.0
0.0 0.0 0.0
0.0 0.0 0.0
0.0 0.0 0.0
0.0 0.0 0.0
0.0 0.0 0.0
0.0 0.0 0.0
0.0 0.0 0.0
0.0 0.0 0.0
0.0 0.0 0.0
0.0 0.0 0.0
0.0 0.0 0.0
0.0 0.0 0.0
0.0 0.0 0.0
0.0 0.0 0.0
0.0 0.0 0.0
0.0 0.0 0.0
0.0 0.0 0.0
0.0 0.0 0.0
0.0 0.0 0.0
0.0 0.0 0.0
0.0 0.0 0.0
0.0 0.0 0.0
0.0 0.0 0.0
0.0 0.0 0.0
0.0 0.0 0.0
0.0 0.0 0.0
0.0 0.0 0.0
0.0 0.0 0.0
0.0 0.0 0.0
0.0 0.0 0.0
0.0 0.0 0.0
0.0 0.0 0.0
0.0 0.0 0.0
0.0 0.0 0.0
0.0 0.0 0.0
0.0 0.0 0.0
0.0 0.0 0.0
0.0 0.0 0.0
0.0 0.0 0.0
0.0 0.0 0.0
0.0 0.0 0.0
0.0 0.0 0.0
0.0 0.0 0.0
0.0 0.0 0.0
0.0 0.0 0.0
0.0 0.0 0.0
0.0 0.0 0.0
0.0 0.0 0.0
0.0 0.0 0.0
0.0 0.0 0.0
0.0 0.0 0.0
0.0 0.0 0.0
0.0 0.0 0.0
0.0 0.0 0.0
0.0 0.0 0.0
0.0 0.0 0.0
0.0 0.0 0.0
0.0 0.0 0.0
0.0 0.0 0.0
0.0 0.0 0.0
0.0 0.0 0.0
0.0 0.0 0.0
0.0 0.0 0.0
0.0 0.0 0.0
0.0 0.0 0.0
0.0 0.0 0.0
0.0 0.0 0.0
0.0 0.0 0.0
0.0 0.0 0.0
0.0 0.0 0.0
0.0 0.0 0.0
0.0 0.0 0.0
0.0 0.0 0.0
0.0 0.0 0.0
0.0 0.0 0.0
0.0 0.0 0.0
0.0 0.0 0.0
0.0 0.0 0.0
0.0 0.0 0.0
0.0 0.0 0.0
0.0 0.0 0.0
0.0 0.0 0.0
0.0 0.0 0.0
0.0 0.0 0.0
0.0 0.0 0.0
0.0 0.0 0.0
0.0 0.0 0.0
0.0 0.0 0.0
0.0 0.0 0.0
0.0 0.0 0.0
0.0 0.0 0.0
0.0 0.0 0.0
0.0 0.0 0.0
0.0 0.0 0.0
0.0 0.0 0.0
0.0 0.0 0.0
0.0 0.0 0.0
0.0 0.0 0.0
0.0 0.0 0.0
0.0 0.0 0.0
0.0 0.0 0.0
0.0 0.0 0.0
0.0 0.0 0.0
0.0 0.0 0.0
0.0 0.0 0.0
0.0 0.0 0.0
0.0 0.0 0.0
0.0 0.0 0.0
0.0 0.0 0.0
0.0 0.0 0.0
0.0 0.0 0.0
0.0 0.0 0.0
0.0 0.0 0.0
0.0 0.0 0.0
0.0 0.0 0.0
0.0 0.0 0.0
0.0 0.0 0.0
0.0 0.0 0.0
0.0 0.0 0.0
0.0 0.0 0.0
0.0 0.0 0.0
0.0 0.0 0.0
0.0 0.0 0.0
0.0 0.0 0.0
0.0 0.0 0.0
0.0 0.0 0.0
0.0 0.0 0.0
0.0 0.0 0.0
0.0 0.0 0.0
0.0 0.0 0.0
0.0 0.0 0.0
0.0 0.0 0.0
0.0 0.0 0.0
0.0 0.0 0.0
0.0 0.0 0.0
0.0 0.0 0.0
0.0 0.0 0.0
0.0 0.0 0.0
0.0 0.0 0.0
0.0 0.0 0.0
0.0 0.0 0.0
0.0 0.0 0.0
0.0 0.0 0.0
0.0 0.0 0.0
0.0 0.0 0.0
0.0 0.0 0.0
0.0 0.0 0.0
0.0 0.0 0.0
0.0 0.0 0.0
0.0 0.0 0.0
0.0 0.0 0.0
0.0 0.0 0.0
0.0 0.0 0.0
0.0 0.0 0.0
0.0 0.0 0.0
0.0 0.0 0.0
0.0 0.0 0.0
0.0 0.0 0.0
0.0 0.0 0.0
0.0 0.0 0.0
0.0 0.0 0.0
0.0 0.0 0.0
0.0 0.0 0.0
0.0 0.0 0.0
0.0 0.0 0.0
0.0 0.0 0.0
0.0 0.0 0.0
0.0 0.0 0.0
0.0 0.0 0.0
0.0 0.0 0.0
0.0 0.0 0.0
0.0 0.0 0.0
0.0 0.0 0.0
0.0 0.0 0.0
0.0 0.0 0.0
0.0 0.0 0.0
0.0 0.0 0.0
0.0 0.0 0.0
0.0 0.0 0.0
0.0 0.0 0.0
0.0 0.0 0.0
0.0 0.0 0.0
0.0 0.0 0.0
0.0 0.0 0.0
0.0 0.0 0.0
0.0 0.0 0.0
0.0 0.0 0.0
0.0 0.0 0.0
0.0 0.0 0.0
0.0 0.0 0.0
0.0 0.0 0.0
0.0 0.0 0.0
0.0 0.0 0.0
0.0 0.0 0.0
0.0 0.0 0.0
0.0 0.0 0.0
0.0 0.0 0.0
0.0 0.0 0.0
0.0 0.0 0.0
0.0 0.0 0.0
0.0 0.0 0.0
0.0 0.0 0.0
0.0 0.0 0.0
0.0 0.0 0.0
0.0 0.0 0.0
0.0 0.0 0.0
0.0 0.0 0.0
0.0 0.0 0.0
0.0 0.0 0.0
0.0 0.0 0.0
0.0 0.0 0.0
0.0 0.0 0.0
0.0 0.0 0.0
0.0 0.0 0.0
0.0 0.0 0.0
0.0 0.0 0.0
0.0 0.0 0.0
0.0 0.0 0.0
0.0 0.0 0.0
0.0 0.0 0.0
0.0 0.0 0.0
0.0 0.0 0.0
0.0 0.0 0.0
0.0 0.0 0.0
0.0 0.0 0.0
0.0 0.0 0.0
0.0 0.0 0.0
0.0 0.0 0.0
0.0 0.0 0.0
0.0 0.0 0.0
0.0 0.0 0.0
0.0 0.0 0.0
0.0 0.0 0.0
0.0 0.0 0.0
0.0 0.0 0.0
0.0 0.0 0.0
0.0 0.0 0.0
0.0 0.0 0.0
0.0 0.0 0.0
0.0 0.0 0.0
0.0 0.0 0.0
0.0 0.0 0.0
0.0 0.0 0.0
0.0 0.0 0.0
0.0 0.0 0.0
0.0 0.0 0.0
0.0 0.0 0.0
0.0 0.0 0.0
0.0 0.0 0.0
0.0 0.0 0.0
0.0 0.0 0.0
0.0 0.0 0.0
0.0 0.0 0.0
0.0 0.0 0.0
0.0 0.0 0.0
0.0 0.0 0.0
0.0 0.0 0.0
0.0 0.0 0.0
0.0 0.0 0.0
0.0 0.0 0.0
0.0 0.0 0.0
0.0 0.0 0.0
0.0 0.0 0.0
0.0 0.0 0.0
0.0 0.0 0.0
0.0 0.0 0.0
0.0 0.0 0.0
0.0 0.0 0.0
0.0 0.0 0.0
0.0 0.0 0.0
0.0 0.0 0.0
0.0 0.0 0.0
0.0 0.0 0.0
0.0 0.0 0.0
0.0 0.0 0.0
0.0 0.0 0.0
0.0 0.0 0.0
0.0 0.0 0.0
0.0 0.0 0.0
0.0 0.0 0.0
0.0 0.0 0.0
0.0 0.0 0.0
0.0 0.0 0.0
0.0 0.0 0.0
0.0 0.0 0.0
0.0 0.0 0.0
0.0 0.0 0.0
0.0 0.0 0.0
0.0 0.0 0.0
0.0 0.0 0.0
0.0 0.0 0.0
0.0 0.0 0.0
0.0 0.0 0.0
0.0 0.0 0.0
0.0 0.0 0.0
0.0 0.0 0.0
0.0 0.0 0.0
0.0 0.0 0.0
0.0 0.0 0.0
0.0 0.0 0.0
0.0 0.0 0.0
0.0 0.0 0.0
0.0 0.0 0.0
0.0 0.0 0.0
0.0 0.0 0.0
0.0 0.0 0.0
0.0 0.0 0.0
0.0 0.0 0.0
0.0 0.0 0.0
0.0 0.0 0.0
0.0 0.0 0.0
0.0 0.0 0.0
0.0 0.0 0.0
0.0 0.0 0.0
0.0 0.0 0.0
0.0 0.0 0.0
0.0 0.0 0.0
0.0 0.0 0.0
0.0 0.0 0.0
0.0 0.0 0.0
0.0 0.0 0.0
0.0 0.0 0.0
0.0 0.0 0.0
0.0 0.0 0.0
0.0 0.0 0.0
0.0 0.0 0.0
0.0 0.0 0.0
0.0 0.0 0.0
0.0 0.0 0.0
0.0 0.0 0.0
0.0 0.0 0.0
0.0 0.0 0.0
0.0 0.0 0.0
0.0 0.0 0.0
0.0 0.0 0.0
0.0 0.0 0.0
0.0 0.0 0.0
0.0 0.0 0.0
0.0 0.0 0.0
0.0 0.0 0.0
0.0 0.0 0.0
0.0 0.0 0.0
0.0 0.0 0.0
0.0 0.0 0.0
0.0 0.0 0.0
0.0 0.0 0.0
0.0 0.0 0.0
0.0 0.0 0.0
0.0 0.0 0.0
0.0 0.0 0.0
0.0 0.0 0.0
0.0 0.0 0.0
0.0 0.0 0.0
0.0 0.0 0.0
0.0 0.0 0.0
0.0 0.0 0.0
0.0 0.0 0.0
0.0 0.0 0.0
0.0 0.0 0.0
0.0 0.0 0.0
0.0 0.0 0.0
0.0 0.0 0.0
0.0 0.0 0.0
0.0 0.0 0.0
0.0 0.0 0.0
0.0 0.0 0.0
0.0 0.0 0.0
0.0 0.0 0.0
0.0 0.0 0.0
0.0 0.0 0.0
0.0 0.0 0.0
0.0 0.0 0.0
0.0 0.0 0.0
0.0 0.0 0.0
0.0 0.0 0.0
0.0 0.0 0.0
0.0 0.0 0.0
0.0 0.0 0.0
0.0 0.0 0.0
0.0 0.0 0.0
0.0 0.0 0.0
0.0 0.0 0.0
0.0 0.0 0.0
0.0 0.0 0.0
0.0 0.0 0.0
0.0 0.0 0.0
0.0 0.0 0.0
0.0 0.0 0.0
0.0 0.0 0.0
0.0 0.0 0.0
0.0 0.0 0.0
0.0 0.0 0.0
0.0 0.0 0.0
0.0 0.0 0.0
0.0 0.0 0.0
0.0 0.0 0.0
0.0 0.0 0.0
0.0 0.0 0.0
0.0 0.0 0.0
0.0 0.0 0.0
0.0 0.0 0.0
0.0 0.0 0.0
0.0 0.0 0.0
0.0 0.0 0.0
0.0 0.0 0.0
0.0 0.0 0.0
0.0 0.0 0.0
0.0 0.0 0.0
0.0 0.0 0.0
0.0 0.0 0.0
0.0 0.0 0.0
0.0 0.0 0.0
0.0 0.0 0.0
0.0 0.0 0.0
0.0 0.0 0.0
0.0 0.0 0.0
0.0 0.0 0.0
0.0 0.0 0.0
0.0 0.0 0.0
0.0 0.0 0.0
0.0 0.0 0.0
0.0 0.0 0.0
0.0 0.0 0.0
0.0 0.0 0.0
0.0 0.0 0.0
0.0 0.0 0.0
0.0 0.0 0.0
0.0 0.0 0.0
0.0 0.0 0.0
0.0 0.0 0.0
0.0 0.0 0.0
0.0 0.0 0.0
0.0 0.0 0.0
0.0 0.0 0.0
0.0 0.0 0.0
0.0 0.0 0.0
0.0 0.0 0.0
0.0 0.0 0.0
0.0 0.0 0.0
0.0 0.0 0.0
0.0 0.0 0.0
0.0 0.0 0.0
0.0 0.0 0.0
0.0 0.0 0.0
0.0 0.0 0.0
0.0 0.0 0.0
0.0 0.0 0.0
0.0 0.0 0.0
0.0 0.0 0.0
0.0 0.0 0.0
0.0 0.0 0.0
0.0 0.0 0.0
0.0 0.0 0.0
0.0 0.0 0.0
0.0 0.0 0.0
0.0 0.0 0.0
0.0 0.0 0.0
0.0 0.0 0.0
0.0 0.0 0.0
0.0 0.0 0.0
0.0 0.0 0.0
0.0 0.0 0.0
0.0 0.0 0.0
0.0 0.0 0.0
0.0 0.0 0.0
0.0 0.0 0.0
0.0 0.0 0.0
0.0 0.0 0.0
0.0 0.0 0.0
0.0 0.0 0.0
0.0 0.0 0.0
0.0 0.0 0.0
0.0 0.0 0.0
0.0 0.0 0.0
0.0 0.0 0.0
0.0 0.0 0.0
0.0 0.0 0.0
0.0 0.0 0.0
0.0 0.0 0.0
0.0 0.0 0.0
0.0 0.0 0.0
0.0 0.0 0.0
0.0 0.0 0.0
0.0 0.0 0.0
0.0 0.0 0.0
0.0 0.0 0.0
0.0 0.0 0.0
0.0 0.0 0.0
0.0 0.0 0.0
0.0 0.0 0.0
0.0 0.0 0.0
0.0 0.0 0.0
0.0 0.0 0.0
0.0 0.0 0.0
0.0 0.0 0.0
0.0 0.0 0.0
0.0 0.0 0.0
0.0 0.0 0.0
0.0 0.0 0.0
0.0 0.0 0.0
0.0 0.0 0.0
0.0 0.0 0.0
0.0 0.0 0.0
0.0 0.0 0.0
0.0 0.0 0.0
0.0 0.0 0.0
0.0 0.0 0.0
0.0 0.0 0.0
0.0 0.0 0.0
0.0 0.0 0.0
0.0 0.0 0.0
0.0 0.0 0.0
0.0 0.0 0.0
0.0 0.0 0.0
0.0 0.0 0.0
0.0 0.0 0.0
0.0 0.0 0.0
0.0 0.0 0.0
0.0 0.0 0.0
0.0 0.0 0.0
0.0 0.0 0.0
0.0 0.0 0.0
0.0 0.0 0.0
0.0 0.0 0.0
0.0 0.0 0.0
0.0 0.0 0.0
0.0 0.0 0.0
0.0 0.0 0.0
0.0 0.0 0.0
0.0 0.0 0.0
0.0 0.0 0.0
0.0 0.0 0.0
0.0 0.0 0.0
0.0 0.0 0.0
0.0 0.0 0.0
0.0 0.0 0.0
0.0 0.0 0.0
0.0 0.0 0.0
0.0 0.0 0.0
0.0 0.0 0.0
0.0 0.0 0.0
0.0 0.0 0.0
0.0 0.0 0.0
0.0 0.0 0.0
0.0 0.0 0.0
0.0 0.0 0.0
0.0 0.0 0.0
0.0 0.0 0.0
0.0 0.0 0.0
0.0 0.0 0.0
0.0 0.0 0.0
0.0 0.0 0.0
0.0 0.0 0.0
0.0 0.0 0.0
0.0 0.0 0.0
0.0 0.0 0.0
0.0 0.0 0.0
0.0 0.0 0.0
0.0 0.0 0.0
0.0 0.0 0.0
0.0 0.0 0.0
0.0 0.0 0.0
0.0 0.0 0.0
0.0 0.0 0.0
0.0 0.0 0.0
0.0 0.0 0.0
0.0 0.0 0.0
0.0 0.0 0.0
0.0 0.0 0.0
0.0 0.0 0.0
0.0 0.0 0.0
0.0 0.0 0.0
0.0 0.0 0.0
0.0 0.0 0.0
0.0 0.0 0.0
0.0 0.0 0.0
0.0 0.0 0.0
0.0 0.0 0.0
0.0 0.0 0.0
0.0 0.0 0.0
0.0 0.0 0.0
0.0 0.0 0.0
0.0 0.0 0.0
0.0 0.0 0.0
0.0 0.0 0.0
0.0 0.0 0.0
0.0 0.0 0.0
0.0 0.0 0.0
0.0 0.0 0.0
0.0 0.0 0.0
0.0 0.0 0.0
0.0 0.0 0.0
0.0 0.0 0.0
0.0 0.0 0.0
0.0 0.0 0.0
0.0 0.0 0.0
0.0 0.0 0.0
0.0 0.0 0.0
0.0 0.0 0.0
0.0 0.0 0.0
0.0 0.0 0.0
0.0 0.0 0.0
0.0 0.0 0.0
0.0 0.0 0.0
0.0 0.0 0.0
0.0 0.0 0.0
0.0 0.0 0.0
0.0 0.0 0.0
0.0 0.0 0.0
0.0 0.0 0.0
0.0 0.0 0.0
0.0 0.0 0.0
0.0 0.0 0.0
0.0 0.0 0.0
0.0 0.0 0.0
0.0 0.0 0.0
0.0 0.0 0.0
0.0 0.0 0.0
0.0 0.0 0.0
0.0 0.0 0.0
0.0 0.0 0.0
0.0 0.0 0.0
0.0 0.0 0.0
0.0 0.0 0.0
0.0 0.0 0.0
0.0 0.0 0.0
0.0 0.0 0.0
0.0 0.0 0.0
0.0 0.0 0.0
0.0 0.0 0.0
0.0 0.0 0.0
0.0 0.0 0.0
0.0 0.0 0.0
0.0 0.0 0.0
0.0 0.0 0.0
0.0 0.0 0.0
0.0 0.0 0.0
0.0 0.0 0.0
0.0 0.0 0.0
0.0 0.0 0.0
0.0 0.0 0.0
0.0 0.0 0.0
0.0 0.0 0.0
0.0 0.0 0.0
0.0 0.0 0.0
0.0 0.0 0.0
0.0 0.0 0.0
0.0 0.0 0.0
0.0 0.0 0.0
0.0 0.0 0.0
0.0 0.0 0.0
0.0 0.0 0.0
0.0 0.0 0.0
0.0 0.0 0.0
0.0 0.0 0.0
0.0 0.0 0.0
0.0 0.0 0.0
0.0 0.0 0.0
0.0 0.0 0.0
0.0 0.0 0.0
0.0 0.0 0.0
0.0 0.0 0.0
0.0 0.0 0.0
0.0 0.0 0.0
0.0 0.0 0.0
0.0 0.0 0.0
0.0 0.0 0.0
0.0 0.0 0.0
0.0 0.0 0.0
0.0 0.0 0.0
0.0 0.0 0.0
0.0 0.0 0.0
0.0 0.0 0.0
0.0 0.0 0.0
0.0 0.0 0.0
0.0 0.0 0.0
0.0 0.0 0.0
0.0 0.0 0.0
0.0 0.0 0.0
0.0 0.0 0.0
0.0 0.0 0.0
0.0 0.0 0.0
0.0 0.0 0.0
0.0 0.0 0.0
0.0 0.0 0.0
0.0 0.0 0.0
0.0 0.0 0.0
0.0 0.0 0.0
0.0 0.0 0.0
0.0 0.0 0.0
0.0 0.0 0.0
0.0 0.0 0.0
0.0 0.0 0.0
0.0 0.0 0.0
0.0 0.0 0.0
0.0 0.0 0.0
0.0 0.0 0.0
0.0 0.0 0.0
0.0 0.0 0.0
0.0 0.0 0.0
0.0 0.0 0.0
0.0 0.0 0.0
0.0 0.0 0.0
0.0 0.0 0.0
0.0 0.0 0.0
0.0 0.0 0.0
0.0 0.0 0.0
0.0 0.0 0.0
0.0 0.0 0.0
0.0 0.0 0.0
0.0 0.0 0.0
0.0 0.0 0.0
0.0 0.0 0.0
0.0 0.0 0.0
0.0 0.0 0.0
0.0 0.0 0.0
0.0 0.0 0.0
0.0 0.0 0.0
0.0 0.0 0.0
0.0 0.0 0.0
0.0 0.0 0.0
0.0 0.0 0.0
0.0 0.0 0.0
0.0 0.0 0.0
0.0 0.0 0.0
0.0 0.0 0.0
0.0 0.0 0.0
0.0 0.0 0.0
0.0 0.0 0.0
0.0 0.0 0.0
0.0 0.0 0.0
0.0 0.0 0.0
0.0 0.0 0.0
0.0 0.0 0.0
0.0 0.0 0.0
0.0 0.0 0.0
0.0 0.0 0.0
0.0 0.0 0.0
0.0 0.0 0.0
0.0 0.0 0.0
0.0 0.0 0.0
0.0 0.0 0.0
0.0 0.0 0.0
0.0 0.0 0.0
0.0 0.0 0.0
0.0 0.0 0.0
0.0 0.0 0.0
0.0 0.0 0.0
0.0 0.0 0.0
0.0 0.0 0.0
0.0 0.0 0.0
0.0 0.0 0.0
0.0 0.0 0.0
0.0 0.0 0.0
0.0 0.0 0.0
0.0 0.0 0.0
0.0 0.0 0.0
0.0 0.0 0.0
0.0 0.0 0.0
0.0 0.0 0.0
0.0 0.0 0.0
0.0 0.0 0.0
0.0 0.0 0.0
0.0 0.0 0.0
0.0 0.0 0.0
0.0 0.0 0.0
0.0 0.0 0.0
0.0 0.0 0.0
0.0 0.0 0.0
0.0 0.0 0.0
0.0 0.0 0.0
0.0 0.0 0.0
0.0 0.0 0.0
0.0 0.0 0.0
0.0 0.0 0.0
0.0 0.0 0.0
0.0 0.0 0.0
0.0 0.0 0.0
0.0 0.0 0.0
0.0 0.0 0.0
0.0 0.0 0.0
0.0 0.0 0.0
0.0 0.0 0.0
0.0 0.0 0.0
0.0 0.0 0.0
0.0 0.0 0.0
0.0 0.0 0.0
0.0 0.0 0.0
0.0 0.0 0.0
0.0 0.0 0.0
0.0 0.0 0.0
0.0 0.0 0.0
0.0 0.0 0.0
0.0 0.0 0.0
0.0 0.0 0.0
0.0 0.0 0.0
0.0 0.0 0.0
0.0 0.0 0.0
0.0 0.0 0.0
0.0 0.0 0.0
0.0 0.0 0.0
0.0 0.0 0.0
0.0 0.0 0.0
0.0 0.0 0.0
0.0 0.0 0.0
0.0 0.0 0.0
0.0 0.0 0.0
0.0 0.0 0.0
0.0 0.0 0.0
0.0 0.0 0.0
0.0 0.0 0.0
0.0 0.0 0.0
0.0 0.0 0.0
0.0 0.0 0.0
0.0 0.0 0.0
0.0 0.0 0.0
0.0 0.0 0.0
0.0 0.0 0.0
0.0 0.0 0.0
0.0 0.0 0.0
0.0 0.0 0.0
0.0 0.0 0.0
0.0 0.0 0.0
0.0 0.0 0.0
0.0 0.0 0.0
0.0 0.0 0.0
0.0 0.0 0.0
0.0 0.0 0.0
0.0 0.0 0.0
0.0 0.0 0.0
0.0 0.0 0.0
0.0 0.0 0.0
0.0 0.0 0.0
0.0 0.0 0.0
0.0 0.0 0.0
0.0 0.0 0.0
0.0 0.0 0.0
0.0 0.0 0.0
0.0 0.0 0.0
0.0 0.0 0.0
0.0 0.0 0.0
0.0 0.0 0.0
0.0 0.0 0.0
0.0 0.0 0.0
0.0 0.0 0.0
0.0 0.0 0.0
0.0 0.0 0.0
0.0 0.0 0.0
0.0 0.0 0.0
0.0 0.0 0.0
0.0 0.0 0.0
0.0 0.0 0.0
0.0 0.0 0.0
0.0 0.0 0.0
0.0 0.0 0.0
0.0 0.0 0.0
0.0 0.0 0.0
0.0 0.0 0.0
0.0 0.0 0.0
0.0 0.0 0.0
0.0 0.0 0.0
0.0 0.0 0.0
0.0 0.0 0.0
0.0 0.0 0.0
0.0 0.0 0.0
0.0 0.0 0.0
0.0 0.0 0.0
0.0 0.0 0.0
0.0 0.0 0.0
0.0 0.0 0.0
0.0 0.0 0.0
0.0 0.0 0.0
0.0 0.0 0.0
0.0 0.0 0.0
0.0 0.0 0.0
0.0 0.0 0.0
0.0 0.0 0.0
0.0 0.0 0.0
0.0 0.0 0.0
0.0 0.0 0.0
0.0 0.0 0.0
0.0 0.0 0.0
0.0 0.0 0.0
0.0 0.0 0.0
0.0 0.0 0.0
0.0 0.0 0.0
0.0 0.0 0.0
0.0 0.0 0.0
0.0 0.0 0.0
0.0 0.0 0.0
0.0 0.0 0.0
0.0 0.0 0.0
0.0 0.0 0.0
0.0 0.0 0.0
0.0 0.0 0.0
0.0 0.0 0.0
0.0 0.0 0.0
0.0 0.0 0.0
0.0 0.0 0.0
0.0 0.0 0.0
0.0 0.0 0.0
0.0 0.0 0.0
0.0 0.0 0.0
0.0 0.0 0.0
0.0 0.0 0.0
0.0 0.0 0.0
0.0 0.0 0.0
0.0 0.0 0.0
0.0 0.0 0.0
0.0 0.0 0.0
0.0 0.0 0.0
0.0 0.0 0.0
0.0 0.0 0.0
0.0 0.0 0.0
0.0 0.0 0.0
0.0 0.0 0.0
0.0 0.0 0.0
0.0 0.0 0.0
0.0 0.0 0.0
0.0 0.0 0.0
0.0 0.0 0.0
0.0 0.0 0.0
0.0 0.0 0.0
0.0 0.0 0.0
0.0 0.0 0.0
0.0 0.0 0.0
0.0 0.0 0.0
0.0 0.0 0.0
0.0 0.0 0.0
0.0 0.0 0.0
0.0 0.0 0.0
0.0 0.0 0.0
0.0 0.0 0.0
0.0 0.0 0.0
0.0 0.0 0.0
0.0 0.0 0.0
0.0 0.0 0.0
0.0 0.0 0.0
0.0 0.0 0.0
0.0 0.0 0.0
0.0 0.0 0.0
0.0 0.0 0.0
0.0 0.0 0.0
0.0 0.0 0.0
0.0 0.0 0.0
0.0 0.0 0.0
0.0 0.0 0.0
0.0 0.0 0.0
0.0 0.0 0.0
0.0 0.0 0.0
0.0 0.0 0.0
0.0 0.0 0.0
0.0 0.0 0.0
0.0 0.0 0.0
0.0 0.0 0.0
0.0 0.0 0.0
0.0 0.0 0.0
0.0 0.0 0.0
0.0 0.0 0.0
0.0 0.0 0.0
0.0 0.0 0.0
0.0 0.0 0.0
0.0 0.0 0.0
0.0 0.0 0.0
0.0 0.0 0.0
0.0 0.0 0.0
0.0 0.0 0.0
0.0 0.0 0.0
0.0 0.0 0.0
0.0 0.0 0.0
0.0 0.0 0.0
0.0 0.0 0.0
0.0 0.0 0.0
0.0 0.0 0.0
0.0 0.0 0.0
0.0 0.0 0.0
0.0 0.0 0.0
0.0 0.0 0.0
0.0 0.0 0.0
0.0 0.0 0.0
0.0 0.0 0.0
0.0 0.0 0.0
0.0 0.0 0.0
0.0 0.0 0.0
0.0 0.0 0.0
0.0 0.0 0.0
0.0 0.0 0.0
0.0 0.0 0.0
0.0 0.0 0.0
0.0 0.0 0.0
0.0 0.0 0.0
0.0 0.0 0.0
0.0 0.0 0.0
0.0 0.0 0.0
0.0 0.0 0.0
0.0 0.0 0.0
0.0 0.0 0.0
0.0 0.0 0.0
0.0 0.0 0.0
0.0 0.0 0.0
0.0 0.0 0.0
0.0 0.0 0.0
0.0 0.0 0.0
0.0 0.0 0.0
0.0 0.0 0.0
0.0 0.0 0.0
0.0 0.0 0.0
0.0 0.0 0.0
0.0 0.0 0.0
0.0 0.0 0.0
0.0 0.0 0.0
0.0 0.0 0.0
0.0 0.0 0.0
0.0 0.0 0.0
0.0 0.0 0.0
0.0 0.0 0.0
0.0 0.0 0.0
0.0 0.0 0.0
0.0 0.0 0.0
0.0 0.0 0.0
0.0 0.0 0.0
0.0 0.0 0.0
0.0 0.0 0.0
0.0 0.0 0.0
0.0 0.0 0.0
0.0 0.0 0.0
0.0 0.0 0.0
0.0 0.0 0.0
0.0 0.0 0.0
0.0 0.0 0.0
0.0 0.0 0.0
0.0 0.0 0.0
0.0 0.0 0.0
0.0 0.0 0.0
0.0 0.0 0.0
0.0 0.0 0.0
0.0 0.0 0.0
0.0 0.0 0.0
0.0 0.0 0.0
0.0 0.0 0.0
0.0 0.0 0.0
0.0 0.0 0.0
0.0 0.0 0.0
0.0 0.0 0.0
0.0 0.0 0.0
0.0 0.0 0.0
0.0 0.0 0.0
0.0 0.0 0.0
0.0 0.0 0.0
0.0 0.0 0.0
0.0 0.0 0.0
0.0 0.0 0.0
0.0 0.0 0.0
0.0 0.0 0.0
0.0 0.0 0.0
0.0 0.0 0.0
0.0 0.0 0.0
0.0 0.0 0.0
0.0 0.0 0.0
0.0 0.0 0.0
0.0 0.0 0.0
0.0 0.0 0.0
0.0 0.0 0.0
0.0 0.0 0.0
0.0 0.0 0.0
0.0 0.0 0.0
0.0 0.0 0.0
0.0 0.0 0.0
0.0 0.0 0.0
0.0 0.0 0.0
0.0 0.0 0.0
0.0 0.0 0.0
0.0 0.0 0.0
0.0 0.0 0.0
0.0 0.0 0.0
0.0 0.0 0.0
0.0 0.0 0.0
0.0 0.0 0.0
0.0 0.0 0.0
0.0 0.0 0.0
0.0 0.0 0.0
0.0 0.0 0.0
0.0 0.0 0.0
0.0 0.0 0.0
0.0 0.0 0.0
0.0 0.0 0.0
0.0 0.0 0.0
0.0 0.0 0.0
0.0 0.0 0.0
0.0 0.0 0.0
0.0 0.0 0.0
0.0 0.0 0.0
0.0 0.0 0.0
0.0 0.0 0.0
0.0 0.0 0.0
0.0 0.0 0.0
0.0 0.0 0.0
0.0 0.0 0.0
0.0 0.0 0.0
0.0 0.0 0.0
0.0 0.0 0.0
0.0 0.0 0.0
0.0 0.0 0.0
0.0 0.0 0.0
0.0 0.0 0.0
0.0 0.0 0.0
0.0 0.0 0.0
0.0 0.0 0.0
0.0 0.0 0.0
0.0 0.0 0.0
0.0 0.0 0.0
0.0 0.0 0.0
0.0 0.0 0.0
0.0 0.0 0.0
0.0 0.0 0.0
0.0 0.0 0.0
0.0 0.0 0.0
0.0 0.0 0.0
0.0 0.0 0.0
0.0 0.0 0.0
0.0 0.0 0.0
0.0 0.0 0.0
0.0 0.0 0.0
-92.60455322265625 208.46734619140625 1.792905569076538
0.0 0.0 0.0
0.0 0.0 0.0
0.0 0.0 0.0
0.0 0.0 0.0
0.0 0.0 0.0
0.0 0.0 0.0
0.0 0.0 0.0
0.0 0.0 0.0
0.0 0.0 0.0
0.0 0.0 0.0
0.0 0.0 0.0
0.0 0.0 0.0
0.0 0.0 0.0
0.0 0.0 0.0
0.0 0.0 0.0
0.0 0.0 0.0
0.0 0.0 0.0
0.0 0.0 0.0
0.0 0.0 0.0
0.0 0.0 0.0
0.0 0.0 0.0
0.0 0.0 0.0
0.0 0.0 0.0
0.0 0.0 0.0
0.0 0.0 0.0
0.0 0.0 0.0
0.0 0.0 0.0
0.0 0.0 0.0
0.0 0.0 0.0
0.0 0.0 0.0
0.0 0.0 0.0
0.0 0.0 0.0
0.0 0.0 0.0
0.0 0.0 0.0
0.0 0.0 0.0
0.0 0.0 0.0
0.0 0.0 0.0
0.0 0.0 0.0
0.0 0.0 0.0
0.0 0.0 0.0
0.0 0.0 0.0
0.0 0.0 0.0
0.0 0.0 0.0
0.0 0.0 0.0
0.0 0.0 0.0
0.0 0.0 0.0
0.0 0.0 0.0
0.0 0.0 0.0
0.0 0.0 0.0
0.0 0.0 0.0
0.0 0.0 0.0
0.0 0.0 0.0
0.0 0.0 0.0
0.0 0.0 0.0
0.0 0.0 0.0
0.0 0.0 0.0
0.0 0.0 0.0
0.0 0.0 0.0
0.0 0.0 0.0
0.0 0.0 0.0
0.0 0.0 0.0
0.0 0.0 0.0
0.0 0.0 0.0
0.0 0.0 0.0
0.0 0.0 0.0
0.0 0.0 0.0
0.0 0.0 0.0
0.0 0.0 0.0
0.0 0.0 0.0
0.0 0.0 0.0
0.0 0.0 0.0
0.0 0.0 0.0
0.0 0.0 0.0
0.0 0.0 0.0
0.0 0.0 0.0
0.0 0.0 0.0
0.0 0.0 0.0
0.0 0.0 0.0
0.0 0.0 0.0
0.0 0.0 0.0
0.0 0.0 0.0
0.0 0.0 0.0
0.0 0.0 0.0
0.0 0.0 0.0
0.0 0.0 0.0
0.0 0.0 0.0
0.0 0.0 0.0
0.0 0.0 0.0
0.0 0.0 0.0
0.0 0.0 0.0
0.0 0.0 0.0
0.0 0.0 0.0
0.0 0.0 0.0
0.0 0.0 0.0
0.0 0.0 0.0
0.0 0.0 0.0
0.0 0.0 0.0
0.0 0.0 0.0
0.0 0.0 0.0
0.0 0.0 0.0
0.0 0.0 0.0
0.0 0.0 0.0
0.0 0.0 0.0
0.0 0.0 0.0
0.0 0.0 0.0
0.0 0.0 0.0
0.0 0.0 0.0
0.0 0.0 0.0
0.0 0.0 0.0
0.0 0.0 0.0
0.0 0.0 0.0
0.0 0.0 0.0
0.0 0.0 0.0
0.0 0.0 0.0
0.0 0.0 0.0
0.0 0.0 0.0
0.0 0.0 0.0
0.0 0.0 0.0
0.0 0.0 0.0
0.0 0.0 0.0
0.0 0.0 0.0
0.0 0.0 0.0
0.0 0.0 0.0
0.0 0.0 0.0
0.0 0.0 0.0
0.0 0.0 0.0
0.0 0.0 0.0
0.0 0.0 0.0
0.0 0.0 0.0
0.0 0.0 0.0
0.0 0.0 0.0
0.0 0.0 0.0
0.0 0.0 0.0
0.0 0.0 0.0
0.0 0.0 0.0
0.0 0.0 0.0
0.0 0.0 0.0
0.0 0.0 0.0
0.0 0.0 0.0
0.0 0.0 0.0
0.0 0.0 0.0
0.0 0.0 0.0
0.0 0.0 0.0
0.0 0.0 0.0
0.0 0.0 0.0
0.0 0.0 0.0
0.0 0.0 0.0
0.0 0.0 0.0
0.0 0.0 0.0
0.0 0.0 0.0
0.0 0.0 0.0
0.0 0.0 0.0
0.0 0.0 0.0
0.0 0.0 0.0
0.0 0.0 0.0
0.0 0.0 0.0
0.0 0.0 0.0
0.0 0.0 0.0
0.0 0.0 0.0
0.0 0.0 0.0
0.0 0.0 0.0
0.0 0.0 0.0
0.0 0.0 0.0
0.0 0.0 0.0
0.0 0.0 0.0
0.0 0.0 0.0
0.0 0.0 0.0
0.0 0.0 0.0
0.0 0.0 0.0
0.0 0.0 0.0
0.0 0.0 0.0
0.0 0.0 0.0
0.0 0.0 0.0
0.0 0.0 0.0
0.0 0.0 0.0
0.0 0.0 0.0
0.0 0.0 0.0
0.0 0.0 0.0
0.0 0.0 0.0
0.0 0.0 0.0
0.0 0.0 0.0
0.0 0.0 0.0
0.0 0.0 0.0
0.0 0.0 0.0
0.0 0.0 0.0
0.0 0.0 0.0
0.0 0.0 0.0
0.0 0.0 0.0
0.0 0.0 0.0
0.0 0.0 0.0
0.0 0.0 0.0
0.0 0.0 0.0
0.0 0.0 0.0
0.0 0.0 0.0
0.0 0.0 0.0
0.0 0.0 0.0
0.0 0.0 0.0
0.0 0.0 0.0
0.0 0.0 0.0
0.0 0.0 0.0
0.0 0.0 0.0
0.0 0.0 0.0
0.0 0.0 0.0
0.0 0.0 0.0
0.0 0.0 0.0
0.0 0.0 0.0
0.0 0.0 0.0
0.0 0.0 0.0
0.0 0.0 0.0
0.0 0.0 0.0
0.0 0.0 0.0
0.0 0.0 0.0
0.0 0.0 0.0
0.0 0.0 0.0
0.0 0.0 0.0
0.0 0.0 0.0
0.0 0.0 0.0
0.0 0.0 0.0
0.0 0.0 0.0
0.0 0.0 0.0
0.0 0.0 0.0
0.0 0.0 0.0
0.0 0.0 0.0
0.0 0.0 0.0
0.0 0.0 0.0
0.0 0.0 0.0
0.0 0.0 0.0
0.0 0.0 0.0
0.0 0.0 0.0
0.0 0.0 0.0
0.0 0.0 0.0
0.0 0.0 0.0
0.0 0.0 0.0
0.0 0.0 0.0
0.0 0.0 0.0
0.0 0.0 0.0
0.0 0.0 0.0
0.0 0.0 0.0
0.0 0.0 0.0
0.0 0.0 0.0
0.0 0.0 0.0
0.0 0.0 0.0
0.0 0.0 0.0
0.0 0.0 0.0
0.0 0.0 0.0
0.0 0.0 0.0
0.0 0.0 0.0
0.0 0.0 0.0
0.0 0.0 0.0
0.0 0.0 0.0
0.0 0.0 0.0
0.0 0.0 0.0
0.0 0.0 0.0
0.0 0.0 0.0
0.0 0.0 0.0
0.0 0.0 0.0
0.0 0.0 0.0
0.0 0.0 0.0
0.0 0.0 0.0
0.0 0.0 0.0
0.0 0.0 0.0
0.0 0.0 0.0
0.0 0.0 0.0
0.0 0.0 0.0
0.0 0.0 0.0
0.0 0.0 0.0
0.0 0.0 0.0
0.0 0.0 0.0
0.0 0.0 0.0
0.0 0.0 0.0
0.0 0.0 0.0
0.0 0.0 0.0
0.0 0.0 0.0
0.0 0.0 0.0
0.0 0.0 0.0
0.0 0.0 0.0
0.0 0.0 0.0
0.0 0.0 0.0
0.0 0.0 0.0
0.0 0.0 0.0
0.0 0.0 0.0
0.0 0.0 0.0
0.0 0.0 0.0
0.0 0.0 0.0
0.0 0.0 0.0
0.0 0.0 0.0
0.0 0.0 0.0
0.0 0.0 0.0
0.0 0.0 0.0
0.0 0.0 0.0
0.0 0.0 0.0
0.0 0.0 0.0
0.0 0.0 0.0
0.0 0.0 0.0
0.0 0.0 0.0
0.0 0.0 0.0
0.0 0.0 0.0
0.0 0.0 0.0
0.0 0.0 0.0
0.0 0.0 0.0
0.0 0.0 0.0
0.0 0.0 0.0
0.0 0.0 0.0
0.0 0.0 0.0
0.0 0.0 0.0
0.0 0.0 0.0
0.0 0.0 0.0
0.0 0.0 0.0
0.0 0.0 0.0
0.0 0.0 0.0
0.0 0.0 0.0
0.0 0.0 0.0
0.0 0.0 0.0
0.0 0.0 0.0
0.0 0.0 0.0
0.0 0.0 0.0
0.0 0.0 0.0
0.0 0.0 0.0
0.0 0.0 0.0
0.0 0.0 0.0
0.0 0.0 0.0
0.0 0.0 0.0
0.0 0.0 0.0
0.0 0.0 0.0
0.0 0.0 0.0
0.0 0.0 0.0
0.0 0.0 0.0
0.0 0.0 0.0
0.0 0.0 0.0
0.0 0.0 0.0
0.0 0.0 0.0
0.0 0.0 0.0
0.0 0.0 0.0
0.0 0.0 0.0
0.0 0.0 0.0
0.0 0.0 0.0
0.0 0.0 0.0
0.0 0.0 0.0
0.0 0.0 0.0
0.0 0.0 0.0
0.0 0.0 0.0
0.0 0.0 0.0
0.0 0.0 0.0
0.0 0.0 0.0
0.0 0.0 0.0
0.0 0.0 0.0
0.0 0.0 0.0
0.0 0.0 0.0
0.0 0.0 0.0
0.0 0.0 0.0
0.0 0.0 0.0
0.0 0.0 0.0
0.0 0.0 0.0
0.0 0.0 0.0
0.0 0.0 0.0
0.0 0.0 0.0
0.0 0.0 0.0
0.0 0.0 0.0
0.0 0.0 0.0
0.0 0.0 0.0
0.0 0.0 0.0
0.0 0.0 0.0
0.0 0.0 0.0
0.0 0.0 0.0
0.0 0.0 0.0
0.0 0.0 0.0
0.0 0.0 0.0
0.0 0.0 0.0
0.0 0.0 0.0
0.0 0.0 0.0
0.0 0.0 0.0
0.0 0.0 0.0
0.0 0.0 0.0
0.0 0.0 0.0
0.0 0.0 0.0
0.0 0.0 0.0
0.0 0.0 0.0
0.0 0.0 0.0
0.0 0.0 0.0
0.0 0.0 0.0
0.0 0.0 0.0
0.0 0.0 0.0
0.0 0.0 0.0
0.0 0.0 0.0
0.0 0.0 0.0
0.0 0.0 0.0
0.0 0.0 0.0
0.0 0.0 0.0
0.0 0.0 0.0
0.0 0.0 0.0
0.0 0.0 0.0
0.0 0.0 0.0
0.0 0.0 0.0
0.0 0.0 0.0
0.0 0.0 0.0
0.0 0.0 0.0
0.0 0.0 0.0
0.0 0.0 0.0
0.0 0.0 0.0
0.0 0.0 0.0
0.0 0.0 0.0
0.0 0.0 0.0
0.0 0.0 0.0
0.0 0.0 0.0
0.0 0.0 0.0
0.0 0.0 0.0
0.0 0.0 0.0
0.0 0.0 0.0
0.0 0.0 0.0
0.0 0.0 0.0
0.0 0.0 0.0
0.0 0.0 0.0
0.0 0.0 0.0
0.0 0.0 0.0
0.0 0.0 0.0
0.0 0.0 0.0
0.0 0.0 0.0
0.0 0.0 0.0
0.0 0.0 0.0
0.0 0.0 0.0
0.0 0.0 0.0
0.0 0.0 0.0
0.0 0.0 0.0
0.0 0.0 0.0
0.0 0.0 0.0
0.0 0.0 0.0
0.0 0.0 0.0
0.0 0.0 0.0
0.0 0.0 0.0
0.0 0.0 0.0
0.0 0.0 0.0
0.0 0.0 0.0
0.0 0.0 0.0
0.0 0.0 0.0
0.0 0.0 0.0
0.0 0.0 0.0
0.0 0.0 0.0
0.0 0.0 0.0
0.0 0.0 0.0
0.0 0.0 0.0
0.0 0.0 0.0
0.0 0.0 0.0
0.0 0.0 0.0
0.0 0.0 0.0
0.0 0.0 0.0
0.0 0.0 0.0
0.0 0.0 0.0
0.0 0.0 0.0
0.0 0.0 0.0
0.0 0.0 0.0
0.0 0.0 0.0
0.0 0.0 0.0
0.0 0.0 0.0
0.0 0.0 0.0
0.0 0.0 0.0
0.0 0.0 0.0
0.0 0.0 0.0
0.0 0.0 0.0
0.0 0.0 0.0
0.0 0.0 0.0
0.0 0.0 0.0
0.0 0.0 0.0
0.0 0.0 0.0
0.0 0.0 0.0
0.0 0.0 0.0
0.0 0.0 0.0
0.0 0.0 0.0
0.0 0.0 0.0
0.0 0.0 0.0
0.0 0.0 0.0
0.0 0.0 0.0
0.0 0.0 0.0
0.0 0.0 0.0
0.0 0.0 0.0
0.0 0.0 0.0
0.0 0.0 0.0
0.0 0.0 0.0
0.0 0.0 0.0
0.0 0.0 0.0
0.0 0.0 0.0
0.0 0.0 0.0
0.0 0.0 0.0
0.0 0.0 0.0
0.0 0.0 0.0
0.0 0.0 0.0
0.0 0.0 0.0
0.0 0.0 0.0
0.0 0.0 0.0
0.0 0.0 0.0
0.0 0.0 0.0
0.0 0.0 0.0
0.0 0.0 0.0
0.0 0.0 0.0
0.0 0.0 0.0
0.0 0.0 0.0
0.0 0.0 0.0
0.0 0.0 0.0
0.0 0.0 0.0
0.0 0.0 0.0
0.0 0.0 0.0
0.0 0.0 0.0
0.0 0.0 0.0
0.0 0.0 0.0
0.0 0.0 0.0
0.0 0.0 0.0
0.0 0.0 0.0
0.0 0.0 0.0
0.0 0.0 0.0
0.0 0.0 0.0
0.0 0.0 0.0
0.0 0.0 0.0
0.0 0.0 0.0
0.0 0.0 0.0
0.0 0.0 0.0
0.0 0.0 0.0
0.0 0.0 0.0
0.0 0.0 0.0
0.0 0.0 0.0
0.0 0.0 0.0
0.0 0.0 0.0
0.0 0.0 0.0
0.0 0.0 0.0
0.0 0.0 0.0
0.0 0.0 0.0
0.0 0.0 0.0
0.0 0.0 0.0
0.0 0.0 0.0
0.0 0.0 0.0
0.0 0.0 0.0
0.0 0.0 0.0
0.0 0.0 0.0
0.0 0.0 0.0
0.0 0.0 0.0
0.0 0.0 0.0
0.0 0.0 0.0
0.0 0.0 0.0
0.0 0.0 0.0
0.0 0.0 0.0
0.0 0.0 0.0
0.0 0.0 0.0
0.0 0.0 0.0
0.0 0.0 0.0
0.0 0.0 0.0
0.0 0.0 0.0
0.0 0.0 0.0
0.0 0.0 0.0
0.0 0.0 0.0
0.0 0.0 0.0
0.0 0.0 0.0
0.0 0.0 0.0
0.0 0.0 0.0
0.0 0.0 0.0
0.0 0.0 0.0
0.0 0.0 0.0
0.0 0.0 0.0
0.0 0.0 0.0
0.0 0.0 0.0
0.0 0.0 0.0
0.0 0.0 0.0
0.0 0.0 0.0
0.0 0.0 0.0
0.0 0.0 0.0
0.0 0.0 0.0
0.0 0.0 0.0
0.0 0.0 0.0
0.0 0.0 0.0
0.0 0.0 0.0
0.0 0.0 0.0
0.0 0.0 0.0
0.0 0.0 0.0
0.0 0.0 0.0
0.0 0.0 0.0
0.0 0.0 0.0
0.0 0.0 0.0
0.0 0.0 0.0
0.0 0.0 0.0
0.0 0.0 0.0
0.0 0.0 0.0
0.0 0.0 0.0
0.0 0.0 0.0
0.0 0.0 0.0
0.0 0.0 0.0
0.0 0.0 0.0
0.0 0.0 0.0
0.0 0.0 0.0
0.0 0.0 0.0
0.0 0.0 0.0
0.0 0.0 0.0
0.0 0.0 0.0
0.0 0.0 0.0
0.0 0.0 0.0
0.0 0.0 0.0
0.0 0.0 0.0
0.0 0.0 0.0
0.0 0.0 0.0
0.0 0.0 0.0
0.0 0.0 0.0
0.0 0.0 0.0
0.0 0.0 0.0
0.0 0.0 0.0
0.0 0.0 0.0
0.0 0.0 0.0
0.0 0.0 0.0
0.0 0.0 0.0
0.0 0.0 0.0
0.0 0.0 0.0
0.0 0.0 0.0
0.0 0.0 0.0
0.0 0.0 0.0
0.0 0.0 0.0
0.0 0.0 0.0
0.0 0.0 0.0
0.0 0.0 0.0
0.0 0.0 0.0
0.0 0.0 0.0
0.0 0.0 0.0
0.0 0.0 0.0
0.0 0.0 0.0
0.0 0.0 0.0
0.0 0.0 0.0
0.0 0.0 0.0
0.0 0.0 0.0
0.0 0.0 0.0
0.0 0.0 0.0
0.0 0.0 0.0
0.0 0.0 0.0
0.0 0.0 0.0
0.0 0.0 0.0
0.0 0.0 0.0
0.0 0.0 0.0
0.0 0.0 0.0
0.0 0.0 0.0
0.0 0.0 0.0
0.0 0.0 0.0
0.0 0.0 0.0
0.0 0.0 0.0
0.0 0.0 0.0
0.0 0.0 0.0
0.0 0.0 0.0
0.0 0.0 0.0
0.0 0.0 0.0
0.0 0.0 0.0
0.0 0.0 0.0
0.0 0.0 0.0
0.0 0.0 0.0
0.0 0.0 0.0
0.0 0.0 0.0
0.0 0.0 0.0
0.0 0.0 0.0
0.0 0.0 0.0
0.0 0.0 0.0
0.0 0.0 0.0
0.0 0.0 0.0
0.0 0.0 0.0
0.0 0.0 0.0
0.0 0.0 0.0
0.0 0.0 0.0
0.0 0.0 0.0
0.0 0.0 0.0
0.0 0.0 0.0
0.0 0.0 0.0
0.0 0.0 0.0
0.0 0.0 0.0
0.0 0.0 0.0
0.0 0.0 0.0
0.0 0.0 0.0
0.0 0.0 0.0
0.0 0.0 0.0
0.0 0.0 0.0
0.0 0.0 0.0
0.0 0.0 0.0
0.0 0.0 0.0
0.0 0.0 0.0
0.0 0.0 0.0
0.0 0.0 0.0
0.0 0.0 0.0
0.0 0.0 0.0
0.0 0.0 0.0
0.0 0.0 0.0
0.0 0.0 0.0
0.0 0.0 0.0
0.0 0.0 0.0
0.0 0.0 0.0
0.0 0.0 0.0
0.0 0.0 0.0
0.0 0.0 0.0
0.0 0.0 0.0
0.0 0.0 0.0
0.0 0.0 0.0
0.0 0.0 0.0
0.0 0.0 0.0
0.0 0.0 0.0
0.0 0.0 0.0
0.0 0.0 0.0
0.0 0.0 0.0
0.0 0.0 0.0
0.0 0.0 0.0
0.0 0.0 0.0
0.0 0.0 0.0
0.0 0.0 0.0
0.0 0.0 0.0
0.0 0.0 0.0
0.0 0.0 0.0
0.0 0.0 0.0
0.0 0.0 0.0
0.0 0.0 0.0
0.0 0.0 0.0
0.0 0.0 0.0
0.0 0.0 0.0
0.0 0.0 0.0
0.0 0.0 0.0
0.0 0.0 0.0
0.0 0.0 0.0
0.0 0.0 0.0
0.0 0.0 0.0
0.0 0.0 0.0
0.0 0.0 0.0
0.0 0.0 0.0
0.0 0.0 0.0
0.0 0.0 0.0
0.0 0.0 0.0
0.0 0.0 0.0
0.0 0.0 0.0
0.0 0.0 0.0
0.0 0.0 0.0
0.0 0.0 0.0
0.0 0.0 0.0
0.0 0.0 0.0
0.0 0.0 0.0
0.0 0.0 0.0
0.0 0.0 0.0
0.0 0.0 0.0
0.0 0.0 0.0
0.0 0.0 0.0
0.0 0.0 0.0
0.0 0.0 0.0
0.0 0.0 0.0
0.0 0.0 0.0
0.0 0.0 0.0
0.0 0.0 0.0
0.0 0.0 0.0
0.0 0.0 0.0
0.0 0.0 0.0
0.0 0.0 0.0
0.0 0.0 0.0
0.0 0.0 0.0
0.0 0.0 0.0
0.0 0.0 0.0
0.0 0.0 0.0
0.0 0.0 0.0
0.0 0.0 0.0
0.0 0.0 0.0
0.0 0.0 0.0
0.0 0.0 0.0
0.0 0.0 0.0
0.0 0.0 0.0
0.0 0.0 0.0
0.0 0.0 0.0
0.0 0.0 0.0
0.0 0.0 0.0
0.0 0.0 0.0
0.0 0.0 0.0
0.0 0.0 0.0
0.0 0.0 0.0
0.0 0.0 0.0
0.0 0.0 0.0
0.0 0.0 0.0
0.0 0.0 0.0
0.0 0.0 0.0
0.0 0.0 0.0
0.0 0.0 0.0
0.0 0.0 0.0
0.0 0.0 0.0
0.0 0.0 0.0
0.0 0.0 0.0
0.0 0.0 0.0
0.0 0.0 0.0
0.0 0.0 0.0
0.0 0.0 0.0
0.0 0.0 0.0
0.0 0.0 0.0
0.0 0.0 0.0
0.0 0.0 0.0
0.0 0.0 0.0
0.0 0.0 0.0
0.0 0.0 0.0
0.0 0.0 0.0
0.0 0.0 0.0
0.0 0.0 0.0
0.0 0.0 0.0
0.0 0.0 0.0
0.0 0.0 0.0
0.0 0.0 0.0
0.0 0.0 0.0
0.0 0.0 0.0
0.0 0.0 0.0
0.0 0.0 0.0
0.0 0.0 0.0
0.0 0.0 0.0
0.0 0.0 0.0
0.0 0.0 0.0
0.0 0.0 0.0
0.0 0.0 0.0
0.0 0.0 0.0
0.0 0.0 0.0
0.0 0.0 0.0
0.0 0.0 0.0
0.0 0.0 0.0
0.0 0.0 0.0
0.0 0.0 0.0
0.0 0.0 0.0
0.0 0.0 0.0
0.0 0.0 0.0
0.0 0.0 0.0
0.0 0.0 0.0
0.0 0.0 0.0
0.0 0.0 0.0
0.0 0.0 0.0
0.0 0.0 0.0
0.0 0.0 0.0
0.0 0.0 0.0
0.0 0.0 0.0
0.0 0.0 0.0
0.0 0.0 0.0
0.0 0.0 0.0
0.0 0.0 0.0
0.0 0.0 0.0
0.0 0.0 0.0
0.0 0.0 0.0
0.0 0.0 0.0
0.0 0.0 0.0
0.0 0.0 0.0
0.0 0.0 0.0
0.0 0.0 0.0
0.0 0.0 0.0
0.0 0.0 0.0
0.0 0.0 0.0
0.0 0.0 0.0
0.0 0.0 0.0
0.0 0.0 0.0
0.0 0.0 0.0
0.0 0.0 0.0
0.0 0.0 0.0
0.0 0.0 0.0
0.0 0.0 0.0
0.0 0.0 0.0
0.0 0.0 0.0
0.0 0.0 0.0
0.0 0.0 0.0
0.0 0.0 0.0
0.0 0.0 0.0
0.0 0.0 0.0
0.0 0.0 0.0
0.0 0.0 0.0
0.0 0.0 0.0
0.0 0.0 0.0
0.0 0.0 0.0
0.0 0.0 0.0
0.0 0.0 0.0
0.0 0.0 0.0
0.0 0.0 0.0
0.0 0.0 0.0
0.0 0.0 0.0
0.0 0.0 0.0
0.0 0.0 0.0
0.0 0.0 0.0
0.0 0.0 0.0
0.0 0.0 0.0
0.0 0.0 0.0
0.0 0.0 0.0
0.0 0.0 0.0
0.0 0.0 0.0
0.0 0.0 0.0
0.0 0.0 0.0
0.0 0.0 0.0
0.0 0.0 0.0
0.0 0.0 0.0
0.0 0.0 0.0
0.0 0.0 0.0
0.0 0.0 0.0
0.0 0.0 0.0
0.0 0.0 0.0
0.0 0.0 0.0
0.0 0.0 0.0
0.0 0.0 0.0
0.0 0.0 0.0
0.0 0.0 0.0
0.0 0.0 0.0
0.0 0.0 0.0
0.0 0.0 0.0
0.0 0.0 0.0
0.0 0.0 0.0
0.0 0.0 0.0
0.0 0.0 0.0
0.0 0.0 0.0
0.0 0.0 0.0
0.0 0.0 0.0
0.0 0.0 0.0
0.0 0.0 0.0
0.0 0.0 0.0
0.0 0.0 0.0
0.0 0.0 0.0
0.0 0.0 0.0
0.0 0.0 0.0
0.0 0.0 0.0
0.0 0.0 0.0
0.0 0.0 0.0
0.0 0.0 0.0
0.0 0.0 0.0
0.0 0.0 0.0
0.0 0.0 0.0
0.0 0.0 0.0
0.0 0.0 0.0
0.0 0.0 0.0
0.0 0.0 0.0
0.0 0.0 0.0
0.0 0.0 0.0
0.0 0.0 0.0
0.0 0.0 0.0
0.0 0.0 0.0
0.0 0.0 0.0
0.0 0.0 0.0
0.0 0.0 0.0
0.0 0.0 0.0
0.0 0.0 0.0
0.0 0.0 0.0
0.0 0.0 0.0
0.0 0.0 0.0
0.0 0.0 0.0
0.0 0.0 0.0
0.0 0.0 0.0
0.0 0.0 0.0
0.0 0.0 0.0
0.0 0.0 0.0
0.0 0.0 0.0