# .PCD v0.7 - Point Cloud Data file format
# TIMESTAMP: 07-10-25-08-18-14-598
VERSION 0.7
FIELDS x y z
SIZE 4 4 4
TYPE F F F
COUNT 1 1 1
WIDTH 36200
HEIGHT 1
VIEWPOINT 0 0 0 1 0 0 0
POINTS 36200
DATA ascii
0.0 0.0 0.0
0.0 0.0 0.0
0.0 0.0 0.0
0.0 0.0 0.0
0.0 0.0 0.0
0.0 0.0 0.0
0.0 0.0 0.0
0.0 0.0 0.0
0.0 0.0 0.0
0.0 0.0 0.0
0.0 0.0 0.0
0.0 0.0 0.0
0.0 0.0 0.0
0.0 0.0 0.0
0.0 0.0 0.0
0.0 0.0 0.0
0.0 0.0 0.0
0.0 0.0 0.0
0.0 0.0 0.0
0.0 0.0 0.0
0.0 0.0 0.0
0.0 0.0 0.0
0.0 0.0 0.0
0.0 0.0 0.0
0.0 0.0 0.0
0.0 0.0 0.0
0.0 0.0 0.0
0.0 0.0 0.0
0.0 0.0 0.0
0.0 0.0 0.0
0.0 0.0 0.0
0.0 0.0 0.0
0.0 0.0 0.0
0.0 0.0 0.0
0.0 0.0 0.0
0.0 0.0 0.0
0.0 0.0 0.0
0.0 0.0 0.0
0.0 0.0 0.0
0.0 0.0 0.0
0.0 0.0 0.0
0.0 0.0 0.0
0.0 0.0 0.0
0.0 0.0 0.0
0.0 0.0 0.0
0.0 0.0 0.0
0.0 0.0 0.0
0.0 0.0 0.0
0.0 0.0 0.0
0.0 0.0 0.0
0.0 0.0 0.0
0.0 0.0 0.0
0.0 0.0 0.0
0.0 0.0 0.0
0.0 0.0 0.0
0.0 0.0 0.0
0.0 0.0 0.0
0.0 0.0 0.0
0.0 0.0 0.0
0.0 0.0 0.0
0.0 0.0 0.0
0.0 0.0 0.0
0.0 0.0 0.0
0.0 0.0 0.0
0.0 0.0 0.0
0.0 0.0 0.0
0.0 0.0 0.0
0.0 0.0 0.0
0.0 0.0 0.0
0.0 0.0 0.0
0.0 0.0 0.0
0.0 0.0 0.0
0.0 0.0 0.0
0.0 0.0 0.0
0.0 0.0 0.0
0.0 0.0 0.0
0.0 0.0 0.0
0.0 0.0 0.0
0.0 0.0 0.0
0.0 0.0 0.0
0.0 0.0 0.0
0.0 0.0 0.0
0.0 0.0 0.0
0.0 0.0 0.0
0.0 0.0 0.0
0.0 0.0 0.0
0.0 0.0 0.0
0.0 0.0 0.0
0.0 0.0 0.0
0.0 0.0 0.0
0.0 0.0 0.0
0.0 0.0 0.0
0.0 0.0 0.0
0.0 0.0 0.0
0.0 0.0 0.0
0.0 0.0 0.0
0.0 0.0 0.0
0.0 0.0 0.0
0.0 0.0 0.0
0.0 0.0 0.0
0.0 0.0 0.0
0.0 0.0 0.0
0.0 0.0 0.0
0.0 0.0 0.0
0.0 0.0 0.0
0.0 0.0 0.0
0.0 0.0 0.0
0.0 0.0 0.0
0.0 0.0 0.0
0.0 0.0 0.0
0.0 0.0 0.0
0.0 0.0 0.0
0.0 0.0 0.0
0.0 0.0 0.0
0.0 0.0 0.0
0.0 0.0 0.0
0.0 0.0 0.0
0.0 0.0 0.0
0.0 0.0 0.0
0.0 0.0 0.0
0.0 0.0 0.0
0.0 0.0 0.0
0.0 0.0 0.0
0.0 0.0 0.0
0.0 0.0 0.0
0.0 0.0 0.0
0.0 0.0 0.0
0.0 0.0 0.0
0.0 0.0 0.0
0.0 0.0 0.0
0.0 0.0 0.0
0.0 0.0 0.0
0.0 0.0 0.0
0.0 0.0 0.0
0.0 0.0 0.0
0.0 0.0 0.0
0.0 0.0 0.0
0.0 0.0 0.0
0.0 0.0 0.0
0.0 0.0 0.0
0.0 0.0 0.0
0.0 0.0 0.0
0.0 0.0 0.0
0.0 0.0 0.0
0.0 0.0 0.0
0.0 0.0 0.0
0.0 0.0 0.0
0.0 0.0 0.0
0.0 0.0 0.0
0.0 0.0 0.0
0.0 0.0 0.0
0.0 0.0 0.0
0.0 0.0 0.0
0.0 0.0 0.0
0.0 0.0 0.0
0.0 0.0 0.0
0.0 0.0 0.0
0.0 0.0 0.0
0.0 0.0 0.0
0.0 0.0 0.0
0.0 0.0 0.0
0.0 0.0 0.0
0.0 0.0 0.0
0.0 0.0 0.0
0.0 0.0 0.0
0.0 0.0 0.0
0.0 0.0 0.0
0.0 0.0 0.0
0.0 0.0 0.0
0.0 0.0 0.0
0.0 0.0 0.0
0.0 0.0 0.0
0.0 0.0 0.0
0.0 0.0 0.0
0.0 0.0 0.0
0.0 0.0 0.0
0.0 0.0 0.0
0.0 0.0 0.0
0.0 0.0 0.0
0.0 0.0 0.0
0.0 0.0 0.0
0.0 0.0 0.0
0.0 0.0 0.0
0.0 0.0 0.0
0.0 0.0 0.0
0.0 0.0 0.0
0.0 0.0 0.0
0.0 0.0 0.0
0.0 0.0 0.0
0.0 0.0 0.0
0.0 0.0 0.0
0.0 0.0 0.0
0.0 0.0 0.0
0.0 0.0 0.0
0.0 0.0 0.0
0.0 0.0 0.0
0.0 0.0 0.0
0.0 0.0 0.0
0.0 0.0 0.0
0.0 0.0 0.0
0.0 0.0 0.0
0.0 0.0 0.0
0.0 0.0 0.0
-11.751442909240723 23.01361083984375 -3.6835899353027344
-11.519198417663574 22.95887565612793 -3.737048864364624
-11.22122859954834 22.758577346801758 -3.7648282051086426
-10.973389625549316 22.653043746948242 -3.8058788776397705
-10.603755950927734 22.283559799194336 -3.8002359867095947
-10.378623962402344 22.20748519897461 -3.8434274196624756
0.0 0.0 0.0
0.0 0.0 0.0
-9.618123054504395 21.760387420654297 -3.927790403366089
-9.312300682067871 21.47074317932129 -3.9272620677948
0.0 0.0 0.0
0.0 0.0 0.0
-8.620996475219727 21.08079719543457 -4.005507946014404
-8.349881172180176 20.830961227416992 -4.006000995635986
0.0 0.0 0.0
0.0 0.0 0.0
-7.712228775024414 20.469173431396484 -4.073941707611084
-7.51450252532959 20.380393981933594 -4.1016364097595215
-7.281885623931885 20.180862426757812 -4.105647087097168
-7.142988204956055 20.236248016357422 -4.159829139709473
-6.894901752471924 19.975494384765625 -4.147640228271484
-6.790634632110596 20.12626075744629 -4.220676898956299
-6.561986446380615 19.91329574584961 -4.218133926391602
-6.364053726196289 19.774354934692383 -4.228548526763916
-6.203986644744873 19.747121810913086 -4.2611613273620605
-6.0010271072387695 19.575952529907227 -4.262369155883789
-5.811583518981934 19.439674377441406 -4.270700931549072
-5.633118152618408 19.33125114440918 -4.283867359161377
-5.445688724517822 19.192867279052734 -4.2887492179870605
-5.288468360900879 19.144336700439453 -4.312817573547363
-5.13006067276001 19.087196350097656 -4.334903240203857
-4.954538822174072 18.958738327026367 -4.340077877044678
-4.82028341293335 18.984630584716797 -4.377914905548096
-4.636106014251709 18.81753921508789 -4.371708869934082
-4.4958600997924805 18.81149673461914 -4.402194976806641
-4.343026638031006 18.74873161315918 -4.419433116912842
-4.170844554901123 18.59260368347168 -4.411099433898926
-4.012362957000732 18.487133026123047 -4.414508819580078
-3.873548746109009 18.477508544921875 -4.441293716430664
-3.724555015563965 18.403162002563477 -4.452044486999512
-3.5892322063446045 18.39174461364746 -4.47498083114624
-3.4436542987823486 18.323471069335938 -4.483551025390625
-3.2944788932800293 18.227933883666992 -4.485398769378662
-3.1490941047668457 18.15769386291504 -4.493866920471191
-3.0104167461395264 18.105403900146484 -4.503627300262451
-2.9030258655548096 18.24337387084961 -4.559784889221191
-2.7392804622650146 18.020767211914062 -4.525885105133057
-2.594008207321167 17.901926040649414 -4.517822742462158
-2.4748432636260986 17.958934783935547 -4.551977634429932
-2.3360772132873535 17.888078689575195 -4.552231788635254
-2.2049436569213867 17.849822998046875 -4.560539245605469
-2.0681967735290527 17.75798225402832 -4.555245399475098
-1.932199478149414 17.658052444458008 -4.546032905578613
-1.8144018650054932 17.719602584838867 -4.5758843421936035
-1.6899436712265015 17.742815017700195 -4.596377849578857
-1.5599058866500854 17.678361892700195 -4.594077110290527
-1.4375587701797485 17.696218490600586 -4.611991882324219
-1.311240315437317 17.661237716674805 -4.61302375793457
-1.1850978136062622 17.62159538269043 -4.613022327423096
-1.0582311153411865 17.592453002929688 -4.616121292114258
-0.9357050657272339 17.596511840820312 -4.627105712890625
-0.812770664691925 17.593114852905273 -4.632489204406738
-0.6897587776184082 17.581308364868164 -4.635868549346924
-0.5670680403709412 17.57619285583496 -4.641234874725342
-0.44330334663391113 17.60809326171875 -4.656336307525635
-0.3185538053512573 17.48539161682129 -4.626235008239746
-0.19736114144325256 17.52419090270996 -4.63907527923584
-0.07541648298501968 17.509281158447266 -4.637925148010254
0.04643118381500244 17.538835525512695 -4.648778915405273
0.16842199862003326 17.538551330566406 -4.647024154663086
0.29519104957580566 17.69601058959961 -4.687080383300781
0.4180985987186432 17.68648910522461 -4.683152198791504
0.5386934280395508 17.60439682006836 -4.660240650177002
0.664591372013092 17.696128845214844 -4.679320812225342
0.7889187932014465 17.719207763671875 -4.67979097366333
0.914788007736206 17.722471237182617 -4.6751508712768555
1.0380134582519531 17.717395782470703 -4.668638229370117
1.1629289388656616 17.734987258911133 -4.6645917892456055
1.2886327505111694 17.759517669677734 -4.661435604095459
1.4129353761672974 17.76055335998535 -4.652318477630615
1.547973394393921 17.85849380493164 -4.66859245300293
1.673241138458252 17.858430862426758 -4.656599521636963
1.8109712600708008 17.982040405273438 -4.675432205200195
1.9448320865631104 18.051984786987305 -4.68038272857666
2.0617659091949463 17.963077545166016 -4.644360542297363
2.193042755126953 17.982688903808594 -4.634036064147949
2.332155466079712 18.077144622802734 -4.6412434577941895
2.467585802078247 18.133047103881836 -4.638615608215332
2.606590986251831 18.20669937133789 -4.640611171722412
2.7486472129821777 18.290924072265625 -4.6436991691589355
2.8903250694274902 18.363466262817383 -4.641202449798584
3.0206515789031982 18.344894409179688 -4.615447521209717
3.1627092361450195 18.40787696838379 -4.610722064971924
3.3239665031433105 18.570816040039062 -4.630013942718506
3.470440149307251 18.639892578125 -4.622777462005615
3.599881887435913 18.61467933654785 -4.5923075675964355
3.770456314086914 18.781787872314453 -4.608826160430908
3.9188315868377686 18.840051651000977 -4.598649978637695
4.064982891082764 18.883058547973633 -4.581549644470215
4.2168755531311035 18.947202682495117 -4.569589138031006
4.379233360290527 19.050935745239258 -4.567096710205078
4.553556442260742 19.186262130737305 -4.571505546569824
4.71232271194458 19.2584228515625 -4.557994842529297
4.877004146575928 19.34783935546875 -4.548162937164307
5.043163776397705 19.43592071533203 -4.537877082824707
5.21162748336792 19.5263614654541 -4.528030872344971
5.387620449066162 19.626314163208008 -4.517316818237305
5.5878472328186035 19.813583374023438 -4.526061058044434
5.759129047393799 19.889131546020508 -4.5089521408081055
0.0 0.0 0.0
6.12661600112915 20.105772018432617 -4.4873809814453125
6.338831901550293 20.286388397216797 -4.489482402801514
6.545528888702393 20.447538375854492 -4.487402439117432
6.7071356773376465 20.46146583557129 -4.452782154083252
6.919106960296631 20.623056411743164 -4.4490790367126465
7.146427154541016 20.819196701049805 -4.4506072998046875
7.341472625732422 20.912025451660156 -4.429510593414307
7.576908588409424 21.103429794311523 -4.428112506866455
7.818002700805664 21.307968139648438 -4.428881645202637
7.9896464347839355 21.31668472290039 -4.386739253997803
8.220902442932129 21.4780330657959 -4.375644207000732
8.491140365600586 21.730222702026367 -4.382228374481201
8.706709861755371 21.82563591003418 -4.355476379394531
8.956600189208984 22.005617141723633 -4.343713283538818
9.184386253356934 22.122880935668945 -4.318921089172363
9.496708869934082 22.432842254638672 -4.330806732177734
9.691819190979004 22.457124710083008 -4.286732196807861
10.054505348205566 22.852651596069336 -4.309635639190674
10.269447326660156 22.908069610595703 -4.268147945404053
10.56083869934082 23.126262664794922 -4.256306171417236
10.875273704528809 23.3835391998291 -4.250491142272949
11.159306526184082 23.564836502075195 -4.227426528930664
11.474912643432617 23.794084548950195 -4.210751533508301
11.76917839050293 23.976369857788086 -4.1856689453125
12.066366195678711 24.155839920043945 -4.1590471267700195
12.48073673248291 24.556358337402344 -4.166690826416016
12.70134449005127 24.564388275146484 -4.106368064880371
0.0 0.0 0.0
0.0 0.0 0.0
13.974929809570312 25.69078826904297 -4.096268653869629
0.0 0.0 0.0
14.639275550842285 26.04351234436035 -4.014949798583984
15.064826965332031 26.371639251708984 -3.9946086406707764
15.43980598449707 26.589317321777344 -3.9522972106933594
15.984465599060059 27.091917037963867 -3.9513323307037354
16.236146926879883 27.086162567138672 -3.8744022846221924
0.0 0.0 0.0
0.0 0.0 0.0
0.0 0.0 0.0
0.0 0.0 0.0
0.0 0.0 0.0
0.0 0.0 0.0
0.0 0.0 0.0
20.9428653717041 30.8876895904541 -3.6474709510803223
0.0 0.0 0.0
0.0 0.0 0.0
0.0 0.0 0.0
0.0 0.0 0.0
0.0 0.0 0.0
0.0 0.0 0.0
8.607601165771484 12.00205135345459 2.2852413654327393
0.0 0.0 0.0
0.0 0.0 0.0
0.0 0.0 0.0
0.0 0.0 0.0
0.0 0.0 0.0
0.0 0.0 0.0
0.0 0.0 0.0
0.0 0.0 0.0
0.0 0.0 0.0
0.0 0.0 0.0
0.0 0.0 0.0
0.0 0.0 0.0
0.0 0.0 0.0
0.0 0.0 0.0
0.0 0.0 0.0
0.0 0.0 0.0
0.0 0.0 0.0
0.0 0.0 0.0
0.0 0.0 0.0
0.0 0.0 0.0
0.0 0.0 0.0
0.0 0.0 0.0
0.0 0.0 0.0
0.0 0.0 0.0
0.0 0.0 0.0
0.0 0.0 0.0
0.0 0.0 0.0
0.0 0.0 0.0
0.0 0.0 0.0
0.0 0.0 0.0
0.0 0.0 0.0
0.0 0.0 0.0
0.0 0.0 0.0
0.0 0.0 0.0
0.0 0.0 0.0
0.0 0.0 0.0
0.0 0.0 0.0
0.0 0.0 0.0
0.0 0.0 0.0
0.0 0.0 0.0
0.0 0.0 0.0
0.0 0.0 0.0
0.0 0.0 0.0
0.0 0.0 0.0
0.0 0.0 0.0
0.0 0.0 0.0
0.0 0.0 0.0
0.0 0.0 0.0
0.0 0.0 0.0
0.0 0.0 0.0
0.0 0.0 0.0
0.0 0.0 0.0
0.0 0.0 0.0
0.0 0.0 0.0
0.0 0.0 0.0
0.0 0.0 0.0
0.0 0.0 0.0
0.0 0.0 0.0
0.0 0.0 0.0
0.0 0.0 0.0
0.0 0.0 0.0
0.0 0.0 0.0
0.0 0.0 0.0
0.0 0.0 0.0
0.0 0.0 0.0
0.0 0.0 0.0
0.0 0.0 0.0
0.0 0.0 0.0
0.0 0.0 0.0
0.0 0.0 0.0
0.0 0.0 0.0
0.0 0.0 0.0
0.0 0.0 0.0
0.0 0.0 0.0
0.0 0.0 0.0
0.0 0.0 0.0
0.0 0.0 0.0
0.0 0.0 0.0
0.0 0.0 0.0
0.0 0.0 0.0
0.0 0.0 0.0
0.0 0.0 0.0
0.0 0.0 0.0
0.0 0.0 0.0
0.0 0.0 0.0
0.0 0.0 0.0
0.0 0.0 0.0
0.0 0.0 0.0
0.0 0.0 0.0
0.0 0.0 0.0
0.0 0.0 0.0
0.0 0.0 0.0
0.0 0.0 0.0
0.0 0.0 0.0
0.0 0.0 0.0
0.0 0.0 0.0
0.0 0.0 0.0
0.0 0.0 0.0
0.0 0.0 0.0
0.0 0.0 0.0
0.0 0.0 0.0
0.0 0.0 0.0
0.0 0.0 0.0
0.0 0.0 0.0
0.0 0.0 0.0
0.0 0.0 0.0
0.0 0.0 0.0
0.0 0.0 0.0
0.0 0.0 0.0
0.0 0.0 0.0
0.0 0.0 0.0
0.0 0.0 0.0
0.0 0.0 0.0
0.0 0.0 0.0
0.0 0.0 0.0
0.0 0.0 0.0
0.0 0.0 0.0
0.0 0.0 0.0
0.0 0.0 0.0
0.0 0.0 0.0
0.0 0.0 0.0
0.0 0.0 0.0
0.0 0.0 0.0
0.0 0.0 0.0
0.0 0.0 0.0
0.0 0.0 0.0
0.0 0.0 0.0
0.0 0.0 0.0
0.0 0.0 0.0
0.0 0.0 0.0
0.0 0.0 0.0
0.0 0.0 0.0
0.0 0.0 0.0
0.0 0.0 0.0
0.0 0.0 0.0
0.0 0.0 0.0
0.0 0.0 0.0
0.0 0.0 0.0
0.0 0.0 0.0
0.0 0.0 0.0
0.0 0.0 0.0
0.0 0.0 0.0
0.0 0.0 0.0
0.0 0.0 0.0
0.0 0.0 0.0
0.0 0.0 0.0
0.0 0.0 0.0
0.0 0.0 0.0
0.0 0.0 0.0
0.0 0.0 0.0
0.0 0.0 0.0
0.0 0.0 0.0
0.0 0.0 0.0
0.0 0.0 0.0
0.0 0.0 0.0
0.0 0.0 0.0
0.0 0.0 0.0
0.0 0.0 0.0
0.0 0.0 0.0
0.0 0.0 0.0
0.0 0.0 0.0
0.0 0.0 0.0
0.0 0.0 0.0
0.0 0.0 0.0
0.0 0.0 0.0
0.0 0.0 0.0
0.0 0.0 0.0
0.0 0.0 0.0
0.0 0.0 0.0
0.0 0.0 0.0
0.0 0.0 0.0
0.0 0.0 0.0
0.0 0.0 0.0
0.0 0.0 0.0
0.0 0.0 0.0
0.0 0.0 0.0
0.0 0.0 0.0
0.0 0.0 0.0
0.0 0.0 0.0
0.0 0.0 0.0
0.0 0.0 0.0
-20.817075729370117 29.444204330444336 -2.743630886077881
0.0 0.0 0.0
0.0 0.0 0.0
0.0 0.0 0.0
0.0 0.0 0.0
0.0 0.0 0.0
0.0 0.0 0.0
0.0 0.0 0.0
0.0 0.0 0.0
0.0 0.0 0.0
0.0 0.0 0.0
0.0 0.0 0.0
0.0 0.0 0.0
-14.287240028381348 24.69304084777832 -3.4012231826782227
0.0 0.0 0.0
-13.655412673950195 24.38623046875 -3.5037038326263428
-13.39792537689209 24.322359085083008 -3.5636496543884277
-13.024024963378906 24.03798484802246 -3.5899434089660645
0.0 0.0 0.0
-12.234707832336426 23.360048294067383 -3.618673324584961
0.0 0.0 0.0
-11.691106796264648 23.09889030456543 -3.7019402980804443
-11.478362083435059 23.07708740234375 -3.759645462036133
0.0 0.0 0.0
0.0 0.0 0.0
0.0 0.0 0.0
0.0 0.0 0.0
0.0 0.0 0.0
0.0 0.0 0.0
0.0 0.0 0.0
-9.302582740783691 21.663061141967773 -3.960111141204834
0.0 0.0 0.0
-8.763813018798828 21.21626853942871 -3.9761738777160645
-8.57354736328125 21.17084312438965 -4.016343593597412
-8.286154747009277 20.87733268737793 -4.008118152618408
-8.097881317138672 20.833059310913086 -4.046244144439697
-7.895605087280273 20.739601135253906 -4.073667526245117
-7.6427178382873535 20.504005432128906 -4.072455406188965
-7.432819843292236 20.374366760253906 -4.091091156005859
-7.247708320617676 20.304466247558594 -4.119165420532227
-7.044967174530029 20.186603546142578 -4.137894630432129
-6.865499019622803 20.12063217163086 -4.1661376953125
-6.671332359313965 20.005966186523438 -4.183853626251221
-6.487659931182861 19.915508270263672 -4.2038750648498535
-6.248716831207275 19.644733428955078 -4.185196399688721
-6.14210844039917 19.784732818603516 -4.253851413726807
-5.9394683837890625 19.62071990966797 -4.257818698883057
-5.756801605224609 19.506298065185547 -4.26894998550415
0.0 0.0 0.0
-5.400359630584717 19.28395652770996 -4.2912397384643555
-5.2634758949279785 19.3123836517334 -4.3332719802856445
-5.075415134429932 19.156238555908203 -4.332003593444824
-4.943747043609619 19.197643280029297 -4.373955726623535
-4.734799385070801 18.93107795715332 -4.345519065856934
-4.5767364501953125 18.85529327392578 -4.3603901863098145
-4.4235734939575195 18.793481826782227 -4.376439094543457
-4.2793869972229 18.775705337524414 -4.401883602142334
-4.1173787117004395 18.66352081298828 -4.404656887054443
-3.9699902534484863 18.60956573486328 -4.421036243438721
-3.819716453552246 18.536182403564453 -4.431262493133545
-3.6723320484161377 18.46953582763672 -4.440945625305176
-3.525196075439453 18.40953254699707 -4.452675819396973
-3.3784964084625244 18.333171844482422 -4.459998607635498
-3.2617552280426025 18.41668128967285 -4.505356788635254
-3.1017935276031494 18.253032684326172 -4.487521648406982
-2.9584414958953857 18.174285888671875 -4.490424156188965
-2.8229715824127197 18.150909423828125 -4.507443428039551
-2.687230348587036 18.107669830322266 -4.518827438354492
-2.539759874343872 17.974170684814453 -4.503964424133301
-2.404369354248047 17.91469383239746 -4.5076470375061035
-2.282834529876709 17.955711364746094 -4.536793231964111
-2.14593768119812 17.87175178527832 -4.534516334533691
-2.024413824081421 17.930912017822266 -4.564911365509033
-1.8887159824371338 17.842267990112305 -4.557404041290283
-1.764161229133606 17.850570678710938 -4.574782848358154
-1.6332247257232666 17.7901611328125 -4.574732780456543
-1.51297128200531 17.842811584472656 -4.600160121917725
-1.37674880027771 17.7252197265625 -4.58124303817749
-1.2525663375854492 17.72349739074707 -4.592228412628174
-1.1365327835083008 17.84542465209961 -4.635534763336182
-1.0027422904968262 17.684267044067383 -4.602146625518799
-0.8816567659378052 17.73016929626465 -4.621358871459961
-0.7539433836936951 17.684646606445312 -4.617095470428467
-0.6297487616539001 17.657062530517578 -4.617575168609619
-0.5077919960021973 17.689733505249023 -4.631217956542969
-0.38620609045028687 17.756044387817383 -4.651919364929199
-0.2622535824775696 17.7308349609375 -4.64887809753418
-0.13631582260131836 17.6632022857666 -4.634982585906982
-0.013332149013876915 17.542373657226562 -4.604940414428711
0.10870471596717834 17.561126708984375 -4.6091718673706055
0.23271730542182922 17.699922561645508 -4.645129203796387
0.3558560013771057 17.69806671142578 -4.644395351409912
0.4784880578517914 17.6806583404541 -4.638139724731445
0.6068825721740723 17.772647857666016 -4.657514572143555
0.7330504059791565 17.833580017089844 -4.669022560119629
0.8613121509552002 17.916263580322266 -4.686409950256348
0.9816832542419434 17.83225440979004 -4.659297466278076
1.1067454814910889 17.842670440673828 -4.653304100036621
1.2401849031448364 17.93885612487793 -4.669701099395752
1.3622123003005981 17.89468002319336 -4.64990758895874
1.4911125898361206 17.940235137939453 -4.6531758308410645
1.620039939880371 17.97455406188965 -4.649538516998291
1.753045678138733 18.04561424255371 -4.655562400817871
1.8761320114135742 17.987564086914062 -4.628258228302002
2.0183427333831787 18.128210067749023 -4.652467250823975
2.147658109664917 18.14097785949707 -4.63968563079834
2.284198760986328 18.209211349487305 -4.641129970550537
2.414330005645752 18.220117568969727 -4.628098964691162
2.5464510917663574 18.22610092163086 -4.613734722137451
2.712477445602417 18.475933074951172 -4.6577348709106445
2.8262646198272705 18.361146926879883 -4.609129428863525
2.974015474319458 18.466508865356445 -4.6160149574279785
3.119105339050293 18.544538497924805 -4.616049289703369
3.261550188064575 18.599637985229492 -4.607832431793213
3.410005569458008 18.66860580444336 -4.601324558258057
3.580778121948242 18.859844207763672 -4.625205039978027
3.705181360244751 18.799983978271484 -4.587525844573975
3.858518362045288 18.884870529174805 -4.583523273468018
4.005435943603516 18.93177604675293 -4.568432807922363
4.168448448181152 19.03662872314453 -4.566841125488281
4.321656703948975 19.099727630615234 -4.555607318878174
4.5081048011779785 19.298992156982422 -4.575493812561035
4.657413482666016 19.330665588378906 -4.553038120269775
4.814861297607422 19.390722274780273 -4.5372467041015625
5.001179218292236 19.548763275146484 -4.543689727783203
5.174090385437012 19.65416145324707 -4.53771448135376
5.336191654205322 19.71076774597168 -4.517595291137695
5.485889911651611 19.71830940246582 -4.486286640167236
5.7000603675842285 19.948535919189453 -4.505337238311768
0.0 0.0 0.0
6.092814922332764 20.242324829101562 -4.501086711883545
6.283594131469727 20.361713409423828 -4.491078853607178
6.46466064453125 20.443042755126953 -4.4724555015563965
6.660281181335449 20.56283950805664 -4.461946487426758
6.874783992767334 20.73222541809082 -4.459656715393066
7.050538539886475 20.76852798461914 -4.4270477294921875
7.299759387969971 21.021238327026367 -4.440833568572998
7.468408584594727 21.033220291137695 -4.403285503387451
7.718563556671143 21.267580032348633 -4.410479545593262
7.9459967613220215 21.427757263183594 -4.400594234466553
8.123016357421875 21.43789291381836 -4.358832359313965
8.365736961364746 21.62282371520996 -4.353010177612305
8.65204906463623 21.909412384033203 -4.365671157836914
8.909759521484375 22.111480712890625 -4.359306812286377
9.159034729003906 22.282665252685547 -4.346066474914551
9.419882774353027 22.464717864990234 -4.3333659172058105
9.699044227600098 22.687915802001953 -4.3276591300964355
9.879475593566895 22.67198944091797 -4.2742486000061035
10.235145568847656 23.048721313476562 -4.294017791748047
10.479122161865234 23.162067413330078 -4.26357364654541
10.795557975769043 23.419248580932617 -4.257097244262695
11.020429611206055 23.475475311279297 -4.212577819824219
11.379656791687012 23.808059692382812 -4.216646671295166
11.578668594360352 23.796875 -4.158970355987549
12.04824447631836 24.330886840820312 -4.194596290588379
12.295327186584473 24.401107788085938 -4.147175312042236
12.53962516784668 24.454042434692383 -4.095422267913818
0.0 0.0 0.0
13.346610069274902 25.16063690185547 -4.08914041519165
0.0 0.0 0.0
14.155141830444336 25.81340980529785 -4.062502384185791
0.0 0.0 0.0
0.0 0.0 0.0
15.367706298828125 26.680782318115234 -3.98472261428833
15.764857292175293 26.933670043945312 -3.948617935180664
16.251691818237305 27.32550621032715 -3.9306938648223877
0.0 0.0 0.0
0.0 0.0 0.0
17.76894187927246 28.503450393676758 -3.8521358966827393
0.0 0.0 0.0
0.0 0.0 0.0
19.373628616333008 29.676128387451172 -3.7370736598968506
0.0 0.0 0.0
0.0 0.0 0.0
0.0 0.0 0.0
21.807405471801758 31.457908630371094 -3.54666805267334
0.0 0.0 0.0
0.0 0.0 0.0
0.0 0.0 0.0
0.0 0.0 0.0
0.0 0.0 0.0
0.0 0.0 0.0
0.0 0.0 0.0
0.0 0.0 0.0
0.0 0.0 0.0
0.0 0.0 0.0
0.0 0.0 0.0
0.0 0.0 0.0
0.0 0.0 0.0
0.0 0.0 0.0
0.0 0.0 0.0
0.0 0.0 0.0
0.0 0.0 0.0
0.0 0.0 0.0
0.0 0.0 0.0
0.0 0.0 0.0
0.0 0.0 0.0
0.0 0.0 0.0
0.0 0.0 0.0
0.0 0.0 0.0
0.0 0.0 0.0
0.0 0.0 0.0
0.0 0.0 0.0
0.0 0.0 0.0
0.0 0.0 0.0
0.0 0.0 0.0
0.0 0.0 0.0
0.0 0.0 0.0
0.0 0.0 0.0
0.0 0.0 0.0
0.0 0.0 0.0
0.0 0.0 0.0
0.0 0.0 0.0
0.0 0.0 0.0
0.0 0.0 0.0
0.0 0.0 0.0
0.0 0.0 0.0
0.0 0.0 0.0
0.0 0.0 0.0
0.0 0.0 0.0
0.0 0.0 0.0
0.0 0.0 0.0
0.0 0.0 0.0
0.0 0.0 0.0
0.0 0.0 0.0
0.0 0.0 0.0
0.0 0.0 0.0
0.0 0.0 0.0
0.0 0.0 0.0
0.0 0.0 0.0
0.0 0.0 0.0
0.0 0.0 0.0
0.0 0.0 0.0
0.0 0.0 0.0
0.0 0.0 0.0
0.0 0.0 0.0
0.0 0.0 0.0
0.0 0.0 0.0
0.0 0.0 0.0
0.0 0.0 0.0
0.0 0.0 0.0
0.0 0.0 0.0
0.0 0.0 0.0
0.0 0.0 0.0
0.0 0.0 0.0
0.0 0.0 0.0
0.0 0.0 0.0
0.0 0.0 0.0
0.0 0.0 0.0
0.0 0.0 0.0
0.0 0.0 0.0
0.0 0.0 0.0
0.0 0.0 0.0
0.0 0.0 0.0
0.0 0.0 0.0
0.0 0.0 0.0
0.0 0.0 0.0
0.0 0.0 0.0
0.0 0.0 0.0
0.0 0.0 0.0
0.0 0.0 0.0
0.0 0.0 0.0
0.0 0.0 0.0
0.0 0.0 0.0
0.0 0.0 0.0
0.0 0.0 0.0
0.0 0.0 0.0
0.0 0.0 0.0
0.0 0.0 0.0
0.0 0.0 0.0
0.0 0.0 0.0
0.0 0.0 0.0
0.0 0.0 0.0
0.0 0.0 0.0
0.0 0.0 0.0
0.0 0.0 0.0
0.0 0.0 0.0
0.0 0.0 0.0
0.0 0.0 0.0
0.0 0.0 0.0
0.0 0.0 0.0
0.0 0.0 0.0
0.0 0.0 0.0
0.0 0.0 0.0
0.0 0.0 0.0
0.0 0.0 0.0
0.0 0.0 0.0
0.0 0.0 0.0
0.0 0.0 0.0
0.0 0.0 0.0
0.0 0.0 0.0
0.0 0.0 0.0
0.0 0.0 0.0
0.0 0.0 0.0
0.0 0.0 0.0
0.0 0.0 0.0
0.0 0.0 0.0
0.0 0.0 0.0
0.0 0.0 0.0
0.0 0.0 0.0
0.0 0.0 0.0
0.0 0.0 0.0
0.0 0.0 0.0
0.0 0.0 0.0
0.0 0.0 0.0
0.0 0.0 0.0
0.0 0.0 0.0
0.0 0.0 0.0
0.0 0.0 0.0
0.0 0.0 0.0
0.0 0.0 0.0
0.0 0.0 0.0
0.0 0.0 0.0
0.0 0.0 0.0
0.0 0.0 0.0
0.0 0.0 0.0
0.0 0.0 0.0
0.0 0.0 0.0
0.0 0.0 0.0
0.0 0.0 0.0
0.0 0.0 0.0
0.0 0.0 0.0
0.0 0.0 0.0
0.0 0.0 0.0
0.0 0.0 0.0
0.0 0.0 0.0
0.0 0.0 0.0
0.0 0.0 0.0
0.0 0.0 0.0
0.0 0.0 0.0
0.0 0.0 0.0
0.0 0.0 0.0
0.0 0.0 0.0
0.0 0.0 0.0
0.0 0.0 0.0
0.0 0.0 0.0
0.0 0.0 0.0
0.0 0.0 0.0
0.0 0.0 0.0
0.0 0.0 0.0
0.0 0.0 0.0
0.0 0.0 0.0
0.0 0.0 0.0
0.0 0.0 0.0
0.0 0.0 0.0
0.0 0.0 0.0
0.0 0.0 0.0
0.0 0.0 0.0
0.0 0.0 0.0
0.0 0.0 0.0
0.0 0.0 0.0
0.0 0.0 0.0
0.0 0.0 0.0
0.0 0.0 0.0
0.0 0.0 0.0
0.0 0.0 0.0
0.0 0.0 0.0
0.0 0.0 0.0
0.0 0.0 0.0
0.0 0.0 0.0
0.0 0.0 0.0
0.0 0.0 0.0
0.0 0.0 0.0
0.0 0.0 0.0
0.0 0.0 0.0
0.0 0.0 0.0
0.0 0.0 0.0
0.0 0.0 0.0
0.0 0.0 0.0
0.0 0.0 0.0
0.0 0.0 0.0
0.0 0.0 0.0
0.0 0.0 0.0
-14.996297836303711 25.305234909057617 -3.3525991439819336
0.0 0.0 0.0
0.0 0.0 0.0
0.0 0.0 0.0
0.0 0.0 0.0
0.0 0.0 0.0
-12.857868194580078 23.9312744140625 -3.585773229598999
-12.534268379211426 23.723642349243164 -3.618603467941284
0.0 0.0 0.0
0.0 0.0 0.0
0.0 0.0 0.0
-11.292984962463379 22.90412139892578 -3.7354111671447754
-11.021110534667969 22.750329971313477 -3.7682087421417236
0.0 0.0 0.0
-10.4277925491333 22.312925338745117 -3.8071470260620117
0.0 0.0 0.0
0.0 0.0 0.0
0.0 0.0 0.0
-9.35982894897461 21.582012176513672 -3.890336513519287
-9.223658561706543 21.679960250854492 -3.957960367202759
0.0 0.0 0.0
-8.747238159179688 21.389263153076172 -4.004288673400879
0.0 0.0 0.0
0.0 0.0 0.0
-8.059154510498047 20.943511962890625 -4.058701992034912
-7.786508083343506 20.66251564025879 -4.049472808837891
-7.5833611488342285 20.563806533813477 -4.074177265167236
-7.336364269256592 20.329029083251953 -4.069974899291992
-7.147982597351074 20.247535705566406 -4.095835208892822
-7.013659477233887 20.316679000854492 -4.1521782875061035
-6.788053512573242 20.116302490234375 -4.151540279388428
-6.571542263031006 19.9401798248291 -4.1550421714782715
-6.386202335357666 19.84168815612793 -4.173547744750977
-6.2496113777160645 19.891359329223633 -4.223193645477295
-6.035304069519043 19.687801361083984 -4.2173752784729
-5.847428321838379 19.559539794921875 -4.22573184967041
-5.713135242462158 19.605844497680664 -4.271708965301514
-5.521733283996582 19.46047592163086 -4.276479721069336
-5.35033655166626 19.368417739868164 -4.290966987609863
-5.183526992797852 19.286399841308594 -4.30557107925415
-5.002825736999512 19.143911361694336 -4.306379318237305
-4.856299877166748 19.12565040588379 -4.334982395172119
-4.678683757781982 18.988313674926758 -4.336454391479492
-4.5321807861328125 18.960899353027344 -4.35966157913208
-4.3708014488220215 18.86553192138672 -4.367194175720215
-4.221817493438721 18.817190170288086 -4.38553524017334
-4.068874359130859 18.7453670501709 -4.39836311340332
-3.9167287349700928 18.680849075317383 -4.409886837005615
-3.7792210578918457 18.67075538635254 -4.43384313583374
-3.611302375793457 18.50287437438965 -4.420269012451172
-3.47063946723938 18.464412689208984 -4.4374589920043945
-3.334108829498291 18.444297790527344 -4.455994129180908
-3.1847574710845947 18.35996437072754 -4.458765506744385
-3.0557382106781006 18.37537956237793 -4.485475063323975
-2.893836498260498 18.183643341064453 -4.461580753326416
-2.7652690410614014 18.190101623535156 -4.483571529388428
-2.6275017261505127 18.132112503051758 -4.4884490966796875
-2.4933998584747314 18.091876983642578 -4.497790336608887
-2.3646209239959717 18.10349464416504 -4.520534515380859
-2.224968910217285 18.009159088134766 -4.514477252960205
-2.108297824859619 18.098730087280273 -4.552622318267822
-1.97523033618927 18.04813575744629 -4.555747032165527
-1.8433562517166138 18.000350952148438 -4.559700012207031
-1.7085944414138794 17.937063217163086 -4.558461666107178
-1.5871167182922363 17.986520767211914 -4.582824230194092
-1.4533846378326416 17.891754150390625 -4.570620536804199
-1.3266541957855225 17.871519088745117 -4.577592849731445
-1.1999489068984985 17.84684181213379 -4.582667350769043
-1.0709913969039917 17.81089973449707 -4.581516265869141
-0.9496039152145386 17.864625930786133 -4.603518009185791
-0.8245534896850586 17.853273391723633 -4.608987331390381
-0.6994231939315796 17.833572387695312 -4.612146377563477
-0.5717000961303711 17.723350524902344 -4.587671279907227
-0.44966721534729004 17.861766815185547 -4.627862453460693
-0.32227134704589844 17.69685173034668 -4.589608669281006
-0.20072418451309204 17.833515167236328 -4.629780292510986
-0.07704859226942062 17.936433792114258 -4.6567769050598145
0.04734604433178902 17.823043823242188 -4.627586841583252
0.17157717049121857 17.856245040893555 -4.636680603027344
0.2990335524082184 17.914997100830078 -4.652652740478516
0.4237852394580841 17.924713134765625 -4.652185916900635
0.5494116544723511 17.95265769958496 -4.65582275390625
0.6727502346038818 17.90792465209961 -4.640840530395508
0.7965415120124817 17.888792037963867 -4.632729530334473
0.9249910712242126 17.91862678527832 -4.634052276611328
1.051870346069336 17.951797485351562 -4.634986877441406
1.1809885501861572 18.010494232177734 -4.642695903778076
1.3111048936843872 18.068267822265625 -4.650330066680908
1.4324032068252563 18.0050106048584 -4.62453556060791
1.5647332668304443 18.05063819885254 -4.624597549438477
1.6951979398727417 18.091678619384766 -4.623849868774414
1.8254201412200928 18.12425994873047 -4.621120452880859
1.9721776247024536 18.303173065185547 -4.653942584991455
2.0990631580352783 18.285945892333984 -4.634251594543457
2.2326505184173584 18.305233001708984 -4.623756408691406
2.3633763790130615 18.316238403320312 -4.611620903015137
2.5031726360321045 18.390392303466797 -4.6144585609436035
2.647439479827881 18.486774444580078 -4.6197123527526855
2.783024787902832 18.51455307006836 -4.607896327972412
2.918534755706787 18.537588119506836 -4.595046043395996
3.0790536403656006 18.69423484802246 -4.614657402038574
3.2100446224212646 18.678632736206055 -4.588502883911133
3.3471219539642334 18.695701599121094 -4.570537567138672
3.50809907913208 18.838760375976562 -4.583392143249512
3.6409287452697754 18.823835372924805 -4.557842254638672
3.839035987854004 19.12143325805664 -4.603979110717773
3.976445436477661 19.116199493408203 -4.577037334442139
4.122766971588135 19.150856018066406 -4.559778213500977
4.273067951202393 19.19925308227539 -4.5458478927612305
4.439852237701416 19.31378936767578 -4.544971466064453
4.601919174194336 19.389741897583008 -4.5333943367004395
4.760260105133057 19.45370864868164 -4.519445896148682
4.940359115600586 19.597707748413086 -4.523900985717773
5.11020040512085 19.692594528198242 -4.515158176422119
5.277900218963623 19.771635055541992 -4.501070499420166
5.431271076202393 19.782529830932617 -4.470882415771484
0.0 0.0 0.0
5.8320817947387695 20.139514923095703 -4.485604763031006
6.063850402832031 20.407480239868164 -4.5096435546875
6.227393627166748 20.43560791015625 -4.480238437652588
6.388190746307373 20.44359588623047 -4.445901870727539
6.611217021942139 20.65139389038086 -4.454886436462402
6.81242036819458 20.781272888183594 -4.444284439086914
7.010734558105469 20.894908905029297 -4.429880142211914
7.228537559509277 21.057512283325195 -4.425380229949951
7.476893901824951 21.297725677490234 -4.436515808105469
7.656727313995361 21.325952529907227 -4.399819850921631
7.858556747436523 21.418251037597656 -4.376794815063477
8.080740928649902 21.55913543701172 -4.3633270263671875
8.328775405883789 21.7589168548584 -4.361104488372803
8.614896774291992 22.046218872070312 -4.373522758483887
8.804595947265625 22.069252014160156 -4.3316240310668945
9.131413459777832 22.433412551879883 -4.356681823730469
9.325021743774414 22.46044921875 -4.315505504608154
9.607872009277344 22.6951904296875 -4.312078952789307
9.864307403564453 22.856483459472656 -4.2931365966796875
10.098390579223633 22.950841903686523 -4.260168552398682
10.397651672363281 23.191743850708008 -4.254483699798584
10.6892728805542 23.405546188354492 -4.241272926330566
10.911471366882324 23.459190368652344 -4.197549343109131
0.0 0.0 0.0
11.587225914001465 24.02491569519043 -4.188035011291504
11.879288673400879 24.199542999267578 -4.161507606506348
12.190592765808105 24.402196884155273 -4.137853145599365
12.570094108581543 24.729154586791992 -4.133856773376465
0.0 0.0 0.0
13.245043754577637 25.18345832824707 -4.086570739746094
0.0 0.0 0.0
13.990272521972656 25.717910766601562 -4.0423808097839355
0.0 0.0 0.0
0.0 0.0 0.0
15.161697387695312 26.538753509521484 -3.963470697402954
15.646649360656738 26.943058013916016 -3.950528621673584
15.924951553344727 26.990447998046875 -3.8845415115356445
0.0 0.0 0.0
0.0 0.0 0.0
17.534425735473633 28.3499755859375 -3.83925461769104
0.0 0.0 0.0
0.0 0.0 0.0
0.0 0.0 0.0
0.0 0.0 0.0
0.0 0.0 0.0
0.0 0.0 0.0
0.0 0.0 0.0
0.0 0.0 0.0
0.0 0.0 0.0
0.0 0.0 0.0
0.0 0.0 0.0
0.0 0.0 0.0
0.0 0.0 0.0
0.0 0.0 0.0
0.0 0.0 0.0
0.0 0.0 0.0
0.0 0.0 0.0
0.0 0.0 0.0
0.0 0.0 0.0
0.0 0.0 0.0
0.0 0.0 0.0
0.0 0.0 0.0
0.0 0.0 0.0
0.0 0.0 0.0
0.0 0.0 0.0
0.0 0.0 0.0
0.0 0.0 0.0
0.0 0.0 0.0
0.0 0.0 0.0
0.0 0.0 0.0
0.0 0.0 0.0
0.0 0.0 0.0
0.0 0.0 0.0
0.0 0.0 0.0
0.0 0.0 0.0
0.0 0.0 0.0
0.0 0.0 0.0
0.0 0.0 0.0
0.0 0.0 0.0
0.0 0.0 0.0
0.0 0.0 0.0
0.0 0.0 0.0
0.0 0.0 0.0
0.0 0.0 0.0
0.0 0.0 0.0
0.0 0.0 0.0
0.0 0.0 0.0
0.0 0.0 0.0
0.0 0.0 0.0
0.0 0.0 0.0
0.0 0.0 0.0
0.0 0.0 0.0
0.0 0.0 0.0
0.0 0.0 0.0
0.0 0.0 0.0
0.0 0.0 0.0
0.0 0.0 0.0
0.0 0.0 0.0
0.0 0.0 0.0
0.0 0.0 0.0
0.0 0.0 0.0
0.0 0.0 0.0
0.0 0.0 0.0
0.0 0.0 0.0
0.0 0.0 0.0
0.0 0.0 0.0
0.0 0.0 0.0
0.0 0.0 0.0
0.0 0.0 0.0
0.0 0.0 0.0
0.0 0.0 0.0
0.0 0.0 0.0
0.0 0.0 0.0
0.0 0.0 0.0
0.0 0.0 0.0
0.0 0.0 0.0
0.0 0.0 0.0
0.0 0.0 0.0
0.0 0.0 0.0
0.0 0.0 0.0
0.0 0.0 0.0
0.0 0.0 0.0
0.0 0.0 0.0
0.0 0.0 0.0
0.0 0.0 0.0
0.0 0.0 0.0
0.0 0.0 0.0
0.0 0.0 0.0
0.0 0.0 0.0
0.0 0.0 0.0
0.0 0.0 0.0
0.0 0.0 0.0
0.0 0.0 0.0
0.0 0.0 0.0
0.0 0.0 0.0
0.0 0.0 0.0
0.0 0.0 0.0
0.0 0.0 0.0
0.0 0.0 0.0
0.0 0.0 0.0
0.0 0.0 0.0
0.0 0.0 0.0
0.0 0.0 0.0
0.0 0.0 0.0
0.0 0.0 0.0
0.0 0.0 0.0
0.0 0.0 0.0
0.0 0.0 0.0
0.0 0.0 0.0
0.0 0.0 0.0
0.0 0.0 0.0
0.0 0.0 0.0
0.0 0.0 0.0
0.0 0.0 0.0
0.0 0.0 0.0
0.0 0.0 0.0
0.0 0.0 0.0
0.0 0.0 0.0
0.0 0.0 0.0
0.0 0.0 0.0
0.0 0.0 0.0
0.0 0.0 0.0
0.0 0.0 0.0
0.0 0.0 0.0
0.0 0.0 0.0
0.0 0.0 0.0
0.0 0.0 0.0
0.0 0.0 0.0
0.0 0.0 0.0
0.0 0.0 0.0
0.0 0.0 0.0
0.0 0.0 0.0
0.0 0.0 0.0
0.0 0.0 0.0
0.0 0.0 0.0
0.0 0.0 0.0
0.0 0.0 0.0
0.0 0.0 0.0
0.0 0.0 0.0
0.0 0.0 0.0
0.0 0.0 0.0
0.0 0.0 0.0
0.0 0.0 0.0
0.0 0.0 0.0
0.0 0.0 0.0
0.0 0.0 0.0
0.0 0.0 0.0
0.0 0.0 0.0
0.0 0.0 0.0
0.0 0.0 0.0
0.0 0.0 0.0
0.0 0.0 0.0
0.0 0.0 0.0
0.0 0.0 0.0
0.0 0.0 0.0
0.0 0.0 0.0
0.0 0.0 0.0
0.0 0.0 0.0
0.0 0.0 0.0
0.0 0.0 0.0
0.0 0.0 0.0
0.0 0.0 0.0
0.0 0.0 0.0
0.0 0.0 0.0
0.0 0.0 0.0
0.0 0.0 0.0
0.0 0.0 0.0
0.0 0.0 0.0
0.0 0.0 0.0
0.0 0.0 0.0
0.0 0.0 0.0
0.0 0.0 0.0
0.0 0.0 0.0
0.0 0.0 0.0
0.0 0.0 0.0
0.0 0.0 0.0
0.0 0.0 0.0
0.0 0.0 0.0
0.0 0.0 0.0
0.0 0.0 0.0
0.0 0.0 0.0
0.0 0.0 0.0
0.0 0.0 0.0
0.0 0.0 0.0
0.0 0.0 0.0
0.0 0.0 0.0
0.0 0.0 0.0
0.0 0.0 0.0
0.0 0.0 0.0
0.0 0.0 0.0
0.0 0.0 0.0
0.0 0.0 0.0
0.0 0.0 0.0
0.0 0.0 0.0
-20.834625244140625 29.467458724975586 -2.721238374710083
0.0 0.0 0.0
0.0 0.0 0.0
0.0 0.0 0.0
0.0 0.0 0.0
0.0 0.0 0.0
0.0 0.0 0.0
0.0 0.0 0.0
0.0 0.0 0.0
0.0 0.0 0.0
0.0 0.0 0.0
0.0 0.0 0.0
0.0 0.0 0.0
-14.461021423339844 24.99277114868164 -3.398587226867676
0.0 0.0 0.0
-13.70652961730957 24.475332260131836 -3.469088554382324
-13.343734741210938 24.22185516357422 -3.5017282962799072
0.0 0.0 0.0
-12.66822338104248 23.772197723388672 -3.565037965774536
-12.390787124633789 23.653196334838867 -3.6117324829101562
0.0 0.0 0.0
-11.750190734863281 23.211881637573242 -3.6653993129730225
-11.583612442016602 23.284175872802734 -3.7363853454589844
-11.190760612487793 22.893280029296875 -3.732057571411133
-10.942534446716309 22.787612915039062 -3.7719082832336426
-10.666038513183594 22.621341705322266 -3.800321102142334
0.0 0.0 0.0
0.0 0.0 0.0
0.0 0.0 0.0
0.0 0.0 0.0
-9.342997550964355 21.75349235534668 -3.9123435020446777
0.0 0.0 0.0
0.0 0.0 0.0
0.0 0.0 0.0
0.0 0.0 0.0
0.0 0.0 0.0
-7.922403335571289 20.807998657226562 -4.019130229949951
0.0 0.0 0.0
0.0 0.0 0.0
-7.309775352478027 20.475406646728516 -4.082608222961426
-7.115616321563721 20.387182235717773 -4.1075286865234375
-6.898886203765869 20.216888427734375 -4.112812519073486
-6.729630947113037 20.17927360534668 -4.144774913787842
-6.549500465393066 20.103775024414062 -4.1687517166137695
-6.34033727645874 19.93195915222168 -4.172050476074219
-6.168240070343018 19.86842155456543 -4.195219993591309
-5.988184928894043 19.782060623168945 -4.2140278816223145
-5.8110671043396 19.689931869506836 -4.23071813583374
-5.596566200256348 19.460308074951172 -4.21732759475708
-5.489584445953369 19.601177215576172 -4.281457901000977
-5.314825057983398 19.497976303100586 -4.292275905609131
-5.119619846343994 19.320018768310547 -4.286897659301758
-4.9593048095703125 19.254501342773438 -4.305537700653076
-4.799111843109131 19.184545516967773 -4.320634365081787
-4.640902996063232 19.117189407348633 -4.335568428039551
-4.468285083770752 18.98174476623535 -4.334846496582031
-4.320835113525391 18.95677947998047 -4.359781265258789
-4.170022964477539 18.900915145874023 -4.375018119812012
-4.018680095672607 18.836711883544922 -4.386953830718994
-3.8624260425567627 18.74148178100586 -4.391565799713135
-3.729085683822632 18.75330352783203 -4.421331405639648
-3.5557475090026855 18.566722869873047 -4.403136253356934
-3.412146806716919 18.51360511779785 -4.413857460021973
-3.2794058322906494 18.515554428100586 -4.437816619873047
-3.13915753364563 18.47156524658203 -4.450887680053711
-2.994271755218506 18.392963409423828 -4.454744815826416
-2.84092116355896 18.26543617248535 -4.4439311027526855
-2.722454071044922 18.34305191040039 -4.4828104972839355
-2.5871012210845947 18.30708122253418 -4.494166374206543
-2.441162586212158 18.187440872192383 -4.484804630279541
-2.315915822982788 18.214372634887695 -4.507711887359619
-2.17413067817688 18.104854583740234 -4.496974468231201
-2.0368587970733643 18.0396728515625 -4.497587203979492
-1.9124287366867065 18.063796997070312 -4.520337104797363
-1.7930200099945068 18.140750885009766 -4.552704811096191
-1.6650439500808716 18.13397216796875 -4.563835620880127
-1.5268152952194214 18.0017147064209 -4.543483257293701
-1.3940380811691284 17.944095611572266 -4.542291641235352
-1.2777997255325317 18.075103759765625 -4.585465431213379
-1.1493959426879883 18.043123245239258 -4.586345195770264
-1.0191411972045898 17.968658447265625 -4.576590061187744
-0.893928587436676 17.972667694091797 -4.587003707885742
-0.7675713896751404 17.99920082092285 -4.600780487060547
-0.6387231945991516 17.900455474853516 -4.580636978149414
-0.5136551260948181 17.8878116607666 -4.5827202796936035
-0.38892343640327454 17.874296188354492 -4.584786415100098
-0.2654988765716553 17.932283401489258 -4.60337495803833
-0.13845501840114594 17.92197608947754 -4.601964473724365
-0.013818707317113876 17.9713134765625 -4.616074085235596
0.11142705380916595 18.008426666259766 -4.627275466918945
0.23536419868469238 17.9050350189209 -4.601181983947754
0.3598134517669678 17.89619255065918 -4.5961432456970215
0.48658037185668945 17.98104476928711 -4.615380764007568
0.6156057715415955 18.027122497558594 -4.6248273849487305
0.7409601807594299 18.02337074279785 -4.621060848236084
0.8681386113166809 18.05751609802246 -4.623189926147461
0.9961667656898499 18.094541549682617 -4.626245021820068
1.1225121021270752 18.096664428710938 -4.620590686798096
1.254820466041565 18.150659561157227 -4.628276824951172
1.380248785018921 18.129425048828125 -4.612424373626709
1.5161582231521606 18.23941421508789 -4.630140781402588
1.6442781686782837 18.242780685424805 -4.620933532714844
1.7791112661361694 18.313112258911133 -4.62886381149292
1.9090754985809326 18.304048538208008 -4.612907409667969
2.042668104171753 18.347139358520508 -4.609748363494873
2.185866117477417 18.46455192565918 -4.6253509521484375
2.3155643939971924 18.46052360534668 -4.61067008972168
2.454568862915039 18.52388572692871 -4.610079765319824
2.5878376960754395 18.52247428894043 -4.591772079467773
2.7459068298339844 18.70429801940918 -4.619235515594482
2.8692455291748047 18.641029357910156 -4.586239814758301
3.0076236724853516 18.674823760986328 -4.575282573699951
3.1617019176483154 18.7979736328125 -4.5841240882873535
3.2948179244995117 18.788942337036133 -4.560767650604248
3.4561188220977783 18.92070198059082 -4.571283340454102
3.6024415493011475 18.97330665588379 -4.5618438720703125
3.7783315181732178 19.170894622802734 -4.584589958190918
3.9085652828216553 19.128480911254883 -4.549891471862793
4.066598892211914 19.21918487548828 -4.546992778778076
4.22299861907959 19.282272338867188 -4.536624431610107
4.389684200286865 19.397266387939453 -4.535744667053223
4.549515247344971 19.473817825317383 -4.525759220123291
4.715090274810791 19.567626953125 -4.51969575881958
4.9134392738342285 19.785917282104492 -4.5420942306518555
5.065759181976318 19.799392700195312 -4.5137457847595215
5.220050811767578 19.82696533203125 -4.488918781280518
5.402896881103516 19.956499099731445 -4.487064361572266
5.610330581665039 20.16543960571289 -4.502668380737305
5.77909517288208 20.22606658935547 -4.482666969299316
5.953677177429199 20.292247772216797 -4.462332725524902
6.143590450286865 20.41246223449707 -4.4542555809021
6.333221435546875 20.523746490478516 -4.443946361541748
6.514269828796387 20.60088348388672 -4.424604892730713
6.744004726409912 20.822412490844727 -4.43453311920166
6.96286678314209 20.99819564819336 -4.434046268463135
7.137777328491211 21.026187896728516 -4.401431083679199
7.364737510681152 21.209392547607422 -4.400762557983398
7.579407691955566 21.34744644165039 -4.3884782791137695
7.893216609954834 21.750457763671875 -4.429680824279785
8.035456657409668 21.67180061340332 -4.372256755828857
8.262701988220215 21.810344696044922 -4.357329368591309
8.47064208984375 21.89773178100586 -4.330492973327637
8.75359058380127 22.169145584106445 -4.339344024658203
8.997843742370605 22.330780029296875 -4.325796127319336
9.234245300292969 22.465375900268555 -4.306305885314941
9.499654769897461 22.653945922851562 -4.293513298034668
9.783388137817383 22.883493423461914 -4.288454532623291
9.994053840637207 22.933698654174805 -4.249111175537109
10.240220069885254 23.059524536132812 -4.223334312438965
10.615882873535156 23.46428680419922 -4.245217323303223
10.826683044433594 23.48569679260254 -4.195723056793213
11.213921546936035 23.88703155517578 -4.214024066925049
0.0 0.0 0.0
11.822562217712402 24.299623489379883 -4.175638675689697
0.0 0.0 0.0
12.518259048461914 24.84517478942871 -4.152803421020508
12.844757080078125 25.051145553588867 -4.127057075500488
13.116500854492188 25.1491641998291 -4.081371307373047
13.437498092651367 25.333328247070312 -4.048715591430664
13.859047889709473 25.694740295410156 -4.042830467224121
14.31934642791748 26.113075256347656 -4.043254852294922
0.0 0.0 0.0
15.044775009155273 26.545330047607422 -3.9704220294952393
15.505293846130371 26.919435501098633 -3.9556589126586914
15.894994735717773 27.158496856689453 -3.917752742767334
0.0 0.0 0.0
0.0 0.0 0.0
0.0 0.0 0.0
0.0 0.0 0.0
0.0 0.0 0.0
0.0 0.0 0.0
0.0 0.0 0.0
0.0 0.0 0.0
0.0 0.0 0.0
0.0 0.0 0.0
22.110204696655273 31.89807891845703 -3.5382537841796875
0.0 0.0 0.0
0.0 0.0 0.0
0.0 0.0 0.0
0.0 0.0 0.0
0.0 0.0 0.0
0.0 0.0 0.0
0.0 0.0 0.0
0.0 0.0 0.0
0.0 0.0 0.0
0.0 0.0 0.0
0.0 0.0 0.0
0.0 0.0 0.0
0.0 0.0 0.0
0.0 0.0 0.0
0.0 0.0 0.0
0.0 0.0 0.0
0.0 0.0 0.0
0.0 0.0 0.0
0.0 0.0 0.0
0.0 0.0 0.0
0.0 0.0 0.0
0.0 0.0 0.0
0.0 0.0 0.0
0.0 0.0 0.0
0.0 0.0 0.0
0.0 0.0 0.0
0.0 0.0 0.0
0.0 0.0 0.0
0.0 0.0 0.0
0.0 0.0 0.0
0.0 0.0 0.0
0.0 0.0 0.0
0.0 0.0 0.0
0.0 0.0 0.0
0.0 0.0 0.0
0.0 0.0 0.0
0.0 0.0 0.0
0.0 0.0 0.0
0.0 0.0 0.0
0.0 0.0 0.0
0.0 0.0 0.0
0.0 0.0 0.0
0.0 0.0 0.0
0.0 0.0 0.0
0.0 0.0 0.0
0.0 0.0 0.0
0.0 0.0 0.0
0.0 0.0 0.0
0.0 0.0 0.0
0.0 0.0 0.0
0.0 0.0 0.0
0.0 0.0 0.0
0.0 0.0 0.0
0.0 0.0 0.0
0.0 0.0 0.0
0.0 0.0 0.0
0.0 0.0 0.0
0.0 0.0 0.0
0.0 0.0 0.0
0.0 0.0 0.0
0.0 0.0 0.0
0.0 0.0 0.0
0.0 0.0 0.0
0.0 0.0 0.0
0.0 0.0 0.0
0.0 0.0 0.0
0.0 0.0 0.0
0.0 0.0 0.0
0.0 0.0 0.0
0.0 0.0 0.0
0.0 0.0 0.0
0.0 0.0 0.0
0.0 0.0 0.0
0.0 0.0 0.0
0.0 0.0 0.0
0.0 0.0 0.0
0.0 0.0 0.0
0.0 0.0 0.0
0.0 0.0 0.0
0.0 0.0 0.0
0.0 0.0 0.0
0.0 0.0 0.0
0.0 0.0 0.0
0.0 0.0 0.0
0.0 0.0 0.0
0.0 0.0 0.0
0.0 0.0 0.0
0.0 0.0 0.0
0.0 0.0 0.0
0.0 0.0 0.0
0.0 0.0 0.0
0.0 0.0 0.0
0.0 0.0 0.0
0.0 0.0 0.0
0.0 0.0 0.0
0.0 0.0 0.0
0.0 0.0 0.0
0.0 0.0 0.0
0.0 0.0 0.0
0.0 0.0 0.0
0.0 0.0 0.0
0.0 0.0 0.0
0.0 0.0 0.0
0.0 0.0 0.0
0.0 0.0 0.0
0.0 0.0 0.0
0.0 0.0 0.0
0.0 0.0 0.0
0.0 0.0 0.0
0.0 0.0 0.0
0.0 0.0 0.0
0.0 0.0 0.0
0.0 0.0 0.0
0.0 0.0 0.0
0.0 0.0 0.0
0.0 0.0 0.0
0.0 0.0 0.0
0.0 0.0 0.0
0.0 0.0 0.0
0.0 0.0 0.0
0.0 0.0 0.0
0.0 0.0 0.0
0.0 0.0 0.0
0.0 0.0 0.0
0.0 0.0 0.0
0.0 0.0 0.0
0.0 0.0 0.0
0.0 0.0 0.0
0.0 0.0 0.0
0.0 0.0 0.0
0.0 0.0 0.0
0.0 0.0 0.0
0.0 0.0 0.0
0.0 0.0 0.0
0.0 0.0 0.0
0.0 0.0 0.0
0.0 0.0 0.0
0.0 0.0 0.0
0.0 0.0 0.0
0.0 0.0 0.0
0.0 0.0 0.0
0.0 0.0 0.0
0.0 0.0 0.0
0.0 0.0 0.0
0.0 0.0 0.0
0.0 0.0 0.0
0.0 0.0 0.0
0.0 0.0 0.0
0.0 0.0 0.0
0.0 0.0 0.0
0.0 0.0 0.0
0.0 0.0 0.0
0.0 0.0 0.0
0.0 0.0 0.0
0.0 0.0 0.0
0.0 0.0 0.0
0.0 0.0 0.0
0.0 0.0 0.0
0.0 0.0 0.0
0.0 0.0 0.0
0.0 0.0 0.0
0.0 0.0 0.0
0.0 0.0 0.0
0.0 0.0 0.0
0.0 0.0 0.0
0.0 0.0 0.0
0.0 0.0 0.0
0.0 0.0 0.0
0.0 0.0 0.0
0.0 0.0 0.0
0.0 0.0 0.0
0.0 0.0 0.0
0.0 0.0 0.0
0.0 0.0 0.0
0.0 0.0 0.0
0.0 0.0 0.0
0.0 0.0 0.0
0.0 0.0 0.0
0.0 0.0 0.0
0.0 0.0 0.0
0.0 0.0 0.0
0.0 0.0 0.0
0.0 0.0 0.0
0.0 0.0 0.0
0.0 0.0 0.0
0.0 0.0 0.0
0.0 0.0 0.0
0.0 0.0 0.0
0.0 0.0 0.0
0.0 0.0 0.0
0.0 0.0 0.0
0.0 0.0 0.0
0.0 0.0 0.0
0.0 0.0 0.0
0.0 0.0 0.0
0.0 0.0 0.0
0.0 0.0 0.0
0.0 0.0 0.0
0.0 0.0 0.0
0.0 0.0 0.0
0.0 0.0 0.0
0.0 0.0 0.0
0.0 0.0 0.0
0.0 0.0 0.0
0.0 0.0 0.0
-12.292071342468262 23.664079666137695 -3.6156346797943115
0.0 0.0 0.0
0.0 0.0 0.0
0.0 0.0 0.0
0.0 0.0 0.0
0.0 0.0 0.0
-10.548615455627441 22.56967544555664 -3.786433219909668
0.0 0.0 0.0
0.0 0.0 0.0
-9.815312385559082 22.204877853393555 -3.882192611694336
0.0 0.0 0.0
0.0 0.0 0.0
0.0 0.0 0.0
-8.758111000061035 21.414329528808594 -3.9375405311584473
0.0 0.0 0.0
-8.376782417297363 21.32640266418457 -4.015167713165283
0.0 0.0 0.0
-7.882081031799316 20.919633865356445 -4.025655746459961
-7.625256538391113 20.681076049804688 -4.02351188659668
0.0 0.0 0.0
-7.2843804359436035 20.63727378845215 -4.098628997802734
-7.049066543579102 20.421079635620117 -4.095694065093994
0.0 0.0 0.0
-6.698664665222168 20.32537078857422 -4.157067775726318
-6.474518299102783 20.114866256713867 -4.151602745056152
-6.301743984222412 20.0560359954834 -4.176414966583252
-6.094328880310059 19.878564834594727 -4.176126956939697
-5.913698196411133 19.780004501342773 -4.1920294761657715
-5.742448329925537 19.705917358398438 -4.211240291595459
-5.572401523590088 19.638504028320312 -4.231103420257568
-5.435592174530029 19.676029205322266 -4.2730278968811035
-5.237001419067383 19.48369026184082 -4.264875888824463
-5.086745738983154 19.463634490966797 -4.292977333068848
-4.902187347412109 19.30586814880371 -4.288666248321533
-4.749640464782715 19.276737213134766 -4.3133134841918945
-4.604469299316406 19.264541625976562 -4.341304302215576
-4.427143573760986 19.11014747619629 -4.3364129066467285
-4.278303146362305 19.07016372680664 -4.3546576499938965
-4.122289180755615 18.991762161254883 -4.364081382751465
-3.9533298015594482 18.856595993041992 -4.360825061798096
-3.8115313053131104 18.831708908081055 -4.3824687004089355
-3.6529970169067383 18.716815948486328 -4.379580020904541
-3.5108816623687744 18.679248809814453 -4.3947834968566895
-3.3809711933135986 18.70425796508789 -4.424864292144775
-3.2296745777130127 18.61993408203125 -4.429611682891846
-3.0797135829925537 18.519872665405273 -4.42692232131958
-2.946301221847534 18.51266098022461 -4.445786952972412
-2.7925772666931152 18.369239807128906 -4.431957721710205
-2.6828126907348633 18.514122009277344 -4.487899303436279
-2.5383336544036865 18.41805648803711 -4.483047962188721
-2.394874095916748 18.336559295654297 -4.4805121421813965
-2.2667429447174072 18.347951889038086 -4.500484943389893
-2.1265785694122314 18.256677627563477 -4.495416641235352
-1.994960069656372 18.228910446166992 -4.5041704177856445
-1.8627185821533203 18.189430236816406 -4.507805824279785
-1.7274317741394043 18.134048461914062 -4.50787878036499
-1.604466199874878 18.18329620361328 -4.533938884735107
-1.4712882041931152 18.111066818237305 -4.528653621673584
-1.343774437904358 18.1029109954834 -4.536299228668213
-1.2168316841125488 18.097633361816406 -4.544861316680908
-1.0909713506698608 18.144489288330078 -4.566936016082764
-0.9611538052558899 18.0845890045166 -4.561639785766602
-0.8399670124053955 18.191253662109375 -4.594358921051025
-0.7094614505767822 18.092721939086914 -4.575469017028809
-0.582310676574707 18.0576229095459 -4.57280158996582
-0.45692282915115356 18.15414047241211 -4.603817462921143
-0.32977208495140076 18.10698127746582 -4.59403133392334
-0.20343047380447388 18.070348739624023 -4.5869011878967285
-0.07794100791215897 18.078269958496094 -4.591296195983887
0.0478399321436882 18.108034133911133 -4.601468086242676
0.17271186411380768 17.99773597717285 -4.5725483894348145
0.30168235301971436 18.08365249633789 -4.592593193054199
0.4274466931819916 18.081634521484375 -4.590554714202881
0.5536607503890991 18.09387969970703 -4.592358112335205
0.6787275671958923 18.06808090209961 -4.581883430480957
0.8070539832115173 18.12127685546875 -4.589899063110352
0.9372915029525757 18.154573440551758 -4.592982769012451
1.0673439502716064 18.213504791259766 -4.602841854095459
1.1925493478775024 18.185094833374023 -4.5886664390563965
1.3246874809265137 18.254657745361328 -4.596832752227783
1.4512404203414917 18.240177154541016 -4.5840229988098145
1.5967992544174194 18.421001434326172 -4.620280742645264
1.7173317670822144 18.32947540283203 -4.587235927581787
1.8528738021850586 18.396297454833984 -4.59079122543335
1.9974205493927002 18.537548065185547 -4.612996578216553
2.1293203830718994 18.549606323242188 -4.603156566619873
2.263517141342163 18.556846618652344 -4.591565132141113
2.401883602142334 18.613155364990234 -4.588669300079346
2.5288586616516113 18.57819175720215 -4.5634541511535645
2.6689136028289795 18.636280059814453 -4.561276912689209
2.817803382873535 18.74590492248535 -4.571764945983887
2.956766128540039 18.78017807006836 -4.560215950012207
3.117737054824829 18.929447174072266 -4.575904846191406
3.2554140090942383 18.942895889282227 -4.55913782119751
3.399456262588501 18.989015579223633 -4.55035924911499
3.5646438598632812 19.14308738708496 -4.564595699310303
3.704671859741211 19.15415382385254 -4.5436530113220215
3.871406078338623 19.283212661743164 -4.550284385681152
4.0127668380737305 19.292062759399414 -4.529001712799072
4.171557903289795 19.378402709960938 -4.524057865142822
4.339484691619873 19.49728775024414 -4.524847507476807
4.501450538635254 19.581417083740234 -4.517480373382568
4.6672868728637695 19.663801193237305 -4.509160041809082
4.832988262176514 19.74924087524414 -4.5008649826049805
5.015006065368652 19.893037796020508 -4.503425121307373
5.162988662719727 19.894899368286133 -4.4737420082092285
5.342594146728516 20.013704299926758 -4.470344543457031
5.530697345733643 20.14527702331543 -4.4686713218688965
5.741570472717285 20.357196807861328 -4.482248783111572
5.901463508605957 20.379995346069336 -4.453918933868408
6.112050533294678 20.57015609741211 -4.4619340896606445
6.278605937957764 20.60478973388672 -4.435993194580078
6.484081268310547 20.75117301940918 -4.430657863616943
6.682125091552734 20.874631881713867 -4.420475006103516
6.871626853942871 20.96357536315918 -4.40266227722168
7.129734992980957 21.250732421875 -4.425903797149658
7.332475185394287 21.361799240112305 -4.409940242767334
7.4969096183776855 21.355308532714844 -4.368721961975098
7.735269069671631 21.5454158782959 -4.366812705993652
7.9650492668151855 21.70880889892578 -4.359504699707031
8.178468704223633 21.82007598876953 -4.339941501617432
8.399624824523926 21.943899154663086 -4.3213043212890625
8.629905700683594 22.083616256713867 -4.30530309677124
8.91679573059082 22.34881019592285 -4.312163829803467
9.169890403747559 22.52696418762207 -4.301207542419434
9.432056427001953 22.71710968017578 -4.2904133796691895
9.622127532958984 22.727567672729492 -4.245299339294434
9.93655014038086 23.02276039123535 -4.252664566040039
10.207123756408691 23.197561264038086 -4.2351861000061035
10.4813232421875 23.377981185913086 -4.217226982116699
10.755342483520508 23.548736572265625 -4.196696758270264
11.102221488952637 23.86723518371582 -4.201357841491699
11.338159561157227 23.93832015991211 -4.1609063148498535
11.676260948181152 24.20775032043457 -4.151485443115234
11.988442420959473 24.419538497924805 -4.131937503814697
12.314520835876465 24.648942947387695 -4.114229679107666
12.726232528686523 25.037336349487305 -4.120750904083252
13.068191528320312 25.27367401123047 -4.098987579345703
13.395895957946777 25.472366333007812 -4.069949626922607
0.0 0.0 0.0
14.144125938415527 26.00469207763672 -4.026827812194824
14.57148265838623 26.352224349975586 -4.013733386993408
14.919010162353516 26.543230056762695 -3.975165367126465
0.0 0.0 0.0
0.0 0.0 0.0
0.0 0.0 0.0
16.693464279174805 27.848920822143555 -3.8735883235931396
0.0 0.0 0.0
0.0 0.0 0.0
0.0 0.0 0.0
0.0 0.0 0.0
0.0 0.0 0.0
0.0 0.0 0.0
0.0 0.0 0.0
0.0 0.0 0.0
0.0 0.0 0.0
0.0 0.0 0.0
0.0 0.0 0.0
0.0 0.0 0.0
0.0 0.0 0.0
0.0 0.0 0.0
0.0 0.0 0.0
0.0 0.0 0.0
0.0 0.0 0.0
0.0 0.0 0.0
0.0 0.0 0.0
0.0 0.0 0.0
0.0 0.0 0.0
0.0 0.0 0.0
0.0 0.0 0.0
0.0 0.0 0.0
0.0 0.0 0.0
0.0 0.0 0.0
0.0 0.0 0.0
0.0 0.0 0.0
0.0 0.0 0.0
0.0 0.0 0.0
0.0 0.0 0.0
0.0 0.0 0.0
0.0 0.0 0.0
0.0 0.0 0.0
0.0 0.0 0.0
0.0 0.0 0.0
0.0 0.0 0.0
0.0 0.0 0.0
0.0 0.0 0.0
0.0 0.0 0.0
0.0 0.0 0.0
0.0 0.0 0.0
0.0 0.0 0.0
0.0 0.0 0.0
0.0 0.0 0.0
0.0 0.0 0.0
0.0 0.0 0.0
0.0 0.0 0.0
0.0 0.0 0.0
0.0 0.0 0.0
0.0 0.0 0.0
0.0 0.0 0.0
0.0 0.0 0.0
0.0 0.0 0.0
0.0 0.0 0.0
0.0 0.0 0.0
0.0 0.0 0.0
0.0 0.0 0.0
0.0 0.0 0.0
0.0 0.0 0.0
0.0 0.0 0.0
0.0 0.0 0.0
0.0 0.0 0.0
0.0 0.0 0.0
0.0 0.0 0.0
0.0 0.0 0.0
0.0 0.0 0.0
0.0 0.0 0.0
0.0 0.0 0.0
0.0 0.0 0.0
0.0 0.0 0.0
0.0 0.0 0.0
0.0 0.0 0.0
0.0 0.0 0.0
0.0 0.0 0.0
0.0 0.0 0.0
0.0 0.0 0.0
0.0 0.0 0.0
0.0 0.0 0.0
0.0 0.0 0.0
0.0 0.0 0.0
0.0 0.0 0.0
0.0 0.0 0.0
0.0 0.0 0.0
0.0 0.0 0.0
0.0 0.0 0.0
0.0 0.0 0.0
0.0 0.0 0.0
0.0 0.0 0.0
0.0 0.0 0.0
0.0 0.0 0.0
0.0 0.0 0.0
0.0 0.0 0.0
0.0 0.0 0.0
0.0 0.0 0.0
0.0 0.0 0.0
0.0 0.0 0.0
0.0 0.0 0.0
0.0 0.0 0.0
0.0 0.0 0.0
0.0 0.0 0.0
0.0 0.0 0.0
0.0 0.0 0.0
0.0 0.0 0.0
0.0 0.0 0.0
0.0 0.0 0.0
0.0 0.0 0.0
0.0 0.0 0.0
0.0 0.0 0.0
0.0 0.0 0.0
0.0 0.0 0.0
0.0 0.0 0.0
0.0 0.0 0.0
0.0 0.0 0.0
0.0 0.0 0.0
0.0 0.0 0.0
0.0 0.0 0.0
0.0 0.0 0.0
0.0 0.0 0.0
0.0 0.0 0.0
0.0 0.0 0.0
0.0 0.0 0.0
0.0 0.0 0.0
0.0 0.0 0.0
0.0 0.0 0.0
0.0 0.0 0.0
0.0 0.0 0.0
0.0 0.0 0.0
0.0 0.0 0.0
0.0 0.0 0.0
0.0 0.0 0.0
0.0 0.0 0.0
0.0 0.0 0.0
0.0 0.0 0.0
0.0 0.0 0.0
0.0 0.0 0.0
0.0 0.0 0.0
0.0 0.0 0.0
0.0 0.0 0.0
0.0 0.0 0.0
0.0 0.0 0.0
0.0 0.0 0.0
0.0 0.0 0.0
0.0 0.0 0.0
0.0 0.0 0.0
0.0 0.0 0.0
0.0 0.0 0.0
0.0 0.0 0.0
0.0 0.0 0.0
0.0 0.0 0.0
0.0 0.0 0.0
0.0 0.0 0.0
0.0 0.0 0.0
0.0 0.0 0.0
0.0 0.0 0.0
0.0 0.0 0.0
0.0 0.0 0.0
0.0 0.0 0.0
0.0 0.0 0.0
0.0 0.0 0.0
0.0 0.0 0.0
0.0 0.0 0.0
0.0 0.0 0.0
0.0 0.0 0.0
0.0 0.0 0.0
0.0 0.0 0.0
0.0 0.0 0.0
0.0 0.0 0.0
0.0 0.0 0.0
0.0 0.0 0.0
0.0 0.0 0.0
0.0 0.0 0.0
0.0 0.0 0.0
0.0 0.0 0.0
0.0 0.0 0.0
0.0 0.0 0.0
0.0 0.0 0.0
0.0 0.0 0.0
0.0 0.0 0.0
0.0 0.0 0.0
0.0 0.0 0.0
0.0 0.0 0.0
0.0 0.0 0.0
0.0 0.0 0.0
0.0 0.0 0.0
0.0 0.0 0.0
0.0 0.0 0.0
0.0 0.0 0.0
0.0 0.0 0.0
0.0 0.0 0.0
0.0 0.0 0.0
0.0 0.0 0.0
0.0 0.0 0.0
0.0 0.0 0.0
0.0 0.0 0.0
0.0 0.0 0.0
0.0 0.0 0.0
0.0 0.0 0.0
0.0 0.0 0.0
0.0 0.0 0.0
0.0 0.0 0.0
0.0 0.0 0.0
0.0 0.0 0.0
0.0 0.0 0.0
0.0 0.0 0.0
0.0 0.0 0.0
0.0 0.0 0.0
0.0 0.0 0.0
0.0 0.0 0.0
0.0 0.0 0.0
0.0 0.0 0.0
0.0 0.0 0.0
0.0 0.0 0.0
0.0 0.0 0.0
0.0 0.0 0.0
0.0 0.0 0.0
-12.265829086303711 23.816312789916992 -3.637619972229004
0.0 0.0 0.0
-11.577503204345703 23.27101707458496 -3.6720213890075684
0.0 0.0 0.0
0.0 0.0 0.0
0.0 0.0 0.0
0.0 0.0 0.0
-10.32186508178711 22.706018447875977 -3.85573410987854
0.0 0.0 0.0
0.0 0.0 0.0
0.0 0.0 0.0
-9.136638641357422 21.687963485717773 -3.8795783519744873
-9.005475044250488 21.799158096313477 -3.9472227096557617
0.0 0.0 0.0
0.0 0.0 0.0
-8.2643461227417 21.260738372802734 -3.9866676330566406
0.0 0.0 0.0
0.0 0.0 0.0
0.0 0.0 0.0
-7.3681206703186035 20.640413284301758 -4.03884744644165
-7.184476375579834 20.585485458374023 -4.069350719451904
-7.029341220855713 20.600919723510742 -4.113010883331299
-6.771158695220947 20.305923461914062 -4.0932159423828125
-6.6198906898498535 20.3223934173584 -4.133984565734863
-6.435151100158691 20.231691360473633 -4.152843952178955
-6.270176887512207 20.197975158691406 -4.183245658874512
-6.0267653465271 19.910696029663086 -4.160749435424805
-5.9152421951293945 20.043289184570312 -4.2228193283081055
-5.678502559661865 19.74474334716797 -4.193830490112305
-5.517302989959717 19.69831085205078 -4.217935085296631
-5.372107028961182 19.70592498779297 -4.2536516189575195
-5.1911420822143555 19.587907791137695 -4.2599358558654785
-4.997435569763184 19.40128517150879 -4.250339984893799
-4.852957248687744 19.398300170898438 -4.280796527862549
-4.700501441955566 19.36083984375 -4.303741455078125
-4.538479328155518 19.278120040893555 -4.313953399658203
-4.38546085357666 19.239336013793945 -4.333813190460205
-4.211816310882568 19.090940475463867 -4.3283538818359375
-4.065128803253174 19.056726455688477 -4.3486647605896
-3.900930643081665 18.932235717773438 -4.346069812774658
-3.7739548683166504 18.982336044311523 -4.382078170776367
-3.6261565685272217 18.938343048095703 -4.396981239318848
-3.4758896827697754 18.86296272277832 -4.4041924476623535
-3.321782350540161 18.756746292114258 -4.402639389038086
-3.1687042713165283 18.646093368530273 -4.39772367477417
-3.029418706893921 18.609373092651367 -4.410277843475342
-2.888157367706299 18.568084716796875 -4.422182083129883
-2.7475128173828125 18.510656356811523 -4.429189682006836
-2.616835117340088 18.516889572143555 -4.4483137130737305
-2.4821572303771973 18.49205780029297 -4.46014928817749
-2.3426830768585205 18.424802780151367 -4.461857318878174
-2.206078290939331 18.371604919433594 -4.467048645019531
-2.0780022144317627 18.405275344848633 -4.489737510681152
-1.9414710998535156 18.33973503112793 -4.488095760345459
-1.8063278198242188 18.27698516845703 -4.487239837646484
-1.678743600845337 18.28504180908203 -4.503929138183594
-1.5544443130493164 18.330842971801758 -4.526446342468262
-1.4225279092788696 18.31562042236328 -4.533406734466553
-1.2875657081604004 18.219913482666016 -4.520407676696777
-1.161475419998169 18.240535736083984 -4.536438465118408
-1.0313467979431152 18.18902015686035 -4.531872749328613
-0.9055103659629822 18.208911895751953 -4.543612003326416
-0.7755724191665649 18.19012451171875 -4.546042442321777
-0.6481983661651611 18.17037010192871 -4.548310279846191
-0.5231443047523499 18.218387603759766 -4.565689563751221
-0.3958946168422699 18.19795036315918 -4.563608646392822
-0.26839399337768555 18.138744354248047 -4.552011013031006
-0.1399511843919754 18.120328903198242 -4.550915718078613
-0.013950695283710957 18.177101135253906 -4.567538261413574
0.11234404891729355 18.154254913330078 -4.560918807983398
0.23941582441329956 18.213876724243164 -4.5752363204956055
0.3691498339176178 18.363510131835938 -4.6123809814453125
0.4943251311779022 18.266149520874023 -4.587280750274658
0.6236228942871094 18.263565063476562 -4.581810474395752
0.7506455183029175 18.260135650634766 -4.5764360427856445
0.8836553692817688 18.380727767944336 -4.602336883544922
1.0070559978485107 18.292234420776367 -4.576092720031738
1.1390591859817505 18.362775802612305 -4.58564567565918
1.2660348415374756 18.311336517333984 -4.564413547515869
1.4030207395553589 18.429250717163086 -4.585733413696289
1.535427212715149 18.47058868408203 -4.5881452560424805
1.6675440073013306 18.50042724609375 -4.584538459777832
1.8072015047073364 18.601327896118164 -4.597469329833984
1.9367643594741821 18.5689697265625 -4.577434062957764
2.066303253173828 18.558496475219727 -4.563232898712158
2.208672285079956 18.656986236572266 -4.5735249519348145
2.34891414642334 18.724733352661133 -4.574332237243652
2.4747438430786133 18.67474937438965 -4.546568393707275
2.6247806549072266 18.785411834716797 -4.557806491851807
2.7737226486206055 18.891735076904297 -4.566854000091553
2.916994094848633 18.94866371154785 -4.561406135559082
3.064821481704712 19.027036666870117 -4.561177730560303
3.2031614780426025 19.040550231933594 -4.545501232147217
3.3542301654815674 19.124361038208008 -4.546164512634277
3.4933507442474365 19.121355056762695 -4.522538661956787
3.6598589420318604 19.274715423583984 -4.536329746246338
3.8258771896362305 19.41178321838379 -4.546103477478027
3.992464780807495 19.540067672729492 -4.553690433502197
4.128190040588379 19.511201858520508 -4.521235942840576
4.301088333129883 19.64108657836914 -4.524896144866943
4.451815128326416 19.67328643798828 -4.506439685821533
4.611869812011719 19.74146842956543 -4.496252536773682
4.790185928344727 19.879348754882812 -4.499391555786133
4.942337512969971 19.901105880737305 -4.4751787185668945
5.132411956787109 20.058059692382812 -4.480759620666504
5.294211387634277 20.106813430786133 -4.462532043457031
0.0 0.0 0.0
5.671015739440918 20.381813049316406 -4.4601569175720215
5.8549604415893555 20.489471435546875 -4.451225757598877
6.065766334533691 20.67209243774414 -4.457688808441162
6.233861446380615 20.710739135742188 -4.432588577270508
6.421061038970947 20.80689811706543 -4.4176716804504395
6.597203254699707 20.861305236816406 -4.393731594085693
6.830923557281494 21.08924674987793 -4.405992031097412
7.0405144691467285 21.231412887573242 -4.3995137214660645
7.252693176269531 21.364200592041016 -4.387578010559082
7.461886882781982 21.488609313964844 -4.374211311340332
7.648775577545166 21.542461395263672 -4.3462233543396
7.889148712158203 21.73908233642578 -4.346643924713135
8.102057456970215 21.85106658935547 -4.32732629776001
8.385244369506836 22.13271141052246 -4.339895248413086
8.586700439453125 22.19745445251465 -4.3100810050964355
8.858817100524902 22.435638427734375 -4.313343048095703
9.098576545715332 22.582401275634766 -4.296596527099609
9.3541259765625 22.759023666381836 -4.2843780517578125
9.615439414978027 22.93222427368164 -4.269997596740723
9.793556213378906 22.9091854095459 -4.219557285308838
10.168519973754883 23.33720588684082 -4.249659061431885
10.478446960449219 23.599285125732422 -4.2471747398376465
10.65888786315918 23.563243865966797 -4.190552234649658
11.015104293823242 23.89936065673828 -4.198482036590576
11.228056907653809 23.922208786010742 -4.1498284339904785
0.0 0.0 0.0
11.911423683166504 24.482730865478516 -4.136890888214111
12.22396469116211 24.684982299804688 -4.115320205688477
0.0 0.0 0.0
0.0 0.0 0.0
0.0 0.0 0.0
0.0 0.0 0.0
13.944478988647461 25.852087020874023 -4.002409934997559
0.0 0.0 0.0
14.817733764648438 26.57202911376953 -3.9805643558502197
15.220976829528809 26.855104446411133 -3.9557197093963623
15.73117446899414 27.312461853027344 -3.951521396636963
0.0 0.0 0.0
16.575302124023438 27.87652587890625 -3.8858296871185303
0.0 0.0 0.0
0.0 0.0 0.0
0.0 0.0 0.0
0.0 0.0 0.0
0.0 0.0 0.0
0.0 0.0 0.0
0.0 0.0 0.0
0.0 0.0 0.0
0.0 0.0 0.0
0.0 0.0 0.0
0.0 0.0 0.0
0.0 0.0 0.0
0.0 0.0 0.0
0.0 0.0 0.0
0.0 0.0 0.0
0.0 0.0 0.0
0.0 0.0 0.0
0.0 0.0 0.0
0.0 0.0 0.0
0.0 0.0 0.0
0.0 0.0 0.0
0.0 0.0 0.0
0.0 0.0 0.0
0.0 0.0 0.0
0.0 0.0 0.0
0.0 0.0 0.0
0.0 0.0 0.0
0.0 0.0 0.0
0.0 0.0 0.0
0.0 0.0 0.0
0.0 0.0 0.0
0.0 0.0 0.0
0.0 0.0 0.0
0.0 0.0 0.0
0.0 0.0 0.0
0.0 0.0 0.0
0.0 0.0 0.0
0.0 0.0 0.0
0.0 0.0 0.0
0.0 0.0 0.0
0.0 0.0 0.0
0.0 0.0 0.0
0.0 0.0 0.0
0.0 0.0 0.0
0.0 0.0 0.0
0.0 0.0 0.0
0.0 0.0 0.0
0.0 0.0 0.0
0.0 0.0 0.0
0.0 0.0 0.0
0.0 0.0 0.0
0.0 0.0 0.0
0.0 0.0 0.0
0.0 0.0 0.0
0.0 0.0 0.0
0.0 0.0 0.0
0.0 0.0 0.0
0.0 0.0 0.0
0.0 0.0 0.0
0.0 0.0 0.0
0.0 0.0 0.0
0.0 0.0 0.0
0.0 0.0 0.0
0.0 0.0 0.0
0.0 0.0 0.0
0.0 0.0 0.0
0.0 0.0 0.0
0.0 0.0 0.0
0.0 0.0 0.0
0.0 0.0 0.0
0.0 0.0 0.0
0.0 0.0 0.0
0.0 0.0 0.0
0.0 0.0 0.0
0.0 0.0 0.0
0.0 0.0 0.0
0.0 0.0 0.0
0.0 0.0 0.0
0.0 0.0 0.0
0.0 0.0 0.0
0.0 0.0 0.0
0.0 0.0 0.0
0.0 0.0 0.0
0.0 0.0 0.0
0.0 0.0 0.0
0.0 0.0 0.0
0.0 0.0 0.0
0.0 0.0 0.0
0.0 0.0 0.0
0.0 0.0 0.0
0.0 0.0 0.0
0.0 0.0 0.0
0.0 0.0 0.0
0.0 0.0 0.0
0.0 0.0 0.0
0.0 0.0 0.0
0.0 0.0 0.0
0.0 0.0 0.0
0.0 0.0 0.0
0.0 0.0 0.0
0.0 0.0 0.0
0.0 0.0 0.0
0.0 0.0 0.0
0.0 0.0 0.0
0.0 0.0 0.0
0.0 0.0 0.0
0.0 0.0 0.0
0.0 0.0 0.0
0.0 0.0 0.0
0.0 0.0 0.0
0.0 0.0 0.0
0.0 0.0 0.0
0.0 0.0 0.0
0.0 0.0 0.0
0.0 0.0 0.0
0.0 0.0 0.0
0.0 0.0 0.0
0.0 0.0 0.0
0.0 0.0 0.0
0.0 0.0 0.0
0.0 0.0 0.0
0.0 0.0 0.0
0.0 0.0 0.0
0.0 0.0 0.0
0.0 0.0 0.0
0.0 0.0 0.0
0.0 0.0 0.0
0.0 0.0 0.0
0.0 0.0 0.0
0.0 0.0 0.0
0.0 0.0 0.0
0.0 0.0 0.0
0.0 0.0 0.0
0.0 0.0 0.0
0.0 0.0 0.0
0.0 0.0 0.0
0.0 0.0 0.0
0.0 0.0 0.0
0.0 0.0 0.0
0.0 0.0 0.0
0.0 0.0 0.0
0.0 0.0 0.0
0.0 0.0 0.0
0.0 0.0 0.0
0.0 0.0 0.0
0.0 0.0 0.0
0.0 0.0 0.0
0.0 0.0 0.0
0.0 0.0 0.0
0.0 0.0 0.0
0.0 0.0 0.0
0.0 0.0 0.0
0.0 0.0 0.0
0.0 0.0 0.0
0.0 0.0 0.0
0.0 0.0 0.0
0.0 0.0 0.0
0.0 0.0 0.0
0.0 0.0 0.0
0.0 0.0 0.0
0.0 0.0 0.0
0.0 0.0 0.0
0.0 0.0 0.0
0.0 0.0 0.0
0.0 0.0 0.0
0.0 0.0 0.0
0.0 0.0 0.0
0.0 0.0 0.0
0.0 0.0 0.0
0.0 0.0 0.0
0.0 0.0 0.0
0.0 0.0 0.0
0.0 0.0 0.0
0.0 0.0 0.0
0.0 0.0 0.0
0.0 0.0 0.0
0.0 0.0 0.0
0.0 0.0 0.0
0.0 0.0 0.0
0.0 0.0 0.0
0.0 0.0 0.0
0.0 0.0 0.0
0.0 0.0 0.0
0.0 0.0 0.0
0.0 0.0 0.0
0.0 0.0 0.0
0.0 0.0 0.0
0.0 0.0 0.0
0.0 0.0 0.0
0.0 0.0 0.0
0.0 0.0 0.0
0.0 0.0 0.0
0.0 0.0 0.0
0.0 0.0 0.0
0.0 0.0 0.0
0.0 0.0 0.0
-20.73983383178711 29.55140495300293 -2.742772102355957
0.0 0.0 0.0
0.0 0.0 0.0
0.0 0.0 0.0
0.0 0.0 0.0
0.0 0.0 0.0
0.0 0.0 0.0
-17.025285720825195 26.976171493530273 -3.150999069213867
0.0 0.0 0.0
0.0 0.0 0.0
0.0 0.0 0.0
0.0 0.0 0.0
0.0 0.0 0.0
-14.390545845031738 25.07294464111328 -3.3745949268341064
-14.01645565032959 24.819679260253906 -3.408245325088501
0.0 0.0 0.0
0.0 0.0 0.0
0.0 0.0 0.0
0.0 0.0 0.0
-12.409612655639648 23.885881423950195 -3.5955729484558105
0.0 0.0 0.0
0.0 0.0 0.0
0.0 0.0 0.0
-11.148189544677734 23.012569427490234 -3.692578077316284
0.0 0.0 0.0
0.0 0.0 0.0
0.0 0.0 0.0
-10.064739227294922 22.35089683532715 -3.7961745262145996
-9.859421730041504 22.309457778930664 -3.8399713039398193
-9.523921966552734 21.961868286132812 -3.8281750679016113
-9.349286079406738 21.976343154907227 -3.8787035942077637
0.0 0.0 0.0
0.0 0.0 0.0
0.0 0.0 0.0
-8.416682243347168 21.426692962646484 -3.964430570602417
-8.226900100708008 21.3790283203125 -3.999929189682007
0.0 0.0 0.0
-7.735657691955566 20.97720718383789 -4.010049343109131
0.0 0.0 0.0
-7.345808982849121 20.80862045288086 -4.059781551361084
0.0 0.0 0.0
-6.962170124053955 20.63381004333496 -4.1044602394104
-6.702481269836426 20.338926315307617 -4.083981037139893
-6.546267032623291 20.340333938598633 -4.121842861175537
-6.334031581878662 20.161266326904297 -4.122873783111572
-6.18677282333374 20.18220329284668 -4.16229248046875
-6.024330139160156 20.150659561157227 -4.190439701080322
-5.785477161407471 19.85310173034668 -4.162793159484863
-5.622971057891846 19.81537628173828 -4.189723491668701
-5.47361946105957 19.81311798095703 -4.2218337059021
-5.273948669433594 19.621530532836914 -4.212310791015625
-5.157331466674805 19.73529815673828 -4.268368721008301
-4.974599361419678 19.59262466430664 -4.2690043449401855
-4.797256946563721 19.471418380737305 -4.273210525512695
-4.625329971313477 19.35237693786621 -4.275262355804443
-4.47756290435791 19.32866859436035 -4.298335552215576
-4.322136878967285 19.26656150817871 -4.312856197357178
-4.162961959838867 19.181013107299805 -4.321368217468262
-4.025698661804199 19.203399658203125 -4.3518967628479
-3.849910020828247 19.022615432739258 -4.3358845710754395
-3.7110180854797363 19.016239166259766 -4.359567642211914
-3.561279296875 18.94890022277832 -4.369313716888428
-3.4073293209075928 18.851228713989258 -4.368338584899902
-3.268965005874634 18.84645652770996 -4.389258861541748
-3.1286978721618652 18.814096450805664 -4.403522491455078
-2.9854512214660645 18.758153915405273 -4.4123430252075195
-2.8376150131225586 18.6641845703125 -4.409200191497803
-2.714062452316284 18.727378845214844 -4.442474365234375
-2.5634238719940186 18.597612380981445 -4.430078506469727
-2.4311182498931885 18.61014175415039 -4.451989650726318
-2.2902774810791016 18.535320281982422 -4.4504523277282715
-2.1589443683624268 18.53157615661621 -4.464290142059326
-2.026533365249634 18.51556968688965 -4.475357532501221
-1.8940626382827759 18.49483299255371 -4.485454559326172
-1.7500402927398682 18.371606826782227 -4.469473838806152
-1.6251778602600098 18.4179630279541 -4.491910457611084
-1.4885187149047852 18.323474884033203 -4.480164527893066
-1.3577494621276855 18.288557052612305 -4.483111381530762
-1.238384485244751 18.415651321411133 -4.525331497192383
-1.1012972593307495 18.311946868896484 -4.507268905639648
-0.9739828109741211 18.32459259033203 -4.517910480499268
-0.8459797501564026 18.32119369506836 -4.524805545806885
-0.7176254987716675 18.30552864074707 -4.528880596160889
-0.5915942192077637 18.350622177124023 -4.543832778930664
-0.46158087253570557 18.34563446044922 -4.546525955200195
-0.3326410949230194 18.275264739990234 -4.533154487609863
-0.20726726949214935 18.42007827758789 -4.573391914367676
-0.07870455086231232 18.314659118652344 -4.548106670379639
0.04879425838589668 18.314743041992188 -4.548189163208008
0.17608357965946198 18.306358337402344 -4.546388626098633
0.30736875534057617 18.4069766998291 -4.571892738342285
0.4324524700641632 18.279937744140625 -4.538341045379639
0.5619497299194336 18.357133865356445 -4.553813934326172
0.6923910975456238 18.42583465576172 -4.567366600036621
0.8206096291542053 18.4216365814209 -4.563056945800781
0.9483553171157837 18.36764907836914 -4.54477071762085
1.0833327770233154 18.483888626098633 -4.56607723236084
1.2091639041900635 18.436412811279297 -4.5471367835998535
1.346603512763977 18.554534912109375 -4.5692219734191895
1.4715155363082886 18.494102478027344 -4.5467047691345215
1.612129807472229 18.5960636138916 -4.560448169708252
1.7382545471191406 18.54976463317871 -4.538200378417969
1.8823155164718628 18.687665939331055 -4.561185836791992
2.012518882751465 18.677282333374023 -4.548114776611328
2.164095401763916 18.851818084716797 -4.575782775878906
2.3017401695251465 18.87042236328125 -4.565328121185303
2.4344699382781982 18.86564064025879 -4.5496745109558105
2.5660789012908936 18.85239601135254 -4.532211780548096
2.7093398571014404 18.917903900146484 -4.530620574951172
2.862478733062744 19.042726516723633 -4.542376518249512
3.01112699508667 19.125036239624023 -4.543970108032227
3.16286301612854 19.202163696289062 -4.544054985046387
3.3036558628082275 19.22270393371582 -4.528967380523682
3.4510693550109863 19.27627944946289 -4.520053386688232
3.6209967136383057 19.44477653503418 -4.538021087646484
3.752802610397339 19.402538299560547 -4.506871223449707
3.9243574142456055 19.54597282409668 -4.517236232757568
4.064629077911377 19.539695739746094 -4.49101448059082
4.226658821105957 19.63300132751465 -4.487738609313965
4.388679027557373 19.71755599975586 -4.482377052307129
4.5579400062561035 19.82695770263672 -4.482234001159668
4.757200717926025 20.04285430908203 -4.502200603485107
4.8918681144714355 19.990535736083984 -4.462343692779541
5.064292907714844 20.08906364440918 -4.456241607666016
5.237372398376465 20.1824951171875 -4.448883533477783
0.0 0.0 0.0
5.643103122711182 20.55359649658203 -4.467409133911133
5.779940128326416 20.49204444885254 -4.422783374786377
5.984436511993408 20.664661407470703 -4.428618431091309
6.159679412841797 20.729591369628906 -4.409211158752441
6.361847877502441 20.87750244140625 -4.406229019165039
6.548335075378418 20.95721435546875 -4.387997627258301
6.752445220947266 21.094388961791992 -4.382118225097656
6.973134994506836 21.273740768432617 -4.38331937789917
7.177595615386963 21.393108367919922 -4.370182991027832
7.39154052734375 21.53246307373047 -4.36074686050415
7.582521438598633 21.597444534301758 -4.335917949676514
7.821165084838867 21.783119201660156 -4.333637237548828
8.043274879455566 21.92076873779297 -4.320018291473389
8.299896240234375 22.142824172973633 -4.322445869445801
8.53117561340332 22.28707504272461 -4.309036731719971
8.713059425354004 22.296754837036133 -4.269073963165283
9.029668807983398 22.633010864257812 -4.288094520568848
9.257440567016602 22.742429733276367 -4.2639875411987305
9.496034622192383 22.871110916137695 -4.2430195808410645
9.790886878967285 23.12530517578125 -4.244532585144043
10.052874565124512 23.292186737060547 -4.2270331382751465
10.361090660095215 23.547168731689453 -4.223720073699951
10.582186698913574 23.60313606262207 -4.184850692749023
0.0 0.0 0.0
0.0 0.0 0.0
11.512332916259766 24.307634353637695 -4.153650283813477
11.827691078186035 24.523435592651367 -4.136036396026611
0.0 0.0 0.0
12.397375106811523 24.817184448242188 -4.074487686157227
12.85116958618164 25.283903121948242 -4.092965126037598
0.0 0.0 0.0
13.610815048217773 25.88078498840332 -4.069894790649414
13.935626029968262 26.049137115478516 -4.032220840454102
14.43067455291748 26.52853775024414 -4.04191255569458
14.6312255859375 26.45690155029297 -3.9664809703826904
0.0 0.0 0.0
0.0 0.0 0.0
16.004209518432617 27.5590877532959 -3.9209508895874023
0.0 0.0 0.0
0.0 0.0 0.0
0.0 0.0 0.0
0.0 0.0 0.0
0.0 0.0 0.0
0.0 0.0 0.0
0.0 0.0 0.0
0.0 0.0 0.0
0.0 0.0 0.0
0.0 0.0 0.0
0.0 0.0 0.0
0.0 0.0 0.0
0.0 0.0 0.0
0.0 0.0 0.0
25.182140350341797 34.50584411621094 -3.335905075073242
0.0 0.0 0.0
0.0 0.0 0.0
0.0 0.0 0.0
0.0 0.0 0.0
0.0 0.0 0.0
0.0 0.0 0.0
0.0 0.0 0.0
0.0 0.0 0.0
0.0 0.0 0.0
0.0 0.0 0.0
0.0 0.0 0.0
0.0 0.0 0.0
0.0 0.0 0.0
0.0 0.0 0.0
0.0 0.0 0.0
0.0 0.0 0.0
0.0 0.0 0.0
0.0 0.0 0.0
0.0 0.0 0.0
0.0 0.0 0.0
0.0 0.0 0.0
0.0 0.0 0.0
0.0 0.0 0.0
0.0 0.0 0.0
0.0 0.0 0.0
0.0 0.0 0.0
0.0 0.0 0.0
0.0 0.0 0.0
0.0 0.0 0.0
0.0 0.0 0.0
0.0 0.0 0.0
0.0 0.0 0.0
0.0 0.0 0.0
0.0 0.0 0.0
0.0 0.0 0.0
0.0 0.0 0.0
0.0 0.0 0.0
0.0 0.0 0.0
0.0 0.0 0.0
0.0 0.0 0.0
0.0 0.0 0.0
0.0 0.0 0.0
0.0 0.0 0.0
0.0 0.0 0.0
0.0 0.0 0.0
0.0 0.0 0.0
0.0 0.0 0.0
0.0 0.0 0.0
0.0 0.0 0.0
0.0 0.0 0.0
0.0 0.0 0.0
0.0 0.0 0.0
0.0 0.0 0.0
0.0 0.0 0.0
0.0 0.0 0.0
0.0 0.0 0.0
0.0 0.0 0.0
0.0 0.0 0.0
0.0 0.0 0.0
0.0 0.0 0.0
0.0 0.0 0.0
0.0 0.0 0.0
0.0 0.0 0.0
0.0 0.0 0.0
0.0 0.0 0.0
0.0 0.0 0.0
0.0 0.0 0.0
0.0 0.0 0.0
0.0 0.0 0.0
0.0 0.0 0.0
0.0 0.0 0.0
0.0 0.0 0.0
0.0 0.0 0.0
0.0 0.0 0.0
0.0 0.0 0.0
0.0 0.0 0.0
0.0 0.0 0.0
0.0 0.0 0.0
0.0 0.0 0.0
0.0 0.0 0.0
0.0 0.0 0.0
0.0 0.0 0.0
0.0 0.0 0.0
0.0 0.0 0.0
0.0 0.0 0.0
0.0 0.0 0.0
0.0 0.0 0.0
0.0 0.0 0.0
0.0 0.0 0.0
0.0 0.0 0.0
0.0 0.0 0.0
0.0 0.0 0.0
0.0 0.0 0.0
0.0 0.0 0.0
0.0 0.0 0.0
0.0 0.0 0.0
0.0 0.0 0.0
0.0 0.0 0.0
0.0 0.0 0.0
0.0 0.0 0.0
0.0 0.0 0.0
0.0 0.0 0.0
0.0 0.0 0.0
0.0 0.0 0.0
0.0 0.0 0.0
0.0 0.0 0.0
0.0 0.0 0.0
0.0 0.0 0.0
0.0 0.0 0.0
0.0 0.0 0.0
0.0 0.0 0.0
0.0 0.0 0.0
0.0 0.0 0.0
0.0 0.0 0.0
0.0 0.0 0.0
0.0 0.0 0.0
0.0 0.0 0.0
0.0 0.0 0.0
0.0 0.0 0.0
0.0 0.0 0.0
0.0 0.0 0.0
0.0 0.0 0.0
0.0 0.0 0.0
0.0 0.0 0.0
0.0 0.0 0.0
0.0 0.0 0.0
0.0 0.0 0.0
0.0 0.0 0.0
0.0 0.0 0.0
0.0 0.0 0.0
0.0 0.0 0.0
0.0 0.0 0.0
0.0 0.0 0.0
0.0 0.0 0.0
0.0 0.0 0.0
0.0 0.0 0.0
0.0 0.0 0.0
0.0 0.0 0.0
0.0 0.0 0.0
0.0 0.0 0.0
0.0 0.0 0.0
0.0 0.0 0.0
0.0 0.0 0.0
0.0 0.0 0.0
0.0 0.0 0.0
0.0 0.0 0.0
0.0 0.0 0.0
0.0 0.0 0.0
0.0 0.0 0.0
0.0 0.0 0.0
0.0 0.0 0.0
0.0 0.0 0.0
0.0 0.0 0.0
0.0 0.0 0.0
0.0 0.0 0.0
0.0 0.0 0.0
0.0 0.0 0.0
0.0 0.0 0.0
0.0 0.0 0.0
0.0 0.0 0.0
0.0 0.0 0.0
0.0 0.0 0.0
0.0 0.0 0.0
0.0 0.0 0.0
0.0 0.0 0.0
0.0 0.0 0.0
0.0 0.0 0.0
0.0 0.0 0.0
0.0 0.0 0.0
0.0 0.0 0.0
0.0 0.0 0.0
0.0 0.0 0.0
0.0 0.0 0.0
0.0 0.0 0.0
0.0 0.0 0.0
0.0 0.0 0.0
0.0 0.0 0.0
0.0 0.0 0.0
0.0 0.0 0.0
0.0 0.0 0.0
0.0 0.0 0.0
0.0 0.0 0.0
-148.5041046142578 206.93182373046875 -17.838075637817383
0.0 0.0 0.0
0.0 0.0 0.0
0.0 0.0 0.0
0.0 0.0 0.0
0.0 0.0 0.0
0.0 0.0 0.0
0.0 0.0 0.0
0.0 0.0 0.0
0.0 0.0 0.0
0.0 0.0 0.0
0.0 0.0 0.0
0.0 0.0 0.0
0.0 0.0 0.0
-14.67934799194336 25.368825912475586 -3.3450584411621094
0.0 0.0 0.0
0.0 0.0 0.0
0.0 0.0 0.0
0.0 0.0 0.0
0.0 0.0 0.0
-12.607491493225098 24.068174362182617 -3.558454751968384
0.0 0.0 0.0
0.0 0.0 0.0
0.0 0.0 0.0
0.0 0.0 0.0
0.0 0.0 0.0
0.0 0.0 0.0
0.0 0.0 0.0
-10.263338088989258 22.57364845275879 -3.7686171531677246
0.0 0.0 0.0
-9.798211097717285 22.372047424316406 -3.833566665649414
-9.565828323364258 22.269039154052734 -3.8655080795288086
0.0 0.0 0.0
0.0 0.0 0.0
0.0 0.0 0.0
-8.515597343444824 21.45383071899414 -3.9055259227752686
-8.290157318115234 21.325531005859375 -3.9273476600646973
0.0 0.0 0.0
0.0 0.0 0.0
-7.706608295440674 21.12209701538086 -4.015425682067871
0.0 0.0 0.0
-7.2839131355285645 20.87030792236328 -4.04909086227417
-7.073796272277832 20.73053550720215 -4.0603437423706055
-6.892869472503662 20.66899299621582 -4.086557865142822
-6.692775249481201 20.543935775756836 -4.099966526031494
-6.487776756286621 20.395442962646484 -4.107080459594727
-6.325016498565674 20.373638153076172 -4.137914657592773
-6.161550521850586 20.35477638244629 -4.169953346252441
-5.954442024230957 20.175992965698242 -4.168380260467529
-5.797821998596191 20.161184310913086 -4.199744701385498
-5.601809501647949 20.001691818237305 -4.198543071746826
-5.418233394622803 19.87748908996582 -4.204436779022217
-5.246906757354736 19.80035400390625 -4.220649719238281
-5.09675931930542 19.787967681884766 -4.249937057495117
-4.912517547607422 19.637840270996094 -4.246583938598633
-4.763090133666992 19.61988067626953 -4.271696090698242
-4.582632064819336 19.466901779174805 -4.267292022705078
-4.410592555999756 19.35009765625 -4.271076679229736
-4.296498775482178 19.47433853149414 -4.324962615966797
-4.113185882568359 19.28069496154785 -4.307698726654053
-3.966052532196045 19.246198654174805 -4.3258137702941895
-3.8090429306030273 19.158239364624023 -4.3319315910339355
-3.6656267642974854 19.14472007751465 -4.353143215179443
-3.5000765323638916 18.995195388793945 -4.341455459594727
-3.360856294631958 18.979412078857422 -4.360286235809326
-3.2142255306243896 18.91755485534668 -4.368636608123779
-3.073133945465088 18.881175994873047 -4.381509304046631
-2.930936098098755 18.848344802856445 -4.39312744140625
-2.7980122566223145 18.85558319091797 -4.41388463973999
-2.658067226409912 18.812904357910156 -4.4231276512146
-2.5205440521240234 18.780611038208008 -4.434365749359131
-2.3792271614074707 18.714153289794922 -4.434155464172363
-2.2457587718963623 18.70328140258789 -4.44724702835083
-2.1009647846221924 18.608535766601562 -4.440773010253906
-1.9722172021865845 18.629701614379883 -4.461830139160156
-1.835898995399475 18.575225830078125 -4.460995674133301
-1.7034454345703125 18.55390739440918 -4.467930316925049
-1.5711935758590698 18.527851104736328 -4.473886966705322
-1.4339932203292847 18.46312713623047 -4.470890522003174
-1.3082799911499023 18.51165199279785 -4.492042541503906
-1.178885817527771 18.51035499572754 -4.500003337860107
-1.0484981536865234 18.48920249938965 -4.503339767456055
-0.9190273880958557 18.478506088256836 -4.5094218254089355
-0.7850868701934814 18.41058921813965 -4.499699592590332
-0.6578865051269531 18.440771102905273 -4.511843204498291
-0.5273898839950562 18.36387062072754 -4.497985363006592
-0.4016561508178711 18.460538864135742 -4.526869773864746
-0.2730100154876709 18.439044952392578 -4.52569580078125
-0.14274463057518005 18.47814178466797 -4.536263942718506
-0.014089776203036308 18.485971450805664 -4.539364814758301
0.1143905371427536 18.470144271850586 -4.536873817443848
0.2434878945350647 18.506616592407227 -4.5470709800720215
0.3726317286491394 18.52422332763672 -4.548537254333496
0.5019297003746033 18.537134170532227 -4.549065589904785
0.6328266263008118 18.52633285522461 -4.543954849243164
0.7623567581176758 18.53742790222168 -4.544476509094238
0.887505829334259 18.453798294067383 -4.517988681793213
1.021561622619629 18.551311492919922 -4.535504341125488
1.15654718875885 18.64029312133789 -4.55108642578125
1.2891385555267334 18.641084671020508 -4.5452189445495605
1.4220761060714722 18.675827026367188 -4.544947147369385
1.5592715740203857 18.755367279052734 -4.55427885055542
1.687553882598877 18.720455169677734 -4.535995006561279
1.8318127393722534 18.85475730895996 -4.558884143829346
1.9699009656906128 18.88623809814453 -4.554847717285156
2.0977768898010254 18.84193992614746 -4.530562400817871
2.2498395442962646 19.004289627075195 -4.55607271194458
2.392300844192505 19.071218490600586 -4.5587639808654785
2.5273873805999756 19.0732364654541 -4.545137405395508
2.667769432067871 19.09360122680664 -4.532443523406982
2.799668073654175 19.068017959594727 -4.509338855743408
2.962451696395874 19.244565963745117 -4.534113883972168
3.104379892349243 19.27329444885254 -4.524049758911133
3.2588422298431396 19.373157501220703 -4.526880741119385
3.3978919982910156 19.374305725097656 -4.506701946258545
3.5570690631866455 19.471548080444336 -4.508634090423584
3.7184574604034424 19.58283233642578 -4.514105319976807
3.85644793510437 19.56637954711914 -4.487277984619141
4.028790473937988 19.71717071533203 -4.497946739196777
4.18275785446167 19.769594192504883 -4.486124515533447
4.3613786697387695 19.917285919189453 -4.495418548583984
4.51234769821167 19.941476821899414 -4.475275993347168
4.6658124923706055 19.972246170043945 -4.455050945281982
4.854808807373047 20.1466121673584 -4.46673059463501
5.023311614990234 20.22673988342285 -4.4573516845703125
5.204409122467041 20.338485717773438 -4.453306198120117
5.363297939300537 20.368412017822266 -4.429582595825195
5.582815647125244 20.618555068969727 -4.45346736907959
5.742683410644531 20.638227462768555 -4.42726993560791
5.942865371704102 20.796552658081055 -4.430502414703369
6.137433052062988 20.916337966918945 -4.421944618225098
6.312722682952881 20.97271728515625 -4.400374412536621
6.529602527618408 21.159486770629883 -4.405914783477783
6.67445707321167 21.106775283813477 -4.361440181732178
6.887392520904541 21.2650203704834 -4.357998847961426
7.1307172775268555 21.505178451538086 -4.370325088500977
7.313906669616699 21.54612159729004 -4.341102600097656
7.5305399894714355 21.68783950805664 -4.332603454589844
7.761192321777344 21.860477447509766 -4.328133583068848
7.938750743865967 21.875761032104492 -4.291289806365967
8.186358451843262 22.07694435119629 -4.290566921234131
8.453449249267578 22.310930252075195 -4.294790744781494
8.678352355957031 22.432342529296875 -4.276196002960205
0.0 0.0 0.0
9.173195838928223 22.765911102294922 -4.252252578735352
9.451836585998535 22.995113372802734 -4.250865936279297
9.72646713256836 23.19594383239746 -4.241758346557617
0.0 0.0 0.0
10.245444297790527 23.510589599609375 -4.204017639160156
0.0 0.0 0.0
10.771578788757324 23.808584213256836 -4.160003662109375
11.187956809997559 24.270051956176758 -4.187957286834717
11.429518699645996 24.347421646118164 -4.149319648742676
0.0 0.0 0.0
12.02869701385498 24.724994659423828 -4.1071319580078125
12.428008079528809 25.099884033203125 -4.113014221191406
12.657500267028809 25.121837615966797 -4.060032844543457
0.0 0.0 0.0
13.391944885253906 25.676427841186523 -4.031627655029297
13.805155754089355 26.025955200195312 -4.024964332580566
0.0 0.0 0.0
14.540401458740234 26.51472282409668 -3.974443197250366
14.948952674865723 26.809789657592773 -3.951969861984253
15.373300552368164 27.125503540039062 -3.930445671081543
15.789077758789062 27.413249969482422 -3.9031240940093994
0.0 0.0 0.0
0.0 0.0 0.0
0.0 0.0 0.0
0.0 0.0 0.0
0.0 0.0 0.0
0.0 0.0 0.0
0.0 0.0 0.0
0.0 0.0 0.0
0.0 0.0 0.0
0.0 0.0 0.0
0.0 0.0 0.0
0.0 0.0 0.0
0.0 0.0 0.0
0.0 0.0 0.0
0.0 0.0 0.0
0.0 0.0 0.0
0.0 0.0 0.0
0.0 0.0 0.0
0.0 0.0 0.0
0.0 0.0 0.0
0.0 0.0 0.0
0.0 0.0 0.0
0.0 0.0 0.0
0.0 0.0 0.0
0.0 0.0 0.0
0.0 0.0 0.0
0.0 0.0 0.0
0.0 0.0 0.0
0.0 0.0 0.0
0.0 0.0 0.0
0.0 0.0 0.0
0.0 0.0 0.0
0.0 0.0 0.0
0.0 0.0 0.0
0.0 0.0 0.0
0.0 0.0 0.0
0.0 0.0 0.0
0.0 0.0 0.0
0.0 0.0 0.0
0.0 0.0 0.0
0.0 0.0 0.0
0.0 0.0 0.0
0.0 0.0 0.0
0.0 0.0 0.0
0.0 0.0 0.0
0.0 0.0 0.0
0.0 0.0 0.0
0.0 0.0 0.0
0.0 0.0 0.0
0.0 0.0 0.0
0.0 0.0 0.0
0.0 0.0 0.0
0.0 0.0 0.0
0.0 0.0 0.0
0.0 0.0 0.0
0.0 0.0 0.0
0.0 0.0 0.0
0.0 0.0 0.0
0.0 0.0 0.0
0.0 0.0 0.0
0.0 0.0 0.0
0.0 0.0 0.0
0.0 0.0 0.0
0.0 0.0 0.0
0.0 0.0 0.0
0.0 0.0 0.0
0.0 0.0 0.0
0.0 0.0 0.0
0.0 0.0 0.0
0.0 0.0 0.0
0.0 0.0 0.0
0.0 0.0 0.0
0.0 0.0 0.0
0.0 0.0 0.0
0.0 0.0 0.0
0.0 0.0 0.0
0.0 0.0 0.0
0.0 0.0 0.0
0.0 0.0 0.0
0.0 0.0 0.0
0.0 0.0 0.0
0.0 0.0 0.0
0.0 0.0 0.0
0.0 0.0 0.0
0.0 0.0 0.0
0.0 0.0 0.0
0.0 0.0 0.0
0.0 0.0 0.0
0.0 0.0 0.0
0.0 0.0 0.0
0.0 0.0 0.0
0.0 0.0 0.0
0.0 0.0 0.0
0.0 0.0 0.0
0.0 0.0 0.0
0.0 0.0 0.0
0.0 0.0 0.0
0.0 0.0 0.0
0.0 0.0 0.0
0.0 0.0 0.0
0.0 0.0 0.0
0.0 0.0 0.0
0.0 0.0 0.0
0.0 0.0 0.0
0.0 0.0 0.0
0.0 0.0 0.0
0.0 0.0 0.0
0.0 0.0 0.0
0.0 0.0 0.0
0.0 0.0 0.0
0.0 0.0 0.0
0.0 0.0 0.0
0.0 0.0 0.0
0.0 0.0 0.0
0.0 0.0 0.0
0.0 0.0 0.0
0.0 0.0 0.0
0.0 0.0 0.0
0.0 0.0 0.0
0.0 0.0 0.0
0.0 0.0 0.0
0.0 0.0 0.0
0.0 0.0 0.0
0.0 0.0 0.0
0.0 0.0 0.0
0.0 0.0 0.0
0.0 0.0 0.0
0.0 0.0 0.0
0.0 0.0 0.0
0.0 0.0 0.0
0.0 0.0 0.0
0.0 0.0 0.0
0.0 0.0 0.0
0.0 0.0 0.0
0.0 0.0 0.0
0.0 0.0 0.0
0.0 0.0 0.0
0.0 0.0 0.0
0.0 0.0 0.0
0.0 0.0 0.0
0.0 0.0 0.0
0.0 0.0 0.0
0.0 0.0 0.0
0.0 0.0 0.0
0.0 0.0 0.0
0.0 0.0 0.0
0.0 0.0 0.0
0.0 0.0 0.0
0.0 0.0 0.0
0.0 0.0 0.0
0.0 0.0 0.0
0.0 0.0 0.0
0.0 0.0 0.0
0.0 0.0 0.0
0.0 0.0 0.0
0.0 0.0 0.0
0.0 0.0 0.0
0.0 0.0 0.0
0.0 0.0 0.0
0.0 0.0 0.0
0.0 0.0 0.0
0.0 0.0 0.0
0.0 0.0 0.0
0.0 0.0 0.0
0.0 0.0 0.0
0.0 0.0 0.0
0.0 0.0 0.0
0.0 0.0 0.0
0.0 0.0 0.0
0.0 0.0 0.0
0.0 0.0 0.0
0.0 0.0 0.0
0.0 0.0 0.0
0.0 0.0 0.0
0.0 0.0 0.0
0.0 0.0 0.0
0.0 0.0 0.0
0.0 0.0 0.0
0.0 0.0 0.0
0.0 0.0 0.0
0.0 0.0 0.0
0.0 0.0 0.0
0.0 0.0 0.0
0.0 0.0 0.0
0.0 0.0 0.0
0.0 0.0 0.0
0.0 0.0 0.0
0.0 0.0 0.0
0.0 0.0 0.0
0.0 0.0 0.0
0.0 0.0 0.0
0.0 0.0 0.0
0.0 0.0 0.0
0.0 0.0 0.0
0.0 0.0 0.0
0.0 0.0 0.0
0.0 0.0 0.0
0.0 0.0 0.0
0.0 0.0 0.0
0.0 0.0 0.0
0.0 0.0 0.0
0.0 0.0 0.0
0.0 0.0 0.0
0.0 0.0 0.0
0.0 0.0 0.0
-16.931364059448242 26.828617095947266 -3.0935044288635254
0.0 0.0 0.0
0.0 0.0 0.0
0.0 0.0 0.0
0.0 0.0 0.0
0.0 0.0 0.0
0.0 0.0 0.0
0.0 0.0 0.0
0.0 0.0 0.0
0.0 0.0 0.0
0.0 0.0 0.0
0.0 0.0 0.0
0.0 0.0 0.0
0.0 0.0 0.0
-11.88110065460205 23.677717208862305 -3.6250216960906982
0.0 0.0 0.0
0.0 0.0 0.0
0.0 0.0 0.0
0.0 0.0 0.0
-10.49075984954834 22.86127471923828 -3.764801025390625
0.0 0.0 0.0
0.0 0.0 0.0
0.0 0.0 0.0
0.0 0.0 0.0
0.0 0.0 0.0
-8.885140419006348 21.723388671875 -3.8577699661254883
-8.70874309539795 21.722719192504883 -3.9026970863342285
-8.474825859069824 21.573806762695312 -3.919883966445923
0.0 0.0 0.0
-8.023600578308105 21.291412353515625 -3.95207142829895
0.0 0.0 0.0
0.0 0.0 0.0
0.0 0.0 0.0
0.0 0.0 0.0
-7.054565906524658 20.905498504638672 -4.078554153442383
-6.863921165466309 20.82624626159668 -4.102121353149414
-6.610414505004883 20.5368595123291 -4.080565929412842
-6.4429850578308105 20.50501823425293 -4.109700679779053
-6.260572910308838 20.420480728149414 -4.128150463104248
-6.078709125518799 20.330705642700195 -4.145284652709961
-5.888715744018555 20.206802368164062 -4.152681350708008
-5.699483871459961 20.085573196411133 -4.160505294799805
-5.548314571380615 20.084020614624023 -4.192478656768799
-5.37969446182251 20.01471710205078 -4.210269927978516
-5.210305690765381 19.93705940246582 -4.224234104156494
-5.044332027435303 19.86561393737793 -4.238380432128906
-4.863370895385742 19.737634658813477 -4.240826606750488
-4.707419395446777 19.693199157714844 -4.260568141937256
-4.540073394775391 19.595760345458984 -4.267350673675537
-4.377777576446533 19.512264251708984 -4.27517032623291
-4.231451988220215 19.49466323852539 -4.2974395751953125
-4.085456848144531 19.487552642822266 -4.322615146636963
-3.9240915775299072 19.38933753967285 -4.326380252838135
-3.77487850189209 19.34282684326172 -4.338801860809326
-3.608187675476074 19.197731018066406 -4.329049110412598
-3.4605209827423096 19.145139694213867 -4.340111255645752
-3.3305187225341797 19.20060920715332 -4.376214981079102
-3.1647274494171143 19.030149459838867 -4.356750965118408
-3.029029607772827 19.031463623046875 -4.376513481140137
-2.874434232711792 18.907567977905273 -4.367558002471924
-2.7431538105010986 18.929428100585938 -4.39232873916626
-2.5967814922332764 18.84160041809082 -4.388955116271973
-2.4726197719573975 18.930490493774414 -4.426147937774658
-2.3203330039978027 18.780424118041992 -4.407320976257324
-2.1890456676483154 18.791685104370117 -4.426445484161377
-2.0491445064544678 18.723081588745117 -4.424823760986328
-1.926168441772461 18.80901527404785 -4.457789897918701
-1.7881799936294556 18.773164749145508 -4.462364196777344
-1.6461387872695923 18.656667709350586 -4.447637557983398
-1.516492247581482 18.671972274780273 -4.463305473327637
-1.3822126388549805 18.622657775878906 -4.460503578186035
-1.253024935722351 18.63682746887207 -4.473099231719971
-1.1227338314056396 18.672935485839844 -4.491368770599365
-0.9903159737586975 18.632238388061523 -4.491001129150391
-0.8602645993232727 18.629539489746094 -4.495607376098633
-0.7295548319816589 18.606962203979492 -4.495624542236328
-0.5983442664146423 18.55690574645996 -4.489196300506592
-0.46564215421676636 18.509761810302734 -4.483765602111816
-0.3377954065799713 18.561216354370117 -4.498536109924316
-0.20922166109085083 18.608171463012695 -4.51163911819458
-0.07998758554458618 18.68079948425293 -4.531200408935547
0.049987707287073135 18.70697593688965 -4.53972053527832
0.1793190836906433 18.6265811920166 -4.519887924194336
0.31157565116882324 18.655771255493164 -4.524946212768555
0.4409738779067993 18.638521194458008 -4.518992900848389
0.5713092088699341 18.658323287963867 -4.52224063873291
0.7046951055526733 18.749671936035156 -4.541382312774658
0.8340843319892883 18.72313690185547 -4.529348850250244
0.9662662744522095 18.710783004760742 -4.520878314971924
1.0964144468307495 18.705183029174805 -4.514360427856445
1.2286856174468994 18.72913360595703 -4.514520645141602
1.3642584085464478 18.794702529907227 -4.52105712890625
1.4944742918014526 18.779775619506836 -4.50841760635376
1.63018798828125 18.801633834838867 -4.5046586990356445
1.7739876508712769 18.92861557006836 -4.5263800621032715
1.9051331281661987 18.91173553466797 -4.509885311126709
2.0442965030670166 18.9695987701416 -4.511043071746826
2.182190179824829 19.007568359375 -4.507611274719238
2.3381645679473877 19.168895721435547 -4.533300399780273
2.472057580947876 19.156349182128906 -4.515270709991455
2.606868028640747 19.15068817138672 -4.497757434844971
2.755347728729248 19.238222122192383 -4.502243518829346
2.8948471546173096 19.25690269470215 -4.4907402992248535
3.052615165710449 19.387760162353516 -4.503751277923584
3.217926502227783 19.536367416381836 -4.518217086791992
3.338632345199585 19.4249210357666 -4.473022937774658
3.501436233520508 19.556488037109375 -4.483973979949951
3.6586098670959473 19.645706176757812 -4.484457969665527
3.8114590644836426 19.704410552978516 -4.474978446960449
3.982078790664673 19.832595825195312 -4.480823516845703
4.131974220275879 19.862707138061523 -4.464910984039307
4.288101673126221 19.917795181274414 -4.454684734344482
4.448705673217773 19.987218856811523 -4.444494724273682
4.628604888916016 20.133546829223633 -4.451074600219727
4.800849914550781 20.225906372070312 -4.445130825042725
4.9448041915893555 20.206016540527344 -4.415044784545898
5.135428428649902 20.370874404907227 -4.422901630401611
5.306512832641602 20.449207305908203 -4.410770893096924
5.476963996887207 20.518766403198242 -4.396671772003174
5.699728965759277 20.763521194458008 -4.4193010330200195
5.872986316680908 20.826570510864258 -4.402059078216553
6.0575761795043945 20.921491622924805 -4.3897318840026855
6.232714653015137 20.97818946838379 -4.369297504425049
6.44914436340332 21.165420532226562 -4.3757829666137695
6.636810302734375 21.240434646606445 -4.357480049133301
6.831295013427734 21.340595245361328 -4.34250545501709
7.034667491912842 21.46096420288086 -4.331363201141357
7.241274356842041 21.583209991455078 -4.320277690887451
7.46470308303833 21.747285842895508 -4.317155361175537
7.680125713348389 21.876983642578125 -4.304124355316162
7.920148849487305 22.05812644958496 -4.299987316131592
8.123272895812988 22.136859893798828 -4.2761664390563965
8.394017219543457 22.390243530273438 -4.2855401039123535
8.586968421936035 22.429676055908203 -4.251605987548828
8.865029335021973 22.68252182006836 -4.257247447967529
9.142630577087402 22.91390609741211 -4.257265090942383
9.355751037597656 22.98309898376465 -4.227344036102295
9.596811294555664 23.114778518676758 -4.206787109375
9.908089637756348 23.403932571411133 -4.213299751281738
10.141414642333984 23.498863220214844 -4.184065341949463
10.478853225708008 23.81648063659668 -4.192816257476807
10.733101844787598 23.941951751708984 -4.166227340698242
10.964704513549805 24.008705139160156 -4.127971172332764
11.33597183227539 24.370975494384766 -4.139612197875977
11.51302719116211 24.30698013305664 -4.078096866607666
11.94532585144043 24.766353607177734 -4.101268291473389
0.0 0.0 0.0
0.0 0.0 0.0
0.0 0.0 0.0
13.300015449523926 25.723995208740234 -4.032712459564209
13.604140281677246 25.869131088256836 -3.995675802230835
13.92161750793457 26.0233097076416 -3.9580442905426025
0.0 0.0 0.0
0.0 0.0 0.0
15.22963809967041 27.09416389465332 -3.9263007640838623
15.589923858642578 27.289203643798828 -3.887655735015869
0.0 0.0 0.0
16.591472625732422 28.121597290039062 -3.862816333770752
0.0 0.0 0.0
0.0 0.0 0.0
0.0 0.0 0.0
0.0 0.0 0.0
18.783987045288086 29.441707611083984 -3.6455512046813965
0.0 0.0 0.0
0.0 0.0 0.0
0.0 0.0 0.0
0.0 0.0 0.0
0.0 0.0 0.0
0.0 0.0 0.0
0.0 0.0 0.0
24.422794342041016 33.955810546875 -3.3541581630706787
0.0 0.0 0.0
0.0 0.0 0.0
0.0 0.0 0.0
0.0 0.0 0.0
0.0 0.0 0.0
0.0 0.0 0.0
0.0 0.0 0.0
0.0 0.0 0.0
0.0 0.0 0.0
0.0 0.0 0.0
0.0 0.0 0.0
0.0 0.0 0.0
0.0 0.0 0.0
0.0 0.0 0.0
0.0 0.0 0.0
0.0 0.0 0.0
0.0 0.0 0.0
0.0 0.0 0.0
0.0 0.0 0.0
0.0 0.0 0.0
0.0 0.0 0.0
0.0 0.0 0.0
0.0 0.0 0.0
0.0 0.0 0.0
0.0 0.0 0.0
0.0 0.0 0.0
0.0 0.0 0.0
0.0 0.0 0.0
0.0 0.0 0.0
0.0 0.0 0.0
0.0 0.0 0.0
77.47991943359375 173.79957580566406 38.91694259643555
0.0 0.0 0.0
0.0 0.0 0.0
0.0 0.0 0.0
0.0 0.0 0.0
0.0 0.0 0.0
0.0 0.0 0.0
0.0 0.0 0.0
0.0 0.0 0.0
0.0 0.0 0.0
0.0 0.0 0.0
0.0 0.0 0.0
0.0 0.0 0.0
0.0 0.0 0.0
0.0 0.0 0.0
0.0 0.0 0.0
0.0 0.0 0.0
0.0 0.0 0.0
0.0 0.0 0.0
0.0 0.0 0.0
0.0 0.0 0.0
0.0 0.0 0.0
0.0 0.0 0.0
0.0 0.0 0.0
0.0 0.0 0.0
0.0 0.0 0.0
0.0 0.0 0.0
0.0 0.0 0.0
0.0 0.0 0.0
0.0 0.0 0.0
0.0 0.0 0.0
0.0 0.0 0.0
0.0 0.0 0.0
0.0 0.0 0.0
0.0 0.0 0.0
0.0 0.0 0.0
0.0 0.0 0.0
0.0 0.0 0.0
0.0 0.0 0.0
0.0 0.0 0.0
0.0 0.0 0.0
0.0 0.0 0.0
0.0 0.0 0.0
0.0 0.0 0.0
0.0 0.0 0.0
0.0 0.0 0.0
0.0 0.0 0.0
0.0 0.0 0.0
0.0 0.0 0.0
0.0 0.0 0.0
0.0 0.0 0.0
0.0 0.0 0.0
0.0 0.0 0.0
0.0 0.0 0.0
0.0 0.0 0.0
0.0 0.0 0.0
0.0 0.0 0.0
0.0 0.0 0.0
0.0 0.0 0.0
0.0 0.0 0.0
0.0 0.0 0.0
0.0 0.0 0.0
0.0 0.0 0.0
0.0 0.0 0.0
0.0 0.0 0.0
0.0 0.0 0.0
0.0 0.0 0.0
0.0 0.0 0.0
0.0 0.0 0.0
0.0 0.0 0.0
0.0 0.0 0.0
0.0 0.0 0.0
0.0 0.0 0.0
0.0 0.0 0.0
0.0 0.0 0.0
0.0 0.0 0.0
0.0 0.0 0.0
0.0 0.0 0.0
0.0 0.0 0.0
0.0 0.0 0.0
0.0 0.0 0.0
0.0 0.0 0.0
0.0 0.0 0.0
0.0 0.0 0.0
0.0 0.0 0.0
0.0 0.0 0.0
0.0 0.0 0.0
0.0 0.0 0.0
0.0 0.0 0.0
0.0 0.0 0.0
0.0 0.0 0.0
0.0 0.0 0.0
0.0 0.0 0.0
0.0 0.0 0.0
0.0 0.0 0.0
0.0 0.0 0.0
0.0 0.0 0.0
0.0 0.0 0.0
0.0 0.0 0.0
0.0 0.0 0.0
0.0 0.0 0.0
0.0 0.0 0.0
0.0 0.0 0.0
0.0 0.0 0.0
0.0 0.0 0.0
0.0 0.0 0.0
0.0 0.0 0.0
0.0 0.0 0.0
0.0 0.0 0.0
0.0 0.0 0.0
0.0 0.0 0.0
0.0 0.0 0.0
0.0 0.0 0.0
0.0 0.0 0.0
0.0 0.0 0.0
0.0 0.0 0.0
0.0 0.0 0.0
0.0 0.0 0.0
0.0 0.0 0.0
0.0 0.0 0.0
0.0 0.0 0.0
0.0 0.0 0.0
0.0 0.0 0.0
0.0 0.0 0.0
0.0 0.0 0.0
0.0 0.0 0.0
0.0 0.0 0.0
0.0 0.0 0.0
0.0 0.0 0.0
0.0 0.0 0.0
0.0 0.0 0.0
0.0 0.0 0.0
0.0 0.0 0.0
0.0 0.0 0.0
0.0 0.0 0.0
0.0 0.0 0.0
0.0 0.0 0.0
0.0 0.0 0.0
0.0 0.0 0.0
0.0 0.0 0.0
0.0 0.0 0.0
0.0 0.0 0.0
0.0 0.0 0.0
0.0 0.0 0.0
0.0 0.0 0.0
0.0 0.0 0.0
0.0 0.0 0.0
0.0 0.0 0.0
0.0 0.0 0.0
0.0 0.0 0.0
0.0 0.0 0.0
0.0 0.0 0.0
0.0 0.0 0.0
0.0 0.0 0.0
0.0 0.0 0.0
0.0 0.0 0.0
0.0 0.0 0.0
0.0 0.0 0.0
0.0 0.0 0.0
0.0 0.0 0.0
-17.603565216064453 27.67835807800293 -3.110300302505493
0.0 0.0 0.0
0.0 0.0 0.0
0.0 0.0 0.0
0.0 0.0 0.0
0.0 0.0 0.0
0.0 0.0 0.0
0.0 0.0 0.0
0.0 0.0 0.0
-13.656192779541016 24.786056518554688 -3.410632610321045
0.0 0.0 0.0
0.0 0.0 0.0
0.0 0.0 0.0
0.0 0.0 0.0
0.0 0.0 0.0
0.0 0.0 0.0
0.0 0.0 0.0
0.0 0.0 0.0
-10.942418098449707 23.206077575683594 -3.699331760406494
0.0 0.0 0.0
0.0 0.0 0.0
-10.093902587890625 22.617673873901367 -3.754406690597534
-9.881806373596191 22.56217384338379 -3.7944741249084473
0.0 0.0 0.0
-9.327088356018066 22.138397216796875 -3.8163340091705322
0.0 0.0 0.0
-8.902444839477539 21.981534957885742 -3.880662441253662
-8.656159400939941 21.809316635131836 -3.89336895942688
-8.446715354919434 21.72892189025879 -3.9225053787231445
0.0 0.0 0.0
0.0 0.0 0.0
-7.730158805847168 21.185409545898438 -3.947479009628296
-7.5641255378723145 21.187299728393555 -3.9871931076049805
0.0 0.0 0.0
-7.129845142364502 20.89316749572754 -4.010271072387695
0.0 0.0 0.0
-6.771127700805664 20.784961700439453 -4.06257963180542
-6.565633773803711 20.640853881835938 -4.070363998413086
-6.386385917663574 20.571922302246094 -4.092674255371094
-6.217031955718994 20.539091110229492 -4.121281623840332
-6.008827209472656 20.361059188842773 -4.1184844970703125
-5.829006195068359 20.26959800720215 -4.132822036743164
-5.672455787658691 20.25413703918457 -4.1625800132751465
-5.464905738830566 20.04915428161621 -4.152336597442627
-5.343474864959717 20.165334701538086 -4.206920146942139
-5.141115665435791 19.96135711669922 -4.194161891937256
-5.012304306030273 20.037803649902344 -4.24029016494751
-4.838429927825928 19.931217193603516 -4.247622013092041
-4.639418601989746 19.70841407775879 -4.226734638214111
-4.488013744354248 19.689355850219727 -4.24984073638916
-4.318204402923584 19.571680068969727 -4.251134872436523
-4.190764427185059 19.643199920654297 -4.293636322021484
-4.018890857696533 19.50116539001465 -4.286653518676758
-3.8788461685180664 19.5076961517334 -4.311664581298828
-3.7123067378997803 19.38606834411621 -4.308749675750732
-3.560225248336792 19.319103240966797 -4.317539215087891
-3.4161128997802734 19.288938522338867 -4.332537651062012
-3.270720958709717 19.246763229370117 -4.34332799911499
-3.113832473754883 19.128253936767578 -4.336899757385254
-2.977431297302246 19.144386291503906 -4.361440181732178
-2.8316941261291504 19.080368041992188 -4.366281986236572
-2.691627025604248 19.049793243408203 -4.376283645629883
-2.5603694915771484 19.07857322692871 -4.400089263916016
-2.413954973220825 18.98933982849121 -4.39681339263916
-2.265608310699463 18.872636795043945 -4.386959075927734
-2.1345114707946777 18.910938262939453 -4.409374237060547
-1.996425986289978 18.86489486694336 -4.412091255187988
-1.8602077960968018 18.829212188720703 -4.4173736572265625
-1.7256267070770264 18.803913116455078 -4.4252495765686035
-1.58920419216156 18.748085021972656 -4.422684669494629
-1.4577935934066772 18.774974822998047 -4.439246654510498
-1.3252345323562622 18.755311965942383 -4.444831371307373
-1.196400761604309 18.787818908691406 -4.462996482849121
-1.0595943927764893 18.68720245361328 -4.447154998779297
-0.9313892722129822 18.734071731567383 -4.464717864990234
-0.7969381213188171 18.696590423583984 -4.462501525878906
-0.6652701497077942 18.661901473999023 -4.461036682128906
-0.5356006622314453 18.67221450805664 -4.468959331512451
-0.4066181480884552 18.71648406982422 -4.482234001159668
-0.2765408456325531 18.725669860839844 -4.487331390380859
-0.14362189173698425 18.6845760345459 -4.480648517608643
-0.013724036514759064 18.756624221801758 -4.5007643699646
0.11642248183488846 18.707128524780273 -4.487907886505127
0.2469426542520523 18.747886657714844 -4.496922492980957
0.37794438004493713 18.77634048461914 -4.503199100494385
0.5085977911949158 18.781099319458008 -4.50400972366333
0.6429423689842224 18.819927215576172 -4.509279727935791
0.7739265561103821 18.81625747680664 -4.504017353057861
0.9052557349205017 18.819263458251953 -4.5005693435668945
1.039659023284912 18.878265380859375 -4.5107197761535645
1.1684321165084839 18.83074188232422 -4.49285888671875
0.0 0.0 0.0
1.4455301761627197 18.98378562927246 -4.513377666473389
1.5849653482437134 19.06266212463379 -4.524489879608154
1.7164443731307983 19.03866958618164 -4.509661674499512
1.8548897504806519 19.09007453918457 -4.510158538818359
1.9997063875198364 19.17055320739746 -4.5174431800842285
2.136733055114746 19.189664840698242 -4.510612487792969
2.2798311710357666 19.257055282592773 -4.514703750610352
2.416149377822876 19.259990692138672 -4.500189304351807
2.548759937286377 19.231752395629883 -4.47859525680542
2.6937739849090576 19.277753829956055 -4.474237442016602
2.8451530933380127 19.37566375732422 -4.482253074645996
2.992771625518799 19.439348220825195 -4.478799343109131
3.1414458751678467 19.502016067504883 -4.4747514724731445
3.3094723224639893 19.672548294067383 -4.495419502258301
3.4497435092926025 19.66904640197754 -4.476349353790283
3.603003740310669 19.720911026000977 -4.467339038848877
3.749738931655884 19.746021270751953 -4.451391696929932
3.9036359786987305 19.803722381591797 -4.442875862121582
4.0791473388671875 19.96118927001953 -4.456681728363037
4.225499629974365 19.968141555786133 -4.435491561889648
4.405527591705322 20.11581802368164 -4.4428229331970215
4.56857442855835 20.18793487548828 -4.433776378631592
4.717193126678467 20.191795349121094 -4.4098029136657715
4.914421558380127 20.395267486572266 -4.428930759429932
5.0821332931518555 20.463972091674805 -4.415567398071289
5.232649326324463 20.449317932128906 -4.383806228637695
5.442123889923096 20.6671199798584 -4.402216911315918
5.637909412384033 20.820293426513672 -4.406489849090576
5.754923343658447 20.68097496032715 -4.346356391906738
5.977542877197266 20.916597366333008 -4.364642143249512
6.171924591064453 21.03194808959961 -4.356858730316162
6.368867874145508 21.157306671142578 -4.351465225219727
6.593816757202148 21.365612030029297 -4.360912799835205
6.781639099121094 21.444080352783203 -4.342471122741699
7.033696174621582 21.714384078979492 -4.36237096786499
7.2256927490234375 21.7893123626709 -4.342590808868408
7.397087574005127 21.78935432434082 -4.306103229522705
7.616738319396973 21.93415641784668 -4.297111511230469
7.842796802520752 22.087812423706055 -4.289365291595459
8.094819068908691 22.304519653320312 -4.293325901031494
8.338086128234863 22.486583709716797 -4.289439678192139
8.48674488067627 22.399524688720703 -4.231316089630127
0.0 0.0 0.0
9.088343620300293 23.0152587890625 -4.2638750076293945
9.331886291503906 23.159889221191406 -4.248439311981201
9.493382453918457 23.095849990844727 -4.192332744598389
9.788564682006836 23.34222412109375 -4.191384315490723
10.045251846313477 23.494646072387695 -4.173602104187012
10.306260108947754 23.64812469482422 -4.155346870422363
10.564691543579102 23.789140701293945 -4.132167339324951
10.86092472076416 24.00494384765625 -4.12110710144043
11.267276763916016 24.44097328186035 -4.145570755004883
11.501608848571777 24.49990463256836 -4.105881690979004
11.853503227233887 24.801252365112305 -4.103837966918945
0.0 0.0 0.0
12.423590660095215 25.091157913208008 -4.0446553230285645
0.0 0.0 0.0
13.093300819396973 25.537776947021484 -4.003577709197998
0.0 0.0 0.0
13.873852729797363 26.15672492980957 -3.982154369354248
14.282050132751465 26.480823516845703 -3.9710559844970703
14.69282054901123 26.793601989746094 -3.9539966583251953
0.0 0.0 0.0
15.441344261169434 27.24233627319336 -3.888214588165283
0.0 0.0 0.0
16.331666946411133 27.902788162231445 -3.843578577041626
16.762168884277344 28.18751335144043 -3.8112125396728516
0.0 0.0 0.0
0.0 0.0 0.0
0.0 0.0 0.0
0.0 0.0 0.0
0.0 0.0 0.0
0.0 0.0 0.0
20.64696502685547 31.14742660522461 -3.607672691345215
0.0 0.0 0.0
0.0 0.0 0.0
0.0 0.0 0.0
0.0 0.0 0.0
0.0 0.0 0.0
0.0 0.0 0.0
0.0 0.0 0.0
0.0 0.0 0.0
0.0 0.0 0.0
0.0 0.0 0.0
0.0 0.0 0.0
0.0 0.0 0.0
0.0 0.0 0.0
0.0 0.0 0.0
0.0 0.0 0.0
0.0 0.0 0.0
0.0 0.0 0.0
0.0 0.0 0.0
0.0 0.0 0.0
0.0 0.0 0.0
0.0 0.0 0.0
0.0 0.0 0.0
0.0 0.0 0.0
0.0 0.0 0.0
0.0 0.0 0.0
0.0 0.0 0.0
0.0 0.0 0.0
0.0 0.0 0.0
0.0 0.0 0.0
0.0 0.0 0.0
0.0 0.0 0.0
0.0 0.0 0.0
0.0 0.0 0.0
0.0 0.0 0.0
0.0 0.0 0.0
0.0 0.0 0.0
0.0 0.0 0.0
0.0 0.0 0.0
0.0 0.0 0.0
0.0 0.0 0.0
0.0 0.0 0.0
0.0 0.0 0.0
0.0 0.0 0.0
0.0 0.0 0.0
0.0 0.0 0.0
0.0 0.0 0.0
0.0 0.0 0.0
0.0 0.0 0.0
0.0 0.0 0.0
0.0 0.0 0.0
0.0 0.0 0.0
0.0 0.0 0.0
0.0 0.0 0.0
0.0 0.0 0.0
0.0 0.0 0.0
0.0 0.0 0.0
0.0 0.0 0.0
0.0 0.0 0.0
0.0 0.0 0.0
0.0 0.0 0.0
0.0 0.0 0.0
0.0 0.0 0.0
0.0 0.0 0.0
0.0 0.0 0.0
0.0 0.0 0.0
0.0 0.0 0.0
0.0 0.0 0.0
0.0 0.0 0.0
0.0 0.0 0.0
0.0 0.0 0.0
0.0 0.0 0.0
0.0 0.0 0.0
0.0 0.0 0.0
0.0 0.0 0.0
0.0 0.0 0.0
0.0 0.0 0.0
0.0 0.0 0.0
0.0 0.0 0.0
0.0 0.0 0.0
0.0 0.0 0.0
0.0 0.0 0.0
0.0 0.0 0.0
0.0 0.0 0.0
0.0 0.0 0.0
0.0 0.0 0.0
0.0 0.0 0.0
0.0 0.0 0.0
0.0 0.0 0.0
0.0 0.0 0.0
0.0 0.0 0.0
0.0 0.0 0.0
0.0 0.0 0.0
0.0 0.0 0.0
0.0 0.0 0.0
0.0 0.0 0.0
0.0 0.0 0.0
0.0 0.0 0.0
0.0 0.0 0.0
0.0 0.0 0.0
0.0 0.0 0.0
0.0 0.0 0.0
0.0 0.0 0.0
0.0 0.0 0.0
0.0 0.0 0.0
0.0 0.0 0.0
0.0 0.0 0.0
0.0 0.0 0.0
0.0 0.0 0.0
0.0 0.0 0.0
0.0 0.0 0.0
0.0 0.0 0.0
0.0 0.0 0.0
0.0 0.0 0.0
0.0 0.0 0.0
0.0 0.0 0.0
0.0 0.0 0.0
0.0 0.0 0.0
0.0 0.0 0.0
0.0 0.0 0.0
0.0 0.0 0.0
0.0 0.0 0.0
0.0 0.0 0.0
0.0 0.0 0.0
0.0 0.0 0.0
0.0 0.0 0.0
0.0 0.0 0.0
0.0 0.0 0.0
0.0 0.0 0.0
0.0 0.0 0.0
0.0 0.0 0.0
0.0 0.0 0.0
0.0 0.0 0.0
0.0 0.0 0.0
0.0 0.0 0.0
0.0 0.0 0.0
0.0 0.0 0.0
0.0 0.0 0.0
0.0 0.0 0.0
0.0 0.0 0.0
0.0 0.0 0.0
0.0 0.0 0.0
0.0 0.0 0.0
0.0 0.0 0.0
0.0 0.0 0.0
0.0 0.0 0.0
0.0 0.0 0.0
0.0 0.0 0.0
0.0 0.0 0.0
0.0 0.0 0.0
0.0 0.0 0.0
0.0 0.0 0.0
0.0 0.0 0.0
0.0 0.0 0.0
0.0 0.0 0.0
0.0 0.0 0.0
0.0 0.0 0.0
0.0 0.0 0.0
0.0 0.0 0.0
0.0 0.0 0.0
0.0 0.0 0.0
0.0 0.0 0.0
0.0 0.0 0.0
0.0 0.0 0.0
0.0 0.0 0.0
0.0 0.0 0.0
0.0 0.0 0.0
0.0 0.0 0.0
0.0 0.0 0.0
0.0 0.0 0.0
0.0 0.0 0.0
0.0 0.0 0.0
0.0 0.0 0.0
0.0 0.0 0.0
0.0 0.0 0.0
0.0 0.0 0.0
0.0 0.0 0.0
0.0 0.0 0.0
0.0 0.0 0.0
0.0 0.0 0.0
0.0 0.0 0.0
0.0 0.0 0.0
0.0 0.0 0.0
0.0 0.0 0.0
0.0 0.0 0.0
0.0 0.0 0.0
0.0 0.0 0.0
0.0 0.0 0.0
0.0 0.0 0.0
0.0 0.0 0.0
0.0 0.0 0.0
0.0 0.0 0.0
0.0 0.0 0.0
0.0 0.0 0.0
0.0 0.0 0.0
0.0 0.0 0.0
0.0 0.0 0.0
0.0 0.0 0.0
0.0 0.0 0.0
0.0 0.0 0.0
0.0 0.0 0.0
0.0 0.0 0.0
0.0 0.0 0.0
-14.63986587524414 25.50686264038086 -3.330997943878174
-14.413715362548828 25.522504806518555 -3.399641513824463
0.0 0.0 0.0
0.0 0.0 0.0
-13.265713691711426 24.68892478942871 -3.4783616065979004
-12.989553451538086 24.584239959716797 -3.5239968299865723
0.0 0.0 0.0
0.0 0.0 0.0
-11.923905372619629 23.764856338500977 -3.5777499675750732
0.0 0.0 0.0
0.0 0.0 0.0
0.0 0.0 0.0
0.0 0.0 0.0
-10.545632362365723 22.97852325439453 -3.7174177169799805
0.0 0.0 0.0
0.0 0.0 0.0
0.0 0.0 0.0
-9.54140567779541 22.425233840942383 -3.8182570934295654
0.0 0.0 0.0
-9.061897277832031 22.158815383911133 -3.864119529724121
0.0 0.0 0.0
-8.576061248779297 21.832569122314453 -3.892571449279785
0.0 0.0 0.0
0.0 0.0 0.0
-7.956344127655029 21.575407028198242 -3.9704458713531494
0.0 0.0 0.0
-7.478369235992432 21.181934356689453 -3.976163625717163
-7.317818641662598 21.19659996032715 -4.017335414886475
0.0 0.0 0.0
-6.910883903503418 20.967872619628906 -4.047224521636963
-6.689416885375977 20.781015396118164 -4.047201156616211
-6.531651020050049 20.786455154418945 -4.08407735824585
-6.293474197387695 20.526811599731445 -4.066068172454834
-6.127415657043457 20.492921829223633 -4.092390537261963
-6.000607013702393 20.590286254882812 -4.145152568817139
-5.804296016693115 20.454959869384766 -4.15166711807251
-5.608819007873535 20.30310821533203 -4.151172161102295
-5.435752868652344 20.223617553710938 -4.164985656738281
-5.257290363311768 20.116785049438477 -4.1730055809021
-5.107913970947266 20.116104125976562 -4.203003883361816
-4.92703914642334 19.996267318725586 -4.206456661224365
-4.760207653045654 19.91563606262207 -4.2165350914001465
-4.608705043792725 19.893264770507812 -4.238916397094727
-4.430121421813965 19.746620178222656 -4.234726428985596
-4.282958030700684 19.733287811279297 -4.257668495178223
-4.113522052764893 19.62238311767578 -4.2580342292785645
-3.968071937561035 19.60706901550293 -4.27871036529541
-3.8105969429016113 19.52695083618164 -4.285284519195557
-3.6734893321990967 19.547042846679688 -4.3133134841918945
-3.4846346378326416 19.2813777923584 -4.275075435638428
-3.35673189163208 19.356569290161133 -4.312735557556152
-3.2404091358184814 19.490741729736328 -4.363563537597656
-3.064244031906128 19.258840560913086 -4.332504749298096
-2.9209728240966797 19.21849250793457 -4.3408427238464355
-2.779517650604248 19.184711456298828 -4.350434303283691
-2.6476595401763916 19.214054107666016 -4.374503135681152
-2.5002541542053223 19.14447784423828 -4.376523017883301
-2.3577537536621094 19.085485458374023 -4.378174781799316
-2.2169904708862305 19.0333251953125 -4.380135536193848
-2.0697548389434814 18.91201400756836 -4.36623477935791
-1.9462804794311523 19.005468368530273 -4.402110576629639
-1.8030081987380981 18.928110122680664 -4.397210121154785
-1.6669567823410034 18.891830444335938 -4.399118423461914
-1.538891077041626 18.945592880249023 -4.422208309173584
-1.4017086029052734 18.88465690612793 -4.418727397918701
-1.2672533988952637 18.849424362182617 -4.420884609222412
-1.132380723953247 18.83315658569336 -4.424020767211914
-1.004943609237671 18.91077995300293 -4.449338436126709
-0.8692552447319031 18.827985763549805 -4.43711519241333
-0.738193154335022 18.831615447998047 -4.44543981552124
-0.6072977185249329 18.842790603637695 -4.451932907104492
-0.47381049394607544 18.838014602661133 -4.4543681144714355
-0.34217336773872375 18.805662155151367 -4.450432777404785
-0.21189449727535248 18.863618850708008 -4.468092918395996
-0.08079353719949722 18.879487991333008 -4.473180770874023
0.05031324177980423 18.818811416625977 -4.458630561828613
0.18112121522426605 18.814237594604492 -4.457589149475098
0.315510630607605 18.884727478027344 -4.474555015563965
0.445932000875473 18.844484329223633 -4.463842391967773
0.5810891389846802 18.974939346313477 -4.490956783294678
0.7160838842391968 19.051252365112305 -4.505432605743408
0.8416770100593567 18.891136169433594 -4.464225769042969
0.9871247410774231 19.113691329956055 -4.513064384460449
1.1174393892288208 19.062856674194336 -4.49364709854126
1.243609070777893 18.95800018310547 -4.461767673492432
1.3854435682296753 19.087465286254883 -4.485239505767822
1.5212950706481934 19.117313385009766 -4.485456466674805
1.6625242233276367 19.173381805419922 -4.488091945648193
1.7967528104782104 19.171926498413086 -4.476977348327637
1.941482424736023 19.271738052368164 -4.489652156829834
2.0668909549713135 19.177499771118164 -4.457322120666504
2.218433380126953 19.321212768554688 -4.477993488311768
2.362520456314087 19.365673065185547 -4.473753452301025
2.506833791732788 19.424419403076172 -4.473199367523193
2.644517660140991 19.425479888916016 -4.459499835968018
2.7979190349578857 19.53520393371582 -4.469604015350342
2.945183515548706 19.591562271118164 -4.464922904968262
3.075136661529541 19.530086517333984 -4.433563232421875
3.2381577491760254 19.659278869628906 -4.445340156555176
3.393056869506836 19.742456436157227 -4.446768760681152
3.5439319610595703 19.795177459716797 -4.437797546386719
3.6873230934143066 19.801746368408203 -4.4185943603515625
3.869384527206421 20.005859375 -4.443427085876465
4.005808353424072 19.953567504882812 -4.410977363586426
4.1682844161987305 20.039581298828125 -4.406746864318848
4.3508172035217285 20.21034049987793 -4.420246124267578
4.506890296936035 20.24905014038086 -4.4047770500183105
4.673835754394531 20.33129119873047 -4.398818016052246
4.846654891967773 20.419485092163086 -4.3918633460998535
5.012112617492676 20.481090545654297 -4.3779706954956055
5.198150157928467 20.61932373046875 -4.380365371704102
5.374022483825684 20.707815170288086 -4.372005462646484
5.535661697387695 20.7358341217041 -4.350083827972412
5.7573041915893555 20.969270706176758 -4.36825704574585
5.939450263977051 21.057504653930664 -4.356351852416992
6.13909912109375 21.19944953918457 -4.3553466796875
6.307167053222656 21.225772857666016 -4.3304266929626465
6.500421047210693 21.3320369720459 -4.318892955780029
6.732359409332275 21.545852661132812 -4.328167915344238
6.919434070587158 21.615697860717773 -4.308738708496094
7.143678665161133 21.79342269897461 -4.310520172119141
7.328121185302734 21.842077255249023 -4.284353256225586
7.547554969787598 21.987333297729492 -4.2762274742126465
7.770654201507568 22.134262084960938 -4.268006801605225
7.992344379425049 22.260292053222656 -4.254741668701172
8.241257667541504 22.461280822753906 -4.25446081161499
8.382944107055664 22.364654541015625 -4.196549892425537
8.717805862426758 22.773761749267578 -4.232975482940674
8.949378967285156 22.899852752685547 -4.215917587280273
9.14144515991211 22.912246704101562 -4.1761088371276855
9.424599647521973 23.152484893798828 -4.176717758178711
9.713056564331055 23.393545150756836 -4.176572799682617
10.003859519958496 23.62824821472168 -4.17439603805542
10.200216293334961 23.633764266967773 -4.130611419677734
10.51041030883789 23.887514114379883 -4.127160549163818
10.788617134094238 24.065343856811523 -4.110501289367676
0.0 0.0 0.0
11.448311805725098 24.616212844848633 -4.106917858123779
11.661778450012207 24.62465476989746 -4.057042598724365
12.068575859069824 25.02336311340332 -4.069635391235352
12.35783863067627 25.172534942626953 -4.041208267211914
0.0 0.0 0.0
0.0 0.0 0.0
0.0 0.0 0.0
0.0 0.0 0.0
14.119030952453613 26.393068313598633 -3.947138547897339
14.586076736450195 26.816802978515625 -3.948517322540283
0.0 0.0 0.0
0.0 0.0 0.0
15.697540283203125 27.48196792602539 -3.8525896072387695
16.213815689086914 27.92578887939453 -3.844773530960083
0.0 0.0 0.0
0.0 0.0 0.0
0.0 0.0 0.0
0.0 0.0 0.0
0.0 0.0 0.0
0.0 0.0 0.0
0.0 0.0 0.0
0.0 0.0 0.0
0.0 0.0 0.0
0.0 0.0 0.0
0.0 0.0 0.0
0.0 0.0 0.0
0.0 0.0 0.0
0.0 0.0 0.0
0.0 0.0 0.0
0.0 0.0 0.0
0.0 0.0 0.0
0.0 0.0 0.0
0.0 0.0 0.0
0.0 0.0 0.0
0.0 0.0 0.0
0.0 0.0 0.0
0.0 0.0 0.0
0.0 0.0 0.0
0.0 0.0 0.0
0.0 0.0 0.0
0.0 0.0 0.0
0.0 0.0 0.0
0.0 0.0 0.0
0.0 0.0 0.0
0.0 0.0 0.0
0.0 0.0 0.0
0.0 0.0 0.0
0.0 0.0 0.0
0.0 0.0 0.0
0.0 0.0 0.0
0.0 0.0 0.0
0.0 0.0 0.0
0.0 0.0 0.0
0.0 0.0 0.0
0.0 0.0 0.0
0.0 0.0 0.0
0.0 0.0 0.0
0.0 0.0 0.0
0.0 0.0 0.0
0.0 0.0 0.0
0.0 0.0 0.0
0.0 0.0 0.0
0.0 0.0 0.0
0.0 0.0 0.0
0.0 0.0 0.0
0.0 0.0 0.0
0.0 0.0 0.0
0.0 0.0 0.0
0.0 0.0 0.0
0.0 0.0 0.0
0.0 0.0 0.0
0.0 0.0 0.0
0.0 0.0 0.0
0.0 0.0 0.0
0.0 0.0 0.0
0.0 0.0 0.0
0.0 0.0 0.0
0.0 0.0 0.0
0.0 0.0 0.0
0.0 0.0 0.0
0.0 0.0 0.0
0.0 0.0 0.0
0.0 0.0 0.0
0.0 0.0 0.0
0.0 0.0 0.0
0.0 0.0 0.0
0.0 0.0 0.0
0.0 0.0 0.0
0.0 0.0 0.0
0.0 0.0 0.0
0.0 0.0 0.0
0.0 0.0 0.0
0.0 0.0 0.0
0.0 0.0 0.0
0.0 0.0 0.0
0.0 0.0 0.0
0.0 0.0 0.0
0.0 0.0 0.0
0.0 0.0 0.0
0.0 0.0 0.0
0.0 0.0 0.0
0.0 0.0 0.0
0.0 0.0 0.0
0.0 0.0 0.0
0.0 0.0 0.0
0.0 0.0 0.0
0.0 0.0 0.0
0.0 0.0 0.0
0.0 0.0 0.0
0.0 0.0 0.0
0.0 0.0 0.0
0.0 0.0 0.0
0.0 0.0 0.0
0.0 0.0 0.0
0.0 0.0 0.0
0.0 0.0 0.0
0.0 0.0 0.0
0.0 0.0 0.0
0.0 0.0 0.0
0.0 0.0 0.0
0.0 0.0 0.0
0.0 0.0 0.0
0.0 0.0 0.0
0.0 0.0 0.0
0.0 0.0 0.0
0.0 0.0 0.0
0.0 0.0 0.0
0.0 0.0 0.0
0.0 0.0 0.0
0.0 0.0 0.0
0.0 0.0 0.0
0.0 0.0 0.0
0.0 0.0 0.0
0.0 0.0 0.0
0.0 0.0 0.0
0.0 0.0 0.0
0.0 0.0 0.0
0.0 0.0 0.0
0.0 0.0 0.0
0.0 0.0 0.0
0.0 0.0 0.0
0.0 0.0 0.0
0.0 0.0 0.0
0.0 0.0 0.0
0.0 0.0 0.0
0.0 0.0 0.0
0.0 0.0 0.0
0.0 0.0 0.0
0.0 0.0 0.0
0.0 0.0 0.0
0.0 0.0 0.0
0.0 0.0 0.0
0.0 0.0 0.0
0.0 0.0 0.0
0.0 0.0 0.0
0.0 0.0 0.0
0.0 0.0 0.0
0.0 0.0 0.0
0.0 0.0 0.0
0.0 0.0 0.0
0.0 0.0 0.0
0.0 0.0 0.0
0.0 0.0 0.0
0.0 0.0 0.0
0.0 0.0 0.0
0.0 0.0 0.0
0.0 0.0 0.0
0.0 0.0 0.0
0.0 0.0 0.0
0.0 0.0 0.0
0.0 0.0 0.0
0.0 0.0 0.0
0.0 0.0 0.0
0.0 0.0 0.0
0.0 0.0 0.0
0.0 0.0 0.0
0.0 0.0 0.0
0.0 0.0 0.0
0.0 0.0 0.0
0.0 0.0 0.0
0.0 0.0 0.0
0.0 0.0 0.0
0.0 0.0 0.0
0.0 0.0 0.0
0.0 0.0 0.0
0.0 0.0 0.0
0.0 0.0 0.0
0.0 0.0 0.0
0.0 0.0 0.0
0.0 0.0 0.0
0.0 0.0 0.0
0.0 0.0 0.0
0.0 0.0 0.0
0.0 0.0 0.0
0.0 0.0 0.0
0.0 0.0 0.0
0.0 0.0 0.0
0.0 0.0 0.0
0.0 0.0 0.0
0.0 0.0 0.0
0.0 0.0 0.0
0.0 0.0 0.0
0.0 0.0 0.0
0.0 0.0 0.0
0.0 0.0 0.0
0.0 0.0 0.0
0.0 0.0 0.0
0.0 0.0 0.0
0.0 0.0 0.0
0.0 0.0 0.0
0.0 0.0 0.0
0.0 0.0 0.0
0.0 0.0 0.0
0.0 0.0 0.0
0.0 0.0 0.0
0.0 0.0 0.0
0.0 0.0 0.0
0.0 0.0 0.0
0.0 0.0 0.0
0.0 0.0 0.0
0.0 0.0 0.0
0.0 0.0 0.0
0.0 0.0 0.0
0.0 0.0 0.0
0.0 0.0 0.0
0.0 0.0 0.0
0.0 0.0 0.0
0.0 0.0 0.0
-13.67392349243164 24.81939697265625 -3.3580448627471924
-13.372923851013184 24.67778778076172 -3.399843692779541
-13.129084587097168 24.635892868041992 -3.4547359943389893
0.0 0.0 0.0
-12.602787971496582 24.471330642700195 -3.550065517425537
-12.164043426513672 24.028696060180664 -3.5417611598968506
-11.9960355758667 24.111705780029297 -3.609921455383301
-11.614562034606934 23.75894546508789 -3.6118717193603516
-11.346078872680664 23.625625610351562 -3.6438424587249756
0.0 0.0 0.0
0.0 0.0 0.0
0.0 0.0 0.0
0.0 0.0 0.0
-9.971534729003906 22.770612716674805 -3.7574827671051025
0.0 0.0 0.0
0.0 0.0 0.0
0.0 0.0 0.0
0.0 0.0 0.0
0.0 0.0 0.0
-8.521475791931152 21.919649124145508 -3.881408452987671
0.0 0.0 0.0
-8.026323318481445 21.529870986938477 -3.8924591541290283
-7.870666027069092 21.570222854614258 -3.939865827560425
0.0 0.0 0.0
-7.3862104415893555 21.16175079345703 -3.9423611164093018
0.0 0.0 0.0
-6.99715518951416 20.981046676635742 -3.9819324016571045
0.0 0.0 0.0
-6.64374303817749 20.88559913635254 -4.034920692443848
-6.4674835205078125 20.832311630249023 -4.05851936340332
0.0 0.0 0.0
-6.110250949859619 20.70359992980957 -4.10162878036499
-5.873687267303467 20.42505645751953 -4.0784196853637695
-5.731628894805908 20.465845108032227 -4.117341041564941
-5.557008266448975 20.387216567993164 -4.13228702545166
-5.3654656410217285 20.24844741821289 -4.135379791259766
-5.172902584075928 20.085472106933594 -4.131739139556885
-5.0397629737854 20.147891998291016 -4.172276020050049
-4.867150783538818 20.049375534057617 -4.179563522338867
-4.691627025604248 19.930870056152344 -4.182544231414795
-4.550622463226318 19.964317321777344 -4.217728137969971
-4.380445957183838 19.854999542236328 -4.219228267669678
-4.220946788787842 19.78543472290039 -4.229074478149414
-4.051059246063232 19.658477783203125 -4.226558208465576
-3.928462505340576 19.758813858032227 -4.273056507110596
-3.759320020675659 19.63409996032715 -4.268572807312012
-3.6140236854553223 19.613021850585938 -4.285381317138672
-3.448563575744629 19.47431755065918 -4.276481628417969
-3.3005642890930176 19.424636840820312 -4.287092208862305
-3.1504058837890625 19.355403900146484 -4.291562557220459
-3.0049664974212646 19.32341194152832 -4.302783966064453
-2.867636203765869 19.324012756347656 -4.321086406707764
-2.7304396629333496 19.323619842529297 -4.339349746704102
-2.575159788131714 19.186399459838867 -4.32608699798584
-2.447218418121338 19.249053955078125 -4.355067729949951
-2.3032238483428955 19.182167053222656 -4.354912281036377
-2.1614110469818115 19.144704818725586 -4.361810684204102
-2.0217297077178955 19.098453521728516 -4.366575717926025
-1.8903076648712158 19.12787437438965 -4.384770393371582
-1.753706455230713 19.103328704833984 -4.390602111816406
-1.617860198020935 19.081607818603516 -4.397257328033447
-1.4780619144439697 19.03247833251953 -4.397961139678955
-1.3421998023986816 18.994266510009766 -4.398177623748779
-1.2084299325942993 18.978174209594727 -4.402358055114746
-1.0755951404571533 18.972537994384766 -4.409163951873779
-0.943983256816864 18.984962463378906 -4.420371055603027
-0.8071516156196594 18.93613052368164 -4.415831089019775
-0.6790639758110046 19.042699813842773 -4.445080280303955
-0.5422990322113037 18.901233673095703 -4.4166412353515625
-0.41191568970680237 18.960359573364258 -4.435266971588135
-0.28015103936195374 18.969274520874023 -4.441731929779053
-0.14549057185649872 18.92490005493164 -4.432085037231445
-0.013934541493654251 18.97846221923828 -4.445577621459961
0.11833566427230835 19.027301788330078 -4.458185195922852
0.24988166987895966 18.968734741210938 -4.445841312408447
0.3824117183685303 18.997560501098633 -4.450406551361084
0.5166990160942078 19.075000762939453 -4.466036796569824
0.6521559357643127 19.086807250976562 -4.466464996337891
0.7839667797088623 19.05972671508789 -4.4580512046813965
0.9182515740394592 19.089344024658203 -4.460307598114014
1.051431655883789 19.091827392578125 -4.454658031463623
1.1888388395309448 19.157926559448242 -4.464035987854004
1.331467628479004 19.253292083740234 -4.4803032875061035
1.4635703563690186 19.219058990478516 -4.465216636657715
1.5923855304718018 19.1503963470459 -4.439576148986816
1.739941120147705 19.296932220458984 -4.463984489440918
1.8762154579162598 19.30597496032715 -4.45672607421875
2.0155632495880127 19.31770133972168 -4.449791431427002
2.164992570877075 19.439254760742188 -4.464536666870117
2.3166608810424805 19.563474655151367 -4.4799299240112305
2.4439330101013184 19.478668212890625 -4.447644233703613
2.5903053283691406 19.54408073425293 -4.449857711791992
2.731395721435547 19.544635772705078 -4.4340128898620605
2.8829140663146973 19.631372451782227 -4.4372782707214355
3.0467991828918457 19.78857421875 -4.45645809173584
3.1893627643585205 19.797645568847656 -4.4423322677612305
3.3365585803985596 19.83243751525879 -4.432196617126465
3.4852778911590576 19.87026023864746 -4.420957088470459
3.6466827392578125 19.959192276000977 -4.4208083152771
3.802690029144287 20.024742126464844 -4.415863990783691
3.9599497318267822 20.089244842529297 -4.40988826751709
4.12827730178833 20.20175552368164 -4.411709785461426
4.300742149353027 20.324142456054688 -4.415588855743408
4.483303546905518 20.470848083496094 -4.424222469329834
4.64796257019043 20.538190841674805 -4.416018009185791
4.825220108032227 20.653324127197266 -4.414636611938477
4.981010437011719 20.67035484313965 -4.392125129699707
5.122508525848389 20.62677574157715 -4.3569135665893555
5.329838275909424 20.830078125 -4.373319625854492
5.510464191436768 20.92888069152832 -4.365814208984375
5.677103519439697 20.967153549194336 -4.344571113586426
5.883413314819336 21.1444149017334 -4.351985931396484
0.0 0.0 0.0
6.275674819946289 21.386451721191406 -4.341061592102051
6.452019214630127 21.434091567993164 -4.318408489227295
6.6676344871521 21.604990005493164 -4.32039737701416
6.840986251831055 21.631227493286133 -4.2932257652282715
7.0609893798828125 21.79865837097168 -4.293426990509033
7.273032188415527 21.93166732788086 -4.284264087677002
7.502267360687256 22.098447799682617 -4.280691623687744
7.722758769989014 22.238502502441406 -4.272116661071777
7.944286823272705 22.372974395751953 -4.2620954513549805
8.15999698638916 22.484325408935547 -4.244748115539551
8.377948760986328 22.59368896484375 -4.226560592651367
0.0 0.0 0.0
8.862762451171875 22.909778594970703 -4.206349849700928
9.15086555480957 23.174530029296875 -4.213315486907959
9.358489990234375 23.225610733032227 -4.180336952209473
9.656813621520996 23.492284774780273 -4.185544013977051
9.889079093933105 23.580795288085938 -4.157647609710693
10.189571380615234 23.83179473876953 -4.157016277313232
10.490921020507812 24.072914123535156 -4.1530070304870605
10.75228214263916 24.212312698364258 -4.130682945251465
0.0 0.0 0.0
11.351701736450195 24.626529693603516 -4.104436874389648
11.595474243164062 24.70231819152832 -4.066929817199707
0.0 0.0 0.0
12.323027610778809 25.330339431762695 -4.067166328430176
12.60754108428955 25.463945388793945 -4.035161972045898
0.0 0.0 0.0
13.38650894165039 26.106664657592773 -4.02366828918457
0.0 0.0 0.0
13.998685836791992 26.389575958251953 -3.9513742923736572
14.440078735351562 26.770578384399414 -3.947687864303589
14.775528907775879 26.943063735961914 -3.911837339401245
0.0 0.0 0.0
0.0 0.0 0.0
0.0 0.0 0.0
0.0 0.0 0.0
16.92531394958496 28.463762283325195 -3.7910826206207275
0.0 0.0 0.0
0.0 0.0 0.0
0.0 0.0 0.0
0.0 0.0 0.0
0.0 0.0 0.0
0.0 0.0 0.0
0.0 0.0 0.0
0.0 0.0 0.0
0.0 0.0 0.0
0.0 0.0 0.0
0.0 0.0 0.0
0.0 0.0 0.0
0.0 0.0 0.0
0.0 0.0 0.0
0.0 0.0 0.0
0.0 0.0 0.0
0.0 0.0 0.0
0.0 0.0 0.0
0.0 0.0 0.0
0.0 0.0 0.0
0.0 0.0 0.0
0.0 0.0 0.0
0.0 0.0 0.0
0.0 0.0 0.0
0.0 0.0 0.0
0.0 0.0 0.0
0.0 0.0 0.0
0.0 0.0 0.0
0.0 0.0 0.0
0.0 0.0 0.0
0.0 0.0 0.0
0.0 0.0 0.0
0.0 0.0 0.0
0.0 0.0 0.0
0.0 0.0 0.0
0.0 0.0 0.0
0.0 0.0 0.0
0.0 0.0 0.0
0.0 0.0 0.0
0.0 0.0 0.0
0.0 0.0 0.0
0.0 0.0 0.0
0.0 0.0 0.0
0.0 0.0 0.0
0.0 0.0 0.0
0.0 0.0 0.0
0.0 0.0 0.0
0.0 0.0 0.0
0.0 0.0 0.0
0.0 0.0 0.0
0.0 0.0 0.0
0.0 0.0 0.0
0.0 0.0 0.0
0.0 0.0 0.0
0.0 0.0 0.0
0.0 0.0 0.0
0.0 0.0 0.0
0.0 0.0 0.0
0.0 0.0 0.0
0.0 0.0 0.0
0.0 0.0 0.0
0.0 0.0 0.0
0.0 0.0 0.0
0.0 0.0 0.0
0.0 0.0 0.0
0.0 0.0 0.0
0.0 0.0 0.0
0.0 0.0 0.0
0.0 0.0 0.0
0.0 0.0 0.0
0.0 0.0 0.0
0.0 0.0 0.0
0.0 0.0 0.0
0.0 0.0 0.0
0.0 0.0 0.0
0.0 0.0 0.0
0.0 0.0 0.0
0.0 0.0 0.0
0.0 0.0 0.0
0.0 0.0 0.0
0.0 0.0 0.0
0.0 0.0 0.0
0.0 0.0 0.0
0.0 0.0 0.0
0.0 0.0 0.0
0.0 0.0 0.0
0.0 0.0 0.0
0.0 0.0 0.0
0.0 0.0 0.0
0.0 0.0 0.0
0.0 0.0 0.0
0.0 0.0 0.0
0.0 0.0 0.0
0.0 0.0 0.0
0.0 0.0 0.0
0.0 0.0 0.0
0.0 0.0 0.0
0.0 0.0 0.0
0.0 0.0 0.0
0.0 0.0 0.0
0.0 0.0 0.0
0.0 0.0 0.0
0.0 0.0 0.0
0.0 0.0 0.0
0.0 0.0 0.0
0.0 0.0 0.0
0.0 0.0 0.0
0.0 0.0 0.0
0.0 0.0 0.0
0.0 0.0 0.0
0.0 0.0 0.0
0.0 0.0 0.0
0.0 0.0 0.0
0.0 0.0 0.0
0.0 0.0 0.0
0.0 0.0 0.0
0.0 0.0 0.0
0.0 0.0 0.0
0.0 0.0 0.0
0.0 0.0 0.0
0.0 0.0 0.0
0.0 0.0 0.0
0.0 0.0 0.0
0.0 0.0 0.0
0.0 0.0 0.0
0.0 0.0 0.0
0.0 0.0 0.0
0.0 0.0 0.0
0.0 0.0 0.0
0.0 0.0 0.0
0.0 0.0 0.0
0.0 0.0 0.0
0.0 0.0 0.0
0.0 0.0 0.0
0.0 0.0 0.0
0.0 0.0 0.0
0.0 0.0 0.0
0.0 0.0 0.0
0.0 0.0 0.0
0.0 0.0 0.0
0.0 0.0 0.0
0.0 0.0 0.0
0.0 0.0 0.0
0.0 0.0 0.0
0.0 0.0 0.0
0.0 0.0 0.0
0.0 0.0 0.0
0.0 0.0 0.0
0.0 0.0 0.0
0.0 0.0 0.0
0.0 0.0 0.0
0.0 0.0 0.0
0.0 0.0 0.0
0.0 0.0 0.0
0.0 0.0 0.0
0.0 0.0 0.0
0.0 0.0 0.0
0.0 0.0 0.0
0.0 0.0 0.0
0.0 0.0 0.0
0.0 0.0 0.0
0.0 0.0 0.0
0.0 0.0 0.0
0.0 0.0 0.0
0.0 0.0 0.0
0.0 0.0 0.0
0.0 0.0 0.0
0.0 0.0 0.0
0.0 0.0 0.0
0.0 0.0 0.0
0.0 0.0 0.0
0.0 0.0 0.0
0.0 0.0 0.0
0.0 0.0 0.0
0.0 0.0 0.0
0.0 0.0 0.0
0.0 0.0 0.0
0.0 0.0 0.0
0.0 0.0 0.0
0.0 0.0 0.0
0.0 0.0 0.0
0.0 0.0 0.0
0.0 0.0 0.0
0.0 0.0 0.0
0.0 0.0 0.0
0.0 0.0 0.0
0.0 0.0 0.0
0.0 0.0 0.0
0.0 0.0 0.0
0.0 0.0 0.0
0.0 0.0 0.0
0.0 0.0 0.0
0.0 0.0 0.0
0.0 0.0 0.0
0.0 0.0 0.0
0.0 0.0 0.0
-21.10738182067871 30.068958282470703 -2.687472105026245
0.0 0.0 0.0
0.0 0.0 0.0
0.0 0.0 0.0
0.0 0.0 0.0
0.0 0.0 0.0
0.0 0.0 0.0
0.0 0.0 0.0
0.0 0.0 0.0
0.0 0.0 0.0
0.0 0.0 0.0
-15.463081359863281 26.092571258544922 -3.2125885486602783
0.0 0.0 0.0
0.0 0.0 0.0
0.0 0.0 0.0
0.0 0.0 0.0
0.0 0.0 0.0
0.0 0.0 0.0
0.0 0.0 0.0
0.0 0.0 0.0
-12.309141159057617 24.105758666992188 -3.5076417922973633
0.0 0.0 0.0
0.0 0.0 0.0
-11.380636215209961 23.49216651916504 -3.577465295791626
0.0 0.0 0.0
0.0 0.0 0.0
0.0 0.0 0.0
0.0 0.0 0.0
0.0 0.0 0.0
0.0 0.0 0.0
0.0 0.0 0.0
0.0 0.0 0.0
0.0 0.0 0.0
0.0 0.0 0.0
0.0 0.0 0.0
0.0 0.0 0.0
0.0 0.0 0.0
0.0 0.0 0.0
-7.731319427490234 21.42513656616211 -3.9029924869537354
0.0 0.0 0.0
0.0 0.0 0.0
-7.117715835571289 21.092702865600586 -3.95219349861145
-6.935615062713623 21.04376983642578 -3.979254722595215
0.0 0.0 0.0
-6.56504487991333 20.892860412597656 -4.0182929039001465
-6.37564754486084 20.79488754272461 -4.03318977355957
-6.194411277770996 20.717498779296875 -4.051483631134033
-6.025691509246826 20.675796508789062 -4.074284553527832
-5.817351341247559 20.500511169433594 -4.071125507354736
-5.674831867218018 20.540910720825195 -4.11010217666626
-5.472140789031982 20.358112335205078 -4.104342460632324
-5.31191349029541 20.326200485229492 -4.126006126403809
-5.150620937347412 20.285634994506836 -4.145641326904297
-4.980380535125732 20.21453285217285 -4.15948486328125
-4.825407028198242 20.19000816345215 -4.182431697845459
-4.650416851043701 20.075183868408203 -4.184479713439941
-4.4818220138549805 19.977771759033203 -4.188860893249512
-4.3357625007629395 19.976261138916016 -4.21339750289917
-4.170413494110107 19.891677856445312 -4.22085428237915
-4.021573066711426 19.86941146850586 -4.239853858947754
-3.847844362258911 19.715118408203125 -4.228479385375977
-3.7066757678985596 19.720956802368164 -4.251471996307373
-3.5589606761932373 19.688146591186523 -4.266242980957031
-3.391091823577881 19.549274444580078 -4.258045673370361
-3.2490413188934326 19.53752899169922 -4.273872375488281
-3.1044647693634033 19.505874633789062 -4.285459518432617
-2.958045721054077 19.45808219909668 -4.293622016906738
-2.8206515312194824 19.465845108032227 -4.3141865730285645
-2.6704800128936768 19.37876319885254 -4.3108086585998535
-2.5307159423828125 19.377931594848633 -4.326252460479736
-2.39076566696167 19.3531494140625 -4.336238384246826
-2.248931884765625 19.30843162536621 -4.341909408569336
-2.1095712184906006 19.27829933166504 -4.348850727081299
-1.9694982767105103 19.23622703552246 -4.351253986358643
-1.8307019472122192 19.22365951538086 -4.3607048988342285
-1.6914736032485962 19.175783157348633 -4.36210298538208
-1.557183027267456 19.176471710205078 -4.373723983764648
-1.4210838079452515 19.150312423706055 -4.376225471496582
-1.2851685285568237 19.119394302368164 -4.377818584442139
-1.1544057130813599 19.2054443359375 -4.406591415405273
-1.0153887271881104 19.107990264892578 -4.3932929039001465
-0.8844341039657593 19.158775329589844 -4.4101243019104
-0.7468562722206116 19.052743911743164 -4.390837669372559
-0.6165400147438049 19.128355026245117 -4.413621425628662
-0.47908273339271545 19.050899505615234 -4.401394367218018
-0.34677430987358093 19.06062889099121 -4.406407833099365
-0.21447427570819855 19.092594146728516 -4.415311813354492
-0.08179130405187607 19.10080337524414 -4.418937683105469
0.0508938692510128 19.07003402709961 -4.413756370544434
0.18406891822814941 19.11861228942871 -4.425540924072266
0.3200452923774719 19.155414581298828 -4.4320454597473145
0.454923152923584 19.225540161132812 -4.446501731872559
0.5884891152381897 19.214826583862305 -4.442469120025635
0.7213641405105591 19.188058853149414 -4.434539794921875
0.854856014251709 19.184062957763672 -4.428099632263184
0.9959247708320618 19.28168487548828 -4.445211410522461
1.1280767917633057 19.241575241088867 -4.430859088897705
1.266697883605957 19.306930541992188 -4.44099760055542
1.4116342067718506 19.444196701049805 -4.464364528656006
1.5407439470291138 19.35660743713379 -4.4354681968688965
1.6835161447525024 19.412168502807617 -4.439451217651367
1.8250281810760498 19.470666885375977 -4.444422245025635
1.9730112552642822 19.581663131713867 -4.459309101104736
2.1221530437469482 19.688217163085938 -4.471271991729736
2.2502682209014893 19.596790313720703 -4.438465595245361
2.398016929626465 19.655611038208008 -4.439708232879639
2.5380420684814453 19.664628982543945 -4.429112911224365
2.6788182258605957 19.67708396911621 -4.416381359100342
2.8259854316711426 19.730037689208984 -4.412864685058594
2.9874813556671143 19.872453689575195 -4.42941427230835
3.1214287281036377 19.82516860961914 -4.403797149658203
3.284343957901001 19.93926239013672 -4.410213947296143
3.442600965499878 20.029909133911133 -4.411492347717285
3.591515302658081 20.059206008911133 -4.399327754974365
3.7507927417755127 20.13996124267578 -4.398526191711426
3.9164822101593018 20.246213912963867 -4.4009857177734375
4.052613735198975 20.18242835998535 -4.364903926849365
4.236051559448242 20.361351013183594 -4.381758213043213
4.418318271636963 20.520048141479492 -4.394039154052734
4.5637688636779785 20.502073287963867 -4.367342472076416
4.72743034362793 20.561721801757812 -4.355052947998047
4.9149627685546875 20.70524787902832 -4.36000394821167
5.090427398681641 20.799367904663086 -4.354840278625488
5.2702317237854 20.90325927734375 -4.351407527923584
5.4392828941345215 20.958059310913086 -4.33475399017334
5.602431774139404 20.98560333251953 -4.3124847412109375
5.805447578430176 21.14431381225586 -4.316540241241455
0.0 0.0 0.0
6.237297058105469 21.539203643798828 -4.337893009185791
6.414275646209717 21.58700180053711 -4.316129207611084
6.592054843902588 21.63340950012207 -4.294088840484619
6.791879653930664 21.736278533935547 -4.282573223114014
7.007269859313965 21.88961410522461 -4.27974271774292
7.214644432067871 22.008358001708984 -4.268536567687988
7.428746223449707 22.13991928100586 -4.259542942047119
7.631474494934082 22.22955894470215 -4.242177486419678
7.917112827301025 22.54988670349121 -4.26747989654541
8.059877395629883 22.4468936920166 -4.20989465713501
8.276918411254883 22.55691146850586 -4.192969799041748
0.0 0.0 0.0
8.799296379089355 22.987014770507812 -4.196183681488037
9.061744689941406 23.18790054321289 -4.191807746887207
9.291813850402832 23.288673400878906 -4.168088436126709
9.57461166381836 23.520479202270508 -4.167965412139893
9.81954288482666 23.649904251098633 -4.149104595184326
10.056330680847168 23.752578735351562 -4.122706413269043
0.0 0.0 0.0
10.619560241699219 24.133953094482422 -4.097738742828369
0.0 0.0 0.0
11.202169418334961 24.52695655822754 -4.070272922515869
11.466025352478027 24.64923858642578 -4.041806697845459
11.778449058532715 24.866836547851562 -4.028217792510986
12.116006851196289 25.11833381652832 -4.018249034881592
0.0 0.0 0.0
0.0 0.0 0.0
0.0 0.0 0.0
13.433063507080078 25.976078033447266 -3.9379279613494873
13.891412734985352 26.411413192749023 -3.945890426635742
0.0 0.0 0.0
14.625561714172363 26.883655548095703 -3.896275281906128
14.977441787719727 27.081418991088867 -3.864345073699951
0.0 0.0 0.0
15.943808555603027 27.90781593322754 -3.851829767227173
0.0 0.0 0.0
0.0 0.0 0.0
0.0 0.0 0.0
0.0 0.0 0.0
0.0 0.0 0.0
0.0 0.0 0.0
0.0 0.0 0.0
0.0 0.0 0.0
0.0 0.0 0.0
0.0 0.0 0.0
0.0 0.0 0.0
0.0 0.0 0.0
0.0 0.0 0.0
0.0 0.0 0.0
0.0 0.0 0.0
0.0 0.0 0.0
0.0 0.0 0.0
0.0 0.0 0.0
0.0 0.0 0.0
0.0 0.0 0.0
0.0 0.0 0.0
0.0 0.0 0.0
0.0 0.0 0.0
0.0 0.0 0.0
0.0 0.0 0.0
0.0 0.0 0.0
0.0 0.0 0.0
0.0 0.0 0.0
0.0 0.0 0.0
0.0 0.0 0.0
0.0 0.0 0.0
0.0 0.0 0.0
0.0 0.0 0.0
0.0 0.0 0.0
0.0 0.0 0.0
0.0 0.0 0.0
0.0 0.0 0.0
0.0 0.0 0.0
0.0 0.0 0.0
0.0 0.0 0.0
0.0 0.0 0.0
0.0 0.0 0.0
0.0 0.0 0.0
0.0 0.0 0.0
0.0 0.0 0.0
0.0 0.0 0.0
0.0 0.0 0.0
0.0 0.0 0.0
0.0 0.0 0.0
0.0 0.0 0.0
0.0 0.0 0.0
0.0 0.0 0.0
0.0 0.0 0.0
0.0 0.0 0.0
0.0 0.0 0.0
0.0 0.0 0.0
0.0 0.0 0.0
0.0 0.0 0.0
0.0 0.0 0.0
0.0 0.0 0.0
0.0 0.0 0.0
0.0 0.0 0.0
0.0 0.0 0.0
0.0 0.0 0.0
0.0 0.0 0.0
0.0 0.0 0.0
0.0 0.0 0.0
0.0 0.0 0.0
0.0 0.0 0.0
0.0 0.0 0.0
0.0 0.0 0.0
0.0 0.0 0.0
0.0 0.0 0.0
0.0 0.0 0.0
0.0 0.0 0.0
0.0 0.0 0.0
0.0 0.0 0.0
0.0 0.0 0.0
0.0 0.0 0.0
0.0 0.0 0.0
0.0 0.0 0.0
0.0 0.0 0.0
0.0 0.0 0.0
0.0 0.0 0.0
0.0 0.0 0.0
0.0 0.0 0.0
0.0 0.0 0.0
0.0 0.0 0.0
0.0 0.0 0.0
0.0 0.0 0.0
0.0 0.0 0.0
0.0 0.0 0.0
0.0 0.0 0.0
0.0 0.0 0.0
0.0 0.0 0.0
0.0 0.0 0.0
0.0 0.0 0.0
0.0 0.0 0.0
0.0 0.0 0.0
0.0 0.0 0.0
0.0 0.0 0.0
0.0 0.0 0.0
0.0 0.0 0.0
0.0 0.0 0.0
0.0 0.0 0.0
0.0 0.0 0.0
0.0 0.0 0.0
0.0 0.0 0.0
0.0 0.0 0.0
0.0 0.0 0.0
0.0 0.0 0.0
0.0 0.0 0.0
0.0 0.0 0.0
0.0 0.0 0.0
0.0 0.0 0.0
0.0 0.0 0.0
0.0 0.0 0.0
0.0 0.0 0.0
0.0 0.0 0.0
0.0 0.0 0.0
0.0 0.0 0.0
0.0 0.0 0.0
0.0 0.0 0.0
0.0 0.0 0.0
0.0 0.0 0.0
0.0 0.0 0.0
0.0 0.0 0.0
0.0 0.0 0.0
0.0 0.0 0.0
0.0 0.0 0.0
0.0 0.0 0.0
0.0 0.0 0.0
0.0 0.0 0.0
0.0 0.0 0.0
0.0 0.0 0.0
0.0 0.0 0.0
0.0 0.0 0.0
0.0 0.0 0.0
0.0 0.0 0.0
0.0 0.0 0.0
0.0 0.0 0.0
0.0 0.0 0.0
0.0 0.0 0.0
0.0 0.0 0.0
0.0 0.0 0.0
0.0 0.0 0.0
0.0 0.0 0.0
0.0 0.0 0.0
0.0 0.0 0.0
0.0 0.0 0.0
0.0 0.0 0.0
0.0 0.0 0.0
0.0 0.0 0.0
0.0 0.0 0.0
0.0 0.0 0.0
0.0 0.0 0.0
0.0 0.0 0.0
0.0 0.0 0.0
0.0 0.0 0.0
0.0 0.0 0.0
0.0 0.0 0.0
0.0 0.0 0.0
0.0 0.0 0.0
0.0 0.0 0.0
0.0 0.0 0.0
0.0 0.0 0.0
0.0 0.0 0.0
0.0 0.0 0.0
0.0 0.0 0.0
0.0 0.0 0.0
0.0 0.0 0.0
0.0 0.0 0.0
0.0 0.0 0.0
0.0 0.0 0.0
0.0 0.0 0.0
0.0 0.0 0.0
0.0 0.0 0.0
0.0 0.0 0.0
0.0 0.0 0.0
0.0 0.0 0.0
0.0 0.0 0.0
0.0 0.0 0.0
0.0 0.0 0.0
0.0 0.0 0.0
0.0 0.0 0.0
0.0 0.0 0.0
0.0 0.0 0.0
0.0 0.0 0.0
0.0 0.0 0.0
0.0 0.0 0.0
0.0 0.0 0.0
0.0 0.0 0.0
0.0 0.0 0.0
0.0 0.0 0.0
0.0 0.0 0.0
0.0 0.0 0.0
0.0 0.0 0.0
0.0 0.0 0.0
0.0 0.0 0.0
0.0 0.0 0.0
0.0 0.0 0.0
0.0 0.0 0.0
0.0 0.0 0.0
0.0 0.0 0.0
0.0 0.0 0.0
0.0 0.0 0.0
0.0 0.0 0.0
0.0 0.0 0.0
0.0 0.0 0.0
0.0 0.0 0.0
0.0 0.0 0.0
-15.366686820983887 26.13113784790039 -3.2133631706237793
0.0 0.0 0.0
0.0 0.0 0.0
0.0 0.0 0.0
0.0 0.0 0.0
0.0 0.0 0.0
0.0 0.0 0.0
0.0 0.0 0.0
-12.604354858398438 24.474302291870117 -3.493034839630127
0.0 0.0 0.0
0.0 0.0 0.0
0.0 0.0 0.0
-11.406547546386719 23.75177574157715 -3.6015686988830566
0.0 0.0 0.0
-10.747535705566406 23.209693908691406 -3.6186130046844482
0.0 0.0 0.0
0.0 0.0 0.0
0.0 0.0 0.0
-9.693829536437988 22.568376541137695 -3.703500509262085
-9.585941314697266 22.75218391418457 -3.7784290313720703
-9.29901123046875 22.507282257080078 -3.782000780105591
0.0 0.0 0.0
0.0 0.0 0.0
0.0 0.0 0.0
0.0 0.0 0.0
0.0 0.0 0.0
0.0 0.0 0.0
0.0 0.0 0.0
-7.4536051750183105 21.35577392578125 -3.901365280151367
-7.292257785797119 21.37057113647461 -3.941321849822998
0.0 0.0 0.0
-6.9193549156188965 21.239839553833008 -3.986436367034912
0.0 0.0 0.0
-6.526601791381836 21.022117614746094 -4.014310359954834
0.0 0.0 0.0
-6.166646480560303 20.895132064819336 -4.054436683654785
-5.984046459197998 20.808839797973633 -4.0693135261535645
-5.791568756103516 20.680389404296875 -4.0757155418396
-5.610236167907715 20.583959579467773 -4.086520195007324
-5.43120813369751 20.497905731201172 -4.098362445831299
-5.246740341186523 20.372699737548828 -4.101680278778076
-5.090177536010742 20.350114822387695 -4.125603199005127
-4.920670986175537 20.27063751220703 -4.137042045593262
-4.7737932205200195 20.279691696166992 -4.164316177368164
-4.598886013031006 20.17612075805664 -4.168947696685791
-4.4536848068237305 20.18659019470215 -4.196727275848389
-4.271174430847168 20.020055770874023 -4.187589168548584
-4.119751453399658 19.99134635925293 -4.2039103507995605
-3.9608800411224365 19.920204162597656 -4.211327075958252
-3.7956197261810303 19.82193374633789 -4.2133870124816895
-3.6523520946502686 19.819766998291016 -4.235533237457275
-3.5021018981933594 19.77566909790039 -4.246175289154053
-3.3692803382873535 19.828596115112305 -4.276808261871338
-3.200904369354248 19.66568374633789 -4.260951995849609
-3.0596110820770264 19.675325393676758 -4.282844543457031
-2.9179346561431885 19.66511344909668 -4.298638343811035
-2.7576467990875244 19.518218994140625 -4.282407760620117
-2.623260736465454 19.54789924621582 -4.305025100708008
-2.4857051372528076 19.553918838500977 -4.3226470947265625
-2.344257116317749 19.52495002746582 -4.332237720489502
-2.1866629123687744 19.370866775512695 -4.3108015060424805
-2.052297592163086 19.389833450317383 -4.327752590179443
-1.9173974990844727 19.404056549072266 -4.3438639640808105
-1.782049298286438 19.41353416442871 -4.359126091003418
-1.6377215385437012 19.316436767578125 -4.347209453582764
-1.5012458562850952 19.332595825195312 -4.360342025756836
-1.3627967834472656 19.286836624145508 -4.359529972076416
-1.2354682683944702 19.40359878540039 -4.395694255828857
-1.0921800136566162 19.265111923217773 -4.372075080871582
-0.9592878818511963 19.2972469329834 -4.385341167449951
-0.8214097023010254 19.27524757385254 -4.386625289916992
-0.6851261854171753 19.217954635620117 -4.379949569702148
-0.5528196692466736 19.274126052856445 -4.398380279541016
-0.41778284311294556 19.231117248535156 -4.391016006469727
-0.2848331034183502 19.28616714477539 -4.40625524520874
-0.14799632132053375 19.233675003051758 -4.397188663482666
-0.014152636751532555 19.286848068237305 -4.412448406219482
0.11985858529806137 19.27144432067871 -4.408114433288574
0.2543022036552429 19.29325294494629 -4.4121785163879395
0.3889870047569275 19.317934036254883 -4.417111396789551
0.5219027996063232 19.257923126220703 -4.40289306640625
0.6649178266525269 19.452516555786133 -4.44437313079834
0.7956981658935547 19.33827018737793 -4.4139180183410645
0.933707058429718 19.405744552612305 -4.4251627922058105
1.068293571472168 19.392370223999023 -4.4181718826293945
1.2035785913467407 19.393573760986328 -4.413330554962158
1.3509676456451416 19.531166076660156 -4.436516761779785
1.4881634712219238 19.538639068603516 -4.4304351806640625
1.633276343345642 19.640092849731445 -4.44583797454834
1.7735202312469482 19.668373107910156 -4.444761753082275
1.9097917079925537 19.65099334716797 -4.429569244384766
2.0492091178894043 19.64003562927246 -4.415842056274414
2.18620228767395 19.6282901763916 -4.402346134185791
2.349590301513672 19.839000701904297 -4.438837051391602
2.4799041748046875 19.7614803314209 -4.407969951629639
2.64373779296875 19.944265365600586 -4.434109210968018
2.7769060134887695 19.8685359954834 -4.402627468109131
2.9394569396972656 20.014934539794922 -4.420760154724121
3.0791049003601074 19.998201370239258 -4.401389122009277
3.229356288909912 20.044973373413086 -4.393859386444092
3.384058952331543 20.113243103027344 -4.391141891479492
3.5486013889312744 20.22922706604004 -4.398843765258789
3.7139573097229004 20.324857711791992 -4.4014058113098145
3.86057186126709 20.32636833190918 -4.380770206451416
4.022756576538086 20.40558433532715 -4.376992225646973
4.194808483123779 20.52472686767578 -4.381722450256348
4.364761829376221 20.623788833618164 -4.3821120262146
4.524038314819336 20.654376983642578 -4.364765167236328
4.7061052322387695 20.792543411254883 -4.369791030883789
4.868550777435303 20.83603858947754 -4.354862689971924
5.057684421539307 20.986255645751953 -4.3621931076049805
5.224395275115967 21.03481674194336 -4.346709251403809
5.384613990783691 21.040918350219727 -4.320407390594482
5.565732955932617 21.13534164428711 -4.312769889831543
5.758612632751465 21.265249252319336 -4.312190055847168
5.907205581665039 21.22745132446289 -4.276952743530273
6.151551723480225 21.524616241455078 -4.306603908538818
6.328274726867676 21.564889907836914 -4.284013748168945
6.552107810974121 21.766063690185547 -4.293643474578857
6.755125522613525 21.888242721557617 -4.287378787994385
6.952235221862793 21.983505249023438 -4.27292013168335
7.12271785736084 21.989355087280273 -4.240886688232422
7.379664897918701 22.252819061279297 -4.258179187774658
7.585278034210205 22.341997146606445 -4.2411017417907715
7.798448085784912 22.456037521362305 -4.227176189422607
8.0328950881958 22.62272071838379 -4.222050666809082
8.274161338806152 22.79808235168457 -4.218008995056152
8.480796813964844 22.87017059326172 -4.194510459899902
8.732460021972656 23.047863006591797 -4.188098907470703
8.983148574829102 23.22065544128418 -4.17963981628418
9.206957817077637 23.315855026245117 -4.156775951385498
9.477365493774414 23.519845962524414 -4.152767181396484
9.762364387512207 23.75010871887207 -4.151866912841797
10.033658981323242 23.92682456970215 -4.138392925262451
10.295872688293457 24.080753326416016 -4.1211137771606445
10.528342247009277 24.15790557861328 -4.090249538421631
10.964105606079102 24.688474655151367 -4.134490489959717
11.15238094329834 24.64776039123535 -4.080157279968262
11.51020336151123 24.965717315673828 -4.083775997161865
11.748329162597656 25.02240753173828 -4.044724464416504
12.062400817871094 25.234188079833984 -4.029666900634766
12.380256652832031 25.443016052246094 -4.01140022277832
12.756560325622559 25.759628295898438 -4.008945465087891
0.0 0.0 0.0
0.0 0.0 0.0
13.71440315246582 26.293495178222656 -3.9266271591186523
14.197004318237305 26.76338005065918 -3.9391252994537354
0.0 0.0 0.0
0.0 0.0 0.0
0.0 0.0 0.0
15.826775550842285 27.92363166809082 -3.8589682579040527
16.23653793334961 28.18724250793457 -3.8304824829101562
0.0 0.0 0.0
17.121854782104492 28.79281997680664 -3.7739670276641846
0.0 0.0 0.0
0.0 0.0 0.0
0.0 0.0 0.0
0.0 0.0 0.0
0.0 0.0 0.0
0.0 0.0 0.0
0.0 0.0 0.0
0.0 0.0 0.0
0.0 0.0 0.0
0.0 0.0 0.0
0.0 0.0 0.0
0.0 0.0 0.0
0.0 0.0 0.0
0.0 0.0 0.0
0.0 0.0 0.0
0.0 0.0 0.0
0.0 0.0 0.0
0.0 0.0 0.0
0.0 0.0 0.0
0.0 0.0 0.0
0.0 0.0 0.0
0.0 0.0 0.0
0.0 0.0 0.0
0.0 0.0 0.0
0.0 0.0 0.0
0.0 0.0 0.0
0.0 0.0 0.0
0.0 0.0 0.0
0.0 0.0 0.0
0.0 0.0 0.0
0.0 0.0 0.0
0.0 0.0 0.0
0.0 0.0 0.0
0.0 0.0 0.0
0.0 0.0 0.0
0.0 0.0 0.0
0.0 0.0 0.0
0.0 0.0 0.0
0.0 0.0 0.0
0.0 0.0 0.0
0.0 0.0 0.0
0.0 0.0 0.0
0.0 0.0 0.0
0.0 0.0 0.0
0.0 0.0 0.0
0.0 0.0 0.0
0.0 0.0 0.0
0.0 0.0 0.0
0.0 0.0 0.0
0.0 0.0 0.0
0.0 0.0 0.0
0.0 0.0 0.0
0.0 0.0 0.0
0.0 0.0 0.0
0.0 0.0 0.0
0.0 0.0 0.0
0.0 0.0 0.0
0.0 0.0 0.0
0.0 0.0 0.0
0.0 0.0 0.0
0.0 0.0 0.0
0.0 0.0 0.0
0.0 0.0 0.0
0.0 0.0 0.0
0.0 0.0 0.0
0.0 0.0 0.0
0.0 0.0 0.0
0.0 0.0 0.0
0.0 0.0 0.0
0.0 0.0 0.0
0.0 0.0 0.0
0.0 0.0 0.0
0.0 0.0 0.0
0.0 0.0 0.0
0.0 0.0 0.0
0.0 0.0 0.0
0.0 0.0 0.0
0.0 0.0 0.0
0.0 0.0 0.0
0.0 0.0 0.0
0.0 0.0 0.0
0.0 0.0 0.0
0.0 0.0 0.0
0.0 0.0 0.0
0.0 0.0 0.0
0.0 0.0 0.0
0.0 0.0 0.0
0.0 0.0 0.0
0.0 0.0 0.0
0.0 0.0 0.0
0.0 0.0 0.0
0.0 0.0 0.0
0.0 0.0 0.0
0.0 0.0 0.0
0.0 0.0 0.0
0.0 0.0 0.0
0.0 0.0 0.0
0.0 0.0 0.0
0.0 0.0 0.0
0.0 0.0 0.0
0.0 0.0 0.0
0.0 0.0 0.0
0.0 0.0 0.0
0.0 0.0 0.0
0.0 0.0 0.0
0.0 0.0 0.0
0.0 0.0 0.0
0.0 0.0 0.0
0.0 0.0 0.0
0.0 0.0 0.0
0.0 0.0 0.0
0.0 0.0 0.0
0.0 0.0 0.0
0.0 0.0 0.0
0.0 0.0 0.0
0.0 0.0 0.0
0.0 0.0 0.0
0.0 0.0 0.0
0.0 0.0 0.0
0.0 0.0 0.0
0.0 0.0 0.0
-27.035419464111328 208.566162109375 49.10950469970703
0.0 0.0 0.0
0.0 0.0 0.0
0.0 0.0 0.0
0.0 0.0 0.0
0.0 0.0 0.0
0.0 0.0 0.0
0.0 0.0 0.0
0.0 0.0 0.0
0.0 0.0 0.0
0.0 0.0 0.0
0.0 0.0 0.0
0.0 0.0 0.0
0.0 0.0 0.0
0.0 0.0 0.0
0.0 0.0 0.0
0.0 0.0 0.0
0.0 0.0 0.0
0.0 0.0 0.0
0.0 0.0 0.0
0.0 0.0 0.0
0.0 0.0 0.0
0.0 0.0 0.0
0.0 0.0 0.0
0.0 0.0 0.0
0.0 0.0 0.0
0.0 0.0 0.0
0.0 0.0 0.0
0.0 0.0 0.0
0.0 0.0 0.0
0.0 0.0 0.0
0.0 0.0 0.0
0.0 0.0 0.0
0.0 0.0 0.0
0.0 0.0 0.0
0.0 0.0 0.0
0.0 0.0 0.0
0.0 0.0 0.0
0.0 0.0 0.0
0.0 0.0 0.0
0.0 0.0 0.0
0.0 0.0 0.0
0.0 0.0 0.0
0.0 0.0 0.0
0.0 0.0 0.0
0.0 0.0 0.0
0.0 0.0 0.0
0.0 0.0 0.0
0.0 0.0 0.0
0.0 0.0 0.0
0.0 0.0 0.0
0.0 0.0 0.0
0.0 0.0 0.0
0.0 0.0 0.0
0.0 0.0 0.0
0.0 0.0 0.0
0.0 0.0 0.0
0.0 0.0 0.0
0.0 0.0 0.0
0.0 0.0 0.0
0.0 0.0 0.0
0.0 0.0 0.0
0.0 0.0 0.0
0.0 0.0 0.0
0.0 0.0 0.0
0.0 0.0 0.0
0.0 0.0 0.0
0.0 0.0 0.0
0.0 0.0 0.0
0.0 0.0 0.0
0.0 0.0 0.0
0.0 0.0 0.0
0.0 0.0 0.0
0.0 0.0 0.0
0.0 0.0 0.0
-20.957477569580078 29.858665466308594 -2.630127429962158
0.0 0.0 0.0
0.0 0.0 0.0
0.0 0.0 0.0
0.0 0.0 0.0
0.0 0.0 0.0
0.0 0.0 0.0
0.0 0.0 0.0
0.0 0.0 0.0
0.0 0.0 0.0
0.0 0.0 0.0
0.0 0.0 0.0
0.0 0.0 0.0
0.0 0.0 0.0
-14.420111656188965 25.533843994140625 -3.285451650619507
0.0 0.0 0.0
0.0 0.0 0.0
0.0 0.0 0.0
0.0 0.0 0.0
-12.769758224487305 24.58009147644043 -3.4564898014068604
0.0 0.0 0.0
-12.14718246459961 24.209028244018555 -3.513054609298706
0.0 0.0 0.0
-11.54638957977295 23.83449935913086 -3.563401699066162
0.0 0.0 0.0
0.0 0.0 0.0
0.0 0.0 0.0
-10.407987594604492 23.108619689941406 -3.6476762294769287
0.0 0.0 0.0
0.0 0.0 0.0
0.0 0.0 0.0
-9.456121444702148 22.66054916381836 -3.754882574081421
0.0 0.0 0.0
0.0 0.0 0.0
-8.73337459564209 22.231952667236328 -3.808361291885376
-8.444093704223633 21.942726135253906 -3.799381971359253
0.0 0.0 0.0
0.0 0.0 0.0
-7.844533920288086 21.738222122192383 -3.878957748413086
0.0 0.0 0.0
0.0 0.0 0.0
-7.2629075050354 21.525537490844727 -3.9497058391571045
-7.010385513305664 21.27318000793457 -3.9387030601501465
-6.849189281463623 21.281381607055664 -3.9750118255615234
-6.680010795593262 21.262893676757812 -4.005198955535889
-6.482660293579102 21.147663116455078 -4.0153398513793945
-6.280642032623291 21.008668899536133 -4.020670413970947
-6.116189479827881 20.989675521850586 -4.048850059509277
-5.933020114898682 20.910968780517578 -4.06545352935791
-5.719347953796387 20.70473289489746 -4.05405330657959
-5.59052848815918 20.800518035888672 -4.101744651794434
-5.403403282165527 20.67643928527832 -4.106152534484863
-5.21088981628418 20.52104949951172 -4.104036331176758
-5.044492721557617 20.473102569580078 -4.121108055114746
-4.886959075927734 20.445755004882812 -4.141592979431152
-4.716058731079102 20.357505798339844 -4.149755001068115
-4.539241313934326 20.23423194885254 -4.150615692138672
-4.4025774002075195 20.285825729370117 -4.185258388519287
-4.211177825927734 20.089824676513672 -4.16786003112793
-4.062398910522461 20.075641632080078 -4.1877031326293945
-3.9149043560028076 20.064077377319336 -4.208193302154541
-3.764047145843506 20.03287696838379 -4.22357702255249
-3.604825735092163 19.94826316833496 -4.2253031730651855
-3.4452157020568848 19.86652946472168 -4.2279839515686035
-3.2987444400787354 19.839811325073242 -4.242094039916992
-3.16121768951416 19.86485481262207 -4.267397403717041
-2.9982352256774902 19.723487854003906 -4.253328800201416
-2.858045816421509 19.72453498840332 -4.270052909851074
-2.707186460494995 19.645112991333008 -4.269455432891846
-2.555060386657715 19.564821243286133 -4.269025802612305
-2.423922538757324 19.623903274536133 -4.296153545379639
-2.2732632160186768 19.5192928314209 -4.28643798828125
-2.146592378616333 19.618404388427734 -4.321648597717285
-2.0031046867370605 19.564834594726562 -4.323451519012451
-1.8598048686981201 19.52973175048828 -4.3281049728393555
-1.721996784210205 19.520551681518555 -4.3359222412109375
-1.5905797481536865 19.58641815185547 -4.3606390953063965
-1.4487335681915283 19.5220890045166 -4.35657262802124
-1.3063312768936157 19.43398094177246 -4.347057342529297
-1.1644158363342285 19.372440338134766 -4.33984375
-1.0323827266693115 19.431581497192383 -4.3597540855407715
-0.8981765508651733 19.4593505859375 -4.372863292694092
-0.7609475255012512 19.41763687133789 -4.3705620765686035
-0.6257010698318481 19.42137908935547 -4.375387668609619
-0.48681843280792236 19.367307662963867 -4.366361618041992
-0.3519587814807892 19.36175537109375 -4.368422508239746
-0.21852535009384155 19.47337532043457 -4.39715051651001
-0.08287426829338074 19.458728790283203 -4.395711898803711
0.05237444490194321 19.481754302978516 -4.400620460510254
0.18804915249347687 19.500028610229492 -4.404667854309082
0.32641422748565674 19.513505935668945 -4.407849311828613
0.4613148272037506 19.476661682128906 -4.399302005767822
0.5970216989517212 19.485403060913086 -4.397489070892334
0.7323030233383179 19.474153518676758 -4.3913726806640625
0.8723777532577515 19.572368621826172 -4.4101362228393555
1.0109153985977173 19.566715240478516 -4.405638694763184
1.1465582847595215 19.553354263305664 -4.39613676071167
1.2872247695922852 19.615278244018555 -4.4029622077941895
1.4272801876068115 19.657194137573242 -4.405475616455078
1.568734884262085 19.705707550048828 -4.4096360206604
1.7020173072814941 19.624319076538086 -4.382811069488525
1.8477277755737305 19.70966911315918 -4.391528129577637
1.9962401390075684 19.80913543701172 -4.403497695922852
2.1403543949127197 19.854421615600586 -4.403563976287842
2.282318353652954 19.872268676757812 -4.396993637084961
2.4240641593933105 19.86686897277832 -4.3819074630737305
2.57483172416687 19.947734832763672 -4.38621711730957
2.719482183456421 19.97454833984375 -4.378775596618652
2.88372802734375 20.132568359375 -4.4001545906066895
3.0322532653808594 20.169172286987305 -4.391628742218018
3.1796653270721436 20.1934814453125 -4.379984378814697
3.348637819290161 20.32947540283203 -4.392323970794678
3.4893879890441895 20.302536010742188 -4.369845867156982
3.6502840518951416 20.38783836364746 -4.369709014892578
3.8042984008789062 20.42711639404297 -4.358097553253174
3.974858283996582 20.5478572845459 -4.36390495300293
4.159146308898926 20.7117862701416 -4.378392696380615
4.297895908355713 20.657594680786133 -4.346427917480469
4.458714962005615 20.707698822021484 -4.333912372589111
4.642065048217773 20.853715896606445 -4.341410160064697
4.819091796875 20.96091651916504 -4.340702056884766
4.9961323738098145 21.047521591186523 -4.335248947143555
5.162923336029053 21.09662628173828 -4.319362640380859
5.342960834503174 21.192750930786133 -4.3127875328063965
0.0 0.0 0.0
0.0 0.0 0.0
5.891297340393066 21.45720863342285 -4.285268306732178
6.092609882354736 21.59954071044922 -4.284314155578613
6.287500858306885 21.7106990814209 -4.276979923248291
6.50628137588501 21.893781661987305 -4.283497333526611
6.655974388122559 21.840072631835938 -4.242753028869629
6.905478477478027 22.09653091430664 -4.259702682495117
7.12331485748291 22.24895668029785 -4.256672382354736
7.299309730529785 22.264310836791992 -4.227261066436768
7.530961036682129 22.44234275817871 -4.228246688842773
0.0 0.0 0.0
7.982105255126953 22.735044479370117 -4.212028503417969
8.186716079711914 22.801456451416016 -4.188032627105713
8.421754837036133 22.953718185424805 -4.180120944976807
8.700346946716309 23.212295532226562 -4.188594818115234
8.884308815002441 23.209020614624023 -4.148999214172363
9.217336654663086 23.584766387939453 -4.176560401916504
9.384629249572754 23.519302368164062 -4.124831199645996
9.687826156616211 23.796884536743164 -4.132023811340332
9.908334732055664 23.861291885375977 -4.100902557373047
10.203758239746094 24.097957611083984 -4.098886489868164
10.539883613586426 24.41673469543457 -4.109790325164795
10.70602798461914 24.328500747680664 -4.049759864807129
11.059925079345703 24.666736602783203 -4.060003280639648
11.321166038513184 24.78694725036621 -4.033452033996582
0.0 0.0 0.0
0.0 0.0 0.0
0.0 0.0 0.0
0.0 0.0 0.0
12.890231132507324 25.80406951904297 -3.9465279579162598
0.0 0.0 0.0
13.67928409576416 26.456764221191406 -3.9365904331207275
13.932252883911133 26.492265701293945 -3.886082649230957
14.38703441619873 26.89286994934082 -3.8870413303375244
0.0 0.0 0.0
15.274682998657227 27.622346878051758 -3.870361328125
0.0 0.0 0.0
16.04779052734375 28.089757919311523 -3.8096859455108643
0.0 0.0 0.0
0.0 0.0 0.0
0.0 0.0 0.0
0.0 0.0 0.0
0.0 0.0 0.0
0.0 0.0 0.0
0.0 0.0 0.0
0.0 0.0 0.0
20.633420944213867 31.370840072631836 -3.5414540767669678
0.0 0.0 0.0
0.0 0.0 0.0
0.0 0.0 0.0
0.0 0.0 0.0
24.127429962158203 34.038124084472656 -3.33968448638916
0.0 0.0 0.0
0.0 0.0 0.0
0.0 0.0 0.0
0.0 0.0 0.0
0.0 0.0 0.0
0.0 0.0 0.0
0.0 0.0 0.0
0.0 0.0 0.0
0.0 0.0 0.0
0.0 0.0 0.0
0.0 0.0 0.0
0.0 0.0 0.0
0.0 0.0 0.0
0.0 0.0 0.0
0.0 0.0 0.0
0.0 0.0 0.0
0.0 0.0 0.0
0.0 0.0 0.0
0.0 0.0 0.0
0.0 0.0 0.0
0.0 0.0 0.0
0.0 0.0 0.0
0.0 0.0 0.0
0.0 0.0 0.0
0.0 0.0 0.0
0.0 0.0 0.0
0.0 0.0 0.0
0.0 0.0 0.0
0.0 0.0 0.0
0.0 0.0 0.0
0.0 0.0 0.0
0.0 0.0 0.0
0.0 0.0 0.0
0.0 0.0 0.0
0.0 0.0 0.0
0.0 0.0 0.0
0.0 0.0 0.0
0.0 0.0 0.0
0.0 0.0 0.0
0.0 0.0 0.0
0.0 0.0 0.0
0.0 0.0 0.0
0.0 0.0 0.0
0.0 0.0 0.0
0.0 0.0 0.0
0.0 0.0 0.0
0.0 0.0 0.0
0.0 0.0 0.0
0.0 0.0 0.0
0.0 0.0 0.0
0.0 0.0 0.0
0.0 0.0 0.0
0.0 0.0 0.0
0.0 0.0 0.0
0.0 0.0 0.0
0.0 0.0 0.0
0.0 0.0 0.0
0.0 0.0 0.0
0.0 0.0 0.0
0.0 0.0 0.0
0.0 0.0 0.0
0.0 0.0 0.0
0.0 0.0 0.0
0.0 0.0 0.0
0.0 0.0 0.0
0.0 0.0 0.0
0.0 0.0 0.0
0.0 0.0 0.0
0.0 0.0 0.0
0.0 0.0 0.0
0.0 0.0 0.0
0.0 0.0 0.0
0.0 0.0 0.0
0.0 0.0 0.0
0.0 0.0 0.0
0.0 0.0 0.0
0.0 0.0 0.0
0.0 0.0 0.0
0.0 0.0 0.0
0.0 0.0 0.0
0.0 0.0 0.0
0.0 0.0 0.0
0.0 0.0 0.0
0.0 0.0 0.0
0.0 0.0 0.0
0.0 0.0 0.0
0.0 0.0 0.0
0.0 0.0 0.0
0.0 0.0 0.0
0.0 0.0 0.0
0.0 0.0 0.0
0.0 0.0 0.0
0.0 0.0 0.0
0.0 0.0 0.0
0.0 0.0 0.0
0.0 0.0 0.0
0.0 0.0 0.0
0.0 0.0 0.0
0.0 0.0 0.0
0.0 0.0 0.0
0.0 0.0 0.0
0.0 0.0 0.0
0.0 0.0 0.0
0.0 0.0 0.0
0.0 0.0 0.0
0.0 0.0 0.0
0.0 0.0 0.0
0.0 0.0 0.0
0.0 0.0 0.0
0.0 0.0 0.0
0.0 0.0 0.0
0.0 0.0 0.0
0.0 0.0 0.0
0.0 0.0 0.0
0.0 0.0 0.0
0.0 0.0 0.0
0.0 0.0 0.0
0.0 0.0 0.0
0.0 0.0 0.0
0.0 0.0 0.0
0.0 0.0 0.0
0.0 0.0 0.0
0.0 0.0 0.0
0.0 0.0 0.0
0.0 0.0 0.0
0.0 0.0 0.0
0.0 0.0 0.0
0.0 0.0 0.0
0.0 0.0 0.0
0.0 0.0 0.0
0.0 0.0 0.0
0.0 0.0 0.0
0.0 0.0 0.0
0.0 0.0 0.0
0.0 0.0 0.0
0.0 0.0 0.0
0.0 0.0 0.0
0.0 0.0 0.0
0.0 0.0 0.0
0.0 0.0 0.0
0.0 0.0 0.0
0.0 0.0 0.0
0.0 0.0 0.0
0.0 0.0 0.0
0.0 0.0 0.0
0.0 0.0 0.0
0.0 0.0 0.0
0.0 0.0 0.0
0.0 0.0 0.0
0.0 0.0 0.0
0.0 0.0 0.0
0.0 0.0 0.0
0.0 0.0 0.0
0.0 0.0 0.0
0.0 0.0 0.0
0.0 0.0 0.0
0.0 0.0 0.0
0.0 0.0 0.0
0.0 0.0 0.0
0.0 0.0 0.0
0.0 0.0 0.0
0.0 0.0 0.0
0.0 0.0 0.0
0.0 0.0 0.0
0.0 0.0 0.0
0.0 0.0 0.0
0.0 0.0 0.0
0.0 0.0 0.0
0.0 0.0 0.0
0.0 0.0 0.0
0.0 0.0 0.0
0.0 0.0 0.0
0.0 0.0 0.0
0.0 0.0 0.0
0.0 0.0 0.0
0.0 0.0 0.0
0.0 0.0 0.0
0.0 0.0 0.0
0.0 0.0 0.0
0.0 0.0 0.0
0.0 0.0 0.0
0.0 0.0 0.0
0.0 0.0 0.0
0.0 0.0 0.0
0.0 0.0 0.0
-21.35354232788086 30.20155906677246 -2.584491729736328
0.0 0.0 0.0
0.0 0.0 0.0
0.0 0.0 0.0
0.0 0.0 0.0
0.0 0.0 0.0
0.0 0.0 0.0
0.0 0.0 0.0
-17.337905883789062 27.680349349975586 -3.056586980819702
0.0 0.0 0.0
0.0 0.0 0.0
0.0 0.0 0.0
0.0 0.0 0.0
0.0 0.0 0.0
0.0 0.0 0.0
0.0 0.0 0.0
0.0 0.0 0.0
-13.687662124633789 25.258670806884766 -3.368716239929199
-13.388654708862305 25.12359619140625 -3.409576892852783
0.0 0.0 0.0
0.0 0.0 0.0
0.0 0.0 0.0
0.0 0.0 0.0
0.0 0.0 0.0
0.0 0.0 0.0
0.0 0.0 0.0
0.0 0.0 0.0
0.0 0.0 0.0
0.0 0.0 0.0
0.0 0.0 0.0
0.0 0.0 0.0
0.0 0.0 0.0
-9.426774978637695 22.82138442993164 -3.7615201473236084
0.0 0.0 0.0
-8.900853157043457 22.42589569091797 -3.7791523933410645
0.0 0.0 0.0
0.0 0.0 0.0
0.0 0.0 0.0
0.0 0.0 0.0
0.0 0.0 0.0
0.0 0.0 0.0
0.0 0.0 0.0
-7.224414825439453 21.660308837890625 -3.9464828968048096
0.0 0.0 0.0
0.0 0.0 0.0
0.0 0.0 0.0
-6.42498779296875 21.22631072998047 -3.999565601348877
-6.2280049324035645 21.105224609375 -4.009055137634277
-6.062973499298096 21.086231231689453 -4.035412788391113
-5.851202487945557 20.89581871032715 -4.028258323669434
-5.693885326385498 20.89249610900879 -4.057002067565918
-5.533225059509277 20.88483428955078 -4.08553409576416
-5.350604057312012 20.77911376953125 -4.0925374031066895
-5.17555570602417 20.69443702697754 -4.102159023284912
-5.004664897918701 20.619535446166992 -4.113641262054443
-4.828923225402832 20.517152786254883 -4.11954402923584
-4.665910243988037 20.47379493713379 -4.136824131011963
-4.522269248962402 20.500202178955078 -4.165474891662598
-4.341872215270996 20.353206634521484 -4.158874034881592
-4.168232440948486 20.227291107177734 -4.156440734863281
-4.027920246124268 20.25770378112793 -4.18617057800293
-3.8611459732055664 20.164085388183594 -4.187431812286377
-3.712742567062378 20.147884368896484 -4.20431661605835
-3.540888547897339 19.994953155517578 -4.192640781402588
-3.411717414855957 20.078216552734375 -4.230587482452393
-3.2501769065856934 19.96858024597168 -4.225772380828857
-3.109196901321411 19.994243621826172 -4.2486572265625
-2.9588117599487305 19.939191818237305 -4.254227638244629
-2.808124542236328 19.875478744506836 -4.258045196533203
-2.654412269592285 19.780607223510742 -4.254029273986816
-2.510511636734009 19.74953269958496 -4.261148929595947
-2.3733956813812256 19.77052116394043 -4.279697895050049
-2.2274341583251953 19.73381996154785 -4.286170482635498
-2.082742691040039 19.68068504333496 -4.288970470428467
-1.944724440574646 19.684280395507812 -4.300386428833008
-1.8018739223480225 19.633703231811523 -4.3000922203063965
-1.6718966960906982 19.7227783203125 -4.330592632293701
-1.525072455406189 19.643739700317383 -4.324604511260986
-1.3837730884552002 19.586912155151367 -4.320643424987793
-1.2450002431869507 19.559846878051758 -4.322018146514893
-1.106603741645813 19.52798843383789 -4.322507858276367
-0.9726859331130981 19.575149536132812 -4.340699672698975
-0.8377543091773987 19.66746711730957 -4.3678693771362305
-0.6988198757171631 19.614574432373047 -4.360045909881592
-0.5608101487159729 19.56070327758789 -4.352189064025879
-0.42641472816467285 19.643102645874023 -4.37487268447876
-0.2890443205833435 19.59876251220703 -4.369547367095947
-0.15004022419452667 19.565814971923828 -4.3627495765686035
-0.014055625535547733 19.573829650878906 -4.365255832672119
0.12253790348768234 19.638084411621094 -4.380520343780518
0.25871947407722473 19.61370849609375 -4.376225471496582
0.39828136563301086 19.764339447021484 -4.408288478851318
0.5302119255065918 19.559837341308594 -4.3599042892456055
0.671447217464447 19.63637351989746 -4.3743462562561035
0.8109467029571533 19.70435905456543 -4.3871259689331055
0.9495802521705627 19.729753494262695 -4.389196872711182
1.0876680612564087 19.73954200744629 -4.385200500488281
1.2258509397506714 19.74454689025879 -4.3803391456604
1.3623334169387817 19.68756675720215 -4.361851215362549
1.5143810510635376 19.877031326293945 -4.398208141326904
1.6527515649795532 19.868501663208008 -4.386908531188965
1.7924466133117676 19.874202728271484 -4.3789567947387695
1.9363619089126587 19.920700073242188 -4.3801727294921875
2.081448793411255 19.946969985961914 -4.376959323883057
2.2242488861083984 19.969196319580078 -4.370389461517334
2.3754308223724365 20.058927536010742 -4.377405643463135
2.5241663455963135 20.117231369018555 -4.377665996551514
2.667304754257202 20.125228881835938 -4.367133617401123
2.818066358566284 20.166231155395508 -4.362308025360107
2.9867446422576904 20.3392276763916 -4.383596420288086
3.132391929626465 20.344728469848633 -4.368832111358643
3.2800822257995605 20.360496520996094 -4.356441974639893
3.439714193344116 20.443021774291992 -4.358419895172119
3.5918850898742676 20.476118087768555 -4.346446514129639
3.7665789127349854 20.613027572631836 -4.356179714202881
3.92303204536438 20.654970169067383 -4.346182346343994
4.109117031097412 20.84213638305664 -4.3667073249816895
4.253507137298584 20.810791015625 -4.339066505432129
4.400801181793213 20.793622970581055 -4.313457489013672
4.575002670288086 20.88716697692871 -4.310537815093994
4.745821475982666 20.96855354309082 -4.30543851852417
4.934600353240967 21.119686126708984 -4.313443183898926
5.112525939941406 21.213714599609375 -4.307596683502197
5.271675109863281 21.224458694458008 -4.2848591804504395
0.0 0.0 0.0
5.643669605255127 21.430908203125 -4.276002883911133
5.842265605926514 21.575349807739258 -4.276712417602539
6.0020012855529785 21.57021713256836 -4.247714042663574
6.204126834869385 21.711519241333008 -4.247494697570801
6.413329601287842 21.857807159423828 -4.24751091003418
6.6280317306518555 22.02168846130371 -4.248891830444336
6.835461139678955 22.15069580078125 -4.24248743057251
7.0253167152404785 22.215612411499023 -4.223631381988525
7.2294392585754395 22.31919288635254 -4.21198034286499
7.447392463684082 22.457782745361328 -4.205383777618408
7.685431003570557 22.637569427490234 -4.20408821105957
7.941180229187012 22.866928100585938 -4.212063789367676
8.139979362487793 22.92340660095215 -4.187827110290527
8.334626197814941 22.963876724243164 -4.159901142120361
8.58922290802002 23.16194725036621 -4.158246040344238
8.750284194946289 23.093647003173828 -4.1079301834106445
9.10274600982666 23.52832794189453 -4.147155284881592
9.372190475463867 23.733642578125 -4.144826412200928
0.0 0.0 0.0
9.869550704956055 24.008405685424805 -4.110049724578857
10.156160354614258 24.215978622436523 -4.103110313415527
10.441668510437012 24.418350219726562 -4.0952982902526855
10.72071361541748 24.597299575805664 -4.080759525299072
11.000054359436035 24.76637840270996 -4.063711643218994
11.295022964477539 24.960952758789062 -4.050138473510742
0.0 0.0 0.0
11.949921607971191 25.45269775390625 -4.034175395965576
12.178735733032227 25.478002548217773 -3.98917555809021
0.0 0.0 0.0
12.894762992858887 26.039400100708008 -3.97664475440979
0.0 0.0 0.0
13.524057388305664 26.375165939331055 -3.9200923442840576
13.890152931213379 26.631765365600586 -3.9038479328155518
14.294872283935547 26.949703216552734 -3.895228147506714
0.0 0.0 0.0
0.0 0.0 0.0
15.513776779174805 27.822429656982422 -3.8396096229553223
0.0 0.0 0.0
0.0 0.0 0.0
0.0 0.0 0.0
0.0 0.0 0.0
0.0 0.0 0.0
0.0 0.0 0.0
0.0 0.0 0.0
19.21653938293457 30.357276916503906 -3.6121113300323486
0.0 0.0 0.0
0.0 0.0 0.0
0.0 0.0 0.0
0.0 0.0 0.0
0.0 0.0 0.0
0.0 0.0 0.0
0.0 0.0 0.0
0.0 0.0 0.0
0.0 0.0 0.0
0.0 0.0 0.0
0.0 0.0 0.0
0.0 0.0 0.0
0.0 0.0 0.0
0.0 0.0 0.0
0.0 0.0 0.0
0.0 0.0 0.0
0.0 0.0 0.0
0.0 0.0 0.0
0.0 0.0 0.0
0.0 0.0 0.0
0.0 0.0 0.0
0.0 0.0 0.0
0.0 0.0 0.0
0.0 0.0 0.0
0.0 0.0 0.0
0.0 0.0 0.0
0.0 0.0 0.0
0.0 0.0 0.0
0.0 0.0 0.0
0.0 0.0 0.0
0.0 0.0 0.0
0.0 0.0 0.0
100.81522369384766 201.07998657226562 39.700260162353516
0.0 0.0 0.0
0.0 0.0 0.0
0.0 0.0 0.0
0.0 0.0 0.0
0.0 0.0 0.0
0.0 0.0 0.0
0.0 0.0 0.0
0.0 0.0 0.0
0.0 0.0 0.0
0.0 0.0 0.0
0.0 0.0 0.0
0.0 0.0 0.0
0.0 0.0 0.0
0.0 0.0 0.0
0.0 0.0 0.0
0.0 0.0 0.0
0.0 0.0 0.0
0.0 0.0 0.0
0.0 0.0 0.0
0.0 0.0 0.0
0.0 0.0 0.0
0.0 0.0 0.0
0.0 0.0 0.0
0.0 0.0 0.0
0.0 0.0 0.0
0.0 0.0 0.0
0.0 0.0 0.0
0.0 0.0 0.0
0.0 0.0 0.0
0.0 0.0 0.0
0.0 0.0 0.0
0.0 0.0 0.0
0.0 0.0 0.0
0.0 0.0 0.0
0.0 0.0 0.0
0.0 0.0 0.0
0.0 0.0 0.0
0.0 0.0 0.0
0.0 0.0 0.0
0.0 0.0 0.0
0.0 0.0 0.0
0.0 0.0 0.0
0.0 0.0 0.0
0.0 0.0 0.0
0.0 0.0 0.0
0.0 0.0 0.0
0.0 0.0 0.0
0.0 0.0 0.0
0.0 0.0 0.0
0.0 0.0 0.0
0.0 0.0 0.0
0.0 0.0 0.0
0.0 0.0 0.0
0.0 0.0 0.0
0.0 0.0 0.0
0.0 0.0 0.0
0.0 0.0 0.0
0.0 0.0 0.0
0.0 0.0 0.0
0.0 0.0 0.0
0.0 0.0 0.0
0.0 0.0 0.0
0.0 0.0 0.0
0.0 0.0 0.0
0.0 0.0 0.0
0.0 0.0 0.0
0.0 0.0 0.0
0.0 0.0 0.0
0.0 0.0 0.0
0.0 0.0 0.0
0.0 0.0 0.0
0.0 0.0 0.0
0.0 0.0 0.0
0.0 0.0 0.0
0.0 0.0 0.0
0.0 0.0 0.0
0.0 0.0 0.0
0.0 0.0 0.0
0.0 0.0 0.0
0.0 0.0 0.0
0.0 0.0 0.0
0.0 0.0 0.0
0.0 0.0 0.0
0.0 0.0 0.0
0.0 0.0 0.0
0.0 0.0 0.0
0.0 0.0 0.0
0.0 0.0 0.0
0.0 0.0 0.0
0.0 0.0 0.0
0.0 0.0 0.0
0.0 0.0 0.0
0.0 0.0 0.0
0.0 0.0 0.0
0.0 0.0 0.0
0.0 0.0 0.0
0.0 0.0 0.0
0.0 0.0 0.0
0.0 0.0 0.0
0.0 0.0 0.0
0.0 0.0 0.0
0.0 0.0 0.0
0.0 0.0 0.0
0.0 0.0 0.0
0.0 0.0 0.0
0.0 0.0 0.0
0.0 0.0 0.0
0.0 0.0 0.0
0.0 0.0 0.0
0.0 0.0 0.0
0.0 0.0 0.0
0.0 0.0 0.0
0.0 0.0 0.0
0.0 0.0 0.0
0.0 0.0 0.0
0.0 0.0 0.0
0.0 0.0 0.0
0.0 0.0 0.0
0.0 0.0 0.0
0.0 0.0 0.0
0.0 0.0 0.0
0.0 0.0 0.0
0.0 0.0 0.0
0.0 0.0 0.0
0.0 0.0 0.0
0.0 0.0 0.0
0.0 0.0 0.0
0.0 0.0 0.0
0.0 0.0 0.0
0.0 0.0 0.0
0.0 0.0 0.0
0.0 0.0 0.0
0.0 0.0 0.0
0.0 0.0 0.0
0.0 0.0 0.0
0.0 0.0 0.0
0.0 0.0 0.0
0.0 0.0 0.0
0.0 0.0 0.0
0.0 0.0 0.0
0.0 0.0 0.0
0.0 0.0 0.0
0.0 0.0 0.0
0.0 0.0 0.0
0.0 0.0 0.0
0.0 0.0 0.0
0.0 0.0 0.0
0.0 0.0 0.0
0.0 0.0 0.0
0.0 0.0 0.0
0.0 0.0 0.0
0.0 0.0 0.0
0.0 0.0 0.0
0.0 0.0 0.0
0.0 0.0 0.0
0.0 0.0 0.0
0.0 0.0 0.0
0.0 0.0 0.0
0.0 0.0 0.0
0.0 0.0 0.0
0.0 0.0 0.0
0.0 0.0 0.0
0.0 0.0 0.0
0.0 0.0 0.0
0.0 0.0 0.0
0.0 0.0 0.0
0.0 0.0 0.0
0.0 0.0 0.0
0.0 0.0 0.0
0.0 0.0 0.0
0.0 0.0 0.0
0.0 0.0 0.0
0.0 0.0 0.0
-14.557683944702148 25.77972984313965 -3.261125326156616
0.0 0.0 0.0
0.0 0.0 0.0
0.0 0.0 0.0
0.0 0.0 0.0
0.0 0.0 0.0
-12.483725547790527 24.447860717773438 -3.4291412830352783
0.0 0.0 0.0
0.0 0.0 0.0
0.0 0.0 0.0
0.0 0.0 0.0
0.0 0.0 0.0
0.0 0.0 0.0
0.0 0.0 0.0
-10.221672058105469 23.12221336364746 -3.622753858566284
0.0 0.0 0.0
0.0 0.0 0.0
-9.490063667297363 22.74232292175293 -3.6919748783111572
0.0 0.0 0.0
-9.134044647216797 22.787376403808594 -3.784503698348999
0.0 0.0 0.0
0.0 0.0 0.0
0.0 0.0 0.0
-8.216609001159668 22.284875869750977 -3.8568828105926514
-7.988072872161865 22.138822555541992 -3.8678481578826904
0.0 0.0 0.0
-7.574371337890625 21.94239044189453 -3.904844045639038
0.0 0.0 0.0
-7.133466720581055 21.644933700561523 -3.921243190765381
0.0 0.0 0.0
0.0 0.0 0.0
-6.589395523071289 21.493011474609375 -3.9914865493774414
-6.303249835968018 21.082319259643555 -3.946120262145996
-6.205184459686279 21.29277992248535 -4.015275478363037
-6.000988483428955 21.148508071899414 -4.018265724182129
-5.800837993621826 20.998151779174805 -4.019242763519287
-5.62788724899292 20.93893814086914 -4.036954402923584
-5.431864261627197 20.78592300415039 -4.0339179039001465
-5.301545143127441 20.880504608154297 -4.078977108001709
-5.107944488525391 20.7325439453125 -4.077170372009277
-4.928134441375732 20.61977767944336 -4.081612586975098
-4.78494930267334 20.655467987060547 -4.112738609313965
-4.613903522491455 20.566722869873047 -4.118804454803467
-4.457492828369141 20.536527633666992 -4.136573791503906
-4.274701118469238 20.38933753967285 -4.131155014038086
-4.126957416534424 20.390844345092773 -4.153473854064941
-3.9684505462646484 20.335159301757812 -4.162749290466309
-3.817131519317627 20.312158584594727 -4.178815841674805
-3.64741849899292 20.18253517150879 -4.172929763793945
-3.5046963691711426 20.210468292236328 -4.199163436889648
-3.348890542984009 20.14316177368164 -4.202700614929199
-3.2008047103881836 20.116243362426758 -4.214753150939941
-3.0551326274871826 20.09956169128418 -4.229067802429199
-2.894341230392456 19.97588348388672 -4.220939636230469
-2.757859230041504 20.0145320892334 -4.24374532699585
-2.61210298538208 20.003286361694336 -4.256033897399902
-2.457831859588623 19.899721145629883 -4.248532295227051
-2.3095524311065674 19.83296012878418 -4.248951435089111
-2.1790921688079834 19.917444229125977 -4.27978515625
-2.032931327819824 19.85698890686035 -4.277981281280518
-1.888420820236206 19.82988166809082 -4.283719539642334
-1.7472875118255615 19.805362701416016 -4.289973735809326
-1.6036638021469116 19.74578094482422 -4.287922382354736
-1.461828589439392 19.697235107421875 -4.285325050354004
-1.3264856338500977 19.73528289794922 -4.301774024963379
-1.1866005659103394 19.742008209228516 -4.311755657196045
-1.0473145246505737 19.7171688079834 -4.314904689788818
-0.9117900133132935 19.760746002197266 -4.329437732696533
-0.7746688723564148 19.77680206298828 -4.337656497955322
-0.6356492042541504 19.73851203918457 -4.3341593742370605
-0.493852436542511 19.661149978637695 -4.322351455688477
-0.35702595114707947 19.655704498291016 -4.324190616607666
-0.2208545058965683 19.699302673339844 -4.3351216316223145
-0.08399324119091034 19.753395080566406 -4.348581314086914
0.05349093675613403 19.817977905273438 -4.364568710327148
0.19054581224918365 19.74443244934082 -4.349591255187988
0.3300665020942688 19.735469818115234 -4.345602035522461
0.4674074053764343 19.733196258544922 -4.343331336975098
0.6071871519088745 19.810043334960938 -4.358679294586182
0.7446103692054749 19.798219680786133 -4.354724407196045
0.8843302130699158 19.839555740356445 -4.359066963195801
1.0270390510559082 19.876136779785156 -4.361764430999756
1.1643911600112915 19.85467529296875 -4.352027893066406
1.3007447719573975 19.820838928222656 -4.339799880981445
1.4524776935577393 20.003461837768555 -4.373057842254639
1.5905025005340576 19.979928970336914 -4.359280586242676
1.746019721031189 20.13020133972168 -4.383419513702393
1.8779665231704712 20.03241729736328 -4.353883743286133
2.027177095413208 20.116220474243164 -4.3633952140808105
2.17020583152771 20.131303787231445 -4.35473108291626
2.3091845512390137 20.107423782348633 -4.337840557098389
2.4702725410461426 20.245378494262695 -4.3557939529418945
2.6247482299804688 20.333080291748047 -4.363192558288574
2.7696282863616943 20.34076690673828 -4.350435256958008
2.9219534397125244 20.3967342376709 -4.347389221191406
3.067234754562378 20.39864730834961 -4.332967758178711
3.230527400970459 20.51282501220703 -4.342496395111084
3.371333599090576 20.463489532470703 -4.31558895111084
3.539560556411743 20.591094970703125 -4.3244194984436035
3.6962435245513916 20.642057418823242 -4.317174911499023
3.856766700744629 20.706867218017578 -4.312880516052246
4.029109954833984 20.82693099975586 -4.319728851318359
4.209117889404297 20.9608211517334 -4.325789928436279
4.369938373565674 21.00370216369629 -4.313424110412598
4.554135799407959 21.150209426879883 -4.322310447692871
4.702294826507568 21.123178482055664 -4.295770645141602
4.879607200622559 21.222551345825195 -4.292396545410156
5.062122344970703 21.32383918762207 -4.288166522979736
5.250094890594482 21.450239181518555 -4.289291858673096
5.3933539390563965 21.38909339904785 -4.252956867218018
0.0 0.0 0.0
5.767840385437012 21.60208511352539 -4.242641925811768
5.979257583618164 21.774263381958008 -4.248807430267334
6.167816162109375 21.863922119140625 -4.239132881164551
6.377025127410889 22.0185546875 -4.241401195526123
6.58873987197876 22.171831130981445 -4.240638256072998
6.782740116119385 22.257099151611328 -4.226645469665527
7.001759052276611 22.406038284301758 -4.223970413208008
7.2250285148620605 22.568477630615234 -4.224067211151123
7.434291839599609 22.67815399169922 -4.211598873138428
7.5821638107299805 22.59627342224121 -4.163217544555664
7.845291614532471 22.85196876525879 -4.176887035369873
8.102174758911133 23.076128005981445 -4.184160232543945
8.300365447998047 23.116071701049805 -4.155369758605957
8.513806343078613 23.20246696472168 -4.134452819824219
8.80477237701416 23.489046096801758 -4.148624897003174
9.020243644714355 23.563989639282227 -4.124887943267822
9.27625560760498 23.737884521484375 -4.117126941680908
9.548857688903809 23.933420181274414 -4.110298156738281
9.782243728637695 24.03097915649414 -4.086904525756836
10.005785942077637 24.09786605834961 -4.057979583740234
10.294839859008789 24.316009521484375 -4.0534987449646
10.622878074645996 24.613096237182617 -4.059558391571045
10.92113208770752 24.820907592773438 -4.049252510070801
11.17886734008789 24.935251235961914 -4.023801803588867
0.0 0.0 0.0
11.749554634094238 25.262432098388672 -3.983971357345581
12.118943214416504 25.589723587036133 -3.9874584674835205
12.41464614868164 25.740922927856445 -3.96159291267395
0.0 0.0 0.0
0.0 0.0 0.0
13.44528865814209 26.451488494873047 -3.915254831314087
13.80416488647461 26.69504165649414 -3.8979341983795166
14.19704818725586 26.993680953979492 -3.886820077896118
14.54897689819336 27.19446563720703 -3.857586622238159
0.0 0.0 0.0
0.0 0.0 0.0
15.854104995727539 28.207042694091797 -3.820845127105713
0.0 0.0 0.0
16.75809097290039 28.86011505126953 -3.778268337249756
0.0 0.0 0.0
17.52572250366211 29.23959732055664 -3.692537546157837
0.0 0.0 0.0
0.0 0.0 0.0
0.0 0.0 0.0
0.0 0.0 0.0
0.0 0.0 0.0
0.0 0.0 0.0
0.0 0.0 0.0
0.0 0.0 0.0
0.0 0.0 0.0
0.0 0.0 0.0
0.0 0.0 0.0
0.0 0.0 0.0
0.0 0.0 0.0
0.0 0.0 0.0
0.0 0.0 0.0
0.0 0.0 0.0
0.0 0.0 0.0
0.0 0.0 0.0
0.0 0.0 0.0
0.0 0.0 0.0
0.0 0.0 0.0
0.0 0.0 0.0
0.0 0.0 0.0
0.0 0.0 0.0
0.0 0.0 0.0
0.0 0.0 0.0
0.0 0.0 0.0
0.0 0.0 0.0
0.0 0.0 0.0
0.0 0.0 0.0
0.0 0.0 0.0
0.0 0.0 0.0
0.0 0.0 0.0
0.0 0.0 0.0
0.0 0.0 0.0
0.0 0.0 0.0
0.0 0.0 0.0
0.0 0.0 0.0
0.0 0.0 0.0
0.0 0.0 0.0
0.0 0.0 0.0
0.0 0.0 0.0
0.0 0.0 0.0
0.0 0.0 0.0
0.0 0.0 0.0
0.0 0.0 0.0
0.0 0.0 0.0
0.0 0.0 0.0
0.0 0.0 0.0
0.0 0.0 0.0
0.0 0.0 0.0
0.0 0.0 0.0
0.0 0.0 0.0
0.0 0.0 0.0
0.0 0.0 0.0
0.0 0.0 0.0
0.0 0.0 0.0
0.0 0.0 0.0
0.0 0.0 0.0
0.0 0.0 0.0
0.0 0.0 0.0
0.0 0.0 0.0
0.0 0.0 0.0
0.0 0.0 0.0
0.0 0.0 0.0
0.0 0.0 0.0
0.0 0.0 0.0
0.0 0.0 0.0
0.0 0.0 0.0
0.0 0.0 0.0
0.0 0.0 0.0
0.0 0.0 0.0
0.0 0.0 0.0
0.0 0.0 0.0
0.0 0.0 0.0
0.0 0.0 0.0
0.0 0.0 0.0
0.0 0.0 0.0
0.0 0.0 0.0
0.0 0.0 0.0
0.0 0.0 0.0
0.0 0.0 0.0
0.0 0.0 0.0
0.0 0.0 0.0
0.0 0.0 0.0
0.0 0.0 0.0
0.0 0.0 0.0
0.0 0.0 0.0
0.0 0.0 0.0
0.0 0.0 0.0
0.0 0.0 0.0
0.0 0.0 0.0
0.0 0.0 0.0
0.0 0.0 0.0
0.0 0.0 0.0
0.0 0.0 0.0
0.0 0.0 0.0
0.0 0.0 0.0
0.0 0.0 0.0
0.0 0.0 0.0
0.0 0.0 0.0
0.0 0.0 0.0
0.0 0.0 0.0
0.0 0.0 0.0
0.0 0.0 0.0
0.0 0.0 0.0
0.0 0.0 0.0
0.0 0.0 0.0
0.0 0.0 0.0
0.0 0.0 0.0
0.0 0.0 0.0
0.0 0.0 0.0
0.0 0.0 0.0
0.0 0.0 0.0
0.0 0.0 0.0
0.0 0.0 0.0
0.0 0.0 0.0
0.0 0.0 0.0
0.0 0.0 0.0
0.0 0.0 0.0
0.0 0.0 0.0
0.0 0.0 0.0
0.0 0.0 0.0
0.0 0.0 0.0
0.0 0.0 0.0
0.0 0.0 0.0
0.0 0.0 0.0
0.0 0.0 0.0
0.0 0.0 0.0
0.0 0.0 0.0
0.0 0.0 0.0
0.0 0.0 0.0
0.0 0.0 0.0
0.0 0.0 0.0
0.0 0.0 0.0
0.0 0.0 0.0
0.0 0.0 0.0
0.0 0.0 0.0
0.0 0.0 0.0
0.0 0.0 0.0
0.0 0.0 0.0
0.0 0.0 0.0
0.0 0.0 0.0
0.0 0.0 0.0
0.0 0.0 0.0
0.0 0.0 0.0
0.0 0.0 0.0
0.0 0.0 0.0
0.0 0.0 0.0
0.0 0.0 0.0
0.0 0.0 0.0
0.0 0.0 0.0
0.0 0.0 0.0
0.0 0.0 0.0
0.0 0.0 0.0
0.0 0.0 0.0
0.0 0.0 0.0
0.0 0.0 0.0
0.0 0.0 0.0
0.0 0.0 0.0
0.0 0.0 0.0
0.0 0.0 0.0
0.0 0.0 0.0
0.0 0.0 0.0
0.0 0.0 0.0
0.0 0.0 0.0
0.0 0.0 0.0
0.0 0.0 0.0
0.0 0.0 0.0
0.0 0.0 0.0
0.0 0.0 0.0
0.0 0.0 0.0
0.0 0.0 0.0
0.0 0.0 0.0
0.0 0.0 0.0
0.0 0.0 0.0
0.0 0.0 0.0
0.0 0.0 0.0
0.0 0.0 0.0
0.0 0.0 0.0
0.0 0.0 0.0
0.0 0.0 0.0
0.0 0.0 0.0
0.0 0.0 0.0
0.0 0.0 0.0
0.0 0.0 0.0
0.0 0.0 0.0
0.0 0.0 0.0
0.0 0.0 0.0
0.0 0.0 0.0
0.0 0.0 0.0
0.0 0.0 0.0
0.0 0.0 0.0
0.0 0.0 0.0
0.0 0.0 0.0
0.0 0.0 0.0
0.0 0.0 0.0
-20.972318649291992 30.105173110961914 -2.6435258388519287
0.0 0.0 0.0
0.0 0.0 0.0
0.0 0.0 0.0
0.0 0.0 0.0
0.0 0.0 0.0
0.0 0.0 0.0
0.0 0.0 0.0
0.0 0.0 0.0
0.0 0.0 0.0
0.0 0.0 0.0
0.0 0.0 0.0
0.0 0.0 0.0
0.0 0.0 0.0
0.0 0.0 0.0
-14.189196586608887 25.75331687927246 -3.31545352935791
0.0 0.0 0.0
-13.366456985473633 25.08201026916504 -3.3427584171295166
-13.1236572265625 25.051992416381836 -3.3951261043548584
0.0 0.0 0.0
-12.489323616027832 24.671634674072266 -3.450711727142334
0.0 0.0 0.0
-11.845335960388184 24.230051040649414 -3.489664316177368
0.0 0.0 0.0
0.0 0.0 0.0
0.0 0.0 0.0
0.0 0.0 0.0
0.0 0.0 0.0
0.0 0.0 0.0
-9.925191879272461 23.105762481689453 -3.6455888748168945
0.0 0.0 0.0
0.0 0.0 0.0
0.0 0.0 0.0
0.0 0.0 0.0
0.0 0.0 0.0
0.0 0.0 0.0
-8.3171968460083 22.312562942504883 -3.7979049682617188
0.0 0.0 0.0
0.0 0.0 0.0
-7.669366359710693 21.973844528198242 -3.8486006259918213
-7.440232276916504 21.804851531982422 -3.8538010120391846
-7.269179821014404 21.798372268676758 -3.8856656551361084
-7.09260368347168 21.77223014831543 -3.9140353202819824
0.0 0.0 0.0
-6.666004180908203 21.473251342773438 -3.925410032272339
0.0 0.0 0.0
-6.291965484619141 21.319496154785156 -3.9575157165527344
-6.128079891204834 21.308320999145508 -3.98539400100708
-5.933546543121338 21.184833526611328 -3.9921720027923584
-5.7670769691467285 21.156583786010742 -4.0145063400268555
-5.598730087280273 21.127683639526367 -4.036741733551025
-5.406024932861328 20.98902130126953 -4.037403583526611
-5.213512897491455 20.841339111328125 -4.036106109619141
-5.044189453125 20.77814483642578 -4.049356460571289
-4.912988662719727 20.870744705200195 -4.091648578643799
-4.7166361808776855 20.693675994873047 -4.081554889678955
-4.559587478637695 20.668012619018555 -4.1007771492004395
-4.405606746673584 20.652528762817383 -4.121389865875244
-4.220545291900635 20.482431411743164 -4.108481407165527
-4.082912445068359 20.53634262084961 -4.140538215637207
-3.901869297027588 20.37896156311035 -4.130410671234131
-3.757819175720215 20.39299201965332 -4.154638767242432
-3.598222494125366 20.319883346557617 -4.158193111419678
-3.4386770725250244 20.238075256347656 -4.159556865692139
-3.293361186981201 20.234394073486328 -4.177069187164307
-3.1528491973876953 20.27533721923828 -4.204322338104248
-2.992605209350586 20.167766571044922 -4.198608875274658
-2.8493406772613525 20.1691837310791 -4.2139973640441895
-2.6961824893951416 20.093748092651367 -4.213437557220459
-2.5538573265075684 20.09304428100586 -4.228673458099365
-2.4144060611724854 20.114233016967773 -4.248050212860107
-2.2566182613372803 19.994775772094727 -4.234746932983398
-2.1187551021575928 20.022151947021484 -4.252476215362549
-1.9719781875610352 19.961097717285156 -4.251595973968506
-1.8279002904891968 19.91800880432129 -4.254671573638916
-1.6880711317062378 19.916418075561523 -4.263582706451416
-1.5457817316055298 19.910322189331055 -4.271139144897461
-1.4133551120758057 20.005945205688477 -4.300605773925781
-1.2693290710449219 19.940593719482422 -4.295691967010498
-1.1292552947998047 19.92416000366211 -4.299609661102295
-0.983835756778717 19.796607971191406 -4.2775092124938965
-0.8476028442382812 19.896974563598633 -4.3049540519714355
-0.7094565629959106 19.9085636138916 -4.313325881958008
-0.5696170926094055 19.86967658996582 -4.310539722442627
-0.4309194087982178 19.849672317504883 -4.308273792266846
-0.2930906414985657 19.86686897277832 -4.314290523529053
-0.1527351289987564 19.917470932006836 -4.327825546264648
-0.014246420934796333 19.947998046875 -4.337174892425537
0.12403002381324768 19.875164031982422 -4.321077823638916
0.2627091705799103 19.908470153808594 -4.327172756195068
0.4023940861225128 19.959888458251953 -4.33740758895874
0.5417240262031555 19.975984573364258 -4.340175151824951
0.6828323602676392 19.96465492248535 -4.335597038269043
0.8215617537498474 19.956758499145508 -4.329461574554443
0.9596635103225708 19.93645668029785 -4.320847988128662
1.1055059432983398 20.060062408447266 -4.3436102867126465
1.2488560676574707 20.11402130126953 -4.3514251708984375
1.388136386871338 20.060991287231445 -4.332151889801025
1.53676438331604 20.170875549316406 -4.3483805656433105
1.679236650466919 20.188337326049805 -4.344850063323975
1.8166897296905518 20.1439151763916 -4.328205585479736
1.9632567167282104 20.197940826416016 -4.330272197723389
2.1131591796875 20.250991821289062 -4.330663204193115
2.2715864181518555 20.394311904907227 -4.350644111633301
2.4145829677581787 20.388418197631836 -4.338918685913086
2.54905366897583 20.3134765625 -4.311591625213623
2.709258556365967 20.43905258178711 -4.324181079864502
2.855480194091797 20.430561065673828 -4.308259963989258
3.0170035362243652 20.54239845275879 -4.318075656890869
3.1714937686920166 20.596290588378906 -4.315788745880127
3.3365976810455322 20.710174560546875 -4.322638511657715
3.4921722412109375 20.754886627197266 -4.3148393630981445
3.6511762142181396 20.81351661682129 -4.310027599334717
3.820599317550659 20.908214569091797 -4.312443256378174
3.9760446548461914 20.934694290161133 -4.299128532409668
4.142519474029541 21.012889862060547 -4.295041084289551
4.311811447143555 21.09730339050293 -4.292233943939209
4.488196849822998 21.206607818603516 -4.294448375701904
4.64408016204834 21.201900482177734 -4.2725510597229
4.820614814758301 21.297908782958984 -4.2688703536987305
5.004659175872803 21.418678283691406 -4.2700934410095215
5.216847896575928 21.646053314208984 -4.292319297790527
5.341664791107178 21.50672721862793 -4.24190616607666
0.0 0.0 0.0
5.7435102462768555 21.812789916992188 -4.249739170074463
5.923708438873291 21.878332138061523 -4.236395835876465
6.12053918838501 21.997928619384766 -4.233424186706543
6.301458358764648 22.05337142944336 -4.216315269470215
6.517852783203125 22.213775634765625 -4.217278003692627
6.7352447509765625 22.37664794921875 -4.218891620635986
6.880570411682129 22.295074462890625 -4.174383640289307
7.108248233795166 22.47675895690918 -4.178407669067383
7.365120887756348 22.737218856811523 -4.194568634033203
7.571312427520752 22.83095932006836 -4.179588794708252
7.796954154968262 22.965824127197266 -4.171304702758789
7.987947940826416 23.00132179260254 -4.145274639129639
8.249373435974121 23.231727600097656 -4.151470184326172
8.446061134338379 23.271345138549805 -4.123215675354004
8.700148582458496 23.461050033569336 -4.121217250823975
8.94373893737793 23.604198455810547 -4.109973907470703
9.115950584411621 23.562997817993164 -4.065064907073975
9.439953804016113 23.90435028076172 -4.085161209106445
9.69276237487793 24.05276870727539 -4.071505546569824
9.930495262145996 24.156007766723633 -4.049802303314209
10.2071533203125 24.338254928588867 -4.03877067565918
10.487198829650879 24.52610206604004 -4.027883529663086
0.0 0.0 0.0
0.0 0.0 0.0
0.0 0.0 0.0
0.0 0.0 0.0
0.0 0.0 0.0
0.0 0.0 0.0
0.0 0.0 0.0
0.0 0.0 0.0
13.333065032958984 26.4646053314209 -3.9119834899902344
13.67953109741211 26.680444717407227 -3.8912339210510254
14.027704238891602 26.89820671081543 -3.8691823482513428
14.374955177307129 27.1019229888916 -3.842806577682495
14.779107093811035 27.401081085205078 -3.8287417888641357
0.0 0.0 0.0
15.63161563873291 28.032711029052734 -3.797685384750366
0.0 0.0 0.0
0.0 0.0 0.0
0.0 0.0 0.0
0.0 0.0 0.0
0.0 0.0 0.0
0.0 0.0 0.0
0.0 0.0 0.0
0.0 0.0 0.0
0.0 0.0 0.0
0.0 0.0 0.0
0.0 0.0 0.0
0.0 0.0 0.0
0.0 0.0 0.0
0.0 0.0 0.0
0.0 0.0 0.0
0.0 0.0 0.0
0.0 0.0 0.0
0.0 0.0 0.0
0.0 0.0 0.0
0.0 0.0 0.0
0.0 0.0 0.0
0.0 0.0 0.0
0.0 0.0 0.0
0.0 0.0 0.0
0.0 0.0 0.0
0.0 0.0 0.0
0.0 0.0 0.0
0.0 0.0 0.0
0.0 0.0 0.0
0.0 0.0 0.0
0.0 0.0 0.0
0.0 0.0 0.0
0.0 0.0 0.0
0.0 0.0 0.0
0.0 0.0 0.0
0.0 0.0 0.0
0.0 0.0 0.0
0.0 0.0 0.0
0.0 0.0 0.0
0.0 0.0 0.0
0.0 0.0 0.0
0.0 0.0 0.0
0.0 0.0 0.0
0.0 0.0 0.0
0.0 0.0 0.0
0.0 0.0 0.0
0.0 0.0 0.0
0.0 0.0 0.0
0.0 0.0 0.0
0.0 0.0 0.0
0.0 0.0 0.0
0.0 0.0 0.0
0.0 0.0 0.0
0.0 0.0 0.0
0.0 0.0 0.0
0.0 0.0 0.0
0.0 0.0 0.0
0.0 0.0 0.0
0.0 0.0 0.0
0.0 0.0 0.0
0.0 0.0 0.0
0.0 0.0 0.0
0.0 0.0 0.0
0.0 0.0 0.0
0.0 0.0 0.0
0.0 0.0 0.0
0.0 0.0 0.0
0.0 0.0 0.0
0.0 0.0 0.0
0.0 0.0 0.0
0.0 0.0 0.0
0.0 0.0 0.0
0.0 0.0 0.0
0.0 0.0 0.0
0.0 0.0 0.0
0.0 0.0 0.0
0.0 0.0 0.0
0.0 0.0 0.0
0.0 0.0 0.0
0.0 0.0 0.0
0.0 0.0 0.0
0.0 0.0 0.0
0.0 0.0 0.0
0.0 0.0 0.0
0.0 0.0 0.0
0.0 0.0 0.0
0.0 0.0 0.0
0.0 0.0 0.0
0.0 0.0 0.0
0.0 0.0 0.0
0.0 0.0 0.0
0.0 0.0 0.0
0.0 0.0 0.0
0.0 0.0 0.0
0.0 0.0 0.0
0.0 0.0 0.0
0.0 0.0 0.0
0.0 0.0 0.0
0.0 0.0 0.0
0.0 0.0 0.0
0.0 0.0 0.0
0.0 0.0 0.0
0.0 0.0 0.0
0.0 0.0 0.0
0.0 0.0 0.0
0.0 0.0 0.0
0.0 0.0 0.0
0.0 0.0 0.0
0.0 0.0 0.0
0.0 0.0 0.0
0.0 0.0 0.0
0.0 0.0 0.0
0.0 0.0 0.0
0.0 0.0 0.0
0.0 0.0 0.0
0.0 0.0 0.0
0.0 0.0 0.0
0.0 0.0 0.0
0.0 0.0 0.0
0.0 0.0 0.0
0.0 0.0 0.0
0.0 0.0 0.0
0.0 0.0 0.0
0.0 0.0 0.0
0.0 0.0 0.0
0.0 0.0 0.0
0.0 0.0 0.0
0.0 0.0 0.0
0.0 0.0 0.0
0.0 0.0 0.0
0.0 0.0 0.0
0.0 0.0 0.0
0.0 0.0 0.0
0.0 0.0 0.0
0.0 0.0 0.0
0.0 0.0 0.0
0.0 0.0 0.0
0.0 0.0 0.0
0.0 0.0 0.0
0.0 0.0 0.0
0.0 0.0 0.0
0.0 0.0 0.0
0.0 0.0 0.0
0.0 0.0 0.0
0.0 0.0 0.0
0.0 0.0 0.0
0.0 0.0 0.0
0.0 0.0 0.0
0.0 0.0 0.0
0.0 0.0 0.0
0.0 0.0 0.0
0.0 0.0 0.0
0.0 0.0 0.0
0.0 0.0 0.0
0.0 0.0 0.0
0.0 0.0 0.0
0.0 0.0 0.0
0.0 0.0 0.0
0.0 0.0 0.0
0.0 0.0 0.0
0.0 0.0 0.0
0.0 0.0 0.0
0.0 0.0 0.0
0.0 0.0 0.0
0.0 0.0 0.0
0.0 0.0 0.0
0.0 0.0 0.0
0.0 0.0 0.0
0.0 0.0 0.0
0.0 0.0 0.0
0.0 0.0 0.0
0.0 0.0 0.0
0.0 0.0 0.0
0.0 0.0 0.0
0.0 0.0 0.0
0.0 0.0 0.0
0.0 0.0 0.0
0.0 0.0 0.0
0.0 0.0 0.0
0.0 0.0 0.0
0.0 0.0 0.0
0.0 0.0 0.0
0.0 0.0 0.0
0.0 0.0 0.0
0.0 0.0 0.0
0.0 0.0 0.0
0.0 0.0 0.0
0.0 0.0 0.0
0.0 0.0 0.0
0.0 0.0 0.0
0.0 0.0 0.0
0.0 0.0 0.0
0.0 0.0 0.0
0.0 0.0 0.0
0.0 0.0 0.0
0.0 0.0 0.0
0.0 0.0 0.0
0.0 0.0 0.0
0.0 0.0 0.0
0.0 0.0 0.0
0.0 0.0 0.0
0.0 0.0 0.0
0.0 0.0 0.0
0.0 0.0 0.0
0.0 0.0 0.0
0.0 0.0 0.0
0.0 0.0 0.0
0.0 0.0 0.0
0.0 0.0 0.0
0.0 0.0 0.0
0.0 0.0 0.0
0.0 0.0 0.0
0.0 0.0 0.0
0.0 0.0 0.0
0.0 0.0 0.0
0.0 0.0 0.0
0.0 0.0 0.0
0.0 0.0 0.0
0.0 0.0 0.0
0.0 0.0 0.0
-12.667276382446289 24.807598114013672 -3.40986967086792
0.0 0.0 0.0
0.0 0.0 0.0
0.0 0.0 0.0
0.0 0.0 0.0
0.0 0.0 0.0
0.0 0.0 0.0
0.0 0.0 0.0
0.0 0.0 0.0
0.0 0.0 0.0
-9.902185440063477 23.27273941040039 -3.656280755996704
0.0 0.0 0.0
0.0 0.0 0.0
0.0 0.0 0.0
0.0 0.0 0.0
0.0 0.0 0.0
0.0 0.0 0.0
0.0 0.0 0.0
0.0 0.0 0.0
-7.821530342102051 22.151948928833008 -3.8199381828308105
0.0 0.0 0.0
0.0 0.0 0.0
-7.239899635314941 21.96601676940918 -3.889342784881592
-7.069146633148193 21.961620330810547 -3.922250986099243
-6.80767297744751 21.666065216064453 -3.9007186889648438
0.0 0.0 0.0
-6.41887092590332 21.469682693481445 -3.9259872436523438
-6.269612789154053 21.514896392822266 -3.964742660522461
-6.02072286605835 21.219558715820312 -3.9397003650665283
-5.871483325958252 21.255008697509766 -3.973707914352417
-5.705069541931152 21.226261138916016 -3.995828151702881
-5.553907871246338 21.251976013183594 -4.02830696105957
-5.349613666534424 21.068185806274414 -4.020565986633301
-5.188688278198242 21.058923721313477 -4.043902397155762
-4.98537015914917 20.85744857788086 -4.029754638671875
-4.825841903686523 20.829992294311523 -4.0490875244140625
-4.690454483032227 20.906145095825195 -4.088752746582031
-4.520683765411377 20.828197479248047 -4.095759391784668
-4.337347507476807 20.689374923706055 -4.090468883514404
-4.192952632904053 20.717748641967773 -4.117889404296875
-4.0167951583862305 20.583301544189453 -4.112987041473389
-3.8547749519348145 20.51179313659668 -4.11899471282959
-3.7125110626220703 20.541156768798828 -4.143638610839844
-3.538701057434082 20.403789520263672 -4.135043144226074
-3.3947935104370117 20.415809631347656 -4.1564226150512695
-3.2495107650756836 20.419343948364258 -4.175810813903809
-3.0992043018341064 20.38838768005371 -4.1851019859313965
-2.945096254348755 20.326030731201172 -4.188051700592041
-2.805068016052246 20.3573055267334 -4.21044921875
-2.648719310760498 20.285430908203125 -4.21196174621582
-2.4906463623046875 20.167150497436523 -4.200623035430908
-2.3451101779937744 20.139028549194336 -4.207266807556152
-2.2020111083984375 20.128883361816406 -4.217843532562256
-2.056205987930298 20.087278366088867 -4.221970558166504
-1.916460633277893 20.128862380981445 -4.242419719696045
-1.7664285898208618 20.028873443603516 -4.230606555938721
-1.6262333393096924 20.030654907226562 -4.24044132232666
-1.488925814628601 20.069561004638672 -4.258352279663086
-1.3452625274658203 20.019838333129883 -4.2575764656066895
-1.2083282470703125 20.107309341430664 -4.282362937927246
-1.0680286884307861 20.105972290039062 -4.288360595703125
-0.9285103678703308 20.118921279907227 -4.29761266708374
-0.785423219203949 20.043102264404297 -4.288086891174316
-0.6458672881126404 20.047006607055664 -4.2931342124938965
-0.504669725894928 20.077011108398438 -4.302568435668945
-0.36343875527381897 19.99905776977539 -4.289021015167236
-0.22400249540805817 19.981229782104492 -4.288558483123779
-0.08492841571569443 19.985586166381836 -4.291886329650879
0.05402962863445282 19.98196792602539 -4.29062557220459
0.19367630779743195 20.03848648071289 -4.302484512329102
0.33519837260246277 20.02143669128418 -4.298755168914795
0.4754658043384552 20.056894302368164 -4.306511878967285
0.6167010068893433 20.11122703552246 -4.314788341522217
0.7529735565185547 20.011974334716797 -4.2899394035339355
0.8957227468490601 20.087324142456055 -4.302731037139893
1.043991208076477 20.199697494506836 -4.323575973510742
1.1865125894546509 20.227659225463867 -4.324417591094971
1.3329975605010986 20.308380126953125 -4.334796905517578
1.4723600149154663 20.273719787597656 -4.320737838745117
1.6157052516937256 20.29141616821289 -4.318039417266846
1.7765640020370483 20.479385375976562 -4.350969314575195
1.9116296768188477 20.389217376708984 -4.321732044219971
2.052807331085205 20.370397567749023 -4.307871341705322
2.2016000747680664 20.422809600830078 -4.309256553649902
2.350069046020508 20.462736129760742 -4.308149814605713
2.5057291984558105 20.536115646362305 -4.311034202575684
2.661163806915283 20.616344451904297 -4.314785480499268
2.809580087661743 20.634769439697266 -4.30573034286499
2.969231605529785 20.727872848510742 -4.3123779296875
3.1234726905822754 20.7746639251709 -4.307979583740234
3.264357805252075 20.730010986328125 -4.282528400421143
3.4377903938293457 20.869112014770508 -4.294865608215332
3.6172738075256348 21.04493522644043 -4.314979553222656
3.756014823913574 20.978111267089844 -4.2853264808654785
3.9125733375549316 21.008865356445312 -4.272339344024658
4.094480991363525 21.166339874267578 -4.285119533538818
4.2676472663879395 21.25430679321289 -4.283459186553955
4.416394233703613 21.22875213623047 -4.259343147277832
4.583534240722656 21.288776397705078 -4.250224590301514
4.76680326461792 21.415077209472656 -4.253208160400391
4.967692852020264 21.607149124145508 -4.269052505493164
5.140331745147705 21.655168533325195 -4.255975246429443
5.304862022399902 21.676488876342773 -4.237027645111084
5.483422756195068 21.748991012573242 -4.225921154022217
5.710517883300781 22.002178192138672 -4.249678611755371
5.861182689666748 21.95277976989746 -4.214888095855713
6.077154159545898 22.131366729736328 -4.223369121551514
6.23877477645874 22.116989135742188 -4.192474842071533
6.455347061157227 22.289613723754883 -4.1968793869018555
6.6669745445251465 22.43454933166504 -4.195777893066406
6.850502014160156 22.478368759155273 -4.175663471221924
7.081386089324951 22.659835815429688 -4.17844820022583
7.259825706481934 22.675151824951172 -4.150074481964111
7.527379512786865 22.959775924682617 -4.170698165893555
7.712482452392578 22.98265266418457 -4.143402099609375
0.0 0.0 0.0
8.126404762268066 23.14464569091797 -4.105874061584473
8.379690170288086 23.336416244506836 -4.10496187210083
8.687746047973633 23.675100326538086 -4.129744052886963
8.911261558532715 23.772668838500977 -4.111419200897217
9.097006797790527 23.76402473449707 -4.072393417358398
9.323770523071289 23.858104705810547 -4.050861358642578
9.652554512023926 24.192874908447266 -4.068860054016113
9.903389930725098 24.328792572021484 -4.053316116333008
10.1671142578125 24.487688064575195 -4.0388264656066895
10.45046329498291 24.6831111907959 -4.029674530029297
0.0 0.0 0.0
10.963199615478516 24.912363052368164 -3.9827280044555664
11.3729829788208 25.365156173706055 -4.0104851722717285
11.65998649597168 25.528532028198242 -3.991035223007202
11.987159729003906 25.769916534423828 -3.983046531677246
0.0 0.0 0.0
0.0 0.0 0.0
0.0 0.0 0.0
13.237236976623535 26.497087478637695 -3.8981399536132812
13.586377143859863 26.729385375976562 -3.881715774536133
13.807441711425781 26.703886032104492 -3.8250598907470703
14.374058723449707 27.33144760131836 -3.8601760864257812
14.671991348266602 27.424488067626953 -3.817220687866211
0.0 0.0 0.0
0.0 0.0 0.0
0.0 0.0 0.0
0.0 0.0 0.0
16.787752151489258 28.90995979309082 -3.7167699337005615
17.20581817626953 29.16132926940918 -3.682996988296509
0.0 0.0 0.0
0.0 0.0 0.0
0.0 0.0 0.0
0.0 0.0 0.0
19.917564392089844 31.2187442779541 -3.571168899536133
0.0 0.0 0.0
0.0 0.0 0.0
0.0 0.0 0.0
0.0 0.0 0.0
0.0 0.0 0.0
0.0 0.0 0.0
0.0 0.0 0.0
0.0 0.0 0.0
0.0 0.0 0.0
0.0 0.0 0.0
0.0 0.0 0.0
0.0 0.0 0.0
0.0 0.0 0.0
0.0 0.0 0.0
0.0 0.0 0.0
0.0 0.0 0.0
0.0 0.0 0.0
0.0 0.0 0.0
0.0 0.0 0.0
0.0 0.0 0.0
0.0 0.0 0.0
0.0 0.0 0.0
0.0 0.0 0.0
0.0 0.0 0.0
0.0 0.0 0.0
0.0 0.0 0.0
0.0 0.0 0.0
0.0 0.0 0.0
0.0 0.0 0.0
0.0 0.0 0.0
0.0 0.0 0.0
0.0 0.0 0.0
0.0 0.0 0.0
0.0 0.0 0.0
0.0 0.0 0.0
0.0 0.0 0.0
0.0 0.0 0.0
0.0 0.0 0.0
0.0 0.0 0.0
0.0 0.0 0.0
0.0 0.0 0.0
0.0 0.0 0.0
0.0 0.0 0.0
0.0 0.0 0.0
0.0 0.0 0.0
0.0 0.0 0.0
0.0 0.0 0.0
0.0 0.0 0.0
0.0 0.0 0.0
0.0 0.0 0.0
0.0 0.0 0.0
0.0 0.0 0.0
0.0 0.0 0.0
0.0 0.0 0.0
0.0 0.0 0.0
0.0 0.0 0.0
0.0 0.0 0.0
0.0 0.0 0.0
0.0 0.0 0.0
0.0 0.0 0.0
0.0 0.0 0.0
0.0 0.0 0.0
0.0 0.0 0.0
0.0 0.0 0.0
0.0 0.0 0.0
0.0 0.0 0.0
0.0 0.0 0.0
0.0 0.0 0.0
0.0 0.0 0.0
0.0 0.0 0.0
0.0 0.0 0.0
0.0 0.0 0.0
0.0 0.0 0.0
0.0 0.0 0.0
0.0 0.0 0.0
0.0 0.0 0.0
0.0 0.0 0.0
0.0 0.0 0.0
0.0 0.0 0.0
0.0 0.0 0.0
0.0 0.0 0.0
0.0 0.0 0.0
0.0 0.0 0.0
0.0 0.0 0.0
0.0 0.0 0.0
0.0 0.0 0.0
0.0 0.0 0.0
0.0 0.0 0.0
0.0 0.0 0.0
0.0 0.0 0.0
0.0 0.0 0.0
0.0 0.0 0.0
0.0 0.0 0.0
0.0 0.0 0.0
0.0 0.0 0.0
0.0 0.0 0.0
0.0 0.0 0.0
0.0 0.0 0.0
0.0 0.0 0.0
0.0 0.0 0.0
0.0 0.0 0.0
0.0 0.0 0.0
0.0 0.0 0.0
0.0 0.0 0.0
0.0 0.0 0.0
0.0 0.0 0.0
0.0 0.0 0.0
0.0 0.0 0.0
0.0 0.0 0.0
0.0 0.0 0.0
0.0 0.0 0.0
0.0 0.0 0.0
0.0 0.0 0.0
0.0 0.0 0.0
0.0 0.0 0.0
0.0 0.0 0.0
0.0 0.0 0.0
0.0 0.0 0.0
0.0 0.0 0.0
0.0 0.0 0.0
0.0 0.0 0.0
0.0 0.0 0.0
0.0 0.0 0.0
0.0 0.0 0.0
0.0 0.0 0.0
0.0 0.0 0.0
0.0 0.0 0.0
0.0 0.0 0.0
0.0 0.0 0.0
0.0 0.0 0.0
0.0 0.0 0.0
0.0 0.0 0.0
0.0 0.0 0.0
0.0 0.0 0.0
0.0 0.0 0.0
0.0 0.0 0.0
0.0 0.0 0.0
0.0 0.0 0.0
0.0 0.0 0.0
0.0 0.0 0.0
0.0 0.0 0.0
0.0 0.0 0.0
0.0 0.0 0.0
0.0 0.0 0.0
0.0 0.0 0.0
0.0 0.0 0.0
0.0 0.0 0.0
0.0 0.0 0.0
0.0 0.0 0.0
0.0 0.0 0.0
0.0 0.0 0.0
0.0 0.0 0.0
0.0 0.0 0.0
0.0 0.0 0.0
0.0 0.0 0.0
0.0 0.0 0.0
0.0 0.0 0.0
0.0 0.0 0.0
0.0 0.0 0.0
0.0 0.0 0.0
0.0 0.0 0.0
0.0 0.0 0.0
0.0 0.0 0.0
0.0 0.0 0.0
0.0 0.0 0.0
0.0 0.0 0.0
0.0 0.0 0.0
0.0 0.0 0.0
0.0 0.0 0.0
0.0 0.0 0.0
0.0 0.0 0.0
0.0 0.0 0.0
0.0 0.0 0.0
0.0 0.0 0.0
0.0 0.0 0.0
0.0 0.0 0.0
0.0 0.0 0.0
0.0 0.0 0.0
0.0 0.0 0.0
0.0 0.0 0.0
0.0 0.0 0.0
0.0 0.0 0.0
0.0 0.0 0.0
0.0 0.0 0.0
0.0 0.0 0.0
0.0 0.0 0.0
0.0 0.0 0.0
0.0 0.0 0.0
0.0 0.0 0.0
0.0 0.0 0.0
0.0 0.0 0.0
0.0 0.0 0.0
-21.521682739257812 30.43708610534668 -2.5329153537750244
0.0 0.0 0.0
0.0 0.0 0.0
0.0 0.0 0.0
0.0 0.0 0.0
0.0 0.0 0.0
0.0 0.0 0.0
0.0 0.0 0.0
0.0 0.0 0.0
0.0 0.0 0.0
0.0 0.0 0.0
0.0 0.0 0.0
0.0 0.0 0.0
0.0 0.0 0.0
-14.781269073486328 25.96774673461914 -3.163059711456299
-14.62967586517334 26.124717712402344 -3.242945671081543
0.0 0.0 0.0
0.0 0.0 0.0
-13.599080085754395 25.515838623046875 -3.336965560913086
0.0 0.0 0.0
0.0 0.0 0.0
0.0 0.0 0.0
0.0 0.0 0.0
0.0 0.0 0.0
0.0 0.0 0.0
0.0 0.0 0.0
-11.139881134033203 24.060806274414062 -3.5416347980499268
0.0 0.0 0.0
0.0 0.0 0.0
0.0 0.0 0.0
-10.027409553527832 23.346576690673828 -3.6100552082061768
0.0 0.0 0.0
0.0 0.0 0.0
0.0 0.0 0.0
0.0 0.0 0.0
0.0 0.0 0.0
0.0 0.0 0.0
0.0 0.0 0.0
0.0 0.0 0.0
0.0 0.0 0.0
0.0 0.0 0.0
-7.529500961303711 22.06199073791504 -3.811979293823242
0.0 0.0 0.0
-7.110689640045166 21.82586097717285 -3.837028741836548
-6.983410358428955 21.9531192779541 -3.8904247283935547
0.0 0.0 0.0
-6.551313877105713 21.642078399658203 -3.8971872329711914
-6.38663387298584 21.64033317565918 -3.9273581504821777
0.0 0.0 0.0
-6.023376941680908 21.507896423339844 -3.959138870239258
-5.833483695983887 21.402374267578125 -3.967636823654175
-5.63571834564209 21.26988410949707 -3.9714419841766357
-5.473697185516357 21.254619598388672 -3.9941413402557373
-5.292590141296387 21.159936904907227 -4.001355171203613
-5.131195068359375 21.138446807861328 -4.022396087646484
-4.97387170791626 21.130674362182617 -4.046138763427734
-4.770717620849609 20.931608200073242 -4.032052516937256
-4.625481605529785 20.966751098632812 -4.060911655426025
-4.449558734893799 20.858243942260742 -4.062011241912842
-4.293959140777588 20.838516235351562 -4.080409049987793
-4.143134593963623 20.840301513671875 -4.102787971496582
-3.958690881729126 20.676156997680664 -4.0898284912109375
-3.8236083984375 20.75145149230957 -4.123992443084717
-3.6529083251953125 20.62955665588379 -4.119086265563965
-3.509131669998169 20.65367317199707 -4.143404483795166
-3.340125799179077 20.5222225189209 -4.133864402770996
-3.1804230213165283 20.454328536987305 -4.1365580558776855
-3.0329418182373047 20.44172477722168 -4.150243759155273
-2.8895387649536133 20.454593658447266 -4.169276237487793
-2.7363805770874023 20.394622802734375 -4.1722331047058105
-2.585879325866699 20.345333099365234 -4.175217628479004
-2.4378662109375 20.310163497924805 -4.181243896484375
-2.297576665878296 20.3577823638916 -4.2047319412231445
-2.1486129760742188 20.3052978515625 -4.207508087158203
-1.9991190433502197 20.237260818481445 -4.20333194732666
-1.861007809638977 20.282421112060547 -4.222860813140869
-1.7186434268951416 20.280881881713867 -4.232872009277344
-1.5644339323043823 20.1564884185791 -4.217558860778809
-1.4279924631118774 20.22203254699707 -4.2394700050354
-1.286492943763733 20.21826171875 -4.245522499084473
-1.146844744682312 20.244033813476562 -4.257986545562744
-1.0055721998214722 20.242109298706055 -4.264835834503174
-0.8615668416023254 20.227998733520508 -4.268505096435547
-0.7168623805046082 20.12177085876465 -4.249672889709473
-0.5777292251586914 20.155874252319336 -4.260669708251953
-0.4376586973667145 20.166086196899414 -4.266829967498779
-0.2982064485549927 20.22499656677246 -4.283514022827148
-0.15507924556732178 20.23396873474121 -4.28642463684082
-0.014342612586915493 20.276472091674805 -4.295915603637695
0.12645244598388672 20.23392105102539 -4.287595272064209
0.26700806617736816 20.217144012451172 -4.284941673278809
0.407189279794693 20.192113876342773 -4.278945446014404
0.5522287487983704 20.357589721679688 -4.311187744140625
0.6907140016555786 20.193485260009766 -4.273799419403076
0.8354513049125671 20.292003631591797 -4.292252540588379
0.9755287766456604 20.263545989990234 -4.283851623535156
1.1209489107131958 20.337932586669922 -4.293568134307861
1.2642157077789307 20.3616943359375 -4.292778491973877
1.403398036956787 20.281322479248047 -4.270150661468506
1.5560064315795898 20.425073623657227 -4.295004367828369
1.7029428482055664 20.472963333129883 -4.297179698944092
1.8533843755722046 20.55054473876953 -4.304351806640625
1.9953685998916626 20.52806854248047 -4.290740966796875
2.1474270820617676 20.580476760864258 -4.2928266525268555
2.302189826965332 20.670217514038086 -4.3019280433654785
2.4557766914367676 20.736574172973633 -4.303407669067383
2.6132583618164062 20.8245849609375 -4.309482574462891
2.745934009552002 20.714143753051758 -4.274693965911865
2.9131052494049072 20.841346740722656 -4.28892183303833
3.0680556297302246 20.888660430908203 -4.283737659454346
3.2319557666778564 20.98789405822754 -4.288862705230713
3.382159948348999 20.991357803344727 -4.274525165557861
3.556718587875366 21.137271881103516 -4.28926944732666
3.7128827571868896 21.165184020996094 -4.278371334075928
3.872985363006592 21.19565773010254 -4.265960216522217
4.041824817657471 21.281818389892578 -4.265148639678955
4.189067840576172 21.250078201293945 -4.2408294677734375
4.375949859619141 21.412715911865234 -4.254956245422363
4.544924736022949 21.476816177368164 -4.246362686157227
4.7201080322265625 21.550365447998047 -4.239286422729492
4.884593486785889 21.581863403320312 -4.22435998916626
5.060388088226318 21.656917572021484 -4.217983722686768
5.241738796234131 21.749731063842773 -4.212725639343262
5.454624176025391 21.96039581298828 -4.229294776916504
5.604701042175293 21.90076446533203 -4.19338846206665
5.805495262145996 22.04494857788086 -4.196943283081055
6.013308048248291 22.206289291381836 -4.202312469482422
6.203322410583496 22.292057037353516 -4.191378593444824
6.393596649169922 22.372608184814453 -4.179409027099609
6.602108955383301 22.49888038635254 -4.17537260055542
6.80432653427124 22.605731964111328 -4.167769432067871
6.9919304847717285 22.65601921081543 -4.147002220153809
7.231627464294434 22.866249084472656 -4.1552605628967285
7.405801773071289 22.86187744140625 -4.124339580535889
7.6554131507873535 23.082775115966797 -4.133859157562256
7.892396926879883 23.246299743652344 -4.130046844482422
8.109286308288574 23.35030174255371 -4.115340232849121
8.338324546813965 23.48147964477539 -4.105152606964111
8.614311218261719 23.733840942382812 -4.115666389465332
8.823003768920898 23.79224395751953 -4.090770244598389
9.051010131835938 23.887727737426758 -4.0702691078186035
9.300232887268066 24.039730072021484 -4.059664249420166
9.591711044311523 24.28997039794922 -4.065065860748291
9.771385192871094 24.251182556152344 -4.020959854125977
10.041313171386719 24.42885398864746 -4.010738372802734
0.0 0.0 0.0
0.0 0.0 0.0
10.871160507202148 24.945619583129883 -3.9728944301605225
11.192328453063965 25.20146369934082 -3.97023868560791
11.52062702178955 25.461231231689453 -3.967312812805176
0.0 0.0 0.0
0.0 0.0 0.0
12.543228149414062 26.24090003967285 -3.949273109436035
12.771005630493164 26.24746322631836 -3.9023854732513428
0.0 0.0 0.0
13.538415908813477 26.870731353759766 -3.89631724357605
13.794058799743652 26.902385711669922 -3.8479156494140625
14.20160961151123 27.22883415222168 -3.841740369796753
14.60351276397705 27.530441284179688 -3.830676794052124
0.0 0.0 0.0
0.0 0.0 0.0
0.0 0.0 0.0
0.0 0.0 0.0
0.0 0.0 0.0
0.0 0.0 0.0
0.0 0.0 0.0
0.0 0.0 0.0
0.0 0.0 0.0
0.0 0.0 0.0
0.0 0.0 0.0
20.198312759399414 31.42037582397461 -3.536008834838867
0.0 0.0 0.0
0.0 0.0 0.0
0.0 0.0 0.0
0.0 0.0 0.0
0.0 0.0 0.0
0.0 0.0 0.0
0.0 0.0 0.0
0.0 0.0 0.0
0.0 0.0 0.0
0.0 0.0 0.0
0.0 0.0 0.0
0.0 0.0 0.0
0.0 0.0 0.0
0.0 0.0 0.0
0.0 0.0 0.0
0.0 0.0 0.0
0.0 0.0 0.0
0.0 0.0 0.0
0.0 0.0 0.0
0.0 0.0 0.0
0.0 0.0 0.0
0.0 0.0 0.0
0.0 0.0 0.0
0.0 0.0 0.0
0.0 0.0 0.0
0.0 0.0 0.0
0.0 0.0 0.0
0.0 0.0 0.0
0.0 0.0 0.0
0.0 0.0 0.0
0.0 0.0 0.0
0.0 0.0 0.0
0.0 0.0 0.0
0.0 0.0 0.0
0.0 0.0 0.0
0.0 0.0 0.0
0.0 0.0 0.0
0.0 0.0 0.0
0.0 0.0 0.0
0.0 0.0 0.0
0.0 0.0 0.0
0.0 0.0 0.0
0.0 0.0 0.0
0.0 0.0 0.0
0.0 0.0 0.0
0.0 0.0 0.0
0.0 0.0 0.0
0.0 0.0 0.0
0.0 0.0 0.0
0.0 0.0 0.0
0.0 0.0 0.0
0.0 0.0 0.0
0.0 0.0 0.0
0.0 0.0 0.0
0.0 0.0 0.0
0.0 0.0 0.0
0.0 0.0 0.0
0.0 0.0 0.0
0.0 0.0 0.0
0.0 0.0 0.0
0.0 0.0 0.0
0.0 0.0 0.0
0.0 0.0 0.0
0.0 0.0 0.0
0.0 0.0 0.0
0.0 0.0 0.0
0.0 0.0 0.0
0.0 0.0 0.0
0.0 0.0 0.0
0.0 0.0 0.0
0.0 0.0 0.0
0.0 0.0 0.0
0.0 0.0 0.0
0.0 0.0 0.0
0.0 0.0 0.0
0.0 0.0 0.0
0.0 0.0 0.0
0.0 0.0 0.0
0.0 0.0 0.0
0.0 0.0 0.0
0.0 0.0 0.0
0.0 0.0 0.0
0.0 0.0 0.0
0.0 0.0 0.0
0.0 0.0 0.0
0.0 0.0 0.0
0.0 0.0 0.0
0.0 0.0 0.0
0.0 0.0 0.0
0.0 0.0 0.0
0.0 0.0 0.0
0.0 0.0 0.0
0.0 0.0 0.0
0.0 0.0 0.0
0.0 0.0 0.0
0.0 0.0 0.0
0.0 0.0 0.0
0.0 0.0 0.0
0.0 0.0 0.0
0.0 0.0 0.0
0.0 0.0 0.0
0.0 0.0 0.0
0.0 0.0 0.0
0.0 0.0 0.0
0.0 0.0 0.0
0.0 0.0 0.0
0.0 0.0 0.0
0.0 0.0 0.0
0.0 0.0 0.0
0.0 0.0 0.0
0.0 0.0 0.0
0.0 0.0 0.0
0.0 0.0 0.0
0.0 0.0 0.0
0.0 0.0 0.0
0.0 0.0 0.0
0.0 0.0 0.0
0.0 0.0 0.0
0.0 0.0 0.0
0.0 0.0 0.0
0.0 0.0 0.0
0.0 0.0 0.0
0.0 0.0 0.0
0.0 0.0 0.0
0.0 0.0 0.0
0.0 0.0 0.0
0.0 0.0 0.0
0.0 0.0 0.0
0.0 0.0 0.0
0.0 0.0 0.0
0.0 0.0 0.0
0.0 0.0 0.0
0.0 0.0 0.0
0.0 0.0 0.0
0.0 0.0 0.0
0.0 0.0 0.0
0.0 0.0 0.0
0.0 0.0 0.0
0.0 0.0 0.0
0.0 0.0 0.0
0.0 0.0 0.0
0.0 0.0 0.0
0.0 0.0 0.0
0.0 0.0 0.0
0.0 0.0 0.0
0.0 0.0 0.0
0.0 0.0 0.0
0.0 0.0 0.0
0.0 0.0 0.0
0.0 0.0 0.0
0.0 0.0 0.0
0.0 0.0 0.0
0.0 0.0 0.0
0.0 0.0 0.0
0.0 0.0 0.0
0.0 0.0 0.0
0.0 0.0 0.0
0.0 0.0 0.0
0.0 0.0 0.0
0.0 0.0 0.0
0.0 0.0 0.0
0.0 0.0 0.0
0.0 0.0 0.0
0.0 0.0 0.0
0.0 0.0 0.0
0.0 0.0 0.0
0.0 0.0 0.0
0.0 0.0 0.0
0.0 0.0 0.0
0.0 0.0 0.0
0.0 0.0 0.0
0.0 0.0 0.0
0.0 0.0 0.0
0.0 0.0 0.0
0.0 0.0 0.0
0.0 0.0 0.0
0.0 0.0 0.0
0.0 0.0 0.0
0.0 0.0 0.0
0.0 0.0 0.0
0.0 0.0 0.0
0.0 0.0 0.0
0.0 0.0 0.0
0.0 0.0 0.0
0.0 0.0 0.0
0.0 0.0 0.0
0.0 0.0 0.0
0.0 0.0 0.0
0.0 0.0 0.0
0.0 0.0 0.0
0.0 0.0 0.0
0.0 0.0 0.0
0.0 0.0 0.0
0.0 0.0 0.0
0.0 0.0 0.0
0.0 0.0 0.0
0.0 0.0 0.0
0.0 0.0 0.0
0.0 0.0 0.0
0.0 0.0 0.0
0.0 0.0 0.0
0.0 0.0 0.0
0.0 0.0 0.0
-15.590119361877441 26.72600555419922 -3.1197588443756104
0.0 0.0 0.0
0.0 0.0 0.0
0.0 0.0 0.0
0.0 0.0 0.0
0.0 0.0 0.0
0.0 0.0 0.0
0.0 0.0 0.0
0.0 0.0 0.0
0.0 0.0 0.0
0.0 0.0 0.0
0.0 0.0 0.0
0.0 0.0 0.0
0.0 0.0 0.0
0.0 0.0 0.0
0.0 0.0 0.0
0.0 0.0 0.0
0.0 0.0 0.0
-10.004076957702637 23.515222549438477 -3.610584259033203
0.0 0.0 0.0
0.0 0.0 0.0
0.0 0.0 0.0
0.0 0.0 0.0
0.0 0.0 0.0
0.0 0.0 0.0
-8.388285636901855 22.747901916503906 -3.7607858180999756
-8.159339904785156 22.61060333251953 -3.7727320194244385
-7.925024032592773 22.44943618774414 -3.780271053314209
0.0 0.0 0.0
0.0 0.0 0.0
0.0 0.0 0.0
0.0 0.0 0.0
0.0 0.0 0.0
-6.722165107727051 21.92772674560547 -3.885202646255493
-6.55429220199585 21.923757553100586 -3.9139578342437744
-6.327868461608887 21.71527862548828 -3.9052155017852783
-6.134635925292969 21.620201110839844 -3.9170544147491455
-5.980353355407715 21.649009704589844 -3.9508860111236572
-5.766198635101318 21.45400619506836 -3.942455291748047
-5.5860114097595215 21.376558303833008 -3.9536373615264893
-5.462054252624512 21.51376724243164 -4.0047078132629395
-5.263920307159424 21.367130279541016 -4.003496170043945
-5.093009948730469 21.311790466308594 -4.0185627937316895
-4.923652172088623 21.25551414489746 -4.030620098114014
-4.74287748336792 21.141685485839844 -4.031692028045654
-4.562140464782715 21.018936157226562 -4.030970573425293
-4.38314962387085 20.90645408630371 -4.032503128051758
-4.236540794372559 20.931739807128906 -4.0579400062561035
-4.067779541015625 20.843151092529297 -4.060520648956299
-3.9173073768615723 20.843761444091797 -4.080570697784424
-3.742466926574707 20.707408905029297 -4.07383394241333
-3.5960910320281982 20.736486434936523 -4.098796367645264
-3.448415994644165 20.74186897277832 -4.116725444793701
-3.2883501052856445 20.666677474975586 -4.118755340576172
-3.1414337158203125 20.669858932495117 -4.136535167694092
-2.981997489929199 20.58477783203125 -4.136754989624023
-2.8444621562957764 20.647178649902344 -4.163133144378662
-2.679508686065674 20.522815704345703 -4.15210485458374
-2.530078887939453 20.48817253112793 -4.159074306488037
-2.3836324214935303 20.471446990966797 -4.16981315612793
-2.239166736602783 20.469331741333008 -4.181495666503906
-2.087409019470215 20.3941650390625 -4.176792621612549
-1.9435334205627441 20.41332244873047 -4.1917500495910645
-1.7927695512771606 20.328372955322266 -4.18530797958374
-1.6553508043289185 20.391204833984375 -4.208746433258057
-1.507075548171997 20.316373825073242 -4.2007365226745605
-1.373671531677246 20.44276237487793 -4.234541416168213
-1.2278645038604736 20.434734344482422 -4.240896224975586
-1.0817089080810547 20.368282318115234 -4.235158920288086
-0.9402380585670471 20.38164710998535 -4.243047714233398
-0.7966864705085754 20.344524383544922 -4.23976469039917
-0.6540664434432983 20.317861557006836 -4.2388505935668945
-0.5113416910171509 20.362871170043945 -4.253180503845215
-0.3688337206840515 20.323062896728516 -4.248327255249023
-0.22752131521701813 20.324817657470703 -4.249841213226318
-0.08607258647680283 20.295005798339844 -4.2449564933776855
0.05519941449165344 20.355972290039062 -4.259268283843994
0.19676072895526886 20.358600616455078 -4.261584758758545
0.34357231855392456 20.52155113220215 -4.293756484985352
0.4832734763622284 20.393009185791016 -4.265051364898682
0.6243670582771301 20.366708755493164 -4.25794792175293
0.7694438099861145 20.45023536682129 -4.274005889892578
0.9133478403091431 20.483531951904297 -4.27747106552124
1.0587031841278076 20.485511779785156 -4.272752285003662
1.2008745670318604 20.471302032470703 -4.264949321746826
1.3459986448287964 20.505725860595703 -4.267483234405518
1.4956997632980347 20.592655181884766 -4.280440330505371
1.6380362510681152 20.572410583496094 -4.267946243286133
1.8031896352767944 20.787303924560547 -4.30421257019043
1.9554730653762817 20.856351852416992 -4.310506343841553
2.097517967224121 20.81389808654785 -4.293954372406006
2.239607810974121 20.77484130859375 -4.275406837463379
2.3883936405181885 20.79579734802246 -4.268510818481445
2.544154167175293 20.849641799926758 -4.268336772918701
2.7018160820007324 20.929170608520508 -4.273727893829346
2.8503634929656982 20.931928634643555 -4.2621564865112305
3.0141029357910156 21.04026985168457 -4.2697858810424805
3.1654133796691895 21.05265235900879 -4.25802755355835
3.3247883319854736 21.11313819885254 -4.256132125854492
3.4983530044555664 21.23634147644043 -4.266693115234375
3.6467063426971436 21.21569061279297 -4.245152473449707
3.796448230743408 21.201519012451172 -4.225010395050049
4.000223636627197 21.476497650146484 -4.262450218200684
4.15048360824585 21.45231819152832 -4.240484237670898
4.301701068878174 21.41948127746582 -4.214706897735596
4.4889726638793945 21.57408905029297 -4.224823951721191
4.623039245605469 21.46830940246582 -4.184037208557129
4.8542585372924805 21.803714752197266 -4.229176998138428
5.033348083496094 21.89031219482422 -4.2251691818237305
5.220426559448242 21.99030876159668 -4.220677375793457
5.3936848640441895 22.037109375 -4.206369400024414
5.581934452056885 22.138437271118164 -4.202452659606934
5.775550365447998 22.25314712524414 -4.20101261138916
5.976441860198975 22.38521957397461 -4.199935436248779
6.143431663513184 22.374181747436523 -4.171088695526123
6.318432807922363 22.399503707885742 -4.149553298950195
6.551860809326172 22.62297248840332 -4.164549827575684
6.765688419342041 22.76717185974121 -4.163137912750244
6.946155548095703 22.791902542114258 -4.138390064239502
7.198960781097412 23.0349178314209 -4.152522563934326
7.3905229568481445 23.082000732421875 -4.131561279296875
7.590136528015137 23.14963150024414 -4.113615036010742
0.0 0.0 0.0
8.067228317260742 23.49561309814453 -4.110069751739502
8.262157440185547 23.52895164489746 -4.083428859710693
8.54027271270752 23.781166076660156 -4.093883037567139
8.743548393249512 23.82574462890625 -4.066315650939941
8.96846866607666 23.92272186279297 -4.047395706176758
9.251737594604492 24.165491104125977 -4.052674770355225
9.502311706542969 24.31207275390625 -4.0412774085998535
9.799732208251953 24.559642791748047 -4.043715000152588
10.112915992736816 24.841182708740234 -4.0509538650512695
10.29699993133545 24.79857635498047 -4.005001068115234
10.565509796142578 24.953758239746094 -3.990769386291504
10.866998672485352 25.177778244018555 -3.985469341278076
11.242504119873047 25.54987335205078 -4.000758171081543
0.0 0.0 0.0
11.787984848022461 25.80963706970215 -3.954617738723755
12.069469451904297 25.9483642578125 -3.930999755859375
12.357940673828125 26.09109878540039 -3.9059743881225586
12.759627342224121 26.452980041503906 -3.912010669708252
13.094090461730957 26.669397354125977 -3.896146535873413
13.38627815246582 26.792959213256836 -3.8649277687072754
13.771001815795898 27.08977699279785 -3.856520891189575
14.048177719116211 27.165775299072266 -3.815882444381714
14.469830513000488 27.51018714904785 -3.8119451999664307
14.798884391784668 27.661052703857422 -3.777698516845703
0.0 0.0 0.0
0.0 0.0 0.0
0.0 0.0 0.0
16.437255859375 28.774452209472656 -3.6950199604034424
0.0 0.0 0.0
0.0 0.0 0.0
0.0 0.0 0.0
0.0 0.0 0.0
0.0 0.0 0.0
19.348405838012695 30.793306350708008 -3.537602663040161
0.0 0.0 0.0
0.0 0.0 0.0
0.0 0.0 0.0
0.0 0.0 0.0
0.0 0.0 0.0
0.0 0.0 0.0
0.0 0.0 0.0
0.0 0.0 0.0
0.0 0.0 0.0
0.0 0.0 0.0
0.0 0.0 0.0
0.0 0.0 0.0
0.0 0.0 0.0
0.0 0.0 0.0
0.0 0.0 0.0
0.0 0.0 0.0
0.0 0.0 0.0
0.0 0.0 0.0
0.0 0.0 0.0
0.0 0.0 0.0
0.0 0.0 0.0
0.0 0.0 0.0
0.0 0.0 0.0
0.0 0.0 0.0
0.0 0.0 0.0
0.0 0.0 0.0
0.0 0.0 0.0
0.0 0.0 0.0
0.0 0.0 0.0
0.0 0.0 0.0
0.0 0.0 0.0
0.0 0.0 0.0
0.0 0.0 0.0
0.0 0.0 0.0
0.0 0.0 0.0
0.0 0.0 0.0
0.0 0.0 0.0
0.0 0.0 0.0
0.0 0.0 0.0
0.0 0.0 0.0
0.0 0.0 0.0
0.0 0.0 0.0
0.0 0.0 0.0
0.0 0.0 0.0
0.0 0.0 0.0
0.0 0.0 0.0
0.0 0.0 0.0
0.0 0.0 0.0
0.0 0.0 0.0
0.0 0.0 0.0
0.0 0.0 0.0
0.0 0.0 0.0
0.0 0.0 0.0
0.0 0.0 0.0
0.0 0.0 0.0
0.0 0.0 0.0
0.0 0.0 0.0
0.0 0.0 0.0
0.0 0.0 0.0
0.0 0.0 0.0
0.0 0.0 0.0
0.0 0.0 0.0
0.0 0.0 0.0
0.0 0.0 0.0
0.0 0.0 0.0
0.0 0.0 0.0
0.0 0.0 0.0
0.0 0.0 0.0
0.0 0.0 0.0
0.0 0.0 0.0
0.0 0.0 0.0
0.0 0.0 0.0
0.0 0.0 0.0
0.0 0.0 0.0
0.0 0.0 0.0
0.0 0.0 0.0
0.0 0.0 0.0
0.0 0.0 0.0
0.0 0.0 0.0
0.0 0.0 0.0
0.0 0.0 0.0
0.0 0.0 0.0
0.0 0.0 0.0
0.0 0.0 0.0
0.0 0.0 0.0
0.0 0.0 0.0
0.0 0.0 0.0
0.0 0.0 0.0
0.0 0.0 0.0
0.0 0.0 0.0
0.0 0.0 0.0
0.0 0.0 0.0
0.0 0.0 0.0
0.0 0.0 0.0
0.0 0.0 0.0
0.0 0.0 0.0
0.0 0.0 0.0
0.0 0.0 0.0
0.0 0.0 0.0
0.0 0.0 0.0
0.0 0.0 0.0
0.0 0.0 0.0
0.0 0.0 0.0
0.0 0.0 0.0
0.0 0.0 0.0
0.0 0.0 0.0
0.0 0.0 0.0
0.0 0.0 0.0
0.0 0.0 0.0
0.0 0.0 0.0
0.0 0.0 0.0
0.0 0.0 0.0
0.0 0.0 0.0
0.0 0.0 0.0
0.0 0.0 0.0
0.0 0.0 0.0
0.0 0.0 0.0
0.0 0.0 0.0
0.0 0.0 0.0
0.0 0.0 0.0
0.0 0.0 0.0
0.0 0.0 0.0
0.0 0.0 0.0
0.0 0.0 0.0
0.0 0.0 0.0
0.0 0.0 0.0
0.0 0.0 0.0
0.0 0.0 0.0
0.0 0.0 0.0
0.0 0.0 0.0
0.0 0.0 0.0
0.0 0.0 0.0
0.0 0.0 0.0
0.0 0.0 0.0
0.0 0.0 0.0
0.0 0.0 0.0
0.0 0.0 0.0
0.0 0.0 0.0
0.0 0.0 0.0
0.0 0.0 0.0
0.0 0.0 0.0
0.0 0.0 0.0
0.0 0.0 0.0
0.0 0.0 0.0
0.0 0.0 0.0
0.0 0.0 0.0
0.0 0.0 0.0
0.0 0.0 0.0
0.0 0.0 0.0
0.0 0.0 0.0
0.0 0.0 0.0
0.0 0.0 0.0
0.0 0.0 0.0
0.0 0.0 0.0
0.0 0.0 0.0
0.0 0.0 0.0
0.0 0.0 0.0
0.0 0.0 0.0
0.0 0.0 0.0
0.0 0.0 0.0
0.0 0.0 0.0
0.0 0.0 0.0
0.0 0.0 0.0
0.0 0.0 0.0
0.0 0.0 0.0
0.0 0.0 0.0
0.0 0.0 0.0
0.0 0.0 0.0
0.0 0.0 0.0
0.0 0.0 0.0
0.0 0.0 0.0
0.0 0.0 0.0
0.0 0.0 0.0
0.0 0.0 0.0
0.0 0.0 0.0
0.0 0.0 0.0
0.0 0.0 0.0
0.0 0.0 0.0
0.0 0.0 0.0
0.0 0.0 0.0
0.0 0.0 0.0
0.0 0.0 0.0
0.0 0.0 0.0
0.0 0.0 0.0
0.0 0.0 0.0
0.0 0.0 0.0
0.0 0.0 0.0
0.0 0.0 0.0
0.0 0.0 0.0
0.0 0.0 0.0
0.0 0.0 0.0
0.0 0.0 0.0
0.0 0.0 0.0
0.0 0.0 0.0
0.0 0.0 0.0
0.0 0.0 0.0
0.0 0.0 0.0
0.0 0.0 0.0
0.0 0.0 0.0
0.0 0.0 0.0
0.0 0.0 0.0
0.0 0.0 0.0
0.0 0.0 0.0
0.0 0.0 0.0
0.0 0.0 0.0
-15.761383056640625 26.80335235595703 -3.07855486869812
0.0 0.0 0.0
-14.907681465148926 26.18903350830078 -3.129899501800537
0.0 0.0 0.0
0.0 0.0 0.0
0.0 0.0 0.0
0.0 0.0 0.0
0.0 0.0 0.0
0.0 0.0 0.0
0.0 0.0 0.0
0.0 0.0 0.0
0.0 0.0 0.0
0.0 0.0 0.0
0.0 0.0 0.0
0.0 0.0 0.0
0.0 0.0 0.0
0.0 0.0 0.0
0.0 0.0 0.0
0.0 0.0 0.0
0.0 0.0 0.0
0.0 0.0 0.0
0.0 0.0 0.0
0.0 0.0 0.0
0.0 0.0 0.0
0.0 0.0 0.0
-8.538678169250488 22.9078311920166 -3.730725049972534
0.0 0.0 0.0
-8.093173027038574 22.669906616210938 -3.761031150817871
0.0 0.0 0.0
-7.6763529777526855 22.49479866027832 -3.7996816635131836
0.0 0.0 0.0
0.0 0.0 0.0
0.0 0.0 0.0
-6.834771633148193 22.016477584838867 -3.8429906368255615
-6.7229084968566895 22.20952796936035 -3.9062819480895996
-6.4411187171936035 21.82511329650879 -3.86737322807312
-6.279078483581543 21.833908081054688 -3.897704839706421
-6.091203212738037 21.748855590820312 -3.911109447479248
-5.899462699890137 21.644250869750977 -3.9181840419769287
-5.74626350402832 21.68740463256836 -3.952496290206909
-5.529214859008789 21.471853256225586 -3.9391136169433594
-5.390105247497559 21.55283546447754 -3.9800848960876465
-5.205981731414795 21.450153350830078 -3.9849064350128174
-5.035303115844727 21.394710540771484 -3.9975898265838623
-4.870548725128174 21.372188568115234 -4.016903400421143
-4.687470436096191 21.250383377075195 -4.017131328582764
-4.530493259429932 21.23998260498047 -4.037203788757324
-4.339170932769775 21.059520721435547 -4.022910118103027
-4.187107086181641 21.062015533447266 -4.0435662269592285
-4.024846076965332 21.022319793701172 -4.056573867797852
-3.8603756427764893 20.950803756713867 -4.0631303787231445
-3.6982691287994385 20.886255264282227 -4.067671775817871
-3.561823844909668 20.964155197143555 -4.100088596343994
-3.3984320163726807 20.88217544555664 -4.1014180183410645
-3.2310099601745605 20.780319213867188 -4.099147319793701
-3.081120729446411 20.768293380737305 -4.1122517585754395
-2.9373061656951904 20.793357849121094 -4.131446361541748
-2.785484790802002 20.760452270507812 -4.13931131362915
-2.6246023178100586 20.650428771972656 -4.131878852844238
-2.475872278213501 20.62682342529297 -4.141119956970215
-2.3384435176849365 20.720977783203125 -4.171271324157715
-2.1745636463165283 20.55117416381836 -4.148238658905029
-2.036504030227661 20.616409301757812 -4.172780990600586
-1.9000881910324097 20.707382202148438 -4.2028093338012695
-1.7396469116210938 20.527149200439453 -4.17498254776001
-1.5940908193588257 20.536884307861328 -4.185213088989258
-1.4460536241531372 20.472883224487305 -4.180439472198486
-1.3096814155578613 20.57589340209961 -4.209980487823486
-1.1618155241012573 20.502492904663086 -4.202247619628906
-1.019761323928833 20.524080276489258 -4.211697101593018
-0.8744347095489502 20.52946662902832 -4.218119144439697
-0.7275078892707825 20.422868728637695 -4.2016215324401855
-0.5859435200691223 20.449092864990234 -4.212630748748779
-0.44543197751045227 20.5324764251709 -4.231724262237549
-0.30237817764282227 20.5192928314209 -4.230915546417236
-0.15721619129180908 20.512775421142578 -4.231720447540283
-0.014549500308930874 20.52819061279297 -4.237222194671631
0.12893392145633698 20.638671875 -4.260439872741699
0.2716943025588989 20.57637596130371 -4.246325492858887
0.41382554173469543 20.524568557739258 -4.234587669372559
0.5591908097267151 20.61710548400879 -4.252833843231201
0.7060660123825073 20.639799118041992 -4.256391525268555
0.8460351228713989 20.547590255737305 -4.232821941375732
0.993955135345459 20.6455135345459 -4.248623371124268
1.1432783603668213 20.74237823486328 -4.264369964599609
1.2885428667068481 20.75032615661621 -4.262018203735352
1.42621910572052 20.608722686767578 -4.226480484008789
1.5821045637130737 20.764259338378906 -4.2509942054748535
1.7348285913467407 20.853797912597656 -4.262108325958252
1.8821583986282349 20.86595916748047 -4.257565975189209
2.024759531021118 20.8277587890625 -4.241937637329102
2.176629066467285 20.857460021972656 -4.237288951873779
2.3476364612579346 21.07658576965332 -4.2713799476623535
2.4953877925872803 21.069974899291992 -4.259800434112549
2.6401352882385254 21.039533615112305 -4.243624687194824
2.8095085620880127 21.19475555419922 -4.261806964874268
2.95462965965271 21.139774322509766 -4.237039089202881
3.103187322616577 21.129594802856445 -4.221717834472656
3.270573616027832 21.23955726623535 -4.2305073738098145
3.4285969734191895 21.280431747436523 -4.2240142822265625
3.609053611755371 21.449064254760742 -4.240854740142822
3.7635390758514404 21.45384407043457 -4.225338935852051
3.9519379138946533 21.626873016357422 -4.242709159851074
4.097329616546631 21.572696685791016 -4.215723514556885
4.257045269012451 21.593408584594727 -4.200282573699951
4.443540096282959 21.74074363708496 -4.209460735321045
4.628952980041504 21.8715763092041 -4.215376377105713
4.784616470336914 21.842884063720703 -4.190274238586426
4.98336935043335 22.01618766784668 -4.202160358428955
5.150690078735352 22.042158126831055 -4.18478536605835
5.336616516113281 22.141557693481445 -4.181368350982666
5.528811454772949 22.25810432434082 -4.181114196777344
5.71496057510376 22.331708908081055 -4.171473979949951
5.8804545402526855 22.330394744873047 -4.145996570587158
6.070324420928955 22.416921615600586 -4.136857032775879
6.270967483520508 22.535245895385742 -4.133478164672852
6.488185405731201 22.7037296295166 -4.139124870300293
6.6959452629089355 22.81831932067871 -4.131564140319824
6.914058685302734 22.96872901916504 -4.1305251121521
7.1402812004089355 23.135644912719727 -4.132164478302002
7.3215556144714355 23.15000343322754 -4.10643196105957
7.531730651855469 23.251220703125 -4.094399452209473
7.774173259735107 23.44222068786621 -4.0967793464660645
7.973123550415039 23.484121322631836 -4.072299480438232
8.243391990661621 23.73653793334961 -4.084573745727539
8.446340560913086 23.78675079345703 -4.060909748077393
8.695514678955078 23.958721160888672 -4.056011199951172
8.938294410705566 24.1030330657959 -4.045989990234375
9.205564498901367 24.294706344604492 -4.042893886566162
9.404558181762695 24.308565139770508 -4.0102996826171875
9.689421653747559 24.53662109375 -4.010435581207275
9.940397262573242 24.668794631958008 -3.9943642616271973
10.261445045471191 24.9630069732666 -4.003848075866699
10.500410079956055 25.039060592651367 -3.9771366119384766
0.0 0.0 0.0
0.0 0.0 0.0
11.37348461151123 25.608795166015625 -3.942917823791504
11.66945743560791 25.78949737548828 -3.9287214279174805
0.0 0.0 0.0
12.228422164916992 26.047401428222656 -3.8779938220977783
12.582797050476074 26.324947357177734 -3.873850107192993
12.941465377807617 26.59897804260254 -3.868196725845337
0.0 0.0 0.0
13.647637367248535 27.088253021240234 -3.8407459259033203
13.957524299621582 27.22230339050293 -3.808818817138672
0.0 0.0 0.0
0.0 0.0 0.0
0.0 0.0 0.0
0.0 0.0 0.0
0.0 0.0 0.0
16.461807250976562 29.04651641845703 -3.721400260925293
0.0 0.0 0.0
0.0 0.0 0.0
0.0 0.0 0.0
0.0 0.0 0.0
18.710630416870117 30.48289680480957 -3.5736186504364014
0.0 0.0 0.0
0.0 0.0 0.0
20.230648040771484 31.467947006225586 -3.466615676879883
20.861919403076172 31.94982147216797 -3.4404799938201904
0.0 0.0 0.0
0.0 0.0 0.0
0.0 0.0 0.0
0.0 0.0 0.0
0.0 0.0 0.0
0.0 0.0 0.0
0.0 0.0 0.0
0.0 0.0 0.0
0.0 0.0 0.0
0.0 0.0 0.0
0.0 0.0 0.0
0.0 0.0 0.0
0.0 0.0 0.0
0.0 0.0 0.0
0.0 0.0 0.0
0.0 0.0 0.0
0.0 0.0 0.0
0.0 0.0 0.0
0.0 0.0 0.0
0.0 0.0 0.0
0.0 0.0 0.0
0.0 0.0 0.0
0.0 0.0 0.0
0.0 0.0 0.0
0.0 0.0 0.0
0.0 0.0 0.0
0.0 0.0 0.0
0.0 0.0 0.0
0.0 0.0 0.0
0.0 0.0 0.0
0.0 0.0 0.0
0.0 0.0 0.0
0.0 0.0 0.0
0.0 0.0 0.0
0.0 0.0 0.0
0.0 0.0 0.0
0.0 0.0 0.0
0.0 0.0 0.0
0.0 0.0 0.0
0.0 0.0 0.0
0.0 0.0 0.0
0.0 0.0 0.0
0.0 0.0 0.0
0.0 0.0 0.0
0.0 0.0 0.0
0.0 0.0 0.0
0.0 0.0 0.0
0.0 0.0 0.0
0.0 0.0 0.0
0.0 0.0 0.0
0.0 0.0 0.0
0.0 0.0 0.0
0.0 0.0 0.0
0.0 0.0 0.0
0.0 0.0 0.0
0.0 0.0 0.0
0.0 0.0 0.0
0.0 0.0 0.0
0.0 0.0 0.0
0.0 0.0 0.0
0.0 0.0 0.0
0.0 0.0 0.0
0.0 0.0 0.0
0.0 0.0 0.0
0.0 0.0 0.0
0.0 0.0 0.0
0.0 0.0 0.0
0.0 0.0 0.0
0.0 0.0 0.0
0.0 0.0 0.0
0.0 0.0 0.0
0.0 0.0 0.0
0.0 0.0 0.0
0.0 0.0 0.0
0.0 0.0 0.0
0.0 0.0 0.0
0.0 0.0 0.0
0.0 0.0 0.0
0.0 0.0 0.0
0.0 0.0 0.0
0.0 0.0 0.0
0.0 0.0 0.0
0.0 0.0 0.0
0.0 0.0 0.0
0.0 0.0 0.0
0.0 0.0 0.0
0.0 0.0 0.0
0.0 0.0 0.0
0.0 0.0 0.0
0.0 0.0 0.0
0.0 0.0 0.0
0.0 0.0 0.0
0.0 0.0 0.0
0.0 0.0 0.0
0.0 0.0 0.0
0.0 0.0 0.0
0.0 0.0 0.0
0.0 0.0 0.0
0.0 0.0 0.0
0.0 0.0 0.0
0.0 0.0 0.0
0.0 0.0 0.0
0.0 0.0 0.0
0.0 0.0 0.0
0.0 0.0 0.0
0.0 0.0 0.0
0.0 0.0 0.0
0.0 0.0 0.0
0.0 0.0 0.0
0.0 0.0 0.0
0.0 0.0 0.0
0.0 0.0 0.0
0.0 0.0 0.0
0.0 0.0 0.0
-2.1239757537841797 17.335205078125 3.69563889503479
0.0 0.0 0.0
0.0 0.0 0.0
0.0 0.0 0.0
0.0 0.0 0.0
0.0 0.0 0.0
0.0 0.0 0.0
0.0 0.0 0.0
0.0 0.0 0.0
0.0 0.0 0.0
0.0 0.0 0.0
0.0 0.0 0.0
0.0 0.0 0.0
0.0 0.0 0.0
0.0 0.0 0.0
0.0 0.0 0.0
0.0 0.0 0.0
0.0 0.0 0.0
0.0 0.0 0.0
0.0 0.0 0.0
0.0 0.0 0.0
0.0 0.0 0.0
0.0 0.0 0.0
0.0 0.0 0.0
0.0 0.0 0.0
0.0 0.0 0.0
0.0 0.0 0.0
0.0 0.0 0.0
0.0 0.0 0.0
0.0 0.0 0.0
0.0 0.0 0.0
0.0 0.0 0.0
0.0 0.0 0.0
0.0 0.0 0.0
0.0 0.0 0.0
0.0 0.0 0.0
0.0 0.0 0.0
0.0 0.0 0.0
0.0 0.0 0.0
0.0 0.0 0.0
0.0 0.0 0.0
0.0 0.0 0.0
0.0 0.0 0.0
0.0 0.0 0.0
0.0 0.0 0.0
0.0 0.0 0.0
0.0 0.0 0.0
0.0 0.0 0.0
0.0 0.0 0.0
0.0 0.0 0.0
0.0 0.0 0.0
0.0 0.0 0.0
0.0 0.0 0.0
0.0 0.0 0.0
0.0 0.0 0.0
0.0 0.0 0.0
0.0 0.0 0.0
0.0 0.0 0.0
0.0 0.0 0.0
0.0 0.0 0.0
0.0 0.0 0.0
0.0 0.0 0.0
0.0 0.0 0.0
0.0 0.0 0.0
0.0 0.0 0.0
0.0 0.0 0.0
0.0 0.0 0.0
0.0 0.0 0.0
0.0 0.0 0.0
0.0 0.0 0.0
0.0 0.0 0.0
0.0 0.0 0.0
0.0 0.0 0.0
0.0 0.0 0.0
0.0 0.0 0.0
0.0 0.0 0.0
0.0 0.0 0.0
0.0 0.0 0.0
0.0 0.0 0.0
0.0 0.0 0.0
0.0 0.0 0.0
0.0 0.0 0.0
0.0 0.0 0.0
0.0 0.0 0.0
0.0 0.0 0.0
0.0 0.0 0.0
0.0 0.0 0.0
0.0 0.0 0.0
-15.679978370666504 26.887346267700195 -3.0791397094726562
0.0 0.0 0.0
0.0 0.0 0.0
0.0 0.0 0.0
0.0 0.0 0.0
0.0 0.0 0.0
0.0 0.0 0.0
-13.225608825683594 25.459348678588867 -3.3009350299835205
0.0 0.0 0.0
0.0 0.0 0.0
0.0 0.0 0.0
0.0 0.0 0.0
0.0 0.0 0.0
0.0 0.0 0.0
0.0 0.0 0.0
0.0 0.0 0.0
0.0 0.0 0.0
-10.272398948669434 23.684839248657227 -3.5146896839141846
0.0 0.0 0.0
0.0 0.0 0.0
0.0 0.0 0.0
0.0 0.0 0.0
-9.126766204833984 23.22991180419922 -3.640845775604248
0.0 0.0 0.0
0.0 0.0 0.0
0.0 0.0 0.0
0.0 0.0 0.0
0.0 0.0 0.0
0.0 0.0 0.0
0.0 0.0 0.0
0.0 0.0 0.0
-7.181690692901611 22.313169479370117 -3.797726631164551
0.0 0.0 0.0
0.0 0.0 0.0
0.0 0.0 0.0
-6.405355930328369 21.97791290283203 -3.8563895225524902
-6.187782287597656 21.805971145629883 -3.8537800312042236
-6.039517402648926 21.86162757873535 -3.89007568359375
-5.843637943267822 21.741552352905273 -3.895155191421509
-5.68184232711792 21.742708206176758 -3.921916961669922
-5.515575885772705 21.724199295043945 -3.944066286087036
-5.328908920288086 21.63058090209961 -3.9511160850524902
-5.156331539154053 21.576038360595703 -3.9648520946502686
-4.996052265167236 21.568836212158203 -3.987346649169922
-4.776377201080322 21.294178009033203 -3.9601383209228516
-4.653926849365234 21.44623374938965 -4.009153842926025
-4.45298957824707 21.244524002075195 -3.992471933364868
-4.32005500793457 21.34941291809082 -4.033117294311523
-4.129400253295898 21.163171768188477 -4.018808364868164
-3.9705252647399902 21.130496978759766 -4.0314555168151855
-3.8042898178100586 21.0515079498291 -4.03409481048584
-3.6479053497314453 21.035907745361328 -4.049278736114502
-3.5020792484283447 21.064207077026367 -4.072770595550537
-3.344513416290283 21.0196533203125 -4.081494331359863
-3.193040132522583 21.008548736572266 -4.094149589538574
-3.0462818145751953 21.02671241760254 -4.112687110900879
-2.890526056289673 20.979259490966797 -4.118544578552246
-2.7300126552581787 20.90813446044922 -4.120116710662842
-2.5770115852355957 20.866567611694336 -4.124258041381836
-2.4252970218658447 20.827808380126953 -4.128437042236328
-2.2800815105438232 20.84128761291504 -4.1431403160095215
-2.1229286193847656 20.739408493041992 -4.135058879852295
-1.9888418912887573 20.888565063476562 -4.175919055938721
-1.8214586973190308 20.65165901184082 -4.137307167053223
-1.6780805587768555 20.669292449951172 -4.149798393249512
-1.5318708419799805 20.64771842956543 -4.154598712921143
-1.388096570968628 20.65567970275879 -4.165530204772949
-1.2444239854812622 20.709365844726562 -4.1822309494018555
-1.0966949462890625 20.647245407104492 -4.1754961013793945
-0.9583781957626343 20.771495819091797 -4.2066755294799805
-0.8107528686523438 20.695863723754883 -4.197581768035889
-0.6666398048400879 20.6999568939209 -4.202741622924805
-0.520668625831604 20.726417541503906 -4.210871696472168
-0.37752866744995117 20.793912887573242 -4.227511405944824
-0.23174920678138733 20.69199562072754 -4.209903717041016
-0.08774726837873459 20.707805633544922 -4.216014862060547
0.05645918473601341 20.773080825805664 -4.228806495666504
0.20079180598258972 20.756967544555664 -4.225233554840088
0.3483353853225708 20.801050186157227 -4.2341179847717285
0.49227920174598694 20.76760482788086 -4.227429389953613
0.6376619935035706 20.7949161529541 -4.230567455291748
0.7804489731788635 20.7373046875 -4.215307712554932
0.9277628660202026 20.801097869873047 -4.224932670593262
1.079573631286621 20.88284683227539 -4.238329887390137
1.2230383157730103 20.845333099365234 -4.226817607879639
1.3754724264144897 20.94876480102539 -4.2410759925842285
1.516480803489685 20.87542152404785 -4.2197442054748535
1.6682498455047607 20.94617462158203 -4.2277326583862305
1.8175582885742188 20.94696617126465 -4.221678733825684
1.9698374271392822 21.004680633544922 -4.224365711212158
2.116848945617676 21.00044822692871 -4.214078903198242
2.2942898273468018 21.277050018310547 -4.260219573974609
2.428462505340576 21.141141891479492 -4.223896503448486
2.594994068145752 21.26303482055664 -4.237628936767578
2.752342939376831 21.319791793823242 -4.2362751960754395
2.898359537124634 21.284221649169922 -4.216735363006592
3.044390916824341 21.25145149230957 -4.197988986968994
3.2176339626312256 21.399639129638672 -4.215092658996582
3.381927013397217 21.475128173828125 -4.214460372924805
3.5556962490081787 21.58310890197754 -4.219775676727295
3.7117528915405273 21.591794967651367 -4.206028461456299
3.888392210006714 21.712646484375 -4.214213848114014
4.047065258026123 21.726858139038086 -4.199901580810547
4.218720436096191 21.804237365722656 -4.196224689483643
4.389819622039795 21.85724449157715 -4.1875834465026855
4.560568332672119 21.916954040527344 -4.1806416511535645
4.769657135009766 22.14812660217285 -4.2058634757995605
4.914670467376709 22.07429313659668 -4.170363426208496
5.094351291656494 22.1529598236084 -4.163794994354248
5.305460453033447 22.345592498779297 -4.178178787231445
5.470172882080078 22.346572875976562 -4.157060623168945
5.659564971923828 22.44367027282715 -4.15157413482666
5.853642463684082 22.55049705505371 -4.147027015686035
6.073126316070557 22.744964599609375 -4.158428192138672
6.242570400238037 22.732746124267578 -4.131522178649902
6.456157207489014 22.886859893798828 -4.134110927581787
6.652142524719238 22.96912956237793 -4.12172269821167
6.844101905822754 23.03133201599121 -4.105669975280762
7.047352313995361 23.12513542175293 -4.0951690673828125
7.248104572296143 23.194442749023438 -4.079609394073486
7.487651824951172 23.38799476623535 -4.0834431648254395
0.0 0.0 0.0
7.924583911895752 23.615028381347656 -4.0622944831848145
8.158589363098145 23.76215171813965 -4.057119846343994
8.406269073486328 23.94036293029785 -4.054975986480713
8.623507499694824 24.013736724853516 -4.033534049987793
8.845959663391113 24.104286193847656 -4.015366077423096
9.179859161376953 24.48569107055664 -4.045044422149658
9.356340408325195 24.438535690307617 -4.002303123474121
9.607256889343262 24.580835342407227 -3.9892683029174805
0.0 0.0 0.0
10.084547996520996 24.771509170532227 -3.94637131690979
0.0 0.0 0.0
0.0 0.0 0.0
0.0 0.0 0.0
11.309951782226562 25.702966690063477 -3.9338388442993164
0.0 0.0 0.0
11.946892738342285 26.15877342224121 -3.917936325073242
12.143193244934082 26.10638999938965 -3.86616849899292
0.0 0.0 0.0
0.0 0.0 0.0
0.0 0.0 0.0
13.499825477600098 27.020992279052734 -3.812842845916748
13.951165199279785 27.444490432739258 -3.8234312534332275
14.256987571716309 27.570816040039062 -3.7910513877868652
0.0 0.0 0.0
0.0 0.0 0.0
0.0 0.0 0.0
0.0 0.0 0.0
16.33660316467285 29.063932418823242 -3.7143094539642334
0.0 0.0 0.0
0.0 0.0 0.0
0.0 0.0 0.0
0.0 0.0 0.0
0.0 0.0 0.0
0.0 0.0 0.0
19.593210220336914 31.184633255004883 -3.512221097946167
0.0 0.0 0.0
0.0 0.0 0.0
0.0 0.0 0.0
0.0 0.0 0.0
0.0 0.0 0.0
0.0 0.0 0.0
0.0 0.0 0.0
0.0 0.0 0.0
0.0 0.0 0.0
0.0 0.0 0.0
0.0 0.0 0.0
0.0 0.0 0.0
0.0 0.0 0.0
0.0 0.0 0.0
0.0 0.0 0.0
0.0 0.0 0.0
0.0 0.0 0.0
0.0 0.0 0.0
0.0 0.0 0.0
0.0 0.0 0.0
0.0 0.0 0.0
0.0 0.0 0.0
0.0 0.0 0.0
0.0 0.0 0.0
0.0 0.0 0.0
0.0 0.0 0.0
0.0 0.0 0.0
0.0 0.0 0.0
0.0 0.0 0.0
0.0 0.0 0.0
0.0 0.0 0.0
0.0 0.0 0.0
0.0 0.0 0.0
0.0 0.0 0.0
0.0 0.0 0.0
0.0 0.0 0.0
0.0 0.0 0.0
0.0 0.0 0.0
0.0 0.0 0.0
0.0 0.0 0.0
0.0 0.0 0.0
0.0 0.0 0.0
0.0 0.0 0.0
0.0 0.0 0.0
0.0 0.0 0.0
0.0 0.0 0.0
0.0 0.0 0.0
0.0 0.0 0.0
0.0 0.0 0.0
0.0 0.0 0.0
0.0 0.0 0.0
0.0 0.0 0.0
0.0 0.0 0.0
0.0 0.0 0.0
0.0 0.0 0.0
0.0 0.0 0.0
0.0 0.0 0.0
0.0 0.0 0.0
0.0 0.0 0.0
0.0 0.0 0.0
0.0 0.0 0.0
0.0 0.0 0.0
0.0 0.0 0.0
0.0 0.0 0.0
0.0 0.0 0.0
0.0 0.0 0.0
0.0 0.0 0.0
0.0 0.0 0.0
0.0 0.0 0.0
4.245388507843018 19.28610610961914 3.9780590534210205
0.0 0.0 0.0
0.0 0.0 0.0
0.0 0.0 0.0
0.0 0.0 0.0
0.0 0.0 0.0
0.0 0.0 0.0
0.0 0.0 0.0
0.0 0.0 0.0
0.0 0.0 0.0
0.0 0.0 0.0
0.0 0.0 0.0
0.0 0.0 0.0
0.0 0.0 0.0
0.0 0.0 0.0
0.0 0.0 0.0
0.0 0.0 0.0
0.0 0.0 0.0
0.0 0.0 0.0
0.0 0.0 0.0
0.0 0.0 0.0
0.0 0.0 0.0
0.0 0.0 0.0
0.0 0.0 0.0
0.0 0.0 0.0
0.0 0.0 0.0
0.0 0.0 0.0
0.0 0.0 0.0
0.0 0.0 0.0
0.0 0.0 0.0
0.0 0.0 0.0
0.0 0.0 0.0
0.0 0.0 0.0
0.0 0.0 0.0
0.0 0.0 0.0
0.0 0.0 0.0
0.0 0.0 0.0
0.0 0.0 0.0
0.0 0.0 0.0
0.0 0.0 0.0
0.0 0.0 0.0
0.0 0.0 0.0
0.0 0.0 0.0
0.0 0.0 0.0
0.0 0.0 0.0
0.0 0.0 0.0
0.0 0.0 0.0
0.0 0.0 0.0
0.0 0.0 0.0
0.0 0.0 0.0
0.0 0.0 0.0
0.0 0.0 0.0
0.0 0.0 0.0
0.0 0.0 0.0
0.0 0.0 0.0
0.0 0.0 0.0
0.0 0.0 0.0
0.0 0.0 0.0
0.0 0.0 0.0
0.0 0.0 0.0
0.0 0.0 0.0
0.0 0.0 0.0
0.0 0.0 0.0
0.0 0.0 0.0
0.0 0.0 0.0
0.0 0.0 0.0
0.0 0.0 0.0
0.0 0.0 0.0
0.0 0.0 0.0
0.0 0.0 0.0
0.0 0.0 0.0
0.0 0.0 0.0
0.0 0.0 0.0
0.0 0.0 0.0
0.0 0.0 0.0
0.0 0.0 0.0
0.0 0.0 0.0
0.0 0.0 0.0
0.0 0.0 0.0
0.0 0.0 0.0
0.0 0.0 0.0
0.0 0.0 0.0
0.0 0.0 0.0
0.0 0.0 0.0
0.0 0.0 0.0
0.0 0.0 0.0
0.0 0.0 0.0
0.0 0.0 0.0
0.0 0.0 0.0
0.0 0.0 0.0
0.0 0.0 0.0
0.0 0.0 0.0
0.0 0.0 0.0
0.0 0.0 0.0
0.0 0.0 0.0
0.0 0.0 0.0
0.0 0.0 0.0
0.0 0.0 0.0
0.0 0.0 0.0
0.0 0.0 0.0
0.0 0.0 0.0
0.0 0.0 0.0
0.0 0.0 0.0
0.0 0.0 0.0
0.0 0.0 0.0
0.0 0.0 0.0
0.0 0.0 0.0
0.0 0.0 0.0
0.0 0.0 0.0
0.0 0.0 0.0
0.0 0.0 0.0
0.0 0.0 0.0
0.0 0.0 0.0
0.0 0.0 0.0
0.0 0.0 0.0
0.0 0.0 0.0
0.0 0.0 0.0
0.0 0.0 0.0
0.0 0.0 0.0
0.0 0.0 0.0
0.0 0.0 0.0
0.0 0.0 0.0
0.0 0.0 0.0
0.0 0.0 0.0
0.0 0.0 0.0
0.0 0.0 0.0
0.0 0.0 0.0
0.0 0.0 0.0
0.0 0.0 0.0
0.0 0.0 0.0
0.0 0.0 0.0
0.0 0.0 0.0
0.0 0.0 0.0
0.0 0.0 0.0
0.0 0.0 0.0
0.0 0.0 0.0
0.0 0.0 0.0
0.0 0.0 0.0
0.0 0.0 0.0
0.0 0.0 0.0
0.0 0.0 0.0
0.0 0.0 0.0
0.0 0.0 0.0
0.0 0.0 0.0
0.0 0.0 0.0
-12.782355308532715 25.250591278076172 -3.3235979080200195
0.0 0.0 0.0
0.0 0.0 0.0
0.0 0.0 0.0
0.0 0.0 0.0
0.0 0.0 0.0
0.0 0.0 0.0
0.0 0.0 0.0
0.0 0.0 0.0
0.0 0.0 0.0
0.0 0.0 0.0
0.0 0.0 0.0
0.0 0.0 0.0
0.0 0.0 0.0
0.0 0.0 0.0
0.0 0.0 0.0
-8.601683616638184 23.071393966674805 -3.668726682662964
0.0 0.0 0.0
0.0 0.0 0.0
0.0 0.0 0.0
0.0 0.0 0.0
-7.571506977081299 22.701461791992188 -3.7738945484161377
0.0 0.0 0.0
-7.161098480224609 22.510154724121094 -3.8019282817840576
-6.966024875640869 22.43585777282715 -3.818890333175659
-6.665747165679932 22.017560958862305 -3.7772269248962402
-6.5128068923950195 22.065298080444336 -3.81351900100708
-6.393642425537109 22.230682373046875 -3.8687455654144287
-6.1860671043396 22.087549209594727 -3.8704349994659424
-6.009335517883301 22.046646118164062 -3.8898870944976807
0.0 0.0 0.0
-5.59446907043457 21.723207473754883 -3.8830177783966064
-5.441990375518799 21.756593704223633 -3.9126806259155273
-5.270249843597412 21.710359573364258 -3.928131341934204
-5.0890069007873535 21.617828369140625 -3.9351508617401123
-4.926821231842041 21.614784240722656 -3.9568698406219482
-4.765369892120361 21.5988712310791 -3.974966049194336
-4.573734283447266 21.438922882080078 -3.966546058654785
-4.431107521057129 21.503253936767578 -3.9996681213378906
-4.25560188293457 21.404714584350586 -4.0016584396362305
-4.0849609375 21.335817337036133 -4.007137298583984
-3.9411137104034424 21.389833450317383 -4.035524368286133
-3.7746124267578125 21.318065643310547 -4.040322303771973
-3.6067328453063965 21.229894638061523 -4.0420331954956055
-3.4439988136291504 21.163732528686523 -4.044921398162842
-3.2871081829071045 21.14223861694336 -4.056276798248291
-3.1382176876068115 21.1534423828125 -4.07381534576416
-2.9760773181915283 21.068593978881836 -4.0729570388793945
-2.834043264389038 21.12352180480957 -4.097637176513672
-2.661607265472412 20.94191551208496 -4.074562072753906
-2.5259554386138916 21.04456901550293 -4.106942653656006
-2.3594472408294678 20.906496047973633 -4.092715263366699
-2.2197883129119873 20.976648330688477 -4.11909294128418
-2.0640389919281006 20.893938064575195 -4.112066745758057
-1.9163672924041748 20.882604598999023 -4.119225025177002
-1.7660399675369263 20.835857391357422 -4.119561195373535
-1.6171369552612305 20.83022689819336 -4.128367900848389
-1.475265383720398 20.884973526000977 -4.146945953369141
-1.3263485431671143 20.839632034301758 -4.144237995147705
-1.1807355880737305 20.839139938354492 -4.150630474090576
-1.0359539985656738 20.85293197631836 -4.160070419311523
-0.889578640460968 20.88886260986328 -4.173709392547607
-0.7405262589454651 20.79036521911621 -4.157149791717529
-0.5972762703895569 20.843971252441406 -4.171197414398193
-0.4538938105106354 20.915729522705078 -4.1890950202941895
-0.3085894286632538 20.93287467956543 -4.1962761878967285
-0.159118190407753 20.754194259643555 -4.161848545074463
-0.014796637929975986 20.88109588623047 -4.187662124633789
0.1304454356431961 20.87293815612793 -4.186594486236572
0.2750573754310608 20.83696746826172 -4.180148601531982
0.4197268784046173 20.81931495666504 -4.176666736602783
0.5681718587875366 20.954416275024414 -4.20086145401001
0.7143602967262268 20.885498046875 -4.184297561645508
0.8618936538696289 20.93812370300293 -4.1923418045043945
1.006672739982605 20.913183212280273 -4.185050964355469
1.1585172414779663 21.02168846130371 -4.2016282081604
1.3116823434829712 21.125446319580078 -4.216525077819824
1.45364511013031 21.00625991821289 -4.187028408050537
1.6114741563796997 21.149892807006836 -4.210212707519531
1.753409504890442 21.07492446899414 -4.1888017654418945
1.9153448343276978 21.2323055267334 -4.211174964904785
2.06455659866333 21.235898971557617 -4.203184604644775
2.2127363681793213 21.200069427490234 -4.187437534332275
2.3646717071533203 21.224407196044922 -4.183926582336426
2.5282270908355713 21.343473434448242 -4.195925235748291
2.6758739948272705 21.320621490478516 -4.1797404289245605
2.8350818157196045 21.3841552734375 -4.180642604827881
3.0025813579559326 21.48040008544922 -4.187850475311279
3.1635818481445312 21.538021087646484 -4.186191082000732
3.3201754093170166 21.560710906982422 -4.175879001617432
3.488222599029541 21.65044593811035 -4.178653717041016
3.6463866233825684 21.670757293701172 -4.168114185333252
3.8207502365112305 21.78067398071289 -4.174912929534912
4.0087056159973145 21.938514709472656 -4.187101364135742
4.157665252685547 21.89155387878418 -4.160592555999756
4.3462724685668945 22.047029495239258 -4.172635555267334
4.485887050628662 21.94879150390625 -4.136757850646973
4.695819854736328 22.188289642333984 -4.162673473358154
4.881637096405029 22.286834716796875 -4.160274028778076
5.052916526794434 22.32440757751465 -4.146857738494873
5.213581085205078 22.312002182006836 -4.124281883239746
5.403008937835693 22.41817283630371 -4.12313985824585
5.587026119232178 22.493328094482422 -4.113732814788818
5.795942783355713 22.64842987060547 -4.1184611320495605
5.972373008728027 22.67955207824707 -4.100964546203613
6.182711601257324 22.831893920898438 -4.105329990386963
6.378734111785889 22.923595428466797 -4.09621000289917
6.586207389831543 23.04701805114746 -4.091988563537598
6.794040679931641 23.153223037719727 -4.084129333496094
6.935522556304932 23.04072380065918 -4.038234233856201
7.193844795227051 23.310455322265625 -4.057994365692139
7.438046455383301 23.519149780273438 -4.065097332000732
7.6762003898620605 23.69624137878418 -4.066315174102783
7.855108737945557 23.684589385986328 -4.0350542068481445
0.0 0.0 0.0
0.0 0.0 0.0
8.540246963500977 24.048677444458008 -4.002389907836914
0.0 0.0 0.0
9.052938461303711 24.410049438476562 -3.9976375102996826
9.242483139038086 24.391630172729492 -3.959505558013916
9.543879508972168 24.668071746826172 -3.96914005279541
9.828126907348633 24.887744903564453 -3.968993902206421
0.0 0.0 0.0
10.358853340148926 25.201141357421875 -3.9454164505004883
10.62343978881836 25.333486557006836 -3.9267518520355225
10.904166221618652 25.503633499145508 -3.914111852645874
11.172141075134277 25.635730743408203 -3.8951942920684814
11.392114639282227 25.652389526367188 -3.857276201248169
11.739296913146973 25.94577980041504 -3.859307289123535
12.152902603149414 26.360816955566406 -3.8774499893188477
0.0 0.0 0.0
12.789852142333984 26.758153915405273 -3.847686290740967
13.0699462890625 26.863637924194336 -3.816608190536499
13.357270240783691 26.9769229888916 -3.7861618995666504
13.660930633544922 27.1151123046875 -3.7586209774017334
14.10983943939209 27.521780014038086 -3.765099287033081
14.483991622924805 27.773530960083008 -3.7483747005462646
0.0 0.0 0.0
0.0 0.0 0.0
0.0 0.0 0.0
0.0 0.0 0.0
0.0 0.0 0.0
0.0 0.0 0.0
0.0 0.0 0.0
0.0 0.0 0.0
0.0 0.0 0.0
0.0 0.0 0.0
0.0 0.0 0.0
0.0 0.0 0.0
0.0 0.0 0.0
0.0 0.0 0.0
0.0 0.0 0.0
0.0 0.0 0.0
0.0 0.0 0.0
23.645336151123047 34.11167526245117 -3.2531278133392334
24.19559097290039 34.38371658325195 -3.1845548152923584
0.0 0.0 0.0
0.0 0.0 0.0
0.0 0.0 0.0
0.0 0.0 0.0
0.0 0.0 0.0
0.0 0.0 0.0
0.0 0.0 0.0
0.0 0.0 0.0
0.0 0.0 0.0
0.0 0.0 0.0
0.0 0.0 0.0
0.0 0.0 0.0
0.0 0.0 0.0
0.0 0.0 0.0
0.0 0.0 0.0
0.0 0.0 0.0
0.0 0.0 0.0
0.0 0.0 0.0
0.0 0.0 0.0
0.0 0.0 0.0
0.0 0.0 0.0
0.0 0.0 0.0
0.0 0.0 0.0
0.0 0.0 0.0
0.0 0.0 0.0
0.0 0.0 0.0
0.0 0.0 0.0
0.0 0.0 0.0
0.0 0.0 0.0
0.0 0.0 0.0
0.0 0.0 0.0
0.0 0.0 0.0
0.0 0.0 0.0
0.0 0.0 0.0
0.0 0.0 0.0
0.0 0.0 0.0
0.0 0.0 0.0
0.0 0.0 0.0
0.0 0.0 0.0
0.0 0.0 0.0
0.0 0.0 0.0
0.0 0.0 0.0
0.0 0.0 0.0
0.0 0.0 0.0
0.0 0.0 0.0
0.0 0.0 0.0
0.0 0.0 0.0
0.0 0.0 0.0
0.0 0.0 0.0
0.0 0.0 0.0
0.0 0.0 0.0
0.0 0.0 0.0
0.0 0.0 0.0
0.0 0.0 0.0
0.0 0.0 0.0
0.0 0.0 0.0
0.0 0.0 0.0
0.0 0.0 0.0
0.0 0.0 0.0
0.0 0.0 0.0
0.0 0.0 0.0
0.0 0.0 0.0
0.0 0.0 0.0
0.0 0.0 0.0
0.0 0.0 0.0
0.0 0.0 0.0
0.0 0.0 0.0
0.0 0.0 0.0
0.0 0.0 0.0
0.0 0.0 0.0
0.0 0.0 0.0
0.0 0.0 0.0
0.0 0.0 0.0
0.0 0.0 0.0
0.0 0.0 0.0
0.0 0.0 0.0
0.0 0.0 0.0
0.0 0.0 0.0
0.0 0.0 0.0
0.0 0.0 0.0
0.0 0.0 0.0
0.0 0.0 0.0
0.0 0.0 0.0
0.0 0.0 0.0
0.0 0.0 0.0
0.0 0.0 0.0
0.0 0.0 0.0
0.0 0.0 0.0
0.0 0.0 0.0
0.0 0.0 0.0
0.0 0.0 0.0
0.0 0.0 0.0
0.0 0.0 0.0
0.0 0.0 0.0
0.0 0.0 0.0
0.0 0.0 0.0
0.0 0.0 0.0
0.0 0.0 0.0
0.0 0.0 0.0
0.0 0.0 0.0
0.0 0.0 0.0
0.0 0.0 0.0
0.0 0.0 0.0
0.0 0.0 0.0
0.0 0.0 0.0
0.0 0.0 0.0
0.0 0.0 0.0
0.0 0.0 0.0
0.0 0.0 0.0
0.0 0.0 0.0
0.0 0.0 0.0
0.0 0.0 0.0
0.0 0.0 0.0
0.0 0.0 0.0
0.0 0.0 0.0
0.0 0.0 0.0
0.0 0.0 0.0
0.0 0.0 0.0
0.0 0.0 0.0
0.0 0.0 0.0
0.0 0.0 0.0
0.0 0.0 0.0
0.0 0.0 0.0
0.0 0.0 0.0
0.0 0.0 0.0
0.0 0.0 0.0
0.0 0.0 0.0
0.0 0.0 0.0
0.0 0.0 0.0
0.0 0.0 0.0
0.0 0.0 0.0
0.0 0.0 0.0
0.0 0.0 0.0
0.0 0.0 0.0
0.0 0.0 0.0
0.0 0.0 0.0
0.0 0.0 0.0
0.0 0.0 0.0
0.0 0.0 0.0
0.0 0.0 0.0
0.0 0.0 0.0
0.0 0.0 0.0
0.0 0.0 0.0
0.0 0.0 0.0
0.0 0.0 0.0
0.0 0.0 0.0
0.0 0.0 0.0
0.0 0.0 0.0
0.0 0.0 0.0
0.0 0.0 0.0
0.0 0.0 0.0
0.0 0.0 0.0
0.0 0.0 0.0
0.0 0.0 0.0
0.0 0.0 0.0
0.0 0.0 0.0
0.0 0.0 0.0
0.0 0.0 0.0
0.0 0.0 0.0
0.0 0.0 0.0
0.0 0.0 0.0
0.0 0.0 0.0
0.0 0.0 0.0
0.0 0.0 0.0
0.0 0.0 0.0
0.0 0.0 0.0
0.0 0.0 0.0
0.0 0.0 0.0
0.0 0.0 0.0
0.0 0.0 0.0
0.0 0.0 0.0
0.0 0.0 0.0
0.0 0.0 0.0
0.0 0.0 0.0
0.0 0.0 0.0
0.0 0.0 0.0
0.0 0.0 0.0
0.0 0.0 0.0
0.0 0.0 0.0
0.0 0.0 0.0
0.0 0.0 0.0
0.0 0.0 0.0
0.0 0.0 0.0
0.0 0.0 0.0
0.0 0.0 0.0
0.0 0.0 0.0
0.0 0.0 0.0
0.0 0.0 0.0
0.0 0.0 0.0
0.0 0.0 0.0
0.0 0.0 0.0
0.0 0.0 0.0
0.0 0.0 0.0
0.0 0.0 0.0
0.0 0.0 0.0
0.0 0.0 0.0
0.0 0.0 0.0
0.0 0.0 0.0
0.0 0.0 0.0
0.0 0.0 0.0
0.0 0.0 0.0
0.0 0.0 0.0
0.0 0.0 0.0
0.0 0.0 0.0
0.0 0.0 0.0
0.0 0.0 0.0
0.0 0.0 0.0
-12.412537574768066 25.173723220825195 -3.3403775691986084
0.0 0.0 0.0
0.0 0.0 0.0
0.0 0.0 0.0
-11.355513572692871 24.740802764892578 -3.46059250831604
0.0 0.0 0.0
0.0 0.0 0.0
0.0 0.0 0.0
0.0 0.0 0.0
0.0 0.0 0.0
0.0 0.0 0.0
0.0 0.0 0.0
0.0 0.0 0.0
0.0 0.0 0.0
0.0 0.0 0.0
0.0 0.0 0.0
-33.3580436706543 92.44306945800781 -14.701517105102539
0.0 0.0 0.0
0.0 0.0 0.0
0.0 0.0 0.0
0.0 0.0 0.0
-7.2798027992248535 22.61739158630371 -3.753140926361084
0.0 0.0 0.0
0.0 0.0 0.0
-6.6571125984191895 22.267501831054688 -3.7810750007629395
-6.500317573547363 22.30799102783203 -3.8150646686553955
-6.277424335479736 22.125560760498047 -3.811319589614868
-6.098097801208496 22.077930450439453 -3.83013653755188
0.0 0.0 0.0
-5.746522426605225 21.99409294128418 -3.8647186756134033
-5.577058792114258 21.968774795532227 -3.88454008102417
-5.371287822723389 21.804475784301758 -3.8801450729370117
-5.220032691955566 21.84392547607422 -3.910456418991089
-5.0217390060424805 21.68018913269043 -3.9024343490600586
-4.895870208740234 21.826351165771484 -3.9503085613250732
-4.689075946807861 21.60715675354004 -3.932119369506836
-4.536582946777344 21.642601013183594 -3.9606080055236816
-4.351485729217529 21.50367546081543 -3.9538512229919434
-4.222262859344482 21.638683319091797 -3.9974966049194336
-4.029780864715576 21.444257736206055 -3.9803614616394043
-3.8639700412750244 21.380626678466797 -3.98745059967041
-3.714423179626465 21.41863250732422 -4.012118816375732
-3.544484853744507 21.31908416748047 -4.009274005889893
-3.404477596282959 21.396480560302734 -4.039854526519775
-3.233970880508423 21.279354095458984 -4.0338616371154785
-3.081913709640503 21.274946212768555 -4.048954963684082
-2.93711256980896 21.31943702697754 -4.070340156555176
-2.778247833251953 21.27949333190918 -4.076019763946533
-2.626974105834961 21.27237892150879 -4.087904453277588
-2.4652841091156006 21.172725677490234 -4.082118511199951
-2.3062403202056885 21.083776473999023 -4.076078414916992
-2.1666181087493896 21.169410705566406 -4.102680683135986
-2.009618043899536 21.109210968017578 -4.101391792297363
-1.8533434867858887 21.017127990722656 -4.093851089477539
-1.699668288230896 20.93933868408203 -4.088459491729736
-1.5614148378372192 21.05217933654785 -4.117491722106934
-1.4118139743804932 21.014896392822266 -4.117372035980225
-1.2629510164260864 21.022600173950195 -4.126384258270264
-1.114271640777588 20.987041473388672 -4.126967430114746
-0.9637982249259949 20.897363662719727 -4.114245414733887
-0.8209084868431091 20.9676570892334 -4.132223606109619
-0.674991250038147 20.97184181213379 -4.137387275695801
-0.5268251299858093 20.99038314819336 -4.145669460296631
-0.3798817992210388 20.93525505065918 -4.138410568237305
-0.23358090221881866 20.883480072021484 -4.129153728485107
-0.08878156542778015 20.972469329833984 -4.14793062210083
0.057024914771318436 20.979976654052734 -4.150798320770264
0.20337606966495514 21.03244972229004 -4.162766933441162
0.3522663414478302 21.03464698791504 -4.1618499755859375
0.4990152418613434 21.0474853515625 -4.162474632263184
0.6467356085777283 21.089948654174805 -4.169155597686768
0.7920644283294678 21.047115325927734 -4.159174919128418
0.9453619122505188 21.1949520111084 -4.185795783996582
1.0927574634552002 21.139202117919922 -4.169763565063477
1.2427833080291748 21.18202781677246 -4.173462390899658
1.3947136402130127 21.242916107177734 -4.180896282196045
1.5456068515777588 21.275955200195312 -4.183027744293213
1.6902722120285034 21.2244815826416 -4.165447235107422
1.8450462818145752 21.263572692871094 -4.165194988250732
1.9990688562393188 21.317035675048828 -4.1680684089660645
2.1560137271881104 21.38845443725586 -4.174592971801758
2.304136276245117 21.367507934570312 -4.161737442016602
2.4550724029541016 21.372617721557617 -4.151955604553223
2.622795820236206 21.49061393737793 -4.164039611816406
2.7950234413146973 21.649473190307617 -4.184284210205078
2.934903144836426 21.552284240722656 -4.155196666717529
3.1038317680358887 21.663700103759766 -4.162980556488037
3.2702834606170654 21.747312545776367 -4.16532564163208
3.4304568767547607 21.780351638793945 -4.158075332641602
3.5881786346435547 21.777761459350586 -4.143957138061523
3.784303903579712 22.013151168823242 -4.173645973205566
3.9354920387268066 21.97499656677246 -4.149787902832031
4.087564468383789 21.943355560302734 -4.12739896774292
4.279693603515625 22.11806869506836 -4.143863677978516
4.458861351013184 22.20039176940918 -4.142470836639404
4.626514911651611 22.233415603637695 -4.12925910949707
4.7891764640808105 22.23887062072754 -4.111047267913818
4.970516204833984 22.3256893157959 -4.107947826385498
5.180873870849609 22.5310001373291 -4.126551151275635
5.361532211303711 22.58463478088379 -4.114851474761963
5.514175891876221 22.52920913696289 -4.082638740539551
5.71898078918457 22.681652069091797 -4.088136672973633
5.931807041168213 22.854766845703125 -4.097200870513916
6.116659164428711 22.91086769104004 -4.08443546295166
6.340582847595215 23.091327667236328 -4.090956687927246
6.498471736907959 23.037046432495117 -4.056334495544434
6.718053340911865 23.196245193481445 -4.05930233001709
6.919323921203613 23.28336524963379 -4.049501895904541
7.142273902893066 23.43561363220215 -4.048418045043945
7.3500871658325195 23.518890380859375 -4.034416675567627
7.57401180267334 23.656352996826172 -4.030054569244385
7.763148784637451 23.678205490112305 -4.005866527557373
8.085258483886719 24.093849182128906 -4.046370983123779
8.215960502624512 23.929763793945312 -3.9880478382110596
8.469862937927246 24.121850967407227 -3.9891467094421387
8.748241424560547 24.36147689819336 -3.9970479011535645
8.954036712646484 24.400249481201172 -3.971564292907715
0.0 0.0 0.0
9.449260711669922 24.6822452545166 -3.94950270652771
9.72008228302002 24.870298385620117 -3.9454236030578613
9.982656478881836 25.018875122070312 -3.9338929653167725
10.254884719848633 25.191577911376953 -3.9240317344665527
10.502015113830566 25.293804168701172 -3.902754306793213
10.747858047485352 25.38675880432129 -3.8797948360443115
11.103005409240723 25.726106643676758 -3.893808126449585
11.415033340454102 25.944080352783203 -3.8856136798858643
11.683948516845703 26.06109619140625 -3.861999750137329
0.0 0.0 0.0
0.0 0.0 0.0
12.66057300567627 26.730247497558594 -3.8324637413024902
12.927128791809082 26.80000114440918 -3.7967000007629395
0.0 0.0 0.0
13.650918960571289 27.319976806640625 -3.7783265113830566
13.959427833557129 27.45935821533203 -3.7491939067840576
0.0 0.0 0.0
14.630340576171875 27.814617156982422 -3.6981983184814453
0.0 0.0 0.0
0.0 0.0 0.0
15.989540100097656 28.910663604736328 -3.681187629699707
0.0 0.0 0.0
0.0 0.0 0.0
8.012974739074707 13.797207832336426 -1.6751588582992554
0.0 0.0 0.0
0.0 0.0 0.0
0.0 0.0 0.0
0.0 0.0 0.0
0.0 0.0 0.0
0.0 0.0 0.0
0.0 0.0 0.0
0.0 0.0 0.0
0.0 0.0 0.0
0.0 0.0 0.0
0.0 0.0 0.0
0.0 0.0 0.0
0.0 0.0 0.0
0.0 0.0 0.0
0.0 0.0 0.0
0.0 0.0 0.0
0.0 0.0 0.0
0.0 0.0 0.0
0.0 0.0 0.0
0.0 0.0 0.0
0.0 0.0 0.0
0.0 0.0 0.0
0.0 0.0 0.0
0.0 0.0 0.0
0.0 0.0 0.0
0.0 0.0 0.0
0.0 0.0 0.0
0.0 0.0 0.0
0.0 0.0 0.0
0.0 0.0 0.0
0.0 0.0 0.0
0.0 0.0 0.0
0.0 0.0 0.0
0.0 0.0 0.0
0.0 0.0 0.0
0.0 0.0 0.0
0.0 0.0 0.0
0.0 0.0 0.0
0.0 0.0 0.0
0.0 0.0 0.0
0.0 0.0 0.0
0.0 0.0 0.0
0.0 0.0 0.0
0.0 0.0 0.0
0.0 0.0 0.0
0.0 0.0 0.0
0.0 0.0 0.0
0.0 0.0 0.0
0.0 0.0 0.0
0.0 0.0 0.0
0.0 0.0 0.0
0.0 0.0 0.0
0.0 0.0 0.0
0.0 0.0 0.0
0.0 0.0 0.0
0.0 0.0 0.0
0.0 0.0 0.0
0.0 0.0 0.0
0.0 0.0 0.0
0.0 0.0 0.0
0.0 0.0 0.0
0.0 0.0 0.0
0.0 0.0 0.0
0.0 0.0 0.0
0.0 0.0 0.0
0.0 0.0 0.0
0.0 0.0 0.0
0.0 0.0 0.0
0.0 0.0 0.0
0.0 0.0 0.0
0.0 0.0 0.0
0.0 0.0 0.0
0.0 0.0 0.0
0.0 0.0 0.0
0.0 0.0 0.0
0.0 0.0 0.0
0.0 0.0 0.0
0.0 0.0 0.0
0.0 0.0 0.0
0.0 0.0 0.0
0.0 0.0 0.0
0.0 0.0 0.0
0.0 0.0 0.0
0.0 0.0 0.0
0.0 0.0 0.0
0.0 0.0 0.0
0.0 0.0 0.0
0.0 0.0 0.0
0.0 0.0 0.0
0.0 0.0 0.0
0.0 0.0 0.0
0.0 0.0 0.0
0.0 0.0 0.0
0.0 0.0 0.0
0.0 0.0 0.0
0.0 0.0 0.0
0.0 0.0 0.0
0.0 0.0 0.0
0.0 0.0 0.0
0.0 0.0 0.0
0.0 0.0 0.0
0.0 0.0 0.0
0.0 0.0 0.0
0.0 0.0 0.0
0.0 0.0 0.0
0.0 0.0 0.0
0.0 0.0 0.0
0.0 0.0 0.0
0.0 0.0 0.0
0.0 0.0 0.0
0.0 0.0 0.0
0.0 0.0 0.0
0.0 0.0 0.0
0.0 0.0 0.0
0.0 0.0 0.0
0.0 0.0 0.0
0.0 0.0 0.0
0.0 0.0 0.0
0.0 0.0 0.0
0.0 0.0 0.0
0.0 0.0 0.0
0.0 0.0 0.0
0.0 0.0 0.0
0.0 0.0 0.0
0.0 0.0 0.0
0.0 0.0 0.0
0.0 0.0 0.0
0.0 0.0 0.0
0.0 0.0 0.0
0.0 0.0 0.0
0.0 0.0 0.0
0.0 0.0 0.0
0.0 0.0 0.0
0.0 0.0 0.0
0.0 0.0 0.0
0.0 0.0 0.0
0.0 0.0 0.0
0.0 0.0 0.0
0.0 0.0 0.0
0.0 0.0 0.0
0.0 0.0 0.0
0.0 0.0 0.0
0.0 0.0 0.0
0.0 0.0 0.0
0.0 0.0 0.0
0.0 0.0 0.0
0.0 0.0 0.0
0.0 0.0 0.0
0.0 0.0 0.0
0.0 0.0 0.0
0.0 0.0 0.0
0.0 0.0 0.0
0.0 0.0 0.0
0.0 0.0 0.0
0.0 0.0 0.0
0.0 0.0 0.0
0.0 0.0 0.0
0.0 0.0 0.0
0.0 0.0 0.0
0.0 0.0 0.0
0.0 0.0 0.0
0.0 0.0 0.0
0.0 0.0 0.0
0.0 0.0 0.0
0.0 0.0 0.0
0.0 0.0 0.0
0.0 0.0 0.0
0.0 0.0 0.0
0.0 0.0 0.0
0.0 0.0 0.0
0.0 0.0 0.0
0.0 0.0 0.0
0.0 0.0 0.0
0.0 0.0 0.0
0.0 0.0 0.0
0.0 0.0 0.0
0.0 0.0 0.0
0.0 0.0 0.0
0.0 0.0 0.0
0.0 0.0 0.0
0.0 0.0 0.0
0.0 0.0 0.0
0.0 0.0 0.0
0.0 0.0 0.0
0.0 0.0 0.0
0.0 0.0 0.0
0.0 0.0 0.0
0.0 0.0 0.0
0.0 0.0 0.0
0.0 0.0 0.0
0.0 0.0 0.0
0.0 0.0 0.0
0.0 0.0 0.0
0.0 0.0 0.0
0.0 0.0 0.0
0.0 0.0 0.0
0.0 0.0 0.0
0.0 0.0 0.0
0.0 0.0 0.0
0.0 0.0 0.0
0.0 0.0 0.0
0.0 0.0 0.0
0.0 0.0 0.0
0.0 0.0 0.0
0.0 0.0 0.0
0.0 0.0 0.0
0.0 0.0 0.0
0.0 0.0 0.0
0.0 0.0 0.0
0.0 0.0 0.0
0.0 0.0 0.0
0.0 0.0 0.0
0.0 0.0 0.0
0.0 0.0 0.0
0.0 0.0 0.0
0.0 0.0 0.0
0.0 0.0 0.0
-13.54460620880127 25.856088638305664 -3.230806589126587
0.0 0.0 0.0
0.0 0.0 0.0
0.0 0.0 0.0
0.0 0.0 0.0
0.0 0.0 0.0
0.0 0.0 0.0
-11.515970230102539 24.870967864990234 -3.426673173904419
0.0 0.0 0.0
0.0 0.0 0.0
-10.544654846191406 24.080141067504883 -3.439227342605591
0.0 0.0 0.0
0.0 0.0 0.0
0.0 0.0 0.0
0.0 0.0 0.0
0.0 0.0 0.0
0.0 0.0 0.0
0.0 0.0 0.0
0.0 0.0 0.0
0.0 0.0 0.0
0.0 0.0 0.0
0.0 0.0 0.0
0.0 0.0 0.0
0.0 0.0 0.0
-7.422954082489014 22.783750534057617 -3.7233073711395264
0.0 0.0 0.0
0.0 0.0 0.0
0.0 0.0 0.0
-6.623659610748291 22.442720413208008 -3.780146598815918
-6.447630882263184 22.419958114624023 -3.8036773204803467
-6.243010997772217 22.29208755493164 -3.8083224296569824
-6.067048072814941 22.259397506713867 -3.8273677825927734
0.0 0.0 0.0
-5.708565711975098 22.168212890625 -3.8615565299987793
-5.558255672454834 22.224802017211914 -3.8963632583618164
-5.339563369750977 22.000171661376953 -3.8787882328033447
-5.194831848144531 22.073421478271484 -3.913695812225342
-4.985019683837891 21.876039505004883 -3.901012659072876
-4.802683353424072 21.774024963378906 -3.904752016067505
-4.64586067199707 21.7838134765625 -3.926654100418091
-4.475569248199463 21.72480583190918 -3.934882879257202
-4.31307315826416 21.698440551757812 -3.949094772338867
-4.141960620880127 21.637317657470703 -3.9573919773101807
-3.9682559967041016 21.540546417236328 -3.958289861679077
-3.8110806941986084 21.526132583618164 -3.9716644287109375
-3.6394948959350586 21.42344093322754 -3.968822479248047
-3.488656759262085 21.43698501586914 -3.9876084327697754
-3.338839530944824 21.472557067871094 -4.010969161987305
-3.1736271381378174 21.389427185058594 -4.009589672088623
-3.0182290077209473 21.366079330444336 -4.018607139587402
-2.865008592605591 21.353002548217773 -4.029692649841309
-2.71146559715271 21.335031509399414 -4.040024757385254
-2.5552213191986084 21.289443969726562 -4.044304370880127
-2.3942434787750244 21.21677589416504 -4.040951728820801
-2.2518415451049805 21.283897399902344 -4.064232349395752
-2.0940756797790527 21.20109748840332 -4.059049606323242
-1.9412633180618286 21.159196853637695 -4.061830520629883
-1.7958110570907593 21.193174362182617 -4.07647705078125
-1.6382519006729126 21.10788345336914 -4.067724704742432
-1.4902945756912231 21.101640701293945 -4.074228763580322
-1.3473750352859497 21.17091178894043 -4.0955281257629395
-1.198595404624939 21.155183792114258 -4.099472522735596
-1.0481048822402954 21.09673309326172 -4.0928521156311035
-0.8979750275611877 21.087121963500977 -4.095975875854492
-0.7514893412590027 21.0993595123291 -4.103455066680908
-0.6049314737319946 21.118244171142578 -4.1124372482299805
-0.45727795362472534 21.08306884765625 -4.107727527618408
-0.3121725618839264 21.196500778198242 -4.1315412521362305
-0.16254161298274994 21.247594833374023 -4.143451690673828
-0.014616566710174084 21.174942016601562 -4.131398677825928
0.13244539499282837 21.1513729095459 -4.127710342407227
0.27904605865478516 21.115747451782227 -4.1193952560424805
0.42717891931533813 21.17110252380371 -4.129026412963867
0.5752018690109253 21.198591232299805 -4.133419036865234
0.7302173972129822 21.339914321899414 -4.160188674926758
0.8785592317581177 21.33527183532715 -4.155339241027832
1.027036428451538 21.329668045043945 -4.150043487548828
1.176322340965271 21.338350296020508 -4.14772367477417
1.320786476135254 21.26560401916504 -4.129787445068359
1.477872371673584 21.352689743041992 -4.141567707061768
1.6269950866699219 21.35124397277832 -4.134248733520508
1.7804704904556274 21.398435592651367 -4.1365180015563965
1.943819522857666 21.547693252563477 -4.158658027648926
2.0967094898223877 21.56590461730957 -4.155648708343506
2.2493276596069336 21.552898406982422 -4.143308162689209
2.40570068359375 21.596311569213867 -4.141825199127197
2.5674686431884766 21.676685333251953 -4.147552490234375
2.719311237335205 21.668298721313477 -4.136462211608887
2.886892080307007 21.777090072631836 -4.1462249755859375
3.0449419021606445 21.785837173461914 -4.13471794128418
3.20461106300354 21.820348739624023 -4.128473281860352
3.3765954971313477 21.929597854614258 -4.136464595794678
3.536818027496338 21.954111099243164 -4.128572940826416
3.721972942352295 22.12198257446289 -4.144270896911621
3.8786087036132812 22.110511779785156 -4.126326560974121
4.054424285888672 22.188228607177734 -4.124887943267822
4.211004257202148 22.17061424255371 -4.106113910675049
4.3903069496154785 22.269136428833008 -4.107297897338867
4.550680637359619 22.264768600463867 -4.088067531585693
4.733322620391846 22.364595413208008 -4.0880656242370605
4.930422782897949 22.507492065429688 -4.095546245574951
5.113990306854248 22.593135833740234 -4.092604637145996
5.318353176116943 22.76024055480957 -4.101426601409912
5.4812912940979 22.742284774780273 -4.076876163482666
5.649620532989502 22.745586395263672 -4.05631160736084
5.843029975891113 22.832780838012695 -4.050385475158691
6.032243728637695 22.9082088470459 -4.040661334991455
6.276566982269287 23.17921257019043 -4.064208507537842
6.482637405395508 23.295835494995117 -4.060402870178223
6.652344703674316 23.277408599853516 -4.033099174499512
6.878282070159912 23.43828582763672 -4.0355072021484375
7.072826385498047 23.494911193847656 -4.018332004547119
7.299374103546143 23.64938735961914 -4.017719268798828
7.507310390472412 23.73574447631836 -4.005383491516113
7.738386631011963 23.886362075805664 -4.0036845207214355
7.999553203582764 24.119686126708984 -4.012970447540283
8.130941390991211 23.94769859313965 -3.9541780948638916
8.457659721374512 24.35195541381836 -3.99079966545105
8.68818187713623 24.4655704498291 -3.979249954223633
0.0 0.0 0.0
9.116545677185059 24.582263946533203 -3.9334657192230225
0.0 0.0 0.0
9.666117668151855 24.982627868652344 -3.9303619861602783
0.0 0.0 0.0
10.164656639099121 25.223670959472656 -3.897822618484497
0.0 0.0 0.0
0.0 0.0 0.0
11.074867248535156 25.901763916015625 -3.8906798362731934
0.0 0.0 0.0
11.544639587402344 25.99485969543457 -3.825404167175293
0.0 0.0 0.0
0.0 0.0 0.0
0.0 0.0 0.0
12.808243751525879 26.7949161529541 -3.772944927215576
13.19301986694336 27.11197853088379 -3.77325177192688
0.0 0.0 0.0
13.841923713684082 27.468473434448242 -3.730362892150879
14.29770565032959 27.880226135253906 -3.7372257709503174
0.0 0.0 0.0
0.0 0.0 0.0
0.0 0.0 0.0
0.0 0.0 0.0
0.0 0.0 0.0
0.0 0.0 0.0
0.0 0.0 0.0
0.0 0.0 0.0
0.0 0.0 0.0
0.0 0.0 0.0
0.0 0.0 0.0
19.750139236450195 31.679471969604492 -3.5071380138397217
19.956777572631836 31.522058486938477 -3.4207375049591064
0.0 0.0 0.0
0.0 0.0 0.0
0.0 0.0 0.0
0.0 0.0 0.0
0.0 0.0 0.0
0.0 0.0 0.0
0.0 0.0 0.0
0.0 0.0 0.0
0.0 0.0 0.0
0.0 0.0 0.0
0.0 0.0 0.0
0.0 0.0 0.0
0.0 0.0 0.0
0.0 0.0 0.0
0.0 0.0 0.0
0.0 0.0 0.0
0.0 0.0 0.0
0.0 0.0 0.0
0.0 0.0 0.0
0.0 0.0 0.0
0.0 0.0 0.0
0.0 0.0 0.0
0.0 0.0 0.0
0.0 0.0 0.0
0.0 0.0 0.0
0.0 0.0 0.0
0.0 0.0 0.0
0.0 0.0 0.0
0.0 0.0 0.0
0.0 0.0 0.0
0.0 0.0 0.0
0.0 0.0 0.0
0.0 0.0 0.0
0.0 0.0 0.0
0.0 0.0 0.0
0.0 0.0 0.0
0.0 0.0 0.0
0.0 0.0 0.0
0.0 0.0 0.0
0.0 0.0 0.0
0.0 0.0 0.0
0.0 0.0 0.0
0.0 0.0 0.0
0.0 0.0 0.0
0.0 0.0 0.0
0.0 0.0 0.0
0.0 0.0 0.0
0.0 0.0 0.0
0.0 0.0 0.0
0.0 0.0 0.0
0.0 0.0 0.0
0.0 0.0 0.0
0.0 0.0 0.0
0.0 0.0 0.0
0.0 0.0 0.0
0.0 0.0 0.0
0.0 0.0 0.0
0.0 0.0 0.0
0.0 0.0 0.0
0.0 0.0 0.0
0.0 0.0 0.0
0.0 0.0 0.0
0.0 0.0 0.0
0.0 0.0 0.0
0.0 0.0 0.0
0.0 0.0 0.0
0.0 0.0 0.0
0.0 0.0 0.0
0.0 0.0 0.0
0.0 0.0 0.0
0.0 0.0 0.0
0.0 0.0 0.0
0.0 0.0 0.0
0.0 0.0 0.0
0.0 0.0 0.0
0.0 0.0 0.0
0.0 0.0 0.0
0.0 0.0 0.0
0.0 0.0 0.0
0.0 0.0 0.0
0.0 0.0 0.0
0.0 0.0 0.0
0.0 0.0 0.0
0.0 0.0 0.0
0.0 0.0 0.0
0.0 0.0 0.0
0.0 0.0 0.0
0.0 0.0 0.0
0.0 0.0 0.0
0.0 0.0 0.0
0.0 0.0 0.0
0.0 0.0 0.0
0.0 0.0 0.0
0.0 0.0 0.0
0.0 0.0 0.0
0.0 0.0 0.0
0.0 0.0 0.0
0.0 0.0 0.0
0.0 0.0 0.0
0.0 0.0 0.0
0.0 0.0 0.0
0.0 0.0 0.0
0.0 0.0 0.0
0.0 0.0 0.0
0.0 0.0 0.0
0.0 0.0 0.0
0.0 0.0 0.0
0.0 0.0 0.0
0.0 0.0 0.0
0.0 0.0 0.0
0.0 0.0 0.0
0.0 0.0 0.0
0.0 0.0 0.0
0.0 0.0 0.0
0.0 0.0 0.0
0.0 0.0 0.0
0.0 0.0 0.0
0.0 0.0 0.0
0.0 0.0 0.0
0.0 0.0 0.0
0.0 0.0 0.0
0.0 0.0 0.0
0.0 0.0 0.0
0.0 0.0 0.0
0.0 0.0 0.0
0.0 0.0 0.0
0.0 0.0 0.0
0.0 0.0 0.0
0.0 0.0 0.0
0.0 0.0 0.0
0.0 0.0 0.0
0.0 0.0 0.0
0.0 0.0 0.0
0.0 0.0 0.0
0.0 0.0 0.0
0.0 0.0 0.0
0.0 0.0 0.0
0.0 0.0 0.0
0.0 0.0 0.0
0.0 0.0 0.0
0.0 0.0 0.0
0.0 0.0 0.0
0.0 0.0 0.0
0.0 0.0 0.0
0.0 0.0 0.0
0.0 0.0 0.0
0.0 0.0 0.0
0.0 0.0 0.0
0.0 0.0 0.0
0.0 0.0 0.0
0.0 0.0 0.0
0.0 0.0 0.0
0.0 0.0 0.0
0.0 0.0 0.0
0.0 0.0 0.0
0.0 0.0 0.0
0.0 0.0 0.0
0.0 0.0 0.0
0.0 0.0 0.0
0.0 0.0 0.0
0.0 0.0 0.0
0.0 0.0 0.0
0.0 0.0 0.0
0.0 0.0 0.0
0.0 0.0 0.0
0.0 0.0 0.0
0.0 0.0 0.0
0.0 0.0 0.0
0.0 0.0 0.0
0.0 0.0 0.0
0.0 0.0 0.0
0.0 0.0 0.0
0.0 0.0 0.0
0.0 0.0 0.0
0.0 0.0 0.0
0.0 0.0 0.0
0.0 0.0 0.0
0.0 0.0 0.0
0.0 0.0 0.0
0.0 0.0 0.0
0.0 0.0 0.0
0.0 0.0 0.0
0.0 0.0 0.0
0.0 0.0 0.0
0.0 0.0 0.0
0.0 0.0 0.0
0.0 0.0 0.0
0.0 0.0 0.0
0.0 0.0 0.0
0.0 0.0 0.0
0.0 0.0 0.0
0.0 0.0 0.0
0.0 0.0 0.0
0.0 0.0 0.0
0.0 0.0 0.0
0.0 0.0 0.0
0.0 0.0 0.0
0.0 0.0 0.0
0.0 0.0 0.0
0.0 0.0 0.0
0.0 0.0 0.0
0.0 0.0 0.0
0.0 0.0 0.0
0.0 0.0 0.0
0.0 0.0 0.0
0.0 0.0 0.0
0.0 0.0 0.0
0.0 0.0 0.0
0.0 0.0 0.0
0.0 0.0 0.0
0.0 0.0 0.0
-13.404897689819336 25.802974700927734 -3.210334300994873
0.0 0.0 0.0
0.0 0.0 0.0
-12.513724327087402 25.379056930541992 -3.3003623485565186
0.0 0.0 0.0
0.0 0.0 0.0
0.0 0.0 0.0
0.0 0.0 0.0
0.0 0.0 0.0
0.0 0.0 0.0
0.0 0.0 0.0
0.0 0.0 0.0
0.0 0.0 0.0
0.0 0.0 0.0
0.0 0.0 0.0
0.0 0.0 0.0
-9.044322967529297 23.50421905517578 -3.552407741546631
0.0 0.0 0.0
0.0 0.0 0.0
0.0 0.0 0.0
0.0 0.0 0.0
0.0 0.0 0.0
0.0 0.0 0.0
0.0 0.0 0.0
-7.404021739959717 23.0050106048584 -3.7289693355560303
-7.106851100921631 22.61988639831543 -3.6940343379974365
-6.945340633392334 22.656230926513672 -3.7276103496551514
-6.760622024536133 22.613710403442383 -3.7482521533966064
-6.58868932723999 22.610450744628906 -3.775411605834961
0.0 0.0 0.0
-6.224612236022949 22.53465461730957 -3.8132946491241455
-6.008225917816162 22.356536865234375 -3.808157444000244
-5.826959609985352 22.299562454223633 -3.823470115661621
-5.61436653137207 22.11453628540039 -3.814870834350586
-5.472075939178467 22.212678909301758 -3.8544836044311523
-5.2687668800354 22.047080993652344 -3.8479928970336914
-5.118435859680176 22.097347259521484 -3.8791861534118652
-4.922975540161133 21.947595596313477 -3.874567985534668
-4.763385772705078 21.95085334777832 -3.894580602645874
-4.573794364929199 21.821578979492188 -3.891432762145996
-4.405767917633057 21.773258209228516 -3.902355909347534
-4.246570587158203 21.765216827392578 -3.9206137657165527
-4.088600158691406 21.760204315185547 -3.9369568824768066
-3.9131782054901123 21.65575408935547 -3.934756278991699
-3.755112409591675 21.656414031982422 -3.952031135559082
-3.5829169750213623 21.553142547607422 -3.9501190185546875
-3.4369566440582275 21.604408264160156 -3.975463628768921
-3.2837631702423096 21.60942268371582 -3.9903106689453125
-3.1257081031799316 21.579120635986328 -3.998788833618164
-2.957749128341675 21.471555709838867 -3.9930291175842285
-2.7823052406311035 21.313507080078125 -3.978132963180542
-2.6505684852600098 21.466922760009766 -4.018174648284912
-2.499476194381714 21.47080421447754 -4.0301079750061035
-2.3394410610198975 21.389629364013672 -4.026203155517578
-2.1863532066345215 21.364585876464844 -4.033000946044922
-2.032769203186035 21.354206085205078 -4.041382789611816
-1.887909173965454 21.411781311035156 -4.060431480407715
-1.7322664260864258 21.342103958129883 -4.055523872375488
-1.5856331586837769 21.378477096557617 -4.070943355560303
-1.4308607578277588 21.298967361450195 -4.064468860626221
-1.2799419164657593 21.30719757080078 -4.071645259857178
-1.134081244468689 21.360280990600586 -4.087169647216797
-0.9815240502357483 21.278209686279297 -4.07701301574707
-0.8334488868713379 21.28323745727539 -4.083725452423096
-0.6845829486846924 21.264516830444336 -4.084523677825928
-0.5335010290145874 21.252885818481445 -4.084735870361328
-0.3865653872489929 21.3015079498291 -4.096685886383057
-0.23902645707130432 21.3682918548584 -4.1123433113098145
-0.09013891220092773 21.330480575561523 -4.108074188232422
0.05847035348415375 21.376667022705078 -4.116693019866943
0.20803602039813995 21.471736907958984 -4.134629249572754
0.3590620160102844 21.412302017211914 -4.123010635375977
0.5066668391227722 21.35569953918457 -4.112143516540527
0.6567162275314331 21.398073196411133 -4.118895530700684
0.807919442653656 21.458967208862305 -4.127209186553955
0.9588019251823425 21.488130569458008 -4.1296000480651855
1.1094919443130493 21.454816818237305 -4.120133399963379
1.264430284500122 21.543134689331055 -4.134268760681152
1.4180721044540405 21.592702865600586 -4.137660026550293
1.563562035560608 21.518762588500977 -4.117339134216309
1.7214980125427246 21.612140655517578 -4.1292219161987305
1.8813728094100952 21.681236267089844 -4.1365180015563965
2.037548303604126 21.72675132751465 -4.137927532196045
2.1847164630889893 21.67221450805664 -4.118365287780762
2.3442227840423584 21.738815307617188 -4.1220173835754395
2.514838218688965 21.891971588134766 -4.142180442810059
2.654648780822754 21.750072479248047 -4.106544494628906
2.8244333267211914 21.874757766723633 -4.118136882781982
2.9965932369232178 22.001985549926758 -4.130090713500977
3.1635799407958984 22.078472137451172 -4.132589340209961
3.315382719039917 22.04352378845215 -4.114376068115234
3.481631278991699 22.102703094482422 -4.112339496612549
3.6516222953796387 22.160573959350586 -4.108069896697998
3.8180463314056396 22.2061824798584 -4.101877689361572
3.9778287410736084 22.208927154541016 -4.087906360626221
4.1561384201049805 22.30877685546875 -4.091910362243652
4.3271284103393555 22.362548828125 -4.084223747253418
4.504892349243164 22.429616928100586 -4.078714847564697
4.707655906677246 22.623838424682617 -4.096595764160156
4.882747650146484 22.673429489135742 -4.088235855102539
5.052700042724609 22.695728302001953 -4.073364734649658
5.254637241363525 22.85193634033203 -4.081056118011475
5.43056583404541 22.87483024597168 -4.064587593078613
5.627291202545166 22.990432739257812 -4.064948558807373
5.844425678253174 23.179229736328125 -4.077796459197998
5.993288040161133 23.090652465820312 -4.039237022399902
6.189698219299316 23.183481216430664 -4.032557487487793
6.397894382476807 23.29997444152832 -4.029481887817383
6.565399646759033 23.27448272705078 -4.002285957336426
6.822756767272949 23.559165954589844 -4.026158332824707
7.011046409606934 23.593942642211914 -4.006250858306885
7.302627086639404 23.96286392211914 -4.042713642120361
7.447206974029541 23.831178665161133 -3.9941375255584717
7.649660587310791 23.89432716369629 -3.9778060913085938
7.868244647979736 23.99995994567871 -3.9665794372558594
8.139022827148438 24.253751754760742 -3.9794864654541016
8.328492164611816 24.25670623779297 -3.951005458831787
8.578424453735352 24.42945671081543 -3.9499475955963135
8.843301773071289 24.62480926513672 -3.949181318283081
9.133879661560059 24.887514114379883 -3.959183692932129
0.0 0.0 0.0
0.0 0.0 0.0
9.820090293884277 25.122682571411133 -3.897700786590576
0.0 0.0 0.0
10.395235061645508 25.531625747680664 -3.890005111694336
10.680309295654297 25.718278884887695 -3.8829495906829834
10.912224769592285 25.770771026611328 -3.853977680206299
11.182944297790527 25.906394958496094 -3.836029291152954
11.568284034729004 26.286338806152344 -3.8528361320495605
0.0 0.0 0.0
12.153605461120605 26.60725212097168 -3.8202078342437744
0.0 0.0 0.0
12.83685302734375 27.099382400512695 -3.80574893951416
13.097099304199219 27.150243759155273 -3.76937198638916
13.35279655456543 27.197301864624023 -3.732057571411133
13.823519706726074 27.668676376342773 -3.750542163848877
14.127691268920898 27.79255485534668 -3.7207696437835693
0.0 0.0 0.0
0.0 0.0 0.0
15.383113861083984 28.75497817993164 -3.6991868019104004
0.0 0.0 0.0
0.0 0.0 0.0
0.0 0.0 0.0
0.0 0.0 0.0
0.0 0.0 0.0
0.0 0.0 0.0
0.0 0.0 0.0
18.761981964111328 30.806482315063477 -3.48736834526062
0.0 0.0 0.0
0.0 0.0 0.0
0.0 0.0 0.0
0.0 0.0 0.0
0.0 0.0 0.0
0.0 0.0 0.0
0.0 0.0 0.0
0.0 0.0 0.0
0.0 0.0 0.0
0.0 0.0 0.0
0.0 0.0 0.0
0.0 0.0 0.0
0.0 0.0 0.0
0.0 0.0 0.0
0.0 0.0 0.0
0.0 0.0 0.0
0.0 0.0 0.0
0.0 0.0 0.0
0.0 0.0 0.0
0.0 0.0 0.0
0.0 0.0 0.0
0.0 0.0 0.0
0.0 0.0 0.0
0.0 0.0 0.0
0.0 0.0 0.0
0.0 0.0 0.0
0.0 0.0 0.0
0.0 0.0 0.0
0.0 0.0 0.0
0.0 0.0 0.0
0.0 0.0 0.0
0.0 0.0 0.0
0.0 0.0 0.0
0.0 0.0 0.0
0.0 0.0 0.0
0.0 0.0 0.0
0.0 0.0 0.0
0.0 0.0 0.0
0.0 0.0 0.0
0.0 0.0 0.0
0.0 0.0 0.0
0.0 0.0 0.0
0.0 0.0 0.0
0.0 0.0 0.0
0.0 0.0 0.0
0.0 0.0 0.0
0.0 0.0 0.0
0.0 0.0 0.0
0.0 0.0 0.0
0.0 0.0 0.0
0.0 0.0 0.0
0.0 0.0 0.0
0.0 0.0 0.0
0.0 0.0 0.0
0.0 0.0 0.0
0.0 0.0 0.0
0.0 0.0 0.0
0.0 0.0 0.0
0.0 0.0 0.0
0.0 0.0 0.0
0.0 0.0 0.0
0.0 0.0 0.0
0.0 0.0 0.0
0.0 0.0 0.0
0.0 0.0 0.0
0.0 0.0 0.0
0.0 0.0 0.0
0.0 0.0 0.0
0.0 0.0 0.0
0.0 0.0 0.0
0.0 0.0 0.0
0.0 0.0 0.0
0.0 0.0 0.0
0.0 0.0 0.0
0.0 0.0 0.0
0.0 0.0 0.0
0.0 0.0 0.0
0.0 0.0 0.0
0.0 0.0 0.0
0.0 0.0 0.0
0.0 0.0 0.0
0.0 0.0 0.0
0.0 0.0 0.0
0.0 0.0 0.0
0.0 0.0 0.0
0.0 0.0 0.0
0.0 0.0 0.0
0.0 0.0 0.0
0.0 0.0 0.0
0.0 0.0 0.0
0.0 0.0 0.0
0.0 0.0 0.0
0.0 0.0 0.0
0.0 0.0 0.0
0.0 0.0 0.0
0.0 0.0 0.0
0.0 0.0 0.0
0.0 0.0 0.0
0.0 0.0 0.0
0.0 0.0 0.0
0.0 0.0 0.0
0.0 0.0 0.0
0.0 0.0 0.0
0.0 0.0 0.0
0.0 0.0 0.0
0.0 0.0 0.0
0.0 0.0 0.0
0.0 0.0 0.0
0.0 0.0 0.0
0.0 0.0 0.0
0.0 0.0 0.0
0.0 0.0 0.0
0.0 0.0 0.0
0.0 0.0 0.0
0.0 0.0 0.0
0.0 0.0 0.0
0.0 0.0 0.0
0.0 0.0 0.0
0.0 0.0 0.0
0.0 0.0 0.0
0.0 0.0 0.0
0.0 0.0 0.0
0.0 0.0 0.0
0.0 0.0 0.0
0.0 0.0 0.0
0.0 0.0 0.0
0.0 0.0 0.0
0.0 0.0 0.0
0.0 0.0 0.0
0.0 0.0 0.0
0.0 0.0 0.0
0.0 0.0 0.0
0.0 0.0 0.0
0.0 0.0 0.0
0.0 0.0 0.0
0.0 0.0 0.0
0.0 0.0 0.0
0.0 0.0 0.0
0.0 0.0 0.0
0.0 0.0 0.0
0.0 0.0 0.0
0.0 0.0 0.0
0.0 0.0 0.0
0.0 0.0 0.0
0.0 0.0 0.0
0.0 0.0 0.0
0.0 0.0 0.0
0.0 0.0 0.0
0.0 0.0 0.0
0.0 0.0 0.0
0.0 0.0 0.0
0.0 0.0 0.0
0.0 0.0 0.0
0.0 0.0 0.0
0.0 0.0 0.0
0.0 0.0 0.0
0.0 0.0 0.0
0.0 0.0 0.0
0.0 0.0 0.0
0.0 0.0 0.0
0.0 0.0 0.0
0.0 0.0 0.0
0.0 0.0 0.0
0.0 0.0 0.0
0.0 0.0 0.0
0.0 0.0 0.0
0.0 0.0 0.0
0.0 0.0 0.0
0.0 0.0 0.0
0.0 0.0 0.0
0.0 0.0 0.0
0.0 0.0 0.0
0.0 0.0 0.0
0.0 0.0 0.0
0.0 0.0 0.0
0.0 0.0 0.0
0.0 0.0 0.0
0.0 0.0 0.0
0.0 0.0 0.0
0.0 0.0 0.0
0.0 0.0 0.0
0.0 0.0 0.0
0.0 0.0 0.0
0.0 0.0 0.0
0.0 0.0 0.0
0.0 0.0 0.0
0.0 0.0 0.0
0.0 0.0 0.0
0.0 0.0 0.0
0.0 0.0 0.0
0.0 0.0 0.0
0.0 0.0 0.0
0.0 0.0 0.0
0.0 0.0 0.0
0.0 0.0 0.0
0.0 0.0 0.0
0.0 0.0 0.0
0.0 0.0 0.0
0.0 0.0 0.0
0.0 0.0 0.0
0.0 0.0 0.0
0.0 0.0 0.0
0.0 0.0 0.0
0.0 0.0 0.0
0.0 0.0 0.0
0.0 0.0 0.0
0.0 0.0 0.0
0.0 0.0 0.0
0.0 0.0 0.0
0.0 0.0 0.0
0.0 0.0 0.0
0.0 0.0 0.0
0.0 0.0 0.0
0.0 0.0 0.0
-13.696236610412598 26.145002365112305 -3.193683624267578
-13.297420501708984 25.819778442382812 -3.202031135559082
0.0 0.0 0.0
0.0 0.0 0.0
0.0 0.0 0.0
0.0 0.0 0.0
0.0 0.0 0.0
0.0 0.0 0.0
0.0 0.0 0.0
0.0 0.0 0.0
0.0 0.0 0.0
0.0 0.0 0.0
0.0 0.0 0.0
0.0 0.0 0.0
0.0 0.0 0.0
0.0 0.0 0.0
0.0 0.0 0.0
0.0 0.0 0.0
0.0 0.0 0.0
0.0 0.0 0.0
0.0 0.0 0.0
0.0 0.0 0.0
-7.9346604347229 23.254026412963867 -3.6481869220733643
0.0 0.0 0.0
0.0 0.0 0.0
-7.308051109313965 22.975475311279297 -3.6908669471740723
-7.100942134857178 22.87301254272461 -3.702280282974243
-6.871419429779053 22.69940757751465 -3.7024290561676025
0.0 0.0 0.0
-6.516624450683594 22.660654067993164 -3.7475311756134033
-6.335603713989258 22.62252426147461 -3.7665538787841797
-6.1390299797058105 22.523481369018555 -3.7754063606262207
-5.981705188751221 22.57643699645996 -3.8094100952148438
-5.790555953979492 22.486038208007812 -3.8167073726654053
-5.614051818847656 22.44643783569336 -3.8326127529144287
-5.408387660980225 22.281911849975586 -3.827098846435547
-5.246780872344971 22.291900634765625 -3.8515241146087646
-5.066293239593506 22.230327606201172 -3.861447334289551
-4.893247604370117 22.18186378479004 -3.8729159832000732
-4.719514846801758 22.124542236328125 -3.8828794956207275
-4.5421576499938965 22.04326820373535 -3.888651132583618
-4.363784313201904 21.949548721313477 -3.890871524810791
-4.20875883102417 21.98369598388672 -3.9144058227539062
-4.036174297332764 21.906538009643555 -3.9179139137268066
-3.8761003017425537 21.89247703552246 -3.932807207107544
-3.715944528579712 21.873430252075195 -3.946913957595825
-3.540045976638794 21.755130767822266 -3.939856767654419
-3.3978543281555176 21.85615348815918 -3.972837448120117
-3.2024388313293457 21.58701515197754 -3.9383301734924316
-3.0709803104400635 21.742572784423828 -3.9814114570617676
-2.9042768478393555 21.6500186920166 -3.9775187969207764
-2.7504849433898926 21.6441593170166 -3.9879469871520996
-2.600407361984253 21.667741775512695 -4.003998279571533
-2.44370174407959 21.656158447265625 -4.013937950134277
-2.2724556922912598 21.478975296020508 -3.992988109588623
-2.1261632442474365 21.5266170501709 -4.010509014129639
-1.983357310295105 21.619155883789062 -4.036645412445068
-1.8372644186019897 21.683927536010742 -4.057838439941406
-1.676638126373291 21.606225967407227 -4.052720546722412
-1.5187561511993408 21.512243270874023 -4.042532920837402
-1.3674814701080322 21.497901916503906 -4.045681476593018
-1.2153949737548828 21.463335037231445 -4.045201778411865
-1.0684243440628052 21.519712448120117 -4.062060832977295
-0.9126309156417847 21.44478416442871 -4.054347991943359
-0.7636920213699341 21.457561492919922 -4.059634685516357
-0.6158275008201599 21.511503219604492 -4.0729146003723145
-0.466667503118515 21.537559509277344 -4.081122875213623
-0.3150853216648102 21.409082412719727 -4.060223579406738
-0.1644424945116043 21.540863037109375 -4.087061405181885
-0.014697733335196972 21.476184844970703 -4.074985504150391
0.13503088057041168 21.525602340698242 -4.084754467010498
0.2848878502845764 21.53175926208496 -4.086514472961426
0.43544191122055054 21.575244903564453 -4.09555721282959
0.5886544585227966 21.68742561340332 -4.114013195037842
0.7398524880409241 21.618175506591797 -4.098151683807373
0.8899255990982056 21.605484008789062 -4.09326696395874
1.0415339469909668 21.630098342895508 -4.095648288726807
1.198531985282898 21.742116928100586 -4.112954139709473
1.3499088287353516 21.734586715698242 -4.10584831237793
1.4950556755065918 21.59946632385254 -4.074780464172363
1.6636584997177124 21.831035614013672 -4.113160610198975
1.8169445991516113 21.8355712890625 -4.108895778656006
1.9675068855285645 21.809099197387695 -4.095380783081055
2.125389814376831 21.8580265045166 -4.096098899841309
2.29141902923584 21.951414108276367 -4.105144500732422
2.4549999237060547 22.032360076904297 -4.112129211425781
2.6147429943084717 22.070459365844727 -4.109570503234863
2.786851406097412 22.199195861816406 -4.122097492218018
2.9349474906921387 22.13239860534668 -4.098480701446533
3.111093759536743 22.2507266998291 -4.109102725982666
3.268551826477051 22.24635887145996 -4.097378730773926
3.437056064605713 22.313663482666016 -4.09566068649292
3.5846316814422607 22.243091583251953 -4.068760871887207
3.7613775730133057 22.349714279174805 -4.074422836303711
3.9450972080230713 22.485267639160156 -4.085379600524902
4.113101482391357 22.505695343017578 -4.073556423187256
4.279425621032715 22.5294189453125 -4.0610575675964355
4.455383777618408 22.597177505493164 -4.056568622589111
4.624016284942627 22.622116088867188 -4.044483184814453
4.825689315795898 22.800207138061523 -4.059736251831055
5.0084686279296875 22.863773345947266 -4.051072120666504
5.196508407592773 22.956466674804688 -4.047911167144775
5.379074573516846 23.017671585083008 -4.039210319519043
5.566354751586914 23.092424392700195 -4.032914161682129
5.782593727111816 23.278173446655273 -4.04423713684082
5.998242378234863 23.4354248046875 -4.048763275146484
6.160312175750732 23.39032745361328 -4.018771648406982
6.378635406494141 23.55236053466797 -4.024357318878174
6.556939601898193 23.560392379760742 -4.003103733062744
6.79510498046875 23.775053024291992 -4.014364242553711
7.0058794021606445 23.87210464477539 -4.005102157592773
7.195400714874268 23.901687622070312 -3.9849343299865723
7.415249824523926 24.025623321533203 -3.980438232421875
7.616231441497803 24.0817928314209 -3.962500810623169
7.849868297576904 24.23171043395996 -3.9591970443725586
8.09672737121582 24.41260528564453 -3.960686206817627
8.33088207244873 24.535511016845703 -3.9520087242126465
8.647603034973145 24.898353576660156 -3.9807729721069336
8.745074272155762 24.62478256225586 -3.9063031673431396
9.082836151123047 25.022953033447266 -3.9383280277252197
9.248041152954102 24.935705184936523 -3.893585443496704
0.0 0.0 0.0
9.81324577331543 25.363061904907227 -3.8938586711883545
0.0 0.0 0.0
10.346403121948242 25.67319679260254 -3.872687816619873
0.0 0.0 0.0
10.906583786010742 26.004764556884766 -3.8501460552215576
11.18575382232666 26.15840721130371 -3.835414171218872
11.46314811706543 26.298709869384766 -3.818251609802246
0.0 0.0 0.0
12.123666763305664 26.79095458984375 -3.8108997344970703
12.479741096496582 27.066038131713867 -3.807932138442993
0.0 0.0 0.0
0.0 0.0 0.0
0.0 0.0 0.0
13.684550285339355 27.632862091064453 -3.7140486240386963
0.0 0.0 0.0
0.0 0.0 0.0
0.0 0.0 0.0
15.234123229980469 28.71830177307129 -3.6662769317626953
0.0 0.0 0.0
0.0 0.0 0.0
16.450027465820312 29.500152587890625 -3.607423782348633
0.0 0.0 0.0
0.0 0.0 0.0
0.0 0.0 0.0
0.0 0.0 0.0
0.0 0.0 0.0
0.0 0.0 0.0
0.0 0.0 0.0
20.328845977783203 32.10893630981445 -3.413767099380493
0.0 0.0 0.0
0.0 0.0 0.0
0.0 0.0 0.0
0.0 0.0 0.0
0.0 0.0 0.0
0.0 0.0 0.0
0.0 0.0 0.0
0.0 0.0 0.0
0.0 0.0 0.0
0.0 0.0 0.0
0.0 0.0 0.0
0.0 0.0 0.0
0.0 0.0 0.0
0.0 0.0 0.0
0.0 0.0 0.0
0.0 0.0 0.0
0.0 0.0 0.0
0.0 0.0 0.0
0.0 0.0 0.0
0.0 0.0 0.0
0.0 0.0 0.0
0.0 0.0 0.0
0.0 0.0 0.0
0.0 0.0 0.0
0.0 0.0 0.0
0.0 0.0 0.0
0.0 0.0 0.0
0.0 0.0 0.0
0.0 0.0 0.0
0.0 0.0 0.0
0.0 0.0 0.0
0.0 0.0 0.0
0.0 0.0 0.0
0.0 0.0 0.0
0.0 0.0 0.0
0.0 0.0 0.0
0.0 0.0 0.0
0.0 0.0 0.0
0.0 0.0 0.0
0.0 0.0 0.0
0.0 0.0 0.0
0.0 0.0 0.0
0.0 0.0 0.0
0.0 0.0 0.0
0.0 0.0 0.0
0.0 0.0 0.0
0.0 0.0 0.0
0.0 0.0 0.0
0.0 0.0 0.0
0.0 0.0 0.0
0.0 0.0 0.0
0.0 0.0 0.0
0.0 0.0 0.0
0.0 0.0 0.0
0.0 0.0 0.0
0.0 0.0 0.0
0.0 0.0 0.0
0.0 0.0 0.0
0.0 0.0 0.0
0.0 0.0 0.0
0.0 0.0 0.0
0.0 0.0 0.0
0.0 0.0 0.0
0.0 0.0 0.0
0.0 0.0 0.0
0.0 0.0 0.0
0.0 0.0 0.0
0.0 0.0 0.0
0.0 0.0 0.0
0.0 0.0 0.0
0.0 0.0 0.0
0.0 0.0 0.0
0.0 0.0 0.0
0.0 0.0 0.0
0.0 0.0 0.0
0.0 0.0 0.0
0.0 0.0 0.0
0.0 0.0 0.0
0.0 0.0 0.0
0.0 0.0 0.0
0.0 0.0 0.0
0.0 0.0 0.0
0.0 0.0 0.0
0.0 0.0 0.0
0.0 0.0 0.0
0.0 0.0 0.0
0.0 0.0 0.0
0.0 0.0 0.0
0.0 0.0 0.0
0.0 0.0 0.0
0.0 0.0 0.0
0.0 0.0 0.0
0.0 0.0 0.0
0.0 0.0 0.0
0.0 0.0 0.0
0.0 0.0 0.0
0.0 0.0 0.0
0.0 0.0 0.0
0.0 0.0 0.0
0.0 0.0 0.0
0.0 0.0 0.0
0.0 0.0 0.0
0.0 0.0 0.0
0.0 0.0 0.0
0.0 0.0 0.0
0.0 0.0 0.0
0.0 0.0 0.0
0.0 0.0 0.0
0.0 0.0 0.0
0.0 0.0 0.0
0.0 0.0 0.0
0.0 0.0 0.0
0.0 0.0 0.0
0.0 0.0 0.0
0.0 0.0 0.0
0.0 0.0 0.0
0.0 0.0 0.0
0.0 0.0 0.0
0.0 0.0 0.0
0.0 0.0 0.0
0.0 0.0 0.0
0.0 0.0 0.0
0.0 0.0 0.0
0.0 0.0 0.0
0.0 0.0 0.0
0.0 0.0 0.0
0.0 0.0 0.0
0.0 0.0 0.0
0.0 0.0 0.0
0.0 0.0 0.0
0.0 0.0 0.0
0.0 0.0 0.0
0.0 0.0 0.0
0.0 0.0 0.0
0.0 0.0 0.0
0.0 0.0 0.0
0.0 0.0 0.0
0.0 0.0 0.0
0.0 0.0 0.0
0.0 0.0 0.0
0.0 0.0 0.0
0.0 0.0 0.0
0.0 0.0 0.0
0.0 0.0 0.0
0.0 0.0 0.0
0.0 0.0 0.0
0.0 0.0 0.0
0.0 0.0 0.0
0.0 0.0 0.0
0.0 0.0 0.0
0.0 0.0 0.0
0.0 0.0 0.0
0.0 0.0 0.0
0.0 0.0 0.0
0.0 0.0 0.0
0.0 0.0 0.0
0.0 0.0 0.0
0.0 0.0 0.0
0.0 0.0 0.0
0.0 0.0 0.0
0.0 0.0 0.0
0.0 0.0 0.0
0.0 0.0 0.0
0.0 0.0 0.0
0.0 0.0 0.0
0.0 0.0 0.0
0.0 0.0 0.0
0.0 0.0 0.0
0.0 0.0 0.0
0.0 0.0 0.0
0.0 0.0 0.0
0.0 0.0 0.0
0.0 0.0 0.0
0.0 0.0 0.0
0.0 0.0 0.0
0.0 0.0 0.0
0.0 0.0 0.0
0.0 0.0 0.0
0.0 0.0 0.0
0.0 0.0 0.0
0.0 0.0 0.0
0.0 0.0 0.0
0.0 0.0 0.0
0.0 0.0 0.0
0.0 0.0 0.0
0.0 0.0 0.0
0.0 0.0 0.0
0.0 0.0 0.0
0.0 0.0 0.0
0.0 0.0 0.0
0.0 0.0 0.0
0.0 0.0 0.0
0.0 0.0 0.0
0.0 0.0 0.0
0.0 0.0 0.0
0.0 0.0 0.0
0.0 0.0 0.0
0.0 0.0 0.0
0.0 0.0 0.0
-18.0602970123291 28.616954803466797 -2.776721715927124
0.0 0.0 0.0
0.0 0.0 0.0
0.0 0.0 0.0
0.0 0.0 0.0
-16.0340633392334 27.487674713134766 -2.972914457321167
0.0 0.0 0.0
0.0 0.0 0.0
0.0 0.0 0.0
0.0 0.0 0.0
0.0 0.0 0.0
-13.916116714477539 26.339448928833008 -3.1621057987213135
0.0 0.0 0.0
0.0 0.0 0.0
0.0 0.0 0.0
0.0 0.0 0.0
-12.361393928527832 25.515905380249023 -3.29172945022583
0.0 0.0 0.0
0.0 0.0 0.0
0.0 0.0 0.0
0.0 0.0 0.0
0.0 0.0 0.0
0.0 0.0 0.0
0.0 0.0 0.0
0.0 0.0 0.0
0.0 0.0 0.0
-9.727636337280273 24.266769409179688 -3.5133650302886963
0.0 0.0 0.0
0.0 0.0 0.0
0.0 0.0 0.0
0.0 0.0 0.0
0.0 0.0 0.0
0.0 0.0 0.0
0.0 0.0 0.0
0.0 0.0 0.0
0.0 0.0 0.0
0.0 0.0 0.0
-7.259958267211914 23.104297637939453 -3.6800906658172607
0.0 0.0 0.0
-6.864692211151123 22.960283279418945 -3.7099835872650146
-6.665359020233154 22.87301254272461 -3.7213728427886963
0.0 0.0 0.0
-6.269783020019531 22.697917938232422 -3.7441699504852295
-6.143275737762451 22.85944938659668 -3.79394793510437
-5.90803337097168 22.60972785949707 -3.77531099319458
-5.773357391357422 22.739105224609375 -3.8199639320373535
-5.529938220977783 22.445337295532227 -3.793911933898926
-5.3537139892578125 22.400224685668945 -3.807669162750244
-5.196527004241943 22.432817459106445 -3.833467721939087
-5.014861106872559 22.35523223876953 -3.8405048847198486
-4.870299816131592 22.441875457763672 -3.875920057296753
-4.669719696044922 22.279369354248047 -3.8683671951293945
-4.465057373046875 22.0660457611084 -3.8485522270202637
-4.329043865203857 22.187339782714844 -3.8871920108795166
-4.167553901672363 22.179105758666992 -3.9033565521240234
-3.98978853225708 22.07882308959961 -3.903404712677002
-3.807713031768799 21.958961486816406 -3.898197650909424
-3.6417717933654785 21.905759811401367 -3.9034364223480225
-3.509826898574829 22.060285568237305 -3.945937156677246
-3.3413984775543213 21.985801696777344 -3.9476754665374756
-3.166771173477173 21.86070442199707 -3.9398767948150635
-3.003636360168457 21.803300857543945 -3.941560983657837
-2.855809211730957 21.874601364135742 -3.9669013023376465
-2.6922812461853027 21.803443908691406 -3.9663753509521484
-2.5338847637176514 21.76544761657715 -3.971993923187256
-2.381735324859619 21.776378631591797 -3.9843077659606934
-2.212242841720581 21.618267059326172 -3.9645652770996094
-2.0714876651763916 21.76511573791504 -4.001099586486816
-1.9126293659210205 21.696487426757812 -3.998072624206543
-1.76412034034729 21.74168586730957 -4.015651702880859
-1.603205680847168 21.621665954589844 -3.9997453689575195
-1.45854651927948 21.718944549560547 -4.024226188659668
-1.3056527376174927 21.742521286010742 -4.0353922843933105
-1.152632474899292 21.718881607055664 -4.037874221801758
-1.0024045705795288 21.7482852935791 -4.048154830932617
-0.8500183820724487 21.72315216064453 -4.04714298248291
-0.7003276944160461 21.773719787597656 -4.060437202453613
-0.5449065566062927 21.731176376342773 -4.056639194488525
-0.3932763338088989 21.710599899291992 -4.056647777557373
-0.24302931129932404 21.774049758911133 -4.069150924682617
-0.09132711589336395 21.73662567138672 -4.063000679016113
0.0597132109105587 21.7135066986084 -4.059717178344727
0.21112097799777985 21.74308967590332 -4.06648588180542
0.3659319579601288 21.806509017944336 -4.077671527862549
0.5155994296073914 21.723299026489258 -4.060074329376221
0.667008638381958 21.727331161499023 -4.058984279632568
0.8238184452056885 21.876131057739258 -4.085124492645264
0.970060408115387 21.739940643310547 -4.05810546875
1.1359806060791016 21.967639923095703 -4.095483303070068
1.2840920686721802 21.879846572875977 -4.074291706085205
1.44412362575531 21.990333557128906 -4.090212821960449
1.5868278741836548 21.839168548583984 -4.0576677322387695
1.753534197807312 22.012861251831055 -4.08378267288208
1.9155170917510986 22.07061004638672 -4.086587905883789
2.078122615814209 22.154176712036133 -4.094456672668457
2.2294394969940186 22.110387802124023 -4.078956604003906
2.385016918182373 22.111419677734375 -4.071936130523682
2.555569887161255 22.24178123474121 -4.0853657722473145
2.7180097103118896 22.26372528076172 -4.078785419464111
2.884300708770752 22.334375381469727 -4.081470966339111
3.050844430923462 22.396156311035156 -4.082644939422607
3.233140230178833 22.559755325317383 -4.100742340087891
3.395401954650879 22.5739803314209 -4.089987277984619
3.5528085231781006 22.552820205688477 -4.0729851722717285
3.7108685970306396 22.51877784729004 -4.053644180297852
3.8912086486816406 22.631893157958984 -4.061154365539551
4.070165157318115 22.725208282470703 -4.061794281005859
4.238099098205566 22.749034881591797 -4.050038814544678
4.416796684265137 22.824514389038086 -4.047570705413818
4.587503433227539 22.837726593017578 -4.033877849578857
4.747101783752441 22.80900001525879 -4.01170015335083
4.960030555725098 23.027803421020508 -4.031591415405273
5.156154632568359 23.154584884643555 -4.035241603851318
5.311122417449951 23.09209442138672 -4.0060014724731445
5.545546531677246 23.354084014892578 -4.032575607299805
5.704988956451416 23.304468154907227 -4.002803325653076
5.9188385009765625 23.470420837402344 -4.010059833526611
6.093451976776123 23.474180221557617 -3.9896044731140137
6.273554801940918 23.495208740234375 -3.972166061401367
6.509097576141357 23.70411491394043 -3.984143018722534
6.734963417053223 23.87462043762207 -3.9885315895080566
6.976405620574951 24.087631225585938 -3.999743938446045
7.140920639038086 24.02850914001465 -3.9657199382781982
7.398160457611084 24.274730682373047 -3.981499433517456
7.5856122970581055 24.271095275878906 -3.953547477722168
7.780993938446045 24.29993438720703 -3.93141770362854
8.03970718383789 24.51801872253418 -3.9397196769714355
8.244094848632812 24.561635971069336 -3.9197821617126465
8.467657089233398 24.6589298248291 -3.9062113761901855
0.0 0.0 0.0
8.956079483032227 24.93769073486328 -3.890432119369507
9.220224380493164 25.123315811157227 -3.889561653137207
9.511731147766113 25.37192153930664 -3.89656138420105
9.748120307922363 25.46247100830078 -3.8777153491973877
0.0 0.0 0.0
10.262273788452148 25.718828201293945 -3.8500871658325195
10.533100128173828 25.87485122680664 -3.8394973278045654
10.78958797454834 25.98542022705078 -3.8199622631073
11.114544868469238 26.25054168701172 -3.8226265907287598
0.0 0.0 0.0
11.634937286376953 26.4403076171875 -3.776127815246582
12.068700790405273 26.916000366210938 -3.8043482303619385
12.369647026062012 27.080421447753906 -3.7875869274139404
12.657127380371094 27.206830978393555 -3.765030860900879
0.0 0.0 0.0
13.299379348754883 27.569337844848633 -3.7300305366516113
13.601434707641602 27.70149040222168 -3.7041914463043213
0.0 0.0 0.0
0.0 0.0 0.0
0.0 0.0 0.0
0.0 0.0 0.0
15.3558349609375 28.697341918945312 -3.601038694381714
0.0 0.0 0.0
0.0 0.0 0.0
0.0 0.0 0.0
0.0 0.0 0.0
0.0 0.0 0.0
0.0 0.0 0.0
0.0 0.0 0.0
0.0 0.0 0.0
0.0 0.0 0.0
0.0 0.0 0.0
0.0 0.0 0.0
0.0 0.0 0.0
0.0 0.0 0.0
0.0 0.0 0.0
0.0 0.0 0.0
0.0 0.0 0.0
0.0 0.0 0.0
0.0 0.0 0.0
0.0 0.0 0.0
0.0 0.0 0.0
0.0 0.0 0.0
0.0 0.0 0.0
0.0 0.0 0.0
0.0 0.0 0.0
0.0 0.0 0.0
0.0 0.0 0.0
0.0 0.0 0.0
0.0 0.0 0.0
0.0 0.0 0.0
0.0 0.0 0.0
0.0 0.0 0.0
0.0 0.0 0.0
0.0 0.0 0.0
0.0 0.0 0.0
0.0 0.0 0.0
0.0 0.0 0.0
0.0 0.0 0.0
0.0 0.0 0.0
0.0 0.0 0.0
0.0 0.0 0.0
0.0 0.0 0.0
0.0 0.0 0.0
0.0 0.0 0.0
0.0 0.0 0.0
0.0 0.0 0.0
0.0 0.0 0.0
0.0 0.0 0.0
0.0 0.0 0.0
0.0 0.0 0.0
0.0 0.0 0.0
0.0 0.0 0.0
0.0 0.0 0.0
0.0 0.0 0.0
0.0 0.0 0.0
0.0 0.0 0.0
0.0 0.0 0.0
0.0 0.0 0.0
0.0 0.0 0.0
0.0 0.0 0.0
0.0 0.0 0.0
0.0 0.0 0.0
0.0 0.0 0.0
0.0 0.0 0.0
0.0 0.0 0.0
0.0 0.0 0.0
0.0 0.0 0.0
0.0 0.0 0.0
0.0 0.0 0.0
0.0 0.0 0.0
0.0 0.0 0.0
0.0 0.0 0.0
0.0 0.0 0.0
0.0 0.0 0.0
0.0 0.0 0.0
0.0 0.0 0.0
0.0 0.0 0.0
0.0 0.0 0.0
0.0 0.0 0.0
0.0 0.0 0.0
0.0 0.0 0.0
0.0 0.0 0.0
0.0 0.0 0.0
0.0 0.0 0.0
0.0 0.0 0.0
0.0 0.0 0.0
0.0 0.0 0.0
0.0 0.0 0.0
0.0 0.0 0.0
0.0 0.0 0.0
0.0 0.0 0.0
0.0 0.0 0.0
0.0 0.0 0.0
0.0 0.0 0.0
0.0 0.0 0.0
0.0 0.0 0.0
0.0 0.0 0.0
0.0 0.0 0.0
0.0 0.0 0.0
0.0 0.0 0.0
0.0 0.0 0.0
0.0 0.0 0.0
0.0 0.0 0.0
0.0 0.0 0.0
0.0 0.0 0.0
0.0 0.0 0.0
0.0 0.0 0.0
0.0 0.0 0.0
0.0 0.0 0.0
0.0 0.0 0.0
0.0 0.0 0.0
0.0 0.0 0.0
0.0 0.0 0.0
0.0 0.0 0.0
0.0 0.0 0.0
0.0 0.0 0.0
0.0 0.0 0.0
0.0 0.0 0.0
0.0 0.0 0.0
0.0 0.0 0.0
0.0 0.0 0.0
0.0 0.0 0.0
0.0 0.0 0.0
0.0 0.0 0.0
0.0 0.0 0.0
0.0 0.0 0.0
0.0 0.0 0.0
0.0 0.0 0.0
0.0 0.0 0.0
0.0 0.0 0.0
0.0 0.0 0.0
0.0 0.0 0.0
0.0 0.0 0.0
0.0 0.0 0.0
0.0 0.0 0.0
0.0 0.0 0.0
0.0 0.0 0.0
0.0 0.0 0.0
0.0 0.0 0.0
0.0 0.0 0.0
0.0 0.0 0.0
0.0 0.0 0.0
0.0 0.0 0.0
0.0 0.0 0.0
0.0 0.0 0.0
0.0 0.0 0.0
0.0 0.0 0.0
0.0 0.0 0.0
0.0 0.0 0.0
0.0 0.0 0.0
0.0 0.0 0.0
0.0 0.0 0.0
0.0 0.0 0.0
0.0 0.0 0.0
0.0 0.0 0.0
0.0 0.0 0.0
0.0 0.0 0.0
0.0 0.0 0.0
0.0 0.0 0.0
0.0 0.0 0.0
0.0 0.0 0.0
0.0 0.0 0.0
0.0 0.0 0.0
0.0 0.0 0.0
0.0 0.0 0.0
0.0 0.0 0.0
0.0 0.0 0.0
0.0 0.0 0.0
0.0 0.0 0.0
0.0 0.0 0.0
0.0 0.0 0.0
0.0 0.0 0.0
0.0 0.0 0.0
0.0 0.0 0.0
0.0 0.0 0.0
0.0 0.0 0.0
0.0 0.0 0.0
0.0 0.0 0.0
0.0 0.0 0.0
0.0 0.0 0.0
0.0 0.0 0.0
0.0 0.0 0.0
0.0 0.0 0.0
0.0 0.0 0.0
0.0 0.0 0.0
0.0 0.0 0.0
0.0 0.0 0.0
0.0 0.0 0.0
0.0 0.0 0.0
0.0 0.0 0.0
0.0 0.0 0.0
0.0 0.0 0.0
0.0 0.0 0.0
0.0 0.0 0.0
0.0 0.0 0.0
0.0 0.0 0.0
0.0 0.0 0.0
0.0 0.0 0.0
0.0 0.0 0.0
0.0 0.0 0.0
0.0 0.0 0.0
0.0 0.0 0.0
0.0 0.0 0.0
0.0 0.0 0.0
0.0 0.0 0.0
0.0 0.0 0.0
0.0 0.0 0.0
0.0 0.0 0.0
0.0 0.0 0.0
0.0 0.0 0.0
0.0 0.0 0.0
0.0 0.0 0.0
0.0 0.0 0.0
0.0 0.0 0.0
0.0 0.0 0.0
0.0 0.0 0.0
-16.393938064575195 27.879756927490234 -2.947047233581543
0.0 0.0 0.0
0.0 0.0 0.0
0.0 0.0 0.0
0.0 0.0 0.0
0.0 0.0 0.0
0.0 0.0 0.0
0.0 0.0 0.0
0.0 0.0 0.0
0.0 0.0 0.0
0.0 0.0 0.0
0.0 0.0 0.0
0.0 0.0 0.0
0.0 0.0 0.0
0.0 0.0 0.0
0.0 0.0 0.0
0.0 0.0 0.0
0.0 0.0 0.0
0.0 0.0 0.0
0.0 0.0 0.0
0.0 0.0 0.0
0.0 0.0 0.0
0.0 0.0 0.0
0.0 0.0 0.0
-9.100570678710938 23.90495491027832 -3.4956555366516113
0.0 0.0 0.0
-8.707752227783203 23.86615753173828 -3.553070306777954
0.0 0.0 0.0
0.0 0.0 0.0
-8.064476013183594 23.63284683227539 -3.6096208095550537
0.0 0.0 0.0
0.0 0.0 0.0
0.0 0.0 0.0
0.0 0.0 0.0
0.0 0.0 0.0
-6.784871578216553 22.98979949951172 -3.673840284347534
0.0 0.0 0.0
-6.420825958251953 22.92760467529297 -3.7141518592834473
0.0 0.0 0.0
-6.0493011474609375 22.83111572265625 -3.745469808578491
-5.887121677398682 22.860647201538086 -3.7737743854522705
-5.742538928985596 22.960189819335938 -3.813291549682617
-5.506206035614014 22.68437957763672 -3.788034200668335
-5.318881034851074 22.597909927368164 -3.7942123413085938
-5.149240970611572 22.593156814575195 -3.8145017623901367
-4.9893927574157715 22.616683959960938 -3.8393423557281494
-4.780251979827881 22.40960121154785 -3.822783946990967
-4.61014461517334 22.37442398071289 -3.8347744941711426
-4.421406269073486 22.239715576171875 -3.8296902179718018
-4.300795078277588 22.463289260864258 -3.8868491649627686
-4.102421283721924 22.265586853027344 -3.8700451850891113
-3.956732988357544 22.347171783447266 -3.8995866775512695
-3.7772231101989746 22.234230041503906 -3.895317316055298
-3.597628593444824 22.10850715637207 -3.888801097869873
-3.4254815578460693 22.03499984741211 -3.891770839691162
-3.261981725692749 21.990732192993164 -3.8969526290893555
-3.1219422817230225 22.10535430908203 -3.929838180541992
-2.95898175239563 22.058927536010742 -3.9343008995056152
-2.804091215133667 22.068546295166016 -3.9489083290100098
-2.6404051780700684 22.004701614379883 -3.9495317935943604
-2.461012601852417 21.81424903869629 -3.92514705657959
-2.3199501037597656 21.93186378479004 -3.956165313720703
-2.1671664714813232 21.94523811340332 -3.9686191082000732
-2.00166654586792 21.819732666015625 -3.9560859203338623
-1.8513052463531494 21.850502014160156 -3.9694366455078125
-1.706874132156372 21.995502471923828 -4.003100872039795
-1.5468692779541016 21.909351348876953 -3.9947805404663086
-1.3883198499679565 21.822040557861328 -3.9863696098327637
-1.2380235195159912 21.860366821289062 -4.000237941741943
-1.084265947341919 21.836740493774414 -4.000144004821777
-0.9343511462211609 21.95416831970215 -4.026176452636719
-0.7790268659591675 21.8900089263916 -4.01903772354126
-0.6268395781517029 21.901565551757812 -4.025981903076172
-0.4723205268383026 21.804981231689453 -4.010598182678223
-0.3210151195526123 21.834285736083984 -4.017423152923584
-0.16646558046340942 21.85102653503418 -4.022165298461914
-0.014472069218754768 21.874357223510742 -4.028290748596191
0.13791167736053467 21.908262252807617 -4.035972595214844
0.29133614897727966 21.98390769958496 -4.0484514236450195
0.4433169364929199 21.94325065612793 -4.039707183837891
0.5970067381858826 21.97834587097168 -4.045102596282959
0.753165066242218 21.99308204650879 -4.046931266784668
0.9089673161506653 22.057117462158203 -4.055788040161133
1.0625332593917847 22.0550537109375 -4.0513014793396
1.2192881107330322 22.109466552734375 -4.057373523712158
1.3686867952346802 22.02853012084961 -4.038800239562988
1.538550615310669 22.222492218017578 -4.070446491241455
1.6948994398117065 22.235841751098633 -4.065894603729248
1.8403528928756714 22.114042282104492 -4.036853790283203
1.9983534812927246 22.148223876953125 -4.036502361297607
2.154686689376831 22.158327102661133 -4.031937599182129
2.310135841369629 22.129169464111328 -4.018328666687012
2.4885342121124268 22.332542419433594 -4.045544624328613
2.651329755783081 22.37798500061035 -4.044227123260498
2.828289747238159 22.529075622558594 -4.062102317810059
2.9842240810394287 22.503448486328125 -4.048211574554443
3.1601805686950684 22.602672576904297 -4.053436279296875
3.321584701538086 22.609560012817383 -4.0424299240112305
3.4886860847473145 22.64948272705078 -4.037467002868652
3.6581618785858154 22.699594497680664 -4.034460067749023
3.833728313446045 22.77907943725586 -4.035083293914795
4.007856369018555 22.842369079589844 -4.031227111816406
4.171224117279053 22.824390411376953 -4.012912273406982
4.365786075592041 22.983409881591797 -4.026025295257568
4.513428688049316 22.891571044921875 -3.9953219890594482
4.732532024383545 23.153928756713867 -4.023311138153076
4.903060436248779 23.165681838989258 -4.0076751708984375
5.101435661315918 23.288528442382812 -4.011011123657227
5.283731937408447 23.342668533325195 -4.002824306488037
5.47130823135376 23.414451599121094 -3.9960994720458984
5.653043746948242 23.45500373840332 -3.9826176166534424
5.8506574630737305 23.553972244262695 -3.97904634475708
6.080419063568115 23.759021759033203 -3.9929256439208984
6.2749433517456055 23.828571319580078 -3.984060287475586
6.4479451179504395 23.811283111572266 -3.9580023288726807
6.664438724517822 23.94880485534668 -3.9576776027679443
6.858781814575195 23.999168395996094 -3.9428811073303223
7.075606822967529 24.110139846801758 -3.937591075897217
7.293496608734131 24.227794647216797 -3.9317753314971924
7.525018215179443 24.380565643310547 -3.9305031299591064
7.803282260894775 24.67122459411621 -3.9510788917541504
7.951662540435791 24.544015884399414 -3.9046216011047363
8.24415111541748 24.856098175048828 -3.927277088165283
8.45793342590332 24.90847396850586 -3.906252145767212
8.66710376739502 24.952770233154297 -3.884446382522583
0.0 0.0 0.0
9.185185432434082 25.301361083984375 -3.8805360794067383
9.379982948303223 25.28961181640625 -3.8472132682800293
9.707267761230469 25.615175247192383 -3.8642022609710693
9.921870231628418 25.642765045166016 -3.8364098072052
10.205732345581055 25.841272354125977 -3.8339035511016846
0.0 0.0 0.0
10.777853965759277 26.21628189086914 -3.8201828002929688
10.972001075744629 26.159103393554688 -3.776235818862915
11.290494918823242 26.400829315185547 -3.7758140563964844
11.646060943603516 26.71811294555664 -3.7842535972595215
11.984859466552734 26.982275009155273 -3.783172130584717
12.232048988342285 27.031230926513672 -3.751436471939087
0.0 0.0 0.0
0.0 0.0 0.0
0.0 0.0 0.0
0.0 0.0 0.0
13.845600128173828 27.958454132080078 -3.6698122024536133
0.0 0.0 0.0
0.0 0.0 0.0
0.0 0.0 0.0
0.0 0.0 0.0
0.0 0.0 0.0
0.0 0.0 0.0
0.0 0.0 0.0
0.0 0.0 0.0
0.0 0.0 0.0
0.0 0.0 0.0
0.0 0.0 0.0
0.0 0.0 0.0
0.0 0.0 0.0
0.0 0.0 0.0
20.346101760864258 32.13734436035156 -3.3487648963928223
0.0 0.0 0.0
0.0 0.0 0.0
0.0 0.0 0.0
0.0 0.0 0.0
0.0 0.0 0.0
0.0 0.0 0.0
25.178224563598633 35.77874755859375 -3.1504855155944824
0.0 0.0 0.0
0.0 0.0 0.0
0.0 0.0 0.0
0.0 0.0 0.0
0.0 0.0 0.0
0.0 0.0 0.0
0.0 0.0 0.0
0.0 0.0 0.0
0.0 0.0 0.0
0.0 0.0 0.0
0.0 0.0 0.0
0.0 0.0 0.0
0.0 0.0 0.0
0.0 0.0 0.0
0.0 0.0 0.0
0.0 0.0 0.0
0.0 0.0 0.0
0.0 0.0 0.0
0.0 0.0 0.0
0.0 0.0 0.0
0.0 0.0 0.0
0.0 0.0 0.0
0.0 0.0 0.0
0.0 0.0 0.0
0.0 0.0 0.0
0.0 0.0 0.0
0.0 0.0 0.0
0.0 0.0 0.0
0.0 0.0 0.0
0.0 0.0 0.0
0.0 0.0 0.0
0.0 0.0 0.0
0.0 0.0 0.0
0.0 0.0 0.0
0.0 0.0 0.0
0.0 0.0 0.0
0.0 0.0 0.0
0.0 0.0 0.0
0.0 0.0 0.0
0.0 0.0 0.0
0.0 0.0 0.0
0.0 0.0 0.0
0.0 0.0 0.0
0.0 0.0 0.0
0.0 0.0 0.0
0.0 0.0 0.0
0.0 0.0 0.0
0.0 0.0 0.0
0.0 0.0 0.0
0.0 0.0 0.0
0.0 0.0 0.0
0.0 0.0 0.0
0.0 0.0 0.0
0.0 0.0 0.0
0.0 0.0 0.0
0.0 0.0 0.0
0.0 0.0 0.0
0.0 0.0 0.0
0.0 0.0 0.0
0.0 0.0 0.0
0.0 0.0 0.0
0.0 0.0 0.0
0.0 0.0 0.0
0.0 0.0 0.0
0.0 0.0 0.0
0.0 0.0 0.0
0.0 0.0 0.0
0.0 0.0 0.0
0.0 0.0 0.0
0.0 0.0 0.0
0.0 0.0 0.0
0.0 0.0 0.0
0.0 0.0 0.0
0.0 0.0 0.0
0.0 0.0 0.0
0.0 0.0 0.0
0.0 0.0 0.0
0.0 0.0 0.0
0.0 0.0 0.0
0.0 0.0 0.0
0.0 0.0 0.0
0.0 0.0 0.0
0.0 0.0 0.0
0.0 0.0 0.0
0.0 0.0 0.0
0.0 0.0 0.0
0.0 0.0 0.0
0.0 0.0 0.0
0.0 0.0 0.0
0.0 0.0 0.0
0.0 0.0 0.0
0.0 0.0 0.0
0.0 0.0 0.0
0.0 0.0 0.0
0.0 0.0 0.0
0.0 0.0 0.0
0.0 0.0 0.0
0.0 0.0 0.0
0.0 0.0 0.0
0.0 0.0 0.0
0.0 0.0 0.0
0.0 0.0 0.0
0.0 0.0 0.0
0.0 0.0 0.0
0.0 0.0 0.0
0.0 0.0 0.0
0.0 0.0 0.0
0.0 0.0 0.0
0.0 0.0 0.0
0.0 0.0 0.0
0.0 0.0 0.0
0.0 0.0 0.0
0.0 0.0 0.0
0.0 0.0 0.0
0.0 0.0 0.0
0.0 0.0 0.0
0.0 0.0 0.0
0.0 0.0 0.0
0.0 0.0 0.0
0.0 0.0 0.0
0.0 0.0 0.0
0.0 0.0 0.0
0.0 0.0 0.0
0.0 0.0 0.0
0.0 0.0 0.0
0.0 0.0 0.0
0.0 0.0 0.0
0.0 0.0 0.0
0.0 0.0 0.0
0.0 0.0 0.0
0.0 0.0 0.0
0.0 0.0 0.0
0.0 0.0 0.0
0.0 0.0 0.0
0.0 0.0 0.0
0.0 0.0 0.0
0.0 0.0 0.0
0.0 0.0 0.0
0.0 0.0 0.0
0.0 0.0 0.0
0.0 0.0 0.0
0.0 0.0 0.0
0.0 0.0 0.0
0.0 0.0 0.0
0.0 0.0 0.0
0.0 0.0 0.0
0.0 0.0 0.0
0.0 0.0 0.0
0.0 0.0 0.0
0.0 0.0 0.0
0.0 0.0 0.0
0.0 0.0 0.0
0.0 0.0 0.0
0.0 0.0 0.0
0.0 0.0 0.0
0.0 0.0 0.0
0.0 0.0 0.0
0.0 0.0 0.0
0.0 0.0 0.0
0.0 0.0 0.0
0.0 0.0 0.0
0.0 0.0 0.0
0.0 0.0 0.0
0.0 0.0 0.0
0.0 0.0 0.0
0.0 0.0 0.0
0.0 0.0 0.0
0.0 0.0 0.0
0.0 0.0 0.0
0.0 0.0 0.0
0.0 0.0 0.0
0.0 0.0 0.0
0.0 0.0 0.0
0.0 0.0 0.0
0.0 0.0 0.0
0.0 0.0 0.0
0.0 0.0 0.0
0.0 0.0 0.0
0.0 0.0 0.0
0.0 0.0 0.0
0.0 0.0 0.0
0.0 0.0 0.0
0.0 0.0 0.0
0.0 0.0 0.0
0.0 0.0 0.0
0.0 0.0 0.0
0.0 0.0 0.0
0.0 0.0 0.0
0.0 0.0 0.0
0.0 0.0 0.0
0.0 0.0 0.0
0.0 0.0 0.0
0.0 0.0 0.0
0.0 0.0 0.0
-17.37492561340332 28.401376724243164 -2.823723793029785
0.0 0.0 0.0
0.0 0.0 0.0
0.0 0.0 0.0
0.0 0.0 0.0
0.0 0.0 0.0
0.0 0.0 0.0
0.0 0.0 0.0
0.0 0.0 0.0
0.0 0.0 0.0
0.0 0.0 0.0
0.0 0.0 0.0
0.0 0.0 0.0
0.0 0.0 0.0
0.0 0.0 0.0
0.0 0.0 0.0
0.0 0.0 0.0
0.0 0.0 0.0
0.0 0.0 0.0
0.0 0.0 0.0
0.0 0.0 0.0
0.0 0.0 0.0
0.0 0.0 0.0
-10.193953514099121 24.92843246459961 -3.4811551570892334
0.0 0.0 0.0
0.0 0.0 0.0
0.0 0.0 0.0
0.0 0.0 0.0
0.0 0.0 0.0
0.0 0.0 0.0
0.0 0.0 0.0
-8.190065383911133 23.726045608520508 -3.5636074542999268
-7.977861404418945 23.641782760620117 -3.5796995162963867
0.0 0.0 0.0
0.0 0.0 0.0
-7.353555202484131 23.40221405029297 -3.6258182525634766
-7.134629249572754 23.270788192749023 -3.6316378116607666
0.0 0.0 0.0
-6.750675201416016 23.1656494140625 -3.6668953895568848
-6.591283798217773 23.230701446533203 -3.7012338638305664
-6.389987945556641 23.133892059326172 -3.709433078765869
0.0 0.0 0.0
-5.972128868103027 22.85688591003418 -3.71197509765625
-5.822131633758545 22.934911727905273 -3.745927095413208
-5.621583938598633 22.821531295776367 -3.748687982559204
-5.449262619018555 22.803388595581055 -3.7666938304901123
-5.259883880615234 22.70884895324707 -3.7721216678619385
-5.102565765380859 22.7484130859375 -3.7986347675323486
-4.913014888763428 22.64022445678711 -3.7988855838775635
-4.747079849243164 22.6479549407959 -3.8189544677734375
-4.565605163574219 22.563339233398438 -3.8232176303863525
-4.421695232391357 22.662607192993164 -3.858792781829834
-4.229123592376709 22.50775146484375 -3.848046064376831
-4.049168109893799 22.408241271972656 -3.8465933799743652
-3.8851003646850586 22.40642738342285 -3.8622782230377197
-3.7064061164855957 22.296640396118164 -3.8591456413269043
-3.5452427864074707 22.28457260131836 -3.871521234512329
-3.3971822261810303 22.35535430908203 -3.8967466354370117
-3.2341339588165283 22.326065063476562 -3.90470290184021
-3.062028169631958 22.226987838745117 -3.900559663772583
-2.8978025913238525 22.195598602294922 -3.9086122512817383
-2.745241641998291 22.231998443603516 -3.9254262447357178
-2.5742225646972656 22.110679626464844 -3.9143142700195312
-2.4224183559417725 22.148710250854492 -3.931561231613159
-2.250413179397583 21.990520477294922 -3.9140846729278564
-2.111737012863159 22.187597274780273 -3.9587979316711426
-1.9457018375396729 22.06977653503418 -3.945253610610962
-1.7944742441177368 22.11172103881836 -3.9604275226593018
-1.6365004777908325 22.068256378173828 -3.960487127304077
-1.485227108001709 22.115747451782227 -3.977066993713379
-1.3214707374572754 22.005496978759766 -3.9625465869903564
-1.1690618991851807 22.02839469909668 -3.971564531326294
-1.0185210704803467 22.09246826171875 -3.9882099628448486
-0.863362193107605 22.063318252563477 -3.9882307052612305
-0.7099149227142334 22.067846298217773 -3.993434429168701
-0.5549914836883545 22.12177085876465 -4.00526237487793
-0.4019153118133545 22.17071533203125 -4.016359806060791
-0.2468111515045166 22.09560775756836 -4.00517463684082
-0.09235044568777084 21.919492721557617 -3.975844621658325
0.06045551598072052 22.031051635742188 -3.996150016784668
0.21449105441570282 22.126331329345703 -4.012755393981934
0.3700200617313385 22.0513916015625 -3.9986748695373535
0.5261783003807068 22.171396255493164 -4.0201497077941895
0.6806548237800598 22.175151824951172 -4.020061492919922
0.837496817111969 22.23979949951172 -4.02828311920166
0.9911584258079529 22.2111759185791 -4.01979923248291
1.1471076011657715 22.181367874145508 -4.011249542236328
1.3063974380493164 22.26190185546875 -4.0228986740112305
1.4613430500030518 22.253442764282227 -4.016397476196289
1.6067167520523071 22.113758087158203 -3.9851434230804443
1.7810511589050293 22.3602237701416 -4.023638725280762
1.9222062826156616 22.149269104003906 -3.9798996448516846
2.0720162391662598 22.090848922729492 -3.9636390209198
2.2334208488464355 22.15439796447754 -3.9663140773773193
2.4007580280303955 22.26266098022461 -3.9771087169647217
2.6151034832000732 22.763248443603516 -4.057931900024414
2.748425006866455 22.51710319519043 -4.005582332611084
2.922372341156006 22.633298873901367 -4.0161356925964355
3.0899817943573 22.68743324279785 -4.014131546020508
3.246844530105591 22.66036605834961 -3.9979352951049805
3.4179670810699463 22.72732162475586 -3.9984686374664307
3.5889811515808105 22.7853946685791 -3.997551441192627
3.781898021697998 22.952503204345703 -4.012223720550537
3.9493627548217773 22.970468521118164 -4.001091957092285
4.12947940826416 23.05542755126953 -4.001732349395752
4.303736209869385 23.101177215576172 -3.995666265487671
4.489125728607178 23.198810577392578 -3.9970808029174805
4.636573314666748 23.083250045776367 -3.9599764347076416
4.868407726287842 23.393482208251953 -3.9962363243103027
5.010056018829346 23.260908126831055 -3.9568562507629395
5.207699298858643 23.387046813964844 -3.961657762527466
5.459156036376953 23.73745346069336 -4.001349449157715
5.588921546936035 23.537261962890625 -3.947862386703491
5.803037166595459 23.704030990600586 -3.9564409255981445
6.000890254974365 23.794204711914062 -3.9521594047546387
6.197325229644775 23.871849060058594 -3.9441871643066406
6.366109848022461 23.8400936126709 -3.91683030128479
6.623732566833496 24.118894577026367 -3.939967393875122
6.792290687561035 24.07669448852539 -3.9109818935394287
7.051887512207031 24.348472595214844 -3.932628870010376
7.236924648284912 24.351661682128906 -3.9082138538360596
7.440542697906494 24.41248321533203 -3.893054962158203
7.725389003753662 24.717836380004883 -3.9162018299102783
7.909568786621094 24.701223373413086 -3.888547420501709
8.168052673339844 24.91126823425293 -3.894699811935425
8.390704154968262 25.001768112182617 -3.8811564445495605
8.62398910522461 25.115909576416016 -3.8710997104644775
8.862924575805664 25.239032745361328 -3.8622655868530273
9.080795288085938 25.286453247070312 -3.840306043624878
9.3555269241333 25.493000030517578 -3.841156244277954
0.0 0.0 0.0
9.83728313446045 25.69609832763672 -3.8104028701782227
10.176591873168945 26.0396785736084 -3.8301339149475098
10.424480438232422 26.127180099487305 -3.8087432384490967
0.0 0.0 0.0
10.956547737121582 26.387243270874023 -3.7786056995391846
11.249374389648438 26.568952560424805 -3.770395517349243
11.561842918395996 26.787443161010742 -3.7647781372070312
11.867774963378906 26.96944236755371 -3.752426862716675
0.0 0.0 0.0
12.498461723327637 27.362613677978516 -3.731405258178711
0.0 0.0 0.0
0.0 0.0 0.0
0.0 0.0 0.0
13.799331665039062 28.10450553894043 -3.666372537612915
0.0 0.0 0.0
0.0 0.0 0.0
0.0 0.0 0.0
15.175531387329102 28.853050231933594 -3.5832653045654297
0.0 0.0 0.0
16.025392532348633 29.461795806884766 -3.5595662593841553
0.0 0.0 0.0
0.0 0.0 0.0
0.0 0.0 0.0
0.0 0.0 0.0
0.0 0.0 0.0
0.0 0.0 0.0
0.0 0.0 0.0
19.61002540588379 31.70334815979004 -3.3654379844665527
0.0 0.0 0.0
0.0 0.0 0.0
0.0 0.0 0.0
0.0 0.0 0.0
0.0 0.0 0.0
0.0 0.0 0.0
0.0 0.0 0.0
0.0 0.0 0.0
0.0 0.0 0.0
0.0 0.0 0.0
0.0 0.0 0.0
0.0 0.0 0.0
0.0 0.0 0.0
0.0 0.0 0.0
0.0 0.0 0.0
0.0 0.0 0.0
0.0 0.0 0.0
0.0 0.0 0.0
0.0 0.0 0.0
0.0 0.0 0.0
0.0 0.0 0.0
0.0 0.0 0.0
0.0 0.0 0.0
0.0 0.0 0.0
0.0 0.0 0.0
0.0 0.0 0.0
0.0 0.0 0.0
0.0 0.0 0.0
0.0 0.0 0.0
0.0 0.0 0.0
0.0 0.0 0.0
0.0 0.0 0.0
0.0 0.0 0.0
0.0 0.0 0.0
0.0 0.0 0.0
0.0 0.0 0.0
0.0 0.0 0.0
0.0 0.0 0.0
0.0 0.0 0.0
0.0 0.0 0.0
0.0 0.0 0.0
0.0 0.0 0.0
0.0 0.0 0.0
0.0 0.0 0.0
0.0 0.0 0.0
0.0 0.0 0.0
0.0 0.0 0.0
0.0 0.0 0.0
0.0 0.0 0.0
0.0 0.0 0.0
0.0 0.0 0.0
0.0 0.0 0.0
0.0 0.0 0.0
0.0 0.0 0.0
0.0 0.0 0.0
0.0 0.0 0.0
0.0 0.0 0.0
0.0 0.0 0.0
0.0 0.0 0.0
0.0 0.0 0.0
0.0 0.0 0.0
0.0 0.0 0.0
0.0 0.0 0.0
0.0 0.0 0.0
0.0 0.0 0.0
0.0 0.0 0.0
0.0 0.0 0.0
0.0 0.0 0.0
0.0 0.0 0.0
0.0 0.0 0.0
0.0 0.0 0.0
0.0 0.0 0.0
0.0 0.0 0.0
0.0 0.0 0.0
0.0 0.0 0.0
0.0 0.0 0.0
0.0 0.0 0.0
0.0 0.0 0.0
0.0 0.0 0.0
0.0 0.0 0.0
0.0 0.0 0.0
0.0 0.0 0.0
0.0 0.0 0.0
0.0 0.0 0.0
0.0 0.0 0.0
0.0 0.0 0.0
0.0 0.0 0.0
0.0 0.0 0.0
0.0 0.0 0.0
0.0 0.0 0.0
0.0 0.0 0.0
0.0 0.0 0.0
0.0 0.0 0.0
0.0 0.0 0.0
0.0 0.0 0.0
0.0 0.0 0.0
0.0 0.0 0.0
0.0 0.0 0.0
0.0 0.0 0.0
0.0 0.0 0.0
0.0 0.0 0.0
0.0 0.0 0.0
0.0 0.0 0.0
0.0 0.0 0.0
0.0 0.0 0.0
0.0 0.0 0.0
-0.6780091524124146 19.54121208190918 3.712761402130127
0.0 0.0 0.0
0.0 0.0 0.0
0.0 0.0 0.0
0.0 0.0 0.0
0.0 0.0 0.0
0.0 0.0 0.0
0.0 0.0 0.0
0.0 0.0 0.0
0.0 0.0 0.0
0.0 0.0 0.0
0.0 0.0 0.0
0.0 0.0 0.0
0.0 0.0 0.0
0.0 0.0 0.0
0.0 0.0 0.0
0.0 0.0 0.0
0.0 0.0 0.0
0.0 0.0 0.0
0.0 0.0 0.0
0.0 0.0 0.0
0.0 0.0 0.0
0.0 0.0 0.0
0.0 0.0 0.0
0.0 0.0 0.0
0.0 0.0 0.0
0.0 0.0 0.0
0.0 0.0 0.0
0.0 0.0 0.0
0.0 0.0 0.0
0.0 0.0 0.0
0.0 0.0 0.0
0.0 0.0 0.0
0.0 0.0 0.0
0.0 0.0 0.0
0.0 0.0 0.0
0.0 0.0 0.0
0.0 0.0 0.0
0.0 0.0 0.0
0.0 0.0 0.0
0.0 0.0 0.0
0.0 0.0 0.0
0.0 0.0 0.0
0.0 0.0 0.0
0.0 0.0 0.0
0.0 0.0 0.0
0.0 0.0 0.0
0.0 0.0 0.0
0.0 0.0 0.0
0.0 0.0 0.0
0.0 0.0 0.0
0.0 0.0 0.0
0.0 0.0 0.0
0.0 0.0 0.0
0.0 0.0 0.0
0.0 0.0 0.0
0.0 0.0 0.0
0.0 0.0 0.0
0.0 0.0 0.0
0.0 0.0 0.0
0.0 0.0 0.0
0.0 0.0 0.0
0.0 0.0 0.0
0.0 0.0 0.0
0.0 0.0 0.0
0.0 0.0 0.0
0.0 0.0 0.0
0.0 0.0 0.0
0.0 0.0 0.0
0.0 0.0 0.0
0.0 0.0 0.0
0.0 0.0 0.0
0.0 0.0 0.0
0.0 0.0 0.0
0.0 0.0 0.0
0.0 0.0 0.0
0.0 0.0 0.0
0.0 0.0 0.0
0.0 0.0 0.0
0.0 0.0 0.0
0.0 0.0 0.0
0.0 0.0 0.0
0.0 0.0 0.0
0.0 0.0 0.0
0.0 0.0 0.0
0.0 0.0 0.0
0.0 0.0 0.0
0.0 0.0 0.0
0.0 0.0 0.0
0.0 0.0 0.0
0.0 0.0 0.0
0.0 0.0 0.0
0.0 0.0 0.0
0.0 0.0 0.0
0.0 0.0 0.0
0.0 0.0 0.0
0.0 0.0 0.0
0.0 0.0 0.0
0.0 0.0 0.0
0.0 0.0 0.0
0.0 0.0 0.0
0.0 0.0 0.0
0.0 0.0 0.0
-15.31653881072998 27.35006332397461 -2.981551170349121
0.0 0.0 0.0
0.0 0.0 0.0
0.0 0.0 0.0
0.0 0.0 0.0
0.0 0.0 0.0
0.0 0.0 0.0
0.0 0.0 0.0
0.0 0.0 0.0
0.0 0.0 0.0
0.0 0.0 0.0
0.0 0.0 0.0
0.0 0.0 0.0
0.0 0.0 0.0
0.0 0.0 0.0
0.0 0.0 0.0
0.0 0.0 0.0
0.0 0.0 0.0
0.0 0.0 0.0
0.0 0.0 0.0
0.0 0.0 0.0
0.0 0.0 0.0
0.0 0.0 0.0
0.0 0.0 0.0
0.0 0.0 0.0
0.0 0.0 0.0
-8.14391803741455 23.865543365478516 -3.5455093383789062
0.0 0.0 0.0
0.0 0.0 0.0
0.0 0.0 0.0
0.0 0.0 0.0
0.0 0.0 0.0
-6.932462215423584 23.493688583374023 -3.6501665115356445
0.0 0.0 0.0
0.0 0.0 0.0
-6.313849925994873 23.169034957885742 -3.6714344024658203
0.0 0.0 0.0
-5.9512715339660645 23.11228370666504 -3.706812620162964
0.0 0.0 0.0
-5.53837251663208 22.816925048828125 -3.702019214630127
-5.421000003814697 23.031024932861328 -3.758188247680664
-5.238891124725342 22.986013412475586 -3.7699906826019287
-5.027994632720947 22.792177200317383 -3.7570016384124756
-4.856264114379883 22.766281127929688 -3.771646499633789
-4.714702129364014 22.882585525512695 -3.8100600242614746
-4.50410270690918 22.65800666809082 -3.789874792098999
-4.33734655380249 22.655597686767578 -3.80587100982666
-4.165672302246094 22.60985565185547 -3.8144476413726807
-4.0145063400268555 22.67283058166504 -3.841508388519287
-3.8398232460021973 22.6019287109375 -3.8457043170928955
-3.662735939025879 22.507352828979492 -3.843046188354492
-3.4880411624908447 22.434629440307617 -3.8444113731384277
-3.322870969772339 22.398326873779297 -3.8518824577331543
-3.177762746810913 22.498065948486328 -3.8829517364501953
-3.0058932304382324 22.406362533569336 -3.8792240619659424
-2.848531723022461 22.416717529296875 -3.891940116882324
-2.680800437927246 22.338041305541992 -3.889324903488159
-2.518378257751465 22.319599151611328 -3.8975279331207275
-2.359398126602173 22.3035945892334 -3.9059650897979736
-2.1945383548736572 22.22188949584961 -3.8997933864593506
-2.0550057888031006 22.40338134765625 -3.940037488937378
-1.8817250728607178 22.21208953857422 -3.9148881435394287
-1.7237579822540283 22.215293884277344 -3.924278497695923
-1.5672948360443115 22.20216941833496 -3.929104804992676
-1.4140863418579102 22.234310150146484 -3.9403700828552246
-1.2598135471343994 22.250015258789062 -3.948915958404541
-1.1054037809371948 22.268495559692383 -3.9581570625305176
-0.9450418949127197 22.209138870239258 -3.9538395404815674
-0.7924787998199463 22.27215576171875 -3.967890739440918
-0.6351152658462524 22.19577407836914 -3.9570436477661133
-0.4821108281612396 22.26053810119629 -3.971545934677124
-0.3256288170814514 22.158906936645508 -3.956550359725952
-0.17033004760742188 22.371726989746094 -3.9966869354248047
-0.014670014381408691 22.26466941833496 -3.977618455886841
0.1399768888950348 22.233442306518555 -3.9722883701324463
0.2949020564556122 22.25497055053711 -3.976576566696167
0.4542510211467743 22.47918128967285 -4.017279624938965
0.6048012971878052 22.264528274536133 -3.97688889503479
0.7674375176429749 22.406349182128906 -3.9995126724243164
0.9219509959220886 22.370338439941406 -3.9906234741210938
1.079702377319336 22.41008949279785 -3.9954402446746826
1.2356644868850708 22.402769088745117 -3.991295576095581
1.4000781774520874 22.53304672241211 -4.009012699127197
0.0 0.0 0.0
1.713555932044983 22.47913932800293 -3.9889426231384277
1.8495092391967773 22.222553253173828 -3.9385576248168945
2.0017271041870117 22.183914184570312 -3.9248220920562744
2.1562094688415527 22.171228408813477 -3.914658546447754
2.3060665130615234 22.088335037231445 -3.8921825885772705
2.5406923294067383 22.800142288208008 -4.0098490715026855
2.700366973876953 22.791425704956055 -4.000417709350586
2.869220495223999 22.85466957092285 -4.000613212585449
3.0178327560424805 22.75641632080078 -3.972731828689575
3.1998984813690186 22.885583877563477 -3.98453688621521
3.3806416988372803 23.009883880615234 -3.995734453201294
3.5420913696289062 22.996110916137695 -3.98128604888916
3.7079505920410156 23.00803565979004 -3.969954013824463
3.911858558654785 23.242834091186523 -3.997102975845337
4.077281475067139 23.2369384765625 -3.9828946590423584
4.238636016845703 23.1915225982666 -3.9618303775787354
4.408365249633789 23.206493377685547 -3.948424816131592
4.613542556762695 23.397903442382812 -3.9650537967681885
4.751366138458252 23.244020462036133 -3.9232959747314453
4.925574779510498 23.270305633544922 -3.9121861457824707
5.176483154296875 23.630163192749023 -3.955216646194458
5.354268550872803 23.65383529663086 -3.94057297706604
5.559833526611328 23.792579650878906 -3.9451119899749756
5.738672733306885 23.809646606445312 -3.929492712020874
5.945902347564697 23.937686920166016 -3.9321844577789307
6.145967960357666 24.015165328979492 -3.9231719970703125
6.362105369567871 24.158897399902344 -3.9252922534942627
6.570649147033691 24.263511657714844 -3.9209353923797607
6.7685418128967285 24.32177734375 -3.9090657234191895
6.965151309967041 24.371356964111328 -3.89431095123291
7.196728706359863 24.522380828857422 -3.894000768661499
7.424215793609619 24.661161422729492 -3.892014980316162
0.0 0.0 0.0
7.832509994506836 24.763418197631836 -3.8597469329833984
8.048995018005371 24.84552764892578 -3.8458898067474365
8.332709312438965 25.12394142150879 -3.862112522125244
8.562921524047852 25.219337463378906 -3.8494083881378174
8.776569366455078 25.269887924194336 -3.830246686935425
9.044419288635254 25.468402862548828 -3.8312385082244873
9.294673919677734 25.606237411499023 -3.8222298622131348
9.516348838806152 25.658401489257812 -3.8002641201019287
9.817934036254883 25.90658950805664 -3.806480884552002
10.019184112548828 25.89344596862793 -3.7735211849212646
10.312024116516113 26.109216690063477 -3.7725753784179688
0.0 0.0 0.0
0.0 0.0 0.0
11.23534870147705 26.788671493530273 -3.769892930984497
11.458426475524902 26.797401428222656 -3.735424757003784
11.83543586730957 27.155996322631836 -3.7492237091064453
12.02922248840332 27.085634231567383 -3.7033958435058594
12.415356636047363 27.44150161743164 -3.7152440547943115
0.0 0.0 0.0
0.0 0.0 0.0
0.0 0.0 0.0
0.0 0.0 0.0
0.0 0.0 0.0
14.419841766357422 28.618268966674805 -3.6229093074798584
0.0 0.0 0.0
0.0 0.0 0.0
0.0 0.0 0.0
0.0 0.0 0.0
0.0 0.0 0.0
0.0 0.0 0.0
0.0 0.0 0.0
0.0 0.0 0.0
0.0 0.0 0.0
0.0 0.0 0.0
0.0 0.0 0.0
0.0 0.0 0.0
0.0 0.0 0.0
0.0 0.0 0.0
0.0 0.0 0.0
0.0 0.0 0.0
0.0 0.0 0.0
0.0 0.0 0.0
0.0 0.0 0.0
0.0 0.0 0.0
0.0 0.0 0.0
0.0 0.0 0.0
0.0 0.0 0.0
0.0 0.0 0.0
0.0 0.0 0.0
0.0 0.0 0.0
0.0 0.0 0.0
0.0 0.0 0.0
0.0 0.0 0.0
0.0 0.0 0.0
0.0 0.0 0.0
0.0 0.0 0.0
0.0 0.0 0.0
0.0 0.0 0.0
0.0 0.0 0.0
0.0 0.0 0.0
0.0 0.0 0.0
0.0 0.0 0.0
0.0 0.0 0.0
0.0 0.0 0.0
0.0 0.0 0.0
0.0 0.0 0.0
0.0 0.0 0.0
0.0 0.0 0.0
0.0 0.0 0.0
0.0 0.0 0.0
0.0 0.0 0.0
0.0 0.0 0.0
0.0 0.0 0.0
0.0 0.0 0.0
0.0 0.0 0.0
0.0 0.0 0.0
0.0 0.0 0.0
0.0 0.0 0.0
0.0 0.0 0.0
0.0 0.0 0.0
0.0 0.0 0.0
0.0 0.0 0.0
0.0 0.0 0.0
0.0 0.0 0.0
0.0 0.0 0.0
0.0 0.0 0.0
0.0 0.0 0.0
0.0 0.0 0.0
0.0 0.0 0.0
0.0 0.0 0.0
0.0 0.0 0.0
0.0 0.0 0.0
0.0 0.0 0.0
0.0 0.0 0.0
0.0 0.0 0.0
0.0 0.0 0.0
0.0 0.0 0.0
0.0 0.0 0.0
0.0 0.0 0.0
0.0 0.0 0.0
0.0 0.0 0.0
0.0 0.0 0.0
0.0 0.0 0.0
0.0 0.0 0.0
0.0 0.0 0.0
0.0 0.0 0.0
0.0 0.0 0.0
0.0 0.0 0.0
0.0 0.0 0.0
0.0 0.0 0.0
0.0 0.0 0.0
0.0 0.0 0.0
0.0 0.0 0.0
0.0 0.0 0.0
0.0 0.0 0.0
0.0 0.0 0.0
0.0 0.0 0.0
0.0 0.0 0.0
0.0 0.0 0.0
0.0 0.0 0.0
0.0 0.0 0.0
0.0 0.0 0.0
0.0 0.0 0.0
0.0 0.0 0.0
0.0 0.0 0.0
0.0 0.0 0.0
0.0 0.0 0.0
0.0 0.0 0.0
0.0 0.0 0.0
0.0 0.0 0.0
0.0 0.0 0.0
0.0 0.0 0.0
0.0 0.0 0.0
0.0 0.0 0.0
0.0 0.0 0.0
0.0 0.0 0.0
0.0 0.0 0.0
0.0 0.0 0.0
0.0 0.0 0.0
0.0 0.0 0.0
0.0 0.0 0.0
0.0 0.0 0.0
0.0 0.0 0.0
0.0 0.0 0.0
0.0 0.0 0.0
0.0 0.0 0.0
0.0 0.0 0.0
0.0 0.0 0.0
0.0 0.0 0.0
0.0 0.0 0.0
0.0 0.0 0.0
0.0 0.0 0.0
0.0 0.0 0.0
0.0 0.0 0.0
0.0 0.0 0.0
0.0 0.0 0.0
0.0 0.0 0.0
0.0 0.0 0.0
0.0 0.0 0.0
0.0 0.0 0.0
0.0 0.0 0.0
0.0 0.0 0.0
0.0 0.0 0.0
0.0 0.0 0.0
0.0 0.0 0.0
0.0 0.0 0.0
0.0 0.0 0.0
0.0 0.0 0.0
0.0 0.0 0.0
0.0 0.0 0.0
0.0 0.0 0.0
0.0 0.0 0.0
0.0 0.0 0.0
0.0 0.0 0.0
0.0 0.0 0.0
0.0 0.0 0.0
0.0 0.0 0.0
0.0 0.0 0.0
0.0 0.0 0.0
0.0 0.0 0.0
0.0 0.0 0.0
0.0 0.0 0.0
0.0 0.0 0.0
0.0 0.0 0.0
0.0 0.0 0.0
0.0 0.0 0.0
0.0 0.0 0.0
0.0 0.0 0.0
0.0 0.0 0.0
0.0 0.0 0.0
0.0 0.0 0.0
0.0 0.0 0.0
0.0 0.0 0.0
0.0 0.0 0.0
0.0 0.0 0.0
0.0 0.0 0.0
0.0 0.0 0.0
0.0 0.0 0.0
0.0 0.0 0.0
0.0 0.0 0.0
0.0 0.0 0.0
0.0 0.0 0.0
0.0 0.0 0.0
0.0 0.0 0.0
0.0 0.0 0.0
0.0 0.0 0.0
0.0 0.0 0.0
0.0 0.0 0.0
0.0 0.0 0.0
0.0 0.0 0.0
0.0 0.0 0.0
0.0 0.0 0.0
0.0 0.0 0.0
0.0 0.0 0.0
0.0 0.0 0.0
0.0 0.0 0.0
0.0 0.0 0.0
0.0 0.0 0.0
0.0 0.0 0.0
0.0 0.0 0.0
0.0 0.0 0.0
0.0 0.0 0.0
0.0 0.0 0.0
0.0 0.0 0.0
0.0 0.0 0.0
0.0 0.0 0.0
0.0 0.0 0.0
0.0 0.0 0.0
0.0 0.0 0.0
0.0 0.0 0.0
0.0 0.0 0.0
0.0 0.0 0.0
0.0 0.0 0.0
0.0 0.0 0.0
0.0 0.0 0.0
0.0 0.0 0.0
0.0 0.0 0.0
0.0 0.0 0.0
0.0 0.0 0.0
0.0 0.0 0.0
0.0 0.0 0.0
0.0 0.0 0.0
0.0 0.0 0.0
0.0 0.0 0.0
0.0 0.0 0.0
0.0 0.0 0.0
0.0 0.0 0.0
-14.522123336791992 27.031166076660156 -3.0461490154266357
0.0 0.0 0.0
0.0 0.0 0.0
0.0 0.0 0.0
0.0 0.0 0.0
0.0 0.0 0.0
0.0 0.0 0.0
0.0 0.0 0.0
0.0 0.0 0.0
0.0 0.0 0.0
0.0 0.0 0.0
0.0 0.0 0.0
0.0 0.0 0.0
-10.750548362731934 25.266530990600586 -3.3657703399658203
0.0 0.0 0.0
0.0 0.0 0.0
0.0 0.0 0.0
0.0 0.0 0.0
0.0 0.0 0.0
0.0 0.0 0.0
0.0 0.0 0.0
0.0 0.0 0.0
0.0 0.0 0.0
-8.250452041625977 23.8991641998291 -3.4936838150024414
0.0 0.0 0.0
0.0 0.0 0.0
0.0 0.0 0.0
-7.458820819854736 23.740455627441406 -3.5787994861602783
0.0 0.0 0.0
0.0 0.0 0.0
0.0 0.0 0.0
0.0 0.0 0.0
-6.491448879241943 23.506349563598633 -3.665508270263672
0.0 0.0 0.0
-6.1009697914123535 23.35059928894043 -3.6843087673187256
0.0 0.0 0.0
-5.721500396728516 23.22299575805664 -3.7078499794006348
-5.512956619262695 23.066984176635742 -3.7025701999664307
-5.299094200134277 22.87550163269043 -3.690758466720581
-5.161651134490967 23.009742736816406 -3.731579065322876
-5.003764629364014 23.056411743164062 -3.758477210998535
-4.790242671966553 22.853513717651367 -3.7442002296447754
0.0 0.0 0.0
-4.440698623657227 22.7598876953125 -3.761723041534424
-4.274369716644287 22.74898910522461 -3.776559352874756
-4.126227855682373 22.835493087768555 -3.807767391204834
-3.928229331970215 22.655988693237305 -3.7925665378570557
-3.7845022678375244 22.767297744750977 -3.8251559734344482
-3.6061148643493652 22.668367385864258 -3.8225882053375244
-3.4385523796081543 22.6290225982666 -3.830141067504883
-3.2605507373809814 22.512344360351562 -3.823904275894165
-3.109180450439453 22.574068069458008 -3.8454713821411133
-2.946606159210205 22.573942184448242 -3.856881856918335
-2.7716064453125 22.4500675201416 -3.8470773696899414
-2.6106760501861572 22.428129196166992 -3.8548240661621094
-2.457615613937378 22.474313735961914 -3.8722524642944336
-2.298774242401123 22.465974807739258 -3.879408359527588
-2.1378438472747803 22.460573196411133 -3.887394428253174
-1.9858781099319458 22.522830963134766 -3.9071426391601562
-1.81536865234375 22.365442276000977 -3.8885703086853027
-1.6655710935592651 22.45677947998047 -3.9104177951812744
-1.5006605386734009 22.33975601196289 -3.8961586952209473
-1.3394109010696411 22.298500061035156 -3.895364999771118
-1.1884245872497559 22.386619567871094 -3.917262554168701
-1.0321153402328491 22.38563346862793 -3.921813726425171
-0.8771841526031494 22.41460418701172 -3.9300777912139893
-0.7193019390106201 22.361743927001953 -3.924178123474121
-0.5634764432907104 22.465524673461914 -3.9460277557373047
-0.40592843294143677 22.40276527404785 -3.9387614727020264
-0.2506268322467804 22.451040267944336 -3.9478490352630615
-0.09450747817754745 22.45979118347168 -3.9500131607055664
0.0616581030189991 22.444374084472656 -3.94811749458313
0.21808987855911255 22.477882385253906 -3.9550204277038574
0.3765289783477783 22.44123649597168 -3.948493480682373
0.5337780714035034 22.48853302001953 -3.9546642303466797
0.688162088394165 22.41936492919922 -3.9405462741851807
0.8487398028373718 22.53367805480957 -3.958862781524658
1.0097318887710571 22.623783111572266 -3.9731040000915527
1.1704607009887695 22.628524780273438 -3.9698290824890137
1.3296923637390137 22.651611328125 -3.969236135482788
1.4887974262237549 22.665895462036133 -3.96728253364563
1.6540229320526123 22.75966453552246 -3.9794089794158936
1.8065298795700073 22.67588233947754 -3.9600205421447754
1.9227464199066162 22.15424919128418 -3.861515522003174
2.0722107887268066 22.09212303161621 -3.8436038494110107
2.2324862480163574 22.143877029418945 -3.845686912536621
2.378722906112671 22.05668830871582 -3.8238279819488525
2.6266491413116455 22.863828659057617 -3.95493745803833
2.798497200012207 22.92714500427246 -3.9557301998138428
2.967637300491333 22.981855392456055 -3.9553370475769043
3.1418328285217285 23.065853118896484 -3.9601023197174072
3.2980144023895264 23.015165328979492 -3.9417595863342285
3.4823946952819824 23.154359817504883 -3.95290470123291
3.660066843032837 23.23501968383789 -3.9540908336639404
3.8190786838531494 23.177099227905273 -3.9316530227661133
4.006868839263916 23.304546356201172 -3.9409892559051514
4.18202018737793 23.351171493530273 -3.935183525085449
4.370425701141357 23.461088180541992 -3.9384965896606445
4.561298370361328 23.57331657409668 -3.9422106742858887
4.7506914138793945 23.653291702270508 -3.940310478210449
4.89934778213501 23.543561935424805 -3.9072375297546387
5.091246128082275 23.64072036743164 -3.905661106109619
5.294960021972656 23.781513214111328 -3.911167621612549
5.482729911804199 23.841691970825195 -3.9034085273742676
5.681553363800049 23.929832458496094 -3.899961471557617
5.902734756469727 24.114702224731445 -3.911149024963379
6.0770978927612305 24.099517822265625 -3.8883283138275146
6.239704132080078 24.03826141357422 -3.8582875728607178
6.499533176422119 24.341360092163086 -3.8866264820098877
6.694187164306641 24.377002716064453 -3.8717291355133057
6.888814449310303 24.41973114013672 -3.855529546737671
7.133976459503174 24.63153839111328 -3.86586856842041
7.349416732788086 24.730066299438477 -3.858242988586426
7.560944080352783 24.80831527709961 -3.847391366958618
7.799888610839844 24.957984924316406 -3.8456497192382812
7.970203876495361 24.892993927001953 -3.8101696968078613
8.207622528076172 25.0324649810791 -3.8059661388397217
8.48286247253418 25.276222229003906 -3.8173370361328125
8.688790321350098 25.305421829223633 -3.79561448097229
8.946891784667969 25.479230880737305 -3.7933149337768555
9.243648529052734 25.740711212158203 -3.803148031234741
9.423894882202148 25.680768966674805 -3.7658445835113525
9.718055725097656 25.923879623413086 -3.7727982997894287
9.971588134765625 26.048877716064453 -3.7600555419921875
10.28736686706543 26.322818756103516 -3.767937421798706
10.574578285217285 26.502662658691406 -3.7613236904144287
10.842679977416992 26.63434600830078 -3.748060464859009
11.172296524047852 26.907032012939453 -3.7525997161865234
11.38724136352539 26.894567489624023 -3.7160842418670654
11.68547534942627 27.072528839111328 -3.7056591510772705
0.0 0.0 0.0
0.0 0.0 0.0
0.0 0.0 0.0
0.0 0.0 0.0
0.0 0.0 0.0
13.637115478515625 28.270389556884766 -3.6367640495300293
13.974488258361816 28.462615966796875 -3.619471788406372
0.0 0.0 0.0
14.6644926071167 28.84748077392578 -3.582951068878174
15.016557693481445 29.040424346923828 -3.562716484069824
0.0 0.0 0.0
0.0 0.0 0.0
0.0 0.0 0.0
0.0 0.0 0.0
0.0 0.0 0.0
0.0 0.0 0.0
0.0 0.0 0.0
0.0 0.0 0.0
0.0 0.0 0.0
0.0 0.0 0.0
0.0 0.0 0.0
0.0 0.0 0.0
0.0 0.0 0.0
0.0 0.0 0.0
0.0 0.0 0.0
0.0 0.0 0.0
0.0 0.0 0.0
0.0 0.0 0.0
0.0 0.0 0.0
0.0 0.0 0.0
0.0 0.0 0.0
0.0 0.0 0.0
0.0 0.0 0.0
0.0 0.0 0.0
0.0 0.0 0.0
0.0 0.0 0.0
0.0 0.0 0.0
0.0 0.0 0.0
0.0 0.0 0.0
0.0 0.0 0.0
0.0 0.0 0.0
0.0 0.0 0.0
0.0 0.0 0.0
0.0 0.0 0.0
0.0 0.0 0.0
0.0 0.0 0.0
0.0 0.0 0.0
0.0 0.0 0.0
0.0 0.0 0.0
0.0 0.0 0.0
0.0 0.0 0.0
0.0 0.0 0.0
0.0 0.0 0.0
0.0 0.0 0.0
0.0 0.0 0.0
0.0 0.0 0.0
0.0 0.0 0.0
0.0 0.0 0.0
0.0 0.0 0.0
0.0 0.0 0.0
0.0 0.0 0.0
0.0 0.0 0.0
0.0 0.0 0.0
0.0 0.0 0.0
0.0 0.0 0.0
0.0 0.0 0.0
0.0 0.0 0.0
0.0 0.0 0.0
0.0 0.0 0.0
0.0 0.0 0.0
0.0 0.0 0.0
0.0 0.0 0.0
0.0 0.0 0.0
0.0 0.0 0.0
0.0 0.0 0.0
0.0 0.0 0.0
0.0 0.0 0.0
0.0 0.0 0.0
0.0 0.0 0.0
0.0 0.0 0.0
0.0 0.0 0.0
0.0 0.0 0.0
0.0 0.0 0.0
0.0 0.0 0.0
0.0 0.0 0.0
0.0 0.0 0.0
0.0 0.0 0.0
0.0 0.0 0.0
0.0 0.0 0.0
0.0 0.0 0.0
0.0 0.0 0.0
0.0 0.0 0.0
0.0 0.0 0.0
0.0 0.0 0.0
0.0 0.0 0.0
0.0 0.0 0.0
0.0 0.0 0.0
0.0 0.0 0.0
0.0 0.0 0.0
0.0 0.0 0.0
0.0 0.0 0.0
0.0 0.0 0.0
0.0 0.0 0.0
0.0 0.0 0.0
0.0 0.0 0.0
0.0 0.0 0.0
0.0 0.0 0.0
0.0 0.0 0.0
0.0 0.0 0.0
0.0 0.0 0.0
0.0 0.0 0.0
0.0 0.0 0.0
0.0 0.0 0.0
0.0 0.0 0.0
0.0 0.0 0.0
0.0 0.0 0.0
0.0 0.0 0.0
0.0 0.0 0.0
0.0 0.0 0.0
0.0 0.0 0.0
0.0 0.0 0.0
0.0 0.0 0.0
0.0 0.0 0.0
0.0 0.0 0.0
0.0 0.0 0.0
0.0 0.0 0.0
0.0 0.0 0.0
0.0 0.0 0.0
0.0 0.0 0.0
0.0 0.0 0.0
0.0 0.0 0.0
0.0 0.0 0.0
0.0 0.0 0.0
0.0 0.0 0.0
0.0 0.0 0.0
0.0 0.0 0.0
0.0 0.0 0.0
0.0 0.0 0.0
0.0 0.0 0.0
0.0 0.0 0.0
0.0 0.0 0.0
0.0 0.0 0.0
0.0 0.0 0.0
0.0 0.0 0.0
0.0 0.0 0.0
0.0 0.0 0.0
0.0 0.0 0.0
0.0 0.0 0.0
0.0 0.0 0.0
0.0 0.0 0.0
0.0 0.0 0.0
0.0 0.0 0.0
0.0 0.0 0.0
0.0 0.0 0.0
0.0 0.0 0.0
0.0 0.0 0.0
0.0 0.0 0.0
0.0 0.0 0.0
0.0 0.0 0.0
0.0 0.0 0.0
0.0 0.0 0.0
0.0 0.0 0.0
0.0 0.0 0.0
0.0 0.0 0.0
0.0 0.0 0.0
0.0 0.0 0.0
0.0 0.0 0.0
0.0 0.0 0.0
0.0 0.0 0.0
0.0 0.0 0.0
0.0 0.0 0.0
0.0 0.0 0.0
0.0 0.0 0.0
0.0 0.0 0.0
0.0 0.0 0.0
0.0 0.0 0.0
0.0 0.0 0.0
0.0 0.0 0.0
0.0 0.0 0.0
0.0 0.0 0.0
0.0 0.0 0.0
0.0 0.0 0.0
0.0 0.0 0.0
0.0 0.0 0.0
0.0 0.0 0.0
0.0 0.0 0.0
0.0 0.0 0.0
0.0 0.0 0.0
0.0 0.0 0.0
0.0 0.0 0.0
0.0 0.0 0.0
0.0 0.0 0.0
0.0 0.0 0.0
0.0 0.0 0.0
0.0 0.0 0.0
0.0 0.0 0.0
0.0 0.0 0.0
0.0 0.0 0.0
0.0 0.0 0.0
0.0 0.0 0.0
0.0 0.0 0.0
0.0 0.0 0.0
0.0 0.0 0.0
0.0 0.0 0.0
0.0 0.0 0.0
0.0 0.0 0.0
0.0 0.0 0.0
0.0 0.0 0.0
0.0 0.0 0.0
0.0 0.0 0.0
0.0 0.0 0.0
0.0 0.0 0.0
0.0 0.0 0.0
0.0 0.0 0.0
0.0 0.0 0.0
0.0 0.0 0.0
0.0 0.0 0.0
0.0 0.0 0.0
-20.593963623046875 30.46019172668457 -2.470426559448242
0.0 0.0 0.0
0.0 0.0 0.0
0.0 0.0 0.0
0.0 0.0 0.0
0.0 0.0 0.0
0.0 0.0 0.0
0.0 0.0 0.0
0.0 0.0 0.0
0.0 0.0 0.0
0.0 0.0 0.0
0.0 0.0 0.0
0.0 0.0 0.0
0.0 0.0 0.0
0.0 0.0 0.0
0.0 0.0 0.0
0.0 0.0 0.0
-13.68786334991455 26.58082389831543 -3.063732862472534
0.0 0.0 0.0
0.0 0.0 0.0
0.0 0.0 0.0
0.0 0.0 0.0
0.0 0.0 0.0
0.0 0.0 0.0
0.0 0.0 0.0
0.0 0.0 0.0
0.0 0.0 0.0
0.0 0.0 0.0
-10.696488380432129 25.389795303344727 -3.3500380516052246
0.0 0.0 0.0
0.0 0.0 0.0
0.0 0.0 0.0
0.0 0.0 0.0
-9.386346817016602 24.65521812438965 -3.414658308029175
0.0 0.0 0.0
0.0 0.0 0.0
0.0 0.0 0.0
0.0 0.0 0.0
-8.284464836120605 24.277294158935547 -3.5078625679016113
0.0 0.0 0.0
0.0 0.0 0.0
0.0 0.0 0.0
-7.480299472808838 24.096145629882812 -3.5880792140960693
0.0 0.0 0.0
-7.017063617706299 23.778356552124023 -3.5905771255493164
0.0 0.0 0.0
-6.598238945007324 23.563867568969727 -3.605098247528076
0.0 0.0 0.0
0.0 0.0 0.0
-6.054831027984619 23.512710571289062 -3.6638946533203125
-5.873899459838867 23.486671447753906 -3.68095064163208
-5.680269718170166 23.403133392333984 -3.687462568283081
-5.474122524261475 23.25788688659668 -3.6841580867767334
-5.291385650634766 23.216920852661133 -3.697692394256592
-5.1213836669921875 23.215452194213867 -3.7172746658325195
-4.915292263031006 23.04336929321289 -3.706763982772827
-4.745287895202637 23.032108306884766 -3.7220053672790527
-4.608202934265137 23.1822566986084 -3.76355242729187
-4.385070323944092 22.907764434814453 -3.736520767211914
-4.242123126983643 23.029380798339844 -3.772411346435547
-4.040836811065674 22.827564239501953 -3.753652572631836
-3.880201578140259 22.84454917907715 -3.77089262008667
-3.6933417320251465 22.70060920715332 -3.7616565227508545
-3.5196056365966797 22.64318084716797 -3.767033338546753
0.0 0.0 0.0
-3.204639434814453 22.692554473876953 -3.799074649810791
-3.045415163040161 22.704139709472656 -3.8130319118499756
-2.899296522140503 22.817798614501953 -3.8443639278411865
-2.726982593536377 22.7241153717041 -3.839846611022949
-2.56276535987854 22.714025497436523 -3.8475005626678467
-2.374810218811035 22.449687957763672 -3.8119924068450928
-2.2502691745758057 22.785619735717773 -3.8786041736602783
-2.078763723373413 22.660648345947266 -3.8670358657836914
-1.9238497018814087 22.707489013671875 -3.882411479949951
-1.754839301109314 22.615388870239258 -3.873487949371338
-1.5926504135131836 22.560291290283203 -3.8709239959716797
-1.4290504455566406 22.465608596801758 -3.8616957664489746
-1.2846975326538086 22.688886642456055 -3.9067513942718506
-1.122037410736084 22.600284576416016 -3.89524245262146
-0.9612187147140503 22.59139633178711 -3.8977174758911133
-0.8066297173500061 22.669761657714844 -3.915374279022217
-0.6464108824729919 22.593154907226562 -3.906458854675293
-0.48791423439979553 22.538841247558594 -3.899601936340332
-0.33152252435684204 22.564491271972656 -3.905287265777588
-0.17266346514225006 22.66604232788086 -3.924333095550537
-0.01497788168489933 22.543235778808594 -3.9046974182128906
0.14226219058036804 22.5925350189209 -3.9150583744049072
0.30015629529953003 22.652849197387695 -3.9241507053375244
0.4580671787261963 22.66204833984375 -3.9244673252105713
0.6188657283782959 22.777881622314453 -3.9434354305267334
0.7790984511375427 22.74245262145996 -3.936387300491333
0.9360707998275757 22.710071563720703 -3.928800582885742
1.0999882221221924 22.82691764831543 -3.94502854347229
1.26706063747406 22.969484329223633 -3.9658470153808594
1.4202280044555664 22.857263565063477 -3.942861318588257
1.5859864950180054 22.905136108398438 -3.9476284980773926
1.7433215379714966 22.86799430847168 -3.9353201389312744
1.8433265686035156 22.146923065185547 -3.8049309253692627
1.9958490133285522 22.11577606201172 -3.7934587001800537
2.1482224464416504 22.087417602539062 -3.782665491104126
2.3062705993652344 22.088485717773438 -3.776385545730591
2.559826135635376 22.969497680664062 -3.9177777767181396
2.7360219955444336 23.090829849243164 -3.929370880126953
2.9118170738220215 23.191701889038086 -3.937562942504883
3.0798468589782715 23.222537994384766 -3.934000253677368
3.2630529403686523 23.336055755615234 -3.9424619674682617
3.419995069503784 23.27719497680664 -3.9208264350891113
3.5958197116851807 23.342924118041992 -3.9203290939331055
3.8032002449035645 23.597604751586914 -3.9515910148620605
3.941998243331909 23.421079635620117 -3.910696029663086
4.156625747680664 23.688453674316406 -3.940777063369751
4.303168773651123 23.54396629333496 -3.9021809101104736
4.522793769836426 23.808137893676758 -3.9316508769989014
4.691102981567383 23.79046058654785 -3.914586067199707
4.858580589294434 23.768043518066406 -3.895453691482544
5.035870552062988 23.789913177490234 -3.882103681564331
5.244790077209473 23.937992095947266 -3.889069080352783
5.441086769104004 24.032268524169922 -3.8875718116760254
5.625777244567871 24.06861686706543 -3.8767549991607666
5.887948513031006 24.422958374023438 -3.9142730236053467
6.039332389831543 24.306533813476562 -3.8761491775512695
6.214055061340332 24.274547576904297 -3.851435661315918
6.445953369140625 24.469703674316406 -3.8630640506744385
6.626812934875488 24.465599060058594 -3.842013359069824
6.906686305999756 24.813785552978516 -3.8747150897979736
7.106606483459473 24.862218856811523 -3.860395669937134
0.0 0.0 0.0
7.533663749694824 25.023813247680664 -3.841276168823242
7.752954483032227 25.11943817138672 -3.8313753604888916
8.00444221496582 25.309017181396484 -3.83558988571167
8.187454223632812 25.2756290435791 -3.805950164794922
8.394725799560547 25.31431007385254 -3.7872416973114014
8.680815696716309 25.570316314697266 -3.798637628555298
8.940225601196289 25.744237899780273 -3.7968499660491943
0.0 0.0 0.0
0.0 0.0 0.0
9.68986988067627 26.12845802307129 -3.7690746784210205
0.0 0.0 0.0
10.237601280212402 26.458173751831055 -3.7549924850463867
10.477697372436523 26.52798080444336 -3.7343273162841797
0.0 0.0 0.0
11.064654350280762 26.912860870361328 -3.7240593433380127
11.30911922454834 26.964282989501953 -3.697129011154175
11.609570503234863 27.150270462036133 -3.6889169216156006
11.965828895568848 27.454242706298828 -3.6961209774017334
0.0 0.0 0.0
0.0 0.0 0.0
12.835895538330078 27.83954620361328 -3.636474370956421
0.0 0.0 0.0
0.0 0.0 0.0
0.0 0.0 0.0
0.0 0.0 0.0
0.0 0.0 0.0
0.0 0.0 0.0
0.0 0.0 0.0
0.0 0.0 0.0
16.13604164123535 29.912036895751953 -3.5139963626861572
0.0 0.0 0.0
0.0 0.0 0.0
0.0 0.0 0.0
0.0 0.0 0.0
0.0 0.0 0.0
0.0 0.0 0.0
19.179414749145508 31.73838996887207 -3.3501248359680176
0.0 0.0 0.0
0.0 0.0 0.0
21.00553321838379 33.17596435546875 -3.312929630279541
0.0 0.0 0.0
0.0 0.0 0.0
0.0 0.0 0.0
0.0 0.0 0.0
0.0 0.0 0.0
0.0 0.0 0.0
0.0 0.0 0.0
0.0 0.0 0.0
0.0 0.0 0.0
0.0 0.0 0.0
0.0 0.0 0.0
0.0 0.0 0.0
0.0 0.0 0.0
0.0 0.0 0.0
0.0 0.0 0.0
0.0 0.0 0.0
0.0 0.0 0.0
0.0 0.0 0.0
0.0 0.0 0.0
0.0 0.0 0.0
0.0 0.0 0.0
0.0 0.0 0.0
0.0 0.0 0.0
0.0 0.0 0.0
0.0 0.0 0.0
0.0 0.0 0.0
0.0 0.0 0.0
0.0 0.0 0.0
0.0 0.0 0.0
0.0 0.0 0.0
0.0 0.0 0.0
0.0 0.0 0.0
0.0 0.0 0.0
0.0 0.0 0.0
0.0 0.0 0.0
0.0 0.0 0.0
0.0 0.0 0.0
0.0 0.0 0.0
0.0 0.0 0.0
0.0 0.0 0.0
0.0 0.0 0.0
0.0 0.0 0.0
0.0 0.0 0.0
0.0 0.0 0.0
0.0 0.0 0.0
0.0 0.0 0.0
0.0 0.0 0.0
0.0 0.0 0.0
0.0 0.0 0.0
0.0 0.0 0.0
0.0 0.0 0.0
0.0 0.0 0.0
0.0 0.0 0.0
0.0 0.0 0.0
0.0 0.0 0.0
0.0 0.0 0.0
0.0 0.0 0.0
0.0 0.0 0.0
0.0 0.0 0.0
0.0 0.0 0.0
0.0 0.0 0.0
0.0 0.0 0.0
0.0 0.0 0.0
0.0 0.0 0.0
0.0 0.0 0.0
0.0 0.0 0.0
0.0 0.0 0.0
0.0 0.0 0.0
0.0 0.0 0.0
0.0 0.0 0.0
0.0 0.0 0.0
0.0 0.0 0.0
0.0 0.0 0.0
0.0 0.0 0.0
0.0 0.0 0.0
0.0 0.0 0.0
0.0 0.0 0.0
0.0 0.0 0.0
0.0 0.0 0.0
0.0 0.0 0.0
0.0 0.0 0.0
0.0 0.0 0.0
0.0 0.0 0.0
0.0 0.0 0.0
0.0 0.0 0.0
0.0 0.0 0.0
0.0 0.0 0.0
0.0 0.0 0.0
0.0 0.0 0.0
0.0 0.0 0.0
0.0 0.0 0.0
0.0 0.0 0.0
0.0 0.0 0.0
0.0 0.0 0.0
0.0 0.0 0.0
0.0 0.0 0.0
0.0 0.0 0.0
0.0 0.0 0.0
0.0 0.0 0.0
0.0 0.0 0.0
0.0 0.0 0.0
0.0 0.0 0.0
0.0 0.0 0.0
0.0 0.0 0.0
0.0 0.0 0.0
0.0 0.0 0.0
0.0 0.0 0.0
0.0 0.0 0.0
0.0 0.0 0.0
0.0 0.0 0.0
0.0 0.0 0.0
0.0 0.0 0.0
0.0 0.0 0.0
0.0 0.0 0.0
0.0 0.0 0.0
0.0 0.0 0.0
0.0 0.0 0.0
0.0 0.0 0.0
0.0 0.0 0.0
0.0 0.0 0.0
0.0 0.0 0.0
0.0 0.0 0.0
0.0 0.0 0.0
0.0 0.0 0.0
0.0 0.0 0.0
0.0 0.0 0.0
0.0 0.0 0.0
0.0 0.0 0.0
0.0 0.0 0.0
0.0 0.0 0.0
0.0 0.0 0.0
0.0 0.0 0.0
0.0 0.0 0.0
0.0 0.0 0.0
0.0 0.0 0.0
0.0 0.0 0.0
0.0 0.0 0.0
0.0 0.0 0.0
0.0 0.0 0.0
0.0 0.0 0.0
0.0 0.0 0.0
0.0 0.0 0.0
0.0 0.0 0.0
0.0 0.0 0.0
0.0 0.0 0.0
0.0 0.0 0.0
0.0 0.0 0.0
0.0 0.0 0.0
0.0 0.0 0.0
0.0 0.0 0.0
0.0 0.0 0.0
0.0 0.0 0.0
0.0 0.0 0.0
0.0 0.0 0.0
0.0 0.0 0.0
0.0 0.0 0.0
0.0 0.0 0.0
0.0 0.0 0.0
0.0 0.0 0.0
0.0 0.0 0.0
0.0 0.0 0.0
0.0 0.0 0.0
0.0 0.0 0.0
0.0 0.0 0.0
0.0 0.0 0.0
0.0 0.0 0.0
0.0 0.0 0.0
0.0 0.0 0.0
0.0 0.0 0.0
0.0 0.0 0.0
0.0 0.0 0.0
0.0 0.0 0.0
0.0 0.0 0.0
0.0 0.0 0.0
0.0 0.0 0.0
0.0 0.0 0.0
0.0 0.0 0.0
0.0 0.0 0.0
0.0 0.0 0.0
0.0 0.0 0.0
0.0 0.0 0.0
0.0 0.0 0.0
0.0 0.0 0.0
0.0 0.0 0.0
0.0 0.0 0.0
0.0 0.0 0.0
0.0 0.0 0.0
0.0 0.0 0.0
0.0 0.0 0.0
0.0 0.0 0.0
0.0 0.0 0.0
0.0 0.0 0.0
0.0 0.0 0.0
0.0 0.0 0.0
0.0 0.0 0.0
0.0 0.0 0.0
0.0 0.0 0.0
0.0 0.0 0.0
0.0 0.0 0.0
0.0 0.0 0.0
0.0 0.0 0.0
0.0 0.0 0.0
0.0 0.0 0.0
0.0 0.0 0.0
0.0 0.0 0.0
0.0 0.0 0.0
0.0 0.0 0.0
0.0 0.0 0.0
0.0 0.0 0.0
0.0 0.0 0.0
0.0 0.0 0.0
0.0 0.0 0.0
0.0 0.0 0.0
-13.313692092895508 26.533952713012695 -3.0947625637054443
0.0 0.0 0.0
0.0 0.0 0.0
0.0 0.0 0.0
0.0 0.0 0.0
0.0 0.0 0.0
0.0 0.0 0.0
0.0 0.0 0.0
0.0 0.0 0.0
-10.91894245147705 25.661396026611328 -3.330064535140991
0.0 0.0 0.0
0.0 0.0 0.0
0.0 0.0 0.0
0.0 0.0 0.0
-9.566555976867676 24.864055633544922 -3.3876209259033203
0.0 0.0 0.0
0.0 0.0 0.0
0.0 0.0 0.0
0.0 0.0 0.0
-8.404359817504883 24.34708595275879 -3.460768222808838
-8.238504409790039 24.415061950683594 -3.4978435039520264
0.0 0.0 0.0
-7.736820697784424 24.036861419677734 -3.4960744380950928
0.0 0.0 0.0
0.0 0.0 0.0
-7.170925617218018 23.98383140563965 -3.562696695327759
0.0 0.0 0.0
0.0 0.0 0.0
0.0 0.0 0.0
0.0 0.0 0.0
0.0 0.0 0.0
-5.963181018829346 23.48990249633789 -3.6202762126922607
-5.838415622711182 23.700275421142578 -3.6728169918060303
-5.584506034851074 23.368446350097656 -3.641017436981201
-5.424403190612793 23.418054580688477 -3.668532133102417
-5.229873180389404 23.3161563873291 -3.6706535816192627
-5.050585746765137 23.273147583007812 -3.680929660797119
-4.899295330047607 23.372886657714844 -3.7142722606658936
-4.6991071701049805 23.221446990966797 -3.707505464553833
-4.5277791023254395 23.204805374145508 -3.7219810485839844
-4.345034122467041 23.122817993164062 -3.723339796066284
-4.144259929656982 22.933164596557617 -3.707353353500366
-3.9950337409973145 23.038747787475586 -3.7394440174102783
-3.8303844928741455 23.040170669555664 -3.754579782485962
-3.6638710498809814 23.02928924560547 -3.7661702632904053
-3.477461814880371 22.883989334106445 -3.7544784545898438
-3.3177592754364014 22.90511131286621 -3.770170211791992
-3.16668963432312 22.990053176879883 -3.796600103378296
-2.9985392093658447 22.9710693359375 -3.8062703609466553
-2.8135898113250732 22.790451049804688 -3.785757541656494
-2.672212600708008 22.956729888916016 -3.822969675064087
-2.501660108566284 22.876955032348633 -3.819425106048584
-2.342154026031494 22.891765594482422 -3.8318169116973877
-2.163771390914917 22.737131118774414 -3.8148226737976074
-2.0067801475524902 22.765464782714844 -3.826524019241333
-1.8328559398651123 22.585346221923828 -3.803309917449951
-1.6941134929656982 22.845733642578125 -3.8544881343841553
-1.534023642539978 22.840057373046875 -3.8610379695892334
-1.37616765499115 22.91457748413086 -3.8787693977355957
-1.2020878791809082 22.6495418548584 -3.8383584022521973
-1.051628589630127 22.814115524291992 -3.870917797088623
-0.8949040174484253 22.86991310119629 -3.8852453231811523
-0.7318015694618225 22.75537872314453 -3.8702096939086914
-0.5724087357521057 22.8288631439209 -3.8844730854034424
-0.4125475585460663 22.77797508239746 -3.8777337074279785
-0.25535455346107483 22.899250030517578 -3.9004969596862793
-0.09620305895805359 22.950115203857422 -3.9114725589752197
0.0633833110332489 22.96553611755371 -3.914645195007324
0.22110281884670258 22.76447296142578 -3.879580020904541
0.38605111837387085 22.985811233520508 -3.9166805744171143
0.5446621775627136 22.93268585205078 -3.9072110652923584
0.7063354849815369 23.001636505126953 -3.918729543685913
0.8670762181282043 23.01611328125 -3.9178550243377686
1.0249568223953247 22.960248947143555 -3.9050071239471436
1.1840728521347046 22.887784957885742 -3.889488458633423
1.3484874963760376 22.968154907226562 -3.90018367767334
1.5172920227050781 23.097490310668945 -3.9182584285736084
1.6720991134643555 23.006988525390625 -3.89701509475708
1.8373448848724365 23.06134796142578 -3.9005026817321777
1.9169480800628662 22.085811614990234 -3.7301108837127686
2.075991153717041 22.130695343017578 -3.7325551509857178
2.2368905544281006 22.18634033203125 -3.734496593475342
2.381828546524048 22.083906173706055 -3.7090752124786377
2.6697092056274414 23.236108779907227 -3.894163131713867
2.8548166751861572 23.386812210083008 -3.910973072052002
3.0082008838653564 23.295690536499023 -3.8872411251068115
3.2011754512786865 23.501859664916992 -3.9104561805725098
3.3629074096679688 23.46608543395996 -3.8934922218322754
3.5264008045196533 23.444461822509766 -3.879084825515747
3.73734188079834 23.72252655029297 -3.9143033027648926
3.905541181564331 23.69815444946289 -3.8976850509643555
4.099408149719238 23.840499877929688 -3.907283067703247
4.251246929168701 23.73455238342285 -3.8763270378112793
4.411179542541504 23.676881790161133 -3.8534913063049316
4.623823165893555 23.89462661743164 -3.875562906265259
4.818580150604248 23.98942756652832 -3.87450909614563
4.995695114135742 24.003870010375977 -3.860722064971924
5.18787145614624 24.08490753173828 -3.857728958129883
5.380389213562012 24.160715103149414 -3.853957414627075
5.581009864807129 24.26532554626465 -3.8535845279693604
5.7722697257995605 24.307785034179688 -3.841439723968506
5.969596862792969 24.383188247680664 -3.8348805904388428
6.2022528648376465 24.59183692932129 -3.849193811416626
6.405108451843262 24.671356201171875 -3.8432068824768066
6.571349143981934 24.607864379882812 -3.812366008758545
6.803630828857422 24.773454666137695 -3.8164656162261963
7.009231090545654 24.844844818115234 -3.8063418865203857
7.252908229827881 25.040746688842773 -3.815154552459717
7.437727451324463 25.027246475219727 -3.790781021118164
0.0 0.0 0.0
7.949421405792236 25.434505462646484 -3.803901433944702
0.0 0.0 0.0
0.0 0.0 0.0
8.627120971679688 25.70514488220215 -3.7694711685180664
8.886639595031738 25.87955665588379 -3.7684173583984375
9.119319915771484 25.96770477294922 -3.754629135131836
0.0 0.0 0.0
0.0 0.0 0.0
9.84250545501709 26.252321243286133 -3.7107553482055664
10.171969413757324 26.56776237487793 -3.7258284091949463
10.466835975646973 26.7789306640625 -3.725731134414673
10.75095272064209 26.94314956665039 -3.717226266860962
10.9970703125 27.012659072875977 -3.694427251815796
11.203250885009766 26.97972869873047 -3.657550811767578
11.471261978149414 27.091638565063477 -3.640254497528076
11.825501441955566 27.39713478088379 -3.648081064224243
0.0 0.0 0.0
0.0 0.0 0.0
0.0 0.0 0.0
0.0 0.0 0.0
0.0 0.0 0.0
13.813462257385254 28.637104034423828 -3.5853190422058105
0.0 0.0 0.0
14.447871208190918 28.917888641357422 -3.5404224395751953
0.0 0.0 0.0
0.0 0.0 0.0
0.0 0.0 0.0
0.0 0.0 0.0
16.4959659576416 30.32350730895996 -3.4831926822662354
16.832012176513672 30.434307098388672 -3.447352170944214
0.0 0.0 0.0
0.0 0.0 0.0
0.0 0.0 0.0
0.0 0.0 0.0
19.045637130737305 31.765974044799805 -3.331183433532715
0.0 0.0 0.0
20.157562255859375 32.58887481689453 -3.2987453937530518
0.0 0.0 0.0
21.469423294067383 33.65079116821289 -3.2791993618011475
0.0 0.0 0.0
0.0 0.0 0.0
0.0 0.0 0.0
0.0 0.0 0.0
0.0 0.0 0.0
0.0 0.0 0.0
0.0 0.0 0.0
0.0 0.0 0.0
0.0 0.0 0.0
0.0 0.0 0.0
0.0 0.0 0.0
0.0 0.0 0.0
0.0 0.0 0.0
0.0 0.0 0.0
0.0 0.0 0.0
0.0 0.0 0.0
0.0 0.0 0.0
0.0 0.0 0.0
0.0 0.0 0.0
0.0 0.0 0.0
0.0 0.0 0.0
0.0 0.0 0.0
0.0 0.0 0.0
0.0 0.0 0.0
0.0 0.0 0.0
0.0 0.0 0.0
0.0 0.0 0.0
0.0 0.0 0.0
0.0 0.0 0.0
0.0 0.0 0.0
0.0 0.0 0.0
0.0 0.0 0.0
0.0 0.0 0.0
0.0 0.0 0.0
0.0 0.0 0.0
0.0 0.0 0.0
0.0 0.0 0.0
0.0 0.0 0.0
0.0 0.0 0.0
0.0 0.0 0.0
0.0 0.0 0.0
0.0 0.0 0.0
0.0 0.0 0.0
0.0 0.0 0.0
0.0 0.0 0.0
0.0 0.0 0.0
0.0 0.0 0.0
0.0 0.0 0.0
0.0 0.0 0.0
0.0 0.0 0.0
0.0 0.0 0.0
0.0 0.0 0.0
0.0 0.0 0.0
0.0 0.0 0.0
0.0 0.0 0.0
0.0 0.0 0.0
0.0 0.0 0.0
0.0 0.0 0.0
0.0 0.0 0.0
0.0 0.0 0.0
0.0 0.0 0.0
0.0 0.0 0.0
0.0 0.0 0.0
0.0 0.0 0.0
0.0 0.0 0.0
0.0 0.0 0.0
0.0 0.0 0.0
0.0 0.0 0.0
0.0 0.0 0.0
0.0 0.0 0.0
0.0 0.0 0.0
0.0 0.0 0.0
0.0 0.0 0.0
0.0 0.0 0.0
0.0 0.0 0.0
0.0 0.0 0.0
0.0 0.0 0.0
0.0 0.0 0.0
0.0 0.0 0.0
0.0 0.0 0.0
0.0 0.0 0.0
0.0 0.0 0.0
0.0 0.0 0.0
0.0 0.0 0.0
0.0 0.0 0.0
0.0 0.0 0.0
0.0 0.0 0.0
0.0 0.0 0.0
0.0 0.0 0.0
0.0 0.0 0.0
0.0 0.0 0.0
0.0 0.0 0.0
0.0 0.0 0.0
0.0 0.0 0.0
0.0 0.0 0.0
0.0 0.0 0.0
0.0 0.0 0.0
0.0 0.0 0.0
0.0 0.0 0.0
0.0 0.0 0.0
0.0 0.0 0.0
0.0 0.0 0.0
0.0 0.0 0.0
0.0 0.0 0.0
0.0 0.0 0.0
0.0 0.0 0.0
0.0 0.0 0.0
0.0 0.0 0.0
0.0 0.0 0.0
0.0 0.0 0.0
0.0 0.0 0.0
0.0 0.0 0.0
0.0 0.0 0.0
0.0 0.0 0.0
0.0 0.0 0.0
0.0 0.0 0.0
0.0 0.0 0.0
0.0 0.0 0.0
0.0 0.0 0.0
0.0 0.0 0.0
0.0 0.0 0.0
0.0 0.0 0.0
0.0 0.0 0.0
0.0 0.0 0.0
0.0 0.0 0.0
0.0 0.0 0.0
0.0 0.0 0.0
0.0 0.0 0.0
0.0 0.0 0.0
0.0 0.0 0.0
0.0 0.0 0.0
0.0 0.0 0.0
0.0 0.0 0.0
0.0 0.0 0.0
0.0 0.0 0.0
0.0 0.0 0.0
0.0 0.0 0.0
0.0 0.0 0.0
0.0 0.0 0.0
0.0 0.0 0.0
0.0 0.0 0.0
0.0 0.0 0.0
0.0 0.0 0.0
0.0 0.0 0.0
0.0 0.0 0.0
0.0 0.0 0.0
0.0 0.0 0.0
0.0 0.0 0.0
0.0 0.0 0.0
0.0 0.0 0.0
0.0 0.0 0.0
0.0 0.0 0.0
0.0 0.0 0.0
0.0 0.0 0.0
0.0 0.0 0.0
0.0 0.0 0.0
0.0 0.0 0.0
0.0 0.0 0.0
0.0 0.0 0.0
0.0 0.0 0.0
0.0 0.0 0.0
0.0 0.0 0.0
0.0 0.0 0.0
0.0 0.0 0.0
0.0 0.0 0.0
0.0 0.0 0.0
0.0 0.0 0.0
0.0 0.0 0.0
0.0 0.0 0.0
0.0 0.0 0.0
0.0 0.0 0.0
0.0 0.0 0.0
0.0 0.0 0.0
0.0 0.0 0.0
0.0 0.0 0.0
0.0 0.0 0.0
0.0 0.0 0.0
0.0 0.0 0.0
0.0 0.0 0.0
0.0 0.0 0.0
0.0 0.0 0.0
0.0 0.0 0.0
0.0 0.0 0.0
0.0 0.0 0.0
0.0 0.0 0.0
0.0 0.0 0.0
0.0 0.0 0.0
0.0 0.0 0.0
0.0 0.0 0.0
0.0 0.0 0.0
0.0 0.0 0.0
0.0 0.0 0.0
0.0 0.0 0.0
0.0 0.0 0.0
0.0 0.0 0.0
0.0 0.0 0.0
0.0 0.0 0.0
0.0 0.0 0.0
0.0 0.0 0.0
0.0 0.0 0.0
0.0 0.0 0.0
0.0 0.0 0.0
0.0 0.0 0.0
-17.109670639038086 28.636281967163086 -2.764282703399658
0.0 0.0 0.0
-16.377283096313477 28.300090789794922 -2.839449882507324
0.0 0.0 0.0
0.0 0.0 0.0
0.0 0.0 0.0
-15.001069068908691 27.685882568359375 -2.974487543106079
-14.542510032653809 27.290597915649414 -2.9766228199005127
0.0 0.0 0.0
0.0 0.0 0.0
0.0 0.0 0.0
0.0 0.0 0.0
0.0 0.0 0.0
0.0 0.0 0.0
0.0 0.0 0.0
0.0 0.0 0.0
0.0 0.0 0.0
0.0 0.0 0.0
0.0 0.0 0.0
0.0 0.0 0.0
0.0 0.0 0.0
0.0 0.0 0.0
0.0 0.0 0.0
0.0 0.0 0.0
0.0 0.0 0.0
0.0 0.0 0.0
0.0 0.0 0.0
0.0 0.0 0.0
0.0 0.0 0.0
0.0 0.0 0.0
-8.377765655517578 24.549850463867188 -3.4468002319335938
0.0 0.0 0.0
0.0 0.0 0.0
0.0 0.0 0.0
0.0 0.0 0.0
-7.316782474517822 24.172718048095703 -3.5205626487731934
-7.086917400360107 24.015056610107422 -3.52018666267395
0.0 0.0 0.0
-6.736891269683838 24.058780670166016 -3.572140693664551
-6.487807750701904 23.806367874145508 -3.5573222637176514
-6.299038410186768 23.776960372924805 -3.5738773345947266
-6.158725261688232 23.917545318603516 -3.6151814460754395
-5.910608291625977 23.6336727142334 -3.592339038848877
-5.724362373352051 23.584108352661133 -3.6049182415008545
-5.570555210113525 23.668691635131836 -3.6373543739318848
-5.395356178283691 23.673946380615234 -3.656095266342163
-5.168264865875244 23.42841911315918 -3.6357548236846924
-5.030261039733887 23.58127784729004 -3.677297353744507
-4.844393730163574 23.510168075561523 -3.684107542037964
-4.649872779846191 23.388765335083008 -3.6808218955993652
-4.443553924560547 23.209543228149414 -3.668012857437134
-4.300817012786865 23.343204498291016 -3.70450496673584
-4.130372047424316 23.327726364135742 -3.717534303665161
-3.940136194229126 23.193220138549805 -3.710951805114746
-3.7742257118225098 23.194698333740234 -3.7237908840179443
-3.60943865776062 23.218219757080078 -3.7405452728271484
-3.443718194961548 23.217317581176758 -3.7533316612243652
-3.2535626888275146 23.039541244506836 -3.73756742477417
-3.094740629196167 23.074655532836914 -3.7543342113494873
-2.9318597316741943 23.07822036743164 -3.7650392055511475
-2.7651309967041016 23.046154022216797 -3.7700743675231934
0.0 0.0 0.0
-2.438575029373169 23.05541229248047 -3.7926435470581055
-2.2836458683013916 23.127748489379883 -3.8120222091674805
-2.107759714126587 22.980243682861328 -3.795315742492676
-1.9529073238372803 23.054182052612305 -3.815333604812622
-1.7883692979812622 23.05040168762207 -3.8228299617767334
-1.6325130462646484 23.126243591308594 -3.842100143432617
-1.4593087434768677 22.94365882873535 -3.8167271614074707
-1.3054986000061035 23.05603790283203 -3.840590000152588
-1.1398773193359375 22.95956039428711 -3.8298466205596924
-0.9781142473220825 22.989044189453125 -3.840385675430298
-0.8173604011535645 22.971538543701172 -3.840418815612793
-0.659654974937439 23.05699348449707 -3.857269048690796
-0.4976503252983093 22.98728370666504 -3.8483455181121826
-0.33857154846191406 23.04741668701172 -3.8613436222076416
-0.17515645921230316 23.03722381591797 -3.8621275424957275
-0.014976139180362225 22.953142166137695 -3.847851037979126
0.14583942294120789 23.126060485839844 -3.876844882965088
0.30527928471565247 23.012784957885742 -3.8580479621887207
0.4665469825267792 23.075597763061523 -3.868957996368408
0.6305296421051025 23.199193954467773 -3.8883867263793945
0.795228123664856 23.210128784179688 -3.8875298500061035
0.9571399688720703 23.216148376464844 -3.8860833644866943
1.1162065267562866 23.159465789794922 -3.8743321895599365
1.2798616886138916 23.20172882080078 -3.879323959350586
1.444634199142456 23.2471866607666 -3.8818087577819824
1.614772915840149 23.318256378173828 -3.8883543014526367
1.7813999652862549 23.36522674560547 -3.8911311626434326
1.8538140058517456 22.27041244506836 -3.704163074493408
2.0114388465881348 22.288909912109375 -3.7018957138061523
2.1673035621643066 22.283601760864258 -3.693751096725464
2.316856861114502 22.188756942749023 -3.6708381175994873
2.617741823196411 23.487661361694336 -3.8784306049346924
2.784853458404541 23.50113296508789 -3.873534917831421
2.948343515396118 23.483198165893555 -3.8613016605377197
3.134080648422241 23.632457733154297 -3.8755881786346436
3.320634126663208 23.749372482299805 -3.8844528198242188
3.4848203659057617 23.72024154663086 -3.869739294052124
3.666908025741577 23.808181762695312 -3.8740174770355225
3.8133230209350586 23.662857055664062 -3.8376548290252686
4.027223587036133 23.927419662475586 -3.8678536415100098
4.203468322753906 23.954627990722656 -3.8597052097320557
4.406950950622559 24.109071731567383 -3.871896743774414
4.5707855224609375 24.05793571472168 -3.8498480319976807
4.758731842041016 24.130857467651367 -3.8462817668914795
4.944821834564209 24.18720817565918 -3.840141773223877
5.145517349243164 24.30634307861328 -3.8440093994140625
5.329745769500732 24.325191497802734 -3.8318071365356445
5.554762363433838 24.53579330444336 -3.84735107421875
5.724423408508301 24.492473602294922 -3.822932004928589
5.912754535675049 24.526811599731445 -3.810774564743042
6.109291076660156 24.589698791503906 -3.8031182289123535
6.333656311035156 24.744163513183594 -3.808079719543457
6.570539951324463 24.94620132446289 -3.8188538551330566
6.776198863983154 25.019346237182617 -3.8097915649414062
6.994592666625977 25.13180160522461 -3.8066821098327637
7.163886547088623 25.06402587890625 -3.776350975036621
7.408730506896973 25.243146896362305 -3.780341148376465
7.638896942138672 25.372827529907227 -3.7769696712493896
7.880554676055908 25.53005599975586 -3.7775137424468994
8.122448921203613 25.67779541015625 -3.7764761447906494
8.307828903198242 25.64341163635254 -3.7474164962768555
8.563037872314453 25.817054748535156 -3.7473556995391846
8.830498695373535 26.005733489990234 -3.748748779296875
0.0 0.0 0.0
0.0 0.0 0.0
9.540750503540039 26.284090042114258 -3.7090885639190674
9.778936386108398 26.36688804626465 -3.6926095485687256
10.219820022583008 26.968053817749023 -3.74751615524292
10.379597663879395 26.825002670288086 -3.699075937271118
10.662863731384277 26.99849510192871 -3.692250967025757
0.0 0.0 0.0
11.231822967529297 27.31938362121582 -3.672870397567749
0.0 0.0 0.0
11.854334831237793 27.721389770507812 -3.6609530448913574
0.0 0.0 0.0
12.395008087158203 27.90362548828125 -3.6157593727111816
0.0 0.0 0.0
12.983120918273926 28.156112670898438 -3.5769286155700684
0.0 0.0 0.0
13.685696601867676 28.62738800048828 -3.5607948303222656
14.088728904724121 28.952045440673828 -3.5626509189605713
0.0 0.0 0.0
0.0 0.0 0.0
0.0 0.0 0.0
15.514708518981934 29.74203872680664 -3.490847587585449
0.0 0.0 0.0
0.0 0.0 0.0
0.0 0.0 0.0
0.0 0.0 0.0
0.0 0.0 0.0
0.0 0.0 0.0
0.0 0.0 0.0
0.0 0.0 0.0
0.0 0.0 0.0
0.0 0.0 0.0
0.0 0.0 0.0
0.0 0.0 0.0
0.0 0.0 0.0
0.0 0.0 0.0
0.0 0.0 0.0
0.0 0.0 0.0
0.0 0.0 0.0
0.0 0.0 0.0
0.0 0.0 0.0
0.0 0.0 0.0
0.0 0.0 0.0
0.0 0.0 0.0
0.0 0.0 0.0
0.0 0.0 0.0
0.0 0.0 0.0
0.0 0.0 0.0
0.0 0.0 0.0
0.0 0.0 0.0
0.0 0.0 0.0
0.0 0.0 0.0
0.0 0.0 0.0
0.0 0.0 0.0
0.0 0.0 0.0
0.0 0.0 0.0
0.0 0.0 0.0
0.0 0.0 0.0
0.0 0.0 0.0
0.0 0.0 0.0
0.0 0.0 0.0
0.0 0.0 0.0
0.0 0.0 0.0
0.0 0.0 0.0
0.0 0.0 0.0
0.0 0.0 0.0
0.0 0.0 0.0
0.0 0.0 0.0
0.0 0.0 0.0
0.0 0.0 0.0
0.0 0.0 0.0
0.0 0.0 0.0
0.0 0.0 0.0
0.0 0.0 0.0
0.0 0.0 0.0
0.0 0.0 0.0
0.0 0.0 0.0
0.0 0.0 0.0
0.0 0.0 0.0
0.0 0.0 0.0
0.0 0.0 0.0
0.0 0.0 0.0
0.0 0.0 0.0
0.0 0.0 0.0
0.0 0.0 0.0
0.0 0.0 0.0
0.0 0.0 0.0
0.0 0.0 0.0
0.0 0.0 0.0
0.0 0.0 0.0
0.0 0.0 0.0
0.0 0.0 0.0
0.0 0.0 0.0
0.0 0.0 0.0
0.0 0.0 0.0
0.0 0.0 0.0
0.0 0.0 0.0
0.0 0.0 0.0
0.0 0.0 0.0
0.0 0.0 0.0
0.0 0.0 0.0
0.0 0.0 0.0
0.0 0.0 0.0
0.0 0.0 0.0
0.0 0.0 0.0
0.0 0.0 0.0
0.0 0.0 0.0
0.0 0.0 0.0
0.0 0.0 0.0
0.0 0.0 0.0
0.0 0.0 0.0
0.0 0.0 0.0
0.0 0.0 0.0
0.0 0.0 0.0
0.0 0.0 0.0
0.0 0.0 0.0
0.0 0.0 0.0
0.0 0.0 0.0
0.0 0.0 0.0
0.0 0.0 0.0
0.0 0.0 0.0
0.0 0.0 0.0
0.0 0.0 0.0
0.0 0.0 0.0
0.0 0.0 0.0
0.0 0.0 0.0
0.0 0.0 0.0
0.0 0.0 0.0
0.0 0.0 0.0
0.0 0.0 0.0
0.0 0.0 0.0
0.0 0.0 0.0
0.0 0.0 0.0
0.0 0.0 0.0
0.0 0.0 0.0
0.0 0.0 0.0
0.0 0.0 0.0
0.0 0.0 0.0
0.0 0.0 0.0
0.0 0.0 0.0
0.0 0.0 0.0
0.0 0.0 0.0
0.0 0.0 0.0
0.0 0.0 0.0
0.0 0.0 0.0
0.0 0.0 0.0
0.0 0.0 0.0
0.0 0.0 0.0
0.0 0.0 0.0
0.0 0.0 0.0
0.0 0.0 0.0
0.0 0.0 0.0
0.0 0.0 0.0
0.0 0.0 0.0
0.0 0.0 0.0
0.0 0.0 0.0
0.0 0.0 0.0
0.0 0.0 0.0
0.0 0.0 0.0
0.0 0.0 0.0
0.0 0.0 0.0
0.0 0.0 0.0
0.0 0.0 0.0
0.0 0.0 0.0
0.0 0.0 0.0
0.0 0.0 0.0
0.0 0.0 0.0
0.0 0.0 0.0
0.0 0.0 0.0
0.0 0.0 0.0
0.0 0.0 0.0
0.0 0.0 0.0
0.0 0.0 0.0
0.0 0.0 0.0
0.0 0.0 0.0
0.0 0.0 0.0
0.0 0.0 0.0
0.0 0.0 0.0
0.0 0.0 0.0
0.0 0.0 0.0
0.0 0.0 0.0
0.0 0.0 0.0
0.0 0.0 0.0
0.0 0.0 0.0
0.0 0.0 0.0
0.0 0.0 0.0
0.0 0.0 0.0
0.0 0.0 0.0
0.0 0.0 0.0
0.0 0.0 0.0
0.0 0.0 0.0
0.0 0.0 0.0
0.0 0.0 0.0
0.0 0.0 0.0
0.0 0.0 0.0
0.0 0.0 0.0
0.0 0.0 0.0
0.0 0.0 0.0
0.0 0.0 0.0
0.0 0.0 0.0
0.0 0.0 0.0
0.0 0.0 0.0
0.0 0.0 0.0
0.0 0.0 0.0
0.0 0.0 0.0
0.0 0.0 0.0
0.0 0.0 0.0
0.0 0.0 0.0
0.0 0.0 0.0
0.0 0.0 0.0
0.0 0.0 0.0
0.0 0.0 0.0
0.0 0.0 0.0
0.0 0.0 0.0
0.0 0.0 0.0
0.0 0.0 0.0
0.0 0.0 0.0
0.0 0.0 0.0
0.0 0.0 0.0
0.0 0.0 0.0
0.0 0.0 0.0
0.0 0.0 0.0
0.0 0.0 0.0
0.0 0.0 0.0
0.0 0.0 0.0
0.0 0.0 0.0
0.0 0.0 0.0
0.0 0.0 0.0
0.0 0.0 0.0
0.0 0.0 0.0
0.0 0.0 0.0
0.0 0.0 0.0
0.0 0.0 0.0
0.0 0.0 0.0
0.0 0.0 0.0
0.0 0.0 0.0
0.0 0.0 0.0
0.0 0.0 0.0
0.0 0.0 0.0
0.0 0.0 0.0
0.0 0.0 0.0
0.0 0.0 0.0
-15.285605430603027 27.98000144958496 -2.952991008758545
0.0 0.0 0.0
0.0 0.0 0.0
0.0 0.0 0.0
0.0 0.0 0.0
0.0 0.0 0.0
0.0 0.0 0.0
0.0 0.0 0.0
0.0 0.0 0.0
0.0 0.0 0.0
0.0 0.0 0.0
0.0 0.0 0.0
0.0 0.0 0.0
0.0 0.0 0.0
0.0 0.0 0.0
0.0 0.0 0.0
0.0 0.0 0.0
0.0 0.0 0.0
0.0 0.0 0.0
0.0 0.0 0.0
0.0 0.0 0.0
0.0 0.0 0.0
0.0 0.0 0.0
0.0 0.0 0.0
0.0 0.0 0.0
0.0 0.0 0.0
-8.148476600646973 24.72805404663086 -3.465365409851074
0.0 0.0 0.0
0.0 0.0 0.0
0.0 0.0 0.0
-7.2757568359375 24.339366912841797 -3.507206678390503
0.0 0.0 0.0
0.0 0.0 0.0
0.0 0.0 0.0
-6.5304718017578125 24.300939559936523 -3.5903267860412598
-6.266479015350342 23.982933044433594 -3.5637707710266113
0.0 0.0 0.0
-5.892253398895264 23.918415069580078 -3.5956201553344727
-5.702145576477051 23.861583709716797 -3.604909658432007
-5.536806106567383 23.9049015045166 -3.6293365955352783
-5.316829681396484 23.7058048248291 -3.6169865131378174
-5.130405426025391 23.644508361816406 -3.6255710124969482
-4.979367256164551 23.76020622253418 -3.6605029106140137
-4.785268306732178 23.651166915893555 -3.659038543701172
-4.609008312225342 23.624019622802734 -3.6703107357025146
-4.426415920257568 23.55758285522461 -3.6755404472351074
-4.2578277587890625 23.561979293823242 -3.6919405460357666
-4.076402187347412 23.508983612060547 -3.6971616744995117
-3.8870017528533936 23.381860733032227 -3.6901743412017822
-3.7163631916046143 23.360017776489258 -3.6998863220214844
-3.578871965408325 23.55055046081543 -3.743471145629883
-3.372323513031006 23.282182693481445 -3.7132978439331055
-3.227686643600464 23.43290901184082 -3.7477893829345703
-3.05179500579834 23.38030242919922 -3.750152826309204
-2.85978102684021 23.1652889251709 -3.7263267040252686
-2.704991340637207 23.239933013916016 -3.74918270111084
-2.5533220767974854 23.35222625732422 -3.7761523723602295
-2.370213747024536 23.168243408203125 -3.7543601989746094
-2.2052717208862305 23.17505645751953 -3.7637405395507812
-2.054521083831787 23.307209014892578 -3.7935495376586914
-1.8740723133087158 23.096385955810547 -3.7674646377563477
-1.7143791913986206 23.123079299926758 -3.7771644592285156
-1.5577629804611206 23.198671340942383 -3.7950539588928223
-1.3922685384750366 23.188678741455078 -3.799239158630371
-1.2304202318191528 23.188926696777344 -3.8051810264587402
-1.066056251525879 23.134380340576172 -3.800821542739868
-0.9057734608650208 23.156003952026367 -3.807225227355957
-0.7476543188095093 23.257423400878906 -3.826951503753662
-0.5829092264175415 23.25377082824707 -3.8296396732330322
-0.41919463872909546 23.144866943359375 -3.8151066303253174
-0.25977519154548645 23.305021286010742 -3.842475414276123
-0.09731564670801163 23.225217819213867 -3.829779863357544
0.06401415914297104 23.209810256958008 -3.827885150909424
0.22572503983974457 23.235673904418945 -3.8329834938049316
0.3915943503379822 23.318246841430664 -3.847141742706299
0.5519347786903381 23.23833656311035 -3.831765651702881
0.7183998823165894 23.39232635498047 -3.8551363945007324
0.8805035352706909 23.37179946899414 -3.8499202728271484
1.043044090270996 23.365550994873047 -3.8472437858581543
1.2136791944503784 23.46223258972168 -3.860011100769043
1.3825323581695557 23.550395965576172 -3.8699142932891846
1.541995882987976 23.47193145751953 -3.8526127338409424
1.7038770914077759 23.442380905151367 -3.84354829788208
1.879813313484192 23.59233283996582 -3.8640761375427246
1.9480599164962769 22.442951202392578 -3.6693172454833984
2.1035654544830322 22.42259979248047 -3.6592869758605957
2.262568950653076 22.43954849243164 -3.655521869659424
2.5544230937957764 23.682209014892578 -3.8512353897094727
2.7346062660217285 23.79956817626953 -3.8630259037017822
2.8818178176879883 23.605552673339844 -3.8217058181762695
3.0742766857147217 23.804977416992188 -3.844435691833496
3.2490172386169434 23.8499755859375 -3.8422884941101074
3.423793315887451 23.889904022216797 -3.839472532272339
3.5975515842437744 23.91739273071289 -3.8330016136169434
3.7725837230682373 23.94759750366211 -3.8259010314941406
3.9757654666900635 24.124555587768555 -3.842088460922241
4.173942565917969 24.273723602294922 -3.854072332382202
4.319943428039551 24.117387771606445 -3.8176956176757812
4.51889705657959 24.256668090820312 -3.82519793510437
4.717257022857666 24.379169464111328 -3.830034017562866
4.881904602050781 24.306468963623047 -3.8040618896484375
5.090636730194092 24.463836669921875 -3.8144617080688477
5.2840352058410645 24.53661346435547 -3.8103866577148438
5.467113971710205 24.555326461791992 -3.7962803840637207
5.6950578689575195 24.764633178710938 -3.8116016387939453
5.8952555656433105 24.82849884033203 -3.8041980266571045
6.101942539215088 24.925220489501953 -3.8021445274353027
6.24951171875 24.7808837890625 -3.7610230445861816
6.51700496673584 25.103282928466797 -3.790402889251709
6.7005391120910645 25.090816497802734 -3.7690999507904053
6.9262919425964355 25.21786880493164 -3.7684361934661865
7.124413013458252 25.251020431518555 -3.75309157371521
7.340849876403809 25.342214584350586 -3.74477481842041
7.594165802001953 25.55027198791504 -3.7535719871520996
0.0 0.0 0.0
8.013185501098633 25.63738441467285 -3.7222588062286377
8.211174964904785 25.64426040649414 -3.6991825103759766
8.53894329071045 26.043075561523438 -3.732161283493042
8.72961139678955 26.012998580932617 -3.7034363746643066
8.993388175964355 26.193830490112305 -3.7046451568603516
9.202177047729492 26.20810890197754 -3.6809089183807373
0.0 0.0 0.0
9.75092601776123 26.572534561157227 -3.6770741939544678
10.119317054748535 26.994577407836914 -3.7078516483306885
10.356708526611328 27.054746627807617 -3.6880416870117188
10.600074768066406 27.123851776123047 -3.6673173904418945
10.950355529785156 27.445207595825195 -3.6797399520874023
11.166264533996582 27.430416107177734 -3.647322654724121
11.458316802978516 27.596559524536133 -3.638812780380249
0.0 0.0 0.0
0.0 0.0 0.0
0.0 0.0 0.0
0.0 0.0 0.0
12.860164642333984 28.15641212463379 -3.5418167114257812
0.0 0.0 0.0
0.0 0.0 0.0
13.941618919372559 28.9014949798584 -3.5233442783355713
14.334035873413086 29.196012496948242 -3.5198493003845215
0.0 0.0 0.0
15.044591903686523 29.59592628479004 -3.4861910343170166
0.0 0.0 0.0
0.0 0.0 0.0
0.0 0.0 0.0
16.649856567382812 30.603763580322266 -3.426206588745117
0.0 0.0 0.0
0.0 0.0 0.0
17.921308517456055 31.366065979003906 -3.365344285964966
0.0 0.0 0.0
0.0 0.0 0.0
0.0 0.0 0.0
0.0 0.0 0.0
0.0 0.0 0.0
0.0 0.0 0.0
0.0 0.0 0.0
0.0 0.0 0.0
0.0 0.0 0.0
0.0 0.0 0.0
0.0 0.0 0.0
0.0 0.0 0.0
0.0 0.0 0.0
0.0 0.0 0.0
0.0 0.0 0.0
0.0 0.0 0.0
0.0 0.0 0.0
0.0 0.0 0.0
0.0 0.0 0.0
0.0 0.0 0.0
0.0 0.0 0.0
0.0 0.0 0.0
0.0 0.0 0.0
0.0 0.0 0.0
0.0 0.0 0.0
0.0 0.0 0.0
0.0 0.0 0.0
0.0 0.0 0.0
0.0 0.0 0.0
0.0 0.0 0.0
0.0 0.0 0.0
0.0 0.0 0.0
0.0 0.0 0.0
0.0 0.0 0.0
0.0 0.0 0.0
0.0 0.0 0.0
0.0 0.0 0.0
0.0 0.0 0.0
0.0 0.0 0.0
0.0 0.0 0.0
0.0 0.0 0.0
0.0 0.0 0.0
0.0 0.0 0.0
0.0 0.0 0.0
0.0 0.0 0.0
0.0 0.0 0.0
0.0 0.0 0.0
0.0 0.0 0.0
0.0 0.0 0.0
0.0 0.0 0.0
0.0 0.0 0.0
0.0 0.0 0.0
0.0 0.0 0.0
0.0 0.0 0.0
0.0 0.0 0.0
0.0 0.0 0.0
0.0 0.0 0.0
0.0 0.0 0.0
0.0 0.0 0.0
0.0 0.0 0.0
0.0 0.0 0.0
0.0 0.0 0.0
0.0 0.0 0.0
0.0 0.0 0.0
0.0 0.0 0.0
0.0 0.0 0.0
0.0 0.0 0.0
0.0 0.0 0.0
0.0 0.0 0.0
0.0 0.0 0.0
0.0 0.0 0.0
0.0 0.0 0.0
0.0 0.0 0.0
0.0 0.0 0.0
0.0 0.0 0.0
0.0 0.0 0.0
0.0 0.0 0.0
0.0 0.0 0.0
0.0 0.0 0.0
0.0 0.0 0.0
0.0 0.0 0.0
0.0 0.0 0.0
0.0 0.0 0.0
0.0 0.0 0.0
0.0 0.0 0.0
0.0 0.0 0.0
0.0 0.0 0.0
0.0 0.0 0.0
0.0 0.0 0.0
0.0 0.0 0.0
0.0 0.0 0.0
0.0 0.0 0.0
0.0 0.0 0.0
0.0 0.0 0.0
0.0 0.0 0.0
0.0 0.0 0.0
0.0 0.0 0.0
0.0 0.0 0.0
0.0 0.0 0.0
0.0 0.0 0.0
0.0 0.0 0.0
0.0 0.0 0.0
0.0 0.0 0.0
0.0 0.0 0.0
0.0 0.0 0.0
0.0 0.0 0.0
0.0 0.0 0.0
0.0 0.0 0.0
0.0 0.0 0.0
0.0 0.0 0.0
0.0 0.0 0.0
0.0 0.0 0.0
0.0 0.0 0.0
0.0 0.0 0.0
0.0 0.0 0.0
0.0 0.0 0.0
0.0 0.0 0.0
0.0 0.0 0.0
0.0 0.0 0.0
0.0 0.0 0.0
0.0 0.0 0.0
0.0 0.0 0.0
0.0 0.0 0.0
0.0 0.0 0.0
0.0 0.0 0.0
0.0 0.0 0.0
0.0 0.0 0.0
0.0 0.0 0.0
0.0 0.0 0.0
0.0 0.0 0.0
0.0 0.0 0.0
0.0 0.0 0.0
0.0 0.0 0.0
0.0 0.0 0.0
0.0 0.0 0.0
0.0 0.0 0.0
0.0 0.0 0.0
0.0 0.0 0.0
0.0 0.0 0.0
0.0 0.0 0.0
0.0 0.0 0.0
0.0 0.0 0.0
0.0 0.0 0.0
0.0 0.0 0.0
0.0 0.0 0.0
0.0 0.0 0.0
0.0 0.0 0.0
0.0 0.0 0.0
0.0 0.0 0.0
0.0 0.0 0.0
0.0 0.0 0.0
0.0 0.0 0.0
0.0 0.0 0.0
0.0 0.0 0.0
0.0 0.0 0.0
0.0 0.0 0.0
0.0 0.0 0.0
0.0 0.0 0.0
0.0 0.0 0.0
0.0 0.0 0.0
0.0 0.0 0.0
0.0 0.0 0.0
0.0 0.0 0.0
0.0 0.0 0.0
0.0 0.0 0.0
0.0 0.0 0.0
0.0 0.0 0.0
0.0 0.0 0.0
0.0 0.0 0.0
0.0 0.0 0.0
0.0 0.0 0.0
0.0 0.0 0.0
0.0 0.0 0.0
0.0 0.0 0.0
0.0 0.0 0.0
0.0 0.0 0.0
0.0 0.0 0.0
0.0 0.0 0.0
0.0 0.0 0.0
0.0 0.0 0.0
0.0 0.0 0.0
0.0 0.0 0.0
0.0 0.0 0.0
0.0 0.0 0.0
0.0 0.0 0.0
0.0 0.0 0.0
0.0 0.0 0.0
0.0 0.0 0.0
0.0 0.0 0.0
0.0 0.0 0.0
0.0 0.0 0.0
0.0 0.0 0.0
0.0 0.0 0.0
0.0 0.0 0.0
0.0 0.0 0.0
0.0 0.0 0.0
0.0 0.0 0.0
0.0 0.0 0.0
0.0 0.0 0.0
0.0 0.0 0.0
0.0 0.0 0.0
0.0 0.0 0.0
0.0 0.0 0.0
0.0 0.0 0.0
0.0 0.0 0.0
0.0 0.0 0.0
0.0 0.0 0.0
0.0 0.0 0.0
0.0 0.0 0.0
0.0 0.0 0.0
0.0 0.0 0.0
0.0 0.0 0.0
0.0 0.0 0.0
0.0 0.0 0.0
0.0 0.0 0.0
0.0 0.0 0.0
0.0 0.0 0.0
0.0 0.0 0.0
-14.468648910522461 27.622337341308594 -2.9784557819366455
-14.300808906555176 27.7695369720459 -3.0365359783172607
0.0 0.0 0.0
0.0 0.0 0.0
-13.144735336303711 26.88883399963379 -3.061072587966919
0.0 0.0 0.0
0.0 0.0 0.0
0.0 0.0 0.0
0.0 0.0 0.0
0.0 0.0 0.0
0.0 0.0 0.0
0.0 0.0 0.0
0.0 0.0 0.0
0.0 0.0 0.0
0.0 0.0 0.0
0.0 0.0 0.0
-9.949559211730957 25.59478759765625 -3.316236734390259
0.0 0.0 0.0
0.0 0.0 0.0
0.0 0.0 0.0
0.0 0.0 0.0
0.0 0.0 0.0
0.0 0.0 0.0
0.0 0.0 0.0
0.0 0.0 0.0
0.0 0.0 0.0
-7.6727190017700195 24.71884536743164 -3.46577525138855
-7.390083312988281 24.416505813598633 -3.44690203666687
0.0 0.0 0.0
0.0 0.0 0.0
-6.835325241088867 24.408586502075195 -3.5127415657043457
0.0 0.0 0.0
-6.440195560455322 24.30785369873047 -3.5403988361358643
-6.233279705047607 24.206066131591797 -3.5465168952941895
-5.99875020980835 23.986631393432617 -3.5334300994873047
-5.830926418304443 24.024473190307617 -3.5571980476379395
-5.676145076751709 24.117563247680664 -3.589362859725952
-5.4683146476745605 23.99544334411621 -3.589931011199951
-5.284506797790527 23.95790672302246 -3.6024656295776367
-5.0462493896484375 23.65848159790039 -3.5730769634246826
-4.922369003295898 23.890581130981445 -3.624051094055176
-4.734471321105957 23.815095901489258 -3.6286051273345947
-4.527586460113525 23.647607803344727 -3.619389533996582
-4.344620227813721 23.580825805664062 -3.6237263679504395
-4.190046310424805 23.664901733398438 -3.6501638889312744
-4.013620853424072 23.626144409179688 -3.657844305038452
0.0 0.0 0.0
0.0 0.0 0.0
-3.4985086917877197 23.586942672729492 -3.6906163692474365
-3.322582721710205 23.52825927734375 -3.6923816204071045
0.0 0.0 0.0
-2.9808099269866943 23.464460372924805 -3.704698085784912
-2.822618007659912 23.5285701751709 -3.7251603603363037
-2.6434481143951416 23.434953689575195 -3.7189693450927734
-2.486436367034912 23.5085506439209 -3.739327907562256
-2.3084347248077393 23.377595901489258 -3.727297306060791
-2.140643835067749 23.337541580200195 -3.729875087738037
-1.9788225889205933 23.358131408691406 -3.740053653717041
-1.8248984813690186 23.520227432250977 -3.7723522186279297
-1.6485735177993774 23.35407257080078 -3.7520711421966553
-1.488904356956482 23.413732528686523 -3.7682251930236816
-1.3275641202926636 23.45307159423828 -3.7810492515563965
-1.161105751991272 23.39548683166504 -3.7752816677093506
-0.9910290241241455 23.298309326171875 -3.7633466720581055
-0.8351383209228516 23.473430633544922 -3.795522689819336
-0.6681762933731079 23.350696563720703 -3.779731273651123
-0.5080812573432922 23.46602439880371 -3.8012683391571045
-0.3433506190776825 23.364635467529297 -3.785971164703369
-0.177702397108078 23.350801467895508 -3.785064458847046
-0.015367495827376842 23.43218994140625 -3.799757719039917
0.1475808322429657 23.43147850036621 -3.801325798034668
0.31177079677581787 23.51099967956543 -3.8135323524475098
0.4745422303676605 23.473846435546875 -3.806190252304077
0.6379456520080566 23.470251083374023 -3.804474353790283
0.8057103157043457 23.51552963256836 -3.810849905014038
0.9709745645523071 23.548213958740234 -3.8150405883789062
1.1386566162109375 23.622575759887695 -3.8231778144836426
1.305508017539978 23.661094665527344 -3.8256778717041016
1.4701263904571533 23.656103134155273 -3.8213250637054443
1.647405743598938 23.78827667236328 -3.839230537414551
1.8159598112106323 23.819583892822266 -3.839646816253662
1.9782170057296753 23.765398025512695 -3.8246798515319824
2.147434949874878 23.794620513916016 -3.8233206272125244
2.321636438369751 23.86870574951172 -3.8293240070343018
2.495286226272583 23.89905548095703 -3.828371524810791
2.660845994949341 23.875160217285156 -3.816314220428467
2.8183956146240234 23.785093307495117 -3.7932257652282715
3.011349678039551 23.98493194580078 -3.81650447845459
3.183378219604492 24.003469467163086 -3.8110268115997314
3.363434314727783 24.05488395690918 -3.8102619647979736
3.555736780166626 24.201183319091797 -3.822134494781494
3.7169394493103027 24.128515243530273 -3.7995429039001465
3.918260097503662 24.310121536254883 -3.8171193599700928
4.103066921234131 24.375904083251953 -3.816560983657837
4.264220714569092 24.299846649169922 -3.792397975921631
4.463030815124512 24.416112899780273 -3.796780586242676
4.647576808929443 24.463048934936523 -3.7906954288482666
4.8322434425354 24.50481414794922 -3.783912181854248
5.050207614898682 24.704132080078125 -3.8014798164367676
5.215981960296631 24.641292572021484 -3.7759103775024414
5.419760704040527 24.7390079498291 -3.7746152877807617
5.633300304412842 24.884695053100586 -3.7808961868286133
5.821869373321533 24.911968231201172 -3.769214391708374
6.021810054779053 24.98309326171875 -3.763205051422119
6.22727632522583 25.067781448364258 -3.7575347423553467
6.4237847328186035 25.097681045532227 -3.7433841228485107
6.674175262451172 25.33990478515625 -3.761139392852783
6.901976585388184 25.482847213745117 -3.764002799987793
7.070437431335449 25.40450668334961 -3.731842041015625
7.282103061676025 25.47746467590332 -3.7216110229492188
7.5515241622924805 25.72978973388672 -3.7370667457580566
7.761390686035156 25.780458450317383 -3.723464250564575
7.941457271575928 25.72975730895996 -3.6943445205688477
8.236066818237305 26.03949737548828 -3.7152624130249023
0.0 0.0 0.0
8.651907920837402 26.08453941345215 -3.6747279167175293
8.93501091003418 26.312599182128906 -3.682889461517334
9.160989761352539 26.3748779296875 -3.6655867099761963
9.540098190307617 26.86231231689453 -3.706827163696289
0.0 0.0 0.0
10.018233299255371 27.011638641357422 -3.6743080615997314
10.287578582763672 27.147510528564453 -3.664247512817383
10.494882583618164 27.123046875 -3.632005214691162
10.853287696838379 27.479185104370117 -3.6504082679748535
11.121525764465332 27.594364166259766 -3.6363275051116943
11.31749153137207 27.528169631958008 -3.5975966453552246
11.663873672485352 27.809783935546875 -3.60183048248291
0.0 0.0 0.0
12.350788116455078 28.336994171142578 -3.6049046516418457
0.0 0.0 0.0
0.0 0.0 0.0
13.197945594787598 28.62489128112793 -3.5368058681488037
0.0 0.0 0.0
13.938007354736328 29.155271530151367 -3.52987003326416
0.0 0.0 0.0
0.0 0.0 0.0
14.8312406539917 29.43128204345703 -3.4461586475372314
0.0 0.0 0.0
0.0 0.0 0.0
0.0 0.0 0.0
0.0 0.0 0.0
0.0 0.0 0.0
0.0 0.0 0.0
0.0 0.0 0.0
0.0 0.0 0.0
0.0 0.0 0.0
0.0 0.0 0.0
0.0 0.0 0.0
0.0 0.0 0.0
0.0 0.0 0.0
0.0 0.0 0.0
0.0 0.0 0.0
0.0 0.0 0.0
22.756980895996094 34.328514099121094 -3.0704095363616943
0.0 0.0 0.0
0.0 0.0 0.0
0.0 0.0 0.0
0.0 0.0 0.0
0.0 0.0 0.0
0.0 0.0 0.0
0.0 0.0 0.0
0.0 0.0 0.0
0.0 0.0 0.0
0.0 0.0 0.0
0.0 0.0 0.0
0.0 0.0 0.0
0.0 0.0 0.0
0.0 0.0 0.0
0.0 0.0 0.0
0.0 0.0 0.0
0.0 0.0 0.0
0.0 0.0 0.0
0.0 0.0 0.0
0.0 0.0 0.0
0.0 0.0 0.0
0.0 0.0 0.0
0.0 0.0 0.0
0.0 0.0 0.0
0.0 0.0 0.0
0.0 0.0 0.0
0.0 0.0 0.0
0.0 0.0 0.0
0.0 0.0 0.0
0.0 0.0 0.0
0.0 0.0 0.0
0.0 0.0 0.0
0.0 0.0 0.0
0.0 0.0 0.0
0.0 0.0 0.0
0.0 0.0 0.0
0.0 0.0 0.0
0.0 0.0 0.0
0.0 0.0 0.0
0.0 0.0 0.0
0.0 0.0 0.0
0.0 0.0 0.0
0.0 0.0 0.0
0.0 0.0 0.0
0.0 0.0 0.0
0.0 0.0 0.0
0.0 0.0 0.0
0.0 0.0 0.0
0.0 0.0 0.0
0.0 0.0 0.0
0.0 0.0 0.0
0.0 0.0 0.0
0.0 0.0 0.0
0.0 0.0 0.0
0.0 0.0 0.0
0.0 0.0 0.0
0.0 0.0 0.0
0.0 0.0 0.0
0.0 0.0 0.0
0.0 0.0 0.0
0.0 0.0 0.0
0.0 0.0 0.0
0.0 0.0 0.0
0.0 0.0 0.0
0.0 0.0 0.0
0.0 0.0 0.0
0.0 0.0 0.0
0.0 0.0 0.0
0.0 0.0 0.0
0.0 0.0 0.0
0.0 0.0 0.0
0.0 0.0 0.0
0.0 0.0 0.0
0.0 0.0 0.0
0.0 0.0 0.0
0.0 0.0 0.0
0.0 0.0 0.0
0.0 0.0 0.0
0.0 0.0 0.0
0.0 0.0 0.0
0.0 0.0 0.0
0.0 0.0 0.0
0.0 0.0 0.0
0.0 0.0 0.0
0.0 0.0 0.0
0.0 0.0 0.0
0.0 0.0 0.0
0.0 0.0 0.0
0.0 0.0 0.0
0.0 0.0 0.0
0.0 0.0 0.0
0.0 0.0 0.0
0.0 0.0 0.0
0.0 0.0 0.0
0.0 0.0 0.0
0.0 0.0 0.0
0.0 0.0 0.0
0.0 0.0 0.0
0.0 0.0 0.0
0.0 0.0 0.0
0.0 0.0 0.0
0.0 0.0 0.0
0.0 0.0 0.0
0.0 0.0 0.0
0.0 0.0 0.0
0.0 0.0 0.0
0.0 0.0 0.0
0.0 0.0 0.0
0.0 0.0 0.0
0.0 0.0 0.0
0.0 0.0 0.0
0.0 0.0 0.0
0.0 0.0 0.0
0.0 0.0 0.0
0.0 0.0 0.0
0.0 0.0 0.0
0.0 0.0 0.0
0.0 0.0 0.0
0.0 0.0 0.0
0.0 0.0 0.0
0.0 0.0 0.0
0.0 0.0 0.0
0.0 0.0 0.0
0.0 0.0 0.0
0.0 0.0 0.0
0.0 0.0 0.0
0.0 0.0 0.0
0.0 0.0 0.0
0.0 0.0 0.0
0.0 0.0 0.0
0.0 0.0 0.0
0.0 0.0 0.0
0.0 0.0 0.0
0.0 0.0 0.0
0.0 0.0 0.0
0.0 0.0 0.0
0.0 0.0 0.0
0.0 0.0 0.0
0.0 0.0 0.0
0.0 0.0 0.0
0.0 0.0 0.0
0.0 0.0 0.0
0.0 0.0 0.0
0.0 0.0 0.0
0.0 0.0 0.0
0.0 0.0 0.0
0.0 0.0 0.0
0.0 0.0 0.0
0.0 0.0 0.0
0.0 0.0 0.0
0.0 0.0 0.0
0.0 0.0 0.0
0.0 0.0 0.0
0.0 0.0 0.0
0.0 0.0 0.0
0.0 0.0 0.0
0.0 0.0 0.0
0.0 0.0 0.0
0.0 0.0 0.0
0.0 0.0 0.0
0.0 0.0 0.0
0.0 0.0 0.0
0.0 0.0 0.0
0.0 0.0 0.0
0.0 0.0 0.0
0.0 0.0 0.0
0.0 0.0 0.0
0.0 0.0 0.0
0.0 0.0 0.0
0.0 0.0 0.0
0.0 0.0 0.0
0.0 0.0 0.0
0.0 0.0 0.0
0.0 0.0 0.0
0.0 0.0 0.0
0.0 0.0 0.0
0.0 0.0 0.0
0.0 0.0 0.0
0.0 0.0 0.0
0.0 0.0 0.0
0.0 0.0 0.0
0.0 0.0 0.0
0.0 0.0 0.0
0.0 0.0 0.0
0.0 0.0 0.0
0.0 0.0 0.0
0.0 0.0 0.0
0.0 0.0 0.0
0.0 0.0 0.0
0.0 0.0 0.0
0.0 0.0 0.0
0.0 0.0 0.0
0.0 0.0 0.0
0.0 0.0 0.0
0.0 0.0 0.0
0.0 0.0 0.0
0.0 0.0 0.0
0.0 0.0 0.0
0.0 0.0 0.0
0.0 0.0 0.0
0.0 0.0 0.0
0.0 0.0 0.0
0.0 0.0 0.0
0.0 0.0 0.0
0.0 0.0 0.0
0.0 0.0 0.0
0.0 0.0 0.0
0.0 0.0 0.0
0.0 0.0 0.0
0.0 0.0 0.0
0.0 0.0 0.0
0.0 0.0 0.0
0.0 0.0 0.0
0.0 0.0 0.0
0.0 0.0 0.0
0.0 0.0 0.0
0.0 0.0 0.0
0.0 0.0 0.0
0.0 0.0 0.0
0.0 0.0 0.0
0.0 0.0 0.0
0.0 0.0 0.0
0.0 0.0 0.0
0.0 0.0 0.0
0.0 0.0 0.0
0.0 0.0 0.0
0.0 0.0 0.0
0.0 0.0 0.0
0.0 0.0 0.0
-8.767529487609863 25.397451400756836 -3.3965117931365967
0.0 0.0 0.0
0.0 0.0 0.0
0.0 0.0 0.0
0.0 0.0 0.0
-7.653204441070557 24.964696884155273 -3.461170196533203
0.0 0.0 0.0
0.0 0.0 0.0
0.0 0.0 0.0
0.0 0.0 0.0
-6.548353672027588 24.364442825317383 -3.485717296600342
-6.346375942230225 24.286117553710938 -3.4948015213012695
-6.146544456481934 24.210235595703125 -3.5024056434631348
-5.9653730392456055 24.21607780456543 -3.522228479385376
-5.775815010070801 24.170984268188477 -3.5343897342681885
-5.578643321990967 24.086719512939453 -3.5408174991607666
-5.404930591583252 24.099300384521484 -3.5593478679656982
-5.219304084777832 24.05396842956543 -3.5688540935516357
-5.011868476867676 23.9132022857666 -3.564483642578125
-4.840203762054443 23.921737670898438 -3.58212947845459
-4.636031150817871 23.76226043701172 -3.573951482772827
-4.487758636474609 23.886295318603516 -3.606276750564575
-4.336795806884766 24.00174331665039 -3.6375699043273926
-4.168793678283691 24.044374465942383 -3.658325672149658
-3.965941905975342 23.86056900024414 -3.644451141357422
-3.750094175338745 23.576261520385742 -3.6131842136383057
0.0 0.0 0.0
0.0 0.0 0.0
-3.2718307971954346 23.753578186035156 -3.674792528152466
-3.10031795501709 23.75087547302246 -3.686307191848755
-2.920949697494507 23.65897560119629 -3.680778741836548
-2.762204170227051 23.730619430541992 -3.700852870941162
-2.587268829345703 23.65919303894043 -3.698770046234131
-2.4289846420288086 23.740097045898438 -3.7206835746765137
-2.2461538314819336 23.601335525512695 -3.707322597503662
0.0 0.0 0.0
-1.9261088371276855 23.735280990600586 -3.7416796684265137
-1.750104546546936 23.600502014160156 -3.727309465408325
-1.5797561407089233 23.522199630737305 -3.721978187561035
-1.419906735420227 23.643447875976562 -3.746208906173706
-1.2481441497802734 23.51703453063965 -3.7303662300109863
-1.082638144493103 23.48959732055664 -3.730379104614258
-0.9266636371612549 23.68843650817871 -3.7665326595306396
-0.7586691379547119 23.597057342529297 -3.7566046714782715
-0.595234751701355 23.748029708862305 -3.782158136367798
-0.4282255470752716 23.654827117919922 -3.768983840942383
-0.2633797824382782 23.618309020996094 -3.7650132179260254
-0.09977567940950394 23.796667098999023 -3.7954916954040527
0.06539174914360046 23.642324447631836 -3.771890163421631
0.23022884130477905 23.672317504882812 -3.775801658630371
0.40013784170150757 23.81682586669922 -3.7981460094451904
0.5625843405723572 23.674793243408203 -3.7749903202056885
0.7311726808547974 23.80156707763672 -3.7948806285858154
0.8954092860221863 23.761730194091797 -3.786099433898926
1.0608307123184204 23.755596160888672 -3.781855821609497
1.2323100566864014 23.813676834106445 -3.78796124458313
1.3931509256362915 23.724327087402344 -3.7708559036254883
1.5619089603424072 23.77249526977539 -3.7757246494293213
1.738899827003479 23.92383575439453 -3.7940833568573
1.9146993160247803 24.03156280517578 -3.805643320083618
2.0720059871673584 23.87251853942871 -3.7750542163848877
2.255450487136841 24.043088912963867 -3.7968533039093018
2.4150938987731934 23.955232620239258 -3.776815414428711
2.5975441932678223 24.085323333740234 -3.7891159057617188
2.7653770446777344 24.068315505981445 -3.778400182723999
2.9386401176452637 24.072816848754883 -3.7711093425750732
3.1210362911224365 24.16829490661621 -3.7783493995666504
3.299130439758301 24.22065544128418 -3.7768847942352295
3.497485876083374 24.405574798583984 -3.7952778339385986
3.653207540512085 24.287288665771484 -3.7666566371917725
3.8411006927490234 24.381603240966797 -3.771181583404541
4.032140254974365 24.466461181640625 -3.77392315864563
4.20704984664917 24.46702766418457 -3.761111259460449
4.425942420959473 24.70964241027832 -3.7855193614959717
4.60667610168457 24.726362228393555 -3.7753407955169678
4.788390159606934 24.74559211730957 -3.7656943798065186
4.97141170501709 24.75174903869629 -3.7525904178619385
5.145700454711914 24.7270450592041 -3.733586072921753
5.393316268920898 25.04109001159668 -3.7656774520874023
5.5924391746521 25.115291595458984 -3.761622667312622
5.805853843688965 25.244449615478516 -3.7658166885375977
5.95564603805542 25.081932067871094 -3.72379732131958
6.163000106811523 25.17461395263672 -3.719785213470459
6.387065410614014 25.32562828063965 -3.72434663772583
6.626373291015625 25.523378372192383 -3.7356419563293457
6.813467025756836 25.513731002807617 -3.7157554626464844
7.0697832107543945 25.740816116333008 -3.728213310241699
7.292974472045898 25.84722328186035 -3.7233827114105225
7.514761924743652 25.940631866455078 -3.7166318893432617
7.726076602935791 25.99139976501465 -3.703766345977783
7.9073710441589355 25.940975189208984 -3.674546480178833
8.133216857910156 26.021373748779297 -3.6631393432617188
8.428386688232422 26.322044372558594 -3.6828763484954834
0.0 0.0 0.0
8.93244457244873 26.617740631103516 -3.6777849197387695
9.11859130859375 26.55913734436035 -3.644498348236084
9.31737995147705 26.53568458557129 -3.6161515712738037
9.642641067504883 26.852441787719727 -3.6335079669952393
9.891797065734863 26.956214904785156 -3.6221225261688232
10.186846733093262 27.17412757873535 -3.6233859062194824
10.484241485595703 27.385576248168945 -3.6233558654785156
10.65684986114502 27.265522003173828 -3.579378366470337
11.01265811920166 27.596933364868164 -3.593994617462158
11.303787231445312 27.764875411987305 -3.5856783390045166
0.0 0.0 0.0
11.956021308898926 28.235361099243164 -3.583646297454834
12.1604585647583 28.170066833496094 -3.5440080165863037
12.526623725891113 28.464641571044922 -3.547774076461792
0.0 0.0 0.0
0.0 0.0 0.0
13.431900978088379 28.872461318969727 -3.495176076889038
13.700361251831055 28.9235897064209 -3.4659295082092285
14.207369804382324 29.45335578918457 -3.490952968597412
0.0 0.0 0.0
14.775032043457031 29.571361541748047 -3.4287943840026855
15.25861930847168 30.01664161682129 -3.4408652782440186
0.0 0.0 0.0
0.0 0.0 0.0
0.0 0.0 0.0
0.0 0.0 0.0
0.0 0.0 0.0
0.0 0.0 0.0
0.0 0.0 0.0
0.0 0.0 0.0
0.0 0.0 0.0
19.590991973876953 32.676239013671875 -3.2592337131500244
0.0 0.0 0.0
0.0 0.0 0.0
0.0 0.0 0.0
0.0 0.0 0.0
0.0 0.0 0.0
0.0 0.0 0.0
0.0 0.0 0.0
0.0 0.0 0.0
0.0 0.0 0.0
0.0 0.0 0.0
0.0 0.0 0.0
0.0 0.0 0.0
0.0 0.0 0.0
0.0 0.0 0.0
0.0 0.0 0.0
0.0 0.0 0.0
0.0 0.0 0.0
0.0 0.0 0.0
0.0 0.0 0.0
0.0 0.0 0.0
0.0 0.0 0.0
0.0 0.0 0.0
0.0 0.0 0.0
0.0 0.0 0.0
0.0 0.0 0.0
0.0 0.0 0.0
0.0 0.0 0.0
0.0 0.0 0.0
0.0 0.0 0.0
0.0 0.0 0.0
0.0 0.0 0.0
0.0 0.0 0.0
0.0 0.0 0.0
0.0 0.0 0.0
0.0 0.0 0.0
0.0 0.0 0.0
0.0 0.0 0.0
0.0 0.0 0.0
0.0 0.0 0.0
0.0 0.0 0.0
0.0 0.0 0.0
0.0 0.0 0.0
0.0 0.0 0.0
0.0 0.0 0.0
0.0 0.0 0.0
0.0 0.0 0.0
0.0 0.0 0.0
0.0 0.0 0.0
0.0 0.0 0.0
0.0 0.0 0.0
0.0 0.0 0.0
0.0 0.0 0.0
0.0 0.0 0.0
0.0 0.0 0.0
0.0 0.0 0.0
0.0 0.0 0.0
0.0 0.0 0.0
0.0 0.0 0.0
0.0 0.0 0.0
0.0 0.0 0.0
0.0 0.0 0.0
0.0 0.0 0.0
0.0 0.0 0.0
0.0 0.0 0.0
0.0 0.0 0.0
0.0 0.0 0.0
0.0 0.0 0.0
0.0 0.0 0.0
0.0 0.0 0.0
0.0 0.0 0.0
0.0 0.0 0.0
0.0 0.0 0.0
0.0 0.0 0.0
0.0 0.0 0.0
0.0 0.0 0.0
0.0 0.0 0.0
0.0 0.0 0.0
0.0 0.0 0.0
0.0 0.0 0.0
0.0 0.0 0.0
0.0 0.0 0.0
0.0 0.0 0.0
0.0 0.0 0.0
0.0 0.0 0.0
0.0 0.0 0.0
0.0 0.0 0.0
0.0 0.0 0.0
0.0 0.0 0.0
0.0 0.0 0.0
0.0 0.0 0.0
0.0 0.0 0.0
0.0 0.0 0.0
0.0 0.0 0.0
0.0 0.0 0.0
0.0 0.0 0.0
0.0 0.0 0.0
0.0 0.0 0.0
0.0 0.0 0.0
0.0 0.0 0.0
0.0 0.0 0.0
0.0 0.0 0.0
0.0 0.0 0.0
0.0 0.0 0.0
0.0 0.0 0.0
0.0 0.0 0.0
0.0 0.0 0.0
0.0 0.0 0.0
0.0 0.0 0.0
0.0 0.0 0.0
0.0 0.0 0.0
0.0 0.0 0.0
0.0 0.0 0.0
0.0 0.0 0.0
0.0 0.0 0.0
0.0 0.0 0.0
0.0 0.0 0.0
0.0 0.0 0.0
0.0 0.0 0.0
0.0 0.0 0.0
0.0 0.0 0.0
0.0 0.0 0.0
0.0 0.0 0.0
0.0 0.0 0.0
0.0 0.0 0.0
0.0 0.0 0.0
0.0 0.0 0.0
0.0 0.0 0.0
0.0 0.0 0.0
0.0 0.0 0.0
0.0 0.0 0.0
0.0 0.0 0.0
0.0 0.0 0.0
0.0 0.0 0.0
0.0 0.0 0.0
0.0 0.0 0.0
0.0 0.0 0.0
0.0 0.0 0.0
0.0 0.0 0.0
0.0 0.0 0.0
0.0 0.0 0.0
0.0 0.0 0.0
0.0 0.0 0.0
0.0 0.0 0.0
0.0 0.0 0.0
0.0 0.0 0.0
0.0 0.0 0.0
0.0 0.0 0.0
0.0 0.0 0.0
0.0 0.0 0.0
0.0 0.0 0.0
0.0 0.0 0.0
0.0 0.0 0.0
0.0 0.0 0.0
0.0 0.0 0.0
0.0 0.0 0.0
0.0 0.0 0.0
0.0 0.0 0.0
0.0 0.0 0.0
0.0 0.0 0.0
0.0 0.0 0.0
0.0 0.0 0.0
0.0 0.0 0.0
0.0 0.0 0.0
0.0 0.0 0.0
0.0 0.0 0.0
0.0 0.0 0.0
0.0 0.0 0.0
0.0 0.0 0.0
0.0 0.0 0.0
0.0 0.0 0.0
0.0 0.0 0.0
0.0 0.0 0.0
0.0 0.0 0.0
0.0 0.0 0.0
0.0 0.0 0.0
0.0 0.0 0.0
0.0 0.0 0.0
0.0 0.0 0.0
0.0 0.0 0.0
0.0 0.0 0.0
0.0 0.0 0.0
0.0 0.0 0.0
0.0 0.0 0.0
0.0 0.0 0.0
0.0 0.0 0.0
0.0 0.0 0.0
0.0 0.0 0.0
0.0 0.0 0.0
0.0 0.0 0.0
0.0 0.0 0.0
0.0 0.0 0.0
0.0 0.0 0.0
0.0 0.0 0.0
0.0 0.0 0.0
0.0 0.0 0.0
0.0 0.0 0.0
0.0 0.0 0.0
0.0 0.0 0.0
0.0 0.0 0.0
0.0 0.0 0.0
0.0 0.0 0.0
0.0 0.0 0.0
0.0 0.0 0.0
0.0 0.0 0.0
0.0 0.0 0.0
0.0 0.0 0.0
0.0 0.0 0.0
0.0 0.0 0.0
0.0 0.0 0.0
0.0 0.0 0.0
0.0 0.0 0.0
0.0 0.0 0.0
-15.396058082580566 27.944019317626953 -2.8006927967071533
0.0 0.0 0.0
0.0 0.0 0.0
0.0 0.0 0.0
0.0 0.0 0.0
0.0 0.0 0.0
0.0 0.0 0.0
0.0 0.0 0.0
0.0 0.0 0.0
0.0 0.0 0.0
0.0 0.0 0.0
0.0 0.0 0.0
0.0 0.0 0.0
0.0 0.0 0.0
0.0 0.0 0.0
-11.013120651245117 26.14187240600586 -3.1646077632904053
0.0 0.0 0.0
0.0 0.0 0.0
-10.223419189453125 25.758689880371094 -3.2084789276123047
0.0 0.0 0.0
0.0 0.0 0.0
0.0 0.0 0.0
0.0 0.0 0.0
0.0 0.0 0.0
0.0 0.0 0.0
0.0 0.0 0.0
-8.41536808013916 25.235198974609375 -3.3580451011657715
0.0 0.0 0.0
0.0 0.0 0.0
0.0 0.0 0.0
-7.543705463409424 24.926681518554688 -3.4111764430999756
0.0 0.0 0.0
0.0 0.0 0.0
0.0 0.0 0.0
-6.6914496421813965 24.55211639404297 -3.4444684982299805
-6.501465797424316 24.539493560791016 -3.461883068084717
-6.340198516845703 24.62210464477539 -3.4925503730773926
0.0 0.0 0.0
0.0 0.0 0.0
-5.768280506134033 24.50954818725586 -3.5326225757598877
-5.547367572784424 24.343101501464844 -3.525392770767212
-5.3330397605896 24.177953720092773 -3.5179460048675537
-5.188043594360352 24.32497215270996 -3.556053400039673
-4.995413780212402 24.247629165649414 -3.5615172386169434
-4.804681301116943 24.17300033569336 -3.5647921562194824
-4.625706195831299 24.165733337402344 -3.578113555908203
-4.423384189605713 24.012205123901367 -3.5695788860321045
-4.272607803344727 24.134870529174805 -3.6022257804870605
-4.0621490478515625 23.913814544677734 -3.582719564437866
-3.9045376777648926 23.996440887451172 -3.606895685195923
-3.7299861907958984 23.994430541992188 -3.61875057220459
-3.5642428398132324 24.028972625732422 -3.6360793113708496
-3.3701086044311523 23.863460540771484 -3.623223304748535
-3.1973350048065186 23.83843421936035 -3.629573106765747
-3.042280912399292 23.946374893188477 -3.6554203033447266
0.0 0.0 0.0
-2.7104642391204834 24.028993606567383 -3.6875839233398438
-2.505953550338745 23.69598388671875 -3.6461215019226074
-2.3658223152160645 23.96503448486328 -3.694516897201538
-2.186650037765503 23.84490394592285 -3.683119773864746
-2.0050292015075684 23.67345428466797 -3.663876533508301
-1.8454172611236572 23.789514541625977 -3.689417600631714
-1.6799060106277466 23.80052375793457 -3.6974761486053467
-1.5168014764785767 23.853078842163086 -3.7101268768310547
-1.3519558906555176 23.885242462158203 -3.7197983264923096
-1.1884617805480957 23.947093963623047 -3.734282970428467
-1.0136529207229614 23.834409713745117 -3.721813440322876
-0.8481593728065491 23.847990036010742 -3.726886034011841
-0.6836685538291931 23.903005599975586 -3.737672805786133
-0.5143617987632751 23.767818450927734 -3.7188901901245117
-0.35104838013648987 23.90928077697754 -3.743574857711792
-0.18153738975524902 23.852813720703125 -3.73746395111084
-0.015550565905869007 23.868961334228516 -3.7397282123565674
0.1515284925699234 24.022878646850586 -3.763758659362793
0.3172163963317871 23.90936279296875 -3.74606990814209
0.4839074909687042 23.922033309936523 -3.748332977294922
0.6553754806518555 24.103439331054688 -3.776212692260742
0.8223907351493835 23.994592666625977 -3.756491184234619
0.9892600178718567 23.988813400268555 -3.753146171569824
1.1574002504348755 24.0049991607666 -3.7534141540527344
1.3296579122543335 24.093233108520508 -3.765122175216675
1.4905980825424194 23.9802188873291 -3.743633985519409
1.6709328889846802 24.12411117553711 -3.7611472606658936
1.8489362001419067 24.247617721557617 -3.7756946086883545
2.0130457878112793 24.18132209777832 -3.7608535289764404
2.1947128772735596 24.31768226623535 -3.777695417404175
2.363086700439453 24.295610427856445 -3.7670280933380127
2.53440260887146 24.2721004486084 -3.7559845447540283
2.713886022567749 24.35131072998047 -3.76112961769104
2.887068271636963 24.363994598388672 -3.756136894226074
0.0 0.0 0.0
3.250434637069702 24.508758544921875 -3.7611217498779297
3.4365854263305664 24.57504653930664 -3.7615535259246826
3.6245651245117188 24.6671142578125 -3.7662153244018555
3.801054000854492 24.673768997192383 -3.7579643726348877
3.9894168376922607 24.75192642211914 -3.7587883472442627
4.168900966644287 24.76786231994629 -3.7490670680999756
4.354140758514404 24.81294059753418 -3.7438833713531494
4.55037784576416 24.89410972595215 -3.744020462036133
4.736814498901367 24.93255615234375 -3.738050937652588
4.9373955726623535 25.03828239440918 -3.7394940853118896
5.126909255981445 25.077983856201172 -3.731081008911133
5.343637466430664 25.241064071655273 -3.741053342819214
5.531200408935547 25.24311637878418 -3.726966381072998
5.754117012023926 25.414350509643555 -3.7370266914367676
5.918098449707031 25.32037925720215 -3.7064332962036133
6.149930000305176 25.511077880859375 -3.7175776958465576
0.0 0.0 0.0
6.614205360412598 25.840761184692383 -3.7317309379577637
6.782806873321533 25.752620697021484 -3.7002274990081787
6.990069389343262 25.809051513671875 -3.689178466796875
7.198649883270264 25.863786697387695 -3.6778969764709473
7.428338050842285 25.987632751464844 -3.6764450073242188
7.640262603759766 26.030820846557617 -3.662412405014038
7.918191432952881 26.299562454223633 -3.6784965991973877
0.0 0.0 0.0
8.397830963134766 26.548622131347656 -3.6697301864624023
8.601334571838379 26.54850959777832 -3.648061752319336
8.86247444152832 26.719955444335938 -3.6477935314178467
9.133910179138184 26.89894676208496 -3.6474311351776123
0.0 0.0 0.0
9.5479736328125 26.88283348083496 -3.596750020980835
9.910527229309082 27.300745010375977 -3.6271653175354004
10.121764183044434 27.289852142333984 -3.599001169204712
10.37964916229248 27.38838768005371 -3.584707021713257
0.0 0.0 0.0
0.0 0.0 0.0
11.234540939331055 27.87632179260254 -3.564236640930176
11.509391784667969 27.99561309814453 -3.5497097969055176
11.812312126159668 28.164783477783203 -3.540703535079956
12.188058853149414 28.50372314453125 -3.553016185760498
0.0 0.0 0.0
0.0 0.0 0.0
13.101909637451172 28.952917098999023 -3.5098652839660645
13.383557319641113 29.026010513305664 -3.484867811203003
13.789570808410645 29.369415283203125 -3.490798234939575
0.0 0.0 0.0
0.0 0.0 0.0
14.898294448852539 30.084840774536133 -3.4649274349212646
0.0 0.0 0.0
0.0 0.0 0.0
15.968196868896484 30.613603591918945 -3.4042153358459473
0.0 0.0 0.0
0.0 0.0 0.0
0.0 0.0 0.0
0.0 0.0 0.0
18.022716522216797 31.79258155822754 -3.3104801177978516
0.0 0.0 0.0
0.0 0.0 0.0
0.0 0.0 0.0
0.0 0.0 0.0
0.0 0.0 0.0
0.0 0.0 0.0
0.0 0.0 0.0
0.0 0.0 0.0
0.0 0.0 0.0
0.0 0.0 0.0
23.922883987426758 35.549560546875 -3.0382678508758545
0.0 0.0 0.0
0.0 0.0 0.0
0.0 0.0 0.0
0.0 0.0 0.0
0.0 0.0 0.0
0.0 0.0 0.0
0.0 0.0 0.0
0.0 0.0 0.0
0.0 0.0 0.0
0.0 0.0 0.0
0.0 0.0 0.0
0.0 0.0 0.0
0.0 0.0 0.0
0.0 0.0 0.0
0.0 0.0 0.0
0.0 0.0 0.0
0.0 0.0 0.0
0.0 0.0 0.0
0.0 0.0 0.0
0.0 0.0 0.0
0.0 0.0 0.0
0.0 0.0 0.0
0.0 0.0 0.0
0.0 0.0 0.0
0.0 0.0 0.0
0.0 0.0 0.0
0.0 0.0 0.0
0.0 0.0 0.0
0.0 0.0 0.0
0.0 0.0 0.0
0.0 0.0 0.0
0.0 0.0 0.0
0.0 0.0 0.0
0.0 0.0 0.0
0.0 0.0 0.0
0.0 0.0 0.0
0.0 0.0 0.0
0.0 0.0 0.0
0.0 0.0 0.0
0.0 0.0 0.0
0.0 0.0 0.0
0.0 0.0 0.0
0.0 0.0 0.0
0.0 0.0 0.0
0.0 0.0 0.0
0.0 0.0 0.0
0.0 0.0 0.0
0.0 0.0 0.0
0.0 0.0 0.0
0.0 0.0 0.0
0.0 0.0 0.0
0.0 0.0 0.0
0.0 0.0 0.0
0.0 0.0 0.0
0.0 0.0 0.0
0.0 0.0 0.0
0.0 0.0 0.0
0.0 0.0 0.0
0.0 0.0 0.0
0.0 0.0 0.0
0.0 0.0 0.0
0.0 0.0 0.0
0.0 0.0 0.0
0.0 0.0 0.0
0.0 0.0 0.0
46.827205657958984 223.81161499023438 35.887725830078125
0.0 0.0 0.0
0.0 0.0 0.0
0.0 0.0 0.0
0.0 0.0 0.0
0.0 0.0 0.0
0.0 0.0 0.0
0.0 0.0 0.0
0.0 0.0 0.0
0.0 0.0 0.0
0.0 0.0 0.0
0.0 0.0 0.0
0.0 0.0 0.0
0.0 0.0 0.0
0.0 0.0 0.0
0.0 0.0 0.0
0.0 0.0 0.0
0.0 0.0 0.0
0.0 0.0 0.0
0.0 0.0 0.0
0.0 0.0 0.0
0.0 0.0 0.0
0.0 0.0 0.0
0.0 0.0 0.0
0.0 0.0 0.0
0.0 0.0 0.0
0.0 0.0 0.0
0.0 0.0 0.0
0.0 0.0 0.0
0.0 0.0 0.0
0.0 0.0 0.0
0.0 0.0 0.0
0.0 0.0 0.0
0.0 0.0 0.0
0.0 0.0 0.0
0.0 0.0 0.0
0.0 0.0 0.0
0.0 0.0 0.0
0.0 0.0 0.0
0.0 0.0 0.0
0.0 0.0 0.0
0.0 0.0 0.0
0.0 0.0 0.0
0.0 0.0 0.0
0.0 0.0 0.0
0.0 0.0 0.0
0.0 0.0 0.0
0.0 0.0 0.0
0.0 0.0 0.0
0.0 0.0 0.0
0.0 0.0 0.0
0.0 0.0 0.0
0.0 0.0 0.0
0.0 0.0 0.0
0.0 0.0 0.0
0.0 0.0 0.0
0.0 0.0 0.0
0.0 0.0 0.0
0.0 0.0 0.0
0.0 0.0 0.0
0.0 0.0 0.0
0.0 0.0 0.0
0.0 0.0 0.0
0.0 0.0 0.0
0.0 0.0 0.0
0.0 0.0 0.0
0.0 0.0 0.0
0.0 0.0 0.0
0.0 0.0 0.0
0.0 0.0 0.0
0.0 0.0 0.0
0.0 0.0 0.0
0.0 0.0 0.0
0.0 0.0 0.0
0.0 0.0 0.0
0.0 0.0 0.0
0.0 0.0 0.0
0.0 0.0 0.0
0.0 0.0 0.0
0.0 0.0 0.0
0.0 0.0 0.0
0.0 0.0 0.0
0.0 0.0 0.0
0.0 0.0 0.0
0.0 0.0 0.0
0.0 0.0 0.0
0.0 0.0 0.0
0.0 0.0 0.0
0.0 0.0 0.0
0.0 0.0 0.0
0.0 0.0 0.0
0.0 0.0 0.0
0.0 0.0 0.0
0.0 0.0 0.0
0.0 0.0 0.0
0.0 0.0 0.0
0.0 0.0 0.0
0.0 0.0 0.0
0.0 0.0 0.0
0.0 0.0 0.0
0.0 0.0 0.0
0.0 0.0 0.0
0.0 0.0 0.0
0.0 0.0 0.0
0.0 0.0 0.0
0.0 0.0 0.0
0.0 0.0 0.0
0.0 0.0 0.0
0.0 0.0 0.0
0.0 0.0 0.0
0.0 0.0 0.0
0.0 0.0 0.0
0.0 0.0 0.0
0.0 0.0 0.0
0.0 0.0 0.0
0.0 0.0 0.0
0.0 0.0 0.0
0.0 0.0 0.0
0.0 0.0 0.0
0.0 0.0 0.0
0.0 0.0 0.0
0.0 0.0 0.0
0.0 0.0 0.0
0.0 0.0 0.0
0.0 0.0 0.0
0.0 0.0 0.0
0.0 0.0 0.0
0.0 0.0 0.0
0.0 0.0 0.0
0.0 0.0 0.0
0.0 0.0 0.0
0.0 0.0 0.0
0.0 0.0 0.0
0.0 0.0 0.0
0.0 0.0 0.0
0.0 0.0 0.0
0.0 0.0 0.0
0.0 0.0 0.0
0.0 0.0 0.0
0.0 0.0 0.0
0.0 0.0 0.0
-14.894367218017578 28.187358856201172 -2.8949532508850098
0.0 0.0 0.0
0.0 0.0 0.0
-13.81768798828125 27.53610610961914 -2.947624444961548
-13.54615592956543 27.470539093017578 -2.9791924953460693
0.0 0.0 0.0
0.0 0.0 0.0
0.0 0.0 0.0
0.0 0.0 0.0
0.0 0.0 0.0
0.0 0.0 0.0
0.0 0.0 0.0
0.0 0.0 0.0
0.0 0.0 0.0
0.0 0.0 0.0
0.0 0.0 0.0
0.0 0.0 0.0
0.0 0.0 0.0
0.0 0.0 0.0
0.0 0.0 0.0
0.0 0.0 0.0
0.0 0.0 0.0
0.0 0.0 0.0
-8.639976501464844 25.60625457763672 -3.3419992923736572
-8.426915168762207 25.570940017700195 -3.362091064453125
0.0 0.0 0.0
0.0 0.0 0.0
0.0 0.0 0.0
0.0 0.0 0.0
0.0 0.0 0.0
0.0 0.0 0.0
0.0 0.0 0.0
-6.66768741607666 24.81304931640625 -3.434842586517334
-6.474447727203369 24.78065299987793 -3.449655532836914
-6.276266574859619 24.724260330200195 -3.461162567138672
-6.058197975158691 24.595745086669922 -3.462466239929199
-5.884422779083252 24.626811981201172 -3.4835970401763916
-5.717488765716553 24.686790466308594 -3.508998155593872
-5.505972385406494 24.54930877685547 -3.5063984394073486
-5.308136463165283 24.463035583496094 -3.5110814571380615
-5.1292290687561035 24.474477767944336 -3.528554677963257
-4.962992191314697 24.529626846313477 -3.551091432571411
-4.750125885009766 24.348337173461914 -3.539475679397583
-4.571641445159912 24.332490921020508 -3.551910161972046
-4.405981540679932 24.383821487426758 -3.574309825897217
-4.190808296203613 24.172130584716797 -3.5556890964508057
-4.0125732421875 24.141202926635742 -3.563385248184204
-3.8444912433624268 24.17007064819336 -3.580068588256836
-3.6827821731567383 24.239761352539062 -3.6029839515686035
-3.4995148181915283 24.16703987121582 -3.6038036346435547
-3.313685417175293 24.06256866455078 -3.597900629043579
-3.1373579502105713 24.041364669799805 -3.6047399044036865
-2.976933479309082 24.118213653564453 -3.6262803077697754
-2.806462049484253 24.117250442504883 -3.636324882507324
-2.627061128616333 24.03089714050293 -3.63150691986084
-2.466489791870117 24.112422943115234 -3.6512763500213623
-2.278163433074951 23.943191528320312 -3.633347272872925
-2.1129050254821777 23.972354888916016 -3.645514965057373
-1.9485960006713867 24.015777587890625 -3.660008192062378
-1.7772852182388306 23.973825454711914 -3.658496141433716
-1.6141552925109863 24.042390823364258 -3.6740288734436035
-1.4460363388061523 24.090726852416992 -3.6867623329162598
-1.2673859596252441 23.890958786010742 -3.661569595336914
-1.1056970357894897 24.002477645874023 -3.6832401752471924
-0.9359825253486633 23.935720443725586 -3.6756086349487305
-0.7715180516242981 24.006702423095703 -3.6893084049224854
-0.6004436612129211 23.9608154296875 -3.68527889251709
-0.4343409836292267 23.99859619140625 -3.6942477226257324
-0.2687353193759918 24.112722396850586 -3.713242292404175
-0.10179796069860458 24.291505813598633 -3.7412052154541016
0.06705410033464432 24.19501304626465 -3.726954460144043
0.2360869199037552 24.27493667602539 -3.740058660507202
0.40450140833854675 24.060253143310547 -3.7079670429229736
0.5729430913925171 24.107379913330078 -3.71345853805542
0.7421739101409912 24.157224655151367 -3.7192771434783936
0.9133418798446655 24.232879638671875 -3.7292380332946777
1.0866049528121948 24.33432960510254 -3.743338108062744
1.259697437286377 24.341949462890625 -3.74245023727417
1.4322572946548462 24.38743782043457 -3.7449986934661865
1.595943808555603 24.289154052734375 -3.725660800933838
1.7848491668701172 24.551776885986328 -3.761826753616333
1.9514108896255493 24.485754013061523 -3.7477827072143555
2.1079158782958984 24.280107498168945 -3.710932970046997
2.291689157485962 24.423830032348633 -3.7262394428253174
2.464388370513916 24.43552589416504 -3.7215335369110107
2.665330171585083 24.707141876220703 -3.7565202713012695
2.8130440711975098 24.47828483581543 -3.715567111968994
3.015842914581299 24.701053619384766 -3.740673542022705
3.1818716526031494 24.63528060913086 -3.721790075302124
3.3552730083465576 24.629657745361328 -3.71219539642334
3.5355279445648193 24.668676376342773 -3.709472417831421
3.742241144180298 24.878408432006836 -3.7320384979248047
3.9155330657958984 24.853994369506836 -3.716891288757324
4.111799240112305 24.949928283691406 -3.7196688652038574
4.285609245300293 24.922927856445312 -3.7044448852539062
4.483095169067383 25.027875900268555 -3.7089526653289795
4.6885085105896 25.165725708007812 -3.716921329498291
4.879466533660889 25.214797973632812 -3.710355758666992
5.045663356781006 25.117774963378906 -3.68221378326416
5.313073635101318 25.527557373046875 -3.72860050201416
5.4911651611328125 25.4925594329834 -3.709965705871582
5.67390251159668 25.479337692260742 -3.692260265350342
5.841373920440674 25.39692497253418 -3.664402961730957
6.109128952026367 25.72679901123047 -3.69575572013855
6.3274030685424805 25.84442138671875 -3.696725368499756
6.460033416748047 25.615310668945312 -3.6475107669830322
6.747803688049316 25.99251937866211 -3.6827406883239746
6.913329601287842 25.888370513916016 -3.649693250656128
7.154611587524414 26.051118850708008 -3.654036521911621
7.3565239906311035 26.074729919433594 -3.6391568183898926
7.596679210662842 26.22726821899414 -3.6402158737182617
7.832859992980957 26.35550880432129 -3.637174606323242
0.0 0.0 0.0
8.294218063354492 26.538423538208008 -3.620365858078003
8.614225387573242 26.904327392578125 -3.6485612392425537
8.831436157226562 26.935901641845703 -3.629340171813965
9.03244686126709 26.914247512817383 -3.602989673614502
9.329026222229004 27.16973114013672 -3.6136369705200195
9.542489051818848 27.17366600036621 -3.5906479358673096
9.81818962097168 27.339448928833008 -3.586514472961426
10.063252449035645 27.41997718811035 -3.5710535049438477
10.292211532592773 27.451208114624023 -3.549116849899292
10.670482635498047 27.868125915527344 -3.576667547225952
10.88493537902832 27.84803581237793 -3.5467593669891357
11.14946460723877 27.940282821655273 -3.529496192932129
0.0 0.0 0.0
11.799334526062012 28.414226531982422 -3.531419277191162
0.0 0.0 0.0
0.0 0.0 0.0
12.632017135620117 28.706470489501953 -3.474034070968628
0.0 0.0 0.0
0.0 0.0 0.0
13.691826820373535 29.435832977294922 -3.462097406387329
13.930476188659668 29.41071891784668 -3.423985719680786
0.0 0.0 0.0
0.0 0.0 0.0
0.0 0.0 0.0
0.0 0.0 0.0
0.0 0.0 0.0
0.0 0.0 0.0
0.0 0.0 0.0
0.0 0.0 0.0
17.43323516845703 31.521329879760742 -3.3003897666931152
0.0 0.0 0.0
0.0 0.0 0.0
0.0 0.0 0.0
0.0 0.0 0.0
0.0 0.0 0.0
0.0 0.0 0.0
0.0 0.0 0.0
0.0 0.0 0.0
0.0 0.0 0.0
0.0 0.0 0.0
0.0 0.0 0.0
0.0 0.0 0.0
0.0 0.0 0.0
0.0 0.0 0.0
0.0 0.0 0.0
0.0 0.0 0.0
0.0 0.0 0.0
0.0 0.0 0.0
0.0 0.0 0.0
0.0 0.0 0.0
0.0 0.0 0.0
0.0 0.0 0.0
0.0 0.0 0.0
0.0 0.0 0.0
0.0 0.0 0.0
0.0 0.0 0.0
0.0 0.0 0.0
0.0 0.0 0.0
0.0 0.0 0.0
0.0 0.0 0.0
0.0 0.0 0.0
0.0 0.0 0.0
0.0 0.0 0.0
0.0 0.0 0.0
0.0 0.0 0.0
0.0 0.0 0.0
0.0 0.0 0.0
0.0 0.0 0.0
0.0 0.0 0.0
0.0 0.0 0.0
0.0 0.0 0.0
0.0 0.0 0.0
0.0 0.0 0.0
0.0 0.0 0.0
0.0 0.0 0.0
0.0 0.0 0.0
0.0 0.0 0.0
0.0 0.0 0.0
0.0 0.0 0.0
0.0 0.0 0.0
0.0 0.0 0.0
0.0 0.0 0.0
0.0 0.0 0.0
0.0 0.0 0.0
0.0 0.0 0.0
0.0 0.0 0.0
0.0 0.0 0.0
0.0 0.0 0.0
0.0 0.0 0.0
0.0 0.0 0.0
0.0 0.0 0.0
0.0 0.0 0.0
0.0 0.0 0.0
0.0 0.0 0.0
0.0 0.0 0.0
0.0 0.0 0.0
0.0 0.0 0.0
0.0 0.0 0.0
0.0 0.0 0.0
0.0 0.0 0.0
0.0 0.0 0.0
0.0 0.0 0.0
0.0 0.0 0.0
0.0 0.0 0.0
0.0 0.0 0.0
0.0 0.0 0.0
0.0 0.0 0.0
0.0 0.0 0.0
0.0 0.0 0.0
0.0 0.0 0.0
0.0 0.0 0.0
0.0 0.0 0.0
0.0 0.0 0.0
0.0 0.0 0.0
0.0 0.0 0.0
0.0 0.0 0.0
0.0 0.0 0.0
0.0 0.0 0.0
0.0 0.0 0.0
0.0 0.0 0.0
0.0 0.0 0.0
0.0 0.0 0.0
0.0 0.0 0.0
0.0 0.0 0.0
0.0 0.0 0.0
0.0 0.0 0.0
0.0 0.0 0.0
0.0 0.0 0.0
0.0 0.0 0.0
0.0 0.0 0.0
0.0 0.0 0.0
0.0 0.0 0.0
0.0 0.0 0.0
0.0 0.0 0.0
0.0 0.0 0.0
0.0 0.0 0.0
0.0 0.0 0.0
0.0 0.0 0.0
0.0 0.0 0.0
0.0 0.0 0.0
0.0 0.0 0.0
0.0 0.0 0.0
0.0 0.0 0.0
0.0 0.0 0.0
0.0 0.0 0.0
0.0 0.0 0.0
0.0 0.0 0.0
0.0 0.0 0.0
0.0 0.0 0.0
0.0 0.0 0.0
0.0 0.0 0.0
0.0 0.0 0.0
0.0 0.0 0.0
0.0 0.0 0.0
0.0 0.0 0.0
0.0 0.0 0.0
0.0 0.0 0.0
0.0 0.0 0.0
0.0 0.0 0.0
0.0 0.0 0.0
0.0 0.0 0.0
0.0 0.0 0.0
0.0 0.0 0.0
0.0 0.0 0.0
0.0 0.0 0.0
0.0 0.0 0.0
0.0 0.0 0.0
0.0 0.0 0.0
0.0 0.0 0.0
0.0 0.0 0.0
0.0 0.0 0.0
0.0 0.0 0.0
0.0 0.0 0.0
0.0 0.0 0.0
0.0 0.0 0.0
0.0 0.0 0.0
0.0 0.0 0.0
0.0 0.0 0.0
0.0 0.0 0.0
0.0 0.0 0.0
0.0 0.0 0.0
0.0 0.0 0.0
0.0 0.0 0.0
0.0 0.0 0.0
0.0 0.0 0.0
0.0 0.0 0.0
0.0 0.0 0.0
0.0 0.0 0.0
0.0 0.0 0.0
0.0 0.0 0.0
0.0 0.0 0.0
0.0 0.0 0.0
0.0 0.0 0.0
0.0 0.0 0.0
0.0 0.0 0.0
0.0 0.0 0.0
0.0 0.0 0.0
0.0 0.0 0.0
0.0 0.0 0.0
0.0 0.0 0.0
0.0 0.0 0.0
0.0 0.0 0.0
0.0 0.0 0.0
0.0 0.0 0.0
0.0 0.0 0.0
0.0 0.0 0.0
0.0 0.0 0.0
0.0 0.0 0.0
0.0 0.0 0.0
0.0 0.0 0.0
0.0 0.0 0.0
0.0 0.0 0.0
0.0 0.0 0.0
0.0 0.0 0.0
0.0 0.0 0.0
0.0 0.0 0.0
0.0 0.0 0.0
0.0 0.0 0.0
0.0 0.0 0.0
0.0 0.0 0.0
0.0 0.0 0.0
0.0 0.0 0.0
0.0 0.0 0.0
0.0 0.0 0.0
0.0 0.0 0.0
0.0 0.0 0.0
0.0 0.0 0.0
0.0 0.0 0.0
0.0 0.0 0.0
0.0 0.0 0.0
0.0 0.0 0.0
0.0 0.0 0.0
0.0 0.0 0.0
0.0 0.0 0.0
0.0 0.0 0.0
0.0 0.0 0.0
0.0 0.0 0.0
0.0 0.0 0.0
0.0 0.0 0.0
0.0 0.0 0.0
0.0 0.0 0.0
0.0 0.0 0.0
0.0 0.0 0.0
0.0 0.0 0.0
0.0 0.0 0.0
0.0 0.0 0.0
0.0 0.0 0.0
0.0 0.0 0.0
0.0 0.0 0.0
0.0 0.0 0.0
0.0 0.0 0.0
0.0 0.0 0.0
0.0 0.0 0.0
0.0 0.0 0.0
0.0 0.0 0.0
-13.180276870727539 27.447010040283203 -2.9865386486053467
0.0 0.0 0.0
0.0 0.0 0.0
0.0 0.0 0.0
0.0 0.0 0.0
0.0 0.0 0.0
0.0 0.0 0.0
0.0 0.0 0.0
0.0 0.0 0.0
0.0 0.0 0.0
0.0 0.0 0.0
0.0 0.0 0.0
0.0 0.0 0.0
0.0 0.0 0.0
0.0 0.0 0.0
0.0 0.0 0.0
0.0 0.0 0.0
0.0 0.0 0.0
0.0 0.0 0.0
0.0 0.0 0.0
0.0 0.0 0.0
0.0 0.0 0.0
0.0 0.0 0.0
0.0 0.0 0.0
0.0 0.0 0.0
-7.0168914794921875 25.059768676757812 -3.3798835277557373
0.0 0.0 0.0
-6.588535308837891 24.868488311767578 -3.3928616046905518
-6.401920318603516 24.861764907836914 -3.4113235473632812
-6.220367908477783 24.872718811035156 -3.430192708969116
-6.002782821655273 24.731828689575195 -3.427772045135498
-5.794363021850586 24.619333267211914 -3.4292449951171875
0.0 0.0 0.0
0.0 0.0 0.0
-5.270893573760986 24.711910247802734 -3.4910805225372314
-5.037949085235596 24.45356559753418 -3.46938157081604
-4.891836166381836 24.610624313354492 -3.5066890716552734
-4.707848072052002 24.596378326416016 -3.5200884342193604
-4.513636589050293 24.504404067993164 -3.520122766494751
-4.300751686096191 24.29680633544922 -3.502655267715454
-4.1809868812561035 24.617416381835938 -3.5615360736846924
-3.9522199630737305 24.29242515563965 -3.527141571044922
-3.790933132171631 24.390066146850586 -3.5542140007019043
-3.6230454444885254 24.429229736328125 -3.569979667663574
-3.4236438274383545 24.24519157409668 -3.553209066390991
-3.239116907119751 24.151565551757812 -3.5497381687164307
-3.081101894378662 24.252092361450195 -3.5749495029449463
-2.9215755462646484 24.35174560546875 -3.5992214679718018
-2.746251344680786 24.347209930419922 -3.6066131591796875
-2.5816454887390137 24.410276412963867 -3.624053716659546
-2.402805805206299 24.3376407623291 -3.6215193271636963
-2.2296905517578125 24.313735961914062 -3.6263678073883057
-2.0645878314971924 24.37746238708496 -3.642268180847168
-1.8616751432418823 24.001298904418945 -3.591620445251465
-1.7147735357284546 24.30162239074707 -3.6422669887542725
-1.539958119392395 24.223186492919922 -3.636361837387085
-1.379194974899292 24.371051788330078 -3.664618730545044
-1.2082887887954712 24.356243133544922 -3.6656265258789062
-1.030776858329773 24.240005493164062 -3.651515007019043
-0.8652989268302917 24.3347110748291 -3.669297933578491
-0.6939160227775574 24.266117095947266 -3.662637233734131
-0.5229896903038025 24.173276901245117 -3.651639461517334
-0.3539879024028778 24.114341735839844 -3.64359974861145
-0.18447865545749664 24.29370880126953 -3.6717700958251953
-0.01550552248954773 24.21310043334961 -3.6608099937438965
0.1533910036087036 24.266494750976562 -3.670288562774658
0.322357177734375 24.284202575683594 -3.672882556915283
0.49344372749328613 24.393613815307617 -3.6881206035614014
0.6640641093254089 24.42073631286621 -3.6910853385925293
0.8360528945922852 24.39252471923828 -3.685852289199829
1.006575107574463 24.409536361694336 -3.687648057937622
1.1783533096313477 24.44502067565918 -3.6898508071899414
1.3540462255477905 24.541086196899414 -3.700807809829712
1.53684663772583 24.72455406188965 -3.7250783443450928
1.6939055919647217 24.455595016479492 -3.681321620941162
1.880631685256958 24.663551330566406 -3.7092480659484863
2.046058177947998 24.57792091369629 -3.690305709838867
2.217879056930542 24.571962356567383 -3.68351411819458
2.3947510719299316 24.618656158447266 -3.684784412384033
0.0 0.0 0.0
2.7627813816070557 24.788732528686523 -3.6978507041931152
2.9502885341644287 24.897192001342773 -3.7055883407592773
3.1266438961029053 24.900691986083984 -3.697824001312256
3.2979044914245605 24.864652633666992 -3.6843743324279785
0.0 0.0 0.0
3.68461012840271 25.075714111328125 -3.697620153427124
0.0 0.0 0.0
4.0432329177856445 25.08328628540039 -3.6777937412261963
4.231557846069336 25.136613845825195 -3.675356149673462
4.420782566070557 25.18855857849121 -3.6727232933044434
4.602028846740723 25.174320220947266 -3.657623529434204
4.814881324768066 25.341676712036133 -3.669203758239746
5.010080337524414 25.40485382080078 -3.6657309532165527
5.194975852966309 25.40966033935547 -3.6539342403411865
5.432748317718506 25.663114547729492 -3.676795482635498
5.6025519371032715 25.570127487182617 -3.6480729579925537
5.843206882476807 25.808774948120117 -3.666996717453003
5.999594688415527 25.668487548828125 -3.63213849067688
6.244800567626953 25.903518676757812 -3.650484085083008
6.497228145599365 26.15174674987793 -3.668405771255493
6.6630120277404785 26.029443740844727 -3.633514404296875
6.888166904449463 26.150224685668945 -3.632997751235962
7.117352485656738 26.27661895751953 -3.6332154273986816
7.353543758392334 26.41991424560547 -3.635084629058838
7.55094051361084 26.41615867614746 -3.6146864891052246
0.0 0.0 0.0
0.0 0.0 0.0
8.235793113708496 26.68017578125 -3.5908749103546143
8.458309173583984 26.740331649780273 -3.577564239501953
8.750527381896973 27.00878143310547 -3.5912935733795166
8.988335609436035 27.097919464111328 -3.5809686183929443
9.20751953125 27.114233016967773 -3.560619831085205
9.497297286987305 27.342557907104492 -3.567692995071411
9.772761344909668 27.51719093322754 -3.565706968307495
9.975483894348145 27.481626510620117 -3.5364444255828857
10.294368743896484 27.7572078704834 -3.547034740447998
10.557798385620117 27.861637115478516 -3.535029172897339
10.763691902160645 27.820579528808594 -3.5027143955230713
11.141118049621582 28.210844039916992 -3.5241293907165527
11.411385536193848 28.316516876220703 -3.5095338821411133
0.0 0.0 0.0
12.055680274963379 28.745079040527344 -3.504491090774536
0.0 0.0 0.0
0.0 0.0 0.0
0.0 0.0 0.0
0.0 0.0 0.0
0.0 0.0 0.0
0.0 0.0 0.0
0.0 0.0 0.0
0.0 0.0 0.0
0.0 0.0 0.0
0.0 0.0 0.0
0.0 0.0 0.0
0.0 0.0 0.0
0.0 0.0 0.0
0.0 0.0 0.0
0.0 0.0 0.0
0.0 0.0 0.0
0.0 0.0 0.0
0.0 0.0 0.0
0.0 0.0 0.0
0.0 0.0 0.0
0.0 0.0 0.0
0.0 0.0 0.0
0.0 0.0 0.0
0.0 0.0 0.0
0.0 0.0 0.0
0.0 0.0 0.0
0.0 0.0 0.0
0.0 0.0 0.0
0.0 0.0 0.0
0.0 0.0 0.0
0.0 0.0 0.0
0.0 0.0 0.0
0.0 0.0 0.0
0.0 0.0 0.0
0.0 0.0 0.0
0.0 0.0 0.0
0.0 0.0 0.0
0.0 0.0 0.0
0.0 0.0 0.0
0.0 0.0 0.0
0.0 0.0 0.0
0.0 0.0 0.0
0.0 0.0 0.0
0.0 0.0 0.0
0.0 0.0 0.0
0.0 0.0 0.0
0.0 0.0 0.0
0.0 0.0 0.0
0.0 0.0 0.0
0.0 0.0 0.0
0.0 0.0 0.0
0.0 0.0 0.0
0.0 0.0 0.0
0.0 0.0 0.0
0.0 0.0 0.0
0.0 0.0 0.0
0.0 0.0 0.0
0.0 0.0 0.0
0.0 0.0 0.0
0.0 0.0 0.0
0.0 0.0 0.0
0.0 0.0 0.0
0.0 0.0 0.0
0.0 0.0 0.0
0.0 0.0 0.0
0.0 0.0 0.0
0.0 0.0 0.0
0.0 0.0 0.0
0.0 0.0 0.0
0.0 0.0 0.0
0.0 0.0 0.0
0.0 0.0 0.0
0.0 0.0 0.0
0.0 0.0 0.0
0.0 0.0 0.0
0.0 0.0 0.0
0.0 0.0 0.0
0.0 0.0 0.0
0.0 0.0 0.0
0.0 0.0 0.0
0.0 0.0 0.0
0.0 0.0 0.0
0.0 0.0 0.0
0.0 0.0 0.0
0.0 0.0 0.0
0.0 0.0 0.0
0.0 0.0 0.0
0.0 0.0 0.0
0.0 0.0 0.0
0.0 0.0 0.0
0.0 0.0 0.0
0.0 0.0 0.0
0.0 0.0 0.0
0.0 0.0 0.0
0.0 0.0 0.0
0.0 0.0 0.0
0.0 0.0 0.0
0.0 0.0 0.0
0.0 0.0 0.0
0.0 0.0 0.0
0.0 0.0 0.0
0.0 0.0 0.0
0.0 0.0 0.0
0.0 0.0 0.0
0.0 0.0 0.0
0.0 0.0 0.0
0.0 0.0 0.0
0.0 0.0 0.0
0.0 0.0 0.0
0.0 0.0 0.0
0.0 0.0 0.0
0.0 0.0 0.0
0.0 0.0 0.0
0.0 0.0 0.0
0.0 0.0 0.0
0.0 0.0 0.0
0.0 0.0 0.0
0.0 0.0 0.0
0.0 0.0 0.0
0.0 0.0 0.0
0.0 0.0 0.0
0.0 0.0 0.0
0.0 0.0 0.0
0.0 0.0 0.0
0.0 0.0 0.0
0.0 0.0 0.0
0.0 0.0 0.0
0.0 0.0 0.0
0.0 0.0 0.0
0.0 0.0 0.0
0.0 0.0 0.0
0.0 0.0 0.0
0.0 0.0 0.0
0.0 0.0 0.0
0.0 0.0 0.0
0.0 0.0 0.0
0.0 0.0 0.0
0.0 0.0 0.0
0.0 0.0 0.0
0.0 0.0 0.0
0.0 0.0 0.0
0.0 0.0 0.0
0.0 0.0 0.0
0.0 0.0 0.0
0.0 0.0 0.0
0.0 0.0 0.0
0.0 0.0 0.0
0.0 0.0 0.0
0.0 0.0 0.0
0.0 0.0 0.0
0.0 0.0 0.0
0.0 0.0 0.0
0.0 0.0 0.0
0.0 0.0 0.0
0.0 0.0 0.0
0.0 0.0 0.0
0.0 0.0 0.0
0.0 0.0 0.0
0.0 0.0 0.0
0.0 0.0 0.0
0.0 0.0 0.0
0.0 0.0 0.0
0.0 0.0 0.0
0.0 0.0 0.0
0.0 0.0 0.0
0.0 0.0 0.0
0.0 0.0 0.0
0.0 0.0 0.0
0.0 0.0 0.0
0.0 0.0 0.0
0.0 0.0 0.0
0.0 0.0 0.0
0.0 0.0 0.0
0.0 0.0 0.0
0.0 0.0 0.0
0.0 0.0 0.0
0.0 0.0 0.0
0.0 0.0 0.0
0.0 0.0 0.0
0.0 0.0 0.0
0.0 0.0 0.0
0.0 0.0 0.0
0.0 0.0 0.0
0.0 0.0 0.0
0.0 0.0 0.0
0.0 0.0 0.0
0.0 0.0 0.0
0.0 0.0 0.0
0.0 0.0 0.0
0.0 0.0 0.0
0.0 0.0 0.0
0.0 0.0 0.0
0.0 0.0 0.0
0.0 0.0 0.0
0.0 0.0 0.0
0.0 0.0 0.0
0.0 0.0 0.0
0.0 0.0 0.0
0.0 0.0 0.0
0.0 0.0 0.0
0.0 0.0 0.0
0.0 0.0 0.0
0.0 0.0 0.0
0.0 0.0 0.0
0.0 0.0 0.0
0.0 0.0 0.0
0.0 0.0 0.0
0.0 0.0 0.0
0.0 0.0 0.0
0.0 0.0 0.0
0.0 0.0 0.0
0.0 0.0 0.0
0.0 0.0 0.0
0.0 0.0 0.0
0.0 0.0 0.0
0.0 0.0 0.0
0.0 0.0 0.0
0.0 0.0 0.0
0.0 0.0 0.0
0.0 0.0 0.0
0.0 0.0 0.0
0.0 0.0 0.0
0.0 0.0 0.0
0.0 0.0 0.0
0.0 0.0 0.0
0.0 0.0 0.0
0.0 0.0 0.0
0.0 0.0 0.0
0.0 0.0 0.0
0.0 0.0 0.0
0.0 0.0 0.0
0.0 0.0 0.0
0.0 0.0 0.0
0.0 0.0 0.0
0.0 0.0 0.0
0.0 0.0 0.0
-14.343634605407715 28.08639144897461 -2.876629590988159
0.0 0.0 0.0
0.0 0.0 0.0
0.0 0.0 0.0
0.0 0.0 0.0
0.0 0.0 0.0
0.0 0.0 0.0
0.0 0.0 0.0
0.0 0.0 0.0
0.0 0.0 0.0
0.0 0.0 0.0
0.0 0.0 0.0
0.0 0.0 0.0
0.0 0.0 0.0
0.0 0.0 0.0
0.0 0.0 0.0
0.0 0.0 0.0
0.0 0.0 0.0
0.0 0.0 0.0
0.0 0.0 0.0
0.0 0.0 0.0
0.0 0.0 0.0
0.0 0.0 0.0
0.0 0.0 0.0
0.0 0.0 0.0
-7.833524227142334 25.555025100708008 -3.3158812522888184
-7.6066741943359375 25.445804595947266 -3.32388973236084
-7.416142463684082 25.454147338867188 -3.3447747230529785
-7.1902570724487305 25.34623908996582 -3.350708484649658
0.0 0.0 0.0
-6.730480194091797 25.04833221435547 -3.3506462574005127
-6.585230827331543 25.207782745361328 -3.390559434890747
0.0 0.0 0.0
0.0 0.0 0.0
0.0 0.0 0.0
-5.78521728515625 24.97759437561035 -3.429640769958496
-5.58003044128418 24.878637313842773 -3.431124687194824
-5.430831432342529 25.0277099609375 -3.466869592666626
-5.18764591217041 24.752214431762695 -3.4441325664520264
-5.010140419006348 24.762292861938477 -3.4608139991760254
-4.818586349487305 24.699077606201172 -3.4663846492767334
-4.6504621505737305 24.75249671936035 -3.4867403507232666
-4.451557636260986 24.637235641479492 -3.4834396839141846
-4.30568790435791 24.833465576171875 -3.5245954990386963
-4.095808982849121 24.639097213745117 -3.5102124214172363
-3.901886224746704 24.527433395385742 -3.505521297454834
-3.7348177433013916 24.578800201416016 -3.523421287536621
-3.5550248622894287 24.54481315612793 -3.5292437076568604
0.0 0.0 0.0
-3.2218997478485107 24.684185028076172 -3.571320056915283
-3.008239269256592 24.366697311401367 -3.533705711364746
-2.8619837760925293 24.58898162841797 -3.574507236480713
0.0 0.0 0.0
-2.490989923477173 24.346281051635742 -3.556645154953003
-2.335817575454712 24.54653549194336 -3.5939948558807373
-2.1633739471435547 24.545616149902344 -3.5999152660369873
0.0 0.0 0.0
-1.8102185726165771 24.420644760131836 -3.5941293239593506
-1.6470353603363037 24.53557586669922 -3.6176023483276367
-1.4639431238174438 24.391386032104492 -3.601191997528076
-1.3009752035140991 24.527572631835938 -3.6251134872436523
-1.1278247833251953 24.481229782104492 -3.622244358062744
-0.9565900564193726 24.464557647705078 -3.623927593231201
-0.7850211262702942 24.427379608154297 -3.6227376461029053
-0.6113027334213257 24.401071548461914 -3.620522975921631
-0.44302141666412354 24.485567092895508 -3.634568214416504
-0.27445468306541443 24.64616584777832 -3.6601016521453857
-0.10214091837406158 24.438533782958984 -3.631122589111328
0.06785029172897339 24.365013122558594 -3.6217453479766846
0.23869767785072327 24.503177642822266 -3.6414999961853027
0.41393929719924927 24.605321884155273 -3.6560614109039307
0.5841782689094543 24.5633544921875 -3.649397134780884
0.7544472217559814 24.539525985717773 -3.6456046104431152
0.9317745566368103 24.711637496948242 -3.6697022914886475
1.100098729133606 24.624103546142578 -3.6535558700561523
1.2818716764450073 24.762964248657227 -3.671121835708618
1.4514552354812622 24.707765579223633 -3.6601345539093018
1.6282389163970947 24.774808883666992 -3.667433738708496
1.8008726835250854 24.767650604248047 -3.6618094444274902
1.9699039459228516 24.713180541992188 -3.6484649181365967
2.1568222045898438 24.838289260864258 -3.661705493927002
2.3214223384857178 24.735214233398438 -3.641559362411499
2.5054354667663574 24.83872413635254 -3.6520042419433594
2.698150634765625 25.006624221801758 -3.669053554534912
2.865504264831543 24.931121826171875 -3.6504688262939453
0.0 0.0 0.0
3.2599310874938965 25.23648452758789 -3.6803572177886963
3.430305004119873 25.176485061645508 -3.6637094020843506
3.612157106399536 25.1998291015625 -3.6571967601776123
3.8008275032043457 25.263917922973633 -3.6567234992980957
3.9743120670318604 25.223464965820312 -3.6412675380706787
4.185730934143066 25.395030975341797 -3.656360387802124
4.357327938079834 25.3369140625 -3.6369805335998535
4.55648946762085 25.43385887145996 -3.6388161182403564
4.7605485916137695 25.54831886291504 -3.6432206630706787
4.951191425323486 25.581375122070312 -3.636082410812378
5.143158435821533 25.601085662841797 -3.6269798278808594
5.364904403686523 25.775636672973633 -3.6374599933624268
5.541988849639893 25.72897720336914 -3.6166274547576904
5.779249668121338 25.95308494567871 -3.633894681930542
5.9784650802612305 25.994054794311523 -3.625493049621582
6.159032821655273 25.938825607299805 -3.602731466293335
6.364887237548828 25.999792098999023 -3.5945756435394287
6.580618381500244 26.09288787841797 -3.590867519378662
6.858076572418213 26.41667938232422 -3.6187846660614014
7.107394695281982 26.614442825317383 -3.62923002243042
0.0 0.0 0.0
7.528228759765625 26.682525634765625 -3.600573778152466
7.745890140533447 26.74060821533203 -3.5893561840057373
7.9185709953308105 26.640899658203125 -3.557070255279541
8.190291404724121 26.870155334472656 -3.568283796310425
8.42888355255127 26.96663475036621 -3.5593836307525635
8.696595191955566 27.158077239990234 -3.5632598400115967
8.983305931091309 27.394948959350586 -3.5728201866149902
9.14029312133789 27.232276916503906 -3.530320644378662
9.426100730895996 27.450428009033203 -3.5354883670806885
9.711819648742676 27.65496063232422 -3.5379528999328613
9.97938060760498 27.78635025024414 -3.5304126739501953
10.193717002868652 27.77451515197754 -3.5050525665283203
10.484067916870117 27.964757919311523 -3.5043342113494873
10.70889663696289 27.971084594726562 -3.4787676334381104
11.08405876159668 28.35874366760254 -3.5002944469451904
11.304448127746582 28.330413818359375 -3.469740390777588
11.657744407653809 28.63601303100586 -3.4802329540252686
0.0 0.0 0.0
0.0 0.0 0.0
0.0 0.0 0.0
0.0 0.0 0.0
0.0 0.0 0.0
0.0 0.0 0.0
13.87685775756836 29.82855987548828 -3.4049723148345947
14.223916053771973 30.026872634887695 -3.3945114612579346
14.4593505859375 29.975505828857422 -3.353590488433838
14.801666259765625 30.14691734313965 -3.337151288986206
0.0 0.0 0.0
0.0 0.0 0.0
0.0 0.0 0.0
0.0 0.0 0.0
0.0 0.0 0.0
0.0 0.0 0.0
0.0 0.0 0.0
0.0 0.0 0.0
0.0 0.0 0.0
0.0 0.0 0.0
19.400543212890625 32.876548767089844 -3.162386894226074
20.338077545166016 33.92389678955078 -3.2123770713806152
0.0 0.0 0.0
0.0 0.0 0.0
0.0 0.0 0.0
0.0 0.0 0.0
0.0 0.0 0.0
0.0 0.0 0.0
0.0 0.0 0.0
0.0 0.0 0.0
0.0 0.0 0.0
0.0 0.0 0.0
0.0 0.0 0.0
0.0 0.0 0.0
0.0 0.0 0.0
0.0 0.0 0.0
0.0 0.0 0.0
0.0 0.0 0.0
0.0 0.0 0.0
0.0 0.0 0.0
0.0 0.0 0.0
0.0 0.0 0.0
0.0 0.0 0.0
0.0 0.0 0.0
0.0 0.0 0.0
0.0 0.0 0.0
0.0 0.0 0.0
0.0 0.0 0.0
0.0 0.0 0.0
0.0 0.0 0.0
0.0 0.0 0.0
0.0 0.0 0.0
0.0 0.0 0.0
0.0 0.0 0.0
0.0 0.0 0.0
0.0 0.0 0.0
0.0 0.0 0.0
0.0 0.0 0.0
0.0 0.0 0.0
0.0 0.0 0.0
0.0 0.0 0.0
0.0 0.0 0.0
0.0 0.0 0.0
0.0 0.0 0.0
0.0 0.0 0.0
0.0 0.0 0.0
0.0 0.0 0.0
0.0 0.0 0.0
0.0 0.0 0.0
0.0 0.0 0.0
0.0 0.0 0.0
0.0 0.0 0.0
0.0 0.0 0.0
0.0 0.0 0.0
0.0 0.0 0.0
0.0 0.0 0.0
0.0 0.0 0.0
0.0 0.0 0.0
0.0 0.0 0.0
0.0 0.0 0.0
0.0 0.0 0.0
0.0 0.0 0.0
0.0 0.0 0.0
0.0 0.0 0.0
0.0 0.0 0.0
0.0 0.0 0.0
0.0 0.0 0.0
0.0 0.0 0.0
0.0 0.0 0.0
0.0 0.0 0.0
0.0 0.0 0.0
0.0 0.0 0.0
0.0 0.0 0.0
0.0 0.0 0.0
0.0 0.0 0.0
0.0 0.0 0.0
0.0 0.0 0.0
0.0 0.0 0.0
0.0 0.0 0.0
0.0 0.0 0.0
0.0 0.0 0.0
0.0 0.0 0.0
0.0 0.0 0.0
0.0 0.0 0.0
0.0 0.0 0.0
0.0 0.0 0.0
0.0 0.0 0.0
0.0 0.0 0.0
0.0 0.0 0.0
0.0 0.0 0.0
0.0 0.0 0.0
0.0 0.0 0.0
0.0 0.0 0.0
0.0 0.0 0.0
0.0 0.0 0.0
0.0 0.0 0.0
0.0 0.0 0.0
0.0 0.0 0.0
0.0 0.0 0.0
0.0 0.0 0.0
0.0 0.0 0.0
0.0 0.0 0.0
0.0 0.0 0.0
0.0 0.0 0.0
0.0 0.0 0.0
0.0 0.0 0.0
0.0 0.0 0.0
0.0 0.0 0.0
0.0 0.0 0.0
0.0 0.0 0.0
0.0 0.0 0.0
0.0 0.0 0.0
0.0 0.0 0.0
0.0 0.0 0.0
0.0 0.0 0.0
0.0 0.0 0.0
0.0 0.0 0.0
0.0 0.0 0.0
0.0 0.0 0.0
0.0 0.0 0.0
0.0 0.0 0.0
0.0 0.0 0.0
0.0 0.0 0.0
0.0 0.0 0.0
0.0 0.0 0.0
0.0 0.0 0.0
0.0 0.0 0.0
0.0 0.0 0.0
0.0 0.0 0.0
0.0 0.0 0.0
0.0 0.0 0.0
0.0 0.0 0.0
0.0 0.0 0.0
0.0 0.0 0.0
0.0 0.0 0.0
0.0 0.0 0.0
0.0 0.0 0.0
0.0 0.0 0.0
0.0 0.0 0.0
0.0 0.0 0.0
0.0 0.0 0.0
0.0 0.0 0.0
0.0 0.0 0.0
0.0 0.0 0.0
0.0 0.0 0.0
0.0 0.0 0.0
0.0 0.0 0.0
0.0 0.0 0.0
0.0 0.0 0.0
0.0 0.0 0.0
0.0 0.0 0.0
0.0 0.0 0.0
0.0 0.0 0.0
0.0 0.0 0.0
0.0 0.0 0.0
0.0 0.0 0.0
0.0 0.0 0.0
0.0 0.0 0.0
0.0 0.0 0.0
0.0 0.0 0.0
0.0 0.0 0.0
0.0 0.0 0.0
0.0 0.0 0.0
0.0 0.0 0.0
0.0 0.0 0.0
0.0 0.0 0.0
0.0 0.0 0.0
0.0 0.0 0.0
0.0 0.0 0.0
0.0 0.0 0.0
0.0 0.0 0.0
0.0 0.0 0.0
0.0 0.0 0.0
0.0 0.0 0.0
0.0 0.0 0.0
0.0 0.0 0.0
0.0 0.0 0.0
0.0 0.0 0.0
0.0 0.0 0.0
0.0 0.0 0.0
0.0 0.0 0.0
0.0 0.0 0.0
0.0 0.0 0.0
0.0 0.0 0.0
0.0 0.0 0.0
0.0 0.0 0.0
0.0 0.0 0.0
0.0 0.0 0.0
0.0 0.0 0.0
0.0 0.0 0.0
0.0 0.0 0.0
0.0 0.0 0.0
0.0 0.0 0.0
0.0 0.0 0.0
0.0 0.0 0.0
0.0 0.0 0.0
0.0 0.0 0.0
0.0 0.0 0.0
0.0 0.0 0.0
0.0 0.0 0.0
0.0 0.0 0.0
0.0 0.0 0.0
0.0 0.0 0.0
0.0 0.0 0.0
0.0 0.0 0.0
0.0 0.0 0.0
0.0 0.0 0.0
0.0 0.0 0.0
0.0 0.0 0.0
0.0 0.0 0.0
0.0 0.0 0.0
0.0 0.0 0.0
-16.600980758666992 29.168180465698242 -2.6752047538757324
0.0 0.0 0.0
0.0 0.0 0.0
0.0 0.0 0.0
0.0 0.0 0.0
0.0 0.0 0.0
0.0 0.0 0.0
0.0 0.0 0.0
0.0 0.0 0.0
0.0 0.0 0.0
0.0 0.0 0.0
0.0 0.0 0.0
0.0 0.0 0.0
0.0 0.0 0.0
0.0 0.0 0.0
0.0 0.0 0.0
0.0 0.0 0.0
0.0 0.0 0.0
0.0 0.0 0.0
0.0 0.0 0.0
0.0 0.0 0.0
0.0 0.0 0.0
0.0 0.0 0.0
0.0 0.0 0.0
0.0 0.0 0.0
0.0 0.0 0.0
0.0 0.0 0.0
0.0 0.0 0.0
0.0 0.0 0.0
0.0 0.0 0.0
0.0 0.0 0.0
0.0 0.0 0.0
-7.744121074676514 25.58735466003418 -3.276324987411499
0.0 0.0 0.0
0.0 0.0 0.0
-7.1109490394592285 25.394264221191406 -3.3109631538391113
0.0 0.0 0.0
0.0 0.0 0.0
0.0 0.0 0.0
0.0 0.0 0.0
-6.146641731262207 25.326107025146484 -3.39281964302063
-5.877079010009766 24.973487854003906 -3.3616204261779785
-5.69774866104126 25.004276275634766 -3.3813087940216064
-5.5069260597229 24.968896865844727 -3.391920328140259
-5.332418918609619 25.00398826599121 -3.412208080291748
-5.12322998046875 24.871036529541016 -3.4094746112823486
-4.959223747253418 24.95315170288086 -3.4338834285736084
-4.77836799621582 24.966236114501953 -3.449195384979248
-4.601527690887451 24.981260299682617 -3.464677572250366
-4.394822597503662 24.827377319335938 -3.45681095123291
-4.223921298980713 24.870447158813477 -3.475281000137329
-4.053604602813721 24.916322708129883 -3.4926230907440186
-3.83323335647583 24.663286209106445 -3.4683260917663574
0.0 0.0 0.0
-3.5192790031433105 24.924745559692383 -3.527721643447876
0.0 0.0 0.0
-3.136972665786743 24.695493698120117 -3.513270854949951
-2.9677722454071045 24.738113403320312 -3.528186082839966
0.0 0.0 0.0
-2.6133832931518555 24.712495803833008 -3.5427863597869873
-2.4274230003356934 24.590328216552734 -3.531543254852295
-2.267151355743408 24.724763870239258 -3.557311534881592
-2.0862009525299072 24.634674072265625 -3.5509519577026367
-1.9098539352416992 24.624441146850586 -3.556363105773926
-1.7423182725906372 24.690017700195312 -3.571849822998047
-1.5642869472503662 24.604284286499023 -3.5634450912475586
-1.39714515209198 24.68710708618164 -3.5796220302581787
-1.2260525226593018 24.71087074279785 -3.58742356300354
-1.051790475845337 24.7374267578125 -3.595892906188965
-0.8755349516868591 24.62766456604004 -3.5830540657043457
-0.705251932144165 24.667524337768555 -3.5909178256988525
-0.5369646549224854 24.8221435546875 -3.6156773567199707
0.0 0.0 0.0
-0.18751928210258484 24.70658302307129 -3.6038975715637207
-0.015727723017334938 24.788421630859375 -3.6160173416137695
0.15689651668071747 24.787973403930664 -3.6157119274139404
0.32992446422576904 24.832706451416016 -3.6221721172332764
0.5018612146377563 24.79121208190918 -3.616229772567749
0.6708074808120728 24.651941299438477 -3.596057176589966
0.8485177159309387 24.743635177612305 -3.6068642139434814
1.0278185606002808 24.915273666381836 -3.6295182704925537
1.2028440237045288 24.946611404418945 -3.631890058517456
1.3802717924118042 25.011455535888672 -3.6393063068389893
1.5551809072494507 25.017292022705078 -3.6373653411865234
1.7306735515594482 24.98345184326172 -3.6275455951690674
1.9050214290618896 24.97943878173828 -3.6223223209381104
2.0806801319122314 24.98961639404297 -3.6193273067474365
2.267000198364258 25.11408233642578 -3.6330318450927734
2.446833610534668 25.15273666381836 -3.6328392028808594
2.644274950027466 25.32072639465332 -3.650028705596924
2.813647747039795 25.241554260253906 -3.631856679916382
2.9843220710754395 25.180448532104492 -3.616487503051758
3.1909027099609375 25.409809112548828 -3.642958879470825
3.365553855895996 25.373340606689453 -3.6290152072906494
0.0 0.0 0.0
3.74127459526062 25.461036682128906 -3.62343692779541
3.917252779006958 25.4284725189209 -3.6100730895996094
4.142902851104736 25.704097747802734 -3.6401350498199463
4.3019490242004395 25.558515548706055 -3.6080570220947266
4.498373031616211 25.632915496826172 -3.607189893722534
4.746999263763428 25.967966079711914 -3.6427884101867676
4.893355369567871 25.75391960144043 -3.6016530990600586
5.141419887542725 26.070894241333008 -3.633666753768921
5.335016250610352 26.093788146972656 -3.6231703758239746
5.520148754119873 26.073633193969727 -3.60685133934021
5.725832462310791 26.130918502807617 -3.601130962371826
5.9131669998168945 26.115530014038086 -3.585745334625244
0.0 0.0 0.0
6.349606037139893 26.337369918823242 -3.584958791732788
6.57427453994751 26.46071434020996 -3.586002826690674
6.804393291473389 26.58139991760254 -3.5863757133483887
7.038807392120361 26.72361946105957 -3.5893633365631104
7.2254815101623535 26.67702293395996 -3.5649774074554443
7.407686233520508 26.614171981811523 -3.5386040210723877
7.6596503257751465 26.79595184326172 -3.5447845458984375
7.921011447906494 26.985801696777344 -3.5515830516815186
8.085552215576172 26.855432510375977 -3.514998197555542
8.464309692382812 27.420278549194336 -3.5682904720306396
0.0 0.0 0.0
8.879324913024902 27.40599250793457 -3.5254924297332764
9.17774486541748 27.6708927154541 -3.5386974811553955
9.393486976623535 27.663816452026367 -3.5145721435546875
9.663202285766602 27.821130752563477 -3.5117084980010986
9.912415504455566 27.91016960144043 -3.5000672340393066
10.212098121643066 28.132099151611328 -3.5049264430999756
0.0 0.0 0.0
10.78421401977539 28.458023071289062 -3.494399070739746
11.018209457397461 28.476526260375977 -3.4710512161254883
0.0 0.0 0.0
11.53330135345459 28.61964225769043 -3.436184883117676
11.872831344604492 28.87995147705078 -3.439124822616577
12.152671813964844 28.97433090209961 -3.421459197998047
0.0 0.0 0.0
0.0 0.0 0.0
0.0 0.0 0.0
0.0 0.0 0.0
53.55902862548828 116.14525604248047 -13.1161470413208
0.0 0.0 0.0
0.0 0.0 0.0
0.0 0.0 0.0
15.421257972717285 31.13674545288086 -3.3774023056030273
0.0 0.0 0.0
0.0 0.0 0.0
16.36061668395996 31.364046096801758 -3.28924298286438
0.0 0.0 0.0
0.0 0.0 0.0
0.0 0.0 0.0
0.0 0.0 0.0
0.0 0.0 0.0
0.0 0.0 0.0
0.0 0.0 0.0
0.0 0.0 0.0
0.0 0.0 0.0
0.0 0.0 0.0
0.0 0.0 0.0
0.0 0.0 0.0
0.0 0.0 0.0
0.0 0.0 0.0
0.0 0.0 0.0
0.0 0.0 0.0
0.0 0.0 0.0
0.0 0.0 0.0
0.0 0.0 0.0
0.0 0.0 0.0
0.0 0.0 0.0
0.0 0.0 0.0
0.0 0.0 0.0
0.0 0.0 0.0
0.0 0.0 0.0
0.0 0.0 0.0
0.0 0.0 0.0
0.0 0.0 0.0
0.0 0.0 0.0
0.0 0.0 0.0
0.0 0.0 0.0
0.0 0.0 0.0
0.0 0.0 0.0
0.0 0.0 0.0
0.0 0.0 0.0
0.0 0.0 0.0
0.0 0.0 0.0
0.0 0.0 0.0
0.0 0.0 0.0
0.0 0.0 0.0
0.0 0.0 0.0
0.0 0.0 0.0
0.0 0.0 0.0
0.0 0.0 0.0
0.0 0.0 0.0
0.0 0.0 0.0
0.0 0.0 0.0
0.0 0.0 0.0
0.0 0.0 0.0
0.0 0.0 0.0
0.0 0.0 0.0
0.0 0.0 0.0
0.0 0.0 0.0
0.0 0.0 0.0
0.0 0.0 0.0
0.0 0.0 0.0
0.0 0.0 0.0
0.0 0.0 0.0
0.0 0.0 0.0
0.0 0.0 0.0
0.0 0.0 0.0
0.0 0.0 0.0
0.0 0.0 0.0
0.0 0.0 0.0
0.0 0.0 0.0
0.0 0.0 0.0
0.0 0.0 0.0
0.0 0.0 0.0
0.0 0.0 0.0
0.0 0.0 0.0
0.0 0.0 0.0
0.0 0.0 0.0
0.0 0.0 0.0
0.0 0.0 0.0
0.0 0.0 0.0
0.0 0.0 0.0
0.0 0.0 0.0
0.0 0.0 0.0
0.0 0.0 0.0
0.0 0.0 0.0
0.0 0.0 0.0
0.0 0.0 0.0
0.0 0.0 0.0
0.0 0.0 0.0
0.0 0.0 0.0
0.0 0.0 0.0
0.0 0.0 0.0
0.0 0.0 0.0
0.0 0.0 0.0
0.0 0.0 0.0
0.0 0.0 0.0
0.0 0.0 0.0
0.0 0.0 0.0
0.0 0.0 0.0
0.0 0.0 0.0
0.0 0.0 0.0
0.0 0.0 0.0
0.0 0.0 0.0
0.0 0.0 0.0
0.0 0.0 0.0
0.0 0.0 0.0
0.0 0.0 0.0
0.0 0.0 0.0
0.0 0.0 0.0
0.0 0.0 0.0
0.0 0.0 0.0
0.0 0.0 0.0
0.0 0.0 0.0
0.0 0.0 0.0
0.0 0.0 0.0
0.0 0.0 0.0
0.0 0.0 0.0
0.0 0.0 0.0
0.0 0.0 0.0
0.0 0.0 0.0
0.0 0.0 0.0
0.0 0.0 0.0
0.0 0.0 0.0
0.0 0.0 0.0
0.0 0.0 0.0
0.0 0.0 0.0
0.0 0.0 0.0
0.0 0.0 0.0
0.0 0.0 0.0
0.0 0.0 0.0
0.0 0.0 0.0
0.0 0.0 0.0
0.0 0.0 0.0
0.0 0.0 0.0
0.0 0.0 0.0
0.0 0.0 0.0
0.0 0.0 0.0
0.0 0.0 0.0
0.0 0.0 0.0
0.0 0.0 0.0
0.0 0.0 0.0
0.0 0.0 0.0
0.0 0.0 0.0
0.0 0.0 0.0
0.0 0.0 0.0
0.0 0.0 0.0
0.0 0.0 0.0
0.0 0.0 0.0
0.0 0.0 0.0
0.0 0.0 0.0
0.0 0.0 0.0
0.0 0.0 0.0
0.0 0.0 0.0
0.0 0.0 0.0
0.0 0.0 0.0
0.0 0.0 0.0
0.0 0.0 0.0
0.0 0.0 0.0
0.0 0.0 0.0
0.0 0.0 0.0
0.0 0.0 0.0
0.0 0.0 0.0
0.0 0.0 0.0
0.0 0.0 0.0
0.0 0.0 0.0
0.0 0.0 0.0
0.0 0.0 0.0
0.0 0.0 0.0
0.0 0.0 0.0
0.0 0.0 0.0
0.0 0.0 0.0
0.0 0.0 0.0
0.0 0.0 0.0
0.0 0.0 0.0
0.0 0.0 0.0
0.0 0.0 0.0
0.0 0.0 0.0
0.0 0.0 0.0
0.0 0.0 0.0
0.0 0.0 0.0
0.0 0.0 0.0
0.0 0.0 0.0
0.0 0.0 0.0
0.0 0.0 0.0
0.0 0.0 0.0
0.0 0.0 0.0
0.0 0.0 0.0
0.0 0.0 0.0
0.0 0.0 0.0
0.0 0.0 0.0
0.0 0.0 0.0
0.0 0.0 0.0
0.0 0.0 0.0
0.0 0.0 0.0
0.0 0.0 0.0
0.0 0.0 0.0
0.0 0.0 0.0
0.0 0.0 0.0
0.0 0.0 0.0
0.0 0.0 0.0
0.0 0.0 0.0
0.0 0.0 0.0
0.0 0.0 0.0
0.0 0.0 0.0
0.0 0.0 0.0
0.0 0.0 0.0
0.0 0.0 0.0
0.0 0.0 0.0
0.0 0.0 0.0
0.0 0.0 0.0
0.0 0.0 0.0
0.0 0.0 0.0
0.0 0.0 0.0
0.0 0.0 0.0
0.0 0.0 0.0
0.0 0.0 0.0
0.0 0.0 0.0
0.0 0.0 0.0
0.0 0.0 0.0
0.0 0.0 0.0
0.0 0.0 0.0
0.0 0.0 0.0
0.0 0.0 0.0
0.0 0.0 0.0
0.0 0.0 0.0
0.0 0.0 0.0
0.0 0.0 0.0
0.0 0.0 0.0
0.0 0.0 0.0
0.0 0.0 0.0
0.0 0.0 0.0
0.0 0.0 0.0
0.0 0.0 0.0
0.0 0.0 0.0
0.0 0.0 0.0
0.0 0.0 0.0
0.0 0.0 0.0
0.0 0.0 0.0
0.0 0.0 0.0
0.0 0.0 0.0
0.0 0.0 0.0
0.0 0.0 0.0
0.0 0.0 0.0
0.0 0.0 0.0
0.0 0.0 0.0
0.0 0.0 0.0
0.0 0.0 0.0
0.0 0.0 0.0
0.0 0.0 0.0
0.0 0.0 0.0
0.0 0.0 0.0
0.0 0.0 0.0
0.0 0.0 0.0
-8.197089195251465 26.089500427246094 -3.2474257946014404
-7.943784713745117 25.912940979003906 -3.24579119682312
0.0 0.0 0.0
0.0 0.0 0.0
-7.27540922164917 25.643142700195312 -3.273200750350952
-7.084168434143066 25.64928436279297 -3.2922518253326416
0.0 0.0 0.0
-6.702306747436523 25.65339469909668 -3.3290700912475586
-6.509251594543457 25.64397621154785 -3.3461568355560303
-6.234745979309082 25.314128875732422 -3.3206844329833984
0.0 0.0 0.0
0.0 0.0 0.0
-5.66414213180542 25.25701332092285 -3.360400676727295
-5.4778008460998535 25.247751235961914 -3.3751304149627686
-5.279921531677246 25.1962947845459 -3.3826489448547363
0.0 0.0 0.0
-4.88947057723999 25.064966201782227 -3.392155170440674
-4.703758239746094 25.038951873779297 -3.402391195297241
-4.555226802825928 25.213499069213867 -3.4398622512817383
-4.349660873413086 25.09049415588379 -3.4346163272857666
-4.163736820220947 25.053218841552734 -3.440974712371826
-3.9538204669952393 24.85782241821289 -3.425637722015381
-3.780548095703125 24.8826847076416 -3.4407176971435547
-3.631138324737549 25.07505989074707 -3.4780566692352295
0.0 0.0 0.0
-3.26577091217041 25.024259567260742 -3.489466905593872
-3.087193727493286 25.01012420654297 -3.496863603591919
-2.89624285697937 24.887134552001953 -3.489154100418091
-2.7181954383850098 24.862953186035156 -3.493530511856079
-2.5358729362487793 24.79144287109375 -3.490534543991089
-2.3803932666778564 25.01922607421875 -3.5300073623657227
-2.2002904415130615 24.968353271484375 -3.5302584171295166
-2.039668560028076 25.143632888793945 -3.5626771450042725
-1.8584344387054443 25.075286865234375 -3.557861328125
-1.6854277849197388 25.109846115112305 -3.5676488876342773
-1.485733985900879 24.757326126098633 -3.522634744644165
-1.3166835308074951 24.831817626953125 -3.538407325744629
-1.1425436735153198 24.81250762939453 -3.5403988361358643
-0.9797807931900024 25.070510864257812 -3.579834222793579
-0.800201416015625 24.91387176513672 -3.5602433681488037
-0.627505362033844 25.065288543701172 -3.5849006175994873
-0.4508155584335327 24.937076568603516 -3.569687604904175
-0.2763196527957916 24.846494674682617 -3.558640718460083
-0.10419882088899612 24.983070373535156 -3.5785727500915527
0.06988652795553207 25.07204818725586 -3.5918641090393066
0.24418757855892181 25.055408477783203 -3.590200424194336
0.42403608560562134 25.20762062072754 -3.612926959991455
0.5953230261802673 25.03418731689453 -3.5870494842529297
0.7751243710517883 25.215314865112305 -3.6111531257629395
0.9498977661132812 25.194211959838867 -3.6064565181732178
1.1223806142807007 25.12166976928711 -3.5945749282836914
1.2988044023513794 25.090295791625977 -3.5887439250946045
1.4818506240844727 25.224227905273438 -3.6039273738861084
1.6541645526885986 25.16779327392578 -3.5918238162994385
1.8363516330718994 25.252878189086914 -3.600078582763672
2.0180563926696777 25.3173885345459 -3.605553150177002
0.0 0.0 0.0
2.3735604286193848 25.292484283447266 -3.5916008949279785
2.560032844543457 25.380451202392578 -3.5979220867156982
2.751163959503174 25.49781608581543 -3.6085281372070312
2.9268252849578857 25.463876724243164 -3.597867012023926
3.1042890548706055 25.42086410522461 -3.584733724594116
3.29651141166687 25.519195556640625 -3.590050220489502
3.503310203552246 25.711923599243164 -3.6087100505828857
3.6560628414154053 25.50466537475586 -3.5713846683502197
3.853095531463623 25.610301971435547 -3.5780746936798096
0.0 0.0 0.0
4.288928031921387 26.01953125 -3.614389181137085
4.497866153717041 26.15119743347168 -3.6220808029174805
4.641053199768066 25.904069900512695 -3.577517032623291
4.876964092254639 26.169883728027344 -3.6039249897003174
5.037699222564697 26.0274600982666 -3.5714852809906006
5.221621513366699 25.989646911621094 -3.553370475769043
5.479200839996338 26.322673797607422 -3.586193799972534
5.677249431610107 26.354360580444336 -3.5779266357421875
5.897801399230957 26.482982635498047 -3.5819733142852783
6.1102614402771 26.564712524414062 -3.577862501144409
6.305898189544678 26.553604125976562 -3.561077117919922
6.51412296295166 26.605754852294922 -3.5531411170959473
6.750854015350342 26.765230178833008 -3.5595452785491943
6.953986644744873 26.784221649169922 -3.5454821586608887
7.162014007568359 26.816661834716797 -3.532536268234253
7.461301326751709 27.1643123626709 -3.5606849193573
7.585751056671143 26.883325576782227 -3.5067949295043945
0.0 0.0 0.0
0.0 0.0 0.0
8.32520866394043 27.310482025146484 -3.5056674480438232
8.666179656982422 27.724061965942383 -3.538628339767456
8.889463424682617 27.758543014526367 -3.5233051776885986
9.101168632507324 27.75469207763672 -3.5018105506896973
0.0 0.0 0.0
9.651535987854004 28.105205535888672 -3.501995325088501
9.872447967529297 28.1102294921875 -3.480719566345215
10.12447738647461 28.18924331665039 -3.467763900756836
10.388097763061523 28.303951263427734 -3.4574639797210693
10.67015266418457 28.459970474243164 -3.4520280361175537
10.900749206542969 28.472068786621094 -3.429037094116211
11.264866828918457 28.82221031188965 -3.4464921951293945
11.596349716186523 29.062965393066406 -3.4479820728302
11.861719131469727 29.136165618896484 -3.429253101348877
0.0 0.0 0.0
12.45322322845459 29.407997131347656 -3.4059672355651855
0.0 0.0 0.0
0.0 0.0 0.0
0.0 0.0 0.0
0.0 0.0 0.0
14.162786483764648 30.43996238708496 -3.370356321334839
14.44266128540039 30.485137939453125 -3.3421478271484375
0.0 0.0 0.0
0.0 0.0 0.0
0.0 0.0 0.0
15.887310028076172 31.250707626342773 -3.285867214202881
0.0 0.0 0.0
0.0 0.0 0.0
17.0423641204834 31.85672378540039 -3.2356345653533936
0.0 0.0 0.0
0.0 0.0 0.0
0.0 0.0 0.0
0.0 0.0 0.0
0.0 0.0 0.0
0.0 0.0 0.0
0.0 0.0 0.0
20.866302490234375 34.26444625854492 -3.1087656021118164
0.0 0.0 0.0
0.0 0.0 0.0
0.0 0.0 0.0
0.0 0.0 0.0
0.0 0.0 0.0
0.0 0.0 0.0
0.0 0.0 0.0
0.0 0.0 0.0
0.0 0.0 0.0
0.0 0.0 0.0
0.0 0.0 0.0
0.0 0.0 0.0
0.0 0.0 0.0
0.0 0.0 0.0
0.0 0.0 0.0
0.0 0.0 0.0
0.0 0.0 0.0
0.0 0.0 0.0
0.0 0.0 0.0
0.0 0.0 0.0
0.0 0.0 0.0
0.0 0.0 0.0
0.0 0.0 0.0
0.0 0.0 0.0
0.0 0.0 0.0
0.0 0.0 0.0
0.0 0.0 0.0
0.0 0.0 0.0
0.0 0.0 0.0
0.0 0.0 0.0
0.0 0.0 0.0
0.0 0.0 0.0
0.0 0.0 0.0
0.0 0.0 0.0
0.0 0.0 0.0
0.0 0.0 0.0
0.0 0.0 0.0
0.0 0.0 0.0
0.0 0.0 0.0
0.0 0.0 0.0
0.0 0.0 0.0
0.0 0.0 0.0
0.0 0.0 0.0
0.0 0.0 0.0
0.0 0.0 0.0
0.0 0.0 0.0
0.0 0.0 0.0
0.0 0.0 0.0
0.0 0.0 0.0
0.0 0.0 0.0
0.0 0.0 0.0
0.0 0.0 0.0
0.0 0.0 0.0
0.0 0.0 0.0
0.0 0.0 0.0
0.0 0.0 0.0
0.0 0.0 0.0
0.0 0.0 0.0
0.0 0.0 0.0
0.0 0.0 0.0
0.0 0.0 0.0
0.0 0.0 0.0
0.0 0.0 0.0
0.0 0.0 0.0
0.0 0.0 0.0
0.0 0.0 0.0
0.0 0.0 0.0
0.0 0.0 0.0
0.0 0.0 0.0
0.0 0.0 0.0
0.0 0.0 0.0
0.0 0.0 0.0
0.0 0.0 0.0
0.0 0.0 0.0
0.0 0.0 0.0
0.0 0.0 0.0
0.0 0.0 0.0
0.0 0.0 0.0
0.0 0.0 0.0
0.0 0.0 0.0
0.0 0.0 0.0
0.0 0.0 0.0
0.0 0.0 0.0
0.0 0.0 0.0
0.0 0.0 0.0
0.0 0.0 0.0
0.0 0.0 0.0
0.0 0.0 0.0
0.0 0.0 0.0
0.0 0.0 0.0
0.0 0.0 0.0
0.0 0.0 0.0
0.0 0.0 0.0
0.0 0.0 0.0
0.0 0.0 0.0
0.0 0.0 0.0
0.0 0.0 0.0
0.0 0.0 0.0
0.0 0.0 0.0
0.0 0.0 0.0
0.0 0.0 0.0
0.0 0.0 0.0
0.0 0.0 0.0
0.0 0.0 0.0
0.0 0.0 0.0
0.0 0.0 0.0
0.0 0.0 0.0
0.0 0.0 0.0
0.0 0.0 0.0
0.0 0.0 0.0
0.0 0.0 0.0
0.0 0.0 0.0
0.0 0.0 0.0
0.0 0.0 0.0
0.0 0.0 0.0
0.0 0.0 0.0
0.0 0.0 0.0
0.0 0.0 0.0
0.0 0.0 0.0
0.0 0.0 0.0
0.0 0.0 0.0
0.0 0.0 0.0
0.0 0.0 0.0
0.0 0.0 0.0
0.0 0.0 0.0
0.0 0.0 0.0
0.0 0.0 0.0
0.0 0.0 0.0
0.0 0.0 0.0
0.0 0.0 0.0
0.0 0.0 0.0
0.0 0.0 0.0
0.0 0.0 0.0
0.0 0.0 0.0
0.0 0.0 0.0
0.0 0.0 0.0
0.0 0.0 0.0
0.0 0.0 0.0
0.0 0.0 0.0
0.0 0.0 0.0
0.0 0.0 0.0
0.0 0.0 0.0
0.0 0.0 0.0
0.0 0.0 0.0
0.0 0.0 0.0
0.0 0.0 0.0
0.0 0.0 0.0
0.0 0.0 0.0
0.0 0.0 0.0
0.0 0.0 0.0
0.0 0.0 0.0
0.0 0.0 0.0
0.0 0.0 0.0
0.0 0.0 0.0
0.0 0.0 0.0
0.0 0.0 0.0
0.0 0.0 0.0
0.0 0.0 0.0
0.0 0.0 0.0
0.0 0.0 0.0
0.0 0.0 0.0
0.0 0.0 0.0
0.0 0.0 0.0
0.0 0.0 0.0
0.0 0.0 0.0
0.0 0.0 0.0
0.0 0.0 0.0
0.0 0.0 0.0
0.0 0.0 0.0
0.0 0.0 0.0
0.0 0.0 0.0
0.0 0.0 0.0
0.0 0.0 0.0
0.0 0.0 0.0
0.0 0.0 0.0
0.0 0.0 0.0
0.0 0.0 0.0
0.0 0.0 0.0
0.0 0.0 0.0
0.0 0.0 0.0
0.0 0.0 0.0
0.0 0.0 0.0
0.0 0.0 0.0
0.0 0.0 0.0
0.0 0.0 0.0
0.0 0.0 0.0
0.0 0.0 0.0
0.0 0.0 0.0
0.0 0.0 0.0
0.0 0.0 0.0
0.0 0.0 0.0
0.0 0.0 0.0
0.0 0.0 0.0
0.0 0.0 0.0
0.0 0.0 0.0
0.0 0.0 0.0
0.0 0.0 0.0
0.0 0.0 0.0
0.0 0.0 0.0
0.0 0.0 0.0
0.0 0.0 0.0
0.0 0.0 0.0
0.0 0.0 0.0
0.0 0.0 0.0
0.0 0.0 0.0
0.0 0.0 0.0
0.0 0.0 0.0
0.0 0.0 0.0
0.0 0.0 0.0
0.0 0.0 0.0
0.0 0.0 0.0
0.0 0.0 0.0
0.0 0.0 0.0
0.0 0.0 0.0
0.0 0.0 0.0
0.0 0.0 0.0
0.0 0.0 0.0
-14.175910949707031 28.495058059692383 -2.842083215713501
0.0 0.0 0.0
0.0 0.0 0.0
0.0 0.0 0.0
0.0 0.0 0.0
0.0 0.0 0.0
0.0 0.0 0.0
0.0 0.0 0.0
0.0 0.0 0.0
0.0 0.0 0.0
0.0 0.0 0.0
0.0 0.0 0.0
0.0 0.0 0.0
0.0 0.0 0.0
0.0 0.0 0.0
0.0 0.0 0.0
0.0 0.0 0.0
0.0 0.0 0.0
0.0 0.0 0.0
0.0 0.0 0.0
0.0 0.0 0.0
0.0 0.0 0.0
0.0 0.0 0.0
0.0 0.0 0.0
-7.880143642425537 26.034624099731445 -3.2168312072753906
-7.664255142211914 25.97032356262207 -3.2293808460235596
-7.4640302658081055 25.95681381225586 -3.2468531131744385
-7.273570537567139 25.975563049316406 -3.267421245574951
-7.091572284698486 26.022781372070312 -3.291688919067383
-6.846367359161377 25.84465980529785 -3.287790536880493
-6.666962623596191 25.896472930908203 -3.312727451324463
0.0 0.0 0.0
-6.254526138305664 25.774362564086914 -3.328814744949341
-6.054267406463623 25.727832794189453 -3.338777780532837
-5.85336446762085 25.688026428222656 -3.3499720096588135
0.0 0.0 0.0
0.0 0.0 0.0
-5.241107940673828 25.440738677978516 -3.359971761703491
-5.08779764175415 25.595813751220703 -3.394383192062378
-4.88136625289917 25.499431610107422 -3.3958547115325928
-4.668156147003174 25.340269088745117 -3.3867132663726807
-4.489916801452637 25.362499237060547 -3.401320219039917
-4.303163051605225 25.33384132385254 -3.4092373847961426
-4.113917350769043 25.284704208374023 -3.4145023822784424
-3.9195902347564697 25.21550178527832 -3.417092800140381
-3.7609944343566895 25.35923957824707 -3.44606614112854
0.0 0.0 0.0
-3.3775551319122314 25.187042236328125 -3.4419522285461426
-3.1981122493743896 25.1774959564209 -3.450500249862671
-3.0186774730682373 25.166845321655273 -3.4580020904541016
-2.844543695449829 25.224689483642578 -3.473334312438965
-2.655388832092285 25.115522384643555 -3.465684413909912
0.0 0.0 0.0
-2.3184502124786377 25.289926528930664 -3.5050950050354004
-2.1280009746551514 25.13467788696289 -3.489680290222168
-1.9425848722457886 25.05167579650879 -3.4834043979644775
-1.7785106897354126 25.210277557373047 -3.510817766189575
-1.5933889150619507 25.06661033630371 -3.4962968826293945
-1.419323205947876 25.083843231201172 -3.5043630599975586
-1.249605655670166 25.189088821411133 -3.5222887992858887
-1.0716612339019775 25.20833396911621 -3.5279793739318848
-0.89418625831604 25.15662956237793 -3.5238537788391113
-0.7204667329788208 25.208087921142578 -3.5343480110168457
-0.545642614364624 25.239030838012695 -3.5419178009033203
-0.3687755763530731 25.1530818939209 -3.530660390853882
-0.19175408780574799 25.298009872436523 -3.5520026683807373
-0.01577756181359291 25.27535057067871 -3.5499753952026367
0.16029077768325806 25.31722640991211 -3.557185411453247
0.3357004225254059 25.26517105102539 -3.550419569015503
0.5138245224952698 25.382375717163086 -3.565422296524048
0.688861608505249 25.324312210083008 -3.555974006652832
0.8699879050254822 25.37318992614746 -3.5616958141326904
1.0438776016235352 25.30494499206543 -3.5511701107025146
1.2268246412277222 25.440505981445312 -3.567868709564209
1.407546877861023 25.497676849365234 -3.5723259449005127
1.582429051399231 25.449325561523438 -3.56217098236084
1.7681154012680054 25.515338897705078 -3.568131685256958
1.9475818872451782 25.530092239379883 -3.567147731781006
2.145073175430298 25.755943298339844 -3.5935869216918945
2.309365749359131 25.575754165649414 -3.5628201961517334
2.488656520843506 25.575544357299805 -3.5573363304138184
2.6754751205444336 25.612226486206055 -3.557042360305786
2.866389274597168 25.70943832397461 -3.5653955936431885
3.0382609367370605 25.632699966430664 -3.5468828678131104
3.258121967315674 25.942617416381836 -3.581946849822998
0.0 0.0 0.0
3.622074604034424 25.89727783203125 -3.5604312419891357
3.8442890644073486 26.160245895385742 -3.5884740352630615
0.0 0.0 0.0
4.194188594818115 26.01996421813965 -3.549351692199707
4.379309177398682 26.014846801757812 -3.5389389991760254
4.561883926391602 25.993154525756836 -3.5264315605163574
4.78844690322876 26.194589614868164 -3.5426106452941895
4.976624011993408 26.193241119384766 -3.530313491821289
5.203442573547363 26.384273529052734 -3.5439863204956055
5.4013566970825195 26.417858123779297 -3.536548614501953
5.5893425941467285 26.400741577148438 -3.522470712661743
0.0 0.0 0.0
6.02107048034668 26.592803955078125 -3.519909143447876
6.257792949676514 26.771474838256836 -3.5294830799102783
6.452579498291016 26.763626098632812 -3.5145225524902344
6.727032661437988 27.07408332824707 -3.540756940841675
6.9448628425598145 27.130029678344727 -3.5311715602874756
7.168436527252197 27.215045928955078 -3.525688409805298
7.3896918296813965 27.283246994018555 -3.518028974533081
7.615142822265625 27.360946655273438 -3.5116384029388428
7.770522117614746 27.187286376953125 -3.4716827869415283
0.0 0.0 0.0
8.302441596984863 27.575159072875977 -3.4832887649536133
8.51915454864502 27.597457885742188 -3.4674570560455322
0.0 0.0 0.0
9.027435302734375 27.86248016357422 -3.460735321044922
9.290603637695312 28.008365631103516 -3.457719087600708
9.559552192687988 28.15088653564453 -3.453791379928589
0.0 0.0 0.0
10.05606746673584 28.314300537109375 -3.4301297664642334
10.422353744506836 28.71034049987793 -3.454394578933716
10.698810577392578 28.84429168701172 -3.4467430114746094
10.911041259765625 28.78935432434082 -3.416091203689575
11.219844818115234 28.995107650756836 -3.4162826538085938
11.46107006072998 29.017444610595703 -3.3930346965789795
11.789019584655762 29.250259399414062 -3.3941733837127686
0.0 0.0 0.0
0.0 0.0 0.0
0.0 0.0 0.0
0.0 0.0 0.0
0.0 0.0 0.0
0.0 0.0 0.0
0.0 0.0 0.0
0.0 0.0 0.0
0.0 0.0 0.0
0.0 0.0 0.0
15.323534965515137 30.9403018951416 -3.2507808208465576
15.75180435180664 31.257211685180664 -3.2487924098968506
16.263748168945312 31.71312141418457 -3.259654998779297
0.0 0.0 0.0
0.0 0.0 0.0
17.32564353942871 32.1188850402832 -3.1878302097320557
0.0 0.0 0.0
0.0 0.0 0.0
0.0 0.0 0.0
0.0 0.0 0.0
0.0 0.0 0.0
0.0 0.0 0.0
0.0 0.0 0.0
0.0 0.0 0.0
0.0 0.0 0.0
0.0 0.0 0.0
0.0 0.0 0.0
0.0 0.0 0.0
0.0 0.0 0.0
0.0 0.0 0.0
0.0 0.0 0.0
0.0 0.0 0.0
0.0 0.0 0.0
0.0 0.0 0.0
0.0 0.0 0.0
0.0 0.0 0.0
0.0 0.0 0.0
0.0 0.0 0.0
0.0 0.0 0.0
0.0 0.0 0.0
0.0 0.0 0.0
0.0 0.0 0.0
0.0 0.0 0.0
0.0 0.0 0.0
0.0 0.0 0.0
0.0 0.0 0.0
0.0 0.0 0.0
0.0 0.0 0.0
0.0 0.0 0.0
0.0 0.0 0.0
0.0 0.0 0.0
0.0 0.0 0.0
0.0 0.0 0.0
0.0 0.0 0.0
0.0 0.0 0.0
0.0 0.0 0.0
0.0 0.0 0.0
0.0 0.0 0.0
0.0 0.0 0.0
0.0 0.0 0.0
0.0 0.0 0.0
0.0 0.0 0.0
0.0 0.0 0.0
0.0 0.0 0.0
0.0 0.0 0.0
0.0 0.0 0.0
0.0 0.0 0.0
0.0 0.0 0.0
0.0 0.0 0.0
0.0 0.0 0.0
0.0 0.0 0.0
0.0 0.0 0.0
0.0 0.0 0.0
0.0 0.0 0.0
0.0 0.0 0.0
0.0 0.0 0.0
0.0 0.0 0.0
0.0 0.0 0.0
0.0 0.0 0.0
0.0 0.0 0.0
0.0 0.0 0.0
0.0 0.0 0.0
0.0 0.0 0.0
0.0 0.0 0.0
0.0 0.0 0.0
0.0 0.0 0.0
0.0 0.0 0.0
0.0 0.0 0.0
0.0 0.0 0.0
0.0 0.0 0.0
0.0 0.0 0.0
0.0 0.0 0.0
0.0 0.0 0.0
0.0 0.0 0.0
0.0 0.0 0.0
0.0 0.0 0.0
0.0 0.0 0.0
0.0 0.0 0.0
0.0 0.0 0.0
0.0 0.0 0.0
0.0 0.0 0.0
0.0 0.0 0.0
0.0 0.0 0.0
0.0 0.0 0.0
0.0 0.0 0.0
0.0 0.0 0.0
0.0 0.0 0.0
0.0 0.0 0.0
0.0 0.0 0.0
0.0 0.0 0.0
0.0 0.0 0.0
0.0 0.0 0.0
0.0 0.0 0.0
0.0 0.0 0.0
0.0 0.0 0.0
0.0 0.0 0.0
0.0 0.0 0.0
0.0 0.0 0.0
0.0 0.0 0.0
0.0 0.0 0.0
0.0 0.0 0.0
0.0 0.0 0.0
0.0 0.0 0.0
0.0 0.0 0.0
0.0 0.0 0.0
0.0 0.0 0.0
0.0 0.0 0.0
0.0 0.0 0.0
0.0 0.0 0.0
0.0 0.0 0.0
0.0 0.0 0.0
0.0 0.0 0.0
0.0 0.0 0.0
0.0 0.0 0.0
0.0 0.0 0.0
0.0 0.0 0.0
0.0 0.0 0.0
0.0 0.0 0.0
0.0 0.0 0.0
0.0 0.0 0.0
0.0 0.0 0.0
0.0 0.0 0.0
0.0 0.0 0.0
0.0 0.0 0.0
0.0 0.0 0.0
0.0 0.0 0.0
0.0 0.0 0.0
0.0 0.0 0.0
0.0 0.0 0.0
0.0 0.0 0.0
0.0 0.0 0.0
0.0 0.0 0.0
0.0 0.0 0.0
0.0 0.0 0.0
0.0 0.0 0.0
0.0 0.0 0.0
0.0 0.0 0.0
0.0 0.0 0.0
0.0 0.0 0.0
0.0 0.0 0.0
0.0 0.0 0.0
0.0 0.0 0.0
0.0 0.0 0.0
0.0 0.0 0.0
0.0 0.0 0.0
0.0 0.0 0.0
0.0 0.0 0.0
0.0 0.0 0.0
0.0 0.0 0.0
0.0 0.0 0.0
0.0 0.0 0.0
0.0 0.0 0.0
0.0 0.0 0.0
0.0 0.0 0.0
0.0 0.0 0.0
0.0 0.0 0.0
0.0 0.0 0.0
0.0 0.0 0.0
0.0 0.0 0.0
0.0 0.0 0.0
0.0 0.0 0.0
0.0 0.0 0.0
0.0 0.0 0.0
0.0 0.0 0.0
0.0 0.0 0.0
0.0 0.0 0.0
0.0 0.0 0.0
0.0 0.0 0.0
0.0 0.0 0.0
0.0 0.0 0.0
0.0 0.0 0.0
0.0 0.0 0.0
0.0 0.0 0.0
0.0 0.0 0.0
0.0 0.0 0.0
0.0 0.0 0.0
0.0 0.0 0.0
0.0 0.0 0.0
0.0 0.0 0.0
0.0 0.0 0.0
0.0 0.0 0.0
0.0 0.0 0.0
0.0 0.0 0.0
0.0 0.0 0.0
0.0 0.0 0.0
0.0 0.0 0.0
0.0 0.0 0.0
0.0 0.0 0.0
0.0 0.0 0.0
0.0 0.0 0.0
0.0 0.0 0.0
0.0 0.0 0.0
0.0 0.0 0.0
0.0 0.0 0.0
0.0 0.0 0.0
0.0 0.0 0.0
0.0 0.0 0.0
0.0 0.0 0.0
0.0 0.0 0.0
0.0 0.0 0.0
0.0 0.0 0.0
0.0 0.0 0.0
0.0 0.0 0.0
0.0 0.0 0.0
0.0 0.0 0.0
0.0 0.0 0.0
0.0 0.0 0.0
0.0 0.0 0.0
0.0 0.0 0.0
0.0 0.0 0.0
0.0 0.0 0.0
0.0 0.0 0.0
0.0 0.0 0.0
0.0 0.0 0.0
-16.196918487548828 29.64795684814453 -2.689434051513672
0.0 0.0 0.0
0.0 0.0 0.0
0.0 0.0 0.0
0.0 0.0 0.0
0.0 0.0 0.0
0.0 0.0 0.0
0.0 0.0 0.0
0.0 0.0 0.0
0.0 0.0 0.0
0.0 0.0 0.0
0.0 0.0 0.0
0.0 0.0 0.0
0.0 0.0 0.0
0.0 0.0 0.0
0.0 0.0 0.0
0.0 0.0 0.0
0.0 0.0 0.0
0.0 0.0 0.0
0.0 0.0 0.0
0.0 0.0 0.0
0.0 0.0 0.0
0.0 0.0 0.0
0.0 0.0 0.0
0.0 0.0 0.0
0.0 0.0 0.0
0.0 0.0 0.0
0.0 0.0 0.0
0.0 0.0 0.0
0.0 0.0 0.0
0.0 0.0 0.0
0.0 0.0 0.0
0.0 0.0 0.0
-7.1914143562316895 26.037139892578125 -3.218844413757324
0.0 0.0 0.0
-6.790360927581787 25.990489959716797 -3.248532295227051
-6.610548496246338 26.042078018188477 -3.2712600231170654
0.0 0.0 0.0
0.0 0.0 0.0
0.0 0.0 0.0
-5.81023645401001 25.90778160095215 -3.317917585372925
-5.585646629333496 25.744504928588867 -3.311342716217041
-5.386137962341309 25.701339721679688 -3.3204586505889893
0.0 0.0 0.0
-4.999477863311768 25.62853240966797 -3.338860511779785
0.0 0.0 0.0
-4.63866662979126 25.676311492919922 -3.3692572116851807
0.0 0.0 0.0
-4.252730846405029 25.58955192565918 -3.3827216625213623
-4.062374114990234 25.544095993041992 -3.3870956897735596
0.0 0.0 0.0
-3.6921682357788086 25.49884605407715 -3.4010956287384033
0.0 0.0 0.0
-3.317000150680542 25.41792869567871 -3.410815954208374
-3.1336328983306885 25.389053344726562 -3.4146571159362793
-2.949486494064331 25.347318649291992 -3.416900873184204
0.0 0.0 0.0
-2.591675281524658 25.340757369995117 -3.432187557220459
0.0 0.0 0.0
-2.2224645614624023 25.225780487060547 -3.429673910140991
-2.062398910522461 25.42863655090332 -3.4629948139190674
-1.8799546957015991 25.367990493774414 -3.4606311321258545
-1.7080442905426025 25.448932647705078 -3.4777491092681885
-1.5177379846572876 25.29340934753418 -3.4612998962402344
0.0 0.0 0.0
-1.1748332977294922 25.51178550720215 -3.498577117919922
-0.9912325739860535 25.363988876342773 -3.482234001159668
-0.8178198337554932 25.466304779052734 -3.5003883838653564
-0.635235607624054 25.382099151611328 -3.4908926486968994
-0.46182718873023987 25.563621520996094 -3.5173213481903076
-0.28321585059165955 25.500164031982422 -3.510219097137451
-0.10605564713478088 25.567035675048828 -3.5212273597717285
0.07152120769023895 25.45466423034668 -3.507716178894043
0.24793460965156555 25.40336036682129 -3.499973773956299
0.42975088953971863 25.524917602539062 -3.516058921813965
0.6063091158866882 25.48662757873535 -3.510305643081665
0.7851855158805847 25.532207489013672 -3.5162734985351562
0.9634613990783691 25.54953384399414 -3.5180459022521973
1.1415947675704956 25.55048370361328 -3.515171527862549
0.0 0.0 0.0
1.5162285566329956 25.807334899902344 -3.544905185699463
1.6793477535247803 25.549564361572266 -3.5070035457611084
1.8634392023086548 25.62672996520996 -3.5142035484313965
2.0602364540100098 25.845552444458008 -3.5391316413879395
2.2404422760009766 25.800424575805664 -3.5279667377471924
2.4319355487823486 25.912307739257812 -3.538508892059326
0.0 0.0 0.0
2.797727346420288 25.928077697753906 -3.5299763679504395
2.9883487224578857 25.99773406982422 -3.5323688983917236
3.1732518672943115 25.984947204589844 -3.5235893726348877
3.395280122756958 26.2822208404541 -3.557058095932007
3.5708930492401123 26.205556869506836 -3.54002046585083
3.76253342628479 26.246856689453125 -3.536714792251587
0.0 0.0 0.0
4.141556262969971 26.283275604248047 -3.5233607292175293
4.312627792358398 26.16327476501465 -3.4982566833496094
4.528301239013672 26.32897186279297 -3.5113556385040283
4.735373497009277 26.432296752929688 -3.5137341022491455
5.001304626464844 26.83858299255371 -3.5562849044799805
5.189725399017334 26.812755584716797 -3.541574716567993
5.344701290130615 26.6026611328125 -3.5025718212127686
5.574637413024902 26.78322982788086 -3.5143120288848877
5.749237060546875 26.689252853393555 -3.4885082244873047
5.977329730987549 26.840023040771484 -3.494814395904541
6.180870056152344 26.871845245361328 -3.4856724739074707
6.416413307189941 27.01823616027832 -3.4911880493164062
6.660630226135254 27.205198287963867 -3.50028395652771
6.896054267883301 27.34115982055664 -3.5020551681518555
7.107170104980469 27.37390899658203 -3.4906466007232666
7.298285484313965 27.32632064819336 -3.4691002368927
7.571152687072754 27.56454849243164 -3.483293294906616
7.781150817871094 27.577545166015625 -3.4672257900238037
8.011336326599121 27.65593910217285 -3.459404706954956
8.187734603881836 27.546566009521484 -3.4282174110412598
0.0 0.0 0.0
0.0 0.0 0.0
8.959090232849121 27.979793548583984 -3.4251089096069336
9.235509872436523 28.16684341430664 -3.4279119968414307
9.57154655456543 28.520729064941406 -3.4507369995117188
9.833333969116211 28.64017677307129 -3.4448037147521973
0.0 0.0 0.0
0.0 0.0 0.0
10.618714332580566 28.932533264160156 -3.4111485481262207
10.883777618408203 29.028358459472656 -3.39970064163208
0.0 0.0 0.0
11.395173072814941 29.152130126953125 -3.364999771118164
11.696191787719727 29.308639526367188 -3.3575665950775146
0.0 0.0 0.0
0.0 0.0 0.0
12.666634559631348 29.91292381286621 -3.3472347259521484
0.0 0.0 0.0
13.27743911743164 30.169769287109375 -3.3194808959960938
0.0 0.0 0.0
0.0 0.0 0.0
0.0 0.0 0.0
0.0 0.0 0.0
0.0 0.0 0.0
15.340353965759277 31.242916107177734 -3.2477402687072754
0.0 0.0 0.0
16.06169891357422 31.591827392578125 -3.2151544094085693
0.0 0.0 0.0
0.0 0.0 0.0
0.0 0.0 0.0
0.0 0.0 0.0
0.0 0.0 0.0
0.0 0.0 0.0
0.0 0.0 0.0
0.0 0.0 0.0
0.0 0.0 0.0
0.0 0.0 0.0
0.0 0.0 0.0
0.0 0.0 0.0
0.0 0.0 0.0
0.0 0.0 0.0
0.0 0.0 0.0
0.0 0.0 0.0
0.0 0.0 0.0
0.0 0.0 0.0
0.0 0.0 0.0
0.0 0.0 0.0
0.0 0.0 0.0
0.0 0.0 0.0
0.0 0.0 0.0
0.0 0.0 0.0
0.0 0.0 0.0
0.0 0.0 0.0
0.0 0.0 0.0
0.0 0.0 0.0
0.0 0.0 0.0
0.0 0.0 0.0
0.0 0.0 0.0
0.0 0.0 0.0
0.0 0.0 0.0
0.0 0.0 0.0
0.0 0.0 0.0
0.0 0.0 0.0
0.0 0.0 0.0
0.0 0.0 0.0
0.0 0.0 0.0
0.0 0.0 0.0
0.0 0.0 0.0
0.0 0.0 0.0
0.0 0.0 0.0
0.0 0.0 0.0
0.0 0.0 0.0
0.0 0.0 0.0
0.0 0.0 0.0
0.0 0.0 0.0
0.0 0.0 0.0
0.0 0.0 0.0
0.0 0.0 0.0
0.0 0.0 0.0
0.0 0.0 0.0
0.0 0.0 0.0
0.0 0.0 0.0
0.0 0.0 0.0
0.0 0.0 0.0
0.0 0.0 0.0
0.0 0.0 0.0
0.0 0.0 0.0
0.0 0.0 0.0
0.0 0.0 0.0
0.0 0.0 0.0
0.0 0.0 0.0
0.0 0.0 0.0
0.0 0.0 0.0
0.0 0.0 0.0
0.0 0.0 0.0
0.0 0.0 0.0
0.0 0.0 0.0
0.0 0.0 0.0
0.0 0.0 0.0
0.0 0.0 0.0
0.0 0.0 0.0
0.0 0.0 0.0
0.0 0.0 0.0
0.0 0.0 0.0
0.0 0.0 0.0
0.0 0.0 0.0
0.0 0.0 0.0
0.0 0.0 0.0
0.0 0.0 0.0
0.0 0.0 0.0
0.0 0.0 0.0
0.0 0.0 0.0
0.0 0.0 0.0
0.0 0.0 0.0
0.0 0.0 0.0
0.0 0.0 0.0
0.0 0.0 0.0
0.0 0.0 0.0
0.0 0.0 0.0
0.0 0.0 0.0
0.0 0.0 0.0
0.0 0.0 0.0
0.0 0.0 0.0
0.0 0.0 0.0
0.0 0.0 0.0
0.0 0.0 0.0
0.0 0.0 0.0
0.0 0.0 0.0
0.0 0.0 0.0
0.0 0.0 0.0
0.0 0.0 0.0
0.0 0.0 0.0
0.0 0.0 0.0
0.0 0.0 0.0
0.0 0.0 0.0
0.0 0.0 0.0
0.0 0.0 0.0
0.0 0.0 0.0
0.0 0.0 0.0
0.0 0.0 0.0
0.0 0.0 0.0
0.0 0.0 0.0
0.0 0.0 0.0
0.0 0.0 0.0
0.0 0.0 0.0
0.0 0.0 0.0
0.0 0.0 0.0
0.0 0.0 0.0
0.0 0.0 0.0
0.0 0.0 0.0
0.0 0.0 0.0
0.0 0.0 0.0
0.0 0.0 0.0
0.0 0.0 0.0
0.0 0.0 0.0
0.0 0.0 0.0
0.0 0.0 0.0
0.0 0.0 0.0
0.0 0.0 0.0
0.0 0.0 0.0
0.0 0.0 0.0
0.0 0.0 0.0
0.0 0.0 0.0
0.0 0.0 0.0
0.0 0.0 0.0
0.0 0.0 0.0
0.0 0.0 0.0
0.0 0.0 0.0
0.0 0.0 0.0
0.0 0.0 0.0
0.0 0.0 0.0
0.0 0.0 0.0
0.0 0.0 0.0
0.0 0.0 0.0
0.0 0.0 0.0
0.0 0.0 0.0
0.0 0.0 0.0
0.0 0.0 0.0
0.0 0.0 0.0
0.0 0.0 0.0
0.0 0.0 0.0
0.0 0.0 0.0
0.0 0.0 0.0
0.0 0.0 0.0
0.0 0.0 0.0
0.0 0.0 0.0
0.0 0.0 0.0
0.0 0.0 0.0
0.0 0.0 0.0
0.0 0.0 0.0
0.0 0.0 0.0
0.0 0.0 0.0
0.0 0.0 0.0
0.0 0.0 0.0
0.0 0.0 0.0
0.0 0.0 0.0
0.0 0.0 0.0
0.0 0.0 0.0
0.0 0.0 0.0
0.0 0.0 0.0
0.0 0.0 0.0
0.0 0.0 0.0
0.0 0.0 0.0
0.0 0.0 0.0
0.0 0.0 0.0
0.0 0.0 0.0
0.0 0.0 0.0
0.0 0.0 0.0
0.0 0.0 0.0
0.0 0.0 0.0
0.0 0.0 0.0
-89.13981628417969 165.1982421875 18.953462600708008
0.0 0.0 0.0
0.0 0.0 0.0
0.0 0.0 0.0
0.0 0.0 0.0
0.0 0.0 0.0
0.0 0.0 0.0
0.0 0.0 0.0
0.0 0.0 0.0
0.0 0.0 0.0
0.0 0.0 0.0
0.0 0.0 0.0
0.0 0.0 0.0
0.0 0.0 0.0
0.0 0.0 0.0
0.0 0.0 0.0
0.0 0.0 0.0
0.0 0.0 0.0
0.0 0.0 0.0
0.0 0.0 0.0
0.0 0.0 0.0
0.0 0.0 0.0
0.0 0.0 0.0
0.0 0.0 0.0
0.0 0.0 0.0
0.0 0.0 0.0
0.0 0.0 0.0
0.0 0.0 0.0
0.0 0.0 0.0
0.0 0.0 0.0
0.0 0.0 0.0
0.0 0.0 0.0
0.0 0.0 0.0
0.0 0.0 0.0
0.0 0.0 0.0
0.0 0.0 0.0
0.0 0.0 0.0
0.0 0.0 0.0
0.0 0.0 0.0
0.0 0.0 0.0
-15.62653636932373 29.32413101196289 -2.681674003601074
0.0 0.0 0.0
0.0 0.0 0.0
0.0 0.0 0.0
0.0 0.0 0.0
0.0 0.0 0.0
0.0 0.0 0.0
0.0 0.0 0.0
0.0 0.0 0.0
0.0 0.0 0.0
0.0 0.0 0.0
0.0 0.0 0.0
0.0 0.0 0.0
0.0 0.0 0.0
0.0 0.0 0.0
0.0 0.0 0.0
0.0 0.0 0.0
0.0 0.0 0.0
0.0 0.0 0.0
0.0 0.0 0.0
0.0 0.0 0.0
0.0 0.0 0.0
0.0 0.0 0.0
0.0 0.0 0.0
0.0 0.0 0.0
0.0 0.0 0.0
0.0 0.0 0.0
-8.257119178771973 26.602123260498047 -3.1461021900177
0.0 0.0 0.0
0.0 0.0 0.0
-7.6028618812561035 26.44042205810547 -3.1829183101654053
-7.396190166473389 26.41139793395996 -3.1980838775634766
0.0 0.0 0.0
0.0 0.0 0.0
-6.709694862365723 26.057374954223633 -3.2056431770324707
0.0 0.0 0.0
-6.349264621734619 26.16209602355957 -3.2516837120056152
-6.129000663757324 26.04481315612793 -3.251769542694092
-5.922236919403076 25.99073600769043 -3.2596070766448975
-5.707404613494873 25.877548217773438 -3.2597880363464355
-5.509591579437256 25.834735870361328 -3.2688801288604736
0.0 0.0 0.0
-5.139250755310059 25.859060287475586 -3.2982726097106934
-4.927793502807617 25.748106002807617 -3.2965710163116455
-4.772360324859619 25.913190841674805 -3.330166816711426
-4.586034297943115 25.913206100463867 -3.3427462577819824
-4.3802714347839355 25.7974796295166 -3.339154005050659
0.0 0.0 0.0
-4.025057792663574 25.902667999267578 -3.373291015625
0.0 0.0 0.0
-3.643144130706787 25.80689811706543 -3.3816678524017334
-3.420604944229126 25.511451721191406 -3.3515264987945557
-3.24965763092041 25.587011337280273 -3.3695738315582275
-3.081974506378174 25.696025848388672 -3.3922359943389893
0.0 0.0 0.0
-2.696561813354492 25.502742767333984 -3.383793830871582
0.0 0.0 0.0
0.0 0.0 0.0
-2.173328399658203 25.669918060302734 -3.4238409996032715
-1.9863508939743042 25.61794662475586 -3.4232711791992188
-1.7834843397140503 25.286428451538086 -3.384720802307129
-1.6316906213760376 25.676191329956055 -3.4406676292419434
-1.4452589750289917 25.54705047607422 -3.4272806644439697
-1.274511694908142 25.69498062133789 -3.4512312412261963
-1.0857049226760864 25.54018211364746 -3.434760808944702
-0.9100604057312012 25.604597091674805 -3.4466946125030518
-0.7298513650894165 25.53644371032715 -3.4393088817596436
-0.5560253262519836 25.72634506225586 -3.4668569564819336
-0.3758928179740906 25.647960662841797 -3.4584243297576904
-0.1961814910173416 25.901254653930664 -3.494941234588623
-0.015898993238806725 25.739295959472656 -3.4738047122955322
0.16344678401947021 25.781408309936523 -3.4792325496673584
0.34373801946640015 25.849363327026367 -3.488316297531128
0.5220819115638733 25.77285385131836 -3.4780726432800293
0.703380286693573 25.842166900634766 -3.4876768589019775
0.8846920728683472 25.79047203063965 -3.4787347316741943
1.0629948377609253 25.76093101501465 -3.472349166870117
1.252336859703064 25.962158203125 -3.497218608856201
1.4319342374801636 25.937807083129883 -3.4918558597564697
1.6037813425064087 25.78854751586914 -3.469856023788452
1.7890548706054688 25.81985855102539 -3.4695286750793457
1.9856542348861694 26.031511306762695 -3.49357008934021
2.1733946800231934 26.098913192749023 -3.498370885848999
0.0 0.0 0.0
2.5505728721618652 26.214290618896484 -3.5053014755249023
2.726104974746704 26.100486755371094 -3.483457326889038
2.902050495147705 26.03203010559082 -3.467989444732666
3.077174663543701 25.962385177612305 -3.45255446434021
3.3047714233398438 26.314220428466797 -3.493255138397217
3.495797634124756 26.35335922241211 -3.4914138317108154
3.6737730503082275 26.26813316345215 -3.4714677333831787
3.8741416931152344 26.36223793029785 -3.475515127182007
4.07717752456665 26.462482452392578 -3.480463981628418
4.276645183563232 26.530622482299805 -3.48129940032959
4.463896751403809 26.51724624633789 -3.4697632789611816
4.663719177246094 26.575204849243164 -3.466728687286377
4.894556522369385 26.775896072387695 -3.482156753540039
5.088242530822754 26.781116485595703 -3.472414493560791
5.282988548278809 26.788738250732422 -3.463120222091675
5.506737232208252 26.935739517211914 -3.4695465564727783
5.703199863433838 26.940641403198242 -3.4575393199920654
5.89025354385376 26.882797241210938 -3.437403440475464
6.197597503662109 27.3725528717041 -3.4874417781829834
0.0 0.0 0.0
6.578693389892578 27.288387298583984 -3.4487431049346924
6.884955883026123 27.71098518371582 -3.487103223800659
7.087156295776367 27.686622619628906 -3.468881368637085
7.2921366691589355 27.684066772460938 -3.453768491744995
7.508296012878418 27.721418380737305 -3.442269802093506
7.733278274536133 27.7831974029541 -3.432844400405884
7.953930854797363 27.824594497680664 -3.42096209526062
8.19659423828125 27.92282485961914 -3.4157745838165283
8.431763648986816 28.001506805419922 -3.4084246158599854
8.63621711730957 27.974782943725586 -3.3859822750091553
8.956802368164062 28.312786102294922 -3.407538652420044
9.18442153930664 28.34496307373047 -3.392120122909546
9.427583694458008 28.419546127319336 -3.381786584854126
9.765071868896484 28.755939483642578 -3.401024341583252
10.014513969421387 28.829692840576172 -3.388223171234131
0.0 0.0 0.0
10.59473705291748 29.182641983032227 -3.3863272666931152
0.0 0.0 0.0
11.052994728088379 29.16482162475586 -3.3384222984313965
0.0 0.0 0.0
11.614988327026367 29.408708572387695 -3.31856369972229
0.0 0.0 0.0
12.24627685546875 29.79016876220703 -3.311826229095459
0.0 0.0 0.0
0.0 0.0 0.0
13.14657974243164 30.16360092163086 -3.27289080619812
0.0 0.0 0.0
0.0 0.0 0.0
0.0 0.0 0.0
14.555310249328613 31.00213623046875 -3.2452704906463623
14.736185073852539 30.830312728881836 -3.196955442428589
0.0 0.0 0.0
0.0 0.0 0.0
0.0 0.0 0.0
0.0 0.0 0.0
16.86973762512207 32.339229583740234 -3.1809792518615723
0.0 0.0 0.0
0.0 0.0 0.0
0.0 0.0 0.0
0.0 0.0 0.0
0.0 0.0 0.0
0.0 0.0 0.0
0.0 0.0 0.0
0.0 0.0 0.0
0.0 0.0 0.0
0.0 0.0 0.0
0.0 0.0 0.0
0.0 0.0 0.0
0.0 0.0 0.0
0.0 0.0 0.0
0.0 0.0 0.0
0.0 0.0 0.0
0.0 0.0 0.0
0.0 0.0 0.0
0.0 0.0 0.0
0.0 0.0 0.0
0.0 0.0 0.0
0.0 0.0 0.0
0.0 0.0 0.0
0.0 0.0 0.0
0.0 0.0 0.0
0.0 0.0 0.0
0.0 0.0 0.0
0.0 0.0 0.0
0.0 0.0 0.0
0.0 0.0 0.0
0.0 0.0 0.0
0.0 0.0 0.0
0.0 0.0 0.0
0.0 0.0 0.0
0.0 0.0 0.0
0.0 0.0 0.0
0.0 0.0 0.0
0.0 0.0 0.0
0.0 0.0 0.0
0.0 0.0 0.0
0.0 0.0 0.0
0.0 0.0 0.0
0.0 0.0 0.0
0.0 0.0 0.0
0.0 0.0 0.0
0.0 0.0 0.0
0.0 0.0 0.0
0.0 0.0 0.0
0.0 0.0 0.0
0.0 0.0 0.0
0.0 0.0 0.0
0.0 0.0 0.0
0.0 0.0 0.0
0.0 0.0 0.0
0.0 0.0 0.0
0.0 0.0 0.0
0.0 0.0 0.0
0.0 0.0 0.0
0.0 0.0 0.0
0.0 0.0 0.0
0.0 0.0 0.0
0.0 0.0 0.0
0.0 0.0 0.0
0.0 0.0 0.0
0.0 0.0 0.0
0.0 0.0 0.0
0.0 0.0 0.0
0.0 0.0 0.0
0.0 0.0 0.0
0.0 0.0 0.0
0.0 0.0 0.0
0.0 0.0 0.0
0.0 0.0 0.0
0.0 0.0 0.0
0.0 0.0 0.0
0.0 0.0 0.0
0.0 0.0 0.0
0.0 0.0 0.0
0.0 0.0 0.0
0.0 0.0 0.0
0.0 0.0 0.0
0.0 0.0 0.0
0.0 0.0 0.0
0.0 0.0 0.0
0.0 0.0 0.0
0.0 0.0 0.0
0.0 0.0 0.0
0.0 0.0 0.0
0.0 0.0 0.0
0.0 0.0 0.0
0.0 0.0 0.0
0.0 0.0 0.0
0.0 0.0 0.0
0.0 0.0 0.0
0.0 0.0 0.0
0.0 0.0 0.0
0.0 0.0 0.0
0.0 0.0 0.0
0.0 0.0 0.0
0.0 0.0 0.0
0.0 0.0 0.0
0.0 0.0 0.0
0.0 0.0 0.0
0.0 0.0 0.0
0.0 0.0 0.0
0.0 0.0 0.0
0.0 0.0 0.0
0.0 0.0 0.0
0.0 0.0 0.0
0.0 0.0 0.0
0.0 0.0 0.0
0.0 0.0 0.0
0.0 0.0 0.0
0.0 0.0 0.0
0.0 0.0 0.0
0.0 0.0 0.0
0.0 0.0 0.0
0.0 0.0 0.0
0.0 0.0 0.0
0.0 0.0 0.0
0.0 0.0 0.0
0.0 0.0 0.0
0.0 0.0 0.0
0.0 0.0 0.0
0.0 0.0 0.0
0.0 0.0 0.0
0.0 0.0 0.0
0.0 0.0 0.0
0.0 0.0 0.0
0.0 0.0 0.0
0.0 0.0 0.0
0.0 0.0 0.0
0.0 0.0 0.0
0.0 0.0 0.0
0.0 0.0 0.0
0.0 0.0 0.0
0.0 0.0 0.0
0.0 0.0 0.0
0.0 0.0 0.0
0.0 0.0 0.0
0.0 0.0 0.0
0.0 0.0 0.0
0.0 0.0 0.0
0.0 0.0 0.0
0.0 0.0 0.0
0.0 0.0 0.0
0.0 0.0 0.0
0.0 0.0 0.0
0.0 0.0 0.0
0.0 0.0 0.0
0.0 0.0 0.0
0.0 0.0 0.0
0.0 0.0 0.0
0.0 0.0 0.0
0.0 0.0 0.0
0.0 0.0 0.0
0.0 0.0 0.0
0.0 0.0 0.0
0.0 0.0 0.0
0.0 0.0 0.0
0.0 0.0 0.0
0.0 0.0 0.0
0.0 0.0 0.0
0.0 0.0 0.0
0.0 0.0 0.0
0.0 0.0 0.0
0.0 0.0 0.0
0.0 0.0 0.0
0.0 0.0 0.0
0.0 0.0 0.0
0.0 0.0 0.0
0.0 0.0 0.0
0.0 0.0 0.0
0.0 0.0 0.0
0.0 0.0 0.0
0.0 0.0 0.0
0.0 0.0 0.0
0.0 0.0 0.0
0.0 0.0 0.0
0.0 0.0 0.0
0.0 0.0 0.0
0.0 0.0 0.0
0.0 0.0 0.0
0.0 0.0 0.0
0.0 0.0 0.0
0.0 0.0 0.0
0.0 0.0 0.0
0.0 0.0 0.0
0.0 0.0 0.0
0.0 0.0 0.0
0.0 0.0 0.0
0.0 0.0 0.0
0.0 0.0 0.0
0.0 0.0 0.0
0.0 0.0 0.0
0.0 0.0 0.0
0.0 0.0 0.0
0.0 0.0 0.0
0.0 0.0 0.0
0.0 0.0 0.0
0.0 0.0 0.0
0.0 0.0 0.0
0.0 0.0 0.0
0.0 0.0 0.0
0.0 0.0 0.0
0.0 0.0 0.0
0.0 0.0 0.0
0.0 0.0 0.0
0.0 0.0 0.0
0.0 0.0 0.0
0.0 0.0 0.0
0.0 0.0 0.0
0.0 0.0 0.0
0.0 0.0 0.0
0.0 0.0 0.0
0.0 0.0 0.0
0.0 0.0 0.0
0.0 0.0 0.0
0.0 0.0 0.0
0.0 0.0 0.0
0.0 0.0 0.0
0.0 0.0 0.0
0.0 0.0 0.0
0.0 0.0 0.0
0.0 0.0 0.0
0.0 0.0 0.0
0.0 0.0 0.0
0.0 0.0 0.0
0.0 0.0 0.0
0.0 0.0 0.0
0.0 0.0 0.0
0.0 0.0 0.0
0.0 0.0 0.0
0.0 0.0 0.0
0.0 0.0 0.0
-11.601012229919434 27.80289077758789 -2.90238094329834
0.0 0.0 0.0
0.0 0.0 0.0
0.0 0.0 0.0
-10.528424263000488 27.360212326049805 -2.9577157497406006
0.0 0.0 0.0
0.0 0.0 0.0
-49.25873565673828 136.51431274414062 -15.110666275024414
0.0 0.0 0.0
0.0 0.0 0.0
0.0 0.0 0.0
0.0 0.0 0.0
0.0 0.0 0.0
0.0 0.0 0.0
-8.314116477966309 27.123058319091797 -3.1489932537078857
0.0 0.0 0.0
0.0 0.0 0.0
0.0 0.0 0.0
0.0 0.0 0.0
0.0 0.0 0.0
0.0 0.0 0.0
0.0 0.0 0.0
0.0 0.0 0.0
0.0 0.0 0.0
0.0 0.0 0.0
0.0 0.0 0.0
-5.752125263214111 26.51396369934082 -3.2786035537719727
-5.475290775299072 26.130664825439453 -3.244272470474243
-5.254487991333008 25.9760684967041 -3.2376723289489746
-5.121465682983398 26.257312774658203 -3.2855820655822754
0.0 0.0 0.0
-4.718940258026123 26.123580932617188 -3.294328451156616
-4.533309459686279 26.154573440551758 -3.3090505599975586
-4.325531959533691 26.030757904052734 -3.304083824157715
-4.109352111816406 25.84026527404785 -3.290661096572876
-3.9534413814544678 26.027408599853516 -3.3254787921905518
-3.743072271347046 25.853221893310547 -3.313023805618286
0.0 0.0 0.0
-3.368922472000122 25.819595336914062 -3.3258585929870605
-3.1951310634613037 25.890949249267578 -3.343794822692871
-3.014007568359375 25.903371810913086 -3.3542869091033936
-2.826406717300415 25.857013702392578 -3.3554012775421143
0.0 0.0 0.0
-2.4614696502685547 25.876455307006836 -3.370971441268921
-2.274954319000244 25.81850242614746 -3.3701016902923584
-2.1025164127349854 25.921367645263672 -3.3903911113739014
-1.9111912250518799 25.78775978088379 -3.377474308013916
-1.7349897623062134 25.849895477294922 -3.390040636062622
-1.5649458169937134 26.07723617553711 -3.424562692642212
-1.3671739101409912 25.78116798400879 -3.390420913696289
-1.1961997747421265 25.975008010864258 -3.420625686645508
-1.015750765800476 25.990009307861328 -3.424933433532715
-0.8358969688415527 26.0269775390625 -3.4323060512542725
-0.6492850184440613 25.942760467529297 -3.4239068031311035
-0.4661918878555298 25.802953720092773 -3.408264636993408
-0.28947484493255615 26.060813903808594 -3.444572925567627
-0.1083083525300026 26.073749542236328 -3.446573257446289
0.07302618026733398 26.007978439331055 -3.43833589553833
0.25329694151878357 25.948694229125977 -3.431119441986084
0.4371243715286255 25.95393180847168 -3.43261456489563
0.6192798614501953 26.023929595947266 -3.4415509700775146
0.7973514795303345 25.92253875732422 -3.426358938217163
0.9782758951187134 25.932159423828125 -3.426011800765991
1.160583257675171 25.967599868774414 -3.4292385578155518
1.3547050952911377 26.160173416137695 -3.4533486366271973
1.5332858562469482 26.0926570892334 -3.44162654876709
1.7179738283157349 26.132274627685547 -3.443169593811035
0.0 0.0 0.0
2.0962071418762207 26.292503356933594 -3.4573585987091064
2.2800612449645996 26.25455665588379 -3.449108123779297
2.474519968032837 26.36630630493164 -3.458343267440796
2.6629841327667236 26.399608612060547 -3.4568421840667725
2.8507847785949707 26.42000961303711 -3.4537999629974365
3.0381126403808594 26.431373596191406 -3.4497292041778564
3.2450151443481445 26.571773529052734 -3.4625039100646973
3.427875280380249 26.534557342529297 -3.4499120712280273
3.6309964656829834 26.64576530456543 -3.4567415714263916
3.820436477661133 26.64804458618164 -3.4495623111724854
3.996246099472046 26.557016372680664 -3.4304819107055664
4.216573238372803 26.755849838256836 -3.4483327865600586
4.4121413230896 26.76534652709961 -3.4394681453704834
4.603633403778076 26.766279220581055 -3.4298102855682373
4.800135135650635 26.792539596557617 -3.4235334396362305
5.0298848152160645 26.992639541625977 -3.4395318031311035
5.215242385864258 26.947484970092773 -3.4232261180877686
5.432333946228027 27.041095733642578 -3.423158645629883
5.650036811828613 27.145030975341797 -3.424657106399536
5.889044761657715 27.338211059570312 -3.43742299079895
6.050326824188232 27.166025161743164 -3.404360055923462
6.322656631469727 27.48834800720215 -3.431286573410034
6.533552169799805 27.513174057006836 -3.4201695919036865
6.775871276855469 27.676551818847656 -3.426548957824707
6.952713489532471 27.567062377929688 -3.399224042892456
7.179531574249268 27.655574798583984 -3.396202802658081
0.0 0.0 0.0
7.64780330657959 27.84508514404297 -3.387119770050049
7.884364128112793 27.943008422851562 -3.383099317550659
8.125900268554688 28.050172805786133 -3.3801870346069336
0.0 0.0 0.0
8.583734512329102 28.158740997314453 -3.3581109046936035
8.868252754211426 28.370454788208008 -3.3648922443389893
9.076799392700195 28.344079971313477 -3.3437340259552
9.41264533996582 28.703426361083984 -3.367934226989746
9.65953540802002 28.780187606811523 -3.356654405593872
9.879556655883789 28.77023696899414 -3.335186719894409
10.18203067779541 28.99317169189453 -3.3406596183776855
10.541631698608398 29.3509521484375 -3.3609628677368164
10.81303596496582 29.46241569519043 -3.351956605911255
10.992836952209473 29.320528030395508 -3.3130087852478027
11.301748275756836 29.51856803894043 -3.3124747276306152
0.0 0.0 0.0
0.0 0.0 0.0
0.0 0.0 0.0
0.0 0.0 0.0
0.0 0.0 0.0
0.0 0.0 0.0
13.471771240234375 30.61015510559082 -3.254956007003784
13.776691436767578 30.72120475769043 -3.238527536392212
0.0 0.0 0.0
0.0 0.0 0.0
0.0 0.0 0.0
0.0 0.0 0.0
109.51376342773438 223.03712463378906 -22.441539764404297
0.0 0.0 0.0
0.0 0.0 0.0
0.0 0.0 0.0
0.0 0.0 0.0
0.0 0.0 0.0
0.0 0.0 0.0
0.0 0.0 0.0
0.0 0.0 0.0
0.0 0.0 0.0
0.0 0.0 0.0
20.235973358154297 34.289310455322266 -3.0213239192962646
0.0 0.0 0.0
0.0 0.0 0.0
0.0 0.0 0.0
0.0 0.0 0.0
0.0 0.0 0.0
0.0 0.0 0.0
0.0 0.0 0.0
0.0 0.0 0.0
0.0 0.0 0.0
0.0 0.0 0.0
0.0 0.0 0.0
0.0 0.0 0.0
0.0 0.0 0.0
0.0 0.0 0.0
0.0 0.0 0.0
0.0 0.0 0.0
0.0 0.0 0.0
0.0 0.0 0.0
0.0 0.0 0.0
0.0 0.0 0.0
0.0 0.0 0.0
0.0 0.0 0.0
0.0 0.0 0.0
0.0 0.0 0.0
0.0 0.0 0.0
0.0 0.0 0.0
0.0 0.0 0.0
0.0 0.0 0.0
0.0 0.0 0.0
0.0 0.0 0.0
0.0 0.0 0.0
0.0 0.0 0.0
0.0 0.0 0.0
0.0 0.0 0.0
0.0 0.0 0.0
0.0 0.0 0.0
0.0 0.0 0.0
0.0 0.0 0.0
0.0 0.0 0.0
0.0 0.0 0.0
0.0 0.0 0.0
0.0 0.0 0.0
0.0 0.0 0.0
0.0 0.0 0.0
0.0 0.0 0.0
0.0 0.0 0.0
0.0 0.0 0.0
0.0 0.0 0.0
0.0 0.0 0.0
0.0 0.0 0.0
0.0 0.0 0.0
0.0 0.0 0.0
0.0 0.0 0.0
0.0 0.0 0.0
0.0 0.0 0.0
0.0 0.0 0.0
0.0 0.0 0.0
0.0 0.0 0.0
0.0 0.0 0.0
0.0 0.0 0.0
0.0 0.0 0.0
0.0 0.0 0.0
0.0 0.0 0.0
0.0 0.0 0.0
0.0 0.0 0.0
0.0 0.0 0.0
0.0 0.0 0.0
0.0 0.0 0.0
0.0 0.0 0.0
0.0 0.0 0.0
0.0 0.0 0.0
0.0 0.0 0.0
0.0 0.0 0.0
0.0 0.0 0.0
0.0 0.0 0.0
0.0 0.0 0.0
0.0 0.0 0.0
0.0 0.0 0.0
0.0 0.0 0.0
0.0 0.0 0.0
0.0 0.0 0.0
0.0 0.0 0.0
0.0 0.0 0.0
0.0 0.0 0.0
0.0 0.0 0.0
0.0 0.0 0.0
0.0 0.0 0.0
0.0 0.0 0.0
0.0 0.0 0.0
0.0 0.0 0.0
0.0 0.0 0.0
0.0 0.0 0.0
0.0 0.0 0.0
0.0 0.0 0.0
0.0 0.0 0.0
0.0 0.0 0.0
0.0 0.0 0.0
0.0 0.0 0.0
0.0 0.0 0.0
0.0 0.0 0.0
0.0 0.0 0.0
0.0 0.0 0.0
0.0 0.0 0.0
0.0 0.0 0.0
0.0 0.0 0.0
0.0 0.0 0.0
0.0 0.0 0.0
0.0 0.0 0.0
0.0 0.0 0.0
0.0 0.0 0.0
0.0 0.0 0.0
0.0 0.0 0.0
0.0 0.0 0.0
0.0 0.0 0.0
0.0 0.0 0.0
0.0 0.0 0.0
0.0 0.0 0.0
0.0 0.0 0.0
0.0 0.0 0.0
0.0 0.0 0.0
0.0 0.0 0.0
0.0 0.0 0.0
0.0 0.0 0.0
0.0 0.0 0.0
0.0 0.0 0.0
0.0 0.0 0.0
0.0 0.0 0.0
0.0 0.0 0.0
0.0 0.0 0.0
0.0 0.0 0.0
0.0 0.0 0.0
0.0 0.0 0.0
0.0 0.0 0.0
0.0 0.0 0.0
0.0 0.0 0.0
0.0 0.0 0.0
0.0 0.0 0.0
0.0 0.0 0.0
0.0 0.0 0.0
0.0 0.0 0.0
0.0 0.0 0.0
0.0 0.0 0.0
0.0 0.0 0.0
0.0 0.0 0.0
0.0 0.0 0.0
0.0 0.0 0.0
0.0 0.0 0.0
0.0 0.0 0.0
0.0 0.0 0.0
0.0 0.0 0.0
0.0 0.0 0.0
0.0 0.0 0.0
0.0 0.0 0.0
0.0 0.0 0.0
0.0 0.0 0.0
0.0 0.0 0.0
0.0 0.0 0.0
0.0 0.0 0.0
0.0 0.0 0.0
0.0 0.0 0.0
0.0 0.0 0.0
0.0 0.0 0.0
0.0 0.0 0.0
0.0 0.0 0.0
0.0 0.0 0.0
0.0 0.0 0.0
0.0 0.0 0.0
0.0 0.0 0.0
0.0 0.0 0.0
0.0 0.0 0.0
0.0 0.0 0.0
0.0 0.0 0.0
0.0 0.0 0.0
0.0 0.0 0.0
0.0 0.0 0.0
0.0 0.0 0.0
0.0 0.0 0.0
0.0 0.0 0.0
0.0 0.0 0.0
0.0 0.0 0.0
0.0 0.0 0.0
0.0 0.0 0.0
0.0 0.0 0.0
0.0 0.0 0.0
0.0 0.0 0.0
0.0 0.0 0.0
0.0 0.0 0.0
0.0 0.0 0.0
0.0 0.0 0.0
0.0 0.0 0.0
0.0 0.0 0.0
0.0 0.0 0.0
0.0 0.0 0.0
0.0 0.0 0.0
0.0 0.0 0.0
0.0 0.0 0.0
0.0 0.0 0.0
0.0 0.0 0.0
0.0 0.0 0.0
0.0 0.0 0.0
0.0 0.0 0.0
0.0 0.0 0.0
0.0 0.0 0.0
0.0 0.0 0.0
0.0 0.0 0.0
0.0 0.0 0.0
0.0 0.0 0.0
0.0 0.0 0.0
0.0 0.0 0.0
0.0 0.0 0.0
0.0 0.0 0.0
0.0 0.0 0.0
0.0 0.0 0.0
0.0 0.0 0.0
0.0 0.0 0.0
0.0 0.0 0.0
0.0 0.0 0.0
0.0 0.0 0.0
0.0 0.0 0.0
0.0 0.0 0.0
0.0 0.0 0.0
0.0 0.0 0.0
0.0 0.0 0.0
0.0 0.0 0.0
0.0 0.0 0.0
0.0 0.0 0.0
0.0 0.0 0.0
0.0 0.0 0.0
0.0 0.0 0.0
0.0 0.0 0.0
0.0 0.0 0.0
0.0 0.0 0.0
0.0 0.0 0.0
0.0 0.0 0.0
0.0 0.0 0.0
0.0 0.0 0.0
0.0 0.0 0.0
0.0 0.0 0.0
0.0 0.0 0.0
0.0 0.0 0.0
0.0 0.0 0.0
0.0 0.0 0.0
0.0 0.0 0.0
0.0 0.0 0.0
-7.923974514007568 26.853042602539062 -3.091791868209839
-7.72943115234375 26.88278579711914 -3.112306594848633
0.0 0.0 0.0
0.0 0.0 0.0
-7.018191814422607 26.49144172668457 -3.11720871925354
-6.8663763999938965 26.668920516967773 -3.1544628143310547
-6.71211576461792 26.841815948486328 -3.189650774002075
0.0 0.0 0.0
0.0 0.0 0.0
-6.064356327056885 26.614418029785156 -3.207385540008545
-5.803025245666504 26.312990188598633 -3.184504985809326
0.0 0.0 0.0
-5.449475288391113 26.455591201782227 -3.22723650932312
0.0 0.0 0.0
-5.02220344543457 26.239688873291016 -3.2268643379211426
-4.840349197387695 26.279895782470703 -3.242703676223755
-4.627840518951416 26.14702606201172 -3.237060308456421
-4.451825141906738 26.215091705322266 -3.2563986778259277
0.0 0.0 0.0
0.0 0.0 0.0
0.0 0.0 0.0
-3.7136406898498535 26.30756378173828 -3.3072516918182373
-3.5036165714263916 26.13151741027832 -3.2939341068267822
-3.320910930633545 26.14996910095215 -3.3052351474761963
-3.141664743423462 26.198060989379883 -3.3194823265075684
-2.9304537773132324 25.991241455078125 -3.300060987472534
-2.7642791271209717 26.14856719970703 -3.326892614364624
-2.5838775634765625 26.181411743164062 -3.338087320327759
-2.390770435333252 26.077945709228516 -3.332035541534424
-2.2171480655670166 26.189529418945312 -3.351991891860962
0.0 0.0 0.0
-1.8362890481948853 26.030881881713867 -3.3411545753479004
-1.6658188104629517 26.212350845336914 -3.369415521621704
-1.4780325889587402 26.125770568847656 -3.3633906841278076
-1.2960052490234375 26.134868621826172 -3.3677539825439453
-1.1077144145965576 26.06161117553711 -3.361024856567383
0.0 0.0 0.0
-0.7497533559799194 26.240068435668945 -3.389899253845215
-0.5659579038619995 26.182199478149414 -3.3855884075164795
-0.38310185074806213 26.142742156982422 -3.3812432289123535
-0.19804202020168304 26.144676208496094 -3.3822038173675537
-0.0161468293517828 26.277013778686523 -3.4001917839050293
0.1657375693321228 26.15240478515625 -3.385094165802002
0.34919437766075134 26.258983612060547 -3.399869203567505
0.527733325958252 26.050859451293945 -3.371626853942871
0.7154096364974976 26.28299331665039 -3.4005286693573
0.0 0.0 0.0
1.084511399269104 26.278545379638672 -3.3981480598449707
1.269687533378601 26.32097625732422 -3.40229868888855
1.4614851474761963 26.470684051513672 -3.4183223247528076
1.6510978937149048 26.54939079284668 -3.4253125190734863
1.848725438117981 26.676767349243164 -3.4386672973632812
2.0144925117492676 26.405010223388672 -3.4008071422576904
2.2065727710723877 26.495346069335938 -3.4086549282073975
2.398961305618286 26.569021224975586 -3.412896156311035
2.5843775272369385 26.560335159301758 -3.406710624694824
2.794069528579712 26.75042724609375 -3.4260573387145996
2.9609029293060303 26.557950973510742 -3.3966493606567383
0.0 0.0 0.0
3.3843579292297363 26.94721221923828 -3.432847738265991
3.5381405353546143 26.67072105407715 -3.3905811309814453
0.0 0.0 0.0
3.978489637374878 27.06958770751953 -3.427321434020996
4.15790319442749 26.985319137573242 -3.407930374145508
4.398257255554199 27.282583236694336 -3.436279535293579
0.0 0.0 0.0
4.8148932456970215 27.431867599487305 -3.437042474746704
4.9695515632629395 27.181303024291992 -3.39666748046875
5.181763648986816 27.26987075805664 -3.396454334259033
5.424935340881348 27.5051326751709 -3.4145023822784424
5.624019145965576 27.506637573242188 -3.4035842418670654
5.821202754974365 27.495267868041992 -3.3911995887756348
6.072203159332275 27.713031768798828 -3.4062066078186035
6.25685977935791 27.6343936920166 -3.3833484649658203
6.422397136688232 27.47514533996582 -3.3508434295654297
6.713994979858398 27.846702575683594 -3.383114814758301
6.951437950134277 27.974538803100586 -3.3856513500213623
7.123483657836914 27.8255558013916 -3.3531222343444824
7.439945220947266 28.24297523498535 -3.3881332874298096
0.0 0.0 0.0
0.0 0.0 0.0
0.0 0.0 0.0
8.30486011505127 28.294553756713867 -3.33158802986145
0.0 0.0 0.0
8.87235164642334 28.741436004638672 -3.3495237827301025
9.079994201660156 28.70375633239746 -3.327953815460205
0.0 0.0 0.0
9.580041885375977 28.882389068603516 -3.3112175464630127
9.881401062011719 29.09978485107422 -3.316375970840454
10.16479206085205 29.26423454284668 -3.3156685829162598
10.417150497436523 29.33098602294922 -3.3038101196289062
0.0 0.0 0.0
10.958186149597168 29.546245574951172 -3.2844533920288086
0.0 0.0 0.0
0.0 0.0 0.0
11.803041458129883 29.88616943359375 -3.25471568107605
0.0 0.0 0.0
12.484061241149902 30.3647518157959 -3.2579710483551025
12.734910011291504 30.36103057861328 -3.2327611446380615
0.0 0.0 0.0
0.0 0.0 0.0
0.0 0.0 0.0
0.0 0.0 0.0
0.0 0.0 0.0
14.75626277923584 31.430158615112305 -3.18096661567688
15.246688842773438 31.894929885864258 -3.1975836753845215
15.367865562438965 31.581369400024414 -3.1360175609588623
0.0 0.0 0.0
0.0 0.0 0.0
0.0 0.0 0.0
0.0 0.0 0.0
0.0 0.0 0.0
17.824705123901367 33.04069900512695 -3.077023506164551
0.0 0.0 0.0
0.0 0.0 0.0
0.0 0.0 0.0
0.0 0.0 0.0
0.0 0.0 0.0
0.0 0.0 0.0
21.37031364440918 35.3656120300293 -3.0003697872161865
0.0 0.0 0.0
0.0 0.0 0.0
0.0 0.0 0.0
0.0 0.0 0.0
0.0 0.0 0.0
0.0 0.0 0.0
0.0 0.0 0.0
0.0 0.0 0.0
0.0 0.0 0.0
0.0 0.0 0.0
0.0 0.0 0.0
0.0 0.0 0.0
0.0 0.0 0.0
0.0 0.0 0.0
0.0 0.0 0.0
0.0 0.0 0.0
0.0 0.0 0.0
0.0 0.0 0.0
0.0 0.0 0.0
0.0 0.0 0.0
0.0 0.0 0.0
0.0 0.0 0.0
0.0 0.0 0.0
0.0 0.0 0.0
0.0 0.0 0.0
0.0 0.0 0.0
0.0 0.0 0.0
0.0 0.0 0.0
0.0 0.0 0.0
0.0 0.0 0.0
0.0 0.0 0.0
0.0 0.0 0.0
0.0 0.0 0.0
0.0 0.0 0.0
0.0 0.0 0.0
0.0 0.0 0.0
0.0 0.0 0.0
0.0 0.0 0.0
0.0 0.0 0.0
0.0 0.0 0.0
0.0 0.0 0.0
0.0 0.0 0.0
0.0 0.0 0.0
0.0 0.0 0.0
0.0 0.0 0.0
0.0 0.0 0.0
0.0 0.0 0.0
0.0 0.0 0.0
0.0 0.0 0.0
0.0 0.0 0.0
0.0 0.0 0.0
0.0 0.0 0.0
0.0 0.0 0.0
0.0 0.0 0.0
0.0 0.0 0.0
0.0 0.0 0.0
0.0 0.0 0.0
0.0 0.0 0.0
0.0 0.0 0.0
0.0 0.0 0.0
0.0 0.0 0.0
0.0 0.0 0.0
0.0 0.0 0.0
0.0 0.0 0.0
0.0 0.0 0.0
0.0 0.0 0.0
0.0 0.0 0.0
0.0 0.0 0.0
0.0 0.0 0.0
0.0 0.0 0.0
0.0 0.0 0.0
0.0 0.0 0.0
0.0 0.0 0.0
0.0 0.0 0.0
0.0 0.0 0.0
0.0 0.0 0.0
0.0 0.0 0.0
0.0 0.0 0.0
0.0 0.0 0.0
0.0 0.0 0.0
0.0 0.0 0.0
0.0 0.0 0.0
0.0 0.0 0.0
0.0 0.0 0.0
0.0 0.0 0.0
0.0 0.0 0.0
0.0 0.0 0.0
0.0 0.0 0.0
0.0 0.0 0.0
0.0 0.0 0.0
0.0 0.0 0.0
0.0 0.0 0.0
0.0 0.0 0.0
0.0 0.0 0.0
0.0 0.0 0.0
0.0 0.0 0.0
0.0 0.0 0.0
0.0 0.0 0.0
0.0 0.0 0.0
0.0 0.0 0.0
0.0 0.0 0.0
0.0 0.0 0.0
0.0 0.0 0.0
0.0 0.0 0.0
0.0 0.0 0.0
0.0 0.0 0.0
0.0 0.0 0.0
0.0 0.0 0.0
0.0 0.0 0.0
0.0 0.0 0.0
0.0 0.0 0.0
0.0 0.0 0.0
0.0 0.0 0.0
0.0 0.0 0.0
0.0 0.0 0.0
0.0 0.0 0.0
0.0 0.0 0.0
0.0 0.0 0.0
0.0 0.0 0.0
0.0 0.0 0.0
0.0 0.0 0.0
0.0 0.0 0.0
0.0 0.0 0.0
0.0 0.0 0.0
0.0 0.0 0.0
0.0 0.0 0.0
0.0 0.0 0.0
0.0 0.0 0.0
0.0 0.0 0.0
0.0 0.0 0.0
0.0 0.0 0.0
0.0 0.0 0.0
0.0 0.0 0.0
0.0 0.0 0.0
0.0 0.0 0.0
0.0 0.0 0.0
0.0 0.0 0.0
0.0 0.0 0.0
0.0 0.0 0.0
0.0 0.0 0.0
0.0 0.0 0.0
0.0 0.0 0.0
0.0 0.0 0.0
0.0 0.0 0.0
0.0 0.0 0.0
0.0 0.0 0.0
0.0 0.0 0.0
0.0 0.0 0.0
0.0 0.0 0.0
0.0 0.0 0.0
0.0 0.0 0.0
0.0 0.0 0.0
0.0 0.0 0.0
0.0 0.0 0.0
0.0 0.0 0.0
0.0 0.0 0.0
0.0 0.0 0.0
0.0 0.0 0.0
0.0 0.0 0.0
0.0 0.0 0.0
0.0 0.0 0.0
0.0 0.0 0.0
0.0 0.0 0.0
0.0 0.0 0.0
0.0 0.0 0.0
0.0 0.0 0.0
0.0 0.0 0.0
0.0 0.0 0.0
0.0 0.0 0.0
0.0 0.0 0.0
0.0 0.0 0.0
0.0 0.0 0.0
0.0 0.0 0.0
0.0 0.0 0.0
0.0 0.0 0.0
0.0 0.0 0.0
0.0 0.0 0.0
0.0 0.0 0.0
0.0 0.0 0.0
0.0 0.0 0.0
0.0 0.0 0.0
0.0 0.0 0.0
0.0 0.0 0.0
0.0 0.0 0.0
0.0 0.0 0.0
0.0 0.0 0.0
0.0 0.0 0.0
0.0 0.0 0.0
0.0 0.0 0.0
0.0 0.0 0.0
0.0 0.0 0.0
0.0 0.0 0.0
0.0 0.0 0.0
0.0 0.0 0.0
0.0 0.0 0.0
0.0 0.0 0.0
0.0 0.0 0.0
0.0 0.0 0.0
0.0 0.0 0.0
0.0 0.0 0.0
0.0 0.0 0.0
0.0 0.0 0.0
0.0 0.0 0.0
0.0 0.0 0.0
0.0 0.0 0.0
0.0 0.0 0.0
0.0 0.0 0.0
0.0 0.0 0.0
0.0 0.0 0.0
0.0 0.0 0.0
0.0 0.0 0.0
0.0 0.0 0.0
0.0 0.0 0.0
0.0 0.0 0.0
0.0 0.0 0.0
0.0 0.0 0.0
-14.818868637084961 29.53511619567871 -2.6750478744506836
0.0 0.0 0.0
0.0 0.0 0.0
0.0 0.0 0.0
0.0 0.0 0.0
0.0 0.0 0.0
0.0 0.0 0.0
0.0 0.0 0.0
0.0 0.0 0.0
0.0 0.0 0.0
0.0 0.0 0.0
0.0 0.0 0.0
0.0 0.0 0.0
0.0 0.0 0.0
0.0 0.0 0.0
0.0 0.0 0.0
0.0 0.0 0.0
0.0 0.0 0.0
0.0 0.0 0.0
0.0 0.0 0.0
0.0 0.0 0.0
0.0 0.0 0.0
0.0 0.0 0.0
0.0 0.0 0.0
0.0 0.0 0.0
-8.11939811706543 27.160154342651367 -3.0527725219726562
0.0 0.0 0.0
0.0 0.0 0.0
-7.421437740325928 26.872150421142578 -3.0719656944274902
0.0 0.0 0.0
-7.0173821449279785 26.863162994384766 -3.1033308506011963
0.0 0.0 0.0
0.0 0.0 0.0
0.0 0.0 0.0
0.0 0.0 0.0
-5.968080997467041 26.615095138549805 -3.1475841999053955
0.0 0.0 0.0
-5.621655464172363 26.828916549682617 -3.1995201110839844
-5.3890533447265625 26.640993118286133 -3.190401077270508
0.0 0.0 0.0
-4.972513198852539 26.473438262939453 -3.193239212036133
-4.8108391761779785 26.631561279296875 -3.2235350608825684
-4.582701683044434 26.437679290771484 -3.2115533351898193
0.0 0.0 0.0
-4.199687480926514 26.407512664794922 -3.228686571121216
-3.987567901611328 26.250581741333008 -3.2186527252197266
0.0 0.0 0.0
-3.6281661987304688 26.35049057006836 -3.2496941089630127
0.0 0.0 0.0
-3.2484216690063477 26.323020935058594 -3.262924909591675
0.0 0.0 0.0
-2.872544288635254 26.28235626220703 -3.2724905014038086
-2.6979057788848877 26.381471633911133 -3.2923758029937744
-2.506363868713379 26.35247802734375 -3.295809507369995
-2.3222100734710693 26.36067771911621 -3.301909923553467
-2.1471481323242188 26.479625701904297 -3.322061538696289
-1.9525011777877808 26.353885650634766 -3.3116681575775146
-1.766454815864563 26.32727813720703 -3.3138558864593506
-1.5677942037582397 26.13719940185547 -3.2945141792297363
-1.3940346240997314 26.2978458404541 -3.318005084991455
-1.2173583507537842 26.445716857910156 -3.340085506439209
-1.0290815830230713 26.340673446655273 -3.330383062362671
-0.8519247770309448 26.540300369262695 -3.3593788146972656
-0.6606183648109436 26.40582847595215 -3.3446242809295654
-0.47770214080810547 26.459936141967773 -3.352740526199341
-0.2927406430244446 26.373273849487305 -3.3431777954101562
-0.10904133319854736 26.347326278686523 -3.3414688110351562
0.07465939968824387 26.53323745727539 -3.3667984008789062
0.25844791531562805 26.462352752685547 -3.3577418327331543
0.4481998383998871 26.603336334228516 -3.375013589859009
0.6299240589141846 26.46409797668457 -3.35690975189209
0.8235552906990051 26.772937774658203 -3.3958048820495605
1.007341742515564 26.70471954345703 -3.3870363235473633
1.195067286491394 26.743959426879883 -3.3895418643951416
1.3815704584121704 26.677244186401367 -3.378401041030884
1.556767463684082 26.493370056152344 -3.352660894393921
0.0 0.0 0.0
0.0 0.0 0.0
2.1395139694213867 26.8354549407959 -3.3868026733398438
0.0 0.0 0.0
0.0 0.0 0.0
2.701627492904663 26.779294967651367 -3.3669323921203613
2.900433301925659 26.880210876464844 -3.3751144409179688
3.0800631046295166 26.79503059387207 -3.3578145503997803
0.0 0.0 0.0
3.4805808067321777 26.943696975708008 -3.363532066345215
0.0 0.0 0.0
3.9184834957122803 27.336393356323242 -3.3991456031799316
4.089878082275391 27.183378219604492 -3.3715457916259766
4.259932994842529 27.033113479614258 -3.344529390335083
4.4961981773376465 27.27536964416504 -3.3660552501678467
4.721057415008545 27.447385787963867 -3.3790719509124756
4.938788890838623 27.564374923706055 -3.383814573287964
5.150708198547363 27.6378231048584 -3.3822786808013916
5.357991695404053 27.679195404052734 -3.3769121170043945
0.0 0.0 0.0
5.741881847381592 27.581951141357422 -3.3445053100585938
6.007431507110596 27.884613037109375 -3.368978977203369
6.193121433258057 27.806303024291992 -3.3471217155456543
6.465219497680664 28.10480308532715 -3.3706367015838623
6.626926422119141 27.901775360107422 -3.333871841430664
0.0 0.0 0.0
7.112001895904541 28.194992065429688 -3.341764450073242
7.363098621368408 28.357440948486328 -3.3464901447296143
7.569730281829834 28.341529846191406 -3.330204725265503
7.816166877746582 28.454139709472656 -3.3288161754608154
8.081501960754395 28.640663146972656 -3.3351829051971436
8.259845733642578 28.511566162109375 -3.3037118911743164
8.588109016418457 28.891277313232422 -3.331171989440918
0.0 0.0 0.0
9.03052806854248 28.8875789642334 -3.297642946243286
9.30366039276123 29.052501678466797 -3.298017978668213
9.606841087341309 29.296031951904297 -3.306906223297119
9.80139446258545 29.201663970947266 -3.277637004852295
0.0 0.0 0.0
10.39590835571289 29.603097915649414 -3.2843596935272217
10.69959831237793 29.79120445251465 -3.2838382720947266
10.894305229187012 29.682342529296875 -3.250957727432251
11.164637565612793 29.77587127685547 -3.240288496017456
11.46158504486084 29.9324893951416 -3.2363858222961426
0.0 0.0 0.0
0.0 0.0 0.0
0.0 0.0 0.0
0.0 0.0 0.0
0.0 0.0 0.0
0.0 0.0 0.0
0.0 0.0 0.0
0.0 0.0 0.0
0.0 0.0 0.0
0.0 0.0 0.0
15.0875825881958 31.849071502685547 -3.1535747051239014
15.45811939239502 32.042442321777344 -3.1429827213287354
0.0 0.0 0.0
0.0 0.0 0.0
0.0 0.0 0.0
0.0 0.0 0.0
0.0 0.0 0.0
0.0 0.0 0.0
0.0 0.0 0.0
0.0 0.0 0.0
0.0 0.0 0.0
0.0 0.0 0.0
0.0 0.0 0.0
20.47534942626953 34.694576263427734 -2.9604811668395996
20.99697494506836 35.0235595703125 -2.9455385208129883
21.43218421936035 35.193206787109375 -2.915436029434204
0.0 0.0 0.0
0.0 0.0 0.0
0.0 0.0 0.0
0.0 0.0 0.0
0.0 0.0 0.0
0.0 0.0 0.0
0.0 0.0 0.0
0.0 0.0 0.0
0.0 0.0 0.0
0.0 0.0 0.0
0.0 0.0 0.0
0.0 0.0 0.0
0.0 0.0 0.0
0.0 0.0 0.0
0.0 0.0 0.0
0.0 0.0 0.0
0.0 0.0 0.0
0.0 0.0 0.0
0.0 0.0 0.0
0.0 0.0 0.0
0.0 0.0 0.0
0.0 0.0 0.0
0.0 0.0 0.0
0.0 0.0 0.0
0.0 0.0 0.0
0.0 0.0 0.0
0.0 0.0 0.0
0.0 0.0 0.0
0.0 0.0 0.0
0.0 0.0 0.0
0.0 0.0 0.0
0.0 0.0 0.0
0.0 0.0 0.0
0.0 0.0 0.0
0.0 0.0 0.0
0.0 0.0 0.0
0.0 0.0 0.0
0.0 0.0 0.0
0.0 0.0 0.0
0.0 0.0 0.0
0.0 0.0 0.0
0.0 0.0 0.0
0.0 0.0 0.0
0.0 0.0 0.0
0.0 0.0 0.0
0.0 0.0 0.0
0.0 0.0 0.0
0.0 0.0 0.0
0.0 0.0 0.0
0.0 0.0 0.0
0.0 0.0 0.0
0.0 0.0 0.0
0.0 0.0 0.0
0.0 0.0 0.0
0.0 0.0 0.0
0.0 0.0 0.0
0.0 0.0 0.0
0.0 0.0 0.0
0.0 0.0 0.0
0.0 0.0 0.0
0.0 0.0 0.0
0.0 0.0 0.0
0.0 0.0 0.0
0.0 0.0 0.0
0.0 0.0 0.0
0.0 0.0 0.0
0.0 0.0 0.0
0.0 0.0 0.0
0.0 0.0 0.0
0.0 0.0 0.0
0.0 0.0 0.0
0.0 0.0 0.0
0.0 0.0 0.0
0.0 0.0 0.0
0.0 0.0 0.0
0.0 0.0 0.0
0.0 0.0 0.0
0.0 0.0 0.0
0.0 0.0 0.0
0.0 0.0 0.0
0.0 0.0 0.0
0.0 0.0 0.0
0.0 0.0 0.0
0.0 0.0 0.0
0.0 0.0 0.0
0.0 0.0 0.0
0.0 0.0 0.0
0.0 0.0 0.0
0.0 0.0 0.0
0.0 0.0 0.0
0.0 0.0 0.0
0.0 0.0 0.0
0.0 0.0 0.0
0.0 0.0 0.0
0.0 0.0 0.0
0.0 0.0 0.0
0.0 0.0 0.0
0.0 0.0 0.0
0.0 0.0 0.0
0.0 0.0 0.0
0.0 0.0 0.0
0.0 0.0 0.0
0.0 0.0 0.0
0.0 0.0 0.0
0.0 0.0 0.0
0.0 0.0 0.0
0.0 0.0 0.0
0.0 0.0 0.0
0.0 0.0 0.0
0.0 0.0 0.0
0.0 0.0 0.0
0.0 0.0 0.0
0.0 0.0 0.0
0.0 0.0 0.0
0.0 0.0 0.0
0.0 0.0 0.0
0.0 0.0 0.0
0.0 0.0 0.0
0.0 0.0 0.0
0.0 0.0 0.0
0.0 0.0 0.0
0.0 0.0 0.0
0.0 0.0 0.0
0.0 0.0 0.0
0.0 0.0 0.0
0.0 0.0 0.0
0.0 0.0 0.0
0.0 0.0 0.0
0.0 0.0 0.0
0.0 0.0 0.0
0.0 0.0 0.0
0.0 0.0 0.0
0.0 0.0 0.0
0.0 0.0 0.0
0.0 0.0 0.0
0.0 0.0 0.0
0.0 0.0 0.0
0.0 0.0 0.0
0.0 0.0 0.0
0.0 0.0 0.0
0.0 0.0 0.0
0.0 0.0 0.0
0.0 0.0 0.0
0.0 0.0 0.0
0.0 0.0 0.0
0.0 0.0 0.0
0.0 0.0 0.0
0.0 0.0 0.0
0.0 0.0 0.0
0.0 0.0 0.0
0.0 0.0 0.0
0.0 0.0 0.0
0.0 0.0 0.0
0.0 0.0 0.0
0.0 0.0 0.0
0.0 0.0 0.0
0.0 0.0 0.0
0.0 0.0 0.0
0.0 0.0 0.0
0.0 0.0 0.0
0.0 0.0 0.0
0.0 0.0 0.0
0.0 0.0 0.0
0.0 0.0 0.0
0.0 0.0 0.0
0.0 0.0 0.0
0.0 0.0 0.0
0.0 0.0 0.0
0.0 0.0 0.0
0.0 0.0 0.0
0.0 0.0 0.0
0.0 0.0 0.0
0.0 0.0 0.0
0.0 0.0 0.0
0.0 0.0 0.0
0.0 0.0 0.0
0.0 0.0 0.0
0.0 0.0 0.0
0.0 0.0 0.0
0.0 0.0 0.0
0.0 0.0 0.0
0.0 0.0 0.0
0.0 0.0 0.0
0.0 0.0 0.0
0.0 0.0 0.0
0.0 0.0 0.0
0.0 0.0 0.0
0.0 0.0 0.0
0.0 0.0 0.0
0.0 0.0 0.0
0.0 0.0 0.0
0.0 0.0 0.0
0.0 0.0 0.0
0.0 0.0 0.0
0.0 0.0 0.0
0.0 0.0 0.0
0.0 0.0 0.0
0.0 0.0 0.0
0.0 0.0 0.0
0.0 0.0 0.0
0.0 0.0 0.0
0.0 0.0 0.0
0.0 0.0 0.0
0.0 0.0 0.0
0.0 0.0 0.0
0.0 0.0 0.0
0.0 0.0 0.0
0.0 0.0 0.0
0.0 0.0 0.0
0.0 0.0 0.0
0.0 0.0 0.0
0.0 0.0 0.0
0.0 0.0 0.0
0.0 0.0 0.0
0.0 0.0 0.0
0.0 0.0 0.0
0.0 0.0 0.0
0.0 0.0 0.0
0.0 0.0 0.0
0.0 0.0 0.0
0.0 0.0 0.0
0.0 0.0 0.0
0.0 0.0 0.0
0.0 0.0 0.0
0.0 0.0 0.0
0.0 0.0 0.0
0.0 0.0 0.0
0.0 0.0 0.0
0.0 0.0 0.0
0.0 0.0 0.0
0.0 0.0 0.0
0.0 0.0 0.0
0.0 0.0 0.0
0.0 0.0 0.0
0.0 0.0 0.0
0.0 0.0 0.0
0.0 0.0 0.0
0.0 0.0 0.0
0.0 0.0 0.0
-8.72874927520752 27.44438362121582 -2.982985019683838
0.0 0.0 0.0
0.0 0.0 0.0
0.0 0.0 0.0
0.0 0.0 0.0
-7.627379894256592 27.241622924804688 -3.0491600036621094
0.0 0.0 0.0
-7.194588661193848 27.16154670715332 -3.071465492248535
0.0 0.0 0.0
0.0 0.0 0.0
0.0 0.0 0.0
-6.358151912689209 27.02547264099121 -3.1147539615631104
0.0 0.0 0.0
-5.91929817199707 26.8426456451416 -3.1200456619262695
0.0 0.0 0.0
-5.504647731781006 26.724647521972656 -3.1320550441741943
-5.325185298919678 26.794809341430664 -3.151279926300049
0.0 0.0 0.0
-4.928927898406982 26.760387420654297 -3.1697945594787598
-4.729385852813721 26.719717025756836 -3.1763381958007812
-4.547990322113037 26.781021118164062 -3.1938350200653076
-4.345872402191162 26.71477699279785 -3.1952297687530518
0.0 0.0 0.0
-3.9523274898529053 26.65117835998535 -3.2067580223083496
0.0 0.0 0.0
-3.5735931396484375 26.65089988708496 -3.2241930961608887
-3.382131814956665 26.62773323059082 -3.2287120819091797
-3.2047972679138184 26.718740463256836 -3.2472469806671143
-2.9790866374969482 26.419708251953125 -3.2186028957366943
-2.8144824504852295 26.623706817626953 -3.2512223720550537
-2.607847213745117 26.42561149597168 -3.232436180114746
-2.4320428371429443 26.5310115814209 -3.250828981399536
-2.2643821239471436 26.747270584106445 -3.283024311065674
-2.0610384941101074 26.58387565612793 -3.268889904022217
0.0 0.0 0.0
-1.6929092407226562 26.639448165893555 -3.2847702503204346
-1.5060744285583496 26.626760482788086 -3.286776065826416
-1.3218021392822266 26.65923500061035 -3.2945151329040527
-1.1264119148254395 26.51238250732422 -3.280301570892334
-0.9474447965621948 26.674036026000977 -3.3036375045776367
-0.7567574977874756 26.501445770263672 -3.283829689025879
-0.5763848423957825 26.691822052001953 -3.3091578483581543
-0.3905634880065918 26.687152862548828 -3.310476541519165
-0.20240111649036407 26.809127807617188 -3.32771372795105
-0.016008999198675156 26.6740665435791 -3.3120229244232178
0.17061176896095276 26.82865333557129 -3.330765962600708
0.3566470146179199 26.776487350463867 -3.324000597000122
0.5426018238067627 26.765674591064453 -3.3225300312042236
0.734561026096344 26.970565795898438 -3.347996711730957
0.9237499237060547 26.918439865112305 -3.340327024459839
1.1025573015213013 26.710338592529297 -3.312269926071167
1.2878960371017456 26.690780639648438 -3.3077690601348877
1.4819810390472412 26.83639144897461 -3.323890447616577
1.6714016199111938 26.86836814880371 -3.3260812759399414
1.8641952276229858 26.89515495300293 -3.325925588607788
2.042602300643921 26.7701473236084 -3.3063085079193115
2.2628090381622314 27.165559768676758 -3.3510828018188477
0.0 0.0 0.0
0.0 0.0 0.0
2.8401570320129395 27.187759399414062 -3.340541124343872
3.028445243835449 27.1606388092041 -3.3313746452331543
3.2338404655456543 27.278533935546875 -3.3401296138763428
0.0 0.0 0.0
3.647939682006836 27.494308471679688 -3.3555099964141846
3.8348960876464844 27.415403366088867 -3.3377363681793213
4.075200080871582 27.72707176208496 -3.367647409439087
4.278678894042969 27.76840591430664 -3.364769697189331
4.453914642333984 27.628273010253906 -3.340078115463257
4.649725914001465 27.620996475219727 -3.3312506675720215
4.8930583000183105 27.87994384765625 -3.3525118827819824
5.08304500579834 27.804241180419922 -3.3334314823150635
5.281280040740967 27.792617797851562 -3.3223681449890137
5.503391742706299 27.901426315307617 -3.325817108154297
0.0 0.0 0.0
5.956053256988525 28.129398345947266 -3.3306915760040283
6.147909164428711 28.054317474365234 -3.3099284172058105
6.380954742431641 28.17927360534668 -3.313081979751587
6.604552268981934 28.253219604492188 -3.3102827072143555
6.839458465576172 28.367116928100586 -3.3106181621551514
0.0 0.0 0.0
7.308326721191406 28.547048568725586 -3.303917646408081
7.554781913757324 28.677791595458984 -3.3054311275482178
7.750624656677246 28.611621856689453 -3.2843310832977295
7.991497993469238 28.709016799926758 -3.2797679901123047
8.233250617980957 28.80065155029297 -3.2745168209075928
0.0 0.0 0.0
0.0 0.0 0.0
9.00857925415039 29.18145751953125 -3.269510507583618
9.19929313659668 29.079832077026367 -3.2404117584228516
9.517382621765137 29.372295379638672 -3.2551746368408203
9.810404777526855 29.57333755493164 -3.2596092224121094
10.020520210266113 29.505611419677734 -3.2340965270996094
0.0 0.0 0.0
0.0 0.0 0.0
0.0 0.0 0.0
0.0 0.0 0.0
0.0 0.0 0.0
0.0 0.0 0.0
0.0 0.0 0.0
0.0 0.0 0.0
12.612029075622559 30.673681259155273 -3.1693756580352783
12.924137115478516 30.812824249267578 -3.1587941646575928
13.253947257995605 30.993335723876953 -3.152581214904785
0.0 0.0 0.0
0.0 0.0 0.0
14.27254867553711 31.541484832763672 -3.1314892768859863
0.0 0.0 0.0
14.9389066696167 31.81574249267578 -3.1031885147094727
0.0 0.0 0.0
0.0 0.0 0.0
0.0 0.0 0.0
0.0 0.0 0.0
0.0 0.0 0.0
0.0 0.0 0.0
0.0 0.0 0.0
0.0 0.0 0.0
0.0 0.0 0.0
0.0 0.0 0.0
0.0 0.0 0.0
19.89214515686035 34.53179931640625 -2.95528244972229
0.0 0.0 0.0
0.0 0.0 0.0
0.0 0.0 0.0
0.0 0.0 0.0
0.0 0.0 0.0
0.0 0.0 0.0
0.0 0.0 0.0
0.0 0.0 0.0
0.0 0.0 0.0
0.0 0.0 0.0
0.0 0.0 0.0
0.0 0.0 0.0
0.0 0.0 0.0
0.0 0.0 0.0
0.0 0.0 0.0
0.0 0.0 0.0
0.0 0.0 0.0
0.0 0.0 0.0
0.0 0.0 0.0
0.0 0.0 0.0
0.0 0.0 0.0
0.0 0.0 0.0
0.0 0.0 0.0
0.0 0.0 0.0
0.0 0.0 0.0
0.0 0.0 0.0
0.0 0.0 0.0
0.0 0.0 0.0
0.0 0.0 0.0
0.0 0.0 0.0
0.0 0.0 0.0
0.0 0.0 0.0
0.0 0.0 0.0
0.0 0.0 0.0
0.0 0.0 0.0
0.0 0.0 0.0
0.0 0.0 0.0
0.0 0.0 0.0
0.0 0.0 0.0
0.0 0.0 0.0
0.0 0.0 0.0
0.0 0.0 0.0
0.0 0.0 0.0
0.0 0.0 0.0
0.0 0.0 0.0
0.0 0.0 0.0
0.0 0.0 0.0
0.0 0.0 0.0
0.0 0.0 0.0
0.0 0.0 0.0
0.0 0.0 0.0
0.0 0.0 0.0
0.0 0.0 0.0
0.0 0.0 0.0
0.0 0.0 0.0
0.0 0.0 0.0
0.0 0.0 0.0
0.0 0.0 0.0
0.0 0.0 0.0
0.0 0.0 0.0
0.0 0.0 0.0
0.0 0.0 0.0
0.0 0.0 0.0
0.0 0.0 0.0
0.0 0.0 0.0
0.0 0.0 0.0
0.0 0.0 0.0
0.0 0.0 0.0
0.0 0.0 0.0
0.0 0.0 0.0
0.0 0.0 0.0
0.0 0.0 0.0
0.0 0.0 0.0
0.0 0.0 0.0
0.0 0.0 0.0
0.0 0.0 0.0
0.0 0.0 0.0
0.0 0.0 0.0
0.0 0.0 0.0
0.0 0.0 0.0
0.0 0.0 0.0
0.0 0.0 0.0
0.0 0.0 0.0
0.0 0.0 0.0
0.0 0.0 0.0
0.0 0.0 0.0
0.0 0.0 0.0
0.0 0.0 0.0
0.0 0.0 0.0
0.0 0.0 0.0
0.0 0.0 0.0
0.0 0.0 0.0
0.0 0.0 0.0
0.0 0.0 0.0
0.0 0.0 0.0
0.0 0.0 0.0
0.0 0.0 0.0
0.0 0.0 0.0
0.0 0.0 0.0
0.0 0.0 0.0
0.0 0.0 0.0
0.0 0.0 0.0
0.0 0.0 0.0
0.0 0.0 0.0
0.0 0.0 0.0
0.0 0.0 0.0
0.0 0.0 0.0
0.0 0.0 0.0
0.0 0.0 0.0
0.0 0.0 0.0
0.0 0.0 0.0
0.0 0.0 0.0
0.0 0.0 0.0
0.0 0.0 0.0
0.0 0.0 0.0
0.0 0.0 0.0
0.0 0.0 0.0
0.0 0.0 0.0
0.0 0.0 0.0
0.0 0.0 0.0
0.0 0.0 0.0
0.0 0.0 0.0
0.0 0.0 0.0
0.0 0.0 0.0
0.0 0.0 0.0
0.0 0.0 0.0
0.0 0.0 0.0
0.0 0.0 0.0
0.0 0.0 0.0
0.0 0.0 0.0
0.0 0.0 0.0
0.0 0.0 0.0
0.0 0.0 0.0
0.0 0.0 0.0
0.0 0.0 0.0
0.0 0.0 0.0
0.0 0.0 0.0
0.0 0.0 0.0
0.0 0.0 0.0
0.0 0.0 0.0
0.0 0.0 0.0
0.0 0.0 0.0
0.0 0.0 0.0
0.0 0.0 0.0
0.0 0.0 0.0
0.0 0.0 0.0
0.0 0.0 0.0
0.0 0.0 0.0
0.0 0.0 0.0
0.0 0.0 0.0
0.0 0.0 0.0
0.0 0.0 0.0
0.0 0.0 0.0
0.0 0.0 0.0
0.0 0.0 0.0
0.0 0.0 0.0
0.0 0.0 0.0
0.0 0.0 0.0
0.0 0.0 0.0
0.0 0.0 0.0
0.0 0.0 0.0
0.0 0.0 0.0
0.0 0.0 0.0
0.0 0.0 0.0
0.0 0.0 0.0
0.0 0.0 0.0
0.0 0.0 0.0
0.0 0.0 0.0
0.0 0.0 0.0
0.0 0.0 0.0
0.0 0.0 0.0
0.0 0.0 0.0
0.0 0.0 0.0
0.0 0.0 0.0
0.0 0.0 0.0
0.0 0.0 0.0
0.0 0.0 0.0
0.0 0.0 0.0
0.0 0.0 0.0
0.0 0.0 0.0
0.0 0.0 0.0
0.0 0.0 0.0
0.0 0.0 0.0
0.0 0.0 0.0
0.0 0.0 0.0
0.0 0.0 0.0
0.0 0.0 0.0
0.0 0.0 0.0
0.0 0.0 0.0
0.0 0.0 0.0
0.0 0.0 0.0
0.0 0.0 0.0
0.0 0.0 0.0
0.0 0.0 0.0
0.0 0.0 0.0
0.0 0.0 0.0
0.0 0.0 0.0
0.0 0.0 0.0
0.0 0.0 0.0
0.0 0.0 0.0
0.0 0.0 0.0
0.0 0.0 0.0
0.0 0.0 0.0
0.0 0.0 0.0
0.0 0.0 0.0
0.0 0.0 0.0
0.0 0.0 0.0
0.0 0.0 0.0
0.0 0.0 0.0
0.0 0.0 0.0
0.0 0.0 0.0
0.0 0.0 0.0
0.0 0.0 0.0
0.0 0.0 0.0
0.0 0.0 0.0
0.0 0.0 0.0
0.0 0.0 0.0
0.0 0.0 0.0
0.0 0.0 0.0
0.0 0.0 0.0
0.0 0.0 0.0
0.0 0.0 0.0
0.0 0.0 0.0
0.0 0.0 0.0
0.0 0.0 0.0
0.0 0.0 0.0
0.0 0.0 0.0
0.0 0.0 0.0
0.0 0.0 0.0
0.0 0.0 0.0
0.0 0.0 0.0
0.0 0.0 0.0
0.0 0.0 0.0
0.0 0.0 0.0
-10.678821563720703 28.342206954956055 -2.858761787414551
0.0 0.0 0.0
0.0 0.0 0.0
0.0 0.0 0.0
0.0 0.0 0.0
0.0 0.0 0.0
0.0 0.0 0.0
0.0 0.0 0.0
0.0 0.0 0.0
0.0 0.0 0.0
-8.252179145812988 27.60835075378418 -2.9780876636505127
0.0 0.0 0.0
0.0 0.0 0.0
0.0 0.0 0.0
0.0 0.0 0.0
0.0 0.0 0.0
-6.935486316680908 27.325185775756836 -3.0439841747283936
-6.728971004486084 27.32260513305664 -3.0580296516418457
0.0 0.0 0.0
-6.408373832702637 27.674480438232422 -3.1249277591705322
-6.0671000480651855 27.0572566986084 -3.068859338760376
0.0 0.0 0.0
-5.688779354095459 27.151269912719727 -3.105011224746704
0.0 0.0 0.0
-5.265356540679932 26.995656967163086 -3.110564708709717
-5.090071678161621 27.09851837158203 -3.13431715965271
-4.845084190368652 26.822246551513672 -3.1135811805725098
-4.708433151245117 27.164091110229492 -3.163116693496704
-4.487067699432373 27.0033016204834 -3.154158353805542
-4.306793212890625 27.08216667175293 -3.173283576965332
-4.078793525695801 26.852956771850586 -3.156400203704834
0.0 0.0 0.0
0.0 0.0 0.0
-3.517735242843628 26.959556579589844 -3.1935057640075684
0.0 0.0 0.0
-3.1196746826171875 26.810720443725586 -3.191917657852173
-2.9698784351348877 27.170080184936523 -3.2413294315338135
0.0 0.0 0.0
-2.5479958057403564 26.786243438720703 -3.2074661254882812
-2.3842499256134033 27.061235427856445 -3.246593475341797
0.0 0.0 0.0
-2.001476764678955 27.01663589477539 -3.2519543170928955
-1.7983120679855347 26.8048038482666 -3.2304811477661133
-1.60408616065979 26.742633819580078 -3.2272286415100098
-1.4154419898986816 26.706010818481445 -3.2271270751953125
-1.2354086637496948 26.842390060424805 -3.248100757598877
-1.059367060661316 27.125099182128906 -3.284433603286743
-0.8627669811248779 26.887271881103516 -3.2577810287475586
-0.6775956153869629 27.097808837890625 -3.285651206970215
-0.48532697558403015 26.89602279663086 -3.263645648956299
-0.29861271381378174 26.91780662536621 -3.2687036991119385
-0.11196711659431458 27.105329513549805 -3.2915780544281006
0.07573999464511871 26.83009910583496 -3.2584142684936523
0.2635587751865387 26.933584213256836 -3.2714011669158936
0.45542505383491516 27.012434005737305 -3.2815682888031006
0.6429901123046875 26.989253997802734 -3.2789974212646484
0.8347967863082886 27.116180419921875 -3.2927660942077637
1.0198320150375366 27.0208683013916 -3.2797060012817383
1.2098748683929443 27.05988121032715 -3.2831084728240967
1.4077526330947876 27.17484474182129 -3.2958590984344482
1.5923296213150024 27.091222763061523 -3.283848762512207
1.7836499214172363 27.12653160095215 -3.284548282623291
0.0 0.0 0.0
2.1746113300323486 27.270376205444336 -3.295226812362671
0.0 0.0 0.0
2.5652706623077393 27.327348709106445 -3.2947654724121094
2.7830810546875 27.583730697631836 -3.32015061378479
2.9579694271087646 27.406503677368164 -3.293480634689331
3.1520020961761475 27.417015075683594 -3.289562463760376
3.3578028678894043 27.491199493408203 -3.2933287620544434
3.5907392501831055 27.79142189025879 -3.322847366333008
3.7832589149475098 27.75926399230957 -3.3116745948791504
3.994541883468628 27.860204696655273 -3.316519021987915
4.199563980102539 27.90580940246582 -3.3148772716522217
4.38101863861084 27.796646118164062 -3.2950215339660645
4.611924648284912 27.973102569580078 -3.3070712089538574
4.8119025230407715 27.972415924072266 -3.297797441482544
5.013911724090576 27.981794357299805 -3.2898573875427246
5.238558292388916 28.107934951782227 -3.2957286834716797
5.423162937164307 28.015132904052734 -3.2760555744171143
5.6436004638671875 28.08816909790039 -3.2734999656677246
5.90416145324707 28.36150360107422 -3.2943685054779053
6.069068908691406 28.16967010498047 -3.2613022327423096
6.3362345695495605 28.446712493896484 -3.282615900039673
6.6123175621032715 28.744272232055664 -3.305737018585205
6.742345333099365 28.389062881469727 -3.251887559890747
0.0 0.0 0.0
0.0 0.0 0.0
7.50321102142334 28.898218154907227 -3.2719054222106934
7.688206672668457 28.787450790405273 -3.2456653118133545
7.919925689697266 28.835676193237305 -3.236063241958618
0.0 0.0 0.0
8.46427059173584 29.219423294067383 -3.249452590942383
0.0 0.0 0.0
0.0 0.0 0.0
0.0 0.0 0.0
0.0 0.0 0.0
9.74575424194336 29.718778610229492 -3.221266984939575
9.973867416381836 29.715364456176758 -3.2033166885375977
10.327874183654785 30.074071884155273 -3.2228481769561768
0.0 0.0 0.0
10.889557838439941 30.315040588378906 -3.209932327270508
0.0 0.0 0.0
0.0 0.0 0.0
0.0 0.0 0.0
0.0 0.0 0.0
0.0 0.0 0.0
0.0 0.0 0.0
0.0 0.0 0.0
13.250418663024902 31.290653228759766 -3.1364190578460693
0.0 0.0 0.0
13.997262001037598 31.805335998535156 -3.1389307975769043
14.13376235961914 31.518299102783203 -3.084528923034668
14.496505737304688 31.733423233032227 -3.07932448387146
0.0 0.0 0.0
0.0 0.0 0.0
0.0 0.0 0.0
0.0 0.0 0.0
0.0 0.0 0.0
0.0 0.0 0.0
0.0 0.0 0.0
0.0 0.0 0.0
0.0 0.0 0.0
0.0 0.0 0.0
0.0 0.0 0.0
0.0 0.0 0.0
19.892501831054688 34.81660842895508 -2.949164628982544
0.0 0.0 0.0
20.841354370117188 35.31938552856445 -2.912165880203247
0.0 0.0 0.0
0.0 0.0 0.0
0.0 0.0 0.0
0.0 0.0 0.0
0.0 0.0 0.0
0.0 0.0 0.0
0.0 0.0 0.0
0.0 0.0 0.0
0.0 0.0 0.0
0.0 0.0 0.0
0.0 0.0 0.0
0.0 0.0 0.0
0.0 0.0 0.0
0.0 0.0 0.0
0.0 0.0 0.0
0.0 0.0 0.0
0.0 0.0 0.0
0.0 0.0 0.0
0.0 0.0 0.0
0.0 0.0 0.0
0.0 0.0 0.0
0.0 0.0 0.0
0.0 0.0 0.0
0.0 0.0 0.0
0.0 0.0 0.0
0.0 0.0 0.0
0.0 0.0 0.0
0.0 0.0 0.0
0.0 0.0 0.0
0.0 0.0 0.0
0.0 0.0 0.0
0.0 0.0 0.0
0.0 0.0 0.0
0.0 0.0 0.0
0.0 0.0 0.0
0.0 0.0 0.0
0.0 0.0 0.0
0.0 0.0 0.0
0.0 0.0 0.0
0.0 0.0 0.0
0.0 0.0 0.0
0.0 0.0 0.0
0.0 0.0 0.0
0.0 0.0 0.0
0.0 0.0 0.0
0.0 0.0 0.0
0.0 0.0 0.0
0.0 0.0 0.0
0.0 0.0 0.0
0.0 0.0 0.0
0.0 0.0 0.0
0.0 0.0 0.0
0.0 0.0 0.0
0.0 0.0 0.0
0.0 0.0 0.0
0.0 0.0 0.0
0.0 0.0 0.0
0.0 0.0 0.0
0.0 0.0 0.0
0.0 0.0 0.0
0.0 0.0 0.0
0.0 0.0 0.0
0.0 0.0 0.0
0.0 0.0 0.0
0.0 0.0 0.0
0.0 0.0 0.0
0.0 0.0 0.0
0.0 0.0 0.0
0.0 0.0 0.0
0.0 0.0 0.0
0.0 0.0 0.0
0.0 0.0 0.0
0.0 0.0 0.0
0.0 0.0 0.0
0.0 0.0 0.0
0.0 0.0 0.0
0.0 0.0 0.0
0.0 0.0 0.0
0.0 0.0 0.0
0.0 0.0 0.0
0.0 0.0 0.0
0.0 0.0 0.0
0.0 0.0 0.0
0.0 0.0 0.0
0.0 0.0 0.0
0.0 0.0 0.0
0.0 0.0 0.0
0.0 0.0 0.0
0.0 0.0 0.0
0.0 0.0 0.0
0.0 0.0 0.0
0.0 0.0 0.0
0.0 0.0 0.0
0.0 0.0 0.0
0.0 0.0 0.0
0.0 0.0 0.0
0.0 0.0 0.0
0.0 0.0 0.0
0.0 0.0 0.0
0.0 0.0 0.0
0.0 0.0 0.0
0.0 0.0 0.0
0.0 0.0 0.0
0.0 0.0 0.0
0.0 0.0 0.0
0.0 0.0 0.0
0.0 0.0 0.0
0.0 0.0 0.0
0.0 0.0 0.0
0.0 0.0 0.0
0.0 0.0 0.0
0.0 0.0 0.0
0.0 0.0 0.0
0.0 0.0 0.0
0.0 0.0 0.0
0.0 0.0 0.0
0.0 0.0 0.0
0.0 0.0 0.0
0.0 0.0 0.0
0.0 0.0 0.0
0.0 0.0 0.0
0.0 0.0 0.0
0.0 0.0 0.0
0.0 0.0 0.0
0.0 0.0 0.0
0.0 0.0 0.0
0.0 0.0 0.0
0.0 0.0 0.0
0.0 0.0 0.0
0.0 0.0 0.0
0.0 0.0 0.0
0.0 0.0 0.0
0.0 0.0 0.0
0.0 0.0 0.0
0.0 0.0 0.0
0.0 0.0 0.0
0.0 0.0 0.0
0.0 0.0 0.0
0.0 0.0 0.0
-38.91242980957031 156.4414825439453 19.495140075683594
0.0 0.0 0.0
0.0 0.0 0.0
0.0 0.0 0.0
0.0 0.0 0.0
0.0 0.0 0.0
0.0 0.0 0.0
0.0 0.0 0.0
0.0 0.0 0.0
0.0 0.0 0.0
0.0 0.0 0.0
0.0 0.0 0.0
0.0 0.0 0.0
0.0 0.0 0.0
0.0 0.0 0.0
0.0 0.0 0.0
0.0 0.0 0.0
0.0 0.0 0.0
0.0 0.0 0.0
0.0 0.0 0.0
0.0 0.0 0.0
0.0 0.0 0.0
0.0 0.0 0.0
0.0 0.0 0.0
0.0 0.0 0.0
0.0 0.0 0.0
0.0 0.0 0.0
0.0 0.0 0.0
0.0 0.0 0.0
0.0 0.0 0.0
-59.25907516479492 121.74574279785156 12.988905906677246
0.0 0.0 0.0
0.0 0.0 0.0
0.0 0.0 0.0
0.0 0.0 0.0
0.0 0.0 0.0
0.0 0.0 0.0
0.0 0.0 0.0
0.0 0.0 0.0
0.0 0.0 0.0
0.0 0.0 0.0
0.0 0.0 0.0
0.0 0.0 0.0
0.0 0.0 0.0
0.0 0.0 0.0
0.0 0.0 0.0
0.0 0.0 0.0
0.0 0.0 0.0
0.0 0.0 0.0
0.0 0.0 0.0
0.0 0.0 0.0
0.0 0.0 0.0
0.0 0.0 0.0
0.0 0.0 0.0
0.0 0.0 0.0
0.0 0.0 0.0
0.0 0.0 0.0
0.0 0.0 0.0
0.0 0.0 0.0
0.0 0.0 0.0
0.0 0.0 0.0
0.0 0.0 0.0
0.0 0.0 0.0
0.0 0.0 0.0
0.0 0.0 0.0
0.0 0.0 0.0
0.0 0.0 0.0
0.0 0.0 0.0
0.0 0.0 0.0
0.0 0.0 0.0
0.0 0.0 0.0
0.0 0.0 0.0
0.0 0.0 0.0
0.0 0.0 0.0
0.0 0.0 0.0
0.0 0.0 0.0
0.0 0.0 0.0
0.0 0.0 0.0
0.0 0.0 0.0
0.0 0.0 0.0
0.0 0.0 0.0
0.0 0.0 0.0
0.0 0.0 0.0
0.0 0.0 0.0
0.0 0.0 0.0
0.0 0.0 0.0
0.0 0.0 0.0
0.0 0.0 0.0
0.0 0.0 0.0
0.0 0.0 0.0
0.0 0.0 0.0
0.0 0.0 0.0
0.0 0.0 0.0
0.0 0.0 0.0
0.0 0.0 0.0
0.0 0.0 0.0
0.0 0.0 0.0
0.0 0.0 0.0
0.0 0.0 0.0
0.0 0.0 0.0
0.0 0.0 0.0
0.0 0.0 0.0
0.0 0.0 0.0
0.0 0.0 0.0
0.0 0.0 0.0
0.0 0.0 0.0
0.0 0.0 0.0
0.0 0.0 0.0
0.0 0.0 0.0
-7.322904109954834 27.64398193359375 -2.995408058166504
0.0 0.0 0.0
0.0 0.0 0.0
0.0 0.0 0.0
0.0 0.0 0.0
-6.215342998504639 27.274538040161133 -3.0239109992980957
0.0 0.0 0.0
-5.8235764503479 27.305599212646484 -3.0512473583221436
-5.662511348724365 27.488311767578125 -3.0836021900177
0.0 0.0 0.0
-5.2203545570373535 27.275615692138672 -3.083958148956299
0.0 0.0 0.0
-4.8174872398376465 27.220417022705078 -3.097276210784912
-4.615057468414307 27.17911720275879 -3.102532386779785
-4.425506114959717 27.209081649780273 -3.116035223007202
-4.214745998382568 27.127107620239258 -3.116483449935913
-4.053103446960449 27.338808059692383 -3.148707151412964
0.0 0.0 0.0
0.0 0.0 0.0
-3.4620046615600586 27.259634017944336 -3.1640403270721436
0.0 0.0 0.0
-3.050785541534424 27.056612014770508 -3.154216766357422
0.0 0.0 0.0
0.0 0.0 0.0
0.0 0.0 0.0
-2.2843544483184814 26.988054275512695 -3.1707968711853027
0.0 0.0 0.0
0.0 0.0 0.0
0.0 0.0 0.0
-1.531556248664856 27.081178665161133 -3.1994895935058594
-1.3426129817962646 27.082923889160156 -3.202899217605591
-1.1566267013549805 27.226987838745117 -3.222442626953125
-0.966252326965332 27.20294761657715 -3.2222115993499756
-0.7764787673950195 27.193098068237305 -3.223815441131592
-0.587791383266449 27.212940216064453 -3.229092836380005
-0.3972957134246826 27.134750366210938 -3.2208616733551025
-0.20586071908473969 27.249279022216797 -3.2349777221679688
-0.01626364327967167 27.249963760375977 -3.2357289791107178
0.0 0.0 0.0
0.3648831248283386 27.39476203918457 -3.254741907119751
0.5568297505378723 27.461528778076172 -3.2616994380950928
0.7524577975273132 27.6278076171875 -3.2802460193634033
0.9373863339424133 27.31573486328125 -3.2421443462371826
1.1340670585632324 27.471540451049805 -3.259758234024048
1.3318873643875122 27.598793029785156 -3.274132251739502
0.0 0.0 0.0
1.7171568870544434 27.601863861083984 -3.268097400665283
0.0 0.0 0.0
2.1160855293273926 27.73084259033203 -3.2773873805999756
2.29902720451355 27.596145629882812 -3.2585861682891846
0.0 0.0 0.0
2.6971325874328613 27.70984649658203 -3.262028455734253
2.8888697624206543 27.6484375 -3.24996280670166
3.0955111980438232 27.75571632385254 -3.2579524517059326
3.291482925415039 27.761381149291992 -3.2536778450012207
0.0 0.0 0.0
0.0 0.0 0.0
3.891475200653076 27.816280364990234 -3.2400968074798584
4.1288743019104 28.089113235473633 -3.2654781341552734
4.336001396179199 28.137630462646484 -3.263986587524414
4.537322998046875 28.142641067504883 -3.2559571266174316
4.744722843170166 28.18065643310547 -3.2518725395202637
4.9622650146484375 28.270668029785156 -3.2538883686065674
5.153450012207031 28.186565399169922 -3.2358529567718506
5.389266490936279 28.36131477355957 -3.2464635372161865
5.595892429351807 28.370431900024414 -3.2370028495788574
5.796682834625244 28.347612380981445 -3.2240331172943115
6.059919834136963 28.619680404663086 -3.244652509689331
6.2728962898254395 28.6231689453125 -3.2346575260162354
6.477959632873535 28.607196807861328 -3.221064567565918
6.721578121185303 28.75229835510254 -3.2251148223876953
6.961831569671631 28.872804641723633 -3.226426124572754
7.213691234588623 29.02899169921875 -3.2317116260528564
7.491790294647217 29.261241912841797 -3.245107650756836
0.0 0.0 0.0
7.949710845947266 29.345834732055664 -3.2259762287139893
8.232309341430664 29.572559356689453 -3.236685276031494
0.0 0.0 0.0
8.67343521118164 29.547927856445312 -3.204871892929077
8.845759391784668 29.37750244140625 -3.1704604625701904
0.0 0.0 0.0
9.463482856750488 29.915517807006836 -3.1963613033294678
9.683975219726562 29.888158798217773 -3.177503824234009
9.922553062438965 29.9148006439209 -3.1627278327941895
10.367124557495117 30.530908584594727 -3.209094285964966
0.0 0.0 0.0
10.757492065429688 30.28958511352539 -3.147298812866211
11.128578186035156 30.65889549255371 -3.166865110397339
0.0 0.0 0.0
0.0 0.0 0.0
0.0 0.0 0.0
0.0 0.0 0.0
0.0 0.0 0.0
0.0 0.0 0.0
0.0 0.0 0.0
0.0 0.0 0.0
0.0 0.0 0.0
14.103201866149902 31.749658584594727 -3.053633451461792
0.0 0.0 0.0
0.0 0.0 0.0
0.0 0.0 0.0
0.0 0.0 0.0
0.0 0.0 0.0
0.0 0.0 0.0
0.0 0.0 0.0
0.0 0.0 0.0
0.0 0.0 0.0
0.0 0.0 0.0
0.0 0.0 0.0
18.908952713012695 34.47394943237305 -2.949347972869873
0.0 0.0 0.0
0.0 0.0 0.0
20.15369415283203 34.98371124267578 -2.8845841884613037
0.0 0.0 0.0
0.0 0.0 0.0
0.0 0.0 0.0
0.0 0.0 0.0
0.0 0.0 0.0
0.0 0.0 0.0
0.0 0.0 0.0
0.0 0.0 0.0
0.0 0.0 0.0
0.0 0.0 0.0
0.0 0.0 0.0
0.0 0.0 0.0
0.0 0.0 0.0
0.0 0.0 0.0
0.0 0.0 0.0
0.0 0.0 0.0
0.0 0.0 0.0
0.0 0.0 0.0
0.0 0.0 0.0
0.0 0.0 0.0
0.0 0.0 0.0
0.0 0.0 0.0
0.0 0.0 0.0
0.0 0.0 0.0
0.0 0.0 0.0
0.0 0.0 0.0
0.0 0.0 0.0
0.0 0.0 0.0
0.0 0.0 0.0
0.0 0.0 0.0
0.0 0.0 0.0
0.0 0.0 0.0
0.0 0.0 0.0
0.0 0.0 0.0
0.0 0.0 0.0
0.0 0.0 0.0
0.0 0.0 0.0
0.0 0.0 0.0
0.0 0.0 0.0
0.0 0.0 0.0
0.0 0.0 0.0
0.0 0.0 0.0
0.0 0.0 0.0
0.0 0.0 0.0
0.0 0.0 0.0
0.0 0.0 0.0
0.0 0.0 0.0
0.0 0.0 0.0
0.0 0.0 0.0
0.0 0.0 0.0
0.0 0.0 0.0
0.0 0.0 0.0
0.0 0.0 0.0
0.0 0.0 0.0
0.0 0.0 0.0
0.0 0.0 0.0
0.0 0.0 0.0
0.0 0.0 0.0
0.0 0.0 0.0
0.0 0.0 0.0
0.0 0.0 0.0
0.0 0.0 0.0
0.0 0.0 0.0
0.0 0.0 0.0
0.0 0.0 0.0
0.0 0.0 0.0
0.0 0.0 0.0
0.0 0.0 0.0
0.0 0.0 0.0
0.0 0.0 0.0
0.0 0.0 0.0
0.0 0.0 0.0
0.0 0.0 0.0
0.0 0.0 0.0
0.0 0.0 0.0
0.0 0.0 0.0
0.0 0.0 0.0
0.0 0.0 0.0
0.0 0.0 0.0
0.0 0.0 0.0
0.0 0.0 0.0
0.0 0.0 0.0
0.0 0.0 0.0
0.0 0.0 0.0
0.0 0.0 0.0
0.0 0.0 0.0
0.0 0.0 0.0
0.0 0.0 0.0
0.0 0.0 0.0
0.0 0.0 0.0
0.0 0.0 0.0
0.0 0.0 0.0
0.0 0.0 0.0
0.0 0.0 0.0
0.0 0.0 0.0
0.0 0.0 0.0
0.0 0.0 0.0
0.0 0.0 0.0
0.0 0.0 0.0
0.0 0.0 0.0
0.0 0.0 0.0
0.0 0.0 0.0
0.0 0.0 0.0
0.0 0.0 0.0
0.0 0.0 0.0
0.0 0.0 0.0
0.0 0.0 0.0
0.0 0.0 0.0
0.0 0.0 0.0
0.0 0.0 0.0
0.0 0.0 0.0
0.0 0.0 0.0
0.0 0.0 0.0
0.0 0.0 0.0
0.0 0.0 0.0
0.0 0.0 0.0
0.0 0.0 0.0
0.0 0.0 0.0
0.0 0.0 0.0
0.0 0.0 0.0
0.0 0.0 0.0
0.0 0.0 0.0
0.0 0.0 0.0
0.0 0.0 0.0
0.0 0.0 0.0
0.0 0.0 0.0
0.0 0.0 0.0
0.0 0.0 0.0
0.0 0.0 0.0
0.0 0.0 0.0
0.0 0.0 0.0
0.0 0.0 0.0
0.0 0.0 0.0
0.0 0.0 0.0
0.0 0.0 0.0
0.0 0.0 0.0
0.0 0.0 0.0
0.0 0.0 0.0
0.0 0.0 0.0
0.0 0.0 0.0
0.0 0.0 0.0
0.0 0.0 0.0
0.0 0.0 0.0
0.0 0.0 0.0
0.0 0.0 0.0
0.0 0.0 0.0
0.0 0.0 0.0
0.0 0.0 0.0
0.0 0.0 0.0
0.0 0.0 0.0
0.0 0.0 0.0
0.0 0.0 0.0
0.0 0.0 0.0
0.0 0.0 0.0
0.0 0.0 0.0
0.0 0.0 0.0
0.0 0.0 0.0
0.0 0.0 0.0
0.0 0.0 0.0
0.0 0.0 0.0
0.0 0.0 0.0
0.0 0.0 0.0
0.0 0.0 0.0
0.0 0.0 0.0
0.0 0.0 0.0
0.0 0.0 0.0
0.0 0.0 0.0
0.0 0.0 0.0
0.0 0.0 0.0
-58.81742477416992 121.88337707519531 12.763094902038574
-59.68688201904297 121.51824951171875 12.623525619506836
0.0 0.0 0.0
0.0 0.0 0.0
0.0 0.0 0.0
0.0 0.0 0.0
0.0 0.0 0.0
0.0 0.0 0.0
0.0 0.0 0.0
0.0 0.0 0.0
0.0 0.0 0.0
0.0 0.0 0.0
0.0 0.0 0.0
0.0 0.0 0.0
0.0 0.0 0.0
0.0 0.0 0.0
0.0 0.0 0.0
0.0 0.0 0.0
0.0 0.0 0.0
0.0 0.0 0.0
0.0 0.0 0.0
0.0 0.0 0.0
0.0 0.0 0.0
0.0 0.0 0.0
0.0 0.0 0.0
0.0 0.0 0.0
0.0 0.0 0.0
0.0 0.0 0.0
0.0 0.0 0.0
0.0 0.0 0.0
0.0 0.0 0.0
0.0 0.0 0.0
0.0 0.0 0.0
0.0 0.0 0.0
0.0 0.0 0.0
0.0 0.0 0.0
0.0 0.0 0.0
0.0 0.0 0.0
0.0 0.0 0.0
0.0 0.0 0.0
0.0 0.0 0.0
0.0 0.0 0.0
0.0 0.0 0.0
0.0 0.0 0.0
0.0 0.0 0.0
0.0 0.0 0.0
0.0 0.0 0.0
0.0 0.0 0.0
0.0 0.0 0.0
0.0 0.0 0.0
0.0 0.0 0.0
0.0 0.0 0.0
0.0 0.0 0.0
0.0 0.0 0.0
0.0 0.0 0.0
0.0 0.0 0.0
0.0 0.0 0.0
0.0 0.0 0.0
0.0 0.0 0.0
0.0 0.0 0.0
0.0 0.0 0.0
0.0 0.0 0.0
0.0 0.0 0.0
0.0 0.0 0.0
0.0 0.0 0.0
0.0 0.0 0.0
0.0 0.0 0.0
0.0 0.0 0.0
0.0 0.0 0.0
0.0 0.0 0.0
0.0 0.0 0.0
0.0 0.0 0.0
0.0 0.0 0.0
0.0 0.0 0.0
0.0 0.0 0.0
0.0 0.0 0.0
-8.100750923156738 27.805749893188477 -2.889002799987793
-7.9518351554870605 28.032329559326172 -2.9286727905273438
-7.749736785888672 28.06243896484375 -2.9477715492248535
0.0 0.0 0.0
0.0 0.0 0.0
-7.09259557723999 27.944875717163086 -2.978761672973633
-6.806580543518066 27.637863159179688 -2.960129499435425
0.0 0.0 0.0
0.0 0.0 0.0
0.0 0.0 0.0
0.0 0.0 0.0
0.0 0.0 0.0
-5.565001487731934 27.50712776184082 -3.0211737155914307
0.0 0.0 0.0
0.0 0.0 0.0
0.0 0.0 0.0
0.0 0.0 0.0
-4.573858737945557 27.52398109436035 -3.0745370388031006
0.0 0.0 0.0
0.0 0.0 0.0
0.0 0.0 0.0
-3.7997310161590576 27.593168258666992 -3.1162538528442383
0.0 0.0 0.0
0.0 0.0 0.0
-3.203930377960205 27.53635597229004 -3.1315863132476807
-2.9999775886535645 27.445056915283203 -3.12791109085083
-2.79050612449646 27.286649703979492 -3.116675853729248
0.0 0.0 0.0
-2.4146780967712402 27.410362243652344 -3.1419355869293213
-2.2092761993408203 27.247827529907227 -3.1280362606048584
-2.0317184925079346 27.424341201782227 -3.153203248977661
-1.8434981107711792 27.475780487060547 -3.164177894592285
-1.6411855220794678 27.359649658203125 -3.15524959564209
-1.4540342092514038 27.43193244934082 -3.1665310859680176
0.0 0.0 0.0
-1.0793834924697876 27.63467788696289 -3.1963255405426025
-0.8819525241851807 27.482025146484375 -3.1820755004882812
-0.6841737031936646 27.36309814453125 -3.1707229614257812
-0.4996844530105591 27.685152053833008 -3.2090811729431152
-0.3068968653678894 27.68002700805664 -3.2096831798553467
-0.11367179453372955 27.487308502197266 -3.188676118850708
0.07724151760339737 27.42905616760254 -3.183410167694092
0.2694668769836426 27.56363868713379 -3.1993393898010254
0.4692446291446686 27.83662223815918 -3.2302072048187256
0.6630062460899353 27.844451904296875 -3.2304701805114746
0.8534378409385681 27.730693817138672 -3.2167837619781494
1.0401229858398438 27.55747413635254 -3.196359634399414
1.2384706735610962 27.7010498046875 -3.211388349533081
1.431280493736267 27.62999153137207 -3.20070219039917
1.6362391710281372 27.836692810058594 -3.2223775386810303
1.8342115879058838 27.890859603881836 -3.2265286445617676
2.02034592628479 27.76945686340332 -3.2105278968811035
2.2225656509399414 27.871387481689453 -3.2187838554382324
0.0 0.0 0.0
2.612740993499756 27.831098556518555 -3.2060036659240723
2.8321354389190674 28.067760467529297 -3.229429006576538
3.0222256183624268 28.001771926879883 -3.2181642055511475
0.0 0.0 0.0
3.4312567710876465 28.093399047851562 -3.2166707515716553
0.0 0.0 0.0
3.8459439277648926 28.221839904785156 -3.2194745540618896
4.0367021560668945 28.15696907043457 -3.206355094909668
0.0 0.0 0.0
0.0 0.0 0.0
4.70530366897583 28.540794372558594 -3.2266790866851807
4.9252471923828125 28.630990982055664 -3.2293381690979004
5.0882768630981445 28.39473533630371 -3.1950666904449463
5.319679260253906 28.543415069580078 -3.2020833492279053
5.536660194396973 28.60253143310547 -3.1991007328033447
5.782796859741211 28.781139373779297 -3.2093629837036133
0.0 0.0 0.0
0.0 0.0 0.0
0.0 0.0 0.0
6.68418025970459 29.058467864990234 -3.1975362300872803
6.897512912750244 29.042341232299805 -3.184175729751587
7.186793327331543 29.349971771240234 -3.20652174949646
0.0 0.0 0.0
7.664629936218262 29.517885208129883 -3.198850393295288
7.875328063964844 29.484529495239258 -3.181938886642456
8.16159439086914 29.710966110229492 -3.1928513050079346
0.0 0.0 0.0
8.610538482666016 29.721830368041992 -3.1657090187072754
0.0 0.0 0.0
0.0 0.0 0.0
0.0 0.0 0.0
9.625956535339355 30.05933380126953 -3.139502763748169
0.0 0.0 0.0
0.0 0.0 0.0
10.457732200622559 30.450307846069336 -3.1281754970550537
10.691117286682129 30.4376163482666 -3.109633684158325
11.014474868774414 30.663818359375 -3.113710880279541
11.364803314208984 30.961313247680664 -3.124528646469116
11.603983879089355 30.945823669433594 -3.1036181449890137
0.0 0.0 0.0
0.0 0.0 0.0
0.0 0.0 0.0
12.816566467285156 31.47707748413086 -3.0732460021972656
0.0 0.0 0.0
0.0 0.0 0.0
13.79564380645752 31.957250595092773 -3.052253246307373
14.107686996459961 32.05366516113281 -3.036916971206665
0.0 0.0 0.0
0.0 0.0 0.0
0.0 0.0 0.0
0.0 0.0 0.0
0.0 0.0 0.0
0.0 0.0 0.0
0.0 0.0 0.0
0.0 0.0 0.0
0.0 0.0 0.0
0.0 0.0 0.0
0.0 0.0 0.0
0.0 0.0 0.0
0.0 0.0 0.0
0.0 0.0 0.0
0.0 0.0 0.0
20.678699493408203 35.604339599609375 -2.866889238357544
0.0 0.0 0.0
0.0 0.0 0.0
0.0 0.0 0.0
0.0 0.0 0.0
0.0 0.0 0.0
0.0 0.0 0.0
0.0 0.0 0.0
0.0 0.0 0.0
0.0 0.0 0.0
0.0 0.0 0.0
0.0 0.0 0.0
0.0 0.0 0.0
0.0 0.0 0.0
0.0 0.0 0.0
0.0 0.0 0.0
0.0 0.0 0.0
0.0 0.0 0.0
0.0 0.0 0.0
0.0 0.0 0.0
0.0 0.0 0.0
0.0 0.0 0.0
0.0 0.0 0.0
0.0 0.0 0.0
0.0 0.0 0.0
0.0 0.0 0.0
0.0 0.0 0.0
0.0 0.0 0.0
0.0 0.0 0.0
0.0 0.0 0.0
0.0 0.0 0.0
0.0 0.0 0.0
0.0 0.0 0.0
0.0 0.0 0.0
0.0 0.0 0.0
0.0 0.0 0.0
0.0 0.0 0.0
0.0 0.0 0.0
0.0 0.0 0.0
0.0 0.0 0.0
0.0 0.0 0.0
0.0 0.0 0.0
0.0 0.0 0.0
0.0 0.0 0.0
0.0 0.0 0.0
0.0 0.0 0.0
0.0 0.0 0.0
0.0 0.0 0.0
0.0 0.0 0.0
0.0 0.0 0.0
0.0 0.0 0.0
0.0 0.0 0.0
0.0 0.0 0.0
0.0 0.0 0.0
0.0 0.0 0.0
0.0 0.0 0.0
0.0 0.0 0.0
0.0 0.0 0.0
0.0 0.0 0.0
0.0 0.0 0.0
0.0 0.0 0.0
0.0 0.0 0.0
0.0 0.0 0.0
0.0 0.0 0.0
0.0 0.0 0.0
0.0 0.0 0.0
0.0 0.0 0.0
0.0 0.0 0.0
0.0 0.0 0.0
0.0 0.0 0.0
0.0 0.0 0.0
0.0 0.0 0.0
0.0 0.0 0.0
0.0 0.0 0.0
0.0 0.0 0.0
0.0 0.0 0.0
0.0 0.0 0.0
0.0 0.0 0.0
0.0 0.0 0.0
0.0 0.0 0.0
0.0 0.0 0.0
0.0 0.0 0.0
0.0 0.0 0.0
0.0 0.0 0.0
0.0 0.0 0.0
0.0 0.0 0.0
0.0 0.0 0.0
0.0 0.0 0.0
0.0 0.0 0.0
0.0 0.0 0.0
0.0 0.0 0.0
0.0 0.0 0.0
0.0 0.0 0.0
0.0 0.0 0.0
0.0 0.0 0.0
0.0 0.0 0.0
0.0 0.0 0.0
0.0 0.0 0.0
0.0 0.0 0.0
0.0 0.0 0.0
0.0 0.0 0.0
0.0 0.0 0.0
0.0 0.0 0.0
0.0 0.0 0.0
0.0 0.0 0.0
0.0 0.0 0.0
0.0 0.0 0.0
0.0 0.0 0.0
0.0 0.0 0.0
0.0 0.0 0.0
0.0 0.0 0.0
0.0 0.0 0.0
0.0 0.0 0.0
0.0 0.0 0.0
0.0 0.0 0.0
0.0 0.0 0.0
0.0 0.0 0.0
0.0 0.0 0.0
0.0 0.0 0.0
0.0 0.0 0.0
0.0 0.0 0.0
0.0 0.0 0.0
0.0 0.0 0.0
0.0 0.0 0.0
0.0 0.0 0.0
0.0 0.0 0.0
0.0 0.0 0.0
0.0 0.0 0.0
0.0 0.0 0.0
0.0 0.0 0.0
0.0 0.0 0.0
0.0 0.0 0.0
0.0 0.0 0.0
0.0 0.0 0.0
0.0 0.0 0.0
0.0 0.0 0.0
0.0 0.0 0.0
0.0 0.0 0.0
0.0 0.0 0.0
0.0 0.0 0.0
0.0 0.0 0.0
0.0 0.0 0.0
0.0 0.0 0.0
0.0 0.0 0.0
0.0 0.0 0.0
0.0 0.0 0.0
0.0 0.0 0.0
0.0 0.0 0.0
0.0 0.0 0.0
0.0 0.0 0.0
0.0 0.0 0.0
0.0 0.0 0.0
0.0 0.0 0.0
0.0 0.0 0.0
0.0 0.0 0.0
0.0 0.0 0.0
0.0 0.0 0.0
0.0 0.0 0.0
0.0 0.0 0.0
0.0 0.0 0.0
0.0 0.0 0.0
0.0 0.0 0.0
0.0 0.0 0.0
0.0 0.0 0.0
0.0 0.0 0.0
0.0 0.0 0.0
0.0 0.0 0.0
0.0 0.0 0.0
0.0 0.0 0.0
0.0 0.0 0.0
0.0 0.0 0.0
-59.260223388671875 121.75727081298828 12.412858963012695
0.0 0.0 0.0
0.0 0.0 0.0
0.0 0.0 0.0
0.0 0.0 0.0
0.0 0.0 0.0
0.0 0.0 0.0
0.0 0.0 0.0
0.0 0.0 0.0
0.0 0.0 0.0
0.0 0.0 0.0
0.0 0.0 0.0
0.0 0.0 0.0
0.0 0.0 0.0
0.0 0.0 0.0
0.0 0.0 0.0
0.0 0.0 0.0
0.0 0.0 0.0
0.0 0.0 0.0
0.0 0.0 0.0
0.0 0.0 0.0
0.0 0.0 0.0
0.0 0.0 0.0
0.0 0.0 0.0
0.0 0.0 0.0
0.0 0.0 0.0
0.0 0.0 0.0
0.0 0.0 0.0
0.0 0.0 0.0
0.0 0.0 0.0
0.0 0.0 0.0
0.0 0.0 0.0
0.0 0.0 0.0
0.0 0.0 0.0
0.0 0.0 0.0
0.0 0.0 0.0
0.0 0.0 0.0
0.0 0.0 0.0
0.0 0.0 0.0
0.0 0.0 0.0
0.0 0.0 0.0
0.0 0.0 0.0
0.0 0.0 0.0
0.0 0.0 0.0
0.0 0.0 0.0
0.0 0.0 0.0
0.0 0.0 0.0
0.0 0.0 0.0
0.0 0.0 0.0
0.0 0.0 0.0
0.0 0.0 0.0
0.0 0.0 0.0
0.0 0.0 0.0
0.0 0.0 0.0
0.0 0.0 0.0
0.0 0.0 0.0
0.0 0.0 0.0
0.0 0.0 0.0
0.0 0.0 0.0
0.0 0.0 0.0
0.0 0.0 0.0
0.0 0.0 0.0
0.0 0.0 0.0
0.0 0.0 0.0
0.0 0.0 0.0
0.0 0.0 0.0
0.0 0.0 0.0
0.0 0.0 0.0
0.0 0.0 0.0
0.0 0.0 0.0
0.0 0.0 0.0
0.0 0.0 0.0
0.0 0.0 0.0
0.0 0.0 0.0
0.0 0.0 0.0
0.0 0.0 0.0
0.0 0.0 0.0
0.0 0.0 0.0
0.0 0.0 0.0
0.0 0.0 0.0
-7.222305774688721 28.051755905151367 -2.9189882278442383
0.0 0.0 0.0
0.0 0.0 0.0
-6.600671291351318 28.051122665405273 -2.9587454795837402
-6.354001998901367 27.887075424194336 -2.9537711143493652
0.0 0.0 0.0
-5.995211601257324 28.113832473754883 -3.002551317214966
0.0 0.0 0.0
-5.537240505218506 27.863842010498047 -2.9974708557128906
0.0 0.0 0.0
0.0 0.0 0.0
0.0 0.0 0.0
0.0 0.0 0.0
-4.489754676818848 27.603759765625 -3.0182669162750244
-4.2938127517700195 27.633604049682617 -3.03025484085083
0.0 0.0 0.0
-3.892320156097412 27.572778701782227 -3.0410642623901367
0.0 0.0 0.0
0.0 0.0 0.0
-3.3338775634765625 27.79911994934082 -3.086846113204956
-3.0908350944519043 27.411998748779297 -3.0509495735168457
0.0 0.0 0.0
0.0 0.0 0.0
-2.53877329826355 27.69997787475586 -3.099959135055542
-2.35298228263855 27.79743003845215 -3.1159048080444336
-2.14857816696167 27.715850830078125 -3.1120264530181885
-1.9462668895721436 27.59772491455078 -3.1039559841156006
-1.7546335458755493 27.617841720581055 -3.109344959259033
-1.5637094974517822 27.64824104309082 -3.116041421890259
-1.370287537574768 27.638559341430664 -3.118375539779663
-1.1833133697509766 27.852588653564453 -3.146188497543335
-0.991054117679596 27.906227111816406 -3.1556665897369385
-0.7932935357093811 27.784183502197266 -3.1431517601013184
-0.6008101105690002 27.835376739501953 -3.1503849029541016
-0.4079485833644867 27.88911247253418 -3.158062219619751
-0.21000446379184723 27.840620040893555 -3.1543490886688232
-0.01639155112206936 27.883935928344727 -3.1606388092041016
0.17858821153640747 28.0386905670166 -3.1777100563049316
0.3732893466949463 28.009658813476562 -3.1741042137145996
0.5662530064582825 27.924957275390625 -3.16434383392334
0.762524425983429 27.994121551513672 -3.1721725463867188
0.9641628265380859 28.0929012298584 -3.1828291416168213
1.161991834640503 28.14402198791504 -3.186450242996216
1.3549658060073853 28.077436447143555 -3.176898956298828
1.547283411026001 28.01340675354004 -3.1677980422973633
1.7491402626037598 28.114648818969727 -3.1775364875793457
0.0 0.0 0.0
0.0 0.0 0.0
2.3630244731903076 28.36353874206543 -3.1954922676086426
2.5643341541290283 28.38953971862793 -3.194797992706299
0.0 0.0 0.0
2.9445300102233887 28.182254791259766 -3.1635873317718506
0.0 0.0 0.0
0.0 0.0 0.0
3.585334300994873 28.541044235229492 -3.187340497970581
3.7767648696899414 28.46240234375 -3.173354387283325
4.011364936828613 28.674436569213867 -3.1904261112213135
0.0 0.0 0.0
4.42030668258667 28.68337059020996 -3.1766958236694336
4.622384071350098 28.66839599609375 -3.1678876876831055
4.838251113891602 28.73237419128418 -3.167922019958496
5.053286552429199 28.787357330322266 -3.1655216217041016
5.278331756591797 28.866832733154297 -3.1650145053863525
5.497478008270264 28.926156997680664 -3.162551164627075
0.0 0.0 0.0
5.946537494659424 29.077930450439453 -3.1615195274353027
6.165656089782715 29.11727523803711 -3.155188798904419
6.391152858734131 29.161775588989258 -3.149017333984375
0.0 0.0 0.0
6.8338541984558105 29.232128143310547 -3.1353418827056885
0.0 0.0 0.0
0.0 0.0 0.0
7.603976249694824 29.701078414916992 -3.1491622924804688
7.775173187255859 29.513978958129883 -3.1168694496154785
0.0 0.0 0.0
0.0 0.0 0.0
8.53795051574707 29.866657257080078 -3.1139423847198486
8.868934631347656 30.214033126831055 -3.1353859901428223
9.15695571899414 30.410362243652344 -3.1412253379821777
9.325443267822266 30.206703186035156 -3.105844020843506
9.604608535766602 30.362060546875 -3.1059367656707764
0.0 0.0 0.0
0.0 0.0 0.0
0.0 0.0 0.0
10.78512191772461 31.049100875854492 -3.10903263092041
0.0 0.0 0.0
11.317622184753418 31.17467498779297 -3.084385633468628
0.0 0.0 0.0
0.0 0.0 0.0
12.151470184326172 31.401662826538086 -3.049299955368042
0.0 0.0 0.0
12.756667137145996 31.64922332763672 -3.0318026542663574
13.051639556884766 31.74197006225586 -3.0199122428894043
0.0 0.0 0.0
0.0 0.0 0.0
0.0 0.0 0.0
14.383296966552734 32.37777328491211 -2.989356279373169
0.0 0.0 0.0
0.0 0.0 0.0
0.0 0.0 0.0
0.0 0.0 0.0
0.0 0.0 0.0
0.0 0.0 0.0
0.0 0.0 0.0
0.0 0.0 0.0
0.0 0.0 0.0
0.0 0.0 0.0
0.0 0.0 0.0
19.038183212280273 34.70994567871094 -2.859147310256958
0.0 0.0 0.0
0.0 0.0 0.0
0.0 0.0 0.0
0.0 0.0 0.0
0.0 0.0 0.0
0.0 0.0 0.0
0.0 0.0 0.0
0.0 0.0 0.0
0.0 0.0 0.0
0.0 0.0 0.0
0.0 0.0 0.0
0.0 0.0 0.0
0.0 0.0 0.0
0.0 0.0 0.0
0.0 0.0 0.0
0.0 0.0 0.0
0.0 0.0 0.0
0.0 0.0 0.0
0.0 0.0 0.0
0.0 0.0 0.0
0.0 0.0 0.0
0.0 0.0 0.0
0.0 0.0 0.0
0.0 0.0 0.0
0.0 0.0 0.0
0.0 0.0 0.0
0.0 0.0 0.0
0.0 0.0 0.0
0.0 0.0 0.0
0.0 0.0 0.0
0.0 0.0 0.0
0.0 0.0 0.0
0.0 0.0 0.0
0.0 0.0 0.0
0.0 0.0 0.0
0.0 0.0 0.0
0.0 0.0 0.0
0.0 0.0 0.0
0.0 0.0 0.0
0.0 0.0 0.0
0.0 0.0 0.0
0.0 0.0 0.0
0.0 0.0 0.0
0.0 0.0 0.0
0.0 0.0 0.0
0.0 0.0 0.0
0.0 0.0 0.0
0.0 0.0 0.0
0.0 0.0 0.0
0.0 0.0 0.0
0.0 0.0 0.0
0.0 0.0 0.0
0.0 0.0 0.0
0.0 0.0 0.0
0.0 0.0 0.0
0.0 0.0 0.0
0.0 0.0 0.0
0.0 0.0 0.0
0.0 0.0 0.0
0.0 0.0 0.0
0.0 0.0 0.0
0.0 0.0 0.0
0.0 0.0 0.0
0.0 0.0 0.0
0.0 0.0 0.0
0.0 0.0 0.0
0.0 0.0 0.0
0.0 0.0 0.0
0.0 0.0 0.0
0.0 0.0 0.0
0.0 0.0 0.0
0.0 0.0 0.0
0.0 0.0 0.0
0.0 0.0 0.0
0.0 0.0 0.0
0.0 0.0 0.0
0.0 0.0 0.0
0.0 0.0 0.0
0.0 0.0 0.0
0.0 0.0 0.0
0.0 0.0 0.0
0.0 0.0 0.0
0.0 0.0 0.0
0.0 0.0 0.0
0.0 0.0 0.0
0.0 0.0 0.0
0.0 0.0 0.0
0.0 0.0 0.0
0.0 0.0 0.0
0.0 0.0 0.0
0.0 0.0 0.0
0.0 0.0 0.0
0.0 0.0 0.0
0.0 0.0 0.0
0.0 0.0 0.0
0.0 0.0 0.0
0.0 0.0 0.0
0.0 0.0 0.0
0.0 0.0 0.0
0.0 0.0 0.0
0.0 0.0 0.0
0.0 0.0 0.0
0.0 0.0 0.0
0.0 0.0 0.0
0.0 0.0 0.0
0.0 0.0 0.0
0.0 0.0 0.0
0.0 0.0 0.0
0.0 0.0 0.0
0.0 0.0 0.0
0.0 0.0 0.0
0.0 0.0 0.0
0.0 0.0 0.0
0.0 0.0 0.0
0.0 0.0 0.0
0.0 0.0 0.0
0.0 0.0 0.0
0.0 0.0 0.0
0.0 0.0 0.0
0.0 0.0 0.0
0.0 0.0 0.0
0.0 0.0 0.0
0.0 0.0 0.0
0.0 0.0 0.0
0.0 0.0 0.0
0.0 0.0 0.0
0.0 0.0 0.0
0.0 0.0 0.0
0.0 0.0 0.0
0.0 0.0 0.0
0.0 0.0 0.0
0.0 0.0 0.0
0.0 0.0 0.0
0.0 0.0 0.0
0.0 0.0 0.0
0.0 0.0 0.0
0.0 0.0 0.0
0.0 0.0 0.0
0.0 0.0 0.0
0.0 0.0 0.0
0.0 0.0 0.0
0.0 0.0 0.0
0.0 0.0 0.0
0.0 0.0 0.0
0.0 0.0 0.0
0.0 0.0 0.0
0.0 0.0 0.0
0.0 0.0 0.0
0.0 0.0 0.0
0.0 0.0 0.0
0.0 0.0 0.0
0.0 0.0 0.0
0.0 0.0 0.0
0.0 0.0 0.0
0.0 0.0 0.0
0.0 0.0 0.0
0.0 0.0 0.0
0.0 0.0 0.0
0.0 0.0 0.0
0.0 0.0 0.0
0.0 0.0 0.0
0.0 0.0 0.0
0.0 0.0 0.0
0.0 0.0 0.0
0.0 0.0 0.0
0.0 0.0 0.0
0.0 0.0 0.0
0.0 0.0 0.0
0.0 0.0 0.0
0.0 0.0 0.0
0.0 0.0 0.0
0.0 0.0 0.0
-58.846893310546875 121.95458221435547 12.18346881866455
-59.71632766723633 121.584716796875 12.041217803955078
0.0 0.0 0.0
0.0 0.0 0.0
0.0 0.0 0.0
0.0 0.0 0.0
0.0 0.0 0.0
0.0 0.0 0.0
0.0 0.0 0.0
0.0 0.0 0.0
0.0 0.0 0.0
0.0 0.0 0.0
0.0 0.0 0.0
0.0 0.0 0.0
0.0 0.0 0.0
0.0 0.0 0.0
0.0 0.0 0.0
0.0 0.0 0.0
0.0 0.0 0.0
0.0 0.0 0.0
0.0 0.0 0.0
0.0 0.0 0.0
0.0 0.0 0.0
0.0 0.0 0.0
0.0 0.0 0.0
0.0 0.0 0.0
0.0 0.0 0.0
0.0 0.0 0.0
0.0 0.0 0.0
0.0 0.0 0.0
0.0 0.0 0.0
0.0 0.0 0.0
0.0 0.0 0.0
0.0 0.0 0.0
0.0 0.0 0.0
0.0 0.0 0.0
0.0 0.0 0.0
0.0 0.0 0.0
0.0 0.0 0.0
0.0 0.0 0.0
0.0 0.0 0.0
0.0 0.0 0.0
0.0 0.0 0.0
0.0 0.0 0.0
0.0 0.0 0.0
0.0 0.0 0.0
0.0 0.0 0.0
0.0 0.0 0.0
0.0 0.0 0.0
0.0 0.0 0.0
0.0 0.0 0.0
0.0 0.0 0.0
0.0 0.0 0.0
0.0 0.0 0.0
0.0 0.0 0.0
0.0 0.0 0.0
0.0 0.0 0.0
0.0 0.0 0.0
0.0 0.0 0.0
0.0 0.0 0.0
0.0 0.0 0.0
0.0 0.0 0.0
0.0 0.0 0.0
0.0 0.0 0.0
0.0 0.0 0.0
0.0 0.0 0.0
0.0 0.0 0.0
0.0 0.0 0.0
0.0 0.0 0.0
0.0 0.0 0.0
0.0 0.0 0.0
0.0 0.0 0.0
0.0 0.0 0.0
0.0 0.0 0.0
0.0 0.0 0.0
0.0 0.0 0.0
0.0 0.0 0.0
-8.082012176513672 28.48957633972168 -2.8438720703125
0.0 0.0 0.0
0.0 0.0 0.0
0.0 0.0 0.0
-7.224056720733643 28.46269989013672 -2.898052930831909
-6.97047758102417 28.30391502380371 -2.8946213722229004
0.0 0.0 0.0
-6.573495864868164 28.387245178222656 -2.9281182289123535
0.0 0.0 0.0
0.0 0.0 0.0
-5.961150169372559 28.44955062866211 -2.9703493118286133
-16.30694580078125 80.61824798583984 -8.447378158569336
-5.4935407638549805 28.16840171813965 -2.9622411727905273
0.0 0.0 0.0
-5.06535005569458 28.048171997070312 -2.970339775085449
-4.843369483947754 27.948049545288086 -2.9685027599334717
-4.668382167816162 28.098609924316406 -2.993285655975342
0.0 0.0 0.0
-4.251231670379639 27.989276885986328 -2.9995176792144775
0.0 0.0 0.0
0.0 0.0 0.0
-3.677170991897583 28.18465805053711 -3.042891502380371
-3.4387595653533936 27.869321823120117 -3.016127824783325
0.0 0.0 0.0
-3.083498001098633 28.21755027770996 -3.0673980712890625
-2.852344036102295 27.897518157958984 -3.0379509925842285
-2.689157009124756 28.279600143432617 -3.085218906402588
-2.4903085231781006 28.27358627319336 -3.0902628898620605
-2.2955102920532227 28.316511154174805 -3.100813865661621
-2.0771498680114746 28.04460906982422 -3.075129747390747
-1.8809274435043335 28.042329788208008 -3.0785064697265625
0.0 0.0 0.0
0.0 0.0 0.0
-1.2929301261901855 28.09722137451172 -3.096383571624756
-1.0963338613510132 28.074155807495117 -3.0960183143615723
-0.9029163718223572 28.146793365478516 -3.105930805206299
-0.6970344185829163 27.884363174438477 -3.0790393352508545
-0.5069980621337891 28.105636596679688 -3.1056716442108154
-0.3126412034034729 28.232431411743164 -3.122044086456299
-0.11636703461408615 28.22610092163086 -3.1216890811920166
0.07980834692716599 28.214553833007812 -3.1206369400024414
0.2753998935222626 28.158939361572266 -3.1148598194122314
0.4739230275154114 28.105789184570312 -3.109515905380249
0.674549400806427 28.323034286499023 -3.134233236312866
0.8662439584732056 28.147132873535156 -3.1132686138153076
1.067814826965332 28.295867919921875 -3.1282243728637695
1.2779114246368408 28.586671829223633 -3.159015655517578
1.461086630821228 28.204914093017578 -3.1156177520751953
0.0 0.0 0.0
1.8700599670410156 28.438335418701172 -3.1369168758392334
2.0579495429992676 28.289621353149414 -3.1172542572021484
2.2839231491088867 28.638965606689453 -3.1525957584381104
2.4723963737487793 28.460145950317383 -3.12988018989563
2.6759166717529297 28.500776290893555 -3.131319284439087
2.869720935821533 28.439762115478516 -3.1195712089538574
3.0722174644470215 28.46234130859375 -3.1171376705169678
0.0 0.0 0.0
3.5180130004882812 28.795703887939453 -3.1440632343292236
0.0 0.0 0.0
3.9355533123016357 28.872833251953125 -3.1408181190490723
4.135204792022705 28.83810043334961 -3.1304709911346436
4.362308025360107 28.986343383789062 -3.1400997638702393
4.571717262268066 29.006208419799805 -3.135923147201538
0.0 0.0 0.0
5.007532596588135 29.11001205444336 -3.1316890716552734
5.2169952392578125 29.113956451416016 -3.123809576034546
0.0 0.0 0.0
5.706944465637207 29.47966194152832 -3.1466317176818848
0.0 0.0 0.0
6.150321006774902 29.54416275024414 -3.1340184211730957
6.335583686828613 29.407176971435547 -3.1093924045562744
0.0 0.0 0.0
0.0 0.0 0.0
7.021671772003174 29.563358306884766 -3.094658136367798
7.320006847381592 29.892927169799805 -3.1173112392425537
0.0 0.0 0.0
7.783200740814209 29.97200584411621 -3.1021275520324707
7.978163242340088 29.866138458251953 -3.079655647277832
8.253026008605957 30.043350219726562 -3.084261894226074
0.0 0.0 0.0
8.759573936462402 30.23558235168457 -3.076854705810547
0.0 0.0 0.0
0.0 0.0 0.0
9.63571834564209 30.826658248901367 -3.093275785446167
9.870991706848145 30.823774337768555 -3.077380418777466
0.0 0.0 0.0
0.0 0.0 0.0
0.0 0.0 0.0
0.0 0.0 0.0
0.0 0.0 0.0
0.0 0.0 0.0
0.0 0.0 0.0
0.0 0.0 0.0
12.39760684967041 31.714046478271484 -3.0061161518096924
0.0 0.0 0.0
0.0 0.0 0.0
0.0 0.0 0.0
0.0 0.0 0.0
0.0 0.0 0.0
14.302117347717285 32.494232177734375 -2.952131986618042
14.73509407043457 32.85851287841797 -2.9622702598571777
0.0 0.0 0.0
0.0 0.0 0.0
0.0 0.0 0.0
0.0 0.0 0.0
0.0 0.0 0.0
0.0 0.0 0.0
0.0 0.0 0.0
0.0 0.0 0.0
18.24674415588379 34.68863296508789 -2.88209867477417
0.0 0.0 0.0
0.0 0.0 0.0
19.529277801513672 35.30842971801758 -2.8392374515533447
0.0 0.0 0.0
0.0 0.0 0.0
0.0 0.0 0.0
0.0 0.0 0.0
0.0 0.0 0.0
0.0 0.0 0.0
0.0 0.0 0.0
0.0 0.0 0.0
0.0 0.0 0.0
0.0 0.0 0.0
0.0 0.0 0.0
0.0 0.0 0.0
0.0 0.0 0.0
0.0 0.0 0.0
0.0 0.0 0.0
0.0 0.0 0.0
0.0 0.0 0.0
0.0 0.0 0.0
0.0 0.0 0.0
0.0 0.0 0.0
0.0 0.0 0.0
0.0 0.0 0.0
0.0 0.0 0.0
0.0 0.0 0.0
0.0 0.0 0.0
0.0 0.0 0.0
0.0 0.0 0.0
0.0 0.0 0.0
0.0 0.0 0.0
0.0 0.0 0.0
0.0 0.0 0.0
0.0 0.0 0.0
0.0 0.0 0.0
0.0 0.0 0.0
0.0 0.0 0.0
0.0 0.0 0.0
0.0 0.0 0.0
0.0 0.0 0.0
0.0 0.0 0.0
0.0 0.0 0.0
0.0 0.0 0.0
0.0 0.0 0.0
0.0 0.0 0.0
0.0 0.0 0.0
0.0 0.0 0.0
0.0 0.0 0.0
0.0 0.0 0.0
0.0 0.0 0.0
0.0 0.0 0.0
0.0 0.0 0.0
0.0 0.0 0.0
0.0 0.0 0.0
0.0 0.0 0.0
0.0 0.0 0.0
0.0 0.0 0.0
0.0 0.0 0.0
0.0 0.0 0.0
0.0 0.0 0.0
0.0 0.0 0.0
0.0 0.0 0.0
0.0 0.0 0.0
0.0 0.0 0.0
0.0 0.0 0.0
0.0 0.0 0.0
0.0 0.0 0.0
0.0 0.0 0.0
0.0 0.0 0.0
0.0 0.0 0.0
0.0 0.0 0.0
0.0 0.0 0.0
0.0 0.0 0.0
0.0 0.0 0.0
0.0 0.0 0.0
0.0 0.0 0.0
0.0 0.0 0.0
0.0 0.0 0.0
0.0 0.0 0.0
0.0 0.0 0.0
0.0 0.0 0.0
0.0 0.0 0.0
0.0 0.0 0.0
0.0 0.0 0.0
0.0 0.0 0.0
0.0 0.0 0.0
0.0 0.0 0.0
0.0 0.0 0.0
0.0 0.0 0.0
0.0 0.0 0.0
0.0 0.0 0.0
0.0 0.0 0.0
0.0 0.0 0.0
0.0 0.0 0.0
0.0 0.0 0.0
0.0 0.0 0.0
0.0 0.0 0.0
0.0 0.0 0.0
0.0 0.0 0.0
0.0 0.0 0.0
0.0 0.0 0.0
0.0 0.0 0.0
0.0 0.0 0.0
0.0 0.0 0.0
0.0 0.0 0.0
0.0 0.0 0.0
0.0 0.0 0.0
0.0 0.0 0.0
0.0 0.0 0.0
0.0 0.0 0.0
0.0 0.0 0.0
0.0 0.0 0.0
0.0 0.0 0.0
0.0 0.0 0.0
0.0 0.0 0.0
0.0 0.0 0.0
0.0 0.0 0.0
0.0 0.0 0.0
0.0 0.0 0.0
0.0 0.0 0.0
0.0 0.0 0.0
0.0 0.0 0.0
0.0 0.0 0.0
0.0 0.0 0.0
0.0 0.0 0.0
0.0 0.0 0.0
0.0 0.0 0.0
0.0 0.0 0.0
0.0 0.0 0.0
0.0 0.0 0.0
0.0 0.0 0.0
0.0 0.0 0.0
0.0 0.0 0.0
0.0 0.0 0.0
0.0 0.0 0.0
0.0 0.0 0.0
0.0 0.0 0.0
0.0 0.0 0.0
0.0 0.0 0.0
0.0 0.0 0.0
0.0 0.0 0.0
0.0 0.0 0.0
0.0 0.0 0.0
0.0 0.0 0.0
0.0 0.0 0.0
0.0 0.0 0.0
0.0 0.0 0.0
0.0 0.0 0.0
0.0 0.0 0.0
0.0 0.0 0.0
0.0 0.0 0.0
0.0 0.0 0.0
0.0 0.0 0.0
0.0 0.0 0.0
0.0 0.0 0.0
0.0 0.0 0.0
0.0 0.0 0.0
0.0 0.0 0.0
0.0 0.0 0.0
0.0 0.0 0.0
0.0 0.0 0.0
0.0 0.0 0.0
0.0 0.0 0.0
0.0 0.0 0.0
0.0 0.0 0.0
0.0 0.0 0.0
0.0 0.0 0.0
0.0 0.0 0.0
0.0 0.0 0.0
0.0 0.0 0.0
0.0 0.0 0.0
0.0 0.0 0.0
0.0 0.0 0.0
0.0 0.0 0.0
0.0 0.0 0.0
0.0 0.0 0.0
0.0 0.0 0.0
0.0 0.0 0.0
0.0 0.0 0.0
0.0 0.0 0.0
0.0 0.0 0.0
0.0 0.0 0.0
0.0 0.0 0.0
0.0 0.0 0.0
0.0 0.0 0.0
0.0 0.0 0.0
0.0 0.0 0.0
0.0 0.0 0.0
0.0 0.0 0.0
0.0 0.0 0.0
0.0 0.0 0.0
0.0 0.0 0.0
0.0 0.0 0.0
0.0 0.0 0.0
0.0 0.0 0.0
0.0 0.0 0.0
0.0 0.0 0.0
0.0 0.0 0.0
0.0 0.0 0.0
0.0 0.0 0.0
0.0 0.0 0.0
0.0 0.0 0.0
0.0 0.0 0.0
0.0 0.0 0.0
0.0 0.0 0.0
0.0 0.0 0.0
0.0 0.0 0.0
0.0 0.0 0.0
0.0 0.0 0.0
0.0 0.0 0.0
0.0 0.0 0.0
0.0 0.0 0.0
0.0 0.0 0.0
0.0 0.0 0.0
0.0 0.0 0.0
0.0 0.0 0.0
0.0 0.0 0.0
0.0 0.0 0.0
0.0 0.0 0.0
0.0 0.0 0.0
0.0 0.0 0.0
0.0 0.0 0.0
0.0 0.0 0.0
0.0 0.0 0.0
0.0 0.0 0.0
0.0 0.0 0.0
0.0 0.0 0.0
0.0 0.0 0.0
0.0 0.0 0.0
0.0 0.0 0.0
0.0 0.0 0.0
0.0 0.0 0.0
0.0 0.0 0.0
0.0 0.0 0.0
0.0 0.0 0.0
0.0 0.0 0.0
0.0 0.0 0.0
0.0 0.0 0.0
0.0 0.0 0.0
0.0 0.0 0.0
0.0 0.0 0.0
-10.610708236694336 29.08458137512207 -2.6659154891967773
0.0 0.0 0.0
0.0 0.0 0.0
0.0 0.0 0.0
0.0 0.0 0.0
0.0 0.0 0.0
0.0 0.0 0.0
0.0 0.0 0.0
0.0 0.0 0.0
0.0 0.0 0.0
0.0 0.0 0.0
-8.027548789978027 28.671770095825195 -2.8056728839874268
-7.8701252937316895 28.882797241210938 -2.8405723571777344
-7.6251678466796875 28.785602569580078 -2.84553599357605
-7.356935501098633 28.576566696166992 -2.8378899097442627
-7.134093284606934 28.53111457824707 -2.845716953277588
-6.933091163635254 28.570903778076172 -2.8621554374694824
-6.661767959594727 28.310256958007812 -2.848483085632324
-6.4962921142578125 28.51043701171875 -2.881476640701294
0.0 0.0 0.0
0.0 0.0 0.0
-5.839239120483398 28.350143432617188 -2.8968327045440674
-5.622493267059326 28.293371200561523 -2.901667594909668
-5.435420513153076 28.403594970703125 -2.923694133758545
-5.2282938957214355 28.389806747436523 -2.9309349060058594
-4.999273777008057 28.248231887817383 -2.925056219100952
-4.8202104568481445 28.384492874145508 -2.9480559825897217
-4.610167503356934 28.339353561401367 -2.9523653984069824
-4.416290760040283 28.41615867614746 -2.969093084335327
-4.186205863952637 28.229955673217773 -2.9566996097564697
-4.004253387451172 28.36123275756836 -2.9776649475097656
0.0 0.0 0.0
0.0 0.0 0.0
-3.3991634845733643 28.33917999267578 -2.9969475269317627
-3.2064335346221924 28.435068130493164 -3.0127182006835938
-2.974120616912842 28.131359100341797 -2.9861464500427246
0.0 0.0 0.0
-2.594515323638916 28.30767822265625 -3.016573905944824
-2.3943264484405518 28.289506912231445 -3.0196053981781006
-2.1956350803375244 28.328401565551758 -3.027679681777954
-1.988735318183899 28.20680809020996 -3.018667221069336
-1.8094849586486816 28.48683738708496 -3.0527968406677246
-1.59878408908844 28.280996322631836 -3.035017490386963
0.0 0.0 0.0
-1.2051401138305664 28.385255813598633 -3.051368236541748
-1.0076292753219604 28.38486099243164 -3.05350661277771
-0.8097155690193176 28.375333786010742 -3.0548110008239746
-0.6097211837768555 28.25959014892578 -3.044816732406616
-0.41334372758865356 28.28626823425293 -3.049030065536499
-0.21335293352603912 28.280628204345703 -3.048985481262207
-0.016738293692469597 28.43669319152832 -3.0665173530578613
0.18144357204437256 28.4981746673584 -3.0740044116973877
0.3801177144050598 28.531089782714844 -3.078561305999756
0.5794243812561035 28.57443618774414 -3.082838773727417
0.7765957117080688 28.507776260375977 -3.074441432952881
0.9876357316970825 28.769569396972656 -3.101590394973755
1.1839163303375244 28.672943115234375 -3.0902624130249023
1.380271553993225 28.598243713378906 -3.081451177597046
1.5837516784667969 28.669727325439453 -3.087024450302124
1.7859816551208496 28.70496368408203 -3.088074207305908
1.9858031272888184 28.645545959472656 -3.0790464878082275
2.190582275390625 28.705049514770508 -3.0829949378967285
2.40079927444458 28.81728172302246 -3.092738628387451
0.0 0.0 0.0
0.0 0.0 0.0
3.020493507385254 28.909378051757812 -3.0894718170166016
3.2115795612335205 28.799577713012695 -3.0734479427337646
3.443610429763794 29.04338264465332 -3.0952789783477783
3.6642963886260986 29.169960021972656 -3.10284686088562
3.8641910552978516 29.12159538269043 -3.091442108154297
4.104210376739502 29.336856842041016 -3.108022689819336
0.0 0.0 0.0
4.521731376647949 29.340219497680664 -3.0964672565460205
4.7505340576171875 29.462635040283203 -3.101593494415283
4.9516777992248535 29.407047271728516 -3.087862968444824
5.167308807373047 29.434236526489258 -3.0829546451568604
0.0 0.0 0.0
5.612302780151367 29.529102325439453 -3.0775046348571777
0.0 0.0 0.0
0.0 0.0 0.0
6.297116279602051 29.736682891845703 -3.070220708847046
6.550961494445801 29.890180587768555 -3.076460599899292
6.789747714996338 29.981815338134766 -3.076068878173828
0.0 0.0 0.0
0.0 0.0 0.0
7.465994834899902 30.04192352294922 -3.04826283454895
7.713832855224609 30.125417709350586 -3.0453999042510986
7.955928802490234 30.196826934814453 -3.0406291484832764
8.224276542663574 30.35637855529785 -3.0435850620269775
0.0 0.0 0.0
0.0 0.0 0.0
0.0 0.0 0.0
0.0 0.0 0.0
9.54608154296875 30.918216705322266 -3.030900716781616
0.0 0.0 0.0
9.999486923217773 30.856403350830078 -2.9953930377960205
10.359842300415039 31.22746467590332 -3.016423225402832
0.0 0.0 0.0
0.0 0.0 0.0
0.0 0.0 0.0
0.0 0.0 0.0
11.689762115478516 31.513917922973633 -2.9593310356140137
12.082971572875977 31.880138397216797 -2.9747121334075928
0.0 0.0 0.0
0.0 0.0 0.0
0.0 0.0 0.0
13.2770357131958 32.29298400878906 -2.9358556270599365
0.0 0.0 0.0
0.0 0.0 0.0
14.297548294067383 32.79878234863281 -2.9185380935668945
0.0 0.0 0.0
0.0 0.0 0.0
0.0 0.0 0.0
0.0 0.0 0.0
16.053157806396484 33.581825256347656 -2.87015438079834
0.0 0.0 0.0
0.0 0.0 0.0
0.0 0.0 0.0
0.0 0.0 0.0
0.0 0.0 0.0
0.0 0.0 0.0
18.930347442626953 35.089698791503906 -2.8028433322906494
0.0 0.0 0.0
20.022666931152344 35.90168762207031 -2.803428888320923
0.0 0.0 0.0
0.0 0.0 0.0
0.0 0.0 0.0
0.0 0.0 0.0
0.0 0.0 0.0
0.0 0.0 0.0
0.0 0.0 0.0
0.0 0.0 0.0
0.0 0.0 0.0
0.0 0.0 0.0
0.0 0.0 0.0
0.0 0.0 0.0
0.0 0.0 0.0
0.0 0.0 0.0
0.0 0.0 0.0
0.0 0.0 0.0
0.0 0.0 0.0
0.0 0.0 0.0
0.0 0.0 0.0
0.0 0.0 0.0
0.0 0.0 0.0
0.0 0.0 0.0
0.0 0.0 0.0
0.0 0.0 0.0
0.0 0.0 0.0
0.0 0.0 0.0
0.0 0.0 0.0
0.0 0.0 0.0
0.0 0.0 0.0
0.0 0.0 0.0
0.0 0.0 0.0
0.0 0.0 0.0
0.0 0.0 0.0
0.0 0.0 0.0
0.0 0.0 0.0
0.0 0.0 0.0
0.0 0.0 0.0
0.0 0.0 0.0
0.0 0.0 0.0
0.0 0.0 0.0
0.0 0.0 0.0
0.0 0.0 0.0
0.0 0.0 0.0
0.0 0.0 0.0
0.0 0.0 0.0
0.0 0.0 0.0
0.0 0.0 0.0
0.0 0.0 0.0
0.0 0.0 0.0
0.0 0.0 0.0
0.0 0.0 0.0
0.0 0.0 0.0
0.0 0.0 0.0
0.0 0.0 0.0
0.0 0.0 0.0
0.0 0.0 0.0
0.0 0.0 0.0
0.0 0.0 0.0
0.0 0.0 0.0
0.0 0.0 0.0
0.0 0.0 0.0
0.0 0.0 0.0
0.0 0.0 0.0
0.0 0.0 0.0
0.0 0.0 0.0
0.0 0.0 0.0
0.0 0.0 0.0
0.0 0.0 0.0
0.0 0.0 0.0
0.0 0.0 0.0
0.0 0.0 0.0
0.0 0.0 0.0
0.0 0.0 0.0
0.0 0.0 0.0
0.0 0.0 0.0
0.0 0.0 0.0
0.0 0.0 0.0
0.0 0.0 0.0
0.0 0.0 0.0
0.0 0.0 0.0
0.0 0.0 0.0
0.0 0.0 0.0
0.0 0.0 0.0
0.0 0.0 0.0
0.0 0.0 0.0
0.0 0.0 0.0
0.0 0.0 0.0
0.0 0.0 0.0
0.0 0.0 0.0
0.0 0.0 0.0
0.0 0.0 0.0
0.0 0.0 0.0
0.0 0.0 0.0
0.0 0.0 0.0
0.0 0.0 0.0
0.0 0.0 0.0
0.0 0.0 0.0
0.0 0.0 0.0
0.0 0.0 0.0
0.0 0.0 0.0
0.0 0.0 0.0
0.0 0.0 0.0
0.0 0.0 0.0
0.0 0.0 0.0
0.0 0.0 0.0
0.0 0.0 0.0
0.0 0.0 0.0
0.0 0.0 0.0
0.0 0.0 0.0
0.0 0.0 0.0
0.0 0.0 0.0
0.0 0.0 0.0
0.0 0.0 0.0
0.0 0.0 0.0
0.0 0.0 0.0
0.0 0.0 0.0
0.0 0.0 0.0
0.0 0.0 0.0
0.0 0.0 0.0
0.0 0.0 0.0
0.0 0.0 0.0
0.0 0.0 0.0
0.0 0.0 0.0
0.0 0.0 0.0
0.0 0.0 0.0
0.0 0.0 0.0
0.0 0.0 0.0
0.0 0.0 0.0
0.0 0.0 0.0
0.0 0.0 0.0
0.0 0.0 0.0
0.0 0.0 0.0
0.0 0.0 0.0
0.0 0.0 0.0
0.0 0.0 0.0
0.0 0.0 0.0
0.0 0.0 0.0
0.0 0.0 0.0
0.0 0.0 0.0
0.0 0.0 0.0
0.0 0.0 0.0
0.0 0.0 0.0
0.0 0.0 0.0
0.0 0.0 0.0
0.0 0.0 0.0
0.0 0.0 0.0
0.0 0.0 0.0
0.0 0.0 0.0
0.0 0.0 0.0
0.0 0.0 0.0
0.0 0.0 0.0
0.0 0.0 0.0
0.0 0.0 0.0
0.0 0.0 0.0
0.0 0.0 0.0
0.0 0.0 0.0
0.0 0.0 0.0
0.0 0.0 0.0
0.0 0.0 0.0
0.0 0.0 0.0
0.0 0.0 0.0
0.0 0.0 0.0
0.0 0.0 0.0
0.0 0.0 0.0
0.0 0.0 0.0
0.0 0.0 0.0
0.0 0.0 0.0
0.0 0.0 0.0
0.0 0.0 0.0
0.0 0.0 0.0
0.0 0.0 0.0
0.0 0.0 0.0
0.0 0.0 0.0
0.0 0.0 0.0
0.0 0.0 0.0
0.0 0.0 0.0
0.0 0.0 0.0
0.0 0.0 0.0
0.0 0.0 0.0
0.0 0.0 0.0
0.0 0.0 0.0
0.0 0.0 0.0
0.0 0.0 0.0
0.0 0.0 0.0
0.0 0.0 0.0
0.0 0.0 0.0
0.0 0.0 0.0
0.0 0.0 0.0
0.0 0.0 0.0
0.0 0.0 0.0
0.0 0.0 0.0
0.0 0.0 0.0
0.0 0.0 0.0
0.0 0.0 0.0
0.0 0.0 0.0
0.0 0.0 0.0
0.0 0.0 0.0
0.0 0.0 0.0
0.0 0.0 0.0
0.0 0.0 0.0
0.0 0.0 0.0
0.0 0.0 0.0
0.0 0.0 0.0
0.0 0.0 0.0
0.0 0.0 0.0
0.0 0.0 0.0
0.0 0.0 0.0
0.0 0.0 0.0
0.0 0.0 0.0
0.0 0.0 0.0
0.0 0.0 0.0
0.0 0.0 0.0
0.0 0.0 0.0
0.0 0.0 0.0
0.0 0.0 0.0
0.0 0.0 0.0
0.0 0.0 0.0
0.0 0.0 0.0
0.0 0.0 0.0
0.0 0.0 0.0
0.0 0.0 0.0
0.0 0.0 0.0
0.0 0.0 0.0
0.0 0.0 0.0
0.0 0.0 0.0
0.0 0.0 0.0
0.0 0.0 0.0
0.0 0.0 0.0
0.0 0.0 0.0
0.0 0.0 0.0
0.0 0.0 0.0
0.0 0.0 0.0
0.0 0.0 0.0
0.0 0.0 0.0
0.0 0.0 0.0
0.0 0.0 0.0
0.0 0.0 0.0
0.0 0.0 0.0
0.0 0.0 0.0
0.0 0.0 0.0
0.0 0.0 0.0
0.0 0.0 0.0
-9.67366886138916 29.360994338989258 -2.7001097202301025
0.0 0.0 0.0
0.0 0.0 0.0
0.0 0.0 0.0
0.0 0.0 0.0
0.0 0.0 0.0
0.0 0.0 0.0
0.0 0.0 0.0
0.0 0.0 0.0
0.0 0.0 0.0
-7.329935073852539 28.88275909423828 -2.8008217811584473
-7.090091228485107 28.79268455505371 -2.8048925399780273
0.0 0.0 0.0
-6.659552097320557 28.76434898376465 -2.826213836669922
-6.517794132232666 29.070327758789062 -2.867159843444824
-6.224797248840332 28.695480346679688 -2.841022491455078
-6.039819240570068 28.824832916259766 -2.8650176525115967
-5.839227199554443 28.864639282226562 -2.88008713722229
0.0 0.0 0.0
-5.3964972496032715 28.73054313659668 -2.8851916790008545
0.0 0.0 0.0
-4.947686672210693 28.544343948364258 -2.8851258754730225
-4.7620439529418945 28.65736198425293 -2.905994415283203
-4.505834579467773 28.335676193237305 -2.880673408508301
0.0 0.0 0.0
0.0 0.0 0.0
-3.9382803440093994 28.60523796081543 -2.9309029579162598
0.0 0.0 0.0
-3.524216890335083 28.559406280517578 -2.9395751953125
0.0 0.0 0.0
-3.1211612224578857 28.55767059326172 -2.951111316680908
-2.9080450534820557 28.438703536987305 -2.9448509216308594
-2.70858097076416 28.481000900268555 -2.9550981521606445
-2.518651247024536 28.59141731262207 -2.97074818611145
0.0 0.0 0.0
-2.1068201065063477 28.440351486206055 -2.963819742202759
-1.9139589071273804 28.52734375 -2.9774863719940186
0.0 0.0 0.0
-1.510640263557434 28.50389289855957 -2.9818060398101807
-1.3165138959884644 28.61036491394043 -2.9956295490264893
-1.115824580192566 28.58351707458496 -2.9956445693969727
-0.9250361323356628 28.84259605407715 -3.025789976119995
-0.7175133228302002 28.727712631225586 -3.016235589981079
-0.5171363353729248 28.693021774291992 -3.013502836227417
-0.31672680377960205 28.629743576049805 -3.007911205291748
-0.1182057335972786 28.743772506713867 -3.0210940837860107
0.08193638920783997 28.786489486694336 -3.0269362926483154
0.283623069524765 28.952198028564453 -3.045161008834839
0.48764219880104065 28.895187377929688 -3.0384628772735596
0.6917173266410828 29.01936149597168 -3.0509767532348633
0.8871390223503113 28.804262161254883 -3.0279691219329834
1.0838531255722046 28.700441360473633 -3.0168094635009766
1.2887672185897827 28.81270408630371 -3.0277276039123535
1.501420497894287 28.973926544189453 -3.042292594909668
1.71471107006073 29.16480827331543 -3.060131549835205
0.0 0.0 0.0
0.0 0.0 0.0
2.3214735984802246 29.108339309692383 -3.047661781311035
2.5196726322174072 29.002750396728516 -3.0326919555664062
2.7318878173828125 29.097280502319336 -3.03886079788208
2.9279863834381104 29.01630401611328 -3.0268397331237793
3.164369583129883 29.316444396972656 -3.0546913146972656
0.0 0.0 0.0
3.589146852493286 29.382537841796875 -3.051534414291382
3.827789068222046 29.62360382080078 -3.071061849594116
0.0 0.0 0.0
4.222681045532227 29.449886322021484 -3.0425076484680176
0.0 0.0 0.0
4.652119159698486 29.5169677734375 -3.0359458923339844
4.873239517211914 29.557199478149414 -3.0328192710876465
5.18388032913208 30.132600784301758 -3.084714412689209
0.0 0.0 0.0
5.5250935554504395 29.64335823059082 -3.019740343093872
5.790556907653809 29.91071319580078 -3.038243293762207
6.026309967041016 29.988332748413086 -3.037341833114624
0.0 0.0 0.0
6.451181888580322 29.93817138671875 -3.0153963565826416
6.690350532531738 30.034461975097656 -3.0151546001434326
0.0 0.0 0.0
7.17548131942749 30.209081649780273 -3.0118672847747803
0.0 0.0 0.0
0.0 0.0 0.0
7.909162521362305 30.460102081298828 -3.0044937133789062
0.0 0.0 0.0
8.390442848205566 30.544267654418945 -2.988621473312378
0.0 0.0 0.0
0.0 0.0 0.0
0.0 0.0 0.0
9.520030975341797 31.228452682495117 -3.003222942352295
0.0 0.0 0.0
0.0 0.0 0.0
0.0 0.0 0.0
10.544283866882324 31.41498565673828 -2.9628777503967285
0.0 0.0 0.0
0.0 0.0 0.0
0.0 0.0 0.0
0.0 0.0 0.0
0.0 0.0 0.0
0.0 0.0 0.0
0.0 0.0 0.0
0.0 0.0 0.0
0.0 0.0 0.0
0.0 0.0 0.0
13.919045448303223 32.86507034301758 -2.898723840713501
0.0 0.0 0.0
0.0 0.0 0.0
0.0 0.0 0.0
0.0 0.0 0.0
0.0 0.0 0.0
0.0 0.0 0.0
0.0 0.0 0.0
0.0 0.0 0.0
17.27255630493164 34.566864013671875 -2.8373217582702637
17.537105560302734 34.49756622314453 -2.8050734996795654
0.0 0.0 0.0
0.0 0.0 0.0
0.0 0.0 0.0
0.0 0.0 0.0
0.0 0.0 0.0
0.0 0.0 0.0
0.0 0.0 0.0
0.0 0.0 0.0
0.0 0.0 0.0
0.0 0.0 0.0
0.0 0.0 0.0
0.0 0.0 0.0
0.0 0.0 0.0
0.0 0.0 0.0
0.0 0.0 0.0
0.0 0.0 0.0
0.0 0.0 0.0
0.0 0.0 0.0
0.0 0.0 0.0
0.0 0.0 0.0
0.0 0.0 0.0
0.0 0.0 0.0
0.0 0.0 0.0
0.0 0.0 0.0
0.0 0.0 0.0
0.0 0.0 0.0
0.0 0.0 0.0
0.0 0.0 0.0
0.0 0.0 0.0
0.0 0.0 0.0
0.0 0.0 0.0
0.0 0.0 0.0
0.0 0.0 0.0
0.0 0.0 0.0
0.0 0.0 0.0
0.0 0.0 0.0
0.0 0.0 0.0
0.0 0.0 0.0
0.0 0.0 0.0
0.0 0.0 0.0
0.0 0.0 0.0
0.0 0.0 0.0
0.0 0.0 0.0
0.0 0.0 0.0
0.0 0.0 0.0
0.0 0.0 0.0
0.0 0.0 0.0
0.0 0.0 0.0
0.0 0.0 0.0
0.0 0.0 0.0
0.0 0.0 0.0
0.0 0.0 0.0
0.0 0.0 0.0
0.0 0.0 0.0
0.0 0.0 0.0
0.0 0.0 0.0
0.0 0.0 0.0
0.0 0.0 0.0
0.0 0.0 0.0
0.0 0.0 0.0
0.0 0.0 0.0
0.0 0.0 0.0
0.0 0.0 0.0
0.0 0.0 0.0
0.0 0.0 0.0
0.0 0.0 0.0
0.0 0.0 0.0
0.0 0.0 0.0
0.0 0.0 0.0
0.0 0.0 0.0
0.0 0.0 0.0
0.0 0.0 0.0
0.0 0.0 0.0
0.0 0.0 0.0
0.0 0.0 0.0
0.0 0.0 0.0
0.0 0.0 0.0
0.0 0.0 0.0
0.0 0.0 0.0
0.0 0.0 0.0
0.0 0.0 0.0
0.0 0.0 0.0
0.0 0.0 0.0
0.0 0.0 0.0
0.0 0.0 0.0
0.0 0.0 0.0
0.0 0.0 0.0
0.0 0.0 0.0
0.0 0.0 0.0
0.0 0.0 0.0
0.0 0.0 0.0
0.0 0.0 0.0
0.0 0.0 0.0
0.0 0.0 0.0
0.0 0.0 0.0
0.0 0.0 0.0
0.0 0.0 0.0
0.0 0.0 0.0
0.0 0.0 0.0
0.0 0.0 0.0
0.0 0.0 0.0
0.0 0.0 0.0
0.0 0.0 0.0
0.0 0.0 0.0
0.0 0.0 0.0
0.0 0.0 0.0
0.0 0.0 0.0
0.0 0.0 0.0
0.0 0.0 0.0
0.0 0.0 0.0
0.0 0.0 0.0
0.0 0.0 0.0
0.0 0.0 0.0
0.0 0.0 0.0
0.0 0.0 0.0
0.0 0.0 0.0
0.0 0.0 0.0
0.0 0.0 0.0
0.0 0.0 0.0
0.0 0.0 0.0
0.0 0.0 0.0
0.0 0.0 0.0
0.0 0.0 0.0
0.0 0.0 0.0
0.0 0.0 0.0
0.0 0.0 0.0
0.0 0.0 0.0
0.0 0.0 0.0
0.0 0.0 0.0
0.0 0.0 0.0
0.0 0.0 0.0
0.0 0.0 0.0
0.0 0.0 0.0
0.0 0.0 0.0
0.0 0.0 0.0
0.0 0.0 0.0
0.0 0.0 0.0
0.0 0.0 0.0
0.0 0.0 0.0
0.0 0.0 0.0
0.0 0.0 0.0
0.0 0.0 0.0
0.0 0.0 0.0
0.0 0.0 0.0
0.0 0.0 0.0
0.0 0.0 0.0
0.0 0.0 0.0
0.0 0.0 0.0
0.0 0.0 0.0
0.0 0.0 0.0
0.0 0.0 0.0
0.0 0.0 0.0
0.0 0.0 0.0
0.0 0.0 0.0
0.0 0.0 0.0
0.0 0.0 0.0
0.0 0.0 0.0
0.0 0.0 0.0
0.0 0.0 0.0
0.0 0.0 0.0
0.0 0.0 0.0
0.0 0.0 0.0
0.0 0.0 0.0
0.0 0.0 0.0
0.0 0.0 0.0
0.0 0.0 0.0
0.0 0.0 0.0
0.0 0.0 0.0
0.0 0.0 0.0
0.0 0.0 0.0
0.0 0.0 0.0
0.0 0.0 0.0
0.0 0.0 0.0
0.0 0.0 0.0
0.0 0.0 0.0
0.0 0.0 0.0
0.0 0.0 0.0
0.0 0.0 0.0
0.0 0.0 0.0
0.0 0.0 0.0
0.0 0.0 0.0
0.0 0.0 0.0
0.0 0.0 0.0
0.0 0.0 0.0
0.0 0.0 0.0
0.0 0.0 0.0
0.0 0.0 0.0
0.0 0.0 0.0
0.0 0.0 0.0
0.0 0.0 0.0
0.0 0.0 0.0
0.0 0.0 0.0
0.0 0.0 0.0
0.0 0.0 0.0
0.0 0.0 0.0
0.0 0.0 0.0
0.0 0.0 0.0
0.0 0.0 0.0
0.0 0.0 0.0
0.0 0.0 0.0
0.0 0.0 0.0
0.0 0.0 0.0
0.0 0.0 0.0
0.0 0.0 0.0
0.0 0.0 0.0
0.0 0.0 0.0
0.0 0.0 0.0
0.0 0.0 0.0
0.0 0.0 0.0
0.0 0.0 0.0
0.0 0.0 0.0
0.0 0.0 0.0
0.0 0.0 0.0
0.0 0.0 0.0
0.0 0.0 0.0
0.0 0.0 0.0
-19.96076202392578 32.88991928100586 -2.1161696910858154
0.0 0.0 0.0
0.0 0.0 0.0
0.0 0.0 0.0
0.0 0.0 0.0
0.0 0.0 0.0
0.0 0.0 0.0
0.0 0.0 0.0
0.0 0.0 0.0
0.0 0.0 0.0
0.0 0.0 0.0
0.0 0.0 0.0
0.0 0.0 0.0
0.0 0.0 0.0
0.0 0.0 0.0
0.0 0.0 0.0
0.0 0.0 0.0
0.0 0.0 0.0
0.0 0.0 0.0
0.0 0.0 0.0
0.0 0.0 0.0
0.0 0.0 0.0
0.0 0.0 0.0
0.0 0.0 0.0
0.0 0.0 0.0
0.0 0.0 0.0
0.0 0.0 0.0
0.0 0.0 0.0
0.0 0.0 0.0
0.0 0.0 0.0
0.0 0.0 0.0
0.0 0.0 0.0
0.0 0.0 0.0
0.0 0.0 0.0
0.0 0.0 0.0
0.0 0.0 0.0
0.0 0.0 0.0
0.0 0.0 0.0
0.0 0.0 0.0
0.0 0.0 0.0
0.0 0.0 0.0
0.0 0.0 0.0
0.0 0.0 0.0
0.0 0.0 0.0
-7.102766513824463 29.271575927734375 -2.7907090187072754
-6.814924240112305 28.962987899780273 -2.772092819213867
-6.612798690795898 29.024272918701172 -2.789083480834961
-6.392615795135498 28.988466262817383 -2.7966725826263428
-6.188905715942383 29.023216247558594 -2.8111584186553955
0.0 0.0 0.0
0.0 0.0 0.0
-5.523524761199951 28.86426544189453 -2.824563503265381
-5.342670917510986 29.011669158935547 -2.8485138416290283
-5.114634037017822 28.90142059326172 -2.8472931385040283
-4.92966890335083 29.034957885742188 -2.868528366088867
-4.686799049377441 28.818090438842773 -2.8546204566955566
-4.482565402984619 28.849483489990234 -2.8655107021331787
-4.286137104034424 28.90969467163086 -2.8792803287506104
-4.098323345184326 29.033998489379883 -2.8996071815490723
0.0 0.0 0.0
0.0 0.0 0.0
0.0 0.0 0.0
-3.2440524101257324 28.77068328857422 -2.897845983505249
-3.0498011112213135 28.849695205688477 -2.9121756553649902
-2.863765001296997 29.020427703857422 -2.9338297843933105
0.0 0.0 0.0
0.0 0.0 0.0
-2.2277963161468506 28.742929458618164 -2.9192583560943604
-2.037384510040283 28.892786026000977 -2.939239263534546
-1.8435444831848145 29.022212982177734 -2.955127477645874
-1.6324329376220703 28.870967864990234 -2.9424960613250732
0.0 0.0 0.0
-1.2332839965820312 29.033872604370117 -2.9651455879211426
-1.022501826286316 28.792795181274414 -2.943708896636963
-0.8306171894073486 29.098129272460938 -2.9761009216308594
-0.6247180700302124 28.947616577148438 -2.9620003700256348
-0.4238193929195404 28.974390029907227 -2.9661757946014404
-0.21832509338855743 28.9376220703125 -2.964019536972046
-0.016896961256861687 28.90717124938965 -2.962606191635132
0.18496347963809967 29.042652130126953 -2.975987672805786
0.3865264356136322 28.994089126586914 -2.9706521034240723
0.5887464880943298 29.021839141845703 -2.9732799530029297
0.7887658476829529 28.943286895751953 -2.965160846710205
1.0008468627929688 29.150646209716797 -2.9864304065704346
1.2029472589492798 29.12385368347168 -2.9815943241119385
1.406343698501587 29.134483337402344 -2.98073673248291
1.6105893850326538 29.155332565307617 -2.981065511703491
1.8164114952087402 29.190248489379883 -2.9829699993133545
0.0 0.0 0.0
2.2535953521728516 29.526958465576172 -3.012047290802002
2.46510648727417 29.584674835205078 -3.0143961906433105
2.680675983428955 29.675708770751953 -3.0202643871307373
2.8737869262695312 29.51759147644043 -3.000920057296753
3.0801730155944824 29.473873138427734 -2.993147373199463
0.0 0.0 0.0
3.5191009044647217 29.67669105529785 -3.003427267074585
3.738128662109375 29.752500534057617 -3.006131887435913
3.9287233352661133 29.603221893310547 -2.9862422943115234
4.161724090576172 29.74485969543457 -2.995457649230957
4.420810222625732 30.06993293762207 -3.0213372707366943
4.644690036773682 30.135478973388672 -3.0211925506591797
4.828232288360596 29.94223403930664 -2.9952633380889893
5.041198253631592 29.93568992614746 -2.9881768226623535
0.0 0.0 0.0
5.510571479797363 30.135726928710938 -2.992823600769043
5.779158115386963 30.407182693481445 -3.011448383331299
0.0 0.0 0.0
0.0 0.0 0.0
6.471632480621338 30.561235427856445 -3.0016214847564697
6.686371326446533 30.508440017700195 -2.986321449279785
0.0 0.0 0.0
7.129284858703613 30.494659423828125 -2.965447425842285
7.341641902923584 30.44562530517578 -2.951097249984741
7.702085494995117 30.995512008666992 -2.993687868118286
7.861087322235107 30.704334259033203 -2.953878164291382
0.0 0.0 0.0
8.366571426391602 30.884057998657227 -2.948399066925049
8.701702117919922 31.25751495361328 -2.9726779460906982
0.0 0.0 0.0
0.0 0.0 0.0
0.0 0.0 0.0
0.0 0.0 0.0
10.029645919799805 31.70369529724121 -2.9485456943511963
0.0 0.0 0.0
0.0 0.0 0.0
10.853919982910156 31.959413528442383 -2.927208662033081
11.07168197631836 31.87012481689453 -2.904263973236084
0.0 0.0 0.0
0.0 0.0 0.0
0.0 0.0 0.0
0.0 0.0 0.0
0.0 0.0 0.0
0.0 0.0 0.0
13.259400367736816 32.897979736328125 -2.8758058547973633
13.582262992858887 33.03371047973633 -2.868896484375
0.0 0.0 0.0
0.0 0.0 0.0
0.0 0.0 0.0
0.0 0.0 0.0
0.0 0.0 0.0
0.0 0.0 0.0
0.0 0.0 0.0
0.0 0.0 0.0
0.0 0.0 0.0
0.0 0.0 0.0
0.0 0.0 0.0
0.0 0.0 0.0
0.0 0.0 0.0
0.0 0.0 0.0
0.0 0.0 0.0
0.0 0.0 0.0
0.0 0.0 0.0
0.0 0.0 0.0
0.0 0.0 0.0
0.0 0.0 0.0
0.0 0.0 0.0
0.0 0.0 0.0
0.0 0.0 0.0
0.0 0.0 0.0
0.0 0.0 0.0
0.0 0.0 0.0
0.0 0.0 0.0
0.0 0.0 0.0
0.0 0.0 0.0
0.0 0.0 0.0
0.0 0.0 0.0
0.0 0.0 0.0
0.0 0.0 0.0
0.0 0.0 0.0
0.0 0.0 0.0
0.0 0.0 0.0
0.0 0.0 0.0
0.0 0.0 0.0
0.0 0.0 0.0
0.0 0.0 0.0
0.0 0.0 0.0
0.0 0.0 0.0
0.0 0.0 0.0
0.0 0.0 0.0
0.0 0.0 0.0
0.0 0.0 0.0
0.0 0.0 0.0
0.0 0.0 0.0
0.0 0.0 0.0
0.0 0.0 0.0
0.0 0.0 0.0
0.0 0.0 0.0
0.0 0.0 0.0
0.0 0.0 0.0
0.0 0.0 0.0
0.0 0.0 0.0
0.0 0.0 0.0
0.0 0.0 0.0
0.0 0.0 0.0
0.0 0.0 0.0
0.0 0.0 0.0
0.0 0.0 0.0
0.0 0.0 0.0
0.0 0.0 0.0
0.0 0.0 0.0
0.0 0.0 0.0
0.0 0.0 0.0
0.0 0.0 0.0
0.0 0.0 0.0
0.0 0.0 0.0
0.0 0.0 0.0
0.0 0.0 0.0
0.0 0.0 0.0
0.0 0.0 0.0
0.0 0.0 0.0
0.0 0.0 0.0
0.0 0.0 0.0
0.0 0.0 0.0
0.0 0.0 0.0
0.0 0.0 0.0
0.0 0.0 0.0
0.0 0.0 0.0
0.0 0.0 0.0
0.0 0.0 0.0
0.0 0.0 0.0
0.0 0.0 0.0
0.0 0.0 0.0
0.0 0.0 0.0
0.0 0.0 0.0
0.0 0.0 0.0
0.0 0.0 0.0
0.0 0.0 0.0
0.0 0.0 0.0
0.0 0.0 0.0
0.0 0.0 0.0
0.0 0.0 0.0
0.0 0.0 0.0
0.0 0.0 0.0
0.0 0.0 0.0
0.0 0.0 0.0
0.0 0.0 0.0
0.0 0.0 0.0
0.0 0.0 0.0
0.0 0.0 0.0
0.0 0.0 0.0
0.0 0.0 0.0
0.0 0.0 0.0
0.0 0.0 0.0
0.0 0.0 0.0
0.0 0.0 0.0
0.0 0.0 0.0
0.0 0.0 0.0
0.0 0.0 0.0
0.0 0.0 0.0
0.0 0.0 0.0
0.0 0.0 0.0
0.0 0.0 0.0
0.0 0.0 0.0
0.0 0.0 0.0
0.0 0.0 0.0
0.0 0.0 0.0
0.0 0.0 0.0
0.0 0.0 0.0
0.0 0.0 0.0
0.0 0.0 0.0
0.0 0.0 0.0
0.0 0.0 0.0
0.0 0.0 0.0
0.0 0.0 0.0
0.0 0.0 0.0
0.0 0.0 0.0
0.0 0.0 0.0
0.0 0.0 0.0
0.0 0.0 0.0
0.0 0.0 0.0
0.0 0.0 0.0
0.0 0.0 0.0
0.0 0.0 0.0
0.0 0.0 0.0
0.0 0.0 0.0
0.0 0.0 0.0
0.0 0.0 0.0
0.0 0.0 0.0
0.0 0.0 0.0
0.0 0.0 0.0
0.0 0.0 0.0
0.0 0.0 0.0
0.0 0.0 0.0
0.0 0.0 0.0
0.0 0.0 0.0
0.0 0.0 0.0
0.0 0.0 0.0
0.0 0.0 0.0
0.0 0.0 0.0
0.0 0.0 0.0
0.0 0.0 0.0
0.0 0.0 0.0
0.0 0.0 0.0
0.0 0.0 0.0
0.0 0.0 0.0
0.0 0.0 0.0
0.0 0.0 0.0
0.0 0.0 0.0
0.0 0.0 0.0
0.0 0.0 0.0
0.0 0.0 0.0
0.0 0.0 0.0
0.0 0.0 0.0
0.0 0.0 0.0
0.0 0.0 0.0
0.0 0.0 0.0
0.0 0.0 0.0
0.0 0.0 0.0
0.0 0.0 0.0
0.0 0.0 0.0
0.0 0.0 0.0
0.0 0.0 0.0
0.0 0.0 0.0
0.0 0.0 0.0
0.0 0.0 0.0
0.0 0.0 0.0
0.0 0.0 0.0
0.0 0.0 0.0
0.0 0.0 0.0
0.0 0.0 0.0
0.0 0.0 0.0
0.0 0.0 0.0
0.0 0.0 0.0
0.0 0.0 0.0
0.0 0.0 0.0
0.0 0.0 0.0
0.0 0.0 0.0
0.0 0.0 0.0
0.0 0.0 0.0
0.0 0.0 0.0
0.0 0.0 0.0
0.0 0.0 0.0
0.0 0.0 0.0
0.0 0.0 0.0
0.0 0.0 0.0
0.0 0.0 0.0
0.0 0.0 0.0
0.0 0.0 0.0
0.0 0.0 0.0
0.0 0.0 0.0
0.0 0.0 0.0
0.0 0.0 0.0
0.0 0.0 0.0
0.0 0.0 0.0
0.0 0.0 0.0
0.0 0.0 0.0
0.0 0.0 0.0
0.0 0.0 0.0
0.0 0.0 0.0
0.0 0.0 0.0
0.0 0.0 0.0
0.0 0.0 0.0
0.0 0.0 0.0
0.0 0.0 0.0
0.0 0.0 0.0
0.0 0.0 0.0
0.0 0.0 0.0
0.0 0.0 0.0
0.0 0.0 0.0
0.0 0.0 0.0
0.0 0.0 0.0
0.0 0.0 0.0
0.0 0.0 0.0
-19.460609436035156 32.83869171142578 -2.1150996685028076
0.0 0.0 0.0
0.0 0.0 0.0
0.0 0.0 0.0
0.0 0.0 0.0
0.0 0.0 0.0
0.0 0.0 0.0
0.0 0.0 0.0
0.0 0.0 0.0
-16.11254119873047 31.55360221862793 -2.298586130142212
0.0 0.0 0.0
0.0 0.0 0.0
0.0 0.0 0.0
0.0 0.0 0.0
0.0 0.0 0.0
0.0 0.0 0.0
0.0 0.0 0.0
0.0 0.0 0.0
0.0 0.0 0.0
0.0 0.0 0.0
0.0 0.0 0.0
0.0 0.0 0.0
0.0 0.0 0.0
0.0 0.0 0.0
0.0 0.0 0.0
0.0 0.0 0.0
0.0 0.0 0.0
0.0 0.0 0.0
0.0 0.0 0.0
0.0 0.0 0.0
0.0 0.0 0.0
0.0 0.0 0.0
0.0 0.0 0.0
0.0 0.0 0.0
0.0 0.0 0.0
0.0 0.0 0.0
0.0 0.0 0.0
0.0 0.0 0.0
0.0 0.0 0.0
0.0 0.0 0.0
-7.672487258911133 29.371437072753906 -2.696742057800293
0.0 0.0 0.0
-7.254688262939453 29.45831871032715 -2.72868013381958
0.0 0.0 0.0
0.0 0.0 0.0
-6.559409141540527 29.249860763549805 -2.7429566383361816
0.0 0.0 0.0
-6.107237339019775 29.146244049072266 -2.753520965576172
-5.936117649078369 29.347000122070312 -2.7820441722869873
-5.70590877532959 29.25663948059082 -2.783114194869995
0.0 0.0 0.0
-5.2930521965026855 29.30797576904297 -2.8066587448120117
0.0 0.0 0.0
-4.838087558746338 29.1202449798584 -2.8046021461486816
-4.636509418487549 29.15981674194336 -2.816490411758423
-4.42093563079834 29.109609603881836 -2.8198323249816895
-4.210026264190674 29.08489418029785 -2.8245348930358887
0.0 0.0 0.0
0.0 0.0 0.0
-3.591972827911377 29.11410140991211 -2.846804618835449
0.0 0.0 0.0
0.0 0.0 0.0
0.0 0.0 0.0
0.0 0.0 0.0
-8.719711303710938 99.00067138671875 -9.772858619689941
0.0 0.0 0.0
-2.1630067825317383 29.203338623046875 -2.891871929168701
-1.9682137966156006 29.34523582458496 -2.9091060161590576
0.0 0.0 0.0
-1.5454014539718628 29.16720962524414 -2.898254156112671
-1.3399772644042969 29.12632942199707 -2.897765874862671
-1.1462944746017456 29.36380386352539 -2.9236605167388916
-0.9471060633659363 29.533998489379883 -2.942373275756836
-0.7330109477043152 29.33376121520996 -2.9243521690368652
-0.5283921360969543 29.314590454101562 -2.924478769302368
-0.3233415186405182 29.20459747314453 -2.9156734943389893
-0.12033811956644058 29.237152099609375 -2.9196178913116455
0.0 0.0 0.0
0.0 0.0 0.0
0.5004247426986694 29.66458511352539 -2.9631099700927734
0.7017797231674194 29.450538635253906 -2.94228196144104
0.9134293794631958 29.67043113708496 -2.963313102722168
1.1235244274139404 29.760683059692383 -2.970794677734375
1.3281468152999878 29.6980037689209 -2.963151693344116
1.5283277034759521 29.493989944458008 -2.9415407180786133
0.0 0.0 0.0
1.9591546058654785 29.784631729125977 -2.966986656188965
2.160944700241089 29.697053909301758 -2.955322504043579
2.388808488845825 29.949100494384766 -2.97758150100708
2.5909836292266846 29.81957244873047 -2.9619874954223633
2.821004629135132 30.04511070251465 -2.9818460941314697
0.0 0.0 0.0
0.0 0.0 0.0
0.0 0.0 0.0
0.0 0.0 0.0
3.86787748336792 29.93154525756836 -2.949629545211792
4.090085506439209 30.008743286132812 -2.951676845550537
4.315948009490967 30.09971809387207 -2.954622507095337
0.0 0.0 0.0
0.0 0.0 0.0
0.0 0.0 0.0
5.224236488342285 30.369476318359375 -2.9563541412353516
5.4328179359436035 30.31812858581543 -2.9438345432281494
5.692951202392578 30.54441261291504 -2.9583544731140137
5.942452430725098 30.696001052856445 -2.9656732082366943
6.15818452835083 30.646617889404297 -2.95355224609375
0.0 0.0 0.0
6.657829761505127 30.902679443359375 -2.9597740173339844
0.0 0.0 0.0
7.052805423736572 30.65789031982422 -2.918330192565918
0.0 0.0 0.0
7.58019495010376 30.955242156982422 -2.926386594772339
0.0 0.0 0.0
8.097209930419922 31.180843353271484 -2.9259417057037354
0.0 0.0 0.0
8.6832857131958 31.607189178466797 -2.9435534477233887
8.889663696289062 31.498882293701172 -2.921110153198242
0.0 0.0 0.0
9.317140579223633 31.33781623840332 -2.8818540573120117
0.0 0.0 0.0
0.0 0.0 0.0
0.0 0.0 0.0
10.622977256774902 32.392242431640625 -2.9241201877593994
10.814925193786621 32.219696044921875 -2.8944923877716064
0.0 0.0 0.0
0.0 0.0 0.0
0.0 0.0 0.0
0.0 0.0 0.0
0.0 0.0 0.0
0.0 0.0 0.0
0.0 0.0 0.0
0.0 0.0 0.0
0.0 0.0 0.0
0.0 0.0 0.0
0.0 0.0 0.0
0.0 0.0 0.0
0.0 0.0 0.0
0.0 0.0 0.0
0.0 0.0 0.0
0.0 0.0 0.0
0.0 0.0 0.0
16.82326316833496 34.870426177978516 -2.78292179107666
17.10175323486328 34.82847595214844 -2.7560033798217773
17.475399017333984 34.972190856933594 -2.7427546977996826
18.003753662109375 35.4111213684082 -2.752213478088379
0.0 0.0 0.0
0.0 0.0 0.0
0.0 0.0 0.0
19.660030364990234 36.136138916015625 -2.700413703918457
0.0 0.0 0.0
0.0 0.0 0.0
0.0 0.0 0.0
0.0 0.0 0.0
0.0 0.0 0.0
0.0 0.0 0.0
0.0 0.0 0.0
0.0 0.0 0.0
0.0 0.0 0.0
0.0 0.0 0.0
0.0 0.0 0.0
0.0 0.0 0.0
0.0 0.0 0.0
0.0 0.0 0.0
0.0 0.0 0.0
0.0 0.0 0.0
0.0 0.0 0.0
0.0 0.0 0.0
0.0 0.0 0.0
0.0 0.0 0.0
0.0 0.0 0.0
0.0 0.0 0.0
0.0 0.0 0.0
0.0 0.0 0.0
0.0 0.0 0.0
0.0 0.0 0.0
0.0 0.0 0.0
0.0 0.0 0.0
0.0 0.0 0.0
0.0 0.0 0.0
0.0 0.0 0.0
0.0 0.0 0.0
0.0 0.0 0.0
0.0 0.0 0.0
0.0 0.0 0.0
0.0 0.0 0.0
0.0 0.0 0.0
0.0 0.0 0.0
0.0 0.0 0.0
0.0 0.0 0.0
0.0 0.0 0.0
0.0 0.0 0.0
0.0 0.0 0.0
0.0 0.0 0.0
0.0 0.0 0.0
0.0 0.0 0.0
0.0 0.0 0.0
0.0 0.0 0.0
0.0 0.0 0.0
0.0 0.0 0.0
0.0 0.0 0.0
0.0 0.0 0.0
0.0 0.0 0.0
0.0 0.0 0.0
0.0 0.0 0.0
0.0 0.0 0.0
0.0 0.0 0.0
0.0 0.0 0.0
0.0 0.0 0.0
0.0 0.0 0.0
0.0 0.0 0.0
0.0 0.0 0.0
0.0 0.0 0.0
0.0 0.0 0.0
0.0 0.0 0.0
0.0 0.0 0.0
0.0 0.0 0.0
0.0 0.0 0.0
0.0 0.0 0.0
0.0 0.0 0.0
0.0 0.0 0.0
0.0 0.0 0.0
0.0 0.0 0.0
0.0 0.0 0.0
0.0 0.0 0.0
0.0 0.0 0.0
0.0 0.0 0.0
0.0 0.0 0.0
0.0 0.0 0.0
0.0 0.0 0.0
0.0 0.0 0.0
0.0 0.0 0.0
0.0 0.0 0.0
0.0 0.0 0.0
0.0 0.0 0.0
0.0 0.0 0.0
0.0 0.0 0.0
0.0 0.0 0.0
0.0 0.0 0.0
0.0 0.0 0.0
0.0 0.0 0.0
0.0 0.0 0.0
0.0 0.0 0.0
0.0 0.0 0.0
0.0 0.0 0.0
0.0 0.0 0.0
0.0 0.0 0.0
0.0 0.0 0.0
0.0 0.0 0.0
0.0 0.0 0.0
0.0 0.0 0.0
0.0 0.0 0.0
0.0 0.0 0.0
0.0 0.0 0.0
0.0 0.0 0.0
0.0 0.0 0.0
0.0 0.0 0.0
0.0 0.0 0.0
0.0 0.0 0.0
0.0 0.0 0.0
0.0 0.0 0.0
0.0 0.0 0.0
0.0 0.0 0.0
0.0 0.0 0.0
0.0 0.0 0.0
0.0 0.0 0.0
0.0 0.0 0.0
0.0 0.0 0.0
0.0 0.0 0.0
0.0 0.0 0.0
0.0 0.0 0.0
0.0 0.0 0.0
0.0 0.0 0.0
0.0 0.0 0.0
0.0 0.0 0.0
0.0 0.0 0.0
0.0 0.0 0.0
0.0 0.0 0.0
0.0 0.0 0.0
0.0 0.0 0.0
0.0 0.0 0.0
0.0 0.0 0.0
0.0 0.0 0.0
0.0 0.0 0.0
0.0 0.0 0.0
0.0 0.0 0.0
0.0 0.0 0.0
0.0 0.0 0.0
0.0 0.0 0.0
0.0 0.0 0.0
0.0 0.0 0.0
0.0 0.0 0.0
0.0 0.0 0.0
0.0 0.0 0.0
0.0 0.0 0.0
0.0 0.0 0.0
0.0 0.0 0.0
0.0 0.0 0.0
0.0 0.0 0.0
0.0 0.0 0.0
0.0 0.0 0.0
0.0 0.0 0.0
0.0 0.0 0.0
0.0 0.0 0.0
0.0 0.0 0.0
0.0 0.0 0.0
0.0 0.0 0.0
0.0 0.0 0.0
0.0 0.0 0.0
0.0 0.0 0.0
0.0 0.0 0.0
0.0 0.0 0.0
0.0 0.0 0.0
0.0 0.0 0.0
0.0 0.0 0.0
0.0 0.0 0.0
0.0 0.0 0.0
0.0 0.0 0.0
0.0 0.0 0.0
0.0 0.0 0.0
0.0 0.0 0.0
0.0 0.0 0.0
0.0 0.0 0.0
0.0 0.0 0.0
0.0 0.0 0.0
0.0 0.0 0.0
0.0 0.0 0.0
0.0 0.0 0.0
0.0 0.0 0.0
0.0 0.0 0.0
0.0 0.0 0.0
0.0 0.0 0.0
0.0 0.0 0.0
0.0 0.0 0.0
0.0 0.0 0.0
0.0 0.0 0.0
0.0 0.0 0.0
0.0 0.0 0.0
0.0 0.0 0.0
0.0 0.0 0.0
0.0 0.0 0.0
0.0 0.0 0.0
0.0 0.0 0.0
0.0 0.0 0.0
0.0 0.0 0.0
0.0 0.0 0.0
0.0 0.0 0.0
0.0 0.0 0.0
0.0 0.0 0.0
0.0 0.0 0.0
0.0 0.0 0.0
0.0 0.0 0.0
0.0 0.0 0.0
0.0 0.0 0.0
0.0 0.0 0.0
0.0 0.0 0.0
0.0 0.0 0.0
0.0 0.0 0.0
0.0 0.0 0.0
0.0 0.0 0.0
0.0 0.0 0.0
0.0 0.0 0.0
0.0 0.0 0.0
0.0 0.0 0.0
0.0 0.0 0.0
0.0 0.0 0.0
0.0 0.0 0.0
0.0 0.0 0.0
0.0 0.0 0.0
0.0 0.0 0.0
0.0 0.0 0.0
0.0 0.0 0.0
0.0 0.0 0.0
0.0 0.0 0.0
0.0 0.0 0.0
0.0 0.0 0.0
0.0 0.0 0.0
0.0 0.0 0.0
0.0 0.0 0.0
0.0 0.0 0.0
0.0 0.0 0.0
0.0 0.0 0.0
0.0 0.0 0.0
0.0 0.0 0.0
0.0 0.0 0.0
0.0 0.0 0.0
0.0 0.0 0.0
0.0 0.0 0.0
0.0 0.0 0.0
0.0 0.0 0.0
0.0 0.0 0.0
0.0 0.0 0.0
0.0 0.0 0.0
0.0 0.0 0.0
0.0 0.0 0.0
0.0 0.0 0.0
0.0 0.0 0.0
0.0 0.0 0.0
0.0 0.0 0.0
0.0 0.0 0.0
0.0 0.0 0.0
0.0 0.0 0.0
0.0 0.0 0.0
0.0 0.0 0.0
0.0 0.0 0.0
0.0 0.0 0.0
0.0 0.0 0.0
-6.945406913757324 29.52092933654785 -2.6820032596588135
0.0 0.0 0.0
0.0 0.0 0.0
-6.30135440826416 29.553789138793945 -2.7152533531188965
-6.098793983459473 29.610902786254883 -2.730133533477783
0.0 0.0 0.0
0.0 0.0 0.0
-5.475031852722168 29.729019165039062 -2.7683823108673096
-5.237880706787109 29.596851348876953 -2.7641000747680664
0.0 0.0 0.0
0.0 0.0 0.0
-4.600670337677002 29.608896255493164 -2.789442539215088
-4.353757858276367 29.366207122802734 -2.7728660106658936
0.0 0.0 0.0
0.0 0.0 0.0
0.0 0.0 0.0
0.0 0.0 0.0
0.0 0.0 0.0
0.0 0.0 0.0
-2.9039814472198486 29.43389892578125 -2.8199758529663086
-2.706033945083618 29.52627182006836 -2.834088087081909
0.0 0.0 0.0
0.0 0.0 0.0
0.0 0.0 0.0
-1.8730860948562622 29.49139404296875 -2.845487594604492
-1.660820722579956 29.379024505615234 -2.8383028507232666
0.0 0.0 0.0
-1.2519686222076416 29.488136291503906 -2.8537404537200928
0.0 0.0 0.0
-0.8481537103652954 29.731462478637695 -2.8815345764160156
-0.6435462236404419 29.833545684814453 -2.893765449523926
-0.4312517046928406 29.526111602783203 -2.8655083179473877
-0.2240302413702011 29.742197036743164 -2.8868660926818848
-0.017055442556738853 29.735200881958008 -2.8867084980010986
0.0 0.0 0.0
0.0 0.0 0.0
0.0 0.0 0.0
0.0 0.0 0.0
1.0307021141052246 30.017112731933594 -2.9134745597839355
1.2337205410003662 29.877307891845703 -2.8990495204925537
1.4427913427352905 29.89534568786621 -2.900083065032959
1.646411657333374 29.81106948852539 -2.890530824661255
0.0 0.0 0.0
2.0799076557159424 30.002958297729492 -2.903988838195801
2.296832799911499 30.09668731689453 -2.9107120037078857
2.5154850482940674 30.192718505859375 -2.9177820682525635
2.7414772510528564 30.35308074951172 -2.930356025695801
2.92034912109375 30.001012802124023 -2.8922038078308105
3.1766016483306885 30.4017333984375 -2.9266881942749023
0.0 0.0 0.0
0.0 0.0 0.0
0.0 0.0 0.0
4.144136905670166 31.229400634765625 -2.987842321395874
0.0 0.0 0.0
4.48696756362915 30.519474029541016 -2.9086549282073975
0.0 0.0 0.0
4.921770095825195 30.521026611328125 -2.8972628116607666
5.176790714263916 30.740135192871094 -2.9108266830444336
0.0 0.0 0.0
0.0 0.0 0.0
0.0 0.0 0.0
0.0 0.0 0.0
0.0 0.0 0.0
6.5761613845825195 31.050729751586914 -2.893622636795044
0.0 0.0 0.0
0.0 0.0 0.0
0.0 0.0 0.0
7.576169490814209 31.415681838989258 -2.8904902935028076
7.821946144104004 31.473037719726562 -2.8856730461120605
8.103740692138672 31.648120880126953 -2.8915014266967773
8.360605239868164 31.731517791748047 -2.889158248901367
8.608415603637695 31.775575637817383 -2.8816521167755127
8.882925033569336 31.90754508972168 -2.8818700313568115
9.156478881835938 32.0260009765625 -2.8808720111846924
9.419652938842773 32.08503723144531 -2.8743526935577393
9.640068054199219 32.012943267822266 -2.8561484813690186
0.0 0.0 0.0
0.0 0.0 0.0
10.438383102416992 32.21308898925781 -2.8335845470428467
0.0 0.0 0.0
11.0542573928833 32.54958724975586 -2.8352510929107666
11.347785949707031 32.66470718383789 -2.8300745487213135
0.0 0.0 0.0
0.0 0.0 0.0
0.0 0.0 0.0
0.0 0.0 0.0
0.0 0.0 0.0
0.0 0.0 0.0
0.0 0.0 0.0
0.0 0.0 0.0
0.0 0.0 0.0
0.0 0.0 0.0
0.0 0.0 0.0
0.0 0.0 0.0
0.0 0.0 0.0
0.0 0.0 0.0
0.0 0.0 0.0
16.71673011779785 34.96503448486328 -2.7278497219085693
0.0 0.0 0.0
0.0 0.0 0.0
0.0 0.0 0.0
0.0 0.0 0.0
0.0 0.0 0.0
0.0 0.0 0.0
0.0 0.0 0.0
0.0 0.0 0.0
0.0 0.0 0.0
0.0 0.0 0.0
0.0 0.0 0.0
0.0 0.0 0.0
0.0 0.0 0.0
0.0 0.0 0.0
0.0 0.0 0.0
0.0 0.0 0.0
0.0 0.0 0.0
0.0 0.0 0.0
0.0 0.0 0.0
0.0 0.0 0.0
0.0 0.0 0.0
0.0 0.0 0.0
0.0 0.0 0.0
0.0 0.0 0.0
0.0 0.0 0.0
0.0 0.0 0.0
0.0 0.0 0.0
0.0 0.0 0.0
0.0 0.0 0.0
0.0 0.0 0.0
0.0 0.0 0.0
81.41514587402344 121.39131164550781 7.459639072418213
0.0 0.0 0.0
0.0 0.0 0.0
0.0 0.0 0.0
0.0 0.0 0.0
0.0 0.0 0.0
0.0 0.0 0.0
0.0 0.0 0.0
0.0 0.0 0.0
0.0 0.0 0.0
0.0 0.0 0.0
0.0 0.0 0.0
0.0 0.0 0.0
0.0 0.0 0.0
0.0 0.0 0.0
0.0 0.0 0.0
0.0 0.0 0.0
0.0 0.0 0.0
0.0 0.0 0.0
96.0975112915039 194.9946746826172 16.110105514526367
0.0 0.0 0.0
0.0 0.0 0.0
0.0 0.0 0.0
0.0 0.0 0.0
0.0 0.0 0.0
0.0 0.0 0.0
0.0 0.0 0.0
0.0 0.0 0.0
0.0 0.0 0.0
0.0 0.0 0.0
0.0 0.0 0.0
0.0 0.0 0.0
0.0 0.0 0.0
0.0 0.0 0.0
0.0 0.0 0.0
0.0 0.0 0.0
0.0 0.0 0.0
0.0 0.0 0.0
0.0 0.0 0.0
0.0 0.0 0.0
0.0 0.0 0.0
0.0 0.0 0.0
0.0 0.0 0.0
0.0 0.0 0.0
0.0 0.0 0.0
0.0 0.0 0.0
0.0 0.0 0.0
0.0 0.0 0.0
0.0 0.0 0.0
0.0 0.0 0.0
0.0 0.0 0.0
0.0 0.0 0.0
0.0 0.0 0.0
0.0 0.0 0.0
0.0 0.0 0.0
0.0 0.0 0.0
0.0 0.0 0.0
0.0 0.0 0.0
0.0 0.0 0.0
0.0 0.0 0.0
0.0 0.0 0.0
0.0 0.0 0.0
0.0 0.0 0.0
0.0 0.0 0.0
0.0 0.0 0.0
0.0 0.0 0.0
0.0 0.0 0.0
0.0 0.0 0.0
0.0 0.0 0.0
0.0 0.0 0.0
0.0 0.0 0.0
0.0 0.0 0.0
0.0 0.0 0.0
0.0 0.0 0.0
0.0 0.0 0.0
0.0 0.0 0.0
0.0 0.0 0.0
0.0 0.0 0.0
0.0 0.0 0.0
0.0 0.0 0.0
0.0 0.0 0.0
0.0 0.0 0.0
0.0 0.0 0.0
0.0 0.0 0.0
0.0 0.0 0.0
0.0 0.0 0.0
0.0 0.0 0.0
0.0 0.0 0.0
0.0 0.0 0.0
0.0 0.0 0.0
0.0 0.0 0.0
0.0 0.0 0.0
0.0 0.0 0.0
0.0 0.0 0.0
0.0 0.0 0.0
0.0 0.0 0.0
0.0 0.0 0.0
0.0 0.0 0.0
0.0 0.0 0.0
0.0 0.0 0.0
0.0 0.0 0.0
0.0 0.0 0.0
0.0 0.0 0.0
0.0 0.0 0.0
0.0 0.0 0.0
0.0 0.0 0.0
0.0 0.0 0.0
0.0 0.0 0.0
0.0 0.0 0.0
0.0 0.0 0.0
0.0 0.0 0.0
0.0 0.0 0.0
0.0 0.0 0.0
0.0 0.0 0.0
0.0 0.0 0.0
0.0 0.0 0.0
0.0 0.0 0.0
0.0 0.0 0.0
0.0 0.0 0.0
0.0 0.0 0.0
0.0 0.0 0.0
0.0 0.0 0.0
0.0 0.0 0.0
0.0 0.0 0.0
0.0 0.0 0.0
0.0 0.0 0.0
0.0 0.0 0.0
0.0 0.0 0.0
0.0 0.0 0.0
0.0 0.0 0.0
0.0 0.0 0.0
0.0 0.0 0.0
0.0 0.0 0.0
0.0 0.0 0.0
0.0 0.0 0.0
0.0 0.0 0.0
0.0 0.0 0.0
0.0 0.0 0.0
0.0 0.0 0.0
0.0 0.0 0.0
0.0 0.0 0.0
0.0 0.0 0.0
0.0 0.0 0.0
0.0 0.0 0.0
0.0 0.0 0.0
0.0 0.0 0.0
0.0 0.0 0.0
0.0 0.0 0.0
0.0 0.0 0.0
0.0 0.0 0.0
0.0 0.0 0.0
0.0 0.0 0.0
0.0 0.0 0.0
0.0 0.0 0.0
0.0 0.0 0.0
0.0 0.0 0.0
0.0 0.0 0.0
0.0 0.0 0.0
0.0 0.0 0.0
0.0 0.0 0.0
0.0 0.0 0.0
0.0 0.0 0.0
0.0 0.0 0.0
0.0 0.0 0.0
0.0 0.0 0.0
0.0 0.0 0.0
0.0 0.0 0.0
0.0 0.0 0.0
0.0 0.0 0.0
0.0 0.0 0.0
0.0 0.0 0.0
0.0 0.0 0.0
0.0 0.0 0.0
0.0 0.0 0.0
0.0 0.0 0.0
0.0 0.0 0.0
0.0 0.0 0.0
0.0 0.0 0.0
0.0 0.0 0.0
0.0 0.0 0.0
0.0 0.0 0.0
0.0 0.0 0.0
0.0 0.0 0.0
0.0 0.0 0.0
0.0 0.0 0.0
0.0 0.0 0.0
0.0 0.0 0.0
0.0 0.0 0.0
0.0 0.0 0.0
0.0 0.0 0.0
0.0 0.0 0.0
0.0 0.0 0.0
0.0 0.0 0.0
0.0 0.0 0.0
0.0 0.0 0.0
0.0 0.0 0.0
0.0 0.0 0.0
0.0 0.0 0.0
0.0 0.0 0.0
0.0 0.0 0.0
0.0 0.0 0.0
0.0 0.0 0.0
0.0 0.0 0.0
0.0 0.0 0.0
0.0 0.0 0.0
0.0 0.0 0.0
0.0 0.0 0.0
0.0 0.0 0.0
0.0 0.0 0.0
0.0 0.0 0.0
0.0 0.0 0.0
0.0 0.0 0.0
0.0 0.0 0.0
0.0 0.0 0.0
0.0 0.0 0.0
0.0 0.0 0.0
0.0 0.0 0.0
0.0 0.0 0.0
0.0 0.0 0.0
0.0 0.0 0.0
0.0 0.0 0.0
0.0 0.0 0.0
0.0 0.0 0.0
0.0 0.0 0.0
0.0 0.0 0.0
0.0 0.0 0.0
0.0 0.0 0.0
0.0 0.0 0.0
0.0 0.0 0.0
0.0 0.0 0.0
0.0 0.0 0.0
0.0 0.0 0.0
-7.193154335021973 30.113204956054688 -2.65716552734375
0.0 0.0 0.0
0.0 0.0 0.0
0.0 0.0 0.0
-6.267453193664551 29.912982940673828 -2.6787564754486084
-6.009726047515869 29.71056365966797 -2.6704821586608887
-5.8157243728637695 29.8194522857666 -2.6884140968322754
0.0 0.0 0.0
0.0 0.0 0.0
-5.201541900634766 30.01244354248047 -2.7309069633483887
0.0 0.0 0.0
0.0 0.0 0.0
-4.558711051940918 30.015615463256836 -2.7528390884399414
0.0 0.0 0.0
0.0 0.0 0.0
-3.90464448928833 29.932453155517578 -2.76578426361084
-3.6866042613983154 29.881010055541992 -2.7661631107330322
0.0 0.0 0.0
0.0 0.0 0.0
0.0 0.0 0.0
-2.8410916328430176 29.880590438842773 -2.7877047061920166
-2.6260316371917725 29.817760467529297 -2.78550124168396
0.0 0.0 0.0
0.0 0.0 0.0
-1.9887913465499878 29.6589298248291 -2.7823750972747803
0.0 0.0 0.0
-1.5886404514312744 29.99384117126465 -2.819916009902954
-1.3726961612701416 29.848468780517578 -2.8085224628448486
-1.1803452968597412 30.245601654052734 -2.848327159881592
-0.9607135057449341 29.969022750854492 -2.8248345851898193
-0.7451885938644409 29.846494674682617 -2.8157498836517334
-0.5414220094680786 30.06082534790039 -2.83662486076355
-0.3332919478416443 30.14542579650879 -2.8454020023345947
-0.12351691722869873 30.10802459716797 -2.842802047729492
0.0855555608868599 30.010831832885742 -2.8346893787384033
0.29509738087654114 30.098865509033203 -2.8440542221069336
0.5088157057762146 30.127235412597656 -2.8458681106567383
0.0 0.0 0.0
0.9278934001922607 30.117446899414062 -2.8436572551727295
1.1464869976043701 30.35520362854004 -2.8656656742095947
1.366768479347229 30.548627853393555 -2.883538007736206
0.0 0.0 0.0
1.7813572883605957 30.290210723876953 -2.854947328567505
0.0 0.0 0.0
0.0 0.0 0.0
2.4212615489959717 30.352005004882812 -2.8555004596710205
2.643481731414795 30.423748016357422 -2.85858154296875
2.8590142726898193 30.44771385192871 -2.857355833053589
0.0 0.0 0.0
3.3240103721618652 30.792675018310547 -2.883101224899292
3.5336363315582275 30.73067283630371 -2.874150037765503
0.0 0.0 0.0
0.0 0.0 0.0
0.0 0.0 0.0
0.0 0.0 0.0
4.662025451660156 30.976778030395508 -2.8721823692321777
4.883537769317627 30.982898712158203 -2.866175413131714
5.085946083068848 30.844772338867188 -2.8468592166900635
5.362485408782959 31.16990089416504 -2.8705062866210938
0.0 0.0 0.0
0.0 0.0 0.0
6.061491012573242 31.309968948364258 -2.8625988960266113
0.0 0.0 0.0
6.489019870758057 31.16674041748047 -2.8334555625915527
6.732111930847168 31.243595123291016 -2.8326468467712402
0.0 0.0 0.0
7.218873023986816 31.3767032623291 -2.827171564102173
7.552695274353027 31.79546546936035 -2.8553013801574707
7.801065921783447 31.8528995513916 -2.851109266281128
0.0 0.0 0.0
0.0 0.0 0.0
0.0 0.0 0.0
0.0 0.0 0.0
0.0 0.0 0.0
9.320242881774902 32.16819763183594 -2.816042184829712
0.0 0.0 0.0
0.0 0.0 0.0
0.0 0.0 0.0
0.0 0.0 0.0
0.0 0.0 0.0
0.0 0.0 0.0
0.0 0.0 0.0
0.0 0.0 0.0
0.0 0.0 0.0
0.0 0.0 0.0
0.0 0.0 0.0
0.0 0.0 0.0
0.0 0.0 0.0
0.0 0.0 0.0
0.0 0.0 0.0
0.0 0.0 0.0
0.0 0.0 0.0
0.0 0.0 0.0
0.0 0.0 0.0
0.0 0.0 0.0
0.0 0.0 0.0
0.0 0.0 0.0
0.0 0.0 0.0
0.0 0.0 0.0
17.561899185180664 35.76766586303711 -2.693992853164673
17.807310104370117 35.6397705078125 -2.662022352218628
0.0 0.0 0.0
0.0 0.0 0.0
0.0 0.0 0.0
0.0 0.0 0.0
0.0 0.0 0.0
0.0 0.0 0.0
0.0 0.0 0.0
0.0 0.0 0.0
0.0 0.0 0.0
0.0 0.0 0.0
0.0 0.0 0.0
0.0 0.0 0.0
0.0 0.0 0.0
0.0 0.0 0.0
0.0 0.0 0.0
0.0 0.0 0.0
0.0 0.0 0.0
0.0 0.0 0.0
0.0 0.0 0.0
0.0 0.0 0.0
0.0 0.0 0.0
0.0 0.0 0.0
0.0 0.0 0.0
0.0 0.0 0.0
0.0 0.0 0.0
0.0 0.0 0.0
0.0 0.0 0.0
0.0 0.0 0.0
0.0 0.0 0.0
81.87753295898438 121.14772033691406 7.117389678955078
81.0092544555664 121.70807647705078 7.329122543334961
0.0 0.0 0.0
0.0 0.0 0.0
0.0 0.0 0.0
0.0 0.0 0.0
0.0 0.0 0.0
0.0 0.0 0.0
0.0 0.0 0.0
0.0 0.0 0.0
0.0 0.0 0.0
0.0 0.0 0.0
0.0 0.0 0.0
0.0 0.0 0.0
0.0 0.0 0.0
0.0 0.0 0.0
0.0 0.0 0.0
0.0 0.0 0.0
0.0 0.0 0.0
0.0 0.0 0.0
0.0 0.0 0.0
0.0 0.0 0.0
0.0 0.0 0.0
0.0 0.0 0.0
0.0 0.0 0.0
0.0 0.0 0.0
0.0 0.0 0.0
0.0 0.0 0.0
0.0 0.0 0.0
0.0 0.0 0.0
0.0 0.0 0.0
0.0 0.0 0.0
0.0 0.0 0.0
0.0 0.0 0.0
0.0 0.0 0.0
0.0 0.0 0.0
0.0 0.0 0.0
0.0 0.0 0.0
0.0 0.0 0.0
0.0 0.0 0.0
0.0 0.0 0.0
0.0 0.0 0.0
0.0 0.0 0.0
0.0 0.0 0.0
0.0 0.0 0.0
0.0 0.0 0.0
0.0 0.0 0.0
0.0 0.0 0.0
0.0 0.0 0.0
0.0 0.0 0.0
0.0 0.0 0.0
0.0 0.0 0.0
0.0 0.0 0.0
0.0 0.0 0.0
0.0 0.0 0.0
0.0 0.0 0.0
0.0 0.0 0.0
0.0 0.0 0.0
0.0 0.0 0.0
0.0 0.0 0.0
0.0 0.0 0.0
0.0 0.0 0.0
0.0 0.0 0.0
0.0 0.0 0.0
0.0 0.0 0.0
0.0 0.0 0.0
0.0 0.0 0.0
0.0 0.0 0.0
0.0 0.0 0.0
0.0 0.0 0.0
0.0 0.0 0.0
0.0 0.0 0.0
0.0 0.0 0.0
0.0 0.0 0.0
0.0 0.0 0.0
0.0 0.0 0.0
0.0 0.0 0.0
0.0 0.0 0.0
0.0 0.0 0.0
0.0 0.0 0.0
0.0 0.0 0.0
0.0 0.0 0.0
0.0 0.0 0.0
0.0 0.0 0.0
0.0 0.0 0.0
0.0 0.0 0.0
0.0 0.0 0.0
0.0 0.0 0.0
0.0 0.0 0.0
0.0 0.0 0.0
0.0 0.0 0.0
0.0 0.0 0.0
0.0 0.0 0.0
0.0 0.0 0.0
0.0 0.0 0.0
0.0 0.0 0.0
0.0 0.0 0.0
0.0 0.0 0.0
0.0 0.0 0.0
0.0 0.0 0.0
0.0 0.0 0.0
0.0 0.0 0.0
0.0 0.0 0.0
0.0 0.0 0.0
0.0 0.0 0.0
0.0 0.0 0.0
0.0 0.0 0.0
0.0 0.0 0.0
0.0 0.0 0.0
0.0 0.0 0.0
0.0 0.0 0.0
0.0 0.0 0.0
0.0 0.0 0.0
0.0 0.0 0.0
0.0 0.0 0.0
0.0 0.0 0.0
0.0 0.0 0.0
0.0 0.0 0.0
0.0 0.0 0.0
0.0 0.0 0.0
0.0 0.0 0.0
0.0 0.0 0.0
0.0 0.0 0.0
0.0 0.0 0.0
0.0 0.0 0.0
0.0 0.0 0.0
0.0 0.0 0.0
0.0 0.0 0.0
0.0 0.0 0.0
0.0 0.0 0.0
0.0 0.0 0.0
0.0 0.0 0.0
0.0 0.0 0.0
0.0 0.0 0.0
0.0 0.0 0.0
0.0 0.0 0.0
0.0 0.0 0.0
0.0 0.0 0.0
0.0 0.0 0.0
0.0 0.0 0.0
0.0 0.0 0.0
0.0 0.0 0.0
0.0 0.0 0.0
0.0 0.0 0.0
0.0 0.0 0.0
0.0 0.0 0.0
0.0 0.0 0.0
0.0 0.0 0.0
0.0 0.0 0.0
0.0 0.0 0.0
0.0 0.0 0.0
0.0 0.0 0.0
0.0 0.0 0.0
0.0 0.0 0.0
0.0 0.0 0.0
0.0 0.0 0.0
0.0 0.0 0.0
0.0 0.0 0.0
0.0 0.0 0.0
0.0 0.0 0.0
0.0 0.0 0.0
0.0 0.0 0.0
0.0 0.0 0.0
0.0 0.0 0.0
0.0 0.0 0.0
0.0 0.0 0.0
0.0 0.0 0.0
0.0 0.0 0.0
0.0 0.0 0.0
0.0 0.0 0.0
0.0 0.0 0.0
0.0 0.0 0.0
0.0 0.0 0.0
0.0 0.0 0.0
0.0 0.0 0.0
0.0 0.0 0.0
0.0 0.0 0.0
0.0 0.0 0.0
0.0 0.0 0.0
0.0 0.0 0.0
0.0 0.0 0.0
0.0 0.0 0.0
0.0 0.0 0.0
0.0 0.0 0.0
0.0 0.0 0.0
0.0 0.0 0.0
0.0 0.0 0.0
0.0 0.0 0.0
0.0 0.0 0.0
0.0 0.0 0.0
0.0 0.0 0.0
0.0 0.0 0.0
0.0 0.0 0.0
0.0 0.0 0.0
0.0 0.0 0.0
0.0 0.0 0.0
0.0 0.0 0.0
0.0 0.0 0.0
0.0 0.0 0.0
0.0 0.0 0.0
0.0 0.0 0.0
0.0 0.0 0.0
0.0 0.0 0.0
0.0 0.0 0.0
0.0 0.0 0.0
0.0 0.0 0.0
0.0 0.0 0.0
0.0 0.0 0.0
0.0 0.0 0.0
0.0 0.0 0.0
0.0 0.0 0.0
0.0 0.0 0.0
0.0 0.0 0.0
0.0 0.0 0.0
0.0 0.0 0.0
0.0 0.0 0.0
0.0 0.0 0.0
0.0 0.0 0.0
0.0 0.0 0.0
0.0 0.0 0.0
0.0 0.0 0.0
0.0 0.0 0.0
0.0 0.0 0.0
0.0 0.0 0.0
0.0 0.0 0.0
0.0 0.0 0.0
0.0 0.0 0.0
0.0 0.0 0.0
0.0 0.0 0.0
0.0 0.0 0.0
0.0 0.0 0.0
0.0 0.0 0.0
0.0 0.0 0.0
0.0 0.0 0.0
0.0 0.0 0.0
-6.622753143310547 30.036033630371094 -2.5998101234436035
-6.462738037109375 30.312484741210938 -2.6337249279022217
0.0 0.0 0.0
-6.075997352600098 30.58072853088379 -2.6741690635681152
0.0 0.0 0.0
0.0 0.0 0.0
-5.380023002624512 30.403383255004883 -2.68428373336792
0.0 0.0 0.0
0.0 0.0 0.0
-4.700948715209961 30.25715446472168 -2.692138195037842
0.0 0.0 0.0
-4.253015995025635 30.133010864257812 -2.6951165199279785
0.0 0.0 0.0
-3.825701951980591 30.130008697509766 -2.7055559158325195
0.0 0.0 0.0
0.0 0.0 0.0
0.0 0.0 0.0
0.0 0.0 0.0
0.0 0.0 0.0
0.0 0.0 0.0
-2.3553812503814697 30.393356323242188 -2.7622523307800293
0.0 0.0 0.0
0.0 0.0 0.0
-1.7010548114776611 30.092918395996094 -2.744209051132202
-1.491255521774292 30.095930099487305 -2.747048854827881
-1.2753201723098755 30.03933334350586 -2.7446229457855225
0.0 0.0 0.0
-0.8608806729316711 30.18589210510254 -2.7620644569396973
-0.6543706059455872 30.350467681884766 -2.7781436443328857
-0.4426024556159973 30.307472229003906 -2.7753608226776123
0.0 0.0 0.0
-0.017392348498106003 30.48158073425293 -2.7940542697906494
0.0 0.0 0.0
0.4057160019874573 30.38947296142578 -2.785154104232788
0.6210412979125977 30.58042335510254 -2.802417516708374
0.0 0.0 0.0
1.0468300580978394 30.471607208251953 -2.7923803329467773
1.2590886354446411 30.471559524536133 -2.7909536361694336
1.4778778553009033 30.6060733795166 -2.8014566898345947
0.0 0.0 0.0
1.8992762565612793 30.513145446777344 -2.7897262573242188
0.0 0.0 0.0
0.0 0.0 0.0
2.549576997756958 30.595577239990234 -2.789898633956909
2.8099420070648193 31.104463577270508 -2.833192825317383
2.9972150325775146 30.786457061767578 -2.8012807369232178
3.223161220550537 30.842288970947266 -2.8034937381744385
0.0 0.0 0.0
0.0 0.0 0.0
3.929952383041382 31.27964210510254 -2.830268621444702
0.0 0.0 0.0
0.0 0.0 0.0
4.600740432739258 31.29619789123535 -2.817767381668091
4.791106700897217 31.087339401245117 -2.792945146560669
0.0 0.0 0.0
0.0 0.0 0.0
5.5347394943237305 31.527141571044922 -2.814887285232544
0.0 0.0 0.0
0.0 0.0 0.0
6.1975250244140625 31.41442108154297 -2.782926559448242
0.0 0.0 0.0
6.72734260559082 31.764814376831055 -2.799515962600708
0.0 0.0 0.0
0.0 0.0 0.0
0.0 0.0 0.0
7.70028829574585 31.932111740112305 -2.7796998023986816
7.983321666717529 32.12443161010742 -2.7879798412323
8.260672569274902 32.264549255371094 -2.789602041244507
0.0 0.0 0.0
0.0 0.0 0.0
9.010058403015137 32.3664436340332 -2.7675909996032715
9.282805442810059 32.47286605834961 -2.766289472579956
0.0 0.0 0.0
0.0 0.0 0.0
10.084989547729492 32.66530990600586 -2.7470240592956543
0.0 0.0 0.0
0.0 0.0 0.0
11.20351791381836 33.77143096923828 -2.8014354705810547
0.0 0.0 0.0
0.0 0.0 0.0
0.0 0.0 0.0
0.0 0.0 0.0
0.0 0.0 0.0
0.0 0.0 0.0
0.0 0.0 0.0
0.0 0.0 0.0
0.0 0.0 0.0
0.0 0.0 0.0
0.0 0.0 0.0
0.0 0.0 0.0
15.05927848815918 34.54808044433594 -2.6592118740081787
0.0 0.0 0.0
0.0 0.0 0.0
0.0 0.0 0.0
0.0 0.0 0.0
17.086183547973633 35.736053466796875 -2.6504247188568115
0.0 0.0 0.0
0.0 0.0 0.0
0.0 0.0 0.0
0.0 0.0 0.0
0.0 0.0 0.0
0.0 0.0 0.0
0.0 0.0 0.0
0.0 0.0 0.0
0.0 0.0 0.0
0.0 0.0 0.0
0.0 0.0 0.0
0.0 0.0 0.0
0.0 0.0 0.0
0.0 0.0 0.0
0.0 0.0 0.0
0.0 0.0 0.0
0.0 0.0 0.0
0.0 0.0 0.0
0.0 0.0 0.0
0.0 0.0 0.0
0.0 0.0 0.0
0.0 0.0 0.0
0.0 0.0 0.0
0.0 0.0 0.0
0.0 0.0 0.0
0.0 0.0 0.0
0.0 0.0 0.0
0.0 0.0 0.0
0.0 0.0 0.0
0.0 0.0 0.0
0.0 0.0 0.0
81.45598602294922 121.44029235839844 6.966940402984619
0.0 0.0 0.0
0.0 0.0 0.0
0.0 0.0 0.0
0.0 0.0 0.0
0.0 0.0 0.0
0.0 0.0 0.0
0.0 0.0 0.0
0.0 0.0 0.0
0.0 0.0 0.0
0.0 0.0 0.0
0.0 0.0 0.0
0.0 0.0 0.0
0.0 0.0 0.0
0.0 0.0 0.0
0.0 0.0 0.0
0.0 0.0 0.0
0.0 0.0 0.0
0.0 0.0 0.0
0.0 0.0 0.0
0.0 0.0 0.0
0.0 0.0 0.0
0.0 0.0 0.0
0.0 0.0 0.0
0.0 0.0 0.0
0.0 0.0 0.0
0.0 0.0 0.0
0.0 0.0 0.0
0.0 0.0 0.0
0.0 0.0 0.0
0.0 0.0 0.0
0.0 0.0 0.0
0.0 0.0 0.0
0.0 0.0 0.0
0.0 0.0 0.0
0.0 0.0 0.0
0.0 0.0 0.0
0.0 0.0 0.0
0.0 0.0 0.0
0.0 0.0 0.0
0.0 0.0 0.0
0.0 0.0 0.0
0.0 0.0 0.0
0.0 0.0 0.0
0.0 0.0 0.0
0.0 0.0 0.0
0.0 0.0 0.0
0.0 0.0 0.0
0.0 0.0 0.0
0.0 0.0 0.0
0.0 0.0 0.0
0.0 0.0 0.0
0.0 0.0 0.0
0.0 0.0 0.0
0.0 0.0 0.0
0.0 0.0 0.0
0.0 0.0 0.0
0.0 0.0 0.0
0.0 0.0 0.0
0.0 0.0 0.0
0.0 0.0 0.0
0.0 0.0 0.0
0.0 0.0 0.0
0.0 0.0 0.0
0.0 0.0 0.0
0.0 0.0 0.0
0.0 0.0 0.0
0.0 0.0 0.0
0.0 0.0 0.0
0.0 0.0 0.0
0.0 0.0 0.0
0.0 0.0 0.0
0.0 0.0 0.0
0.0 0.0 0.0
0.0 0.0 0.0
0.0 0.0 0.0
0.0 0.0 0.0
0.0 0.0 0.0
0.0 0.0 0.0
0.0 0.0 0.0
0.0 0.0 0.0
0.0 0.0 0.0
0.0 0.0 0.0
0.0 0.0 0.0
0.0 0.0 0.0
0.0 0.0 0.0
0.0 0.0 0.0
0.0 0.0 0.0
0.0 0.0 0.0
0.0 0.0 0.0
0.0 0.0 0.0
0.0 0.0 0.0
0.0 0.0 0.0
0.0 0.0 0.0
0.0 0.0 0.0
0.0 0.0 0.0
0.0 0.0 0.0
0.0 0.0 0.0
0.0 0.0 0.0
0.0 0.0 0.0
0.0 0.0 0.0
0.0 0.0 0.0
0.0 0.0 0.0
0.0 0.0 0.0
0.0 0.0 0.0
0.0 0.0 0.0
0.0 0.0 0.0
0.0 0.0 0.0
0.0 0.0 0.0
0.0 0.0 0.0
0.0 0.0 0.0
0.0 0.0 0.0
0.0 0.0 0.0
0.0 0.0 0.0
0.0 0.0 0.0
0.0 0.0 0.0
0.0 0.0 0.0
0.0 0.0 0.0
0.0 0.0 0.0
0.0 0.0 0.0
0.0 0.0 0.0
0.0 0.0 0.0
0.0 0.0 0.0
0.0 0.0 0.0
0.0 0.0 0.0
0.0 0.0 0.0
0.0 0.0 0.0
0.0 0.0 0.0
0.0 0.0 0.0
0.0 0.0 0.0
0.0 0.0 0.0
0.0 0.0 0.0
0.0 0.0 0.0
0.0 0.0 0.0
0.0 0.0 0.0
0.0 0.0 0.0
0.0 0.0 0.0
0.0 0.0 0.0
0.0 0.0 0.0
0.0 0.0 0.0
0.0 0.0 0.0
0.0 0.0 0.0
0.0 0.0 0.0
0.0 0.0 0.0
0.0 0.0 0.0
0.0 0.0 0.0
0.0 0.0 0.0
0.0 0.0 0.0
0.0 0.0 0.0
0.0 0.0 0.0
0.0 0.0 0.0
0.0 0.0 0.0
0.0 0.0 0.0
0.0 0.0 0.0
0.0 0.0 0.0
0.0 0.0 0.0
0.0 0.0 0.0
0.0 0.0 0.0
0.0 0.0 0.0
0.0 0.0 0.0
0.0 0.0 0.0
0.0 0.0 0.0
0.0 0.0 0.0
0.0 0.0 0.0
0.0 0.0 0.0
0.0 0.0 0.0
0.0 0.0 0.0
0.0 0.0 0.0
0.0 0.0 0.0
0.0 0.0 0.0
0.0 0.0 0.0
0.0 0.0 0.0
0.0 0.0 0.0
0.0 0.0 0.0
0.0 0.0 0.0
0.0 0.0 0.0
0.0 0.0 0.0
0.0 0.0 0.0
0.0 0.0 0.0
0.0 0.0 0.0
0.0 0.0 0.0
0.0 0.0 0.0
0.0 0.0 0.0
0.0 0.0 0.0
0.0 0.0 0.0
0.0 0.0 0.0
0.0 0.0 0.0
0.0 0.0 0.0
0.0 0.0 0.0
0.0 0.0 0.0
0.0 0.0 0.0
0.0 0.0 0.0
0.0 0.0 0.0
0.0 0.0 0.0
0.0 0.0 0.0
0.0 0.0 0.0
0.0 0.0 0.0
0.0 0.0 0.0
0.0 0.0 0.0
0.0 0.0 0.0
0.0 0.0 0.0
0.0 0.0 0.0
0.0 0.0 0.0
0.0 0.0 0.0
0.0 0.0 0.0
0.0 0.0 0.0
0.0 0.0 0.0
0.0 0.0 0.0
0.0 0.0 0.0
0.0 0.0 0.0
0.0 0.0 0.0
0.0 0.0 0.0
0.0 0.0 0.0
0.0 0.0 0.0
0.0 0.0 0.0
0.0 0.0 0.0
0.0 0.0 0.0
0.0 0.0 0.0
0.0 0.0 0.0
0.0 0.0 0.0
0.0 0.0 0.0
0.0 0.0 0.0
0.0 0.0 0.0
0.0 0.0 0.0
0.0 0.0 0.0
0.0 0.0 0.0
0.0 0.0 0.0
0.0 0.0 0.0
0.0 0.0 0.0
-8.023717880249023 30.716720581054688 -2.5251128673553467
0.0 0.0 0.0
0.0 0.0 0.0
-7.335768699645996 30.708457946777344 -2.5558207035064697
-7.081056118011475 30.58319664001465 -2.555506706237793
-6.8088579177856445 30.36851692199707 -2.5477006435394287
-6.674334526062012 30.771820068359375 -2.5910043716430664
0.0 0.0 0.0
-6.209531307220459 30.704072952270508 -2.602390766143799
0.0 0.0 0.0
-5.779637336730957 30.777904510498047 -2.6260483264923096
0.0 0.0 0.0
0.0 0.0 0.0
0.0 0.0 0.0
-4.835608959197998 30.41656494140625 -2.624359130859375
-4.657613277435303 30.671802520751953 -2.6537647247314453
-4.4060163497924805 30.440797805786133 -2.6399424076080322
-4.192458152770996 30.458463668823242 -2.646944999694824
0.0 0.0 0.0
0.0 0.0 0.0
0.0 0.0 0.0
0.0 0.0 0.0
-3.1110973358154297 30.432058334350586 -2.670713424682617
0.0 0.0 0.0
-2.6974804401397705 30.63060188293457 -2.6968863010406494
0.0 0.0 0.0
0.0 0.0 0.0
0.0 0.0 0.0
-1.8319060802459717 30.556419372558594 -2.7039074897766113
0.0 0.0 0.0
0.0 0.0 0.0
0.0 0.0 0.0
-0.9825818538665771 30.64498519897461 -2.721177101135254
-0.7623468637466431 30.518747329711914 -2.711376190185547
-0.552060067653656 30.647634506225586 -2.724351406097412
-0.340415894985199 30.7867374420166 -2.738377571105957
-0.12601685523986816 30.73769760131836 -2.7347731590270996
0.0 0.0 0.0
0.0 0.0 0.0
0.5198551416397095 30.76861572265625 -2.7375404834747314
0.0 0.0 0.0
0.9509140253067017 30.86351203918457 -2.745804786682129
1.1648128032684326 30.832996368408203 -2.7416939735412598
1.3785068988800049 30.804889678955078 -2.737931728363037
0.0 0.0 0.0
1.8228002786636353 30.988739013671875 -2.7521133422851562
0.0 0.0 0.0
0.0 0.0 0.0
2.4986066818237305 31.317296981811523 -2.7742366790771484
2.7091896533966064 31.17516326904297 -2.759117841720581
2.9012420177459717 30.892480850219727 -2.731765031814575
3.148407459259033 31.193321228027344 -2.7554280757904053
0.0 0.0 0.0
0.0 0.0 0.0
0.0 0.0 0.0
4.043713569641113 31.288305282592773 -2.747850179672241
4.305222034454346 31.58392906188965 -2.7695751190185547
0.0 0.0 0.0
0.0 0.0 0.0
0.0 0.0 0.0
0.0 0.0 0.0
5.468417644500732 31.78614044189453 -2.7613909244537354
0.0 0.0 0.0
0.0 0.0 0.0
0.0 0.0 0.0
0.0 0.0 0.0
6.669907569885254 32.04160690307617 -2.7495038509368896
0.0 0.0 0.0
0.0 0.0 0.0
7.482330322265625 32.52426528930664 -2.766195058822632
7.726468086242676 32.52823257446289 -2.7583625316619873
8.023737907409668 32.76603317260742 -2.769568681716919
0.0 0.0 0.0
8.460783004760742 32.58191680908203 -2.7347662448883057
8.664543151855469 32.43684768676758 -2.7131550312042236
0.0 0.0 0.0
0.0 0.0 0.0
0.0 0.0 0.0
0.0 0.0 0.0
0.0 0.0 0.0
10.379644393920898 33.20036697387695 -2.711879253387451
0.0 0.0 0.0
0.0 0.0 0.0
0.0 0.0 0.0
0.0 0.0 0.0
0.0 0.0 0.0
12.077336311340332 33.62137985229492 -2.667487382888794
0.0 0.0 0.0
0.0 0.0 0.0
0.0 0.0 0.0
0.0 0.0 0.0
0.0 0.0 0.0
0.0 0.0 0.0
0.0 0.0 0.0
0.0 0.0 0.0
0.0 0.0 0.0
0.0 0.0 0.0
0.0 0.0 0.0
0.0 0.0 0.0
0.0 0.0 0.0
0.0 0.0 0.0
0.0 0.0 0.0
0.0 0.0 0.0
0.0 0.0 0.0
0.0 0.0 0.0
0.0 0.0 0.0
0.0 0.0 0.0
0.0 0.0 0.0
0.0 0.0 0.0
0.0 0.0 0.0
0.0 0.0 0.0
0.0 0.0 0.0
0.0 0.0 0.0
0.0 0.0 0.0
0.0 0.0 0.0
0.0 0.0 0.0
0.0 0.0 0.0
0.0 0.0 0.0
0.0 0.0 0.0
0.0 0.0 0.0
0.0 0.0 0.0
0.0 0.0 0.0
0.0 0.0 0.0
0.0 0.0 0.0
0.0 0.0 0.0
0.0 0.0 0.0
0.0 0.0 0.0
0.0 0.0 0.0
0.0 0.0 0.0
0.0 0.0 0.0
0.0 0.0 0.0
0.0 0.0 0.0
0.0 0.0 0.0
0.0 0.0 0.0
81.0465087890625 121.74940490722656 6.838661193847656
0.0 0.0 0.0
0.0 0.0 0.0
0.0 0.0 0.0
0.0 0.0 0.0
0.0 0.0 0.0
0.0 0.0 0.0
0.0 0.0 0.0
0.0 0.0 0.0
0.0 0.0 0.0
0.0 0.0 0.0
0.0 0.0 0.0
0.0 0.0 0.0
0.0 0.0 0.0
0.0 0.0 0.0
0.0 0.0 0.0
0.0 0.0 0.0
0.0 0.0 0.0
0.0 0.0 0.0
0.0 0.0 0.0
0.0 0.0 0.0
0.0 0.0 0.0
0.0 0.0 0.0
0.0 0.0 0.0
0.0 0.0 0.0
0.0 0.0 0.0
0.0 0.0 0.0
0.0 0.0 0.0
0.0 0.0 0.0
0.0 0.0 0.0
0.0 0.0 0.0
0.0 0.0 0.0
0.0 0.0 0.0
0.0 0.0 0.0
0.0 0.0 0.0
0.0 0.0 0.0
0.0 0.0 0.0
0.0 0.0 0.0
0.0 0.0 0.0
0.0 0.0 0.0
0.0 0.0 0.0
0.0 0.0 0.0
0.0 0.0 0.0
0.0 0.0 0.0
0.0 0.0 0.0
0.0 0.0 0.0
0.0 0.0 0.0
0.0 0.0 0.0
0.0 0.0 0.0
0.0 0.0 0.0
0.0 0.0 0.0
0.0 0.0 0.0
0.0 0.0 0.0
0.0 0.0 0.0
0.0 0.0 0.0
0.0 0.0 0.0
0.0 0.0 0.0
0.0 0.0 0.0
0.0 0.0 0.0
0.0 0.0 0.0
0.0 0.0 0.0
0.0 0.0 0.0
0.0 0.0 0.0
0.0 0.0 0.0
0.0 0.0 0.0
0.0 0.0 0.0
0.0 0.0 0.0
0.0 0.0 0.0
0.0 0.0 0.0
0.0 0.0 0.0
0.0 0.0 0.0
0.0 0.0 0.0
0.0 0.0 0.0
0.0 0.0 0.0
0.0 0.0 0.0
0.0 0.0 0.0
0.0 0.0 0.0
0.0 0.0 0.0
0.0 0.0 0.0
0.0 0.0 0.0
0.0 0.0 0.0
0.0 0.0 0.0
0.0 0.0 0.0
0.0 0.0 0.0
0.0 0.0 0.0
0.0 0.0 0.0
0.0 0.0 0.0
0.0 0.0 0.0
0.0 0.0 0.0
0.0 0.0 0.0
0.0 0.0 0.0
0.0 0.0 0.0
0.0 0.0 0.0
0.0 0.0 0.0
0.0 0.0 0.0
0.0 0.0 0.0
0.0 0.0 0.0
0.0 0.0 0.0
0.0 0.0 0.0
0.0 0.0 0.0
0.0 0.0 0.0
0.0 0.0 0.0
0.0 0.0 0.0
0.0 0.0 0.0
0.0 0.0 0.0
0.0 0.0 0.0
0.0 0.0 0.0
0.0 0.0 0.0
0.0 0.0 0.0
0.0 0.0 0.0
0.0 0.0 0.0
0.0 0.0 0.0
0.0 0.0 0.0
0.0 0.0 0.0
0.0 0.0 0.0
0.0 0.0 0.0
0.0 0.0 0.0
0.0 0.0 0.0
0.0 0.0 0.0
0.0 0.0 0.0
0.0 0.0 0.0
0.0 0.0 0.0
0.0 0.0 0.0
0.0 0.0 0.0
0.0 0.0 0.0
0.0 0.0 0.0
0.0 0.0 0.0
0.0 0.0 0.0
0.0 0.0 0.0
0.0 0.0 0.0
0.0 0.0 0.0
0.0 0.0 0.0
0.0 0.0 0.0
0.0 0.0 0.0
0.0 0.0 0.0
0.0 0.0 0.0
0.0 0.0 0.0
0.0 0.0 0.0
0.0 0.0 0.0
0.0 0.0 0.0
0.0 0.0 0.0
0.0 0.0 0.0
0.0 0.0 0.0
0.0 0.0 0.0
0.0 0.0 0.0
0.0 0.0 0.0
0.0 0.0 0.0
0.0 0.0 0.0
0.0 0.0 0.0
0.0 0.0 0.0
0.0 0.0 0.0
0.0 0.0 0.0
0.0 0.0 0.0
0.0 0.0 0.0
0.0 0.0 0.0
0.0 0.0 0.0
0.0 0.0 0.0
0.0 0.0 0.0
0.0 0.0 0.0
0.0 0.0 0.0
0.0 0.0 0.0
0.0 0.0 0.0
0.0 0.0 0.0
0.0 0.0 0.0
0.0 0.0 0.0
0.0 0.0 0.0
0.0 0.0 0.0
0.0 0.0 0.0
0.0 0.0 0.0
0.0 0.0 0.0
0.0 0.0 0.0
0.0 0.0 0.0
0.0 0.0 0.0
0.0 0.0 0.0
0.0 0.0 0.0
0.0 0.0 0.0
0.0 0.0 0.0
0.0 0.0 0.0
0.0 0.0 0.0
0.0 0.0 0.0
0.0 0.0 0.0
0.0 0.0 0.0
0.0 0.0 0.0
0.0 0.0 0.0
0.0 0.0 0.0
0.0 0.0 0.0
0.0 0.0 0.0
0.0 0.0 0.0
0.0 0.0 0.0
0.0 0.0 0.0
0.0 0.0 0.0
0.0 0.0 0.0
0.0 0.0 0.0
0.0 0.0 0.0
0.0 0.0 0.0
0.0 0.0 0.0
0.0 0.0 0.0
0.0 0.0 0.0
0.0 0.0 0.0
0.0 0.0 0.0
0.0 0.0 0.0
0.0 0.0 0.0
0.0 0.0 0.0
0.0 0.0 0.0
0.0 0.0 0.0
0.0 0.0 0.0
0.0 0.0 0.0
0.0 0.0 0.0
0.0 0.0 0.0
0.0 0.0 0.0
0.0 0.0 0.0
0.0 0.0 0.0
0.0 0.0 0.0
0.0 0.0 0.0
0.0 0.0 0.0
0.0 0.0 0.0
0.0 0.0 0.0
0.0 0.0 0.0
0.0 0.0 0.0
0.0 0.0 0.0
0.0 0.0 0.0
0.0 0.0 0.0
0.0 0.0 0.0
0.0 0.0 0.0
0.0 0.0 0.0
0.0 0.0 0.0
0.0 0.0 0.0
0.0 0.0 0.0
0.0 0.0 0.0
0.0 0.0 0.0
0.0 0.0 0.0
-7.509037494659424 30.949771881103516 -2.4957852363586426
0.0 0.0 0.0
0.0 0.0 0.0
0.0 0.0 0.0
0.0 0.0 0.0
-6.461894512176514 31.37873077392578 -2.5766072273254395
0.0 0.0 0.0
0.0 0.0 0.0
0.0 0.0 0.0
-5.418647289276123 30.623409271240234 -2.5456016063690186
0.0 0.0 0.0
0.0 0.0 0.0
0.0 0.0 0.0
0.0 0.0 0.0
-4.37299919128418 30.982789993286133 -2.6087210178375244
0.0 0.0 0.0
0.0 0.0 0.0
-3.699601411819458 30.856639862060547 -2.6155054569244385
-3.448197603225708 30.591432571411133 -2.5973446369171143
-3.2879111766815186 31.113492965698242 -2.646108627319336
0.0 0.0 0.0
0.0 0.0 0.0
0.0 0.0 0.0
0.0 0.0 0.0
0.0 0.0 0.0
-1.9689704179763794 31.011390686035156 -2.66025972366333
0.0 0.0 0.0
0.0 0.0 0.0
0.0 0.0 0.0
-1.0937926769256592 30.83536148071289 -2.6547446250915527
-0.8776567578315735 30.783658981323242 -2.652118444442749
-0.6613505482673645 30.69932746887207 -2.6468024253845215
-0.45465153455734253 31.173871994018555 -2.6893863677978516
-0.23143285512924194 30.83380699157715 -2.660269021987915
0.0 0.0 0.0
0.19978222250938416 31.207571029663086 -2.6933481693267822
0.0 0.0 0.0
0.6327906250953674 31.1550350189209 -2.689890146255493
0.0 0.0 0.0
0.0 0.0 0.0
0.0 0.0 0.0
1.514231562614441 31.35117530822754 -2.70314359664917
1.7292755842208862 31.285625457763672 -2.696770191192627
1.9512054920196533 31.34696388244629 -2.699605941772461
0.0 0.0 0.0
0.0 0.0 0.0
2.6344072818756104 31.606414794921875 -2.715265989303589
2.8440723419189453 31.475217819213867 -2.7020339965820312
3.0680742263793945 31.509384155273438 -2.701289176940918
0.0 0.0 0.0
0.0 0.0 0.0
0.0 0.0 0.0
3.9753010272979736 31.6333065032959 -2.6983344554901123
0.0 0.0 0.0
4.446555137634277 31.776159286499023 -2.70066237449646
0.0 0.0 0.0
0.0 0.0 0.0
5.1904706954956055 32.185611724853516 -2.7214503288269043
0.0 0.0 0.0
5.624971389770508 32.039005279541016 -2.6967368125915527
5.883921146392822 32.17531967163086 -2.702063798904419
6.148434638977051 32.34855270385742 -2.7106549739837646
0.0 0.0 0.0
0.0 0.0 0.0
6.874864101409912 32.463409423828125 -2.6990814208984375
7.106312274932861 32.4224739074707 -2.688058376312256
0.0 0.0 0.0
7.602975368499756 32.519493103027344 -2.6812326908111572
7.8923163414001465 32.72801971435547 -2.6894311904907227
0.0 0.0 0.0
8.406471252441406 32.83113479614258 -2.6800127029418945
0.0 0.0 0.0
0.0 0.0 0.0
0.0 0.0 0.0
0.0 0.0 0.0
9.748106002807617 33.20341110229492 -2.6619796752929688
0.0 0.0 0.0
0.0 0.0 0.0
0.0 0.0 0.0
0.0 0.0 0.0
11.199298858642578 33.760276794433594 -2.650169610977173
0.0 0.0 0.0
0.0 0.0 0.0
0.0 0.0 0.0
0.0 0.0 0.0
0.0 0.0 0.0
0.0 0.0 0.0
0.0 0.0 0.0
0.0 0.0 0.0
0.0 0.0 0.0
0.0 0.0 0.0
0.0 0.0 0.0
0.0 0.0 0.0
0.0 0.0 0.0
0.0 0.0 0.0
0.0 0.0 0.0
0.0 0.0 0.0
0.0 0.0 0.0
0.0 0.0 0.0
0.0 0.0 0.0
0.0 0.0 0.0
0.0 0.0 0.0
0.0 0.0 0.0
0.0 0.0 0.0
0.0 0.0 0.0
0.0 0.0 0.0
0.0 0.0 0.0
0.0 0.0 0.0
0.0 0.0 0.0
0.0 0.0 0.0
0.0 0.0 0.0
0.0 0.0 0.0
0.0 0.0 0.0
0.0 0.0 0.0
0.0 0.0 0.0
0.0 0.0 0.0
0.0 0.0 0.0
0.0 0.0 0.0
0.0 0.0 0.0
0.0 0.0 0.0
0.0 0.0 0.0
0.0 0.0 0.0
0.0 0.0 0.0
0.0 0.0 0.0
0.0 0.0 0.0
0.0 0.0 0.0
0.0 0.0 0.0
0.0 0.0 0.0
0.0 0.0 0.0
0.0 0.0 0.0
81.5023422241211 121.51570892333984 6.4889702796936035
0.0 0.0 0.0
0.0 0.0 0.0
0.0 0.0 0.0
0.0 0.0 0.0
0.0 0.0 0.0
0.0 0.0 0.0
0.0 0.0 0.0
0.0 0.0 0.0
0.0 0.0 0.0
0.0 0.0 0.0
0.0 0.0 0.0
0.0 0.0 0.0
0.0 0.0 0.0
0.0 0.0 0.0
0.0 0.0 0.0
0.0 0.0 0.0
0.0 0.0 0.0
0.0 0.0 0.0
0.0 0.0 0.0
0.0 0.0 0.0
0.0 0.0 0.0
0.0 0.0 0.0
0.0 0.0 0.0
0.0 0.0 0.0
0.0 0.0 0.0
0.0 0.0 0.0
0.0 0.0 0.0
0.0 0.0 0.0
0.0 0.0 0.0
0.0 0.0 0.0
0.0 0.0 0.0
0.0 0.0 0.0
0.0 0.0 0.0
0.0 0.0 0.0
0.0 0.0 0.0
0.0 0.0 0.0
0.0 0.0 0.0
0.0 0.0 0.0
0.0 0.0 0.0
0.0 0.0 0.0
0.0 0.0 0.0
0.0 0.0 0.0
0.0 0.0 0.0
0.0 0.0 0.0
0.0 0.0 0.0
0.0 0.0 0.0
0.0 0.0 0.0
0.0 0.0 0.0
0.0 0.0 0.0
0.0 0.0 0.0
0.0 0.0 0.0
0.0 0.0 0.0
0.0 0.0 0.0
0.0 0.0 0.0
0.0 0.0 0.0
0.0 0.0 0.0
0.0 0.0 0.0
0.0 0.0 0.0
0.0 0.0 0.0
0.0 0.0 0.0
0.0 0.0 0.0
0.0 0.0 0.0
0.0 0.0 0.0
0.0 0.0 0.0
0.0 0.0 0.0
0.0 0.0 0.0
0.0 0.0 0.0
0.0 0.0 0.0
0.0 0.0 0.0
0.0 0.0 0.0
0.0 0.0 0.0
0.0 0.0 0.0
0.0 0.0 0.0
0.0 0.0 0.0
0.0 0.0 0.0
0.0 0.0 0.0
0.0 0.0 0.0
0.0 0.0 0.0
0.0 0.0 0.0
0.0 0.0 0.0
0.0 0.0 0.0
0.0 0.0 0.0
0.0 0.0 0.0
0.0 0.0 0.0
0.0 0.0 0.0
0.0 0.0 0.0
0.0 0.0 0.0
0.0 0.0 0.0
0.0 0.0 0.0
0.0 0.0 0.0
0.0 0.0 0.0
0.0 0.0 0.0
0.0 0.0 0.0
0.0 0.0 0.0
0.0 0.0 0.0
0.0 0.0 0.0
0.0 0.0 0.0
0.0 0.0 0.0
0.0 0.0 0.0
0.0 0.0 0.0
0.0 0.0 0.0
0.0 0.0 0.0
0.0 0.0 0.0
0.0 0.0 0.0
0.0 0.0 0.0
0.0 0.0 0.0
0.0 0.0 0.0
0.0 0.0 0.0
0.0 0.0 0.0
0.0 0.0 0.0
0.0 0.0 0.0
0.0 0.0 0.0
0.0 0.0 0.0
0.0 0.0 0.0
0.0 0.0 0.0
0.0 0.0 0.0
0.0 0.0 0.0
0.0 0.0 0.0
0.0 0.0 0.0
0.0 0.0 0.0
0.0 0.0 0.0
0.0 0.0 0.0
0.0 0.0 0.0
0.0 0.0 0.0
0.0 0.0 0.0
0.0 0.0 0.0
0.0 0.0 0.0
0.0 0.0 0.0
0.0 0.0 0.0
0.0 0.0 0.0
0.0 0.0 0.0
0.0 0.0 0.0
0.0 0.0 0.0
0.0 0.0 0.0
0.0 0.0 0.0
0.0 0.0 0.0
0.0 0.0 0.0
0.0 0.0 0.0
0.0 0.0 0.0
0.0 0.0 0.0
0.0 0.0 0.0
0.0 0.0 0.0
0.0 0.0 0.0
0.0 0.0 0.0
0.0 0.0 0.0
0.0 0.0 0.0
0.0 0.0 0.0
0.0 0.0 0.0
0.0 0.0 0.0
0.0 0.0 0.0
0.0 0.0 0.0
0.0 0.0 0.0
0.0 0.0 0.0
0.0 0.0 0.0
0.0 0.0 0.0
0.0 0.0 0.0
0.0 0.0 0.0
0.0 0.0 0.0
0.0 0.0 0.0
0.0 0.0 0.0
0.0 0.0 0.0
0.0 0.0 0.0
0.0 0.0 0.0
0.0 0.0 0.0
0.0 0.0 0.0
0.0 0.0 0.0
0.0 0.0 0.0
0.0 0.0 0.0
0.0 0.0 0.0
0.0 0.0 0.0
0.0 0.0 0.0
0.0 0.0 0.0
0.0 0.0 0.0
0.0 0.0 0.0
0.0 0.0 0.0
0.0 0.0 0.0
0.0 0.0 0.0
0.0 0.0 0.0
0.0 0.0 0.0
0.0 0.0 0.0
0.0 0.0 0.0
0.0 0.0 0.0
0.0 0.0 0.0
0.0 0.0 0.0
0.0 0.0 0.0
0.0 0.0 0.0
0.0 0.0 0.0
0.0 0.0 0.0
0.0 0.0 0.0
0.0 0.0 0.0
0.0 0.0 0.0
0.0 0.0 0.0
0.0 0.0 0.0
0.0 0.0 0.0
0.0 0.0 0.0
0.0 0.0 0.0
0.0 0.0 0.0
0.0 0.0 0.0
0.0 0.0 0.0
0.0 0.0 0.0
0.0 0.0 0.0
0.0 0.0 0.0
0.0 0.0 0.0
0.0 0.0 0.0
0.0 0.0 0.0
0.0 0.0 0.0
0.0 0.0 0.0
0.0 0.0 0.0
0.0 0.0 0.0
0.0 0.0 0.0
0.0 0.0 0.0
0.0 0.0 0.0
0.0 0.0 0.0
0.0 0.0 0.0
0.0 0.0 0.0
0.0 0.0 0.0
0.0 0.0 0.0
0.0 0.0 0.0
0.0 0.0 0.0
0.0 0.0 0.0
0.0 0.0 0.0
0.0 0.0 0.0
0.0 0.0 0.0
0.0 0.0 0.0
0.0 0.0 0.0
0.0 0.0 0.0
0.0 0.0 0.0
0.0 0.0 0.0
0.0 0.0 0.0
0.0 0.0 0.0
0.0 0.0 0.0
0.0 0.0 0.0
0.0 0.0 0.0
0.0 0.0 0.0
0.0 0.0 0.0
-6.512816429138184 31.08440589904785 -2.4725866317749023
-6.300055980682373 31.14712142944336 -2.4863173961639404
-6.068260192871094 31.116878509521484 -2.491112232208252
0.0 0.0 0.0
-5.561307907104492 30.794376373291016 -2.479837656021118
-5.415175437927246 31.250404357910156 -2.5242326259613037
-5.217939853668213 31.41337013244629 -2.544867992401123
0.0 0.0 0.0
0.0 0.0 0.0
0.0 0.0 0.0
-4.262666702270508 30.9727840423584 -2.5331435203552246
0.0 0.0 0.0
0.0 0.0 0.0
0.0 0.0 0.0
0.0 0.0 0.0
0.0 0.0 0.0
0.0 0.0 0.0
0.0 0.0 0.0
0.0 0.0 0.0
-2.318718194961548 31.314598083496094 -2.6003451347351074
0.0 0.0 0.0
0.0 0.0 0.0
0.0 0.0 0.0
0.0 0.0 0.0
-1.2222354412078857 31.324350357055664 -2.614546775817871
0.0 0.0 0.0
-0.7901058197021484 31.660932540893555 -2.6474556922912598
0.0 0.0 0.0
0.0 0.0 0.0
0.0 0.0 0.0
0.0 0.0 0.0
0.30814555287361145 31.30295181274414 -2.6217610836029053
0.0 0.0 0.0
0.0 0.0 0.0
0.0 0.0 0.0
1.1968401670455933 31.667490005493164 -2.6509222984313965
0.0 0.0 0.0
0.0 0.0 0.0
0.0 0.0 0.0
0.0 0.0 0.0
0.0 0.0 0.0
2.5545120239257812 32.02555465698242 -2.6730613708496094
2.7608423233032227 31.774333953857422 -2.649423360824585
2.967839241027832 31.60749053955078 -2.632366418838501
0.0 0.0 0.0
0.0 0.0 0.0
0.0 0.0 0.0
0.0 0.0 0.0
4.15516996383667 32.15098571777344 -2.660248279571533
0.0 0.0 0.0
0.0 0.0 0.0
4.878888130187988 32.413108825683594 -2.6689300537109375
0.0 0.0 0.0
0.0 0.0 0.0
5.567790508270264 32.35932159423828 -2.647676706314087
0.0 0.0 0.0
6.0524163246154785 32.463768005371094 -2.6450984477996826
0.0 0.0 0.0
0.0 0.0 0.0
0.0 0.0 0.0
0.0 0.0 0.0
7.3445916175842285 32.96670913696289 -2.651996612548828
7.643304824829102 33.2194709777832 -2.664381265640259
7.829753398895264 32.9609375 -2.635087728500366
8.089632987976074 33.03146743774414 -2.6323955059051514
8.412798881530762 33.345436096191406 -2.6491081714630127
8.718205451965332 33.569801330566406 -2.658668279647827
4.329457759857178 16.207233428955078 -1.2789406776428223
9.262168884277344 33.7130126953125 -2.6502466201782227
9.468570709228516 33.54752731323242 -2.6274402141571045
9.752260208129883 33.6539192199707 -2.626034736633301
0.0 0.0 0.0
0.0 0.0 0.0
0.0 0.0 0.0
0.0 0.0 0.0
0.0 0.0 0.0
0.0 0.0 0.0
0.0 0.0 0.0
0.0 0.0 0.0
0.0 0.0 0.0
0.0 0.0 0.0
0.0 0.0 0.0
0.0 0.0 0.0
0.0 0.0 0.0
0.0 0.0 0.0
0.0 0.0 0.0
0.0 0.0 0.0
15.054834365844727 35.54671096801758 -2.550666570663452
15.318124771118164 35.47817611694336 -2.5299603939056396
15.813249588012695 35.923118591308594 -2.545452833175659
0.0 0.0 0.0
0.0 0.0 0.0
0.0 0.0 0.0
0.0 0.0 0.0
0.0 0.0 0.0
0.0 0.0 0.0
0.0 0.0 0.0
0.0 0.0 0.0
0.0 0.0 0.0
0.0 0.0 0.0
0.0 0.0 0.0
0.0 0.0 0.0
0.0 0.0 0.0
0.0 0.0 0.0
0.0 0.0 0.0
0.0 0.0 0.0
0.0 0.0 0.0
0.0 0.0 0.0
0.0 0.0 0.0
0.0 0.0 0.0
0.0 0.0 0.0
0.0 0.0 0.0
0.0 0.0 0.0
0.0 0.0 0.0
0.0 0.0 0.0
0.0 0.0 0.0
0.0 0.0 0.0
0.0 0.0 0.0
0.0 0.0 0.0
0.0 0.0 0.0
0.0 0.0 0.0
0.0 0.0 0.0
0.0 0.0 0.0
0.0 0.0 0.0
0.0 0.0 0.0
0.0 0.0 0.0
0.0 0.0 0.0
0.0 0.0 0.0
0.0 0.0 0.0
0.0 0.0 0.0
0.0 0.0 0.0
0.0 0.0 0.0
0.0 0.0 0.0
0.0 0.0 0.0
0.0 0.0 0.0
0.0 0.0 0.0
0.0 0.0 0.0
0.0 0.0 0.0
0.0 0.0 0.0
0.0 0.0 0.0
0.0 0.0 0.0
0.0 0.0 0.0
0.0 0.0 0.0
0.0 0.0 0.0
0.0 0.0 0.0
0.0 0.0 0.0
0.0 0.0 0.0
0.0 0.0 0.0
86.0398178100586 182.57994079589844 13.276297569274902
0.0 0.0 0.0
0.0 0.0 0.0
0.0 0.0 0.0
0.0 0.0 0.0
0.0 0.0 0.0
0.0 0.0 0.0
0.0 0.0 0.0
0.0 0.0 0.0
0.0 0.0 0.0
0.0 0.0 0.0
0.0 0.0 0.0
0.0 0.0 0.0
0.0 0.0 0.0
0.0 0.0 0.0
0.0 0.0 0.0
0.0 0.0 0.0
0.0 0.0 0.0
0.0 0.0 0.0
0.0 0.0 0.0
0.0 0.0 0.0
0.0 0.0 0.0
0.0 0.0 0.0
0.0 0.0 0.0
0.0 0.0 0.0
0.0 0.0 0.0
0.0 0.0 0.0
0.0 0.0 0.0
0.0 0.0 0.0
0.0 0.0 0.0
0.0 0.0 0.0
0.0 0.0 0.0
0.0 0.0 0.0
0.0 0.0 0.0
0.0 0.0 0.0
0.0 0.0 0.0
0.0 0.0 0.0
0.0 0.0 0.0
0.0 0.0 0.0
0.0 0.0 0.0
0.0 0.0 0.0
0.0 0.0 0.0
0.0 0.0 0.0
0.0 0.0 0.0
0.0 0.0 0.0
0.0 0.0 0.0
0.0 0.0 0.0
0.0 0.0 0.0
0.0 0.0 0.0
0.0 0.0 0.0
0.0 0.0 0.0
0.0 0.0 0.0
0.0 0.0 0.0
0.0 0.0 0.0
0.0 0.0 0.0
0.0 0.0 0.0
0.0 0.0 0.0
0.0 0.0 0.0
0.0 0.0 0.0
0.0 0.0 0.0
0.0 0.0 0.0
0.0 0.0 0.0
0.0 0.0 0.0
0.0 0.0 0.0
0.0 0.0 0.0
0.0 0.0 0.0
0.0 0.0 0.0
0.0 0.0 0.0
0.0 0.0 0.0
0.0 0.0 0.0
0.0 0.0 0.0
0.0 0.0 0.0
0.0 0.0 0.0
0.0 0.0 0.0
0.0 0.0 0.0
0.0 0.0 0.0
0.0 0.0 0.0
0.0 0.0 0.0
0.0 0.0 0.0
0.0 0.0 0.0
0.0 0.0 0.0
0.0 0.0 0.0
0.0 0.0 0.0
0.0 0.0 0.0
0.0 0.0 0.0
0.0 0.0 0.0
0.0 0.0 0.0
0.0 0.0 0.0
0.0 0.0 0.0
0.0 0.0 0.0
0.0 0.0 0.0
0.0 0.0 0.0
0.0 0.0 0.0
0.0 0.0 0.0
0.0 0.0 0.0
0.0 0.0 0.0
0.0 0.0 0.0
0.0 0.0 0.0
0.0 0.0 0.0
0.0 0.0 0.0
0.0 0.0 0.0
0.0 0.0 0.0
0.0 0.0 0.0
0.0 0.0 0.0
0.0 0.0 0.0
0.0 0.0 0.0
0.0 0.0 0.0
0.0 0.0 0.0
0.0 0.0 0.0
0.0 0.0 0.0
0.0 0.0 0.0
0.0 0.0 0.0
0.0 0.0 0.0
0.0 0.0 0.0
0.0 0.0 0.0
0.0 0.0 0.0
0.0 0.0 0.0
0.0 0.0 0.0
0.0 0.0 0.0
0.0 0.0 0.0
0.0 0.0 0.0
0.0 0.0 0.0
0.0 0.0 0.0
0.0 0.0 0.0
0.0 0.0 0.0
0.0 0.0 0.0
0.0 0.0 0.0
0.0 0.0 0.0
0.0 0.0 0.0
0.0 0.0 0.0
0.0 0.0 0.0
0.0 0.0 0.0
0.0 0.0 0.0
0.0 0.0 0.0
0.0 0.0 0.0
0.0 0.0 0.0
0.0 0.0 0.0
0.0 0.0 0.0
0.0 0.0 0.0
0.0 0.0 0.0
0.0 0.0 0.0
0.0 0.0 0.0
0.0 0.0 0.0
0.0 0.0 0.0
0.0 0.0 0.0
0.0 0.0 0.0
0.0 0.0 0.0
0.0 0.0 0.0
0.0 0.0 0.0
0.0 0.0 0.0
0.0 0.0 0.0
0.0 0.0 0.0
0.0 0.0 0.0
0.0 0.0 0.0
0.0 0.0 0.0
0.0 0.0 0.0
0.0 0.0 0.0
0.0 0.0 0.0
0.0 0.0 0.0
0.0 0.0 0.0
0.0 0.0 0.0
0.0 0.0 0.0
0.0 0.0 0.0
0.0 0.0 0.0
0.0 0.0 0.0
0.0 0.0 0.0
0.0 0.0 0.0
0.0 0.0 0.0
0.0 0.0 0.0
0.0 0.0 0.0
0.0 0.0 0.0
0.0 0.0 0.0
0.0 0.0 0.0
0.0 0.0 0.0
0.0 0.0 0.0
0.0 0.0 0.0
0.0 0.0 0.0
0.0 0.0 0.0
0.0 0.0 0.0
0.0 0.0 0.0
0.0 0.0 0.0
0.0 0.0 0.0
0.0 0.0 0.0
0.0 0.0 0.0
0.0 0.0 0.0
0.0 0.0 0.0
0.0 0.0 0.0
0.0 0.0 0.0
0.0 0.0 0.0
0.0 0.0 0.0
0.0 0.0 0.0
0.0 0.0 0.0
0.0 0.0 0.0
0.0 0.0 0.0
0.0 0.0 0.0
0.0 0.0 0.0
0.0 0.0 0.0
0.0 0.0 0.0
0.0 0.0 0.0
0.0 0.0 0.0
0.0 0.0 0.0
0.0 0.0 0.0
0.0 0.0 0.0
-9.249054908752441 31.352540969848633 -2.305499315261841
0.0 0.0 0.0
0.0 0.0 0.0
0.0 0.0 0.0
0.0 0.0 0.0
0.0 0.0 0.0
0.0 0.0 0.0
-7.62883186340332 31.44549560546875 -2.383272647857666
0.0 0.0 0.0
-7.162982940673828 31.445100784301758 -2.4005799293518066
0.0 0.0 0.0
0.0 0.0 0.0
0.0 0.0 0.0
0.0 0.0 0.0
-5.995297908782959 31.335147857666016 -2.4320621490478516
-5.834096908569336 31.68557357788086 -2.4668455123901367
-5.582121849060059 31.548175811767578 -2.4638006687164307
-5.344421863555908 31.4819393157959 -2.464841604232788
0.0 0.0 0.0
-4.92783784866333 31.721851348876953 -2.496061086654663
0.0 0.0 0.0
-4.43219518661499 31.408103942871094 -2.484008312225342
0.0 0.0 0.0
0.0 0.0 0.0
0.0 0.0 0.0
-3.5705690383911133 31.680044174194336 -2.5251049995422363
0.0 0.0 0.0
0.0 0.0 0.0
-2.875040292739868 31.38179588317871 -2.5133073329925537
0.0 0.0 0.0
0.0 0.0 0.0
0.0 0.0 0.0
0.0 0.0 0.0
-1.789127230644226 31.663427352905273 -2.5514848232269287
0.0 0.0 0.0
0.0 0.0 0.0
0.0 0.0 0.0
-0.9029761552810669 31.684545516967773 -2.5620193481445312
0.0 0.0 0.0
-0.4667062759399414 32.00914764404297 -2.590446710586548
0.0 0.0 0.0
0.0 0.0 0.0
0.20368432998657227 31.758543014526367 -2.5733354091644287
0.0 0.0 0.0
0.0 0.0 0.0
0.0 0.0 0.0
0.0 0.0 0.0
0.0 0.0 0.0
1.5478333234786987 32.04930877685547 -2.594742774963379
0.0 0.0 0.0
0.0 0.0 0.0
0.0 0.0 0.0
0.0 0.0 0.0
2.701610565185547 32.4153938293457 -2.616074562072754
0.0 0.0 0.0
0.0 0.0 0.0
3.3915655612945557 32.44938278198242 -2.6112451553344727
0.0 0.0 0.0
0.0 0.0 0.0
0.0 0.0 0.0
4.316485404968262 32.52186584472656 -2.6028366088867188
0.0 0.0 0.0
4.792261123657227 32.593936920166016 -2.601026773452759
5.0176777839660645 32.55274963378906 -2.592465877532959
5.304752826690674 32.894466400146484 -2.6144652366638184
5.559598922729492 33.01097106933594 -2.6186020374298096
0.0 0.0 0.0
6.024902820587158 32.94638442993164 -2.6031391620635986
6.257821559906006 32.92353057861328 -2.5948617458343506
6.517851829528809 33.036590576171875 -2.5973875522613525
6.7597527503967285 33.04834747314453 -2.592026472091675
0.0 0.0 0.0
0.0 0.0 0.0
7.518504619598389 33.194129943847656 -2.5827503204345703
0.0 0.0 0.0
8.031986236572266 33.30390548706055 -2.575904369354248
0.0 0.0 0.0
8.600831985473633 33.58985137939453 -2.5822153091430664
0.0 0.0 0.0
9.103021621704102 33.59657287597656 -2.564948797225952
0.0 0.0 0.0
0.0 0.0 0.0
9.916590690612793 33.774925231933594 -2.5513229370117188
0.0 0.0 0.0
0.0 0.0 0.0
0.0 0.0 0.0
0.0 0.0 0.0
0.0 0.0 0.0
0.0 0.0 0.0
0.0 0.0 0.0
0.0 0.0 0.0
0.0 0.0 0.0
0.0 0.0 0.0
0.0 0.0 0.0
0.0 0.0 0.0
0.0 0.0 0.0
0.0 0.0 0.0
0.0 0.0 0.0
0.0 0.0 0.0
0.0 0.0 0.0
15.869399070739746 36.40909194946289 -2.5162484645843506
0.0 0.0 0.0
0.0 0.0 0.0
0.0 0.0 0.0
0.0 0.0 0.0
0.0 0.0 0.0
0.0 0.0 0.0
0.0 0.0 0.0
0.0 0.0 0.0
0.0 0.0 0.0
0.0 0.0 0.0
0.0 0.0 0.0
0.0 0.0 0.0
0.0 0.0 0.0
0.0 0.0 0.0
0.0 0.0 0.0
0.0 0.0 0.0
0.0 0.0 0.0
0.0 0.0 0.0
0.0 0.0 0.0
0.0 0.0 0.0
0.0 0.0 0.0
0.0 0.0 0.0
0.0 0.0 0.0
0.0 0.0 0.0
0.0 0.0 0.0
0.0 0.0 0.0
0.0 0.0 0.0
0.0 0.0 0.0
0.0 0.0 0.0
0.0 0.0 0.0
0.0 0.0 0.0
0.0 0.0 0.0
0.0 0.0 0.0
0.0 0.0 0.0
0.0 0.0 0.0
0.0 0.0 0.0
0.0 0.0 0.0
0.0 0.0 0.0
0.0 0.0 0.0
0.0 0.0 0.0
0.0 0.0 0.0
0.0 0.0 0.0
0.0 0.0 0.0
0.0 0.0 0.0
0.0 0.0 0.0
0.0 0.0 0.0
0.0 0.0 0.0
0.0 0.0 0.0
0.0 0.0 0.0
0.0 0.0 0.0
0.0 0.0 0.0
0.0 0.0 0.0
0.0 0.0 0.0
0.0 0.0 0.0
0.0 0.0 0.0
0.0 0.0 0.0
0.0 0.0 0.0
0.0 0.0 0.0
0.0 0.0 0.0
0.0 0.0 0.0
0.0 0.0 0.0
0.0 0.0 0.0
0.0 0.0 0.0
0.0 0.0 0.0
0.0 0.0 0.0
0.0 0.0 0.0
0.0 0.0 0.0
0.0 0.0 0.0
0.0 0.0 0.0
0.0 0.0 0.0
0.0 0.0 0.0
0.0 0.0 0.0
0.0 0.0 0.0
0.0 0.0 0.0
0.0 0.0 0.0
0.0 0.0 0.0
0.0 0.0 0.0
0.0 0.0 0.0
0.0 0.0 0.0
0.0 0.0 0.0
0.0 0.0 0.0
0.0 0.0 0.0
0.0 0.0 0.0
0.0 0.0 0.0
0.0 0.0 0.0
0.0 0.0 0.0
0.0 0.0 0.0
0.0 0.0 0.0
0.0 0.0 0.0
0.0 0.0 0.0
0.0 0.0 0.0
0.0 0.0 0.0
0.0 0.0 0.0
0.0 0.0 0.0
0.0 0.0 0.0
0.0 0.0 0.0
0.0 0.0 0.0
0.0 0.0 0.0
0.0 0.0 0.0
0.0 0.0 0.0
0.0 0.0 0.0
0.0 0.0 0.0
0.0 0.0 0.0
0.0 0.0 0.0
0.0 0.0 0.0
0.0 0.0 0.0
0.0 0.0 0.0
0.0 0.0 0.0
0.0 0.0 0.0
0.0 0.0 0.0
0.0 0.0 0.0
0.0 0.0 0.0
0.0 0.0 0.0
0.0 0.0 0.0
0.0 0.0 0.0
0.0 0.0 0.0
0.0 0.0 0.0
0.0 0.0 0.0
0.0 0.0 0.0
0.0 0.0 0.0
0.0 0.0 0.0
0.0 0.0 0.0
0.0 0.0 0.0
0.0 0.0 0.0
0.0 0.0 0.0
0.0 0.0 0.0
0.0 0.0 0.0
0.0 0.0 0.0
0.0 0.0 0.0
0.0 0.0 0.0
0.0 0.0 0.0
0.0 0.0 0.0
0.0 0.0 0.0
0.0 0.0 0.0
0.0 0.0 0.0
0.0 0.0 0.0
0.0 0.0 0.0
0.0 0.0 0.0
0.0 0.0 0.0
0.0 0.0 0.0
0.0 0.0 0.0
0.0 0.0 0.0
0.0 0.0 0.0
0.0 0.0 0.0
0.0 0.0 0.0
0.0 0.0 0.0
0.0 0.0 0.0
0.0 0.0 0.0
0.0 0.0 0.0
0.0 0.0 0.0
0.0 0.0 0.0
0.0 0.0 0.0
0.0 0.0 0.0
0.0 0.0 0.0
0.0 0.0 0.0
0.0 0.0 0.0
0.0 0.0 0.0
0.0 0.0 0.0
0.0 0.0 0.0
0.0 0.0 0.0
0.0 0.0 0.0
0.0 0.0 0.0
0.0 0.0 0.0
0.0 0.0 0.0
0.0 0.0 0.0
0.0 0.0 0.0
0.0 0.0 0.0
0.0 0.0 0.0
0.0 0.0 0.0
0.0 0.0 0.0
0.0 0.0 0.0
0.0 0.0 0.0
0.0 0.0 0.0
0.0 0.0 0.0
0.0 0.0 0.0
0.0 0.0 0.0
0.0 0.0 0.0
0.0 0.0 0.0
0.0 0.0 0.0
0.0 0.0 0.0
0.0 0.0 0.0
0.0 0.0 0.0
0.0 0.0 0.0
0.0 0.0 0.0
0.0 0.0 0.0
0.0 0.0 0.0
0.0 0.0 0.0
0.0 0.0 0.0
0.0 0.0 0.0
0.0 0.0 0.0
0.0 0.0 0.0
0.0 0.0 0.0
0.0 0.0 0.0
0.0 0.0 0.0
0.0 0.0 0.0
0.0 0.0 0.0
0.0 0.0 0.0
0.0 0.0 0.0
0.0 0.0 0.0
0.0 0.0 0.0
0.0 0.0 0.0
0.0 0.0 0.0
0.0 0.0 0.0
0.0 0.0 0.0
0.0 0.0 0.0
0.0 0.0 0.0
0.0 0.0 0.0
0.0 0.0 0.0
0.0 0.0 0.0
0.0 0.0 0.0
0.0 0.0 0.0
0.0 0.0 0.0
0.0 0.0 0.0
0.0 0.0 0.0
0.0 0.0 0.0
0.0 0.0 0.0
0.0 0.0 0.0
0.0 0.0 0.0
0.0 0.0 0.0
0.0 0.0 0.0
0.0 0.0 0.0
0.0 0.0 0.0
0.0 0.0 0.0
0.0 0.0 0.0
0.0 0.0 0.0
0.0 0.0 0.0
0.0 0.0 0.0
0.0 0.0 0.0
0.0 0.0 0.0
0.0 0.0 0.0
0.0 0.0 0.0
0.0 0.0 0.0
0.0 0.0 0.0
0.0 0.0 0.0
0.0 0.0 0.0
0.0 0.0 0.0
0.0 0.0 0.0
0.0 0.0 0.0
0.0 0.0 0.0
0.0 0.0 0.0
0.0 0.0 0.0
0.0 0.0 0.0
0.0 0.0 0.0
0.0 0.0 0.0
0.0 0.0 0.0
0.0 0.0 0.0
0.0 0.0 0.0
0.0 0.0 0.0
0.0 0.0 0.0
0.0 0.0 0.0
0.0 0.0 0.0
0.0 0.0 0.0
0.0 0.0 0.0
0.0 0.0 0.0
0.0 0.0 0.0
0.0 0.0 0.0
0.0 0.0 0.0
0.0 0.0 0.0
0.0 0.0 0.0
0.0 0.0 0.0
0.0 0.0 0.0
0.0 0.0 0.0
0.0 0.0 0.0
0.0 0.0 0.0
0.0 0.0 0.0
0.0 0.0 0.0
0.0 0.0 0.0
0.0 0.0 0.0
0.0 0.0 0.0
0.0 0.0 0.0
0.0 0.0 0.0
0.0 0.0 0.0
0.0 0.0 0.0
0.0 0.0 0.0
0.0 0.0 0.0
-5.975022315979004 31.816604614257812 -2.3906495571136475
0.0 0.0 0.0
0.0 0.0 0.0
-5.303477764129639 31.92538833618164 -2.4182674884796143
0.0 0.0 0.0
0.0 0.0 0.0
-4.609683513641357 31.84989356994629 -2.4310028553009033
0.0 0.0 0.0
-4.15880823135376 31.887210845947266 -2.443877935409546
-3.9532573223114014 32.05015182495117 -2.4615297317504883
0.0 0.0 0.0
0.0 0.0 0.0
0.0 0.0 0.0
0.0 0.0 0.0
0.0 0.0 0.0
-2.592128038406372 31.990768432617188 -2.4815917015075684
-2.361450433731079 31.9028377532959 -2.4778881072998047
0.0 0.0 0.0
0.0 0.0 0.0
0.0 0.0 0.0
0.0 0.0 0.0
-1.2569559812545776 32.21742630004883 -2.514535665512085
0.0 0.0 0.0
0.0 0.0 0.0
-0.5762392282485962 32.02215576171875 -2.5030534267425537
0.0 0.0 0.0
-0.13246510922908783 32.466896057128906 -2.5404579639434814
0.09261677414178848 32.15938186645508 -2.5163776874542236
0.3179127275943756 32.33708953857422 -2.5303871631622314
0.0 0.0 0.0
0.7730497121810913 32.383949279785156 -2.534637928009033
0.0 0.0 0.0
1.212641954421997 32.07835006713867 -2.509675979614258
0.0 0.0 0.0
1.684425711631775 32.48239517211914 -2.5391674041748047
0.0 0.0 0.0
2.133235216140747 32.413368225097656 -2.532086133956909
0.0 0.0 0.0
2.6060383319854736 32.6567268371582 -2.546631097793579
2.833052635192871 32.591182708740234 -2.539438247680664
3.0778043270111084 32.76484680175781 -2.5510361194610596
3.304273843765259 32.72739791870117 -2.5463075637817383
0.0 0.0 0.0
0.0 0.0 0.0
0.0 0.0 0.0
4.277376174926758 33.091400146484375 -2.561077833175659
0.0 0.0 0.0
0.0 0.0 0.0
4.9510650634765625 32.892494201660156 -2.53352427482605
0.0 0.0 0.0
5.441377639770508 32.99766159057617 -2.5326850414276123
5.694051742553711 33.093894958496094 -2.5357964038848877
0.0 0.0 0.0
0.0 0.0 0.0
6.450096607208252 33.314109802246094 -2.535064697265625
0.0 0.0 0.0
7.058661460876465 33.90049362182617 -2.56799578666687
7.214839935302734 33.48196029663086 -2.529386043548584
7.519073009490967 33.7511100769043 -2.5426549911499023
0.0 0.0 0.0
0.0 0.0 0.0
0.0 0.0 0.0
8.579438209533691 34.003173828125 -2.5325686931610107
0.0 0.0 0.0
0.0 0.0 0.0
0.0 0.0 0.0
9.685325622558594 34.32039260864258 -2.523367404937744
0.0 0.0 0.0
0.0 0.0 0.0
0.0 0.0 0.0
0.0 0.0 0.0
11.198248863220215 34.964805603027344 -2.521711826324463
0.0 0.0 0.0
0.0 0.0 0.0
0.0 0.0 0.0
0.0 0.0 0.0
0.0 0.0 0.0
0.0 0.0 0.0
0.0 0.0 0.0
0.0 0.0 0.0
0.0 0.0 0.0
0.0 0.0 0.0
0.0 0.0 0.0
15.021018028259277 36.161651611328125 -2.457628011703491
0.0 0.0 0.0
0.0 0.0 0.0
0.0 0.0 0.0
0.0 0.0 0.0
0.0 0.0 0.0
0.0 0.0 0.0
0.0 0.0 0.0
0.0 0.0 0.0
0.0 0.0 0.0
0.0 0.0 0.0
0.0 0.0 0.0
0.0 0.0 0.0
0.0 0.0 0.0
0.0 0.0 0.0
0.0 0.0 0.0
0.0 0.0 0.0
0.0 0.0 0.0
0.0 0.0 0.0
0.0 0.0 0.0
0.0 0.0 0.0
0.0 0.0 0.0
0.0 0.0 0.0
0.0 0.0 0.0
0.0 0.0 0.0
0.0 0.0 0.0
0.0 0.0 0.0
0.0 0.0 0.0
0.0 0.0 0.0
0.0 0.0 0.0
0.0 0.0 0.0
0.0 0.0 0.0
0.0 0.0 0.0
0.0 0.0 0.0
0.0 0.0 0.0
0.0 0.0 0.0
0.0 0.0 0.0
0.0 0.0 0.0
0.0 0.0 0.0
0.0 0.0 0.0
0.0 0.0 0.0
0.0 0.0 0.0
0.0 0.0 0.0
0.0 0.0 0.0
0.0 0.0 0.0
0.0 0.0 0.0
0.0 0.0 0.0
0.0 0.0 0.0
0.0 0.0 0.0
0.0 0.0 0.0
0.0 0.0 0.0
0.0 0.0 0.0
0.0 0.0 0.0
0.0 0.0 0.0
0.0 0.0 0.0
0.0 0.0 0.0
0.0 0.0 0.0
0.0 0.0 0.0
0.0 0.0 0.0
0.0 0.0 0.0
0.0 0.0 0.0
0.0 0.0 0.0
0.0 0.0 0.0
0.0 0.0 0.0
0.0 0.0 0.0
0.0 0.0 0.0
0.0 0.0 0.0
0.0 0.0 0.0
0.0 0.0 0.0
0.0 0.0 0.0
0.0 0.0 0.0
0.0 0.0 0.0
0.0 0.0 0.0
0.0 0.0 0.0
0.0 0.0 0.0
0.0 0.0 0.0
0.0 0.0 0.0
0.0 0.0 0.0
0.0 0.0 0.0
0.0 0.0 0.0
0.0 0.0 0.0
0.0 0.0 0.0
0.0 0.0 0.0
0.0 0.0 0.0
0.0 0.0 0.0
0.0 0.0 0.0
0.0 0.0 0.0
0.0 0.0 0.0
0.0 0.0 0.0
0.0 0.0 0.0
0.0 0.0 0.0
0.0 0.0 0.0
0.0 0.0 0.0
0.0 0.0 0.0
0.0 0.0 0.0
0.0 0.0 0.0
0.0 0.0 0.0
0.0 0.0 0.0
0.0 0.0 0.0
0.0 0.0 0.0
0.0 0.0 0.0
0.0 0.0 0.0
0.0 0.0 0.0
0.0 0.0 0.0
0.0 0.0 0.0
0.0 0.0 0.0
0.0 0.0 0.0
0.0 0.0 0.0
0.0 0.0 0.0
0.0 0.0 0.0
0.0 0.0 0.0
0.0 0.0 0.0
0.0 0.0 0.0
0.0 0.0 0.0
0.0 0.0 0.0
0.0 0.0 0.0
0.0 0.0 0.0
0.0 0.0 0.0
0.0 0.0 0.0
0.0 0.0 0.0
0.0 0.0 0.0
0.0 0.0 0.0
0.0 0.0 0.0
0.0 0.0 0.0
0.0 0.0 0.0
0.0 0.0 0.0
0.0 0.0 0.0
0.0 0.0 0.0
0.0 0.0 0.0
0.0 0.0 0.0
0.0 0.0 0.0
0.0 0.0 0.0
0.0 0.0 0.0
0.0 0.0 0.0
0.0 0.0 0.0
0.0 0.0 0.0
0.0 0.0 0.0
0.0 0.0 0.0
0.0 0.0 0.0
0.0 0.0 0.0
0.0 0.0 0.0
0.0 0.0 0.0
0.0 0.0 0.0
0.0 0.0 0.0
0.0 0.0 0.0
0.0 0.0 0.0
0.0 0.0 0.0
0.0 0.0 0.0
0.0 0.0 0.0
0.0 0.0 0.0
0.0 0.0 0.0
0.0 0.0 0.0
0.0 0.0 0.0
0.0 0.0 0.0
0.0 0.0 0.0
0.0 0.0 0.0
0.0 0.0 0.0
0.0 0.0 0.0
0.0 0.0 0.0
0.0 0.0 0.0
0.0 0.0 0.0
0.0 0.0 0.0
0.0 0.0 0.0
0.0 0.0 0.0
0.0 0.0 0.0
0.0 0.0 0.0
0.0 0.0 0.0
0.0 0.0 0.0
0.0 0.0 0.0
0.0 0.0 0.0
0.0 0.0 0.0
0.0 0.0 0.0
0.0 0.0 0.0
0.0 0.0 0.0
0.0 0.0 0.0
0.0 0.0 0.0
0.0 0.0 0.0
0.0 0.0 0.0
0.0 0.0 0.0
0.0 0.0 0.0
0.0 0.0 0.0
0.0 0.0 0.0
0.0 0.0 0.0
0.0 0.0 0.0
0.0 0.0 0.0
0.0 0.0 0.0
0.0 0.0 0.0
0.0 0.0 0.0
0.0 0.0 0.0
0.0 0.0 0.0
0.0 0.0 0.0
0.0 0.0 0.0
0.0 0.0 0.0
0.0 0.0 0.0
0.0 0.0 0.0
0.0 0.0 0.0
0.0 0.0 0.0
0.0 0.0 0.0
0.0 0.0 0.0
0.0 0.0 0.0
0.0 0.0 0.0
0.0 0.0 0.0
0.0 0.0 0.0
0.0 0.0 0.0
0.0 0.0 0.0
0.0 0.0 0.0
0.0 0.0 0.0
0.0 0.0 0.0
0.0 0.0 0.0
0.0 0.0 0.0
0.0 0.0 0.0
0.0 0.0 0.0
0.0 0.0 0.0
0.0 0.0 0.0
0.0 0.0 0.0
0.0 0.0 0.0
0.0 0.0 0.0
0.0 0.0 0.0
0.0 0.0 0.0
0.0 0.0 0.0
0.0 0.0 0.0
0.0 0.0 0.0
0.0 0.0 0.0
0.0 0.0 0.0
0.0 0.0 0.0
0.0 0.0 0.0
0.0 0.0 0.0
0.0 0.0 0.0
0.0 0.0 0.0
0.0 0.0 0.0
0.0 0.0 0.0
0.0 0.0 0.0
0.0 0.0 0.0
0.0 0.0 0.0
0.0 0.0 0.0
0.0 0.0 0.0
0.0 0.0 0.0
0.0 0.0 0.0
0.0 0.0 0.0
0.0 0.0 0.0
0.0 0.0 0.0
0.0 0.0 0.0
0.0 0.0 0.0
0.0 0.0 0.0
0.0 0.0 0.0
0.0 0.0 0.0
0.0 0.0 0.0
0.0 0.0 0.0
0.0 0.0 0.0
0.0 0.0 0.0
0.0 0.0 0.0
0.0 0.0 0.0
0.0 0.0 0.0
0.0 0.0 0.0
0.0 0.0 0.0
0.0 0.0 0.0
0.0 0.0 0.0
0.0 0.0 0.0
0.0 0.0 0.0
0.0 0.0 0.0
0.0 0.0 0.0
0.0 0.0 0.0
0.0 0.0 0.0
0.0 0.0 0.0
0.0 0.0 0.0
0.0 0.0 0.0
0.0 0.0 0.0
0.0 0.0 0.0
0.0 0.0 0.0
0.0 0.0 0.0
0.0 0.0 0.0
0.0 0.0 0.0
0.0 0.0 0.0
0.0 0.0 0.0
0.0 0.0 0.0
0.0 0.0 0.0
0.0 0.0 0.0
0.0 0.0 0.0
0.0 0.0 0.0
0.0 0.0 0.0
0.0 0.0 0.0
0.0 0.0 0.0
-5.488083839416504 32.327606201171875 -2.360609769821167
-5.2408552169799805 32.22978210449219 -2.3599653244018555
0.0 0.0 0.0
0.0 0.0 0.0
-4.530633926391602 32.10736083984375 -2.3669798374176025
-4.31808614730835 32.222564697265625 -2.3806450366973877
0.0 0.0 0.0
0.0 0.0 0.0
0.0 0.0 0.0
0.0 0.0 0.0
0.0 0.0 0.0
0.0 0.0 0.0
0.0 0.0 0.0
0.0 0.0 0.0
0.0 0.0 0.0
-2.0699102878570557 32.61234664916992 -2.4479353427886963
0.0 0.0 0.0
-1.5999773740768433 32.31449508666992 -2.4314422607421875
0.0 0.0 0.0
0.0 0.0 0.0
0.0 0.0 0.0
0.0 0.0 0.0
-0.47288650274276733 32.4549560546875 -2.450592041015625
-0.24270270764827728 32.39904022216797 -2.446519136428833
-0.01749812811613083 32.54014587402344 -2.4574410915374756
0.2098068743944168 32.70304870605469 -2.4701316356658936
0.43739765882492065 32.71635437011719 -2.4716439247131348
0.6714364886283875 33.03572463989258 -2.4964048862457275
0.8926095366477966 32.71494674682617 -2.4715545177459717
1.132251501083374 32.94146728515625 -2.487973928451538
1.355705976486206 32.79667282104492 -2.476480484008789
1.5956194400787354 33.031654357910156 -2.4937822818756104
1.82497239112854 33.00816345214844 -2.491687774658203
0.0 0.0 0.0
0.0 0.0 0.0
0.0 0.0 0.0
0.0 0.0 0.0
0.0 0.0 0.0
0.0 0.0 0.0
3.4723925590515137 33.222232818603516 -2.4928081035614014
3.6919822692871094 33.09308624267578 -2.4800689220428467
3.9353437423706055 33.17915725708008 -2.4835822582244873
0.0 0.0 0.0
4.422053813934326 33.31509780883789 -2.4873690605163574
4.676205158233643 33.414615631103516 -2.4905636310577393
4.91084623336792 33.39717102050781 -2.485217332839966
5.165650844573975 33.50898742675781 -2.489591121673584
5.4476823806762695 33.77656555175781 -2.505605697631836
0.0 0.0 0.0
0.0 0.0 0.0
6.1594953536987305 33.67960739135742 -2.482908010482788
0.0 0.0 0.0
0.0 0.0 0.0
0.0 0.0 0.0
7.2073893547058105 34.031429290771484 -2.486135959625244
0.0 0.0 0.0
0.0 0.0 0.0
7.945653438568115 33.98093032836914 -2.463597536087036
0.0 0.0 0.0
0.0 0.0 0.0
8.824075698852539 34.462337493896484 -2.4758193492889404
0.0 0.0 0.0
0.0 0.0 0.0
9.621563911437988 34.56249237060547 -2.4594385623931885
0.0 0.0 0.0
0.0 0.0 0.0
0.0 0.0 0.0
10.79991626739502 34.97593307495117 -2.453233480453491
0.0 0.0 0.0
0.0 0.0 0.0
0.0 0.0 0.0
0.0 0.0 0.0
0.0 0.0 0.0
0.0 0.0 0.0
0.0 0.0 0.0
0.0 0.0 0.0
0.0 0.0 0.0
0.0 0.0 0.0
0.0 0.0 0.0
14.728529930114746 36.54141616821289 -2.426128387451172
0.0 0.0 0.0
15.34277057647705 36.5781135559082 -2.4025065898895264
0.0 0.0 0.0
15.955634117126465 36.60294723510742 -2.375298500061035
0.0 0.0 0.0
0.0 0.0 0.0
17.291296005249023 37.499725341796875 -2.388047456741333
0.0 0.0 0.0
0.0 0.0 0.0
0.0 0.0 0.0
0.0 0.0 0.0
0.0 0.0 0.0
0.0 0.0 0.0
0.0 0.0 0.0
0.0 0.0 0.0
0.0 0.0 0.0
0.0 0.0 0.0
0.0 0.0 0.0
0.0 0.0 0.0
0.0 0.0 0.0
0.0 0.0 0.0
0.0 0.0 0.0
0.0 0.0 0.0
0.0 0.0 0.0
0.0 0.0 0.0
0.0 0.0 0.0
0.0 0.0 0.0
0.0 0.0 0.0
0.0 0.0 0.0
0.0 0.0 0.0
0.0 0.0 0.0
0.0 0.0 0.0
0.0 0.0 0.0
0.0 0.0 0.0
0.0 0.0 0.0
0.0 0.0 0.0
0.0 0.0 0.0
0.0 0.0 0.0
0.0 0.0 0.0
0.0 0.0 0.0
0.0 0.0 0.0
0.0 0.0 0.0
0.0 0.0 0.0
0.0 0.0 0.0
0.0 0.0 0.0
0.0 0.0 0.0
0.0 0.0 0.0
0.0 0.0 0.0
0.0 0.0 0.0
0.0 0.0 0.0
0.0 0.0 0.0
0.0 0.0 0.0
0.0 0.0 0.0
0.0 0.0 0.0
0.0 0.0 0.0
0.0 0.0 0.0
0.0 0.0 0.0
0.0 0.0 0.0
0.0 0.0 0.0
0.0 0.0 0.0
0.0 0.0 0.0
0.0 0.0 0.0
0.0 0.0 0.0
0.0 0.0 0.0
0.0 0.0 0.0
0.0 0.0 0.0
0.0 0.0 0.0
0.0 0.0 0.0
0.0 0.0 0.0
0.0 0.0 0.0
0.0 0.0 0.0
0.0 0.0 0.0
0.0 0.0 0.0
0.0 0.0 0.0
0.0 0.0 0.0
0.0 0.0 0.0
0.0 0.0 0.0
0.0 0.0 0.0
0.0 0.0 0.0
0.0 0.0 0.0
0.0 0.0 0.0
0.0 0.0 0.0
0.0 0.0 0.0
0.0 0.0 0.0
0.0 0.0 0.0
0.0 0.0 0.0
0.0 0.0 0.0
0.0 0.0 0.0
0.0 0.0 0.0
0.0 0.0 0.0
0.0 0.0 0.0
0.0 0.0 0.0
0.0 0.0 0.0
0.0 0.0 0.0
0.0 0.0 0.0
0.0 0.0 0.0
0.0 0.0 0.0
0.0 0.0 0.0
0.0 0.0 0.0
0.0 0.0 0.0
0.0 0.0 0.0
0.0 0.0 0.0
0.0 0.0 0.0
0.0 0.0 0.0
0.0 0.0 0.0
0.0 0.0 0.0
0.0 0.0 0.0
0.0 0.0 0.0
0.0 0.0 0.0
0.0 0.0 0.0
0.0 0.0 0.0
0.0 0.0 0.0
0.0 0.0 0.0
0.0 0.0 0.0
0.0 0.0 0.0
0.0 0.0 0.0
0.0 0.0 0.0
0.0 0.0 0.0
0.0 0.0 0.0
0.0 0.0 0.0
0.0 0.0 0.0
0.0 0.0 0.0
0.0 0.0 0.0
0.0 0.0 0.0
0.0 0.0 0.0
0.0 0.0 0.0
0.0 0.0 0.0
0.0 0.0 0.0
0.0 0.0 0.0
0.0 0.0 0.0
0.0 0.0 0.0
0.0 0.0 0.0
0.0 0.0 0.0
0.0 0.0 0.0
0.0 0.0 0.0
0.0 0.0 0.0
0.0 0.0 0.0
0.0 0.0 0.0
0.0 0.0 0.0
0.0 0.0 0.0
0.0 0.0 0.0
0.0 0.0 0.0
0.0 0.0 0.0
0.0 0.0 0.0
0.0 0.0 0.0
0.0 0.0 0.0
0.0 0.0 0.0
0.0 0.0 0.0
0.0 0.0 0.0
0.0 0.0 0.0
0.0 0.0 0.0
0.0 0.0 0.0
0.0 0.0 0.0
0.0 0.0 0.0
0.0 0.0 0.0
0.0 0.0 0.0
0.0 0.0 0.0
0.0 0.0 0.0
0.0 0.0 0.0
0.0 0.0 0.0
0.0 0.0 0.0
0.0 0.0 0.0
0.0 0.0 0.0
0.0 0.0 0.0
0.0 0.0 0.0
0.0 0.0 0.0
0.0 0.0 0.0
0.0 0.0 0.0
0.0 0.0 0.0
0.0 0.0 0.0
0.0 0.0 0.0
0.0 0.0 0.0
0.0 0.0 0.0
0.0 0.0 0.0
0.0 0.0 0.0
0.0 0.0 0.0
0.0 0.0 0.0
0.0 0.0 0.0
0.0 0.0 0.0
0.0 0.0 0.0
0.0 0.0 0.0
0.0 0.0 0.0
0.0 0.0 0.0
0.0 0.0 0.0
0.0 0.0 0.0
0.0 0.0 0.0
0.0 0.0 0.0
0.0 0.0 0.0
0.0 0.0 0.0
-68.47235107421875 141.919921875 9.544305801391602
0.0 0.0 0.0
0.0 0.0 0.0
0.0 0.0 0.0
0.0 0.0 0.0
0.0 0.0 0.0
0.0 0.0 0.0
0.0 0.0 0.0
0.0 0.0 0.0
0.0 0.0 0.0
0.0 0.0 0.0
0.0 0.0 0.0
0.0 0.0 0.0
0.0 0.0 0.0
0.0 0.0 0.0
0.0 0.0 0.0
0.0 0.0 0.0
0.0 0.0 0.0
0.0 0.0 0.0
0.0 0.0 0.0
0.0 0.0 0.0
0.0 0.0 0.0
0.0 0.0 0.0
0.0 0.0 0.0
0.0 0.0 0.0
0.0 0.0 0.0
0.0 0.0 0.0
0.0 0.0 0.0
0.0 0.0 0.0
0.0 0.0 0.0
0.0 0.0 0.0
0.0 0.0 0.0
0.0 0.0 0.0
0.0 0.0 0.0
0.0 0.0 0.0
0.0 0.0 0.0
0.0 0.0 0.0
0.0 0.0 0.0
0.0 0.0 0.0
0.0 0.0 0.0
0.0 0.0 0.0
0.0 0.0 0.0
0.0 0.0 0.0
0.0 0.0 0.0
0.0 0.0 0.0
0.0 0.0 0.0
0.0 0.0 0.0
0.0 0.0 0.0
0.0 0.0 0.0
0.0 0.0 0.0
0.0 0.0 0.0
0.0 0.0 0.0
0.0 0.0 0.0
0.0 0.0 0.0
0.0 0.0 0.0
0.0 0.0 0.0
0.0 0.0 0.0
0.0 0.0 0.0
0.0 0.0 0.0
0.0 0.0 0.0
0.0 0.0 0.0
0.0 0.0 0.0
0.0 0.0 0.0
0.0 0.0 0.0
0.0 0.0 0.0
0.0 0.0 0.0
0.0 0.0 0.0
0.0 0.0 0.0
0.0 0.0 0.0
0.0 0.0 0.0
0.0 0.0 0.0
0.0 0.0 0.0
0.0 0.0 0.0
0.0 0.0 0.0
0.0 0.0 0.0
0.0 0.0 0.0
0.0 0.0 0.0
0.0 0.0 0.0
0.0 0.0 0.0
0.0 0.0 0.0
0.0 0.0 0.0
0.0 0.0 0.0
0.0 0.0 0.0
0.0 0.0 0.0
0.0 0.0 0.0
0.0 0.0 0.0
0.0 0.0 0.0
0.0 0.0 0.0
0.0 0.0 0.0
0.0 0.0 0.0
0.0 0.0 0.0
0.0 0.0 0.0
0.0 0.0 0.0
-5.446322441101074 32.786521911621094 -2.316183090209961
0.0 0.0 0.0
0.0 0.0 0.0
0.0 0.0 0.0
0.0 0.0 0.0
0.0 0.0 0.0
0.0 0.0 0.0
-3.8096094131469727 32.758277893066406 -2.3475422859191895
0.0 0.0 0.0
0.0 0.0 0.0
0.0 0.0 0.0
0.0 0.0 0.0
0.0 0.0 0.0
0.0 0.0 0.0
-2.197474241256714 32.774417877197266 -2.372812509536743
-1.954403042793274 32.609962463378906 -2.364145517349243
0.0 0.0 0.0
0.0 0.0 0.0
0.0 0.0 0.0
0.0 0.0 0.0
-0.8160595893859863 32.700252532958984 -2.379598379135132
-0.5953003764152527 33.07120895385742 -2.4074432849884033
-0.3632742166519165 32.918663024902344 -2.3969333171844482
0.0 0.0 0.0
0.09478423744440079 32.978851318359375 -2.4028542041778564
0.32313770055770874 32.87604522705078 -2.396304130554199
0.0 0.0 0.0
0.7912155985832214 33.15656661987305 -2.4162485599517822
0.0 0.0 0.0
1.2563740015029907 33.23979949951172 -2.4216148853302
1.4818336963653564 33.105777740478516 -2.4116783142089844
0.0 0.0 0.0
0.0 0.0 0.0
2.195540189743042 33.359432220458984 -2.4262614250183105
2.45171856880188 33.67771911621094 -2.4480464458465576
2.663454294204712 33.37651443481445 -2.4249134063720703
2.8941762447357178 33.29886245727539 -2.4175615310668945
0.0 0.0 0.0
3.3825674057006836 33.507957458496094 -2.4274446964263916
0.0 0.0 0.0
3.8532891273498535 33.50084686279297 -2.422088861465454
4.102809906005859 33.5775260925293 -2.424949884414673
0.0 0.0 0.0
0.0 0.0 0.0
0.0 0.0 0.0
0.0 0.0 0.0
0.0 0.0 0.0
5.606671333312988 33.99807357788086 -2.431652784347534
0.0 0.0 0.0
6.162433624267578 34.3819580078125 -2.449378490447998
0.0 0.0 0.0
6.607738971710205 34.12565231323242 -2.4217119216918945
0.0 0.0 0.0
0.0 0.0 0.0
7.3901047706604 34.29377746582031 -2.4154820442199707
0.0 0.0 0.0
0.0 0.0 0.0
0.0 0.0 0.0
0.0 0.0 0.0
8.80712604522705 34.90654373168945 -2.4250245094299316
0.0 0.0 0.0
0.0 0.0 0.0
9.634337425231934 35.06589126586914 -2.4132275581359863
0.0 0.0 0.0
0.0 0.0 0.0
0.0 0.0 0.0
0.0 0.0 0.0
0.0 0.0 0.0
0.0 0.0 0.0
0.0 0.0 0.0
0.0 0.0 0.0
0.0 0.0 0.0
0.0 0.0 0.0
0.0 0.0 0.0
0.0 0.0 0.0
0.0 0.0 0.0
0.0 0.0 0.0
0.0 0.0 0.0
0.0 0.0 0.0
0.0 0.0 0.0
0.0 0.0 0.0
0.0 0.0 0.0
0.0 0.0 0.0
0.0 0.0 0.0
0.0 0.0 0.0
0.0 0.0 0.0
0.0 0.0 0.0
0.0 0.0 0.0
0.0 0.0 0.0
0.0 0.0 0.0
0.0 0.0 0.0
0.0 0.0 0.0
0.0 0.0 0.0
0.0 0.0 0.0
0.0 0.0 0.0
0.0 0.0 0.0
0.0 0.0 0.0
0.0 0.0 0.0
0.0 0.0 0.0
0.0 0.0 0.0
0.0 0.0 0.0
0.0 0.0 0.0
0.0 0.0 0.0
0.0 0.0 0.0
0.0 0.0 0.0
0.0 0.0 0.0
0.0 0.0 0.0
0.0 0.0 0.0
0.0 0.0 0.0
0.0 0.0 0.0
0.0 0.0 0.0
0.0 0.0 0.0
0.0 0.0 0.0
0.0 0.0 0.0
0.0 0.0 0.0
0.0 0.0 0.0
0.0 0.0 0.0
0.0 0.0 0.0
0.0 0.0 0.0
0.0 0.0 0.0
0.0 0.0 0.0
0.0 0.0 0.0
0.0 0.0 0.0
0.0 0.0 0.0
0.0 0.0 0.0
0.0 0.0 0.0
0.0 0.0 0.0
0.0 0.0 0.0
0.0 0.0 0.0
0.0 0.0 0.0
0.0 0.0 0.0
0.0 0.0 0.0
0.0 0.0 0.0
0.0 0.0 0.0
0.0 0.0 0.0
0.0 0.0 0.0
0.0 0.0 0.0
0.0 0.0 0.0
0.0 0.0 0.0
0.0 0.0 0.0
0.0 0.0 0.0
0.0 0.0 0.0
0.0 0.0 0.0
0.0 0.0 0.0
0.0 0.0 0.0
0.0 0.0 0.0
0.0 0.0 0.0
0.0 0.0 0.0
0.0 0.0 0.0
0.0 0.0 0.0
0.0 0.0 0.0
0.0 0.0 0.0
0.0 0.0 0.0
0.0 0.0 0.0
0.0 0.0 0.0
0.0 0.0 0.0
0.0 0.0 0.0
0.0 0.0 0.0
0.0 0.0 0.0
0.0 0.0 0.0
0.0 0.0 0.0
0.0 0.0 0.0
0.0 0.0 0.0
0.0 0.0 0.0
0.0 0.0 0.0
0.0 0.0 0.0
0.0 0.0 0.0
0.0 0.0 0.0
0.0 0.0 0.0
0.0 0.0 0.0
0.0 0.0 0.0
0.0 0.0 0.0
0.0 0.0 0.0
0.0 0.0 0.0
0.0 0.0 0.0
0.0 0.0 0.0
0.0 0.0 0.0
0.0 0.0 0.0
0.0 0.0 0.0
0.0 0.0 0.0
0.0 0.0 0.0
0.0 0.0 0.0
0.0 0.0 0.0
0.0 0.0 0.0
0.0 0.0 0.0
0.0 0.0 0.0
0.0 0.0 0.0
0.0 0.0 0.0
0.0 0.0 0.0
0.0 0.0 0.0
0.0 0.0 0.0
0.0 0.0 0.0
0.0 0.0 0.0
0.0 0.0 0.0
0.0 0.0 0.0
0.0 0.0 0.0
0.0 0.0 0.0
0.0 0.0 0.0
0.0 0.0 0.0
0.0 0.0 0.0
0.0 0.0 0.0
0.0 0.0 0.0
0.0 0.0 0.0
0.0 0.0 0.0
0.0 0.0 0.0
0.0 0.0 0.0
0.0 0.0 0.0
0.0 0.0 0.0
0.0 0.0 0.0
0.0 0.0 0.0
0.0 0.0 0.0
0.0 0.0 0.0
0.0 0.0 0.0
0.0 0.0 0.0
0.0 0.0 0.0
0.0 0.0 0.0
0.0 0.0 0.0
0.0 0.0 0.0
0.0 0.0 0.0
0.0 0.0 0.0
0.0 0.0 0.0
0.0 0.0 0.0
0.0 0.0 0.0
0.0 0.0 0.0
0.0 0.0 0.0
0.0 0.0 0.0
0.0 0.0 0.0
0.0 0.0 0.0
0.0 0.0 0.0
0.0 0.0 0.0
0.0 0.0 0.0
0.0 0.0 0.0
0.0 0.0 0.0
0.0 0.0 0.0
0.0 0.0 0.0
0.0 0.0 0.0
0.0 0.0 0.0
0.0 0.0 0.0
0.0 0.0 0.0
0.0 0.0 0.0
0.0 0.0 0.0
0.0 0.0 0.0
0.0 0.0 0.0
0.0 0.0 0.0
0.0 0.0 0.0
0.0 0.0 0.0
0.0 0.0 0.0
0.0 0.0 0.0
0.0 0.0 0.0
0.0 0.0 0.0
0.0 0.0 0.0
0.0 0.0 0.0
0.0 0.0 0.0
0.0 0.0 0.0
0.0 0.0 0.0
0.0 0.0 0.0
0.0 0.0 0.0
0.0 0.0 0.0
0.0 0.0 0.0
0.0 0.0 0.0
0.0 0.0 0.0
0.0 0.0 0.0
0.0 0.0 0.0
0.0 0.0 0.0
0.0 0.0 0.0
0.0 0.0 0.0
0.0 0.0 0.0
0.0 0.0 0.0
0.0 0.0 0.0
0.0 0.0 0.0
0.0 0.0 0.0
0.0 0.0 0.0
0.0 0.0 0.0
0.0 0.0 0.0
0.0 0.0 0.0
0.0 0.0 0.0
0.0 0.0 0.0
0.0 0.0 0.0
0.0 0.0 0.0
0.0 0.0 0.0
0.0 0.0 0.0
0.0 0.0 0.0
0.0 0.0 0.0
0.0 0.0 0.0
0.0 0.0 0.0
0.0 0.0 0.0
0.0 0.0 0.0
0.0 0.0 0.0
0.0 0.0 0.0
0.0 0.0 0.0
0.0 0.0 0.0
0.0 0.0 0.0
0.0 0.0 0.0
0.0 0.0 0.0
0.0 0.0 0.0
0.0 0.0 0.0
0.0 0.0 0.0
0.0 0.0 0.0
0.0 0.0 0.0
0.0 0.0 0.0
0.0 0.0 0.0
0.0 0.0 0.0
0.0 0.0 0.0
0.0 0.0 0.0
0.0 0.0 0.0
0.0 0.0 0.0
0.0 0.0 0.0
0.0 0.0 0.0
0.0 0.0 0.0
0.0 0.0 0.0
-20.84784507751465 35.45745086669922 -1.7141557931900024
0.0 0.0 0.0
0.0 0.0 0.0
0.0 0.0 0.0
0.0 0.0 0.0
0.0 0.0 0.0
0.0 0.0 0.0
0.0 0.0 0.0
0.0 0.0 0.0
0.0 0.0 0.0
0.0 0.0 0.0
0.0 0.0 0.0
0.0 0.0 0.0
0.0 0.0 0.0
0.0 0.0 0.0
0.0 0.0 0.0
0.0 0.0 0.0
0.0 0.0 0.0
0.0 0.0 0.0
0.0 0.0 0.0
0.0 0.0 0.0
0.0 0.0 0.0
0.0 0.0 0.0
0.0 0.0 0.0
0.0 0.0 0.0
0.0 0.0 0.0
0.0 0.0 0.0
0.0 0.0 0.0
0.0 0.0 0.0
-11.400129318237305 33.41502380371094 -2.0764026641845703
0.0 0.0 0.0
0.0 0.0 0.0
0.0 0.0 0.0
0.0 0.0 0.0
0.0 0.0 0.0
0.0 0.0 0.0
0.0 0.0 0.0
0.0 0.0 0.0
0.0 0.0 0.0
0.0 0.0 0.0
0.0 0.0 0.0
0.0 0.0 0.0
0.0 0.0 0.0
0.0 0.0 0.0
0.0 0.0 0.0
0.0 0.0 0.0
0.0 0.0 0.0
0.0 0.0 0.0
0.0 0.0 0.0
0.0 0.0 0.0
-6.057694435119629 32.904502868652344 -2.223247528076172
0.0 0.0 0.0
0.0 0.0 0.0
0.0 0.0 0.0
-5.078993320465088 32.69677734375 -2.2314908504486084
0.0 0.0 0.0
0.0 0.0 0.0
0.0 0.0 0.0
0.0 0.0 0.0
0.0 0.0 0.0
0.0 0.0 0.0
0.0 0.0 0.0
0.0 0.0 0.0
-3.0462396144866943 33.25374984741211 -2.3080954551696777
0.0 0.0 0.0
0.0 0.0 0.0
0.0 0.0 0.0
0.0 0.0 0.0
-1.8764525651931763 33.210060119628906 -2.3187224864959717
0.0 0.0 0.0
0.0 0.0 0.0
0.0 0.0 0.0
-0.9498423933982849 33.32671356201172 -2.334451198577881
0.0 0.0 0.0
-0.48392316699028015 33.18457794189453 -2.3262314796447754
-0.25132879614830017 33.510498046875 -2.3501455783843994
-0.018009474501013756 33.09830856323242 -2.3223860263824463
0.21379199624061584 33.34307098388672 -2.3402743339538574
0.4467703104019165 33.41872787475586 -2.345353364944458
0.6834248304367065 33.62132263183594 -2.3594532012939453
0.0 0.0 0.0
0.0 0.0 0.0
0.0 0.0 0.0
0.0 0.0 0.0
0.0 0.0 0.0
0.0 0.0 0.0
2.3541347980499268 33.92926025390625 -2.3763980865478516
0.0 0.0 0.0
2.7940406799316406 33.51306915283203 -2.344092607498169
3.0861103534698486 34.148983001708984 -2.3864026069641113
0.0 0.0 0.0
0.0 0.0 0.0
0.0 0.0 0.0
4.02569580078125 33.938316345214844 -2.362656831741333
0.0 0.0 0.0
0.0 0.0 0.0
0.0 0.0 0.0
0.0 0.0 0.0
5.302002429962158 34.39542770385742 -2.377796173095703
5.5552659034729 34.44670486450195 -2.3770148754119873
5.750253200531006 34.14250183105469 -2.3518340587615967
0.0 0.0 0.0
0.0 0.0 0.0
6.568850517272949 34.559513092041016 -2.3671674728393555
6.858169078826904 34.762115478515625 -2.3755037784576416
7.114696979522705 34.786705017089844 -2.371739149093628
7.383508682250977 34.86272430419922 -2.371558666229248
0.0 0.0 0.0
0.0 0.0 0.0
0.0 0.0 0.0
0.0 0.0 0.0
0.0 0.0 0.0
0.0 0.0 0.0
0.0 0.0 0.0
0.0 0.0 0.0
0.0 0.0 0.0
0.0 0.0 0.0
0.0 0.0 0.0
0.0 0.0 0.0
0.0 0.0 0.0
0.0 0.0 0.0
0.0 0.0 0.0
0.0 0.0 0.0
0.0 0.0 0.0
0.0 0.0 0.0
0.0 0.0 0.0
0.0 0.0 0.0
0.0 0.0 0.0
0.0 0.0 0.0
0.0 0.0 0.0
0.0 0.0 0.0
0.0 0.0 0.0
0.0 0.0 0.0
0.0 0.0 0.0
0.0 0.0 0.0
0.0 0.0 0.0
0.0 0.0 0.0
0.0 0.0 0.0
0.0 0.0 0.0
0.0 0.0 0.0
0.0 0.0 0.0
0.0 0.0 0.0
0.0 0.0 0.0
0.0 0.0 0.0
0.0 0.0 0.0
0.0 0.0 0.0
0.0 0.0 0.0
0.0 0.0 0.0
0.0 0.0 0.0
0.0 0.0 0.0
0.0 0.0 0.0
0.0 0.0 0.0
0.0 0.0 0.0
0.0 0.0 0.0
0.0 0.0 0.0
0.0 0.0 0.0
0.0 0.0 0.0
0.0 0.0 0.0
0.0 0.0 0.0
0.0 0.0 0.0
0.0 0.0 0.0
0.0 0.0 0.0
0.0 0.0 0.0
0.0 0.0 0.0
0.0 0.0 0.0
0.0 0.0 0.0
0.0 0.0 0.0
0.0 0.0 0.0
0.0 0.0 0.0
0.0 0.0 0.0
0.0 0.0 0.0
0.0 0.0 0.0
0.0 0.0 0.0
0.0 0.0 0.0
0.0 0.0 0.0
0.0 0.0 0.0
0.0 0.0 0.0
0.0 0.0 0.0
0.0 0.0 0.0
0.0 0.0 0.0
0.0 0.0 0.0
0.0 0.0 0.0
0.0 0.0 0.0
0.0 0.0 0.0
0.0 0.0 0.0
0.0 0.0 0.0
0.0 0.0 0.0
0.0 0.0 0.0
0.0 0.0 0.0
0.0 0.0 0.0
0.0 0.0 0.0
0.0 0.0 0.0
0.0 0.0 0.0
0.0 0.0 0.0
0.0 0.0 0.0
0.0 0.0 0.0
0.0 0.0 0.0
0.0 0.0 0.0
0.0 0.0 0.0
0.0 0.0 0.0
0.0 0.0 0.0
0.0 0.0 0.0
0.0 0.0 0.0
0.0 0.0 0.0
0.0 0.0 0.0
0.0 0.0 0.0
0.0 0.0 0.0
0.0 0.0 0.0
0.0 0.0 0.0
0.0 0.0 0.0
0.0 0.0 0.0
0.0 0.0 0.0
0.0 0.0 0.0
0.0 0.0 0.0
0.0 0.0 0.0
0.0 0.0 0.0
0.0 0.0 0.0
0.0 0.0 0.0
0.0 0.0 0.0
0.0 0.0 0.0
0.0 0.0 0.0
0.0 0.0 0.0
0.0 0.0 0.0
0.0 0.0 0.0
0.0 0.0 0.0
0.0 0.0 0.0
0.0 0.0 0.0
0.0 0.0 0.0
0.0 0.0 0.0
0.0 0.0 0.0
0.0 0.0 0.0
0.0 0.0 0.0
0.0 0.0 0.0
0.0 0.0 0.0
0.0 0.0 0.0
0.0 0.0 0.0
0.0 0.0 0.0
0.0 0.0 0.0
0.0 0.0 0.0
0.0 0.0 0.0
0.0 0.0 0.0
0.0 0.0 0.0
0.0 0.0 0.0
0.0 0.0 0.0
0.0 0.0 0.0
0.0 0.0 0.0
0.0 0.0 0.0
0.0 0.0 0.0
0.0 0.0 0.0
0.0 0.0 0.0
0.0 0.0 0.0
0.0 0.0 0.0
0.0 0.0 0.0
0.0 0.0 0.0
0.0 0.0 0.0
0.0 0.0 0.0
0.0 0.0 0.0
0.0 0.0 0.0
0.0 0.0 0.0
0.0 0.0 0.0
0.0 0.0 0.0
0.0 0.0 0.0
0.0 0.0 0.0
0.0 0.0 0.0
0.0 0.0 0.0
0.0 0.0 0.0
0.0 0.0 0.0
0.0 0.0 0.0
0.0 0.0 0.0
0.0 0.0 0.0
0.0 0.0 0.0
0.0 0.0 0.0
0.0 0.0 0.0
0.0 0.0 0.0
0.0 0.0 0.0
0.0 0.0 0.0
0.0 0.0 0.0
0.0 0.0 0.0
0.0 0.0 0.0
0.0 0.0 0.0
0.0 0.0 0.0
0.0 0.0 0.0
0.0 0.0 0.0
0.0 0.0 0.0
0.0 0.0 0.0
0.0 0.0 0.0
0.0 0.0 0.0
0.0 0.0 0.0
0.0 0.0 0.0
0.0 0.0 0.0
0.0 0.0 0.0
0.0 0.0 0.0
0.0 0.0 0.0
0.0 0.0 0.0
0.0 0.0 0.0
0.0 0.0 0.0
0.0 0.0 0.0
0.0 0.0 0.0
0.0 0.0 0.0
0.0 0.0 0.0
0.0 0.0 0.0
0.0 0.0 0.0
0.0 0.0 0.0
0.0 0.0 0.0
0.0 0.0 0.0
0.0 0.0 0.0
0.0 0.0 0.0
0.0 0.0 0.0
0.0 0.0 0.0
0.0 0.0 0.0
0.0 0.0 0.0
0.0 0.0 0.0
0.0 0.0 0.0
0.0 0.0 0.0
0.0 0.0 0.0
0.0 0.0 0.0
0.0 0.0 0.0
0.0 0.0 0.0
0.0 0.0 0.0
0.0 0.0 0.0
0.0 0.0 0.0
0.0 0.0 0.0
0.0 0.0 0.0
0.0 0.0 0.0
0.0 0.0 0.0
0.0 0.0 0.0
0.0 0.0 0.0
0.0 0.0 0.0
0.0 0.0 0.0
0.0 0.0 0.0
0.0 0.0 0.0
0.0 0.0 0.0
0.0 0.0 0.0
0.0 0.0 0.0
0.0 0.0 0.0
0.0 0.0 0.0
0.0 0.0 0.0
0.0 0.0 0.0
0.0 0.0 0.0
0.0 0.0 0.0
0.0 0.0 0.0
0.0 0.0 0.0
0.0 0.0 0.0
0.0 0.0 0.0
0.0 0.0 0.0
0.0 0.0 0.0
0.0 0.0 0.0
0.0 0.0 0.0
0.0 0.0 0.0
0.0 0.0 0.0
0.0 0.0 0.0
0.0 0.0 0.0
0.0 0.0 0.0
0.0 0.0 0.0
0.0 0.0 0.0
0.0 0.0 0.0
0.0 0.0 0.0
0.0 0.0 0.0
0.0 0.0 0.0
0.0 0.0 0.0
0.0 0.0 0.0
0.0 0.0 0.0
0.0 0.0 0.0
0.0 0.0 0.0
0.0 0.0 0.0
0.0 0.0 0.0
0.0 0.0 0.0
0.0 0.0 0.0
0.0 0.0 0.0
0.0 0.0 0.0
0.0 0.0 0.0
0.0 0.0 0.0
0.0 0.0 0.0
0.0 0.0 0.0
0.0 0.0 0.0
0.0 0.0 0.0
0.0 0.0 0.0
0.0 0.0 0.0
-15.21767520904541 34.43022537231445 -1.9036965370178223
0.0 0.0 0.0
0.0 0.0 0.0
0.0 0.0 0.0
0.0 0.0 0.0
0.0 0.0 0.0
0.0 0.0 0.0
0.0 0.0 0.0
0.0 0.0 0.0
0.0 0.0 0.0
0.0 0.0 0.0
0.0 0.0 0.0
0.0 0.0 0.0
0.0 0.0 0.0
-11.151673316955566 33.851036071777344 -2.0449626445770264
0.0 0.0 0.0
0.0 0.0 0.0
0.0 0.0 0.0
0.0 0.0 0.0
0.0 0.0 0.0
0.0 0.0 0.0
0.0 0.0 0.0
0.0 0.0 0.0
0.0 0.0 0.0
0.0 0.0 0.0
0.0 0.0 0.0
0.0 0.0 0.0
0.0 0.0 0.0
0.0 0.0 0.0
0.0 0.0 0.0
0.0 0.0 0.0
-6.770188808441162 33.476566314697266 -2.1620473861694336
-6.486873149871826 33.265926361083984 -2.154940605163574
0.0 0.0 0.0
-6.019957065582275 33.33659362792969 -2.171635389328003
0.0 0.0 0.0
0.0 0.0 0.0
0.0 0.0 0.0
0.0 0.0 0.0
-4.816617488861084 33.281005859375 -2.193657875061035
0.0 0.0 0.0
0.0 0.0 0.0
-4.136768817901611 33.53602981567383 -2.2234935760498047
0.0 0.0 0.0
0.0 0.0 0.0
0.0 0.0 0.0
0.0 0.0 0.0
0.0 0.0 0.0
0.0 0.0 0.0
0.0 0.0 0.0
0.0 0.0 0.0
-2.0058960914611816 33.47797393798828 -2.2481532096862793
-1.7763561010360718 33.55317687988281 -2.255498170852661
0.0 0.0 0.0
0.0 0.0 0.0
0.0 0.0 0.0
-0.844423234462738 33.84235382080078 -2.2816247940063477
0.0 0.0 0.0
0.0 0.0 0.0
0.0 0.0 0.0
0.0 0.0 0.0
0.0 0.0 0.0
0.0 0.0 0.0
0.0 0.0 0.0
1.049566626548767 34.039093017578125 -2.2994375228881836
0.0 0.0 0.0
1.5202795267105103 33.95911407470703 -2.2920401096343994
0.0 0.0 0.0
0.0 0.0 0.0
0.0 0.0 0.0
0.0 0.0 0.0
0.0 0.0 0.0
3.0081021785736084 34.60410690307617 -2.3274803161621094
3.215991735458374 34.23331832885742 -2.3007736206054688
0.0 0.0 0.0
0.0 0.0 0.0
0.0 0.0 0.0
0.0 0.0 0.0
4.445866584777832 34.391639709472656 -2.298548460006714
4.682791709899902 34.344764709472656 -2.292738914489746
0.0 0.0 0.0
0.0 0.0 0.0
0.0 0.0 0.0
5.729617118835449 34.74055480957031 -2.3038241863250732
0.0 0.0 0.0
0.0 0.0 0.0
0.0 0.0 0.0
0.0 0.0 0.0
0.0 0.0 0.0
0.0 0.0 0.0
0.0 0.0 0.0
0.0 0.0 0.0
8.17331314086914 35.52204895019531 -2.3113770484924316
0.0 0.0 0.0
0.0 0.0 0.0
8.932719230651855 35.40898132324219 -2.2863385677337646
0.0 0.0 0.0
0.0 0.0 0.0
0.0 0.0 0.0
0.0 0.0 0.0
0.0 0.0 0.0
0.0 0.0 0.0
0.0 0.0 0.0
0.0 0.0 0.0
0.0 0.0 0.0
12.019081115722656 36.64828109741211 -2.2893624305725098
0.0 0.0 0.0
0.0 0.0 0.0
0.0 0.0 0.0
0.0 0.0 0.0
0.0 0.0 0.0
0.0 0.0 0.0
0.0 0.0 0.0
0.0 0.0 0.0
0.0 0.0 0.0
0.0 0.0 0.0
0.0 0.0 0.0
0.0 0.0 0.0
0.0 0.0 0.0
0.0 0.0 0.0
0.0 0.0 0.0
0.0 0.0 0.0
0.0 0.0 0.0
0.0 0.0 0.0
0.0 0.0 0.0
0.0 0.0 0.0
0.0 0.0 0.0
0.0 0.0 0.0
0.0 0.0 0.0
0.0 0.0 0.0
0.0 0.0 0.0
0.0 0.0 0.0
0.0 0.0 0.0
0.0 0.0 0.0
0.0 0.0 0.0
0.0 0.0 0.0
0.0 0.0 0.0
0.0 0.0 0.0
0.0 0.0 0.0
0.0 0.0 0.0
0.0 0.0 0.0
0.0 0.0 0.0
0.0 0.0 0.0
0.0 0.0 0.0
0.0 0.0 0.0
0.0 0.0 0.0
0.0 0.0 0.0
0.0 0.0 0.0
0.0 0.0 0.0
0.0 0.0 0.0
0.0 0.0 0.0
0.0 0.0 0.0
0.0 0.0 0.0
0.0 0.0 0.0
0.0 0.0 0.0
0.0 0.0 0.0
0.0 0.0 0.0
0.0 0.0 0.0
0.0 0.0 0.0
0.0 0.0 0.0
0.0 0.0 0.0
0.0 0.0 0.0
0.0 0.0 0.0
0.0 0.0 0.0
0.0 0.0 0.0
0.0 0.0 0.0
0.0 0.0 0.0
0.0 0.0 0.0
0.0 0.0 0.0
0.0 0.0 0.0
0.0 0.0 0.0
0.0 0.0 0.0
0.0 0.0 0.0
0.0 0.0 0.0
0.0 0.0 0.0
0.0 0.0 0.0
0.0 0.0 0.0
0.0 0.0 0.0
0.0 0.0 0.0
0.0 0.0 0.0
0.0 0.0 0.0
0.0 0.0 0.0
0.0 0.0 0.0
0.0 0.0 0.0
0.0 0.0 0.0
0.0 0.0 0.0
0.0 0.0 0.0
0.0 0.0 0.0
0.0 0.0 0.0
0.0 0.0 0.0
0.0 0.0 0.0
0.0 0.0 0.0
0.0 0.0 0.0
0.0 0.0 0.0
0.0 0.0 0.0
0.0 0.0 0.0
0.0 0.0 0.0
0.0 0.0 0.0
0.0 0.0 0.0
0.0 0.0 0.0
0.0 0.0 0.0
0.0 0.0 0.0
0.0 0.0 0.0
0.0 0.0 0.0
0.0 0.0 0.0
0.0 0.0 0.0
0.0 0.0 0.0
0.0 0.0 0.0
0.0 0.0 0.0
0.0 0.0 0.0
0.0 0.0 0.0
0.0 0.0 0.0
0.0 0.0 0.0
0.0 0.0 0.0
0.0 0.0 0.0
0.0 0.0 0.0
0.0 0.0 0.0
0.0 0.0 0.0
0.0 0.0 0.0
0.0 0.0 0.0
0.0 0.0 0.0
0.0 0.0 0.0
0.0 0.0 0.0
0.0 0.0 0.0
0.0 0.0 0.0
0.0 0.0 0.0
0.0 0.0 0.0
0.0 0.0 0.0
0.0 0.0 0.0
0.0 0.0 0.0
0.0 0.0 0.0
0.0 0.0 0.0
0.0 0.0 0.0
0.0 0.0 0.0
0.0 0.0 0.0
0.0 0.0 0.0
0.0 0.0 0.0
0.0 0.0 0.0
0.0 0.0 0.0
0.0 0.0 0.0
0.0 0.0 0.0
0.0 0.0 0.0
0.0 0.0 0.0
0.0 0.0 0.0
0.0 0.0 0.0
0.0 0.0 0.0
0.0 0.0 0.0
0.0 0.0 0.0
0.0 0.0 0.0
0.0 0.0 0.0
0.0 0.0 0.0
0.0 0.0 0.0
0.0 0.0 0.0
0.0 0.0 0.0
0.0 0.0 0.0
0.0 0.0 0.0
0.0 0.0 0.0
0.0 0.0 0.0
0.0 0.0 0.0
0.0 0.0 0.0
0.0 0.0 0.0
0.0 0.0 0.0
0.0 0.0 0.0
0.0 0.0 0.0
0.0 0.0 0.0
0.0 0.0 0.0
0.0 0.0 0.0
0.0 0.0 0.0
0.0 0.0 0.0
0.0 0.0 0.0
0.0 0.0 0.0
0.0 0.0 0.0
0.0 0.0 0.0
0.0 0.0 0.0
0.0 0.0 0.0
0.0 0.0 0.0
0.0 0.0 0.0
0.0 0.0 0.0
0.0 0.0 0.0
0.0 0.0 0.0
0.0 0.0 0.0
0.0 0.0 0.0
0.0 0.0 0.0
0.0 0.0 0.0
0.0 0.0 0.0
0.0 0.0 0.0
0.0 0.0 0.0
0.0 0.0 0.0
0.0 0.0 0.0
0.0 0.0 0.0
0.0 0.0 0.0
0.0 0.0 0.0
0.0 0.0 0.0
0.0 0.0 0.0
0.0 0.0 0.0
0.0 0.0 0.0
0.0 0.0 0.0
0.0 0.0 0.0
0.0 0.0 0.0
0.0 0.0 0.0
0.0 0.0 0.0
0.0 0.0 0.0
0.0 0.0 0.0
0.0 0.0 0.0
0.0 0.0 0.0
0.0 0.0 0.0
0.0 0.0 0.0
0.0 0.0 0.0
0.0 0.0 0.0
0.0 0.0 0.0
0.0 0.0 0.0
0.0 0.0 0.0
0.0 0.0 0.0
0.0 0.0 0.0
0.0 0.0 0.0
0.0 0.0 0.0
0.0 0.0 0.0
0.0 0.0 0.0
0.0 0.0 0.0
0.0 0.0 0.0
0.0 0.0 0.0
0.0 0.0 0.0
0.0 0.0 0.0
0.0 0.0 0.0
0.0 0.0 0.0
0.0 0.0 0.0
0.0 0.0 0.0
0.0 0.0 0.0
0.0 0.0 0.0
0.0 0.0 0.0
0.0 0.0 0.0
0.0 0.0 0.0
0.0 0.0 0.0
0.0 0.0 0.0
0.0 0.0 0.0
0.0 0.0 0.0
0.0 0.0 0.0
0.0 0.0 0.0
0.0 0.0 0.0
0.0 0.0 0.0
0.0 0.0 0.0
0.0 0.0 0.0
0.0 0.0 0.0
0.0 0.0 0.0
0.0 0.0 0.0
0.0 0.0 0.0
0.0 0.0 0.0
0.0 0.0 0.0
0.0 0.0 0.0
0.0 0.0 0.0
0.0 0.0 0.0
0.0 0.0 0.0
0.0 0.0 0.0
0.0 0.0 0.0
0.0 0.0 0.0
0.0 0.0 0.0
0.0 0.0 0.0
0.0 0.0 0.0
0.0 0.0 0.0
0.0 0.0 0.0
0.0 0.0 0.0
0.0 0.0 0.0
0.0 0.0 0.0
-15.104936599731445 34.49987030029297 -1.8493621349334717
0.0 0.0 0.0
0.0 0.0 0.0
0.0 0.0 0.0
0.0 0.0 0.0
0.0 0.0 0.0
0.0 0.0 0.0
0.0 0.0 0.0
0.0 0.0 0.0
0.0 0.0 0.0
0.0 0.0 0.0
0.0 0.0 0.0
0.0 0.0 0.0
0.0 0.0 0.0
0.0 0.0 0.0
0.0 0.0 0.0
0.0 0.0 0.0
0.0 0.0 0.0
0.0 0.0 0.0
0.0 0.0 0.0
0.0 0.0 0.0
0.0 0.0 0.0
0.0 0.0 0.0
0.0 0.0 0.0
0.0 0.0 0.0
0.0 0.0 0.0
0.0 0.0 0.0
0.0 0.0 0.0
0.0 0.0 0.0
0.0 0.0 0.0
-6.953806400299072 33.770877838134766 -2.095027208328247
-6.711785793304443 33.78345489501953 -2.10217022895813
0.0 0.0 0.0
-6.223568916320801 33.80439758300781 -2.1145715713500977
0.0 0.0 0.0
0.0 0.0 0.0
0.0 0.0 0.0
0.0 0.0 0.0
0.0 0.0 0.0
-4.7588114738464355 33.72380065917969 -2.1387674808502197
-4.498935222625732 33.57026290893555 -2.1332762241363525
0.0 0.0 0.0
0.0 0.0 0.0
0.0 0.0 0.0
-3.595517158508301 34.030433654785156 -2.177506446838379
0.0 0.0 0.0
0.0 0.0 0.0
0.0 0.0 0.0
0.0 0.0 0.0
0.0 0.0 0.0
0.0 0.0 0.0
-1.9290300607681274 34.148033142089844 -2.2044148445129395
0.0 0.0 0.0
0.0 0.0 0.0
-1.2180944681167603 34.36753463745117 -2.2237117290496826
0.0 0.0 0.0
-0.7353489995002747 34.17825698852539 -2.2144346237182617
0.0 0.0 0.0
-0.2548486292362213 34.06810760498047 -2.209383487701416
0.0 0.0 0.0
0.0 0.0 0.0
0.0 0.0 0.0
0.0 0.0 0.0
0.0 0.0 0.0
0.0 0.0 0.0
1.4210668802261353 34.36722183227539 -2.229172706604004
0.0 0.0 0.0
0.0 0.0 0.0
2.1598434448242188 34.68829345703125 -2.2485272884368896
0.0 0.0 0.0
0.0 0.0 0.0
0.0 0.0 0.0
0.0 0.0 0.0
0.0 0.0 0.0
0.0 0.0 0.0
3.887458324432373 34.848628997802734 -2.247140884399414
4.1394147872924805 34.90230941772461 -2.2482352256774902
4.386958599090576 34.911617279052734 -2.246572256088257
0.0 0.0 0.0
0.0 0.0 0.0
0.0 0.0 0.0
5.436864852905273 35.26996994018555 -2.256345510482788
0.0 0.0 0.0
0.0 0.0 0.0
0.0 0.0 0.0
6.457464694976807 35.30525207519531 -2.242638111114502
6.712789535522461 35.309654235839844 -2.238492727279663
0.0 0.0 0.0
7.267215251922607 35.52305603027344 -2.2434167861938477
0.0 0.0 0.0
0.0 0.0 0.0
8.070587158203125 35.62673568725586 -2.2337605953216553
0.0 0.0 0.0
0.0 0.0 0.0
0.0 0.0 0.0
9.266712188720703 36.18675994873047 -2.2457070350646973
0.0 0.0 0.0
0.0 0.0 0.0
0.0 0.0 0.0
10.484899520874023 36.67128372192383 -2.249638795852661
0.0 0.0 0.0
0.0 0.0 0.0
0.0 0.0 0.0
0.0 0.0 0.0
0.0 0.0 0.0
0.0 0.0 0.0
0.0 0.0 0.0
0.0 0.0 0.0
0.0 0.0 0.0
0.0 0.0 0.0
0.0 0.0 0.0
0.0 0.0 0.0
0.0 0.0 0.0
0.0 0.0 0.0
0.0 0.0 0.0
0.0 0.0 0.0
0.0 0.0 0.0
0.0 0.0 0.0
0.0 0.0 0.0
0.0 0.0 0.0
0.0 0.0 0.0
0.0 0.0 0.0
0.0 0.0 0.0
0.0 0.0 0.0
0.0 0.0 0.0
0.0 0.0 0.0
0.0 0.0 0.0
0.0 0.0 0.0
0.0 0.0 0.0
0.0 0.0 0.0
0.0 0.0 0.0
0.0 0.0 0.0
0.0 0.0 0.0
0.0 0.0 0.0
0.0 0.0 0.0
0.0 0.0 0.0
0.0 0.0 0.0
0.0 0.0 0.0
0.0 0.0 0.0
0.0 0.0 0.0
0.0 0.0 0.0
0.0 0.0 0.0
0.0 0.0 0.0
0.0 0.0 0.0
0.0 0.0 0.0
0.0 0.0 0.0
0.0 0.0 0.0
0.0 0.0 0.0
0.0 0.0 0.0
0.0 0.0 0.0
0.0 0.0 0.0
0.0 0.0 0.0
0.0 0.0 0.0
0.0 0.0 0.0
0.0 0.0 0.0
0.0 0.0 0.0
0.0 0.0 0.0
0.0 0.0 0.0
0.0 0.0 0.0
0.0 0.0 0.0
0.0 0.0 0.0
0.0 0.0 0.0
0.0 0.0 0.0
0.0 0.0 0.0
0.0 0.0 0.0
0.0 0.0 0.0
0.0 0.0 0.0
0.0 0.0 0.0
0.0 0.0 0.0
0.0 0.0 0.0
0.0 0.0 0.0
0.0 0.0 0.0
0.0 0.0 0.0
0.0 0.0 0.0
0.0 0.0 0.0
0.0 0.0 0.0
0.0 0.0 0.0
0.0 0.0 0.0
0.0 0.0 0.0
0.0 0.0 0.0
0.0 0.0 0.0
0.0 0.0 0.0
0.0 0.0 0.0
0.0 0.0 0.0
0.0 0.0 0.0
0.0 0.0 0.0
0.0 0.0 0.0
0.0 0.0 0.0
0.0 0.0 0.0
0.0 0.0 0.0
0.0 0.0 0.0
0.0 0.0 0.0
0.0 0.0 0.0
0.0 0.0 0.0
0.0 0.0 0.0
0.0 0.0 0.0
0.0 0.0 0.0
0.0 0.0 0.0
0.0 0.0 0.0
0.0 0.0 0.0
0.0 0.0 0.0
0.0 0.0 0.0
0.0 0.0 0.0
0.0 0.0 0.0
0.0 0.0 0.0
0.0 0.0 0.0
0.0 0.0 0.0
0.0 0.0 0.0
0.0 0.0 0.0
0.0 0.0 0.0
0.0 0.0 0.0
0.0 0.0 0.0
0.0 0.0 0.0
0.0 0.0 0.0
0.0 0.0 0.0
0.0 0.0 0.0
0.0 0.0 0.0
0.0 0.0 0.0
0.0 0.0 0.0
0.0 0.0 0.0
0.0 0.0 0.0
0.0 0.0 0.0
0.0 0.0 0.0
0.0 0.0 0.0
0.0 0.0 0.0
0.0 0.0 0.0
0.0 0.0 0.0
0.0 0.0 0.0
0.0 0.0 0.0
0.0 0.0 0.0
0.0 0.0 0.0
0.0 0.0 0.0
0.0 0.0 0.0
0.0 0.0 0.0
0.0 0.0 0.0
0.0 0.0 0.0
0.0 0.0 0.0
0.0 0.0 0.0
0.0 0.0 0.0
0.0 0.0 0.0
0.0 0.0 0.0
0.0 0.0 0.0
0.0 0.0 0.0
0.0 0.0 0.0
0.0 0.0 0.0
0.0 0.0 0.0
0.0 0.0 0.0
0.0 0.0 0.0
0.0 0.0 0.0
0.0 0.0 0.0
0.0 0.0 0.0
0.0 0.0 0.0
0.0 0.0 0.0
0.0 0.0 0.0
0.0 0.0 0.0
0.0 0.0 0.0
0.0 0.0 0.0
0.0 0.0 0.0
0.0 0.0 0.0
0.0 0.0 0.0
0.0 0.0 0.0
0.0 0.0 0.0
0.0 0.0 0.0
0.0 0.0 0.0
0.0 0.0 0.0
0.0 0.0 0.0
0.0 0.0 0.0
0.0 0.0 0.0
0.0 0.0 0.0
0.0 0.0 0.0
0.0 0.0 0.0
0.0 0.0 0.0
0.0 0.0 0.0
0.0 0.0 0.0
0.0 0.0 0.0
0.0 0.0 0.0
0.0 0.0 0.0
0.0 0.0 0.0
0.0 0.0 0.0
0.0 0.0 0.0
0.0 0.0 0.0
0.0 0.0 0.0
0.0 0.0 0.0
0.0 0.0 0.0
0.0 0.0 0.0
0.0 0.0 0.0
0.0 0.0 0.0
0.0 0.0 0.0
0.0 0.0 0.0
0.0 0.0 0.0
0.0 0.0 0.0
0.0 0.0 0.0
0.0 0.0 0.0
0.0 0.0 0.0
0.0 0.0 0.0
0.0 0.0 0.0
0.0 0.0 0.0
0.0 0.0 0.0
0.0 0.0 0.0
0.0 0.0 0.0
0.0 0.0 0.0
0.0 0.0 0.0
0.0 0.0 0.0
0.0 0.0 0.0
0.0 0.0 0.0
0.0 0.0 0.0
0.0 0.0 0.0
0.0 0.0 0.0
0.0 0.0 0.0
0.0 0.0 0.0
0.0 0.0 0.0
0.0 0.0 0.0
0.0 0.0 0.0
0.0 0.0 0.0
0.0 0.0 0.0
0.0 0.0 0.0
0.0 0.0 0.0
0.0 0.0 0.0
0.0 0.0 0.0
0.0 0.0 0.0
0.0 0.0 0.0
0.0 0.0 0.0
0.0 0.0 0.0
0.0 0.0 0.0
0.0 0.0 0.0
0.0 0.0 0.0
0.0 0.0 0.0
0.0 0.0 0.0
0.0 0.0 0.0
0.0 0.0 0.0
0.0 0.0 0.0
0.0 0.0 0.0
0.0 0.0 0.0
0.0 0.0 0.0
0.0 0.0 0.0
0.0 0.0 0.0
0.0 0.0 0.0
0.0 0.0 0.0
0.0 0.0 0.0
0.0 0.0 0.0
0.0 0.0 0.0
0.0 0.0 0.0
0.0 0.0 0.0
0.0 0.0 0.0
0.0 0.0 0.0
0.0 0.0 0.0
0.0 0.0 0.0
0.0 0.0 0.0
0.0 0.0 0.0
0.0 0.0 0.0
0.0 0.0 0.0
0.0 0.0 0.0
0.0 0.0 0.0
0.0 0.0 0.0
0.0 0.0 0.0
0.0 0.0 0.0
0.0 0.0 0.0
0.0 0.0 0.0
0.0 0.0 0.0
0.0 0.0 0.0
0.0 0.0 0.0
0.0 0.0 0.0
0.0 0.0 0.0
0.0 0.0 0.0
0.0 0.0 0.0
-14.183396339416504 34.687164306640625 -1.8295360803604126
-13.907926559448242 34.700984954833984 -1.8419318199157715
0.0 0.0 0.0
0.0 0.0 0.0
0.0 0.0 0.0
0.0 0.0 0.0
0.0 0.0 0.0
0.0 0.0 0.0
0.0 0.0 0.0
0.0 0.0 0.0
0.0 0.0 0.0
0.0 0.0 0.0
0.0 0.0 0.0
0.0 0.0 0.0
0.0 0.0 0.0
0.0 0.0 0.0
0.0 0.0 0.0
0.0 0.0 0.0
0.0 0.0 0.0
0.0 0.0 0.0
0.0 0.0 0.0
-8.429241180419922 34.2373046875 -2.0008938312530518
0.0 0.0 0.0
0.0 0.0 0.0
0.0 0.0 0.0
0.0 0.0 0.0
0.0 0.0 0.0
0.0 0.0 0.0
-6.601409435272217 33.85403060913086 -2.020493268966675
0.0 0.0 0.0
0.0 0.0 0.0
0.0 0.0 0.0
0.0 0.0 0.0
-5.454709529876709 34.31202697753906 -2.0729212760925293
0.0 0.0 0.0
0.0 0.0 0.0
0.0 0.0 0.0
0.0 0.0 0.0
0.0 0.0 0.0
-4.0241780281066895 34.60504150390625 -2.1143996715545654
0.0 0.0 0.0
0.0 0.0 0.0
0.0 0.0 0.0
0.0 0.0 0.0
0.0 0.0 0.0
0.0 0.0 0.0
0.0 0.0 0.0
0.0 0.0 0.0
0.0 0.0 0.0
0.0 0.0 0.0
-1.3461816310882568 34.5248908996582 -2.1376593112945557
0.0 0.0 0.0
0.0 0.0 0.0
0.0 0.0 0.0
-0.3802342712879181 34.49015808105469 -2.140315532684326
0.0 0.0 0.0
0.0 0.0 0.0
0.0 0.0 0.0
0.0 0.0 0.0
0.0 0.0 0.0
1.0817129611968994 35.07594299316406 -2.178204298019409
1.3220603466033936 34.970218658447266 -2.1713123321533203
1.564651370048523 34.94465255737305 -2.1695029735565186
0.0 0.0 0.0
0.0 0.0 0.0
0.0 0.0 0.0
0.0 0.0 0.0
2.802381992340088 35.114280700683594 -2.1743063926696777
3.061232089996338 35.21413040161133 -2.1793935298919678
0.0 0.0 0.0
0.0 0.0 0.0
0.0 0.0 0.0
0.0 0.0 0.0
0.0 0.0 0.0
0.0 0.0 0.0
4.84725284576416 35.549949645996094 -2.1841747760772705
5.136656284332275 35.812931060791016 -2.1972641944885254
0.0 0.0 0.0
0.0 0.0 0.0
0.0 0.0 0.0
0.0 0.0 0.0
0.0 0.0 0.0
0.0 0.0 0.0
0.0 0.0 0.0
0.0 0.0 0.0
0.0 0.0 0.0
7.806959629058838 36.22516632080078 -2.182746648788452
0.0 0.0 0.0
0.0 0.0 0.0
0.0 0.0 0.0
0.0 0.0 0.0
0.0 0.0 0.0
0.0 0.0 0.0
0.0 0.0 0.0
0.0 0.0 0.0
0.0 0.0 0.0
0.0 0.0 0.0
0.0 0.0 0.0
0.0 0.0 0.0
0.0 0.0 0.0
0.0 0.0 0.0
0.0 0.0 0.0
0.0 0.0 0.0
13.055625915527344 38.007301330566406 -2.178030252456665
0.0 0.0 0.0
0.0 0.0 0.0
0.0 0.0 0.0
0.0 0.0 0.0
0.0 0.0 0.0
0.0 0.0 0.0
0.0 0.0 0.0
0.0 0.0 0.0
0.0 0.0 0.0
0.0 0.0 0.0
0.0 0.0 0.0
0.0 0.0 0.0
0.0 0.0 0.0
0.0 0.0 0.0
0.0 0.0 0.0
0.0 0.0 0.0
0.0 0.0 0.0
0.0 0.0 0.0
0.0 0.0 0.0
0.0 0.0 0.0
0.0 0.0 0.0
0.0 0.0 0.0
0.0 0.0 0.0
0.0 0.0 0.0
0.0 0.0 0.0
0.0 0.0 0.0
0.0 0.0 0.0
0.0 0.0 0.0
0.0 0.0 0.0
0.0 0.0 0.0
0.0 0.0 0.0
0.0 0.0 0.0
0.0 0.0 0.0
0.0 0.0 0.0
0.0 0.0 0.0
0.0 0.0 0.0
0.0 0.0 0.0
0.0 0.0 0.0
0.0 0.0 0.0
0.0 0.0 0.0
0.0 0.0 0.0
0.0 0.0 0.0
0.0 0.0 0.0
0.0 0.0 0.0
0.0 0.0 0.0
0.0 0.0 0.0
0.0 0.0 0.0
0.0 0.0 0.0
0.0 0.0 0.0
0.0 0.0 0.0
0.0 0.0 0.0
0.0 0.0 0.0
0.0 0.0 0.0
0.0 0.0 0.0
0.0 0.0 0.0
0.0 0.0 0.0
0.0 0.0 0.0
0.0 0.0 0.0
0.0 0.0 0.0
0.0 0.0 0.0
0.0 0.0 0.0
0.0 0.0 0.0
0.0 0.0 0.0
0.0 0.0 0.0
0.0 0.0 0.0
0.0 0.0 0.0
0.0 0.0 0.0
0.0 0.0 0.0
0.0 0.0 0.0
0.0 0.0 0.0
0.0 0.0 0.0
0.0 0.0 0.0
0.0 0.0 0.0
0.0 0.0 0.0
0.0 0.0 0.0
0.0 0.0 0.0
0.0 0.0 0.0
0.0 0.0 0.0
0.0 0.0 0.0
0.0 0.0 0.0
0.0 0.0 0.0
0.0 0.0 0.0
0.0 0.0 0.0
0.0 0.0 0.0
0.0 0.0 0.0
0.0 0.0 0.0
0.0 0.0 0.0
0.0 0.0 0.0
0.0 0.0 0.0
0.0 0.0 0.0
0.0 0.0 0.0
0.0 0.0 0.0
0.0 0.0 0.0
0.0 0.0 0.0
0.0 0.0 0.0
0.0 0.0 0.0
0.0 0.0 0.0
0.0 0.0 0.0
0.0 0.0 0.0
0.0 0.0 0.0
0.0 0.0 0.0
0.0 0.0 0.0
0.0 0.0 0.0
0.0 0.0 0.0
0.0 0.0 0.0
0.0 0.0 0.0
0.0 0.0 0.0
0.0 0.0 0.0
0.0 0.0 0.0
0.0 0.0 0.0
0.0 0.0 0.0
0.0 0.0 0.0
0.0 0.0 0.0
0.0 0.0 0.0
0.0 0.0 0.0
0.0 0.0 0.0
0.0 0.0 0.0
0.0 0.0 0.0
0.0 0.0 0.0
0.0 0.0 0.0
0.0 0.0 0.0
0.0 0.0 0.0
0.0 0.0 0.0
0.0 0.0 0.0
0.0 0.0 0.0
0.0 0.0 0.0
0.0 0.0 0.0
0.0 0.0 0.0
0.0 0.0 0.0
0.0 0.0 0.0
0.0 0.0 0.0
0.0 0.0 0.0
0.0 0.0 0.0
0.0 0.0 0.0
0.0 0.0 0.0
0.0 0.0 0.0
0.0 0.0 0.0
0.0 0.0 0.0
0.0 0.0 0.0
0.0 0.0 0.0
0.0 0.0 0.0
0.0 0.0 0.0
0.0 0.0 0.0
0.0 0.0 0.0
0.0 0.0 0.0
0.0 0.0 0.0
0.0 0.0 0.0
0.0 0.0 0.0
0.0 0.0 0.0
0.0 0.0 0.0
0.0 0.0 0.0
0.0 0.0 0.0
0.0 0.0 0.0
0.0 0.0 0.0
0.0 0.0 0.0
0.0 0.0 0.0
0.0 0.0 0.0
0.0 0.0 0.0
0.0 0.0 0.0
0.0 0.0 0.0
0.0 0.0 0.0
0.0 0.0 0.0
0.0 0.0 0.0
0.0 0.0 0.0
0.0 0.0 0.0
0.0 0.0 0.0
0.0 0.0 0.0
0.0 0.0 0.0
0.0 0.0 0.0
0.0 0.0 0.0
0.0 0.0 0.0
0.0 0.0 0.0
0.0 0.0 0.0
0.0 0.0 0.0
0.0 0.0 0.0
0.0 0.0 0.0
0.0 0.0 0.0
0.0 0.0 0.0
0.0 0.0 0.0
0.0 0.0 0.0
0.0 0.0 0.0
0.0 0.0 0.0
0.0 0.0 0.0
0.0 0.0 0.0
0.0 0.0 0.0
0.0 0.0 0.0
0.0 0.0 0.0
0.0 0.0 0.0
0.0 0.0 0.0
0.0 0.0 0.0
0.0 0.0 0.0
0.0 0.0 0.0
0.0 0.0 0.0
0.0 0.0 0.0
0.0 0.0 0.0
0.0 0.0 0.0
0.0 0.0 0.0
0.0 0.0 0.0
0.0 0.0 0.0
0.0 0.0 0.0
0.0 0.0 0.0
0.0 0.0 0.0
0.0 0.0 0.0
0.0 0.0 0.0
0.0 0.0 0.0
0.0 0.0 0.0
0.0 0.0 0.0
-56.272762298583984 99.2591552734375 4.923654556274414
0.0 0.0 0.0
0.0 0.0 0.0
0.0 0.0 0.0
0.0 0.0 0.0
0.0 0.0 0.0
0.0 0.0 0.0
0.0 0.0 0.0
0.0 0.0 0.0
0.0 0.0 0.0
0.0 0.0 0.0
0.0 0.0 0.0
0.0 0.0 0.0
0.0 0.0 0.0
0.0 0.0 0.0
0.0 0.0 0.0
0.0 0.0 0.0
0.0 0.0 0.0
0.0 0.0 0.0
0.0 0.0 0.0
0.0 0.0 0.0
0.0 0.0 0.0
0.0 0.0 0.0
0.0 0.0 0.0
0.0 0.0 0.0
0.0 0.0 0.0
0.0 0.0 0.0
0.0 0.0 0.0
0.0 0.0 0.0
0.0 0.0 0.0
0.0 0.0 0.0
0.0 0.0 0.0
0.0 0.0 0.0
0.0 0.0 0.0
0.0 0.0 0.0
0.0 0.0 0.0
0.0 0.0 0.0
0.0 0.0 0.0
0.0 0.0 0.0
0.0 0.0 0.0
0.0 0.0 0.0
0.0 0.0 0.0
0.0 0.0 0.0
0.0 0.0 0.0
0.0 0.0 0.0
0.0 0.0 0.0
0.0 0.0 0.0
0.0 0.0 0.0
0.0 0.0 0.0
0.0 0.0 0.0
0.0 0.0 0.0
0.0 0.0 0.0
0.0 0.0 0.0
0.0 0.0 0.0
0.0 0.0 0.0
0.0 0.0 0.0
0.0 0.0 0.0
0.0 0.0 0.0
0.0 0.0 0.0
0.0 0.0 0.0
0.0 0.0 0.0
0.0 0.0 0.0
0.0 0.0 0.0
0.0 0.0 0.0
0.0 0.0 0.0
0.0 0.0 0.0
0.0 0.0 0.0
0.0 0.0 0.0
0.0 0.0 0.0
0.0 0.0 0.0
0.0 0.0 0.0
0.0 0.0 0.0
0.0 0.0 0.0
0.0 0.0 0.0
0.0 0.0 0.0
0.0 0.0 0.0
0.0 0.0 0.0
0.0 0.0 0.0
0.0 0.0 0.0
0.0 0.0 0.0
0.0 0.0 0.0
0.0 0.0 0.0
0.0 0.0 0.0
0.0 0.0 0.0
0.0 0.0 0.0
0.0 0.0 0.0
0.0 0.0 0.0
0.0 0.0 0.0
0.0 0.0 0.0
0.0 0.0 0.0
0.0 0.0 0.0
0.0 0.0 0.0
0.0 0.0 0.0
0.0 0.0 0.0
0.0 0.0 0.0
0.0 0.0 0.0
0.0 0.0 0.0
0.0 0.0 0.0
0.0 0.0 0.0
0.0 0.0 0.0
0.0 0.0 0.0
0.0 0.0 0.0
0.0 0.0 0.0
0.0 0.0 0.0
0.0 0.0 0.0
0.0 0.0 0.0
0.0 0.0 0.0
0.0 0.0 0.0
0.0 0.0 0.0
0.4755302369594574 35.50436782836914 -2.112131118774414
0.0 0.0 0.0
0.9610105156898499 35.194244384765625 -2.093204975128174
0.0 0.0 0.0
1.4762455224990845 35.69552993774414 -2.1229467391967773
0.0 0.0 0.0
0.0 0.0 0.0
0.0 0.0 0.0
0.0 0.0 0.0
0.0 0.0 0.0
0.0 0.0 0.0
0.0 0.0 0.0
0.0 0.0 0.0
0.0 0.0 0.0
4.052684783935547 36.3171272277832 -2.145327091217041
4.24650764465332 35.79653549194336 -2.112367630004883
0.0 0.0 0.0
0.0 0.0 0.0
0.0 0.0 0.0
0.0 0.0 0.0
0.0 0.0 0.0
0.0 0.0 0.0
0.0 0.0 0.0
0.0 0.0 0.0
0.0 0.0 0.0
0.0 0.0 0.0
0.0 0.0 0.0
0.0 0.0 0.0
0.0 0.0 0.0
0.0 0.0 0.0
0.0 0.0 0.0
0.0 0.0 0.0
0.0 0.0 0.0
9.189106941223145 36.972843170166016 -2.11392879486084
0.0 0.0 0.0
0.0 0.0 0.0
0.0 0.0 0.0
0.0 0.0 0.0
0.0 0.0 0.0
0.0 0.0 0.0
0.0 0.0 0.0
0.0 0.0 0.0
0.0 0.0 0.0
0.0 0.0 0.0
0.0 0.0 0.0
0.0 0.0 0.0
0.0 0.0 0.0
0.0 0.0 0.0
0.0 0.0 0.0
0.0 0.0 0.0
0.0 0.0 0.0
0.0 0.0 0.0
0.0 0.0 0.0
0.0 0.0 0.0
0.0 0.0 0.0
0.0 0.0 0.0
0.0 0.0 0.0
0.0 0.0 0.0
0.0 0.0 0.0
0.0 0.0 0.0
0.0 0.0 0.0
0.0 0.0 0.0
0.0 0.0 0.0
0.0 0.0 0.0
0.0 0.0 0.0
0.0 0.0 0.0
0.0 0.0 0.0
0.0 0.0 0.0
0.0 0.0 0.0
0.0 0.0 0.0
0.0 0.0 0.0
0.0 0.0 0.0
0.0 0.0 0.0
0.0 0.0 0.0
0.0 0.0 0.0
0.0 0.0 0.0
0.0 0.0 0.0
0.0 0.0 0.0
0.0 0.0 0.0
0.0 0.0 0.0
0.0 0.0 0.0
0.0 0.0 0.0
0.0 0.0 0.0
0.0 0.0 0.0
0.0 0.0 0.0
0.0 0.0 0.0
0.0 0.0 0.0
0.0 0.0 0.0
0.0 0.0 0.0
0.0 0.0 0.0
0.0 0.0 0.0
0.0 0.0 0.0
0.0 0.0 0.0
0.0 0.0 0.0
0.0 0.0 0.0
0.0 0.0 0.0
0.0 0.0 0.0
0.0 0.0 0.0
0.0 0.0 0.0
0.0 0.0 0.0
0.0 0.0 0.0
0.0 0.0 0.0
0.0 0.0 0.0
0.0 0.0 0.0
0.0 0.0 0.0
0.0 0.0 0.0
0.0 0.0 0.0
0.0 0.0 0.0
0.0 0.0 0.0
0.0 0.0 0.0
0.0 0.0 0.0
0.0 0.0 0.0
0.0 0.0 0.0
0.0 0.0 0.0
0.0 0.0 0.0
0.0 0.0 0.0
0.0 0.0 0.0
0.0 0.0 0.0
0.0 0.0 0.0
0.0 0.0 0.0
0.0 0.0 0.0
0.0 0.0 0.0
0.0 0.0 0.0
0.0 0.0 0.0
0.0 0.0 0.0
0.0 0.0 0.0
0.0 0.0 0.0
0.0 0.0 0.0
0.0 0.0 0.0
0.0 0.0 0.0
0.0 0.0 0.0
0.0 0.0 0.0
0.0 0.0 0.0
0.0 0.0 0.0
0.0 0.0 0.0
0.0 0.0 0.0
0.0 0.0 0.0
0.0 0.0 0.0
0.0 0.0 0.0
0.0 0.0 0.0
0.0 0.0 0.0
0.0 0.0 0.0
0.0 0.0 0.0
0.0 0.0 0.0
0.0 0.0 0.0
0.0 0.0 0.0
0.0 0.0 0.0
0.0 0.0 0.0
0.0 0.0 0.0
0.0 0.0 0.0
0.0 0.0 0.0
0.0 0.0 0.0
0.0 0.0 0.0
0.0 0.0 0.0
0.0 0.0 0.0
0.0 0.0 0.0
0.0 0.0 0.0
0.0 0.0 0.0
0.0 0.0 0.0
0.0 0.0 0.0
0.0 0.0 0.0
0.0 0.0 0.0
0.0 0.0 0.0
0.0 0.0 0.0
0.0 0.0 0.0
0.0 0.0 0.0
0.0 0.0 0.0
0.0 0.0 0.0
0.0 0.0 0.0
0.0 0.0 0.0
0.0 0.0 0.0
0.0 0.0 0.0
0.0 0.0 0.0
0.0 0.0 0.0
0.0 0.0 0.0
0.0 0.0 0.0
0.0 0.0 0.0
0.0 0.0 0.0
0.0 0.0 0.0
0.0 0.0 0.0
0.0 0.0 0.0
0.0 0.0 0.0
0.0 0.0 0.0
0.0 0.0 0.0
0.0 0.0 0.0
0.0 0.0 0.0
0.0 0.0 0.0
0.0 0.0 0.0
0.0 0.0 0.0
0.0 0.0 0.0
0.0 0.0 0.0
0.0 0.0 0.0
0.0 0.0 0.0
0.0 0.0 0.0
0.0 0.0 0.0
0.0 0.0 0.0
0.0 0.0 0.0
0.0 0.0 0.0
0.0 0.0 0.0
0.0 0.0 0.0
0.0 0.0 0.0
0.0 0.0 0.0
0.0 0.0 0.0
0.0 0.0 0.0
0.0 0.0 0.0
0.0 0.0 0.0
0.0 0.0 0.0
0.0 0.0 0.0
0.0 0.0 0.0
0.0 0.0 0.0
0.0 0.0 0.0
0.0 0.0 0.0
0.0 0.0 0.0
0.0 0.0 0.0
0.0 0.0 0.0
0.0 0.0 0.0
0.0 0.0 0.0
0.0 0.0 0.0
0.0 0.0 0.0
0.0 0.0 0.0
0.0 0.0 0.0
0.0 0.0 0.0
0.0 0.0 0.0
0.0 0.0 0.0
0.0 0.0 0.0
0.0 0.0 0.0
0.0 0.0 0.0
0.0 0.0 0.0
0.0 0.0 0.0
0.0 0.0 0.0
0.0 0.0 0.0
0.0 0.0 0.0
0.0 0.0 0.0
0.0 0.0 0.0
0.0 0.0 0.0
0.0 0.0 0.0
0.0 0.0 0.0
0.0 0.0 0.0
0.0 0.0 0.0
0.0 0.0 0.0
0.0 0.0 0.0
0.0 0.0 0.0
0.0 0.0 0.0
0.0 0.0 0.0
0.0 0.0 0.0
0.0 0.0 0.0
0.0 0.0 0.0
0.0 0.0 0.0
0.0 0.0 0.0
0.0 0.0 0.0
0.0 0.0 0.0
0.0 0.0 0.0
0.0 0.0 0.0
0.0 0.0 0.0
0.0 0.0 0.0
0.0 0.0 0.0
0.0 0.0 0.0
0.0 0.0 0.0
0.0 0.0 0.0
0.0 0.0 0.0
0.0 0.0 0.0
0.0 0.0 0.0
0.0 0.0 0.0
0.0 0.0 0.0
0.0 0.0 0.0
0.0 0.0 0.0
0.0 0.0 0.0
0.0 0.0 0.0
0.0 0.0 0.0
0.0 0.0 0.0
0.0 0.0 0.0
0.0 0.0 0.0
0.0 0.0 0.0
0.0 0.0 0.0
0.0 0.0 0.0
0.0 0.0 0.0
0.0 0.0 0.0
0.0 0.0 0.0
0.0 0.0 0.0
0.0 0.0 0.0
0.0 0.0 0.0
0.0 0.0 0.0
0.0 0.0 0.0
0.0 0.0 0.0
0.0 0.0 0.0
0.0 0.0 0.0
0.0 0.0 0.0
0.0 0.0 0.0
0.0 0.0 0.0
0.0 0.0 0.0
0.0 0.0 0.0
0.0 0.0 0.0
0.0 0.0 0.0
0.0 0.0 0.0
0.0 0.0 0.0
0.0 0.0 0.0
0.0 0.0 0.0
0.0 0.0 0.0
0.0 0.0 0.0
0.0 0.0 0.0
0.0 0.0 0.0
0.0 0.0 0.0
-15.183053016662598 35.69146728515625 -1.7070677280426025
0.0 0.0 0.0
0.0 0.0 0.0
0.0 0.0 0.0
0.0 0.0 0.0
0.0 0.0 0.0
0.0 0.0 0.0
0.0 0.0 0.0
0.0 0.0 0.0
0.0 0.0 0.0
0.0 0.0 0.0
0.0 0.0 0.0
0.0 0.0 0.0
0.0 0.0 0.0
0.0 0.0 0.0
0.0 0.0 0.0
0.0 0.0 0.0
0.0 0.0 0.0
0.0 0.0 0.0
0.0 0.0 0.0
0.0 0.0 0.0
0.0 0.0 0.0
0.0 0.0 0.0
0.0 0.0 0.0
0.0 0.0 0.0
0.0 0.0 0.0
0.0 0.0 0.0
0.0 0.0 0.0
-7.2940473556518555 34.822998046875 -1.890678882598877
0.0 0.0 0.0
0.0 0.0 0.0
0.0 0.0 0.0
0.0 0.0 0.0
0.0 0.0 0.0
0.0 0.0 0.0
-5.542163848876953 34.86917495727539 -1.9262897968292236
0.0 0.0 0.0
0.0 0.0 0.0
0.0 0.0 0.0
-4.5563249588012695 34.943504333496094 -1.9455268383026123
0.0 0.0 0.0
0.0 0.0 0.0
0.0 0.0 0.0
0.0 0.0 0.0
0.0 0.0 0.0
0.0 0.0 0.0
0.0 0.0 0.0
0.0 0.0 0.0
0.0 0.0 0.0
0.0 0.0 0.0
0.0 0.0 0.0
-7.465610504150391 162.47508239746094 -9.19554328918457
-1.3909740447998047 35.68915557861328 -2.0219411849975586
0.0 0.0 0.0
0.0 0.0 0.0
0.0 0.0 0.0
0.0 0.0 0.0
0.0 0.0 0.0
0.0 0.0 0.0
0.0 0.0 0.0
0.0 0.0 0.0
0.0 0.0 0.0
0.0 0.0 0.0
0.0 0.0 0.0
0.0 0.0 0.0
0.0 0.0 0.0
0.0 0.0 0.0
0.0 0.0 0.0
2.6271350383758545 36.077152252197266 -2.0455453395843506
0.0 0.0 0.0
0.0 0.0 0.0
0.0 0.0 0.0
0.0 0.0 0.0
0.0 0.0 0.0
0.0 0.0 0.0
0.0 0.0 0.0
0.0 0.0 0.0
0.0 0.0 0.0
0.0 0.0 0.0
0.0 0.0 0.0
0.0 0.0 0.0
0.0 0.0 0.0
0.0 0.0 0.0
0.0 0.0 0.0
0.0 0.0 0.0
0.0 0.0 0.0
0.0 0.0 0.0
0.0 0.0 0.0
0.0 0.0 0.0
0.0 0.0 0.0
0.0 0.0 0.0
0.0 0.0 0.0
0.0 0.0 0.0
0.0 0.0 0.0
0.0 0.0 0.0
0.0 0.0 0.0
0.0 0.0 0.0
0.0 0.0 0.0
0.0 0.0 0.0
0.0 0.0 0.0
0.0 0.0 0.0
0.0 0.0 0.0
0.0 0.0 0.0
0.0 0.0 0.0
0.0 0.0 0.0
0.0 0.0 0.0
0.0 0.0 0.0
0.0 0.0 0.0
0.0 0.0 0.0
0.0 0.0 0.0
0.0 0.0 0.0
0.0 0.0 0.0
0.0 0.0 0.0
0.0 0.0 0.0
0.0 0.0 0.0
0.0 0.0 0.0
0.0 0.0 0.0
0.0 0.0 0.0
0.0 0.0 0.0
0.0 0.0 0.0
0.0 0.0 0.0
0.0 0.0 0.0
0.0 0.0 0.0
0.0 0.0 0.0
0.0 0.0 0.0
0.0 0.0 0.0
0.0 0.0 0.0
0.0 0.0 0.0
0.0 0.0 0.0
0.0 0.0 0.0
0.0 0.0 0.0
0.0 0.0 0.0
0.0 0.0 0.0
0.0 0.0 0.0
0.0 0.0 0.0
0.0 0.0 0.0
0.0 0.0 0.0
0.0 0.0 0.0
0.0 0.0 0.0
0.0 0.0 0.0
0.0 0.0 0.0
0.0 0.0 0.0
0.0 0.0 0.0
0.0 0.0 0.0
0.0 0.0 0.0
0.0 0.0 0.0
0.0 0.0 0.0
0.0 0.0 0.0
0.0 0.0 0.0
0.0 0.0 0.0
0.0 0.0 0.0
0.0 0.0 0.0
0.0 0.0 0.0
0.0 0.0 0.0
0.0 0.0 0.0
0.0 0.0 0.0
0.0 0.0 0.0
0.0 0.0 0.0
0.0 0.0 0.0
0.0 0.0 0.0
0.0 0.0 0.0
0.0 0.0 0.0
0.0 0.0 0.0
0.0 0.0 0.0
0.0 0.0 0.0
0.0 0.0 0.0
0.0 0.0 0.0
0.0 0.0 0.0
0.0 0.0 0.0
0.0 0.0 0.0
0.0 0.0 0.0
0.0 0.0 0.0
0.0 0.0 0.0
0.0 0.0 0.0
0.0 0.0 0.0
0.0 0.0 0.0
0.0 0.0 0.0
0.0 0.0 0.0
0.0 0.0 0.0
0.0 0.0 0.0
0.0 0.0 0.0
0.0 0.0 0.0
0.0 0.0 0.0
0.0 0.0 0.0
0.0 0.0 0.0
0.0 0.0 0.0
0.0 0.0 0.0
0.0 0.0 0.0
0.0 0.0 0.0
0.0 0.0 0.0
0.0 0.0 0.0
0.0 0.0 0.0
0.0 0.0 0.0
0.0 0.0 0.0
0.0 0.0 0.0
0.0 0.0 0.0
0.0 0.0 0.0
0.0 0.0 0.0
0.0 0.0 0.0
0.0 0.0 0.0
0.0 0.0 0.0
0.0 0.0 0.0
0.0 0.0 0.0
0.0 0.0 0.0
0.0 0.0 0.0
0.0 0.0 0.0
0.0 0.0 0.0
0.0 0.0 0.0
0.0 0.0 0.0
0.0 0.0 0.0
0.0 0.0 0.0
0.0 0.0 0.0
0.0 0.0 0.0
0.0 0.0 0.0
0.0 0.0 0.0
0.0 0.0 0.0
0.0 0.0 0.0
0.0 0.0 0.0
0.0 0.0 0.0
0.0 0.0 0.0
0.0 0.0 0.0
0.0 0.0 0.0
0.0 0.0 0.0
0.0 0.0 0.0
0.0 0.0 0.0
0.0 0.0 0.0
0.0 0.0 0.0
0.0 0.0 0.0
0.0 0.0 0.0
0.0 0.0 0.0
0.0 0.0 0.0
0.0 0.0 0.0
0.0 0.0 0.0
0.0 0.0 0.0
0.0 0.0 0.0
0.0 0.0 0.0
0.0 0.0 0.0
0.0 0.0 0.0
0.0 0.0 0.0
0.0 0.0 0.0
0.0 0.0 0.0
0.0 0.0 0.0
0.0 0.0 0.0
0.0 0.0 0.0
0.0 0.0 0.0
0.0 0.0 0.0
0.0 0.0 0.0
0.0 0.0 0.0
0.0 0.0 0.0
0.0 0.0 0.0
0.0 0.0 0.0
0.0 0.0 0.0
0.0 0.0 0.0
0.0 0.0 0.0
0.0 0.0 0.0
0.0 0.0 0.0
0.0 0.0 0.0
0.0 0.0 0.0
0.0 0.0 0.0
0.0 0.0 0.0
0.0 0.0 0.0
0.0 0.0 0.0
0.0 0.0 0.0
0.0 0.0 0.0
0.0 0.0 0.0
0.0 0.0 0.0
0.0 0.0 0.0
0.0 0.0 0.0
0.0 0.0 0.0
0.0 0.0 0.0
0.0 0.0 0.0
0.0 0.0 0.0
0.0 0.0 0.0
0.0 0.0 0.0
0.0 0.0 0.0
0.0 0.0 0.0
0.0 0.0 0.0
0.0 0.0 0.0
0.0 0.0 0.0
0.0 0.0 0.0
0.0 0.0 0.0
0.0 0.0 0.0
0.0 0.0 0.0
0.0 0.0 0.0
0.0 0.0 0.0
0.0 0.0 0.0
0.0 0.0 0.0
0.0 0.0 0.0
0.0 0.0 0.0
0.0 0.0 0.0
0.0 0.0 0.0
0.0 0.0 0.0
0.0 0.0 0.0
0.0 0.0 0.0
0.0 0.0 0.0
0.0 0.0 0.0
0.0 0.0 0.0
0.0 0.0 0.0
0.0 0.0 0.0
0.0 0.0 0.0
0.0 0.0 0.0
0.0 0.0 0.0
0.0 0.0 0.0
0.0 0.0 0.0
0.0 0.0 0.0
0.0 0.0 0.0
0.0 0.0 0.0
0.0 0.0 0.0
0.0 0.0 0.0
0.0 0.0 0.0
0.0 0.0 0.0
0.0 0.0 0.0
0.0 0.0 0.0
0.0 0.0 0.0
0.0 0.0 0.0
0.0 0.0 0.0
0.0 0.0 0.0
0.0 0.0 0.0
0.0 0.0 0.0
0.0 0.0 0.0
0.0 0.0 0.0
0.0 0.0 0.0
0.0 0.0 0.0
0.0 0.0 0.0
0.0 0.0 0.0
0.0 0.0 0.0
0.0 0.0 0.0
0.0 0.0 0.0
0.0 0.0 0.0
0.0 0.0 0.0
0.0 0.0 0.0
0.0 0.0 0.0
0.0 0.0 0.0
0.0 0.0 0.0
0.0 0.0 0.0
0.0 0.0 0.0
0.0 0.0 0.0
0.0 0.0 0.0
0.0 0.0 0.0
0.0 0.0 0.0
0.0 0.0 0.0
0.0 0.0 0.0
0.0 0.0 0.0
0.0 0.0 0.0
0.0 0.0 0.0
0.0 0.0 0.0
0.0 0.0 0.0
0.0 0.0 0.0
0.0 0.0 0.0
0.0 0.0 0.0
0.0 0.0 0.0
0.0 0.0 0.0
0.0 0.0 0.0
0.0 0.0 0.0
0.0 0.0 0.0
0.0 0.0 0.0
0.0 0.0 0.0
0.0 0.0 0.0
0.0 0.0 0.0
0.0 0.0 0.0
0.0 0.0 0.0
0.0 0.0 0.0
0.0 0.0 0.0
0.0 0.0 0.0
0.0 0.0 0.0
0.0 0.0 0.0
0.0 0.0 0.0
0.0 0.0 0.0
0.0 0.0 0.0
0.0 0.0 0.0
0.0 0.0 0.0
0.0 0.0 0.0
0.0 0.0 0.0
0.0 0.0 0.0
0.0 0.0 0.0
0.0 0.0 0.0
0.0 0.0 0.0
0.0 0.0 0.0
0.0 0.0 0.0
0.0 0.0 0.0
0.0 0.0 0.0
0.0 0.0 0.0
0.0 0.0 0.0
0.0 0.0 0.0
0.0 0.0 0.0
0.0 0.0 0.0
0.0 0.0 0.0
0.0 0.0 0.0
0.0 0.0 0.0
0.0 0.0 0.0
0.0 0.0 0.0
0.0 0.0 0.0
0.0 0.0 0.0
0.0 0.0 0.0
0.0 0.0 0.0
0.0 0.0 0.0
0.0 0.0 0.0
0.0 0.0 0.0
0.0 0.0 0.0
0.0 0.0 0.0
0.0 0.0 0.0
0.0 0.0 0.0
-4.495547771453857 35.416236877441406 -1.882181167602539
0.0 0.0 0.0
-4.062347412109375 36.04909896850586 -1.921581506729126
0.0 0.0 0.0
0.0 0.0 0.0
0.0 0.0 0.0
0.0 0.0 0.0
0.0 0.0 0.0
0.0 0.0 0.0
-2.2763445377349854 35.87224578857422 -1.9284733533859253
0.0 0.0 0.0
0.0 0.0 0.0
0.0 0.0 0.0
-1.266510248184204 35.74985885620117 -1.928344964981079
0.0 0.0 0.0
0.0 0.0 0.0
-0.5187414288520813 35.659027099609375 -1.927291750907898
0.0 0.0 0.0
0.0 0.0 0.0
0.23567402362823486 36.586421966552734 -1.978265643119812
0.0 0.0 0.0
0.0 0.0 0.0
0.0 0.0 0.0
1.246478796005249 36.24595642089844 -1.9601293802261353
0.0 0.0 0.0
0.0 0.0 0.0
0.0 0.0 0.0
0.0 0.0 0.0
0.0 0.0 0.0
0.0 0.0 0.0
0.0 0.0 0.0
0.0 0.0 0.0
0.0 0.0 0.0
0.0 0.0 0.0
0.0 0.0 0.0
4.378973007202148 36.91488265991211 -1.9831223487854004
0.0 0.0 0.0
0.0 0.0 0.0
0.0 0.0 0.0
5.451344013214111 37.06844711303711 -1.982001781463623
0.0 0.0 0.0
0.0 0.0 0.0
0.0 0.0 0.0
0.0 0.0 0.0
0.0 0.0 0.0
0.0 0.0 0.0
0.0 0.0 0.0
0.0 0.0 0.0
0.0 0.0 0.0
0.0 0.0 0.0
0.0 0.0 0.0
0.0 0.0 0.0
0.0 0.0 0.0
0.0 0.0 0.0
0.0 0.0 0.0
0.0 0.0 0.0
0.0 0.0 0.0
0.0 0.0 0.0
0.0 0.0 0.0
0.0 0.0 0.0
0.0 0.0 0.0
0.0 0.0 0.0
0.0 0.0 0.0
0.0 0.0 0.0
0.0 0.0 0.0
0.0 0.0 0.0
0.0 0.0 0.0
0.0 0.0 0.0
0.0 0.0 0.0
0.0 0.0 0.0
0.0 0.0 0.0
0.0 0.0 0.0
0.0 0.0 0.0
0.0 0.0 0.0
0.0 0.0 0.0
0.0 0.0 0.0
0.0 0.0 0.0
0.0 0.0 0.0
0.0 0.0 0.0
0.0 0.0 0.0
0.0 0.0 0.0
0.0 0.0 0.0
0.0 0.0 0.0
0.0 0.0 0.0
0.0 0.0 0.0
0.0 0.0 0.0
0.0 0.0 0.0
0.0 0.0 0.0
0.0 0.0 0.0
0.0 0.0 0.0
0.0 0.0 0.0
0.0 0.0 0.0
0.0 0.0 0.0
0.0 0.0 0.0
0.0 0.0 0.0
0.0 0.0 0.0
0.0 0.0 0.0
0.0 0.0 0.0
0.0 0.0 0.0
0.0 0.0 0.0
0.0 0.0 0.0
0.0 0.0 0.0
0.0 0.0 0.0
0.0 0.0 0.0
0.0 0.0 0.0
0.0 0.0 0.0
0.0 0.0 0.0
0.0 0.0 0.0
0.0 0.0 0.0
0.0 0.0 0.0
0.0 0.0 0.0
0.0 0.0 0.0
0.0 0.0 0.0
0.0 0.0 0.0
0.0 0.0 0.0
0.0 0.0 0.0
0.0 0.0 0.0
0.0 0.0 0.0
0.0 0.0 0.0
0.0 0.0 0.0
0.0 0.0 0.0
0.0 0.0 0.0
0.0 0.0 0.0
0.0 0.0 0.0
0.0 0.0 0.0
0.0 0.0 0.0
0.0 0.0 0.0
0.0 0.0 0.0
0.0 0.0 0.0
0.0 0.0 0.0
0.0 0.0 0.0
0.0 0.0 0.0
0.0 0.0 0.0
0.0 0.0 0.0
0.0 0.0 0.0
0.0 0.0 0.0
0.0 0.0 0.0
0.0 0.0 0.0
0.0 0.0 0.0
0.0 0.0 0.0
0.0 0.0 0.0
0.0 0.0 0.0
0.0 0.0 0.0
0.0 0.0 0.0
0.0 0.0 0.0
0.0 0.0 0.0
0.0 0.0 0.0
0.0 0.0 0.0
0.0 0.0 0.0
0.0 0.0 0.0
0.0 0.0 0.0
0.0 0.0 0.0
0.0 0.0 0.0
0.0 0.0 0.0
0.0 0.0 0.0
0.0 0.0 0.0
0.0 0.0 0.0
0.0 0.0 0.0
0.0 0.0 0.0
0.0 0.0 0.0
0.0 0.0 0.0
0.0 0.0 0.0
0.0 0.0 0.0
0.0 0.0 0.0
0.0 0.0 0.0
0.0 0.0 0.0
0.0 0.0 0.0
0.0 0.0 0.0
0.0 0.0 0.0
0.0 0.0 0.0
0.0 0.0 0.0
0.0 0.0 0.0
0.0 0.0 0.0
0.0 0.0 0.0
0.0 0.0 0.0
0.0 0.0 0.0
0.0 0.0 0.0
0.0 0.0 0.0
0.0 0.0 0.0
0.0 0.0 0.0
0.0 0.0 0.0
0.0 0.0 0.0
0.0 0.0 0.0
0.0 0.0 0.0
0.0 0.0 0.0
0.0 0.0 0.0
0.0 0.0 0.0
0.0 0.0 0.0
0.0 0.0 0.0
0.0 0.0 0.0
0.0 0.0 0.0
0.0 0.0 0.0
0.0 0.0 0.0
0.0 0.0 0.0
0.0 0.0 0.0
0.0 0.0 0.0
0.0 0.0 0.0
0.0 0.0 0.0
0.0 0.0 0.0
0.0 0.0 0.0
0.0 0.0 0.0
0.0 0.0 0.0
0.0 0.0 0.0
0.0 0.0 0.0
0.0 0.0 0.0
0.0 0.0 0.0
0.0 0.0 0.0
0.0 0.0 0.0
0.0 0.0 0.0
0.0 0.0 0.0
0.0 0.0 0.0
0.0 0.0 0.0
0.0 0.0 0.0
0.0 0.0 0.0
0.0 0.0 0.0
0.0 0.0 0.0
0.0 0.0 0.0
0.0 0.0 0.0
0.0 0.0 0.0
0.0 0.0 0.0
0.0 0.0 0.0
0.0 0.0 0.0
0.0 0.0 0.0
0.0 0.0 0.0
0.0 0.0 0.0
0.0 0.0 0.0
0.0 0.0 0.0
0.0 0.0 0.0
-7.079962253570557 33.97878646850586 2.0583391189575195
0.0 0.0 0.0
0.0 0.0 0.0
0.0 0.0 0.0
0.0 0.0 0.0
0.0 0.0 0.0
0.0 0.0 0.0
0.0 0.0 0.0
0.0 0.0 0.0
0.0 0.0 0.0
0.0 0.0 0.0
0.0 0.0 0.0
0.0 0.0 0.0
0.0 0.0 0.0
0.0 0.0 0.0
0.0 0.0 0.0
0.0 0.0 0.0
0.0 0.0 0.0
0.0 0.0 0.0
0.0 0.0 0.0
0.0 0.0 0.0
0.0 0.0 0.0
0.0 0.0 0.0
0.0 0.0 0.0
0.0 0.0 0.0
0.0 0.0 0.0
0.0 0.0 0.0
0.0 0.0 0.0
0.0 0.0 0.0
0.0 0.0 0.0
0.0 0.0 0.0
0.0 0.0 0.0
0.0 0.0 0.0
0.0 0.0 0.0
0.0 0.0 0.0
0.0 0.0 0.0
0.0 0.0 0.0
0.0 0.0 0.0
0.0 0.0 0.0
0.0 0.0 0.0
0.0 0.0 0.0
0.0 0.0 0.0
0.0 0.0 0.0
0.0 0.0 0.0
0.0 0.0 0.0
0.0 0.0 0.0
0.0 0.0 0.0
0.0 0.0 0.0
0.0 0.0 0.0
0.0 0.0 0.0
0.0 0.0 0.0
0.0 0.0 0.0
0.0 0.0 0.0
0.0 0.0 0.0
0.0 0.0 0.0
0.0 0.0 0.0
0.0 0.0 0.0
0.0 0.0 0.0
0.0 0.0 0.0
0.0 0.0 0.0
0.0 0.0 0.0
0.0 0.0 0.0
0.0 0.0 0.0
0.0 0.0 0.0
0.0 0.0 0.0
0.0 0.0 0.0
0.0 0.0 0.0
0.0 0.0 0.0
0.0 0.0 0.0
0.0 0.0 0.0
0.0 0.0 0.0
0.0 0.0 0.0
0.0 0.0 0.0
0.0 0.0 0.0
0.0 0.0 0.0
0.0 0.0 0.0
0.0 0.0 0.0
0.0 0.0 0.0
0.0 0.0 0.0
0.0 0.0 0.0
0.0 0.0 0.0
0.0 0.0 0.0
0.0 0.0 0.0
0.0 0.0 0.0
0.0 0.0 0.0
0.0 0.0 0.0
0.0 0.0 0.0
0.0 0.0 0.0
0.0 0.0 0.0
0.0 0.0 0.0
0.0 0.0 0.0
0.0 0.0 0.0
0.0 0.0 0.0
0.0 0.0 0.0
0.0 0.0 0.0
0.0 0.0 0.0
0.0 0.0 0.0
0.0 0.0 0.0
0.0 0.0 0.0
0.0 0.0 0.0
0.0 0.0 0.0
0.0 0.0 0.0
0.0 0.0 0.0
0.0 0.0 0.0
0.0 0.0 0.0
0.0 0.0 0.0
0.0 0.0 0.0
0.0 0.0 0.0
0.0 0.0 0.0
0.0 0.0 0.0
0.0 0.0 0.0
0.0 0.0 0.0
0.0 0.0 0.0
0.0 0.0 0.0
0.0 0.0 0.0
0.0 0.0 0.0
0.0 0.0 0.0
0.0 0.0 0.0
0.0 0.0 0.0
0.0 0.0 0.0
0.0 0.0 0.0
-7.732332706451416 35.65260696411133 -1.7505345344543457
0.0 0.0 0.0
0.0 0.0 0.0
0.0 0.0 0.0
0.0 0.0 0.0
0.0 0.0 0.0
0.0 0.0 0.0
0.0 0.0 0.0
0.0 0.0 0.0
0.0 0.0 0.0
0.0 0.0 0.0
0.0 0.0 0.0
0.0 0.0 0.0
0.0 0.0 0.0
0.0 0.0 0.0
0.0 0.0 0.0
0.0 0.0 0.0
0.0 0.0 0.0
0.0 0.0 0.0
0.0 0.0 0.0
0.0 0.0 0.0
0.0 0.0 0.0
0.0 0.0 0.0
0.0 0.0 0.0
0.0 0.0 0.0
0.0 0.0 0.0
0.0 0.0 0.0
0.0 0.0 0.0
0.0 0.0 0.0
-0.40331077575683594 36.598079681396484 -1.8776293992996216
0.0 0.0 0.0
0.0 0.0 0.0
0.0 0.0 0.0
0.0 0.0 0.0
0.0 0.0 0.0
0.0 0.0 0.0
0.0 0.0 0.0
0.0 0.0 0.0
0.0 0.0 0.0
0.0 0.0 0.0
0.0 0.0 0.0
2.695098638534546 37.005802154541016 -1.8983253240585327
0.0 0.0 0.0
0.0 0.0 0.0
0.0 0.0 0.0
0.0 0.0 0.0
0.0 0.0 0.0
0.0 0.0 0.0
0.0 0.0 0.0
0.0 0.0 0.0
0.0 0.0 0.0
5.361392498016357 37.374229431152344 -1.9018440246582031
0.0 0.0 0.0
0.0 0.0 0.0
0.0 0.0 0.0
0.0 0.0 0.0
0.0 0.0 0.0
0.0 0.0 0.0
0.0 0.0 0.0
0.0 0.0 0.0
0.0 0.0 0.0
0.0 0.0 0.0
0.0 0.0 0.0
0.0 0.0 0.0
0.0 0.0 0.0
0.0 0.0 0.0
0.0 0.0 0.0
0.0 0.0 0.0
0.0 0.0 0.0
0.0 0.0 0.0
0.0 0.0 0.0
0.0 0.0 0.0
0.0 0.0 0.0
0.0 0.0 0.0
0.0 0.0 0.0
0.0 0.0 0.0
0.0 0.0 0.0
0.0 0.0 0.0
0.0 0.0 0.0
0.0 0.0 0.0
0.0 0.0 0.0
0.0 0.0 0.0
0.0 0.0 0.0
0.0 0.0 0.0
0.0 0.0 0.0
0.0 0.0 0.0
0.0 0.0 0.0
0.0 0.0 0.0
0.0 0.0 0.0
0.0 0.0 0.0
0.0 0.0 0.0
0.0 0.0 0.0
0.0 0.0 0.0
0.0 0.0 0.0
0.0 0.0 0.0
0.0 0.0 0.0
0.0 0.0 0.0
0.0 0.0 0.0
0.0 0.0 0.0
0.0 0.0 0.0
0.0 0.0 0.0
0.0 0.0 0.0
0.0 0.0 0.0
0.0 0.0 0.0
0.0 0.0 0.0
0.0 0.0 0.0
0.0 0.0 0.0
0.0 0.0 0.0
0.0 0.0 0.0
0.0 0.0 0.0
0.0 0.0 0.0
0.0 0.0 0.0
0.0 0.0 0.0
0.0 0.0 0.0
0.0 0.0 0.0
0.0 0.0 0.0
0.0 0.0 0.0
0.0 0.0 0.0
0.0 0.0 0.0
0.0 0.0 0.0
0.0 0.0 0.0
0.0 0.0 0.0
0.0 0.0 0.0
0.0 0.0 0.0
0.0 0.0 0.0
0.0 0.0 0.0
0.0 0.0 0.0
0.0 0.0 0.0
0.0 0.0 0.0
0.0 0.0 0.0
0.0 0.0 0.0
0.0 0.0 0.0
0.0 0.0 0.0
0.0 0.0 0.0
0.0 0.0 0.0
0.0 0.0 0.0
0.0 0.0 0.0
0.0 0.0 0.0
0.0 0.0 0.0
0.0 0.0 0.0
0.0 0.0 0.0
0.0 0.0 0.0
0.0 0.0 0.0
0.0 0.0 0.0
0.0 0.0 0.0
0.0 0.0 0.0
0.0 0.0 0.0
0.0 0.0 0.0
0.0 0.0 0.0
0.0 0.0 0.0
0.0 0.0 0.0
0.0 0.0 0.0
0.0 0.0 0.0
0.0 0.0 0.0
0.0 0.0 0.0
0.0 0.0 0.0
0.0 0.0 0.0
0.0 0.0 0.0
0.0 0.0 0.0
0.0 0.0 0.0
0.0 0.0 0.0
0.0 0.0 0.0
0.0 0.0 0.0
0.0 0.0 0.0
0.0 0.0 0.0
0.0 0.0 0.0
0.0 0.0 0.0
0.0 0.0 0.0
0.0 0.0 0.0
0.0 0.0 0.0
0.0 0.0 0.0
0.0 0.0 0.0
0.0 0.0 0.0
0.0 0.0 0.0
0.0 0.0 0.0
0.0 0.0 0.0
0.0 0.0 0.0
0.0 0.0 0.0
0.0 0.0 0.0
0.0 0.0 0.0
0.0 0.0 0.0
0.0 0.0 0.0
0.0 0.0 0.0
0.0 0.0 0.0
0.0 0.0 0.0
0.0 0.0 0.0
0.0 0.0 0.0
0.0 0.0 0.0
0.0 0.0 0.0
0.0 0.0 0.0
0.0 0.0 0.0
0.0 0.0 0.0
0.0 0.0 0.0
0.0 0.0 0.0
0.0 0.0 0.0
0.0 0.0 0.0
0.0 0.0 0.0
0.0 0.0 0.0
0.0 0.0 0.0
0.0 0.0 0.0
0.0 0.0 0.0
0.0 0.0 0.0
0.0 0.0 0.0
0.0 0.0 0.0
0.0 0.0 0.0
0.0 0.0 0.0
0.0 0.0 0.0
0.0 0.0 0.0
0.0 0.0 0.0
0.0 0.0 0.0
0.0 0.0 0.0
0.0 0.0 0.0
0.0 0.0 0.0
0.0 0.0 0.0
0.0 0.0 0.0
0.0 0.0 0.0
0.0 0.0 0.0
0.0 0.0 0.0
0.0 0.0 0.0
0.0 0.0 0.0
0.0 0.0 0.0
0.0 0.0 0.0
0.0 0.0 0.0
0.0 0.0 0.0
0.0 0.0 0.0
0.0 0.0 0.0
0.0 0.0 0.0
0.0 0.0 0.0
0.0 0.0 0.0
0.0 0.0 0.0
0.0 0.0 0.0
0.0 0.0 0.0
0.0 0.0 0.0
0.0 0.0 0.0
0.0 0.0 0.0
0.0 0.0 0.0
0.0 0.0 0.0
0.0 0.0 0.0
0.0 0.0 0.0
0.0 0.0 0.0
0.0 0.0 0.0
0.0 0.0 0.0
0.0 0.0 0.0
0.0 0.0 0.0
0.0 0.0 0.0
0.0 0.0 0.0
0.0 0.0 0.0
0.0 0.0 0.0
0.0 0.0 0.0
0.0 0.0 0.0
0.0 0.0 0.0
0.0 0.0 0.0
0.0 0.0 0.0
0.0 0.0 0.0
0.0 0.0 0.0
0.0 0.0 0.0
0.0 0.0 0.0
0.0 0.0 0.0
0.0 0.0 0.0
0.0 0.0 0.0
0.0 0.0 0.0
0.0 0.0 0.0
0.0 0.0 0.0
0.0 0.0 0.0
0.0 0.0 0.0
0.0 0.0 0.0
0.0 0.0 0.0
0.0 0.0 0.0
0.0 0.0 0.0
0.0 0.0 0.0
0.0 0.0 0.0
0.0 0.0 0.0
0.0 0.0 0.0
0.0 0.0 0.0
0.0 0.0 0.0
0.0 0.0 0.0
0.0 0.0 0.0
0.0 0.0 0.0
0.0 0.0 0.0
0.0 0.0 0.0
0.0 0.0 0.0
0.0 0.0 0.0
0.0 0.0 0.0
0.0 0.0 0.0
0.0 0.0 0.0
0.0 0.0 0.0
0.0 0.0 0.0
0.0 0.0 0.0
0.0 0.0 0.0
0.0 0.0 0.0
0.0 0.0 0.0
0.0 0.0 0.0
0.0 0.0 0.0
0.0 0.0 0.0
0.0 0.0 0.0
0.0 0.0 0.0
0.0 0.0 0.0
0.0 0.0 0.0
0.0 0.0 0.0
0.0 0.0 0.0
0.0 0.0 0.0
0.0 0.0 0.0
0.0 0.0 0.0
0.0 0.0 0.0
0.0 0.0 0.0
0.0 0.0 0.0
0.0 0.0 0.0
0.0 0.0 0.0
0.0 0.0 0.0
0.0 0.0 0.0
0.0 0.0 0.0
0.0 0.0 0.0
0.0 0.0 0.0
0.0 0.0 0.0
0.0 0.0 0.0
0.0 0.0 0.0
0.0 0.0 0.0
0.0 0.0 0.0
0.0 0.0 0.0
0.0 0.0 0.0
0.0 0.0 0.0
0.0 0.0 0.0
0.0 0.0 0.0
0.0 0.0 0.0
0.0 0.0 0.0
0.0 0.0 0.0
0.0 0.0 0.0
0.0 0.0 0.0
0.0 0.0 0.0
0.0 0.0 0.0
0.0 0.0 0.0
0.0 0.0 0.0
0.0 0.0 0.0
0.0 0.0 0.0
0.0 0.0 0.0
0.0 0.0 0.0
0.0 0.0 0.0
0.0 0.0 0.0
0.0 0.0 0.0
0.0 0.0 0.0
0.0 0.0 0.0
0.0 0.0 0.0
0.0 0.0 0.0
0.0 0.0 0.0
0.0 0.0 0.0
0.0 0.0 0.0
0.0 0.0 0.0
0.0 0.0 0.0
0.0 0.0 0.0
0.0 0.0 0.0
0.0 0.0 0.0
0.0 0.0 0.0
0.0 0.0 0.0
0.0 0.0 0.0
0.0 0.0 0.0
0.0 0.0 0.0
0.0 0.0 0.0
0.0 0.0 0.0
0.0 0.0 0.0
0.0 0.0 0.0
0.0 0.0 0.0
0.0 0.0 0.0
0.0 0.0 0.0
0.0 0.0 0.0
0.0 0.0 0.0
0.0 0.0 0.0
0.0 0.0 0.0
0.0 0.0 0.0
0.0 0.0 0.0
0.0 0.0 0.0
0.0 0.0 0.0
0.0 0.0 0.0
0.0 0.0 0.0
0.0 0.0 0.0
0.0 0.0 0.0
0.0 0.0 0.0
0.0 0.0 0.0
0.0 0.0 0.0
0.0 0.0 0.0
0.0 0.0 0.0
0.0 0.0 0.0
0.0 0.0 0.0
0.0 0.0 0.0
0.0 0.0 0.0
0.0 0.0 0.0
0.0 0.0 0.0
0.0 0.0 0.0
0.0 0.0 0.0
0.0 0.0 0.0
0.0 0.0 0.0
0.0 0.0 0.0
-0.5357736349105835 36.80414962768555 -1.7903342247009277
0.0 0.0 0.0
0.0 0.0 0.0
0.0 0.0 0.0
0.0 0.0 0.0
0.0 0.0 0.0
0.0 0.0 0.0
0.0 0.0 0.0
0.0 0.0 0.0
0.0 0.0 0.0
0.0 0.0 0.0
0.0 0.0 0.0
0.0 0.0 0.0
0.0 0.0 0.0
0.0 0.0 0.0
0.0 0.0 0.0
0.0 0.0 0.0
0.0 0.0 0.0
0.0 0.0 0.0
0.0 0.0 0.0
0.0 0.0 0.0
0.0 0.0 0.0
0.0 0.0 0.0
5.565678119659424 37.846336364746094 -1.8244398832321167
0.0 0.0 0.0
0.0 0.0 0.0
0.0 0.0 0.0
0.0 0.0 0.0
0.0 0.0 0.0
0.0 0.0 0.0
0.0 0.0 0.0
0.0 0.0 0.0
0.0 0.0 0.0
0.0 0.0 0.0
0.0 0.0 0.0
0.0 0.0 0.0
0.0 0.0 0.0
0.0 0.0 0.0
0.0 0.0 0.0
0.0 0.0 0.0
10.622523307800293 39.209171295166016 -1.8353867530822754
0.0 0.0 0.0
0.0 0.0 0.0
0.0 0.0 0.0
0.0 0.0 0.0
0.0 0.0 0.0
0.0 0.0 0.0
0.0 0.0 0.0
0.0 0.0 0.0
0.0 0.0 0.0
0.0 0.0 0.0
0.0 0.0 0.0
0.0 0.0 0.0
0.0 0.0 0.0
0.0 0.0 0.0
0.0 0.0 0.0
0.0 0.0 0.0
0.0 0.0 0.0
0.0 0.0 0.0
0.0 0.0 0.0
0.0 0.0 0.0
0.0 0.0 0.0
0.0 0.0 0.0
0.0 0.0 0.0
0.0 0.0 0.0
0.0 0.0 0.0
0.0 0.0 0.0
20.581003189086914 42.28544998168945 -1.8005540370941162
0.0 0.0 0.0
0.0 0.0 0.0
0.0 0.0 0.0
0.0 0.0 0.0
0.0 0.0 0.0
0.0 0.0 0.0
0.0 0.0 0.0
0.0 0.0 0.0
0.0 0.0 0.0
0.0 0.0 0.0
0.0 0.0 0.0
0.0 0.0 0.0
0.0 0.0 0.0
0.0 0.0 0.0
0.0 0.0 0.0
0.0 0.0 0.0
0.0 0.0 0.0
0.0 0.0 0.0
0.0 0.0 0.0
0.0 0.0 0.0
0.0 0.0 0.0
0.0 0.0 0.0
0.0 0.0 0.0
0.0 0.0 0.0
0.0 0.0 0.0
0.0 0.0 0.0
0.0 0.0 0.0
0.0 0.0 0.0
0.0 0.0 0.0
0.0 0.0 0.0
0.0 0.0 0.0
0.0 0.0 0.0
0.0 0.0 0.0
0.0 0.0 0.0
0.0 0.0 0.0
0.0 0.0 0.0
0.0 0.0 0.0
0.0 0.0 0.0
0.0 0.0 0.0
0.0 0.0 0.0
0.0 0.0 0.0
0.0 0.0 0.0
0.0 0.0 0.0
0.0 0.0 0.0
0.0 0.0 0.0
0.0 0.0 0.0
0.0 0.0 0.0
0.0 0.0 0.0
0.0 0.0 0.0
0.0 0.0 0.0
0.0 0.0 0.0
0.0 0.0 0.0
0.0 0.0 0.0
0.0 0.0 0.0
0.0 0.0 0.0
0.0 0.0 0.0
0.0 0.0 0.0
0.0 0.0 0.0
0.0 0.0 0.0
0.0 0.0 0.0
0.0 0.0 0.0
0.0 0.0 0.0
0.0 0.0 0.0
0.0 0.0 0.0
0.0 0.0 0.0
0.0 0.0 0.0
0.0 0.0 0.0
0.0 0.0 0.0
0.0 0.0 0.0
0.0 0.0 0.0
0.0 0.0 0.0
0.0 0.0 0.0
0.0 0.0 0.0
0.0 0.0 0.0
0.0 0.0 0.0
0.0 0.0 0.0
0.0 0.0 0.0
0.0 0.0 0.0
0.0 0.0 0.0
0.0 0.0 0.0
0.0 0.0 0.0
0.0 0.0 0.0
0.0 0.0 0.0
0.0 0.0 0.0
0.0 0.0 0.0
0.0 0.0 0.0
0.0 0.0 0.0
0.0 0.0 0.0
0.0 0.0 0.0
0.0 0.0 0.0
0.0 0.0 0.0
0.0 0.0 0.0
0.0 0.0 0.0
0.0 0.0 0.0
0.0 0.0 0.0
0.0 0.0 0.0
0.0 0.0 0.0
0.0 0.0 0.0
0.0 0.0 0.0
0.0 0.0 0.0
0.0 0.0 0.0
0.0 0.0 0.0
0.0 0.0 0.0
0.0 0.0 0.0
0.0 0.0 0.0
0.0 0.0 0.0
0.0 0.0 0.0
0.0 0.0 0.0
0.0 0.0 0.0
0.0 0.0 0.0
0.0 0.0 0.0
0.0 0.0 0.0
0.0 0.0 0.0
0.0 0.0 0.0
0.0 0.0 0.0
0.0 0.0 0.0
0.0 0.0 0.0
0.0 0.0 0.0
0.0 0.0 0.0
0.0 0.0 0.0
0.0 0.0 0.0
0.0 0.0 0.0
0.0 0.0 0.0
0.0 0.0 0.0
0.0 0.0 0.0
0.0 0.0 0.0
0.0 0.0 0.0
0.0 0.0 0.0
0.0 0.0 0.0
0.0 0.0 0.0
0.0 0.0 0.0
0.0 0.0 0.0
0.0 0.0 0.0
0.0 0.0 0.0
0.0 0.0 0.0
0.0 0.0 0.0
0.0 0.0 0.0
0.0 0.0 0.0
0.0 0.0 0.0
0.0 0.0 0.0
0.0 0.0 0.0
0.0 0.0 0.0
0.0 0.0 0.0
0.0 0.0 0.0
0.0 0.0 0.0
0.0 0.0 0.0
0.0 0.0 0.0
0.0 0.0 0.0
0.0 0.0 0.0
0.0 0.0 0.0
0.0 0.0 0.0
0.0 0.0 0.0
0.0 0.0 0.0
0.0 0.0 0.0
0.0 0.0 0.0
0.0 0.0 0.0
0.0 0.0 0.0
0.0 0.0 0.0
0.0 0.0 0.0
0.0 0.0 0.0
0.0 0.0 0.0
0.0 0.0 0.0
0.0 0.0 0.0
0.0 0.0 0.0
0.0 0.0 0.0
0.0 0.0 0.0
0.0 0.0 0.0
0.0 0.0 0.0
0.0 0.0 0.0
0.0 0.0 0.0
0.0 0.0 0.0
0.0 0.0 0.0
0.0 0.0 0.0
0.0 0.0 0.0
0.0 0.0 0.0
0.0 0.0 0.0
0.0 0.0 0.0
0.0 0.0 0.0
0.0 0.0 0.0
0.0 0.0 0.0
0.0 0.0 0.0
0.0 0.0 0.0
0.0 0.0 0.0
0.0 0.0 0.0
0.0 0.0 0.0
0.0 0.0 0.0
0.0 0.0 0.0
0.0 0.0 0.0
0.0 0.0 0.0
0.0 0.0 0.0
0.0 0.0 0.0
0.0 0.0 0.0
0.0 0.0 0.0
0.0 0.0 0.0
0.0 0.0 0.0
0.0 0.0 0.0
0.0 0.0 0.0
0.0 0.0 0.0
0.0 0.0 0.0
0.0 0.0 0.0
0.0 0.0 0.0
0.0 0.0 0.0
0.0 0.0 0.0
0.0 0.0 0.0
0.0 0.0 0.0
0.0 0.0 0.0
0.0 0.0 0.0
0.0 0.0 0.0
0.0 0.0 0.0
0.0 0.0 0.0
0.0 0.0 0.0
0.0 0.0 0.0
0.0 0.0 0.0
0.0 0.0 0.0
0.0 0.0 0.0
0.0 0.0 0.0
0.0 0.0 0.0
0.0 0.0 0.0
0.0 0.0 0.0
0.0 0.0 0.0
0.0 0.0 0.0
0.0 0.0 0.0
0.0 0.0 0.0
0.0 0.0 0.0
0.0 0.0 0.0
0.0 0.0 0.0
0.0 0.0 0.0
0.0 0.0 0.0
0.0 0.0 0.0
0.0 0.0 0.0
0.0 0.0 0.0
0.0 0.0 0.0
0.0 0.0 0.0
0.0 0.0 0.0
0.0 0.0 0.0
0.0 0.0 0.0
0.0 0.0 0.0
0.0 0.0 0.0
0.0 0.0 0.0
0.0 0.0 0.0
0.0 0.0 0.0
0.0 0.0 0.0
0.0 0.0 0.0
0.0 0.0 0.0
0.0 0.0 0.0
0.0 0.0 0.0
0.0 0.0 0.0
0.0 0.0 0.0
0.0 0.0 0.0
0.0 0.0 0.0
0.0 0.0 0.0
0.0 0.0 0.0
0.0 0.0 0.0
0.0 0.0 0.0
0.0 0.0 0.0
0.0 0.0 0.0
0.0 0.0 0.0
0.0 0.0 0.0
0.0 0.0 0.0
0.0 0.0 0.0
0.0 0.0 0.0
0.0 0.0 0.0
0.0 0.0 0.0
0.0 0.0 0.0
0.0 0.0 0.0
0.0 0.0 0.0
0.0 0.0 0.0
0.0 0.0 0.0
0.0 0.0 0.0
0.0 0.0 0.0
0.0 0.0 0.0
0.0 0.0 0.0
0.0 0.0 0.0
-5.9131574630737305 37.203033447265625 -1.670068621635437
0.0 0.0 0.0
-5.365429401397705 37.080482482910156 -1.6711995601654053
0.0 0.0 0.0
0.0 0.0 0.0
0.0 0.0 0.0
0.0 0.0 0.0
0.0 0.0 0.0
-3.786468029022217 37.06193923950195 -1.6855072975158691
0.0 0.0 0.0
0.0 0.0 0.0
0.0 0.0 0.0
0.0 0.0 0.0
0.0 0.0 0.0
0.0 0.0 0.0
0.0 0.0 0.0
0.0 0.0 0.0
0.0 0.0 0.0
0.0 0.0 0.0
0.0 0.0 0.0
0.0 0.0 0.0
-0.41063180565834045 37.298179626464844 -1.714935302734375
0.0 0.0 0.0
0.0 0.0 0.0
0.3730219900608063 37.829200744628906 -1.741245985031128
0.0 0.0 0.0
0.0 0.0 0.0
0.0 0.0 0.0
0.0 0.0 0.0
0.0 0.0 0.0
0.0 0.0 0.0
2.2289960384368896 37.870994567871094 -1.7432044744491577
0.0 0.0 0.0
0.0 0.0 0.0
0.0 0.0 0.0
3.3080344200134277 38.04692077636719 -1.748486042022705
0.0 0.0 0.0
0.0 0.0 0.0
0.0 0.0 0.0
0.0 0.0 0.0
0.0 0.0 0.0
0.0 0.0 0.0
0.0 0.0 0.0
0.0 0.0 0.0
0.0 0.0 0.0
0.0 0.0 0.0
0.0 0.0 0.0
0.0 0.0 0.0
0.0 0.0 0.0
0.0 0.0 0.0
0.0 0.0 0.0
0.0 0.0 0.0
0.0 0.0 0.0
0.0 0.0 0.0
0.0 0.0 0.0
0.0 0.0 0.0
0.0 0.0 0.0
0.0 0.0 0.0
0.0 0.0 0.0
0.0 0.0 0.0
0.0 0.0 0.0
0.0 0.0 0.0
0.0 0.0 0.0
0.0 0.0 0.0
0.0 0.0 0.0
0.0 0.0 0.0
0.0 0.0 0.0
0.0 0.0 0.0
0.0 0.0 0.0
0.0 0.0 0.0
0.0 0.0 0.0
0.0 0.0 0.0
0.0 0.0 0.0
0.0 0.0 0.0
0.0 0.0 0.0
0.0 0.0 0.0
0.0 0.0 0.0
0.0 0.0 0.0
0.0 0.0 0.0
0.0 0.0 0.0
0.0 0.0 0.0
0.0 0.0 0.0
0.0 0.0 0.0
0.0 0.0 0.0
0.0 0.0 0.0
0.0 0.0 0.0
0.0 0.0 0.0
0.0 0.0 0.0
0.0 0.0 0.0
0.0 0.0 0.0
0.0 0.0 0.0
0.0 0.0 0.0
0.0 0.0 0.0
0.0 0.0 0.0
0.0 0.0 0.0
0.0 0.0 0.0
0.0 0.0 0.0
0.0 0.0 0.0
0.0 0.0 0.0
0.0 0.0 0.0
0.0 0.0 0.0
0.0 0.0 0.0
0.0 0.0 0.0
0.0 0.0 0.0
0.0 0.0 0.0
0.0 0.0 0.0
0.0 0.0 0.0
0.0 0.0 0.0
0.0 0.0 0.0
0.0 0.0 0.0
0.0 0.0 0.0
0.0 0.0 0.0
0.0 0.0 0.0
0.0 0.0 0.0
0.0 0.0 0.0
0.0 0.0 0.0
0.0 0.0 0.0
0.0 0.0 0.0
0.0 0.0 0.0
0.0 0.0 0.0
0.0 0.0 0.0
0.0 0.0 0.0
0.0 0.0 0.0
0.0 0.0 0.0
0.0 0.0 0.0
0.0 0.0 0.0
0.0 0.0 0.0
0.0 0.0 0.0
0.0 0.0 0.0
0.0 0.0 0.0
0.0 0.0 0.0
0.0 0.0 0.0
0.0 0.0 0.0
0.0 0.0 0.0
0.0 0.0 0.0
0.0 0.0 0.0
0.0 0.0 0.0
0.0 0.0 0.0
0.0 0.0 0.0
0.0 0.0 0.0
0.0 0.0 0.0
0.0 0.0 0.0
0.0 0.0 0.0
0.0 0.0 0.0
0.0 0.0 0.0
0.0 0.0 0.0
0.0 0.0 0.0
0.0 0.0 0.0
0.0 0.0 0.0
0.0 0.0 0.0
0.0 0.0 0.0
0.0 0.0 0.0
0.0 0.0 0.0
0.0 0.0 0.0
0.0 0.0 0.0
0.0 0.0 0.0
0.0 0.0 0.0
0.0 0.0 0.0
0.0 0.0 0.0
0.0 0.0 0.0
0.0 0.0 0.0
0.0 0.0 0.0
0.0 0.0 0.0
0.0 0.0 0.0
0.0 0.0 0.0
0.0 0.0 0.0
0.0 0.0 0.0
0.0 0.0 0.0
0.0 0.0 0.0
0.0 0.0 0.0
0.0 0.0 0.0
0.0 0.0 0.0
0.0 0.0 0.0
0.0 0.0 0.0
0.0 0.0 0.0
0.0 0.0 0.0
0.0 0.0 0.0
0.0 0.0 0.0
0.0 0.0 0.0
0.0 0.0 0.0
0.0 0.0 0.0
0.0 0.0 0.0
0.0 0.0 0.0
0.0 0.0 0.0
0.0 0.0 0.0
0.0 0.0 0.0
0.0 0.0 0.0
0.0 0.0 0.0
0.0 0.0 0.0
0.0 0.0 0.0
0.0 0.0 0.0
0.0 0.0 0.0
0.0 0.0 0.0
0.0 0.0 0.0
0.0 0.0 0.0
0.0 0.0 0.0
0.0 0.0 0.0
0.0 0.0 0.0
0.0 0.0 0.0
0.0 0.0 0.0
0.0 0.0 0.0
0.0 0.0 0.0
0.0 0.0 0.0
0.0 0.0 0.0
0.0 0.0 0.0
0.0 0.0 0.0
0.0 0.0 0.0
0.0 0.0 0.0
0.0 0.0 0.0
0.0 0.0 0.0
0.0 0.0 0.0
0.0 0.0 0.0
0.0 0.0 0.0
0.0 0.0 0.0
0.0 0.0 0.0
0.0 0.0 0.0
0.0 0.0 0.0
0.0 0.0 0.0
0.0 0.0 0.0
0.0 0.0 0.0
0.0 0.0 0.0
0.0 0.0 0.0
0.0 0.0 0.0
0.0 0.0 0.0
0.0 0.0 0.0
0.0 0.0 0.0
0.0 0.0 0.0
0.0 0.0 0.0
0.0 0.0 0.0
0.0 0.0 0.0
0.0 0.0 0.0
0.0 0.0 0.0
0.0 0.0 0.0
0.0 0.0 0.0
0.0 0.0 0.0
0.0 0.0 0.0
0.0 0.0 0.0
0.0 0.0 0.0
0.0 0.0 0.0
0.0 0.0 0.0
0.0 0.0 0.0
0.0 0.0 0.0
0.0 0.0 0.0
0.0 0.0 0.0
0.0 0.0 0.0
0.0 0.0 0.0
0.0 0.0 0.0
0.0 0.0 0.0
0.0 0.0 0.0
0.0 0.0 0.0
0.0 0.0 0.0
0.0 0.0 0.0
0.0 0.0 0.0
0.0 0.0 0.0
0.0 0.0 0.0
0.0 0.0 0.0
0.0 0.0 0.0
0.0 0.0 0.0
0.0 0.0 0.0
0.0 0.0 0.0
0.0 0.0 0.0
0.0 0.0 0.0
0.0 0.0 0.0
0.0 0.0 0.0
0.0 0.0 0.0
0.0 0.0 0.0
0.0 0.0 0.0
0.0 0.0 0.0
0.0 0.0 0.0
0.0 0.0 0.0
0.0 0.0 0.0
0.0 0.0 0.0
0.0 0.0 0.0
0.0 0.0 0.0
0.0 0.0 0.0
0.0 0.0 0.0
0.0 0.0 0.0
0.0 0.0 0.0
0.0 0.0 0.0
0.0 0.0 0.0
0.0 0.0 0.0
0.0 0.0 0.0
0.0 0.0 0.0
-34.9813346862793 56.98182678222656 1.9320112466812134
0.0 0.0 0.0
0.0 0.0 0.0
0.0 0.0 0.0
0.0 0.0 0.0
0.0 0.0 0.0
0.0 0.0 0.0
0.0 0.0 0.0
0.0 0.0 0.0
0.0 0.0 0.0
0.0 0.0 0.0
0.0 0.0 0.0
0.0 0.0 0.0
0.0 0.0 0.0
0.0 0.0 0.0
0.0 0.0 0.0
0.0 0.0 0.0
0.0 0.0 0.0
0.0 0.0 0.0
0.0 0.0 0.0
0.0 0.0 0.0
0.0 0.0 0.0
0.0 0.0 0.0
0.0 0.0 0.0
0.0 0.0 0.0
0.0 0.0 0.0
0.0 0.0 0.0
0.0 0.0 0.0
0.0 0.0 0.0
0.0 0.0 0.0
0.0 0.0 0.0
0.0 0.0 0.0
0.0 0.0 0.0
0.0 0.0 0.0
0.0 0.0 0.0
0.0 0.0 0.0
0.0 0.0 0.0
0.0 0.0 0.0
0.0 0.0 0.0
0.0 0.0 0.0
0.0 0.0 0.0
0.0 0.0 0.0
0.0 0.0 0.0
0.0 0.0 0.0
0.0 0.0 0.0
0.0 0.0 0.0
0.0 0.0 0.0
0.0 0.0 0.0
0.0 0.0 0.0
0.0 0.0 0.0
0.0 0.0 0.0
0.0 0.0 0.0
0.0 0.0 0.0
0.0 0.0 0.0
0.0 0.0 0.0
0.0 0.0 0.0
0.0 0.0 0.0
0.0 0.0 0.0
0.0 0.0 0.0
0.0 0.0 0.0
0.0 0.0 0.0
0.0 0.0 0.0
0.0 0.0 0.0
0.0 0.0 0.0
0.0 0.0 0.0
0.0 0.0 0.0
0.0 0.0 0.0
0.0 0.0 0.0
0.0 0.0 0.0
0.0 0.0 0.0
0.0 0.0 0.0
0.0 0.0 0.0
0.0 0.0 0.0
0.0 0.0 0.0
0.0 0.0 0.0
0.0 0.0 0.0
0.0 0.0 0.0
0.0 0.0 0.0
0.0 0.0 0.0
0.0 0.0 0.0
-5.874749183654785 37.825382232666016 -1.6048070192337036
0.0 0.0 0.0
0.0 0.0 0.0
0.0 0.0 0.0
0.0 0.0 0.0
0.0 0.0 0.0
0.0 0.0 0.0
0.0 0.0 0.0
0.0 0.0 0.0
0.0 0.0 0.0
0.0 0.0 0.0
0.0 0.0 0.0
0.0 0.0 0.0
0.0 0.0 0.0
0.0 0.0 0.0
0.0 0.0 0.0
0.0 0.0 0.0
0.0 0.0 0.0
0.0 0.0 0.0
0.0 0.0 0.0
0.0 0.0 0.0
0.0 0.0 0.0
0.0 0.0 0.0
0.24745742976665497 38.33413314819336 -1.6654335260391235
0.0 0.0 0.0
0.0 0.0 0.0
0.0 0.0 0.0
0.0 0.0 0.0
0.0 0.0 0.0
0.0 0.0 0.0
0.0 0.0 0.0
0.0 0.0 0.0
0.0 0.0 0.0
0.0 0.0 0.0
0.0 0.0 0.0
0.0 0.0 0.0
0.0 0.0 0.0
0.0 0.0 0.0
0.0 0.0 0.0
0.0 0.0 0.0
0.0 0.0 0.0
0.0 0.0 0.0
0.0 0.0 0.0
0.0 0.0 0.0
0.0 0.0 0.0
0.0 0.0 0.0
0.0 0.0 0.0
0.0 0.0 0.0
0.0 0.0 0.0
0.0 0.0 0.0
0.0 0.0 0.0
0.0 0.0 0.0
0.0 0.0 0.0
0.0 0.0 0.0
0.0 0.0 0.0
0.0 0.0 0.0
0.0 0.0 0.0
0.0 0.0 0.0
0.0 0.0 0.0
0.0 0.0 0.0
0.0 0.0 0.0
0.0 0.0 0.0
0.0 0.0 0.0
0.0 0.0 0.0
0.0 0.0 0.0
0.0 0.0 0.0
0.0 0.0 0.0
0.0 0.0 0.0
0.0 0.0 0.0
0.0 0.0 0.0
0.0 0.0 0.0
0.0 0.0 0.0
0.0 0.0 0.0
0.0 0.0 0.0
0.0 0.0 0.0
0.0 0.0 0.0
0.0 0.0 0.0
0.0 0.0 0.0
0.0 0.0 0.0
0.0 0.0 0.0
0.0 0.0 0.0
0.0 0.0 0.0
0.0 0.0 0.0
0.0 0.0 0.0
0.0 0.0 0.0
0.0 0.0 0.0
0.0 0.0 0.0
0.0 0.0 0.0
0.0 0.0 0.0
0.0 0.0 0.0
0.0 0.0 0.0
0.0 0.0 0.0
0.0 0.0 0.0
0.0 0.0 0.0
0.0 0.0 0.0
0.0 0.0 0.0
0.0 0.0 0.0
0.0 0.0 0.0
0.0 0.0 0.0
0.0 0.0 0.0
0.0 0.0 0.0
0.0 0.0 0.0
0.0 0.0 0.0
0.0 0.0 0.0
0.0 0.0 0.0
0.0 0.0 0.0
0.0 0.0 0.0
0.0 0.0 0.0
0.0 0.0 0.0
0.0 0.0 0.0
0.0 0.0 0.0
0.0 0.0 0.0
0.0 0.0 0.0
0.0 0.0 0.0
0.0 0.0 0.0
0.0 0.0 0.0
0.0 0.0 0.0
0.0 0.0 0.0
0.0 0.0 0.0
0.0 0.0 0.0
0.0 0.0 0.0
0.0 0.0 0.0
0.0 0.0 0.0
0.0 0.0 0.0
0.0 0.0 0.0
0.0 0.0 0.0
0.0 0.0 0.0
0.0 0.0 0.0
0.0 0.0 0.0
0.0 0.0 0.0
0.0 0.0 0.0
0.0 0.0 0.0
0.0 0.0 0.0
0.0 0.0 0.0
0.0 0.0 0.0
0.0 0.0 0.0
0.0 0.0 0.0
0.0 0.0 0.0
0.0 0.0 0.0
0.0 0.0 0.0
0.0 0.0 0.0
0.0 0.0 0.0
0.0 0.0 0.0
0.0 0.0 0.0
0.0 0.0 0.0
0.0 0.0 0.0
0.0 0.0 0.0
0.0 0.0 0.0
0.0 0.0 0.0
0.0 0.0 0.0
0.0 0.0 0.0
0.0 0.0 0.0
0.0 0.0 0.0
0.0 0.0 0.0
0.0 0.0 0.0
0.0 0.0 0.0
0.0 0.0 0.0
0.0 0.0 0.0
0.0 0.0 0.0
0.0 0.0 0.0
0.0 0.0 0.0
0.0 0.0 0.0
0.0 0.0 0.0
0.0 0.0 0.0
0.0 0.0 0.0
0.0 0.0 0.0
0.0 0.0 0.0
0.0 0.0 0.0
0.0 0.0 0.0
0.0 0.0 0.0
0.0 0.0 0.0
0.0 0.0 0.0
0.0 0.0 0.0
0.0 0.0 0.0
0.0 0.0 0.0
0.0 0.0 0.0
0.0 0.0 0.0
0.0 0.0 0.0
0.0 0.0 0.0
0.0 0.0 0.0
0.0 0.0 0.0
0.0 0.0 0.0
0.0 0.0 0.0
0.0 0.0 0.0
0.0 0.0 0.0
0.0 0.0 0.0
0.0 0.0 0.0
0.0 0.0 0.0
0.0 0.0 0.0
0.0 0.0 0.0
0.0 0.0 0.0
0.0 0.0 0.0
0.0 0.0 0.0
0.0 0.0 0.0
0.0 0.0 0.0
0.0 0.0 0.0
0.0 0.0 0.0
0.0 0.0 0.0
0.0 0.0 0.0
0.0 0.0 0.0
0.0 0.0 0.0
0.0 0.0 0.0
0.0 0.0 0.0
0.0 0.0 0.0
0.0 0.0 0.0
0.0 0.0 0.0
0.0 0.0 0.0
0.0 0.0 0.0
0.0 0.0 0.0
0.0 0.0 0.0
0.0 0.0 0.0
0.0 0.0 0.0
0.0 0.0 0.0
0.0 0.0 0.0
0.0 0.0 0.0
0.0 0.0 0.0
0.0 0.0 0.0
0.0 0.0 0.0
0.0 0.0 0.0
0.0 0.0 0.0
0.0 0.0 0.0
0.0 0.0 0.0
0.0 0.0 0.0
0.0 0.0 0.0
0.0 0.0 0.0
0.0 0.0 0.0
0.0 0.0 0.0
0.0 0.0 0.0
0.0 0.0 0.0
0.0 0.0 0.0
0.0 0.0 0.0
0.0 0.0 0.0
0.0 0.0 0.0
0.0 0.0 0.0
0.0 0.0 0.0
0.0 0.0 0.0
0.0 0.0 0.0
0.0 0.0 0.0
0.0 0.0 0.0
0.0 0.0 0.0
0.0 0.0 0.0
0.0 0.0 0.0
0.0 0.0 0.0
0.0 0.0 0.0
0.0 0.0 0.0
0.0 0.0 0.0
0.0 0.0 0.0
0.0 0.0 0.0
0.0 0.0 0.0
0.0 0.0 0.0
0.0 0.0 0.0
0.0 0.0 0.0
0.0 0.0 0.0
0.0 0.0 0.0
0.0 0.0 0.0
0.0 0.0 0.0
0.0 0.0 0.0
0.0 0.0 0.0
0.0 0.0 0.0
0.0 0.0 0.0
0.0 0.0 0.0
0.0 0.0 0.0
0.0 0.0 0.0
0.0 0.0 0.0
0.0 0.0 0.0
0.0 0.0 0.0
0.0 0.0 0.0
0.0 0.0 0.0
0.0 0.0 0.0
0.0 0.0 0.0
0.0 0.0 0.0
0.0 0.0 0.0
0.0 0.0 0.0
0.0 0.0 0.0
0.0 0.0 0.0
0.0 0.0 0.0
0.0 0.0 0.0
0.0 0.0 0.0
0.0 0.0 0.0
0.0 0.0 0.0
0.0 0.0 0.0
0.0 0.0 0.0
0.0 0.0 0.0
0.0 0.0 0.0
0.0 0.0 0.0
0.0 0.0 0.0
0.0 0.0 0.0
0.0 0.0 0.0
0.0 0.0 0.0
0.0 0.0 0.0
0.0 0.0 0.0
0.0 0.0 0.0
0.0 0.0 0.0
0.0 0.0 0.0
0.0 0.0 0.0
0.0 0.0 0.0
0.0 0.0 0.0
0.0 0.0 0.0
0.0 0.0 0.0
0.0 0.0 0.0
0.0 0.0 0.0
0.0 0.0 0.0
0.0 0.0 0.0
0.0 0.0 0.0
0.0 0.0 0.0
0.0 0.0 0.0
0.0 0.0 0.0
0.0 0.0 0.0
0.0 0.0 0.0
0.0 0.0 0.0
0.0 0.0 0.0
0.0 0.0 0.0
0.0 0.0 0.0
0.0 0.0 0.0
0.0 0.0 0.0
0.0 0.0 0.0
0.0 0.0 0.0
0.0 0.0 0.0
0.0 0.0 0.0
0.0 0.0 0.0
0.0 0.0 0.0
0.0 0.0 0.0
0.0 0.0 0.0
0.0 0.0 0.0
0.0 0.0 0.0
0.0 0.0 0.0
0.0 0.0 0.0
0.0 0.0 0.0
0.0 0.0 0.0
0.0 0.0 0.0
0.0 0.0 0.0
0.0 0.0 0.0
0.0 0.0 0.0
0.0 0.0 0.0
0.0 0.0 0.0
0.0 0.0 0.0
0.0 0.0 0.0
0.0 0.0 0.0
0.0 0.0 0.0
0.0 0.0 0.0
0.0 0.0 0.0
0.0 0.0 0.0
0.0 0.0 0.0
0.0 0.0 0.0
0.0 0.0 0.0
0.0 0.0 0.0
0.0 0.0 0.0
0.0 0.0 0.0
0.0 0.0 0.0
0.0 0.0 0.0
0.0 0.0 0.0
0.0 0.0 0.0
0.0 0.0 0.0
0.0 0.0 0.0
0.0 0.0 0.0
0.0 0.0 0.0
0.0 0.0 0.0
0.0 0.0 0.0
0.0 0.0 0.0
0.0 0.0 0.0
0.0 0.0 0.0
0.0 0.0 0.0
0.0 0.0 0.0
0.0 0.0 0.0
0.0 0.0 0.0
0.0 0.0 0.0
0.0 0.0 0.0
0.0 0.0 0.0
0.0 0.0 0.0
0.0 0.0 0.0
0.0 0.0 0.0
0.0 0.0 0.0
0.0 0.0 0.0
0.0 0.0 0.0
0.0 0.0 0.0
0.0 0.0 0.0
0.0 0.0 0.0
0.0 0.0 0.0
0.0 0.0 0.0
0.0 0.0 0.0
0.0 0.0 0.0
0.0 0.0 0.0
0.0 0.0 0.0
0.0 0.0 0.0
0.0 0.0 0.0
0.0 0.0 0.0
0.0 0.0 0.0
0.0 0.0 0.0
0.0 0.0 0.0
0.0 0.0 0.0
0.0 0.0 0.0
0.0 0.0 0.0
0.0 0.0 0.0
0.0 0.0 0.0
0.0 0.0 0.0
0.0 0.0 0.0
0.0 0.0 0.0
0.0 0.0 0.0
0.0 0.0 0.0
0.0 0.0 0.0
0.0 0.0 0.0
0.0 0.0 0.0
0.0 0.0 0.0
0.0 0.0 0.0
0.0 0.0 0.0
0.0 0.0 0.0
0.0 0.0 0.0
0.0 0.0 0.0
0.0 0.0 0.0
0.0 0.0 0.0
0.0 0.0 0.0
0.0 0.0 0.0
0.0 0.0 0.0
0.0 0.0 0.0
0.0 0.0 0.0
0.0 0.0 0.0
0.0 0.0 0.0
0.0 0.0 0.0
0.0 0.0 0.0
0.0 0.0 0.0
0.0 0.0 0.0
0.0 0.0 0.0
0.0 0.0 0.0
0.0 0.0 0.0
0.0 0.0 0.0
0.0 0.0 0.0
0.0 0.0 0.0
0.0 0.0 0.0
0.0 0.0 0.0
0.0 0.0 0.0
0.0 0.0 0.0
0.0 0.0 0.0
0.0 0.0 0.0
0.0 0.0 0.0
0.0 0.0 0.0
0.0 0.0 0.0
0.0 0.0 0.0
0.0 0.0 0.0
0.0 0.0 0.0
0.0 0.0 0.0
0.0 0.0 0.0
0.0 0.0 0.0
0.0 0.0 0.0
0.0 0.0 0.0
0.0 0.0 0.0
0.0 0.0 0.0
0.0 0.0 0.0
0.0 0.0 0.0
0.0 0.0 0.0
0.0 0.0 0.0
0.0 0.0 0.0
0.0 0.0 0.0
0.0 0.0 0.0
0.0 0.0 0.0
0.0 0.0 0.0
0.0 0.0 0.0
0.0 0.0 0.0
0.0 0.0 0.0
0.0 0.0 0.0
0.0 0.0 0.0
0.0 0.0 0.0
0.0 0.0 0.0
0.0 0.0 0.0
0.0 0.0 0.0
0.0 0.0 0.0
0.0 0.0 0.0
0.0 0.0 0.0
0.0 0.0 0.0
0.0 0.0 0.0
0.0 0.0 0.0
0.0 0.0 0.0
0.0 0.0 0.0
0.0 0.0 0.0
0.0 0.0 0.0
0.0 0.0 0.0
0.0 0.0 0.0
0.0 0.0 0.0
0.0 0.0 0.0
0.0 0.0 0.0
0.0 0.0 0.0
0.0 0.0 0.0
0.0 0.0 0.0
0.0 0.0 0.0
0.0 0.0 0.0
0.0 0.0 0.0
0.0 0.0 0.0
0.0 0.0 0.0
0.0 0.0 0.0
0.0 0.0 0.0
0.0 0.0 0.0
0.0 0.0 0.0
0.0 0.0 0.0
0.0 0.0 0.0
0.0 0.0 0.0
0.0 0.0 0.0
0.0 0.0 0.0
0.0 0.0 0.0
0.0 0.0 0.0
0.0 0.0 0.0
0.0 0.0 0.0
0.0 0.0 0.0
0.0 0.0 0.0
0.0 0.0 0.0
0.0 0.0 0.0
0.0 0.0 0.0
0.0 0.0 0.0
0.0 0.0 0.0
0.0 0.0 0.0
0.0 0.0 0.0
0.0 0.0 0.0
0.0 0.0 0.0
0.0 0.0 0.0
0.0 0.0 0.0
0.0 0.0 0.0
0.0 0.0 0.0
0.0 0.0 0.0
0.0 0.0 0.0
0.0 0.0 0.0
0.0 0.0 0.0
0.0 0.0 0.0
0.0 0.0 0.0
0.0 0.0 0.0
0.0 0.0 0.0
0.0 0.0 0.0
0.0 0.0 0.0
0.0 0.0 0.0
0.0 0.0 0.0
0.0 0.0 0.0
0.0 0.0 0.0
0.0 0.0 0.0
0.0 0.0 0.0
0.0 0.0 0.0
0.0 0.0 0.0
0.0 0.0 0.0
0.0 0.0 0.0
0.0 0.0 0.0
0.0 0.0 0.0
0.0 0.0 0.0
0.0 0.0 0.0
0.0 0.0 0.0
0.0 0.0 0.0
0.0 0.0 0.0
0.0 0.0 0.0
0.0 0.0 0.0
0.0 0.0 0.0
0.0 0.0 0.0
0.0 0.0 0.0
0.0 0.0 0.0
0.0 0.0 0.0
0.0 0.0 0.0
0.0 0.0 0.0
0.0 0.0 0.0
0.0 0.0 0.0
0.0 0.0 0.0
0.0 0.0 0.0
0.0 0.0 0.0
0.0 0.0 0.0
0.0 0.0 0.0
0.0 0.0 0.0
0.0 0.0 0.0
0.0 0.0 0.0
0.0 0.0 0.0
0.0 0.0 0.0
0.0 0.0 0.0
0.0 0.0 0.0
0.0 0.0 0.0
0.0 0.0 0.0
0.0 0.0 0.0
0.0 0.0 0.0
0.0 0.0 0.0
0.0 0.0 0.0
0.0 0.0 0.0
0.0 0.0 0.0
0.0 0.0 0.0
0.0 0.0 0.0
0.0 0.0 0.0
0.0 0.0 0.0
0.0 0.0 0.0
0.0 0.0 0.0
0.0 0.0 0.0
0.0 0.0 0.0
0.0 0.0 0.0
0.0 0.0 0.0
0.0 0.0 0.0
0.0 0.0 0.0
0.0 0.0 0.0
0.0 0.0 0.0
0.0 0.0 0.0
0.0 0.0 0.0
0.0 0.0 0.0
0.0 0.0 0.0
0.0 0.0 0.0
0.0 0.0 0.0
0.0 0.0 0.0
0.0 0.0 0.0
0.0 0.0 0.0
0.0 0.0 0.0
0.0 0.0 0.0
0.0 0.0 0.0
0.0 0.0 0.0
0.0 0.0 0.0
0.0 0.0 0.0
0.0 0.0 0.0
0.0 0.0 0.0
0.0 0.0 0.0
0.0 0.0 0.0
0.0 0.0 0.0
0.0 0.0 0.0
0.0 0.0 0.0
0.0 0.0 0.0
0.0 0.0 0.0
0.0 0.0 0.0
0.0 0.0 0.0
0.0 0.0 0.0
0.0 0.0 0.0
0.0 0.0 0.0
0.0 0.0 0.0
0.0 0.0 0.0
0.0 0.0 0.0
0.0 0.0 0.0
0.0 0.0 0.0
0.0 0.0 0.0
0.0 0.0 0.0
0.0 0.0 0.0
0.0 0.0 0.0
0.0 0.0 0.0
0.0 0.0 0.0
0.0 0.0 0.0
0.0 0.0 0.0
0.0 0.0 0.0
0.0 0.0 0.0
0.0 0.0 0.0
0.0 0.0 0.0
0.0 0.0 0.0
0.0 0.0 0.0
0.0 0.0 0.0
0.0 0.0 0.0
0.0 0.0 0.0
0.0 0.0 0.0
0.0 0.0 0.0
0.0 0.0 0.0
0.0 0.0 0.0
0.0 0.0 0.0
0.0 0.0 0.0
0.0 0.0 0.0
0.0 0.0 0.0
0.0 0.0 0.0
0.0 0.0 0.0
0.0 0.0 0.0
0.0 0.0 0.0
0.0 0.0 0.0
0.0 0.0 0.0
0.0 0.0 0.0
0.0 0.0 0.0
0.0 0.0 0.0
0.0 0.0 0.0
0.0 0.0 0.0
0.0 0.0 0.0
0.0 0.0 0.0
0.0 0.0 0.0
0.0 0.0 0.0
0.0 0.0 0.0
0.0 0.0 0.0
0.0 0.0 0.0
0.0 0.0 0.0
0.0 0.0 0.0
0.0 0.0 0.0
0.0 0.0 0.0
0.0 0.0 0.0
0.0 0.0 0.0
0.0 0.0 0.0
0.0 0.0 0.0
0.0 0.0 0.0
0.0 0.0 0.0
0.0 0.0 0.0
0.0 0.0 0.0
0.0 0.0 0.0
0.0 0.0 0.0
0.0 0.0 0.0
0.0 0.0 0.0
0.0 0.0 0.0
0.0 0.0 0.0
0.0 0.0 0.0
0.0 0.0 0.0
0.0 0.0 0.0
0.0 0.0 0.0
0.0 0.0 0.0
0.0 0.0 0.0
0.0 0.0 0.0
0.0 0.0 0.0
0.0 0.0 0.0
0.0 0.0 0.0
0.0 0.0 0.0
0.0 0.0 0.0
0.0 0.0 0.0
0.0 0.0 0.0
0.0 0.0 0.0
0.0 0.0 0.0
0.0 0.0 0.0
0.0 0.0 0.0
0.0 0.0 0.0
0.0 0.0 0.0
0.0 0.0 0.0
0.0 0.0 0.0
0.0 0.0 0.0
0.0 0.0 0.0
0.0 0.0 0.0
0.0 0.0 0.0
0.0 0.0 0.0
0.0 0.0 0.0
0.0 0.0 0.0
0.0 0.0 0.0
0.0 0.0 0.0
0.0 0.0 0.0
0.0 0.0 0.0
0.0 0.0 0.0
0.0 0.0 0.0
0.0 0.0 0.0
0.0 0.0 0.0
0.0 0.0 0.0
0.0 0.0 0.0
0.0 0.0 0.0
0.0 0.0 0.0
0.0 0.0 0.0
0.0 0.0 0.0
0.0 0.0 0.0
0.0 0.0 0.0
0.0 0.0 0.0
0.0 0.0 0.0
0.0 0.0 0.0
0.0 0.0 0.0
-4.125093936920166 39.04823303222656 -1.4684325456619263
0.0 0.0 0.0
0.0 0.0 0.0
0.0 0.0 0.0
0.0 0.0 0.0
0.0 0.0 0.0
0.0 0.0 0.0
0.0 0.0 0.0
0.0 0.0 0.0
0.0 0.0 0.0
0.0 0.0 0.0
0.0 0.0 0.0
0.0 0.0 0.0
0.0 0.0 0.0
0.0 0.0 0.0
0.0 0.0 0.0
0.0 0.0 0.0
0.0 0.0 0.0
0.0 0.0 0.0
0.0 0.0 0.0
0.0 0.0 0.0
0.0 0.0 0.0
0.0 0.0 0.0
0.0 0.0 0.0
0.0 0.0 0.0
0.0 0.0 0.0
0.0 0.0 0.0
0.0 0.0 0.0
0.0 0.0 0.0
0.0 0.0 0.0
0.0 0.0 0.0
0.0 0.0 0.0
0.0 0.0 0.0
0.0 0.0 0.0
0.0 0.0 0.0
0.0 0.0 0.0
0.0 0.0 0.0
0.0 0.0 0.0
0.0 0.0 0.0
0.0 0.0 0.0
0.0 0.0 0.0
0.0 0.0 0.0
0.0 0.0 0.0
0.0 0.0 0.0
0.0 0.0 0.0
0.0 0.0 0.0
0.0 0.0 0.0
0.0 0.0 0.0
0.0 0.0 0.0
0.0 0.0 0.0
0.0 0.0 0.0
0.0 0.0 0.0
0.0 0.0 0.0
0.0 0.0 0.0
0.0 0.0 0.0
0.0 0.0 0.0
0.0 0.0 0.0
0.0 0.0 0.0
0.0 0.0 0.0
0.0 0.0 0.0
0.0 0.0 0.0
0.0 0.0 0.0
0.0 0.0 0.0
0.0 0.0 0.0
0.0 0.0 0.0
0.0 0.0 0.0
0.0 0.0 0.0
0.0 0.0 0.0
0.0 0.0 0.0
0.0 0.0 0.0
0.0 0.0 0.0
0.0 0.0 0.0
0.0 0.0 0.0
0.0 0.0 0.0
0.0 0.0 0.0
0.0 0.0 0.0
0.0 0.0 0.0
0.0 0.0 0.0
0.0 0.0 0.0
0.0 0.0 0.0
0.0 0.0 0.0
0.0 0.0 0.0
0.0 0.0 0.0
0.0 0.0 0.0
0.0 0.0 0.0
0.0 0.0 0.0
0.0 0.0 0.0
0.0 0.0 0.0
0.0 0.0 0.0
0.0 0.0 0.0
0.0 0.0 0.0
0.0 0.0 0.0
0.0 0.0 0.0
0.0 0.0 0.0
0.0 0.0 0.0
0.0 0.0 0.0
0.0 0.0 0.0
0.0 0.0 0.0
0.0 0.0 0.0
0.0 0.0 0.0
0.0 0.0 0.0
0.0 0.0 0.0
0.0 0.0 0.0
0.0 0.0 0.0
0.0 0.0 0.0
0.0 0.0 0.0
0.0 0.0 0.0
0.0 0.0 0.0
0.0 0.0 0.0
0.0 0.0 0.0
0.0 0.0 0.0
0.0 0.0 0.0
0.0 0.0 0.0
0.0 0.0 0.0
0.0 0.0 0.0
0.0 0.0 0.0
0.0 0.0 0.0
0.0 0.0 0.0
0.0 0.0 0.0
0.0 0.0 0.0
0.0 0.0 0.0
0.0 0.0 0.0
0.0 0.0 0.0
0.0 0.0 0.0
0.0 0.0 0.0
0.0 0.0 0.0
0.0 0.0 0.0
0.0 0.0 0.0
0.0 0.0 0.0
0.0 0.0 0.0
0.0 0.0 0.0
0.0 0.0 0.0
0.0 0.0 0.0
0.0 0.0 0.0
0.0 0.0 0.0
0.0 0.0 0.0
0.0 0.0 0.0
0.0 0.0 0.0
0.0 0.0 0.0
0.0 0.0 0.0
0.0 0.0 0.0
0.0 0.0 0.0
0.0 0.0 0.0
0.0 0.0 0.0
0.0 0.0 0.0
0.0 0.0 0.0
0.0 0.0 0.0
0.0 0.0 0.0
0.0 0.0 0.0
0.0 0.0 0.0
0.0 0.0 0.0
0.0 0.0 0.0
0.0 0.0 0.0
0.0 0.0 0.0
0.0 0.0 0.0
0.0 0.0 0.0
0.0 0.0 0.0
0.0 0.0 0.0
0.0 0.0 0.0
0.0 0.0 0.0
0.0 0.0 0.0
0.0 0.0 0.0
0.0 0.0 0.0
0.0 0.0 0.0
49.40362548828125 220.49237060546875 9.52937126159668
0.0 0.0 0.0
0.0 0.0 0.0
0.0 0.0 0.0
0.0 0.0 0.0
0.0 0.0 0.0
0.0 0.0 0.0
0.0 0.0 0.0
0.0 0.0 0.0
0.0 0.0 0.0
0.0 0.0 0.0
0.0 0.0 0.0
0.0 0.0 0.0
0.0 0.0 0.0
0.0 0.0 0.0
0.0 0.0 0.0
0.0 0.0 0.0
0.0 0.0 0.0
0.0 0.0 0.0
0.0 0.0 0.0
0.0 0.0 0.0
0.0 0.0 0.0
0.0 0.0 0.0
0.0 0.0 0.0
0.0 0.0 0.0
0.0 0.0 0.0
0.0 0.0 0.0
0.0 0.0 0.0
0.0 0.0 0.0
0.0 0.0 0.0
0.0 0.0 0.0
0.0 0.0 0.0
0.0 0.0 0.0
0.0 0.0 0.0
0.0 0.0 0.0
0.0 0.0 0.0
0.0 0.0 0.0
0.0 0.0 0.0
0.0 0.0 0.0
0.0 0.0 0.0
0.0 0.0 0.0
0.0 0.0 0.0
0.0 0.0 0.0
0.0 0.0 0.0
0.0 0.0 0.0
0.0 0.0 0.0
0.0 0.0 0.0
0.0 0.0 0.0
0.0 0.0 0.0
0.0 0.0 0.0
0.0 0.0 0.0
0.0 0.0 0.0
0.0 0.0 0.0
0.0 0.0 0.0
0.0 0.0 0.0
0.0 0.0 0.0
0.0 0.0 0.0
0.0 0.0 0.0
0.0 0.0 0.0
0.0 0.0 0.0
0.0 0.0 0.0
0.0 0.0 0.0
0.0 0.0 0.0
0.0 0.0 0.0
0.0 0.0 0.0
0.0 0.0 0.0
0.0 0.0 0.0
0.0 0.0 0.0
0.0 0.0 0.0
0.0 0.0 0.0
0.0 0.0 0.0
0.0 0.0 0.0
0.0 0.0 0.0
0.0 0.0 0.0
0.0 0.0 0.0
0.0 0.0 0.0
0.0 0.0 0.0
0.0 0.0 0.0
0.0 0.0 0.0
0.0 0.0 0.0
0.0 0.0 0.0
0.0 0.0 0.0
0.0 0.0 0.0
0.0 0.0 0.0
0.0 0.0 0.0
0.0 0.0 0.0
0.0 0.0 0.0
0.0 0.0 0.0
0.0 0.0 0.0
0.0 0.0 0.0
0.0 0.0 0.0
0.0 0.0 0.0
0.0 0.0 0.0
0.0 0.0 0.0
0.0 0.0 0.0
0.0 0.0 0.0
0.0 0.0 0.0
0.0 0.0 0.0
0.0 0.0 0.0
0.0 0.0 0.0
0.0 0.0 0.0
0.0 0.0 0.0
0.0 0.0 0.0
0.0 0.0 0.0
0.0 0.0 0.0
0.0 0.0 0.0
0.0 0.0 0.0
0.0 0.0 0.0
0.0 0.0 0.0
0.0 0.0 0.0
0.0 0.0 0.0
0.0 0.0 0.0
0.0 0.0 0.0
0.0 0.0 0.0
0.0 0.0 0.0
0.0 0.0 0.0
0.0 0.0 0.0
0.0 0.0 0.0
0.0 0.0 0.0
0.0 0.0 0.0
0.0 0.0 0.0
0.0 0.0 0.0
0.0 0.0 0.0
0.0 0.0 0.0
0.0 0.0 0.0
0.0 0.0 0.0
0.0 0.0 0.0
0.0 0.0 0.0
0.0 0.0 0.0
0.0 0.0 0.0
0.0 0.0 0.0
0.0 0.0 0.0
0.0 0.0 0.0
0.0 0.0 0.0
0.0 0.0 0.0
0.0 0.0 0.0
0.0 0.0 0.0
0.0 0.0 0.0
0.0 0.0 0.0
0.0 0.0 0.0
0.0 0.0 0.0
0.0 0.0 0.0
0.0 0.0 0.0
0.0 0.0 0.0
0.0 0.0 0.0
0.0 0.0 0.0
0.0 0.0 0.0
0.0 0.0 0.0
0.0 0.0 0.0
0.0 0.0 0.0
0.0 0.0 0.0
0.0 0.0 0.0
0.0 0.0 0.0
0.0 0.0 0.0
0.0 0.0 0.0
0.0 0.0 0.0
0.0 0.0 0.0
0.0 0.0 0.0
0.0 0.0 0.0
0.0 0.0 0.0
0.0 0.0 0.0
0.0 0.0 0.0
0.0 0.0 0.0
0.0 0.0 0.0
0.0 0.0 0.0
0.0 0.0 0.0
0.0 0.0 0.0
0.0 0.0 0.0
0.0 0.0 0.0
0.0 0.0 0.0
0.0 0.0 0.0
0.0 0.0 0.0
0.0 0.0 0.0
0.0 0.0 0.0
0.0 0.0 0.0
0.0 0.0 0.0
0.0 0.0 0.0
0.0 0.0 0.0
0.0 0.0 0.0
0.0 0.0 0.0
0.0 0.0 0.0
0.0 0.0 0.0
0.0 0.0 0.0
0.0 0.0 0.0
0.0 0.0 0.0
0.0 0.0 0.0
0.0 0.0 0.0
0.0 0.0 0.0
0.0 0.0 0.0
0.0 0.0 0.0
0.0 0.0 0.0
0.0 0.0 0.0
0.0 0.0 0.0
0.0 0.0 0.0
0.0 0.0 0.0
0.0 0.0 0.0
0.0 0.0 0.0
0.0 0.0 0.0
0.0 0.0 0.0
0.0 0.0 0.0
0.0 0.0 0.0
0.0 0.0 0.0
0.0 0.0 0.0
0.0 0.0 0.0
0.0 0.0 0.0
0.0 0.0 0.0
0.0 0.0 0.0
0.0 0.0 0.0
0.0 0.0 0.0
0.0 0.0 0.0
0.0 0.0 0.0
0.0 0.0 0.0
0.0 0.0 0.0
0.0 0.0 0.0
0.0 0.0 0.0
0.0 0.0 0.0
0.0 0.0 0.0
0.0 0.0 0.0
0.0 0.0 0.0
0.0 0.0 0.0
0.0 0.0 0.0
0.0 0.0 0.0
0.0 0.0 0.0
0.0 0.0 0.0
0.0 0.0 0.0
0.0 0.0 0.0
0.0 0.0 0.0
0.0 0.0 0.0
0.0 0.0 0.0
0.0 0.0 0.0
0.0 0.0 0.0
0.0 0.0 0.0
0.0 0.0 0.0
0.0 0.0 0.0
0.0 0.0 0.0
0.0 0.0 0.0
0.0 0.0 0.0
0.0 0.0 0.0
0.0 0.0 0.0
0.0 0.0 0.0
0.0 0.0 0.0
0.0 0.0 0.0
0.0 0.0 0.0
0.0 0.0 0.0
0.0 0.0 0.0
0.0 0.0 0.0
0.0 0.0 0.0
0.0 0.0 0.0
0.0 0.0 0.0
10.85071086883545 41.77295684814453 -1.4507466554641724
0.0 0.0 0.0
0.0 0.0 0.0
0.0 0.0 0.0
0.0 0.0 0.0
0.0 0.0 0.0
0.0 0.0 0.0
0.0 0.0 0.0
0.0 0.0 0.0
0.0 0.0 0.0
0.0 0.0 0.0
0.0 0.0 0.0
0.0 0.0 0.0
0.0 0.0 0.0
0.0 0.0 0.0
0.0 0.0 0.0
0.0 0.0 0.0
0.0 0.0 0.0
0.0 0.0 0.0
0.0 0.0 0.0
0.0 0.0 0.0
0.0 0.0 0.0
0.0 0.0 0.0
0.0 0.0 0.0
0.0 0.0 0.0
0.0 0.0 0.0
0.0 0.0 0.0
0.0 0.0 0.0
0.0 0.0 0.0
0.0 0.0 0.0
0.0 0.0 0.0
0.0 0.0 0.0
0.0 0.0 0.0
0.0 0.0 0.0
0.0 0.0 0.0
0.0 0.0 0.0
0.0 0.0 0.0
0.0 0.0 0.0
0.0 0.0 0.0
0.0 0.0 0.0
0.0 0.0 0.0
0.0 0.0 0.0
0.0 0.0 0.0
0.0 0.0 0.0
0.0 0.0 0.0
0.0 0.0 0.0
0.0 0.0 0.0
0.0 0.0 0.0
0.0 0.0 0.0
0.0 0.0 0.0
0.0 0.0 0.0
0.0 0.0 0.0
0.0 0.0 0.0
0.0 0.0 0.0
0.0 0.0 0.0
0.0 0.0 0.0
0.0 0.0 0.0
0.0 0.0 0.0
0.0 0.0 0.0
0.0 0.0 0.0
0.0 0.0 0.0
0.0 0.0 0.0
0.0 0.0 0.0
0.0 0.0 0.0
0.0 0.0 0.0
0.0 0.0 0.0
0.0 0.0 0.0
0.0 0.0 0.0
0.0 0.0 0.0
0.0 0.0 0.0
0.0 0.0 0.0
0.0 0.0 0.0
0.0 0.0 0.0
0.0 0.0 0.0
0.0 0.0 0.0
0.0 0.0 0.0
0.0 0.0 0.0
0.0 0.0 0.0
0.0 0.0 0.0
0.0 0.0 0.0
0.0 0.0 0.0
0.0 0.0 0.0
0.0 0.0 0.0
0.0 0.0 0.0
0.0 0.0 0.0
0.0 0.0 0.0
0.0 0.0 0.0
0.0 0.0 0.0
0.0 0.0 0.0
0.0 0.0 0.0
0.0 0.0 0.0
0.0 0.0 0.0
0.0 0.0 0.0
0.0 0.0 0.0
0.0 0.0 0.0
0.0 0.0 0.0
0.0 0.0 0.0
0.0 0.0 0.0
0.0 0.0 0.0
0.0 0.0 0.0
0.0 0.0 0.0
0.0 0.0 0.0
0.0 0.0 0.0
0.0 0.0 0.0
0.0 0.0 0.0
0.0 0.0 0.0
0.0 0.0 0.0
0.0 0.0 0.0
0.0 0.0 0.0
0.0 0.0 0.0
0.0 0.0 0.0
0.0 0.0 0.0
0.0 0.0 0.0
0.0 0.0 0.0
0.0 0.0 0.0
0.0 0.0 0.0
0.0 0.0 0.0
0.0 0.0 0.0
0.0 0.0 0.0
0.0 0.0 0.0
0.0 0.0 0.0
0.0 0.0 0.0
0.0 0.0 0.0
0.0 0.0 0.0
0.0 0.0 0.0
0.0 0.0 0.0
0.0 0.0 0.0
0.0 0.0 0.0
0.0 0.0 0.0
0.0 0.0 0.0
0.0 0.0 0.0
0.0 0.0 0.0
0.0 0.0 0.0
0.0 0.0 0.0
0.0 0.0 0.0
0.0 0.0 0.0
0.0 0.0 0.0
0.0 0.0 0.0
0.0 0.0 0.0
0.0 0.0 0.0
0.0 0.0 0.0
0.0 0.0 0.0
0.0 0.0 0.0
0.0 0.0 0.0
0.0 0.0 0.0
0.0 0.0 0.0
0.0 0.0 0.0
0.0 0.0 0.0
0.0 0.0 0.0
0.0 0.0 0.0
0.0 0.0 0.0
0.0 0.0 0.0
0.0 0.0 0.0
0.0 0.0 0.0
0.0 0.0 0.0
0.0 0.0 0.0
0.0 0.0 0.0
0.0 0.0 0.0
0.0 0.0 0.0
0.0 0.0 0.0
0.0 0.0 0.0
0.0 0.0 0.0
0.0 0.0 0.0
0.0 0.0 0.0
0.0 0.0 0.0
0.0 0.0 0.0
0.0 0.0 0.0
0.0 0.0 0.0
0.0 0.0 0.0
0.0 0.0 0.0
0.0 0.0 0.0
0.0 0.0 0.0
0.0 0.0 0.0
0.0 0.0 0.0
0.0 0.0 0.0
0.0 0.0 0.0
0.0 0.0 0.0
0.0 0.0 0.0
0.0 0.0 0.0
0.0 0.0 0.0
0.0 0.0 0.0
0.0 0.0 0.0
0.0 0.0 0.0
0.0 0.0 0.0
0.0 0.0 0.0
0.0 0.0 0.0
0.0 0.0 0.0
0.0 0.0 0.0
0.0 0.0 0.0
0.0 0.0 0.0
0.0 0.0 0.0
0.0 0.0 0.0
0.0 0.0 0.0
0.0 0.0 0.0
0.0 0.0 0.0
0.0 0.0 0.0
0.0 0.0 0.0
0.0 0.0 0.0
0.0 0.0 0.0
0.0 0.0 0.0
0.0 0.0 0.0
0.0 0.0 0.0
0.0 0.0 0.0
0.0 0.0 0.0
0.0 0.0 0.0
0.0 0.0 0.0
0.0 0.0 0.0
0.0 0.0 0.0
0.0 0.0 0.0
0.0 0.0 0.0
0.0 0.0 0.0
0.0 0.0 0.0
0.0 0.0 0.0
0.0 0.0 0.0
0.0 0.0 0.0
0.0 0.0 0.0
0.0 0.0 0.0
0.0 0.0 0.0
0.0 0.0 0.0
0.0 0.0 0.0
0.0 0.0 0.0
0.0 0.0 0.0
0.0 0.0 0.0
0.0 0.0 0.0
0.0 0.0 0.0
0.0 0.0 0.0
0.0 0.0 0.0
0.0 0.0 0.0
0.0 0.0 0.0
0.0 0.0 0.0
0.0 0.0 0.0
0.0 0.0 0.0
0.0 0.0 0.0
0.0 0.0 0.0
0.0 0.0 0.0
0.0 0.0 0.0
0.0 0.0 0.0
0.0 0.0 0.0
0.0 0.0 0.0
0.0 0.0 0.0
0.0 0.0 0.0
0.0 0.0 0.0
0.0 0.0 0.0
0.0 0.0 0.0
0.0 0.0 0.0
0.0 0.0 0.0
0.0 0.0 0.0
0.0 0.0 0.0
0.0 0.0 0.0
0.0 0.0 0.0
0.0 0.0 0.0
0.0 0.0 0.0
0.0 0.0 0.0
0.0 0.0 0.0
0.0 0.0 0.0
0.0 0.0 0.0
0.0 0.0 0.0
0.0 0.0 0.0
0.0 0.0 0.0
0.0 0.0 0.0
0.0 0.0 0.0
0.0 0.0 0.0
0.0 0.0 0.0
0.0 0.0 0.0
0.0 0.0 0.0
0.0 0.0 0.0
0.0 0.0 0.0
0.0 0.0 0.0
0.0 0.0 0.0
0.0 0.0 0.0
0.0 0.0 0.0
0.0 0.0 0.0
0.0 0.0 0.0
0.0 0.0 0.0
0.0 0.0 0.0
0.0 0.0 0.0
0.0 0.0 0.0
0.0 0.0 0.0
0.0 0.0 0.0
0.0 0.0 0.0
0.0 0.0 0.0
0.0 0.0 0.0
0.0 0.0 0.0
0.0 0.0 0.0
0.0 0.0 0.0
0.0 0.0 0.0
0.0 0.0 0.0
0.0 0.0 0.0
0.0 0.0 0.0
0.0 0.0 0.0
0.0 0.0 0.0
0.0 0.0 0.0
0.0 0.0 0.0
0.0 0.0 0.0
0.0 0.0 0.0
0.0 0.0 0.0
0.0 0.0 0.0
0.0 0.0 0.0
0.0 0.0 0.0
0.0 0.0 0.0
0.0 0.0 0.0
0.0 0.0 0.0
0.0 0.0 0.0
0.0 0.0 0.0
0.0 0.0 0.0
0.0 0.0 0.0
0.0 0.0 0.0
0.0 0.0 0.0
0.0 0.0 0.0
0.0 0.0 0.0
0.0 0.0 0.0
0.0 0.0 0.0
0.0 0.0 0.0
0.0 0.0 0.0
0.0 0.0 0.0
0.0 0.0 0.0
0.0 0.0 0.0
0.0 0.0 0.0
0.0 0.0 0.0
0.0 0.0 0.0
0.0 0.0 0.0
0.0 0.0 0.0
0.0 0.0 0.0
0.0 0.0 0.0
0.0 0.0 0.0
0.0 0.0 0.0
0.0 0.0 0.0
0.0 0.0 0.0
0.0 0.0 0.0
0.0 0.0 0.0
0.0 0.0 0.0
0.0 0.0 0.0
0.0 0.0 0.0
0.0 0.0 0.0
0.0 0.0 0.0
0.0 0.0 0.0
0.0 0.0 0.0
0.0 0.0 0.0
0.0 0.0 0.0
0.0 0.0 0.0
0.0 0.0 0.0
0.0 0.0 0.0
0.0 0.0 0.0
0.0 0.0 0.0
0.0 0.0 0.0
0.0 0.0 0.0
0.0 0.0 0.0
0.0 0.0 0.0
0.0 0.0 0.0
0.0 0.0 0.0
0.0 0.0 0.0
0.0 0.0 0.0
0.0 0.0 0.0
0.0 0.0 0.0
0.0 0.0 0.0
0.0 0.0 0.0
0.0 0.0 0.0
0.0 0.0 0.0
0.0 0.0 0.0
0.0 0.0 0.0
0.0 0.0 0.0
0.0 0.0 0.0
0.0 0.0 0.0
0.0 0.0 0.0
0.0 0.0 0.0
0.0 0.0 0.0
0.0 0.0 0.0
0.0 0.0 0.0
0.0 0.0 0.0
0.0 0.0 0.0
0.0 0.0 0.0
0.0 0.0 0.0
0.0 0.0 0.0
0.0 0.0 0.0
0.0 0.0 0.0
0.0 0.0 0.0
0.0 0.0 0.0
0.0 0.0 0.0
0.0 0.0 0.0
0.0 0.0 0.0
0.0 0.0 0.0
0.0 0.0 0.0
0.0 0.0 0.0
0.0 0.0 0.0
0.0 0.0 0.0
0.0 0.0 0.0
0.0 0.0 0.0
0.0 0.0 0.0
0.0 0.0 0.0
0.0 0.0 0.0
0.0 0.0 0.0
0.0 0.0 0.0
0.0 0.0 0.0
0.0 0.0 0.0
0.0 0.0 0.0
0.0 0.0 0.0
0.0 0.0 0.0
0.0 0.0 0.0
0.0 0.0 0.0
0.0 0.0 0.0
0.0 0.0 0.0
0.0 0.0 0.0
0.0 0.0 0.0
0.0 0.0 0.0
0.0 0.0 0.0
0.0 0.0 0.0
0.0 0.0 0.0
0.0 0.0 0.0
0.0 0.0 0.0
0.0 0.0 0.0
0.0 0.0 0.0
0.0 0.0 0.0
0.0 0.0 0.0
0.0 0.0 0.0
0.0 0.0 0.0
0.0 0.0 0.0
0.0 0.0 0.0
0.0 0.0 0.0
0.0 0.0 0.0
0.0 0.0 0.0
0.0 0.0 0.0
0.0 0.0 0.0
0.0 0.0 0.0
0.0 0.0 0.0
0.0 0.0 0.0
0.0 0.0 0.0
0.0 0.0 0.0
0.0 0.0 0.0
0.0 0.0 0.0
0.0 0.0 0.0
0.0 0.0 0.0
0.0 0.0 0.0
0.0 0.0 0.0
0.0 0.0 0.0
0.0 0.0 0.0
0.0 0.0 0.0
0.0 0.0 0.0
0.0 0.0 0.0
0.0 0.0 0.0
0.0 0.0 0.0
0.0 0.0 0.0
0.0 0.0 0.0
0.0 0.0 0.0
0.0 0.0 0.0
0.0 0.0 0.0
0.0 0.0 0.0
0.0 0.0 0.0
0.0 0.0 0.0
0.0 0.0 0.0
0.0 0.0 0.0
0.0 0.0 0.0
0.0 0.0 0.0
0.0 0.0 0.0
0.0 0.0 0.0
0.0 0.0 0.0
0.0 0.0 0.0
0.0 0.0 0.0
0.0 0.0 0.0
0.0 0.0 0.0
0.0 0.0 0.0
0.0 0.0 0.0
64.02641296386719 194.39361572265625 6.745880126953125
0.0 0.0 0.0
0.0 0.0 0.0
0.0 0.0 0.0
0.0 0.0 0.0
0.0 0.0 0.0
0.0 0.0 0.0
0.0 0.0 0.0
0.0 0.0 0.0
0.0 0.0 0.0
0.0 0.0 0.0
0.0 0.0 0.0
0.0 0.0 0.0
0.0 0.0 0.0
0.0 0.0 0.0
0.0 0.0 0.0
0.0 0.0 0.0
0.0 0.0 0.0
0.0 0.0 0.0
0.0 0.0 0.0
0.0 0.0 0.0
0.0 0.0 0.0
0.0 0.0 0.0
0.0 0.0 0.0
0.0 0.0 0.0
0.0 0.0 0.0
0.0 0.0 0.0
0.0 0.0 0.0
0.0 0.0 0.0
0.0 0.0 0.0
0.0 0.0 0.0
0.0 0.0 0.0
0.0 0.0 0.0
0.0 0.0 0.0
0.0 0.0 0.0
0.0 0.0 0.0
0.0 0.0 0.0
0.0 0.0 0.0
0.0 0.0 0.0
0.0 0.0 0.0
0.0 0.0 0.0
0.0 0.0 0.0
0.0 0.0 0.0
0.0 0.0 0.0
0.0 0.0 0.0
0.0 0.0 0.0
0.0 0.0 0.0
0.0 0.0 0.0
0.0 0.0 0.0
0.0 0.0 0.0
0.0 0.0 0.0
0.0 0.0 0.0
0.0 0.0 0.0
0.0 0.0 0.0
0.0 0.0 0.0
0.0 0.0 0.0
0.0 0.0 0.0
0.0 0.0 0.0
0.0 0.0 0.0
0.0 0.0 0.0
0.0 0.0 0.0
0.0 0.0 0.0
0.0 0.0 0.0
0.0 0.0 0.0
0.0 0.0 0.0
0.0 0.0 0.0
0.0 0.0 0.0
0.0 0.0 0.0
0.0 0.0 0.0
0.0 0.0 0.0
0.0 0.0 0.0
0.0 0.0 0.0
0.0 0.0 0.0
0.0 0.0 0.0
0.0 0.0 0.0
0.0 0.0 0.0
0.0 0.0 0.0
0.0 0.0 0.0
0.0 0.0 0.0
0.0 0.0 0.0
0.0 0.0 0.0
0.0 0.0 0.0
0.0 0.0 0.0
0.0 0.0 0.0
0.0 0.0 0.0
0.0 0.0 0.0
0.0 0.0 0.0
0.0 0.0 0.0
0.0 0.0 0.0
0.0 0.0 0.0
0.0 0.0 0.0
0.0 0.0 0.0
0.0 0.0 0.0
0.0 0.0 0.0
0.0 0.0 0.0
0.0 0.0 0.0
0.0 0.0 0.0
0.0 0.0 0.0
0.0 0.0 0.0
0.0 0.0 0.0
0.0 0.0 0.0
0.0 0.0 0.0
0.0 0.0 0.0
0.0 0.0 0.0
0.0 0.0 0.0
0.0 0.0 0.0
0.0 0.0 0.0
0.0 0.0 0.0
0.0 0.0 0.0
0.0 0.0 0.0
0.0 0.0 0.0
0.0 0.0 0.0
0.0 0.0 0.0
0.0 0.0 0.0
0.0 0.0 0.0
0.0 0.0 0.0
0.0 0.0 0.0
0.0 0.0 0.0
0.0 0.0 0.0
0.0 0.0 0.0
0.0 0.0 0.0
0.0 0.0 0.0
0.0 0.0 0.0
0.0 0.0 0.0
0.0 0.0 0.0
0.0 0.0 0.0
0.0 0.0 0.0
0.0 0.0 0.0
0.0 0.0 0.0
0.0 0.0 0.0
0.0 0.0 0.0
0.0 0.0 0.0
0.0 0.0 0.0
0.0 0.0 0.0
0.0 0.0 0.0
0.0 0.0 0.0
0.0 0.0 0.0
0.0 0.0 0.0
0.0 0.0 0.0
0.0 0.0 0.0
0.0 0.0 0.0
0.0 0.0 0.0
0.0 0.0 0.0
0.0 0.0 0.0
0.0 0.0 0.0
0.0 0.0 0.0
0.0 0.0 0.0
0.0 0.0 0.0
0.0 0.0 0.0
0.0 0.0 0.0
0.0 0.0 0.0
0.0 0.0 0.0
0.0 0.0 0.0
0.0 0.0 0.0
0.0 0.0 0.0
0.0 0.0 0.0
0.0 0.0 0.0
0.0 0.0 0.0
0.0 0.0 0.0
0.0 0.0 0.0
0.0 0.0 0.0
0.0 0.0 0.0
0.0 0.0 0.0
0.0 0.0 0.0
0.0 0.0 0.0
0.0 0.0 0.0
0.0 0.0 0.0
0.0 0.0 0.0
0.0 0.0 0.0
0.0 0.0 0.0
0.0 0.0 0.0
0.0 0.0 0.0
0.0 0.0 0.0
0.0 0.0 0.0
0.0 0.0 0.0
0.0 0.0 0.0
0.0 0.0 0.0
0.0 0.0 0.0
0.0 0.0 0.0
0.0 0.0 0.0
0.0 0.0 0.0
0.0 0.0 0.0
0.0 0.0 0.0
0.0 0.0 0.0
0.0 0.0 0.0
0.0 0.0 0.0
0.0 0.0 0.0
0.0 0.0 0.0
0.0 0.0 0.0
0.0 0.0 0.0
0.0 0.0 0.0
0.0 0.0 0.0
0.0 0.0 0.0
0.0 0.0 0.0
0.0 0.0 0.0
0.0 0.0 0.0
0.0 0.0 0.0
0.0 0.0 0.0
0.0 0.0 0.0
0.0 0.0 0.0
0.0 0.0 0.0
0.0 0.0 0.0
0.0 0.0 0.0
0.0 0.0 0.0
0.0 0.0 0.0
0.0 0.0 0.0
0.0 0.0 0.0
0.0 0.0 0.0
0.0 0.0 0.0
0.0 0.0 0.0
0.0 0.0 0.0
0.0 0.0 0.0
0.0 0.0 0.0
0.0 0.0 0.0
0.0 0.0 0.0
0.0 0.0 0.0
0.0 0.0 0.0
0.0 0.0 0.0
0.0 0.0 0.0
0.0 0.0 0.0
0.0 0.0 0.0
0.0 0.0 0.0
0.0 0.0 0.0
0.0 0.0 0.0
0.0 0.0 0.0
0.0 0.0 0.0
0.0 0.0 0.0
0.0 0.0 0.0
0.0 0.0 0.0
0.0 0.0 0.0
0.0 0.0 0.0
0.0 0.0 0.0
0.0 0.0 0.0
0.0 0.0 0.0
0.0 0.0 0.0
0.0 0.0 0.0
0.0 0.0 0.0
0.0 0.0 0.0
0.0 0.0 0.0
0.0 0.0 0.0
0.0 0.0 0.0
0.0 0.0 0.0
0.0 0.0 0.0
0.0 0.0 0.0
0.0 0.0 0.0
5.472504615783691 42.316184997558594 -1.2706823348999023
0.0 0.0 0.0
0.0 0.0 0.0
0.0 0.0 0.0
0.0 0.0 0.0
0.0 0.0 0.0
0.0 0.0 0.0
0.0 0.0 0.0
0.0 0.0 0.0
0.0 0.0 0.0
0.0 0.0 0.0
0.0 0.0 0.0
0.0 0.0 0.0
0.0 0.0 0.0
0.0 0.0 0.0
0.0 0.0 0.0
0.0 0.0 0.0
0.0 0.0 0.0
0.0 0.0 0.0
0.0 0.0 0.0
0.0 0.0 0.0
0.0 0.0 0.0
0.0 0.0 0.0
0.0 0.0 0.0
0.0 0.0 0.0
0.0 0.0 0.0
0.0 0.0 0.0
0.0 0.0 0.0
0.0 0.0 0.0
0.0 0.0 0.0
0.0 0.0 0.0
0.0 0.0 0.0
0.0 0.0 0.0
0.0 0.0 0.0
0.0 0.0 0.0
0.0 0.0 0.0
0.0 0.0 0.0
0.0 0.0 0.0
0.0 0.0 0.0
0.0 0.0 0.0
0.0 0.0 0.0
0.0 0.0 0.0
0.0 0.0 0.0
0.0 0.0 0.0
0.0 0.0 0.0
0.0 0.0 0.0
0.0 0.0 0.0
0.0 0.0 0.0
0.0 0.0 0.0
0.0 0.0 0.0
0.0 0.0 0.0
0.0 0.0 0.0
0.0 0.0 0.0
0.0 0.0 0.0
0.0 0.0 0.0
0.0 0.0 0.0
0.0 0.0 0.0
0.0 0.0 0.0
0.0 0.0 0.0
0.0 0.0 0.0
0.0 0.0 0.0
0.0 0.0 0.0
0.0 0.0 0.0
0.0 0.0 0.0
0.0 0.0 0.0
0.0 0.0 0.0
0.0 0.0 0.0
0.0 0.0 0.0
0.0 0.0 0.0
0.0 0.0 0.0
0.0 0.0 0.0
0.0 0.0 0.0
0.0 0.0 0.0
0.0 0.0 0.0
0.0 0.0 0.0
0.0 0.0 0.0
0.0 0.0 0.0
0.0 0.0 0.0
0.0 0.0 0.0
0.0 0.0 0.0
0.0 0.0 0.0
0.0 0.0 0.0
0.0 0.0 0.0
0.0 0.0 0.0
0.0 0.0 0.0
0.0 0.0 0.0
0.0 0.0 0.0
0.0 0.0 0.0
0.0 0.0 0.0
0.0 0.0 0.0
0.0 0.0 0.0
0.0 0.0 0.0
0.0 0.0 0.0
0.0 0.0 0.0
0.0 0.0 0.0
0.0 0.0 0.0
0.0 0.0 0.0
0.0 0.0 0.0
0.0 0.0 0.0
0.0 0.0 0.0
0.0 0.0 0.0
0.0 0.0 0.0
0.0 0.0 0.0
0.0 0.0 0.0
0.0 0.0 0.0
0.0 0.0 0.0
0.0 0.0 0.0
0.0 0.0 0.0
0.0 0.0 0.0
0.0 0.0 0.0
0.0 0.0 0.0
0.0 0.0 0.0
0.0 0.0 0.0
0.0 0.0 0.0
0.0 0.0 0.0
0.0 0.0 0.0
0.0 0.0 0.0
0.0 0.0 0.0
0.0 0.0 0.0
0.0 0.0 0.0
0.0 0.0 0.0
0.0 0.0 0.0
0.0 0.0 0.0
0.0 0.0 0.0
0.0 0.0 0.0
0.0 0.0 0.0
0.0 0.0 0.0
0.0 0.0 0.0
0.0 0.0 0.0
0.0 0.0 0.0
0.0 0.0 0.0
0.0 0.0 0.0
0.0 0.0 0.0
0.0 0.0 0.0
0.0 0.0 0.0
0.0 0.0 0.0
0.0 0.0 0.0
0.0 0.0 0.0
0.0 0.0 0.0
0.0 0.0 0.0
0.0 0.0 0.0
0.0 0.0 0.0
0.0 0.0 0.0
0.0 0.0 0.0
0.0 0.0 0.0
0.0 0.0 0.0
0.0 0.0 0.0
0.0 0.0 0.0
0.0 0.0 0.0
0.0 0.0 0.0
0.0 0.0 0.0
0.0 0.0 0.0
0.0 0.0 0.0
0.0 0.0 0.0
0.0 0.0 0.0
0.0 0.0 0.0
0.0 0.0 0.0
0.0 0.0 0.0
0.0 0.0 0.0
0.0 0.0 0.0
0.0 0.0 0.0
0.0 0.0 0.0
0.0 0.0 0.0
0.0 0.0 0.0
0.0 0.0 0.0
0.0 0.0 0.0
0.0 0.0 0.0
0.0 0.0 0.0
0.0 0.0 0.0
0.0 0.0 0.0
0.0 0.0 0.0
0.0 0.0 0.0
0.0 0.0 0.0
0.0 0.0 0.0
0.0 0.0 0.0
0.0 0.0 0.0
0.0 0.0 0.0
0.0 0.0 0.0
0.0 0.0 0.0
0.0 0.0 0.0
0.0 0.0 0.0
0.0 0.0 0.0
0.0 0.0 0.0
0.0 0.0 0.0
0.0 0.0 0.0
0.0 0.0 0.0
0.0 0.0 0.0
0.0 0.0 0.0
0.0 0.0 0.0
0.0 0.0 0.0
0.0 0.0 0.0
0.0 0.0 0.0
0.0 0.0 0.0
0.0 0.0 0.0
0.0 0.0 0.0
0.0 0.0 0.0
0.0 0.0 0.0
0.0 0.0 0.0
0.0 0.0 0.0
0.0 0.0 0.0
0.0 0.0 0.0
0.0 0.0 0.0
0.0 0.0 0.0
0.0 0.0 0.0
0.0 0.0 0.0
0.0 0.0 0.0
0.0 0.0 0.0
0.0 0.0 0.0
0.0 0.0 0.0
0.0 0.0 0.0
0.0 0.0 0.0
0.0 0.0 0.0
0.0 0.0 0.0
0.0 0.0 0.0
0.0 0.0 0.0
0.0 0.0 0.0
0.0 0.0 0.0
0.0 0.0 0.0
0.0 0.0 0.0
0.0 0.0 0.0
0.0 0.0 0.0
0.0 0.0 0.0
0.0 0.0 0.0
0.0 0.0 0.0
0.0 0.0 0.0
0.0 0.0 0.0
0.0 0.0 0.0
0.0 0.0 0.0
0.0 0.0 0.0
0.0 0.0 0.0
0.0 0.0 0.0
0.0 0.0 0.0
0.0 0.0 0.0
0.0 0.0 0.0
0.0 0.0 0.0
0.0 0.0 0.0
0.0 0.0 0.0
0.0 0.0 0.0
0.0 0.0 0.0
0.0 0.0 0.0
0.0 0.0 0.0
0.0 0.0 0.0
0.0 0.0 0.0
0.0 0.0 0.0
0.0 0.0 0.0
0.0 0.0 0.0
0.0 0.0 0.0
0.0 0.0 0.0
0.0 0.0 0.0
0.0 0.0 0.0
0.0 0.0 0.0
0.0 0.0 0.0
0.0 0.0 0.0
0.0 0.0 0.0
0.0 0.0 0.0
0.0 0.0 0.0
0.0 0.0 0.0
0.0 0.0 0.0
0.0 0.0 0.0
0.0 0.0 0.0
0.0 0.0 0.0
0.0 0.0 0.0
0.0 0.0 0.0
0.0 0.0 0.0
0.0 0.0 0.0
0.0 0.0 0.0
0.0 0.0 0.0
0.0 0.0 0.0
0.0 0.0 0.0
0.0 0.0 0.0
0.0 0.0 0.0
0.0 0.0 0.0
0.0 0.0 0.0
0.0 0.0 0.0
0.0 0.0 0.0
0.0 0.0 0.0
0.0 0.0 0.0
0.0 0.0 0.0
0.0 0.0 0.0
0.0 0.0 0.0
0.0 0.0 0.0
0.0 0.0 0.0
0.0 0.0 0.0
0.0 0.0 0.0
0.0 0.0 0.0
0.0 0.0 0.0
0.0 0.0 0.0
0.0 0.0 0.0
0.0 0.0 0.0
0.0 0.0 0.0
0.0 0.0 0.0
0.0 0.0 0.0
0.0 0.0 0.0
0.0 0.0 0.0
0.0 0.0 0.0
0.0 0.0 0.0
0.0 0.0 0.0
0.0 0.0 0.0
0.0 0.0 0.0
0.0 0.0 0.0
0.0 0.0 0.0
0.0 0.0 0.0
0.0 0.0 0.0
0.0 0.0 0.0
0.0 0.0 0.0
0.0 0.0 0.0
0.0 0.0 0.0
0.0 0.0 0.0
0.0 0.0 0.0
0.0 0.0 0.0
0.0 0.0 0.0
0.0 0.0 0.0
0.0 0.0 0.0
0.0 0.0 0.0
0.0 0.0 0.0
0.0 0.0 0.0
0.0 0.0 0.0
0.0 0.0 0.0
0.0 0.0 0.0
0.0 0.0 0.0
0.0 0.0 0.0
0.0 0.0 0.0
0.0 0.0 0.0
0.0 0.0 0.0
0.0 0.0 0.0
0.0 0.0 0.0
0.0 0.0 0.0
0.0 0.0 0.0
0.0 0.0 0.0
0.0 0.0 0.0
0.0 0.0 0.0
0.0 0.0 0.0
0.0 0.0 0.0
0.0 0.0 0.0
0.0 0.0 0.0
0.0 0.0 0.0
-12.808283805847168 226.93801879882812 -6.166684627532959
0.0 0.0 0.0
0.0 0.0 0.0
0.0 0.0 0.0
0.0 0.0 0.0
0.0 0.0 0.0
0.0 0.0 0.0
0.0 0.0 0.0
0.0 0.0 0.0
0.0 0.0 0.0
0.0 0.0 0.0
0.0 0.0 0.0
0.0 0.0 0.0
0.0 0.0 0.0
0.0 0.0 0.0
0.0 0.0 0.0
0.0 0.0 0.0
0.0 0.0 0.0
0.0 0.0 0.0
0.0 0.0 0.0
0.0 0.0 0.0
0.0 0.0 0.0
0.0 0.0 0.0
0.0 0.0 0.0
0.0 0.0 0.0
0.0 0.0 0.0
0.0 0.0 0.0
0.0 0.0 0.0
0.0 0.0 0.0
0.0 0.0 0.0
0.0 0.0 0.0
0.0 0.0 0.0
0.0 0.0 0.0
0.0 0.0 0.0
0.0 0.0 0.0
0.0 0.0 0.0
0.0 0.0 0.0
0.0 0.0 0.0
0.0 0.0 0.0
0.0 0.0 0.0
0.0 0.0 0.0
0.0 0.0 0.0
0.0 0.0 0.0
0.0 0.0 0.0
0.0 0.0 0.0
0.0 0.0 0.0
0.0 0.0 0.0
0.0 0.0 0.0
0.0 0.0 0.0
0.0 0.0 0.0
0.0 0.0 0.0
0.0 0.0 0.0
0.0 0.0 0.0
0.0 0.0 0.0
0.0 0.0 0.0
0.0 0.0 0.0
0.0 0.0 0.0
0.0 0.0 0.0
0.0 0.0 0.0
0.0 0.0 0.0
0.0 0.0 0.0
0.0 0.0 0.0
0.0 0.0 0.0
0.0 0.0 0.0
0.0 0.0 0.0
0.0 0.0 0.0
0.0 0.0 0.0
0.0 0.0 0.0
0.0 0.0 0.0
0.0 0.0 0.0
0.0 0.0 0.0
0.0 0.0 0.0
0.0 0.0 0.0
0.0 0.0 0.0
0.0 0.0 0.0
0.0 0.0 0.0
0.0 0.0 0.0
0.0 0.0 0.0
0.0 0.0 0.0
0.0 0.0 0.0
0.0 0.0 0.0
0.0 0.0 0.0
0.0 0.0 0.0
0.0 0.0 0.0
0.0 0.0 0.0
0.0 0.0 0.0
0.0 0.0 0.0
0.0 0.0 0.0
0.0 0.0 0.0
0.0 0.0 0.0
0.0 0.0 0.0
0.0 0.0 0.0
0.0 0.0 0.0
0.0 0.0 0.0
0.0 0.0 0.0
0.0 0.0 0.0
0.0 0.0 0.0
0.0 0.0 0.0
0.0 0.0 0.0
0.0 0.0 0.0
0.0 0.0 0.0
0.0 0.0 0.0
0.0 0.0 0.0
0.0 0.0 0.0
0.0 0.0 0.0
0.0 0.0 0.0
0.0 0.0 0.0
0.0 0.0 0.0
0.0 0.0 0.0
0.0 0.0 0.0
0.0 0.0 0.0
0.0 0.0 0.0
0.0 0.0 0.0
0.0 0.0 0.0
0.0 0.0 0.0
0.0 0.0 0.0
0.0 0.0 0.0
0.0 0.0 0.0
0.0 0.0 0.0
0.0 0.0 0.0
0.0 0.0 0.0
0.0 0.0 0.0
0.0 0.0 0.0
0.0 0.0 0.0
0.0 0.0 0.0
0.0 0.0 0.0
0.0 0.0 0.0
0.0 0.0 0.0
0.0 0.0 0.0
0.0 0.0 0.0
0.0 0.0 0.0
0.0 0.0 0.0
0.0 0.0 0.0
0.0 0.0 0.0
0.0 0.0 0.0
0.0 0.0 0.0
0.0 0.0 0.0
0.0 0.0 0.0
0.0 0.0 0.0
0.0 0.0 0.0
0.0 0.0 0.0
0.0 0.0 0.0
0.0 0.0 0.0
0.0 0.0 0.0
0.0 0.0 0.0
0.0 0.0 0.0
0.0 0.0 0.0
0.0 0.0 0.0
0.0 0.0 0.0
0.0 0.0 0.0
0.0 0.0 0.0
0.0 0.0 0.0
0.0 0.0 0.0
0.0 0.0 0.0
0.0 0.0 0.0
0.0 0.0 0.0
0.0 0.0 0.0
0.0 0.0 0.0
0.0 0.0 0.0
0.0 0.0 0.0
0.0 0.0 0.0
0.0 0.0 0.0
0.0 0.0 0.0
0.0 0.0 0.0
0.0 0.0 0.0
0.0 0.0 0.0
0.0 0.0 0.0
0.0 0.0 0.0
0.0 0.0 0.0
0.0 0.0 0.0
0.0 0.0 0.0
0.0 0.0 0.0
0.0 0.0 0.0
0.0 0.0 0.0
0.0 0.0 0.0
0.0 0.0 0.0
0.0 0.0 0.0
0.0 0.0 0.0
0.0 0.0 0.0
0.0 0.0 0.0
0.0 0.0 0.0
0.0 0.0 0.0
0.0 0.0 0.0
0.0 0.0 0.0
0.0 0.0 0.0
0.0 0.0 0.0
0.0 0.0 0.0
0.0 0.0 0.0
0.0 0.0 0.0
0.0 0.0 0.0
0.0 0.0 0.0
0.0 0.0 0.0
0.0 0.0 0.0
0.0 0.0 0.0
0.0 0.0 0.0
0.0 0.0 0.0
0.0 0.0 0.0
0.0 0.0 0.0
0.0 0.0 0.0
0.0 0.0 0.0
0.0 0.0 0.0
0.0 0.0 0.0
0.0 0.0 0.0
0.0 0.0 0.0
0.0 0.0 0.0
0.0 0.0 0.0
0.0 0.0 0.0
0.0 0.0 0.0
0.0 0.0 0.0
0.0 0.0 0.0
0.0 0.0 0.0
0.0 0.0 0.0
0.0 0.0 0.0
0.0 0.0 0.0
0.0 0.0 0.0
0.0 0.0 0.0
0.0 0.0 0.0
0.0 0.0 0.0
0.0 0.0 0.0
0.0 0.0 0.0
0.0 0.0 0.0
0.0 0.0 0.0
0.0 0.0 0.0
0.0 0.0 0.0
0.0 0.0 0.0
0.0 0.0 0.0
0.0 0.0 0.0
0.0 0.0 0.0
0.0 0.0 0.0
0.0 0.0 0.0
0.0 0.0 0.0
0.0 0.0 0.0
0.0 0.0 0.0
0.0 0.0 0.0
0.0 0.0 0.0
0.0 0.0 0.0
0.0 0.0 0.0
0.0 0.0 0.0
0.0 0.0 0.0
0.0 0.0 0.0
0.0 0.0 0.0
0.0 0.0 0.0
0.0 0.0 0.0
0.0 0.0 0.0
0.0 0.0 0.0
0.0 0.0 0.0
0.0 0.0 0.0
0.0 0.0 0.0
0.0 0.0 0.0
0.0 0.0 0.0
0.0 0.0 0.0
0.0 0.0 0.0
0.0 0.0 0.0
0.0 0.0 0.0
0.0 0.0 0.0
0.0 0.0 0.0
0.0 0.0 0.0
0.0 0.0 0.0
0.0 0.0 0.0
0.0 0.0 0.0
0.0 0.0 0.0
0.0 0.0 0.0
0.0 0.0 0.0
0.0 0.0 0.0
0.0 0.0 0.0
0.0 0.0 0.0
0.0 0.0 0.0
0.0 0.0 0.0
0.0 0.0 0.0
0.0 0.0 0.0
0.0 0.0 0.0
0.0 0.0 0.0
0.0 0.0 0.0
0.0 0.0 0.0
0.0 0.0 0.0
0.0 0.0 0.0
0.0 0.0 0.0
0.0 0.0 0.0
0.0 0.0 0.0
0.0 0.0 0.0
0.0 0.0 0.0
0.0 0.0 0.0
0.0 0.0 0.0
0.0 0.0 0.0
0.0 0.0 0.0
0.0 0.0 0.0
0.0 0.0 0.0
0.0 0.0 0.0
0.0 0.0 0.0
0.0 0.0 0.0
0.0 0.0 0.0
0.0 0.0 0.0
0.0 0.0 0.0
0.0 0.0 0.0
0.0 0.0 0.0
0.0 0.0 0.0
0.0 0.0 0.0
0.0 0.0 0.0
0.0 0.0 0.0
0.0 0.0 0.0
0.0 0.0 0.0
0.0 0.0 0.0
0.0 0.0 0.0
0.0 0.0 0.0
0.0 0.0 0.0
0.0 0.0 0.0
0.0 0.0 0.0
0.0 0.0 0.0
0.0 0.0 0.0
0.0 0.0 0.0
0.0 0.0 0.0
0.0 0.0 0.0
0.0 0.0 0.0
0.0 0.0 0.0
0.0 0.0 0.0
0.0 0.0 0.0
0.0 0.0 0.0
0.0 0.0 0.0
0.0 0.0 0.0
0.0 0.0 0.0
0.0 0.0 0.0
0.0 0.0 0.0
0.0 0.0 0.0
0.0 0.0 0.0
0.0 0.0 0.0
0.0 0.0 0.0
0.0 0.0 0.0
0.0 0.0 0.0
0.0 0.0 0.0
0.0 0.0 0.0
0.0 0.0 0.0
0.0 0.0 0.0
0.0 0.0 0.0
0.0 0.0 0.0
0.0 0.0 0.0
0.0 0.0 0.0
0.0 0.0 0.0
0.0 0.0 0.0
0.0 0.0 0.0
0.0 0.0 0.0
0.0 0.0 0.0
0.0 0.0 0.0
0.0 0.0 0.0
0.0 0.0 0.0
0.0 0.0 0.0
0.0 0.0 0.0
0.0 0.0 0.0
0.0 0.0 0.0
0.0 0.0 0.0
0.0 0.0 0.0
0.0 0.0 0.0
0.0 0.0 0.0
0.0 0.0 0.0
0.0 0.0 0.0
0.0 0.0 0.0
0.0 0.0 0.0
0.0 0.0 0.0
0.0 0.0 0.0
0.0 0.0 0.0
0.0 0.0 0.0
0.0 0.0 0.0
0.0 0.0 0.0
0.0 0.0 0.0
0.0 0.0 0.0
0.0 0.0 0.0
0.0 0.0 0.0
0.0 0.0 0.0
0.0 0.0 0.0
0.0 0.0 0.0
0.0 0.0 0.0
0.0 0.0 0.0
0.0 0.0 0.0
0.0 0.0 0.0
0.0 0.0 0.0
0.0 0.0 0.0
0.0 0.0 0.0
0.0 0.0 0.0
0.0 0.0 0.0
0.0 0.0 0.0
0.0 0.0 0.0
0.0 0.0 0.0
0.0 0.0 0.0
0.0 0.0 0.0
0.0 0.0 0.0
0.0 0.0 0.0
0.0 0.0 0.0
0.0 0.0 0.0
0.0 0.0 0.0
0.0 0.0 0.0
0.0 0.0 0.0
0.0 0.0 0.0
0.0 0.0 0.0
0.0 0.0 0.0
0.0 0.0 0.0
0.0 0.0 0.0
0.0 0.0 0.0
0.0 0.0 0.0
0.0 0.0 0.0
0.0 0.0 0.0
0.0 0.0 0.0
0.0 0.0 0.0
0.0 0.0 0.0
0.0 0.0 0.0
0.0 0.0 0.0
0.0 0.0 0.0
0.0 0.0 0.0
0.0 0.0 0.0
0.0 0.0 0.0
0.0 0.0 0.0
0.0 0.0 0.0
0.0 0.0 0.0
0.0 0.0 0.0
0.0 0.0 0.0
0.0 0.0 0.0
0.0 0.0 0.0
0.0 0.0 0.0
0.0 0.0 0.0
0.0 0.0 0.0
0.0 0.0 0.0
0.0 0.0 0.0
0.0 0.0 0.0
0.0 0.0 0.0
0.0 0.0 0.0
0.0 0.0 0.0
0.0 0.0 0.0
0.0 0.0 0.0
0.0 0.0 0.0
0.0 0.0 0.0
0.0 0.0 0.0
0.0 0.0 0.0
0.0 0.0 0.0
0.0 0.0 0.0
0.0 0.0 0.0
0.0 0.0 0.0
0.0 0.0 0.0
0.0 0.0 0.0
0.0 0.0 0.0
0.0 0.0 0.0
0.0 0.0 0.0
0.0 0.0 0.0
0.0 0.0 0.0
0.0 0.0 0.0
0.0 0.0 0.0
0.0 0.0 0.0
0.0 0.0 0.0
0.0 0.0 0.0
0.0 0.0 0.0
0.0 0.0 0.0
0.0 0.0 0.0
0.0 0.0 0.0
0.0 0.0 0.0
0.0 0.0 0.0
0.0 0.0 0.0
0.0 0.0 0.0
0.0 0.0 0.0
0.0 0.0 0.0
0.0 0.0 0.0
0.0 0.0 0.0
0.0 0.0 0.0
0.0 0.0 0.0
0.0 0.0 0.0
0.0 0.0 0.0
0.0 0.0 0.0
0.0 0.0 0.0
0.0 0.0 0.0
0.0 0.0 0.0
0.0 0.0 0.0
0.0 0.0 0.0
0.0 0.0 0.0
0.0 0.0 0.0
0.0 0.0 0.0
0.0 0.0 0.0
0.0 0.0 0.0
0.0 0.0 0.0
0.0 0.0 0.0
0.0 0.0 0.0
0.0 0.0 0.0
0.0 0.0 0.0
0.0 0.0 0.0
0.0 0.0 0.0
0.0 0.0 0.0
0.0 0.0 0.0
0.0 0.0 0.0
0.0 0.0 0.0
0.0 0.0 0.0
0.0 0.0 0.0
0.0 0.0 0.0
0.0 0.0 0.0
0.0 0.0 0.0
0.0 0.0 0.0
0.0 0.0 0.0
0.0 0.0 0.0
0.0 0.0 0.0
0.0 0.0 0.0
0.0 0.0 0.0
0.0 0.0 0.0
0.0 0.0 0.0
0.0 0.0 0.0
0.0 0.0 0.0
0.0 0.0 0.0
0.0 0.0 0.0
0.0 0.0 0.0
0.0 0.0 0.0
0.0 0.0 0.0
0.0 0.0 0.0
0.0 0.0 0.0
0.0 0.0 0.0
0.0 0.0 0.0
0.0 0.0 0.0
0.0 0.0 0.0
0.0 0.0 0.0
0.0 0.0 0.0
0.0 0.0 0.0
0.0 0.0 0.0
0.0 0.0 0.0
0.0 0.0 0.0
0.0 0.0 0.0
0.0 0.0 0.0
0.0 0.0 0.0
0.0 0.0 0.0
0.0 0.0 0.0
0.0 0.0 0.0
0.0 0.0 0.0
0.0 0.0 0.0
0.0 0.0 0.0
0.0 0.0 0.0
0.0 0.0 0.0
0.0 0.0 0.0
0.0 0.0 0.0
0.0 0.0 0.0
0.0 0.0 0.0
0.0 0.0 0.0
0.0 0.0 0.0
0.0 0.0 0.0
0.0 0.0 0.0
0.0 0.0 0.0
0.0 0.0 0.0
0.0 0.0 0.0
0.0 0.0 0.0
0.0 0.0 0.0
0.0 0.0 0.0
0.0 0.0 0.0
0.0 0.0 0.0
0.0 0.0 0.0
0.0 0.0 0.0
0.0 0.0 0.0
0.0 0.0 0.0
0.0 0.0 0.0
0.0 0.0 0.0
0.0 0.0 0.0
0.0 0.0 0.0
0.0 0.0 0.0
0.0 0.0 0.0
0.0 0.0 0.0
0.0 0.0 0.0
0.0 0.0 0.0
0.0 0.0 0.0
0.0 0.0 0.0
0.0 0.0 0.0
0.0 0.0 0.0
0.0 0.0 0.0
0.0 0.0 0.0
0.0 0.0 0.0
0.0 0.0 0.0
0.0 0.0 0.0
0.0 0.0 0.0
0.0 0.0 0.0
0.0 0.0 0.0
0.0 0.0 0.0
0.0 0.0 0.0
0.0 0.0 0.0
0.0 0.0 0.0
0.0 0.0 0.0
0.0 0.0 0.0
0.0 0.0 0.0
0.0 0.0 0.0
0.0 0.0 0.0
0.0 0.0 0.0
0.0 0.0 0.0
0.0 0.0 0.0
0.0 0.0 0.0
0.0 0.0 0.0
0.0 0.0 0.0
0.0 0.0 0.0
0.0 0.0 0.0
0.0 0.0 0.0
0.0 0.0 0.0
0.0 0.0 0.0
0.0 0.0 0.0
0.0 0.0 0.0
0.0 0.0 0.0
0.0 0.0 0.0
0.0 0.0 0.0
0.0 0.0 0.0
0.0 0.0 0.0
0.0 0.0 0.0
0.0 0.0 0.0
0.0 0.0 0.0
0.0 0.0 0.0
0.0 0.0 0.0
0.0 0.0 0.0
0.0 0.0 0.0
0.0 0.0 0.0
0.0 0.0 0.0
0.0 0.0 0.0
0.0 0.0 0.0
0.0 0.0 0.0
0.0 0.0 0.0
0.0 0.0 0.0
0.0 0.0 0.0
0.0 0.0 0.0
0.0 0.0 0.0
0.0 0.0 0.0
0.0 0.0 0.0
0.0 0.0 0.0
0.0 0.0 0.0
0.0 0.0 0.0
0.0 0.0 0.0
0.0 0.0 0.0
0.0 0.0 0.0
0.0 0.0 0.0
0.0 0.0 0.0
0.0 0.0 0.0
0.0 0.0 0.0
0.0 0.0 0.0
0.0 0.0 0.0
0.0 0.0 0.0
0.0 0.0 0.0
0.0 0.0 0.0
0.0 0.0 0.0
0.0 0.0 0.0
0.0 0.0 0.0
0.0 0.0 0.0
0.0 0.0 0.0
0.0 0.0 0.0
0.0 0.0 0.0
0.0 0.0 0.0
0.0 0.0 0.0
0.0 0.0 0.0
0.0 0.0 0.0
0.0 0.0 0.0
0.0 0.0 0.0
0.0 0.0 0.0
0.0 0.0 0.0
0.0 0.0 0.0
0.0 0.0 0.0
0.0 0.0 0.0
0.0 0.0 0.0
0.0 0.0 0.0
0.0 0.0 0.0
0.0 0.0 0.0
0.0 0.0 0.0
0.0 0.0 0.0
0.0 0.0 0.0
0.0 0.0 0.0
0.0 0.0 0.0
0.0 0.0 0.0
0.0 0.0 0.0
0.0 0.0 0.0
0.0 0.0 0.0
0.0 0.0 0.0
0.0 0.0 0.0
0.0 0.0 0.0
0.0 0.0 0.0
0.0 0.0 0.0
0.0 0.0 0.0
0.0 0.0 0.0
0.0 0.0 0.0
0.0 0.0 0.0
0.0 0.0 0.0
0.0 0.0 0.0
0.0 0.0 0.0
0.0 0.0 0.0
0.0 0.0 0.0
0.0 0.0 0.0
0.0 0.0 0.0
0.0 0.0 0.0
0.0 0.0 0.0
0.0 0.0 0.0
0.0 0.0 0.0
0.0 0.0 0.0
0.0 0.0 0.0
0.0 0.0 0.0
0.0 0.0 0.0
0.0 0.0 0.0
0.0 0.0 0.0
0.0 0.0 0.0
0.0 0.0 0.0
0.0 0.0 0.0
0.0 0.0 0.0
0.0 0.0 0.0
0.0 0.0 0.0
0.0 0.0 0.0
0.0 0.0 0.0
0.0 0.0 0.0
0.0 0.0 0.0
0.0 0.0 0.0
0.0 0.0 0.0
0.0 0.0 0.0
0.0 0.0 0.0
0.0 0.0 0.0
0.0 0.0 0.0
0.0 0.0 0.0
0.0 0.0 0.0
0.0 0.0 0.0
0.0 0.0 0.0
0.0 0.0 0.0
0.0 0.0 0.0
0.0 0.0 0.0
0.0 0.0 0.0
0.0 0.0 0.0
0.0 0.0 0.0
0.0 0.0 0.0
0.0 0.0 0.0
0.0 0.0 0.0
0.0 0.0 0.0
0.0 0.0 0.0
0.0 0.0 0.0
0.0 0.0 0.0
0.0 0.0 0.0
0.0 0.0 0.0
0.0 0.0 0.0
0.0 0.0 0.0
0.0 0.0 0.0
0.0 0.0 0.0
0.0 0.0 0.0
0.0 0.0 0.0
0.0 0.0 0.0
0.0 0.0 0.0
0.0 0.0 0.0
0.0 0.0 0.0
0.0 0.0 0.0
0.0 0.0 0.0
0.2808724045753479 43.3519401550293 -0.9511817693710327
0.0 0.0 0.0
0.0 0.0 0.0
0.0 0.0 0.0
0.0 0.0 0.0
0.0 0.0 0.0
0.0 0.0 0.0
0.0 0.0 0.0
0.0 0.0 0.0
0.0 0.0 0.0
0.0 0.0 0.0
0.0 0.0 0.0
0.0 0.0 0.0
0.0 0.0 0.0
0.0 0.0 0.0
0.0 0.0 0.0
0.0 0.0 0.0
0.0 0.0 0.0
0.0 0.0 0.0
0.0 0.0 0.0
0.0 0.0 0.0
0.0 0.0 0.0
0.0 0.0 0.0
0.0 0.0 0.0
0.0 0.0 0.0
0.0 0.0 0.0
0.0 0.0 0.0
0.0 0.0 0.0
0.0 0.0 0.0
0.0 0.0 0.0
0.0 0.0 0.0
0.0 0.0 0.0
0.0 0.0 0.0
0.0 0.0 0.0
0.0 0.0 0.0
0.0 0.0 0.0
0.0 0.0 0.0
0.0 0.0 0.0
0.0 0.0 0.0
0.0 0.0 0.0
0.0 0.0 0.0
0.0 0.0 0.0
0.0 0.0 0.0
0.0 0.0 0.0
0.0 0.0 0.0
0.0 0.0 0.0
0.0 0.0 0.0
0.0 0.0 0.0
0.0 0.0 0.0
0.0 0.0 0.0
0.0 0.0 0.0
0.0 0.0 0.0
0.0 0.0 0.0
0.0 0.0 0.0
0.0 0.0 0.0
0.0 0.0 0.0
0.0 0.0 0.0
0.0 0.0 0.0
0.0 0.0 0.0
0.0 0.0 0.0
0.0 0.0 0.0
0.0 0.0 0.0
0.0 0.0 0.0
0.0 0.0 0.0
0.0 0.0 0.0
0.0 0.0 0.0
0.0 0.0 0.0
0.0 0.0 0.0
0.0 0.0 0.0
0.0 0.0 0.0
0.0 0.0 0.0
0.0 0.0 0.0
0.0 0.0 0.0
0.0 0.0 0.0
0.0 0.0 0.0
0.0 0.0 0.0
0.0 0.0 0.0
0.0 0.0 0.0
0.0 0.0 0.0
0.0 0.0 0.0
0.0 0.0 0.0
0.0 0.0 0.0
0.0 0.0 0.0
0.0 0.0 0.0
0.0 0.0 0.0
0.0 0.0 0.0
0.0 0.0 0.0
0.0 0.0 0.0
0.0 0.0 0.0
0.0 0.0 0.0
0.0 0.0 0.0
0.0 0.0 0.0
0.0 0.0 0.0
0.0 0.0 0.0
0.0 0.0 0.0
0.0 0.0 0.0
0.0 0.0 0.0
0.0 0.0 0.0
0.0 0.0 0.0
0.0 0.0 0.0
0.0 0.0 0.0
0.0 0.0 0.0
0.0 0.0 0.0
0.0 0.0 0.0
0.0 0.0 0.0
0.0 0.0 0.0
0.0 0.0 0.0
0.0 0.0 0.0
0.0 0.0 0.0
0.0 0.0 0.0
0.0 0.0 0.0
0.0 0.0 0.0
0.0 0.0 0.0
0.0 0.0 0.0
0.0 0.0 0.0
0.0 0.0 0.0
0.0 0.0 0.0
0.0 0.0 0.0
0.0 0.0 0.0
0.0 0.0 0.0
0.0 0.0 0.0
0.0 0.0 0.0
0.0 0.0 0.0
0.0 0.0 0.0
0.0 0.0 0.0
0.0 0.0 0.0
0.0 0.0 0.0
0.0 0.0 0.0
0.0 0.0 0.0
0.0 0.0 0.0
0.0 0.0 0.0
0.0 0.0 0.0
0.0 0.0 0.0
0.0 0.0 0.0
0.0 0.0 0.0
0.0 0.0 0.0
0.0 0.0 0.0
0.0 0.0 0.0
0.0 0.0 0.0
0.0 0.0 0.0
0.0 0.0 0.0
0.0 0.0 0.0
0.0 0.0 0.0
0.0 0.0 0.0
0.0 0.0 0.0
0.0 0.0 0.0
0.0 0.0 0.0
0.0 0.0 0.0
0.0 0.0 0.0
0.0 0.0 0.0
0.0 0.0 0.0
0.0 0.0 0.0
0.0 0.0 0.0
0.0 0.0 0.0
0.0 0.0 0.0
0.0 0.0 0.0
0.0 0.0 0.0
0.0 0.0 0.0
0.0 0.0 0.0
0.0 0.0 0.0
0.0 0.0 0.0
0.0 0.0 0.0
0.0 0.0 0.0
0.0 0.0 0.0
0.0 0.0 0.0
0.0 0.0 0.0
0.0 0.0 0.0
0.0 0.0 0.0
0.0 0.0 0.0
0.0 0.0 0.0
0.0 0.0 0.0
0.0 0.0 0.0
0.0 0.0 0.0
0.0 0.0 0.0
0.0 0.0 0.0
0.0 0.0 0.0
0.0 0.0 0.0
0.0 0.0 0.0
0.0 0.0 0.0
0.0 0.0 0.0
0.0 0.0 0.0
0.0 0.0 0.0
0.0 0.0 0.0
0.0 0.0 0.0
0.0 0.0 0.0
0.0 0.0 0.0
0.0 0.0 0.0
0.0 0.0 0.0
0.0 0.0 0.0
0.0 0.0 0.0
0.0 0.0 0.0
0.0 0.0 0.0
0.0 0.0 0.0
0.0 0.0 0.0
0.0 0.0 0.0
0.0 0.0 0.0
0.0 0.0 0.0
0.0 0.0 0.0
0.0 0.0 0.0
0.0 0.0 0.0
0.0 0.0 0.0
0.0 0.0 0.0
0.0 0.0 0.0
0.0 0.0 0.0
0.0 0.0 0.0
0.0 0.0 0.0
0.0 0.0 0.0
0.0 0.0 0.0
0.0 0.0 0.0
0.0 0.0 0.0
0.0 0.0 0.0
0.0 0.0 0.0
0.0 0.0 0.0
0.0 0.0 0.0
0.0 0.0 0.0
0.0 0.0 0.0
0.0 0.0 0.0
0.0 0.0 0.0
0.0 0.0 0.0
0.0 0.0 0.0
0.0 0.0 0.0
0.0 0.0 0.0
0.0 0.0 0.0
0.0 0.0 0.0
0.0 0.0 0.0
0.0 0.0 0.0
0.0 0.0 0.0
0.0 0.0 0.0
0.0 0.0 0.0
0.0 0.0 0.0
0.0 0.0 0.0
0.0 0.0 0.0
0.0 0.0 0.0
0.0 0.0 0.0
0.0 0.0 0.0
0.0 0.0 0.0
0.0 0.0 0.0
0.0 0.0 0.0
0.0 0.0 0.0
0.0 0.0 0.0
0.0 0.0 0.0
0.0 0.0 0.0
0.0 0.0 0.0
0.0 0.0 0.0
0.0 0.0 0.0
0.0 0.0 0.0
0.0 0.0 0.0
0.0 0.0 0.0
0.0 0.0 0.0
0.0 0.0 0.0
0.0 0.0 0.0
0.0 0.0 0.0
0.0 0.0 0.0
0.0 0.0 0.0
0.0 0.0 0.0
0.0 0.0 0.0
0.0 0.0 0.0
0.0 0.0 0.0
0.0 0.0 0.0
0.0 0.0 0.0
0.0 0.0 0.0
0.0 0.0 0.0
0.0 0.0 0.0
0.0 0.0 0.0
0.0 0.0 0.0
0.0 0.0 0.0
0.0 0.0 0.0
0.0 0.0 0.0
0.0 0.0 0.0
0.0 0.0 0.0
0.0 0.0 0.0
0.0 0.0 0.0
0.0 0.0 0.0
0.0 0.0 0.0
0.0 0.0 0.0
0.0 0.0 0.0
0.0 0.0 0.0
0.0 0.0 0.0
0.0 0.0 0.0
0.0 0.0 0.0
0.0 0.0 0.0
0.0 0.0 0.0
0.0 0.0 0.0
0.0 0.0 0.0
0.0 0.0 0.0
0.0 0.0 0.0
0.0 0.0 0.0
0.0 0.0 0.0
0.0 0.0 0.0
0.0 0.0 0.0
0.0 0.0 0.0
0.0 0.0 0.0
0.0 0.0 0.0
0.0 0.0 0.0
0.0 0.0 0.0
0.0 0.0 0.0
0.0 0.0 0.0
0.0 0.0 0.0
0.0 0.0 0.0
0.0 0.0 0.0
0.0 0.0 0.0
0.0 0.0 0.0
0.0 0.0 0.0
0.0 0.0 0.0
0.0 0.0 0.0
0.0 0.0 0.0
0.0 0.0 0.0
0.0 0.0 0.0
0.0 0.0 0.0
0.0 0.0 0.0
0.0 0.0 0.0
0.0 0.0 0.0
0.0 0.0 0.0
0.0 0.0 0.0
0.0 0.0 0.0
0.0 0.0 0.0
0.0 0.0 0.0
0.0 0.0 0.0
0.0 0.0 0.0
0.0 0.0 0.0
0.0 0.0 0.0
0.0 0.0 0.0
0.0 0.0 0.0
0.0 0.0 0.0
0.0 0.0 0.0
0.0 0.0 0.0
0.0 0.0 0.0
0.0 0.0 0.0
0.0 0.0 0.0
0.0 0.0 0.0
0.0 0.0 0.0
0.0 0.0 0.0
0.0 0.0 0.0
0.0 0.0 0.0
0.0 0.0 0.0
0.0 0.0 0.0
0.0 0.0 0.0
0.0 0.0 0.0
0.0 0.0 0.0
0.0 0.0 0.0
0.0 0.0 0.0
0.0 0.0 0.0
0.0 0.0 0.0
0.0 0.0 0.0
0.0 0.0 0.0
0.0 0.0 0.0
0.0 0.0 0.0
0.0 0.0 0.0
0.0 0.0 0.0
0.0 0.0 0.0
0.0 0.0 0.0
0.0 0.0 0.0
0.0 0.0 0.0
0.0 0.0 0.0
0.0 0.0 0.0
0.0 0.0 0.0
0.0 0.0 0.0
0.0 0.0 0.0
0.0 0.0 0.0
0.0 0.0 0.0
0.0 0.0 0.0
0.0 0.0 0.0
0.0 0.0 0.0
0.0 0.0 0.0
0.0 0.0 0.0
0.0 0.0 0.0
0.0 0.0 0.0
0.0 0.0 0.0
0.0 0.0 0.0
0.0 0.0 0.0
0.0 0.0 0.0
0.0 0.0 0.0
0.0 0.0 0.0
0.0 0.0 0.0
0.0 0.0 0.0
0.0 0.0 0.0
0.0 0.0 0.0
0.0 0.0 0.0
0.0 0.0 0.0
0.0 0.0 0.0
0.0 0.0 0.0
0.0 0.0 0.0
0.0 0.0 0.0
0.0 0.0 0.0
0.0 0.0 0.0
0.0 0.0 0.0
0.0 0.0 0.0
0.0 0.0 0.0
0.0 0.0 0.0
0.0 0.0 0.0
0.0 0.0 0.0
0.0 0.0 0.0
0.0 0.0 0.0
0.0 0.0 0.0
0.0 0.0 0.0
0.0 0.0 0.0
0.0 0.0 0.0
0.0 0.0 0.0
0.0 0.0 0.0
0.0 0.0 0.0
0.0 0.0 0.0
0.0 0.0 0.0
0.0 0.0 0.0
0.0 0.0 0.0
0.0 0.0 0.0
0.0 0.0 0.0
0.0 0.0 0.0
15.631294250488281 46.562618255615234 -0.9223690629005432
0.0 0.0 0.0
0.0 0.0 0.0
0.0 0.0 0.0
0.0 0.0 0.0
0.0 0.0 0.0
0.0 0.0 0.0
0.0 0.0 0.0
0.0 0.0 0.0
0.0 0.0 0.0
0.0 0.0 0.0
0.0 0.0 0.0
0.0 0.0 0.0
0.0 0.0 0.0
0.0 0.0 0.0
0.0 0.0 0.0
0.0 0.0 0.0
0.0 0.0 0.0
0.0 0.0 0.0
0.0 0.0 0.0
0.0 0.0 0.0
0.0 0.0 0.0
0.0 0.0 0.0
0.0 0.0 0.0
0.0 0.0 0.0
0.0 0.0 0.0
0.0 0.0 0.0
0.0 0.0 0.0
0.0 0.0 0.0
0.0 0.0 0.0
0.0 0.0 0.0
0.0 0.0 0.0
0.0 0.0 0.0
0.0 0.0 0.0
0.0 0.0 0.0
0.0 0.0 0.0
0.0 0.0 0.0
0.0 0.0 0.0
0.0 0.0 0.0
0.0 0.0 0.0
0.0 0.0 0.0
0.0 0.0 0.0
0.0 0.0 0.0
0.0 0.0 0.0
0.0 0.0 0.0
0.0 0.0 0.0
0.0 0.0 0.0
0.0 0.0 0.0
0.0 0.0 0.0
0.0 0.0 0.0
0.0 0.0 0.0
0.0 0.0 0.0
0.0 0.0 0.0
0.0 0.0 0.0
0.0 0.0 0.0
0.0 0.0 0.0
0.0 0.0 0.0
0.0 0.0 0.0
0.0 0.0 0.0
0.0 0.0 0.0
0.0 0.0 0.0
0.0 0.0 0.0
0.0 0.0 0.0
0.0 0.0 0.0
0.0 0.0 0.0
0.0 0.0 0.0
0.0 0.0 0.0
0.0 0.0 0.0
0.0 0.0 0.0
0.0 0.0 0.0
0.0 0.0 0.0
0.0 0.0 0.0
0.0 0.0 0.0
0.0 0.0 0.0
0.0 0.0 0.0
0.0 0.0 0.0
0.0 0.0 0.0
0.0 0.0 0.0
0.0 0.0 0.0
0.0 0.0 0.0
0.0 0.0 0.0
0.0 0.0 0.0
0.0 0.0 0.0
0.0 0.0 0.0
0.0 0.0 0.0
0.0 0.0 0.0
0.0 0.0 0.0
0.0 0.0 0.0
0.0 0.0 0.0
0.0 0.0 0.0
0.0 0.0 0.0
0.0 0.0 0.0
0.0 0.0 0.0
0.0 0.0 0.0
0.0 0.0 0.0
0.0 0.0 0.0
0.0 0.0 0.0
0.0 0.0 0.0
0.0 0.0 0.0
0.0 0.0 0.0
0.0 0.0 0.0
0.0 0.0 0.0
0.0 0.0 0.0
0.0 0.0 0.0
0.0 0.0 0.0
0.0 0.0 0.0
0.0 0.0 0.0
0.0 0.0 0.0
0.0 0.0 0.0
0.0 0.0 0.0
0.0 0.0 0.0
0.0 0.0 0.0
0.0 0.0 0.0
0.0 0.0 0.0
0.0 0.0 0.0
0.0 0.0 0.0
0.0 0.0 0.0
0.0 0.0 0.0
0.0 0.0 0.0
0.0 0.0 0.0
0.0 0.0 0.0
0.0 0.0 0.0
0.0 0.0 0.0
0.0 0.0 0.0
0.0 0.0 0.0
0.0 0.0 0.0
0.0 0.0 0.0
0.0 0.0 0.0
0.0 0.0 0.0
0.0 0.0 0.0
0.0 0.0 0.0
0.0 0.0 0.0
0.0 0.0 0.0
0.0 0.0 0.0
0.0 0.0 0.0
0.0 0.0 0.0
0.0 0.0 0.0
0.0 0.0 0.0
0.0 0.0 0.0
0.0 0.0 0.0
0.0 0.0 0.0
0.0 0.0 0.0
0.0 0.0 0.0
0.0 0.0 0.0
0.0 0.0 0.0
0.0 0.0 0.0
0.0 0.0 0.0
0.0 0.0 0.0
0.0 0.0 0.0
0.0 0.0 0.0
0.0 0.0 0.0
0.0 0.0 0.0
0.0 0.0 0.0
0.0 0.0 0.0
0.0 0.0 0.0
0.0 0.0 0.0
0.0 0.0 0.0
0.0 0.0 0.0
0.0 0.0 0.0
0.0 0.0 0.0
0.0 0.0 0.0
0.0 0.0 0.0
0.0 0.0 0.0
0.0 0.0 0.0
0.0 0.0 0.0
0.0 0.0 0.0
0.0 0.0 0.0
0.0 0.0 0.0
0.0 0.0 0.0
0.0 0.0 0.0
0.0 0.0 0.0
0.0 0.0 0.0
0.0 0.0 0.0
0.0 0.0 0.0
0.0 0.0 0.0
0.0 0.0 0.0
0.0 0.0 0.0
0.0 0.0 0.0
0.0 0.0 0.0
0.0 0.0 0.0
0.0 0.0 0.0
0.0 0.0 0.0
0.0 0.0 0.0
0.0 0.0 0.0
0.0 0.0 0.0
0.0 0.0 0.0
0.0 0.0 0.0
0.0 0.0 0.0
0.0 0.0 0.0
0.0 0.0 0.0
0.0 0.0 0.0
0.0 0.0 0.0
0.0 0.0 0.0
0.0 0.0 0.0
0.0 0.0 0.0
0.0 0.0 0.0
0.0 0.0 0.0
0.0 0.0 0.0
0.0 0.0 0.0
0.0 0.0 0.0
0.0 0.0 0.0
0.0 0.0 0.0
0.0 0.0 0.0
0.0 0.0 0.0
0.0 0.0 0.0
0.0 0.0 0.0
0.0 0.0 0.0
0.0 0.0 0.0
0.0 0.0 0.0
0.0 0.0 0.0
0.0 0.0 0.0
0.0 0.0 0.0
0.0 0.0 0.0
0.0 0.0 0.0
0.0 0.0 0.0
0.0 0.0 0.0
0.0 0.0 0.0
0.0 0.0 0.0
0.0 0.0 0.0
0.0 0.0 0.0
0.0 0.0 0.0
0.0 0.0 0.0
0.0 0.0 0.0
0.0 0.0 0.0
0.0 0.0 0.0
0.0 0.0 0.0
0.0 0.0 0.0
0.0 0.0 0.0
0.0 0.0 0.0
0.0 0.0 0.0
0.0 0.0 0.0
0.0 0.0 0.0
0.0 0.0 0.0
0.0 0.0 0.0
0.0 0.0 0.0
0.0 0.0 0.0
0.0 0.0 0.0
0.0 0.0 0.0
0.0 0.0 0.0
0.0 0.0 0.0
0.0 0.0 0.0
0.0 0.0 0.0
0.0 0.0 0.0
0.0 0.0 0.0
0.0 0.0 0.0
0.0 0.0 0.0
0.0 0.0 0.0
0.0 0.0 0.0
0.0 0.0 0.0
0.0 0.0 0.0
0.0 0.0 0.0
0.0 0.0 0.0
0.0 0.0 0.0
0.0 0.0 0.0
0.0 0.0 0.0
0.0 0.0 0.0
0.0 0.0 0.0
0.0 0.0 0.0
0.0 0.0 0.0
0.0 0.0 0.0
0.0 0.0 0.0
0.0 0.0 0.0
0.0 0.0 0.0
0.0 0.0 0.0
0.0 0.0 0.0
0.0 0.0 0.0
0.0 0.0 0.0
0.0 0.0 0.0
0.0 0.0 0.0
0.0 0.0 0.0
0.0 0.0 0.0
0.0 0.0 0.0
0.0 0.0 0.0
0.0 0.0 0.0
0.0 0.0 0.0
0.0 0.0 0.0
0.0 0.0 0.0
0.0 0.0 0.0
0.0 0.0 0.0
0.0 0.0 0.0
0.0 0.0 0.0
0.0 0.0 0.0
0.0 0.0 0.0
0.0 0.0 0.0
0.0 0.0 0.0
0.0 0.0 0.0
0.0 0.0 0.0
0.0 0.0 0.0
0.0 0.0 0.0
0.0 0.0 0.0
0.0 0.0 0.0
0.0 0.0 0.0
0.0 0.0 0.0
0.0 0.0 0.0
0.0 0.0 0.0
0.0 0.0 0.0
0.0 0.0 0.0
0.0 0.0 0.0
0.0 0.0 0.0
0.0 0.0 0.0
0.0 0.0 0.0
0.0 0.0 0.0
0.0 0.0 0.0
0.0 0.0 0.0
0.0 0.0 0.0
0.0 0.0 0.0
0.0 0.0 0.0
0.0 0.0 0.0
0.0 0.0 0.0
0.0 0.0 0.0
0.0 0.0 0.0
0.0 0.0 0.0
0.0 0.0 0.0
0.0 0.0 0.0
0.0 0.0 0.0
0.0 0.0 0.0
0.0 0.0 0.0
0.0 0.0 0.0
0.0 0.0 0.0
0.0 0.0 0.0
0.0 0.0 0.0
0.0 0.0 0.0
0.0 0.0 0.0
0.0 0.0 0.0
0.0 0.0 0.0
0.0 0.0 0.0
0.0 0.0 0.0
0.0 0.0 0.0
0.0 0.0 0.0
0.0 0.0 0.0
0.0 0.0 0.0
0.0 0.0 0.0
0.0 0.0 0.0
0.0 0.0 0.0
0.0 0.0 0.0
0.0 0.0 0.0
0.0 0.0 0.0
0.0 0.0 0.0
0.0 0.0 0.0
0.0 0.0 0.0
0.0 0.0 0.0
0.0 0.0 0.0
0.0 0.0 0.0
0.0 0.0 0.0
0.0 0.0 0.0
0.0 0.0 0.0
0.0 0.0 0.0
0.0 0.0 0.0
0.0 0.0 0.0
0.0 0.0 0.0
0.0 0.0 0.0
0.0 0.0 0.0
0.0 0.0 0.0
0.0 0.0 0.0
0.0 0.0 0.0
0.0 0.0 0.0
0.0 0.0 0.0
0.0 0.0 0.0
0.0 0.0 0.0
0.0 0.0 0.0
0.0 0.0 0.0
0.0 0.0 0.0
0.0 0.0 0.0
0.0 0.0 0.0
0.0 0.0 0.0
0.0 0.0 0.0
0.0 0.0 0.0
0.0 0.0 0.0
0.0 0.0 0.0
0.0 0.0 0.0
0.0 0.0 0.0
0.0 0.0 0.0
0.0 0.0 0.0
0.0 0.0 0.0
0.0 0.0 0.0
0.0 0.0 0.0
0.0 0.0 0.0
0.0 0.0 0.0
0.0 0.0 0.0
0.0 0.0 0.0
0.0 0.0 0.0
0.0 0.0 0.0
0.0 0.0 0.0
0.0 0.0 0.0
0.0 0.0 0.0
0.0 0.0 0.0
0.0 0.0 0.0
0.0 0.0 0.0
0.0 0.0 0.0
0.0 0.0 0.0
0.0 0.0 0.0
0.0 0.0 0.0
0.0 0.0 0.0
0.0 0.0 0.0
0.0 0.0 0.0
0.0 0.0 0.0
0.0 0.0 0.0
0.0 0.0 0.0
0.0 0.0 0.0
0.0 0.0 0.0
0.0 0.0 0.0
0.0 0.0 0.0
0.0 0.0 0.0
0.0 0.0 0.0
0.0 0.0 0.0
0.0 0.0 0.0
0.0 0.0 0.0
0.0 0.0 0.0
0.0 0.0 0.0
0.0 0.0 0.0
0.0 0.0 0.0
0.0 0.0 0.0
0.0 0.0 0.0
0.0 0.0 0.0
0.0 0.0 0.0
0.0 0.0 0.0
0.0 0.0 0.0
0.0 0.0 0.0
0.0 0.0 0.0
0.0 0.0 0.0
0.0 0.0 0.0
0.0 0.0 0.0
0.0 0.0 0.0
0.0 0.0 0.0
0.0 0.0 0.0
0.0 0.0 0.0
0.0 0.0 0.0
0.0 0.0 0.0
0.0 0.0 0.0
0.0 0.0 0.0
0.0 0.0 0.0
0.0 0.0 0.0
0.0 0.0 0.0
0.0 0.0 0.0
0.0 0.0 0.0
0.0 0.0 0.0
0.0 0.0 0.0
0.0 0.0 0.0
0.0 0.0 0.0
0.0 0.0 0.0
0.0 0.0 0.0
0.0 0.0 0.0
0.0 0.0 0.0
0.0 0.0 0.0
0.0 0.0 0.0
0.0 0.0 0.0
0.0 0.0 0.0
0.0 0.0 0.0
0.0 0.0 0.0
0.0 0.0 0.0
0.0 0.0 0.0
0.0 0.0 0.0
0.0 0.0 0.0
0.0 0.0 0.0
0.0 0.0 0.0
0.0 0.0 0.0
0.0 0.0 0.0
0.0 0.0 0.0
0.0 0.0 0.0
0.0 0.0 0.0
0.0 0.0 0.0
0.0 0.0 0.0
0.0 0.0 0.0
0.0 0.0 0.0
0.0 0.0 0.0
0.0 0.0 0.0
0.0 0.0 0.0
0.0 0.0 0.0
0.0 0.0 0.0
0.0 0.0 0.0
0.0 0.0 0.0
0.0 0.0 0.0
0.0 0.0 0.0
0.0 0.0 0.0
0.0 0.0 0.0
0.0 0.0 0.0
0.0 0.0 0.0
0.0 0.0 0.0
0.0 0.0 0.0
0.0 0.0 0.0
0.0 0.0 0.0
0.0 0.0 0.0
0.0 0.0 0.0
0.0 0.0 0.0
0.0 0.0 0.0
0.0 0.0 0.0
0.0 0.0 0.0
0.0 0.0 0.0
0.0 0.0 0.0
0.0 0.0 0.0
0.0 0.0 0.0
0.0 0.0 0.0
0.0 0.0 0.0
0.0 0.0 0.0
0.0 0.0 0.0
0.0 0.0 0.0
0.0 0.0 0.0
0.0 0.0 0.0
0.0 0.0 0.0
0.0 0.0 0.0
0.0 0.0 0.0
0.0 0.0 0.0
0.0 0.0 0.0
0.0 0.0 0.0
0.0 0.0 0.0
0.0 0.0 0.0
0.0 0.0 0.0
0.0 0.0 0.0
0.0 0.0 0.0
0.0 0.0 0.0
0.0 0.0 0.0
0.0 0.0 0.0
0.0 0.0 0.0
0.0 0.0 0.0
0.0 0.0 0.0
0.0 0.0 0.0
0.0 0.0 0.0
0.0 0.0 0.0
0.0 0.0 0.0
0.0 0.0 0.0
0.0 0.0 0.0
0.0 0.0 0.0
0.0 0.0 0.0
0.0 0.0 0.0
0.0 0.0 0.0
0.0 0.0 0.0
0.0 0.0 0.0
0.0 0.0 0.0
0.0 0.0 0.0
0.0 0.0 0.0
0.0 0.0 0.0
0.0 0.0 0.0
0.0 0.0 0.0
0.0 0.0 0.0
0.0 0.0 0.0
0.0 0.0 0.0
0.0 0.0 0.0
0.0 0.0 0.0
0.0 0.0 0.0
0.0 0.0 0.0
0.0 0.0 0.0
0.0 0.0 0.0
0.0 0.0 0.0
0.0 0.0 0.0
0.0 0.0 0.0
0.0 0.0 0.0
0.0 0.0 0.0
0.0 0.0 0.0
0.0 0.0 0.0
0.0 0.0 0.0
0.0 0.0 0.0
0.0 0.0 0.0
0.0 0.0 0.0
0.0 0.0 0.0
0.0 0.0 0.0
0.0 0.0 0.0
0.0 0.0 0.0
0.0 0.0 0.0
0.0 0.0 0.0
0.0 0.0 0.0
0.0 0.0 0.0
0.0 0.0 0.0
0.0 0.0 0.0
0.0 0.0 0.0
0.0 0.0 0.0
0.0 0.0 0.0
0.0 0.0 0.0
0.0 0.0 0.0
0.0 0.0 0.0
0.0 0.0 0.0
0.0 0.0 0.0
0.0 0.0 0.0
0.0 0.0 0.0
0.0 0.0 0.0
0.0 0.0 0.0
0.0 0.0 0.0
0.0 0.0 0.0
0.0 0.0 0.0
0.0 0.0 0.0
0.0 0.0 0.0
0.0 0.0 0.0
0.0 0.0 0.0
0.0 0.0 0.0
0.0 0.0 0.0
0.0 0.0 0.0
0.0 0.0 0.0
0.0 0.0 0.0
0.0 0.0 0.0
0.0 0.0 0.0
0.0 0.0 0.0
0.0 0.0 0.0
0.0 0.0 0.0
0.0 0.0 0.0
0.0 0.0 0.0
0.0 0.0 0.0
0.0 0.0 0.0
0.0 0.0 0.0
0.0 0.0 0.0
0.0 0.0 0.0
0.0 0.0 0.0
0.0 0.0 0.0
0.0 0.0 0.0
0.0 0.0 0.0
0.0 0.0 0.0
0.0 0.0 0.0
0.0 0.0 0.0
0.0 0.0 0.0
0.0 0.0 0.0
0.0 0.0 0.0
0.0 0.0 0.0
0.0 0.0 0.0
0.0 0.0 0.0
0.0 0.0 0.0
0.0 0.0 0.0
0.0 0.0 0.0
0.0 0.0 0.0
0.0 0.0 0.0
0.0 0.0 0.0
0.0 0.0 0.0
0.0 0.0 0.0
0.0 0.0 0.0
0.0 0.0 0.0
0.0 0.0 0.0
0.0 0.0 0.0
0.0 0.0 0.0
0.0 0.0 0.0
0.0 0.0 0.0
0.0 0.0 0.0
0.0 0.0 0.0
0.0 0.0 0.0
0.0 0.0 0.0
0.0 0.0 0.0
0.0 0.0 0.0
0.0 0.0 0.0
0.0 0.0 0.0
0.0 0.0 0.0
0.0 0.0 0.0
0.0 0.0 0.0
0.0 0.0 0.0
0.0 0.0 0.0
0.0 0.0 0.0
0.0 0.0 0.0
0.0 0.0 0.0
0.0 0.0 0.0
0.0 0.0 0.0
0.0 0.0 0.0
0.0 0.0 0.0
0.0 0.0 0.0
0.0 0.0 0.0
0.0 0.0 0.0
0.0 0.0 0.0
0.0 0.0 0.0
0.0 0.0 0.0
0.0 0.0 0.0
0.0 0.0 0.0
0.0 0.0 0.0
0.0 0.0 0.0
0.0 0.0 0.0
0.0 0.0 0.0
0.0 0.0 0.0
0.0 0.0 0.0
0.0 0.0 0.0
0.0 0.0 0.0
0.0 0.0 0.0
0.0 0.0 0.0
0.0 0.0 0.0
0.0 0.0 0.0
0.0 0.0 0.0
0.0 0.0 0.0
0.0 0.0 0.0
0.0 0.0 0.0
0.0 0.0 0.0
0.0 0.0 0.0
0.0 0.0 0.0
0.0 0.0 0.0
0.0 0.0 0.0
0.0 0.0 0.0
0.0 0.0 0.0
0.0 0.0 0.0
0.0 0.0 0.0
0.0 0.0 0.0
0.0 0.0 0.0
0.0 0.0 0.0
0.0 0.0 0.0
0.0 0.0 0.0
0.0 0.0 0.0
0.0 0.0 0.0
0.0 0.0 0.0
0.0 0.0 0.0
0.0 0.0 0.0
0.0 0.0 0.0
0.0 0.0 0.0
0.0 0.0 0.0
0.0 0.0 0.0
0.0 0.0 0.0
0.0 0.0 0.0
0.0 0.0 0.0
0.0 0.0 0.0
0.0 0.0 0.0
0.0 0.0 0.0
0.0 0.0 0.0
0.0 0.0 0.0
0.0 0.0 0.0
0.0 0.0 0.0
0.0 0.0 0.0
0.0 0.0 0.0
0.0 0.0 0.0
0.0 0.0 0.0
0.0 0.0 0.0
0.0 0.0 0.0
0.0 0.0 0.0
0.0 0.0 0.0
0.0 0.0 0.0
0.0 0.0 0.0
0.0 0.0 0.0
0.0 0.0 0.0
0.0 0.0 0.0
0.0 0.0 0.0
0.0 0.0 0.0
0.0 0.0 0.0
0.0 0.0 0.0
0.0 0.0 0.0
0.0 0.0 0.0
0.0 0.0 0.0
0.0 0.0 0.0
0.0 0.0 0.0
0.0 0.0 0.0
0.0 0.0 0.0
0.0 0.0 0.0
0.0 0.0 0.0
0.0 0.0 0.0
0.0 0.0 0.0
0.0 0.0 0.0
0.0 0.0 0.0
0.0 0.0 0.0
0.0 0.0 0.0
0.0 0.0 0.0
0.0 0.0 0.0
0.0 0.0 0.0
0.0 0.0 0.0
0.0 0.0 0.0
0.0 0.0 0.0
0.0 0.0 0.0
0.0 0.0 0.0
0.0 0.0 0.0
0.0 0.0 0.0
0.0 0.0 0.0
0.0 0.0 0.0
0.0 0.0 0.0
0.0 0.0 0.0
0.0 0.0 0.0
0.0 0.0 0.0
0.0 0.0 0.0
0.0 0.0 0.0
0.0 0.0 0.0
0.0 0.0 0.0
0.0 0.0 0.0
0.0 0.0 0.0
0.0 0.0 0.0
0.0 0.0 0.0
0.0 0.0 0.0
0.0 0.0 0.0
0.0 0.0 0.0
0.0 0.0 0.0
0.0 0.0 0.0
0.0 0.0 0.0
0.0 0.0 0.0
0.0 0.0 0.0
0.0 0.0 0.0
0.0 0.0 0.0
0.0 0.0 0.0
0.0 0.0 0.0
0.0 0.0 0.0
0.0 0.0 0.0
0.0 0.0 0.0
0.0 0.0 0.0
0.0 0.0 0.0
0.0 0.0 0.0
0.0 0.0 0.0
0.0 0.0 0.0
0.0 0.0 0.0
0.0 0.0 0.0
0.0 0.0 0.0
0.0 0.0 0.0
0.0 0.0 0.0
0.0 0.0 0.0
0.0 0.0 0.0
0.0 0.0 0.0
0.0 0.0 0.0
0.0 0.0 0.0
0.0 0.0 0.0
0.0 0.0 0.0
0.0 0.0 0.0
0.0 0.0 0.0
0.0 0.0 0.0
0.0 0.0 0.0
0.0 0.0 0.0
0.0 0.0 0.0
0.0 0.0 0.0
0.0 0.0 0.0
0.0 0.0 0.0
0.0 0.0 0.0
0.0 0.0 0.0
0.0 0.0 0.0
0.0 0.0 0.0
0.0 0.0 0.0
0.0 0.0 0.0
0.0 0.0 0.0
0.0 0.0 0.0
0.0 0.0 0.0
0.0 0.0 0.0
0.0 0.0 0.0
0.0 0.0 0.0
0.0 0.0 0.0
0.0 0.0 0.0
0.0 0.0 0.0
0.0 0.0 0.0
0.0 0.0 0.0
0.0 0.0 0.0
0.0 0.0 0.0
0.0 0.0 0.0
0.0 0.0 0.0
0.0 0.0 0.0
0.0 0.0 0.0
0.0 0.0 0.0
0.0 0.0 0.0
0.0 0.0 0.0
0.0 0.0 0.0
0.0 0.0 0.0
0.0 0.0 0.0
0.0 0.0 0.0
0.0 0.0 0.0
0.0 0.0 0.0
0.0 0.0 0.0
0.0 0.0 0.0
0.0 0.0 0.0
0.0 0.0 0.0
0.0 0.0 0.0
0.0 0.0 0.0
0.0 0.0 0.0
0.0 0.0 0.0
0.0 0.0 0.0
0.0 0.0 0.0
0.0 0.0 0.0
0.0 0.0 0.0
0.0 0.0 0.0
0.0 0.0 0.0
0.0 0.0 0.0
0.0 0.0 0.0
0.0 0.0 0.0
0.0 0.0 0.0
0.0 0.0 0.0
0.0 0.0 0.0
0.0 0.0 0.0
0.0 0.0 0.0
0.0 0.0 0.0
0.0 0.0 0.0
0.0 0.0 0.0
0.0 0.0 0.0
0.0 0.0 0.0
0.0 0.0 0.0
0.0 0.0 0.0
0.0 0.0 0.0
0.0 0.0 0.0
-5.491698741912842 159.16099548339844 3.6209120750427246
0.0 0.0 0.0
0.0 0.0 0.0
0.0 0.0 0.0
0.0 0.0 0.0
0.0 0.0 0.0
0.0 0.0 0.0
0.0 0.0 0.0
0.0 0.0 0.0
0.0 0.0 0.0
0.0 0.0 0.0
0.0 0.0 0.0
0.0 0.0 0.0
0.0 0.0 0.0
0.0 0.0 0.0
0.0 0.0 0.0
0.0 0.0 0.0
0.0 0.0 0.0
0.0 0.0 0.0
0.0 0.0 0.0
0.0 0.0 0.0
0.0 0.0 0.0
0.0 0.0 0.0
0.0 0.0 0.0
0.0 0.0 0.0
0.0 0.0 0.0
0.0 0.0 0.0
0.0 0.0 0.0
0.0 0.0 0.0
0.0 0.0 0.0
0.0 0.0 0.0
0.0 0.0 0.0
0.0 0.0 0.0
0.0 0.0 0.0
0.0 0.0 0.0
0.0 0.0 0.0
0.0 0.0 0.0
0.0 0.0 0.0
0.0 0.0 0.0
0.0 0.0 0.0
0.0 0.0 0.0
0.0 0.0 0.0
0.0 0.0 0.0
0.0 0.0 0.0
0.0 0.0 0.0
0.0 0.0 0.0
0.0 0.0 0.0
0.0 0.0 0.0
0.0 0.0 0.0
0.0 0.0 0.0
0.0 0.0 0.0
0.0 0.0 0.0
0.0 0.0 0.0
0.0 0.0 0.0
0.0 0.0 0.0
0.0 0.0 0.0
0.0 0.0 0.0
0.0 0.0 0.0
0.0 0.0 0.0
0.0 0.0 0.0
0.0 0.0 0.0
0.0 0.0 0.0
0.0 0.0 0.0
0.0 0.0 0.0
0.0 0.0 0.0
0.0 0.0 0.0
0.0 0.0 0.0
0.0 0.0 0.0
0.0 0.0 0.0
0.0 0.0 0.0
0.0 0.0 0.0
0.0 0.0 0.0
0.0 0.0 0.0
0.0 0.0 0.0
0.0 0.0 0.0
0.0 0.0 0.0
0.0 0.0 0.0
0.0 0.0 0.0
0.0 0.0 0.0
0.0 0.0 0.0
0.0 0.0 0.0
0.0 0.0 0.0
0.0 0.0 0.0
0.0 0.0 0.0
0.0 0.0 0.0
0.0 0.0 0.0
0.0 0.0 0.0
0.0 0.0 0.0
0.0 0.0 0.0
0.0 0.0 0.0
0.0 0.0 0.0
0.0 0.0 0.0
0.0 0.0 0.0
0.0 0.0 0.0
0.0 0.0 0.0
0.0 0.0 0.0
0.0 0.0 0.0
0.0 0.0 0.0
0.0 0.0 0.0
0.0 0.0 0.0
0.0 0.0 0.0
0.0 0.0 0.0
0.0 0.0 0.0
0.0 0.0 0.0
0.0 0.0 0.0
0.0 0.0 0.0
0.0 0.0 0.0
0.0 0.0 0.0
0.0 0.0 0.0
0.0 0.0 0.0
0.0 0.0 0.0
0.0 0.0 0.0
0.0 0.0 0.0
0.0 0.0 0.0
0.0 0.0 0.0
0.0 0.0 0.0
0.0 0.0 0.0
0.0 0.0 0.0
0.0 0.0 0.0
0.0 0.0 0.0
0.0 0.0 0.0
0.0 0.0 0.0
0.0 0.0 0.0
0.0 0.0 0.0
0.0 0.0 0.0
0.0 0.0 0.0
0.0 0.0 0.0
0.0 0.0 0.0
0.0 0.0 0.0
0.0 0.0 0.0
0.0 0.0 0.0
0.0 0.0 0.0
0.0 0.0 0.0
0.0 0.0 0.0
0.0 0.0 0.0
0.0 0.0 0.0
0.0 0.0 0.0
0.0 0.0 0.0
0.0 0.0 0.0
0.0 0.0 0.0
0.0 0.0 0.0
0.0 0.0 0.0
0.0 0.0 0.0
0.0 0.0 0.0
0.0 0.0 0.0
0.0 0.0 0.0
0.0 0.0 0.0
0.0 0.0 0.0
0.0 0.0 0.0
0.0 0.0 0.0
0.0 0.0 0.0
0.0 0.0 0.0
0.0 0.0 0.0
0.0 0.0 0.0
0.0 0.0 0.0
0.0 0.0 0.0
0.0 0.0 0.0
0.0 0.0 0.0
0.0 0.0 0.0
0.0 0.0 0.0
0.0 0.0 0.0
0.0 0.0 0.0
0.0 0.0 0.0
0.0 0.0 0.0
0.0 0.0 0.0
0.0 0.0 0.0
0.0 0.0 0.0
0.0 0.0 0.0
0.0 0.0 0.0
0.0 0.0 0.0
0.0 0.0 0.0
0.0 0.0 0.0
0.0 0.0 0.0
0.0 0.0 0.0
0.0 0.0 0.0
0.0 0.0 0.0
0.0 0.0 0.0
0.0 0.0 0.0
0.0 0.0 0.0
0.0 0.0 0.0
0.0 0.0 0.0
0.0 0.0 0.0
0.0 0.0 0.0
0.0 0.0 0.0
0.0 0.0 0.0
0.0 0.0 0.0
0.0 0.0 0.0
0.0 0.0 0.0
0.0 0.0 0.0
0.0 0.0 0.0
0.0 0.0 0.0
0.0 0.0 0.0
0.0 0.0 0.0
0.0 0.0 0.0
0.0 0.0 0.0
0.0 0.0 0.0
0.0 0.0 0.0
0.0 0.0 0.0
0.0 0.0 0.0
0.0 0.0 0.0
0.0 0.0 0.0
0.0 0.0 0.0
0.0 0.0 0.0
0.0 0.0 0.0
0.0 0.0 0.0
0.0 0.0 0.0
0.0 0.0 0.0
0.0 0.0 0.0
0.0 0.0 0.0
0.0 0.0 0.0
0.0 0.0 0.0
0.0 0.0 0.0
0.0 0.0 0.0
0.0 0.0 0.0
0.0 0.0 0.0
0.0 0.0 0.0
0.0 0.0 0.0
0.0 0.0 0.0
0.0 0.0 0.0
0.0 0.0 0.0
0.0 0.0 0.0
0.0 0.0 0.0
0.0 0.0 0.0
0.0 0.0 0.0
0.0 0.0 0.0
0.0 0.0 0.0
0.0 0.0 0.0
0.0 0.0 0.0
0.0 0.0 0.0
0.0 0.0 0.0
0.0 0.0 0.0
0.0 0.0 0.0
0.0 0.0 0.0
0.0 0.0 0.0
0.0 0.0 0.0
0.0 0.0 0.0
0.0 0.0 0.0
0.0 0.0 0.0
0.0 0.0 0.0
0.0 0.0 0.0
0.0 0.0 0.0
0.0 0.0 0.0
0.0 0.0 0.0
0.0 0.0 0.0
0.0 0.0 0.0
0.0 0.0 0.0
0.0 0.0 0.0
0.0 0.0 0.0
0.0 0.0 0.0
0.0 0.0 0.0
0.0 0.0 0.0
0.0 0.0 0.0
0.0 0.0 0.0
0.0 0.0 0.0
0.0 0.0 0.0
0.0 0.0 0.0
0.0 0.0 0.0
0.0 0.0 0.0
0.0 0.0 0.0
0.0 0.0 0.0
0.0 0.0 0.0
0.0 0.0 0.0
0.0 0.0 0.0
0.0 0.0 0.0
0.0 0.0 0.0
0.0 0.0 0.0
0.0 0.0 0.0
0.0 0.0 0.0
0.0 0.0 0.0
0.0 0.0 0.0
0.0 0.0 0.0
0.0 0.0 0.0
0.0 0.0 0.0
0.0 0.0 0.0
0.0 0.0 0.0
0.0 0.0 0.0
0.0 0.0 0.0
0.0 0.0 0.0
0.0 0.0 0.0
0.0 0.0 0.0
0.0 0.0 0.0
0.0 0.0 0.0
0.0 0.0 0.0
0.0 0.0 0.0
0.0 0.0 0.0
0.0 0.0 0.0
0.0 0.0 0.0
0.0 0.0 0.0
0.0 0.0 0.0
0.0 0.0 0.0
0.0 0.0 0.0
0.0 0.0 0.0
0.0 0.0 0.0
0.0 0.0 0.0
0.0 0.0 0.0
0.0 0.0 0.0
0.0 0.0 0.0
0.0 0.0 0.0
0.0 0.0 0.0
0.0 0.0 0.0
0.0 0.0 0.0
0.0 0.0 0.0
0.0 0.0 0.0
0.0 0.0 0.0
0.0 0.0 0.0
0.0 0.0 0.0
0.0 0.0 0.0
0.0 0.0 0.0
0.0 0.0 0.0
0.0 0.0 0.0
0.0 0.0 0.0
0.0 0.0 0.0
0.0 0.0 0.0
0.0 0.0 0.0
0.0 0.0 0.0
0.0 0.0 0.0
0.0 0.0 0.0
0.0 0.0 0.0
0.0 0.0 0.0
0.0 0.0 0.0
0.0 0.0 0.0
0.0 0.0 0.0
0.0 0.0 0.0
0.0 0.0 0.0
0.0 0.0 0.0
0.0 0.0 0.0
0.0 0.0 0.0
0.0 0.0 0.0
0.0 0.0 0.0
0.0 0.0 0.0
0.0 0.0 0.0
0.0 0.0 0.0
0.0 0.0 0.0
0.0 0.0 0.0
0.0 0.0 0.0
0.0 0.0 0.0
0.0 0.0 0.0
0.0 0.0 0.0
0.0 0.0 0.0
0.0 0.0 0.0
0.0 0.0 0.0
0.0 0.0 0.0
0.0 0.0 0.0
0.0 0.0 0.0
0.0 0.0 0.0
0.0 0.0 0.0
0.0 0.0 0.0
0.0 0.0 0.0
0.0 0.0 0.0
0.0 0.0 0.0
0.0 0.0 0.0
0.0 0.0 0.0
0.0 0.0 0.0
0.0 0.0 0.0
0.0 0.0 0.0
0.0 0.0 0.0
0.0 0.0 0.0
0.0 0.0 0.0
0.0 0.0 0.0
0.0 0.0 0.0
0.0 0.0 0.0
0.0 0.0 0.0
0.0 0.0 0.0
0.0 0.0 0.0
0.0 0.0 0.0
0.0 0.0 0.0
0.0 0.0 0.0
0.0 0.0 0.0
0.0 0.0 0.0
0.0 0.0 0.0
0.0 0.0 0.0
0.0 0.0 0.0
0.0 0.0 0.0
0.0 0.0 0.0
0.0 0.0 0.0
0.0 0.0 0.0
0.0 0.0 0.0
0.0 0.0 0.0
0.0 0.0 0.0
0.0 0.0 0.0
0.0 0.0 0.0
0.0 0.0 0.0
0.0 0.0 0.0
0.0 0.0 0.0
0.0 0.0 0.0
0.0 0.0 0.0
0.0 0.0 0.0
0.0 0.0 0.0
0.0 0.0 0.0
0.0 0.0 0.0
0.0 0.0 0.0
0.0 0.0 0.0
0.0 0.0 0.0
0.0 0.0 0.0
0.0 0.0 0.0
0.0 0.0 0.0
0.0 0.0 0.0
0.0 0.0 0.0
0.0 0.0 0.0
0.0 0.0 0.0
0.0 0.0 0.0
0.0 0.0 0.0
0.0 0.0 0.0
0.0 0.0 0.0
0.0 0.0 0.0
0.0 0.0 0.0
0.0 0.0 0.0
0.0 0.0 0.0
0.0 0.0 0.0
0.0 0.0 0.0
0.0 0.0 0.0
0.0 0.0 0.0
0.0 0.0 0.0
0.0 0.0 0.0
0.0 0.0 0.0
0.0 0.0 0.0
0.0 0.0 0.0
0.0 0.0 0.0
0.0 0.0 0.0
0.0 0.0 0.0
0.0 0.0 0.0
0.0 0.0 0.0
0.0 0.0 0.0
0.0 0.0 0.0
0.0 0.0 0.0
0.0 0.0 0.0
0.0 0.0 0.0
0.0 0.0 0.0
0.0 0.0 0.0
0.0 0.0 0.0
0.0 0.0 0.0
0.0 0.0 0.0
0.0 0.0 0.0
0.0 0.0 0.0
0.0 0.0 0.0
0.0 0.0 0.0
0.0 0.0 0.0
0.0 0.0 0.0
0.0 0.0 0.0
0.0 0.0 0.0
0.0 0.0 0.0
0.0 0.0 0.0
0.0 0.0 0.0
0.0 0.0 0.0
0.0 0.0 0.0
0.0 0.0 0.0
0.0 0.0 0.0
0.0 0.0 0.0
0.0 0.0 0.0
0.0 0.0 0.0
0.0 0.0 0.0
0.0 0.0 0.0
0.0 0.0 0.0
0.0 0.0 0.0
0.0 0.0 0.0
0.0 0.0 0.0
0.0 0.0 0.0
0.0 0.0 0.0
0.0 0.0 0.0
0.0 0.0 0.0
0.0 0.0 0.0
0.0 0.0 0.0
0.0 0.0 0.0
0.0 0.0 0.0
0.0 0.0 0.0
0.0 0.0 0.0
0.0 0.0 0.0
0.0 0.0 0.0
0.0 0.0 0.0
0.0 0.0 0.0
0.0 0.0 0.0
0.0 0.0 0.0
0.0 0.0 0.0
0.0 0.0 0.0
0.0 0.0 0.0
0.0 0.0 0.0
0.0 0.0 0.0
0.0 0.0 0.0
0.0 0.0 0.0
0.0 0.0 0.0
0.0 0.0 0.0
0.0 0.0 0.0
0.0 0.0 0.0
0.0 0.0 0.0
0.0 0.0 0.0
0.0 0.0 0.0
0.0 0.0 0.0
0.0 0.0 0.0
0.0 0.0 0.0
0.0 0.0 0.0
0.0 0.0 0.0
0.0 0.0 0.0
0.0 0.0 0.0
0.0 0.0 0.0
0.0 0.0 0.0
0.0 0.0 0.0
0.0 0.0 0.0
0.0 0.0 0.0
0.0 0.0 0.0
0.0 0.0 0.0
0.0 0.0 0.0
0.0 0.0 0.0
0.0 0.0 0.0
0.0 0.0 0.0
0.0 0.0 0.0
0.0 0.0 0.0
0.0 0.0 0.0
0.0 0.0 0.0
0.0 0.0 0.0
0.0 0.0 0.0
0.0 0.0 0.0
0.0 0.0 0.0
0.0 0.0 0.0
0.0 0.0 0.0
0.0 0.0 0.0
0.0 0.0 0.0
0.0 0.0 0.0
0.0 0.0 0.0
0.0 0.0 0.0
0.0 0.0 0.0
0.0 0.0 0.0
0.0 0.0 0.0
0.0 0.0 0.0
0.0 0.0 0.0
0.0 0.0 0.0
0.0 0.0 0.0
0.0 0.0 0.0
0.0 0.0 0.0
0.0 0.0 0.0
0.0 0.0 0.0
0.0 0.0 0.0
0.0 0.0 0.0
0.0 0.0 0.0
0.0 0.0 0.0
0.0 0.0 0.0
0.0 0.0 0.0
0.0 0.0 0.0
0.0 0.0 0.0
0.0 0.0 0.0
0.0 0.0 0.0
0.0 0.0 0.0
0.0 0.0 0.0
0.0 0.0 0.0
0.0 0.0 0.0
0.0 0.0 0.0
0.0 0.0 0.0
0.0 0.0 0.0
0.0 0.0 0.0
0.0 0.0 0.0
0.0 0.0 0.0
0.0 0.0 0.0
0.0 0.0 0.0
0.0 0.0 0.0
0.0 0.0 0.0
0.0 0.0 0.0
0.0 0.0 0.0
0.0 0.0 0.0
0.0 0.0 0.0
0.0 0.0 0.0
0.0 0.0 0.0
0.0 0.0 0.0
0.0 0.0 0.0
0.0 0.0 0.0
0.0 0.0 0.0
0.0 0.0 0.0
0.0 0.0 0.0
0.0 0.0 0.0
0.0 0.0 0.0
0.0 0.0 0.0
0.0 0.0 0.0
0.0 0.0 0.0
0.0 0.0 0.0
0.0 0.0 0.0
0.0 0.0 0.0
0.0 0.0 0.0
0.0 0.0 0.0
0.0 0.0 0.0
0.0 0.0 0.0
0.0 0.0 0.0
0.0 0.0 0.0
0.0 0.0 0.0
0.0 0.0 0.0
0.0 0.0 0.0
0.0 0.0 0.0
0.0 0.0 0.0
0.0 0.0 0.0
0.0 0.0 0.0
0.0 0.0 0.0
0.0 0.0 0.0
0.0 0.0 0.0
0.0 0.0 0.0
0.0 0.0 0.0
0.0 0.0 0.0
0.0 0.0 0.0
0.0 0.0 0.0
0.0 0.0 0.0
0.0 0.0 0.0
0.0 0.0 0.0
0.0 0.0 0.0
0.0 0.0 0.0
0.0 0.0 0.0
0.0 0.0 0.0
0.0 0.0 0.0
0.0 0.0 0.0
0.0 0.0 0.0
0.0 0.0 0.0
0.0 0.0 0.0
0.0 0.0 0.0
0.0 0.0 0.0
0.0 0.0 0.0
0.0 0.0 0.0
0.0 0.0 0.0
0.0 0.0 0.0
0.0 0.0 0.0
0.0 0.0 0.0
0.0 0.0 0.0
0.0 0.0 0.0
0.0 0.0 0.0
0.0 0.0 0.0
0.0 0.0 0.0
0.0 0.0 0.0
0.0 0.0 0.0
0.0 0.0 0.0
0.0 0.0 0.0
0.0 0.0 0.0
0.0 0.0 0.0
0.0 0.0 0.0
0.0 0.0 0.0
0.0 0.0 0.0
0.0 0.0 0.0
0.0 0.0 0.0
0.0 0.0 0.0
0.0 0.0 0.0
0.0 0.0 0.0
0.0 0.0 0.0
0.0 0.0 0.0
0.0 0.0 0.0
0.0 0.0 0.0
0.0 0.0 0.0
0.0 0.0 0.0
0.0 0.0 0.0
0.0 0.0 0.0
0.0 0.0 0.0
0.0 0.0 0.0
0.0 0.0 0.0
0.0 0.0 0.0
0.0 0.0 0.0
0.0 0.0 0.0
0.0 0.0 0.0
0.0 0.0 0.0
0.0 0.0 0.0
0.0 0.0 0.0
0.0 0.0 0.0
0.0 0.0 0.0
0.0 0.0 0.0
0.0 0.0 0.0
0.0 0.0 0.0
0.0 0.0 0.0
0.0 0.0 0.0
0.0 0.0 0.0
0.0 0.0 0.0
0.0 0.0 0.0
0.0 0.0 0.0
0.0 0.0 0.0
0.0 0.0 0.0
0.0 0.0 0.0
0.0 0.0 0.0
0.0 0.0 0.0
0.0 0.0 0.0
0.0 0.0 0.0
0.0 0.0 0.0
0.0 0.0 0.0
0.0 0.0 0.0
0.0 0.0 0.0
0.0 0.0 0.0
0.0 0.0 0.0
0.0 0.0 0.0
0.0 0.0 0.0
0.0 0.0 0.0
0.0 0.0 0.0
0.0 0.0 0.0
0.0 0.0 0.0
0.0 0.0 0.0
0.0 0.0 0.0
0.0 0.0 0.0
0.0 0.0 0.0
0.0 0.0 0.0
0.0 0.0 0.0
0.0 0.0 0.0
0.0 0.0 0.0
0.0 0.0 0.0
0.0 0.0 0.0
0.0 0.0 0.0
0.0 0.0 0.0
0.0 0.0 0.0
0.0 0.0 0.0
0.0 0.0 0.0
0.0 0.0 0.0
0.0 0.0 0.0
0.0 0.0 0.0
0.0 0.0 0.0
0.0 0.0 0.0
0.0 0.0 0.0
0.0 0.0 0.0
0.0 0.0 0.0
0.0 0.0 0.0
0.0 0.0 0.0
0.0 0.0 0.0
0.0 0.0 0.0
0.0 0.0 0.0
0.0 0.0 0.0
0.0 0.0 0.0
0.0 0.0 0.0
0.0 0.0 0.0
0.0 0.0 0.0
0.0 0.0 0.0
0.0 0.0 0.0
0.0 0.0 0.0
0.0 0.0 0.0
0.0 0.0 0.0
0.0 0.0 0.0
0.0 0.0 0.0
0.0 0.0 0.0
0.0 0.0 0.0
0.0 0.0 0.0
0.0 0.0 0.0
0.0 0.0 0.0
0.0 0.0 0.0
0.0 0.0 0.0
0.0 0.0 0.0
0.0 0.0 0.0
0.0 0.0 0.0
0.0 0.0 0.0
0.0 0.0 0.0
0.0 0.0 0.0
0.0 0.0 0.0
0.0 0.0 0.0
0.0 0.0 0.0
0.0 0.0 0.0
0.0 0.0 0.0
0.0 0.0 0.0
0.0 0.0 0.0
0.0 0.0 0.0
0.0 0.0 0.0
0.0 0.0 0.0
0.0 0.0 0.0
0.0 0.0 0.0
0.0 0.0 0.0
0.0 0.0 0.0
0.0 0.0 0.0
0.0 0.0 0.0
0.0 0.0 0.0
0.0 0.0 0.0
0.0 0.0 0.0
0.0 0.0 0.0
0.0 0.0 0.0
0.0 0.0 0.0
0.0 0.0 0.0
0.0 0.0 0.0
0.0 0.0 0.0
0.0 0.0 0.0
0.0 0.0 0.0
0.0 0.0 0.0
0.0 0.0 0.0
0.0 0.0 0.0
0.0 0.0 0.0
0.0 0.0 0.0
0.0 0.0 0.0
0.0 0.0 0.0
0.0 0.0 0.0
0.0 0.0 0.0
0.0 0.0 0.0
0.0 0.0 0.0
0.0 0.0 0.0
0.0 0.0 0.0
0.0 0.0 0.0
0.0 0.0 0.0
0.0 0.0 0.0
0.0 0.0 0.0
0.0 0.0 0.0
0.0 0.0 0.0
0.0 0.0 0.0
0.0 0.0 0.0
0.0 0.0 0.0
0.0 0.0 0.0
0.0 0.0 0.0
0.0 0.0 0.0
0.0 0.0 0.0
0.0 0.0 0.0
0.0 0.0 0.0
0.0 0.0 0.0
0.0 0.0 0.0
0.0 0.0 0.0
0.0 0.0 0.0
0.0 0.0 0.0
0.0 0.0 0.0
0.0 0.0 0.0
0.0 0.0 0.0
0.0 0.0 0.0
0.0 0.0 0.0
0.0 0.0 0.0
0.0 0.0 0.0
0.0 0.0 0.0
0.0 0.0 0.0
0.0 0.0 0.0
0.0 0.0 0.0
0.0 0.0 0.0
0.0 0.0 0.0
0.0 0.0 0.0
0.0 0.0 0.0
0.0 0.0 0.0
0.0 0.0 0.0
0.0 0.0 0.0
0.0 0.0 0.0
0.0 0.0 0.0
0.0 0.0 0.0
0.0 0.0 0.0
0.0 0.0 0.0
0.0 0.0 0.0
0.0 0.0 0.0
0.0 0.0 0.0
0.0 0.0 0.0
0.0 0.0 0.0
0.0 0.0 0.0
0.0 0.0 0.0
0.0 0.0 0.0
0.0 0.0 0.0
0.0 0.0 0.0
0.0 0.0 0.0
0.0 0.0 0.0
0.0 0.0 0.0
0.0 0.0 0.0
0.0 0.0 0.0
0.0 0.0 0.0
0.0 0.0 0.0
0.0 0.0 0.0
0.0 0.0 0.0
0.0 0.0 0.0
0.0 0.0 0.0
0.0 0.0 0.0
0.0 0.0 0.0
0.0 0.0 0.0
0.0 0.0 0.0
0.0 0.0 0.0
0.0 0.0 0.0
0.0 0.0 0.0
0.0 0.0 0.0
0.0 0.0 0.0
0.0 0.0 0.0
0.0 0.0 0.0
0.0 0.0 0.0
0.0 0.0 0.0
0.0 0.0 0.0
0.0 0.0 0.0
0.0 0.0 0.0
0.0 0.0 0.0
0.0 0.0 0.0
0.0 0.0 0.0
0.0 0.0 0.0
0.0 0.0 0.0
0.0 0.0 0.0
0.0 0.0 0.0
0.0 0.0 0.0
0.0 0.0 0.0
0.0 0.0 0.0
0.0 0.0 0.0
0.0 0.0 0.0
0.0 0.0 0.0
0.0 0.0 0.0
0.0 0.0 0.0
0.0 0.0 0.0
0.0 0.0 0.0
0.0 0.0 0.0
0.0 0.0 0.0
0.0 0.0 0.0
0.0 0.0 0.0
0.0 0.0 0.0
0.0 0.0 0.0
0.0 0.0 0.0
0.0 0.0 0.0
0.0 0.0 0.0
0.0 0.0 0.0
0.0 0.0 0.0
0.0 0.0 0.0
0.0 0.0 0.0
0.0 0.0 0.0
0.0 0.0 0.0
0.0 0.0 0.0
0.0 0.0 0.0
0.0 0.0 0.0
0.0 0.0 0.0
0.0 0.0 0.0
0.0 0.0 0.0
0.0 0.0 0.0
0.0 0.0 0.0
0.0 0.0 0.0
0.0 0.0 0.0
0.0 0.0 0.0
0.0 0.0 0.0
0.0 0.0 0.0
0.0 0.0 0.0
0.0 0.0 0.0
0.0 0.0 0.0
0.0 0.0 0.0
0.0 0.0 0.0
0.0 0.0 0.0
0.0 0.0 0.0
0.0 0.0 0.0
0.0 0.0 0.0
0.0 0.0 0.0
0.0 0.0 0.0
0.0 0.0 0.0
0.0 0.0 0.0
0.0 0.0 0.0
0.0 0.0 0.0
0.0 0.0 0.0
0.0 0.0 0.0
0.0 0.0 0.0
0.0 0.0 0.0
0.0 0.0 0.0
0.0 0.0 0.0
0.0 0.0 0.0
0.0 0.0 0.0
0.0 0.0 0.0
0.0 0.0 0.0
0.0 0.0 0.0
0.0 0.0 0.0
0.0 0.0 0.0
0.0 0.0 0.0
0.0 0.0 0.0
0.0 0.0 0.0
0.0 0.0 0.0
0.0 0.0 0.0
0.0 0.0 0.0
0.0 0.0 0.0
0.0 0.0 0.0
0.0 0.0 0.0
0.0 0.0 0.0
0.0 0.0 0.0
0.0 0.0 0.0
0.0 0.0 0.0
0.0 0.0 0.0
0.0 0.0 0.0
0.0 0.0 0.0
0.0 0.0 0.0
0.0 0.0 0.0
0.0 0.0 0.0
0.0 0.0 0.0
0.0 0.0 0.0
0.0 0.0 0.0
0.0 0.0 0.0
0.0 0.0 0.0
0.0 0.0 0.0
0.0 0.0 0.0
0.0 0.0 0.0
0.0 0.0 0.0
0.0 0.0 0.0
0.0 0.0 0.0
0.0 0.0 0.0
0.0 0.0 0.0
0.0 0.0 0.0
0.0 0.0 0.0
0.0 0.0 0.0
0.0 0.0 0.0
0.0 0.0 0.0
0.0 0.0 0.0
0.0 0.0 0.0
0.0 0.0 0.0
0.0 0.0 0.0
0.0 0.0 0.0
0.0 0.0 0.0
0.0 0.0 0.0
0.0 0.0 0.0
0.0 0.0 0.0
0.0 0.0 0.0
0.0 0.0 0.0
0.0 0.0 0.0
0.0 0.0 0.0
0.0 0.0 0.0
0.0 0.0 0.0
0.0 0.0 0.0
0.0 0.0 0.0
0.0 0.0 0.0
0.0 0.0 0.0
0.0 0.0 0.0
0.0 0.0 0.0
0.0 0.0 0.0
0.0 0.0 0.0
0.0 0.0 0.0
0.0 0.0 0.0
0.0 0.0 0.0
0.0 0.0 0.0
0.0 0.0 0.0
0.0 0.0 0.0
0.0 0.0 0.0
0.0 0.0 0.0
0.0 0.0 0.0
0.0 0.0 0.0
0.0 0.0 0.0
0.0 0.0 0.0
0.0 0.0 0.0
0.0 0.0 0.0
0.0 0.0 0.0
0.0 0.0 0.0
0.0 0.0 0.0
0.0 0.0 0.0
0.0 0.0 0.0
0.0 0.0 0.0
0.0 0.0 0.0
0.0 0.0 0.0
0.0 0.0 0.0
0.0 0.0 0.0
0.0 0.0 0.0
0.0 0.0 0.0
0.0 0.0 0.0
0.0 0.0 0.0
0.0 0.0 0.0
0.0 0.0 0.0
0.0 0.0 0.0
0.0 0.0 0.0
0.0 0.0 0.0
0.0 0.0 0.0
0.0 0.0 0.0
0.0 0.0 0.0
0.0 0.0 0.0
0.0 0.0 0.0
0.0 0.0 0.0
0.0 0.0 0.0
0.0 0.0 0.0
0.0 0.0 0.0
0.0 0.0 0.0
0.0 0.0 0.0
0.0 0.0 0.0
0.0 0.0 0.0
0.0 0.0 0.0
0.0 0.0 0.0
0.0 0.0 0.0
0.0 0.0 0.0
0.0 0.0 0.0
0.0 0.0 0.0
0.0 0.0 0.0
0.0 0.0 0.0
0.0 0.0 0.0
0.0 0.0 0.0
0.0 0.0 0.0
0.0 0.0 0.0
0.0 0.0 0.0
0.0 0.0 0.0
0.0 0.0 0.0
0.0 0.0 0.0
0.0 0.0 0.0
0.0 0.0 0.0
0.0 0.0 0.0
0.0 0.0 0.0
0.0 0.0 0.0
0.0 0.0 0.0
0.0 0.0 0.0
0.0 0.0 0.0
0.0 0.0 0.0
0.0 0.0 0.0
0.0 0.0 0.0
0.0 0.0 0.0
0.0 0.0 0.0
0.0 0.0 0.0
0.0 0.0 0.0
0.0 0.0 0.0
0.0 0.0 0.0
0.0 0.0 0.0
0.0 0.0 0.0
0.0 0.0 0.0
0.0 0.0 0.0
0.0 0.0 0.0
0.0 0.0 0.0
0.0 0.0 0.0
0.0 0.0 0.0
0.0 0.0 0.0
0.0 0.0 0.0
0.0 0.0 0.0
0.0 0.0 0.0
0.0 0.0 0.0
0.0 0.0 0.0
0.0 0.0 0.0
0.0 0.0 0.0
0.0 0.0 0.0
0.0 0.0 0.0
0.0 0.0 0.0
0.0 0.0 0.0
0.0 0.0 0.0
0.0 0.0 0.0
0.0 0.0 0.0
0.0 0.0 0.0
0.0 0.0 0.0
0.0 0.0 0.0
0.0 0.0 0.0
0.0 0.0 0.0
0.0 0.0 0.0
0.0 0.0 0.0
0.0 0.0 0.0
0.0 0.0 0.0
0.0 0.0 0.0
0.0 0.0 0.0
0.0 0.0 0.0
0.0 0.0 0.0
0.0 0.0 0.0
0.0 0.0 0.0
0.0 0.0 0.0
0.0 0.0 0.0
0.0 0.0 0.0
0.0 0.0 0.0
0.0 0.0 0.0
0.0 0.0 0.0
0.0 0.0 0.0
0.0 0.0 0.0
0.0 0.0 0.0
0.0 0.0 0.0
0.0 0.0 0.0
0.0 0.0 0.0
0.0 0.0 0.0
0.0 0.0 0.0
0.0 0.0 0.0
0.0 0.0 0.0
0.0 0.0 0.0
0.0 0.0 0.0
0.0 0.0 0.0
0.0 0.0 0.0
0.0 0.0 0.0
0.0 0.0 0.0
0.0 0.0 0.0
0.0 0.0 0.0
0.0 0.0 0.0
0.0 0.0 0.0
0.0 0.0 0.0
0.0 0.0 0.0
0.0 0.0 0.0
0.0 0.0 0.0
0.0 0.0 0.0
0.0 0.0 0.0
0.0 0.0 0.0
0.0 0.0 0.0
0.0 0.0 0.0
0.0 0.0 0.0
0.0 0.0 0.0
0.0 0.0 0.0
0.0 0.0 0.0
0.0 0.0 0.0
0.0 0.0 0.0
0.0 0.0 0.0
0.0 0.0 0.0
0.0 0.0 0.0
0.0 0.0 0.0
0.0 0.0 0.0
0.0 0.0 0.0
0.0 0.0 0.0
0.0 0.0 0.0
0.0 0.0 0.0
0.0 0.0 0.0
0.0 0.0 0.0
0.0 0.0 0.0
0.0 0.0 0.0
0.0 0.0 0.0
0.0 0.0 0.0
0.0 0.0 0.0
0.0 0.0 0.0
0.0 0.0 0.0
0.0 0.0 0.0
0.0 0.0 0.0
0.0 0.0 0.0
0.0 0.0 0.0
0.0 0.0 0.0
0.0 0.0 0.0
0.0 0.0 0.0
0.0 0.0 0.0
0.0 0.0 0.0
0.0 0.0 0.0
0.0 0.0 0.0
0.0 0.0 0.0
0.0 0.0 0.0
0.0 0.0 0.0
0.0 0.0 0.0
0.0 0.0 0.0
0.0 0.0 0.0
0.0 0.0 0.0
0.0 0.0 0.0
0.0 0.0 0.0
0.0 0.0 0.0
0.0 0.0 0.0
0.0 0.0 0.0
0.0 0.0 0.0
0.0 0.0 0.0
0.0 0.0 0.0
0.0 0.0 0.0
0.0 0.0 0.0
0.0 0.0 0.0
0.0 0.0 0.0
0.0 0.0 0.0
0.0 0.0 0.0
0.0 0.0 0.0
0.0 0.0 0.0
0.0 0.0 0.0
0.0 0.0 0.0
0.0 0.0 0.0
0.0 0.0 0.0
0.0 0.0 0.0
0.0 0.0 0.0
0.0 0.0 0.0
0.0 0.0 0.0
0.0 0.0 0.0
0.0 0.0 0.0
0.0 0.0 0.0
0.0 0.0 0.0
0.0 0.0 0.0
0.0 0.0 0.0
0.0 0.0 0.0
0.0 0.0 0.0
0.0 0.0 0.0
0.0 0.0 0.0
0.0 0.0 0.0
0.0 0.0 0.0
0.0 0.0 0.0
0.0 0.0 0.0
0.0 0.0 0.0
0.0 0.0 0.0
0.0 0.0 0.0
0.0 0.0 0.0
0.0 0.0 0.0
0.0 0.0 0.0
0.0 0.0 0.0
0.0 0.0 0.0
0.0 0.0 0.0
0.0 0.0 0.0
0.0 0.0 0.0
0.0 0.0 0.0
0.0 0.0 0.0
0.0 0.0 0.0
0.0 0.0 0.0
0.0 0.0 0.0
0.0 0.0 0.0
0.0 0.0 0.0
0.0 0.0 0.0
0.0 0.0 0.0
0.0 0.0 0.0
0.0 0.0 0.0
0.0 0.0 0.0
0.0 0.0 0.0
0.0 0.0 0.0
0.0 0.0 0.0
0.0 0.0 0.0
0.0 0.0 0.0
0.0 0.0 0.0
0.0 0.0 0.0
0.0 0.0 0.0
0.0 0.0 0.0
0.0 0.0 0.0
0.0 0.0 0.0
0.0 0.0 0.0
0.0 0.0 0.0
0.0 0.0 0.0
0.0 0.0 0.0
0.0 0.0 0.0
0.0 0.0 0.0
0.0 0.0 0.0
0.0 0.0 0.0
0.0 0.0 0.0
0.0 0.0 0.0
0.0 0.0 0.0
0.0 0.0 0.0
0.0 0.0 0.0
0.0 0.0 0.0
0.0 0.0 0.0
0.0 0.0 0.0
0.0 0.0 0.0
0.0 0.0 0.0
0.0 0.0 0.0
0.0 0.0 0.0
0.0 0.0 0.0
0.0 0.0 0.0
0.0 0.0 0.0
0.0 0.0 0.0
0.0 0.0 0.0
0.0 0.0 0.0
0.0 0.0 0.0
0.0 0.0 0.0
0.0 0.0 0.0
0.0 0.0 0.0
0.0 0.0 0.0
0.0 0.0 0.0
0.0 0.0 0.0
0.0 0.0 0.0
0.0 0.0 0.0
0.0 0.0 0.0
0.0 0.0 0.0
0.0 0.0 0.0
0.0 0.0 0.0
0.0 0.0 0.0
0.0 0.0 0.0
0.0 0.0 0.0
0.0 0.0 0.0
0.0 0.0 0.0
0.0 0.0 0.0
0.0 0.0 0.0
0.0 0.0 0.0
0.0 0.0 0.0
0.0 0.0 0.0
0.0 0.0 0.0
0.0 0.0 0.0
0.0 0.0 0.0
0.0 0.0 0.0
0.0 0.0 0.0
0.0 0.0 0.0
0.0 0.0 0.0
0.0 0.0 0.0
0.0 0.0 0.0
0.0 0.0 0.0
0.0 0.0 0.0
0.0 0.0 0.0
0.0 0.0 0.0
0.0 0.0 0.0
0.0 0.0 0.0
0.0 0.0 0.0
0.0 0.0 0.0
0.0 0.0 0.0
0.0 0.0 0.0
0.0 0.0 0.0
0.0 0.0 0.0
0.0 0.0 0.0
0.0 0.0 0.0
0.0 0.0 0.0
0.0 0.0 0.0
0.0 0.0 0.0
0.0 0.0 0.0
0.0 0.0 0.0
0.0 0.0 0.0
0.0 0.0 0.0
0.0 0.0 0.0
0.0 0.0 0.0
0.0 0.0 0.0
0.0 0.0 0.0
0.0 0.0 0.0
0.0 0.0 0.0
0.0 0.0 0.0
0.0 0.0 0.0
0.0 0.0 0.0
0.0 0.0 0.0
0.0 0.0 0.0
0.0 0.0 0.0
0.0 0.0 0.0
0.0 0.0 0.0
0.0 0.0 0.0
0.0 0.0 0.0
0.0 0.0 0.0
0.0 0.0 0.0
0.0 0.0 0.0
0.0 0.0 0.0
0.0 0.0 0.0
0.0 0.0 0.0
0.0 0.0 0.0
0.0 0.0 0.0
0.0 0.0 0.0
0.0 0.0 0.0
0.0 0.0 0.0
0.0 0.0 0.0
0.0 0.0 0.0
0.0 0.0 0.0
0.0 0.0 0.0
0.0 0.0 0.0
0.0 0.0 0.0
0.0 0.0 0.0
0.0 0.0 0.0
0.0 0.0 0.0
0.0 0.0 0.0
0.0 0.0 0.0
0.0 0.0 0.0
0.0 0.0 0.0
0.0 0.0 0.0
0.0 0.0 0.0
0.0 0.0 0.0
0.0 0.0 0.0
0.0 0.0 0.0
0.0 0.0 0.0
0.0 0.0 0.0
0.0 0.0 0.0
0.0 0.0 0.0
0.0 0.0 0.0
0.0 0.0 0.0
0.0 0.0 0.0
0.0 0.0 0.0
0.0 0.0 0.0
0.0 0.0 0.0
0.0 0.0 0.0
0.0 0.0 0.0
0.0 0.0 0.0
0.0 0.0 0.0
0.0 0.0 0.0
0.0 0.0 0.0
0.0 0.0 0.0
0.0 0.0 0.0
0.0 0.0 0.0
0.0 0.0 0.0
0.0 0.0 0.0
0.0 0.0 0.0
0.0 0.0 0.0
0.0 0.0 0.0
0.0 0.0 0.0
0.0 0.0 0.0
0.0 0.0 0.0
0.0 0.0 0.0
0.0 0.0 0.0
0.0 0.0 0.0
0.0 0.0 0.0
0.0 0.0 0.0
0.0 0.0 0.0
0.0 0.0 0.0
0.0 0.0 0.0
0.0 0.0 0.0
0.0 0.0 0.0
0.0 0.0 0.0
0.0 0.0 0.0
0.0 0.0 0.0
0.0 0.0 0.0
0.0 0.0 0.0
0.0 0.0 0.0
0.0 0.0 0.0
0.0 0.0 0.0
0.0 0.0 0.0
0.0 0.0 0.0
0.0 0.0 0.0
0.0 0.0 0.0
0.0 0.0 0.0
0.0 0.0 0.0
0.0 0.0 0.0
0.0 0.0 0.0
0.0 0.0 0.0
0.0 0.0 0.0
0.0 0.0 0.0
0.0 0.0 0.0
0.0 0.0 0.0
0.0 0.0 0.0
0.0 0.0 0.0
0.0 0.0 0.0
0.0 0.0 0.0
0.0 0.0 0.0
0.0 0.0 0.0
0.0 0.0 0.0
0.0 0.0 0.0
0.0 0.0 0.0
0.0 0.0 0.0
0.0 0.0 0.0
0.0 0.0 0.0
0.0 0.0 0.0
0.0 0.0 0.0
0.0 0.0 0.0
0.0 0.0 0.0
0.0 0.0 0.0
0.0 0.0 0.0
0.0 0.0 0.0
0.0 0.0 0.0
0.0 0.0 0.0
0.0 0.0 0.0
0.0 0.0 0.0
0.0 0.0 0.0
0.0 0.0 0.0
0.0 0.0 0.0
0.0 0.0 0.0
0.0 0.0 0.0
0.0 0.0 0.0
0.0 0.0 0.0
0.0 0.0 0.0
0.0 0.0 0.0
0.0 0.0 0.0
0.0 0.0 0.0
0.0 0.0 0.0
0.0 0.0 0.0
0.0 0.0 0.0
0.0 0.0 0.0
0.0 0.0 0.0
0.0 0.0 0.0
0.0 0.0 0.0
0.0 0.0 0.0
0.0 0.0 0.0
0.0 0.0 0.0
0.0 0.0 0.0
0.0 0.0 0.0
0.0 0.0 0.0
0.0 0.0 0.0
0.0 0.0 0.0
0.0 0.0 0.0
0.0 0.0 0.0
0.0 0.0 0.0
0.0 0.0 0.0
0.0 0.0 0.0
0.0 0.0 0.0
0.0 0.0 0.0
0.0 0.0 0.0
0.0 0.0 0.0
0.0 0.0 0.0
0.0 0.0 0.0
0.0 0.0 0.0
0.0 0.0 0.0
0.0 0.0 0.0
0.0 0.0 0.0
0.0 0.0 0.0
0.0 0.0 0.0
0.0 0.0 0.0
0.0 0.0 0.0
0.0 0.0 0.0
0.0 0.0 0.0
0.0 0.0 0.0
0.0 0.0 0.0
0.0 0.0 0.0
0.0 0.0 0.0
0.0 0.0 0.0
0.0 0.0 0.0
0.0 0.0 0.0
0.0 0.0 0.0
0.0 0.0 0.0
0.0 0.0 0.0
0.0 0.0 0.0
0.0 0.0 0.0
0.0 0.0 0.0
0.0 0.0 0.0
0.0 0.0 0.0
0.0 0.0 0.0
0.0 0.0 0.0
0.0 0.0 0.0
0.0 0.0 0.0
0.0 0.0 0.0
0.0 0.0 0.0
0.0 0.0 0.0
0.0 0.0 0.0
0.0 0.0 0.0
0.0 0.0 0.0
0.0 0.0 0.0
0.0 0.0 0.0
0.0 0.0 0.0
0.0 0.0 0.0
0.0 0.0 0.0
0.0 0.0 0.0
0.0 0.0 0.0
0.0 0.0 0.0
0.0 0.0 0.0
0.0 0.0 0.0
0.0 0.0 0.0
0.0 0.0 0.0
0.0 0.0 0.0
0.0 0.0 0.0
0.0 0.0 0.0
0.0 0.0 0.0
0.0 0.0 0.0
0.0 0.0 0.0
0.0 0.0 0.0
0.0 0.0 0.0
0.0 0.0 0.0
0.0 0.0 0.0
0.0 0.0 0.0
0.0 0.0 0.0
0.0 0.0 0.0
0.0 0.0 0.0
0.0 0.0 0.0
0.0 0.0 0.0
0.0 0.0 0.0
0.0 0.0 0.0
0.0 0.0 0.0
0.0 0.0 0.0
0.0 0.0 0.0
0.0 0.0 0.0
0.0 0.0 0.0
0.0 0.0 0.0
0.0 0.0 0.0
0.0 0.0 0.0
0.0 0.0 0.0
0.0 0.0 0.0
0.0 0.0 0.0
0.0 0.0 0.0
0.0 0.0 0.0
0.0 0.0 0.0
0.0 0.0 0.0
0.0 0.0 0.0
0.0 0.0 0.0
0.0 0.0 0.0
0.0 0.0 0.0
0.0 0.0 0.0
0.0 0.0 0.0
0.0 0.0 0.0
0.0 0.0 0.0
0.0 0.0 0.0
0.0 0.0 0.0
0.0 0.0 0.0
0.0 0.0 0.0
0.0 0.0 0.0
0.0 0.0 0.0
0.0 0.0 0.0
0.0 0.0 0.0
0.0 0.0 0.0
0.0 0.0 0.0
0.0 0.0 0.0
0.0 0.0 0.0
0.0 0.0 0.0
0.0 0.0 0.0
0.0 0.0 0.0
0.0 0.0 0.0
0.0 0.0 0.0
0.0 0.0 0.0
0.0 0.0 0.0
0.0 0.0 0.0
0.0 0.0 0.0
0.0 0.0 0.0
0.0 0.0 0.0
0.0 0.0 0.0
0.0 0.0 0.0
0.0 0.0 0.0
0.0 0.0 0.0
0.0 0.0 0.0
0.0 0.0 0.0
0.0 0.0 0.0
0.0 0.0 0.0
0.0 0.0 0.0
0.0 0.0 0.0
0.0 0.0 0.0
0.0 0.0 0.0
0.0 0.0 0.0
0.0 0.0 0.0
0.0 0.0 0.0
0.0 0.0 0.0
0.0 0.0 0.0
0.0 0.0 0.0
0.0 0.0 0.0
0.0 0.0 0.0
0.0 0.0 0.0
0.0 0.0 0.0
0.0 0.0 0.0
0.0 0.0 0.0
0.0 0.0 0.0
0.0 0.0 0.0
0.0 0.0 0.0
0.0 0.0 0.0
0.0 0.0 0.0
0.0 0.0 0.0
0.0 0.0 0.0
0.0 0.0 0.0
0.0 0.0 0.0
0.0 0.0 0.0
0.0 0.0 0.0
0.0 0.0 0.0
0.0 0.0 0.0
0.0 0.0 0.0
0.0 0.0 0.0
0.0 0.0 0.0
0.0 0.0 0.0
0.0 0.0 0.0
0.0 0.0 0.0
0.0 0.0 0.0
0.0 0.0 0.0
0.0 0.0 0.0
0.0 0.0 0.0
0.0 0.0 0.0
0.0 0.0 0.0
0.0 0.0 0.0
0.0 0.0 0.0
0.0 0.0 0.0
0.0 0.0 0.0
0.0 0.0 0.0
0.0 0.0 0.0
0.0 0.0 0.0
0.0 0.0 0.0
0.0 0.0 0.0
0.0 0.0 0.0
0.0 0.0 0.0
0.0 0.0 0.0
0.0 0.0 0.0
0.0 0.0 0.0
0.0 0.0 0.0
0.0 0.0 0.0
0.0 0.0 0.0
0.0 0.0 0.0
0.0 0.0 0.0
0.0 0.0 0.0
0.0 0.0 0.0
0.0 0.0 0.0
0.0 0.0 0.0
0.0 0.0 0.0
0.0 0.0 0.0
0.0 0.0 0.0
0.0 0.0 0.0
0.0 0.0 0.0
0.0 0.0 0.0
0.0 0.0 0.0
0.0 0.0 0.0
0.0 0.0 0.0
0.0 0.0 0.0
0.0 0.0 0.0
0.0 0.0 0.0
0.0 0.0 0.0
0.0 0.0 0.0
0.0 0.0 0.0
0.0 0.0 0.0
0.0 0.0 0.0
0.0 0.0 0.0
0.0 0.0 0.0
0.0 0.0 0.0
0.0 0.0 0.0
0.0 0.0 0.0
0.0 0.0 0.0
0.0 0.0 0.0
0.0 0.0 0.0
0.0 0.0 0.0
0.0 0.0 0.0
0.0 0.0 0.0
0.0 0.0 0.0
0.0 0.0 0.0
0.0 0.0 0.0
0.0 0.0 0.0
0.0 0.0 0.0
0.0 0.0 0.0
0.0 0.0 0.0
0.0 0.0 0.0
0.0 0.0 0.0
0.0 0.0 0.0
0.0 0.0 0.0
0.0 0.0 0.0
0.0 0.0 0.0
0.0 0.0 0.0
0.0 0.0 0.0
0.0 0.0 0.0
0.0 0.0 0.0
0.0 0.0 0.0
0.0 0.0 0.0
0.0 0.0 0.0
0.0 0.0 0.0
0.0 0.0 0.0
0.0 0.0 0.0
0.0 0.0 0.0
0.0 0.0 0.0
0.0 0.0 0.0
0.0 0.0 0.0
0.0 0.0 0.0
0.0 0.0 0.0
0.0 0.0 0.0
0.0 0.0 0.0
0.0 0.0 0.0
0.0 0.0 0.0
0.0 0.0 0.0
0.0 0.0 0.0
0.0 0.0 0.0
0.0 0.0 0.0
0.0 0.0 0.0
0.0 0.0 0.0
0.0 0.0 0.0
0.0 0.0 0.0
0.0 0.0 0.0
0.0 0.0 0.0
0.0 0.0 0.0
0.0 0.0 0.0
0.0 0.0 0.0
0.0 0.0 0.0
0.0 0.0 0.0
0.0 0.0 0.0
0.0 0.0 0.0
0.0 0.0 0.0
0.0 0.0 0.0
0.0 0.0 0.0
0.0 0.0 0.0
0.0 0.0 0.0
0.0 0.0 0.0
0.0 0.0 0.0
0.0 0.0 0.0
0.0 0.0 0.0
0.0 0.0 0.0
0.0 0.0 0.0
0.0 0.0 0.0
0.0 0.0 0.0
0.0 0.0 0.0
30.552051544189453 127.9267807006836 0.8677917718887329
0.0 0.0 0.0
0.0 0.0 0.0
0.0 0.0 0.0
0.0 0.0 0.0
0.0 0.0 0.0
0.0 0.0 0.0
0.0 0.0 0.0
0.0 0.0 0.0
0.0 0.0 0.0
0.0 0.0 0.0
0.0 0.0 0.0
0.0 0.0 0.0
0.0 0.0 0.0
0.0 0.0 0.0
0.0 0.0 0.0
0.0 0.0 0.0
0.0 0.0 0.0
0.0 0.0 0.0
0.0 0.0 0.0
0.0 0.0 0.0
0.0 0.0 0.0
0.0 0.0 0.0
0.0 0.0 0.0
0.0 0.0 0.0
0.0 0.0 0.0
0.0 0.0 0.0
0.0 0.0 0.0
0.0 0.0 0.0
0.0 0.0 0.0
0.0 0.0 0.0
0.0 0.0 0.0
0.0 0.0 0.0
0.0 0.0 0.0
0.0 0.0 0.0
0.0 0.0 0.0
0.0 0.0 0.0
0.0 0.0 0.0
0.0 0.0 0.0
0.0 0.0 0.0
0.0 0.0 0.0
0.0 0.0 0.0
0.0 0.0 0.0
0.0 0.0 0.0
0.0 0.0 0.0
0.0 0.0 0.0
0.0 0.0 0.0
0.0 0.0 0.0
0.0 0.0 0.0
0.0 0.0 0.0
0.0 0.0 0.0
0.0 0.0 0.0
0.0 0.0 0.0
0.0 0.0 0.0
0.0 0.0 0.0
0.0 0.0 0.0
0.0 0.0 0.0
0.0 0.0 0.0
0.0 0.0 0.0
0.0 0.0 0.0
0.0 0.0 0.0
0.0 0.0 0.0
0.0 0.0 0.0
0.0 0.0 0.0
0.0 0.0 0.0
0.0 0.0 0.0
0.0 0.0 0.0
0.0 0.0 0.0
0.0 0.0 0.0
0.0 0.0 0.0
0.0 0.0 0.0
0.0 0.0 0.0
0.0 0.0 0.0
0.0 0.0 0.0
0.0 0.0 0.0
0.0 0.0 0.0
0.0 0.0 0.0
0.0 0.0 0.0
0.0 0.0 0.0
0.0 0.0 0.0
0.0 0.0 0.0
0.0 0.0 0.0
0.0 0.0 0.0
0.0 0.0 0.0
0.0 0.0 0.0
0.0 0.0 0.0
0.0 0.0 0.0
0.0 0.0 0.0
0.0 0.0 0.0
0.0 0.0 0.0
0.0 0.0 0.0
0.0 0.0 0.0
0.0 0.0 0.0
0.0 0.0 0.0
0.0 0.0 0.0
0.0 0.0 0.0
0.0 0.0 0.0
0.0 0.0 0.0
0.0 0.0 0.0
0.0 0.0 0.0
0.0 0.0 0.0
0.0 0.0 0.0
0.0 0.0 0.0
0.0 0.0 0.0
0.0 0.0 0.0
0.0 0.0 0.0
0.0 0.0 0.0
0.0 0.0 0.0
0.0 0.0 0.0
0.0 0.0 0.0
0.0 0.0 0.0
0.0 0.0 0.0
0.0 0.0 0.0
0.0 0.0 0.0
0.0 0.0 0.0
0.0 0.0 0.0
0.0 0.0 0.0
0.0 0.0 0.0
0.0 0.0 0.0
0.0 0.0 0.0
0.0 0.0 0.0
0.0 0.0 0.0
0.0 0.0 0.0
0.0 0.0 0.0
0.0 0.0 0.0
0.0 0.0 0.0
0.0 0.0 0.0
0.0 0.0 0.0
0.0 0.0 0.0
0.0 0.0 0.0
0.0 0.0 0.0
0.0 0.0 0.0
0.0 0.0 0.0
0.0 0.0 0.0
0.0 0.0 0.0
0.0 0.0 0.0
0.0 0.0 0.0
0.0 0.0 0.0
0.0 0.0 0.0
0.0 0.0 0.0
0.0 0.0 0.0
0.0 0.0 0.0
0.0 0.0 0.0
0.0 0.0 0.0
0.0 0.0 0.0
0.0 0.0 0.0
0.0 0.0 0.0
0.0 0.0 0.0
0.0 0.0 0.0
0.0 0.0 0.0
0.0 0.0 0.0
0.0 0.0 0.0
0.0 0.0 0.0
0.0 0.0 0.0
0.0 0.0 0.0
0.0 0.0 0.0
0.0 0.0 0.0
0.0 0.0 0.0
0.0 0.0 0.0
0.0 0.0 0.0
0.0 0.0 0.0
0.0 0.0 0.0
0.0 0.0 0.0
-17.226627349853516 45.73430633544922 0.012120713479816914
0.0 0.0 0.0
0.0 0.0 0.0
0.0 0.0 0.0
0.0 0.0 0.0
0.0 0.0 0.0
0.0 0.0 0.0
0.0 0.0 0.0
0.0 0.0 0.0
0.0 0.0 0.0
0.0 0.0 0.0
0.0 0.0 0.0
0.0 0.0 0.0
0.0 0.0 0.0
0.0 0.0 0.0
0.0 0.0 0.0
0.0 0.0 0.0
0.0 0.0 0.0
0.0 0.0 0.0
0.0 0.0 0.0
0.0 0.0 0.0
0.0 0.0 0.0
0.0 0.0 0.0
0.0 0.0 0.0
0.0 0.0 0.0
0.0 0.0 0.0
0.0 0.0 0.0
0.0 0.0 0.0
0.0 0.0 0.0
0.0 0.0 0.0
0.0 0.0 0.0
0.0 0.0 0.0
0.0 0.0 0.0
0.0 0.0 0.0
0.0 0.0 0.0
0.0 0.0 0.0
0.0 0.0 0.0
0.0 0.0 0.0
0.0 0.0 0.0
0.0 0.0 0.0
0.0 0.0 0.0
0.0 0.0 0.0
0.0 0.0 0.0
0.0 0.0 0.0
0.0 0.0 0.0
0.0 0.0 0.0
0.0 0.0 0.0
0.0 0.0 0.0
0.0 0.0 0.0
0.0 0.0 0.0
0.0 0.0 0.0
0.0 0.0 0.0
0.0 0.0 0.0
0.0 0.0 0.0
0.0 0.0 0.0
0.0 0.0 0.0
0.0 0.0 0.0
0.0 0.0 0.0
0.0 0.0 0.0
0.0 0.0 0.0
0.0 0.0 0.0
0.0 0.0 0.0
0.0 0.0 0.0
0.0 0.0 0.0
0.0 0.0 0.0
0.0 0.0 0.0
0.0 0.0 0.0
0.0 0.0 0.0
0.0 0.0 0.0
0.0 0.0 0.0
0.0 0.0 0.0
0.0 0.0 0.0
0.0 0.0 0.0
0.0 0.0 0.0
0.0 0.0 0.0
0.0 0.0 0.0
0.0 0.0 0.0
0.0 0.0 0.0
0.0 0.0 0.0
0.0 0.0 0.0
0.0 0.0 0.0
0.0 0.0 0.0
0.0 0.0 0.0
0.0 0.0 0.0
0.0 0.0 0.0
0.0 0.0 0.0
0.0 0.0 0.0
0.0 0.0 0.0
0.0 0.0 0.0
0.0 0.0 0.0
0.0 0.0 0.0
0.0 0.0 0.0
0.0 0.0 0.0
0.0 0.0 0.0
0.0 0.0 0.0
0.0 0.0 0.0
0.0 0.0 0.0
0.0 0.0 0.0
0.0 0.0 0.0
0.0 0.0 0.0
0.0 0.0 0.0
0.0 0.0 0.0
0.0 0.0 0.0
0.0 0.0 0.0
0.0 0.0 0.0
0.0 0.0 0.0
0.0 0.0 0.0
0.0 0.0 0.0
0.0 0.0 0.0
0.0 0.0 0.0
0.0 0.0 0.0
0.0 0.0 0.0
0.0 0.0 0.0
0.0 0.0 0.0
0.0 0.0 0.0
0.0 0.0 0.0
0.0 0.0 0.0
0.0 0.0 0.0
0.0 0.0 0.0
0.0 0.0 0.0
0.0 0.0 0.0
0.0 0.0 0.0
0.0 0.0 0.0
0.0 0.0 0.0
0.0 0.0 0.0
0.0 0.0 0.0
0.0 0.0 0.0
0.0 0.0 0.0
0.0 0.0 0.0
0.0 0.0 0.0
0.0 0.0 0.0
0.0 0.0 0.0
0.0 0.0 0.0
0.0 0.0 0.0
0.0 0.0 0.0
0.0 0.0 0.0
0.0 0.0 0.0
0.0 0.0 0.0
0.0 0.0 0.0
0.0 0.0 0.0
0.0 0.0 0.0
0.0 0.0 0.0
0.0 0.0 0.0
0.0 0.0 0.0
0.0 0.0 0.0
0.0 0.0 0.0
0.0 0.0 0.0
0.0 0.0 0.0
0.0 0.0 0.0
0.0 0.0 0.0
0.0 0.0 0.0
0.0 0.0 0.0
0.0 0.0 0.0
0.0 0.0 0.0
0.0 0.0 0.0
0.0 0.0 0.0
0.0 0.0 0.0
0.0 0.0 0.0
0.0 0.0 0.0
0.0 0.0 0.0
0.0 0.0 0.0
0.0 0.0 0.0
0.0 0.0 0.0
0.0 0.0 0.0
0.0 0.0 0.0
0.0 0.0 0.0
0.0 0.0 0.0
0.0 0.0 0.0
0.0 0.0 0.0
0.0 0.0 0.0
0.0 0.0 0.0
0.0 0.0 0.0
0.0 0.0 0.0
0.0 0.0 0.0
0.0 0.0 0.0
0.0 0.0 0.0
0.0 0.0 0.0
0.0 0.0 0.0
0.0 0.0 0.0
0.0 0.0 0.0
0.0 0.0 0.0
0.0 0.0 0.0
0.0 0.0 0.0
0.0 0.0 0.0
0.0 0.0 0.0
0.0 0.0 0.0
0.0 0.0 0.0
0.0 0.0 0.0
0.0 0.0 0.0
0.0 0.0 0.0
0.0 0.0 0.0
0.0 0.0 0.0
0.0 0.0 0.0
0.0 0.0 0.0
0.0 0.0 0.0
0.0 0.0 0.0
0.0 0.0 0.0
0.0 0.0 0.0
0.0 0.0 0.0
0.0 0.0 0.0
0.0 0.0 0.0
0.0 0.0 0.0
0.0 0.0 0.0
0.0 0.0 0.0
0.0 0.0 0.0
0.0 0.0 0.0
0.0 0.0 0.0
0.0 0.0 0.0
0.0 0.0 0.0
0.0 0.0 0.0
0.0 0.0 0.0
0.0 0.0 0.0
0.0 0.0 0.0
0.0 0.0 0.0
0.0 0.0 0.0
0.0 0.0 0.0
0.0 0.0 0.0
0.0 0.0 0.0
0.0 0.0 0.0
0.0 0.0 0.0
0.0 0.0 0.0
0.0 0.0 0.0
0.0 0.0 0.0
0.0 0.0 0.0
0.0 0.0 0.0
0.0 0.0 0.0
0.0 0.0 0.0
0.0 0.0 0.0
0.0 0.0 0.0
0.0 0.0 0.0
0.0 0.0 0.0
0.0 0.0 0.0
0.0 0.0 0.0
0.0 0.0 0.0
0.0 0.0 0.0
0.0 0.0 0.0
0.0 0.0 0.0
0.0 0.0 0.0
0.0 0.0 0.0
0.0 0.0 0.0
0.0 0.0 0.0
0.0 0.0 0.0
0.0 0.0 0.0
0.0 0.0 0.0
0.0 0.0 0.0
0.0 0.0 0.0
0.0 0.0 0.0
0.0 0.0 0.0
0.0 0.0 0.0
0.0 0.0 0.0
0.0 0.0 0.0
0.0 0.0 0.0
0.0 0.0 0.0
0.0 0.0 0.0
0.0 0.0 0.0
0.0 0.0 0.0
0.0 0.0 0.0
0.0 0.0 0.0
0.0 0.0 0.0
0.0 0.0 0.0
0.0 0.0 0.0
0.0 0.0 0.0
0.0 0.0 0.0
0.0 0.0 0.0
0.0 0.0 0.0
0.0 0.0 0.0
0.0 0.0 0.0
0.0 0.0 0.0
0.0 0.0 0.0
0.0 0.0 0.0
0.0 0.0 0.0
0.0 0.0 0.0
0.0 0.0 0.0
0.0 0.0 0.0
0.0 0.0 0.0
0.0 0.0 0.0
0.0 0.0 0.0
0.0 0.0 0.0
0.0 0.0 0.0
0.0 0.0 0.0
0.0 0.0 0.0
0.0 0.0 0.0
0.0 0.0 0.0
0.0 0.0 0.0
0.0 0.0 0.0
0.0 0.0 0.0
0.0 0.0 0.0
0.0 0.0 0.0
0.0 0.0 0.0
0.0 0.0 0.0
0.0 0.0 0.0
0.0 0.0 0.0
0.0 0.0 0.0
0.0 0.0 0.0
0.0 0.0 0.0
0.0 0.0 0.0
0.0 0.0 0.0
0.0 0.0 0.0
0.0 0.0 0.0
0.0 0.0 0.0
0.0 0.0 0.0
0.0 0.0 0.0
0.0 0.0 0.0
0.0 0.0 0.0
0.0 0.0 0.0
0.0 0.0 0.0
0.0 0.0 0.0
0.0 0.0 0.0
0.0 0.0 0.0
0.0 0.0 0.0
0.0 0.0 0.0
0.0 0.0 0.0
0.0 0.0 0.0
0.0 0.0 0.0
0.0 0.0 0.0
0.0 0.0 0.0
0.0 0.0 0.0
0.0 0.0 0.0
0.0 0.0 0.0
0.0 0.0 0.0
0.0 0.0 0.0
0.0 0.0 0.0
0.0 0.0 0.0
0.0 0.0 0.0
0.0 0.0 0.0
0.0 0.0 0.0
0.0 0.0 0.0
0.0 0.0 0.0
0.0 0.0 0.0
0.0 0.0 0.0
0.0 0.0 0.0
0.0 0.0 0.0
0.0 0.0 0.0
0.0 0.0 0.0
0.0 0.0 0.0
0.0 0.0 0.0
0.0 0.0 0.0
0.0 0.0 0.0
0.0 0.0 0.0
0.0 0.0 0.0
0.0 0.0 0.0
0.0 0.0 0.0
0.0 0.0 0.0
0.0 0.0 0.0
0.0 0.0 0.0
0.0 0.0 0.0
0.0 0.0 0.0
0.0 0.0 0.0
0.0 0.0 0.0
0.0 0.0 0.0
0.0 0.0 0.0
0.0 0.0 0.0
0.0 0.0 0.0
0.0 0.0 0.0
0.0 0.0 0.0
0.0 0.0 0.0
0.0 0.0 0.0
0.0 0.0 0.0
0.0 0.0 0.0
0.0 0.0 0.0
0.0 0.0 0.0
0.0 0.0 0.0
0.0 0.0 0.0
0.0 0.0 0.0
0.0 0.0 0.0
0.0 0.0 0.0
0.0 0.0 0.0
0.0 0.0 0.0
0.0 0.0 0.0
0.0 0.0 0.0
0.0 0.0 0.0
0.0 0.0 0.0
0.0 0.0 0.0
0.0 0.0 0.0
0.0 0.0 0.0
0.0 0.0 0.0
0.0 0.0 0.0
0.0 0.0 0.0
0.0 0.0 0.0
0.0 0.0 0.0
0.0 0.0 0.0
0.0 0.0 0.0
0.0 0.0 0.0
0.0 0.0 0.0
0.0 0.0 0.0
0.0 0.0 0.0
0.0 0.0 0.0
0.0 0.0 0.0
0.0 0.0 0.0
0.0 0.0 0.0
0.0 0.0 0.0
0.0 0.0 0.0
0.0 0.0 0.0
0.0 0.0 0.0
0.0 0.0 0.0
0.0 0.0 0.0
0.0 0.0 0.0
0.0 0.0 0.0
0.0 0.0 0.0
0.0 0.0 0.0
0.0 0.0 0.0
0.0 0.0 0.0
0.0 0.0 0.0
0.0 0.0 0.0
0.0 0.0 0.0
0.0 0.0 0.0
0.0 0.0 0.0
0.0 0.0 0.0
0.0 0.0 0.0
0.0 0.0 0.0
0.0 0.0 0.0
0.0 0.0 0.0
0.0 0.0 0.0
0.0 0.0 0.0
0.0 0.0 0.0
0.0 0.0 0.0
0.0 0.0 0.0
0.0 0.0 0.0
0.0 0.0 0.0
0.0 0.0 0.0
0.0 0.0 0.0
0.0 0.0 0.0
0.0 0.0 0.0
0.0 0.0 0.0
0.0 0.0 0.0
0.0 0.0 0.0
0.0 0.0 0.0
0.0 0.0 0.0
0.0 0.0 0.0
0.0 0.0 0.0
0.0 0.0 0.0
0.0 0.0 0.0
0.0 0.0 0.0
0.0 0.0 0.0
0.0 0.0 0.0
0.0 0.0 0.0
0.0 0.0 0.0
0.0 0.0 0.0
0.0 0.0 0.0
0.0 0.0 0.0
0.0 0.0 0.0
0.0 0.0 0.0
0.0 0.0 0.0
0.0 0.0 0.0
0.0 0.0 0.0
0.0 0.0 0.0
0.0 0.0 0.0
0.0 0.0 0.0
0.0 0.0 0.0
0.0 0.0 0.0
0.0 0.0 0.0
0.0 0.0 0.0
0.0 0.0 0.0
0.0 0.0 0.0
0.0 0.0 0.0
0.0 0.0 0.0
0.0 0.0 0.0
0.0 0.0 0.0
0.0 0.0 0.0
0.0 0.0 0.0
0.0 0.0 0.0
0.0 0.0 0.0
0.0 0.0 0.0
0.0 0.0 0.0
0.0 0.0 0.0
0.0 0.0 0.0
0.0 0.0 0.0
0.0 0.0 0.0
0.0 0.0 0.0
0.0 0.0 0.0
0.0 0.0 0.0
0.0 0.0 0.0
0.0 0.0 0.0
0.0 0.0 0.0
0.0 0.0 0.0
0.0 0.0 0.0
0.0 0.0 0.0
0.0 0.0 0.0
0.0 0.0 0.0
0.0 0.0 0.0
0.0 0.0 0.0
0.0 0.0 0.0
0.0 0.0 0.0
0.0 0.0 0.0
0.0 0.0 0.0
0.0 0.0 0.0
0.0 0.0 0.0
0.0 0.0 0.0
0.0 0.0 0.0
0.0 0.0 0.0
0.0 0.0 0.0
0.0 0.0 0.0
0.0 0.0 0.0
0.0 0.0 0.0
0.0 0.0 0.0
0.0 0.0 0.0
0.0 0.0 0.0
0.0 0.0 0.0
0.0 0.0 0.0
0.0 0.0 0.0
0.0 0.0 0.0
0.0 0.0 0.0
0.0 0.0 0.0
0.0 0.0 0.0
0.0 0.0 0.0