# .PCD v0.7 - Point Cloud Data file format
# TIMESTAMP: 07-10-25-08-22-32-391
VERSION 0.7
FIELDS x y z
SIZE 4 4 4
TYPE F F F
COUNT 1 1 1
WIDTH 36200
HEIGHT 1
VIEWPOINT 0 0 0 1 0 0 0
POINTS 36200
DATA ascii
0.0 0.0 0.0
0.0 0.0 0.0
0.0 0.0 0.0
0.0 0.0 0.0
0.0 0.0 0.0
0.0 0.0 0.0
0.0 0.0 0.0
0.0 0.0 0.0
0.0 0.0 0.0
0.0 0.0 0.0
0.0 0.0 0.0
0.0 0.0 0.0
0.0 0.0 0.0
0.0 0.0 0.0
0.0 0.0 0.0
0.0 0.0 0.0
0.0 0.0 0.0
0.0 0.0 0.0
0.0 0.0 0.0
0.0 0.0 0.0
0.0 0.0 0.0
0.0 0.0 0.0
0.0 0.0 0.0
0.0 0.0 0.0
0.0 0.0 0.0
0.0 0.0 0.0
0.0 0.0 0.0
0.0 0.0 0.0
0.0 0.0 0.0
0.0 0.0 0.0
0.0 0.0 0.0
0.0 0.0 0.0
0.0 0.0 0.0
0.0 0.0 0.0
0.0 0.0 0.0
0.0 0.0 0.0
0.0 0.0 0.0
0.0 0.0 0.0
0.0 0.0 0.0
0.0 0.0 0.0
0.0 0.0 0.0
0.0 0.0 0.0
0.0 0.0 0.0
0.0 0.0 0.0
0.0 0.0 0.0
0.0 0.0 0.0
0.0 0.0 0.0
0.0 0.0 0.0
0.0 0.0 0.0
0.0 0.0 0.0
0.0 0.0 0.0
0.0 0.0 0.0
0.0 0.0 0.0
0.0 0.0 0.0
0.0 0.0 0.0
0.0 0.0 0.0
0.0 0.0 0.0
0.0 0.0 0.0
0.0 0.0 0.0
0.0 0.0 0.0
0.0 0.0 0.0
0.0 0.0 0.0
0.0 0.0 0.0
0.0 0.0 0.0
0.0 0.0 0.0
0.0 0.0 0.0
0.0 0.0 0.0
0.0 0.0 0.0
0.0 0.0 0.0
0.0 0.0 0.0
0.0 0.0 0.0
0.0 0.0 0.0
0.0 0.0 0.0
0.0 0.0 0.0
0.0 0.0 0.0
0.0 0.0 0.0
0.0 0.0 0.0
0.0 0.0 0.0
0.0 0.0 0.0
0.0 0.0 0.0
0.0 0.0 0.0
0.0 0.0 0.0
0.0 0.0 0.0
0.0 0.0 0.0
0.0 0.0 0.0
0.0 0.0 0.0
0.0 0.0 0.0
0.0 0.0 0.0
0.0 0.0 0.0
0.0 0.0 0.0
0.0 0.0 0.0
0.0 0.0 0.0
0.0 0.0 0.0
0.0 0.0 0.0
0.0 0.0 0.0
0.0 0.0 0.0
0.0 0.0 0.0
0.0 0.0 0.0
0.0 0.0 0.0
0.0 0.0 0.0
0.0 0.0 0.0
0.0 0.0 0.0
0.0 0.0 0.0
0.0 0.0 0.0
0.0 0.0 0.0
0.0 0.0 0.0
0.0 0.0 0.0
0.0 0.0 0.0
0.0 0.0 0.0
0.0 0.0 0.0
0.0 0.0 0.0
0.0 0.0 0.0
0.0 0.0 0.0
0.0 0.0 0.0
0.0 0.0 0.0
0.0 0.0 0.0
0.0 0.0 0.0
0.0 0.0 0.0
0.0 0.0 0.0
0.0 0.0 0.0
0.0 0.0 0.0
0.0 0.0 0.0
0.0 0.0 0.0
0.0 0.0 0.0
0.0 0.0 0.0
0.0 0.0 0.0
0.0 0.0 0.0
0.0 0.0 0.0
0.0 0.0 0.0
0.0 0.0 0.0
0.0 0.0 0.0
0.0 0.0 0.0
0.0 0.0 0.0
0.0 0.0 0.0
0.0 0.0 0.0
0.0 0.0 0.0
0.0 0.0 0.0
0.0 0.0 0.0
0.0 0.0 0.0
0.0 0.0 0.0
0.0 0.0 0.0
0.0 0.0 0.0
0.0 0.0 0.0
0.0 0.0 0.0
0.0 0.0 0.0
0.0 0.0 0.0
0.0 0.0 0.0
0.0 0.0 0.0
0.0 0.0 0.0
0.0 0.0 0.0
0.0 0.0 0.0
0.0 0.0 0.0
0.0 0.0 0.0
0.0 0.0 0.0
0.0 0.0 0.0
0.0 0.0 0.0
0.0 0.0 0.0
0.0 0.0 0.0
0.0 0.0 0.0
0.0 0.0 0.0
0.0 0.0 0.0
0.0 0.0 0.0
0.0 0.0 0.0
0.0 0.0 0.0
0.0 0.0 0.0
0.0 0.0 0.0
0.0 0.0 0.0
0.0 0.0 0.0
0.0 0.0 0.0
0.0 0.0 0.0
0.0 0.0 0.0
0.0 0.0 0.0
0.0 0.0 0.0
0.0 0.0 0.0
0.0 0.0 0.0
0.0 0.0 0.0
0.0 0.0 0.0
0.0 0.0 0.0
0.0 0.0 0.0
0.0 0.0 0.0
0.0 0.0 0.0
0.0 0.0 0.0
0.0 0.0 0.0
-20.5404109954834 29.26544952392578 -2.79284405708313
0.0 0.0 0.0
0.0 0.0 0.0
0.0 0.0 0.0
0.0 0.0 0.0
0.0 0.0 0.0
0.0 0.0 0.0
0.0 0.0 0.0
0.0 0.0 0.0
0.0 0.0 0.0
0.0 0.0 0.0
0.0 0.0 0.0
0.0 0.0 0.0
0.0 0.0 0.0
0.0 0.0 0.0
0.0 0.0 0.0
-13.099004745483398 23.978357315063477 -3.565847873687744
0.0 0.0 0.0
-12.463249206542969 23.58843421936035 -3.6401731967926025
0.0 0.0 0.0
0.0 0.0 0.0
0.0 0.0 0.0
0.0 0.0 0.0
-11.05135440826416 22.81375503540039 -3.8264236450195312
-10.648738861083984 22.37859535217285 -3.8104257583618164
0.0 0.0 0.0
-10.203203201293945 22.2354736328125 -3.898918628692627
0.0 0.0 0.0
-9.5255126953125 21.553529739379883 -3.885704755783081
-9.371026039123535 21.609827041625977 -3.9481542110443115
-9.071443557739258 21.32469367980957 -3.9476022720336914
0.0 0.0 0.0
-8.617426872253418 21.07471466064453 -4.00008487701416
0.0 0.0 0.0
-8.159688949584961 20.776216506958008 -4.039017200469971
-7.979624271392822 20.740550994873047 -4.078320503234863
0.0 0.0 0.0
0.0 0.0 0.0
-7.3426690101623535 20.347421646118164 -4.1351399421691895
-7.136411666870117 20.215011596679688 -4.15128231048584
-7.0022478103637695 20.283945083618164 -4.207606315612793
-6.749823093414307 20.00333595275879 -4.191032409667969
-6.565316677093506 19.921043395996094 -4.215995788574219
-6.355310440063477 19.745695114135742 -4.219057083129883
-6.127624034881592 19.50308609008789 -4.205294132232666
-5.996711254119873 19.561912536621094 -4.256250858306885
-5.803783893585205 19.41468048095703 -4.262324810028076
-5.603845596313477 19.232858657836914 -4.259541034698486
-5.458978652954102 19.241235733032227 -4.29703426361084
-5.307527542114258 19.214845657348633 -4.326216697692871
-5.125998020172119 19.073015213012695 -4.329213619232178
-4.969043254852295 19.01456069946289 -4.350625991821289
-4.8184685707092285 18.97771453857422 -4.374078273773193
-4.657294273376465 18.90308952331543 -4.38930082321167
-4.496102809906006 18.811946868896484 -4.400013446807861
-4.312356948852539 18.61566162109375 -4.3857855796813965
-4.176115036010742 18.615285873413086 -4.414420127868652
-4.0263824462890625 18.550739288330078 -4.427606105804443
-3.859194040298462 18.407196044921875 -4.422249794006348
-3.7265625 18.4110164642334 -4.451764106750488
-3.581712484359741 18.351070404052734 -4.463191986083984
-3.437840700149536 18.290224075317383 -4.473531723022461
-3.29971981048584 18.25443458557129 -4.4900407791137695
-3.154161214828491 18.184219360351562 -4.498561859130859
-3.0064537525177 18.079526901245117 -4.495564937591553
-2.873666763305664 18.056459426879883 -4.511291027069092
-2.7424850463867188 18.039907455444336 -4.528785705566406
-2.6078662872314453 17.996137619018555 -4.539566516876221
-2.4559688568115234 17.820457458496094 -4.515098571777344
-2.33746337890625 17.89597511291504 -4.552425384521484
-2.2027029991149902 17.827653884887695 -4.553037643432617
-2.0741357803344727 17.80347442626953 -4.565051078796387
-1.9464423656463623 17.782489776611328 -4.5765557289123535
0.0 0.0 0.0
-1.6853388547897339 17.69040870666504 -4.581362247467041
-1.555548071861267 17.62594223022461 -4.579052448272705
-1.4300569295883179 17.602245330810547 -4.586480617523193
-1.3123975992202759 17.676546096801758 -4.6160664558410645
-1.1856553554534912 17.62935447692871 -4.614157199859619
-1.0564793348312378 17.562477111816406 -4.607423305511475
-0.9395760297775269 17.668304443359375 -4.645534515380859
-0.8107510805130005 17.547937393188477 -4.620148181915283
-0.690015435218811 17.588966369628906 -4.637449264526367
-0.5625394582748413 17.432849884033203 -4.602941989898682
-0.4418877959251404 17.54770851135254 -4.64026403427124
-0.31970199942588806 17.54210090637207 -4.640931606292725
-0.19812625646591187 17.580957412719727 -4.653590202331543
-0.07567176222801208 17.56609535217285 -4.6522626876831055
0.04633079469203949 17.508853912353516 -4.639920711517334
0.16926035284996033 17.629310607910156 -4.670506477355957
0.2931964695453644 17.579103469848633 -4.655568599700928
0.41474443674087524 17.54694175720215 -4.64567232131958
0.5411604642868042 17.691343307495117 -4.682741641998291
0.6625072956085205 17.6433162689209 -4.665281772613525
0.7876136898994446 17.69278907775879 -4.672861576080322
0.9124872088432312 17.680938720703125 -4.664367198944092
1.0369408130645752 17.702251434326172 -4.664939880371094
1.1626956462860107 17.73483657836914 -4.665228366851807
1.2902923822402954 17.785751342773438 -4.669005393981934
1.4171561002731323 17.816917419433594 -4.667774677276611
1.5501586198806763 17.88848114013672 -4.67714262008667
1.6823002099990845 17.95987892150879 -4.684013366699219
1.802682638168335 17.902856826782227 -4.655650615692139
1.9405806064605713 18.014236450195312 -4.671253681182861
2.0749428272247314 18.079492568969727 -4.674980640411377
2.203490734100342 18.068941116333008 -4.656917572021484
2.344329595565796 18.17088508605957 -4.665761947631836
2.4753329753875732 18.189250946044922 -4.653254508972168
2.6068358421325684 18.206653594970703 -4.64065408706665
2.7473063468933105 18.279584884643555 -4.641019344329834
2.8988935947418213 18.4157772064209 -4.654644966125488
3.02524995803833 18.370981216430664 -4.622251987457275
3.1675946712493896 18.433921813964844 -4.61748743057251
3.312262535095215 18.503421783447266 -4.613731861114502
3.4503304958343506 18.531553268432617 -4.59648323059082
3.622826099395752 18.73383903503418 -4.622312068939209
3.7685415744781494 18.77426528930664 -4.607641696929932
3.8988819122314453 18.746963500976562 -4.576867580413818
4.0828070640563965 18.968461990356445 -4.603022575378418
4.232179164886475 19.017683029174805 -4.587112903594971
4.371356010437012 19.01755142211914 -4.559390544891357
4.548119068145752 19.1640625 -4.566311836242676
4.717841625213623 19.280550003051758 -4.563411235809326
4.875509738922119 19.34035873413086 -4.546438217163086
5.0398383140563965 19.421062469482422 -4.534329414367676
5.2242112159729 19.570405960083008 -4.538018703460693
5.392401218414307 19.640840530395508 -4.520615100860596
5.570641040802002 19.751041412353516 -4.511832237243652
5.7368855476379395 19.812091827392578 -4.491647243499756
5.950071334838867 20.02547836303711 -4.505609512329102
6.121811389923096 20.09115219116211 -4.484608173370361
6.345118522644043 20.308320999145508 -4.494901180267334
6.5342841148376465 20.414859771728516 -4.480869293212891
6.712137222290039 20.47979164123535 -4.457480430603027
6.953453063964844 20.728404998779297 -4.472659111022949
7.127008438110352 20.764999389648438 -4.439655780792236
7.314083099365234 20.836284637451172 -4.413924217224121
7.56598424911499 21.074722290039062 -4.422323703765869
7.7740888595581055 21.189271926879883 -4.404391765594482
8.020706176757812 21.399261474609375 -4.403722763061523
8.22127914428711 21.47792625427246 -4.375463962554932
8.500187873840332 21.751489639282227 -4.38620662689209
8.720555305480957 21.85741424560547 -4.361452579498291
8.926915168762207 21.9306640625 -4.328514099121094
0.0 0.0 0.0
9.46235179901123 22.35142707824707 -4.314596176147461
9.73608684539795 22.559642791748047 -4.305773735046387
9.974141120910645 22.669443130493164 -4.27446985244751
10.241476058959961 22.844783782958984 -4.255612373352051
10.515120506286621 23.024490356445312 -4.236645698547363
10.848676681518555 23.323856353759766 -4.238532543182373
11.10738468170166 23.453081130981445 -4.206403732299805
11.428601264953613 23.69666862487793 -4.192605495452881
11.750797271728516 23.938247680664062 -4.178176403045654
0.0 0.0 0.0
12.344078063964844 24.287979125976562 -4.120508670806885
0.0 0.0 0.0
13.121322631835938 24.95076560974121 -4.107589244842529
0.0 0.0 0.0
13.835485458374023 25.436452865600586 -4.0550360679626465
0.0 0.0 0.0
14.677282333374023 26.11117172241211 -4.024066925048828
15.0576753616333 26.358104705810547 -3.9910967350006104
0.0 0.0 0.0
15.936590194702148 27.00796127319336 -3.93711256980896
16.491106033325195 27.507761001586914 -3.9324498176574707
16.864479064941406 27.694311141967773 -3.8787930011749268
0.0 0.0 0.0
0.0 0.0 0.0
0.0 0.0 0.0
0.0 0.0 0.0
19.523778915405273 29.681007385253906 -3.699864149093628
0.0 0.0 0.0
0.0 0.0 0.0
0.0 0.0 0.0
0.0 0.0 0.0
0.0 0.0 0.0
0.0 0.0 0.0
0.0 0.0 0.0
0.0 0.0 0.0
0.0 0.0 0.0
0.0 0.0 0.0
0.0 0.0 0.0
0.0 0.0 0.0
0.0 0.0 0.0
0.0 0.0 0.0
0.0 0.0 0.0
0.0 0.0 0.0
0.0 0.0 0.0
0.0 0.0 0.0
0.0 0.0 0.0
0.0 0.0 0.0
0.0 0.0 0.0
0.0 0.0 0.0
0.0 0.0 0.0
0.0 0.0 0.0
0.0 0.0 0.0
0.0 0.0 0.0
0.0 0.0 0.0
0.0 0.0 0.0
0.0 0.0 0.0
0.0 0.0 0.0
0.0 0.0 0.0
0.0 0.0 0.0
0.0 0.0 0.0
0.0 0.0 0.0
0.0 0.0 0.0
0.0 0.0 0.0
0.0 0.0 0.0
0.0 0.0 0.0
0.0 0.0 0.0
0.0 0.0 0.0
0.0 0.0 0.0
0.0 0.0 0.0
0.0 0.0 0.0
0.0 0.0 0.0
0.0 0.0 0.0
0.0 0.0 0.0
0.0 0.0 0.0
0.0 0.0 0.0
0.0 0.0 0.0
0.0 0.0 0.0
0.0 0.0 0.0
0.0 0.0 0.0
0.0 0.0 0.0
0.0 0.0 0.0
0.0 0.0 0.0
0.0 0.0 0.0
0.0 0.0 0.0
0.0 0.0 0.0
0.0 0.0 0.0
0.0 0.0 0.0
0.0 0.0 0.0
0.0 0.0 0.0
0.0 0.0 0.0
0.0 0.0 0.0
0.0 0.0 0.0
0.0 0.0 0.0
0.0 0.0 0.0
0.0 0.0 0.0
0.0 0.0 0.0
0.0 0.0 0.0
0.0 0.0 0.0
0.0 0.0 0.0
0.0 0.0 0.0
0.0 0.0 0.0
0.0 0.0 0.0
0.0 0.0 0.0
0.0 0.0 0.0
0.0 0.0 0.0
0.0 0.0 0.0
0.0 0.0 0.0
0.0 0.0 0.0
0.0 0.0 0.0
0.0 0.0 0.0
0.0 0.0 0.0
0.0 0.0 0.0
0.0 0.0 0.0
0.0 0.0 0.0
0.0 0.0 0.0
0.0 0.0 0.0
0.0 0.0 0.0
0.0 0.0 0.0
0.0 0.0 0.0
0.0 0.0 0.0
0.0 0.0 0.0
0.0 0.0 0.0
0.0 0.0 0.0
0.0 0.0 0.0
0.0 0.0 0.0
0.0 0.0 0.0
0.0 0.0 0.0
0.0 0.0 0.0
0.0 0.0 0.0
0.0 0.0 0.0
0.0 0.0 0.0
0.0 0.0 0.0
0.0 0.0 0.0
0.0 0.0 0.0
0.0 0.0 0.0
0.0 0.0 0.0
0.0 0.0 0.0
0.0 0.0 0.0
0.0 0.0 0.0
0.0 0.0 0.0
0.0 0.0 0.0
0.0 0.0 0.0
0.0 0.0 0.0
0.0 0.0 0.0
0.0 0.0 0.0
0.0 0.0 0.0
0.0 0.0 0.0
0.0 0.0 0.0
0.0 0.0 0.0
0.0 0.0 0.0
0.0 0.0 0.0
0.0 0.0 0.0
0.0 0.0 0.0
0.0 0.0 0.0
0.0 0.0 0.0
0.0 0.0 0.0
0.0 0.0 0.0
0.0 0.0 0.0
0.0 0.0 0.0
0.0 0.0 0.0
0.0 0.0 0.0
0.0 0.0 0.0
0.0 0.0 0.0
0.0 0.0 0.0
0.0 0.0 0.0
0.0 0.0 0.0
0.0 0.0 0.0
0.0 0.0 0.0
0.0 0.0 0.0
0.0 0.0 0.0
0.0 0.0 0.0
0.0 0.0 0.0
0.0 0.0 0.0
0.0 0.0 0.0
0.0 0.0 0.0
0.0 0.0 0.0
0.0 0.0 0.0
0.0 0.0 0.0
0.0 0.0 0.0
0.0 0.0 0.0
0.0 0.0 0.0
0.0 0.0 0.0
0.0 0.0 0.0
0.0 0.0 0.0
0.0 0.0 0.0
0.0 0.0 0.0
0.0 0.0 0.0
0.0 0.0 0.0
0.0 0.0 0.0
0.0 0.0 0.0
0.0 0.0 0.0
0.0 0.0 0.0
0.0 0.0 0.0
0.0 0.0 0.0
0.0 0.0 0.0
0.0 0.0 0.0
0.0 0.0 0.0
0.0 0.0 0.0
0.0 0.0 0.0
0.0 0.0 0.0
0.0 0.0 0.0
0.0 0.0 0.0
0.0 0.0 0.0
0.0 0.0 0.0
0.0 0.0 0.0
0.0 0.0 0.0
0.0 0.0 0.0
0.0 0.0 0.0
0.0 0.0 0.0
0.0 0.0 0.0
0.0 0.0 0.0
0.0 0.0 0.0
0.0 0.0 0.0
0.0 0.0 0.0
0.0 0.0 0.0
0.0 0.0 0.0
0.0 0.0 0.0
0.0 0.0 0.0
0.0 0.0 0.0
0.0 0.0 0.0
0.0 0.0 0.0
0.0 0.0 0.0
0.0 0.0 0.0
0.0 0.0 0.0
0.0 0.0 0.0
0.0 0.0 0.0
-16.18728256225586 26.259790420532227 -3.293769359588623
0.0 0.0 0.0
0.0 0.0 0.0
0.0 0.0 0.0
0.0 0.0 0.0
0.0 0.0 0.0
0.0 0.0 0.0
0.0 0.0 0.0
-12.890888214111328 23.792604446411133 -3.5557093620300293
-12.595672607421875 23.640377044677734 -3.599853038787842
-12.302079200744629 23.490331649780273 -3.641695737838745
-11.977705955505371 23.263477325439453 -3.668886423110962
-11.679821968078613 23.07816505432129 -3.7013165950775146
0.0 0.0 0.0
-11.085453033447266 22.68157386779785 -3.755629539489746
-10.808055877685547 22.508365631103516 -3.7840662002563477
-10.568665504455566 22.413881301879883 -3.8259224891662598
-10.289786338806152 22.221708297729492 -3.8488569259643555
-10.050642967224121 22.107919692993164 -3.8829104900360107
-9.757177352905273 21.865070343017578 -3.8932809829711914
-9.481395721435547 21.65115737915039 -3.907665729522705
-9.195592880249023 21.410911560058594 -3.91652774810791
0.0 0.0 0.0
0.0 0.0 0.0
-8.511950492858887 21.02084732055664 -3.9911389350891113
0.0 0.0 0.0
-8.128872871398926 20.91523551940918 -4.065484046936035
-7.885104656219482 20.71422576904297 -4.071763515472412
0.0 0.0 0.0
-7.46533203125 20.4641170501709 -4.111884117126465
-7.228458404541016 20.24972915649414 -4.1106343269348145
-7.013790130615234 20.0954647064209 -4.121641159057617
0.0 0.0 0.0
-6.695459842681885 20.074207305908203 -4.200466156005859
-6.4505438804626465 19.798250198364258 -4.181432723999023
-6.264255523681641 19.69154167175293 -4.197502613067627
-6.133249282836914 19.75495147705078 -4.249786376953125
-5.89719295501709 19.48118019104004 -4.229878902435303
-5.752377033233643 19.49115753173828 -4.268028736114502
-5.552874565124512 19.309101104736328 -4.263490676879883
-5.387119293212891 19.235660552978516 -4.282572269439697
-5.2467522621154785 19.249263763427734 -4.321032524108887
-5.055157661437988 19.078283309936523 -4.3163323402404785
-4.894621849060059 19.005096435546875 -4.331838607788086
-4.731510639190674 18.91584587097168 -4.343571662902832
-4.593262672424316 18.921573638916016 -4.377104759216309
-4.425703048706055 18.800498962402344 -4.379502296447754
-4.273036956787109 18.745620727539062 -4.396129608154297
-4.113049507141113 18.640840530395508 -4.400441646575928
-3.965057134628296 18.58316421508789 -4.415774822235107
-3.8218836784362793 18.543254852294922 -4.434085845947266
-3.6758158206939697 18.484107971191406 -4.445528030395508
-3.5297555923461914 18.431642532348633 -4.459073066711426
-3.3932487964630127 18.41135597229004 -4.4799909591674805
-3.2511816024780273 18.356576919555664 -4.4918212890625
-3.0968868732452393 18.22282600402832 -4.481119155883789
-2.95851469039917 18.174057006835938 -4.491299152374268
-2.81769061088562 18.116981506347656 -4.499855995178223
-2.680645227432251 18.06241798400879 -4.50847864151001
-2.5419909954071045 17.98897933959961 -4.508490085601807
-2.416088342666626 18.000913619995117 -4.530030727386475
-2.2947874069213867 18.049541473388672 -4.5610857009887695
-2.1536338329315186 17.935575485229492 -4.55116605758667
-2.0231597423553467 17.919513702392578 -4.5624518394470215
-1.891681432723999 17.868568420410156 -4.564276695251465
-1.7627432346343994 17.83551788330078 -4.570825576782227
-1.6308977603912354 17.763864517211914 -4.567602157592773
-1.5079363584518433 17.782560348510742 -4.584332466125488
-1.379885196685791 17.763032913208008 -4.590546607971191
-1.251033067703247 17.697223663330078 -4.584779262542725
-1.1327800750732422 17.781448364257812 -4.618108749389648
-1.0030570030212402 17.684419631958008 -4.601495265960693
-0.88197261095047 17.730365753173828 -4.620540142059326
-0.7507491707801819 17.605588912963867 -4.595419406890869
-0.6289919018745422 17.63091278076172 -4.609523773193359
-0.5064449906349182 17.637126922607422 -4.616297245025635
-0.3844752013683319 17.669492721557617 -4.627847671508789
-0.26174411177635193 17.678342819213867 -4.6334686279296875
-0.13639889657497406 17.640995025634766 -4.627264499664307
-0.01380442176014185 17.68639373779297 -4.640926837921143
0.10927285999059677 17.686296463012695 -4.640035629272461
0.2325187623500824 17.708011627197266 -4.645091533660889
0.3562750816345215 17.732641220092773 -4.651134014129639
0.47927403450012207 17.718976974487305 -4.645979881286621
0.606428325176239 17.765687942504883 -4.65329647064209
0.7300733327865601 17.762468338012695 -4.647832870483398
0.8560619354248047 17.80746078491211 -4.655197620391846
0.9817192554473877 17.83289337158203 -4.656835079193115
1.106215238571167 17.835796356201172 -4.648778438568115
1.2351995706558228 17.867887496948242 -4.648375511169434
1.3609356880187988 17.880327224731445 -4.643218994140625
1.4917491674423218 17.948455810546875 -4.652494430541992
1.6247223615646362 18.02802276611328 -4.660402297973633
1.7488691806793213 18.004955291748047 -4.641968250274658
1.8758999109268188 17.98836898803711 -4.625218868255615
2.0037901401519775 18.00115966796875 -4.61646842956543
2.146491765975952 18.134296417236328 -4.634606838226318
2.280353307723999 18.180030822753906 -4.630049705505371
2.4123363494873047 18.206026077270508 -4.62062406539917
2.545996904373169 18.223325729370117 -4.608880043029785
2.681870698928833 18.26686668395996 -4.600970268249512
2.8194797039031982 18.31714630126953 -4.593907833099365
2.9687740802764893 18.433801651000977 -4.603508949279785
3.129408359527588 18.60541343688965 -4.626702785491943
3.2585415840148926 18.581932067871094 -4.5990424156188965
3.40271258354187 18.628555297851562 -4.5868682861328125
3.5630834102630615 18.767669677734375 -4.597836971282959
3.6992592811584473 18.771310806274414 -4.575595378875732
3.8531999588012695 18.859928131103516 -4.572572708129883
4.018908500671387 18.99615478515625 -4.57884407043457
4.187485218048096 19.123231887817383 -4.58223295211792
4.309474945068359 19.045228958129883 -4.537054061889648
4.506847381591797 19.2927188873291 -4.568457126617432
4.659729480743408 19.339204788208008 -4.5494065284729
4.806272506713867 19.35488510131836 -4.52313232421875
4.986721515655518 19.49082374572754 -4.524371147155762
5.146505355834961 19.548355102539062 -4.50757360458374
5.332702159881592 19.69719123840332 -4.508622646331787
5.476090908050537 19.682723999023438 -4.472229480743408
5.700425148010254 19.94975471496582 -4.49946403503418
5.858079433441162 19.96503257751465 -4.4690070152282715
6.075539588928223 20.184999465942383 -4.482161045074463
6.268189907073975 20.311784744262695 -4.473808288574219
6.465219020843506 20.444204330444336 -4.4663310050964355
6.663232803344727 20.571273803710938 -4.457315921783447
6.859576225280762 20.686138153076172 -4.443513870239258
7.050801753997803 20.76969337463379 -4.4211602210998535
7.284752368927002 20.97901725769043 -4.425834655761719
7.492495536804199 21.10312843322754 -4.411964416503906
7.680274486541748 21.164335250854492 -4.383282661437988
7.933525562286377 21.396717071533203 -4.388326644897461
8.145393371582031 21.500320434570312 -4.365602970123291
8.385663986206055 21.678010940551758 -4.358103275299072
8.621723175048828 21.835805892944336 -4.344999313354492
8.837631225585938 21.934585571289062 -4.318188667297363
9.162181854248047 22.29092788696289 -4.341070652008057
9.39240550994873 22.398300170898438 -4.31364631652832
9.66840648651123 22.614442825317383 -4.306658744812012
9.903661727905273 22.725727081298828 -4.277346611022949
10.230026245117188 23.035444259643555 -4.2844014167785645
10.38671875 22.9556941986084 -4.218401908874512
10.756514549255371 23.332422256469727 -4.234172344207764
11.055898666381836 23.549514770507812 -4.218783378601074
11.328913688659668 23.700990676879883 -4.1906843185424805
0.0 0.0 0.0
11.902920722961426 24.037811279296875 -4.137346267700195
12.27464485168457 24.360776901245117 -4.133415699005127
12.682647705078125 24.733570098876953 -4.135071277618408
0.0 0.0 0.0
0.0 0.0 0.0
13.640348434448242 25.2891788482666 -4.037909507751465
0.0 0.0 0.0
14.54578685760498 26.084651947021484 -4.028995037078857
14.878435134887695 26.25245475769043 -3.985250473022461
15.400619506835938 26.73885726928711 -3.9863102436065674
0.0 0.0 0.0
16.180015563964844 27.211158752441406 -3.9077184200286865
0.0 0.0 0.0
0.0 0.0 0.0
0.0 0.0 0.0
0.0 0.0 0.0
0.0 0.0 0.0
0.0 0.0 0.0
0.0 0.0 0.0
0.0 0.0 0.0
0.0 0.0 0.0
0.0 0.0 0.0
0.0 0.0 0.0
0.0 0.0 0.0
24.19208526611328 33.379356384277344 -3.388568878173828
0.0 0.0 0.0
0.0 0.0 0.0
0.0 0.0 0.0
0.0 0.0 0.0
0.0 0.0 0.0
0.0 0.0 0.0
0.0 0.0 0.0
0.0 0.0 0.0
0.0 0.0 0.0
0.0 0.0 0.0
0.0 0.0 0.0
0.0 0.0 0.0
0.0 0.0 0.0
0.0 0.0 0.0
0.0 0.0 0.0
0.0 0.0 0.0
0.0 0.0 0.0
0.0 0.0 0.0
0.0 0.0 0.0
0.0 0.0 0.0
0.0 0.0 0.0
0.0 0.0 0.0
0.0 0.0 0.0
0.0 0.0 0.0
0.0 0.0 0.0
0.0 0.0 0.0
0.0 0.0 0.0
0.0 0.0 0.0
0.0 0.0 0.0
0.0 0.0 0.0
0.0 0.0 0.0
0.0 0.0 0.0
0.0 0.0 0.0
0.0 0.0 0.0
0.0 0.0 0.0
0.0 0.0 0.0
0.0 0.0 0.0
0.0 0.0 0.0
0.0 0.0 0.0
0.0 0.0 0.0
0.0 0.0 0.0
0.0 0.0 0.0
0.0 0.0 0.0
0.0 0.0 0.0
0.0 0.0 0.0
0.0 0.0 0.0
0.0 0.0 0.0
0.0 0.0 0.0
0.0 0.0 0.0
0.0 0.0 0.0
0.0 0.0 0.0
0.0 0.0 0.0
0.0 0.0 0.0
0.0 0.0 0.0
0.0 0.0 0.0
0.0 0.0 0.0
0.0 0.0 0.0
0.0 0.0 0.0
0.0 0.0 0.0
0.0 0.0 0.0
0.0 0.0 0.0
0.0 0.0 0.0
0.0 0.0 0.0
0.0 0.0 0.0
0.0 0.0 0.0
0.0 0.0 0.0
0.0 0.0 0.0
0.0 0.0 0.0
0.0 0.0 0.0
0.0 0.0 0.0
0.0 0.0 0.0
0.0 0.0 0.0
0.0 0.0 0.0
0.0 0.0 0.0
0.0 0.0 0.0
0.0 0.0 0.0
0.0 0.0 0.0
0.0 0.0 0.0
0.0 0.0 0.0
0.0 0.0 0.0
0.0 0.0 0.0
0.0 0.0 0.0
0.0 0.0 0.0
0.0 0.0 0.0
0.0 0.0 0.0
0.0 0.0 0.0
0.0 0.0 0.0
0.0 0.0 0.0
0.0 0.0 0.0
0.0 0.0 0.0
0.0 0.0 0.0
0.0 0.0 0.0
0.0 0.0 0.0
0.0 0.0 0.0
0.0 0.0 0.0
0.0 0.0 0.0
0.0 0.0 0.0
0.0 0.0 0.0
0.0 0.0 0.0
0.0 0.0 0.0
0.0 0.0 0.0
0.0 0.0 0.0
0.0 0.0 0.0
0.0 0.0 0.0
0.0 0.0 0.0
0.0 0.0 0.0
0.0 0.0 0.0
0.0 0.0 0.0
0.0 0.0 0.0
0.0 0.0 0.0
0.0 0.0 0.0
0.0 0.0 0.0
0.0 0.0 0.0
0.0 0.0 0.0
0.0 0.0 0.0
0.0 0.0 0.0
0.0 0.0 0.0
0.0 0.0 0.0
0.0 0.0 0.0
0.0 0.0 0.0
0.0 0.0 0.0
0.0 0.0 0.0
0.0 0.0 0.0
0.0 0.0 0.0
0.0 0.0 0.0
0.0 0.0 0.0
0.0 0.0 0.0
0.0 0.0 0.0
0.0 0.0 0.0
0.0 0.0 0.0
0.0 0.0 0.0
0.0 0.0 0.0
0.0 0.0 0.0
0.0 0.0 0.0
0.0 0.0 0.0
0.0 0.0 0.0
0.0 0.0 0.0
0.0 0.0 0.0
0.0 0.0 0.0
0.0 0.0 0.0
0.0 0.0 0.0
0.0 0.0 0.0
0.0 0.0 0.0
0.0 0.0 0.0
0.0 0.0 0.0
0.0 0.0 0.0
0.0 0.0 0.0
0.0 0.0 0.0
0.0 0.0 0.0
0.0 0.0 0.0
0.0 0.0 0.0
0.0 0.0 0.0
0.0 0.0 0.0
0.0 0.0 0.0
0.0 0.0 0.0
0.0 0.0 0.0
0.0 0.0 0.0
0.0 0.0 0.0
0.0 0.0 0.0
0.0 0.0 0.0
0.0 0.0 0.0
0.0 0.0 0.0
0.0 0.0 0.0
0.0 0.0 0.0
0.0 0.0 0.0
0.0 0.0 0.0
0.0 0.0 0.0
0.0 0.0 0.0
0.0 0.0 0.0
0.0 0.0 0.0
0.0 0.0 0.0
0.0 0.0 0.0
0.0 0.0 0.0
0.0 0.0 0.0
0.0 0.0 0.0
0.0 0.0 0.0
0.0 0.0 0.0
0.0 0.0 0.0
0.0 0.0 0.0
0.0 0.0 0.0
0.0 0.0 0.0
0.0 0.0 0.0
0.0 0.0 0.0
0.0 0.0 0.0
0.0 0.0 0.0
0.0 0.0 0.0
0.0 0.0 0.0
0.0 0.0 0.0
0.0 0.0 0.0
0.0 0.0 0.0
0.0 0.0 0.0
-16.23394012451172 26.125627517700195 -3.211670160293579
0.0 0.0 0.0
0.0 0.0 0.0
-15.07805347442627 25.44662094116211 -3.368504285812378
0.0 0.0 0.0
0.0 0.0 0.0
0.0 0.0 0.0
0.0 0.0 0.0
0.0 0.0 0.0
0.0 0.0 0.0
0.0 0.0 0.0
0.0 0.0 0.0
-11.839618682861328 23.185165405273438 -3.6587374210357666
0.0 0.0 0.0
0.0 0.0 0.0
-10.90449047088623 22.510852813720703 -3.7269725799560547
0.0 0.0 0.0
-10.57934284210205 22.638601303100586 -3.8613951206207275
0.0 0.0 0.0
0.0 0.0 0.0
0.0 0.0 0.0
0.0 0.0 0.0
-9.18567943572998 21.591577529907227 -3.9411189556121826
-8.874103546142578 21.268945693969727 -3.931344747543335
-8.694488525390625 21.261213302612305 -3.9798636436462402
0.0 0.0 0.0
-8.257946968078613 21.025325775146484 -4.0285725593566895
-8.00428295135498 20.803953170776367 -4.031830310821533
0.0 0.0 0.0
-7.579413414001465 20.556962966918945 -4.073319435119629
-7.343199253082275 20.350950241088867 -4.074796676635742
-7.166455268859863 20.301971435546875 -4.107216835021973
0.0 0.0 0.0
-6.733788967132568 19.956501007080078 -4.118979454040527
-6.546192169189453 19.863739013671875 -4.139439105987549
-6.431827545166016 19.983867645263672 -4.203732013702393
-6.217361927032471 19.789079666137695 -4.201703071594238
-6.0845746994018555 19.848735809326172 -4.252214431762695
-5.885993003845215 19.68768882751465 -4.2537055015563965
-5.696241855621338 19.546987533569336 -4.259173393249512
-5.528217792510986 19.48241424560547 -4.281588077545166
-5.373971939086914 19.452945709228516 -4.310163497924805
-5.162108898162842 19.2050838470459 -4.287841320037842
-5.015623092651367 19.19175910949707 -4.317593574523926
-4.860174179077148 19.140310287475586 -4.338783264160156
-4.711642265319824 19.121440887451172 -4.367549896240234
-4.522497653961182 18.919919967651367 -4.351070404052734
-4.375980377197266 18.887584686279297 -4.3732757568359375
-4.20261287689209 18.731468200683594 -4.366669654846191
-4.057633876800537 18.692989349365234 -4.387298107147217
-3.905599355697632 18.628427505493164 -4.398894309997559
-3.748593807220459 18.52138900756836 -4.399677276611328
-3.6093063354492188 18.495235443115234 -4.419651985168457
-3.4671878814697266 18.449329376220703 -4.434943675994873
-3.3234703540802 18.388015747070312 -4.4435858726501465
-3.1720876693725586 18.288660049438477 -4.442495822906494
-3.052720308303833 18.35643196105957 -4.481719493865967
-2.8942253589630127 18.183422088623047 -4.4622297286987305
-2.769191265106201 18.212329864501953 -4.489957809448242
-2.638460159301758 18.20315933227539 -4.506933689117432
-2.499051094055176 18.129173278808594 -4.507987976074219
-2.3626248836517334 18.08441925048828 -4.5167059898376465
-2.2297089099884033 18.042675018310547 -4.524053573608398
-2.101576328277588 18.038196563720703 -4.538547992706299
-1.9622020721435547 17.92733383178711 -4.526362419128418
-1.841844081878662 17.985017776489258 -4.556891441345215
-1.7050063610076904 17.899045944213867 -4.550125598907471
-1.5821115970611572 17.92962646484375 -4.5696821212768555
-1.4565502405166626 17.929147720336914 -4.58154296875
-1.3286997079849243 17.89759635925293 -4.585667610168457
-1.2054622173309326 17.925704956054688 -4.604615211486816
-1.071394681930542 17.814266204833984 -4.58404016494751
-0.9459593892097473 17.792449951171875 -4.586546421051025
-0.8230199813842773 17.81887435913086 -4.601718902587891
-0.6989998817443848 17.82177734375 -4.610976696014404
-0.5750013589859009 17.824966430664062 -4.615783214569092
-0.4476034343242645 17.774396896362305 -4.606951713562012
-0.3246469795703888 17.813644409179688 -4.621551513671875
-0.20039936900138855 17.783979415893555 -4.6184983253479
-0.07679498195648193 17.79988670349121 -4.6231184005737305
0.047417934983968735 17.917152404785156 -4.653720378875732
0.17211343348026276 17.927692413330078 -4.656827449798584
0.29789412021636963 17.86171531677246 -4.640295028686523
0.42234331369400024 17.867610931396484 -4.639026165008545
0.5471464395523071 17.880475997924805 -4.638634204864502
0.6728588342666626 17.91136360168457 -4.643133163452148
0.7994027137756348 17.952707290649414 -4.6505560874938965
0.9224668145179749 17.869142532348633 -4.622829914093018
1.051897644996643 17.95139503479004 -4.636533260345459
1.177814245223999 17.961002349853516 -4.631654739379883
1.3074750900268555 18.018781661987305 -4.639391899108887
1.4254343509674072 17.917760848999023 -4.6041765213012695
1.5681668519973755 18.091665267944336 -4.637032508850098
1.6903504133224487 18.04227638244629 -4.612996578216553
1.8233025074005127 18.105056762695312 -4.61784553527832
1.962626576423645 18.216156005859375 -4.633647441864014
2.0958406925201416 18.259191513061523 -4.629289627075195
2.2343084812164307 18.319869995117188 -4.629260540008545
2.387604236602783 18.503751754760742 -4.660625457763672
2.492403030395508 18.311033248901367 -4.596592426300049
2.6408355236053467 18.441259384155273 -4.610418319702148
2.786133050918579 18.536602020263672 -4.61549186706543
2.9224050045013428 18.563369750976562 -4.603546142578125
3.0545847415924072 18.54768943786621 -4.580888271331787
3.2045137882232666 18.64822006225586 -4.583364009857178
3.3606796264648438 18.773767471313477 -4.591905117034912
3.5020668506622314 18.80845832824707 -4.578220367431641
3.6549224853515625 18.898054122924805 -4.577936172485352
3.8072893619537354 18.96441078186035 -4.5685133934021
3.9598748683929443 19.037540435791016 -4.560532093048096
4.117668628692627 19.128076553344727 -4.556671619415283
4.271131992340088 19.19136619567871 -4.54628324508667
4.448948383331299 19.35411262512207 -4.5569562911987305
4.59286642074585 19.352210998535156 -4.52700138092041
4.757314682006836 19.442155838012695 -4.519042015075684
4.931483268737793 19.56406593322754 -4.518377304077148
5.087690353393555 19.607295989990234 -4.49798583984375
5.300210475921631 19.855995178222656 -4.522585391998291
5.46027135848999 19.88886070251465 -4.497155666351318
5.648746013641357 20.027517318725586 -4.4960408210754395
5.812838554382324 20.07301902770996 -4.473085880279541
6.043053150177002 20.337434768676758 -4.496438980102539
6.2013468742370605 20.35113525390625 -4.464020252227783
6.400476932525635 20.483367919921875 -4.456780910491943
6.606169700622559 20.636436462402344 -4.454071044921875
6.802408695220947 20.75185203552246 -4.440280437469482
7.027534008026123 20.945398330688477 -4.4426727294921875
7.21823787689209 21.028244018554688 -4.421185493469238
7.444869041442871 21.207050323486328 -4.419417381286621
7.660480976104736 21.336477279663086 -4.403753757476807
7.8865861892700195 21.493494033813477 -4.393650531768799
8.084134101867676 21.565841674804688 -4.365873336791992
8.313426971435547 21.715299606323242 -4.3532609939575195
8.564419746398926 21.91319465637207 -4.348050594329834
8.808724403381348 22.075740814208984 -4.333722114562988
9.072015762329102 22.28314781188965 -4.328185081481934
9.314894676208496 22.43126106262207 -4.310439586639404
9.549348831176758 22.552734375 -4.285669326782227
9.805980682373047 22.718040466308594 -4.267807483673096
10.116293907165527 22.989131927490234 -4.267970561981201
10.365066528320312 23.117568969726562 -4.241586685180664
10.683021545410156 23.39128875732422 -4.2396416664123535
10.918237686157227 23.472900390625 -4.200899600982666
11.30186939239502 23.862672805786133 -4.216197490692139
0.0 0.0 0.0
11.908193588256836 24.258285522460938 -4.1726765632629395
0.0 0.0 0.0
12.520608901977539 24.632776260375977 -4.118807315826416
0.0 0.0 0.0
0.0 0.0 0.0
0.0 0.0 0.0
13.967799186706543 25.6771240234375 -4.036932945251465
14.494197845458984 26.208642959594727 -4.053915977478027
14.77389144897461 26.28266716003418 -3.99609375
0.0 0.0 0.0
15.700956344604492 27.036901473999023 -3.9649252891540527
0.0 0.0 0.0
0.0 0.0 0.0
0.0 0.0 0.0
0.0 0.0 0.0
0.0 0.0 0.0
18.723840713500977 29.344411849975586 -3.797020196914673
19.087785720825195 29.46090316772461 -3.7224762439727783
0.0 0.0 0.0
0.0 0.0 0.0
0.0 0.0 0.0
0.0 0.0 0.0
0.0 0.0 0.0
0.0 0.0 0.0
0.0 0.0 0.0
0.0 0.0 0.0
0.0 0.0 0.0
0.0 0.0 0.0
0.0 0.0 0.0
0.0 0.0 0.0
0.0 0.0 0.0
0.0 0.0 0.0
0.0 0.0 0.0
0.0 0.0 0.0
0.0 0.0 0.0
0.0 0.0 0.0
0.0 0.0 0.0
0.0 0.0 0.0
0.0 0.0 0.0
0.0 0.0 0.0
0.0 0.0 0.0
0.0 0.0 0.0
0.0 0.0 0.0
0.0 0.0 0.0
0.0 0.0 0.0
0.0 0.0 0.0
0.0 0.0 0.0
0.0 0.0 0.0
0.0 0.0 0.0
0.0 0.0 0.0
0.0 0.0 0.0
0.0 0.0 0.0
0.0 0.0 0.0
0.0 0.0 0.0
0.0 0.0 0.0
0.0 0.0 0.0
0.0 0.0 0.0
0.0 0.0 0.0
0.0 0.0 0.0
0.0 0.0 0.0
0.0 0.0 0.0
0.0 0.0 0.0
0.0 0.0 0.0
0.0 0.0 0.0
0.0 0.0 0.0
0.0 0.0 0.0
0.0 0.0 0.0
0.0 0.0 0.0
0.0 0.0 0.0
0.0 0.0 0.0
0.0 0.0 0.0
0.0 0.0 0.0
0.0 0.0 0.0
0.0 0.0 0.0
0.0 0.0 0.0
0.0 0.0 0.0
0.0 0.0 0.0
0.0 0.0 0.0
0.0 0.0 0.0
0.0 0.0 0.0
0.0 0.0 0.0
0.0 0.0 0.0
0.0 0.0 0.0
0.0 0.0 0.0
0.0 0.0 0.0
0.0 0.0 0.0
0.0 0.0 0.0
0.0 0.0 0.0
0.0 0.0 0.0
0.0 0.0 0.0
0.0 0.0 0.0
0.0 0.0 0.0
0.0 0.0 0.0
0.0 0.0 0.0
0.0 0.0 0.0
0.0 0.0 0.0
0.0 0.0 0.0
0.0 0.0 0.0
0.0 0.0 0.0
0.0 0.0 0.0
0.0 0.0 0.0
0.0 0.0 0.0
0.0 0.0 0.0
0.0 0.0 0.0
0.0 0.0 0.0
0.0 0.0 0.0
0.0 0.0 0.0
0.0 0.0 0.0
0.0 0.0 0.0
0.0 0.0 0.0
0.0 0.0 0.0
0.0 0.0 0.0
0.0 0.0 0.0
0.0 0.0 0.0
0.0 0.0 0.0
0.0 0.0 0.0
0.0 0.0 0.0
0.0 0.0 0.0
0.0 0.0 0.0
0.0 0.0 0.0
0.0 0.0 0.0
0.0 0.0 0.0
0.0 0.0 0.0
0.0 0.0 0.0
0.0 0.0 0.0
0.0 0.0 0.0
0.0 0.0 0.0
0.0 0.0 0.0
0.0 0.0 0.0
0.0 0.0 0.0
0.0 0.0 0.0
0.0 0.0 0.0
0.0 0.0 0.0
0.0 0.0 0.0
0.0 0.0 0.0
0.0 0.0 0.0
0.0 0.0 0.0
0.0 0.0 0.0
0.0 0.0 0.0
0.0 0.0 0.0
0.0 0.0 0.0
0.0 0.0 0.0
0.0 0.0 0.0
0.0 0.0 0.0
0.0 0.0 0.0
0.0 0.0 0.0
0.0 0.0 0.0
0.0 0.0 0.0
0.0 0.0 0.0
0.0 0.0 0.0
0.0 0.0 0.0
0.0 0.0 0.0
0.0 0.0 0.0
0.0 0.0 0.0
0.0 0.0 0.0
0.0 0.0 0.0
0.0 0.0 0.0
0.0 0.0 0.0
0.0 0.0 0.0
0.0 0.0 0.0
0.0 0.0 0.0
0.0 0.0 0.0
0.0 0.0 0.0
0.0 0.0 0.0
0.0 0.0 0.0
0.0 0.0 0.0
0.0 0.0 0.0
0.0 0.0 0.0
0.0 0.0 0.0
0.0 0.0 0.0
0.0 0.0 0.0
0.0 0.0 0.0
0.0 0.0 0.0
0.0 0.0 0.0
0.0 0.0 0.0
0.0 0.0 0.0
0.0 0.0 0.0
0.0 0.0 0.0
0.0 0.0 0.0
0.0 0.0 0.0
0.0 0.0 0.0
0.0 0.0 0.0
0.0 0.0 0.0
0.0 0.0 0.0
0.0 0.0 0.0
0.0 0.0 0.0
0.0 0.0 0.0
0.0 0.0 0.0
0.0 0.0 0.0
0.0 0.0 0.0
0.0 0.0 0.0
0.0 0.0 0.0
0.0 0.0 0.0
0.0 0.0 0.0
0.0 0.0 0.0
0.0 0.0 0.0
0.0 0.0 0.0
0.0 0.0 0.0
0.0 0.0 0.0
0.0 0.0 0.0
0.0 0.0 0.0
0.0 0.0 0.0
0.0 0.0 0.0
0.0 0.0 0.0
0.0 0.0 0.0
0.0 0.0 0.0
0.0 0.0 0.0
0.0 0.0 0.0
0.0 0.0 0.0
0.0 0.0 0.0
0.0 0.0 0.0
0.0 0.0 0.0
0.0 0.0 0.0
0.0 0.0 0.0
0.0 0.0 0.0
0.0 0.0 0.0
0.0 0.0 0.0
0.0 0.0 0.0
0.0 0.0 0.0
0.0 0.0 0.0
0.0 0.0 0.0
0.0 0.0 0.0
0.0 0.0 0.0
0.0 0.0 0.0
0.0 0.0 0.0
0.0 0.0 0.0
0.0 0.0 0.0
0.0 0.0 0.0
-12.4111328125 23.694602966308594 -3.6204569339752197
0.0 0.0 0.0
0.0 0.0 0.0
0.0 0.0 0.0
0.0 0.0 0.0
-10.928369522094727 22.75556755065918 -3.7683918476104736
-10.68368911743164 22.655441284179688 -3.8078126907348633
0.0 0.0 0.0
0.0 0.0 0.0
0.0 0.0 0.0
0.0 0.0 0.0
-9.37818431854248 21.834413528442383 -3.929438591003418
0.0 0.0 0.0
-8.832749366760254 21.38214111328125 -3.9457337856292725
0.0 0.0 0.0
0.0 0.0 0.0
0.0 0.0 0.0
0.0 0.0 0.0
0.0 0.0 0.0
-7.502220630645752 20.558561325073242 -4.058624267578125
-7.29404354095459 20.427650451660156 -4.075129508972168
0.0 0.0 0.0
-6.907323837280273 20.23790168762207 -4.119332790374756
-6.74260950088501 20.214914321899414 -4.154427528381348
-6.5666632652282715 20.154130935668945 -4.181649684906006
-6.35818338394165 19.986045837402344 -4.186079025268555
-6.175209999084473 19.88976287841797 -4.202456474304199
-5.967006683349609 19.711929321289062 -4.2018280029296875
-5.833433628082275 19.766523361206055 -4.249958515167236
-5.652857780456543 19.658397674560547 -4.26309871673584
-5.457942008972168 19.490324020385742 -4.260181903839111
-5.2739644050598145 19.350088119506836 -4.2625732421875
-5.12697172164917 19.349088668823242 -4.2961039543151855
-4.952212810516357 19.22815704345703 -4.302323341369629
-4.82465124130249 19.287694931030273 -4.346682071685791
-4.661532878875732 19.20189666748047 -4.357433795928955
-4.522423267364502 19.211318969726562 -4.38984489440918
-4.324225902557373 18.971105575561523 -4.365529537200928
-4.161698818206787 18.8631591796875 -4.368882656097412
-4.003499507904053 18.765405654907227 -4.3728346824646
-3.846101760864258 18.662677764892578 -4.375500202178955
-3.7103757858276367 18.659500122070312 -4.401514530181885
-3.5719311237335205 18.652164459228516 -4.425844192504883
-3.418121337890625 18.546794891357422 -4.424042224884033
-3.281872272491455 18.53008270263672 -4.443409442901611
-3.1453821659088135 18.508609771728516 -4.461764812469482
-3.0051352977752686 18.460012435913086 -4.4730329513549805
-2.855436086654663 18.358837127685547 -4.468526840209961
-2.7162904739379883 18.301349639892578 -4.474320411682129
-2.587113618850708 18.30672264099121 -4.495616436004639
-2.442340850830078 18.194576263427734 -4.488128662109375
-2.304123640060425 18.119911193847656 -4.485873699188232
-2.196014165878296 18.285236358642578 -4.543257713317871
-2.0431292057037354 18.092065811157227 -4.512020587921143
-1.9143459796905518 18.07853889465332 -4.525322437286377
-1.7838776111602783 18.046098709106445 -4.5304274559021
-1.6595582962036133 18.07327651977539 -4.549917697906494
-1.533984899520874 18.088253021240234 -4.5665764808654785
-1.4017765522003174 18.045801162719727 -4.569149494171143
-1.2788050174713135 18.09371566772461 -4.591439723968506
-1.1472703218460083 18.012651443481445 -4.579660892486572
-1.0163673162460327 17.92310333251953 -4.565866470336914
-0.8931018114089966 17.957382202148438 -4.583797454833984
-0.7628018856048584 17.88935089111328 -4.573511600494385
-0.6386201977729797 17.90030860900879 -4.581230640411377
-0.5149535536766052 17.936880111694336 -4.5957441329956055
-0.39085620641708374 17.96880531311035 -4.6093034744262695
-0.26673853397369385 18.03433609008789 -4.629974365234375
-0.13835853338241577 17.929492950439453 -4.604109287261963
-0.013583370484411716 17.88428497314453 -4.593755722045898
0.11111880838871002 17.929012298583984 -4.606725215911865
0.23607872426509857 17.95421600341797 -4.613809108734131
0.36061522364616394 17.937849044799805 -4.60665225982666
0.48657315969467163 17.98113441467285 -4.61503267288208
0.6145930886268616 18.00078773498535 -4.617517948150635
0.7430453896522522 18.0764102935791 -4.63422966003418
0.867860734462738 18.050121307373047 -4.620591640472412
0.9903424978256226 17.988954544067383 -4.598285675048828
1.1218576431274414 18.08562469482422 -4.616532802581787
1.2538738250732422 18.135910034179688 -4.622998237609863
1.3767952919006348 18.084447860717773 -4.599606990814209
1.5091193914413452 18.152971267700195 -4.606629371643066
1.6443727016448975 18.243186950683594 -4.61929178237915
1.7737617492675781 18.256999969482422 -4.612754821777344
1.9040271043777466 18.255475997924805 -4.598869323730469
2.0418386459350586 18.340076446533203 -4.605984687805176
2.1697804927825928 18.329547882080078 -4.589361667633057
2.3174922466278076 18.47612762451172 -4.612179279327393
2.4412126541137695 18.422889709472656 -4.582708358764648
2.5901222229003906 18.538036346435547 -4.593240737915039
2.733640670776367 18.618486404418945 -4.595486164093018
2.8794267177581787 18.70537757873535 -4.599380970001221
3.0182912349700928 18.73906135559082 -4.588535308837891
3.1610374450683594 18.79097557067871 -4.5798726081848145
3.292701482772827 18.77447509765625 -4.55470609664917
3.4497151374816895 18.883831024169922 -4.559802055358887
3.613394260406494 19.02980613708496 -4.573088645935059
3.754303455352783 19.048263549804688 -4.552859783172607
3.89640212059021 19.06939125061035 -4.533392906188965
4.075998783111572 19.264440536499023 -4.555168151855469
4.2463202476501465 19.39069366455078 -4.5598320960998535
4.379400730133057 19.353273391723633 -4.523024082183838
4.560687065124512 19.522642135620117 -4.534512042999268
4.703490257263184 19.520057678222656 -4.505975723266602
4.8676042556762695 19.60150146484375 -4.496875762939453
5.077457427978516 19.844263076782227 -4.521143913269043
5.215651988983154 19.80904197692871 -4.481893539428711
5.408602714538574 19.97541618347168 -4.488152027130127
5.611164093017578 20.16592788696289 -4.499439239501953
5.773690223693848 20.20444679260254 -4.474728107452393
0.0 0.0 0.0
6.133518695831299 20.376224517822266 -4.443223476409912
6.338561058044434 20.538761138916016 -4.444108009338379
6.548486232757568 20.707061767578125 -4.444530487060547
6.7278571128845215 20.771883010864258 -4.420953273773193
6.951992034912109 20.96604347229004 -4.4244818687438965
7.1522932052612305 21.07036781311035 -4.407918453216553
7.356756210327148 21.188316345214844 -4.393832206726074
7.606186389923096 21.42394256591797 -4.401424884796143
7.767683506011963 21.404781341552734 -4.3563103675842285
8.010652542114258 21.603857040405273 -4.355313301086426
8.270275115966797 21.82863998413086 -4.357746124267578
8.485511779785156 21.933818817138672 -4.334299087524414
8.719719886779785 22.07990264892578 -4.3184003829956055
9.009408950805664 22.355819702148438 -4.327096939086914
9.20542049407959 22.390567779541016 -4.288476467132568
9.461114883422852 22.55810546875 -4.271871089935303
9.753167152404785 22.80915641784668 -4.270994663238525
10.053991317749023 23.0678768157959 -4.270390510559082
10.352506637573242 23.30960464477539 -4.2655863761901855
10.601028442382812 23.429277420043945 -4.235686779022217
10.851859092712402 23.538312911987305 -4.2021026611328125
11.113182067871094 23.670625686645508 -4.172997951507568
11.531822204589844 24.124162673950195 -4.199072360992432
11.84516429901123 24.344858169555664 -4.1809468269348145
12.134876251220703 24.50701332092285 -4.151543617248535
12.351094245910645 24.514442443847656 -4.095337867736816
12.847908020019531 25.058528900146484 -4.126289367675781
0.0 0.0 0.0
0.0 0.0 0.0
13.922721862792969 25.810237884521484 -4.058722019195557
14.226173400878906 25.93937110900879 -4.014227390289307
0.0 0.0 0.0
15.158199310302734 26.74396324157715 -3.9986860752105713
15.37398624420166 26.691139221191406 -3.9210472106933594
15.963079452514648 27.27589988708496 -3.934288263320923
16.362293243408203 27.516931533813477 -3.8931238651275635
0.0 0.0 0.0
0.0 0.0 0.0
0.0 0.0 0.0
0.0 0.0 0.0
18.972755432128906 29.513050079345703 -3.7492246627807617
0.0 0.0 0.0
0.0 0.0 0.0
0.0 0.0 0.0
0.0 0.0 0.0
0.0 0.0 0.0
0.0 0.0 0.0
0.0 0.0 0.0
0.0 0.0 0.0
0.0 0.0 0.0
0.0 0.0 0.0
0.0 0.0 0.0
0.0 0.0 0.0
0.0 0.0 0.0
0.0 0.0 0.0
0.0 0.0 0.0
0.0 0.0 0.0
0.0 0.0 0.0
0.0 0.0 0.0
0.0 0.0 0.0
0.0 0.0 0.0
0.0 0.0 0.0
0.0 0.0 0.0
0.0 0.0 0.0
0.0 0.0 0.0
0.0 0.0 0.0
0.0 0.0 0.0
0.0 0.0 0.0
0.0 0.0 0.0
0.0 0.0 0.0
0.0 0.0 0.0
0.0 0.0 0.0
0.0 0.0 0.0
0.0 0.0 0.0
0.0 0.0 0.0
0.0 0.0 0.0
0.0 0.0 0.0
0.0 0.0 0.0
0.0 0.0 0.0
0.0 0.0 0.0
0.0 0.0 0.0
0.0 0.0 0.0
0.0 0.0 0.0
0.0 0.0 0.0
0.0 0.0 0.0
0.0 0.0 0.0
0.0 0.0 0.0
0.0 0.0 0.0
0.0 0.0 0.0
0.0 0.0 0.0
0.0 0.0 0.0
0.0 0.0 0.0
0.0 0.0 0.0
0.0 0.0 0.0
0.0 0.0 0.0
0.0 0.0 0.0
0.0 0.0 0.0
0.0 0.0 0.0
0.0 0.0 0.0
0.0 0.0 0.0
0.0 0.0 0.0
0.0 0.0 0.0
0.0 0.0 0.0
0.0 0.0 0.0
0.0 0.0 0.0
0.0 0.0 0.0
0.0 0.0 0.0
0.0 0.0 0.0
0.0 0.0 0.0
0.0 0.0 0.0
0.0 0.0 0.0
0.0 0.0 0.0
0.0 0.0 0.0
0.0 0.0 0.0
0.0 0.0 0.0
0.0 0.0 0.0
0.0 0.0 0.0
0.0 0.0 0.0
0.0 0.0 0.0
0.0 0.0 0.0
0.0 0.0 0.0
0.0 0.0 0.0
0.0 0.0 0.0
0.0 0.0 0.0
0.0 0.0 0.0
0.0 0.0 0.0
0.0 0.0 0.0
0.0 0.0 0.0
0.0 0.0 0.0
0.0 0.0 0.0
0.0 0.0 0.0
0.0 0.0 0.0
0.0 0.0 0.0
0.0 0.0 0.0
0.0 0.0 0.0
0.0 0.0 0.0
0.0 0.0 0.0
0.0 0.0 0.0
0.0 0.0 0.0
0.0 0.0 0.0
0.0 0.0 0.0
0.0 0.0 0.0
0.0 0.0 0.0
0.0 0.0 0.0
0.0 0.0 0.0
0.0 0.0 0.0
0.0 0.0 0.0
0.0 0.0 0.0
0.0 0.0 0.0
0.0 0.0 0.0
0.0 0.0 0.0
0.0 0.0 0.0
0.0 0.0 0.0
0.0 0.0 0.0
0.0 0.0 0.0
0.0 0.0 0.0
0.0 0.0 0.0
0.0 0.0 0.0
0.0 0.0 0.0
0.0 0.0 0.0
0.0 0.0 0.0
0.0 0.0 0.0
0.0 0.0 0.0
0.0 0.0 0.0
0.0 0.0 0.0
0.0 0.0 0.0
0.0 0.0 0.0
0.0 0.0 0.0
0.0 0.0 0.0
0.0 0.0 0.0
0.0 0.0 0.0
0.0 0.0 0.0
0.0 0.0 0.0
0.0 0.0 0.0
0.0 0.0 0.0
0.0 0.0 0.0
0.0 0.0 0.0
0.0 0.0 0.0
0.0 0.0 0.0
0.0 0.0 0.0
0.0 0.0 0.0
0.0 0.0 0.0
0.0 0.0 0.0
0.0 0.0 0.0
0.0 0.0 0.0
0.0 0.0 0.0
0.0 0.0 0.0
0.0 0.0 0.0
0.0 0.0 0.0
0.0 0.0 0.0
0.0 0.0 0.0
0.0 0.0 0.0
0.0 0.0 0.0
0.0 0.0 0.0
0.0 0.0 0.0
0.0 0.0 0.0
0.0 0.0 0.0
0.0 0.0 0.0
0.0 0.0 0.0
0.0 0.0 0.0
0.0 0.0 0.0
0.0 0.0 0.0
0.0 0.0 0.0
0.0 0.0 0.0
0.0 0.0 0.0
0.0 0.0 0.0
0.0 0.0 0.0
0.0 0.0 0.0
0.0 0.0 0.0
0.0 0.0 0.0
0.0 0.0 0.0
0.0 0.0 0.0
0.0 0.0 0.0
0.0 0.0 0.0
0.0 0.0 0.0
0.0 0.0 0.0
0.0 0.0 0.0
0.0 0.0 0.0
0.0 0.0 0.0
0.0 0.0 0.0
0.0 0.0 0.0
0.0 0.0 0.0
0.0 0.0 0.0
0.0 0.0 0.0
0.0 0.0 0.0
0.0 0.0 0.0
0.0 0.0 0.0
0.0 0.0 0.0
0.0 0.0 0.0
0.0 0.0 0.0
0.0 0.0 0.0
0.0 0.0 0.0
0.0 0.0 0.0
0.0 0.0 0.0
0.0 0.0 0.0
0.0 0.0 0.0
0.0 0.0 0.0
0.0 0.0 0.0
0.0 0.0 0.0
0.0 0.0 0.0
0.0 0.0 0.0
0.0 0.0 0.0
0.0 0.0 0.0
0.0 0.0 0.0
0.0 0.0 0.0
0.0 0.0 0.0
0.0 0.0 0.0
0.0 0.0 0.0
0.0 0.0 0.0
0.0 0.0 0.0
0.0 0.0 0.0
0.0 0.0 0.0
-11.98079776763916 23.461050033569336 -3.642421007156372
0.0 0.0 0.0
0.0 0.0 0.0
-10.880457878112793 22.459287643432617 -3.6576602458953857
0.0 0.0 0.0
-10.527083396911621 22.524507522583008 -3.7777018547058105
0.0 0.0 0.0
0.0 0.0 0.0
-9.82122802734375 22.2192440032959 -3.8840134143829346
0.0 0.0 0.0
0.0 0.0 0.0
0.0 0.0 0.0
-8.845441818237305 21.628324508666992 -3.9764130115509033
-8.610608100891113 21.480276107788086 -3.9963724613189697
0.0 0.0 0.0
0.0 0.0 0.0
0.0 0.0 0.0
0.0 0.0 0.0
-7.463050365447998 20.681180953979492 -4.066123008728027
0.0 0.0 0.0
-7.058228969573975 20.446338653564453 -4.100780010223389
-6.80974006652832 20.180910110473633 -4.087291717529297
-6.677017688751221 20.25978660583496 -4.143887042999268
0.0 0.0 0.0
-6.301719665527344 20.055923461914062 -4.176987648010254
-6.122343063354492 19.969982147216797 -4.196002006530762
-5.944472789764404 19.882535934448242 -4.214463233947754
-5.764907360076904 19.782873153686523 -4.2286577224731445
-5.582734107971191 19.67514419555664 -4.239905834197998
-5.423035621643066 19.631711959838867 -4.264289379119873
-5.250467777252197 19.535295486450195 -4.276998996734619
-5.060160160064697 19.363746643066406 -4.2719926834106445
-4.907641887664795 19.327917098999023 -4.294522285461426
-4.732424259185791 19.206098556518555 -4.298372745513916
-4.581112384796143 19.164047241210938 -4.319401264190674
-4.420291900634766 19.0762996673584 -4.329696178436279
-4.274082660675049 19.047468185424805 -4.35042142868042
-4.12606143951416 19.00634002685547 -4.368388652801514
-3.956886053085327 18.8712215423584 -4.365142345428467
-3.808072805404663 18.812774658203125 -4.379017353057861
-3.6728875637054443 18.817398071289062 -4.404316425323486
-3.513228178024292 18.690176010131836 -4.3984808921813965
-3.3798933029174805 18.696483612060547 -4.424086093902588
-3.218287467956543 18.552209854125977 -4.414486885070801
-3.088134765625 18.568288803100586 -4.4397735595703125
-2.9478366374969482 18.519838333129883 -4.448732852935791
-2.808227777481079 18.470359802246094 -4.45754337310791
-2.6744914054870605 18.45366668701172 -4.4743571281433105
-2.515770196914673 18.25216293334961 -4.444140911102295
-2.394162893295288 18.328649520874023 -4.480079174041748
-2.2650411128997803 18.332508087158203 -4.498236179351807
-2.133211374282837 18.31283950805664 -4.51082181930542
-1.9958304166793823 18.23600196838379 -4.507837295532227
-1.861116886138916 18.17391586303711 -4.505790710449219
-1.725250482559204 18.11099624633789 -4.503878116607666
-1.6022735834121704 18.156469345092773 -4.528876781463623
-1.470687747001648 18.103057861328125 -4.528573989868164
-1.3450695276260376 18.11758804321289 -4.54180383682251
-1.220845103263855 18.15391731262207 -4.560739040374756
-1.092108964920044 18.159212112426758 -4.572295665740967
-0.9621930718421936 18.0992431640625 -4.567300319671631
-0.8367182612419128 18.11511993408203 -4.577028751373291
-0.7104753255844116 18.1149845123291 -4.5829362869262695
-0.5821992754936218 18.04962730407715 -4.572540283203125
-0.455445796251297 18.089384078979492 -4.589093208312988
-0.32923993468284607 18.076231002807617 -4.588179111480713
-0.2035505771636963 18.077491760253906 -4.590510845184326
-0.07772914320230484 18.047588348388672 -4.585146903991699
0.04799827188253403 18.092533111572266 -4.599024295806885
0.17365652322769165 18.076807022094727 -4.594433307647705
0.301465779542923 18.06809425354004 -4.590383052825928
0.42639490962028503 18.035812377929688 -4.580604553222656
0.5549428462982178 18.135120391845703 -4.604462623596191
0.6831281185150146 18.1849422454834 -4.61337423324585
0.8064172863960266 18.10955238342285 -4.588530540466309
0.938338577747345 18.176950454711914 -4.5999932289123535
1.068245768547058 18.228368759155273 -4.607690334320068
1.1909403800964355 18.158323287963867 -4.58319091796875
1.3265864849090576 18.280818939208984 -4.604644775390625
1.45270836353302 18.258792877197266 -4.589850902557373
1.584774374961853 18.281044006347656 -4.586243629455566
1.7189273834228516 18.344240188598633 -4.592273235321045
1.8482338190078735 18.350744247436523 -4.580684661865234
1.986377239227295 18.435489654541016 -4.588757038116455
2.1193039417266846 18.462703704833984 -4.582639694213867
2.265904188156128 18.57916831970215 -4.598427772521973
2.3977468013763428 18.58277702331543 -4.58248233795166
2.538449764251709 18.64936637878418 -4.582207679748535
2.677908182144165 18.699899673461914 -4.578101634979248
2.8251047134399414 18.79444694519043 -4.584826469421387
2.9738385677337646 18.888668060302734 -4.588008403778076
3.113231658935547 18.90292739868164 -4.570827484130859
3.279707431793213 19.084993362426758 -4.594547748565674
3.4273009300231934 19.145998001098633 -4.589076995849609
3.5602736473083496 19.120389938354492 -4.560500621795654
3.707491397857666 19.1688289642334 -4.548375606536865
3.8585822582244873 19.219532012939453 -4.536448001861572
4.024573802947998 19.347692489624023 -4.543155670166016
4.200708389282227 19.51209259033203 -4.5565314292907715
4.344473838806152 19.519338607788086 -4.531127452850342
4.499782085418701 19.573759078979492 -4.516720771789551
4.667196750640869 19.66362953186035 -4.509998798370361
4.84906530380249 19.815753936767578 -4.517068386077881
4.988938331604004 19.78924560546875 -4.480813980102539
5.175492763519287 19.942747116088867 -4.485299110412598
0.0 0.0 0.0
5.537250518798828 20.16709327697754 -4.474252223968506
5.766795635223389 20.44523811340332 -4.5023040771484375
5.908163070678711 20.401823043823242 -4.4592437744140625
6.110031604766846 20.562679290771484 -4.460789203643799
6.249913215637207 20.509479522705078 -4.415797710418701
6.481853485107422 20.74375343322754 -4.429535388946533
6.671869277954102 20.8416805267334 -4.413758277893066
6.869532585144043 20.95618438720703 -4.401206970214844
7.088624954223633 21.127111434936523 -4.400087833404541
7.280710697174072 21.209327697753906 -4.378486633300781
7.5140252113342285 21.40215492248535 -4.378286838531494
7.746649742126465 21.573989868164062 -4.3724565505981445
8.005819320678711 21.81656837463379 -4.380952835083008
8.19423770904541 21.85928726196289 -4.347752094268799
8.431746482849121 22.026201248168945 -4.3376288414001465
8.655202865600586 22.147966384887695 -4.3180718421936035
8.88054084777832 22.259693145751953 -4.295390605926514
9.166050910949707 22.520084381103516 -4.300572872161865
9.388371467590332 22.614288330078125 -4.2716217041015625
9.595769882202148 22.667543411254883 -4.234662055969238
9.900479316711426 22.941734313964844 -4.2382731437683105
10.21243953704834 23.211933135986328 -4.238457202911377
10.540310859680176 23.511953353881836 -4.241865158081055
10.744938850402832 23.52800178527832 -4.193235397338867
11.034860610961914 23.72413444519043 -4.1761627197265625
0.0 0.0 0.0
0.0 0.0 0.0
11.995617866516113 24.433368682861328 -4.133450031280518
12.279135704040527 24.576139450073242 -4.100855827331543
12.673397064208984 24.930049896240234 -4.101614475250244
12.959451675415039 25.06031036376953 -4.062777042388916
0.0 0.0 0.0
0.0 0.0 0.0
0.0 0.0 0.0
0.0 0.0 0.0
0.0 0.0 0.0
15.264677047729492 26.720582962036133 -3.9311258792877197
15.707331657409668 27.05076026916504 -3.9068243503570557
16.208364486694336 27.470905303955078 -3.8930630683898926
0.0 0.0 0.0
0.0 0.0 0.0
0.0 0.0 0.0
0.0 0.0 0.0
0.0 0.0 0.0
0.0 0.0 0.0
0.0 0.0 0.0
20.465747833251953 30.648263931274414 -3.6263909339904785
0.0 0.0 0.0
0.0 0.0 0.0
0.0 0.0 0.0
0.0 0.0 0.0
0.0 0.0 0.0
0.0 0.0 0.0
0.0 0.0 0.0
0.0 0.0 0.0
0.0 0.0 0.0
0.0 0.0 0.0
0.0 0.0 0.0
0.0 0.0 0.0
0.0 0.0 0.0
0.0 0.0 0.0
0.0 0.0 0.0
0.0 0.0 0.0
0.0 0.0 0.0
0.0 0.0 0.0
0.0 0.0 0.0
0.0 0.0 0.0
0.0 0.0 0.0
0.0 0.0 0.0
0.0 0.0 0.0
0.0 0.0 0.0
0.0 0.0 0.0
0.0 0.0 0.0
0.0 0.0 0.0
0.0 0.0 0.0
0.0 0.0 0.0
0.0 0.0 0.0
0.0 0.0 0.0
0.0 0.0 0.0
0.0 0.0 0.0
0.0 0.0 0.0
0.0 0.0 0.0
0.0 0.0 0.0
0.0 0.0 0.0
0.0 0.0 0.0
0.0 0.0 0.0
0.0 0.0 0.0
0.0 0.0 0.0
0.0 0.0 0.0
0.0 0.0 0.0
0.0 0.0 0.0
0.0 0.0 0.0
0.0 0.0 0.0
0.0 0.0 0.0
0.0 0.0 0.0
0.0 0.0 0.0
0.0 0.0 0.0
0.0 0.0 0.0
0.0 0.0 0.0
0.0 0.0 0.0
0.0 0.0 0.0
0.0 0.0 0.0
0.0 0.0 0.0
0.0 0.0 0.0
0.0 0.0 0.0
0.0 0.0 0.0
0.0 0.0 0.0
0.0 0.0 0.0
0.0 0.0 0.0
0.0 0.0 0.0
0.0 0.0 0.0
0.0 0.0 0.0
0.0 0.0 0.0
0.0 0.0 0.0
0.0 0.0 0.0
0.0 0.0 0.0
0.0 0.0 0.0
0.0 0.0 0.0
0.0 0.0 0.0
0.0 0.0 0.0
0.0 0.0 0.0
0.0 0.0 0.0
0.0 0.0 0.0
0.0 0.0 0.0
0.0 0.0 0.0
0.0 0.0 0.0
0.0 0.0 0.0
0.0 0.0 0.0
0.0 0.0 0.0
0.0 0.0 0.0
0.0 0.0 0.0
0.0 0.0 0.0
0.0 0.0 0.0
0.0 0.0 0.0
0.0 0.0 0.0
0.0 0.0 0.0
0.0 0.0 0.0
0.0 0.0 0.0
0.0 0.0 0.0
0.0 0.0 0.0
0.0 0.0 0.0
0.0 0.0 0.0
0.0 0.0 0.0
0.0 0.0 0.0
0.0 0.0 0.0
0.0 0.0 0.0
0.0 0.0 0.0
0.0 0.0 0.0
0.0 0.0 0.0
0.0 0.0 0.0
0.0 0.0 0.0
0.0 0.0 0.0
0.0 0.0 0.0
0.0 0.0 0.0
0.0 0.0 0.0
0.0 0.0 0.0
0.0 0.0 0.0
0.0 0.0 0.0
0.0 0.0 0.0
0.0 0.0 0.0
0.0 0.0 0.0
0.0 0.0 0.0
0.0 0.0 0.0
0.0 0.0 0.0
0.0 0.0 0.0
0.0 0.0 0.0
0.0 0.0 0.0
0.0 0.0 0.0
0.0 0.0 0.0
0.0 0.0 0.0
0.0 0.0 0.0
0.0 0.0 0.0
0.0 0.0 0.0
0.0 0.0 0.0
0.0 0.0 0.0
0.0 0.0 0.0
0.0 0.0 0.0
0.0 0.0 0.0
0.0 0.0 0.0
0.0 0.0 0.0
0.0 0.0 0.0
0.0 0.0 0.0
0.0 0.0 0.0
0.0 0.0 0.0
0.0 0.0 0.0
0.0 0.0 0.0
0.0 0.0 0.0
0.0 0.0 0.0
0.0 0.0 0.0
0.0 0.0 0.0
0.0 0.0 0.0
0.0 0.0 0.0
0.0 0.0 0.0
0.0 0.0 0.0
0.0 0.0 0.0
0.0 0.0 0.0
0.0 0.0 0.0
0.0 0.0 0.0
0.0 0.0 0.0
0.0 0.0 0.0
0.0 0.0 0.0
0.0 0.0 0.0
0.0 0.0 0.0
0.0 0.0 0.0
0.0 0.0 0.0
0.0 0.0 0.0
0.0 0.0 0.0
0.0 0.0 0.0
0.0 0.0 0.0
0.0 0.0 0.0
0.0 0.0 0.0
0.0 0.0 0.0
0.0 0.0 0.0
0.0 0.0 0.0
0.0 0.0 0.0
0.0 0.0 0.0
0.0 0.0 0.0
0.0 0.0 0.0
0.0 0.0 0.0
0.0 0.0 0.0
0.0 0.0 0.0
0.0 0.0 0.0
0.0 0.0 0.0
0.0 0.0 0.0
0.0 0.0 0.0
0.0 0.0 0.0
0.0 0.0 0.0
0.0 0.0 0.0
0.0 0.0 0.0
0.0 0.0 0.0
0.0 0.0 0.0
0.0 0.0 0.0
0.0 0.0 0.0
0.0 0.0 0.0
0.0 0.0 0.0
0.0 0.0 0.0
0.0 0.0 0.0
-20.52588653564453 29.465909957885742 -2.8026347160339355
0.0 0.0 0.0
0.0 0.0 0.0
0.0 0.0 0.0
0.0 0.0 0.0
0.0 0.0 0.0
0.0 0.0 0.0
0.0 0.0 0.0
-16.157848358154297 26.21079444885254 -3.202500104904175
0.0 0.0 0.0
0.0 0.0 0.0
0.0 0.0 0.0
0.0 0.0 0.0
0.0 0.0 0.0
0.0 0.0 0.0
0.0 0.0 0.0
0.0 0.0 0.0
-12.720614433288574 23.870553970336914 -3.5264816284179688
0.0 0.0 0.0
0.0 0.0 0.0
-11.90416145324707 23.515605926513672 -3.6559624671936035
0.0 0.0 0.0
0.0 0.0 0.0
-10.983418464660645 22.87213897705078 -3.7244834899902344
0.0 0.0 0.0
0.0 0.0 0.0
-10.22920036315918 22.501615524291992 -3.82450008392334
0.0 0.0 0.0
0.0 0.0 0.0
0.0 0.0 0.0
-9.174369812011719 21.776119232177734 -3.898286819458008
0.0 0.0 0.0
0.0 0.0 0.0
0.0 0.0 0.0
0.0 0.0 0.0
0.0 0.0 0.0
-7.809574604034424 20.948387145996094 -4.017433166503906
-7.60080099105835 20.8311767578125 -4.037227630615234
0.0 0.0 0.0
0.0 0.0 0.0
-7.007594585418701 20.53502655029297 -4.101510524749756
-6.797240734100342 20.381834030151367 -4.110227584838867
-6.588376522064209 20.223445892333984 -4.115475654602051
-6.4111223220825195 20.1545467376709 -4.138585090637207
-6.28839635848999 20.256206512451172 -4.196891784667969
-6.020148277282715 19.88835906982422 -4.157726764678955
-5.872848033905029 19.8997859954834 -4.1941752433776855
-5.709944248199463 19.854860305786133 -4.21875
-5.488986968994141 19.598665237426758 -4.198054313659668
-5.359559535980225 19.66149139404297 -4.245429992675781
-5.175021171569824 19.52861976623535 -4.248392581939697
-5.044792175292969 19.586139678955078 -4.291977405548096
-4.849884510040283 19.387054443359375 -4.279264450073242
-4.70590877532959 19.382953643798828 -4.309362888336182
-4.54374361038208 19.300264358520508 -4.319575786590576
-4.376312255859375 19.198301315307617 -4.3249335289001465
-4.226123809814453 19.1541690826416 -4.342758655548096
-4.069602966308594 19.0753173828125 -4.352684020996094
-3.9138529300689697 18.991880416870117 -4.359575271606445
-3.7515110969543457 18.866453170776367 -4.3550286293029785
-3.616830348968506 18.88594627380371 -4.384376525878906
-3.463590621948242 18.791810989379883 -4.387004375457764
-3.319887399673462 18.74172592163086 -4.398683547973633
-3.1826741695404053 18.724889755249023 -4.415773391723633
-3.0348517894744873 18.639469146728516 -4.41675329208374
-2.8983230590820312 18.632091522216797 -4.436686038970947
-2.743213653564453 18.480682373046875 -4.421445369720459
-2.6094858646392822 18.464326858520508 -4.435110092163086
-2.4917867183685303 18.56373405456543 -4.4768524169921875
-2.339764356613159 18.402334213256836 -4.4558329582214355
-2.207775354385376 18.38683319091797 -4.470163822174072
-2.072727680206299 18.360145568847656 -4.478199481964111
-1.9428788423538208 18.355026245117188 -4.4910783767700195
-1.8074694871902466 18.29234504699707 -4.490039825439453
-1.6762841939926147 18.262683868408203 -4.4972243309021
-1.5490068197250366 18.270641326904297 -4.510526657104492
-1.4127434492111206 18.191129684448242 -4.501403331756592
-1.2898262739181519 18.250476837158203 -4.526656627655029
-1.1586799621582031 18.19167137145996 -4.522818088531494
-1.031184196472168 18.181730270385742 -4.528807163238525
-0.9062848687171936 18.220577239990234 -4.545166969299316
-0.7750774621963501 18.175317764282227 -4.540883541107178
-0.6482914090156555 18.170732498168945 -4.546840190887451
-0.5206640362739563 18.131589889526367 -4.5425896644592285
-0.3953484892845154 18.175579071044922 -4.556491374969482
-0.2687376141548157 18.161869049072266 -4.556148529052734
-0.1401466429233551 18.154855728149414 -4.557764053344727
-0.01379342470318079 18.154752731323242 -4.560302734375
0.11259222030639648 18.16224479675293 -4.561181545257568
0.24039390683174133 18.278717041015625 -4.589646339416504
0.36599281430244446 18.19731330871582 -4.568644046783447
0.49436888098716736 18.25898551940918 -4.58371114730835
0.6257495880126953 18.32080841064453 -4.594274520874023
0.7485666871070862 18.203805923461914 -4.560311794281006
0.8785721659660339 18.27145004272461 -4.572843074798584
1.0103875398635864 18.353309631347656 -4.589115619659424
1.1386306285858154 18.355674743652344 -4.581883907318115
1.2631237506866455 18.270221710205078 -4.552105903625488
1.3975751399993896 18.357927322387695 -4.565828323364258
1.5295394659042358 18.39931297302246 -4.5681891441345215
1.6620888710021973 18.44045066833496 -4.567716598510742
1.804200530052185 18.571605682373047 -4.58808708190918
1.9358536005020142 18.561920166015625 -4.573597431182861
2.067800760269165 18.5741024017334 -4.564906120300293
2.2116379737854004 18.683801651000977 -4.578302383422852
2.344066858291626 18.687471389770508 -4.563523292541504
2.4786479473114014 18.705249786376953 -4.552374362945557
2.6378681659698486 18.879812240600586 -4.579169273376465
2.760031223297119 18.798023223876953 -4.543003082275391
2.9093902111053467 18.9001522064209 -4.548392295837402
3.0453364849090576 18.907304763793945 -4.5309858322143555
3.2267932891845703 19.183462142944336 -4.577970027923584
3.3472368717193604 19.08729362487793 -4.535914421081543
3.497943162918091 19.147947311401367 -4.527229309082031
3.6486763954162598 19.215255737304688 -4.520555019378662
3.8136284351348877 19.348663330078125 -4.529397010803223
3.956369638442993 19.36133575439453 -4.509958744049072
4.123216152191162 19.485403060913086 -4.513439655303955
4.282955646514893 19.555740356445312 -4.5033793449401855
4.4590888023376465 19.703325271606445 -4.511447429656982
4.617687702178955 19.764026641845703 -4.499481201171875
4.770143508911133 19.794275283813477 -4.478525638580322
4.951959133148193 19.938386917114258 -4.481954097747803
5.118548393249512 20.002838134765625 -4.466822624206543
5.274029731750488 20.02952766418457 -4.443789482116699
5.4362359046936035 20.077369689941406 -4.424178123474121
5.6722211837768555 20.38571548461914 -4.459730625152588
5.831014633178711 20.405115127563477 -4.431640148162842
6.035712242126465 20.569543838500977 -4.434361934661865
6.223001480102539 20.674240112304688 -4.423832416534424
6.4402923583984375 20.869251251220703 -4.430020332336426
6.594804763793945 20.85419464111328 -4.391407012939453
6.833375453948975 21.096677780151367 -4.40669584274292
7.073111534118652 21.329744338989258 -4.419332504272461
7.230469226837158 21.298980712890625 -4.373558521270752
7.439296245574951 21.423507690429688 -4.360220432281494
7.660487651824951 21.57512092590332 -4.35195779800415
7.829160690307617 21.573177337646484 -4.312506198883057
8.091948509216309 21.82221221923828 -4.320770740509033
8.338383674621582 22.0068416595459 -4.3143110275268555
8.546415328979492 22.08961296081543 -4.288093090057373
8.778438568115234 22.227821350097656 -4.272279739379883
9.069951057434082 22.507034301757812 -4.281338214874268
9.30727767944336 22.64115333557129 -4.261324405670166
9.603342056274414 22.899890899658203 -4.263162612915039
9.874791145324707 23.09659194946289 -4.253361701965332
0.0 0.0 0.0
10.38219165802002 23.380582809448242 -4.2076735496521
10.686713218688965 23.622615814208984 -4.20110559463501
10.909083366394043 23.66786003112793 -4.15805196762085
11.310234069824219 24.096664428710938 -4.180819988250732
11.517334938049316 24.09963607788086 -4.12745475769043
11.878548622131348 24.416887283325195 -4.1271443367004395
12.22269344329834 24.685314178466797 -4.117096424102783
0.0 0.0 0.0
12.871627807617188 25.104515075683594 -4.069058418273926
13.349418640136719 25.59620475769043 -4.088305473327637
0.0 0.0 0.0
0.0 0.0 0.0
14.271744728088379 26.02504539489746 -3.9668831825256348
0.0 0.0 0.0
0.0 0.0 0.0
0.0 0.0 0.0
15.951358795166016 27.254859924316406 -3.874340057373047
0.0 0.0 0.0
0.0 0.0 0.0
17.488283157348633 28.496694564819336 -3.8182013034820557
0.0 0.0 0.0
0.0 0.0 0.0
0.0 0.0 0.0
0.0 0.0 0.0
0.0 0.0 0.0
0.0 0.0 0.0
0.0 0.0 0.0
0.0 0.0 0.0
0.0 0.0 0.0
0.0 0.0 0.0
0.0 0.0 0.0
0.0 0.0 0.0
0.0 0.0 0.0
0.0 0.0 0.0
0.0 0.0 0.0
0.0 0.0 0.0
0.0 0.0 0.0
0.0 0.0 0.0
0.0 0.0 0.0
0.0 0.0 0.0
0.0 0.0 0.0
0.0 0.0 0.0
0.0 0.0 0.0
0.0 0.0 0.0
0.0 0.0 0.0
0.0 0.0 0.0
0.0 0.0 0.0
0.0 0.0 0.0
0.0 0.0 0.0
0.0 0.0 0.0
0.0 0.0 0.0
0.0 0.0 0.0
0.0 0.0 0.0
0.0 0.0 0.0
0.0 0.0 0.0
0.0 0.0 0.0
0.0 0.0 0.0
0.0 0.0 0.0
0.0 0.0 0.0
0.0 0.0 0.0
0.0 0.0 0.0
0.0 0.0 0.0
0.0 0.0 0.0
0.0 0.0 0.0
0.0 0.0 0.0
0.0 0.0 0.0
0.0 0.0 0.0
0.0 0.0 0.0
0.0 0.0 0.0
0.0 0.0 0.0
0.0 0.0 0.0
0.0 0.0 0.0
0.0 0.0 0.0
0.0 0.0 0.0
0.0 0.0 0.0
0.0 0.0 0.0
0.0 0.0 0.0
0.0 0.0 0.0
0.0 0.0 0.0
0.0 0.0 0.0
0.0 0.0 0.0
0.0 0.0 0.0
0.0 0.0 0.0
0.0 0.0 0.0
0.0 0.0 0.0
0.0 0.0 0.0
0.0 0.0 0.0
0.0 0.0 0.0
0.0 0.0 0.0
0.0 0.0 0.0
0.0 0.0 0.0
0.0 0.0 0.0
0.0 0.0 0.0
0.0 0.0 0.0
0.0 0.0 0.0
0.0 0.0 0.0
0.0 0.0 0.0
0.0 0.0 0.0
0.0 0.0 0.0
0.0 0.0 0.0
0.0 0.0 0.0
0.0 0.0 0.0
0.0 0.0 0.0
0.0 0.0 0.0
0.0 0.0 0.0
0.0 0.0 0.0
0.0 0.0 0.0
0.0 0.0 0.0
0.0 0.0 0.0
0.0 0.0 0.0
0.0 0.0 0.0
0.0 0.0 0.0
0.0 0.0 0.0
0.0 0.0 0.0
0.0 0.0 0.0
0.0 0.0 0.0
0.0 0.0 0.0
0.0 0.0 0.0
0.0 0.0 0.0
0.0 0.0 0.0
0.0 0.0 0.0
0.0 0.0 0.0
0.0 0.0 0.0
0.0 0.0 0.0
0.0 0.0 0.0
0.0 0.0 0.0
0.0 0.0 0.0
0.0 0.0 0.0
0.0 0.0 0.0
0.0 0.0 0.0
0.0 0.0 0.0
0.0 0.0 0.0
0.0 0.0 0.0
0.0 0.0 0.0
0.0 0.0 0.0
0.0 0.0 0.0
0.0 0.0 0.0
0.0 0.0 0.0
0.0 0.0 0.0
0.0 0.0 0.0
0.0 0.0 0.0
0.0 0.0 0.0
0.0 0.0 0.0
0.0 0.0 0.0
0.0 0.0 0.0
0.0 0.0 0.0
0.0 0.0 0.0
0.0 0.0 0.0
0.0 0.0 0.0
0.0 0.0 0.0
0.0 0.0 0.0
0.0 0.0 0.0
0.0 0.0 0.0
0.0 0.0 0.0
0.0 0.0 0.0
0.0 0.0 0.0
0.0 0.0 0.0
0.0 0.0 0.0
0.0 0.0 0.0
0.0 0.0 0.0
0.0 0.0 0.0
0.0 0.0 0.0
0.0 0.0 0.0
0.0 0.0 0.0
0.0 0.0 0.0
0.0 0.0 0.0
0.0 0.0 0.0
0.0 0.0 0.0
0.0 0.0 0.0
0.0 0.0 0.0
0.0 0.0 0.0
0.0 0.0 0.0
0.0 0.0 0.0
0.0 0.0 0.0
0.0 0.0 0.0
0.0 0.0 0.0
0.0 0.0 0.0
0.0 0.0 0.0
0.0 0.0 0.0
0.0 0.0 0.0
0.0 0.0 0.0
0.0 0.0 0.0
0.0 0.0 0.0
0.0 0.0 0.0
0.0 0.0 0.0
0.0 0.0 0.0
0.0 0.0 0.0
0.0 0.0 0.0
0.0 0.0 0.0
0.0 0.0 0.0
0.0 0.0 0.0
0.0 0.0 0.0
0.0 0.0 0.0
0.0 0.0 0.0
0.0 0.0 0.0
0.0 0.0 0.0
0.0 0.0 0.0
0.0 0.0 0.0
0.0 0.0 0.0
0.0 0.0 0.0
0.0 0.0 0.0
0.0 0.0 0.0
0.0 0.0 0.0
0.0 0.0 0.0
0.0 0.0 0.0
0.0 0.0 0.0
0.0 0.0 0.0
0.0 0.0 0.0
0.0 0.0 0.0
0.0 0.0 0.0
0.0 0.0 0.0
0.0 0.0 0.0
0.0 0.0 0.0
0.0 0.0 0.0
0.0 0.0 0.0
0.0 0.0 0.0
0.0 0.0 0.0
0.0 0.0 0.0
0.0 0.0 0.0
0.0 0.0 0.0
0.0 0.0 0.0
-17.002540588378906 26.940834045410156 -3.1393096446990967
0.0 0.0 0.0
0.0 0.0 0.0
0.0 0.0 0.0
0.0 0.0 0.0
0.0 0.0 0.0
0.0 0.0 0.0
0.0 0.0 0.0
-13.743317604064941 24.740114212036133 -3.459216833114624
0.0 0.0 0.0
-13.081387519836426 24.35066795349121 -3.5358715057373047
0.0 0.0 0.0
0.0 0.0 0.0
0.0 0.0 0.0
-11.656781196594238 23.23234748840332 -3.6096839904785156
-11.415189743041992 23.15180778503418 -3.65354323387146
-11.305218696594238 23.33684539794922 -3.7393524646759033
-10.86549186706543 22.833961486816406 -3.713878870010376
0.0 0.0 0.0
0.0 0.0 0.0
0.0 0.0 0.0
0.0 0.0 0.0
0.0 0.0 0.0
0.0 0.0 0.0
-9.087875366210938 21.780048370361328 -3.8870654106140137
0.0 0.0 0.0
-8.629057884216309 21.52703857421875 -3.934229612350464
-8.400004386901855 21.38435935974121 -3.9524359703063965
0.0 0.0 0.0
-8.015274047851562 21.26925277709961 -4.019258499145508
0.0 0.0 0.0
0.0 0.0 0.0
-7.35792350769043 20.841827392578125 -4.0619611740112305
-7.159567356109619 20.738723754882812 -4.0826334953308105
0.0 0.0 0.0
-6.744240760803223 20.463308334350586 -4.104966640472412
0.0 0.0 0.0
-6.381126880645752 20.307979583740234 -4.149074554443359
-6.183006763458252 20.168006896972656 -4.155943870544434
-5.983070373535156 20.01171875 -4.158224582672119
-5.827418327331543 19.997093200683594 -4.189738750457764
-5.628969669342041 19.838172912597656 -4.191432476043701
-5.467267036437988 19.791637420654297 -4.2143754959106445
-5.286766052246094 19.670162200927734 -4.21987247467041
-5.116934299468994 19.58048439025879 -4.23197078704834
-4.974950790405273 19.593149185180664 -4.2661871910095215
-4.784964084625244 19.4199275970459 -4.259237766265869
-4.632795810699463 19.382564544677734 -4.279303073883057
-4.489133358001709 19.377492904663086 -4.30657434463501
-4.314157485961914 19.22979736328125 -4.302036762237549
-4.169666290283203 19.211280822753906 -4.325903415679932
-4.017349720001221 19.162792205810547 -4.3403639793396
-3.8500516414642334 19.023094177246094 -4.33365535736084
-3.7237374782562256 19.08029556274414 -4.371828556060791
-3.551621198654175 18.896976470947266 -4.354915618896484
-3.427269220352173 18.960323333740234 -4.391526699066162
-3.2594714164733887 18.79058265686035 -4.374258995056152
-3.1134674549102783 18.720600128173828 -4.379721641540527
-2.9762351512908936 18.69838523864746 -4.396453380584717
-2.848665237426758 18.735933303833008 -4.4247026443481445
-2.711383104324341 18.708864212036133 -4.43670129776001
-2.5621583461761475 18.59040069580078 -4.427072048187256
-2.42667818069458 18.580326080322266 -4.4436540603637695
-2.2914822101593018 18.550662994384766 -4.453341960906982
-2.1544675827026367 18.497831344604492 -4.455472469329834
-2.0243613719940186 18.500648498535156 -4.4711833000183105
-1.885559320449829 18.415647506713867 -4.4657883644104
-1.7562669515609741 18.439678192138672 -4.485952854156494
-1.6186139583587646 18.346168518066406 -4.474280834197998
-1.4920090436935425 18.368921279907227 -4.491117000579834
-1.3568847179412842 18.28105354309082 -4.481086730957031
-1.2313519716262817 18.313430786132812 -4.500332355499268
-1.1057989597320557 18.391429901123047 -4.527048587799072
-0.971771240234375 18.282865524291992 -4.507904052734375
-0.8444228172302246 18.287010192871094 -4.516730308532715
-0.7179549336433411 18.31300163269043 -4.5311808586120605
-0.5890775322914124 18.270854949951172 -4.524846076965332
-0.45990267395973206 18.281030654907227 -4.531240940093994
-0.3334392011165619 18.320592880249023 -4.545083999633789
-0.20593605935573578 18.31378173828125 -4.5476484298706055
-0.07833216339349747 18.284107208251953 -4.541476726531982
0.04887094348669052 18.314525604248047 -4.5490641593933105
0.17569081485271454 18.260658264160156 -4.535935878753662
0.3070017397403717 18.3840274810791 -4.567066192626953
0.43449851870536804 18.366838455200195 -4.561084747314453
0.5641216039657593 18.428876876831055 -4.572722911834717
0.6899227499961853 18.361177444458008 -4.55238676071167
0.8178805708885193 18.364591598510742 -4.5499162673950195
0.9482666254043579 18.367372512817383 -4.5459113121032715
1.080354928970337 18.434444427490234 -4.55485200881958
1.2057273387908936 18.38324546813965 -4.534778594970703
1.3429312705993652 18.501432418823242 -4.556671142578125
1.4829370975494385 18.633867263793945 -4.581698417663574
1.6212466955184937 18.697982788085938 -4.586003303527832
1.7447386980056763 18.617658615112305 -4.555306434631348
1.8737937211990356 18.600683212280273 -4.540366172790527
2.0062198638916016 18.61678695678711 -4.533721446990967
2.1495368480682373 18.723390579223633 -4.545216083526611
2.2948498725891113 18.813735961914062 -4.552189826965332
2.4445295333862305 18.944660186767578 -4.569279193878174
2.5628347396850586 18.829715728759766 -4.527256011962891
2.714386463165283 18.955406188964844 -4.54034948348999
2.8588850498199463 19.020051956176758 -4.537613868713379
3.012105703353882 19.13245391845703 -4.546297550201416
3.150770425796509 19.13079261779785 -4.527663230895996
3.284748077392578 19.113847732543945 -4.5039567947387695
3.442153215408325 19.22750473022461 -4.509080410003662
3.6167843341827393 19.422266006469727 -4.533035755157471
3.749323606491089 19.383804321289062 -4.502586364746094
3.914745569229126 19.497350692749023 -4.506172180175781
4.068014621734619 19.554550170898438 -4.494492053985596
4.230148792266846 19.647857666015625 -4.491113662719727
4.4121575355529785 19.821748733520508 -4.505956172943115
4.5489501953125 19.785964965820312 -4.47299861907959
4.718640327453613 19.879404067993164 -4.465615749359131
4.87555456161499 19.923734664916992 -4.447661399841309
5.060530662536621 20.07419776916504 -4.453242301940918
5.235225200653076 20.175071716308594 -4.447645664215088
0.0 0.0 0.0
5.602100372314453 20.406166076660156 -4.435823917388916
5.820810317993164 20.639387130737305 -4.4549479484558105
5.9708638191223145 20.620729446411133 -4.419466018676758
6.17104434967041 20.77005958557129 -4.418158054351807
6.35244083404541 20.848297119140625 -4.400275230407715
6.5700249671936035 21.02668571472168 -4.402548313140869
6.74323844909668 21.065176010131836 -4.375922679901123
6.951967716217041 21.20807647705078 -4.369743347167969
7.193742275238037 21.440290451049805 -4.37977933883667
7.374350547790527 21.481584548950195 -4.350406646728516
7.587496757507324 21.611957550048828 -4.3388800621032715
7.824977397918701 21.793949127197266 -4.335996627807617
8.058876037597656 21.964099884033203 -4.3287672996521
8.240246772766113 21.984586715698242 -4.291726112365723
8.499224662780762 22.204607009887695 -4.293222427368164
8.774213790893555 22.4544677734375 -4.299535751342773
8.96098518371582 22.461578369140625 -4.2556891441345215
9.28040885925293 22.799571990966797 -4.274631500244141
9.535828590393066 22.967191696166992 -4.2605814933776855
9.762518882751465 23.05792236328125 -4.231743335723877
10.047039031982422 23.27801513671875 -4.223939418792725
10.40656852722168 23.649423599243164 -4.241305828094482
10.598773002624512 23.638147354125977 -4.190029621124268
10.783099174499512 23.607772827148438 -4.1354475021362305
11.155923843383789 23.982240676879883 -4.14902925491333
11.415830612182617 24.1015625 -4.117028713226318
11.766777038574219 24.394453048706055 -4.112661838531494
12.13958740234375 24.726730346679688 -4.1144561767578125
12.465646743774414 24.95182991027832 -4.095022201538086
0.0 0.0 0.0
13.103365898132324 25.34015655517578 -4.042088031768799
0.0 0.0 0.0
13.91757583618164 26.01511001586914 -4.0255818367004395
14.206438064575195 26.11740493774414 -3.9779396057128906
14.733515739440918 26.643949508666992 -3.9931483268737793
0.0 0.0 0.0
0.0 0.0 0.0
0.0 0.0 0.0
0.0 0.0 0.0
0.0 0.0 0.0
0.0 0.0 0.0
0.0 0.0 0.0
0.0 0.0 0.0
0.0 0.0 0.0
0.0 0.0 0.0
0.0 0.0 0.0
0.0 0.0 0.0
0.0 0.0 0.0
0.0 0.0 0.0
0.0 0.0 0.0
0.0 0.0 0.0
0.0 0.0 0.0
0.0 0.0 0.0
0.0 0.0 0.0
0.0 0.0 0.0
0.0 0.0 0.0
0.0 0.0 0.0
0.0 0.0 0.0
0.0 0.0 0.0
0.0 0.0 0.0
0.0 0.0 0.0
0.0 0.0 0.0
0.0 0.0 0.0
0.0 0.0 0.0
0.0 0.0 0.0
0.0 0.0 0.0
0.0 0.0 0.0
0.0 0.0 0.0
0.0 0.0 0.0
0.0 0.0 0.0
0.0 0.0 0.0
0.0 0.0 0.0
0.0 0.0 0.0
0.0 0.0 0.0
0.0 0.0 0.0
0.0 0.0 0.0
0.0 0.0 0.0
0.0 0.0 0.0
0.0 0.0 0.0
0.0 0.0 0.0
0.0 0.0 0.0
0.0 0.0 0.0
0.0 0.0 0.0
0.0 0.0 0.0
0.0 0.0 0.0
0.0 0.0 0.0
0.0 0.0 0.0
0.0 0.0 0.0
0.0 0.0 0.0
0.0 0.0 0.0
0.0 0.0 0.0
0.0 0.0 0.0
0.0 0.0 0.0
0.0 0.0 0.0
0.0 0.0 0.0
0.0 0.0 0.0
0.0 0.0 0.0
0.0 0.0 0.0
0.0 0.0 0.0
0.0 0.0 0.0
0.0 0.0 0.0
0.0 0.0 0.0
0.0 0.0 0.0
0.0 0.0 0.0
0.0 0.0 0.0
0.0 0.0 0.0
0.0 0.0 0.0
0.0 0.0 0.0
0.0 0.0 0.0
0.0 0.0 0.0
0.0 0.0 0.0
0.0 0.0 0.0
0.0 0.0 0.0
0.0 0.0 0.0
0.0 0.0 0.0
0.0 0.0 0.0
0.0 0.0 0.0
0.0 0.0 0.0
0.0 0.0 0.0
0.0 0.0 0.0
0.0 0.0 0.0
0.0 0.0 0.0
0.0 0.0 0.0
0.0 0.0 0.0
0.0 0.0 0.0
0.0 0.0 0.0
0.0 0.0 0.0
0.0 0.0 0.0
0.0 0.0 0.0
0.0 0.0 0.0
0.0 0.0 0.0
0.0 0.0 0.0
0.0 0.0 0.0
0.0 0.0 0.0
0.0 0.0 0.0
0.0 0.0 0.0
0.0 0.0 0.0
0.0 0.0 0.0
0.0 0.0 0.0
0.0 0.0 0.0
0.0 0.0 0.0
0.0 0.0 0.0
0.0 0.0 0.0
0.0 0.0 0.0
0.0 0.0 0.0
0.0 0.0 0.0
0.0 0.0 0.0
0.0 0.0 0.0
0.0 0.0 0.0
0.0 0.0 0.0
0.0 0.0 0.0
0.0 0.0 0.0
0.0 0.0 0.0
0.0 0.0 0.0
0.0 0.0 0.0
0.0 0.0 0.0
0.0 0.0 0.0
0.0 0.0 0.0
0.0 0.0 0.0
0.0 0.0 0.0
0.0 0.0 0.0
0.0 0.0 0.0
0.0 0.0 0.0
0.0 0.0 0.0
0.0 0.0 0.0
0.0 0.0 0.0
0.0 0.0 0.0
0.0 0.0 0.0
0.0 0.0 0.0
0.0 0.0 0.0
0.0 0.0 0.0
0.0 0.0 0.0
0.0 0.0 0.0
0.0 0.0 0.0
0.0 0.0 0.0
0.0 0.0 0.0
0.0 0.0 0.0
0.0 0.0 0.0
0.0 0.0 0.0
0.0 0.0 0.0
0.0 0.0 0.0
0.0 0.0 0.0
0.0 0.0 0.0
0.0 0.0 0.0
0.0 0.0 0.0
0.0 0.0 0.0
0.0 0.0 0.0
0.0 0.0 0.0
0.0 0.0 0.0
0.0 0.0 0.0
0.0 0.0 0.0
0.0 0.0 0.0
0.0 0.0 0.0
0.0 0.0 0.0
0.0 0.0 0.0
0.0 0.0 0.0
0.0 0.0 0.0
0.0 0.0 0.0
0.0 0.0 0.0
0.0 0.0 0.0
0.0 0.0 0.0
0.0 0.0 0.0
0.0 0.0 0.0
0.0 0.0 0.0
0.0 0.0 0.0
0.0 0.0 0.0
0.0 0.0 0.0
0.0 0.0 0.0
0.0 0.0 0.0
0.0 0.0 0.0
0.0 0.0 0.0
0.0 0.0 0.0
0.0 0.0 0.0
0.0 0.0 0.0
0.0 0.0 0.0
0.0 0.0 0.0
0.0 0.0 0.0
0.0 0.0 0.0
0.0 0.0 0.0
0.0 0.0 0.0
0.0 0.0 0.0
0.0 0.0 0.0
0.0 0.0 0.0
0.0 0.0 0.0
0.0 0.0 0.0
0.0 0.0 0.0
0.0 0.0 0.0
0.0 0.0 0.0
0.0 0.0 0.0
0.0 0.0 0.0
0.0 0.0 0.0
0.0 0.0 0.0
0.0 0.0 0.0
0.0 0.0 0.0
0.0 0.0 0.0
0.0 0.0 0.0
0.0 0.0 0.0
-20.309574127197266 29.154497146606445 -2.7408275604248047
0.0 0.0 0.0
0.0 0.0 0.0
0.0 0.0 0.0
0.0 0.0 0.0
0.0 0.0 0.0
0.0 0.0 0.0
0.0 0.0 0.0
0.0 0.0 0.0
0.0 0.0 0.0
-15.352194786071777 25.696916580200195 -3.2485406398773193
0.0 0.0 0.0
0.0 0.0 0.0
0.0 0.0 0.0
0.0 0.0 0.0
0.0 0.0 0.0
0.0 0.0 0.0
0.0 0.0 0.0
0.0 0.0 0.0
0.0 0.0 0.0
-11.994744300842285 23.6954345703125 -3.6254379749298096
0.0 0.0 0.0
-11.355045318603516 23.227638244628906 -3.666511058807373
0.0 0.0 0.0
-10.766951560974121 22.832963943481445 -3.7115612030029297
0.0 0.0 0.0
0.0 0.0 0.0
-10.000375747680664 22.41012954711914 -3.7958431243896484
-9.73063850402832 22.219682693481445 -3.8122265338897705
0.0 0.0 0.0
-9.218659400939941 21.88185691833496 -3.850799083709717
0.0 0.0 0.0
0.0 0.0 0.0
-8.565731048583984 21.58234405517578 -3.933178186416626
0.0 0.0 0.0
-8.042536735534668 21.125944137573242 -3.936943769454956
0.0 0.0 0.0
-7.6839213371276855 21.06010627746582 -4.007340908050537
-7.439797401428223 20.840349197387695 -4.006503582000732
-7.247231483459473 20.764434814453125 -4.032067775726318
-7.026568412780762 20.591808319091797 -4.036495685577393
-6.875334739685059 20.617555618286133 -4.0796308517456055
-6.683796405792236 20.51801109313965 -4.097857475280762
-6.475244998931885 20.358558654785156 -4.10276985168457
-6.288161277770996 20.256019592285156 -4.116912841796875
-6.114709377288818 20.200210571289062 -4.140987396240234
-5.954519271850586 20.17547035217285 -4.170791149139404
-5.7357497215271 19.943395614624023 -4.156886577606201
-5.592597484588623 19.967994689941406 -4.193921089172363
-5.407089710235596 19.836416244506836 -4.198090076446533
-5.2466816902160645 19.799955368041992 -4.222805976867676
-5.079071998596191 19.720966339111328 -4.2378106117248535
-4.904761791229248 19.607820510864258 -4.242170333862305
-4.769995212554932 19.649282455444336 -4.2799177169799805
-4.591251850128174 19.503799438476562 -4.276896953582764
-4.421663284301758 19.398237228393555 -4.282917022705078
-4.25887393951416 19.30257797241211 -4.287928581237793
-4.126306533813477 19.34016990661621 -4.321752548217773
-3.969681739807129 19.26094627380371 -4.3295440673828125
-3.812732696533203 19.173049926757812 -4.335348606109619
-3.6664621829986572 19.14453887939453 -4.353233337402344
-3.5077731609344482 19.03252601623535 -4.3500494956970215
-3.354959487915039 18.9417724609375 -4.3516340255737305
-3.2245028018951416 18.97378158569336 -4.38154935836792
-3.080981969833374 18.92616081237793 -4.392112731933594
-2.9267280101776123 18.818178176879883 -4.3861236572265625
-2.7970545291900635 18.848047256469727 -4.412054061889648
-2.6474084854125977 18.73760223388672 -4.405245780944824
-2.5116007328033447 18.716567993164062 -4.419252872467041
-2.3889243602752686 18.79346466064453 -4.452734470367432
-2.2300851345062256 18.575075149536133 -4.416316986083984
-2.099100351333618 18.59360122680664 -4.436524391174316
-1.9700254201889038 18.61103057861328 -4.456454753875732
-1.8327980041503906 18.545167922973633 -4.452998161315918
-1.7003042697906494 18.520082473754883 -4.458827495574951
-1.5737043619155884 18.558387756347656 -4.480133056640625
-1.4434401988983154 18.584569931030273 -4.4989848136901855
-1.3052992820739746 18.470216751098633 -4.481020450592041
-1.1787830591201782 18.510560989379883 -4.499171257019043
-1.049970030784607 18.515914916992188 -4.509041786193848
-0.918552577495575 18.471092224121094 -4.506897449493408
-0.7879916429519653 18.48271942138672 -4.516953945159912
-0.6579409241676331 18.448471069335938 -4.5132575035095215
-0.528623104095459 18.420900344848633 -4.51139497756958
-0.4002979099750519 18.418977737426758 -4.516024112701416
-0.27307093143463135 18.47708511352539 -4.534596920013428
-0.1417190581560135 18.413822174072266 -4.519762992858887
-0.013802750036120415 18.4862003326416 -4.5384321212768555
0.11430654674768448 18.40594482421875 -4.519847393035889
0.2424621731042862 18.423437118530273 -4.52547025680542
0.3729190230369568 18.539682388305664 -4.551084041595459
0.501685380935669 18.53744888305664 -4.547816753387451
0.6326293349266052 18.52666473388672 -4.542627334594727
0.7622449994087219 18.54537010192871 -4.544935703277588
0.8927879929542542 18.571596145629883 -4.545580863952637
1.025229811668396 18.623647689819336 -4.551774501800537
1.1584396362304688 18.674762725830078 -4.557920932769775
0.0 0.0 0.0
1.416373610496521 18.604276657104492 -4.526012897491455
1.552024483680725 18.668739318847656 -4.531534671783447
1.6886420249938965 18.73222541809082 -4.536962032318115
1.8236483335494995 18.768264770507812 -4.535900115966797
1.9611800909042358 18.799741744995117 -4.532089710235596
2.0938668251037598 18.804624557495117 -4.519493579864502
2.233555793762207 18.865158081054688 -4.520414352416992
2.385545015335083 19.015182495117188 -4.542831897735596
2.519158363342285 19.009666442871094 -4.527641296386719
2.6670475006103516 19.08656883239746 -4.5283522605896
2.8131868839263916 19.15885353088379 -4.528341293334961
2.950622320175171 19.166120529174805 -4.513086795806885
3.0822415351867676 19.13482093811035 -4.4889655113220215
3.2579166889190674 19.366132736206055 -4.522818088531494
3.4033145904541016 19.404844284057617 -4.511262893676758
3.5428247451782227 19.393434524536133 -4.4878644943237305
3.7041938304901123 19.50860023498535 -4.494177341461182
3.8527684211730957 19.548233032226562 -4.480594158172607
4.0160346031188965 19.654191970825195 -4.4810028076171875
4.170560836791992 19.71038246154785 -4.470061302185059
4.331838130950928 19.77985191345215 -4.461721420288086
4.498566627502441 19.87858009338379 -4.458857536315918
4.667802333831787 19.980083465576172 -4.454647064208984
4.8467254638671875 20.113632202148438 -4.457417964935303
4.9929094314575195 20.10480308532715 -4.428588390350342
5.1954345703125 20.305572509765625 -4.4446892738342285
0.0 0.0 0.0
5.565156936645508 20.55624008178711 -4.43873405456543
5.729447364807129 20.59449005126953 -4.416720390319824
5.893483638763428 20.62775421142578 -4.393656253814697
6.105404853820801 20.810209274291992 -4.398601055145264
6.3144025802612305 20.98040771484375 -4.400970935821533
6.516892433166504 21.11952781677246 -4.3964667320251465
6.676733016967773 21.114336013793945 -4.3617730140686035
6.88999605178833 21.27243995666504 -4.3585052490234375
7.0816802978515625 21.355974197387695 -4.33895206451416
7.330617904663086 21.593347549438477 -4.349521636962891
7.501217365264893 21.600730895996094 -4.3140716552734375
7.775064468383789 21.896484375 -4.334372520446777
7.939441680908203 21.87565803527832 -4.290537357330322
8.205588340759277 22.1273193359375 -4.299732208251953
8.45124340057373 22.303653717041016 -4.292837619781494
8.681427955627441 22.43942642211914 -4.277414321899414
8.91526985168457 22.57695960998535 -4.260482311248779
0.0 0.0 0.0
9.398566246032715 22.86701202392578 -4.227881908416748
9.597633361816406 22.89055633544922 -4.1870317459106445
9.902770042419434 23.165058135986328 -4.19033145904541
10.261516571044922 23.549625396728516 -4.212174415588379
10.480633735656738 23.60274314880371 -4.173806190490723
10.794353485107422 23.86151885986328 -4.170775890350342
0.0 0.0 0.0
11.380227088928223 24.24236488342285 -4.132935047149658
11.603081703186035 24.27581024169922 -4.086720943450928
12.000736236572266 24.665283203125 -4.098977565765381
12.356170654296875 24.954004287719727 -4.091129779815674
12.787738800048828 25.38055419921875 -4.104084014892578
0.0 0.0 0.0
0.0 0.0 0.0
13.619428634643555 25.677165985107422 -3.973867177963257
14.151938438415527 26.23794174194336 -3.998317241668701
0.0 0.0 0.0
14.850872039794922 26.633363723754883 -3.929091453552246
15.304466247558594 27.003686904907227 -3.9160234928131104
15.742700576782227 27.33213233947754 -3.8948373794555664
0.0 0.0 0.0
0.0 0.0 0.0
0.0 0.0 0.0
0.0 0.0 0.0
0.0 0.0 0.0
0.0 0.0 0.0
19.219038009643555 29.898780822753906 -3.692845106124878
0.0 0.0 0.0
0.0 0.0 0.0
0.0 0.0 0.0
0.0 0.0 0.0
0.0 0.0 0.0
0.0 0.0 0.0
0.0 0.0 0.0
24.673585891723633 34.04781723022461 -3.329573631286621
0.0 0.0 0.0
0.0 0.0 0.0
0.0 0.0 0.0
0.0 0.0 0.0
0.0 0.0 0.0
0.0 0.0 0.0
0.0 0.0 0.0
0.0 0.0 0.0
0.0 0.0 0.0
0.0 0.0 0.0
0.0 0.0 0.0
0.0 0.0 0.0
0.0 0.0 0.0
0.0 0.0 0.0
0.0 0.0 0.0
0.0 0.0 0.0
0.0 0.0 0.0
0.0 0.0 0.0
0.0 0.0 0.0
0.0 0.0 0.0
0.0 0.0 0.0
0.0 0.0 0.0
0.0 0.0 0.0
0.0 0.0 0.0
0.0 0.0 0.0
0.0 0.0 0.0
0.0 0.0 0.0
0.0 0.0 0.0
0.0 0.0 0.0
0.0 0.0 0.0
0.0 0.0 0.0
0.0 0.0 0.0
0.0 0.0 0.0
0.0 0.0 0.0
0.0 0.0 0.0
0.0 0.0 0.0
0.0 0.0 0.0
0.0 0.0 0.0
0.0 0.0 0.0
0.0 0.0 0.0
0.0 0.0 0.0
0.0 0.0 0.0
0.0 0.0 0.0
0.0 0.0 0.0
0.0 0.0 0.0
0.0 0.0 0.0
0.0 0.0 0.0
0.0 0.0 0.0
0.0 0.0 0.0
0.0 0.0 0.0
0.0 0.0 0.0
0.0 0.0 0.0
0.0 0.0 0.0
0.0 0.0 0.0
0.0 0.0 0.0
0.0 0.0 0.0
0.0 0.0 0.0
0.0 0.0 0.0
0.0 0.0 0.0
0.0 0.0 0.0
0.0 0.0 0.0
0.0 0.0 0.0
0.0 0.0 0.0
0.0 0.0 0.0
0.0 0.0 0.0
0.0 0.0 0.0
0.0 0.0 0.0
0.0 0.0 0.0
0.0 0.0 0.0
0.0 0.0 0.0
0.0 0.0 0.0
0.0 0.0 0.0
0.0 0.0 0.0
0.0 0.0 0.0
0.0 0.0 0.0
0.0 0.0 0.0
0.0 0.0 0.0
0.0 0.0 0.0
0.0 0.0 0.0
0.0 0.0 0.0
0.0 0.0 0.0
0.0 0.0 0.0
0.0 0.0 0.0
0.0 0.0 0.0
0.0 0.0 0.0
0.0 0.0 0.0
0.0 0.0 0.0
0.0 0.0 0.0
0.0 0.0 0.0
0.0 0.0 0.0
0.0 0.0 0.0
0.0 0.0 0.0
0.0 0.0 0.0
0.0 0.0 0.0
0.0 0.0 0.0
0.0 0.0 0.0
0.0 0.0 0.0
0.0 0.0 0.0
0.0 0.0 0.0
0.0 0.0 0.0
0.0 0.0 0.0
0.0 0.0 0.0
0.0 0.0 0.0
0.0 0.0 0.0
0.0 0.0 0.0
0.0 0.0 0.0
0.0 0.0 0.0
0.0 0.0 0.0
0.0 0.0 0.0
0.0 0.0 0.0
0.0 0.0 0.0
0.0 0.0 0.0
0.0 0.0 0.0
0.0 0.0 0.0
0.0 0.0 0.0
0.0 0.0 0.0
0.0 0.0 0.0
0.0 0.0 0.0
0.0 0.0 0.0
0.0 0.0 0.0
0.0 0.0 0.0
0.0 0.0 0.0
0.0 0.0 0.0
0.0 0.0 0.0
0.0 0.0 0.0
0.0 0.0 0.0
0.0 0.0 0.0
0.0 0.0 0.0
0.0 0.0 0.0
0.0 0.0 0.0
0.0 0.0 0.0
0.0 0.0 0.0
0.0 0.0 0.0
0.0 0.0 0.0
0.0 0.0 0.0
0.0 0.0 0.0
0.0 0.0 0.0
0.0 0.0 0.0
0.0 0.0 0.0
0.0 0.0 0.0
0.0 0.0 0.0
0.0 0.0 0.0
0.0 0.0 0.0
0.0 0.0 0.0
0.0 0.0 0.0
0.0 0.0 0.0
0.0 0.0 0.0
0.0 0.0 0.0
0.0 0.0 0.0
0.0 0.0 0.0
0.0 0.0 0.0
0.0 0.0 0.0
0.0 0.0 0.0
0.0 0.0 0.0
0.0 0.0 0.0
0.0 0.0 0.0
0.0 0.0 0.0
0.0 0.0 0.0
0.0 0.0 0.0
0.0 0.0 0.0
0.0 0.0 0.0
0.0 0.0 0.0
0.0 0.0 0.0
0.0 0.0 0.0
0.0 0.0 0.0
0.0 0.0 0.0
0.0 0.0 0.0
0.0 0.0 0.0
0.0 0.0 0.0
0.0 0.0 0.0
0.0 0.0 0.0
0.0 0.0 0.0
0.0 0.0 0.0
0.0 0.0 0.0
0.0 0.0 0.0
0.0 0.0 0.0
0.0 0.0 0.0
0.0 0.0 0.0
0.0 0.0 0.0
0.0 0.0 0.0
0.0 0.0 0.0
0.0 0.0 0.0
0.0 0.0 0.0
-20.786378860473633 29.613489151000977 -2.701292037963867
0.0 0.0 0.0
0.0 0.0 0.0
0.0 0.0 0.0
0.0 0.0 0.0
0.0 0.0 0.0
0.0 0.0 0.0
0.0 0.0 0.0
0.0 0.0 0.0
0.0 0.0 0.0
0.0 0.0 0.0
0.0 0.0 0.0
0.0 0.0 0.0
-14.51248550415039 25.283946990966797 -3.341489553451538
-14.218860626220703 25.176830291748047 -3.396228790283203
0.0 0.0 0.0
0.0 0.0 0.0
-13.155366897583008 24.48223114013672 -3.494727849960327
-12.844220161437988 24.308000564575195 -3.5321691036224365
0.0 0.0 0.0
0.0 0.0 0.0
0.0 0.0 0.0
0.0 0.0 0.0
0.0 0.0 0.0
-11.005963325500488 23.12453269958496 -3.693291664123535
0.0 0.0 0.0
0.0 0.0 0.0
0.0 0.0 0.0
0.0 0.0 0.0
-9.690653800964355 22.34375 -3.8191821575164795
-9.375245094299316 22.036760330200195 -3.8142426013946533
0.0 0.0 0.0
-8.973884582519531 21.942319869995117 -3.8896713256835938
-8.724517822265625 21.76326560974121 -3.9030299186706543
0.0 0.0 0.0
0.0 0.0 0.0
0.0 0.0 0.0
0.0 0.0 0.0
-7.625147342681885 21.12935447692871 -3.999490737915039
-7.396721839904785 20.95280647277832 -4.005023002624512
-7.208774089813232 20.88315773010254 -4.030571460723877
-6.959526538848877 20.62628173828125 -4.0194220542907715
-6.754960060119629 20.49907684326172 -4.033555507659912
-6.6272149085998535 20.59268569946289 -4.087681293487549
-6.415651321411133 20.421829223632812 -4.089232444763184
-6.2687883377075195 20.450761795043945 -4.130581855773926
-6.062514781951904 20.28020477294922 -4.131474494934082
-5.880397319793701 20.1818790435791 -4.1444878578186035
-5.707292556762695 20.115795135498047 -4.163821697235107
-5.52236795425415 19.992414474487305 -4.170579433441162
-5.373380661010742 19.99315643310547 -4.2031049728393555
-5.202380180358887 19.907947540283203 -4.2158026695251465
-5.028005123138428 19.803104400634766 -4.222883701324463
-4.8630595207214355 19.73813819885254 -4.238842010498047
-4.684756278991699 19.600765228271484 -4.238582611083984
-4.552720069885254 19.65200424194336 -4.2779693603515625
-4.3826446533203125 19.534982681274414 -4.278615474700928
-4.2063307762146 19.379281997680664 -4.270571708679199
-4.05596399307251 19.345815658569336 -4.289804935455322
-3.912383556365967 19.32961654663086 -4.3121161460876465
-3.7722296714782715 19.327985763549805 -4.334582805633545
-3.6139678955078125 19.227869033813477 -4.335006237030029
-3.463393449783325 19.160293579101562 -4.342733860015869
-3.3089137077331543 19.076862335205078 -4.347273349761963
-3.176483631134033 19.101638793945312 -4.3728532791137695
-3.0301146507263184 19.039037704467773 -4.3781023025512695
-2.8877768516540527 18.99415397644043 -4.38747501373291
-2.737332820892334 18.887948989868164 -4.382730484008789
-2.6030585765838623 18.886734008789062 -4.399961948394775
-2.4638123512268066 18.862445831298828 -4.41077184677124
-2.3240108489990234 18.81050682067871 -4.414968967437744
-2.181532621383667 18.72732162475586 -4.411910533905029
-2.0651118755340576 18.87028694152832 -4.460672378540039
-1.9101577997207642 18.653730392456055 -4.421982765197754
-1.7790744304656982 18.67835807800293 -4.440772533416748
-1.6527601480484009 18.732189178466797 -4.466535568237305
-1.5132005214691162 18.630016326904297 -4.454537391662598
-1.380638837814331 18.59962272644043 -4.456276893615723
-1.2467894554138184 18.54176139831543 -4.451601505279541
-1.1210688352584839 18.64228630065918 -4.485355854034424
-0.9866600036621094 18.559810638427734 -4.475133419036865
-0.8611606359481812 18.64425277709961 -4.501140117645264
-0.73008793592453 18.61785316467285 -4.500394344329834
-0.5983234643936157 18.55638313293457 -4.491360664367676
-0.46612924337387085 18.528179168701172 -4.4906697273254395
-0.33679673075675964 18.511184692382812 -4.489418029785156
-0.20881249010562897 18.57708168029785 -4.507246971130371
-0.0795796811580658 18.592741012573242 -4.5131144523620605
0.04966307431459427 18.5847225189209 -4.513452053070068
0.17796267569065094 18.489032745361328 -4.490410804748535
0.3112480938434601 18.632083892822266 -4.523189067840576
0.43909820914268494 18.557897567749023 -4.503478050231934
0.5716460347175598 18.664966583251953 -4.527966022491455
0.6997511982917786 18.6158390045166 -4.513522624969482
0.8347517251968384 18.737262725830078 -4.537355422973633
0.9644387364387512 18.675609588623047 -4.516958713531494
1.098209261894226 18.734460830688477 -4.5260186195373535
1.2299834489822388 18.75074005126953 -4.524751663208008
1.3640109300613403 18.79354476928711 -4.525943756103516
1.4925042390823364 18.75586700439453 -4.507954120635986
1.633580207824707 18.842060089111328 -4.519778728485107
1.7689656019210815 18.878202438354492 -4.519911289215088
1.9085948467254639 18.948232650756836 -4.524567604064941
2.0406429767608643 18.938066482543945 -4.509477138519287
2.18448805809021 19.02893829345703 -4.518584251403809
2.326441526412964 19.07323455810547 -4.516540050506592
2.466416358947754 19.11349868774414 -4.511378288269043
2.6143722534179688 19.205883026123047 -4.5168986320495605
2.754026412963867 19.22935676574707 -4.506310939788818
2.8958311080932617 19.263105392456055 -4.498280048370361
3.046619415283203 19.34874725341797 -4.501097202301025
3.201092004776001 19.433517456054688 -4.500851631164551
3.345414400100708 19.464862823486328 -4.488656997680664
3.4783854484558105 19.4276065826416 -4.460811614990234
3.6555304527282715 19.629304885864258 -4.48746919631958
3.804610252380371 19.66933250427246 -4.473726272583008
3.9486677646636963 19.666711807250977 -4.450002193450928
4.1348066329956055 19.87627601623535 -4.474609851837158
4.289388179779053 19.923913955688477 -4.462662220001221
4.435941696166992 19.929964065551758 -4.438519477844238
4.628286361694336 20.13220977783203 -4.457454681396484
4.77951717376709 20.135379791259766 -4.431733131408691
4.957367420196533 20.256681442260742 -4.432501792907715
5.170123100280762 20.50661277770996 -4.45898962020874
5.319221496582031 20.495914459228516 -4.427409648895264
5.507868766784668 20.631908416748047 -4.427474021911621
5.6881561279296875 20.717763900756836 -4.416067600250244
5.868365287780762 20.806636810302734 -4.404550075531006
6.031204700469971 20.828125 -4.376825332641602
6.237009048461914 20.991558074951172 -4.378789901733398
6.418750286102295 21.06519317626953 -4.36173152923584
6.645573139190674 21.26845932006836 -4.370159149169922
6.820443153381348 21.30646514892578 -4.342519760131836
7.016468524932861 21.405010223388672 -4.3270792961120605
7.241213798522949 21.581871032714844 -4.327057361602783
7.4698710441589355 21.760385513305664 -4.326892852783203
7.663461685180664 21.828533172607422 -4.301883697509766
7.892393589019775 21.980976104736328 -4.292291641235352
8.117121696472168 22.121353149414062 -4.280564785003662
8.369843482971191 22.328102111816406 -4.2811126708984375
8.554245948791504 22.346092224121094 -4.243225574493408
8.804055213928223 22.527381896972656 -4.23536491394043
9.129402160644531 22.880611419677734 -4.258131504058838
9.319600105285645 22.89267921447754 -4.217431545257568
9.609050750732422 23.141878128051758 -4.21849250793457
9.895257949829102 23.370546340942383 -4.2139668464660645
10.1102933883667 23.423006057739258 -4.177088737487793
10.399322509765625 23.63129997253418 -4.16663932800293
10.742159843444824 23.957929611206055 -4.175610065460205
10.97807788848877 24.035423278808594 -4.1392974853515625
0.0 0.0 0.0
11.629866600036621 24.55389404296875 -4.126572132110596
11.905994415283203 24.68549156188965 -4.095094680786133
0.0 0.0 0.0
0.0 0.0 0.0
12.8985013961792 25.37851905822754 -4.043099403381348
13.220900535583496 25.572145462036133 -4.016119956970215
13.614232063293457 25.88897132873535 -4.005896091461182
14.01608943939209 26.200029373168945 -3.9920146465301514
14.3309907913208 26.34505844116211 -3.952601432800293
14.690693855285645 26.565732955932617 -3.921616315841675
0.0 0.0 0.0
15.549233436584473 27.217748641967773 -3.884209156036377
0.0 0.0 0.0
16.536521911621094 28.027029037475586 -3.856311082839966
0.0 0.0 0.0
0.0 0.0 0.0
0.0 0.0 0.0
0.0 0.0 0.0
0.0 0.0 0.0
0.0 0.0 0.0
0.0 0.0 0.0
0.0 0.0 0.0
0.0 0.0 0.0
0.0 0.0 0.0
0.0 0.0 0.0
0.0 0.0 0.0
0.0 0.0 0.0
0.0 0.0 0.0
0.0 0.0 0.0
0.0 0.0 0.0
0.0 0.0 0.0
0.0 0.0 0.0
0.0 0.0 0.0
0.0 0.0 0.0
0.0 0.0 0.0
0.0 0.0 0.0
0.0 0.0 0.0
0.0 0.0 0.0
0.0 0.0 0.0
0.0 0.0 0.0
0.0 0.0 0.0
0.0 0.0 0.0
0.0 0.0 0.0
0.0 0.0 0.0
0.0 0.0 0.0
0.0 0.0 0.0
0.0 0.0 0.0
0.0 0.0 0.0
0.0 0.0 0.0
0.0 0.0 0.0
0.0 0.0 0.0
0.0 0.0 0.0
0.0 0.0 0.0
0.0 0.0 0.0
0.0 0.0 0.0
0.0 0.0 0.0
0.0 0.0 0.0
0.0 0.0 0.0
0.0 0.0 0.0
0.0 0.0 0.0
0.0 0.0 0.0
0.0 0.0 0.0
0.0 0.0 0.0
0.0 0.0 0.0
0.0 0.0 0.0
0.0 0.0 0.0
0.0 0.0 0.0
0.0 0.0 0.0
0.0 0.0 0.0
0.0 0.0 0.0
0.0 0.0 0.0
0.0 0.0 0.0
0.0 0.0 0.0
0.0 0.0 0.0
0.0 0.0 0.0
0.0 0.0 0.0
0.0 0.0 0.0
0.0 0.0 0.0
0.0 0.0 0.0
0.0 0.0 0.0
0.0 0.0 0.0
0.0 0.0 0.0
0.0 0.0 0.0
0.0 0.0 0.0
0.0 0.0 0.0
0.0 0.0 0.0
0.0 0.0 0.0
0.0 0.0 0.0
0.0 0.0 0.0
0.0 0.0 0.0
0.0 0.0 0.0
0.0 0.0 0.0
0.0 0.0 0.0
0.0 0.0 0.0
0.0 0.0 0.0
0.0 0.0 0.0
0.0 0.0 0.0
0.0 0.0 0.0
0.0 0.0 0.0
0.0 0.0 0.0
0.0 0.0 0.0
0.0 0.0 0.0
0.0 0.0 0.0
0.0 0.0 0.0
0.0 0.0 0.0
0.0 0.0 0.0
0.0 0.0 0.0
0.0 0.0 0.0
0.0 0.0 0.0
0.0 0.0 0.0
0.0 0.0 0.0
0.0 0.0 0.0
0.0 0.0 0.0
0.0 0.0 0.0
0.0 0.0 0.0
0.0 0.0 0.0
0.0 0.0 0.0
0.0 0.0 0.0
0.0 0.0 0.0
0.0 0.0 0.0
0.0 0.0 0.0
0.0 0.0 0.0
0.0 0.0 0.0
0.0 0.0 0.0
0.0 0.0 0.0
0.0 0.0 0.0
0.0 0.0 0.0
0.0 0.0 0.0
0.0 0.0 0.0
0.0 0.0 0.0
0.0 0.0 0.0
0.0 0.0 0.0
0.0 0.0 0.0
0.0 0.0 0.0
0.0 0.0 0.0
0.0 0.0 0.0
0.0 0.0 0.0
0.0 0.0 0.0
0.0 0.0 0.0
0.0 0.0 0.0
0.0 0.0 0.0
0.0 0.0 0.0
0.0 0.0 0.0
0.0 0.0 0.0
0.0 0.0 0.0
0.0 0.0 0.0
0.0 0.0 0.0
0.0 0.0 0.0
0.0 0.0 0.0
0.0 0.0 0.0
0.0 0.0 0.0
0.0 0.0 0.0
0.0 0.0 0.0
0.0 0.0 0.0
0.0 0.0 0.0
0.0 0.0 0.0
0.0 0.0 0.0
0.0 0.0 0.0
0.0 0.0 0.0
0.0 0.0 0.0
0.0 0.0 0.0
0.0 0.0 0.0
0.0 0.0 0.0
0.0 0.0 0.0
0.0 0.0 0.0
0.0 0.0 0.0
0.0 0.0 0.0
0.0 0.0 0.0
0.0 0.0 0.0
0.0 0.0 0.0
0.0 0.0 0.0
0.0 0.0 0.0
0.0 0.0 0.0
0.0 0.0 0.0
0.0 0.0 0.0
0.0 0.0 0.0
0.0 0.0 0.0
0.0 0.0 0.0
0.0 0.0 0.0
0.0 0.0 0.0
0.0 0.0 0.0
0.0 0.0 0.0
0.0 0.0 0.0
0.0 0.0 0.0
0.0 0.0 0.0
0.0 0.0 0.0
0.0 0.0 0.0
0.0 0.0 0.0
0.0 0.0 0.0
0.0 0.0 0.0
0.0 0.0 0.0
0.0 0.0 0.0
0.0 0.0 0.0
0.0 0.0 0.0
0.0 0.0 0.0
0.0 0.0 0.0
0.0 0.0 0.0
0.0 0.0 0.0
0.0 0.0 0.0
0.0 0.0 0.0
0.0 0.0 0.0
0.0 0.0 0.0
0.0 0.0 0.0
0.0 0.0 0.0
0.0 0.0 0.0
0.0 0.0 0.0
0.0 0.0 0.0
0.0 0.0 0.0
0.0 0.0 0.0
0.0 0.0 0.0
0.0 0.0 0.0
0.0 0.0 0.0
0.0 0.0 0.0
0.0 0.0 0.0
0.0 0.0 0.0
0.0 0.0 0.0
0.0 0.0 0.0
0.0 0.0 0.0
0.0 0.0 0.0
0.0 0.0 0.0
0.0 0.0 0.0
0.0 0.0 0.0
0.0 0.0 0.0
0.0 0.0 0.0
0.0 0.0 0.0
0.0 0.0 0.0
0.0 0.0 0.0
0.0 0.0 0.0
0.0 0.0 0.0
0.0 0.0 0.0
-12.689542770385742 24.225849151611328 -3.5243682861328125
0.0 0.0 0.0
0.0 0.0 0.0
-11.804844856262207 23.729270935058594 -3.623509168624878
0.0 0.0 0.0
0.0 0.0 0.0
-10.843314170837402 22.995384216308594 -3.671851634979248
0.0 0.0 0.0
0.0 0.0 0.0
0.0 0.0 0.0
0.0 0.0 0.0
0.0 0.0 0.0
-9.348357200622559 22.191200256347656 -3.831495523452759
-9.109368324279785 22.051403045654297 -3.853013038635254
0.0 0.0 0.0
0.0 0.0 0.0
0.0 0.0 0.0
-8.21664047241211 21.58016014099121 -3.943441390991211
0.0 0.0 0.0
-7.736552715301514 21.20262336730957 -3.9558608531951904
-7.5471906661987305 21.13936424255371 -3.983057975769043
-7.391752243041992 21.176937103271484 -4.0299763679504395
0.0 0.0 0.0
-7.00447416305542 21.002967834472656 -4.073107719421387
-6.754745960235596 20.732952117919922 -4.056671142578125
-6.577670097351074 20.67652702331543 -4.081563949584961
-6.365445137023926 20.501317977905273 -4.082640171051025
-6.164423942565918 20.361845016479492 -4.089833736419678
-6.009291172027588 20.36015510559082 -4.122270107269287
-5.826924800872803 20.2614688873291 -4.135000705718994
-5.665869235992432 20.231365203857422 -4.161620616912842
-5.4580912590026855 20.02642059326172 -4.151466369628906
-5.320455551147461 20.079586029052734 -4.192694187164307
-5.136849403381348 19.945932388305664 -4.1944403648376465
-4.988023281097412 19.940643310546875 -4.223066329956055
-4.8214616775512695 19.859880447387695 -4.23570442199707
-4.661370754241943 19.800779342651367 -4.249838352203369
-4.476881980895996 19.64027976989746 -4.242384910583496
-4.32621431350708 19.608417510986328 -4.262119293212891
-4.172367095947266 19.55670166015625 -4.2775421142578125
-4.020230770111084 19.5080509185791 -4.291187763214111
-3.8615338802337646 19.421003341674805 -4.295395851135254
-3.706387996673584 19.355527877807617 -4.304728984832764
-3.5586769580841064 19.311063766479492 -4.318390369415283
-3.4013161659240723 19.20573616027832 -4.316689968109131
-3.273120403289795 19.261240005493164 -4.349323272705078
-3.106337070465088 19.08257293701172 -4.329124450683594
-2.9680652618408203 19.083606719970703 -4.350032329559326
-2.8326754570007324 19.087352752685547 -4.370506286621094
-2.680487871170044 18.970102310180664 -4.360188961029053
-2.5594546794891357 19.070608139038086 -4.400096416473389
-2.4000332355499268 18.879491806030273 -4.372846603393555
-2.2716782093048096 18.921451568603516 -4.399623394012451
-2.131824493408203 18.884153366088867 -4.404409408569336
-1.9944592714309692 18.841903686523438 -4.407817840576172
-1.860918402671814 18.828943252563477 -4.4182233810424805
-1.7344683408737183 18.890785217285156 -4.4464335441589355
-1.5873103141784668 18.717506408691406 -4.416428089141846
-1.4624440670013428 18.82783317565918 -4.452520847320557
-1.3280251026153564 18.78927993774414 -4.4534759521484375
-1.1949387788772583 18.761157989501953 -4.457075595855713
-1.0624594688415527 18.736387252807617 -4.459479331970215
-0.9304595589637756 18.71120262145996 -4.459654808044434
-0.7976208925247192 18.70793342590332 -4.465367794036865
-0.6674922704696655 18.71886444091797 -4.474586486816406
-0.5353364944458008 18.6569881439209 -4.465461254119873
-0.4063247740268707 18.689891815185547 -4.475864887237549
-0.27584484219551086 18.661128997802734 -4.471718788146973
-0.14442984759807587 18.74161720275879 -4.494029521942139
-0.014134062454104424 18.661664962768555 -4.477960586547852
0.11642486602067947 18.779342651367188 -4.505040168762207
0.24647156894207 18.7327823638916 -4.49293327331543
0.3778623938560486 18.7840633392334 -4.504510879516602
0.5084003806114197 18.781267166137695 -4.503336429595947
0.6425181031227112 18.81244468688965 -4.507022857666016
0.7717735171318054 18.767057418823242 -4.491613388061523
0.9015669822692871 18.747344970703125 -4.4825849533081055
1.0396192073822021 18.87848472595215 -4.509811878204346
1.1705437898635864 18.86504364013672 -4.500306606292725
1.3033835887908936 18.84725570678711 -4.487725257873535
1.4418779611587524 18.93477439880371 -4.500542640686035
1.5777335166931152 18.97584342956543 -4.502485752105713
1.7112234830856323 18.982135772705078 -4.495131969451904
1.8527659177780151 19.067630767822266 -4.5036396980285645
1.9962807893753052 19.136783599853516 -4.508204460144043
2.135075330734253 19.174837112426758 -4.505796432495117
2.2686924934387207 19.162817001342773 -4.4916229248046875
2.4115066528320312 19.222471237182617 -4.490300178527832
2.546761989593506 19.216934204101562 -4.473905086517334
2.702785015106201 19.342144012451172 -4.487800121307373
2.8578386306762695 19.462650299072266 -4.500865936279297
3.0031578540802 19.50736427307129 -4.493322849273682
3.145045757293701 19.52484130859375 -4.478827476501465
3.289217233657837 19.552555084228516 -4.466825485229492
3.445119857788086 19.643028259277344 -4.469235420227051
3.5966968536376953 19.687376022338867 -4.458827972412109
3.7601852416992188 19.80249786376953 -4.46304988861084
3.90627384185791 19.819013595581055 -4.445078372955322
4.068050384521484 19.909221649169922 -4.443689823150635
4.238417148590088 20.031970977783203 -4.448533058166504
4.40941858291626 20.1347713470459 -4.4457573890686035
4.570241928100586 20.195669174194336 -4.434139251708984
4.726193904876709 20.229232788085938 -4.416533470153809
4.907751560211182 20.365680694580078 -4.421291351318359
5.049127101898193 20.33057975769043 -4.385675430297852
5.250815391540527 20.519901275634766 -4.397862434387207
5.457535743713379 20.726560592651367 -4.4138970375061035
5.603548526763916 20.69496726989746 -4.379058837890625
5.796511650085449 20.832448959350586 -4.377604007720947
5.983346462249756 20.938955307006836 -4.368693828582764
6.189577579498291 21.094758987426758 -4.369261264801025
6.356958389282227 21.1209716796875 -4.343390941619873
6.573806285858154 21.303647994995117 -4.347848415374756
6.7706451416015625 21.41146469116211 -4.3352556228637695
6.983497142791748 21.561399459838867 -4.330865383148193
7.172204494476318 21.629308700561523 -4.3097333908081055
7.432670593261719 21.895023345947266 -4.326136112213135
7.624394416809082 21.956073760986328 -4.300449371337891
7.855897426605225 22.124130249023438 -4.2953901290893555
8.037840843200684 22.1455020904541 -4.2615437507629395
8.300325393676758 22.38186264038086 -4.268408298492432
8.529682159423828 22.510982513427734 -4.251294136047363
8.814154624938965 22.782432556152344 -4.261037826538086
9.078655242919922 22.990324020385742 -4.25808572769165
9.25743293762207 22.974201202392578 -4.213265895843506
9.575605392456055 23.29549217224121 -4.227476119995117
9.788908004760742 23.3422908782959 -4.190218448638916
10.02013874053955 23.434343338012695 -4.1615800857543945
10.28685188293457 23.602134704589844 -4.145912170410156
10.591991424560547 23.8489990234375 -4.1413044929504395
10.926822662353516 24.1490421295166 -4.144473552703857
11.141682624816895 24.167516708374023 -4.097766876220703
11.444629669189453 24.37758445739746 -4.083849906921387
0.0 0.0 0.0
0.0 0.0 0.0
12.542834281921387 25.3300838470459 -4.081347942352295
0.0 0.0 0.0
0.0 0.0 0.0
13.403200149536133 25.698102951049805 -3.968966484069824
13.865669250488281 26.139406204223633 -3.977888822555542
14.283056259155273 26.480501174926758 -3.9695885181427
14.631551742553711 26.681581497192383 -3.9362144470214844
14.974102973937988 26.85352897644043 -3.8961377143859863
0.0 0.0 0.0
0.0 0.0 0.0
0.0 0.0 0.0
16.78603744506836 28.227659225463867 -3.8153767585754395
0.0 0.0 0.0
0.0 0.0 0.0
0.0 0.0 0.0
0.0 0.0 0.0
0.0 0.0 0.0
0.0 0.0 0.0
0.0 0.0 0.0
0.0 0.0 0.0
0.0 0.0 0.0
0.0 0.0 0.0
0.0 0.0 0.0
0.0 0.0 0.0
0.0 0.0 0.0
0.0 0.0 0.0
0.0 0.0 0.0
0.0 0.0 0.0
0.0 0.0 0.0
0.0 0.0 0.0
0.0 0.0 0.0
0.0 0.0 0.0
0.0 0.0 0.0
0.0 0.0 0.0
0.0 0.0 0.0
0.0 0.0 0.0
0.0 0.0 0.0
0.0 0.0 0.0
0.0 0.0 0.0
0.0 0.0 0.0
0.0 0.0 0.0
0.0 0.0 0.0
0.0 0.0 0.0
0.0 0.0 0.0
0.0 0.0 0.0
0.0 0.0 0.0
0.0 0.0 0.0
0.0 0.0 0.0
0.0 0.0 0.0
0.0 0.0 0.0
0.0 0.0 0.0
0.0 0.0 0.0
0.0 0.0 0.0
0.0 0.0 0.0
0.0 0.0 0.0
0.0 0.0 0.0
0.0 0.0 0.0
0.0 0.0 0.0
0.0 0.0 0.0
0.0 0.0 0.0
0.0 0.0 0.0
0.0 0.0 0.0
0.0 0.0 0.0
0.0 0.0 0.0
0.0 0.0 0.0
0.0 0.0 0.0
0.0 0.0 0.0
0.0 0.0 0.0
0.0 0.0 0.0
0.0 0.0 0.0
0.0 0.0 0.0
0.0 0.0 0.0
0.0 0.0 0.0
0.0 0.0 0.0
0.0 0.0 0.0
0.0 0.0 0.0
0.0 0.0 0.0
0.0 0.0 0.0
0.0 0.0 0.0
0.0 0.0 0.0
0.0 0.0 0.0
0.0 0.0 0.0
0.0 0.0 0.0
0.0 0.0 0.0
0.0 0.0 0.0
0.0 0.0 0.0
0.0 0.0 0.0
0.0 0.0 0.0
0.0 0.0 0.0
0.0 0.0 0.0
0.0 0.0 0.0
0.0 0.0 0.0
0.0 0.0 0.0
0.0 0.0 0.0
0.0 0.0 0.0
0.0 0.0 0.0
0.0 0.0 0.0
0.0 0.0 0.0
0.0 0.0 0.0
0.0 0.0 0.0
0.0 0.0 0.0
0.0 0.0 0.0
0.0 0.0 0.0
0.0 0.0 0.0
0.0 0.0 0.0
0.0 0.0 0.0
0.0 0.0 0.0
0.0 0.0 0.0
0.0 0.0 0.0
0.0 0.0 0.0
0.0 0.0 0.0
0.0 0.0 0.0
0.0 0.0 0.0
0.0 0.0 0.0
0.0 0.0 0.0
0.0 0.0 0.0
0.0 0.0 0.0
0.0 0.0 0.0
0.0 0.0 0.0
0.0 0.0 0.0
0.0 0.0 0.0
0.0 0.0 0.0
0.0 0.0 0.0
0.0 0.0 0.0
0.0 0.0 0.0
0.0 0.0 0.0
0.0 0.0 0.0
0.0 0.0 0.0
0.0 0.0 0.0
0.0 0.0 0.0
0.0 0.0 0.0
0.0 0.0 0.0
0.0 0.0 0.0
0.0 0.0 0.0
0.0 0.0 0.0
0.0 0.0 0.0
0.0 0.0 0.0
0.0 0.0 0.0
0.0 0.0 0.0
0.0 0.0 0.0
0.0 0.0 0.0
0.0 0.0 0.0
0.0 0.0 0.0
0.0 0.0 0.0
0.0 0.0 0.0
0.0 0.0 0.0
0.0 0.0 0.0
0.0 0.0 0.0
0.0 0.0 0.0
0.0 0.0 0.0
0.0 0.0 0.0
0.0 0.0 0.0
0.0 0.0 0.0
0.0 0.0 0.0
0.0 0.0 0.0
0.0 0.0 0.0
0.0 0.0 0.0
0.0 0.0 0.0
0.0 0.0 0.0
0.0 0.0 0.0
0.0 0.0 0.0
0.0 0.0 0.0
0.0 0.0 0.0
0.0 0.0 0.0
0.0 0.0 0.0
0.0 0.0 0.0
0.0 0.0 0.0
0.0 0.0 0.0
0.0 0.0 0.0
0.0 0.0 0.0
0.0 0.0 0.0
0.0 0.0 0.0
0.0 0.0 0.0
0.0 0.0 0.0
0.0 0.0 0.0
0.0 0.0 0.0
0.0 0.0 0.0
0.0 0.0 0.0
0.0 0.0 0.0
0.0 0.0 0.0
0.0 0.0 0.0
0.0 0.0 0.0
0.0 0.0 0.0
0.0 0.0 0.0
0.0 0.0 0.0
0.0 0.0 0.0
0.0 0.0 0.0
0.0 0.0 0.0
0.0 0.0 0.0
0.0 0.0 0.0
0.0 0.0 0.0
0.0 0.0 0.0
0.0 0.0 0.0
0.0 0.0 0.0
0.0 0.0 0.0
0.0 0.0 0.0
0.0 0.0 0.0
0.0 0.0 0.0
0.0 0.0 0.0
0.0 0.0 0.0
0.0 0.0 0.0
0.0 0.0 0.0
0.0 0.0 0.0
0.0 0.0 0.0
0.0 0.0 0.0
0.0 0.0 0.0
0.0 0.0 0.0
0.0 0.0 0.0
0.0 0.0 0.0
0.0 0.0 0.0
0.0 0.0 0.0
0.0 0.0 0.0
0.0 0.0 0.0
0.0 0.0 0.0
0.0 0.0 0.0
0.0 0.0 0.0
0.0 0.0 0.0
-16.31946563720703 26.676681518554688 -3.1781022548675537
0.0 0.0 0.0
0.0 0.0 0.0
0.0 0.0 0.0
0.0 0.0 0.0
0.0 0.0 0.0
-13.806305885314941 24.848690032958984 -3.364396333694458
-13.559619903564453 24.819002151489258 -3.4257845878601074
0.0 0.0 0.0
0.0 0.0 0.0
0.0 0.0 0.0
0.0 0.0 0.0
-11.979382514953613 23.87681770324707 -3.5864946842193604
0.0 0.0 0.0
0.0 0.0 0.0
0.0 0.0 0.0
-10.78670597076416 23.082204818725586 -3.6768240928649902
0.0 0.0 0.0
-10.30740737915039 22.88689422607422 -3.7464966773986816
0.0 0.0 0.0
0.0 0.0 0.0
0.0 0.0 0.0
0.0 0.0 0.0
-9.039450645446777 22.102346420288086 -3.848344326019287
0.0 0.0 0.0
0.0 0.0 0.0
0.0 0.0 0.0
0.0 0.0 0.0
-7.894908428192139 21.410133361816406 -3.9355452060699463
0.0 0.0 0.0
0.0 0.0 0.0
-7.317616939544678 21.197359085083008 -4.013699531555176
0.0 0.0 0.0
-6.82777214050293 20.716806411743164 -3.995091676712036
0.0 0.0 0.0
-6.502741813659668 20.69556427001953 -4.06284236907959
-6.321558952331543 20.619165420532227 -4.081181526184082
0.0 0.0 0.0
-5.9969258308410645 20.57594871520996 -4.139349937438965
-5.765374660491943 20.315109252929688 -4.120548725128174
-5.634929180145264 20.395755767822266 -4.167796611785889
-5.4261064529418945 20.186967849731445 -4.155271530151367
-5.253272533416748 20.10239601135254 -4.168024063110352
-5.083773612976074 20.02384376525879 -4.18189811706543
-4.922701358795166 19.981870651245117 -4.201892852783203
-4.759881973266602 19.91604232788086 -4.214986324310303
-4.612030029296875 19.908546447753906 -4.240462303161621
-4.430190086364746 19.746971130371094 -4.233028888702393
-4.31337308883667 19.871726989746094 -4.285976886749268
-4.110976219177246 19.60762596130371 -4.253293037414551
-3.952922821044922 19.52861785888672 -4.260058879852295
-3.798952102661133 19.463401794433594 -4.269837856292725
-3.6680984497070312 19.51334571838379 -4.304731845855713
-3.5085325241088867 19.409156799316406 -4.30232572555542
-3.35495924949646 19.34161376953125 -4.308363914489746
-3.2035796642303467 19.26507568359375 -4.312065124511719
-3.0532898902893066 19.18741226196289 -4.315544605255127
-2.9248251914978027 19.241130828857422 -4.345572471618652
-2.776646137237549 19.162065505981445 -4.34509801864624
-2.637514591217041 19.13852310180664 -4.35730504989624
-2.4960665702819824 19.110408782958984 -4.368916034698486
-2.3517861366271973 19.036191940307617 -4.367508888244629
-2.226222515106201 19.112611770629883 -4.399065971374512
-2.0894927978515625 19.093534469604492 -4.408867359161377
-1.9405865669250488 18.952312469482422 -4.390558242797852
-1.8074429035186768 18.977127075195312 -4.409762382507324
-1.670744776725769 18.93706703186035 -4.4108686447143555
-1.5376052856445312 18.93014907836914 -4.419863224029541
-1.398025393486023 18.835050582885742 -4.4084272384643555
-1.2668787240982056 18.841442108154297 -4.420738220214844
-1.1319406032562256 18.825162887573242 -4.423940658569336
-1.0033046007156372 18.876178741455078 -4.443058013916016
-0.8719083666801453 18.880722045898438 -4.451469421386719
-0.7355814576148987 18.75898551940918 -4.430272579193115
-0.6103519797325134 18.92964744567871 -4.474822521209717
-0.4743162989616394 18.852691650390625 -4.4601640701293945
-0.342044860124588 18.797548294067383 -4.450799465179443
-0.21201595664024353 18.870712280273438 -4.472033500671387
-0.08065952360630035 18.83327865600586 -4.464895248413086
0.05038516968488693 18.825801849365234 -4.463017463684082
0.18202394247055054 18.904829025268555 -4.481863498687744
0.314618319272995 18.83087730407715 -4.46466588973999
0.4466167390346527 18.874141693115234 -4.474171161651611
0.5787053108215332 18.898208618164062 -4.476105690002441
0.7112929224967957 18.925151824951172 -4.478926658630371
0.845467746257782 18.97774887084961 -4.488020420074463
0.9773253202438354 18.923019409179688 -4.471728801727295
1.109858751296997 18.93299102783203 -4.466646194458008
1.2484445571899414 19.029298782348633 -4.482095718383789
1.3882830142974854 19.12461280822754 -4.497459888458252
1.5133559703826904 19.014171600341797 -4.4646453857421875
1.6802937984466553 19.37718391418457 -4.53963565826416
1.802216649055481 19.227886199951172 -4.4938788414001465
1.933200716972351 19.187576293945312 -4.473909378051758
2.0677878856658936 19.184200286865234 -4.462779998779297
2.2141177654266357 19.282442092895508 -4.473316192626953
2.358815908432007 19.33448028564453 -4.47091817855835
2.4994635581970215 19.366806030273438 -4.464358806610107
2.651609182357788 19.47734832763672 -4.475910663604736
2.794523239135742 19.51154136657715 -4.469048023223877
2.9366567134857178 19.534000396728516 -4.456614017486572
3.093318462371826 19.645795822143555 -4.464651107788086
3.243516206741333 19.692136764526367 -4.457566261291504
3.4037861824035645 19.80531120300293 -4.465954303741455
3.5323915481567383 19.73029899597168 -4.428243637084961
3.699924945831299 19.86821174621582 -4.438357353210449
3.8623101711273193 19.967327117919922 -4.439732074737549
4.024911880493164 20.046070098876953 -4.436213970184326
4.180393695831299 20.094526290893555 -4.423824310302734
4.3399858474731445 20.156936645507812 -4.413529396057129
4.513935089111328 20.277774810791016 -4.415971279144287
4.665805816650391 20.29291343688965 -4.395391941070557
4.833015441894531 20.358793258666992 -4.383963108062744
5.047826766967773 20.624826431274414 -4.414026737213135
5.210638999938965 20.66637420654297 -4.395755767822266
5.403918266296387 20.82150650024414 -4.401556491851807
5.550357341766357 20.79016876220703 -4.367338180541992
5.735847473144531 20.89059066772461 -4.357715606689453
5.917087078094482 20.97904396057129 -4.346023082733154
6.127705097198486 21.16166877746582 -4.353536605834961
6.306232929229736 21.224863052368164 -4.336243629455566
6.488437652587891 21.294387817382812 -4.317439556121826
6.703197002410889 21.453289031982422 -4.315713405609131
6.928327560424805 21.64389991760254 -4.320516109466553
7.150642395019531 21.814208984375 -4.320761203765869
7.332833766937256 21.85551643371582 -4.293224334716797
7.568572044372559 22.048011779785156 -4.294187068939209
7.770289897918701 22.133249282836914 -4.273901462554932
7.940003395080566 22.11458969116211 -4.232843399047852
8.215782165527344 22.391679763793945 -4.247349262237549
8.468010902404785 22.59054183959961 -4.244872093200684
8.720688819885254 22.77985382080078 -4.239944934844971
8.937203407287598 22.866405487060547 -4.215426921844482
9.203550338745117 23.064788818359375 -4.209559917449951
9.458776473999023 23.233299255371094 -4.196787357330322
9.72846508026123 23.427955627441406 -4.188097953796387
9.986482620239258 23.584476470947266 -4.171878337860107
10.315502166748047 23.898176193237305 -4.182116508483887
10.495774269104004 23.850948333740234 -4.125999450683594
10.865571022033691 24.2330379486084 -4.144256591796875
11.077473640441895 24.25316619873047 -4.09981107711792
11.395753860473633 24.4992618560791 -4.092589855194092
11.818018913269043 24.951677322387695 -4.116205215454102
12.058874130249023 25.0014591217041 -4.0713725090026855
12.321654319763184 25.0989933013916 -4.034831523895264
12.708662986755371 25.43996238708496 -4.035976409912109
13.000288963317871 25.57672882080078 -4.0014824867248535
13.292474746704102 25.707298278808594 -3.96532940864563
13.736842155456543 26.119327545166016 -3.971168279647827
14.093437194824219 26.344484329223633 -3.945249319076538
14.458390235900879 26.581226348876953 -3.9189727306365967
14.936271667480469 27.010799407958984 -3.9192869663238525
0.0 0.0 0.0
0.0 0.0 0.0
16.152719497680664 27.817157745361328 -3.8342087268829346
0.0 0.0 0.0
0.0 0.0 0.0
0.0 0.0 0.0
0.0 0.0 0.0
0.0 0.0 0.0
0.0 0.0 0.0
0.0 0.0 0.0
0.0 0.0 0.0
0.0 0.0 0.0
0.0 0.0 0.0
0.0 0.0 0.0
0.0 0.0 0.0
0.0 0.0 0.0
0.0 0.0 0.0
0.0 0.0 0.0
0.0 0.0 0.0
0.0 0.0 0.0
0.0 0.0 0.0
0.0 0.0 0.0
0.0 0.0 0.0
0.0 0.0 0.0
0.0 0.0 0.0
0.0 0.0 0.0
0.0 0.0 0.0
0.0 0.0 0.0
0.0 0.0 0.0
0.0 0.0 0.0
0.0 0.0 0.0
0.0 0.0 0.0
0.0 0.0 0.0
0.0 0.0 0.0
0.0 0.0 0.0
0.0 0.0 0.0
0.0 0.0 0.0
0.0 0.0 0.0
0.0 0.0 0.0
0.0 0.0 0.0
0.0 0.0 0.0
0.0 0.0 0.0
0.0 0.0 0.0
0.0 0.0 0.0
0.0 0.0 0.0
0.0 0.0 0.0
0.0 0.0 0.0
0.0 0.0 0.0
0.0 0.0 0.0
0.0 0.0 0.0
0.0 0.0 0.0
0.0 0.0 0.0
0.0 0.0 0.0
0.0 0.0 0.0
0.0 0.0 0.0
0.0 0.0 0.0
0.0 0.0 0.0
0.0 0.0 0.0
0.0 0.0 0.0
0.0 0.0 0.0
0.0 0.0 0.0
0.0 0.0 0.0
0.0 0.0 0.0
0.0 0.0 0.0
0.0 0.0 0.0
0.0 0.0 0.0
0.0 0.0 0.0
0.0 0.0 0.0
0.0 0.0 0.0
0.0 0.0 0.0
0.0 0.0 0.0
0.0 0.0 0.0
0.0 0.0 0.0
0.0 0.0 0.0
0.0 0.0 0.0
0.0 0.0 0.0
0.0 0.0 0.0
0.0 0.0 0.0
0.0 0.0 0.0
0.0 0.0 0.0
0.0 0.0 0.0
0.0 0.0 0.0
0.0 0.0 0.0
0.0 0.0 0.0
0.0 0.0 0.0
0.0 0.0 0.0
0.0 0.0 0.0
0.0 0.0 0.0
0.0 0.0 0.0
0.0 0.0 0.0
0.0 0.0 0.0
0.0 0.0 0.0
0.0 0.0 0.0
0.0 0.0 0.0
0.0 0.0 0.0
0.0 0.0 0.0
0.0 0.0 0.0
0.0 0.0 0.0
0.0 0.0 0.0
0.0 0.0 0.0
0.0 0.0 0.0
0.0 0.0 0.0
0.0 0.0 0.0
0.0 0.0 0.0
0.0 0.0 0.0
0.0 0.0 0.0
0.0 0.0 0.0
0.0 0.0 0.0
0.0 0.0 0.0
0.0 0.0 0.0
0.0 0.0 0.0
0.0 0.0 0.0
0.0 0.0 0.0
0.0 0.0 0.0
0.0 0.0 0.0
0.0 0.0 0.0
0.0 0.0 0.0
0.0 0.0 0.0
0.0 0.0 0.0
0.0 0.0 0.0
0.0 0.0 0.0
0.0 0.0 0.0
0.0 0.0 0.0
0.0 0.0 0.0
0.0 0.0 0.0
0.0 0.0 0.0
0.0 0.0 0.0
0.0 0.0 0.0
0.0 0.0 0.0
0.0 0.0 0.0
0.0 0.0 0.0
0.0 0.0 0.0
0.0 0.0 0.0
0.0 0.0 0.0
0.0 0.0 0.0
0.0 0.0 0.0
0.0 0.0 0.0
0.0 0.0 0.0
0.0 0.0 0.0
0.0 0.0 0.0
0.0 0.0 0.0
0.0 0.0 0.0
0.0 0.0 0.0
0.0 0.0 0.0
0.0 0.0 0.0
0.0 0.0 0.0
0.0 0.0 0.0
0.0 0.0 0.0
0.0 0.0 0.0
0.0 0.0 0.0
0.0 0.0 0.0
0.0 0.0 0.0
0.0 0.0 0.0
0.0 0.0 0.0
0.0 0.0 0.0
0.0 0.0 0.0
0.0 0.0 0.0
0.0 0.0 0.0
0.0 0.0 0.0
0.0 0.0 0.0
0.0 0.0 0.0
0.0 0.0 0.0
0.0 0.0 0.0
0.0 0.0 0.0
0.0 0.0 0.0
0.0 0.0 0.0
0.0 0.0 0.0
0.0 0.0 0.0
0.0 0.0 0.0
0.0 0.0 0.0
0.0 0.0 0.0
0.0 0.0 0.0
0.0 0.0 0.0
0.0 0.0 0.0
0.0 0.0 0.0
0.0 0.0 0.0
0.0 0.0 0.0
0.0 0.0 0.0
0.0 0.0 0.0
0.0 0.0 0.0
0.0 0.0 0.0
0.0 0.0 0.0
0.0 0.0 0.0
0.0 0.0 0.0
0.0 0.0 0.0
0.0 0.0 0.0
0.0 0.0 0.0
0.0 0.0 0.0
0.0 0.0 0.0
0.0 0.0 0.0
0.0 0.0 0.0
0.0 0.0 0.0
0.0 0.0 0.0
0.0 0.0 0.0
0.0 0.0 0.0
0.0 0.0 0.0
0.0 0.0 0.0
0.0 0.0 0.0
0.0 0.0 0.0
0.0 0.0 0.0
0.0 0.0 0.0
-20.949384689331055 29.627365112304688 -2.601435661315918
0.0 0.0 0.0
-19.946887969970703 29.06528091430664 -2.75980544090271
0.0 0.0 0.0
0.0 0.0 0.0
0.0 0.0 0.0
0.0 0.0 0.0
0.0 0.0 0.0
0.0 0.0 0.0
0.0 0.0 0.0
0.0 0.0 0.0
0.0 0.0 0.0
0.0 0.0 0.0
-14.846762657165527 25.657434463500977 -3.279282569885254
0.0 0.0 0.0
0.0 0.0 0.0
0.0 0.0 0.0
0.0 0.0 0.0
0.0 0.0 0.0
0.0 0.0 0.0
0.0 0.0 0.0
-12.169656753540039 24.042068481445312 -3.5515952110290527
0.0 0.0 0.0
0.0 0.0 0.0
-11.24746322631836 23.422897338867188 -3.620073080062866
0.0 0.0 0.0
0.0 0.0 0.0
0.0 0.0 0.0
0.0 0.0 0.0
0.0 0.0 0.0
0.0 0.0 0.0
0.0 0.0 0.0
0.0 0.0 0.0
-8.982030868530273 22.177473068237305 -3.8454699516296387
0.0 0.0 0.0
0.0 0.0 0.0
0.0 0.0 0.0
0.0 0.0 0.0
0.0 0.0 0.0
0.0 0.0 0.0
0.0 0.0 0.0
-7.2361321449279785 21.204195022583008 -3.9922969341278076
0.0 0.0 0.0
0.0 0.0 0.0
0.0 0.0 0.0
-6.4505181312561035 20.776395797729492 -4.052243232727051
-6.251951217651367 20.652420043945312 -4.0622477531433105
-6.078727722167969 20.596025466918945 -4.08473014831543
-5.8863091468811035 20.468456268310547 -4.091613292694092
-5.7272629737854 20.450284957885742 -4.118603229522705
-5.561692714691162 20.40497589111328 -4.140139102935791
-5.385749340057373 20.32552719116211 -4.15519380569458
-5.226944446563721 20.29621696472168 -4.179269313812256
-5.034748077392578 20.128623962402344 -4.172206401824951
-4.876614093780518 20.08966636657715 -4.191682815551758
-4.711524963378906 20.01592254638672 -4.203848838806152
-4.527450084686279 19.862966537475586 -4.199672222137451
-4.385377407073975 19.876760482788086 -4.227046966552734
-4.2161946296691895 19.76239776611328 -4.227062702178955
-4.081999778747559 19.807666778564453 -4.261289596557617
-3.9130868911743164 19.6795711517334 -4.258270263671875
-3.756014108657837 19.61477279663086 -4.266849994659424
-3.6101596355438232 19.589948654174805 -4.282674789428711
-3.439531087875366 19.421180725097656 -4.266988277435303
-3.3083815574645996 19.469335556030273 -4.299021244049072
-3.173222780227661 19.4942569732666 -4.324627876281738
-3.0002591609954834 19.29279136657715 -4.298155784606934
-2.878103494644165 19.395261764526367 -4.339157581329346
-2.7210512161254883 19.2590389251709 -4.326908588409424
-2.5821444988250732 19.242658615112305 -4.34107780456543
-2.443389892578125 19.22220802307129 -4.351020336151123
-2.3036820888519287 19.18940544128418 -4.358319282531738
-2.1706597805023193 19.23151206970215 -4.3831071853637695
-2.02036190032959 19.090665817260742 -4.366044998168945
-1.8880032300949097 19.108671188354492 -4.381713390350342
-1.7532801628112793 19.10312843322754 -4.391660213470459
-1.6134008169174194 19.032127380371094 -4.38670539855957
-1.4852973222732544 19.127235412597656 -4.420455455780029
-1.3425997495651245 19.001693725585938 -4.400693416595459
-1.2072334289550781 18.959033966064453 -4.398592948913574
-1.078415036201477 19.02179718017578 -4.421176433563232
-0.94386887550354 18.984867095947266 -4.4208083152771
-0.8102502822875977 19.00819969177246 -4.433304786682129
-0.6731116771697998 18.875329971313477 -4.406432628631592
-0.5454995632171631 19.00765609741211 -4.441682815551758
-0.41285476088523865 18.99079132080078 -4.442310333251953
-0.28030356764793396 18.961647033691406 -4.4400248527526855
-0.14682279527187347 19.065645217895508 -4.464926242828369
-0.014161895960569382 18.970924377441406 -4.443497180938721
0.11797721683979034 19.004596710205078 -4.452354431152344
0.24952365458011627 18.946075439453125 -4.4398274421691895
0.38238030672073364 18.9976863861084 -4.449866771697998
0.5135720372200012 18.964927673339844 -4.439448833465576
0.6525804996490479 19.09844970703125 -4.468108654022217
0.7810800671577454 18.99161148071289 -4.440797805786133
0.9234979748725891 19.199787139892578 -4.484981060028076
1.0580331087112427 19.209863662719727 -4.480908393859863
1.190724492073059 19.188621520996094 -4.469754219055176
1.3326901197433472 19.268817901611328 -4.4823150634765625
1.466792106628418 19.26109504699707 -4.4736223220825195
1.5943477153778076 19.173473358154297 -4.443443775177002
1.7416040897369385 19.316247940063477 -4.46683931350708
1.8727390766143799 19.272266387939453 -4.447216510772705
2.0213401317596436 19.374858856201172 -4.461416721343994
2.1605143547058105 19.401784896850586 -4.45432186126709
2.3097140789031982 19.507143020629883 -4.465276718139648
2.4557442665100098 19.573589324951172 -4.467408180236816
2.593153476715088 19.567201614379883 -4.453090667724609
2.741269111633301 19.616756439208984 -4.448602676391602
2.9093668460845947 19.812833786010742 -4.476418972015381
3.026376247406006 19.657106399536133 -4.424907207489014
3.198970079421997 19.858341217041016 -4.453901767730713
3.352302074432373 19.92688751220703 -4.451463222503662
3.4976296424865723 19.942127227783203 -4.434922218322754
3.6450448036193848 19.95219612121582 -4.417046546936035
3.814586877822876 20.089052200317383 -4.427613258361816
4.012067794799805 20.35579490661621 -4.466094017028809
4.122797966003418 20.176095962524414 -4.40364408493042
4.29447603225708 20.294776916503906 -4.406554698944092
4.442671775817871 20.284704208374023 -4.381159782409668
4.606060028076172 20.352304458618164 -4.373053550720215
4.7924885749816895 20.512311935424805 -4.3816914558410645
4.97763729095459 20.65601921081543 -4.386185646057129
5.150424480438232 20.738739013671875 -4.377560615539551
5.326012134552002 20.815866470336914 -4.367277145385742
5.511472225189209 20.93315315246582 -4.363812446594238
5.6831841468811035 20.98991584777832 -4.3462700843811035
5.876338958740234 21.119169235229492 -4.343634605407715
0.0 0.0 0.0
6.271590709686279 21.37228012084961 -4.335055351257324
6.468822479248047 21.489728927612305 -4.326467514038086
6.661212921142578 21.583499908447266 -4.312896728515625
6.851592063903809 21.664714813232422 -4.296686172485352
7.058888912200928 21.791839599609375 -4.289086818695068
7.296144962310791 22.001482009887695 -4.294746398925781
7.49734354019165 22.08450698852539 -4.274689197540283
7.718865871429443 22.228286743164062 -4.266697883605957
7.936163425445557 22.352031707763672 -4.254533290863037
8.15984058380127 22.485002517700195 -4.2414631843566895
8.368548393249512 22.569074630737305 -4.218498229980469
8.643211364746094 22.81231689453125 -4.224023342132568
8.845075607299805 22.86359977722168 -4.194261074066162
9.121368408203125 23.09982681274414 -4.1962785720825195
9.442068099975586 23.433481216430664 -4.214189052581787
9.627241134643555 23.421709060668945 -4.16939640045166
0.0 0.0 0.0
10.16634464263916 23.779407501220703 -4.144272804260254
10.432451248168945 23.939128875732422 -4.125940322875977
10.677617073059082 24.043481826782227 -4.097563743591309
10.961518287658691 24.226411819458008 -4.08192777633667
11.2882719039917 24.486431121826172 -4.076384544372559
0.0 0.0 0.0
0.0 0.0 0.0
12.33694076538086 25.354524612426758 -4.065737724304199
12.559844017028809 25.363245010375977 -4.013959884643555
12.971962928771973 25.743091583251953 -4.018659591674805
13.19182300567627 25.72457504272461 -3.959322214126587
13.598762512207031 26.06937599182129 -3.9559597969055176
14.065054893493652 26.512998580932617 -3.9643595218658447
14.356897354125977 26.613800048828125 -3.919015884399414
0.0 0.0 0.0
0.0 0.0 0.0
15.625022888183594 27.566478729248047 -3.867051601409912
0.0 0.0 0.0
0.0 0.0 0.0
0.0 0.0 0.0
0.0 0.0 0.0
0.0 0.0 0.0
0.0 0.0 0.0
18.638227462768555 29.441343307495117 -3.607246160507202
0.0 0.0 0.0
0.0 0.0 0.0
0.0 0.0 0.0
0.0 0.0 0.0
0.0 0.0 0.0
0.0 0.0 0.0
0.0 0.0 0.0
0.0 0.0 0.0
0.0 0.0 0.0
0.0 0.0 0.0
0.0 0.0 0.0
0.0 0.0 0.0
0.0 0.0 0.0
0.0 0.0 0.0
0.0 0.0 0.0
0.0 0.0 0.0
0.0 0.0 0.0
0.0 0.0 0.0
0.0 0.0 0.0
0.0 0.0 0.0
0.0 0.0 0.0
0.0 0.0 0.0
0.0 0.0 0.0
0.0 0.0 0.0
0.0 0.0 0.0
0.0 0.0 0.0
0.0 0.0 0.0
0.0 0.0 0.0
0.0 0.0 0.0
0.0 0.0 0.0
0.0 0.0 0.0
0.0 0.0 0.0
0.0 0.0 0.0
0.0 0.0 0.0
0.0 0.0 0.0
0.0 0.0 0.0
0.0 0.0 0.0
0.0 0.0 0.0
0.0 0.0 0.0
0.0 0.0 0.0
0.0 0.0 0.0
0.0 0.0 0.0
0.0 0.0 0.0
0.0 0.0 0.0
0.0 0.0 0.0
0.0 0.0 0.0
0.0 0.0 0.0
0.0 0.0 0.0
0.0 0.0 0.0
0.0 0.0 0.0
0.0 0.0 0.0
0.0 0.0 0.0
0.0 0.0 0.0
0.0 0.0 0.0
0.0 0.0 0.0
0.0 0.0 0.0
0.0 0.0 0.0
0.0 0.0 0.0
0.0 0.0 0.0
0.0 0.0 0.0
0.0 0.0 0.0
0.0 0.0 0.0
0.0 0.0 0.0
0.0 0.0 0.0
0.0 0.0 0.0
0.0 0.0 0.0
0.0 0.0 0.0
0.0 0.0 0.0
0.0 0.0 0.0
0.0 0.0 0.0
0.0 0.0 0.0
0.0 0.0 0.0
0.0 0.0 0.0
0.0 0.0 0.0
0.0 0.0 0.0
0.0 0.0 0.0
0.0 0.0 0.0
0.0 0.0 0.0
0.0 0.0 0.0
0.0 0.0 0.0
0.0 0.0 0.0
0.0 0.0 0.0
0.0 0.0 0.0
0.0 0.0 0.0
0.0 0.0 0.0
0.0 0.0 0.0
0.0 0.0 0.0
0.0 0.0 0.0
0.0 0.0 0.0
0.0 0.0 0.0
0.0 0.0 0.0
0.0 0.0 0.0
0.0 0.0 0.0
0.0 0.0 0.0
0.0 0.0 0.0
0.0 0.0 0.0
0.0 0.0 0.0
0.0 0.0 0.0
0.0 0.0 0.0
0.0 0.0 0.0
0.0 0.0 0.0
0.0 0.0 0.0
0.0 0.0 0.0
0.0 0.0 0.0
0.0 0.0 0.0
0.0 0.0 0.0
0.0 0.0 0.0
0.0 0.0 0.0
0.0 0.0 0.0
0.0 0.0 0.0
0.0 0.0 0.0
0.0 0.0 0.0
0.0 0.0 0.0
0.0 0.0 0.0
0.0 0.0 0.0
0.0 0.0 0.0
0.0 0.0 0.0
0.0 0.0 0.0
0.0 0.0 0.0
0.0 0.0 0.0
0.0 0.0 0.0
0.0 0.0 0.0
0.0 0.0 0.0
0.0 0.0 0.0
0.0 0.0 0.0
0.0 0.0 0.0
0.0 0.0 0.0
0.0 0.0 0.0
0.0 0.0 0.0
0.0 0.0 0.0
0.0 0.0 0.0
0.0 0.0 0.0
0.0 0.0 0.0
0.0 0.0 0.0
0.0 0.0 0.0
0.0 0.0 0.0
0.0 0.0 0.0
0.0 0.0 0.0
0.0 0.0 0.0
0.0 0.0 0.0
0.0 0.0 0.0
0.0 0.0 0.0
0.0 0.0 0.0
0.0 0.0 0.0
0.0 0.0 0.0
0.0 0.0 0.0
0.0 0.0 0.0
0.0 0.0 0.0
0.0 0.0 0.0
0.0 0.0 0.0
0.0 0.0 0.0
0.0 0.0 0.0
0.0 0.0 0.0
0.0 0.0 0.0
0.0 0.0 0.0
0.0 0.0 0.0
0.0 0.0 0.0
0.0 0.0 0.0
0.0 0.0 0.0
0.0 0.0 0.0
0.0 0.0 0.0
0.0 0.0 0.0
0.0 0.0 0.0
0.0 0.0 0.0
0.0 0.0 0.0
0.0 0.0 0.0
0.0 0.0 0.0
0.0 0.0 0.0
0.0 0.0 0.0
0.0 0.0 0.0
0.0 0.0 0.0
0.0 0.0 0.0
0.0 0.0 0.0
0.0 0.0 0.0
0.0 0.0 0.0
0.0 0.0 0.0
0.0 0.0 0.0
0.0 0.0 0.0
0.0 0.0 0.0
0.0 0.0 0.0
0.0 0.0 0.0
0.0 0.0 0.0
0.0 0.0 0.0
0.0 0.0 0.0
0.0 0.0 0.0
0.0 0.0 0.0
0.0 0.0 0.0
0.0 0.0 0.0
0.0 0.0 0.0
0.0 0.0 0.0
0.0 0.0 0.0
0.0 0.0 0.0
-20.792905807495117 29.623924255371094 -2.640892505645752
0.0 0.0 0.0
0.0 0.0 0.0
0.0 0.0 0.0
0.0 0.0 0.0
0.0 0.0 0.0
0.0 0.0 0.0
0.0 0.0 0.0
0.0 0.0 0.0
0.0 0.0 0.0
0.0 0.0 0.0
0.0 0.0 0.0
0.0 0.0 0.0
0.0 0.0 0.0
0.0 0.0 0.0
0.0 0.0 0.0
0.0 0.0 0.0
0.0 0.0 0.0
0.0 0.0 0.0
-12.624651908874512 24.302289962768555 -3.4754552841186523
-12.312005043029785 24.109264373779297 -3.5038952827453613
0.0 0.0 0.0
-11.741332054138184 23.812725067138672 -3.570586681365967
0.0 0.0 0.0
0.0 0.0 0.0
0.0 0.0 0.0
0.0 0.0 0.0
0.0 0.0 0.0
0.0 0.0 0.0
0.0 0.0 0.0
0.0 0.0 0.0
0.0 0.0 0.0
0.0 0.0 0.0
-8.82359504699707 22.009708404541016 -3.803574800491333
0.0 0.0 0.0
0.0 0.0 0.0
0.0 0.0 0.0
-8.016746520996094 21.739765167236328 -3.9197518825531006
0.0 0.0 0.0
-7.594976902008057 21.51474380493164 -3.9552547931671143
-7.4159979820251465 21.48319435119629 -3.986847162246704
-7.150510787963867 21.19141960144043 -3.9696314334869385
-6.927716255187988 21.02220916748047 -3.9744489192962646
0.0 0.0 0.0
-6.579407215118408 20.94078254699707 -4.027032852172852
-6.4008870124816895 20.87959861755371 -4.049285411834717
-6.234623432159424 20.853759765625 -4.078049182891846
-6.013116359710693 20.635480880737305 -4.066319465637207
-5.823951721191406 20.526554107666016 -4.07627010345459
-5.675859451293945 20.548566818237305 -4.111667633056641
-5.505990982055664 20.487960815429688 -4.130548000335693
-5.309205055236816 20.318944931030273 -4.12469482421875
-5.160556793212891 20.326580047607422 -4.1540937423706055
-4.98195743560791 20.222023010253906 -4.161064147949219
-4.803229331970215 20.096887588500977 -4.1631035804748535
-4.654127597808838 20.090011596679688 -4.1877217292785645
-4.498683452606201 20.052392959594727 -4.204704761505127
-4.332625389099121 19.96123695373535 -4.210447311401367
-4.168805122375488 19.884143829345703 -4.219521522521973
-4.014873027801514 19.835561752319336 -4.233108997344971
-3.8616063594818115 19.78632164001465 -4.244272708892822
-3.7277238368988037 19.833541870117188 -4.276264667510986
-3.571467876434326 19.7595272064209 -4.282275676727295
-3.3959319591522217 19.57927703857422 -4.2653679847717285
-3.2574424743652344 19.59015464782715 -4.286172866821289
-3.106511354446411 19.520843505859375 -4.289534091949463
-2.9618680477142334 19.484359741210938 -4.3001861572265625
-2.810222864151001 19.39394760131836 -4.2989935874938965
-2.666161060333252 19.34835433959961 -4.304960250854492
-2.5231921672821045 19.3210506439209 -4.314352989196777
-2.3952155113220215 19.390867233276367 -4.345396041870117
-2.2531535625457764 19.346195220947266 -4.350994110107422
-2.1060855388641357 19.247840881347656 -4.342748165130615
-1.9782764911651611 19.323280334472656 -4.371673107147217
-1.8390260934829712 19.310754776000977 -4.381132125854492
-1.7006919384002686 19.278100967407227 -4.385990619659424
-1.5586073398590088 19.191469192504883 -4.377950668334961
-1.4219998121261597 19.16157341003418 -4.379395961761475
-1.2857722043991089 19.126903533935547 -4.379919052124023
-1.1524651050567627 19.171194076538086 -4.398894786834717
-1.0165940523147583 19.13081169128418 -4.398494720458984
-0.8812275528907776 19.086488723754883 -4.393610000610352
-0.7505660653114319 19.147825241088867 -4.412799835205078
-0.6176425814628601 19.158796310424805 -4.420607566833496
-0.47996488213539124 19.081361770629883 -4.408313274383545
-0.3484792113304138 19.14812469482422 -4.426743507385254
-0.21621040999889374 19.23719024658203 -4.448817729949951
-0.08169262856245041 19.085575103759766 -4.415440559387207
0.05118369311094284 19.11189842224121 -4.42343282699585
0.18475985527038574 19.17184066772461 -4.438074111938477
0.32058727741241455 19.185819625854492 -4.439248085021973
0.45491907000541687 19.2179012298584 -4.444855690002441
0.5885204076766968 19.214807510375977 -4.442541599273682
0.7219607830047607 19.203203201293945 -4.438345909118652
0.8589675426483154 19.279075622558594 -4.45029878616333
0.9951537251472473 19.26643180847168 -4.441912651062012
1.130838394165039 19.29094886779785 -4.442408561706543
1.2660595178604126 19.2993106842041 -4.439380645751953
1.4032176733016968 19.33020782470703 -4.438497066497803
1.542272925376892 19.379364013671875 -4.440873622894287
0.0 0.0 0.0
1.8240466117858887 19.463117599487305 -4.442639350891113
1.9676330089569092 19.53240203857422 -4.448211669921875
2.106245517730713 19.544288635253906 -4.438630104064941
2.2581589221954346 19.668773651123047 -4.454737186431885
2.389972686767578 19.591341018676758 -4.4250688552856445
2.5388340950012207 19.672203063964844 -4.4308695793151855
2.6868937015533447 19.737577438354492 -4.429861545562744
2.831810712814331 19.771636962890625 -4.42192268371582
2.985121726989746 19.857463836669922 -4.425676345825195
3.1227059364318848 19.832813262939453 -4.404933452606201
3.289907693862915 19.973251342773438 -4.417276859283447
3.4309942722320557 19.962310791015625 -4.395995140075684
3.5633363723754883 19.901491165161133 -4.36397647857666
3.7598700523376465 20.188961029052734 -4.408317565917969
3.9130139350891113 20.227590560913086 -4.396176815032959
4.062554836273193 20.231258392333984 -4.37471342086792
4.228428363800049 20.32404899597168 -4.372985363006592
4.408020496368408 20.471574783325195 -4.382918357849121
4.565618515014648 20.509611129760742 -4.3683905601501465
4.752222061157227 20.66999053955078 -4.377339839935303
4.914796829223633 20.70543670654297 -4.359285831451416
5.100921630859375 20.844255447387695 -4.363391399383545
5.2864155769348145 20.97039222717285 -4.364668369293213
5.440735816955566 20.965749740600586 -4.335540294647217
5.621089935302734 21.056148529052734 -4.326052665710449
5.816688060760498 21.185150146484375 -4.323849201202393
6.017919063568115 21.335254669189453 -4.326218128204346
6.219491481781006 21.476669311523438 -4.324351787567139
6.402435302734375 21.546672821044922 -4.307159900665283
6.577703952789307 21.58580207824707 -4.283743381500244
6.794207572937012 21.743757247924805 -4.2831902503967285
6.9941887855529785 21.84956932067871 -4.271256923675537
7.210729598999023 21.997644424438477 -4.265737056732178
7.433351516723633 22.15473747253418 -4.261568069458008
7.678496360778809 22.36802101135254 -4.267704486846924
7.839117527008057 22.32880210876465 -4.224843978881836
8.067373275756836 22.468862533569336 -4.213237285614014
8.386961936950684 22.85689926147461 -4.247885227203369
8.582535743713379 22.89578628540039 -4.217018127441406
8.836751937866211 23.084135055541992 -4.213198184967041
9.064523696899414 23.195209503173828 -4.1924333572387695
9.294501304626465 23.296024322509766 -4.168684005737305
9.550869941711426 23.463666915893555 -4.157196044921875
9.836822509765625 23.692960739135742 -4.155885696411133
10.156564712524414 23.990873336791992 -4.163524150848389
10.342190742492676 23.963111877441406 -4.1138596534729
10.622559547424316 24.14115333557129 -4.098428249359131
10.876130104064941 24.257747650146484 -4.072751522064209
11.216200828552246 24.55878448486328 -4.075399398803711
11.613612174987793 24.96835708618164 -4.094141483306885
11.888297080993652 25.101303100585938 -4.0663743019104
12.160053253173828 25.21291732788086 -4.033725738525391
12.471505165100098 25.407060623168945 -4.012321472167969
12.817890167236328 25.660247802734375 -3.9986560344696045
0.0 0.0 0.0
13.50922966003418 26.128311157226562 -3.9618029594421387
13.885913848876953 26.405412673950195 -3.9457991123199463
0.0 0.0 0.0
14.6707124710083 26.969318389892578 -3.909000873565674
0.0 0.0 0.0
0.0 0.0 0.0
15.928836822509766 27.88069725036621 -3.847647190093994
16.280595779418945 28.033950805664062 -3.8013436794281006
16.755172729492188 28.39665985107422 -3.782045602798462
0.0 0.0 0.0
0.0 0.0 0.0
0.0 0.0 0.0
0.0 0.0 0.0
0.0 0.0 0.0
0.0 0.0 0.0
0.0 0.0 0.0
0.0 0.0 0.0
0.0 0.0 0.0
0.0 0.0 0.0
0.0 0.0 0.0
0.0 0.0 0.0
0.0 0.0 0.0
0.0 0.0 0.0
0.0 0.0 0.0
0.0 0.0 0.0
0.0 0.0 0.0
0.0 0.0 0.0
0.0 0.0 0.0
0.0 0.0 0.0
0.0 0.0 0.0
0.0 0.0 0.0
0.0 0.0 0.0
0.0 0.0 0.0
0.0 0.0 0.0
0.0 0.0 0.0
0.0 0.0 0.0
0.0 0.0 0.0
0.0 0.0 0.0
0.0 0.0 0.0
0.0 0.0 0.0
0.0 0.0 0.0
0.0 0.0 0.0
0.0 0.0 0.0
0.0 0.0 0.0
0.0 0.0 0.0
0.0 0.0 0.0
0.0 0.0 0.0
0.0 0.0 0.0
0.0 0.0 0.0
0.0 0.0 0.0
0.0 0.0 0.0
0.0 0.0 0.0
0.0 0.0 0.0
0.0 0.0 0.0
0.0 0.0 0.0
0.0 0.0 0.0
0.0 0.0 0.0
0.0 0.0 0.0
0.0 0.0 0.0
0.0 0.0 0.0
0.0 0.0 0.0
0.0 0.0 0.0
0.0 0.0 0.0
0.0 0.0 0.0
0.0 0.0 0.0
0.0 0.0 0.0
0.0 0.0 0.0
0.0 0.0 0.0
0.0 0.0 0.0
0.0 0.0 0.0
0.0 0.0 0.0
0.0 0.0 0.0
0.0 0.0 0.0
0.0 0.0 0.0
0.0 0.0 0.0
0.0 0.0 0.0
0.0 0.0 0.0
0.0 0.0 0.0
0.0 0.0 0.0
0.0 0.0 0.0
0.0 0.0 0.0
0.0 0.0 0.0
0.0 0.0 0.0
0.0 0.0 0.0
0.0 0.0 0.0
0.0 0.0 0.0
0.0 0.0 0.0
0.0 0.0 0.0
0.0 0.0 0.0
0.0 0.0 0.0
0.0 0.0 0.0
0.0 0.0 0.0
0.0 0.0 0.0
0.0 0.0 0.0
0.0 0.0 0.0
0.0 0.0 0.0
0.0 0.0 0.0
0.0 0.0 0.0
0.0 0.0 0.0
0.0 0.0 0.0
0.0 0.0 0.0
0.0 0.0 0.0
0.0 0.0 0.0
0.0 0.0 0.0
0.0 0.0 0.0
0.0 0.0 0.0
0.0 0.0 0.0
0.0 0.0 0.0
0.0 0.0 0.0
0.0 0.0 0.0
0.0 0.0 0.0
0.0 0.0 0.0
0.0 0.0 0.0
0.0 0.0 0.0
0.0 0.0 0.0
0.0 0.0 0.0
0.0 0.0 0.0
0.0 0.0 0.0
0.0 0.0 0.0
0.0 0.0 0.0
0.0 0.0 0.0
0.0 0.0 0.0
0.0 0.0 0.0
0.0 0.0 0.0
0.0 0.0 0.0
0.0 0.0 0.0
0.0 0.0 0.0
0.0 0.0 0.0
0.0 0.0 0.0
0.0 0.0 0.0
0.0 0.0 0.0
0.0 0.0 0.0
0.0 0.0 0.0
0.0 0.0 0.0
0.0 0.0 0.0
0.0 0.0 0.0
0.0 0.0 0.0
0.0 0.0 0.0
0.0 0.0 0.0
0.0 0.0 0.0
0.0 0.0 0.0
0.0 0.0 0.0
0.0 0.0 0.0
0.0 0.0 0.0
0.0 0.0 0.0
0.0 0.0 0.0
0.0 0.0 0.0
0.0 0.0 0.0
0.0 0.0 0.0
0.0 0.0 0.0
0.0 0.0 0.0
0.0 0.0 0.0
0.0 0.0 0.0
0.0 0.0 0.0
0.0 0.0 0.0
0.0 0.0 0.0
0.0 0.0 0.0
0.0 0.0 0.0
0.0 0.0 0.0
0.0 0.0 0.0
0.0 0.0 0.0
0.0 0.0 0.0
0.0 0.0 0.0
0.0 0.0 0.0
0.0 0.0 0.0
0.0 0.0 0.0
0.0 0.0 0.0
0.0 0.0 0.0
0.0 0.0 0.0
0.0 0.0 0.0
0.0 0.0 0.0
0.0 0.0 0.0
0.0 0.0 0.0
0.0 0.0 0.0
0.0 0.0 0.0
0.0 0.0 0.0
0.0 0.0 0.0
0.0 0.0 0.0
0.0 0.0 0.0
0.0 0.0 0.0
0.0 0.0 0.0
0.0 0.0 0.0
0.0 0.0 0.0
0.0 0.0 0.0
0.0 0.0 0.0
0.0 0.0 0.0
0.0 0.0 0.0
0.0 0.0 0.0
0.0 0.0 0.0
0.0 0.0 0.0
0.0 0.0 0.0
0.0 0.0 0.0
0.0 0.0 0.0
0.0 0.0 0.0
0.0 0.0 0.0
0.0 0.0 0.0
0.0 0.0 0.0
0.0 0.0 0.0
0.0 0.0 0.0
0.0 0.0 0.0
0.0 0.0 0.0
0.0 0.0 0.0
0.0 0.0 0.0
0.0 0.0 0.0
0.0 0.0 0.0
0.0 0.0 0.0
-21.13568687438965 29.894609451293945 -2.5912411212921143
0.0 0.0 0.0
0.0 0.0 0.0
0.0 0.0 0.0
0.0 0.0 0.0
0.0 0.0 0.0
0.0 0.0 0.0
0.0 0.0 0.0
0.0 0.0 0.0
-16.65137481689453 27.011245727539062 -3.104520082473755
0.0 0.0 0.0
0.0 0.0 0.0
0.0 0.0 0.0
0.0 0.0 0.0
0.0 0.0 0.0
0.0 0.0 0.0
-13.816122055053711 25.079952239990234 -3.3424007892608643
0.0 0.0 0.0
0.0 0.0 0.0
0.0 0.0 0.0
0.0 0.0 0.0
0.0 0.0 0.0
0.0 0.0 0.0
-11.801807403564453 24.141738891601562 -3.6088509559631348
-11.364721298217773 23.664348602294922 -3.589507579803467
0.0 0.0 0.0
0.0 0.0 0.0
0.0 0.0 0.0
0.0 0.0 0.0
0.0 0.0 0.0
-9.708638191223145 22.603822708129883 -3.7107362747192383
0.0 0.0 0.0
-9.304369926452637 22.52158546447754 -3.7855236530303955
0.0 0.0 0.0
0.0 0.0 0.0
0.0 0.0 0.0
0.0 0.0 0.0
-8.13139820098877 21.811662673950195 -3.870543956756592
0.0 0.0 0.0
-7.719205856323242 21.621492385864258 -3.9121956825256348
0.0 0.0 0.0
0.0 0.0 0.0
0.0 0.0 0.0
0.0 0.0 0.0
0.0 0.0 0.0
-6.502127647399902 20.944990158081055 -4.000771522521973
-6.332305431365967 20.920991897583008 -4.029155731201172
-6.123483657836914 20.75145149230957 -4.027900695800781
-5.979040145874023 20.79405403137207 -4.067689895629883
-5.79066276550293 20.680402755737305 -4.076935768127441
-5.6073808670043945 20.576509475708008 -4.0864362716674805
-5.473759651184082 20.66094970703125 -4.132267475128174
-5.290072917938232 20.543413162231445 -4.13728666305542
-5.095276832580566 20.372318267822266 -4.131237030029297
-4.903219223022461 20.199697494506836 -4.123879909515381
-4.803219795227051 20.406299591064453 -4.191617012023926
-4.610409736633301 20.22823143005371 -4.180951118469238
-4.458415508270264 20.208837509155273 -4.202505588531494
-4.271627426147461 20.023637771606445 -4.1894917488098145
-4.117917060852051 19.983652114868164 -4.2035698890686035
-3.971670150756836 19.976316452026367 -4.224347114562988
-3.8076395988464355 19.885616302490234 -4.2279052734375
-3.6681206226348877 19.906089782714844 -4.254819869995117
-3.500640869140625 19.76795196533203 -4.245561122894287
-3.3448617458343506 19.68528175354004 -4.246822834014893
-3.2057487964630127 19.695688247680664 -4.2682671546936035
-3.042560338973999 19.565752029418945 -4.259687900543213
-2.9057462215423584 19.581811904907227 -4.2813568115234375
-2.7587392330169678 19.525590896606445 -4.284901142120361
-2.6186020374298096 19.513696670532227 -4.298318862915039
-2.479391098022461 19.504558563232422 -4.312496662139893
-2.329977035522461 19.40732765197754 -4.307207107543945
-2.1930835247039795 19.427526473999023 -4.324315071105957
-2.0497846603393555 19.366926193237305 -4.323408126831055
-1.9195804595947266 19.426698684692383 -4.349555492401123
-1.7809747457504272 19.402048110961914 -4.357022285461426
-1.6382129192352295 19.323881149291992 -4.3496527671813965
-1.496545672416687 19.271652221679688 -4.347286224365234
-1.3623076677322388 19.279096603393555 -4.358404159545898
-1.220290184020996 19.163923263549805 -4.341952800750732
-1.0933493375778198 19.28394317626953 -4.3771843910217285
-0.9584552049636841 19.278066635131836 -4.381680488586426
-0.8218859434127808 19.286540985107422 -4.389761924743652
-0.6875701546669006 19.290185928344727 -4.396848678588867
-0.5506300330162048 19.2016544342041 -4.382506847381592
-0.41736897826194763 19.215795516967773 -4.3879499435424805
-0.28373751044273376 19.225200653076172 -4.3925299644470215
-0.14809682965278625 19.2869930267334 -4.409348011016846
-0.01400113943964243 19.26405906677246 -4.406967639923096
0.11997998505830765 19.27144432067871 -4.408109188079834
0.25386756658554077 19.262815475463867 -4.405112266540527
0.38862890005111694 19.295133590698242 -4.411691188812256
0.5246358513832092 19.36077308654785 -4.426098346710205
0.6618570685386658 19.36499786376953 -4.424293518066406
0.7976531386375427 19.387802124023438 -4.424951076507568
0.9359576106071472 19.451494216918945 -4.435128688812256
1.0765079259872437 19.540834426879883 -4.451338291168213
1.2051588296890259 19.41646957397461 -4.418102264404297
1.3503198623657227 19.51986312866211 -4.433456897735596
1.4820572137832642 19.45897674560547 -4.411838531494141
1.6267378330230713 19.560466766357422 -4.427219390869141
1.7655690908432007 19.581205368041992 -4.424490451812744
1.9082014560699463 19.635921478271484 -4.42575216293335
2.058164119720459 19.727375030517578 -4.4349188804626465
2.2052958011627197 19.802776336669922 -4.440792560577393
2.3483457565307617 19.83164405822754 -4.436361789703369
2.4846079349517822 19.803293228149414 -4.416719913482666
2.622314691543579 19.78563690185547 -4.398121356964111
2.780611038208008 19.89901351928711 -4.408539772033691
2.9389355182647705 20.015214920043945 -4.419845104217529
3.0849499702453613 20.03993034362793 -4.409846782684326
3.214956045150757 19.95850372314453 -4.374157905578613
3.386265754699707 20.128520965576172 -4.393701076507568
3.540971040725708 20.18807029724121 -4.3891119956970215
3.6937801837921143 20.216014862060547 -4.3773322105407715
3.8665971755981445 20.36036491394043 -4.38743257522583
4.027562618255615 20.43208122253418 -4.3818278312683105
4.201807498931885 20.562517166137695 -4.388799667358398
4.354471683502197 20.579282760620117 -4.3715033531188965
4.532410621643066 20.69581413269043 -4.372539043426514
4.689567565917969 20.721956253051758 -4.35386323928833
4.866622447967529 20.828872680664062 -4.352131366729736
5.042552947998047 20.923221588134766 -4.347716331481934
5.226537704467773 21.042428970336914 -4.3470258712768555
5.38284969329834 21.033727645874023 -4.3175787925720215
5.553179740905762 21.087419509887695 -4.301512241363525
5.766440391540527 21.295204162597656 -4.316703796386719
0.0 0.0 0.0
6.144900798797607 21.50286102294922 -4.3007707595825195
6.357265472412109 21.664657592773438 -4.302239418029785
6.598376750946045 21.920808792114258 -4.322486877441406
6.700563907623291 21.712526321411133 -4.251224040985107
6.974074363708496 22.053438186645508 -4.284881591796875
7.19711971282959 22.220012664794922 -4.283633708953857
7.3792877197265625 22.253273010253906 -4.256468772888184
7.605886936187744 22.404369354248047 -4.251034736633301
7.811835289001465 22.496484756469727 -4.233033657073975
8.067304611206055 22.721067428588867 -4.2385125160217285
8.251472473144531 22.737064361572266 -4.204744815826416
8.563389778137207 23.09447479248047 -4.2335615158081055
8.741580963134766 23.073575973510742 -4.190792083740234
9.000967979431152 23.267837524414062 -4.185955047607422
9.191152572631836 23.276920318603516 -4.147516250610352
9.446883201599121 23.445274353027344 -4.137124061584473
9.750569343566895 23.72201919555664 -4.144516944885254
10.021723747253418 23.898780822753906 -4.131075859069824
10.280773162841797 24.045656204223633 -4.112615585327148
10.540820121765137 24.186569213867188 -4.09258508682251
0.0 0.0 0.0
11.126616477966309 24.591962814331055 -4.068553447723389
0.0 0.0 0.0
11.77515697479248 25.082765579223633 -4.052083492279053
11.997674942016602 25.102615356445312 -4.006429672241211
12.463754653930664 25.617807388305664 -4.036520481109619
0.0 0.0 0.0
0.0 0.0 0.0
0.0 0.0 0.0
13.819825172424316 26.49661636352539 -3.9540529251098633
14.165791511535645 26.7058162689209 -3.9276962280273438
14.448936462402344 26.788822174072266 -3.8820135593414307
0.0 0.0 0.0
15.292550086975098 27.42621612548828 -3.8500049114227295
15.810853004455566 27.897438049316406 -3.8520126342773438
0.0 0.0 0.0
0.0 0.0 0.0
0.0 0.0 0.0
0.0 0.0 0.0
0.0 0.0 0.0
18.51763916015625 29.704853057861328 -3.6645333766937256
0.0 0.0 0.0
0.0 0.0 0.0
0.0 0.0 0.0
0.0 0.0 0.0
0.0 0.0 0.0
0.0 0.0 0.0
0.0 0.0 0.0
0.0 0.0 0.0
0.0 0.0 0.0
0.0 0.0 0.0
0.0 0.0 0.0
0.0 0.0 0.0
0.0 0.0 0.0
0.0 0.0 0.0
0.0 0.0 0.0
0.0 0.0 0.0
0.0 0.0 0.0
0.0 0.0 0.0
0.0 0.0 0.0
0.0 0.0 0.0
0.0 0.0 0.0
0.0 0.0 0.0
0.0 0.0 0.0
0.0 0.0 0.0
0.0 0.0 0.0
0.0 0.0 0.0
0.0 0.0 0.0
0.0 0.0 0.0
0.0 0.0 0.0
0.0 0.0 0.0
0.0 0.0 0.0
0.0 0.0 0.0
0.0 0.0 0.0
0.0 0.0 0.0
0.0 0.0 0.0
0.0 0.0 0.0
0.0 0.0 0.0
0.0 0.0 0.0
0.0 0.0 0.0
0.0 0.0 0.0
0.0 0.0 0.0
0.0 0.0 0.0
0.0 0.0 0.0
0.0 0.0 0.0
0.0 0.0 0.0
0.0 0.0 0.0
0.0 0.0 0.0
0.0 0.0 0.0
0.0 0.0 0.0
0.0 0.0 0.0
0.0 0.0 0.0
0.0 0.0 0.0
0.0 0.0 0.0
0.0 0.0 0.0
0.0 0.0 0.0
0.0 0.0 0.0
0.0 0.0 0.0
0.0 0.0 0.0
0.0 0.0 0.0
0.0 0.0 0.0
0.0 0.0 0.0
0.0 0.0 0.0
0.0 0.0 0.0
0.0 0.0 0.0
0.0 0.0 0.0
0.0 0.0 0.0
0.0 0.0 0.0
0.0 0.0 0.0
0.0 0.0 0.0
0.0 0.0 0.0
0.0 0.0 0.0
0.0 0.0 0.0
0.0 0.0 0.0
0.0 0.0 0.0
0.0 0.0 0.0
0.0 0.0 0.0
0.0 0.0 0.0
0.0 0.0 0.0
0.0 0.0 0.0
0.0 0.0 0.0
0.0 0.0 0.0
0.0 0.0 0.0
0.0 0.0 0.0
0.0 0.0 0.0
0.0 0.0 0.0
0.0 0.0 0.0
0.0 0.0 0.0
0.0 0.0 0.0
0.0 0.0 0.0
0.0 0.0 0.0
0.0 0.0 0.0
0.0 0.0 0.0
0.0 0.0 0.0
0.0 0.0 0.0
0.0 0.0 0.0
0.0 0.0 0.0
0.0 0.0 0.0
0.0 0.0 0.0
0.0 0.0 0.0
0.0 0.0 0.0
0.0 0.0 0.0
0.0 0.0 0.0
0.0 0.0 0.0
0.0 0.0 0.0
0.0 0.0 0.0
0.0 0.0 0.0
0.0 0.0 0.0
0.0 0.0 0.0
0.0 0.0 0.0
0.0 0.0 0.0
0.0 0.0 0.0
0.0 0.0 0.0
0.0 0.0 0.0
0.0 0.0 0.0
0.0 0.0 0.0
0.0 0.0 0.0
0.0 0.0 0.0
0.0 0.0 0.0
0.0 0.0 0.0
0.0 0.0 0.0
0.0 0.0 0.0
0.0 0.0 0.0
0.0 0.0 0.0
0.0 0.0 0.0
0.0 0.0 0.0
0.0 0.0 0.0
0.0 0.0 0.0
0.0 0.0 0.0
0.0 0.0 0.0
0.0 0.0 0.0
0.0 0.0 0.0
0.0 0.0 0.0
0.0 0.0 0.0
0.0 0.0 0.0
0.0 0.0 0.0
0.0 0.0 0.0
0.0 0.0 0.0
0.0 0.0 0.0
0.0 0.0 0.0
0.0 0.0 0.0
0.0 0.0 0.0
0.0 0.0 0.0
0.0 0.0 0.0
0.0 0.0 0.0
0.0 0.0 0.0
0.0 0.0 0.0
0.0 0.0 0.0
0.0 0.0 0.0
0.0 0.0 0.0
0.0 0.0 0.0
0.0 0.0 0.0
0.0 0.0 0.0
0.0 0.0 0.0
0.0 0.0 0.0
0.0 0.0 0.0
0.0 0.0 0.0
0.0 0.0 0.0
0.0 0.0 0.0
0.0 0.0 0.0
0.0 0.0 0.0
0.0 0.0 0.0
0.0 0.0 0.0
0.0 0.0 0.0
0.0 0.0 0.0
0.0 0.0 0.0
0.0 0.0 0.0
0.0 0.0 0.0
0.0 0.0 0.0
0.0 0.0 0.0
0.0 0.0 0.0
0.0 0.0 0.0
0.0 0.0 0.0
-45.34673309326172 81.95047760009766 15.876091003417969
0.0 0.0 0.0
0.0 0.0 0.0
0.0 0.0 0.0
0.0 0.0 0.0
0.0 0.0 0.0
0.0 0.0 0.0
0.0 0.0 0.0
0.0 0.0 0.0
0.0 0.0 0.0
0.0 0.0 0.0
0.0 0.0 0.0
0.0 0.0 0.0
0.0 0.0 0.0
0.0 0.0 0.0
0.0 0.0 0.0
0.0 0.0 0.0
0.0 0.0 0.0
0.0 0.0 0.0
0.0 0.0 0.0
0.0 0.0 0.0
0.0 0.0 0.0
0.0 0.0 0.0
0.0 0.0 0.0
0.0 0.0 0.0
0.0 0.0 0.0
0.0 0.0 0.0
0.0 0.0 0.0
0.0 0.0 0.0
0.0 0.0 0.0
0.0 0.0 0.0
0.0 0.0 0.0
0.0 0.0 0.0
0.0 0.0 0.0
0.0 0.0 0.0
0.0 0.0 0.0
0.0 0.0 0.0
0.0 0.0 0.0
0.0 0.0 0.0
0.0 0.0 0.0
0.0 0.0 0.0
0.0 0.0 0.0
0.0 0.0 0.0
0.0 0.0 0.0
0.0 0.0 0.0
0.0 0.0 0.0
0.0 0.0 0.0
0.0 0.0 0.0
0.0 0.0 0.0
-10.209799766540527 23.099563598632812 -3.6899945735931396
0.0 0.0 0.0
-9.698016166687012 22.794158935546875 -3.730480194091797
-9.464580535888672 22.682430267333984 -3.756561279296875
0.0 0.0 0.0
-9.058502197265625 22.597518920898438 -3.827345848083496
-8.76554012298584 22.314943313598633 -3.820746898651123
0.0 0.0 0.0
0.0 0.0 0.0
-8.087648391723633 21.932905197143555 -3.8736889362335205
-7.861455917358398 21.785661697387695 -3.8856542110443115
0.0 0.0 0.0
0.0 0.0 0.0
-7.268071174621582 21.540382385253906 -3.9505302906036377
0.0 0.0 0.0
-6.833171844482422 21.23038101196289 -3.9632604122161865
0.0 0.0 0.0
-6.481244087219238 21.140460968017578 -4.011823654174805
0.0 0.0 0.0
-6.096972942352295 20.9196834564209 -4.03314733505249
-5.934243202209473 20.91099739074707 -4.0635085105896
-5.7457990646362305 20.79736328125 -4.070219039916992
-5.57218599319458 20.730337142944336 -4.085909843444824
-5.379263877868652 20.584003448486328 -4.085815906524658
-5.234124660491943 20.614439010620117 -4.120733737945557
-5.0423479080200195 20.466087341308594 -4.117860794067383
-4.883246898651123 20.431262969970703 -4.136693477630615
-4.703256130218506 20.30189323425293 -4.136308193206787
-4.5764617919921875 20.3990478515625 -4.182171821594238
-4.363270282745361 20.102754592895508 -4.14548921585083
-4.228140354156494 20.16880989074707 -4.182241439819336
-4.070438861846924 20.113462448120117 -4.193594455718994
-3.905074119567871 20.011823654174805 -4.19524621963501
-3.7524566650390625 19.969236373901367 -4.208471775054932
-3.605905294418335 19.95230484008789 -4.224440574645996
-3.452631711959839 19.908279418945312 -4.235143184661865
-3.2944176197052 19.813762664794922 -4.234796524047852
-3.149851083755493 19.793498992919922 -4.250355243682861
-3.0055766105651855 19.77290153503418 -4.262559413909912
-2.853524923324585 19.69460678100586 -4.262150287628174
-2.7112021446228027 19.67569351196289 -4.274674892425537
-2.5618107318878174 19.618141174316406 -4.279232978820801
-2.425612211227417 19.639320373535156 -4.298372745513916
-2.2814719676971436 19.59160041809082 -4.3010759353637695
-2.149733781814575 19.6490478515625 -4.327066421508789
-2.001373767852783 19.549968719482422 -4.318753719329834
-1.8572375774383545 19.50339698791504 -4.321122646331787
-1.7102279663085938 19.38783073425293 -4.305263996124268
-1.5809695720672607 19.468849182128906 -4.333242416381836
-1.4448856115341187 19.4691162109375 -4.343480110168457
-1.3015671968460083 19.36192512512207 -4.329900741577148
-1.1699109077453613 19.46016502380371 -4.358484745025635
-1.032869815826416 19.439416885375977 -4.360456466674805
-0.8994842171669006 19.486236572265625 -4.37779426574707
-0.761914849281311 19.440731048583984 -4.374598503112793
-0.6252741813659668 19.406299591064453 -4.371249198913574
-0.48831629753112793 19.424591064453125 -4.3786211013793945
-0.35319527983665466 19.42664337158203 -4.382493495941162
-0.21751342713832855 19.378225326538086 -4.375182628631592
-0.08270392566919327 19.40540313720703 -4.383594512939453
0.05249110609292984 19.493206024169922 -4.403110027313232
0.18758010864257812 19.442901611328125 -4.391641139984131
0.32621875405311584 19.505918502807617 -4.405985355377197
0.46051719784736633 19.44614601135254 -4.392609596252441
0.5981045961380005 19.523447036743164 -4.406276226043701
0.7339293956756592 19.51980972290039 -4.4018683433532715
0.8707505464553833 19.538066864013672 -4.402607440948486
1.0096770524978638 19.54765510559082 -4.401549816131592
1.142187476158142 19.480937957763672 -4.380459308624268
1.291668176651001 19.687423706054688 -4.419816017150879
1.4309769868850708 19.71028709411621 -4.418069839477539
1.5656777620315552 19.671369552612305 -4.402696132659912
1.7163087129592896 19.79125213623047 -4.421170711517334
1.8606960773468018 19.849964141845703 -4.423769950866699
1.9901577234268188 19.752056121826172 -4.3917012214660645
2.134028196334839 19.797386169433594 -4.391697883605957
2.2763102054595947 19.822811126708984 -4.387109279632568
2.4307968616485596 19.92349624633789 -4.395407676696777
2.589928388595581 20.064878463745117 -4.412939071655273
2.7247350215911865 20.012165069580078 -4.3879313468933105
2.8811256885528564 20.113475799560547 -4.396856784820557
3.006211042404175 19.99519920349121 -4.354968547821045
3.184465169906616 20.223398208618164 -4.387739181518555
3.3604557514190674 20.40082550048828 -4.409049034118652
3.4990901947021484 20.358753204345703 -4.383284091949463
3.650261878967285 20.387510299682617 -4.3712592124938965
3.840515613555908 20.622264862060547 -4.401308059692383
3.98048734664917 20.577625274658203 -4.371713161468506
4.139980316162109 20.61781120300293 -4.359949588775635
4.30224084854126 20.6798038482666 -4.352736473083496
4.462575912475586 20.726133346557617 -4.339290618896484
4.642062187194824 20.85343360900879 -4.3427605628967285
4.817380428314209 20.953189849853516 -4.3404221534729
5.00056791305542 21.065908432006836 -4.34026575088501
5.157646656036377 21.0739688873291 -4.316163539886475
5.336583614349365 21.166418075561523 -4.308843612670898
0.0 0.0 0.0
5.747697353363037 21.5284423828125 -4.3295183181762695
5.8936872482299805 21.464214324951172 -4.288209438323975
6.127160549163818 21.7210636138916 -4.3099589347839355
6.28978967666626 21.717748641967773 -4.279857158660889
6.474531650543213 21.786785125732422 -4.264037609100342
6.692953586578369 21.96099090576172 -4.267870903015137
6.867725849151611 21.9752254486084 -4.237833023071289
7.110518932342529 22.208406448364258 -4.250331878662109
7.310213565826416 22.296905517578125 -4.234759330749512
7.531039237976074 22.442054748535156 -4.229650020599365
7.756592273712158 22.593050003051758 -4.222663879394531
7.977310657501221 22.720151901245117 -4.210765361785889
8.206815719604492 22.855327606201172 -4.199406147003174
8.439872741699219 23.000141143798828 -4.190035343170166
8.646817207336426 23.067508697509766 -4.164323806762695
8.899529457092285 23.24820899963379 -4.158121585845947
9.122929573059082 23.343997955322266 -4.136297702789307
9.46677017211914 23.72683334350586 -4.163854598999023
9.65324878692627 23.71468162536621 -4.120662212371826
9.92918586730957 23.914793014526367 -4.112999439239502
0.0 0.0 0.0
10.473854064941406 24.26814842224121 -4.087653636932373
10.796211242675781 24.5372371673584 -4.087501525878906
11.032106399536133 24.606781005859375 -4.0529375076293945
11.367226600646973 24.8886775970459 -4.052682399749756
0.0 0.0 0.0
11.94127368927002 25.212003707885742 -4.00947380065918
12.296140670776367 25.49386978149414 -4.002907752990723
12.50402545928955 25.47134017944336 -3.948820114135742
0.0 0.0 0.0
13.271286010742188 26.111433029174805 -3.9427967071533203
13.654556274414062 26.40812110900879 -3.932082176208496
13.997565269470215 26.61509895324707 -3.9067816734313965
14.356595993041992 26.834077835083008 -3.881176471710205
14.741039276123047 27.099384307861328 -3.8605122566223145
15.077710151672363 27.265626907348633 -3.8235652446746826
0.0 0.0 0.0
15.975569725036621 27.965190887451172 -3.7965524196624756
0.0 0.0 0.0
16.86014747619629 28.577186584472656 -3.743479013442993
0.0 0.0 0.0
0.0 0.0 0.0
0.0 0.0 0.0
0.0 0.0 0.0
0.0 0.0 0.0
20.128183364868164 31.07105827331543 -3.596780776977539
0.0 0.0 0.0
0.0 0.0 0.0
0.0 0.0 0.0
0.0 0.0 0.0
0.0 0.0 0.0
0.0 0.0 0.0
0.0 0.0 0.0
0.0 0.0 0.0
0.0 0.0 0.0
0.0 0.0 0.0
0.0 0.0 0.0
0.0 0.0 0.0
0.0 0.0 0.0
0.0 0.0 0.0
0.0 0.0 0.0
0.0 0.0 0.0
0.0 0.0 0.0
0.0 0.0 0.0
0.0 0.0 0.0
0.0 0.0 0.0
0.0 0.0 0.0
0.0 0.0 0.0
0.0 0.0 0.0
0.0 0.0 0.0
0.0 0.0 0.0
0.0 0.0 0.0
0.0 0.0 0.0
0.0 0.0 0.0
0.0 0.0 0.0
0.0 0.0 0.0
0.0 0.0 0.0
0.0 0.0 0.0
0.0 0.0 0.0
0.0 0.0 0.0
0.0 0.0 0.0
0.0 0.0 0.0
0.0 0.0 0.0
0.0 0.0 0.0
0.0 0.0 0.0
0.0 0.0 0.0
0.0 0.0 0.0
0.0 0.0 0.0
0.0 0.0 0.0
0.0 0.0 0.0
0.0 0.0 0.0
0.0 0.0 0.0
0.0 0.0 0.0
0.0 0.0 0.0
0.0 0.0 0.0
0.0 0.0 0.0
0.0 0.0 0.0
0.0 0.0 0.0
0.0 0.0 0.0
0.0 0.0 0.0
0.0 0.0 0.0
0.0 0.0 0.0
0.0 0.0 0.0
0.0 0.0 0.0
0.0 0.0 0.0
0.0 0.0 0.0
0.0 0.0 0.0
0.0 0.0 0.0
0.0 0.0 0.0
0.0 0.0 0.0
0.0 0.0 0.0
0.0 0.0 0.0
0.0 0.0 0.0
0.0 0.0 0.0
0.0 0.0 0.0
0.0 0.0 0.0
0.0 0.0 0.0
0.0 0.0 0.0
0.0 0.0 0.0
0.0 0.0 0.0
0.0 0.0 0.0
0.0 0.0 0.0
0.0 0.0 0.0
0.0 0.0 0.0
0.0 0.0 0.0
0.0 0.0 0.0
0.0 0.0 0.0
0.0 0.0 0.0
0.0 0.0 0.0
0.0 0.0 0.0
0.0 0.0 0.0
0.0 0.0 0.0
0.0 0.0 0.0
0.0 0.0 0.0
0.0 0.0 0.0
0.0 0.0 0.0
0.0 0.0 0.0
0.0 0.0 0.0
0.0 0.0 0.0
0.0 0.0 0.0
0.0 0.0 0.0
0.0 0.0 0.0
0.0 0.0 0.0
0.0 0.0 0.0
0.0 0.0 0.0
0.0 0.0 0.0
0.0 0.0 0.0
0.0 0.0 0.0
0.0 0.0 0.0
0.0 0.0 0.0
0.0 0.0 0.0
0.0 0.0 0.0
0.0 0.0 0.0
0.0 0.0 0.0
0.0 0.0 0.0
0.0 0.0 0.0
0.0 0.0 0.0
0.0 0.0 0.0
0.0 0.0 0.0
0.0 0.0 0.0
0.0 0.0 0.0
0.0 0.0 0.0
0.0 0.0 0.0
0.0 0.0 0.0
0.0 0.0 0.0
0.0 0.0 0.0
0.0 0.0 0.0
0.0 0.0 0.0
0.0 0.0 0.0
0.0 0.0 0.0
0.0 0.0 0.0
0.0 0.0 0.0
0.0 0.0 0.0
0.0 0.0 0.0
0.0 0.0 0.0
0.0 0.0 0.0
0.0 0.0 0.0
0.0 0.0 0.0
0.0 0.0 0.0
0.0 0.0 0.0
0.0 0.0 0.0
0.0 0.0 0.0
0.0 0.0 0.0
0.0 0.0 0.0
0.0 0.0 0.0
0.0 0.0 0.0
0.0 0.0 0.0
0.0 0.0 0.0
0.0 0.0 0.0
0.0 0.0 0.0
0.0 0.0 0.0
0.0 0.0 0.0
0.0 0.0 0.0
0.0 0.0 0.0
0.0 0.0 0.0
0.0 0.0 0.0
0.0 0.0 0.0
0.0 0.0 0.0
0.0 0.0 0.0
0.0 0.0 0.0
0.0 0.0 0.0
0.0 0.0 0.0
0.0 0.0 0.0
0.0 0.0 0.0
0.0 0.0 0.0
0.0 0.0 0.0
0.0 0.0 0.0
0.0 0.0 0.0
0.0 0.0 0.0
0.0 0.0 0.0
0.0 0.0 0.0
0.0 0.0 0.0
0.0 0.0 0.0
0.0 0.0 0.0
0.0 0.0 0.0
0.0 0.0 0.0
0.0 0.0 0.0
0.0 0.0 0.0
0.0 0.0 0.0
0.0 0.0 0.0
0.0 0.0 0.0
0.0 0.0 0.0
0.0 0.0 0.0
0.0 0.0 0.0
0.0 0.0 0.0
0.0 0.0 0.0
0.0 0.0 0.0
0.0 0.0 0.0
0.0 0.0 0.0
0.0 0.0 0.0
0.0 0.0 0.0
0.0 0.0 0.0
0.0 0.0 0.0
0.0 0.0 0.0
0.0 0.0 0.0
0.0 0.0 0.0
0.0 0.0 0.0
0.0 0.0 0.0
0.0 0.0 0.0
0.0 0.0 0.0
0.0 0.0 0.0
0.0 0.0 0.0
0.0 0.0 0.0
0.0 0.0 0.0
0.0 0.0 0.0
0.0 0.0 0.0
-16.674985885620117 27.04836082458496 -3.055668592453003
-16.41550636291504 27.046964645385742 -3.1281960010528564
-16.029375076293945 26.82953453063965 -3.174675226211548
0.0 0.0 0.0
0.0 0.0 0.0
0.0 0.0 0.0
0.0 0.0 0.0
0.0 0.0 0.0
0.0 0.0 0.0
-13.328325271606445 25.011287689208984 -3.3900303840637207
-13.000824928283691 24.81944465637207 -3.422358751296997
-12.671195983886719 24.605749130249023 -3.4474520683288574
0.0 0.0 0.0
0.0 0.0 0.0
-11.787199974060059 24.115612030029297 -3.5372917652130127
0.0 0.0 0.0
0.0 0.0 0.0
0.0 0.0 0.0
0.0 0.0 0.0
0.0 0.0 0.0
0.0 0.0 0.0
0.0 0.0 0.0
0.0 0.0 0.0
0.0 0.0 0.0
-9.154330253601074 22.603656768798828 -3.763917922973633
0.0 0.0 0.0
0.0 0.0 0.0
0.0 0.0 0.0
0.0 0.0 0.0
0.0 0.0 0.0
-7.771002769470215 21.76858139038086 -3.8566505908966064
0.0 0.0 0.0
-7.4094038009643555 21.71186065673828 -3.9177393913269043
-7.177093982696533 21.518341064453125 -3.917793035507202
-6.992997169494629 21.461807250976562 -3.9424729347229004
-6.7768940925598145 21.301673889160156 -3.9454896450042725
0.0 0.0 0.0
-6.419602870941162 21.204374313354492 -3.992577314376831
-6.242659568786621 21.1495304107666 -4.014570236206055
-6.077138900756836 21.130638122558594 -4.041233539581299
-5.899857521057129 21.066177368164062 -4.058365821838379
-5.704589366912842 20.929899215698242 -4.061485290527344
-5.493128776550293 20.73319435119629 -4.053051471710205
-5.338286876678467 20.731260299682617 -4.080575466156006
-5.167585849761963 20.661317825317383 -4.093121528625488
-5.0153045654296875 20.660829544067383 -4.119462013244629
-4.838520526885986 20.55473518371582 -4.1247663497924805
-4.654269218444824 20.417875289916992 -4.123565673828125
-4.486635684967041 20.335790634155273 -4.130195140838623
-4.326925277709961 20.282331466674805 -4.142603874206543
-4.173436641693115 20.253921508789062 -4.160207271575928
-4.033989906311035 20.29194450378418 -4.1916184425354
-3.8504526615142822 20.11182403564453 -4.175315856933594
-3.699118137359619 20.07670783996582 -4.188242435455322
-3.5572824478149414 20.089414596557617 -4.211264133453369
-3.4141626358032227 20.093549728393555 -4.232672214508057
-3.259457588195801 20.02535057067871 -4.236943244934082
-3.0991616249084473 19.930212020874023 -4.234170913696289
-2.9530367851257324 19.901594161987305 -4.245287895202637
-2.8037188053131104 19.845426559448242 -4.250633716583252
-2.663968801498413 19.852703094482422 -4.268849849700928
-2.510444164276123 19.749691009521484 -4.260462284088135
-2.370626449584961 19.74793243408203 -4.274047374725342
-2.2338500022888184 19.79090118408203 -4.297765254974365
-2.086528778076172 19.71501350402832 -4.295596599578857
-1.941922903060913 19.653989791870117 -4.293201446533203
-1.802659511566162 19.641427993774414 -4.301156044006348
-1.6602683067321777 19.58603858947754 -4.299881935119629
-1.525084137916565 19.643898010253906 -4.323877811431885
-1.3903874158859253 19.68214988708496 -4.3412041664123535
-1.2407163381576538 19.491424560546875 -4.306394100189209
-1.106717586517334 19.528100967407227 -4.321972846984863
-0.9735931754112244 19.59050941467285 -4.343489646911621
-0.8333907127380371 19.560840606689453 -4.343898296356201
-0.6950918436050415 19.504119873046875 -4.335170745849609
-0.5638526082038879 19.663686752319336 -4.374748229980469
-0.42413556575775146 19.532636642456055 -4.349884033203125
-0.28953200578689575 19.621723175048828 -4.374246120452881
-0.15010467171669006 19.550580978393555 -4.359274864196777
-0.014066556468605995 19.497600555419922 -4.3481526374816895
0.12229689210653305 19.615238189697266 -4.375294208526611
0.25893840193748474 19.628986358642578 -4.379480361938477
0.39564940333366394 19.634708404541016 -4.379506587982178
0.5314406752586365 19.601760864257812 -4.369252681732178
0.6742403507232666 19.716421127319336 -4.392055034637451
0.8097140789031982 19.673931121826172 -4.380104064941406
0.9469937086105347 19.67643165588379 -4.377330780029297
1.0871877670288086 19.731943130493164 -4.383448123931885
1.226694941520691 19.75980567932129 -4.383598804473877
1.36429762840271 19.71805763244629 -4.368419170379639
1.5075329542160034 19.789609909057617 -4.378649711608887
1.6468567848205566 19.800098419189453 -4.371739864349365
1.7966867685317993 19.923669815063477 -4.38962984085083
1.935396671295166 19.913204193115234 -4.378138542175293
2.0812106132507324 19.94710922241211 -4.376439571380615
2.2248356342315674 19.97688865661621 -4.3717041015625
2.3676841259002686 19.994606018066406 -4.362820625305176
2.516115427017212 20.05297088623047 -4.362954139709473
2.6810295581817627 20.227611541748047 -4.388435363769531
2.8146727085113525 20.139862060546875 -4.355875015258789
2.9753644466400146 20.25996208190918 -4.365781784057617
3.1180965900421143 20.250425338745117 -4.3478522300720215
3.2863709926605225 20.398347854614258 -4.36380672454834
3.425147294998169 20.356460571289062 -4.339258193969727
3.603274345397949 20.54022216796875 -4.3595147132873535
3.752124071121216 20.534147262573242 -4.338901042938232
3.927276611328125 20.67766761779785 -4.350254535675049
4.080036640167236 20.695926666259766 -4.335300922393799
4.232570648193359 20.709707260131836 -4.317441463470459
4.430630207061768 20.936119079589844 -4.3424201011657715
4.584815502166748 20.932193756103516 -4.319141864776611
4.763513565063477 21.047163009643555 -4.320843696594238
4.93453311920166 21.119815826416016 -4.312889575958252
5.093453407287598 21.135671615600586 -4.291000843048096
5.294567584991455 21.317699432373047 -4.302729606628418
0.0 0.0 0.0
5.6599507331848145 21.494266510009766 -4.287479877471924
5.817025661468506 21.483036041259766 -4.257226467132568
0.0 0.0 0.0
6.222338676452637 21.77446174621582 -4.25837516784668
6.403109073638916 21.821083068847656 -4.2388081550598145
6.616459846496582 21.981313705444336 -4.239689350128174
6.8190155029296875 22.095722198486328 -4.23051643371582
7.037232875823975 22.252426147460938 -4.229187965393066
7.26643705368042 22.432764053344727 -4.231936454772949
7.442501544952393 22.44342041015625 -4.201462268829346
7.658088207244873 22.557687759399414 -4.188025951385498
7.922021865844727 22.81269073486328 -4.20084285736084
8.11760139465332 22.862112045288086 -4.175443172454834
8.356345176696777 23.025802612304688 -4.170135498046875
8.552380561828613 23.064861297607422 -4.139763832092285
8.815237998962402 23.267019271850586 -4.137599468231201
9.086620330810547 23.489301681518555 -4.139064788818359
9.309319496154785 23.576261520385742 -4.116162300109863
9.589977264404297 23.801137924194336 -4.114480018615723
9.829298973083496 23.912508010864258 -4.09247350692749
10.121224403381348 24.134559631347656 -4.088141918182373
10.316643714904785 24.127695083618164 -4.045376300811768
0.0 0.0 0.0
11.005547523498535 24.7810115814209 -4.065014362335205
11.16650676727295 24.679948806762695 -4.003462314605713
11.548202514648438 25.050315856933594 -4.016999244689941
11.865087509155273 25.27484130859375 -4.004827976226807
0.0 0.0 0.0
12.463510513305664 25.61671257019043 -3.959975481033325
0.0 0.0 0.0
0.0 0.0 0.0
13.589731216430664 26.502851486206055 -3.9367566108703613
13.921259880065918 26.690200805664062 -3.9097728729248047
14.232641220092773 26.82963752746582 -3.8748762607574463
14.733572006225586 27.31470489501953 -3.886005163192749
0.0 0.0 0.0
0.0 0.0 0.0
0.0 0.0 0.0
16.302873611450195 28.301841735839844 -3.7741966247558594
0.0 0.0 0.0
0.0 0.0 0.0
0.0 0.0 0.0
0.0 0.0 0.0
0.0 0.0 0.0
19.25095558166504 30.409635543823242 -3.613776922225952
0.0 0.0 0.0
20.451406478881836 31.324495315551758 -3.5540642738342285
0.0 0.0 0.0
0.0 0.0 0.0
0.0 0.0 0.0
0.0 0.0 0.0
0.0 0.0 0.0
0.0 0.0 0.0
25.432130813598633 35.09236145019531 -3.253626585006714
0.0 0.0 0.0
0.0 0.0 0.0
0.0 0.0 0.0
0.0 0.0 0.0
0.0 0.0 0.0
0.0 0.0 0.0
0.0 0.0 0.0
0.0 0.0 0.0
0.0 0.0 0.0
0.0 0.0 0.0
0.0 0.0 0.0
0.0 0.0 0.0
0.0 0.0 0.0
0.0 0.0 0.0
0.0 0.0 0.0
0.0 0.0 0.0
0.0 0.0 0.0
0.0 0.0 0.0
0.0 0.0 0.0
0.0 0.0 0.0
0.0 0.0 0.0
0.0 0.0 0.0
0.0 0.0 0.0
0.0 0.0 0.0
0.0 0.0 0.0
0.0 0.0 0.0
0.0 0.0 0.0
0.0 0.0 0.0
0.0 0.0 0.0
0.0 0.0 0.0
0.0 0.0 0.0
0.0 0.0 0.0
0.0 0.0 0.0
0.0 0.0 0.0
0.0 0.0 0.0
0.0 0.0 0.0
0.0 0.0 0.0
0.0 0.0 0.0
0.0 0.0 0.0
0.0 0.0 0.0
0.0 0.0 0.0
0.0 0.0 0.0
0.0 0.0 0.0
0.0 0.0 0.0
0.0 0.0 0.0
0.0 0.0 0.0
0.0 0.0 0.0
0.0 0.0 0.0
0.0 0.0 0.0
0.0 0.0 0.0
0.0 0.0 0.0
0.0 0.0 0.0
0.0 0.0 0.0
0.0 0.0 0.0
0.0 0.0 0.0
0.0 0.0 0.0
0.0 0.0 0.0
0.0 0.0 0.0
0.0 0.0 0.0
0.0 0.0 0.0
0.0 0.0 0.0
0.0 0.0 0.0
0.0 0.0 0.0
0.0 0.0 0.0
0.0 0.0 0.0
0.0 0.0 0.0
0.0 0.0 0.0
0.0 0.0 0.0
0.0 0.0 0.0
0.0 0.0 0.0
0.0 0.0 0.0
0.0 0.0 0.0
0.0 0.0 0.0
0.0 0.0 0.0
0.0 0.0 0.0
0.0 0.0 0.0
0.0 0.0 0.0
0.0 0.0 0.0
0.0 0.0 0.0
0.0 0.0 0.0
0.0 0.0 0.0
0.0 0.0 0.0
0.0 0.0 0.0
0.0 0.0 0.0
0.0 0.0 0.0
0.0 0.0 0.0
0.0 0.0 0.0
0.0 0.0 0.0
0.0 0.0 0.0
0.0 0.0 0.0
0.0 0.0 0.0
0.0 0.0 0.0
0.0 0.0 0.0
0.0 0.0 0.0
0.0 0.0 0.0
0.0 0.0 0.0
0.0 0.0 0.0
0.0 0.0 0.0
0.0 0.0 0.0
0.0 0.0 0.0
0.0 0.0 0.0
0.0 0.0 0.0
0.0 0.0 0.0
0.0 0.0 0.0
0.0 0.0 0.0
0.0 0.0 0.0
0.0 0.0 0.0
0.0 0.0 0.0
0.0 0.0 0.0
0.0 0.0 0.0
0.0 0.0 0.0
0.0 0.0 0.0
0.0 0.0 0.0
0.0 0.0 0.0
0.0 0.0 0.0
0.0 0.0 0.0
0.0 0.0 0.0
0.0 0.0 0.0
0.0 0.0 0.0
0.0 0.0 0.0
0.0 0.0 0.0
0.0 0.0 0.0
0.0 0.0 0.0
0.0 0.0 0.0
0.0 0.0 0.0
0.0 0.0 0.0
0.0 0.0 0.0
0.0 0.0 0.0
0.0 0.0 0.0
0.0 0.0 0.0
0.0 0.0 0.0
0.0 0.0 0.0
0.0 0.0 0.0
0.0 0.0 0.0
0.0 0.0 0.0
0.0 0.0 0.0
0.0 0.0 0.0
0.0 0.0 0.0
0.0 0.0 0.0
0.0 0.0 0.0
0.0 0.0 0.0
0.0 0.0 0.0
0.0 0.0 0.0
0.0 0.0 0.0
0.0 0.0 0.0
0.0 0.0 0.0
0.0 0.0 0.0
0.0 0.0 0.0
0.0 0.0 0.0
0.0 0.0 0.0
0.0 0.0 0.0
0.0 0.0 0.0
0.0 0.0 0.0
0.0 0.0 0.0
0.0 0.0 0.0
0.0 0.0 0.0
0.0 0.0 0.0
0.0 0.0 0.0
0.0 0.0 0.0
0.0 0.0 0.0
0.0 0.0 0.0
0.0 0.0 0.0
0.0 0.0 0.0
0.0 0.0 0.0
0.0 0.0 0.0
0.0 0.0 0.0
0.0 0.0 0.0
0.0 0.0 0.0
0.0 0.0 0.0
0.0 0.0 0.0
0.0 0.0 0.0
0.0 0.0 0.0
0.0 0.0 0.0
0.0 0.0 0.0
0.0 0.0 0.0
0.0 0.0 0.0
0.0 0.0 0.0
0.0 0.0 0.0
0.0 0.0 0.0
0.0 0.0 0.0
0.0 0.0 0.0
0.0 0.0 0.0
0.0 0.0 0.0
-21.27277946472168 30.307199478149414 -2.6302216053009033
0.0 0.0 0.0
0.0 0.0 0.0
0.0 0.0 0.0
0.0 0.0 0.0
0.0 0.0 0.0
0.0 0.0 0.0
0.0 0.0 0.0
0.0 0.0 0.0
0.0 0.0 0.0
0.0 0.0 0.0
0.0 0.0 0.0
0.0 0.0 0.0
0.0 0.0 0.0
0.0 0.0 0.0
0.0 0.0 0.0
0.0 0.0 0.0
0.0 0.0 0.0
0.0 0.0 0.0
0.0 0.0 0.0
-12.539445877075195 24.554723739624023 -3.4413275718688965
0.0 0.0 0.0
0.0 0.0 0.0
0.0 0.0 0.0
0.0 0.0 0.0
0.0 0.0 0.0
0.0 0.0 0.0
0.0 0.0 0.0
0.0 0.0 0.0
-10.118001937866211 23.327877044677734 -3.699361801147461
0.0 0.0 0.0
0.0 0.0 0.0
0.0 0.0 0.0
0.0 0.0 0.0
-8.930974960327148 22.735475540161133 -3.813859462738037
0.0 0.0 0.0
0.0 0.0 0.0
0.0 0.0 0.0
0.0 0.0 0.0
0.0 0.0 0.0
0.0 0.0 0.0
-7.326671123504639 21.71404266357422 -3.898853302001953
-7.149782657623291 21.696367263793945 -3.930149793624878
-6.921128273010254 21.504411697387695 -3.92795467376709
0.0 0.0 0.0
-6.489875316619873 21.16956329345703 -3.931140661239624
0.0 0.0 0.0
-6.184354782104492 21.22279167175293 -4.002009391784668
-6.000763416290283 21.148595809936523 -4.018138885498047
0.0 0.0 0.0
-5.684387683868408 21.15040397644043 -4.077765464782715
-5.451913356781006 20.863996505737305 -4.0491533279418945
-5.289066791534424 20.83217430114746 -4.069634437561035
-5.115222930908203 20.76234245300293 -4.08314323425293
-4.93801212310791 20.660778045654297 -4.089854717254639
-4.772810935974121 20.60310935974121 -4.102644443511963
-4.608722686767578 20.54425811767578 -4.114569664001465
-4.460476875305176 20.551525115966797 -4.1397929191589355
-4.286107540130615 20.445642471313477 -4.142693042755127
-4.104568958282471 20.281959533691406 -4.131649494171143
-3.9374382495880127 20.177263259887695 -4.130758285522461
-3.8080368041992188 20.263166427612305 -4.169026851654053
-3.6490249633789062 20.18997573852539 -4.174736022949219
-3.5064120292663574 20.217836380004883 -4.201220989227295
-3.339751958847046 20.0864200592041 -4.191295146942139
-3.1991429328918457 20.104816436767578 -4.212706089019775
-3.060314416885376 20.133535385131836 -4.236474990844727
-2.906280994415283 20.059114456176758 -4.238697528839111
-2.7566943168640137 20.006881713867188 -4.242581844329834
-2.6121301651000977 20.00319480895996 -4.256453037261963
-2.4589438438415527 19.90719985961914 -4.250546455383301
-2.307955503463745 19.817676544189453 -4.246088981628418
-2.1688811779022217 19.822351455688477 -4.260036945343018
-2.0337488651275635 19.864458084106445 -4.280200958251953
-1.8855774402618408 19.79935646057129 -4.277644157409668
-1.7445194721221924 19.77484893798828 -4.283807754516602
-1.610079050064087 19.825559616088867 -4.305917263031006
-1.4640188217163086 19.727584838867188 -4.292459011077881
-1.321961522102356 19.666643142700195 -4.287197589874268
-1.1866884231567383 19.741952896118164 -4.311991214752197
-1.0495797395706177 19.75524139404297 -4.323338985443115
-0.9095582365989685 19.707290649414062 -4.318110942840576
-0.7778803706169128 19.852977752685547 -4.354696750640869
-0.6340217590332031 19.681245803833008 -4.3218584060668945
-0.493866890668869 19.653470993041992 -4.32088041305542
-0.3573537766933441 19.67085075378418 -4.328052520751953
-0.22081662714481354 19.691560745239258 -4.333940505981445
-0.08415155112743378 19.779991149902344 -4.354951858520508
0.05305825173854828 19.672910690307617 -4.333124160766602
0.18999196588993073 19.69085693359375 -4.338608264923096
0.33178430795669556 19.830690383911133 -4.367218971252441
0.46829521656036377 19.77123260498047 -4.352183818817139
0.6058650016784668 19.771848678588867 -4.350587844848633
0.7492004632949829 19.92400550842285 -4.382534503936768
0.8851943612098694 19.85852813720703 -4.363640785217285
1.0276998281478882 19.891313552856445 -4.365444660186768
1.164720892906189 19.86224365234375 -4.35397481918335
1.3096333742141724 19.957887649536133 -4.370035648345947
1.447952389717102 19.942455291748047 -4.360243320465088
1.5931388139724731 20.014081954956055 -4.367213249206543
1.7383569478988647 20.04264259338379 -4.364791393280029
1.8832498788833618 20.089359283447266 -4.366654872894287
2.029648780822754 20.142690658569336 -4.369837284088135
2.1679635047912598 20.112213134765625 -4.351221561431885
2.307258129119873 20.092151641845703 -4.335087299346924
2.4577624797821045 20.14290428161621 -4.334195613861084
2.6113831996917725 20.230710983276367 -4.341609477996826
2.7581217288970947 20.257341384887695 -4.333309173583984
2.9174447059631348 20.3663330078125 -4.341674327850342
3.071601390838623 20.428749084472656 -4.34017276763916
3.210555076599121 20.3880615234375 -4.316951751708984
3.3915085792541504 20.587833404541016 -4.342979907989502
3.547668218612671 20.639944076538086 -4.335725784301758
3.6858367919921875 20.585433959960938 -4.306253433227539
3.875258684158325 20.808359146118164 -4.334845066070557
4.022172451019287 20.79298210144043 -4.313696384429932
4.206456661224365 20.94943618774414 -4.324446201324463
4.357214450836182 20.943571090698242 -4.302044868469238
4.516959190368652 20.977787017822266 -4.288010120391846
4.693881034851074 21.085617065429688 -4.289062023162842
4.868360996246338 21.17377471923828 -4.283757209777832
5.045194149017334 21.25275421142578 -4.275131702423096
5.22519063949585 21.3494873046875 -4.270467758178711
0.0 0.0 0.0
5.598937511444092 21.572154998779297 -4.265437126159668
5.767268180847168 21.601940155029297 -4.244150161743164
5.982778072357178 21.788944244384766 -4.253106117248535
6.155831813812256 21.823162078857422 -4.232550621032715
6.347753047943115 21.918787002563477 -4.223635673522949
6.57757568359375 22.13482093811035 -4.234874725341797
6.735837936401367 22.10243797302246 -4.198404312133789
6.960841178894043 22.27364730834961 -4.199995040893555
7.20115327835083 22.491186141967773 -4.2104058265686035
7.380019664764404 22.509572982788086 -4.181203842163086
7.648958683013916 22.792888641357422 -4.200323581695557
7.778662204742432 22.65495491027832 -4.141639232635498
8.034171104431152 22.879533767700195 -4.149204254150391
8.298556327819824 23.10838508605957 -4.154905319213867
8.57293701171875 23.361183166503906 -4.163715839385986
8.787684440612793 23.4417667388916 -4.141353607177734
9.060468673706055 23.668102264404297 -4.144298076629639
9.232771873474121 23.626285552978516 -4.099221229553223
9.477205276489258 23.754098892211914 -4.080992221832275
9.787673950195312 24.04517364501953 -4.090859889984131
10.03313159942627 24.1656436920166 -4.071016788482666
0.0 0.0 0.0
10.613070487976074 24.5918025970459 -4.057789325714111
10.89455509185791 24.760595321655273 -4.0409932136535645
11.158331871032715 24.8891658782959 -4.0178680419921875
0.0 0.0 0.0
0.0 0.0 0.0
12.084683418273926 25.515851974487305 -3.977418899536133
12.381488800048828 25.670785903930664 -3.952242374420166
0.0 0.0 0.0
0.0 0.0 0.0
0.0 0.0 0.0
13.906085014343262 26.890708923339844 -3.928004026412964
14.145376205444336 26.8936710357666 -3.8740012645721436
14.56057071685791 27.214441299438477 -3.8618807792663574
0.0 0.0 0.0
0.0 0.0 0.0
0.0 0.0 0.0
0.0 0.0 0.0
0.0 0.0 0.0
17.108850479125977 28.993457794189453 -3.730637311935425
0.0 0.0 0.0
0.0 0.0 0.0
0.0 0.0 0.0
0.0 0.0 0.0
0.0 0.0 0.0
0.0 0.0 0.0
0.0 0.0 0.0
0.0 0.0 0.0
0.0 0.0 0.0
0.0 0.0 0.0
0.0 0.0 0.0
0.0 0.0 0.0
0.0 0.0 0.0
0.0 0.0 0.0
0.0 0.0 0.0
0.0 0.0 0.0
0.0 0.0 0.0
0.0 0.0 0.0
0.0 0.0 0.0
0.0 0.0 0.0
0.0 0.0 0.0
0.0 0.0 0.0
0.0 0.0 0.0
0.0 0.0 0.0
0.0 0.0 0.0
0.0 0.0 0.0
0.0 0.0 0.0
0.0 0.0 0.0
0.0 0.0 0.0
0.0 0.0 0.0
0.0 0.0 0.0
0.0 0.0 0.0
0.0 0.0 0.0
0.0 0.0 0.0
0.0 0.0 0.0
0.0 0.0 0.0
0.0 0.0 0.0
0.0 0.0 0.0
0.0 0.0 0.0
0.0 0.0 0.0
0.0 0.0 0.0
0.0 0.0 0.0
0.0 0.0 0.0
0.0 0.0 0.0
0.0 0.0 0.0
0.0 0.0 0.0
0.0 0.0 0.0
0.0 0.0 0.0
0.0 0.0 0.0
0.0 0.0 0.0
0.0 0.0 0.0
0.0 0.0 0.0
0.0 0.0 0.0
0.0 0.0 0.0
0.0 0.0 0.0
0.0 0.0 0.0
0.0 0.0 0.0
0.0 0.0 0.0
0.0 0.0 0.0
0.0 0.0 0.0
0.0 0.0 0.0
0.0 0.0 0.0
0.0 0.0 0.0
0.0 0.0 0.0
0.0 0.0 0.0
0.0 0.0 0.0
0.0 0.0 0.0
0.0 0.0 0.0
0.0 0.0 0.0
0.0 0.0 0.0
0.0 0.0 0.0
0.0 0.0 0.0
0.0 0.0 0.0
0.0 0.0 0.0
0.0 0.0 0.0
0.0 0.0 0.0
0.0 0.0 0.0
0.0 0.0 0.0
0.0 0.0 0.0
0.0 0.0 0.0
0.0 0.0 0.0
0.0 0.0 0.0
0.0 0.0 0.0
0.0 0.0 0.0
0.0 0.0 0.0
0.0 0.0 0.0
0.0 0.0 0.0
0.0 0.0 0.0
0.0 0.0 0.0
0.0 0.0 0.0
0.0 0.0 0.0
0.0 0.0 0.0
0.0 0.0 0.0
0.0 0.0 0.0
0.0 0.0 0.0
0.0 0.0 0.0
0.0 0.0 0.0
0.0 0.0 0.0
0.0 0.0 0.0
0.0 0.0 0.0
0.0 0.0 0.0
0.0 0.0 0.0
0.0 0.0 0.0
0.0 0.0 0.0
0.0 0.0 0.0
0.0 0.0 0.0
0.0 0.0 0.0
0.0 0.0 0.0
0.0 0.0 0.0
0.0 0.0 0.0
0.0 0.0 0.0
0.0 0.0 0.0
0.0 0.0 0.0
0.0 0.0 0.0
0.0 0.0 0.0
0.0 0.0 0.0
0.0 0.0 0.0
0.0 0.0 0.0
0.0 0.0 0.0
0.0 0.0 0.0
0.0 0.0 0.0
0.0 0.0 0.0
0.0 0.0 0.0
0.0 0.0 0.0
0.0 0.0 0.0
0.0 0.0 0.0
0.0 0.0 0.0
0.0 0.0 0.0
0.0 0.0 0.0
0.0 0.0 0.0
0.0 0.0 0.0
0.0 0.0 0.0
0.0 0.0 0.0
0.0 0.0 0.0
0.0 0.0 0.0
0.0 0.0 0.0
0.0 0.0 0.0
0.0 0.0 0.0
0.0 0.0 0.0
0.0 0.0 0.0
0.0 0.0 0.0
0.0 0.0 0.0
0.0 0.0 0.0
0.0 0.0 0.0
0.0 0.0 0.0
0.0 0.0 0.0
0.0 0.0 0.0
0.0 0.0 0.0
0.0 0.0 0.0
0.0 0.0 0.0
0.0 0.0 0.0
0.0 0.0 0.0
0.0 0.0 0.0
0.0 0.0 0.0
0.0 0.0 0.0
0.0 0.0 0.0
0.0 0.0 0.0
0.0 0.0 0.0
0.0 0.0 0.0
0.0 0.0 0.0
0.0 0.0 0.0
0.0 0.0 0.0
0.0 0.0 0.0
0.0 0.0 0.0
0.0 0.0 0.0
0.0 0.0 0.0
0.0 0.0 0.0
0.0 0.0 0.0
0.0 0.0 0.0
0.0 0.0 0.0
0.0 0.0 0.0
0.0 0.0 0.0
0.0 0.0 0.0
0.0 0.0 0.0
0.0 0.0 0.0
0.0 0.0 0.0
0.0 0.0 0.0
0.0 0.0 0.0
0.0 0.0 0.0
0.0 0.0 0.0
0.0 0.0 0.0
0.0 0.0 0.0
0.0 0.0 0.0
0.0 0.0 0.0
0.0 0.0 0.0
0.0 0.0 0.0
0.0 0.0 0.0
0.0 0.0 0.0
0.0 0.0 0.0
0.0 0.0 0.0
0.0 0.0 0.0
0.0 0.0 0.0
0.0 0.0 0.0
0.0 0.0 0.0
0.0 0.0 0.0
0.0 0.0 0.0
0.0 0.0 0.0
0.0 0.0 0.0
0.0 0.0 0.0
0.0 0.0 0.0
0.0 0.0 0.0
0.0 0.0 0.0
0.0 0.0 0.0
-18.353729248046875 28.414846420288086 -2.924349546432495
-17.868457794189453 28.092395782470703 -2.9695773124694824
0.0 0.0 0.0
0.0 0.0 0.0
0.0 0.0 0.0
0.0 0.0 0.0
0.0 0.0 0.0
0.0 0.0 0.0
0.0 0.0 0.0
0.0 0.0 0.0
0.0 0.0 0.0
0.0 0.0 0.0
0.0 0.0 0.0
0.0 0.0 0.0
0.0 0.0 0.0
0.0 0.0 0.0
0.0 0.0 0.0
0.0 0.0 0.0
0.0 0.0 0.0
0.0 0.0 0.0
0.0 0.0 0.0
0.0 0.0 0.0
-10.478249549865723 23.48015022277832 -3.614132881164551
0.0 0.0 0.0
0.0 0.0 0.0
0.0 0.0 0.0
0.0 0.0 0.0
0.0 0.0 0.0
0.0 0.0 0.0
0.0 0.0 0.0
0.0 0.0 0.0
0.0 0.0 0.0
0.0 0.0 0.0
-7.843506813049316 21.969532012939453 -3.809654474258423
0.0 0.0 0.0
-7.494821071624756 21.965517044067383 -3.8811612129211426
0.0 0.0 0.0
0.0 0.0 0.0
0.0 0.0 0.0
-6.674492359161377 21.502971649169922 -3.930110454559326
-6.460257530212402 21.344377517700195 -3.931586742401123
-6.318826675415039 21.411909103393555 -3.974123239517212
-6.1236186027526855 21.29368019104004 -3.9822006225585938
-5.922234058380127 21.1441707611084 -3.984112501144409
-5.775192737579346 21.186260223388672 -4.019988059997559
-5.566171169281006 21.00520896911621 -4.0131516456604
-5.403900146484375 20.98167610168457 -4.035762786865234
-5.230885028839111 20.912229537963867 -4.0495686531066895
-5.06641149520874 20.871482849121094 -4.067549228668213
-4.916263103485107 20.8857364654541 -4.094601154327393
-4.761904239654541 20.891878128051758 -4.120645523071289
-4.568106651306152 20.705406188964844 -4.108202934265137
-4.399508476257324 20.622407913208008 -4.115705490112305
-4.2431440353393555 20.591209411621094 -4.130618095397949
-4.062924861907959 20.43477439880371 -4.120344638824463
-3.914172410964966 20.44286346435547 -4.143640041351318
-3.763988494873047 20.42685317993164 -4.161808013916016
-3.602865219116211 20.34617805480957 -4.164109706878662
-3.44252347946167 20.2606258392334 -4.164689064025879
-3.298308849334717 20.264522552490234 -4.183751583099365
-3.145263433456421 20.226089477539062 -4.194535732269287
-2.988614320755005 20.141136169433594 -4.193797588348389
-2.856954574584961 20.22205352783203 -4.225749492645264
-2.698875665664673 20.11254119873047 -4.218067169189453
-2.55629301071167 20.111867904663086 -4.233327388763428
-2.3944106101989746 19.947004318237305 -4.213742733001709
-2.260986089706421 20.032554626464844 -4.243714332580566
-2.121277093887329 20.044757843017578 -4.258195400238037
-1.9704591035842896 19.945707321166992 -4.2491960525512695
-1.8300063610076904 19.9406681060791 -4.260341644287109
-1.687458872795105 19.9085750579834 -4.263008117675781
-1.5473145246505737 19.92914581298828 -4.276219367980957
-1.4095104932785034 19.952407836914062 -4.29008674621582
-1.2628746032714844 19.837495803833008 -4.274394512176514
-1.1246799230575562 19.84385108947754 -4.283473968505859
-0.9864704608917236 19.849767684936523 -4.2901082038879395
-0.8454905152320862 19.847171783447266 -4.2952070236206055
-0.7078283429145813 19.866403579711914 -4.305144786834717
-0.5698301196098328 19.880874633789062 -4.314192295074463
-0.4330627918243408 19.952457427978516 -4.331843852996826
-0.2923054099082947 19.82843589782715 -4.307231903076172
-0.15239335596561432 19.879026412963867 -4.320794105529785
-0.014254698529839516 19.997337341308594 -4.3492655754089355
0.12420132011175156 19.878610610961914 -4.323611259460449
0.2627224326133728 19.90044403076172 -4.327311038970947
0.4007839262485504 19.883150100708008 -4.322710990905762
0.5393897294998169 19.887788772583008 -4.323088645935059
0.6819245219230652 19.93743896484375 -4.332146644592285
0.8219963312149048 19.967710494995117 -4.334212303161621
0.961237370967865 19.970308303833008 -4.330470561981201
1.1039154529571533 20.032926559448242 -4.339938640594482
1.250822901725769 20.14788246154785 -4.360916614532471
1.3890100717544556 20.075777053833008 -4.337576866149902
1.5371507406234741 20.178091049194336 -4.351951599121094
1.6774476766586304 20.16895866394043 -4.342465877532959
1.8188742399215698 20.170242309570312 -4.335422515869141
1.959338903427124 20.159597396850586 -4.3237199783325195
2.1130990982055664 20.25070571899414 -4.332041263580322
2.27449631690979 20.420652389526367 -4.3574910163879395
2.4034600257873535 20.29332160949707 -4.319668292999268
2.5620150566101074 20.41563606262207 -4.334408760070801
2.7084832191467285 20.431217193603516 -4.32364559173584
2.8658840656280518 20.502243041992188 -4.324488639831543
3.027873992919922 20.61402130126953 -4.334252834320068
3.175260066986084 20.61870574951172 -4.321610450744629
3.3271236419677734 20.649431228637695 -4.311294078826904
3.492110252380371 20.754640579223633 -4.31606912612915
3.664832830429077 20.89248275756836 -4.327589988708496
3.8105661869049072 20.8553409576416 -4.302663326263428
3.990642786026001 21.013505935668945 -4.31663179397583
4.143736362457275 21.020221710205078 -4.297732830047607
4.311686992645264 21.09712028503418 -4.293268203735352
4.474564552307129 21.142719268798828 -4.2824811935424805
4.642464637756348 21.194196701049805 -4.272088527679443
4.833160400390625 21.353836059570312 -4.281077861785889
4.991573810577393 21.362503051757812 -4.259742736816406
5.1618571281433105 21.418487548828125 -4.247943878173828
5.341646671295166 21.506616592407227 -4.2424845695495605
0.0 0.0 0.0
5.735697269439697 21.782974243164062 -4.2445478439331055
5.906650543212891 21.815229415893555 -4.22467565536499
6.094799518585205 21.905353546142578 -4.215987682342529
6.297294616699219 22.038497924804688 -4.213929176330566
6.4984450340271 22.147327423095703 -4.204955101013184
6.7166571617126465 22.313982009887695 -4.2071733474731445
6.917113780975342 22.41258430480957 -4.196314811706543
7.074953556060791 22.37030792236328 -4.158596038818359
7.3191728591918945 22.594390869140625 -4.168149471282959
7.562035083770752 22.8016300201416 -4.174064636230469
7.771327972412109 22.88918685913086 -4.157179832458496
7.983260631561279 22.986679077148438 -4.142462253570557
8.209574699401855 23.11914825439453 -4.131319522857666
8.510364532470703 23.4488582611084 -4.1546854972839355
8.705123901367188 23.47563362121582 -4.123847007751465
8.985422134399414 23.7161922454834 -4.129594326019287
0.0 0.0 0.0
9.482833862304688 24.015932083129883 -4.104547500610352
9.752201080322266 24.2034969329834 -4.09730863571167
10.03053092956543 24.40280532836914 -4.091438293457031
0.0 0.0 0.0
10.524094581604004 24.61532211303711 -4.042601585388184
10.831221580505371 24.853355407714844 -4.038807392120361
0.0 0.0 0.0
11.311676979064941 25.0001220703125 -3.975192070007324
11.69904899597168 25.376522064208984 -3.9878897666931152
0.0 0.0 0.0
0.0 0.0 0.0
0.0 0.0 0.0
0.0 0.0 0.0
0.0 0.0 0.0
13.64426040649414 26.607498168945312 -3.8780295848846436
13.974052429199219 26.791091918945312 -3.8512160778045654
14.40015983581543 27.145963668823242 -3.8464815616607666
14.826591491699219 27.48596954345703 -3.837970018386841
0.0 0.0 0.0
0.0 0.0 0.0
15.948286056518555 28.136634826660156 -3.7475335597991943
16.44815444946289 28.553865432739258 -3.7403273582458496
0.0 0.0 0.0
0.0 0.0 0.0
0.0 0.0 0.0
0.0 0.0 0.0
0.0 0.0 0.0
0.0 0.0 0.0
0.0 0.0 0.0
0.0 0.0 0.0
0.0 0.0 0.0
0.0 0.0 0.0
0.0 0.0 0.0
0.0 0.0 0.0
0.0 0.0 0.0
0.0 0.0 0.0
0.0 0.0 0.0
0.0 0.0 0.0
0.0 0.0 0.0
0.0 0.0 0.0
0.0 0.0 0.0
0.0 0.0 0.0
0.0 0.0 0.0
0.0 0.0 0.0
0.0 0.0 0.0
0.0 0.0 0.0
0.0 0.0 0.0
0.0 0.0 0.0
0.0 0.0 0.0
0.0 0.0 0.0
0.0 0.0 0.0
0.0 0.0 0.0
0.0 0.0 0.0
0.0 0.0 0.0
0.0 0.0 0.0
0.0 0.0 0.0
0.0 0.0 0.0
0.0 0.0 0.0
0.0 0.0 0.0
0.0 0.0 0.0
0.0 0.0 0.0
0.0 0.0 0.0
0.0 0.0 0.0
0.0 0.0 0.0
0.0 0.0 0.0
0.0 0.0 0.0
0.0 0.0 0.0
0.0 0.0 0.0
0.0 0.0 0.0
0.0 0.0 0.0
0.0 0.0 0.0
0.0 0.0 0.0
0.0 0.0 0.0
0.0 0.0 0.0
0.0 0.0 0.0
0.0 0.0 0.0
0.0 0.0 0.0
0.0 0.0 0.0
0.0 0.0 0.0
0.0 0.0 0.0
0.0 0.0 0.0
0.0 0.0 0.0
0.0 0.0 0.0
0.0 0.0 0.0
0.0 0.0 0.0
0.0 0.0 0.0
0.0 0.0 0.0
0.0 0.0 0.0
0.0 0.0 0.0
0.0 0.0 0.0
0.0 0.0 0.0
0.0 0.0 0.0
0.0 0.0 0.0
0.0 0.0 0.0
0.0 0.0 0.0
0.0 0.0 0.0
0.0 0.0 0.0
0.0 0.0 0.0
0.0 0.0 0.0
0.0 0.0 0.0
0.0 0.0 0.0
0.0 0.0 0.0
0.0 0.0 0.0
0.0 0.0 0.0
0.0 0.0 0.0
0.0 0.0 0.0
0.0 0.0 0.0
0.0 0.0 0.0
0.0 0.0 0.0
0.0 0.0 0.0
0.0 0.0 0.0
0.0 0.0 0.0
0.0 0.0 0.0
0.0 0.0 0.0
0.0 0.0 0.0
0.0 0.0 0.0
0.0 0.0 0.0
0.0 0.0 0.0
0.0 0.0 0.0
0.0 0.0 0.0
0.0 0.0 0.0
0.0 0.0 0.0
0.0 0.0 0.0
0.0 0.0 0.0
0.0 0.0 0.0
0.0 0.0 0.0
0.0 0.0 0.0
0.0 0.0 0.0
0.0 0.0 0.0
0.0 0.0 0.0
0.0 0.0 0.0
0.0 0.0 0.0
0.0 0.0 0.0
0.0 0.0 0.0
0.0 0.0 0.0
0.0 0.0 0.0
0.0 0.0 0.0
0.0 0.0 0.0
0.0 0.0 0.0
0.0 0.0 0.0
0.0 0.0 0.0
0.0 0.0 0.0
0.0 0.0 0.0
0.0 0.0 0.0
0.0 0.0 0.0
0.0 0.0 0.0
0.0 0.0 0.0
0.0 0.0 0.0
0.0 0.0 0.0
0.0 0.0 0.0
0.0 0.0 0.0
0.0 0.0 0.0
0.0 0.0 0.0
0.0 0.0 0.0
0.0 0.0 0.0
0.0 0.0 0.0
0.0 0.0 0.0
0.0 0.0 0.0
0.0 0.0 0.0
0.0 0.0 0.0
0.0 0.0 0.0
0.0 0.0 0.0
0.0 0.0 0.0
0.0 0.0 0.0
0.0 0.0 0.0
0.0 0.0 0.0
0.0 0.0 0.0
0.0 0.0 0.0
0.0 0.0 0.0
0.0 0.0 0.0
0.0 0.0 0.0
0.0 0.0 0.0
0.0 0.0 0.0
0.0 0.0 0.0
0.0 0.0 0.0
0.0 0.0 0.0
0.0 0.0 0.0
0.0 0.0 0.0
0.0 0.0 0.0
0.0 0.0 0.0
0.0 0.0 0.0
0.0 0.0 0.0
0.0 0.0 0.0
0.0 0.0 0.0
0.0 0.0 0.0
0.0 0.0 0.0
0.0 0.0 0.0
0.0 0.0 0.0
0.0 0.0 0.0
0.0 0.0 0.0
0.0 0.0 0.0
0.0 0.0 0.0
0.0 0.0 0.0
0.0 0.0 0.0
0.0 0.0 0.0
0.0 0.0 0.0
0.0 0.0 0.0
0.0 0.0 0.0
0.0 0.0 0.0
0.0 0.0 0.0
0.0 0.0 0.0
0.0 0.0 0.0
0.0 0.0 0.0
0.0 0.0 0.0
0.0 0.0 0.0
0.0 0.0 0.0
0.0 0.0 0.0
0.0 0.0 0.0
0.0 0.0 0.0
0.0 0.0 0.0
0.0 0.0 0.0
0.0 0.0 0.0
0.0 0.0 0.0
0.0 0.0 0.0
0.0 0.0 0.0
0.0 0.0 0.0
0.0 0.0 0.0
0.0 0.0 0.0
0.0 0.0 0.0
0.0 0.0 0.0
0.0 0.0 0.0
0.0 0.0 0.0
0.0 0.0 0.0
0.0 0.0 0.0
0.0 0.0 0.0
0.0 0.0 0.0
0.0 0.0 0.0
0.0 0.0 0.0
0.0 0.0 0.0
0.0 0.0 0.0
0.0 0.0 0.0
0.0 0.0 0.0
0.0 0.0 0.0
0.0 0.0 0.0
0.0 0.0 0.0
0.0 0.0 0.0
0.0 0.0 0.0
0.0 0.0 0.0
0.0 0.0 0.0
0.0 0.0 0.0
0.0 0.0 0.0
-12.371288299560547 24.657554626464844 -3.4408884048461914
0.0 0.0 0.0
0.0 0.0 0.0
0.0 0.0 0.0
0.0 0.0 0.0
0.0 0.0 0.0
0.0 0.0 0.0
0.0 0.0 0.0
0.0 0.0 0.0
0.0 0.0 0.0
0.0 0.0 0.0
0.0 0.0 0.0
-9.208792686462402 22.970666885375977 -3.7302169799804688
0.0 0.0 0.0
0.0 0.0 0.0
0.0 0.0 0.0
0.0 0.0 0.0
0.0 0.0 0.0
0.0 0.0 0.0
0.0 0.0 0.0
0.0 0.0 0.0
-7.193475246429443 21.82735824584961 -3.8637750148773193
-7.034822940826416 21.855571746826172 -3.902022361755371
-6.796240329742432 21.629505157470703 -3.892988443374634
-6.657103061676025 21.714204788208008 -3.938875675201416
-6.459778308868408 21.606233596801758 -3.949862480163574
-6.233079433441162 21.389509201049805 -3.940593719482422
-6.071175575256348 21.397254943847656 -3.9718735218048096
-5.905991554260254 21.381216049194336 -3.9965248107910156
-5.669503688812256 21.09665870666504 -3.970703125
-5.500439643859863 21.051620483398438 -3.9896438121795654
-5.352076053619385 21.08348274230957 -4.023033618927002
-5.172837257385254 20.99964141845703 -4.031964302062988
-4.9967193603515625 20.910104751586914 -4.0392985343933105
-4.861236572265625 20.987388610839844 -4.078948020935059
-4.671995162963867 20.827857971191406 -4.072608470916748
-4.505392551422119 20.7609806060791 -4.081876277923584
-4.3258256912231445 20.63706398010254 -4.079409122467041
-4.182695388793945 20.66911506652832 -4.107448101043701
-4.022436141967773 20.613603591918945 -4.1182122230529785
-3.8674561977386475 20.579734802246094 -4.131948471069336
-3.6952743530273438 20.44709587097168 -4.123813152313232
-3.556190013885498 20.505929946899414 -4.154699325561523
-3.395723581314087 20.42365264892578 -4.156815528869629
-3.2341651916503906 20.325069427490234 -4.155428886413574
-3.088136672973633 20.31675148010254 -4.1691131591796875
-2.944026231765747 20.31873893737793 -4.185084819793701
-2.786820888519287 20.224939346313477 -4.181450366973877
-2.6337151527404785 20.168140411376953 -4.185790538787842
-2.494758129119873 20.197805404663086 -4.205375671386719
-2.345913887023926 20.14313316345215 -4.206393718719482
-2.2087671756744385 20.18622398376465 -4.228007793426514
-2.0612423419952393 20.133275985717773 -4.2297043800354
-1.91551673412323 20.113937377929688 -4.237568378448486
-1.7729429006576538 20.097726821899414 -4.243406295776367
-1.6309969425201416 20.08431625366211 -4.250018119812012
-1.4856469631195068 20.020357131958008 -4.246094703674316
-1.3445982933044434 20.004926681518555 -4.252624034881592
-1.2036981582641602 20.027545928955078 -4.263689994812012
-1.0651979446411133 20.052936553955078 -4.275198936462402
-0.9260270595550537 20.065906524658203 -4.284268379211426
-0.7820876836776733 19.963397979736328 -4.268864631652832
-0.6451558470726013 20.03215217590332 -4.287947654724121
-0.5027951598167419 20.012542724609375 -4.286602973937988
-0.3645738661289215 20.068269729614258 -4.301560401916504
-0.22504502534866333 20.073389053344727 -4.305886268615723
-0.08523496985435486 20.024227142333984 -4.297987937927246
0.05376189947128296 19.928926467895508 -4.2771477699279785
0.19297745823860168 19.993072509765625 -4.290735244750977
0.33534571528434753 20.04474449157715 -4.30185604095459
0.47491514682769775 20.049636840820312 -4.3031463623046875
0.6154243350028992 20.08100128173828 -4.30682897567749
0.7581244111061096 20.157337188720703 -4.319583892822266
0.9010658860206604 20.21358299255371 -4.32821798324585
1.0390677452087402 20.112300872802734 -4.303285121917725
1.1841408014297485 20.193620681762695 -4.315849781036377
1.3265717029571533 20.21335792541504 -4.313149452209473
1.4683499336242676 20.22066879272461 -4.308000087738037
1.611661672592163 20.242212295532227 -4.306069374084473
1.7646057605743408 20.342580795288086 -4.320667266845703
1.9130254983901978 20.404708862304688 -4.323700428009033
2.058945655822754 20.43153190612793 -4.319407939910889
2.2049214839935303 20.453510284423828 -4.314266204833984
2.353919744491577 20.49724006652832 -4.313878536224365
2.5029146671295166 20.513601303100586 -4.305032253265381
2.6499080657958984 20.529367446899414 -4.295240879058838
2.783306837081909 20.441734313964844 -4.26405143737793
2.971491575241089 20.743305206298828 -4.314103603363037
3.1207659244537354 20.755970001220703 -4.302862644195557
3.2697432041168213 20.764297485351562 -4.288287162780762
3.4403557777404785 20.884492874145508 -4.296594619750977
3.5972931385040283 20.928239822387695 -4.289511203765869
3.736781358718872 20.869033813476562 -4.261514663696289
3.9303483963012695 21.10325050354004 -4.290062427520752
4.078040599822998 21.080078125 -4.266063690185547
4.262718200683594 21.228273391723633 -4.27648401260376
4.408212184906006 21.187747955322266 -4.249267578125
4.600150108337402 21.36396026611328 -4.263556003570557
4.771485328674316 21.434022903442383 -4.255195140838623
4.976682186126709 21.644798278808594 -4.27462911605835
5.1186113357543945 21.562114715576172 -4.2357378005981445
5.301714897155762 21.661785125732422 -4.232420444488525
5.498766899108887 21.808773040771484 -4.235901832580566
5.647970199584961 21.760845184326172 -4.201544761657715
5.850425720214844 21.91219139099121 -4.2056474685668945
6.079162120819092 22.139020919799805 -4.223524570465088
6.248176574707031 22.15046501159668 -4.197772979736328
6.455005168914795 22.28988265991211 -4.195978164672852
6.652205944061279 22.386945724487305 -4.185989856719971
6.866769790649414 22.53386878967285 -4.185122966766357
7.078464031219482 22.652788162231445 -4.176562786102295
7.254507541656494 22.660797119140625 -4.146831512451172
7.484954357147217 22.832015991210938 -4.146806716918945
7.663033485412598 22.836912155151367 -4.1164116859436035
7.993958473205566 23.285018920898438 -4.16449499130249
8.131417274475098 23.159343719482422 -4.107758045196533
8.352459907531738 23.260356903076172 -4.090704441070557
8.630977630615234 23.519542694091797 -4.101569652557373
8.846814155578613 23.599321365356445 -4.080509662628174
9.158260345458984 23.922443389892578 -4.098728656768799
9.320183753967285 23.847196578979492 -4.048331260681152
9.626063346862793 24.124591827392578 -4.056825160980225
9.915836334228516 24.35714340209961 -4.057659149169922
0.0 0.0 0.0
10.435161590576172 24.64763832092285 -4.023894309997559
10.75304126739502 24.915178298950195 -4.025925159454346
10.980236053466797 24.955469131469727 -3.9899632930755615
11.316237449645996 25.242219924926758 -3.9914824962615967
11.532198905944824 25.250978469848633 -3.947859764099121
11.939509391784668 25.668346405029297 -3.9673454761505127
0.0 0.0 0.0
12.498884201049805 25.91388702392578 -3.9100584983825684
0.0 0.0 0.0
13.122182846069336 26.264541625976562 -3.8637495040893555
13.547168731689453 26.649410247802734 -3.869873285293579
13.979252815246582 27.033828735351562 -3.872441053390503
0.0 0.0 0.0
14.545491218566895 27.188661575317383 -3.785087823867798
15.001144409179688 27.577919006347656 -3.7838733196258545
0.0 0.0 0.0
15.787287712097168 28.08917236328125 -3.735166072845459
0.0 0.0 0.0
0.0 0.0 0.0
0.0 0.0 0.0
0.0 0.0 0.0
0.0 0.0 0.0
0.0 0.0 0.0
0.0 0.0 0.0
0.0 0.0 0.0
0.0 0.0 0.0
0.0 0.0 0.0
0.0 0.0 0.0
0.0 0.0 0.0
0.0 0.0 0.0
0.0 0.0 0.0
24.20041275024414 34.134429931640625 -3.249067783355713
0.0 0.0 0.0
0.0 0.0 0.0
0.0 0.0 0.0
0.0 0.0 0.0
0.0 0.0 0.0
0.0 0.0 0.0
0.0 0.0 0.0
0.0 0.0 0.0
0.0 0.0 0.0
0.0 0.0 0.0
0.0 0.0 0.0
0.0 0.0 0.0
0.0 0.0 0.0
0.0 0.0 0.0
0.0 0.0 0.0
0.0 0.0 0.0
0.0 0.0 0.0
0.0 0.0 0.0
0.0 0.0 0.0
0.0 0.0 0.0
0.0 0.0 0.0
0.0 0.0 0.0
0.0 0.0 0.0
0.0 0.0 0.0
0.0 0.0 0.0
0.0 0.0 0.0
0.0 0.0 0.0
0.0 0.0 0.0
0.0 0.0 0.0
0.0 0.0 0.0
0.0 0.0 0.0
0.0 0.0 0.0
0.0 0.0 0.0
0.0 0.0 0.0
0.0 0.0 0.0
0.0 0.0 0.0
0.0 0.0 0.0
0.0 0.0 0.0
0.0 0.0 0.0
0.0 0.0 0.0
0.0 0.0 0.0
0.0 0.0 0.0
0.0 0.0 0.0
0.0 0.0 0.0
0.0 0.0 0.0
0.0 0.0 0.0
0.0 0.0 0.0
0.0 0.0 0.0
0.0 0.0 0.0
0.0 0.0 0.0
0.0 0.0 0.0
0.0 0.0 0.0
0.0 0.0 0.0
0.0 0.0 0.0
0.0 0.0 0.0
0.0 0.0 0.0
0.0 0.0 0.0
0.0 0.0 0.0
0.0 0.0 0.0
0.0 0.0 0.0
0.0 0.0 0.0
0.0 0.0 0.0
0.0 0.0 0.0
0.0 0.0 0.0
0.0 0.0 0.0
0.0 0.0 0.0
0.0 0.0 0.0
0.0 0.0 0.0
0.0 0.0 0.0
0.0 0.0 0.0
0.0 0.0 0.0
0.0 0.0 0.0
0.0 0.0 0.0
0.0 0.0 0.0
0.0 0.0 0.0
0.0 0.0 0.0
0.0 0.0 0.0
0.0 0.0 0.0
0.0 0.0 0.0
0.0 0.0 0.0
0.0 0.0 0.0
0.0 0.0 0.0
0.0 0.0 0.0
0.0 0.0 0.0
0.0 0.0 0.0
0.0 0.0 0.0
0.0 0.0 0.0
0.0 0.0 0.0
0.0 0.0 0.0
0.0 0.0 0.0
0.0 0.0 0.0
0.0 0.0 0.0
0.0 0.0 0.0
0.0 0.0 0.0
0.0 0.0 0.0
0.0 0.0 0.0
0.0 0.0 0.0
0.0 0.0 0.0
0.0 0.0 0.0
0.0 0.0 0.0
0.0 0.0 0.0
0.0 0.0 0.0
0.0 0.0 0.0
0.0 0.0 0.0
0.0 0.0 0.0
0.0 0.0 0.0
0.0 0.0 0.0
0.0 0.0 0.0
0.0 0.0 0.0
0.0 0.0 0.0
0.0 0.0 0.0
0.0 0.0 0.0
0.0 0.0 0.0
0.0 0.0 0.0
0.0 0.0 0.0
0.0 0.0 0.0
0.0 0.0 0.0
0.0 0.0 0.0
0.0 0.0 0.0
0.0 0.0 0.0
0.0 0.0 0.0
0.0 0.0 0.0
0.0 0.0 0.0
0.0 0.0 0.0
0.0 0.0 0.0
0.0 0.0 0.0
0.0 0.0 0.0
0.0 0.0 0.0
0.0 0.0 0.0
0.0 0.0 0.0
0.0 0.0 0.0
0.0 0.0 0.0
0.0 0.0 0.0
0.0 0.0 0.0
0.0 0.0 0.0
0.0 0.0 0.0
0.0 0.0 0.0
0.0 0.0 0.0
0.0 0.0 0.0
0.0 0.0 0.0
0.0 0.0 0.0
0.0 0.0 0.0
0.0 0.0 0.0
0.0 0.0 0.0
0.0 0.0 0.0
0.0 0.0 0.0
0.0 0.0 0.0
0.0 0.0 0.0
0.0 0.0 0.0
0.0 0.0 0.0
0.0 0.0 0.0
0.0 0.0 0.0
0.0 0.0 0.0
0.0 0.0 0.0
0.0 0.0 0.0
0.0 0.0 0.0
0.0 0.0 0.0
0.0 0.0 0.0
0.0 0.0 0.0
0.0 0.0 0.0
0.0 0.0 0.0
0.0 0.0 0.0
0.0 0.0 0.0
0.0 0.0 0.0
0.0 0.0 0.0
0.0 0.0 0.0
0.0 0.0 0.0
0.0 0.0 0.0
0.0 0.0 0.0
0.0 0.0 0.0
0.0 0.0 0.0
0.0 0.0 0.0
0.0 0.0 0.0
0.0 0.0 0.0
0.0 0.0 0.0
0.0 0.0 0.0
0.0 0.0 0.0
0.0 0.0 0.0
0.0 0.0 0.0
0.0 0.0 0.0
0.0 0.0 0.0
0.0 0.0 0.0
0.0 0.0 0.0
0.0 0.0 0.0
0.0 0.0 0.0
0.0 0.0 0.0
0.0 0.0 0.0
0.0 0.0 0.0
0.0 0.0 0.0
0.0 0.0 0.0
0.0 0.0 0.0
0.0 0.0 0.0
0.0 0.0 0.0
0.0 0.0 0.0
0.0 0.0 0.0
0.0 0.0 0.0
0.0 0.0 0.0
0.0 0.0 0.0
0.0 0.0 0.0
0.0 0.0 0.0
0.0 0.0 0.0
0.0 0.0 0.0
0.0 0.0 0.0
0.0 0.0 0.0
0.0 0.0 0.0
-12.892577171325684 25.03685188293457 -3.378357172012329
0.0 0.0 0.0
0.0 0.0 0.0
0.0 0.0 0.0
0.0 0.0 0.0
0.0 0.0 0.0
0.0 0.0 0.0
-10.81926155090332 23.79578971862793 -3.542694330215454
-10.522050857543945 23.577730178833008 -3.554006814956665
0.0 0.0 0.0
0.0 0.0 0.0
0.0 0.0 0.0
0.0 0.0 0.0
0.0 0.0 0.0
0.0 0.0 0.0
0.0 0.0 0.0
0.0 0.0 0.0
-8.403371810913086 22.54160499572754 -3.7507123947143555
-8.24144458770752 22.585525512695312 -3.7948057651519775
0.0 0.0 0.0
0.0 0.0 0.0
0.0 0.0 0.0
0.0 0.0 0.0
-7.16220760345459 21.983739852905273 -3.862312078475952
-6.941540241241455 21.82134437561035 -3.864672899246216
-6.744053363800049 21.723201751708984 -3.878117322921753
-6.551242828369141 21.64249038696289 -3.8950247764587402
-6.377715587615967 21.611215591430664 -3.9200780391693115
-6.194451808929443 21.54203224182129 -3.9354424476623535
-6.038557529449463 21.56391143798828 -3.9674508571624756
-5.848268508911133 21.45848274230957 -3.976029396057129
0.0 0.0 0.0
-5.473204135894775 21.255083084106445 -3.9923415184020996
-5.311850070953369 21.2386531829834 -4.014244556427002
-5.108400344848633 21.04554557800293 -4.002631664276123
-4.952785015106201 21.041362762451172 -4.02684211730957
-4.790560722351074 21.018033981323242 -4.046639442443848
-4.6116228103637695 20.903369903564453 -4.046618938446045
-4.450533866882324 20.86233139038086 -4.060829162597656
-4.295660018920898 20.84636688232422 -4.080003261566162
-4.127740859985352 20.761571884155273 -4.085569858551025
-3.9745399951934814 20.759328842163086 -4.104636192321777
-3.799271583557129 20.619802474975586 -4.096229553222656
-3.6533889770507812 20.63365936279297 -4.118358135223389
-3.4806947708129883 20.487768173217773 -4.108617782592773
-3.334242582321167 20.488487243652344 -4.125798225402832
-3.181410551071167 20.462177276611328 -4.136845111846924
-3.0361218452453613 20.464736938476562 -4.153602600097656
-2.8852155208587646 20.424530029296875 -4.161806583404541
-2.746533155441284 20.470739364624023 -4.186649799346924
-2.583930730819702 20.330387115478516 -4.170929908752441
-2.4579269886016846 20.47761344909668 -4.214414119720459
-2.2902846336364746 20.293415069580078 -4.1900715827941895
-2.138716459274292 20.210453033447266 -4.186407089233398
-2.002293586730957 20.267982482910156 -4.2082977294921875
-1.8539836406707764 20.20273208618164 -4.204636096954346
-1.7150777578353882 20.235496520996094 -4.221551418304443
-1.568879246711731 20.210254669189453 -4.226747035980225
-1.429902195930481 20.245290756225586 -4.242394924163818
-1.2858023643493652 20.20339012145996 -4.2403645515441895
-1.1443016529083252 20.194828033447266 -4.245514392852783
-1.004879117012024 20.223453521728516 -4.25869083404541
-0.859376847743988 20.17494010925293 -4.2552876472473145
-0.7155760526657104 20.083974838256836 -4.239686965942383
-0.5787774920463562 20.190662384033203 -4.266016006469727
-0.435636043548584 20.070968627929688 -4.244717121124268
-0.297681599855423 20.18718910217285 -4.273515224456787
-0.15425258874893188 20.12351417541504 -4.261228561401367
-0.01441056840121746 20.14692497253418 -4.266576766967773
0.12597551941871643 20.18082618713379 -4.274355411529541
0.26728659868240356 20.248136520385742 -4.289420127868652
0.4077014923095703 20.230710983276367 -4.285221099853516
0.5500319004058838 20.28541374206543 -4.2939348220825195
0.6956374645233154 20.339038848876953 -4.302567958831787
0.8337143659591675 20.254243850708008 -4.282181739807129
0.9733732342720032 20.221952438354492 -4.273111820220947
1.122544288635254 20.36886978149414 -4.298114776611328
1.2678858041763306 20.419336318969727 -4.302844047546387
1.4100052118301392 20.377099990844727 -4.288147926330566
1.5518649816513062 20.36833381652832 -4.280808448791504
1.7016059160232544 20.454303741455078 -4.291209697723389
1.8491934537887573 20.50142478942871 -4.292003631591797
1.9949284791946411 20.520837783813477 -4.287167072296143
2.147911787033081 20.580842971801758 -4.290822505950928
2.2929580211639404 20.583091735839844 -4.281955242156982
2.454341173171997 20.721704483032227 -4.298472881317139
2.6015658378601074 20.730010986328125 -4.288064002990723
2.7567269802093506 20.794153213500977 -4.289341926574707
2.9063026905059814 20.792423248291016 -4.2769927978515625
3.0641274452209473 20.862485885620117 -4.27666711807251
3.231801986694336 20.988271713256836 -4.287130832672119
3.380828380584717 20.984189987182617 -4.271142482757568
3.5420284271240234 21.050806045532227 -4.269680500030518
3.704252243041992 21.11650276184082 -4.266628742218018
3.8743693828582764 21.20357894897461 -4.2655744552612305
4.032012939453125 21.22946548461914 -4.252584934234619
4.180400848388672 21.205310821533203 -4.229756832122803
4.361035346984863 21.337881088256836 -4.23807954788208
0.0 0.0 0.0
4.704693794250488 21.47945785522461 -4.223610877990723
4.887266159057617 21.59336280822754 -4.225009441375732
5.092613220214844 21.795486450195312 -4.243514060974121
5.2487359046936035 21.77987289428711 -4.217280864715576
5.4189677238464355 21.81915855407715 -4.200717449188232
5.620284557342529 21.964447021484375 -4.20407247543335
5.7985639572143555 22.02322006225586 -4.191224098205566
6.005292892456055 22.18085289001465 -4.196026802062988
6.176912307739258 22.199935913085938 -4.172515392303467
6.37109899520874 22.29535484313965 -4.163358688354492
6.614217281341553 22.53972816467285 -4.181217193603516
6.819520950317383 22.653688430786133 -4.174936771392822
7.016165733337402 22.73339080810547 -4.159576416015625
7.229508399963379 22.85911750793457 -4.152427673339844
7.410542011260986 22.876787185668945 -4.125551223754883
7.65502405166626 23.08314323425293 -4.132526397705078
7.9342241287231445 23.370634078979492 -4.150838375091553
8.072198867797852 23.245113372802734 -4.0954718589782715
0.0 0.0 0.0
8.54798412322998 23.553083419799805 -4.082859039306641
8.861486434936523 23.897480010986328 -4.107463836669922
9.0906343460083 23.992599487304688 -4.086590766906738
9.292256355285645 24.018272399902344 -4.054349899291992
9.57387638092041 24.24336814880371 -4.055455207824707
9.82442855834961 24.379955291748047 -4.040529727935791
0.0 0.0 0.0
10.332898139953613 24.63842010498047 -4.0029296875
10.64383316040039 24.892578125 -4.00391149520874
10.919880867004395 25.055294036865234 -3.9891412258148193
0.0 0.0 0.0
0.0 0.0 0.0
11.732558250427246 25.44986343383789 -3.9197824001312256
0.0 0.0 0.0
12.372163772583008 25.885208129882812 -3.8947362899780273
12.862357139587402 26.435701370239258 -3.9291608333587646
13.177215576171875 26.609378814697266 -3.9061012268066406
0.0 0.0 0.0
13.73682689666748 26.788240432739258 -3.830142021179199
14.164848327636719 27.15641212463379 -3.83009672164917
14.593252182006836 27.509748458862305 -3.8263955116271973
0.0 0.0 0.0
0.0 0.0 0.0
15.7362060546875 28.21922492980957 -3.7516989707946777
16.11610221862793 28.433692932128906 -3.72108793258667
0.0 0.0 0.0
0.0 0.0 0.0
0.0 0.0 0.0
17.993797302246094 29.776626586914062 -3.634413719177246
0.0 0.0 0.0
0.0 0.0 0.0
0.0 0.0 0.0
0.0 0.0 0.0
0.0 0.0 0.0
0.0 0.0 0.0
0.0 0.0 0.0
0.0 0.0 0.0
0.0 0.0 0.0
0.0 0.0 0.0
0.0 0.0 0.0
0.0 0.0 0.0
0.0 0.0 0.0
0.0 0.0 0.0
0.0 0.0 0.0
0.0 0.0 0.0
0.0 0.0 0.0
0.0 0.0 0.0
0.0 0.0 0.0
0.0 0.0 0.0
0.0 0.0 0.0
0.0 0.0 0.0
0.0 0.0 0.0
0.0 0.0 0.0
0.0 0.0 0.0
0.0 0.0 0.0
0.0 0.0 0.0
0.0 0.0 0.0
0.0 0.0 0.0
0.0 0.0 0.0
0.0 0.0 0.0
0.0 0.0 0.0
0.0 0.0 0.0
0.0 0.0 0.0
0.0 0.0 0.0
0.0 0.0 0.0
0.0 0.0 0.0
0.0 0.0 0.0
0.0 0.0 0.0
0.0 0.0 0.0
0.0 0.0 0.0
0.0 0.0 0.0
0.0 0.0 0.0
0.0 0.0 0.0
0.0 0.0 0.0
0.0 0.0 0.0
0.0 0.0 0.0
0.0 0.0 0.0
0.0 0.0 0.0
0.0 0.0 0.0
0.0 0.0 0.0
0.0 0.0 0.0
0.0 0.0 0.0
0.0 0.0 0.0
0.0 0.0 0.0
0.0 0.0 0.0
0.0 0.0 0.0
0.0 0.0 0.0
0.0 0.0 0.0
0.0 0.0 0.0
0.0 0.0 0.0
0.0 0.0 0.0
0.0 0.0 0.0
0.0 0.0 0.0
0.0 0.0 0.0
0.0 0.0 0.0
0.0 0.0 0.0
0.0 0.0 0.0
0.0 0.0 0.0
0.0 0.0 0.0
0.0 0.0 0.0
0.0 0.0 0.0
0.0 0.0 0.0
0.0 0.0 0.0
0.0 0.0 0.0
0.0 0.0 0.0
0.0 0.0 0.0
0.0 0.0 0.0
0.0 0.0 0.0
0.0 0.0 0.0
0.0 0.0 0.0
0.0 0.0 0.0
0.0 0.0 0.0
0.0 0.0 0.0
0.0 0.0 0.0
0.0 0.0 0.0
0.0 0.0 0.0
0.0 0.0 0.0
0.0 0.0 0.0
0.0 0.0 0.0
0.0 0.0 0.0
0.0 0.0 0.0
0.0 0.0 0.0
0.0 0.0 0.0
0.0 0.0 0.0
0.0 0.0 0.0
0.0 0.0 0.0
0.0 0.0 0.0
0.0 0.0 0.0
0.0 0.0 0.0
0.0 0.0 0.0
0.0 0.0 0.0
0.0 0.0 0.0
0.0 0.0 0.0
0.0 0.0 0.0
0.0 0.0 0.0
0.0 0.0 0.0
0.0 0.0 0.0
0.0 0.0 0.0
0.0 0.0 0.0
0.0 0.0 0.0
0.0 0.0 0.0
0.0 0.0 0.0
0.0 0.0 0.0
0.0 0.0 0.0
0.0 0.0 0.0
0.0 0.0 0.0
0.0 0.0 0.0
0.0 0.0 0.0
0.0 0.0 0.0
0.0 0.0 0.0
0.0 0.0 0.0
0.0 0.0 0.0
0.0 0.0 0.0
0.0 0.0 0.0
0.0 0.0 0.0
0.0 0.0 0.0
0.0 0.0 0.0
0.0 0.0 0.0
0.0 0.0 0.0
0.0 0.0 0.0
0.0 0.0 0.0
0.0 0.0 0.0
0.0 0.0 0.0
0.0 0.0 0.0
0.0 0.0 0.0
0.0 0.0 0.0
0.0 0.0 0.0
0.0 0.0 0.0
0.0 0.0 0.0
0.0 0.0 0.0
0.0 0.0 0.0
0.0 0.0 0.0
0.0 0.0 0.0
0.0 0.0 0.0
0.0 0.0 0.0
0.0 0.0 0.0
0.0 0.0 0.0
0.0 0.0 0.0
0.0 0.0 0.0
0.0 0.0 0.0
0.0 0.0 0.0
0.0 0.0 0.0
0.0 0.0 0.0
0.0 0.0 0.0
0.0 0.0 0.0
0.0 0.0 0.0
0.0 0.0 0.0
0.0 0.0 0.0
0.0 0.0 0.0
0.0 0.0 0.0
0.0 0.0 0.0
0.0 0.0 0.0
0.0 0.0 0.0
0.0 0.0 0.0
0.0 0.0 0.0
0.0 0.0 0.0
0.0 0.0 0.0
0.0 0.0 0.0
0.0 0.0 0.0
0.0 0.0 0.0
0.0 0.0 0.0
0.0 0.0 0.0
0.0 0.0 0.0
0.0 0.0 0.0
0.0 0.0 0.0
0.0 0.0 0.0
0.0 0.0 0.0
0.0 0.0 0.0
0.0 0.0 0.0
0.0 0.0 0.0
0.0 0.0 0.0
0.0 0.0 0.0
0.0 0.0 0.0
0.0 0.0 0.0
0.0 0.0 0.0
0.0 0.0 0.0
0.0 0.0 0.0
0.0 0.0 0.0
0.0 0.0 0.0
0.0 0.0 0.0
0.0 0.0 0.0
0.0 0.0 0.0
0.0 0.0 0.0
0.0 0.0 0.0
-21.448833465576172 30.55710220336914 -2.570556640625
0.0 0.0 0.0
0.0 0.0 0.0
0.0 0.0 0.0
0.0 0.0 0.0
0.0 0.0 0.0
0.0 0.0 0.0
0.0 0.0 0.0
0.0 0.0 0.0
0.0 0.0 0.0
0.0 0.0 0.0
0.0 0.0 0.0
0.0 0.0 0.0
-15.282501220703125 26.629331588745117 -3.179168701171875
0.0 0.0 0.0
0.0 0.0 0.0
0.0 0.0 0.0
0.0 0.0 0.0
0.0 0.0 0.0
0.0 0.0 0.0
0.0 0.0 0.0
0.0 0.0 0.0
0.0 0.0 0.0
0.0 0.0 0.0
0.0 0.0 0.0
0.0 0.0 0.0
0.0 0.0 0.0
0.0 0.0 0.0
0.0 0.0 0.0
0.0 0.0 0.0
0.0 0.0 0.0
0.0 0.0 0.0
0.0 0.0 0.0
0.0 0.0 0.0
0.0 0.0 0.0
-8.8456392288208 22.986398696899414 -3.72773814201355
0.0 0.0 0.0
0.0 0.0 0.0
0.0 0.0 0.0
0.0 0.0 0.0
0.0 0.0 0.0
-7.483440399169922 22.175140380859375 -3.8039262294769287
0.0 0.0 0.0
0.0 0.0 0.0
-6.874866962432861 21.878843307495117 -3.8466315269470215
-6.709145545959473 21.8831844329834 -3.878473997116089
0.0 0.0 0.0
-6.326100826263428 21.707622528076172 -3.9047353267669678
-6.13798713684082 21.63113021850586 -3.919734239578247
-5.957134246826172 21.563549041748047 -3.935737371444702
-5.789339065551758 21.539302825927734 -3.9586181640625
-5.608461380004883 21.462020874023438 -3.969897985458374
-5.410191059112549 21.30872917175293 -3.9669322967529297
-5.243015766143799 21.281185150146484 -3.9877243041992188
-5.083378791809082 21.27055549621582 -4.011253833770752
-4.875953674316406 21.04962730407715 -3.9919795989990234
-4.716422080993652 21.025541305541992 -4.009909629821777
-4.570489883422852 21.060277938842773 -4.039207935333252
-4.396507263183594 20.974193572998047 -4.045816898345947
-4.231133460998535 20.909284591674805 -4.053852558135986
-4.069263935089111 20.85457420349121 -4.062812805175781
-3.916863441467285 20.8438720703125 -4.080440044403076
-3.7538938522338867 20.771663665771484 -4.086104393005371
-3.6019489765167236 20.77056884765625 -4.1051435470581055
-3.459182024002075 20.80626678466797 -4.128859519958496
-3.294849395751953 20.70849609375 -4.126227855682373
-3.122422456741333 20.545055389404297 -4.110450267791748
-2.976606845855713 20.54711151123047 -4.127823829650879
-2.8284683227539062 20.529752731323242 -4.1382155418396
-2.6816463470458984 20.538244247436523 -4.153904914855957
-2.538311719894409 20.55302619934082 -4.170822620391846
-2.374528169631958 20.3918514251709 -4.152116775512695
-2.2322278022766113 20.404884338378906 -4.167003631591797
-2.098005771636963 20.49724578857422 -4.196478843688965
-1.9275811910629272 20.245983123779297 -4.155888080596924
-1.7962313890457153 20.366798400878906 -4.19160795211792
-1.6553905010223389 20.391490936279297 -4.207352638244629
-1.5046727657318115 20.282339096069336 -4.192119598388672
-1.367709755897522 20.355318069458008 -4.214723587036133
-1.217352032661438 20.259462356567383 -4.202687740325928
-1.0794668197631836 20.32666015625 -4.224538803100586
-0.9352046251296997 20.271217346191406 -4.218235015869141
-0.7975952625274658 20.364015579223633 -4.241869926452637
-0.6573860049247742 20.413822174072266 -4.256783485412598
-0.5118576288223267 20.37095069885254 -4.252657413482666
-0.36896318197250366 20.308168411254883 -4.243192672729492
-0.2278594821691513 20.32523536682129 -4.247828960418701
-0.08644482493400574 20.356616973876953 -4.255666255950928
0.05513555556535721 20.34877586364746 -4.255510330200195
0.19652876257896423 20.332305908203125 -4.253753185272217
0.339932918548584 20.30791473388672 -4.246832370758057
0.4840180575847626 20.4240779876709 -4.269118309020996
0.6259462833404541 20.420740127563477 -4.266622543334961
0.7690145373344421 20.44316291809082 -4.269710540771484
0.9100525975227356 20.4114933013916 -4.2597336769104
1.057946801185608 20.470808029174805 -4.266817569732666
1.2050962448120117 20.544448852539062 -4.277151584625244
1.345898985862732 20.506370544433594 -4.264426231384277
1.4983022212982178 20.631423950195312 -4.285445690155029
1.633864164352417 20.519649505615234 -4.253836631774902
1.7894734144210815 20.627866744995117 -4.267899513244629
1.935214877128601 20.639883041381836 -4.262356758117676
2.0808260440826416 20.647062301635742 -4.256004810333252
2.2427778244018555 20.8021240234375 -4.277576923370361
2.388643503189087 20.796485900878906 -4.265010356903076
2.541736364364624 20.827556610107422 -4.259953498840332
2.6906981468200684 20.842613220214844 -4.251999855041504
2.8484010696411133 20.917505264282227 -4.2552947998046875
3.00685453414917 20.987937927246094 -4.255099773406982
3.1590216159820557 21.00794792175293 -4.244803428649902
3.330686092376709 21.1479549407959 -4.258827209472656
3.490719795227051 21.187973022460938 -4.2525434494018555
3.6485700607299805 21.223970413208008 -4.242556095123291
3.81907320022583 21.32680892944336 -4.245636940002441
3.9759058952331543 21.345380783081055 -4.231993675231934
4.146292209625244 21.430559158325195 -4.231642723083496
4.317687511444092 21.49924087524414 -4.226089954376221
4.487616062164307 21.56735610961914 -4.219159126281738
4.653855323791504 21.611648559570312 -4.2076191902160645
4.830936431884766 21.699628829956055 -4.204616546630859
5.00080680847168 21.748876571655273 -4.193750858306885
5.180721759796143 21.822904586791992 -4.184412002563477
5.377346038818359 21.9706974029541 -4.189552307128906
5.552971839904785 22.023681640625 -4.176516532897949
5.74100923538208 22.11995506286621 -4.171694278717041
5.949601173400879 22.285646438598633 -4.177520275115967
6.1392645835876465 22.360017776489258 -4.16489315032959
6.322488784790039 22.414945602416992 -4.149037837982178
6.521583557128906 22.520172119140625 -4.142451763153076
6.746481418609619 22.705127716064453 -4.1490254402160645
6.955519199371338 22.825729370117188 -4.141820430755615
7.154430389404297 22.896024703979492 -4.124836444854736
7.376375198364258 23.042484283447266 -4.121926784515381
7.595892906188965 23.17243003845215 -4.11545467376709
7.798462867736816 23.242267608642578 -4.095767974853516
8.022570610046387 23.368669509887695 -4.085816860198975
8.261422157287598 23.529529571533203 -4.0815958976745605
0.0 0.0 0.0
8.729817390441895 23.789955139160156 -4.058626651763916
8.952960014343262 23.883455276489258 -4.039222240447998
9.21369743347168 24.068714141845703 -4.0349602699279785
9.515399932861328 24.3486270904541 -4.045910358428955
9.711528778076172 24.341426849365234 -4.0065388679504395
9.984378814697266 24.526748657226562 -3.998271942138672
10.217154502868652 24.606077194213867 -3.97235107421875
10.60069465637207 25.035659790039062 -4.002165794372559
10.835594177246094 25.103158950805664 -3.972111701965332
11.06120491027832 25.135629653930664 -3.934328317642212
0.0 0.0 0.0
11.745256423950195 25.71454620361328 -3.938544750213623
0.0 0.0 0.0
12.371603012084961 26.119050979614258 -3.909115791320801
0.0 0.0 0.0
12.98686408996582 26.4503231048584 -3.8633930683135986
13.329341888427734 26.67855453491211 -3.8480112552642822
13.696945190429688 26.944868087768555 -3.835690975189209
13.985424995422363 27.045501708984375 -3.798905372619629
14.371602058410645 27.32526969909668 -3.786410093307495
0.0 0.0 0.0
15.154987335205078 27.861631393432617 -3.749631643295288
0.0 0.0 0.0
0.0 0.0 0.0
0.0 0.0 0.0
0.0 0.0 0.0
0.0 0.0 0.0
0.0 0.0 0.0
0.0 0.0 0.0
0.0 0.0 0.0
0.0 0.0 0.0
0.0 0.0 0.0
0.0 0.0 0.0
0.0 0.0 0.0
0.0 0.0 0.0
0.0 0.0 0.0
0.0 0.0 0.0
0.0 0.0 0.0
0.0 0.0 0.0
0.0 0.0 0.0
26.245250701904297 35.95792007446289 -3.1550097465515137
0.0 0.0 0.0
0.0 0.0 0.0
0.0 0.0 0.0
0.0 0.0 0.0
0.0 0.0 0.0
0.0 0.0 0.0
0.0 0.0 0.0
0.0 0.0 0.0
0.0 0.0 0.0
0.0 0.0 0.0
0.0 0.0 0.0
0.0 0.0 0.0
0.0 0.0 0.0
0.0 0.0 0.0
0.0 0.0 0.0
0.0 0.0 0.0
0.0 0.0 0.0
0.0 0.0 0.0
0.0 0.0 0.0
0.0 0.0 0.0
0.0 0.0 0.0
0.0 0.0 0.0
0.0 0.0 0.0
0.0 0.0 0.0
0.0 0.0 0.0
0.0 0.0 0.0
0.0 0.0 0.0
0.0 0.0 0.0
0.0 0.0 0.0
0.0 0.0 0.0
0.0 0.0 0.0
0.0 0.0 0.0
0.0 0.0 0.0
0.0 0.0 0.0
0.0 0.0 0.0
0.0 0.0 0.0
0.0 0.0 0.0
0.0 0.0 0.0
0.0 0.0 0.0
0.0 0.0 0.0
0.0 0.0 0.0
0.0 0.0 0.0
0.0 0.0 0.0
0.0 0.0 0.0
0.0 0.0 0.0
0.0 0.0 0.0
0.0 0.0 0.0
0.0 0.0 0.0
0.0 0.0 0.0
0.0 0.0 0.0
0.0 0.0 0.0
0.0 0.0 0.0
0.0 0.0 0.0
0.0 0.0 0.0
0.0 0.0 0.0
0.0 0.0 0.0
0.0 0.0 0.0
0.0 0.0 0.0
0.0 0.0 0.0
0.0 0.0 0.0
0.0 0.0 0.0
0.0 0.0 0.0
0.0 0.0 0.0
0.0 0.0 0.0
0.0 0.0 0.0
0.0 0.0 0.0
0.0 0.0 0.0
0.0 0.0 0.0
0.0 0.0 0.0
0.0 0.0 0.0
0.0 0.0 0.0
0.0 0.0 0.0
0.0 0.0 0.0
0.0 0.0 0.0
0.0 0.0 0.0
0.0 0.0 0.0
0.0 0.0 0.0
0.0 0.0 0.0
0.0 0.0 0.0
0.0 0.0 0.0
0.0 0.0 0.0
0.0 0.0 0.0
0.0 0.0 0.0
0.0 0.0 0.0
0.0 0.0 0.0
0.0 0.0 0.0
0.0 0.0 0.0
0.0 0.0 0.0
0.0 0.0 0.0
0.0 0.0 0.0
0.0 0.0 0.0
0.0 0.0 0.0
0.0 0.0 0.0
0.0 0.0 0.0
0.0 0.0 0.0
0.0 0.0 0.0
0.0 0.0 0.0
0.0 0.0 0.0
0.0 0.0 0.0
0.0 0.0 0.0
0.0 0.0 0.0
0.0 0.0 0.0
0.0 0.0 0.0
0.0 0.0 0.0
0.0 0.0 0.0
0.0 0.0 0.0
0.0 0.0 0.0
0.0 0.0 0.0
0.0 0.0 0.0
0.0 0.0 0.0
0.0 0.0 0.0
0.0 0.0 0.0
0.0 0.0 0.0
0.0 0.0 0.0
0.0 0.0 0.0
0.0 0.0 0.0
0.0 0.0 0.0
0.0 0.0 0.0
0.0 0.0 0.0
0.0 0.0 0.0
0.0 0.0 0.0
0.0 0.0 0.0
0.0 0.0 0.0
0.0 0.0 0.0
0.0 0.0 0.0
0.0 0.0 0.0
0.0 0.0 0.0
0.0 0.0 0.0
0.0 0.0 0.0
0.0 0.0 0.0
0.0 0.0 0.0
0.0 0.0 0.0
0.0 0.0 0.0
0.0 0.0 0.0
0.0 0.0 0.0
0.0 0.0 0.0
0.0 0.0 0.0
0.0 0.0 0.0
0.0 0.0 0.0
0.0 0.0 0.0
0.0 0.0 0.0
0.0 0.0 0.0
0.0 0.0 0.0
0.0 0.0 0.0
0.0 0.0 0.0
0.0 0.0 0.0
0.0 0.0 0.0
0.0 0.0 0.0
0.0 0.0 0.0
0.0 0.0 0.0
0.0 0.0 0.0
0.0 0.0 0.0
0.0 0.0 0.0
0.0 0.0 0.0
0.0 0.0 0.0
0.0 0.0 0.0
0.0 0.0 0.0
0.0 0.0 0.0
0.0 0.0 0.0
0.0 0.0 0.0
0.0 0.0 0.0
0.0 0.0 0.0
0.0 0.0 0.0
0.0 0.0 0.0
0.0 0.0 0.0
0.0 0.0 0.0
0.0 0.0 0.0
0.0 0.0 0.0
0.0 0.0 0.0
0.0 0.0 0.0
0.0 0.0 0.0
0.0 0.0 0.0
0.0 0.0 0.0
0.0 0.0 0.0
0.0 0.0 0.0
0.0 0.0 0.0
0.0 0.0 0.0
0.0 0.0 0.0
0.0 0.0 0.0
0.0 0.0 0.0
0.0 0.0 0.0
0.0 0.0 0.0
0.0 0.0 0.0
0.0 0.0 0.0
0.0 0.0 0.0
0.0 0.0 0.0
0.0 0.0 0.0
0.0 0.0 0.0
0.0 0.0 0.0
0.0 0.0 0.0
0.0 0.0 0.0
0.0 0.0 0.0
0.0 0.0 0.0
0.0 0.0 0.0
0.0 0.0 0.0
0.0 0.0 0.0
0.0 0.0 0.0
0.0 0.0 0.0
0.0 0.0 0.0
0.0 0.0 0.0
0.0 0.0 0.0
0.0 0.0 0.0
0.0 0.0 0.0
0.0 0.0 0.0
-12.681323051452637 25.053855895996094 -3.364140033721924
0.0 0.0 0.0
0.0 0.0 0.0
0.0 0.0 0.0
0.0 0.0 0.0
0.0 0.0 0.0
0.0 0.0 0.0
0.0 0.0 0.0
0.0 0.0 0.0
0.0 0.0 0.0
0.0 0.0 0.0
0.0 0.0 0.0
0.0 0.0 0.0
0.0 0.0 0.0
0.0 0.0 0.0
0.0 0.0 0.0
0.0 0.0 0.0
0.0 0.0 0.0
0.0 0.0 0.0
-7.872018337249756 22.552959442138672 -3.7738006114959717
0.0 0.0 0.0
-7.494257926940918 22.472583770751953 -3.825126886367798
-7.241246223449707 22.228513717651367 -3.8151304721832275
-6.9815192222595215 21.949064254760742 -3.7983810901641846
0.0 0.0 0.0
0.0 0.0 0.0
-6.450812339782715 21.858837127685547 -3.8707358837127686
0.0 0.0 0.0
-6.0869855880737305 21.734516143798828 -3.905853509902954
-5.876300811767578 21.559324264526367 -3.899996757507324
0.0 0.0 0.0
-5.545986652374268 21.535606384277344 -3.947680711746216
-5.340531826019287 21.35179901123047 -3.9396729469299316
-5.214969158172607 21.484153747558594 -3.9880411624908447
-5.020240783691406 21.327762603759766 -3.9819257259368896
-4.867031574249268 21.353864669799805 -4.010303497314453
-4.6866912841796875 21.243270874023438 -4.012624263763428
-4.514540672302246 21.161474227905273 -4.019284248352051
-4.332103729248047 21.022336959838867 -4.012773036956787
-4.204984664916992 21.149065017700195 -4.057147979736328
-4.052582740783691 21.166088104248047 -4.081149101257324
-3.865368604660034 20.977792739868164 -4.065170764923096
-3.7072324752807617 20.935897827148438 -4.074241638183594
-3.549846649169922 20.892866134643555 -4.082983493804932
-3.398784875869751 20.882732391357422 -4.098276138305664
-3.214238166809082 20.67102813720703 -4.07429838180542
-3.0686280727386475 20.681621551513672 -4.091911315917969
-2.9037797451019287 20.554841995239258 -4.0808539390563965
-2.7817821502685547 20.730653762817383 -4.13006591796875
-2.6302530765533447 20.692842483520508 -4.137009143829346
-2.4729764461517334 20.600772857666016 -4.1327223777771
-2.3257904052734375 20.60736846923828 -4.1452956199646
-2.186577558517456 20.662181854248047 -4.167582988739014
-2.0352590084075928 20.601722717285156 -4.1668171882629395
-1.8808482885360718 20.494403839111328 -4.1566572189331055
-1.7446420192718506 20.584890365600586 -4.184004306793213
-1.5881232023239136 20.457256317138672 -4.166224479675293
-1.4461008310317993 20.47342872619629 -4.177751541137695
-1.3034436702728271 20.48097038269043 -4.187722206115723
-1.1591657400131226 20.457176208496094 -4.1902594566345215
-1.021138310432434 20.551395416259766 -4.2144293785095215
-0.8727938532829285 20.491832733154297 -4.207363605499268
-0.7286834120750427 20.454084396362305 -4.204865455627441
-0.585250198841095 20.419153213500977 -4.203128814697266
-0.4436292350292206 20.43745231628418 -4.209074020385742
-0.3017329275608063 20.462505340576172 -4.216183185577393
-0.1566103845834732 20.417722702026367 -4.209140777587891
-0.014553931541740894 20.456083297729492 -4.2194085121154785
0.12784287333488464 20.463214874267578 -4.221598148345947
0.2707446217536926 20.511850357055664 -4.230463981628418
0.4144873023033142 20.55948257446289 -4.239321231842041
0.5573499798774719 20.54874038696289 -4.236345291137695
0.7035070657730103 20.567556381225586 -4.239459037780762
0.8472777009010315 20.578542709350586 -4.2373247146606445
0.9953078031539917 20.67643165588379 -4.253270149230957
1.1419521570205688 20.719762802124023 -4.258163928985596
1.2824478149414062 20.65512466430664 -4.241079330444336
1.424269437789917 20.58222007751465 -4.219951152801514
1.5780001878738403 20.7110595703125 -4.238958835601807
1.7259771823883057 20.747220993041992 -4.239138126373291
1.8814117908477783 20.858579635620117 -4.2548298835754395
2.036621332168579 20.949888229370117 -4.265804767608643
2.1782822608947754 20.872880935668945 -4.239418029785156
2.330798387527466 20.924537658691406 -4.239558219909668
2.4870030879974365 20.997886657714844 -4.2442145347595215
2.637025833129883 21.013097763061523 -4.237278938293457
2.8046112060546875 21.15691566467285 -4.253414630889893
2.9617292881011963 21.18923568725586 -4.246127605438232
3.112761974334717 21.194198608398438 -4.233774662017822
3.2705860137939453 21.23972511291504 -4.2296624183654785
3.4260833263397217 21.265424728393555 -4.220407485961914
3.5988612174987793 21.388690948486328 -4.228290557861328
3.7622616291046143 21.446399688720703 -4.223247051239014
3.929986000061035 21.506235122680664 -4.218420028686523
4.063871383666992 21.39561653137207 -4.180655002593994
4.258760929107666 21.6009464263916 -4.201457977294922
4.411364555358887 21.582834243774414 -4.178706169128418
0.0 0.0 0.0
4.805332183837891 21.93660545349121 -4.208256244659424
4.95106315612793 21.87381362915039 -4.175333023071289
5.162869453430176 22.09446144104004 -4.195125102996826
5.313916206359863 22.048137664794922 -4.164216995239258
5.4979071617126465 22.13500213623047 -4.158565998077393
5.6927947998046875 22.2459659576416 -4.156327247619629
5.846955299377441 22.203868865966797 -4.123429298400879
6.099125862121582 22.524478912353516 -4.1577277183532715
6.2727179527282715 22.542551040649414 -4.135898113250732
6.48596715927124 22.696163177490234 -4.138864040374756
6.684916973114014 22.781187057495117 -4.126315116882324
6.896113395690918 22.90952491760254 -4.121486663818359
7.09257173538208 22.980819702148438 -4.106221675872803
7.3029584884643555 23.090932846069336 -4.097800254821777
7.529293060302734 23.24354362487793 -4.09519624710083
7.748505592346191 23.365097045898438 -4.085512161254883
0.0 0.0 0.0
8.193598747253418 23.594255447387695 -4.06242561340332
8.421357154846191 23.71742820739746 -4.051664352416992
8.665132522583008 23.87492561340332 -4.044438362121582
8.887374877929688 23.965089797973633 -4.025500297546387
0.0 0.0 0.0
9.394004821777344 24.279062271118164 -4.008378505706787
9.701082229614258 24.564720153808594 -4.018256187438965
9.912994384765625 24.600154876708984 -3.9867305755615234
10.178919792175293 24.762388229370117 -3.975424289703369
10.43708324432373 24.888959884643555 -3.9573254585266113
0.0 0.0 0.0
0.0 0.0 0.0
0.0 0.0 0.0
11.556344032287598 25.54271697998047 -3.8956167697906494
0.0 0.0 0.0
0.0 0.0 0.0
12.538192749023438 26.22978401184082 -3.8640713691711426
0.0 0.0 0.0
13.281929016113281 26.81975555419922 -3.85601806640625
13.668622970581055 27.12483787536621 -3.8502063751220703
13.973649024963379 27.248310089111328 -3.8167672157287598
0.0 0.0 0.0
14.57946491241455 27.483556747436523 -3.746246814727783
0.0 0.0 0.0
0.0 0.0 0.0
0.0 0.0 0.0
16.247997283935547 28.66717529296875 -3.67867374420166
0.0 0.0 0.0
17.124418258666992 29.256587982177734 -3.631838083267212
0.0 0.0 0.0
0.0 0.0 0.0
0.0 0.0 0.0
0.0 0.0 0.0
0.0 0.0 0.0
20.137767791748047 31.323299407958984 -3.4589715003967285
0.0 0.0 0.0
0.0 0.0 0.0
0.0 0.0 0.0
0.0 0.0 0.0
0.0 0.0 0.0
0.0 0.0 0.0
0.0 0.0 0.0
0.0 0.0 0.0
0.0 0.0 0.0
0.0 0.0 0.0
0.0 0.0 0.0
0.0 0.0 0.0
0.0 0.0 0.0
0.0 0.0 0.0
0.0 0.0 0.0
0.0 0.0 0.0
0.0 0.0 0.0
0.0 0.0 0.0
0.0 0.0 0.0
0.0 0.0 0.0
0.0 0.0 0.0
0.0 0.0 0.0
0.0 0.0 0.0
0.0 0.0 0.0
0.0 0.0 0.0
0.0 0.0 0.0
0.0 0.0 0.0
0.0 0.0 0.0
0.0 0.0 0.0
0.0 0.0 0.0
0.0 0.0 0.0
0.0 0.0 0.0
0.0 0.0 0.0
0.0 0.0 0.0
0.0 0.0 0.0
0.0 0.0 0.0
0.0 0.0 0.0
0.0 0.0 0.0
0.0 0.0 0.0
0.0 0.0 0.0
0.0 0.0 0.0
0.0 0.0 0.0
0.0 0.0 0.0
0.0 0.0 0.0
0.0 0.0 0.0
0.0 0.0 0.0
0.0 0.0 0.0
0.0 0.0 0.0
0.0 0.0 0.0
0.0 0.0 0.0
0.0 0.0 0.0
0.0 0.0 0.0
0.0 0.0 0.0
0.0 0.0 0.0
0.0 0.0 0.0
0.0 0.0 0.0
0.0 0.0 0.0
0.0 0.0 0.0
0.0 0.0 0.0
0.0 0.0 0.0
0.0 0.0 0.0
0.0 0.0 0.0
0.0 0.0 0.0
0.0 0.0 0.0
0.0 0.0 0.0
0.0 0.0 0.0
0.0 0.0 0.0
0.0 0.0 0.0
4.310027599334717 20.60787582397461 4.318933010101318
0.0 0.0 0.0
0.0 0.0 0.0
0.0 0.0 0.0
0.0 0.0 0.0
0.0 0.0 0.0
0.0 0.0 0.0
0.0 0.0 0.0
0.0 0.0 0.0
0.0 0.0 0.0
0.0 0.0 0.0
0.0 0.0 0.0
0.0 0.0 0.0
0.0 0.0 0.0
0.0 0.0 0.0
0.0 0.0 0.0
0.0 0.0 0.0
0.0 0.0 0.0
0.0 0.0 0.0
0.0 0.0 0.0
0.0 0.0 0.0
0.0 0.0 0.0
0.0 0.0 0.0
0.0 0.0 0.0
0.0 0.0 0.0
0.0 0.0 0.0
0.0 0.0 0.0
0.0 0.0 0.0
0.0 0.0 0.0
0.0 0.0 0.0
0.0 0.0 0.0
0.0 0.0 0.0
0.0 0.0 0.0
0.0 0.0 0.0
0.0 0.0 0.0
0.0 0.0 0.0
0.0 0.0 0.0
0.0 0.0 0.0
0.0 0.0 0.0
0.0 0.0 0.0
0.0 0.0 0.0
0.0 0.0 0.0
0.0 0.0 0.0
0.0 0.0 0.0
0.0 0.0 0.0
0.0 0.0 0.0
0.0 0.0 0.0
0.0 0.0 0.0
0.0 0.0 0.0
0.0 0.0 0.0
0.0 0.0 0.0
0.0 0.0 0.0
0.0 0.0 0.0
0.0 0.0 0.0
0.0 0.0 0.0
0.0 0.0 0.0
0.0 0.0 0.0
0.0 0.0 0.0
0.0 0.0 0.0
0.0 0.0 0.0
0.0 0.0 0.0
0.0 0.0 0.0
0.0 0.0 0.0
0.0 0.0 0.0
0.0 0.0 0.0
0.0 0.0 0.0
0.0 0.0 0.0
0.0 0.0 0.0
0.0 0.0 0.0
0.0 0.0 0.0
0.0 0.0 0.0
0.0 0.0 0.0
0.0 0.0 0.0
0.0 0.0 0.0
0.0 0.0 0.0
0.0 0.0 0.0
0.0 0.0 0.0
0.0 0.0 0.0
0.0 0.0 0.0
0.0 0.0 0.0
0.0 0.0 0.0
0.0 0.0 0.0
0.0 0.0 0.0
0.0 0.0 0.0
0.0 0.0 0.0
0.0 0.0 0.0
0.0 0.0 0.0
0.0 0.0 0.0
0.0 0.0 0.0
0.0 0.0 0.0
0.0 0.0 0.0
0.0 0.0 0.0
0.0 0.0 0.0
0.0 0.0 0.0
0.0 0.0 0.0
0.0 0.0 0.0
0.0 0.0 0.0
0.0 0.0 0.0
0.0 0.0 0.0
0.0 0.0 0.0
0.0 0.0 0.0
0.0 0.0 0.0
0.0 0.0 0.0
0.0 0.0 0.0
0.0 0.0 0.0
0.0 0.0 0.0
0.0 0.0 0.0
0.0 0.0 0.0
0.0 0.0 0.0
0.0 0.0 0.0
0.0 0.0 0.0
0.0 0.0 0.0
0.0 0.0 0.0
0.0 0.0 0.0
0.0 0.0 0.0
0.0 0.0 0.0
0.0 0.0 0.0
0.0 0.0 0.0
0.0 0.0 0.0
0.0 0.0 0.0
0.0 0.0 0.0
0.0 0.0 0.0
0.0 0.0 0.0
0.0 0.0 0.0
0.0 0.0 0.0
0.0 0.0 0.0
0.0 0.0 0.0
0.0 0.0 0.0
0.0 0.0 0.0
0.0 0.0 0.0
0.0 0.0 0.0
0.0 0.0 0.0
0.0 0.0 0.0
0.0 0.0 0.0
0.0 0.0 0.0
0.0 0.0 0.0
0.0 0.0 0.0
0.0 0.0 0.0
0.0 0.0 0.0
0.0 0.0 0.0
-13.88908863067627 25.8494815826416 -3.245133638381958
-13.610884666442871 25.76068115234375 -3.288139820098877
0.0 0.0 0.0
0.0 0.0 0.0
0.0 0.0 0.0
0.0 0.0 0.0
0.0 0.0 0.0
0.0 0.0 0.0
0.0 0.0 0.0
0.0 0.0 0.0
0.0 0.0 0.0
0.0 0.0 0.0
-10.45263957977295 24.10015296936035 -3.577178478240967
0.0 0.0 0.0
0.0 0.0 0.0
0.0 0.0 0.0
0.0 0.0 0.0
0.0 0.0 0.0
0.0 0.0 0.0
0.0 0.0 0.0
0.0 0.0 0.0
0.0 0.0 0.0
-8.01693058013916 22.709495544433594 -3.73602294921875
0.0 0.0 0.0
-7.647397518157959 22.66440200805664 -3.7934134006500244
0.0 0.0 0.0
0.0 0.0 0.0
0.0 0.0 0.0
-6.7598557472229 22.053091049194336 -3.812971830368042
0.0 0.0 0.0
-6.399323463439941 21.963336944580078 -3.8554182052612305
-6.204214096069336 21.86907386779785 -3.8665378093719482
-6.012808322906494 21.768903732299805 -3.874943733215332
-5.872051239013672 21.849300384521484 -3.9155712127685547
-5.68261194229126 21.7463321685791 -3.9234461784362793
-5.505382537841797 21.682968139648438 -3.9374897480010986
-5.291410446166992 21.47727394104004 -3.923884391784668
-5.159241199493408 21.58709144592285 -3.967531681060791
-4.9999213218688965 21.583641052246094 -3.99057936668396
-4.80286979675293 21.410268783569336 -3.9821724891662598
-4.613497257232666 21.25832748413086 -3.974468469619751
-4.462005138397217 21.28577423095703 -4.000437259674072
-4.289195537567139 21.194992065429688 -4.003932476043701
-4.136993408203125 21.200855255126953 -4.025750160217285
-3.9736440181732178 21.145549774169922 -4.034274578094482
-3.81496524810791 21.108118057250977 -4.044815540313721
-3.677349805831909 21.202228546142578 -4.081089496612549
-3.488180637359619 20.97710609436035 -4.055671691894531
-3.330190420150757 20.924821853637695 -4.063074588775635
-3.1861062049865723 20.95916748046875 -4.084537029266357
-3.029053211212158 20.905202865600586 -4.088949203491211
-2.8786656856536865 20.891860961914062 -4.101434230804443
-2.7112982273101807 20.763648986816406 -4.09169340133667
-2.5586750507354736 20.718137741088867 -4.0952630043029785
-2.414917469024658 20.74021339416504 -4.111368656158447
-2.2486331462860107 20.555557250976562 -4.0865702629089355
-2.1180436611175537 20.693653106689453 -4.1261091232299805
-1.9781017303466797 20.77790069580078 -4.154216289520264
-1.8319973945617676 20.773727416992188 -4.162071704864502
-1.6786086559295654 20.676898956298828 -4.151513576507568
-1.5371406078338623 20.720279693603516 -4.169277667999268
-1.3870930671691895 20.640403747558594 -4.162407875061035
-1.2391496896743774 20.62139129638672 -4.164787292480469
-1.1001802682876587 20.716007232666016 -4.189769744873047
-0.9525258541107178 20.645206451416016 -4.18149471282959
-0.80964595079422 20.672832489013672 -4.193349838256836
-0.6654280424118042 20.669212341308594 -4.1972336769104
-0.5188811421394348 20.665081024169922 -4.198989391326904
-0.3759564757347107 20.713457107543945 -4.211578845977783
-0.23054157197475433 20.59625244140625 -4.190694808959961
-0.08765126764774323 20.68474578857422 -4.211798191070557
0.05624527484178543 20.69261360168457 -4.212862968444824
0.2003210335969925 20.70713233947754 -4.215485572814941
0.3459482192993164 20.647890090942383 -4.203295707702637
0.4922814965248108 20.759885787963867 -4.226172924041748
0.636521577835083 20.75652503967285 -4.2234206199646
0.7806233763694763 20.744829177856445 -4.217504501342773
0.9244327545166016 20.732139587402344 -4.2115960121154785
1.0769550800323486 20.836849212646484 -4.229667663574219
1.2217484712600708 20.829864501953125 -4.2247185707092285
1.3710765838623047 20.887462615966797 -4.229668617248535
1.507118582725525 20.74921989440918 -4.195186614990234
1.6630276441574097 20.88494110107422 -4.216302871704102
1.8220090866088867 21.000225067138672 -4.233301639556885
1.9646865129470825 20.951095581054688 -4.214674472808838
2.1240456104278564 21.07270050048828 -4.229485988616943
2.2784576416015625 21.132186889648438 -4.23195219039917
2.419973373413086 21.06873321533203 -4.209981918334961
2.580465078353882 21.144990921020508 -4.214851379394531
2.7499372959136963 21.3006591796875 -4.233109951019287
2.8803272247314453 21.151180267333984 -4.1909074783325195
3.0484535694122314 21.27790069580078 -4.203629970550537
3.209933280944824 21.34645652770996 -4.204931735992432
3.369706392288208 21.395418167114258 -4.199415683746338
3.557095527648926 21.590543746948242 -4.221813201904297
3.7091474533081055 21.576566696166992 -4.203625679016113
3.8740246295928955 21.633262634277344 -4.199350357055664
4.0251312255859375 21.609764099121094 -4.178160190582275
4.186282157897949 21.638301849365234 -4.165305137634277
4.383202075958252 21.827030181884766 -4.182940483093262
4.566381931304932 21.94689178466797 -4.187583923339844
4.740749359130859 22.01654052734375 -4.182533264160156
4.928908348083496 22.141647338867188 -4.184778690338135
5.094935417175293 22.16038703918457 -4.166927814483643
5.285667419433594 22.267019271850586 -4.165230751037598
5.453305721282959 22.28309440612793 -4.147019386291504
5.656445503234863 22.436161041259766 -4.152167797088623
5.843921184539795 22.51692771911621 -4.142678737640381
6.035776138305664 22.60732650756836 -4.1349053382873535
6.230947494506836 22.691783905029297 -4.125556468963623
6.427820205688477 22.786602020263672 -4.117631435394287
6.592191219329834 22.761781692504883 -4.086136817932129
6.823424339294434 22.960878372192383 -4.094741344451904
7.030819892883301 23.069499969482422 -4.086950778961182
7.268354415893555 23.256431579589844 -4.092284679412842
7.496240139007568 23.413238525390625 -4.089798450469971
7.714804172515869 23.531389236450195 -4.0801897048950195
7.93397331237793 23.644044876098633 -4.0694451332092285
8.197837829589844 23.878765106201172 -4.079306602478027
8.35683536529541 23.80194091796875 -4.034071922302246
8.617549896240234 23.999053955078125 -4.033612251281738
8.850491523742676 24.118642807006836 -4.0203328132629395
9.13177490234375 24.35900115966797 -4.026697635650635
9.383316040039062 24.510452270507812 -4.016854763031006
0.0 0.0 0.0
9.813206672668457 24.593921661376953 -3.9568793773651123
0.0 0.0 0.0
10.381818771362305 25.00332260131836 -3.948056936264038
10.679023742675781 25.22193145751953 -3.9427547454833984
0.0 0.0 0.0
11.251458168029785 25.567781448364258 -3.915320634841919
0.0 0.0 0.0
11.888214111328125 26.02777862548828 -3.900808095932007
0.0 0.0 0.0
12.392468452453613 26.163970947265625 -3.833500862121582
12.785257339477539 26.50825309753418 -3.838433027267456
0.0 0.0 0.0
0.0 0.0 0.0
13.879645347595215 27.306446075439453 -3.80745005607605
14.207330703735352 27.478147506713867 -3.781783103942871
14.582616806030273 27.728702545166016 -3.763582944869995
14.95820426940918 27.96003532409668 -3.7407665252685547
0.0 0.0 0.0
0.0 0.0 0.0
15.97927188873291 28.427127838134766 -3.636143207550049
0.0 0.0 0.0
0.0 0.0 0.0
0.0 0.0 0.0
0.0 0.0 0.0
0.0 0.0 0.0
0.0 0.0 0.0
0.0 0.0 0.0
0.0 0.0 0.0
0.0 0.0 0.0
0.0 0.0 0.0
0.0 0.0 0.0
0.0 0.0 0.0
0.0 0.0 0.0
0.0 0.0 0.0
0.0 0.0 0.0
0.0 0.0 0.0
0.0 0.0 0.0
0.0 0.0 0.0
0.0 0.0 0.0
0.0 0.0 0.0
0.0 0.0 0.0
0.0 0.0 0.0
0.0 0.0 0.0
0.0 0.0 0.0
0.0 0.0 0.0
0.0 0.0 0.0
0.0 0.0 0.0
0.0 0.0 0.0
0.0 0.0 0.0
0.0 0.0 0.0
0.0 0.0 0.0
0.0 0.0 0.0
0.0 0.0 0.0
0.0 0.0 0.0
0.0 0.0 0.0
0.0 0.0 0.0
0.0 0.0 0.0
0.0 0.0 0.0
0.0 0.0 0.0
0.0 0.0 0.0
0.0 0.0 0.0
0.0 0.0 0.0
0.0 0.0 0.0
0.0 0.0 0.0
0.0 0.0 0.0
0.0 0.0 0.0
0.0 0.0 0.0
0.0 0.0 0.0
0.0 0.0 0.0
0.0 0.0 0.0
0.0 0.0 0.0
0.0 0.0 0.0
0.0 0.0 0.0
0.0 0.0 0.0
0.0 0.0 0.0
0.0 0.0 0.0
0.0 0.0 0.0
0.0 0.0 0.0
0.0 0.0 0.0
0.0 0.0 0.0
0.0 0.0 0.0
0.0 0.0 0.0
0.0 0.0 0.0
0.0 0.0 0.0
0.0 0.0 0.0
0.0 0.0 0.0
0.0 0.0 0.0
0.0 0.0 0.0
0.0 0.0 0.0
0.0 0.0 0.0
0.0 0.0 0.0
0.0 0.0 0.0
0.0 0.0 0.0
0.0 0.0 0.0
0.0 0.0 0.0
0.0 0.0 0.0
0.0 0.0 0.0
0.0 0.0 0.0
0.0 0.0 0.0
0.0 0.0 0.0
0.0 0.0 0.0
0.0 0.0 0.0
0.0 0.0 0.0
0.0 0.0 0.0
0.0 0.0 0.0
0.0 0.0 0.0
0.0 0.0 0.0
0.0 0.0 0.0
0.0 0.0 0.0
0.0 0.0 0.0
0.0 0.0 0.0
0.0 0.0 0.0
0.0 0.0 0.0
0.0 0.0 0.0
0.0 0.0 0.0
0.0 0.0 0.0
0.0 0.0 0.0
0.0 0.0 0.0
0.0 0.0 0.0
0.0 0.0 0.0
0.0 0.0 0.0
0.0 0.0 0.0
0.0 0.0 0.0
0.0 0.0 0.0
0.0 0.0 0.0
0.0 0.0 0.0
0.0 0.0 0.0
0.0 0.0 0.0
0.0 0.0 0.0
0.0 0.0 0.0
0.0 0.0 0.0
0.0 0.0 0.0
0.0 0.0 0.0
0.0 0.0 0.0
0.0 0.0 0.0
0.0 0.0 0.0
0.0 0.0 0.0
0.0 0.0 0.0
0.0 0.0 0.0
0.0 0.0 0.0
0.0 0.0 0.0
0.0 0.0 0.0
0.0 0.0 0.0
0.0 0.0 0.0
0.0 0.0 0.0
0.0 0.0 0.0
0.0 0.0 0.0
0.0 0.0 0.0
0.0 0.0 0.0
0.0 0.0 0.0
0.0 0.0 0.0
0.0 0.0 0.0
0.0 0.0 0.0
0.0 0.0 0.0
0.0 0.0 0.0
0.0 0.0 0.0
0.0 0.0 0.0
0.0 0.0 0.0
0.0 0.0 0.0
0.0 0.0 0.0
0.0 0.0 0.0
0.0 0.0 0.0
0.0 0.0 0.0
0.0 0.0 0.0
0.0 0.0 0.0
0.0 0.0 0.0
0.0 0.0 0.0
0.0 0.0 0.0
0.0 0.0 0.0
0.0 0.0 0.0
0.0 0.0 0.0
0.0 0.0 0.0
0.0 0.0 0.0
0.0 0.0 0.0
0.0 0.0 0.0
0.0 0.0 0.0
0.0 0.0 0.0
0.0 0.0 0.0
0.0 0.0 0.0
0.0 0.0 0.0
0.0 0.0 0.0
0.0 0.0 0.0
0.0 0.0 0.0
0.0 0.0 0.0
0.0 0.0 0.0
0.0 0.0 0.0
0.0 0.0 0.0
0.0 0.0 0.0
0.0 0.0 0.0
0.0 0.0 0.0
0.0 0.0 0.0
0.0 0.0 0.0
0.0 0.0 0.0
0.0 0.0 0.0
0.0 0.0 0.0
0.0 0.0 0.0
0.0 0.0 0.0
0.0 0.0 0.0
0.0 0.0 0.0
0.0 0.0 0.0
0.0 0.0 0.0
0.0 0.0 0.0
0.0 0.0 0.0
0.0 0.0 0.0
0.0 0.0 0.0
0.0 0.0 0.0
0.0 0.0 0.0
0.0 0.0 0.0
0.0 0.0 0.0
0.0 0.0 0.0
0.0 0.0 0.0
0.0 0.0 0.0
0.0 0.0 0.0
0.0 0.0 0.0
0.0 0.0 0.0
0.0 0.0 0.0
0.0 0.0 0.0
0.0 0.0 0.0
0.0 0.0 0.0
0.0 0.0 0.0
0.0 0.0 0.0
0.0 0.0 0.0
0.0 0.0 0.0
0.0 0.0 0.0
0.0 0.0 0.0
0.0 0.0 0.0
0.0 0.0 0.0
0.0 0.0 0.0
0.0 0.0 0.0
0.0 0.0 0.0
0.0 0.0 0.0
-16.315433502197266 27.308189392089844 -3.0119080543518066
0.0 0.0 0.0
0.0 0.0 0.0
0.0 0.0 0.0
0.0 0.0 0.0
0.0 0.0 0.0
0.0 0.0 0.0
0.0 0.0 0.0
0.0 0.0 0.0
0.0 0.0 0.0
-12.894009590148926 25.472410202026367 -3.3524281978607178
-12.525934219360352 25.18035125732422 -3.3633482456207275
0.0 0.0 0.0
0.0 0.0 0.0
0.0 0.0 0.0
0.0 0.0 0.0
0.0 0.0 0.0
-10.798904418945312 24.20075035095215 -3.496453046798706
0.0 0.0 0.0
0.0 0.0 0.0
0.0 0.0 0.0
0.0 0.0 0.0
0.0 0.0 0.0
0.0 0.0 0.0
-9.075732231140137 23.347105026245117 -3.6423141956329346
-8.850357055664062 23.244659423828125 -3.6617043018341064
0.0 0.0 0.0
0.0 0.0 0.0
0.0 0.0 0.0
0.0 0.0 0.0
-7.723665237426758 22.632102966308594 -3.7315051555633545
-7.53318977355957 22.58791732788086 -3.7564175128936768
-7.350856304168701 22.564424514770508 -3.7831971645355225
0.0 0.0 0.0
0.0 0.0 0.0
-6.720643043518066 22.202003479003906 -3.8106675148010254
-6.527973175048828 22.1207332611084 -3.8251795768737793
-6.360659122467041 22.119550704956055 -3.8514301776885986
0.0 0.0 0.0
-5.981451988220215 21.94615364074707 -3.8740272521972656
0.0 0.0 0.0
-5.614293098449707 21.801197052001953 -3.89908504486084
-5.42963981628418 21.707735061645508 -3.906076669692993
-5.24021053314209 21.586612701416016 -3.9079763889312744
-5.092397212982178 21.63242530822754 -3.9401373863220215
-4.91989803314209 21.584354400634766 -3.953871250152588
-4.755838394165039 21.55721092224121 -3.9698307514190674
-4.576524257659912 21.45361328125 -3.9716999530792236
-4.430521488189697 21.502941131591797 -4.001993179321289
-4.254895210266113 21.404380798339844 -4.004191875457764
-4.070695877075195 21.26378059387207 -3.9961013793945312
-3.928903579711914 21.32524871826172 -4.025756359100342
-3.778412342071533 21.340362548828125 -4.046882629394531
-3.6034634113311768 21.210567474365234 -4.040589332580566
-3.442275285720825 21.15188980102539 -4.0451273918151855
-3.277783155441284 21.081098556518555 -4.046955585479736
-3.133805513381958 21.122623443603516 -4.0702433586120605
-2.9772262573242188 21.07575035095215 -4.0766472816467285
-2.8014724254608154 20.87970733642578 -4.052919864654541
-2.6818017959594727 21.101242065429688 -4.108178615570068
-2.5134735107421875 20.941293716430664 -4.089382648468018
-2.360567808151245 20.91745948791504 -4.097450256347656
-2.217817783355713 20.960926055908203 -4.11868953704834
-2.0710043907165527 20.96588706970215 -4.1291351318359375
-1.9174022674560547 20.897356033325195 -4.125025272369385
-1.7711668014526367 20.9002628326416 -4.135167598724365
-1.6277247667312622 20.971073150634766 -4.159146785736084
-1.473789095878601 20.869104385375977 -4.146971702575684
-1.3234121799468994 20.796987533569336 -4.138890743255615
-1.181911826133728 20.861501693725586 -4.158195495605469
-1.0300731658935547 20.733732223510742 -4.139349937438965
-0.8845157027244568 20.769563674926758 -4.1532816886901855
-0.7419845461845398 20.831823348999023 -4.168831825256348
-0.596435546875 20.816524505615234 -4.169068336486816
-0.4517167806625366 20.827014923095703 -4.174670219421387
-0.3063168227672577 20.798202514648438 -4.1725921630859375
-0.15902410447597504 20.78415298461914 -4.171402454376221
-0.014404186978936195 20.84214210510254 -4.183235168457031
0.13048703968524933 20.814868927001953 -4.178157329559326
0.27519091963768005 20.813398361206055 -4.178459644317627
0.42166537046432495 20.891427993774414 -4.194414138793945
0.5684583187103271 20.94611167907715 -4.202487468719482
0.7144501209259033 20.877197265625 -4.185920238494873
0.8625827431678772 20.945127487182617 -4.197042942047119
1.0155423879623413 21.088520050048828 -4.2234625816345215
1.1604552268981934 21.051555633544922 -4.2113356590271
1.3064876794815063 21.03675651550293 -4.2026262283325195
1.447149395942688 20.90995979309082 -4.171688556671143
1.6088224649429321 21.114749908447266 -4.207184314727783
1.7583200931549072 21.135196685791016 -4.2051682472229
1.9121018648147583 21.197139739990234 -4.208526611328125
2.0573952198028564 21.162622451782227 -4.19292688369751
2.2124862670898438 21.199298858642578 -4.191473484039307
2.379730463027954 21.360797882080078 -4.214959621429443
2.526242256164551 21.327417373657227 -4.197251319885254
2.6773204803466797 21.33119010925293 -4.186271667480469
2.838486671447754 21.409940719604492 -4.190159797668457
2.9936282634735107 21.414979934692383 -4.179548263549805
3.15685772895813 21.49158477783203 -4.1819610595703125
3.3190319538116455 21.552244186401367 -4.178949356079102
3.4883079528808594 21.649572372436523 -4.183116912841797
3.651458978652954 21.700191497802734 -4.178335189819336
3.823441982269287 21.794960021972656 -4.182131767272949
3.994291305541992 21.858287811279297 -4.176690101623535
4.174393177032471 21.977359771728516 -4.181892395019531
4.326635837554932 21.944286346435547 -4.158240795135498
4.499384880065918 22.011749267578125 -4.153775215148926
4.657944679260254 22.006797790527344 -4.134163856506348
4.847265243530273 22.128124237060547 -4.1362624168396
5.03324031829834 22.237194061279297 -4.13636589050293
5.235137939453125 22.40462875366211 -4.147200584411621
5.412356853485107 22.458322525024414 -4.136709690093994
5.5929741859436035 22.51848793029785 -4.124539852142334
5.785103797912598 22.606426239013672 -4.117031097412109
5.974985122680664 22.6897029876709 -4.109036922454834
6.192463397979736 22.86802864074707 -4.118116855621338
6.366316795349121 22.87795066833496 -4.0946760177612305
6.550021648406982 22.9200382232666 -4.076182842254639
6.781891822814941 23.11145782470703 -4.083637714385986
6.96750020980835 23.146583557128906 -4.063753128051758
7.199267387390137 23.327701568603516 -4.068346977233887
7.414578914642334 23.444486618041992 -4.059547424316406
0.0 0.0 0.0
7.865700721740723 23.716407775878906 -4.0478835105896
8.066462516784668 23.75727653503418 -4.024929046630859
8.289441108703613 23.866968154907227 -4.011636734008789
8.559541702270508 24.10199737548828 -4.019012451171875
8.80059814453125 24.243722915649414 -4.010351657867432
9.01701831817627 24.310949325561523 -3.98917555809021
9.290781021118164 24.5166015625 -3.9878740310668945
0.0 0.0 0.0
0.0 0.0 0.0
10.048511505126953 24.93475914001465 -3.949174404144287
10.381135940551758 25.25335693359375 -3.962249755859375
10.617876052856445 25.317739486694336 -3.9329874515533447
10.933473587036133 25.569711685180664 -3.9330527782440186
11.194193840026855 25.68388557434082 -3.9113879203796387
11.483637809753418 25.855989456176758 -3.897075653076172
0.0 0.0 0.0
12.055779457092285 26.148433685302734 -3.855569362640381
0.0 0.0 0.0
12.623023986816406 26.407163619995117 -3.8069753646850586
13.011114120483398 26.74005699157715 -3.809044361114502
13.41823673248291 27.09670066833496 -3.81321382522583
13.795909881591797 27.37992286682129 -3.8058876991271973
14.243266105651855 27.778711318969727 -3.8113014698028564
0.0 0.0 0.0
0.0 0.0 0.0
15.233231544494629 28.24379539489746 -3.7188072204589844
0.0 0.0 0.0
0.0 0.0 0.0
0.0 0.0 0.0
0.0 0.0 0.0
0.0 0.0 0.0
17.90392303466797 30.104755401611328 -3.600485324859619
0.0 0.0 0.0
0.0 0.0 0.0
0.0 0.0 0.0
19.858444213867188 31.36489486694336 -3.473956346511841
0.0 0.0 0.0
0.0 0.0 0.0
0.0 0.0 0.0
0.0 0.0 0.0
0.0 0.0 0.0
0.0 0.0 0.0
0.0 0.0 0.0
0.0 0.0 0.0
0.0 0.0 0.0
0.0 0.0 0.0
0.0 0.0 0.0
0.0 0.0 0.0
0.0 0.0 0.0
0.0 0.0 0.0
0.0 0.0 0.0
0.0 0.0 0.0
0.0 0.0 0.0
0.0 0.0 0.0
0.0 0.0 0.0
0.0 0.0 0.0
0.0 0.0 0.0
0.0 0.0 0.0
0.0 0.0 0.0
0.0 0.0 0.0
0.0 0.0 0.0
0.0 0.0 0.0
0.0 0.0 0.0
0.0 0.0 0.0
0.0 0.0 0.0
0.0 0.0 0.0
0.0 0.0 0.0
0.0 0.0 0.0
0.0 0.0 0.0
0.0 0.0 0.0
0.0 0.0 0.0
0.0 0.0 0.0
0.0 0.0 0.0
0.0 0.0 0.0
0.0 0.0 0.0
0.0 0.0 0.0
0.0 0.0 0.0
0.0 0.0 0.0
0.0 0.0 0.0
0.0 0.0 0.0
0.0 0.0 0.0
0.0 0.0 0.0
0.0 0.0 0.0
0.0 0.0 0.0
0.0 0.0 0.0
0.0 0.0 0.0
0.0 0.0 0.0
0.0 0.0 0.0
0.0 0.0 0.0
0.0 0.0 0.0
0.0 0.0 0.0
0.0 0.0 0.0
0.0 0.0 0.0
0.0 0.0 0.0
0.0 0.0 0.0
0.0 0.0 0.0
0.0 0.0 0.0
0.0 0.0 0.0
0.0 0.0 0.0
0.0 0.0 0.0
0.0 0.0 0.0
0.0 0.0 0.0
0.0 0.0 0.0
0.0 0.0 0.0
0.0 0.0 0.0
0.0 0.0 0.0
0.0 0.0 0.0
0.0 0.0 0.0
0.0 0.0 0.0
0.0 0.0 0.0
0.0 0.0 0.0
0.0 0.0 0.0
0.0 0.0 0.0
0.0 0.0 0.0
0.0 0.0 0.0
0.0 0.0 0.0
0.0 0.0 0.0
0.0 0.0 0.0
0.0 0.0 0.0
0.0 0.0 0.0
0.0 0.0 0.0
0.0 0.0 0.0
0.0 0.0 0.0
0.0 0.0 0.0
0.0 0.0 0.0
0.0 0.0 0.0
0.0 0.0 0.0
0.0 0.0 0.0
0.0 0.0 0.0
0.0 0.0 0.0
0.0 0.0 0.0
0.0 0.0 0.0
0.0 0.0 0.0
0.0 0.0 0.0
0.0 0.0 0.0
0.0 0.0 0.0
0.0 0.0 0.0
0.0 0.0 0.0
0.0 0.0 0.0
0.0 0.0 0.0
0.0 0.0 0.0
0.0 0.0 0.0
0.0 0.0 0.0
0.0 0.0 0.0
0.0 0.0 0.0
0.0 0.0 0.0
0.0 0.0 0.0
0.0 0.0 0.0
0.0 0.0 0.0
0.0 0.0 0.0
0.0 0.0 0.0
0.0 0.0 0.0
0.0 0.0 0.0
0.0 0.0 0.0
0.0 0.0 0.0
0.0 0.0 0.0
0.0 0.0 0.0
0.0 0.0 0.0
0.0 0.0 0.0
0.0 0.0 0.0
0.0 0.0 0.0
0.0 0.0 0.0
0.0 0.0 0.0
0.0 0.0 0.0
0.0 0.0 0.0
0.0 0.0 0.0
0.0 0.0 0.0
0.0 0.0 0.0
0.0 0.0 0.0
0.0 0.0 0.0
0.0 0.0 0.0
0.0 0.0 0.0
0.0 0.0 0.0
0.0 0.0 0.0
0.0 0.0 0.0
0.0 0.0 0.0
0.0 0.0 0.0
0.0 0.0 0.0
0.0 0.0 0.0
0.0 0.0 0.0
0.0 0.0 0.0
0.0 0.0 0.0
0.0 0.0 0.0
0.0 0.0 0.0
0.0 0.0 0.0
0.0 0.0 0.0
0.0 0.0 0.0
0.0 0.0 0.0
0.0 0.0 0.0
0.0 0.0 0.0
0.0 0.0 0.0
0.0 0.0 0.0
0.0 0.0 0.0
0.0 0.0 0.0
0.0 0.0 0.0
0.0 0.0 0.0
0.0 0.0 0.0
0.0 0.0 0.0
0.0 0.0 0.0
0.0 0.0 0.0
0.0 0.0 0.0
0.0 0.0 0.0
0.0 0.0 0.0
0.0 0.0 0.0
0.0 0.0 0.0
0.0 0.0 0.0
0.0 0.0 0.0
0.0 0.0 0.0
0.0 0.0 0.0
0.0 0.0 0.0
0.0 0.0 0.0
0.0 0.0 0.0
0.0 0.0 0.0
0.0 0.0 0.0
0.0 0.0 0.0
0.0 0.0 0.0
0.0 0.0 0.0
0.0 0.0 0.0
0.0 0.0 0.0
0.0 0.0 0.0
0.0 0.0 0.0
0.0 0.0 0.0
0.0 0.0 0.0
0.0 0.0 0.0
0.0 0.0 0.0
0.0 0.0 0.0
0.0 0.0 0.0
0.0 0.0 0.0
0.0 0.0 0.0
0.0 0.0 0.0
0.0 0.0 0.0
0.0 0.0 0.0
0.0 0.0 0.0
0.0 0.0 0.0
0.0 0.0 0.0
0.0 0.0 0.0
0.0 0.0 0.0
0.0 0.0 0.0
0.0 0.0 0.0
0.0 0.0 0.0
0.0 0.0 0.0
0.0 0.0 0.0
0.0 0.0 0.0
-14.655484199523926 26.379722595214844 -3.1357924938201904
0.0 0.0 0.0
0.0 0.0 0.0
0.0 0.0 0.0
0.0 0.0 0.0
0.0 0.0 0.0
-12.734134674072266 25.376394271850586 -3.3220860958099365
0.0 0.0 0.0
-12.043845176696777 24.85826873779297 -3.3465588092803955
0.0 0.0 0.0
0.0 0.0 0.0
0.0 0.0 0.0
-11.00200366973877 24.429576873779297 -3.463460922241211
-10.795873641967773 24.424999237060547 -3.505272150039673
0.0 0.0 0.0
0.0 0.0 0.0
0.0 0.0 0.0
0.0 0.0 0.0
-9.538856506347656 23.797222137451172 -3.6092770099639893
0.0 0.0 0.0
0.0 0.0 0.0
0.0 0.0 0.0
0.0 0.0 0.0
0.0 0.0 0.0
0.0 0.0 0.0
-7.898388385772705 22.88105583190918 -3.7079243659973145
0.0 0.0 0.0
-7.503224849700928 22.769309997558594 -3.7524142265319824
0.0 0.0 0.0
0.0 0.0 0.0
-6.8816237449646 22.450407028198242 -3.7889413833618164
0.0 0.0 0.0
-6.478267669677734 22.233484268188477 -3.806105613708496
0.0 0.0 0.0
-6.130317211151123 22.1923770904541 -3.85334849357605
-5.941319465637207 22.106576919555664 -3.863802671432495
-5.735533237457275 21.94858741760254 -3.860358715057373
-5.535868167877197 21.8038272857666 -3.8590471744537354
-5.391257286071777 21.882171630859375 -3.8976666927337646
-5.217001438140869 21.828109741210938 -3.911755084991455
-5.0167155265808105 21.656923294067383 -3.902465581893921
-4.88408088684082 21.773042678833008 -3.945002555847168
-4.701767921447754 21.666584014892578 -3.9473788738250732
-4.51474142074585 21.540302276611328 -3.9464075565338135
-4.366703033447266 21.58209228515625 -3.973147392272949
-4.212080001831055 21.58890151977539 -3.993074417114258
-4.040372848510742 21.503978729248047 -3.996138572692871
-3.8768880367279053 21.45554542541504 -4.0060200691223145
-3.7037339210510254 21.361108779907227 -4.006246566772461
-3.5520191192626953 21.367570877075195 -4.023185729980469
-3.3670432567596436 21.16439437866211 -4.0006890296936035
-3.2456424236297607 21.358293533325195 -4.053411960601807
-3.0849900245666504 21.296890258789062 -4.057933807373047
-2.9231438636779785 21.219741821289062 -4.056087017059326
-2.758061647415161 21.126461029052734 -4.051356315612793
-2.6107048988342285 21.142091751098633 -4.067412376403809
-2.4623751640319824 21.149063110351562 -4.081995964050293
-2.313141107559204 21.14772605895996 -4.093242645263672
-2.165682077407837 21.160907745361328 -4.105772018432617
-2.0107879638671875 21.123632431030273 -4.108870029449463
-1.8621896505355835 21.119421005249023 -4.1183881759643555
-1.703046441078186 20.98044776916504 -4.10144567489624
-1.5634175539016724 21.07801628112793 -4.127449035644531
-1.423539638519287 21.189939498901367 -4.156527042388916
-1.259757399559021 20.971973419189453 -4.121186256408691
-1.1120855808258057 20.947891235351562 -4.12392520904541
-0.9707525968551636 21.049570083618164 -4.149211406707764
-0.8236797451972961 21.039506912231445 -4.151206970214844
-0.6737518310546875 20.92882537841797 -4.13352108001709
-0.5275503396987915 21.012516021728516 -4.15450382232666
-0.3816414773464203 21.030128479003906 -4.161959171295166
-0.23480693995952606 20.98603630065918 -4.154171943664551
-0.08863681554794312 20.948583602905273 -4.147895812988281
0.05710526928305626 20.948434829711914 -4.149204730987549
0.2031378149986267 20.977922439575195 -4.15658712387085
0.3539069890975952 21.11796760559082 -4.183406829833984
0.4980278015136719 21.00438690185547 -4.158975124359131
0.6419246792793274 20.928119659423828 -4.142147541046143
0.7958617806434631 21.14956283569336 -4.1844353675842285
0.9423158168792725 21.12884521484375 -4.1781439781188965
1.0933594703674316 21.15353012084961 -4.177807807922363
1.2411422729492188 21.154294967651367 -4.173023700714111
1.3963567018508911 21.268774032592773 -4.190849304199219
1.5418381690979004 21.22538185119629 -4.177750587463379
1.7016608715057373 21.368783950805664 -4.198678970336914
1.845515489578247 21.270353317260742 -4.1711649894714355
1.998665690422058 21.312397003173828 -4.1715593338012695
2.1463370323181152 21.29229736328125 -4.159976482391357
2.3085856437683105 21.408628463745117 -4.174156665802002
2.4643146991729736 21.451820373535156 -4.171676158905029
2.627152919769287 21.524063110351562 -4.174785137176514
2.7766571044921875 21.504074096679688 -4.160358905792236
2.9311866760253906 21.521053314208984 -4.1532721519470215
3.10298490524292 21.655250549316406 -4.165771484375
3.255080223083496 21.644018173217773 -4.149816989898682
3.426875591278076 21.756832122802734 -4.157760143280029
3.606245279312134 21.88687515258789 -4.168778896331787
3.7803587913513184 21.989652633666992 -4.173553466796875
3.935387372970581 21.974225997924805 -4.153966426849365
4.088973522186279 21.950132369995117 -4.132939338684082
4.274523735046387 22.090906143188477 -4.143032550811768
4.452139377593994 22.16566276550293 -4.140461444854736
4.620132923126221 22.202531814575195 -4.128014087677002
4.807621479034424 22.324548721313477 -4.1312947273254395
5.017922401428223 22.538875579833984 -4.15151834487915
5.1692304611206055 22.481626510620117 -4.121755123138428
5.34778356552124 22.52780532836914 -4.108983516693115
5.526670932769775 22.580833435058594 -4.096344470977783
5.759236812591553 22.841398239135742 -4.121181488037109
5.942361354827881 22.895050048828125 -4.108536243438721
6.104703903198242 22.86549949645996 -4.08064603805542
6.331119060516357 23.0572509765625 -4.089206695556641
6.526523113250732 23.136455535888672 -4.078039646148682
6.730663299560547 23.240013122558594 -4.071108341217041
6.914791584014893 23.267948150634766 -4.050870895385742
7.1622419357299805 23.501333236694336 -4.064032077789307
7.371606349945068 23.588211059570312 -4.05043363571167
7.59377908706665 23.71819305419922 -4.044556617736816
7.800103187561035 23.791276931762695 -4.028824329376221
8.032320022583008 23.936004638671875 -4.02376651763916
8.26839828491211 24.08251190185547 -4.017177104949951
8.474946975708008 24.135881423950195 -3.9948582649230957
8.74557876586914 24.35372543334961 -3.998934030532837
8.983269691467285 24.479507446289062 -3.987642288208008
9.215554237365723 24.581602096557617 -3.9701931476593018
9.433121681213379 24.638357162475586 -3.945237874984741
0.0 0.0 0.0
0.0 0.0 0.0
10.299483299255371 25.29826545715332 -3.9432265758514404
10.548711776733398 25.403841018676758 -3.922299861907959
10.765216827392578 25.425251007080078 -3.888188362121582
11.135833740234375 25.800065994262695 -3.9075305461883545
0.0 0.0 0.0
11.707535743713379 26.113771438598633 -3.8724467754364014
11.991415023803711 26.256540298461914 -3.852043867111206
0.0 0.0 0.0
0.0 0.0 0.0
12.910002708435059 26.76494026184082 -3.793870210647583
13.313345909118652 27.11549186706543 -3.797632932662964
13.585559844970703 27.18775177001953 -3.76155686378479
14.019800186157227 27.576358795166016 -3.766763687133789
0.0 0.0 0.0
0.0 0.0 0.0
0.0 0.0 0.0
0.0 0.0 0.0
0.0 0.0 0.0
0.0 0.0 0.0
0.0 0.0 0.0
0.0 0.0 0.0
0.0 0.0 0.0
0.0 0.0 0.0
0.0 0.0 0.0
0.0 0.0 0.0
19.698694229125977 31.349857330322266 -3.472461462020874
0.0 0.0 0.0
0.0 0.0 0.0
0.0 0.0 0.0
0.0 0.0 0.0
0.0 0.0 0.0
0.0 0.0 0.0
23.985692977905273 34.336849212646484 -3.213008165359497
0.0 0.0 0.0
0.0 0.0 0.0
0.0 0.0 0.0
0.0 0.0 0.0
0.0 0.0 0.0
0.0 0.0 0.0
0.0 0.0 0.0
0.0 0.0 0.0
0.0 0.0 0.0
0.0 0.0 0.0
0.0 0.0 0.0
0.0 0.0 0.0
0.0 0.0 0.0
0.0 0.0 0.0
0.0 0.0 0.0
0.0 0.0 0.0
0.0 0.0 0.0
0.0 0.0 0.0
0.0 0.0 0.0
0.0 0.0 0.0
0.0 0.0 0.0
0.0 0.0 0.0
0.0 0.0 0.0
0.0 0.0 0.0
0.0 0.0 0.0
0.0 0.0 0.0
0.0 0.0 0.0
0.0 0.0 0.0
0.0 0.0 0.0
0.0 0.0 0.0
0.0 0.0 0.0
0.0 0.0 0.0
0.0 0.0 0.0
0.0 0.0 0.0
0.0 0.0 0.0
0.0 0.0 0.0
0.0 0.0 0.0
0.0 0.0 0.0
0.0 0.0 0.0
0.0 0.0 0.0
0.0 0.0 0.0
0.0 0.0 0.0
0.0 0.0 0.0
0.0 0.0 0.0
0.0 0.0 0.0
0.0 0.0 0.0
0.0 0.0 0.0
0.0 0.0 0.0
0.0 0.0 0.0
0.0 0.0 0.0
0.0 0.0 0.0
0.0 0.0 0.0
0.0 0.0 0.0
0.0 0.0 0.0
0.0 0.0 0.0
0.0 0.0 0.0
0.0 0.0 0.0
0.0 0.0 0.0
0.0 0.0 0.0
0.0 0.0 0.0
0.0 0.0 0.0
0.0 0.0 0.0
0.0 0.0 0.0
0.0 0.0 0.0
0.0 0.0 0.0
0.0 0.0 0.0
0.0 0.0 0.0
0.0 0.0 0.0
0.0 0.0 0.0
0.0 0.0 0.0
0.0 0.0 0.0
0.0 0.0 0.0
0.0 0.0 0.0
0.0 0.0 0.0
0.0 0.0 0.0
0.0 0.0 0.0
0.0 0.0 0.0
0.0 0.0 0.0
0.0 0.0 0.0
0.0 0.0 0.0
0.0 0.0 0.0
0.0 0.0 0.0
0.0 0.0 0.0
0.0 0.0 0.0
0.0 0.0 0.0
0.0 0.0 0.0
0.0 0.0 0.0
0.0 0.0 0.0
0.0 0.0 0.0
0.0 0.0 0.0
0.0 0.0 0.0
0.0 0.0 0.0
0.0 0.0 0.0
0.0 0.0 0.0
0.0 0.0 0.0
0.0 0.0 0.0
0.0 0.0 0.0
0.0 0.0 0.0
0.0 0.0 0.0
0.0 0.0 0.0
0.0 0.0 0.0
0.0 0.0 0.0
0.0 0.0 0.0
0.0 0.0 0.0
0.0 0.0 0.0
0.0 0.0 0.0
0.0 0.0 0.0
0.0 0.0 0.0
0.0 0.0 0.0
0.0 0.0 0.0
0.0 0.0 0.0
0.0 0.0 0.0
0.0 0.0 0.0
0.0 0.0 0.0
0.0 0.0 0.0
0.0 0.0 0.0
0.0 0.0 0.0
0.0 0.0 0.0
0.0 0.0 0.0
0.0 0.0 0.0
0.0 0.0 0.0
0.0 0.0 0.0
0.0 0.0 0.0
0.0 0.0 0.0
0.0 0.0 0.0
0.0 0.0 0.0
0.0 0.0 0.0
0.0 0.0 0.0
0.0 0.0 0.0
0.0 0.0 0.0
0.0 0.0 0.0
0.0 0.0 0.0
0.0 0.0 0.0
0.0 0.0 0.0
0.0 0.0 0.0
0.0 0.0 0.0
0.0 0.0 0.0
0.0 0.0 0.0
0.0 0.0 0.0
0.0 0.0 0.0
0.0 0.0 0.0
0.0 0.0 0.0
0.0 0.0 0.0
0.0 0.0 0.0
0.0 0.0 0.0
0.0 0.0 0.0
0.0 0.0 0.0
0.0 0.0 0.0
0.0 0.0 0.0
0.0 0.0 0.0
0.0 0.0 0.0
0.0 0.0 0.0
0.0 0.0 0.0
0.0 0.0 0.0
0.0 0.0 0.0
0.0 0.0 0.0
0.0 0.0 0.0
0.0 0.0 0.0
0.0 0.0 0.0
0.0 0.0 0.0
0.0 0.0 0.0
0.0 0.0 0.0
0.0 0.0 0.0
0.0 0.0 0.0
0.0 0.0 0.0
0.0 0.0 0.0
0.0 0.0 0.0
0.0 0.0 0.0
0.0 0.0 0.0
0.0 0.0 0.0
0.0 0.0 0.0
0.0 0.0 0.0
0.0 0.0 0.0
0.0 0.0 0.0
0.0 0.0 0.0
0.0 0.0 0.0
0.0 0.0 0.0
0.0 0.0 0.0
0.0 0.0 0.0
0.0 0.0 0.0
0.0 0.0 0.0
0.0 0.0 0.0
0.0 0.0 0.0
0.0 0.0 0.0
0.0 0.0 0.0
0.0 0.0 0.0
0.0 0.0 0.0
0.0 0.0 0.0
0.0 0.0 0.0
0.0 0.0 0.0
0.0 0.0 0.0
0.0 0.0 0.0
0.0 0.0 0.0
0.0 0.0 0.0
0.0 0.0 0.0
0.0 0.0 0.0
0.0 0.0 0.0
0.0 0.0 0.0
0.0 0.0 0.0
0.0 0.0 0.0
0.0 0.0 0.0
0.0 0.0 0.0
0.0 0.0 0.0
0.0 0.0 0.0
0.0 0.0 0.0
0.0 0.0 0.0
0.0 0.0 0.0
0.0 0.0 0.0
0.0 0.0 0.0
0.0 0.0 0.0
0.0 0.0 0.0
0.0 0.0 0.0
0.0 0.0 0.0
0.0 0.0 0.0
-10.882887840270996 24.386354446411133 -3.4447238445281982
0.0 0.0 0.0
0.0 0.0 0.0
0.0 0.0 0.0
0.0 0.0 0.0
0.0 0.0 0.0
-9.436951637268066 23.777690887451172 -3.5859758853912354
0.0 0.0 0.0
0.0 0.0 0.0
0.0 0.0 0.0
0.0 0.0 0.0
-8.271374702453613 23.1676025390625 -3.6630303859710693
0.0 0.0 0.0
0.0 0.0 0.0
0.0 0.0 0.0
0.0 0.0 0.0
0.0 0.0 0.0
-7.029287815093994 22.641483306884766 -3.7603001594543457
-6.877198696136475 22.718551635742188 -3.801063060760498
-6.575413227081299 22.27972412109375 -3.754680871963501
0.0 0.0 0.0
-6.266834259033203 22.37712860107422 -3.8249447345733643
-6.032354831695557 22.132720947265625 -3.807569980621338
-5.880983829498291 22.1959171295166 -3.8434247970581055
-5.673943996429443 22.033647537231445 -3.8398356437683105
-5.517286777496338 22.06011962890625 -3.8690738677978516
-5.324954986572266 21.940025329589844 -3.8699376583099365
-5.149979591369629 21.88202667236328 -3.8813343048095703
-4.967212677001953 21.79696273803711 -3.8883254528045654
-4.826726913452148 21.882762908935547 -3.9255452156066895
-4.6429009437561035 21.76844596862793 -3.9254088401794434
-4.488829135894775 21.78855323791504 -3.9480223655700684
-4.303379535675049 21.649112701416016 -3.941746473312378
-4.155903339385986 21.70873260498047 -3.972113847732544
-3.99061918258667 21.661142349243164 -3.982480764389038
-3.803630828857422 21.484167098999023 -3.965885639190674
-3.6469807624816895 21.468595504760742 -3.97910213470459
-3.498136520385742 21.497386932373047 -4.0007123947143555
-3.3477301597595215 21.53304100036621 -4.024089813232422
-3.1797242164611816 21.43474578857422 -4.020115375518799
-3.0220463275909424 21.396223068237305 -4.026153564453125
-2.8716959953308105 21.406021118164062 -4.041440963745117
-2.714578866958618 21.361434936523438 -4.0466132164001465
-2.5673346519470215 21.392040252685547 -4.065621376037598
-2.3922996520996094 21.201217651367188 -4.039766788482666
-2.247593402862549 21.245431900024414 -4.0586371421813965
-2.0961406230926514 21.223712921142578 -4.065095901489258
-1.940377116203308 21.151262283325195 -4.061985969543457
-1.7989081144332886 21.23105239868164 -4.085694313049316
-1.639167308807373 21.122865676879883 -4.072409629821777
-1.4954601526260376 21.177867889404297 -4.090619087219238
-1.3479788303375244 21.185955047607422 -4.099989891052246
-1.1971309185028076 21.131895065307617 -4.09668493270874
-1.0515902042388916 21.169233322143555 -4.108415603637695
-0.9003251791000366 21.144357681274414 -4.108356952667236
-0.7560643553733826 21.229455947875977 -4.129794597625732
-0.6060507893562317 21.152585983276367 -4.119923114776611
-0.4599985182285309 21.201711654663086 -4.131834983825684
-0.3130497634410858 21.246183395385742 -4.142039775848389
-0.16206768155097961 21.166961669921875 -4.128357887268066
-0.01476810872554779 21.19019317626953 -4.13482666015625
0.1322525292634964 21.14358139038086 -4.12686014175415
0.28057464957237244 21.23064613342285 -4.142404079437256
0.4291095435619354 21.26683807373047 -4.148213863372803
0.5745210647583008 21.167842864990234 -4.127858638763428
0.7282952070236206 21.274696350097656 -4.147831439971924
0.877269983291626 21.296815872192383 -4.148544788360596
1.029883861541748 21.383148193359375 -4.161146640777588
1.1732301712036133 21.280778884887695 -4.137234687805176
1.326304316520691 21.353504180908203 -4.147561550140381
1.466528058052063 21.187992095947266 -4.110575199127197
1.6352039575576782 21.45819091796875 -4.155651092529297
1.7803593873977661 21.398365020751953 -4.136934757232666
1.941648006439209 21.524749755859375 -4.154391288757324
2.1029253005981445 21.63084602355957 -4.168051242828369
2.2530527114868164 21.587251663208008 -4.149779319763184
2.4084532260894775 21.6192626953125 -4.145725727081299
2.55735445022583 21.58916473388672 -4.129937171936035
2.728895902633667 21.74082374572754 -4.149049758911133
2.882413387298584 21.73918342590332 -4.137826919555664
3.0612704753875732 21.896211624145508 -4.1543707847595215
3.2291431427001953 21.979995727539062 -4.157289981842041
3.381207227706909 21.952470779418945 -4.139316558837891
3.534435987472534 21.93144416809082 -4.122759819030762
3.711642026901245 22.0538387298584 -4.130256652832031
3.9052953720092773 22.258176803588867 -4.1526594161987305
4.056423187255859 22.19589614868164 -4.125107765197754
4.200511455535889 22.1141414642334 -4.094486713409424
4.3889665603637695 22.261728286743164 -4.105006694793701
4.569149971008301 22.355356216430664 -4.103650093078613
4.741471290588379 22.402393341064453 -4.093759536743164
4.942800521850586 22.56407356262207 -4.104493141174316
5.069947719573975 22.398225784301758 -4.056112766265869
5.298520565032959 22.674230575561523 -4.084619998931885
5.477095127105713 22.72374725341797 -4.0721588134765625
5.667572498321533 22.816741943359375 -4.0675153732299805
5.919900417327881 23.131298065185547 -4.101722717285156
6.07794189453125 23.079591751098633 -4.0694708824157715
6.2539873123168945 23.09380531311035 -4.047752857208252
6.4633917808532715 23.22547721862793 -4.046615123748779
6.668766498565674 23.33310317993164 -4.041128635406494
6.9035258293151855 23.52349281311035 -4.048783302307129
7.066420078277588 23.47292709350586 -4.013137340545654
7.306257247924805 23.671714782714844 -4.020051956176758
7.52595853805542 23.794815063476562 -4.0138397216796875
7.722766399383545 23.83895492553711 -3.9942097663879395
8.00539779663086 24.13827896118164 -4.014767646789551
0.0 0.0 0.0
8.425682067871094 24.261106491088867 -3.9745984077453613
8.663456916809082 24.396713256835938 -3.9666929244995117
8.932242393493652 24.61040496826172 -3.969665765762329
9.19827651977539 24.80348014831543 -3.967573642730713
9.41275691986084 24.841371536254883 -3.939861297607422
9.677027702331543 25.01178741455078 -3.933454990386963
9.939345359802246 25.169282913208008 -3.9239349365234375
10.16732406616211 25.23115348815918 -3.8975110054016113
10.45711898803711 25.43764877319336 -3.8930153846740723
10.726210594177246 25.57607650756836 -3.8770394325256348
0.0 0.0 0.0
0.0 0.0 0.0
11.533853530883789 25.97023582458496 -3.820138931274414
0.0 0.0 0.0
0.0 0.0 0.0
12.622854232788086 26.887954711914062 -3.8284687995910645
0.0 0.0 0.0
13.211145401000977 27.15076446533203 -3.777247905731201
0.0 0.0 0.0
13.995137214660645 27.773574829101562 -3.7704389095306396
14.345112800598145 27.97379493713379 -3.7483296394348145
14.60022258758545 27.98975372314453 -3.701817035675049
0.0 0.0 0.0
0.0 0.0 0.0
0.0 0.0 0.0
0.0 0.0 0.0
0.0 0.0 0.0
0.0 0.0 0.0
0.0 0.0 0.0
0.0 0.0 0.0
0.0 0.0 0.0
0.0 0.0 0.0
0.0 0.0 0.0
0.0 0.0 0.0
0.0 0.0 0.0
0.0 0.0 0.0
0.0 0.0 0.0
0.0 0.0 0.0
23.225419998168945 34.00299835205078 -3.2826731204986572
0.0 0.0 0.0
0.0 0.0 0.0
0.0 0.0 0.0
0.0 0.0 0.0
0.0 0.0 0.0
120.344970703125 169.00767517089844 22.15686798095703
0.0 0.0 0.0
0.0 0.0 0.0
0.0 0.0 0.0
0.0 0.0 0.0
0.0 0.0 0.0
0.0 0.0 0.0
0.0 0.0 0.0
0.0 0.0 0.0
0.0 0.0 0.0
0.0 0.0 0.0
0.0 0.0 0.0
0.0 0.0 0.0
0.0 0.0 0.0
0.0 0.0 0.0
0.0 0.0 0.0
0.0 0.0 0.0
0.0 0.0 0.0
0.0 0.0 0.0
0.0 0.0 0.0
0.0 0.0 0.0
0.0 0.0 0.0
0.0 0.0 0.0
0.0 0.0 0.0
0.0 0.0 0.0
0.0 0.0 0.0
0.0 0.0 0.0
0.0 0.0 0.0
0.0 0.0 0.0
0.0 0.0 0.0
0.0 0.0 0.0
0.0 0.0 0.0
0.0 0.0 0.0
0.0 0.0 0.0
0.0 0.0 0.0
0.0 0.0 0.0
0.0 0.0 0.0
0.0 0.0 0.0
0.0 0.0 0.0
0.0 0.0 0.0
0.0 0.0 0.0
0.0 0.0 0.0
0.0 0.0 0.0
0.0 0.0 0.0
0.0 0.0 0.0
0.0 0.0 0.0
0.0 0.0 0.0
0.0 0.0 0.0
0.0 0.0 0.0
0.0 0.0 0.0
0.0 0.0 0.0
0.0 0.0 0.0
0.0 0.0 0.0
0.0 0.0 0.0
0.0 0.0 0.0
0.0 0.0 0.0
0.0 0.0 0.0
0.0 0.0 0.0
0.0 0.0 0.0
0.0 0.0 0.0
0.0 0.0 0.0
0.0 0.0 0.0
0.0 0.0 0.0
0.0 0.0 0.0
0.0 0.0 0.0
0.0 0.0 0.0
0.0 0.0 0.0
0.0 0.0 0.0
0.0 0.0 0.0
0.0 0.0 0.0
0.0 0.0 0.0
0.0 0.0 0.0
0.0 0.0 0.0
0.0 0.0 0.0
0.0 0.0 0.0
0.0 0.0 0.0
0.0 0.0 0.0
0.0 0.0 0.0
0.0 0.0 0.0
0.0 0.0 0.0
0.0 0.0 0.0
0.0 0.0 0.0
0.0 0.0 0.0
0.0 0.0 0.0
0.0 0.0 0.0
0.0 0.0 0.0
0.0 0.0 0.0
0.0 0.0 0.0
0.0 0.0 0.0
0.0 0.0 0.0
0.0 0.0 0.0
0.0 0.0 0.0
0.0 0.0 0.0
0.0 0.0 0.0
0.0 0.0 0.0
0.0 0.0 0.0
0.0 0.0 0.0
0.0 0.0 0.0
0.0 0.0 0.0
0.0 0.0 0.0
0.0 0.0 0.0
0.0 0.0 0.0
0.0 0.0 0.0
0.0 0.0 0.0
0.0 0.0 0.0
0.0 0.0 0.0
0.0 0.0 0.0
-7.117885589599609 54.92524719238281 11.092212677001953
0.0 0.0 0.0
0.0 0.0 0.0
0.0 0.0 0.0
0.0 0.0 0.0
0.0 0.0 0.0
0.0 0.0 0.0
0.0 0.0 0.0
0.0 0.0 0.0
0.0 0.0 0.0
0.0 0.0 0.0
0.0 0.0 0.0
0.0 0.0 0.0
0.0 0.0 0.0
0.0 0.0 0.0
0.0 0.0 0.0
0.0 0.0 0.0
0.0 0.0 0.0
0.0 0.0 0.0
0.0 0.0 0.0
0.0 0.0 0.0
0.0 0.0 0.0
0.0 0.0 0.0
0.0 0.0 0.0
0.0 0.0 0.0
0.0 0.0 0.0
0.0 0.0 0.0
0.0 0.0 0.0
0.0 0.0 0.0
0.0 0.0 0.0
0.0 0.0 0.0
0.0 0.0 0.0
0.0 0.0 0.0
0.0 0.0 0.0
0.0 0.0 0.0
0.0 0.0 0.0
0.0 0.0 0.0
0.0 0.0 0.0
0.0 0.0 0.0
0.0 0.0 0.0
0.0 0.0 0.0
0.0 0.0 0.0
0.0 0.0 0.0
0.0 0.0 0.0
0.0 0.0 0.0
0.0 0.0 0.0
0.0 0.0 0.0
0.0 0.0 0.0
0.0 0.0 0.0
0.0 0.0 0.0
0.0 0.0 0.0
0.0 0.0 0.0
0.0 0.0 0.0
0.0 0.0 0.0
0.0 0.0 0.0
0.0 0.0 0.0
0.0 0.0 0.0
0.0 0.0 0.0
0.0 0.0 0.0
0.0 0.0 0.0
0.0 0.0 0.0
0.0 0.0 0.0
0.0 0.0 0.0
0.0 0.0 0.0
0.0 0.0 0.0
0.0 0.0 0.0
0.0 0.0 0.0
0.0 0.0 0.0
0.0 0.0 0.0
0.0 0.0 0.0
0.0 0.0 0.0
0.0 0.0 0.0
0.0 0.0 0.0
0.0 0.0 0.0
0.0 0.0 0.0
0.0 0.0 0.0
0.0 0.0 0.0
0.0 0.0 0.0
0.0 0.0 0.0
-19.601072311401367 29.658260345458984 -2.6972570419311523
-19.104507446289062 29.351707458496094 -2.745029926300049
0.0 0.0 0.0
0.0 0.0 0.0
0.0 0.0 0.0
0.0 0.0 0.0
0.0 0.0 0.0
0.0 0.0 0.0
0.0 0.0 0.0
-15.666851043701172 27.296043395996094 -3.060947895050049
0.0 0.0 0.0
0.0 0.0 0.0
0.0 0.0 0.0
0.0 0.0 0.0
0.0 0.0 0.0
-13.545172691345215 26.076278686523438 -3.239968776702881
0.0 0.0 0.0
-12.815125465393066 25.540603637695312 -3.2690351009368896
0.0 0.0 0.0
0.0 0.0 0.0
0.0 0.0 0.0
0.0 0.0 0.0
0.0 0.0 0.0
0.0 0.0 0.0
0.0 0.0 0.0
0.0 0.0 0.0
0.0 0.0 0.0
0.0 0.0 0.0
0.0 0.0 0.0
0.0 0.0 0.0
0.0 0.0 0.0
0.0 0.0 0.0
-8.977571487426758 23.8258056640625 -3.6315758228302
0.0 0.0 0.0
0.0 0.0 0.0
0.0 0.0 0.0
0.0 0.0 0.0
0.0 0.0 0.0
0.0 0.0 0.0
0.0 0.0 0.0
0.0 0.0 0.0
-6.9607415199279785 22.70445442199707 -3.7326109409332275
0.0 0.0 0.0
0.0 0.0 0.0
-6.402824878692627 22.566558837890625 -3.791245460510254
0.0 0.0 0.0
-6.022037029266357 22.40907859802246 -3.8148229122161865
0.0 0.0 0.0
-5.655354022979736 22.279348373413086 -3.8413591384887695
-5.457896709442139 22.156993865966797 -3.8428494930267334
-5.282027244567871 22.103639602661133 -3.855882167816162
-5.07067346572876 21.891372680664062 -3.841048240661621
-4.9332122802734375 21.99293327331543 -3.8808770179748535
-4.746418476104736 21.872116088867188 -3.8789358139038086
-4.597527503967285 21.93484115600586 -3.909982681274414
-4.449952125549316 21.992265701293945 -3.939988374710083
-4.257595539093018 21.822132110595703 -3.9292688369750977
-4.077868461608887 21.703752517700195 -3.9254324436187744
-3.919316291809082 21.690053939819336 -3.939629554748535
-3.759101629257202 21.679380416870117 -3.9548163414001465
-3.606351137161255 21.693683624267578 -3.9744200706481934
-3.439751386642456 21.619747161865234 -3.977081298828125
-3.27075457572937 21.5222225189209 -3.972982168197632
-3.1287922859191895 21.59831428527832 -4.001071929931641
-2.96390438079834 21.513601303100586 -3.9995362758636475
-2.803635835647583 21.47365951538086 -4.00667142868042
-2.6617674827575684 21.55474853515625 -4.033481597900391
-2.501248359680176 21.482423782348633 -4.031032562255859
-2.352303981781006 21.50434684753418 -4.04642391204834
-2.184243679046631 21.341917037963867 -4.027245998382568
-2.044192314147949 21.47287940979004 -4.0626220703125
-1.8763023614883423 21.27815818786621 -4.033902168273926
-1.7390289306640625 21.422637939453125 -4.069647789001465
-1.5803613662719727 21.30596160888672 -4.055990695953369
-1.4310302734375 21.299163818359375 -4.063381671905518
-1.2818628549575806 21.337995529174805 -4.076663970947266
-1.1307716369628906 21.29531478881836 -4.073787212371826
-0.9826439619064331 21.305233001708984 -4.081164360046387
-0.8348833322525024 21.325618743896484 -4.090749740600586
-0.6878524422645569 21.375883102416992 -4.105015277862549
-0.5349724292755127 21.31443977355957 -4.095520496368408
-0.3896012604236603 21.478160858154297 -4.129464149475098
-0.23893284797668457 21.368539810180664 -4.111059188842773
-0.09018120169639587 21.34609603881836 -4.109607696533203
0.05817941203713417 21.288679122924805 -4.098482131958008
0.20676462352275848 21.35308837890625 -4.110410690307617
0.3573288023471832 21.32052993774414 -4.1038689613342285
0.5067571997642517 21.363666534423828 -4.1121015548706055
0.6590309143066406 21.478851318359375 -4.133049488067627
0.8072928786277771 21.443925857543945 -4.1227545738220215
0.9564686417579651 21.438634872436523 -4.118361949920654
1.1144415140151978 21.550949096679688 -4.136687755584717
1.2625681161880493 21.51288414001465 -4.1263933181762695
1.4101718664169312 21.474393844604492 -4.1130051612854
1.571643590927124 21.63015365600586 -4.136425495147705
1.7165958881378174 21.5513916015625 -4.115175247192383
1.881469964981079 21.68172264099121 -4.13392448425293
2.032402992248535 21.669889450073242 -4.124505996704102
2.183354139328003 21.65741729736328 -4.112847805023193
2.3521692752838135 21.81183433532715 -4.133022308349609
2.4931774139404297 21.701784133911133 -4.103243350982666
2.662750482559204 21.815401077270508 -4.115792751312256
2.8206419944763184 21.844804763793945 -4.109561920166016
2.989064931869507 21.945430755615234 -4.116398334503174
3.157219886779785 22.033401489257812 -4.120951175689697
3.3252034187316895 22.108686447143555 -4.123210906982422
3.482898235321045 22.110855102539062 -4.110656261444092
3.6616334915161133 22.221832275390625 -4.1160807609558105
3.8238682746887207 22.240896224975586 -4.104815483093262
3.990609884262085 22.28147315979004 -4.097651481628418
4.162150859832764 22.343509674072266 -4.094551086425781
4.351088047027588 22.48780632019043 -4.103386878967285
4.517767429351807 22.494403839111328 -4.086572647094727
4.6991868019104 22.583114624023438 -4.085075378417969
4.864243030548096 22.587663650512695 -4.068436145782471
5.047978401184082 22.673871994018555 -4.0651631355285645
5.2496795654296875 22.830137252807617 -4.072813510894775
5.441725730895996 22.920425415039062 -4.068235874176025
5.627702236175537 22.991107940673828 -4.060559272766113
5.815995693206787 23.064056396484375 -4.053092956542969
6.017862319946289 23.184547424316406 -4.050965785980225
6.192057132720947 23.191669464111328 -4.0289998054504395
6.410316467285156 23.345399856567383 -4.032055854797363
6.615606784820557 23.453454971313477 -4.027491092681885
6.827083587646484 23.574901580810547 -4.023211479187012
7.054238796234131 23.73895263671875 -4.0249481201171875
7.266033172607422 23.841991424560547 -4.016147136688232
7.49636173248291 23.986608505249023 -4.0137176513671875
7.72953462600708 24.1412353515625 -4.0123772621154785
7.9315314292907715 24.191448211669922 -3.9916703701019287
8.106534957885742 24.155784606933594 -3.9568240642547607
8.415382385253906 24.50958824157715 -3.985499620437622
0.0 0.0 0.0
8.893050193786621 24.763946533203125 -3.964773178100586
9.072519302368164 24.72177505493164 -3.926058292388916
9.353554725646973 24.949636459350586 -3.9300339221954346
9.618871688842773 25.124303817749023 -3.9251530170440674
9.840577125549316 25.177980422973633 -3.8993687629699707
10.117027282714844 25.35436248779297 -3.8909590244293213
10.4107666015625 25.572301864624023 -3.889019250869751
10.611794471740723 25.555105209350586 -3.8510146141052246
10.924128532409668 25.80042839050293 -3.851043939590454
11.193242073059082 25.932544708251953 -3.8323800563812256
11.49308967590332 26.117507934570312 -3.820314884185791
11.808526039123535 26.336299896240234 -3.8132853507995605
12.1563720703125 26.615644454956055 -3.8132855892181396
12.486339569091797 26.842281341552734 -3.803403854370117
0.0 0.0 0.0
13.11257553100586 27.182750701904297 -3.7647933959960938
0.0 0.0 0.0
13.895405769348145 27.811786651611328 -3.76025390625
0.0 0.0 0.0
14.574108123779297 28.183212280273438 -3.715498447418213
0.0 0.0 0.0
0.0 0.0 0.0
15.676087379455566 28.818239212036133 -3.644855260848999
0.0 0.0 0.0
0.0 0.0 0.0
0.0 0.0 0.0
0.0 0.0 0.0
0.0 0.0 0.0
0.0 0.0 0.0
0.0 0.0 0.0
0.0 0.0 0.0
0.0 0.0 0.0
0.0 0.0 0.0
0.0 0.0 0.0
0.0 0.0 0.0
0.0 0.0 0.0
23.102542877197266 34.075103759765625 -3.303696870803833
0.0 0.0 0.0
0.0 0.0 0.0
0.0 0.0 0.0
0.0 0.0 0.0
0.0 0.0 0.0
0.0 0.0 0.0
0.0 0.0 0.0
0.0 0.0 0.0
0.0 0.0 0.0
0.0 0.0 0.0
0.0 0.0 0.0
0.0 0.0 0.0
0.0 0.0 0.0
0.0 0.0 0.0
0.0 0.0 0.0
0.0 0.0 0.0
0.0 0.0 0.0
0.0 0.0 0.0
0.0 0.0 0.0
0.0 0.0 0.0
0.0 0.0 0.0
0.0 0.0 0.0
0.0 0.0 0.0
0.0 0.0 0.0
0.0 0.0 0.0
0.0 0.0 0.0
0.0 0.0 0.0
0.0 0.0 0.0
0.0 0.0 0.0
0.0 0.0 0.0
0.0 0.0 0.0
0.0 0.0 0.0
0.0 0.0 0.0
0.0 0.0 0.0
0.0 0.0 0.0
0.0 0.0 0.0
0.0 0.0 0.0
0.0 0.0 0.0
0.0 0.0 0.0
0.0 0.0 0.0
0.0 0.0 0.0
0.0 0.0 0.0
0.0 0.0 0.0
0.0 0.0 0.0
0.0 0.0 0.0
0.0 0.0 0.0
0.0 0.0 0.0
0.0 0.0 0.0
0.0 0.0 0.0
0.0 0.0 0.0
0.0 0.0 0.0
0.0 0.0 0.0
0.0 0.0 0.0
0.0 0.0 0.0
0.0 0.0 0.0
0.0 0.0 0.0
0.0 0.0 0.0
0.0 0.0 0.0
0.0 0.0 0.0
0.0 0.0 0.0
0.0 0.0 0.0
0.0 0.0 0.0
0.0 0.0 0.0
0.0 0.0 0.0
0.0 0.0 0.0
0.0 0.0 0.0
0.0 0.0 0.0
0.0 0.0 0.0
0.0 0.0 0.0
0.0 0.0 0.0
0.0 0.0 0.0
0.0 0.0 0.0
0.0 0.0 0.0
0.0 0.0 0.0
0.0 0.0 0.0
0.0 0.0 0.0
0.0 0.0 0.0
0.0 0.0 0.0
0.0 0.0 0.0
0.0 0.0 0.0
0.0 0.0 0.0
0.0 0.0 0.0
0.0 0.0 0.0
0.0 0.0 0.0
0.0 0.0 0.0
0.0 0.0 0.0
0.0 0.0 0.0
0.0 0.0 0.0
0.0 0.0 0.0
0.0 0.0 0.0
0.0 0.0 0.0
0.0 0.0 0.0
0.0 0.0 0.0
0.0 0.0 0.0
0.0 0.0 0.0
0.0 0.0 0.0
0.0 0.0 0.0
0.0 0.0 0.0
0.0 0.0 0.0
0.0 0.0 0.0
0.0 0.0 0.0
0.0 0.0 0.0
0.0 0.0 0.0
0.0 0.0 0.0
0.0 0.0 0.0
0.0 0.0 0.0
0.0 0.0 0.0
0.0 0.0 0.0
0.0 0.0 0.0
0.0 0.0 0.0
0.0 0.0 0.0
0.0 0.0 0.0
0.0 0.0 0.0
0.0 0.0 0.0
0.0 0.0 0.0
0.0 0.0 0.0
0.0 0.0 0.0
0.0 0.0 0.0
0.0 0.0 0.0
0.0 0.0 0.0
0.0 0.0 0.0
0.0 0.0 0.0
0.0 0.0 0.0
0.0 0.0 0.0
0.0 0.0 0.0
0.0 0.0 0.0
0.0 0.0 0.0
0.0 0.0 0.0
0.0 0.0 0.0
0.0 0.0 0.0
0.0 0.0 0.0
0.0 0.0 0.0
0.0 0.0 0.0
0.0 0.0 0.0
0.0 0.0 0.0
0.0 0.0 0.0
0.0 0.0 0.0
0.0 0.0 0.0
0.0 0.0 0.0
0.0 0.0 0.0
0.0 0.0 0.0
0.0 0.0 0.0
0.0 0.0 0.0
0.0 0.0 0.0
0.0 0.0 0.0
0.0 0.0 0.0
0.0 0.0 0.0
0.0 0.0 0.0
0.0 0.0 0.0
0.0 0.0 0.0
0.0 0.0 0.0
0.0 0.0 0.0
0.0 0.0 0.0
0.0 0.0 0.0
0.0 0.0 0.0
0.0 0.0 0.0
0.0 0.0 0.0
0.0 0.0 0.0
0.0 0.0 0.0
0.0 0.0 0.0
0.0 0.0 0.0
0.0 0.0 0.0
0.0 0.0 0.0
0.0 0.0 0.0
0.0 0.0 0.0
0.0 0.0 0.0
0.0 0.0 0.0
0.0 0.0 0.0
0.0 0.0 0.0
0.0 0.0 0.0
0.0 0.0 0.0
0.0 0.0 0.0
0.0 0.0 0.0
0.0 0.0 0.0
0.0 0.0 0.0
0.0 0.0 0.0
0.0 0.0 0.0
0.0 0.0 0.0
0.0 0.0 0.0
0.0 0.0 0.0
0.0 0.0 0.0
0.0 0.0 0.0
0.0 0.0 0.0
0.0 0.0 0.0
0.0 0.0 0.0
0.0 0.0 0.0
0.0 0.0 0.0
0.0 0.0 0.0
0.0 0.0 0.0
0.0 0.0 0.0
0.0 0.0 0.0
0.0 0.0 0.0
0.0 0.0 0.0
0.0 0.0 0.0
0.0 0.0 0.0
0.0 0.0 0.0
0.0 0.0 0.0
0.0 0.0 0.0
0.0 0.0 0.0
0.0 0.0 0.0
0.0 0.0 0.0
0.0 0.0 0.0
0.0 0.0 0.0
0.0 0.0 0.0
0.0 0.0 0.0
0.0 0.0 0.0
0.0 0.0 0.0
-13.756052017211914 26.258153915405273 -3.2091317176818848
0.0 0.0 0.0
0.0 0.0 0.0
0.0 0.0 0.0
0.0 0.0 0.0
0.0 0.0 0.0
0.0 0.0 0.0
-11.511698722839355 24.857824325561523 -3.3466429710388184
0.0 0.0 0.0
0.0 0.0 0.0
0.0 0.0 0.0
0.0 0.0 0.0
0.0 0.0 0.0
-10.01744270324707 24.24916648864746 -3.496208429336548
0.0 0.0 0.0
-9.495379447937012 23.925315856933594 -3.5216147899627686
0.0 0.0 0.0
0.0 0.0 0.0
0.0 0.0 0.0
0.0 0.0 0.0
0.0 0.0 0.0
0.0 0.0 0.0
0.0 0.0 0.0
0.0 0.0 0.0
-7.506603240966797 23.0430850982666 -3.6730682849884033
-7.292893886566162 22.927730560302734 -3.6825125217437744
0.0 0.0 0.0
0.0 0.0 0.0
-6.714433670043945 22.75310707092285 -3.7366764545440674
-6.53645133972168 22.731372833251953 -3.75827956199646
-6.3488664627075195 22.671064376831055 -3.7734813690185547
-6.180515766143799 22.676265716552734 -3.799651861190796
-5.967055797576904 22.52071189880371 -3.7986648082733154
-5.795493125915527 22.504907608032227 -3.8184688091278076
-5.609650135040283 22.42793846130371 -3.8278932571411133
-5.435894966125488 22.39445686340332 -3.844773054122925
-5.262167930603027 22.35585594177246 -3.860797166824341
-5.032322406768799 22.08034324645996 -3.8337550163269043
-4.881052494049072 22.125707626342773 -3.8613407611846924
-4.70993709564209 22.07966423034668 -3.8731322288513184
-4.525718688964844 21.964460372924805 -3.8727831840515137
-4.367446422576904 21.96876335144043 -3.8923819065093994
-4.20954704284668 21.987831115722656 -3.91300892829895
-4.027856349945068 21.86153221130371 -3.9075324535369873
-3.8662407398223877 21.836074829101562 -3.9201154708862305
-3.7243287563323975 21.923198699951172 -3.9531331062316895
-3.550739288330078 21.82007598876953 -3.9490256309509277
-3.380894899368286 21.74641990661621 -3.9502367973327637
-3.2193350791931152 21.701574325561523 -3.9565274715423584
-3.0770113468170166 21.784915924072266 -3.9863669872283936
-2.8997983932495117 21.616182327270508 -3.9687061309814453
-2.7562241554260254 21.690391540527344 -3.9937682151794434
-2.608719825744629 21.73690414428711 -4.013957977294922
-2.4509005546569824 21.721588134765625 -4.023153305053711
-2.2833938598632812 21.5826358795166 -4.009319305419922
-2.130554437637329 21.573022842407227 -4.016236782073975
-1.9802206754684448 21.585296630859375 -4.027199745178223
-1.8398692607879639 21.71514129638672 -4.0603413581848145
-1.6724796295166016 21.553268432617188 -4.039276123046875
-1.5189152956008911 21.512834548950195 -4.039336204528809
-1.370530366897583 21.544464111328125 -4.051174640655518
-1.2180405855178833 21.50606918334961 -4.050026893615723
-1.06693434715271 21.485776901245117 -4.052471160888672
-0.9172278046607971 21.548877716064453 -4.070961952209473
-0.7649583220481873 21.4887752532959 -4.062626838684082
-0.6212551593780518 21.696205139160156 -4.104865550994873
-0.4660502076148987 21.511262893676758 -4.073071002960205
-0.317118763923645 21.563159942626953 -4.086294651031494
-0.1645931601524353 21.572118759155273 -4.089963436126709
-0.014453485608100891 21.549705505371094 -4.085637092590332
0.13558249175548553 21.587657928466797 -4.092953205108643
0.2850281894207001 21.54013442993164 -4.0842604637146
0.43552377820014954 21.575998306274414 -4.09157657623291
0.5893827676773071 21.711156845092773 -4.114609718322754
0.7399739623069763 21.618892669677734 -4.094352722167969
0.8900651335716248 21.6062068939209 -4.089425563812256
1.04500150680542 21.69599723815918 -4.104082107543945
1.198464035987854 21.735132217407227 -4.107813358306885
1.350591778755188 21.742950439453125 -4.103515625
1.498561143875122 21.649974822998047 -4.080318450927734
1.663158893585205 21.824127197265625 -4.107735633850098
1.808113694190979 21.73304557800293 -4.085409641265869
1.9664286375045776 21.798355102539062 -4.089366436004639
2.122211456298828 21.82820701599121 -4.086428642272949
2.2894017696380615 21.93307876586914 -4.097511291503906
2.451835870742798 22.006437301635742 -4.102990627288818
2.605093479156494 21.99110221862793 -4.090747833251953
2.7745611667633057 22.104665756225586 -4.100517749786377
2.931595802307129 22.11030387878418 -4.09038782119751
3.0996038913726807 22.171566009521484 -4.090498447418213
3.2585701942443848 22.182493209838867 -4.081667423248291
3.4241743087768555 22.23464584350586 -4.077404499053955
3.5922038555145264 22.293176651000977 -4.074031352996826
3.7635912895202637 22.365642547607422 -4.073309421539307
3.9308457374572754 22.406511306762695 -4.066932201385498
4.082283020019531 22.339996337890625 -4.039634704589844
4.276527404785156 22.5150203704834 -4.054384708404541
4.464484691619873 22.64316749572754 -4.0606255531311035
4.628061771392822 22.64166831970215 -4.043699741363525
4.819104194641113 22.766952514648438 -4.049464702606201
5.018819332122803 22.90952491760254 -4.054916858673096
5.2019124031066895 22.979671478271484 -4.047661781311035
5.397616386413574 23.097131729125977 -4.0487236976623535
5.567415237426758 23.096895217895508 -4.029175758361816
5.757603645324707 23.17795753479004 -4.022451877593994
5.9580559730529785 23.279434204101562 -4.017339706420898
6.1467204093933105 23.338891983032227 -4.005319118499756
6.358484745025635 23.478740692138672 -4.007055282592773
6.559138774871826 23.568544387817383 -3.999882221221924
6.768765926361084 23.68309783935547 -3.994135618209839
6.996275901794434 23.839536666870117 -3.9948294162750244
7.219126224517822 23.979944229125977 -3.993041515350342
7.411091327667236 24.01156997680664 -3.9730875492095947
7.6283769607543945 24.119203567504883 -3.96382999420166
7.813278675079346 24.118541717529297 -3.935965061187744
8.060517311096191 24.30333709716797 -3.9382359981536865
8.314953804016113 24.488643646240234 -3.939757823944092
8.571537971496582 24.68013572692871 -3.9414591789245605
8.784889221191406 24.738405227661133 -3.919985771179199
9.021873474121094 24.856637954711914 -3.907851457595825
9.247303009033203 24.936609268188477 -3.8895397186279297
9.499141693115234 25.071514129638672 -3.8788037300109863
0.0 0.0 0.0
10.026530265808105 25.39073944091797 -3.8602073192596436
10.381746292114258 25.763792037963867 -3.8824665546417236
10.620576858520508 25.83618927001953 -3.858837366104126
10.839831352233887 25.848604202270508 -3.8234426975250244
11.20759391784668 26.212724685668945 -3.839805841445923
11.502288818359375 26.391965866088867 -3.8282556533813477
0.0 0.0 0.0
0.0 0.0 0.0
12.40721321105957 26.912193298339844 -3.7829349040985107
12.73698902130127 27.129438400268555 -3.7719309329986572
0.0 0.0 0.0
13.323806762695312 27.38372802734375 -3.7216806411743164
13.727239608764648 27.720380783081055 -3.7222776412963867
0.0 0.0 0.0
14.491788864135742 28.25843620300293 -3.7013044357299805
0.0 0.0 0.0
0.0 0.0 0.0
0.0 0.0 0.0
0.0 0.0 0.0
0.0 0.0 0.0
0.0 0.0 0.0
0.0 0.0 0.0
0.0 0.0 0.0
0.0 0.0 0.0
0.0 0.0 0.0
0.0 0.0 0.0
0.0 0.0 0.0
0.0 0.0 0.0
0.0 0.0 0.0
0.0 0.0 0.0
0.0 0.0 0.0
0.0 0.0 0.0
0.0 0.0 0.0
0.0 0.0 0.0
0.0 0.0 0.0
0.0 0.0 0.0
0.0 0.0 0.0
0.0 0.0 0.0
0.0 0.0 0.0
0.0 0.0 0.0
0.0 0.0 0.0
0.0 0.0 0.0
0.0 0.0 0.0
0.0 0.0 0.0
0.0 0.0 0.0
0.0 0.0 0.0
0.0 0.0 0.0
0.0 0.0 0.0
0.0 0.0 0.0
0.0 0.0 0.0
0.0 0.0 0.0
0.0 0.0 0.0
0.0 0.0 0.0
0.0 0.0 0.0
0.0 0.0 0.0
0.0 0.0 0.0
0.0 0.0 0.0
0.0 0.0 0.0
0.0 0.0 0.0
0.0 0.0 0.0
0.0 0.0 0.0
0.0 0.0 0.0
0.0 0.0 0.0
0.0 0.0 0.0
0.0 0.0 0.0
0.0 0.0 0.0
0.0 0.0 0.0
0.0 0.0 0.0
0.0 0.0 0.0
0.0 0.0 0.0
0.0 0.0 0.0
0.0 0.0 0.0
0.0 0.0 0.0
0.0 0.0 0.0
0.0 0.0 0.0
0.0 0.0 0.0
0.0 0.0 0.0
0.0 0.0 0.0
0.0 0.0 0.0
0.0 0.0 0.0
0.0 0.0 0.0
0.0 0.0 0.0
0.0 0.0 0.0
0.0 0.0 0.0
0.0 0.0 0.0
0.0 0.0 0.0
0.0 0.0 0.0
0.0 0.0 0.0
0.0 0.0 0.0
0.0 0.0 0.0
0.0 0.0 0.0
0.0 0.0 0.0
0.0 0.0 0.0
0.0 0.0 0.0
0.0 0.0 0.0
0.0 0.0 0.0
0.0 0.0 0.0
0.0 0.0 0.0
0.0 0.0 0.0
0.0 0.0 0.0
0.0 0.0 0.0
0.0 0.0 0.0
0.0 0.0 0.0
0.0 0.0 0.0
0.0 0.0 0.0
0.0 0.0 0.0
0.0 0.0 0.0
0.0 0.0 0.0
0.0 0.0 0.0
0.0 0.0 0.0
0.0 0.0 0.0
0.0 0.0 0.0
0.0 0.0 0.0
0.0 0.0 0.0
0.0 0.0 0.0
0.0 0.0 0.0
0.0 0.0 0.0
0.0 0.0 0.0
0.0 0.0 0.0
0.0 0.0 0.0
0.0 0.0 0.0
0.0 0.0 0.0
0.0 0.0 0.0
0.0 0.0 0.0
0.0 0.0 0.0
0.0 0.0 0.0
0.0 0.0 0.0
0.0 0.0 0.0
0.0 0.0 0.0
0.0 0.0 0.0
0.0 0.0 0.0
0.0 0.0 0.0
0.0 0.0 0.0
0.0 0.0 0.0
0.0 0.0 0.0
0.0 0.0 0.0
0.0 0.0 0.0
0.0 0.0 0.0
0.0 0.0 0.0
0.0 0.0 0.0
0.0 0.0 0.0
0.0 0.0 0.0
0.0 0.0 0.0
0.0 0.0 0.0
0.0 0.0 0.0
0.0 0.0 0.0
0.0 0.0 0.0
0.0 0.0 0.0
0.0 0.0 0.0
0.0 0.0 0.0
0.0 0.0 0.0
0.0 0.0 0.0
0.0 0.0 0.0
0.0 0.0 0.0
0.0 0.0 0.0
0.0 0.0 0.0
0.0 0.0 0.0
0.0 0.0 0.0
0.0 0.0 0.0
0.0 0.0 0.0
0.0 0.0 0.0
0.0 0.0 0.0
0.0 0.0 0.0
0.0 0.0 0.0
0.0 0.0 0.0
0.0 0.0 0.0
0.0 0.0 0.0
0.0 0.0 0.0
0.0 0.0 0.0
0.0 0.0 0.0
0.0 0.0 0.0
0.0 0.0 0.0
0.0 0.0 0.0
0.0 0.0 0.0
0.0 0.0 0.0
0.0 0.0 0.0
0.0 0.0 0.0
0.0 0.0 0.0
0.0 0.0 0.0
0.0 0.0 0.0
0.0 0.0 0.0
0.0 0.0 0.0
0.0 0.0 0.0
0.0 0.0 0.0
0.0 0.0 0.0
0.0 0.0 0.0
0.0 0.0 0.0
0.0 0.0 0.0
0.0 0.0 0.0
0.0 0.0 0.0
0.0 0.0 0.0
0.0 0.0 0.0
0.0 0.0 0.0
0.0 0.0 0.0
0.0 0.0 0.0
0.0 0.0 0.0
0.0 0.0 0.0
0.0 0.0 0.0
0.0 0.0 0.0
0.0 0.0 0.0
0.0 0.0 0.0
0.0 0.0 0.0
0.0 0.0 0.0
0.0 0.0 0.0
0.0 0.0 0.0
0.0 0.0 0.0
0.0 0.0 0.0
0.0 0.0 0.0
0.0 0.0 0.0
0.0 0.0 0.0
0.0 0.0 0.0
0.0 0.0 0.0
0.0 0.0 0.0
0.0 0.0 0.0
0.0 0.0 0.0
0.0 0.0 0.0
0.0 0.0 0.0
0.0 0.0 0.0
-23.014448165893555 31.831832885742188 -2.3038277626037598
0.0 0.0 0.0
0.0 0.0 0.0
0.0 0.0 0.0
0.0 0.0 0.0
0.0 0.0 0.0
0.0 0.0 0.0
0.0 0.0 0.0
0.0 0.0 0.0
0.0 0.0 0.0
0.0 0.0 0.0
0.0 0.0 0.0
0.0 0.0 0.0
0.0 0.0 0.0
0.0 0.0 0.0
0.0 0.0 0.0
0.0 0.0 0.0
0.0 0.0 0.0
0.0 0.0 0.0
0.0 0.0 0.0
0.0 0.0 0.0
0.0 0.0 0.0
0.0 0.0 0.0
0.0 0.0 0.0
0.0 0.0 0.0
0.0 0.0 0.0
0.0 0.0 0.0
0.0 0.0 0.0
0.0 0.0 0.0
0.0 0.0 0.0
0.0 0.0 0.0
0.0 0.0 0.0
0.0 0.0 0.0
-10.2263765335083 24.50763702392578 -3.468762159347534
0.0 0.0 0.0
0.0 0.0 0.0
0.0 0.0 0.0
0.0 0.0 0.0
0.0 0.0 0.0
0.0 0.0 0.0
-8.514039993286133 23.593416213989258 -3.573737382888794
0.0 0.0 0.0
0.0 0.0 0.0
0.0 0.0 0.0
0.0 0.0 0.0
-7.4659743309021 23.195133209228516 -3.6613290309906006
0.0 0.0 0.0
-7.061298847198486 23.0317440032959 -3.691479444503784
-6.856071472167969 22.931310653686523 -3.700961112976074
-6.645211696624756 22.803176879882812 -3.705775737762451
-6.4798583984375 22.837339401245117 -3.7374281883239746
-6.263919353485107 22.676164627075195 -3.7365882396698
-6.1184821128845215 22.766855239868164 -3.774933338165283
-5.904350757598877 22.595317840576172 -3.769397735595703
-5.731639862060547 22.57522201538086 -3.789067029953003
-5.561305999755859 22.573122024536133 -3.8122591972351074
-5.358100891113281 22.419458389282227 -3.808091402053833
0.0 0.0 0.0
-5.01469612121582 22.355697631835938 -3.8380043506622314
-4.832695960998535 22.26914405822754 -3.8436222076416016
-4.669900894165039 22.27968406677246 -3.866339921951294
-4.498501300811768 22.232452392578125 -3.8756611347198486
-4.305872440338135 22.070566177368164 -3.8649752140045166
-4.161386966705322 22.149206161499023 -3.896472454071045
-4.0007805824279785 22.143569946289062 -3.91337251663208
-3.834751844406128 22.118488311767578 -3.925368309020996
-3.6740314960479736 22.103389739990234 -3.9375228881835938
-3.502223014831543 22.01494598388672 -3.9367027282714844
-3.343555212020874 22.001230239868164 -3.949321985244751
-3.1740195751190186 21.910314559936523 -3.9479739665985107
-3.0158324241638184 21.89105796813965 -3.956480026245117
-2.836897373199463 21.72991943359375 -3.939634084701538
-2.6984517574310303 21.853235244750977 -3.9742953777313232
-2.5410873889923096 21.82674217224121 -3.9819412231445312
-2.3879921436309814 21.833850860595703 -3.993896245956421
-2.2220568656921387 21.713987350463867 -3.9812510013580322
-2.065549373626709 21.700210571289062 -3.9883434772491455
-1.9088760614395142 21.650672912597656 -3.988859176635742
-1.763096809387207 21.722572326660156 -4.011712551116943
-1.6099735498428345 21.709819793701172 -4.015722751617432
-1.457284688949585 21.69597816467285 -4.019704818725586
-1.3050636053085327 21.727203369140625 -4.032348155975342
-1.1491438150405884 21.64601707458496 -4.024190902709961
-1.0021412372589111 21.732892990112305 -4.04543399810791
-0.8506491184234619 21.730806350708008 -4.048612594604492
-0.6967166066169739 21.654741287231445 -4.03819465637207
-0.5427522659301758 21.627548217773438 -4.037130355834961
-0.3925677537918091 21.652996063232422 -4.045940399169922
-0.24233773350715637 21.678054809570312 -4.0512309074401855
-0.09181772172451019 21.75198745727539 -4.065854549407959
0.059456657618284225 21.72887420654297 -4.062537670135498
0.2104567438364029 21.727750778198242 -4.063526153564453
0.3649616539478302 21.77192497253418 -4.071406841278076
0.5141512155532837 21.673362731933594 -4.050953388214111
0.6651668548583984 21.677404403686523 -4.049881935119629
0.8229093551635742 21.856908798217773 -4.0817718505859375
0.9749656319618225 21.85112762451172 -4.079244613647461
1.134070634841919 21.93302345275879 -4.089630126953125
1.284972071647644 21.89506721496582 -4.077773571014404
1.4357306957244873 21.863746643066406 -4.067367076873779
1.5953000783920288 21.95779800415039 -4.080464839935303
1.7505706548690796 21.978221893310547 -4.078444480895996
1.8959583044052124 21.848464965820312 -4.046571731567383
2.068779706954956 22.058378219604492 -4.0779128074646
2.2235939502716064 22.05670166015625 -4.070247650146484
2.3861379623413086 22.126535415649414 -4.075953006744385
2.5367796421051025 22.08124351501465 -4.057212829589844
2.7146401405334473 22.240694046020508 -4.075745105743408
2.8750100135803223 22.265636444091797 -4.069902420043945
3.048485040664673 22.380813598632812 -4.08065938949585
3.2097418308258057 22.399810791015625 -4.072671413421631
3.386592149734497 22.516801834106445 -4.080648899078369
3.5400967597961426 22.47288703918457 -4.059597492218018
3.7022290229797363 22.46544647216797 -4.045106410980225
3.8941962718963623 22.646800994873047 -4.06491756439209
4.059433937072754 22.664350509643555 -4.052331924438477
4.232288360595703 22.718542098999023 -4.046128749847412
4.406822681427002 22.77520751953125 -4.040449619293213
4.621415615081787 23.01119613647461 -4.066277980804443
4.763983249664307 22.89558219909668 -4.0288872718811035
4.952341079711914 22.997638702392578 -4.028100490570068
5.114737033843994 22.974157333374023 -4.00540828704834
5.326418876647949 23.163421630859375 -4.019799709320068
5.507251739501953 23.196645736694336 -4.006767749786377
5.7427287101745605 23.461627960205078 -4.03100061416626
5.894893169403076 23.376943588256836 -3.9950194358825684
6.087605953216553 23.451692581176758 -3.986448287963867
6.269893169403076 23.480161666870117 -3.9700191020965576
6.535138130187988 23.796857833862305 -4.000195503234863
6.707284927368164 23.774166107177734 -3.9721946716308594
6.907327651977539 23.846534729003906 -3.960136890411377
7.131602764129639 23.994985580444336 -3.960625171661377
7.321104526519775 24.01976203918457 -3.940253973007202
7.603178977966309 24.326181411743164 -3.963063955307007
7.7325520515441895 24.14915657043457 -3.907555103302002
8.029624938964844 24.48873519897461 -3.935514211654663
8.232105255126953 24.52890968322754 -3.915050983428955
8.500656127929688 24.757793426513672 -3.9223947525024414
0.0 0.0 0.0
0.0 0.0 0.0
0.0 0.0 0.0
9.511143684387207 25.372140884399414 -3.8965682983398438
9.73114013671875 25.41932487487793 -3.870811939239502
9.942581176757812 25.43937110900879 -3.840831756591797
10.306743621826172 25.830364227294922 -3.865816593170166
0.0 0.0 0.0
0.0 0.0 0.0
11.144186019897461 26.318078994750977 -3.831077814102173
11.379003524780273 26.3592586517334 -3.800475597381592
11.655202865600586 26.482398986816406 -3.780594825744629
0.0 0.0 0.0
0.0 0.0 0.0
12.582274436950684 27.045255661010742 -3.7409205436706543
12.865558624267578 27.159168243408203 -3.716327428817749
0.0 0.0 0.0
13.61147689819336 27.722684860229492 -3.7054836750030518
13.992377281188965 28.004610061645508 -3.6989541053771973
0.0 0.0 0.0
14.772795677185059 28.567628860473633 -3.6800596714019775
15.18177318572998 28.86553192138672 -3.669827461242676
15.502143859863281 28.975955963134766 -3.634063720703125
0.0 0.0 0.0
16.264781951904297 29.412464141845703 -3.5856175422668457
0.0 0.0 0.0
0.0 0.0 0.0
0.0 0.0 0.0
0.0 0.0 0.0
0.0 0.0 0.0
0.0 0.0 0.0
0.0 0.0 0.0
0.0 0.0 0.0
0.0 0.0 0.0
0.0 0.0 0.0
0.0 0.0 0.0
0.0 0.0 0.0
0.0 0.0 0.0
0.0 0.0 0.0
0.0 0.0 0.0
0.0 0.0 0.0
0.0 0.0 0.0
0.0 0.0 0.0
0.0 0.0 0.0
0.0 0.0 0.0
0.0 0.0 0.0
0.0 0.0 0.0
0.0 0.0 0.0
0.0 0.0 0.0
0.0 0.0 0.0
0.0 0.0 0.0
0.0 0.0 0.0
0.0 0.0 0.0
0.0 0.0 0.0
0.0 0.0 0.0
0.0 0.0 0.0
0.0 0.0 0.0
0.0 0.0 0.0
0.0 0.0 0.0
0.0 0.0 0.0
0.0 0.0 0.0
0.0 0.0 0.0
0.0 0.0 0.0
0.0 0.0 0.0
0.0 0.0 0.0
0.0 0.0 0.0
0.0 0.0 0.0
0.0 0.0 0.0
0.0 0.0 0.0
0.0 0.0 0.0
0.0 0.0 0.0
0.0 0.0 0.0
0.0 0.0 0.0
0.0 0.0 0.0
0.0 0.0 0.0
0.0 0.0 0.0
0.0 0.0 0.0
0.0 0.0 0.0
0.0 0.0 0.0
0.0 0.0 0.0
0.0 0.0 0.0
0.0 0.0 0.0
0.0 0.0 0.0
0.0 0.0 0.0
0.0 0.0 0.0
0.0 0.0 0.0
0.0 0.0 0.0
0.0 0.0 0.0
0.0 0.0 0.0
0.0 0.0 0.0
0.0 0.0 0.0
0.0 0.0 0.0
0.0 0.0 0.0
0.0 0.0 0.0
0.0 0.0 0.0
0.0 0.0 0.0
0.0 0.0 0.0
0.0 0.0 0.0
0.0 0.0 0.0
0.0 0.0 0.0
0.0 0.0 0.0
12.260695457458496 53.89551544189453 10.206826210021973
0.0 0.0 0.0
0.0 0.0 0.0
0.0 0.0 0.0
0.0 0.0 0.0
0.0 0.0 0.0
0.0 0.0 0.0
0.0 0.0 0.0
0.0 0.0 0.0
0.0 0.0 0.0
0.0 0.0 0.0
0.0 0.0 0.0
0.0 0.0 0.0
0.0 0.0 0.0
0.0 0.0 0.0
0.0 0.0 0.0
0.0 0.0 0.0
0.0 0.0 0.0
0.0 0.0 0.0
0.0 0.0 0.0
0.0 0.0 0.0
0.0 0.0 0.0
0.0 0.0 0.0
0.0 0.0 0.0
0.0 0.0 0.0
0.0 0.0 0.0
0.0 0.0 0.0
0.0 0.0 0.0
0.0 0.0 0.0
0.0 0.0 0.0
0.0 0.0 0.0
0.0 0.0 0.0
0.0 0.0 0.0
0.0 0.0 0.0
0.0 0.0 0.0
0.0 0.0 0.0
0.0 0.0 0.0
0.0 0.0 0.0
0.0 0.0 0.0
0.0 0.0 0.0
0.0 0.0 0.0
0.0 0.0 0.0
0.0 0.0 0.0
0.0 0.0 0.0
0.0 0.0 0.0
0.0 0.0 0.0
0.0 0.0 0.0
0.0 0.0 0.0
0.0 0.0 0.0
0.0 0.0 0.0
0.0 0.0 0.0
0.0 0.0 0.0
0.0 0.0 0.0
0.0 0.0 0.0
0.0 0.0 0.0
0.0 0.0 0.0
0.0 0.0 0.0
0.0 0.0 0.0
0.0 0.0 0.0
0.0 0.0 0.0
0.0 0.0 0.0
0.0 0.0 0.0
0.0 0.0 0.0
0.0 0.0 0.0
0.0 0.0 0.0
0.0 0.0 0.0
0.0 0.0 0.0
0.0 0.0 0.0
0.0 0.0 0.0
0.0 0.0 0.0
0.0 0.0 0.0
0.0 0.0 0.0
0.0 0.0 0.0
0.0 0.0 0.0
0.0 0.0 0.0
0.0 0.0 0.0
0.0 0.0 0.0
0.0 0.0 0.0
0.0 0.0 0.0
0.0 0.0 0.0
0.0 0.0 0.0
0.0 0.0 0.0
0.0 0.0 0.0
0.0 0.0 0.0
0.0 0.0 0.0
0.0 0.0 0.0
0.0 0.0 0.0
0.0 0.0 0.0
0.0 0.0 0.0
0.0 0.0 0.0
0.0 0.0 0.0
0.0 0.0 0.0
0.0 0.0 0.0
0.0 0.0 0.0
0.0 0.0 0.0
0.0 0.0 0.0
0.0 0.0 0.0
0.0 0.0 0.0
0.0 0.0 0.0
0.0 0.0 0.0
0.0 0.0 0.0
0.0 0.0 0.0
0.0 0.0 0.0
0.0 0.0 0.0
0.0 0.0 0.0
0.0 0.0 0.0
0.0 0.0 0.0
0.0 0.0 0.0
0.0 0.0 0.0
0.0 0.0 0.0
0.0 0.0 0.0
0.0 0.0 0.0
0.0 0.0 0.0
0.0 0.0 0.0
0.0 0.0 0.0
0.0 0.0 0.0
0.0 0.0 0.0
0.0 0.0 0.0
0.0 0.0 0.0
0.0 0.0 0.0
0.0 0.0 0.0
0.0 0.0 0.0
0.0 0.0 0.0
0.0 0.0 0.0
0.0 0.0 0.0
0.0 0.0 0.0
0.0 0.0 0.0
0.0 0.0 0.0
0.0 0.0 0.0
0.0 0.0 0.0
0.0 0.0 0.0
0.0 0.0 0.0
0.0 0.0 0.0
0.0 0.0 0.0
0.0 0.0 0.0
0.0 0.0 0.0
0.0 0.0 0.0
0.0 0.0 0.0
0.0 0.0 0.0
0.0 0.0 0.0
0.0 0.0 0.0
0.0 0.0 0.0
0.0 0.0 0.0
0.0 0.0 0.0
0.0 0.0 0.0
-13.523694038391113 26.26226043701172 -3.18483829498291
0.0 0.0 0.0
-12.87691593170166 25.883953094482422 -3.2287609577178955
0.0 0.0 0.0
0.0 0.0 0.0
-12.19853687286377 25.868579864501953 -3.357417345046997
0.0 0.0 0.0
0.0 0.0 0.0
0.0 0.0 0.0
0.0 0.0 0.0
0.0 0.0 0.0
0.0 0.0 0.0
0.0 0.0 0.0
0.0 0.0 0.0
0.0 0.0 0.0
0.0 0.0 0.0
0.0 0.0 0.0
0.0 0.0 0.0
0.0 0.0 0.0
0.0 0.0 0.0
0.0 0.0 0.0
0.0 0.0 0.0
0.0 0.0 0.0
-7.616477966308594 23.37978744506836 -3.6289312839508057
0.0 0.0 0.0
0.0 0.0 0.0
0.0 0.0 0.0
0.0 0.0 0.0
-6.6363301277160645 23.079998016357422 -3.7149405479431152
-6.382416725158691 22.79395294189453 -3.693218946456909
0.0 0.0 0.0
0.0 0.0 0.0
-5.850970268249512 22.722503662109375 -3.7514352798461914
-5.68118953704834 22.71703338623047 -3.7735350131988525
0.0 0.0 0.0
-5.277937412261963 22.425254821777344 -3.765894889831543
-5.127439498901367 22.499176025390625 -3.7993569374084473
-4.964025974273682 22.503761291503906 -3.8209447860717773
-4.749295711517334 22.2663516998291 -3.7991936206817627
-4.624495983123779 22.446090698242188 -3.847691535949707
-4.433001518249512 22.300172805786133 -3.8405141830444336
-4.263986110687256 22.274248123168945 -3.8543524742126465
-4.090702056884766 22.205059051513672 -3.8597633838653564
-3.9202640056610107 22.142499923706055 -3.863880157470703
-3.7560532093048096 22.109020233154297 -3.8731610774993896
-3.60036039352417 22.123735427856445 -3.8910467624664307
-3.4333345890045166 22.080631256103516 -3.8991482257843018
-3.2898406982421875 22.17339515686035 -3.928818702697754
-3.114403009414673 22.04823875427246 -3.919123649597168
-2.95843768119812 22.05135154724121 -3.9323153495788574
-2.790456771850586 21.95796775817871 -3.928417921066284
-2.6353094577789307 21.95891761779785 -3.9408438205718994
-2.4811930656433105 21.990060806274414 -3.956305503845215
-2.3335976600646973 22.058094024658203 -3.978452682495117
-2.164973735809326 21.922359466552734 -3.964008092880249
-2.005552291870117 21.86192512512207 -3.9632585048675537
-1.8573002815246582 21.923337936401367 -3.9823787212371826
-1.6935838460922241 21.82699203491211 -3.971989870071411
-1.5400327444076538 21.813621520996094 -3.976724863052368
-1.385773777961731 21.783828735351562 -3.9786386489868164
-1.2370249032974243 21.84513282775879 -3.9968514442443848
-1.0850447416305542 21.852230072021484 -4.002201080322266
-0.9317253232002258 21.89291763305664 -4.013982772827148
-0.7782038450241089 21.86332893371582 -4.012997150421143
-0.6275581121444702 21.917156219482422 -4.027520656585693
-0.4762330651283264 21.974178314208984 -4.040588855743408
-0.3223017752170563 21.907485961914062 -4.029664516448975
-0.16596299409866333 21.739852905273438 -4.00037956237793
-0.014940042980015278 21.8515625 -4.022661209106445
0.13751357793807983 21.916162490844727 -4.036230087280273
0.2900491952896118 21.93034553527832 -4.037408828735352
0.44280746579170227 21.93578338623047 -4.037169456481934
0.5954470038414001 21.93247413635254 -4.035515785217285
0.7567152976989746 22.104642868041992 -4.0663251876831055
0.9052751064300537 21.972814559936523 -4.039497375488281
1.0606991052627563 22.020662307739258 -4.044200897216797
1.214717149734497 22.0290470123291 -4.041839599609375
1.3774795532226562 22.174415588378906 -4.064778804779053
1.5334750413894653 22.14974021911621 -4.0566582679748535
1.6922725439071655 22.20145034790039 -4.059065341949463
1.8356069326400757 22.05670166015625 -4.025747299194336
2.0070576667785645 22.244047164916992 -4.053218841552734
2.1581382751464844 22.192895889282227 -4.037379741668701
2.3352603912353516 22.37014389038086 -4.061481952667236
2.487516403198242 22.32503318786621 -4.043530464172363
2.643052339553833 22.30940055847168 -4.031116962432861
2.7983133792877197 22.292695999145508 -4.018715858459473
2.956678867340088 22.297758102416992 -4.010414123535156
3.1759767532348633 22.71708106994629 -4.073303699493408
3.318091630935669 22.586875915527344 -4.037612438201904
3.491516351699829 22.668659210205078 -4.040004730224609
3.6648383140563965 22.741561889648438 -4.040917873382568
3.825911521911621 22.733701705932617 -4.026274681091309
3.9911060333251953 22.747764587402344 -4.0136942863464355
4.17131233215332 22.82453155517578 -4.012012481689453
4.367162227630615 22.99114990234375 -4.026398181915283
4.517869472503662 22.914419174194336 -3.99826979637146
4.713344097137451 23.059736251831055 -4.006069660186768
4.888057708740234 23.094223022460938 -3.994323968887329
5.0934038162231445 23.251039505004883 -4.003441333770752
5.2897748947143555 23.36915397644043 -4.00615119934082
5.46013069152832 23.365793228149414 -3.9867634773254395
5.67244815826416 23.533769607543945 -3.9948618412017822
5.856709957122803 23.576499938964844 -3.9816510677337646
6.060859203338623 23.6806640625 -3.9784798622131348
6.230600833892822 23.657007217407227 -3.954235792160034
6.440545082092285 23.781505584716797 -3.951932191848755
6.658908367156982 23.926511764526367 -3.952840566635132
6.903810501098633 24.155027389526367 -3.967324733734131
7.053287029266357 24.03242301940918 -3.9237146377563477
7.321530818939209 24.320261001586914 -3.945972442626953
7.498952388763428 24.295785903930664 -3.916196584701538
7.711310386657715 24.38043212890625 -3.9040403366088867
7.964303493499756 24.584613800048828 -3.910836696624756
8.169451713562012 24.632587432861328 -3.8920607566833496
8.417330741882324 24.79167938232422 -3.8879287242889404
8.673714637756348 24.975034713745117 -3.8877694606781006
8.943608283996582 25.185138702392578 -3.8913519382476807
9.198204040527344 25.3419246673584 -3.8863654136657715
9.394975662231445 25.33355140686035 -3.8537938594818115
9.657434463500977 25.48516273498535 -3.844478130340576
0.0 0.0 0.0
10.158056259155273 25.718666076660156 -3.8156192302703857
10.457205772399902 25.947376251220703 -3.8158185482025146
0.0 0.0 0.0
0.0 0.0 0.0
0.0 0.0 0.0
0.0 0.0 0.0
11.919683456420898 26.83734893798828 -3.7631893157958984
12.178988456726074 26.914836883544922 -3.7355055809020996
0.0 0.0 0.0
0.0 0.0 0.0
0.0 0.0 0.0
0.0 0.0 0.0
13.878816604614258 28.02416229248047 -3.6792171001434326
0.0 0.0 0.0
14.57666015625 28.426023483276367 -3.6407861709594727
14.859227180480957 28.488346099853516 -3.602445602416992
0.0 0.0 0.0
15.736359596252441 29.176422119140625 -3.592925548553467
0.0 0.0 0.0
0.0 0.0 0.0
0.0 0.0 0.0
0.0 0.0 0.0
0.0 0.0 0.0
18.35344123840332 30.862586975097656 -3.4642820358276367
0.0 0.0 0.0
0.0 0.0 0.0
0.0 0.0 0.0
0.0 0.0 0.0
0.0 0.0 0.0
0.0 0.0 0.0
0.0 0.0 0.0
0.0 0.0 0.0
0.0 0.0 0.0
0.0 0.0 0.0
0.0 0.0 0.0
0.0 0.0 0.0
0.0 0.0 0.0
0.0 0.0 0.0
0.0 0.0 0.0
0.0 0.0 0.0
0.0 0.0 0.0
0.0 0.0 0.0
0.0 0.0 0.0
0.0 0.0 0.0
0.0 0.0 0.0
0.0 0.0 0.0
0.0 0.0 0.0
0.0 0.0 0.0
0.0 0.0 0.0
0.0 0.0 0.0
0.0 0.0 0.0
0.0 0.0 0.0
0.0 0.0 0.0
0.0 0.0 0.0
0.0 0.0 0.0
0.0 0.0 0.0
0.0 0.0 0.0
0.0 0.0 0.0
0.0 0.0 0.0
0.0 0.0 0.0
0.0 0.0 0.0
0.0 0.0 0.0
0.0 0.0 0.0
0.0 0.0 0.0
0.0 0.0 0.0
0.0 0.0 0.0
0.0 0.0 0.0
0.0 0.0 0.0
0.0 0.0 0.0
0.0 0.0 0.0
0.0 0.0 0.0
0.0 0.0 0.0
0.0 0.0 0.0
0.0 0.0 0.0
0.0 0.0 0.0
0.0 0.0 0.0
0.0 0.0 0.0
0.0 0.0 0.0
0.0 0.0 0.0
0.0 0.0 0.0
0.0 0.0 0.0
0.0 0.0 0.0
0.0 0.0 0.0
0.0 0.0 0.0
0.0 0.0 0.0
0.0 0.0 0.0
0.0 0.0 0.0
0.0 0.0 0.0
0.0 0.0 0.0
0.0 0.0 0.0
0.0 0.0 0.0
0.0 0.0 0.0
0.0 0.0 0.0
0.0 0.0 0.0
0.0 0.0 0.0
0.0 0.0 0.0
0.0 0.0 0.0
0.0 0.0 0.0
0.0 0.0 0.0
0.0 0.0 0.0
0.0 0.0 0.0
0.0 0.0 0.0
0.0 0.0 0.0
0.0 0.0 0.0
0.0 0.0 0.0
0.0 0.0 0.0
0.0 0.0 0.0
0.0 0.0 0.0
0.0 0.0 0.0
0.0 0.0 0.0
0.0 0.0 0.0
0.0 0.0 0.0
0.0 0.0 0.0
0.0 0.0 0.0
0.0 0.0 0.0
0.0 0.0 0.0
0.0 0.0 0.0
0.0 0.0 0.0
0.0 0.0 0.0
0.0 0.0 0.0
0.0 0.0 0.0
0.0 0.0 0.0
0.0 0.0 0.0
0.0 0.0 0.0
0.0 0.0 0.0
0.0 0.0 0.0
0.0 0.0 0.0
0.0 0.0 0.0
0.0 0.0 0.0
0.0 0.0 0.0
0.0 0.0 0.0
0.0 0.0 0.0
0.0 0.0 0.0
0.0 0.0 0.0
0.0 0.0 0.0
0.0 0.0 0.0
0.0 0.0 0.0
0.0 0.0 0.0
0.0 0.0 0.0
0.0 0.0 0.0
0.0 0.0 0.0
0.0 0.0 0.0
0.0 0.0 0.0
0.0 0.0 0.0
0.0 0.0 0.0
0.0 0.0 0.0
0.0 0.0 0.0
0.0 0.0 0.0
0.0 0.0 0.0
0.0 0.0 0.0
0.0 0.0 0.0
0.0 0.0 0.0
0.0 0.0 0.0
0.0 0.0 0.0
0.0 0.0 0.0
0.0 0.0 0.0
0.0 0.0 0.0
0.0 0.0 0.0
0.0 0.0 0.0
0.0 0.0 0.0
0.0 0.0 0.0
0.0 0.0 0.0
0.0 0.0 0.0
0.0 0.0 0.0
0.0 0.0 0.0
0.0 0.0 0.0
0.0 0.0 0.0
0.0 0.0 0.0
0.0 0.0 0.0
0.0 0.0 0.0
0.0 0.0 0.0
0.0 0.0 0.0
0.0 0.0 0.0
0.0 0.0 0.0
0.0 0.0 0.0
0.0 0.0 0.0
0.0 0.0 0.0
0.0 0.0 0.0
0.0 0.0 0.0
0.0 0.0 0.0
0.0 0.0 0.0
0.0 0.0 0.0
0.0 0.0 0.0
0.0 0.0 0.0
0.0 0.0 0.0
0.0 0.0 0.0
0.0 0.0 0.0
0.0 0.0 0.0
0.0 0.0 0.0
0.0 0.0 0.0
0.0 0.0 0.0
0.0 0.0 0.0
0.0 0.0 0.0
0.0 0.0 0.0
0.0 0.0 0.0
0.0 0.0 0.0
0.0 0.0 0.0
0.0 0.0 0.0
0.0 0.0 0.0
0.0 0.0 0.0
0.0 0.0 0.0
0.0 0.0 0.0
0.0 0.0 0.0
0.0 0.0 0.0
0.0 0.0 0.0
0.0 0.0 0.0
0.0 0.0 0.0
0.0 0.0 0.0
0.0 0.0 0.0
0.0 0.0 0.0
0.0 0.0 0.0
0.0 0.0 0.0
0.0 0.0 0.0
0.0 0.0 0.0
0.0 0.0 0.0
0.0 0.0 0.0
0.0 0.0 0.0
0.0 0.0 0.0
0.0 0.0 0.0
0.0 0.0 0.0
0.0 0.0 0.0
0.0 0.0 0.0
0.0 0.0 0.0
0.0 0.0 0.0
0.0 0.0 0.0
0.0 0.0 0.0
0.0 0.0 0.0
0.0 0.0 0.0
0.0 0.0 0.0
0.0 0.0 0.0
0.0 0.0 0.0
0.0 0.0 0.0
0.0 0.0 0.0
0.0 0.0 0.0
0.0 0.0 0.0
0.0 0.0 0.0
0.0 0.0 0.0
0.0 0.0 0.0
0.0 0.0 0.0
0.0 0.0 0.0
0.0 0.0 0.0
0.0 0.0 0.0
0.0 0.0 0.0
0.0 0.0 0.0
0.0 0.0 0.0
0.0 0.0 0.0
0.0 0.0 0.0
0.0 0.0 0.0
0.0 0.0 0.0
0.0 0.0 0.0
0.0 0.0 0.0
0.0 0.0 0.0
0.0 0.0 0.0
0.0 0.0 0.0
0.0 0.0 0.0
0.0 0.0 0.0
0.0 0.0 0.0
0.0 0.0 0.0
0.0 0.0 0.0
0.0 0.0 0.0
0.0 0.0 0.0
-8.036569595336914 23.81829071044922 -3.603435516357422
0.0 0.0 0.0
0.0 0.0 0.0
-7.388805866241455 23.5170841217041 -3.641078472137451
-7.15318489074707 23.33416748046875 -3.639061689376831
-6.995723247528076 23.400833129882812 -3.675914764404297
0.0 0.0 0.0
-6.576011657714844 23.17916488647461 -3.69093656539917
-6.4021196365356445 23.178918838500977 -3.71460223197937
-6.178281307220459 22.991031646728516 -3.7081289291381836
-5.986650466918945 22.91321563720703 -3.7192397117614746
-5.821932792663574 22.93522071838379 -3.7443418502807617
-5.606791973114014 22.76187515258789 -3.737229347229004
-5.420538425445557 22.683626174926758 -3.7452454566955566
-5.261574745178223 22.716642379760742 -3.771735906600952
-5.090595722198486 22.696016311645508 -3.788437843322754
-4.9318156242370605 22.727113723754883 -3.8119537830352783
-4.7567219734191895 22.69344711303711 -3.8250529766082764
-4.565913200378418 22.56354522705078 -3.821626901626587
-4.385265350341797 22.473722457885742 -3.824949026107788
-4.222139358520508 22.47007179260254 -3.840369701385498
-4.050623893737793 22.415985107421875 -3.8468480110168457
-3.8877735137939453 22.421751022338867 -3.864004373550415
-3.7209267616271973 22.384130477905273 -3.8735315799713135
-3.5438647270202637 22.27704429626465 -3.869900941848755
-3.373844861984253 22.20317840576172 -3.8700649738311768
-3.2270963191986084 22.280410766601562 -3.896732807159424
-3.0515997409820557 22.154582977294922 -3.8880228996276855
-2.8767216205596924 22.039180755615234 -3.881409168243408
-2.7384896278381348 22.182321548461914 -3.9173035621643066
-2.586510419845581 22.22145652770996 -3.934586524963379
-2.429759979248047 22.221315383911133 -3.9451217651367188
-2.266657590866089 22.154998779296875 -3.944042205810547
-2.093499183654785 21.99985122680664 -3.926299810409546
-1.950393557548523 22.127079010009766 -3.956604242324829
-1.793041706085205 22.096195220947266 -3.9588441848754883
-1.6359293460845947 22.060361862182617 -3.960357427597046
-1.4714970588684082 21.908342361450195 -3.9411375522613525
-1.3198381662368774 21.97450065612793 -3.9585862159729004
-1.177844762802124 22.189355850219727 -4.00211763381958
-1.0161018371582031 22.034605026245117 -3.9791836738586426
-0.8624080419540405 22.032350540161133 -3.983947992324829
-0.7095131874084473 22.052204132080078 -3.9921579360961914
-0.5526793003082275 22.02543067932129 -3.989362955093384
-0.39881375432014465 21.993661880493164 -3.9858169555664062
-0.2474355399608612 22.14145851135254 -4.015018463134766
-0.09286918491125107 22.01531410217285 -3.9947400093078613
0.060670386999845505 22.14988136291504 -4.019528865814209
0.21355797350406647 22.022245407104492 -3.99566650390625
0.37211912870407104 22.181745529174805 -4.024087429046631
0.5279123187065125 22.240253448486328 -4.034388542175293
0.6805222034454346 22.167110443115234 -4.020635604858398
0.837015688419342 22.224075317382812 -4.027476787567139
0.9917690753936768 22.218488693237305 -4.023163795471191
1.151141881942749 22.253934860229492 -4.026421546936035
1.3092607259750366 22.29988670349121 -4.031813621520996
1.4637937545776367 22.283700942993164 -4.0241594314575195
1.6322190761566162 22.458446502685547 -4.049488544464111
1.7872685194015503 22.432641983032227 -4.03880500793457
1.9357305765151978 22.3021240234375 -4.009402751922607
2.106727123260498 22.457979202270508 -4.031764030456543
2.2579574584960938 22.395063400268555 -4.011538982391357
2.4302709102630615 22.533777236938477 -4.027586936950684
2.575387477874756 22.4151554107666 -3.9978039264678955
2.7573344707489014 22.589326858520508 -4.020270824432373
2.922447681427002 22.632932662963867 -4.0181379318237305
3.0848536491394043 22.64895248413086 -4.009347915649414
3.247077465057373 22.659997940063477 -3.9998385906219482
3.4227683544158936 22.757404327392578 -4.0056939125061035
3.595181941986084 22.823060989379883 -4.0060529708862305
3.7558555603027344 22.79257583618164 -3.986424684524536
3.9546337127685547 23.000444412231445 -4.0084991455078125
4.129521369934082 23.055051803588867 -4.003850936889648
4.287547588348389 23.01373291015625 -3.9827141761779785
4.476741790771484 23.13409996032715 -3.988419771194458
4.672975063323975 23.26409912109375 -3.993610143661499
4.852028846740723 23.31380271911621 -3.985326051712036
5.042365074157715 23.41114616394043 -3.9852499961853027
5.264632701873779 23.64236831665039 -4.007861614227295
5.4408416748046875 23.658077239990234 -3.991182565689087
5.593873977661133 23.55933380126953 -3.954777956008911
5.777667045593262 23.602527618408203 -3.9427318572998047
6.019850730895996 23.87240982055664 -3.9684317111968994
6.177942276000977 23.800588607788086 -3.935957908630371
6.426177024841309 24.06706428527832 -3.957660675048828
6.609755039215088 24.07014274597168 -3.935549259185791
6.844320297241211 24.26195526123047 -3.944605588912964
7.03246545791626 24.281173706054688 -3.9254794120788574
7.241008758544922 24.3659725189209 -3.9142439365386963
7.440193176269531 24.41200828552246 -3.8966915607452393
7.725191593170166 24.71732521057129 -3.91982364654541
7.904627323150635 24.686016082763672 -3.889824151992798
8.158295631408691 24.881345748901367 -3.8938844203948975
8.363652229309082 24.92058563232422 -3.8723764419555664
0.0 0.0 0.0
8.841205596923828 25.176433563232422 -3.856485605239868
9.146151542663574 25.46782684326172 -3.871840715408325
9.310235023498535 25.36897850036621 -3.8263015747070312
9.638839721679688 25.710996627807617 -3.8470427989959717
9.81655216217041 25.641366958618164 -3.8058736324310303
10.120305061340332 25.894943237304688 -3.8125109672546387
10.385930061340332 26.029510498046875 -3.7981789112091064
10.667118072509766 26.20215606689453 -3.7895495891571045
0.0 0.0 0.0
11.209541320800781 26.471755981445312 -3.7602293491363525
11.545811653137207 26.747411727905273 -3.763085126876831
11.83236026763916 26.88709831237793 -3.745089292526245
12.149836540222168 27.0961856842041 -3.7369017601013184
0.0 0.0 0.0
0.0 0.0 0.0
0.0 0.0 0.0
13.545166969299316 28.08249282836914 -3.7099666595458984
13.749622344970703 28.007259368896484 -3.658501148223877
0.0 0.0 0.0
0.0 0.0 0.0
14.814746856689453 28.648157119750977 -3.607167959213257
15.160042762756348 28.821258544921875 -3.5830657482147217
0.0 0.0 0.0
0.0 0.0 0.0
0.0 0.0 0.0
0.0 0.0 0.0
0.0 0.0 0.0
0.0 0.0 0.0
0.0 0.0 0.0
0.0 0.0 0.0
0.0 0.0 0.0
0.0 0.0 0.0
0.0 0.0 0.0
0.0 0.0 0.0
0.0 0.0 0.0
0.0 0.0 0.0
0.0 0.0 0.0
0.0 0.0 0.0
0.0 0.0 0.0
0.0 0.0 0.0
0.0 0.0 0.0
0.0 0.0 0.0
0.0 0.0 0.0
0.0 0.0 0.0
0.0 0.0 0.0
0.0 0.0 0.0
0.0 0.0 0.0
0.0 0.0 0.0
0.0 0.0 0.0
0.0 0.0 0.0
0.0 0.0 0.0
0.0 0.0 0.0
0.0 0.0 0.0
0.0 0.0 0.0
0.0 0.0 0.0
0.0 0.0 0.0
0.0 0.0 0.0
0.0 0.0 0.0
0.0 0.0 0.0
0.0 0.0 0.0
0.0 0.0 0.0
0.0 0.0 0.0
0.0 0.0 0.0
0.0 0.0 0.0
0.0 0.0 0.0
0.0 0.0 0.0
0.0 0.0 0.0
0.0 0.0 0.0
0.0 0.0 0.0
0.0 0.0 0.0
0.0 0.0 0.0
0.0 0.0 0.0
0.0 0.0 0.0
0.0 0.0 0.0
0.0 0.0 0.0
0.0 0.0 0.0
0.0 0.0 0.0
0.0 0.0 0.0
0.0 0.0 0.0
0.0 0.0 0.0
0.0 0.0 0.0
0.0 0.0 0.0
0.0 0.0 0.0
0.0 0.0 0.0
0.0 0.0 0.0
0.0 0.0 0.0
0.0 0.0 0.0
0.0 0.0 0.0
0.0 0.0 0.0
0.0 0.0 0.0
0.0 0.0 0.0
0.0 0.0 0.0
0.0 0.0 0.0
0.0 0.0 0.0
0.0 0.0 0.0
0.0 0.0 0.0
0.0 0.0 0.0
0.0 0.0 0.0
0.0 0.0 0.0
0.0 0.0 0.0
0.0 0.0 0.0
0.0 0.0 0.0
0.0 0.0 0.0
0.0 0.0 0.0
0.0 0.0 0.0
0.0 0.0 0.0
0.0 0.0 0.0
0.0 0.0 0.0
0.0 0.0 0.0
0.0 0.0 0.0
0.0 0.0 0.0
0.0 0.0 0.0
0.0 0.0 0.0
0.0 0.0 0.0
0.0 0.0 0.0
0.0 0.0 0.0
0.0 0.0 0.0
0.0 0.0 0.0
0.0 0.0 0.0
0.0 0.0 0.0
0.0 0.0 0.0
0.0 0.0 0.0
0.0 0.0 0.0
0.0 0.0 0.0
0.0 0.0 0.0
0.0 0.0 0.0
0.0 0.0 0.0
0.0 0.0 0.0
0.0 0.0 0.0
0.0 0.0 0.0
0.0 0.0 0.0
0.0 0.0 0.0
0.0 0.0 0.0
0.0 0.0 0.0
0.0 0.0 0.0
0.0 0.0 0.0
0.0 0.0 0.0
0.0 0.0 0.0
0.0 0.0 0.0
0.0 0.0 0.0
0.0 0.0 0.0
0.0 0.0 0.0
0.0 0.0 0.0
0.0 0.0 0.0
0.0 0.0 0.0
0.0 0.0 0.0
0.0 0.0 0.0
0.0 0.0 0.0
0.0 0.0 0.0
0.0 0.0 0.0
0.0 0.0 0.0
0.0 0.0 0.0
0.0 0.0 0.0
0.0 0.0 0.0
0.0 0.0 0.0
0.0 0.0 0.0
0.0 0.0 0.0
0.0 0.0 0.0
0.0 0.0 0.0
0.0 0.0 0.0
0.0 0.0 0.0
0.0 0.0 0.0
0.0 0.0 0.0
0.0 0.0 0.0
0.0 0.0 0.0
0.0 0.0 0.0
0.0 0.0 0.0
0.0 0.0 0.0
0.0 0.0 0.0
0.0 0.0 0.0
0.0 0.0 0.0
0.0 0.0 0.0
0.0 0.0 0.0
0.0 0.0 0.0
0.0 0.0 0.0
0.0 0.0 0.0
0.0 0.0 0.0
0.0 0.0 0.0
0.0 0.0 0.0
0.0 0.0 0.0
0.0 0.0 0.0
0.0 0.0 0.0
0.0 0.0 0.0
0.0 0.0 0.0
0.0 0.0 0.0
0.0 0.0 0.0
0.0 0.0 0.0
0.0 0.0 0.0
0.0 0.0 0.0
0.0 0.0 0.0
0.0 0.0 0.0
0.0 0.0 0.0
0.0 0.0 0.0
0.0 0.0 0.0
0.0 0.0 0.0
0.0 0.0 0.0
0.0 0.0 0.0
0.0 0.0 0.0
0.0 0.0 0.0
0.0 0.0 0.0
0.0 0.0 0.0
0.0 0.0 0.0
0.0 0.0 0.0
0.0 0.0 0.0
0.0 0.0 0.0
0.0 0.0 0.0
0.0 0.0 0.0
0.0 0.0 0.0
0.0 0.0 0.0
0.0 0.0 0.0
0.0 0.0 0.0
0.0 0.0 0.0
0.0 0.0 0.0
0.0 0.0 0.0
0.0 0.0 0.0
0.0 0.0 0.0
0.0 0.0 0.0
0.0 0.0 0.0
0.0 0.0 0.0
0.0 0.0 0.0
0.0 0.0 0.0
0.0 0.0 0.0
0.0 0.0 0.0
0.0 0.0 0.0
0.0 0.0 0.0
0.0 0.0 0.0
0.0 0.0 0.0
0.0 0.0 0.0
0.0 0.0 0.0
0.0 0.0 0.0
0.0 0.0 0.0
0.0 0.0 0.0
0.0 0.0 0.0
0.0 0.0 0.0
0.0 0.0 0.0
0.0 0.0 0.0
0.0 0.0 0.0
0.0 0.0 0.0
0.0 0.0 0.0
0.0 0.0 0.0
0.0 0.0 0.0
0.0 0.0 0.0
0.0 0.0 0.0
-14.546018600463867 26.841201782226562 -3.0342166423797607
0.0 0.0 0.0
0.0 0.0 0.0
0.0 0.0 0.0
0.0 0.0 0.0
0.0 0.0 0.0
0.0 0.0 0.0
0.0 0.0 0.0
-12.187292098999023 25.845510482788086 -3.2735087871551514
0.0 0.0 0.0
0.0 0.0 0.0
0.0 0.0 0.0
-11.050739288330078 25.23344612121582 -3.3491532802581787
0.0 0.0 0.0
0.0 0.0 0.0
0.0 0.0 0.0
0.0 0.0 0.0
0.0 0.0 0.0
0.0 0.0 0.0
0.0 0.0 0.0
-9.058115005493164 24.300321578979492 -3.493936538696289
0.0 0.0 0.0
0.0 0.0 0.0
0.0 0.0 0.0
0.0 0.0 0.0
0.0 0.0 0.0
0.0 0.0 0.0
-7.537187576293945 23.6950740814209 -3.605539083480835
0.0 0.0 0.0
0.0 0.0 0.0
0.0 0.0 0.0
0.0 0.0 0.0
-6.487337112426758 23.165576934814453 -3.6494154930114746
-6.357914447784424 23.32872772216797 -3.6993038654327393
-6.108985900878906 23.059093475341797 -3.6796224117279053
-5.925128936767578 23.011003494262695 -3.693067789077759
-5.775946140289307 23.096256256103516 -3.7280609607696533
-5.57106876373291 22.955554962158203 -3.726670503616333
-5.3756842613220215 22.843172073364258 -3.729717254638672
-5.2034454345703125 22.83553695678711 -3.7472057342529297
-5.0404462814331055 22.85236167907715 -3.76849627494812
-4.832419395446777 22.65682601928711 -3.754753828048706
-4.678712368011475 22.708778381347656 -3.782043695449829
-4.508604049682617 22.68053436279297 -3.794626235961914
-4.353926181793213 22.742528915405273 -3.8213703632354736
-4.164287090301514 22.60214614868164 -3.813929557800293
-3.9962992668151855 22.570289611816406 -3.8248281478881836
-3.8162167072296143 22.461217880249023 -3.822613477706909
-3.6640000343322754 22.51483154296875 -3.8450655937194824
-3.4937429428100586 22.472614288330078 -3.8515501022338867
-3.332200765609741 22.46303939819336 -3.863516330718994
-3.167013168334961 22.425634384155273 -3.8708460330963135
-3.010484218597412 22.444501876831055 -3.886354684829712
-2.8248488903045654 22.23340606689453 -3.860438346862793
-2.691828966140747 22.433612823486328 -3.906104803085327
-2.5163490772247314 22.30434799194336 -3.894801139831543
-2.3608622550964355 22.318937301635742 -3.9085469245910645
-2.1943588256835938 22.221939086914062 -3.8996219635009766
-2.0491645336151123 22.338306427001953 -3.928161382675171
-1.8834401369094849 22.23136329650879 -3.9176251888275146
-1.7369016408920288 22.38420867919922 -3.953216314315796
-1.5680357217788696 22.209970474243164 -3.929669141769409
-1.420023798942566 22.322769165039062 -3.9549500942230225
-1.2683428525924683 22.396163940429688 -3.9734814167022705
-1.1069341897964478 22.29180908203125 -3.9606575965881348
-0.9460225105285645 22.224824905395508 -3.9547200202941895
-0.7889310121536255 22.164804458618164 -3.9471802711486816
-0.635517418384552 22.19603729248047 -3.955496311187744
-0.48003071546554565 22.15700340270996 -3.9514830112457275
-0.3273308575153351 22.255306243896484 -3.9721577167510986
-0.16915732622146606 22.1873779296875 -3.962442636489868
-0.014824597164988518 22.249549865722656 -3.973400115966797
0.13909977674484253 22.137605667114258 -3.9534552097320557
0.29439273476600647 22.232234954833984 -3.970592975616455
0.4492228031158447 22.23734474182129 -3.9719364643096924
0.6036936640739441 22.22641944885254 -3.9681813716888428
0.7631816864013672 22.28756332397461 -3.9762837886810303
0.9209108948707581 22.34381103515625 -3.983736515045166
1.0794668197631836 22.402793884277344 -3.99185848236084
1.2376048564910889 22.43767738342285 -3.9954833984375
1.3937418460845947 22.42975616455078 -3.9885518550872803
1.5618094205856323 22.554880142211914 -4.005350589752197
1.7077735662460327 22.402801513671875 -3.9732160568237305
1.8707011938095093 22.475936889648438 -3.9812254905700684
2.0394484996795654 22.601869583129883 -3.996814012527466
2.208436965942383 22.707664489746094 -4.007325172424316
2.3629441261291504 22.63209342956543 -3.985867977142334
2.528958797454834 22.69342041015625 -3.9888579845428467
2.69114089012146 22.71148109436035 -3.984389543533325
2.8473219871520996 22.67932891845703 -3.967944860458374
3.026456832885742 22.82162094116211 -3.982102394104004
3.201568841934204 22.897357940673828 -3.9845292568206787
3.374983310699463 22.97215461730957 -3.9870922565460205
3.5497636795043945 23.045881271362305 -3.988058567047119
3.7256717681884766 23.11863136291504 -3.9870309829711914
3.8971943855285645 23.155841827392578 -3.9799623489379883
4.054769992828369 23.108320236206055 -3.9585018157958984
4.258249759674072 23.297998428344727 -3.9775333404541016
4.465510845184326 23.50583839416504 -3.997028350830078
4.589519023895264 23.273433685302734 -3.9415504932403564
4.777468681335449 23.368907928466797 -3.941868305206299
4.977534770965576 23.51189613342285 -3.9501736164093018
5.169242858886719 23.592676162719727 -3.946577787399292
5.363617897033691 23.691633224487305 -3.9445488452911377
5.552598476409912 23.758996963500977 -3.937269687652588
5.761942386627197 23.903589248657227 -3.9427406787872314
5.93339204788208 23.885498046875 -3.921438455581665
6.150980472564697 24.034080505371094 -3.924468755722046
6.349543571472168 24.110607147216797 -3.915715217590332
6.577527046203613 24.289894104003906 -3.9235715866088867
6.753659725189209 24.27005958557129 -3.8992199897766113
6.943530559539795 24.297414779663086 -3.8812572956085205
7.225730895996094 24.622743606567383 -3.9085652828216553
7.42612886428833 24.668880462646484 -3.8917431831359863
7.623152256011963 24.698596954345703 -3.872328996658325
7.839483737945557 24.78574562072754 -3.861785888671875
8.083643913269043 24.952314376831055 -3.861083745956421
0.0 0.0 0.0
0.0 0.0 0.0
8.757147789001465 25.211301803588867 -3.820315361022949
9.033438682556152 25.43546485900879 -3.825634717941284
9.267157554626465 25.52987289428711 -3.8103530406951904
9.575471878051758 25.818096160888672 -3.823575258255005
9.856951713562012 26.011831283569336 -3.8218116760253906
10.053269386291504 25.983991622924805 -3.786850929260254
10.325444221496582 26.145536422729492 -3.777812957763672
0.0 0.0 0.0
0.0 0.0 0.0
11.122842788696289 26.520835876464844 -3.7319703102111816
11.478559494018555 26.843599319458008 -3.7416787147521973
11.780695915222168 27.02769660949707 -3.731334924697876
12.025975227355957 27.074378967285156 -3.701730966567993
0.0 0.0 0.0
0.0 0.0 0.0
12.946006774902344 27.573389053344727 -3.654071807861328
13.335392951965332 27.897789001464844 -3.6573097705841064
0.0 0.0 0.0
13.993526458740234 28.26007843017578 -3.6215646266937256
14.37435531616211 28.528078079223633 -3.612314224243164
0.0 0.0 0.0
0.0 0.0 0.0
0.0 0.0 0.0
15.852593421936035 29.388687133789062 -3.5342438220977783
0.0 0.0 0.0
16.62126350402832 29.806045532226562 -3.4849252700805664
0.0 0.0 0.0
0.0 0.0 0.0
0.0 0.0 0.0
0.0 0.0 0.0
18.99054527282715 31.42652702331543 -3.390894889831543
0.0 0.0 0.0
0.0 0.0 0.0
0.0 0.0 0.0
21.049917221069336 32.742347717285156 -3.273888349533081
0.0 0.0 0.0
0.0 0.0 0.0
0.0 0.0 0.0
0.0 0.0 0.0
0.0 0.0 0.0
0.0 0.0 0.0
0.0 0.0 0.0
0.0 0.0 0.0
0.0 0.0 0.0
0.0 0.0 0.0
0.0 0.0 0.0
0.0 0.0 0.0
0.0 0.0 0.0
0.0 0.0 0.0
0.0 0.0 0.0
0.0 0.0 0.0
0.0 0.0 0.0
0.0 0.0 0.0
0.0 0.0 0.0
0.0 0.0 0.0
0.0 0.0 0.0
0.0 0.0 0.0
0.0 0.0 0.0
0.0 0.0 0.0
0.0 0.0 0.0
0.0 0.0 0.0
0.0 0.0 0.0
0.0 0.0 0.0
0.0 0.0 0.0
0.0 0.0 0.0
0.0 0.0 0.0
0.0 0.0 0.0
0.0 0.0 0.0
0.0 0.0 0.0
0.0 0.0 0.0
0.0 0.0 0.0
0.0 0.0 0.0
0.0 0.0 0.0
0.0 0.0 0.0
0.0 0.0 0.0
0.0 0.0 0.0
0.0 0.0 0.0
0.0 0.0 0.0
0.0 0.0 0.0
0.0 0.0 0.0
0.0 0.0 0.0
0.0 0.0 0.0
0.0 0.0 0.0
0.0 0.0 0.0
0.0 0.0 0.0
0.0 0.0 0.0
0.0 0.0 0.0
0.0 0.0 0.0
0.0 0.0 0.0
0.0 0.0 0.0
0.0 0.0 0.0
0.0 0.0 0.0
0.0 0.0 0.0
0.0 0.0 0.0
0.0 0.0 0.0
0.0 0.0 0.0
0.0 0.0 0.0
0.0 0.0 0.0
0.0 0.0 0.0
0.0 0.0 0.0
0.0 0.0 0.0
0.0 0.0 0.0
0.0 0.0 0.0
0.0 0.0 0.0
0.0 0.0 0.0
0.0 0.0 0.0
0.0 0.0 0.0
0.0 0.0 0.0
0.0 0.0 0.0
0.0 0.0 0.0
0.0 0.0 0.0
0.0 0.0 0.0
0.0 0.0 0.0
0.0 0.0 0.0
0.0 0.0 0.0
0.0 0.0 0.0
0.0 0.0 0.0
0.0 0.0 0.0
0.0 0.0 0.0
0.0 0.0 0.0
0.0 0.0 0.0
0.0 0.0 0.0
0.0 0.0 0.0
0.0 0.0 0.0
0.0 0.0 0.0
0.0 0.0 0.0
0.0 0.0 0.0
0.0 0.0 0.0
0.0 0.0 0.0
0.0 0.0 0.0
0.0 0.0 0.0
0.0 0.0 0.0
0.0 0.0 0.0
0.0 0.0 0.0
0.0 0.0 0.0
0.0 0.0 0.0
0.0 0.0 0.0
0.0 0.0 0.0
0.0 0.0 0.0
0.0 0.0 0.0
0.0 0.0 0.0
0.0 0.0 0.0
0.0 0.0 0.0
0.0 0.0 0.0
0.0 0.0 0.0
0.0 0.0 0.0
0.0 0.0 0.0
0.0 0.0 0.0
0.0 0.0 0.0
0.0 0.0 0.0
0.0 0.0 0.0
0.0 0.0 0.0
0.0 0.0 0.0
0.0 0.0 0.0
0.0 0.0 0.0
0.0 0.0 0.0
0.0 0.0 0.0
0.0 0.0 0.0
0.0 0.0 0.0
0.0 0.0 0.0
0.0 0.0 0.0
0.0 0.0 0.0
0.0 0.0 0.0
0.0 0.0 0.0
0.0 0.0 0.0
0.0 0.0 0.0
0.0 0.0 0.0
0.0 0.0 0.0
0.0 0.0 0.0
0.0 0.0 0.0
0.0 0.0 0.0
0.0 0.0 0.0
0.0 0.0 0.0
0.0 0.0 0.0
0.0 0.0 0.0
0.0 0.0 0.0
0.0 0.0 0.0
0.0 0.0 0.0
0.0 0.0 0.0
0.0 0.0 0.0
0.0 0.0 0.0
0.0 0.0 0.0
0.0 0.0 0.0
0.0 0.0 0.0
0.0 0.0 0.0
0.0 0.0 0.0
0.0 0.0 0.0
0.0 0.0 0.0
0.0 0.0 0.0
0.0 0.0 0.0
0.0 0.0 0.0
0.0 0.0 0.0
0.0 0.0 0.0
0.0 0.0 0.0
0.0 0.0 0.0
0.0 0.0 0.0
0.0 0.0 0.0
0.0 0.0 0.0
0.0 0.0 0.0
0.0 0.0 0.0
0.0 0.0 0.0
0.0 0.0 0.0
0.0 0.0 0.0
0.0 0.0 0.0
0.0 0.0 0.0
0.0 0.0 0.0
0.0 0.0 0.0
0.0 0.0 0.0
0.0 0.0 0.0
0.0 0.0 0.0
0.0 0.0 0.0
0.0 0.0 0.0
0.0 0.0 0.0
0.0 0.0 0.0
0.0 0.0 0.0
0.0 0.0 0.0
0.0 0.0 0.0
0.0 0.0 0.0
0.0 0.0 0.0
0.0 0.0 0.0
0.0 0.0 0.0
0.0 0.0 0.0
0.0 0.0 0.0
0.0 0.0 0.0
0.0 0.0 0.0
0.0 0.0 0.0
0.0 0.0 0.0
0.0 0.0 0.0
0.0 0.0 0.0
0.0 0.0 0.0
0.0 0.0 0.0
0.0 0.0 0.0
0.0 0.0 0.0
0.0 0.0 0.0
0.0 0.0 0.0
0.0 0.0 0.0
0.0 0.0 0.0
0.0 0.0 0.0
0.0 0.0 0.0
0.0 0.0 0.0
0.0 0.0 0.0
0.0 0.0 0.0
0.0 0.0 0.0
0.0 0.0 0.0
0.0 0.0 0.0
0.0 0.0 0.0
0.0 0.0 0.0
-13.26356029510498 26.433340072631836 -3.155038595199585
0.0 0.0 0.0
0.0 0.0 0.0
0.0 0.0 0.0
0.0 0.0 0.0
0.0 0.0 0.0
0.0 0.0 0.0
0.0 0.0 0.0
0.0 0.0 0.0
0.0 0.0 0.0
0.0 0.0 0.0
0.0 0.0 0.0
0.0 0.0 0.0
0.0 0.0 0.0
0.0 0.0 0.0
-9.218268394470215 24.464813232421875 -3.454122304916382
0.0 0.0 0.0
0.0 0.0 0.0
-8.616841316223145 24.41226577758789 -3.5370914936065674
0.0 0.0 0.0
0.0 0.0 0.0
0.0 0.0 0.0
0.0 0.0 0.0
0.0 0.0 0.0
0.0 0.0 0.0
0.0 0.0 0.0
0.0 0.0 0.0
-6.6660542488098145 23.494583129882812 -3.6378366947174072
0.0 0.0 0.0
0.0 0.0 0.0
-6.066266059875488 23.216203689575195 -3.6617019176483154
0.0 0.0 0.0
-5.760791778564453 23.384428024291992 -3.732548236846924
-5.50883150100708 23.052217483520508 -3.6994216442108154
-5.29347562789917 22.8531551361084 -3.6863811016082764
-5.1645917892456055 23.02501678466797 -3.7332990169525146
-5.001830577850342 23.049055099487305 -3.756518840789795
-4.820845603942871 23.000871658325195 -3.767836093902588
-4.596388339996338 22.716787338256836 -3.7376067638397217
-4.440554618835449 22.760005950927734 -3.761178970336914
-4.262088298797607 22.684701919555664 -3.76530385017395
-4.090551853179932 22.638351440429688 -3.7742717266082764
-3.948472261428833 22.7737979888916 -3.811943769454956
-3.764737844467163 22.6495304107666 -3.805048704147339
-3.578871250152588 22.49717903137207 -3.793405771255493
-3.431018114089966 22.579557418823242 -3.82147216796875
-3.2688543796539307 22.569522857666016 -3.833641767501831
-3.093564748764038 22.459552764892578 -3.8261001110076904
-2.9342458248138428 22.478410720825195 -3.840822458267212
-2.7826919555664062 22.537883758544922 -3.8625001907348633
-2.6308958530426025 22.60013771057129 -3.884887933731079
-2.4636645317077637 22.52773666381836 -3.882291555404663
-2.301292657852173 22.488798141479492 -3.8841795921325684
-2.1438302993774414 22.525596618652344 -3.8994972705841064
-1.9785431623458862 22.44218635559082 -3.893996238708496
-1.8202507495880127 22.430500030517578 -3.9010112285614014
-1.6685644388198853 22.502702713012695 -3.9193873405456543
-1.50487220287323 22.408761978149414 -3.909003734588623
-1.3398939371109009 22.31378173828125 -3.898679733276367
-1.19284188747406 22.474929809570312 -3.9331984519958496
-1.032726764678955 22.400888442993164 -3.9252231121063232
-0.881125271320343 22.518280029296875 -3.9490604400634766
-0.719158411026001 22.361600875854492 -3.9250168800354004
-0.56080162525177 22.36536979675293 -3.9293649196624756
-0.40529075264930725 22.367977142333984 -3.9336345195770264
-0.24979878962039948 22.377714157104492 -3.9363224506378174
-0.09451904892921448 22.509557723999023 -3.9602103233337402
0.06204302981495857 22.509517669677734 -3.961089611053467
0.218824103474617 22.53146743774414 -3.966031551361084
0.3789406716823578 22.571685791015625 -3.973386287689209
0.5334466099739075 22.46512794494629 -3.9524545669555664
0.6903853416442871 22.484413146972656 -3.953861951828003
0.8461698293685913 22.464155197143555 -3.948507070541382
1.0066810846328735 22.55428123474121 -3.9627394676208496
1.1629681587219238 22.482154846191406 -3.946218967437744
1.327335000038147 22.612865447998047 -3.9644453525543213
1.4892171621322632 22.673255920410156 -3.970487356185913
1.6441943645477295 22.62502670288086 -3.957693576812744
1.8058879375457764 22.66786003112793 -3.9606869220733643
1.9784839153289795 22.794206619262695 -3.9751174449920654
2.137089252471924 22.781543731689453 -3.9655919075012207
2.2963860034942627 22.775432586669922 -3.957396984100342
2.4558827877044678 22.768186569213867 -3.949183702468872
2.632786512374878 22.91311264038086 -3.9657723903656006
2.779794692993164 22.7700138092041 -3.930921792984009
2.9629499912261963 22.9432430267334 -3.9510304927825928
3.1498754024505615 23.12265968322754 -3.972219467163086
3.3234143257141113 23.190073013305664 -3.9742519855499268
3.4860999584198 23.17672348022461 -3.9594483375549316
3.6511378288269043 23.177465438842773 -3.947098731994629
3.82851505279541 23.233638763427734 -3.9441161155700684
4.006701469421387 23.304088592529297 -3.943868398666382
4.205873012542725 23.48339080810547 -3.960705518722534
4.363987445831299 23.426490783691406 -3.9358444213867188
4.568558692932129 23.61067008972168 -3.951545000076294
4.738509178161621 23.59233856201172 -3.933145761489868
4.9352827072143555 23.716772079467773 -3.9389095306396484
5.118121147155762 23.76460075378418 -3.929272413253784
5.305115222930908 23.8261661529541 -3.9216322898864746
5.499455451965332 23.912561416625977 -3.918090343475342
5.686702728271484 23.947965621948242 -3.9059269428253174
5.887936115264893 24.05028533935547 -3.9039463996887207
6.09581184387207 24.16990852355957 -3.902961015701294
6.31709098815918 24.332700729370117 -3.908857822418213
6.528981685638428 24.448856353759766 -3.9071543216705322
6.726644515991211 24.491697311401367 -3.8933396339416504
6.952149391174316 24.642044067382812 -3.8943943977355957
7.17839241027832 24.782955169677734 -3.893529176712036
7.296689510345459 24.551673889160156 -3.8344058990478516
7.582186698913574 24.87795639038086 -3.8623764514923096
7.7685747146606445 24.857789993286133 -3.8345797061920166
7.999537944793701 24.984437942504883 -3.828371286392212
0.0 0.0 0.0
8.519362449645996 25.38574981689453 -3.8378260135650635
8.709797859191895 25.36713218688965 -3.8088860511779785
0.0 0.0 0.0
9.227225303649902 25.692596435546875 -3.8000199794769287
0.0 0.0 0.0
9.712971687316895 25.90457534790039 -3.7738869190216064
0.0 0.0 0.0
10.305363655090332 26.365070343017578 -3.778333902359009
10.49073314666748 26.289499282836914 -3.7354865074157715
10.84619140625 26.640655517578125 -3.75350284576416
0.0 0.0 0.0
11.425069808959961 26.983057022094727 -3.733443260192871
11.679247856140137 27.057619094848633 -3.7089145183563232
11.9337158203125 27.117910385131836 -3.681623935699463
0.0 0.0 0.0
0.0 0.0 0.0
0.0 0.0 0.0
13.214455604553223 27.897329330444336 -3.6345279216766357
0.0 0.0 0.0
0.0 0.0 0.0
14.291232109069824 28.602079391479492 -3.6003639698028564
0.0 0.0 0.0
0.0 0.0 0.0
0.0 0.0 0.0
15.758012771606445 29.4495906829834 -3.5244550704956055
0.0 0.0 0.0
0.0 0.0 0.0
0.0 0.0 0.0
0.0 0.0 0.0
0.0 0.0 0.0
0.0 0.0 0.0
0.0 0.0 0.0
0.0 0.0 0.0
0.0 0.0 0.0
0.0 0.0 0.0
0.0 0.0 0.0
0.0 0.0 0.0
0.0 0.0 0.0
0.0 0.0 0.0
0.0 0.0 0.0
0.0 0.0 0.0
0.0 0.0 0.0
0.0 0.0 0.0
0.0 0.0 0.0
0.0 0.0 0.0
0.0 0.0 0.0
0.0 0.0 0.0
0.0 0.0 0.0
0.0 0.0 0.0
0.0 0.0 0.0
0.0 0.0 0.0
0.0 0.0 0.0
0.0 0.0 0.0
0.0 0.0 0.0
0.0 0.0 0.0
0.0 0.0 0.0
0.0 0.0 0.0
0.0 0.0 0.0
0.0 0.0 0.0
0.0 0.0 0.0
0.0 0.0 0.0
0.0 0.0 0.0
0.0 0.0 0.0
0.0 0.0 0.0
0.0 0.0 0.0
0.0 0.0 0.0
0.0 0.0 0.0
0.0 0.0 0.0
0.0 0.0 0.0
0.0 0.0 0.0
0.0 0.0 0.0
0.0 0.0 0.0
0.0 0.0 0.0
0.0 0.0 0.0
0.0 0.0 0.0
0.0 0.0 0.0
0.0 0.0 0.0
0.0 0.0 0.0
0.0 0.0 0.0
0.0 0.0 0.0
0.0 0.0 0.0
0.0 0.0 0.0
0.0 0.0 0.0
0.0 0.0 0.0
0.0 0.0 0.0
0.0 0.0 0.0
0.0 0.0 0.0
0.0 0.0 0.0
0.0 0.0 0.0
0.0 0.0 0.0
0.0 0.0 0.0
0.0 0.0 0.0
0.0 0.0 0.0
0.0 0.0 0.0
0.0 0.0 0.0
0.0 0.0 0.0
0.0 0.0 0.0
0.0 0.0 0.0
0.0 0.0 0.0
0.0 0.0 0.0
0.0 0.0 0.0
0.0 0.0 0.0
0.0 0.0 0.0
0.0 0.0 0.0
0.0 0.0 0.0
0.0 0.0 0.0
0.0 0.0 0.0
0.0 0.0 0.0
0.0 0.0 0.0
0.0 0.0 0.0
0.0 0.0 0.0
0.0 0.0 0.0
0.0 0.0 0.0
0.0 0.0 0.0
0.0 0.0 0.0
0.0 0.0 0.0
0.0 0.0 0.0
0.0 0.0 0.0
0.0 0.0 0.0
0.0 0.0 0.0
0.0 0.0 0.0
0.0 0.0 0.0
0.0 0.0 0.0
0.0 0.0 0.0
0.0 0.0 0.0
0.0 0.0 0.0
0.0 0.0 0.0
0.0 0.0 0.0
0.0 0.0 0.0
0.0 0.0 0.0
0.0 0.0 0.0
0.0 0.0 0.0
0.0 0.0 0.0
0.0 0.0 0.0
0.0 0.0 0.0
0.0 0.0 0.0
0.0 0.0 0.0
0.0 0.0 0.0
0.0 0.0 0.0
0.0 0.0 0.0
0.0 0.0 0.0
0.0 0.0 0.0
0.0 0.0 0.0
0.0 0.0 0.0
0.0 0.0 0.0
0.0 0.0 0.0
0.0 0.0 0.0
0.0 0.0 0.0
0.0 0.0 0.0
0.0 0.0 0.0
0.0 0.0 0.0
0.0 0.0 0.0
0.0 0.0 0.0
0.0 0.0 0.0
0.0 0.0 0.0
0.0 0.0 0.0
0.0 0.0 0.0
0.0 0.0 0.0
0.0 0.0 0.0
0.0 0.0 0.0
0.0 0.0 0.0
0.0 0.0 0.0
0.0 0.0 0.0
0.0 0.0 0.0
0.0 0.0 0.0
0.0 0.0 0.0
0.0 0.0 0.0
0.0 0.0 0.0
0.0 0.0 0.0
0.0 0.0 0.0
0.0 0.0 0.0
0.0 0.0 0.0
0.0 0.0 0.0
0.0 0.0 0.0
0.0 0.0 0.0
0.0 0.0 0.0
0.0 0.0 0.0
0.0 0.0 0.0
0.0 0.0 0.0
0.0 0.0 0.0
0.0 0.0 0.0
0.0 0.0 0.0
0.0 0.0 0.0
0.0 0.0 0.0
0.0 0.0 0.0
0.0 0.0 0.0
0.0 0.0 0.0
0.0 0.0 0.0
0.0 0.0 0.0
0.0 0.0 0.0
0.0 0.0 0.0
0.0 0.0 0.0
0.0 0.0 0.0
0.0 0.0 0.0
0.0 0.0 0.0
0.0 0.0 0.0
0.0 0.0 0.0
0.0 0.0 0.0
0.0 0.0 0.0
0.0 0.0 0.0
0.0 0.0 0.0
0.0 0.0 0.0
0.0 0.0 0.0
0.0 0.0 0.0
0.0 0.0 0.0
0.0 0.0 0.0
0.0 0.0 0.0
0.0 0.0 0.0
0.0 0.0 0.0
0.0 0.0 0.0
0.0 0.0 0.0
0.0 0.0 0.0
0.0 0.0 0.0
0.0 0.0 0.0
0.0 0.0 0.0
0.0 0.0 0.0
0.0 0.0 0.0
0.0 0.0 0.0
0.0 0.0 0.0
0.0 0.0 0.0
0.0 0.0 0.0
0.0 0.0 0.0
0.0 0.0 0.0
0.0 0.0 0.0
0.0 0.0 0.0
0.0 0.0 0.0
0.0 0.0 0.0
0.0 0.0 0.0
0.0 0.0 0.0
0.0 0.0 0.0
0.0 0.0 0.0
0.0 0.0 0.0
-19.816251754760742 29.759138107299805 -2.4908127784729004
0.0 0.0 0.0
0.0 0.0 0.0
0.0 0.0 0.0
0.0 0.0 0.0
-18.190187454223633 29.508197784423828 -2.801220417022705
0.0 0.0 0.0
0.0 0.0 0.0
0.0 0.0 0.0
0.0 0.0 0.0
0.0 0.0 0.0
0.0 0.0 0.0
0.0 0.0 0.0
0.0 0.0 0.0
0.0 0.0 0.0
0.0 0.0 0.0
0.0 0.0 0.0
0.0 0.0 0.0
0.0 0.0 0.0
0.0 0.0 0.0
0.0 0.0 0.0
-12.275656700134277 26.0333251953125 -3.210951566696167
0.0 0.0 0.0
0.0 0.0 0.0
0.0 0.0 0.0
0.0 0.0 0.0
0.0 0.0 0.0
0.0 0.0 0.0
0.0 0.0 0.0
0.0 0.0 0.0
0.0 0.0 0.0
0.0 0.0 0.0
0.0 0.0 0.0
-9.11181640625 24.442577362060547 -3.4172167778015137
-8.939656257629395 24.500730514526367 -3.455273389816284
0.0 0.0 0.0
0.0 0.0 0.0
0.0 0.0 0.0
0.0 0.0 0.0
0.0 0.0 0.0
0.0 0.0 0.0
0.0 0.0 0.0
0.0 0.0 0.0
0.0 0.0 0.0
0.0 0.0 0.0
-6.600445747375488 23.571033477783203 -3.60780930519104
-6.411459922790527 23.526687622070312 -3.62300705909729
0.0 0.0 0.0
-6.065542697906494 23.557571411132812 -3.6724486351013184
0.0 0.0 0.0
-5.644080638885498 23.256725311279297 -3.665865421295166
-5.4681806564331055 23.23529052734375 -3.681851863861084
-5.277920722961426 23.160432815551758 -3.6897661685943604
-5.100216865539551 23.12118148803711 -3.7030320167541504
-4.953681945800781 23.224422454833984 -3.7368059158325195
-4.711775779724121 22.869516372680664 -3.696418285369873
-4.592586040496826 23.102691650390625 -3.751112461090088
-4.3890838623046875 22.926591873168945 -3.7398459911346436
-4.218155860900879 22.896484375 -3.7510361671447754
-4.045354843139648 22.85021209716797 -3.7576794624328613
-3.8927738666534424 22.916683197021484 -3.7830276489257812
-3.738840103149414 22.978302001953125 -3.8078103065490723
-3.540631055831909 22.77643394470215 -3.7892465591430664
-3.351045846939087 22.592111587524414 -3.7705636024475098
-3.2100746631622314 22.730735778808594 -3.8052866458892822
-3.0432558059692383 22.688953399658203 -3.8100228309631348
-2.882211685180664 22.684160232543945 -3.8210973739624023
-2.7091541290283203 22.57892608642578 -3.814628839492798
-2.5629966259002686 22.718021392822266 -3.847288131713867
-2.4035656452178955 22.721824645996094 -3.857113838195801
-2.2377703189849854 22.65934944152832 -3.8558387756347656
-2.0807011127471924 22.680049896240234 -3.8688759803771973
-1.9190102815628052 22.65015983581543 -3.871232748031616
-1.7548859119415283 22.615657806396484 -3.8718984127044678
-1.601653814315796 22.687349319458008 -3.890827178955078
-1.4369990825653076 22.59276580810547 -3.881416082382202
-1.2815603017807007 22.635421752929688 -3.8955063819885254
-1.1183279752731323 22.52758026123047 -3.880640745162964
-0.9583617448806763 22.5263729095459 -3.8843843936920166
-0.8056033253669739 22.643198013305664 -3.908618450164795
-0.6497242450714111 22.70510482788086 -3.9235928058624268
-0.4905552268028259 22.654611587524414 -3.917686700820923
-0.33207419514656067 22.591764450073242 -3.908003807067871
-0.17300428450107574 22.71257781982422 -3.930311679840088
-0.01506290677934885 22.66676139831543 -3.9239542484283447
0.14271706342697144 22.69682502746582 -3.930922508239746
0.30040886998176575 22.687822341918945 -3.9282305240631104
0.45606622099876404 22.57389259338379 -3.9071264266967773
0.6174960136413574 22.735933303833008 -3.933976888656616
0.7766327261924744 22.67745018005371 -3.922837257385254
0.9403080344200134 22.81426429748535 -3.9447274208068848
1.0993791818618774 22.815753936767578 -3.940887451171875
1.2562135457992554 22.777708053588867 -3.930417776107788
1.417290210723877 22.81157112121582 -3.9325404167175293
1.5853718519210815 22.89788818359375 -3.943815231323242
1.7452987432479858 22.89527130126953 -3.9376277923583984
1.9140108823776245 22.995311737060547 -3.9481239318847656
2.0725955963134766 22.967578887939453 -3.9368534088134766
2.230886697769165 22.938745498657227 -3.9255940914154053
2.407381772994995 23.05797576904297 -3.939413547515869
2.5742480754852295 23.100114822387695 -3.9372341632843018
2.74245548248291 23.144853591918945 -3.9356305599212646
2.8929905891418457 23.043155670166016 -3.9093360900878906
3.0935802459716797 23.32615852355957 -3.948404550552368
3.250699281692505 23.248802185058594 -3.9247188568115234
3.4201114177703857 23.277711868286133 -3.917659282684326
3.6080846786499023 23.42348289489746 -3.930361747741699
3.792734384536743 23.533538818359375 -3.9371109008789062
3.966296434402466 23.566152572631836 -3.9310014247894287
4.127958297729492 23.52579116821289 -3.910036563873291
4.3164520263671875 23.616594314575195 -3.910534381866455
4.50054407119751 23.6912841796875 -3.9086833000183105
4.683089733123779 23.749393463134766 -3.904158115386963
4.879465579986572 23.870607376098633 -3.908851385116577
5.061225414276123 23.911264419555664 -3.898437976837158
5.244344234466553 23.93864631652832 -3.885650396347046
5.43528938293457 24.010406494140625 -3.8804476261138916
5.631877899169922 24.099464416503906 -3.8780696392059326
5.802088260650635 24.071001052856445 -3.8543128967285156
6.034572124481201 24.292381286621094 -3.8701558113098145
6.195202350616455 24.204256057739258 -3.8363404273986816
6.451179027557373 24.492923736572266 -3.862563371658325
6.599030017852783 24.365724563598633 -3.8221819400787354
6.809033393859863 24.464744567871094 -3.815716505050659
7.0885009765625 24.799827575683594 -3.8458149433135986
7.246620178222656 24.690217971801758 -3.8064680099487305
7.55775260925293 25.102155685424805 -3.8477354049682617
7.716115951538086 24.998151779174805 -3.8072731494903564
0.0 0.0 0.0
8.200560569763184 25.312936782836914 -3.8054842948913574
0.0 0.0 0.0
0.0 0.0 0.0
8.895914077758789 25.613122940063477 -3.7711150646209717
9.199792861938477 25.905405044555664 -3.7863290309906006
9.467450141906738 26.08191680908203 -3.7841475009918213
9.62723445892334 25.958568572998047 -3.7380459308624268
9.911787033081055 26.155311584472656 -3.735504627227783
10.21442699432373 26.39750862121582 -3.7395293712615967
0.0 0.0 0.0
10.679438591003418 26.495805740356445 -3.6921534538269043
10.960587501525879 26.659151077270508 -3.681992292404175
11.234818458557129 26.786273956298828 -3.6656854152679443
11.61775016784668 27.168807983398438 -3.6842901706695557
11.859416007995605 27.209766387939453 -3.6560428142547607
12.246824264526367 27.575002670288086 -3.6690776348114014
0.0 0.0 0.0
0.0 0.0 0.0
0.0 0.0 0.0
0.0 0.0 0.0
13.857422828674316 28.479267120361328 -3.59428334236145
14.211338996887207 28.696977615356445 -3.580634593963623
0.0 0.0 0.0
15.00750732421875 29.265779495239258 -3.5650718212127686
0.0 0.0 0.0
0.0 0.0 0.0
0.0 0.0 0.0
0.0 0.0 0.0
0.0 0.0 0.0
0.0 0.0 0.0
0.0 0.0 0.0
0.0 0.0 0.0
0.0 0.0 0.0
0.0 0.0 0.0
0.0 0.0 0.0
20.49767303466797 32.88127136230469 -3.338866710662842
0.0 0.0 0.0
0.0 0.0 0.0
0.0 0.0 0.0
0.0 0.0 0.0
0.0 0.0 0.0
0.0 0.0 0.0
0.0 0.0 0.0
0.0 0.0 0.0
0.0 0.0 0.0
0.0 0.0 0.0
0.0 0.0 0.0
0.0 0.0 0.0
0.0 0.0 0.0
0.0 0.0 0.0
0.0 0.0 0.0
0.0 0.0 0.0
0.0 0.0 0.0
0.0 0.0 0.0
0.0 0.0 0.0
0.0 0.0 0.0
0.0 0.0 0.0
0.0 0.0 0.0
0.0 0.0 0.0
0.0 0.0 0.0
0.0 0.0 0.0
0.0 0.0 0.0
0.0 0.0 0.0
0.0 0.0 0.0
0.0 0.0 0.0
0.0 0.0 0.0
0.0 0.0 0.0
0.0 0.0 0.0
0.0 0.0 0.0
0.0 0.0 0.0
0.0 0.0 0.0
0.0 0.0 0.0
0.0 0.0 0.0
0.0 0.0 0.0
0.0 0.0 0.0
0.0 0.0 0.0
0.0 0.0 0.0
0.0 0.0 0.0
0.0 0.0 0.0
0.0 0.0 0.0
0.0 0.0 0.0
0.0 0.0 0.0
0.0 0.0 0.0
0.0 0.0 0.0
0.0 0.0 0.0
0.0 0.0 0.0
0.0 0.0 0.0
0.0 0.0 0.0
0.0 0.0 0.0
0.0 0.0 0.0
0.0 0.0 0.0
0.0 0.0 0.0
0.0 0.0 0.0
0.0 0.0 0.0
0.0 0.0 0.0
0.0 0.0 0.0
0.0 0.0 0.0
0.0 0.0 0.0
0.0 0.0 0.0
0.0 0.0 0.0
0.0 0.0 0.0
0.0 0.0 0.0
0.0 0.0 0.0
0.0 0.0 0.0
0.0 0.0 0.0
0.0 0.0 0.0
0.0 0.0 0.0
0.0 0.0 0.0
0.0 0.0 0.0
0.0 0.0 0.0
0.0 0.0 0.0
0.0 0.0 0.0
0.0 0.0 0.0
0.0 0.0 0.0
0.0 0.0 0.0
0.0 0.0 0.0
0.0 0.0 0.0
0.0 0.0 0.0
0.0 0.0 0.0
0.0 0.0 0.0
0.0 0.0 0.0
0.0 0.0 0.0
0.0 0.0 0.0
0.0 0.0 0.0
0.0 0.0 0.0
0.0 0.0 0.0
0.0 0.0 0.0
0.0 0.0 0.0
0.0 0.0 0.0
0.0 0.0 0.0
0.0 0.0 0.0
0.0 0.0 0.0
0.0 0.0 0.0
0.0 0.0 0.0
0.0 0.0 0.0
0.0 0.0 0.0
0.0 0.0 0.0
0.0 0.0 0.0
0.0 0.0 0.0
0.0 0.0 0.0
0.0 0.0 0.0
0.0 0.0 0.0
0.0 0.0 0.0
0.0 0.0 0.0
0.0 0.0 0.0
0.0 0.0 0.0
0.0 0.0 0.0
0.0 0.0 0.0
0.0 0.0 0.0
0.0 0.0 0.0
0.0 0.0 0.0
0.0 0.0 0.0
0.0 0.0 0.0
0.0 0.0 0.0
0.0 0.0 0.0
0.0 0.0 0.0
0.0 0.0 0.0
0.0 0.0 0.0
0.0 0.0 0.0
0.0 0.0 0.0
0.0 0.0 0.0
0.0 0.0 0.0
0.0 0.0 0.0
0.0 0.0 0.0
0.0 0.0 0.0
0.0 0.0 0.0
0.0 0.0 0.0
0.0 0.0 0.0
0.0 0.0 0.0
0.0 0.0 0.0
0.0 0.0 0.0
0.0 0.0 0.0
0.0 0.0 0.0
0.0 0.0 0.0
0.0 0.0 0.0
0.0 0.0 0.0
0.0 0.0 0.0
0.0 0.0 0.0
0.0 0.0 0.0
0.0 0.0 0.0
0.0 0.0 0.0
0.0 0.0 0.0
0.0 0.0 0.0
0.0 0.0 0.0
0.0 0.0 0.0
0.0 0.0 0.0
0.0 0.0 0.0
0.0 0.0 0.0
0.0 0.0 0.0
0.0 0.0 0.0
0.0 0.0 0.0
0.0 0.0 0.0
0.0 0.0 0.0
0.0 0.0 0.0
0.0 0.0 0.0
0.0 0.0 0.0
0.0 0.0 0.0
0.0 0.0 0.0
0.0 0.0 0.0
0.0 0.0 0.0
0.0 0.0 0.0
0.0 0.0 0.0
0.0 0.0 0.0
0.0 0.0 0.0
0.0 0.0 0.0
0.0 0.0 0.0
0.0 0.0 0.0
0.0 0.0 0.0
0.0 0.0 0.0
0.0 0.0 0.0
0.0 0.0 0.0
0.0 0.0 0.0
0.0 0.0 0.0
0.0 0.0 0.0
0.0 0.0 0.0
0.0 0.0 0.0
0.0 0.0 0.0
0.0 0.0 0.0
0.0 0.0 0.0
0.0 0.0 0.0
0.0 0.0 0.0
0.0 0.0 0.0
0.0 0.0 0.0
0.0 0.0 0.0
0.0 0.0 0.0
0.0 0.0 0.0
0.0 0.0 0.0
0.0 0.0 0.0
0.0 0.0 0.0
0.0 0.0 0.0
0.0 0.0 0.0
0.0 0.0 0.0
0.0 0.0 0.0
0.0 0.0 0.0
0.0 0.0 0.0
0.0 0.0 0.0
0.0 0.0 0.0
0.0 0.0 0.0
0.0 0.0 0.0
0.0 0.0 0.0
0.0 0.0 0.0
0.0 0.0 0.0
0.0 0.0 0.0
0.0 0.0 0.0
0.0 0.0 0.0
0.0 0.0 0.0
0.0 0.0 0.0
0.0 0.0 0.0
0.0 0.0 0.0
0.0 0.0 0.0
0.0 0.0 0.0
0.0 0.0 0.0
0.0 0.0 0.0
0.0 0.0 0.0
0.0 0.0 0.0
-11.935620307922363 26.007888793945312 -3.2234535217285156
0.0 0.0 0.0
0.0 0.0 0.0
0.0 0.0 0.0
0.0 0.0 0.0
0.0 0.0 0.0
0.0 0.0 0.0
0.0 0.0 0.0
0.0 0.0 0.0
0.0 0.0 0.0
0.0 0.0 0.0
0.0 0.0 0.0
0.0 0.0 0.0
0.0 0.0 0.0
0.0 0.0 0.0
0.0 0.0 0.0
0.0 0.0 0.0
-7.800037384033203 24.23657989501953 -3.521125316619873
-7.56744909286499 24.086618423461914 -3.5242245197296143
0.0 0.0 0.0
-7.129469394683838 23.847408294677734 -3.5387492179870605
0.0 0.0 0.0
0.0 0.0 0.0
-6.613224983215332 23.942367553710938 -3.621697187423706
0.0 0.0 0.0
0.0 0.0 0.0
-6.012747287750244 23.685068130493164 -3.647162675857544
-5.78228759765625 23.471893310546875 -3.6343870162963867
-5.618053913116455 23.507797241210938 -3.659811496734619
0.0 0.0 0.0
-5.252314567565918 23.41437530517578 -3.683709144592285
-5.066998481750488 23.348936080932617 -3.690680742263794
-4.861080169677734 23.191917419433594 -3.683439016342163
0.0 0.0 0.0
-4.516086101531982 23.148351669311523 -3.7113847732543945
-4.327828407287598 23.035978317260742 -3.707929849624634
0.0 0.0 0.0
-3.964214324951172 22.864206314086914 -3.7098464965820312
-3.8178329467773438 22.968158721923828 -3.741661310195923
-3.6724605560302734 23.086627960205078 -3.7746875286102295
-3.5055129528045654 23.070964813232422 -3.7843291759490967
-3.311882495880127 22.867128372192383 -3.763148546218872
-3.1724722385406494 23.032182693481445 -3.8028016090393066
-2.9918460845947266 22.921518325805664 -3.797370433807373
-2.830112934112549 22.924375534057617 -3.8077473640441895
-2.678678035736084 23.01418685913086 -3.8324594497680664
-2.500761032104492 22.86928939819336 -3.8182215690612793
-2.3495161533355713 22.964563369750977 -3.844245672225952
-2.1658904552459717 22.760051727294922 -3.8192806243896484
-2.0011191368103027 22.70400047302246 -3.816697835922241
-1.8455162048339844 22.746585845947266 -3.830862283706665
-1.6899865865707397 22.7957763671875 -3.8463473320007324
-1.5400545597076416 22.936134338378906 -3.8774547576904297
-1.3670117855072021 22.768447875976562 -3.8543636798858643
-1.2059910297393799 22.726442337036133 -3.8515684604644775
-1.0500484704971313 22.783340454101562 -3.865726947784424
-0.894157886505127 22.854543685913086 -3.8825185298919678
-0.7357057929039001 22.874685287475586 -3.8905601501464844
-0.5707288980484009 22.75955581665039 -3.872744560241699
-0.41424500942230225 22.858816146850586 -3.8915646076202393
-0.25450462102890015 22.80297088623047 -3.8841724395751953
-0.09626356512308121 22.869234085083008 -3.897766351699829
0.06263552606105804 22.77294158935547 -3.8821988105773926
0.22188733518123627 22.868383407592773 -3.897637367248535
0.38386812806129456 22.85870361328125 -3.8953330516815186
0.5454279184341431 22.9672908782959 -3.9133830070495605
0.7037369012832642 22.913068771362305 -3.903879165649414
0.8650158047676086 22.95829200744629 -3.9085848331451416
1.0260875225067139 22.98322868347168 -3.909520149230957
1.1937096118927002 23.072284698486328 -3.921480894088745
1.353114128112793 23.04878807067871 -3.9145498275756836
1.5118862390518188 23.016630172729492 -3.9055089950561523
0.0 0.0 0.0
1.841536521911621 23.114988327026367 -3.910330295562744
2.0004708766937256 23.048969268798828 -3.893423318862915
2.177015781402588 23.20838165283203 -3.9148571491241455
2.3492865562438965 23.301651000976562 -3.9231231212615967
2.5157809257507324 23.32487678527832 -3.918496608734131
2.682084560394287 23.34310531616211 -3.913203716278076
2.858582019805908 23.417211532592773 -3.917282819747925
3.013859510421753 23.337444305419922 -3.8958027362823486
3.195491075515747 23.4595890045166 -3.905007839202881
3.360565662384033 23.450592041015625 -3.8924875259399414
3.557204246520996 23.650087356567383 -3.914656639099121
3.7093894481658936 23.547149658203125 -3.8868889808654785
3.9050354957580566 23.69794273376465 -3.899484395980835
4.088140964508057 23.77562713623047 -3.8984763622283936
4.255329608917236 23.757038116455078 -3.8818247318267822
4.438704013824463 23.824478149414062 -3.8793606758117676
4.626887798309326 23.90945816040039 -3.87982439994812
4.808846950531006 23.939878463745117 -3.8686962127685547
5.017593860626221 24.10930824279785 -3.8799936771392822
5.139552593231201 23.862022399902344 -3.824425220489502
5.415369510650635 24.318613052368164 -3.8816587924957275
5.586671829223633 24.291311264038086 -3.86051607131958
0.0 0.0 0.0
5.997447490692139 24.499187469482422 -3.855835199356079
6.1995415687561035 24.58414077758789 -3.850660800933838
6.404272079467773 24.67116928100586 -3.8457894325256348
6.628409385681152 24.824106216430664 -3.8487257957458496
6.8308563232421875 24.87373924255371 -3.834723711013794
7.02911376953125 24.915111541748047 -3.8198659420013428
7.213223457336426 24.9029483795166 -3.796886444091797
7.474257946014404 25.14902687072754 -3.812246561050415
7.6763715744018555 25.18573570251465 -3.794093608856201
7.913632392883301 25.31960105895996 -3.790090560913086
8.108739852905273 25.323392868041992 -3.7669992446899414
0.0 0.0 0.0
8.583340644836426 25.576419830322266 -3.7545998096466064
8.866842269897461 25.82439613342285 -3.764449119567871
9.142683029174805 26.03685188293457 -3.7687156200408936
9.327018737792969 25.972450256347656 -3.732356548309326
9.656753540039062 26.315195083618164 -3.7532336711883545
9.924493789672852 26.4732723236084 -3.746198892593384
10.110639572143555 26.408201217651367 -3.707493543624878
10.420241355895996 26.65934944152832 -3.713043451309204
10.720939636230469 26.866966247558594 -3.7108166217803955
10.982503890991211 26.976186752319336 -3.693617105484009
0.0 0.0 0.0
11.474337577819824 27.09819221496582 -3.6454200744628906
11.805595397949219 27.350229263305664 -3.6463780403137207
0.0 0.0 0.0
0.0 0.0 0.0
0.0 0.0 0.0
0.0 0.0 0.0
13.457940101623535 28.412784576416016 -3.601919651031494
13.914401054382324 28.84640121459961 -3.6163113117218018
14.090169906616211 28.698190689086914 -3.5579657554626465
14.512481689453125 29.045652389526367 -3.5607547760009766
14.830788612365723 29.174543380737305 -3.5336108207702637
15.214583396911621 29.4208984375 -3.5198895931243896
0.0 0.0 0.0
0.0 0.0 0.0
0.0 0.0 0.0
0.0 0.0 0.0
0.0 0.0 0.0
0.0 0.0 0.0
18.184921264648438 31.314838409423828 -3.3979458808898926
0.0 0.0 0.0
0.0 0.0 0.0
0.0 0.0 0.0
0.0 0.0 0.0
0.0 0.0 0.0
0.0 0.0 0.0
0.0 0.0 0.0
0.0 0.0 0.0
0.0 0.0 0.0
0.0 0.0 0.0
0.0 0.0 0.0
0.0 0.0 0.0
0.0 0.0 0.0
0.0 0.0 0.0
0.0 0.0 0.0
0.0 0.0 0.0
0.0 0.0 0.0
0.0 0.0 0.0
0.0 0.0 0.0
0.0 0.0 0.0
0.0 0.0 0.0
0.0 0.0 0.0
0.0 0.0 0.0
0.0 0.0 0.0
0.0 0.0 0.0
0.0 0.0 0.0
0.0 0.0 0.0
0.0 0.0 0.0
0.0 0.0 0.0
0.0 0.0 0.0
0.0 0.0 0.0
0.0 0.0 0.0
0.0 0.0 0.0
0.0 0.0 0.0
0.0 0.0 0.0
0.0 0.0 0.0
0.0 0.0 0.0
0.0 0.0 0.0
0.0 0.0 0.0
0.0 0.0 0.0
0.0 0.0 0.0
0.0 0.0 0.0
0.0 0.0 0.0
0.0 0.0 0.0
0.0 0.0 0.0
0.0 0.0 0.0
0.0 0.0 0.0
0.0 0.0 0.0
0.0 0.0 0.0
0.0 0.0 0.0
0.0 0.0 0.0
0.0 0.0 0.0
0.0 0.0 0.0
0.0 0.0 0.0
0.0 0.0 0.0
0.0 0.0 0.0
0.0 0.0 0.0
0.0 0.0 0.0
0.0 0.0 0.0
0.0 0.0 0.0
0.0 0.0 0.0
0.0 0.0 0.0
0.0 0.0 0.0
0.0 0.0 0.0
0.0 0.0 0.0
0.0 0.0 0.0
0.0 0.0 0.0
0.0 0.0 0.0
0.0 0.0 0.0
0.0 0.0 0.0
0.0 0.0 0.0
0.0 0.0 0.0
0.0 0.0 0.0
0.0 0.0 0.0
0.0 0.0 0.0
0.0 0.0 0.0
0.0 0.0 0.0
0.0 0.0 0.0
0.0 0.0 0.0
0.0 0.0 0.0
0.0 0.0 0.0
0.0 0.0 0.0
0.0 0.0 0.0
0.0 0.0 0.0
0.0 0.0 0.0
0.0 0.0 0.0
0.0 0.0 0.0
0.0 0.0 0.0
0.0 0.0 0.0
0.0 0.0 0.0
0.0 0.0 0.0
0.0 0.0 0.0
0.0 0.0 0.0
0.0 0.0 0.0
0.0 0.0 0.0
0.0 0.0 0.0
0.0 0.0 0.0
0.0 0.0 0.0
0.0 0.0 0.0
0.0 0.0 0.0
0.0 0.0 0.0
0.0 0.0 0.0
0.0 0.0 0.0
0.0 0.0 0.0
0.0 0.0 0.0
0.0 0.0 0.0
0.0 0.0 0.0
0.0 0.0 0.0
0.0 0.0 0.0
0.0 0.0 0.0
0.0 0.0 0.0
0.0 0.0 0.0
0.0 0.0 0.0
0.0 0.0 0.0
0.0 0.0 0.0
0.0 0.0 0.0
0.0 0.0 0.0
0.0 0.0 0.0
0.0 0.0 0.0
0.0 0.0 0.0
0.0 0.0 0.0
0.0 0.0 0.0
0.0 0.0 0.0
0.0 0.0 0.0
0.0 0.0 0.0
0.0 0.0 0.0
0.0 0.0 0.0
0.0 0.0 0.0
0.0 0.0 0.0
0.0 0.0 0.0
0.0 0.0 0.0
0.0 0.0 0.0
0.0 0.0 0.0
0.0 0.0 0.0
0.0 0.0 0.0
0.0 0.0 0.0
0.0 0.0 0.0
0.0 0.0 0.0
0.0 0.0 0.0
0.0 0.0 0.0
0.0 0.0 0.0
0.0 0.0 0.0
0.0 0.0 0.0
0.0 0.0 0.0
0.0 0.0 0.0
0.0 0.0 0.0
0.0 0.0 0.0
0.0 0.0 0.0
0.0 0.0 0.0
0.0 0.0 0.0
0.0 0.0 0.0
0.0 0.0 0.0
0.0 0.0 0.0
0.0 0.0 0.0
0.0 0.0 0.0
0.0 0.0 0.0
0.0 0.0 0.0
0.0 0.0 0.0
0.0 0.0 0.0
0.0 0.0 0.0
0.0 0.0 0.0
0.0 0.0 0.0
0.0 0.0 0.0
0.0 0.0 0.0
0.0 0.0 0.0
0.0 0.0 0.0
0.0 0.0 0.0
0.0 0.0 0.0
0.0 0.0 0.0
0.0 0.0 0.0
0.0 0.0 0.0
0.0 0.0 0.0
0.0 0.0 0.0
0.0 0.0 0.0
0.0 0.0 0.0
0.0 0.0 0.0
0.0 0.0 0.0
0.0 0.0 0.0
0.0 0.0 0.0
0.0 0.0 0.0
0.0 0.0 0.0
0.0 0.0 0.0
0.0 0.0 0.0
0.0 0.0 0.0
0.0 0.0 0.0
0.0 0.0 0.0
0.0 0.0 0.0
0.0 0.0 0.0
0.0 0.0 0.0
0.0 0.0 0.0
0.0 0.0 0.0
0.0 0.0 0.0
0.0 0.0 0.0
0.0 0.0 0.0
0.0 0.0 0.0
0.0 0.0 0.0
0.0 0.0 0.0
0.0 0.0 0.0
0.0 0.0 0.0
0.0 0.0 0.0
0.0 0.0 0.0
0.0 0.0 0.0
0.0 0.0 0.0
0.0 0.0 0.0
0.0 0.0 0.0
0.0 0.0 0.0
0.0 0.0 0.0
0.0 0.0 0.0
0.0 0.0 0.0
0.0 0.0 0.0
0.0 0.0 0.0
-16.247589111328125 28.0738468170166 -2.8172671794891357
0.0 0.0 0.0
0.0 0.0 0.0
0.0 0.0 0.0
0.0 0.0 0.0
0.0 0.0 0.0
0.0 0.0 0.0
-13.825286865234375 26.846479415893555 -3.017982244491577
0.0 0.0 0.0
-13.385695457458496 26.908966064453125 -3.109250545501709
0.0 0.0 0.0
0.0 0.0 0.0
0.0 0.0 0.0
0.0 0.0 0.0
0.0 0.0 0.0
0.0 0.0 0.0
0.0 0.0 0.0
0.0 0.0 0.0
0.0 0.0 0.0
0.0 0.0 0.0
0.0 0.0 0.0
0.0 0.0 0.0
0.0 0.0 0.0
0.0 0.0 0.0
0.0 0.0 0.0
0.0 0.0 0.0
0.0 0.0 0.0
0.0 0.0 0.0
0.0 0.0 0.0
-8.125178337097168 24.364532470703125 -3.4481358528137207
0.0 0.0 0.0
0.0 0.0 0.0
-7.492461204528809 24.131555557250977 -3.48992657661438
-7.2852582931518555 24.064958572387695 -3.505455732345581
0.0 0.0 0.0
0.0 0.0 0.0
-6.695779800415039 23.909622192382812 -3.55033016204834
-6.502633094787598 23.8583984375 -3.5653343200683594
0.0 0.0 0.0
-6.138669490814209 23.838836669921875 -3.6036930084228516
-5.899533271789551 23.588590621948242 -3.585820198059082
-5.776294231414795 23.798093795776367 -3.637913942337036
-5.5740132331848145 23.68367576599121 -3.6401619911193848
-5.396969795227051 23.681428909301758 -3.657733678817749
-5.212048530578613 23.62830352783203 -3.667253255844116
-5.021068096160889 23.53973388671875 -3.6712746620178223
-4.826121807098389 23.42319679260254 -3.6709110736846924
-4.6584930419921875 23.434194564819336 -3.6885406970977783
-4.463318347930908 23.31574249267578 -3.685173988342285
-4.295399188995361 23.316699981689453 -3.700474500656128
-4.118937015533447 23.267045974731445 -3.7078561782836914
-3.949082136154175 23.25038719177246 -3.720200538635254
-3.7930853366851807 23.312808990478516 -3.74269962310791
-3.6021921634674072 23.172527313232422 -3.732987403869629
-3.4353041648864746 23.16012954711914 -3.743748664855957
-3.2673304080963135 23.13504981994629 -3.7525830268859863
-3.0971570014953613 23.089946746826172 -3.7565088272094727
-2.949256420135498 23.212133407592773 -3.7864065170288086
-2.782991647720337 23.191682815551758 -3.793236494064331
-2.59842848777771 23.032440185546875 -3.7776575088500977
-2.441289186477661 23.078510284423828 -3.7956700325012207
-2.272402763366699 23.01275634765625 -3.7924325466156006
-2.1138718128204346 23.04558563232422 -3.8054659366607666
-1.9559696912765503 23.088838577270508 -3.8204216957092285
-1.7861253023147583 23.019756317138672 -3.8170974254608154
-1.6352262496948242 23.164743423461914 -3.848132610321045
-1.4627610445022583 22.997573852539062 -3.8252248764038086
-1.300358772277832 22.967655181884766 -3.825291633605957
-1.142449975013733 23.013553619384766 -3.838165760040283
-0.9786953330039978 23.004575729370117 -3.8421804904937744
-0.8187019228935242 23.010143280029297 -3.8462629318237305
-0.6575279235839844 22.976234436035156 -3.8430140018463135
-0.49611443281173706 22.90653419494629 -3.8339521884918213
-0.3385339379310608 23.028316497802734 -3.857130765914917
-0.17558199167251587 23.056615829467773 -3.864572525024414
-0.015335403382778168 23.038036346435547 -3.8612232208251953
0.14541220664978027 23.110803604125977 -3.8733701705932617
0.3052830398082733 23.0399112701416 -3.8616268634796143
0.4665098190307617 23.083471298217773 -3.869253635406494
0.6284577250480652 23.137712478637695 -3.8773181438446045
0.7919076085090637 23.125572204589844 -3.872530221939087
0.9576512575149536 23.239412307739258 -3.8890633583068848
1.1183441877365112 23.20966911315918 -3.881742000579834
1.2791190147399902 23.190364837646484 -3.8763608932495117
1.4409778118133545 23.19349479675293 -3.8720498085021973
1.6068952083587646 23.206926345825195 -3.8689260482788086
1.7823786735534668 23.380762100219727 -3.8927836418151855
1.938302993774414 23.288291931152344 -3.872469425201416
2.1088974475860596 23.371458053588867 -3.8808839321136475
2.2823710441589355 23.469133377075195 -3.88920521736145
2.4547410011291504 23.511577606201172 -3.888364791870117
2.6111278533935547 23.430471420288086 -3.8674263954162598
2.7941734790802 23.58184051513672 -3.885016441345215
2.952665090560913 23.51788330078125 -3.865370035171509
3.1340363025665283 23.632732391357422 -3.873948097229004
3.3137943744659424 23.699993133544922 -3.874631881713867
3.485069751739502 23.720495223999023 -3.867980480194092
3.677340507507324 23.8731689453125 -3.882979393005371
3.843031883239746 23.84587860107422 -3.865571975708008
4.020230770111084 23.885875701904297 -3.859189748764038
4.200647830963135 23.939786911010742 -3.8551812171936035
4.392716884613037 24.033588409423828 -3.857447385787964
4.574599266052246 24.08111000061035 -3.8514018058776855
4.74415922164917 24.059328079223633 -3.832698345184326
4.981663227081299 24.36912727355957 -3.866785764694214
5.13338041305542 24.250070571899414 -3.832853078842163
5.343769550323486 24.38966178894043 -3.8396637439727783
5.501753330230713 24.302663803100586 -3.808623790740967
5.752179145812988 24.613256454467773 -3.839437961578369
5.931174278259277 24.60618019104004 -3.820613384246826
6.124118804931641 24.654071807861328 -3.8104467391967773
6.3710551261901855 24.894487380981445 -3.828693151473999
6.565806865692139 24.931842803955078 -3.8140816688537598
6.784621715545654 25.05348777770996 -3.812354326248169
6.94865083694458 24.968446731567383 -3.7792391777038574
7.216794490814209 25.25034523010254 -3.801642894744873
7.392144203186035 25.187969207763672 -3.7693498134613037
7.664292335510254 25.45850372314453 -3.7867465019226074
7.882401466369629 25.538040161132812 -3.7755136489868164
8.103157043457031 25.619461059570312 -3.7645084857940674
0.0 0.0 0.0
8.51540756225586 25.67434310913086 -3.723165512084961
8.799599647521973 25.91455841064453 -3.731971263885498
9.050128936767578 26.054378509521484 -3.726461410522461
9.281972885131836 26.13373374938965 -3.7120845317840576
9.57837963104248 26.386306762695312 -3.719722270965576
0.0 0.0 0.0
10.096150398254395 26.642620086669922 -3.6984241008758545
10.405752182006836 26.89434242248535 -3.704695224761963
10.69510555267334 27.08207893371582 -3.699985980987549
10.948987007141113 27.169946670532227 -3.6806278228759766
11.272201538085938 27.420589447021484 -3.6829798221588135
0.0 0.0 0.0
11.748046875 27.476245880126953 -3.6253678798675537
12.041779518127441 27.629850387573242 -3.6112728118896484
12.438993453979492 28.00760841369629 -3.625795602798462
12.809885025024414 28.31064224243164 -3.6298105716705322
0.0 0.0 0.0
0.0 0.0 0.0
0.0 0.0 0.0
0.0 0.0 0.0
0.0 0.0 0.0
0.0 0.0 0.0
15.05617904663086 29.360923767089844 -3.4841558933258057
0.0 0.0 0.0
0.0 0.0 0.0
0.0 0.0 0.0
0.0 0.0 0.0
0.0 0.0 0.0
0.0 0.0 0.0
0.0 0.0 0.0
0.0 0.0 0.0
0.0 0.0 0.0
0.0 0.0 0.0
0.0 0.0 0.0
0.0 0.0 0.0
0.0 0.0 0.0
0.0 0.0 0.0
0.0 0.0 0.0
0.0 0.0 0.0
0.0 0.0 0.0
0.0 0.0 0.0
0.0 0.0 0.0
0.0 0.0 0.0
0.0 0.0 0.0
0.0 0.0 0.0
0.0 0.0 0.0
0.0 0.0 0.0
0.0 0.0 0.0
0.0 0.0 0.0
0.0 0.0 0.0
0.0 0.0 0.0
0.0 0.0 0.0
0.0 0.0 0.0
0.0 0.0 0.0
0.0 0.0 0.0
0.0 0.0 0.0
0.0 0.0 0.0
0.0 0.0 0.0
0.0 0.0 0.0
0.0 0.0 0.0
0.0 0.0 0.0
0.0 0.0 0.0
0.0 0.0 0.0
0.0 0.0 0.0
0.0 0.0 0.0
0.0 0.0 0.0
0.0 0.0 0.0
0.0 0.0 0.0
0.0 0.0 0.0
0.0 0.0 0.0
0.0 0.0 0.0
0.0 0.0 0.0
0.0 0.0 0.0
0.0 0.0 0.0
0.0 0.0 0.0
0.0 0.0 0.0
0.0 0.0 0.0
0.0 0.0 0.0
0.0 0.0 0.0
0.0 0.0 0.0
0.0 0.0 0.0
0.0 0.0 0.0
0.0 0.0 0.0
0.0 0.0 0.0
0.0 0.0 0.0
0.0 0.0 0.0
0.0 0.0 0.0
0.0 0.0 0.0
0.0 0.0 0.0
0.0 0.0 0.0
0.0 0.0 0.0
0.0 0.0 0.0
0.0 0.0 0.0
0.0 0.0 0.0
0.0 0.0 0.0
0.0 0.0 0.0
0.0 0.0 0.0
0.0 0.0 0.0
0.0 0.0 0.0
0.0 0.0 0.0
0.0 0.0 0.0
0.0 0.0 0.0
0.0 0.0 0.0
0.0 0.0 0.0
0.0 0.0 0.0
0.0 0.0 0.0
0.0 0.0 0.0
0.0 0.0 0.0
0.0 0.0 0.0
0.0 0.0 0.0
0.0 0.0 0.0
0.0 0.0 0.0
0.0 0.0 0.0
0.0 0.0 0.0
0.0 0.0 0.0
0.0 0.0 0.0
0.0 0.0 0.0
0.0 0.0 0.0
0.0 0.0 0.0
0.0 0.0 0.0
0.0 0.0 0.0
0.0 0.0 0.0
0.0 0.0 0.0
0.0 0.0 0.0
0.0 0.0 0.0
0.0 0.0 0.0
0.0 0.0 0.0
0.0 0.0 0.0
0.0 0.0 0.0
0.0 0.0 0.0
0.0 0.0 0.0
0.0 0.0 0.0
0.0 0.0 0.0
0.0 0.0 0.0
0.0 0.0 0.0
0.0 0.0 0.0
0.0 0.0 0.0
0.0 0.0 0.0
0.0 0.0 0.0
0.0 0.0 0.0
0.0 0.0 0.0
0.0 0.0 0.0
0.0 0.0 0.0
0.0 0.0 0.0
0.0 0.0 0.0
0.0 0.0 0.0
0.0 0.0 0.0
0.0 0.0 0.0
0.0 0.0 0.0
0.0 0.0 0.0
0.0 0.0 0.0
0.0 0.0 0.0
0.0 0.0 0.0
0.0 0.0 0.0
0.0 0.0 0.0
0.0 0.0 0.0
0.0 0.0 0.0
0.0 0.0 0.0
0.0 0.0 0.0
0.0 0.0 0.0
0.0 0.0 0.0
0.0 0.0 0.0
0.0 0.0 0.0
0.0 0.0 0.0
0.0 0.0 0.0
0.0 0.0 0.0
0.0 0.0 0.0
0.0 0.0 0.0
0.0 0.0 0.0
0.0 0.0 0.0
0.0 0.0 0.0
0.0 0.0 0.0
0.0 0.0 0.0
0.0 0.0 0.0
0.0 0.0 0.0
0.0 0.0 0.0
0.0 0.0 0.0
0.0 0.0 0.0
0.0 0.0 0.0
0.0 0.0 0.0
0.0 0.0 0.0
0.0 0.0 0.0
0.0 0.0 0.0
0.0 0.0 0.0
0.0 0.0 0.0
0.0 0.0 0.0
0.0 0.0 0.0
0.0 0.0 0.0
0.0 0.0 0.0
0.0 0.0 0.0
0.0 0.0 0.0
0.0 0.0 0.0
0.0 0.0 0.0
0.0 0.0 0.0
0.0 0.0 0.0
0.0 0.0 0.0
0.0 0.0 0.0
0.0 0.0 0.0
0.0 0.0 0.0
0.0 0.0 0.0
0.0 0.0 0.0
0.0 0.0 0.0
0.0 0.0 0.0
0.0 0.0 0.0
0.0 0.0 0.0
0.0 0.0 0.0
0.0 0.0 0.0
0.0 0.0 0.0
0.0 0.0 0.0
0.0 0.0 0.0
0.0 0.0 0.0
0.0 0.0 0.0
0.0 0.0 0.0
0.0 0.0 0.0
0.0 0.0 0.0
0.0 0.0 0.0
0.0 0.0 0.0
0.0 0.0 0.0
0.0 0.0 0.0
0.0 0.0 0.0
0.0 0.0 0.0
0.0 0.0 0.0
0.0 0.0 0.0
0.0 0.0 0.0
0.0 0.0 0.0
0.0 0.0 0.0
0.0 0.0 0.0
0.0 0.0 0.0
0.0 0.0 0.0
0.0 0.0 0.0
0.0 0.0 0.0
0.0 0.0 0.0
0.0 0.0 0.0
0.0 0.0 0.0
0.0 0.0 0.0
0.0 0.0 0.0
0.0 0.0 0.0
0.0 0.0 0.0
0.0 0.0 0.0
0.0 0.0 0.0
0.0 0.0 0.0
0.0 0.0 0.0
0.0 0.0 0.0
0.0 0.0 0.0
0.0 0.0 0.0
0.0 0.0 0.0
0.0 0.0 0.0
0.0 0.0 0.0
0.0 0.0 0.0
0.0 0.0 0.0
0.0 0.0 0.0
0.0 0.0 0.0
0.0 0.0 0.0
0.0 0.0 0.0
0.0 0.0 0.0
0.0 0.0 0.0
0.0 0.0 0.0
0.0 0.0 0.0
0.0 0.0 0.0
0.0 0.0 0.0
0.0 0.0 0.0
0.0 0.0 0.0
0.0 0.0 0.0
0.0 0.0 0.0
0.0 0.0 0.0
0.0 0.0 0.0
0.0 0.0 0.0
0.0 0.0 0.0
0.0 0.0 0.0
-8.325617790222168 24.67423439025879 -3.4277143478393555
0.0 0.0 0.0
-7.844797611236572 24.37499237060547 -3.4372379779815674
0.0 0.0 0.0
-7.4325737953186035 24.248098373413086 -3.4679362773895264
-7.2437005043029785 24.23229217529297 -3.488478183746338
-7.102834224700928 24.37851333618164 -3.5325779914855957
-6.847599983215332 24.137584686279297 -3.5209572315216064
0.0 0.0 0.0
0.0 0.0 0.0
-6.292330265045166 24.084474563598633 -3.5761170387268066
-6.089606761932373 23.989025115966797 -3.5824668407440186
0.0 0.0 0.0
-5.724371910095215 23.955963134765625 -3.6167821884155273
-5.492908477783203 23.717065811157227 -3.598623275756836
0.0 0.0 0.0
0.0 0.0 0.0
-4.956544876098633 23.650781631469727 -3.6420717239379883
-4.773700714111328 23.59463119506836 -3.648770809173584
-4.593546390533447 23.544641494750977 -3.6564738750457764
-4.41769552230835 23.512298583984375 -3.667020797729492
-4.247323036193848 23.505247116088867 -3.6816279888153076
-4.039309978485107 23.296205520629883 -3.6624927520751953
-3.9095959663391113 23.5191593170166 -3.710580587387085
-3.729062795639038 23.440265655517578 -3.7112786769866943
-3.5480799674987793 23.348569869995117 -3.710008144378662
-3.3861143589019775 23.377830505371094 -3.727423667907715
-3.2035863399505615 23.257259368896484 -3.71854305267334
-3.0613644123077393 23.453157424926758 -3.7606565952301025
-2.8798668384552 23.32624053955078 -3.751009941101074
-2.692073345184326 23.12901496887207 -3.7300853729248047
-2.5370125770568848 23.202857971191406 -3.7510180473327637
-2.3712158203125 23.176063537597656 -3.7545711994171143
-2.2222840785980225 23.351804733276367 -3.791311264038086
-2.049791097640991 23.25362205505371 -3.7836406230926514
-1.889063835144043 23.2810115814209 -3.796550989151001
-1.7115379571914673 23.084774017333984 -3.770000457763672
-1.554580807685852 23.14879035949707 -3.7860336303710938
-1.3963510990142822 23.25421714782715 -3.809169292449951
-1.2299240827560425 23.173635482788086 -3.8019158840179443
-1.0690529346466064 23.188331604003906 -3.8092682361602783
-0.9017199277877808 23.04435920715332 -3.7884624004364014
-0.7498243451118469 23.315265655517578 -3.836061477661133
-0.5828320384025574 23.246124267578125 -3.827981948852539
-0.42072057723999023 23.233562469482422 -3.8293373584747314
-0.2587132453918457 23.200990676879883 -3.825148105621338
-0.09751405566930771 23.20984649658203 -3.826961040496826
0.06432387232780457 23.34091567993164 -3.849113702774048
0.2249859869480133 23.16253089904785 -3.820418119430542
0.39107492566108704 23.287466049194336 -3.8417584896087646
0.5514878630638123 23.219120025634766 -3.8282902240753174
0.7160566449165344 23.315326690673828 -3.842134714126587
0.8804383277893066 23.364139556884766 -3.8483407497406006
1.0396710634231567 23.284727096557617 -3.833616018295288
1.210349440574646 23.39293098449707 -3.8486030101776123
1.3723843097686768 23.37335968017578 -3.8408875465393066
1.5387545824050903 23.421897888183594 -3.8445427417755127
1.713411569595337 23.573070526123047 -3.8651905059814453
1.877997875213623 23.56922721862793 -3.860578775405884
2.042764186859131 23.533689498901367 -3.8483128547668457
0.0 0.0 0.0
2.390756845474243 23.71314811706543 -3.8638486862182617
2.550842046737671 23.651416778564453 -3.847163438796997
2.72050404548645 23.680644989013672 -3.845038652420044
2.882758855819702 23.616886138916016 -3.824843168258667
3.072817325592041 23.79718017578125 -3.8444783687591553
3.25042724609375 23.86514663696289 -3.846038818359375
3.4140031337738037 23.824851989746094 -3.8303005695343018
3.6103270053863525 24.004968643188477 -3.8485336303710938
3.792788505554199 24.077007293701172 -3.847949981689453
3.971184730529785 24.097736358642578 -3.839077949523926
4.135382652282715 24.04913902282715 -3.819545030593872
4.367149829864502 24.37932777404785 -3.860196590423584
4.501706123352051 24.161514282226562 -3.811450481414795
4.702509880065918 24.299257278442383 -3.818739414215088
4.901541709899902 24.400787353515625 -3.820101022720337
5.121336460113525 24.607139587402344 -3.838090181350708
5.286325931549072 24.543787002563477 -3.8130695819854736
5.476973056793213 24.596416473388672 -3.8042685985565186
5.700643062591553 24.786876678466797 -3.8167567253112793
5.869522571563721 24.719179153442383 -3.789259672164917
6.054993152618408 24.733543395996094 -3.77480149269104
6.24003267288208 24.743091583251953 -3.7574892044067383
6.512055397033691 25.084257125854492 -3.789846658706665
6.6894073486328125 25.049421310424805 -3.7652790546417236
6.939375400543213 25.26603126525879 -3.7781379222869873
7.158742904663086 25.373517990112305 -3.7740747928619385
7.311472415924072 25.241621017456055 -3.7325828075408936
7.587220668792725 25.52774429321289 -3.752875328063965
7.858298301696777 25.781707763671875 -3.7680742740631104
0.0 0.0 0.0
8.332680702209473 26.023502349853516 -3.7566096782684326
0.0 0.0 0.0
0.0 0.0 0.0
9.00409984588623 26.22249984741211 -3.711629629135132
9.2245454788208 26.26958465576172 -3.692774534225464
9.544963836669922 26.58003807067871 -3.7087597846984863
0.0 0.0 0.0
10.05367660522461 26.820079803466797 -3.6875622272491455
10.283665657043457 26.866403579711914 -3.6664109230041504
10.593572616577148 27.109220504760742 -3.6692862510681152
10.933841705322266 27.405376434326172 -3.678252696990967
11.123319625854492 27.326021194458008 -3.637148380279541
11.43709945678711 27.546119689941406 -3.6357622146606445
0.0 0.0 0.0
0.0 0.0 0.0
12.296405792236328 27.942296981811523 -3.587247371673584
0.0 0.0 0.0
12.91411304473877 28.272109985351562 -3.560115337371826
13.345155715942383 28.68621063232422 -3.5754387378692627
0.0 0.0 0.0
0.0 0.0 0.0
14.243084907531738 29.010862350463867 -3.501739978790283
14.545907974243164 29.11410903930664 -3.4740312099456787
0.0 0.0 0.0
0.0 0.0 0.0
0.0 0.0 0.0
0.0 0.0 0.0
0.0 0.0 0.0
0.0 0.0 0.0
0.0 0.0 0.0
0.0 0.0 0.0
0.0 0.0 0.0
0.0 0.0 0.0
0.0 0.0 0.0
0.0 0.0 0.0
0.0 0.0 0.0
0.0 0.0 0.0
0.0 0.0 0.0
0.0 0.0 0.0
0.0 0.0 0.0
0.0 0.0 0.0
0.0 0.0 0.0
0.0 0.0 0.0
0.0 0.0 0.0
0.0 0.0 0.0
0.0 0.0 0.0
0.0 0.0 0.0
0.0 0.0 0.0
0.0 0.0 0.0
0.0 0.0 0.0
0.0 0.0 0.0
0.0 0.0 0.0
0.0 0.0 0.0
0.0 0.0 0.0
0.0 0.0 0.0
0.0 0.0 0.0
0.0 0.0 0.0
0.0 0.0 0.0
0.0 0.0 0.0
0.0 0.0 0.0
0.0 0.0 0.0
0.0 0.0 0.0
0.0 0.0 0.0
0.0 0.0 0.0
0.0 0.0 0.0
0.0 0.0 0.0
0.0 0.0 0.0
0.0 0.0 0.0
0.0 0.0 0.0
0.0 0.0 0.0
0.0 0.0 0.0
0.0 0.0 0.0
0.0 0.0 0.0
0.0 0.0 0.0
0.0 0.0 0.0
0.0 0.0 0.0
0.0 0.0 0.0
0.0 0.0 0.0
0.0 0.0 0.0
0.0 0.0 0.0
0.0 0.0 0.0
0.0 0.0 0.0
0.0 0.0 0.0
0.0 0.0 0.0
0.0 0.0 0.0
0.0 0.0 0.0
0.0 0.0 0.0
0.0 0.0 0.0
0.0 0.0 0.0
0.0 0.0 0.0
0.0 0.0 0.0
0.0 0.0 0.0
0.0 0.0 0.0
0.0 0.0 0.0
0.0 0.0 0.0
0.0 0.0 0.0
0.0 0.0 0.0
0.0 0.0 0.0
0.0 0.0 0.0
0.0 0.0 0.0
0.0 0.0 0.0
0.0 0.0 0.0
0.0 0.0 0.0
0.0 0.0 0.0
0.0 0.0 0.0
0.0 0.0 0.0
0.0 0.0 0.0
0.0 0.0 0.0
0.0 0.0 0.0
0.0 0.0 0.0
0.0 0.0 0.0
0.0 0.0 0.0
0.0 0.0 0.0
0.0 0.0 0.0
0.0 0.0 0.0
0.0 0.0 0.0
0.0 0.0 0.0
0.0 0.0 0.0
0.0 0.0 0.0
0.0 0.0 0.0
0.0 0.0 0.0
0.0 0.0 0.0
0.0 0.0 0.0
0.0 0.0 0.0
0.0 0.0 0.0
0.0 0.0 0.0
0.0 0.0 0.0
0.0 0.0 0.0
0.0 0.0 0.0
0.0 0.0 0.0
0.0 0.0 0.0
0.0 0.0 0.0
0.0 0.0 0.0
0.0 0.0 0.0
0.0 0.0 0.0
0.0 0.0 0.0
0.0 0.0 0.0
0.0 0.0 0.0
0.0 0.0 0.0
0.0 0.0 0.0
0.0 0.0 0.0
0.0 0.0 0.0
0.0 0.0 0.0
0.0 0.0 0.0
0.0 0.0 0.0
0.0 0.0 0.0
0.0 0.0 0.0
0.0 0.0 0.0
0.0 0.0 0.0
0.0 0.0 0.0
0.0 0.0 0.0
0.0 0.0 0.0
0.0 0.0 0.0
0.0 0.0 0.0
0.0 0.0 0.0
0.0 0.0 0.0
0.0 0.0 0.0
0.0 0.0 0.0
0.0 0.0 0.0
0.0 0.0 0.0
0.0 0.0 0.0
0.0 0.0 0.0
0.0 0.0 0.0
0.0 0.0 0.0
0.0 0.0 0.0
0.0 0.0 0.0
0.0 0.0 0.0
0.0 0.0 0.0
0.0 0.0 0.0
0.0 0.0 0.0
0.0 0.0 0.0
0.0 0.0 0.0
0.0 0.0 0.0
0.0 0.0 0.0
0.0 0.0 0.0
0.0 0.0 0.0
0.0 0.0 0.0
0.0 0.0 0.0
0.0 0.0 0.0
0.0 0.0 0.0
0.0 0.0 0.0
0.0 0.0 0.0
0.0 0.0 0.0
0.0 0.0 0.0
0.0 0.0 0.0
0.0 0.0 0.0
0.0 0.0 0.0
0.0 0.0 0.0
0.0 0.0 0.0
0.0 0.0 0.0
0.0 0.0 0.0
0.0 0.0 0.0
0.0 0.0 0.0
0.0 0.0 0.0
0.0 0.0 0.0
0.0 0.0 0.0
0.0 0.0 0.0
0.0 0.0 0.0
0.0 0.0 0.0
0.0 0.0 0.0
0.0 0.0 0.0
0.0 0.0 0.0
0.0 0.0 0.0
0.0 0.0 0.0
0.0 0.0 0.0
0.0 0.0 0.0
0.0 0.0 0.0
0.0 0.0 0.0
0.0 0.0 0.0
0.0 0.0 0.0
0.0 0.0 0.0
0.0 0.0 0.0
0.0 0.0 0.0
0.0 0.0 0.0
0.0 0.0 0.0
0.0 0.0 0.0
0.0 0.0 0.0
0.0 0.0 0.0
0.0 0.0 0.0
0.0 0.0 0.0
0.0 0.0 0.0
0.0 0.0 0.0
0.0 0.0 0.0
0.0 0.0 0.0
0.0 0.0 0.0
0.0 0.0 0.0
0.0 0.0 0.0
0.0 0.0 0.0
0.0 0.0 0.0
0.0 0.0 0.0
0.0 0.0 0.0
0.0 0.0 0.0
0.0 0.0 0.0
0.0 0.0 0.0
0.0 0.0 0.0
0.0 0.0 0.0
0.0 0.0 0.0
0.0 0.0 0.0
0.0 0.0 0.0
0.0 0.0 0.0
0.0 0.0 0.0
0.0 0.0 0.0
0.0 0.0 0.0
0.0 0.0 0.0
0.0 0.0 0.0
0.0 0.0 0.0
0.0 0.0 0.0
-15.130541801452637 27.920377731323242 -2.9208106994628906
0.0 0.0 0.0
0.0 0.0 0.0
0.0 0.0 0.0
0.0 0.0 0.0
0.0 0.0 0.0
0.0 0.0 0.0
0.0 0.0 0.0
0.0 0.0 0.0
0.0 0.0 0.0
0.0 0.0 0.0
0.0 0.0 0.0
0.0 0.0 0.0
0.0 0.0 0.0
0.0 0.0 0.0
0.0 0.0 0.0
0.0 0.0 0.0
0.0 0.0 0.0
0.0 0.0 0.0
0.0 0.0 0.0
0.0 0.0 0.0
0.0 0.0 0.0
0.0 0.0 0.0
0.0 0.0 0.0
0.0 0.0 0.0
0.0 0.0 0.0
0.0 0.0 0.0
0.0 0.0 0.0
-7.60130500793457 24.485458374023438 -3.4342212677001953
0.0 0.0 0.0
0.0 0.0 0.0
-7.006161212921143 24.363853454589844 -3.4866108894348145
0.0 0.0 0.0
0.0 0.0 0.0
-6.3948750495910645 24.135665893554688 -3.5161707401275635
-6.219237327575684 24.14967155456543 -3.5390148162841797
-6.022546291351318 24.080190658569336 -3.548213243484497
-5.8485426902771 24.09564781188965 -3.5687530040740967
-5.601985454559326 23.80126190185547 -3.5433077812194824
-5.45905065536499 23.953792572021484 -3.5847411155700684
-5.287899494171143 23.972793579101562 -3.6060216426849365
-5.103332996368408 23.926654815673828 -3.6148762702941895
-4.95241117477417 24.038053512573242 -3.647709369659424
-4.732390403747559 23.807443618774414 -3.6286988258361816
-4.56946325302124 23.871444702148438 -3.6549150943756104
-4.339740753173828 23.557958602905273 -3.6215407848358154
-4.166323661804199 23.53558349609375 -3.6313071250915527
-4.049875736236572 23.84311866760254 -3.692268133163452
-3.8183441162109375 23.467918395996094 -3.647613763809204
-3.6712961196899414 23.617578506469727 -3.684797763824463
-3.471224308013916 23.403587341308594 -3.6624672412872314
0.0 0.0 0.0
0.0 0.0 0.0
-3.010573387145996 23.69401741027832 -3.741441011428833
-2.832893133163452 23.608840942382812 -3.7386257648468018
-2.6348087787628174 23.354286193847656 -3.7068073749542236
-2.474747896194458 23.397188186645508 -3.722158193588257
-2.3161120414733887 23.458179473876953 -3.7405946254730225
-2.14530873298645 23.391294479370117 -3.738798141479492
-1.9784133434295654 23.35809898376465 -3.7404680252075195
-1.8134596347808838 23.377939224243164 -3.7497000694274902
-1.6508187055587769 23.38872718811035 -3.7575535774230957
-1.4871362447738647 23.382984161376953 -3.762929916381836
-1.3233952522277832 23.372243881225586 -3.767674446105957
-1.1651479005813599 23.468717575073242 -3.7866766452789307
-0.9929065108299255 23.333053588867188 -3.768404960632324
-0.8331528306007385 23.4118709564209 -3.784883975982666
-0.6699231266975403 23.404783248901367 -3.787668466567993
-0.5055365562438965 23.338903427124023 -3.780038833618164
-0.34433165192604065 23.4302978515625 -3.795862913131714
-0.1780838966369629 23.374069213867188 -3.7879765033721924
-0.015352286398410797 23.389930725097656 -3.791935920715332
0.14846685528755188 23.54346466064453 -3.8184101581573486
0.31099534034729004 23.45330810546875 -3.803276777267456
0.4747224748134613 23.4740047454834 -3.805185079574585
0.6370950937271118 23.43959617614746 -3.7983474731445312
0.8062245845794678 23.53114891052246 -3.812084913253784
0.971289336681366 23.556095123291016 -3.8151907920837402
1.1393980979919434 23.6381893157959 -3.824404239654541
1.2957576513290405 23.48806381225586 -3.7962453365325928
1.471564769744873 23.67945671081543 -3.823455333709717
1.6322991847991943 23.573118209838867 -3.802703380584717
1.8019317388534546 23.63526153564453 -3.8082175254821777
1.9742597341537476 23.71959114074707 -3.8153486251831055
2.1528937816619873 23.85643768310547 -3.831038475036621
2.3204588890075684 23.85757827758789 -3.825078248977661
2.5130820274353027 24.068281173706055 -3.852738380432129
2.668962240219116 23.94839096069336 -3.8255743980407715
2.8419673442840576 23.984697341918945 -3.8226659297943115
3.011474609375 23.985280990600586 -3.814213514328003
3.165205478668213 23.866100311279297 -3.786937952041626
3.3380913734436035 23.8716983795166 -3.779276132583618
3.5407114028930664 24.098386764526367 -3.8038387298583984
3.7254929542541504 24.18610191345215 -3.8064818382263184
3.89508318901062 24.169523239135742 -3.7928404808044434
4.07679557800293 24.224082946777344 -3.7905068397521973
4.2788238525390625 24.38776397705078 -3.803980827331543
4.47063684463501 24.462175369262695 -3.8016204833984375
4.619156837463379 24.315526962280273 -3.7653210163116455
4.833644390106201 24.512819290161133 -3.782421827316284
5.058070659637451 24.742393493652344 -3.8044211864471436
5.222597599029541 24.67189598083496 -3.7778313159942627
5.428433895111084 24.77709197998047 -3.7775397300720215
5.626871109008789 24.854900360107422 -3.7733874320983887
5.816979885101318 24.889753341674805 -3.7627806663513184
6.013259410858154 24.945831298828125 -3.754652500152588
6.2303786277771 25.079402923583984 -3.75624680519104
6.429641246795654 25.120580673217773 -3.743687391281128
6.661474704742432 25.291738510131836 -3.7507591247558594
6.892776966094971 25.44976234436035 -3.755786180496216
7.074451923370361 25.41990852355957 -3.730916738510132
7.319189548492432 25.608152389526367 -3.737353563308716
7.549440860748291 25.72283935546875 -3.7325305938720703
7.736049652099609 25.695669174194336 -3.707533359527588
7.920092582702637 25.659908294677734 -3.680724859237671
0.0 0.0 0.0
8.43951416015625 26.048446655273438 -3.6891086101531982
8.690473556518555 26.198772430419922 -3.6867141723632812
8.948261260986328 26.349584579467773 -3.6838016510009766
9.169367790222168 26.39711570739746 -3.6646792888641357
0.0 0.0 0.0
9.762031555175781 26.890884399414062 -3.680345058441162
10.019166946411133 27.011821746826172 -3.670407772064209
10.211219787597656 26.944847106933594 -3.633216142654419
10.521575927734375 27.192176818847656 -3.637528657913208
10.757758140563965 27.238142013549805 -3.6145925521850586
11.09943962097168 27.541061401367188 -3.625410556793213
0.0 0.0 0.0
11.569112777709961 27.585046768188477 -3.5688185691833496
11.955208778381348 27.95774269104004 -3.584655523300171
0.0 0.0 0.0
0.0 0.0 0.0
0.0 0.0 0.0
0.0 0.0 0.0
0.0 0.0 0.0
0.0 0.0 0.0
14.338560104370117 29.464445114135742 -3.523925542831421
14.495098114013672 29.268089294433594 -3.461649179458618
0.0 0.0 0.0
0.0 0.0 0.0
0.0 0.0 0.0
0.0 0.0 0.0
0.0 0.0 0.0
0.0 0.0 0.0
0.0 0.0 0.0
17.773656845092773 31.357158660888672 -3.3479959964752197
0.0 0.0 0.0
0.0 0.0 0.0
0.0 0.0 0.0
0.0 0.0 0.0
0.0 0.0 0.0
0.0 0.0 0.0
0.0 0.0 0.0
0.0 0.0 0.0
0.0 0.0 0.0
0.0 0.0 0.0
0.0 0.0 0.0
0.0 0.0 0.0
0.0 0.0 0.0
0.0 0.0 0.0
0.0 0.0 0.0
0.0 0.0 0.0
0.0 0.0 0.0
0.0 0.0 0.0
0.0 0.0 0.0
0.0 0.0 0.0
0.0 0.0 0.0
0.0 0.0 0.0
0.0 0.0 0.0
0.0 0.0 0.0
0.0 0.0 0.0
0.0 0.0 0.0
0.0 0.0 0.0
0.0 0.0 0.0
0.0 0.0 0.0
0.0 0.0 0.0
0.0 0.0 0.0
0.0 0.0 0.0
0.0 0.0 0.0
0.0 0.0 0.0
0.0 0.0 0.0
0.0 0.0 0.0
0.0 0.0 0.0
0.0 0.0 0.0
0.0 0.0 0.0
0.0 0.0 0.0
0.0 0.0 0.0
0.0 0.0 0.0
0.0 0.0 0.0
0.0 0.0 0.0
0.0 0.0 0.0
0.0 0.0 0.0
0.0 0.0 0.0
0.0 0.0 0.0
0.0 0.0 0.0
0.0 0.0 0.0
0.0 0.0 0.0
0.0 0.0 0.0
0.0 0.0 0.0
0.0 0.0 0.0
0.0 0.0 0.0
0.0 0.0 0.0
0.0 0.0 0.0
0.0 0.0 0.0
0.0 0.0 0.0
0.0 0.0 0.0
0.0 0.0 0.0
0.0 0.0 0.0
0.0 0.0 0.0
0.0 0.0 0.0
0.0 0.0 0.0
0.0 0.0 0.0
0.0 0.0 0.0
0.0 0.0 0.0
0.0 0.0 0.0
0.0 0.0 0.0
0.0 0.0 0.0
0.0 0.0 0.0
0.0 0.0 0.0
0.0 0.0 0.0
0.0 0.0 0.0
0.0 0.0 0.0
0.0 0.0 0.0
0.0 0.0 0.0
0.0 0.0 0.0
0.0 0.0 0.0
0.0 0.0 0.0
0.0 0.0 0.0
0.0 0.0 0.0
0.0 0.0 0.0
0.0 0.0 0.0
0.0 0.0 0.0
0.0 0.0 0.0
0.0 0.0 0.0
0.0 0.0 0.0
0.0 0.0 0.0
0.0 0.0 0.0
0.0 0.0 0.0
0.0 0.0 0.0
0.0 0.0 0.0
0.0 0.0 0.0
0.0 0.0 0.0
0.0 0.0 0.0
0.0 0.0 0.0
0.0 0.0 0.0
0.0 0.0 0.0
0.0 0.0 0.0
0.0 0.0 0.0
0.0 0.0 0.0
0.0 0.0 0.0
0.0 0.0 0.0
0.0 0.0 0.0
0.0 0.0 0.0
0.0 0.0 0.0
0.0 0.0 0.0
0.0 0.0 0.0
0.0 0.0 0.0
0.0 0.0 0.0
0.0 0.0 0.0
0.0 0.0 0.0
0.0 0.0 0.0
0.0 0.0 0.0
0.0 0.0 0.0
0.0 0.0 0.0
0.0 0.0 0.0
0.0 0.0 0.0
0.0 0.0 0.0
0.0 0.0 0.0
0.0 0.0 0.0
0.0 0.0 0.0
0.0 0.0 0.0
0.0 0.0 0.0
0.0 0.0 0.0
0.0 0.0 0.0
0.0 0.0 0.0
0.0 0.0 0.0
0.0 0.0 0.0
0.0 0.0 0.0
0.0 0.0 0.0
0.0 0.0 0.0
0.0 0.0 0.0
0.0 0.0 0.0
0.0 0.0 0.0
0.0 0.0 0.0
0.0 0.0 0.0
0.0 0.0 0.0
0.0 0.0 0.0
0.0 0.0 0.0
0.0 0.0 0.0
0.0 0.0 0.0
0.0 0.0 0.0
0.0 0.0 0.0
0.0 0.0 0.0
0.0 0.0 0.0
0.0 0.0 0.0
0.0 0.0 0.0
0.0 0.0 0.0
0.0 0.0 0.0
0.0 0.0 0.0
0.0 0.0 0.0
0.0 0.0 0.0
0.0 0.0 0.0
0.0 0.0 0.0
0.0 0.0 0.0
0.0 0.0 0.0
0.0 0.0 0.0
0.0 0.0 0.0
0.0 0.0 0.0
0.0 0.0 0.0
0.0 0.0 0.0
0.0 0.0 0.0
0.0 0.0 0.0
0.0 0.0 0.0
0.0 0.0 0.0
0.0 0.0 0.0
0.0 0.0 0.0
0.0 0.0 0.0
0.0 0.0 0.0
0.0 0.0 0.0
0.0 0.0 0.0
0.0 0.0 0.0
0.0 0.0 0.0
0.0 0.0 0.0
0.0 0.0 0.0
0.0 0.0 0.0
0.0 0.0 0.0
0.0 0.0 0.0
0.0 0.0 0.0
0.0 0.0 0.0
0.0 0.0 0.0
0.0 0.0 0.0
0.0 0.0 0.0
0.0 0.0 0.0
0.0 0.0 0.0
0.0 0.0 0.0
0.0 0.0 0.0
0.0 0.0 0.0
0.0 0.0 0.0
0.0 0.0 0.0
0.0 0.0 0.0
0.0 0.0 0.0
0.0 0.0 0.0
0.0 0.0 0.0
0.0 0.0 0.0
0.0 0.0 0.0
0.0 0.0 0.0
0.0 0.0 0.0
0.0 0.0 0.0
0.0 0.0 0.0
0.0 0.0 0.0
0.0 0.0 0.0
-19.40900421142578 30.281953811645508 -2.5526626110076904
0.0 0.0 0.0
0.0 0.0 0.0
0.0 0.0 0.0
0.0 0.0 0.0
-17.325428009033203 29.234912872314453 -2.744669198989868
0.0 0.0 0.0
0.0 0.0 0.0
0.0 0.0 0.0
0.0 0.0 0.0
0.0 0.0 0.0
0.0 0.0 0.0
0.0 0.0 0.0
-14.253578186035156 27.43785858154297 -2.9386379718780518
0.0 0.0 0.0
0.0 0.0 0.0
0.0 0.0 0.0
0.0 0.0 0.0
0.0 0.0 0.0
0.0 0.0 0.0
0.0 0.0 0.0
0.0 0.0 0.0
0.0 0.0 0.0
0.0 0.0 0.0
0.0 0.0 0.0
0.0 0.0 0.0
0.0 0.0 0.0
0.0 0.0 0.0
-10.011080741882324 25.48769760131836 -3.239290237426758
0.0 0.0 0.0
0.0 0.0 0.0
0.0 0.0 0.0
0.0 0.0 0.0
0.0 0.0 0.0
-8.706596374511719 25.22199058532715 -3.3707826137542725
0.0 0.0 0.0
0.0 0.0 0.0
0.0 0.0 0.0
0.0 0.0 0.0
0.0 0.0 0.0
-7.379981517791748 24.687393188476562 -3.4446170330047607
0.0 0.0 0.0
0.0 0.0 0.0
0.0 0.0 0.0
0.0 0.0 0.0
-6.3886003494262695 24.451271057128906 -3.516847610473633
-6.195720672607422 24.405527114868164 -3.5289816856384277
-5.919278621673584 24.028486251831055 -3.493335247039795
-5.80612850189209 24.295185089111328 -3.550964117050171
-5.566303253173828 24.030256271362305 -3.5310275554656982
0.0 0.0 0.0
-5.23527193069458 24.125835418701172 -3.5783536434173584
-5.058606147766113 24.13657569885254 -3.5966644287109375
-4.847586154937744 23.95983123779297 -3.5867550373077393
-4.682778358459473 24.005237579345703 -3.60970401763916
-4.451653003692627 23.696626663208008 -3.5767574310302734
-4.311610698699951 23.865097045898438 -3.6158835887908936
-4.14079475402832 23.884719848632812 -3.632951021194458
0.0 0.0 0.0
-3.7581186294555664 23.6259708404541 -3.6198267936706543
-3.5958151817321777 23.66457176208496 -3.6369762420654297
-3.4492080211639404 23.812875747680664 -3.6712305545806885
-3.2622416019439697 23.681013107299805 -3.6624555587768555
-3.092223882675171 23.6859073638916 -3.6751456260681152
-2.912353038787842 23.586240768432617 -3.6687376499176025
-2.7536118030548096 23.653987884521484 -3.688300371170044
-2.585674285888672 23.643909454345703 -3.6959164142608643
-2.4323458671569824 23.770845413208008 -3.725152015686035
-2.2459828853607178 23.60133934020996 -3.7073988914489746
-2.0760817527770996 23.553524017333984 -3.7065064907073975
-1.9178776741027832 23.639118194580078 -3.7267911434173584
-1.7584891319274902 23.719770431518555 -3.7465109825134277
-1.591673493385315 23.706951141357422 -3.751671075820923
-1.4208518266677856 23.670333862304688 -3.751203775405884
-1.2538012266159058 23.63640594482422 -3.7499327659606934
-1.0835773944854736 23.516511917114258 -3.73516845703125
-0.9254432916641235 23.665254592895508 -3.7632627487182617
-0.7568645477294922 23.550729751586914 -3.749677896499634
-0.5952996015548706 23.755653381347656 -3.7839791774749756
-0.4260617792606354 23.542884826660156 -3.7517213821411133
-0.2625839114189148 23.560365676879883 -3.756321430206299
-0.09925578534603119 23.66543197631836 -3.775076389312744
0.06567822396755219 23.754064559936523 -3.7905287742614746
0.2288561910390854 23.55261993408203 -3.7574970722198486
0.39941275119781494 23.77427864074707 -3.7921366691589355
0.5653266310691833 23.790369033813477 -3.794177293777466
0.7282100319862366 23.705059051513672 -3.780231475830078
0.8933987617492676 23.707597732543945 -3.7785160541534424
1.0646350383758545 23.844079971313477 -3.7969799041748047
1.2337682247161865 23.844345092773438 -3.7938613891601562
1.3945822715759277 23.747276306152344 -3.7755024433135986
1.5718713998794556 23.922468185424805 -3.800605297088623
1.7225463390350342 23.696624755859375 -3.7590909004211426
1.9123220443725586 23.996797561645508 -3.8009209632873535
2.092777967453003 24.106901168823242 -3.812635660171509
2.2432873249053955 23.908540725708008 -3.7758560180664062
2.419865846633911 23.99735450744629 -3.783872365951538
2.5912015438079834 24.019933700561523 -3.779386043548584
2.763214111328125 24.04514503479004 -3.7754807472229004
2.9470558166503906 24.13776206970215 -3.7821578979492188
3.129591703414917 24.229310989379883 -3.788909435272217
3.3058743476867676 24.26628303527832 -3.785371780395508
3.486266613006592 24.3250675201416 -3.784148693084717
3.661318063735962 24.34052085876465 -3.776318311691284
3.8686001300811768 24.55687141418457 -3.7997238636016846
4.042520999908447 24.531028747558594 -3.785566806793213
4.229689121246338 24.600040435791016 -3.7832441329956055
4.423642158508301 24.698036193847656 -3.785362482070923
4.578131675720215 24.57427406311035 -3.7536606788635254
4.751657485961914 24.555728912353516 -3.7382569313049316
4.96690559387207 24.728748321533203 -3.7508323192596436
5.178980827331543 24.885631561279297 -3.7593302726745605
5.354426383972168 24.859432220458984 -3.7402336597442627
5.558319568634033 24.960254669189453 -3.740344762802124
5.784674167633057 25.149866104125977 -3.7537264823913574
5.976547718048096 25.168018341064453 -3.7389514446258545
6.201732635498047 25.331968307495117 -3.7455108165740967
6.386935234069824 25.325292587280273 -3.726858377456665
6.634739875793457 25.556785583496094 -3.7432034015655518
6.8058247566223145 25.4873104095459 -3.714902877807617
0.0 0.0 0.0
7.233789443969727 25.63836097717285 -3.6962969303131104
7.5014495849609375 25.895709991455078 -3.713245391845703
7.70799446105957 25.931739807128906 -3.698336601257324
0.0 0.0 0.0
0.0 0.0 0.0
8.442570686340332 26.365835189819336 -3.692315101623535
8.637613296508789 26.34349250793457 -3.666670560836792
8.878142356872559 26.455717086791992 -3.659014940261841
9.13619327545166 26.609928131103516 -3.655219554901123
9.392973899841309 26.750883102416992 -3.6493921279907227
9.702613830566406 27.01974868774414 -3.660247564315796
9.942425727844238 27.093942642211914 -3.6449129581451416
10.118179321289062 26.99228858947754 -3.603703260421753
10.477931022644043 27.370769500732422 -3.626103162765503
10.755967140197754 27.5217227935791 -3.6178536415100098
10.97242259979248 27.499610900878906 -3.5862691402435303
0.0 0.0 0.0
11.503235816955566 27.704179763793945 -3.5523033142089844
11.891536712646484 28.08502960205078 -3.56990122795105
0.0 0.0 0.0
0.0 0.0 0.0
0.0 0.0 0.0
0.0 0.0 0.0
13.374857902526855 28.74847984313965 -3.4854536056518555
0.0 0.0 0.0
0.0 0.0 0.0
0.0 0.0 0.0
14.794832229614258 29.608627319335938 -3.438555955886841
0.0 0.0 0.0
0.0 0.0 0.0
0.0 0.0 0.0
0.0 0.0 0.0
16.820499420166016 30.918447494506836 -3.3772425651550293
0.0 0.0 0.0
0.0 0.0 0.0
0.0 0.0 0.0
0.0 0.0 0.0
0.0 0.0 0.0
0.0 0.0 0.0
0.0 0.0 0.0
0.0 0.0 0.0
0.0 0.0 0.0
0.0 0.0 0.0
0.0 0.0 0.0
0.0 0.0 0.0
0.0 0.0 0.0
0.0 0.0 0.0
0.0 0.0 0.0
0.0 0.0 0.0
0.0 0.0 0.0
0.0 0.0 0.0
0.0 0.0 0.0
0.0 0.0 0.0
0.0 0.0 0.0
0.0 0.0 0.0
0.0 0.0 0.0
0.0 0.0 0.0
0.0 0.0 0.0
0.0 0.0 0.0
0.0 0.0 0.0
0.0 0.0 0.0
0.0 0.0 0.0
0.0 0.0 0.0
0.0 0.0 0.0
0.0 0.0 0.0
0.0 0.0 0.0
0.0 0.0 0.0
0.0 0.0 0.0
0.0 0.0 0.0
0.0 0.0 0.0
0.0 0.0 0.0
0.0 0.0 0.0
0.0 0.0 0.0
0.0 0.0 0.0
0.0 0.0 0.0
0.0 0.0 0.0
0.0 0.0 0.0
0.0 0.0 0.0
0.0 0.0 0.0
0.0 0.0 0.0
0.0 0.0 0.0
0.0 0.0 0.0
0.0 0.0 0.0
0.0 0.0 0.0
0.0 0.0 0.0
0.0 0.0 0.0
0.0 0.0 0.0
0.0 0.0 0.0
0.0 0.0 0.0
0.0 0.0 0.0
0.0 0.0 0.0
0.0 0.0 0.0
0.0 0.0 0.0
0.0 0.0 0.0
0.0 0.0 0.0
0.0 0.0 0.0
0.0 0.0 0.0
0.0 0.0 0.0
0.0 0.0 0.0
0.0 0.0 0.0
0.0 0.0 0.0
0.0 0.0 0.0
0.0 0.0 0.0
0.0 0.0 0.0
0.0 0.0 0.0
0.0 0.0 0.0
0.0 0.0 0.0
0.0 0.0 0.0
0.0 0.0 0.0
0.0 0.0 0.0
0.0 0.0 0.0
0.0 0.0 0.0
0.0 0.0 0.0
0.0 0.0 0.0
0.0 0.0 0.0
0.0 0.0 0.0
0.0 0.0 0.0
0.0 0.0 0.0
0.0 0.0 0.0
0.0 0.0 0.0
0.0 0.0 0.0
0.0 0.0 0.0
0.0 0.0 0.0
0.0 0.0 0.0
0.0 0.0 0.0
0.0 0.0 0.0
0.0 0.0 0.0
0.0 0.0 0.0
0.0 0.0 0.0
0.0 0.0 0.0
0.0 0.0 0.0
0.0 0.0 0.0
0.0 0.0 0.0
0.0 0.0 0.0
0.0 0.0 0.0
0.0 0.0 0.0
0.0 0.0 0.0
0.0 0.0 0.0
0.0 0.0 0.0
0.0 0.0 0.0
0.0 0.0 0.0
0.0 0.0 0.0
0.0 0.0 0.0
0.0 0.0 0.0
0.0 0.0 0.0
0.0 0.0 0.0
0.0 0.0 0.0
0.0 0.0 0.0
0.0 0.0 0.0
0.0 0.0 0.0
0.0 0.0 0.0
0.0 0.0 0.0
0.0 0.0 0.0
0.0 0.0 0.0
0.0 0.0 0.0
0.0 0.0 0.0
0.0 0.0 0.0
0.0 0.0 0.0
0.0 0.0 0.0
0.0 0.0 0.0
0.0 0.0 0.0
0.0 0.0 0.0
0.0 0.0 0.0
0.0 0.0 0.0
0.0 0.0 0.0
0.0 0.0 0.0
0.0 0.0 0.0
0.0 0.0 0.0
0.0 0.0 0.0
0.0 0.0 0.0
0.0 0.0 0.0
0.0 0.0 0.0
0.0 0.0 0.0
0.0 0.0 0.0
0.0 0.0 0.0
0.0 0.0 0.0
0.0 0.0 0.0
0.0 0.0 0.0
0.0 0.0 0.0
0.0 0.0 0.0
0.0 0.0 0.0
0.0 0.0 0.0
0.0 0.0 0.0
0.0 0.0 0.0
0.0 0.0 0.0
0.0 0.0 0.0
0.0 0.0 0.0
0.0 0.0 0.0
0.0 0.0 0.0
0.0 0.0 0.0
0.0 0.0 0.0
0.0 0.0 0.0
0.0 0.0 0.0
0.0 0.0 0.0
0.0 0.0 0.0
0.0 0.0 0.0
0.0 0.0 0.0
0.0 0.0 0.0
0.0 0.0 0.0
0.0 0.0 0.0
0.0 0.0 0.0
0.0 0.0 0.0
0.0 0.0 0.0
0.0 0.0 0.0
0.0 0.0 0.0
0.0 0.0 0.0
0.0 0.0 0.0
0.0 0.0 0.0
0.0 0.0 0.0
0.0 0.0 0.0
0.0 0.0 0.0
0.0 0.0 0.0
0.0 0.0 0.0
0.0 0.0 0.0
0.0 0.0 0.0
0.0 0.0 0.0
0.0 0.0 0.0
0.0 0.0 0.0
0.0 0.0 0.0
0.0 0.0 0.0
0.0 0.0 0.0
0.0 0.0 0.0
0.0 0.0 0.0
0.0 0.0 0.0
0.0 0.0 0.0
0.0 0.0 0.0
0.0 0.0 0.0
0.0 0.0 0.0
0.0 0.0 0.0
0.0 0.0 0.0
0.0 0.0 0.0
0.0 0.0 0.0
0.0 0.0 0.0
0.0 0.0 0.0
0.0 0.0 0.0
0.0 0.0 0.0
0.0 0.0 0.0
0.0 0.0 0.0
0.0 0.0 0.0
0.0 0.0 0.0
0.0 0.0 0.0
0.0 0.0 0.0
0.0 0.0 0.0
0.0 0.0 0.0
0.0 0.0 0.0
0.0 0.0 0.0
0.0 0.0 0.0
0.0 0.0 0.0
0.0 0.0 0.0
0.0 0.0 0.0
0.0 0.0 0.0
0.0 0.0 0.0
0.0 0.0 0.0
0.0 0.0 0.0
0.0 0.0 0.0
0.0 0.0 0.0
0.0 0.0 0.0
0.0 0.0 0.0
0.0 0.0 0.0
0.0 0.0 0.0
0.0 0.0 0.0
0.0 0.0 0.0
0.0 0.0 0.0
0.0 0.0 0.0
0.0 0.0 0.0
0.0 0.0 0.0
-11.085643768310547 26.31355094909668 -3.185180902481079
0.0 0.0 0.0
0.0 0.0 0.0
0.0 0.0 0.0
0.0 0.0 0.0
-9.661492347717285 25.3767147064209 -3.218471050262451
0.0 0.0 0.0
0.0 0.0 0.0
0.0 0.0 0.0
0.0 0.0 0.0
-8.642561912536621 25.32636260986328 -3.3458900451660156
0.0 0.0 0.0
0.0 0.0 0.0
0.0 0.0 0.0
-7.776946067810059 25.05371856689453 -3.405606508255005
0.0 0.0 0.0
0.0 0.0 0.0
-7.143133640289307 24.84333610534668 -3.442802906036377
-6.884634971618652 24.586856842041016 -3.4284660816192627
-6.699283123016357 24.582021713256836 -3.4490842819213867
0.0 0.0 0.0
-6.31404972076416 24.520896911621094 -3.4785263538360596
-6.096533298492432 24.376995086669922 -3.47686505317688
-5.943386077880859 24.48695182800293 -3.5114939212799072
-5.724076271057129 24.321216583251953 -3.5056943893432617
-5.536461353302002 24.293983459472656 -3.5185272693634033
-5.371788024902344 24.351545333862305 -3.5434844493865967
-5.164626598358154 24.211313247680664 -3.5397276878356934
-4.9844584465026855 24.19062614440918 -3.5534849166870117
-4.786509990692139 24.077980041503906 -3.5514378547668457
-4.616720199584961 24.116193771362305 -3.571446180343628
-4.443943023681641 24.122295379638672 -3.5866212844848633
-4.253113269805908 24.024402618408203 -3.586421012878418
-4.07160758972168 23.970857620239258 -3.592238187789917
-3.899951696395874 23.969655990600586 -3.603722333908081
-3.7077932357788086 23.853103637695312 -3.598163604736328
-3.53926682472229 23.860748291015625 -3.6112191677093506
-3.3716986179351807 23.87487030029297 -3.6254324913024902
-3.221010684967041 24.014421463012695 -3.6570568084716797
-3.022878646850586 23.793025970458984 -3.632568359375
-2.8473122119903564 23.731124877929688 -3.6324806213378906
-2.692809581756592 23.871610641479492 -3.663735866546631
-2.5444538593292236 24.056848526000977 -3.701979398727417
-2.349879026412964 23.799715042114258 -3.6694414615631104
-2.1803290843963623 23.771774291992188 -3.672149896621704
-2.0210578441619873 23.858034133911133 -3.6926863193511963
-1.8419345617294312 23.739425659179688 -3.6818056106567383
-1.6823334693908691 23.831235885620117 -3.7027366161346436
-1.5082392692565918 23.714296340942383 -3.6891207695007324
-1.3557093143463135 23.9467830657959 -3.7300636768341064
-1.1839457750320435 23.8505859375 -3.7200071811676025
-1.0132685899734497 23.81884002685547 -3.7202506065368652
-0.8459506630897522 23.7822265625 -3.717860460281372
-0.6812870502471924 23.81407928466797 -3.7250239849090576
-0.5147176384925842 23.775339126586914 -3.7213237285614014
-0.3505342900753021 23.85892105102539 -3.7369534969329834
-0.18148139119148254 23.83717918395996 -3.736323833465576
-0.01561956387013197 23.822418212890625 -3.733964443206787
0.1506914347410202 23.91074562072754 -3.74764084815979
0.317463219165802 23.940025329589844 -3.7522435188293457
0.485664039850235 24.018299102783203 -3.764707565307617
0.6490952968597412 23.887176513671875 -3.743867874145508
0.8163506388664246 23.824678421020508 -3.7312726974487305
0.9896581768989563 24.004056930541992 -3.756779909133911
1.1601117849349976 24.070384979248047 -3.7647478580474854
1.3306699991226196 24.116222381591797 -3.769678831100464
1.491495966911316 23.995458602905273 -3.747164249420166
1.6617794036865234 23.9930362701416 -3.7417426109313965
1.841098427772522 24.143552780151367 -3.760401964187622
2.0072197914123535 24.108091354370117 -3.750249147415161
2.18904972076416 24.252199172973633 -3.7681925296783447
2.347622871398926 24.134057998657227 -3.742971420288086
2.5377984046936035 24.302648544311523 -3.761730670928955
2.692646026611328 24.159276962280273 -3.7325024604797363
2.888075351715088 24.371490478515625 -3.758355140686035
3.075709342956543 24.49799346923828 -3.7705421447753906
3.2378294467926025 24.412864685058594 -3.7475779056549072
3.4401886463165283 24.6016902923584 -3.766634941101074
3.613726854324341 24.594409942626953 -3.7559306621551514
3.808500051498413 24.723337173461914 -3.766145706176758
3.985546827316284 24.728939056396484 -3.756190538406372
4.182293891906738 24.847740173339844 -3.7621068954467773
4.367330551147461 24.888931274414062 -3.7563655376434326
0.0 0.0 0.0
4.748924732208252 24.996957778930664 -3.748847484588623
4.943113803863525 25.06848907470703 -3.745222806930542
5.1016621589660645 24.95674705505371 -3.7140233516693115
5.322933673858643 25.146547317504883 -3.727796792984009
5.536091327667236 25.269672393798828 -3.7314023971557617
5.7334794998168945 25.327743530273438 -3.7249202728271484
5.922908782958984 25.34300422668457 -3.710268259048462
6.087246417999268 25.251615524291992 -3.6802031993865967
6.319606781005859 25.436927795410156 -3.6905319690704346
6.577311038970947 25.69443130493164 -3.7108678817749023
6.7999773025512695 25.816055297851562 -3.7097907066345215
6.990230560302734 25.8089542388916 -3.689549446105957
0.0 0.0 0.0
7.423728942871094 25.972808837890625 -3.674604654312134
7.616757392883301 25.95293426513672 -3.6518826484680176
7.885573387145996 26.192094802856445 -3.6636762619018555
8.080235481262207 26.177268981933594 -3.63987398147583
8.368711471557617 26.45631217956543 -3.656782865524292
8.590835571289062 26.515321731567383 -3.6431119441986084
8.853068351745605 26.690448760986328 -3.64359188079834
0.0 0.0 0.0
9.330188751220703 26.860504150390625 -3.6179182529449463
9.629746437072754 27.112886428833008 -3.627573013305664
9.85499095916748 27.14768409729004 -3.6070399284362793
10.129630088806152 27.31174087524414 -3.601901054382324
10.392509460449219 27.42498779296875 -3.589365005493164
10.692134857177734 27.634679794311523 -3.589614152908325
0.0 0.0 0.0
11.266691207885742 27.959590911865234 -3.57456636428833
11.51475715637207 28.01023292541504 -3.5511515140533447
11.85317325592041 28.261322021484375 -3.552297592163086
12.128046989440918 28.360641479492188 -3.5345406532287598
0.0 0.0 0.0
0.0 0.0 0.0
13.098236083984375 28.946107864379883 -3.5086007118225098
0.0 0.0 0.0
13.737531661987305 29.260887145996094 -3.477426052093506
0.0 0.0 0.0
14.346763610839844 29.48453712463379 -3.430870532989502
14.755587577819824 29.79581069946289 -3.430039167404175
15.126740455627441 30.020082473754883 -3.4171805381774902
0.0 0.0 0.0
0.0 0.0 0.0
0.0 0.0 0.0
0.0 0.0 0.0
0.0 0.0 0.0
0.0 0.0 0.0
0.0 0.0 0.0
0.0 0.0 0.0
0.0 0.0 0.0
0.0 0.0 0.0
0.0 0.0 0.0
0.0 0.0 0.0
0.0 0.0 0.0
0.0 0.0 0.0
0.0 0.0 0.0
0.0 0.0 0.0
0.0 0.0 0.0
0.0 0.0 0.0
0.0 0.0 0.0
0.0 0.0 0.0
0.0 0.0 0.0
0.0 0.0 0.0
0.0 0.0 0.0
0.0 0.0 0.0
0.0 0.0 0.0
0.0 0.0 0.0
0.0 0.0 0.0
0.0 0.0 0.0
0.0 0.0 0.0
0.0 0.0 0.0
0.0 0.0 0.0
0.0 0.0 0.0
0.0 0.0 0.0
0.0 0.0 0.0
0.0 0.0 0.0
0.0 0.0 0.0
0.0 0.0 0.0
0.0 0.0 0.0
0.0 0.0 0.0
0.0 0.0 0.0
0.0 0.0 0.0
0.0 0.0 0.0
0.0 0.0 0.0
0.0 0.0 0.0
0.0 0.0 0.0
0.0 0.0 0.0
0.0 0.0 0.0
0.0 0.0 0.0
0.0 0.0 0.0
0.0 0.0 0.0
0.0 0.0 0.0
0.0 0.0 0.0
0.0 0.0 0.0
0.0 0.0 0.0
0.0 0.0 0.0
0.0 0.0 0.0
0.0 0.0 0.0
0.0 0.0 0.0
0.0 0.0 0.0
0.0 0.0 0.0
0.0 0.0 0.0
0.0 0.0 0.0
0.0 0.0 0.0
0.0 0.0 0.0
0.0 0.0 0.0
0.0 0.0 0.0
0.0 0.0 0.0
0.0 0.0 0.0
0.0 0.0 0.0
0.0 0.0 0.0
0.0 0.0 0.0
0.0 0.0 0.0
0.0 0.0 0.0
0.0 0.0 0.0
0.0 0.0 0.0
0.0 0.0 0.0
0.0 0.0 0.0
0.0 0.0 0.0
0.0 0.0 0.0
0.0 0.0 0.0
0.0 0.0 0.0
0.0 0.0 0.0
0.0 0.0 0.0
0.0 0.0 0.0
0.0 0.0 0.0
0.0 0.0 0.0
0.0 0.0 0.0
0.0 0.0 0.0
0.0 0.0 0.0
0.0 0.0 0.0
0.0 0.0 0.0
0.0 0.0 0.0
0.0 0.0 0.0
0.0 0.0 0.0
0.0 0.0 0.0
0.0 0.0 0.0
0.0 0.0 0.0
0.0 0.0 0.0
0.0 0.0 0.0
0.0 0.0 0.0
0.0 0.0 0.0
0.0 0.0 0.0
0.0 0.0 0.0
0.0 0.0 0.0
0.0 0.0 0.0
0.0 0.0 0.0
0.0 0.0 0.0
0.0 0.0 0.0
0.0 0.0 0.0
0.0 0.0 0.0
0.0 0.0 0.0
0.0 0.0 0.0
0.0 0.0 0.0
0.0 0.0 0.0
0.0 0.0 0.0
0.0 0.0 0.0
0.0 0.0 0.0
0.0 0.0 0.0
0.0 0.0 0.0
0.0 0.0 0.0
0.0 0.0 0.0
0.0 0.0 0.0
0.0 0.0 0.0
0.0 0.0 0.0
0.0 0.0 0.0
0.0 0.0 0.0
0.0 0.0 0.0
0.0 0.0 0.0
0.0 0.0 0.0
0.0 0.0 0.0
0.0 0.0 0.0
0.0 0.0 0.0
0.0 0.0 0.0
0.0 0.0 0.0
0.0 0.0 0.0
0.0 0.0 0.0
0.0 0.0 0.0
0.0 0.0 0.0
0.0 0.0 0.0
0.0 0.0 0.0
0.0 0.0 0.0
0.0 0.0 0.0
0.0 0.0 0.0
0.0 0.0 0.0
0.0 0.0 0.0
0.0 0.0 0.0
0.0 0.0 0.0
0.0 0.0 0.0
0.0 0.0 0.0
0.0 0.0 0.0
0.0 0.0 0.0
0.0 0.0 0.0
0.0 0.0 0.0
0.0 0.0 0.0
0.0 0.0 0.0
0.0 0.0 0.0
0.0 0.0 0.0
0.0 0.0 0.0
0.0 0.0 0.0
0.0 0.0 0.0
0.0 0.0 0.0
0.0 0.0 0.0
0.0 0.0 0.0
0.0 0.0 0.0
0.0 0.0 0.0
0.0 0.0 0.0
0.0 0.0 0.0
0.0 0.0 0.0
0.0 0.0 0.0
0.0 0.0 0.0
0.0 0.0 0.0
0.0 0.0 0.0
0.0 0.0 0.0
0.0 0.0 0.0
0.0 0.0 0.0
0.0 0.0 0.0
0.0 0.0 0.0
0.0 0.0 0.0
0.0 0.0 0.0
0.0 0.0 0.0
0.0 0.0 0.0
0.0 0.0 0.0
0.0 0.0 0.0
0.0 0.0 0.0
0.0 0.0 0.0
0.0 0.0 0.0
0.0 0.0 0.0
0.0 0.0 0.0
0.0 0.0 0.0
0.0 0.0 0.0
0.0 0.0 0.0
0.0 0.0 0.0
0.0 0.0 0.0
0.0 0.0 0.0
0.0 0.0 0.0
0.0 0.0 0.0
0.0 0.0 0.0
0.0 0.0 0.0
0.0 0.0 0.0
0.0 0.0 0.0
0.0 0.0 0.0
0.0 0.0 0.0
0.0 0.0 0.0
0.0 0.0 0.0
0.0 0.0 0.0
0.0 0.0 0.0
0.0 0.0 0.0
0.0 0.0 0.0
0.0 0.0 0.0
0.0 0.0 0.0
0.0 0.0 0.0
0.0 0.0 0.0
0.0 0.0 0.0
0.0 0.0 0.0
0.0 0.0 0.0
0.0 0.0 0.0
0.0 0.0 0.0
0.0 0.0 0.0
0.0 0.0 0.0
0.0 0.0 0.0
0.0 0.0 0.0
0.0 0.0 0.0
0.0 0.0 0.0
0.0 0.0 0.0
0.0 0.0 0.0
0.0 0.0 0.0
0.0 0.0 0.0
0.0 0.0 0.0
0.0 0.0 0.0
0.0 0.0 0.0
0.0 0.0 0.0
0.0 0.0 0.0
0.0 0.0 0.0
0.0 0.0 0.0
-11.841936111450195 26.79146957397461 -3.1148581504821777
0.0 0.0 0.0
0.0 0.0 0.0
0.0 0.0 0.0
0.0 0.0 0.0
0.0 0.0 0.0
0.0 0.0 0.0
0.0 0.0 0.0
0.0 0.0 0.0
0.0 0.0 0.0
0.0 0.0 0.0
0.0 0.0 0.0
0.0 0.0 0.0
0.0 0.0 0.0
0.0 0.0 0.0
-8.115263938903809 25.215871810913086 -3.339259147644043
0.0 0.0 0.0
0.0 0.0 0.0
0.0 0.0 0.0
0.0 0.0 0.0
-7.09871768951416 25.022489547729492 -3.424271821975708
-6.865614891052246 24.858919143676758 -3.422015428543091
-6.716695785522461 24.9963321685791 -3.4601855278015137
-6.459517955780029 24.724552154541016 -3.441709518432617
-6.27408504486084 24.716859817504883 -3.4598817825317383
0.0 0.0 0.0
0.0 0.0 0.0
-5.672013759613037 24.490816116333008 -3.480954885482788
-5.522124767303467 24.621051788330078 -3.5164215564727783
-5.2911176681518555 24.383638381958008 -3.499427556991577
-5.094616413116455 24.307861328125 -3.504445791244507
0.0 0.0 0.0
0.0 0.0 0.0
-4.529401779174805 24.10834312438965 -3.5188987255096436
-4.413910865783691 24.429584503173828 -3.5806591510772705
-4.221142768859863 24.347389221191406 -3.5812063217163086
-4.012714385986328 24.1412353515625 -3.5629923343658447
-3.8472445011138916 24.185365676879883 -3.5817983150482178
-3.6879355907440186 24.270349502563477 -3.606855630874634
-3.501373767852783 24.174652099609375 -3.604470729827881
-3.320511817932129 24.10848617553711 -3.604438543319702
-3.1319994926452637 23.995336532592773 -3.597630262374878
0.0 0.0 0.0
-2.8052172660827637 24.101835250854492 -3.6340458393096924
-2.6295411586761475 24.050010681152344 -3.634705066680908
-2.4698212146759033 24.14311408996582 -3.6561336517333984
-2.2894957065582275 24.0623722076416 -3.651540517807007
-2.1154139041900635 24.003150939941406 -3.6502065658569336
-1.9497618675231934 24.035062789916992 -3.662890911102295
-1.780524730682373 24.0200252532959 -3.6657397747039795
-1.602245807647705 23.86512565612793 -3.647153854370117
-1.4383002519607544 23.955764770507812 -3.666339635848999
-1.279184341430664 24.106830596923828 -3.694915771484375
-1.1050153970718384 23.971508026123047 -3.679015636444092
-0.9371116161346436 23.951072692871094 -3.678375720977783
-0.772275984287262 24.014360427856445 -3.6907756328582764
-0.6057700514793396 24.161483764648438 -3.716315269470215
-0.4355969727039337 24.052627563476562 -3.702615261077881
-0.26781466603279114 24.02389907836914 -3.699766159057617
-0.10150463879108429 24.210420608520508 -3.728789806365967
0.06673154979944229 24.08692169189453 -3.710247039794922
0.23387224972248077 24.047197341918945 -3.7047836780548096
0.4065341055393219 24.19154930114746 -3.727879285812378
0.5744566321372986 24.169153213500977 -3.722825288772583
0.7395074963569641 24.068504333496094 -3.7053635120391846
0.9116727113723755 24.186634063720703 -3.7217581272125244
1.086524248123169 24.330541610717773 -3.7422821521759033
1.251043438911438 24.17232894897461 -3.7160792350769043
1.4256428480148315 24.27572250366211 -3.7274293899536133
1.6022464036941528 24.385560989379883 -3.7399072647094727
1.7655278444290161 24.286136627197266 -3.720460891723633
1.9460163116455078 24.420446395874023 -3.736997127532959
2.114804267883301 24.361000061035156 -3.7227039337158203
2.2886850833892822 24.393169403076172 -3.7209482192993164
2.468928813934326 24.481740951538086 -3.727936029434204
2.655073404312134 24.611228942871094 -3.741269588470459
2.8052127361297607 24.409303665161133 -3.7044131755828857
2.995227336883545 24.532419204711914 -3.714632987976074
3.181885004043579 24.635372161865234 -3.721175193786621
3.3761775493621826 24.78288459777832 -3.7345328330993652
3.5496535301208496 24.768260955810547 -3.723576068878174
3.7266957759857178 24.77535057067871 -3.715866804122925
3.914323329925537 24.846473693847656 -3.714986562728882
4.096933841705322 24.858501434326172 -3.7051784992218018
4.285192012786865 24.919214248657227 -3.7029643058776855
4.482193946838379 25.02033233642578 -3.7068238258361816
4.657927513122559 24.99852752685547 -3.691406726837158
4.856550216674805 25.09334945678711 -3.6916117668151855
5.069674015045166 25.235340118408203 -3.698535203933716
5.27882719039917 25.361034393310547 -3.7033088207244873
5.491606712341309 25.492612838745117 -3.70894718170166
5.662675380706787 25.426477432250977 -3.683802843093872
5.848625183105469 25.427120208740234 -3.6679868698120117
6.037224769592285 25.421913146972656 -3.6511728763580322
6.277065277099609 25.637767791748047 -3.666400194168091
6.4954400062561035 25.75411605834961 -3.666733503341675
6.708115577697754 25.838964462280273 -3.660449504852295
6.944460391998291 26.00432586669922 -3.66549015045166
0.0 0.0 0.0
7.433211803436279 26.346820831298828 -3.676570177078247
0.0 0.0 0.0
0.0 0.0 0.0
8.050032615661621 26.411314010620117 -3.6237294673919678
8.284300804138184 26.505050659179688 -3.6154327392578125
8.570979118347168 26.767683029174805 -3.6298933029174805
8.858367919921875 27.016786575317383 -3.640209197998047
8.99943733215332 26.814952850341797 -3.5897774696350098
9.29166316986084 27.059608459472656 -3.5991556644439697
9.599302291870117 27.334444046020508 -3.6121726036071777
9.777889251708984 27.22616958618164 -3.572115182876587
10.074023246765137 27.449007034301758 -3.57527494430542
10.315204620361328 27.512939453125 -3.5575144290924072
10.65483570098877 27.82838249206543 -3.5719621181488037
10.911478996276855 27.916730880737305 -3.556013345718384
11.066182136535645 27.731199264526367 -3.5034337043762207
11.418853759765625 28.045602798461914 -3.5143940448760986
11.806232452392578 28.428171157836914 -3.5331997871398926
12.005027770996094 28.349637985229492 -3.4941141605377197
0.0 0.0 0.0
12.660100936889648 28.766223907470703 -3.4813504219055176
0.0 0.0 0.0
0.0 0.0 0.0
0.0 0.0 0.0
0.0 0.0 0.0
14.320076942443848 29.686307907104492 -3.42061710357666
14.72548770904541 29.99131965637207 -3.4199271202087402
15.030662536621094 30.08428192138672 -3.392341375350952
0.0 0.0 0.0
0.0 0.0 0.0
0.0 0.0 0.0
0.0 0.0 0.0
0.0 0.0 0.0
0.0 0.0 0.0
0.0 0.0 0.0
0.0 0.0 0.0
0.0 0.0 0.0
0.0 0.0 0.0
19.834266662597656 33.08736801147461 -3.2194292545318604
0.0 0.0 0.0
0.0 0.0 0.0
0.0 0.0 0.0
0.0 0.0 0.0
0.0 0.0 0.0
0.0 0.0 0.0
0.0 0.0 0.0
0.0 0.0 0.0
0.0 0.0 0.0
0.0 0.0 0.0
0.0 0.0 0.0
0.0 0.0 0.0
0.0 0.0 0.0
0.0 0.0 0.0
0.0 0.0 0.0
0.0 0.0 0.0
0.0 0.0 0.0
0.0 0.0 0.0
0.0 0.0 0.0
0.0 0.0 0.0
0.0 0.0 0.0
0.0 0.0 0.0
0.0 0.0 0.0
0.0 0.0 0.0
0.0 0.0 0.0
0.0 0.0 0.0
0.0 0.0 0.0
0.0 0.0 0.0
0.0 0.0 0.0
0.0 0.0 0.0
0.0 0.0 0.0
0.0 0.0 0.0
0.0 0.0 0.0
0.0 0.0 0.0
0.0 0.0 0.0
0.0 0.0 0.0
0.0 0.0 0.0
0.0 0.0 0.0
0.0 0.0 0.0
0.0 0.0 0.0
0.0 0.0 0.0
0.0 0.0 0.0
0.0 0.0 0.0
0.0 0.0 0.0
0.0 0.0 0.0
0.0 0.0 0.0
0.0 0.0 0.0
0.0 0.0 0.0
0.0 0.0 0.0
0.0 0.0 0.0
0.0 0.0 0.0
0.0 0.0 0.0
0.0 0.0 0.0
0.0 0.0 0.0
0.0 0.0 0.0
0.0 0.0 0.0
0.0 0.0 0.0
0.0 0.0 0.0
0.0 0.0 0.0
0.0 0.0 0.0
0.0 0.0 0.0
0.0 0.0 0.0
0.0 0.0 0.0
0.0 0.0 0.0
0.0 0.0 0.0
0.0 0.0 0.0
0.0 0.0 0.0
0.0 0.0 0.0
0.0 0.0 0.0
0.0 0.0 0.0
0.0 0.0 0.0
0.0 0.0 0.0
0.0 0.0 0.0
0.0 0.0 0.0
0.0 0.0 0.0
0.0 0.0 0.0
0.0 0.0 0.0
0.0 0.0 0.0
0.0 0.0 0.0
0.0 0.0 0.0
0.0 0.0 0.0
0.0 0.0 0.0
0.0 0.0 0.0
0.0 0.0 0.0
0.0 0.0 0.0
0.0 0.0 0.0
0.0 0.0 0.0
0.0 0.0 0.0
0.0 0.0 0.0
0.0 0.0 0.0
0.0 0.0 0.0
0.0 0.0 0.0
0.0 0.0 0.0
0.0 0.0 0.0
0.0 0.0 0.0
0.0 0.0 0.0
0.0 0.0 0.0
0.0 0.0 0.0
0.0 0.0 0.0
0.0 0.0 0.0
0.0 0.0 0.0
0.0 0.0 0.0
0.0 0.0 0.0
0.0 0.0 0.0
0.0 0.0 0.0
0.0 0.0 0.0
0.0 0.0 0.0
0.0 0.0 0.0
0.0 0.0 0.0
0.0 0.0 0.0
0.0 0.0 0.0
0.0 0.0 0.0
0.0 0.0 0.0
0.0 0.0 0.0
0.0 0.0 0.0
0.0 0.0 0.0
0.0 0.0 0.0
0.0 0.0 0.0
0.0 0.0 0.0
0.0 0.0 0.0
0.0 0.0 0.0
0.0 0.0 0.0
0.0 0.0 0.0
0.0 0.0 0.0
0.0 0.0 0.0
0.0 0.0 0.0
0.0 0.0 0.0
0.0 0.0 0.0
0.0 0.0 0.0
0.0 0.0 0.0
0.0 0.0 0.0
0.0 0.0 0.0
0.0 0.0 0.0
0.0 0.0 0.0
0.0 0.0 0.0
0.0 0.0 0.0
0.0 0.0 0.0
0.0 0.0 0.0
0.0 0.0 0.0
0.0 0.0 0.0
0.0 0.0 0.0
0.0 0.0 0.0
0.0 0.0 0.0
0.0 0.0 0.0
0.0 0.0 0.0
0.0 0.0 0.0
0.0 0.0 0.0
0.0 0.0 0.0
0.0 0.0 0.0
0.0 0.0 0.0
0.0 0.0 0.0
0.0 0.0 0.0
0.0 0.0 0.0
0.0 0.0 0.0
0.0 0.0 0.0
0.0 0.0 0.0
0.0 0.0 0.0
0.0 0.0 0.0
0.0 0.0 0.0
0.0 0.0 0.0
0.0 0.0 0.0
0.0 0.0 0.0
0.0 0.0 0.0
0.0 0.0 0.0
0.0 0.0 0.0
0.0 0.0 0.0
0.0 0.0 0.0
0.0 0.0 0.0
0.0 0.0 0.0
0.0 0.0 0.0
0.0 0.0 0.0
0.0 0.0 0.0
0.0 0.0 0.0
0.0 0.0 0.0
0.0 0.0 0.0
0.0 0.0 0.0
0.0 0.0 0.0
0.0 0.0 0.0
0.0 0.0 0.0
0.0 0.0 0.0
0.0 0.0 0.0
0.0 0.0 0.0
0.0 0.0 0.0
0.0 0.0 0.0
0.0 0.0 0.0
0.0 0.0 0.0
0.0 0.0 0.0
0.0 0.0 0.0
0.0 0.0 0.0
0.0 0.0 0.0
0.0 0.0 0.0
0.0 0.0 0.0
0.0 0.0 0.0
0.0 0.0 0.0
0.0 0.0 0.0
0.0 0.0 0.0
0.0 0.0 0.0
0.0 0.0 0.0
0.0 0.0 0.0
0.0 0.0 0.0
0.0 0.0 0.0
0.0 0.0 0.0
0.0 0.0 0.0
-19.378368377685547 30.46392822265625 -2.4991891384124756
0.0 0.0 0.0
0.0 0.0 0.0
0.0 0.0 0.0
0.0 0.0 0.0
0.0 0.0 0.0
0.0 0.0 0.0
0.0 0.0 0.0
0.0 0.0 0.0
0.0 0.0 0.0
-15.422369956970215 28.45994758605957 -2.8150079250335693
0.0 0.0 0.0
0.0 0.0 0.0
0.0 0.0 0.0
0.0 0.0 0.0
0.0 0.0 0.0
-13.35781478881836 27.327234268188477 -2.935778856277466
0.0 0.0 0.0
-12.915136337280273 27.387590408325195 -3.014148235321045
0.0 0.0 0.0
0.0 0.0 0.0
0.0 0.0 0.0
0.0 0.0 0.0
0.0 0.0 0.0
0.0 0.0 0.0
0.0 0.0 0.0
0.0 0.0 0.0
0.0 0.0 0.0
0.0 0.0 0.0
0.0 0.0 0.0
0.0 0.0 0.0
0.0 0.0 0.0
0.0 0.0 0.0
0.0 0.0 0.0
0.0 0.0 0.0
-8.529997825622559 25.57866668701172 -3.2950284481048584
0.0 0.0 0.0
0.0 0.0 0.0
0.0 0.0 0.0
0.0 0.0 0.0
0.0 0.0 0.0
-7.225009441375732 25.128929138183594 -3.37028169631958
-7.0469465255737305 25.1679630279541 -3.3948349952697754
-6.815929412841797 25.01134490966797 -3.392979860305786
0.0 0.0 0.0
0.0 0.0 0.0
-6.2275872230529785 24.90277099609375 -3.4348511695861816
0.0 0.0 0.0
0.0 0.0 0.0
0.0 0.0 0.0
-5.4296722412109375 24.612878799438477 -3.46266508102417
-5.2980570793151855 24.83664321899414 -3.509007692337036
0.0 0.0 0.0
-4.884974479675293 24.572509765625 -3.501504421234131
-4.710361957550049 24.603750228881836 -3.521334409713745
-4.508817672729492 24.47376823425293 -3.5161728858947754
-4.320902347564697 24.40709114074707 -3.518911361694336
-4.1218342781066895 24.266559600830078 -3.5110390186309814
-3.9820644855499268 24.4755859375 -3.553924322128296
-3.794407367706299 24.4129638671875 -3.5578105449676514
-3.6122312545776367 24.356517791748047 -3.559746503829956
-3.457127809524536 24.48245620727539 -3.5883872509002686
-3.2619049549102783 24.32005500793457 -3.574904441833496
-3.1009764671325684 24.405359268188477 -3.597944498062134
-2.9068524837493896 24.224958419799805 -3.5811984539031982
-2.714235305786133 24.05902671813965 -3.564689874649048
-2.5632307529449463 24.233348846435547 -3.598621129989624
-2.4072701930999756 24.379785537719727 -3.628683090209961
-2.2292773723602295 24.305875778198242 -3.6261394023895264
-2.052149772644043 24.230972290039062 -3.621746063232422
-1.8679118156433105 24.081979751586914 -3.6051533222198486
-1.706859827041626 24.18963623046875 -3.6270511150360107
-1.5414570569992065 24.24993896484375 -3.6420600414276123
-1.3785513639450073 24.363086700439453 -3.6652133464813232
-1.2056649923324585 24.30579948425293 -3.660020112991333
-1.0354063510894775 24.355520248413086 -3.6707677841186523
-0.8653215765953064 24.342187881469727 -3.67213773727417
-0.6889824271202087 24.107595443725586 -3.6402745246887207
-0.527228593826294 24.385408401489258 -3.6854443550109863
-0.3571872115135193 24.353546142578125 -3.6813912391662598
-0.18390589952468872 24.227825164794922 -3.663339853286743
-0.01551263127475977 24.278549194335938 -3.6721270084381104
0.15294304490089417 24.227680206298828 -3.6657252311706543
0.32252851128578186 24.314882278442383 -3.679004669189453
0.49251294136047363 24.3509464263916 -3.6829750537872314
0.6645895838737488 24.443735122680664 -3.695695638656616
0.833666980266571 24.326766967773438 -3.6768639087677
1.0080392360687256 24.44415283203125 -3.693652629852295
1.175585150718689 24.387014389038086 -3.6819896697998047
1.3516998291015625 24.49855613708496 -3.695106267929077
1.5221956968307495 24.489299774169922 -3.690159559249878
1.6991196870803833 24.528757095336914 -3.692667245864868
1.8740273714065552 24.574878692626953 -3.6963717937469482
2.048933744430542 24.608627319335938 -3.6953799724578857
0.0 0.0 0.0
2.406949281692505 24.74161720275879 -3.703676462173462
2.57118821144104 24.621417999267578 -3.6800384521484375
2.742415428161621 24.604263305664062 -3.6711509227752686
2.9337615966796875 24.755043029785156 -3.685307502746582
3.1237661838531494 24.877544403076172 -3.695338487625122
3.305453300476074 24.92198371887207 -3.693885087966919
3.474917411804199 24.849864959716797 -3.675191879272461
3.69401478767395 25.140562057495117 -3.708483934402466
3.878997802734375 25.181276321411133 -3.7037830352783203
4.052628040313721 25.14427375793457 -3.687795639038086
4.246901988983154 25.231910705566406 -3.690237283706665
4.43477725982666 25.2723331451416 -3.685865640640259
4.614575386047363 25.246599197387695 -3.668928623199463
4.803783416748047 25.284669876098633 -3.6614327430725098
5.0072150230407715 25.38962745666504 -3.663696527481079
5.243904113769531 25.64840316772461 -3.688133478164673
5.390689373016357 25.462465286254883 -3.6479363441467285
5.631848335266113 25.702350616455078 -3.666795492172241
5.807960510253906 25.650165557861328 -3.6442558765411377
6.037137508392334 25.826656341552734 -3.654284715652466
6.289013385772705 26.083986282348633 -3.675633430480957
6.436165809631348 25.90371322631836 -3.633497953414917
6.729294776916504 26.288209915161133 -3.6694703102111816
6.874129295349121 26.097904205322266 -3.6254961490631104
0.0 0.0 0.0
7.309110164642334 26.263471603393555 -3.6134469509124756
7.564045429229736 26.46479034423828 -3.62119722366333
7.776219367980957 26.49574851989746 -3.605229139328003
0.0 0.0 0.0
8.27762508392334 26.81731605529785 -3.60909366607666
8.448463439941406 26.710956573486328 -3.5734446048736572
8.74998664855957 27.009008407592773 -3.590898275375366
9.012160301208496 27.171768188476562 -3.5900630950927734
9.216873168945312 27.1439208984375 -3.563612937927246
9.4776029586792 27.287948608398438 -3.559657573699951
9.71280288696289 27.349342346191406 -3.5428788661956787
10.089363098144531 27.79524803161621 -3.5755372047424316
10.238161087036133 27.604496002197266 -3.526094913482666
0.0 0.0 0.0
10.811980247497559 27.94350242614746 -3.516829490661621
11.155877113342285 28.24689483642578 -3.5273585319519043
11.408796310424805 28.30933952331543 -3.5074706077575684
0.0 0.0 0.0
0.0 0.0 0.0
0.0 0.0 0.0
12.603575706481934 28.917617797851562 -3.46293568611145
0.0 0.0 0.0
0.0 0.0 0.0
0.0 0.0 0.0
13.969669342041016 29.7519588470459 -3.430036783218384
14.264300346374512 29.8367977142334 -3.405581474304199
0.0 0.0 0.0
0.0 0.0 0.0
0.0 0.0 0.0
0.0 0.0 0.0
0.0 0.0 0.0
0.0 0.0 0.0
0.0 0.0 0.0
0.0 0.0 0.0
0.0 0.0 0.0
0.0 0.0 0.0
0.0 0.0 0.0
0.0 0.0 0.0
0.0 0.0 0.0
0.0 0.0 0.0
0.0 0.0 0.0
0.0 0.0 0.0
0.0 0.0 0.0
0.0 0.0 0.0
0.0 0.0 0.0
0.0 0.0 0.0
0.0 0.0 0.0
0.0 0.0 0.0
0.0 0.0 0.0
0.0 0.0 0.0
0.0 0.0 0.0
0.0 0.0 0.0
0.0 0.0 0.0
0.0 0.0 0.0
0.0 0.0 0.0
0.0 0.0 0.0
0.0 0.0 0.0
0.0 0.0 0.0
0.0 0.0 0.0
0.0 0.0 0.0
0.0 0.0 0.0
0.0 0.0 0.0
0.0 0.0 0.0
0.0 0.0 0.0
0.0 0.0 0.0
0.0 0.0 0.0
0.0 0.0 0.0
0.0 0.0 0.0
0.0 0.0 0.0
0.0 0.0 0.0
0.0 0.0 0.0
0.0 0.0 0.0
0.0 0.0 0.0
0.0 0.0 0.0
0.0 0.0 0.0
0.0 0.0 0.0
0.0 0.0 0.0
0.0 0.0 0.0
0.0 0.0 0.0
0.0 0.0 0.0
0.0 0.0 0.0
0.0 0.0 0.0
0.0 0.0 0.0
0.0 0.0 0.0
0.0 0.0 0.0
0.0 0.0 0.0
0.0 0.0 0.0
0.0 0.0 0.0
0.0 0.0 0.0
0.0 0.0 0.0
0.0 0.0 0.0
0.0 0.0 0.0
0.0 0.0 0.0
0.0 0.0 0.0
0.0 0.0 0.0
0.0 0.0 0.0
0.0 0.0 0.0
0.0 0.0 0.0
0.0 0.0 0.0
0.0 0.0 0.0
0.0 0.0 0.0
0.0 0.0 0.0
0.0 0.0 0.0
0.0 0.0 0.0
0.0 0.0 0.0
0.0 0.0 0.0
0.0 0.0 0.0
0.0 0.0 0.0
0.0 0.0 0.0
0.0 0.0 0.0
0.0 0.0 0.0
0.0 0.0 0.0
0.0 0.0 0.0
0.0 0.0 0.0
0.0 0.0 0.0
0.0 0.0 0.0
0.0 0.0 0.0
0.0 0.0 0.0
0.0 0.0 0.0
0.0 0.0 0.0
0.0 0.0 0.0
0.0 0.0 0.0
0.0 0.0 0.0
0.0 0.0 0.0
0.0 0.0 0.0
0.0 0.0 0.0
0.0 0.0 0.0
0.0 0.0 0.0
0.0 0.0 0.0
0.0 0.0 0.0
0.0 0.0 0.0
0.0 0.0 0.0
0.0 0.0 0.0
0.0 0.0 0.0
0.0 0.0 0.0
0.0 0.0 0.0
0.0 0.0 0.0
0.0 0.0 0.0
0.0 0.0 0.0
0.0 0.0 0.0
0.0 0.0 0.0
0.0 0.0 0.0
0.0 0.0 0.0
0.0 0.0 0.0
0.0 0.0 0.0
0.0 0.0 0.0
0.0 0.0 0.0
0.0 0.0 0.0
0.0 0.0 0.0
0.0 0.0 0.0
0.0 0.0 0.0
0.0 0.0 0.0
0.0 0.0 0.0
0.0 0.0 0.0
0.0 0.0 0.0
0.0 0.0 0.0
0.0 0.0 0.0
0.0 0.0 0.0
0.0 0.0 0.0
0.0 0.0 0.0
0.0 0.0 0.0
0.0 0.0 0.0
0.0 0.0 0.0
0.0 0.0 0.0
0.0 0.0 0.0
0.0 0.0 0.0
0.0 0.0 0.0
0.0 0.0 0.0
0.0 0.0 0.0
0.0 0.0 0.0
0.0 0.0 0.0
0.0 0.0 0.0
0.0 0.0 0.0
0.0 0.0 0.0
0.0 0.0 0.0
0.0 0.0 0.0
0.0 0.0 0.0
0.0 0.0 0.0
0.0 0.0 0.0
0.0 0.0 0.0
0.0 0.0 0.0
0.0 0.0 0.0
-35.36338424682617 121.95686340332031 18.440509796142578
0.0 0.0 0.0
0.0 0.0 0.0
0.0 0.0 0.0
0.0 0.0 0.0
0.0 0.0 0.0
0.0 0.0 0.0
0.0 0.0 0.0
0.0 0.0 0.0
0.0 0.0 0.0
0.0 0.0 0.0
0.0 0.0 0.0
0.0 0.0 0.0
0.0 0.0 0.0
0.0 0.0 0.0
0.0 0.0 0.0
0.0 0.0 0.0
0.0 0.0 0.0
0.0 0.0 0.0
0.0 0.0 0.0
0.0 0.0 0.0
0.0 0.0 0.0
0.0 0.0 0.0
0.0 0.0 0.0
0.0 0.0 0.0
0.0 0.0 0.0
0.0 0.0 0.0
0.0 0.0 0.0
0.0 0.0 0.0
0.0 0.0 0.0
0.0 0.0 0.0
0.0 0.0 0.0
0.0 0.0 0.0
0.0 0.0 0.0
0.0 0.0 0.0
0.0 0.0 0.0
0.0 0.0 0.0
0.0 0.0 0.0
0.0 0.0 0.0
0.0 0.0 0.0
0.0 0.0 0.0
0.0 0.0 0.0
0.0 0.0 0.0
0.0 0.0 0.0
0.0 0.0 0.0
0.0 0.0 0.0
0.0 0.0 0.0
0.0 0.0 0.0
0.0 0.0 0.0
0.0 0.0 0.0
0.0 0.0 0.0
0.0 0.0 0.0
0.0 0.0 0.0
0.0 0.0 0.0
0.0 0.0 0.0
0.0 0.0 0.0
0.0 0.0 0.0
0.0 0.0 0.0
0.0 0.0 0.0
0.0 0.0 0.0
0.0 0.0 0.0
0.0 0.0 0.0
0.0 0.0 0.0
0.0 0.0 0.0
0.0 0.0 0.0
0.0 0.0 0.0
0.0 0.0 0.0
0.0 0.0 0.0
0.0 0.0 0.0
0.0 0.0 0.0
0.0 0.0 0.0
0.0 0.0 0.0
0.0 0.0 0.0
0.0 0.0 0.0
0.0 0.0 0.0
0.0 0.0 0.0
0.0 0.0 0.0
0.0 0.0 0.0
0.0 0.0 0.0
0.0 0.0 0.0
0.0 0.0 0.0
0.0 0.0 0.0
0.0 0.0 0.0
0.0 0.0 0.0
0.0 0.0 0.0
0.0 0.0 0.0
0.0 0.0 0.0
0.0 0.0 0.0
0.0 0.0 0.0
0.0 0.0 0.0
0.0 0.0 0.0
0.0 0.0 0.0
0.0 0.0 0.0
0.0 0.0 0.0
0.0 0.0 0.0
0.0 0.0 0.0
0.0 0.0 0.0
0.0 0.0 0.0
-7.7911787033081055 25.417816162109375 -3.299398183822632
0.0 0.0 0.0
0.0 0.0 0.0
0.0 0.0 0.0
0.0 0.0 0.0
0.0 0.0 0.0
0.0 0.0 0.0
-6.372589111328125 25.103302001953125 -3.3949732780456543
-6.194058418273926 25.14478874206543 -3.418304443359375
0.0 0.0 0.0
-5.788748264312744 24.9925537109375 -3.432595729827881
-5.569802761077881 24.833175659179688 -3.425915002822876
-5.420053482055664 24.978424072265625 -3.461019277572632
-5.199602127075195 24.808910369873047 -3.4528844356536865
-5.005736827850342 24.739391326904297 -3.4583680629730225
-4.817183971405029 24.691341400146484 -3.4662210941314697
0.0 0.0 0.0
-4.476315498352051 24.774200439453125 -3.50353741645813
-4.2701497077941895 24.627521514892578 -3.4959824085235596
-4.093177318572998 24.6237735748291 -3.5085668563842773
-3.9131834506988525 24.599933624267578 -3.5166914463043213
0.0 0.0 0.0
-3.563185691833496 24.602123260498047 -3.538357734680176
-3.3957295417785645 24.654991149902344 -3.5568952560424805
-3.2051620483398438 24.55753517150879 -3.554074764251709
-3.0348434448242188 24.585329055786133 -3.566410541534424
-2.8774185180664062 24.72330665588379 -3.594792127609253
-2.6717963218688965 24.437549591064453 -3.5616819858551025
-2.507082939147949 24.507795333862305 -3.5805349349975586
-2.3394484519958496 24.58884620666504 -3.60056209564209
-2.151280641555786 24.41084098815918 -3.5803565979003906
-1.9844557046890259 24.46257781982422 -3.5939831733703613
-1.8267278671264648 24.64421272277832 -3.626920700073242
-1.6298085451126099 24.277259826660156 -3.579242467880249
-1.4728668928146362 24.537973403930664 -3.622776985168457
-1.3037306070327759 24.57774543762207 -3.6324548721313477
-1.1271761655807495 24.46579933166504 -3.6198713779449463
-0.9555643796920776 24.437543869018555 -3.6198205947875977
-0.7868366241455078 24.477598190307617 -3.630058765411377
-0.6127617359161377 24.45899772644043 -3.629223108291626
-0.4423923194408417 24.450794219970703 -3.629410743713379
-0.27217966318130493 24.460725784301758 -3.632467269897461
-0.10287415981292725 24.666526794433594 -3.664799928665161
0.06877671182155609 24.6895694732666 -3.669980049133301
0.23959662020206451 24.59206771850586 -3.654538154602051
0.41228631138801575 24.516517639160156 -3.642530918121338
0.5832046270370483 24.528667449951172 -3.6437461376190186
0.7574324011802673 24.647769927978516 -3.6610231399536133
0.9266588091850281 24.584293365478516 -3.65034818649292
1.1039376258850098 24.716825485229492 -3.6668667793273926
1.283381462097168 24.797773361206055 -3.6758339405059814
1.4563920497894287 24.79656982421875 -3.6728413105010986
1.6403448581695557 24.9599666595459 -3.694387435913086
1.8040072917938232 24.813932418823242 -3.668541669845581
1.9877828359603882 24.94049835205078 -3.6819729804992676
2.1605870723724365 24.88451385498047 -3.668530225753784
2.330195426940918 24.8314266204834 -3.655794382095337
2.5074973106384277 24.861804962158203 -3.6555280685424805
0.0 0.0 0.0
2.881171941757202 25.069345474243164 -3.671079635620117
3.072991371154785 25.168807983398438 -3.6780736446380615
3.235722303390503 25.05245590209961 -3.6538238525390625
3.420858860015869 25.111352920532227 -3.6548051834106445
3.6073806285858154 25.169189453125 -3.6532599925994873
3.8069534301757812 25.305946350097656 -3.663252592086792
3.972888946533203 25.21580696105957 -3.640551805496216
4.1768927574157715 25.34156608581543 -3.648988962173462
4.372272968292236 25.424537658691406 -3.6500587463378906
4.570507526397705 25.513822555541992 -3.6505930423736572
4.759067535400391 25.54070281982422 -3.642277240753174
0.0 0.0 0.0
5.154598236083984 25.65801429748535 -3.634822130203247
5.336442470550537 25.6392822265625 -3.618157386779785
5.568395614624023 25.849994659423828 -3.6334376335144043
5.810067176818848 26.089012145996094 -3.6525990962982178
6.00262451171875 26.09579849243164 -3.639230728149414
6.176901817321777 26.010225296020508 -3.6123342514038086
6.374056816101074 26.033479690551758 -3.598814010620117
6.582986354827881 26.100345611572266 -3.5914063453674316
0.0 0.0 0.0
7.036731243133545 26.348804473876953 -3.5923187732696533
7.270745754241943 26.47337532043457 -3.590874671936035
7.510532855987549 26.619155883789062 -3.5915632247924805
7.734381675720215 26.69963836669922 -3.5833852291107178
7.984004497528076 26.860004425048828 -3.5858609676361084
8.208860397338867 26.929351806640625 -3.5758864879608154
8.458040237426758 27.05907440185547 -3.5712757110595703
8.7119722366333 27.206111907958984 -3.569201707839966
8.88643741607666 27.100385665893555 -3.5339951515197754
0.0 0.0 0.0
9.469747543334961 27.578969955444336 -3.5517630577087402
9.733415603637695 27.7172908782959 -3.5455946922302246
9.938672065734863 27.673261642456055 -3.5156607627868652
10.232590675354004 27.88013458251953 -3.517944097518921
10.410727500915527 27.7685489654541 -3.4794750213623047
10.778447151184082 28.15224838256836 -3.50089430809021
11.046292304992676 28.261077880859375 -3.4876742362976074
11.368310928344727 28.488893508911133 -3.4884161949157715
11.627690315246582 28.56033706665039 -3.4702200889587402
11.893115997314453 28.640533447265625 -3.4508888721466064
0.0 0.0 0.0
0.0 0.0 0.0
12.815644264221191 29.117403030395508 -3.4185235500335693
0.0 0.0 0.0
0.0 0.0 0.0
0.0 0.0 0.0
14.12132740020752 29.80893898010254 -3.3692948818206787
0.0 0.0 0.0
0.0 0.0 0.0
0.0 0.0 0.0
15.710247993469238 30.90283203125 -3.3468399047851562
0.0 0.0 0.0
0.0 0.0 0.0
0.0 0.0 0.0
0.0 0.0 0.0
0.0 0.0 0.0
0.0 0.0 0.0
0.0 0.0 0.0
0.0 0.0 0.0
0.0 0.0 0.0
0.0 0.0 0.0
0.0 0.0 0.0
0.0 0.0 0.0
0.0 0.0 0.0
0.0 0.0 0.0
0.0 0.0 0.0
0.0 0.0 0.0
0.0 0.0 0.0
0.0 0.0 0.0
0.0 0.0 0.0
0.0 0.0 0.0
0.0 0.0 0.0
0.0 0.0 0.0
0.0 0.0 0.0
0.0 0.0 0.0
0.0 0.0 0.0
0.0 0.0 0.0
0.0 0.0 0.0
0.0 0.0 0.0
0.0 0.0 0.0
0.0 0.0 0.0
0.0 0.0 0.0
0.0 0.0 0.0
0.0 0.0 0.0
0.0 0.0 0.0
0.0 0.0 0.0
0.0 0.0 0.0
0.0 0.0 0.0
0.0 0.0 0.0
0.0 0.0 0.0
0.0 0.0 0.0
0.0 0.0 0.0
0.0 0.0 0.0
0.0 0.0 0.0
0.0 0.0 0.0
0.0 0.0 0.0
0.0 0.0 0.0
0.0 0.0 0.0
0.0 0.0 0.0
0.0 0.0 0.0
0.0 0.0 0.0
0.0 0.0 0.0
0.0 0.0 0.0
0.0 0.0 0.0
0.0 0.0 0.0
0.0 0.0 0.0
0.0 0.0 0.0
0.0 0.0 0.0
0.0 0.0 0.0
0.0 0.0 0.0
0.0 0.0 0.0
0.0 0.0 0.0
0.0 0.0 0.0
0.0 0.0 0.0
0.0 0.0 0.0
0.0 0.0 0.0
0.0 0.0 0.0
0.0 0.0 0.0
0.0 0.0 0.0
0.0 0.0 0.0
0.0 0.0 0.0
0.0 0.0 0.0
0.0 0.0 0.0
0.0 0.0 0.0
0.0 0.0 0.0
0.0 0.0 0.0
0.0 0.0 0.0
0.0 0.0 0.0
0.0 0.0 0.0
0.0 0.0 0.0
0.0 0.0 0.0
0.0 0.0 0.0
0.0 0.0 0.0
0.0 0.0 0.0
0.0 0.0 0.0
0.0 0.0 0.0
0.0 0.0 0.0
0.0 0.0 0.0
0.0 0.0 0.0
0.0 0.0 0.0
0.0 0.0 0.0
0.0 0.0 0.0
0.0 0.0 0.0
0.0 0.0 0.0
0.0 0.0 0.0
0.0 0.0 0.0
0.0 0.0 0.0
0.0 0.0 0.0
0.0 0.0 0.0
0.0 0.0 0.0
0.0 0.0 0.0
0.0 0.0 0.0
0.0 0.0 0.0
0.0 0.0 0.0
0.0 0.0 0.0
0.0 0.0 0.0
0.0 0.0 0.0
0.0 0.0 0.0
0.0 0.0 0.0
0.0 0.0 0.0
0.0 0.0 0.0
0.0 0.0 0.0
0.0 0.0 0.0
0.0 0.0 0.0
0.0 0.0 0.0
0.0 0.0 0.0
0.0 0.0 0.0
0.0 0.0 0.0
0.0 0.0 0.0
0.0 0.0 0.0
0.0 0.0 0.0
0.0 0.0 0.0
0.0 0.0 0.0
0.0 0.0 0.0
0.0 0.0 0.0
0.0 0.0 0.0
0.0 0.0 0.0
0.0 0.0 0.0
0.0 0.0 0.0
0.0 0.0 0.0
0.0 0.0 0.0
0.0 0.0 0.0
0.0 0.0 0.0
0.0 0.0 0.0
0.0 0.0 0.0
0.0 0.0 0.0
0.0 0.0 0.0
0.0 0.0 0.0
0.0 0.0 0.0
0.0 0.0 0.0
0.0 0.0 0.0
0.0 0.0 0.0
0.0 0.0 0.0
0.0 0.0 0.0
0.0 0.0 0.0
0.0 0.0 0.0
0.0 0.0 0.0
0.0 0.0 0.0
0.0 0.0 0.0
0.0 0.0 0.0
0.0 0.0 0.0
0.0 0.0 0.0
0.0 0.0 0.0
0.0 0.0 0.0
0.0 0.0 0.0
0.0 0.0 0.0
0.0 0.0 0.0
0.0 0.0 0.0
0.0 0.0 0.0
0.0 0.0 0.0
0.0 0.0 0.0
0.0 0.0 0.0
0.0 0.0 0.0
0.0 0.0 0.0
0.0 0.0 0.0
0.0 0.0 0.0
0.0 0.0 0.0
0.0 0.0 0.0
0.0 0.0 0.0
0.0 0.0 0.0
0.0 0.0 0.0
0.0 0.0 0.0
0.0 0.0 0.0
0.0 0.0 0.0
0.0 0.0 0.0
0.0 0.0 0.0
0.0 0.0 0.0
0.0 0.0 0.0
0.0 0.0 0.0
0.0 0.0 0.0
0.0 0.0 0.0
0.0 0.0 0.0
0.0 0.0 0.0
0.0 0.0 0.0
0.0 0.0 0.0
0.0 0.0 0.0
0.0 0.0 0.0
0.0 0.0 0.0
0.0 0.0 0.0
0.0 0.0 0.0
0.0 0.0 0.0
0.0 0.0 0.0
0.0 0.0 0.0
0.0 0.0 0.0
0.0 0.0 0.0
0.0 0.0 0.0
0.0 0.0 0.0
0.0 0.0 0.0
0.0 0.0 0.0
0.0 0.0 0.0
0.0 0.0 0.0
0.0 0.0 0.0
0.0 0.0 0.0
0.0 0.0 0.0
0.0 0.0 0.0
0.0 0.0 0.0
0.0 0.0 0.0
0.0 0.0 0.0
0.0 0.0 0.0
0.0 0.0 0.0
0.0 0.0 0.0
0.0 0.0 0.0
0.0 0.0 0.0
0.0 0.0 0.0
0.0 0.0 0.0
0.0 0.0 0.0
0.0 0.0 0.0
0.0 0.0 0.0
0.0 0.0 0.0
0.0 0.0 0.0
0.0 0.0 0.0
-16.691692352294922 29.32316017150879 -2.683957099914551
0.0 0.0 0.0
0.0 0.0 0.0
0.0 0.0 0.0
0.0 0.0 0.0
0.0 0.0 0.0
0.0 0.0 0.0
0.0 0.0 0.0
0.0 0.0 0.0
0.0 0.0 0.0
0.0 0.0 0.0
0.0 0.0 0.0
0.0 0.0 0.0
0.0 0.0 0.0
0.0 0.0 0.0
0.0 0.0 0.0
0.0 0.0 0.0
0.0 0.0 0.0
0.0 0.0 0.0
0.0 0.0 0.0
0.0 0.0 0.0
0.0 0.0 0.0
-10.085567474365234 26.490346908569336 -3.1474578380584717
-9.901865005493164 26.563779830932617 -3.1824638843536377
0.0 0.0 0.0
0.0 0.0 0.0
0.0 0.0 0.0
0.0 0.0 0.0
0.0 0.0 0.0
-8.49069595336914 26.06342315673828 -3.266174554824829
0.0 0.0 0.0
0.0 0.0 0.0
0.0 0.0 0.0
0.0 0.0 0.0
0.0 0.0 0.0
0.0 0.0 0.0
0.0 0.0 0.0
-6.680748462677002 25.220321655273438 -3.3217618465423584
0.0 0.0 0.0
-6.337301731109619 25.342605590820312 -3.3731820583343506
0.0 0.0 0.0
-5.946989059448242 25.27187728881836 -3.3979525566101074
-5.7175445556640625 25.09164047241211 -3.389202117919922
-5.5438151359558105 25.135780334472656 -3.410547971725464
-5.361870765686035 25.14078712463379 -3.4267196655273438
-5.176015377044678 25.125553131103516 -3.4402670860290527
-4.932547092437744 24.816904067993164 -3.4111521244049072
-4.771556377410889 24.928682327270508 -3.4399561882019043
-4.593552112579346 24.93606185913086 -3.4543068408966064
-4.40939998626709 24.907899856567383 -3.4638750553131104
-4.2127604484558105 24.802217483520508 -3.4619193077087402
-4.015962600708008 24.683820724487305 -3.4563374519348145
0.0 0.0 0.0
-3.683607816696167 24.837060928344727 -3.50044584274292
-3.511312961578369 24.86774253845215 -3.5162413120269775
-3.329376220703125 24.828479766845703 -3.5204758644104004
-3.150878667831421 24.807199478149414 -3.5262808799743652
-2.972581624984741 24.78077507019043 -3.5314841270446777
-2.7850451469421387 24.695762634277344 -3.528627634048462
-2.6193854808807373 24.774429321289062 -3.549154281616211
-2.430772304534912 24.629165649414062 -3.5349037647247314
-2.2557592391967773 24.60573959350586 -3.5380051136016846
-2.0893452167510986 24.677396774291992 -3.554955244064331
-1.9070215225219727 24.593936920166016 -3.5498430728912354
-1.7436273097991943 24.71729850769043 -3.574061393737793
-1.564929723739624 24.623838424682617 -3.564685821533203
-1.3976482152938843 24.702774047851562 -3.580430507659912
-1.2174570560455322 24.5450496673584 -3.56203293800354
-1.0475406646728516 24.64104652404785 -3.5806946754455566
-0.8740695714950562 24.58915901184082 -3.576587438583374
-0.7077539563179016 24.764270782470703 -3.6040103435516357
-0.5392494201660156 24.938243865966797 -3.631466865539551
-0.3626554012298584 24.73615074157715 -3.6043357849121094
-0.188341423869133 24.834333419799805 -3.6211655139923096
-0.015638506039977074 24.81949806213379 -3.6194779872894287
0.15677106380462646 24.788129806518555 -3.6146459579467773
0.32977011799812317 24.832868576049805 -3.621086597442627
0.5026663541793823 24.830015182495117 -3.620762586593628
0.6753330826759338 24.82596778869629 -3.620439052581787
0.8612726926803589 25.12236785888672 -3.6611342430114746
1.027613639831543 24.91156005859375 -3.627936840057373
1.205213189125061 24.99310302734375 -3.6375021934509277
1.3759076595306396 24.930574417114258 -3.6262753009796143
1.5538500547409058 24.994277954101562 -3.633021354675293
1.7272487878799438 24.93343734741211 -3.619412660598755
1.8972785472869873 24.875450134277344 -3.6064913272857666
2.08402419090271 25.02822494506836 -3.624286651611328
2.2625579833984375 25.0640869140625 -3.6252894401550293
2.443176507949829 25.114273071289062 -3.627089262008667
2.635902166366577 25.240001678466797 -3.638078212738037
2.8171114921569824 25.272357940673828 -3.6358566284179688
2.9995994567871094 25.311115264892578 -3.6347124576568604
3.1877894401550293 25.386905670166016 -3.6390130519866943
3.3394296169281006 25.17789649963379 -3.6006293296813965
3.533931016921997 25.270275115966797 -3.6046178340911865
3.7522988319396973 25.533782958984375 -3.633199691772461
3.9348337650299072 25.539363861083984 -3.6251559257507324
4.116980075836182 25.539836883544922 -3.6164498329162598
4.324474811553955 25.68817710876465 -3.6259520053863525
4.5268778800964355 25.792959213256836 -3.6293444633483887
4.697727680206299 25.697725296020508 -3.604555606842041
4.902810573577881 25.80337142944336 -3.6082746982574463
5.121320724487305 25.968347549438477 -3.6193783283233643
5.294524192810059 25.896621704101562 -3.5958666801452637
5.501659393310547 25.986528396606445 -3.594911813735962
5.751384258270264 26.24815559387207 -3.6174533367156982
5.936887741088867 26.221281051635742 -3.600485324859619
6.123072147369385 26.197132110595703 -3.582141876220703
6.394701957702637 26.525585174560547 -3.611196756362915
6.517125606536865 26.231399536132812 -3.5555899143218994
6.77527379989624 26.468807220458984 -3.5719292163848877
6.97642183303833 26.4875431060791 -3.5587034225463867
0.0 0.0 0.0
7.42363977432251 26.673917770385742 -3.5477559566497803
7.679095268249512 26.866796493530273 -3.5554394721984863
7.905912399291992 26.937545776367188 -3.546586036682129
8.124990463256836 26.989070892333984 -3.5340821743011475
8.427963256835938 27.305524826049805 -3.554950714111328
8.657416343688965 27.371463775634766 -3.543006658554077
8.848761558532715 27.313806533813477 -3.5151455402374268
9.162793159484863 27.626617431640625 -3.5346999168395996
9.330781936645508 27.480127334594727 -3.4927637577056885
9.623554229736328 27.70743751525879 -3.4987473487854004
9.896799087524414 27.86616325378418 -3.4957926273345947
10.122203826904297 27.883930206298828 -3.4750986099243164
10.480192184448242 28.256746292114258 -3.4968433380126953
10.755988121032715 28.38143539428711 -3.4861342906951904
0.0 0.0 0.0
0.0 0.0 0.0
0.0 0.0 0.0
0.0 0.0 0.0
12.10191535949707 28.852249145507812 -3.408736228942871
12.479679107666016 29.181711196899414 -3.419295310974121
0.0 0.0 0.0
13.12806224822998 29.556577682495117 -3.4033234119415283
0.0 0.0 0.0
0.0 0.0 0.0
14.173050880432129 30.187076568603516 -3.3799498081207275
0.0 0.0 0.0
0.0 0.0 0.0
0.0 0.0 0.0
15.670158386230469 31.09537696838379 -3.3401942253112793
0.0 0.0 0.0
16.324403762817383 31.29491424560547 -3.2847070693969727
0.0 0.0 0.0
0.0 0.0 0.0
0.0 0.0 0.0
0.0 0.0 0.0
0.0 0.0 0.0
0.0 0.0 0.0
0.0 0.0 0.0
0.0 0.0 0.0
0.0 0.0 0.0
0.0 0.0 0.0
0.0 0.0 0.0
0.0 0.0 0.0
0.0 0.0 0.0
0.0 0.0 0.0
0.0 0.0 0.0
0.0 0.0 0.0
0.0 0.0 0.0
0.0 0.0 0.0
0.0 0.0 0.0
0.0 0.0 0.0
0.0 0.0 0.0
0.0 0.0 0.0
0.0 0.0 0.0
0.0 0.0 0.0
0.0 0.0 0.0
0.0 0.0 0.0
0.0 0.0 0.0
0.0 0.0 0.0
0.0 0.0 0.0
0.0 0.0 0.0
0.0 0.0 0.0
0.0 0.0 0.0
0.0 0.0 0.0
0.0 0.0 0.0
0.0 0.0 0.0
0.0 0.0 0.0
0.0 0.0 0.0
0.0 0.0 0.0
0.0 0.0 0.0
0.0 0.0 0.0
0.0 0.0 0.0
0.0 0.0 0.0
0.0 0.0 0.0
0.0 0.0 0.0
0.0 0.0 0.0
0.0 0.0 0.0
0.0 0.0 0.0
0.0 0.0 0.0
0.0 0.0 0.0
0.0 0.0 0.0
0.0 0.0 0.0
0.0 0.0 0.0
0.0 0.0 0.0
0.0 0.0 0.0
0.0 0.0 0.0
0.0 0.0 0.0
0.0 0.0 0.0
0.0 0.0 0.0
0.0 0.0 0.0
0.0 0.0 0.0
0.0 0.0 0.0
0.0 0.0 0.0
0.0 0.0 0.0
0.0 0.0 0.0
0.0 0.0 0.0
0.0 0.0 0.0
0.0 0.0 0.0
0.0 0.0 0.0
0.0 0.0 0.0
0.0 0.0 0.0
0.0 0.0 0.0
0.0 0.0 0.0
0.0 0.0 0.0
0.0 0.0 0.0
0.0 0.0 0.0
0.0 0.0 0.0
0.0 0.0 0.0
0.0 0.0 0.0
0.0 0.0 0.0
0.0 0.0 0.0
0.0 0.0 0.0
0.0 0.0 0.0
0.0 0.0 0.0
0.0 0.0 0.0
0.0 0.0 0.0
0.0 0.0 0.0
0.0 0.0 0.0
0.0 0.0 0.0
0.0 0.0 0.0
0.0 0.0 0.0
0.0 0.0 0.0
0.0 0.0 0.0
0.0 0.0 0.0
0.0 0.0 0.0
0.0 0.0 0.0
0.0 0.0 0.0
0.0 0.0 0.0
0.0 0.0 0.0
0.0 0.0 0.0
0.0 0.0 0.0
0.0 0.0 0.0
0.0 0.0 0.0
0.0 0.0 0.0
0.0 0.0 0.0
0.0 0.0 0.0
0.0 0.0 0.0
0.0 0.0 0.0
0.0 0.0 0.0
0.0 0.0 0.0
0.0 0.0 0.0
0.0 0.0 0.0
0.0 0.0 0.0
0.0 0.0 0.0
0.0 0.0 0.0
0.0 0.0 0.0
0.0 0.0 0.0
0.0 0.0 0.0
0.0 0.0 0.0
0.0 0.0 0.0
0.0 0.0 0.0
0.0 0.0 0.0
0.0 0.0 0.0
0.0 0.0 0.0
0.0 0.0 0.0
0.0 0.0 0.0
0.0 0.0 0.0
0.0 0.0 0.0
0.0 0.0 0.0
0.0 0.0 0.0
0.0 0.0 0.0
0.0 0.0 0.0
0.0 0.0 0.0
0.0 0.0 0.0
0.0 0.0 0.0
0.0 0.0 0.0
0.0 0.0 0.0
0.0 0.0 0.0
0.0 0.0 0.0
0.0 0.0 0.0
0.0 0.0 0.0
0.0 0.0 0.0
0.0 0.0 0.0
0.0 0.0 0.0
0.0 0.0 0.0
0.0 0.0 0.0
0.0 0.0 0.0
0.0 0.0 0.0
0.0 0.0 0.0
0.0 0.0 0.0
0.0 0.0 0.0
0.0 0.0 0.0
0.0 0.0 0.0
0.0 0.0 0.0
0.0 0.0 0.0
0.0 0.0 0.0
0.0 0.0 0.0
0.0 0.0 0.0
0.0 0.0 0.0
0.0 0.0 0.0
0.0 0.0 0.0
0.0 0.0 0.0
0.0 0.0 0.0
0.0 0.0 0.0
0.0 0.0 0.0
0.0 0.0 0.0
0.0 0.0 0.0
0.0 0.0 0.0
0.0 0.0 0.0
0.0 0.0 0.0
0.0 0.0 0.0
0.0 0.0 0.0
0.0 0.0 0.0
0.0 0.0 0.0
0.0 0.0 0.0
0.0 0.0 0.0
0.0 0.0 0.0
0.0 0.0 0.0
0.0 0.0 0.0
0.0 0.0 0.0
0.0 0.0 0.0
0.0 0.0 0.0
0.0 0.0 0.0
0.0 0.0 0.0
0.0 0.0 0.0
0.0 0.0 0.0
0.0 0.0 0.0
0.0 0.0 0.0
0.0 0.0 0.0
0.0 0.0 0.0
0.0 0.0 0.0
0.0 0.0 0.0
0.0 0.0 0.0
0.0 0.0 0.0
0.0 0.0 0.0
0.0 0.0 0.0
0.0 0.0 0.0
0.0 0.0 0.0
0.0 0.0 0.0
0.0 0.0 0.0
0.0 0.0 0.0
0.0 0.0 0.0
0.0 0.0 0.0
0.0 0.0 0.0
0.0 0.0 0.0
0.0 0.0 0.0
0.0 0.0 0.0
0.0 0.0 0.0
0.0 0.0 0.0
0.0 0.0 0.0
0.0 0.0 0.0
0.0 0.0 0.0
0.0 0.0 0.0
0.0 0.0 0.0
0.0 0.0 0.0
0.0 0.0 0.0
0.0 0.0 0.0
0.0 0.0 0.0
-17.044261932373047 29.697336196899414 -2.6560564041137695
-16.69504737854004 29.564064025878906 -2.688739061355591
-16.115007400512695 29.00926399230957 -2.6816039085388184
0.0 0.0 0.0
0.0 0.0 0.0
0.0 0.0 0.0
0.0 0.0 0.0
0.0 0.0 0.0
0.0 0.0 0.0
0.0 0.0 0.0
0.0 0.0 0.0
0.0 0.0 0.0
0.0 0.0 0.0
0.0 0.0 0.0
0.0 0.0 0.0
0.0 0.0 0.0
0.0 0.0 0.0
-11.478554725646973 26.9791202545166 -3.0012001991271973
0.0 0.0 0.0
0.0 0.0 0.0
0.0 0.0 0.0
0.0 0.0 0.0
0.0 0.0 0.0
0.0 0.0 0.0
0.0 0.0 0.0
0.0 0.0 0.0
0.0 0.0 0.0
0.0 0.0 0.0
0.0 0.0 0.0
0.0 0.0 0.0
0.0 0.0 0.0
0.0 0.0 0.0
-7.959430694580078 25.96479606628418 -3.2534217834472656
0.0 0.0 0.0
0.0 0.0 0.0
0.0 0.0 0.0
-7.071369647979736 25.604476928710938 -3.2871294021606445
0.0 0.0 0.0
0.0 0.0 0.0
-6.465672492980957 25.47110939025879 -3.323637008666992
0.0 0.0 0.0
-6.0545759201049805 25.339141845703125 -3.339616298675537
-5.901034832000732 25.47997283935547 -3.3739233016967773
-5.656163215637207 25.219144821166992 -3.3550679683685303
-5.452796936035156 25.1303653717041 -3.3590190410614014
-5.290600776672363 25.245534896850586 -3.388983964920044
-5.113490581512451 25.275623321533203 -3.4065494537353516
-4.914178848266602 25.190401077270508 -3.4086594581604004
-4.702515602111816 25.03137969970703 -3.400796413421631
-4.509345054626465 24.958255767822266 -3.4045939445495605
-4.33048677444458 24.97994613647461 -3.4189939498901367
-4.18928337097168 25.20601463317871 -3.4613590240478516
-3.9865610599517822 25.064346313476562 -3.4534192085266113
-3.8174097537994385 25.127723693847656 -3.4738407135009766
-3.6108734607696533 24.93729591369629 -3.4584224224090576
0.0 0.0 0.0
-3.273580551147461 25.08573341369629 -3.497626304626465
-3.0812509059906006 24.96412467956543 -3.4900832176208496
0.0 0.0 0.0
-2.732224225997925 24.993759155273438 -3.511744737625122
-2.5438613891601562 24.872346878051758 -3.5014796257019043
-2.359013080596924 24.79987144470215 -3.498335838317871
-2.168748140335083 24.61402702331543 -3.4791574478149414
-2.027255058288574 24.997358322143555 -3.540658473968506
-1.8679265975952148 25.21048355102539 -3.5759003162384033
-1.6703342199325562 24.89008331298828 -3.5351803302764893
-1.4841917753219604 24.734363555908203 -3.5180141925811768
0.0 0.0 0.0
-1.1465100049972534 24.8938045501709 -3.5506818294525146
-0.9721326231956482 24.86979103088379 -3.549571990966797
-0.802282989025116 24.979843139648438 -3.5677785873413086
0.0 0.0 0.0
-0.45205897092819214 25.010883331298828 -3.57778000831604
-0.2782827913761139 25.03242301940918 -3.582869291305542
-0.10339826345443726 24.87129020690918 -3.5600337982177734
0.0698995515704155 25.022157669067383 -3.5820300579071045
0.2447620928287506 25.117671966552734 -3.596280574798584
0.4205358326435089 24.987661361694336 -3.5784289836883545
0.5972906947135925 25.115764617919922 -3.5959019660949707
0.772461473941803 25.126840591430664 -3.595470428466797
0.9456295967102051 25.0787296295166 -3.5867457389831543
0.0 0.0 0.0
1.2989741563796997 25.090782165527344 -3.5852792263031006
1.4818578958511353 25.224685668945312 -3.600722074508667
1.658454179763794 25.229978561401367 -3.5974202156066895
0.0 0.0 0.0
2.0352230072021484 25.529870986938477 -3.6324918270111084
2.2138590812683105 25.492542266845703 -3.6233458518981934
2.384904146194458 25.41228675842285 -3.6054768562316895
2.5528204441070557 25.30776596069336 -3.5843706130981445
0.0 0.0 0.0
2.9241738319396973 25.441303253173828 -3.5911688804626465
3.122450113296509 25.571096420288086 -3.6026196479797363
3.3134429454803467 25.650096893310547 -3.605137348175049
3.485102891921997 25.578197479248047 -3.586613416671753
3.692918539047241 25.76173210144043 -3.604020357131958
3.8689167499542236 25.71403694152832 -3.5891942977905273
4.055518627166748 25.7380313873291 -3.582962989807129
4.254858493804932 25.81376075744629 -3.5827178955078125
4.4601593017578125 25.934249877929688 -3.5889434814453125
4.6457133293151855 25.931182861328125 -3.57816219329834
4.793644428253174 25.725126266479492 -3.5396156311035156
5.043368339538574 26.058292388916016 -3.572834014892578
5.247130393981934 26.119182586669922 -3.5681345462799072
5.48846960067749 26.36861228942871 -3.589390993118286
5.687659740447998 26.404029846191406 -3.5815317630767822
5.882392883300781 26.41537857055664 -3.569950819015503
0.0 0.0 0.0
6.290693283081055 26.48988914489746 -3.5498619079589844
6.494919300079346 26.52704429626465 -3.54006290435791
6.72554874420166 26.6640567779541 -3.5436201095581055
6.996816158294678 26.94951820373535 -3.565171241760254
7.180744647979736 26.88814926147461 -3.539752960205078
7.4381937980651855 27.08252716064453 -3.5477352142333984
7.589184761047363 26.89874839782715 -3.5065784454345703
7.844411849975586 27.082836151123047 -3.5134060382843018
8.152802467346191 27.432077407836914 -3.538966178894043
8.385273933410645 27.511293411254883 -3.5294570922851562
8.588033676147461 27.476543426513672 -3.505034923553467
0.0 0.0 0.0
9.094670295715332 27.736648559570312 -3.497623920440674
9.394720077514648 27.992292404174805 -3.5076730251312256
9.569009780883789 27.86721420288086 -3.469984531402588
9.874412536621094 28.118078231811523 -3.479079246520996
10.082043647766113 28.072858810424805 -3.4508540630340576
10.354613304138184 28.213220596313477 -3.4436419010162354
10.717052459716797 28.583675384521484 -3.464095115661621
10.908672332763672 28.490184783935547 -3.4281561374664307
0.0 0.0 0.0
0.0 0.0 0.0
11.786856651306152 28.948963165283203 -3.4043476581573486
12.107231140136719 29.153215408325195 -3.401108741760254
0.0 0.0 0.0
12.742125511169434 29.51729965209961 -3.387465476989746
0.0 0.0 0.0
13.44719409942627 29.988758087158203 -3.3803892135620117
0.0 0.0 0.0
14.10649585723877 30.3248233795166 -3.3562569618225098
0.0 0.0 0.0
14.720673561096191 30.51671028137207 -3.309969425201416
0.0 0.0 0.0
0.0 0.0 0.0
0.0 0.0 0.0
0.0 0.0 0.0
16.748498916625977 31.840381622314453 -3.2701032161712646
0.0 0.0 0.0
0.0 0.0 0.0
0.0 0.0 0.0
0.0 0.0 0.0
0.0 0.0 0.0
0.0 0.0 0.0
0.0 0.0 0.0
0.0 0.0 0.0
0.0 0.0 0.0
0.0 0.0 0.0
0.0 0.0 0.0
0.0 0.0 0.0
0.0 0.0 0.0
0.0 0.0 0.0
0.0 0.0 0.0
0.0 0.0 0.0
0.0 0.0 0.0
0.0 0.0 0.0
0.0 0.0 0.0
0.0 0.0 0.0
0.0 0.0 0.0
0.0 0.0 0.0
0.0 0.0 0.0
0.0 0.0 0.0
0.0 0.0 0.0
0.0 0.0 0.0
0.0 0.0 0.0
0.0 0.0 0.0
0.0 0.0 0.0
0.0 0.0 0.0
0.0 0.0 0.0
0.0 0.0 0.0
0.0 0.0 0.0
0.0 0.0 0.0
0.0 0.0 0.0
0.0 0.0 0.0
0.0 0.0 0.0
0.0 0.0 0.0
0.0 0.0 0.0
0.0 0.0 0.0
0.0 0.0 0.0
0.0 0.0 0.0
0.0 0.0 0.0
0.0 0.0 0.0
0.0 0.0 0.0
0.0 0.0 0.0
0.0 0.0 0.0
0.0 0.0 0.0
0.0 0.0 0.0
0.0 0.0 0.0
0.0 0.0 0.0
0.0 0.0 0.0
0.0 0.0 0.0
0.0 0.0 0.0
0.0 0.0 0.0
0.0 0.0 0.0
0.0 0.0 0.0
0.0 0.0 0.0
0.0 0.0 0.0
0.0 0.0 0.0
0.0 0.0 0.0
0.0 0.0 0.0
0.0 0.0 0.0
0.0 0.0 0.0
0.0 0.0 0.0
0.0 0.0 0.0
0.0 0.0 0.0
0.0 0.0 0.0
0.0 0.0 0.0
0.0 0.0 0.0
0.0 0.0 0.0
0.0 0.0 0.0
0.0 0.0 0.0
0.0 0.0 0.0
0.0 0.0 0.0
0.0 0.0 0.0
0.0 0.0 0.0
0.0 0.0 0.0
0.0 0.0 0.0
0.0 0.0 0.0
0.0 0.0 0.0
0.0 0.0 0.0
0.0 0.0 0.0
0.0 0.0 0.0
0.0 0.0 0.0
0.0 0.0 0.0
0.0 0.0 0.0
0.0 0.0 0.0
0.0 0.0 0.0
0.0 0.0 0.0
0.0 0.0 0.0
0.0 0.0 0.0
0.0 0.0 0.0
0.0 0.0 0.0
0.0 0.0 0.0
0.0 0.0 0.0
0.0 0.0 0.0
0.0 0.0 0.0
0.0 0.0 0.0
0.0 0.0 0.0
0.0 0.0 0.0
0.0 0.0 0.0
0.0 0.0 0.0
0.0 0.0 0.0
0.0 0.0 0.0
0.0 0.0 0.0
0.0 0.0 0.0
0.0 0.0 0.0
0.0 0.0 0.0
0.0 0.0 0.0
0.0 0.0 0.0
0.0 0.0 0.0
0.0 0.0 0.0
0.0 0.0 0.0
0.0 0.0 0.0
0.0 0.0 0.0
0.0 0.0 0.0
0.0 0.0 0.0
0.0 0.0 0.0
0.0 0.0 0.0
0.0 0.0 0.0
0.0 0.0 0.0
0.0 0.0 0.0
0.0 0.0 0.0
0.0 0.0 0.0
0.0 0.0 0.0
0.0 0.0 0.0
0.0 0.0 0.0
0.0 0.0 0.0
0.0 0.0 0.0
0.0 0.0 0.0
0.0 0.0 0.0
0.0 0.0 0.0
0.0 0.0 0.0
0.0 0.0 0.0
0.0 0.0 0.0
0.0 0.0 0.0
0.0 0.0 0.0
0.0 0.0 0.0
0.0 0.0 0.0
0.0 0.0 0.0
0.0 0.0 0.0
0.0 0.0 0.0
0.0 0.0 0.0
0.0 0.0 0.0
0.0 0.0 0.0
0.0 0.0 0.0
0.0 0.0 0.0
0.0 0.0 0.0
0.0 0.0 0.0
0.0 0.0 0.0
0.0 0.0 0.0
0.0 0.0 0.0
0.0 0.0 0.0
0.0 0.0 0.0
0.0 0.0 0.0
0.0 0.0 0.0
0.0 0.0 0.0
0.0 0.0 0.0
0.0 0.0 0.0
0.0 0.0 0.0
0.0 0.0 0.0
0.0 0.0 0.0
0.0 0.0 0.0
0.0 0.0 0.0
0.0 0.0 0.0
0.0 0.0 0.0
0.0 0.0 0.0
0.0 0.0 0.0
0.0 0.0 0.0
0.0 0.0 0.0
0.0 0.0 0.0
0.0 0.0 0.0
0.0 0.0 0.0
0.0 0.0 0.0
0.0 0.0 0.0
0.0 0.0 0.0
0.0 0.0 0.0
0.0 0.0 0.0
0.0 0.0 0.0
0.0 0.0 0.0
0.0 0.0 0.0
0.0 0.0 0.0
0.0 0.0 0.0
0.0 0.0 0.0
0.0 0.0 0.0
0.0 0.0 0.0
0.0 0.0 0.0
0.0 0.0 0.0
0.0 0.0 0.0
0.0 0.0 0.0
0.0 0.0 0.0
0.0 0.0 0.0
0.0 0.0 0.0
0.0 0.0 0.0
0.0 0.0 0.0
0.0 0.0 0.0
0.0 0.0 0.0
0.0 0.0 0.0
0.0 0.0 0.0
0.0 0.0 0.0
0.0 0.0 0.0
0.0 0.0 0.0
0.0 0.0 0.0
0.0 0.0 0.0
0.0 0.0 0.0
0.0 0.0 0.0
0.0 0.0 0.0
0.0 0.0 0.0
0.0 0.0 0.0
0.0 0.0 0.0
0.0 0.0 0.0
0.0 0.0 0.0
0.0 0.0 0.0
0.0 0.0 0.0
0.0 0.0 0.0
0.0 0.0 0.0
0.0 0.0 0.0
0.0 0.0 0.0
0.0 0.0 0.0
0.0 0.0 0.0
0.0 0.0 0.0
0.0 0.0 0.0
-15.137652397155762 28.89630126953125 -2.7659244537353516
0.0 0.0 0.0
0.0 0.0 0.0
0.0 0.0 0.0
0.0 0.0 0.0
0.0 0.0 0.0
0.0 0.0 0.0
0.0 0.0 0.0
0.0 0.0 0.0
0.0 0.0 0.0
0.0 0.0 0.0
0.0 0.0 0.0
0.0 0.0 0.0
0.0 0.0 0.0
0.0 0.0 0.0
0.0 0.0 0.0
0.0 0.0 0.0
0.0 0.0 0.0
0.0 0.0 0.0
0.0 0.0 0.0
0.0 0.0 0.0
0.0 0.0 0.0
0.0 0.0 0.0
0.0 0.0 0.0
0.0 0.0 0.0
0.0 0.0 0.0
0.0 0.0 0.0
0.0 0.0 0.0
0.0 0.0 0.0
-7.493382453918457 26.06199836730957 -3.254868268966675
-7.236679553985596 25.845584869384766 -3.2458953857421875
-7.05982780456543 25.907499313354492 -3.2718613147735596
0.0 0.0 0.0
-6.602869987487793 25.645431518554688 -3.2753734588623047
0.0 0.0 0.0
-6.219237804412842 25.628002166748047 -3.30502986907959
-5.989726543426514 25.452987670898438 -3.2983806133270264
-5.7142653465271 25.076457977294922 -3.2656571865081787
-5.641515254974365 25.578601837158203 -3.3464105129241943
-5.4538702964782715 25.573259353637695 -3.3595008850097656
-5.283978462219238 25.649980545043945 -3.3835198879241943
-5.054167747497559 25.429235458374023 -3.368364095687866
-4.852284908294678 25.35169219970703 -3.3723866939544678
0.0 0.0 0.0
-4.495387554168701 25.39740562438965 -3.4023380279541016
-4.297359943389893 25.30389404296875 -3.401495933532715
-4.102926731109619 25.220304489135742 -3.402031183242798
0.0 0.0 0.0
-3.727351427078247 25.133813858032227 -3.411686897277832
-3.55106782913208 25.149791717529297 -3.4232609272003174
-3.3788576126098633 25.195222854614258 -3.4390158653259277
-3.203747272491455 25.220264434814453 -3.452165126800537
-3.0182955265045166 25.159643173217773 -3.4529614448547363
-2.829878807067871 25.0905818939209 -3.4507741928100586
-2.655879020690918 25.116037368774414 -3.4616031646728516
-2.493446111679077 25.259662628173828 -3.4889273643493652
0.0 0.0 0.0
-2.1376149654388428 25.243152618408203 -3.500650405883789
0.0 0.0 0.0
-1.771376609802246 25.10663604736328 -3.492154121398926
-1.5872387886047363 24.970666885375977 -3.4786317348480225
-1.4216898679733276 25.126935958862305 -3.5059900283813477
-1.2442015409469604 25.085330963134766 -3.5037171840667725
-1.0716289281845093 25.20888328552246 -3.524057149887085
-0.8989509344100952 25.292482376098633 -3.538956880569458
-0.7197464108467102 25.185409545898438 -3.527343988418579
-0.545586884021759 25.239517211914062 -3.5384674072265625
-0.3674042820930481 25.064624786376953 -3.514592409133911
-0.19137974083423615 25.25986099243164 -3.5427796840667725
-0.015673033893108368 25.260435104370117 -3.5438292026519775
0.15961575508117676 25.19402313232422 -3.5356500148773193
0.33581867814064026 25.265731811523438 -3.5464179515838623
0.5095385313034058 25.16634178161621 -3.5311076641082764
0.6902031898498535 25.37125015258789 -3.5586605072021484
0.867925763130188 25.31185531616211 -3.549288034439087
1.0484334230422974 25.40980339050293 -3.5621681213378906
1.2246284484863281 25.394603729248047 -3.558025360107422
1.4033039808273315 25.424768447875977 -3.5586800575256348
1.5822181701660156 25.449813842773438 -3.558781147003174
1.77114737033844 25.56601905822754 -3.5717239379882812
1.9506486654281616 25.576902389526367 -3.5701656341552734
2.135956048965454 25.652311325073242 -3.575948476791382
2.3055503368377686 25.541547775268555 -3.555037498474121
2.4941511154174805 25.637605667114258 -3.5630760192871094
2.681779384613037 25.678081512451172 -3.56343674659729
2.87290358543396 25.771366119384766 -3.571359157562256
3.053891658782959 25.76755142211914 -3.5632519721984863
3.2394561767578125 25.79704475402832 -3.5596165657043457
3.4294357299804688 25.855920791625977 -3.5601792335510254
3.6093482971191406 25.8094539642334 -3.546252727508545
3.807371139526367 25.91161346435547 -3.5525424480438232
3.9807841777801514 25.84039306640625 -3.5327396392822266
4.202672004699707 26.073762893676758 -3.5546681880950928
4.3890156745910645 26.0723876953125 -3.5446457862854004
4.584697723388672 26.12310028076172 -3.54184889793396
4.769791126251221 26.09199333190918 -3.526695966720581
5.0102081298828125 26.36846160888672 -3.5518176555633545
5.2427191734313965 26.582077026367188 -3.568389415740967
5.4536213874816895 26.67232894897461 -3.5684032440185547
5.601263046264648 26.453947067260742 -3.527311086654663
5.842498302459717 26.66207504272461 -3.5409836769104004
6.021731853485107 26.592979431152344 -3.517474889755249
6.266212463378906 26.805665969848633 -3.5313079357147217
0.0 0.0 0.0
6.683593273162842 26.897573471069336 -3.514817953109741
6.894745826721191 26.931182861328125 -3.502572536468506
7.16741943359375 27.207632064819336 -3.522141218185425
7.357334136962891 27.159793853759766 -3.499687671661377
7.586214065551758 27.252592086791992 -3.4954609870910645
7.827265739440918 27.381013870239258 -3.4943900108337402
8.092555046081543 27.569843292236328 -3.499345064163208
8.3070707321167 27.5902099609375 -3.4832139015197754
8.564802169799805 27.7459716796875 -3.4841318130493164
8.801487922668457 27.825597763061523 -3.475445032119751
9.053092002868652 27.9440860748291 -3.469160318374634
9.327962875366211 28.122894287109375 -3.4701647758483887
0.0 0.0 0.0
9.80496883392334 28.226247787475586 -3.440203905105591
10.021424293518066 28.215585708618164 -3.4166791439056396
10.369729042053223 28.5644474029541 -3.4353575706481934
10.603238105773926 28.585947036743164 -3.414414405822754
10.9194974899292 28.81123161315918 -3.4172451496124268
11.270529747009277 29.125530242919922 -3.430361032485962
0.0 0.0 0.0
0.0 0.0 0.0
12.126986503601074 29.49436378479004 -3.394653797149658
12.276822090148926 29.268035888671875 -3.3420238494873047
0.0 0.0 0.0
0.0 0.0 0.0
13.346187591552734 30.046525955200195 -3.3438808917999268
13.681529998779297 30.23274040222168 -3.3352389335632324
0.0 0.0 0.0
0.0 0.0 0.0
0.0 0.0 0.0
0.0 0.0 0.0
0.0 0.0 0.0
0.0 0.0 0.0
0.0 0.0 0.0
0.0 0.0 0.0
0.0 0.0 0.0
0.0 0.0 0.0
17.681236267089844 32.24057388305664 -3.1607532501220703
0.0 0.0 0.0
0.0 0.0 0.0
0.0 0.0 0.0
0.0 0.0 0.0
0.0 0.0 0.0
20.634733200073242 34.14680480957031 -3.0746874809265137
0.0 0.0 0.0
0.0 0.0 0.0
0.0 0.0 0.0
0.0 0.0 0.0
0.0 0.0 0.0
0.0 0.0 0.0
0.0 0.0 0.0
0.0 0.0 0.0
0.0 0.0 0.0
0.0 0.0 0.0
0.0 0.0 0.0
0.0 0.0 0.0
0.0 0.0 0.0
0.0 0.0 0.0
0.0 0.0 0.0
0.0 0.0 0.0
0.0 0.0 0.0
0.0 0.0 0.0
0.0 0.0 0.0
0.0 0.0 0.0
0.0 0.0 0.0
0.0 0.0 0.0
0.0 0.0 0.0
0.0 0.0 0.0
0.0 0.0 0.0
0.0 0.0 0.0
0.0 0.0 0.0
0.0 0.0 0.0
0.0 0.0 0.0
0.0 0.0 0.0
0.0 0.0 0.0
0.0 0.0 0.0
0.0 0.0 0.0
0.0 0.0 0.0
0.0 0.0 0.0
0.0 0.0 0.0
0.0 0.0 0.0
0.0 0.0 0.0
0.0 0.0 0.0
0.0 0.0 0.0
0.0 0.0 0.0
0.0 0.0 0.0
0.0 0.0 0.0
0.0 0.0 0.0
0.0 0.0 0.0
0.0 0.0 0.0
0.0 0.0 0.0
0.0 0.0 0.0
0.0 0.0 0.0
0.0 0.0 0.0
0.0 0.0 0.0
0.0 0.0 0.0
0.0 0.0 0.0
0.0 0.0 0.0
0.0 0.0 0.0
0.0 0.0 0.0
0.0 0.0 0.0
0.0 0.0 0.0
0.0 0.0 0.0
0.0 0.0 0.0
0.0 0.0 0.0
0.0 0.0 0.0
0.0 0.0 0.0
0.0 0.0 0.0
0.0 0.0 0.0
0.0 0.0 0.0
0.0 0.0 0.0
0.0 0.0 0.0
0.0 0.0 0.0
0.0 0.0 0.0
0.0 0.0 0.0
0.0 0.0 0.0
0.0 0.0 0.0
0.0 0.0 0.0
0.0 0.0 0.0
0.0 0.0 0.0
0.0 0.0 0.0
0.0 0.0 0.0
0.0 0.0 0.0
0.0 0.0 0.0
0.0 0.0 0.0
0.0 0.0 0.0
0.0 0.0 0.0
0.0 0.0 0.0
0.0 0.0 0.0
0.0 0.0 0.0
0.0 0.0 0.0
0.0 0.0 0.0
0.0 0.0 0.0
0.0 0.0 0.0
0.0 0.0 0.0
0.0 0.0 0.0
0.0 0.0 0.0
0.0 0.0 0.0
0.0 0.0 0.0
0.0 0.0 0.0
0.0 0.0 0.0
0.0 0.0 0.0
0.0 0.0 0.0
0.0 0.0 0.0
0.0 0.0 0.0
0.0 0.0 0.0
0.0 0.0 0.0
0.0 0.0 0.0
0.0 0.0 0.0
0.0 0.0 0.0
0.0 0.0 0.0
0.0 0.0 0.0
0.0 0.0 0.0
0.0 0.0 0.0
0.0 0.0 0.0
0.0 0.0 0.0
0.0 0.0 0.0
0.0 0.0 0.0
0.0 0.0 0.0
0.0 0.0 0.0
0.0 0.0 0.0
0.0 0.0 0.0
0.0 0.0 0.0
0.0 0.0 0.0
0.0 0.0 0.0
0.0 0.0 0.0
0.0 0.0 0.0
0.0 0.0 0.0
0.0 0.0 0.0
0.0 0.0 0.0
0.0 0.0 0.0
0.0 0.0 0.0
0.0 0.0 0.0
0.0 0.0 0.0
0.0 0.0 0.0
0.0 0.0 0.0
0.0 0.0 0.0
0.0 0.0 0.0
0.0 0.0 0.0
0.0 0.0 0.0
0.0 0.0 0.0
0.0 0.0 0.0
0.0 0.0 0.0
0.0 0.0 0.0
0.0 0.0 0.0
0.0 0.0 0.0
0.0 0.0 0.0
0.0 0.0 0.0
0.0 0.0 0.0
0.0 0.0 0.0
0.0 0.0 0.0
0.0 0.0 0.0
0.0 0.0 0.0
0.0 0.0 0.0
0.0 0.0 0.0
0.0 0.0 0.0
0.0 0.0 0.0
0.0 0.0 0.0
0.0 0.0 0.0
0.0 0.0 0.0
0.0 0.0 0.0
0.0 0.0 0.0
0.0 0.0 0.0
0.0 0.0 0.0
0.0 0.0 0.0
0.0 0.0 0.0
0.0 0.0 0.0
0.0 0.0 0.0
0.0 0.0 0.0
0.0 0.0 0.0
0.0 0.0 0.0
-21.541589736938477 43.8533821105957 5.4016289710998535
0.0 0.0 0.0
0.0 0.0 0.0
0.0 0.0 0.0
0.0 0.0 0.0
0.0 0.0 0.0
0.0 0.0 0.0
0.0 0.0 0.0
0.0 0.0 0.0
0.0 0.0 0.0
0.0 0.0 0.0
0.0 0.0 0.0
0.0 0.0 0.0
0.0 0.0 0.0
0.0 0.0 0.0
0.0 0.0 0.0
0.0 0.0 0.0
0.0 0.0 0.0
0.0 0.0 0.0
0.0 0.0 0.0
0.0 0.0 0.0
0.0 0.0 0.0
0.0 0.0 0.0
0.0 0.0 0.0
0.0 0.0 0.0
0.0 0.0 0.0
0.0 0.0 0.0
0.0 0.0 0.0
0.0 0.0 0.0
0.0 0.0 0.0
0.0 0.0 0.0
0.0 0.0 0.0
0.0 0.0 0.0
0.0 0.0 0.0
0.0 0.0 0.0
0.0 0.0 0.0
0.0 0.0 0.0
0.0 0.0 0.0
0.0 0.0 0.0
0.0 0.0 0.0
0.0 0.0 0.0
0.0 0.0 0.0
-17.0655517578125 30.216379165649414 -2.6652934551239014
0.0 0.0 0.0
0.0 0.0 0.0
0.0 0.0 0.0
0.0 0.0 0.0
0.0 0.0 0.0
0.0 0.0 0.0
0.0 0.0 0.0
0.0 0.0 0.0
0.0 0.0 0.0
0.0 0.0 0.0
0.0 0.0 0.0
0.0 0.0 0.0
0.0 0.0 0.0
0.0 0.0 0.0
0.0 0.0 0.0
0.0 0.0 0.0
0.0 0.0 0.0
0.0 0.0 0.0
0.0 0.0 0.0
0.0 0.0 0.0
0.0 0.0 0.0
0.0 0.0 0.0
0.0 0.0 0.0
0.0 0.0 0.0
0.0 0.0 0.0
0.0 0.0 0.0
0.0 0.0 0.0
0.0 0.0 0.0
0.0 0.0 0.0
0.0 0.0 0.0
0.0 0.0 0.0
0.0 0.0 0.0
0.0 0.0 0.0
0.0 0.0 0.0
0.0 0.0 0.0
0.0 0.0 0.0
-6.801826477050781 26.03519058227539 -3.2573728561401367
0.0 0.0 0.0
-6.361114978790283 25.825536727905273 -3.2635011672973633
0.0 0.0 0.0
0.0 0.0 0.0
-5.7696852684021 25.725906372070312 -3.296966552734375
-5.550647735595703 25.581321716308594 -3.292276620864868
-5.392007827758789 25.727630615234375 -3.3253939151763916
-5.109470367431641 25.25325584411621 -3.2779834270477295
-5.001091480255127 25.635974884033203 -3.3409152030944824
-4.838801860809326 25.755687713623047 -3.368389844894409
-4.63767671585083 25.66852378845215 -3.368971586227417
-4.443000793457031 25.6260986328125 -3.3757009506225586
-4.274540424346924 25.7154598236084 -3.3997364044189453
-4.059600830078125 25.52094268798828 -3.3845274448394775
-3.851142406463623 25.3477783203125 -3.3713719844818115
-3.69268536567688 25.49872398376465 -3.4014499187469482
-3.503570318222046 25.441537857055664 -3.403958559036255
0.0 0.0 0.0
-3.167248487472534 25.66184425354004 -3.451726198196411
-2.9323432445526123 25.20116424560547 -3.397463321685791
-2.7690093517303467 25.33118438720703 -3.422879457473755
-2.591007709503174 25.333036422729492 -3.4311728477478027
0.0 0.0 0.0
-2.2248785495758057 25.252769470214844 -3.433342456817627
0.0 0.0 0.0
-1.873281478881836 25.279260635375977 -3.448202133178711
-1.6912976503372192 25.201852798461914 -3.4434993267059326
0.0 0.0 0.0
-1.3381879329681396 25.237106323242188 -3.4563283920288086
-1.167651891708374 25.357309341430664 -3.476199150085449
-0.9954175353050232 25.468603134155273 -3.495042324066162
-0.8152308464050293 25.377588272094727 -3.4862921237945557
-0.6354503631591797 25.38234519958496 -3.489060640335083
0.0 0.0 0.0
-0.28334692120552063 25.46950340270996 -3.503772020339966
-0.10606476664543152 25.424177169799805 -3.499152898788452
0.07060566544532776 25.38922882080078 -3.4961256980895996
0.24647988379001617 25.299217224121094 -3.483189344406128
0.43043822050094604 25.587182998657227 -3.52201509475708
0.6060682535171509 25.479267120361328 -3.5065274238586426
0.0 0.0 0.0
0.960818350315094 25.476428985595703 -3.5052034854888916
1.1490387916564941 25.713226318359375 -3.5347423553466797
1.329215168952942 25.674095153808594 -3.5264525413513184
1.5017975568771362 25.560455322265625 -3.508159875869751
1.6878808736801147 25.677377700805664 -3.5216827392578125
1.8606036901474 25.5846004486084 -3.5058224201202393
2.057248592376709 25.807323455810547 -3.531233787536621
2.2301979064941406 25.681238174438477 -3.508976697921753
2.4275646209716797 25.86643409729004 -3.529496431350708
2.5984790325164795 25.76128387451172 -3.510547161102295
2.7816522121429443 25.782201766967773 -3.507563352584839
2.997391939163208 26.07887840270996 -3.540731191635132
3.1749489307403564 26.000703811645508 -3.5229909420013428
3.374603271484375 26.125213623046875 -3.5329880714416504
3.550748348236084 26.060199737548828 -3.517491102218628
3.740196943283081 26.093950271606445 -3.513442277908325
3.934150457382202 26.14933967590332 -3.511671543121338
4.127634525299072 26.195674896240234 -3.5088119506835938
4.3487324714660645 26.381425857543945 -3.5245301723480225
4.536325454711914 26.375099182128906 -3.5148353576660156
4.741711616516113 26.466936111450195 -3.515591859817505
4.964423179626465 26.640932083129883 -3.527278184890747
5.148564338684082 26.60013771057129 -3.5106120109558105
5.354509353637695 26.65243911743164 -3.506187677383423
0.0 0.0 0.0
5.790093898773193 26.878976821899414 -3.5106351375579834
5.984959125518799 26.874387741088867 -3.496678352355957
6.159189224243164 26.777740478515625 -3.4709243774414062
6.452260494232178 27.16938591003418 -3.508201837539673
6.652346134185791 27.171598434448242 -3.4936869144439697
0.0 0.0 0.0
7.104091167449951 27.362991333007812 -3.486856698989868
7.320724010467529 27.412927627563477 -3.477665901184082
7.521338939666748 27.3854923248291 -3.458413600921631
7.706151485443115 27.312925338745117 -3.4314944744110107
0.0 0.0 0.0
8.214597702026367 27.636056900024414 -3.436427116394043
0.0 0.0 0.0
8.793164253234863 28.13105010986328 -3.460679531097412
8.963600158691406 27.990949630737305 -3.4233665466308594
9.2064790725708 28.074655532836914 -3.4135258197784424
0.0 0.0 0.0
9.738174438476562 28.357255935668945 -3.4076108932495117
10.010461807250977 28.504606246948242 -3.403020143508911
10.247393608093262 28.531240463256836 -3.383419990539551
0.0 0.0 0.0
0.0 0.0 0.0
11.179804801940918 29.198511123657227 -3.392970561981201
0.0 0.0 0.0
11.654529571533203 29.20425033569336 -3.34323787689209
0.0 0.0 0.0
0.0 0.0 0.0
0.0 0.0 0.0
0.0 0.0 0.0
0.0 0.0 0.0
0.0 0.0 0.0
0.0 0.0 0.0
14.211935043334961 30.545116424560547 -3.268117666244507
0.0 0.0 0.0
0.0 0.0 0.0
0.0 0.0 0.0
15.656035423278809 31.330087661743164 -3.221019744873047
0.0 0.0 0.0
0.0 0.0 0.0
0.0 0.0 0.0
0.0 0.0 0.0
0.0 0.0 0.0
0.0 0.0 0.0
0.0 0.0 0.0
0.0 0.0 0.0
0.0 0.0 0.0
0.0 0.0 0.0
0.0 0.0 0.0
0.0 0.0 0.0
0.0 0.0 0.0
0.0 0.0 0.0
0.0 0.0 0.0
0.0 0.0 0.0
0.0 0.0 0.0
0.0 0.0 0.0
0.0 0.0 0.0
0.0 0.0 0.0
0.0 0.0 0.0
0.0 0.0 0.0
0.0 0.0 0.0
0.0 0.0 0.0
0.0 0.0 0.0
0.0 0.0 0.0
0.0 0.0 0.0
0.0 0.0 0.0
0.0 0.0 0.0
0.0 0.0 0.0
0.0 0.0 0.0
0.0 0.0 0.0
0.0 0.0 0.0
0.0 0.0 0.0
0.0 0.0 0.0
0.0 0.0 0.0
0.0 0.0 0.0
0.0 0.0 0.0
0.0 0.0 0.0
0.0 0.0 0.0
0.0 0.0 0.0
0.0 0.0 0.0
0.0 0.0 0.0
0.0 0.0 0.0
0.0 0.0 0.0
0.0 0.0 0.0
0.0 0.0 0.0
0.0 0.0 0.0
0.0 0.0 0.0
0.0 0.0 0.0
0.0 0.0 0.0
0.0 0.0 0.0
0.0 0.0 0.0
0.0 0.0 0.0
0.0 0.0 0.0
0.0 0.0 0.0
0.0 0.0 0.0
0.0 0.0 0.0
0.0 0.0 0.0
0.0 0.0 0.0
0.0 0.0 0.0
0.0 0.0 0.0
0.0 0.0 0.0
0.0 0.0 0.0
0.0 0.0 0.0
0.0 0.0 0.0
0.0 0.0 0.0
0.0 0.0 0.0
0.0 0.0 0.0
0.0 0.0 0.0
0.0 0.0 0.0
0.0 0.0 0.0
0.0 0.0 0.0
0.0 0.0 0.0
0.0 0.0 0.0
0.0 0.0 0.0
0.0 0.0 0.0
0.0 0.0 0.0
0.0 0.0 0.0
0.0 0.0 0.0
0.0 0.0 0.0
0.0 0.0 0.0
0.0 0.0 0.0
0.0 0.0 0.0
0.0 0.0 0.0
0.0 0.0 0.0
0.0 0.0 0.0
0.0 0.0 0.0
0.0 0.0 0.0
0.0 0.0 0.0
0.0 0.0 0.0
0.0 0.0 0.0
0.0 0.0 0.0
0.0 0.0 0.0
0.0 0.0 0.0
0.0 0.0 0.0
0.0 0.0 0.0
0.0 0.0 0.0
0.0 0.0 0.0
0.0 0.0 0.0
0.0 0.0 0.0
0.0 0.0 0.0
0.0 0.0 0.0
0.0 0.0 0.0
0.0 0.0 0.0
0.0 0.0 0.0
0.0 0.0 0.0
0.0 0.0 0.0
0.0 0.0 0.0
0.0 0.0 0.0
0.0 0.0 0.0
0.0 0.0 0.0
0.0 0.0 0.0
0.0 0.0 0.0
0.0 0.0 0.0
0.0 0.0 0.0
0.0 0.0 0.0
0.0 0.0 0.0
0.0 0.0 0.0
0.0 0.0 0.0
0.0 0.0 0.0
0.0 0.0 0.0
0.0 0.0 0.0
0.0 0.0 0.0
0.0 0.0 0.0
0.0 0.0 0.0
0.0 0.0 0.0
0.0 0.0 0.0
0.0 0.0 0.0
0.0 0.0 0.0
0.0 0.0 0.0
0.0 0.0 0.0
0.0 0.0 0.0
0.0 0.0 0.0
0.0 0.0 0.0
0.0 0.0 0.0
0.0 0.0 0.0
0.0 0.0 0.0
0.0 0.0 0.0
0.0 0.0 0.0
0.0 0.0 0.0
0.0 0.0 0.0
0.0 0.0 0.0
0.0 0.0 0.0
0.0 0.0 0.0
0.0 0.0 0.0
0.0 0.0 0.0
0.0 0.0 0.0
0.0 0.0 0.0
0.0 0.0 0.0
0.0 0.0 0.0
0.0 0.0 0.0
0.0 0.0 0.0
0.0 0.0 0.0
0.0 0.0 0.0
0.0 0.0 0.0
0.0 0.0 0.0
0.0 0.0 0.0
0.0 0.0 0.0
0.0 0.0 0.0
0.0 0.0 0.0
0.0 0.0 0.0
0.0 0.0 0.0
0.0 0.0 0.0
0.0 0.0 0.0
0.0 0.0 0.0
0.0 0.0 0.0
0.0 0.0 0.0
0.0 0.0 0.0
0.0 0.0 0.0
0.0 0.0 0.0
0.0 0.0 0.0
0.0 0.0 0.0
0.0 0.0 0.0
0.0 0.0 0.0
0.0 0.0 0.0
0.0 0.0 0.0
0.0 0.0 0.0
0.0 0.0 0.0
0.0 0.0 0.0
0.0 0.0 0.0
0.0 0.0 0.0
0.0 0.0 0.0
0.0 0.0 0.0
0.0 0.0 0.0
0.0 0.0 0.0
0.0 0.0 0.0
0.0 0.0 0.0
0.0 0.0 0.0
0.0 0.0 0.0
0.0 0.0 0.0
0.0 0.0 0.0
0.0 0.0 0.0
0.0 0.0 0.0
0.0 0.0 0.0
0.0 0.0 0.0
0.0 0.0 0.0
0.0 0.0 0.0
0.0 0.0 0.0
0.0 0.0 0.0
0.0 0.0 0.0
0.0 0.0 0.0
0.0 0.0 0.0
0.0 0.0 0.0
0.0 0.0 0.0
0.0 0.0 0.0
0.0 0.0 0.0
0.0 0.0 0.0
0.0 0.0 0.0
0.0 0.0 0.0
0.0 0.0 0.0
0.0 0.0 0.0
0.0 0.0 0.0
0.0 0.0 0.0
0.0 0.0 0.0
0.0 0.0 0.0
0.0 0.0 0.0
0.0 0.0 0.0
0.0 0.0 0.0
0.0 0.0 0.0
0.0 0.0 0.0
0.0 0.0 0.0
-16.57208824157715 29.58859634399414 -2.5841550827026367
0.0 0.0 0.0
0.0 0.0 0.0
0.0 0.0 0.0
-15.318418502807617 29.240707397460938 -2.708113193511963
0.0 0.0 0.0
0.0 0.0 0.0
-14.427610397338867 29.001066207885742 -2.791771173477173
0.0 0.0 0.0
0.0 0.0 0.0
0.0 0.0 0.0
0.0 0.0 0.0
0.0 0.0 0.0
0.0 0.0 0.0
0.0 0.0 0.0
0.0 0.0 0.0
0.0 0.0 0.0
0.0 0.0 0.0
0.0 0.0 0.0
0.0 0.0 0.0
0.0 0.0 0.0
0.0 0.0 0.0
0.0 0.0 0.0
0.0 0.0 0.0
0.0 0.0 0.0
0.0 0.0 0.0
0.0 0.0 0.0
0.0 0.0 0.0
0.0 0.0 0.0
0.0 0.0 0.0
0.0 0.0 0.0
0.0 0.0 0.0
0.0 0.0 0.0
-7.56972074508667 26.3248233795166 -3.1686668395996094
0.0 0.0 0.0
-7.191466808319092 26.38861083984375 -3.213092565536499
0.0 0.0 0.0
-6.727721214294434 26.12883186340332 -3.2144668102264404
0.0 0.0 0.0
0.0 0.0 0.0
0.0 0.0 0.0
0.0 0.0 0.0
-5.686437606811523 25.782913208007812 -3.2479171752929688
-5.542049407958984 25.986371994018555 -3.288033962249756
-5.283878326416016 25.64995765686035 -3.259667158126831
-5.1817827224731445 26.07188606262207 -3.325622320175171
0.0 0.0 0.0
-4.739253997802734 25.730100631713867 -3.3069639205932617
-4.5192670822143555 25.531444549560547 -3.2938835620880127
-4.381135940551758 25.7972469329834 -3.3398115634918213
-4.17800235748291 25.683908462524414 -3.3352088928222656
-3.9957146644592285 25.71108627319336 -3.349132537841797
0.0 0.0 0.0
-3.6288912296295166 25.703168869018555 -3.368947982788086
-3.4582056999206543 25.79157257080078 -3.3893978595733643
-3.267460584640503 25.725187301635742 -3.3887393474578857
-3.083127737045288 25.703575134277344 -3.3941116333007812
-2.9058115482330322 25.765625 -3.4108376502990723
0.0 0.0 0.0
-2.5348522663116455 25.681562423706055 -3.4143574237823486
-2.35288405418396 25.662792205810547 -3.4178783893585205
-2.174893856048584 25.685178756713867 -3.427039623260498
0.0 0.0 0.0
-1.8093770742416382 25.649263381958008 -3.434823989868164
-1.6231383085250854 25.536882400512695 -3.4234344959259033
-1.4440231323242188 25.523677825927734 -3.4254894256591797
-1.2694121599197388 25.590410232543945 -3.4384396076202393
-1.088910698890686 25.613515853881836 -3.4457831382751465
-0.9133959412574768 25.70114517211914 -3.4610445499420166
-0.7392728924751282 25.86905860900879 -3.4854941368103027
-0.5545747876167297 25.652620315551758 -3.458320379257202
-0.37780389189720154 25.76776695251465 -3.476008415222168
-0.19543832540512085 25.781057357788086 -3.4801788330078125
-0.01597392000257969 25.568750381469727 -3.452404499053955
0.163600355386734 25.835411071777344 -3.4879817962646484
0.3426142632961273 25.779521942138672 -3.4801764488220215
0.5236798524856567 25.861726760864258 -3.491182565689087
0.6970610022544861 25.61760139465332 -3.4583044052124023
0.8852840662002563 25.81354331970215 -3.482969045639038
1.0728970766067505 26.0006046295166 -3.505744218826294
1.2424225807189941 25.760953903198242 -3.4711599349975586
1.4278753995895386 25.864229202270508 -3.4829587936401367
1.610259771347046 25.89274787902832 -3.4848484992980957
1.7882516384124756 25.8081111907959 -3.4691734313964844
1.9723000526428223 25.853748321533203 -3.4709579944610596
2.1722779273986816 26.083295822143555 -3.4975569248199463
2.3602232933044434 26.141639709472656 -3.501317024230957
2.5342469215393066 26.044498443603516 -3.4841315746307373
2.7341079711914062 26.17734146118164 -3.495069742202759
2.9271140098571777 26.25507926940918 -3.498863697052002
3.1015143394470215 26.166059494018555 -3.480604410171509
3.2835044860839844 26.145048141479492 -3.4715769290924072
3.4841272830963135 26.264938354492188 -3.4805524349212646
3.657932996749878 26.152925491333008 -3.4569904804229736
3.905933380126953 26.576719284057617 -3.5044610500335693
4.080004692077637 26.477651596069336 -3.483025074005127
4.279794692993164 26.54574966430664 -3.4837512969970703
4.465077877044678 26.52089500427246 -3.470886707305908
4.693922996520996 26.74290657043457 -3.4892220497131348
4.877626895904541 26.680442810058594 -3.470348596572876
5.117641448974609 26.9332275390625 -3.492724657058716
5.26168155670166 26.67832374572754 -3.449406623840332
5.458144187927246 26.69637680053711 -3.43945050239563
5.705309867858887 26.948034286499023 -3.4591739177703857
5.936136722564697 27.090904235839844 -3.4646739959716797
6.178135871887207 27.28546714782715 -3.476968765258789
6.420173168182373 27.466781616210938 -3.4871444702148438
6.607995986938477 27.408828735351562 -3.464909315109253
6.831782817840576 27.49633026123047 -3.461168050765991
7.054693222045898 27.558692932128906 -3.4540467262268066
7.2762298583984375 27.62392234802246 -3.4476094245910645
0.0 0.0 0.0
7.734893798828125 27.790611267089844 -3.4352736473083496
7.9745306968688965 27.899219512939453 -3.431593894958496
0.0 0.0 0.0
8.482295989990234 28.172513961791992 -3.4306414127349854
8.652490615844727 28.030481338500977 -3.394289016723633
8.929316520690918 28.227670669555664 -3.3988988399505615
9.131556510925293 28.18238639831543 -3.3742942810058594
9.450918197631836 28.48931312561035 -3.39176607131958
9.710434913635254 28.593894958496094 -3.3836817741394043
0.0 0.0 0.0
10.245691299438477 28.846378326416016 -3.3704302310943604
0.0 0.0 0.0
10.830358505249023 29.198720932006836 -3.368197202682495
0.0 0.0 0.0
0.0 0.0 0.0
0.0 0.0 0.0
0.0 0.0 0.0
0.0 0.0 0.0
0.0 0.0 0.0
12.791670799255371 29.914798736572266 -3.2736611366271973
13.230818748474121 30.355724334716797 -3.2949864864349365
0.0 0.0 0.0
0.0 0.0 0.0
0.0 0.0 0.0
0.0 0.0 0.0
0.0 0.0 0.0
0.0 0.0 0.0
15.627449035644531 31.555931091308594 -3.2080352306365967
0.0 0.0 0.0
0.0 0.0 0.0
0.0 0.0 0.0
0.0 0.0 0.0
0.0 0.0 0.0
0.0 0.0 0.0
0.0 0.0 0.0
0.0 0.0 0.0
0.0 0.0 0.0
19.970714569091797 34.11810302734375 -3.071437358856201
0.0 0.0 0.0
20.829023361206055 34.46535873413086 -3.010388135910034
0.0 0.0 0.0
0.0 0.0 0.0
0.0 0.0 0.0
0.0 0.0 0.0
0.0 0.0 0.0
0.0 0.0 0.0
0.0 0.0 0.0
0.0 0.0 0.0
0.0 0.0 0.0
0.0 0.0 0.0
0.0 0.0 0.0
0.0 0.0 0.0
0.0 0.0 0.0
0.0 0.0 0.0
0.0 0.0 0.0
0.0 0.0 0.0
0.0 0.0 0.0
0.0 0.0 0.0
0.0 0.0 0.0
0.0 0.0 0.0
0.0 0.0 0.0
0.0 0.0 0.0
0.0 0.0 0.0
0.0 0.0 0.0
0.0 0.0 0.0
0.0 0.0 0.0
0.0 0.0 0.0
0.0 0.0 0.0
0.0 0.0 0.0
0.0 0.0 0.0
0.0 0.0 0.0
0.0 0.0 0.0
0.0 0.0 0.0
0.0 0.0 0.0
0.0 0.0 0.0
0.0 0.0 0.0
0.0 0.0 0.0
0.0 0.0 0.0
0.0 0.0 0.0
0.0 0.0 0.0
0.0 0.0 0.0
0.0 0.0 0.0
0.0 0.0 0.0
0.0 0.0 0.0
0.0 0.0 0.0
0.0 0.0 0.0
0.0 0.0 0.0
0.0 0.0 0.0
0.0 0.0 0.0
0.0 0.0 0.0
0.0 0.0 0.0
0.0 0.0 0.0
0.0 0.0 0.0
0.0 0.0 0.0
0.0 0.0 0.0
0.0 0.0 0.0
0.0 0.0 0.0
0.0 0.0 0.0
0.0 0.0 0.0
0.0 0.0 0.0
0.0 0.0 0.0
0.0 0.0 0.0
0.0 0.0 0.0
0.0 0.0 0.0
0.0 0.0 0.0
0.0 0.0 0.0
0.0 0.0 0.0
0.0 0.0 0.0
0.0 0.0 0.0
0.0 0.0 0.0
0.0 0.0 0.0
0.0 0.0 0.0
0.0 0.0 0.0
0.0 0.0 0.0
0.0 0.0 0.0
0.0 0.0 0.0
0.0 0.0 0.0
0.0 0.0 0.0
0.0 0.0 0.0
0.0 0.0 0.0
0.0 0.0 0.0
0.0 0.0 0.0
0.0 0.0 0.0
0.0 0.0 0.0
0.0 0.0 0.0
0.0 0.0 0.0
0.0 0.0 0.0
0.0 0.0 0.0
0.0 0.0 0.0
0.0 0.0 0.0
0.0 0.0 0.0
0.0 0.0 0.0
0.0 0.0 0.0
0.0 0.0 0.0
0.0 0.0 0.0
0.0 0.0 0.0
0.0 0.0 0.0
0.0 0.0 0.0
0.0 0.0 0.0
0.0 0.0 0.0
0.0 0.0 0.0
0.0 0.0 0.0
0.0 0.0 0.0
0.0 0.0 0.0
0.0 0.0 0.0
0.0 0.0 0.0
0.0 0.0 0.0
0.0 0.0 0.0
0.0 0.0 0.0
0.0 0.0 0.0
0.0 0.0 0.0
0.0 0.0 0.0
0.0 0.0 0.0
0.0 0.0 0.0
0.0 0.0 0.0
0.0 0.0 0.0
0.0 0.0 0.0
0.0 0.0 0.0
0.0 0.0 0.0
0.0 0.0 0.0
0.0 0.0 0.0
0.0 0.0 0.0
0.0 0.0 0.0
0.0 0.0 0.0
0.0 0.0 0.0
0.0 0.0 0.0
0.0 0.0 0.0
0.0 0.0 0.0
0.0 0.0 0.0
0.0 0.0 0.0
0.0 0.0 0.0
0.0 0.0 0.0
0.0 0.0 0.0
0.0 0.0 0.0
0.0 0.0 0.0
0.0 0.0 0.0
0.0 0.0 0.0
0.0 0.0 0.0
0.0 0.0 0.0
0.0 0.0 0.0
0.0 0.0 0.0
0.0 0.0 0.0
0.0 0.0 0.0
0.0 0.0 0.0
0.0 0.0 0.0
0.0 0.0 0.0
0.0 0.0 0.0
0.0 0.0 0.0
0.0 0.0 0.0
0.0 0.0 0.0
0.0 0.0 0.0
0.0 0.0 0.0
0.0 0.0 0.0
0.0 0.0 0.0
0.0 0.0 0.0
0.0 0.0 0.0
0.0 0.0 0.0
0.0 0.0 0.0
0.0 0.0 0.0
0.0 0.0 0.0
0.0 0.0 0.0
0.0 0.0 0.0
0.0 0.0 0.0
0.0 0.0 0.0
0.0 0.0 0.0
0.0 0.0 0.0
0.0 0.0 0.0
0.0 0.0 0.0
0.0 0.0 0.0
0.0 0.0 0.0
0.0 0.0 0.0
0.0 0.0 0.0
0.0 0.0 0.0
0.0 0.0 0.0
0.0 0.0 0.0
0.0 0.0 0.0
0.0 0.0 0.0
0.0 0.0 0.0
0.0 0.0 0.0
0.0 0.0 0.0
0.0 0.0 0.0
0.0 0.0 0.0
0.0 0.0 0.0
0.0 0.0 0.0
0.0 0.0 0.0
0.0 0.0 0.0
0.0 0.0 0.0
0.0 0.0 0.0
0.0 0.0 0.0
0.0 0.0 0.0
0.0 0.0 0.0
0.0 0.0 0.0
0.0 0.0 0.0
0.0 0.0 0.0
0.0 0.0 0.0
0.0 0.0 0.0
0.0 0.0 0.0
0.0 0.0 0.0
0.0 0.0 0.0
0.0 0.0 0.0
0.0 0.0 0.0
0.0 0.0 0.0
0.0 0.0 0.0
0.0 0.0 0.0
0.0 0.0 0.0
0.0 0.0 0.0
0.0 0.0 0.0
0.0 0.0 0.0
0.0 0.0 0.0
0.0 0.0 0.0
0.0 0.0 0.0
0.0 0.0 0.0
0.0 0.0 0.0
0.0 0.0 0.0
0.0 0.0 0.0
0.0 0.0 0.0
0.0 0.0 0.0
0.0 0.0 0.0
0.0 0.0 0.0
0.0 0.0 0.0
0.0 0.0 0.0
0.0 0.0 0.0
0.0 0.0 0.0
0.0 0.0 0.0
0.0 0.0 0.0
0.0 0.0 0.0
0.0 0.0 0.0
0.0 0.0 0.0
0.0 0.0 0.0
0.0 0.0 0.0
0.0 0.0 0.0
0.0 0.0 0.0
0.0 0.0 0.0
0.0 0.0 0.0
0.0 0.0 0.0
0.0 0.0 0.0
0.0 0.0 0.0
0.0 0.0 0.0
0.0 0.0 0.0
0.0 0.0 0.0
0.0 0.0 0.0
0.0 0.0 0.0
0.0 0.0 0.0
-7.534485816955566 26.55815315246582 -3.1481688022613525
-7.281235694885254 26.364439010620117 -3.1416127681732178
-7.127938747406006 26.52822494506836 -3.17771315574646
-6.917784214019775 26.480884552001953 -3.188692331314087
-6.721256256103516 26.480745315551758 -3.2054038047790527
0.0 0.0 0.0
-6.343905925750732 26.552717208862305 -3.244741916656494
-6.066707134246826 26.197147369384766 -3.2157435417175293
-5.890677452087402 26.26670265197754 -3.238884687423706
0.0 0.0 0.0
-5.462417125701904 26.06532859802246 -3.24174165725708
0.0 0.0 0.0
-5.112420558929443 26.207075119018555 -3.284574270248413
-4.89231014251709 26.04184341430664 -3.2765767574310303
-4.735281467437744 26.210588455200195 -3.3105075359344482
-4.507327079772949 26.001108169555664 -3.2945120334625244
-4.299136638641357 25.86954689025879 -3.2882063388824463
0.0 0.0 0.0
-3.94560170173645 25.97321319580078 -3.322596311569214
-3.758046865463257 25.95625877380371 -3.3303375244140625
0.0 0.0 0.0
-3.3788084983825684 25.892065048217773 -3.33903431892395
-3.2075462341308594 25.986543655395508 -3.359868049621582
-3.00602126121521 25.829736709594727 -3.348339080810547
0.0 0.0 0.0
-2.6276957988739014 25.689472198486328 -3.3434958457946777
-2.457799196243286 25.83357810974121 -3.3686914443969727
-2.2727150917053223 25.791080474853516 -3.369629144668579
-2.0892817974090576 25.75884437561035 -3.372044801712036
-1.9092258214950562 25.76421356201172 -3.3774051666259766
-1.7279456853866577 25.74519157409668 -3.379150390625
-1.557237982749939 25.949310302734375 -3.410457134246826
-1.3626112937927246 25.69188117980957 -3.3811769485473633
-1.1924926042556763 25.885677337646484 -3.4114291667938232
-1.0184968709945679 26.055469512939453 -3.436018705368042
-0.8329562544822693 25.929908752441406 -3.4217641353607178
-0.6454713940620422 25.78376007080078 -3.404977560043335
-0.4692125916481018 25.961456298828125 -3.4310832023620605
-0.2881265878677368 25.925020217895508 -3.4286108016967773
-0.1075354591012001 25.90312385559082 -3.4258363246917725
0.07275769859552383 25.965166091918945 -3.4343299865722656
0.25341737270355225 25.975610733032227 -3.4361655712127686
0.43848487734794617 26.04281997680664 -3.4456911087036133
0.619982123374939 26.058584213256836 -3.447605609893799
0.8019808530807495 26.07719612121582 -3.448169469833374
0.9858742952346802 26.13710594177246 -3.454355239868164
1.1688638925552368 26.160905838012695 -3.4559314250946045
1.3545547723770142 26.160043716430664 -3.4543888568878174
1.5477051734924316 26.343814849853516 -3.4760255813598633
1.715579867362976 26.101226806640625 -3.4402904510498047
1.9034082889556885 26.1743106842041 -3.4463462829589844
2.089346408843994 26.2113094329834 -3.4478037357330322
2.2895843982696533 26.366334915161133 -3.46486759185791
2.4780991077423096 26.408584594726562 -3.465287446975708
2.6551454067230225 26.326242446899414 -3.4486725330352783
2.8511099815368652 26.42757225036621 -3.4562742710113525
3.031363010406494 26.377361297607422 -3.4442050457000732
3.220935344696045 26.379369735717773 -3.4390275478363037
3.4147279262542725 26.438392639160156 -3.4389760494232178
3.610908269882202 26.503664016723633 -3.4395809173583984
3.817509412765503 26.63268280029297 -3.4485549926757812
4.021823883056641 26.73332405090332 -3.4539499282836914
4.203083515167236 26.675506591796875 -3.438673496246338
4.403339385986328 26.71567726135254 -3.43355131149292
4.5903239250183105 26.689889907836914 -3.4202489852905273
4.851441860198975 27.078655242919922 -3.4600930213928223
5.028728485107422 26.984996795654297 -3.4383292198181152
0.0 0.0 0.0
5.469477653503418 27.223512649536133 -3.4455456733703613
5.668762683868408 27.232351303100586 -3.4345602989196777
0.0 0.0 0.0
6.097988605499268 27.378101348876953 -3.4290084838867188
6.353734493255615 27.620702743530273 -3.4458680152893066
6.553467273712158 27.5924129486084 -3.42787766456604
6.765203952789307 27.627546310424805 -3.41815185546875
6.936000823974609 27.49558448791504 -3.387922763824463
7.211719989776611 27.771764755249023 -3.407956123352051
7.44896936416626 27.888492584228516 -3.405992269515991
7.637557506561279 27.803993225097656 -3.3792247772216797
7.926286697387695 28.08878517150879 -3.3976125717163086
8.1524076461792 28.13985252380371 -3.3876402378082275
8.395947456359863 28.2451114654541 -3.383291006088257
8.659656524658203 28.407838821411133 -3.3844449520111084
8.856940269470215 28.33373260498047 -3.357064723968506
9.155149459838867 28.588424682617188 -3.3689687252044678
9.407964706420898 28.689044952392578 -3.3625552654266357
9.754705429077148 29.064029693603516 -3.3859620094299316
9.902103424072266 28.836856842041016 -3.3388497829437256
10.20892333984375 29.070661544799805 -3.3451755046844482
0.0 0.0 0.0
10.74596118927002 29.28070068359375 -3.326477527618408
11.084487915039062 29.564695358276367 -3.3354809284210205
0.0 0.0 0.0
0.0 0.0 0.0
11.887198448181152 29.78553581237793 -3.289851427078247
0.0 0.0 0.0
0.0 0.0 0.0
0.0 0.0 0.0
0.0 0.0 0.0
13.423877716064453 30.500219345092773 -3.2369608879089355
0.0 0.0 0.0
0.0 0.0 0.0
14.429228782653809 31.013195037841797 -3.205815553665161
0.0 0.0 0.0
0.0 0.0 0.0
15.508668899536133 31.58754539489746 -3.1718647480010986
0.0 0.0 0.0
0.0 0.0 0.0
0.0 0.0 0.0
0.0 0.0 0.0
17.56340217590332 32.8297119140625 -3.1227564811706543
0.0 0.0 0.0
0.0 0.0 0.0
0.0 0.0 0.0
0.0 0.0 0.0
0.0 0.0 0.0
0.0 0.0 0.0
0.0 0.0 0.0
0.0 0.0 0.0
0.0 0.0 0.0
0.0 0.0 0.0
0.0 0.0 0.0
0.0 0.0 0.0
0.0 0.0 0.0
0.0 0.0 0.0
0.0 0.0 0.0
0.0 0.0 0.0
0.0 0.0 0.0
0.0 0.0 0.0
0.0 0.0 0.0
0.0 0.0 0.0
0.0 0.0 0.0
0.0 0.0 0.0
0.0 0.0 0.0
0.0 0.0 0.0
0.0 0.0 0.0
0.0 0.0 0.0
0.0 0.0 0.0
0.0 0.0 0.0
0.0 0.0 0.0
0.0 0.0 0.0
0.0 0.0 0.0
0.0 0.0 0.0
0.0 0.0 0.0
0.0 0.0 0.0
0.0 0.0 0.0
0.0 0.0 0.0
0.0 0.0 0.0
0.0 0.0 0.0
0.0 0.0 0.0
0.0 0.0 0.0
0.0 0.0 0.0
0.0 0.0 0.0
0.0 0.0 0.0
0.0 0.0 0.0
0.0 0.0 0.0
0.0 0.0 0.0
0.0 0.0 0.0
0.0 0.0 0.0
0.0 0.0 0.0
0.0 0.0 0.0
0.0 0.0 0.0
0.0 0.0 0.0
0.0 0.0 0.0
0.0 0.0 0.0
0.0 0.0 0.0
0.0 0.0 0.0
0.0 0.0 0.0
0.0 0.0 0.0
0.0 0.0 0.0
0.0 0.0 0.0
0.0 0.0 0.0
0.0 0.0 0.0
0.0 0.0 0.0
0.0 0.0 0.0
0.0 0.0 0.0
0.0 0.0 0.0
0.0 0.0 0.0
0.0 0.0 0.0
0.0 0.0 0.0
0.0 0.0 0.0
0.0 0.0 0.0
0.0 0.0 0.0
0.0 0.0 0.0
0.0 0.0 0.0
0.0 0.0 0.0
0.0 0.0 0.0
0.0 0.0 0.0
0.0 0.0 0.0
0.0 0.0 0.0
0.0 0.0 0.0
0.0 0.0 0.0
0.0 0.0 0.0
0.0 0.0 0.0
0.0 0.0 0.0
0.0 0.0 0.0
0.0 0.0 0.0
0.0 0.0 0.0
0.0 0.0 0.0
0.0 0.0 0.0
0.0 0.0 0.0
0.0 0.0 0.0
0.0 0.0 0.0
0.0 0.0 0.0
0.0 0.0 0.0
0.0 0.0 0.0
0.0 0.0 0.0
0.0 0.0 0.0
0.0 0.0 0.0
0.0 0.0 0.0
0.0 0.0 0.0
0.0 0.0 0.0
0.0 0.0 0.0
0.0 0.0 0.0
0.0 0.0 0.0
0.0 0.0 0.0
0.0 0.0 0.0
0.0 0.0 0.0
0.0 0.0 0.0
0.0 0.0 0.0
0.0 0.0 0.0
0.0 0.0 0.0
0.0 0.0 0.0
0.0 0.0 0.0
0.0 0.0 0.0
0.0 0.0 0.0
0.0 0.0 0.0
0.0 0.0 0.0
0.0 0.0 0.0
0.0 0.0 0.0
0.0 0.0 0.0
0.0 0.0 0.0
0.0 0.0 0.0
0.0 0.0 0.0
0.0 0.0 0.0
0.0 0.0 0.0
0.0 0.0 0.0
0.0 0.0 0.0
0.0 0.0 0.0
0.0 0.0 0.0
0.0 0.0 0.0
0.0 0.0 0.0
0.0 0.0 0.0
0.0 0.0 0.0
0.0 0.0 0.0
0.0 0.0 0.0
0.0 0.0 0.0
0.0 0.0 0.0
0.0 0.0 0.0
0.0 0.0 0.0
0.0 0.0 0.0
0.0 0.0 0.0
0.0 0.0 0.0
0.0 0.0 0.0
0.0 0.0 0.0
0.0 0.0 0.0
0.0 0.0 0.0
0.0 0.0 0.0
0.0 0.0 0.0
0.0 0.0 0.0
0.0 0.0 0.0
0.0 0.0 0.0
0.0 0.0 0.0
0.0 0.0 0.0
0.0 0.0 0.0
0.0 0.0 0.0
0.0 0.0 0.0
0.0 0.0 0.0
0.0 0.0 0.0
0.0 0.0 0.0
0.0 0.0 0.0
0.0 0.0 0.0
0.0 0.0 0.0
0.0 0.0 0.0
0.0 0.0 0.0
0.0 0.0 0.0
0.0 0.0 0.0
0.0 0.0 0.0
0.0 0.0 0.0
0.0 0.0 0.0
0.0 0.0 0.0
0.0 0.0 0.0
0.0 0.0 0.0
0.0 0.0 0.0
0.0 0.0 0.0
0.0 0.0 0.0
0.0 0.0 0.0
0.0 0.0 0.0
0.0 0.0 0.0
0.0 0.0 0.0
0.0 0.0 0.0
0.0 0.0 0.0
0.0 0.0 0.0
0.0 0.0 0.0
0.0 0.0 0.0
0.0 0.0 0.0
0.0 0.0 0.0
0.0 0.0 0.0
0.0 0.0 0.0
0.0 0.0 0.0
0.0 0.0 0.0
0.0 0.0 0.0
0.0 0.0 0.0
0.0 0.0 0.0
0.0 0.0 0.0
0.0 0.0 0.0
0.0 0.0 0.0
0.0 0.0 0.0
0.0 0.0 0.0
0.0 0.0 0.0
0.0 0.0 0.0
0.0 0.0 0.0
0.0 0.0 0.0
0.0 0.0 0.0
0.0 0.0 0.0
0.0 0.0 0.0
0.0 0.0 0.0
0.0 0.0 0.0
0.0 0.0 0.0
0.0 0.0 0.0
0.0 0.0 0.0
0.0 0.0 0.0
0.0 0.0 0.0
0.0 0.0 0.0
0.0 0.0 0.0
0.0 0.0 0.0
0.0 0.0 0.0
0.0 0.0 0.0
0.0 0.0 0.0
0.0 0.0 0.0
0.0 0.0 0.0
0.0 0.0 0.0
0.0 0.0 0.0
-15.548575401306152 29.682466506958008 -2.654344320297241
0.0 0.0 0.0
-14.78840446472168 29.211973190307617 -2.6812045574188232
0.0 0.0 0.0
-14.41860580444336 29.496835708618164 -2.7733733654022217
0.0 0.0 0.0
0.0 0.0 0.0
0.0 0.0 0.0
0.0 0.0 0.0
0.0 0.0 0.0
0.0 0.0 0.0
0.0 0.0 0.0
0.0 0.0 0.0
0.0 0.0 0.0
0.0 0.0 0.0
0.0 0.0 0.0
0.0 0.0 0.0
0.0 0.0 0.0
0.0 0.0 0.0
0.0 0.0 0.0
0.0 0.0 0.0
0.0 0.0 0.0
0.0 0.0 0.0
0.0 0.0 0.0
0.0 0.0 0.0
0.0 0.0 0.0
0.0 0.0 0.0
0.0 0.0 0.0
0.0 0.0 0.0
0.0 0.0 0.0
-7.529723167419434 26.892391204833984 -3.1305503845214844
0.0 0.0 0.0
0.0 0.0 0.0
0.0 0.0 0.0
0.0 0.0 0.0
0.0 0.0 0.0
0.0 0.0 0.0
0.0 0.0 0.0
0.0 0.0 0.0
0.0 0.0 0.0
-5.416100025177002 26.29203224182129 -3.20853590965271
0.0 0.0 0.0
0.0 0.0 0.0
-4.8434624671936035 26.29492950439453 -3.245925188064575
-4.647765636444092 26.257526397705078 -3.2521417140960693
0.0 0.0 0.0
-4.260331153869629 26.18597984313965 -3.2652602195739746
-4.079838275909424 26.248186111450195 -3.2842562198638916
-3.917592763900757 26.416397094726562 -3.3140645027160645
-3.7082178592681885 26.265016555786133 -3.3039278984069824
0.0 0.0 0.0
-3.306105375289917 26.03045082092285 -3.2923808097839355
-3.1483547687530518 26.2515811920166 -3.3288979530334473
-2.9413654804229736 26.087177276611328 -3.3149337768554688
-2.760903835296631 26.117401123046875 -3.325695753097534
-2.581305503845215 26.157941818237305 -3.337942123413086
-2.4072887897491455 26.26284408569336 -3.358593702316284
-2.234450340270996 26.397642135620117 -3.3818817138671875
-2.021780490875244 26.079727172851562 -3.3458635807037354
-1.8346974849700928 26.011167526245117 -3.3418407440185547
-1.661689281463623 26.14620590209961 -3.3641457557678223
-1.4717910289764404 26.017057418823242 -3.3526241779327393
-1.3000454902648926 26.21180534362793 -3.3811869621276855
-1.1097252368927002 26.10761260986328 -3.3704755306243896
-0.9282811284065247 26.12196922302246 -3.3751766681671143
-0.7479074597358704 26.169910430908203 -3.384382724761963
-0.5666072964668274 26.212730407714844 -3.393103837966919
-0.38328662514686584 26.15000343322754 -3.386000156402588
-0.19914419949054718 26.29914093017578 -3.4060213565826416
-0.01625032164156437 26.43535614013672 -3.4245309829711914
0.16651447117328644 26.25263786315918 -3.401888132095337
0.35085779428482056 26.3785457611084 -3.4194018840789795
0.5343134999275208 26.375688552856445 -3.4177117347717285
0.7131083607673645 26.201168060302734 -3.3939247131347656
0.9006331562995911 26.253761291503906 -3.3997089862823486
1.0795376300811768 26.158058166503906 -3.386474847793579
1.2733471393585205 26.397842407226562 -3.4163930416107178
1.457706093788147 26.400531768798828 -3.4133498668670654
1.647232174873352 26.487014770507812 -3.4212963581085205
1.8312116861343384 26.4250431060791 -3.4101722240448
2.009885311126709 26.346586227416992 -3.397156000137329
2.20721697807312 26.502553939819336 -3.413635730743408
2.414210319519043 26.738317489624023 -3.438645601272583
2.607327461242676 26.795087814331055 -3.4407384395599365
2.791853666305542 26.726802825927734 -3.426844835281372
2.987640380859375 26.796241760253906 -3.4308624267578125
3.1633565425872803 26.68743324279785 -3.4108362197875977
3.3664753437042236 26.80446434020996 -3.4184823036193848
3.5657694339752197 26.877702713012695 -3.420645236968994
3.7581286430358887 26.868440628051758 -3.412328004837036
3.9518964290618896 26.888919830322266 -3.4080567359924316
4.169020652770996 27.05765724182129 -3.4208059310913086
4.383267402648926 27.1903133392334 -3.428302764892578
4.58025598526001 27.206615447998047 -3.4212255477905273
4.807397365570068 27.38946533203125 -3.4351603984832764
4.981027126312256 27.24578285217285 -3.4081385135650635
5.241635322570801 27.585649490356445 -3.439237117767334
5.41862154006958 27.474349975585938 -3.4140212535858154
5.625608444213867 27.513837814331055 -3.4076943397521973
5.807475566864014 27.430408477783203 -3.386310338973999
6.0605549812316895 27.65961265563965 -3.4028241634368896
6.256778717041016 27.634056091308594 -3.3862552642822266
6.4787678718566895 27.716588973999023 -3.3830130100250244
6.718350410461426 27.86530303955078 -3.3878772258758545
6.929673194885254 27.887731552124023 -3.377413272857666
7.182052135467529 28.054603576660156 -3.3829336166381836
7.362898349761963 27.950057983398438 -3.3549325466156006
7.672501564025879 28.323760986328125 -3.3843002319335938
7.852377414703369 28.208513259887695 -3.355212688446045
0.0 0.0 0.0
8.390877723693848 28.584720611572266 -3.3668155670166016
8.620782852172852 28.628549575805664 -3.3543782234191895
0.0 0.0 0.0
9.071462631225586 28.673852920532227 -3.32474946975708
9.317795753479004 28.756893157958984 -3.316250801086426
9.639505386352539 29.05906867980957 -3.3313724994659424
9.889647483825684 29.12163543701172 -3.3184990882873535
10.133661270141602 29.172327041625977 -3.3046233654022217
10.315150260925293 29.04166603088379 -3.2703278064727783
0.0 0.0 0.0
0.0 0.0 0.0
11.236162185668945 29.648822784423828 -3.2728593349456787
0.0 0.0 0.0
0.0 0.0 0.0
0.0 0.0 0.0
0.0 0.0 0.0
12.821004867553711 30.56956672668457 -3.2535929679870605
13.116323471069336 30.67612075805664 -3.2398457527160645
0.0 0.0 0.0
0.0 0.0 0.0
14.131699562072754 31.226463317871094 -3.215196371078491
0.0 0.0 0.0
14.934935569763184 31.806365966796875 -3.2163655757904053
15.20936393737793 31.813852310180664 -3.1869428157806396
15.5782470703125 32.011451721191406 -3.1763317584991455
15.822588920593262 31.94754409790039 -3.139632225036621
0.0 0.0 0.0
0.0 0.0 0.0
0.0 0.0 0.0
0.0 0.0 0.0
0.0 0.0 0.0
0.0 0.0 0.0
0.0 0.0 0.0
0.0 0.0 0.0
0.0 0.0 0.0
0.0 0.0 0.0
20.513782501220703 34.4893684387207 -2.964381217956543
0.0 0.0 0.0
0.0 0.0 0.0
0.0 0.0 0.0
0.0 0.0 0.0
0.0 0.0 0.0
0.0 0.0 0.0
0.0 0.0 0.0
0.0 0.0 0.0
0.0 0.0 0.0
0.0 0.0 0.0
0.0 0.0 0.0
0.0 0.0 0.0
0.0 0.0 0.0
0.0 0.0 0.0
0.0 0.0 0.0
0.0 0.0 0.0
0.0 0.0 0.0
0.0 0.0 0.0
0.0 0.0 0.0
0.0 0.0 0.0
0.0 0.0 0.0
0.0 0.0 0.0
0.0 0.0 0.0
0.0 0.0 0.0
0.0 0.0 0.0
0.0 0.0 0.0
0.0 0.0 0.0
0.0 0.0 0.0
0.0 0.0 0.0
0.0 0.0 0.0
0.0 0.0 0.0
0.0 0.0 0.0
0.0 0.0 0.0
0.0 0.0 0.0
0.0 0.0 0.0
0.0 0.0 0.0
0.0 0.0 0.0
0.0 0.0 0.0
0.0 0.0 0.0
0.0 0.0 0.0
0.0 0.0 0.0
0.0 0.0 0.0
0.0 0.0 0.0
0.0 0.0 0.0
0.0 0.0 0.0
0.0 0.0 0.0
0.0 0.0 0.0
0.0 0.0 0.0
0.0 0.0 0.0
0.0 0.0 0.0
0.0 0.0 0.0
0.0 0.0 0.0
0.0 0.0 0.0
0.0 0.0 0.0
0.0 0.0 0.0
0.0 0.0 0.0
0.0 0.0 0.0
0.0 0.0 0.0
0.0 0.0 0.0
0.0 0.0 0.0
0.0 0.0 0.0
0.0 0.0 0.0
0.0 0.0 0.0
0.0 0.0 0.0
0.0 0.0 0.0
0.0 0.0 0.0
0.0 0.0 0.0
0.0 0.0 0.0
0.0 0.0 0.0
0.0 0.0 0.0
0.0 0.0 0.0
0.0 0.0 0.0
0.0 0.0 0.0
0.0 0.0 0.0
0.0 0.0 0.0
0.0 0.0 0.0
0.0 0.0 0.0
0.0 0.0 0.0
0.0 0.0 0.0
0.0 0.0 0.0
0.0 0.0 0.0
0.0 0.0 0.0
0.0 0.0 0.0
0.0 0.0 0.0
0.0 0.0 0.0
0.0 0.0 0.0
0.0 0.0 0.0
0.0 0.0 0.0
0.0 0.0 0.0
0.0 0.0 0.0
0.0 0.0 0.0
0.0 0.0 0.0
0.0 0.0 0.0
0.0 0.0 0.0
0.0 0.0 0.0
0.0 0.0 0.0
0.0 0.0 0.0
0.0 0.0 0.0
0.0 0.0 0.0
0.0 0.0 0.0
0.0 0.0 0.0
0.0 0.0 0.0
0.0 0.0 0.0
0.0 0.0 0.0
0.0 0.0 0.0
0.0 0.0 0.0
0.0 0.0 0.0
0.0 0.0 0.0
0.0 0.0 0.0
0.0 0.0 0.0
0.0 0.0 0.0
0.0 0.0 0.0
0.0 0.0 0.0
0.0 0.0 0.0
0.0 0.0 0.0
0.0 0.0 0.0
0.0 0.0 0.0
0.0 0.0 0.0
0.0 0.0 0.0
0.0 0.0 0.0
0.0 0.0 0.0
0.0 0.0 0.0
0.0 0.0 0.0
0.0 0.0 0.0
0.0 0.0 0.0
0.0 0.0 0.0
0.0 0.0 0.0
0.0 0.0 0.0
0.0 0.0 0.0
0.0 0.0 0.0
0.0 0.0 0.0
0.0 0.0 0.0
0.0 0.0 0.0
0.0 0.0 0.0
0.0 0.0 0.0
0.0 0.0 0.0
0.0 0.0 0.0
0.0 0.0 0.0
0.0 0.0 0.0
0.0 0.0 0.0
0.0 0.0 0.0
0.0 0.0 0.0
0.0 0.0 0.0
0.0 0.0 0.0
0.0 0.0 0.0
0.0 0.0 0.0
0.0 0.0 0.0
0.0 0.0 0.0
0.0 0.0 0.0
0.0 0.0 0.0
0.0 0.0 0.0
0.0 0.0 0.0
0.0 0.0 0.0
0.0 0.0 0.0
0.0 0.0 0.0
0.0 0.0 0.0
0.0 0.0 0.0
0.0 0.0 0.0
0.0 0.0 0.0
0.0 0.0 0.0
0.0 0.0 0.0
0.0 0.0 0.0
0.0 0.0 0.0
0.0 0.0 0.0
0.0 0.0 0.0
0.0 0.0 0.0
0.0 0.0 0.0
0.0 0.0 0.0
0.0 0.0 0.0
0.0 0.0 0.0
0.0 0.0 0.0
0.0 0.0 0.0
0.0 0.0 0.0
0.0 0.0 0.0
0.0 0.0 0.0
0.0 0.0 0.0
0.0 0.0 0.0
0.0 0.0 0.0
0.0 0.0 0.0
0.0 0.0 0.0
0.0 0.0 0.0
0.0 0.0 0.0
0.0 0.0 0.0
0.0 0.0 0.0
0.0 0.0 0.0
0.0 0.0 0.0
0.0 0.0 0.0
0.0 0.0 0.0
0.0 0.0 0.0
0.0 0.0 0.0
0.0 0.0 0.0
0.0 0.0 0.0
0.0 0.0 0.0
0.0 0.0 0.0
0.0 0.0 0.0
0.0 0.0 0.0
0.0 0.0 0.0
0.0 0.0 0.0
0.0 0.0 0.0
0.0 0.0 0.0
0.0 0.0 0.0
0.0 0.0 0.0
0.0 0.0 0.0
0.0 0.0 0.0
0.0 0.0 0.0
0.0 0.0 0.0
0.0 0.0 0.0
0.0 0.0 0.0
0.0 0.0 0.0
0.0 0.0 0.0
0.0 0.0 0.0
0.0 0.0 0.0
0.0 0.0 0.0
0.0 0.0 0.0
0.0 0.0 0.0
0.0 0.0 0.0
0.0 0.0 0.0
0.0 0.0 0.0
0.0 0.0 0.0
0.0 0.0 0.0
0.0 0.0 0.0
0.0 0.0 0.0
0.0 0.0 0.0
0.0 0.0 0.0
0.0 0.0 0.0
0.0 0.0 0.0
0.0 0.0 0.0
0.0 0.0 0.0
0.0 0.0 0.0
0.0 0.0 0.0
0.0 0.0 0.0
0.0 0.0 0.0
0.0 0.0 0.0
0.0 0.0 0.0
0.0 0.0 0.0
0.0 0.0 0.0
0.0 0.0 0.0
0.0 0.0 0.0
0.0 0.0 0.0
0.0 0.0 0.0
0.0 0.0 0.0
0.0 0.0 0.0
0.0 0.0 0.0
0.0 0.0 0.0
0.0 0.0 0.0
0.0 0.0 0.0
-7.277769565582275 27.085205078125 -3.118267774581909
0.0 0.0 0.0
0.0 0.0 0.0
-6.604249477386475 26.814565658569336 -3.1324312686920166
-6.386265754699707 26.729307174682617 -3.1375229358673096
0.0 0.0 0.0
-6.010732173919678 26.80389404296875 -3.1740236282348633
0.0 0.0 0.0
0.0 0.0 0.0
-5.426502704620361 26.822933197021484 -3.2162363529205322
0.0 0.0 0.0
-5.015966415405273 26.701608657836914 -3.2248263359069824
-4.770213603973389 26.4058780670166 -3.200122594833374
-4.6203083992004395 26.655080795288086 -3.241771936416626
0.0 0.0 0.0
-4.194387912750244 26.376483917236328 -3.22865629196167
-4.039787292480469 26.5952205657959 -3.264561414718628
-3.834000587463379 26.479175567626953 -3.2595462799072266
-3.615216016769409 26.2540225982666 -3.2411203384399414
0.0 0.0 0.0
-3.2975385189056396 26.718921661376953 -3.3152849674224854
-3.074838876724243 26.42424201965332 -3.285735607147217
-2.8688178062438965 26.24342918395996 -3.2703747749328613
-2.7033298015594482 26.431264877319336 -3.3011045455932617
-2.514986753463745 26.440898895263672 -3.309447765350342
-2.329435110092163 26.437564849853516 -3.3139851093292236
-2.1463353633880615 26.463851928710938 -3.3224008083343506
-1.9601179361343384 26.450214385986328 -3.3259620666503906
-1.7705602645874023 26.381132125854492 -3.3226897716522217
-1.5813357830047607 26.353551864624023 -3.323929786682129
-1.397463321685791 26.35564422607422 -3.327179193496704
-1.2157776355743408 26.402915954589844 -3.3362972736358643
-1.037132978439331 26.5418643951416 -3.357182264328003
-0.8457673788070679 26.334861755371094 -3.334455966949463
0.0 0.0 0.0
-0.47867169976234436 26.498554229736328 -3.358621835708618
-0.29444414377212524 26.50104331970215 -3.360193967819214
-0.11033403128385544 26.533252716064453 -3.365699052810669
0.0744454562664032 26.568052291870117 -3.37170147895813
0.2586498260498047 26.516530990600586 -3.3652143478393555
0.0 0.0 0.0
0.6322758793830872 26.568666458129883 -3.3704581260681152
0.8169667720794678 26.563762664794922 -3.369401693344116
1.001844882965088 26.557567596435547 -3.3683438301086426
1.1930553913116455 26.697492599487305 -3.3836958408355713
1.386404037475586 26.774030685424805 -3.390471935272217
1.582717776298523 26.934459686279297 -3.408060312271118
1.760228157043457 26.77247428894043 -3.385014057159424
0.0 0.0 0.0
2.14449405670166 26.897382736206055 -3.3936591148376465
2.3195722103118896 26.70474624633789 -3.3645451068878174
2.500042200088501 26.634780883789062 -3.3511836528778076
2.718393087387085 26.94536590576172 -3.385814905166626
2.9215571880340576 27.0731201171875 -3.3972740173339844
0.0 0.0 0.0
3.2886345386505127 26.92790412902832 -3.3654608726501465
3.515346050262451 27.209245681762695 -3.394042491912842
3.7066421508789062 27.200664520263672 -3.3865559101104736
3.8946008682250977 27.167821884155273 -3.3754467964172363
4.075742244720459 27.08783531188965 -3.356808662414551
4.29315185546875 27.244138717651367 -3.3675858974456787
4.533626556396484 27.501462936401367 -3.3907032012939453
4.747302532196045 27.600677490234375 -3.394526243209839
4.927667617797852 27.50373077392578 -3.3730576038360596
5.139830589294434 27.581092834472656 -3.3718481063842773
5.324563503265381 27.508329391479492 -3.3524203300476074
5.5539679527282715 27.642820358276367 -3.3581783771514893
0.0 0.0 0.0
5.975912570953369 27.741069793701172 -3.3477635383605957
6.256042957305908 28.090862274169922 -3.3773579597473145
6.436964988708496 27.98438835144043 -3.3521125316619873
6.630005359649658 27.9174861907959 -3.3315930366516113
6.900976181030273 28.185548782348633 -3.3511483669281006
7.129337310791016 28.26714324951172 -3.346175193786621
0.0 0.0 0.0
7.622952461242676 28.544757843017578 -3.3497097492218018
7.874621868133545 28.672069549560547 -3.349834680557251
0.0 0.0 0.0
8.321423530578613 28.728666305541992 -3.3243725299835205
8.519698143005371 28.66505241394043 -3.3004746437072754
8.826169967651367 28.95662498474121 -3.3174374103546143
9.160574913024902 29.30722999572754 -3.3405842781066895
9.301803588867188 29.049556732177734 -3.2928426265716553
9.611137390136719 29.311527252197266 -3.303631067276001
9.805696487426758 29.21717643737793 -3.2742507457733154
10.116724967956543 29.463205337524414 -3.2829949855804443
0.0 0.0 0.0
10.726618766784668 29.868803024291992 -3.2867960929870605
10.886993408203125 29.664955139160156 -3.2432541847229004
11.154407501220703 29.751306533813477 -3.2315549850463867
11.501376152038574 30.03862190246582 -3.241471767425537
0.0 0.0 0.0
0.0 0.0 0.0
12.39996337890625 30.454608917236328 -3.215182065963745
0.0 0.0 0.0
13.065925598144531 30.85439682006836 -3.2084310054779053
0.0 0.0 0.0
0.0 0.0 0.0
14.084366798400879 31.40569305419922 -3.1858298778533936
14.3435640335083 31.39882469177246 -3.158060073852539
14.641716003417969 31.470836639404297 -3.1365818977355957
15.063385009765625 31.796781539916992 -3.1399922370910645
0.0 0.0 0.0
0.0 0.0 0.0
0.0 0.0 0.0
0.0 0.0 0.0
0.0 0.0 0.0
0.0 0.0 0.0
17.942649841308594 33.533302307128906 -3.0786960124969482
0.0 0.0 0.0
0.0 0.0 0.0
0.0 0.0 0.0
0.0 0.0 0.0
0.0 0.0 0.0
20.398609161376953 34.56881332397461 -2.9397053718566895
0.0 0.0 0.0
0.0 0.0 0.0
0.0 0.0 0.0
0.0 0.0 0.0
0.0 0.0 0.0
0.0 0.0 0.0
0.0 0.0 0.0
0.0 0.0 0.0
0.0 0.0 0.0
0.0 0.0 0.0
0.0 0.0 0.0
0.0 0.0 0.0
0.0 0.0 0.0
0.0 0.0 0.0
0.0 0.0 0.0
0.0 0.0 0.0
0.0 0.0 0.0
0.0 0.0 0.0
0.0 0.0 0.0
0.0 0.0 0.0
0.0 0.0 0.0
0.0 0.0 0.0
0.0 0.0 0.0
0.0 0.0 0.0
0.0 0.0 0.0
0.0 0.0 0.0
0.0 0.0 0.0
0.0 0.0 0.0
0.0 0.0 0.0
0.0 0.0 0.0
0.0 0.0 0.0
0.0 0.0 0.0
68.32733154296875 124.10663604736328 12.718463897705078
0.0 0.0 0.0
0.0 0.0 0.0
0.0 0.0 0.0
0.0 0.0 0.0
0.0 0.0 0.0
0.0 0.0 0.0
0.0 0.0 0.0
0.0 0.0 0.0
0.0 0.0 0.0
0.0 0.0 0.0
0.0 0.0 0.0
0.0 0.0 0.0
0.0 0.0 0.0
0.0 0.0 0.0
0.0 0.0 0.0
0.0 0.0 0.0
0.0 0.0 0.0
0.0 0.0 0.0
0.0 0.0 0.0
0.0 0.0 0.0
0.0 0.0 0.0
0.0 0.0 0.0
0.0 0.0 0.0
0.0 0.0 0.0
0.0 0.0 0.0
0.0 0.0 0.0
0.0 0.0 0.0
0.0 0.0 0.0
0.0 0.0 0.0
0.0 0.0 0.0
0.0 0.0 0.0
0.0 0.0 0.0
0.0 0.0 0.0
0.0 0.0 0.0
0.0 0.0 0.0
0.0 0.0 0.0
0.0 0.0 0.0
0.0 0.0 0.0
0.0 0.0 0.0
0.0 0.0 0.0
0.0 0.0 0.0
0.0 0.0 0.0
0.0 0.0 0.0
0.0 0.0 0.0
0.0 0.0 0.0
0.0 0.0 0.0
0.0 0.0 0.0
0.0 0.0 0.0
0.0 0.0 0.0
0.0 0.0 0.0
0.0 0.0 0.0
0.0 0.0 0.0
0.0 0.0 0.0
0.0 0.0 0.0
0.0 0.0 0.0
0.0 0.0 0.0
0.0 0.0 0.0
0.0 0.0 0.0
0.0 0.0 0.0
0.0 0.0 0.0
0.0 0.0 0.0
0.0 0.0 0.0
0.0 0.0 0.0
0.0 0.0 0.0
0.0 0.0 0.0
0.0 0.0 0.0
0.0 0.0 0.0
0.0 0.0 0.0
0.0 0.0 0.0
0.0 0.0 0.0
0.0 0.0 0.0
0.0 0.0 0.0
0.0 0.0 0.0
0.0 0.0 0.0
0.0 0.0 0.0
0.0 0.0 0.0
0.0 0.0 0.0
0.0 0.0 0.0
0.0 0.0 0.0
0.0 0.0 0.0
0.0 0.0 0.0
0.0 0.0 0.0
0.0 0.0 0.0
0.0 0.0 0.0
0.0 0.0 0.0
0.0 0.0 0.0
0.0 0.0 0.0
0.0 0.0 0.0
0.0 0.0 0.0
0.0 0.0 0.0
0.0 0.0 0.0
0.0 0.0 0.0
0.0 0.0 0.0
0.0 0.0 0.0
0.0 0.0 0.0
0.0 0.0 0.0
0.0 0.0 0.0
0.0 0.0 0.0
0.0 0.0 0.0
0.0 0.0 0.0
0.0 0.0 0.0
0.0 0.0 0.0
0.0 0.0 0.0
0.0 0.0 0.0
0.0 0.0 0.0
0.0 0.0 0.0
0.0 0.0 0.0
0.0 0.0 0.0
0.0 0.0 0.0
0.0 0.0 0.0
0.0 0.0 0.0
0.0 0.0 0.0
0.0 0.0 0.0
0.0 0.0 0.0
0.0 0.0 0.0
0.0 0.0 0.0
0.0 0.0 0.0
0.0 0.0 0.0
0.0 0.0 0.0
0.0 0.0 0.0
0.0 0.0 0.0
0.0 0.0 0.0
0.0 0.0 0.0
0.0 0.0 0.0
0.0 0.0 0.0
0.0 0.0 0.0
0.0 0.0 0.0
0.0 0.0 0.0
0.0 0.0 0.0
0.0 0.0 0.0
0.0 0.0 0.0
0.0 0.0 0.0
0.0 0.0 0.0
0.0 0.0 0.0
0.0 0.0 0.0
0.0 0.0 0.0
0.0 0.0 0.0
0.0 0.0 0.0
0.0 0.0 0.0
0.0 0.0 0.0
0.0 0.0 0.0
0.0 0.0 0.0
0.0 0.0 0.0
0.0 0.0 0.0
0.0 0.0 0.0
0.0 0.0 0.0
0.0 0.0 0.0
0.0 0.0 0.0
0.0 0.0 0.0
0.0 0.0 0.0
0.0 0.0 0.0
0.0 0.0 0.0
0.0 0.0 0.0
0.0 0.0 0.0
0.0 0.0 0.0
0.0 0.0 0.0
0.0 0.0 0.0
0.0 0.0 0.0
0.0 0.0 0.0
0.0 0.0 0.0
0.0 0.0 0.0
0.0 0.0 0.0
0.0 0.0 0.0
0.0 0.0 0.0
0.0 0.0 0.0
0.0 0.0 0.0
0.0 0.0 0.0
0.0 0.0 0.0
0.0 0.0 0.0
0.0 0.0 0.0
0.0 0.0 0.0
0.0 0.0 0.0
0.0 0.0 0.0
0.0 0.0 0.0
0.0 0.0 0.0
0.0 0.0 0.0
0.0 0.0 0.0
0.0 0.0 0.0
0.0 0.0 0.0
0.0 0.0 0.0
0.0 0.0 0.0
0.0 0.0 0.0
0.0 0.0 0.0
0.0 0.0 0.0
0.0 0.0 0.0
0.0 0.0 0.0
0.0 0.0 0.0
0.0 0.0 0.0
0.0 0.0 0.0
0.0 0.0 0.0
0.0 0.0 0.0
0.0 0.0 0.0
0.0 0.0 0.0
0.0 0.0 0.0
0.0 0.0 0.0
0.0 0.0 0.0
0.0 0.0 0.0
0.0 0.0 0.0
0.0 0.0 0.0
0.0 0.0 0.0
0.0 0.0 0.0
0.0 0.0 0.0
0.0 0.0 0.0
0.0 0.0 0.0
0.0 0.0 0.0
0.0 0.0 0.0
0.0 0.0 0.0
0.0 0.0 0.0
0.0 0.0 0.0
0.0 0.0 0.0
0.0 0.0 0.0
0.0 0.0 0.0
0.0 0.0 0.0
0.0 0.0 0.0
0.0 0.0 0.0
0.0 0.0 0.0
-7.020176410675049 27.265445709228516 -3.0941836833953857
0.0 0.0 0.0
0.0 0.0 0.0
-6.3639912605285645 27.044496536254883 -3.1129519939422607
-6.1555256843566895 27.01495933532715 -3.122934341430664
0.0 0.0 0.0
0.0 0.0 0.0
-5.5345048904418945 26.869461059570312 -3.145569086074829
-5.329763412475586 26.8179988861084 -3.150895833969116
-5.114649295806885 26.72368049621582 -3.151453733444214
-4.909155368804932 26.653844833374023 -3.154762029647827
-4.717952728271484 26.655006408691406 -3.1665549278259277
-4.531694412231445 26.685623168945312 -3.180669069290161
-4.359719276428223 26.803144454956055 -3.203902006149292
0.0 0.0 0.0
-3.959423303604126 26.705272674560547 -3.211153745651245
-3.7553625106811523 26.603946685791016 -3.2085256576538086
0.0 0.0 0.0
0.0 0.0 0.0
-3.1842119693756104 26.54961395263672 -3.2244842052459717
0.0 0.0 0.0
-2.818176746368408 26.6547908782959 -3.252676486968994
-2.624528169631958 26.59178352355957 -3.2505173683166504
-2.4419331550598145 26.635522842407227 -3.2612550258636475
-2.2547059059143066 26.631654739379883 -3.2663302421569824
-2.0785865783691406 26.80838966369629 -3.293843984603882
-1.883007526397705 26.69367027282715 -3.2854878902435303
-1.6872950792312622 26.550764083862305 -3.2712810039520264
-1.5098661184310913 26.6928768157959 -3.2923474311828613
0.0 0.0 0.0
-1.133017897605896 26.659873962402344 -3.295914649963379
-0.95395827293396 26.85254669189453 -3.3232619762420654
-0.7641714811325073 26.75363540649414 -3.3124682903289795
0.0 0.0 0.0
-0.39279013872146606 26.834793090820312 -3.32590389251709
-0.20206426084041595 26.7203369140625 -3.3136768341064453
-0.01626676321029663 26.844982147216797 -3.330367088317871
0.17132210731506348 26.972427368164062 -3.34578013420105
0.35607078671455383 26.769079208374023 -3.3203225135803223
0.5412899851799011 26.71562385559082 -3.313619375228882
0.7325339913368225 26.90890121459961 -3.337679862976074
0.9200621247291565 26.821895599365234 -3.3258919715881348
0.0 0.0 0.0
1.2966145277023315 26.8808536529541 -3.3287100791931152
1.4924232959747314 27.030275344848633 -3.345193862915039
1.6939936876296997 27.24019432067871 -3.3693020343780518
1.8647443056106567 26.910972595214844 -3.3253161907196045
2.0625998973846436 27.03721809387207 -3.3367598056793213
2.259406089782715 27.127239227294922 -3.343858003616333
2.4453606605529785 27.080677032470703 -3.334271192550659
2.6304006576538086 27.028982162475586 -3.3242225646972656
0.0 0.0 0.0
3.0309743881225586 27.184091567993164 -3.331531524658203
3.206848621368408 27.051708221435547 -3.3093624114990234
3.435638189315796 27.352975845336914 -3.3403594493865967
0.0 0.0 0.0
3.8069136142730713 27.216102600097656 -3.31002140045166
4.051654815673828 27.566316604614258 -3.344578981399536
4.249474048614502 27.577119827270508 -3.337998390197754
4.458134174346924 27.651601791381836 -3.339247226715088
4.6711320877075195 27.743690490722656 -3.3424978256225586
4.873713493347168 27.7656192779541 -3.335143566131592
5.103790760040283 27.915250778198242 -3.3430423736572266
5.278633117675781 27.777767181396484 -3.3168556690216064
5.509620666503906 27.932283401489258 -3.3256680965423584
5.7188191413879395 27.96721076965332 -3.319514751434326
5.945865154266357 28.0804443359375 -3.321037769317627
6.202116966247559 28.301124572753906 -3.335059881210327
6.383065223693848 28.187227249145508 -3.30993390083313
6.586580276489258 28.17420768737793 -3.2968316078186035
6.822608947753906 28.295795440673828 -3.298187017440796
7.088090419769287 28.524749755859375 -3.3110575675964355
7.276854038238525 28.423351287841797 -3.2853963375091553
7.5569915771484375 28.685726165771484 -3.3020615577697754
7.766014575958252 28.66828155517578 -3.2865123748779297
0.0 0.0 0.0
0.0 0.0 0.0
8.53144359588623 29.064970016479492 -3.284329414367676
0.0 0.0 0.0
0.0 0.0 0.0
9.304333686828613 29.413728713989258 -3.2734763622283936
9.582748413085938 29.576169967651367 -3.273564577102661
0.0 0.0 0.0
0.0 0.0 0.0
10.32119083404541 29.713857650756836 -3.2331461906433105
10.645750045776367 29.97353172302246 -3.241312026977539
0.0 0.0 0.0
0.0 0.0 0.0
11.544979095458984 30.464065551757812 -3.232525110244751
0.0 0.0 0.0
0.0 0.0 0.0
12.30355167388916 30.52779197692871 -3.172341823577881
12.583100318908691 30.606117248535156 -3.1581978797912598
13.061928749084473 31.143436431884766 -3.1884191036224365
0.0 0.0 0.0
0.0 0.0 0.0
0.0 0.0 0.0
0.0 0.0 0.0
14.68513011932373 31.8491268157959 -3.128938674926758
0.0 0.0 0.0
0.0 0.0 0.0
0.0 0.0 0.0
0.0 0.0 0.0
0.0 0.0 0.0
0.0 0.0 0.0
0.0 0.0 0.0
0.0 0.0 0.0
0.0 0.0 0.0
0.0 0.0 0.0
19.222015380859375 34.46489334106445 -3.018812656402588
19.47041893005371 34.347408294677734 -2.970409870147705
19.96116065979004 34.650028228759766 -2.9579834938049316
20.356672286987305 34.77601623535156 -2.9298431873321533
21.126649856567383 35.524993896484375 -2.950577974319458
0.0 0.0 0.0
0.0 0.0 0.0
0.0 0.0 0.0
0.0 0.0 0.0
0.0 0.0 0.0
0.0 0.0 0.0
0.0 0.0 0.0
0.0 0.0 0.0
0.0 0.0 0.0
0.0 0.0 0.0
0.0 0.0 0.0
0.0 0.0 0.0
0.0 0.0 0.0
0.0 0.0 0.0
0.0 0.0 0.0
0.0 0.0 0.0
0.0 0.0 0.0
0.0 0.0 0.0
0.0 0.0 0.0
0.0 0.0 0.0
0.0 0.0 0.0
0.0 0.0 0.0
0.0 0.0 0.0
0.0 0.0 0.0
0.0 0.0 0.0
0.0 0.0 0.0
0.0 0.0 0.0
0.0 0.0 0.0
0.0 0.0 0.0
0.0 0.0 0.0
0.0 0.0 0.0
0.0 0.0 0.0
0.0 0.0 0.0
0.0 0.0 0.0
0.0 0.0 0.0
0.0 0.0 0.0
0.0 0.0 0.0
0.0 0.0 0.0
0.0 0.0 0.0
0.0 0.0 0.0
0.0 0.0 0.0
0.0 0.0 0.0
0.0 0.0 0.0
0.0 0.0 0.0
0.0 0.0 0.0
0.0 0.0 0.0
0.0 0.0 0.0
0.0 0.0 0.0
0.0 0.0 0.0
0.0 0.0 0.0
0.0 0.0 0.0
0.0 0.0 0.0
0.0 0.0 0.0
0.0 0.0 0.0
0.0 0.0 0.0
0.0 0.0 0.0
0.0 0.0 0.0
0.0 0.0 0.0
0.0 0.0 0.0
0.0 0.0 0.0
0.0 0.0 0.0
0.0 0.0 0.0
0.0 0.0 0.0
0.0 0.0 0.0
0.0 0.0 0.0
0.0 0.0 0.0
0.0 0.0 0.0
0.0 0.0 0.0
0.0 0.0 0.0
0.0 0.0 0.0
0.0 0.0 0.0
0.0 0.0 0.0
0.0 0.0 0.0
0.0 0.0 0.0
0.0 0.0 0.0
0.0 0.0 0.0
0.0 0.0 0.0
0.0 0.0 0.0
0.0 0.0 0.0
0.0 0.0 0.0
0.0 0.0 0.0
0.0 0.0 0.0
0.0 0.0 0.0
0.0 0.0 0.0
0.0 0.0 0.0
0.0 0.0 0.0
0.0 0.0 0.0
0.0 0.0 0.0
0.0 0.0 0.0
0.0 0.0 0.0
0.0 0.0 0.0
0.0 0.0 0.0
0.0 0.0 0.0
0.0 0.0 0.0
0.0 0.0 0.0
0.0 0.0 0.0
0.0 0.0 0.0
0.0 0.0 0.0
0.0 0.0 0.0
0.0 0.0 0.0
0.0 0.0 0.0
0.0 0.0 0.0
0.0 0.0 0.0
0.0 0.0 0.0
0.0 0.0 0.0
0.0 0.0 0.0
0.0 0.0 0.0
0.0 0.0 0.0
0.0 0.0 0.0
0.0 0.0 0.0
0.0 0.0 0.0
0.0 0.0 0.0
0.0 0.0 0.0
0.0 0.0 0.0
0.0 0.0 0.0
0.0 0.0 0.0
0.0 0.0 0.0
0.0 0.0 0.0
0.0 0.0 0.0
0.0 0.0 0.0
0.0 0.0 0.0
0.0 0.0 0.0
0.0 0.0 0.0
0.0 0.0 0.0
0.0 0.0 0.0
0.0 0.0 0.0
0.0 0.0 0.0
0.0 0.0 0.0
0.0 0.0 0.0
0.0 0.0 0.0
0.0 0.0 0.0
0.0 0.0 0.0
0.0 0.0 0.0
0.0 0.0 0.0
0.0 0.0 0.0
0.0 0.0 0.0
0.0 0.0 0.0
0.0 0.0 0.0
0.0 0.0 0.0
0.0 0.0 0.0
0.0 0.0 0.0
0.0 0.0 0.0
0.0 0.0 0.0
0.0 0.0 0.0
0.0 0.0 0.0
0.0 0.0 0.0
0.0 0.0 0.0
0.0 0.0 0.0
0.0 0.0 0.0
0.0 0.0 0.0
0.0 0.0 0.0
0.0 0.0 0.0
0.0 0.0 0.0
0.0 0.0 0.0
0.0 0.0 0.0
0.0 0.0 0.0
0.0 0.0 0.0
0.0 0.0 0.0
0.0 0.0 0.0
0.0 0.0 0.0
0.0 0.0 0.0
0.0 0.0 0.0
0.0 0.0 0.0
0.0 0.0 0.0
0.0 0.0 0.0
0.0 0.0 0.0
0.0 0.0 0.0
0.0 0.0 0.0
0.0 0.0 0.0
0.0 0.0 0.0
0.0 0.0 0.0
0.0 0.0 0.0
0.0 0.0 0.0
0.0 0.0 0.0
0.0 0.0 0.0
0.0 0.0 0.0
0.0 0.0 0.0
0.0 0.0 0.0
0.0 0.0 0.0
0.0 0.0 0.0
0.0 0.0 0.0
0.0 0.0 0.0
0.0 0.0 0.0
0.0 0.0 0.0
0.0 0.0 0.0
0.0 0.0 0.0
0.0 0.0 0.0
0.0 0.0 0.0
0.0 0.0 0.0
0.0 0.0 0.0
0.0 0.0 0.0
0.0 0.0 0.0
0.0 0.0 0.0
0.0 0.0 0.0
0.0 0.0 0.0
0.0 0.0 0.0
0.0 0.0 0.0
0.0 0.0 0.0
0.0 0.0 0.0
0.0 0.0 0.0
0.0 0.0 0.0
0.0 0.0 0.0
0.0 0.0 0.0
0.0 0.0 0.0
0.0 0.0 0.0
0.0 0.0 0.0
0.0 0.0 0.0
0.0 0.0 0.0
0.0 0.0 0.0
0.0 0.0 0.0
0.0 0.0 0.0
0.0 0.0 0.0
0.0 0.0 0.0
-16.23746109008789 30.216384887695312 -2.5097081661224365
0.0 0.0 0.0
0.0 0.0 0.0
0.0 0.0 0.0
0.0 0.0 0.0
0.0 0.0 0.0
0.0 0.0 0.0
0.0 0.0 0.0
0.0 0.0 0.0
0.0 0.0 0.0
0.0 0.0 0.0
0.0 0.0 0.0
0.0 0.0 0.0
0.0 0.0 0.0
0.0 0.0 0.0
0.0 0.0 0.0
0.0 0.0 0.0
0.0 0.0 0.0
0.0 0.0 0.0
0.0 0.0 0.0
0.0 0.0 0.0
0.0 0.0 0.0
0.0 0.0 0.0
0.0 0.0 0.0
0.0 0.0 0.0
0.0 0.0 0.0
0.0 0.0 0.0
0.0 0.0 0.0
0.0 0.0 0.0
0.0 0.0 0.0
0.0 0.0 0.0
0.0 0.0 0.0
-7.55003023147583 27.337629318237305 -3.002457857131958
-7.37814474105835 27.458656311035156 -3.0311150550842285
-7.171331405639648 27.450878143310547 -3.0457277297973633
0.0 0.0 0.0
0.0 0.0 0.0
-6.508548736572266 27.241823196411133 -3.0653765201568604
-6.336967945098877 27.363910675048828 -3.092440128326416
0.0 0.0 0.0
0.0 0.0 0.0
-5.658862113952637 27.002643585205078 -3.0899057388305664
-5.470607280731201 27.03961944580078 -3.105560779571533
0.0 0.0 0.0
-5.086929798126221 27.075271606445312 -3.1328954696655273
-4.899303436279297 27.115976333618164 -3.1489992141723633
-4.664215087890625 26.903797149658203 -3.1339457035064697
-4.475821495056152 26.930320739746094 -3.1465938091278076
0.0 0.0 0.0
-4.109683513641357 27.052274703979492 -3.180445432662964
0.0 0.0 0.0
-3.6923320293426514 26.815998077392578 -3.1692826747894287
0.0 0.0 0.0
0.0 0.0 0.0
0.0 0.0 0.0
-2.9452452659606934 26.946352005004883 -3.2154393196105957
-2.731123924255371 26.706710815429688 -3.192521333694458
-2.5637612342834473 26.956119537353516 -3.228322744369507
-2.35833477973938 26.771446228027344 -3.212195634841919
0.0 0.0 0.0
0.0 0.0 0.0
-1.8177238702774048 27.095008850097656 -3.265636920928955
-1.6172778606414795 26.963293075561523 -3.253894329071045
0.0 0.0 0.0
-1.2353925704956055 26.842418670654297 -3.247861623764038
0.0 0.0 0.0
-0.863970935344696 26.922189712524414 -3.2617108821868896
-0.6752896904945374 27.000946044921875 -3.273444652557373
-0.4873654246330261 27.000778198242188 -3.27573823928833
-0.29883095622062683 26.94114112854004 -3.2709693908691406
-0.11234046518802643 27.144166946411133 -3.295787811279297
0.07566267997026443 26.884449005126953 -3.2645318508148193
0.26368477940559387 26.99568748474121 -3.278477668762207
0.454304575920105 26.96208953857422 -3.2750062942504883
0.6465435028076172 27.159862518310547 -3.299509048461914
0.8365326523780823 27.18990135192871 -3.3011858463287354
1.0237544775009155 27.133359909057617 -3.292511463165283
1.2210257053375244 27.31183624267578 -3.312504529953003
1.401808738708496 27.062719345092773 -3.2807774543762207
0.0 0.0 0.0
0.0 0.0 0.0
1.976140022277832 27.164562225341797 -3.2838265895843506
2.1904075145721436 27.467782974243164 -3.3169801235198975
2.3706729412078857 27.289949417114258 -3.2921266555786133
0.0 0.0 0.0
2.7694854736328125 27.448936462402344 -3.301647186279297
0.0 0.0 0.0
3.175842523574829 27.625402450561523 -3.312103748321533
3.368712902069092 27.580047607421875 -3.3014230728149414
3.574744939804077 27.668617248535156 -3.305704355239868
3.7708628177642822 27.67121696472168 -3.298527956008911
3.966639518737793 27.6685848236084 -3.2908742427825928
4.152747631072998 27.59934425354004 -3.2754626274108887
4.399081230163574 27.915931701660156 -3.305922031402588
4.601641654968262 27.916175842285156 -3.297203540802002
4.836262226104736 28.11821746826172 -3.3117012977600098
5.0205397605896 28.020423889160156 -3.2909891605377197
5.227626800537109 28.051172256469727 -3.2855453491210938
5.4444684982299805 28.12606430053711 -3.285365104675293
0.0 0.0 0.0
0.0 0.0 0.0
6.133333206176758 28.469940185546875 -3.2921788692474365
6.316457748413086 28.360103607177734 -3.2686171531677246
6.538759231567383 28.427040100097656 -3.265303134918213
0.0 0.0 0.0
0.0 0.0 0.0
7.214090824127197 28.60194969177246 -3.246126174926758
7.558548450469971 29.11309051513672 -3.291137933731079
7.71096658706665 28.874387741088867 -3.25032639503479
0.0 0.0 0.0
0.0 0.0 0.0
8.444276809692383 29.149080276489258 -3.235278367996216
0.0 0.0 0.0
8.968318939208984 29.419687271118164 -3.233445167541504
0.0 0.0 0.0
9.486814498901367 29.621091842651367 -3.221001386642456
0.0 0.0 0.0
9.985026359558105 29.7451171875 -3.1999571323394775
0.0 0.0 0.0
0.0 0.0 0.0
10.86109447479248 30.239234924316406 -3.195122480392456
0.0 0.0 0.0
0.0 0.0 0.0
0.0 0.0 0.0
0.0 0.0 0.0
0.0 0.0 0.0
12.596646308898926 30.941463470458984 -3.1412394046783447
0.0 0.0 0.0
0.0 0.0 0.0
0.0 0.0 0.0
13.915743827819824 31.6209659576416 -3.1127679347991943
0.0 0.0 0.0
0.0 0.0 0.0
0.0 0.0 0.0
0.0 0.0 0.0
0.0 0.0 0.0
0.0 0.0 0.0
0.0 0.0 0.0
0.0 0.0 0.0
0.0 0.0 0.0
0.0 0.0 0.0
0.0 0.0 0.0
0.0 0.0 0.0
18.879623413085938 34.13646697998047 -2.9532229900360107
0.0 0.0 0.0
0.0 0.0 0.0
0.0 0.0 0.0
20.757240295410156 35.179893493652344 -2.889730215072632
0.0 0.0 0.0
0.0 0.0 0.0
0.0 0.0 0.0
0.0 0.0 0.0
0.0 0.0 0.0
0.0 0.0 0.0
0.0 0.0 0.0
0.0 0.0 0.0
0.0 0.0 0.0
0.0 0.0 0.0
0.0 0.0 0.0
0.0 0.0 0.0
0.0 0.0 0.0
0.0 0.0 0.0
0.0 0.0 0.0
0.0 0.0 0.0
0.0 0.0 0.0
0.0 0.0 0.0
0.0 0.0 0.0
0.0 0.0 0.0
0.0 0.0 0.0
0.0 0.0 0.0
0.0 0.0 0.0
0.0 0.0 0.0
0.0 0.0 0.0
0.0 0.0 0.0
0.0 0.0 0.0
0.0 0.0 0.0
0.0 0.0 0.0
0.0 0.0 0.0
0.0 0.0 0.0
0.0 0.0 0.0
0.0 0.0 0.0
0.0 0.0 0.0
0.0 0.0 0.0
0.0 0.0 0.0
0.0 0.0 0.0
0.0 0.0 0.0
0.0 0.0 0.0
0.0 0.0 0.0
0.0 0.0 0.0
0.0 0.0 0.0
0.0 0.0 0.0
0.0 0.0 0.0
0.0 0.0 0.0
0.0 0.0 0.0
0.0 0.0 0.0
0.0 0.0 0.0
0.0 0.0 0.0
0.0 0.0 0.0
0.0 0.0 0.0
0.0 0.0 0.0
0.0 0.0 0.0
0.0 0.0 0.0
0.0 0.0 0.0
0.0 0.0 0.0
0.0 0.0 0.0
0.0 0.0 0.0
0.0 0.0 0.0
0.0 0.0 0.0
0.0 0.0 0.0
0.0 0.0 0.0
0.0 0.0 0.0
0.0 0.0 0.0
0.0 0.0 0.0
0.0 0.0 0.0
0.0 0.0 0.0
0.0 0.0 0.0
0.0 0.0 0.0
0.0 0.0 0.0
0.0 0.0 0.0
0.0 0.0 0.0
0.0 0.0 0.0
0.0 0.0 0.0
0.0 0.0 0.0
0.0 0.0 0.0
0.0 0.0 0.0
0.0 0.0 0.0
0.0 0.0 0.0
0.0 0.0 0.0
0.0 0.0 0.0
0.0 0.0 0.0
0.0 0.0 0.0
0.0 0.0 0.0
0.0 0.0 0.0
0.0 0.0 0.0
0.0 0.0 0.0
0.0 0.0 0.0
0.0 0.0 0.0
0.0 0.0 0.0
0.0 0.0 0.0
0.0 0.0 0.0
0.0 0.0 0.0
0.0 0.0 0.0
0.0 0.0 0.0
0.0 0.0 0.0
0.0 0.0 0.0
0.0 0.0 0.0
0.0 0.0 0.0
0.0 0.0 0.0
0.0 0.0 0.0
0.0 0.0 0.0
0.0 0.0 0.0
0.0 0.0 0.0
0.0 0.0 0.0
0.0 0.0 0.0
0.0 0.0 0.0
0.0 0.0 0.0
0.0 0.0 0.0
0.0 0.0 0.0
0.0 0.0 0.0
0.0 0.0 0.0
0.0 0.0 0.0
0.0 0.0 0.0
0.0 0.0 0.0
0.0 0.0 0.0
0.0 0.0 0.0
0.0 0.0 0.0
0.0 0.0 0.0
0.0 0.0 0.0
0.0 0.0 0.0
0.0 0.0 0.0
0.0 0.0 0.0
0.0 0.0 0.0
0.0 0.0 0.0
0.0 0.0 0.0
0.0 0.0 0.0
0.0 0.0 0.0
0.0 0.0 0.0
0.0 0.0 0.0
0.0 0.0 0.0
0.0 0.0 0.0
0.0 0.0 0.0
0.0 0.0 0.0
0.0 0.0 0.0
0.0 0.0 0.0
0.0 0.0 0.0
0.0 0.0 0.0
0.0 0.0 0.0
0.0 0.0 0.0
0.0 0.0 0.0
0.0 0.0 0.0
0.0 0.0 0.0
0.0 0.0 0.0
0.0 0.0 0.0
0.0 0.0 0.0
0.0 0.0 0.0
0.0 0.0 0.0
0.0 0.0 0.0
0.0 0.0 0.0
0.0 0.0 0.0
0.0 0.0 0.0
0.0 0.0 0.0
0.0 0.0 0.0
0.0 0.0 0.0
0.0 0.0 0.0
0.0 0.0 0.0
0.0 0.0 0.0
0.0 0.0 0.0
0.0 0.0 0.0
0.0 0.0 0.0
0.0 0.0 0.0
0.0 0.0 0.0
0.0 0.0 0.0
0.0 0.0 0.0
0.0 0.0 0.0
0.0 0.0 0.0
0.0 0.0 0.0
0.0 0.0 0.0
0.0 0.0 0.0
0.0 0.0 0.0
0.0 0.0 0.0
0.0 0.0 0.0
0.0 0.0 0.0
0.0 0.0 0.0
0.0 0.0 0.0
0.0 0.0 0.0
0.0 0.0 0.0
0.0 0.0 0.0
0.0 0.0 0.0
0.0 0.0 0.0
0.0 0.0 0.0
0.0 0.0 0.0
0.0 0.0 0.0
0.0 0.0 0.0
0.0 0.0 0.0
0.0 0.0 0.0
0.0 0.0 0.0
0.0 0.0 0.0
0.0 0.0 0.0
0.0 0.0 0.0
0.0 0.0 0.0
0.0 0.0 0.0
0.0 0.0 0.0
0.0 0.0 0.0
0.0 0.0 0.0
0.0 0.0 0.0
0.0 0.0 0.0
0.0 0.0 0.0
0.0 0.0 0.0
0.0 0.0 0.0
0.0 0.0 0.0
0.0 0.0 0.0
0.0 0.0 0.0
0.0 0.0 0.0
0.0 0.0 0.0
0.0 0.0 0.0
0.0 0.0 0.0
0.0 0.0 0.0
0.0 0.0 0.0
0.0 0.0 0.0
0.0 0.0 0.0
0.0 0.0 0.0
0.0 0.0 0.0
0.0 0.0 0.0
0.0 0.0 0.0
0.0 0.0 0.0
0.0 0.0 0.0
0.0 0.0 0.0
0.0 0.0 0.0
0.0 0.0 0.0
0.0 0.0 0.0
0.0 0.0 0.0
0.0 0.0 0.0
0.0 0.0 0.0
0.0 0.0 0.0
0.0 0.0 0.0
0.0 0.0 0.0
0.0 0.0 0.0
0.0 0.0 0.0
0.0 0.0 0.0
0.0 0.0 0.0
0.0 0.0 0.0
0.0 0.0 0.0
0.0 0.0 0.0
0.0 0.0 0.0
0.0 0.0 0.0
0.0 0.0 0.0
0.0 0.0 0.0
0.0 0.0 0.0
0.0 0.0 0.0
0.0 0.0 0.0
0.0 0.0 0.0
0.0 0.0 0.0
0.0 0.0 0.0
0.0 0.0 0.0
0.0 0.0 0.0
0.0 0.0 0.0
0.0 0.0 0.0
0.0 0.0 0.0
-6.87200403213501 27.479799270629883 -2.9993159770965576
-6.668972492218018 27.479774475097656 -3.0129992961883545
0.0 0.0 0.0
0.0 0.0 0.0
-6.037769317626953 27.376779556274414 -3.041905641555786
0.0 0.0 0.0
0.0 0.0 0.0
0.0 0.0 0.0
-5.230066776275635 27.329729080200195 -3.0844216346740723
-5.04070520401001 27.371631622314453 -3.099012613296509
0.0 0.0 0.0
-4.663151741027832 27.46296501159668 -3.129148006439209
-4.425716400146484 27.209707260131836 -3.1102778911590576
-4.233521938323975 27.246601104736328 -3.1244940757751465
0.0 0.0 0.0
0.0 0.0 0.0
0.0 0.0 0.0
-3.444145917892456 27.11783790588379 -3.141712188720703
-3.235567808151245 26.978185653686523 -3.1331448554992676
0.0 0.0 0.0
0.0 0.0 0.0
-2.699582815170288 27.353843688964844 -3.195645809173584
-2.4890124797821045 27.15073013305664 -3.1784141063690186
0.0 0.0 0.0
0.0 0.0 0.0
0.0 0.0 0.0
0.0 0.0 0.0
-1.541156530380249 27.248363494873047 -3.2136642932891846
-1.3554948568344116 27.339256286621094 -3.2278616428375244
0.0 0.0 0.0
-0.9718554615974426 27.362524032592773 -3.235724925994873
-0.7741045355796814 27.112295150756836 -3.2088799476623535
-0.5855770111083984 27.124380111694336 -3.2132108211517334
-0.397697776556015 27.197418212890625 -3.2231271266937256
-0.20587925612926483 27.288681030273438 -3.2344560623168945
-0.016315272077918053 27.405736923217773 -3.248995304107666
0.17275629937648773 27.15296173095703 -3.219843864440918
0.3658531904220581 27.465192794799805 -3.2578506469726562
0.0 0.0 0.0
0.7425516843795776 27.26387596130371 -3.2322278022766113
0.9404526352882385 27.405452728271484 -3.2480788230895996
1.1353389024734497 27.50308609008789 -3.258888006210327
1.3243372440338135 27.448219299316406 -3.2517828941345215
0.0 0.0 0.0
0.0 0.0 0.0
1.910025715827942 27.559059143066406 -3.256166458129883
2.1207027435302734 27.79705810546875 -3.281559705734253
2.305392026901245 27.677753448486328 -3.2649121284484863
2.505107879638672 27.74299430847168 -3.2677159309387207
2.710575580596924 27.85311508178711 -3.275876045227051
2.900632858276367 27.768468856811523 -3.2612040042877197
3.095167875289917 27.759973526000977 -3.2557179927825928
3.2793385982513428 27.66541862487793 -3.240018367767334
3.506218433380127 27.916372299194336 -3.262500762939453
3.7193989753723145 28.034727096557617 -3.269542694091797
3.928291082382202 28.081809997558594 -3.2682600021362305
4.134230136871338 28.127878189086914 -3.267113447189331
4.325160026550293 28.06892967224121 -3.2533082962036133
4.556449890136719 28.261722564697266 -3.2671093940734863
0.0 0.0 0.0
4.975353240966797 28.34351921081543 -3.2598483562469482
5.171182632446289 28.28223419189453 -3.2445316314697266
5.396867752075195 28.399616241455078 -3.248781681060791
5.629016399383545 28.538230895996094 -3.254074811935425
5.855576515197754 28.6369571685791 -3.2548627853393555
6.04622220993042 28.555349349975586 -3.235264539718628
6.294783115386963 28.72592544555664 -3.244176149368286
6.494665145874023 28.683246612548828 -3.2277472019195557
0.0 0.0 0.0
6.995168685913086 29.01276397705078 -3.2402665615081787
7.188233852386475 28.927461624145508 -3.218658447265625
7.513826847076416 29.347986221313477 -3.253110885620117
7.678274631500244 29.146947860717773 -3.216689109802246
7.931075096130371 29.27861213684082 -3.2170252799987793
0.0 0.0 0.0
0.0 0.0 0.0
8.650236129760742 29.469865798950195 -3.194897413253784
0.0 0.0 0.0
9.163090705871582 29.68145751953125 -3.1854426860809326
0.0 0.0 0.0
9.67751693725586 29.865966796875 -3.1730053424835205
10.049283981323242 30.294757843017578 -3.2008790969848633
10.190491676330566 30.008180618286133 -3.1521646976470947
10.512118339538574 30.262062072753906 -3.1606249809265137
0.0 0.0 0.0
11.254419326782227 31.00221061706543 -3.2005014419555664
0.0 0.0 0.0
0.0 0.0 0.0
0.0 0.0 0.0
0.0 0.0 0.0
0.0 0.0 0.0
0.0 0.0 0.0
0.0 0.0 0.0
0.0 0.0 0.0
13.78609561920166 31.630891799926758 -3.0664408206939697
14.116430282592773 31.78217315673828 -3.055939197540283
0.0 0.0 0.0
0.0 0.0 0.0
0.0 0.0 0.0
0.0 0.0 0.0
0.0 0.0 0.0
0.0 0.0 0.0
0.0 0.0 0.0
0.0 0.0 0.0
0.0 0.0 0.0
0.0 0.0 0.0
0.0 0.0 0.0
0.0 0.0 0.0
19.22921371459961 34.47886657714844 -2.9140379428863525
19.714622497558594 34.77743148803711 -2.9039738178253174
0.0 0.0 0.0
0.0 0.0 0.0
0.0 0.0 0.0
0.0 0.0 0.0
0.0 0.0 0.0
0.0 0.0 0.0
0.0 0.0 0.0
0.0 0.0 0.0
0.0 0.0 0.0
0.0 0.0 0.0
0.0 0.0 0.0
0.0 0.0 0.0
0.0 0.0 0.0
0.0 0.0 0.0
0.0 0.0 0.0
0.0 0.0 0.0
0.0 0.0 0.0
0.0 0.0 0.0
0.0 0.0 0.0
0.0 0.0 0.0
0.0 0.0 0.0
0.0 0.0 0.0
0.0 0.0 0.0
0.0 0.0 0.0
0.0 0.0 0.0
0.0 0.0 0.0
0.0 0.0 0.0
0.0 0.0 0.0
0.0 0.0 0.0
0.0 0.0 0.0
0.0 0.0 0.0
0.0 0.0 0.0
0.0 0.0 0.0
0.0 0.0 0.0
0.0 0.0 0.0
0.0 0.0 0.0
0.0 0.0 0.0
0.0 0.0 0.0
0.0 0.0 0.0
0.0 0.0 0.0
0.0 0.0 0.0
0.0 0.0 0.0
0.0 0.0 0.0
0.0 0.0 0.0
0.0 0.0 0.0
0.0 0.0 0.0
0.0 0.0 0.0
0.0 0.0 0.0
0.0 0.0 0.0
0.0 0.0 0.0
0.0 0.0 0.0
0.0 0.0 0.0
0.0 0.0 0.0
0.0 0.0 0.0
0.0 0.0 0.0
0.0 0.0 0.0
0.0 0.0 0.0
0.0 0.0 0.0
0.0 0.0 0.0
0.0 0.0 0.0
0.0 0.0 0.0
0.0 0.0 0.0
0.0 0.0 0.0
0.0 0.0 0.0
0.0 0.0 0.0
0.0 0.0 0.0
0.0 0.0 0.0
0.0 0.0 0.0
0.0 0.0 0.0
0.0 0.0 0.0
0.0 0.0 0.0
0.0 0.0 0.0
0.0 0.0 0.0
0.0 0.0 0.0
0.0 0.0 0.0
0.0 0.0 0.0
0.0 0.0 0.0
0.0 0.0 0.0
0.0 0.0 0.0
0.0 0.0 0.0
0.0 0.0 0.0
0.0 0.0 0.0
0.0 0.0 0.0
0.0 0.0 0.0
0.0 0.0 0.0
0.0 0.0 0.0
0.0 0.0 0.0
0.0 0.0 0.0
0.0 0.0 0.0
0.0 0.0 0.0
0.0 0.0 0.0
0.0 0.0 0.0
0.0 0.0 0.0
0.0 0.0 0.0
0.0 0.0 0.0
0.0 0.0 0.0
0.0 0.0 0.0
0.0 0.0 0.0
0.0 0.0 0.0
0.0 0.0 0.0
0.0 0.0 0.0
0.0 0.0 0.0
0.0 0.0 0.0
0.0 0.0 0.0
0.0 0.0 0.0
0.0 0.0 0.0
0.0 0.0 0.0
0.0 0.0 0.0
0.0 0.0 0.0
0.0 0.0 0.0
0.0 0.0 0.0
0.0 0.0 0.0
0.0 0.0 0.0
0.0 0.0 0.0
0.0 0.0 0.0
0.0 0.0 0.0
0.0 0.0 0.0
0.0 0.0 0.0
0.0 0.0 0.0
0.0 0.0 0.0
0.0 0.0 0.0
0.0 0.0 0.0
0.0 0.0 0.0
0.0 0.0 0.0
0.0 0.0 0.0
0.0 0.0 0.0
0.0 0.0 0.0
0.0 0.0 0.0
0.0 0.0 0.0
0.0 0.0 0.0
0.0 0.0 0.0
0.0 0.0 0.0
0.0 0.0 0.0
0.0 0.0 0.0
0.0 0.0 0.0
0.0 0.0 0.0
0.0 0.0 0.0
0.0 0.0 0.0
0.0 0.0 0.0
0.0 0.0 0.0
0.0 0.0 0.0
0.0 0.0 0.0
0.0 0.0 0.0
0.0 0.0 0.0
0.0 0.0 0.0
0.0 0.0 0.0
0.0 0.0 0.0
0.0 0.0 0.0
0.0 0.0 0.0
0.0 0.0 0.0
0.0 0.0 0.0
0.0 0.0 0.0
0.0 0.0 0.0
0.0 0.0 0.0
0.0 0.0 0.0
0.0 0.0 0.0
0.0 0.0 0.0
0.0 0.0 0.0
0.0 0.0 0.0
0.0 0.0 0.0
0.0 0.0 0.0
0.0 0.0 0.0
0.0 0.0 0.0
0.0 0.0 0.0
0.0 0.0 0.0
0.0 0.0 0.0
0.0 0.0 0.0
0.0 0.0 0.0
0.0 0.0 0.0
0.0 0.0 0.0
-58.8593635559082 121.96227264404297 12.773247718811035
0.0 0.0 0.0
0.0 0.0 0.0
0.0 0.0 0.0
0.0 0.0 0.0
0.0 0.0 0.0
0.0 0.0 0.0
0.0 0.0 0.0
0.0 0.0 0.0
0.0 0.0 0.0
0.0 0.0 0.0
0.0 0.0 0.0
0.0 0.0 0.0
0.0 0.0 0.0
0.0 0.0 0.0
0.0 0.0 0.0
0.0 0.0 0.0
0.0 0.0 0.0
0.0 0.0 0.0
0.0 0.0 0.0
0.0 0.0 0.0
0.0 0.0 0.0
0.0 0.0 0.0
0.0 0.0 0.0
0.0 0.0 0.0
0.0 0.0 0.0
0.0 0.0 0.0
0.0 0.0 0.0
0.0 0.0 0.0
0.0 0.0 0.0
0.0 0.0 0.0
0.0 0.0 0.0
0.0 0.0 0.0
0.0 0.0 0.0
0.0 0.0 0.0
0.0 0.0 0.0
0.0 0.0 0.0
0.0 0.0 0.0
0.0 0.0 0.0
0.0 0.0 0.0
0.0 0.0 0.0
0.0 0.0 0.0
0.0 0.0 0.0
0.0 0.0 0.0
0.0 0.0 0.0
0.0 0.0 0.0
0.0 0.0 0.0
0.0 0.0 0.0
0.0 0.0 0.0
0.0 0.0 0.0
0.0 0.0 0.0
0.0 0.0 0.0
0.0 0.0 0.0
0.0 0.0 0.0
0.0 0.0 0.0
0.0 0.0 0.0
0.0 0.0 0.0
0.0 0.0 0.0
0.0 0.0 0.0
0.0 0.0 0.0
0.0 0.0 0.0
0.0 0.0 0.0
0.0 0.0 0.0
0.0 0.0 0.0
0.0 0.0 0.0
0.0 0.0 0.0
0.0 0.0 0.0
0.0 0.0 0.0
0.0 0.0 0.0
0.0 0.0 0.0
0.0 0.0 0.0
0.0 0.0 0.0
0.0 0.0 0.0
0.0 0.0 0.0
0.0 0.0 0.0
0.0 0.0 0.0
0.0 0.0 0.0
0.0 0.0 0.0
0.0 0.0 0.0
0.0 0.0 0.0
-7.2630934715271 27.80230712890625 -2.9532461166381836
0.0 0.0 0.0
0.0 0.0 0.0
0.0 0.0 0.0
0.0 0.0 0.0
0.0 0.0 0.0
-5.99081563949585 27.61166000366211 -3.0108704566955566
0.0 0.0 0.0
-5.5485711097717285 27.426971435546875 -3.0148162841796875
0.0 0.0 0.0
-5.166855812072754 27.506193161010742 -3.0442395210266113
-4.977627754211426 27.555313110351562 -3.059816598892212
-4.751566410064697 27.41236114501953 -3.054328203201294
0.0 0.0 0.0
0.0 0.0 0.0
-4.183135986328125 27.53998565673828 -3.0955710411071777
-3.9788661003112793 27.482662200927734 -3.0974321365356445
0.0 0.0 0.0
0.0 0.0 0.0
0.0 0.0 0.0
-3.1939480304718018 27.455251693725586 -3.124154567718506
0.0 0.0 0.0
0.0 0.0 0.0
0.0 0.0 0.0
-2.429121255874634 27.572568893432617 -3.161900281906128
-2.220392942428589 27.383068084716797 -3.1447625160217285
0.0 0.0 0.0
-1.8337935209274292 27.33242416381836 -3.148552417755127
-1.6397475004196167 27.340190887451172 -3.153942584991455
-1.4494367837905884 27.350486755371094 -3.1578643321990967
-1.2619725465774536 27.41759490966797 -3.1685009002685547
-1.072282075881958 27.44851303100586 -3.175117254257202
-0.8812405467033386 27.45485496520996 -3.1790506839752197
-0.689540684223175 27.560897827148438 -3.19386625289917
-0.4974987804889679 27.55322265625 -3.1939690113067627
-0.30925634503364563 27.87401008605957 -3.2323145866394043
-0.1143866702914238 27.60758399963379 -3.202721357345581
0.078025683760643 27.704545974731445 -3.2154335975646973
0.27131187915802 27.77701187133789 -3.224365472793579
0.4685957431793213 27.813322067260742 -3.227734327316284
0.6615880131721497 27.78624153137207 -3.2239177227020264
0.8455163836479187 27.482465744018555 -3.188159942626953
1.052022933959961 27.887067794799805 -3.2347335815429688
1.2448742389678955 27.856101989746094 -3.2296009063720703
0.0 0.0 0.0
1.6354496479034424 27.82899284362793 -3.221229314804077
1.8251994848251343 27.759288787841797 -3.210808515548706
0.0 0.0 0.0
2.229966878890991 27.968217849731445 -3.2291171550750732
0.0 0.0 0.0
2.639683961868286 28.121095657348633 -3.2377641201019287
2.8393027782440186 28.141380310058594 -3.235858678817749
3.026181936264038 28.040653228759766 -3.2202064990997314
3.242884397506714 28.208786010742188 -3.233790397644043
3.439316749572754 28.15916633605957 -3.2217283248901367
3.628145933151245 28.081676483154297 -3.2067670822143555
3.8519434928894043 28.264415740966797 -3.2216382026672363
4.045405864715576 28.21485710144043 -3.210148572921753
4.255949974060059 28.28325843811035 -3.210069179534912
0.0 0.0 0.0
4.651596546173096 28.215620040893555 -3.186239242553711
4.912276268005371 28.558828353881836 -3.217108964920044
5.1083173751831055 28.50994110107422 -3.203808307647705
5.355937957763672 28.738582611083984 -3.219494104385376
5.512531757354736 28.477201461791992 -3.180426597595215
5.76261568069458 28.678796768188477 -3.1930418014526367
5.980546474456787 28.7269344329834 -3.188791513442993
0.0 0.0 0.0
6.418933868408203 28.818645477294922 -3.1771905422210693
0.0 0.0 0.0
6.94937801361084 29.258220672607422 -3.201962471008301
7.142917156219482 29.16941261291504 -3.180724620819092
7.3695292472839355 29.215091705322266 -3.173201322555542
7.5633745193481445 29.127429962158203 -3.150144100189209
7.914767742156982 29.631553649902344 -3.1910033226013184
0.0 0.0 0.0
8.45877456665039 29.973909378051758 -3.2003142833709717
0.0 0.0 0.0
8.86720085144043 29.827770233154297 -3.1542234420776367
9.184025764465332 30.124324798583984 -3.1701102256774902
9.327013969421387 29.834375381469727 -3.124100685119629
9.70041561126709 30.289323806762695 -3.1560022830963135
9.84853458404541 30.03134536743164 -3.1117866039276123
0.0 0.0 0.0
0.0 0.0 0.0
0.0 0.0 0.0
11.038454055786133 30.73450469970703 -3.112922430038452
11.278437614440918 30.72869300842285 -3.0930120944976807
0.0 0.0 0.0
0.0 0.0 0.0
12.202885627746582 31.21839714050293 -3.083397388458252
0.0 0.0 0.0
0.0 0.0 0.0
0.0 0.0 0.0
0.0 0.0 0.0
13.740439414978027 31.833499908447266 -3.0322985649108887
14.034438133239746 31.891082763671875 -3.0133161544799805
14.480377197265625 32.29231643676758 -3.026895761489868
0.0 0.0 0.0
0.0 0.0 0.0
0.0 0.0 0.0
0.0 0.0 0.0
0.0 0.0 0.0
0.0 0.0 0.0
0.0 0.0 0.0
0.0 0.0 0.0
0.0 0.0 0.0
0.0 0.0 0.0
18.7807674407959 34.52063751220703 -2.9088029861450195
0.0 0.0 0.0
19.518211364746094 34.716758728027344 -2.857645034790039
0.0 0.0 0.0
0.0 0.0 0.0
0.0 0.0 0.0
0.0 0.0 0.0
0.0 0.0 0.0
0.0 0.0 0.0
0.0 0.0 0.0
0.0 0.0 0.0
0.0 0.0 0.0
0.0 0.0 0.0
0.0 0.0 0.0
0.0 0.0 0.0
0.0 0.0 0.0
0.0 0.0 0.0
0.0 0.0 0.0
0.0 0.0 0.0
0.0 0.0 0.0
0.0 0.0 0.0
0.0 0.0 0.0
0.0 0.0 0.0
0.0 0.0 0.0
0.0 0.0 0.0
0.0 0.0 0.0
0.0 0.0 0.0
0.0 0.0 0.0
0.0 0.0 0.0
0.0 0.0 0.0
0.0 0.0 0.0
0.0 0.0 0.0
0.0 0.0 0.0
0.0 0.0 0.0
0.0 0.0 0.0
0.0 0.0 0.0
0.0 0.0 0.0
0.0 0.0 0.0
0.0 0.0 0.0
0.0 0.0 0.0
0.0 0.0 0.0
0.0 0.0 0.0
0.0 0.0 0.0
0.0 0.0 0.0
0.0 0.0 0.0
0.0 0.0 0.0
0.0 0.0 0.0
0.0 0.0 0.0
0.0 0.0 0.0
0.0 0.0 0.0
0.0 0.0 0.0
0.0 0.0 0.0
0.0 0.0 0.0
0.0 0.0 0.0
0.0 0.0 0.0
0.0 0.0 0.0
0.0 0.0 0.0
0.0 0.0 0.0
0.0 0.0 0.0
0.0 0.0 0.0
0.0 0.0 0.0
0.0 0.0 0.0
0.0 0.0 0.0
0.0 0.0 0.0
0.0 0.0 0.0
0.0 0.0 0.0
0.0 0.0 0.0
0.0 0.0 0.0
0.0 0.0 0.0
0.0 0.0 0.0
0.0 0.0 0.0
0.0 0.0 0.0
0.0 0.0 0.0
0.0 0.0 0.0
0.0 0.0 0.0
0.0 0.0 0.0
0.0 0.0 0.0
0.0 0.0 0.0
0.0 0.0 0.0
0.0 0.0 0.0
0.0 0.0 0.0
0.0 0.0 0.0
0.0 0.0 0.0
0.0 0.0 0.0
0.0 0.0 0.0
0.0 0.0 0.0
0.0 0.0 0.0
0.0 0.0 0.0
0.0 0.0 0.0
0.0 0.0 0.0
0.0 0.0 0.0
0.0 0.0 0.0
0.0 0.0 0.0
0.0 0.0 0.0
0.0 0.0 0.0
0.0 0.0 0.0
0.0 0.0 0.0
0.0 0.0 0.0
0.0 0.0 0.0
0.0 0.0 0.0
0.0 0.0 0.0
0.0 0.0 0.0
0.0 0.0 0.0
0.0 0.0 0.0
0.0 0.0 0.0
0.0 0.0 0.0
0.0 0.0 0.0
0.0 0.0 0.0
0.0 0.0 0.0
0.0 0.0 0.0
0.0 0.0 0.0
0.0 0.0 0.0
0.0 0.0 0.0
0.0 0.0 0.0
0.0 0.0 0.0
0.0 0.0 0.0
0.0 0.0 0.0
0.0 0.0 0.0
0.0 0.0 0.0
0.0 0.0 0.0
0.0 0.0 0.0
0.0 0.0 0.0
0.0 0.0 0.0
0.0 0.0 0.0
0.0 0.0 0.0
0.0 0.0 0.0
0.0 0.0 0.0
0.0 0.0 0.0
0.0 0.0 0.0
0.0 0.0 0.0
0.0 0.0 0.0
0.0 0.0 0.0
0.0 0.0 0.0
0.0 0.0 0.0
0.0 0.0 0.0
0.0 0.0 0.0
0.0 0.0 0.0
0.0 0.0 0.0
0.0 0.0 0.0
0.0 0.0 0.0
0.0 0.0 0.0
0.0 0.0 0.0
0.0 0.0 0.0
0.0 0.0 0.0
0.0 0.0 0.0
0.0 0.0 0.0
0.0 0.0 0.0
0.0 0.0 0.0
0.0 0.0 0.0
0.0 0.0 0.0
0.0 0.0 0.0
0.0 0.0 0.0
0.0 0.0 0.0
0.0 0.0 0.0
0.0 0.0 0.0
0.0 0.0 0.0
0.0 0.0 0.0
0.0 0.0 0.0
0.0 0.0 0.0
0.0 0.0 0.0
0.0 0.0 0.0
0.0 0.0 0.0
0.0 0.0 0.0
0.0 0.0 0.0
0.0 0.0 0.0
0.0 0.0 0.0
0.0 0.0 0.0
0.0 0.0 0.0
0.0 0.0 0.0
0.0 0.0 0.0
0.0 0.0 0.0
0.0 0.0 0.0
0.0 0.0 0.0
0.0 0.0 0.0
0.0 0.0 0.0
-59.23835754394531 121.69873046875 12.406790733337402
0.0 0.0 0.0
0.0 0.0 0.0
0.0 0.0 0.0
0.0 0.0 0.0
0.0 0.0 0.0
0.0 0.0 0.0
0.0 0.0 0.0
0.0 0.0 0.0
0.0 0.0 0.0
0.0 0.0 0.0
0.0 0.0 0.0
0.0 0.0 0.0
0.0 0.0 0.0
0.0 0.0 0.0
0.0 0.0 0.0
0.0 0.0 0.0
0.0 0.0 0.0
0.0 0.0 0.0
0.0 0.0 0.0
0.0 0.0 0.0
0.0 0.0 0.0
0.0 0.0 0.0
0.0 0.0 0.0
0.0 0.0 0.0
0.0 0.0 0.0
0.0 0.0 0.0
0.0 0.0 0.0
0.0 0.0 0.0
0.0 0.0 0.0
0.0 0.0 0.0
0.0 0.0 0.0
0.0 0.0 0.0
0.0 0.0 0.0
0.0 0.0 0.0
0.0 0.0 0.0
0.0 0.0 0.0
0.0 0.0 0.0
0.0 0.0 0.0
0.0 0.0 0.0
0.0 0.0 0.0
0.0 0.0 0.0
0.0 0.0 0.0
0.0 0.0 0.0
0.0 0.0 0.0
0.0 0.0 0.0
0.0 0.0 0.0
0.0 0.0 0.0
0.0 0.0 0.0
0.0 0.0 0.0
0.0 0.0 0.0
0.0 0.0 0.0
0.0 0.0 0.0
0.0 0.0 0.0
0.0 0.0 0.0
0.0 0.0 0.0
0.0 0.0 0.0
0.0 0.0 0.0
0.0 0.0 0.0
0.0 0.0 0.0
0.0 0.0 0.0
0.0 0.0 0.0
0.0 0.0 0.0
0.0 0.0 0.0
0.0 0.0 0.0
0.0 0.0 0.0
0.0 0.0 0.0
0.0 0.0 0.0
0.0 0.0 0.0
0.0 0.0 0.0
0.0 0.0 0.0
-9.314656257629395 28.595230102539062 -2.8310325145721436
0.0 0.0 0.0
0.0 0.0 0.0
0.0 0.0 0.0
0.0 0.0 0.0
0.0 0.0 0.0
0.0 0.0 0.0
0.0 0.0 0.0
-7.417103290557861 28.003040313720703 -2.8981826305389404
0.0 0.0 0.0
0.0 0.0 0.0
-6.802769184112549 28.0367374420166 -2.9434239864349365
0.0 0.0 0.0
0.0 0.0 0.0
-6.171518325805664 27.98615837097168 -2.9744577407836914
-5.927889823913574 27.7987060546875 -2.9667015075683594
0.0 0.0 0.0
0.0 0.0 0.0
0.0 0.0 0.0
-5.149989604949951 27.962759017944336 -3.027249336242676
-4.950259685516357 27.96964454650879 -3.038662910461426
0.0 0.0 0.0
-4.497372627258301 27.64991569519043 -3.02165150642395
-4.281386375427246 27.55318832397461 -3.019737958908081
-4.105793476104736 27.69247055053711 -3.0436787605285645
-3.919473648071289 27.76522445678711 -3.0604941844940186
0.0 0.0 0.0
0.0 0.0 0.0
0.0 0.0 0.0
0.0 0.0 0.0
0.0 0.0 0.0
0.0 0.0 0.0
-2.548302412033081 27.804515838623047 -3.110299825668335
-2.327036142349243 27.49198341369629 -3.080406904220581
0.0 0.0 0.0
-1.9704055786132812 27.938589096069336 -3.1412885189056396
0.0 0.0 0.0
-1.5745567083358765 27.842151641845703 -3.136748790740967
-1.3730558156967163 27.696861267089844 -3.1236863136291504
-1.1746273040771484 27.651090621948242 -3.122035026550293
-0.9835216999053955 27.6968994140625 -3.130709171295166
-0.8023680448532104 28.10635757446289 -3.1783735752105713
-0.5993970632553101 27.76565170288086 -3.1413614749908447
-0.40955156087875366 27.994020462036133 -3.1688804626464844
-0.21084514260292053 27.914470672607422 -3.1617379188537598
-0.016908476129174232 27.899538040161133 -3.161731719970703
0.17718921601772308 27.860219955444336 -3.156864881515503
0.3744273781776428 28.11451530456543 -3.1854190826416016
0.5677369236946106 27.998746871948242 -3.172196865081787
0.7625187039375305 27.994173049926758 -3.171726703643799
0.9616252183914185 28.011451721191406 -3.1734044551849365
1.15703547000885 28.023822784423828 -3.1726205348968506
1.3495367765426636 27.965030670166016 -3.163933038711548
1.548554539680481 28.036691665649414 -3.170156240463257
0.0 0.0 0.0
0.0 0.0 0.0
2.165496349334717 28.378713607788086 -3.2007317543029785
2.360917568206787 28.340381622314453 -3.1925384998321533
2.5506722927093506 28.242708206176758 -3.177828788757324
2.750088691711426 28.255817413330078 -3.1757447719573975
2.944253921508789 28.182329177856445 -3.1631901264190674
3.1584038734436035 28.324087142944336 -3.1734862327575684
3.354100227355957 28.29073715209961 -3.1642866134643555
3.6010234355926514 28.664337158203125 -3.200678586959839
3.766240119934082 28.3815975189209 -3.16391658782959
3.9939141273498535 28.54752540588379 -3.176084518432617
4.220797538757324 28.712268829345703 -3.1869747638702393
4.397525787353516 28.53367805480957 -3.1598994731903076
0.0 0.0 0.0
4.842548847198486 28.75923728942871 -3.1706838607788086
5.037756443023682 28.69939422607422 -3.1558570861816406
0.0 0.0 0.0
5.551507949829102 29.212387084960938 -3.1939029693603516
5.730117321014404 29.048667907714844 -3.167147636413574
5.972863674163818 29.207338333129883 -3.1756744384765625
0.0 0.0 0.0
6.403354644775391 29.218704223632812 -3.155623435974121
0.0 0.0 0.0
0.0 0.0 0.0
7.124645233154297 29.548025131225586 -3.159336805343628
0.0 0.0 0.0
7.592220306396484 29.65586280822754 -3.1452269554138184
7.800714492797852 29.611648559570312 -3.128007411956787
8.069926261901855 29.79102325439453 -3.134458065032959
8.374933242797852 30.08808708190918 -3.152611017227173
8.52910041809082 29.836729049682617 -3.111953020095825
0.0 0.0 0.0
9.096452713012695 30.209218978881836 -3.1218292713165283
9.296954154968262 30.113630294799805 -3.0977694988250732
0.0 0.0 0.0
0.0 0.0 0.0
0.0 0.0 0.0
10.40296745300293 30.635040283203125 -3.0858821868896484
0.0 0.0 0.0
0.0 0.0 0.0
0.0 0.0 0.0
0.0 0.0 0.0
0.0 0.0 0.0
0.0 0.0 0.0
0.0 0.0 0.0
0.0 0.0 0.0
0.0 0.0 0.0
13.465928077697754 32.09933090209961 -3.03375506401062
13.766311645507812 32.18636703491211 -3.0191845893859863
0.0 0.0 0.0
14.492977142333984 32.62276077270508 -3.0139267444610596
0.0 0.0 0.0
0.0 0.0 0.0
0.0 0.0 0.0
15.943916320800781 33.35078048706055 -2.98056697845459
0.0 0.0 0.0
0.0 0.0 0.0
0.0 0.0 0.0
0.0 0.0 0.0
0.0 0.0 0.0
0.0 0.0 0.0
18.657739639282227 34.58921813964844 -2.8856618404388428
0.0 0.0 0.0
0.0 0.0 0.0
0.0 0.0 0.0
0.0 0.0 0.0
0.0 0.0 0.0
0.0 0.0 0.0
0.0 0.0 0.0
0.0 0.0 0.0
0.0 0.0 0.0
0.0 0.0 0.0
0.0 0.0 0.0
0.0 0.0 0.0
0.0 0.0 0.0
0.0 0.0 0.0
0.0 0.0 0.0
0.0 0.0 0.0
0.0 0.0 0.0
0.0 0.0 0.0
0.0 0.0 0.0
0.0 0.0 0.0
0.0 0.0 0.0
0.0 0.0 0.0
0.0 0.0 0.0
0.0 0.0 0.0
0.0 0.0 0.0
0.0 0.0 0.0
0.0 0.0 0.0
0.0 0.0 0.0
0.0 0.0 0.0
0.0 0.0 0.0
0.0 0.0 0.0
0.0 0.0 0.0
0.0 0.0 0.0
0.0 0.0 0.0
0.0 0.0 0.0
0.0 0.0 0.0
0.0 0.0 0.0
0.0 0.0 0.0
0.0 0.0 0.0
0.0 0.0 0.0
0.0 0.0 0.0
0.0 0.0 0.0
0.0 0.0 0.0
0.0 0.0 0.0
0.0 0.0 0.0
0.0 0.0 0.0
0.0 0.0 0.0
0.0 0.0 0.0
0.0 0.0 0.0
0.0 0.0 0.0
0.0 0.0 0.0
0.0 0.0 0.0
0.0 0.0 0.0
0.0 0.0 0.0
0.0 0.0 0.0
0.0 0.0 0.0
0.0 0.0 0.0
0.0 0.0 0.0
0.0 0.0 0.0
0.0 0.0 0.0
0.0 0.0 0.0
0.0 0.0 0.0
0.0 0.0 0.0
0.0 0.0 0.0
0.0 0.0 0.0
0.0 0.0 0.0
0.0 0.0 0.0
0.0 0.0 0.0
0.0 0.0 0.0
0.0 0.0 0.0
0.0 0.0 0.0
0.0 0.0 0.0
0.0 0.0 0.0
0.0 0.0 0.0
0.0 0.0 0.0
0.0 0.0 0.0
0.0 0.0 0.0
0.0 0.0 0.0
0.0 0.0 0.0
0.0 0.0 0.0
0.0 0.0 0.0
0.0 0.0 0.0
0.0 0.0 0.0
0.0 0.0 0.0
0.0 0.0 0.0
0.0 0.0 0.0
0.0 0.0 0.0
0.0 0.0 0.0
0.0 0.0 0.0
0.0 0.0 0.0
0.0 0.0 0.0
0.0 0.0 0.0
0.0 0.0 0.0
0.0 0.0 0.0
0.0 0.0 0.0
0.0 0.0 0.0
0.0 0.0 0.0
0.0 0.0 0.0
0.0 0.0 0.0
0.0 0.0 0.0
0.0 0.0 0.0
0.0 0.0 0.0
0.0 0.0 0.0
0.0 0.0 0.0
0.0 0.0 0.0
0.0 0.0 0.0
0.0 0.0 0.0
0.0 0.0 0.0
0.0 0.0 0.0
0.0 0.0 0.0
0.0 0.0 0.0
0.0 0.0 0.0
0.0 0.0 0.0
0.0 0.0 0.0
0.0 0.0 0.0
0.0 0.0 0.0
0.0 0.0 0.0
0.0 0.0 0.0
0.0 0.0 0.0
0.0 0.0 0.0
0.0 0.0 0.0
0.0 0.0 0.0
0.0 0.0 0.0
0.0 0.0 0.0
0.0 0.0 0.0
0.0 0.0 0.0
0.0 0.0 0.0
0.0 0.0 0.0
0.0 0.0 0.0
0.0 0.0 0.0
0.0 0.0 0.0
0.0 0.0 0.0
0.0 0.0 0.0
0.0 0.0 0.0
0.0 0.0 0.0
0.0 0.0 0.0
0.0 0.0 0.0
0.0 0.0 0.0
0.0 0.0 0.0
0.0 0.0 0.0
0.0 0.0 0.0
0.0 0.0 0.0
0.0 0.0 0.0
0.0 0.0 0.0
0.0 0.0 0.0
0.0 0.0 0.0
0.0 0.0 0.0
0.0 0.0 0.0
0.0 0.0 0.0
0.0 0.0 0.0
0.0 0.0 0.0
0.0 0.0 0.0
0.0 0.0 0.0
0.0 0.0 0.0
0.0 0.0 0.0
0.0 0.0 0.0
0.0 0.0 0.0
0.0 0.0 0.0
0.0 0.0 0.0
0.0 0.0 0.0
0.0 0.0 0.0
0.0 0.0 0.0
0.0 0.0 0.0
0.0 0.0 0.0
0.0 0.0 0.0
0.0 0.0 0.0
0.0 0.0 0.0
0.0 0.0 0.0
0.0 0.0 0.0
0.0 0.0 0.0
0.0 0.0 0.0
0.0 0.0 0.0
0.0 0.0 0.0
-58.824344635009766 121.90254211425781 12.202999114990234
0.0 0.0 0.0
0.0 0.0 0.0
0.0 0.0 0.0
0.0 0.0 0.0
0.0 0.0 0.0
0.0 0.0 0.0
0.0 0.0 0.0
0.0 0.0 0.0
0.0 0.0 0.0
0.0 0.0 0.0
0.0 0.0 0.0
0.0 0.0 0.0
0.0 0.0 0.0
0.0 0.0 0.0
0.0 0.0 0.0
0.0 0.0 0.0
0.0 0.0 0.0
0.0 0.0 0.0
0.0 0.0 0.0
0.0 0.0 0.0
0.0 0.0 0.0
0.0 0.0 0.0
0.0 0.0 0.0
0.0 0.0 0.0
0.0 0.0 0.0
0.0 0.0 0.0
0.0 0.0 0.0
0.0 0.0 0.0
0.0 0.0 0.0
0.0 0.0 0.0
0.0 0.0 0.0
0.0 0.0 0.0
0.0 0.0 0.0
0.0 0.0 0.0
0.0 0.0 0.0
0.0 0.0 0.0
0.0 0.0 0.0
0.0 0.0 0.0
0.0 0.0 0.0
0.0 0.0 0.0
0.0 0.0 0.0
0.0 0.0 0.0
0.0 0.0 0.0
0.0 0.0 0.0
0.0 0.0 0.0
0.0 0.0 0.0
0.0 0.0 0.0
-15.84076976776123 30.492271423339844 -2.4022881984710693
0.0 0.0 0.0
0.0 0.0 0.0
0.0 0.0 0.0
0.0 0.0 0.0
0.0 0.0 0.0
0.0 0.0 0.0
0.0 0.0 0.0
0.0 0.0 0.0
0.0 0.0 0.0
0.0 0.0 0.0
0.0 0.0 0.0
0.0 0.0 0.0
0.0 0.0 0.0
0.0 0.0 0.0
0.0 0.0 0.0
0.0 0.0 0.0
0.0 0.0 0.0
0.0 0.0 0.0
0.0 0.0 0.0
0.0 0.0 0.0
0.0 0.0 0.0
0.0 0.0 0.0
0.0 0.0 0.0
0.0 0.0 0.0
0.0 0.0 0.0
0.0 0.0 0.0
0.0 0.0 0.0
-8.25924015045166 28.347124099731445 -2.8196280002593994
0.0 0.0 0.0
-7.887706279754639 28.561670303344727 -2.870556354522705
0.0 0.0 0.0
0.0 0.0 0.0
0.0 0.0 0.0
0.0 0.0 0.0
-6.7652268409729 28.319395065307617 -2.914055109024048
0.0 0.0 0.0
-6.314301490783691 28.16098976135254 -2.9225666522979736
0.0 0.0 0.0
-5.926159858703613 28.285608291625977 -2.958528757095337
0.0 0.0 0.0
-5.497443199157715 28.186914443969727 -2.9691874980926514
0.0 0.0 0.0
-5.080439567565918 28.127836227416992 -2.9837663173675537
0.0 0.0 0.0
0.0 0.0 0.0
-4.49742317199707 28.282045364379883 -3.0263943672180176
-4.265992641448975 28.084793090820312 -3.014183521270752
-4.062193870544434 28.058856964111328 -3.0194709300994873
0.0 0.0 0.0
-3.656188726425171 28.022436141967773 -3.0295655727386475
-3.4312758445739746 27.80329132080078 -3.0129587650299072
-3.3054091930389404 28.40797233581543 -3.085871458053589
-3.0665273666381836 28.05489730834961 -3.053659677505493
0.0 0.0 0.0
0.0 0.0 0.0
0.0 0.0 0.0
0.0 0.0 0.0
-2.0767929553985596 28.036489486694336 -3.077554702758789
-1.8751970529556274 27.952871322631836 -3.0717358589172363
-1.680344820022583 28.01529312133789 -3.0821704864501953
-1.4893156290054321 28.099445343017578 -3.095102071762085
-1.2988678216934204 28.21330451965332 -3.1114747524261475
-1.0967440605163574 28.07387924194336 -3.098377227783203
-0.8983687162399292 27.99130630493164 -3.0910181999206543
-0.7049633264541626 28.1829891204834 -3.1141340732574463
-0.5066357851028442 28.05883026123047 -3.1024725437164307
-0.31248289346694946 28.150691986083984 -3.1148438453674316
-0.1163555309176445 28.09387969970703 -3.1090238094329834
0.07924934476613998 28.125057220458984 -3.112551689147949
0.27602580189704895 28.255817413330078 -3.127251148223877
0.4733242988586426 28.090103149414062 -3.1092965602874756
0.6697597503662109 28.136581420898438 -3.1149730682373047
0.8743553161621094 28.422508239746094 -3.1453115940093994
1.0635594129562378 28.18707275390625 -3.1177120208740234
1.271030068397522 28.431354522705078 -3.1433238983154297
1.4658846855163574 28.301706314086914 -3.1277213096618652
1.6660656929016113 28.345333099365234 -3.131443738937378
0.0 0.0 0.0
2.075645923614502 28.533445358276367 -3.1455466747283936
2.2724692821502686 28.4995059967041 -3.1385648250579834
2.4618377685546875 28.340106964111328 -3.1178808212280273
0.0 0.0 0.0
0.0 0.0 0.0
3.079124689102173 28.527873992919922 -3.1254477500915527
3.3099939823150635 28.788171768188477 -3.1490352153778076
3.501969575881958 28.66845703125 -3.1310935020446777
3.693887710571289 28.586435317993164 -3.117358446121216
3.9211747646331787 28.768869400024414 -3.1303470134735107
4.12502384185791 28.76886749267578 -3.1235883235931396
4.359941482543945 28.970943450927734 -3.1388537883758545
4.561587810516357 28.940937042236328 -3.1290736198425293
4.797760963439941 29.100698471069336 -3.1393790245056152
0.0 0.0 0.0
5.225799083709717 29.163679122924805 -3.12919282913208
5.438691139221191 29.181352615356445 -3.1227920055389404
5.668573379516602 29.281339645385742 -3.1252872943878174
5.87406063079834 29.234298706054688 -3.1112382411956787
6.117142677307129 29.384408950805664 -3.1168715953826904
0.0 0.0 0.0
6.5563435554504395 29.43597412109375 -3.101987600326538
0.0 0.0 0.0
7.060752868652344 29.72988510131836 -3.111487865447998
7.279123306274414 29.72697639465332 -3.09912109375
7.47688102722168 29.639554977416992 -3.078091621398926
7.740200996398926 29.806629180908203 -3.083569288253784
0.0 0.0 0.0
0.0 0.0 0.0
0.0 0.0 0.0
0.0 0.0 0.0
9.08595085144043 30.563396453857422 -3.09442400932312
9.31082534790039 30.542402267456055 -3.0783631801605225
9.623634338378906 30.785869598388672 -3.0867137908935547
9.833680152893066 30.70532989501953 -3.0628325939178467
10.068267822265625 30.701025009155273 -3.0466983318328857
0.0 0.0 0.0
10.653023719787598 31.022106170654297 -3.046046733856201
10.958683013916016 31.202486038208008 -3.0460762977600098
0.0 0.0 0.0
0.0 0.0 0.0
0.0 0.0 0.0
0.0 0.0 0.0
0.0 0.0 0.0
0.0 0.0 0.0
0.0 0.0 0.0
13.391889572143555 32.2488899230957 -2.99163818359375
0.0 0.0 0.0
0.0 0.0 0.0
0.0 0.0 0.0
0.0 0.0 0.0
0.0 0.0 0.0
0.0 0.0 0.0
0.0 0.0 0.0
0.0 0.0 0.0
0.0 0.0 0.0
0.0 0.0 0.0
0.0 0.0 0.0
0.0 0.0 0.0
0.0 0.0 0.0
0.0 0.0 0.0
0.0 0.0 0.0
0.0 0.0 0.0
0.0 0.0 0.0
0.0 0.0 0.0
0.0 0.0 0.0
0.0 0.0 0.0
0.0 0.0 0.0
0.0 0.0 0.0
0.0 0.0 0.0
0.0 0.0 0.0
0.0 0.0 0.0
0.0 0.0 0.0
0.0 0.0 0.0
0.0 0.0 0.0
0.0 0.0 0.0
0.0 0.0 0.0
0.0 0.0 0.0
0.0 0.0 0.0
0.0 0.0 0.0
0.0 0.0 0.0
0.0 0.0 0.0
0.0 0.0 0.0
0.0 0.0 0.0
0.0 0.0 0.0
0.0 0.0 0.0
0.0 0.0 0.0
0.0 0.0 0.0
0.0 0.0 0.0
0.0 0.0 0.0
0.0 0.0 0.0
0.0 0.0 0.0
0.0 0.0 0.0
0.0 0.0 0.0
0.0 0.0 0.0
0.0 0.0 0.0
0.0 0.0 0.0
0.0 0.0 0.0
0.0 0.0 0.0
0.0 0.0 0.0
0.0 0.0 0.0
0.0 0.0 0.0
0.0 0.0 0.0
0.0 0.0 0.0
0.0 0.0 0.0
0.0 0.0 0.0
0.0 0.0 0.0
0.0 0.0 0.0
0.0 0.0 0.0
0.0 0.0 0.0
0.0 0.0 0.0
0.0 0.0 0.0
0.0 0.0 0.0
0.0 0.0 0.0
0.0 0.0 0.0
0.0 0.0 0.0
0.0 0.0 0.0
0.0 0.0 0.0
0.0 0.0 0.0
0.0 0.0 0.0
0.0 0.0 0.0
0.0 0.0 0.0
0.0 0.0 0.0
0.0 0.0 0.0
0.0 0.0 0.0
0.0 0.0 0.0
0.0 0.0 0.0
0.0 0.0 0.0
0.0 0.0 0.0
0.0 0.0 0.0
0.0 0.0 0.0
0.0 0.0 0.0
0.0 0.0 0.0
0.0 0.0 0.0
0.0 0.0 0.0
0.0 0.0 0.0
0.0 0.0 0.0
0.0 0.0 0.0
0.0 0.0 0.0
0.0 0.0 0.0
0.0 0.0 0.0
0.0 0.0 0.0
0.0 0.0 0.0
0.0 0.0 0.0
0.0 0.0 0.0
0.0 0.0 0.0
0.0 0.0 0.0
0.0 0.0 0.0
0.0 0.0 0.0
0.0 0.0 0.0
0.0 0.0 0.0
0.0 0.0 0.0
0.0 0.0 0.0
0.0 0.0 0.0
0.0 0.0 0.0
0.0 0.0 0.0
0.0 0.0 0.0
0.0 0.0 0.0
0.0 0.0 0.0
0.0 0.0 0.0
0.0 0.0 0.0
0.0 0.0 0.0
0.0 0.0 0.0
0.0 0.0 0.0
0.0 0.0 0.0
0.0 0.0 0.0
0.0 0.0 0.0
0.0 0.0 0.0
0.0 0.0 0.0
0.0 0.0 0.0
0.0 0.0 0.0
0.0 0.0 0.0
0.0 0.0 0.0
0.0 0.0 0.0
0.0 0.0 0.0
0.0 0.0 0.0
0.0 0.0 0.0
0.0 0.0 0.0
0.0 0.0 0.0
0.0 0.0 0.0
0.0 0.0 0.0
0.0 0.0 0.0
0.0 0.0 0.0
0.0 0.0 0.0
0.0 0.0 0.0
0.0 0.0 0.0
0.0 0.0 0.0
0.0 0.0 0.0
0.0 0.0 0.0
0.0 0.0 0.0
0.0 0.0 0.0
0.0 0.0 0.0
0.0 0.0 0.0
0.0 0.0 0.0
0.0 0.0 0.0
0.0 0.0 0.0
0.0 0.0 0.0
0.0 0.0 0.0
0.0 0.0 0.0
0.0 0.0 0.0
0.0 0.0 0.0
0.0 0.0 0.0
0.0 0.0 0.0
0.0 0.0 0.0
0.0 0.0 0.0
0.0 0.0 0.0
0.0 0.0 0.0
0.0 0.0 0.0
0.0 0.0 0.0
0.0 0.0 0.0
0.0 0.0 0.0
0.0 0.0 0.0
0.0 0.0 0.0
0.0 0.0 0.0
0.0 0.0 0.0
0.0 0.0 0.0
0.0 0.0 0.0
0.0 0.0 0.0
0.0 0.0 0.0
0.0 0.0 0.0
0.0 0.0 0.0
0.0 0.0 0.0
0.0 0.0 0.0
0.0 0.0 0.0
0.0 0.0 0.0
0.0 0.0 0.0
0.0 0.0 0.0
0.0 0.0 0.0
0.0 0.0 0.0
0.0 0.0 0.0
0.0 0.0 0.0
0.0 0.0 0.0
0.0 0.0 0.0
0.0 0.0 0.0
0.0 0.0 0.0
0.0 0.0 0.0
0.0 0.0 0.0
0.0 0.0 0.0
0.0 0.0 0.0
0.0 0.0 0.0
0.0 0.0 0.0
0.0 0.0 0.0
0.0 0.0 0.0
0.0 0.0 0.0
0.0 0.0 0.0
0.0 0.0 0.0
0.0 0.0 0.0
0.0 0.0 0.0
0.0 0.0 0.0
0.0 0.0 0.0
0.0 0.0 0.0
0.0 0.0 0.0
0.0 0.0 0.0
0.0 0.0 0.0
0.0 0.0 0.0
0.0 0.0 0.0
0.0 0.0 0.0
0.0 0.0 0.0
0.0 0.0 0.0
0.0 0.0 0.0
0.0 0.0 0.0
0.0 0.0 0.0
0.0 0.0 0.0
0.0 0.0 0.0
0.0 0.0 0.0
0.0 0.0 0.0
0.0 0.0 0.0
0.0 0.0 0.0
0.0 0.0 0.0
0.0 0.0 0.0
0.0 0.0 0.0
0.0 0.0 0.0
0.0 0.0 0.0
0.0 0.0 0.0
0.0 0.0 0.0
0.0 0.0 0.0
0.0 0.0 0.0
0.0 0.0 0.0
0.0 0.0 0.0
0.0 0.0 0.0
0.0 0.0 0.0
0.0 0.0 0.0
0.0 0.0 0.0
0.0 0.0 0.0
0.0 0.0 0.0
0.0 0.0 0.0
0.0 0.0 0.0
0.0 0.0 0.0
0.0 0.0 0.0
0.0 0.0 0.0
0.0 0.0 0.0
0.0 0.0 0.0
0.0 0.0 0.0
0.0 0.0 0.0
0.0 0.0 0.0
0.0 0.0 0.0
0.0 0.0 0.0
0.0 0.0 0.0
0.0 0.0 0.0
0.0 0.0 0.0
0.0 0.0 0.0
0.0 0.0 0.0
0.0 0.0 0.0
0.0 0.0 0.0
0.0 0.0 0.0
0.0 0.0 0.0
0.0 0.0 0.0
0.0 0.0 0.0
0.0 0.0 0.0
0.0 0.0 0.0
0.0 0.0 0.0
0.0 0.0 0.0
0.0 0.0 0.0
0.0 0.0 0.0
0.0 0.0 0.0
0.0 0.0 0.0
0.0 0.0 0.0
0.0 0.0 0.0
-6.942745685577393 28.608755111694336 -2.8640666007995605
-6.693106174468994 28.442855834960938 -2.859935760498047
-6.474795341491699 28.415851593017578 -2.869995355606079
-6.281159400939941 28.48161506652832 -2.8876330852508545
-6.0695672035217285 28.462352752685547 -2.8963329792022705
0.0 0.0 0.0
-5.663784503936768 28.499250411987305 -2.921764850616455
0.0 0.0 0.0
-5.23123836517334 28.405101776123047 -2.932194709777832
0.0 0.0 0.0
0.0 0.0 0.0
-4.610734939575195 28.347082138061523 -2.953672170639038
-4.376650810241699 28.166622161865234 -2.9439830780029297
-4.254486083984375 28.69499969482422 -3.0064799785614014
-3.9907913208007812 28.27276039123535 -2.9695427417755127
-3.805704116821289 28.387361526489258 -2.9890329837799072
0.0 0.0 0.0
-3.3750345706939697 28.14626121520996 -2.9781973361968994
-3.1873743534088135 28.27284812927246 -2.997169256210327
-2.9794533252716064 28.189218521118164 -2.993908405303955
-2.793447971343994 28.312824249267578 -3.012803077697754
-2.5931034088134766 28.295936584472656 -3.0169076919555664
-2.398963689804077 28.347396850585938 -3.027608633041382
-2.183880090713501 28.177181243896484 -3.0133190155029297
-1.999840497970581 28.361587524414062 -3.03703236579895
0.0 0.0 0.0
0.0 0.0 0.0
0.0 0.0 0.0
-1.206355333328247 28.4044189453125 -3.055514335632324
-1.0034722089767456 28.26430892944336 -3.042635202407837
-0.8135660290718079 28.50710105895996 -3.0711302757263184
-0.6102758646011353 28.28266143798828 -3.0494375228881836
-0.41540345549583435 28.40639305114746 -3.0643365383148193
-0.21297438442707062 28.2570858001709 -3.0487093925476074
-0.016568705439567566 28.51801872253418 -3.077486753463745
0.0 0.0 0.0
0.3795850872993469 28.47262191772461 -3.074282169342041
0.58331698179245 28.752798080444336 -3.1043899059295654
0.7765578627586365 28.495872497558594 -3.0754945278167725
0.9780662059783936 28.48207664489746 -3.0729827880859375
1.179091453552246 28.548494338989258 -3.079292058944702
1.3856419324874878 28.702701568603516 -3.095212459564209
0.0 0.0 0.0
1.7926000356674194 28.80933380126953 -3.1019906997680664
1.9875127077102661 28.66851043701172 -3.0841257572174072
0.0 0.0 0.0
2.3937134742736816 28.727964401245117 -3.085639715194702
2.605785608291626 28.850486755371094 -3.0951550006866455
0.0 0.0 0.0
3.0177109241485596 28.881986618041992 -3.0897858142852783
3.244114637374878 29.088727951049805 -3.1077511310577393
0.0 0.0 0.0
3.6614227294921875 29.146413803100586 -3.104309320449829
3.8787589073181152 29.232885360717773 -3.10726261138916
4.061943531036377 29.036376953125 -3.0801870822906494
4.287676811218262 29.16977882385254 -3.0883677005767822
4.526705265045166 29.374404907226562 -3.104158401489258
4.743831157684326 29.423892974853516 -3.102017402648926
4.951318740844727 29.4066219329834 -3.09251070022583
5.147374629974365 29.32282257080078 -3.0761666297912598
5.4447760581970215 29.776004791259766 -3.116058349609375
0.0 0.0 0.0
5.857259273529053 29.69228744506836 -3.090458631515503
0.0 0.0 0.0
6.34551477432251 29.968156814575195 -3.100066661834717
0.0 0.0 0.0
0.0 0.0 0.0
0.0 0.0 0.0
7.234525680541992 30.004234313964844 -3.062110662460327
7.502878189086914 30.192325592041016 -3.0700747966766357
7.741100788116455 30.234148025512695 -3.0630075931549072
7.989107131958008 30.324092864990234 -3.0603621006011963
0.0 0.0 0.0
8.451955795288086 30.359514236450195 -3.038050651550293
0.0 0.0 0.0
0.0 0.0 0.0
9.288300514221191 30.843555450439453 -3.0461535453796387
0.0 0.0 0.0
9.850269317626953 31.1341552734375 -3.0449204444885254
0.0 0.0 0.0
0.0 0.0 0.0
10.666894912719727 31.409086227416992 -3.024765729904175
0.0 0.0 0.0
0.0 0.0 0.0
11.528777122497559 31.752302169799805 -3.0070126056671143
0.0 0.0 0.0
0.0 0.0 0.0
0.0 0.0 0.0
0.0 0.0 0.0
0.0 0.0 0.0
0.0 0.0 0.0
0.0 0.0 0.0
0.0 0.0 0.0
0.0 0.0 0.0
0.0 0.0 0.0
0.0 0.0 0.0
0.0 0.0 0.0
0.0 0.0 0.0
0.0 0.0 0.0
0.0 0.0 0.0
0.0 0.0 0.0
17.39607810974121 34.51897430419922 -2.8788321018218994
0.0 0.0 0.0
0.0 0.0 0.0
0.0 0.0 0.0
0.0 0.0 0.0
0.0 0.0 0.0
0.0 0.0 0.0
0.0 0.0 0.0
0.0 0.0 0.0
0.0 0.0 0.0
0.0 0.0 0.0
0.0 0.0 0.0
0.0 0.0 0.0
0.0 0.0 0.0
0.0 0.0 0.0
0.0 0.0 0.0
0.0 0.0 0.0
0.0 0.0 0.0
0.0 0.0 0.0
0.0 0.0 0.0
0.0 0.0 0.0
0.0 0.0 0.0
0.0 0.0 0.0
0.0 0.0 0.0
0.0 0.0 0.0
0.0 0.0 0.0
0.0 0.0 0.0
0.0 0.0 0.0
0.0 0.0 0.0
0.0 0.0 0.0
0.0 0.0 0.0
0.0 0.0 0.0
0.0 0.0 0.0
0.0 0.0 0.0
0.0 0.0 0.0
0.0 0.0 0.0
0.0 0.0 0.0
0.0 0.0 0.0
0.0 0.0 0.0
0.0 0.0 0.0
0.0 0.0 0.0
0.0 0.0 0.0
0.0 0.0 0.0
0.0 0.0 0.0
0.0 0.0 0.0
0.0 0.0 0.0
0.0 0.0 0.0
0.0 0.0 0.0
0.0 0.0 0.0
0.0 0.0 0.0
0.0 0.0 0.0
0.0 0.0 0.0
0.0 0.0 0.0
0.0 0.0 0.0
0.0 0.0 0.0
0.0 0.0 0.0
0.0 0.0 0.0
0.0 0.0 0.0
0.0 0.0 0.0
0.0 0.0 0.0
0.0 0.0 0.0
0.0 0.0 0.0
0.0 0.0 0.0
0.0 0.0 0.0
0.0 0.0 0.0
0.0 0.0 0.0
0.0 0.0 0.0
0.0 0.0 0.0
0.0 0.0 0.0
0.0 0.0 0.0
0.0 0.0 0.0
0.0 0.0 0.0
0.0 0.0 0.0
0.0 0.0 0.0
0.0 0.0 0.0
0.0 0.0 0.0
0.0 0.0 0.0
0.0 0.0 0.0
0.0 0.0 0.0
0.0 0.0 0.0
0.0 0.0 0.0
0.0 0.0 0.0
0.0 0.0 0.0
0.0 0.0 0.0
0.0 0.0 0.0
0.0 0.0 0.0
0.0 0.0 0.0
0.0 0.0 0.0
0.0 0.0 0.0
0.0 0.0 0.0
0.0 0.0 0.0
0.0 0.0 0.0
0.0 0.0 0.0
0.0 0.0 0.0
0.0 0.0 0.0
0.0 0.0 0.0
0.0 0.0 0.0
0.0 0.0 0.0
0.0 0.0 0.0
0.0 0.0 0.0
0.0 0.0 0.0
0.0 0.0 0.0
0.0 0.0 0.0
0.0 0.0 0.0
0.0 0.0 0.0
0.0 0.0 0.0
0.0 0.0 0.0
0.0 0.0 0.0
0.0 0.0 0.0
0.0 0.0 0.0
0.0 0.0 0.0
0.0 0.0 0.0
0.0 0.0 0.0
0.0 0.0 0.0
0.0 0.0 0.0
0.0 0.0 0.0
0.0 0.0 0.0
0.0 0.0 0.0
0.0 0.0 0.0
0.0 0.0 0.0
0.0 0.0 0.0
0.0 0.0 0.0
0.0 0.0 0.0
0.0 0.0 0.0
0.0 0.0 0.0
0.0 0.0 0.0
0.0 0.0 0.0
0.0 0.0 0.0
0.0 0.0 0.0
0.0 0.0 0.0
0.0 0.0 0.0
0.0 0.0 0.0
0.0 0.0 0.0
0.0 0.0 0.0
0.0 0.0 0.0
0.0 0.0 0.0
0.0 0.0 0.0
0.0 0.0 0.0
0.0 0.0 0.0
0.0 0.0 0.0
0.0 0.0 0.0
0.0 0.0 0.0
0.0 0.0 0.0
0.0 0.0 0.0
0.0 0.0 0.0
0.0 0.0 0.0
0.0 0.0 0.0
0.0 0.0 0.0
0.0 0.0 0.0
0.0 0.0 0.0
0.0 0.0 0.0
0.0 0.0 0.0
0.0 0.0 0.0
0.0 0.0 0.0
0.0 0.0 0.0
0.0 0.0 0.0
0.0 0.0 0.0
0.0 0.0 0.0
0.0 0.0 0.0
0.0 0.0 0.0
0.0 0.0 0.0
0.0 0.0 0.0
0.0 0.0 0.0
0.0 0.0 0.0
0.0 0.0 0.0
0.0 0.0 0.0
0.0 0.0 0.0
0.0 0.0 0.0
0.0 0.0 0.0
0.0 0.0 0.0
0.0 0.0 0.0
0.0 0.0 0.0
0.0 0.0 0.0
0.0 0.0 0.0
0.0 0.0 0.0
0.0 0.0 0.0
0.0 0.0 0.0
0.0 0.0 0.0
0.0 0.0 0.0
0.0 0.0 0.0
0.0 0.0 0.0
0.0 0.0 0.0
0.0 0.0 0.0
0.0 0.0 0.0
0.0 0.0 0.0
0.0 0.0 0.0
0.0 0.0 0.0
0.0 0.0 0.0
0.0 0.0 0.0
0.0 0.0 0.0
0.0 0.0 0.0
0.0 0.0 0.0
0.0 0.0 0.0
0.0 0.0 0.0
0.0 0.0 0.0
0.0 0.0 0.0
0.0 0.0 0.0
0.0 0.0 0.0
0.0 0.0 0.0
0.0 0.0 0.0
0.0 0.0 0.0
0.0 0.0 0.0
0.0 0.0 0.0
0.0 0.0 0.0
0.0 0.0 0.0
0.0 0.0 0.0
0.0 0.0 0.0
0.0 0.0 0.0
0.0 0.0 0.0
0.0 0.0 0.0
0.0 0.0 0.0
0.0 0.0 0.0
0.0 0.0 0.0
0.0 0.0 0.0
0.0 0.0 0.0
0.0 0.0 0.0
0.0 0.0 0.0
0.0 0.0 0.0
0.0 0.0 0.0
0.0 0.0 0.0
0.0 0.0 0.0
0.0 0.0 0.0
0.0 0.0 0.0
0.0 0.0 0.0
0.0 0.0 0.0
0.0 0.0 0.0
0.0 0.0 0.0
0.0 0.0 0.0
0.0 0.0 0.0
0.0 0.0 0.0
0.0 0.0 0.0
0.0 0.0 0.0
0.0 0.0 0.0
0.0 0.0 0.0
0.0 0.0 0.0
0.0 0.0 0.0
0.0 0.0 0.0
0.0 0.0 0.0
0.0 0.0 0.0
0.0 0.0 0.0
0.0 0.0 0.0
0.0 0.0 0.0
0.0 0.0 0.0
0.0 0.0 0.0
0.0 0.0 0.0
0.0 0.0 0.0
0.0 0.0 0.0
0.0 0.0 0.0
0.0 0.0 0.0
0.0 0.0 0.0
0.0 0.0 0.0
0.0 0.0 0.0
0.0 0.0 0.0
0.0 0.0 0.0
0.0 0.0 0.0
0.0 0.0 0.0
0.0 0.0 0.0
0.0 0.0 0.0
0.0 0.0 0.0
-7.32444429397583 28.859811782836914 -2.801342487335205
-7.057551383972168 28.656272888183594 -2.7941315174102783
-6.888472080230713 28.831676483154297 -2.823746919631958
-6.725606918334961 29.044166564941406 -2.8562734127044678
-6.478034496307373 28.887720108032227 -2.851738929748535
0.0 0.0 0.0
-6.060193061828613 28.91961097717285 -2.877131938934326
0.0 0.0 0.0
-5.5825276374816895 28.620718002319336 -2.868035316467285
-5.384830474853516 28.669153213500977 -2.8820056915283203
0.0 0.0 0.0
-4.96092414855957 28.624591827392578 -2.896243095397949
-4.771914482116699 28.722400665283203 -2.9156301021575928
-4.534327507019043 28.51972007751465 -2.90266489982605
-4.375978469848633 28.81464195251465 -2.9402761459350586
-4.15806245803833 28.724077224731445 -2.9387319087982178
0.0 0.0 0.0
-3.732280969619751 28.607879638671875 -2.942659378051758
0.0 0.0 0.0
-3.3256890773773193 28.589805603027344 -2.95223069190979
0.0 0.0 0.0
-2.9217569828033447 28.577539443969727 -2.962918281555176
0.0 0.0 0.0
0.0 0.0 0.0
0.0 0.0 0.0
-2.1106104850769043 28.498184204101562 -2.972985029220581
-1.9129712581634521 28.51932144165039 -2.979548692703247
-1.7139064073562622 28.58199691772461 -2.9903368949890137
-1.5249073505401611 28.77909278869629 -3.0132486820220947
-1.3171765804290771 28.62564468383789 -2.9996042251586914
-1.1202948093414307 28.691987991333008 -3.009127378463745
-0.920062243938446 28.679311752319336 -3.0105128288269043
-0.7182735204696655 28.735273361206055 -3.0188682079315186
-0.5164218544960022 28.634584426879883 -3.008955240249634
-0.3175121247768402 28.668447494506836 -3.0133256912231445
-0.11806017905473709 28.677616119384766 -3.0152475833892822
0.0 0.0 0.0
0.28332915902137756 28.913259506225586 -3.0419509410858154
0.48467639088630676 28.716432571411133 -3.020395517349243
0.0 0.0 0.0
0.0 0.0 0.0
1.0992952585220337 29.104143142700195 -3.0595319271087646
1.2959107160568237 28.967899322509766 -3.0444040298461914
1.5096431970596313 29.12908935546875 -3.0587618350982666
1.7100839614868164 29.08335304260254 -3.051572322845459
0.0 0.0 0.0
2.111523151397705 29.01875114440918 -3.040466070175171
2.336838722229004 29.30202865600586 -3.067559003829956
2.538652181625366 29.21956443786621 -3.054680109024048
2.741342782974243 29.194053649902344 -3.047987937927246
2.967348098754883 29.402973175048828 -3.065894365310669
3.1503539085388184 29.181337356567383 -3.0390448570251465
3.372683048248291 29.329259872436523 -3.0501351356506348
0.0 0.0 0.0
3.798422336578369 29.39249038696289 -3.045403003692627
4.011355876922607 29.427778244018555 -3.043652296066284
4.268288612365723 29.76544952392578 -3.0732533931732178
4.4409871101379395 29.50927734375 -3.040682315826416
4.666173934936523 29.605438232421875 -3.043118476867676
0.0 0.0 0.0
5.132909297943115 29.837947845458984 -3.0522210597991943
0.0 0.0 0.0
0.0 0.0 0.0
0.0 0.0 0.0
6.024594783782959 29.981067657470703 -3.0334320068359375
0.0 0.0 0.0
6.510736465454102 30.216012954711914 -3.0395946502685547
6.706637859344482 30.106891632080078 -3.018563985824585
0.0 0.0 0.0
0.0 0.0 0.0
0.0 0.0 0.0
0.0 0.0 0.0
7.90508508682251 30.44156265258789 -2.9976563453674316
0.0 0.0 0.0
8.430242538452148 30.687105178833008 -2.9972872734069824
0.0 0.0 0.0
8.950754165649414 30.89527130126953 -2.9931931495666504
0.0 0.0 0.0
0.0 0.0 0.0
9.827202796936035 31.43742561340332 -3.0030553340911865
10.045931816101074 31.370155334472656 -2.982707977294922
0.0 0.0 0.0
10.627032279968262 31.66279411315918 -2.9796626567840576
0.0 0.0 0.0
0.0 0.0 0.0
0.0 0.0 0.0
0.0 0.0 0.0
0.0 0.0 0.0
12.371399879455566 32.3106689453125 -2.938072919845581
0.0 0.0 0.0
0.0 0.0 0.0
0.0 0.0 0.0
0.0 0.0 0.0
13.940301895141602 32.915985107421875 -2.894967794418335
0.0 0.0 0.0
14.628397941589355 33.23481369018555 -2.8800265789031982
15.103931427001953 33.67816925048828 -2.896024703979492
0.0 0.0 0.0
0.0 0.0 0.0
0.0 0.0 0.0
0.0 0.0 0.0
16.861591339111328 34.33808898925781 -2.8326666355133057
17.287294387817383 34.59521484375 -2.8289196491241455
0.0 0.0 0.0
18.000715255737305 34.806671142578125 -2.7916319370269775
18.40863037109375 34.9968376159668 -2.7790393829345703
0.0 0.0 0.0
0.0 0.0 0.0
0.0 0.0 0.0
0.0 0.0 0.0
0.0 0.0 0.0
0.0 0.0 0.0
0.0 0.0 0.0
0.0 0.0 0.0
0.0 0.0 0.0
0.0 0.0 0.0
0.0 0.0 0.0
0.0 0.0 0.0
0.0 0.0 0.0
0.0 0.0 0.0
0.0 0.0 0.0
0.0 0.0 0.0
0.0 0.0 0.0
0.0 0.0 0.0
0.0 0.0 0.0
0.0 0.0 0.0
0.0 0.0 0.0
0.0 0.0 0.0
0.0 0.0 0.0
0.0 0.0 0.0
0.0 0.0 0.0
0.0 0.0 0.0
0.0 0.0 0.0
0.0 0.0 0.0
0.0 0.0 0.0
0.0 0.0 0.0
0.0 0.0 0.0
0.0 0.0 0.0
0.0 0.0 0.0
0.0 0.0 0.0
0.0 0.0 0.0
0.0 0.0 0.0
0.0 0.0 0.0
0.0 0.0 0.0
0.0 0.0 0.0
0.0 0.0 0.0
0.0 0.0 0.0
0.0 0.0 0.0
0.0 0.0 0.0
0.0 0.0 0.0
0.0 0.0 0.0
0.0 0.0 0.0
0.0 0.0 0.0
0.0 0.0 0.0
0.0 0.0 0.0
0.0 0.0 0.0
0.0 0.0 0.0
0.0 0.0 0.0
0.0 0.0 0.0
0.0 0.0 0.0
0.0 0.0 0.0
0.0 0.0 0.0
0.0 0.0 0.0
0.0 0.0 0.0
0.0 0.0 0.0
0.0 0.0 0.0
0.0 0.0 0.0
0.0 0.0 0.0
0.0 0.0 0.0
0.0 0.0 0.0
0.0 0.0 0.0
0.0 0.0 0.0
0.0 0.0 0.0
0.0 0.0 0.0
0.0 0.0 0.0
0.0 0.0 0.0
0.0 0.0 0.0
0.0 0.0 0.0
0.0 0.0 0.0
0.0 0.0 0.0
0.0 0.0 0.0
0.0 0.0 0.0
0.0 0.0 0.0
0.0 0.0 0.0
0.0 0.0 0.0
0.0 0.0 0.0
0.0 0.0 0.0
0.0 0.0 0.0
0.0 0.0 0.0
0.0 0.0 0.0
0.0 0.0 0.0
0.0 0.0 0.0
0.0 0.0 0.0
0.0 0.0 0.0
0.0 0.0 0.0
0.0 0.0 0.0
0.0 0.0 0.0
0.0 0.0 0.0
0.0 0.0 0.0
0.0 0.0 0.0
0.0 0.0 0.0
0.0 0.0 0.0
0.0 0.0 0.0
0.0 0.0 0.0
0.0 0.0 0.0
0.0 0.0 0.0
0.0 0.0 0.0
0.0 0.0 0.0
0.0 0.0 0.0
0.0 0.0 0.0
0.0 0.0 0.0
0.0 0.0 0.0
0.0 0.0 0.0
0.0 0.0 0.0
0.0 0.0 0.0
0.0 0.0 0.0
0.0 0.0 0.0
0.0 0.0 0.0
0.0 0.0 0.0
0.0 0.0 0.0
0.0 0.0 0.0
0.0 0.0 0.0
0.0 0.0 0.0
0.0 0.0 0.0
0.0 0.0 0.0
0.0 0.0 0.0
0.0 0.0 0.0
0.0 0.0 0.0
0.0 0.0 0.0
0.0 0.0 0.0
0.0 0.0 0.0
0.0 0.0 0.0
0.0 0.0 0.0
0.0 0.0 0.0
0.0 0.0 0.0
0.0 0.0 0.0
0.0 0.0 0.0
0.0 0.0 0.0
0.0 0.0 0.0
0.0 0.0 0.0
0.0 0.0 0.0
0.0 0.0 0.0
0.0 0.0 0.0
0.0 0.0 0.0
0.0 0.0 0.0
0.0 0.0 0.0
0.0 0.0 0.0
0.0 0.0 0.0
0.0 0.0 0.0
0.0 0.0 0.0
0.0 0.0 0.0
0.0 0.0 0.0
0.0 0.0 0.0
0.0 0.0 0.0
0.0 0.0 0.0
0.0 0.0 0.0
0.0 0.0 0.0
0.0 0.0 0.0
0.0 0.0 0.0
0.0 0.0 0.0
0.0 0.0 0.0
0.0 0.0 0.0
0.0 0.0 0.0
0.0 0.0 0.0
0.0 0.0 0.0
0.0 0.0 0.0
0.0 0.0 0.0
0.0 0.0 0.0
0.0 0.0 0.0
0.0 0.0 0.0
0.0 0.0 0.0
0.0 0.0 0.0
0.0 0.0 0.0
0.0 0.0 0.0
0.0 0.0 0.0
0.0 0.0 0.0
0.0 0.0 0.0
0.0 0.0 0.0
0.0 0.0 0.0
0.0 0.0 0.0
0.0 0.0 0.0
0.0 0.0 0.0
0.0 0.0 0.0
0.0 0.0 0.0
0.0 0.0 0.0
0.0 0.0 0.0
0.0 0.0 0.0
0.0 0.0 0.0
0.0 0.0 0.0
0.0 0.0 0.0
0.0 0.0 0.0
0.0 0.0 0.0
0.0 0.0 0.0
0.0 0.0 0.0
-124.82811737060547 209.84494018554688 16.8997802734375
0.0 0.0 0.0
0.0 0.0 0.0
0.0 0.0 0.0
0.0 0.0 0.0
0.0 0.0 0.0
0.0 0.0 0.0
0.0 0.0 0.0
0.0 0.0 0.0
0.0 0.0 0.0
0.0 0.0 0.0
0.0 0.0 0.0
0.0 0.0 0.0
0.0 0.0 0.0
0.0 0.0 0.0
0.0 0.0 0.0
0.0 0.0 0.0
0.0 0.0 0.0
0.0 0.0 0.0
0.0 0.0 0.0
0.0 0.0 0.0
0.0 0.0 0.0
0.0 0.0 0.0
0.0 0.0 0.0
0.0 0.0 0.0
0.0 0.0 0.0
0.0 0.0 0.0
0.0 0.0 0.0
0.0 0.0 0.0
0.0 0.0 0.0
0.0 0.0 0.0
0.0 0.0 0.0
0.0 0.0 0.0
0.0 0.0 0.0
0.0 0.0 0.0
0.0 0.0 0.0
0.0 0.0 0.0
0.0 0.0 0.0
0.0 0.0 0.0
0.0 0.0 0.0
0.0 0.0 0.0
0.0 0.0 0.0
0.0 0.0 0.0
0.0 0.0 0.0
0.0 0.0 0.0
0.0 0.0 0.0
0.0 0.0 0.0
0.0 0.0 0.0
0.0 0.0 0.0
0.0 0.0 0.0
0.0 0.0 0.0
0.0 0.0 0.0
0.0 0.0 0.0
0.0 0.0 0.0
0.0 0.0 0.0
0.0 0.0 0.0
0.0 0.0 0.0
0.0 0.0 0.0
0.0 0.0 0.0
0.0 0.0 0.0
0.0 0.0 0.0
0.0 0.0 0.0
0.0 0.0 0.0
0.0 0.0 0.0
0.0 0.0 0.0
0.0 0.0 0.0
0.0 0.0 0.0
0.0 0.0 0.0
-7.498580455780029 29.123878479003906 -2.7502338886260986
0.0 0.0 0.0
0.0 0.0 0.0
-6.846520900726318 29.09554672241211 -2.7832703590393066
-6.674227237701416 29.293630599975586 -2.813493251800537
0.0 0.0 0.0
0.0 0.0 0.0
0.0 0.0 0.0
-5.732309818267822 28.8487548828125 -2.8120663166046143
0.0 0.0 0.0
0.0 0.0 0.0
0.0 0.0 0.0
-4.919956207275391 28.977638244628906 -2.86098313331604
-4.692009449005127 28.848934173583984 -2.8558363914489746
0.0 0.0 0.0
-4.276754379272461 28.844451904296875 -2.8710215091705322
0.0 0.0 0.0
-3.871340274810791 28.87615203857422 -2.8884825706481934
0.0 0.0 0.0
0.0 0.0 0.0
-3.269484519958496 28.998767852783203 -2.9190447330474854
-5.1870880126953125 49.07658004760742 -4.950821399688721
0.0 0.0 0.0
-2.6495654582977295 28.911462783813477 -2.9259591102600098
-2.4368648529052734 28.793004989624023 -2.918671131134033
-2.244692325592041 28.959985733032227 -2.9405479431152344
0.0 0.0 0.0
0.0 0.0 0.0
-1.6473599672317505 29.138713836669922 -2.969640016555786
-1.432266354560852 28.904541015625 -2.9487533569335938
-1.2356541156768799 29.10767364501953 -2.9726741313934326
-1.0283386707305908 28.97922706604004 -2.9628241062164307
-0.8286486268043518 29.055408477783203 -2.9718573093414307
-0.6269034147262573 29.07195472717285 -2.9746792316436768
0.0 0.0 0.0
-0.21794362366199493 28.95320701599121 -2.9652347564697266
-0.016695991158485413 28.988828659057617 -2.9704413414001465
0.0 0.0 0.0
0.387580007314682 29.056299209594727 -2.9766128063201904
0.0 0.0 0.0
0.795174777507782 29.180294036865234 -2.9889397621154785
1.0077157020568848 29.344871520996094 -3.005828380584717
1.2033867835998535 29.13553810119629 -2.9824347496032715
0.0 0.0 0.0
1.6225305795669556 29.372669219970703 -3.0028393268585205
1.8230974674224854 29.298904418945312 -2.993581771850586
0.0 0.0 0.0
2.25563645362854 29.55413246154785 -3.0143611431121826
2.467325210571289 29.611848831176758 -3.0165529251098633
2.666895866394043 29.520944595336914 -3.0037457942962646
2.875232458114624 29.533161163330078 -3.001586437225342
3.0894715785980225 29.5628662109375 -3.0012853145599365
3.336489677429199 29.912220001220703 -3.031423330307007
3.4910011291503906 29.437467575073242 -2.978154420852661
3.741312265396118 29.775726318359375 -3.007297992706299
3.961211919784546 29.846059799194336 -3.0094499588012695
0.0 0.0 0.0
4.4079270362854 29.981590270996094 -3.0111780166625977
4.61010217666626 29.90889549255371 -2.9970831871032715
0.0 0.0 0.0
5.054401397705078 30.012468338012695 -2.994230031967163
0.0 0.0 0.0
5.532370090484619 30.25439453125 -3.0032291412353516
0.0 0.0 0.0
0.0 0.0 0.0
6.2198381423950195 30.413898468017578 -2.994764566421509
0.0 0.0 0.0
6.721130847930908 30.66809844970703 -3.0011181831359863
0.0 0.0 0.0
7.167941570281982 30.661434173583984 -2.9807519912719727
0.0 0.0 0.0
0.0 0.0 0.0
7.921461582183838 30.94190216064453 -2.975775957107544
8.105276107788086 30.76717758178711 -2.9474539756774902
0.0 0.0 0.0
0.0 0.0 0.0
0.0 0.0 0.0
9.184170722961426 31.285085678100586 -2.9477784633636475
9.518774032592773 31.60951042175293 -2.965083599090576
9.780547142028809 31.677927017211914 -2.958284378051758
0.0 0.0 0.0
0.0 0.0 0.0
0.0 0.0 0.0
10.867783546447754 32.00002670288086 -2.929718017578125
11.15701675415039 32.116634368896484 -2.9254562854766846
0.0 0.0 0.0
11.672629356384277 32.15248107910156 -2.8961963653564453
0.0 0.0 0.0
12.355902671813965 32.60083770751953 -2.9023609161376953
0.0 0.0 0.0
0.0 0.0 0.0
0.0 0.0 0.0
0.0 0.0 0.0
0.0 0.0 0.0
0.0 0.0 0.0
0.0 0.0 0.0
0.0 0.0 0.0
0.0 0.0 0.0
15.82595157623291 34.32190704345703 -2.8519725799560547
0.0 0.0 0.0
16.582250595092773 34.68651580810547 -2.8350117206573486
0.0 0.0 0.0
0.0 0.0 0.0
0.0 0.0 0.0
0.0 0.0 0.0
0.0 0.0 0.0
0.0 0.0 0.0
0.0 0.0 0.0
0.0 0.0 0.0
0.0 0.0 0.0
0.0 0.0 0.0
0.0 0.0 0.0
0.0 0.0 0.0
0.0 0.0 0.0
0.0 0.0 0.0
0.0 0.0 0.0
0.0 0.0 0.0
0.0 0.0 0.0
0.0 0.0 0.0
0.0 0.0 0.0
0.0 0.0 0.0
0.0 0.0 0.0
0.0 0.0 0.0
0.0 0.0 0.0
0.0 0.0 0.0
0.0 0.0 0.0
0.0 0.0 0.0
0.0 0.0 0.0
0.0 0.0 0.0
0.0 0.0 0.0
0.0 0.0 0.0
0.0 0.0 0.0
0.0 0.0 0.0
0.0 0.0 0.0
0.0 0.0 0.0
0.0 0.0 0.0
0.0 0.0 0.0
0.0 0.0 0.0
0.0 0.0 0.0
0.0 0.0 0.0
0.0 0.0 0.0
0.0 0.0 0.0
0.0 0.0 0.0
0.0 0.0 0.0
0.0 0.0 0.0
0.0 0.0 0.0
0.0 0.0 0.0
0.0 0.0 0.0
0.0 0.0 0.0
0.0 0.0 0.0
0.0 0.0 0.0
0.0 0.0 0.0
0.0 0.0 0.0
0.0 0.0 0.0
0.0 0.0 0.0
0.0 0.0 0.0
0.0 0.0 0.0
0.0 0.0 0.0
0.0 0.0 0.0
0.0 0.0 0.0
0.0 0.0 0.0
0.0 0.0 0.0
0.0 0.0 0.0
0.0 0.0 0.0
0.0 0.0 0.0
0.0 0.0 0.0
0.0 0.0 0.0
0.0 0.0 0.0
0.0 0.0 0.0
0.0 0.0 0.0
0.0 0.0 0.0
0.0 0.0 0.0
0.0 0.0 0.0
0.0 0.0 0.0
0.0 0.0 0.0
0.0 0.0 0.0
0.0 0.0 0.0
0.0 0.0 0.0
0.0 0.0 0.0
0.0 0.0 0.0
0.0 0.0 0.0
0.0 0.0 0.0
0.0 0.0 0.0
0.0 0.0 0.0
0.0 0.0 0.0
0.0 0.0 0.0
0.0 0.0 0.0
0.0 0.0 0.0
0.0 0.0 0.0
0.0 0.0 0.0
0.0 0.0 0.0
0.0 0.0 0.0
0.0 0.0 0.0
0.0 0.0 0.0
0.0 0.0 0.0
0.0 0.0 0.0
0.0 0.0 0.0
0.0 0.0 0.0
0.0 0.0 0.0
0.0 0.0 0.0
0.0 0.0 0.0
0.0 0.0 0.0
0.0 0.0 0.0
0.0 0.0 0.0
0.0 0.0 0.0
0.0 0.0 0.0
0.0 0.0 0.0
0.0 0.0 0.0
0.0 0.0 0.0
0.0 0.0 0.0
0.0 0.0 0.0
0.0 0.0 0.0
0.0 0.0 0.0
0.0 0.0 0.0
0.0 0.0 0.0
0.0 0.0 0.0
0.0 0.0 0.0
0.0 0.0 0.0
0.0 0.0 0.0
0.0 0.0 0.0
0.0 0.0 0.0
0.0 0.0 0.0
0.0 0.0 0.0
0.0 0.0 0.0
0.0 0.0 0.0
0.0 0.0 0.0
0.0 0.0 0.0
0.0 0.0 0.0
0.0 0.0 0.0
0.0 0.0 0.0
0.0 0.0 0.0
0.0 0.0 0.0
0.0 0.0 0.0
0.0 0.0 0.0
0.0 0.0 0.0
0.0 0.0 0.0
0.0 0.0 0.0
0.0 0.0 0.0
0.0 0.0 0.0
0.0 0.0 0.0
0.0 0.0 0.0
0.0 0.0 0.0
0.0 0.0 0.0
0.0 0.0 0.0
0.0 0.0 0.0
0.0 0.0 0.0
0.0 0.0 0.0
0.0 0.0 0.0
0.0 0.0 0.0
0.0 0.0 0.0
0.0 0.0 0.0
0.0 0.0 0.0
0.0 0.0 0.0
0.0 0.0 0.0
0.0 0.0 0.0
0.0 0.0 0.0
0.0 0.0 0.0
0.0 0.0 0.0
0.0 0.0 0.0
0.0 0.0 0.0
0.0 0.0 0.0
0.0 0.0 0.0
0.0 0.0 0.0
0.0 0.0 0.0
0.0 0.0 0.0
0.0 0.0 0.0
0.0 0.0 0.0
0.0 0.0 0.0
0.0 0.0 0.0
0.0 0.0 0.0
0.0 0.0 0.0
0.0 0.0 0.0
0.0 0.0 0.0
0.0 0.0 0.0
0.0 0.0 0.0
0.0 0.0 0.0
0.0 0.0 0.0
0.0 0.0 0.0
0.0 0.0 0.0
0.0 0.0 0.0
0.0 0.0 0.0
0.0 0.0 0.0
0.0 0.0 0.0
0.0 0.0 0.0
0.0 0.0 0.0
0.0 0.0 0.0
0.0 0.0 0.0
0.0 0.0 0.0
0.0 0.0 0.0
0.0 0.0 0.0
0.0 0.0 0.0
0.0 0.0 0.0
0.0 0.0 0.0
0.0 0.0 0.0
0.0 0.0 0.0
0.0 0.0 0.0
0.0 0.0 0.0
0.0 0.0 0.0
0.0 0.0 0.0
0.0 0.0 0.0
0.0 0.0 0.0
0.0 0.0 0.0
0.0 0.0 0.0
0.0 0.0 0.0
0.0 0.0 0.0
0.0 0.0 0.0
0.0 0.0 0.0
0.0 0.0 0.0
0.0 0.0 0.0
0.0 0.0 0.0
0.0 0.0 0.0
0.0 0.0 0.0
0.0 0.0 0.0
0.0 0.0 0.0
0.0 0.0 0.0
0.0 0.0 0.0
0.0 0.0 0.0
0.0 0.0 0.0
0.0 0.0 0.0
0.0 0.0 0.0
0.0 0.0 0.0
0.0 0.0 0.0
0.0 0.0 0.0
0.0 0.0 0.0
0.0 0.0 0.0
0.0 0.0 0.0
0.0 0.0 0.0
0.0 0.0 0.0
0.0 0.0 0.0
0.0 0.0 0.0
0.0 0.0 0.0
-15.895856857299805 31.678150177001953 -2.335273265838623
0.0 0.0 0.0
0.0 0.0 0.0
0.0 0.0 0.0
0.0 0.0 0.0
0.0 0.0 0.0
0.0 0.0 0.0
0.0 0.0 0.0
0.0 0.0 0.0
0.0 0.0 0.0
0.0 0.0 0.0
0.0 0.0 0.0
0.0 0.0 0.0
0.0 0.0 0.0
0.0 0.0 0.0
0.0 0.0 0.0
0.0 0.0 0.0
0.0 0.0 0.0
0.0 0.0 0.0
0.0 0.0 0.0
0.0 0.0 0.0
0.0 0.0 0.0
0.0 0.0 0.0
0.0 0.0 0.0
0.0 0.0 0.0
0.0 0.0 0.0
0.0 0.0 0.0
0.0 0.0 0.0
0.0 0.0 0.0
0.0 0.0 0.0
0.0 0.0 0.0
0.0 0.0 0.0
0.0 0.0 0.0
-7.010730743408203 29.347944259643555 -2.7291994094848633
0.0 0.0 0.0
-6.5962934494018555 29.41704559326172 -2.7581493854522705
-6.34321928024292 29.240419387817383 -2.752464532852173
0.0 0.0 0.0
-5.950638771057129 29.419527053833008 -2.7881999015808105
-5.694118022918701 29.19561767578125 -2.7764241695404053
0.0 0.0 0.0
0.0 0.0 0.0
-5.046960830688477 29.121479034423828 -2.795576333999634
-4.842237949371338 29.143339157104492 -2.80546236038208
0.0 0.0 0.0
-4.407176494598389 29.013538360595703 -2.8088181018829346
0.0 0.0 0.0
0.0 0.0 0.0
-3.8058252334594727 29.17033576965332 -2.8437116146087646
-3.580721855163574 29.017763137817383 -2.835222005844116
0.0 0.0 0.0
0.0 0.0 0.0
0.0 0.0 0.0
-2.7715680599212646 29.146240234375 -2.869140863418579
-2.580331325531006 29.299734115600586 -2.889126777648926
-2.3788645267486572 29.34732437133789 -2.898831605911255
-2.175182819366455 29.374282836914062 -2.9053921699523926
-1.9495517015457153 29.070201873779297 -2.878434181213379
0.0 0.0 0.0
-1.54728102684021 29.206378936767578 -2.8986594676971436
-1.3372037410736084 29.064544677734375 -2.888113021850586
-1.1520415544509888 29.507856369018555 -2.93449068069458
-0.943264365196228 29.4100399017334 -2.9263076782226562
0.0 0.0 0.0
0.0 0.0 0.0
-0.32303574681282043 29.162269592285156 -2.9071202278137207
-0.12041070312261581 29.272558212280273 -2.9188613891601562
0.08317215740680695 29.3426513671875 -2.925854444503784
0.28721874952316284 29.333587646484375 -2.925096035003662
0.49984103441238403 29.62618637084961 -2.9545700550079346
0.7103711366653442 29.80851173400879 -2.973191261291504
0.9088406562805176 29.519365310668945 -2.94362211227417
1.1134213209152222 29.485342025756836 -2.9387826919555664
1.3254787921905518 29.63241958618164 -2.9521324634552
0.0 0.0 0.0
0.0 0.0 0.0
0.0 0.0 0.0
2.1564109325408936 29.631574630737305 -2.944268226623535
2.369903564453125 29.70931053161621 -2.948927879333496
2.576171875 29.649675369262695 -2.9400429725646973
2.7870922088623047 29.681804656982422 -2.940448045730591
0.0 0.0 0.0
3.2807180881500244 30.391218185424805 -3.0020534992218018
3.4299607276916504 29.827617645263672 -2.941941976547241
0.0 0.0 0.0
3.873314619064331 29.970632553100586 -2.947464942932129
0.0 0.0 0.0
0.0 0.0 0.0
4.536891460418701 30.143417358398438 -2.9464590549468994
4.759035587310791 30.192691802978516 -2.945276975631714
4.991045951843262 30.270401000976562 -2.9468653202056885
0.0 0.0 0.0
0.0 0.0 0.0
5.740006923675537 30.793498992919922 -2.9747393131256104
5.934329032897949 30.650802612304688 -2.953373432159424
6.160732269287109 30.65481948852539 -2.9461660385131836
0.0 0.0 0.0
6.630257606506348 30.77014923095703 -2.9388928413391113
0.0 0.0 0.0
7.181992053985596 31.215669631958008 -2.962984800338745
0.0 0.0 0.0
7.613128662109375 31.088117599487305 -2.9307057857513428
7.925604343414307 31.416786193847656 -2.9507129192352295
8.084614753723145 31.132619857788086 -2.9132509231567383
0.0 0.0 0.0
8.6116361618042 31.349214553833008 -2.9114959239959717
0.0 0.0 0.0
0.0 0.0 0.0
0.0 0.0 0.0
9.653112411499023 31.661752700805664 -2.8905792236328125
0.0 0.0 0.0
0.0 0.0 0.0
10.563020706176758 32.20793533325195 -2.8982646465301514
0.0 0.0 0.0
0.0 0.0 0.0
0.0 0.0 0.0
0.0 0.0 0.0
0.0 0.0 0.0
0.0 0.0 0.0
0.0 0.0 0.0
0.0 0.0 0.0
0.0 0.0 0.0
13.465340614318848 33.0695915222168 -2.811007261276245
0.0 0.0 0.0
0.0 0.0 0.0
14.472820281982422 33.52383804321289 -2.7918009757995605
0.0 0.0 0.0
0.0 0.0 0.0
0.0 0.0 0.0
0.0 0.0 0.0
16.376962661743164 34.568172454833984 -2.7710795402526855
16.69655990600586 34.607940673828125 -2.7514827251434326
0.0 0.0 0.0
0.0 0.0 0.0
0.0 0.0 0.0
18.459964752197266 35.69308090209961 -2.738295316696167
0.0 0.0 0.0
0.0 0.0 0.0
0.0 0.0 0.0
0.0 0.0 0.0
0.0 0.0 0.0
0.0 0.0 0.0
0.0 0.0 0.0
0.0 0.0 0.0
0.0 0.0 0.0
0.0 0.0 0.0
0.0 0.0 0.0
0.0 0.0 0.0
0.0 0.0 0.0
0.0 0.0 0.0
0.0 0.0 0.0
0.0 0.0 0.0
0.0 0.0 0.0
0.0 0.0 0.0
0.0 0.0 0.0
0.0 0.0 0.0
0.0 0.0 0.0
0.0 0.0 0.0
0.0 0.0 0.0
0.0 0.0 0.0
0.0 0.0 0.0
0.0 0.0 0.0
0.0 0.0 0.0
0.0 0.0 0.0
0.0 0.0 0.0
0.0 0.0 0.0
0.0 0.0 0.0
0.0 0.0 0.0
0.0 0.0 0.0
0.0 0.0 0.0
0.0 0.0 0.0
0.0 0.0 0.0
0.0 0.0 0.0
0.0 0.0 0.0
0.0 0.0 0.0
0.0 0.0 0.0
0.0 0.0 0.0
0.0 0.0 0.0
0.0 0.0 0.0
0.0 0.0 0.0
0.0 0.0 0.0
0.0 0.0 0.0
0.0 0.0 0.0
0.0 0.0 0.0
0.0 0.0 0.0
0.0 0.0 0.0
0.0 0.0 0.0
0.0 0.0 0.0
0.0 0.0 0.0
0.0 0.0 0.0
0.0 0.0 0.0
0.0 0.0 0.0
0.0 0.0 0.0
0.0 0.0 0.0
0.0 0.0 0.0
0.0 0.0 0.0
0.0 0.0 0.0
0.0 0.0 0.0
0.0 0.0 0.0
0.0 0.0 0.0
0.0 0.0 0.0
0.0 0.0 0.0
0.0 0.0 0.0
0.0 0.0 0.0
0.0 0.0 0.0
0.0 0.0 0.0
0.0 0.0 0.0
0.0 0.0 0.0
0.0 0.0 0.0
0.0 0.0 0.0
0.0 0.0 0.0
0.0 0.0 0.0
0.0 0.0 0.0
0.0 0.0 0.0
0.0 0.0 0.0
0.0 0.0 0.0
0.0 0.0 0.0
0.0 0.0 0.0
0.0 0.0 0.0
0.0 0.0 0.0
0.0 0.0 0.0
0.0 0.0 0.0
0.0 0.0 0.0
0.0 0.0 0.0
0.0 0.0 0.0
0.0 0.0 0.0
0.0 0.0 0.0
0.0 0.0 0.0
0.0 0.0 0.0
0.0 0.0 0.0
0.0 0.0 0.0
0.0 0.0 0.0
0.0 0.0 0.0
0.0 0.0 0.0
0.0 0.0 0.0
0.0 0.0 0.0
0.0 0.0 0.0
0.0 0.0 0.0
0.0 0.0 0.0
0.0 0.0 0.0
0.0 0.0 0.0
0.0 0.0 0.0
0.0 0.0 0.0
0.0 0.0 0.0
0.0 0.0 0.0
0.0 0.0 0.0
0.0 0.0 0.0
0.0 0.0 0.0
0.0 0.0 0.0
0.0 0.0 0.0
0.0 0.0 0.0
0.0 0.0 0.0
0.0 0.0 0.0
0.0 0.0 0.0
0.0 0.0 0.0
0.0 0.0 0.0
0.0 0.0 0.0
0.0 0.0 0.0
0.0 0.0 0.0
0.0 0.0 0.0
0.0 0.0 0.0
0.0 0.0 0.0
0.0 0.0 0.0
0.0 0.0 0.0
0.0 0.0 0.0
0.0 0.0 0.0
0.0 0.0 0.0
0.0 0.0 0.0
0.0 0.0 0.0
0.0 0.0 0.0
0.0 0.0 0.0
0.0 0.0 0.0
0.0 0.0 0.0
0.0 0.0 0.0
0.0 0.0 0.0
0.0 0.0 0.0
0.0 0.0 0.0
0.0 0.0 0.0
0.0 0.0 0.0
0.0 0.0 0.0
0.0 0.0 0.0
0.0 0.0 0.0
0.0 0.0 0.0
0.0 0.0 0.0
0.0 0.0 0.0
0.0 0.0 0.0
0.0 0.0 0.0
0.0 0.0 0.0
0.0 0.0 0.0
0.0 0.0 0.0
0.0 0.0 0.0
0.0 0.0 0.0
0.0 0.0 0.0
0.0 0.0 0.0
0.0 0.0 0.0
0.0 0.0 0.0
0.0 0.0 0.0
0.0 0.0 0.0
0.0 0.0 0.0
0.0 0.0 0.0
0.0 0.0 0.0
0.0 0.0 0.0
0.0 0.0 0.0
0.0 0.0 0.0
0.0 0.0 0.0
0.0 0.0 0.0
0.0 0.0 0.0
0.0 0.0 0.0
0.0 0.0 0.0
0.0 0.0 0.0
0.0 0.0 0.0
0.0 0.0 0.0
0.0 0.0 0.0
0.0 0.0 0.0
0.0 0.0 0.0
0.0 0.0 0.0
0.0 0.0 0.0
0.0 0.0 0.0
0.0 0.0 0.0
0.0 0.0 0.0
0.0 0.0 0.0
0.0 0.0 0.0
0.0 0.0 0.0
0.0 0.0 0.0
0.0 0.0 0.0
0.0 0.0 0.0
0.0 0.0 0.0
0.0 0.0 0.0
0.0 0.0 0.0
0.0 0.0 0.0
0.0 0.0 0.0
0.0 0.0 0.0
0.0 0.0 0.0
0.0 0.0 0.0
0.0 0.0 0.0
0.0 0.0 0.0
0.0 0.0 0.0
0.0 0.0 0.0
0.0 0.0 0.0
0.0 0.0 0.0
0.0 0.0 0.0
0.0 0.0 0.0
0.0 0.0 0.0
0.0 0.0 0.0
0.0 0.0 0.0
0.0 0.0 0.0
0.0 0.0 0.0
0.0 0.0 0.0
0.0 0.0 0.0
0.0 0.0 0.0
0.0 0.0 0.0
0.0 0.0 0.0
0.0 0.0 0.0
0.0 0.0 0.0
0.0 0.0 0.0
0.0 0.0 0.0
0.0 0.0 0.0
0.0 0.0 0.0
0.0 0.0 0.0
0.0 0.0 0.0
0.0 0.0 0.0
0.0 0.0 0.0
0.0 0.0 0.0
0.0 0.0 0.0
0.0 0.0 0.0
0.0 0.0 0.0
0.0 0.0 0.0
0.0 0.0 0.0
0.0 0.0 0.0
0.0 0.0 0.0
0.0 0.0 0.0
0.0 0.0 0.0
0.0 0.0 0.0
0.0 0.0 0.0
0.0 0.0 0.0
0.0 0.0 0.0
0.0 0.0 0.0
0.0 0.0 0.0
0.0 0.0 0.0
0.0 0.0 0.0
0.0 0.0 0.0
0.0 0.0 0.0
0.0 0.0 0.0
0.0 0.0 0.0
0.0 0.0 0.0
0.0 0.0 0.0
0.0 0.0 0.0
0.0 0.0 0.0
0.0 0.0 0.0
0.0 0.0 0.0
0.0 0.0 0.0
0.0 0.0 0.0
0.0 0.0 0.0
-7.6134138107299805 29.569055557250977 -2.652111291885376
0.0 0.0 0.0
-7.224930286407471 29.771692276000977 -2.6924920082092285
0.0 0.0 0.0
-6.693664073944092 29.378190994262695 -2.6793904304504395
0.0 0.0 0.0
0.0 0.0 0.0
0.0 0.0 0.0
-5.819667339324951 29.28522300720215 -2.708436965942383
0.0 0.0 0.0
0.0 0.0 0.0
0.0 0.0 0.0
-5.006633281707764 29.486047744750977 -2.7599403858184814
-4.784358978271484 29.415494918823242 -2.761324167251587
-4.598180294036865 29.593734741210938 -2.785893440246582
0.0 0.0 0.0
-4.166353702545166 29.514484405517578 -2.7911789417266846
0.0 0.0 0.0
0.0 0.0 0.0
-3.5482804775238037 29.58477210998535 -2.8173019886016846
0.0 0.0 0.0
-3.1132586002349854 29.45248794555664 -2.814443349838257
-2.8912954330444336 29.302513122558594 -2.805105447769165
-2.7045769691467285 29.511014938354492 -2.8302245140075684
-2.494462490081787 29.478187561035156 -2.8316457271575928
0.0 0.0 0.0
-2.0827274322509766 29.540409088134766 -2.8441152572631836
-1.8714059591293335 29.46448516845703 -2.840219259262085
-1.6762040853500366 29.647138595581055 -2.8613924980163574
-1.4700167179107666 29.665470123291016 -2.8662221431732178
-1.2622040510177612 29.72536277770996 -2.8738648891448975
-1.0560232400894165 29.748701095581055 -2.8780853748321533
-0.8401512503623962 29.440256118774414 -2.850325107574463
-0.635918378829956 29.468448638916016 -2.8552744388580322
-0.43507900834083557 29.755760192871094 -2.8848021030426025
-0.2248036116361618 29.824138641357422 -2.891714334487915
-0.017207060009241104 29.824934005737305 -2.8922109603881836
0.0 0.0 0.0
0.39444902539253235 29.577268600463867 -2.8694422245025635
0.6053047180175781 29.834272384643555 -2.8945438861846924
0.0 0.0 0.0
1.027867078781128 29.93587303161621 -2.9018807411193848
1.230869174003601 29.807750701904297 -2.8884286880493164
1.4464585781097412 29.96951675415039 -2.9032044410705566
0.0 0.0 0.0
0.0 0.0 0.0
0.0 0.0 0.0
0.0 0.0 0.0
2.5119986534118652 30.142698287963867 -2.9086742401123047
2.7280561923980713 30.19852066040039 -2.9113221168518066
2.9602155685424805 30.407737731933594 -2.927276611328125
3.157777786254883 30.216432571411133 -2.9047317504882812
0.0 0.0 0.0
0.0 0.0 0.0
0.0 0.0 0.0
4.03737735748291 30.42404556274414 -2.9069252014160156
4.293014049530029 30.684370040893555 -2.926079273223877
4.475825786590576 30.4467830657959 -2.8979759216308594
4.671535015106201 30.311912536621094 -2.879845142364502
0.0 0.0 0.0
0.0 0.0 0.0
0.0 0.0 0.0
5.631153106689453 30.796913146972656 -2.898672342300415
0.0 0.0 0.0
0.0 0.0 0.0
6.315041542053223 30.881650924682617 -2.8835301399230957
0.0 0.0 0.0
0.0 0.0 0.0
0.0 0.0 0.0
7.294895172119141 31.20543670654297 -2.878561019897461
0.0 0.0 0.0
0.0 0.0 0.0
7.996035575866699 31.230125427246094 -2.8503782749176025
8.362506866455078 31.739343643188477 -2.8867990970611572
0.0 0.0 0.0
0.0 0.0 0.0
9.191635131835938 32.14979934692383 -2.8888823986053467
9.371233940124512 31.921062469482422 -2.8564932346343994
0.0 0.0 0.0
0.0 0.0 0.0
0.0 0.0 0.0
0.0 0.0 0.0
0.0 0.0 0.0
0.0 0.0 0.0
0.0 0.0 0.0
0.0 0.0 0.0
11.925129890441895 32.84376525878906 -2.812342882156372
0.0 0.0 0.0
0.0 0.0 0.0
0.0 0.0 0.0
0.0 0.0 0.0
0.0 0.0 0.0
0.0 0.0 0.0
0.0 0.0 0.0
0.0 0.0 0.0
0.0 0.0 0.0
0.0 0.0 0.0
0.0 0.0 0.0
0.0 0.0 0.0
0.0 0.0 0.0
0.0 0.0 0.0
0.0 0.0 0.0
0.0 0.0 0.0
0.0 0.0 0.0
0.0 0.0 0.0
0.0 0.0 0.0
0.0 0.0 0.0
0.0 0.0 0.0
0.0 0.0 0.0
0.0 0.0 0.0
0.0 0.0 0.0
0.0 0.0 0.0
0.0 0.0 0.0
0.0 0.0 0.0
0.0 0.0 0.0
0.0 0.0 0.0
0.0 0.0 0.0
0.0 0.0 0.0
0.0 0.0 0.0
0.0 0.0 0.0
0.0 0.0 0.0
0.0 0.0 0.0
0.0 0.0 0.0
0.0 0.0 0.0
0.0 0.0 0.0
0.0 0.0 0.0
0.0 0.0 0.0
0.0 0.0 0.0
0.0 0.0 0.0
0.0 0.0 0.0
0.0 0.0 0.0
0.0 0.0 0.0
81.42569732666016 121.40277862548828 7.464455604553223
0.0 0.0 0.0
0.0 0.0 0.0
0.0 0.0 0.0
0.0 0.0 0.0
0.0 0.0 0.0
0.0 0.0 0.0
0.0 0.0 0.0
0.0 0.0 0.0
0.0 0.0 0.0
0.0 0.0 0.0
0.0 0.0 0.0
0.0 0.0 0.0
0.0 0.0 0.0
0.0 0.0 0.0
0.0 0.0 0.0
0.0 0.0 0.0
0.0 0.0 0.0
0.0 0.0 0.0
0.0 0.0 0.0
0.0 0.0 0.0
0.0 0.0 0.0
0.0 0.0 0.0
0.0 0.0 0.0
0.0 0.0 0.0
0.0 0.0 0.0
0.0 0.0 0.0
0.0 0.0 0.0
0.0 0.0 0.0
0.0 0.0 0.0
0.0 0.0 0.0
0.0 0.0 0.0
0.0 0.0 0.0
0.0 0.0 0.0
0.0 0.0 0.0
0.0 0.0 0.0
0.0 0.0 0.0
0.0 0.0 0.0
0.0 0.0 0.0
0.0 0.0 0.0
0.0 0.0 0.0
0.0 0.0 0.0
0.0 0.0 0.0
0.0 0.0 0.0
0.0 0.0 0.0
0.0 0.0 0.0
0.0 0.0 0.0
0.0 0.0 0.0
0.0 0.0 0.0
0.0 0.0 0.0
0.0 0.0 0.0
0.0 0.0 0.0
0.0 0.0 0.0
0.0 0.0 0.0
0.0 0.0 0.0
0.0 0.0 0.0
0.0 0.0 0.0
0.0 0.0 0.0
0.0 0.0 0.0
0.0 0.0 0.0
0.0 0.0 0.0
0.0 0.0 0.0
0.0 0.0 0.0
0.0 0.0 0.0
0.0 0.0 0.0
0.0 0.0 0.0
0.0 0.0 0.0
0.0 0.0 0.0
0.0 0.0 0.0
0.0 0.0 0.0
0.0 0.0 0.0
0.0 0.0 0.0
0.0 0.0 0.0
0.0 0.0 0.0
0.0 0.0 0.0
0.0 0.0 0.0
0.0 0.0 0.0
0.0 0.0 0.0
0.0 0.0 0.0
0.0 0.0 0.0
0.0 0.0 0.0
0.0 0.0 0.0
0.0 0.0 0.0
0.0 0.0 0.0
0.0 0.0 0.0
0.0 0.0 0.0
0.0 0.0 0.0
0.0 0.0 0.0
0.0 0.0 0.0
0.0 0.0 0.0
0.0 0.0 0.0
0.0 0.0 0.0
0.0 0.0 0.0
0.0 0.0 0.0
0.0 0.0 0.0
0.0 0.0 0.0
0.0 0.0 0.0
0.0 0.0 0.0
0.0 0.0 0.0
0.0 0.0 0.0
0.0 0.0 0.0
0.0 0.0 0.0
0.0 0.0 0.0
0.0 0.0 0.0
0.0 0.0 0.0
0.0 0.0 0.0
0.0 0.0 0.0
0.0 0.0 0.0
0.0 0.0 0.0
0.0 0.0 0.0
0.0 0.0 0.0
0.0 0.0 0.0
0.0 0.0 0.0
0.0 0.0 0.0
0.0 0.0 0.0
0.0 0.0 0.0
0.0 0.0 0.0
0.0 0.0 0.0
0.0 0.0 0.0
0.0 0.0 0.0
0.0 0.0 0.0
0.0 0.0 0.0
0.0 0.0 0.0
0.0 0.0 0.0
0.0 0.0 0.0
0.0 0.0 0.0
0.0 0.0 0.0
0.0 0.0 0.0
0.0 0.0 0.0
0.0 0.0 0.0
0.0 0.0 0.0
0.0 0.0 0.0
0.0 0.0 0.0
0.0 0.0 0.0
0.0 0.0 0.0
0.0 0.0 0.0
0.0 0.0 0.0
0.0 0.0 0.0
0.0 0.0 0.0
0.0 0.0 0.0
0.0 0.0 0.0
0.0 0.0 0.0
0.0 0.0 0.0
0.0 0.0 0.0
0.0 0.0 0.0
0.0 0.0 0.0
0.0 0.0 0.0
0.0 0.0 0.0
0.0 0.0 0.0
0.0 0.0 0.0
0.0 0.0 0.0
0.0 0.0 0.0
0.0 0.0 0.0
0.0 0.0 0.0
0.0 0.0 0.0
0.0 0.0 0.0
0.0 0.0 0.0
0.0 0.0 0.0
0.0 0.0 0.0
0.0 0.0 0.0
0.0 0.0 0.0
0.0 0.0 0.0
0.0 0.0 0.0
0.0 0.0 0.0
0.0 0.0 0.0
0.0 0.0 0.0
0.0 0.0 0.0
0.0 0.0 0.0
0.0 0.0 0.0
0.0 0.0 0.0
0.0 0.0 0.0
0.0 0.0 0.0
0.0 0.0 0.0
0.0 0.0 0.0
0.0 0.0 0.0
0.0 0.0 0.0
0.0 0.0 0.0
0.0 0.0 0.0
0.0 0.0 0.0
0.0 0.0 0.0
0.0 0.0 0.0
0.0 0.0 0.0
0.0 0.0 0.0
0.0 0.0 0.0
0.0 0.0 0.0
0.0 0.0 0.0
0.0 0.0 0.0
0.0 0.0 0.0
0.0 0.0 0.0
0.0 0.0 0.0
0.0 0.0 0.0
0.0 0.0 0.0
0.0 0.0 0.0
0.0 0.0 0.0
0.0 0.0 0.0
0.0 0.0 0.0
0.0 0.0 0.0
0.0 0.0 0.0
0.0 0.0 0.0
0.0 0.0 0.0
0.0 0.0 0.0
0.0 0.0 0.0
0.0 0.0 0.0
0.0 0.0 0.0
0.0 0.0 0.0
0.0 0.0 0.0
0.0 0.0 0.0
0.0 0.0 0.0
0.0 0.0 0.0
0.0 0.0 0.0
0.0 0.0 0.0
0.0 0.0 0.0
0.0 0.0 0.0
0.0 0.0 0.0
0.0 0.0 0.0
0.0 0.0 0.0
0.0 0.0 0.0
0.0 0.0 0.0
0.0 0.0 0.0
0.0 0.0 0.0
0.0 0.0 0.0
0.0 0.0 0.0
0.0 0.0 0.0
0.0 0.0 0.0
0.0 0.0 0.0
0.0 0.0 0.0
0.0 0.0 0.0
0.0 0.0 0.0
0.0 0.0 0.0
0.0 0.0 0.0
0.0 0.0 0.0
0.0 0.0 0.0
0.0 0.0 0.0
-6.942768096923828 29.979263305664062 -2.6516125202178955
0.0 0.0 0.0
0.0 0.0 0.0
-6.235468864440918 29.75699234008789 -2.6612415313720703
0.0 0.0 0.0
0.0 0.0 0.0
0.0 0.0 0.0
0.0 0.0 0.0
-5.174130916595459 29.855560302734375 -2.7137184143066406
-4.9456915855407715 29.76698875427246 -2.714244842529297
0.0 0.0 0.0
-4.505707740783691 29.669754028320312 -2.7186057567596436
-4.320340633392334 29.845813751220703 -2.7415425777435303
-4.11020040512085 29.858896255493164 -2.7496793270111084
-3.8752758502960205 29.708959579467773 -2.7429137229919434
0.0 0.0 0.0
-3.4576046466827393 29.7277774810791 -2.754699945449829
0.0 0.0 0.0
0.0 0.0 0.0
0.0 0.0 0.0
0.0 0.0 0.0
0.0 0.0 0.0
-2.236145496368408 30.188112258911133 -2.8248956203460693
-1.9888999462127686 29.65140724182129 -2.7786471843719482
-1.7908539772033691 29.85835075378418 -2.802104949951172
0.0 0.0 0.0
0.0 0.0 0.0
-1.1640727519989014 29.81839370727539 -2.8050734996795654
-0.9543928503990173 29.7593936920166 -2.802025556564331
0.0 0.0 0.0
-0.5390543341636658 29.905561447143555 -2.8190011978149414
-0.33239316940307617 30.0251522064209 -2.831021785736084
0.0 0.0 0.0
0.0 0.0 0.0
0.0 0.0 0.0
0.5075848698616028 30.096406936645508 -2.840073347091675
0.7165788412094116 30.072799682617188 -2.8372440338134766
0.0 0.0 0.0
1.1446784734725952 30.32048988342285 -2.859814167022705
0.0 0.0 0.0
0.0 0.0 0.0
0.0 0.0 0.0
0.0 0.0 0.0
2.1922225952148438 30.127653121948242 -2.8328185081481934
2.4261491298675537 30.41826057434082 -2.858299970626831
2.654907703399658 30.555828094482422 -2.867342233657837
2.843761682510376 30.28544044494629 -2.83819842338562
0.0 0.0 0.0
3.2930688858032227 30.503040313720703 -2.8513906002044678
3.5098953247070312 30.518524169921875 -2.8494338989257812
3.726656913757324 30.5013484954834 -2.842665433883667
3.9732494354248047 30.741546630859375 -2.8599562644958496
4.186325550079346 30.70610809326172 -2.8516933917999268
4.408222675323486 30.734683990478516 -2.849512815475464
4.670095443725586 31.023229598999023 -2.871514320373535
0.0 0.0 0.0
5.121362209320068 31.056236267089844 -2.861372709274292
0.0 0.0 0.0
0.0 0.0 0.0
0.0 0.0 0.0
0.0 0.0 0.0
0.0 0.0 0.0
0.0 0.0 0.0
0.0 0.0 0.0
0.0 0.0 0.0
0.0 0.0 0.0
0.0 0.0 0.0
0.0 0.0 0.0
8.06529426574707 31.97332000732422 -2.8482956886291504
8.319547653198242 32.04212951660156 -2.8445818424224854
0.0 0.0 0.0
0.0 0.0 0.0
0.0 0.0 0.0
9.316083908081055 32.1535530090332 -2.810596466064453
9.674904823303223 32.54469680786133 -2.8328452110290527
9.927528381347656 32.56375503540039 -2.821767568588257
0.0 0.0 0.0
0.0 0.0 0.0
0.0 0.0 0.0
10.963769912719727 32.66363525390625 -2.7783613204956055
0.0 0.0 0.0
0.0 0.0 0.0
0.0 0.0 0.0
0.0 0.0 0.0
0.0 0.0 0.0
0.0 0.0 0.0
0.0 0.0 0.0
0.0 0.0 0.0
0.0 0.0 0.0
0.0 0.0 0.0
0.0 0.0 0.0
14.821065902709961 34.33470153808594 -2.7241904735565186
0.0 0.0 0.0
15.592643737792969 34.77427673339844 -2.7196104526519775
0.0 0.0 0.0
0.0 0.0 0.0
16.522809982299805 34.8798942565918 -2.6669583320617676
17.09583282470703 35.43769073486328 -2.686816930770874
0.0 0.0 0.0
0.0 0.0 0.0
0.0 0.0 0.0
0.0 0.0 0.0
0.0 0.0 0.0
0.0 0.0 0.0
0.0 0.0 0.0
0.0 0.0 0.0
0.0 0.0 0.0
0.0 0.0 0.0
0.0 0.0 0.0
0.0 0.0 0.0
0.0 0.0 0.0
0.0 0.0 0.0
0.0 0.0 0.0
0.0 0.0 0.0
0.0 0.0 0.0
0.0 0.0 0.0
0.0 0.0 0.0
0.0 0.0 0.0
0.0 0.0 0.0
0.0 0.0 0.0
0.0 0.0 0.0
0.0 0.0 0.0
0.0 0.0 0.0
0.0 0.0 0.0
0.0 0.0 0.0
0.0 0.0 0.0
0.0 0.0 0.0
0.0 0.0 0.0
0.0 0.0 0.0
81.8548355102539 121.1072006225586 7.104262351989746
81.01040649414062 121.7079849243164 7.3177971839904785
0.0 0.0 0.0
0.0 0.0 0.0
0.0 0.0 0.0
0.0 0.0 0.0
0.0 0.0 0.0
0.0 0.0 0.0
0.0 0.0 0.0
0.0 0.0 0.0
0.0 0.0 0.0
0.0 0.0 0.0
0.0 0.0 0.0
0.0 0.0 0.0
0.0 0.0 0.0
0.0 0.0 0.0
0.0 0.0 0.0
0.0 0.0 0.0
0.0 0.0 0.0
0.0 0.0 0.0
0.0 0.0 0.0
0.0 0.0 0.0
0.0 0.0 0.0
0.0 0.0 0.0
0.0 0.0 0.0
0.0 0.0 0.0
0.0 0.0 0.0
0.0 0.0 0.0
0.0 0.0 0.0
0.0 0.0 0.0
0.0 0.0 0.0
0.0 0.0 0.0
0.0 0.0 0.0
0.0 0.0 0.0
0.0 0.0 0.0
0.0 0.0 0.0
0.0 0.0 0.0
0.0 0.0 0.0
0.0 0.0 0.0
0.0 0.0 0.0
0.0 0.0 0.0
0.0 0.0 0.0
0.0 0.0 0.0
0.0 0.0 0.0
0.0 0.0 0.0
0.0 0.0 0.0
0.0 0.0 0.0
0.0 0.0 0.0
0.0 0.0 0.0
0.0 0.0 0.0
0.0 0.0 0.0
0.0 0.0 0.0
0.0 0.0 0.0
0.0 0.0 0.0
0.0 0.0 0.0
0.0 0.0 0.0
0.0 0.0 0.0
0.0 0.0 0.0
0.0 0.0 0.0
0.0 0.0 0.0
0.0 0.0 0.0
0.0 0.0 0.0
0.0 0.0 0.0
0.0 0.0 0.0
0.0 0.0 0.0
0.0 0.0 0.0
0.0 0.0 0.0
0.0 0.0 0.0
0.0 0.0 0.0
0.0 0.0 0.0
0.0 0.0 0.0
0.0 0.0 0.0
0.0 0.0 0.0
0.0 0.0 0.0
0.0 0.0 0.0
0.0 0.0 0.0
0.0 0.0 0.0
0.0 0.0 0.0
0.0 0.0 0.0
0.0 0.0 0.0
0.0 0.0 0.0
0.0 0.0 0.0
0.0 0.0 0.0
0.0 0.0 0.0
0.0 0.0 0.0
0.0 0.0 0.0
0.0 0.0 0.0
0.0 0.0 0.0
0.0 0.0 0.0
0.0 0.0 0.0
0.0 0.0 0.0
0.0 0.0 0.0
0.0 0.0 0.0
0.0 0.0 0.0
0.0 0.0 0.0
0.0 0.0 0.0
0.0 0.0 0.0
0.0 0.0 0.0
0.0 0.0 0.0
0.0 0.0 0.0
0.0 0.0 0.0
0.0 0.0 0.0
0.0 0.0 0.0
0.0 0.0 0.0
0.0 0.0 0.0
0.0 0.0 0.0
0.0 0.0 0.0
0.0 0.0 0.0
0.0 0.0 0.0
0.0 0.0 0.0
0.0 0.0 0.0
0.0 0.0 0.0
0.0 0.0 0.0
0.0 0.0 0.0
0.0 0.0 0.0
0.0 0.0 0.0
0.0 0.0 0.0
0.0 0.0 0.0
0.0 0.0 0.0
0.0 0.0 0.0
0.0 0.0 0.0
0.0 0.0 0.0
0.0 0.0 0.0
0.0 0.0 0.0
0.0 0.0 0.0
0.0 0.0 0.0
0.0 0.0 0.0
0.0 0.0 0.0
0.0 0.0 0.0
0.0 0.0 0.0
0.0 0.0 0.0
0.0 0.0 0.0
0.0 0.0 0.0
0.0 0.0 0.0
0.0 0.0 0.0
0.0 0.0 0.0
0.0 0.0 0.0
0.0 0.0 0.0
0.0 0.0 0.0
0.0 0.0 0.0
0.0 0.0 0.0
0.0 0.0 0.0
0.0 0.0 0.0
0.0 0.0 0.0
0.0 0.0 0.0
0.0 0.0 0.0
0.0 0.0 0.0
0.0 0.0 0.0
0.0 0.0 0.0
0.0 0.0 0.0
0.0 0.0 0.0
0.0 0.0 0.0
0.0 0.0 0.0
0.0 0.0 0.0
0.0 0.0 0.0
0.0 0.0 0.0
0.0 0.0 0.0
0.0 0.0 0.0
0.0 0.0 0.0
0.0 0.0 0.0
0.0 0.0 0.0
0.0 0.0 0.0
0.0 0.0 0.0
0.0 0.0 0.0
0.0 0.0 0.0
0.0 0.0 0.0
0.0 0.0 0.0
0.0 0.0 0.0
0.0 0.0 0.0
0.0 0.0 0.0
0.0 0.0 0.0
0.0 0.0 0.0
0.0 0.0 0.0
0.0 0.0 0.0
0.0 0.0 0.0
0.0 0.0 0.0
0.0 0.0 0.0
0.0 0.0 0.0
0.0 0.0 0.0
0.0 0.0 0.0
0.0 0.0 0.0
0.0 0.0 0.0
0.0 0.0 0.0
0.0 0.0 0.0
0.0 0.0 0.0
0.0 0.0 0.0
0.0 0.0 0.0
0.0 0.0 0.0
0.0 0.0 0.0
0.0 0.0 0.0
0.0 0.0 0.0
0.0 0.0 0.0
0.0 0.0 0.0
0.0 0.0 0.0
0.0 0.0 0.0
0.0 0.0 0.0
0.0 0.0 0.0
0.0 0.0 0.0
0.0 0.0 0.0
0.0 0.0 0.0
-16.11630630493164 32.39773941040039 -2.2353146076202393
0.0 0.0 0.0
0.0 0.0 0.0
0.0 0.0 0.0
0.0 0.0 0.0
0.0 0.0 0.0
-14.260957717895508 31.95893096923828 -2.335040807723999
0.0 0.0 0.0
0.0 0.0 0.0
0.0 0.0 0.0
0.0 0.0 0.0
0.0 0.0 0.0
0.0 0.0 0.0
0.0 0.0 0.0
0.0 0.0 0.0
0.0 0.0 0.0
0.0 0.0 0.0
0.0 0.0 0.0
0.0 0.0 0.0
0.0 0.0 0.0
0.0 0.0 0.0
0.0 0.0 0.0
0.0 0.0 0.0
0.0 0.0 0.0
0.0 0.0 0.0
0.0 0.0 0.0
0.0 0.0 0.0
0.0 0.0 0.0
0.0 0.0 0.0
0.0 0.0 0.0
0.0 0.0 0.0
-7.571287155151367 30.28529930114746 -2.585130214691162
0.0 0.0 0.0
0.0 0.0 0.0
0.0 0.0 0.0
0.0 0.0 0.0
-6.441064357757568 30.20937156677246 -2.6280508041381836
0.0 0.0 0.0
-5.945408344268799 29.91992950439453 -2.6195507049560547
-5.8108930587768555 30.36543083190918 -2.6669397354125977
-5.564093589782715 30.21275520324707 -2.661839723587036
0.0 0.0 0.0
0.0 0.0 0.0
0.0 0.0 0.0
0.0 0.0 0.0
-4.453920364379883 30.037778854370117 -2.681713581085205
-4.223262786865234 29.916982650756836 -2.6777453422546387
0.0 0.0 0.0
0.0 0.0 0.0
0.0 0.0 0.0
0.0 0.0 0.0
0.0 0.0 0.0
0.0 0.0 0.0
0.0 0.0 0.0
0.0 0.0 0.0
0.0 0.0 0.0
0.0 0.0 0.0
0.0 0.0 0.0
0.0 0.0 0.0
0.0 0.0 0.0
-1.2883466482162476 30.346242904663086 -2.7741167545318604
-1.0743718147277832 30.27640151977539 -2.770495653152466
-0.8602803349494934 30.166309356689453 -2.7618374824523926
-0.6595841646194458 30.5953369140625 -2.8021624088287354
-0.440580815076828 30.17508316040039 -2.7648379802703857
-0.2277964949607849 30.286222457885742 -2.7763490676879883
-0.0171346552670002 30.267484664916992 -2.7760708332061768
0.0 0.0 0.0
0.4076479971408844 30.54102897644043 -2.8006017208099365
0.0 0.0 0.0
0.0 0.0 0.0
1.0450667142868042 30.42876434326172 -2.7894434928894043
1.2688097953796387 30.712440490722656 -2.8141331672668457
1.4703510999679565 30.45445442199707 -2.788625478744507
0.0 0.0 0.0
1.9017466306686401 30.559680938720703 -2.794912338256836
0.0 0.0 0.0
0.0 0.0 0.0
0.0 0.0 0.0
2.7829298973083496 30.8060245513916 -2.807218551635742
0.0 0.0 0.0
0.0 0.0 0.0
0.0 0.0 0.0
0.0 0.0 0.0
3.910294532775879 31.125137329101562 -2.817699670791626
4.11486291885376 31.009096145629883 -2.802910327911377
4.347651481628418 31.076156616210938 -2.804734468460083
0.0 0.0 0.0
0.0 0.0 0.0
5.074559688568115 31.472665786743164 -2.8231544494628906
5.306942939758301 31.517988204956055 -2.8213865756988525
0.0 0.0 0.0
0.0 0.0 0.0
0.0 0.0 0.0
6.198171138763428 31.422035217285156 -2.785764694213867
0.0 0.0 0.0
6.713692665100098 31.703842163085938 -2.7965822219848633
0.0 0.0 0.0
0.0 0.0 0.0
7.471840858459473 31.96104621887207 -2.792766571044922
7.788036823272705 32.29917526245117 -2.8134520053863525
7.92437219619751 31.890275955200195 -2.7691917419433594
8.280436515808105 32.343719482421875 -2.7981886863708496
8.53049373626709 32.380638122558594 -2.791015625
8.730570793151855 32.22776794433594 -2.767618417739868
9.073284149169922 32.591156005859375 -2.7885751724243164
0.0 0.0 0.0
9.633188247680664 32.81452178955078 -2.7850754261016846
9.880647659301758 32.81147766113281 -2.772848129272461
10.208057403564453 33.063209533691406 -2.7821319103240967
0.0 0.0 0.0
0.0 0.0 0.0
0.0 0.0 0.0
0.0 0.0 0.0
0.0 0.0 0.0
0.0 0.0 0.0
0.0 0.0 0.0
12.56990909576416 33.88601303100586 -2.7412922382354736
0.0 0.0 0.0
0.0 0.0 0.0
0.0 0.0 0.0
0.0 0.0 0.0
0.0 0.0 0.0
0.0 0.0 0.0
0.0 0.0 0.0
15.070168495178223 34.568782806396484 -2.6614763736724854
0.0 0.0 0.0
0.0 0.0 0.0
0.0 0.0 0.0
0.0 0.0 0.0
0.0 0.0 0.0
0.0 0.0 0.0
0.0 0.0 0.0
0.0 0.0 0.0
0.0 0.0 0.0
0.0 0.0 0.0
0.0 0.0 0.0
0.0 0.0 0.0
0.0 0.0 0.0
0.0 0.0 0.0
0.0 0.0 0.0
0.0 0.0 0.0
0.0 0.0 0.0
0.0 0.0 0.0
0.0 0.0 0.0
0.0 0.0 0.0
0.0 0.0 0.0
0.0 0.0 0.0
0.0 0.0 0.0
0.0 0.0 0.0
0.0 0.0 0.0
0.0 0.0 0.0
0.0 0.0 0.0
0.0 0.0 0.0
0.0 0.0 0.0
0.0 0.0 0.0
0.0 0.0 0.0
0.0 0.0 0.0
0.0 0.0 0.0
0.0 0.0 0.0
0.0 0.0 0.0
0.0 0.0 0.0
81.43824768066406 121.4139404296875 6.976804733276367
0.0 0.0 0.0
0.0 0.0 0.0
0.0 0.0 0.0
0.0 0.0 0.0
0.0 0.0 0.0
0.0 0.0 0.0
0.0 0.0 0.0
0.0 0.0 0.0
0.0 0.0 0.0
0.0 0.0 0.0
0.0 0.0 0.0
0.0 0.0 0.0
0.0 0.0 0.0
0.0 0.0 0.0
0.0 0.0 0.0
0.0 0.0 0.0
0.0 0.0 0.0
0.0 0.0 0.0
0.0 0.0 0.0
0.0 0.0 0.0
0.0 0.0 0.0
0.0 0.0 0.0
0.0 0.0 0.0
0.0 0.0 0.0
0.0 0.0 0.0
0.0 0.0 0.0
0.0 0.0 0.0
0.0 0.0 0.0
0.0 0.0 0.0
0.0 0.0 0.0
0.0 0.0 0.0
0.0 0.0 0.0
0.0 0.0 0.0
0.0 0.0 0.0
0.0 0.0 0.0
0.0 0.0 0.0
0.0 0.0 0.0
0.0 0.0 0.0
0.0 0.0 0.0
0.0 0.0 0.0
0.0 0.0 0.0
0.0 0.0 0.0
0.0 0.0 0.0
0.0 0.0 0.0
0.0 0.0 0.0
0.0 0.0 0.0
0.0 0.0 0.0
0.0 0.0 0.0
0.0 0.0 0.0
0.0 0.0 0.0
0.0 0.0 0.0
0.0 0.0 0.0
0.0 0.0 0.0
0.0 0.0 0.0
0.0 0.0 0.0
0.0 0.0 0.0
0.0 0.0 0.0
0.0 0.0 0.0
0.0 0.0 0.0
0.0 0.0 0.0
0.0 0.0 0.0
0.0 0.0 0.0
0.0 0.0 0.0
0.0 0.0 0.0
0.0 0.0 0.0
0.0 0.0 0.0
0.0 0.0 0.0
0.0 0.0 0.0
0.0 0.0 0.0
0.0 0.0 0.0
0.0 0.0 0.0
0.0 0.0 0.0
0.0 0.0 0.0
0.0 0.0 0.0
0.0 0.0 0.0
0.0 0.0 0.0
0.0 0.0 0.0
0.0 0.0 0.0
0.0 0.0 0.0
0.0 0.0 0.0
0.0 0.0 0.0
0.0 0.0 0.0
0.0 0.0 0.0
0.0 0.0 0.0
0.0 0.0 0.0
0.0 0.0 0.0
0.0 0.0 0.0
0.0 0.0 0.0
0.0 0.0 0.0
0.0 0.0 0.0
0.0 0.0 0.0
0.0 0.0 0.0
0.0 0.0 0.0
0.0 0.0 0.0
0.0 0.0 0.0
0.0 0.0 0.0
0.0 0.0 0.0
0.0 0.0 0.0
0.0 0.0 0.0
0.0 0.0 0.0
0.0 0.0 0.0
0.0 0.0 0.0
0.0 0.0 0.0
0.0 0.0 0.0
0.0 0.0 0.0
0.0 0.0 0.0
0.0 0.0 0.0
0.0 0.0 0.0
0.0 0.0 0.0
0.0 0.0 0.0
0.0 0.0 0.0
0.0 0.0 0.0
0.0 0.0 0.0
0.0 0.0 0.0
0.0 0.0 0.0
0.0 0.0 0.0
0.0 0.0 0.0
0.0 0.0 0.0
0.0 0.0 0.0
0.0 0.0 0.0
0.0 0.0 0.0
0.0 0.0 0.0
0.0 0.0 0.0
0.0 0.0 0.0
0.0 0.0 0.0
0.0 0.0 0.0
0.0 0.0 0.0
0.0 0.0 0.0
0.0 0.0 0.0
0.0 0.0 0.0
0.0 0.0 0.0
0.0 0.0 0.0
0.0 0.0 0.0
0.0 0.0 0.0
0.0 0.0 0.0
0.0 0.0 0.0
0.0 0.0 0.0
0.0 0.0 0.0
0.0 0.0 0.0
0.0 0.0 0.0
0.0 0.0 0.0
0.0 0.0 0.0
0.0 0.0 0.0
0.0 0.0 0.0
0.0 0.0 0.0
0.0 0.0 0.0
0.0 0.0 0.0
0.0 0.0 0.0
0.0 0.0 0.0
0.0 0.0 0.0
0.0 0.0 0.0
0.0 0.0 0.0
0.0 0.0 0.0
0.0 0.0 0.0
0.0 0.0 0.0
0.0 0.0 0.0
0.0 0.0 0.0
0.0 0.0 0.0
0.0 0.0 0.0
0.0 0.0 0.0
0.0 0.0 0.0
0.0 0.0 0.0
0.0 0.0 0.0
0.0 0.0 0.0
0.0 0.0 0.0
0.0 0.0 0.0
0.0 0.0 0.0
0.0 0.0 0.0
0.0 0.0 0.0
0.0 0.0 0.0
0.0 0.0 0.0
0.0 0.0 0.0
0.0 0.0 0.0
0.0 0.0 0.0
0.0 0.0 0.0
0.0 0.0 0.0
0.0 0.0 0.0
0.0 0.0 0.0
0.0 0.0 0.0
0.0 0.0 0.0
0.0 0.0 0.0
0.0 0.0 0.0
0.0 0.0 0.0
0.0 0.0 0.0
0.0 0.0 0.0
0.0 0.0 0.0
0.0 0.0 0.0
0.0 0.0 0.0
0.0 0.0 0.0
0.0 0.0 0.0
0.0 0.0 0.0
0.0 0.0 0.0
0.0 0.0 0.0
0.0 0.0 0.0
0.0 0.0 0.0
0.0 0.0 0.0
0.0 0.0 0.0
0.0 0.0 0.0
0.0 0.0 0.0
0.0 0.0 0.0
0.0 0.0 0.0
0.0 0.0 0.0
0.0 0.0 0.0
0.0 0.0 0.0
0.0 0.0 0.0
0.0 0.0 0.0
0.0 0.0 0.0
0.0 0.0 0.0
0.0 0.0 0.0
0.0 0.0 0.0
0.0 0.0 0.0
0.0 0.0 0.0
0.0 0.0 0.0
0.0 0.0 0.0
0.0 0.0 0.0
0.0 0.0 0.0
0.0 0.0 0.0
0.0 0.0 0.0
0.0 0.0 0.0
0.0 0.0 0.0
0.0 0.0 0.0
0.0 0.0 0.0
0.0 0.0 0.0
0.0 0.0 0.0
0.0 0.0 0.0
0.0 0.0 0.0
0.0 0.0 0.0
0.0 0.0 0.0
-8.224139213562012 31.481233596801758 -2.5895841121673584
0.0 0.0 0.0
-7.55851411819458 30.691551208496094 -2.5457966327667236
0.0 0.0 0.0
-7.037759780883789 30.393320083618164 -2.5406579971313477
-6.851452827453613 30.554405212402344 -2.5641071796417236
0.0 0.0 0.0
-6.4238715171813965 30.66089630126953 -2.5911717414855957
0.0 0.0 0.0
-5.94174861907959 30.466428756713867 -2.591824531555176
-5.733848571777344 30.528976440429688 -2.6058552265167236
0.0 0.0 0.0
-5.316386699676514 30.677642822265625 -2.633760929107666
0.0 0.0 0.0
-4.824184894561768 30.343387603759766 -2.6193923950195312
-4.6215338706970215 30.433090209960938 -2.63448429107666
0.0 0.0 0.0
-4.217660427093506 30.64341163635254 -2.664787769317627
-3.9637765884399414 30.39008331298828 -2.6485371589660645
0.0 0.0 0.0
0.0 0.0 0.0
0.0 0.0 0.0
-3.0989723205566406 30.315763473510742 -2.6626062393188477
0.0 0.0 0.0
0.0 0.0 0.0
0.0 0.0 0.0
-2.267226457595825 30.617504119873047 -2.7055206298828125
0.0 0.0 0.0
0.0 0.0 0.0
0.0 0.0 0.0
-1.4087687730789185 30.620830535888672 -2.7174596786499023
-1.189155101776123 30.466333389282227 -2.7059831619262695
-0.9779941439628601 30.497034072875977 -2.7099246978759766
-0.7645385265350342 30.600265502929688 -2.7204720973968506
0.0 0.0 0.0
-0.340008407831192 30.736000061035156 -2.735652446746826
0.0 0.0 0.0
0.08770780265331268 30.737661361694336 -2.7366783618927
0.30202534794807434 30.779111862182617 -2.740417718887329
0.0 0.0 0.0
0.0 0.0 0.0
0.9541594982147217 30.968303680419922 -2.757512092590332
1.1715919971466064 31.01943588256836 -2.760580539703369
1.3827509880065918 30.9057674407959 -2.7491161823272705
0.0 0.0 0.0
0.0 0.0 0.0
0.0 0.0 0.0
0.0 0.0 0.0
2.495793342590332 31.282190322875977 -2.7734031677246094
2.70536208152771 31.12842559814453 -2.757267951965332
0.0 0.0 0.0
3.1724984645843506 31.42923355102539 -2.7788448333740234
0.0 0.0 0.0
0.0 0.0 0.0
3.827881336212158 31.330333709716797 -2.758181571960449
4.08013916015625 31.569780349731445 -2.7755374908447266
0.0 0.0 0.0
0.0 0.0 0.0
4.758735179901123 31.618328094482422 -2.764888286590576
4.982310771942139 31.608219146728516 -2.758763551712036
5.188924789428711 31.469186782836914 -2.7414448261260986
0.0 0.0 0.0
0.0 0.0 0.0
0.0 0.0 0.0
0.0 0.0 0.0
6.399177551269531 31.845592498779297 -2.741497755050659
0.0 0.0 0.0
0.0 0.0 0.0
7.2186689376831055 32.40715026855469 -2.76590633392334
7.430351257324219 32.29642105102539 -2.748283624649048
7.728349685668945 32.53567123413086 -2.7603800296783447
7.921289920806885 32.346092224121094 -2.73551607131958
0.0 0.0 0.0
8.468177795410156 32.60804748535156 -2.7382025718688965
8.82108211517334 33.01959991455078 -2.7630438804626465
9.026991844177246 32.856136322021484 -2.7396459579467773
0.0 0.0 0.0
0.0 0.0 0.0
9.799314498901367 32.959251403808594 -2.7151784896850586
10.116161346435547 33.17837142944336 -2.7220864295959473
0.0 0.0 0.0
0.0 0.0 0.0
0.0 0.0 0.0
0.0 0.0 0.0
0.0 0.0 0.0
0.0 0.0 0.0
0.0 0.0 0.0
0.0 0.0 0.0
0.0 0.0 0.0
0.0 0.0 0.0
0.0 0.0 0.0
0.0 0.0 0.0
0.0 0.0 0.0
0.0 0.0 0.0
0.0 0.0 0.0
0.0 0.0 0.0
0.0 0.0 0.0
0.0 0.0 0.0
16.196949005126953 35.45001983642578 -2.6141669750213623
0.0 0.0 0.0
0.0 0.0 0.0
0.0 0.0 0.0
0.0 0.0 0.0
0.0 0.0 0.0
0.0 0.0 0.0
0.0 0.0 0.0
0.0 0.0 0.0
0.0 0.0 0.0
0.0 0.0 0.0
0.0 0.0 0.0
0.0 0.0 0.0
0.0 0.0 0.0
0.0 0.0 0.0
0.0 0.0 0.0
0.0 0.0 0.0
0.0 0.0 0.0
0.0 0.0 0.0
0.0 0.0 0.0
0.0 0.0 0.0
0.0 0.0 0.0
0.0 0.0 0.0
0.0 0.0 0.0
0.0 0.0 0.0
0.0 0.0 0.0
0.0 0.0 0.0
0.0 0.0 0.0
0.0 0.0 0.0
0.0 0.0 0.0
0.0 0.0 0.0
0.0 0.0 0.0
0.0 0.0 0.0
0.0 0.0 0.0
0.0 0.0 0.0
0.0 0.0 0.0
80.99423217773438 121.67669677734375 6.829203128814697
0.0 0.0 0.0
0.0 0.0 0.0
0.0 0.0 0.0
0.0 0.0 0.0
0.0 0.0 0.0
0.0 0.0 0.0
0.0 0.0 0.0
0.0 0.0 0.0
0.0 0.0 0.0
0.0 0.0 0.0
0.0 0.0 0.0
0.0 0.0 0.0
0.0 0.0 0.0
0.0 0.0 0.0
0.0 0.0 0.0
0.0 0.0 0.0
0.0 0.0 0.0
0.0 0.0 0.0
0.0 0.0 0.0
0.0 0.0 0.0
0.0 0.0 0.0
0.0 0.0 0.0
0.0 0.0 0.0
0.0 0.0 0.0
0.0 0.0 0.0
0.0 0.0 0.0
0.0 0.0 0.0
0.0 0.0 0.0
0.0 0.0 0.0
0.0 0.0 0.0
0.0 0.0 0.0
0.0 0.0 0.0
0.0 0.0 0.0
0.0 0.0 0.0
0.0 0.0 0.0
0.0 0.0 0.0
0.0 0.0 0.0
0.0 0.0 0.0
0.0 0.0 0.0
0.0 0.0 0.0
0.0 0.0 0.0
0.0 0.0 0.0
0.0 0.0 0.0
0.0 0.0 0.0
0.0 0.0 0.0
0.0 0.0 0.0
0.0 0.0 0.0
0.0 0.0 0.0
0.0 0.0 0.0
0.0 0.0 0.0
0.0 0.0 0.0
0.0 0.0 0.0
0.0 0.0 0.0
0.0 0.0 0.0
0.0 0.0 0.0
0.0 0.0 0.0
0.0 0.0 0.0
0.0 0.0 0.0
0.0 0.0 0.0
0.0 0.0 0.0
0.0 0.0 0.0
0.0 0.0 0.0
0.0 0.0 0.0
0.0 0.0 0.0
0.0 0.0 0.0
0.0 0.0 0.0
0.0 0.0 0.0
0.0 0.0 0.0
0.0 0.0 0.0
0.0 0.0 0.0
0.0 0.0 0.0
0.0 0.0 0.0
0.0 0.0 0.0
0.0 0.0 0.0
0.0 0.0 0.0
0.0 0.0 0.0
0.0 0.0 0.0
0.0 0.0 0.0
0.0 0.0 0.0
0.0 0.0 0.0
0.0 0.0 0.0
0.0 0.0 0.0
0.0 0.0 0.0
0.0 0.0 0.0
0.0 0.0 0.0
0.0 0.0 0.0
0.0 0.0 0.0
0.0 0.0 0.0
0.0 0.0 0.0
0.0 0.0 0.0
0.0 0.0 0.0
0.0 0.0 0.0
0.0 0.0 0.0
0.0 0.0 0.0
0.0 0.0 0.0
0.0 0.0 0.0
0.0 0.0 0.0
0.0 0.0 0.0
0.0 0.0 0.0
0.0 0.0 0.0
0.0 0.0 0.0
0.0 0.0 0.0
0.0 0.0 0.0
0.0 0.0 0.0
0.0 0.0 0.0
0.0 0.0 0.0
0.0 0.0 0.0
0.0 0.0 0.0
0.0 0.0 0.0
0.0 0.0 0.0
0.0 0.0 0.0
0.0 0.0 0.0
0.0 0.0 0.0
0.0 0.0 0.0
0.0 0.0 0.0
0.0 0.0 0.0
0.0 0.0 0.0
0.0 0.0 0.0
0.0 0.0 0.0
0.0 0.0 0.0
0.0 0.0 0.0
0.0 0.0 0.0
0.0 0.0 0.0
0.0 0.0 0.0
0.0 0.0 0.0
0.0 0.0 0.0
0.0 0.0 0.0
0.0 0.0 0.0
0.0 0.0 0.0
0.0 0.0 0.0
0.0 0.0 0.0
0.0 0.0 0.0
0.0 0.0 0.0
0.0 0.0 0.0
0.0 0.0 0.0
0.0 0.0 0.0
0.0 0.0 0.0
0.0 0.0 0.0
0.0 0.0 0.0
0.0 0.0 0.0
0.0 0.0 0.0
0.0 0.0 0.0
0.0 0.0 0.0
0.0 0.0 0.0
0.0 0.0 0.0
0.0 0.0 0.0
0.0 0.0 0.0
0.0 0.0 0.0
0.0 0.0 0.0
0.0 0.0 0.0
0.0 0.0 0.0
0.0 0.0 0.0
0.0 0.0 0.0
0.0 0.0 0.0
0.0 0.0 0.0
0.0 0.0 0.0
0.0 0.0 0.0
0.0 0.0 0.0
0.0 0.0 0.0
0.0 0.0 0.0
0.0 0.0 0.0
0.0 0.0 0.0
0.0 0.0 0.0
0.0 0.0 0.0
0.0 0.0 0.0
0.0 0.0 0.0
0.0 0.0 0.0
0.0 0.0 0.0
0.0 0.0 0.0
0.0 0.0 0.0
0.0 0.0 0.0
0.0 0.0 0.0
0.0 0.0 0.0
0.0 0.0 0.0
0.0 0.0 0.0
0.0 0.0 0.0
0.0 0.0 0.0
0.0 0.0 0.0
0.0 0.0 0.0
0.0 0.0 0.0
0.0 0.0 0.0
0.0 0.0 0.0
0.0 0.0 0.0
0.0 0.0 0.0
0.0 0.0 0.0
0.0 0.0 0.0
0.0 0.0 0.0
0.0 0.0 0.0
0.0 0.0 0.0
0.0 0.0 0.0
0.0 0.0 0.0
0.0 0.0 0.0
0.0 0.0 0.0
0.0 0.0 0.0
0.0 0.0 0.0
0.0 0.0 0.0
0.0 0.0 0.0
0.0 0.0 0.0
0.0 0.0 0.0
0.0 0.0 0.0
0.0 0.0 0.0
0.0 0.0 0.0
0.0 0.0 0.0
0.0 0.0 0.0
0.0 0.0 0.0
0.0 0.0 0.0
0.0 0.0 0.0
0.0 0.0 0.0
0.0 0.0 0.0
0.0 0.0 0.0
0.0 0.0 0.0
0.0 0.0 0.0
-12.152604103088379 31.922794342041016 -2.3471879959106445
0.0 0.0 0.0
0.0 0.0 0.0
0.0 0.0 0.0
0.0 0.0 0.0
0.0 0.0 0.0
0.0 0.0 0.0
0.0 0.0 0.0
0.0 0.0 0.0
0.0 0.0 0.0
0.0 0.0 0.0
0.0 0.0 0.0
0.0 0.0 0.0
0.0 0.0 0.0
0.0 0.0 0.0
0.0 0.0 0.0
0.0 0.0 0.0
0.0 0.0 0.0
0.0 0.0 0.0
0.0 0.0 0.0
-7.001753330230713 30.73444175720215 -2.502627372741699
0.0 0.0 0.0
0.0 0.0 0.0
-6.309948444366455 30.638452529907227 -2.5200672149658203
0.0 0.0 0.0
-5.904780864715576 30.859846115112305 -2.5555167198181152
-5.7129716873168945 31.025720596313477 -2.576345205307007
-5.454013347625732 30.822376251220703 -2.5666120052337646
0.0 0.0 0.0
0.0 0.0 0.0
0.0 0.0 0.0
0.0 0.0 0.0
0.0 0.0 0.0
0.0 0.0 0.0
0.0 0.0 0.0
0.0 0.0 0.0
0.0 0.0 0.0
0.0 0.0 0.0
0.0 0.0 0.0
0.0 0.0 0.0
0.0 0.0 0.0
0.0 0.0 0.0
0.0 0.0 0.0
0.0 0.0 0.0
-1.7523194551467896 31.000295639038086 -2.666447877883911
-1.5312376022338867 30.90645408630371 -2.6613481044769287
-1.3242528438568115 31.20017433166504 -2.6881520748138428
0.0 0.0 0.0
-0.8872745633125305 31.11013412475586 -2.6837403774261475
-0.6721823215484619 31.185394287109375 -2.692106246948242
0.0 0.0 0.0
-0.23515349626541138 31.300518035888672 -2.7039217948913574
-0.017521820962429047 31.250774383544922 -2.699843406677246
0.19975793361663818 31.211198806762695 -2.6967732906341553
0.4132480323314667 30.94830894470215 -2.6745336055755615
0.0 0.0 0.0
0.8546879291534424 31.336503982543945 -2.707277536392212
0.0 0.0 0.0
1.299362063407898 31.442276000976562 -2.714085817337036
1.5089099407196045 31.238256454467773 -2.6955225467681885
1.7270042896270752 31.24270248413086 -2.695084810256958
0.0 0.0 0.0
0.0 0.0 0.0
0.0 0.0 0.0
2.638582944869995 31.65666961669922 -2.7215328216552734
2.851304531097412 31.556467056274414 -2.7109274864196777
3.0792737007141113 31.625436782836914 -2.7132580280303955
0.0 0.0 0.0
3.5308303833007812 31.65357780456543 -2.7084298133850098
3.7881035804748535 31.941795349121094 -2.7296581268310547
4.038597583770752 32.143035888671875 -2.74353289604187
0.0 0.0 0.0
0.0 0.0 0.0
0.0 0.0 0.0
0.0 0.0 0.0
0.0 0.0 0.0
0.0 0.0 0.0
0.0 0.0 0.0
5.861787796020508 32.0527229309082 -2.69176983833313
0.0 0.0 0.0
6.424062728881836 32.56169891357422 -2.7219669818878174
6.655126571655273 32.54005813598633 -2.7124695777893066
0.0 0.0 0.0
7.099895000457764 32.392059326171875 -2.6847078800201416
0.0 0.0 0.0
0.0 0.0 0.0
7.8796796798706055 32.67508316040039 -2.6839449405670166
0.0 0.0 0.0
8.388005256652832 32.75961685180664 -2.672549247741699
0.0 0.0 0.0
0.0 0.0 0.0
0.0 0.0 0.0
9.469117164611816 33.12101745605469 -2.662813186645508
0.0 0.0 0.0
0.0 0.0 0.0
10.244568824768066 33.182804107666016 -2.635981559753418
0.0 0.0 0.0
0.0 0.0 0.0
0.0 0.0 0.0
0.0 0.0 0.0
0.0 0.0 0.0
0.0 0.0 0.0
0.0 0.0 0.0
0.0 0.0 0.0
0.0 0.0 0.0
0.0 0.0 0.0
0.0 0.0 0.0
0.0 0.0 0.0
0.0 0.0 0.0
0.0 0.0 0.0
0.0 0.0 0.0
0.0 0.0 0.0
0.0 0.0 0.0
16.318042755126953 36.05471420288086 -2.589829683303833
0.0 0.0 0.0
0.0 0.0 0.0
0.0 0.0 0.0
0.0 0.0 0.0
0.0 0.0 0.0
0.0 0.0 0.0
0.0 0.0 0.0
0.0 0.0 0.0
0.0 0.0 0.0
0.0 0.0 0.0
0.0 0.0 0.0
0.0 0.0 0.0
0.0 0.0 0.0
0.0 0.0 0.0
0.0 0.0 0.0
0.0 0.0 0.0
0.0 0.0 0.0
0.0 0.0 0.0
0.0 0.0 0.0
0.0 0.0 0.0
0.0 0.0 0.0
0.0 0.0 0.0
0.0 0.0 0.0
0.0 0.0 0.0
0.0 0.0 0.0
0.0 0.0 0.0
0.0 0.0 0.0
0.0 0.0 0.0
0.0 0.0 0.0
0.0 0.0 0.0
0.0 0.0 0.0
0.0 0.0 0.0
0.0 0.0 0.0
0.0 0.0 0.0
0.0 0.0 0.0
0.0 0.0 0.0
0.0 0.0 0.0
0.0 0.0 0.0
0.0 0.0 0.0
0.0 0.0 0.0
0.0 0.0 0.0
0.0 0.0 0.0
0.0 0.0 0.0
0.0 0.0 0.0
0.0 0.0 0.0
0.0 0.0 0.0
0.0 0.0 0.0
0.0 0.0 0.0
0.0 0.0 0.0
0.0 0.0 0.0
0.0 0.0 0.0
0.0 0.0 0.0
0.0 0.0 0.0
0.0 0.0 0.0
0.0 0.0 0.0
0.0 0.0 0.0
0.0 0.0 0.0
0.0 0.0 0.0
0.0 0.0 0.0
0.0 0.0 0.0
0.0 0.0 0.0
0.0 0.0 0.0
0.0 0.0 0.0
0.0 0.0 0.0
0.0 0.0 0.0
0.0 0.0 0.0
0.0 0.0 0.0
0.0 0.0 0.0
0.0 0.0 0.0
0.0 0.0 0.0
0.0 0.0 0.0
0.0 0.0 0.0
0.0 0.0 0.0
0.0 0.0 0.0
0.0 0.0 0.0
0.0 0.0 0.0
0.0 0.0 0.0
0.0 0.0 0.0
0.0 0.0 0.0
0.0 0.0 0.0
0.0 0.0 0.0
0.0 0.0 0.0
0.0 0.0 0.0
0.0 0.0 0.0
0.0 0.0 0.0
0.0 0.0 0.0
0.0 0.0 0.0
0.0 0.0 0.0
0.0 0.0 0.0
0.0 0.0 0.0
0.0 0.0 0.0
0.0 0.0 0.0
0.0 0.0 0.0
0.0 0.0 0.0
0.0 0.0 0.0
0.0 0.0 0.0
0.0 0.0 0.0
0.0 0.0 0.0
0.0 0.0 0.0
0.0 0.0 0.0
0.0 0.0 0.0
0.0 0.0 0.0
0.0 0.0 0.0
0.0 0.0 0.0
0.0 0.0 0.0
0.0 0.0 0.0
0.0 0.0 0.0
0.0 0.0 0.0
0.0 0.0 0.0
0.0 0.0 0.0
0.0 0.0 0.0
0.0 0.0 0.0
0.0 0.0 0.0
0.0 0.0 0.0
0.0 0.0 0.0
0.0 0.0 0.0
0.0 0.0 0.0
0.0 0.0 0.0
0.0 0.0 0.0
0.0 0.0 0.0
0.0 0.0 0.0
0.0 0.0 0.0
0.0 0.0 0.0
0.0 0.0 0.0
0.0 0.0 0.0
0.0 0.0 0.0
0.0 0.0 0.0
0.0 0.0 0.0
0.0 0.0 0.0
0.0 0.0 0.0
0.0 0.0 0.0
0.0 0.0 0.0
0.0 0.0 0.0
0.0 0.0 0.0
0.0 0.0 0.0
0.0 0.0 0.0
0.0 0.0 0.0
0.0 0.0 0.0
0.0 0.0 0.0
0.0 0.0 0.0
0.0 0.0 0.0
0.0 0.0 0.0
0.0 0.0 0.0
0.0 0.0 0.0
0.0 0.0 0.0
0.0 0.0 0.0
0.0 0.0 0.0
0.0 0.0 0.0
0.0 0.0 0.0
0.0 0.0 0.0
0.0 0.0 0.0
0.0 0.0 0.0
0.0 0.0 0.0
0.0 0.0 0.0
0.0 0.0 0.0
0.0 0.0 0.0
0.0 0.0 0.0
0.0 0.0 0.0
0.0 0.0 0.0
0.0 0.0 0.0
0.0 0.0 0.0
0.0 0.0 0.0
0.0 0.0 0.0
0.0 0.0 0.0
0.0 0.0 0.0
0.0 0.0 0.0
0.0 0.0 0.0
0.0 0.0 0.0
0.0 0.0 0.0
0.0 0.0 0.0
0.0 0.0 0.0
0.0 0.0 0.0
0.0 0.0 0.0
0.0 0.0 0.0
0.0 0.0 0.0
0.0 0.0 0.0
0.0 0.0 0.0
0.0 0.0 0.0
0.0 0.0 0.0
0.0 0.0 0.0
0.0 0.0 0.0
0.0 0.0 0.0
0.0 0.0 0.0
0.0 0.0 0.0
0.0 0.0 0.0
0.0 0.0 0.0
0.0 0.0 0.0
0.0 0.0 0.0
0.0 0.0 0.0
0.0 0.0 0.0
0.0 0.0 0.0
0.0 0.0 0.0
0.0 0.0 0.0
0.0 0.0 0.0
0.0 0.0 0.0
0.0 0.0 0.0
0.0 0.0 0.0
0.0 0.0 0.0
0.0 0.0 0.0
0.0 0.0 0.0
0.0 0.0 0.0
0.0 0.0 0.0
0.0 0.0 0.0
0.0 0.0 0.0
0.0 0.0 0.0
0.0 0.0 0.0
0.0 0.0 0.0
0.0 0.0 0.0
0.0 0.0 0.0
0.0 0.0 0.0
-26.072731018066406 36.05916976928711 -1.511786699295044
0.0 0.0 0.0
0.0 0.0 0.0
0.0 0.0 0.0
0.0 0.0 0.0
0.0 0.0 0.0
0.0 0.0 0.0
0.0 0.0 0.0
0.0 0.0 0.0
0.0 0.0 0.0
0.0 0.0 0.0
0.0 0.0 0.0
0.0 0.0 0.0
0.0 0.0 0.0
0.0 0.0 0.0
0.0 0.0 0.0
0.0 0.0 0.0
0.0 0.0 0.0
0.0 0.0 0.0
0.0 0.0 0.0
0.0 0.0 0.0
0.0 0.0 0.0
0.0 0.0 0.0
0.0 0.0 0.0
0.0 0.0 0.0
0.0 0.0 0.0
0.0 0.0 0.0
0.0 0.0 0.0
0.0 0.0 0.0
0.0 0.0 0.0
0.0 0.0 0.0
0.0 0.0 0.0
0.0 0.0 0.0
0.0 0.0 0.0
0.0 0.0 0.0
0.0 0.0 0.0
0.0 0.0 0.0
0.0 0.0 0.0
0.0 0.0 0.0
0.0 0.0 0.0
0.0 0.0 0.0
0.0 0.0 0.0
0.0 0.0 0.0
0.0 0.0 0.0
0.0 0.0 0.0
0.0 0.0 0.0
0.0 0.0 0.0
0.0 0.0 0.0
0.0 0.0 0.0
0.0 0.0 0.0
0.0 0.0 0.0
0.0 0.0 0.0
0.0 0.0 0.0
0.0 0.0 0.0
0.0 0.0 0.0
0.0 0.0 0.0
0.0 0.0 0.0
0.0 0.0 0.0
-6.9603190422058105 31.041297912597656 -2.449606418609619
0.0 0.0 0.0
-6.623184680938721 31.610553741455078 -2.512375831604004
0.0 0.0 0.0
-6.072849273681641 31.13994789123535 -2.4909698963165283
0.0 0.0 0.0
-5.675903797149658 31.426773071289062 -2.5284948348999023
-5.346044540405273 30.84761619567871 -2.48933482170105
-5.213994979858398 31.382638931274414 -2.540001392364502
0.0 0.0 0.0
-4.712529182434082 31.03123664855957 -2.523116111755371
0.0 0.0 0.0
-4.26780891418457 31.003746032714844 -2.5328593254089355
0.0 0.0 0.0
-3.85548734664917 31.252639770507812 -2.5637118816375732
0.0 0.0 0.0
-3.4018938541412354 31.135799407958984 -2.5629842281341553
0.0 0.0 0.0
0.0 0.0 0.0
-2.73073410987854 31.01278305053711 -2.5652716159820557
0.0 0.0 0.0
0.0 0.0 0.0
0.0 0.0 0.0
0.0 0.0 0.0
0.0 0.0 0.0
-1.4530611038208008 31.583969116210938 -2.6298747062683105
-1.2280008792877197 31.460838317871094 -2.6215779781341553
-0.9993613958358765 31.16880989074707 -2.599306583404541
-0.7818012833595276 31.307191848754883 -2.613084077835083
-0.5680382251739502 31.54530143737793 -2.633779764175415
0.0 0.0 0.0
-0.1289120316505432 31.468242645263672 -2.6288750171661377
0.09028415381908417 31.592864990234375 -2.640244722366333
0.31124553084373474 31.7198429107666 -2.651947498321533
0.0 0.0 0.0
0.7502557635307312 31.45175552368164 -2.6284754276275635
0.0 0.0 0.0
1.1948109865188599 31.62516975402832 -2.6419239044189453
0.0 0.0 0.0
0.0 0.0 0.0
0.0 0.0 0.0
0.0 0.0 0.0
0.0 0.0 0.0
2.5524141788482666 31.987220764160156 -2.6632096767425537
2.7733983993530273 31.910554885864258 -2.654167890548706
0.0 0.0 0.0
3.217801570892334 31.87744903564453 -2.6450037956237793
0.0 0.0 0.0
0.0 0.0 0.0
0.0 0.0 0.0
4.149763584136963 32.109066009521484 -2.649881362915039
0.0 0.0 0.0
0.0 0.0 0.0
0.0 0.0 0.0
5.105417251586914 32.38729476928711 -2.654831647872925
5.403216361999512 32.76593780517578 -2.6798455715179443
0.0 0.0 0.0
5.810050010681152 32.416873931884766 -2.63993763923645
0.0 0.0 0.0
0.0 0.0 0.0
6.57743501663208 32.72919464111328 -2.6461679935455322
6.855139255523682 32.92365646362305 -2.654825448989868
0.0 0.0 0.0
0.0 0.0 0.0
0.0 0.0 0.0
0.0 0.0 0.0
0.0 0.0 0.0
8.383321762084961 33.22895812988281 -2.6322107315063477
8.70082950592041 33.50249099731445 -2.6455843448638916
0.0 0.0 0.0
0.0 0.0 0.0
0.0 0.0 0.0
0.0 0.0 0.0
0.0 0.0 0.0
0.0 0.0 0.0
0.0 0.0 0.0
0.0 0.0 0.0
0.0 0.0 0.0
0.0 0.0 0.0
0.0 0.0 0.0
0.0 0.0 0.0
0.0 0.0 0.0
0.0 0.0 0.0
0.0 0.0 0.0
0.0 0.0 0.0
0.0 0.0 0.0
0.0 0.0 0.0
0.0 0.0 0.0
0.0 0.0 0.0
0.0 0.0 0.0
0.0 0.0 0.0
0.0 0.0 0.0
16.234813690185547 36.20311737060547 -2.539424419403076
0.0 0.0 0.0
0.0 0.0 0.0
0.0 0.0 0.0
0.0 0.0 0.0
0.0 0.0 0.0
0.0 0.0 0.0
0.0 0.0 0.0
0.0 0.0 0.0
0.0 0.0 0.0
0.0 0.0 0.0
0.0 0.0 0.0
0.0 0.0 0.0
0.0 0.0 0.0
0.0 0.0 0.0
0.0 0.0 0.0
0.0 0.0 0.0
0.0 0.0 0.0
0.0 0.0 0.0
0.0 0.0 0.0
0.0 0.0 0.0
0.0 0.0 0.0
0.0 0.0 0.0
0.0 0.0 0.0
0.0 0.0 0.0
0.0 0.0 0.0
0.0 0.0 0.0
0.0 0.0 0.0
0.0 0.0 0.0
0.0 0.0 0.0
0.0 0.0 0.0
0.0 0.0 0.0
0.0 0.0 0.0
0.0 0.0 0.0
0.0 0.0 0.0
0.0 0.0 0.0
0.0 0.0 0.0
0.0 0.0 0.0
0.0 0.0 0.0
0.0 0.0 0.0
0.0 0.0 0.0
0.0 0.0 0.0
0.0 0.0 0.0
0.0 0.0 0.0
0.0 0.0 0.0
0.0 0.0 0.0
0.0 0.0 0.0
0.0 0.0 0.0
0.0 0.0 0.0
0.0 0.0 0.0
0.0 0.0 0.0
0.0 0.0 0.0
0.0 0.0 0.0
0.0 0.0 0.0
0.0 0.0 0.0
0.0 0.0 0.0
0.0 0.0 0.0
0.0 0.0 0.0
0.0 0.0 0.0
0.0 0.0 0.0
0.0 0.0 0.0
0.0 0.0 0.0
0.0 0.0 0.0
0.0 0.0 0.0
0.0 0.0 0.0
0.0 0.0 0.0
0.0 0.0 0.0
0.0 0.0 0.0
0.0 0.0 0.0
0.0 0.0 0.0
0.0 0.0 0.0
0.0 0.0 0.0
0.0 0.0 0.0
0.0 0.0 0.0
0.0 0.0 0.0
0.0 0.0 0.0
0.0 0.0 0.0
0.0 0.0 0.0
0.0 0.0 0.0
0.0 0.0 0.0
0.0 0.0 0.0
0.0 0.0 0.0
0.0 0.0 0.0
0.0 0.0 0.0
0.0 0.0 0.0
0.0 0.0 0.0
0.0 0.0 0.0
0.0 0.0 0.0
0.0 0.0 0.0
0.0 0.0 0.0
0.0 0.0 0.0
0.0 0.0 0.0
0.0 0.0 0.0
0.0 0.0 0.0
0.0 0.0 0.0
0.0 0.0 0.0
0.0 0.0 0.0
0.0 0.0 0.0
0.0 0.0 0.0
0.0 0.0 0.0
0.0 0.0 0.0
0.0 0.0 0.0
0.0 0.0 0.0
0.0 0.0 0.0
0.0 0.0 0.0
0.0 0.0 0.0
0.0 0.0 0.0
0.0 0.0 0.0
0.0 0.0 0.0
0.0 0.0 0.0
0.0 0.0 0.0
0.0 0.0 0.0
0.0 0.0 0.0
0.0 0.0 0.0
0.0 0.0 0.0
0.0 0.0 0.0
0.0 0.0 0.0
0.0 0.0 0.0
0.0 0.0 0.0
0.0 0.0 0.0
0.0 0.0 0.0
0.0 0.0 0.0
0.0 0.0 0.0
0.0 0.0 0.0
0.0 0.0 0.0
0.0 0.0 0.0
0.0 0.0 0.0
0.0 0.0 0.0
0.0 0.0 0.0
0.0 0.0 0.0
0.0 0.0 0.0
0.0 0.0 0.0
0.0 0.0 0.0
0.0 0.0 0.0
0.0 0.0 0.0
0.0 0.0 0.0
0.0 0.0 0.0
0.0 0.0 0.0
0.0 0.0 0.0
0.0 0.0 0.0
0.0 0.0 0.0
0.0 0.0 0.0
0.0 0.0 0.0
0.0 0.0 0.0
0.0 0.0 0.0
0.0 0.0 0.0
0.0 0.0 0.0
0.0 0.0 0.0
0.0 0.0 0.0
0.0 0.0 0.0
0.0 0.0 0.0
0.0 0.0 0.0
0.0 0.0 0.0
0.0 0.0 0.0
0.0 0.0 0.0
0.0 0.0 0.0
0.0 0.0 0.0
0.0 0.0 0.0
0.0 0.0 0.0
0.0 0.0 0.0
0.0 0.0 0.0
0.0 0.0 0.0
0.0 0.0 0.0
0.0 0.0 0.0
0.0 0.0 0.0
0.0 0.0 0.0
0.0 0.0 0.0
0.0 0.0 0.0
0.0 0.0 0.0
0.0 0.0 0.0
0.0 0.0 0.0
0.0 0.0 0.0
0.0 0.0 0.0
0.0 0.0 0.0
0.0 0.0 0.0
0.0 0.0 0.0
0.0 0.0 0.0
0.0 0.0 0.0
0.0 0.0 0.0
0.0 0.0 0.0
0.0 0.0 0.0
0.0 0.0 0.0
0.0 0.0 0.0
0.0 0.0 0.0
0.0 0.0 0.0
0.0 0.0 0.0
0.0 0.0 0.0
0.0 0.0 0.0
0.0 0.0 0.0
0.0 0.0 0.0
0.0 0.0 0.0
0.0 0.0 0.0
0.0 0.0 0.0
0.0 0.0 0.0
0.0 0.0 0.0
0.0 0.0 0.0
0.0 0.0 0.0
0.0 0.0 0.0
0.0 0.0 0.0
0.0 0.0 0.0
0.0 0.0 0.0
0.0 0.0 0.0
0.0 0.0 0.0
0.0 0.0 0.0
0.0 0.0 0.0
0.0 0.0 0.0
0.0 0.0 0.0
0.0 0.0 0.0
0.0 0.0 0.0
0.0 0.0 0.0
0.0 0.0 0.0
0.0 0.0 0.0
0.0 0.0 0.0
0.0 0.0 0.0
0.0 0.0 0.0
0.0 0.0 0.0
0.0 0.0 0.0
0.0 0.0 0.0
0.0 0.0 0.0
0.0 0.0 0.0
0.0 0.0 0.0
0.0 0.0 0.0
0.0 0.0 0.0
0.0 0.0 0.0
0.0 0.0 0.0
-20.681480407714844 34.616764068603516 -1.8616979122161865
0.0 0.0 0.0
0.0 0.0 0.0
0.0 0.0 0.0
0.0 0.0 0.0
0.0 0.0 0.0
0.0 0.0 0.0
0.0 0.0 0.0
0.0 0.0 0.0
0.0 0.0 0.0
0.0 0.0 0.0
0.0 0.0 0.0
0.0 0.0 0.0
0.0 0.0 0.0
0.0 0.0 0.0
0.0 0.0 0.0
0.0 0.0 0.0
0.0 0.0 0.0
0.0 0.0 0.0
0.0 0.0 0.0
0.0 0.0 0.0
0.0 0.0 0.0
0.0 0.0 0.0
0.0 0.0 0.0
0.0 0.0 0.0
0.0 0.0 0.0
-12.283252716064453 32.95281219482422 -2.2903125286102295
0.0 0.0 0.0
0.0 0.0 0.0
0.0 0.0 0.0
0.0 0.0 0.0
0.0 0.0 0.0
0.0 0.0 0.0
0.0 0.0 0.0
0.0 0.0 0.0
0.0 0.0 0.0
0.0 0.0 0.0
0.0 0.0 0.0
0.0 0.0 0.0
0.0 0.0 0.0
0.0 0.0 0.0
0.0 0.0 0.0
0.0 0.0 0.0
0.0 0.0 0.0
0.0 0.0 0.0
0.0 0.0 0.0
0.0 0.0 0.0
0.0 0.0 0.0
0.0 0.0 0.0
-6.285704135894775 31.636760711669922 -2.4446516036987305
-6.032149791717529 31.526630401611328 -2.4436371326446533
0.0 0.0 0.0
0.0 0.0 0.0
0.0 0.0 0.0
0.0 0.0 0.0
0.0 0.0 0.0
0.0 0.0 0.0
0.0 0.0 0.0
0.0 0.0 0.0
0.0 0.0 0.0
-3.780411958694458 31.531084060668945 -2.504024028778076
0.0 0.0 0.0
0.0 0.0 0.0
0.0 0.0 0.0
0.0 0.0 0.0
-2.6722733974456787 31.579425811767578 -2.528193712234497
0.0 0.0 0.0
0.0 0.0 0.0
0.0 0.0 0.0
-1.7829997539520264 31.543224334716797 -2.5374763011932373
-1.5705827474594116 31.698501586914062 -2.5522425174713135
0.0 0.0 0.0
-1.1224300861358643 31.642986297607422 -2.552729845046997
-0.8994514346122742 31.552562713623047 -2.546954870223999
-0.6788005232810974 31.503454208374023 -2.5438473224639893
-0.46557849645614624 31.912199020385742 -2.5778443813323975
0.0 0.0 0.0
0.0 0.0 0.0
0.202555313706398 31.638261795043945 -2.5584876537323
0.4250040352344513 31.815227508544922 -2.5723185539245605
0.6491333842277527 31.951692581176758 -2.5829949378967285
0.8730583786964417 32.008731842041016 -2.5873734951019287
0.0 0.0 0.0
1.3170934915542603 31.872894287109375 -2.5756313800811768
1.540421485900879 31.894264221191406 -2.575718641281128
0.0 0.0 0.0
1.9962899684906006 32.07223129272461 -2.5871706008911133
0.0 0.0 0.0
0.0 0.0 0.0
2.683598518371582 32.20256805419922 -2.5918333530426025
2.9364099502563477 32.50144958496094 -2.613107681274414
3.1494522094726562 32.34883499145508 -2.5981948375701904
3.392315626144409 32.45773696899414 -2.604365348815918
3.595440149307251 32.23250961303711 -2.5835366249084473
3.8310036659240723 32.30387878417969 -2.585200309753418
4.075015544891357 32.43148422241211 -2.5914578437805176
0.0 0.0 0.0
4.540266990661621 32.44926071166992 -2.585261583328247
4.788238048553467 32.571556091308594 -2.5910913944244385
5.037456035614014 32.684329986572266 -2.5946242809295654
5.271115779876709 32.68754959106445 -2.5895559787750244
0.0 0.0 0.0
0.0 0.0 0.0
0.0 0.0 0.0
6.293996334075928 33.11557388305664 -2.6009833812713623
0.0 0.0 0.0
6.752939224243164 33.01866149902344 -2.580432891845703
0.0 0.0 0.0
7.269413471221924 33.165653228759766 -2.5788986682891846
7.5575103759765625 33.36974334716797 -2.5868890285491943
0.0 0.0 0.0
8.038803100585938 33.33504867553711 -2.5687413215637207
8.371244430541992 33.68368911743164 -2.5879476070404053
0.0 0.0 0.0
0.0 0.0 0.0
9.123650550842285 33.676517486572266 -2.5608224868774414
0.0 0.0 0.0
0.0 0.0 0.0
0.0 0.0 0.0
0.0 0.0 0.0
0.0 0.0 0.0
0.0 0.0 0.0
0.0 0.0 0.0
0.0 0.0 0.0
0.0 0.0 0.0
0.0 0.0 0.0
0.0 0.0 0.0
0.0 0.0 0.0
0.0 0.0 0.0
0.0 0.0 0.0
0.0 0.0 0.0
0.0 0.0 0.0
0.0 0.0 0.0
0.0 0.0 0.0
0.0 0.0 0.0
15.558775901794434 36.38124465942383 -2.5156033039093018
0.0 0.0 0.0
16.16005516052246 36.381778717041016 -2.4837870597839355
0.0 0.0 0.0
0.0 0.0 0.0
0.0 0.0 0.0
0.0 0.0 0.0
0.0 0.0 0.0
0.0 0.0 0.0
0.0 0.0 0.0
0.0 0.0 0.0
0.0 0.0 0.0
0.0 0.0 0.0
0.0 0.0 0.0
0.0 0.0 0.0
0.0 0.0 0.0
0.0 0.0 0.0
0.0 0.0 0.0
0.0 0.0 0.0
0.0 0.0 0.0
0.0 0.0 0.0
0.0 0.0 0.0
0.0 0.0 0.0
0.0 0.0 0.0
0.0 0.0 0.0
0.0 0.0 0.0
0.0 0.0 0.0
0.0 0.0 0.0
0.0 0.0 0.0
0.0 0.0 0.0
0.0 0.0 0.0
0.0 0.0 0.0
0.0 0.0 0.0
0.0 0.0 0.0
0.0 0.0 0.0
0.0 0.0 0.0
0.0 0.0 0.0
0.0 0.0 0.0
81.41386413574219 121.39273071289062 6.006213665008545
0.0 0.0 0.0
0.0 0.0 0.0
0.0 0.0 0.0
0.0 0.0 0.0
0.0 0.0 0.0
0.0 0.0 0.0
0.0 0.0 0.0
0.0 0.0 0.0
0.0 0.0 0.0
0.0 0.0 0.0
0.0 0.0 0.0
0.0 0.0 0.0
0.0 0.0 0.0
0.0 0.0 0.0
0.0 0.0 0.0
0.0 0.0 0.0
0.0 0.0 0.0
0.0 0.0 0.0
0.0 0.0 0.0
0.0 0.0 0.0
0.0 0.0 0.0
0.0 0.0 0.0
0.0 0.0 0.0
0.0 0.0 0.0
0.0 0.0 0.0
0.0 0.0 0.0
0.0 0.0 0.0
0.0 0.0 0.0
0.0 0.0 0.0
0.0 0.0 0.0
0.0 0.0 0.0
0.0 0.0 0.0
0.0 0.0 0.0
0.0 0.0 0.0
0.0 0.0 0.0
0.0 0.0 0.0
0.0 0.0 0.0
0.0 0.0 0.0
0.0 0.0 0.0
0.0 0.0 0.0
0.0 0.0 0.0
0.0 0.0 0.0
0.0 0.0 0.0
0.0 0.0 0.0
0.0 0.0 0.0
0.0 0.0 0.0
0.0 0.0 0.0
0.0 0.0 0.0
0.0 0.0 0.0
0.0 0.0 0.0
0.0 0.0 0.0
0.0 0.0 0.0
0.0 0.0 0.0
0.0 0.0 0.0
0.0 0.0 0.0
0.0 0.0 0.0
0.0 0.0 0.0
0.0 0.0 0.0
0.0 0.0 0.0
0.0 0.0 0.0
0.0 0.0 0.0
0.0 0.0 0.0
0.0 0.0 0.0
0.0 0.0 0.0
0.0 0.0 0.0
0.0 0.0 0.0
0.0 0.0 0.0
0.0 0.0 0.0
0.0 0.0 0.0
0.0 0.0 0.0
0.0 0.0 0.0
0.0 0.0 0.0
0.0 0.0 0.0
0.0 0.0 0.0
0.0 0.0 0.0
0.0 0.0 0.0
0.0 0.0 0.0
0.0 0.0 0.0
0.0 0.0 0.0
0.0 0.0 0.0
0.0 0.0 0.0
0.0 0.0 0.0
0.0 0.0 0.0
0.0 0.0 0.0
0.0 0.0 0.0
0.0 0.0 0.0
0.0 0.0 0.0
0.0 0.0 0.0
0.0 0.0 0.0
0.0 0.0 0.0
0.0 0.0 0.0
0.0 0.0 0.0
0.0 0.0 0.0
0.0 0.0 0.0
0.0 0.0 0.0
0.0 0.0 0.0
0.0 0.0 0.0
0.0 0.0 0.0
0.0 0.0 0.0
0.0 0.0 0.0
0.0 0.0 0.0
0.0 0.0 0.0
0.0 0.0 0.0
0.0 0.0 0.0
0.0 0.0 0.0
0.0 0.0 0.0
0.0 0.0 0.0
0.0 0.0 0.0
0.0 0.0 0.0
0.0 0.0 0.0
0.0 0.0 0.0
0.0 0.0 0.0
0.0 0.0 0.0
0.0 0.0 0.0
0.0 0.0 0.0
0.0 0.0 0.0
0.0 0.0 0.0
0.0 0.0 0.0
0.0 0.0 0.0
0.0 0.0 0.0
0.0 0.0 0.0
0.0 0.0 0.0
0.0 0.0 0.0
0.0 0.0 0.0
0.0 0.0 0.0
0.0 0.0 0.0
0.0 0.0 0.0
0.0 0.0 0.0
0.0 0.0 0.0
0.0 0.0 0.0
0.0 0.0 0.0
0.0 0.0 0.0
0.0 0.0 0.0
0.0 0.0 0.0
0.0 0.0 0.0
0.0 0.0 0.0
0.0 0.0 0.0
0.0 0.0 0.0
0.0 0.0 0.0
0.0 0.0 0.0
0.0 0.0 0.0
0.0 0.0 0.0
0.0 0.0 0.0
0.0 0.0 0.0
0.0 0.0 0.0
0.0 0.0 0.0
0.0 0.0 0.0
0.0 0.0 0.0
0.0 0.0 0.0
0.0 0.0 0.0
0.0 0.0 0.0
0.0 0.0 0.0
0.0 0.0 0.0
0.0 0.0 0.0
0.0 0.0 0.0
0.0 0.0 0.0
0.0 0.0 0.0
0.0 0.0 0.0
0.0 0.0 0.0
0.0 0.0 0.0
0.0 0.0 0.0
0.0 0.0 0.0
0.0 0.0 0.0
0.0 0.0 0.0
0.0 0.0 0.0
0.0 0.0 0.0
0.0 0.0 0.0
0.0 0.0 0.0
0.0 0.0 0.0
0.0 0.0 0.0
0.0 0.0 0.0
0.0 0.0 0.0
0.0 0.0 0.0
0.0 0.0 0.0
0.0 0.0 0.0
0.0 0.0 0.0
0.0 0.0 0.0
0.0 0.0 0.0
0.0 0.0 0.0
0.0 0.0 0.0
0.0 0.0 0.0
0.0 0.0 0.0
0.0 0.0 0.0
0.0 0.0 0.0
0.0 0.0 0.0
0.0 0.0 0.0
0.0 0.0 0.0
0.0 0.0 0.0
0.0 0.0 0.0
0.0 0.0 0.0
0.0 0.0 0.0
0.0 0.0 0.0
0.0 0.0 0.0
0.0 0.0 0.0
0.0 0.0 0.0
0.0 0.0 0.0
0.0 0.0 0.0
0.0 0.0 0.0
0.0 0.0 0.0
0.0 0.0 0.0
0.0 0.0 0.0
0.0 0.0 0.0
0.0 0.0 0.0
0.0 0.0 0.0
0.0 0.0 0.0
0.0 0.0 0.0
0.0 0.0 0.0
0.0 0.0 0.0
0.0 0.0 0.0
0.0 0.0 0.0
0.0 0.0 0.0
0.0 0.0 0.0
0.0 0.0 0.0
0.0 0.0 0.0
0.0 0.0 0.0
0.0 0.0 0.0
0.0 0.0 0.0
0.0 0.0 0.0
0.0 0.0 0.0
0.0 0.0 0.0
0.0 0.0 0.0
0.0 0.0 0.0
0.0 0.0 0.0
0.0 0.0 0.0
0.0 0.0 0.0
0.0 0.0 0.0
0.0 0.0 0.0
0.0 0.0 0.0
0.0 0.0 0.0
0.0 0.0 0.0
0.0 0.0 0.0
0.0 0.0 0.0
0.0 0.0 0.0
-7.146386623382568 31.86989402770996 -2.3549206256866455
0.0 0.0 0.0
0.0 0.0 0.0
0.0 0.0 0.0
-6.18245267868042 31.70246696472168 -2.3728530406951904
-6.051967144012451 32.226402282714844 -2.4197635650634766
0.0 0.0 0.0
0.0 0.0 0.0
0.0 0.0 0.0
-5.072061538696289 31.903305053710938 -2.4205117225646973
0.0 0.0 0.0
-4.614223003387451 31.880939483642578 -2.43052339553833
-4.370748043060303 31.75741958618164 -2.425873279571533
0.0 0.0 0.0
0.0 0.0 0.0
0.0 0.0 0.0
-3.49470591545105 31.988988876342773 -2.463019609451294
0.0 0.0 0.0
0.0 0.0 0.0
0.0 0.0 0.0
0.0 0.0 0.0
0.0 0.0 0.0
0.0 0.0 0.0
0.0 0.0 0.0
0.0 0.0 0.0
-1.4690346717834473 31.947750091552734 -2.4878294467926025
-1.243687629699707 31.883039474487305 -2.484929084777832
-1.0302101373672485 32.151588439941406 -2.506913900375366
-0.7986984252929688 31.994422912597656 -2.495850086212158
-0.5759619474411011 31.991289138793945 -2.4968974590301514
-0.35441118478775024 32.06058883666992 -2.5037200450897217
-0.13149911165237427 32.10112380981445 -2.5080504417419434
0.09104805439710617 31.785823822021484 -2.4833133220672607
0.3185355067253113 32.41918182373047 -2.53281307220459
0.5515092015266418 32.62639236450195 -2.5491466522216797
0.7694932818412781 32.24022674560547 -2.5192389488220215
0.0 0.0 0.0
1.2206817865371704 32.300514221191406 -2.5228490829467773
1.4424935579299927 32.22524642944336 -2.5157763957977295
1.6833815574645996 32.463294982910156 -2.5332627296447754
1.9110465049743652 32.48594665527344 -2.534074306488037
0.0 0.0 0.0
0.0 0.0 0.0
2.5909674167633057 32.47077560424805 -2.5272395610809326
2.830226182937622 32.56446075439453 -2.5322413444519043
0.0 0.0 0.0
0.0 0.0 0.0
0.0 0.0 0.0
3.7406067848205566 32.52485656738281 -2.5180046558380127
3.996152400970459 32.70677185058594 -2.5285682678222656
0.0 0.0 0.0
4.517082691192627 33.135128021240234 -2.5550289154052734
4.752919673919678 33.14200973510742 -2.550995349884033
4.953096389770508 32.9084358215332 -2.528273105621338
5.197244644165039 32.96990966796875 -2.528350353240967
5.453518867492676 33.07118606567383 -2.5314908027648926
0.0 0.0 0.0
0.0 0.0 0.0
6.212407112121582 33.327369689941406 -2.5351154804229736
0.0 0.0 0.0
0.0 0.0 0.0
0.0 0.0 0.0
0.0 0.0 0.0
7.490566730499268 33.626258850097656 -2.526451826095581
0.0 0.0 0.0
8.00331974029541 33.69381332397461 -2.5172924995422363
0.0 0.0 0.0
0.0 0.0 0.0
8.827341079711914 33.99348831176758 -2.516141653060913
0.0 0.0 0.0
0.0 0.0 0.0
0.0 0.0 0.0
9.914950370788574 34.21989822387695 -2.498450994491577
0.0 0.0 0.0
10.492669105529785 34.41614532470703 -2.4936881065368652
0.0 0.0 0.0
0.0 0.0 0.0
0.0 0.0 0.0
0.0 0.0 0.0
0.0 0.0 0.0
0.0 0.0 0.0
0.0 0.0 0.0
0.0 0.0 0.0
0.0 0.0 0.0
0.0 0.0 0.0
0.0 0.0 0.0
0.0 0.0 0.0
14.705568313598633 36.11343765258789 -2.4607460498809814
0.0 0.0 0.0
15.503832817077637 36.6078987121582 -2.4665050506591797
0.0 0.0 0.0
16.14334487915039 36.67878341674805 -2.4405698776245117
16.2725887298584 36.28581619262695 -2.3990132808685303
0.0 0.0 0.0
0.0 0.0 0.0
0.0 0.0 0.0
0.0 0.0 0.0
0.0 0.0 0.0
0.0 0.0 0.0
0.0 0.0 0.0
0.0 0.0 0.0
0.0 0.0 0.0
0.0 0.0 0.0
0.0 0.0 0.0
0.0 0.0 0.0
0.0 0.0 0.0
0.0 0.0 0.0
0.0 0.0 0.0
0.0 0.0 0.0
0.0 0.0 0.0
0.0 0.0 0.0
0.0 0.0 0.0
0.0 0.0 0.0
0.0 0.0 0.0
0.0 0.0 0.0
0.0 0.0 0.0
0.0 0.0 0.0
0.0 0.0 0.0
0.0 0.0 0.0
0.0 0.0 0.0
0.0 0.0 0.0
0.0 0.0 0.0
0.0 0.0 0.0
0.0 0.0 0.0
0.0 0.0 0.0
0.0 0.0 0.0
0.0 0.0 0.0
0.0 0.0 0.0
0.0 0.0 0.0
0.0 0.0 0.0
0.0 0.0 0.0
0.0 0.0 0.0
0.0 0.0 0.0
0.0 0.0 0.0
0.0 0.0 0.0
0.0 0.0 0.0
0.0 0.0 0.0
0.0 0.0 0.0
0.0 0.0 0.0
0.0 0.0 0.0
0.0 0.0 0.0
0.0 0.0 0.0
0.0 0.0 0.0
0.0 0.0 0.0
0.0 0.0 0.0
0.0 0.0 0.0
0.0 0.0 0.0
0.0 0.0 0.0
0.0 0.0 0.0
0.0 0.0 0.0
0.0 0.0 0.0
0.0 0.0 0.0
0.0 0.0 0.0
0.0 0.0 0.0
0.0 0.0 0.0
0.0 0.0 0.0
0.0 0.0 0.0
0.0 0.0 0.0
0.0 0.0 0.0
0.0 0.0 0.0
0.0 0.0 0.0
0.0 0.0 0.0
0.0 0.0 0.0
0.0 0.0 0.0
0.0 0.0 0.0
0.0 0.0 0.0
0.0 0.0 0.0
0.0 0.0 0.0
0.0 0.0 0.0
0.0 0.0 0.0
0.0 0.0 0.0
0.0 0.0 0.0
0.0 0.0 0.0
0.0 0.0 0.0
0.0 0.0 0.0
0.0 0.0 0.0
0.0 0.0 0.0
0.0 0.0 0.0
0.0 0.0 0.0
0.0 0.0 0.0
0.0 0.0 0.0
0.0 0.0 0.0
0.0 0.0 0.0
0.0 0.0 0.0
0.0 0.0 0.0
0.0 0.0 0.0
0.0 0.0 0.0
0.0 0.0 0.0
0.0 0.0 0.0
0.0 0.0 0.0
0.0 0.0 0.0
0.0 0.0 0.0
0.0 0.0 0.0
0.0 0.0 0.0
0.0 0.0 0.0
0.0 0.0 0.0
0.0 0.0 0.0
0.0 0.0 0.0
0.0 0.0 0.0
0.0 0.0 0.0
0.0 0.0 0.0
0.0 0.0 0.0
0.0 0.0 0.0
0.0 0.0 0.0
0.0 0.0 0.0
0.0 0.0 0.0
0.0 0.0 0.0
0.0 0.0 0.0
0.0 0.0 0.0
0.0 0.0 0.0
0.0 0.0 0.0
0.0 0.0 0.0
0.0 0.0 0.0
0.0 0.0 0.0
0.0 0.0 0.0
0.0 0.0 0.0
0.0 0.0 0.0
0.0 0.0 0.0
0.0 0.0 0.0
0.0 0.0 0.0
0.0 0.0 0.0
0.0 0.0 0.0
0.0 0.0 0.0
0.0 0.0 0.0
0.0 0.0 0.0
0.0 0.0 0.0
0.0 0.0 0.0
0.0 0.0 0.0
0.0 0.0 0.0
0.0 0.0 0.0
0.0 0.0 0.0
0.0 0.0 0.0
0.0 0.0 0.0
0.0 0.0 0.0
0.0 0.0 0.0
0.0 0.0 0.0
0.0 0.0 0.0
0.0 0.0 0.0
0.0 0.0 0.0
0.0 0.0 0.0
0.0 0.0 0.0
0.0 0.0 0.0
0.0 0.0 0.0
0.0 0.0 0.0
0.0 0.0 0.0
0.0 0.0 0.0
0.0 0.0 0.0
0.0 0.0 0.0
0.0 0.0 0.0
0.0 0.0 0.0
0.0 0.0 0.0
0.0 0.0 0.0
0.0 0.0 0.0
0.0 0.0 0.0
0.0 0.0 0.0
0.0 0.0 0.0
0.0 0.0 0.0
0.0 0.0 0.0
0.0 0.0 0.0
0.0 0.0 0.0
0.0 0.0 0.0
0.0 0.0 0.0
0.0 0.0 0.0
0.0 0.0 0.0
0.0 0.0 0.0
0.0 0.0 0.0
0.0 0.0 0.0
0.0 0.0 0.0
0.0 0.0 0.0
0.0 0.0 0.0
0.0 0.0 0.0
0.0 0.0 0.0
0.0 0.0 0.0
0.0 0.0 0.0
0.0 0.0 0.0
0.0 0.0 0.0
0.0 0.0 0.0
0.0 0.0 0.0
0.0 0.0 0.0
0.0 0.0 0.0
0.0 0.0 0.0
0.0 0.0 0.0
0.0 0.0 0.0
0.0 0.0 0.0
0.0 0.0 0.0
0.0 0.0 0.0
0.0 0.0 0.0
0.0 0.0 0.0
0.0 0.0 0.0
0.0 0.0 0.0
0.0 0.0 0.0
0.0 0.0 0.0
0.0 0.0 0.0
0.0 0.0 0.0
0.0 0.0 0.0
0.0 0.0 0.0
0.0 0.0 0.0
0.0 0.0 0.0
0.0 0.0 0.0
0.0 0.0 0.0
0.0 0.0 0.0
0.0 0.0 0.0
0.0 0.0 0.0
0.0 0.0 0.0
0.0 0.0 0.0
0.0 0.0 0.0
0.0 0.0 0.0
0.0 0.0 0.0
0.0 0.0 0.0
0.0 0.0 0.0
0.0 0.0 0.0
0.0 0.0 0.0
0.0 0.0 0.0
0.0 0.0 0.0
0.0 0.0 0.0
0.0 0.0 0.0
0.0 0.0 0.0
0.0 0.0 0.0
0.0 0.0 0.0
0.0 0.0 0.0
0.0 0.0 0.0
0.0 0.0 0.0
0.0 0.0 0.0
0.0 0.0 0.0
0.0 0.0 0.0
0.0 0.0 0.0
0.0 0.0 0.0
0.0 0.0 0.0
0.0 0.0 0.0
0.0 0.0 0.0
0.0 0.0 0.0
0.0 0.0 0.0
0.0 0.0 0.0
0.0 0.0 0.0
0.0 0.0 0.0
0.0 0.0 0.0
0.0 0.0 0.0
0.0 0.0 0.0
0.0 0.0 0.0
0.0 0.0 0.0
0.0 0.0 0.0
0.0 0.0 0.0
0.0 0.0 0.0
0.0 0.0 0.0
0.0 0.0 0.0
0.0 0.0 0.0
0.0 0.0 0.0
0.0 0.0 0.0
0.0 0.0 0.0
0.0 0.0 0.0
0.0 0.0 0.0
0.0 0.0 0.0
0.0 0.0 0.0
0.0 0.0 0.0
0.0 0.0 0.0
0.0 0.0 0.0
0.0 0.0 0.0
0.0 0.0 0.0
0.0 0.0 0.0
0.0 0.0 0.0
0.0 0.0 0.0
0.0 0.0 0.0
0.0 0.0 0.0
0.0 0.0 0.0
0.0 0.0 0.0
-6.6117024421691895 32.10409927368164 -2.313171863555908
0.0 0.0 0.0
-6.148062705993652 32.131099700927734 -2.3299403190612793
0.0 0.0 0.0
0.0 0.0 0.0
0.0 0.0 0.0
0.0 0.0 0.0
0.0 0.0 0.0
-4.753659725189209 32.07154083251953 -2.361530303955078
-4.54383659362793 32.19976043701172 -2.3760340213775635
-4.29830265045166 32.07176208496094 -2.3717358112335205
0.0 0.0 0.0
0.0 0.0 0.0
0.0 0.0 0.0
0.0 0.0 0.0
0.0 0.0 0.0
-2.926893711090088 31.94542694091797 -2.387702703475952
0.0 0.0 0.0
0.0 0.0 0.0
0.0 0.0 0.0
-2.0473527908325195 32.24676513671875 -2.422060012817383
0.0 0.0 0.0
0.0 0.0 0.0
-1.3734904527664185 32.371421813964844 -2.4386165142059326
0.0 0.0 0.0
-0.9268614649772644 32.51945495605469 -2.4528491497039795
-0.699747622013092 32.482120513916016 -2.4517483711242676
-0.4753567576408386 32.5911979675293 -2.4618213176727295
0.0 0.0 0.0
0.0 0.0 0.0
0.20838384330272675 32.51211166381836 -2.4567620754241943
0.4348074197769165 32.53711700439453 -2.4591476917266846
0.6699763536453247 32.97334289550781 -2.492741346359253
0.8922409415245056 32.70708465576172 -2.4719631671905518
1.119246006011963 32.575496673583984 -2.4611058235168457
1.3549724817276 32.78886413574219 -2.47644305229187
0.0 0.0 0.0
0.0 0.0 0.0
2.0331337451934814 32.66445541381836 -2.464246988296509
2.2723894119262695 32.76216506958008 -2.4694786071777344
0.0 0.0 0.0
2.748788595199585 32.980201721191406 -2.482044219970703
3.003924608230591 33.243717193603516 -2.5001020431518555
0.0 0.0 0.0
0.0 0.0 0.0
3.733978748321533 33.472511291503906 -2.508714437484741
3.949645519256592 33.3029670715332 -2.4931769371032715
0.0 0.0 0.0
4.431487560272217 33.38846969604492 -2.493385076522827
4.697207927703857 33.56899642944336 -2.5023672580718994
0.0 0.0 0.0
5.118495464324951 33.20881271362305 -2.4671013355255127
0.0 0.0 0.0
0.0 0.0 0.0
0.0 0.0 0.0
0.0 0.0 0.0
0.0 0.0 0.0
6.682740211486816 33.87092208862305 -2.4861257076263428
0.0 0.0 0.0
0.0 0.0 0.0
0.0 0.0 0.0
0.0 0.0 0.0
0.0 0.0 0.0
0.0 0.0 0.0
8.513002395629883 34.254703521728516 -2.4673335552215576
8.792201042175293 34.33784866333008 -2.4655277729034424
0.0 0.0 0.0
0.0 0.0 0.0
9.633763313293457 34.60368347167969 -2.4610772132873535
0.0 0.0 0.0
0.0 0.0 0.0
0.0 0.0 0.0
0.0 0.0 0.0
0.0 0.0 0.0
0.0 0.0 0.0
0.0 0.0 0.0
0.0 0.0 0.0
0.0 0.0 0.0
0.0 0.0 0.0
0.0 0.0 0.0
0.0 0.0 0.0
0.0 0.0 0.0
0.0 0.0 0.0
0.0 0.0 0.0
0.0 0.0 0.0
15.03621768951416 36.56503677368164 -2.41102933883667
15.486784934997559 36.91539764404297 -2.421027421951294
15.733059883117676 36.787071228027344 -2.3982415199279785
16.148691177368164 37.046470642089844 -2.4006810188293457
0.0 0.0 0.0
0.0 0.0 0.0
0.0 0.0 0.0
0.0 0.0 0.0
0.0 0.0 0.0
0.0 0.0 0.0
0.0 0.0 0.0
0.0 0.0 0.0
0.0 0.0 0.0
0.0 0.0 0.0
0.0 0.0 0.0
0.0 0.0 0.0
0.0 0.0 0.0
0.0 0.0 0.0
0.0 0.0 0.0
0.0 0.0 0.0
0.0 0.0 0.0
0.0 0.0 0.0
0.0 0.0 0.0
0.0 0.0 0.0
0.0 0.0 0.0
0.0 0.0 0.0
0.0 0.0 0.0
0.0 0.0 0.0
0.0 0.0 0.0
0.0 0.0 0.0
0.0 0.0 0.0
0.0 0.0 0.0
0.0 0.0 0.0
0.0 0.0 0.0
0.0 0.0 0.0
0.0 0.0 0.0
0.0 0.0 0.0
0.0 0.0 0.0
0.0 0.0 0.0
0.0 0.0 0.0
0.0 0.0 0.0
0.0 0.0 0.0
0.0 0.0 0.0
0.0 0.0 0.0
0.0 0.0 0.0
0.0 0.0 0.0
0.0 0.0 0.0
0.0 0.0 0.0
0.0 0.0 0.0
0.0 0.0 0.0
0.0 0.0 0.0
0.0 0.0 0.0
0.0 0.0 0.0
0.0 0.0 0.0
0.0 0.0 0.0
0.0 0.0 0.0
0.0 0.0 0.0
0.0 0.0 0.0
0.0 0.0 0.0
0.0 0.0 0.0
0.0 0.0 0.0
0.0 0.0 0.0
0.0 0.0 0.0
0.0 0.0 0.0
0.0 0.0 0.0
0.0 0.0 0.0
0.0 0.0 0.0
0.0 0.0 0.0
0.0 0.0 0.0
0.0 0.0 0.0
0.0 0.0 0.0
0.0 0.0 0.0
0.0 0.0 0.0
0.0 0.0 0.0
0.0 0.0 0.0
0.0 0.0 0.0
0.0 0.0 0.0
0.0 0.0 0.0
0.0 0.0 0.0
0.0 0.0 0.0
0.0 0.0 0.0
0.0 0.0 0.0
0.0 0.0 0.0
0.0 0.0 0.0
0.0 0.0 0.0
0.0 0.0 0.0
0.0 0.0 0.0
0.0 0.0 0.0
0.0 0.0 0.0
0.0 0.0 0.0
0.0 0.0 0.0
0.0 0.0 0.0
0.0 0.0 0.0
0.0 0.0 0.0
0.0 0.0 0.0
0.0 0.0 0.0
0.0 0.0 0.0
0.0 0.0 0.0
0.0 0.0 0.0
0.0 0.0 0.0
0.0 0.0 0.0
0.0 0.0 0.0
0.0 0.0 0.0
0.0 0.0 0.0
0.0 0.0 0.0
0.0 0.0 0.0
0.0 0.0 0.0
0.0 0.0 0.0
0.0 0.0 0.0
0.0 0.0 0.0
0.0 0.0 0.0
0.0 0.0 0.0
0.0 0.0 0.0
0.0 0.0 0.0
0.0 0.0 0.0
0.0 0.0 0.0
0.0 0.0 0.0
0.0 0.0 0.0
0.0 0.0 0.0
0.0 0.0 0.0
0.0 0.0 0.0
0.0 0.0 0.0
0.0 0.0 0.0
0.0 0.0 0.0
0.0 0.0 0.0
0.0 0.0 0.0
0.0 0.0 0.0
0.0 0.0 0.0
0.0 0.0 0.0
0.0 0.0 0.0
0.0 0.0 0.0
0.0 0.0 0.0
0.0 0.0 0.0
0.0 0.0 0.0
0.0 0.0 0.0
0.0 0.0 0.0
0.0 0.0 0.0
0.0 0.0 0.0
0.0 0.0 0.0
0.0 0.0 0.0
0.0 0.0 0.0
0.0 0.0 0.0
0.0 0.0 0.0
0.0 0.0 0.0
0.0 0.0 0.0
0.0 0.0 0.0
0.0 0.0 0.0
0.0 0.0 0.0
0.0 0.0 0.0
0.0 0.0 0.0
0.0 0.0 0.0
0.0 0.0 0.0
0.0 0.0 0.0
0.0 0.0 0.0
0.0 0.0 0.0
0.0 0.0 0.0
0.0 0.0 0.0
0.0 0.0 0.0
0.0 0.0 0.0
0.0 0.0 0.0
0.0 0.0 0.0
0.0 0.0 0.0
0.0 0.0 0.0
0.0 0.0 0.0
0.0 0.0 0.0
0.0 0.0 0.0
0.0 0.0 0.0
0.0 0.0 0.0
0.0 0.0 0.0
0.0 0.0 0.0
0.0 0.0 0.0
0.0 0.0 0.0
0.0 0.0 0.0
0.0 0.0 0.0
0.0 0.0 0.0
0.0 0.0 0.0
0.0 0.0 0.0
0.0 0.0 0.0
0.0 0.0 0.0
0.0 0.0 0.0
0.0 0.0 0.0
0.0 0.0 0.0
0.0 0.0 0.0
0.0 0.0 0.0
0.0 0.0 0.0
0.0 0.0 0.0
0.0 0.0 0.0
0.0 0.0 0.0
0.0 0.0 0.0
0.0 0.0 0.0
0.0 0.0 0.0
0.0 0.0 0.0
0.0 0.0 0.0
0.0 0.0 0.0
0.0 0.0 0.0
0.0 0.0 0.0
0.0 0.0 0.0
0.0 0.0 0.0
0.0 0.0 0.0
0.0 0.0 0.0
0.0 0.0 0.0
0.0 0.0 0.0
0.0 0.0 0.0
0.0 0.0 0.0
0.0 0.0 0.0
0.0 0.0 0.0
0.0 0.0 0.0
0.0 0.0 0.0
0.0 0.0 0.0
0.0 0.0 0.0
0.0 0.0 0.0
0.0 0.0 0.0
0.0 0.0 0.0
0.0 0.0 0.0
0.0 0.0 0.0
0.0 0.0 0.0
0.0 0.0 0.0
0.0 0.0 0.0
0.0 0.0 0.0
0.0 0.0 0.0
0.0 0.0 0.0
0.0 0.0 0.0
0.0 0.0 0.0
0.0 0.0 0.0
0.0 0.0 0.0
0.0 0.0 0.0
0.0 0.0 0.0
0.0 0.0 0.0
0.0 0.0 0.0
0.0 0.0 0.0
0.0 0.0 0.0
0.0 0.0 0.0
0.0 0.0 0.0
0.0 0.0 0.0
0.0 0.0 0.0
0.0 0.0 0.0
0.0 0.0 0.0
0.0 0.0 0.0
0.0 0.0 0.0
0.0 0.0 0.0
0.0 0.0 0.0
0.0 0.0 0.0
0.0 0.0 0.0
0.0 0.0 0.0
0.0 0.0 0.0
0.0 0.0 0.0
0.0 0.0 0.0
0.0 0.0 0.0
0.0 0.0 0.0
0.0 0.0 0.0
0.0 0.0 0.0
0.0 0.0 0.0
0.0 0.0 0.0
0.0 0.0 0.0
0.0 0.0 0.0
0.0 0.0 0.0
0.0 0.0 0.0
0.0 0.0 0.0
0.0 0.0 0.0
0.0 0.0 0.0
0.0 0.0 0.0
0.0 0.0 0.0
0.0 0.0 0.0
0.0 0.0 0.0
-9.801559448242188 32.794403076171875 -2.1753532886505127
0.0 0.0 0.0
0.0 0.0 0.0
0.0 0.0 0.0
0.0 0.0 0.0
0.0 0.0 0.0
0.0 0.0 0.0
0.0 0.0 0.0
0.0 0.0 0.0
0.0 0.0 0.0
0.0 0.0 0.0
0.0 0.0 0.0
0.0 0.0 0.0
0.0 0.0 0.0
0.0 0.0 0.0
0.0 0.0 0.0
-5.945624351501465 32.926551818847656 -2.315277338027954
-5.727670669555664 33.05546951293945 -2.330897569656372
0.0 0.0 0.0
0.0 0.0 0.0
0.0 0.0 0.0
0.0 0.0 0.0
0.0 0.0 0.0
0.0 0.0 0.0
0.0 0.0 0.0
-3.7836194038391113 32.533573150634766 -2.3344507217407227
0.0 0.0 0.0
-3.336859941482544 32.64818572998047 -2.350675344467163
0.0 0.0 0.0
0.0 0.0 0.0
0.0 0.0 0.0
0.0 0.0 0.0
0.0 0.0 0.0
-1.9676458835601807 32.823604583740234 -2.3827855587005615
0.0 0.0 0.0
0.0 0.0 0.0
0.0 0.0 0.0
0.0 0.0 0.0
0.0 0.0 0.0
0.0 0.0 0.0
0.0 0.0 0.0
0.0 0.0 0.0
0.09508154541254044 33.02531814575195 -2.410162925720215
0.0 0.0 0.0
0.0 0.0 0.0
0.0 0.0 0.0
1.021175742149353 33.11498260498047 -2.4167234897613525
1.247101902961731 32.9942512512207 -2.4074933528900146
1.4880735874176025 33.23782730102539 -2.424960136413574
1.712984323501587 33.03205871582031 -2.4091217517852783
0.0 0.0 0.0
2.199549674987793 33.41749954223633 -2.4337475299835205
2.41656231880188 33.191768646240234 -2.4157514572143555
2.6472785472869873 33.17436218261719 -2.413043975830078
2.8986406326293945 33.34911346435547 -2.4240379333496094
0.0 0.0 0.0
0.0 0.0 0.0
0.0 0.0 0.0
3.8502628803253174 33.47355270385742 -2.4227070808410645
0.0 0.0 0.0
0.0 0.0 0.0
4.5786261558532715 33.58348083496094 -2.4203994274139404
0.0 0.0 0.0
0.0 0.0 0.0
0.0 0.0 0.0
0.0 0.0 0.0
5.828991889953613 33.87799835205078 -2.4208030700683594
6.145157814025879 34.2859001159668 -2.445110321044922
0.0 0.0 0.0
6.641993045806885 34.30141067504883 -2.4368510246276855
0.0 0.0 0.0
0.0 0.0 0.0
0.0 0.0 0.0
0.0 0.0 0.0
7.928449630737305 34.458438873291016 -2.4184842109680176
0.0 0.0 0.0
0.0 0.0 0.0
0.0 0.0 0.0
0.0 0.0 0.0
9.344648361206055 34.98165512084961 -2.4201831817626953
0.0 0.0 0.0
0.0 0.0 0.0
10.233637809753418 35.319454193115234 -2.4179630279541016
0.0 0.0 0.0
0.0 0.0 0.0
0.0 0.0 0.0
0.0 0.0 0.0
0.0 0.0 0.0
0.0 0.0 0.0
0.0 0.0 0.0
0.0 0.0 0.0
0.0 0.0 0.0
0.0 0.0 0.0
0.0 0.0 0.0
0.0 0.0 0.0
0.0 0.0 0.0
0.0 0.0 0.0
0.0 0.0 0.0
0.0 0.0 0.0
0.0 0.0 0.0
0.0 0.0 0.0
0.0 0.0 0.0
0.0 0.0 0.0
0.0 0.0 0.0
0.0 0.0 0.0
0.0 0.0 0.0
0.0 0.0 0.0
0.0 0.0 0.0
0.0 0.0 0.0
0.0 0.0 0.0
0.0 0.0 0.0
0.0 0.0 0.0
0.0 0.0 0.0
0.0 0.0 0.0
0.0 0.0 0.0
0.0 0.0 0.0
0.0 0.0 0.0
0.0 0.0 0.0
0.0 0.0 0.0
0.0 0.0 0.0
0.0 0.0 0.0
0.0 0.0 0.0
0.0 0.0 0.0
0.0 0.0 0.0
0.0 0.0 0.0
0.0 0.0 0.0
0.0 0.0 0.0
0.0 0.0 0.0
0.0 0.0 0.0
0.0 0.0 0.0
0.0 0.0 0.0
0.0 0.0 0.0
0.0 0.0 0.0
0.0 0.0 0.0
0.0 0.0 0.0
0.0 0.0 0.0
0.0 0.0 0.0
0.0 0.0 0.0
0.0 0.0 0.0
0.0 0.0 0.0
0.0 0.0 0.0
0.0 0.0 0.0
0.0 0.0 0.0
0.0 0.0 0.0
0.0 0.0 0.0
0.0 0.0 0.0
0.0 0.0 0.0
0.0 0.0 0.0
0.0 0.0 0.0
0.0 0.0 0.0
0.0 0.0 0.0
0.0 0.0 0.0
0.0 0.0 0.0
0.0 0.0 0.0
0.0 0.0 0.0
0.0 0.0 0.0
0.0 0.0 0.0
0.0 0.0 0.0
0.0 0.0 0.0
0.0 0.0 0.0
0.0 0.0 0.0
0.0 0.0 0.0
0.0 0.0 0.0
0.0 0.0 0.0
0.0 0.0 0.0
0.0 0.0 0.0
0.0 0.0 0.0
0.0 0.0 0.0
0.0 0.0 0.0
0.0 0.0 0.0
0.0 0.0 0.0
0.0 0.0 0.0
0.0 0.0 0.0
0.0 0.0 0.0
0.0 0.0 0.0
0.0 0.0 0.0
0.0 0.0 0.0
0.0 0.0 0.0
0.0 0.0 0.0
0.0 0.0 0.0
0.0 0.0 0.0
0.0 0.0 0.0
0.0 0.0 0.0
0.0 0.0 0.0
0.0 0.0 0.0
0.0 0.0 0.0
0.0 0.0 0.0
0.0 0.0 0.0
0.0 0.0 0.0
0.0 0.0 0.0
0.0 0.0 0.0
0.0 0.0 0.0
0.0 0.0 0.0
0.0 0.0 0.0
0.0 0.0 0.0
0.0 0.0 0.0
0.0 0.0 0.0
0.0 0.0 0.0
0.0 0.0 0.0
0.0 0.0 0.0
0.0 0.0 0.0
0.0 0.0 0.0
0.0 0.0 0.0
0.0 0.0 0.0
0.0 0.0 0.0
0.0 0.0 0.0
0.0 0.0 0.0
0.0 0.0 0.0
0.0 0.0 0.0
0.0 0.0 0.0
0.0 0.0 0.0
0.0 0.0 0.0
0.0 0.0 0.0
0.0 0.0 0.0
0.0 0.0 0.0
0.0 0.0 0.0
0.0 0.0 0.0
0.0 0.0 0.0
0.0 0.0 0.0
0.0 0.0 0.0
0.0 0.0 0.0
0.0 0.0 0.0
0.0 0.0 0.0
0.0 0.0 0.0
0.0 0.0 0.0
0.0 0.0 0.0
0.0 0.0 0.0
0.0 0.0 0.0
0.0 0.0 0.0
0.0 0.0 0.0
0.0 0.0 0.0
0.0 0.0 0.0
0.0 0.0 0.0
0.0 0.0 0.0
0.0 0.0 0.0
0.0 0.0 0.0
0.0 0.0 0.0
0.0 0.0 0.0
0.0 0.0 0.0
0.0 0.0 0.0
0.0 0.0 0.0
0.0 0.0 0.0
0.0 0.0 0.0
0.0 0.0 0.0
0.0 0.0 0.0
0.0 0.0 0.0
0.0 0.0 0.0
0.0 0.0 0.0
0.0 0.0 0.0
0.0 0.0 0.0
0.0 0.0 0.0
0.0 0.0 0.0
0.0 0.0 0.0
0.0 0.0 0.0
0.0 0.0 0.0
0.0 0.0 0.0
0.0 0.0 0.0
0.0 0.0 0.0
0.0 0.0 0.0
0.0 0.0 0.0
0.0 0.0 0.0
0.0 0.0 0.0
0.0 0.0 0.0
0.0 0.0 0.0
0.0 0.0 0.0
0.0 0.0 0.0
0.0 0.0 0.0
0.0 0.0 0.0
0.0 0.0 0.0
0.0 0.0 0.0
0.0 0.0 0.0
0.0 0.0 0.0
0.0 0.0 0.0
0.0 0.0 0.0
0.0 0.0 0.0
0.0 0.0 0.0
0.0 0.0 0.0
0.0 0.0 0.0
0.0 0.0 0.0
0.0 0.0 0.0
0.0 0.0 0.0
0.0 0.0 0.0
0.0 0.0 0.0
0.0 0.0 0.0
0.0 0.0 0.0
0.0 0.0 0.0
0.0 0.0 0.0
0.0 0.0 0.0
0.0 0.0 0.0
0.0 0.0 0.0
0.0 0.0 0.0
0.0 0.0 0.0
0.0 0.0 0.0
0.0 0.0 0.0
0.0 0.0 0.0
0.0 0.0 0.0
0.0 0.0 0.0
0.0 0.0 0.0
0.0 0.0 0.0
0.0 0.0 0.0
0.0 0.0 0.0
0.0 0.0 0.0
0.0 0.0 0.0
0.0 0.0 0.0
0.0 0.0 0.0
0.0 0.0 0.0
0.0 0.0 0.0
0.0 0.0 0.0
0.0 0.0 0.0
0.0 0.0 0.0
0.0 0.0 0.0
0.0 0.0 0.0
0.0 0.0 0.0
0.0 0.0 0.0
0.0 0.0 0.0
0.0 0.0 0.0
0.0 0.0 0.0
0.0 0.0 0.0
0.0 0.0 0.0
0.0 0.0 0.0
0.0 0.0 0.0
0.0 0.0 0.0
0.0 0.0 0.0
0.0 0.0 0.0
0.0 0.0 0.0
0.0 0.0 0.0
0.0 0.0 0.0
0.0 0.0 0.0
0.0 0.0 0.0
0.0 0.0 0.0
0.0 0.0 0.0
0.0 0.0 0.0
0.0 0.0 0.0
0.0 0.0 0.0
0.0 0.0 0.0
0.0 0.0 0.0
0.0 0.0 0.0
0.0 0.0 0.0
0.0 0.0 0.0
0.0 0.0 0.0
0.0 0.0 0.0
0.0 0.0 0.0
0.0 0.0 0.0
0.0 0.0 0.0
0.0 0.0 0.0
0.0 0.0 0.0
0.0 0.0 0.0
0.0 0.0 0.0
0.0 0.0 0.0
0.0 0.0 0.0
0.0 0.0 0.0
0.0 0.0 0.0
0.0 0.0 0.0
0.0 0.0 0.0
0.0 0.0 0.0
0.0 0.0 0.0
0.0 0.0 0.0
0.0 0.0 0.0
0.0 0.0 0.0
0.0 0.0 0.0
0.0 0.0 0.0
0.0 0.0 0.0
0.0 0.0 0.0
0.0 0.0 0.0
0.0 0.0 0.0
0.0 0.0 0.0
0.0 0.0 0.0
0.0 0.0 0.0
0.0 0.0 0.0
0.0 0.0 0.0
0.0 0.0 0.0
0.0 0.0 0.0
0.0 0.0 0.0
-7.294651508331299 33.08654022216797 -2.2098617553710938
0.0 0.0 0.0
0.0 0.0 0.0
0.0 0.0 0.0
-6.305253982543945 32.957275390625 -2.22822642326355
0.0 0.0 0.0
0.0 0.0 0.0
0.0 0.0 0.0
0.0 0.0 0.0
0.0 0.0 0.0
0.0 0.0 0.0
-4.705817222595215 33.349273681640625 -2.295907974243164
-4.410680294036865 32.913429260253906 -2.2701690196990967
0.0 0.0 0.0
0.0 0.0 0.0
0.0 0.0 0.0
-3.456899404525757 32.72385787963867 -2.273324966430664
0.0 0.0 0.0
0.0 0.0 0.0
0.0 0.0 0.0
0.0 0.0 0.0
-2.3374710083007812 33.1611213684082 -2.3194472789764404
0.0 0.0 0.0
0.0 0.0 0.0
0.0 0.0 0.0
-1.4039946794509888 33.09199142456055 -2.3230326175689697
0.0 0.0 0.0
0.0 0.0 0.0
0.0 0.0 0.0
-0.4835215210914612 33.199562072753906 -2.3360183238983154
0.0 0.0 0.0
-0.017676763236522675 33.436710357666016 -2.3547799587249756
0.0 0.0 0.0
0.4471540153026581 33.41811752319336 -2.353982448577881
0.0 0.0 0.0
0.0 0.0 0.0
1.1484185457229614 33.40147018432617 -2.3525524139404297
1.3935197591781616 33.704185485839844 -2.3739004135131836
1.616909384727478 33.46419906616211 -2.355484962463379
1.8567326068878174 33.5845947265625 -2.3625574111938477
2.091829538345337 33.59435272216797 -2.361952781677246
0.0 0.0 0.0
0.0 0.0 0.0
0.0 0.0 0.0
0.0 0.0 0.0
0.0 0.0 0.0
0.0 0.0 0.0
0.0 0.0 0.0
0.0 0.0 0.0
4.272220611572266 33.99440002441406 -2.3710508346557617
0.0 0.0 0.0
0.0 0.0 0.0
0.0 0.0 0.0
0.0 0.0 0.0
0.0 0.0 0.0
0.0 0.0 0.0
0.0 0.0 0.0
0.0 0.0 0.0
0.0 0.0 0.0
0.0 0.0 0.0
0.0 0.0 0.0
0.0 0.0 0.0
0.0 0.0 0.0
7.830087661743164 34.574100494384766 -2.34808611869812
0.0 0.0 0.0
8.428214073181152 34.947994232177734 -2.3605878353118896
8.824992179870605 35.50566482543945 -2.3918466567993164
0.0 0.0 0.0
0.0 0.0 0.0
0.0 0.0 0.0
0.0 0.0 0.0
0.0 0.0 0.0
0.0 0.0 0.0
0.0 0.0 0.0
0.0 0.0 0.0
0.0 0.0 0.0
0.0 0.0 0.0
0.0 0.0 0.0
0.0 0.0 0.0
0.0 0.0 0.0
0.0 0.0 0.0
0.0 0.0 0.0
0.0 0.0 0.0
0.0 0.0 0.0
0.0 0.0 0.0
0.0 0.0 0.0
0.0 0.0 0.0
0.0 0.0 0.0
0.0 0.0 0.0
0.0 0.0 0.0
0.0 0.0 0.0
0.0 0.0 0.0
0.0 0.0 0.0
0.0 0.0 0.0
0.0 0.0 0.0
0.0 0.0 0.0
0.0 0.0 0.0
0.0 0.0 0.0
0.0 0.0 0.0
0.0 0.0 0.0
0.0 0.0 0.0
0.0 0.0 0.0
0.0 0.0 0.0
0.0 0.0 0.0
0.0 0.0 0.0
0.0 0.0 0.0
0.0 0.0 0.0
0.0 0.0 0.0
0.0 0.0 0.0
0.0 0.0 0.0
0.0 0.0 0.0
0.0 0.0 0.0
0.0 0.0 0.0
0.0 0.0 0.0
0.0 0.0 0.0
0.0 0.0 0.0
0.0 0.0 0.0
0.0 0.0 0.0
0.0 0.0 0.0
0.0 0.0 0.0
0.0 0.0 0.0
0.0 0.0 0.0
0.0 0.0 0.0
0.0 0.0 0.0
0.0 0.0 0.0
0.0 0.0 0.0
0.0 0.0 0.0
0.0 0.0 0.0
0.0 0.0 0.0
0.0 0.0 0.0
0.0 0.0 0.0
0.0 0.0 0.0
0.0 0.0 0.0
0.0 0.0 0.0
0.0 0.0 0.0
0.0 0.0 0.0
0.0 0.0 0.0
0.0 0.0 0.0
0.0 0.0 0.0
0.0 0.0 0.0
0.0 0.0 0.0
0.0 0.0 0.0
0.0 0.0 0.0
0.0 0.0 0.0
0.0 0.0 0.0
0.0 0.0 0.0
0.0 0.0 0.0
0.0 0.0 0.0
0.0 0.0 0.0
0.0 0.0 0.0
0.0 0.0 0.0
0.0 0.0 0.0
0.0 0.0 0.0
0.0 0.0 0.0
0.0 0.0 0.0
0.0 0.0 0.0
0.0 0.0 0.0
0.0 0.0 0.0
0.0 0.0 0.0
0.0 0.0 0.0
0.0 0.0 0.0
0.0 0.0 0.0
0.0 0.0 0.0
0.0 0.0 0.0
0.0 0.0 0.0
0.0 0.0 0.0
0.0 0.0 0.0
0.0 0.0 0.0
0.0 0.0 0.0
0.0 0.0 0.0
0.0 0.0 0.0
0.0 0.0 0.0
0.0 0.0 0.0
0.0 0.0 0.0
0.0 0.0 0.0
0.0 0.0 0.0
0.0 0.0 0.0
0.0 0.0 0.0
0.0 0.0 0.0
0.0 0.0 0.0
0.0 0.0 0.0
0.0 0.0 0.0
0.0 0.0 0.0
0.0 0.0 0.0
0.0 0.0 0.0
0.0 0.0 0.0
0.0 0.0 0.0
0.0 0.0 0.0
0.0 0.0 0.0
0.0 0.0 0.0
0.0 0.0 0.0
0.0 0.0 0.0
0.0 0.0 0.0
0.0 0.0 0.0
0.0 0.0 0.0
0.0 0.0 0.0
0.0 0.0 0.0
0.0 0.0 0.0
0.0 0.0 0.0
0.0 0.0 0.0
0.0 0.0 0.0
0.0 0.0 0.0
0.0 0.0 0.0
0.0 0.0 0.0
0.0 0.0 0.0
0.0 0.0 0.0
0.0 0.0 0.0
0.0 0.0 0.0
0.0 0.0 0.0
0.0 0.0 0.0
0.0 0.0 0.0
0.0 0.0 0.0
0.0 0.0 0.0
0.0 0.0 0.0
0.0 0.0 0.0
0.0 0.0 0.0
0.0 0.0 0.0
0.0 0.0 0.0
0.0 0.0 0.0
0.0 0.0 0.0
0.0 0.0 0.0
0.0 0.0 0.0
0.0 0.0 0.0
0.0 0.0 0.0
0.0 0.0 0.0
0.0 0.0 0.0
0.0 0.0 0.0
0.0 0.0 0.0
0.0 0.0 0.0
0.0 0.0 0.0
0.0 0.0 0.0
0.0 0.0 0.0
0.0 0.0 0.0
0.0 0.0 0.0
0.0 0.0 0.0
0.0 0.0 0.0
0.0 0.0 0.0
0.0 0.0 0.0
0.0 0.0 0.0
0.0 0.0 0.0
0.0 0.0 0.0
0.0 0.0 0.0
0.0 0.0 0.0
0.0 0.0 0.0
0.0 0.0 0.0
0.0 0.0 0.0
0.0 0.0 0.0
0.0 0.0 0.0
0.0 0.0 0.0
0.0 0.0 0.0
0.0 0.0 0.0
0.0 0.0 0.0
0.0 0.0 0.0
0.0 0.0 0.0
0.0 0.0 0.0
0.0 0.0 0.0
0.0 0.0 0.0
0.0 0.0 0.0
0.0 0.0 0.0
0.0 0.0 0.0
0.0 0.0 0.0
0.0 0.0 0.0
0.0 0.0 0.0
0.0 0.0 0.0
0.0 0.0 0.0
0.0 0.0 0.0
0.0 0.0 0.0
0.0 0.0 0.0
0.0 0.0 0.0
0.0 0.0 0.0
0.0 0.0 0.0
0.0 0.0 0.0
0.0 0.0 0.0
0.0 0.0 0.0
0.0 0.0 0.0
0.0 0.0 0.0
0.0 0.0 0.0
0.0 0.0 0.0
0.0 0.0 0.0
0.0 0.0 0.0
0.0 0.0 0.0
0.0 0.0 0.0
0.0 0.0 0.0
0.0 0.0 0.0
0.0 0.0 0.0
0.0 0.0 0.0
0.0 0.0 0.0
0.0 0.0 0.0
0.0 0.0 0.0
0.0 0.0 0.0
0.0 0.0 0.0
0.0 0.0 0.0
0.0 0.0 0.0
0.0 0.0 0.0
0.0 0.0 0.0
0.0 0.0 0.0
0.0 0.0 0.0
0.0 0.0 0.0
0.0 0.0 0.0
0.0 0.0 0.0
0.0 0.0 0.0
0.0 0.0 0.0
0.0 0.0 0.0
0.0 0.0 0.0
0.0 0.0 0.0
0.0 0.0 0.0
0.0 0.0 0.0
0.0 0.0 0.0
0.0 0.0 0.0
0.0 0.0 0.0
0.0 0.0 0.0
0.0 0.0 0.0
0.0 0.0 0.0
0.0 0.0 0.0
0.0 0.0 0.0
0.0 0.0 0.0
0.0 0.0 0.0
-20.7913818359375 35.64600372314453 -1.6838152408599854
0.0 0.0 0.0
0.0 0.0 0.0
0.0 0.0 0.0
0.0 0.0 0.0
0.0 0.0 0.0
0.0 0.0 0.0
0.0 0.0 0.0
0.0 0.0 0.0
0.0 0.0 0.0
0.0 0.0 0.0
0.0 0.0 0.0
-16.549055099487305 34.776466369628906 -1.8684769868850708
0.0 0.0 0.0
0.0 0.0 0.0
0.0 0.0 0.0
0.0 0.0 0.0
0.0 0.0 0.0
0.0 0.0 0.0
0.0 0.0 0.0
0.0 0.0 0.0
0.0 0.0 0.0
0.0 0.0 0.0
0.0 0.0 0.0
0.0 0.0 0.0
0.0 0.0 0.0
0.0 0.0 0.0
0.0 0.0 0.0
0.0 0.0 0.0
0.0 0.0 0.0
0.0 0.0 0.0
0.0 0.0 0.0
0.0 0.0 0.0
0.0 0.0 0.0
0.0 0.0 0.0
0.0 0.0 0.0
0.0 0.0 0.0
0.0 0.0 0.0
0.0 0.0 0.0
0.0 0.0 0.0
0.0 0.0 0.0
0.0 0.0 0.0
0.0 0.0 0.0
0.0 0.0 0.0
0.0 0.0 0.0
-7.196536540985107 33.180992126464844 -2.135462999343872
0.0 0.0 0.0
0.0 0.0 0.0
-6.620842456817627 33.95441436767578 -2.2043933868408203
0.0 0.0 0.0
-6.03241491317749 33.4093017578125 -2.1810505390167236
0.0 0.0 0.0
0.0 0.0 0.0
0.0 0.0 0.0
-5.043648719787598 33.21597671508789 -2.189197301864624
0.0 0.0 0.0
0.0 0.0 0.0
-4.348845958709717 33.344242095947266 -2.210498809814453
0.0 0.0 0.0
0.0 0.0 0.0
0.0 0.0 0.0
0.0 0.0 0.0
-3.2256009578704834 33.93180465698242 -2.268104314804077
0.0 0.0 0.0
0.0 0.0 0.0
0.0 0.0 0.0
0.0 0.0 0.0
0.0 0.0 0.0
-1.7828104496002197 33.669700622558594 -2.2665481567382812
0.0 0.0 0.0
0.0 0.0 0.0
0.0 0.0 0.0
0.0 0.0 0.0
-0.6079681515693665 33.80814743041992 -2.283463716506958
0.0 0.0 0.0
0.0 0.0 0.0
0.0 0.0 0.0
0.0 0.0 0.0
0.0 0.0 0.0
0.8120972514152527 33.990821838378906 -2.298535108566284
0.0 0.0 0.0
0.0 0.0 0.0
0.0 0.0 0.0
0.0 0.0 0.0
2.022665500640869 34.370216369628906 -2.320788860321045
0.0 0.0 0.0
0.0 0.0 0.0
0.0 0.0 0.0
0.0 0.0 0.0
0.0 0.0 0.0
3.4819118976593018 34.47764587402344 -2.3181450366973877
0.0 0.0 0.0
0.0 0.0 0.0
4.243539810180664 34.71907043457031 -2.325881242752075
0.0 0.0 0.0
0.0 0.0 0.0
4.995710849761963 34.82462692260742 -2.3240625858306885
5.230649948120117 34.74325180053711 -2.3144853115081787
0.0 0.0 0.0
0.0 0.0 0.0
5.989185333251953 34.80381393432617 -2.3066015243530273
6.296884536743164 35.130149841308594 -2.3241496086120605
0.0 0.0 0.0
0.0 0.0 0.0
0.0 0.0 0.0
0.0 0.0 0.0
0.0 0.0 0.0
0.0 0.0 0.0
8.166338920593262 35.491485595703125 -2.3119444847106934
0.0 0.0 0.0
0.0 0.0 0.0
0.0 0.0 0.0
0.0 0.0 0.0
9.560054779052734 35.78709411621094 -2.298903465270996
0.0 0.0 0.0
0.0 0.0 0.0
0.0 0.0 0.0
0.0 0.0 0.0
0.0 0.0 0.0
0.0 0.0 0.0
0.0 0.0 0.0
0.0 0.0 0.0
0.0 0.0 0.0
0.0 0.0 0.0
0.0 0.0 0.0
0.0 0.0 0.0
0.0 0.0 0.0
0.0 0.0 0.0
0.0 0.0 0.0
0.0 0.0 0.0
0.0 0.0 0.0
0.0 0.0 0.0
0.0 0.0 0.0
0.0 0.0 0.0
0.0 0.0 0.0
0.0 0.0 0.0
0.0 0.0 0.0
0.0 0.0 0.0
0.0 0.0 0.0
0.0 0.0 0.0
0.0 0.0 0.0
0.0 0.0 0.0
0.0 0.0 0.0
0.0 0.0 0.0
0.0 0.0 0.0
0.0 0.0 0.0
0.0 0.0 0.0
0.0 0.0 0.0
0.0 0.0 0.0
0.0 0.0 0.0
0.0 0.0 0.0
0.0 0.0 0.0
0.0 0.0 0.0
0.0 0.0 0.0
0.0 0.0 0.0
0.0 0.0 0.0
0.0 0.0 0.0
0.0 0.0 0.0
0.0 0.0 0.0
0.0 0.0 0.0
0.0 0.0 0.0
0.0 0.0 0.0
0.0 0.0 0.0
0.0 0.0 0.0
0.0 0.0 0.0
0.0 0.0 0.0
0.0 0.0 0.0
0.0 0.0 0.0
0.0 0.0 0.0
0.0 0.0 0.0
0.0 0.0 0.0
0.0 0.0 0.0
0.0 0.0 0.0
0.0 0.0 0.0
0.0 0.0 0.0
0.0 0.0 0.0
0.0 0.0 0.0
0.0 0.0 0.0
0.0 0.0 0.0
0.0 0.0 0.0
0.0 0.0 0.0
0.0 0.0 0.0
0.0 0.0 0.0
0.0 0.0 0.0
0.0 0.0 0.0
0.0 0.0 0.0
0.0 0.0 0.0
0.0 0.0 0.0
0.0 0.0 0.0
0.0 0.0 0.0
0.0 0.0 0.0
0.0 0.0 0.0
0.0 0.0 0.0
0.0 0.0 0.0
0.0 0.0 0.0
0.0 0.0 0.0
0.0 0.0 0.0
0.0 0.0 0.0
0.0 0.0 0.0
0.0 0.0 0.0
0.0 0.0 0.0
0.0 0.0 0.0
0.0 0.0 0.0
0.0 0.0 0.0
0.0 0.0 0.0
0.0 0.0 0.0
0.0 0.0 0.0
0.0 0.0 0.0
0.0 0.0 0.0
0.0 0.0 0.0
0.0 0.0 0.0
0.0 0.0 0.0
0.0 0.0 0.0
0.0 0.0 0.0
0.0 0.0 0.0
0.0 0.0 0.0
0.0 0.0 0.0
0.0 0.0 0.0
0.0 0.0 0.0
0.0 0.0 0.0
0.0 0.0 0.0
0.0 0.0 0.0
0.0 0.0 0.0
0.0 0.0 0.0
0.0 0.0 0.0
0.0 0.0 0.0
0.0 0.0 0.0
0.0 0.0 0.0
0.0 0.0 0.0
0.0 0.0 0.0
0.0 0.0 0.0
0.0 0.0 0.0
0.0 0.0 0.0
0.0 0.0 0.0
0.0 0.0 0.0
0.0 0.0 0.0
0.0 0.0 0.0
0.0 0.0 0.0
0.0 0.0 0.0
0.0 0.0 0.0
0.0 0.0 0.0
0.0 0.0 0.0
0.0 0.0 0.0
0.0 0.0 0.0
0.0 0.0 0.0
0.0 0.0 0.0
0.0 0.0 0.0
0.0 0.0 0.0
0.0 0.0 0.0
0.0 0.0 0.0
0.0 0.0 0.0
0.0 0.0 0.0
0.0 0.0 0.0
0.0 0.0 0.0
0.0 0.0 0.0
0.0 0.0 0.0
0.0 0.0 0.0
0.0 0.0 0.0
0.0 0.0 0.0
0.0 0.0 0.0
0.0 0.0 0.0
0.0 0.0 0.0
0.0 0.0 0.0
0.0 0.0 0.0
0.0 0.0 0.0
0.0 0.0 0.0
0.0 0.0 0.0
0.0 0.0 0.0
0.0 0.0 0.0
0.0 0.0 0.0
0.0 0.0 0.0
0.0 0.0 0.0
0.0 0.0 0.0
0.0 0.0 0.0
0.0 0.0 0.0
0.0 0.0 0.0
0.0 0.0 0.0
0.0 0.0 0.0
0.0 0.0 0.0
0.0 0.0 0.0
0.0 0.0 0.0
0.0 0.0 0.0
0.0 0.0 0.0
0.0 0.0 0.0
0.0 0.0 0.0
0.0 0.0 0.0
0.0 0.0 0.0
0.0 0.0 0.0
0.0 0.0 0.0
0.0 0.0 0.0
0.0 0.0 0.0
0.0 0.0 0.0
0.0 0.0 0.0
0.0 0.0 0.0
0.0 0.0 0.0
0.0 0.0 0.0
0.0 0.0 0.0
0.0 0.0 0.0
0.0 0.0 0.0
0.0 0.0 0.0
0.0 0.0 0.0
0.0 0.0 0.0
0.0 0.0 0.0
0.0 0.0 0.0
0.0 0.0 0.0
0.0 0.0 0.0
0.0 0.0 0.0
0.0 0.0 0.0
0.0 0.0 0.0
0.0 0.0 0.0
0.0 0.0 0.0
0.0 0.0 0.0
0.0 0.0 0.0
0.0 0.0 0.0
0.0 0.0 0.0
0.0 0.0 0.0
0.0 0.0 0.0
0.0 0.0 0.0
0.0 0.0 0.0
0.0 0.0 0.0
0.0 0.0 0.0
0.0 0.0 0.0
0.0 0.0 0.0
0.0 0.0 0.0
0.0 0.0 0.0
0.0 0.0 0.0
0.0 0.0 0.0
0.0 0.0 0.0
0.0 0.0 0.0
0.0 0.0 0.0
0.0 0.0 0.0
0.0 0.0 0.0
0.0 0.0 0.0
0.0 0.0 0.0
0.0 0.0 0.0
0.0 0.0 0.0
0.0 0.0 0.0
0.0 0.0 0.0
0.0 0.0 0.0
0.0 0.0 0.0
0.0 0.0 0.0
0.0 0.0 0.0
0.0 0.0 0.0
0.0 0.0 0.0
0.0 0.0 0.0
0.0 0.0 0.0
0.0 0.0 0.0
0.0 0.0 0.0
0.0 0.0 0.0
0.0 0.0 0.0
0.0 0.0 0.0
0.0 0.0 0.0
0.0 0.0 0.0
0.0 0.0 0.0
0.0 0.0 0.0
0.0 0.0 0.0
0.0 0.0 0.0
0.0 0.0 0.0
0.0 0.0 0.0
0.0 0.0 0.0
0.0 0.0 0.0
0.0 0.0 0.0
0.0 0.0 0.0
0.0 0.0 0.0
0.0 0.0 0.0
0.0 0.0 0.0
0.0 0.0 0.0
0.0 0.0 0.0
0.0 0.0 0.0
0.0 0.0 0.0
0.0 0.0 0.0
0.0 0.0 0.0
0.0 0.0 0.0
0.0 0.0 0.0
0.0 0.0 0.0
0.0 0.0 0.0
0.0 0.0 0.0
0.0 0.0 0.0
0.0 0.0 0.0
0.0 0.0 0.0
0.0 0.0 0.0
0.0 0.0 0.0
0.0 0.0 0.0
0.0 0.0 0.0
0.0 0.0 0.0
0.0 0.0 0.0
0.0 0.0 0.0
0.0 0.0 0.0
0.0 0.0 0.0
0.0 0.0 0.0
0.0 0.0 0.0
0.0 0.0 0.0
0.0 0.0 0.0
0.0 0.0 0.0
0.0 0.0 0.0
0.0 0.0 0.0
0.0 0.0 0.0
0.0 0.0 0.0
0.0 0.0 0.0
0.0 0.0 0.0
0.0 0.0 0.0
0.0 0.0 0.0
0.0 0.0 0.0
0.0 0.0 0.0
0.0 0.0 0.0
0.0 0.0 0.0
0.0 0.0 0.0
0.0 0.0 0.0
0.0 0.0 0.0
0.0 0.0 0.0
0.0 0.0 0.0
0.0 0.0 0.0
0.0 0.0 0.0
-6.050159931182861 34.19567108154297 -2.145296812057495
-5.730506420135498 33.75596237182617 -2.123154640197754
0.0 0.0 0.0
0.0 0.0 0.0
0.0 0.0 0.0
0.0 0.0 0.0
-4.526648998260498 33.77885437011719 -2.1480796337127686
0.0 0.0 0.0
0.0 0.0 0.0
-3.8072493076324463 33.787906646728516 -2.1606922149658203
0.0 0.0 0.0
0.0 0.0 0.0
0.0 0.0 0.0
0.0 0.0 0.0
0.0 0.0 0.0
0.0 0.0 0.0
0.0 0.0 0.0
0.0 0.0 0.0
0.0 0.0 0.0
0.0 0.0 0.0
0.0 0.0 0.0
0.0 0.0 0.0
0.0 0.0 0.0
0.0 0.0 0.0
0.0 0.0 0.0
0.0 0.0 0.0
0.0 0.0 0.0
0.0 0.0 0.0
0.0 0.0 0.0
0.9445826411247253 34.57835388183594 -2.245586633682251
1.1761022806167603 34.19690704345703 -2.2199385166168213
1.4322736263275146 34.628082275390625 -2.247164487838745
0.0 0.0 0.0
0.0 0.0 0.0
0.0 0.0 0.0
0.0 0.0 0.0
0.0 0.0 0.0
0.0 0.0 0.0
3.1779468059539795 35.15857696533203 -2.272792100906372
3.406301736831665 34.972896575927734 -2.259188652038574
0.0 0.0 0.0
3.9117653369903564 35.05780792236328 -2.2593884468078613
4.128166675567627 34.797733306884766 -2.2401821613311768
0.0 0.0 0.0
0.0 0.0 0.0
0.0 0.0 0.0
0.0 0.0 0.0
0.0 0.0 0.0
5.687526702880859 35.26246643066406 -2.2511205673217773
0.0 0.0 0.0
0.0 0.0 0.0
0.0 0.0 0.0
0.0 0.0 0.0
0.0 0.0 0.0
0.0 0.0 0.0
0.0 0.0 0.0
0.0 0.0 0.0
0.0 0.0 0.0
0.0 0.0 0.0
0.0 0.0 0.0
0.0 0.0 0.0
0.0 0.0 0.0
9.600539207458496 36.439170837402344 -2.2536590099334717
0.0 0.0 0.0
0.0 0.0 0.0
10.354226112365723 36.218013763427734 -2.220048666000366
0.0 0.0 0.0
0.0 0.0 0.0
0.0 0.0 0.0
0.0 0.0 0.0
0.0 0.0 0.0
0.0 0.0 0.0
0.0 0.0 0.0
0.0 0.0 0.0
0.0 0.0 0.0
0.0 0.0 0.0
0.0 0.0 0.0
0.0 0.0 0.0
0.0 0.0 0.0
0.0 0.0 0.0
0.0 0.0 0.0
0.0 0.0 0.0
0.0 0.0 0.0
0.0 0.0 0.0
0.0 0.0 0.0
0.0 0.0 0.0
0.0 0.0 0.0
0.0 0.0 0.0
0.0 0.0 0.0
0.0 0.0 0.0
0.0 0.0 0.0
0.0 0.0 0.0
0.0 0.0 0.0
0.0 0.0 0.0
0.0 0.0 0.0
0.0 0.0 0.0
0.0 0.0 0.0
0.0 0.0 0.0
0.0 0.0 0.0
0.0 0.0 0.0
0.0 0.0 0.0
0.0 0.0 0.0
0.0 0.0 0.0
0.0 0.0 0.0
0.0 0.0 0.0
0.0 0.0 0.0
0.0 0.0 0.0
0.0 0.0 0.0
0.0 0.0 0.0
0.0 0.0 0.0
0.0 0.0 0.0
0.0 0.0 0.0
0.0 0.0 0.0
0.0 0.0 0.0
0.0 0.0 0.0
0.0 0.0 0.0
0.0 0.0 0.0
0.0 0.0 0.0
0.0 0.0 0.0
0.0 0.0 0.0
0.0 0.0 0.0
0.0 0.0 0.0
0.0 0.0 0.0
0.0 0.0 0.0
0.0 0.0 0.0
0.0 0.0 0.0
0.0 0.0 0.0
0.0 0.0 0.0
0.0 0.0 0.0
0.0 0.0 0.0
0.0 0.0 0.0
0.0 0.0 0.0
0.0 0.0 0.0
0.0 0.0 0.0
0.0 0.0 0.0
0.0 0.0 0.0
0.0 0.0 0.0
0.0 0.0 0.0
0.0 0.0 0.0
0.0 0.0 0.0
91.36809539794922 185.411376953125 10.122817039489746
0.0 0.0 0.0
0.0 0.0 0.0
0.0 0.0 0.0
0.0 0.0 0.0
0.0 0.0 0.0
0.0 0.0 0.0
0.0 0.0 0.0
0.0 0.0 0.0
0.0 0.0 0.0
0.0 0.0 0.0
0.0 0.0 0.0
0.0 0.0 0.0
0.0 0.0 0.0
0.0 0.0 0.0
0.0 0.0 0.0
0.0 0.0 0.0
0.0 0.0 0.0
0.0 0.0 0.0
0.0 0.0 0.0
0.0 0.0 0.0
0.0 0.0 0.0
0.0 0.0 0.0
0.0 0.0 0.0
0.0 0.0 0.0
0.0 0.0 0.0
0.0 0.0 0.0
0.0 0.0 0.0
0.0 0.0 0.0
0.0 0.0 0.0
0.0 0.0 0.0
0.0 0.0 0.0
0.0 0.0 0.0
0.0 0.0 0.0
0.0 0.0 0.0
0.0 0.0 0.0
0.0 0.0 0.0
0.0 0.0 0.0
0.0 0.0 0.0
0.0 0.0 0.0
0.0 0.0 0.0
0.0 0.0 0.0
0.0 0.0 0.0
0.0 0.0 0.0
0.0 0.0 0.0
0.0 0.0 0.0
0.0 0.0 0.0
0.0 0.0 0.0
0.0 0.0 0.0
0.0 0.0 0.0
0.0 0.0 0.0
0.0 0.0 0.0
0.0 0.0 0.0
0.0 0.0 0.0
0.0 0.0 0.0
0.0 0.0 0.0
0.0 0.0 0.0
0.0 0.0 0.0
0.0 0.0 0.0
0.0 0.0 0.0
0.0 0.0 0.0
0.0 0.0 0.0
0.0 0.0 0.0
0.0 0.0 0.0
0.0 0.0 0.0
0.0 0.0 0.0
0.0 0.0 0.0
0.0 0.0 0.0
0.0 0.0 0.0
0.0 0.0 0.0
0.0 0.0 0.0
0.0 0.0 0.0
0.0 0.0 0.0
0.0 0.0 0.0
0.0 0.0 0.0
0.0 0.0 0.0
0.0 0.0 0.0
0.0 0.0 0.0
0.0 0.0 0.0
0.0 0.0 0.0
0.0 0.0 0.0
0.0 0.0 0.0
0.0 0.0 0.0
0.0 0.0 0.0
0.0 0.0 0.0
0.0 0.0 0.0
0.0 0.0 0.0
0.0 0.0 0.0
0.0 0.0 0.0
0.0 0.0 0.0
0.0 0.0 0.0
0.0 0.0 0.0
0.0 0.0 0.0
0.0 0.0 0.0
0.0 0.0 0.0
0.0 0.0 0.0
0.0 0.0 0.0
0.0 0.0 0.0
0.0 0.0 0.0
0.0 0.0 0.0
0.0 0.0 0.0
0.0 0.0 0.0
0.0 0.0 0.0
0.0 0.0 0.0
0.0 0.0 0.0
0.0 0.0 0.0
0.0 0.0 0.0
0.0 0.0 0.0
0.0 0.0 0.0
0.0 0.0 0.0
0.0 0.0 0.0
0.0 0.0 0.0
0.0 0.0 0.0
0.0 0.0 0.0
0.0 0.0 0.0
0.0 0.0 0.0
0.0 0.0 0.0
0.0 0.0 0.0
0.0 0.0 0.0
0.0 0.0 0.0
0.0 0.0 0.0
0.0 0.0 0.0
0.0 0.0 0.0
0.0 0.0 0.0
0.0 0.0 0.0
0.0 0.0 0.0
0.0 0.0 0.0
0.0 0.0 0.0
0.0 0.0 0.0
0.0 0.0 0.0
0.0 0.0 0.0
0.0 0.0 0.0
0.0 0.0 0.0
0.0 0.0 0.0
0.0 0.0 0.0
0.0 0.0 0.0
0.0 0.0 0.0
0.0 0.0 0.0
0.0 0.0 0.0
0.0 0.0 0.0
0.0 0.0 0.0
0.0 0.0 0.0
0.0 0.0 0.0
0.0 0.0 0.0
0.0 0.0 0.0
0.0 0.0 0.0
0.0 0.0 0.0
0.0 0.0 0.0
0.0 0.0 0.0
0.0 0.0 0.0
0.0 0.0 0.0
0.0 0.0 0.0
0.0 0.0 0.0
0.0 0.0 0.0
0.0 0.0 0.0
0.0 0.0 0.0
0.0 0.0 0.0
0.0 0.0 0.0
0.0 0.0 0.0
0.0 0.0 0.0
0.0 0.0 0.0
0.0 0.0 0.0
0.0 0.0 0.0
0.0 0.0 0.0
0.0 0.0 0.0
0.0 0.0 0.0
0.0 0.0 0.0
0.0 0.0 0.0
0.0 0.0 0.0
0.0 0.0 0.0
0.0 0.0 0.0
0.0 0.0 0.0
0.0 0.0 0.0
0.0 0.0 0.0
0.0 0.0 0.0
0.0 0.0 0.0
0.0 0.0 0.0
0.0 0.0 0.0
0.0 0.0 0.0
0.0 0.0 0.0
0.0 0.0 0.0
0.0 0.0 0.0
0.0 0.0 0.0
0.0 0.0 0.0
0.0 0.0 0.0
0.0 0.0 0.0
0.0 0.0 0.0
0.0 0.0 0.0
0.0 0.0 0.0
0.0 0.0 0.0
0.0 0.0 0.0
0.0 0.0 0.0
0.0 0.0 0.0
0.0 0.0 0.0
0.0 0.0 0.0
0.0 0.0 0.0
0.0 0.0 0.0
0.0 0.0 0.0
0.0 0.0 0.0
0.0 0.0 0.0
0.0 0.0 0.0
0.0 0.0 0.0
0.0 0.0 0.0
0.0 0.0 0.0
0.0 0.0 0.0
0.0 0.0 0.0
0.0 0.0 0.0
0.0 0.0 0.0
0.0 0.0 0.0
0.0 0.0 0.0
0.0 0.0 0.0
0.0 0.0 0.0
0.0 0.0 0.0
0.0 0.0 0.0
0.0 0.0 0.0
0.0 0.0 0.0
0.0 0.0 0.0
0.0 0.0 0.0
-6.943007469177246 34.335411071777344 -2.0424039363861084
0.0 0.0 0.0
0.0 0.0 0.0
0.0 0.0 0.0
-6.02498197555542 34.771583557128906 -2.090369701385498
0.0 0.0 0.0
0.0 0.0 0.0
-5.196528434753418 34.22553253173828 -2.0711867809295654
0.0 0.0 0.0
0.0 0.0 0.0
0.0 0.0 0.0
0.0 0.0 0.0
0.0 0.0 0.0
0.0 0.0 0.0
0.0 0.0 0.0
0.0 0.0 0.0
0.0 0.0 0.0
0.0 0.0 0.0
0.0 0.0 0.0
0.0 0.0 0.0
0.0 0.0 0.0
0.0 0.0 0.0
0.0 0.0 0.0
0.0 0.0 0.0
0.0 0.0 0.0
0.0 0.0 0.0
0.0 0.0 0.0
0.0 0.0 0.0
-0.14320236444473267 35.20947265625 -2.182525873184204
0.0 0.0 0.0
0.0 0.0 0.0
0.5891220569610596 34.803104400634766 -2.159298896789551
0.8344694972038269 34.94633483886719 -2.1676158905029297
0.0 0.0 0.0
0.0 0.0 0.0
1.5659241676330566 34.972103118896484 -2.1681313514709473
1.8106544017791748 34.90959930419922 -2.1639976501464844
2.0558724403381348 34.94301986694336 -2.1646485328674316
0.0 0.0 0.0
0.0 0.0 0.0
0.0 0.0 0.0
3.0566346645355225 35.15990447998047 -2.1733813285827637
0.0 0.0 0.0
0.0 0.0 0.0
0.0 0.0 0.0
0.0 0.0 0.0
0.0 0.0 0.0
0.0 0.0 0.0
0.0 0.0 0.0
5.110659599304199 35.62782287597656 -2.1820414066314697
0.0 0.0 0.0
0.0 0.0 0.0
0.0 0.0 0.0
0.0 0.0 0.0
0.0 0.0 0.0
0.0 0.0 0.0
0.0 0.0 0.0
0.0 0.0 0.0
0.0 0.0 0.0
0.0 0.0 0.0
0.0 0.0 0.0
8.429813385009766 36.6309814453125 -2.192762851715088
0.0 0.0 0.0
0.0 0.0 0.0
0.0 0.0 0.0
0.0 0.0 0.0
0.0 0.0 0.0
0.0 0.0 0.0
0.0 0.0 0.0
0.0 0.0 0.0
0.0 0.0 0.0
0.0 0.0 0.0
0.0 0.0 0.0
0.0 0.0 0.0
0.0 0.0 0.0
0.0 0.0 0.0
0.0 0.0 0.0
0.0 0.0 0.0
0.0 0.0 0.0
0.0 0.0 0.0
0.0 0.0 0.0
0.0 0.0 0.0
0.0 0.0 0.0
0.0 0.0 0.0
0.0 0.0 0.0
0.0 0.0 0.0
0.0 0.0 0.0
0.0 0.0 0.0
0.0 0.0 0.0
0.0 0.0 0.0
0.0 0.0 0.0
0.0 0.0 0.0
0.0 0.0 0.0
0.0 0.0 0.0
0.0 0.0 0.0
0.0 0.0 0.0
0.0 0.0 0.0
0.0 0.0 0.0
0.0 0.0 0.0
0.0 0.0 0.0
0.0 0.0 0.0
0.0 0.0 0.0
0.0 0.0 0.0
0.0 0.0 0.0
0.0 0.0 0.0
0.0 0.0 0.0
0.0 0.0 0.0
0.0 0.0 0.0
0.0 0.0 0.0
0.0 0.0 0.0
0.0 0.0 0.0
0.0 0.0 0.0
0.0 0.0 0.0
0.0 0.0 0.0
0.0 0.0 0.0
0.0 0.0 0.0
0.0 0.0 0.0
0.0 0.0 0.0
0.0 0.0 0.0
0.0 0.0 0.0
0.0 0.0 0.0
0.0 0.0 0.0
0.0 0.0 0.0
0.0 0.0 0.0
0.0 0.0 0.0
0.0 0.0 0.0
0.0 0.0 0.0
0.0 0.0 0.0
0.0 0.0 0.0
0.0 0.0 0.0
0.0 0.0 0.0
0.0 0.0 0.0
0.0 0.0 0.0
0.0 0.0 0.0
0.0 0.0 0.0
0.0 0.0 0.0
0.0 0.0 0.0
0.0 0.0 0.0
0.0 0.0 0.0
0.0 0.0 0.0
0.0 0.0 0.0
0.0 0.0 0.0
0.0 0.0 0.0
0.0 0.0 0.0
0.0 0.0 0.0
0.0 0.0 0.0
0.0 0.0 0.0
0.0 0.0 0.0
0.0 0.0 0.0
0.0 0.0 0.0
0.0 0.0 0.0
0.0 0.0 0.0
0.0 0.0 0.0
0.0 0.0 0.0
0.0 0.0 0.0
0.0 0.0 0.0
0.0 0.0 0.0
0.0 0.0 0.0
0.0 0.0 0.0
0.0 0.0 0.0
0.0 0.0 0.0
0.0 0.0 0.0
0.0 0.0 0.0
0.0 0.0 0.0
0.0 0.0 0.0
0.0 0.0 0.0
0.0 0.0 0.0
0.0 0.0 0.0
0.0 0.0 0.0
0.0 0.0 0.0
0.0 0.0 0.0
0.0 0.0 0.0
0.0 0.0 0.0
0.0 0.0 0.0
0.0 0.0 0.0
0.0 0.0 0.0
0.0 0.0 0.0
0.0 0.0 0.0
0.0 0.0 0.0
0.0 0.0 0.0
0.0 0.0 0.0
0.0 0.0 0.0
0.0 0.0 0.0
0.0 0.0 0.0
0.0 0.0 0.0
0.0 0.0 0.0
0.0 0.0 0.0
0.0 0.0 0.0
0.0 0.0 0.0
0.0 0.0 0.0
0.0 0.0 0.0
0.0 0.0 0.0
0.0 0.0 0.0
0.0 0.0 0.0
0.0 0.0 0.0
0.0 0.0 0.0
0.0 0.0 0.0
0.0 0.0 0.0
0.0 0.0 0.0
0.0 0.0 0.0
0.0 0.0 0.0
0.0 0.0 0.0
0.0 0.0 0.0
0.0 0.0 0.0
0.0 0.0 0.0
0.0 0.0 0.0
0.0 0.0 0.0
0.0 0.0 0.0
0.0 0.0 0.0
0.0 0.0 0.0
0.0 0.0 0.0
0.0 0.0 0.0
0.0 0.0 0.0
0.0 0.0 0.0
0.0 0.0 0.0
0.0 0.0 0.0
0.0 0.0 0.0
0.0 0.0 0.0
0.0 0.0 0.0
0.0 0.0 0.0
0.0 0.0 0.0
0.0 0.0 0.0
0.0 0.0 0.0
0.0 0.0 0.0
0.0 0.0 0.0
0.0 0.0 0.0
0.0 0.0 0.0
0.0 0.0 0.0
0.0 0.0 0.0
0.0 0.0 0.0
0.0 0.0 0.0
0.0 0.0 0.0
0.0 0.0 0.0
0.0 0.0 0.0
0.0 0.0 0.0
0.0 0.0 0.0
0.0 0.0 0.0
0.0 0.0 0.0
0.0 0.0 0.0
0.0 0.0 0.0
0.0 0.0 0.0
0.0 0.0 0.0
0.0 0.0 0.0
0.0 0.0 0.0
0.0 0.0 0.0
0.0 0.0 0.0
0.0 0.0 0.0
0.0 0.0 0.0
0.0 0.0 0.0
0.0 0.0 0.0
0.0 0.0 0.0
0.0 0.0 0.0
0.0 0.0 0.0
0.0 0.0 0.0
0.0 0.0 0.0
0.0 0.0 0.0
0.0 0.0 0.0
0.0 0.0 0.0
0.0 0.0 0.0
0.0 0.0 0.0
0.0 0.0 0.0
0.0 0.0 0.0
0.0 0.0 0.0
0.0 0.0 0.0
0.0 0.0 0.0
0.0 0.0 0.0
0.0 0.0 0.0
0.0 0.0 0.0
0.0 0.0 0.0
0.0 0.0 0.0
0.0 0.0 0.0
0.0 0.0 0.0
0.0 0.0 0.0
0.0 0.0 0.0
0.0 0.0 0.0
0.0 0.0 0.0
0.0 0.0 0.0
0.0 0.0 0.0
0.0 0.0 0.0
0.0 0.0 0.0
0.0 0.0 0.0
0.0 0.0 0.0
0.0 0.0 0.0
0.0 0.0 0.0
0.0 0.0 0.0
0.0 0.0 0.0
0.0 0.0 0.0
0.0 0.0 0.0
0.0 0.0 0.0
0.0 0.0 0.0
0.0 0.0 0.0
0.0 0.0 0.0
0.0 0.0 0.0
0.0 0.0 0.0
0.0 0.0 0.0
0.0 0.0 0.0
0.0 0.0 0.0
0.0 0.0 0.0
0.0 0.0 0.0
0.0 0.0 0.0
0.0 0.0 0.0
0.0 0.0 0.0
0.0 0.0 0.0
0.0 0.0 0.0
0.0 0.0 0.0
0.0 0.0 0.0
0.0 0.0 0.0
0.0 0.0 0.0
0.0 0.0 0.0
0.0 0.0 0.0
0.0 0.0 0.0
0.0 0.0 0.0
0.0 0.0 0.0
0.0 0.0 0.0
0.0 0.0 0.0
0.0 0.0 0.0
0.0 0.0 0.0
0.0 0.0 0.0
0.0 0.0 0.0
0.0 0.0 0.0
0.0 0.0 0.0
0.0 0.0 0.0
0.0 0.0 0.0
0.0 0.0 0.0
0.0 0.0 0.0
0.0 0.0 0.0
0.0 0.0 0.0
0.0 0.0 0.0
0.0 0.0 0.0
0.0 0.0 0.0
0.0 0.0 0.0
0.0 0.0 0.0
0.0 0.0 0.0
0.0 0.0 0.0
0.0 0.0 0.0
0.0 0.0 0.0
0.0 0.0 0.0
0.0 0.0 0.0
0.0 0.0 0.0
0.0 0.0 0.0
0.0 0.0 0.0
0.0 0.0 0.0
0.0 0.0 0.0
0.0 0.0 0.0
0.0 0.0 0.0
0.0 0.0 0.0
0.0 0.0 0.0
0.0 0.0 0.0
0.0 0.0 0.0
0.0 0.0 0.0
0.0 0.0 0.0
0.0 0.0 0.0
0.0 0.0 0.0
0.0 0.0 0.0
0.0 0.0 0.0
0.0 0.0 0.0
0.0 0.0 0.0
0.0 0.0 0.0
0.0 0.0 0.0
0.0 0.0 0.0
0.0 0.0 0.0
0.0 0.0 0.0
0.0 0.0 0.0
0.0 0.0 0.0
0.0 0.0 0.0
0.0 0.0 0.0
-6.1719889640808105 34.881935119628906 -2.005173444747925
-5.865726470947266 34.554649353027344 -1.9907974004745483
0.0 0.0 0.0
0.0 0.0 0.0
0.0 0.0 0.0
0.0 0.0 0.0
0.0 0.0 0.0
0.0 0.0 0.0
0.0 0.0 0.0
0.0 0.0 0.0
0.0 0.0 0.0
-3.4427998065948486 34.91534423828125 -2.050342321395874
0.0 0.0 0.0
0.0 0.0 0.0
0.0 0.0 0.0
0.0 0.0 0.0
0.0 0.0 0.0
0.0 0.0 0.0
0.0 0.0 0.0
0.0 0.0 0.0
-1.2281098365783691 34.64015579223633 -2.052854061126709
0.0 0.0 0.0
0.0 0.0 0.0
0.0 0.0 0.0
0.0 0.0 0.0
0.0 0.0 0.0
0.0 0.0 0.0
0.0 0.0 0.0
0.7141197323799133 35.1104736328125 -2.086871862411499
0.0 0.0 0.0
0.0 0.0 0.0
0.0 0.0 0.0
1.7058732509613037 35.31066131591797 -2.0983352661132812
0.0 0.0 0.0
0.0 0.0 0.0
0.0 0.0 0.0
0.0 0.0 0.0
0.0 0.0 0.0
0.0 0.0 0.0
0.0 0.0 0.0
0.0 0.0 0.0
0.0 0.0 0.0
0.0 0.0 0.0
0.0 0.0 0.0
0.0 0.0 0.0
0.0 0.0 0.0
0.0 0.0 0.0
0.0 0.0 0.0
0.0 0.0 0.0
0.0 0.0 0.0
0.0 0.0 0.0
0.0 0.0 0.0
6.866693019866943 36.12129592895508 -2.100330352783203
0.0 0.0 0.0
0.0 0.0 0.0
0.0 0.0 0.0
0.0 0.0 0.0
0.0 0.0 0.0
0.0 0.0 0.0
8.94068717956543 37.06941223144531 -2.1227617263793945
0.0 0.0 0.0
0.0 0.0 0.0
0.0 0.0 0.0
0.0 0.0 0.0
0.0 0.0 0.0
10.71475887298584 37.472320556640625 -2.111337423324585
0.0 0.0 0.0
0.0 0.0 0.0
0.0 0.0 0.0
0.0 0.0 0.0
0.0 0.0 0.0
0.0 0.0 0.0
0.0 0.0 0.0
0.0 0.0 0.0
0.0 0.0 0.0
0.0 0.0 0.0
0.0 0.0 0.0
0.0 0.0 0.0
0.0 0.0 0.0
0.0 0.0 0.0
0.0 0.0 0.0
0.0 0.0 0.0
0.0 0.0 0.0
0.0 0.0 0.0
0.0 0.0 0.0
0.0 0.0 0.0
0.0 0.0 0.0
0.0 0.0 0.0
0.0 0.0 0.0
0.0 0.0 0.0
0.0 0.0 0.0
0.0 0.0 0.0
0.0 0.0 0.0
0.0 0.0 0.0
0.0 0.0 0.0
0.0 0.0 0.0
0.0 0.0 0.0
0.0 0.0 0.0
0.0 0.0 0.0
0.0 0.0 0.0
0.0 0.0 0.0
0.0 0.0 0.0
0.0 0.0 0.0
0.0 0.0 0.0
0.0 0.0 0.0
0.0 0.0 0.0
0.0 0.0 0.0
0.0 0.0 0.0
0.0 0.0 0.0
0.0 0.0 0.0
0.0 0.0 0.0
0.0 0.0 0.0
0.0 0.0 0.0
0.0 0.0 0.0
0.0 0.0 0.0
0.0 0.0 0.0
0.0 0.0 0.0
0.0 0.0 0.0
0.0 0.0 0.0
0.0 0.0 0.0
0.0 0.0 0.0
0.0 0.0 0.0
0.0 0.0 0.0
0.0 0.0 0.0
0.0 0.0 0.0
0.0 0.0 0.0
0.0 0.0 0.0
0.0 0.0 0.0
0.0 0.0 0.0
0.0 0.0 0.0
0.0 0.0 0.0
0.0 0.0 0.0
0.0 0.0 0.0
0.0 0.0 0.0
0.0 0.0 0.0
0.0 0.0 0.0
0.0 0.0 0.0
0.0 0.0 0.0
0.0 0.0 0.0
0.0 0.0 0.0
0.0 0.0 0.0
0.0 0.0 0.0
0.0 0.0 0.0
0.0 0.0 0.0
0.0 0.0 0.0
0.0 0.0 0.0
0.0 0.0 0.0
0.0 0.0 0.0
0.0 0.0 0.0
0.0 0.0 0.0
0.0 0.0 0.0
0.0 0.0 0.0
0.0 0.0 0.0
0.0 0.0 0.0
0.0 0.0 0.0
0.0 0.0 0.0
0.0 0.0 0.0
0.0 0.0 0.0
0.0 0.0 0.0
0.0 0.0 0.0
0.0 0.0 0.0
0.0 0.0 0.0
0.0 0.0 0.0
0.0 0.0 0.0
0.0 0.0 0.0
0.0 0.0 0.0
0.0 0.0 0.0
0.0 0.0 0.0
0.0 0.0 0.0
0.0 0.0 0.0
0.0 0.0 0.0
0.0 0.0 0.0
0.0 0.0 0.0
0.0 0.0 0.0
0.0 0.0 0.0
0.0 0.0 0.0
0.0 0.0 0.0
0.0 0.0 0.0
0.0 0.0 0.0
0.0 0.0 0.0
0.0 0.0 0.0
0.0 0.0 0.0
0.0 0.0 0.0
0.0 0.0 0.0
0.0 0.0 0.0
0.0 0.0 0.0
0.0 0.0 0.0
0.0 0.0 0.0
0.0 0.0 0.0
0.0 0.0 0.0
0.0 0.0 0.0
0.0 0.0 0.0
0.0 0.0 0.0
0.0 0.0 0.0
0.0 0.0 0.0
0.0 0.0 0.0
0.0 0.0 0.0
0.0 0.0 0.0
0.0 0.0 0.0
0.0 0.0 0.0
0.0 0.0 0.0
0.0 0.0 0.0
0.0 0.0 0.0
0.0 0.0 0.0
0.0 0.0 0.0
0.0 0.0 0.0
0.0 0.0 0.0
0.0 0.0 0.0
0.0 0.0 0.0
0.0 0.0 0.0
0.0 0.0 0.0
0.0 0.0 0.0
0.0 0.0 0.0
0.0 0.0 0.0
0.0 0.0 0.0
0.0 0.0 0.0
0.0 0.0 0.0
0.0 0.0 0.0
0.0 0.0 0.0
0.0 0.0 0.0
0.0 0.0 0.0
0.0 0.0 0.0
0.0 0.0 0.0
0.0 0.0 0.0
0.0 0.0 0.0
0.0 0.0 0.0
0.0 0.0 0.0
0.0 0.0 0.0
0.0 0.0 0.0
0.0 0.0 0.0
0.0 0.0 0.0
0.0 0.0 0.0
0.0 0.0 0.0
0.0 0.0 0.0
0.0 0.0 0.0
0.0 0.0 0.0
0.0 0.0 0.0
0.0 0.0 0.0
0.0 0.0 0.0
0.0 0.0 0.0
0.0 0.0 0.0
0.0 0.0 0.0
0.0 0.0 0.0
0.0 0.0 0.0
0.0 0.0 0.0
0.0 0.0 0.0
0.0 0.0 0.0
0.0 0.0 0.0
0.0 0.0 0.0
0.0 0.0 0.0
0.0 0.0 0.0
0.0 0.0 0.0
0.0 0.0 0.0
0.0 0.0 0.0
0.0 0.0 0.0
0.0 0.0 0.0
0.0 0.0 0.0
0.0 0.0 0.0
0.0 0.0 0.0
0.0 0.0 0.0
0.0 0.0 0.0
0.0 0.0 0.0
0.0 0.0 0.0
0.0 0.0 0.0
0.0 0.0 0.0
0.0 0.0 0.0
0.0 0.0 0.0
0.0 0.0 0.0
0.0 0.0 0.0
0.0 0.0 0.0
0.0 0.0 0.0
0.0 0.0 0.0
0.0 0.0 0.0
0.0 0.0 0.0
0.0 0.0 0.0
0.0 0.0 0.0
0.0 0.0 0.0
0.0 0.0 0.0
0.0 0.0 0.0
0.0 0.0 0.0
0.0 0.0 0.0
0.0 0.0 0.0
0.0 0.0 0.0
0.0 0.0 0.0
0.0 0.0 0.0
0.0 0.0 0.0
0.0 0.0 0.0
0.0 0.0 0.0
0.0 0.0 0.0
0.0 0.0 0.0
0.0 0.0 0.0
0.0 0.0 0.0
0.0 0.0 0.0
0.0 0.0 0.0
0.0 0.0 0.0
0.0 0.0 0.0
0.0 0.0 0.0
0.0 0.0 0.0
0.0 0.0 0.0
0.0 0.0 0.0
0.0 0.0 0.0
0.0 0.0 0.0
0.0 0.0 0.0
0.0 0.0 0.0
0.0 0.0 0.0
0.0 0.0 0.0
0.0 0.0 0.0
0.0 0.0 0.0
0.0 0.0 0.0
0.0 0.0 0.0
0.0 0.0 0.0
0.0 0.0 0.0
0.0 0.0 0.0
0.0 0.0 0.0
0.0 0.0 0.0
0.0 0.0 0.0
0.0 0.0 0.0
0.0 0.0 0.0
0.0 0.0 0.0
0.0 0.0 0.0
0.0 0.0 0.0
0.0 0.0 0.0
0.0 0.0 0.0
0.0 0.0 0.0
0.0 0.0 0.0
0.0 0.0 0.0
0.0 0.0 0.0
0.0 0.0 0.0
0.0 0.0 0.0
0.0 0.0 0.0
0.0 0.0 0.0
0.0 0.0 0.0
0.0 0.0 0.0
0.0 0.0 0.0
0.0 0.0 0.0
0.0 0.0 0.0
0.0 0.0 0.0
0.0 0.0 0.0
0.0 0.0 0.0
0.0 0.0 0.0
0.0 0.0 0.0
0.0 0.0 0.0
0.0 0.0 0.0
0.0 0.0 0.0
0.0 0.0 0.0
0.0 0.0 0.0
0.0 0.0 0.0
0.0 0.0 0.0
0.0 0.0 0.0
0.0 0.0 0.0
0.0 0.0 0.0
0.0 0.0 0.0
0.0 0.0 0.0
0.0 0.0 0.0
0.0 0.0 0.0
0.0 0.0 0.0
0.0 0.0 0.0
0.0 0.0 0.0
0.0 0.0 0.0
0.0 0.0 0.0
0.0 0.0 0.0
0.0 0.0 0.0
0.0 0.0 0.0
0.0 0.0 0.0
0.0 0.0 0.0
-5.33560848236084 35.13776779174805 -1.9450899362564087
0.0 0.0 0.0
0.0 0.0 0.0
0.0 0.0 0.0
0.0 0.0 0.0
-4.097621440887451 35.239234924316406 -1.9686616659164429
0.0 0.0 0.0
0.0 0.0 0.0
0.0 0.0 0.0
0.0 0.0 0.0
0.0 0.0 0.0
0.0 0.0 0.0
0.0 0.0 0.0
0.0 0.0 0.0
0.0 0.0 0.0
0.0 0.0 0.0
0.0 0.0 0.0
0.0 0.0 0.0
0.0 0.0 0.0
0.0 0.0 0.0
0.0 0.0 0.0
0.0 0.0 0.0
0.0 0.0 0.0
0.3486759066581726 35.4451904296875 -2.011054515838623
0.0 0.0 0.0
0.0 0.0 0.0
0.0 0.0 0.0
0.0 0.0 0.0
1.6005419492721558 35.7543830871582 -2.028933525085449
0.0 0.0 0.0
0.0 0.0 0.0
0.0 0.0 0.0
0.0 0.0 0.0
0.0 0.0 0.0
3.1544315814971924 36.289695739746094 -2.053562879562378
0.0 0.0 0.0
0.0 0.0 0.0
0.0 0.0 0.0
0.0 0.0 0.0
0.0 0.0 0.0
0.0 0.0 0.0
0.0 0.0 0.0
0.0 0.0 0.0
0.0 0.0 0.0
5.8002848625183105 36.789390563964844 -2.06054425239563
0.0 0.0 0.0
0.0 0.0 0.0
0.0 0.0 0.0
0.0 0.0 0.0
0.0 0.0 0.0
0.0 0.0 0.0
0.0 0.0 0.0
0.0 0.0 0.0
0.0 0.0 0.0
0.0 0.0 0.0
0.0 0.0 0.0
0.0 0.0 0.0
0.0 0.0 0.0
0.0 0.0 0.0
0.0 0.0 0.0
0.0 0.0 0.0
0.0 0.0 0.0
0.0 0.0 0.0
0.0 0.0 0.0
0.0 0.0 0.0
0.0 0.0 0.0
0.0 0.0 0.0
0.0 0.0 0.0
0.0 0.0 0.0
0.0 0.0 0.0
0.0 0.0 0.0
0.0 0.0 0.0
0.0 0.0 0.0
0.0 0.0 0.0
0.0 0.0 0.0
0.0 0.0 0.0
0.0 0.0 0.0
0.0 0.0 0.0
0.0 0.0 0.0
0.0 0.0 0.0
0.0 0.0 0.0
0.0 0.0 0.0
0.0 0.0 0.0
0.0 0.0 0.0
0.0 0.0 0.0
0.0 0.0 0.0
0.0 0.0 0.0
0.0 0.0 0.0
0.0 0.0 0.0
0.0 0.0 0.0
0.0 0.0 0.0
0.0 0.0 0.0
0.0 0.0 0.0
0.0 0.0 0.0
0.0 0.0 0.0
0.0 0.0 0.0
0.0 0.0 0.0
0.0 0.0 0.0
0.0 0.0 0.0
0.0 0.0 0.0
0.0 0.0 0.0
0.0 0.0 0.0
75.90060424804688 120.78138732910156 -5.2344584465026855
0.0 0.0 0.0
0.0 0.0 0.0
0.0 0.0 0.0
0.0 0.0 0.0
0.0 0.0 0.0
0.0 0.0 0.0
0.0 0.0 0.0
0.0 0.0 0.0
0.0 0.0 0.0
0.0 0.0 0.0
0.0 0.0 0.0
0.0 0.0 0.0
0.0 0.0 0.0
0.0 0.0 0.0
0.0 0.0 0.0
0.0 0.0 0.0
0.0 0.0 0.0
0.0 0.0 0.0
0.0 0.0 0.0
0.0 0.0 0.0
0.0 0.0 0.0
0.0 0.0 0.0
0.0 0.0 0.0
0.0 0.0 0.0
0.0 0.0 0.0
0.0 0.0 0.0
0.0 0.0 0.0
0.0 0.0 0.0
0.0 0.0 0.0
0.0 0.0 0.0
0.0 0.0 0.0
0.0 0.0 0.0
0.0 0.0 0.0
0.0 0.0 0.0
0.0 0.0 0.0
0.0 0.0 0.0
0.0 0.0 0.0
0.0 0.0 0.0
0.0 0.0 0.0
0.0 0.0 0.0
0.0 0.0 0.0
0.0 0.0 0.0
0.0 0.0 0.0
0.0 0.0 0.0
0.0 0.0 0.0
0.0 0.0 0.0
0.0 0.0 0.0
0.0 0.0 0.0
0.0 0.0 0.0
0.0 0.0 0.0
0.0 0.0 0.0
0.0 0.0 0.0
0.0 0.0 0.0
0.0 0.0 0.0
0.0 0.0 0.0
0.0 0.0 0.0
0.0 0.0 0.0
0.0 0.0 0.0
0.0 0.0 0.0
0.0 0.0 0.0
0.0 0.0 0.0
0.0 0.0 0.0
0.0 0.0 0.0
0.0 0.0 0.0
0.0 0.0 0.0
0.0 0.0 0.0
0.0 0.0 0.0
0.0 0.0 0.0
0.0 0.0 0.0
0.0 0.0 0.0
0.0 0.0 0.0
0.0 0.0 0.0
0.0 0.0 0.0
0.0 0.0 0.0
0.0 0.0 0.0
0.0 0.0 0.0
0.0 0.0 0.0
0.0 0.0 0.0
0.0 0.0 0.0
0.0 0.0 0.0
0.0 0.0 0.0
0.0 0.0 0.0
0.0 0.0 0.0
0.0 0.0 0.0
0.0 0.0 0.0
0.0 0.0 0.0
0.0 0.0 0.0
0.0 0.0 0.0
0.0 0.0 0.0
0.0 0.0 0.0
0.0 0.0 0.0
0.0 0.0 0.0
0.0 0.0 0.0
0.0 0.0 0.0
0.0 0.0 0.0
0.0 0.0 0.0
0.0 0.0 0.0
0.0 0.0 0.0
0.0 0.0 0.0
0.0 0.0 0.0
0.0 0.0 0.0
0.0 0.0 0.0
0.0 0.0 0.0
0.0 0.0 0.0
0.0 0.0 0.0
0.0 0.0 0.0
0.0 0.0 0.0
0.0 0.0 0.0
0.0 0.0 0.0
0.0 0.0 0.0
0.0 0.0 0.0
0.0 0.0 0.0
0.0 0.0 0.0
0.0 0.0 0.0
0.0 0.0 0.0
0.0 0.0 0.0
0.0 0.0 0.0
0.0 0.0 0.0
0.0 0.0 0.0
0.0 0.0 0.0
0.0 0.0 0.0
0.0 0.0 0.0
0.0 0.0 0.0
0.0 0.0 0.0
0.0 0.0 0.0
0.0 0.0 0.0
0.0 0.0 0.0
0.0 0.0 0.0
0.0 0.0 0.0
0.0 0.0 0.0
0.0 0.0 0.0
0.0 0.0 0.0
0.0 0.0 0.0
0.0 0.0 0.0
0.0 0.0 0.0
0.0 0.0 0.0
0.0 0.0 0.0
0.0 0.0 0.0
0.0 0.0 0.0
0.0 0.0 0.0
0.0 0.0 0.0
0.0 0.0 0.0
0.0 0.0 0.0
0.0 0.0 0.0
0.0 0.0 0.0
0.0 0.0 0.0
0.0 0.0 0.0
0.0 0.0 0.0
0.0 0.0 0.0
0.0 0.0 0.0
0.0 0.0 0.0
0.0 0.0 0.0
0.0 0.0 0.0
0.0 0.0 0.0
0.0 0.0 0.0
0.0 0.0 0.0
0.0 0.0 0.0
0.0 0.0 0.0
0.0 0.0 0.0
0.0 0.0 0.0
0.0 0.0 0.0
0.0 0.0 0.0
0.0 0.0 0.0
0.0 0.0 0.0
0.0 0.0 0.0
0.0 0.0 0.0
0.0 0.0 0.0
0.0 0.0 0.0
0.0 0.0 0.0
0.0 0.0 0.0
0.0 0.0 0.0
0.0 0.0 0.0
0.0 0.0 0.0
0.0 0.0 0.0
0.0 0.0 0.0
0.0 0.0 0.0
0.0 0.0 0.0
0.0 0.0 0.0
0.0 0.0 0.0
0.0 0.0 0.0
0.0 0.0 0.0
0.0 0.0 0.0
0.0 0.0 0.0
0.0 0.0 0.0
0.0 0.0 0.0
0.0 0.0 0.0
0.0 0.0 0.0
0.0 0.0 0.0
0.0 0.0 0.0
0.0 0.0 0.0
0.0 0.0 0.0
0.0 0.0 0.0
0.0 0.0 0.0
0.0 0.0 0.0
0.0 0.0 0.0
0.0 0.0 0.0
0.0 0.0 0.0
0.0 0.0 0.0
0.0 0.0 0.0
0.0 0.0 0.0
0.0 0.0 0.0
0.0 0.0 0.0
0.0 0.0 0.0
0.0 0.0 0.0
0.0 0.0 0.0
0.0 0.0 0.0
0.0 0.0 0.0
0.0 0.0 0.0
0.0 0.0 0.0
0.0 0.0 0.0
0.0 0.0 0.0
0.0 0.0 0.0
0.0 0.0 0.0
0.0 0.0 0.0
0.0 0.0 0.0
0.0 0.0 0.0
0.0 0.0 0.0
0.0 0.0 0.0
0.0 0.0 0.0
0.0 0.0 0.0
0.0 0.0 0.0
0.0 0.0 0.0
0.0 0.0 0.0
0.0 0.0 0.0
0.0 0.0 0.0
0.0 0.0 0.0
0.0 0.0 0.0
0.0 0.0 0.0
0.0 0.0 0.0
0.0 0.0 0.0
0.0 0.0 0.0
0.0 0.0 0.0
0.0 0.0 0.0
0.0 0.0 0.0
0.0 0.0 0.0
0.0 0.0 0.0
0.0 0.0 0.0
0.0 0.0 0.0
0.0 0.0 0.0
0.0 0.0 0.0
0.0 0.0 0.0
0.0 0.0 0.0
0.0 0.0 0.0
0.0 0.0 0.0
0.0 0.0 0.0
0.0 0.0 0.0
0.0 0.0 0.0
0.0 0.0 0.0
0.0 0.0 0.0
0.0 0.0 0.0
0.0 0.0 0.0
0.0 0.0 0.0
0.0 0.0 0.0
0.0 0.0 0.0
0.0 0.0 0.0
0.0 0.0 0.0
0.0 0.0 0.0
0.0 0.0 0.0
0.0 0.0 0.0
0.0 0.0 0.0
0.0 0.0 0.0
0.0 0.0 0.0
0.0 0.0 0.0
0.0 0.0 0.0
0.0 0.0 0.0
0.0 0.0 0.0
0.0 0.0 0.0
0.0 0.0 0.0
0.0 0.0 0.0
0.0 0.0 0.0
0.0 0.0 0.0
-2.512556791305542 35.664794921875 -1.9196956157684326
0.0 0.0 0.0
0.0 0.0 0.0
0.0 0.0 0.0
0.0 0.0 0.0
0.0 0.0 0.0
0.0 0.0 0.0
0.0 0.0 0.0
0.0 0.0 0.0
0.0 0.0 0.0
0.0 0.0 0.0
0.0 0.0 0.0
0.0 0.0 0.0
0.0 0.0 0.0
0.0 0.0 0.0
1.2544376850128174 36.475650787353516 -1.978145956993103
0.0 0.0 0.0
1.7511162757873535 36.240501403808594 -1.9646967649459839
0.0 0.0 0.0
0.0 0.0 0.0
0.0 0.0 0.0
0.0 0.0 0.0
0.0 0.0 0.0
0.0 0.0 0.0
0.0 0.0 0.0
0.0 0.0 0.0
4.092791557312012 36.67641067504883 -1.9779210090637207
0.0 0.0 0.0
0.0 0.0 0.0
0.0 0.0 0.0
0.0 0.0 0.0
0.0 0.0 0.0
0.0 0.0 0.0
6.008910179138184 37.25492858886719 -1.994114875793457
0.0 0.0 0.0
0.0 0.0 0.0
0.0 0.0 0.0
0.0 0.0 0.0
0.0 0.0 0.0
0.0 0.0 0.0
0.0 0.0 0.0
0.0 0.0 0.0
0.0 0.0 0.0
0.0 0.0 0.0
0.0 0.0 0.0
0.0 0.0 0.0
0.0 0.0 0.0
0.0 0.0 0.0
0.0 0.0 0.0
0.0 0.0 0.0
0.0 0.0 0.0
0.0 0.0 0.0
0.0 0.0 0.0
0.0 0.0 0.0
0.0 0.0 0.0
0.0 0.0 0.0
0.0 0.0 0.0
0.0 0.0 0.0
0.0 0.0 0.0
0.0 0.0 0.0
0.0 0.0 0.0
0.0 0.0 0.0
0.0 0.0 0.0
0.0 0.0 0.0
0.0 0.0 0.0
0.0 0.0 0.0
0.0 0.0 0.0
0.0 0.0 0.0
0.0 0.0 0.0
0.0 0.0 0.0
0.0 0.0 0.0
0.0 0.0 0.0
0.0 0.0 0.0
0.0 0.0 0.0
0.0 0.0 0.0
0.0 0.0 0.0
0.0 0.0 0.0
0.0 0.0 0.0
0.0 0.0 0.0
0.0 0.0 0.0
0.0 0.0 0.0
0.0 0.0 0.0
0.0 0.0 0.0
0.0 0.0 0.0
0.0 0.0 0.0
0.0 0.0 0.0
0.0 0.0 0.0
0.0 0.0 0.0
0.0 0.0 0.0
0.0 0.0 0.0
0.0 0.0 0.0
0.0 0.0 0.0
0.0 0.0 0.0
0.0 0.0 0.0
0.0 0.0 0.0
0.0 0.0 0.0
0.0 0.0 0.0
0.0 0.0 0.0
0.0 0.0 0.0
0.0 0.0 0.0
0.0 0.0 0.0
0.0 0.0 0.0
0.0 0.0 0.0
0.0 0.0 0.0
0.0 0.0 0.0
0.0 0.0 0.0
0.0 0.0 0.0
0.0 0.0 0.0
0.0 0.0 0.0
0.0 0.0 0.0
0.0 0.0 0.0
0.0 0.0 0.0
0.0 0.0 0.0
0.0 0.0 0.0
0.0 0.0 0.0
0.0 0.0 0.0
0.0 0.0 0.0
0.0 0.0 0.0
0.0 0.0 0.0
0.0 0.0 0.0
0.0 0.0 0.0
0.0 0.0 0.0
0.0 0.0 0.0
0.0 0.0 0.0
0.0 0.0 0.0
0.0 0.0 0.0
0.0 0.0 0.0
0.0 0.0 0.0
0.0 0.0 0.0
0.0 0.0 0.0
0.0 0.0 0.0
0.0 0.0 0.0
0.0 0.0 0.0
0.0 0.0 0.0
0.0 0.0 0.0
0.0 0.0 0.0
0.0 0.0 0.0
0.0 0.0 0.0
0.0 0.0 0.0
0.0 0.0 0.0
0.0 0.0 0.0
0.0 0.0 0.0
0.0 0.0 0.0
0.0 0.0 0.0
0.0 0.0 0.0
0.0 0.0 0.0
0.0 0.0 0.0
0.0 0.0 0.0
0.0 0.0 0.0
0.0 0.0 0.0
0.0 0.0 0.0
0.0 0.0 0.0
0.0 0.0 0.0
0.0 0.0 0.0
0.0 0.0 0.0
0.0 0.0 0.0
0.0 0.0 0.0
0.0 0.0 0.0
0.0 0.0 0.0
0.0 0.0 0.0
0.0 0.0 0.0
0.0 0.0 0.0
0.0 0.0 0.0
0.0 0.0 0.0
0.0 0.0 0.0
0.0 0.0 0.0
0.0 0.0 0.0
0.0 0.0 0.0
0.0 0.0 0.0
0.0 0.0 0.0
0.0 0.0 0.0
0.0 0.0 0.0
0.0 0.0 0.0
0.0 0.0 0.0
0.0 0.0 0.0
0.0 0.0 0.0
0.0 0.0 0.0
0.0 0.0 0.0
0.0 0.0 0.0
0.0 0.0 0.0
0.0 0.0 0.0
0.0 0.0 0.0
0.0 0.0 0.0
0.0 0.0 0.0
0.0 0.0 0.0
0.0 0.0 0.0
0.0 0.0 0.0
0.0 0.0 0.0
0.0 0.0 0.0
0.0 0.0 0.0
0.0 0.0 0.0
0.0 0.0 0.0
0.0 0.0 0.0
0.0 0.0 0.0
0.0 0.0 0.0
0.0 0.0 0.0
0.0 0.0 0.0
0.0 0.0 0.0
0.0 0.0 0.0
0.0 0.0 0.0
0.0 0.0 0.0
0.0 0.0 0.0
0.0 0.0 0.0
0.0 0.0 0.0
0.0 0.0 0.0
0.0 0.0 0.0
0.0 0.0 0.0
0.0 0.0 0.0
0.0 0.0 0.0
0.0 0.0 0.0
0.0 0.0 0.0
0.0 0.0 0.0
0.0 0.0 0.0
0.0 0.0 0.0
0.0 0.0 0.0
0.0 0.0 0.0
0.0 0.0 0.0
0.0 0.0 0.0
0.0 0.0 0.0
0.0 0.0 0.0
0.0 0.0 0.0
0.0 0.0 0.0
0.0 0.0 0.0
0.0 0.0 0.0
0.0 0.0 0.0
0.0 0.0 0.0
0.0 0.0 0.0
0.0 0.0 0.0
0.0 0.0 0.0
0.0 0.0 0.0
0.0 0.0 0.0
0.0 0.0 0.0
0.0 0.0 0.0
0.0 0.0 0.0
0.0 0.0 0.0
0.0 0.0 0.0
0.0 0.0 0.0
0.0 0.0 0.0
0.0 0.0 0.0
0.0 0.0 0.0
0.0 0.0 0.0
0.0 0.0 0.0
0.0 0.0 0.0
0.0 0.0 0.0
0.0 0.0 0.0
0.0 0.0 0.0
0.0 0.0 0.0
0.0 0.0 0.0
0.0 0.0 0.0
0.0 0.0 0.0
0.0 0.0 0.0
0.0 0.0 0.0
0.0 0.0 0.0
0.0 0.0 0.0
0.0 0.0 0.0
0.0 0.0 0.0
0.0 0.0 0.0
0.0 0.0 0.0
0.0 0.0 0.0
0.0 0.0 0.0
0.0 0.0 0.0
0.0 0.0 0.0
0.0 0.0 0.0
0.0 0.0 0.0
0.0 0.0 0.0
0.0 0.0 0.0
0.0 0.0 0.0
0.0 0.0 0.0
0.0 0.0 0.0
0.0 0.0 0.0
0.0 0.0 0.0
0.0 0.0 0.0
0.0 0.0 0.0
0.0 0.0 0.0
0.0 0.0 0.0
0.0 0.0 0.0
0.0 0.0 0.0
0.0 0.0 0.0
0.0 0.0 0.0
0.0 0.0 0.0
0.0 0.0 0.0
0.0 0.0 0.0
0.0 0.0 0.0
0.0 0.0 0.0
0.0 0.0 0.0
0.0 0.0 0.0
0.0 0.0 0.0
0.0 0.0 0.0
0.0 0.0 0.0
0.0 0.0 0.0
0.0 0.0 0.0
0.0 0.0 0.0
0.0 0.0 0.0
0.0 0.0 0.0
0.0 0.0 0.0
0.0 0.0 0.0
0.0 0.0 0.0
0.0 0.0 0.0
0.0 0.0 0.0
0.0 0.0 0.0
0.0 0.0 0.0
0.0 0.0 0.0
0.0 0.0 0.0
0.0 0.0 0.0
0.0 0.0 0.0
0.0 0.0 0.0
0.0 0.0 0.0
0.0 0.0 0.0
0.0 0.0 0.0
0.0 0.0 0.0
0.0 0.0 0.0
0.0 0.0 0.0
0.0 0.0 0.0
-15.708264350891113 36.22077560424805 -1.5753886699676514
0.0 0.0 0.0
0.0 0.0 0.0
0.0 0.0 0.0
0.0 0.0 0.0
0.0 0.0 0.0
0.0 0.0 0.0
0.0 0.0 0.0
0.0 0.0 0.0
0.0 0.0 0.0
0.0 0.0 0.0
0.0 0.0 0.0
0.0 0.0 0.0
0.0 0.0 0.0
0.0 0.0 0.0
-11.357747077941895 36.157440185546875 -1.7014830112457275
0.0 0.0 0.0
0.0 0.0 0.0
0.0 0.0 0.0
0.0 0.0 0.0
0.0 0.0 0.0
0.0 0.0 0.0
0.0 0.0 0.0
0.0 0.0 0.0
0.0 0.0 0.0
0.0 0.0 0.0
0.0 0.0 0.0
0.0 0.0 0.0
0.0 0.0 0.0
0.0 0.0 0.0
0.0 0.0 0.0
0.0 0.0 0.0
0.0 0.0 0.0
0.0 0.0 0.0
0.0 0.0 0.0
0.0 0.0 0.0
0.0 0.0 0.0
-5.454158306121826 35.92234420776367 -1.8061870336532593
-5.217571258544922 36.05574417114258 -1.816563367843628
0.0 0.0 0.0
0.0 0.0 0.0
0.0 0.0 0.0
0.0 0.0 0.0
0.0 0.0 0.0
0.0 0.0 0.0
0.0 0.0 0.0
0.0 0.0 0.0
0.0 0.0 0.0
0.0 0.0 0.0
0.0 0.0 0.0
0.0 0.0 0.0
0.0 0.0 0.0
-1.65919828414917 36.105812072753906 -1.8534423112869263
0.0 0.0 0.0
0.0 0.0 0.0
0.0 0.0 0.0
0.0 0.0 0.0
0.0 0.0 0.0
0.0 0.0 0.0
0.0 0.0 0.0
0.0 0.0 0.0
0.0 0.0 0.0
0.0 0.0 0.0
0.0 0.0 0.0
0.0 0.0 0.0
0.0 0.0 0.0
0.0 0.0 0.0
0.0 0.0 0.0
0.0 0.0 0.0
2.695117235183716 37.005558013916016 -1.9031111001968384
0.0 0.0 0.0
3.242293357849121 37.290767669677734 -1.9161813259124756
0.0 0.0 0.0
0.0 0.0 0.0
0.0 0.0 0.0
0.0 0.0 0.0
0.0 0.0 0.0
0.0 0.0 0.0
0.0 0.0 0.0
0.0 0.0 0.0
0.0 0.0 0.0
0.0 0.0 0.0
0.0 0.0 0.0
0.0 0.0 0.0
0.0 0.0 0.0
0.0 0.0 0.0
0.0 0.0 0.0
0.0 0.0 0.0
0.0 0.0 0.0
0.0 0.0 0.0
0.0 0.0 0.0
0.0 0.0 0.0
0.0 0.0 0.0
0.0 0.0 0.0
0.0 0.0 0.0
0.0 0.0 0.0
0.0 0.0 0.0
0.0 0.0 0.0
0.0 0.0 0.0
0.0 0.0 0.0
0.0 0.0 0.0
0.0 0.0 0.0
0.0 0.0 0.0
0.0 0.0 0.0
0.0 0.0 0.0
0.0 0.0 0.0
0.0 0.0 0.0
0.0 0.0 0.0
0.0 0.0 0.0
0.0 0.0 0.0
0.0 0.0 0.0
0.0 0.0 0.0
0.0 0.0 0.0
0.0 0.0 0.0
0.0 0.0 0.0
0.0 0.0 0.0
0.0 0.0 0.0
0.0 0.0 0.0
0.0 0.0 0.0
0.0 0.0 0.0
0.0 0.0 0.0
0.0 0.0 0.0
0.0 0.0 0.0
0.0 0.0 0.0
0.0 0.0 0.0
0.0 0.0 0.0
0.0 0.0 0.0
0.0 0.0 0.0
0.0 0.0 0.0
0.0 0.0 0.0
0.0 0.0 0.0
0.0 0.0 0.0
0.0 0.0 0.0
0.0 0.0 0.0
0.0 0.0 0.0
0.0 0.0 0.0
0.0 0.0 0.0
0.0 0.0 0.0
0.0 0.0 0.0
0.0 0.0 0.0
0.0 0.0 0.0
0.0 0.0 0.0
0.0 0.0 0.0
0.0 0.0 0.0
0.0 0.0 0.0
0.0 0.0 0.0
46.686134338378906 66.8188705444336 -2.484497308731079
0.0 0.0 0.0
0.0 0.0 0.0
0.0 0.0 0.0
0.0 0.0 0.0
0.0 0.0 0.0
0.0 0.0 0.0
0.0 0.0 0.0
0.0 0.0 0.0
0.0 0.0 0.0
0.0 0.0 0.0
0.0 0.0 0.0
0.0 0.0 0.0
0.0 0.0 0.0
0.0 0.0 0.0
0.0 0.0 0.0
0.0 0.0 0.0
0.0 0.0 0.0
0.0 0.0 0.0
0.0 0.0 0.0
0.0 0.0 0.0
0.0 0.0 0.0
0.0 0.0 0.0
0.0 0.0 0.0
0.0 0.0 0.0
0.0 0.0 0.0
0.0 0.0 0.0
0.0 0.0 0.0
0.0 0.0 0.0
0.0 0.0 0.0
0.0 0.0 0.0
0.0 0.0 0.0
0.0 0.0 0.0
0.0 0.0 0.0
0.0 0.0 0.0
0.0 0.0 0.0
0.0 0.0 0.0
0.0 0.0 0.0
0.0 0.0 0.0
0.0 0.0 0.0
0.0 0.0 0.0
0.0 0.0 0.0
0.0 0.0 0.0
0.0 0.0 0.0
0.0 0.0 0.0
0.0 0.0 0.0
0.0 0.0 0.0
0.0 0.0 0.0
0.0 0.0 0.0
0.0 0.0 0.0
0.0 0.0 0.0
0.0 0.0 0.0
0.0 0.0 0.0
0.0 0.0 0.0
0.0 0.0 0.0
0.0 0.0 0.0
0.0 0.0 0.0
0.0 0.0 0.0
0.0 0.0 0.0
0.0 0.0 0.0
0.0 0.0 0.0
0.0 0.0 0.0
0.0 0.0 0.0
0.0 0.0 0.0
0.0 0.0 0.0
0.0 0.0 0.0
0.0 0.0 0.0
0.0 0.0 0.0
0.0 0.0 0.0
0.0 0.0 0.0
0.0 0.0 0.0
0.0 0.0 0.0
0.0 0.0 0.0
0.0 0.0 0.0
0.0 0.0 0.0
0.0 0.0 0.0
0.0 0.0 0.0
0.0 0.0 0.0
0.0 0.0 0.0
0.0 0.0 0.0
0.0 0.0 0.0
0.0 0.0 0.0
0.0 0.0 0.0
0.0 0.0 0.0
0.0 0.0 0.0
0.0 0.0 0.0
0.0 0.0 0.0
0.0 0.0 0.0
0.0 0.0 0.0
0.0 0.0 0.0
0.0 0.0 0.0
0.0 0.0 0.0
0.0 0.0 0.0
0.0 0.0 0.0
0.0 0.0 0.0
0.0 0.0 0.0
0.0 0.0 0.0
0.0 0.0 0.0
0.0 0.0 0.0
0.0 0.0 0.0
0.0 0.0 0.0
0.0 0.0 0.0
0.0 0.0 0.0
0.0 0.0 0.0
0.0 0.0 0.0
0.0 0.0 0.0
0.0 0.0 0.0
0.0 0.0 0.0
0.0 0.0 0.0
0.0 0.0 0.0
0.0 0.0 0.0
0.0 0.0 0.0
0.0 0.0 0.0
0.0 0.0 0.0
0.0 0.0 0.0
0.0 0.0 0.0
0.0 0.0 0.0
0.0 0.0 0.0
0.0 0.0 0.0
0.0 0.0 0.0
0.0 0.0 0.0
0.0 0.0 0.0
0.0 0.0 0.0
0.0 0.0 0.0
0.0 0.0 0.0
0.0 0.0 0.0
0.0 0.0 0.0
0.0 0.0 0.0
0.0 0.0 0.0
0.0 0.0 0.0
0.0 0.0 0.0
0.0 0.0 0.0
0.0 0.0 0.0
0.0 0.0 0.0
0.0 0.0 0.0
0.0 0.0 0.0
0.0 0.0 0.0
0.0 0.0 0.0
0.0 0.0 0.0
0.0 0.0 0.0
0.0 0.0 0.0
0.0 0.0 0.0
0.0 0.0 0.0
0.0 0.0 0.0
0.0 0.0 0.0
0.0 0.0 0.0
0.0 0.0 0.0
0.0 0.0 0.0
0.0 0.0 0.0
0.0 0.0 0.0
0.0 0.0 0.0
0.0 0.0 0.0
0.0 0.0 0.0
0.0 0.0 0.0
0.0 0.0 0.0
0.0 0.0 0.0
0.0 0.0 0.0
0.0 0.0 0.0
0.0 0.0 0.0
0.0 0.0 0.0
0.0 0.0 0.0
0.0 0.0 0.0
0.0 0.0 0.0
0.0 0.0 0.0
0.0 0.0 0.0
0.0 0.0 0.0
0.0 0.0 0.0
0.0 0.0 0.0
0.0 0.0 0.0
0.0 0.0 0.0
0.0 0.0 0.0
0.0 0.0 0.0
0.0 0.0 0.0
0.0 0.0 0.0
0.0 0.0 0.0
0.0 0.0 0.0
0.0 0.0 0.0
0.0 0.0 0.0
0.0 0.0 0.0
0.0 0.0 0.0
0.0 0.0 0.0
0.0 0.0 0.0
0.0 0.0 0.0
0.0 0.0 0.0
0.0 0.0 0.0
0.0 0.0 0.0
0.0 0.0 0.0
0.0 0.0 0.0
0.0 0.0 0.0
0.0 0.0 0.0
0.0 0.0 0.0
0.0 0.0 0.0
0.0 0.0 0.0
0.0 0.0 0.0
0.0 0.0 0.0
0.0 0.0 0.0
0.0 0.0 0.0
0.0 0.0 0.0
0.0 0.0 0.0
0.0 0.0 0.0
0.0 0.0 0.0
0.0 0.0 0.0
0.0 0.0 0.0
0.0 0.0 0.0
0.0 0.0 0.0
0.0 0.0 0.0
0.0 0.0 0.0
0.0 0.0 0.0
0.0 0.0 0.0
0.0 0.0 0.0
0.0 0.0 0.0
0.0 0.0 0.0
0.0 0.0 0.0
0.0 0.0 0.0
0.0 0.0 0.0
0.0 0.0 0.0
0.0 0.0 0.0
0.0 0.0 0.0
0.0 0.0 0.0
0.0 0.0 0.0
0.0 0.0 0.0
0.0 0.0 0.0
0.0 0.0 0.0
0.0 0.0 0.0
0.0 0.0 0.0
0.0 0.0 0.0
0.0 0.0 0.0
0.0 0.0 0.0
0.0 0.0 0.0
0.0 0.0 0.0
0.0 0.0 0.0
0.0 0.0 0.0
0.0 0.0 0.0
0.0 0.0 0.0
0.0 0.0 0.0
0.0 0.0 0.0
0.0 0.0 0.0
0.0 0.0 0.0
0.0 0.0 0.0
0.0 0.0 0.0
0.0 0.0 0.0
0.0 0.0 0.0
0.0 0.0 0.0
0.0 0.0 0.0
0.0 0.0 0.0
0.0 0.0 0.0
0.0 0.0 0.0
0.0 0.0 0.0
0.0 0.0 0.0
0.0 0.0 0.0
-6.47973108291626 36.625244140625 -1.7330257892608643
0.0 0.0 0.0
0.0 0.0 0.0
0.0 0.0 0.0
0.0 0.0 0.0
0.0 0.0 0.0
0.0 0.0 0.0
0.0 0.0 0.0
0.0 0.0 0.0
0.0 0.0 0.0
0.0 0.0 0.0
0.0 0.0 0.0
0.0 0.0 0.0
0.0 0.0 0.0
0.0 0.0 0.0
0.0 0.0 0.0
0.0 0.0 0.0
0.0 0.0 0.0
0.0 0.0 0.0
0.0 0.0 0.0
0.0 0.0 0.0
0.0 0.0 0.0
0.0 0.0 0.0
0.0 0.0 0.0
0.0 0.0 0.0
0.0 0.0 0.0
0.0 0.0 0.0
0.0 0.0 0.0
0.0 0.0 0.0
0.0 0.0 0.0
0.0 0.0 0.0
0.0 0.0 0.0
0.0 0.0 0.0
0.0 0.0 0.0
0.0 0.0 0.0
2.620562791824341 37.7588996887207 -1.8421883583068848
0.0 0.0 0.0
0.0 0.0 0.0
0.0 0.0 0.0
0.0 0.0 0.0
0.0 0.0 0.0
0.0 0.0 0.0
0.0 0.0 0.0
0.0 0.0 0.0
0.0 0.0 0.0
0.0 0.0 0.0
0.0 0.0 0.0
5.866775035858154 38.053367614746094 -1.8394885063171387
0.0 0.0 0.0
0.0 0.0 0.0
0.0 0.0 0.0
0.0 0.0 0.0
0.0 0.0 0.0
0.0 0.0 0.0
0.0 0.0 0.0
0.0 0.0 0.0
0.0 0.0 0.0
0.0 0.0 0.0
0.0 0.0 0.0
0.0 0.0 0.0
0.0 0.0 0.0
0.0 0.0 0.0
0.0 0.0 0.0
0.0 0.0 0.0
0.0 0.0 0.0
0.0 0.0 0.0
0.0 0.0 0.0
0.0 0.0 0.0
0.0 0.0 0.0
0.0 0.0 0.0
0.0 0.0 0.0
0.0 0.0 0.0
0.0 0.0 0.0
0.0 0.0 0.0
0.0 0.0 0.0
0.0 0.0 0.0
0.0 0.0 0.0
0.0 0.0 0.0
0.0 0.0 0.0
0.0 0.0 0.0
0.0 0.0 0.0
0.0 0.0 0.0
0.0 0.0 0.0
0.0 0.0 0.0
0.0 0.0 0.0
0.0 0.0 0.0
0.0 0.0 0.0
0.0 0.0 0.0
0.0 0.0 0.0
0.0 0.0 0.0
0.0 0.0 0.0
0.0 0.0 0.0
0.0 0.0 0.0
0.0 0.0 0.0
0.0 0.0 0.0
0.0 0.0 0.0
0.0 0.0 0.0
0.0 0.0 0.0
0.0 0.0 0.0
0.0 0.0 0.0
0.0 0.0 0.0
0.0 0.0 0.0
0.0 0.0 0.0
0.0 0.0 0.0
0.0 0.0 0.0
0.0 0.0 0.0
0.0 0.0 0.0
0.0 0.0 0.0
0.0 0.0 0.0
0.0 0.0 0.0
0.0 0.0 0.0
0.0 0.0 0.0
0.0 0.0 0.0
0.0 0.0 0.0
0.0 0.0 0.0
0.0 0.0 0.0
0.0 0.0 0.0
0.0 0.0 0.0
0.0 0.0 0.0
0.0 0.0 0.0
0.0 0.0 0.0
0.0 0.0 0.0
0.0 0.0 0.0
0.0 0.0 0.0
0.0 0.0 0.0
0.0 0.0 0.0
0.0 0.0 0.0
0.0 0.0 0.0
0.0 0.0 0.0
0.0 0.0 0.0
0.0 0.0 0.0
0.0 0.0 0.0
0.0 0.0 0.0
0.0 0.0 0.0
0.0 0.0 0.0
0.0 0.0 0.0
0.0 0.0 0.0
0.0 0.0 0.0
0.0 0.0 0.0
0.0 0.0 0.0
0.0 0.0 0.0
0.0 0.0 0.0
0.0 0.0 0.0
0.0 0.0 0.0
0.0 0.0 0.0
0.0 0.0 0.0
0.0 0.0 0.0
0.0 0.0 0.0
0.0 0.0 0.0
0.0 0.0 0.0
0.0 0.0 0.0
0.0 0.0 0.0
0.0 0.0 0.0
0.0 0.0 0.0
0.0 0.0 0.0
0.0 0.0 0.0
0.0 0.0 0.0
0.0 0.0 0.0
0.0 0.0 0.0
0.0 0.0 0.0
0.0 0.0 0.0
0.0 0.0 0.0
0.0 0.0 0.0
0.0 0.0 0.0
0.0 0.0 0.0
0.0 0.0 0.0
0.0 0.0 0.0
0.0 0.0 0.0
0.0 0.0 0.0
0.0 0.0 0.0
0.0 0.0 0.0
0.0 0.0 0.0
0.0 0.0 0.0
0.0 0.0 0.0
0.0 0.0 0.0
0.0 0.0 0.0
0.0 0.0 0.0
0.0 0.0 0.0
0.0 0.0 0.0
0.0 0.0 0.0
0.0 0.0 0.0
0.0 0.0 0.0
0.0 0.0 0.0
0.0 0.0 0.0
0.0 0.0 0.0
0.0 0.0 0.0
0.0 0.0 0.0
0.0 0.0 0.0
0.0 0.0 0.0
0.0 0.0 0.0
0.0 0.0 0.0
0.0 0.0 0.0
0.0 0.0 0.0
0.0 0.0 0.0
0.0 0.0 0.0
0.0 0.0 0.0
0.0 0.0 0.0
0.0 0.0 0.0
0.0 0.0 0.0
0.0 0.0 0.0
0.0 0.0 0.0
0.0 0.0 0.0
0.0 0.0 0.0
0.0 0.0 0.0
0.0 0.0 0.0
0.0 0.0 0.0
0.0 0.0 0.0
0.0 0.0 0.0
0.0 0.0 0.0
0.0 0.0 0.0
0.0 0.0 0.0
0.0 0.0 0.0
0.0 0.0 0.0
0.0 0.0 0.0
0.0 0.0 0.0
0.0 0.0 0.0
0.0 0.0 0.0
0.0 0.0 0.0
0.0 0.0 0.0
0.0 0.0 0.0
0.0 0.0 0.0
0.0 0.0 0.0
0.0 0.0 0.0
0.0 0.0 0.0
0.0 0.0 0.0
0.0 0.0 0.0
0.0 0.0 0.0
0.0 0.0 0.0
0.0 0.0 0.0
0.0 0.0 0.0
0.0 0.0 0.0
0.0 0.0 0.0
0.0 0.0 0.0
0.0 0.0 0.0
0.0 0.0 0.0
0.0 0.0 0.0
0.0 0.0 0.0
0.0 0.0 0.0
0.0 0.0 0.0
0.0 0.0 0.0
0.0 0.0 0.0
0.0 0.0 0.0
0.0 0.0 0.0
0.0 0.0 0.0
0.0 0.0 0.0
0.0 0.0 0.0
0.0 0.0 0.0
0.0 0.0 0.0
0.0 0.0 0.0
0.0 0.0 0.0
0.0 0.0 0.0
0.0 0.0 0.0
0.0 0.0 0.0
0.0 0.0 0.0
0.0 0.0 0.0
0.0 0.0 0.0
0.0 0.0 0.0
0.0 0.0 0.0
0.0 0.0 0.0
0.0 0.0 0.0
0.0 0.0 0.0
0.0 0.0 0.0
0.0 0.0 0.0
0.0 0.0 0.0
0.0 0.0 0.0
0.0 0.0 0.0
0.0 0.0 0.0
0.0 0.0 0.0
0.0 0.0 0.0
0.0 0.0 0.0
0.0 0.0 0.0
0.0 0.0 0.0
0.0 0.0 0.0
0.0 0.0 0.0
0.0 0.0 0.0
0.0 0.0 0.0
0.0 0.0 0.0
0.0 0.0 0.0
0.0 0.0 0.0
0.0 0.0 0.0
0.0 0.0 0.0
0.0 0.0 0.0
0.0 0.0 0.0
0.0 0.0 0.0
0.0 0.0 0.0
0.0 0.0 0.0
0.0 0.0 0.0
0.0 0.0 0.0
0.0 0.0 0.0
0.0 0.0 0.0
0.0 0.0 0.0
0.0 0.0 0.0
0.0 0.0 0.0
0.0 0.0 0.0
0.0 0.0 0.0
0.0 0.0 0.0
0.0 0.0 0.0
0.0 0.0 0.0
0.0 0.0 0.0
0.0 0.0 0.0
0.0 0.0 0.0
0.0 0.0 0.0
0.0 0.0 0.0
0.0 0.0 0.0
0.0 0.0 0.0
0.0 0.0 0.0
0.0 0.0 0.0
0.0 0.0 0.0
0.0 0.0 0.0
0.0 0.0 0.0
0.0 0.0 0.0
0.0 0.0 0.0
0.0 0.0 0.0
0.0 0.0 0.0
0.0 0.0 0.0
0.0 0.0 0.0
0.0 0.0 0.0
0.0 0.0 0.0
0.0 0.0 0.0
0.0 0.0 0.0
0.0 0.0 0.0
0.0 0.0 0.0
0.0 0.0 0.0
0.0 0.0 0.0
0.0 0.0 0.0
0.0 0.0 0.0
0.0 0.0 0.0
0.0 0.0 0.0
0.0 0.0 0.0
0.0 0.0 0.0
0.0 0.0 0.0
0.0 0.0 0.0
0.0 0.0 0.0
0.0 0.0 0.0
0.0 0.0 0.0
0.0 0.0 0.0
0.0 0.0 0.0
0.0 0.0 0.0
0.0 0.0 0.0
0.0 0.0 0.0
0.0 0.0 0.0
0.0 0.0 0.0
0.0 0.0 0.0
0.0 0.0 0.0
0.0 0.0 0.0
0.0 0.0 0.0
0.0 0.0 0.0
0.0 0.0 0.0
0.0 0.0 0.0
0.0 0.0 0.0
0.0 0.0 0.0
0.0 0.0 0.0
0.0 0.0 0.0
0.0 0.0 0.0
0.0 0.0 0.0
0.0 0.0 0.0
0.0 0.0 0.0
0.0 0.0 0.0
0.0 0.0 0.0
0.0 0.0 0.0
0.0 0.0 0.0
0.0 0.0 0.0
0.0 0.0 0.0
0.0 0.0 0.0
0.0 0.0 0.0
0.0 0.0 0.0
0.0 0.0 0.0
0.0 0.0 0.0
0.0 0.0 0.0
0.0 0.0 0.0
0.0 0.0 0.0
0.0 0.0 0.0
0.0 0.0 0.0
0.0 0.0 0.0
0.0 0.0 0.0
0.0 0.0 0.0
0.0 0.0 0.0
0.0 0.0 0.0
0.0 0.0 0.0
0.0 0.0 0.0
0.0 0.0 0.0
0.0 0.0 0.0
0.0 0.0 0.0
0.0 0.0 0.0
0.0 0.0 0.0
0.0 0.0 0.0
-0.15167859196662903 37.44831466674805 -1.7238986492156982
0.0 0.0 0.0
0.0 0.0 0.0
0.0 0.0 0.0
0.0 0.0 0.0
1.1656800508499146 37.77401351928711 -1.7400357723236084
0.0 0.0 0.0
0.0 0.0 0.0
0.0 0.0 0.0
2.226975917816162 37.839847564697266 -1.7416247129440308
0.0 0.0 0.0
0.0 0.0 0.0
0.0 0.0 0.0
0.0 0.0 0.0
0.0 0.0 0.0
0.0 0.0 0.0
0.0 0.0 0.0
0.0 0.0 0.0
0.0 0.0 0.0
4.996298789978027 38.6422004699707 -1.7668654918670654
0.0 0.0 0.0
0.0 0.0 0.0
0.0 0.0 0.0
0.0 0.0 0.0
0.0 0.0 0.0
0.0 0.0 0.0
0.0 0.0 0.0
0.0 0.0 0.0
0.0 0.0 0.0
0.0 0.0 0.0
0.0 0.0 0.0
0.0 0.0 0.0
0.0 0.0 0.0
0.0 0.0 0.0
0.0 0.0 0.0
0.0 0.0 0.0
0.0 0.0 0.0
0.0 0.0 0.0
0.0 0.0 0.0
0.0 0.0 0.0
0.0 0.0 0.0
0.0 0.0 0.0
0.0 0.0 0.0
0.0 0.0 0.0
0.0 0.0 0.0
0.0 0.0 0.0
0.0 0.0 0.0
0.0 0.0 0.0
0.0 0.0 0.0
0.0 0.0 0.0
0.0 0.0 0.0
0.0 0.0 0.0
0.0 0.0 0.0
0.0 0.0 0.0
0.0 0.0 0.0
0.0 0.0 0.0
0.0 0.0 0.0
0.0 0.0 0.0
0.0 0.0 0.0
0.0 0.0 0.0
0.0 0.0 0.0
0.0 0.0 0.0
0.0 0.0 0.0
0.0 0.0 0.0
0.0 0.0 0.0
0.0 0.0 0.0
0.0 0.0 0.0
0.0 0.0 0.0
0.0 0.0 0.0
0.0 0.0 0.0
0.0 0.0 0.0
0.0 0.0 0.0
0.0 0.0 0.0
0.0 0.0 0.0
0.0 0.0 0.0
0.0 0.0 0.0
0.0 0.0 0.0
0.0 0.0 0.0
0.0 0.0 0.0
0.0 0.0 0.0
0.0 0.0 0.0
0.0 0.0 0.0
0.0 0.0 0.0
0.0 0.0 0.0
0.0 0.0 0.0
0.0 0.0 0.0
0.0 0.0 0.0
0.0 0.0 0.0
0.0 0.0 0.0
0.0 0.0 0.0
0.0 0.0 0.0
0.0 0.0 0.0
0.0 0.0 0.0
0.0 0.0 0.0
0.0 0.0 0.0
0.0 0.0 0.0
0.0 0.0 0.0
0.0 0.0 0.0
0.0 0.0 0.0
0.0 0.0 0.0
0.0 0.0 0.0
0.0 0.0 0.0
0.0 0.0 0.0
0.0 0.0 0.0
0.0 0.0 0.0
0.0 0.0 0.0
0.0 0.0 0.0
0.0 0.0 0.0
0.0 0.0 0.0
0.0 0.0 0.0
0.0 0.0 0.0
0.0 0.0 0.0
0.0 0.0 0.0
0.0 0.0 0.0
0.0 0.0 0.0
0.0 0.0 0.0
0.0 0.0 0.0
0.0 0.0 0.0
0.0 0.0 0.0
0.0 0.0 0.0
0.0 0.0 0.0
0.0 0.0 0.0
0.0 0.0 0.0
0.0 0.0 0.0
0.0 0.0 0.0
0.0 0.0 0.0
0.0 0.0 0.0
0.0 0.0 0.0
0.0 0.0 0.0
0.0 0.0 0.0
0.0 0.0 0.0
0.0 0.0 0.0
0.0 0.0 0.0
0.0 0.0 0.0
0.0 0.0 0.0
0.0 0.0 0.0
0.0 0.0 0.0
0.0 0.0 0.0
0.0 0.0 0.0
0.0 0.0 0.0
0.0 0.0 0.0
0.0 0.0 0.0
0.0 0.0 0.0
0.0 0.0 0.0
0.0 0.0 0.0
0.0 0.0 0.0
0.0 0.0 0.0
0.0 0.0 0.0
0.0 0.0 0.0
0.0 0.0 0.0
0.0 0.0 0.0
0.0 0.0 0.0
0.0 0.0 0.0
0.0 0.0 0.0
0.0 0.0 0.0
0.0 0.0 0.0
0.0 0.0 0.0
0.0 0.0 0.0
0.0 0.0 0.0
0.0 0.0 0.0
0.0 0.0 0.0
0.0 0.0 0.0
0.0 0.0 0.0
0.0 0.0 0.0
0.0 0.0 0.0
0.0 0.0 0.0
0.0 0.0 0.0
0.0 0.0 0.0
0.0 0.0 0.0
0.0 0.0 0.0
0.0 0.0 0.0
0.0 0.0 0.0
0.0 0.0 0.0
0.0 0.0 0.0
0.0 0.0 0.0
0.0 0.0 0.0
0.0 0.0 0.0
0.0 0.0 0.0
0.0 0.0 0.0
0.0 0.0 0.0
0.0 0.0 0.0
0.0 0.0 0.0
0.0 0.0 0.0
0.0 0.0 0.0
0.0 0.0 0.0
0.0 0.0 0.0
0.0 0.0 0.0
0.0 0.0 0.0
0.0 0.0 0.0
0.0 0.0 0.0
0.0 0.0 0.0
0.0 0.0 0.0
0.0 0.0 0.0
0.0 0.0 0.0
0.0 0.0 0.0
0.0 0.0 0.0
0.0 0.0 0.0
0.0 0.0 0.0
0.0 0.0 0.0
0.0 0.0 0.0
0.0 0.0 0.0
0.0 0.0 0.0
0.0 0.0 0.0
0.0 0.0 0.0
0.0 0.0 0.0
0.0 0.0 0.0
0.0 0.0 0.0
0.0 0.0 0.0
0.0 0.0 0.0
0.0 0.0 0.0
0.0 0.0 0.0
0.0 0.0 0.0
0.0 0.0 0.0
0.0 0.0 0.0
0.0 0.0 0.0
0.0 0.0 0.0
0.0 0.0 0.0
0.0 0.0 0.0
0.0 0.0 0.0
0.0 0.0 0.0
0.0 0.0 0.0
0.0 0.0 0.0
0.0 0.0 0.0
0.0 0.0 0.0
0.0 0.0 0.0
0.0 0.0 0.0
0.0 0.0 0.0
0.0 0.0 0.0
0.0 0.0 0.0
0.0 0.0 0.0
0.0 0.0 0.0
0.0 0.0 0.0
0.0 0.0 0.0
0.0 0.0 0.0
0.0 0.0 0.0
0.0 0.0 0.0
0.0 0.0 0.0
0.0 0.0 0.0
0.0 0.0 0.0
0.0 0.0 0.0
0.0 0.0 0.0
0.0 0.0 0.0
0.0 0.0 0.0
0.0 0.0 0.0
0.0 0.0 0.0
0.0 0.0 0.0
0.0 0.0 0.0
0.0 0.0 0.0
0.0 0.0 0.0
0.0 0.0 0.0
0.0 0.0 0.0
0.0 0.0 0.0
0.0 0.0 0.0
0.0 0.0 0.0
0.0 0.0 0.0
0.0 0.0 0.0
0.0 0.0 0.0
0.0 0.0 0.0
0.0 0.0 0.0
0.0 0.0 0.0
0.0 0.0 0.0
0.0 0.0 0.0
0.0 0.0 0.0
0.0 0.0 0.0
0.0 0.0 0.0
0.0 0.0 0.0
0.0 0.0 0.0
0.0 0.0 0.0
0.0 0.0 0.0
0.0 0.0 0.0
0.0 0.0 0.0
0.0 0.0 0.0
0.0 0.0 0.0
0.0 0.0 0.0
0.0 0.0 0.0
0.0 0.0 0.0
0.0 0.0 0.0
0.0 0.0 0.0
0.0 0.0 0.0
0.0 0.0 0.0
0.0 0.0 0.0
0.0 0.0 0.0
0.0 0.0 0.0
0.0 0.0 0.0
0.0 0.0 0.0
0.0 0.0 0.0
0.0 0.0 0.0
0.0 0.0 0.0
0.0 0.0 0.0
0.0 0.0 0.0
0.0 0.0 0.0
0.0 0.0 0.0
0.0 0.0 0.0
0.0 0.0 0.0
0.0 0.0 0.0
0.0 0.0 0.0
0.0 0.0 0.0
0.0 0.0 0.0
0.0 0.0 0.0
0.0 0.0 0.0
0.0 0.0 0.0
0.0 0.0 0.0
0.0 0.0 0.0
0.0 0.0 0.0
0.0 0.0 0.0
0.0 0.0 0.0
0.0 0.0 0.0
0.0 0.0 0.0
0.0 0.0 0.0
0.0 0.0 0.0
0.0 0.0 0.0
0.0 0.0 0.0
0.0 0.0 0.0
0.0 0.0 0.0
0.0 0.0 0.0
0.0 0.0 0.0
0.0 0.0 0.0
0.0 0.0 0.0
0.0 0.0 0.0
0.0 0.0 0.0
0.0 0.0 0.0
0.0 0.0 0.0
0.0 0.0 0.0
0.0 0.0 0.0
0.0 0.0 0.0
0.0 0.0 0.0
0.0 0.0 0.0
0.0 0.0 0.0
0.0 0.0 0.0
0.0 0.0 0.0
0.0 0.0 0.0
0.0 0.0 0.0
0.0 0.0 0.0
0.0 0.0 0.0
0.0 0.0 0.0
0.0 0.0 0.0
0.0 0.0 0.0
0.0 0.0 0.0
-6.588571071624756 37.24480056762695 -1.5659290552139282
0.0 0.0 0.0
0.0 0.0 0.0
0.0 0.0 0.0
0.0 0.0 0.0
-5.329184055328369 37.77191162109375 -1.6034510135650635
0.0 0.0 0.0
0.0 0.0 0.0
0.0 0.0 0.0
0.0 0.0 0.0
0.0 0.0 0.0
0.0 0.0 0.0
0.0 0.0 0.0
0.0 0.0 0.0
0.0 0.0 0.0
0.0 0.0 0.0
0.0 0.0 0.0
0.0 0.0 0.0
0.0 0.0 0.0
0.0 0.0 0.0
0.0 0.0 0.0
0.0 0.0 0.0
0.0 0.0 0.0
0.0 0.0 0.0
0.0 0.0 0.0
0.0 0.0 0.0
0.0 0.0 0.0
0.0 0.0 0.0
0.0 0.0 0.0
0.0 0.0 0.0
0.0 0.0 0.0
0.0 0.0 0.0
0.0 0.0 0.0
0.0 0.0 0.0
0.0 0.0 0.0
0.0 0.0 0.0
0.0 0.0 0.0
0.0 0.0 0.0
0.0 0.0 0.0
0.0 0.0 0.0
0.0 0.0 0.0
0.0 0.0 0.0
0.0 0.0 0.0
0.0 0.0 0.0
0.0 0.0 0.0
0.0 0.0 0.0
0.0 0.0 0.0
0.0 0.0 0.0
0.0 0.0 0.0
0.0 0.0 0.0
0.0 0.0 0.0
0.0 0.0 0.0
0.0 0.0 0.0
0.0 0.0 0.0
0.0 0.0 0.0
0.0 0.0 0.0
0.0 0.0 0.0
0.0 0.0 0.0
0.0 0.0 0.0
0.0 0.0 0.0
0.0 0.0 0.0
0.0 0.0 0.0
0.0 0.0 0.0
0.0 0.0 0.0
0.0 0.0 0.0
0.0 0.0 0.0
0.0 0.0 0.0
0.0 0.0 0.0
0.0 0.0 0.0
0.0 0.0 0.0
0.0 0.0 0.0
0.0 0.0 0.0
0.0 0.0 0.0
0.0 0.0 0.0
0.0 0.0 0.0
0.0 0.0 0.0
0.0 0.0 0.0
0.0 0.0 0.0
0.0 0.0 0.0
0.0 0.0 0.0
0.0 0.0 0.0
0.0 0.0 0.0
0.0 0.0 0.0
0.0 0.0 0.0
0.0 0.0 0.0
0.0 0.0 0.0
0.0 0.0 0.0
0.0 0.0 0.0
0.0 0.0 0.0
0.0 0.0 0.0
0.0 0.0 0.0
0.0 0.0 0.0
0.0 0.0 0.0
0.0 0.0 0.0
0.0 0.0 0.0
0.0 0.0 0.0
0.0 0.0 0.0
0.0 0.0 0.0
0.0 0.0 0.0
0.0 0.0 0.0
0.0 0.0 0.0
0.0 0.0 0.0
0.0 0.0 0.0
0.0 0.0 0.0
0.0 0.0 0.0
0.0 0.0 0.0
0.0 0.0 0.0
0.0 0.0 0.0
0.0 0.0 0.0
0.0 0.0 0.0
0.0 0.0 0.0
0.0 0.0 0.0
0.0 0.0 0.0
0.0 0.0 0.0
0.0 0.0 0.0
0.0 0.0 0.0
0.0 0.0 0.0
0.0 0.0 0.0
0.0 0.0 0.0
0.0 0.0 0.0
0.0 0.0 0.0
0.0 0.0 0.0
0.0 0.0 0.0
0.0 0.0 0.0
0.0 0.0 0.0
0.0 0.0 0.0
0.0 0.0 0.0
0.0 0.0 0.0
0.0 0.0 0.0
0.0 0.0 0.0
0.0 0.0 0.0
0.0 0.0 0.0
0.0 0.0 0.0
0.0 0.0 0.0
0.0 0.0 0.0
0.0 0.0 0.0
0.0 0.0 0.0
0.0 0.0 0.0
0.0 0.0 0.0
0.0 0.0 0.0
0.0 0.0 0.0
0.0 0.0 0.0
0.0 0.0 0.0
0.0 0.0 0.0
0.0 0.0 0.0
0.0 0.0 0.0
0.0 0.0 0.0
0.0 0.0 0.0
0.0 0.0 0.0
0.0 0.0 0.0
0.0 0.0 0.0
0.0 0.0 0.0
0.0 0.0 0.0
0.0 0.0 0.0
0.0 0.0 0.0
0.0 0.0 0.0
0.0 0.0 0.0
0.0 0.0 0.0
0.0 0.0 0.0
0.0 0.0 0.0
0.0 0.0 0.0
0.0 0.0 0.0
0.0 0.0 0.0
0.0 0.0 0.0
0.0 0.0 0.0
0.0 0.0 0.0
0.0 0.0 0.0
0.0 0.0 0.0
0.0 0.0 0.0
0.0 0.0 0.0
0.0 0.0 0.0
0.0 0.0 0.0
0.0 0.0 0.0
0.0 0.0 0.0
0.0 0.0 0.0
0.0 0.0 0.0
0.0 0.0 0.0
0.0 0.0 0.0
0.0 0.0 0.0
0.0 0.0 0.0
0.0 0.0 0.0
0.0 0.0 0.0
0.0 0.0 0.0
0.0 0.0 0.0
0.0 0.0 0.0
0.0 0.0 0.0
0.0 0.0 0.0
0.0 0.0 0.0
0.0 0.0 0.0
0.0 0.0 0.0
0.0 0.0 0.0
0.0 0.0 0.0
0.0 0.0 0.0
0.0 0.0 0.0
0.0 0.0 0.0
0.0 0.0 0.0
0.0 0.0 0.0
0.0 0.0 0.0
0.0 0.0 0.0
0.0 0.0 0.0
0.0 0.0 0.0
0.0 0.0 0.0
0.0 0.0 0.0
0.0 0.0 0.0
0.0 0.0 0.0
0.0 0.0 0.0
0.0 0.0 0.0
0.0 0.0 0.0
0.0 0.0 0.0
0.0 0.0 0.0
0.0 0.0 0.0
0.0 0.0 0.0
0.0 0.0 0.0
0.0 0.0 0.0
0.0 0.0 0.0
0.0 0.0 0.0
0.0 0.0 0.0
0.0 0.0 0.0
0.0 0.0 0.0
0.0 0.0 0.0
0.0 0.0 0.0
0.0 0.0 0.0
0.0 0.0 0.0
0.0 0.0 0.0
0.0 0.0 0.0
0.0 0.0 0.0
0.0 0.0 0.0
0.0 0.0 0.0
0.0 0.0 0.0
0.0 0.0 0.0
0.0 0.0 0.0
0.0 0.0 0.0
0.0 0.0 0.0
0.0 0.0 0.0
0.0 0.0 0.0
0.0 0.0 0.0
0.0 0.0 0.0
0.0 0.0 0.0
0.0 0.0 0.0
0.0 0.0 0.0
0.0 0.0 0.0
0.0 0.0 0.0
0.0 0.0 0.0
0.0 0.0 0.0
0.0 0.0 0.0
0.0 0.0 0.0
0.0 0.0 0.0
0.0 0.0 0.0
0.0 0.0 0.0
0.0 0.0 0.0
0.0 0.0 0.0
0.0 0.0 0.0
0.0 0.0 0.0
0.0 0.0 0.0
0.0 0.0 0.0
0.0 0.0 0.0
0.0 0.0 0.0
0.0 0.0 0.0
0.0 0.0 0.0
0.0 0.0 0.0
0.0 0.0 0.0
0.0 0.0 0.0
0.0 0.0 0.0
0.0 0.0 0.0
0.0 0.0 0.0
0.0 0.0 0.0
0.0 0.0 0.0
0.0 0.0 0.0
0.0 0.0 0.0
0.0 0.0 0.0
0.0 0.0 0.0
0.0 0.0 0.0
0.0 0.0 0.0
0.0 0.0 0.0
0.0 0.0 0.0
0.0 0.0 0.0
0.0 0.0 0.0
0.0 0.0 0.0
0.0 0.0 0.0
0.0 0.0 0.0
0.0 0.0 0.0
0.0 0.0 0.0
0.0 0.0 0.0
0.0 0.0 0.0
0.0 0.0 0.0
0.0 0.0 0.0
0.0 0.0 0.0
0.0 0.0 0.0
0.0 0.0 0.0
0.0 0.0 0.0
0.0 0.0 0.0
0.0 0.0 0.0
0.0 0.0 0.0
0.0 0.0 0.0
0.0 0.0 0.0
0.0 0.0 0.0
0.0 0.0 0.0
0.0 0.0 0.0
0.0 0.0 0.0
0.0 0.0 0.0
0.0 0.0 0.0
0.0 0.0 0.0
0.0 0.0 0.0
0.0 0.0 0.0
0.0 0.0 0.0
0.0 0.0 0.0
0.0 0.0 0.0
0.0 0.0 0.0
0.0 0.0 0.0
0.0 0.0 0.0
0.0 0.0 0.0
0.0 0.0 0.0
0.0 0.0 0.0
0.0 0.0 0.0
0.0 0.0 0.0
0.0 0.0 0.0
0.0 0.0 0.0
0.0 0.0 0.0
0.0 0.0 0.0
0.0 0.0 0.0
0.0 0.0 0.0
0.0 0.0 0.0
0.0 0.0 0.0
0.0 0.0 0.0
0.0 0.0 0.0
0.0 0.0 0.0
0.0 0.0 0.0
0.0 0.0 0.0
0.0 0.0 0.0
0.0 0.0 0.0
0.0 0.0 0.0
0.0 0.0 0.0
0.0 0.0 0.0
0.0 0.0 0.0
0.0 0.0 0.0
0.0 0.0 0.0
0.0 0.0 0.0
0.0 0.0 0.0
0.0 0.0 0.0
0.0 0.0 0.0
0.0 0.0 0.0
0.0 0.0 0.0
0.0 0.0 0.0
0.0 0.0 0.0
0.0 0.0 0.0
0.0 0.0 0.0
0.0 0.0 0.0
0.0 0.0 0.0
0.0 0.0 0.0
0.0 0.0 0.0
0.0 0.0 0.0
0.0 0.0 0.0
0.0 0.0 0.0
0.0 0.0 0.0
0.0 0.0 0.0
0.0 0.0 0.0
0.0 0.0 0.0
0.0 0.0 0.0
0.0 0.0 0.0
0.0 0.0 0.0
0.0 0.0 0.0
0.0 0.0 0.0
0.0 0.0 0.0
0.0 0.0 0.0
0.0 0.0 0.0
0.0 0.0 0.0
-5.480459690093994 37.87269973754883 -1.507932424545288
0.0 0.0 0.0
0.0 0.0 0.0
-4.641448497772217 37.63813400268555 -1.5058541297912598
0.0 0.0 0.0
0.0 0.0 0.0
0.0 0.0 0.0
0.0 0.0 0.0
0.0 0.0 0.0
0.0 0.0 0.0
0.0 0.0 0.0
0.0 0.0 0.0
0.0 0.0 0.0
0.0 0.0 0.0
0.0 0.0 0.0
0.0 0.0 0.0
0.0 0.0 0.0
0.0 0.0 0.0
0.0 0.0 0.0
0.0 0.0 0.0
0.0 0.0 0.0
0.0 0.0 0.0
0.0 0.0 0.0
0.0 0.0 0.0
0.0 0.0 0.0
0.0 0.0 0.0
0.0 0.0 0.0
0.0 0.0 0.0
0.0 0.0 0.0
0.0 0.0 0.0
0.0 0.0 0.0
0.0 0.0 0.0
0.0 0.0 0.0
0.0 0.0 0.0
0.0 0.0 0.0
0.0 0.0 0.0
18.36814308166504 170.0596923828125 -6.890138149261475
0.0 0.0 0.0
0.0 0.0 0.0
0.0 0.0 0.0
0.0 0.0 0.0
0.0 0.0 0.0
0.0 0.0 0.0
0.0 0.0 0.0
0.0 0.0 0.0
0.0 0.0 0.0
0.0 0.0 0.0
0.0 0.0 0.0
0.0 0.0 0.0
0.0 0.0 0.0
0.0 0.0 0.0
0.0 0.0 0.0
0.0 0.0 0.0
0.0 0.0 0.0
0.0 0.0 0.0
0.0 0.0 0.0
0.0 0.0 0.0
0.0 0.0 0.0
0.0 0.0 0.0
0.0 0.0 0.0
0.0 0.0 0.0
0.0 0.0 0.0
0.0 0.0 0.0
0.0 0.0 0.0
0.0 0.0 0.0
0.0 0.0 0.0
0.0 0.0 0.0
0.0 0.0 0.0
0.0 0.0 0.0
0.0 0.0 0.0
0.0 0.0 0.0
0.0 0.0 0.0
0.0 0.0 0.0
0.0 0.0 0.0
0.0 0.0 0.0
0.0 0.0 0.0
0.0 0.0 0.0
0.0 0.0 0.0
0.0 0.0 0.0
54.87425231933594 127.11476135253906 -4.75855016708374
0.0 0.0 0.0
0.0 0.0 0.0
0.0 0.0 0.0
0.0 0.0 0.0
0.0 0.0 0.0
0.0 0.0 0.0
0.0 0.0 0.0
0.0 0.0 0.0
0.0 0.0 0.0
0.0 0.0 0.0
0.0 0.0 0.0
0.0 0.0 0.0
0.0 0.0 0.0
0.0 0.0 0.0
0.0 0.0 0.0
0.0 0.0 0.0
0.0 0.0 0.0
0.0 0.0 0.0
0.0 0.0 0.0
0.0 0.0 0.0
0.0 0.0 0.0
0.0 0.0 0.0
0.0 0.0 0.0
0.0 0.0 0.0
0.0 0.0 0.0
0.0 0.0 0.0
0.0 0.0 0.0
0.0 0.0 0.0
0.0 0.0 0.0
0.0 0.0 0.0
0.0 0.0 0.0
0.0 0.0 0.0
0.0 0.0 0.0
0.0 0.0 0.0
0.0 0.0 0.0
0.0 0.0 0.0
0.0 0.0 0.0
0.0 0.0 0.0
0.0 0.0 0.0
0.0 0.0 0.0
0.0 0.0 0.0
0.0 0.0 0.0
0.0 0.0 0.0
0.0 0.0 0.0
0.0 0.0 0.0
0.0 0.0 0.0
0.0 0.0 0.0
0.0 0.0 0.0
0.0 0.0 0.0
0.0 0.0 0.0
0.0 0.0 0.0
0.0 0.0 0.0
0.0 0.0 0.0
0.0 0.0 0.0
0.0 0.0 0.0
0.0 0.0 0.0
0.0 0.0 0.0
0.0 0.0 0.0
0.0 0.0 0.0
0.0 0.0 0.0
0.0 0.0 0.0
0.0 0.0 0.0
0.0 0.0 0.0
0.0 0.0 0.0
0.0 0.0 0.0
0.0 0.0 0.0
0.0 0.0 0.0
0.0 0.0 0.0
0.0 0.0 0.0
0.0 0.0 0.0
0.0 0.0 0.0
0.0 0.0 0.0
0.0 0.0 0.0
0.0 0.0 0.0
0.0 0.0 0.0
0.0 0.0 0.0
0.0 0.0 0.0
0.0 0.0 0.0
0.0 0.0 0.0
0.0 0.0 0.0
0.0 0.0 0.0
0.0 0.0 0.0
0.0 0.0 0.0
0.0 0.0 0.0
0.0 0.0 0.0
0.0 0.0 0.0
0.0 0.0 0.0
0.0 0.0 0.0
0.0 0.0 0.0
0.0 0.0 0.0
0.0 0.0 0.0
0.0 0.0 0.0
0.0 0.0 0.0
0.0 0.0 0.0
0.0 0.0 0.0
0.0 0.0 0.0
0.0 0.0 0.0
0.0 0.0 0.0
0.0 0.0 0.0
0.0 0.0 0.0
0.0 0.0 0.0
0.0 0.0 0.0
0.0 0.0 0.0
0.0 0.0 0.0
0.0 0.0 0.0
0.0 0.0 0.0
0.0 0.0 0.0
0.0 0.0 0.0
0.0 0.0 0.0
0.0 0.0 0.0
0.0 0.0 0.0
0.0 0.0 0.0
0.0 0.0 0.0
0.0 0.0 0.0
0.0 0.0 0.0
0.0 0.0 0.0
0.0 0.0 0.0
0.0 0.0 0.0
0.0 0.0 0.0
0.0 0.0 0.0
0.0 0.0 0.0
0.0 0.0 0.0
0.0 0.0 0.0
0.0 0.0 0.0
0.0 0.0 0.0
0.0 0.0 0.0
0.0 0.0 0.0
0.0 0.0 0.0
0.0 0.0 0.0
0.0 0.0 0.0
0.0 0.0 0.0
0.0 0.0 0.0
0.0 0.0 0.0
0.0 0.0 0.0
0.0 0.0 0.0
0.0 0.0 0.0
0.0 0.0 0.0
0.0 0.0 0.0
0.0 0.0 0.0
0.0 0.0 0.0
0.0 0.0 0.0
0.0 0.0 0.0
0.0 0.0 0.0
0.0 0.0 0.0
0.0 0.0 0.0
0.0 0.0 0.0
0.0 0.0 0.0
0.0 0.0 0.0
0.0 0.0 0.0
0.0 0.0 0.0
0.0 0.0 0.0
0.0 0.0 0.0
0.0 0.0 0.0
0.0 0.0 0.0
0.0 0.0 0.0
0.0 0.0 0.0
0.0 0.0 0.0
0.0 0.0 0.0
0.0 0.0 0.0
0.0 0.0 0.0
0.0 0.0 0.0
0.0 0.0 0.0
0.0 0.0 0.0
0.0 0.0 0.0
0.0 0.0 0.0
0.0 0.0 0.0
0.0 0.0 0.0
0.0 0.0 0.0
0.0 0.0 0.0
0.0 0.0 0.0
0.0 0.0 0.0
0.0 0.0 0.0
0.0 0.0 0.0
0.0 0.0 0.0
0.0 0.0 0.0
0.0 0.0 0.0
0.0 0.0 0.0
0.0 0.0 0.0
0.0 0.0 0.0
0.0 0.0 0.0
0.0 0.0 0.0
0.0 0.0 0.0
0.0 0.0 0.0
0.0 0.0 0.0
0.0 0.0 0.0
0.0 0.0 0.0
0.0 0.0 0.0
0.0 0.0 0.0
0.0 0.0 0.0
0.0 0.0 0.0
0.0 0.0 0.0
0.0 0.0 0.0
0.0 0.0 0.0
0.0 0.0 0.0
0.0 0.0 0.0
0.0 0.0 0.0
0.0 0.0 0.0
0.0 0.0 0.0
0.0 0.0 0.0
0.0 0.0 0.0
0.0 0.0 0.0
0.0 0.0 0.0
0.0 0.0 0.0
0.0 0.0 0.0
0.0 0.0 0.0
0.0 0.0 0.0
0.0 0.0 0.0
0.0 0.0 0.0
0.0 0.0 0.0
0.0 0.0 0.0
0.0 0.0 0.0
0.0 0.0 0.0
0.0 0.0 0.0
0.0 0.0 0.0
0.0 0.0 0.0
0.0 0.0 0.0
0.0 0.0 0.0
0.0 0.0 0.0
0.0 0.0 0.0
-69.23258972167969 103.97940063476562 -2.7278950214385986
0.0 0.0 0.0
0.0 0.0 0.0
0.0 0.0 0.0
0.0 0.0 0.0
0.0 0.0 0.0
0.0 0.0 0.0
0.0 0.0 0.0
0.0 0.0 0.0
0.0 0.0 0.0
0.0 0.0 0.0
0.0 0.0 0.0
0.0 0.0 0.0
0.0 0.0 0.0
0.0 0.0 0.0
0.0 0.0 0.0
0.0 0.0 0.0
0.0 0.0 0.0
0.0 0.0 0.0
0.0 0.0 0.0
0.0 0.0 0.0
0.0 0.0 0.0
0.0 0.0 0.0
0.0 0.0 0.0
0.0 0.0 0.0
0.0 0.0 0.0
0.0 0.0 0.0
0.0 0.0 0.0
0.0 0.0 0.0
0.0 0.0 0.0
0.0 0.0 0.0
0.0 0.0 0.0
0.0 0.0 0.0
0.0 0.0 0.0
0.0 0.0 0.0
0.0 0.0 0.0
0.0 0.0 0.0
0.0 0.0 0.0
0.0 0.0 0.0
0.0 0.0 0.0
0.0 0.0 0.0
0.0 0.0 0.0
0.0 0.0 0.0
0.0 0.0 0.0
0.0 0.0 0.0
0.0 0.0 0.0
0.0 0.0 0.0
0.0 0.0 0.0
0.0 0.0 0.0
0.0 0.0 0.0
0.0 0.0 0.0
0.0 0.0 0.0
0.0 0.0 0.0
0.0 0.0 0.0
0.0 0.0 0.0
0.0 0.0 0.0
0.0 0.0 0.0
0.0 0.0 0.0
0.0 0.0 0.0
0.0 0.0 0.0
0.0 0.0 0.0
0.0 0.0 0.0
0.0 0.0 0.0
0.0 0.0 0.0
0.0 0.0 0.0
0.0 0.0 0.0
0.0 0.0 0.0
0.0 0.0 0.0
0.0 0.0 0.0
0.0 0.0 0.0
0.0 0.0 0.0
0.0 0.0 0.0
0.0 0.0 0.0
0.0 0.0 0.0
0.0 0.0 0.0
0.0 0.0 0.0
0.0 0.0 0.0
0.0 0.0 0.0
0.0 0.0 0.0
0.0 0.0 0.0
0.0 0.0 0.0
0.0 0.0 0.0
0.0 0.0 0.0
0.0 0.0 0.0
0.0 0.0 0.0
0.0 0.0 0.0
0.0 0.0 0.0
0.0 0.0 0.0
0.0 0.0 0.0
0.0 0.0 0.0
0.0 0.0 0.0
0.0 0.0 0.0
0.0 0.0 0.0
0.0 0.0 0.0
0.0 0.0 0.0
0.0 0.0 0.0
0.0 0.0 0.0
0.0 0.0 0.0
0.0 0.0 0.0
0.0 0.0 0.0
0.0 0.0 0.0
0.0 0.0 0.0
0.0 0.0 0.0
0.0 0.0 0.0
0.0 0.0 0.0
0.0 0.0 0.0
0.0 0.0 0.0
0.0 0.0 0.0
0.0 0.0 0.0
0.0 0.0 0.0
0.0 0.0 0.0
0.0 0.0 0.0
0.0 0.0 0.0
0.0 0.0 0.0
0.0 0.0 0.0
0.0 0.0 0.0
0.0 0.0 0.0
0.0 0.0 0.0
0.0 0.0 0.0
0.0 0.0 0.0
0.0 0.0 0.0
0.0 0.0 0.0
0.0 0.0 0.0
0.0 0.0 0.0
0.0 0.0 0.0
0.0 0.0 0.0
0.0 0.0 0.0
0.0 0.0 0.0
0.0 0.0 0.0
0.0 0.0 0.0
0.0 0.0 0.0
0.0 0.0 0.0
0.0 0.0 0.0
0.0 0.0 0.0
0.0 0.0 0.0
15.937292098999023 42.95636749267578 -1.5499876737594604
0.0 0.0 0.0
0.0 0.0 0.0
0.0 0.0 0.0
0.0 0.0 0.0
0.0 0.0 0.0
0.0 0.0 0.0
0.0 0.0 0.0
0.0 0.0 0.0
0.0 0.0 0.0
0.0 0.0 0.0
0.0 0.0 0.0
0.0 0.0 0.0
0.0 0.0 0.0
0.0 0.0 0.0
0.0 0.0 0.0
0.0 0.0 0.0
0.0 0.0 0.0
0.0 0.0 0.0
0.0 0.0 0.0
0.0 0.0 0.0
0.0 0.0 0.0
0.0 0.0 0.0
0.0 0.0 0.0
0.0 0.0 0.0
0.0 0.0 0.0
0.0 0.0 0.0
0.0 0.0 0.0
0.0 0.0 0.0
0.0 0.0 0.0
0.0 0.0 0.0
0.0 0.0 0.0
0.0 0.0 0.0
0.0 0.0 0.0
0.0 0.0 0.0
0.0 0.0 0.0
0.0 0.0 0.0
0.0 0.0 0.0
0.0 0.0 0.0
0.0 0.0 0.0
0.0 0.0 0.0
0.0 0.0 0.0
0.0 0.0 0.0
0.0 0.0 0.0
0.0 0.0 0.0
0.0 0.0 0.0
0.0 0.0 0.0
0.0 0.0 0.0
0.0 0.0 0.0
0.0 0.0 0.0
0.0 0.0 0.0
0.0 0.0 0.0
0.0 0.0 0.0
0.0 0.0 0.0
0.0 0.0 0.0
0.0 0.0 0.0
0.0 0.0 0.0
0.0 0.0 0.0
0.0 0.0 0.0
0.0 0.0 0.0
0.0 0.0 0.0
0.0 0.0 0.0
0.0 0.0 0.0
0.0 0.0 0.0
0.0 0.0 0.0
0.0 0.0 0.0
0.0 0.0 0.0
0.0 0.0 0.0
0.0 0.0 0.0
0.0 0.0 0.0
0.0 0.0 0.0
0.0 0.0 0.0
0.0 0.0 0.0
0.0 0.0 0.0
0.0 0.0 0.0
0.0 0.0 0.0
0.0 0.0 0.0
0.0 0.0 0.0
0.0 0.0 0.0
0.0 0.0 0.0
0.0 0.0 0.0
0.0 0.0 0.0
0.0 0.0 0.0
0.0 0.0 0.0
0.0 0.0 0.0
0.0 0.0 0.0
0.0 0.0 0.0
0.0 0.0 0.0
0.0 0.0 0.0
0.0 0.0 0.0
0.0 0.0 0.0
0.0 0.0 0.0
0.0 0.0 0.0
0.0 0.0 0.0
0.0 0.0 0.0
0.0 0.0 0.0
0.0 0.0 0.0
0.0 0.0 0.0
0.0 0.0 0.0
0.0 0.0 0.0
0.0 0.0 0.0
0.0 0.0 0.0
0.0 0.0 0.0
0.0 0.0 0.0
0.0 0.0 0.0
0.0 0.0 0.0
0.0 0.0 0.0
0.0 0.0 0.0
0.0 0.0 0.0
0.0 0.0 0.0
0.0 0.0 0.0
0.0 0.0 0.0
0.0 0.0 0.0
0.0 0.0 0.0
0.0 0.0 0.0
0.0 0.0 0.0
0.0 0.0 0.0
0.0 0.0 0.0
0.0 0.0 0.0
0.0 0.0 0.0
0.0 0.0 0.0
0.0 0.0 0.0
0.0 0.0 0.0
0.0 0.0 0.0
0.0 0.0 0.0
0.0 0.0 0.0
0.0 0.0 0.0
0.0 0.0 0.0
0.0 0.0 0.0
0.0 0.0 0.0
0.0 0.0 0.0
0.0 0.0 0.0
0.0 0.0 0.0
0.0 0.0 0.0
0.0 0.0 0.0
0.0 0.0 0.0
0.0 0.0 0.0
0.0 0.0 0.0
0.0 0.0 0.0
0.0 0.0 0.0
0.0 0.0 0.0
0.0 0.0 0.0
0.0 0.0 0.0
0.0 0.0 0.0
0.0 0.0 0.0
0.0 0.0 0.0
0.0 0.0 0.0
0.0 0.0 0.0
0.0 0.0 0.0
0.0 0.0 0.0
0.0 0.0 0.0
0.0 0.0 0.0
0.0 0.0 0.0
0.0 0.0 0.0
0.0 0.0 0.0
0.0 0.0 0.0
0.0 0.0 0.0
0.0 0.0 0.0
0.0 0.0 0.0
0.0 0.0 0.0
0.0 0.0 0.0
0.0 0.0 0.0
0.0 0.0 0.0
0.0 0.0 0.0
0.0 0.0 0.0
0.0 0.0 0.0
0.0 0.0 0.0
0.0 0.0 0.0
0.0 0.0 0.0
0.0 0.0 0.0
0.0 0.0 0.0
0.0 0.0 0.0
0.0 0.0 0.0
0.0 0.0 0.0
0.0 0.0 0.0
0.0 0.0 0.0
0.0 0.0 0.0
0.0 0.0 0.0
0.0 0.0 0.0
0.0 0.0 0.0
0.0 0.0 0.0
0.0 0.0 0.0
0.0 0.0 0.0
0.0 0.0 0.0
0.0 0.0 0.0
0.0 0.0 0.0
0.0 0.0 0.0
0.0 0.0 0.0
0.0 0.0 0.0
0.0 0.0 0.0
0.0 0.0 0.0
0.0 0.0 0.0
0.0 0.0 0.0
0.0 0.0 0.0
0.0 0.0 0.0
0.0 0.0 0.0
0.0 0.0 0.0
0.0 0.0 0.0
0.0 0.0 0.0
0.0 0.0 0.0
0.0 0.0 0.0
0.0 0.0 0.0
0.0 0.0 0.0
0.0 0.0 0.0
0.0 0.0 0.0
0.0 0.0 0.0
0.0 0.0 0.0
0.0 0.0 0.0
0.0 0.0 0.0
0.0 0.0 0.0
0.0 0.0 0.0
0.0 0.0 0.0
0.0 0.0 0.0
0.0 0.0 0.0
0.0 0.0 0.0
0.0 0.0 0.0
0.0 0.0 0.0
0.0 0.0 0.0
0.0 0.0 0.0
0.0 0.0 0.0
0.0 0.0 0.0
0.0 0.0 0.0
0.0 0.0 0.0
0.0 0.0 0.0
0.0 0.0 0.0
0.0 0.0 0.0
0.0 0.0 0.0
0.0 0.0 0.0
0.0 0.0 0.0
0.0 0.0 0.0
0.0 0.0 0.0
0.0 0.0 0.0
0.0 0.0 0.0
0.0 0.0 0.0
0.0 0.0 0.0
0.0 0.0 0.0
0.0 0.0 0.0
0.0 0.0 0.0
0.0 0.0 0.0
0.0 0.0 0.0
0.0 0.0 0.0
0.0 0.0 0.0
0.0 0.0 0.0
0.0 0.0 0.0
0.0 0.0 0.0
0.0 0.0 0.0
0.0 0.0 0.0
0.0 0.0 0.0
0.0 0.0 0.0
0.0 0.0 0.0
0.0 0.0 0.0
0.0 0.0 0.0
0.0 0.0 0.0
0.0 0.0 0.0
0.0 0.0 0.0
0.0 0.0 0.0
0.0 0.0 0.0
0.0 0.0 0.0
0.0 0.0 0.0
0.0 0.0 0.0
0.0 0.0 0.0
0.0 0.0 0.0
0.0 0.0 0.0
0.0 0.0 0.0
0.0 0.0 0.0
0.0 0.0 0.0
0.0 0.0 0.0
0.0 0.0 0.0
0.0 0.0 0.0
0.0 0.0 0.0
0.0 0.0 0.0
0.0 0.0 0.0
0.0 0.0 0.0
0.0 0.0 0.0
0.0 0.0 0.0
0.0 0.0 0.0
0.0 0.0 0.0
0.0 0.0 0.0
0.0 0.0 0.0
0.0 0.0 0.0
0.0 0.0 0.0
0.0 0.0 0.0
-49.05937576293945 242.63870239257812 -8.29046630859375
0.0 0.0 0.0
0.0 0.0 0.0
0.0 0.0 0.0
0.0 0.0 0.0
0.0 0.0 0.0
0.0 0.0 0.0
0.0 0.0 0.0
0.0 0.0 0.0
0.0 0.0 0.0
0.0 0.0 0.0
0.0 0.0 0.0
0.0 0.0 0.0
0.0 0.0 0.0
0.0 0.0 0.0
0.0 0.0 0.0
0.0 0.0 0.0
0.0 0.0 0.0
0.0 0.0 0.0
0.0 0.0 0.0
0.0 0.0 0.0
0.0 0.0 0.0
0.0 0.0 0.0
0.0 0.0 0.0
0.0 0.0 0.0
0.0 0.0 0.0
0.0 0.0 0.0
0.0 0.0 0.0
0.0 0.0 0.0
0.0 0.0 0.0
0.0 0.0 0.0
0.0 0.0 0.0
0.0 0.0 0.0
0.0 0.0 0.0
0.0 0.0 0.0
0.0 0.0 0.0
0.0 0.0 0.0
0.0 0.0 0.0
0.0 0.0 0.0
0.0 0.0 0.0
0.0 0.0 0.0
0.0 0.0 0.0
0.0 0.0 0.0
0.0 0.0 0.0
0.0 0.0 0.0
0.0 0.0 0.0
0.0 0.0 0.0
0.0 0.0 0.0
0.0 0.0 0.0
0.0 0.0 0.0
0.0 0.0 0.0
0.0 0.0 0.0
0.0 0.0 0.0
0.0 0.0 0.0
0.0 0.0 0.0
0.0 0.0 0.0
0.0 0.0 0.0
0.0 0.0 0.0
0.0 0.0 0.0
0.0 0.0 0.0
0.0 0.0 0.0
0.0 0.0 0.0
0.0 0.0 0.0
0.0 0.0 0.0
0.0 0.0 0.0
0.0 0.0 0.0
0.0 0.0 0.0
0.0 0.0 0.0
0.0 0.0 0.0
0.0 0.0 0.0
0.0 0.0 0.0
0.0 0.0 0.0
0.0 0.0 0.0
0.0 0.0 0.0
0.0 0.0 0.0
0.0 0.0 0.0
0.0 0.0 0.0
0.0 0.0 0.0
0.0 0.0 0.0
0.0 0.0 0.0
0.0 0.0 0.0
0.0 0.0 0.0
0.0 0.0 0.0
0.0 0.0 0.0
0.0 0.0 0.0
0.0 0.0 0.0
0.0 0.0 0.0
0.0 0.0 0.0
0.0 0.0 0.0
0.0 0.0 0.0
0.0 0.0 0.0
0.0 0.0 0.0
0.0 0.0 0.0
0.0 0.0 0.0
0.0 0.0 0.0
0.0 0.0 0.0
0.0 0.0 0.0
0.0 0.0 0.0
0.0 0.0 0.0
0.0 0.0 0.0
0.0 0.0 0.0
0.0 0.0 0.0
0.0 0.0 0.0
0.0 0.0 0.0
0.0 0.0 0.0
0.0 0.0 0.0
0.0 0.0 0.0
0.0 0.0 0.0
0.0 0.0 0.0
0.0 0.0 0.0
0.0 0.0 0.0
0.0 0.0 0.0
0.0 0.0 0.0
0.0 0.0 0.0
0.0 0.0 0.0
0.0 0.0 0.0
0.0 0.0 0.0
0.0 0.0 0.0
0.0 0.0 0.0
0.0 0.0 0.0
0.0 0.0 0.0
0.0 0.0 0.0
0.0 0.0 0.0
0.0 0.0 0.0
0.0 0.0 0.0
0.0 0.0 0.0
0.0 0.0 0.0
0.0 0.0 0.0
0.0 0.0 0.0
0.0 0.0 0.0
0.0 0.0 0.0
0.0 0.0 0.0
0.0 0.0 0.0
0.0 0.0 0.0
0.0 0.0 0.0
0.0 0.0 0.0
0.0 0.0 0.0
0.0 0.0 0.0
0.0 0.0 0.0
0.0 0.0 0.0
0.0 0.0 0.0
0.0 0.0 0.0
0.0 0.0 0.0
0.0 0.0 0.0
0.0 0.0 0.0
0.0 0.0 0.0
0.0 0.0 0.0
0.0 0.0 0.0
0.0 0.0 0.0
0.0 0.0 0.0
0.0 0.0 0.0
0.0 0.0 0.0
0.0 0.0 0.0
0.0 0.0 0.0
0.0 0.0 0.0
0.0 0.0 0.0
0.0 0.0 0.0
0.0 0.0 0.0
0.0 0.0 0.0
0.0 0.0 0.0
0.0 0.0 0.0
0.0 0.0 0.0
0.0 0.0 0.0
0.0 0.0 0.0
0.0 0.0 0.0
0.0 0.0 0.0
0.0 0.0 0.0
0.0 0.0 0.0
0.0 0.0 0.0
0.0 0.0 0.0
0.0 0.0 0.0
0.0 0.0 0.0
0.0 0.0 0.0
0.0 0.0 0.0
0.0 0.0 0.0
0.0 0.0 0.0
0.0 0.0 0.0
0.0 0.0 0.0
0.0 0.0 0.0
0.0 0.0 0.0
0.0 0.0 0.0
0.0 0.0 0.0
0.0 0.0 0.0
0.0 0.0 0.0
0.0 0.0 0.0
0.0 0.0 0.0
0.0 0.0 0.0
0.0 0.0 0.0
0.0 0.0 0.0
0.0 0.0 0.0
0.0 0.0 0.0
0.0 0.0 0.0
0.0 0.0 0.0
0.0 0.0 0.0
0.0 0.0 0.0
0.0 0.0 0.0
0.0 0.0 0.0
0.0 0.0 0.0
0.0 0.0 0.0
0.0 0.0 0.0
0.0 0.0 0.0
0.0 0.0 0.0
0.0 0.0 0.0
0.0 0.0 0.0
0.0 0.0 0.0
0.0 0.0 0.0
0.0 0.0 0.0
0.0 0.0 0.0
0.0 0.0 0.0
0.0 0.0 0.0
0.0 0.0 0.0
0.0 0.0 0.0
0.0 0.0 0.0
0.0 0.0 0.0
0.0 0.0 0.0
0.0 0.0 0.0
0.0 0.0 0.0
0.0 0.0 0.0
0.0 0.0 0.0
0.0 0.0 0.0
0.0 0.0 0.0
0.0 0.0 0.0
0.0 0.0 0.0
0.0 0.0 0.0
0.0 0.0 0.0
0.0 0.0 0.0
0.0 0.0 0.0
0.0 0.0 0.0
0.0 0.0 0.0
0.0 0.0 0.0
0.0 0.0 0.0
0.0 0.0 0.0
0.0 0.0 0.0
0.0 0.0 0.0
0.0 0.0 0.0
0.0 0.0 0.0
0.0 0.0 0.0
0.0 0.0 0.0
0.0 0.0 0.0
0.0 0.0 0.0
0.0 0.0 0.0
0.0 0.0 0.0
0.0 0.0 0.0
0.0 0.0 0.0
0.0 0.0 0.0
0.0 0.0 0.0
0.0 0.0 0.0
0.0 0.0 0.0
0.0 0.0 0.0
0.0 0.0 0.0
0.0 0.0 0.0
0.0 0.0 0.0
0.0 0.0 0.0
0.0 0.0 0.0
0.0 0.0 0.0
0.0 0.0 0.0
0.0 0.0 0.0
0.0 0.0 0.0
0.0 0.0 0.0
0.0 0.0 0.0
0.0 0.0 0.0
0.0 0.0 0.0
0.0 0.0 0.0
0.0 0.0 0.0
0.0 0.0 0.0
0.0 0.0 0.0
0.0 0.0 0.0
0.0 0.0 0.0
0.0 0.0 0.0
0.0 0.0 0.0
0.0 0.0 0.0
0.0 0.0 0.0
0.0 0.0 0.0
0.0 0.0 0.0
0.0 0.0 0.0
0.0 0.0 0.0
0.0 0.0 0.0
0.0 0.0 0.0
0.0 0.0 0.0
0.0 0.0 0.0
0.0 0.0 0.0
0.0 0.0 0.0
0.0 0.0 0.0
0.0 0.0 0.0
0.0 0.0 0.0
0.0 0.0 0.0
0.0 0.0 0.0
0.0 0.0 0.0
0.0 0.0 0.0
0.0 0.0 0.0
0.0 0.0 0.0
0.0 0.0 0.0
0.0 0.0 0.0
0.0 0.0 0.0
0.0 0.0 0.0
0.0 0.0 0.0
0.0 0.0 0.0
0.0 0.0 0.0
0.0 0.0 0.0
0.0 0.0 0.0
0.0 0.0 0.0
0.0 0.0 0.0
0.0 0.0 0.0
0.0 0.0 0.0
0.0 0.0 0.0
0.0 0.0 0.0
0.0 0.0 0.0
0.0 0.0 0.0
0.0 0.0 0.0
0.0 0.0 0.0
0.0 0.0 0.0
0.0 0.0 0.0
0.0 0.0 0.0
0.0 0.0 0.0
0.0 0.0 0.0
0.0 0.0 0.0
0.0 0.0 0.0
0.0 0.0 0.0
0.0 0.0 0.0
0.0 0.0 0.0
0.0 0.0 0.0
0.0 0.0 0.0
0.0 0.0 0.0
0.0 0.0 0.0
0.0 0.0 0.0
0.0 0.0 0.0
0.0 0.0 0.0
0.0 0.0 0.0
0.0 0.0 0.0
0.0 0.0 0.0
0.0 0.0 0.0
0.0 0.0 0.0
0.0 0.0 0.0
0.0 0.0 0.0
0.0 0.0 0.0
0.0 0.0 0.0
0.0 0.0 0.0
0.0 0.0 0.0
0.0 0.0 0.0
0.0 0.0 0.0
0.0 0.0 0.0
0.0 0.0 0.0
0.0 0.0 0.0
0.0 0.0 0.0
0.0 0.0 0.0
0.0 0.0 0.0
0.0 0.0 0.0
0.0 0.0 0.0
0.0 0.0 0.0
0.0 0.0 0.0
0.0 0.0 0.0
0.0 0.0 0.0
0.0 0.0 0.0
0.0 0.0 0.0
0.0 0.0 0.0
0.0 0.0 0.0
0.0 0.0 0.0
0.0 0.0 0.0
0.0 0.0 0.0
0.0 0.0 0.0
0.0 0.0 0.0
0.0 0.0 0.0
0.0 0.0 0.0
0.0 0.0 0.0
0.0 0.0 0.0
0.0 0.0 0.0
0.0 0.0 0.0
0.0 0.0 0.0
0.0 0.0 0.0
0.0 0.0 0.0
0.0 0.0 0.0
0.0 0.0 0.0
0.0 0.0 0.0
0.0 0.0 0.0
0.0 0.0 0.0
0.0 0.0 0.0
0.0 0.0 0.0
0.0 0.0 0.0
0.0 0.0 0.0
0.0 0.0 0.0
0.0 0.0 0.0
0.0 0.0 0.0
0.0 0.0 0.0
0.0 0.0 0.0
0.0 0.0 0.0
0.0 0.0 0.0
0.0 0.0 0.0
0.0 0.0 0.0
0.0 0.0 0.0
0.0 0.0 0.0
0.0 0.0 0.0
0.0 0.0 0.0
0.0 0.0 0.0
0.0 0.0 0.0
0.0 0.0 0.0
0.0 0.0 0.0
0.0 0.0 0.0
0.0 0.0 0.0
0.0 0.0 0.0
0.0 0.0 0.0
0.0 0.0 0.0
0.0 0.0 0.0
0.0 0.0 0.0
0.0 0.0 0.0
0.0 0.0 0.0
0.0 0.0 0.0
0.0 0.0 0.0
0.0 0.0 0.0
0.0 0.0 0.0
0.0 0.0 0.0
0.0 0.0 0.0
0.0 0.0 0.0
0.0 0.0 0.0
0.0 0.0 0.0
0.0 0.0 0.0
0.0 0.0 0.0
0.0 0.0 0.0
0.0 0.0 0.0
0.0 0.0 0.0
0.0 0.0 0.0
0.0 0.0 0.0
0.0 0.0 0.0
0.0 0.0 0.0
0.0 0.0 0.0
0.0 0.0 0.0
0.0 0.0 0.0
0.0 0.0 0.0
0.0 0.0 0.0
0.0 0.0 0.0
0.0 0.0 0.0
0.0 0.0 0.0
0.0 0.0 0.0
0.0 0.0 0.0
0.0 0.0 0.0
0.0 0.0 0.0
0.0 0.0 0.0
0.0 0.0 0.0
0.0 0.0 0.0
0.0 0.0 0.0
0.0 0.0 0.0
0.0 0.0 0.0
0.0 0.0 0.0
0.0 0.0 0.0
0.0 0.0 0.0
0.0 0.0 0.0
0.0 0.0 0.0
0.0 0.0 0.0
0.0 0.0 0.0
0.0 0.0 0.0
0.0 0.0 0.0
0.0 0.0 0.0
0.0 0.0 0.0
0.0 0.0 0.0
0.0 0.0 0.0
0.0 0.0 0.0
0.0 0.0 0.0
0.0 0.0 0.0
0.0 0.0 0.0
0.0 0.0 0.0
0.0 0.0 0.0
0.0 0.0 0.0
0.0 0.0 0.0
0.0 0.0 0.0
0.0 0.0 0.0
0.0 0.0 0.0
0.0 0.0 0.0
0.0 0.0 0.0
0.0 0.0 0.0
0.0 0.0 0.0
0.0 0.0 0.0
0.0 0.0 0.0
0.0 0.0 0.0
0.0 0.0 0.0
0.0 0.0 0.0
0.0 0.0 0.0
0.0 0.0 0.0
0.0 0.0 0.0
0.0 0.0 0.0
0.0 0.0 0.0
0.0 0.0 0.0
0.0 0.0 0.0
0.0 0.0 0.0
0.0 0.0 0.0
0.0 0.0 0.0
0.0 0.0 0.0
0.0 0.0 0.0
0.0 0.0 0.0
0.0 0.0 0.0
0.0 0.0 0.0
0.0 0.0 0.0
0.0 0.0 0.0
0.0 0.0 0.0
0.0 0.0 0.0
0.0 0.0 0.0
0.0 0.0 0.0
0.0 0.0 0.0
0.0 0.0 0.0
0.0 0.0 0.0
0.0 0.0 0.0
0.0 0.0 0.0
0.0 0.0 0.0
0.0 0.0 0.0
0.0 0.0 0.0
0.0 0.0 0.0
0.0 0.0 0.0
0.0 0.0 0.0
0.0 0.0 0.0
0.0 0.0 0.0
0.0 0.0 0.0
0.0 0.0 0.0
0.0 0.0 0.0
0.0 0.0 0.0
0.0 0.0 0.0
0.0 0.0 0.0
0.0 0.0 0.0
0.0 0.0 0.0
0.0 0.0 0.0
0.0 0.0 0.0
0.0 0.0 0.0
0.0 0.0 0.0
0.0 0.0 0.0
0.0 0.0 0.0
0.0 0.0 0.0
0.0 0.0 0.0
0.0 0.0 0.0
0.0 0.0 0.0
0.0 0.0 0.0
0.0 0.0 0.0
0.0 0.0 0.0
0.0 0.0 0.0
0.0 0.0 0.0
0.0 0.0 0.0
0.0 0.0 0.0
0.0 0.0 0.0
0.0 0.0 0.0
0.0 0.0 0.0
0.0 0.0 0.0
0.0 0.0 0.0
0.0 0.0 0.0
0.0 0.0 0.0
0.0 0.0 0.0
0.0 0.0 0.0
0.0 0.0 0.0
0.0 0.0 0.0
0.0 0.0 0.0
0.0 0.0 0.0
0.0 0.0 0.0
0.0 0.0 0.0
0.0 0.0 0.0
0.0 0.0 0.0
0.0 0.0 0.0
0.0 0.0 0.0
0.0 0.0 0.0
0.0 0.0 0.0
0.0 0.0 0.0
0.0 0.0 0.0
0.0 0.0 0.0
0.0 0.0 0.0
0.0 0.0 0.0
0.0 0.0 0.0
0.0 0.0 0.0
0.0 0.0 0.0
0.0 0.0 0.0
0.0 0.0 0.0
0.0 0.0 0.0
0.0 0.0 0.0
0.0 0.0 0.0
0.0 0.0 0.0
0.0 0.0 0.0
0.0 0.0 0.0
0.0 0.0 0.0
0.0 0.0 0.0
0.0 0.0 0.0
0.0 0.0 0.0
0.0 0.0 0.0
0.0 0.0 0.0
0.0 0.0 0.0
0.0 0.0 0.0
0.0 0.0 0.0
0.0 0.0 0.0
0.0 0.0 0.0
0.0 0.0 0.0
0.0 0.0 0.0
0.0 0.0 0.0
0.0 0.0 0.0
0.0 0.0 0.0
0.0 0.0 0.0
0.0 0.0 0.0
0.0 0.0 0.0
0.0 0.0 0.0
0.0 0.0 0.0
0.0 0.0 0.0
0.0 0.0 0.0
0.0 0.0 0.0
0.0 0.0 0.0
0.0 0.0 0.0
0.0 0.0 0.0
0.0 0.0 0.0
0.0 0.0 0.0
0.0 0.0 0.0
0.0 0.0 0.0
0.0 0.0 0.0
0.0 0.0 0.0
0.0 0.0 0.0
0.0 0.0 0.0
0.0 0.0 0.0
0.0 0.0 0.0
0.0 0.0 0.0
0.0 0.0 0.0
0.0 0.0 0.0
0.0 0.0 0.0
0.0 0.0 0.0
0.0 0.0 0.0
0.0 0.0 0.0
0.0 0.0 0.0
0.0 0.0 0.0
0.0 0.0 0.0
0.0 0.0 0.0
0.0 0.0 0.0
0.0 0.0 0.0
0.0 0.0 0.0
0.0 0.0 0.0
0.0 0.0 0.0
0.0 0.0 0.0
0.0 0.0 0.0
0.0 0.0 0.0
0.0 0.0 0.0
0.0 0.0 0.0
0.0 0.0 0.0
0.0 0.0 0.0
0.0 0.0 0.0
0.0 0.0 0.0
0.0 0.0 0.0
0.0 0.0 0.0
0.0 0.0 0.0
0.0 0.0 0.0
0.0 0.0 0.0
0.0 0.0 0.0
0.0 0.0 0.0
0.0 0.0 0.0
0.0 0.0 0.0
0.0 0.0 0.0
0.0 0.0 0.0
0.0 0.0 0.0
0.0 0.0 0.0
0.0 0.0 0.0
0.0 0.0 0.0
0.0 0.0 0.0
0.0 0.0 0.0
0.0 0.0 0.0
0.0 0.0 0.0
0.0 0.0 0.0
0.0 0.0 0.0
0.0 0.0 0.0
0.0 0.0 0.0
0.0 0.0 0.0
0.0 0.0 0.0
0.0 0.0 0.0
0.0 0.0 0.0
0.0 0.0 0.0
0.0 0.0 0.0
0.0 0.0 0.0
0.0 0.0 0.0
0.0 0.0 0.0
0.0 0.0 0.0
0.0 0.0 0.0
0.0 0.0 0.0
0.0 0.0 0.0
0.0 0.0 0.0
0.0 0.0 0.0
0.0 0.0 0.0
0.0 0.0 0.0
0.0 0.0 0.0
0.0 0.0 0.0
0.0 0.0 0.0
0.0 0.0 0.0
0.0 0.0 0.0
0.0 0.0 0.0
0.0 0.0 0.0
0.0 0.0 0.0
0.0 0.0 0.0
0.0 0.0 0.0
0.0 0.0 0.0
0.0 0.0 0.0
0.0 0.0 0.0
0.0 0.0 0.0
0.0 0.0 0.0
0.0 0.0 0.0
0.0 0.0 0.0
0.0 0.0 0.0
0.0 0.0 0.0
0.0 0.0 0.0
0.0 0.0 0.0
0.0 0.0 0.0
0.0 0.0 0.0
0.0 0.0 0.0
0.0 0.0 0.0
0.0 0.0 0.0
0.0 0.0 0.0
0.0 0.0 0.0
0.0 0.0 0.0
0.0 0.0 0.0
0.0 0.0 0.0
0.0 0.0 0.0
0.0 0.0 0.0
0.0 0.0 0.0
0.0 0.0 0.0
0.0 0.0 0.0
0.0 0.0 0.0
0.0 0.0 0.0
0.0 0.0 0.0
0.0 0.0 0.0
0.0 0.0 0.0
0.0 0.0 0.0
0.0 0.0 0.0
0.0 0.0 0.0
0.0 0.0 0.0
0.0 0.0 0.0
0.0 0.0 0.0
0.0 0.0 0.0
0.0 0.0 0.0
0.0 0.0 0.0
0.0 0.0 0.0
0.0 0.0 0.0
0.0 0.0 0.0
0.0 0.0 0.0
0.0 0.0 0.0
0.0 0.0 0.0
0.0 0.0 0.0
0.0 0.0 0.0
0.0 0.0 0.0
0.0 0.0 0.0
0.0 0.0 0.0
0.0 0.0 0.0
0.0 0.0 0.0
0.0 0.0 0.0
0.0 0.0 0.0
0.0 0.0 0.0
0.0 0.0 0.0
0.0 0.0 0.0
0.0 0.0 0.0
0.0 0.0 0.0
0.0 0.0 0.0
0.0 0.0 0.0
0.0 0.0 0.0
0.0 0.0 0.0
0.0 0.0 0.0
0.0 0.0 0.0
0.0 0.0 0.0
0.0 0.0 0.0
0.0 0.0 0.0
0.0 0.0 0.0
0.0 0.0 0.0
0.0 0.0 0.0
0.4044569432735443 40.885860443115234 -1.2263550758361816
0.0 0.0 0.0
0.0 0.0 0.0
0.0 0.0 0.0
0.0 0.0 0.0
0.0 0.0 0.0
0.0 0.0 0.0
0.0 0.0 0.0
0.0 0.0 0.0
0.0 0.0 0.0
0.0 0.0 0.0
0.0 0.0 0.0
0.0 0.0 0.0
0.0 0.0 0.0
0.0 0.0 0.0
0.0 0.0 0.0
0.0 0.0 0.0
0.0 0.0 0.0
0.0 0.0 0.0
0.0 0.0 0.0
0.0 0.0 0.0
0.0 0.0 0.0
0.0 0.0 0.0
0.0 0.0 0.0
0.0 0.0 0.0
0.0 0.0 0.0
0.0 0.0 0.0
0.0 0.0 0.0
0.0 0.0 0.0
0.0 0.0 0.0
0.0 0.0 0.0
0.0 0.0 0.0
0.0 0.0 0.0
0.0 0.0 0.0
0.0 0.0 0.0
0.0 0.0 0.0
0.0 0.0 0.0
0.0 0.0 0.0
0.0 0.0 0.0
0.0 0.0 0.0
0.0 0.0 0.0
0.0 0.0 0.0
0.0 0.0 0.0
0.0 0.0 0.0
0.0 0.0 0.0
0.0 0.0 0.0
0.0 0.0 0.0
0.0 0.0 0.0
0.0 0.0 0.0
0.0 0.0 0.0
0.0 0.0 0.0
0.0 0.0 0.0
0.0 0.0 0.0
0.0 0.0 0.0
0.0 0.0 0.0
0.0 0.0 0.0
0.0 0.0 0.0
0.0 0.0 0.0
0.0 0.0 0.0
0.0 0.0 0.0
0.0 0.0 0.0
0.0 0.0 0.0
0.0 0.0 0.0
0.0 0.0 0.0
0.0 0.0 0.0
0.0 0.0 0.0
0.0 0.0 0.0
0.0 0.0 0.0
0.0 0.0 0.0
0.0 0.0 0.0
0.0 0.0 0.0
0.0 0.0 0.0
0.0 0.0 0.0
0.0 0.0 0.0
0.0 0.0 0.0
0.0 0.0 0.0
0.0 0.0 0.0
0.0 0.0 0.0
0.0 0.0 0.0
0.0 0.0 0.0
0.0 0.0 0.0
0.0 0.0 0.0
0.0 0.0 0.0
0.0 0.0 0.0
0.0 0.0 0.0
0.0 0.0 0.0
0.0 0.0 0.0
0.0 0.0 0.0
0.0 0.0 0.0
0.0 0.0 0.0
0.0 0.0 0.0
0.0 0.0 0.0
0.0 0.0 0.0
0.0 0.0 0.0
0.0 0.0 0.0
0.0 0.0 0.0
0.0 0.0 0.0
0.0 0.0 0.0
0.0 0.0 0.0
0.0 0.0 0.0
0.0 0.0 0.0
0.0 0.0 0.0
0.0 0.0 0.0
0.0 0.0 0.0
0.0 0.0 0.0
0.0 0.0 0.0
0.0 0.0 0.0
0.0 0.0 0.0
0.0 0.0 0.0
0.0 0.0 0.0
0.0 0.0 0.0
0.0 0.0 0.0
0.0 0.0 0.0
0.0 0.0 0.0
0.0 0.0 0.0
0.0 0.0 0.0
0.0 0.0 0.0
0.0 0.0 0.0
0.0 0.0 0.0
0.0 0.0 0.0
0.0 0.0 0.0
0.0 0.0 0.0
0.0 0.0 0.0
0.0 0.0 0.0
0.0 0.0 0.0
0.0 0.0 0.0
0.0 0.0 0.0
0.0 0.0 0.0
0.0 0.0 0.0
0.0 0.0 0.0
0.0 0.0 0.0
0.0 0.0 0.0
0.0 0.0 0.0
0.0 0.0 0.0
0.0 0.0 0.0
0.0 0.0 0.0
0.0 0.0 0.0
0.0 0.0 0.0
0.0 0.0 0.0
0.0 0.0 0.0
0.0 0.0 0.0
0.0 0.0 0.0
0.0 0.0 0.0
0.0 0.0 0.0
0.0 0.0 0.0
0.0 0.0 0.0
0.0 0.0 0.0
0.0 0.0 0.0
0.0 0.0 0.0
0.0 0.0 0.0
0.0 0.0 0.0
0.0 0.0 0.0
0.0 0.0 0.0
0.0 0.0 0.0
0.0 0.0 0.0
0.0 0.0 0.0
0.0 0.0 0.0
0.0 0.0 0.0
0.0 0.0 0.0
0.0 0.0 0.0
0.0 0.0 0.0
0.0 0.0 0.0
0.0 0.0 0.0
0.0 0.0 0.0
0.0 0.0 0.0
0.0 0.0 0.0
0.0 0.0 0.0
0.0 0.0 0.0
0.0 0.0 0.0
0.0 0.0 0.0
0.0 0.0 0.0
0.0 0.0 0.0
0.0 0.0 0.0
0.0 0.0 0.0
0.0 0.0 0.0
0.0 0.0 0.0
0.0 0.0 0.0
0.0 0.0 0.0
0.0 0.0 0.0
0.0 0.0 0.0
0.0 0.0 0.0
0.0 0.0 0.0
0.0 0.0 0.0
0.0 0.0 0.0
0.0 0.0 0.0
0.0 0.0 0.0
0.0 0.0 0.0
0.0 0.0 0.0
0.0 0.0 0.0
0.0 0.0 0.0
0.0 0.0 0.0
0.0 0.0 0.0
0.0 0.0 0.0
0.0 0.0 0.0
0.0 0.0 0.0
0.0 0.0 0.0
0.0 0.0 0.0
0.0 0.0 0.0
0.0 0.0 0.0
0.0 0.0 0.0
0.0 0.0 0.0
0.0 0.0 0.0
0.0 0.0 0.0
0.0 0.0 0.0
0.0 0.0 0.0
0.0 0.0 0.0
0.0 0.0 0.0
0.0 0.0 0.0
0.0 0.0 0.0
0.0 0.0 0.0
0.0 0.0 0.0
0.0 0.0 0.0
0.0 0.0 0.0
0.0 0.0 0.0
0.0 0.0 0.0
0.0 0.0 0.0
0.0 0.0 0.0
0.0 0.0 0.0
0.0 0.0 0.0
0.0 0.0 0.0
0.0 0.0 0.0
0.0 0.0 0.0
0.0 0.0 0.0
0.0 0.0 0.0
0.0 0.0 0.0
0.0 0.0 0.0
0.0 0.0 0.0
0.0 0.0 0.0
0.0 0.0 0.0
0.0 0.0 0.0
0.0 0.0 0.0
0.0 0.0 0.0
0.0 0.0 0.0
0.0 0.0 0.0
0.0 0.0 0.0
0.0 0.0 0.0
0.0 0.0 0.0
0.0 0.0 0.0
0.0 0.0 0.0
0.0 0.0 0.0
0.0 0.0 0.0
0.0 0.0 0.0
0.0 0.0 0.0
0.0 0.0 0.0
0.0 0.0 0.0
0.0 0.0 0.0
0.0 0.0 0.0
0.0 0.0 0.0
0.0 0.0 0.0
0.0 0.0 0.0
0.0 0.0 0.0
0.0 0.0 0.0
0.0 0.0 0.0
0.0 0.0 0.0
0.0 0.0 0.0
0.0 0.0 0.0
0.0 0.0 0.0
0.0 0.0 0.0
0.0 0.0 0.0
0.0 0.0 0.0
0.0 0.0 0.0
0.0 0.0 0.0
0.0 0.0 0.0
0.0 0.0 0.0
0.0 0.0 0.0
0.0 0.0 0.0
0.0 0.0 0.0
0.0 0.0 0.0
0.0 0.0 0.0
0.0 0.0 0.0
0.0 0.0 0.0
0.0 0.0 0.0
0.0 0.0 0.0
0.0 0.0 0.0
0.0 0.0 0.0
0.0 0.0 0.0
0.0 0.0 0.0
0.0 0.0 0.0
0.0 0.0 0.0
0.0 0.0 0.0
0.0 0.0 0.0
0.0 0.0 0.0
0.0 0.0 0.0
0.0 0.0 0.0
0.0 0.0 0.0
0.0 0.0 0.0
0.0 0.0 0.0
0.0 0.0 0.0
0.0 0.0 0.0
0.0 0.0 0.0
0.0 0.0 0.0
0.0 0.0 0.0
0.0 0.0 0.0
0.0 0.0 0.0
0.0 0.0 0.0
0.0 0.0 0.0
0.0 0.0 0.0
0.0 0.0 0.0
0.0 0.0 0.0
0.0 0.0 0.0
0.0 0.0 0.0
0.0 0.0 0.0
0.0 0.0 0.0
0.0 0.0 0.0
0.0 0.0 0.0
0.0 0.0 0.0
0.0 0.0 0.0
0.0 0.0 0.0
0.0 0.0 0.0
0.0 0.0 0.0
0.0 0.0 0.0
0.0 0.0 0.0
0.0 0.0 0.0
0.0 0.0 0.0
0.0 0.0 0.0
0.0 0.0 0.0
0.0 0.0 0.0
0.0 0.0 0.0
0.0 0.0 0.0
0.0 0.0 0.0
0.0 0.0 0.0
0.0 0.0 0.0
0.0 0.0 0.0
0.0 0.0 0.0
0.0 0.0 0.0
0.0 0.0 0.0
0.0 0.0 0.0
0.0 0.0 0.0
0.0 0.0 0.0
0.0 0.0 0.0
0.0 0.0 0.0
0.0 0.0 0.0
0.0 0.0 0.0
0.0 0.0 0.0
0.0 0.0 0.0
0.0 0.0 0.0
0.0 0.0 0.0
0.0 0.0 0.0
0.0 0.0 0.0
0.0 0.0 0.0
0.0 0.0 0.0
0.0 0.0 0.0
0.0 0.0 0.0
0.0 0.0 0.0
0.0 0.0 0.0
0.0 0.0 0.0
0.0 0.0 0.0
0.0 0.0 0.0
0.0 0.0 0.0
0.0 0.0 0.0
0.0 0.0 0.0
0.0 0.0 0.0
0.0 0.0 0.0
0.0 0.0 0.0
0.0 0.0 0.0
0.0 0.0 0.0
0.0 0.0 0.0
0.0 0.0 0.0
0.0 0.0 0.0
0.0 0.0 0.0
0.0 0.0 0.0
0.0 0.0 0.0
0.0 0.0 0.0
0.0 0.0 0.0
0.0 0.0 0.0
0.0 0.0 0.0
0.0 0.0 0.0
0.0 0.0 0.0
0.0 0.0 0.0
0.0 0.0 0.0
0.0 0.0 0.0
0.0 0.0 0.0
0.0 0.0 0.0
0.0 0.0 0.0
0.0 0.0 0.0
0.0 0.0 0.0
0.0 0.0 0.0
0.0 0.0 0.0
5.099469184875488 42.9715576171875 -1.176301121711731
0.0 0.0 0.0
0.0 0.0 0.0
0.0 0.0 0.0
0.0 0.0 0.0
0.0 0.0 0.0
0.0 0.0 0.0
0.0 0.0 0.0
0.0 0.0 0.0
0.0 0.0 0.0
0.0 0.0 0.0
0.0 0.0 0.0
0.0 0.0 0.0
0.0 0.0 0.0
0.0 0.0 0.0
0.0 0.0 0.0
0.0 0.0 0.0
0.0 0.0 0.0
0.0 0.0 0.0
0.0 0.0 0.0
0.0 0.0 0.0
0.0 0.0 0.0
0.0 0.0 0.0
0.0 0.0 0.0
0.0 0.0 0.0
0.0 0.0 0.0
0.0 0.0 0.0
0.0 0.0 0.0
0.0 0.0 0.0
0.0 0.0 0.0
0.0 0.0 0.0
0.0 0.0 0.0
0.0 0.0 0.0
0.0 0.0 0.0
0.0 0.0 0.0
0.0 0.0 0.0
0.0 0.0 0.0
0.0 0.0 0.0
0.0 0.0 0.0
0.0 0.0 0.0
0.0 0.0 0.0
0.0 0.0 0.0
0.0 0.0 0.0
0.0 0.0 0.0
0.0 0.0 0.0
0.0 0.0 0.0
0.0 0.0 0.0
0.0 0.0 0.0
0.0 0.0 0.0
0.0 0.0 0.0
0.0 0.0 0.0
0.0 0.0 0.0
0.0 0.0 0.0
0.0 0.0 0.0
0.0 0.0 0.0
0.0 0.0 0.0
0.0 0.0 0.0
0.0 0.0 0.0
0.0 0.0 0.0
0.0 0.0 0.0
0.0 0.0 0.0
0.0 0.0 0.0
0.0 0.0 0.0
0.0 0.0 0.0
0.0 0.0 0.0
0.0 0.0 0.0
0.0 0.0 0.0
0.0 0.0 0.0
0.0 0.0 0.0
0.0 0.0 0.0
0.0 0.0 0.0
0.0 0.0 0.0
0.0 0.0 0.0
0.0 0.0 0.0
0.0 0.0 0.0
0.0 0.0 0.0
0.0 0.0 0.0
0.0 0.0 0.0
0.0 0.0 0.0
0.0 0.0 0.0
0.0 0.0 0.0
0.0 0.0 0.0
0.0 0.0 0.0
0.0 0.0 0.0
0.0 0.0 0.0
0.0 0.0 0.0
0.0 0.0 0.0
0.0 0.0 0.0
0.0 0.0 0.0
0.0 0.0 0.0
0.0 0.0 0.0
0.0 0.0 0.0
0.0 0.0 0.0
0.0 0.0 0.0
0.0 0.0 0.0
0.0 0.0 0.0
0.0 0.0 0.0
0.0 0.0 0.0
0.0 0.0 0.0
0.0 0.0 0.0
0.0 0.0 0.0
0.0 0.0 0.0
0.0 0.0 0.0
0.0 0.0 0.0
0.0 0.0 0.0
0.0 0.0 0.0
0.0 0.0 0.0
0.0 0.0 0.0
0.0 0.0 0.0
0.0 0.0 0.0
0.0 0.0 0.0
0.0 0.0 0.0
0.0 0.0 0.0
0.0 0.0 0.0
0.0 0.0 0.0
0.0 0.0 0.0
0.0 0.0 0.0
0.0 0.0 0.0
0.0 0.0 0.0
0.0 0.0 0.0
0.0 0.0 0.0
0.0 0.0 0.0
0.0 0.0 0.0
0.0 0.0 0.0
0.0 0.0 0.0
0.0 0.0 0.0
0.0 0.0 0.0
0.0 0.0 0.0
0.0 0.0 0.0
0.0 0.0 0.0
0.0 0.0 0.0
0.0 0.0 0.0
0.0 0.0 0.0
0.0 0.0 0.0
0.0 0.0 0.0
0.0 0.0 0.0
0.0 0.0 0.0
0.0 0.0 0.0
0.0 0.0 0.0
0.0 0.0 0.0
0.0 0.0 0.0
0.0 0.0 0.0
0.0 0.0 0.0
0.0 0.0 0.0
0.0 0.0 0.0
0.0 0.0 0.0
0.0 0.0 0.0
0.0 0.0 0.0
0.0 0.0 0.0
0.0 0.0 0.0
0.0 0.0 0.0
0.0 0.0 0.0
0.0 0.0 0.0
0.0 0.0 0.0
0.0 0.0 0.0
0.0 0.0 0.0
0.0 0.0 0.0
0.0 0.0 0.0
0.0 0.0 0.0
0.0 0.0 0.0
0.0 0.0 0.0
0.0 0.0 0.0
0.0 0.0 0.0
0.0 0.0 0.0
0.0 0.0 0.0
0.0 0.0 0.0
0.0 0.0 0.0
0.0 0.0 0.0
0.0 0.0 0.0
0.0 0.0 0.0
0.0 0.0 0.0
0.0 0.0 0.0
0.0 0.0 0.0
0.0 0.0 0.0
0.0 0.0 0.0
0.0 0.0 0.0
0.0 0.0 0.0
0.0 0.0 0.0
0.0 0.0 0.0
0.0 0.0 0.0
0.0 0.0 0.0
0.0 0.0 0.0
0.0 0.0 0.0
0.0 0.0 0.0
0.0 0.0 0.0
0.0 0.0 0.0
0.0 0.0 0.0
0.0 0.0 0.0
0.0 0.0 0.0
0.0 0.0 0.0
0.0 0.0 0.0
0.0 0.0 0.0
0.0 0.0 0.0
0.0 0.0 0.0
0.0 0.0 0.0
0.0 0.0 0.0
0.0 0.0 0.0
0.0 0.0 0.0
0.0 0.0 0.0
0.0 0.0 0.0
0.0 0.0 0.0
0.0 0.0 0.0
0.0 0.0 0.0
0.0 0.0 0.0
0.0 0.0 0.0
0.0 0.0 0.0
0.0 0.0 0.0
0.0 0.0 0.0
0.0 0.0 0.0
0.0 0.0 0.0
0.0 0.0 0.0
0.0 0.0 0.0
0.0 0.0 0.0
0.0 0.0 0.0
0.0 0.0 0.0
0.0 0.0 0.0
0.0 0.0 0.0
0.0 0.0 0.0
0.0 0.0 0.0
0.0 0.0 0.0
0.0 0.0 0.0
0.0 0.0 0.0
0.0 0.0 0.0
0.0 0.0 0.0
0.0 0.0 0.0
0.0 0.0 0.0
0.0 0.0 0.0
0.0 0.0 0.0
0.0 0.0 0.0
0.0 0.0 0.0
0.0 0.0 0.0
0.0 0.0 0.0
0.0 0.0 0.0
0.0 0.0 0.0
0.0 0.0 0.0
0.0 0.0 0.0
0.0 0.0 0.0
0.0 0.0 0.0
0.0 0.0 0.0
0.0 0.0 0.0
0.0 0.0 0.0
0.0 0.0 0.0
0.0 0.0 0.0
0.0 0.0 0.0
0.0 0.0 0.0
0.0 0.0 0.0
0.0 0.0 0.0
0.0 0.0 0.0
0.0 0.0 0.0
0.0 0.0 0.0
0.0 0.0 0.0
0.0 0.0 0.0
0.0 0.0 0.0
0.0 0.0 0.0
0.0 0.0 0.0
0.0 0.0 0.0
0.0 0.0 0.0
0.0 0.0 0.0
0.0 0.0 0.0
0.0 0.0 0.0
0.0 0.0 0.0
0.0 0.0 0.0
0.0 0.0 0.0
0.0 0.0 0.0
0.0 0.0 0.0
0.0 0.0 0.0
0.0 0.0 0.0
0.0 0.0 0.0
0.0 0.0 0.0
0.0 0.0 0.0
0.0 0.0 0.0
0.0 0.0 0.0
0.0 0.0 0.0
0.0 0.0 0.0
0.0 0.0 0.0
0.0 0.0 0.0
0.0 0.0 0.0
0.0 0.0 0.0
0.0 0.0 0.0
0.0 0.0 0.0
0.0 0.0 0.0
0.0 0.0 0.0
0.0 0.0 0.0
0.0 0.0 0.0
0.0 0.0 0.0
0.0 0.0 0.0
0.0 0.0 0.0
0.0 0.0 0.0
0.0 0.0 0.0
0.0 0.0 0.0
0.0 0.0 0.0
0.0 0.0 0.0
0.0 0.0 0.0
0.0 0.0 0.0
0.0 0.0 0.0
0.0 0.0 0.0
0.0 0.0 0.0
0.0 0.0 0.0
0.0 0.0 0.0
0.0 0.0 0.0
0.0 0.0 0.0
0.0 0.0 0.0
0.0 0.0 0.0
0.0 0.0 0.0
0.0 0.0 0.0
0.0 0.0 0.0
0.0 0.0 0.0
0.0 0.0 0.0
0.0 0.0 0.0
0.0 0.0 0.0
0.0 0.0 0.0
0.0 0.0 0.0
0.0 0.0 0.0
0.0 0.0 0.0
0.0 0.0 0.0
0.0 0.0 0.0
0.0 0.0 0.0
0.0 0.0 0.0
0.0 0.0 0.0
0.0 0.0 0.0
0.0 0.0 0.0
0.0 0.0 0.0
0.0 0.0 0.0
0.0 0.0 0.0
0.0 0.0 0.0
0.0 0.0 0.0
0.0 0.0 0.0
0.0 0.0 0.0
0.0 0.0 0.0
0.0 0.0 0.0
0.0 0.0 0.0
0.0 0.0 0.0
0.0 0.0 0.0
0.0 0.0 0.0
0.0 0.0 0.0
0.0 0.0 0.0
0.0 0.0 0.0
0.0 0.0 0.0
0.0 0.0 0.0
0.0 0.0 0.0
0.0 0.0 0.0
0.0 0.0 0.0
0.0 0.0 0.0
0.0 0.0 0.0
0.0 0.0 0.0
0.0 0.0 0.0
0.0 0.0 0.0
0.0 0.0 0.0
0.0 0.0 0.0
0.0 0.0 0.0
0.0 0.0 0.0
0.0 0.0 0.0
0.0 0.0 0.0
0.0 0.0 0.0
0.0 0.0 0.0
0.0 0.0 0.0
0.0 0.0 0.0
0.0 0.0 0.0
0.0 0.0 0.0
0.0 0.0 0.0
0.0 0.0 0.0
0.0 0.0 0.0
0.0 0.0 0.0
0.0 0.0 0.0
0.0 0.0 0.0
0.0 0.0 0.0
0.0 0.0 0.0
0.0 0.0 0.0
0.0 0.0 0.0
0.0 0.0 0.0
0.0 0.0 0.0
0.0 0.0 0.0
0.0 0.0 0.0
0.0 0.0 0.0
0.0 0.0 0.0
0.0 0.0 0.0
0.0 0.0 0.0
0.0 0.0 0.0
0.0 0.0 0.0
0.0 0.0 0.0
0.0 0.0 0.0
0.0 0.0 0.0
0.0 0.0 0.0
0.0 0.0 0.0
0.0 0.0 0.0
0.0 0.0 0.0
0.0 0.0 0.0
0.0 0.0 0.0
0.0 0.0 0.0
0.0 0.0 0.0
0.0 0.0 0.0
0.0 0.0 0.0
0.0 0.0 0.0
0.0 0.0 0.0
0.0 0.0 0.0
0.0 0.0 0.0
0.0 0.0 0.0
0.0 0.0 0.0
0.0 0.0 0.0
0.0 0.0 0.0
0.0 0.0 0.0
0.0 0.0 0.0
0.0 0.0 0.0
0.0 0.0 0.0
0.0 0.0 0.0
0.0 0.0 0.0
0.0 0.0 0.0
0.0 0.0 0.0
0.0 0.0 0.0
0.0 0.0 0.0
0.0 0.0 0.0
0.0 0.0 0.0
0.0 0.0 0.0
0.0 0.0 0.0
0.0 0.0 0.0
0.0 0.0 0.0
0.0 0.0 0.0
0.0 0.0 0.0
0.0 0.0 0.0
0.0 0.0 0.0
0.0 0.0 0.0
0.0 0.0 0.0
0.0 0.0 0.0
0.0 0.0 0.0
0.0 0.0 0.0
0.0 0.0 0.0
0.0 0.0 0.0
0.0 0.0 0.0
0.0 0.0 0.0
0.0 0.0 0.0
0.0 0.0 0.0
0.0 0.0 0.0
0.0 0.0 0.0
0.0 0.0 0.0
0.0 0.0 0.0
0.0 0.0 0.0
0.0 0.0 0.0
0.0 0.0 0.0
0.0 0.0 0.0
0.0 0.0 0.0
0.0 0.0 0.0
0.0 0.0 0.0
0.0 0.0 0.0
0.0 0.0 0.0
0.0 0.0 0.0
0.0 0.0 0.0
0.0 0.0 0.0
0.0 0.0 0.0
0.0 0.0 0.0
0.0 0.0 0.0
0.0 0.0 0.0
0.0 0.0 0.0
0.0 0.0 0.0
0.0 0.0 0.0
0.0 0.0 0.0
0.0 0.0 0.0
0.0 0.0 0.0
0.0 0.0 0.0
0.0 0.0 0.0
0.0 0.0 0.0
0.0 0.0 0.0
0.0 0.0 0.0
0.0 0.0 0.0
0.0 0.0 0.0
0.0 0.0 0.0
0.0 0.0 0.0
0.0 0.0 0.0
0.0 0.0 0.0
0.0 0.0 0.0
0.0 0.0 0.0
0.0 0.0 0.0
0.0 0.0 0.0
0.0 0.0 0.0
0.0 0.0 0.0
0.0 0.0 0.0
0.0 0.0 0.0
0.0 0.0 0.0
0.0 0.0 0.0
0.0 0.0 0.0
0.0 0.0 0.0
0.0 0.0 0.0
0.0 0.0 0.0
0.0 0.0 0.0
0.0 0.0 0.0
0.0 0.0 0.0
0.0 0.0 0.0
0.0 0.0 0.0
0.0 0.0 0.0
0.0 0.0 0.0
0.0 0.0 0.0
0.0 0.0 0.0
0.0 0.0 0.0
0.0 0.0 0.0
0.0 0.0 0.0
0.0 0.0 0.0
0.0 0.0 0.0
0.0 0.0 0.0
0.0 0.0 0.0
0.0 0.0 0.0
0.0 0.0 0.0
0.0 0.0 0.0
0.0 0.0 0.0
0.0 0.0 0.0
0.0 0.0 0.0
0.0 0.0 0.0
0.0 0.0 0.0
0.0 0.0 0.0
0.0 0.0 0.0
0.0 0.0 0.0
0.0 0.0 0.0
0.0 0.0 0.0
0.0 0.0 0.0
0.0 0.0 0.0
0.0 0.0 0.0
0.0 0.0 0.0
0.0 0.0 0.0
0.0 0.0 0.0
0.0 0.0 0.0
0.0 0.0 0.0
0.0 0.0 0.0
0.0 0.0 0.0
0.0 0.0 0.0
0.0 0.0 0.0
0.0 0.0 0.0
0.0 0.0 0.0
0.0 0.0 0.0
0.0 0.0 0.0
0.0 0.0 0.0
0.0 0.0 0.0
0.0 0.0 0.0
0.0 0.0 0.0
0.0 0.0 0.0
0.0 0.0 0.0
0.0 0.0 0.0
0.0 0.0 0.0
0.0 0.0 0.0
0.0 0.0 0.0
0.0 0.0 0.0
0.0 0.0 0.0
0.0 0.0 0.0
0.0 0.0 0.0
0.0 0.0 0.0
0.0 0.0 0.0
0.0 0.0 0.0
0.0 0.0 0.0
0.0 0.0 0.0
0.0 0.0 0.0
0.0 0.0 0.0
0.0 0.0 0.0
0.0 0.0 0.0
0.0 0.0 0.0
0.0 0.0 0.0
0.0 0.0 0.0
0.0 0.0 0.0
0.0 0.0 0.0
0.0 0.0 0.0
0.0 0.0 0.0
0.0 0.0 0.0
0.0 0.0 0.0
0.0 0.0 0.0
0.0 0.0 0.0
0.0 0.0 0.0
0.0 0.0 0.0
0.0 0.0 0.0
0.0 0.0 0.0
0.0 0.0 0.0
0.0 0.0 0.0
0.0 0.0 0.0
0.0 0.0 0.0
0.0 0.0 0.0
0.0 0.0 0.0
0.0 0.0 0.0
0.0 0.0 0.0
0.0 0.0 0.0
0.0 0.0 0.0
0.0 0.0 0.0
0.0 0.0 0.0
0.0 0.0 0.0
0.0 0.0 0.0
0.0 0.0 0.0
0.0 0.0 0.0
0.0 0.0 0.0
0.0 0.0 0.0
0.0 0.0 0.0
0.0 0.0 0.0
0.0 0.0 0.0
0.0 0.0 0.0
0.0 0.0 0.0
0.0 0.0 0.0
0.0 0.0 0.0
0.0 0.0 0.0
0.0 0.0 0.0
0.0 0.0 0.0
0.0 0.0 0.0
0.0 0.0 0.0
0.0 0.0 0.0
0.0 0.0 0.0
0.0 0.0 0.0
0.0 0.0 0.0
0.0 0.0 0.0
0.0 0.0 0.0
0.0 0.0 0.0
0.0 0.0 0.0
0.0 0.0 0.0
0.0 0.0 0.0
0.0 0.0 0.0
0.0 0.0 0.0
0.0 0.0 0.0
0.0 0.0 0.0
0.0 0.0 0.0
0.0 0.0 0.0
0.0 0.0 0.0
0.0 0.0 0.0
0.0 0.0 0.0
0.0 0.0 0.0
0.0 0.0 0.0
0.0 0.0 0.0
0.0 0.0 0.0
0.0 0.0 0.0
0.0 0.0 0.0
0.0 0.0 0.0
0.0 0.0 0.0
0.0 0.0 0.0
0.0 0.0 0.0
0.0 0.0 0.0
0.0 0.0 0.0
0.0 0.0 0.0
0.0 0.0 0.0
0.0 0.0 0.0
0.0 0.0 0.0
0.0 0.0 0.0
0.0 0.0 0.0
0.0 0.0 0.0
0.0 0.0 0.0
0.0 0.0 0.0
0.0 0.0 0.0
0.0 0.0 0.0
0.0 0.0 0.0
0.0 0.0 0.0
0.0 0.0 0.0
0.0 0.0 0.0
0.0 0.0 0.0
0.0 0.0 0.0
0.0 0.0 0.0
0.0 0.0 0.0
0.0 0.0 0.0
0.0 0.0 0.0
0.0 0.0 0.0
0.0 0.0 0.0
0.0 0.0 0.0
0.0 0.0 0.0
0.0 0.0 0.0
0.0 0.0 0.0
0.0 0.0 0.0
0.0 0.0 0.0
0.0 0.0 0.0
0.0 0.0 0.0
0.0 0.0 0.0
0.0 0.0 0.0
0.0 0.0 0.0
0.0 0.0 0.0
0.0 0.0 0.0
0.0 0.0 0.0
0.0 0.0 0.0
0.0 0.0 0.0
0.0 0.0 0.0
0.0 0.0 0.0
0.0 0.0 0.0
0.0 0.0 0.0
0.0 0.0 0.0
0.0 0.0 0.0
0.0 0.0 0.0
0.0 0.0 0.0
0.0 0.0 0.0
0.0 0.0 0.0
0.0 0.0 0.0
0.0 0.0 0.0
0.0 0.0 0.0
0.0 0.0 0.0
0.0 0.0 0.0
0.0 0.0 0.0
0.0 0.0 0.0
0.0 0.0 0.0
0.0 0.0 0.0
0.0 0.0 0.0
0.0 0.0 0.0
0.0 0.0 0.0
0.0 0.0 0.0
0.0 0.0 0.0
0.0 0.0 0.0
0.0 0.0 0.0
0.0 0.0 0.0
0.0 0.0 0.0
0.0 0.0 0.0
0.0 0.0 0.0
0.0 0.0 0.0
0.0 0.0 0.0
0.0 0.0 0.0
0.0 0.0 0.0
0.0 0.0 0.0
0.0 0.0 0.0
0.0 0.0 0.0
0.0 0.0 0.0
0.0 0.0 0.0
0.0 0.0 0.0
0.0 0.0 0.0
0.0 0.0 0.0
0.0 0.0 0.0
0.0 0.0 0.0
0.0 0.0 0.0
0.0 0.0 0.0
0.0 0.0 0.0
0.0 0.0 0.0
0.0 0.0 0.0
0.0 0.0 0.0
0.0 0.0 0.0
0.0 0.0 0.0
0.0 0.0 0.0
0.0 0.0 0.0
0.0 0.0 0.0
0.0 0.0 0.0
0.0 0.0 0.0
0.0 0.0 0.0
0.0 0.0 0.0
0.0 0.0 0.0
0.0 0.0 0.0
0.0 0.0 0.0
0.0 0.0 0.0
0.0 0.0 0.0
0.0 0.0 0.0
0.0 0.0 0.0
0.0 0.0 0.0
0.0 0.0 0.0
0.0 0.0 0.0
0.0 0.0 0.0
0.0 0.0 0.0
0.0 0.0 0.0
0.0 0.0 0.0
0.0 0.0 0.0
0.0 0.0 0.0
0.0 0.0 0.0
0.0 0.0 0.0
0.0 0.0 0.0
0.0 0.0 0.0
0.0 0.0 0.0
0.0 0.0 0.0
0.0 0.0 0.0
0.0 0.0 0.0
0.0 0.0 0.0
0.0 0.0 0.0
0.0 0.0 0.0
0.0 0.0 0.0
0.0 0.0 0.0
0.0 0.0 0.0
0.0 0.0 0.0
0.0 0.0 0.0
0.0 0.0 0.0
0.0 0.0 0.0
0.0 0.0 0.0
0.0 0.0 0.0
0.0 0.0 0.0
0.0 0.0 0.0
0.0 0.0 0.0
0.0 0.0 0.0
0.0 0.0 0.0
0.0 0.0 0.0
0.0 0.0 0.0
0.0 0.0 0.0
0.0 0.0 0.0
0.0 0.0 0.0
0.0 0.0 0.0
0.0 0.0 0.0
0.0 0.0 0.0
0.0 0.0 0.0
0.0 0.0 0.0
0.0 0.0 0.0
0.0 0.0 0.0
0.0 0.0 0.0
0.0 0.0 0.0
0.0 0.0 0.0
0.0 0.0 0.0
0.0 0.0 0.0
0.0 0.0 0.0
0.0 0.0 0.0
0.0 0.0 0.0
0.0 0.0 0.0
0.0 0.0 0.0
0.0 0.0 0.0
0.0 0.0 0.0
0.0 0.0 0.0
0.0 0.0 0.0
0.0 0.0 0.0
0.0 0.0 0.0
0.0 0.0 0.0
0.0 0.0 0.0
0.0 0.0 0.0
0.0 0.0 0.0
0.0 0.0 0.0
0.0 0.0 0.0
0.0 0.0 0.0
0.0 0.0 0.0
0.0 0.0 0.0
0.0 0.0 0.0
0.0 0.0 0.0
0.0 0.0 0.0
0.0 0.0 0.0
0.0 0.0 0.0
0.0 0.0 0.0
0.0 0.0 0.0
0.0 0.0 0.0
0.0 0.0 0.0
0.0 0.0 0.0
0.0 0.0 0.0
0.0 0.0 0.0
0.0 0.0 0.0
0.0 0.0 0.0
0.0 0.0 0.0
0.0 0.0 0.0
0.0 0.0 0.0
0.0 0.0 0.0
0.0 0.0 0.0
0.0 0.0 0.0
0.0 0.0 0.0
0.0 0.0 0.0
0.0 0.0 0.0
0.0 0.0 0.0
0.0 0.0 0.0
0.0 0.0 0.0
0.0 0.0 0.0
0.0 0.0 0.0
0.0 0.0 0.0
0.0 0.0 0.0
0.0 0.0 0.0
0.0 0.0 0.0
0.0 0.0 0.0
0.0 0.0 0.0
0.0 0.0 0.0
0.0 0.0 0.0
0.0 0.0 0.0
0.0 0.0 0.0
0.0 0.0 0.0
0.0 0.0 0.0
0.0 0.0 0.0
0.0 0.0 0.0
0.0 0.0 0.0
0.0 0.0 0.0
0.0 0.0 0.0
0.0 0.0 0.0
0.0 0.0 0.0
0.0 0.0 0.0
0.0 0.0 0.0
0.0 0.0 0.0
0.0 0.0 0.0
0.0 0.0 0.0
0.0 0.0 0.0
0.0 0.0 0.0
0.0 0.0 0.0
0.0 0.0 0.0
0.0 0.0 0.0
0.0 0.0 0.0
0.0 0.0 0.0
0.0 0.0 0.0
0.0 0.0 0.0
0.0 0.0 0.0
0.0 0.0 0.0
0.0 0.0 0.0
0.0 0.0 0.0
0.0 0.0 0.0
0.0 0.0 0.0
0.0 0.0 0.0
0.0 0.0 0.0
0.0 0.0 0.0
0.0 0.0 0.0
0.0 0.0 0.0
0.0 0.0 0.0
0.0 0.0 0.0
0.0 0.0 0.0
0.0 0.0 0.0
0.0 0.0 0.0
10.309785842895508 172.32810974121094 5.210534572601318
0.0 0.0 0.0
0.0 0.0 0.0
0.0 0.0 0.0
0.0 0.0 0.0
0.0 0.0 0.0
0.0 0.0 0.0
0.0 0.0 0.0
0.0 0.0 0.0
0.0 0.0 0.0
0.0 0.0 0.0
0.0 0.0 0.0
0.0 0.0 0.0
0.0 0.0 0.0
0.0 0.0 0.0
0.0 0.0 0.0
0.0 0.0 0.0
0.0 0.0 0.0
0.0 0.0 0.0
0.0 0.0 0.0
0.0 0.0 0.0
0.0 0.0 0.0
0.0 0.0 0.0
0.0 0.0 0.0
0.0 0.0 0.0
0.0 0.0 0.0
0.0 0.0 0.0
0.0 0.0 0.0
0.0 0.0 0.0
0.0 0.0 0.0
0.0 0.0 0.0
0.0 0.0 0.0
0.0 0.0 0.0
0.0 0.0 0.0
0.0 0.0 0.0
0.0 0.0 0.0
0.0 0.0 0.0
0.0 0.0 0.0
0.0 0.0 0.0
0.0 0.0 0.0
0.0 0.0 0.0
0.0 0.0 0.0
0.0 0.0 0.0
0.0 0.0 0.0
0.0 0.0 0.0
0.0 0.0 0.0
0.0 0.0 0.0
0.0 0.0 0.0
0.0 0.0 0.0
0.0 0.0 0.0
0.0 0.0 0.0
0.0 0.0 0.0
0.0 0.0 0.0
0.0 0.0 0.0
0.0 0.0 0.0
0.0 0.0 0.0
0.0 0.0 0.0
0.0 0.0 0.0
0.0 0.0 0.0
0.0 0.0 0.0
0.0 0.0 0.0
0.0 0.0 0.0
0.0 0.0 0.0
0.0 0.0 0.0
0.0 0.0 0.0
0.0 0.0 0.0
0.0 0.0 0.0
0.0 0.0 0.0
0.0 0.0 0.0
0.0 0.0 0.0
0.0 0.0 0.0
0.0 0.0 0.0
0.0 0.0 0.0
0.0 0.0 0.0
0.0 0.0 0.0
0.0 0.0 0.0
0.0 0.0 0.0
0.0 0.0 0.0
0.0 0.0 0.0
0.0 0.0 0.0
0.0 0.0 0.0
0.0 0.0 0.0
0.0 0.0 0.0
0.0 0.0 0.0
0.0 0.0 0.0
0.0 0.0 0.0
0.0 0.0 0.0
0.0 0.0 0.0
0.0 0.0 0.0
0.0 0.0 0.0
0.0 0.0 0.0
0.0 0.0 0.0
0.0 0.0 0.0
0.0 0.0 0.0
0.0 0.0 0.0
0.0 0.0 0.0
0.0 0.0 0.0
0.0 0.0 0.0
0.0 0.0 0.0
0.0 0.0 0.0
0.0 0.0 0.0
0.0 0.0 0.0
0.0 0.0 0.0
0.0 0.0 0.0
0.0 0.0 0.0
0.0 0.0 0.0
0.0 0.0 0.0
0.0 0.0 0.0
0.0 0.0 0.0
0.0 0.0 0.0
0.0 0.0 0.0
0.0 0.0 0.0
0.0 0.0 0.0
0.0 0.0 0.0
0.0 0.0 0.0
0.0 0.0 0.0
0.0 0.0 0.0
0.0 0.0 0.0
0.0 0.0 0.0
0.0 0.0 0.0
0.0 0.0 0.0
0.0 0.0 0.0
0.0 0.0 0.0
0.0 0.0 0.0
0.0 0.0 0.0
0.0 0.0 0.0
0.0 0.0 0.0
0.0 0.0 0.0
0.0 0.0 0.0
0.0 0.0 0.0
0.0 0.0 0.0
0.0 0.0 0.0
0.0 0.0 0.0
0.0 0.0 0.0
0.0 0.0 0.0
0.0 0.0 0.0
0.0 0.0 0.0
0.0 0.0 0.0
0.0 0.0 0.0
0.0 0.0 0.0
0.0 0.0 0.0
0.0 0.0 0.0
0.0 0.0 0.0
0.0 0.0 0.0
0.0 0.0 0.0
0.0 0.0 0.0
0.0 0.0 0.0
0.0 0.0 0.0
0.0 0.0 0.0
0.0 0.0 0.0
0.0 0.0 0.0
0.0 0.0 0.0
0.0 0.0 0.0
0.0 0.0 0.0
0.0 0.0 0.0
0.0 0.0 0.0
0.0 0.0 0.0
0.0 0.0 0.0
0.0 0.0 0.0
0.0 0.0 0.0
0.0 0.0 0.0
0.0 0.0 0.0
0.0 0.0 0.0
0.0 0.0 0.0
0.0 0.0 0.0
0.0 0.0 0.0
0.0 0.0 0.0
0.0 0.0 0.0
0.0 0.0 0.0
0.0 0.0 0.0
0.0 0.0 0.0
0.0 0.0 0.0
0.0 0.0 0.0
0.0 0.0 0.0
0.0 0.0 0.0
0.0 0.0 0.0
0.0 0.0 0.0
0.0 0.0 0.0
0.0 0.0 0.0
0.0 0.0 0.0
0.0 0.0 0.0
0.0 0.0 0.0
0.0 0.0 0.0
0.0 0.0 0.0
0.0 0.0 0.0
0.0 0.0 0.0
0.0 0.0 0.0
0.0 0.0 0.0
0.0 0.0 0.0
0.0 0.0 0.0
0.0 0.0 0.0
0.0 0.0 0.0
0.0 0.0 0.0
0.0 0.0 0.0
0.0 0.0 0.0
0.0 0.0 0.0
0.0 0.0 0.0
0.0 0.0 0.0
0.0 0.0 0.0
0.0 0.0 0.0
0.0 0.0 0.0
0.0 0.0 0.0
0.0 0.0 0.0
0.0 0.0 0.0
0.0 0.0 0.0
0.0 0.0 0.0
0.0 0.0 0.0
0.0 0.0 0.0
0.0 0.0 0.0
0.0 0.0 0.0
0.0 0.0 0.0
0.0 0.0 0.0
0.0 0.0 0.0
0.0 0.0 0.0
0.0 0.0 0.0
0.0 0.0 0.0
0.0 0.0 0.0
0.0 0.0 0.0
0.0 0.0 0.0
0.0 0.0 0.0
0.0 0.0 0.0
0.0 0.0 0.0
0.0 0.0 0.0
0.0 0.0 0.0
0.0 0.0 0.0
0.0 0.0 0.0
0.0 0.0 0.0
0.0 0.0 0.0
0.0 0.0 0.0
0.0 0.0 0.0
0.0 0.0 0.0
0.0 0.0 0.0
0.0 0.0 0.0
0.0 0.0 0.0
0.0 0.0 0.0
0.0 0.0 0.0
0.0 0.0 0.0
0.0 0.0 0.0
0.0 0.0 0.0
0.0 0.0 0.0
0.0 0.0 0.0
0.0 0.0 0.0
0.0 0.0 0.0
0.0 0.0 0.0
0.0 0.0 0.0
0.0 0.0 0.0
50.587703704833984 121.79156494140625 -2.4343605041503906
0.0 0.0 0.0
0.0 0.0 0.0
0.0 0.0 0.0
0.0 0.0 0.0
0.0 0.0 0.0
0.0 0.0 0.0
0.0 0.0 0.0
0.0 0.0 0.0
0.0 0.0 0.0
0.0 0.0 0.0
0.0 0.0 0.0
0.0 0.0 0.0
0.0 0.0 0.0
0.0 0.0 0.0
0.0 0.0 0.0
0.0 0.0 0.0
0.0 0.0 0.0
0.0 0.0 0.0
0.0 0.0 0.0
0.0 0.0 0.0
0.0 0.0 0.0
0.0 0.0 0.0
0.0 0.0 0.0
0.0 0.0 0.0
0.0 0.0 0.0
0.0 0.0 0.0
0.0 0.0 0.0
0.0 0.0 0.0
0.0 0.0 0.0
0.0 0.0 0.0
0.0 0.0 0.0
0.0 0.0 0.0
0.0 0.0 0.0
0.0 0.0 0.0
0.0 0.0 0.0
0.0 0.0 0.0
0.0 0.0 0.0
0.0 0.0 0.0
0.0 0.0 0.0
0.0 0.0 0.0
0.0 0.0 0.0
0.0 0.0 0.0
0.0 0.0 0.0
0.0 0.0 0.0
0.0 0.0 0.0
0.0 0.0 0.0
0.0 0.0 0.0
0.0 0.0 0.0
0.0 0.0 0.0
0.0 0.0 0.0
0.0 0.0 0.0
0.0 0.0 0.0
0.0 0.0 0.0
0.0 0.0 0.0
0.0 0.0 0.0
0.0 0.0 0.0
0.0 0.0 0.0
0.0 0.0 0.0
0.0 0.0 0.0
0.0 0.0 0.0
0.0 0.0 0.0
0.0 0.0 0.0
0.0 0.0 0.0
0.0 0.0 0.0
0.0 0.0 0.0
0.0 0.0 0.0
0.0 0.0 0.0
0.0 0.0 0.0
0.0 0.0 0.0
0.0 0.0 0.0
0.0 0.0 0.0
0.0 0.0 0.0
0.0 0.0 0.0
0.0 0.0 0.0
0.0 0.0 0.0
0.0 0.0 0.0
0.0 0.0 0.0
0.0 0.0 0.0
0.0 0.0 0.0
0.0 0.0 0.0
0.0 0.0 0.0
0.0 0.0 0.0
0.0 0.0 0.0
0.0 0.0 0.0
0.0 0.0 0.0
0.0 0.0 0.0
0.0 0.0 0.0
0.0 0.0 0.0
0.0 0.0 0.0
0.0 0.0 0.0
0.0 0.0 0.0
0.0 0.0 0.0
0.0 0.0 0.0
0.0 0.0 0.0
0.0 0.0 0.0
0.0 0.0 0.0
0.0 0.0 0.0
0.0 0.0 0.0
0.0 0.0 0.0
0.0 0.0 0.0
0.0 0.0 0.0
0.0 0.0 0.0
0.0 0.0 0.0
0.0 0.0 0.0
0.0 0.0 0.0
0.0 0.0 0.0
0.0 0.0 0.0
0.0 0.0 0.0
0.0 0.0 0.0
0.0 0.0 0.0
0.0 0.0 0.0
0.0 0.0 0.0
0.0 0.0 0.0
0.0 0.0 0.0
0.0 0.0 0.0
0.0 0.0 0.0
0.0 0.0 0.0
0.0 0.0 0.0
0.0 0.0 0.0
0.0 0.0 0.0
0.0 0.0 0.0
0.0 0.0 0.0
0.0 0.0 0.0
0.0 0.0 0.0
0.0 0.0 0.0
0.0 0.0 0.0
0.0 0.0 0.0
0.0 0.0 0.0
0.0 0.0 0.0
0.0 0.0 0.0
0.0 0.0 0.0
0.0 0.0 0.0
0.0 0.0 0.0
0.0 0.0 0.0
0.0 0.0 0.0
0.0 0.0 0.0
0.0 0.0 0.0
0.0 0.0 0.0
0.0 0.0 0.0
0.0 0.0 0.0
0.0 0.0 0.0
0.0 0.0 0.0
0.0 0.0 0.0
0.0 0.0 0.0
0.0 0.0 0.0
0.0 0.0 0.0
0.0 0.0 0.0
0.0 0.0 0.0
0.0 0.0 0.0
0.0 0.0 0.0
0.0 0.0 0.0
0.0 0.0 0.0
0.0 0.0 0.0
0.0 0.0 0.0
0.0 0.0 0.0
0.0 0.0 0.0
0.0 0.0 0.0
0.0 0.0 0.0
0.0 0.0 0.0
0.0 0.0 0.0
0.0 0.0 0.0
0.0 0.0 0.0
0.0 0.0 0.0
0.0 0.0 0.0
0.0 0.0 0.0
0.0 0.0 0.0
0.0 0.0 0.0
0.0 0.0 0.0
0.0 0.0 0.0
0.0 0.0 0.0
0.0 0.0 0.0
0.0 0.0 0.0
0.0 0.0 0.0
0.0 0.0 0.0
0.0 0.0 0.0
0.0 0.0 0.0
0.0 0.0 0.0
0.0 0.0 0.0
0.0 0.0 0.0
0.0 0.0 0.0
0.0 0.0 0.0
0.0 0.0 0.0
0.0 0.0 0.0
0.0 0.0 0.0
0.0 0.0 0.0
0.0 0.0 0.0
0.0 0.0 0.0
0.0 0.0 0.0
0.0 0.0 0.0
0.0 0.0 0.0
0.0 0.0 0.0
0.0 0.0 0.0
0.0 0.0 0.0
0.0 0.0 0.0
0.0 0.0 0.0
0.0 0.0 0.0
0.0 0.0 0.0
0.0 0.0 0.0
0.0 0.0 0.0
0.0 0.0 0.0
0.0 0.0 0.0
0.0 0.0 0.0
0.0 0.0 0.0
0.0 0.0 0.0
0.0 0.0 0.0
0.0 0.0 0.0
0.0 0.0 0.0
0.0 0.0 0.0
0.0 0.0 0.0
0.0 0.0 0.0
0.0 0.0 0.0
0.0 0.0 0.0
0.0 0.0 0.0
0.0 0.0 0.0
0.0 0.0 0.0
0.0 0.0 0.0
0.0 0.0 0.0
0.0 0.0 0.0
0.0 0.0 0.0
0.0 0.0 0.0
0.0 0.0 0.0
0.0 0.0 0.0
0.0 0.0 0.0
0.0 0.0 0.0
0.0 0.0 0.0
0.0 0.0 0.0
0.0 0.0 0.0
0.0 0.0 0.0
0.0 0.0 0.0
0.0 0.0 0.0
0.0 0.0 0.0
0.0 0.0 0.0
0.0 0.0 0.0
0.0 0.0 0.0
0.0 0.0 0.0
0.0 0.0 0.0
0.0 0.0 0.0
0.0 0.0 0.0
0.0 0.0 0.0
0.0 0.0 0.0
0.0 0.0 0.0
0.0 0.0 0.0
0.0 0.0 0.0
0.0 0.0 0.0
0.0 0.0 0.0
0.0 0.0 0.0
0.0 0.0 0.0
0.0 0.0 0.0
0.0 0.0 0.0
0.0 0.0 0.0
0.0 0.0 0.0
0.0 0.0 0.0
0.0 0.0 0.0
0.0 0.0 0.0
0.0 0.0 0.0
0.0 0.0 0.0
0.0 0.0 0.0
0.0 0.0 0.0
0.0 0.0 0.0
0.0 0.0 0.0
0.0 0.0 0.0
0.0 0.0 0.0
0.0 0.0 0.0
0.0 0.0 0.0
0.0 0.0 0.0
0.0 0.0 0.0
0.0 0.0 0.0
0.0 0.0 0.0
0.0 0.0 0.0
0.0 0.0 0.0
0.0 0.0 0.0
0.0 0.0 0.0
0.0 0.0 0.0
0.0 0.0 0.0
0.0 0.0 0.0
0.0 0.0 0.0
0.0 0.0 0.0
0.0 0.0 0.0
0.0 0.0 0.0
0.0 0.0 0.0
0.0 0.0 0.0
0.0 0.0 0.0
0.0 0.0 0.0
0.0 0.0 0.0
0.0 0.0 0.0
0.0 0.0 0.0
0.0 0.0 0.0
0.0 0.0 0.0
0.0 0.0 0.0
0.0 0.0 0.0
0.0 0.0 0.0
0.0 0.0 0.0
0.0 0.0 0.0
0.0 0.0 0.0
0.0 0.0 0.0
0.0 0.0 0.0
0.0 0.0 0.0
0.0 0.0 0.0
0.0 0.0 0.0
0.0 0.0 0.0
0.0 0.0 0.0
0.0 0.0 0.0
0.0 0.0 0.0
0.0 0.0 0.0
0.0 0.0 0.0
0.0 0.0 0.0
0.0 0.0 0.0
0.0 0.0 0.0
0.0 0.0 0.0
0.0 0.0 0.0
0.0 0.0 0.0
0.0 0.0 0.0
0.0 0.0 0.0
0.0 0.0 0.0
0.0 0.0 0.0
0.0 0.0 0.0
0.0 0.0 0.0
0.0 0.0 0.0
0.0 0.0 0.0
0.0 0.0 0.0
0.0 0.0 0.0
0.0 0.0 0.0
0.0 0.0 0.0
0.0 0.0 0.0
0.0 0.0 0.0
0.0 0.0 0.0
0.0 0.0 0.0
0.0 0.0 0.0
0.0 0.0 0.0
0.0 0.0 0.0
0.0 0.0 0.0
0.0 0.0 0.0
0.0 0.0 0.0
0.0 0.0 0.0
0.0 0.0 0.0
0.0 0.0 0.0
0.0 0.0 0.0
0.0 0.0 0.0
0.0 0.0 0.0
0.0 0.0 0.0
0.0 0.0 0.0
0.0 0.0 0.0
0.0 0.0 0.0
0.0 0.0 0.0
0.0 0.0 0.0
0.0 0.0 0.0
0.0 0.0 0.0
0.0 0.0 0.0
0.0 0.0 0.0
0.0 0.0 0.0
0.0 0.0 0.0
0.0 0.0 0.0
0.0 0.0 0.0
0.0 0.0 0.0
0.0 0.0 0.0
0.0 0.0 0.0
0.0 0.0 0.0
0.0 0.0 0.0
0.0 0.0 0.0
0.0 0.0 0.0
0.0 0.0 0.0
0.0 0.0 0.0
0.0 0.0 0.0
0.0 0.0 0.0
0.0 0.0 0.0
0.0 0.0 0.0
0.0 0.0 0.0
0.0 0.0 0.0
0.0 0.0 0.0
0.0 0.0 0.0
0.0 0.0 0.0
0.0 0.0 0.0
0.0 0.0 0.0
0.0 0.0 0.0
0.0 0.0 0.0
0.0 0.0 0.0
0.0 0.0 0.0
0.0 0.0 0.0
0.0 0.0 0.0
0.0 0.0 0.0
0.0 0.0 0.0
0.0 0.0 0.0
0.0 0.0 0.0
0.0 0.0 0.0
0.0 0.0 0.0
0.0 0.0 0.0
0.0 0.0 0.0
0.0 0.0 0.0
0.0 0.0 0.0
0.0 0.0 0.0
0.0 0.0 0.0
0.0 0.0 0.0
0.0 0.0 0.0
0.0 0.0 0.0
0.0 0.0 0.0
0.0 0.0 0.0
0.0 0.0 0.0
0.0 0.0 0.0
0.0 0.0 0.0
0.0 0.0 0.0
0.0 0.0 0.0
0.0 0.0 0.0
0.0 0.0 0.0
0.0 0.0 0.0
0.0 0.0 0.0
0.0 0.0 0.0
0.0 0.0 0.0
0.0 0.0 0.0
0.0 0.0 0.0
0.0 0.0 0.0
0.0 0.0 0.0
0.0 0.0 0.0
0.0 0.0 0.0
0.0 0.0 0.0
0.0 0.0 0.0
0.0 0.0 0.0
0.0 0.0 0.0
0.0 0.0 0.0
0.0 0.0 0.0
0.0 0.0 0.0
0.0 0.0 0.0
0.0 0.0 0.0
0.0 0.0 0.0
0.0 0.0 0.0
0.0 0.0 0.0
0.0 0.0 0.0
0.0 0.0 0.0
0.0 0.0 0.0
0.0 0.0 0.0
0.0 0.0 0.0
0.0 0.0 0.0
0.0 0.0 0.0
0.0 0.0 0.0
0.0 0.0 0.0
0.0 0.0 0.0
0.0 0.0 0.0
0.0 0.0 0.0
0.0 0.0 0.0
0.0 0.0 0.0
0.0 0.0 0.0
0.0 0.0 0.0
0.0 0.0 0.0
0.0 0.0 0.0
0.0 0.0 0.0
0.0 0.0 0.0
0.0 0.0 0.0
0.0 0.0 0.0
0.0 0.0 0.0
0.0 0.0 0.0
0.0 0.0 0.0
0.0 0.0 0.0
0.0 0.0 0.0
0.0 0.0 0.0
0.0 0.0 0.0
0.0 0.0 0.0
0.0 0.0 0.0
0.0 0.0 0.0
0.0 0.0 0.0
0.0 0.0 0.0
0.0 0.0 0.0
0.0 0.0 0.0
0.0 0.0 0.0
0.0 0.0 0.0
0.0 0.0 0.0
0.0 0.0 0.0
0.0 0.0 0.0
0.0 0.0 0.0
0.0 0.0 0.0
0.0 0.0 0.0
0.0 0.0 0.0
0.0 0.0 0.0
0.0 0.0 0.0
0.0 0.0 0.0
0.0 0.0 0.0
0.0 0.0 0.0
0.0 0.0 0.0
0.0 0.0 0.0
0.0 0.0 0.0
0.0 0.0 0.0
0.0 0.0 0.0
0.0 0.0 0.0
0.0 0.0 0.0
0.0 0.0 0.0
0.0 0.0 0.0
0.0 0.0 0.0
0.0 0.0 0.0
0.0 0.0 0.0
0.0 0.0 0.0
0.0 0.0 0.0
0.0 0.0 0.0
0.0 0.0 0.0
0.0 0.0 0.0
0.0 0.0 0.0
0.0 0.0 0.0
0.0 0.0 0.0
0.0 0.0 0.0
0.0 0.0 0.0
0.0 0.0 0.0
0.0 0.0 0.0
0.0 0.0 0.0
0.0 0.0 0.0
0.0 0.0 0.0
0.0 0.0 0.0
0.0 0.0 0.0
0.0 0.0 0.0
0.0 0.0 0.0
0.0 0.0 0.0
0.0 0.0 0.0
0.0 0.0 0.0
0.0 0.0 0.0
0.0 0.0 0.0
0.0 0.0 0.0
0.0 0.0 0.0
0.0 0.0 0.0
0.0 0.0 0.0
0.0 0.0 0.0
0.0 0.0 0.0
0.0 0.0 0.0
0.0 0.0 0.0
0.0 0.0 0.0
0.0 0.0 0.0
0.0 0.0 0.0
0.0 0.0 0.0
0.0 0.0 0.0
0.0 0.0 0.0
0.0 0.0 0.0
0.0 0.0 0.0
0.0 0.0 0.0
0.0 0.0 0.0
0.0 0.0 0.0
0.0 0.0 0.0
0.0 0.0 0.0
0.0 0.0 0.0
0.0 0.0 0.0
0.0 0.0 0.0
0.0 0.0 0.0
0.0 0.0 0.0
0.0 0.0 0.0
0.0 0.0 0.0
0.0 0.0 0.0
0.0 0.0 0.0
0.0 0.0 0.0
0.0 0.0 0.0
0.0 0.0 0.0
0.0 0.0 0.0
0.0 0.0 0.0
0.0 0.0 0.0
0.0 0.0 0.0
0.0 0.0 0.0
0.0 0.0 0.0
0.0 0.0 0.0
0.0 0.0 0.0
0.0 0.0 0.0
0.0 0.0 0.0
0.0 0.0 0.0
0.0 0.0 0.0
0.0 0.0 0.0
0.0 0.0 0.0
0.0 0.0 0.0
0.0 0.0 0.0
0.0 0.0 0.0
0.0 0.0 0.0
0.0 0.0 0.0
0.0 0.0 0.0
0.0 0.0 0.0
0.0 0.0 0.0
0.0 0.0 0.0
0.0 0.0 0.0
0.0 0.0 0.0
0.0 0.0 0.0
0.0 0.0 0.0
0.0 0.0 0.0
0.0 0.0 0.0
0.0 0.0 0.0
0.0 0.0 0.0
0.0 0.0 0.0
0.0 0.0 0.0
0.0 0.0 0.0
0.0 0.0 0.0
0.0 0.0 0.0
0.0 0.0 0.0
0.0 0.0 0.0
0.0 0.0 0.0
0.0 0.0 0.0
0.0 0.0 0.0
0.0 0.0 0.0
0.0 0.0 0.0
0.0 0.0 0.0
0.0 0.0 0.0
0.0 0.0 0.0
0.0 0.0 0.0
0.0 0.0 0.0
0.0 0.0 0.0
0.0 0.0 0.0
0.0 0.0 0.0
0.0 0.0 0.0
0.0 0.0 0.0
0.0 0.0 0.0
0.0 0.0 0.0
0.0 0.0 0.0
0.0 0.0 0.0
0.0 0.0 0.0
0.0 0.0 0.0
0.0 0.0 0.0
0.0 0.0 0.0
0.0 0.0 0.0
0.0 0.0 0.0
0.0 0.0 0.0
0.0 0.0 0.0
0.0 0.0 0.0
0.0 0.0 0.0
0.0 0.0 0.0
0.0 0.0 0.0
0.0 0.0 0.0
0.0 0.0 0.0
0.0 0.0 0.0
0.0 0.0 0.0
0.0 0.0 0.0
0.0 0.0 0.0
0.0 0.0 0.0
0.0 0.0 0.0
0.0 0.0 0.0
0.0 0.0 0.0
0.0 0.0 0.0
0.0 0.0 0.0
0.0 0.0 0.0
0.0 0.0 0.0
0.0 0.0 0.0
0.0 0.0 0.0
0.0 0.0 0.0
0.0 0.0 0.0
0.0 0.0 0.0
0.0 0.0 0.0
0.0 0.0 0.0
0.0 0.0 0.0
0.0 0.0 0.0
0.0 0.0 0.0
0.0 0.0 0.0
0.0 0.0 0.0
0.0 0.0 0.0
0.0 0.0 0.0
0.0 0.0 0.0
0.0 0.0 0.0
0.0 0.0 0.0
0.0 0.0 0.0
0.0 0.0 0.0
0.0 0.0 0.0
0.0 0.0 0.0
0.0 0.0 0.0
0.0 0.0 0.0
0.0 0.0 0.0
0.0 0.0 0.0
0.0 0.0 0.0
0.0 0.0 0.0
0.0 0.0 0.0
0.0 0.0 0.0
0.0 0.0 0.0
0.0 0.0 0.0
0.0 0.0 0.0
0.0 0.0 0.0
0.0 0.0 0.0
0.0 0.0 0.0
0.0 0.0 0.0
0.0 0.0 0.0
0.0 0.0 0.0
0.0 0.0 0.0
0.0 0.0 0.0
0.0 0.0 0.0
0.0 0.0 0.0
0.0 0.0 0.0
0.0 0.0 0.0
0.0 0.0 0.0
0.0 0.0 0.0
0.0 0.0 0.0
0.0 0.0 0.0
0.0 0.0 0.0
0.0 0.0 0.0
0.0 0.0 0.0
0.0 0.0 0.0
0.0 0.0 0.0
0.0 0.0 0.0
0.0 0.0 0.0
0.0 0.0 0.0
0.0 0.0 0.0
0.0 0.0 0.0
0.0 0.0 0.0
0.0 0.0 0.0
0.0 0.0 0.0
0.0 0.0 0.0
0.0 0.0 0.0
0.0 0.0 0.0
0.0 0.0 0.0
0.0 0.0 0.0
0.0 0.0 0.0
0.0 0.0 0.0
0.0 0.0 0.0
0.0 0.0 0.0
0.0 0.0 0.0
0.0 0.0 0.0
0.0 0.0 0.0
0.0 0.0 0.0
0.0 0.0 0.0
0.0 0.0 0.0
0.0 0.0 0.0
0.0 0.0 0.0
0.0 0.0 0.0
0.0 0.0 0.0
0.0 0.0 0.0
0.0 0.0 0.0
0.0 0.0 0.0
0.0 0.0 0.0
0.0 0.0 0.0
0.0 0.0 0.0
0.0 0.0 0.0
0.0 0.0 0.0
0.0 0.0 0.0
0.0 0.0 0.0
0.0 0.0 0.0
0.0 0.0 0.0
0.0 0.0 0.0
0.0 0.0 0.0
0.0 0.0 0.0
0.0 0.0 0.0
0.0 0.0 0.0
0.0 0.0 0.0
0.0 0.0 0.0
0.0 0.0 0.0
0.0 0.0 0.0
0.0 0.0 0.0
0.0 0.0 0.0
0.0 0.0 0.0
0.0 0.0 0.0
0.0 0.0 0.0
0.0 0.0 0.0
0.0 0.0 0.0
0.0 0.0 0.0
0.0 0.0 0.0
0.0 0.0 0.0
0.0 0.0 0.0
0.0 0.0 0.0
0.0 0.0 0.0
0.0 0.0 0.0
0.0 0.0 0.0
0.0 0.0 0.0
0.0 0.0 0.0
0.0 0.0 0.0
0.0 0.0 0.0
0.0 0.0 0.0
0.0 0.0 0.0
0.0 0.0 0.0
0.0 0.0 0.0
0.0 0.0 0.0
0.0 0.0 0.0
0.0 0.0 0.0
0.0 0.0 0.0
0.0 0.0 0.0
0.0 0.0 0.0
0.0 0.0 0.0
0.0 0.0 0.0
0.0 0.0 0.0
0.0 0.0 0.0
0.0 0.0 0.0
0.0 0.0 0.0
0.0 0.0 0.0
0.0 0.0 0.0
0.0 0.0 0.0
0.0 0.0 0.0
0.0 0.0 0.0
0.0 0.0 0.0
0.0 0.0 0.0
0.0 0.0 0.0
0.0 0.0 0.0
0.0 0.0 0.0
0.0 0.0 0.0
0.0 0.0 0.0
0.0 0.0 0.0
0.0 0.0 0.0
0.0 0.0 0.0
0.0 0.0 0.0
0.0 0.0 0.0
0.0 0.0 0.0
0.0 0.0 0.0
0.0 0.0 0.0
0.0 0.0 0.0
0.0 0.0 0.0
0.0 0.0 0.0
0.0 0.0 0.0
0.0 0.0 0.0
0.0 0.0 0.0
0.0 0.0 0.0
0.0 0.0 0.0
0.0 0.0 0.0
0.0 0.0 0.0
0.0 0.0 0.0
0.0 0.0 0.0
0.0 0.0 0.0
0.0 0.0 0.0
0.0 0.0 0.0
0.0 0.0 0.0
0.0 0.0 0.0
0.0 0.0 0.0
0.0 0.0 0.0
0.0 0.0 0.0
0.0 0.0 0.0
0.0 0.0 0.0
0.0 0.0 0.0
0.0 0.0 0.0
0.0 0.0 0.0
0.0 0.0 0.0
0.0 0.0 0.0
0.0 0.0 0.0
0.0 0.0 0.0
0.0 0.0 0.0
0.0 0.0 0.0
0.0 0.0 0.0
0.0 0.0 0.0
0.0 0.0 0.0
0.0 0.0 0.0
0.0 0.0 0.0
0.0 0.0 0.0
0.0 0.0 0.0
0.0 0.0 0.0
0.0 0.0 0.0
0.0 0.0 0.0
0.0 0.0 0.0
0.0 0.0 0.0
0.0 0.0 0.0
0.0 0.0 0.0
0.0 0.0 0.0
0.0 0.0 0.0
0.0 0.0 0.0
0.0 0.0 0.0
0.0 0.0 0.0
0.0 0.0 0.0
0.0 0.0 0.0
0.0 0.0 0.0
0.0 0.0 0.0
0.0 0.0 0.0
0.0 0.0 0.0
0.0 0.0 0.0
0.0 0.0 0.0
0.0 0.0 0.0
0.0 0.0 0.0
0.0 0.0 0.0
0.0 0.0 0.0
0.0 0.0 0.0
0.0 0.0 0.0
0.0 0.0 0.0
0.0 0.0 0.0
0.0 0.0 0.0
0.0 0.0 0.0
0.0 0.0 0.0
0.0 0.0 0.0
0.0 0.0 0.0
0.0 0.0 0.0
0.0 0.0 0.0
0.0 0.0 0.0
0.0 0.0 0.0
0.0 0.0 0.0
0.0 0.0 0.0
0.0 0.0 0.0
0.0 0.0 0.0
0.0 0.0 0.0
0.0 0.0 0.0
0.0 0.0 0.0
0.0 0.0 0.0
0.0 0.0 0.0
0.0 0.0 0.0
0.0 0.0 0.0
0.0 0.0 0.0
0.0 0.0 0.0
0.0 0.0 0.0
0.0 0.0 0.0
0.0 0.0 0.0
0.0 0.0 0.0
0.0 0.0 0.0
0.0 0.0 0.0
0.0 0.0 0.0
0.0 0.0 0.0
0.0 0.0 0.0
0.0 0.0 0.0
0.0 0.0 0.0
0.0 0.0 0.0
0.0 0.0 0.0
0.0 0.0 0.0
0.0 0.0 0.0
0.0 0.0 0.0
0.0 0.0 0.0
0.0 0.0 0.0
0.0 0.0 0.0
0.0 0.0 0.0
0.0 0.0 0.0
0.0 0.0 0.0
0.0 0.0 0.0
0.0 0.0 0.0
0.0 0.0 0.0
0.0 0.0 0.0
0.0 0.0 0.0
0.0 0.0 0.0
0.0 0.0 0.0
0.0 0.0 0.0
0.0 0.0 0.0
0.0 0.0 0.0
0.0 0.0 0.0
0.0 0.0 0.0
0.0 0.0 0.0
0.0 0.0 0.0
0.0 0.0 0.0
0.0 0.0 0.0
0.0 0.0 0.0
0.0 0.0 0.0
0.0 0.0 0.0
0.0 0.0 0.0
0.0 0.0 0.0
0.0 0.0 0.0
0.0 0.0 0.0
0.0 0.0 0.0
0.0 0.0 0.0
0.0 0.0 0.0
0.0 0.0 0.0
0.0 0.0 0.0
0.0 0.0 0.0
0.0 0.0 0.0
0.0 0.0 0.0
0.0 0.0 0.0
0.0 0.0 0.0
0.0 0.0 0.0
0.0 0.0 0.0
0.0 0.0 0.0
0.0 0.0 0.0
0.0 0.0 0.0
0.0 0.0 0.0
0.0 0.0 0.0
0.0 0.0 0.0
0.0 0.0 0.0
0.0 0.0 0.0
0.0 0.0 0.0
0.0 0.0 0.0
0.0 0.0 0.0
0.0 0.0 0.0
0.0 0.0 0.0
0.0 0.0 0.0
0.0 0.0 0.0
0.0 0.0 0.0
0.0 0.0 0.0
0.0 0.0 0.0
0.0 0.0 0.0
0.0 0.0 0.0
0.0 0.0 0.0
0.0 0.0 0.0
0.0 0.0 0.0
0.0 0.0 0.0
0.0 0.0 0.0
0.0 0.0 0.0
0.0 0.0 0.0
0.0 0.0 0.0
0.0 0.0 0.0
0.0 0.0 0.0
0.0 0.0 0.0
0.0 0.0 0.0
0.0 0.0 0.0
0.0 0.0 0.0
-7.858701705932617 15.525787353515625 -0.17988482117652893
0.0 0.0 0.0
0.0 0.0 0.0
0.0 0.0 0.0
0.0 0.0 0.0
0.0 0.0 0.0
0.0 0.0 0.0
0.0 0.0 0.0
0.0 0.0 0.0
0.0 0.0 0.0
0.0 0.0 0.0
0.0 0.0 0.0
0.0 0.0 0.0
0.0 0.0 0.0
0.0 0.0 0.0
0.0 0.0 0.0
0.0 0.0 0.0
0.0 0.0 0.0
0.0 0.0 0.0
0.0 0.0 0.0
0.0 0.0 0.0
0.0 0.0 0.0
0.0 0.0 0.0
0.0 0.0 0.0
0.0 0.0 0.0
0.0 0.0 0.0
0.0 0.0 0.0
0.0 0.0 0.0
0.0 0.0 0.0
0.0 0.0 0.0
0.0 0.0 0.0
0.0 0.0 0.0
0.0 0.0 0.0
0.0 0.0 0.0
0.0 0.0 0.0
0.0 0.0 0.0
0.0 0.0 0.0
0.0 0.0 0.0
0.0 0.0 0.0
0.0 0.0 0.0
0.0 0.0 0.0
0.0 0.0 0.0
0.0 0.0 0.0
0.0 0.0 0.0
0.0 0.0 0.0
0.0 0.0 0.0
0.0 0.0 0.0
0.0 0.0 0.0
0.0 0.0 0.0
0.0 0.0 0.0
0.0 0.0 0.0
0.0 0.0 0.0
0.0 0.0 0.0
0.0 0.0 0.0
0.0 0.0 0.0
0.0 0.0 0.0
0.0 0.0 0.0
0.0 0.0 0.0
0.0 0.0 0.0
0.0 0.0 0.0
0.0 0.0 0.0
0.0 0.0 0.0
0.0 0.0 0.0
0.0 0.0 0.0
0.0 0.0 0.0
0.0 0.0 0.0
0.0 0.0 0.0
0.0 0.0 0.0
0.0 0.0 0.0
0.0 0.0 0.0
0.0 0.0 0.0
0.0 0.0 0.0
0.0 0.0 0.0
0.0 0.0 0.0
0.0 0.0 0.0
0.0 0.0 0.0
0.0 0.0 0.0
0.0 0.0 0.0
0.0 0.0 0.0
0.0 0.0 0.0
0.0 0.0 0.0
0.0 0.0 0.0
0.0 0.0 0.0
0.0 0.0 0.0
0.0 0.0 0.0
0.0 0.0 0.0
0.0 0.0 0.0
0.0 0.0 0.0
0.0 0.0 0.0
0.0 0.0 0.0
0.0 0.0 0.0
0.0 0.0 0.0
0.0 0.0 0.0
0.0 0.0 0.0
0.0 0.0 0.0
0.0 0.0 0.0
0.0 0.0 0.0
0.0 0.0 0.0
0.0 0.0 0.0
0.0 0.0 0.0
0.0 0.0 0.0
0.0 0.0 0.0
0.0 0.0 0.0
0.0 0.0 0.0
0.0 0.0 0.0
0.0 0.0 0.0
0.0 0.0 0.0
0.0 0.0 0.0
0.0 0.0 0.0
0.0 0.0 0.0
0.0 0.0 0.0
0.0 0.0 0.0
0.0 0.0 0.0
0.0 0.0 0.0
0.0 0.0 0.0
0.0 0.0 0.0
0.0 0.0 0.0
0.0 0.0 0.0
0.0 0.0 0.0
0.0 0.0 0.0
0.0 0.0 0.0
0.0 0.0 0.0
0.0 0.0 0.0
0.0 0.0 0.0
0.0 0.0 0.0
0.0 0.0 0.0
0.0 0.0 0.0
0.0 0.0 0.0
0.0 0.0 0.0
0.0 0.0 0.0
0.0 0.0 0.0
0.0 0.0 0.0
0.0 0.0 0.0
0.0 0.0 0.0
0.0 0.0 0.0
0.0 0.0 0.0
0.0 0.0 0.0
0.0 0.0 0.0
0.0 0.0 0.0
0.0 0.0 0.0
0.0 0.0 0.0
0.0 0.0 0.0
0.0 0.0 0.0
0.0 0.0 0.0
0.0 0.0 0.0
0.0 0.0 0.0
0.0 0.0 0.0
0.0 0.0 0.0
0.0 0.0 0.0
0.0 0.0 0.0
0.0 0.0 0.0
0.0 0.0 0.0
0.0 0.0 0.0
0.0 0.0 0.0
0.0 0.0 0.0
0.0 0.0 0.0
0.0 0.0 0.0
0.0 0.0 0.0
0.0 0.0 0.0
0.0 0.0 0.0
0.0 0.0 0.0
0.0 0.0 0.0
0.0 0.0 0.0
0.0 0.0 0.0
0.0 0.0 0.0
0.0 0.0 0.0
0.0 0.0 0.0
0.0 0.0 0.0
0.0 0.0 0.0
0.0 0.0 0.0
0.0 0.0 0.0
0.0 0.0 0.0
0.0 0.0 0.0
0.0 0.0 0.0
0.0 0.0 0.0
0.0 0.0 0.0
0.0 0.0 0.0
0.0 0.0 0.0
0.0 0.0 0.0
0.0 0.0 0.0
0.0 0.0 0.0
0.0 0.0 0.0
0.0 0.0 0.0
0.0 0.0 0.0
0.0 0.0 0.0
0.0 0.0 0.0
0.0 0.0 0.0
0.0 0.0 0.0
0.0 0.0 0.0
0.0 0.0 0.0
0.0 0.0 0.0
0.0 0.0 0.0
0.0 0.0 0.0
0.0 0.0 0.0
0.0 0.0 0.0
0.0 0.0 0.0
0.0 0.0 0.0
0.0 0.0 0.0
0.0 0.0 0.0
0.0 0.0 0.0
0.0 0.0 0.0
0.0 0.0 0.0
0.0 0.0 0.0
0.0 0.0 0.0
0.0 0.0 0.0
0.0 0.0 0.0
0.0 0.0 0.0
0.0 0.0 0.0
0.0 0.0 0.0
0.0 0.0 0.0
0.0 0.0 0.0
0.0 0.0 0.0
0.0 0.0 0.0
0.0 0.0 0.0
0.0 0.0 0.0
0.0 0.0 0.0
0.0 0.0 0.0
0.0 0.0 0.0
0.0 0.0 0.0
0.0 0.0 0.0
0.0 0.0 0.0
0.0 0.0 0.0
0.0 0.0 0.0
0.0 0.0 0.0
0.0 0.0 0.0
0.0 0.0 0.0
0.0 0.0 0.0
0.0 0.0 0.0
0.0 0.0 0.0
0.0 0.0 0.0
0.0 0.0 0.0
0.0 0.0 0.0
0.0 0.0 0.0
0.0 0.0 0.0
0.0 0.0 0.0
0.0 0.0 0.0
0.0 0.0 0.0
0.0 0.0 0.0
0.0 0.0 0.0
0.0 0.0 0.0
0.0 0.0 0.0
0.0 0.0 0.0
0.0 0.0 0.0
0.0 0.0 0.0
0.0 0.0 0.0
0.0 0.0 0.0
0.0 0.0 0.0
0.0 0.0 0.0
0.0 0.0 0.0
0.0 0.0 0.0
0.0 0.0 0.0
0.0 0.0 0.0
0.0 0.0 0.0
0.0 0.0 0.0
0.0 0.0 0.0
0.0 0.0 0.0
0.0 0.0 0.0
0.0 0.0 0.0
0.0 0.0 0.0
0.0 0.0 0.0
0.0 0.0 0.0
0.0 0.0 0.0
0.0 0.0 0.0
0.0 0.0 0.0
0.0 0.0 0.0
0.0 0.0 0.0
0.0 0.0 0.0
0.0 0.0 0.0
0.0 0.0 0.0
0.0 0.0 0.0
0.0 0.0 0.0
0.0 0.0 0.0
0.0 0.0 0.0
0.0 0.0 0.0
0.0 0.0 0.0
0.0 0.0 0.0
0.0 0.0 0.0
0.0 0.0 0.0
0.0 0.0 0.0
0.0 0.0 0.0
0.0 0.0 0.0
0.0 0.0 0.0
0.0 0.0 0.0
0.0 0.0 0.0
0.0 0.0 0.0
0.0 0.0 0.0
0.0 0.0 0.0
0.0 0.0 0.0
0.0 0.0 0.0
0.0 0.0 0.0
0.0 0.0 0.0
0.0 0.0 0.0
0.0 0.0 0.0
0.0 0.0 0.0
0.0 0.0 0.0
0.0 0.0 0.0
0.0 0.0 0.0
0.0 0.0 0.0
0.0 0.0 0.0
0.0 0.0 0.0
0.0 0.0 0.0
0.0 0.0 0.0
0.0 0.0 0.0
0.0 0.0 0.0
0.0 0.0 0.0
0.0 0.0 0.0
0.0 0.0 0.0
0.0 0.0 0.0
0.0 0.0 0.0
0.0 0.0 0.0
0.0 0.0 0.0
0.0 0.0 0.0
0.0 0.0 0.0
0.0 0.0 0.0
0.0 0.0 0.0
0.0 0.0 0.0
0.0 0.0 0.0
0.0 0.0 0.0
0.0 0.0 0.0
0.0 0.0 0.0
0.0 0.0 0.0
0.0 0.0 0.0
0.0 0.0 0.0
0.0 0.0 0.0
0.0 0.0 0.0
0.0 0.0 0.0
0.0 0.0 0.0
0.0 0.0 0.0
0.0 0.0 0.0
0.0 0.0 0.0
0.0 0.0 0.0
0.0 0.0 0.0
0.0 0.0 0.0
0.0 0.0 0.0
0.0 0.0 0.0
0.0 0.0 0.0
0.0 0.0 0.0
0.0 0.0 0.0
0.0 0.0 0.0
0.0 0.0 0.0
0.0 0.0 0.0
0.0 0.0 0.0
0.0 0.0 0.0
0.0 0.0 0.0
0.0 0.0 0.0
0.0 0.0 0.0
0.0 0.0 0.0
0.0 0.0 0.0
0.0 0.0 0.0
0.0 0.0 0.0
0.0 0.0 0.0
0.0 0.0 0.0
0.0 0.0 0.0
0.0 0.0 0.0
0.0 0.0 0.0
0.0 0.0 0.0
0.0 0.0 0.0
0.0 0.0 0.0
0.0 0.0 0.0
0.0 0.0 0.0
0.0 0.0 0.0
0.0 0.0 0.0
0.0 0.0 0.0
0.0 0.0 0.0
0.0 0.0 0.0
0.0 0.0 0.0
0.0 0.0 0.0
0.0 0.0 0.0
0.0 0.0 0.0
0.0 0.0 0.0
0.0 0.0 0.0
0.0 0.0 0.0
0.0 0.0 0.0
0.0 0.0 0.0
0.0 0.0 0.0
0.0 0.0 0.0
0.0 0.0 0.0
0.0 0.0 0.0
0.0 0.0 0.0
0.0 0.0 0.0
0.0 0.0 0.0
0.0 0.0 0.0
0.0 0.0 0.0
0.0 0.0 0.0
0.0 0.0 0.0
0.0 0.0 0.0
0.0 0.0 0.0
0.0 0.0 0.0
0.0 0.0 0.0
0.0 0.0 0.0
0.0 0.0 0.0
0.0 0.0 0.0
0.0 0.0 0.0
0.0 0.0 0.0
0.0 0.0 0.0
0.0 0.0 0.0
0.0 0.0 0.0
0.0 0.0 0.0
0.0 0.0 0.0
0.0 0.0 0.0
0.0 0.0 0.0
0.0 0.0 0.0
0.0 0.0 0.0
0.0 0.0 0.0
0.0 0.0 0.0
0.0 0.0 0.0
0.0 0.0 0.0
0.0 0.0 0.0
0.0 0.0 0.0
0.0 0.0 0.0
0.0 0.0 0.0
0.0 0.0 0.0
0.0 0.0 0.0
0.0 0.0 0.0
0.0 0.0 0.0
0.0 0.0 0.0
0.0 0.0 0.0
0.0 0.0 0.0
0.0 0.0 0.0
0.0 0.0 0.0
0.0 0.0 0.0
0.0 0.0 0.0
0.0 0.0 0.0
0.0 0.0 0.0
0.0 0.0 0.0
0.0 0.0 0.0
0.0 0.0 0.0
0.0 0.0 0.0
0.0 0.0 0.0
0.0 0.0 0.0
0.0 0.0 0.0
0.0 0.0 0.0
0.0 0.0 0.0
0.0 0.0 0.0
0.0 0.0 0.0
0.0 0.0 0.0
0.0 0.0 0.0
0.0 0.0 0.0
0.0 0.0 0.0
0.0 0.0 0.0
0.0 0.0 0.0
0.0 0.0 0.0
0.0 0.0 0.0
0.0 0.0 0.0
0.0 0.0 0.0
0.0 0.0 0.0
0.0 0.0 0.0
0.0 0.0 0.0
0.0 0.0 0.0
0.0 0.0 0.0
0.0 0.0 0.0
0.0 0.0 0.0
0.0 0.0 0.0
0.0 0.0 0.0
0.0 0.0 0.0
0.0 0.0 0.0
0.0 0.0 0.0
0.0 0.0 0.0
0.0 0.0 0.0
0.0 0.0 0.0
0.0 0.0 0.0
0.0 0.0 0.0
0.0 0.0 0.0
0.0 0.0 0.0
0.0 0.0 0.0
0.0 0.0 0.0
0.0 0.0 0.0
0.0 0.0 0.0
0.0 0.0 0.0
0.0 0.0 0.0
0.0 0.0 0.0
0.0 0.0 0.0
0.0 0.0 0.0
0.0 0.0 0.0
0.0 0.0 0.0
0.0 0.0 0.0
0.0 0.0 0.0
0.0 0.0 0.0
0.0 0.0 0.0
0.0 0.0 0.0
0.0 0.0 0.0
0.0 0.0 0.0
0.0 0.0 0.0
0.0 0.0 0.0
0.0 0.0 0.0
0.0 0.0 0.0
0.0 0.0 0.0
0.0 0.0 0.0
0.0 0.0 0.0
0.0 0.0 0.0
0.0 0.0 0.0
0.0 0.0 0.0
0.0 0.0 0.0
0.0 0.0 0.0
0.0 0.0 0.0
0.0 0.0 0.0
0.0 0.0 0.0
0.0 0.0 0.0
0.0 0.0 0.0
0.0 0.0 0.0
0.0 0.0 0.0
0.0 0.0 0.0
0.0 0.0 0.0
0.0 0.0 0.0
0.0 0.0 0.0
0.0 0.0 0.0
0.0 0.0 0.0
0.0 0.0 0.0
0.0 0.0 0.0
0.0 0.0 0.0
0.0 0.0 0.0
0.0 0.0 0.0
0.0 0.0 0.0
0.0 0.0 0.0
0.0 0.0 0.0
0.0 0.0 0.0
0.0 0.0 0.0
0.0 0.0 0.0
0.0 0.0 0.0
0.0 0.0 0.0
0.0 0.0 0.0
0.0 0.0 0.0
0.0 0.0 0.0
0.0 0.0 0.0
0.0 0.0 0.0
0.0 0.0 0.0
0.0 0.0 0.0
0.0 0.0 0.0
0.0 0.0 0.0
0.0 0.0 0.0
0.0 0.0 0.0
0.0 0.0 0.0
0.0 0.0 0.0
0.0 0.0 0.0
0.0 0.0 0.0
0.0 0.0 0.0
0.0 0.0 0.0
0.0 0.0 0.0
0.0 0.0 0.0
0.0 0.0 0.0
0.0 0.0 0.0
0.0 0.0 0.0
0.0 0.0 0.0
0.0 0.0 0.0
0.0 0.0 0.0
0.0 0.0 0.0
0.0 0.0 0.0
0.0 0.0 0.0
0.0 0.0 0.0
0.0 0.0 0.0
0.0 0.0 0.0
0.0 0.0 0.0
0.0 0.0 0.0
0.0 0.0 0.0
0.0 0.0 0.0
0.0 0.0 0.0
0.0 0.0 0.0
0.0 0.0 0.0
0.0 0.0 0.0
0.0 0.0 0.0
0.0 0.0 0.0
0.0 0.0 0.0
0.0 0.0 0.0
0.0 0.0 0.0
0.0 0.0 0.0
0.0 0.0 0.0
0.0 0.0 0.0
0.0 0.0 0.0
0.0 0.0 0.0
0.0 0.0 0.0
0.0 0.0 0.0
0.0 0.0 0.0
0.0 0.0 0.0
0.0 0.0 0.0
0.0 0.0 0.0
0.0 0.0 0.0
0.0 0.0 0.0
0.0 0.0 0.0
0.0 0.0 0.0
0.0 0.0 0.0
0.0 0.0 0.0
0.0 0.0 0.0
0.0 0.0 0.0
0.0 0.0 0.0
0.0 0.0 0.0
0.0 0.0 0.0
0.0 0.0 0.0
0.0 0.0 0.0
0.0 0.0 0.0
0.0 0.0 0.0
0.0 0.0 0.0
0.0 0.0 0.0
0.0 0.0 0.0
0.0 0.0 0.0
0.0 0.0 0.0
0.0 0.0 0.0
0.0 0.0 0.0
0.0 0.0 0.0
0.0 0.0 0.0
0.0 0.0 0.0
0.0 0.0 0.0
0.0 0.0 0.0
0.0 0.0 0.0
0.0 0.0 0.0
0.0 0.0 0.0
0.0 0.0 0.0
0.0 0.0 0.0
0.0 0.0 0.0
0.0 0.0 0.0
0.0 0.0 0.0
0.0 0.0 0.0
0.0 0.0 0.0
0.0 0.0 0.0
0.0 0.0 0.0
0.0 0.0 0.0
0.0 0.0 0.0
0.0 0.0 0.0
0.0 0.0 0.0
0.0 0.0 0.0
0.0 0.0 0.0
0.0 0.0 0.0
0.0 0.0 0.0
0.0 0.0 0.0
0.0 0.0 0.0
0.0 0.0 0.0
0.0 0.0 0.0
0.0 0.0 0.0
0.0 0.0 0.0
0.0 0.0 0.0
0.0 0.0 0.0
0.0 0.0 0.0
0.0 0.0 0.0
0.0 0.0 0.0
0.0 0.0 0.0
0.0 0.0 0.0
0.0 0.0 0.0
0.0 0.0 0.0
0.0 0.0 0.0
0.0 0.0 0.0
0.0 0.0 0.0
0.0 0.0 0.0
0.0 0.0 0.0
0.0 0.0 0.0
0.0 0.0 0.0
0.0 0.0 0.0
0.0 0.0 0.0
0.0 0.0 0.0
0.0 0.0 0.0
0.0 0.0 0.0
0.0 0.0 0.0
0.0 0.0 0.0
0.0 0.0 0.0
0.0 0.0 0.0
0.0 0.0 0.0
0.0 0.0 0.0
0.0 0.0 0.0
0.0 0.0 0.0
0.0 0.0 0.0
0.0 0.0 0.0
0.0 0.0 0.0
0.0 0.0 0.0
0.0 0.0 0.0
0.0 0.0 0.0
0.0 0.0 0.0
0.0 0.0 0.0
0.0 0.0 0.0
0.0 0.0 0.0
0.0 0.0 0.0
0.0 0.0 0.0
0.0 0.0 0.0
0.0 0.0 0.0
0.0 0.0 0.0
0.0 0.0 0.0
0.0 0.0 0.0
0.0 0.0 0.0
0.0 0.0 0.0
0.0 0.0 0.0
0.0 0.0 0.0
0.0 0.0 0.0
0.0 0.0 0.0
0.0 0.0 0.0
0.0 0.0 0.0
0.0 0.0 0.0
0.0 0.0 0.0
0.0 0.0 0.0
0.0 0.0 0.0
0.0 0.0 0.0
0.0 0.0 0.0
0.0 0.0 0.0
0.0 0.0 0.0
0.0 0.0 0.0
0.0 0.0 0.0
0.0 0.0 0.0
0.0 0.0 0.0
0.0 0.0 0.0
0.0 0.0 0.0
0.0 0.0 0.0
0.0 0.0 0.0
0.0 0.0 0.0
0.0 0.0 0.0
0.0 0.0 0.0
0.0 0.0 0.0
0.0 0.0 0.0
0.0 0.0 0.0
0.0 0.0 0.0
0.0 0.0 0.0
0.0 0.0 0.0
0.0 0.0 0.0
0.0 0.0 0.0
0.0 0.0 0.0
0.0 0.0 0.0
0.0 0.0 0.0
0.0 0.0 0.0
0.0 0.0 0.0
0.0 0.0 0.0
0.0 0.0 0.0
0.0 0.0 0.0
0.0 0.0 0.0
0.0 0.0 0.0
0.0 0.0 0.0
0.0 0.0 0.0
0.0 0.0 0.0
0.0 0.0 0.0
0.0 0.0 0.0
0.0 0.0 0.0
0.0 0.0 0.0
0.0 0.0 0.0
0.0 0.0 0.0
0.0 0.0 0.0
0.0 0.0 0.0
0.0 0.0 0.0
0.0 0.0 0.0
0.0 0.0 0.0
0.0 0.0 0.0
0.0 0.0 0.0
0.0 0.0 0.0
0.0 0.0 0.0
0.0 0.0 0.0
0.0 0.0 0.0
0.0 0.0 0.0
0.0 0.0 0.0
0.0 0.0 0.0
0.0 0.0 0.0
0.0 0.0 0.0
0.0 0.0 0.0
0.0 0.0 0.0
0.0 0.0 0.0
0.0 0.0 0.0
0.0 0.0 0.0
0.0 0.0 0.0
0.0 0.0 0.0
0.0 0.0 0.0
0.0 0.0 0.0
0.0 0.0 0.0
0.0 0.0 0.0
0.0 0.0 0.0
0.0 0.0 0.0
0.0 0.0 0.0
0.0 0.0 0.0
0.0 0.0 0.0
0.0 0.0 0.0
0.0 0.0 0.0
0.0 0.0 0.0
0.0 0.0 0.0
0.0 0.0 0.0
0.0 0.0 0.0
0.0 0.0 0.0
0.0 0.0 0.0
0.0 0.0 0.0
0.0 0.0 0.0
0.0 0.0 0.0
0.0 0.0 0.0
0.0 0.0 0.0
0.0 0.0 0.0
0.0 0.0 0.0
0.0 0.0 0.0
0.0 0.0 0.0
0.0 0.0 0.0
0.0 0.0 0.0
0.0 0.0 0.0
0.0 0.0 0.0
0.0 0.0 0.0
0.0 0.0 0.0
0.0 0.0 0.0
0.0 0.0 0.0
0.0 0.0 0.0
0.0 0.0 0.0
0.0 0.0 0.0
0.0 0.0 0.0
0.0 0.0 0.0
0.0 0.0 0.0
0.0 0.0 0.0
0.0 0.0 0.0
0.0 0.0 0.0
0.0 0.0 0.0
0.0 0.0 0.0
0.0 0.0 0.0
0.0 0.0 0.0
0.0 0.0 0.0
0.0 0.0 0.0
0.0 0.0 0.0
0.0 0.0 0.0
0.0 0.0 0.0
0.0 0.0 0.0
0.0 0.0 0.0
0.0 0.0 0.0
0.0 0.0 0.0
0.0 0.0 0.0
0.0 0.0 0.0
0.0 0.0 0.0
0.0 0.0 0.0
0.0 0.0 0.0
0.0 0.0 0.0
0.0 0.0 0.0
0.0 0.0 0.0
0.0 0.0 0.0
0.0 0.0 0.0
0.0 0.0 0.0
0.0 0.0 0.0
0.0 0.0 0.0
0.0 0.0 0.0
0.0 0.0 0.0
0.0 0.0 0.0
0.0 0.0 0.0
0.0 0.0 0.0
0.0 0.0 0.0
0.0 0.0 0.0
0.0 0.0 0.0
0.0 0.0 0.0
0.0 0.0 0.0
0.0 0.0 0.0
0.0 0.0 0.0
0.0 0.0 0.0
0.0 0.0 0.0
0.0 0.0 0.0
0.0 0.0 0.0
0.0 0.0 0.0
0.0 0.0 0.0
0.0 0.0 0.0
0.0 0.0 0.0
0.0 0.0 0.0
0.0 0.0 0.0
0.0 0.0 0.0
0.0 0.0 0.0
0.0 0.0 0.0
0.0 0.0 0.0
0.0 0.0 0.0
0.0 0.0 0.0
0.0 0.0 0.0
0.0 0.0 0.0
0.0 0.0 0.0
0.0 0.0 0.0
0.0 0.0 0.0
0.0 0.0 0.0
0.0 0.0 0.0
0.0 0.0 0.0
0.0 0.0 0.0
0.0 0.0 0.0
0.0 0.0 0.0
0.0 0.0 0.0
0.0 0.0 0.0
0.0 0.0 0.0
0.0 0.0 0.0
0.0 0.0 0.0
0.0 0.0 0.0
0.0 0.0 0.0
0.0 0.0 0.0
0.0 0.0 0.0
0.0 0.0 0.0
0.0 0.0 0.0
0.0 0.0 0.0
0.0 0.0 0.0
0.0 0.0 0.0
0.0 0.0 0.0
0.0 0.0 0.0
0.0 0.0 0.0
0.0 0.0 0.0
0.0 0.0 0.0
0.0 0.0 0.0
0.0 0.0 0.0
0.0 0.0 0.0
0.0 0.0 0.0
0.0 0.0 0.0
0.0 0.0 0.0
0.0 0.0 0.0
0.0 0.0 0.0
0.0 0.0 0.0
0.0 0.0 0.0
0.0 0.0 0.0
0.0 0.0 0.0
0.0 0.0 0.0
0.0 0.0 0.0
0.0 0.0 0.0
0.0 0.0 0.0
0.0 0.0 0.0
0.0 0.0 0.0
0.0 0.0 0.0
0.0 0.0 0.0
0.0 0.0 0.0
0.0 0.0 0.0
0.0 0.0 0.0
0.0 0.0 0.0
0.0 0.0 0.0
0.0 0.0 0.0
0.0 0.0 0.0
0.0 0.0 0.0
0.0 0.0 0.0
0.0 0.0 0.0
0.0 0.0 0.0
0.0 0.0 0.0
0.0 0.0 0.0
0.0 0.0 0.0
0.0 0.0 0.0
0.0 0.0 0.0
0.0 0.0 0.0
0.0 0.0 0.0
0.0 0.0 0.0
0.0 0.0 0.0
0.0 0.0 0.0
0.0 0.0 0.0
0.0 0.0 0.0
0.0 0.0 0.0
0.0 0.0 0.0
0.0 0.0 0.0
0.0 0.0 0.0
0.0 0.0 0.0
0.0 0.0 0.0
0.0 0.0 0.0
0.0 0.0 0.0
0.0 0.0 0.0
0.0 0.0 0.0
0.0 0.0 0.0
0.0 0.0 0.0
0.0 0.0 0.0
0.0 0.0 0.0
0.0 0.0 0.0
0.0 0.0 0.0
0.0 0.0 0.0
0.0 0.0 0.0
0.0 0.0 0.0
0.0 0.0 0.0
0.0 0.0 0.0
0.0 0.0 0.0
0.0 0.0 0.0
0.0 0.0 0.0
0.0 0.0 0.0
0.0 0.0 0.0
0.0 0.0 0.0
0.0 0.0 0.0
0.0 0.0 0.0
0.0 0.0 0.0
0.0 0.0 0.0
0.0 0.0 0.0
0.0 0.0 0.0
0.0 0.0 0.0
0.0 0.0 0.0
0.0 0.0 0.0
0.0 0.0 0.0
0.0 0.0 0.0
0.0 0.0 0.0
0.0 0.0 0.0
0.0 0.0 0.0
0.0 0.0 0.0
0.0 0.0 0.0
0.0 0.0 0.0
0.0 0.0 0.0
0.0 0.0 0.0
0.0 0.0 0.0
0.0 0.0 0.0
0.0 0.0 0.0
0.0 0.0 0.0
0.0 0.0 0.0
0.0 0.0 0.0
0.0 0.0 0.0
0.0 0.0 0.0
0.0 0.0 0.0
0.0 0.0 0.0
0.0 0.0 0.0
0.0 0.0 0.0
0.0 0.0 0.0
0.0 0.0 0.0
0.0 0.0 0.0
0.0 0.0 0.0
0.0 0.0 0.0
0.0 0.0 0.0
0.0 0.0 0.0
0.0 0.0 0.0
0.0 0.0 0.0
0.0 0.0 0.0
0.0 0.0 0.0
0.0 0.0 0.0
0.0 0.0 0.0
0.0 0.0 0.0
0.0 0.0 0.0
0.0 0.0 0.0
0.0 0.0 0.0
0.0 0.0 0.0
0.0 0.0 0.0
0.0 0.0 0.0
0.0 0.0 0.0
0.0 0.0 0.0
0.0 0.0 0.0
0.0 0.0 0.0
0.0 0.0 0.0
0.0 0.0 0.0
0.0 0.0 0.0
0.0 0.0 0.0
0.0 0.0 0.0
0.0 0.0 0.0
0.0 0.0 0.0
0.0 0.0 0.0
0.0 0.0 0.0
0.0 0.0 0.0
0.0 0.0 0.0
0.0 0.0 0.0
0.0 0.0 0.0
0.0 0.0 0.0
0.0 0.0 0.0
0.0 0.0 0.0
0.0 0.0 0.0
0.0 0.0 0.0
0.0 0.0 0.0
0.0 0.0 0.0
0.0 0.0 0.0
0.0 0.0 0.0
0.0 0.0 0.0
0.0 0.0 0.0
0.0 0.0 0.0
0.0 0.0 0.0
0.0 0.0 0.0
0.0 0.0 0.0
0.0 0.0 0.0
0.0 0.0 0.0
0.0 0.0 0.0
0.0 0.0 0.0
0.0 0.0 0.0
0.0 0.0 0.0
0.0 0.0 0.0
0.0 0.0 0.0
0.0 0.0 0.0
0.0 0.0 0.0
0.0 0.0 0.0
0.0 0.0 0.0
0.0 0.0 0.0
0.0 0.0 0.0
0.0 0.0 0.0
0.0 0.0 0.0
0.0 0.0 0.0
0.0 0.0 0.0
0.0 0.0 0.0
0.0 0.0 0.0
0.0 0.0 0.0
0.0 0.0 0.0
0.0 0.0 0.0
0.0 0.0 0.0
0.0 0.0 0.0
0.0 0.0 0.0
0.0 0.0 0.0
0.0 0.0 0.0
0.0 0.0 0.0
0.0 0.0 0.0
0.0 0.0 0.0
0.0 0.0 0.0
0.0 0.0 0.0
0.0 0.0 0.0
0.0 0.0 0.0
0.0 0.0 0.0
0.0 0.0 0.0
0.0 0.0 0.0
0.0 0.0 0.0
0.0 0.0 0.0
0.0 0.0 0.0
0.0 0.0 0.0
0.0 0.0 0.0
0.0 0.0 0.0
0.0 0.0 0.0
0.0 0.0 0.0
0.0 0.0 0.0
0.0 0.0 0.0
0.0 0.0 0.0
0.0 0.0 0.0
0.0 0.0 0.0
0.0 0.0 0.0
0.0 0.0 0.0
0.0 0.0 0.0
0.0 0.0 0.0
0.0 0.0 0.0
0.0 0.0 0.0
0.0 0.0 0.0
0.0 0.0 0.0
0.0 0.0 0.0
0.0 0.0 0.0
0.0 0.0 0.0
0.0 0.0 0.0
0.0 0.0 0.0
0.0 0.0 0.0
0.0 0.0 0.0
0.0 0.0 0.0
0.0 0.0 0.0
0.0 0.0 0.0
0.0 0.0 0.0
0.0 0.0 0.0
0.0 0.0 0.0
0.0 0.0 0.0
0.0 0.0 0.0
0.0 0.0 0.0
0.0 0.0 0.0
0.0 0.0 0.0
0.0 0.0 0.0
0.0 0.0 0.0
0.0 0.0 0.0
0.0 0.0 0.0
0.0 0.0 0.0
0.0 0.0 0.0
0.0 0.0 0.0
0.0 0.0 0.0
0.0 0.0 0.0
0.0 0.0 0.0
0.0 0.0 0.0
0.0 0.0 0.0
0.0 0.0 0.0
0.0 0.0 0.0
0.0 0.0 0.0
0.0 0.0 0.0
0.0 0.0 0.0
0.0 0.0 0.0
0.0 0.0 0.0
0.0 0.0 0.0
0.0 0.0 0.0
0.0 0.0 0.0
0.0 0.0 0.0
0.0 0.0 0.0
0.0 0.0 0.0
0.0 0.0 0.0
0.0 0.0 0.0
0.0 0.0 0.0
0.0 0.0 0.0
0.0 0.0 0.0
0.0 0.0 0.0
0.0 0.0 0.0
0.0 0.0 0.0
0.0 0.0 0.0
0.0 0.0 0.0
0.0 0.0 0.0
0.0 0.0 0.0
0.0 0.0 0.0
0.0 0.0 0.0
0.0 0.0 0.0
0.0 0.0 0.0
0.0 0.0 0.0
0.0 0.0 0.0
0.0 0.0 0.0
0.0 0.0 0.0
0.0 0.0 0.0
0.0 0.0 0.0
0.0 0.0 0.0
0.0 0.0 0.0
0.0 0.0 0.0
0.0 0.0 0.0
0.0 0.0 0.0
0.0 0.0 0.0
0.0 0.0 0.0
0.0 0.0 0.0
0.0 0.0 0.0
0.0 0.0 0.0
0.0 0.0 0.0
0.0 0.0 0.0
0.0 0.0 0.0
0.0 0.0 0.0
0.0 0.0 0.0
0.0 0.0 0.0
0.0 0.0 0.0
0.0 0.0 0.0
0.0 0.0 0.0
0.0 0.0 0.0
0.0 0.0 0.0
0.0 0.0 0.0
0.0 0.0 0.0
0.0 0.0 0.0
0.0 0.0 0.0
0.0 0.0 0.0
0.0 0.0 0.0
0.0 0.0 0.0
0.0 0.0 0.0
0.0 0.0 0.0
0.0 0.0 0.0
0.0 0.0 0.0
0.0 0.0 0.0
0.0 0.0 0.0
0.0 0.0 0.0
0.0 0.0 0.0
0.0 0.0 0.0
0.0 0.0 0.0
0.0 0.0 0.0
0.0 0.0 0.0
0.0 0.0 0.0
0.0 0.0 0.0
0.0 0.0 0.0
0.0 0.0 0.0
0.0 0.0 0.0
0.0 0.0 0.0
0.0 0.0 0.0
0.0 0.0 0.0
0.0 0.0 0.0
0.0 0.0 0.0
0.0 0.0 0.0
0.0 0.0 0.0
0.0 0.0 0.0
0.0 0.0 0.0
0.0 0.0 0.0
0.0 0.0 0.0
0.0 0.0 0.0
0.0 0.0 0.0
0.0 0.0 0.0
0.0 0.0 0.0
0.0 0.0 0.0
0.0 0.0 0.0
0.0 0.0 0.0
0.0 0.0 0.0
0.0 0.0 0.0
0.0 0.0 0.0
0.0 0.0 0.0
0.0 0.0 0.0
0.0 0.0 0.0
0.0 0.0 0.0
0.0 0.0 0.0
0.0 0.0 0.0
0.0 0.0 0.0
0.0 0.0 0.0
0.0 0.0 0.0
0.0 0.0 0.0
0.0 0.0 0.0
0.0 0.0 0.0
0.0 0.0 0.0
0.0 0.0 0.0
0.0 0.0 0.0
0.0 0.0 0.0
0.0 0.0 0.0
0.0 0.0 0.0
0.0 0.0 0.0
0.0 0.0 0.0
0.0 0.0 0.0
0.0 0.0 0.0
0.0 0.0 0.0
0.0 0.0 0.0
0.0 0.0 0.0
0.0 0.0 0.0
0.0 0.0 0.0
0.0 0.0 0.0
0.0 0.0 0.0
0.0 0.0 0.0
0.0 0.0 0.0
0.0 0.0 0.0
0.0 0.0 0.0
0.0 0.0 0.0
0.0 0.0 0.0
0.0 0.0 0.0
0.0 0.0 0.0
0.0 0.0 0.0
0.0 0.0 0.0
0.0 0.0 0.0
0.0 0.0 0.0
0.0 0.0 0.0
0.0 0.0 0.0
0.0 0.0 0.0
0.0 0.0 0.0
0.0 0.0 0.0
0.0 0.0 0.0
0.0 0.0 0.0
0.0 0.0 0.0
0.0 0.0 0.0
0.0 0.0 0.0
0.0 0.0 0.0
0.0 0.0 0.0
0.0 0.0 0.0
0.0 0.0 0.0
0.0 0.0 0.0
0.0 0.0 0.0
0.0 0.0 0.0
0.0 0.0 0.0
0.0 0.0 0.0
0.0 0.0 0.0
0.0 0.0 0.0
0.0 0.0 0.0
0.0 0.0 0.0
0.0 0.0 0.0
0.0 0.0 0.0
0.0 0.0 0.0
0.0 0.0 0.0
0.0 0.0 0.0
0.0 0.0 0.0
0.0 0.0 0.0
0.0 0.0 0.0
0.0 0.0 0.0
0.0 0.0 0.0
0.0 0.0 0.0
0.0 0.0 0.0
0.0 0.0 0.0
0.0 0.0 0.0
0.0 0.0 0.0
0.0 0.0 0.0
0.0 0.0 0.0
0.0 0.0 0.0
0.0 0.0 0.0
0.0 0.0 0.0
0.0 0.0 0.0
0.0 0.0 0.0
0.0 0.0 0.0
0.0 0.0 0.0
0.0 0.0 0.0
0.0 0.0 0.0
0.0 0.0 0.0
0.0 0.0 0.0
0.0 0.0 0.0
0.0 0.0 0.0
0.0 0.0 0.0
0.0 0.0 0.0
0.0 0.0 0.0
0.0 0.0 0.0
0.0 0.0 0.0
0.0 0.0 0.0
0.0 0.0 0.0
0.0 0.0 0.0
0.0 0.0 0.0
0.0 0.0 0.0
0.0 0.0 0.0
0.0 0.0 0.0
0.0 0.0 0.0
0.0 0.0 0.0
0.0 0.0 0.0
0.0 0.0 0.0
0.0 0.0 0.0
0.0 0.0 0.0
0.0 0.0 0.0
0.0 0.0 0.0
0.0 0.0 0.0
0.0 0.0 0.0
0.0 0.0 0.0
0.0 0.0 0.0
0.0 0.0 0.0
0.0 0.0 0.0
0.0 0.0 0.0
0.0 0.0 0.0
0.0 0.0 0.0
0.0 0.0 0.0
0.0 0.0 0.0
0.0 0.0 0.0
0.0 0.0 0.0
0.0 0.0 0.0
0.0 0.0 0.0
0.0 0.0 0.0
0.0 0.0 0.0
0.0 0.0 0.0
0.0 0.0 0.0
0.0 0.0 0.0
0.0 0.0 0.0
0.0 0.0 0.0
0.0 0.0 0.0
0.0 0.0 0.0
0.0 0.0 0.0
0.0 0.0 0.0
0.0 0.0 0.0
0.0 0.0 0.0
0.0 0.0 0.0
0.0 0.0 0.0
0.0 0.0 0.0
0.0 0.0 0.0
0.0 0.0 0.0
0.0 0.0 0.0
0.0 0.0 0.0
0.0 0.0 0.0
0.0 0.0 0.0
0.0 0.0 0.0
0.0 0.0 0.0
0.0 0.0 0.0
0.0 0.0 0.0
0.0 0.0 0.0
0.0 0.0 0.0
0.0 0.0 0.0
0.0 0.0 0.0
0.0 0.0 0.0
0.0 0.0 0.0
0.0 0.0 0.0
0.0 0.0 0.0
-7.10990047454834 19.580219268798828 0.19453828036785126
0.0 0.0 0.0
0.0 0.0 0.0
0.0 0.0 0.0
0.0 0.0 0.0
0.0 0.0 0.0
0.0 0.0 0.0
0.0 0.0 0.0
0.0 0.0 0.0
0.0 0.0 0.0
0.0 0.0 0.0
0.0 0.0 0.0
0.0 0.0 0.0
0.0 0.0 0.0
0.0 0.0 0.0
0.0 0.0 0.0
0.0 0.0 0.0
0.0 0.0 0.0
0.0 0.0 0.0
0.0 0.0 0.0
0.0 0.0 0.0
0.0 0.0 0.0
0.0 0.0 0.0
0.0 0.0 0.0
0.0 0.0 0.0
0.0 0.0 0.0
0.0 0.0 0.0
0.0 0.0 0.0
0.0 0.0 0.0
0.0 0.0 0.0
0.0 0.0 0.0
0.0 0.0 0.0
0.0 0.0 0.0
0.0 0.0 0.0
0.0 0.0 0.0
0.0 0.0 0.0
0.0 0.0 0.0
0.0 0.0 0.0
0.0 0.0 0.0
0.0 0.0 0.0
0.0 0.0 0.0
0.0 0.0 0.0
0.0 0.0 0.0
0.0 0.0 0.0
0.0 0.0 0.0
0.0 0.0 0.0
0.0 0.0 0.0
0.0 0.0 0.0
0.0 0.0 0.0
0.0 0.0 0.0
0.0 0.0 0.0
0.0 0.0 0.0
0.0 0.0 0.0
0.0 0.0 0.0
0.0 0.0 0.0
0.0 0.0 0.0
0.0 0.0 0.0
0.0 0.0 0.0
0.0 0.0 0.0
0.0 0.0 0.0
0.0 0.0 0.0
0.0 0.0 0.0
0.0 0.0 0.0
0.0 0.0 0.0
0.0 0.0 0.0
0.0 0.0 0.0
0.0 0.0 0.0
0.0 0.0 0.0
0.0 0.0 0.0
0.0 0.0 0.0
0.0 0.0 0.0
0.0 0.0 0.0
0.0 0.0 0.0
0.0 0.0 0.0
0.0 0.0 0.0
0.0 0.0 0.0
0.0 0.0 0.0
0.0 0.0 0.0
0.0 0.0 0.0
0.0 0.0 0.0
0.0 0.0 0.0
0.0 0.0 0.0
0.0 0.0 0.0
0.0 0.0 0.0
0.0 0.0 0.0
0.0 0.0 0.0
0.0 0.0 0.0
0.0 0.0 0.0
0.0 0.0 0.0
0.0 0.0 0.0
0.0 0.0 0.0
0.0 0.0 0.0
0.0 0.0 0.0
0.0 0.0 0.0
0.0 0.0 0.0
0.0 0.0 0.0
0.0 0.0 0.0
0.0 0.0 0.0
0.0 0.0 0.0
0.0 0.0 0.0
0.0 0.0 0.0
0.0 0.0 0.0
0.0 0.0 0.0
0.0 0.0 0.0
0.0 0.0 0.0
0.0 0.0 0.0
0.0 0.0 0.0
0.0 0.0 0.0
0.0 0.0 0.0
0.0 0.0 0.0
0.0 0.0 0.0
0.0 0.0 0.0
0.0 0.0 0.0
0.0 0.0 0.0
0.0 0.0 0.0
0.0 0.0 0.0
0.0 0.0 0.0
0.0 0.0 0.0
0.0 0.0 0.0
0.0 0.0 0.0
0.0 0.0 0.0
0.0 0.0 0.0
0.0 0.0 0.0
0.0 0.0 0.0
0.0 0.0 0.0
0.0 0.0 0.0
0.0 0.0 0.0
0.0 0.0 0.0
0.0 0.0 0.0
0.0 0.0 0.0
0.0 0.0 0.0
0.0 0.0 0.0
0.0 0.0 0.0
0.0 0.0 0.0
0.0 0.0 0.0
0.0 0.0 0.0
0.0 0.0 0.0
0.0 0.0 0.0
0.0 0.0 0.0
0.0 0.0 0.0
0.0 0.0 0.0
0.0 0.0 0.0
0.0 0.0 0.0
0.0 0.0 0.0
0.0 0.0 0.0
0.0 0.0 0.0
0.0 0.0 0.0
0.0 0.0 0.0
0.0 0.0 0.0
0.0 0.0 0.0
0.0 0.0 0.0
0.0 0.0 0.0
0.0 0.0 0.0
0.0 0.0 0.0
0.0 0.0 0.0
0.0 0.0 0.0
0.0 0.0 0.0
0.0 0.0 0.0
0.0 0.0 0.0
0.0 0.0 0.0
0.0 0.0 0.0
0.0 0.0 0.0
0.0 0.0 0.0
0.0 0.0 0.0
0.0 0.0 0.0
0.0 0.0 0.0
0.0 0.0 0.0
0.0 0.0 0.0
0.0 0.0 0.0
0.0 0.0 0.0
0.0 0.0 0.0
0.0 0.0 0.0
0.0 0.0 0.0
0.0 0.0 0.0
0.0 0.0 0.0
0.0 0.0 0.0
0.0 0.0 0.0
0.0 0.0 0.0
0.0 0.0 0.0
0.0 0.0 0.0
0.0 0.0 0.0
0.0 0.0 0.0
0.0 0.0 0.0
0.0 0.0 0.0
0.0 0.0 0.0
0.0 0.0 0.0
0.0 0.0 0.0
0.0 0.0 0.0
0.0 0.0 0.0
0.0 0.0 0.0
0.0 0.0 0.0
0.0 0.0 0.0
0.0 0.0 0.0
0.0 0.0 0.0
0.0 0.0 0.0
0.0 0.0 0.0
0.0 0.0 0.0
0.0 0.0 0.0
0.0 0.0 0.0
0.0 0.0 0.0
0.0 0.0 0.0
0.0 0.0 0.0
0.0 0.0 0.0
0.0 0.0 0.0
0.0 0.0 0.0
0.0 0.0 0.0
0.0 0.0 0.0
0.0 0.0 0.0
0.0 0.0 0.0
0.0 0.0 0.0
0.0 0.0 0.0
0.0 0.0 0.0
0.0 0.0 0.0
0.0 0.0 0.0
0.0 0.0 0.0
0.0 0.0 0.0
0.0 0.0 0.0
0.0 0.0 0.0
0.0 0.0 0.0
0.0 0.0 0.0
0.0 0.0 0.0
0.0 0.0 0.0
0.0 0.0 0.0
0.0 0.0 0.0
0.0 0.0 0.0
0.0 0.0 0.0
0.0 0.0 0.0
0.0 0.0 0.0
0.0 0.0 0.0
0.0 0.0 0.0
0.0 0.0 0.0
0.0 0.0 0.0
0.0 0.0 0.0
0.0 0.0 0.0
0.0 0.0 0.0
0.0 0.0 0.0
0.0 0.0 0.0
0.0 0.0 0.0
0.0 0.0 0.0
0.0 0.0 0.0
0.0 0.0 0.0
0.0 0.0 0.0
0.0 0.0 0.0
0.0 0.0 0.0
0.0 0.0 0.0
0.0 0.0 0.0
0.0 0.0 0.0
0.0 0.0 0.0
0.0 0.0 0.0
0.0 0.0 0.0
0.0 0.0 0.0
0.0 0.0 0.0
0.0 0.0 0.0
0.0 0.0 0.0
0.0 0.0 0.0
0.0 0.0 0.0
0.0 0.0 0.0
0.0 0.0 0.0
0.0 0.0 0.0
0.0 0.0 0.0
0.0 0.0 0.0
0.0 0.0 0.0
0.0 0.0 0.0
0.0 0.0 0.0
0.0 0.0 0.0
0.0 0.0 0.0
0.0 0.0 0.0
0.0 0.0 0.0
0.0 0.0 0.0
0.0 0.0 0.0
0.0 0.0 0.0
0.0 0.0 0.0
0.0 0.0 0.0
0.0 0.0 0.0
0.0 0.0 0.0
0.0 0.0 0.0
0.0 0.0 0.0
0.0 0.0 0.0
0.0 0.0 0.0
0.0 0.0 0.0
0.0 0.0 0.0
0.0 0.0 0.0
0.0 0.0 0.0
0.0 0.0 0.0
0.0 0.0 0.0
0.0 0.0 0.0
0.0 0.0 0.0
0.0 0.0 0.0
0.0 0.0 0.0
0.0 0.0 0.0
0.0 0.0 0.0
0.0 0.0 0.0
0.0 0.0 0.0
0.0 0.0 0.0
0.0 0.0 0.0
0.0 0.0 0.0
0.0 0.0 0.0
0.0 0.0 0.0
0.0 0.0 0.0
0.0 0.0 0.0
0.0 0.0 0.0
0.0 0.0 0.0
0.0 0.0 0.0
0.0 0.0 0.0
0.0 0.0 0.0
0.0 0.0 0.0
0.0 0.0 0.0
0.0 0.0 0.0
0.0 0.0 0.0
0.0 0.0 0.0
0.0 0.0 0.0
0.0 0.0 0.0
0.0 0.0 0.0
0.0 0.0 0.0
0.0 0.0 0.0
0.0 0.0 0.0
0.0 0.0 0.0
0.0 0.0 0.0
0.0 0.0 0.0
0.0 0.0 0.0
0.0 0.0 0.0
0.0 0.0 0.0
0.0 0.0 0.0
0.0 0.0 0.0
0.0 0.0 0.0
0.0 0.0 0.0
0.0 0.0 0.0
0.0 0.0 0.0
0.0 0.0 0.0
0.0 0.0 0.0
0.0 0.0 0.0
0.0 0.0 0.0
0.0 0.0 0.0
0.0 0.0 0.0
0.0 0.0 0.0
0.0 0.0 0.0
0.0 0.0 0.0
0.0 0.0 0.0
0.0 0.0 0.0
0.0 0.0 0.0
0.0 0.0 0.0
0.0 0.0 0.0
0.0 0.0 0.0
0.0 0.0 0.0
0.0 0.0 0.0
0.0 0.0 0.0
0.0 0.0 0.0
0.0 0.0 0.0
0.0 0.0 0.0
0.0 0.0 0.0
0.0 0.0 0.0
0.0 0.0 0.0
0.0 0.0 0.0
0.0 0.0 0.0
0.0 0.0 0.0
0.0 0.0 0.0
0.0 0.0 0.0
0.0 0.0 0.0
0.0 0.0 0.0
0.0 0.0 0.0
0.0 0.0 0.0
0.0 0.0 0.0
0.0 0.0 0.0
0.0 0.0 0.0
0.0 0.0 0.0
0.0 0.0 0.0
0.0 0.0 0.0
0.0 0.0 0.0
0.0 0.0 0.0
0.0 0.0 0.0
0.0 0.0 0.0
0.0 0.0 0.0
0.0 0.0 0.0
0.0 0.0 0.0
0.0 0.0 0.0
0.0 0.0 0.0
0.0 0.0 0.0
0.0 0.0 0.0
0.0 0.0 0.0
0.0 0.0 0.0
0.0 0.0 0.0
0.0 0.0 0.0
0.0 0.0 0.0
0.0 0.0 0.0
0.0 0.0 0.0
0.0 0.0 0.0
0.0 0.0 0.0
0.0 0.0 0.0
0.0 0.0 0.0
0.0 0.0 0.0
0.0 0.0 0.0
0.0 0.0 0.0
0.0 0.0 0.0
0.0 0.0 0.0
0.0 0.0 0.0
0.0 0.0 0.0
0.0 0.0 0.0
0.0 0.0 0.0
0.0 0.0 0.0
0.0 0.0 0.0
0.0 0.0 0.0
0.0 0.0 0.0
0.0 0.0 0.0
0.0 0.0 0.0
0.0 0.0 0.0
0.0 0.0 0.0
0.0 0.0 0.0
0.0 0.0 0.0
0.0 0.0 0.0
0.0 0.0 0.0
0.0 0.0 0.0
0.0 0.0 0.0
0.0 0.0 0.0
0.0 0.0 0.0
0.0 0.0 0.0
0.0 0.0 0.0
0.0 0.0 0.0
0.0 0.0 0.0
0.0 0.0 0.0
0.0 0.0 0.0
0.0 0.0 0.0
0.0 0.0 0.0
0.0 0.0 0.0
0.0 0.0 0.0
0.0 0.0 0.0
0.0 0.0 0.0
0.0 0.0 0.0
0.0 0.0 0.0
0.0 0.0 0.0
0.0 0.0 0.0
0.0 0.0 0.0
0.0 0.0 0.0
0.0 0.0 0.0
0.0 0.0 0.0
0.0 0.0 0.0
0.0 0.0 0.0
0.0 0.0 0.0
0.0 0.0 0.0
0.0 0.0 0.0
0.0 0.0 0.0
0.0 0.0 0.0
0.0 0.0 0.0
0.0 0.0 0.0
0.0 0.0 0.0
0.0 0.0 0.0
0.0 0.0 0.0
0.0 0.0 0.0
0.0 0.0 0.0
0.0 0.0 0.0
0.0 0.0 0.0
0.0 0.0 0.0
0.0 0.0 0.0
0.0 0.0 0.0
0.0 0.0 0.0
0.0 0.0 0.0
0.0 0.0 0.0
0.0 0.0 0.0
0.0 0.0 0.0
0.0 0.0 0.0
0.0 0.0 0.0
0.0 0.0 0.0
0.0 0.0 0.0
0.0 0.0 0.0
0.0 0.0 0.0
0.0 0.0 0.0
0.0 0.0 0.0
0.0 0.0 0.0
0.0 0.0 0.0
0.0 0.0 0.0
0.0 0.0 0.0
0.0 0.0 0.0
0.0 0.0 0.0
0.0 0.0 0.0
0.0 0.0 0.0
0.0 0.0 0.0
0.0 0.0 0.0
0.0 0.0 0.0
0.0 0.0 0.0
0.0 0.0 0.0
0.0 0.0 0.0
0.0 0.0 0.0
0.0 0.0 0.0
0.0 0.0 0.0
0.0 0.0 0.0
0.0 0.0 0.0
0.0 0.0 0.0
0.0 0.0 0.0
0.0 0.0 0.0
0.0 0.0 0.0
0.0 0.0 0.0
0.0 0.0 0.0
0.0 0.0 0.0
0.0 0.0 0.0
0.0 0.0 0.0
0.0 0.0 0.0
0.0 0.0 0.0
0.0 0.0 0.0
0.0 0.0 0.0
0.0 0.0 0.0
0.0 0.0 0.0
0.0 0.0 0.0
0.0 0.0 0.0
0.0 0.0 0.0
0.0 0.0 0.0
0.0 0.0 0.0
0.0 0.0 0.0
0.0 0.0 0.0
0.0 0.0 0.0
0.0 0.0 0.0
0.0 0.0 0.0
0.0 0.0 0.0
0.0 0.0 0.0
0.0 0.0 0.0
0.0 0.0 0.0
0.0 0.0 0.0
0.0 0.0 0.0
0.0 0.0 0.0
0.0 0.0 0.0
0.0 0.0 0.0
0.0 0.0 0.0
0.0 0.0 0.0
0.0 0.0 0.0
0.0 0.0 0.0
0.0 0.0 0.0
0.0 0.0 0.0
0.0 0.0 0.0
0.0 0.0 0.0
0.0 0.0 0.0
0.0 0.0 0.0
0.0 0.0 0.0
0.0 0.0 0.0
0.0 0.0 0.0
0.0 0.0 0.0
0.0 0.0 0.0
0.0 0.0 0.0
0.0 0.0 0.0
0.0 0.0 0.0
0.0 0.0 0.0
0.0 0.0 0.0
0.0 0.0 0.0
0.0 0.0 0.0
0.0 0.0 0.0
0.0 0.0 0.0
0.0 0.0 0.0
0.0 0.0 0.0
0.0 0.0 0.0
0.0 0.0 0.0
0.0 0.0 0.0
0.0 0.0 0.0
0.0 0.0 0.0
0.0 0.0 0.0
0.0 0.0 0.0
0.0 0.0 0.0
0.0 0.0 0.0
0.0 0.0 0.0
0.0 0.0 0.0
0.0 0.0 0.0
0.0 0.0 0.0
0.0 0.0 0.0
0.0 0.0 0.0
0.0 0.0 0.0
0.0 0.0 0.0
0.0 0.0 0.0
0.0 0.0 0.0
0.0 0.0 0.0
0.0 0.0 0.0
0.0 0.0 0.0
0.0 0.0 0.0
0.0 0.0 0.0
0.0 0.0 0.0
0.0 0.0 0.0
0.0 0.0 0.0
0.0 0.0 0.0
72.07343292236328 114.67420196533203 -0.8241051435470581
0.0 0.0 0.0
0.0 0.0 0.0
0.0 0.0 0.0
0.0 0.0 0.0
0.0 0.0 0.0
0.0 0.0 0.0
0.0 0.0 0.0
0.0 0.0 0.0
0.0 0.0 0.0
0.0 0.0 0.0
0.0 0.0 0.0
0.0 0.0 0.0
0.0 0.0 0.0
0.0 0.0 0.0
0.0 0.0 0.0
0.0 0.0 0.0
0.0 0.0 0.0
0.0 0.0 0.0
0.0 0.0 0.0
0.0 0.0 0.0
0.0 0.0 0.0
0.0 0.0 0.0
0.0 0.0 0.0
0.0 0.0 0.0
0.0 0.0 0.0
0.0 0.0 0.0
0.0 0.0 0.0
0.0 0.0 0.0
0.0 0.0 0.0
0.0 0.0 0.0
0.0 0.0 0.0
0.0 0.0 0.0
0.0 0.0 0.0
0.0 0.0 0.0
0.0 0.0 0.0
0.0 0.0 0.0
0.0 0.0 0.0
0.0 0.0 0.0
0.0 0.0 0.0
0.0 0.0 0.0
0.0 0.0 0.0
0.0 0.0 0.0
0.0 0.0 0.0
0.0 0.0 0.0
0.0 0.0 0.0
0.0 0.0 0.0
0.0 0.0 0.0
0.0 0.0 0.0
0.0 0.0 0.0
0.0 0.0 0.0
0.0 0.0 0.0
0.0 0.0 0.0
0.0 0.0 0.0
0.0 0.0 0.0
0.0 0.0 0.0
0.0 0.0 0.0
0.0 0.0 0.0
0.0 0.0 0.0
0.0 0.0 0.0
0.0 0.0 0.0
0.0 0.0 0.0
0.0 0.0 0.0
0.0 0.0 0.0
0.0 0.0 0.0
0.0 0.0 0.0
0.0 0.0 0.0
0.0 0.0 0.0
0.0 0.0 0.0
0.0 0.0 0.0
0.0 0.0 0.0
0.0 0.0 0.0
0.0 0.0 0.0
0.0 0.0 0.0
0.0 0.0 0.0
0.0 0.0 0.0
0.0 0.0 0.0
0.0 0.0 0.0
0.0 0.0 0.0
0.0 0.0 0.0
0.0 0.0 0.0
0.0 0.0 0.0
0.0 0.0 0.0
0.0 0.0 0.0
0.0 0.0 0.0
0.0 0.0 0.0
0.0 0.0 0.0
0.0 0.0 0.0
0.0 0.0 0.0
0.0 0.0 0.0
0.0 0.0 0.0
0.0 0.0 0.0
0.0 0.0 0.0
0.0 0.0 0.0
0.0 0.0 0.0
0.0 0.0 0.0
0.0 0.0 0.0
0.0 0.0 0.0
0.0 0.0 0.0
0.0 0.0 0.0
0.0 0.0 0.0
0.0 0.0 0.0
0.0 0.0 0.0
0.0 0.0 0.0
0.0 0.0 0.0
0.0 0.0 0.0
0.0 0.0 0.0
0.0 0.0 0.0
0.0 0.0 0.0
0.0 0.0 0.0
0.0 0.0 0.0
0.0 0.0 0.0
0.0 0.0 0.0
0.0 0.0 0.0
0.0 0.0 0.0
0.0 0.0 0.0
0.0 0.0 0.0
0.0 0.0 0.0
0.0 0.0 0.0
0.0 0.0 0.0
0.0 0.0 0.0
0.0 0.0 0.0
0.0 0.0 0.0
0.0 0.0 0.0
0.0 0.0 0.0
0.0 0.0 0.0
0.0 0.0 0.0
0.0 0.0 0.0
0.0 0.0 0.0
0.0 0.0 0.0
0.0 0.0 0.0
0.0 0.0 0.0
0.0 0.0 0.0
0.0 0.0 0.0
0.0 0.0 0.0
0.0 0.0 0.0
0.0 0.0 0.0
0.0 0.0 0.0
0.0 0.0 0.0
0.0 0.0 0.0
0.0 0.0 0.0
0.0 0.0 0.0
0.0 0.0 0.0
0.0 0.0 0.0
0.0 0.0 0.0
0.0 0.0 0.0
0.0 0.0 0.0
0.0 0.0 0.0
0.0 0.0 0.0
0.0 0.0 0.0
0.0 0.0 0.0
0.0 0.0 0.0
0.0 0.0 0.0
0.0 0.0 0.0
0.0 0.0 0.0
0.0 0.0 0.0
0.0 0.0 0.0
0.0 0.0 0.0
0.0 0.0 0.0
0.0 0.0 0.0
0.0 0.0 0.0
0.0 0.0 0.0
0.0 0.0 0.0
0.0 0.0 0.0
0.0 0.0 0.0
0.0 0.0 0.0
0.0 0.0 0.0
0.0 0.0 0.0
0.0 0.0 0.0
0.0 0.0 0.0
0.0 0.0 0.0
0.0 0.0 0.0
0.0 0.0 0.0
0.0 0.0 0.0
0.0 0.0 0.0
0.0 0.0 0.0
0.0 0.0 0.0
0.0 0.0 0.0
0.0 0.0 0.0
0.0 0.0 0.0
0.0 0.0 0.0
0.0 0.0 0.0
0.0 0.0 0.0
0.0 0.0 0.0
0.0 0.0 0.0
0.0 0.0 0.0
0.0 0.0 0.0
0.0 0.0 0.0
0.0 0.0 0.0
0.0 0.0 0.0
0.0 0.0 0.0
0.0 0.0 0.0
0.0 0.0 0.0
0.0 0.0 0.0
0.0 0.0 0.0
0.0 0.0 0.0
0.0 0.0 0.0
0.0 0.0 0.0
0.0 0.0 0.0
0.0 0.0 0.0
0.0 0.0 0.0
0.0 0.0 0.0
0.0 0.0 0.0
0.0 0.0 0.0
0.0 0.0 0.0
0.0 0.0 0.0
0.0 0.0 0.0
0.0 0.0 0.0
0.0 0.0 0.0
0.0 0.0 0.0
0.0 0.0 0.0
0.0 0.0 0.0
0.0 0.0 0.0
0.0 0.0 0.0
0.0 0.0 0.0
0.0 0.0 0.0
0.0 0.0 0.0
0.0 0.0 0.0
0.0 0.0 0.0
0.0 0.0 0.0
0.0 0.0 0.0
0.0 0.0 0.0
0.0 0.0 0.0
0.0 0.0 0.0
0.0 0.0 0.0
0.0 0.0 0.0
0.0 0.0 0.0
0.0 0.0 0.0
0.0 0.0 0.0
0.0 0.0 0.0
0.0 0.0 0.0
0.0 0.0 0.0
0.0 0.0 0.0
0.0 0.0 0.0
0.0 0.0 0.0
0.0 0.0 0.0
0.0 0.0 0.0
0.0 0.0 0.0
0.0 0.0 0.0
0.0 0.0 0.0
0.0 0.0 0.0
0.0 0.0 0.0
0.0 0.0 0.0
0.0 0.0 0.0
0.0 0.0 0.0
0.0 0.0 0.0
0.0 0.0 0.0
0.0 0.0 0.0
0.0 0.0 0.0
0.0 0.0 0.0
0.0 0.0 0.0
0.0 0.0 0.0
0.0 0.0 0.0
0.0 0.0 0.0
0.0 0.0 0.0
0.0 0.0 0.0
0.0 0.0 0.0
0.0 0.0 0.0
0.0 0.0 0.0
0.0 0.0 0.0
0.0 0.0 0.0
0.0 0.0 0.0
0.0 0.0 0.0
0.0 0.0 0.0
0.0 0.0 0.0
0.0 0.0 0.0
0.0 0.0 0.0
0.0 0.0 0.0
0.0 0.0 0.0
0.0 0.0 0.0
0.0 0.0 0.0
0.0 0.0 0.0
0.0 0.0 0.0
0.0 0.0 0.0
0.0 0.0 0.0
0.0 0.0 0.0
0.0 0.0 0.0
0.0 0.0 0.0
0.0 0.0 0.0
0.0 0.0 0.0
0.0 0.0 0.0
0.0 0.0 0.0
0.0 0.0 0.0
0.0 0.0 0.0
0.0 0.0 0.0
0.0 0.0 0.0
0.0 0.0 0.0
0.0 0.0 0.0
0.0 0.0 0.0
0.0 0.0 0.0
0.0 0.0 0.0
0.0 0.0 0.0
0.0 0.0 0.0
0.0 0.0 0.0
0.0 0.0 0.0
0.0 0.0 0.0
0.0 0.0 0.0
0.0 0.0 0.0
0.0 0.0 0.0
0.0 0.0 0.0
0.0 0.0 0.0
0.0 0.0 0.0
0.0 0.0 0.0
0.0 0.0 0.0
0.0 0.0 0.0
0.0 0.0 0.0
0.0 0.0 0.0
0.0 0.0 0.0
0.0 0.0 0.0
0.0 0.0 0.0
0.0 0.0 0.0
0.0 0.0 0.0
0.0 0.0 0.0
0.0 0.0 0.0
0.0 0.0 0.0
0.0 0.0 0.0
0.0 0.0 0.0
0.0 0.0 0.0
0.0 0.0 0.0
0.0 0.0 0.0
0.0 0.0 0.0
0.0 0.0 0.0
0.0 0.0 0.0
0.0 0.0 0.0
0.0 0.0 0.0
0.0 0.0 0.0
0.0 0.0 0.0
0.0 0.0 0.0
0.0 0.0 0.0
0.0 0.0 0.0
0.0 0.0 0.0
0.0 0.0 0.0
0.0 0.0 0.0
0.0 0.0 0.0
0.0 0.0 0.0
0.0 0.0 0.0
0.0 0.0 0.0
0.0 0.0 0.0
0.0 0.0 0.0
0.0 0.0 0.0
0.0 0.0 0.0
0.0 0.0 0.0
0.0 0.0 0.0
0.0 0.0 0.0
0.0 0.0 0.0
0.0 0.0 0.0
0.0 0.0 0.0
0.0 0.0 0.0
0.0 0.0 0.0
0.0 0.0 0.0
0.0 0.0 0.0
0.0 0.0 0.0
0.0 0.0 0.0
0.0 0.0 0.0
0.0 0.0 0.0
0.0 0.0 0.0
0.0 0.0 0.0
0.0 0.0 0.0
0.0 0.0 0.0
0.0 0.0 0.0
0.0 0.0 0.0
0.0 0.0 0.0
0.0 0.0 0.0
0.0 0.0 0.0
0.0 0.0 0.0
0.0 0.0 0.0
0.0 0.0 0.0
0.0 0.0 0.0
0.0 0.0 0.0
0.0 0.0 0.0
0.0 0.0 0.0
0.0 0.0 0.0
0.0 0.0 0.0