# .PCD v0.7 - Point Cloud Data file format
# TIMESTAMP: 07-10-25-08-18-10-046
VERSION 0.7
FIELDS x y z
SIZE 4 4 4
TYPE F F F
COUNT 1 1 1
WIDTH 36200
HEIGHT 1
VIEWPOINT 0 0 0 1 0 0 0
POINTS 36200
DATA ascii
0.0 0.0 0.0
0.0 0.0 0.0
0.0 0.0 0.0
0.0 0.0 0.0
0.0 0.0 0.0
0.0 0.0 0.0
0.0 0.0 0.0
0.0 0.0 0.0
0.0 0.0 0.0
0.0 0.0 0.0
0.0 0.0 0.0
0.0 0.0 0.0
0.0 0.0 0.0
0.0 0.0 0.0
0.0 0.0 0.0
0.0 0.0 0.0
0.0 0.0 0.0
0.0 0.0 0.0
0.0 0.0 0.0
0.0 0.0 0.0
0.0 0.0 0.0
0.0 0.0 0.0
0.0 0.0 0.0
0.0 0.0 0.0
0.0 0.0 0.0
0.0 0.0 0.0
0.0 0.0 0.0
0.0 0.0 0.0
0.0 0.0 0.0
0.0 0.0 0.0
0.0 0.0 0.0
0.0 0.0 0.0
0.0 0.0 0.0
0.0 0.0 0.0
0.0 0.0 0.0
0.0 0.0 0.0
0.0 0.0 0.0
0.0 0.0 0.0
0.0 0.0 0.0
0.0 0.0 0.0
0.0 0.0 0.0
0.0 0.0 0.0
0.0 0.0 0.0
0.0 0.0 0.0
0.0 0.0 0.0
0.0 0.0 0.0
0.0 0.0 0.0
0.0 0.0 0.0
0.0 0.0 0.0
0.0 0.0 0.0
0.0 0.0 0.0
0.0 0.0 0.0
0.0 0.0 0.0
0.0 0.0 0.0
0.0 0.0 0.0
0.0 0.0 0.0
0.0 0.0 0.0
0.0 0.0 0.0
0.0 0.0 0.0
0.0 0.0 0.0
0.0 0.0 0.0
0.0 0.0 0.0
0.0 0.0 0.0
0.0 0.0 0.0
0.0 0.0 0.0
0.0 0.0 0.0
0.0 0.0 0.0
0.0 0.0 0.0
0.0 0.0 0.0
0.0 0.0 0.0
0.0 0.0 0.0
0.0 0.0 0.0
0.0 0.0 0.0
0.0 0.0 0.0
0.0 0.0 0.0
0.0 0.0 0.0
0.0 0.0 0.0
0.0 0.0 0.0
0.0 0.0 0.0
0.0 0.0 0.0
0.0 0.0 0.0
0.0 0.0 0.0
0.0 0.0 0.0
0.0 0.0 0.0
0.0 0.0 0.0
0.0 0.0 0.0
0.0 0.0 0.0
0.0 0.0 0.0
0.0 0.0 0.0
0.0 0.0 0.0
0.0 0.0 0.0
0.0 0.0 0.0
0.0 0.0 0.0
0.0 0.0 0.0
0.0 0.0 0.0
0.0 0.0 0.0
0.0 0.0 0.0
0.0 0.0 0.0
0.0 0.0 0.0
0.0 0.0 0.0
0.0 0.0 0.0
0.0 0.0 0.0
0.0 0.0 0.0
0.0 0.0 0.0
0.0 0.0 0.0
0.0 0.0 0.0
0.0 0.0 0.0
0.0 0.0 0.0
0.0 0.0 0.0
0.0 0.0 0.0
0.0 0.0 0.0
0.0 0.0 0.0
0.0 0.0 0.0
0.0 0.0 0.0
0.0 0.0 0.0
0.0 0.0 0.0
0.0 0.0 0.0
0.0 0.0 0.0
0.0 0.0 0.0
0.0 0.0 0.0
0.0 0.0 0.0
0.0 0.0 0.0
0.0 0.0 0.0
0.0 0.0 0.0
0.0 0.0 0.0
0.0 0.0 0.0
0.0 0.0 0.0
0.0 0.0 0.0
0.0 0.0 0.0
0.0 0.0 0.0
0.0 0.0 0.0
0.0 0.0 0.0
0.0 0.0 0.0
0.0 0.0 0.0
0.0 0.0 0.0
0.0 0.0 0.0
0.0 0.0 0.0
0.0 0.0 0.0
0.0 0.0 0.0
0.0 0.0 0.0
0.0 0.0 0.0
0.0 0.0 0.0
0.0 0.0 0.0
0.0 0.0 0.0
0.0 0.0 0.0
0.0 0.0 0.0
0.0 0.0 0.0
0.0 0.0 0.0
0.0 0.0 0.0
0.0 0.0 0.0
0.0 0.0 0.0
0.0 0.0 0.0
0.0 0.0 0.0
0.0 0.0 0.0
0.0 0.0 0.0
0.0 0.0 0.0
0.0 0.0 0.0
0.0 0.0 0.0
0.0 0.0 0.0
0.0 0.0 0.0
0.0 0.0 0.0
0.0 0.0 0.0
0.0 0.0 0.0
0.0 0.0 0.0
0.0 0.0 0.0
0.0 0.0 0.0
0.0 0.0 0.0
0.0 0.0 0.0
0.0 0.0 0.0
0.0 0.0 0.0
0.0 0.0 0.0
0.0 0.0 0.0
0.0 0.0 0.0
0.0 0.0 0.0
0.0 0.0 0.0
0.0 0.0 0.0
0.0 0.0 0.0
0.0 0.0 0.0
0.0 0.0 0.0
0.0 0.0 0.0
0.0 0.0 0.0
0.0 0.0 0.0
0.0 0.0 0.0
0.0 0.0 0.0
0.0 0.0 0.0
0.0 0.0 0.0
0.0 0.0 0.0
0.0 0.0 0.0
0.0 0.0 0.0
0.0 0.0 0.0
0.0 0.0 0.0
0.0 0.0 0.0
0.0 0.0 0.0
0.0 0.0 0.0
0.0 0.0 0.0
0.0 0.0 0.0
0.0 0.0 0.0
0.0 0.0 0.0
-13.45299243927002 24.219451904296875 -3.535912036895752
0.0 0.0 0.0
-12.854490280151367 23.926555633544922 -3.629117727279663
0.0 0.0 0.0
0.0 0.0 0.0
-11.764937400817871 23.037744522094727 -3.683530330657959
-11.461263656616211 22.841554641723633 -3.713899850845337
0.0 0.0 0.0
-10.92889404296875 22.559236526489258 -3.787071943283081
-10.632219314575195 22.343189239501953 -3.8074820041656494
-10.416241645812988 22.288381576538086 -3.854438304901123
0.0 0.0 0.0
0.0 0.0 0.0
-9.522302627563477 21.546037673950195 -3.8871076107025146
-9.420336723327637 21.7224178314209 -3.971005916595459
-9.18194580078125 21.58285140991211 -3.997222661972046
0.0 0.0 0.0
0.0 0.0 0.0
-8.451628684997559 21.084749221801758 -4.052520751953125
-8.163331985473633 20.782747268676758 -4.0419440269470215
-7.927922248840332 20.603519439697266 -4.054016590118408
-7.782035827636719 20.65250587463379 -4.108691215515137
-7.503078937530518 20.34815216064453 -4.093304634094238
-7.339644908905029 20.339887619018555 -4.135985374450684
-7.159921169281006 20.283288955688477 -4.168770790100098
-6.902651786804199 19.997337341308594 -4.151249885559082
-6.823840141296387 20.224477767944336 -4.240057468414307
0.0 0.0 0.0
-6.380305290222168 19.82551383972168 -4.239020824432373
-6.187739372253418 19.696138381958008 -4.249871253967285
-6.007608890533447 19.59804344177246 -4.266643524169922
-5.843383312225342 19.546039581298828 -4.293246746063232
-5.630998134613037 19.323951721191406 -4.2820515632629395
-5.49564790725708 19.36915397644043 -4.3285369873046875
-5.307573318481445 19.21428680419922 -4.328638553619385
-5.129866123199463 19.087308883666992 -4.334629058837891
-4.982985496520996 19.069581985473633 -4.365322113037109
-4.833983898162842 19.039928436279297 -4.391651153564453
-4.637871742248535 18.824838638305664 -4.373934745788574
-4.487256050109863 18.774372100830078 -4.39360237121582
-4.3305535316467285 18.69307518005371 -4.406007289886475
-4.182816505432129 18.64421272277832 -4.424726486206055
-4.031325817108154 18.57236099243164 -4.435699939727783
-3.8544085025787354 18.384326934814453 -4.419215202331543
-3.7309093475341797 18.43294334411621 -4.459065914154053
-3.5829708576202393 18.357757568359375 -4.468332290649414
-3.435045003890991 18.274612426757812 -4.472657203674316
-3.293724298477173 18.22023582458496 -4.484038829803467
-3.158207416534424 18.20619010925293 -4.505871295928955
-3.0279595851898193 18.205873489379883 -4.530570983886719
-2.888829469680786 18.149307250976562 -4.537665367126465
-2.7517764568328857 18.099197387695312 -4.546440124511719
-2.610128164291382 18.010568618774414 -4.545567035675049
-2.4796807765960693 17.9921932220459 -4.562492370605469
-2.3245415687561035 17.797460556030273 -4.531074047088623
-2.2032923698425293 17.834436416625977 -4.557981967926025
-2.078441619873047 17.844240188598633 -4.578212261199951
-1.9417502880096436 17.744049072265625 -4.57031774520874
-1.8247541189193726 17.82058334350586 -4.604622840881348
-1.6850838661193848 17.68956184387207 -4.584727764129639
-1.560355544090271 17.68170928955078 -4.59663200378418
-1.44010329246521 17.725727081298828 -4.622262954711914
-1.3148205280303955 17.709346771240234 -4.629266262054443
-1.1891908645629883 17.681142807006836 -4.631821632385254
-1.0596948862075806 17.618186950683594 -4.625630855560303
-0.9346967339515686 17.580652236938477 -4.6260986328125
-0.8119794130325317 17.576871871948242 -4.632885456085205
-0.691260814666748 17.6218204498291 -4.650643348693848
-0.5660585165023804 17.545135498046875 -4.636512279510498
-0.4423976540565491 17.569528579711914 -4.649410247802734
-0.32033857703208923 17.57851219177246 -4.656010627746582
-0.19827604293823242 17.60240936279297 -4.664125442504883
-0.07552250474691391 17.538616180419922 -4.649224758148193
0.046528249979019165 17.59479331970215 -4.666350364685059
0.16851560771465302 17.54861068725586 -4.654809951782227
0.29290011525154114 17.5627498626709 -4.656291961669922
0.41517743468284607 17.568496704101562 -4.655811786651611
0.5408969521522522 17.682849884033203 -4.684325218200684
0.6651584506034851 17.71359634399414 -4.689627170562744
0.7907342910766602 17.763248443603516 -4.696473598480225
0.9153096675872803 17.736492156982422 -4.683231353759766
1.0368521213531494 17.697629928588867 -4.667141437530518
1.1674593687057495 17.805139541625977 -4.689105033874512
1.290328025817871 17.784561157226562 -4.673520565032959
1.4133930206298828 17.766883850097656 -4.65893030166626
1.5624687671661377 18.026885986328125 -4.7170796394348145
1.6765414476394653 17.89447593688965 -4.672625541687012
1.811470627784729 17.98813247680664 -4.682997703552246
1.934545874595642 17.956697463989258 -4.66095495223999
2.0650336742401123 17.992048263549805 -4.656458377838135
2.2013962268829346 18.052566528320312 -4.658392429351807
2.3329949378967285 18.08324432373047 -4.648721218109131
2.4711618423461914 18.15806770324707 -4.6501898765563965
2.616926908493042 18.276853561401367 -4.662933349609375
2.7470176219940186 18.278400421142578 -4.645852088928223
2.8897883892059326 18.358373641967773 -4.6455535888671875
3.0238986015319824 18.362398147583008 -4.624826431274414
3.177764892578125 18.49277114868164 -4.6363396644592285
3.3202338218688965 18.54726791381836 -4.628808975219727
3.4692437648773193 18.631107330322266 -4.626118183135986
3.6182034015655518 18.7066650390625 -4.619924545288086
3.7571358680725098 18.713729858398438 -4.5964741706848145
3.903292655944824 18.764728546142578 -4.58435583114624
4.072153568267822 18.915287017822266 -4.594679355621338
4.230880260467529 19.00924301147461 -4.589216232299805
4.391117572784424 19.10193634033203 -4.583334922790527
4.572098255157471 19.263242721557617 -4.593170166015625
4.736842155456543 19.357166290283203 -4.586175918579102
4.868752956390381 19.31361198425293 -4.544427871704102
5.053857803344727 19.47559356689453 -4.550993919372559
5.2277092933654785 19.584461212158203 -4.544849872589111
5.3957343101501465 19.654691696166992 -4.528563499450684
5.5740556716918945 19.765010833740234 -4.519234657287598
5.760697841644287 19.895797729492188 -4.514247894287109
0.0 0.0 0.0
6.146816730499268 20.174549102783203 -4.507122039794922
6.351729869842529 20.329557418823242 -4.503015518188477
6.493789196014404 20.28673553466797 -4.455504417419434
6.722507476806641 20.508167266845703 -4.465786457061768
6.924079418182373 20.636857986450195 -4.455344200134277
7.142738342285156 20.807641983032227 -4.451447486877441
7.397331714630127 21.070466995239258 -4.465903282165527
7.566565990447998 21.074106216430664 -4.424263000488281
7.770522594451904 21.177894592285156 -4.404226303100586
8.031508445739746 21.42745018005371 -4.412228584289551
8.257991790771484 21.5743408203125 -4.397497177124023
8.572314262390137 21.93723487854004 -4.425707817077637
8.746789932250977 21.925153732299805 -4.376799583435059
8.93906021118164 21.962587356567383 -4.337236404418945
9.203508377075195 22.168794631958008 -4.32927131652832
9.465136528015137 22.358356475830078 -4.317218780517578
9.739189147949219 22.56655502319336 -4.307814598083496
10.123115539550781 23.007383346557617 -4.339509010314941
10.311293601989746 22.999048233032227 -4.285104274749756
10.614873886108398 23.241483688354492 -4.276872634887695
10.940422058105469 23.519277572631836 -4.273821830749512
11.215487480163574 23.679141998291016 -4.247377872467041
11.422606468200684 23.68242835998535 -4.190150260925293
11.805821418762207 24.04886817932129 -4.19718074798584
12.19321060180664 24.40777587890625 -4.200960159301758
0.0 0.0 0.0
0.0 0.0 0.0
13.131921768188477 24.971511840820312 -4.110283851623535
0.0 0.0 0.0
13.799871444702148 25.372203826904297 -4.044434547424316
0.0 0.0 0.0
14.760397911071777 26.260068893432617 -4.045602321624756
0.0 0.0 0.0
15.484749794006348 26.666671752929688 -3.960994243621826
15.943649291992188 27.02202606201172 -3.937488555908203
0.0 0.0 0.0
0.0 0.0 0.0
0.0 0.0 0.0
0.0 0.0 0.0
0.0 0.0 0.0
19.003131866455078 29.33455467224121 -3.748610258102417
0.0 0.0 0.0
0.0 0.0 0.0
0.0 0.0 0.0
0.0 0.0 0.0
0.0 0.0 0.0
0.0 0.0 0.0
0.0 0.0 0.0
0.0 0.0 0.0
0.0 0.0 0.0
0.0 0.0 0.0
0.0 0.0 0.0
0.0 0.0 0.0
0.0 0.0 0.0
0.0 0.0 0.0
0.0 0.0 0.0
0.0 0.0 0.0
0.0 0.0 0.0
0.0 0.0 0.0
0.0 0.0 0.0
0.0 0.0 0.0
0.0 0.0 0.0
0.0 0.0 0.0
0.0 0.0 0.0
0.0 0.0 0.0
0.0 0.0 0.0
0.0 0.0 0.0
0.0 0.0 0.0
0.0 0.0 0.0
0.0 0.0 0.0
0.0 0.0 0.0
0.0 0.0 0.0
0.0 0.0 0.0
0.0 0.0 0.0
0.0 0.0 0.0
0.0 0.0 0.0
0.0 0.0 0.0
0.0 0.0 0.0
0.0 0.0 0.0
0.0 0.0 0.0
0.0 0.0 0.0
0.0 0.0 0.0
0.0 0.0 0.0
0.0 0.0 0.0
0.0 0.0 0.0
0.0 0.0 0.0
0.0 0.0 0.0
0.0 0.0 0.0
0.0 0.0 0.0
0.0 0.0 0.0
0.0 0.0 0.0
0.0 0.0 0.0
0.0 0.0 0.0
0.0 0.0 0.0
0.0 0.0 0.0
0.0 0.0 0.0
0.0 0.0 0.0
0.0 0.0 0.0
0.0 0.0 0.0
0.0 0.0 0.0
0.0 0.0 0.0
0.0 0.0 0.0
0.0 0.0 0.0
0.0 0.0 0.0
0.0 0.0 0.0
0.0 0.0 0.0
0.0 0.0 0.0
0.0 0.0 0.0
0.0 0.0 0.0
0.0 0.0 0.0
0.0 0.0 0.0
0.0 0.0 0.0
0.0 0.0 0.0
0.0 0.0 0.0
0.0 0.0 0.0
0.0 0.0 0.0
0.0 0.0 0.0
0.0 0.0 0.0
0.0 0.0 0.0
0.0 0.0 0.0
0.0 0.0 0.0
0.0 0.0 0.0
0.0 0.0 0.0
0.0 0.0 0.0
0.0 0.0 0.0
0.0 0.0 0.0
0.0 0.0 0.0
0.0 0.0 0.0
0.0 0.0 0.0
0.0 0.0 0.0
0.0 0.0 0.0
0.0 0.0 0.0
0.0 0.0 0.0
0.0 0.0 0.0
0.0 0.0 0.0
0.0 0.0 0.0
0.0 0.0 0.0
0.0 0.0 0.0
0.0 0.0 0.0
0.0 0.0 0.0
0.0 0.0 0.0
0.0 0.0 0.0
0.0 0.0 0.0
0.0 0.0 0.0
0.0 0.0 0.0
0.0 0.0 0.0
0.0 0.0 0.0
0.0 0.0 0.0
0.0 0.0 0.0
0.0 0.0 0.0
0.0 0.0 0.0
0.0 0.0 0.0
0.0 0.0 0.0
0.0 0.0 0.0
0.0 0.0 0.0
0.0 0.0 0.0
0.0 0.0 0.0
0.0 0.0 0.0
0.0 0.0 0.0
0.0 0.0 0.0
0.0 0.0 0.0
0.0 0.0 0.0
0.0 0.0 0.0
0.0 0.0 0.0
0.0 0.0 0.0
0.0 0.0 0.0
0.0 0.0 0.0
0.0 0.0 0.0
0.0 0.0 0.0
0.0 0.0 0.0
0.0 0.0 0.0
0.0 0.0 0.0
0.0 0.0 0.0
0.0 0.0 0.0
0.0 0.0 0.0
0.0 0.0 0.0
0.0 0.0 0.0
0.0 0.0 0.0
0.0 0.0 0.0
0.0 0.0 0.0
0.0 0.0 0.0
0.0 0.0 0.0
0.0 0.0 0.0
0.0 0.0 0.0
0.0 0.0 0.0
0.0 0.0 0.0
0.0 0.0 0.0
0.0 0.0 0.0
0.0 0.0 0.0
0.0 0.0 0.0
0.0 0.0 0.0
0.0 0.0 0.0
0.0 0.0 0.0
0.0 0.0 0.0
0.0 0.0 0.0
0.0 0.0 0.0
0.0 0.0 0.0
0.0 0.0 0.0
0.0 0.0 0.0
0.0 0.0 0.0
0.0 0.0 0.0
0.0 0.0 0.0
0.0 0.0 0.0
0.0 0.0 0.0
0.0 0.0 0.0
0.0 0.0 0.0
0.0 0.0 0.0
0.0 0.0 0.0
0.0 0.0 0.0
0.0 0.0 0.0
0.0 0.0 0.0
0.0 0.0 0.0
0.0 0.0 0.0
0.0 0.0 0.0
0.0 0.0 0.0
0.0 0.0 0.0
0.0 0.0 0.0
0.0 0.0 0.0
0.0 0.0 0.0
0.0 0.0 0.0
0.0 0.0 0.0
0.0 0.0 0.0
0.0 0.0 0.0
0.0 0.0 0.0
0.0 0.0 0.0
0.0 0.0 0.0
0.0 0.0 0.0
0.0 0.0 0.0
0.0 0.0 0.0
0.0 0.0 0.0
0.0 0.0 0.0
0.0 0.0 0.0
0.0 0.0 0.0
0.0 0.0 0.0
0.0 0.0 0.0
0.0 0.0 0.0
0.0 0.0 0.0
0.0 0.0 0.0
0.0 0.0 0.0
0.0 0.0 0.0
0.0 0.0 0.0
0.0 0.0 0.0
0.0 0.0 0.0
0.0 0.0 0.0
0.0 0.0 0.0
0.0 0.0 0.0
0.0 0.0 0.0
0.0 0.0 0.0
0.0 0.0 0.0
0.0 0.0 0.0
0.0 0.0 0.0
-12.244969367980957 23.381328582763672 -3.618983030319214
-11.999486923217773 23.305429458618164 -3.6693456172943115
0.0 0.0 0.0
-11.428730010986328 22.977170944213867 -3.7396512031555176
-11.075352668762207 22.661609649658203 -3.7467334270477295
0.0 0.0 0.0
0.0 0.0 0.0
0.0 0.0 0.0
-10.09680461883545 22.21079444885254 -3.895200252532959
0.0 0.0 0.0
0.0 0.0 0.0
0.0 0.0 0.0
0.0 0.0 0.0
0.0 0.0 0.0
0.0 0.0 0.0
-8.300372123718262 20.913623809814453 -4.012058734893799
-8.139522552490234 20.941057205200195 -4.0647149085998535
-7.866878509521484 20.66472816467285 -4.056191921234131
0.0 0.0 0.0
0.0 0.0 0.0
-7.299218654632568 20.44943618774414 -4.1465325355529785
-7.058785438537598 20.22691535949707 -4.1438493728637695
-6.860320568084717 20.10669708251953 -4.160719871520996
-6.682213306427002 20.039226531982422 -4.1881256103515625
-6.449503421783447 19.799360275268555 -4.177773952484131
-6.314627170562744 19.85313606262207 -4.227652549743652
-6.115750789642334 19.701231002807617 -4.233617305755615
-5.941237926483154 19.628704071044922 -4.256964206695557
-5.766258239746094 19.539653778076172 -4.2749199867248535
-5.596101760864258 19.460540771484375 -4.29286003112793
-5.394367694854736 19.262325286865234 -4.2841291427612305
-5.225817680358887 19.172882080078125 -4.299176216125488
-5.063226699829102 19.10844612121582 -4.319826126098633
-4.9005560874938965 19.027978897094727 -4.333474159240723
-4.739255905151367 18.946197509765625 -4.346680641174316
-4.610806465148926 18.99275016784668 -4.389403343200684
-4.431284427642822 18.82326316833496 -4.382126808166504
-4.26731014251709 18.72021484375 -4.387364387512207
-4.122128963470459 18.682397842407227 -4.407203674316406
-3.980198621749878 18.654600143432617 -4.42943000793457
-3.824894428253174 18.558685302734375 -4.4354777336120605
-3.6741106510162354 18.477130889892578 -4.441925525665283
-3.5218505859375 18.391124725341797 -4.446935653686523
-3.381275177001953 18.348501205444336 -4.462034702301025
-3.243586540222168 18.316017150878906 -4.47964334487915
-3.107414960861206 18.286788940429688 -4.495589733123779
-2.9712040424346924 18.253114700317383 -4.50920295715332
-2.8310179710388184 18.203676223754883 -4.519399642944336
-2.697833299636841 18.179216384887695 -4.535507678985596
-2.5529024600982666 18.06793785095215 -4.52787971496582
-2.419846773147583 18.03118896484375 -4.536853790283203
-2.2925519943237305 18.03483009338379 -4.5561747550964355
-2.1613893508911133 18.003692626953125 -4.566863536834717
-2.0087432861328125 17.795276641845703 -4.53123664855957
-1.8921527862548828 17.876131057739258 -4.566208362579346
-1.7611287832260132 17.82056999206543 -4.566561222076416
-1.631662130355835 17.771602630615234 -4.568727493286133
-1.513142466545105 17.842592239379883 -4.600955486297607
-1.3853816986083984 17.834552764892578 -4.609603404998779
-1.2565279006958008 17.77645492553711 -4.605306148529053
-1.1302330493927002 17.743858337402344 -4.607778549194336
-1.0096162557601929 17.801076889038086 -4.633337497711182
-0.8848474621772766 17.790538787841797 -4.637221813201904
-0.7569413781166077 17.74897003173828 -4.633334636688232
-0.6277881264686584 17.593137741088867 -4.599645614624023
-0.509066641330719 17.72727394104004 -4.641987323760986
-0.3845621645450592 17.669055938720703 -4.629505157470703
-0.2614378333091736 17.655330657958984 -4.6288251876831055
-0.13689638674259186 17.708759307861328 -4.6460394859313965
-0.013602996245026588 17.534624099731445 -4.60369873046875
0.1093323677778244 17.693178176879883 -4.644591331481934
0.23288798332214355 17.73012351989746 -4.653151988983154
0.35590025782585144 17.713321685791016 -4.647830009460449
0.48104003071784973 17.78253746032715 -4.66530179977417
0.605461061000824 17.73465347290039 -4.6485114097595215
0.7307059168815613 17.776884078979492 -4.654416084289551
0.8560230731964111 17.80690574645996 -4.657328128814697
0.984494149684906 17.88511085510254 -4.673036098480225
1.1080653667449951 17.865049362182617 -4.660222053527832
1.238526463508606 17.916122436523438 -4.664235591888428
1.3668327331542969 17.955049514770508 -4.6654157638549805
1.4912254810333252 17.940305709838867 -4.652866840362549
1.622809886932373 18.00436782836914 -4.658565998077393
1.7574907541275024 18.09063148498535 -4.667863845825195
1.8784153461456299 18.010141372680664 -4.634120464324951
2.0103180408477783 18.056882858276367 -4.633581161499023
2.1585874557495117 18.23465919494629 -4.665039539337158
2.284017562866211 18.20905876159668 -4.641818046569824
2.4217638969421387 18.276437759399414 -4.642449855804443
2.555880308151245 18.293800354003906 -4.63023567199707
2.6953792572021484 18.35938835144043 -4.629624843597412
2.838365316390991 18.43968391418457 -4.629505157470703
2.976437568664551 18.48147201538086 -4.6198015213012695
3.129836082458496 18.608266830444336 -4.631336688995361
3.2681429386138916 18.636743545532227 -4.618166446685791
3.4284913539886475 18.769306182861328 -4.626654148101807
3.5575010776519775 18.73673439025879 -4.594892501831055
3.706047534942627 18.80385971069336 -4.587718486785889
3.8791491985321045 18.98528480529785 -4.608323574066162
4.014307022094727 18.97260856628418 -4.578454494476318
4.187546730041504 19.122106552124023 -4.586871147155762
4.333830833435059 19.151836395263672 -4.566951274871826
4.521421909332275 19.35463523864746 -4.588138103485107
4.663244247436523 19.352779388427734 -4.558188438415527
4.827226161956787 19.438783645629883 -4.548043251037598
5.007373809814453 19.570980072021484 -4.547970771789551
5.172608375549316 19.646860122680664 -4.535171031951904
5.3342461585998535 19.70334815979004 -4.516096591949463
5.503274440765381 19.780853271484375 -4.500278472900391
5.6998610496521 19.94873046875 -4.504729270935059
5.859533786773682 19.971446990966797 -4.4756364822387695
6.085789680480957 20.220457077026367 -4.496403217315674
6.265182971954346 20.303438186645508 -4.477978706359863
6.4588623046875 20.42498016357422 -4.467747688293457
6.660293102264404 20.56308364868164 -4.460803508758545
6.847174644470215 20.648651123046875 -4.441641330718994
7.039326190948486 20.736000061035156 -4.419818878173828
7.255568981170654 20.894771575927734 -4.413521766662598
7.5296759605407715 21.20685386657715 -4.438726902008057
7.737724781036377 21.3217716217041 -4.421865940093994
7.950515270233154 21.442476272583008 -4.403396129608154
8.215810775756836 21.68600082397461 -4.408627033233643
8.444852828979492 21.831161499023438 -4.393869400024414
8.67209529876709 21.963510513305664 -4.375993728637695
8.881556510925293 22.044265747070312 -4.345287322998047
9.15121078491211 22.26534652709961 -4.341331958770752
9.382593154907227 22.376461029052734 -4.3143839836120605
9.630012512207031 22.525272369384766 -4.294909477233887
9.964130401611328 22.86630630493164 -4.309392929077148
10.253995895385742 23.091228485107422 -4.300190448760986
10.46652603149414 23.13429832458496 -4.256467342376709
10.762030601501465 23.34585952758789 -4.24221134185791
11.129715919494629 23.70975112915039 -4.253429889678955
11.410247802734375 23.874893188476562 -4.227090358734131
11.647869110107422 23.943679809570312 -4.183089256286621
0.0 0.0 0.0
12.336402893066406 24.488664627075195 -4.161001682281494
0.0 0.0 0.0
0.0 0.0 0.0
13.417041778564453 25.294326782226562 -4.108635425567627
0.0 0.0 0.0
14.137182235717773 25.779666900634766 -4.053715705871582
14.50014591217041 26.003223419189453 -4.019714832305908
0.0 0.0 0.0
15.422192573547363 26.77511215209961 -3.995152235031128
15.85874080657959 27.094833374023438 -3.9682037830352783
0.0 0.0 0.0
0.0 0.0 0.0
0.0 0.0 0.0
0.0 0.0 0.0
0.0 0.0 0.0
0.0 0.0 0.0
0.0 0.0 0.0
0.0 0.0 0.0
0.0 0.0 0.0
0.0 0.0 0.0
0.0 0.0 0.0
0.0 0.0 0.0
0.0 0.0 0.0
0.0 0.0 0.0
0.0 0.0 0.0
0.0 0.0 0.0
0.0 0.0 0.0
0.0 0.0 0.0
0.0 0.0 0.0
0.0 0.0 0.0
0.0 0.0 0.0
0.0 0.0 0.0
0.0 0.0 0.0
0.0 0.0 0.0
0.0 0.0 0.0
0.0 0.0 0.0
0.0 0.0 0.0
0.0 0.0 0.0
0.0 0.0 0.0
0.0 0.0 0.0
0.0 0.0 0.0
0.0 0.0 0.0
0.0 0.0 0.0
0.0 0.0 0.0
0.0 0.0 0.0
0.0 0.0 0.0
0.0 0.0 0.0
0.0 0.0 0.0
0.0 0.0 0.0
0.0 0.0 0.0
0.0 0.0 0.0
0.0 0.0 0.0
0.0 0.0 0.0
0.0 0.0 0.0
0.0 0.0 0.0
0.0 0.0 0.0
0.0 0.0 0.0
0.0 0.0 0.0
0.0 0.0 0.0
0.0 0.0 0.0
0.0 0.0 0.0
0.0 0.0 0.0
0.0 0.0 0.0
0.0 0.0 0.0
0.0 0.0 0.0
0.0 0.0 0.0
0.0 0.0 0.0
0.0 0.0 0.0
0.0 0.0 0.0
0.0 0.0 0.0
0.0 0.0 0.0
0.0 0.0 0.0
0.0 0.0 0.0
0.0 0.0 0.0
0.0 0.0 0.0
0.0 0.0 0.0
0.0 0.0 0.0
0.0 0.0 0.0
0.0 0.0 0.0
0.0 0.0 0.0
0.0 0.0 0.0
0.0 0.0 0.0
0.0 0.0 0.0
0.0 0.0 0.0
0.0 0.0 0.0
0.0 0.0 0.0
0.0 0.0 0.0
0.0 0.0 0.0
0.0 0.0 0.0
0.0 0.0 0.0
0.0 0.0 0.0
0.0 0.0 0.0
0.0 0.0 0.0
0.0 0.0 0.0
0.0 0.0 0.0
0.0 0.0 0.0
0.0 0.0 0.0
0.0 0.0 0.0
0.0 0.0 0.0
0.0 0.0 0.0
0.0 0.0 0.0
0.0 0.0 0.0
0.0 0.0 0.0
0.0 0.0 0.0
0.0 0.0 0.0
0.0 0.0 0.0
0.0 0.0 0.0
0.0 0.0 0.0
0.0 0.0 0.0
0.0 0.0 0.0
0.0 0.0 0.0
0.0 0.0 0.0
0.0 0.0 0.0
0.0 0.0 0.0
0.0 0.0 0.0
0.0 0.0 0.0
0.0 0.0 0.0
0.0 0.0 0.0
0.0 0.0 0.0
0.0 0.0 0.0
0.0 0.0 0.0
0.0 0.0 0.0
0.0 0.0 0.0
0.0 0.0 0.0
0.0 0.0 0.0
0.0 0.0 0.0
0.0 0.0 0.0
0.0 0.0 0.0
0.0 0.0 0.0
0.0 0.0 0.0
0.0 0.0 0.0
0.0 0.0 0.0
0.0 0.0 0.0
0.0 0.0 0.0
0.0 0.0 0.0
0.0 0.0 0.0
0.0 0.0 0.0
0.0 0.0 0.0
0.0 0.0 0.0
0.0 0.0 0.0
0.0 0.0 0.0
0.0 0.0 0.0
0.0 0.0 0.0
0.0 0.0 0.0
0.0 0.0 0.0
0.0 0.0 0.0
0.0 0.0 0.0
0.0 0.0 0.0
0.0 0.0 0.0
0.0 0.0 0.0
0.0 0.0 0.0
0.0 0.0 0.0
0.0 0.0 0.0
0.0 0.0 0.0
0.0 0.0 0.0
0.0 0.0 0.0
0.0 0.0 0.0
0.0 0.0 0.0
0.0 0.0 0.0
0.0 0.0 0.0
0.0 0.0 0.0
0.0 0.0 0.0
0.0 0.0 0.0
0.0 0.0 0.0
0.0 0.0 0.0
0.0 0.0 0.0
0.0 0.0 0.0
0.0 0.0 0.0
0.0 0.0 0.0
0.0 0.0 0.0
0.0 0.0 0.0
0.0 0.0 0.0
0.0 0.0 0.0
0.0 0.0 0.0
0.0 0.0 0.0
0.0 0.0 0.0
0.0 0.0 0.0
0.0 0.0 0.0
0.0 0.0 0.0
0.0 0.0 0.0
0.0 0.0 0.0
0.0 0.0 0.0
0.0 0.0 0.0
0.0 0.0 0.0
0.0 0.0 0.0
0.0 0.0 0.0
0.0 0.0 0.0
0.0 0.0 0.0
0.0 0.0 0.0
0.0 0.0 0.0
0.0 0.0 0.0
0.0 0.0 0.0
0.0 0.0 0.0
0.0 0.0 0.0
0.0 0.0 0.0
0.0 0.0 0.0
0.0 0.0 0.0
0.0 0.0 0.0
0.0 0.0 0.0
0.0 0.0 0.0
0.0 0.0 0.0
0.0 0.0 0.0
0.0 0.0 0.0
0.0 0.0 0.0
0.0 0.0 0.0
0.0 0.0 0.0
0.0 0.0 0.0
0.0 0.0 0.0
0.0 0.0 0.0
0.0 0.0 0.0
0.0 0.0 0.0
-18.242816925048828 27.605459213256836 -3.023667812347412
0.0 0.0 0.0
0.0 0.0 0.0
0.0 0.0 0.0
0.0 0.0 0.0
0.0 0.0 0.0
0.0 0.0 0.0
0.0 0.0 0.0
-14.806892395019531 25.387163162231445 -3.4360833168029785
0.0 0.0 0.0
-13.802508354187012 24.44190216064453 -3.45155668258667
0.0 0.0 0.0
0.0 0.0 0.0
0.0 0.0 0.0
0.0 0.0 0.0
0.0 0.0 0.0
0.0 0.0 0.0
0.0 0.0 0.0
0.0 0.0 0.0
0.0 0.0 0.0
0.0 0.0 0.0
-10.42806625366211 22.313215255737305 -3.804699659347534
-10.210216522216797 22.249887466430664 -3.847635269165039
-9.951294898986816 22.097721099853516 -3.8755407333374023
0.0 0.0 0.0
-9.359457969665527 21.582529067993164 -3.8883659839630127
0.0 0.0 0.0
-8.942425727844238 21.43273162841797 -3.959588050842285
0.0 0.0 0.0
0.0 0.0 0.0
-8.293631553649902 21.114988327026367 -4.043679237365723
0.0 0.0 0.0
-7.819951057434082 20.753040313720703 -4.064623832702637
0.0 0.0 0.0
-7.441669940948486 20.62198257446289 -4.12658166885376
-7.199195861816406 20.392719268798828 -4.1226606369018555
-7.020244121551514 20.335289001464844 -4.152970314025879
-6.8364105224609375 20.258176803588867 -4.178857803344727
-6.636918544769287 20.136980056762695 -4.193722724914551
-6.405783653259277 19.900320053100586 -4.183173179626465
-6.230963706970215 19.829627990722656 -4.207024097442627
-6.051977157592773 19.739145278930664 -4.226398468017578
-5.839457035064697 19.53040313720703 -4.2174506187438965
-5.698612689971924 19.55478858947754 -4.258363246917725
-5.493674278259277 19.36168670654297 -4.252336502075195
-5.343173027038574 19.343006134033203 -4.283663272857666
-5.190274715423584 19.31252098083496 -4.3101935386657715
-5.022871017456055 19.221834182739258 -4.322417259216309
-4.854028701782227 19.118724822998047 -4.331677436828613
-4.697398662567139 19.066490173339844 -4.352874755859375
-4.5113301277160645 18.875831604003906 -4.339646339416504
-4.395331859588623 18.97348403930664 -4.391235828399658
-4.24384069442749 18.91795539855957 -4.407614707946777
-4.060368537902832 18.708662033081055 -4.387879848480225
-3.9387295246124268 18.789066314697266 -4.435146808624268
-3.7804276943206787 18.67845916748047 -4.434834003448486
-3.6142542362213135 18.518110275268555 -4.422526836395264
-3.4856252670288086 18.54326629638672 -4.454501628875732
-3.33323073387146 18.4367618560791 -4.454075336456299
-3.1928181648254395 18.404953002929688 -4.469191074371338
-3.040494441986084 18.28188705444336 -4.461719036102295
-2.914381742477417 18.311389923095703 -4.491574287414551
-2.776047945022583 18.261240005493164 -4.501794338226318
-2.6378841400146484 18.203428268432617 -4.50618839263916
-2.5006606578826904 18.144594192504883 -4.510404586791992
-2.3654496669769287 18.111282348632812 -4.521421432495117
-2.232743501663208 18.073015213012695 -4.530969142913818
-2.097402572631836 18.00457000732422 -4.5291337966918945
-1.9708606004714966 18.00680160522461 -4.544844627380371
-1.8494045734405518 18.057117462158203 -4.572941780090332
-1.717922568321228 18.031312942504883 -4.582268238067627
-1.5939102172851562 18.05805778503418 -4.60140323638916
-1.458081841468811 17.944595336914062 -4.583909034729004
-1.3289579153060913 17.89809799194336 -4.583632946014404
-1.197759747505188 17.809154510498047 -4.572612285614014
-1.0703943967819214 17.79557991027832 -4.57838773727417
-0.9510564804077148 17.887226104736328 -4.609567165374756
-0.8242557644844055 17.845800399780273 -4.606701850891113
-0.6977625489234924 17.792144775390625 -4.600849151611328
-0.5767683982849121 17.881811141967773 -4.6298933029174805
-0.4487910568714142 17.831422805786133 -4.620431900024414
-0.32524797320365906 17.863279342651367 -4.632439613342285
-0.2013271152973175 17.88671112060547 -4.642495155334473
-0.0767456516623497 17.856769561767578 -4.6371917724609375
0.04728570207953453 17.830493927001953 -4.6299824714660645
0.17112962901592255 17.8222599029541 -4.627682209014893
0.29786181449890137 17.86227798461914 -4.638138294219971
0.42103779315948486 17.81855583190918 -4.625958442687988
0.5447518825531006 17.808889389038086 -4.619173049926758
0.6743115186691284 17.957073211669922 -4.653522491455078
0.7988952994346619 17.945650100708008 -4.646701812744141
0.9271364212036133 17.963611602783203 -4.6471333503723145
1.0537861585617065 17.9855899810791 -4.644519329071045
1.1778162717819214 17.961376190185547 -4.630197525024414
1.3074541091918945 18.019329071044922 -4.637270927429199
1.4368853569030762 18.06125831604004 -4.640387535095215
1.5709164142608643 18.122058868408203 -4.643830299377441
1.6915186643600464 18.05393409729004 -4.614474296569824
1.8341423273086548 18.21100616455078 -4.642820835113525
1.9693019390106201 18.276643753051758 -4.647927761077881
2.0882718563079834 18.19162368774414 -4.611349105834961
2.227605104446411 18.26375389099121 -4.613733768463135
2.36143159866333 18.301223754882812 -4.607753753662109
2.5061116218566895 18.412843704223633 -4.620522499084473
2.6429572105407715 18.456443786621094 -4.613515377044678
2.783937454223633 18.521869659423828 -4.610637664794922
2.907532215118408 18.47007179260254 -4.5787811279296875
3.077225685119629 18.686752319335938 -4.613173007965088
3.20691180229187 18.663339614868164 -4.5865349769592285
3.358490228652954 18.762836456298828 -4.5881266593933105
3.510918378829956 18.8574275970459 -4.588467597961426
3.6596410274505615 18.924739837646484 -4.582181453704834
3.8121261596679688 18.99078369140625 -4.573955059051514
3.9682939052581787 19.07888412475586 -4.568819999694824
4.117873191833496 19.12856101989746 -4.554464817047119
4.29893159866333 19.31453514099121 -4.5724077224731445
4.438482284545898 19.306148529052734 -4.543824195861816
4.612037658691406 19.430374145507812 -4.5430450439453125
4.769868850708008 19.49066925048828 -4.527685642242432
4.924890518188477 19.53495216369629 -4.5086283683776855
5.126883029937744 19.755163192749023 -4.529892444610596
5.278059959411621 19.77155113220215 -4.5012526512146
5.479701042175293 19.95924949645996 -4.510646343231201
5.639398097991943 19.995033264160156 -4.486016273498535
5.829451084136963 20.13231086730957 -4.484031677246094
6.025218963623047 20.279375076293945 -4.481546401977539
6.2054901123046875 20.36639976501465 -4.464760780334473
6.437757968902588 20.60460090637207 -4.479998588562012
6.608278751373291 20.64451026916504 -4.452333450317383
6.814276695251465 20.788808822631836 -4.445423603057861
7.013144016265869 20.902400970458984 -4.43037748336792
7.216423034667969 21.02150535583496 -4.416136741638184
7.416632652282715 21.12435531616211 -4.398133277893066
7.649625301361084 21.304330825805664 -4.3940229415893555
7.869635581970215 21.44722557067871 -4.380970478057861
8.1553316116333 21.757043838500977 -4.401159763336182
8.326362609863281 21.752126693725586 -4.357113361358643
8.595354080200195 21.996437072753906 -4.361982345581055
8.83171558380127 22.137435913085938 -4.342930316925049
9.058884620666504 22.255847930908203 -4.319758892059326
9.307304382324219 22.418359756469727 -4.304558277130127
9.568779945373535 22.60347557067871 -4.292614936828613
9.857967376708984 22.842893600463867 -4.288113117218018
10.11816120147705 22.99735450744629 -4.265892028808594
10.423898696899414 23.25234031677246 -4.262234210968018
10.71898078918457 23.472917556762695 -4.250971794128418
0.0 0.0 0.0
11.332993507385254 23.92980194091797 -4.223498821258545
11.61928653717041 24.091567993164062 -4.195446968078613
0.0 0.0 0.0
0.0 0.0 0.0
12.580419540405273 24.75059700012207 -4.133207321166992
12.979395866394043 25.10108757019043 -4.13084602355957
0.0 0.0 0.0
0.0 0.0 0.0
14.089190483093262 25.902652740478516 -4.066895961761475
14.36020278930664 25.969532012939453 -4.0111870765686035
0.0 0.0 0.0
15.256340026855469 26.708419799804688 -3.984147071838379
0.0 0.0 0.0
15.904707908630371 26.95816421508789 -3.874282121658325
0.0 0.0 0.0
0.0 0.0 0.0
0.0 0.0 0.0
0.0 0.0 0.0
0.0 0.0 0.0
0.0 0.0 0.0
0.0 0.0 0.0
0.0 0.0 0.0
0.0 0.0 0.0
0.0 0.0 0.0
0.0 0.0 0.0
0.0 0.0 0.0
0.0 0.0 0.0
0.0 0.0 0.0
0.0 0.0 0.0
0.0 0.0 0.0
0.0 0.0 0.0
0.0 0.0 0.0
0.0 0.0 0.0
0.0 0.0 0.0
0.0 0.0 0.0
0.0 0.0 0.0
0.0 0.0 0.0
0.0 0.0 0.0
0.0 0.0 0.0
0.0 0.0 0.0
0.0 0.0 0.0
0.0 0.0 0.0
0.0 0.0 0.0
0.0 0.0 0.0
0.0 0.0 0.0
0.0 0.0 0.0
0.0 0.0 0.0
0.0 0.0 0.0
0.0 0.0 0.0
0.0 0.0 0.0
0.0 0.0 0.0
0.0 0.0 0.0
0.0 0.0 0.0
0.0 0.0 0.0
0.0 0.0 0.0
0.0 0.0 0.0
0.0 0.0 0.0
0.0 0.0 0.0
0.0 0.0 0.0
0.0 0.0 0.0
0.0 0.0 0.0
0.0 0.0 0.0
0.0 0.0 0.0
0.0 0.0 0.0
0.0 0.0 0.0
0.0 0.0 0.0
0.0 0.0 0.0
0.0 0.0 0.0
0.0 0.0 0.0
0.0 0.0 0.0
0.0 0.0 0.0
0.0 0.0 0.0
0.0 0.0 0.0
0.0 0.0 0.0
0.0 0.0 0.0
0.0 0.0 0.0
0.0 0.0 0.0
0.0 0.0 0.0
0.0 0.0 0.0
0.0 0.0 0.0
0.0 0.0 0.0
0.0 0.0 0.0
0.0 0.0 0.0
0.0 0.0 0.0
0.0 0.0 0.0
0.0 0.0 0.0
0.0 0.0 0.0
0.0 0.0 0.0
0.0 0.0 0.0
0.0 0.0 0.0
0.0 0.0 0.0
0.0 0.0 0.0
0.0 0.0 0.0
0.0 0.0 0.0
0.0 0.0 0.0
0.0 0.0 0.0
0.0 0.0 0.0
0.0 0.0 0.0
0.0 0.0 0.0
0.0 0.0 0.0
0.0 0.0 0.0
0.0 0.0 0.0
0.0 0.0 0.0
0.0 0.0 0.0
0.0 0.0 0.0
0.0 0.0 0.0
0.0 0.0 0.0
0.0 0.0 0.0
0.0 0.0 0.0
0.0 0.0 0.0
0.0 0.0 0.0
0.0 0.0 0.0
0.0 0.0 0.0
0.0 0.0 0.0
0.0 0.0 0.0
0.0 0.0 0.0
0.0 0.0 0.0
0.0 0.0 0.0
0.0 0.0 0.0
0.0 0.0 0.0
0.0 0.0 0.0
0.0 0.0 0.0
0.0 0.0 0.0
0.0 0.0 0.0
0.0 0.0 0.0
0.0 0.0 0.0
0.0 0.0 0.0
0.0 0.0 0.0
0.0 0.0 0.0
0.0 0.0 0.0
0.0 0.0 0.0
0.0 0.0 0.0
0.0 0.0 0.0
0.0 0.0 0.0
0.0 0.0 0.0
0.0 0.0 0.0
0.0 0.0 0.0
0.0 0.0 0.0
0.0 0.0 0.0
0.0 0.0 0.0
0.0 0.0 0.0
0.0 0.0 0.0
0.0 0.0 0.0
0.0 0.0 0.0
0.0 0.0 0.0
0.0 0.0 0.0
0.0 0.0 0.0
0.0 0.0 0.0
0.0 0.0 0.0
0.0 0.0 0.0
0.0 0.0 0.0
0.0 0.0 0.0
0.0 0.0 0.0
0.0 0.0 0.0
0.0 0.0 0.0
0.0 0.0 0.0
0.0 0.0 0.0
0.0 0.0 0.0
0.0 0.0 0.0
0.0 0.0 0.0
0.0 0.0 0.0
0.0 0.0 0.0
0.0 0.0 0.0
0.0 0.0 0.0
0.0 0.0 0.0
0.0 0.0 0.0
0.0 0.0 0.0
0.0 0.0 0.0
0.0 0.0 0.0
0.0 0.0 0.0
0.0 0.0 0.0
0.0 0.0 0.0
0.0 0.0 0.0
0.0 0.0 0.0
0.0 0.0 0.0
0.0 0.0 0.0
0.0 0.0 0.0
0.0 0.0 0.0
0.0 0.0 0.0
0.0 0.0 0.0
0.0 0.0 0.0
0.0 0.0 0.0
0.0 0.0 0.0
0.0 0.0 0.0
0.0 0.0 0.0
0.0 0.0 0.0
0.0 0.0 0.0
0.0 0.0 0.0
0.0 0.0 0.0
0.0 0.0 0.0
0.0 0.0 0.0
0.0 0.0 0.0
0.0 0.0 0.0
0.0 0.0 0.0
0.0 0.0 0.0
0.0 0.0 0.0
0.0 0.0 0.0
0.0 0.0 0.0
0.0 0.0 0.0
0.0 0.0 0.0
0.0 0.0 0.0
0.0 0.0 0.0
0.0 0.0 0.0
0.0 0.0 0.0
0.0 0.0 0.0
0.0 0.0 0.0
0.0 0.0 0.0
0.0 0.0 0.0
0.0 0.0 0.0
0.0 0.0 0.0
0.0 0.0 0.0
-20.81319808959961 29.439952850341797 -2.7156126499176025
0.0 0.0 0.0
0.0 0.0 0.0
0.0 0.0 0.0
0.0 0.0 0.0
0.0 0.0 0.0
0.0 0.0 0.0
-16.875402450561523 26.532175064086914 -3.1106834411621094
0.0 0.0 0.0
0.0 0.0 0.0
0.0 0.0 0.0
0.0 0.0 0.0
0.0 0.0 0.0
0.0 0.0 0.0
0.0 0.0 0.0
-13.730691909790039 24.52010726928711 -3.4714856147766113
0.0 0.0 0.0
0.0 0.0 0.0
-12.79311752319336 24.00890350341797 -3.5971386432647705
-12.317986488342285 23.517061233520508 -3.587327718734741
0.0 0.0 0.0
0.0 0.0 0.0
0.0 0.0 0.0
0.0 0.0 0.0
-10.841243743896484 22.575475692749023 -3.7327687740325928
0.0 0.0 0.0
0.0 0.0 0.0
0.0 0.0 0.0
-9.831369400024414 22.02928352355957 -3.8554532527923584
-9.61940860748291 21.964658737182617 -3.8947482109069824
0.0 0.0 0.0
-9.082101821899414 21.55718994140625 -3.9219954013824463
0.0 0.0 0.0
-8.581278800964355 21.188791275024414 -3.9497408866882324
0.0 0.0 0.0
-8.16163158416748 20.99492645263672 -4.005655288696289
0.0 0.0 0.0
0.0 0.0 0.0
-7.4994988441467285 20.552579879760742 -4.051109790802002
-7.332456111907959 20.537479400634766 -4.09050178527832
-7.103959083557129 20.351417541503906 -4.096199989318848
-6.920518398284912 20.279129028320312 -4.12181282043457
-6.714366912841797 20.13262176513672 -4.131160259246826
-6.554540634155273 20.119131088256836 -4.1675519943237305
-6.347599029541016 19.95465660095215 -4.172388553619385
-6.207030773162842 19.99342155456543 -4.218043327331543
-6.016341209411621 19.874338150024414 -4.229660511016846
-5.8323163986206055 19.7603759765625 -4.241387844085693
-5.655464172363281 19.66324234008789 -4.256436824798584
-5.4595537185668945 19.49125862121582 -4.253846645355225
-5.311426639556885 19.483905792236328 -4.285190105438232
-5.122208118438721 19.328176498413086 -4.2842912673950195
-4.961709022521973 19.262798309326172 -4.302576541900635
-4.786481857299805 19.133346557617188 -4.3057861328125
-4.649593353271484 19.151226043701172 -4.339540004730225
-4.4663591384887695 18.971343994140625 -4.328368186950684
-4.319943428039551 18.950153350830078 -4.353763103485107
-4.165618419647217 18.87909507751465 -4.367168426513672
-4.007176399230957 18.781475067138672 -4.370819568634033
-3.865537166595459 18.757211685180664 -4.391557216644287
-3.717747688293457 18.698274612426758 -4.404221057891846
-3.586656093597412 18.731918334960938 -4.43927001953125
-3.433748960494995 18.634023666381836 -4.439662456512451
-3.293043613433838 18.594985961914062 -4.453457832336426
-3.1358556747436523 18.45372772216797 -4.442723274230957
-2.9980320930480957 18.41624641418457 -4.456903457641602
-2.855638027191162 18.35980224609375 -4.46443510055542
-2.715226650238037 18.294879913330078 -4.468200206756592
-2.585951805114746 18.300323486328125 -4.489279747009277
-2.4459962844848633 18.225862503051758 -4.4908952713012695
-2.3027467727661133 18.11316680908203 -4.481058597564697
-2.1823880672454834 18.176929473876953 -4.5127716064453125
-2.0540144443511963 18.194795608520508 -4.53363561630249
-1.9128565788269043 18.07210350036621 -4.519317626953125
-1.7930010557174683 18.14482307434082 -4.552602291107178
-1.6574393510818481 18.055198669433594 -4.542171955108643
-1.5252646207809448 17.987241744995117 -4.537283420562744
-1.394411563873291 17.952444076538086 -4.541134357452393
-1.270387887954712 17.973430633544922 -4.5583953857421875
-1.1493618488311768 18.04356575012207 -4.584606647491455
-1.0182856321334839 17.954113006591797 -4.570484638214111
-0.8937186002731323 17.965810775756836 -4.582282543182373
-0.768790602684021 18.025854110717773 -4.606807708740234
-0.6399195194244385 17.93483543395996 -4.5880231857299805
-0.5165019631385803 17.982868194580078 -4.605016708374023
-0.3906705379486084 17.954383850097656 -4.6026458740234375
-0.26537254452705383 17.932588577270508 -4.602199077606201
-0.13877461850643158 17.979015350341797 -4.615426540374756
-0.01364397257566452 17.877166748046875 -4.590068340301514
0.11132830381393433 17.978757858276367 -4.617168426513672
0.23676797747612 18.007591247558594 -4.6258134841918945
0.36068955063819885 17.938016891479492 -4.605991840362549
0.48723429441452026 18.00409698486328 -4.619809627532959
0.6162920594215393 18.05031967163086 -4.628684997558594
0.7411606311798096 18.031415939331055 -4.621132850646973
0.8700892925262451 18.099231719970703 -4.633323669433594
0.9976702332496643 18.125062942504883 -4.632874488830566
1.1261212825775146 18.157556533813477 -4.634325981140137
1.252614974975586 18.12104034423828 -4.618270397186279
1.379993200302124 18.12952423095703 -4.612096786499023
1.5091692209243774 18.156627655029297 -4.608136177062988
1.6449092626571655 18.250715255737305 -4.621319770812988
1.7842315435409546 18.366437911987305 -4.640074729919434
1.9023456573486328 18.24004364013672 -4.596533298492432
2.0393214225769043 18.31720733642578 -4.60137414932251
2.1808955669403076 18.423494338989258 -4.61361026763916
2.310499668121338 18.419614791870117 -4.598370552062988
2.463966131210327 18.59536361694336 -4.627718448638916
2.61106276512146 18.68794822692871 -4.632031440734863
2.7262532711029053 18.569425582885742 -4.584590911865234
2.8758487701416016 18.682706832885742 -4.5945658683776855
3.0149476528167725 18.719892501831055 -4.585897922515869
3.1568760871887207 18.768095016479492 -4.576324462890625
3.299527645111084 18.815332412719727 -4.566232681274414
3.446716785430908 18.868654251098633 -4.557306289672852
3.595294713973999 18.936120986938477 -4.552227020263672
3.75996470451355 19.077638626098633 -4.562167644500732
3.905433416366577 19.113712310791016 -4.545827865600586
4.069704055786133 19.23431396484375 -4.549559116363525
4.226069450378418 19.29741096496582 -4.539177894592285
4.381111145019531 19.360109329223633 -4.5272722244262695
4.547621726989746 19.466474533081055 -4.5238728523254395
4.716868877410889 19.575172424316406 -4.520830154418945
4.865658760070801 19.59371566772461 -4.4969635009765625
5.059998512268066 19.777132034301758 -4.509177207946777
5.217041492462158 19.815893173217773 -4.486529350280762
5.4137701988220215 19.997116088867188 -4.495921611785889
5.606131553649902 20.150894165039062 -4.498744964599609
5.744226455688477 20.10474967956543 -4.456511974334717
0.0 0.0 0.0
6.1435675621032715 20.4124755859375 -4.454227447509766
6.344433784484863 20.560396194458008 -4.451498985290527
6.53167724609375 20.65545082092285 -4.436975955963135
6.7239532470703125 20.760385513305664 -4.421877861022949
6.944660186767578 20.943635940551758 -4.422851085662842
7.175864219665527 21.138687133789062 -4.425028324127197
7.383625507354736 21.26356315612793 -4.412685871124268
7.566319465637207 21.311193466186523 -4.382030963897705
7.810385227203369 21.52324676513672 -4.384104251861572
8.035116195678711 21.67185401916504 -4.37260627746582
8.228323936462402 21.720619201660156 -4.3398823738098145
8.493622779846191 21.958646774291992 -4.343636989593506
8.7208251953125 22.0869140625 -4.323962688446045
8.983450889587402 22.295066833496094 -4.319205284118652
9.265363693237305 22.53990364074707 -4.320679664611816
9.486742973327637 22.621652603149414 -4.288278579711914
0.0 0.0 0.0
10.08520793914795 23.141767501831055 -4.2880330085754395
10.276476860046387 23.140356063842773 -4.238295078277588
10.572881698608398 23.369308471679688 -4.229249954223633
10.841009140014648 23.517127990722656 -4.202330112457275
11.149697303771973 23.750856399536133 -4.190767288208008
11.533926010131836 24.13114356994629 -4.203537940979004
11.822260856628418 24.299516677856445 -4.177121162414551
0.0 0.0 0.0
0.0 0.0 0.0
12.789687156677246 24.944595336914062 -4.110365867614746
13.131865501403809 25.18010711669922 -4.08816385269165
0.0 0.0 0.0
0.0 0.0 0.0
0.0 0.0 0.0
0.0 0.0 0.0
15.136251449584961 26.706966400146484 -3.996206521987915
15.570676803588867 27.033613204956055 -3.973811626434326
15.94365406036377 27.24193572998047 -3.932358741760254
0.0 0.0 0.0
0.0 0.0 0.0
0.0 0.0 0.0
0.0 0.0 0.0
0.0 0.0 0.0
0.0 0.0 0.0
0.0 0.0 0.0
0.0 0.0 0.0
0.0 0.0 0.0
0.0 0.0 0.0
0.0 0.0 0.0
0.0 0.0 0.0
0.0 0.0 0.0
0.0 0.0 0.0
0.0 0.0 0.0
0.0 0.0 0.0
0.0 0.0 0.0
0.0 0.0 0.0
0.0 0.0 0.0
0.0 0.0 0.0
0.0 0.0 0.0
0.0 0.0 0.0
0.0 0.0 0.0
0.0 0.0 0.0
0.0 0.0 0.0
0.0 0.0 0.0
0.0 0.0 0.0
0.0 0.0 0.0
0.0 0.0 0.0
0.0 0.0 0.0
0.0 0.0 0.0
0.0 0.0 0.0
0.0 0.0 0.0
0.0 0.0 0.0
0.0 0.0 0.0
0.0 0.0 0.0
0.0 0.0 0.0
0.0 0.0 0.0
0.0 0.0 0.0
0.0 0.0 0.0
0.0 0.0 0.0
0.0 0.0 0.0
0.0 0.0 0.0
0.0 0.0 0.0
0.0 0.0 0.0
0.0 0.0 0.0
0.0 0.0 0.0
0.0 0.0 0.0
0.0 0.0 0.0
0.0 0.0 0.0
0.0 0.0 0.0
0.0 0.0 0.0
0.0 0.0 0.0
0.0 0.0 0.0
0.0 0.0 0.0
0.0 0.0 0.0
0.0 0.0 0.0
0.0 0.0 0.0
0.0 0.0 0.0
0.0 0.0 0.0
0.0 0.0 0.0
0.0 0.0 0.0
0.0 0.0 0.0
0.0 0.0 0.0
0.0 0.0 0.0
0.0 0.0 0.0
0.0 0.0 0.0
0.0 0.0 0.0
0.0 0.0 0.0
0.0 0.0 0.0
0.0 0.0 0.0
0.0 0.0 0.0
0.0 0.0 0.0
0.0 0.0 0.0
0.0 0.0 0.0
0.0 0.0 0.0
0.0 0.0 0.0
0.0 0.0 0.0
0.0 0.0 0.0
0.0 0.0 0.0
0.0 0.0 0.0
0.0 0.0 0.0
0.0 0.0 0.0
0.0 0.0 0.0
0.0 0.0 0.0
0.0 0.0 0.0
0.0 0.0 0.0
0.0 0.0 0.0
0.0 0.0 0.0
0.0 0.0 0.0
0.0 0.0 0.0
0.0 0.0 0.0
0.0 0.0 0.0
0.0 0.0 0.0
0.0 0.0 0.0
0.0 0.0 0.0
0.0 0.0 0.0
0.0 0.0 0.0
0.0 0.0 0.0
0.0 0.0 0.0
0.0 0.0 0.0
0.0 0.0 0.0
0.0 0.0 0.0
0.0 0.0 0.0
0.0 0.0 0.0
0.0 0.0 0.0
0.0 0.0 0.0
0.0 0.0 0.0
0.0 0.0 0.0
0.0 0.0 0.0
0.0 0.0 0.0
0.0 0.0 0.0
0.0 0.0 0.0
0.0 0.0 0.0
0.0 0.0 0.0
0.0 0.0 0.0
0.0 0.0 0.0
0.0 0.0 0.0
0.0 0.0 0.0
0.0 0.0 0.0
0.0 0.0 0.0
0.0 0.0 0.0
0.0 0.0 0.0
0.0 0.0 0.0
0.0 0.0 0.0
0.0 0.0 0.0
0.0 0.0 0.0
0.0 0.0 0.0
0.0 0.0 0.0
0.0 0.0 0.0
0.0 0.0 0.0
0.0 0.0 0.0
0.0 0.0 0.0
0.0 0.0 0.0
0.0 0.0 0.0
0.0 0.0 0.0
0.0 0.0 0.0
0.0 0.0 0.0
0.0 0.0 0.0
0.0 0.0 0.0
0.0 0.0 0.0
0.0 0.0 0.0
0.0 0.0 0.0
0.0 0.0 0.0
0.0 0.0 0.0
0.0 0.0 0.0
0.0 0.0 0.0
0.0 0.0 0.0
0.0 0.0 0.0
0.0 0.0 0.0
0.0 0.0 0.0
0.0 0.0 0.0
0.0 0.0 0.0
0.0 0.0 0.0
0.0 0.0 0.0
0.0 0.0 0.0
0.0 0.0 0.0
0.0 0.0 0.0
0.0 0.0 0.0
0.0 0.0 0.0
0.0 0.0 0.0
0.0 0.0 0.0
0.0 0.0 0.0
0.0 0.0 0.0
0.0 0.0 0.0
0.0 0.0 0.0
0.0 0.0 0.0
0.0 0.0 0.0
0.0 0.0 0.0
0.0 0.0 0.0
0.0 0.0 0.0
0.0 0.0 0.0
0.0 0.0 0.0
0.0 0.0 0.0
0.0 0.0 0.0
0.0 0.0 0.0
0.0 0.0 0.0
0.0 0.0 0.0
0.0 0.0 0.0
0.0 0.0 0.0
0.0 0.0 0.0
0.0 0.0 0.0
0.0 0.0 0.0
0.0 0.0 0.0
0.0 0.0 0.0
0.0 0.0 0.0
0.0 0.0 0.0
0.0 0.0 0.0
0.0 0.0 0.0
0.0 0.0 0.0
0.0 0.0 0.0
0.0 0.0 0.0
0.0 0.0 0.0
0.0 0.0 0.0
0.0 0.0 0.0
0.0 0.0 0.0
0.0 0.0 0.0
0.0 0.0 0.0
0.0 0.0 0.0
0.0 0.0 0.0
0.0 0.0 0.0
0.0 0.0 0.0
0.0 0.0 0.0
-17.188352584838867 26.820093154907227 -3.0810909271240234
0.0 0.0 0.0
0.0 0.0 0.0
0.0 0.0 0.0
0.0 0.0 0.0
-15.086268424987793 25.456979751586914 -3.3221752643585205
0.0 0.0 0.0
0.0 0.0 0.0
0.0 0.0 0.0
0.0 0.0 0.0
0.0 0.0 0.0
-12.89905071258545 24.01000213623047 -3.5391008853912354
0.0 0.0 0.0
0.0 0.0 0.0
-11.919716835021973 23.344478607177734 -3.6244771480560303
-11.663220405578613 23.24628448486328 -3.66915225982666
0.0 0.0 0.0
0.0 0.0 0.0
0.0 0.0 0.0
-10.507184028625488 22.482807159423828 -3.769740343093872
-10.301194190979004 22.448129653930664 -3.817897319793701
0.0 0.0 0.0
0.0 0.0 0.0
0.0 0.0 0.0
0.0 0.0 0.0
-8.918500900268555 21.375473022460938 -3.881408929824829
-8.760295867919922 21.422035217285156 -3.9373257160186768
0.0 0.0 0.0
0.0 0.0 0.0
-8.072379112243652 20.980953216552734 -3.9922263622283936
0.0 0.0 0.0
-7.648417949676514 20.742643356323242 -4.032942771911621
-7.478654861450195 20.725038528442383 -4.07216739654541
-7.203364372253418 20.405668258666992 -4.050675868988037
-7.029714107513428 20.363264083862305 -4.081730842590332
-6.890110969543457 20.41754913330078 -4.13223934173584
-6.647850036621094 20.169157028198242 -4.121862411499023
-6.516418933868408 20.24273109436035 -4.175915241241455
-6.302692890167236 20.056224822998047 -4.174064636230469
-6.095132350921631 19.878854751586914 -4.1735687255859375
-5.908073902130127 19.758317947387695 -4.184504985809326
-5.763542175292969 19.775829315185547 -4.224617004394531
-5.585386753082275 19.68293571472168 -4.2387471199035645
-5.420477390289307 19.62119483947754 -4.258774280548096
-5.235722541809082 19.480636596679688 -4.2614970207214355
-5.076537132263184 19.427213668823242 -4.283030986785889
-4.893317222595215 19.27301788330078 -4.279653072357178
-4.745830059051514 19.262409210205078 -4.307945728302002
-4.5950927734375 19.224205017089844 -4.329554557800293
-4.424307346343994 19.09566879272461 -4.330727577209473
-4.26299524307251 18.99968147277832 -4.337082386016846
-4.13063907623291 19.029356002807617 -4.3708720207214355
-3.9651756286621094 18.912994384765625 -4.371634006500244
-3.820568561553955 18.877077102661133 -4.390446186065674
-3.640165090560913 18.653562545776367 -4.363919734954834
-3.55068039894104 18.892810821533203 -4.4436211585998535
-3.380725860595703 18.70472526550293 -4.423072814941406
-3.22165584564209 18.575542449951172 -4.41664981842041
-3.086946487426758 18.565052032470703 -4.437126636505127
-2.944904327392578 18.50543785095215 -4.442927837371826
-2.80098819732666 18.42598533630371 -4.444000244140625
-2.670309543609619 18.428159713745117 -4.464861869812012
-2.53714919090271 18.410602569580078 -4.48101282119751
-2.3968772888183594 18.3518009185791 -4.4834136962890625
-2.260310173034668 18.295528411865234 -4.486233711242676
-2.11924147605896 18.193044662475586 -4.4777936935424805
-1.990576148033142 18.187562942504883 -4.493310928344727
-1.8678869009017944 18.238584518432617 -4.519477844238281
-1.7358859777450562 18.221094131469727 -4.5284810066223145
-1.604019284248352 18.176088333129883 -4.5305914878845215
-1.4726896286010742 18.126361846923828 -4.531649589538574
-1.349076271057129 18.170907974243164 -4.553399562835693
-1.2204275131225586 18.146886825561523 -4.556709289550781
-1.0854835510253906 18.050195693969727 -4.542104244232178
-0.9647804498672485 18.14915657043457 -4.576773166656494
-0.8357272744178772 18.096527099609375 -4.570987701416016
-0.7075231671333313 18.039751052856445 -4.562010288238525
-0.5806285738945007 18.001005172729492 -4.557788372039795
-0.4563182592391968 18.124168395996094 -4.594907283782959
-0.3286468982696533 18.038623809814453 -4.577586650848389
-0.20299597084522247 18.021053314208984 -4.5747151374816895
-0.07742571830749512 17.991249084472656 -4.568957328796387
0.04790043458342552 18.077939987182617 -4.593008995056152
0.17387443780899048 18.092031478881836 -4.597957611083984
0.30060189962387085 18.011531829833984 -4.575085639953613
0.42828184366226196 18.11186981201172 -4.598411560058594
0.5552870035171509 18.1431827545166 -4.604419708251953
0.6806098818778992 18.11309051513672 -4.594936847686768
0.8081378936767578 18.14375114440918 -4.596525192260742
0.9380441308021545 18.16965103149414 -4.597011089324951
1.06690514087677 18.20606231689453 -4.600457668304443
1.1950783729553223 18.22266387939453 -4.599100589752197
1.324724555015564 18.25441551208496 -4.597782611846924
1.4506990909576416 18.232511520385742 -4.582534313201904
1.5944008827209473 18.39081382751465 -4.612552642822266
1.7190250158309937 18.344411849975586 -4.591557502746582
1.8499008417129517 18.365781784057617 -4.584592342376709
1.9889864921569824 18.45816421508789 -4.594099521636963
2.11517596244812 18.425180435180664 -4.572569847106934
2.252798080444336 18.470195770263672 -4.570376873016357
2.399738311767578 18.597694396972656 -4.586715221405029
2.5404250621795654 18.66437530517578 -4.586084365844727
2.677989959716797 18.699935913085938 -4.577897071838379
2.809826374053955 18.69319725036621 -4.559544563293457
2.9552783966064453 18.77210807800293 -4.5609049797058105
3.0927510261535645 18.77903175354004 -4.541709899902344
3.2550058364868164 18.942569732666016 -4.560786724090576
3.4017484188079834 19.003767013549805 -4.555146217346191
3.559157133102417 19.116315841674805 -4.561339855194092
3.6998801231384277 19.131242752075195 -4.540816307067871
3.855374574661255 19.204450607299805 -4.533763408660889
4.017420291900635 19.314088821411133 -4.535686492919922
4.180386066436768 19.418720245361328 -4.536339282989502
4.346080303192139 19.526447296142578 -4.534317970275879
4.526167869567871 19.68863868713379 -4.544501304626465
4.675294876098633 19.696773529052734 -4.518528461456299
4.8175883293151855 19.68572998046875 -4.488834381103516
5.004791736602783 19.851686477661133 -4.497060775756836
5.1725358963012695 19.931278228759766 -4.484611988067627
0.0 0.0 0.0
5.525589942932129 20.126371383666992 -4.466850280761719
5.742193222045898 20.360239028930664 -4.486476421356201
5.882857322692871 20.317039489746094 -4.44340181350708
6.092728137969971 20.507442474365234 -4.451324462890625
6.27225923538208 20.58616828918457 -4.434639930725098
6.465970516204834 20.695844650268555 -4.422865867614746
6.668517589569092 20.834030151367188 -4.415427207946777
6.912687301635742 21.090572357177734 -4.432460784912109
7.068317413330078 21.06869888305664 -4.390610694885254
7.289655685424805 21.23792839050293 -4.388125419616699
7.491592884063721 21.340255737304688 -4.368977069854736
7.71860408782959 21.497846603393555 -4.360037803649902
7.990638732910156 21.776641845703125 -4.375579833984375
8.171128273010254 21.797588348388672 -4.338835716247559
8.43432903289795 22.03285789489746 -4.341987609863281
8.649626731872559 22.133140563964844 -4.317830562591553
8.899430274963379 22.30556869506836 -4.30644416809082
9.17832088470459 22.54783821105957 -4.308499813079834
9.419838905334473 22.688230514526367 -4.288326263427734
9.628007888793945 22.74125862121582 -4.250851631164551
9.866350173950195 22.85962677001953 -4.22520637512207
10.226202964782715 23.239139556884766 -4.245862007141113
10.474944114685059 23.36334991455078 -4.21798849105835
10.782169342041016 23.607980728149414 -4.210496425628662
11.075614929199219 23.811019897460938 -4.194479465484619
11.416855812072754 24.10540771484375 -4.193431377410889
11.706999778747559 24.27371597290039 -4.16656494140625
11.990702629089355 24.426467895507812 -4.136469841003418
0.0 0.0 0.0
12.653541564941406 24.89598274230957 -4.100830078125
13.026183128356934 25.194719314575195 -4.089661121368408
0.0 0.0 0.0
13.717366218566895 25.642019271850586 -4.036541938781738
14.102071762084961 25.925731658935547 -4.017893314361572
14.531763076782227 26.28079605102539 -4.006030559539795
14.921915054321289 26.5500431060791 -3.9791059494018555
0.0 0.0 0.0
15.866697311401367 27.32936668395996 -3.953077793121338
0.0 0.0 0.0
0.0 0.0 0.0
0.0 0.0 0.0
0.0 0.0 0.0
0.0 0.0 0.0
0.0 0.0 0.0
0.0 0.0 0.0
0.0 0.0 0.0
0.0 0.0 0.0
0.0 0.0 0.0
0.0 0.0 0.0
0.0 0.0 0.0
0.0 0.0 0.0
0.0 0.0 0.0
0.0 0.0 0.0
0.0 0.0 0.0
0.0 0.0 0.0
0.0 0.0 0.0
0.0 0.0 0.0
0.0 0.0 0.0
0.0 0.0 0.0
0.0 0.0 0.0
0.0 0.0 0.0
0.0 0.0 0.0
0.0 0.0 0.0
0.0 0.0 0.0
0.0 0.0 0.0
0.0 0.0 0.0
0.0 0.0 0.0
0.0 0.0 0.0
0.0 0.0 0.0
0.0 0.0 0.0
0.0 0.0 0.0
0.0 0.0 0.0
0.0 0.0 0.0
0.0 0.0 0.0
0.0 0.0 0.0
0.0 0.0 0.0
0.0 0.0 0.0
0.0 0.0 0.0
0.0 0.0 0.0
0.0 0.0 0.0
0.0 0.0 0.0
0.0 0.0 0.0
0.0 0.0 0.0
0.0 0.0 0.0
0.0 0.0 0.0
0.0 0.0 0.0
0.0 0.0 0.0
0.0 0.0 0.0
0.0 0.0 0.0
0.0 0.0 0.0
0.0 0.0 0.0
0.0 0.0 0.0
0.0 0.0 0.0
0.0 0.0 0.0
0.0 0.0 0.0
0.0 0.0 0.0
0.0 0.0 0.0
0.0 0.0 0.0
0.0 0.0 0.0
0.0 0.0 0.0
0.0 0.0 0.0
0.0 0.0 0.0
0.0 0.0 0.0
0.0 0.0 0.0
0.0 0.0 0.0
0.0 0.0 0.0
0.0 0.0 0.0
0.0 0.0 0.0
0.0 0.0 0.0
0.0 0.0 0.0
0.0 0.0 0.0
0.0 0.0 0.0
0.0 0.0 0.0
0.0 0.0 0.0
0.0 0.0 0.0
0.0 0.0 0.0
0.0 0.0 0.0
0.0 0.0 0.0
0.0 0.0 0.0
0.0 0.0 0.0
0.0 0.0 0.0
0.0 0.0 0.0
0.0 0.0 0.0
0.0 0.0 0.0
0.0 0.0 0.0
0.0 0.0 0.0
0.0 0.0 0.0
0.0 0.0 0.0
0.0 0.0 0.0
0.0 0.0 0.0
0.0 0.0 0.0
0.0 0.0 0.0
0.0 0.0 0.0
0.0 0.0 0.0
0.0 0.0 0.0
0.0 0.0 0.0
0.0 0.0 0.0
0.0 0.0 0.0
0.0 0.0 0.0
0.0 0.0 0.0
0.0 0.0 0.0
0.0 0.0 0.0
0.0 0.0 0.0
0.0 0.0 0.0
0.0 0.0 0.0
0.0 0.0 0.0
0.0 0.0 0.0
0.0 0.0 0.0
0.0 0.0 0.0
0.0 0.0 0.0
0.0 0.0 0.0
0.0 0.0 0.0
0.0 0.0 0.0
0.0 0.0 0.0
0.0 0.0 0.0
0.0 0.0 0.0
0.0 0.0 0.0
0.0 0.0 0.0
0.0 0.0 0.0
0.0 0.0 0.0
0.0 0.0 0.0
0.0 0.0 0.0
0.0 0.0 0.0
0.0 0.0 0.0
0.0 0.0 0.0
0.0 0.0 0.0
0.0 0.0 0.0
0.0 0.0 0.0
0.0 0.0 0.0
0.0 0.0 0.0
0.0 0.0 0.0
0.0 0.0 0.0
0.0 0.0 0.0
0.0 0.0 0.0
0.0 0.0 0.0
0.0 0.0 0.0
0.0 0.0 0.0
0.0 0.0 0.0
0.0 0.0 0.0
0.0 0.0 0.0
0.0 0.0 0.0
0.0 0.0 0.0
0.0 0.0 0.0
0.0 0.0 0.0
0.0 0.0 0.0
0.0 0.0 0.0
0.0 0.0 0.0
0.0 0.0 0.0
0.0 0.0 0.0
0.0 0.0 0.0
0.0 0.0 0.0
0.0 0.0 0.0
0.0 0.0 0.0
0.0 0.0 0.0
0.0 0.0 0.0
0.0 0.0 0.0
0.0 0.0 0.0
0.0 0.0 0.0
0.0 0.0 0.0
0.0 0.0 0.0
0.0 0.0 0.0
0.0 0.0 0.0
0.0 0.0 0.0
0.0 0.0 0.0
0.0 0.0 0.0
0.0 0.0 0.0
0.0 0.0 0.0
0.0 0.0 0.0
0.0 0.0 0.0
0.0 0.0 0.0
0.0 0.0 0.0
0.0 0.0 0.0
0.0 0.0 0.0
0.0 0.0 0.0
0.0 0.0 0.0
0.0 0.0 0.0
0.0 0.0 0.0
0.0 0.0 0.0
0.0 0.0 0.0
0.0 0.0 0.0
0.0 0.0 0.0
0.0 0.0 0.0
0.0 0.0 0.0
0.0 0.0 0.0
0.0 0.0 0.0
0.0 0.0 0.0
0.0 0.0 0.0
0.0 0.0 0.0
0.0 0.0 0.0
0.0 0.0 0.0
0.0 0.0 0.0
0.0 0.0 0.0
0.0 0.0 0.0
0.0 0.0 0.0
0.0 0.0 0.0
0.0 0.0 0.0
0.0 0.0 0.0
0.0 0.0 0.0
0.0 0.0 0.0
0.0 0.0 0.0
0.0 0.0 0.0
0.0 0.0 0.0
0.0 0.0 0.0
0.0 0.0 0.0
0.0 0.0 0.0
-16.03223419189453 26.005538940429688 -3.175041913986206
0.0 0.0 0.0
0.0 0.0 0.0
0.0 0.0 0.0
0.0 0.0 0.0
0.0 0.0 0.0
0.0 0.0 0.0
0.0 0.0 0.0
-13.116022109985352 24.2060546875 -3.5094616413116455
-12.900419235229492 24.20949935913086 -3.5748748779296875
0.0 0.0 0.0
0.0 0.0 0.0
0.0 0.0 0.0
-11.483528137207031 23.084062576293945 -3.6451785564422607
0.0 0.0 0.0
0.0 0.0 0.0
-10.6835298538208 22.6575984954834 -3.7428948879241943
-10.433442115783691 22.533424377441406 -3.7764060497283936
0.0 0.0 0.0
-10.015015602111816 22.44382667541504 -3.8644604682922363
0.0 0.0 0.0
0.0 0.0 0.0
-9.12411117553711 21.65943717956543 -3.8764307498931885
-8.900187492370605 21.54638671875 -3.9031176567077637
0.0 0.0 0.0
-8.48533821105957 21.382186889648438 -3.9663310050964355
-8.255029678344727 21.23925018310547 -3.9844374656677246
0.0 0.0 0.0
-7.775295257568359 20.858797073364258 -3.999072313308716
0.0 0.0 0.0
-7.430271148681641 20.81378173828125 -4.074045181274414
-7.165523052215576 20.530941009521484 -4.059380531311035
0.0 0.0 0.0
0.0 0.0 0.0
-6.580634593963623 20.201881408691406 -4.110461235046387
0.0 0.0 0.0
-6.220464706420898 20.03684425354004 -4.149986743927002
-6.041875839233398 19.9581241607666 -4.170821666717529
-5.870184898376465 19.888748168945312 -4.191133975982666
-5.716650009155273 19.877025604248047 -4.222498893737793
-5.493388652801514 19.61358070373535 -4.200022220611572
-5.354578495025635 19.643333435058594 -4.240039348602295
-5.186887264251709 19.5729923248291 -4.257757186889648
-5.028535842895508 19.523374557495117 -4.277614116668701
-4.863711357116699 19.442859649658203 -4.290622711181641
-4.703860759735107 19.375858306884766 -4.306512355804443
-4.572303295135498 19.42290687561035 -4.347147464752197
-4.378664970397949 19.20954704284668 -4.327260971069336
-4.203854560852051 19.053741455078125 -4.319465160369873
-4.07758092880249 19.112781524658203 -4.360386848449707
-3.9060606956481934 18.95442008972168 -4.351678848266602
-3.7512621879577637 18.866405487060547 -4.355449676513672
-3.620588779449463 18.908445358276367 -4.389786243438721
-3.470494031906128 18.833133697509766 -4.396571636199951
-3.3217666149139404 18.756656646728516 -4.403034210205078
-3.1633973121643066 18.615982055664062 -4.391238689422607
-3.0353236198425293 18.64693260192871 -4.419241905212402
-2.8865084648132324 18.560745239257812 -4.419978618621826
-2.7671937942504883 18.64613151550293 -4.461362838745117
-2.621222734451294 18.55063247680664 -4.4571943283081055
-2.48290753364563 18.499574661254883 -4.462169647216797
-2.3415985107421875 18.4173641204834 -4.459699630737305
-2.205948829650879 18.371824264526367 -4.466203689575195
-2.0681729316711426 18.31831932067871 -4.469376087188721
-1.9406498670578003 18.332157135009766 -4.48637580871582
-1.812659740447998 18.34131622314453 -4.5024518966674805
-1.6787384748458862 18.285341262817383 -4.502708911895752
-1.5444636344909668 18.213510513305664 -4.498215198516846
-1.4181989431381226 18.25884246826172 -4.519595146179199
-1.286157250404358 18.197265625 -4.514537334442139
-1.1626198291778564 18.255828857421875 -4.539507865905762
-1.0341774225234985 18.237876892089844 -4.545494556427002
-0.9017677903175354 18.133018493652344 -4.525445938110352
-0.7733141183853149 18.13709259033203 -4.532881259918213
-0.6504744291305542 18.234886169433594 -4.5638813972473145
-0.5233750343322754 18.229555130004883 -4.569324493408203
-0.3943561315536499 18.13336944580078 -4.548198223114014
-0.2690308094024658 18.184179306030273 -4.563521385192871
-0.14037953317165375 18.18486785888672 -4.5665459632873535
-0.01388926338404417 18.23390769958496 -4.58189582824707
0.11277133226394653 18.199506759643555 -4.573172569274902
0.23957470059394836 18.221405029296875 -4.577327251434326
0.36486056447029114 18.151508331298828 -4.558647155761719
0.4928029477596283 18.209516525268555 -4.572310447692871
0.6253162622451782 18.31255531311035 -4.595109462738037
0.7519594430923462 18.29030418395996 -4.5844831466674805
0.8808711767196655 18.320167541503906 -4.587136268615723
1.009475827217102 18.33777618408203 -4.5869340896606445
1.132237434387207 18.252696990966797 -4.559743881225586
1.2660763263702393 18.311119079589844 -4.565273761749268
1.4044264554977417 18.44809341430664 -4.59067964553833
1.5307438373565674 18.41400146484375 -4.57367467880249
1.6590814590454102 18.405620574951172 -4.562649726867676
1.79984712600708 18.525577545166016 -4.579792499542236
1.9402235746383667 18.602828979492188 -4.586246967315674
2.0837905406951904 18.71693229675293 -4.602080821990967
2.2161033153533936 18.720666885375977 -4.590909481048584
2.3476791381835938 18.71685791015625 -4.574034214019775
2.485945224761963 18.76107406616211 -4.568853378295898
2.6245274543762207 18.78523826599121 -4.55866813659668
2.7557036876678467 18.77105140686035 -4.539651870727539
2.9112741947174072 18.914384841918945 -4.555566787719727
3.055046319961548 18.970439910888672 -4.549431800842285
3.1953256130218506 18.999170303344727 -4.53684663772583
3.349287986755371 19.101787567138672 -4.541959762573242
3.498544454574585 19.154661178588867 -4.532843112945557
3.6593704223632812 19.274375915527344 -4.538160800933838
3.8102643489837646 19.333059310913086 -4.5290751457214355
3.9667303562164307 19.412973403930664 -4.524975299835205
4.124444484710693 19.491939544677734 -4.519439220428467
4.284861087799072 19.566116333007812 -4.509912967681885
4.451769828796387 19.672882080078125 -4.5082621574401855
4.60823392868042 19.726318359375 -4.4943366050720215
4.7781758308410645 19.83053207397461 -4.491547107696533
4.940971374511719 19.89687728881836 -4.477170944213867
5.131758689880371 20.057641983032227 -4.483383655548096
5.269343852996826 20.014108657836914 -4.444364070892334
0.0 0.0 0.0
5.657922744750977 20.337053298950195 -4.454104900360107
5.84554386138916 20.459619522094727 -4.4482011795043945
6.036533832550049 20.57635498046875 -4.440211772918701
6.200541973114014 20.604103088378906 -4.413455486297607
6.430873394012451 20.843048095703125 -4.429609775543213
6.576324939727783 20.798826217651367 -4.384436130523682
6.832249164581299 21.096153259277344 -4.410956859588623
7.044593334197998 21.245529174804688 -4.40582799911499
7.244440078735352 21.34181785583496 -4.387435436248779
7.407080173492432 21.33221435546875 -4.346505641937256
7.645663261413574 21.534669876098633 -4.348493576049805
7.893840789794922 21.75301742553711 -4.353023052215576
8.09350299835205 21.82874870300293 -4.327653884887695
8.358664512634277 22.063858032226562 -4.3308844566345215
8.547317504882812 22.096515655517578 -4.294587135314941
8.817301750183105 22.33142852783203 -4.297104358673096
9.092269897460938 22.567472457885742 -4.298499584197998
9.30273723602295 22.633764266967773 -4.264924049377441
9.581554412841797 22.84979820251465 -4.25811767578125
9.835168838500977 23.003990173339844 -4.239863872528076
10.122060775756836 23.226531982421875 -4.233161926269531
10.431488990783691 23.488832473754883 -4.2306599617004395
10.733978271484375 23.72346305847168 -4.222054481506348
11.010907173156738 23.88387680053711 -4.198447227478027
11.270977020263672 24.00802230834961 -4.168516159057617
11.518473625183105 24.098617553710938 -4.130214691162109
11.858991622924805 24.37442398071289 -4.122725486755371
0.0 0.0 0.0
0.0 0.0 0.0
12.88886833190918 25.13860321044922 -4.077830791473389
13.336490631103516 25.57195472717285 -4.087328910827637
0.0 0.0 0.0
14.037954330444336 26.029436111450195 -4.03568696975708
0.0 0.0 0.0
14.828422546386719 26.592012405395508 -3.988053321838379
15.230791091918945 26.871244430541992 -3.9620251655578613
0.0 0.0 0.0
0.0 0.0 0.0
16.594207763671875 27.905353546142578 -3.89388108253479
0.0 0.0 0.0
0.0 0.0 0.0
0.0 0.0 0.0
0.0 0.0 0.0
0.0 0.0 0.0
0.0 0.0 0.0
0.0 0.0 0.0
0.0 0.0 0.0
0.0 0.0 0.0
0.0 0.0 0.0
0.0 0.0 0.0
0.0 0.0 0.0
0.0 0.0 0.0
0.0 0.0 0.0
0.0 0.0 0.0
0.0 0.0 0.0
0.0 0.0 0.0
0.0 0.0 0.0
0.0 0.0 0.0
0.0 0.0 0.0
0.0 0.0 0.0
0.0 0.0 0.0
0.0 0.0 0.0
0.0 0.0 0.0
0.0 0.0 0.0
0.0 0.0 0.0
0.0 0.0 0.0
0.0 0.0 0.0
0.0 0.0 0.0
0.0 0.0 0.0
0.0 0.0 0.0
0.0 0.0 0.0
0.0 0.0 0.0
0.0 0.0 0.0
0.0 0.0 0.0
0.0 0.0 0.0
0.0 0.0 0.0
0.0 0.0 0.0
0.0 0.0 0.0
0.0 0.0 0.0
0.0 0.0 0.0
0.0 0.0 0.0
0.0 0.0 0.0
0.0 0.0 0.0
0.0 0.0 0.0
0.0 0.0 0.0
0.0 0.0 0.0
0.0 0.0 0.0
0.0 0.0 0.0
0.0 0.0 0.0
0.0 0.0 0.0
0.0 0.0 0.0
0.0 0.0 0.0
0.0 0.0 0.0
0.0 0.0 0.0
0.0 0.0 0.0
0.0 0.0 0.0
0.0 0.0 0.0
0.0 0.0 0.0
0.0 0.0 0.0
0.0 0.0 0.0
0.0 0.0 0.0
0.0 0.0 0.0
0.0 0.0 0.0
0.0 0.0 0.0
0.0 0.0 0.0
0.0 0.0 0.0
0.0 0.0 0.0
0.0 0.0 0.0
0.0 0.0 0.0
0.0 0.0 0.0
0.0 0.0 0.0
0.0 0.0 0.0
0.0 0.0 0.0
0.0 0.0 0.0
0.0 0.0 0.0
0.0 0.0 0.0
0.0 0.0 0.0
0.0 0.0 0.0
0.0 0.0 0.0
0.0 0.0 0.0
0.0 0.0 0.0
0.0 0.0 0.0
0.0 0.0 0.0
0.0 0.0 0.0
0.0 0.0 0.0
0.0 0.0 0.0
0.0 0.0 0.0
0.0 0.0 0.0
0.0 0.0 0.0
0.0 0.0 0.0
0.0 0.0 0.0
0.0 0.0 0.0
0.0 0.0 0.0
0.0 0.0 0.0
0.0 0.0 0.0
0.0 0.0 0.0
0.0 0.0 0.0
0.0 0.0 0.0
0.0 0.0 0.0
0.0 0.0 0.0
0.0 0.0 0.0
0.0 0.0 0.0
0.0 0.0 0.0
0.0 0.0 0.0
0.0 0.0 0.0
0.0 0.0 0.0
0.0 0.0 0.0
0.0 0.0 0.0
0.0 0.0 0.0
0.0 0.0 0.0
0.0 0.0 0.0
0.0 0.0 0.0
0.0 0.0 0.0
0.0 0.0 0.0
0.0 0.0 0.0
0.0 0.0 0.0
0.0 0.0 0.0
0.0 0.0 0.0
0.0 0.0 0.0
0.0 0.0 0.0
0.0 0.0 0.0
0.0 0.0 0.0
0.0 0.0 0.0
0.0 0.0 0.0
0.0 0.0 0.0
0.0 0.0 0.0
0.0 0.0 0.0
0.0 0.0 0.0
0.0 0.0 0.0
0.0 0.0 0.0
0.0 0.0 0.0
0.0 0.0 0.0
0.0 0.0 0.0
0.0 0.0 0.0
0.0 0.0 0.0
0.0 0.0 0.0
0.0 0.0 0.0
0.0 0.0 0.0
0.0 0.0 0.0
0.0 0.0 0.0
0.0 0.0 0.0
0.0 0.0 0.0
0.0 0.0 0.0
0.0 0.0 0.0
0.0 0.0 0.0
0.0 0.0 0.0
0.0 0.0 0.0
0.0 0.0 0.0
0.0 0.0 0.0
0.0 0.0 0.0
0.0 0.0 0.0
0.0 0.0 0.0
0.0 0.0 0.0
0.0 0.0 0.0
0.0 0.0 0.0
0.0 0.0 0.0
0.0 0.0 0.0
0.0 0.0 0.0
0.0 0.0 0.0
0.0 0.0 0.0
0.0 0.0 0.0
0.0 0.0 0.0
0.0 0.0 0.0
0.0 0.0 0.0
0.0 0.0 0.0
0.0 0.0 0.0
0.0 0.0 0.0
0.0 0.0 0.0
0.0 0.0 0.0
0.0 0.0 0.0
0.0 0.0 0.0
0.0 0.0 0.0
0.0 0.0 0.0
0.0 0.0 0.0
0.0 0.0 0.0
0.0 0.0 0.0
0.0 0.0 0.0
0.0 0.0 0.0
0.0 0.0 0.0
0.0 0.0 0.0
0.0 0.0 0.0
0.0 0.0 0.0
0.0 0.0 0.0
0.0 0.0 0.0
0.0 0.0 0.0
0.0 0.0 0.0
0.0 0.0 0.0
0.0 0.0 0.0
0.0 0.0 0.0
0.0 0.0 0.0
0.0 0.0 0.0
0.0 0.0 0.0
0.0 0.0 0.0
0.0 0.0 0.0
-21.302837371826172 29.905431747436523 -2.648491144180298
0.0 0.0 0.0
0.0 0.0 0.0
0.0 0.0 0.0
0.0 0.0 0.0
0.0 0.0 0.0
-17.895219802856445 27.491037368774414 -3.0232691764831543
0.0 0.0 0.0
0.0 0.0 0.0
0.0 0.0 0.0
-16.043954849243164 26.223896026611328 -3.215040922164917
0.0 0.0 0.0
0.0 0.0 0.0
0.0 0.0 0.0
0.0 0.0 0.0
0.0 0.0 0.0
0.0 0.0 0.0
0.0 0.0 0.0
-13.097939491271973 24.377365112304688 -3.5370733737945557
0.0 0.0 0.0
0.0 0.0 0.0
0.0 0.0 0.0
0.0 0.0 0.0
0.0 0.0 0.0
0.0 0.0 0.0
-10.885782241821289 22.876033782958984 -3.718446731567383
-10.551614761352539 22.578800201416016 -3.723142385482788
-10.312662124633789 22.474754333496094 -3.7577269077301025
-10.058540344238281 22.337888717651367 -3.7870895862579346
-9.817533493041992 22.21515464782715 -3.817237377166748
-9.57571029663086 22.083332061767578 -3.843541383743286
0.0 0.0 0.0
0.0 0.0 0.0
-8.83449649810791 21.603670120239258 -3.90140700340271
-8.584603309631348 21.41649055480957 -3.912578821182251
-8.388668060302734 21.35602378845215 -3.9455060958862305
0.0 0.0 0.0
-7.937105655670166 21.060712814331055 -3.977578639984131
-7.753842353820801 21.024782180786133 -4.013741493225098
0.0 0.0 0.0
-7.371061325073242 20.87822151184082 -4.067531108856201
0.0 0.0 0.0
-6.906387805938721 20.467138290405273 -4.066828727722168
0.0 0.0 0.0
-6.553539276123047 20.36309051513672 -4.121734619140625
-6.363835334777832 20.25733184814453 -4.1377129554748535
-6.188455104827881 20.19034194946289 -4.160703182220459
-6.00283670425415 20.081796646118164 -4.172650337219238
-5.826685428619385 19.997392654418945 -4.189338684082031
-5.670378684997559 19.985742568969727 -4.221818447113037
-5.49258279800415 19.883798599243164 -4.234435558319092
-5.2864460945129395 19.67022132873535 -4.220003604888916
-5.15139627456665 19.713790893554688 -4.260555744171143
-4.9641008377075195 19.552635192871094 -4.256831169128418
-4.786149978637695 19.427446365356445 -4.261131286621094
-4.642961502075195 19.427162170410156 -4.289564609527588
-4.481035232543945 19.34408950805664 -4.299178600311279
-4.327322959899902 19.28949546813965 -4.315036773681641
-4.163259506225586 19.181514739990234 -4.318861961364746
-4.001711368560791 19.087980270385742 -4.324159622192383
-3.863672971725464 19.09026527404785 -4.349354267120361
-3.7024314403533936 18.97182846069336 -4.347054958343506
-3.559925079345703 18.941991806030273 -4.365027904510498
-3.4284005165100098 18.967575073242188 -4.3944854736328125
-3.2669625282287598 18.83546257019043 -4.385557651519775
-3.1349081993103027 18.851978302001953 -4.410898685455322
-2.9740700721740723 18.687166213989258 -4.39382266998291
-2.836183786392212 18.656658172607422 -4.40762186050415
-2.69746732711792 18.61455535888672 -4.415486812591553
-2.561033010482788 18.58272933959961 -4.42590856552124
-2.4233360290527344 18.55389404296875 -4.437501430511475
-2.2967488765716553 18.59173583984375 -4.464940071105957
-2.1559667587280273 18.50882911682129 -4.45944356918335
-2.0188052654266357 18.447589874267578 -4.459127426147461
-1.8866063356399536 18.423126220703125 -4.467819690704346
-1.7527689933776855 18.40165138244629 -4.47768497467041
-1.6245002746582031 18.410078048706055 -4.491390705108643
-1.492435336112976 18.37244987487793 -4.493040561676025
-1.3682769536972046 18.432268142700195 -4.518744945526123
-1.236739158630371 18.392805099487305 -4.5203328132629395
-1.1038748025894165 18.356887817382812 -4.520513534545898
-0.9744197130203247 18.331775665283203 -4.52137565612793
-0.8492166996002197 18.38909912109375 -4.54279899597168
-0.7182108759880066 18.31671905517578 -4.532390594482422
-0.5912278890609741 18.334762573242188 -4.542893886566162
-0.4619475305080414 18.352622985839844 -4.550778388977051
-0.33328571915626526 18.30510711669922 -4.542613506317139
-0.20573990046977997 18.283231735229492 -4.541013240814209
-0.07879361510276794 18.325115203857422 -4.554622173309326
0.048946868628263474 18.40114402770996 -4.573036193847656
0.176877960562706 18.400466918945312 -4.572606563568115
0.3059498369693756 18.33063507080078 -4.555214881896973
0.43594038486480713 18.43049430847168 -4.580216884613037
0.5636961460113525 18.413047790527344 -4.571659564971924
0.6926549077033997 18.4326114654541 -4.572475910186768
0.8190444111824036 18.38687515258789 -4.557319641113281
0.9520621299743652 18.438636779785156 -4.566488265991211
1.0821559429168701 18.46392059326172 -4.565617561340332
1.2134320735931396 18.499853134155273 -4.566653251647949
1.3466335535049438 18.553773880004883 -4.572307109832764
1.4750916957855225 18.538677215576172 -4.561161041259766
1.6101481914520264 18.57229232788086 -4.559326648712158
1.745538592338562 18.628183364868164 -4.561496734619141
1.880780816078186 18.671756744384766 -4.560788631439209
2.0271518230438232 18.812509536743164 -4.583928108215332
2.156651496887207 18.786556243896484 -4.564891338348389
2.2956643104553223 18.820398330688477 -4.557687282562256
2.429497003555298 18.827070236206055 -4.544346809387207
2.5799319744110107 18.95326042175293 -4.559953689575195
2.720456600189209 18.99570655822754 -4.554712295532227
2.8674933910369873 19.075450897216797 -4.555152416229248
3.012085437774658 19.131568908691406 -4.5500311851501465
3.14703106880188 19.10748863220215 -4.525670051574707
3.285823345184326 19.120243072509766 -4.510565280914307
3.4688520431518555 19.37628936767578 -4.548922061920166
3.6136741638183594 19.406312942504883 -4.533987045288086
3.7525713443756104 19.40160369873047 -4.511086940765381
3.928370475769043 19.567319869995117 -4.527442455291748
4.055677890777588 19.49750328063965 -4.486953258514404
4.248041152954102 19.732561111450195 -4.5156636238098145
4.3899006843566895 19.724082946777344 -4.488541126251221
4.546514511108398 19.777721405029297 -4.475632190704346
4.740004062652588 19.971155166625977 -4.491949558258057
4.882567882537842 19.952354431152344 -4.459230422973633
5.091214179992676 20.19542121887207 -4.484894275665283
5.235381603240967 20.17414093017578 -4.451681613922119
0.0 0.0 0.0
5.584127426147461 20.33868408203125 -4.426239013671875
5.799203395843506 20.561050415039062 -4.442801475524902
5.990159511566162 20.685935974121094 -4.437851428985596
6.173305988311768 20.7762393951416 -4.42503547668457
6.359240531921387 20.869173049926758 -4.409976482391357
6.565423965454102 21.01105499267578 -4.404344081878662
6.791130542755127 21.213850021362305 -4.41162633895874
6.959106922149658 21.22884178161621 -4.379584312438965
7.175203323364258 21.38473129272461 -4.374027729034424
7.388763427734375 21.52426528930664 -4.364394187927246
7.603512763977051 21.658241271972656 -4.353175640106201
7.826979160308838 21.800376892089844 -4.342523097991943
8.033075332641602 21.894731521606445 -4.320828437805176
0.0 0.0 0.0
8.496172904968262 22.196582794189453 -4.296796798706055
8.765691757202148 22.432106018066406 -4.3002119064331055
9.024613380432129 22.621498107910156 -4.291876316070557
9.262372016906738 22.75602149963379 -4.272101879119873
9.507043838500977 22.89896011352539 -4.253303527832031
9.764512062072754 23.064512252807617 -4.238124370574951
10.061230659484863 23.312774658203125 -4.236312389373779
10.399449348449707 23.634693145751953 -4.24444580078125
10.582106590270996 23.60240936279297 -4.189154624938965
10.923428535461426 23.915990829467773 -4.194600582122803
11.236720085144043 24.15644645690918 -4.185166835784912
11.44353199005127 24.160114288330078 -4.132709503173828
11.793066024780273 24.449462890625 -4.127463340759277
12.134116172790527 24.715646743774414 -4.117869853973389
0.0 0.0 0.0
12.779304504394531 25.14193344116211 -4.074301719665527
0.0 0.0 0.0
13.44453239440918 25.565446853637695 -4.024303913116455
0.0 0.0 0.0
0.0 0.0 0.0
14.669151306152344 26.528257369995117 -3.9812493324279785
0.0 0.0 0.0
15.592756271362305 27.295421600341797 -3.9592933654785156
0.0 0.0 0.0
0.0 0.0 0.0
0.0 0.0 0.0
17.46030044555664 28.67479133605957 -3.8547332286834717
0.0 0.0 0.0
0.0 0.0 0.0
0.0 0.0 0.0
0.0 0.0 0.0
0.0 0.0 0.0
0.0 0.0 0.0
0.0 0.0 0.0
0.0 0.0 0.0
0.0 0.0 0.0
0.0 0.0 0.0
0.0 0.0 0.0
0.0 0.0 0.0
0.0 0.0 0.0
0.0 0.0 0.0
0.0 0.0 0.0
0.0 0.0 0.0
0.0 0.0 0.0
0.0 0.0 0.0
0.0 0.0 0.0
0.0 0.0 0.0
0.0 0.0 0.0
0.0 0.0 0.0
0.0 0.0 0.0
0.0 0.0 0.0
0.0 0.0 0.0
0.0 0.0 0.0
0.0 0.0 0.0
0.0 0.0 0.0
0.0 0.0 0.0
0.0 0.0 0.0
0.0 0.0 0.0
0.0 0.0 0.0
0.0 0.0 0.0
0.0 0.0 0.0
0.0 0.0 0.0
0.0 0.0 0.0
0.0 0.0 0.0
0.0 0.0 0.0
0.0 0.0 0.0
0.0 0.0 0.0
0.0 0.0 0.0
0.0 0.0 0.0
0.0 0.0 0.0
0.0 0.0 0.0
0.0 0.0 0.0
0.0 0.0 0.0
0.0 0.0 0.0
0.0 0.0 0.0
0.0 0.0 0.0
0.0 0.0 0.0
0.0 0.0 0.0
0.0 0.0 0.0
0.0 0.0 0.0
0.0 0.0 0.0
0.0 0.0 0.0
0.0 0.0 0.0
0.0 0.0 0.0
0.0 0.0 0.0
0.0 0.0 0.0
0.0 0.0 0.0
0.0 0.0 0.0
0.0 0.0 0.0
0.0 0.0 0.0
0.0 0.0 0.0
0.0 0.0 0.0
0.0 0.0 0.0
0.0 0.0 0.0
0.0 0.0 0.0
0.0 0.0 0.0
0.0 0.0 0.0
0.0 0.0 0.0
0.0 0.0 0.0
0.0 0.0 0.0
0.0 0.0 0.0
0.0 0.0 0.0
0.0 0.0 0.0
0.0 0.0 0.0
0.0 0.0 0.0
0.0 0.0 0.0
0.0 0.0 0.0
0.0 0.0 0.0
0.0 0.0 0.0
0.0 0.0 0.0
0.0 0.0 0.0
0.0 0.0 0.0
0.0 0.0 0.0
0.0 0.0 0.0
0.0 0.0 0.0
0.0 0.0 0.0
0.0 0.0 0.0
0.0 0.0 0.0
0.0 0.0 0.0
0.0 0.0 0.0
0.0 0.0 0.0
0.0 0.0 0.0
0.0 0.0 0.0
0.0 0.0 0.0
0.0 0.0 0.0
0.0 0.0 0.0
0.0 0.0 0.0
0.0 0.0 0.0
0.0 0.0 0.0
0.0 0.0 0.0
0.0 0.0 0.0
0.0 0.0 0.0
0.0 0.0 0.0
0.0 0.0 0.0
0.0 0.0 0.0
0.0 0.0 0.0
0.0 0.0 0.0
0.0 0.0 0.0
0.0 0.0 0.0
0.0 0.0 0.0
0.0 0.0 0.0
0.0 0.0 0.0
0.0 0.0 0.0
0.0 0.0 0.0
0.0 0.0 0.0
0.0 0.0 0.0
0.0 0.0 0.0
0.0 0.0 0.0
0.0 0.0 0.0
0.0 0.0 0.0
0.0 0.0 0.0
0.0 0.0 0.0
0.0 0.0 0.0
0.0 0.0 0.0
0.0 0.0 0.0
0.0 0.0 0.0
0.0 0.0 0.0
0.0 0.0 0.0
0.0 0.0 0.0
0.0 0.0 0.0
0.0 0.0 0.0
0.0 0.0 0.0
0.0 0.0 0.0
0.0 0.0 0.0
0.0 0.0 0.0
0.0 0.0 0.0
0.0 0.0 0.0
0.0 0.0 0.0
0.0 0.0 0.0
0.0 0.0 0.0
0.0 0.0 0.0
0.0 0.0 0.0
0.0 0.0 0.0
0.0 0.0 0.0
0.0 0.0 0.0
0.0 0.0 0.0
0.0 0.0 0.0
0.0 0.0 0.0
0.0 0.0 0.0
0.0 0.0 0.0
0.0 0.0 0.0
0.0 0.0 0.0
0.0 0.0 0.0
0.0 0.0 0.0
0.0 0.0 0.0
0.0 0.0 0.0
0.0 0.0 0.0
0.0 0.0 0.0
0.0 0.0 0.0
0.0 0.0 0.0
0.0 0.0 0.0
0.0 0.0 0.0
0.0 0.0 0.0
0.0 0.0 0.0
0.0 0.0 0.0
0.0 0.0 0.0
0.0 0.0 0.0
0.0 0.0 0.0
0.0 0.0 0.0
0.0 0.0 0.0
0.0 0.0 0.0
0.0 0.0 0.0
0.0 0.0 0.0
0.0 0.0 0.0
0.0 0.0 0.0
0.0 0.0 0.0
0.0 0.0 0.0
0.0 0.0 0.0
0.0 0.0 0.0
0.0 0.0 0.0
0.0 0.0 0.0
0.0 0.0 0.0
0.0 0.0 0.0
0.0 0.0 0.0
0.0 0.0 0.0
0.0 0.0 0.0
0.0 0.0 0.0
0.0 0.0 0.0
0.0 0.0 0.0
0.0 0.0 0.0
0.0 0.0 0.0
0.0 0.0 0.0
0.0 0.0 0.0
0.0 0.0 0.0
0.0 0.0 0.0
0.0 0.0 0.0
0.0 0.0 0.0
0.0 0.0 0.0
0.0 0.0 0.0
0.0 0.0 0.0
0.0 0.0 0.0
0.0 0.0 0.0
0.0 0.0 0.0
0.0 0.0 0.0
0.0 0.0 0.0
0.0 0.0 0.0
0.0 0.0 0.0
0.0 0.0 0.0
0.0 0.0 0.0
-13.176934242248535 24.317214965820312 -3.472327709197998
0.0 0.0 0.0
-12.622971534729004 24.094751358032227 -3.564488649368286
0.0 0.0 0.0
0.0 0.0 0.0
0.0 0.0 0.0
0.0 0.0 0.0
0.0 0.0 0.0
-10.747040748596191 22.791364669799805 -3.7029783725738525
-10.553403854370117 22.79050636291504 -3.7550947666168213
0.0 0.0 0.0
-10.079126358032227 22.586589813232422 -3.824291229248047
0.0 0.0 0.0
0.0 0.0 0.0
-9.252718925476074 21.96411895751953 -3.8630454540252686
-9.022237777709961 21.84136390686035 -3.888338804244995
0.0 0.0 0.0
-8.561788558959961 21.571847915649414 -3.9292004108428955
-8.321928024291992 21.40788459777832 -3.944166421890259
-8.117356300354004 21.32010841369629 -3.9715843200683594
-7.872946262359619 21.119081497192383 -3.9752938747406006
0.0 0.0 0.0
-7.410484313964844 20.75737953186035 -3.988219976425171
-7.3056864738464355 20.931467056274414 -4.063249588012695
0.0 0.0 0.0
-6.850013256072998 20.54132652282715 -4.062906265258789
-6.681589126586914 20.511014938354492 -4.094616889953613
-6.470885753631592 20.34406089782715 -4.098751068115234
-6.309647560119629 20.325809478759766 -4.130218982696533
-6.096614837646484 20.141830444335938 -4.127878189086914
-5.910600185394287 20.028900146484375 -4.139092445373535
-5.773190021514893 20.076335906982422 -4.183391094207764
-5.609574794769287 20.03092384338379 -4.206643104553223
-5.425871849060059 19.90682601928711 -4.212184906005859
-5.246571063995361 19.800212860107422 -4.22174072265625
-5.072511672973633 19.69530487060547 -4.230871200561523
-4.9353742599487305 19.730199813842773 -4.268687725067139
-4.756436347961426 19.593626022338867 -4.26760196685791
-4.596287727355957 19.526243209838867 -4.2814249992370605
-4.438239097595215 19.47291374206543 -4.298809051513672
-4.282009124755859 19.41062355041504 -4.312919616699219
-4.116051197052002 19.29538917541504 -4.3123860359191895
-3.9720773696899414 19.275964736938477 -4.333218574523926
-3.8388359546661377 19.307838439941406 -4.365785598754883
-3.6571452617645264 19.09943389892578 -4.344379425048828
-3.517624616622925 19.08863639831543 -4.36378812789917
-3.363813877105713 18.994279861450195 -4.364110946655273
-3.2173755168914795 18.93252182006836 -4.371893882751465
-3.090174674987793 18.982425689697266 -4.405647277832031
-2.932573080062866 18.855562210083008 -4.39587926864624
-2.789966106414795 18.798952102661133 -4.401166915893555
-2.650813579559326 18.7601375579834 -4.410733222961426
-2.50589919090271 18.671281814575195 -4.408576488494873
-2.379150390625 18.713869094848633 -4.435395240783691
-2.253730297088623 18.771100997924805 -4.46400785446167
-2.102801561355591 18.627464294433594 -4.445237636566162
-1.9667468070983887 18.58077049255371 -4.449374675750732
-1.8356342315673828 18.57498550415039 -4.462113380432129
-1.7109789848327637 18.63701629638672 -4.4884724617004395
-1.5698232650756836 18.512746810913086 -4.470131874084473
-1.4490567445755005 18.6563720703125 -4.516914367675781
-1.3062210083007812 18.481035232543945 -4.4859819412231445
-1.1748558282852173 18.44574546813965 -4.485170364379883
-1.0472686290740967 18.46637535095215 -4.498161792755127
-0.9183199405670166 18.463367462158203 -4.505617618560791
-0.7874802947044373 18.46709632873535 -4.515085220336914
-0.6586491465568542 18.46323585510254 -4.51859188079834
-0.5290507674217224 18.428239822387695 -4.514222621917725
-0.40041351318359375 18.418895721435547 -4.516347885131836
-0.2739173173904419 18.533830642700195 -4.549187183380127
-0.14253833889961243 18.50067710876465 -4.542784690856934
-0.013780328445136547 18.41382598876953 -4.5219407081604
0.11461028456687927 18.462648391723633 -4.534633636474609
0.24273066222667694 18.43850326538086 -4.529623985290527
0.3720979392528534 18.49742889404297 -4.5430006980896
0.5008302927017212 18.495336532592773 -4.539157390594482
0.6319765448570251 18.503665924072266 -4.53804349899292
0.7646564841270447 18.59453582763672 -4.5574259757995605
0.8943468928337097 18.59758186340332 -4.5542449951171875
1.0234041213989258 18.585323333740234 -4.544228553771973
1.1536072492599487 18.594898223876953 -4.539775848388672
1.2901214361190796 18.65643882751465 -4.548076152801514
1.421494960784912 18.66798973083496 -4.5441975593566895
1.5486524105072021 18.62662124633789 -4.523443698883057
1.6955549716949463 18.807493209838867 -4.556782245635986
1.828385829925537 18.81717300415039 -4.548758506774902
1.9657630920410156 18.844608306884766 -4.545036792755127
2.101078987121582 18.868284225463867 -4.537114143371582
2.2425312995910645 18.940196990966797 -4.540308475494385
2.376237630844116 18.939401626586914 -4.526210308074951
2.51939058303833 19.0092716217041 -4.5291666984558105
2.6655631065368652 19.074636459350586 -4.528289318084717
2.8070425987243652 19.116939544677734 -4.520789623260498
2.9586427211761475 19.218347549438477 -4.5273118019104
3.1098361015319824 19.307348251342773 -4.53095006942749
3.253688335418701 19.342973709106445 -4.520595550537109
3.3963961601257324 19.36678123474121 -4.505195140838623
3.550112724304199 19.43416976928711 -4.499663352966309
3.7083182334899902 19.53065299987793 -4.501227378845215
3.8620429039001465 19.59613609313965 -4.495076656341553
4.018745422363281 19.668529510498047 -4.487360954284668
4.1764984130859375 19.739728927612305 -4.4793901443481445
4.346929550170898 19.850257873535156 -4.479852199554443
4.494712829589844 19.86308479309082 -4.458714008331299
4.667438983917236 19.979507446289062 -4.457605838775635
4.854694843292236 20.14651870727539 -4.467273712158203
5.002018451690674 20.141462326049805 -4.4387431144714355
5.222153663635254 20.408710479736328 -4.469515323638916
5.361095905303955 20.36078453063965 -4.429352283477783
5.55554723739624 20.51874351501465 -4.433000087738037
5.746474742889404 20.65290069580078 -4.431164264678955
5.914164066314697 20.697166442871094 -4.409933567047119
6.116635799407959 20.84627342224121 -4.408908367156982
6.27610969543457 20.851484298706055 -4.376272678375244
6.4890336990356445 21.027496337890625 -4.379295825958252
6.710354328155518 21.219938278198242 -4.385282516479492
6.88522481918335 21.25731086730957 -4.358222961425781
7.098499298095703 21.406465530395508 -4.351778030395508
7.320629596710205 21.563875198364258 -4.345892906188965
7.5539469718933105 21.752685546875 -4.346472263336182
7.7567925453186035 21.845346450805664 -4.327263832092285
7.990270137786865 22.016090393066406 -4.320713996887207
8.2425537109375 22.22793960571289 -4.3215765953063965
8.434446334838867 22.260330200195312 -4.286374568939209
8.66446590423584 22.39605712890625 -4.271561145782471
8.93493366241455 22.626699447631836 -4.272103309631348
9.158743858337402 22.729835510253906 -4.247741222381592
9.402154922485352 22.873628616333008 -4.230457305908203
9.741753578186035 23.230823516845703 -4.250882625579834
9.929242134094238 23.224672317504883 -4.202941417694092
10.235774993896484 23.489099502563477 -4.202888488769531
10.507549285888672 23.662317276000977 -4.185532569885254
10.770941734313965 23.808395385742188 -4.162721157073975
11.075770378112793 24.028017044067383 -4.149351596832275
11.401793479919434 24.287490844726562 -4.141808986663818
0.0 0.0 0.0
12.02719783782959 24.71674919128418 -4.108272552490234
12.367578506469727 24.974092483520508 -4.095376968383789
12.715641021728516 25.234966278076172 -4.081182479858398
13.030572891235352 25.41168212890625 -4.0512213706970215
13.458324432373047 25.8027286529541 -4.054925441741943
0.0 0.0 0.0
14.247804641723633 26.414899826049805 -4.025810241699219
0.0 0.0 0.0
14.934334754943848 26.781864166259766 -3.9519858360290527
0.0 0.0 0.0
15.730785369873047 27.312089920043945 -3.8924078941345215
0.0 0.0 0.0
0.0 0.0 0.0
0.0 0.0 0.0
0.0 0.0 0.0
0.0 0.0 0.0
0.0 0.0 0.0
0.0 0.0 0.0
0.0 0.0 0.0
0.0 0.0 0.0
0.0 0.0 0.0
0.0 0.0 0.0
0.0 0.0 0.0
0.0 0.0 0.0
0.0 0.0 0.0
0.0 0.0 0.0
0.0 0.0 0.0
0.0 0.0 0.0
0.0 0.0 0.0
0.0 0.0 0.0
0.0 0.0 0.0
0.0 0.0 0.0
0.0 0.0 0.0
0.0 0.0 0.0
0.0 0.0 0.0
0.0 0.0 0.0
0.0 0.0 0.0
0.0 0.0 0.0
0.0 0.0 0.0
0.0 0.0 0.0
0.0 0.0 0.0
0.0 0.0 0.0
0.0 0.0 0.0
0.0 0.0 0.0
0.0 0.0 0.0
0.0 0.0 0.0
0.0 0.0 0.0
0.0 0.0 0.0
0.0 0.0 0.0
0.0 0.0 0.0
0.0 0.0 0.0
0.0 0.0 0.0
0.0 0.0 0.0
0.0 0.0 0.0
0.0 0.0 0.0
0.0 0.0 0.0
0.0 0.0 0.0
0.0 0.0 0.0
0.0 0.0 0.0
0.0 0.0 0.0
0.0 0.0 0.0
0.0 0.0 0.0
0.0 0.0 0.0
0.0 0.0 0.0
0.0 0.0 0.0
0.0 0.0 0.0
0.0 0.0 0.0
0.0 0.0 0.0
0.0 0.0 0.0
0.0 0.0 0.0
0.0 0.0 0.0
0.0 0.0 0.0
0.0 0.0 0.0
0.0 0.0 0.0
0.0 0.0 0.0
0.0 0.0 0.0
0.0 0.0 0.0
0.0 0.0 0.0
0.0 0.0 0.0
0.0 0.0 0.0
0.0 0.0 0.0
0.0 0.0 0.0
0.0 0.0 0.0
0.0 0.0 0.0
0.0 0.0 0.0
0.0 0.0 0.0
0.0 0.0 0.0
0.0 0.0 0.0
0.0 0.0 0.0
0.0 0.0 0.0
0.0 0.0 0.0
0.0 0.0 0.0
0.0 0.0 0.0
0.0 0.0 0.0
0.0 0.0 0.0
0.0 0.0 0.0
0.0 0.0 0.0
0.0 0.0 0.0
0.0 0.0 0.0
0.0 0.0 0.0
0.0 0.0 0.0
0.0 0.0 0.0
0.0 0.0 0.0
0.0 0.0 0.0
0.0 0.0 0.0
0.0 0.0 0.0
0.0 0.0 0.0
0.0 0.0 0.0
0.0 0.0 0.0
0.0 0.0 0.0
0.0 0.0 0.0
0.0 0.0 0.0
0.0 0.0 0.0
0.0 0.0 0.0
0.0 0.0 0.0
0.0 0.0 0.0
0.0 0.0 0.0
0.0 0.0 0.0
0.0 0.0 0.0
0.0 0.0 0.0
0.0 0.0 0.0
0.0 0.0 0.0
0.0 0.0 0.0
0.0 0.0 0.0
0.0 0.0 0.0
0.0 0.0 0.0
0.0 0.0 0.0
0.0 0.0 0.0
0.0 0.0 0.0
0.0 0.0 0.0
0.0 0.0 0.0
0.0 0.0 0.0
0.0 0.0 0.0
0.0 0.0 0.0
0.0 0.0 0.0
0.0 0.0 0.0
0.0 0.0 0.0
0.0 0.0 0.0
0.0 0.0 0.0
0.0 0.0 0.0
0.0 0.0 0.0
0.0 0.0 0.0
0.0 0.0 0.0
0.0 0.0 0.0
0.0 0.0 0.0
0.0 0.0 0.0
0.0 0.0 0.0
0.0 0.0 0.0
0.0 0.0 0.0
0.0 0.0 0.0
0.0 0.0 0.0
0.0 0.0 0.0
0.0 0.0 0.0
0.0 0.0 0.0
0.0 0.0 0.0
0.0 0.0 0.0
0.0 0.0 0.0
0.0 0.0 0.0
0.0 0.0 0.0
0.0 0.0 0.0
0.0 0.0 0.0
0.0 0.0 0.0
0.0 0.0 0.0
0.0 0.0 0.0
0.0 0.0 0.0
0.0 0.0 0.0
0.0 0.0 0.0
0.0 0.0 0.0
0.0 0.0 0.0
0.0 0.0 0.0
0.0 0.0 0.0
0.0 0.0 0.0
0.0 0.0 0.0
0.0 0.0 0.0
0.0 0.0 0.0
0.0 0.0 0.0
0.0 0.0 0.0
0.0 0.0 0.0
0.0 0.0 0.0
0.0 0.0 0.0
0.0 0.0 0.0
0.0 0.0 0.0
0.0 0.0 0.0
0.0 0.0 0.0
0.0 0.0 0.0
0.0 0.0 0.0
0.0 0.0 0.0
0.0 0.0 0.0
0.0 0.0 0.0
0.0 0.0 0.0
0.0 0.0 0.0
0.0 0.0 0.0
0.0 0.0 0.0
0.0 0.0 0.0
0.0 0.0 0.0
0.0 0.0 0.0
0.0 0.0 0.0
0.0 0.0 0.0
0.0 0.0 0.0
0.0 0.0 0.0
0.0 0.0 0.0
0.0 0.0 0.0
0.0 0.0 0.0
0.0 0.0 0.0
0.0 0.0 0.0
0.0 0.0 0.0
0.0 0.0 0.0
0.0 0.0 0.0
0.0 0.0 0.0
-20.84762191772461 29.698688507080078 -2.7125332355499268
0.0 0.0 0.0
0.0 0.0 0.0
0.0 0.0 0.0
0.0 0.0 0.0
-18.035354614257812 27.70561981201172 -3.0088648796081543
0.0 0.0 0.0
0.0 0.0 0.0
0.0 0.0 0.0
0.0 0.0 0.0
0.0 0.0 0.0
0.0 0.0 0.0
0.0 0.0 0.0
0.0 0.0 0.0
0.0 0.0 0.0
0.0 0.0 0.0
0.0 0.0 0.0
0.0 0.0 0.0
0.0 0.0 0.0
0.0 0.0 0.0
0.0 0.0 0.0
-11.812697410583496 23.544178009033203 -3.597762107849121
0.0 0.0 0.0
0.0 0.0 0.0
0.0 0.0 0.0
0.0 0.0 0.0
0.0 0.0 0.0
0.0 0.0 0.0
0.0 0.0 0.0
0.0 0.0 0.0
-9.359914779663086 22.000890731811523 -3.8108203411102295
0.0 0.0 0.0
-8.945298194885254 21.874406814575195 -3.880345106124878
0.0 0.0 0.0
0.0 0.0 0.0
-8.245990753173828 21.43094253540039 -3.9322669506073
-8.044821739196777 21.349924087524414 -3.9589717388153076
0.0 0.0 0.0
0.0 0.0 0.0
-7.412010669708252 20.99596405029297 -4.015254497528076
-7.192783355712891 20.8355712890625 -4.022793769836426
-6.995668411254883 20.73149871826172 -4.040808200836182
0.0 0.0 0.0
-6.632720947265625 20.606801986694336 -4.09179162979126
-6.431324481964111 20.469018936157227 -4.099595546722412
0.0 0.0 0.0
-6.021353244781494 20.14042854309082 -4.103145122528076
-5.921638011932373 20.321319580078125 -4.174338340759277
-5.715991020202637 20.145036697387695 -4.170636177062988
-5.5359392166137695 20.040260314941406 -4.180850982666016
-5.373531818389893 19.993144989013672 -4.202962875366211
-5.167671203613281 19.77442741394043 -4.188512802124023
-5.020688533782959 19.77326202392578 -4.217142105102539
-4.861387729644775 19.73061752319336 -4.237510681152344
-4.711811065673828 19.712234497070312 -4.262579917907715
-4.534972190856934 19.573606491088867 -4.261580944061279
-4.3795270919799805 19.51984214782715 -4.276163101196289
-4.218423366546631 19.435171127319336 -4.283363342285156
-4.0720720291137695 19.42432403564453 -4.307300090789795
-3.9132628440856934 19.33719825744629 -4.313907623291016
-3.7708418369293213 19.324125289916992 -4.3348388671875
-3.607847213745117 19.19783592224121 -4.32887077331543
-3.4590067863464355 19.137805938720703 -4.337794303894043
-3.3414716720581055 19.264707565307617 -4.389726161956787
-3.1609199047088623 19.007427215576172 -4.3523688316345215
-3.043977737426758 19.125438690185547 -4.398476600646973
-2.901062250137329 19.080747604370117 -4.4074015617370605
-2.7287402153015137 18.827787399291992 -4.3681230545043945
-2.5964980125427246 18.837507247924805 -4.389323711395264
-2.4584619998931885 18.82084846496582 -4.40141487121582
-2.3310935497283936 18.86715316772461 -4.428166389465332
-2.187791109085083 18.78032875061035 -4.423834323883057
-2.0506396293640137 18.737829208374023 -4.430046081542969
-1.9198358058929443 18.748123168945312 -4.445080280303955
-1.7841356992721558 18.731285095214844 -4.453566074371338
-1.6486471891403198 18.686830520629883 -4.455443382263184
-1.5194014310836792 18.709577560424805 -4.473536014556885
-1.3873649835586548 18.694164276123047 -4.479824542999268
-1.2518556118011475 18.621307373046875 -4.471002101898193
-1.1194310188293457 18.61962127685547 -4.479604721069336
-0.9865421056747437 18.560020446777344 -4.474288463592529
-0.853972852230072 18.492347717285156 -4.46525239944458
-0.7276879549026489 18.560916900634766 -4.486758708953857
-0.5983018279075623 18.556507110595703 -4.490850925445557
-0.4672611951828003 18.573999404907227 -4.5005621910095215
-0.33861857652664185 18.613542556762695 -4.514781951904297
-0.208592027425766 18.561912536621094 -4.503508567810059
-0.07965762168169022 18.5928897857666 -4.5124945640563965
0.049712736159563065 18.577417373657227 -4.510428428649902
0.17927539348602295 18.617982864379883 -4.522186756134033
0.31038177013397217 18.575136184692383 -4.50941276550293
0.4425223469734192 18.69841957092285 -4.537121772766113
0.5736035704612732 18.729694366455078 -4.542706489562988
0.6998597979545593 18.615882873535156 -4.513326644897461
0.8345284461975098 18.72960090637207 -4.535806655883789
0.9638087153434753 18.660505294799805 -4.512998580932617
1.097959041595459 18.727075576782227 -4.523322582244873
1.2334415912628174 18.80027961730957 -4.535427093505859
1.3717453479766846 18.89577293395996 -4.5507097244262695
1.4945104122161865 18.778675079345703 -4.51299524307251
1.630199670791626 18.800642013549805 -4.508795738220215
1.7644028663635254 18.825576782226562 -4.505654335021973
1.9119346141815186 18.97843360900879 -4.531886577606201
2.0462687015533447 18.987255096435547 -4.520792007446289
2.2019238471984863 19.180212020874023 -4.553619384765625
2.3224315643310547 19.039560317993164 -4.507169723510742
2.468726873397827 19.132301330566406 -4.516143798828125
2.622474193572998 19.26622200012207 -4.531042098999023
2.7496206760406494 19.199329376220703 -4.4988532066345215
2.895758628845215 19.263290405273438 -4.497525215148926
3.044107675552368 19.33368492126465 -4.49777889251709
3.1930453777313232 19.38458824157715 -4.48989200592041
3.3286900520324707 19.36727523803711 -4.466028213500977
3.5105762481689453 19.607770919799805 -4.501570224761963
3.671565294265747 19.715635299682617 -4.5064921379089355
3.8169548511505127 19.732852935791016 -4.488635540008545
3.9735984802246094 19.7900390625 -4.478031158447266
4.1349382400512695 19.87628936767578 -4.474426746368408
4.293004989624023 19.93886947631836 -4.465464115142822
4.459500312805176 20.034027099609375 -4.462592601776123
4.594245433807373 19.98320770263672 -4.424988746643066
4.797914028167725 20.213415145874023 -4.4490838050842285
4.987959861755371 20.382980346679688 -4.459933280944824
5.132956504821777 20.36199951171875 -4.4287285804748535
5.315900802612305 20.484769821166992 -4.425734519958496
5.501801490783691 20.609716415405273 -4.422986030578613
5.677003383636475 20.677213668823242 -4.407259464263916
5.864456653594971 20.79172706604004 -4.401923656463623
6.070867538452148 20.964035034179688 -4.405888557434082
6.20808744430542 20.89226531982422 -4.358088493347168
6.447179794311523 21.156763076782227 -4.380274772644043
6.648589611053467 21.275646209716797 -4.371188640594482
6.802408695220947 21.247783660888672 -4.330775260925293
7.042265892028809 21.481355667114258 -4.342431545257568
7.275971412658691 21.683622360229492 -4.34711217880249
7.4804511070251465 21.789358139038086 -4.332001686096191
7.695714473724365 21.918886184692383 -4.320143222808838
7.908066749572754 22.024282455444336 -4.301021575927734
8.15012264251709 22.211578369140625 -4.298076152801514
8.385746002197266 22.371440887451172 -4.289249420166016
8.590767860412598 22.44313621520996 -4.262557506561279
0.0 0.0 0.0
9.128734588623047 22.88078498840332 -4.258625030517578
9.407552719116211 23.11043357849121 -4.257758140563965
9.602424621582031 23.127729415893555 -4.217081546783447
9.870525360107422 23.31389617919922 -4.204648494720459
10.17972469329834 23.586050033569336 -4.206833362579346
10.454418182373047 23.75865364074707 -4.189474105834961
10.74135684967041 23.958080291748047 -4.176808834075928
0.0 0.0 0.0
11.226692199707031 24.135337829589844 -4.10675048828125
11.572075843811035 24.431720733642578 -4.105935573577881
11.916509628295898 24.70606231689453 -4.09912633895874
12.185722351074219 24.822412490844727 -4.063840866088867
0.0 0.0 0.0
0.0 0.0 0.0
13.258735656738281 25.643966674804688 -4.027939796447754
13.598505973815918 25.857864379882812 -4.001275539398193
13.935993194580078 26.04970932006836 -3.969003915786743
14.484626770019531 26.627466201782227 -3.994555711746216
14.756392478942871 26.684280395507812 -3.939588785171509
15.267553329467773 27.1607666015625 -3.9429738521575928
15.691923141479492 27.466665267944336 -3.9193828105926514
0.0 0.0 0.0
0.0 0.0 0.0
0.0 0.0 0.0
0.0 0.0 0.0
0.0 0.0 0.0
0.0 0.0 0.0
0.0 0.0 0.0
0.0 0.0 0.0
0.0 0.0 0.0
20.785295486450195 31.128501892089844 -3.5868430137634277
0.0 0.0 0.0
0.0 0.0 0.0
0.0 0.0 0.0
0.0 0.0 0.0
0.0 0.0 0.0
0.0 0.0 0.0
0.0 0.0 0.0
0.0 0.0 0.0
0.0 0.0 0.0
0.0 0.0 0.0
0.0 0.0 0.0
0.0 0.0 0.0
0.0 0.0 0.0
0.0 0.0 0.0
0.0 0.0 0.0
0.0 0.0 0.0
0.0 0.0 0.0
0.0 0.0 0.0
0.0 0.0 0.0
0.0 0.0 0.0
0.0 0.0 0.0
0.0 0.0 0.0
0.0 0.0 0.0
0.0 0.0 0.0
0.0 0.0 0.0
0.0 0.0 0.0
0.0 0.0 0.0
0.0 0.0 0.0
0.0 0.0 0.0
0.0 0.0 0.0
0.0 0.0 0.0
0.0 0.0 0.0
0.0 0.0 0.0
0.0 0.0 0.0
0.0 0.0 0.0
0.0 0.0 0.0
0.0 0.0 0.0
0.0 0.0 0.0
0.0 0.0 0.0
0.0 0.0 0.0
0.0 0.0 0.0
0.0 0.0 0.0
0.0 0.0 0.0
0.0 0.0 0.0
0.0 0.0 0.0
0.0 0.0 0.0
0.0 0.0 0.0
0.0 0.0 0.0
0.0 0.0 0.0
0.0 0.0 0.0
0.0 0.0 0.0
0.0 0.0 0.0
0.0 0.0 0.0
0.0 0.0 0.0
0.0 0.0 0.0
0.0 0.0 0.0
0.0 0.0 0.0
0.0 0.0 0.0
0.0 0.0 0.0
0.0 0.0 0.0
0.0 0.0 0.0
0.0 0.0 0.0
0.0 0.0 0.0
0.0 0.0 0.0
0.0 0.0 0.0
0.0 0.0 0.0
0.0 0.0 0.0
0.0 0.0 0.0
0.0 0.0 0.0
0.0 0.0 0.0
0.0 0.0 0.0
0.0 0.0 0.0
0.0 0.0 0.0
0.0 0.0 0.0
0.0 0.0 0.0
0.0 0.0 0.0
0.0 0.0 0.0
0.0 0.0 0.0
0.0 0.0 0.0
0.0 0.0 0.0
0.0 0.0 0.0
0.0 0.0 0.0
0.0 0.0 0.0
0.0 0.0 0.0
0.0 0.0 0.0
0.0 0.0 0.0
0.0 0.0 0.0
0.0 0.0 0.0
0.0 0.0 0.0
0.0 0.0 0.0
0.0 0.0 0.0
0.0 0.0 0.0
0.0 0.0 0.0
0.0 0.0 0.0
0.0 0.0 0.0
0.0 0.0 0.0
0.0 0.0 0.0
0.0 0.0 0.0
0.0 0.0 0.0
0.0 0.0 0.0
0.0 0.0 0.0
0.0 0.0 0.0
0.0 0.0 0.0
0.0 0.0 0.0
0.0 0.0 0.0
0.0 0.0 0.0
0.0 0.0 0.0
0.0 0.0 0.0
0.0 0.0 0.0
0.0 0.0 0.0
0.0 0.0 0.0
0.0 0.0 0.0
0.0 0.0 0.0
0.0 0.0 0.0
0.0 0.0 0.0
0.0 0.0 0.0
0.0 0.0 0.0
0.0 0.0 0.0
0.0 0.0 0.0
0.0 0.0 0.0
0.0 0.0 0.0
0.0 0.0 0.0
0.0 0.0 0.0
0.0 0.0 0.0
0.0 0.0 0.0
0.0 0.0 0.0
0.0 0.0 0.0
0.0 0.0 0.0
0.0 0.0 0.0
0.0 0.0 0.0
0.0 0.0 0.0
0.0 0.0 0.0
0.0 0.0 0.0
0.0 0.0 0.0
0.0 0.0 0.0
0.0 0.0 0.0
0.0 0.0 0.0
0.0 0.0 0.0
0.0 0.0 0.0
0.0 0.0 0.0
0.0 0.0 0.0
0.0 0.0 0.0
0.0 0.0 0.0
0.0 0.0 0.0
0.0 0.0 0.0
0.0 0.0 0.0
0.0 0.0 0.0
0.0 0.0 0.0
0.0 0.0 0.0
0.0 0.0 0.0
0.0 0.0 0.0
0.0 0.0 0.0
0.0 0.0 0.0
0.0 0.0 0.0
0.0 0.0 0.0
0.0 0.0 0.0
0.0 0.0 0.0
0.0 0.0 0.0
0.0 0.0 0.0
0.0 0.0 0.0
0.0 0.0 0.0
0.0 0.0 0.0
0.0 0.0 0.0
0.0 0.0 0.0
0.0 0.0 0.0
0.0 0.0 0.0
0.0 0.0 0.0
0.0 0.0 0.0
0.0 0.0 0.0
0.0 0.0 0.0
0.0 0.0 0.0
0.0 0.0 0.0
0.0 0.0 0.0
0.0 0.0 0.0
0.0 0.0 0.0
0.0 0.0 0.0
0.0 0.0 0.0
0.0 0.0 0.0
0.0 0.0 0.0
0.0 0.0 0.0
0.0 0.0 0.0
0.0 0.0 0.0
0.0 0.0 0.0
0.0 0.0 0.0
0.0 0.0 0.0
0.0 0.0 0.0
0.0 0.0 0.0
0.0 0.0 0.0
0.0 0.0 0.0
0.0 0.0 0.0
-20.47835922241211 29.396100997924805 -2.729196310043335
0.0 0.0 0.0
0.0 0.0 0.0
0.0 0.0 0.0
0.0 0.0 0.0
0.0 0.0 0.0
0.0 0.0 0.0
0.0 0.0 0.0
0.0 0.0 0.0
0.0 0.0 0.0
0.0 0.0 0.0
0.0 0.0 0.0
0.0 0.0 0.0
-14.245035171508789 25.02284049987793 -3.3212075233459473
-14.13541316986084 25.239139556884766 -3.415989637374878
0.0 0.0 0.0
0.0 0.0 0.0
0.0 0.0 0.0
0.0 0.0 0.0
0.0 0.0 0.0
-12.203691482543945 24.106685638427734 -3.6247479915618896
-11.815345764160156 23.74983024597168 -3.627685785293579
-11.453645706176758 23.430593490600586 -3.6327874660491943
0.0 0.0 0.0
0.0 0.0 0.0
-10.60387134552002 22.901052474975586 -3.707855701446533
0.0 0.0 0.0
0.0 0.0 0.0
-9.78969669342041 22.352975845336914 -3.7645533084869385
0.0 0.0 0.0
-9.326638221740723 22.137638092041016 -3.82184100151062
0.0 0.0 0.0
0.0 0.0 0.0
0.0 0.0 0.0
0.0 0.0 0.0
0.0 0.0 0.0
0.0 0.0 0.0
0.0 0.0 0.0
-7.576045989990234 21.223012924194336 -3.9986438751220703
0.0 0.0 0.0
0.0 0.0 0.0
-6.95070743560791 20.84271240234375 -4.041983127593994
-6.773251056671143 20.791627883911133 -4.067702770233154
-6.587685585021973 20.709766387939453 -4.0872039794921875
-6.341010570526123 20.424772262573242 -4.066059112548828
-6.191703796386719 20.45389747619629 -4.107718467712402
-6.0425004959106445 20.47441864013672 -4.144750118255615
-5.846932411193848 20.331684112548828 -4.148373126983643
-5.642143726348877 20.146730422973633 -4.142991542816162
-5.474638938903809 20.08563232421875 -4.162754058837891
-5.3184051513671875 20.072290420532227 -4.190746784210205
-5.106053829193115 19.827556610107422 -4.168643474578857
-4.97817850112915 19.903934478759766 -4.213929653167725
-4.820592880249023 19.860450744628906 -4.234015464782715
-4.649903774261475 19.756467819213867 -4.239655494689941
-4.481593608856201 19.66297149658203 -4.246078968048096
-4.333653450012207 19.642349243164062 -4.267785549163818
-4.1806321144104 19.594453811645508 -4.283621788024902
-4.014476299285889 19.478240966796875 -4.283721923828125
-3.8619515895843506 19.421232223510742 -4.2939839363098145
-3.7109732627868652 19.378393173217773 -4.307815074920654
-3.5631086826324463 19.334068298339844 -4.320988178253174
-3.409391164779663 19.251073837280273 -4.325533866882324
-3.2597975730895996 19.182655334472656 -4.329845905303955
-3.1335206031799316 19.248565673828125 -4.364519119262695
-2.984111785888672 19.185842514038086 -4.370570659637451
-2.8402702808380127 19.136810302734375 -4.379467487335205
-2.6760756969451904 18.93646812438965 -4.35081672668457
-2.5586607456207275 19.063474655151367 -4.396427631378174
-2.4098265171051025 18.95552635192871 -4.388060569763184
-2.2754712104797363 18.952280044555664 -4.404008865356445
-2.1291677951812744 18.86172103881836 -4.3980631828308105
-1.9942190647125244 18.84227752685547 -4.406332969665527
-1.8601579666137695 18.82564353942871 -4.415422439575195
-1.7299011945724487 18.845930099487305 -4.433375358581543
-1.5967811346054077 18.8351993560791 -4.443318843841553
-1.4682737588882446 18.907772064208984 -4.47003173828125
-1.3204361200332642 18.687339782714844 -4.4274492263793945
-1.1952018737792969 18.769290924072266 -4.45663595199585
-1.0644487142562866 18.774492263793945 -4.467864990234375
-0.9310362339019775 18.726634979248047 -4.462252140045166
-0.7993691563606262 18.75385093688965 -4.474761009216309
-0.6682326793670654 18.742111206054688 -4.478095531463623
-0.5372190475463867 18.721858978271484 -4.479593276977539
-0.4061785042285919 18.690073013305664 -4.475118637084961
-0.2764614522457123 18.714611053466797 -4.483191967010498
-0.14367958903312683 18.669878005981445 -4.474928379058838
-0.013770261779427528 18.654605865478516 -4.47389554977417
0.11638228595256805 18.733922958374023 -4.493425369262695
0.24638867378234863 18.706480026245117 -4.485348701477051
0.37693625688552856 18.723709106445312 -4.48820161819458
0.5092427134513855 18.800790786743164 -4.505613327026367
0.6421831250190735 18.79361343383789 -4.501795291900635
0.7755663990974426 18.854639053344727 -4.511326789855957
0.910334587097168 18.922304153442383 -4.52262544631958
1.0419716835021973 18.91693687438965 -4.5166730880737305
1.1695809364318848 18.8461971282959 -4.495237350463867
1.3040205240249634 18.855066299438477 -4.488541126251221
1.4384263753890991 18.88963508605957 -4.4883036613464355
1.5718015432357788 18.904306411743164 -4.483527183532715
1.7163736820220947 19.039207458496094 -4.507412433624268
1.8542808294296265 19.082975387573242 -4.506335735321045
1.9908738136291504 19.08417320251465 -4.494197845458984
2.1297950744628906 19.12618064880371 -4.492071151733398
2.2680552005767822 19.15584945678711 -4.487205982208252
2.41737699508667 19.26805305480957 -4.499616622924805
2.5519821643829346 19.255022048950195 -4.481030464172363
2.708981513977051 19.384050369262695 -4.495331287384033
2.862704277038574 19.493303298950195 -4.505333423614502
2.999033212661743 19.477405548095703 -4.485362529754639
3.145331859588623 19.52512550354004 -4.47739315032959
3.301436424255371 19.62434959411621 -4.481258869171143
3.4511752128601074 19.677322387695312 -4.474602699279785
3.6295297145843506 19.86762809753418 -4.498684883117676
3.752471685409546 19.761554718017578 -4.452447414398193
3.9250035285949707 19.912919998168945 -4.464336395263672
4.074622631072998 19.93951416015625 -4.4482269287109375
4.242186546325684 20.047142028808594 -4.450215816497803
4.402521133422852 20.101364135742188 -4.437160015106201
4.588272571563721 20.274168014526367 -4.449770450592041
4.727976322174072 20.237071990966797 -4.416296005249023
4.898864269256592 20.328983306884766 -4.411032199859619
5.097017288208008 20.523767471313477 -4.426252365112305
5.262165546417236 20.56467628479004 -4.405972003936768
5.447925090789795 20.689918518066406 -4.404184818267822
5.633693695068359 20.806222915649414 -4.400294780731201
5.801917552947998 20.851045608520508 -4.380385875701904
5.998303413391113 20.99073028564453 -4.3780927658081055
6.1737284660339355 21.03986358642578 -4.356173515319824
6.391643047332764 21.23501968383789 -4.364802837371826
6.567351341247559 21.28172492980957 -4.3425703048706055
6.775287628173828 21.42625617980957 -4.337377548217773
6.996364116668701 21.601781845092773 -4.3379950523376465
7.199695587158203 21.713403701782227 -4.325399398803711
7.429914951324463 21.887924194335938 -4.324321746826172
7.650095462799072 22.032543182373047 -4.315343379974365
7.80869722366333 21.994142532348633 -4.26985502243042
8.036600112915039 22.146026611328125 -4.261166572570801
8.311125755310059 22.414825439453125 -4.274298667907715
8.53127384185791 22.51852798461914 -4.253067493438721
8.746441841125488 22.610530853271484 -4.229062557220459
9.009956359863281 22.818784713745117 -4.226273536682129
9.262598991394043 22.988767623901367 -4.21567440032959
9.523649215698242 23.170944213867188 -4.205534934997559
9.84926700592041 23.488243103027344 -4.21676778793335
10.029789924621582 23.45953941345215 -4.16613245010376
10.312212944030762 23.662635803222656 -4.156250476837158
10.624164581298828 23.92325782775879 -4.1547393798828125
10.850245475769043 23.98032569885254 -4.115704536437988
11.116108894348145 24.111318588256836 -4.088064670562744
11.496317863464355 24.48567771911621 -4.101417064666748
11.781854629516602 24.647294998168945 -4.077200412750244
12.14782428741455 24.966289520263672 -4.076598644256592
12.457258224487305 25.156702041625977 -4.05374002456665
12.752532958984375 25.309511184692383 -4.023955345153809
0.0 0.0 0.0
0.0 0.0 0.0
13.940714836120605 26.283485412597656 -4.0008955001831055
14.296690940856934 26.508195877075195 -3.97469162940979
14.613462448120117 26.65144157409668 -3.933711051940918
15.035299301147461 26.9655704498291 -3.9141199588775635
0.0 0.0 0.0
15.897468566894531 27.600360870361328 -3.8727123737335205
0.0 0.0 0.0
0.0 0.0 0.0
0.0 0.0 0.0
0.0 0.0 0.0
0.0 0.0 0.0
0.0 0.0 0.0
0.0 0.0 0.0
0.0 0.0 0.0
0.0 0.0 0.0
0.0 0.0 0.0
0.0 0.0 0.0
0.0 0.0 0.0
0.0 0.0 0.0
0.0 0.0 0.0
0.0 0.0 0.0
0.0 0.0 0.0
0.0 0.0 0.0
0.0 0.0 0.0
0.0 0.0 0.0
0.0 0.0 0.0
0.0 0.0 0.0
0.0 0.0 0.0
0.0 0.0 0.0
0.0 0.0 0.0
0.0 0.0 0.0
0.0 0.0 0.0
0.0 0.0 0.0
0.0 0.0 0.0
0.0 0.0 0.0
0.0 0.0 0.0
0.0 0.0 0.0
0.0 0.0 0.0
0.0 0.0 0.0
0.0 0.0 0.0
0.0 0.0 0.0
0.0 0.0 0.0
0.0 0.0 0.0
0.0 0.0 0.0
0.0 0.0 0.0
0.0 0.0 0.0
0.0 0.0 0.0
0.0 0.0 0.0
0.0 0.0 0.0
0.0 0.0 0.0
0.0 0.0 0.0
0.0 0.0 0.0
0.0 0.0 0.0
0.0 0.0 0.0
0.0 0.0 0.0
0.0 0.0 0.0
0.0 0.0 0.0
0.0 0.0 0.0
0.0 0.0 0.0
0.0 0.0 0.0
0.0 0.0 0.0
0.0 0.0 0.0
0.0 0.0 0.0
0.0 0.0 0.0
0.0 0.0 0.0
0.0 0.0 0.0
0.0 0.0 0.0
0.0 0.0 0.0
0.0 0.0 0.0
0.0 0.0 0.0
0.0 0.0 0.0
0.0 0.0 0.0
0.0 0.0 0.0
0.0 0.0 0.0
0.0 0.0 0.0
0.0 0.0 0.0
0.0 0.0 0.0
0.0 0.0 0.0
0.0 0.0 0.0
0.0 0.0 0.0
0.0 0.0 0.0
0.0 0.0 0.0
0.0 0.0 0.0
0.0 0.0 0.0
0.0 0.0 0.0
0.0 0.0 0.0
0.0 0.0 0.0
0.0 0.0 0.0
0.0 0.0 0.0
0.0 0.0 0.0
0.0 0.0 0.0
0.0 0.0 0.0
0.0 0.0 0.0
0.0 0.0 0.0
0.0 0.0 0.0
0.0 0.0 0.0
0.0 0.0 0.0
0.0 0.0 0.0
0.0 0.0 0.0
0.0 0.0 0.0
0.0 0.0 0.0
0.0 0.0 0.0
0.0 0.0 0.0
0.0 0.0 0.0
0.0 0.0 0.0
0.0 0.0 0.0
0.0 0.0 0.0
0.0 0.0 0.0
0.0 0.0 0.0
0.0 0.0 0.0
0.0 0.0 0.0
0.0 0.0 0.0
0.0 0.0 0.0
0.0 0.0 0.0
0.0 0.0 0.0
0.0 0.0 0.0
0.0 0.0 0.0
0.0 0.0 0.0
0.0 0.0 0.0
0.0 0.0 0.0
0.0 0.0 0.0
0.0 0.0 0.0
0.0 0.0 0.0
0.0 0.0 0.0
0.0 0.0 0.0
0.0 0.0 0.0
-1.4765493869781494 13.626058578491211 3.3667542934417725
0.0 0.0 0.0
0.0 0.0 0.0
0.0 0.0 0.0
0.0 0.0 0.0
0.0 0.0 0.0
0.0 0.0 0.0
0.0 0.0 0.0
0.0 0.0 0.0
0.0 0.0 0.0
0.0 0.0 0.0
0.0 0.0 0.0
0.0 0.0 0.0
0.0 0.0 0.0
0.0 0.0 0.0
0.0 0.0 0.0
0.0 0.0 0.0
0.0 0.0 0.0
0.0 0.0 0.0
0.0 0.0 0.0
0.0 0.0 0.0
0.0 0.0 0.0
0.0 0.0 0.0
0.0 0.0 0.0
0.0 0.0 0.0
0.0 0.0 0.0
0.0 0.0 0.0
0.0 0.0 0.0
0.0 0.0 0.0
0.0 0.0 0.0
0.0 0.0 0.0
0.0 0.0 0.0
0.0 0.0 0.0
0.0 0.0 0.0
0.0 0.0 0.0
0.0 0.0 0.0
0.0 0.0 0.0
0.0 0.0 0.0
0.0 0.0 0.0
0.0 0.0 0.0
0.0 0.0 0.0
0.0 0.0 0.0
0.0 0.0 0.0
0.0 0.0 0.0
0.0 0.0 0.0
0.0 0.0 0.0
0.0 0.0 0.0
0.0 0.0 0.0
0.0 0.0 0.0
0.0 0.0 0.0
0.0 0.0 0.0
0.0 0.0 0.0
0.0 0.0 0.0
0.0 0.0 0.0
0.0 0.0 0.0
0.0 0.0 0.0
0.0 0.0 0.0
0.0 0.0 0.0
0.0 0.0 0.0
0.0 0.0 0.0
0.0 0.0 0.0
0.0 0.0 0.0
0.0 0.0 0.0
0.0 0.0 0.0
0.0 0.0 0.0
0.0 0.0 0.0
0.0 0.0 0.0
0.0 0.0 0.0
0.0 0.0 0.0
0.0 0.0 0.0
0.0 0.0 0.0
0.0 0.0 0.0
0.0 0.0 0.0
0.0 0.0 0.0
0.0 0.0 0.0
0.0 0.0 0.0
0.0 0.0 0.0
0.0 0.0 0.0
0.0 0.0 0.0
0.0 0.0 0.0
0.0 0.0 0.0
0.0 0.0 0.0
0.0 0.0 0.0
0.0 0.0 0.0
0.0 0.0 0.0
-17.24990463256836 27.332489013671875 -3.097665786743164
0.0 0.0 0.0
0.0 0.0 0.0
0.0 0.0 0.0
0.0 0.0 0.0
0.0 0.0 0.0
0.0 0.0 0.0
0.0 0.0 0.0
0.0 0.0 0.0
0.0 0.0 0.0
0.0 0.0 0.0
-12.744976043701172 24.122791290283203 -3.450590133666992
0.0 0.0 0.0
-12.28130054473877 24.050769805908203 -3.557255506515503
0.0 0.0 0.0
0.0 0.0 0.0
0.0 0.0 0.0
-11.179749488830566 23.49636459350586 -3.6929991245269775
0.0 0.0 0.0
-10.500750541687012 22.88516616821289 -3.696770668029785
-10.37449836730957 23.038681030273438 -3.7724945545196533
0.0 0.0 0.0
0.0 0.0 0.0
0.0 0.0 0.0
0.0 0.0 0.0
-9.00808334350586 22.027435302734375 -3.8366849422454834
-8.859922409057617 22.103195190429688 -3.892890453338623
0.0 0.0 0.0
-8.333829879760742 21.657976150512695 -3.898603916168213
0.0 0.0 0.0
-7.937777519226074 21.525564193725586 -3.957054853439331
-7.727585792541504 21.413118362426758 -3.975680351257324
-7.4681315422058105 21.153728485107422 -3.9663727283477783
-7.299290657043457 21.1427059173584 -4.003175258636475
-7.051885604858398 20.89768409729004 -3.9934849739074707
-6.916642189025879 20.986858367919922 -4.047350883483887
0.0 0.0 0.0
-6.495296478271484 20.673757553100586 -4.0585150718688965
-6.320669651031494 20.619274139404297 -4.08201265335083
-6.128698825836182 20.501039505004883 -4.0913872718811035
-5.934401988983154 20.36644744873047 -4.097184181213379
-5.785914421081543 20.393047332763672 -4.135887622833252
-5.60405158996582 20.288856506347656 -4.1464972496032715
-5.425217151641846 20.187185287475586 -4.15539026260376
-5.250830173492432 20.095191955566406 -4.1661376953125
-5.095102787017822 20.068546295166016 -4.190345287322998
-4.899880886077881 19.888885498046875 -4.182663917541504
-4.7705302238464355 19.96070098876953 -4.2244415283203125
-4.588756561279297 19.80800437927246 -4.218704700469971
-4.449381351470947 19.83292579650879 -4.25079345703125
-4.279872894287109 19.718612670898438 -4.2530622482299805
-4.128612518310547 19.69367790222168 -4.272154331207275
-3.942530632019043 19.480113983154297 -4.249172687530518
-3.808504581451416 19.516170501708984 -4.280611991882324
-3.658792495727539 19.468692779541016 -4.293849945068359
-3.5092928409576416 19.416757583618164 -4.304065704345703
-3.3611605167388916 19.379352569580078 -4.31633186340332
-3.202284574508667 19.257753372192383 -4.309507846832275
-3.063251495361328 19.247913360595703 -4.327730178833008
-2.9285621643066406 19.26369857788086 -4.350679874420166
-2.7769434452056885 19.16214942932129 -4.344534397125244
-2.632087469100952 19.097213745117188 -4.346729278564453
-2.4972033500671387 19.118328094482422 -4.368971824645996
-2.3589818477630615 19.092927932739258 -4.380263328552246
-2.218007802963257 19.040878295898438 -4.381862163543701
-2.0730457305908203 18.942378997802734 -4.37284517288208
-1.9349943399429321 18.895832061767578 -4.375914096832275
-1.803964614868164 18.939382553100586 -4.400301456451416
-1.6711422204971313 18.9409122467041 -4.411491870880127
-1.540885090827942 18.972030639648438 -4.428918361663818
-1.4019691944122314 18.89223289489746 -4.420642375946045
-1.2669322490692139 18.84938621520996 -4.421141624450684
-1.1323100328445435 18.84036636352539 -4.4275665283203125
-1.0020724534988403 18.861122131347656 -4.439023017883301
-0.8693568110466003 18.83539390563965 -4.439755916595459
-0.7373455166816711 18.816333770751953 -4.442256927490234
-0.6072713732719421 18.842212677001953 -4.454374313354492
-0.47478413581848145 18.883140563964844 -4.467186450958252
-0.341439813375473 18.774877548217773 -4.444854259490967
-0.2112037092447281 18.806320190429688 -4.4557976722717285
-0.08041726052761078 18.806472778320312 -4.459437370300293
0.050579532980918884 18.840911865234375 -4.467014789581299
0.18187515437602997 18.870635986328125 -4.473690032958984
0.3157166838645935 18.884204864501953 -4.476749420166016
0.44575613737106323 18.828479766845703 -4.463603496551514
0.579501211643219 18.92083168029785 -4.482227802276611
0.7114289999008179 18.925092697143555 -4.4791460037231445
0.8455032110214233 18.977811813354492 -4.4877400398254395
0.9780414700508118 18.9383602142334 -4.474685192108154
1.1097527742385864 18.932764053344727 -4.467635631561279
1.2458771467208862 18.991212844848633 -4.4737749099731445
1.3871328830718994 19.109390258789062 -4.494133949279785
1.521485447883606 19.116573333740234 -4.4885454177856445
1.6631239652633667 19.17976188659668 -4.495007514953613
1.79387366771698 19.140531539916992 -4.4745707511901855
1.9397940635681152 19.2556209564209 -4.4903717041015625
2.073275327682495 19.237180709838867 -4.475173473358154
2.2212107181549072 19.346389770507812 -4.489837169647217
2.365946054458618 19.394689559936523 -4.486147403717041
2.5076937675476074 19.430824279785156 -4.479989051818848
2.660189151763916 19.541423797607422 -4.491104602813721
2.7955899238586426 19.51886558532715 -4.471734523773193
2.936490535736084 19.53366470336914 -4.458181381225586
3.0783894062042236 19.551441192626953 -4.4443559646606445
3.243614435195923 19.691986083984375 -4.458159923553467
3.402653694152832 19.797739028930664 -4.464375019073486
3.5499532222747803 19.827533721923828 -4.45180606842041
3.709092140197754 19.916650772094727 -4.450616836547852
3.8573262691497803 19.940839767456055 -4.434973239898682
4.0047149658203125 19.944826126098633 -4.414623260498047
4.194295406341553 20.161340713500977 -4.440915584564209
4.342939376831055 20.171485900878906 -4.418820381164551
4.519317150115967 20.303592681884766 -4.423432350158691
4.675487518310547 20.337419509887695 -4.406591892242432
4.8524556159973145 20.4439754486084 -4.405084609985352
5.008930683135986 20.468435287475586 -4.383174419403076
5.200572967529297 20.628986358642578 -4.390078067779541
5.383172035217285 20.743473052978516 -4.386952877044678
5.56268835067749 20.837961196899414 -4.379457473754883
5.753666877746582 20.956615447998047 -4.3742995262146
5.925257682800293 21.008092880249023 -4.354494094848633
6.125553607940674 21.15389060974121 -4.354071617126465
6.342533588409424 21.345701217651367 -4.362712383270264
6.523135185241699 21.407506942749023 -4.3433709144592285
6.735387802124023 21.555253982543945 -4.3388800621032715
6.92859411239624 21.643375396728516 -4.322717189788818
7.124552249908447 21.73350715637207 -4.306766510009766
7.3489532470703125 21.902175903320312 -4.305532932281494
7.566305637359619 22.040111541748047 -4.29561710357666
7.729770183563232 22.016630172729492 -4.254152774810791
8.007925033569336 22.302133560180664 -4.271307945251465
8.196279525756836 22.33672523498535 -4.240570545196533
8.465036392211914 22.582744598388672 -4.247199058532715
8.704795837402344 22.739898681640625 -4.236390590667725
8.942963600158691 22.884096145629883 -4.222660541534424
9.128119468688965 22.878408432006836 -4.180287837982178
9.411977767944336 23.122488021850586 -4.18184757232666
9.717676162719727 23.406511306762695 -4.189226150512695
9.943658828735352 23.488706588745117 -4.159782409667969
10.304190635681152 23.87693977355957 -4.183633327484131
10.550975799560547 23.981647491455078 -4.15421199798584
10.770519256591797 24.025217056274414 -4.113882541656494
11.116435050964355 24.340700149536133 -4.11929178237915
11.429689407348633 24.57217788696289 -4.109374046325684
0.0 0.0 0.0
12.013420104980469 24.906749725341797 -4.060845375061035
0.0 0.0 0.0
0.0 0.0 0.0
12.949952125549316 25.475664138793945 -3.99090313911438
0.0 0.0 0.0
13.712763786315918 26.07437515258789 -3.969329595565796
0.0 0.0 0.0
14.415180206298828 26.50247573852539 -3.9130325317382812
14.8309326171875 26.8203067779541 -3.8970062732696533
0.0 0.0 0.0
0.0 0.0 0.0
16.137113571166992 27.789560317993164 -3.8361310958862305
16.606718063354492 28.146495819091797 -3.8152122497558594
0.0 0.0 0.0
0.0 0.0 0.0
0.0 0.0 0.0
18.52861785888672 29.491121292114258 -3.688523292541504
0.0 0.0 0.0
0.0 0.0 0.0
0.0 0.0 0.0
0.0 0.0 0.0
0.0 0.0 0.0
0.0 0.0 0.0
0.0 0.0 0.0
0.0 0.0 0.0
0.0 0.0 0.0
0.0 0.0 0.0
0.0 0.0 0.0
0.0 0.0 0.0
0.0 0.0 0.0
0.0 0.0 0.0
0.0 0.0 0.0
0.0 0.0 0.0
0.0 0.0 0.0
0.0 0.0 0.0
0.0 0.0 0.0
0.0 0.0 0.0
0.0 0.0 0.0
0.0 0.0 0.0
0.0 0.0 0.0
0.0 0.0 0.0
0.0 0.0 0.0
0.0 0.0 0.0
0.0 0.0 0.0
0.0 0.0 0.0
0.0 0.0 0.0
0.0 0.0 0.0
0.0 0.0 0.0
0.0 0.0 0.0
0.0 0.0 0.0
0.0 0.0 0.0
0.0 0.0 0.0
0.0 0.0 0.0
0.0 0.0 0.0
0.0 0.0 0.0
0.0 0.0 0.0
0.0 0.0 0.0
0.0 0.0 0.0
0.0 0.0 0.0
0.0 0.0 0.0
0.0 0.0 0.0
0.0 0.0 0.0
0.0 0.0 0.0
0.0 0.0 0.0
0.0 0.0 0.0
0.0 0.0 0.0
0.0 0.0 0.0
0.0 0.0 0.0
0.0 0.0 0.0
0.0 0.0 0.0
0.0 0.0 0.0
0.0 0.0 0.0
0.0 0.0 0.0
0.0 0.0 0.0
0.0 0.0 0.0
0.0 0.0 0.0
0.0 0.0 0.0
0.0 0.0 0.0
0.0 0.0 0.0
0.0 0.0 0.0
0.0 0.0 0.0
0.0 0.0 0.0
0.0 0.0 0.0
0.0 0.0 0.0
0.0 0.0 0.0
0.0 0.0 0.0
0.0 0.0 0.0
0.0 0.0 0.0
0.0 0.0 0.0
0.0 0.0 0.0
0.0 0.0 0.0
0.0 0.0 0.0
0.0 0.0 0.0
0.0 0.0 0.0
0.0 0.0 0.0
0.0 0.0 0.0
0.0 0.0 0.0
0.0 0.0 0.0
0.0 0.0 0.0
0.0 0.0 0.0
0.0 0.0 0.0
0.0 0.0 0.0
0.0 0.0 0.0
0.0 0.0 0.0
0.0 0.0 0.0
0.0 0.0 0.0
0.0 0.0 0.0
0.0 0.0 0.0
0.0 0.0 0.0
0.0 0.0 0.0
0.0 0.0 0.0
0.0 0.0 0.0
0.0 0.0 0.0
0.0 0.0 0.0
0.0 0.0 0.0
0.0 0.0 0.0
0.0 0.0 0.0
0.0 0.0 0.0
0.0 0.0 0.0
0.0 0.0 0.0
0.0 0.0 0.0
0.0 0.0 0.0
0.0 0.0 0.0
0.0 0.0 0.0
0.0 0.0 0.0
0.0 0.0 0.0
0.0 0.0 0.0
0.0 0.0 0.0
0.0 0.0 0.0
0.0 0.0 0.0
0.0 0.0 0.0
0.0 0.0 0.0
0.0 0.0 0.0
0.0 0.0 0.0
0.0 0.0 0.0
0.0 0.0 0.0
0.0 0.0 0.0
0.0 0.0 0.0
0.0 0.0 0.0
0.0 0.0 0.0
0.0 0.0 0.0
0.0 0.0 0.0
0.0 0.0 0.0
0.0 0.0 0.0
0.0 0.0 0.0
0.0 0.0 0.0
0.0 0.0 0.0
0.0 0.0 0.0
0.0 0.0 0.0
0.0 0.0 0.0
0.0 0.0 0.0
0.0 0.0 0.0
0.0 0.0 0.0
0.0 0.0 0.0
0.0 0.0 0.0
0.0 0.0 0.0
0.0 0.0 0.0
0.0 0.0 0.0
0.0 0.0 0.0
0.0 0.0 0.0
0.0 0.0 0.0
0.0 0.0 0.0
0.0 0.0 0.0
0.0 0.0 0.0
0.0 0.0 0.0
0.0 0.0 0.0
0.0 0.0 0.0
0.0 0.0 0.0
0.0 0.0 0.0
0.0 0.0 0.0
0.0 0.0 0.0
0.0 0.0 0.0
0.0 0.0 0.0
0.0 0.0 0.0
0.0 0.0 0.0
0.0 0.0 0.0
0.0 0.0 0.0
0.0 0.0 0.0
0.0 0.0 0.0
0.0 0.0 0.0
0.0 0.0 0.0
0.0 0.0 0.0
0.0 0.0 0.0
0.0 0.0 0.0
0.0 0.0 0.0
0.0 0.0 0.0
-107.32600402832031 205.62286376953125 42.49773025512695
0.0 0.0 0.0
0.0 0.0 0.0
0.0 0.0 0.0
0.0 0.0 0.0
0.0 0.0 0.0
0.0 0.0 0.0
0.0 0.0 0.0
0.0 0.0 0.0
0.0 0.0 0.0
0.0 0.0 0.0
0.0 0.0 0.0
0.0 0.0 0.0
0.0 0.0 0.0
0.0 0.0 0.0
0.0 0.0 0.0
0.0 0.0 0.0
0.0 0.0 0.0
0.0 0.0 0.0
0.0 0.0 0.0
0.0 0.0 0.0
0.0 0.0 0.0
0.0 0.0 0.0
0.0 0.0 0.0
0.0 0.0 0.0
0.0 0.0 0.0
0.0 0.0 0.0
0.0 0.0 0.0
0.0 0.0 0.0
0.0 0.0 0.0
0.0 0.0 0.0
0.0 0.0 0.0
0.0 0.0 0.0
0.0 0.0 0.0
0.0 0.0 0.0
0.0 0.0 0.0
0.0 0.0 0.0
0.0 0.0 0.0
0.0 0.0 0.0
0.0 0.0 0.0
0.0 0.0 0.0
0.0 0.0 0.0
0.0 0.0 0.0
0.0 0.0 0.0
0.0 0.0 0.0
-12.145143508911133 23.993648529052734 -3.5448355674743652
0.0 0.0 0.0
0.0 0.0 0.0
0.0 0.0 0.0
0.0 0.0 0.0
0.0 0.0 0.0
0.0 0.0 0.0
0.0 0.0 0.0
0.0 0.0 0.0
0.0 0.0 0.0
0.0 0.0 0.0
-9.158379554748535 22.168764114379883 -3.79984450340271
0.0 0.0 0.0
0.0 0.0 0.0
0.0 0.0 0.0
0.0 0.0 0.0
-8.053826332092285 21.605199813842773 -3.910224199295044
0.0 0.0 0.0
-7.652754306793213 21.43487548828125 -3.95773983001709
0.0 0.0 0.0
-7.217784881591797 21.14986228942871 -3.9801292419433594
-7.050845146179199 21.14096450805664 -4.014967441558838
-6.828413009643555 20.958988189697266 -4.01666259765625
-6.628516674041748 20.83740234375 -4.029007911682129
-6.450038909912109 20.77685546875 -4.050648212432861
-6.246737957000732 20.638330459594727 -4.057445049285889
-6.066816806793213 20.559972763061523 -4.075207233428955
-5.917978286743164 20.583351135253906 -4.113138198852539
-5.734405517578125 20.4804630279541 -4.122961521148682
-5.535562038421631 20.313161849975586 -4.119412422180176
-5.39172887802124 20.3521671295166 -4.158171653747559
-5.23778772354126 20.341323852539062 -4.186356544494629
-5.046083450317383 20.177440643310547 -4.18060827255249
-4.86979341506958 20.064178466796875 -4.184179782867432
-4.699566841125488 19.9681396484375 -4.191221714019775
-4.522581577301025 19.845056533813477 -4.192889213562012
-4.382992744445801 19.869815826416016 -4.223752498626709
-4.212527275085449 19.748016357421875 -4.221644878387451
-4.059257507324219 19.699756622314453 -4.235231876373291
-3.902393341064453 19.62784194946289 -4.243740081787109
-3.7560176849365234 19.615211486816406 -4.264825820922852
-3.6087491512298584 19.582979202270508 -4.2785773277282715
-3.4561192989349365 19.51580810546875 -4.284757614135742
-3.308439254760742 19.470060348510742 -4.295690536499023
-3.1707603931427 19.479707717895508 -4.318978786468506
-3.006237506866455 19.33104133605957 -4.303993225097656
-2.87093186378479 19.34690284729004 -4.325050354003906
-2.7232789993286133 19.274953842163086 -4.326610088348389
-2.5940091609954834 19.33037757873535 -4.356930255889893
-2.449753761291504 19.271989822387695 -4.359294414520264
-2.300719976425171 19.163644790649414 -4.349000930786133
-2.165849208831787 19.18691062927246 -4.368969440460205
-2.0182271003723145 19.068870544433594 -4.356640338897705
-1.8858985900878906 19.086517333984375 -4.373891830444336
-1.7462104558944702 19.024169921875 -4.370337963104248
-1.6169887781143188 19.07463836669922 -4.392909049987793
-1.4822098016738892 19.09017562866211 -4.407871246337891
-1.3450262546539307 19.040191650390625 -4.407268524169922
-1.2115164995193481 19.031843185424805 -4.412620544433594
-1.0728044509887695 18.927579879760742 -4.395898818969727
-0.9390022158622742 18.890735626220703 -4.3949875831604
-0.8075857162475586 18.951841354370117 -4.417230129241943
-0.6779602766036987 19.020366668701172 -4.437762260437012
-0.5451430678367615 19.0082950592041 -4.438996315002441
-0.41260939836502075 18.999103546142578 -4.4411115646362305
-0.27961260080337524 18.947153091430664 -4.433431625366211
-0.14575745165348053 18.97852325439453 -4.442937850952148
-0.013877131044864655 19.00180435180664 -4.448696613311768
0.11827194690704346 18.993736267089844 -4.44733190536499
0.25111886858940125 19.057008743286133 -4.462888240814209
0.38470274209976196 19.104419708251953 -4.473674297332764
0.5146375894546509 18.995729446411133 -4.444884300231934
0.6488505005836487 18.984926223754883 -4.439179420471191
0.7845833897590637 19.068267822265625 -4.455746650695801
0.9160652756690979 19.04047203063965 -4.446491241455078
1.0550700426101685 19.153268814086914 -4.465925693511963
1.1874399185180664 19.13214874267578 -4.454314708709717
1.3168593645095825 19.037858963012695 -4.425809860229492
1.463260531425476 19.212236404418945 -4.4600605964660645
1.5982519388198853 19.219324111938477 -4.452499866485596
1.7411203384399414 19.309093475341797 -4.46315860748291
1.872282862663269 19.26520347595215 -4.443117141723633
2.018005132675171 19.341392517089844 -4.4507832527160645
2.1632232666015625 19.424720764160156 -4.458456039428711
2.3166708946228027 19.564178466796875 -4.4768571853637695
2.4511520862579346 19.53615951538086 -4.4570722579956055
2.5863540172576904 19.514753341674805 -4.439028263092041
2.740246534347534 19.609291076660156 -4.446496486663818
2.882735013961792 19.6319637298584 -4.434784889221191
3.03611421585083 19.721435546875 -4.438256740570068
3.1902737617492676 19.805978775024414 -4.4406609535217285
3.3552517890930176 19.945777893066406 -4.455456256866455
3.504030704498291 19.979764938354492 -4.443185806274414
3.639558792114258 19.922245025634766 -4.410006523132324
3.7968251705169678 19.995420455932617 -4.406287670135498
3.958242416381836 20.082374572753906 -4.405620098114014
4.132718086242676 20.224641799926758 -4.414773941040039
4.279344081878662 20.223731994628906 -4.3913092613220215
4.444277763366699 20.292219161987305 -4.382575511932373
4.607790946960449 20.359874725341797 -4.374089241027832
4.812444686889648 20.597787857055664 -4.400878429412842
4.967110633850098 20.611190795898438 -4.377385139465332
5.135105133056641 20.675405502319336 -4.364729881286621
5.320021152496338 20.789684295654297 -4.362109661102295
5.489496231079102 20.847503662109375 -4.347795486450195
5.706313133239746 21.074588775634766 -4.365527629852295
5.855709075927734 21.045053482055664 -4.329948902130127
0.0 0.0 0.0
6.252647399902344 21.309463500976562 -4.324546813964844
6.459290027618408 21.460050582885742 -4.323046684265137
6.657248497009277 21.57222557067871 -4.312961578369141
6.840888977050781 21.6314754486084 -4.292132377624512
7.006744384765625 21.63076400756836 -4.259411334991455
7.270785808563232 21.92434310913086 -4.282731056213379
7.490170001983643 22.062063217163086 -4.2732110023498535
7.7456278800964355 22.303932189941406 -4.283957481384277
7.914788246154785 22.289798736572266 -4.245228290557861
8.168070793151855 22.505884170532227 -4.249170303344727
8.430241584777832 22.734285354614258 -4.253140926361084
0.0 0.0 0.0
8.876779556274414 22.94562339782715 -4.213015079498291
9.160752296447754 23.199365615844727 -4.219243049621582
9.339552879333496 23.179027557373047 -4.173145294189453
9.619583129882812 23.403223037719727 -4.170702934265137
9.901689529418945 23.612987518310547 -4.164130687713623
10.176502227783203 23.80348014831543 -4.154024124145508
10.444319725036621 23.966703414916992 -4.136186122894287
10.78872013092041 24.29309844970703 -4.145474433898926
10.928143501281738 24.151668548583984 -4.074524402618408
0.0 0.0 0.0
11.675882339477539 24.869226455688477 -4.095879077911377
11.999117851257324 25.102684020996094 -4.083176612854004
12.30081844329834 25.280765533447266 -4.060526371002197
12.536726951599121 25.317365646362305 -4.014548301696777
0.0 0.0 0.0
13.20455265045166 25.751564025878906 -3.97184681892395
13.58980941772461 26.055269241333008 -3.9625110626220703
13.937748908996582 26.27655792236328 -3.939040422439575
0.0 0.0 0.0
14.753900527954102 26.905656814575195 -3.9109103679656982
0.0 0.0 0.0
0.0 0.0 0.0
0.0 0.0 0.0
0.0 0.0 0.0
0.0 0.0 0.0
0.0 0.0 0.0
0.0 0.0 0.0
0.0 0.0 0.0
0.0 0.0 0.0
0.0 0.0 0.0
0.0 0.0 0.0
0.0 0.0 0.0
21.219696044921875 31.534757614135742 -3.517887830734253
0.0 0.0 0.0
0.0 0.0 0.0
0.0 0.0 0.0
0.0 0.0 0.0
24.721920013427734 34.111297607421875 -3.2616963386535645
0.0 0.0 0.0
0.0 0.0 0.0
0.0 0.0 0.0
0.0 0.0 0.0
0.0 0.0 0.0
0.0 0.0 0.0
0.0 0.0 0.0
0.0 0.0 0.0
0.0 0.0 0.0
0.0 0.0 0.0
0.0 0.0 0.0
0.0 0.0 0.0
0.0 0.0 0.0
0.0 0.0 0.0
0.0 0.0 0.0
0.0 0.0 0.0
0.0 0.0 0.0
0.0 0.0 0.0
0.0 0.0 0.0
0.0 0.0 0.0
0.0 0.0 0.0
0.0 0.0 0.0
0.0 0.0 0.0
0.0 0.0 0.0
0.0 0.0 0.0
0.0 0.0 0.0
0.0 0.0 0.0
0.0 0.0 0.0
92.46571350097656 201.66213989257812 43.191802978515625
0.0 0.0 0.0
0.0 0.0 0.0
0.0 0.0 0.0
0.0 0.0 0.0
0.0 0.0 0.0
0.0 0.0 0.0
0.0 0.0 0.0
0.0 0.0 0.0
0.0 0.0 0.0
0.0 0.0 0.0
0.0 0.0 0.0
0.0 0.0 0.0
0.0 0.0 0.0
0.0 0.0 0.0
0.0 0.0 0.0
0.0 0.0 0.0
0.0 0.0 0.0
0.0 0.0 0.0
0.0 0.0 0.0
0.0 0.0 0.0
0.0 0.0 0.0
0.0 0.0 0.0
0.0 0.0 0.0
0.0 0.0 0.0
0.0 0.0 0.0
0.0 0.0 0.0
0.0 0.0 0.0
0.0 0.0 0.0
0.0 0.0 0.0
0.0 0.0 0.0
0.0 0.0 0.0
0.0 0.0 0.0
0.0 0.0 0.0
0.0 0.0 0.0
0.0 0.0 0.0
0.0 0.0 0.0
0.0 0.0 0.0
0.0 0.0 0.0
0.0 0.0 0.0
0.0 0.0 0.0
0.0 0.0 0.0
0.0 0.0 0.0
0.0 0.0 0.0
0.0 0.0 0.0
0.0 0.0 0.0
0.0 0.0 0.0
0.0 0.0 0.0
0.0 0.0 0.0
0.0 0.0 0.0
0.0 0.0 0.0
0.0 0.0 0.0
0.0 0.0 0.0
0.0 0.0 0.0
0.0 0.0 0.0
0.0 0.0 0.0
0.0 0.0 0.0
0.0 0.0 0.0
0.0 0.0 0.0
0.0 0.0 0.0
0.0 0.0 0.0
0.0 0.0 0.0
0.0 0.0 0.0
0.0 0.0 0.0
0.0 0.0 0.0
0.0 0.0 0.0
0.0 0.0 0.0
0.0 0.0 0.0
0.0 0.0 0.0
0.0 0.0 0.0
0.0 0.0 0.0
0.0 0.0 0.0
0.0 0.0 0.0
0.0 0.0 0.0
0.0 0.0 0.0
0.0 0.0 0.0
0.0 0.0 0.0
0.0 0.0 0.0
0.0 0.0 0.0
0.0 0.0 0.0
0.0 0.0 0.0
0.0 0.0 0.0
0.0 0.0 0.0
0.0 0.0 0.0
0.0 0.0 0.0
0.0 0.0 0.0
0.0 0.0 0.0
0.0 0.0 0.0
0.0 0.0 0.0
0.0 0.0 0.0
0.0 0.0 0.0
0.0 0.0 0.0
0.0 0.0 0.0
0.0 0.0 0.0
0.0 0.0 0.0
0.0 0.0 0.0
0.0 0.0 0.0
0.0 0.0 0.0
0.0 0.0 0.0
0.0 0.0 0.0
0.0 0.0 0.0
0.0 0.0 0.0
0.0 0.0 0.0
0.0 0.0 0.0
0.0 0.0 0.0
0.0 0.0 0.0
0.0 0.0 0.0
0.0 0.0 0.0
0.0 0.0 0.0
0.0 0.0 0.0
0.0 0.0 0.0
0.0 0.0 0.0
0.0 0.0 0.0
0.0 0.0 0.0
0.0 0.0 0.0
0.0 0.0 0.0
0.0 0.0 0.0
0.0 0.0 0.0
0.0 0.0 0.0
0.0 0.0 0.0
0.0 0.0 0.0
0.0 0.0 0.0
0.0 0.0 0.0
0.0 0.0 0.0
0.0 0.0 0.0
0.0 0.0 0.0
0.0 0.0 0.0
0.0 0.0 0.0
0.0 0.0 0.0
0.0 0.0 0.0
0.0 0.0 0.0
0.0 0.0 0.0
0.0 0.0 0.0
0.0 0.0 0.0
0.0 0.0 0.0
0.0 0.0 0.0
0.0 0.0 0.0
0.0 0.0 0.0
0.0 0.0 0.0
0.0 0.0 0.0
0.0 0.0 0.0
0.0 0.0 0.0
0.0 0.0 0.0
0.0 0.0 0.0
0.0 0.0 0.0
0.0 0.0 0.0
0.0 0.0 0.0
0.0 0.0 0.0
0.0 0.0 0.0
0.0 0.0 0.0
0.0 0.0 0.0
0.0 0.0 0.0
0.0 0.0 0.0
0.0 0.0 0.0
0.0 0.0 0.0
0.0 0.0 0.0
0.0 0.0 0.0
0.0 0.0 0.0
0.0 0.0 0.0
0.0 0.0 0.0
0.0 0.0 0.0
0.0 0.0 0.0
0.0 0.0 0.0
0.0 0.0 0.0
0.0 0.0 0.0
-15.90536880493164 26.40916633605957 -3.176612377166748
0.0 0.0 0.0
0.0 0.0 0.0
-14.75536060333252 25.707643508911133 -3.2985572814941406
-14.39600944519043 25.49109649658203 -3.33705472946167
0.0 0.0 0.0
0.0 0.0 0.0
0.0 0.0 0.0
-12.931890487670898 24.478633880615234 -3.4475467205047607
-12.69749927520752 24.447280883789062 -3.500115156173706
-12.442172050476074 24.368505477905273 -3.545102834701538
0.0 0.0 0.0
0.0 0.0 0.0
0.0 0.0 0.0
0.0 0.0 0.0
0.0 0.0 0.0
0.0 0.0 0.0
0.0 0.0 0.0
0.0 0.0 0.0
0.0 0.0 0.0
0.0 0.0 0.0
0.0 0.0 0.0
0.0 0.0 0.0
0.0 0.0 0.0
0.0 0.0 0.0
-8.433798789978027 21.917104721069336 -3.8715274333953857
0.0 0.0 0.0
-7.97023344039917 21.613067626953125 -3.897902488708496
0.0 0.0 0.0
0.0 0.0 0.0
-7.338058948516846 21.257535934448242 -3.946099042892456
0.0 0.0 0.0
-6.964842319488525 21.135250091552734 -3.997000217437744
-6.771490097045898 21.0406551361084 -4.013350486755371
0.0 0.0 0.0
-6.370529651641846 20.780376434326172 -4.030392646789551
0.0 0.0 0.0
0.0 0.0 0.0
-5.845167636871338 20.60018539428711 -4.091507434844971
-5.66596794128418 20.511463165283203 -4.104498863220215
-5.485462188720703 20.410123825073242 -4.1147565841674805
-5.311349868774414 20.326080322265625 -4.1273322105407715
-5.1718525886535645 20.370975494384766 -4.1640625
-4.99744176864624 20.28516387939453 -4.174618244171143
-4.8233842849731445 20.18256950378418 -4.181119441986084
-4.633711338043213 20.004039764404297 -4.171400547027588
-4.496564865112305 20.044782638549805 -4.204288482666016
-4.330663681030273 19.953678131103516 -4.209606170654297
-4.176264762878418 19.92158317565918 -4.227818012237549
-3.990953207015991 19.719257354736328 -4.209316730499268
-3.855475664138794 19.75609016418457 -4.239102363586426
-3.7097725868225098 19.73951530456543 -4.256917953491211
-3.558370351791382 19.688024520874023 -4.267293930053711
-3.400132417678833 19.605623245239258 -4.271386623382568
-3.247020959854126 19.52960968017578 -4.274562358856201
-3.1073014736175537 19.528188705444336 -4.292365074157715
-2.9551403522491455 19.4427490234375 -4.2917962074279785
-2.8125290870666504 19.41280746459961 -4.303550720214844
-2.6699836254119873 19.378225326538086 -4.313528537750244
-2.5445871353149414 19.487197875976562 -4.3528242111206055
-2.3903613090515137 19.352876663208008 -4.3376784324646
-2.2476887702941895 19.30072021484375 -4.341014385223389
-2.1129064559936523 19.311941146850586 -4.358765602111816
-1.9797425270080566 19.338178634643555 -4.376322269439697
-1.8349698781967163 19.268882751464844 -4.372355937957764
-1.6957331895828247 19.221134185791016 -4.373201370239258
-1.5561814308166504 19.161014556884766 -4.371378421783447
-1.4195897579193115 19.1270694732666 -4.372945785522461
-1.2843469381332397 19.103878021240234 -4.375665187835693
-1.146838903427124 19.076040267944336 -4.377656936645508
-1.0173232555389404 19.145980834960938 -4.402174472808838
-0.8819707036018372 19.105079650878906 -4.399847984313965
-0.7535509467124939 19.227384567260742 -4.432610511779785
-0.6147670745849609 19.078697204589844 -4.403104782104492
-0.4814683198928833 19.15355682373047 -4.425472259521484
-0.34626245498657227 19.0524959564209 -4.4069366455078125
-0.21380847692489624 19.05412483215332 -4.4083123207092285
-0.08154675364494324 19.134750366210938 -4.428184986114502
0.05148863047361374 19.142147064208984 -4.431328296661377
0.1843988448381424 19.11056137084961 -4.425662040710449
0.3193621039390564 19.097814559936523 -4.421072483062744
0.4542236924171448 19.183286666870117 -4.438534736633301
0.5886576175689697 19.214548110961914 -4.443655014038086
0.7246922850608826 19.275293350219727 -4.455798625946045
0.8582536578178406 19.25950813293457 -4.448269844055176
0.9949613809585571 19.26218605041504 -4.442958831787109
1.1310030221939087 19.290599822998047 -4.443889617919922
1.264746069908142 19.276264190673828 -4.435180187225342
1.405826210975647 19.36374282836914 -4.449110984802246
1.5366990566253662 19.30670928955078 -4.4265851974487305
1.68659245967865 19.449718475341797 -4.449931621551514
1.8177546262741089 19.394567489624023 -4.428267002105713
1.9638859033584595 19.49392318725586 -4.442065238952637
2.1077141761779785 19.555124282836914 -4.443435192108154
2.2510523796081543 19.60399055480957 -4.4418625831604
2.4087612628936768 19.74237823486328 -4.460426330566406
2.5324833393096924 19.61891746520996 -4.420236587524414
2.685270071029663 19.721895217895508 -4.428750038146973
2.8295459747314453 19.75226402282715 -4.419632911682129
2.979329824447632 19.815547943115234 -4.418012619018555
3.134286880493164 19.904098510742188 -4.42209529876709
3.2845447063446045 19.938692092895508 -4.41263484954834
3.4400956630706787 20.0144100189209 -4.410154342651367
3.584747552871704 20.02129364013672 -4.392605781555176
3.7562296390533447 20.16979217529297 -4.406157970428467
3.920527696609497 20.268198013305664 -4.408557415008545
4.060562610626221 20.223203659057617 -4.3761396408081055
4.238039970397949 20.372220993041992 -4.386165618896484
4.412318706512451 20.493608474731445 -4.3900885581970215
4.5875139236450195 20.60988998413086 -4.392846584320068
4.7303667068481445 20.57614517211914 -4.36106014251709
4.904587745666504 20.66392707824707 -4.353842258453369
5.0952277183532715 20.821407318115234 -4.361564636230469
5.261009693145752 20.869653701782227 -4.346325397491455
5.451774597167969 21.009571075439453 -4.348606109619141
5.614600658416748 21.033357620239258 -4.32504415512085
5.8099822998046875 21.1624813079834 -4.322575569152832
0.0 0.0 0.0
6.210343837738037 21.446548461914062 -4.322528839111328
6.393328666687012 21.51662254333496 -4.30496072769165
6.605557441711426 21.676963806152344 -4.30521821975708
6.840148448944092 21.88972282409668 -4.314896106719971
6.974758148193359 21.786523818969727 -4.262770652770996
7.211123943328857 21.996837615966797 -4.269225120544434
7.44358491897583 22.18311882019043 -4.270351886749268
7.652799606323242 22.29094696044922 -4.255985736846924
7.895897388458252 22.48760986328125 -4.2581329345703125
8.097845077514648 22.55127716064453 -4.232324600219727
8.32654094696045 22.689918518066406 -4.220205783843994
8.523625373840332 22.736446380615234 -4.190726280212402
8.786625862121582 22.95026397705078 -4.191641807556152
9.032915115356445 23.111783981323242 -4.181145668029785
9.30644702911377 23.323823928833008 -4.177279472351074
9.538196563720703 23.4307861328125 -4.154802322387695
9.769097328186035 23.528474807739258 -4.130274295806885
10.082683563232422 23.816181182861328 -4.137487411499023
10.27169132232666 23.799556732177734 -4.089730262756348
0.0 0.0 0.0
10.951668739318848 24.42643165588379 -4.104489803314209
11.244915008544922 24.621417999267578 -4.090028285980225
0.0 0.0 0.0
11.787673950195312 24.887540817260742 -4.03521728515625
0.0 0.0 0.0
12.404058456420898 25.267230987548828 -3.9941840171813965
12.77561092376709 25.57271385192871 -3.9886202812194824
0.0 0.0 0.0
0.0 0.0 0.0
13.782079696655273 26.205673217773438 -3.9199204444885254
14.257226943969727 26.648479461669922 -3.9256742000579834
0.0 0.0 0.0
14.99867057800293 27.117902755737305 -3.873154401779175
0.0 0.0 0.0
0.0 0.0 0.0
0.0 0.0 0.0
0.0 0.0 0.0
0.0 0.0 0.0
0.0 0.0 0.0
0.0 0.0 0.0
0.0 0.0 0.0
0.0 0.0 0.0
0.0 0.0 0.0
0.0 0.0 0.0
0.0 0.0 0.0
0.0 0.0 0.0
0.0 0.0 0.0
0.0 0.0 0.0
0.0 0.0 0.0
0.0 0.0 0.0
0.0 0.0 0.0
0.0 0.0 0.0
0.0 0.0 0.0
0.0 0.0 0.0
0.0 0.0 0.0
0.0 0.0 0.0
0.0 0.0 0.0
0.0 0.0 0.0
0.0 0.0 0.0
0.0 0.0 0.0
0.0 0.0 0.0
0.0 0.0 0.0
0.0 0.0 0.0
0.0 0.0 0.0
0.0 0.0 0.0
0.0 0.0 0.0
0.0 0.0 0.0
0.0 0.0 0.0
0.0 0.0 0.0
0.0 0.0 0.0
0.0 0.0 0.0
0.0 0.0 0.0
0.0 0.0 0.0
0.0 0.0 0.0
0.0 0.0 0.0
0.0 0.0 0.0
0.0 0.0 0.0
0.0 0.0 0.0
0.0 0.0 0.0
0.0 0.0 0.0
0.0 0.0 0.0
0.0 0.0 0.0
0.0 0.0 0.0
0.0 0.0 0.0
0.0 0.0 0.0
0.0 0.0 0.0
0.0 0.0 0.0
0.0 0.0 0.0
0.0 0.0 0.0
0.0 0.0 0.0
0.0 0.0 0.0
0.0 0.0 0.0
0.0 0.0 0.0
0.0 0.0 0.0
0.0 0.0 0.0
0.0 0.0 0.0
0.0 0.0 0.0
0.0 0.0 0.0
0.0 0.0 0.0
0.0 0.0 0.0
0.0 0.0 0.0
0.0 0.0 0.0
0.0 0.0 0.0
0.0 0.0 0.0
0.0 0.0 0.0
0.0 0.0 0.0
0.0 0.0 0.0
0.0 0.0 0.0
0.0 0.0 0.0
0.0 0.0 0.0
0.0 0.0 0.0
0.0 0.0 0.0
0.0 0.0 0.0
0.0 0.0 0.0
0.0 0.0 0.0
0.0 0.0 0.0
0.0 0.0 0.0
0.0 0.0 0.0
0.0 0.0 0.0
0.0 0.0 0.0
0.0 0.0 0.0
0.0 0.0 0.0
0.0 0.0 0.0
0.0 0.0 0.0
0.0 0.0 0.0
0.0 0.0 0.0
0.0 0.0 0.0
0.0 0.0 0.0
0.0 0.0 0.0
0.0 0.0 0.0
0.0 0.0 0.0
0.0 0.0 0.0
0.0 0.0 0.0
0.0 0.0 0.0
0.0 0.0 0.0
0.0 0.0 0.0
0.0 0.0 0.0
0.0 0.0 0.0
0.0 0.0 0.0
0.0 0.0 0.0
0.0 0.0 0.0
0.0 0.0 0.0
0.0 0.0 0.0
0.0 0.0 0.0
0.0 0.0 0.0
0.0 0.0 0.0
0.0 0.0 0.0
0.0 0.0 0.0
0.0 0.0 0.0
0.0 0.0 0.0
0.0 0.0 0.0
0.0 0.0 0.0
0.0 0.0 0.0
0.0 0.0 0.0
0.0 0.0 0.0
0.0 0.0 0.0
0.0 0.0 0.0
0.0 0.0 0.0
0.0 0.0 0.0
0.0 0.0 0.0
0.0 0.0 0.0
0.0 0.0 0.0
0.0 0.0 0.0
0.0 0.0 0.0
0.0 0.0 0.0
0.0 0.0 0.0
0.0 0.0 0.0
0.0 0.0 0.0
0.0 0.0 0.0
0.0 0.0 0.0
0.0 0.0 0.0
0.0 0.0 0.0
0.0 0.0 0.0
0.0 0.0 0.0
0.0 0.0 0.0
0.0 0.0 0.0
0.0 0.0 0.0
0.0 0.0 0.0
0.0 0.0 0.0
0.0 0.0 0.0
0.0 0.0 0.0
0.0 0.0 0.0
0.0 0.0 0.0
0.0 0.0 0.0
0.0 0.0 0.0
0.0 0.0 0.0
0.0 0.0 0.0
0.0 0.0 0.0
0.0 0.0 0.0
0.0 0.0 0.0
0.0 0.0 0.0
0.0 0.0 0.0
0.0 0.0 0.0
0.0 0.0 0.0
0.0 0.0 0.0
0.0 0.0 0.0
0.0 0.0 0.0
0.0 0.0 0.0
0.0 0.0 0.0
0.0 0.0 0.0
0.0 0.0 0.0
0.0 0.0 0.0
0.0 0.0 0.0
0.0 0.0 0.0
0.0 0.0 0.0
0.0 0.0 0.0
0.0 0.0 0.0
0.0 0.0 0.0
0.0 0.0 0.0
0.0 0.0 0.0
0.0 0.0 0.0
0.0 0.0 0.0
0.0 0.0 0.0
0.0 0.0 0.0
0.0 0.0 0.0
0.0 0.0 0.0
0.0 0.0 0.0
0.0 0.0 0.0
0.0 0.0 0.0
0.0 0.0 0.0
0.0 0.0 0.0
0.0 0.0 0.0
0.0 0.0 0.0
0.0 0.0 0.0
0.0 0.0 0.0
0.0 0.0 0.0
0.0 0.0 0.0
0.0 0.0 0.0
0.0 0.0 0.0
0.0 0.0 0.0
0.0 0.0 0.0
0.0 0.0 0.0
0.0 0.0 0.0
0.0 0.0 0.0
0.0 0.0 0.0
0.0 0.0 0.0
0.0 0.0 0.0
0.0 0.0 0.0
0.0 0.0 0.0
0.0 0.0 0.0
-17.961435317993164 27.805931091308594 -2.956469774246216
0.0 0.0 0.0
0.0 0.0 0.0
0.0 0.0 0.0
0.0 0.0 0.0
0.0 0.0 0.0
0.0 0.0 0.0
0.0 0.0 0.0
0.0 0.0 0.0
0.0 0.0 0.0
0.0 0.0 0.0
-13.511417388916016 24.93140983581543 -3.385211229324341
0.0 0.0 0.0
-12.850499153137207 24.530359268188477 -3.447449207305908
0.0 0.0 0.0
0.0 0.0 0.0
0.0 0.0 0.0
0.0 0.0 0.0
0.0 0.0 0.0
0.0 0.0 0.0
0.0 0.0 0.0
0.0 0.0 0.0
0.0 0.0 0.0
0.0 0.0 0.0
0.0 0.0 0.0
0.0 0.0 0.0
0.0 0.0 0.0
0.0 0.0 0.0
0.0 0.0 0.0
0.0 0.0 0.0
0.0 0.0 0.0
0.0 0.0 0.0
-7.892791748046875 21.63239097595215 -3.8780131340026855
0.0 0.0 0.0
-7.482844829559326 21.4390926361084 -3.918003559112549
-7.297458171844482 21.384872436523438 -3.945033073425293
-7.120216369628906 21.351276397705078 -3.9746694564819336
-6.894171714782715 21.162799835205078 -3.9736859798431396
-6.696599960327148 21.052936553955078 -3.9870855808258057
0.0 0.0 0.0
-6.327931880950928 20.9061336517334 -4.026987075805664
-6.123795032501221 20.751331329345703 -4.028048992156982
-5.985638618469238 20.816179275512695 -4.07174015045166
-5.797336101531982 20.70260238647461 -4.0805230140686035
-5.5986552238464355 20.54306983947754 -4.0799736976623535
-5.417096138000488 20.44588279724121 -4.089064598083496
-5.278845310211182 20.498918533325195 -4.127711296081543
-5.099335193634033 20.38731575012207 -4.133216381072998
-4.950564861297607 20.393404006958008 -4.162561416625977
-4.761497497558594 20.227323532104492 -4.154421329498291
-4.59119987487793 20.142467498779297 -4.1622772216796875
-4.4414191246032715 20.130556106567383 -4.1847734451293945
-4.268066883087158 20.005229949951172 -4.183667182922363
-4.146819591522217 20.12238883972168 -4.231966495513916
-3.9564690589904785 19.897716522216797 -4.206398963928223
-3.8144049644470215 19.919736862182617 -4.233321189880371
-3.6456809043884277 19.782440185546875 -4.226021766662598
-3.4957170486450195 19.73799705505371 -4.238062381744385
-3.347928285598755 19.70057487487793 -4.248631000518799
-3.2051260471343994 19.68844985961914 -4.264780521392822
-3.046630859375 19.58879280090332 -4.262384414672852
-2.904543876647949 19.570720672607422 -4.277458190917969
-2.7602434158325195 19.53338623046875 -4.285205364227295
-2.6245903968811035 19.5556697845459 -4.305572986602783
-2.4805781841278076 19.51264190673828 -4.311732292175293
-2.3354742527008057 19.453411102294922 -4.314419746398926
-2.191166877746582 19.412723541259766 -4.319435119628906
-2.0522232055664062 19.390125274658203 -4.326479911804199
-1.9161784648895264 19.393108367919922 -4.33942985534668
-1.768837571144104 19.269840240478516 -4.32423734664917
-1.6376780271530151 19.31661605834961 -4.346436977386475
-1.5006144046783447 19.325315475463867 -4.357234477996826
-1.3643670082092285 19.310096740722656 -4.362682819366455
-1.2267096042633057 19.267305374145508 -4.362078666687012
-1.091078519821167 19.250171661376953 -4.367471694946289
-0.9575968384742737 19.26334571838379 -4.3760528564453125
-0.8186084628105164 19.207231521606445 -4.36889123916626
-0.6876480579376221 19.287099838256836 -4.3927836418151855
-0.5524835586547852 19.251846313476562 -4.3906731605529785
-0.4188966453075409 19.27717399597168 -4.3998260498046875
-0.2838999330997467 19.21815299987793 -4.388294219970703
-0.1482962965965271 19.28767204284668 -4.406369686126709
-0.013979459181427956 19.264846801757812 -4.403530597686768
0.12034445255994797 19.294700622558594 -4.411532402038574
0.2540377974510193 19.25569725036621 -4.401186466217041
0.3885752558708191 19.284297943115234 -4.4065070152282715
0.5238324999809265 19.32337760925293 -4.414431571960449
0.6625000238418579 19.376697540283203 -4.425640106201172
0.7964208722114563 19.35395050048828 -4.41536808013916
0.9317048788070679 19.364513397216797 -4.412910461425781
1.0713640451431274 19.450197219848633 -4.427759170532227
1.2080127000808716 19.466445922851562 -4.426987648010254
1.3569730520248413 19.61906623840332 -4.454242706298828
1.4819391965866089 19.459447860717773 -4.409797668457031
1.630157709121704 19.602798461914062 -4.4342169761657715
1.770029902458191 19.63119125366211 -4.432778358459473
1.904539942741394 19.598268508911133 -4.415923118591309
2.052595376968384 19.674699783325195 -4.4211907386779785
2.1914315223693848 19.67824363708496 -4.410437107086182
2.3434195518493652 19.790620803833008 -4.424210071563721
2.4866526126861572 19.818702697753906 -4.418797016143799
2.622873306274414 19.789772033691406 -4.397332191467285
2.775601387023926 19.861635208129883 -4.398151874542236
2.9370551109313965 20.00058937072754 -4.414122104644775
3.0663115978240967 19.915708541870117 -4.3808417320251465
3.228010654449463 20.037906646728516 -4.390142440795898
3.3934881687164307 20.170303344726562 -4.40090274810791
3.551225423812866 20.244949340820312 -4.3990373611450195
3.716747760772705 20.340576171875 -4.401450157165527
3.86049747467041 20.326799392700195 -4.37883186340332
4.016949653625488 20.376068115234375 -4.3681864738464355
4.207808017730713 20.589006423950195 -4.3925461769104
4.356857776641846 20.587045669555664 -4.37098503112793
4.500369071960449 20.546316146850586 -4.340310573577881
4.709549903869629 20.807865142822266 -4.37099552154541
4.86497163772583 20.821626663208008 -4.349483489990234
5.029038429260254 20.867679595947266 -4.3347697257995605
5.212286472320557 20.986833572387695 -4.335221290588379
5.374876976013184 21.004192352294922 -4.311185359954834
0.0 0.0 0.0
5.737485885620117 21.188077926635742 -4.293910980224609
5.92471170425415 21.290719985961914 -4.287261962890625
6.125221252441406 21.43273162841797 -4.2865118980407715
6.326403617858887 21.5578556060791 -4.280471324920654
6.513617992401123 21.63783073425293 -4.2658371925354
6.748843193054199 21.866636276245117 -4.28018045425415
6.936458587646484 21.932409286499023 -4.261350631713867
7.172905921936035 22.14308738708496 -4.2685956954956055
7.34973669052124 22.161922454833984 -4.238592147827148
7.539714336395264 22.207691192626953 -4.213149547576904
0.0 0.0 0.0
7.996923446655273 22.52145004272461 -4.20167350769043
8.26093864440918 22.76225471496582 -4.209613800048828
8.465812683105469 22.830921173095703 -4.1852641105651855
8.732240676879883 23.04813575744629 -4.187055587768555
8.937132835388184 23.102378845214844 -4.157029151916504
9.231182098388672 23.377037048339844 -4.165900230407715
9.433001518249512 23.40926170349121 -4.131051063537598
9.729537010192871 23.668033599853516 -4.135683059692383
9.994059562683105 23.830753326416016 -4.120259761810303
10.311697959899902 24.116252899169922 -4.125424861907959
10.51834774017334 24.133132934570312 -4.084012508392334
10.797630310058594 24.31064224243164 -4.069438934326172
11.052483558654785 24.42605209350586 -4.042352199554443
11.44560432434082 24.825515747070312 -4.059567928314209
11.738276481628418 25.001731872558594 -4.03994607925415
12.072317123413086 25.255332946777344 -4.031914234161377
0.0 0.0 0.0
12.721893310546875 25.69060516357422 -3.9971837997436523
0.0 0.0 0.0
0.0 0.0 0.0
13.680459022521973 26.22833824157715 -3.9160752296447754
14.054054260253906 26.492992401123047 -3.8980586528778076
14.38769245147705 26.672006607055664 -3.866339921951294
0.0 0.0 0.0
0.0 0.0 0.0
0.0 0.0 0.0
0.0 0.0 0.0
16.632465362548828 28.417085647583008 -3.793449878692627
0.0 0.0 0.0
0.0 0.0 0.0
0.0 0.0 0.0
0.0 0.0 0.0
19.053955078125 30.094816207885742 -3.636561632156372
0.0 0.0 0.0
0.0 0.0 0.0
0.0 0.0 0.0
0.0 0.0 0.0
0.0 0.0 0.0
0.0 0.0 0.0
0.0 0.0 0.0
0.0 0.0 0.0
0.0 0.0 0.0
0.0 0.0 0.0
0.0 0.0 0.0
0.0 0.0 0.0
0.0 0.0 0.0
0.0 0.0 0.0
0.0 0.0 0.0
0.0 0.0 0.0
0.0 0.0 0.0
0.0 0.0 0.0
0.0 0.0 0.0
0.0 0.0 0.0
0.0 0.0 0.0
0.0 0.0 0.0
0.0 0.0 0.0
0.0 0.0 0.0
0.0 0.0 0.0
0.0 0.0 0.0
0.0 0.0 0.0
0.0 0.0 0.0
0.0 0.0 0.0
0.0 0.0 0.0
0.0 0.0 0.0
0.0 0.0 0.0
0.0 0.0 0.0
0.0 0.0 0.0
0.0 0.0 0.0
0.0 0.0 0.0
0.0 0.0 0.0
0.0 0.0 0.0
0.0 0.0 0.0
0.0 0.0 0.0
0.0 0.0 0.0
0.0 0.0 0.0
89.47267150878906 214.64297485351562 45.9809684753418
0.0 0.0 0.0
0.0 0.0 0.0
0.0 0.0 0.0
0.0 0.0 0.0
0.0 0.0 0.0
0.0 0.0 0.0
0.0 0.0 0.0
0.0 0.0 0.0
0.0 0.0 0.0
0.0 0.0 0.0
0.0 0.0 0.0
0.0 0.0 0.0
0.0 0.0 0.0
0.0 0.0 0.0
0.0 0.0 0.0
0.0 0.0 0.0
0.0 0.0 0.0
0.0 0.0 0.0
0.0 0.0 0.0
0.0 0.0 0.0
0.0 0.0 0.0
0.0 0.0 0.0
0.0 0.0 0.0
0.0 0.0 0.0
0.0 0.0 0.0
0.0 0.0 0.0
0.0 0.0 0.0
0.0 0.0 0.0
0.0 0.0 0.0
0.0 0.0 0.0
0.0 0.0 0.0
0.0 0.0 0.0
0.0 0.0 0.0
0.0 0.0 0.0
0.0 0.0 0.0
0.0 0.0 0.0
0.0 0.0 0.0
0.0 0.0 0.0
0.0 0.0 0.0
0.0 0.0 0.0
0.0 0.0 0.0
0.0 0.0 0.0
0.0 0.0 0.0
0.0 0.0 0.0
0.0 0.0 0.0
0.0 0.0 0.0
0.0 0.0 0.0
0.0 0.0 0.0
0.0 0.0 0.0
0.0 0.0 0.0
0.0 0.0 0.0
0.0 0.0 0.0
0.0 0.0 0.0
0.0 0.0 0.0
0.0 0.0 0.0
0.0 0.0 0.0
0.0 0.0 0.0
0.0 0.0 0.0
0.0 0.0 0.0
0.0 0.0 0.0
0.0 0.0 0.0
0.0 0.0 0.0
0.0 0.0 0.0
0.0 0.0 0.0
0.0 0.0 0.0
0.0 0.0 0.0
0.0 0.0 0.0
0.0 0.0 0.0
0.0 0.0 0.0
0.0 0.0 0.0
0.0 0.0 0.0
0.0 0.0 0.0
0.0 0.0 0.0
0.0 0.0 0.0
0.0 0.0 0.0
0.0 0.0 0.0
0.0 0.0 0.0
0.0 0.0 0.0
0.0 0.0 0.0
0.0 0.0 0.0
0.0 0.0 0.0
0.0 0.0 0.0
0.0 0.0 0.0
0.0 0.0 0.0
0.0 0.0 0.0
0.0 0.0 0.0
0.0 0.0 0.0
0.0 0.0 0.0
0.0 0.0 0.0
0.0 0.0 0.0
0.0 0.0 0.0
0.0 0.0 0.0
0.0 0.0 0.0
0.0 0.0 0.0
0.0 0.0 0.0
0.0 0.0 0.0
0.0 0.0 0.0
0.0 0.0 0.0
0.0 0.0 0.0
0.0 0.0 0.0
0.0 0.0 0.0
0.0 0.0 0.0
0.0 0.0 0.0
0.0 0.0 0.0
0.0 0.0 0.0
0.0 0.0 0.0
0.0 0.0 0.0
0.0 0.0 0.0
0.0 0.0 0.0
0.0 0.0 0.0
0.0 0.0 0.0
0.0 0.0 0.0
0.0 0.0 0.0
0.0 0.0 0.0
0.0 0.0 0.0
0.0 0.0 0.0
0.0 0.0 0.0
0.0 0.0 0.0
0.0 0.0 0.0
0.0 0.0 0.0
0.0 0.0 0.0
0.0 0.0 0.0
0.0 0.0 0.0
0.0 0.0 0.0
0.0 0.0 0.0
0.0 0.0 0.0
0.0 0.0 0.0
0.0 0.0 0.0
0.0 0.0 0.0
0.0 0.0 0.0
0.0 0.0 0.0
0.0 0.0 0.0
0.0 0.0 0.0
0.0 0.0 0.0
0.0 0.0 0.0
0.0 0.0 0.0
0.0 0.0 0.0
0.0 0.0 0.0
0.0 0.0 0.0
0.0 0.0 0.0
0.0 0.0 0.0
0.0 0.0 0.0
0.0 0.0 0.0
0.0 0.0 0.0
0.0 0.0 0.0
0.0 0.0 0.0
0.0 0.0 0.0
0.0 0.0 0.0
0.0 0.0 0.0
0.0 0.0 0.0
0.0 0.0 0.0
0.0 0.0 0.0
0.0 0.0 0.0
0.0 0.0 0.0
0.0 0.0 0.0
0.0 0.0 0.0
0.0 0.0 0.0
0.0 0.0 0.0
0.0 0.0 0.0
0.0 0.0 0.0
0.0 0.0 0.0
0.0 0.0 0.0
0.0 0.0 0.0
0.0 0.0 0.0
-13.9371919631958 25.087379455566406 -3.2894718647003174
0.0 0.0 0.0
-13.466851234436035 25.06419563293457 -3.4074411392211914
-13.103379249572754 24.800134658813477 -3.4291114807128906
0.0 0.0 0.0
0.0 0.0 0.0
-12.103973388671875 24.122425079345703 -3.500023603439331
0.0 0.0 0.0
0.0 0.0 0.0
-11.182134628295898 23.497941970825195 -3.5622634887695312
0.0 0.0 0.0
0.0 0.0 0.0
0.0 0.0 0.0
0.0 0.0 0.0
0.0 0.0 0.0
0.0 0.0 0.0
0.0 0.0 0.0
0.0 0.0 0.0
0.0 0.0 0.0
0.0 0.0 0.0
0.0 0.0 0.0
0.0 0.0 0.0
0.0 0.0 0.0
0.0 0.0 0.0
0.0 0.0 0.0
-7.44787073135376 21.57213592529297 -3.9222514629364014
-7.2025909423828125 21.343006134033203 -3.9151477813720703
0.0 0.0 0.0
-6.815792083740234 21.175241470336914 -3.953697443008423
0.0 0.0 0.0
-6.4051032066345215 20.894121170043945 -3.966871500015259
-6.272784233093262 20.98304557800293 -4.015222072601318
0.0 0.0 0.0
-5.908262252807617 20.82627296447754 -4.04852819442749
-5.724395751953125 20.727174758911133 -4.0586957931518555
-5.559670925140381 20.689651489257812 -4.079600811004639
-5.367619514465332 20.543201446533203 -4.078888416290283
-5.199590682983398 20.480632781982422 -4.094661235809326
-5.019054412841797 20.372793197631836 -4.1007399559021
-4.883153438568115 20.431047439575195 -4.137852668762207
-4.7378692626953125 20.451040267944336 -4.167474746704102
-4.562346935272217 20.335411071777344 -4.169477462768555
-4.3961262702941895 20.252059936523438 -4.177822589874268
-4.234770774841309 20.198497772216797 -4.189484596252441
-4.066208839416504 20.09076690673828 -4.189499855041504
-3.90024733543396 19.985441207885742 -4.189910888671875
-3.735100030899048 19.87508201599121 -4.189206123352051
-3.5943572521209717 19.88811683654785 -4.2118988037109375
-3.448862314224243 19.88553810119629 -4.230865955352783
-3.295179605484009 19.817489624023438 -4.235695838928223
-3.153573751449585 19.81619644165039 -4.254876136779785
-3.007979393005371 19.787790298461914 -4.266751289367676
-2.8592536449432373 19.732282638549805 -4.270753383636475
-2.7133841514587402 19.69082260131836 -4.277918338775635
-2.5664989948272705 19.65230369567871 -4.286107063293457
-2.4173789024353027 19.570924758911133 -4.284268379211426
-2.286048412322998 19.629405975341797 -4.309786796569824
-2.1353416442871094 19.516277313232422 -4.29778528213501
-2.0007004737854004 19.54247283935547 -4.316601276397705
-1.8507766723632812 19.43497657775879 -4.306257247924805
-1.7283380031585693 19.592876434326172 -4.351337909698486
-1.5769473314285278 19.419429779052734 -4.322271347045898
-1.4458343982696533 19.48444175720215 -4.346427917480469
-1.3041760921478271 19.403987884521484 -4.338332176208496
-1.1689602136611938 19.448640823364258 -4.356481552124023
-1.0294922590255737 19.378496170043945 -4.346905708312988
-0.8993163704872131 19.486316680908203 -4.377469539642334
-0.7623173594474792 19.456144332885742 -4.377268314361572
-0.6239724159240723 19.36423110961914 -4.362565517425537
-0.48780810832977295 19.409320831298828 -4.375338554382324
-0.35256442427635193 19.3924560546875 -4.374311447143555
-0.21730458736419678 19.36322021484375 -4.370701313018799
-0.08266359567642212 19.378767013549805 -4.3774094581604
0.0524325855076313 19.481807708740234 -4.400389194488525
0.18723449110984802 19.420196533203125 -4.385805130004883
0.3255714178085327 19.471908569335938 -4.397019863128662
0.45823854207992554 19.351268768310547 -4.369537830352783
0.5940334796905518 19.390201568603516 -4.375926971435547
0.732144832611084 19.470483779907227 -4.389892578125
0.8693888187408447 19.507915496826172 -4.3943867683410645
1.0104786157608032 19.55949592590332 -4.402194023132324
1.1484346389770508 19.583755493164062 -4.40312385559082
1.2831982374191284 19.554479598999023 -4.389045238494873
1.4261678457260132 19.64213752746582 -4.401397705078125
1.5614912509918213 19.614734649658203 -4.388145923614502
1.7128846645355225 19.74958038330078 -4.411248207092285
1.8469130992889404 19.702041625976562 -4.390030384063721
1.9920779466629028 19.771299362182617 -4.394710540771484
2.1346161365509033 19.80536651611328 -4.391714096069336
2.280770778656006 19.86494255065918 -4.394525051116943
2.419872283935547 19.836578369140625 -4.375441074371338
2.5726184844970703 19.932710647583008 -4.382516860961914
2.719463348388672 19.974760055541992 -4.37781286239624
2.89137864112854 20.185806274414062 -4.410165786743164
3.0255117416381836 20.123809814453125 -4.381927967071533
3.173379421234131 20.151992797851562 -4.37074089050293
3.3402233123779297 20.27679443359375 -4.380284309387207
3.4885542392730713 20.295150756835938 -4.36717414855957
3.6378209590911865 20.316205978393555 -4.3548102378845215
3.8003385066986084 20.404495239257812 -4.353398323059082
3.9539432525634766 20.439027786254883 -4.340422630310059
4.133285045623779 20.584503173828125 -4.350646495819092
4.30863618850708 20.710182189941406 -4.356916427612305
4.450436592102051 20.670303344726562 -4.326225757598877
4.608119964599609 20.70057487487793 -4.309072494506836
4.799744129180908 20.875207901000977 -4.3219170570373535
4.974475860595703 20.954570770263672 -4.314500331878662
5.163544654846191 21.096500396728516 -4.319228172302246
5.3240065574646 21.114608764648438 -4.296525478363037
0.0 0.0 0.0
5.729343414306641 21.458362579345703 -4.313231468200684
5.866578578948975 21.36442756652832 -4.267425537109375
6.112524032592773 21.66958236694336 -4.298668384552002
6.275650501251221 21.67014503479004 -4.2691521644592285
6.492489814758301 21.849824905395508 -4.274820327758789
6.624993324279785 21.74100685119629 -4.224024772644043
6.869004726409912 21.982982635498047 -4.238689422607422
7.102689743041992 22.186866760253906 -4.24528169631958
7.332387447357178 22.366716384887695 -4.246798515319824
7.492780685424805 22.32941436767578 -4.20695686340332
7.767771244049072 22.625898361206055 -4.228326320648193
7.940128803253174 22.615062713623047 -4.190598011016846
8.194907188415527 22.822965621948242 -4.192503929138184
8.431557655334473 22.978788375854492 -4.184964179992676
8.658447265625 23.100194931030273 -4.170037746429443
8.861806869506836 23.151338577270508 -4.14030122756958
9.095919609069824 23.276073455810547 -4.123414039611816
9.394978523254395 23.548126220703125 -4.131314277648926
9.682146072387695 23.786245346069336 -4.132807731628418
0.0 0.0 0.0
0.0 0.0 0.0
10.452901840209961 24.21847915649414 -4.078384876251221
10.711336135864258 24.342557907104492 -4.055029392242432
11.022808074951172 24.585582733154297 -4.049251556396484
11.344804763793945 24.839513778686523 -4.044232368469238
11.656050682067871 25.05876350402832 -4.032655715942383
0.0 0.0 0.0
12.26408863067627 25.427738189697266 -3.99253249168396
12.621939659118652 25.710893630981445 -3.9856646060943604
12.86693000793457 25.754867553710938 -3.9408979415893555
0.0 0.0 0.0
13.614009857177734 26.328815460205078 -3.9203155040740967
13.974200248718262 26.570524215698242 -3.9000043869018555
14.307016372680664 26.742023468017578 -3.867340564727783
0.0 0.0 0.0
0.0 0.0 0.0
0.0 0.0 0.0
0.0 0.0 0.0
0.0 0.0 0.0
62.852516174316406 106.51515197753906 -13.950140953063965
0.0 0.0 0.0
0.0 0.0 0.0
0.0 0.0 0.0
0.0 0.0 0.0
0.0 0.0 0.0
0.0 0.0 0.0
0.0 0.0 0.0
0.0 0.0 0.0
0.0 0.0 0.0
0.0 0.0 0.0
0.0 0.0 0.0
0.0 0.0 0.0
0.0 0.0 0.0
0.0 0.0 0.0
0.0 0.0 0.0
0.0 0.0 0.0
0.0 0.0 0.0
0.0 0.0 0.0
0.0 0.0 0.0
0.0 0.0 0.0
0.0 0.0 0.0
0.0 0.0 0.0
0.0 0.0 0.0
0.0 0.0 0.0
0.0 0.0 0.0
0.0 0.0 0.0
0.0 0.0 0.0
0.0 0.0 0.0
0.0 0.0 0.0
0.0 0.0 0.0
0.0 0.0 0.0
0.0 0.0 0.0
0.0 0.0 0.0
0.0 0.0 0.0
0.0 0.0 0.0
0.0 0.0 0.0
0.0 0.0 0.0
0.0 0.0 0.0
0.0 0.0 0.0
0.0 0.0 0.0
0.0 0.0 0.0
0.0 0.0 0.0
0.0 0.0 0.0
0.0 0.0 0.0
0.0 0.0 0.0
0.0 0.0 0.0
0.0 0.0 0.0
0.0 0.0 0.0
0.0 0.0 0.0
0.0 0.0 0.0
0.0 0.0 0.0
0.0 0.0 0.0
0.0 0.0 0.0
0.0 0.0 0.0
0.0 0.0 0.0
0.0 0.0 0.0
0.0 0.0 0.0
0.0 0.0 0.0
0.0 0.0 0.0
0.0 0.0 0.0
0.0 0.0 0.0
0.0 0.0 0.0
0.0 0.0 0.0
0.0 0.0 0.0
0.0 0.0 0.0
0.0 0.0 0.0
0.0 0.0 0.0
0.0 0.0 0.0
0.0 0.0 0.0
0.0 0.0 0.0
0.0 0.0 0.0
0.0 0.0 0.0
0.0 0.0 0.0
0.0 0.0 0.0
0.0 0.0 0.0
0.0 0.0 0.0
0.0 0.0 0.0
0.0 0.0 0.0
0.0 0.0 0.0
0.0 0.0 0.0
0.0 0.0 0.0
0.0 0.0 0.0
0.0 0.0 0.0
0.0 0.0 0.0
0.0 0.0 0.0
0.0 0.0 0.0
0.0 0.0 0.0
0.0 0.0 0.0
0.0 0.0 0.0
0.0 0.0 0.0
0.0 0.0 0.0
0.0 0.0 0.0
0.0 0.0 0.0
0.0 0.0 0.0
0.0 0.0 0.0
0.0 0.0 0.0
0.0 0.0 0.0
0.0 0.0 0.0
0.0 0.0 0.0
0.0 0.0 0.0
0.0 0.0 0.0
0.0 0.0 0.0
0.0 0.0 0.0
0.0 0.0 0.0
0.0 0.0 0.0
0.0 0.0 0.0
0.0 0.0 0.0
0.0 0.0 0.0
0.0 0.0 0.0
0.0 0.0 0.0
0.0 0.0 0.0
0.0 0.0 0.0
0.0 0.0 0.0
0.0 0.0 0.0
0.0 0.0 0.0
0.0 0.0 0.0
0.0 0.0 0.0
0.0 0.0 0.0
0.0 0.0 0.0
0.0 0.0 0.0
0.0 0.0 0.0
0.0 0.0 0.0
0.0 0.0 0.0
0.0 0.0 0.0
0.0 0.0 0.0
0.0 0.0 0.0
0.0 0.0 0.0
0.0 0.0 0.0
0.0 0.0 0.0
0.0 0.0 0.0
0.0 0.0 0.0
0.0 0.0 0.0
0.0 0.0 0.0
0.0 0.0 0.0
0.0 0.0 0.0
0.0 0.0 0.0
0.0 0.0 0.0
0.0 0.0 0.0
0.0 0.0 0.0
0.0 0.0 0.0
0.0 0.0 0.0
0.0 0.0 0.0
0.0 0.0 0.0
0.0 0.0 0.0
0.0 0.0 0.0
0.0 0.0 0.0
0.0 0.0 0.0
0.0 0.0 0.0
0.0 0.0 0.0
0.0 0.0 0.0
0.0 0.0 0.0
0.0 0.0 0.0
0.0 0.0 0.0
0.0 0.0 0.0
0.0 0.0 0.0
0.0 0.0 0.0
0.0 0.0 0.0
0.0 0.0 0.0
0.0 0.0 0.0
0.0 0.0 0.0
0.0 0.0 0.0
0.0 0.0 0.0
0.0 0.0 0.0
0.0 0.0 0.0
0.0 0.0 0.0
0.0 0.0 0.0
0.0 0.0 0.0
0.0 0.0 0.0
0.0 0.0 0.0
0.0 0.0 0.0
0.0 0.0 0.0
0.0 0.0 0.0
0.0 0.0 0.0
0.0 0.0 0.0
0.0 0.0 0.0
0.0 0.0 0.0
0.0 0.0 0.0
0.0 0.0 0.0
0.0 0.0 0.0
0.0 0.0 0.0
0.0 0.0 0.0
0.0 0.0 0.0
0.0 0.0 0.0
0.0 0.0 0.0
0.0 0.0 0.0
0.0 0.0 0.0
0.0 0.0 0.0
0.0 0.0 0.0
0.0 0.0 0.0
0.0 0.0 0.0
0.0 0.0 0.0
0.0 0.0 0.0
0.0 0.0 0.0
0.0 0.0 0.0
0.0 0.0 0.0
0.0 0.0 0.0
0.0 0.0 0.0
0.0 0.0 0.0
0.0 0.0 0.0
0.0 0.0 0.0
0.0 0.0 0.0
-19.19147491455078 28.82505989074707 -2.8450562953948975
0.0 0.0 0.0
0.0 0.0 0.0
0.0 0.0 0.0
-17.132747650146484 27.354511260986328 -3.0206403732299805
0.0 0.0 0.0
0.0 0.0 0.0
0.0 0.0 0.0
0.0 0.0 0.0
0.0 0.0 0.0
0.0 0.0 0.0
0.0 0.0 0.0
0.0 0.0 0.0
0.0 0.0 0.0
0.0 0.0 0.0
-12.928207397460938 24.68153190612793 -3.4096662998199463
-12.696578025817871 24.65715789794922 -3.4612669944763184
0.0 0.0 0.0
0.0 0.0 0.0
0.0 0.0 0.0
0.0 0.0 0.0
-11.148469924926758 23.643238067626953 -3.572349786758423
0.0 0.0 0.0
0.0 0.0 0.0
-10.309054374694824 23.099533081054688 -3.6300201416015625
0.0 0.0 0.0
0.0 0.0 0.0
-9.52490234375 22.604642868041992 -3.6849520206451416
0.0 0.0 0.0
0.0 0.0 0.0
0.0 0.0 0.0
0.0 0.0 0.0
0.0 0.0 0.0
0.0 0.0 0.0
0.0 0.0 0.0
-7.801216125488281 21.85121726989746 -3.8752281665802
0.0 0.0 0.0
0.0 0.0 0.0
0.0 0.0 0.0
-6.950651168823242 21.337257385253906 -3.923676013946533
-6.783204555511475 21.327014923095703 -3.9551525115966797
-6.593958377838135 21.242080688476562 -3.971313238143921
-6.408929824829102 21.174686431884766 -3.9912171363830566
-6.255237579345703 21.197187423706055 -4.027468204498291
0.0 0.0 0.0
-5.858358860015869 20.921401977539062 -4.034970760345459
-5.66849946975708 20.799673080444336 -4.040332317352295
-5.490753173828125 20.725170135498047 -4.055230617523193
-5.332311630249023 20.708110809326172 -4.080824851989746
-5.132593154907227 20.522932052612305 -4.0700459480285645
-5.0073370933532715 20.630443572998047 -4.117285251617432
-4.827234745025635 20.50947380065918 -4.119038105010986
-4.63978385925293 20.357608795166016 -4.114821434020996
-4.491928577423096 20.361324310302734 -4.139277458190918
-4.338696002960205 20.337907791137695 -4.1573333740234375
-4.175184726715088 20.26082420349121 -4.164455890655518
-4.0144524574279785 20.18998908996582 -4.172844409942627
-3.84881329536438 20.099763870239258 -4.176267147064209
-3.703631639480591 20.09864616394043 -4.195719242095947
-3.5574679374694824 20.088909149169922 -4.213504314422607
-3.3949592113494873 19.980070114135742 -4.21055269241333
-3.246427059173584 19.945497512817383 -4.223099231719971
-3.1003189086914062 19.9372501373291 -4.238218784332275
-2.9576196670532227 19.931407928466797 -4.253710746765137
-2.804842472076416 19.8526611328125 -4.253771781921387
-2.6641290187835693 19.852277755737305 -4.270718574523926
-2.5224592685699463 19.843900680541992 -4.28333854675293
-2.376943588256836 19.800594329833984 -4.287519454956055
-2.221195697784424 19.680561065673828 -4.275402545928955
-2.0838518142700195 19.692026138305664 -4.291718482971191
-1.9470847845077515 19.71048355102539 -4.308089733123779
-1.8079079389572144 19.701879501342773 -4.316242694854736
-1.6594253778457642 19.57821273803711 -4.299307823181152
-1.5188138484954834 19.563926696777344 -4.306713104248047
-1.387309193611145 19.639909744262695 -4.333728790283203
-1.246768593788147 19.58633041381836 -4.328629970550537
-1.1129353046417236 19.63838768005371 -4.347090244293213
-0.9727174639701843 19.571430206298828 -4.33939790725708
-0.8330885171890259 19.553089141845703 -4.34279727935791
-0.6949408650398254 19.496267318725586 -4.334495544433594
-0.563057005405426 19.63309669494629 -4.368404388427734
-0.4264046847820282 19.635589599609375 -4.372659206390381
-0.28833866119384766 19.541828155517578 -4.355670928955078
-0.14919225871562958 19.43985939025879 -4.335334777832031
-0.014154523611068726 19.566184997558594 -4.363639831542969
0.12240063399076462 19.63056755065918 -4.3783440589904785
0.2588953673839569 19.62156105041504 -4.376892566680908
0.3933592140674591 19.524009704589844 -4.355559825897217
0.5323053598403931 19.63981056213379 -4.378050327301025
0.6690173149108887 19.571651458740234 -4.359681606292725
0.8083895444869995 19.64739227294922 -4.37363338470459
0.9484810829162598 19.71452522277832 -4.385858535766602
1.0839505195617676 19.678524017333984 -4.37217378616333
1.222769021987915 19.702716827392578 -4.371002674102783
1.3638379573822021 19.718185424804688 -4.367982864379883
1.5059846639633179 19.774635314941406 -4.3743367195129395
1.6569278240203857 19.925472259521484 -4.399974346160889
1.7914115190505981 19.866683959960938 -4.3770599365234375
1.9323879480361938 19.882946014404297 -4.370914936065674
2.074108123779297 19.87902069091797 -4.36036491394043
2.2257208824157715 19.984386444091797 -4.373755931854248
2.3789963722229004 20.089374542236328 -4.3835039138793945
2.5162529945373535 20.05303955078125 -4.3625664710998535
2.6675169467926025 20.12555694580078 -4.365494251251221
2.814586639404297 20.13990592956543 -4.355710983276367
2.978482246398926 20.2825984954834 -4.371017932891846
3.120105504989624 20.265594482421875 -4.351041316986084
3.2769834995269775 20.341894149780273 -4.351217746734619
3.431116819381714 20.3944091796875 -4.346405029296875
3.5900983810424805 20.46866798400879 -4.344838619232178
3.7407114505767822 20.47401237487793 -4.326257705688477
3.906059980392456 20.56884002685547 -4.327022552490234
4.087130546569824 20.733684539794922 -4.342424392700195
4.214587211608887 20.6234130859375 -4.300049781799316
4.424907207489014 20.909900665283203 -4.33716344833374
4.617281436920166 21.081920623779297 -4.3498311042785645
4.771852970123291 21.084671020507812 -4.327908992767334
4.9266815185546875 21.086267471313477 -4.305899620056152
5.1050310134887695 21.18407440185547 -4.301088809967041
5.307413101196289 21.369829177856445 -4.313138484954834
0.0 0.0 0.0
5.681191921234131 21.576093673706055 -4.302947998046875
5.795653820037842 21.405282974243164 -4.24216890335083
6.062515735626221 21.788671493530273 -4.289355754852295
6.228510856628418 21.796741485595703 -4.262258529663086
6.409438610076904 21.843402862548828 -4.242258548736572
6.616211414337158 21.98134994506836 -4.239884376525879
6.833627700805664 22.143524169921875 -4.239492893218994
7.005953311920166 22.15357208251953 -4.209859371185303
7.241702556610107 22.356075286865234 -4.216552734375
7.4344635009765625 22.417770385742188 -4.196433067321777
7.716512203216553 22.728857040405273 -4.219560623168945
7.890661239624023 22.721826553344727 -4.183597087860107
8.083273887634277 22.764158248901367 -4.156694412231445
8.354188919067383 23.018512725830078 -4.168149471282959
0.0 0.0 0.0
8.841261863708496 23.335481643676758 -4.149618625640869
9.03818416595459 23.36345863342285 -4.1164960861206055
9.32636547088623 23.61937141418457 -4.123136520385742
9.59976863861084 23.82621955871582 -4.119278430938721
9.795034408569336 23.83060073852539 -4.078709125518799
10.060932159423828 23.992433547973633 -4.0640645027160645
10.42375659942627 24.380046844482422 -4.087424278259277
10.684152603149414 24.51640510559082 -4.06688117980957
10.887625694274902 24.516311645507812 -4.021885395050049
11.242911338806152 24.848974227905273 -4.030819416046143
11.551651000976562 25.057310104370117 -4.0176920890808105
0.0 0.0 0.0
0.0 0.0 0.0
0.0 0.0 0.0
0.0 0.0 0.0
0.0 0.0 0.0
13.470041275024414 26.26822853088379 -3.9023525714874268
13.959132194519043 26.762147903442383 -3.9206459522247314
14.406806945800781 27.15829086303711 -3.9226105213165283
14.617168426513672 27.099842071533203 -3.8568685054779053
14.997926712036133 27.34873390197754 -3.8325650691986084
0.0 0.0 0.0
15.808030128479004 27.89015007019043 -3.7848072052001953
0.0 0.0 0.0
0.0 0.0 0.0
0.0 0.0 0.0
0.0 0.0 0.0
0.0 0.0 0.0
0.0 0.0 0.0
0.0 0.0 0.0
0.0 0.0 0.0
0.0 0.0 0.0
20.960018157958984 31.624584197998047 -3.5060253143310547
0.0 0.0 0.0
0.0 0.0 0.0
0.0 0.0 0.0
0.0 0.0 0.0
0.0 0.0 0.0
0.0 0.0 0.0
0.0 0.0 0.0
0.0 0.0 0.0
0.0 0.0 0.0
0.0 0.0 0.0
0.0 0.0 0.0
0.0 0.0 0.0
0.0 0.0 0.0
0.0 0.0 0.0
0.0 0.0 0.0
0.0 0.0 0.0
0.0 0.0 0.0
0.0 0.0 0.0
0.0 0.0 0.0
0.0 0.0 0.0
0.0 0.0 0.0
0.0 0.0 0.0
0.0 0.0 0.0
0.0 0.0 0.0
0.0 0.0 0.0
0.0 0.0 0.0
0.0 0.0 0.0
0.0 0.0 0.0
0.0 0.0 0.0
0.0 0.0 0.0
0.0 0.0 0.0
0.0 0.0 0.0
0.0 0.0 0.0
0.0 0.0 0.0
0.0 0.0 0.0
0.0 0.0 0.0
0.0 0.0 0.0
0.0 0.0 0.0
0.0 0.0 0.0
0.0 0.0 0.0
0.0 0.0 0.0
0.0 0.0 0.0
0.0 0.0 0.0
0.0 0.0 0.0
0.0 0.0 0.0
0.0 0.0 0.0
0.0 0.0 0.0
0.0 0.0 0.0
0.0 0.0 0.0
0.0 0.0 0.0
0.0 0.0 0.0
0.0 0.0 0.0
0.0 0.0 0.0
0.0 0.0 0.0
0.0 0.0 0.0
0.0 0.0 0.0
0.0 0.0 0.0
0.0 0.0 0.0
0.0 0.0 0.0
0.0 0.0 0.0
0.0 0.0 0.0
0.0 0.0 0.0
0.0 0.0 0.0
0.0 0.0 0.0
0.0 0.0 0.0
0.0 0.0 0.0
0.0 0.0 0.0
0.0 0.0 0.0
0.0 0.0 0.0
0.0 0.0 0.0
0.0 0.0 0.0
0.0 0.0 0.0
0.0 0.0 0.0
0.0 0.0 0.0
0.0 0.0 0.0
0.0 0.0 0.0
0.0 0.0 0.0
0.0 0.0 0.0
0.0 0.0 0.0
0.0 0.0 0.0
0.0 0.0 0.0
0.0 0.0 0.0
0.0 0.0 0.0
0.0 0.0 0.0
0.0 0.0 0.0
0.0 0.0 0.0
0.0 0.0 0.0
0.0 0.0 0.0
0.0 0.0 0.0
0.0 0.0 0.0
0.0 0.0 0.0
0.0 0.0 0.0
0.0 0.0 0.0
0.0 0.0 0.0
0.0 0.0 0.0
0.0 0.0 0.0
0.0 0.0 0.0
0.0 0.0 0.0
0.0 0.0 0.0
0.0 0.0 0.0
0.0 0.0 0.0
0.0 0.0 0.0
0.0 0.0 0.0
0.0 0.0 0.0
0.0 0.0 0.0
0.0 0.0 0.0
0.0 0.0 0.0
0.0 0.0 0.0
0.0 0.0 0.0
0.0 0.0 0.0
0.0 0.0 0.0
0.0 0.0 0.0
0.0 0.0 0.0
0.0 0.0 0.0
0.0 0.0 0.0
0.0 0.0 0.0
0.0 0.0 0.0
0.0 0.0 0.0
0.0 0.0 0.0
0.0 0.0 0.0
0.0 0.0 0.0
0.0 0.0 0.0
0.0 0.0 0.0
0.0 0.0 0.0
0.0 0.0 0.0
0.0 0.0 0.0
0.0 0.0 0.0
0.0 0.0 0.0
0.0 0.0 0.0
0.0 0.0 0.0
0.0 0.0 0.0
0.0 0.0 0.0
0.0 0.0 0.0
0.0 0.0 0.0
0.0 0.0 0.0
0.0 0.0 0.0
0.0 0.0 0.0
0.0 0.0 0.0
0.0 0.0 0.0
0.0 0.0 0.0
0.0 0.0 0.0
0.0 0.0 0.0
0.0 0.0 0.0
0.0 0.0 0.0
0.0 0.0 0.0
0.0 0.0 0.0
0.0 0.0 0.0
0.0 0.0 0.0
0.0 0.0 0.0
0.0 0.0 0.0
0.0 0.0 0.0
0.0 0.0 0.0
0.0 0.0 0.0
0.0 0.0 0.0
0.0 0.0 0.0
0.0 0.0 0.0
0.0 0.0 0.0
0.0 0.0 0.0
0.0 0.0 0.0
0.0 0.0 0.0
0.0 0.0 0.0
0.0 0.0 0.0
0.0 0.0 0.0
0.0 0.0 0.0
0.0 0.0 0.0
0.0 0.0 0.0
0.0 0.0 0.0
0.0 0.0 0.0
0.0 0.0 0.0
0.0 0.0 0.0
0.0 0.0 0.0
0.0 0.0 0.0
0.0 0.0 0.0
0.0 0.0 0.0
0.0 0.0 0.0
0.0 0.0 0.0
0.0 0.0 0.0
0.0 0.0 0.0
0.0 0.0 0.0
0.0 0.0 0.0
0.0 0.0 0.0
0.0 0.0 0.0
0.0 0.0 0.0
0.0 0.0 0.0
0.0 0.0 0.0
0.0 0.0 0.0
0.0 0.0 0.0
0.0 0.0 0.0
0.0 0.0 0.0
0.0 0.0 0.0
-20.419612884521484 29.533681869506836 -2.6612489223480225
0.0 0.0 0.0
0.0 0.0 0.0
0.0 0.0 0.0
0.0 0.0 0.0
-17.906085968017578 27.940746307373047 -2.9444591999053955
0.0 0.0 0.0
0.0 0.0 0.0
0.0 0.0 0.0
0.0 0.0 0.0
0.0 0.0 0.0
0.0 0.0 0.0
0.0 0.0 0.0
0.0 0.0 0.0
0.0 0.0 0.0
0.0 0.0 0.0
-13.519485473632812 25.163063049316406 -3.358595609664917
0.0 0.0 0.0
-12.779214859008789 24.601608276367188 -3.3941190242767334
0.0 0.0 0.0
-12.218832015991211 24.35153579711914 -3.4670512676239014
0.0 0.0 0.0
0.0 0.0 0.0
0.0 0.0 0.0
-11.150238037109375 23.85666847229004 -3.595597505569458
0.0 0.0 0.0
-10.630258560180664 23.604990005493164 -3.6522035598754883
0.0 0.0 0.0
0.0 0.0 0.0
0.0 0.0 0.0
0.0 0.0 0.0
0.0 0.0 0.0
0.0 0.0 0.0
0.0 0.0 0.0
0.0 0.0 0.0
0.0 0.0 0.0
-8.170894622802734 22.157995223999023 -3.834411859512329
0.0 0.0 0.0
-7.733539581298828 21.90673828125 -3.863471269607544
0.0 0.0 0.0
-7.277836322784424 21.56777572631836 -3.8736274242401123
0.0 0.0 0.0
-6.9188313484191895 21.496706008911133 -3.928586483001709
0.0 0.0 0.0
-6.51547908782959 21.253915786743164 -3.9485843181610107
-6.350996971130371 21.2441349029541 -3.979052782058716
-6.179467678070068 21.20768165588379 -4.0019755363464355
-6.003084659576416 21.159446716308594 -4.022745609283447
-5.818996906280518 21.06845474243164 -4.034790992736816
-5.676337718963623 21.124298095703125 -4.075013160705566
-5.46742582321167 20.926809310913086 -4.064436912536621
-5.292304992675781 20.84669303894043 -4.075091361999512
-5.113134384155273 20.754541397094727 -4.083782196044922
-4.938043117523193 20.660438537597656 -4.091524600982666
-4.758327007293701 20.538984298706055 -4.092817306518555
-4.6191511154174805 20.58858299255371 -4.125979900360107
-4.440481185913086 20.457406997680664 -4.122964382171631
-4.299925327301025 20.508968353271484 -4.157240867614746
-4.127153396606445 20.390155792236328 -4.156647682189941
-3.981139898300171 20.3984432220459 -4.17862606048584
-3.8125698566436768 20.285274505615234 -4.175679683685303
-3.6609089374542236 20.25363540649414 -4.189511299133301
-3.5066068172454834 20.217458724975586 -4.202878475189209
-3.363821506500244 20.229276657104492 -4.223731994628906
-3.1910784244537354 20.051424026489258 -4.2037811279296875
-3.0468480587005615 20.042354583740234 -4.2192301750183105
-2.902348756790161 20.02845573425293 -4.233819961547852
-2.745145797729492 19.9190731048584 -4.227146625518799
-2.6033899784088135 19.93439483642578 -4.244567394256592
-2.45695161819458 19.891569137573242 -4.249534606933594
-2.314331293106079 19.874244689941406 -4.260095119476318
-2.1716556549072266 19.85209846496582 -4.2697834968566895
-2.0244266986846924 19.77646827697754 -4.264317035675049
-1.8939125537872314 19.890073776245117 -4.2999396324157715
-1.7429965734481812 19.759178161621094 -4.282691478729248
-1.6072825193405151 19.790807723999023 -4.300811290740967
-1.464586853981018 19.734472274780273 -4.297442436218262
-1.3260939121246338 19.726957321166992 -4.30331563949585
-1.1840089559555054 19.695722579956055 -4.3043389320373535
-1.0456292629241943 19.678617477416992 -4.308502197265625
-0.9116257429122925 19.752281188964844 -4.331570625305176
-0.7739735245704651 19.749391555786133 -4.335020542144775
-0.6352726221084595 19.715042114257812 -4.331768989562988
-0.4964260458946228 19.7484130859375 -4.343686103820801
-0.3569728136062622 19.639646530151367 -4.324454307556152
-0.22171418368816376 19.76723289489746 -4.353565692901611
-0.08390132337808609 19.707002639770508 -4.341286659240723
0.05294451490044594 19.657262802124023 -4.3315205574035645
0.19071617722511292 19.7591552734375 -4.355382442474365
0.32939788699150085 19.68512535095215 -4.33812141418457
0.46859297156333923 19.78216552734375 -4.357021331787109
0.6061150431632996 19.77907943725586 -4.354066848754883
0.7440535426139832 19.782657623291016 -4.352786064147949
0.8868663907051086 19.896026611328125 -4.374838829040527
1.0247265100479126 19.833663940429688 -4.3551344871521
1.1694004535675049 19.94187355041504 -4.3731842041015625
1.3045352697372437 19.87767219543457 -4.35361385345459
1.4486325979232788 19.949588775634766 -4.364067077636719
1.5880937576293945 19.94892692565918 -4.355208396911621
1.733496069908142 19.985225677490234 -4.354028224945068
1.8786895275115967 20.0396728515625 -4.357131481170654
2.0218138694763184 20.062665939331055 -4.353555679321289
2.169750452041626 20.12687873840332 -4.356845378875732
2.31290340423584 20.141067504882812 -4.347670078277588
2.4645144939422607 20.199478149414062 -4.347970008850098
2.616560459136963 20.272180557250977 -4.351675033569336
2.7659852504730225 20.317428588867188 -4.348827362060547
2.929523229598999 20.452966690063477 -4.362305164337158
3.062692165374756 20.371768951416016 -4.329702854156494
3.241255044937134 20.584272384643555 -4.359611511230469
3.3825783729553223 20.534626007080078 -4.333801746368408
3.5352654457092285 20.567913055419922 -4.3226728439331055
3.694490432739258 20.634082794189453 -4.3180670738220215
3.8591697216033936 20.721590042114258 -4.317943096160889
4.031792163848877 20.841644287109375 -4.32459020614624
4.172562122344971 20.780099868774414 -4.291593551635742
4.351703643798828 20.916980743408203 -4.298377513885498
4.522479057312012 21.003734588623047 -4.294791221618652
4.702009201049805 21.122831344604492 -4.297790050506592
4.838027477264404 21.042631149291992 -4.259696960449219
5.046499252319336 21.259929656982422 -4.278587818145752
5.256765365600586 21.479639053344727 -4.297998428344727
5.388614177703857 21.373998641967773 -4.252343654632568
0.0 0.0 0.0
5.762943267822266 21.58688735961914 -4.242860317230225
5.99587345123291 21.836870193481445 -4.263684272766113
6.167433738708496 21.86363410949707 -4.24116849899292
6.346064567565918 21.911182403564453 -4.222708225250244
6.557249069213867 22.064443588256836 -4.222863674163818
6.766388416290283 22.201391220092773 -4.218409538269043
6.960967063903809 22.273435592651367 -4.2009077072143555
7.19624662399292 22.476470947265625 -4.208385467529297
7.379561424255371 22.509397506713867 -4.182951927185059
7.597097396850586 22.63956642150879 -4.173463821411133
7.751646995544434 22.578571319580078 -4.128739356994629
8.033411979675293 22.87967300415039 -4.149904251098633
8.25998306274414 23.003278732299805 -4.137575626373291
8.478029251098633 23.10442543029785 -4.119108200073242
8.745400428771973 23.329904556274414 -4.1222920417785645
9.045293807983398 23.62846565246582 -4.1375932693481445
9.201019287109375 23.543380737304688 -4.08540678024292
9.477400779724121 23.7539119720459 -4.0816168785095215
0.0 0.0 0.0
10.020318984985352 24.133365631103516 -4.0655198097229
10.376334190368652 24.507625579833984 -4.0872602462768555
0.0 0.0 0.0
10.804637908935547 24.555341720581055 -4.007570266723633
11.179059982299805 24.934972763061523 -4.025003910064697
0.0 0.0 0.0
11.797070503234863 25.36371421813965 -4.001888751983643
12.160682678222656 25.676700592041016 -4.002696990966797
12.443684577941895 25.79973793029785 -3.9720492362976074
12.727248191833496 25.925052642822266 -3.9421048164367676
13.043895721435547 26.110437393188477 -3.918983221054077
13.495798110961914 26.551523208618164 -3.931934118270874
0.0 0.0 0.0
14.203644752502441 27.00745391845703 -3.8906564712524414
14.566359519958496 27.228837966918945 -3.864455223083496
0.0 0.0 0.0
15.282710075378418 27.636093139648438 -3.8041555881500244
0.0 0.0 0.0
0.0 0.0 0.0
16.49819564819336 28.409578323364258 -3.719456911087036
0.0 0.0 0.0
0.0 0.0 0.0
0.0 0.0 0.0
0.0 0.0 0.0
0.0 0.0 0.0
0.0 0.0 0.0
0.0 0.0 0.0
20.875329971313477 31.73468780517578 -3.5261147022247314
0.0 0.0 0.0
0.0 0.0 0.0
0.0 0.0 0.0
0.0 0.0 0.0
0.0 0.0 0.0
0.0 0.0 0.0
0.0 0.0 0.0
0.0 0.0 0.0
0.0 0.0 0.0
0.0 0.0 0.0
0.0 0.0 0.0
0.0 0.0 0.0
0.0 0.0 0.0
0.0 0.0 0.0
0.0 0.0 0.0
0.0 0.0 0.0
0.0 0.0 0.0
0.0 0.0 0.0
0.0 0.0 0.0
0.0 0.0 0.0
0.0 0.0 0.0
0.0 0.0 0.0
0.0 0.0 0.0
0.0 0.0 0.0
0.0 0.0 0.0
0.0 0.0 0.0
0.0 0.0 0.0
0.0 0.0 0.0
0.0 0.0 0.0
0.0 0.0 0.0
0.0 0.0 0.0
0.0 0.0 0.0
0.0 0.0 0.0
0.0 0.0 0.0
0.0 0.0 0.0
0.0 0.0 0.0
0.0 0.0 0.0
0.0 0.0 0.0
0.0 0.0 0.0
0.0 0.0 0.0
0.0 0.0 0.0
0.0 0.0 0.0
0.0 0.0 0.0
0.0 0.0 0.0
0.0 0.0 0.0
0.0 0.0 0.0
0.0 0.0 0.0
0.0 0.0 0.0
0.0 0.0 0.0
0.0 0.0 0.0
0.0 0.0 0.0
0.0 0.0 0.0
0.0 0.0 0.0
0.0 0.0 0.0
0.0 0.0 0.0
0.0 0.0 0.0
0.0 0.0 0.0
0.0 0.0 0.0
0.0 0.0 0.0
0.0 0.0 0.0
0.0 0.0 0.0
0.0 0.0 0.0
0.0 0.0 0.0
0.0 0.0 0.0
0.0 0.0 0.0
0.0 0.0 0.0
0.0 0.0 0.0
0.0 0.0 0.0
0.0 0.0 0.0
0.0 0.0 0.0
0.0 0.0 0.0
0.0 0.0 0.0
0.0 0.0 0.0
0.0 0.0 0.0
0.0 0.0 0.0
0.0 0.0 0.0
0.0 0.0 0.0
0.0 0.0 0.0
0.0 0.0 0.0
0.0 0.0 0.0
0.0 0.0 0.0
0.0 0.0 0.0
0.0 0.0 0.0
0.0 0.0 0.0
0.0 0.0 0.0
0.0 0.0 0.0
0.0 0.0 0.0
0.0 0.0 0.0
0.0 0.0 0.0
0.0 0.0 0.0
0.0 0.0 0.0
0.0 0.0 0.0
0.0 0.0 0.0
0.0 0.0 0.0
0.0 0.0 0.0
0.0 0.0 0.0
0.0 0.0 0.0
0.0 0.0 0.0
0.0 0.0 0.0
0.0 0.0 0.0
0.0 0.0 0.0
0.0 0.0 0.0
0.0 0.0 0.0
0.0 0.0 0.0
0.0 0.0 0.0
0.0 0.0 0.0
0.0 0.0 0.0
0.0 0.0 0.0
0.0 0.0 0.0
0.0 0.0 0.0
0.0 0.0 0.0
0.0 0.0 0.0
0.0 0.0 0.0
0.0 0.0 0.0
0.0 0.0 0.0
0.0 0.0 0.0
0.0 0.0 0.0
0.0 0.0 0.0
0.0 0.0 0.0
0.0 0.0 0.0
0.0 0.0 0.0
0.0 0.0 0.0
0.0 0.0 0.0
0.0 0.0 0.0
0.0 0.0 0.0
0.0 0.0 0.0
0.0 0.0 0.0
0.0 0.0 0.0
0.0 0.0 0.0
0.0 0.0 0.0
0.0 0.0 0.0
0.0 0.0 0.0
0.0 0.0 0.0
0.0 0.0 0.0
0.0 0.0 0.0
0.0 0.0 0.0
0.0 0.0 0.0
0.0 0.0 0.0
0.0 0.0 0.0
0.0 0.0 0.0
0.0 0.0 0.0
0.0 0.0 0.0
0.0 0.0 0.0
0.0 0.0 0.0
0.0 0.0 0.0
0.0 0.0 0.0
0.0 0.0 0.0
0.0 0.0 0.0
0.0 0.0 0.0
0.0 0.0 0.0
0.0 0.0 0.0
0.0 0.0 0.0
0.0 0.0 0.0
0.0 0.0 0.0
0.0 0.0 0.0
0.0 0.0 0.0
0.0 0.0 0.0
0.0 0.0 0.0
0.0 0.0 0.0
0.0 0.0 0.0
0.0 0.0 0.0
0.0 0.0 0.0
0.0 0.0 0.0
0.0 0.0 0.0
0.0 0.0 0.0
0.0 0.0 0.0
0.0 0.0 0.0
0.0 0.0 0.0
0.0 0.0 0.0
0.0 0.0 0.0
0.0 0.0 0.0
0.0 0.0 0.0
0.0 0.0 0.0
0.0 0.0 0.0
0.0 0.0 0.0
0.0 0.0 0.0
0.0 0.0 0.0
0.0 0.0 0.0
0.0 0.0 0.0
0.0 0.0 0.0
0.0 0.0 0.0
0.0 0.0 0.0
0.0 0.0 0.0
0.0 0.0 0.0
0.0 0.0 0.0
0.0 0.0 0.0
0.0 0.0 0.0
0.0 0.0 0.0
0.0 0.0 0.0
0.0 0.0 0.0
0.0 0.0 0.0
0.0 0.0 0.0
0.0 0.0 0.0
0.0 0.0 0.0
0.0 0.0 0.0
0.0 0.0 0.0
0.0 0.0 0.0
0.0 0.0 0.0
0.0 0.0 0.0
0.0 0.0 0.0
0.0 0.0 0.0
0.0 0.0 0.0
0.0 0.0 0.0
0.0 0.0 0.0
0.0 0.0 0.0
0.0 0.0 0.0
0.0 0.0 0.0
0.0 0.0 0.0
-13.435150146484375 25.212404251098633 -3.3604516983032227
0.0 0.0 0.0
0.0 0.0 0.0
0.0 0.0 0.0
0.0 0.0 0.0
0.0 0.0 0.0
0.0 0.0 0.0
0.0 0.0 0.0
0.0 0.0 0.0
0.0 0.0 0.0
-10.569367408752441 23.6846981048584 -3.6487364768981934
0.0 0.0 0.0
-10.00939655303955 23.304899215698242 -3.6789193153381348
0.0 0.0 0.0
0.0 0.0 0.0
0.0 0.0 0.0
0.0 0.0 0.0
0.0 0.0 0.0
-8.57807731628418 22.53113555908203 -3.7986176013946533
0.0 0.0 0.0
0.0 0.0 0.0
0.0 0.0 0.0
0.0 0.0 0.0
0.0 0.0 0.0
0.0 0.0 0.0
0.0 0.0 0.0
-6.910147666931152 21.722230911254883 -3.9397428035736084
0.0 0.0 0.0
-6.458001136779785 21.332406997680664 -3.9327869415283203
-45.38706588745117 153.78073120117188 -28.564809799194336
0.0 0.0 0.0
-5.947327136993408 21.2364444732666 -4.004114151000977
-5.757022380828857 21.122812271118164 -4.0117034912109375
-5.573293685913086 21.03448486328125 -4.022112846374512
-5.403233528137207 20.981281280517578 -4.038711071014404
-5.241794586181641 20.956497192382812 -4.060769557952881
-5.066314220428467 20.870824813842773 -4.071039199829102
-4.87559700012207 20.713363647460938 -4.06408166885376
-4.719053745269775 20.704408645629883 -4.086391448974609
-4.571180820465088 20.720016479492188 -4.113285541534424
-4.3946733474731445 20.599529266357422 -4.113157272338867
-4.240113258361816 20.57562828063965 -4.130344390869141
-4.0786356925964355 20.513219833374023 -4.138635158538818
-3.9187793731689453 20.464988708496094 -4.150171756744385
-3.748417377471924 20.339828491210938 -4.145723819732666
-3.5999834537506104 20.326650619506836 -4.163141250610352
-3.4428164958953857 20.26006507873535 -4.1671624183654785
-3.289060592651367 20.207427978515625 -4.174137592315674
-3.1468381881713867 20.23711395263672 -4.1985650062561035
-2.9999358654022217 20.2200870513916 -4.21319580078125
-2.8367114067077637 20.081462860107422 -4.198903560638428
-2.6950430870056152 20.08566665649414 -4.214310646057129
-2.546066999435425 20.03197479248047 -4.217734336853027
-2.4158926010131836 20.12521743774414 -4.252292633056641
-2.2584800720214844 20.009336471557617 -4.2408671379089355
-2.110473155975342 19.94180679321289 -4.237934112548828
-1.9657713174819946 19.89602279663086 -4.239749431610107
-1.8338345289230347 19.978548049926758 -4.269109725952148
-1.687140703201294 19.900474548339844 -4.263520240783691
-1.545432209968567 19.9021053314209 -4.27221155166626
-1.4022895097732544 19.849260330200195 -4.269256114959717
-1.2693288326263428 19.940216064453125 -4.297438144683838
-1.121989130973816 19.797700881958008 -4.275482177734375
-0.9844894409179688 19.811233520507812 -4.283744812011719
-0.8462213277816772 19.862146377563477 -4.299810409545898
-0.7052037119865417 19.789934158325195 -4.289342403411865
-0.573261022567749 19.991477966308594 -4.338444232940674
-0.4342330992221832 19.99409294128418 -4.342525959014893
-0.29282107949256897 19.835866928100586 -4.309793472290039
-0.15240895748138428 19.829347610473633 -4.310250759124756
-0.014592035673558712 19.924903869628906 -4.333083152770996
0.12360814958810806 19.84404182434082 -4.317142486572266
0.26120898127555847 19.812593460083008 -4.308542728424072
0.40283483266830444 19.993906021118164 -4.346405506134033
0.5381561517715454 19.853681564331055 -4.314578056335449
0.6794455051422119 19.868879318237305 -4.3167243003845215
0.8211063742637634 19.94869041442871 -4.329855442047119
0.9611671566963196 19.970476150512695 -4.329705715179443
1.1013606786727905 19.987468719482422 -4.328714370727539
1.245385766029358 20.060636520385742 -4.340075492858887
1.3784656524658203 19.923471450805664 -4.304335117340088
1.5342713594436646 20.140174865722656 -4.342977046966553
1.671162486076355 20.093088150024414 -4.3248796463012695
1.8124281167984009 20.09830665588379 -4.3182501792907715
1.959024429321289 20.15580940246582 -4.322813987731934
2.1122236251831055 20.243228912353516 -4.329872131347656
2.2663936614990234 20.348716735839844 -4.341085910797119
2.4100003242492676 20.350584030151367 -4.3303303718566895
2.5656397342681885 20.44624900817871 -4.339677333831787
2.711845636367798 20.4578914642334 -4.3286614418029785
2.864548444747925 20.494945526123047 -4.321762561798096
3.0126256942749023 20.512245178222656 -4.311102867126465
3.1872782707214355 20.698598861694336 -4.3360185623168945
3.3330230712890625 20.68740463256836 -4.31835412979126
3.4749372005462646 20.65302085876465 -4.2936224937438965
3.645625114440918 20.783510208129883 -4.303263187408447
3.8148245811462402 20.878355026245117 -4.305187702178955
3.9678268432617188 20.893299102783203 -4.291042327880859
4.122150897979736 20.911531448364258 -4.2741804122924805
4.3039231300354 21.05996322631836 -4.283865928649902
4.4806694984436035 21.1732120513916 -4.286322116851807
4.634907245635986 21.160991668701172 -4.263062477111816
4.8187360763549805 21.290618896484375 -4.266647815704346
5.001169204711914 21.40402603149414 -4.265686988830566
5.179294109344482 21.489816665649414 -4.259123802185059
5.3401970863342285 21.499746322631836 -4.2375874519348145
5.539302349090576 21.645627975463867 -4.241463661193848
5.7540106773376465 21.85013198852539 -4.254854202270508
5.908457279205322 21.819305419921875 -4.222362995147705
6.113194465637207 21.968658447265625 -4.224719524383545
6.2919721603393555 22.016481399536133 -4.207405090332031
6.522805213928223 22.2287540435791 -4.2179179191589355
6.735578536987305 22.377025604248047 -4.216355323791504
6.9189934730529785 22.420576095581055 -4.194908618927002
7.103504657745361 22.462596893310547 -4.173128128051758
7.3232035636901855 22.609647750854492 -4.168768405914307
7.5274786949157715 22.700023651123047 -4.152798652648926
7.768292427062988 22.88263702392578 -4.152828216552734
7.985306262969971 22.9947509765625 -4.140268325805664
8.23884105682373 23.203243255615234 -4.1436052322387695
0.0 0.0 0.0
0.0 0.0 0.0
8.971275329589844 23.6768741607666 -4.11880350112915
9.234204292297363 23.869186401367188 -4.115221977233887
9.43533992767334 23.89422035217285 -4.080452919006348
9.736590385437012 24.164613723754883 -4.087155342102051
9.960088729858398 24.23206329345703 -4.058945178985596
10.242856979370117 24.42837142944336 -4.051061630249023
0.0 0.0 0.0
10.831297874450684 24.853931427001953 -4.035071849822998
11.13467788696289 25.071245193481445 -4.026646137237549
11.318921089172363 25.014385223388672 -3.9738643169403076
11.647878646850586 25.26445198059082 -3.9663734436035156
12.050576210021973 25.666399002075195 -3.9821457862854004
12.37587833404541 25.889633178710938 -3.9690048694610596
0.0 0.0 0.0
12.927372932434082 26.104747772216797 -3.9030797481536865
13.309298515319824 26.412517547607422 -3.8976309299468994
13.729757308959961 26.773283004760742 -3.897585391998291
14.071362495422363 26.976856231689453 -3.874260187149048
0.0 0.0 0.0
0.0 0.0 0.0
15.35322380065918 27.995676040649414 -3.8465969562530518
15.55828857421875 27.901203155517578 -3.7736971378326416
16.003337860107422 28.23531150817871 -3.756564140319824
0.0 0.0 0.0
0.0 0.0 0.0
0.0 0.0 0.0
0.0 0.0 0.0
0.0 0.0 0.0
0.0 0.0 0.0
0.0 0.0 0.0
0.0 0.0 0.0
20.631237030029297 31.599449157714844 -3.5234375
0.0 0.0 0.0
0.0 0.0 0.0
0.0 0.0 0.0
0.0 0.0 0.0
0.0 0.0 0.0
0.0 0.0 0.0
0.0 0.0 0.0
0.0 0.0 0.0
0.0 0.0 0.0
0.0 0.0 0.0
0.0 0.0 0.0
0.0 0.0 0.0
0.0 0.0 0.0
0.0 0.0 0.0
0.0 0.0 0.0
0.0 0.0 0.0
0.0 0.0 0.0
0.0 0.0 0.0
0.0 0.0 0.0
0.0 0.0 0.0
0.0 0.0 0.0
0.0 0.0 0.0
0.0 0.0 0.0
0.0 0.0 0.0
0.0 0.0 0.0
0.0 0.0 0.0
0.0 0.0 0.0
0.0 0.0 0.0
0.0 0.0 0.0
0.0 0.0 0.0
0.0 0.0 0.0
0.0 0.0 0.0
0.0 0.0 0.0
0.0 0.0 0.0
0.0 0.0 0.0
0.0 0.0 0.0
0.0 0.0 0.0
0.0 0.0 0.0
0.0 0.0 0.0
0.0 0.0 0.0
0.0 0.0 0.0
0.0 0.0 0.0
0.0 0.0 0.0
0.0 0.0 0.0
0.0 0.0 0.0
0.0 0.0 0.0
0.0 0.0 0.0
0.0 0.0 0.0
0.0 0.0 0.0
0.0 0.0 0.0
0.0 0.0 0.0
0.0 0.0 0.0
0.0 0.0 0.0
0.0 0.0 0.0
0.0 0.0 0.0
0.0 0.0 0.0
0.0 0.0 0.0
0.0 0.0 0.0
0.0 0.0 0.0
0.0 0.0 0.0
0.0 0.0 0.0
0.0 0.0 0.0
0.0 0.0 0.0
0.0 0.0 0.0
0.0 0.0 0.0
0.0 0.0 0.0
0.0 0.0 0.0
0.0 0.0 0.0
0.0 0.0 0.0
0.0 0.0 0.0
0.0 0.0 0.0
0.0 0.0 0.0
0.0 0.0 0.0
0.0 0.0 0.0
0.0 0.0 0.0
0.0 0.0 0.0
0.0 0.0 0.0
0.0 0.0 0.0
0.0 0.0 0.0
0.0 0.0 0.0
0.0 0.0 0.0
0.0 0.0 0.0
0.0 0.0 0.0
0.0 0.0 0.0
0.0 0.0 0.0
0.0 0.0 0.0
0.0 0.0 0.0
0.0 0.0 0.0
0.0 0.0 0.0
0.0 0.0 0.0
0.0 0.0 0.0
0.0 0.0 0.0
0.0 0.0 0.0
0.0 0.0 0.0
0.0 0.0 0.0
0.0 0.0 0.0
0.0 0.0 0.0
0.0 0.0 0.0
0.0 0.0 0.0
0.0 0.0 0.0
0.0 0.0 0.0
0.0 0.0 0.0
0.0 0.0 0.0
0.0 0.0 0.0
0.0 0.0 0.0
0.0 0.0 0.0
0.0 0.0 0.0
0.0 0.0 0.0
0.0 0.0 0.0
0.0 0.0 0.0
0.0 0.0 0.0
0.0 0.0 0.0
0.0 0.0 0.0
0.0 0.0 0.0
0.0 0.0 0.0
0.0 0.0 0.0
0.0 0.0 0.0
0.0 0.0 0.0
0.0 0.0 0.0
0.0 0.0 0.0
0.0 0.0 0.0
0.0 0.0 0.0
0.0 0.0 0.0
0.0 0.0 0.0
0.0 0.0 0.0
0.0 0.0 0.0
0.0 0.0 0.0
0.0 0.0 0.0
0.0 0.0 0.0
0.0 0.0 0.0
0.0 0.0 0.0
0.0 0.0 0.0
0.0 0.0 0.0
0.0 0.0 0.0
0.0 0.0 0.0
0.0 0.0 0.0
0.0 0.0 0.0
0.0 0.0 0.0
0.0 0.0 0.0
0.0 0.0 0.0
0.0 0.0 0.0
0.0 0.0 0.0
0.0 0.0 0.0
0.0 0.0 0.0
0.0 0.0 0.0
0.0 0.0 0.0
0.0 0.0 0.0
0.0 0.0 0.0
0.0 0.0 0.0
0.0 0.0 0.0
0.0 0.0 0.0
0.0 0.0 0.0
0.0 0.0 0.0
0.0 0.0 0.0
0.0 0.0 0.0
0.0 0.0 0.0
0.0 0.0 0.0
0.0 0.0 0.0
0.0 0.0 0.0
0.0 0.0 0.0
0.0 0.0 0.0
0.0 0.0 0.0
0.0 0.0 0.0
0.0 0.0 0.0
0.0 0.0 0.0
0.0 0.0 0.0
0.0 0.0 0.0
0.0 0.0 0.0
0.0 0.0 0.0
0.0 0.0 0.0
0.0 0.0 0.0
0.0 0.0 0.0
0.0 0.0 0.0
0.0 0.0 0.0
0.0 0.0 0.0
0.0 0.0 0.0
0.0 0.0 0.0
0.0 0.0 0.0
0.0 0.0 0.0
0.0 0.0 0.0
0.0 0.0 0.0
0.0 0.0 0.0
0.0 0.0 0.0
0.0 0.0 0.0
0.0 0.0 0.0
0.0 0.0 0.0
0.0 0.0 0.0
0.0 0.0 0.0
0.0 0.0 0.0
0.0 0.0 0.0
0.0 0.0 0.0
0.0 0.0 0.0
0.0 0.0 0.0
0.0 0.0 0.0
0.0 0.0 0.0
0.0 0.0 0.0
0.0 0.0 0.0
0.0 0.0 0.0
0.0 0.0 0.0
0.0 0.0 0.0
0.0 0.0 0.0
0.0 0.0 0.0
0.0 0.0 0.0
0.0 0.0 0.0
0.0 0.0 0.0
0.0 0.0 0.0
0.0 0.0 0.0
0.0 0.0 0.0
0.0 0.0 0.0
0.0 0.0 0.0
-12.671258926391602 24.814537048339844 -3.408856153488159
0.0 0.0 0.0
0.0 0.0 0.0
0.0 0.0 0.0
0.0 0.0 0.0
0.0 0.0 0.0
0.0 0.0 0.0
0.0 0.0 0.0
-10.395434379577637 23.51807403564453 -3.606684923171997
0.0 0.0 0.0
0.0 0.0 0.0
-9.644721984863281 23.113224029541016 -3.6716344356536865
0.0 0.0 0.0
0.0 0.0 0.0
0.0 0.0 0.0
0.0 0.0 0.0
0.0 0.0 0.0
0.0 0.0 0.0
0.0 0.0 0.0
-7.854482650756836 22.250904083251953 -3.835787057876587
0.0 0.0 0.0
0.0 0.0 0.0
0.0 0.0 0.0
0.0 0.0 0.0
-6.792377948760986 21.61054229736328 -3.8896684646606445
-6.658742904663086 21.7137393951416 -3.9386744499206543
0.0 0.0 0.0
-6.264282703399658 21.49270248413086 -3.9590771198272705
0.0 0.0 0.0
-5.873769283294678 21.262413024902344 -3.974778175354004
-5.678100109100342 21.126171112060547 -3.9763669967651367
-5.529314041137695 21.15928840637207 -4.0098114013671875
-5.351027011871338 21.075897216796875 -4.021225929260254
-5.177086353302002 21.014299392700195 -4.0354390144348145
-4.997391700744629 20.909894943237305 -4.039548873901367
-4.863583564758301 20.994739532470703 -4.08032751083374
-4.637267589569092 20.670562744140625 -4.041469097137451
-4.534591197967529 20.891868591308594 -4.108503818511963
-4.350749969482422 20.753217697143555 -4.102889060974121
-4.165706634521484 20.582555770874023 -4.090382099151611
-4.018505573272705 20.590988159179688 -4.113450050354004
-3.8499910831451416 20.485376358032227 -4.113811016082764
-3.7051968574523926 20.49966049194336 -4.135220050811768
-3.553920030593872 20.49068832397461 -4.152057647705078
-3.3866145610809326 20.366912841796875 -4.145361423492432
-3.2291886806488037 20.290990829467773 -4.148370742797852
-3.0750648975372314 20.229427337646484 -4.1524658203125
-2.938671112060547 20.280656814575195 -4.178182601928711
-2.7827484607696533 20.19447898864746 -4.175759315490723
-2.6400787830352783 20.2174129486084 -4.196303844451904
-2.50062894821167 20.24681282043457 -4.217461585998535
-2.3443644046783447 20.131473541259766 -4.20539665222168
-2.2067275047302246 20.170852661132812 -4.225808620452881
-2.059309244155884 20.11798095703125 -4.227076530456543
-1.914421558380127 20.106077194213867 -4.237311840057373
-1.7678978443145752 20.044124603271484 -4.233673572540283
-1.6263506412506104 20.03080177307129 -4.239706039428711
-1.4838134050369263 19.997411727905273 -4.241658687591553
-1.3478164672851562 20.054527282714844 -4.263027191162109
-1.2048946619033813 20.046327590942383 -4.269107341766357
-1.0648036003112793 20.041296005249023 -4.273626804351807
-0.9296193718910217 20.14214324951172 -4.300961494445801
-0.7848600149154663 20.028301239013672 -4.282646656036377
-0.6462817192077637 20.054737091064453 -4.294299125671387
-0.5038098692893982 20.042882919311523 -4.294086933135986
-0.36358222365379333 19.999431610107422 -4.287264823913574
-0.2242593616247177 19.99319839477539 -4.288624286651611
-0.08504094928503036 19.985994338989258 -4.289981365203857
0.05407175049185753 20.0318660736084 -4.300126552581787
0.1926836222410202 19.958646774291992 -4.283597469329834
0.33711740374565125 20.147932052612305 -4.323602676391602
0.4753335416316986 20.065120697021484 -4.305436134338379
0.6152276992797852 20.073244094848633 -4.305748462677002
0.75412517786026 20.05042839050293 -4.296835899353027
0.8974980711936951 20.13349723815918 -4.31080961227417
1.0451244115829468 20.226882934570312 -4.327104568481445
1.1815704107284546 20.147703170776367 -4.306751251220703
1.3322618007659912 20.300922393798828 -4.332456588745117
1.4715862274169922 20.266355514526367 -4.317980766296387
1.609583854675293 20.219398498535156 -4.301096439361572
1.7602070569992065 20.296966552734375 -4.310785293579102
1.9161297082901 20.442577362060547 -4.33282995223999
2.061323881149292 20.458070755004883 -4.325575351715088
2.2062602043151855 20.46874237060547 -4.317498207092285
2.3553695678710938 20.5125732421875 -4.316584587097168
2.501690149307251 20.505859375 -4.304328918457031
2.643878698348999 20.483781814575195 -4.286130428314209
2.7977492809295654 20.547882080078125 -4.286126613616943
2.9600799083709717 20.663883209228516 -4.297035217285156
3.1237528324127197 20.77484130859375 -4.306922912597656
3.274627923965454 20.794429779052734 -4.294987678527832
3.4342241287231445 20.846689224243164 -4.288889408111572
3.590219020843506 20.88678550720215 -4.280684471130371
3.775801658630371 21.087839126586914 -4.305474758148193
3.9288673400878906 21.095603942871094 -4.2891740798950195
4.084338188171387 21.11393928527832 -4.273125648498535
4.253564357757568 21.183263778686523 -4.267115592956543
4.403418064117432 21.165403366088867 -4.244002819061279
4.612109184265137 21.420122146606445 -4.275222301483154
4.769767761230469 21.426528930664062 -4.253802299499512
4.945089817047119 21.506492614746094 -4.247020244598389
5.127780437469482 21.59950065612793 -4.242413520812988
5.300263404846191 21.654293060302734 -4.230685234069824
5.484043598175049 21.74913215637207 -4.224381923675537
5.702243804931641 21.968992233276367 -4.241302013397217
5.873257637023926 21.997695922851562 -4.221156120300293
6.047799587249756 22.024396896362305 -4.200217247009277
6.260657787322998 22.194910049438477 -4.205907344818115
6.471382141113281 22.345291137695312 -4.205749034881592
6.650562286376953 22.37959861755371 -4.1836161613464355
6.831481456756592 22.416202545166016 -4.16195821762085
7.046975612640381 22.549816131591797 -4.157343864440918
7.291369915008545 22.774356842041016 -4.167055130004883
7.501906394958496 22.883323669433594 -4.155274391174316
7.693665504455566 22.928373336791992 -4.131720542907715
7.915172576904297 23.055633544921875 -4.122817039489746
8.141334533691406 23.188610076904297 -4.112443447113037
8.392693519592285 23.372995376586914 -4.109626293182373
8.6215238571167 23.494474411010742 -4.095966815948486
8.86211109161377 23.63913345336914 -4.0859599113464355
0.0 0.0 0.0
9.376779556274414 23.990991592407227 -4.071474552154541
9.63663387298584 24.149744033813477 -4.05936336517334
9.964585304260254 24.475200653076172 -4.075194835662842
10.150469779968262 24.444665908813477 -4.030300617218018
10.505430221557617 24.811124801635742 -4.048895359039307
10.68993854522705 24.765995025634766 -3.9997622966766357
11.037884712219238 25.082529067993164 -4.00777006149292
11.217844009399414 25.0196533203125 -3.954758405685425
0.0 0.0 0.0
11.935201644897461 25.657825469970703 -3.9639575481414795
12.224306106567383 25.808813095092773 -3.941096544265747
0.0 0.0 0.0
12.898880958557129 26.2753963470459 -3.913715124130249
13.197455406188965 26.417659759521484 -3.8845791816711426
0.0 0.0 0.0
13.896403312683105 26.876195907592773 -3.848381519317627
14.262459754943848 27.118858337402344 -3.828402519226074
14.729418754577637 27.530384063720703 -3.829746961593628
0.0 0.0 0.0
0.0 0.0 0.0
15.947699546813965 28.36894989013672 -3.768781900405884
0.0 0.0 0.0
0.0 0.0 0.0
0.0 0.0 0.0
17.614715576171875 29.384971618652344 -3.641857862472534
0.0 0.0 0.0
0.0 0.0 0.0
0.0 0.0 0.0
0.0 0.0 0.0
0.0 0.0 0.0
0.0 0.0 0.0
0.0 0.0 0.0
0.0 0.0 0.0
0.0 0.0 0.0
0.0 0.0 0.0
0.0 0.0 0.0
0.0 0.0 0.0
0.0 0.0 0.0
0.0 0.0 0.0
0.0 0.0 0.0
0.0 0.0 0.0
0.0 0.0 0.0
0.0 0.0 0.0
0.0 0.0 0.0
0.0 0.0 0.0
0.0 0.0 0.0
0.0 0.0 0.0
0.0 0.0 0.0
0.0 0.0 0.0
0.0 0.0 0.0
0.0 0.0 0.0
0.0 0.0 0.0
0.0 0.0 0.0
0.0 0.0 0.0
0.0 0.0 0.0
0.0 0.0 0.0
0.0 0.0 0.0
0.0 0.0 0.0
0.0 0.0 0.0
0.0 0.0 0.0
0.0 0.0 0.0
0.0 0.0 0.0
0.0 0.0 0.0
0.0 0.0 0.0
0.0 0.0 0.0
0.0 0.0 0.0
0.0 0.0 0.0
0.0 0.0 0.0
0.0 0.0 0.0
0.0 0.0 0.0
0.0 0.0 0.0
0.0 0.0 0.0
0.0 0.0 0.0
0.0 0.0 0.0
0.0 0.0 0.0
0.0 0.0 0.0
0.0 0.0 0.0
0.0 0.0 0.0
0.0 0.0 0.0
0.0 0.0 0.0
0.0 0.0 0.0
0.0 0.0 0.0
0.0 0.0 0.0
0.0 0.0 0.0
0.0 0.0 0.0
0.0 0.0 0.0
0.0 0.0 0.0
0.0 0.0 0.0
0.0 0.0 0.0
0.0 0.0 0.0
0.0 0.0 0.0
0.0 0.0 0.0
0.0 0.0 0.0
0.0 0.0 0.0
0.0 0.0 0.0
0.0 0.0 0.0
0.0 0.0 0.0
0.0 0.0 0.0
0.0 0.0 0.0
0.0 0.0 0.0
0.0 0.0 0.0
0.0 0.0 0.0
0.0 0.0 0.0
0.0 0.0 0.0
0.0 0.0 0.0
0.0 0.0 0.0
0.0 0.0 0.0
0.0 0.0 0.0
0.0 0.0 0.0
0.0 0.0 0.0
0.0 0.0 0.0
0.0 0.0 0.0
0.0 0.0 0.0
0.0 0.0 0.0
0.0 0.0 0.0
0.0 0.0 0.0
0.0 0.0 0.0
0.0 0.0 0.0
0.0 0.0 0.0
0.0 0.0 0.0
0.0 0.0 0.0
0.0 0.0 0.0
0.0 0.0 0.0
0.0 0.0 0.0
0.0 0.0 0.0
0.0 0.0 0.0
0.0 0.0 0.0
0.0 0.0 0.0
0.0 0.0 0.0
0.0 0.0 0.0
0.0 0.0 0.0
0.0 0.0 0.0
0.0 0.0 0.0
0.0 0.0 0.0
0.0 0.0 0.0
0.0 0.0 0.0
0.0 0.0 0.0
0.0 0.0 0.0
0.0 0.0 0.0
0.0 0.0 0.0
0.0 0.0 0.0
0.0 0.0 0.0
0.0 0.0 0.0
0.0 0.0 0.0
0.0 0.0 0.0
0.0 0.0 0.0
0.0 0.0 0.0
0.0 0.0 0.0
0.0 0.0 0.0
0.0 0.0 0.0
0.0 0.0 0.0
0.0 0.0 0.0
0.0 0.0 0.0
0.0 0.0 0.0
0.0 0.0 0.0
0.0 0.0 0.0
0.0 0.0 0.0
0.0 0.0 0.0
0.0 0.0 0.0
0.0 0.0 0.0
0.0 0.0 0.0
0.0 0.0 0.0
0.0 0.0 0.0
0.0 0.0 0.0
0.0 0.0 0.0
0.0 0.0 0.0
0.0 0.0 0.0
0.0 0.0 0.0
0.0 0.0 0.0
0.0 0.0 0.0
0.0 0.0 0.0
0.0 0.0 0.0
0.0 0.0 0.0
0.0 0.0 0.0
0.0 0.0 0.0
0.0 0.0 0.0
0.0 0.0 0.0
0.0 0.0 0.0
0.0 0.0 0.0
0.0 0.0 0.0
0.0 0.0 0.0
0.0 0.0 0.0
0.0 0.0 0.0
0.0 0.0 0.0
0.0 0.0 0.0
0.0 0.0 0.0
0.0 0.0 0.0
0.0 0.0 0.0
0.0 0.0 0.0
0.0 0.0 0.0
0.0 0.0 0.0
0.0 0.0 0.0
0.0 0.0 0.0
0.0 0.0 0.0
0.0 0.0 0.0
0.0 0.0 0.0
0.0 0.0 0.0
0.0 0.0 0.0
0.0 0.0 0.0
0.0 0.0 0.0
0.0 0.0 0.0
0.0 0.0 0.0
0.0 0.0 0.0
0.0 0.0 0.0
0.0 0.0 0.0
0.0 0.0 0.0
0.0 0.0 0.0
0.0 0.0 0.0
0.0 0.0 0.0
0.0 0.0 0.0
0.0 0.0 0.0
0.0 0.0 0.0
0.0 0.0 0.0
0.0 0.0 0.0
0.0 0.0 0.0
0.0 0.0 0.0
0.0 0.0 0.0
0.0 0.0 0.0
0.0 0.0 0.0
0.0 0.0 0.0
0.0 0.0 0.0
0.0 0.0 0.0
0.0 0.0 0.0
0.0 0.0 0.0
0.0 0.0 0.0
0.0 0.0 0.0
0.0 0.0 0.0
0.0 0.0 0.0
0.0 0.0 0.0
0.0 0.0 0.0
0.0 0.0 0.0
0.0 0.0 0.0
0.0 0.0 0.0
0.0 0.0 0.0
0.0 0.0 0.0
0.0 0.0 0.0
-14.540321350097656 25.96163558959961 -3.2184884548187256
0.0 0.0 0.0
0.0 0.0 0.0
0.0 0.0 0.0
0.0 0.0 0.0
0.0 0.0 0.0
-12.675822257995605 25.038827896118164 -3.4304440021514893
0.0 0.0 0.0
0.0 0.0 0.0
0.0 0.0 0.0
0.0 0.0 0.0
-11.11797046661377 24.007644653320312 -3.5291428565979004
0.0 0.0 0.0
0.0 0.0 0.0
0.0 0.0 0.0
0.0 0.0 0.0
0.0 0.0 0.0
0.0 0.0 0.0
0.0 0.0 0.0
0.0 0.0 0.0
-8.864139556884766 22.806453704833984 -3.7222537994384766
0.0 0.0 0.0
0.0 0.0 0.0
0.0 0.0 0.0
0.0 0.0 0.0
0.0 0.0 0.0
0.0 0.0 0.0
0.0 0.0 0.0
0.0 0.0 0.0
-6.950833797454834 21.850465774536133 -3.8713271617889404
0.0 0.0 0.0
-6.5493059158325195 21.634872436523438 -3.894585132598877
-6.3869524002075195 21.640453338623047 -3.9261858463287354
-6.210813045501709 21.597036361694336 -3.9474220275878906
-5.9951558113098145 21.408008575439453 -3.9404332637786865
-5.840091228485107 21.428571701049805 -3.9719088077545166
-5.657799243927002 21.355653762817383 -3.9865753650665283
-5.4842119216918945 21.299419403076172 -4.00313138961792
-5.280709266662598 21.115358352661133 -3.993021249771118
-5.138033390045166 21.168474197387695 -4.027734279632568
-4.962307453155518 21.082265853881836 -4.0360260009765625
-4.779336929321289 20.968976974487305 -4.039487361907959
-4.633864402770996 21.004167556762695 -4.06837797164917
-4.446436882019043 20.843238830566406 -4.05895471572876
-4.291069984436035 20.823543548583984 -4.076966762542725
-4.145004749298096 20.847850799560547 -4.103771686553955
-3.9630839824676514 20.698617935180664 -4.094927787780762
-3.827877998352051 20.774036407470703 -4.128574848175049
-3.6684136390686035 20.716428756713867 -4.135962963104248
-3.5142736434936523 20.68408966064453 -4.148498058319092
-3.348580837249756 20.5750732421875 -4.145104885101318
-3.1917917728424072 20.526212692260742 -4.1511030197143555
-3.044558525085449 20.51754379272461 -4.165086269378662
-2.8858144283294678 20.424402236938477 -4.162018775939941
-2.758051633834839 20.550146102905273 -4.203758239746094
-2.5933315753936768 20.398418426513672 -4.186074733734131
-2.4404149055480957 20.325395584106445 -4.183793067932129
-2.2934556007385254 20.316116333007812 -4.194995880126953
-2.1524620056152344 20.33600425720215 -4.2121901512146
-2.0067787170410156 20.30953598022461 -4.218374252319336
-1.862252116203308 20.290115356445312 -4.223834991455078
-1.7177703380584717 20.265859603881836 -4.228463172912598
-1.569022536277771 20.21021842956543 -4.226865291595459
-1.4196940660476685 20.099998474121094 -4.213709831237793
-1.2904802560806274 20.275632858276367 -4.256772994995117
-1.1415870189666748 20.14505958557129 -4.2357635498046875
-1.0056123733520508 20.23868751525879 -4.262091636657715
-0.8540054559707642 20.045028686523438 -4.2281951904296875
-0.71983402967453 20.202146530151367 -4.265809535980225
-0.5788476467132568 20.190540313720703 -4.266568183898926
-0.43888720870018005 20.21616554260254 -4.2754011154174805
-0.2969634532928467 20.129995346069336 -4.260787010192871
-0.15447647869586945 20.13094711303711 -4.26383113861084
-0.014496976509690285 20.19650650024414 -4.277571678161621
0.12576726078987122 20.16172981262207 -4.27026891708374
0.26821911334991455 20.328500747680664 -4.305862903594971
0.40753036737442017 20.222986221313477 -4.28399133682251
0.5505908131599426 20.3082218170166 -4.299319267272949
0.6959003210067749 20.354310989379883 -4.305870056152344
0.8331010341644287 20.242877960205078 -4.2793684005737305
0.976529598236084 20.2946834564209 -4.287592887878418
1.122567892074585 20.376373291015625 -4.300450801849365
1.2610453367233276 20.316303253173828 -4.281359672546387
1.3964765071868896 20.186494827270508 -4.247726917266846
1.552063226699829 20.37615394592285 -4.281613349914551
1.6979998350143433 20.416091918945312 -4.283906936645508
1.8466569185256958 20.478580474853516 -4.287384986877441
2.0014452934265137 20.59328842163086 -4.3019118309021
2.1433935165405273 20.543045043945312 -4.281986713409424
2.3038084506988525 20.685943603515625 -4.302641868591309
2.437983989715576 20.58879852294922 -4.2708964347839355
2.6120502948760986 20.8175048828125 -4.305588722229004
2.7532169818878174 20.77167510986328 -4.283578395843506
2.9138987064361572 20.849668502807617 -4.287057399749756
3.064887285232544 20.870162963867188 -4.277980804443359
3.2258951663970947 20.950586318969727 -4.278688907623291
3.383139133453369 20.99956512451172 -4.273077964782715
3.5418572425842285 21.0511531829834 -4.268101692199707
3.7082388401031494 21.139265060424805 -4.270590305328369
3.8770875930786133 21.21880531311035 -4.267905235290527
4.024042129516602 21.18828582763672 -4.243176460266113
4.190610885620117 21.2583065032959 -4.238733768463135
4.360816478729248 21.338281631469727 -4.23629093170166
4.536162376403809 21.436071395874023 -4.235576629638672
4.724950313568115 21.57347869873047 -4.2405877113342285
4.900717258453369 21.653669357299805 -4.234641075134277
5.074172496795654 21.717554092407227 -4.2255353927612305
5.245063304901123 21.765270233154297 -4.212801933288574
5.440550804138184 21.905183792114258 -4.215206623077393
5.624593257904053 21.979663848876953 -4.204514503479004
5.82194185256958 22.108976364135742 -4.204643726348877
6.002287864685059 22.166166305541992 -4.190979957580566
6.2073073387146 22.307573318481445 -4.190611362457275
6.408306121826172 22.425134658813477 -4.185059070587158
6.593590259552002 22.470155715942383 -4.165373802185059
6.8323540687561035 22.698606491088867 -4.179973125457764
7.0223798751831055 22.75604248046875 -4.161389350891113
7.233941078186035 22.874364852905273 -4.152339935302734
7.402241230010986 22.851730346679688 -4.117695331573486
7.648146152496338 23.061758041381836 -4.124809741973877
7.851672649383545 23.126609802246094 -4.104540824890137
0.0 0.0 0.0
8.301132202148438 23.376943588256836 -4.081765651702881
8.567117691040039 23.60425567626953 -4.087634086608887
8.745685577392578 23.583131790161133 -4.050199508666992
9.056683540344238 23.902917861938477 -4.067793846130371
9.356222152709961 24.184486389160156 -4.0785064697265625
9.575092315673828 24.247730255126953 -4.051896095275879
9.847057342529297 24.438074111938477 -4.046191692352295
10.044410705566406 24.436805725097656 -4.006577491760254
10.308555603027344 24.5822811126709 -3.9894862174987793
10.663171768188477 24.93968963623047 -4.0066986083984375
0.0 0.0 0.0
11.201969146728516 25.223426818847656 -3.968113422393799
0.0 0.0 0.0
11.7877779006958 25.57000732421875 -3.9332149028778076
12.08195686340332 25.736190795898438 -3.914069652557373
0.0 0.0 0.0
0.0 0.0 0.0
0.0 0.0 0.0
13.486519813537598 26.767757415771484 -3.8742454051971436
13.790496826171875 26.896434783935547 -3.840402364730835
0.0 0.0 0.0
0.0 0.0 0.0
0.0 0.0 0.0
15.40738582611084 28.095067977905273 -3.7881698608398438
0.0 0.0 0.0
0.0 0.0 0.0
16.573991775512695 28.77716064453125 -3.6983091831207275
0.0 0.0 0.0
0.0 0.0 0.0
0.0 0.0 0.0
0.0 0.0 0.0
0.0 0.0 0.0
0.0 0.0 0.0
0.0 0.0 0.0
0.0 0.0 0.0
0.0 0.0 0.0
0.0 0.0 0.0
0.0 0.0 0.0
0.0 0.0 0.0
24.097156524658203 34.242225646972656 -3.285853385925293
0.0 0.0 0.0
0.0 0.0 0.0
0.0 0.0 0.0
0.0 0.0 0.0
0.0 0.0 0.0
0.0 0.0 0.0
0.0 0.0 0.0
0.0 0.0 0.0
0.0 0.0 0.0
0.0 0.0 0.0
0.0 0.0 0.0
0.0 0.0 0.0
0.0 0.0 0.0
0.0 0.0 0.0
0.0 0.0 0.0
0.0 0.0 0.0
0.0 0.0 0.0
0.0 0.0 0.0
0.0 0.0 0.0
0.0 0.0 0.0
0.0 0.0 0.0
0.0 0.0 0.0
0.0 0.0 0.0
0.0 0.0 0.0
0.0 0.0 0.0
0.0 0.0 0.0
0.0 0.0 0.0
0.0 0.0 0.0
0.0 0.0 0.0
0.0 0.0 0.0
0.0 0.0 0.0
0.0 0.0 0.0
0.0 0.0 0.0
0.0 0.0 0.0
0.0 0.0 0.0
0.0 0.0 0.0
0.0 0.0 0.0
0.0 0.0 0.0
0.0 0.0 0.0
0.0 0.0 0.0
0.0 0.0 0.0
0.0 0.0 0.0
0.0 0.0 0.0
0.0 0.0 0.0
0.0 0.0 0.0
0.0 0.0 0.0
0.0 0.0 0.0
0.0 0.0 0.0
0.0 0.0 0.0
0.0 0.0 0.0
0.0 0.0 0.0
0.0 0.0 0.0
0.0 0.0 0.0
0.0 0.0 0.0
0.0 0.0 0.0
0.0 0.0 0.0
0.0 0.0 0.0
0.0 0.0 0.0
0.0 0.0 0.0
0.0 0.0 0.0
0.0 0.0 0.0
0.0 0.0 0.0
0.0 0.0 0.0
0.0 0.0 0.0
0.0 0.0 0.0
0.0 0.0 0.0
0.0 0.0 0.0
0.0 0.0 0.0
0.0 0.0 0.0
0.0 0.0 0.0
0.0 0.0 0.0
0.0 0.0 0.0
0.0 0.0 0.0
0.0 0.0 0.0
0.0 0.0 0.0
0.0 0.0 0.0
0.0 0.0 0.0
0.0 0.0 0.0
0.0 0.0 0.0
0.0 0.0 0.0
0.0 0.0 0.0
0.0 0.0 0.0
0.0 0.0 0.0
0.0 0.0 0.0
0.0 0.0 0.0
0.0 0.0 0.0
0.0 0.0 0.0
0.0 0.0 0.0
0.0 0.0 0.0
0.0 0.0 0.0
0.0 0.0 0.0
0.0 0.0 0.0
0.0 0.0 0.0
0.0 0.0 0.0
0.0 0.0 0.0
0.0 0.0 0.0
0.0 0.0 0.0
0.0 0.0 0.0
0.0 0.0 0.0
0.0 0.0 0.0
0.0 0.0 0.0
0.0 0.0 0.0
0.0 0.0 0.0
0.0 0.0 0.0
0.0 0.0 0.0
0.0 0.0 0.0
0.0 0.0 0.0
0.0 0.0 0.0
0.0 0.0 0.0
0.0 0.0 0.0
0.0 0.0 0.0
0.0 0.0 0.0
0.0 0.0 0.0
0.0 0.0 0.0
0.0 0.0 0.0
0.0 0.0 0.0
0.0 0.0 0.0
0.0 0.0 0.0
0.0 0.0 0.0
0.0 0.0 0.0
0.0 0.0 0.0
0.0 0.0 0.0
0.0 0.0 0.0
0.0 0.0 0.0
0.0 0.0 0.0
0.0 0.0 0.0
0.0 0.0 0.0
0.0 0.0 0.0
0.0 0.0 0.0
0.0 0.0 0.0
0.0 0.0 0.0
0.0 0.0 0.0
0.0 0.0 0.0
0.0 0.0 0.0
0.0 0.0 0.0
0.0 0.0 0.0
0.0 0.0 0.0
0.0 0.0 0.0
0.0 0.0 0.0
0.0 0.0 0.0
0.0 0.0 0.0
0.0 0.0 0.0
0.0 0.0 0.0
0.0 0.0 0.0
0.0 0.0 0.0
0.0 0.0 0.0
0.0 0.0 0.0
0.0 0.0 0.0
0.0 0.0 0.0
0.0 0.0 0.0
0.0 0.0 0.0
0.0 0.0 0.0
0.0 0.0 0.0
0.0 0.0 0.0
0.0 0.0 0.0
0.0 0.0 0.0
0.0 0.0 0.0
0.0 0.0 0.0
0.0 0.0 0.0
0.0 0.0 0.0
0.0 0.0 0.0
0.0 0.0 0.0
0.0 0.0 0.0
0.0 0.0 0.0
0.0 0.0 0.0
0.0 0.0 0.0
0.0 0.0 0.0
0.0 0.0 0.0
0.0 0.0 0.0
0.0 0.0 0.0
0.0 0.0 0.0
0.0 0.0 0.0
0.0 0.0 0.0
0.0 0.0 0.0
0.0 0.0 0.0
0.0 0.0 0.0
0.0 0.0 0.0
0.0 0.0 0.0
0.0 0.0 0.0
0.0 0.0 0.0
0.0 0.0 0.0
0.0 0.0 0.0
0.0 0.0 0.0
0.0 0.0 0.0
0.0 0.0 0.0
0.0 0.0 0.0
0.0 0.0 0.0
0.0 0.0 0.0
0.0 0.0 0.0
0.0 0.0 0.0
0.0 0.0 0.0
0.0 0.0 0.0
0.0 0.0 0.0
0.0 0.0 0.0
0.0 0.0 0.0
0.0 0.0 0.0
0.0 0.0 0.0
0.0 0.0 0.0
0.0 0.0 0.0
0.0 0.0 0.0
0.0 0.0 0.0
0.0 0.0 0.0
0.0 0.0 0.0
0.0 0.0 0.0
0.0 0.0 0.0
0.0 0.0 0.0
0.0 0.0 0.0
0.0 0.0 0.0
0.0 0.0 0.0
0.0 0.0 0.0
0.0 0.0 0.0
0.0 0.0 0.0
-10.813061714172363 24.00813865661621 -3.559279680252075
0.0 0.0 0.0
0.0 0.0 0.0
0.0 0.0 0.0
0.0 0.0 0.0
0.0 0.0 0.0
0.0 0.0 0.0
0.0 0.0 0.0
0.0 0.0 0.0
0.0 0.0 0.0
0.0 0.0 0.0
0.0 0.0 0.0
0.0 0.0 0.0
0.0 0.0 0.0
0.0 0.0 0.0
-7.357203006744385 22.32401466369629 -3.8622868061065674
0.0 0.0 0.0
-6.911015510559082 21.996688842773438 -3.8674073219299316
-6.6981940269470215 21.850317001342773 -3.872434616088867
0.0 0.0 0.0
-6.307041645050049 21.644893646240234 -3.8941140174865723
-6.1216864585876465 21.57567596435547 -3.9101006984710693
-5.946390628814697 21.52656364440918 -3.9291908740997314
-5.770239353179932 21.468591690063477 -3.9465951919555664
-5.58212947845459 21.361391067504883 -3.9524343013763428
-5.413807392120361 21.32350730895996 -3.970597982406616
-5.259308815002441 21.348291397094727 -4.000977039337158
-5.091096878051758 21.304162979125977 -4.018130302429199
-4.930179595947266 21.28516387939453 -4.0383124351501465
-4.751333713531494 21.18278694152832 -4.041104316711426
-4.557875633239746 21.003942489624023 -4.0291523933410645
-4.412631988525391 21.053115844726562 -4.061337947845459
-4.230017185211182 20.905309677124023 -4.054610252380371
-4.080847263336182 20.914661407470703 -4.075558185577393
-3.9069528579711914 20.790987014770508 -4.070633411407471
-3.7566490173339844 20.786739349365234 -4.089150428771973
-3.592404842376709 20.71373176574707 -4.094549655914307
-3.4463376998901367 20.726625442504883 -4.113949298858643
-3.2875571250915527 20.659130096435547 -4.116790294647217
-3.1442832946777344 20.685163497924805 -4.138407230377197
-2.9942100048065186 20.66468048095703 -4.150894641876221
-2.8399658203125 20.60921287536621 -4.1550612449646
-2.690460443496704 20.602693557739258 -4.167270183563232
-2.540595769882202 20.568212509155273 -4.173732280731201
-2.390740156173706 20.528860092163086 -4.179356575012207
-2.2357282638549805 20.435150146484375 -4.174010753631592
-2.096820831298828 20.481937408447266 -4.193565845489502
-1.936909794807434 20.341279983520508 -4.175075531005859
-1.7963780164718628 20.36697769165039 -4.190685272216797
-1.6634795665740967 20.48702049255371 -4.225964546203613
-1.5114145278930664 20.37008285522461 -4.210208892822266
-1.3684766292572021 20.36304473876953 -4.215773105621338
-1.2256577014923096 20.39329719543457 -4.229386806488037
-1.0872224569320679 20.46445083618164 -4.251593589782715
-0.9337451457977295 20.22917366027832 -4.209474086761475
-0.7968982458114624 20.337350845336914 -4.2358222007751465
-0.6562839150428772 20.368141174316406 -4.246277332305908
-0.5105012655258179 20.313901901245117 -4.239286422729492
-0.37122389674186707 20.42681312561035 -4.267317771911621
-0.2278384417295456 20.325302124023438 -4.2475175857543945
-0.08660715073347092 20.356773376464844 -4.254913806915283
0.05510249361395836 20.40637969970703 -4.26630973815918
0.19639045000076294 20.340295791625977 -4.253723621368408
0.34067702293395996 20.35763931274414 -4.257104396820068
0.48409825563430786 20.431873321533203 -4.270010948181152
0.6271225810050964 20.463054656982422 -4.2741169929504395
0.7717671394348145 20.51997947692871 -4.283792495727539
0.91314697265625 20.484201431274414 -4.274318695068359
1.0611414909362793 20.53594207763672 -4.279386520385742
1.2067101001739502 20.575300216674805 -4.282082557678223
1.344611644744873 20.487682342529297 -4.258568286895752
1.5000728368759155 20.654727935791016 -4.2881669998168945
1.6459193229675293 20.672361373901367 -4.284646511077881
1.795619249343872 20.70054054260254 -4.281706809997559
1.938963532447815 20.68212127685547 -4.269477844238281
2.093423843383789 20.77310562133789 -4.279993057250977
2.2421090602874756 20.798419952392578 -4.276435375213623
2.3908019065856934 20.819507598876953 -4.268951416015625
2.5375218391418457 20.79745101928711 -4.252597808837891
2.69358229637146 20.869577407836914 -4.255884170532227
2.8380157947540283 20.845674514770508 -4.239737510681152
3.0024590492248535 20.961597442626953 -4.249171733856201
3.165229320526123 21.053701400756836 -4.252974033355713
3.322277307510376 21.099159240722656 -4.247437000274658
3.493467092514038 21.207340240478516 -4.254329204559326
3.670158624649048 21.352617263793945 -4.267534255981445
3.806542158126831 21.259185791015625 -4.230967044830322
3.9903974533081055 21.424901962280273 -4.246065139770508
4.147617340087891 21.438528060913086 -4.231040954589844
4.3220415115356445 21.52202606201172 -4.229579925537109
4.492866039276123 21.59397315979004 -4.22287654876709
4.669106483459473 21.68332290649414 -4.219554901123047
4.843475341796875 21.756296157836914 -4.213045597076416
5.002575397491455 21.756845474243164 -4.1926164627075195
5.1876444816589355 21.853178024291992 -4.188359260559082
5.397510051727295 22.053180694580078 -4.202976226806641
5.56798791885376 22.08378028869629 -4.185224533081055
5.743010520935059 22.127941131591797 -4.170097827911377
5.93376350402832 22.226594924926758 -4.164399147033691
6.147538185119629 22.390117645263672 -4.167876720428467
6.361010551452637 22.55248260498047 -4.171360015869141
6.524794578552246 22.531911849975586 -4.14092493057251
6.742117404937744 22.69089126586914 -4.1434645652771
6.945353984832764 22.79316520690918 -4.132784366607666
7.195885181427002 23.028888702392578 -4.145219802856445
7.389777183532715 23.08336639404297 -4.125256538391113
7.582198143005371 23.12898063659668 -4.103701114654541
7.847874641418457 23.38884925842285 -4.118093967437744
8.061447143554688 23.482303619384766 -4.101766109466553
8.219233512878418 23.410242080688477 -4.056562423706055
8.432796478271484 23.484905242919922 -4.036247253417969
8.768157958984375 23.895687103271484 -4.072714328765869
8.957098960876465 23.894973754882812 -4.036865234375
9.25423812866211 24.173812866210938 -4.047825336456299
9.440322875976562 24.154991149902344 -4.008622646331787
9.79819107055664 24.557003021240234 -4.037639141082764
10.03551959991455 24.652624130249023 -4.014153480529785
10.317798614501953 24.84954071044922 -4.006655216217041
10.532502174377441 24.87650489807129 -3.97139048576355
10.838322639465332 25.111106872558594 -3.9687836170196533
0.0 0.0 0.0
0.0 0.0 0.0
11.704989433288574 25.627416610717773 -3.9197773933410645
11.940217018127441 25.667951583862305 -3.882462501525879
12.419279098510742 26.221397399902344 -3.9195187091827393
0.0 0.0 0.0
13.024689674377441 26.531736373901367 -3.8699698448181152
0.0 0.0 0.0
0.0 0.0 0.0
14.04289722442627 27.16053009033203 -3.8095858097076416
14.34524154663086 27.27860450744629 -3.773970603942871
0.0 0.0 0.0
0.0 0.0 0.0
0.0 0.0 0.0
0.0 0.0 0.0
0.0 0.0 0.0
0.0 0.0 0.0
0.0 0.0 0.0
0.0 0.0 0.0
0.0 0.0 0.0
0.0 0.0 0.0
0.0 0.0 0.0
0.0 0.0 0.0
0.0 0.0 0.0
0.0 0.0 0.0
0.0 0.0 0.0
0.0 0.0 0.0
0.0 0.0 0.0
0.0 0.0 0.0
0.0 0.0 0.0
0.0 0.0 0.0
0.0 0.0 0.0
0.0 0.0 0.0
0.0 0.0 0.0
0.0 0.0 0.0
0.0 0.0 0.0
0.0 0.0 0.0
0.0 0.0 0.0
0.0 0.0 0.0
0.0 0.0 0.0
0.0 0.0 0.0
0.0 0.0 0.0
0.0 0.0 0.0
0.0 0.0 0.0
0.0 0.0 0.0
0.0 0.0 0.0
0.0 0.0 0.0
0.0 0.0 0.0
0.0 0.0 0.0
0.0 0.0 0.0
0.0 0.0 0.0
0.0 0.0 0.0
0.0 0.0 0.0
0.0 0.0 0.0
0.0 0.0 0.0
0.0 0.0 0.0
0.0 0.0 0.0
0.0 0.0 0.0
0.0 0.0 0.0
0.0 0.0 0.0
0.0 0.0 0.0
0.0 0.0 0.0
0.0 0.0 0.0
0.0 0.0 0.0
0.0 0.0 0.0
0.0 0.0 0.0
0.0 0.0 0.0
0.0 0.0 0.0
0.0 0.0 0.0
0.0 0.0 0.0
0.0 0.0 0.0
0.0 0.0 0.0
0.0 0.0 0.0
0.0 0.0 0.0
0.0 0.0 0.0
0.0 0.0 0.0
0.0 0.0 0.0
0.0 0.0 0.0
0.0 0.0 0.0
0.0 0.0 0.0
0.0 0.0 0.0
0.0 0.0 0.0
0.0 0.0 0.0
0.0 0.0 0.0
0.0 0.0 0.0
0.0 0.0 0.0
0.0 0.0 0.0
0.0 0.0 0.0
0.0 0.0 0.0
0.0 0.0 0.0
0.0 0.0 0.0
0.0 0.0 0.0
0.0 0.0 0.0
0.0 0.0 0.0
0.0 0.0 0.0
0.0 0.0 0.0
0.0 0.0 0.0
0.0 0.0 0.0
0.0 0.0 0.0
0.0 0.0 0.0
0.0 0.0 0.0
0.0 0.0 0.0
0.0 0.0 0.0
0.0 0.0 0.0
0.0 0.0 0.0
0.0 0.0 0.0
0.0 0.0 0.0
0.0 0.0 0.0
0.0 0.0 0.0
0.0 0.0 0.0
0.0 0.0 0.0
0.0 0.0 0.0
0.0 0.0 0.0
0.0 0.0 0.0
0.0 0.0 0.0
0.0 0.0 0.0
0.0 0.0 0.0
0.0 0.0 0.0
0.0 0.0 0.0
0.0 0.0 0.0
0.0 0.0 0.0
0.0 0.0 0.0
0.0 0.0 0.0
0.0 0.0 0.0
0.0 0.0 0.0
0.0 0.0 0.0
0.0 0.0 0.0
0.0 0.0 0.0
0.0 0.0 0.0
0.0 0.0 0.0
0.0 0.0 0.0
0.0 0.0 0.0
0.0 0.0 0.0
0.0 0.0 0.0
0.0 0.0 0.0
0.0 0.0 0.0
0.0 0.0 0.0
0.0 0.0 0.0
0.0 0.0 0.0
0.0 0.0 0.0
0.0 0.0 0.0
0.0 0.0 0.0
0.0 0.0 0.0
0.0 0.0 0.0
0.0 0.0 0.0
0.0 0.0 0.0
0.0 0.0 0.0
0.0 0.0 0.0
0.0 0.0 0.0
0.0 0.0 0.0
0.0 0.0 0.0
0.0 0.0 0.0
0.0 0.0 0.0
0.0 0.0 0.0
0.0 0.0 0.0
0.0 0.0 0.0
0.0 0.0 0.0
0.0 0.0 0.0
0.0 0.0 0.0
0.0 0.0 0.0
0.0 0.0 0.0
0.0 0.0 0.0
0.0 0.0 0.0
0.0 0.0 0.0
0.0 0.0 0.0
0.0 0.0 0.0
0.0 0.0 0.0
0.0 0.0 0.0
0.0 0.0 0.0
0.0 0.0 0.0
0.0 0.0 0.0
0.0 0.0 0.0
0.0 0.0 0.0
0.0 0.0 0.0
0.0 0.0 0.0
0.0 0.0 0.0
0.0 0.0 0.0
0.0 0.0 0.0
0.0 0.0 0.0
0.0 0.0 0.0
0.0 0.0 0.0
0.0 0.0 0.0
0.0 0.0 0.0
0.0 0.0 0.0
0.0 0.0 0.0
0.0 0.0 0.0
0.0 0.0 0.0
0.0 0.0 0.0
0.0 0.0 0.0
0.0 0.0 0.0
0.0 0.0 0.0
0.0 0.0 0.0
0.0 0.0 0.0
0.0 0.0 0.0
0.0 0.0 0.0
0.0 0.0 0.0
0.0 0.0 0.0
0.0 0.0 0.0
0.0 0.0 0.0
0.0 0.0 0.0
0.0 0.0 0.0
0.0 0.0 0.0
0.0 0.0 0.0
0.0 0.0 0.0
0.0 0.0 0.0
0.0 0.0 0.0
0.0 0.0 0.0
0.0 0.0 0.0
0.0 0.0 0.0
0.0 0.0 0.0
0.0 0.0 0.0
0.0 0.0 0.0
0.0 0.0 0.0
0.0 0.0 0.0
0.0 0.0 0.0
0.0 0.0 0.0
-21.03598976135254 30.196365356445312 -2.566061496734619
0.0 0.0 0.0
0.0 0.0 0.0
0.0 0.0 0.0
0.0 0.0 0.0
0.0 0.0 0.0
0.0 0.0 0.0
0.0 0.0 0.0
0.0 0.0 0.0
0.0 0.0 0.0
0.0 0.0 0.0
0.0 0.0 0.0
0.0 0.0 0.0
0.0 0.0 0.0
0.0 0.0 0.0
0.0 0.0 0.0
0.0 0.0 0.0
-13.625864028930664 25.567651748657227 -3.273834705352783
0.0 0.0 0.0
0.0 0.0 0.0
0.0 0.0 0.0
0.0 0.0 0.0
-12.073095321655273 24.699195861816406 -3.4136810302734375
0.0 0.0 0.0
0.0 0.0 0.0
0.0 0.0 0.0
0.0 0.0 0.0
0.0 0.0 0.0
0.0 0.0 0.0
0.0 0.0 0.0
0.0 0.0 0.0
-9.721403121948242 23.531278610229492 -3.636944532394409
0.0 0.0 0.0
-9.21808910369873 23.223844528198242 -3.666017770767212
0.0 0.0 0.0
0.0 0.0 0.0
0.0 0.0 0.0
0.0 0.0 0.0
0.0 0.0 0.0
-7.861501216888428 22.524099349975586 -3.767951488494873
0.0 0.0 0.0
-7.458690643310547 22.366621017456055 -3.806689977645874
-7.223609447479248 22.173568725585938 -3.8049380779266357
-7.0441718101501465 22.14368438720703 -3.830937623977661
0.0 0.0 0.0
0.0 0.0 0.0
0.0 0.0 0.0
-6.2854204177856445 21.856782913208008 -3.8979668617248535
0.0 0.0 0.0
-5.901310920715332 21.65226936340332 -3.9165263175964355
-5.732845306396484 21.635887145996094 -3.9394781589508057
-5.550117015838623 21.55060577392578 -3.949460029602051
-5.371820449829102 21.475006103515625 -3.9611146450042725
-5.2018232345581055 21.428022384643555 -3.9775583744049072
-5.0460100173950195 21.43628692626953 -4.001716136932373
-4.892817974090576 21.466379165649414 -4.03052282333374
-4.696568012237549 21.28853416442871 -4.01986837387085
-4.507053852081299 21.127849578857422 -4.01223087310791
-4.361939430236816 21.169158935546875 -4.040380954742432
-4.20620584487915 21.156801223754883 -4.057808876037598
-4.029484748840332 21.045696258544922 -4.056684494018555
-3.8710384368896484 21.008270263671875 -4.069426536560059
-3.7071540355682373 20.935956954956055 -4.074016094207764
-3.5433199405670166 20.85519027709961 -4.074982166290283
-3.3961946964263916 20.867809295654297 -4.094306945800781
-3.236473560333252 20.81529426574707 -4.101288795471191
-3.0813472270965576 20.76887321472168 -4.109150409698486
-2.9362659454345703 20.786479949951172 -4.12632417678833
-2.7785074710845947 20.708084106445312 -4.1245622634887695
-2.6348674297332764 20.731168746948242 -4.1431708335876465
-2.4779577255249023 20.642913818359375 -4.139649868011475
-2.3258092403411865 20.60747528076172 -4.144761562347412
-2.1745190620422363 20.54811668395996 -4.143555641174316
-2.0266456604003906 20.51435661315918 -4.14766263961792
-1.8809057474136353 20.49477767944336 -4.154786109924316
-1.7406984567642212 20.535356521606445 -4.173527717590332
-1.5912002325057983 20.495590209960938 -4.173126697540283
-1.4473057985305786 20.488969802856445 -4.179520606994629
-1.3056837320327759 20.511882781982422 -4.192133903503418
-1.161055564880371 20.48796844482422 -4.1953816413879395
-1.016950249671936 20.4636287689209 -4.195673942565918
-0.8767338991165161 20.579988479614258 -4.224285125732422
-0.7298433780670166 20.481155395507812 -4.208850860595703
-0.5891957879066467 20.54957389831543 -4.2279815673828125
-0.44338786602020264 20.42223358154297 -4.205519676208496
-0.3035391867160797 20.577470779418945 -4.238856792449951
-0.15755529701709747 20.544288635253906 -4.2336225509643555
-0.014574253000319004 20.490949630737305 -4.224406719207764
0.128230482339859 20.5284366607666 -4.234118461608887
0.27020353078842163 20.47385597229004 -4.221308708190918
0.4152066707611084 20.59811019897461 -4.245375633239746
0.5572847127914429 20.549232482910156 -4.2339582443237305
0.7036903500556946 20.575777053833008 -4.238270282745361
0.8534782528877258 20.731769561767578 -4.267308712005615
0.9966774582862854 20.707427978515625 -4.257526397705078
1.1422656774520874 20.72793960571289 -4.25716495513916
1.2879502773284912 20.743608474731445 -4.256004810333252
1.4392153024673462 20.800186157226562 -4.262911796569824
1.582815408706665 20.776382446289062 -4.250107288360596
1.7275828123092651 20.766826629638672 -4.240419864654541
1.8821061849594116 20.866838455200195 -4.253280162811279
2.0303258895874023 20.885692596435547 -4.249753475189209
2.1744585037231445 20.83521842956543 -4.229544639587402
2.3262600898742676 20.883180618286133 -4.228503227233887
2.4869418144226074 20.998504638671875 -4.241209030151367
2.638056516647339 21.021387100219727 -4.235353946685791
2.792949676513672 21.069982528686523 -4.233850002288818
2.9600088596343994 21.17835807800293 -4.241409778594971
3.097717046737671 21.0924015045166 -4.210465908050537
3.2686173915863037 21.229045867919922 -4.224122047424316
3.431981086730957 21.303783416748047 -4.225492000579834
3.5929114818573 21.355161666870117 -4.219236850738525
3.750725030899048 21.38277244567871 -4.2078857421875
3.9344897270202637 21.533321380615234 -4.220464706420898
4.09356689453125 21.554664611816406 -4.208053112030029
4.275393009185791 21.68805694580078 -4.21604061126709
4.414076805114746 21.59845542907715 -4.178998947143555
4.621650695800781 21.838411331176758 -4.205744743347168
4.789510250091553 21.86604881286621 -4.191174507141113
4.958644390106201 21.907958984375 -4.179535388946533
5.164309024810791 22.10251235961914 -4.193929672241211
5.328991889953613 22.112262725830078 -4.173166275024414
5.52630615234375 22.25135040283203 -4.176825046539307
5.712545394897461 22.32484245300293 -4.1676740646362305
5.868942737579346 22.290016174316406 -4.13665771484375
6.121899127960205 22.61050796508789 -4.170440673828125
6.286831855773926 22.59514045715332 -4.142049789428711
6.509980201721191 22.782014846801758 -4.150658130645752
6.674908638000488 22.748519897460938 -4.1175642013549805
6.88371467590332 22.869611740112305 -4.111003398895264
7.12729024887085 23.09566879272461 -4.123010158538818
7.307186126708984 23.106473922729492 -4.0963616371154785
7.529064178466797 23.24417495727539 -4.092029571533203
7.722887992858887 23.28893280029297 -4.068653106689453
7.961757183074951 23.451608657836914 -4.065069675445557
8.196684837341309 23.602054595947266 -4.059552192687988
8.449417114257812 23.7940673828125 -4.060825347900391
8.695876121520996 23.958770751953125 -4.054938316345215
8.920844078063965 24.056230545043945 -4.0367326736450195
9.187760353088379 24.248088836669922 -4.033324241638184
9.425317764282227 24.362934112548828 -4.017361640930176
9.765737533569336 24.730863571166992 -4.0411057472229
0.0 0.0 0.0
10.204671859741211 24.823698043823242 -3.9797167778015137
0.0 0.0 0.0
10.700818061828613 25.02541160583496 -3.933356523513794
0.0 0.0 0.0
11.358487129211426 25.573389053344727 -3.9358022212982178
11.705036163330078 25.86711883544922 -3.938629627227783
11.97314453125 25.97003173828125 -3.9102838039398193
0.0 0.0 0.0
0.0 0.0 0.0
12.893299102783203 26.497821807861328 -3.8512799739837646
13.298330307006836 26.855623245239258 -3.8557426929473877
13.57748794555664 26.9459228515625 -3.818925619125366
13.937960624694824 27.18035316467285 -3.8009157180786133
14.376142501831055 27.560514450073242 -3.80287766456604
14.657963752746582 27.631515502929688 -3.76025128364563
0.0 0.0 0.0
0.0 0.0 0.0
0.0 0.0 0.0
0.0 0.0 0.0
0.0 0.0 0.0
0.0 0.0 0.0
0.0 0.0 0.0
0.0 0.0 0.0
0.0 0.0 0.0
0.0 0.0 0.0
0.0 0.0 0.0
0.0 0.0 0.0
0.0 0.0 0.0
0.0 0.0 0.0
0.0 0.0 0.0
0.0 0.0 0.0
0.0 0.0 0.0
0.0 0.0 0.0
0.0 0.0 0.0
0.0 0.0 0.0
0.0 0.0 0.0
0.0 0.0 0.0
0.0 0.0 0.0
0.0 0.0 0.0
0.0 0.0 0.0
0.0 0.0 0.0
0.0 0.0 0.0
0.0 0.0 0.0
0.0 0.0 0.0
0.0 0.0 0.0
0.0 0.0 0.0
0.0 0.0 0.0
0.0 0.0 0.0
0.0 0.0 0.0
0.0 0.0 0.0
0.0 0.0 0.0
0.0 0.0 0.0
0.0 0.0 0.0
0.0 0.0 0.0
0.0 0.0 0.0
0.0 0.0 0.0
0.0 0.0 0.0
0.0 0.0 0.0
0.0 0.0 0.0
0.0 0.0 0.0
0.0 0.0 0.0
0.0 0.0 0.0
0.0 0.0 0.0
0.0 0.0 0.0
0.0 0.0 0.0
0.0 0.0 0.0
0.0 0.0 0.0
0.0 0.0 0.0
0.0 0.0 0.0
0.0 0.0 0.0
0.0 0.0 0.0
0.0 0.0 0.0
0.0 0.0 0.0
0.0 0.0 0.0
0.0 0.0 0.0
0.0 0.0 0.0
0.0 0.0 0.0
0.0 0.0 0.0
0.0 0.0 0.0
0.0 0.0 0.0
0.0 0.0 0.0
0.0 0.0 0.0
0.0 0.0 0.0
0.0 0.0 0.0
0.0 0.0 0.0
0.0 0.0 0.0
0.0 0.0 0.0
0.0 0.0 0.0
0.0 0.0 0.0
0.0 0.0 0.0
0.0 0.0 0.0
0.0 0.0 0.0
0.0 0.0 0.0
0.0 0.0 0.0
0.0 0.0 0.0
0.0 0.0 0.0
0.0 0.0 0.0
0.0 0.0 0.0
0.0 0.0 0.0
0.0 0.0 0.0
0.0 0.0 0.0
0.0 0.0 0.0
0.0 0.0 0.0
0.0 0.0 0.0
0.0 0.0 0.0
0.0 0.0 0.0
0.0 0.0 0.0
0.0 0.0 0.0
0.0 0.0 0.0
0.0 0.0 0.0
0.0 0.0 0.0
0.0 0.0 0.0
0.0 0.0 0.0
0.0 0.0 0.0
0.0 0.0 0.0
0.0 0.0 0.0
0.0 0.0 0.0
3.4512078762054443 65.56918334960938 14.078655242919922
0.0 0.0 0.0
0.0 0.0 0.0
0.0 0.0 0.0
0.0 0.0 0.0
0.0 0.0 0.0
0.0 0.0 0.0
0.0 0.0 0.0
0.0 0.0 0.0
0.0 0.0 0.0
0.0 0.0 0.0
0.0 0.0 0.0
0.0 0.0 0.0
0.0 0.0 0.0
0.0 0.0 0.0
0.0 0.0 0.0
0.0 0.0 0.0
0.0 0.0 0.0
0.0 0.0 0.0
0.0 0.0 0.0
0.0 0.0 0.0
0.0 0.0 0.0
0.0 0.0 0.0
0.0 0.0 0.0
0.0 0.0 0.0
0.0 0.0 0.0
0.0 0.0 0.0
0.0 0.0 0.0
0.0 0.0 0.0
0.0 0.0 0.0
0.0 0.0 0.0
0.0 0.0 0.0
0.0 0.0 0.0
0.0 0.0 0.0
0.0 0.0 0.0
0.0 0.0 0.0
0.0 0.0 0.0
0.0 0.0 0.0
0.0 0.0 0.0
0.0 0.0 0.0
0.0 0.0 0.0
0.0 0.0 0.0
0.0 0.0 0.0
0.0 0.0 0.0
0.0 0.0 0.0
0.0 0.0 0.0
0.0 0.0 0.0
0.0 0.0 0.0
0.0 0.0 0.0
0.0 0.0 0.0
0.0 0.0 0.0
0.0 0.0 0.0
0.0 0.0 0.0
0.0 0.0 0.0
0.0 0.0 0.0
0.0 0.0 0.0
0.0 0.0 0.0
0.0 0.0 0.0
0.0 0.0 0.0
0.0 0.0 0.0
0.0 0.0 0.0
0.0 0.0 0.0
0.0 0.0 0.0
0.0 0.0 0.0
0.0 0.0 0.0
0.0 0.0 0.0
0.0 0.0 0.0
0.0 0.0 0.0
0.0 0.0 0.0
0.0 0.0 0.0
0.0 0.0 0.0
0.0 0.0 0.0
0.0 0.0 0.0
0.0 0.0 0.0
0.0 0.0 0.0
0.0 0.0 0.0
0.0 0.0 0.0
0.0 0.0 0.0
0.0 0.0 0.0
0.0 0.0 0.0
0.0 0.0 0.0
0.0 0.0 0.0
0.0 0.0 0.0
0.0 0.0 0.0
0.0 0.0 0.0
0.0 0.0 0.0
0.0 0.0 0.0
0.0 0.0 0.0
0.0 0.0 0.0
0.0 0.0 0.0
0.0 0.0 0.0
0.0 0.0 0.0
0.0 0.0 0.0
0.0 0.0 0.0
0.0 0.0 0.0
0.0 0.0 0.0
0.0 0.0 0.0
0.0 0.0 0.0
0.0 0.0 0.0
0.0 0.0 0.0
0.0 0.0 0.0
0.0 0.0 0.0
0.0 0.0 0.0
0.0 0.0 0.0
0.0 0.0 0.0
0.0 0.0 0.0
0.0 0.0 0.0
0.0 0.0 0.0
0.0 0.0 0.0
0.0 0.0 0.0
0.0 0.0 0.0
-16.611129760742188 27.58134651184082 -3.0339927673339844
-16.046777725219727 27.076303482055664 -3.0443801879882812
0.0 0.0 0.0
0.0 0.0 0.0
0.0 0.0 0.0
0.0 0.0 0.0
-14.300827026367188 26.177091598510742 -3.237368106842041
0.0 0.0 0.0
0.0 0.0 0.0
0.0 0.0 0.0
0.0 0.0 0.0
0.0 0.0 0.0
0.0 0.0 0.0
0.0 0.0 0.0
-11.717981338500977 24.622323989868164 -3.43815279006958
0.0 0.0 0.0
0.0 0.0 0.0
0.0 0.0 0.0
0.0 0.0 0.0
0.0 0.0 0.0
0.0 0.0 0.0
0.0 0.0 0.0
-93.81458282470703 229.41748046875 -35.27473831176758
0.0 0.0 0.0
0.0 0.0 0.0
0.0 0.0 0.0
0.0 0.0 0.0
0.0 0.0 0.0
0.0 0.0 0.0
0.0 0.0 0.0
0.0 0.0 0.0
0.0 0.0 0.0
0.0 0.0 0.0
0.0 0.0 0.0
-7.040707588195801 22.40745735168457 -3.8485734462738037
-6.772125244140625 22.08909034729004 -3.822519302368164
-6.6187286376953125 22.137361526489258 -3.8596434593200684
-6.4231085777282715 22.040245056152344 -3.871410608291626
-6.207233905792236 21.87563133239746 -3.871183156967163
-6.002171516418457 21.727388381958008 -3.8705999851226807
-5.8624267578125 21.81157684326172 -3.9114530086517334
0.0 0.0 0.0
-5.5016655921936035 21.667572021484375 -3.9373269081115723
-5.323768615722656 21.607463836669922 -3.9503986835479736
-5.171993732452393 21.638994216918945 -3.9793238639831543
-4.938474655151367 21.317380905151367 -3.9431238174438477
-4.809998989105225 21.439952850341797 -3.988978624343872
-4.631041049957275 21.336647033691406 -3.9915969371795654
-4.46058988571167 21.277833938598633 -4.001081943511963
-4.317607402801514 21.33391761779785 -4.0319390296936035
-4.166696071624756 21.35131072998047 -4.055703163146973
-3.975144863128662 21.15259552001953 -4.038254261016846
-3.797755718231201 21.013303756713867 -4.028817653656006
-3.6382884979248047 20.97886848449707 -4.039808750152588
-3.4940457344055176 21.014793395996094 -4.064208030700684
-3.342240810394287 21.00423240661621 -4.079803943634033
-3.190744638442993 20.99300193786621 -4.09311580657959
-3.041285276412964 20.992290496826172 -4.107382774353027
-2.8815224170684814 20.91453742980957 -4.106697082519531
-2.7243847846984863 20.86628532409668 -4.112154483795166
-2.575005054473877 20.850997924804688 -4.12310791015625
-2.4158132076263428 20.74761199951172 -4.113946914672852
-2.273606538772583 20.783998489379883 -4.132648944854736
-2.1286673545837402 20.79652214050293 -4.146820068359375
-1.9741889238357544 20.73575782775879 -4.146749019622803
-1.8283655643463135 20.73151206970215 -4.1548285484313965
-1.6839168071746826 20.741649627685547 -4.16527795791626
-1.5306317806243896 20.632375717163086 -4.151899814605713
-1.3845984935760498 20.60605239868164 -4.15535306930542
-1.2455612421035767 20.72817611694336 -4.187601089477539
-1.1003538370132446 20.719715118408203 -4.191126346588135
-0.9519558548927307 20.63374137878418 -4.179141521453857
-0.8089929819107056 20.657663345336914 -4.18960428237915
-0.6675045490264893 20.73032569885254 -4.210173606872559
-0.5184878706932068 20.645891189575195 -4.1953558921813965
-0.37472304701805115 20.63312530517578 -4.195013046264648
-0.231815904378891 20.69208335876465 -4.209463119506836
-0.08805544674396515 20.700284957885742 -4.213796615600586
0.05606390908360481 20.742328643798828 -4.223217964172363
0.19910548627376556 20.611509323120117 -4.195682525634766
0.3467739522457123 20.713136672973633 -4.215656757354736
0.4915003776550293 20.73722267150879 -4.220064163208008
0.6366977691650391 20.76418113708496 -4.224958896636963
0.7821590900421143 20.79086685180664 -4.226203918457031
0.9239199757575989 20.72092056274414 -4.208011150360107
1.079590916633606 20.890764236450195 -4.238638877868652
1.2240561246871948 20.868473052978516 -4.230523586273193
1.3667513132095337 20.822736740112305 -4.215420246124268
1.5249539613723755 20.997798919677734 -4.243789196014404
1.6615047454833984 20.866273880004883 -4.210371494293213
1.8238619565963745 21.023651123046875 -4.235329627990723
1.9755269289016724 21.069570541381836 -4.2372870445251465
2.1126794815063477 20.962520599365234 -4.205672264099121
2.273486375808716 21.086910247802734 -4.220675945281982
2.4282584190368652 21.14157485961914 -4.221832752227783
2.5831148624420166 21.168230056762695 -4.217391490936279
2.7419984340667725 21.240201950073242 -4.219274044036865
2.8999247550964355 21.295969009399414 -4.2172064781188965
3.041363000869751 21.2291316986084 -4.191051006317139
3.196666955947876 21.25993537902832 -4.184390068054199
3.382040023803711 21.475419998168945 -4.212885856628418
3.5321455001831055 21.439685821533203 -4.189550876617432
3.7046074867248535 21.550716400146484 -4.1952996253967285
3.876927614212036 21.6490535736084 -4.198577880859375
4.026739597320557 21.6178035736084 -4.1768646240234375
4.169785976409912 21.552167892456055 -4.145550727844238
4.391088485717773 21.86530876159668 -4.186470031738281
4.575368404388428 21.98897933959961 -4.19120454788208
4.735544681549072 21.991052627563477 -4.172832489013672
4.91356086730957 22.070987701416016 -4.167628765106201
5.099213600158691 22.175952911376953 -4.165589809417725
5.274055004119873 22.215330123901367 -4.150875091552734
5.496488571166992 22.45551300048828 -4.173909664154053
5.64815616607666 22.399316787719727 -4.141384124755859
5.8350958824157715 22.48023796081543 -4.131734848022461
6.030381679534912 22.585668563842773 -4.1265130043029785
6.207794189453125 22.607192993164062 -4.105519771575928
6.410194396972656 22.724313735961914 -4.1022868156433105
6.661508560180664 23.002857208251953 -4.125634670257568
6.806560516357422 22.906333923339844 -4.080953121185303
7.019054412841797 23.033571243286133 -4.076201438903809
7.234362602233887 23.150808334350586 -4.06898307800293
7.468365669250488 23.329710006713867 -4.071595668792725
7.684117317199707 23.440711975097656 -4.060469627380371
7.903006076812744 23.553508758544922 -4.049441814422607
8.102377891540527 23.602460861206055 -4.027334690093994
8.343591690063477 23.76633071899414 -4.024233818054199
8.592300415039062 23.9309139251709 -4.017948150634766
8.839553833007812 24.09052085876465 -4.010989665985107
9.113851547241211 24.312938690185547 -4.013999938964844
9.306108474731445 24.309186935424805 -3.979403495788574
9.594162940979004 24.548940658569336 -3.9821088314056396
9.896501541137695 24.802722930908203 -3.9854915142059326
10.102169036865234 24.81486701965332 -3.9503133296966553
10.44503402709961 25.153671264648438 -3.9665791988372803
0.0 0.0 0.0
10.978765487670898 25.434696197509766 -3.930601119995117
11.287653923034668 25.64990234375 -3.922304630279541
11.522734642028809 25.697330474853516 -3.8885672092437744
11.824377059936523 25.887500762939453 -3.874575614929199
12.147771835327148 26.113245010375977 -3.8641903400421143
12.443216323852539 26.26936912536621 -3.842831611633301
12.820548057556152 26.578168869018555 -3.8421218395233154
13.211105346679688 26.90926170349121 -3.8428211212158203
13.499910354614258 27.021297454833984 -3.8103749752044678
13.877163887023926 27.299840927124023 -3.8005380630493164
14.25719165802002 27.57105255126953 -3.7885570526123047
0.0 0.0 0.0
0.0 0.0 0.0
15.41156005859375 28.333412170410156 -3.7311172485351562
0.0 0.0 0.0
0.0 0.0 0.0
0.0 0.0 0.0
0.0 0.0 0.0
0.0 0.0 0.0
0.0 0.0 0.0
0.0 0.0 0.0
0.0 0.0 0.0
0.0 0.0 0.0
0.0 0.0 0.0
0.0 0.0 0.0
0.0 0.0 0.0
0.0 0.0 0.0
0.0 0.0 0.0
0.0 0.0 0.0
0.0 0.0 0.0
0.0 0.0 0.0
0.0 0.0 0.0
0.0 0.0 0.0
0.0 0.0 0.0
0.0 0.0 0.0
0.0 0.0 0.0
0.0 0.0 0.0
0.0 0.0 0.0
0.0 0.0 0.0
0.0 0.0 0.0
0.0 0.0 0.0
0.0 0.0 0.0
0.0 0.0 0.0
0.0 0.0 0.0
0.0 0.0 0.0
0.0 0.0 0.0
0.0 0.0 0.0
0.0 0.0 0.0
0.0 0.0 0.0
0.0 0.0 0.0
0.0 0.0 0.0
0.0 0.0 0.0
0.0 0.0 0.0
0.0 0.0 0.0
0.0 0.0 0.0
0.0 0.0 0.0
0.0 0.0 0.0
0.0 0.0 0.0
0.0 0.0 0.0
0.0 0.0 0.0
0.0 0.0 0.0
0.0 0.0 0.0
0.0 0.0 0.0
0.0 0.0 0.0
0.0 0.0 0.0
0.0 0.0 0.0
0.0 0.0 0.0
0.0 0.0 0.0
0.0 0.0 0.0
0.0 0.0 0.0
0.0 0.0 0.0
0.0 0.0 0.0
0.0 0.0 0.0
0.0 0.0 0.0
0.0 0.0 0.0
0.0 0.0 0.0
0.0 0.0 0.0
0.0 0.0 0.0
0.0 0.0 0.0
0.0 0.0 0.0
0.0 0.0 0.0
0.0 0.0 0.0
0.0 0.0 0.0
0.0 0.0 0.0
0.0 0.0 0.0
0.0 0.0 0.0
0.0 0.0 0.0
0.0 0.0 0.0
0.0 0.0 0.0
0.0 0.0 0.0
0.0 0.0 0.0
0.0 0.0 0.0
0.0 0.0 0.0
0.0 0.0 0.0
0.0 0.0 0.0
0.0 0.0 0.0
0.0 0.0 0.0
0.0 0.0 0.0
0.0 0.0 0.0
0.0 0.0 0.0
0.0 0.0 0.0
0.0 0.0 0.0
0.0 0.0 0.0
0.0 0.0 0.0
0.0 0.0 0.0
0.0 0.0 0.0
0.0 0.0 0.0
0.0 0.0 0.0
0.0 0.0 0.0
0.0 0.0 0.0
0.0 0.0 0.0
0.0 0.0 0.0
0.0 0.0 0.0
0.0 0.0 0.0
0.0 0.0 0.0
0.0 0.0 0.0
0.0 0.0 0.0
0.0 0.0 0.0
0.0 0.0 0.0
0.0 0.0 0.0
0.0 0.0 0.0
0.0 0.0 0.0
0.0 0.0 0.0
0.0 0.0 0.0
0.0 0.0 0.0
0.0 0.0 0.0
0.0 0.0 0.0
0.0 0.0 0.0
0.0 0.0 0.0
0.0 0.0 0.0
0.0 0.0 0.0
0.0 0.0 0.0
0.0 0.0 0.0
0.0 0.0 0.0
0.0 0.0 0.0
0.0 0.0 0.0
0.0 0.0 0.0
0.0 0.0 0.0
0.0 0.0 0.0
0.0 0.0 0.0
0.0 0.0 0.0
0.0 0.0 0.0
0.0 0.0 0.0
0.0 0.0 0.0
0.0 0.0 0.0
0.0 0.0 0.0
0.0 0.0 0.0
0.0 0.0 0.0
0.0 0.0 0.0
0.0 0.0 0.0
0.0 0.0 0.0
0.0 0.0 0.0
0.0 0.0 0.0
0.0 0.0 0.0
0.0 0.0 0.0
0.0 0.0 0.0
0.0 0.0 0.0
0.0 0.0 0.0
0.0 0.0 0.0
0.0 0.0 0.0
0.0 0.0 0.0
0.0 0.0 0.0
0.0 0.0 0.0
0.0 0.0 0.0
0.0 0.0 0.0
0.0 0.0 0.0
0.0 0.0 0.0
0.0 0.0 0.0
0.0 0.0 0.0
0.0 0.0 0.0
0.0 0.0 0.0
0.0 0.0 0.0
0.0 0.0 0.0
0.0 0.0 0.0
0.0 0.0 0.0
0.0 0.0 0.0
0.0 0.0 0.0
0.0 0.0 0.0
0.0 0.0 0.0
0.0 0.0 0.0
0.0 0.0 0.0
0.0 0.0 0.0
0.0 0.0 0.0
0.0 0.0 0.0
0.0 0.0 0.0
0.0 0.0 0.0
0.0 0.0 0.0
0.0 0.0 0.0
0.0 0.0 0.0
0.0 0.0 0.0
0.0 0.0 0.0
0.0 0.0 0.0
0.0 0.0 0.0
0.0 0.0 0.0
0.0 0.0 0.0
0.0 0.0 0.0
0.0 0.0 0.0
0.0 0.0 0.0
0.0 0.0 0.0
0.0 0.0 0.0
0.0 0.0 0.0
0.0 0.0 0.0
0.0 0.0 0.0
0.0 0.0 0.0
0.0 0.0 0.0
0.0 0.0 0.0
0.0 0.0 0.0
0.0 0.0 0.0
0.0 0.0 0.0
0.0 0.0 0.0
0.0 0.0 0.0
0.0 0.0 0.0
0.0 0.0 0.0
0.0 0.0 0.0
0.0 0.0 0.0
0.0 0.0 0.0
0.0 0.0 0.0
0.0 0.0 0.0
0.0 0.0 0.0
0.0 0.0 0.0
0.0 0.0 0.0
0.0 0.0 0.0
0.0 0.0 0.0
0.0 0.0 0.0
0.0 0.0 0.0
0.0 0.0 0.0
0.0 0.0 0.0
-16.42490577697754 27.49224853515625 -3.0293455123901367
0.0 0.0 0.0
0.0 0.0 0.0
0.0 0.0 0.0
-14.748723983764648 26.336179733276367 -3.1402246952056885
0.0 0.0 0.0
0.0 0.0 0.0
0.0 0.0 0.0
0.0 0.0 0.0
0.0 0.0 0.0
-12.785958290100098 25.25784683227539 -3.321617841720581
0.0 0.0 0.0
0.0 0.0 0.0
0.0 0.0 0.0
0.0 0.0 0.0
-11.35346508026123 24.51719093322754 -3.453993797302246
0.0 0.0 0.0
0.0 0.0 0.0
0.0 0.0 0.0
0.0 0.0 0.0
0.0 0.0 0.0
0.0 0.0 0.0
0.0 0.0 0.0
0.0 0.0 0.0
0.0 0.0 0.0
0.0 0.0 0.0
0.0 0.0 0.0
0.0 0.0 0.0
0.0 0.0 0.0
0.0 0.0 0.0
-7.805614948272705 22.873458862304688 -3.770236015319824
0.0 0.0 0.0
-7.320792198181152 22.472867965698242 -3.767380475997925
0.0 0.0 0.0
-6.9128217697143555 22.26656150817871 -3.790672540664673
-6.725584030151367 22.216875076293945 -3.811702251434326
0.0 0.0 0.0
-6.368881702423096 22.145362854003906 -3.855264902114868
-6.159992218017578 21.99466896057129 -3.855232000350952
0.0 0.0 0.0
-5.806996822357178 21.915576934814453 -3.894348621368408
-5.596066474914551 21.730403900146484 -3.886272668838501
-5.418403625488281 21.663047790527344 -3.897447109222412
-5.279900074005127 21.7513427734375 -3.936795234680176
-5.088586330413818 21.617765426635742 -3.9360361099243164
-4.905227184295654 21.52069664001465 -3.941927194595337
-4.736905097961426 21.470947265625 -3.953319787979126
-4.573690414428711 21.438671112060547 -3.9679675102233887
-4.400294780731201 21.352468490600586 -3.9726614952087402
-4.227738857269287 21.261117935180664 -3.976346969604492
-4.089846611022949 21.357959747314453 -4.013468265533447
-3.925614356994629 21.30255126953125 -4.020810604095459
-3.777754306793213 21.33286476135254 -4.04447078704834
-3.5910720825195312 21.135032653808594 -4.024895191192627
-3.4374566078186035 21.12153434753418 -4.039477825164795
-3.2790307998657227 21.088701248168945 -4.048266410827637
-3.1255455017089844 21.065750122070312 -4.0588202476501465
-2.97200083732605 21.037883758544922 -4.068562984466553
-2.828341245651245 21.07731819152832 -4.09148645401001
-2.6689369678497314 20.998414993286133 -4.088555335998535
-2.513643980026245 20.941267013549805 -4.089412212371826
-2.3566839694976807 20.883230209350586 -4.090428829193115
-2.214151382446289 20.92674446105957 -4.111297130584717
-2.0614404678344727 20.87038230895996 -4.111109256744385
-1.9195175170898438 20.920207977294922 -4.129791259765625
-1.7755426168441772 20.953784942626953 -4.145503044128418
-1.617938756942749 20.845144271850586 -4.133382320404053
-1.466536521911621 20.765790939331055 -4.127023696899414
-1.3300977945327759 20.904027938842773 -4.160341262817383
-1.1759307384490967 20.758304595947266 -4.1372456550598145
-1.0310784578323364 20.756868362426758 -4.143062114715576
-0.8835596442222595 20.746843338012695 -4.147465229034424
-0.7402671575546265 20.782028198242188 -4.159018516540527
-0.5937662720680237 20.720840454101562 -4.149728775024414
-0.4514755308628082 20.81179428100586 -4.171112537384033
-0.3065371513366699 20.806020736694336 -4.173325538635254
-0.1595553755760193 20.85675811767578 -4.186807155609131
-0.01458277739584446 20.857383728027344 -4.186698913574219
0.13058234751224518 20.88764190673828 -4.1927409172058105
0.2761274576187134 20.901569366455078 -4.195707321166992
0.4224051535129547 20.948944091796875 -4.205591678619385
0.5666624903678894 20.89621925354004 -4.193173408508301
0.7159457802772522 20.934579849243164 -4.197683334350586
0.8624062538146973 20.952835083007812 -4.19841194152832
1.0095233917236328 20.977718353271484 -4.200664043426514
1.1559265851974487 20.97873878479004 -4.197672367095947
1.3035829067230225 20.998491287231445 -4.195310592651367
1.453389048576355 21.005584716796875 -4.190503120422363
1.6062790155410767 21.08436393737793 -4.200281620025635
1.760970950126648 21.169679641723633 -4.211514472961426
1.898455023765564 21.048288345336914 -4.179105758666992
2.0565648078918457 21.155059814453125 -4.191136360168457
2.221282958984375 21.28329849243164 -4.207353591918945
2.3695573806762695 21.269582748413086 -4.195814609527588
2.5253822803497314 21.319744110107422 -4.196018218994141
2.6809847354888916 21.361682891845703 -4.19206428527832
2.848546266555786 21.486103057861328 -4.204375267028809
2.9944732189178467 21.42282485961914 -4.179911136627197
3.1748921871185303 21.616941452026367 -4.205995082855225
3.3344125747680664 21.654708862304688 -4.198639392852783
3.476443290710449 21.57775115966797 -4.168641090393066
3.644940137863159 21.66256332397461 -4.170065879821777
3.8258936405181885 21.81038475036621 -4.183650970458984
3.9795868396759033 21.779069900512695 -4.1612749099731445
4.159130096435547 21.89834213256836 -4.165976047515869
4.319732666015625 21.910688400268555 -4.150391101837158
4.503782749176025 22.034753799438477 -4.156017780303955
4.6881842613220215 22.14982795715332 -4.159914970397949
4.840996265411377 22.09832000732422 -4.12908411026001
5.055060386657715 22.33116912841797 -4.151670455932617
5.22274923324585 22.348793029785156 -4.134156227111816
5.392899513244629 22.372594833374023 -4.117867946624756
5.5745062828063965 22.440261840820312 -4.10796594619751
5.784151077270508 22.59922218322754 -4.112959861755371
5.987476348876953 22.7347354888916 -4.113948345184326
6.158945083618164 22.742198944091797 -4.091716766357422
6.375135898590088 22.907941818237305 -4.097318649291992
6.574942588806152 23.005558013916016 -4.088298320770264
6.807622909545898 23.19683074951172 -4.0952067375183105
6.968310356140137 23.147003173828125 -4.059955596923828
7.169351577758789 23.228607177734375 -4.047852516174316
7.444012641906738 23.53675651550293 -4.072436332702637
7.609285831451416 23.490297317504883 -4.035050868988037
7.863041877746582 23.709754943847656 -4.043178558349609
8.065930366516113 23.758056640625 -4.021385669708252
8.322732925415039 23.966129302978516 -4.025464057922363
8.526477813720703 24.011873245239258 -4.000796794891357
8.789200782775879 24.2155704498291 -4.00216817855835
9.047138214111328 24.395103454589844 -3.999082565307617
9.247678756713867 24.40538215637207 -3.9667716026306152
9.596632957458496 24.80430793762207 -3.995849609375
9.833658218383789 24.901477813720703 -3.9756641387939453
10.078272819519043 25.010892868041992 -3.9571549892425537
10.288055419921875 25.02879524230957 -3.923778533935547
10.624673843383789 25.336389541625977 -3.932304620742798
10.938870429992676 25.58481788635254 -3.931417465209961
11.190604209899902 25.677654266357422 -3.9060776233673096
11.536828994750977 25.976884841918945 -3.9115030765533447
11.689754486083984 25.83574104309082 -3.8480594158172607
12.052494049072266 26.142091751098633 -3.8499929904937744
0.0 0.0 0.0
12.784278869628906 26.742950439453125 -3.8504867553710938
13.209988594055176 27.14817237854004 -3.8619110584259033
13.412216186523438 27.083200454711914 -3.8054468631744385
0.0 0.0 0.0
0.0 0.0 0.0
14.49659252166748 27.792572021484375 -3.755857467651367
14.943949699401855 28.17076873779297 -3.7547366619110107
15.305208206176758 28.373414993286133 -3.728965997695923
0.0 0.0 0.0
0.0 0.0 0.0
0.0 0.0 0.0
0.0 0.0 0.0
0.0 0.0 0.0
0.0 0.0 0.0
0.0 0.0 0.0
0.0 0.0 0.0
19.25625228881836 30.88934898376465 -3.4852406978607178
0.0 0.0 0.0
0.0 0.0 0.0
0.0 0.0 0.0
0.0 0.0 0.0
0.0 0.0 0.0
0.0 0.0 0.0
0.0 0.0 0.0
0.0 0.0 0.0
0.0 0.0 0.0
0.0 0.0 0.0
0.0 0.0 0.0
0.0 0.0 0.0
0.0 0.0 0.0
0.0 0.0 0.0
0.0 0.0 0.0
0.0 0.0 0.0
0.0 0.0 0.0
0.0 0.0 0.0
0.0 0.0 0.0
0.0 0.0 0.0
0.0 0.0 0.0
0.0 0.0 0.0
0.0 0.0 0.0
0.0 0.0 0.0
0.0 0.0 0.0
0.0 0.0 0.0
0.0 0.0 0.0
0.0 0.0 0.0
0.0 0.0 0.0
0.0 0.0 0.0
0.0 0.0 0.0
0.0 0.0 0.0
0.0 0.0 0.0
0.0 0.0 0.0
0.0 0.0 0.0
0.0 0.0 0.0
0.0 0.0 0.0
0.0 0.0 0.0
0.0 0.0 0.0
0.0 0.0 0.0
0.0 0.0 0.0
0.0 0.0 0.0
0.0 0.0 0.0
0.0 0.0 0.0
0.0 0.0 0.0
0.0 0.0 0.0
0.0 0.0 0.0
0.0 0.0 0.0
0.0 0.0 0.0
0.0 0.0 0.0
0.0 0.0 0.0
0.0 0.0 0.0
0.0 0.0 0.0
0.0 0.0 0.0
0.0 0.0 0.0
0.0 0.0 0.0
0.0 0.0 0.0
0.0 0.0 0.0
0.0 0.0 0.0
0.0 0.0 0.0
0.0 0.0 0.0
0.0 0.0 0.0
0.0 0.0 0.0
0.0 0.0 0.0
0.0 0.0 0.0
0.0 0.0 0.0
0.0 0.0 0.0
0.0 0.0 0.0
0.0 0.0 0.0
0.0 0.0 0.0
0.0 0.0 0.0
0.0 0.0 0.0
0.0 0.0 0.0
0.0 0.0 0.0
0.0 0.0 0.0
0.0 0.0 0.0
0.0 0.0 0.0
0.0 0.0 0.0
0.0 0.0 0.0
0.0 0.0 0.0
0.0 0.0 0.0
0.0 0.0 0.0
0.0 0.0 0.0
0.0 0.0 0.0
0.0 0.0 0.0
0.0 0.0 0.0
0.0 0.0 0.0
0.0 0.0 0.0
0.0 0.0 0.0
0.0 0.0 0.0
0.0 0.0 0.0
0.0 0.0 0.0
0.0 0.0 0.0
0.0 0.0 0.0
0.0 0.0 0.0
0.0 0.0 0.0
0.0 0.0 0.0
0.0 0.0 0.0
0.0 0.0 0.0
0.0 0.0 0.0
0.0 0.0 0.0
0.0 0.0 0.0
0.0 0.0 0.0
0.0 0.0 0.0
0.0 0.0 0.0
0.0 0.0 0.0
0.0 0.0 0.0
0.0 0.0 0.0
0.0 0.0 0.0
0.0 0.0 0.0
0.0 0.0 0.0
0.0 0.0 0.0
0.0 0.0 0.0
0.0 0.0 0.0
0.0 0.0 0.0
0.0 0.0 0.0
0.0 0.0 0.0
0.0 0.0 0.0
0.0 0.0 0.0
0.0 0.0 0.0
0.0 0.0 0.0
0.0 0.0 0.0
0.0 0.0 0.0
0.0 0.0 0.0
0.0 0.0 0.0
0.0 0.0 0.0
0.0 0.0 0.0
0.0 0.0 0.0
0.0 0.0 0.0
0.0 0.0 0.0
0.0 0.0 0.0
0.0 0.0 0.0
0.0 0.0 0.0
0.0 0.0 0.0
0.0 0.0 0.0
0.0 0.0 0.0
0.0 0.0 0.0
0.0 0.0 0.0
0.0 0.0 0.0
0.0 0.0 0.0
0.0 0.0 0.0
0.0 0.0 0.0
0.0 0.0 0.0
0.0 0.0 0.0
0.0 0.0 0.0
0.0 0.0 0.0
0.0 0.0 0.0
0.0 0.0 0.0
0.0 0.0 0.0
0.0 0.0 0.0
0.0 0.0 0.0
0.0 0.0 0.0
0.0 0.0 0.0
0.0 0.0 0.0
0.0 0.0 0.0
0.0 0.0 0.0
0.0 0.0 0.0
0.0 0.0 0.0
0.0 0.0 0.0
0.0 0.0 0.0
0.0 0.0 0.0
0.0 0.0 0.0
0.0 0.0 0.0
0.0 0.0 0.0
0.0 0.0 0.0
0.0 0.0 0.0
0.0 0.0 0.0
0.0 0.0 0.0
0.0 0.0 0.0
0.0 0.0 0.0
0.0 0.0 0.0
0.0 0.0 0.0
0.0 0.0 0.0
0.0 0.0 0.0
0.0 0.0 0.0
0.0 0.0 0.0
0.0 0.0 0.0
0.0 0.0 0.0
0.0 0.0 0.0
0.0 0.0 0.0
0.0 0.0 0.0
0.0 0.0 0.0
0.0 0.0 0.0
0.0 0.0 0.0
0.0 0.0 0.0
0.0 0.0 0.0
0.0 0.0 0.0
0.0 0.0 0.0
0.0 0.0 0.0
0.0 0.0 0.0
0.0 0.0 0.0
0.0 0.0 0.0
0.0 0.0 0.0
0.0 0.0 0.0
0.0 0.0 0.0
0.0 0.0 0.0
0.0 0.0 0.0
0.0 0.0 0.0
0.0 0.0 0.0
0.0 0.0 0.0
0.0 0.0 0.0
0.0 0.0 0.0
0.0 0.0 0.0
0.0 0.0 0.0
0.0 0.0 0.0
0.0 0.0 0.0
0.0 0.0 0.0
0.0 0.0 0.0
0.0 0.0 0.0
0.0 0.0 0.0
0.0 0.0 0.0
0.0 0.0 0.0
0.0 0.0 0.0
0.0 0.0 0.0
-12.657651901245117 25.223587036132812 -3.3035409450531006
0.0 0.0 0.0
0.0 0.0 0.0
0.0 0.0 0.0
0.0 0.0 0.0
0.0 0.0 0.0
0.0 0.0 0.0
0.0 0.0 0.0
0.0 0.0 0.0
0.0 0.0 0.0
0.0 0.0 0.0
0.0 0.0 0.0
0.0 0.0 0.0
0.0 0.0 0.0
0.0 0.0 0.0
0.0 0.0 0.0
0.0 0.0 0.0
0.0 0.0 0.0
0.0 0.0 0.0
0.0 0.0 0.0
0.0 0.0 0.0
0.0 0.0 0.0
-7.288726806640625 22.646114349365234 -3.7630257606506348
-7.10481071472168 22.613405227661133 -3.7872262001037598
0.0 0.0 0.0
-6.659965991973877 22.277795791625977 -3.788417339324951
0.0 0.0 0.0
0.0 0.0 0.0
-6.115908622741699 22.140254974365234 -3.845144033432007
-5.893229007720947 21.92772674560547 -3.8344812393188477
-5.7771992683410645 22.108566284179688 -3.890134572982788
-5.559431076049805 21.896928787231445 -3.8768084049224854
-5.3855133056640625 21.859636306762695 -3.8946173191070557
-5.218667030334473 21.83539390563965 -3.914384126663208
-5.043683052062988 21.772809982299805 -3.9250361919403076
-4.869781494140625 21.70901870727539 -3.9346201419830322
-4.7092509269714355 21.70024871826172 -3.954242706298828
-4.521320819854736 21.570310592651367 -3.9521403312683105
-4.345562934875488 21.476295471191406 -3.9551143646240234
-4.200491428375244 21.52833366394043 -3.982858657836914
-4.054357051849365 21.575557708740234 -4.009927749633789
-3.8666000366210938 21.394939422607422 -3.994710683822632
-3.730782985687256 21.512191772460938 -4.0355448722839355
-3.555182933807373 21.38246726989746 -4.026843547821045
-3.393003225326538 21.32349395751953 -4.031195163726807
-3.234868288040161 21.282268524169922 -4.0389790534973145
-3.0778579711914062 21.24370002746582 -4.0473952293396
-2.91949462890625 21.18907356262207 -4.051187515258789
-2.76804780960083 21.198606491088867 -4.065631866455078
-2.6045072078704834 21.088743209838867 -4.057090759277344
-2.4574406147003174 21.103395462036133 -4.07261323928833
-2.2976136207580566 21.002647399902344 -4.065953731536865
-2.154848098754883 21.050168991088867 -4.0845112800598145
-1.996379017829895 20.96712303161621 -4.0780863761901855
-1.8537524938583374 21.016401290893555 -4.097390651702881
-1.7068125009536743 21.018835067749023 -4.10777473449707
-1.5514668226242065 20.909757614135742 -4.094476222991943
-1.4127386808395386 21.021703720092773 -4.123031139373779
-1.2675271034240723 21.090736389160156 -4.143538951873779
-1.1126987934112549 20.94813346862793 -4.122526168823242
-0.9659323692321777 20.938507080078125 -4.1274333000183105
-0.819928765296936 20.936159133911133 -4.130496025085449
-0.6755678653717041 20.98642349243164 -4.144149303436279
-0.5257800817489624 20.943788528442383 -4.139725685119629
-0.3798607885837555 20.934541702270508 -4.142022609710693
-0.2351897805929184 21.024394989013672 -4.161544322967529
-0.0887066051363945 20.979400634765625 -4.153144359588623
0.05728547275066376 20.987035751342773 -4.155362606048584
0.20299340784549713 20.970664978027344 -4.1530280113220215
0.35147398710250854 20.976354598999023 -4.15459680557251
0.49914273619651794 21.046777725219727 -4.166036605834961
0.6482783555984497 21.131481170654297 -4.180486679077148
0.7957130670547485 21.142370223999023 -4.180527687072754
0.9414461255073547 21.106287002563477 -4.171481609344482
1.093509316444397 21.15379524230957 -4.176426410675049
1.237969994544983 21.101070404052734 -4.160746097564697
1.389282464981079 21.162094116210938 -4.167691707611084
1.5417814254760742 21.225858688354492 -4.175345420837402
1.6970456838607788 21.31163215637207 -4.186575889587402
1.8459272384643555 21.278242111206055 -4.171489715576172
2.0066139698028564 21.40052032470703 -4.187222957611084
2.154698133468628 21.380455017089844 -4.17526912689209
2.3056437969207764 21.386035919189453 -4.16851282119751
2.4682419300079346 21.490161895751953 -4.178112983703613
2.625147819519043 21.51302146911621 -4.170995712280273
2.774257183074951 21.489334106445312 -4.155221462249756
2.927654266357422 21.49884033203125 -4.146069526672363
3.102470636367798 21.65561294555664 -4.1642656326293945
3.263826608657837 21.70517349243164 -4.159505844116211
3.438136339187622 21.829355239868164 -4.169093132019043
3.6150288581848145 21.940452575683594 -4.175973415374756
3.7655508518218994 21.902984619140625 -4.154957294464111
3.9103479385375977 21.834762573242188 -4.12537145614624
4.081766605377197 21.91289710998535 -4.123218059539795
4.266868591308594 22.053834915161133 -4.132877349853516
4.439492225646973 22.106159210205078 -4.125649452209473
4.618250846862793 22.195524215698242 -4.124183654785156
4.792060375213623 22.25373077392578 -4.115164756774902
4.971916675567627 22.33311653137207 -4.110090255737305
5.173792362213135 22.50102996826172 -4.121238708496094
5.344611167907715 22.51327133178711 -4.1033830642700195
5.540717601776123 22.637405395507812 -4.1031904220581055
5.740697383880615 22.76738929748535 -4.103936672210693
5.931949615478516 22.854774475097656 -4.096944332122803
6.125865936279297 22.944292068481445 -4.090261936187744
6.32523250579834 23.035572052001953 -4.0815205574035645
6.500523567199707 23.044485092163086 -4.057552337646484
6.710707187652588 23.170412063598633 -4.054122447967529
6.924986839294434 23.301984786987305 -4.051534175872803
7.129994869232178 23.39504623413086 -4.041366100311279
7.34553861618042 23.50425148010254 -4.031337738037109
7.535419940948486 23.535289764404297 -4.0083136558532715
7.808811187744141 23.817733764648438 -4.027845859527588
8.068296432495117 24.042686462402344 -4.037100315093994
8.265920639038086 24.075963973999023 -4.011384963989258
8.47510051727295 24.136632919311523 -3.9899890422821045
0.0 0.0 0.0
0.0 0.0 0.0
9.207247734069824 24.560712814331055 -3.9620771408081055
9.475736618041992 24.75109100341797 -3.9580960273742676
9.74715518951416 24.93902587890625 -3.953261375427246
9.98044204711914 25.011991500854492 -3.929232120513916
10.293457984924316 25.28485870361328 -3.93562388420105
0.0 0.0 0.0
10.781045913696289 25.461584091186523 -3.8868839740753174
0.0 0.0 0.0
11.477762222290039 26.082008361816406 -3.902092218399048
11.639684677124023 25.958560943603516 -3.8424465656280518
12.020797729492188 26.3165340423584 -3.8536436557769775
0.0 0.0 0.0
12.557066917419434 26.5097713470459 -3.797050952911377
0.0 0.0 0.0
0.0 0.0 0.0
0.0 0.0 0.0
13.946410179138184 27.440296173095703 -3.743293046951294
0.0 0.0 0.0
0.0 0.0 0.0
14.997387886047363 28.03305435180664 -3.6710002422332764
0.0 0.0 0.0
0.0 0.0 0.0
0.0 0.0 0.0
0.0 0.0 0.0
17.199602127075195 29.617883682250977 -3.5910937786102295
0.0 0.0 0.0
0.0 0.0 0.0
0.0 0.0 0.0
0.0 0.0 0.0
0.0 0.0 0.0
0.0 0.0 0.0
21.049518585205078 32.491859436035156 -3.4431216716766357
0.0 0.0 0.0
0.0 0.0 0.0
0.0 0.0 0.0
0.0 0.0 0.0
0.0 0.0 0.0
0.0 0.0 0.0
0.0 0.0 0.0
0.0 0.0 0.0
0.0 0.0 0.0
0.0 0.0 0.0
0.0 0.0 0.0
0.0 0.0 0.0
0.0 0.0 0.0
0.0 0.0 0.0
0.0 0.0 0.0
0.0 0.0 0.0
0.0 0.0 0.0
0.0 0.0 0.0
0.0 0.0 0.0
0.0 0.0 0.0
0.0 0.0 0.0
0.0 0.0 0.0
0.0 0.0 0.0
0.0 0.0 0.0
0.0 0.0 0.0
0.0 0.0 0.0
0.0 0.0 0.0
0.0 0.0 0.0
0.0 0.0 0.0
0.0 0.0 0.0
0.0 0.0 0.0
0.0 0.0 0.0
0.0 0.0 0.0
0.0 0.0 0.0
0.0 0.0 0.0
0.0 0.0 0.0
0.0 0.0 0.0
0.0 0.0 0.0
0.0 0.0 0.0
0.0 0.0 0.0
0.0 0.0 0.0
0.0 0.0 0.0
0.0 0.0 0.0
0.0 0.0 0.0
0.0 0.0 0.0
0.0 0.0 0.0
0.0 0.0 0.0
0.0 0.0 0.0
0.0 0.0 0.0
0.0 0.0 0.0
0.0 0.0 0.0
0.0 0.0 0.0
0.0 0.0 0.0
0.0 0.0 0.0
0.0 0.0 0.0
0.0 0.0 0.0
0.0 0.0 0.0
0.0 0.0 0.0
0.0 0.0 0.0
0.0 0.0 0.0
0.0 0.0 0.0
0.0 0.0 0.0
0.0 0.0 0.0
0.0 0.0 0.0
0.0 0.0 0.0
0.0 0.0 0.0
0.0 0.0 0.0
0.0 0.0 0.0
0.0 0.0 0.0
0.0 0.0 0.0
0.0 0.0 0.0
0.0 0.0 0.0
0.0 0.0 0.0
0.0 0.0 0.0
0.0 0.0 0.0
0.0 0.0 0.0
0.0 0.0 0.0
0.0 0.0 0.0
0.0 0.0 0.0
0.0 0.0 0.0
0.0 0.0 0.0
0.0 0.0 0.0
0.0 0.0 0.0
0.0 0.0 0.0
0.0 0.0 0.0
0.0 0.0 0.0
0.0 0.0 0.0
0.0 0.0 0.0
0.0 0.0 0.0
0.0 0.0 0.0
0.0 0.0 0.0
0.0 0.0 0.0
0.0 0.0 0.0
0.0 0.0 0.0
0.0 0.0 0.0
0.0 0.0 0.0
0.0 0.0 0.0
0.0 0.0 0.0
0.0 0.0 0.0
0.0 0.0 0.0
0.0 0.0 0.0
0.0 0.0 0.0
0.0 0.0 0.0
0.0 0.0 0.0
0.0 0.0 0.0
0.0 0.0 0.0
0.0 0.0 0.0
0.0 0.0 0.0
0.0 0.0 0.0
0.0 0.0 0.0
0.0 0.0 0.0
0.0 0.0 0.0
0.0 0.0 0.0
0.0 0.0 0.0
0.0 0.0 0.0
0.0 0.0 0.0
0.0 0.0 0.0
0.0 0.0 0.0
0.0 0.0 0.0
0.0 0.0 0.0
0.0 0.0 0.0
0.0 0.0 0.0
0.0 0.0 0.0
0.0 0.0 0.0
0.0 0.0 0.0
0.0 0.0 0.0
0.0 0.0 0.0
0.0 0.0 0.0
0.0 0.0 0.0
0.0 0.0 0.0
0.0 0.0 0.0
0.0 0.0 0.0
0.0 0.0 0.0
0.0 0.0 0.0
0.0 0.0 0.0
0.0 0.0 0.0
0.0 0.0 0.0
0.0 0.0 0.0
0.0 0.0 0.0
0.0 0.0 0.0
0.0 0.0 0.0
0.0 0.0 0.0
0.0 0.0 0.0
0.0 0.0 0.0
0.0 0.0 0.0
0.0 0.0 0.0
0.0 0.0 0.0
0.0 0.0 0.0
0.0 0.0 0.0
0.0 0.0 0.0
0.0 0.0 0.0
0.0 0.0 0.0
0.0 0.0 0.0
0.0 0.0 0.0
0.0 0.0 0.0
0.0 0.0 0.0
0.0 0.0 0.0
0.0 0.0 0.0
0.0 0.0 0.0
0.0 0.0 0.0
0.0 0.0 0.0
0.0 0.0 0.0
0.0 0.0 0.0
0.0 0.0 0.0
0.0 0.0 0.0
0.0 0.0 0.0
0.0 0.0 0.0
0.0 0.0 0.0
0.0 0.0 0.0
0.0 0.0 0.0
0.0 0.0 0.0
0.0 0.0 0.0
0.0 0.0 0.0
0.0 0.0 0.0
0.0 0.0 0.0
0.0 0.0 0.0
0.0 0.0 0.0
0.0 0.0 0.0
0.0 0.0 0.0
0.0 0.0 0.0
0.0 0.0 0.0
0.0 0.0 0.0
0.0 0.0 0.0
0.0 0.0 0.0
0.0 0.0 0.0
0.0 0.0 0.0
0.0 0.0 0.0
0.0 0.0 0.0
0.0 0.0 0.0
0.0 0.0 0.0
0.0 0.0 0.0
0.0 0.0 0.0
0.0 0.0 0.0
0.0 0.0 0.0
-19.943132400512695 29.495136260986328 -2.5966498851776123
0.0 0.0 0.0
0.0 0.0 0.0
0.0 0.0 0.0
0.0 0.0 0.0
0.0 0.0 0.0
-104.43453979492188 169.4019775390625 -17.532453536987305
0.0 0.0 0.0
0.0 0.0 0.0
0.0 0.0 0.0
0.0 0.0 0.0
0.0 0.0 0.0
0.0 0.0 0.0
0.0 0.0 0.0
0.0 0.0 0.0
0.0 0.0 0.0
0.0 0.0 0.0
0.0 0.0 0.0
0.0 0.0 0.0
0.0 0.0 0.0
0.0 0.0 0.0
0.0 0.0 0.0
0.0 0.0 0.0
0.0 0.0 0.0
-11.196195602416992 24.626571655273438 -3.435758113861084
0.0 0.0 0.0
0.0 0.0 0.0
0.0 0.0 0.0
0.0 0.0 0.0
0.0 0.0 0.0
0.0 0.0 0.0
0.0 0.0 0.0
-9.220537185668945 23.71876335144043 -3.612837076187134
0.0 0.0 0.0
0.0 0.0 0.0
0.0 0.0 0.0
-8.284355163574219 23.20401382446289 -3.668668508529663
0.0 0.0 0.0
0.0 0.0 0.0
0.0 0.0 0.0
0.0 0.0 0.0
0.0 0.0 0.0
0.0 0.0 0.0
0.0 0.0 0.0
-6.682705402374268 22.64594841003418 -3.8172998428344727
0.0 0.0 0.0
-6.265357971191406 22.37335968017578 -3.8253562450408936
0.0 0.0 0.0
-5.884551525115967 22.210735321044922 -3.847050189971924
-5.726616382598877 22.238723754882812 -3.8762710094451904
-5.509706020355225 22.030197143554688 -3.864182472229004
-5.3148884773254395 21.898616790771484 -3.8642075061798096
-5.154218673706055 21.900577545166016 -3.8859121799468994
-5.006623268127441 21.96938705444336 -3.920034885406494
-4.833509922027588 21.912675857543945 -3.931550979614258
-4.653407096862793 21.81700897216797 -3.936061382293701
-4.482827663421631 21.758121490478516 -3.943960428237915
-4.3162841796875 21.71302604675293 -3.9543652534484863
-4.107577323913574 21.455625534057617 -3.9263031482696533
-3.980437755584717 21.604345321655273 -3.9723052978515625
-3.822667360305786 21.589845657348633 -3.986722946166992
-3.666053295135498 21.578227996826172 -4.000329494476318
-3.491269588470459 21.451709747314453 -3.992696523666382
-3.337608814239502 21.464632034301758 -4.011383533477783
-3.169664144515991 21.362205505371094 -4.007962703704834
-3.02158522605896 21.388336181640625 -4.025757789611816
-2.8615498542785645 21.325899124145508 -4.027034759521484
-2.72092604637146 21.407005310058594 -4.055604457855225
-2.55551815032959 21.288972854614258 -4.046600818634033
-2.397017240524292 21.23903465270996 -4.048471450805664
-2.2419207096099854 21.187946319580078 -4.048754692077637
-2.1063010692596436 21.322832107543945 -4.084789276123047
-1.9456048011779785 21.204662322998047 -4.07255220413208
-1.796998381614685 21.207763671875 -4.083107948303223
-1.6417077779769897 21.15315818786621 -4.079819202423096
-1.4939720630645752 21.154666900634766 -4.087399005889893
-1.3471035957336426 21.170461654663086 -4.097945690155029
-1.1946650743484497 21.089506149291992 -4.089934825897217
-1.0496152639389038 21.130529403686523 -4.10306453704834
-0.8999101519584656 21.136381149291992 -4.108492851257324
-0.7541840076446533 21.179414749145508 -4.121281623840332
-0.6063652634620667 21.16777801513672 -4.123636722564697
-0.458566278219223 21.14760971069336 -4.123659133911133
-0.3132847249507904 21.268814086914062 -4.148440361022949
-0.16178622841835022 21.143661499023438 -4.12539529800415
-0.014836040325462818 21.205305099487305 -4.138969421386719
0.13250568509101868 21.166242599487305 -4.133090496063232
0.2790897488594055 21.122859954833984 -4.123738765716553
0.4266360104084015 21.147640228271484 -4.126913070678711
0.5764127969741821 21.24037742614746 -4.143540382385254
0.7258073687553406 21.209354400634766 -4.136200904846191
0.8768714666366577 21.292503356933594 -4.150323867797852
1.0246776342391968 21.27936363220215 -4.142998218536377
1.17703115940094 21.35326385498047 -4.1528096199035645
1.3213587999343872 21.276796340942383 -4.133570194244385
1.481199860572815 21.401968002319336 -4.153624057769775
1.6324294805526733 21.423418045043945 -4.15087890625
1.786877155303955 21.47835350036621 -4.153989791870117
1.9530197381973267 21.65060043334961 -4.179896354675293
2.0889787673950195 21.48558235168457 -4.1408820152282715
2.255462646484375 21.609691619873047 -4.156543731689453
2.4041762351989746 21.580730438232422 -4.140505313873291
2.5712714195251465 21.70696258544922 -4.154372215270996
2.7233431339263916 21.698667526245117 -4.142634868621826
2.88870906829834 21.78821563720703 -4.14971399307251
3.0495033264160156 21.815933227539062 -4.1419548988342285
3.210082530975342 21.85428237915039 -4.13593053817749
3.3840301036834717 21.974977493286133 -4.1455864906311035
3.540436267852783 21.97296905517578 -4.132186412811279
3.7000572681427 21.989030838012695 -4.121065616607666
3.8768253326416016 22.09891700744629 -4.125317096710205
4.057384490966797 22.203210830688477 -4.128246307373047
4.219624996185303 22.215919494628906 -4.114516735076904
4.387439727783203 22.253833770751953 -4.105583667755127
4.560606479644775 22.313583374023438 -4.097978115081787
4.798018932342529 22.6691837310791 -4.144221305847168
4.94802188873291 22.586315155029297 -4.109898090362549
5.104297161102295 22.54802894592285 -4.084297180175781
5.302310943603516 22.688735961914062 -4.089600563049316
5.487029075622559 22.76453971862793 -4.081533432006836
5.683265209197998 22.879962921142578 -4.080525875091553
5.8737263679504395 22.952117919921875 -4.071374416351318
6.085113048553467 23.10909652709961 -4.077340602874756
6.276363372802734 23.179122924804688 -4.0650129318237305
6.452538967132568 23.188186645507812 -4.042000770568848
6.678903579711914 23.370025634765625 -4.0490193367004395
6.876303672790527 23.430788040161133 -4.034486293792725
7.139520645141602 23.716249465942383 -4.056978225708008
7.318509101867676 23.711990356445312 -4.028896331787109
7.5258684158325195 23.7945556640625 -4.015541076660156
7.753755569458008 23.93410301208496 -4.011638164520264
7.947098255157471 23.96207618713379 -3.988016366958618
8.223702430725098 24.22173309326172 -4.00034761428833
8.401389122009277 24.191593170166016 -3.965116500854492
8.652681350708008 24.367504119873047 -3.963540554046631
8.922510147094727 24.584762573242188 -3.968125104904175
9.162740707397461 24.70915985107422 -3.9548463821411133
0.0 0.0 0.0
9.647472381591797 24.935922622680664 -3.9232900142669678
0.0 0.0 0.0
0.0 0.0 0.0
0.0 0.0 0.0
0.0 0.0 0.0
10.967316627502441 25.648935317993164 -3.852863073348999
11.337974548339844 26.01477813720703 -3.868734836578369
11.623724937438965 26.171489715576172 -3.8517661094665527
12.031749725341797 26.590173721313477 -3.8724710941314697
0.0 0.0 0.0
12.585427284240723 26.806766510009766 -3.8192312717437744
0.0 0.0 0.0
0.0 0.0 0.0
13.664093017578125 27.592435836791992 -3.795217514038086
13.793770790100098 27.375329971313477 -3.718873977661133
14.22263240814209 27.73555564880371 -3.7184722423553467
0.0 0.0 0.0
0.0 0.0 0.0
0.0 0.0 0.0
15.85702896118164 28.91347312927246 -3.668428659439087
0.0 0.0 0.0
0.0 0.0 0.0
0.0 0.0 0.0
0.0 0.0 0.0
0.0 0.0 0.0
0.0 0.0 0.0
0.0 0.0 0.0
0.0 0.0 0.0
0.0 0.0 0.0
0.0 0.0 0.0
0.0 0.0 0.0
0.0 0.0 0.0
0.0 0.0 0.0
0.0 0.0 0.0
0.0 0.0 0.0
0.0 0.0 0.0
0.0 0.0 0.0
0.0 0.0 0.0
0.0 0.0 0.0
0.0 0.0 0.0
0.0 0.0 0.0
0.0 0.0 0.0
0.0 0.0 0.0
0.0 0.0 0.0
0.0 0.0 0.0
0.0 0.0 0.0
0.0 0.0 0.0
0.0 0.0 0.0
0.0 0.0 0.0
0.0 0.0 0.0
0.0 0.0 0.0
0.0 0.0 0.0
0.0 0.0 0.0
0.0 0.0 0.0
0.0 0.0 0.0
0.0 0.0 0.0
0.0 0.0 0.0
0.0 0.0 0.0
0.0 0.0 0.0
0.0 0.0 0.0
0.0 0.0 0.0
0.0 0.0 0.0
0.0 0.0 0.0
0.0 0.0 0.0
0.0 0.0 0.0
0.0 0.0 0.0
0.0 0.0 0.0
0.0 0.0 0.0
0.0 0.0 0.0
0.0 0.0 0.0
0.0 0.0 0.0
0.0 0.0 0.0
0.0 0.0 0.0
0.0 0.0 0.0
0.0 0.0 0.0
0.0 0.0 0.0
0.0 0.0 0.0
0.0 0.0 0.0
0.0 0.0 0.0
0.0 0.0 0.0
0.0 0.0 0.0
0.0 0.0 0.0
0.0 0.0 0.0
0.0 0.0 0.0
0.0 0.0 0.0
0.0 0.0 0.0
0.0 0.0 0.0
0.0 0.0 0.0
0.0 0.0 0.0
0.0 0.0 0.0
0.0 0.0 0.0
0.0 0.0 0.0
0.0 0.0 0.0
0.0 0.0 0.0
0.0 0.0 0.0
0.0 0.0 0.0
0.0 0.0 0.0
0.0 0.0 0.0
0.0 0.0 0.0
0.0 0.0 0.0
0.0 0.0 0.0
0.0 0.0 0.0
0.0 0.0 0.0
0.0 0.0 0.0
0.0 0.0 0.0
0.0 0.0 0.0
0.0 0.0 0.0
0.0 0.0 0.0
0.0 0.0 0.0
0.0 0.0 0.0
0.0 0.0 0.0
0.0 0.0 0.0
0.0 0.0 0.0
0.0 0.0 0.0
0.0 0.0 0.0
0.0 0.0 0.0
0.0 0.0 0.0
0.0 0.0 0.0
0.0 0.0 0.0
0.0 0.0 0.0
0.0 0.0 0.0
0.0 0.0 0.0
0.0 0.0 0.0
0.0 0.0 0.0
0.0 0.0 0.0
0.0 0.0 0.0
0.0 0.0 0.0
0.0 0.0 0.0
0.0 0.0 0.0
0.0 0.0 0.0
0.0 0.0 0.0
0.0 0.0 0.0
0.0 0.0 0.0
0.0 0.0 0.0
0.0 0.0 0.0
0.0 0.0 0.0
0.0 0.0 0.0
0.0 0.0 0.0
0.0 0.0 0.0
0.0 0.0 0.0
0.0 0.0 0.0
0.0 0.0 0.0
0.0 0.0 0.0
0.0 0.0 0.0
0.0 0.0 0.0
0.0 0.0 0.0
0.0 0.0 0.0
0.0 0.0 0.0
0.0 0.0 0.0
0.0 0.0 0.0
0.0 0.0 0.0
0.0 0.0 0.0
0.0 0.0 0.0
0.0 0.0 0.0
0.0 0.0 0.0
0.0 0.0 0.0
0.0 0.0 0.0
0.0 0.0 0.0
0.0 0.0 0.0
0.0 0.0 0.0
0.0 0.0 0.0
0.0 0.0 0.0
0.0 0.0 0.0
0.0 0.0 0.0
0.0 0.0 0.0
0.0 0.0 0.0
0.0 0.0 0.0
0.0 0.0 0.0
0.0 0.0 0.0
0.0 0.0 0.0
0.0 0.0 0.0
0.0 0.0 0.0
0.0 0.0 0.0
0.0 0.0 0.0
0.0 0.0 0.0
0.0 0.0 0.0
0.0 0.0 0.0
0.0 0.0 0.0
0.0 0.0 0.0
0.0 0.0 0.0
0.0 0.0 0.0
0.0 0.0 0.0
0.0 0.0 0.0
0.0 0.0 0.0
0.0 0.0 0.0
0.0 0.0 0.0
0.0 0.0 0.0
0.0 0.0 0.0
0.0 0.0 0.0
0.0 0.0 0.0
0.0 0.0 0.0
0.0 0.0 0.0
0.0 0.0 0.0
0.0 0.0 0.0
0.0 0.0 0.0
0.0 0.0 0.0
0.0 0.0 0.0
0.0 0.0 0.0
0.0 0.0 0.0
0.0 0.0 0.0
0.0 0.0 0.0
0.0 0.0 0.0
0.0 0.0 0.0
0.0 0.0 0.0
0.0 0.0 0.0
0.0 0.0 0.0
0.0 0.0 0.0
0.0 0.0 0.0
0.0 0.0 0.0
0.0 0.0 0.0
0.0 0.0 0.0
0.0 0.0 0.0
0.0 0.0 0.0
0.0 0.0 0.0
0.0 0.0 0.0
0.0 0.0 0.0
0.0 0.0 0.0
0.0 0.0 0.0
0.0 0.0 0.0
0.0 0.0 0.0
0.0 0.0 0.0
0.0 0.0 0.0
0.0 0.0 0.0
-20.614540100097656 30.265981674194336 -2.589191436767578
0.0 0.0 0.0
0.0 0.0 0.0
0.0 0.0 0.0
0.0 0.0 0.0
0.0 0.0 0.0
0.0 0.0 0.0
0.0 0.0 0.0
0.0 0.0 0.0
0.0 0.0 0.0
0.0 0.0 0.0
0.0 0.0 0.0
0.0 0.0 0.0
0.0 0.0 0.0
0.0 0.0 0.0
0.0 0.0 0.0
0.0 0.0 0.0
0.0 0.0 0.0
0.0 0.0 0.0
0.0 0.0 0.0
0.0 0.0 0.0
0.0 0.0 0.0
0.0 0.0 0.0
0.0 0.0 0.0
0.0 0.0 0.0
0.0 0.0 0.0
0.0 0.0 0.0
0.0 0.0 0.0
0.0 0.0 0.0
0.0 0.0 0.0
0.0 0.0 0.0
0.0 0.0 0.0
0.0 0.0 0.0
0.0 0.0 0.0
0.0 0.0 0.0
0.0 0.0 0.0
0.0 0.0 0.0
0.0 0.0 0.0
0.0 0.0 0.0
0.0 0.0 0.0
0.0 0.0 0.0
-7.370078086853027 22.898508071899414 -3.7105536460876465
-7.135745048522949 22.712066650390625 -3.7083654403686523
0.0 0.0 0.0
0.0 0.0 0.0
0.0 0.0 0.0
-6.402862548828125 22.56623649597168 -3.7931008338928223
-6.185800552368164 22.39350700378418 -3.788682699203491
-6.037669658660889 22.46455192565918 -3.825471878051758
-5.820460796356201 22.273611068725586 -3.817647933959961
-5.620599269866943 22.136795043945312 -3.8187813758850098
-5.437389373779297 22.070531845092773 -3.8294875621795654
-5.292322158813477 22.144529342651367 -3.864253044128418
-5.110850811004639 22.063732147216797 -3.8721253871917725
-4.942562103271484 22.034088134765625 -3.888993263244629
-4.783944606781006 22.044857025146484 -3.9112250804901123
-4.588928699493408 21.8931827545166 -3.903780221939087
-4.42818546295166 21.88269805908203 -3.9211487770080566
-4.265427589416504 21.85973358154297 -3.9364163875579834
-4.091737747192383 21.77519989013672 -3.940073251724243
-3.9394826889038086 21.79949951171875 -3.960825204849243
-3.7653086185455322 21.713266372680664 -3.9619011878967285
-3.6122796535491943 21.72768211364746 -3.9811530113220215
-3.4290339946746826 21.551225662231445 -3.9654667377471924
-3.295073986053467 21.681516647338867 -4.003846168518066
-3.1249845027923584 21.571516036987305 -3.9970855712890625
-2.972318649291992 21.574399948120117 -4.011345863342285
-2.803804636001587 21.473636627197266 -4.006678581237793
-2.6496567726135254 21.455368041992188 -4.016347885131836
-2.4889183044433594 21.37542152404785 -4.012000560760498
-2.346959114074707 21.45460319519043 -4.03770112991333
-2.1899425983428955 21.395326614379883 -4.037535190582275
-2.023355007171631 21.25103759765625 -4.02159309387207
-1.870699405670166 21.212921142578125 -4.022763252258301
-1.7366673946380615 21.391889572143555 -4.064538955688477
-1.5767850875854492 21.25615882873535 -4.046733856201172
-1.4355984926223755 21.368133544921875 -4.076268196105957
-1.287147045135498 21.42586326599121 -4.0946807861328125
-1.1307592391967773 21.29519271850586 -4.074429035186768
-0.9829792976379395 21.31287956237793 -4.082737445831299
-0.8371264934539795 21.37936782836914 -4.100604057312012
-0.687760055065155 21.3681640625 -4.103784561157227
-0.5360299944877625 21.356517791748047 -4.104179859161377
-0.3862604796886444 21.29403305053711 -4.0942206382751465
-0.23802489042282104 21.272695541381836 -4.0923590660095215
-0.09034372866153717 21.346221923828125 -4.108954429626465
0.058017369359731674 21.296180725097656 -4.100848197937012
0.20773020386695862 21.456546783447266 -4.130894184112549
0.3591351807117462 21.431718826293945 -4.125472068786621
0.5076039433479309 21.409719467163086 -4.120807647705078
0.6590095162391663 21.486371994018555 -4.135329723358154
0.8070235848426819 21.44371795654297 -4.123881816864014
0.9614828824996948 21.55731201171875 -4.1419172286987305
1.1074362993240356 21.42447853088379 -4.112747669219971
1.259164571762085 21.463134765625 -4.1167731285095215
1.4190019369125366 21.615798950195312 -4.141611099243164
1.565582513809204 21.553457260131836 -4.122806549072266
1.7180653810501099 21.574262619018555 -4.120115280151367
1.878598690032959 21.651138305664062 -4.128179550170898
2.02862286567688 21.63152503967285 -4.118141174316406
2.193362236022949 21.76036834716797 -4.133493900299072
2.3432681560516357 21.731603622436523 -4.118427276611328
2.503831386566162 21.79714584350586 -4.121406078338623
2.6652002334594727 21.83837127685547 -4.1197733879089355
2.836606979370117 21.97031593322754 -4.13426399230957
2.9911949634552 21.96440315246582 -4.120596408843994
3.144373893737793 21.945966720581055 -4.1047587394714355
3.3075504302978516 21.994850158691406 -4.101687908172607
3.4938480854034424 22.18292808532715 -4.124608516693115
3.648120880126953 22.142181396484375 -4.1018524169921875
3.8197062015533447 22.218212127685547 -4.100626468658447
4.0040483474731445 22.35725975036621 -4.111051559448242
4.166578769683838 22.366342544555664 -4.097646236419678
4.34675407409668 22.465103149414062 -4.099484920501709
4.536840438842773 22.588668823242188 -4.103521823883057
4.69767951965332 22.57567024230957 -4.083161354064941
4.869258403778076 22.610366821289062 -4.071545124053955
5.039037704467773 22.632497787475586 -4.057773113250732
5.259215831756592 22.871437072753906 -4.079866886138916
5.455045700073242 22.976749420166016 -4.077401161193848
5.634942531585693 23.02127456665039 -4.064543724060059
5.829081058502197 23.116641998291016 -4.0606513023376465
6.012871742248535 23.166048049926758 -4.04713773727417
6.2030415534973145 23.232755661010742 -4.035196781158447
6.408355236053467 23.338159561157227 -4.029534339904785
6.607525825500488 23.42397117614746 -4.020803928375244
6.831426620483398 23.58976936340332 -4.0253190994262695
7.098018169403076 23.886945724487305 -4.049349308013916
7.326384544372559 24.041460037231445 -4.048792839050293
7.4476542472839355 23.832292556762695 -3.9866580963134766
7.71143913269043 24.08637237548828 -4.0025553703308105
0.0 0.0 0.0
8.149991989135742 24.287879943847656 -3.977761745452881
8.335776329040527 24.279909133911133 -3.9471211433410645
8.62418270111084 24.56198501586914 -3.9633712768554688
0.0 0.0 0.0
9.02806282043457 24.602384567260742 -3.9063727855682373
9.319186210632324 24.859506607055664 -3.9147441387176514
9.625596046447754 25.14265251159668 -3.926513433456421
0.0 0.0 0.0
0.0 0.0 0.0
10.394548416137695 25.53318977355957 -3.8815572261810303
10.659152030944824 25.669784545898438 -3.866340398788452
11.007309913635254 25.996522903442383 -3.879077434539795
0.0 0.0 0.0
11.577570915222168 26.309036254882812 -3.8463587760925293
0.0 0.0 0.0
0.0 0.0 0.0
12.382205963134766 26.617523193359375 -3.7695791721343994
12.797355651855469 27.016714096069336 -3.783024311065674
0.0 0.0 0.0
0.0 0.0 0.0
13.824406623840332 27.669845581054688 -3.738621950149536
0.0 0.0 0.0
14.549428939819336 28.13527488708496 -3.705723762512207
14.966550827026367 28.455230712890625 -3.699214458465576
0.0 0.0 0.0
15.6768159866333 28.818286895751953 -3.6413416862487793
0.0 0.0 0.0
0.0 0.0 0.0
0.0 0.0 0.0
0.0 0.0 0.0
0.0 0.0 0.0
0.0 0.0 0.0
18.82009506225586 30.904882431030273 -3.4825916290283203
0.0 0.0 0.0
0.0 0.0 0.0
20.439838409423828 32.03047561645508 -3.400740385055542
0.0 0.0 0.0
0.0 0.0 0.0
0.0 0.0 0.0
0.0 0.0 0.0
0.0 0.0 0.0
0.0 0.0 0.0
0.0 0.0 0.0
0.0 0.0 0.0
0.0 0.0 0.0
0.0 0.0 0.0
0.0 0.0 0.0
0.0 0.0 0.0
0.0 0.0 0.0
0.0 0.0 0.0
0.0 0.0 0.0
0.0 0.0 0.0
0.0 0.0 0.0
0.0 0.0 0.0
0.0 0.0 0.0
0.0 0.0 0.0
0.0 0.0 0.0
0.0 0.0 0.0
0.0 0.0 0.0
0.0 0.0 0.0
0.0 0.0 0.0
0.0 0.0 0.0
0.0 0.0 0.0
0.0 0.0 0.0
0.0 0.0 0.0
0.0 0.0 0.0
0.0 0.0 0.0
0.0 0.0 0.0
0.0 0.0 0.0
0.0 0.0 0.0
0.0 0.0 0.0
0.0 0.0 0.0
0.0 0.0 0.0
0.0 0.0 0.0
0.0 0.0 0.0
0.0 0.0 0.0
0.0 0.0 0.0
0.0 0.0 0.0
0.0 0.0 0.0
0.0 0.0 0.0
0.0 0.0 0.0
0.0 0.0 0.0
0.0 0.0 0.0
0.0 0.0 0.0
0.0 0.0 0.0
0.0 0.0 0.0
0.0 0.0 0.0
0.0 0.0 0.0
0.0 0.0 0.0
0.0 0.0 0.0
0.0 0.0 0.0
0.0 0.0 0.0
0.0 0.0 0.0
0.0 0.0 0.0
0.0 0.0 0.0
0.0 0.0 0.0
0.0 0.0 0.0
0.0 0.0 0.0
0.0 0.0 0.0
0.0 0.0 0.0
0.0 0.0 0.0
0.0 0.0 0.0
0.0 0.0 0.0
0.0 0.0 0.0
0.0 0.0 0.0
0.0 0.0 0.0
0.0 0.0 0.0
0.0 0.0 0.0
0.0 0.0 0.0
0.0 0.0 0.0
0.0 0.0 0.0
0.0 0.0 0.0
0.0 0.0 0.0
0.0 0.0 0.0
0.0 0.0 0.0
0.0 0.0 0.0
0.0 0.0 0.0
0.0 0.0 0.0
0.0 0.0 0.0
0.0 0.0 0.0
0.0 0.0 0.0
0.0 0.0 0.0
0.0 0.0 0.0
0.0 0.0 0.0
0.0 0.0 0.0
0.0 0.0 0.0
0.0 0.0 0.0
0.0 0.0 0.0
0.0 0.0 0.0
0.0 0.0 0.0
0.0 0.0 0.0
0.0 0.0 0.0
0.0 0.0 0.0
0.0 0.0 0.0
0.0 0.0 0.0
0.0 0.0 0.0
0.0 0.0 0.0
0.0 0.0 0.0
0.0 0.0 0.0
0.0 0.0 0.0
0.0 0.0 0.0
0.0 0.0 0.0
0.0 0.0 0.0
0.0 0.0 0.0
0.0 0.0 0.0
0.0 0.0 0.0
0.0 0.0 0.0
0.0 0.0 0.0
0.0 0.0 0.0
0.0 0.0 0.0
0.0 0.0 0.0
0.0 0.0 0.0
0.0 0.0 0.0
0.0 0.0 0.0
0.0 0.0 0.0
0.0 0.0 0.0
0.0 0.0 0.0
0.0 0.0 0.0
0.0 0.0 0.0
0.0 0.0 0.0
0.0 0.0 0.0
0.0 0.0 0.0
0.0 0.0 0.0
0.0 0.0 0.0
0.0 0.0 0.0
0.0 0.0 0.0
0.0 0.0 0.0
0.0 0.0 0.0
0.0 0.0 0.0
0.0 0.0 0.0
0.0 0.0 0.0
0.0 0.0 0.0
0.0 0.0 0.0
0.0 0.0 0.0
0.0 0.0 0.0
0.0 0.0 0.0
0.0 0.0 0.0
0.0 0.0 0.0
0.0 0.0 0.0
0.0 0.0 0.0
0.0 0.0 0.0
0.0 0.0 0.0
0.0 0.0 0.0
0.0 0.0 0.0
0.0 0.0 0.0
0.0 0.0 0.0
0.0 0.0 0.0
0.0 0.0 0.0
0.0 0.0 0.0
0.0 0.0 0.0
0.0 0.0 0.0
0.0 0.0 0.0
0.0 0.0 0.0
0.0 0.0 0.0
0.0 0.0 0.0
0.0 0.0 0.0
0.0 0.0 0.0
0.0 0.0 0.0
0.0 0.0 0.0
0.0 0.0 0.0
0.0 0.0 0.0
0.0 0.0 0.0
0.0 0.0 0.0
0.0 0.0 0.0
0.0 0.0 0.0
0.0 0.0 0.0
0.0 0.0 0.0
0.0 0.0 0.0
0.0 0.0 0.0
0.0 0.0 0.0
0.0 0.0 0.0
0.0 0.0 0.0
0.0 0.0 0.0
0.0 0.0 0.0
0.0 0.0 0.0
0.0 0.0 0.0
0.0 0.0 0.0
0.0 0.0 0.0
0.0 0.0 0.0
0.0 0.0 0.0
0.0 0.0 0.0
0.0 0.0 0.0
0.0 0.0 0.0
0.0 0.0 0.0
0.0 0.0 0.0
0.0 0.0 0.0
0.0 0.0 0.0
0.0 0.0 0.0
0.0 0.0 0.0
0.0 0.0 0.0
0.0 0.0 0.0
0.0 0.0 0.0
0.0 0.0 0.0
0.0 0.0 0.0
0.0 0.0 0.0
0.0 0.0 0.0
0.0 0.0 0.0
0.0 0.0 0.0
0.0 0.0 0.0
0.0 0.0 0.0
0.0 0.0 0.0
0.0 0.0 0.0
-15.584479331970215 27.377599716186523 -3.0760226249694824
0.0 0.0 0.0
-14.80998420715332 26.882976531982422 -3.1287074089050293
0.0 0.0 0.0
0.0 0.0 0.0
0.0 0.0 0.0
0.0 0.0 0.0
0.0 0.0 0.0
0.0 0.0 0.0
0.0 0.0 0.0
-12.207587242126465 25.418582916259766 -3.3346445560455322
0.0 0.0 0.0
0.0 0.0 0.0
-11.368363380432129 25.006240844726562 -3.4078335762023926
0.0 0.0 0.0
0.0 0.0 0.0
0.0 0.0 0.0
0.0 0.0 0.0
0.0 0.0 0.0
-9.7623291015625 24.104326248168945 -3.511516809463501
0.0 0.0 0.0
0.0 0.0 0.0
0.0 0.0 0.0
0.0 0.0 0.0
0.0 0.0 0.0
0.0 0.0 0.0
0.0 0.0 0.0
0.0 0.0 0.0
0.0 0.0 0.0
-7.506742477416992 23.04294776916504 -3.673656940460205
0.0 0.0 0.0
0.0 0.0 0.0
0.0 0.0 0.0
0.0 0.0 0.0
-6.548966407775879 22.775800704956055 -3.7664990425109863
-6.315140247344971 22.552228927612305 -3.7543370723724365
-6.142559051513672 22.538663864135742 -3.776972770690918
-5.953057289123535 22.468469619750977 -3.7905397415161133
-5.76446008682251 22.38532066345215 -3.7994320392608643
-5.598055839538574 22.383010864257812 -3.8211591243743896
-5.410321235656738 22.289554595947266 -3.8273253440856934
-5.2398762702941895 22.262123107910156 -3.844855308532715
0.0 0.0 0.0
-4.903356552124023 22.227073669433594 -3.8801045417785645
-4.698057174682617 22.02303695678711 -3.8638720512390137
-4.547122001647949 22.066116333007812 -3.8909919261932373
-4.370869159698486 21.983596801757812 -3.896092414855957
-4.214367389678955 22.01020622253418 -3.9182181358337402
-4.041523456573486 21.933197021484375 -3.9211807250976562
-3.893435001373291 21.98744010925293 -3.9477453231811523
-3.7016196250915527 21.786611557006836 -3.928556442260742
-3.553555965423584 21.834959030151367 -3.9531052112579346
-3.3906378746032715 21.806997299194336 -3.9621829986572266
-3.220871925354004 21.70903205871582 -3.958379030227661
-3.0827441215515137 21.82291603088379 -3.993381977081299
-2.9118363857269287 21.703550338745117 -3.9858851432800293
-2.772507667541504 21.815961837768555 -4.017953872680664
-2.60149884223938 21.675739288330078 -4.003305435180664
-2.428750991821289 21.52301597595215 -3.986567258834839
-2.2870867252349854 21.617048263549805 -4.0154924392700195
-2.128448009490967 21.549846649169922 -4.013181209564209
-1.978958249092102 21.56983757019043 -4.025149822235107
-1.8226534128189087 21.5084171295166 -4.022086143493652
-1.6666808128356934 21.472848892211914 -4.024162292480469
-1.5224865674972534 21.558568954467773 -4.049032688140869
-1.3705347776412964 21.53662872314453 -4.0504865646362305
-1.2163887023925781 21.47153091430664 -4.043670654296875
-1.0696905851364136 21.535694122314453 -4.061391353607178
-0.9168328046798706 21.533737182617188 -4.066952228546143
-0.7661907076835632 21.515554428100586 -4.068016529083252
-0.6137122511863708 21.423828125 -4.053147792816162
-0.46445906162261963 21.42696762084961 -4.05641508102417
-0.31660306453704834 21.51348876953125 -4.075672626495361
-0.1647575944662094 21.58747673034668 -4.092832088470459
-0.014699225313961506 21.588069915771484 -4.092994213104248
0.13502615690231323 21.53395652770996 -4.082627773284912
0.2845059335231781 21.517183303833008 -4.079538345336914
0.43437832593917847 21.530065536499023 -4.082269191741943
0.5854425430297852 21.572860717773438 -4.089409828186035
0.7419042587280273 21.6801815032959 -4.106442928314209
0.8903792500495911 21.621566772460938 -4.0922956466674805
1.0387988090515137 21.57342529296875 -4.080338954925537
1.1973670721054077 21.7197322845459 -4.105343818664551
1.344405174255371 21.647079467773438 -4.085986614227295
1.5117547512054443 21.84143829345703 -4.116580963134766
1.6744818687438965 21.97346305847168 -4.135642051696777
1.8090466260910034 21.740781784057617 -4.08627462387085
1.9743824005126953 21.88612174987793 -4.1068854331970215
2.1268413066864014 21.87392234802246 -4.095736980438232
2.290177345275879 21.940637588500977 -4.099386215209961
2.4485654830932617 21.97585678100586 -4.097447872161865
2.6033151149749756 21.975622177124023 -4.089081764221191
2.773646116256714 22.09680938720703 -4.100333213806152
2.923034429550171 22.045406341552734 -4.079193115234375
3.0895016193389893 22.099197387695312 -4.077491283416748
3.2496230602264404 22.121681213378906 -4.07036018371582
3.4364027976989746 22.31418800354004 -4.093349456787109
3.5908548831939697 22.28542137145996 -4.073651313781738
3.767400026321411 22.38827133178711 -4.078134536743164
3.9349210262298584 22.429157257080078 -4.071409702301025
4.119150161743164 22.540220260620117 -4.077245712280273
4.282081127166748 22.545007705688477 -4.061387062072754
4.476644515991211 22.707176208496094 -4.07354736328125
4.616067409515381 22.584993362426758 -4.034804344177246
4.833502769470215 22.838457107543945 -4.063248157501221
5.013019561767578 22.886714935302734 -4.0533952713012695
5.187538146972656 22.919395446777344 -4.039202690124512
5.3660783767700195 22.965787887573242 -4.027521133422852
5.558324337005615 23.063175201416016 -4.024778366088867
5.756650924682617 23.177749633789062 -4.025012969970703
5.953363418579102 23.264333724975586 -4.017039775848389
6.153934955596924 23.368549346923828 -4.012317657470703
6.358267784118652 23.47854995727539 -4.008506774902344
6.569607257843018 23.605426788330078 -4.0074687004089355
6.781598091125488 23.727174758911133 -4.00387716293335
6.971570014953613 23.754013061523438 -3.982534170150757
7.184720039367676 23.865121841430664 -3.9757509231567383
7.419285774230957 24.03705406188965 -3.9788715839385986
7.6260151863098145 24.111431121826172 -3.9651966094970703
7.824954032897949 24.15496826171875 -3.9441943168640137
8.06636905670166 24.32143211364746 -3.9430689811706543
8.312052726745605 24.48122787475586 -3.9400994777679443
8.528446197509766 24.555757522583008 -3.923668146133423
8.75497055053711 24.654407501220703 -3.908776044845581
0.0 0.0 0.0
0.0 0.0 0.0
0.0 0.0 0.0
9.769902229309082 25.251604080200195 -3.874727964401245
10.092456817626953 25.555753707885742 -3.8869364261627197
10.369327545166016 25.731063842773438 -3.878885269165039
10.54743480682373 25.65691566467285 -3.8331427574157715
10.853607177734375 25.880319595336914 -3.8300912380218506
11.133343696594238 26.03794288635254 -3.815770149230957
11.527195930480957 26.448522567749023 -3.837679862976074
11.716694831848145 26.38068962097168 -3.7896525859832764
12.033058166503906 26.594057083129883 -3.7812724113464355
12.488664627075195 27.087797164916992 -3.808964967727661
0.0 0.0 0.0
0.0 0.0 0.0
13.35383415222168 27.442245483398438 -3.7310397624969482
0.0 0.0 0.0
14.068577766418457 27.91730499267578 -3.7039403915405273
0.0 0.0 0.0
0.0 0.0 0.0
0.0 0.0 0.0
0.0 0.0 0.0
0.0 0.0 0.0
0.0 0.0 0.0
0.0 0.0 0.0
0.0 0.0 0.0
0.0 0.0 0.0
0.0 0.0 0.0
0.0 0.0 0.0
0.0 0.0 0.0
0.0 0.0 0.0
0.0 0.0 0.0
0.0 0.0 0.0
0.0 0.0 0.0
0.0 0.0 0.0
0.0 0.0 0.0
23.329933166503906 34.154396057128906 -3.2355966567993164
0.0 0.0 0.0
0.0 0.0 0.0
0.0 0.0 0.0
0.0 0.0 0.0
0.0 0.0 0.0
0.0 0.0 0.0
0.0 0.0 0.0
0.0 0.0 0.0
0.0 0.0 0.0
0.0 0.0 0.0
0.0 0.0 0.0
0.0 0.0 0.0
0.0 0.0 0.0
0.0 0.0 0.0
0.0 0.0 0.0
0.0 0.0 0.0
0.0 0.0 0.0
0.0 0.0 0.0
0.0 0.0 0.0
0.0 0.0 0.0
0.0 0.0 0.0
0.0 0.0 0.0
0.0 0.0 0.0
0.0 0.0 0.0
0.0 0.0 0.0
0.0 0.0 0.0
0.0 0.0 0.0
0.0 0.0 0.0
0.0 0.0 0.0
0.0 0.0 0.0
0.0 0.0 0.0
0.0 0.0 0.0
0.0 0.0 0.0
0.0 0.0 0.0
0.0 0.0 0.0
0.0 0.0 0.0
0.0 0.0 0.0
0.0 0.0 0.0
0.0 0.0 0.0
0.0 0.0 0.0
0.0 0.0 0.0
0.0 0.0 0.0
0.0 0.0 0.0
0.0 0.0 0.0
0.0 0.0 0.0
0.0 0.0 0.0
0.0 0.0 0.0
0.0 0.0 0.0
0.0 0.0 0.0
0.0 0.0 0.0
0.0 0.0 0.0
0.0 0.0 0.0
0.0 0.0 0.0
0.0 0.0 0.0
0.0 0.0 0.0
0.0 0.0 0.0
0.0 0.0 0.0
0.0 0.0 0.0
0.0 0.0 0.0
0.0 0.0 0.0
0.0 0.0 0.0
0.0 0.0 0.0
0.0 0.0 0.0
0.0 0.0 0.0
0.0 0.0 0.0
0.0 0.0 0.0
0.0 0.0 0.0
0.0 0.0 0.0
0.0 0.0 0.0
0.0 0.0 0.0
0.0 0.0 0.0
0.0 0.0 0.0
0.0 0.0 0.0
0.0 0.0 0.0
0.0 0.0 0.0
0.0 0.0 0.0
0.0 0.0 0.0
0.0 0.0 0.0
0.0 0.0 0.0
0.0 0.0 0.0
0.0 0.0 0.0
0.0 0.0 0.0
0.0 0.0 0.0
0.0 0.0 0.0
0.0 0.0 0.0
0.0 0.0 0.0
0.0 0.0 0.0
0.0 0.0 0.0
0.0 0.0 0.0
0.0 0.0 0.0
0.0 0.0 0.0
0.0 0.0 0.0
0.0 0.0 0.0
0.0 0.0 0.0
0.0 0.0 0.0
0.0 0.0 0.0
0.0 0.0 0.0
0.0 0.0 0.0
0.0 0.0 0.0
0.0 0.0 0.0
0.0 0.0 0.0
0.0 0.0 0.0
0.0 0.0 0.0
0.0 0.0 0.0
0.0 0.0 0.0
0.0 0.0 0.0
0.0 0.0 0.0
0.0 0.0 0.0
0.0 0.0 0.0
0.0 0.0 0.0
0.0 0.0 0.0
0.0 0.0 0.0
0.0 0.0 0.0
0.0 0.0 0.0
0.0 0.0 0.0
0.0 0.0 0.0
0.0 0.0 0.0
0.0 0.0 0.0
0.0 0.0 0.0
0.0 0.0 0.0
0.0 0.0 0.0
0.0 0.0 0.0
0.0 0.0 0.0
0.0 0.0 0.0
0.0 0.0 0.0
0.0 0.0 0.0
0.0 0.0 0.0
0.0 0.0 0.0
0.0 0.0 0.0
0.0 0.0 0.0
0.0 0.0 0.0
0.0 0.0 0.0
0.0 0.0 0.0
0.0 0.0 0.0
0.0 0.0 0.0
0.0 0.0 0.0
0.0 0.0 0.0
0.0 0.0 0.0
0.0 0.0 0.0
0.0 0.0 0.0
0.0 0.0 0.0
0.0 0.0 0.0
0.0 0.0 0.0
0.0 0.0 0.0
0.0 0.0 0.0
0.0 0.0 0.0
0.0 0.0 0.0
0.0 0.0 0.0
0.0 0.0 0.0
0.0 0.0 0.0
0.0 0.0 0.0
0.0 0.0 0.0
0.0 0.0 0.0
0.0 0.0 0.0
0.0 0.0 0.0
0.0 0.0 0.0
0.0 0.0 0.0
0.0 0.0 0.0
0.0 0.0 0.0
0.0 0.0 0.0
0.0 0.0 0.0
0.0 0.0 0.0
0.0 0.0 0.0
0.0 0.0 0.0
0.0 0.0 0.0
0.0 0.0 0.0
0.0 0.0 0.0
0.0 0.0 0.0
0.0 0.0 0.0
0.0 0.0 0.0
0.0 0.0 0.0
0.0 0.0 0.0
0.0 0.0 0.0
0.0 0.0 0.0
0.0 0.0 0.0
0.0 0.0 0.0
0.0 0.0 0.0
0.0 0.0 0.0
0.0 0.0 0.0
0.0 0.0 0.0
0.0 0.0 0.0
0.0 0.0 0.0
0.0 0.0 0.0
0.0 0.0 0.0
0.0 0.0 0.0
0.0 0.0 0.0
0.0 0.0 0.0
0.0 0.0 0.0
0.0 0.0 0.0
0.0 0.0 0.0
0.0 0.0 0.0
0.0 0.0 0.0
0.0 0.0 0.0
0.0 0.0 0.0
0.0 0.0 0.0
0.0 0.0 0.0
0.0 0.0 0.0
0.0 0.0 0.0
0.0 0.0 0.0
0.0 0.0 0.0
-15.708605766296387 27.372892379760742 -3.0087544918060303
0.0 0.0 0.0
0.0 0.0 0.0
0.0 0.0 0.0
0.0 0.0 0.0
0.0 0.0 0.0
0.0 0.0 0.0
0.0 0.0 0.0
0.0 0.0 0.0
0.0 0.0 0.0
0.0 0.0 0.0
0.0 0.0 0.0
0.0 0.0 0.0
0.0 0.0 0.0
0.0 0.0 0.0
0.0 0.0 0.0
0.0 0.0 0.0
0.0 0.0 0.0
-10.204947471618652 24.45392417907715 -3.4590322971343994
0.0 0.0 0.0
0.0 0.0 0.0
0.0 0.0 0.0
0.0 0.0 0.0
0.0 0.0 0.0
0.0 0.0 0.0
0.0 0.0 0.0
-8.307927131652832 23.533966064453125 -3.5943093299865723
0.0 0.0 0.0
-7.907291889190674 23.435415267944336 -3.640886068344116
0.0 0.0 0.0
0.0 0.0 0.0
-7.2906622886657715 23.20494842529297 -3.6896376609802246
-7.056278228759766 23.017351150512695 -3.68772292137146
0.0 0.0 0.0
-6.649387359619141 22.81827735900879 -3.706732988357544
0.0 0.0 0.0
-6.306299209594727 22.828933715820312 -3.759422540664673
0.0 0.0 0.0
0.0 0.0 0.0
-5.690313816070557 22.411027908325195 -3.759434461593628
0.0 0.0 0.0
-5.38296365737915 22.520767211914062 -3.8237416744232178
-5.160569667816162 22.275787353515625 -3.802069902420044
-4.9957804679870605 22.26952362060547 -3.820863962173462
-4.856827735900879 22.378694534301758 -3.8596670627593994
-4.656099319458008 22.212303161621094 -3.8513858318328857
-4.495055198669434 22.213863372802734 -3.870327949523926
-4.323629379272461 22.157743453979492 -3.8777449131011963
-4.145920276641846 22.062524795532227 -3.878368377685547
-3.982070207595825 22.034099578857422 -3.890786647796631
-3.8444859981536865 22.167896270751953 -3.932276964187622
-3.6653382778167725 22.046703338623047 -3.92531681060791
-3.49731183052063 21.98108673095703 -3.9282732009887695
-3.3355798721313477 21.948434829711914 -3.9372193813323975
-3.172819137573242 21.903182983398438 -3.944017171859741
-3.016587972640991 21.89897346496582 -3.9564428329467773
-2.848191976547241 21.817960739135742 -3.953657627105713
-2.7067461013793945 21.92235565185547 -3.984462022781372
-2.535707950592041 21.781435012817383 -3.970820903778076
-2.3749406337738037 21.71568489074707 -3.970827341079712
-2.219373941421509 21.68757438659668 -3.974416494369507
-2.0725045204162598 21.773338317871094 -3.9992432594299316
-1.9110887050628662 21.674165725708008 -3.990119218826294
-1.7620325088500977 21.70784568786621 -4.005609512329102
-1.6096549034118652 21.7025203704834 -4.012237548828125
-1.4654946327209473 21.815235137939453 -4.039218425750732
-1.305269718170166 21.72772979736328 -4.029433727264404
-1.1531951427459717 21.71949577331543 -4.0344061851501465
-1.0012973546981812 21.710201263427734 -4.039339065551758
-0.8472217917442322 21.6429386138916 -4.030056476593018
-0.6978840231895447 21.685895919799805 -4.041482925415039
-0.5403317213058472 21.532089233398438 -4.016482830047607
-0.39354246854782104 21.699623107910156 -4.0515570640563965
-0.24254289269447327 21.7128849029541 -4.0562214851379395
-0.09126968681812286 21.66400909423828 -4.047541618347168
0.05945621803402901 21.729276657104492 -4.060383319854736
0.21040083467960358 21.70517921447754 -4.056724548339844
0.3649975657463074 21.764453887939453 -4.0688652992248535
0.5163994431495667 21.761905670166016 -4.066083908081055
0.6700218319892883 21.831254959106445 -4.076790809631348
0.8201271295547485 21.784404754638672 -4.065995216369629
0.9738931655883789 21.828588485717773 -4.072384357452393
1.1316651105880737 21.8872013092041 -4.079972267150879
1.2835747003555298 21.872350692749023 -4.0719685554504395
1.4419541358947754 21.95992660522461 -4.083216667175293
1.5970561504364014 21.981229782104492 -4.08230447769165
1.7448992729187012 21.905710220336914 -4.0636162757873535
1.9188092947006226 22.1127986907959 -4.094048023223877
2.071375846862793 22.085491180419922 -4.080979824066162
2.2250216007232666 22.072429656982422 -4.070755958557129
2.3837034702301025 22.1041202545166 -4.068958282470703
2.552496910095215 22.218917846679688 -4.081202983856201
2.721670627593994 22.29821014404297 -4.084610462188721
2.874507427215576 22.262184143066406 -4.067254543304443
3.04323148727417 22.34315299987793 -4.071420669555664
3.1792354583740234 22.186935424804688 -4.0325927734375
3.362619638442993 22.35736083984375 -4.050257682800293
3.5251576900482178 22.37826919555664 -4.040489196777344
3.7114288806915283 22.52284049987793 -4.052894592285156
3.886169910430908 22.601882934570312 -4.053772926330566
4.050617218017578 22.61543083190918 -4.041808605194092
4.240996837615967 22.76425552368164 -4.052140712738037
4.419578552246094 22.839797973632812 -4.049447059631348
4.584860801696777 22.82666015625 -4.030860900878906
4.74121618270874 22.782657623291016 -4.007291793823242
4.951082706451416 22.990339279174805 -4.025028705596924
5.15349817276001 23.147375106811523 -4.0334248542785645
5.338309288024902 23.216440200805664 -4.026473045349121
5.518527507781982 23.245925903320312 -4.012360572814941
5.736747741699219 23.439571380615234 -4.025517463684082
5.8784260749816895 23.31386947631836 -3.982191801071167
6.0865864753723145 23.448383331298828 -3.983410358428955
6.288775444030762 23.55140495300293 -3.9792087078094482
6.529294490814209 23.774765014648438 -3.994680881500244
6.713647842407227 23.7967472076416 -3.9739315509796143
6.936179161071777 23.946977615356445 -3.9745330810546875
7.106175899505615 23.910371780395508 -3.944115161895752
7.372933387756348 24.189939498901367 -3.965681552886963
7.61214542388916 24.35602569580078 -3.9660463333129883
7.827702522277832 24.447416305541992 -3.9534592628479004
8.042681694030762 24.52959442138672 -3.9392428398132324
8.206344604492188 24.4525203704834 -3.8995261192321777
8.488065719604492 24.721651077270508 -3.9142210483551025
0.0 0.0 0.0
0.0 0.0 0.0
9.244973182678223 25.188934326171875 -3.8959131240844727
9.462811470031738 25.237943649291992 -3.8729701042175293
9.732651710510254 25.419231414794922 -3.8676350116729736
9.963421821594238 25.4898681640625 -3.8451294898986816
10.239036560058594 25.657958984375 -3.836435556411743
0.0 0.0 0.0
10.815788269042969 26.046377182006836 -3.824901819229126
11.112485885620117 26.243629455566406 -3.8172876834869385
11.393857955932617 26.395458221435547 -3.802609443664551
11.707911491394043 26.6035099029541 -3.7948191165924072
0.0 0.0 0.0
0.0 0.0 0.0
12.635266304016113 27.16206169128418 -3.754117012023926
0.0 0.0 0.0
0.0 0.0 0.0
13.62089729309082 27.744367599487305 -3.705411911010742
13.98497486114502 27.99140739440918 -3.6937479972839355
14.339106559753418 28.20708656311035 -3.6770987510681152
14.679953575134277 28.388837814331055 -3.653907299041748
0.0 0.0 0.0
0.0 0.0 0.0
0.0 0.0 0.0
0.0 0.0 0.0
0.0 0.0 0.0
0.0 0.0 0.0
0.0 0.0 0.0
0.0 0.0 0.0
0.0 0.0 0.0
19.027400970458984 31.246360778808594 -3.44938588142395
0.0 0.0 0.0
0.0 0.0 0.0
0.0 0.0 0.0
0.0 0.0 0.0
0.0 0.0 0.0
0.0 0.0 0.0
0.0 0.0 0.0
0.0 0.0 0.0
0.0 0.0 0.0
0.0 0.0 0.0
0.0 0.0 0.0
0.0 0.0 0.0
0.0 0.0 0.0
0.0 0.0 0.0
0.0 0.0 0.0
0.0 0.0 0.0
0.0 0.0 0.0
0.0 0.0 0.0
0.0 0.0 0.0
0.0 0.0 0.0
0.0 0.0 0.0
0.0 0.0 0.0
0.0 0.0 0.0
0.0 0.0 0.0
0.0 0.0 0.0
0.0 0.0 0.0
0.0 0.0 0.0
0.0 0.0 0.0
0.0 0.0 0.0
0.0 0.0 0.0
0.0 0.0 0.0
0.0 0.0 0.0
0.0 0.0 0.0
0.0 0.0 0.0
0.0 0.0 0.0
0.0 0.0 0.0
0.0 0.0 0.0
0.0 0.0 0.0
0.0 0.0 0.0
0.0 0.0 0.0
0.0 0.0 0.0
0.0 0.0 0.0
0.0 0.0 0.0
0.0 0.0 0.0
0.0 0.0 0.0
0.0 0.0 0.0
0.0 0.0 0.0
0.0 0.0 0.0
0.0 0.0 0.0
0.0 0.0 0.0
0.0 0.0 0.0
0.0 0.0 0.0
0.0 0.0 0.0
0.0 0.0 0.0
0.0 0.0 0.0
0.0 0.0 0.0
0.0 0.0 0.0
0.0 0.0 0.0
0.0 0.0 0.0
0.0 0.0 0.0
0.0 0.0 0.0
0.0 0.0 0.0
0.0 0.0 0.0
0.0 0.0 0.0
0.0 0.0 0.0
0.0 0.0 0.0
0.0 0.0 0.0
0.0 0.0 0.0
0.0 0.0 0.0
0.0 0.0 0.0
0.0 0.0 0.0
0.0 0.0 0.0
0.0 0.0 0.0
0.0 0.0 0.0
0.0 0.0 0.0
0.0 0.0 0.0
0.0 0.0 0.0
0.0 0.0 0.0
0.0 0.0 0.0
0.0 0.0 0.0
0.0 0.0 0.0
0.0 0.0 0.0
0.0 0.0 0.0
0.0 0.0 0.0
0.0 0.0 0.0
0.0 0.0 0.0
0.0 0.0 0.0
0.0 0.0 0.0
0.0 0.0 0.0
0.0 0.0 0.0
0.0 0.0 0.0
0.0 0.0 0.0
0.0 0.0 0.0
0.0 0.0 0.0
0.0 0.0 0.0
0.0 0.0 0.0
0.0 0.0 0.0
0.0 0.0 0.0
0.0 0.0 0.0
0.0 0.0 0.0
0.0 0.0 0.0
0.0 0.0 0.0
0.0 0.0 0.0
0.0 0.0 0.0
0.0 0.0 0.0
0.0 0.0 0.0
0.0 0.0 0.0
0.0 0.0 0.0
0.0 0.0 0.0
0.0 0.0 0.0
0.0 0.0 0.0
0.0 0.0 0.0
0.0 0.0 0.0
0.0 0.0 0.0
0.0 0.0 0.0
0.0 0.0 0.0
0.0 0.0 0.0
0.0 0.0 0.0
0.0 0.0 0.0
0.0 0.0 0.0
0.0 0.0 0.0
0.0 0.0 0.0
0.0 0.0 0.0
0.0 0.0 0.0
0.0 0.0 0.0
0.0 0.0 0.0
0.0 0.0 0.0
0.0 0.0 0.0
0.0 0.0 0.0
0.0 0.0 0.0
0.0 0.0 0.0
0.0 0.0 0.0
0.0 0.0 0.0
0.0 0.0 0.0
0.0 0.0 0.0
0.0 0.0 0.0
0.0 0.0 0.0
0.0 0.0 0.0
0.0 0.0 0.0
0.0 0.0 0.0
0.0 0.0 0.0
0.0 0.0 0.0
0.0 0.0 0.0
0.0 0.0 0.0
0.0 0.0 0.0
0.0 0.0 0.0
0.0 0.0 0.0
0.0 0.0 0.0
0.0 0.0 0.0
0.0 0.0 0.0
0.0 0.0 0.0
0.0 0.0 0.0
0.0 0.0 0.0
0.0 0.0 0.0
0.0 0.0 0.0
0.0 0.0 0.0
0.0 0.0 0.0
0.0 0.0 0.0
0.0 0.0 0.0
0.0 0.0 0.0
0.0 0.0 0.0
0.0 0.0 0.0
0.0 0.0 0.0
0.0 0.0 0.0
0.0 0.0 0.0
0.0 0.0 0.0
0.0 0.0 0.0
0.0 0.0 0.0
0.0 0.0 0.0
0.0 0.0 0.0
0.0 0.0 0.0
0.0 0.0 0.0
0.0 0.0 0.0
0.0 0.0 0.0
0.0 0.0 0.0
0.0 0.0 0.0
0.0 0.0 0.0
0.0 0.0 0.0
0.0 0.0 0.0
0.0 0.0 0.0
0.0 0.0 0.0
0.0 0.0 0.0
0.0 0.0 0.0
0.0 0.0 0.0
0.0 0.0 0.0
0.0 0.0 0.0
0.0 0.0 0.0
0.0 0.0 0.0
0.0 0.0 0.0
0.0 0.0 0.0
0.0 0.0 0.0
0.0 0.0 0.0
0.0 0.0 0.0
0.0 0.0 0.0
0.0 0.0 0.0
0.0 0.0 0.0
0.0 0.0 0.0
0.0 0.0 0.0
-20.63358497619629 30.51344108581543 -2.5881528854370117
0.0 0.0 0.0
0.0 0.0 0.0
0.0 0.0 0.0
0.0 0.0 0.0
0.0 0.0 0.0
0.0 0.0 0.0
0.0 0.0 0.0
0.0 0.0 0.0
0.0 0.0 0.0
0.0 0.0 0.0
0.0 0.0 0.0
0.0 0.0 0.0
-14.957911491394043 27.146461486816406 -3.0912280082702637
0.0 0.0 0.0
0.0 0.0 0.0
0.0 0.0 0.0
0.0 0.0 0.0
0.0 0.0 0.0
0.0 0.0 0.0
0.0 0.0 0.0
0.0 0.0 0.0
0.0 0.0 0.0
0.0 0.0 0.0
0.0 0.0 0.0
-11.131627082824707 24.946704864501953 -3.3598334789276123
0.0 0.0 0.0
0.0 0.0 0.0
0.0 0.0 0.0
0.0 0.0 0.0
0.0 0.0 0.0
0.0 0.0 0.0
0.0 0.0 0.0
0.0 0.0 0.0
0.0 0.0 0.0
0.0 0.0 0.0
0.0 0.0 0.0
0.0 0.0 0.0
0.0 0.0 0.0
0.0 0.0 0.0
0.0 0.0 0.0
0.0 0.0 0.0
0.0 0.0 0.0
-7.018188953399658 23.186922073364258 -3.6814491748809814
0.0 0.0 0.0
0.0 0.0 0.0
0.0 0.0 0.0
-6.282377243041992 23.048799514770508 -3.759084463119507
0.0 0.0 0.0
-5.863598823547363 22.76697540283203 -3.7592763900756836
-5.700057506561279 22.787769317626953 -3.7857980728149414
-5.496513366699219 22.642778396606445 -3.783001661300659
-5.315670013427734 22.582584381103516 -3.793125867843628
-5.156246185302734 22.623008728027344 -3.820624828338623
-4.978586673736572 22.56765365600586 -3.8317031860351562
-4.783325672149658 22.424367904663086 -3.8273234367370605
-4.599198818206787 22.32137680053711 -3.8270998001098633
-4.452040672302246 22.39449119567871 -3.857191324234009
-4.262881755828857 22.266611099243164 -3.853081703186035
-4.086217880249023 22.17841911315918 -3.855499744415283
-3.9439656734466553 22.274978637695312 -3.8879849910736084
-3.7657217979431152 22.16584014892578 -3.883728504180908
-3.612241268157959 22.19585418701172 -3.9039430618286133
-3.4433071613311768 22.14531135559082 -3.9104084968566895
-3.270615577697754 22.043792724609375 -3.907029390335083
-3.116670846939087 22.063325881958008 -3.9225761890411377
-2.947951078414917 21.971193313598633 -3.918386220932007
-2.808793783187866 22.099096298217773 -3.953629732131958
-2.6317853927612305 21.9244441986084 -3.934889316558838
-2.4709420204162598 21.89432716369629 -3.9399473667144775
-2.322216272354126 21.94711685180664 -3.9587650299072266
-2.1740071773529053 22.010360717773438 -3.979698896408081
-2.008694648742676 21.892654418945312 -3.9680614471435547
-1.8432976007461548 21.754690170288086 -3.9523301124572754
-1.6950371265411377 21.842273712158203 -3.9749221801757812
-1.5454277992248535 21.886491775512695 -3.9897310733795166
-1.3865000009536743 21.791608810424805 -3.9793548583984375
-1.2328792810440063 21.764650344848633 -3.981529712677002
-1.083810806274414 21.821447372436523 -3.9969465732574463
-0.9295589327812195 21.835336685180664 -4.003353595733643
-0.7771134972572327 21.825014114379883 -4.005445957183838
-0.6243540048599243 21.802112579345703 -4.005420684814453
-0.47502556443214417 21.920310974121094 -4.031232833862305
-0.3233988583087921 21.98429298400879 -4.04391622543335
-0.16623137891292572 21.778324127197266 -4.007150650024414
-0.015016348101198673 21.9899959564209 -4.047407627105713
0.13762131333351135 21.931690216064453 -4.03817892074585
0.29081884026527405 21.97640037536621 -4.046101093292236
0.4406913220882416 21.8244571685791 -4.016316890716553
0.5951724648475647 21.924962997436523 -4.033192157745361
0.7553101181983948 22.0665225982666 -4.057771682739258
0.906459629535675 22.003564834594727 -4.044955253601074
1.062259554862976 22.05535125732422 -4.049755573272705
1.2156506776809692 22.048490524291992 -4.043970108032227
1.369950294494629 22.0559024810791 -4.040995121002197
1.527739405632019 22.069725036621094 -4.039309501647949
1.6922800540924072 22.205533981323242 -4.058513641357422
1.8388162851333618 22.09917449951172 -4.0316972732543945
1.9969068765640259 22.133459091186523 -4.0307440757751465
2.1501803398132324 22.11307144165039 -4.02002477645874
2.3136487007141113 22.16399574279785 -4.022324562072754
2.488449811935425 22.33300018310547 -4.043062686920166
2.648510217666626 22.35561752319336 -4.037161827087402
2.823374032974243 22.491548538208008 -4.051835060119629
2.9770047664642334 22.450777053833008 -4.034815788269043
3.149415969848633 22.526939392089844 -4.037375450134277
3.3225979804992676 22.617734909057617 -4.040727615356445
3.483726978302002 22.619766235351562 -4.028343200683594
3.653001308441162 22.670026779174805 -4.024690628051758
3.8135650157928467 22.662109375 -4.0108561515808105
3.9910733699798584 22.748252868652344 -4.010964393615723
4.197693347930908 22.968963623046875 -4.034096717834473
4.347970008850098 22.889631271362305 -4.004876136779785
4.541466236114502 23.032140731811523 -4.014571189880371
4.715298175811768 23.067707061767578 -4.004446983337402
4.891561031341553 23.10980796813965 -3.993579149246216
5.088672161102295 23.229068756103516 -3.995762348175049
5.279016494750977 23.320966720581055 -3.993525266647339
5.4498419761657715 23.321290969848633 -3.9756808280944824
5.658006191253662 23.47441864013672 -3.9811530113220215
5.881686210632324 23.678203582763672 -3.9947683811187744
6.03499174118042 23.58055877685547 -3.957197904586792
0.0 0.0 0.0
6.45056676864624 23.81937026977539 -3.954385995864868
6.6483564376831055 23.89008331298828 -3.942573070526123
6.864593505859375 24.01851463317871 -3.9401752948760986
7.03594970703125 23.97397804260254 -3.9090163707733154
7.307224750518799 24.272842407226562 -3.9339828491210938
7.501394748687744 24.303850173950195 -3.912787675857544
7.779027938842773 24.5947265625 -3.9331750869750977
7.989675521850586 24.66253089904785 -3.9175918102264404
8.213804244995117 24.765256881713867 -3.907458543777466
0.0 0.0 0.0
8.642626762390137 24.884368896484375 -3.868316888809204
8.909004211425781 25.087522506713867 -3.8706538677215576
9.090444564819336 25.04465103149414 -3.8348727226257324
0.0 0.0 0.0
9.623013496398926 25.395570755004883 -3.825714349746704
9.941263198852539 25.694168090820312 -3.8384156227111816
10.279804229736328 26.029232025146484 -3.8557987213134766
0.0 0.0 0.0
10.706942558288574 26.045257568359375 -3.790100336074829
10.96511173248291 26.145957946777344 -3.7688965797424316
11.368322372436523 26.587387084960938 -3.796661138534546
11.59697437286377 26.60918617248535 -3.7639052867889404
11.955387115478516 26.919767379760742 -3.7691445350646973
12.207550048828125 26.979291915893555 -3.738459348678589
12.534217834472656 27.186542510986328 -3.727130174636841
12.788389205932617 27.237674713134766 -3.6946916580200195
13.164007186889648 27.53887176513672 -3.693465232849121
0.0 0.0 0.0
13.970293045043945 28.20925521850586 -3.696164846420288
0.0 0.0 0.0
14.520800590515137 28.316020965576172 -3.6193854808807373
14.943148612976074 28.646974563598633 -3.6145412921905518
0.0 0.0 0.0
0.0 0.0 0.0
16.041149139404297 29.24934959411621 -3.542574644088745
0.0 0.0 0.0
0.0 0.0 0.0
0.0 0.0 0.0
0.0 0.0 0.0
18.314146041870117 30.79646873474121 -3.4479362964630127
18.875438690185547 31.234445571899414 -3.4362473487854004
0.0 0.0 0.0
0.0 0.0 0.0
0.0 0.0 0.0
0.0 0.0 0.0
0.0 0.0 0.0
0.0 0.0 0.0
0.0 0.0 0.0
0.0 0.0 0.0
0.0 0.0 0.0
0.0 0.0 0.0
0.0 0.0 0.0
0.0 0.0 0.0
0.0 0.0 0.0
0.0 0.0 0.0
0.0 0.0 0.0
0.0 0.0 0.0
0.0 0.0 0.0
0.0 0.0 0.0
0.0 0.0 0.0
0.0 0.0 0.0
0.0 0.0 0.0
0.0 0.0 0.0
0.0 0.0 0.0
0.0 0.0 0.0
0.0 0.0 0.0
0.0 0.0 0.0
0.0 0.0 0.0
0.0 0.0 0.0
0.0 0.0 0.0
0.0 0.0 0.0
0.0 0.0 0.0
0.0 0.0 0.0
0.0 0.0 0.0
0.0 0.0 0.0
0.0 0.0 0.0
0.0 0.0 0.0
0.0 0.0 0.0
0.0 0.0 0.0
0.0 0.0 0.0
0.0 0.0 0.0
0.0 0.0 0.0
0.0 0.0 0.0
0.0 0.0 0.0
0.0 0.0 0.0
0.0 0.0 0.0
0.0 0.0 0.0
0.0 0.0 0.0
0.0 0.0 0.0
0.0 0.0 0.0
0.0 0.0 0.0
0.0 0.0 0.0
0.0 0.0 0.0
0.0 0.0 0.0
0.0 0.0 0.0
0.0 0.0 0.0
0.0 0.0 0.0
0.0 0.0 0.0
0.0 0.0 0.0
0.0 0.0 0.0
0.0 0.0 0.0
0.0 0.0 0.0
0.0 0.0 0.0
0.0 0.0 0.0
0.0 0.0 0.0
0.0 0.0 0.0
0.0 0.0 0.0
0.0 0.0 0.0
0.0 0.0 0.0
0.0 0.0 0.0
0.0 0.0 0.0
0.0 0.0 0.0
0.0 0.0 0.0
0.0 0.0 0.0
0.0 0.0 0.0
0.0 0.0 0.0
0.0 0.0 0.0
0.0 0.0 0.0
0.0 0.0 0.0
0.0 0.0 0.0
0.0 0.0 0.0
0.0 0.0 0.0
0.0 0.0 0.0
0.0 0.0 0.0
0.0 0.0 0.0
0.0 0.0 0.0
0.0 0.0 0.0
0.0 0.0 0.0
0.0 0.0 0.0
0.0 0.0 0.0
0.0 0.0 0.0
0.0 0.0 0.0
0.0 0.0 0.0
0.0 0.0 0.0
0.0 0.0 0.0
0.0 0.0 0.0
0.0 0.0 0.0
0.0 0.0 0.0
0.0 0.0 0.0
0.0 0.0 0.0
0.0 0.0 0.0
0.0 0.0 0.0
0.0 0.0 0.0
0.0 0.0 0.0
0.0 0.0 0.0
0.0 0.0 0.0
0.0 0.0 0.0
0.0 0.0 0.0
0.0 0.0 0.0
0.0 0.0 0.0
0.0 0.0 0.0
0.0 0.0 0.0
0.0 0.0 0.0
0.0 0.0 0.0
0.0 0.0 0.0
0.0 0.0 0.0
0.0 0.0 0.0
0.0 0.0 0.0
0.0 0.0 0.0
0.0 0.0 0.0
0.0 0.0 0.0
0.0 0.0 0.0
0.0 0.0 0.0
0.0 0.0 0.0
0.0 0.0 0.0
0.0 0.0 0.0
0.0 0.0 0.0
0.0 0.0 0.0
-29.44085693359375 163.96568298339844 31.00855255126953
0.0 0.0 0.0
0.0 0.0 0.0
0.0 0.0 0.0
0.0 0.0 0.0
0.0 0.0 0.0
0.0 0.0 0.0
0.0 0.0 0.0
0.0 0.0 0.0
0.0 0.0 0.0
0.0 0.0 0.0
0.0 0.0 0.0
0.0 0.0 0.0
0.0 0.0 0.0
0.0 0.0 0.0
0.0 0.0 0.0
0.0 0.0 0.0
0.0 0.0 0.0
0.0 0.0 0.0
0.0 0.0 0.0
0.0 0.0 0.0
0.0 0.0 0.0
0.0 0.0 0.0
0.0 0.0 0.0
0.0 0.0 0.0
0.0 0.0 0.0
0.0 0.0 0.0
0.0 0.0 0.0
0.0 0.0 0.0
0.0 0.0 0.0
0.0 0.0 0.0
0.0 0.0 0.0
0.0 0.0 0.0
0.0 0.0 0.0
0.0 0.0 0.0
0.0 0.0 0.0
0.0 0.0 0.0
0.0 0.0 0.0
0.0 0.0 0.0
0.0 0.0 0.0
0.0 0.0 0.0
0.0 0.0 0.0
0.0 0.0 0.0
0.0 0.0 0.0
0.0 0.0 0.0
0.0 0.0 0.0
0.0 0.0 0.0
0.0 0.0 0.0
0.0 0.0 0.0
0.0 0.0 0.0
0.0 0.0 0.0
0.0 0.0 0.0
0.0 0.0 0.0
0.0 0.0 0.0
0.0 0.0 0.0
0.0 0.0 0.0
0.0 0.0 0.0
0.0 0.0 0.0
0.0 0.0 0.0
0.0 0.0 0.0
0.0 0.0 0.0
0.0 0.0 0.0
0.0 0.0 0.0
0.0 0.0 0.0
0.0 0.0 0.0
0.0 0.0 0.0
0.0 0.0 0.0
0.0 0.0 0.0
0.0 0.0 0.0
0.0 0.0 0.0
0.0 0.0 0.0
0.0 0.0 0.0
0.0 0.0 0.0
0.0 0.0 0.0
0.0 0.0 0.0
0.0 0.0 0.0
0.0 0.0 0.0
0.0 0.0 0.0
0.0 0.0 0.0
0.0 0.0 0.0
0.0 0.0 0.0
0.0 0.0 0.0
0.0 0.0 0.0
0.0 0.0 0.0
0.0 0.0 0.0
0.0 0.0 0.0
0.0 0.0 0.0
0.0 0.0 0.0
0.0 0.0 0.0
0.0 0.0 0.0
0.0 0.0 0.0
0.0 0.0 0.0
0.0 0.0 0.0
0.0 0.0 0.0
0.0 0.0 0.0
0.0 0.0 0.0
-11.081233024597168 25.06997299194336 -3.346041440963745
0.0 0.0 0.0
0.0 0.0 0.0
0.0 0.0 0.0
-10.131056785583496 24.7709903717041 -3.45198130607605
0.0 0.0 0.0
0.0 0.0 0.0
0.0 0.0 0.0
0.0 0.0 0.0
0.0 0.0 0.0
0.0 0.0 0.0
-8.42023754119873 23.85674476623535 -3.5493760108947754
0.0 0.0 0.0
0.0 0.0 0.0
0.0 0.0 0.0
-7.576579570770264 23.539859771728516 -3.616609573364258
0.0 0.0 0.0
0.0 0.0 0.0
0.0 0.0 0.0
-6.71195650100708 23.03285789489746 -3.641101837158203
0.0 0.0 0.0
0.0 0.0 0.0
-6.177097797393799 22.983776092529297 -3.7043116092681885
-5.938861846923828 22.726747512817383 -3.686044692993164
0.0 0.0 0.0
-5.593698501586914 22.705806732177734 -3.726193428039551
-5.456778526306152 22.833904266357422 -3.768084764480591
-5.260207176208496 22.709392547607422 -3.7683920860290527
-5.086559772491455 22.677370071411133 -3.7840521335601807
-4.895746231079102 22.56154441833496 -3.783177614212036
-4.753177642822266 22.678653717041016 -3.8212411403656006
-4.553028106689453 22.503507614135742 -3.8098526000976562
-4.412543773651123 22.61788558959961 -3.8475522994995117
-4.221524715423584 22.47029685974121 -3.839719533920288
-4.035926818847656 22.33663558959961 -3.832084894180298
-3.8785436153411865 22.368900299072266 -3.853280544281006
-3.702084541320801 22.270503997802734 -3.851818561553955
-3.545508861541748 22.284807205200195 -3.8699281215667725
-3.3839948177337646 22.268037796020508 -3.8801352977752686
-3.2181825637817383 22.21587371826172 -3.883763313293457
-3.0653412342071533 22.25017738342285 -3.90266489982605
-2.886937379837036 22.112024307250977 -3.8916616439819336
-2.7335734367370605 22.1365966796875 -3.908121109008789
-2.5725059509277344 22.095510482788086 -3.9109079837799072
-2.422600030899048 22.148860931396484 -3.9305920600891113
-2.266592264175415 22.14760971069336 -3.9407875537872314
-2.098973035812378 22.049747467041016 -3.9341061115264893
-1.9367866516113281 21.966264724731445 -3.9270989894866943
-1.7932285070419312 22.09638214111328 -3.9577150344848633
-1.6381733417510986 22.09131622314453 -3.9643356800079346
-1.4787205457687378 22.019954681396484 -3.9592275619506836
-1.3247766494750977 22.062864303588867 -3.974079132080078
-1.1676843166351318 22.005237579345703 -3.9681320190429688
-1.014288067817688 22.004098892211914 -3.972543239593506
-0.858835756778717 21.951963424682617 -3.967930793762207
-0.7111287117004395 22.11003303527832 -4.001523494720459
-0.5512185096740723 21.975534439086914 -3.980031967163086
-0.3996502161026001 22.05141830444336 -3.995668411254883
-0.24658067524433136 22.083974838256836 -4.00365686416626
-0.09317230433225632 22.096248626708984 -4.008162498474121
0.060487568378448486 22.076786041259766 -4.006655216217041
0.21369999647140503 22.037612915039062 -3.9984891414642334
0.3709922432899475 22.116472244262695 -4.011917591094971
0.5250313878059387 22.121259689331055 -4.012115478515625
0.6816315054893494 22.20564842224121 -4.026944160461426
0.8375114798545837 22.23935317993164 -4.030749320983887
0.9900951981544495 22.187753677368164 -4.0177459716796875
1.1529570817947388 22.29237174987793 -4.0331525802612305
1.3084204196929932 22.292333602905273 -4.029866695404053
1.4662046432495117 22.32574462890625 -4.032764434814453
1.625427484512329 22.37018394470215 -4.0341362953186035
1.7868657112121582 22.43265151977539 -4.0389180183410645
1.9220150709152222 22.14899444580078 -3.9815268516540527
2.0782809257507324 22.159534454345703 -3.977393388748169
2.232534646987915 22.146284103393555 -3.9675819873809814
2.41538143157959 22.396099090576172 -4.003136157989502
2.5853960514068604 22.503101348876953 -4.013211727142334
2.7407772541046143 22.451969146728516 -3.995084762573242
2.9367499351501465 22.7396297454834 -4.037485599517822
3.083047866821289 22.63361358642578 -4.006957530975342
3.268012285232544 22.804716110229492 -4.025378227233887
3.4160139560699463 22.71177864074707 -3.9973256587982178
3.5958170890808105 22.82697105407715 -4.006065845489502
3.771343946456909 22.88743019104004 -4.003747463226318
3.934346914291382 22.882776260375977 -3.988328456878662
4.127831935882568 23.047536849975586 -4.00251579284668
4.300006866455078 23.08199119567871 -3.99409556388855
4.461154460906982 23.054664611816406 -3.9751415252685547
0.0 0.0 0.0
4.858010768890381 23.34405517578125 -3.990396022796631
5.0212602615356445 23.313308715820312 -3.967999219894409
5.189992904663086 23.30776596069336 -3.9500863552093506
5.434046268463135 23.62799072265625 -3.9861526489257812
5.60206937789917 23.593111038208008 -3.9600672721862793
5.790019512176514 23.651247024536133 -3.950045347213745
5.99885368347168 23.78643798828125 -3.9528651237487793
6.204823017120361 23.901268005371094 -3.952247142791748
6.417666435241699 24.03347396850586 -3.9517011642456055
6.555036544799805 23.86921501159668 -3.9019389152526855
6.796598434448242 24.09113883972168 -3.915742874145508
7.037094593048096 24.296123504638672 -3.92653489112854
7.238955497741699 24.358572006225586 -3.912771224975586
7.483090400695801 24.55242919921875 -3.9185009002685547
7.684953689575195 24.588417053222656 -3.898449420928955
7.901150703430176 24.675153732299805 -3.886854410171509
8.107651710510254 24.727214813232422 -3.8694915771484375
8.37354564666748 24.949970245361328 -3.8763175010681152
8.579995155334473 24.987539291381836 -3.854182720184326
8.833483695983887 25.15475082397461 -3.8518829345703125
9.113919258117676 25.376827239990234 -3.857093572616577
0.0 0.0 0.0
0.0 0.0 0.0
9.808547973632812 25.61970329284668 -3.801783561706543
10.091216087341309 25.819211959838867 -3.8003060817718506
10.394542694091797 26.05109405517578 -3.801227331161499
10.651922225952148 26.166580200195312 -3.784066915512085
10.933878898620605 26.333330154418945 -3.773925304412842
11.245861053466797 26.561643600463867 -3.7720963954925537
11.511983871459961 26.67340087890625 -3.752591371536255
11.870280265808105 26.9763126373291 -3.756962299346924
12.112581253051758 27.015323638916016 -3.7247631549835205
0.0 0.0 0.0
12.752138137817383 27.41424560546875 -3.7028086185455322
0.0 0.0 0.0
13.383634567260742 27.74714469909668 -3.6644132137298584
0.0 0.0 0.0
0.0 0.0 0.0
0.0 0.0 0.0
0.0 0.0 0.0
0.0 0.0 0.0
0.0 0.0 0.0
0.0 0.0 0.0
0.0 0.0 0.0
16.902149200439453 30.066247940063477 -3.532261848449707
0.0 0.0 0.0
0.0 0.0 0.0
0.0 0.0 0.0
0.0 0.0 0.0
0.0 0.0 0.0
0.0 0.0 0.0
0.0 0.0 0.0
0.0 0.0 0.0
0.0 0.0 0.0
0.0 0.0 0.0
0.0 0.0 0.0
0.0 0.0 0.0
0.0 0.0 0.0
0.0 0.0 0.0
0.0 0.0 0.0
0.0 0.0 0.0
0.0 0.0 0.0
0.0 0.0 0.0
0.0 0.0 0.0
0.0 0.0 0.0
0.0 0.0 0.0
0.0 0.0 0.0
0.0 0.0 0.0
0.0 0.0 0.0
0.0 0.0 0.0
0.0 0.0 0.0
0.0 0.0 0.0
0.0 0.0 0.0
0.0 0.0 0.0
0.0 0.0 0.0
0.0 0.0 0.0
0.0 0.0 0.0
0.0 0.0 0.0
0.0 0.0 0.0
0.0 0.0 0.0
0.0 0.0 0.0
0.0 0.0 0.0
0.0 0.0 0.0
0.0 0.0 0.0
0.0 0.0 0.0
0.0 0.0 0.0
0.0 0.0 0.0
0.0 0.0 0.0
0.0 0.0 0.0
0.0 0.0 0.0
0.0 0.0 0.0
0.0 0.0 0.0
0.0 0.0 0.0
0.0 0.0 0.0
0.0 0.0 0.0
0.0 0.0 0.0
0.0 0.0 0.0
0.0 0.0 0.0
0.0 0.0 0.0
0.0 0.0 0.0
0.0 0.0 0.0
0.0 0.0 0.0
0.0 0.0 0.0
0.0 0.0 0.0
0.0 0.0 0.0
0.0 0.0 0.0
0.0 0.0 0.0
0.0 0.0 0.0
0.0 0.0 0.0
0.0 0.0 0.0
0.0 0.0 0.0
0.0 0.0 0.0
0.0 0.0 0.0
0.0 0.0 0.0
0.0 0.0 0.0
0.0 0.0 0.0
0.0 0.0 0.0
0.0 0.0 0.0
0.0 0.0 0.0
0.0 0.0 0.0
0.0 0.0 0.0
0.0 0.0 0.0
0.0 0.0 0.0
0.0 0.0 0.0
0.0 0.0 0.0
6.449618816375732 33.76360321044922 6.270854949951172
0.0 0.0 0.0
0.0 0.0 0.0
0.0 0.0 0.0
0.0 0.0 0.0
0.0 0.0 0.0
0.0 0.0 0.0
0.0 0.0 0.0
0.0 0.0 0.0
0.0 0.0 0.0
0.0 0.0 0.0
0.0 0.0 0.0
0.0 0.0 0.0
0.0 0.0 0.0
0.0 0.0 0.0
0.0 0.0 0.0
0.0 0.0 0.0
0.0 0.0 0.0
0.0 0.0 0.0
0.0 0.0 0.0
0.0 0.0 0.0
0.0 0.0 0.0
0.0 0.0 0.0
0.0 0.0 0.0
0.0 0.0 0.0
0.0 0.0 0.0
0.0 0.0 0.0
0.0 0.0 0.0
0.0 0.0 0.0
0.0 0.0 0.0
0.0 0.0 0.0
0.0 0.0 0.0
0.0 0.0 0.0
0.0 0.0 0.0
0.0 0.0 0.0
0.0 0.0 0.0
0.0 0.0 0.0
0.0 0.0 0.0
0.0 0.0 0.0
0.0 0.0 0.0
0.0 0.0 0.0
0.0 0.0 0.0
0.0 0.0 0.0
0.0 0.0 0.0
0.0 0.0 0.0
0.0 0.0 0.0
0.0 0.0 0.0
0.0 0.0 0.0
0.0 0.0 0.0
0.0 0.0 0.0
0.0 0.0 0.0
0.0 0.0 0.0
0.0 0.0 0.0
0.0 0.0 0.0
0.0 0.0 0.0
0.0 0.0 0.0
0.0 0.0 0.0
0.0 0.0 0.0
0.0 0.0 0.0
0.0 0.0 0.0
0.0 0.0 0.0
0.0 0.0 0.0
0.0 0.0 0.0
0.0 0.0 0.0
0.0 0.0 0.0
0.0 0.0 0.0
0.0 0.0 0.0
0.0 0.0 0.0
0.0 0.0 0.0
0.0 0.0 0.0
0.0 0.0 0.0
0.0 0.0 0.0
0.0 0.0 0.0
0.0 0.0 0.0
0.0 0.0 0.0
0.0 0.0 0.0
0.0 0.0 0.0
0.0 0.0 0.0
0.0 0.0 0.0
0.0 0.0 0.0
0.0 0.0 0.0
0.0 0.0 0.0
0.0 0.0 0.0
0.0 0.0 0.0
0.0 0.0 0.0
0.0 0.0 0.0
0.0 0.0 0.0
0.0 0.0 0.0
0.0 0.0 0.0
0.0 0.0 0.0
0.0 0.0 0.0
0.0 0.0 0.0
0.0 0.0 0.0
0.0 0.0 0.0
0.0 0.0 0.0
0.0 0.0 0.0
0.0 0.0 0.0
0.0 0.0 0.0
0.0 0.0 0.0
0.0 0.0 0.0
0.0 0.0 0.0
0.0 0.0 0.0
0.0 0.0 0.0
0.0 0.0 0.0
0.0 0.0 0.0
0.0 0.0 0.0
0.0 0.0 0.0
0.0 0.0 0.0
0.0 0.0 0.0
0.0 0.0 0.0
0.0 0.0 0.0
0.0 0.0 0.0
0.0 0.0 0.0
0.0 0.0 0.0
0.0 0.0 0.0
0.0 0.0 0.0
0.0 0.0 0.0
0.0 0.0 0.0
0.0 0.0 0.0
0.0 0.0 0.0
0.0 0.0 0.0
0.0 0.0 0.0
0.0 0.0 0.0
0.0 0.0 0.0
0.0 0.0 0.0
0.0 0.0 0.0
0.0 0.0 0.0
0.0 0.0 0.0
0.0 0.0 0.0
0.0 0.0 0.0
0.0 0.0 0.0
-16.81793212890625 28.15319061279297 -2.8544230461120605
-16.486831665039062 28.039459228515625 -2.898930072784424
0.0 0.0 0.0
0.0 0.0 0.0
0.0 0.0 0.0
0.0 0.0 0.0
0.0 0.0 0.0
0.0 0.0 0.0
-13.925516128540039 26.581708908081055 -3.0982449054718018
0.0 0.0 0.0
0.0 0.0 0.0
0.0 0.0 0.0
0.0 0.0 0.0
0.0 0.0 0.0
0.0 0.0 0.0
0.0 0.0 0.0
0.0 0.0 0.0
0.0 0.0 0.0
0.0 0.0 0.0
0.0 0.0 0.0
0.0 0.0 0.0
0.0 0.0 0.0
0.0 0.0 0.0
0.0 0.0 0.0
0.0 0.0 0.0
0.0 0.0 0.0
0.0 0.0 0.0
-8.826292037963867 24.19057273864746 -3.5076518058776855
0.0 0.0 0.0
0.0 0.0 0.0
0.0 0.0 0.0
0.0 0.0 0.0
0.0 0.0 0.0
0.0 0.0 0.0
0.0 0.0 0.0
-7.10469388961792 23.4711856842041 -3.6227729320526123
-6.923420429229736 23.459880828857422 -3.646409511566162
-6.763892650604248 23.52171516418457 -3.679844856262207
0.0 0.0 0.0
-6.3073554039001465 23.142728805541992 -3.6676928997039795
0.0 0.0 0.0
-5.965632915496826 23.16815948486328 -3.7171363830566406
-5.742351055145264 22.961668014526367 -3.7049338817596436
0.0 0.0 0.0
-5.390890121459961 22.907270431518555 -3.7382867336273193
-5.259211540222168 23.080047607421875 -3.7868576049804688
-5.028888702392578 22.799715042114258 -3.75923490524292
-4.8757524490356445 22.860595703125 -3.787849187850952
-4.6918439865112305 22.773117065429688 -3.7919745445251465
-4.503953456878662 22.657773971557617 -3.791451930999756
-4.312089443206787 22.526823043823242 -3.785356044769287
-4.172087669372559 22.647768020629883 -3.8213813304901123
-3.980051279067993 22.483280181884766 -3.809382915496826
-3.824061155319214 22.5147647857666 -3.830646514892578
-3.6525821685791016 22.450315475463867 -3.834197998046875
-3.4907827377319336 22.457521438598633 -3.848712682723999
-3.332092046737671 22.463163375854492 -3.862877130508423
-3.165234088897705 22.41050910949707 -3.8671677112579346
-2.9864728450775146 22.2612361907959 -3.8548285961151123
-2.856945514678955 22.481565475463867 -3.9035167694091797
-2.66512131690979 22.208154678344727 -3.866462469100952
-2.5158073902130127 22.296794891357422 -3.8926992416381836
-2.368847370147705 22.39181900024414 -3.9201338291168213
-2.2039122581481934 22.317611694335938 -3.9167253971099854
-2.0397603511810303 22.234865188598633 -3.909851312637329
-1.8731176853179932 22.108774185180664 -3.8954720497131348
-1.7267169952392578 22.250118255615234 -3.9285311698913574
-1.5654606819152832 22.171592712402344 -3.922848701477051
-1.4050519466400146 22.084735870361328 -3.912867784500122
-1.256767988204956 22.188833236694336 -3.9363863468170166
-1.1002349853515625 22.15363121032715 -3.935394763946533
-0.9432312250137329 22.15969467163086 -3.942016124725342
-0.7930967807769775 22.280040740966797 -3.96807599067688
-0.6375775337219238 22.26524543762207 -3.967740774154663
-0.48220840096473694 22.253215789794922 -3.9680893421173096
-0.3263664245605469 22.182422637939453 -3.9581384658813477
-0.16915126144886017 22.16823959350586 -3.9585230350494385
-0.015014137141406536 22.257217407226562 -3.9749014377593994
0.14073039591312408 22.402978897094727 -4.000598907470703
0.2947610318660736 22.278488159179688 -3.978228807449341
0.451514333486557 22.364397048950195 -3.993622064590454
0.6056389212608337 22.314741134643555 -3.9845447540283203
0.7636462450027466 22.310588836669922 -3.980642080307007
0.9199066758155823 22.328472137451172 -3.9809153079986572
1.077569842338562 22.372156143188477 -3.985975503921509
1.2369109392166138 22.430078506469727 -3.993748903274536
1.3878052234649658 22.34136390686035 -3.9735641479492188
1.5573151111602783 22.497316360473633 -3.995358467102051
1.7243468761444092 22.62533187866211 -4.01240873336792
1.8530417680740356 22.26909065246582 -3.943824052810669
1.998639702796936 22.15351104736328 -3.918158769607544
2.1557037830352783 22.17157554626465 -3.9129772186279297
2.3081278800964355 22.111711502075195 -3.894068717956543
2.5234763622283936 22.64766502380371 -3.9802472591400146
2.696145534515381 22.757556915283203 -3.991495370864868
2.8487415313720703 22.694581985473633 -3.9710958003997803
3.0194785594940186 22.772056579589844 -3.973527431488037
3.1863415241241455 22.79071044921875 -3.9656262397766113
3.3848533630371094 23.040876388549805 -3.998255729675293
3.5371851921081543 22.965951919555664 -3.97456431388855
3.7087581157684326 23.015958786010742 -3.969802141189575
3.8968505859375 23.155851364135742 -3.980245351791382
4.065589427947998 23.172883987426758 -3.969658613204956
4.2460036277771 23.233680725097656 -3.966445207595825
4.430208683013916 23.324081420898438 -3.967411994934082
4.628856182098389 23.477611541748047 -3.977044105529785
0.0 0.0 0.0
4.980342388153076 23.530969619750977 -3.9535200595855713
5.160689353942871 23.55887222290039 -3.9418540000915527
5.331175804138184 23.552562713623047 -3.9222300052642822
5.5378618240356445 23.699020385742188 -3.927658796310425
5.759688854217529 23.896223068237305 -3.9413392543792725
5.899724006652832 23.750877380371094 -3.8986358642578125
6.140354633331299 23.9929256439209 -3.9181525707244873
6.34766149520874 24.10311508178711 -3.914529323577881
6.539651393890381 24.14826202392578 -3.900324821472168
6.756192207336426 24.277484893798828 -3.8996870517730713
6.921992301940918 24.21921730041504 -3.8689610958099365
7.182384967803955 24.474435806274414 -3.885312795639038
7.37938928604126 24.513517379760742 -3.8673698902130127
7.618487358093262 24.683866500854492 -3.8700027465820312
7.898582935333252 24.97373390197754 -3.891045093536377
0.0 0.0 0.0
8.302868843078613 25.03622817993164 -3.847769021987915
8.521346092224121 25.098901748657227 -3.8297767639160156
8.787514686584473 25.30316734313965 -3.8336455821990967
9.051492691040039 25.490564346313477 -3.8341989517211914
9.30201530456543 25.628345489501953 -3.824936866760254
9.569899559020996 25.803728103637695 -3.8209388256073
9.746271133422852 25.718692779541016 -3.7778356075286865
10.000003814697266 25.842796325683594 -3.7659339904785156
0.0 0.0 0.0
10.573202133178711 26.236276626586914 -3.757707357406616
0.0 0.0 0.0
11.222907066345215 26.760395050048828 -3.765078544616699
11.489880561828613 26.872493743896484 -3.7455101013183594
11.792110443115234 27.05661392211914 -3.7347278594970703
12.036113739013672 27.099700927734375 -3.7041513919830322
0.0 0.0 0.0
0.0 0.0 0.0
0.0 0.0 0.0
0.0 0.0 0.0
0.0 0.0 0.0
0.0 0.0 0.0
14.470946311950684 28.718713760375977 -3.634428024291992
14.788553237915039 28.83884048461914 -3.604337215423584
0.0 0.0 0.0
0.0 0.0 0.0
0.0 0.0 0.0
0.0 0.0 0.0
0.0 0.0 0.0
0.0 0.0 0.0
0.0 0.0 0.0
0.0 0.0 0.0
0.0 0.0 0.0
0.0 0.0 0.0
0.0 0.0 0.0
0.0 0.0 0.0
0.0 0.0 0.0
0.0 0.0 0.0
0.0 0.0 0.0
0.0 0.0 0.0
0.0 0.0 0.0
0.0 0.0 0.0
0.0 0.0 0.0
0.0 0.0 0.0
0.0 0.0 0.0
0.0 0.0 0.0
0.0 0.0 0.0
0.0 0.0 0.0
0.0 0.0 0.0
0.0 0.0 0.0
0.0 0.0 0.0
0.0 0.0 0.0
0.0 0.0 0.0
0.0 0.0 0.0
0.0 0.0 0.0
0.0 0.0 0.0
0.0 0.0 0.0
0.0 0.0 0.0
0.0 0.0 0.0
0.0 0.0 0.0
0.0 0.0 0.0
0.0 0.0 0.0
0.0 0.0 0.0
0.0 0.0 0.0
0.0 0.0 0.0
0.0 0.0 0.0
0.0 0.0 0.0
0.0 0.0 0.0
0.0 0.0 0.0
0.0 0.0 0.0
0.0 0.0 0.0
0.0 0.0 0.0
0.0 0.0 0.0
0.0 0.0 0.0
0.0 0.0 0.0
0.0 0.0 0.0
0.0 0.0 0.0
0.0 0.0 0.0
0.0 0.0 0.0
0.0 0.0 0.0
0.0 0.0 0.0
0.0 0.0 0.0
0.0 0.0 0.0
0.0 0.0 0.0
0.0 0.0 0.0
0.0 0.0 0.0
0.0 0.0 0.0
0.0 0.0 0.0
0.0 0.0 0.0
0.0 0.0 0.0
0.0 0.0 0.0
0.0 0.0 0.0
0.0 0.0 0.0
0.0 0.0 0.0
0.0 0.0 0.0
0.0 0.0 0.0
0.0 0.0 0.0
0.0 0.0 0.0
0.0 0.0 0.0
0.0 0.0 0.0
0.0 0.0 0.0
0.0 0.0 0.0
0.0 0.0 0.0
0.0 0.0 0.0
0.0 0.0 0.0
0.0 0.0 0.0
0.0 0.0 0.0
0.0 0.0 0.0
0.0 0.0 0.0
0.0 0.0 0.0
0.0 0.0 0.0
0.0 0.0 0.0
0.0 0.0 0.0
0.0 0.0 0.0
0.0 0.0 0.0
0.0 0.0 0.0
0.0 0.0 0.0
0.0 0.0 0.0
0.0 0.0 0.0
0.0 0.0 0.0
0.0 0.0 0.0
0.0 0.0 0.0
0.0 0.0 0.0
0.0 0.0 0.0
0.0 0.0 0.0
0.0 0.0 0.0
0.0 0.0 0.0
0.0 0.0 0.0
0.0 0.0 0.0
0.0 0.0 0.0
0.0 0.0 0.0
0.0 0.0 0.0
0.0 0.0 0.0
0.0 0.0 0.0
0.0 0.0 0.0
0.0 0.0 0.0
0.0 0.0 0.0
0.0 0.0 0.0
0.0 0.0 0.0
0.0 0.0 0.0
0.0 0.0 0.0
-5.401155948638916 141.66123962402344 26.53719139099121
0.0 0.0 0.0
0.0 0.0 0.0
0.0 0.0 0.0
0.0 0.0 0.0
0.0 0.0 0.0
0.0 0.0 0.0
0.0 0.0 0.0
0.0 0.0 0.0
0.0 0.0 0.0
0.0 0.0 0.0
0.0 0.0 0.0
0.0 0.0 0.0
0.0 0.0 0.0
0.0 0.0 0.0
0.0 0.0 0.0
0.0 0.0 0.0
0.0 0.0 0.0
0.0 0.0 0.0
0.0 0.0 0.0
0.0 0.0 0.0
0.0 0.0 0.0
0.0 0.0 0.0
0.0 0.0 0.0
0.0 0.0 0.0
0.0 0.0 0.0
0.0 0.0 0.0
0.0 0.0 0.0
0.0 0.0 0.0
0.0 0.0 0.0
0.0 0.0 0.0
0.0 0.0 0.0
0.0 0.0 0.0
0.0 0.0 0.0
0.0 0.0 0.0
0.0 0.0 0.0
0.0 0.0 0.0
0.0 0.0 0.0
0.0 0.0 0.0
0.0 0.0 0.0
0.0 0.0 0.0
0.0 0.0 0.0
0.0 0.0 0.0
0.0 0.0 0.0
0.0 0.0 0.0
0.0 0.0 0.0
0.0 0.0 0.0
0.0 0.0 0.0
0.0 0.0 0.0
0.0 0.0 0.0
0.0 0.0 0.0
0.0 0.0 0.0
0.0 0.0 0.0
0.0 0.0 0.0
0.0 0.0 0.0
0.0 0.0 0.0
0.0 0.0 0.0
0.0 0.0 0.0
0.0 0.0 0.0
0.0 0.0 0.0
0.0 0.0 0.0
0.0 0.0 0.0
0.0 0.0 0.0
0.0 0.0 0.0
0.0 0.0 0.0
0.0 0.0 0.0
0.0 0.0 0.0
0.0 0.0 0.0
0.0 0.0 0.0
0.0 0.0 0.0
0.0 0.0 0.0
0.0 0.0 0.0
0.0 0.0 0.0
0.0 0.0 0.0
0.0 0.0 0.0
0.0 0.0 0.0
0.0 0.0 0.0
0.0 0.0 0.0
0.0 0.0 0.0
0.0 0.0 0.0
0.0 0.0 0.0
0.0 0.0 0.0
0.0 0.0 0.0
0.0 0.0 0.0
0.0 0.0 0.0
0.0 0.0 0.0
0.0 0.0 0.0
0.0 0.0 0.0
0.0 0.0 0.0
0.0 0.0 0.0
0.0 0.0 0.0
0.0 0.0 0.0
0.0 0.0 0.0
0.0 0.0 0.0
0.0 0.0 0.0
0.0 0.0 0.0
0.0 0.0 0.0
0.0 0.0 0.0
0.0 0.0 0.0
0.0 0.0 0.0
0.0 0.0 0.0
0.0 0.0 0.0
0.0 0.0 0.0
0.0 0.0 0.0
0.0 0.0 0.0
0.0 0.0 0.0
0.0 0.0 0.0
0.0 0.0 0.0
0.0 0.0 0.0
0.0 0.0 0.0
0.0 0.0 0.0
-12.624762535095215 26.06006622314453 -3.195160150527954
0.0 0.0 0.0
0.0 0.0 0.0
0.0 0.0 0.0
0.0 0.0 0.0
0.0 0.0 0.0
0.0 0.0 0.0
0.0 0.0 0.0
0.0 0.0 0.0
0.0 0.0 0.0
-9.981959342956543 24.89994239807129 -3.4169459342956543
0.0 0.0 0.0
0.0 0.0 0.0
0.0 0.0 0.0
-9.005387306213379 24.418909072875977 -3.4774415493011475
0.0 0.0 0.0
0.0 0.0 0.0
0.0 0.0 0.0
-8.056672096252441 23.874675750732422 -3.514986276626587
-7.920835494995117 24.03310203552246 -3.5654513835906982
0.0 0.0 0.0
0.0 0.0 0.0
0.0 0.0 0.0
0.0 0.0 0.0
-6.842374801635742 23.481088638305664 -3.6097207069396973
-6.684469699859619 23.557899475097656 -3.6459057331085205
-6.462722301483154 23.394611358642578 -3.6445419788360596
-6.303509712219238 23.453510284423828 -3.6762771606445312
0.0 0.0 0.0
-5.858292579650879 23.074251174926758 -3.659464120864868
-5.7074360847473145 23.167259216308594 -3.6961708068847656
-5.533872127532959 23.15740966796875 -3.715876579284668
-5.335054397583008 23.033771514892578 -3.7147741317749023
-5.189560890197754 23.13820457458496 -3.7505881786346436
-4.987237930297852 22.985326766967773 -3.7447829246520996
-4.805971622467041 22.93321990966797 -3.755681037902832
-4.623898983001709 22.856861114501953 -3.760256290435791
-4.440030097961426 22.76022720336914 -3.760457754135132
-4.249721050262451 22.62051773071289 -3.7535364627838135
-4.123260974884033 22.82069969177246 -3.8032047748565674
-3.944620370864868 22.75102996826172 -3.8079304695129395
-3.7750542163848877 22.71043586730957 -3.814572334289551
-3.608060836791992 22.680009841918945 -3.8230371475219727
-3.449777364730835 22.701688766479492 -3.8404388427734375
-3.2747979164123535 22.607873916625977 -3.8384201526641846
-3.1279475688934326 22.707683563232422 -3.86755108833313
-2.938068151473999 22.50529670715332 -3.8442375659942627
-2.782961130142212 22.538105010986328 -3.8610095977783203
-2.627718210220337 22.56981086730957 -3.8777830600738525
-2.4487059116363525 22.386133193969727 -3.8575034141540527
-2.2992331981658936 22.465890884399414 -3.879621744155884
-2.1387698650360107 22.468217849731445 -3.8887250423431396
-1.9746570587158203 22.396337509155273 -3.8849916458129883
-1.8146305084228516 22.357789993286133 -3.8871657848358154
-1.6795952320098877 22.64847755432129 -3.945119619369507
-1.500412940979004 22.339637756347656 -3.8969264030456543
-1.3474249839782715 22.43675994873047 -3.919782876968384
-1.1909438371658325 22.440473556518555 -3.9264349937438965
-1.0381996631622314 22.51996421813965 -3.946547508239746
-0.8785496950149536 22.45284652709961 -3.9380075931549072
-0.7195531129837036 22.369279861450195 -3.926400899887085
-0.5601621866226196 22.33465576171875 -3.9236183166503906
-0.4070110023021698 22.456571578979492 -3.9484810829162598
-0.2506628930568695 22.45836639404297 -3.951291799545288
-0.09432089328765869 22.428714752197266 -3.94631028175354
0.061723433434963226 22.444141387939453 -3.949451446533203
0.21790309250354767 22.45078468322754 -3.9512388706207275
0.37771347165107727 22.506301879882812 -3.96183705329895
0.5326738357543945 22.4381160736084 -3.948233127593994
0.6907130479812622 22.499773025512695 -3.9567160606384277
0.8460158109664917 22.46419906616211 -3.9482879638671875
1.0032585859298706 22.481365203857422 -3.9493212699890137
1.176379919052124 22.747142791748047 -3.993649959564209
1.3280839920043945 22.628149032592773 -3.9676530361175537
1.484493374824524 22.604127883911133 -3.958529472351074
1.654855489730835 22.774765014648438 -3.983651876449585
1.8067600727081299 22.679420471191406 -3.9624180793762207
1.921234130859375 22.138442993164062 -3.8616278171539307
2.076859951019287 22.141529083251953 -3.85465145111084
2.229355812072754 22.112897872924805 -3.842348337173462
2.390810966491699 22.167390823364258 -3.8446507453918457
2.6267755031585693 22.86326026916504 -3.9581384658813477
2.8093111515045166 23.01453399658203 -3.9738047122955322
2.98018479347229 23.07686424255371 -3.9742870330810547
3.126929998397827 22.954811096191406 -3.943228006362915
3.3120014667510986 23.1101016998291 -3.9599740505218506
3.4707140922546387 23.073741912841797 -3.942652940750122
3.6663219928741455 23.272497177124023 -3.9636998176574707
3.823631763458252 23.203205108642578 -3.9389870166778564
4.001723289489746 23.273725509643555 -3.9383797645568848
4.184873104095459 23.36568832397461 -3.9414923191070557
4.358366012573242 23.396053314208984 -3.9314730167388916
4.547415733337402 23.500837326049805 -3.9335851669311523
4.739997863769531 23.599885940551758 -3.9345154762268066
4.9062581062316895 23.577133178710938 -3.9155046939849854
5.103323936462402 23.69659996032715 -3.919166088104248
0.0 0.0 0.0
5.517269134521484 23.991474151611328 -3.9316964149475098
5.6799468994140625 23.92173957824707 -3.9020915031433105
5.882018566131592 24.027687072753906 -3.9015798568725586
6.06975793838501 24.068803787231445 -3.887974500656128
6.301051616668701 24.272911071777344 -3.9001803398132324
6.493658542633057 24.3183536529541 -3.8868024349212646
6.732177734375 24.514183044433594 -3.8970065116882324
6.899374485015869 24.45612907409668 -3.8661305904388428
7.093356609344482 24.48979949951172 -3.8481576442718506
7.3541765213012695 24.74412727355957 -3.8646886348724365
7.566143035888672 24.822303771972656 -3.8534679412841797
7.842416286468506 25.089706420898438 -3.871007204055786
8.016702651977539 25.03566551208496 -3.836902379989624
0.0 0.0 0.0
8.48292064666748 25.275543212890625 -3.821704387664795
8.74801254272461 25.47658348083496 -3.8260326385498047
8.965919494628906 25.533235549926758 -3.8069183826446533
0.0 0.0 0.0
9.434252738952637 25.7092342376709 -3.7749500274658203
0.0 0.0 0.0
10.034564018249512 26.21461296081543 -3.789851427078247
10.271342277526855 26.282575607299805 -3.7676994800567627
10.53155517578125 26.394027709960938 -3.751011610031128
0.0 0.0 0.0
11.14468002319336 26.83799934387207 -3.7488327026367188
11.443585395812988 27.02564239501953 -3.739875316619873
11.689016342163086 27.078718185424805 -3.711937427520752
0.0 0.0 0.0
0.0 0.0 0.0
0.0 0.0 0.0
0.0 0.0 0.0
0.0 0.0 0.0
13.718486785888672 28.437166213989258 -3.6642675399780273
0.0 0.0 0.0
0.0 0.0 0.0
0.0 0.0 0.0
0.0 0.0 0.0
0.0 0.0 0.0
0.0 0.0 0.0
16.309833526611328 29.980030059814453 -3.540461540222168
0.0 0.0 0.0
0.0 0.0 0.0
0.0 0.0 0.0
0.0 0.0 0.0
0.0 0.0 0.0
0.0 0.0 0.0
0.0 0.0 0.0
0.0 0.0 0.0
0.0 0.0 0.0
0.0 0.0 0.0
0.0 0.0 0.0
0.0 0.0 0.0
0.0 0.0 0.0
0.0 0.0 0.0
0.0 0.0 0.0
0.0 0.0 0.0
0.0 0.0 0.0
0.0 0.0 0.0
0.0 0.0 0.0
0.0 0.0 0.0
0.0 0.0 0.0
0.0 0.0 0.0
0.0 0.0 0.0
0.0 0.0 0.0
0.0 0.0 0.0
0.0 0.0 0.0
0.0 0.0 0.0
0.0 0.0 0.0
0.0 0.0 0.0
0.0 0.0 0.0
0.0 0.0 0.0
0.0 0.0 0.0
0.0 0.0 0.0
0.0 0.0 0.0
0.0 0.0 0.0
0.0 0.0 0.0
0.0 0.0 0.0
0.0 0.0 0.0
0.0 0.0 0.0
0.0 0.0 0.0
0.0 0.0 0.0
0.0 0.0 0.0
0.0 0.0 0.0
0.0 0.0 0.0
0.0 0.0 0.0
0.0 0.0 0.0
0.0 0.0 0.0
0.0 0.0 0.0
0.0 0.0 0.0
0.0 0.0 0.0
0.0 0.0 0.0
0.0 0.0 0.0
0.0 0.0 0.0
0.0 0.0 0.0
0.0 0.0 0.0
0.0 0.0 0.0
0.0 0.0 0.0
0.0 0.0 0.0
0.0 0.0 0.0
0.0 0.0 0.0
0.0 0.0 0.0
0.0 0.0 0.0
0.0 0.0 0.0
0.0 0.0 0.0
0.0 0.0 0.0
0.0 0.0 0.0
0.0 0.0 0.0
0.0 0.0 0.0
0.0 0.0 0.0
0.0 0.0 0.0
0.0 0.0 0.0
0.0 0.0 0.0
0.0 0.0 0.0
0.0 0.0 0.0
0.0 0.0 0.0
0.0 0.0 0.0
0.0 0.0 0.0
0.0 0.0 0.0
0.0 0.0 0.0
0.0 0.0 0.0
0.0 0.0 0.0
0.0 0.0 0.0
0.0 0.0 0.0
0.0 0.0 0.0
0.0 0.0 0.0
0.0 0.0 0.0
0.0 0.0 0.0
0.0 0.0 0.0
0.0 0.0 0.0
0.0 0.0 0.0
0.0 0.0 0.0
0.0 0.0 0.0
0.0 0.0 0.0
0.0 0.0 0.0
0.0 0.0 0.0
0.0 0.0 0.0
0.0 0.0 0.0
0.0 0.0 0.0
0.0 0.0 0.0
0.0 0.0 0.0
0.0 0.0 0.0
0.0 0.0 0.0
0.0 0.0 0.0
0.0 0.0 0.0
0.0 0.0 0.0
0.0 0.0 0.0
0.0 0.0 0.0
0.0 0.0 0.0
0.0 0.0 0.0
0.0 0.0 0.0
0.0 0.0 0.0
0.0 0.0 0.0
0.0 0.0 0.0
0.0 0.0 0.0
0.0 0.0 0.0
0.0 0.0 0.0
0.0 0.0 0.0
0.0 0.0 0.0
0.0 0.0 0.0
0.0 0.0 0.0
0.0 0.0 0.0
0.0 0.0 0.0
0.0 0.0 0.0
0.0 0.0 0.0
0.0 0.0 0.0
0.0 0.0 0.0
0.0 0.0 0.0
0.0 0.0 0.0
0.0 0.0 0.0
0.0 0.0 0.0
0.0 0.0 0.0
0.0 0.0 0.0
0.0 0.0 0.0
0.0 0.0 0.0
0.0 0.0 0.0
0.0 0.0 0.0
0.0 0.0 0.0
0.0 0.0 0.0
0.0 0.0 0.0
0.0 0.0 0.0
0.0 0.0 0.0
0.0 0.0 0.0
0.0 0.0 0.0
0.0 0.0 0.0
0.0 0.0 0.0
0.0 0.0 0.0
0.0 0.0 0.0
0.0 0.0 0.0
0.0 0.0 0.0
0.0 0.0 0.0
0.0 0.0 0.0
0.0 0.0 0.0
0.0 0.0 0.0
0.0 0.0 0.0
0.0 0.0 0.0
0.0 0.0 0.0
0.0 0.0 0.0
0.0 0.0 0.0
0.0 0.0 0.0
0.0 0.0 0.0
0.0 0.0 0.0
0.0 0.0 0.0
0.0 0.0 0.0
0.0 0.0 0.0
0.0 0.0 0.0
0.0 0.0 0.0
0.0 0.0 0.0
0.0 0.0 0.0
0.0 0.0 0.0
0.0 0.0 0.0
0.0 0.0 0.0
0.0 0.0 0.0
0.0 0.0 0.0
0.0 0.0 0.0
0.0 0.0 0.0
0.0 0.0 0.0
0.0 0.0 0.0
0.0 0.0 0.0
0.0 0.0 0.0
0.0 0.0 0.0
0.0 0.0 0.0
0.0 0.0 0.0
0.0 0.0 0.0
0.0 0.0 0.0
0.0 0.0 0.0
0.0 0.0 0.0
0.0 0.0 0.0
0.0 0.0 0.0
0.0 0.0 0.0
0.0 0.0 0.0
0.0 0.0 0.0
0.0 0.0 0.0
0.0 0.0 0.0
0.0 0.0 0.0
0.0 0.0 0.0
0.0 0.0 0.0
0.0 0.0 0.0
0.0 0.0 0.0
0.0 0.0 0.0
0.0 0.0 0.0
0.0 0.0 0.0
0.0 0.0 0.0
0.0 0.0 0.0
0.0 0.0 0.0
0.0 0.0 0.0
0.0 0.0 0.0
0.0 0.0 0.0
0.0 0.0 0.0
0.0 0.0 0.0
0.0 0.0 0.0
0.0 0.0 0.0
0.0 0.0 0.0
0.0 0.0 0.0
0.0 0.0 0.0
0.0 0.0 0.0
0.0 0.0 0.0
-15.867371559143066 27.874582290649414 -2.920109748840332
0.0 0.0 0.0
0.0 0.0 0.0
0.0 0.0 0.0
0.0 0.0 0.0
0.0 0.0 0.0
0.0 0.0 0.0
0.0 0.0 0.0
0.0 0.0 0.0
0.0 0.0 0.0
0.0 0.0 0.0
0.0 0.0 0.0
0.0 0.0 0.0
0.0 0.0 0.0
0.0 0.0 0.0
0.0 0.0 0.0
0.0 0.0 0.0
0.0 0.0 0.0
0.0 0.0 0.0
0.0 0.0 0.0
0.0 0.0 0.0
0.0 0.0 0.0
-9.32564926147461 24.495670318603516 -3.3945350646972656
0.0 0.0 0.0
0.0 0.0 0.0
0.0 0.0 0.0
0.0 0.0 0.0
0.0 0.0 0.0
0.0 0.0 0.0
0.0 0.0 0.0
0.0 0.0 0.0
-7.46275520324707 24.040523529052734 -3.5820255279541016
0.0 0.0 0.0
0.0 0.0 0.0
-6.8141326904296875 23.699716567993164 -3.6042866706848145
-6.5942535400390625 23.5526180267334 -3.6055173873901367
-6.44271183013916 23.642305374145508 -3.6408934593200684
0.0 0.0 0.0
-6.032697677612305 23.42655372619629 -3.651263952255249
0.0 0.0 0.0
0.0 0.0 0.0
-5.511383533477783 23.41551971435547 -3.7102608680725098
-5.275074481964111 23.14531898498535 -3.686917304992676
-5.123091220855713 23.222959518432617 -3.7186026573181152
-4.936941146850586 23.14504623413086 -3.7246241569519043
0.0 0.0 0.0
-4.559617519378662 22.93621063232422 -3.723942518234253
0.0 0.0 0.0
-4.238615036010742 23.00640869140625 -3.7692370414733887
-4.036034107208252 22.796964645385742 -3.749385356903076
-3.887143611907959 22.882427215576172 -3.777465343475342
-3.71186900138855 22.810884475708008 -3.7797889709472656
-3.533700704574585 22.730804443359375 -3.781020164489746
-3.3688182830810547 22.710115432739258 -3.791152000427246
-3.2226271629333496 22.818368911743164 -3.820613384246826
-3.0522167682647705 22.753780364990234 -3.821308135986328
-2.8817107677459717 22.68031120300293 -3.820621967315674
-2.7258684635162354 22.71649169921875 -3.8385415077209473
-2.5530052185058594 22.6297550201416 -3.833756446838379
-2.3931686878204346 22.62591552734375 -3.8419134616851807
-2.2405028343200684 22.68992042541504 -3.861778497695923
-2.074397087097168 22.61482048034668 -3.8581392765045166
-1.9111852645874023 22.56161117553711 -3.8580424785614014
-1.755301833152771 22.623096466064453 -3.8747003078460693
-1.5994725227355957 22.65643882751465 -3.886643171310425
-1.4393532276153564 22.627222061157227 -3.888038158416748
-1.2799359560012817 22.60072135925293 -3.8900671005249023
-1.1187454462051392 22.527244567871094 -3.8824639320373535
-0.9618759155273438 22.59916877746582 -3.89850115776062
-0.8064059019088745 22.65451431274414 -3.9118223190307617
-0.6478273868560791 22.6318359375 -3.9118683338165283
-0.4897019565105438 22.604198455810547 -3.911231756210327
-0.3328233063220978 22.637582778930664 -3.9180920124053955
-0.17253148555755615 22.639158248901367 -3.9193344116210938
-0.015152226202189922 22.65499496459961 -3.923220634460449
0.14199130237102509 22.569665908813477 -3.9097743034362793
0.30115237832069397 22.725889205932617 -3.9373056888580322
0.4599655866622925 22.76593589782715 -3.942564010620117
0.6201860904693604 22.83565330505371 -3.95314359664917
0.7763037085533142 22.66948699951172 -3.923062801361084
0.9411553144454956 22.840816497802734 -3.95160174369812
1.096117615699768 22.753751754760742 -3.9331471920013428
1.2551811933517456 22.761892318725586 -3.930351734161377
1.419423222541809 22.849611282348633 -3.941466808319092
1.5837175846099854 22.87836456298828 -3.9425134658813477
1.7416152954101562 22.852455139160156 -3.9339840412139893
1.8994289636611938 22.825960159301758 -3.922419548034668
1.9969229698181152 22.13495445251465 -3.797069787979126
2.1502859592437744 22.114328384399414 -3.7871005535125732
2.307713508605957 22.107704162597656 -3.779606342315674
2.573631763458252 23.099536895751953 -3.9410171508789062
2.742401361465454 23.148160934448242 -3.9396746158599854
2.9223427772521973 23.279659271240234 -3.9525513648986816
3.091268539428711 23.310476303100586 -3.9484341144561768
3.27103590965271 23.39313316345215 -3.9530723094940186
3.428859233856201 23.33810806274414 -3.931663751602173
3.593463182449341 23.32768440246582 -3.917802333831787
3.8137054443359375 23.6623592376709 -3.9619150161743164
3.956897258758545 23.50863265991211 -3.9243266582489014
4.1407012939453125 23.59722900390625 -3.926175355911255
4.306027889251709 23.559097290039062 -3.9048194885253906
4.494840145111084 23.660429000854492 -3.9069504737854004
4.675573825836182 23.711101531982422 -3.90077805519104
4.864954948425293 23.79819107055664 -3.9006667137145996
5.0445942878723145 23.831377029418945 -3.8892436027526855
5.274232864379883 24.073726654052734 -3.911097764968872
5.438886642456055 24.024917602539062 -3.8859667778015137
5.619110107421875 24.04256248474121 -3.8717269897460938
5.876533031463623 24.377981185913086 -3.9075822830200195
6.040432453155518 24.3142147064209 -3.877354621887207
6.233578681945801 24.353334426879883 -3.8633251190185547
6.445165157318115 24.47008514404297 -3.861967086791992
6.65666389465332 24.57762908935547 -3.859097719192505
6.878277778625488 24.71353530883789 -3.858366012573242
7.119255065917969 24.90702247619629 -3.866032123565674
7.269352912902832 24.767614364624023 -3.821714162826538
7.494043827056885 24.890811920166016 -3.818411350250244
7.702363014221191 24.953229904174805 -3.8046085834503174
7.976115703582764 25.216901779174805 -3.819671630859375
8.175270080566406 25.23524284362793 -3.7973787784576416
0.0 0.0 0.0
0.0 0.0 0.0
8.929533958435059 25.711429595947266 -3.7897067070007324
9.223944664001465 25.97429847717285 -3.800225257873535
9.415701866149902 25.939620971679688 -3.7669901847839355
9.693360328674316 26.13584327697754 -3.767197370529175
0.0 0.0 0.0
10.226653099060059 26.42963218688965 -3.747793674468994
10.581549644470215 26.791467666625977 -3.7677526473999023
10.720645904541016 26.599905014038086 -3.7096784114837646
11.020522117614746 26.80575180053711 -3.7060813903808594
11.309585571289062 26.96457862854004 -3.693540096282959
0.0 0.0 0.0
11.907659530639648 27.319488525390625 -3.673492670059204
12.37270736694336 27.858051300048828 -3.7103681564331055
0.0 0.0 0.0
0.0 0.0 0.0
13.193085670471191 28.09955596923828 -3.628235101699829
13.550711631774902 28.34869956970215 -3.6217687129974365
13.991386413574219 28.754684448242188 -3.6321964263916016
0.0 0.0 0.0
14.54228401184082 28.859079360961914 -3.5619380474090576
0.0 0.0 0.0
0.0 0.0 0.0
0.0 0.0 0.0
0.0 0.0 0.0
16.431747436523438 29.962371826171875 -3.466324806213379
0.0 0.0 0.0
0.0 0.0 0.0
0.0 0.0 0.0
0.0 0.0 0.0
0.0 0.0 0.0
0.0 0.0 0.0
0.0 0.0 0.0
0.0 0.0 0.0
0.0 0.0 0.0
0.0 0.0 0.0
0.0 0.0 0.0
0.0 0.0 0.0
0.0 0.0 0.0
0.0 0.0 0.0
0.0 0.0 0.0
0.0 0.0 0.0
0.0 0.0 0.0
0.0 0.0 0.0
0.0 0.0 0.0
0.0 0.0 0.0
0.0 0.0 0.0
0.0 0.0 0.0
0.0 0.0 0.0
0.0 0.0 0.0
0.0 0.0 0.0
0.0 0.0 0.0
0.0 0.0 0.0
0.0 0.0 0.0
0.0 0.0 0.0
0.0 0.0 0.0
0.0 0.0 0.0
0.0 0.0 0.0
0.0 0.0 0.0
0.0 0.0 0.0
0.0 0.0 0.0
0.0 0.0 0.0
0.0 0.0 0.0
0.0 0.0 0.0
0.0 0.0 0.0
0.0 0.0 0.0
0.0 0.0 0.0
0.0 0.0 0.0
0.0 0.0 0.0
0.0 0.0 0.0
0.0 0.0 0.0
0.0 0.0 0.0
0.0 0.0 0.0
0.0 0.0 0.0
0.0 0.0 0.0
0.0 0.0 0.0
0.0 0.0 0.0
0.0 0.0 0.0
0.0 0.0 0.0
0.0 0.0 0.0
0.0 0.0 0.0
0.0 0.0 0.0
0.0 0.0 0.0
0.0 0.0 0.0
0.0 0.0 0.0
0.0 0.0 0.0
0.0 0.0 0.0
0.0 0.0 0.0
0.0 0.0 0.0
0.0 0.0 0.0
0.0 0.0 0.0
0.0 0.0 0.0
0.0 0.0 0.0
0.0 0.0 0.0
0.0 0.0 0.0
0.0 0.0 0.0
0.0 0.0 0.0
0.0 0.0 0.0
0.0 0.0 0.0
0.0 0.0 0.0
0.0 0.0 0.0
49.44827651977539 213.83216857910156 37.526302337646484
0.0 0.0 0.0
0.0 0.0 0.0
0.0 0.0 0.0
0.0 0.0 0.0
0.0 0.0 0.0
0.0 0.0 0.0
0.0 0.0 0.0
0.0 0.0 0.0
0.0 0.0 0.0
0.0 0.0 0.0
0.0 0.0 0.0
0.0 0.0 0.0
0.0 0.0 0.0
0.0 0.0 0.0
0.0 0.0 0.0
0.0 0.0 0.0
0.0 0.0 0.0
0.0 0.0 0.0
0.0 0.0 0.0
0.0 0.0 0.0
0.0 0.0 0.0
0.0 0.0 0.0
0.0 0.0 0.0
0.0 0.0 0.0
0.0 0.0 0.0
0.0 0.0 0.0
0.0 0.0 0.0
0.0 0.0 0.0
0.0 0.0 0.0
0.0 0.0 0.0
0.0 0.0 0.0
0.0 0.0 0.0
0.0 0.0 0.0
0.0 0.0 0.0
0.0 0.0 0.0
0.0 0.0 0.0
0.0 0.0 0.0
0.0 0.0 0.0
0.0 0.0 0.0
0.0 0.0 0.0
0.0 0.0 0.0
0.0 0.0 0.0
0.0 0.0 0.0
0.0 0.0 0.0
0.0 0.0 0.0
0.0 0.0 0.0
0.0 0.0 0.0
0.0 0.0 0.0
0.0 0.0 0.0
0.0 0.0 0.0
0.0 0.0 0.0
0.0 0.0 0.0
0.0 0.0 0.0
0.0 0.0 0.0
0.0 0.0 0.0
0.0 0.0 0.0
0.0 0.0 0.0
0.0 0.0 0.0
0.0 0.0 0.0
0.0 0.0 0.0
0.0 0.0 0.0
0.0 0.0 0.0
0.0 0.0 0.0
0.0 0.0 0.0
0.0 0.0 0.0
0.0 0.0 0.0
0.0 0.0 0.0
0.0 0.0 0.0
0.0 0.0 0.0
0.0 0.0 0.0
0.0 0.0 0.0
0.0 0.0 0.0
0.0 0.0 0.0
0.0 0.0 0.0
0.0 0.0 0.0
0.0 0.0 0.0
0.0 0.0 0.0
0.0 0.0 0.0
0.0 0.0 0.0
0.0 0.0 0.0
0.0 0.0 0.0
0.0 0.0 0.0
0.0 0.0 0.0
0.0 0.0 0.0
0.0 0.0 0.0
0.0 0.0 0.0
0.0 0.0 0.0
0.0 0.0 0.0
0.0 0.0 0.0
0.0 0.0 0.0
0.0 0.0 0.0
0.0 0.0 0.0
0.0 0.0 0.0
0.0 0.0 0.0
0.0 0.0 0.0
0.0 0.0 0.0
0.0 0.0 0.0
0.0 0.0 0.0
0.0 0.0 0.0
0.0 0.0 0.0
0.0 0.0 0.0
0.0 0.0 0.0
0.0 0.0 0.0
0.0 0.0 0.0
0.0 0.0 0.0
0.0 0.0 0.0
0.0 0.0 0.0
0.0 0.0 0.0
0.0 0.0 0.0
0.0 0.0 0.0
0.0 0.0 0.0
0.0 0.0 0.0
0.0 0.0 0.0
0.0 0.0 0.0
0.0 0.0 0.0
0.0 0.0 0.0
0.0 0.0 0.0
0.0 0.0 0.0
0.0 0.0 0.0
0.0 0.0 0.0
0.0 0.0 0.0
0.0 0.0 0.0
0.0 0.0 0.0
0.0 0.0 0.0
0.0 0.0 0.0
0.0 0.0 0.0
0.0 0.0 0.0
0.0 0.0 0.0
0.0 0.0 0.0
-19.83029556274414 30.001157760620117 -2.5196447372436523
0.0 0.0 0.0
0.0 0.0 0.0
0.0 0.0 0.0
0.0 0.0 0.0
0.0 0.0 0.0
0.0 0.0 0.0
0.0 0.0 0.0
0.0 0.0 0.0
0.0 0.0 0.0
0.0 0.0 0.0
0.0 0.0 0.0
0.0 0.0 0.0
0.0 0.0 0.0
0.0 0.0 0.0
-14.110161781311035 27.161632537841797 -3.0712196826934814
0.0 0.0 0.0
0.0 0.0 0.0
0.0 0.0 0.0
0.0 0.0 0.0
0.0 0.0 0.0
0.0 0.0 0.0
0.0 0.0 0.0
0.0 0.0 0.0
0.0 0.0 0.0
0.0 0.0 0.0
0.0 0.0 0.0
0.0 0.0 0.0
0.0 0.0 0.0
0.0 0.0 0.0
0.0 0.0 0.0
0.0 0.0 0.0
0.0 0.0 0.0
0.0 0.0 0.0
0.0 0.0 0.0
0.0 0.0 0.0
0.0 0.0 0.0
0.0 0.0 0.0
-8.122416496276855 24.64531707763672 -3.553086519241333
0.0 0.0 0.0
-7.555018901824951 24.046037673950195 -3.517458915710449
-7.351045608520508 23.97915267944336 -3.53218936920166
0.0 0.0 0.0
-6.974765300750732 23.93701171875 -3.5752158164978027
-6.7488837242126465 23.78837776184082 -3.5755646228790283
0.0 0.0 0.0
0.0 0.0 0.0
-6.1728901863098145 23.624021530151367 -3.6167359352111816
0.0 0.0 0.0
-5.7841362953186035 23.47943878173828 -3.6352555751800537
0.0 0.0 0.0
-5.413146018981934 23.369667053222656 -3.6574740409851074
-5.251187801361084 23.41057777404785 -3.6837003231048584
-5.072347640991211 23.375383377075195 -3.695136547088623
-4.878796100616455 23.278919219970703 -3.69718337059021
-4.701294898986816 23.237119674682617 -3.7076385021209717
-4.523135662078857 23.1864070892334 -3.7167410850524902
-4.328761100769043 23.043581008911133 -3.709613084793091
-4.168094158172607 23.0701961517334 -3.7281370162963867
-4.00676965713501 23.111366271972656 -3.7494850158691406
-3.8703384399414062 23.28408432006836 -3.792182445526123
-3.636990785598755 22.861879348754883 -3.737997055053711
-3.476243495941162 22.876527786254883 -3.7522988319396973
-3.3332788944244385 23.012161254882812 -3.78642201423645
-3.1586034297943115 22.92919158935547 -3.7847654819488525
-2.995793342590332 22.948455810546875 -3.800339460372925
-2.81408429145813 22.790462493896484 -3.7853245735168457
-2.659519910812378 22.845808029174805 -3.803778886795044
-2.4994754791259766 22.854103088378906 -3.8145864009857178
-2.340829372406006 22.876623153686523 -3.8279640674591064
-2.1701083183288574 22.802371978759766 -3.8254709243774414
-2.009824275970459 22.79998779296875 -3.832416534423828
-1.8432344198226929 22.715970993041992 -3.8249642848968506
-1.686741590499878 22.74984359741211 -3.837526559829712
-1.5254791975021362 22.717294692993164 -3.839064836502075
-1.3714429140090942 22.84146499633789 -3.8668932914733887
-1.2121227979660034 22.841846466064453 -3.8709967136383057
-1.0516225099563599 22.814184188842773 -3.8705270290374756
-0.8882529139518738 22.700733184814453 -3.8556618690490723
-0.7379029393196106 22.94024085998535 -3.90095591545105
-0.576085090637207 22.967363357543945 -3.90854811668396
-0.41579967737197876 22.947372436523438 -3.9066355228424072
-0.25496116280555725 22.849252700805664 -3.8916027545928955
-0.09604213386774063 22.877086639404297 -3.8982057571411133
0.06274941563606262 22.788293838500977 -3.8851163387298584
0.22285188734531403 22.941492080688477 -3.910398006439209
0.38309645652770996 22.80864906311035 -3.886809825897217
0.5404683947563171 22.755599975585938 -3.877032995223999
0.7030973434448242 22.890064239501953 -3.8993892669677734
0.8621917963027954 22.8850154876709 -3.897106409072876
1.027040719985962 23.006216049194336 -3.9140191078186035
1.1890486478805542 22.983802795410156 -3.9066102504730225
1.3505003452301025 23.002689361572266 -3.906470775604248
1.5140396356582642 23.04734230041504 -3.9108853340148926
1.671616554260254 22.999025344848633 -3.8973262310028076
1.8450555801391602 23.157154083251953 -3.917821168899536
1.9165070056915283 22.078031539916992 -3.7293121814727783
2.0826828479766846 22.19971466064453 -3.7441799640655518
2.2341740131378174 22.155366897583008 -3.730942487716675
2.377985715866089 22.045324325561523 -3.7040932178497314
2.6824281215667725 23.343017578125 -3.9134936332702637
2.842522382736206 23.283294677734375 -3.8949060440063477
3.0313801765441895 23.471206665039062 -3.9180123805999756
3.1983156204223633 23.478445053100586 -3.909423828125
3.3880598545074463 23.641193389892578 -3.925079345703125
3.5372204780578613 23.51655387878418 -3.893172025680542
3.7130043506622314 23.569950103759766 -3.8909409046173096
3.8956751823425293 23.64063835144043 -3.891486406326294
4.080063343048096 23.72980308532715 -3.892569065093994
4.265326499938965 23.813783645629883 -3.8925702571868896
4.442067623138428 23.84325408935547 -3.8837549686431885
4.650938510894775 24.03427505493164 -3.9012861251831055
4.806972503662109 23.931982040405273 -3.8699893951416016
4.98410177230835 23.950395584106445 -3.8566153049468994
5.1934051513671875 24.1146297454834 -3.8667421340942383
5.411109447479248 24.30350685119629 -3.880728006362915
5.549514293670654 24.13316535949707 -3.837484121322632
5.784315586090088 24.363658905029297 -3.8553214073181152
5.989624500274658 24.46901512145996 -3.852940082550049
6.204237937927246 24.602659225463867 -3.8549585342407227
6.389951229095459 24.614887237548828 -3.8379669189453125
6.613936424255371 24.767683029174805 -3.8420491218566895
6.807811737060547 24.78765106201172 -3.8231964111328125
7.075989723205566 25.078350067138672 -3.846306800842285
7.242978572845459 25.002817153930664 -3.8131954669952393
7.475529193878174 25.148408889770508 -3.8138315677642822
7.640124320983887 25.06316375732422 -3.777282476425171
7.921322345733643 25.341327667236328 -3.7945902347564697
8.139001846313477 25.415117263793945 -3.781446933746338
8.326753616333008 25.391538619995117 -3.753854990005493
8.610125541687012 25.65294647216797 -3.767174243927002
8.894278526306152 25.9007568359375 -3.7765984535217285
0.0 0.0 0.0
9.36752986907959 26.081254959106445 -3.7483339309692383
0.0 0.0 0.0
9.930997848510742 26.487228393554688 -3.7492921352386475
10.157042503356934 26.527172088623047 -3.72512149810791
0.0 0.0 0.0
10.746099472045898 26.92768669128418 -3.7203996181488037
10.968233108520508 26.939979553222656 -3.689997434616089
11.31799602508545 27.254539489746094 -3.7000997066497803
0.0 0.0 0.0
0.0 0.0 0.0
0.0 0.0 0.0
0.0 0.0 0.0
0.0 0.0 0.0
0.0 0.0 0.0
13.462291717529297 28.41916847229004 -3.603945255279541
0.0 0.0 0.0
14.17977523803711 28.878982543945312 -3.581341028213501
14.476777076721191 28.97224998474121 -3.552520990371704
0.0 0.0 0.0
0.0 0.0 0.0
0.0 0.0 0.0
0.0 0.0 0.0
0.0 0.0 0.0
0.0 0.0 0.0
0.0 0.0 0.0
0.0 0.0 0.0
18.11935806274414 31.199787139892578 -3.3875205516815186
18.74831199645996 31.771780014038086 -3.3949406147003174
0.0 0.0 0.0
0.0 0.0 0.0
0.0 0.0 0.0
0.0 0.0 0.0
0.0 0.0 0.0
0.0 0.0 0.0
0.0 0.0 0.0
0.0 0.0 0.0
0.0 0.0 0.0
0.0 0.0 0.0
0.0 0.0 0.0
0.0 0.0 0.0
0.0 0.0 0.0
0.0 0.0 0.0
0.0 0.0 0.0
0.0 0.0 0.0
0.0 0.0 0.0
0.0 0.0 0.0
0.0 0.0 0.0
0.0 0.0 0.0
0.0 0.0 0.0
0.0 0.0 0.0
0.0 0.0 0.0
0.0 0.0 0.0
0.0 0.0 0.0
0.0 0.0 0.0
0.0 0.0 0.0
0.0 0.0 0.0
0.0 0.0 0.0
0.0 0.0 0.0
0.0 0.0 0.0
0.0 0.0 0.0
0.0 0.0 0.0
0.0 0.0 0.0
0.0 0.0 0.0
0.0 0.0 0.0
0.0 0.0 0.0
0.0 0.0 0.0
0.0 0.0 0.0
0.0 0.0 0.0
0.0 0.0 0.0
0.0 0.0 0.0
0.0 0.0 0.0
0.0 0.0 0.0
0.0 0.0 0.0
0.0 0.0 0.0
0.0 0.0 0.0
0.0 0.0 0.0
0.0 0.0 0.0
0.0 0.0 0.0
0.0 0.0 0.0
0.0 0.0 0.0
0.0 0.0 0.0
0.0 0.0 0.0
0.0 0.0 0.0
0.0 0.0 0.0
0.0 0.0 0.0
0.0 0.0 0.0
0.0 0.0 0.0
0.0 0.0 0.0
0.0 0.0 0.0
0.0 0.0 0.0
0.0 0.0 0.0
0.0 0.0 0.0
0.0 0.0 0.0
0.0 0.0 0.0
0.0 0.0 0.0
0.0 0.0 0.0
0.0 0.0 0.0
0.0 0.0 0.0
0.0 0.0 0.0
0.0 0.0 0.0
0.0 0.0 0.0
0.0 0.0 0.0
0.0 0.0 0.0
0.0 0.0 0.0
0.0 0.0 0.0
0.0 0.0 0.0
0.0 0.0 0.0
0.0 0.0 0.0
0.0 0.0 0.0
0.0 0.0 0.0
0.0 0.0 0.0
0.0 0.0 0.0
0.0 0.0 0.0
0.0 0.0 0.0
0.0 0.0 0.0
0.0 0.0 0.0
0.0 0.0 0.0
0.0 0.0 0.0
0.0 0.0 0.0
0.0 0.0 0.0
0.0 0.0 0.0
0.0 0.0 0.0
0.0 0.0 0.0
0.0 0.0 0.0
0.0 0.0 0.0
0.0 0.0 0.0
0.0 0.0 0.0
0.0 0.0 0.0
0.0 0.0 0.0
0.0 0.0 0.0
0.0 0.0 0.0
0.0 0.0 0.0
0.0 0.0 0.0
0.0 0.0 0.0
0.0 0.0 0.0
0.0 0.0 0.0
0.0 0.0 0.0
0.0 0.0 0.0
0.0 0.0 0.0
0.0 0.0 0.0
0.0 0.0 0.0
0.0 0.0 0.0
0.0 0.0 0.0
0.0 0.0 0.0
0.0 0.0 0.0
0.0 0.0 0.0
0.0 0.0 0.0
0.0 0.0 0.0
0.0 0.0 0.0
0.0 0.0 0.0
0.0 0.0 0.0
0.0 0.0 0.0
0.0 0.0 0.0
0.0 0.0 0.0
0.0 0.0 0.0
0.0 0.0 0.0
0.0 0.0 0.0
0.0 0.0 0.0
0.0 0.0 0.0
0.0 0.0 0.0
0.0 0.0 0.0
0.0 0.0 0.0
0.0 0.0 0.0
0.0 0.0 0.0
0.0 0.0 0.0
0.0 0.0 0.0
0.0 0.0 0.0
0.0 0.0 0.0
0.0 0.0 0.0
0.0 0.0 0.0
0.0 0.0 0.0
0.0 0.0 0.0
0.0 0.0 0.0
0.0 0.0 0.0
0.0 0.0 0.0
0.0 0.0 0.0
0.0 0.0 0.0
0.0 0.0 0.0
0.0 0.0 0.0
0.0 0.0 0.0
0.0 0.0 0.0
0.0 0.0 0.0
0.0 0.0 0.0
0.0 0.0 0.0
0.0 0.0 0.0
0.0 0.0 0.0
0.0 0.0 0.0
0.0 0.0 0.0
0.0 0.0 0.0
0.0 0.0 0.0
0.0 0.0 0.0
0.0 0.0 0.0
0.0 0.0 0.0
0.0 0.0 0.0
0.0 0.0 0.0
0.0 0.0 0.0
0.0 0.0 0.0
0.0 0.0 0.0
0.0 0.0 0.0
0.0 0.0 0.0
0.0 0.0 0.0
0.0 0.0 0.0
0.0 0.0 0.0
0.0 0.0 0.0
0.0 0.0 0.0
0.0 0.0 0.0
0.0 0.0 0.0
0.0 0.0 0.0
0.0 0.0 0.0
0.0 0.0 0.0
0.0 0.0 0.0
0.0 0.0 0.0
0.0 0.0 0.0
0.0 0.0 0.0
0.0 0.0 0.0
0.0 0.0 0.0
0.0 0.0 0.0
0.0 0.0 0.0
0.0 0.0 0.0
0.0 0.0 0.0
0.0 0.0 0.0
0.0 0.0 0.0
0.0 0.0 0.0
0.0 0.0 0.0
0.0 0.0 0.0
0.0 0.0 0.0
0.0 0.0 0.0
0.0 0.0 0.0
0.0 0.0 0.0
0.0 0.0 0.0
0.0 0.0 0.0
0.0 0.0 0.0
0.0 0.0 0.0
0.0 0.0 0.0
0.0 0.0 0.0
0.0 0.0 0.0
0.0 0.0 0.0
0.0 0.0 0.0
0.0 0.0 0.0
0.0 0.0 0.0
0.0 0.0 0.0
0.0 0.0 0.0
0.0 0.0 0.0
0.0 0.0 0.0
-14.478312492370605 27.639432907104492 -3.0595040321350098
0.0 0.0 0.0
0.0 0.0 0.0
0.0 0.0 0.0
0.0 0.0 0.0
0.0 0.0 0.0
0.0 0.0 0.0
0.0 0.0 0.0
0.0 0.0 0.0
0.0 0.0 0.0
0.0 0.0 0.0
0.0 0.0 0.0
0.0 0.0 0.0
0.0 0.0 0.0
0.0 0.0 0.0
0.0 0.0 0.0
0.0 0.0 0.0
0.0 0.0 0.0
0.0 0.0 0.0
0.0 0.0 0.0
0.0 0.0 0.0
-8.638566017150879 24.747453689575195 -3.4467544555664062
0.0 0.0 0.0
0.0 0.0 0.0
0.0 0.0 0.0
0.0 0.0 0.0
0.0 0.0 0.0
0.0 0.0 0.0
0.0 0.0 0.0
-6.885380744934082 23.94447135925293 -3.533257007598877
-6.700671672821045 23.928312301635742 -3.553215265274048
0.0 0.0 0.0
-6.297220230102539 23.769216537475586 -3.5742669105529785
-6.084478378295898 23.629154205322266 -3.5728812217712402
-5.919191360473633 23.66722869873047 -3.5984342098236084
-5.737982273101807 23.640331268310547 -3.6142525672912598
-5.591253280639648 23.754913330078125 -3.651869297027588
-5.378952980041504 23.602108001708984 -3.6470069885253906
-5.16802978515625 23.428211212158203 -3.637446641921997
-4.999271392822266 23.437620162963867 -3.6563544273376465
-4.8547821044921875 23.563032150268555 -3.693591833114624
-4.6634931564331055 23.46041488647461 -3.6948678493499756
-4.4676833152771 23.338199615478516 -3.690589427947998
-4.297086715698242 23.32400131225586 -3.7031805515289307
-4.114607810974121 23.24018669128418 -3.7048189640045166
-3.94966197013855 23.25008201599121 -3.721496343612671
0.0 0.0 0.0
-3.6000382900238037 23.156919479370117 -3.7325477600097656
-3.432239294052124 23.136911392211914 -3.741760492324829
-3.2665116786956787 23.12714385986328 -3.752772092819214
-3.0985214710235596 23.097078323364258 -3.7606287002563477
-2.91843843460083 22.966840744018555 -3.7491378784179688
-2.78763484954834 23.22955322265625 -3.8019845485687256
-2.6068174839019775 23.104846954345703 -3.791826009750366
-2.435547113418579 23.02451515197754 -3.7888569831848145
-2.2644097805023193 22.931631088256836 -3.7826242446899414
-2.107125759124756 22.972145080566406 -3.7965502738952637
-1.9532908201217651 23.057659149169922 -3.818129301071167
-1.7815572023391724 22.96172523498535 -3.809968948364258
-1.6266131401062012 23.045047760009766 -3.831604242324829
-1.4626193046569824 22.99696159362793 -3.8289520740509033
-1.3069677352905273 23.086339950561523 -3.848656177520752
-1.1381033658981323 22.928356170654297 -3.8272838592529297
-0.9790623188018799 23.011770248413086 -3.846465826034546
-0.8172839879989624 22.970870971679688 -3.844419240951538
-0.6602507829666138 23.071800231933594 -3.863387107849121
-0.496931254863739 22.944400787353516 -3.844304084777832
-0.3389270007610321 23.0546817779541 -3.8652288913726807
-0.1760668158531189 23.117652893066406 -3.8784778118133545
-0.015362609177827835 23.2645320892334 -3.9041011333465576
0.14475269615650177 22.990650177001953 -3.8576788902282715
0.3050900101661682 23.019990921020508 -3.8623273372650146
0.4649083912372589 23.00199317932129 -3.859219551086426
0.6288859844207764 23.144630432128906 -3.8832504749298096
0.7918885946273804 23.113245010375977 -3.8751368522644043
0.9610100984573364 23.31184959411621 -3.9054176807403564
1.1138302087783813 23.11284637451172 -3.8692736625671387
1.279845118522644 23.20136833190918 -3.881462574005127
1.4463282823562622 23.273460388183594 -3.890174150466919
1.6005148887634277 23.110105514526367 -3.857111692428589
1.7869945764541626 23.437734603881836 -3.9062464237213135
1.9367396831512451 23.264650344848633 -3.8720695972442627
2.0103695392608643 22.273069381713867 -3.7021067142486572
2.170828342437744 22.31756591796875 -3.7027530670166016
2.3313446044921875 22.326311111450195 -3.696364402770996
2.6138899326324463 23.452817916870117 -3.8749630451202393
2.793562650680542 23.573591232299805 -3.887138843536377
2.968595027923584 23.643320083618164 -3.8909213542938232
3.131162643432617 23.609050750732422 -3.8746206760406494
3.308518409729004 23.6611270904541 -3.8724732398986816
3.497363567352295 23.80382537841797 -3.8854241371154785
3.66721773147583 23.807836532592773 -3.875843048095703
3.8365988731384277 23.80706024169922 -3.864238977432251
4.009562015533447 23.824352264404297 -3.8538620471954346
4.203144073486328 23.954349517822266 -3.861780881881714
4.389139175415039 24.014022827148438 -3.8581972122192383
4.564656734466553 24.02727508544922 -3.8474974632263184
4.755322456359863 24.115402221679688 -3.846325159072876
4.933785915374756 24.133996963500977 -3.833707332611084
5.125528335571289 24.21169090270996 -3.8305633068084717
5.333891868591309 24.343883514404297 -3.8357908725738525
5.535322666168213 24.448776245117188 -3.8360745906829834
5.746566295623779 24.586164474487305 -3.8394243717193604
5.909302234649658 24.511545181274414 -3.809753894805908
6.154170513153076 24.76948356628418 -3.831768751144409
6.366616725921631 24.871089935302734 -3.8291640281677246
6.482157230377197 24.60959243774414 -3.7690343856811523
6.751242160797119 24.925809860229492 -3.796877384185791
6.999146461486816 25.146448135375977 -3.8098337650299072
7.155702590942383 25.034120559692383 -3.772390365600586
7.3881988525390625 25.172348022460938 -3.771524667739868
7.650100231170654 25.409650802612305 -3.7837655544281006
7.9156718254089355 25.644575119018555 -3.7953152656555176
0.0 0.0 0.0
8.361360549926758 25.808923721313477 -3.772726058959961
8.580896377563477 25.872146606445312 -3.7563207149505615
0.0 0.0 0.0
9.03695297241211 26.0174560546875 -3.724849224090576
0.0 0.0 0.0
0.0 0.0 0.0
0.0 0.0 0.0
10.07066535949707 26.5731201171875 -3.692084789276123
10.380226135253906 26.824905395507812 -3.6980180740356445
10.663338661193848 26.998306274414062 -3.6922621726989746
10.967154502868652 27.21233558654785 -3.689685821533203
11.115484237670898 27.036191940307617 -3.634143352508545
11.524490356445312 27.476503372192383 -3.6606192588806152
11.79040241241455 27.571613311767578 -3.6410441398620605
0.0 0.0 0.0
12.384847640991211 27.88278579711914 -3.6121108531951904
12.676994323730469 28.01280403137207 -3.593669891357422
13.05770206451416 28.318408966064453 -3.5965821743011475
13.3353910446167 28.400800704956055 -3.569275379180908
13.665491104125977 28.585601806640625 -3.554063558578491
0.0 0.0 0.0
14.494293212890625 29.265506744384766 -3.559603691101074
14.798855781555176 29.367244720458984 -3.530266761779785
0.0 0.0 0.0
0.0 0.0 0.0
0.0 0.0 0.0
16.28557586669922 30.191091537475586 -3.4512672424316406
0.0 0.0 0.0
0.0 0.0 0.0
0.0 0.0 0.0
0.0 0.0 0.0
18.417797088623047 31.46640968322754 -3.3439784049987793
0.0 0.0 0.0
0.0 0.0 0.0
0.0 0.0 0.0
0.0 0.0 0.0
0.0 0.0 0.0
0.0 0.0 0.0
0.0 0.0 0.0
0.0 0.0 0.0
0.0 0.0 0.0
0.0 0.0 0.0
0.0 0.0 0.0
0.0 0.0 0.0
0.0 0.0 0.0
0.0 0.0 0.0
0.0 0.0 0.0
0.0 0.0 0.0
0.0 0.0 0.0
0.0 0.0 0.0
0.0 0.0 0.0
0.0 0.0 0.0
0.0 0.0 0.0
0.0 0.0 0.0
0.0 0.0 0.0
0.0 0.0 0.0
0.0 0.0 0.0
0.0 0.0 0.0
0.0 0.0 0.0
0.0 0.0 0.0
0.0 0.0 0.0
0.0 0.0 0.0
0.0 0.0 0.0
0.0 0.0 0.0
0.0 0.0 0.0
0.0 0.0 0.0
0.0 0.0 0.0
0.0 0.0 0.0
0.0 0.0 0.0
0.0 0.0 0.0
0.0 0.0 0.0
0.0 0.0 0.0
0.0 0.0 0.0
0.0 0.0 0.0
0.0 0.0 0.0
0.0 0.0 0.0
0.0 0.0 0.0
0.0 0.0 0.0
0.0 0.0 0.0
0.0 0.0 0.0
0.0 0.0 0.0
0.0 0.0 0.0
0.0 0.0 0.0
0.0 0.0 0.0
0.0 0.0 0.0
0.0 0.0 0.0
0.0 0.0 0.0
0.0 0.0 0.0
0.0 0.0 0.0
0.0 0.0 0.0
0.0 0.0 0.0
0.0 0.0 0.0
0.0 0.0 0.0
0.0 0.0 0.0
0.0 0.0 0.0
0.0 0.0 0.0
0.0 0.0 0.0
0.0 0.0 0.0
0.0 0.0 0.0
0.0 0.0 0.0
0.0 0.0 0.0
0.0 0.0 0.0
0.0 0.0 0.0
0.0 0.0 0.0
0.0 0.0 0.0
0.0 0.0 0.0
0.0 0.0 0.0
0.0 0.0 0.0
0.0 0.0 0.0
0.0 0.0 0.0
0.0 0.0 0.0
0.0 0.0 0.0
0.0 0.0 0.0
0.0 0.0 0.0
0.0 0.0 0.0
0.0 0.0 0.0
0.0 0.0 0.0
0.0 0.0 0.0
0.0 0.0 0.0
0.0 0.0 0.0
0.0 0.0 0.0
0.0 0.0 0.0
0.0 0.0 0.0
0.0 0.0 0.0
0.0 0.0 0.0
0.0 0.0 0.0
0.0 0.0 0.0
0.0 0.0 0.0
0.0 0.0 0.0
0.0 0.0 0.0
0.0 0.0 0.0
0.0 0.0 0.0
0.0 0.0 0.0
0.0 0.0 0.0
0.0 0.0 0.0
0.0 0.0 0.0
0.0 0.0 0.0
0.0 0.0 0.0
0.0 0.0 0.0
0.0 0.0 0.0
0.0 0.0 0.0
0.0 0.0 0.0
0.0 0.0 0.0
0.0 0.0 0.0
0.0 0.0 0.0
0.0 0.0 0.0
0.0 0.0 0.0
0.0 0.0 0.0
0.0 0.0 0.0
0.0 0.0 0.0
0.0 0.0 0.0
0.0 0.0 0.0
0.0 0.0 0.0
0.0 0.0 0.0
0.0 0.0 0.0
0.0 0.0 0.0
0.0 0.0 0.0
0.0 0.0 0.0
0.0 0.0 0.0
0.0 0.0 0.0
0.0 0.0 0.0
0.0 0.0 0.0
0.0 0.0 0.0
0.0 0.0 0.0
0.0 0.0 0.0
0.0 0.0 0.0
0.0 0.0 0.0
0.0 0.0 0.0
0.0 0.0 0.0
0.0 0.0 0.0
0.0 0.0 0.0
0.0 0.0 0.0
0.0 0.0 0.0
0.0 0.0 0.0
0.0 0.0 0.0
0.0 0.0 0.0
0.0 0.0 0.0
0.0 0.0 0.0
0.0 0.0 0.0
0.0 0.0 0.0
0.0 0.0 0.0
0.0 0.0 0.0
0.0 0.0 0.0
0.0 0.0 0.0
0.0 0.0 0.0
0.0 0.0 0.0
0.0 0.0 0.0
0.0 0.0 0.0
0.0 0.0 0.0
0.0 0.0 0.0
0.0 0.0 0.0
0.0 0.0 0.0
0.0 0.0 0.0
0.0 0.0 0.0
0.0 0.0 0.0
0.0 0.0 0.0
0.0 0.0 0.0
0.0 0.0 0.0
0.0 0.0 0.0
0.0 0.0 0.0
0.0 0.0 0.0
0.0 0.0 0.0
0.0 0.0 0.0
0.0 0.0 0.0
0.0 0.0 0.0
0.0 0.0 0.0
0.0 0.0 0.0
0.0 0.0 0.0
0.0 0.0 0.0
0.0 0.0 0.0
0.0 0.0 0.0
0.0 0.0 0.0
0.0 0.0 0.0
0.0 0.0 0.0
0.0 0.0 0.0
0.0 0.0 0.0
0.0 0.0 0.0
0.0 0.0 0.0
0.0 0.0 0.0
0.0 0.0 0.0
0.0 0.0 0.0
0.0 0.0 0.0
0.0 0.0 0.0
0.0 0.0 0.0
0.0 0.0 0.0
0.0 0.0 0.0
0.0 0.0 0.0
0.0 0.0 0.0
0.0 0.0 0.0
0.0 0.0 0.0
0.0 0.0 0.0
0.0 0.0 0.0
0.0 0.0 0.0
0.0 0.0 0.0
0.0 0.0 0.0
0.0 0.0 0.0
0.0 0.0 0.0
0.0 0.0 0.0
0.0 0.0 0.0
0.0 0.0 0.0
0.0 0.0 0.0
0.0 0.0 0.0
0.0 0.0 0.0
0.0 0.0 0.0
0.0 0.0 0.0
0.0 0.0 0.0
0.0 0.0 0.0
0.0 0.0 0.0
0.0 0.0 0.0
-13.960348129272461 27.333383560180664 -3.0547823905944824
0.0 0.0 0.0
0.0 0.0 0.0
0.0 0.0 0.0
0.0 0.0 0.0
0.0 0.0 0.0
-12.003928184509277 26.158000946044922 -3.154083490371704
0.0 0.0 0.0
0.0 0.0 0.0
0.0 0.0 0.0
0.0 0.0 0.0
0.0 0.0 0.0
-10.53593635559082 25.763769149780273 -3.3125760555267334
0.0 0.0 0.0
0.0 0.0 0.0
0.0 0.0 0.0
0.0 0.0 0.0
0.0 0.0 0.0
0.0 0.0 0.0
0.0 0.0 0.0
0.0 0.0 0.0
0.0 0.0 0.0
0.0 0.0 0.0
0.0 0.0 0.0
0.0 0.0 0.0
-7.5244951248168945 24.547847747802734 -3.510524034500122
0.0 0.0 0.0
-7.1057939529418945 24.385881423950195 -3.532480239868164
0.0 0.0 0.0
0.0 0.0 0.0
0.0 0.0 0.0
0.0 0.0 0.0
-6.097119331359863 24.0152645111084 -3.5848522186279297
-5.896353721618652 23.934005737304688 -3.59335994720459
-5.680005073547363 23.76798439025879 -3.5877394676208496
-5.52663516998291 23.860149383544922 -3.619225025177002
-5.285149097442627 23.562976837158203 -3.5916268825531006
-5.101526260375977 23.509044647216797 -3.600950002670288
-4.950610160827637 23.620647430419922 -3.6361443996429443
-4.783954620361328 23.643945693969727 -3.6553149223327637
-4.609244346618652 23.624414443969727 -3.667465925216675
-4.431282997131348 23.584651947021484 -3.6765968799591064
-4.283807754516602 23.706893920898438 -3.711162567138672
-4.055910110473633 23.391380310058594 -3.676748275756836
-3.873534679412842 23.30228614807129 -3.675330877304077
-3.7386810779571533 23.50147247314453 -3.7195961475372314
-3.5701165199279785 23.493810653686523 -3.731368064880371
-3.382844924926758 23.355125427246094 -3.7224202156066895
-3.2207913398742676 23.383495330810547 -3.7381720542907715
-3.030853033065796 23.219947814941406 -3.7224278450012207
-2.8858861923217773 23.376197814941406 -3.7579360008239746
-2.716143846511841 23.33612060546875 -3.762101173400879
-2.5483365058898926 23.306344985961914 -3.767916679382324
-2.3851065635681152 23.314226150512695 -3.7767739295959473
-2.2095656394958496 23.221393585205078 -3.7695975303649902
-2.062150001525879 23.39590072631836 -3.8058784008026123
-1.8788599967956543 23.158254623413086 -3.7752737998962402
-1.7191693782806396 23.188575744628906 -3.787053346633911
-1.5602456331253052 23.237342834472656 -3.8001174926757812
-1.3881512880325317 23.119686126708984 -3.7862157821655273
-1.2263306379318237 23.112287521362305 -3.790438175201416
-1.0707241296768188 23.230817794799805 -3.8155131340026855
-0.9083958268165588 23.221599578857422 -3.817251205444336
-0.7462668418884277 23.207508087158203 -3.8176510334014893
-0.582717776298523 23.238582611083984 -3.8257195949554443
-0.4189636707305908 23.133583068847656 -3.8115153312683105
-0.25936999917030334 23.251049041748047 -3.833662509918213
-0.09770835936069489 23.27538299560547 -3.8376731872558594
0.06441754102706909 23.348695755004883 -3.8499457836151123
0.22669747471809387 23.33223533630371 -3.847602128982544
0.39087510108947754 23.272207260131836 -3.838270425796509
0.5532942414283752 23.292274475097656 -3.840690851211548
0.7175319194793701 23.361557006835938 -3.849738836288452
0.8778259754180908 23.298725128173828 -3.8371996879577637
1.0431255102157593 23.365713119506836 -3.846226930618286
1.21363365650177 23.454477310180664 -3.858978033065796
1.3792567253112793 23.48874855041504 -3.860140323638916
1.5408375263214111 23.452695846557617 -3.849437713623047
1.70757257938385 23.492422103881836 -3.851355791091919
1.8852312564849854 23.657772064208984 -3.874006748199463
1.9495466947555542 22.45815086364746 -3.672759771347046
2.098985433578491 22.372596740722656 -3.651700973510742
2.261847734451294 22.431838989257812 -3.6544628143310547
2.5507044792175293 23.647735595703125 -3.8454346656799316
2.7183656692504883 23.65778923034668 -3.840129852294922
2.917123556137085 23.896337509155273 -3.8700008392333984
3.0697312355041504 23.77042007446289 -3.8397376537323
3.259446620941162 23.926328659057617 -3.8551461696624756
3.4250199794769287 23.89748764038086 -3.8409171104431152
3.602400541305542 23.94761085510254 -3.839540481567383
3.769181728363037 23.92447853088379 -3.823612928390503
3.9639577865600586 24.05204200744629 -3.831515073776245
4.178091526031494 24.296424865722656 -3.8582115173339844
4.338655471801758 24.21988868713379 -3.8340232372283936
4.489752769470215 24.0969295501709 -3.801656723022461
0.0 0.0 0.0
4.901573181152344 24.400833129882812 -3.819756031036377
5.083488464355469 24.425804138183594 -3.8090875148773193
5.303390979766846 24.623085021972656 -3.8253061771392822
5.492745399475098 24.668039321899414 -3.815653085708618
5.677263259887695 24.685213088989258 -3.8011908531188965
5.906984329223633 24.87708282470703 -3.813349962234497
6.118545055389404 24.992525100708008 -3.8139898777008057
6.285325527191162 24.922828674316406 -3.78576397895813
6.498192310333252 25.031843185424805 -3.78263521194458
6.703904628753662 25.105501174926758 -3.774139404296875
6.940555095672607 25.273693084716797 -3.7794530391693115
7.151716709136963 25.351285934448242 -3.7714743614196777
7.347095966339111 25.368030548095703 -3.752392053604126
7.540309906005859 25.372087478637695 -3.730797052383423
7.800477504730225 25.592998504638672 -3.740992307662964
0.0 0.0 0.0
8.263069152832031 25.805892944335938 -3.7263240814208984
8.524704933166504 25.998371124267578 -3.729259967803955
8.780808448791504 26.162799835205078 -3.727909564971924
8.983039855957031 26.160160064697266 -3.7026753425598145
0.0 0.0 0.0
9.450157165527344 26.313629150390625 -3.671968936920166
9.785248756408691 26.662622451782227 -3.693091630935669
10.099834442138672 26.939373016357422 -3.7036116123199463
10.335633277893066 26.99596405029297 -3.6835663318634033
10.53848648071289 26.964262008666992 -3.6500697135925293
10.844416618347168 27.178104400634766 -3.6480109691619873
11.20013427734375 27.512405395507812 -3.6620752811431885
11.403433799743652 27.46354103088379 -3.6248347759246826
0.0 0.0 0.0
0.0 0.0 0.0
0.0 0.0 0.0
0.0 0.0 0.0
0.0 0.0 0.0
0.0 0.0 0.0
0.0 0.0 0.0
14.041629791259766 29.107160568237305 -3.5521371364593506
0.0 0.0 0.0
14.723892211914062 29.468036651611328 -3.516552686691284
0.0 0.0 0.0
15.3949613571167 29.766942977905273 -3.4691660404205322
0.0 0.0 0.0
0.0 0.0 0.0
0.0 0.0 0.0
0.0 0.0 0.0
0.0 0.0 0.0
17.924489974975586 31.372587203979492 -3.3718628883361816
0.0 0.0 0.0
0.0 0.0 0.0
0.0 0.0 0.0
0.0 0.0 0.0
0.0 0.0 0.0
0.0 0.0 0.0
0.0 0.0 0.0
0.0 0.0 0.0
22.407878875732422 34.06192398071289 -3.116982936859131
0.0 0.0 0.0
0.0 0.0 0.0
0.0 0.0 0.0
0.0 0.0 0.0
0.0 0.0 0.0
0.0 0.0 0.0
0.0 0.0 0.0
0.0 0.0 0.0
0.0 0.0 0.0
0.0 0.0 0.0
0.0 0.0 0.0
0.0 0.0 0.0
0.0 0.0 0.0
0.0 0.0 0.0
0.0 0.0 0.0
0.0 0.0 0.0
0.0 0.0 0.0
0.0 0.0 0.0
0.0 0.0 0.0
0.0 0.0 0.0
0.0 0.0 0.0
0.0 0.0 0.0
0.0 0.0 0.0
0.0 0.0 0.0
0.0 0.0 0.0
0.0 0.0 0.0
0.0 0.0 0.0
0.0 0.0 0.0
0.0 0.0 0.0
0.0 0.0 0.0
0.0 0.0 0.0
0.0 0.0 0.0
0.0 0.0 0.0
0.0 0.0 0.0
0.0 0.0 0.0
0.0 0.0 0.0
0.0 0.0 0.0
0.0 0.0 0.0
0.0 0.0 0.0
0.0 0.0 0.0
0.0 0.0 0.0
0.0 0.0 0.0
0.0 0.0 0.0
0.0 0.0 0.0
0.0 0.0 0.0
0.0 0.0 0.0
0.0 0.0 0.0
0.0 0.0 0.0
0.0 0.0 0.0
0.0 0.0 0.0
0.0 0.0 0.0
0.0 0.0 0.0
0.0 0.0 0.0
0.0 0.0 0.0
0.0 0.0 0.0
0.0 0.0 0.0
0.0 0.0 0.0
0.0 0.0 0.0
0.0 0.0 0.0
0.0 0.0 0.0
0.0 0.0 0.0
0.0 0.0 0.0
0.0 0.0 0.0
0.0 0.0 0.0
0.0 0.0 0.0
0.0 0.0 0.0
0.0 0.0 0.0
0.0 0.0 0.0
0.0 0.0 0.0
0.0 0.0 0.0
0.0 0.0 0.0
0.0 0.0 0.0
0.0 0.0 0.0
0.0 0.0 0.0
0.0 0.0 0.0
0.0 0.0 0.0
0.0 0.0 0.0
0.0 0.0 0.0
0.0 0.0 0.0
0.0 0.0 0.0
0.0 0.0 0.0
0.0 0.0 0.0
0.0 0.0 0.0
0.0 0.0 0.0
0.0 0.0 0.0
0.0 0.0 0.0
0.0 0.0 0.0
0.0 0.0 0.0
0.0 0.0 0.0
0.0 0.0 0.0
0.0 0.0 0.0
0.0 0.0 0.0
0.0 0.0 0.0
0.0 0.0 0.0
0.0 0.0 0.0
0.0 0.0 0.0
0.0 0.0 0.0
0.0 0.0 0.0
0.0 0.0 0.0
0.0 0.0 0.0
0.0 0.0 0.0
0.0 0.0 0.0
0.0 0.0 0.0
0.0 0.0 0.0
0.0 0.0 0.0
0.0 0.0 0.0
0.0 0.0 0.0
0.0 0.0 0.0
0.0 0.0 0.0
0.0 0.0 0.0
0.0 0.0 0.0
0.0 0.0 0.0
0.0 0.0 0.0
0.0 0.0 0.0
0.0 0.0 0.0
0.0 0.0 0.0
0.0 0.0 0.0
0.0 0.0 0.0
0.0 0.0 0.0
0.0 0.0 0.0
0.0 0.0 0.0
0.0 0.0 0.0
0.0 0.0 0.0
0.0 0.0 0.0
0.0 0.0 0.0
0.0 0.0 0.0
0.0 0.0 0.0
0.0 0.0 0.0
0.0 0.0 0.0
0.0 0.0 0.0
0.0 0.0 0.0
0.0 0.0 0.0
0.0 0.0 0.0
0.0 0.0 0.0
0.0 0.0 0.0
0.0 0.0 0.0
0.0 0.0 0.0
0.0 0.0 0.0
0.0 0.0 0.0
0.0 0.0 0.0
0.0 0.0 0.0
0.0 0.0 0.0
0.0 0.0 0.0
0.0 0.0 0.0
0.0 0.0 0.0
0.0 0.0 0.0
0.0 0.0 0.0
0.0 0.0 0.0
0.0 0.0 0.0
0.0 0.0 0.0
0.0 0.0 0.0
0.0 0.0 0.0
0.0 0.0 0.0
0.0 0.0 0.0
0.0 0.0 0.0
0.0 0.0 0.0
0.0 0.0 0.0
0.0 0.0 0.0
0.0 0.0 0.0
0.0 0.0 0.0
0.0 0.0 0.0
0.0 0.0 0.0
0.0 0.0 0.0
0.0 0.0 0.0
0.0 0.0 0.0
0.0 0.0 0.0
0.0 0.0 0.0
0.0 0.0 0.0
0.0 0.0 0.0
0.0 0.0 0.0
0.0 0.0 0.0
0.0 0.0 0.0
0.0 0.0 0.0
0.0 0.0 0.0
0.0 0.0 0.0
0.0 0.0 0.0
0.0 0.0 0.0
0.0 0.0 0.0
0.0 0.0 0.0
0.0 0.0 0.0
0.0 0.0 0.0
0.0 0.0 0.0
0.0 0.0 0.0
0.0 0.0 0.0
0.0 0.0 0.0
0.0 0.0 0.0
0.0 0.0 0.0
0.0 0.0 0.0
0.0 0.0 0.0
0.0 0.0 0.0
0.0 0.0 0.0
0.0 0.0 0.0
0.0 0.0 0.0
0.0 0.0 0.0
0.0 0.0 0.0
0.0 0.0 0.0
0.0 0.0 0.0
0.0 0.0 0.0
0.0 0.0 0.0
0.0 0.0 0.0
0.0 0.0 0.0
0.0 0.0 0.0
-17.146127700805664 29.16244888305664 -2.8010973930358887
0.0 0.0 0.0
0.0 0.0 0.0
0.0 0.0 0.0
0.0 0.0 0.0
0.0 0.0 0.0
0.0 0.0 0.0
0.0 0.0 0.0
0.0 0.0 0.0
0.0 0.0 0.0
0.0 0.0 0.0
0.0 0.0 0.0
0.0 0.0 0.0
0.0 0.0 0.0
0.0 0.0 0.0
0.0 0.0 0.0
0.0 0.0 0.0
0.0 0.0 0.0
0.0 0.0 0.0
-10.9653959274292 26.028112411499023 -3.2472405433654785
0.0 0.0 0.0
0.0 0.0 0.0
0.0 0.0 0.0
0.0 0.0 0.0
0.0 0.0 0.0
0.0 0.0 0.0
0.0 0.0 0.0
0.0 0.0 0.0
0.0 0.0 0.0
0.0 0.0 0.0
0.0 0.0 0.0
0.0 0.0 0.0
0.0 0.0 0.0
0.0 0.0 0.0
-7.4587082862854 24.642255783081055 -3.4801793098449707
0.0 0.0 0.0
0.0 0.0 0.0
-6.818722724914551 24.352684020996094 -3.5066282749176025
0.0 0.0 0.0
-6.4122748374938965 24.203073501586914 -3.526059865951538
-6.219011306762695 24.149776458740234 -3.538696765899658
-6.00688362121582 24.01624298095703 -3.5395143032073975
-5.83316707611084 24.03166961669922 -3.5597734451293945
-5.681665420532227 24.139904022216797 -3.5939908027648926
-5.466968059539795 23.987668991088867 -3.589806079864502
0.0 0.0 0.0
-5.104165077209473 23.930267333984375 -3.616504430770874
-4.923467636108398 23.897926330566406 -3.6272878646850586
-4.73763370513916 23.833885192871094 -3.633315086364746
-4.5832977294921875 23.943471908569336 -3.6662721633911133
-4.401137351989746 23.892017364501953 -3.6744775772094727
0.0 0.0 0.0
-4.015279293060303 23.641199111938477 -3.662337064743042
0.0 0.0 0.0
0.0 0.0 0.0
-3.4731295108795166 23.4185733795166 -3.6670358180999756
-3.319032669067383 23.505023956298828 -3.6910014152526855
0.0 0.0 0.0
-2.9790375232696533 23.44893455505371 -3.7034826278686523
-2.8271007537841797 23.56273078918457 -3.732396125793457
-2.6370649337768555 23.377079010009766 -3.712045907974243
-2.4873147010803223 23.515933990478516 -3.7423317432403564
-2.325143575668335 23.546308517456055 -3.7555840015411377
-2.148573875427246 23.421894073486328 -3.7442848682403564
-1.990431785583496 23.492246627807617 -3.764061212539673
-1.8176366090774536 23.42376708984375 -3.7588233947753906
-1.6548126935958862 23.442350387573242 -3.7676312923431396
-1.4768309593200684 23.221147537231445 -3.738020420074463
-1.325363039970398 23.414491653442383 -3.7753190994262695
-1.1617975234985352 23.414461135864258 -3.780231475830078
-0.993405818939209 23.35589599609375 -3.7739627361297607
-0.8300594091415405 23.338438034057617 -3.774456024169922
-0.6710830926895142 23.462451934814453 -3.798027753829956
-0.5085264444351196 23.488994598388672 -3.806020975112915
-0.34479615092277527 23.476238250732422 -3.8053953647613525
-0.17814631760120392 23.431631088256836 -3.799060821533203
-0.015363944694399834 23.655759811401367 -3.8364739418029785
0.14767858386039734 23.396770477294922 -3.795719623565674
0.3118341863155365 23.506860733032227 -3.814640522003174
0.4758322834968567 23.52375602722168 -3.8155393600463867
0.6397845149040222 23.535659790039062 -3.815812349319458
0.8034961223602295 23.449983596801758 -3.800429105758667
0.9709933996200562 23.548208236694336 -3.815058946609497
1.1392652988433838 23.63777732849121 -3.8269877433776855
1.3029719591140747 23.6147518157959 -3.8190536499023438
1.4741158485412598 23.717618942260742 -3.8316521644592285
1.640863060951233 23.69209861755371 -3.8236136436462402
1.8107887506484985 23.746353149414062 -3.8286917209625244
1.9736446142196655 23.70758819580078 -3.816246509552002
2.1556005477905273 23.882925033569336 -3.837707996368408
2.311336040496826 23.761266708374023 -3.8116068840026855
2.502413511276245 23.964431762695312 -3.8376574516296387
2.6789443492889404 24.036123275756836 -3.8423895835876465
2.8368184566497803 23.938343048095703 -3.817498207092285
2.99538254737854 23.854825973510742 -3.7951228618621826
3.186915636062622 24.02654266357422 -3.813491106033325
3.378577470779419 24.15816879272461 -3.8254013061523438
3.556257963180542 24.201133728027344 -3.8219714164733887
3.7353615760803223 24.246822357177734 -3.817654609680176
3.910972833633423 24.264514923095703 -3.80906343460083
4.094895839691162 24.326587677001953 -3.8075506687164307
4.268332004547119 24.322662353515625 -3.7958550453186035
4.487225532531738 24.54911994934082 -3.8171706199645996
4.652608394622803 24.489734649658203 -3.7940053939819336
4.814940452575684 24.417884826660156 -3.769150495529175
5.054825782775879 24.727128982543945 -3.8031222820281982
5.250305652618408 24.803882598876953 -3.8003933429718018
5.419884204864502 24.739107131958008 -3.773780345916748
5.633629322052002 24.884809494018555 -3.7796428203582764
5.834717273712158 24.964780807495117 -3.775510787963867
6.05510950088501 25.11835479736328 -3.78251314163208
6.230321407318115 25.079090118408203 -3.7584340572357178
6.4786787033081055 25.311290740966797 -3.7739603519439697
6.648425102233887 25.24297332763672 -3.7450411319732666
6.9117431640625 25.52058219909668 -3.7673871517181396
7.046302318572998 25.319007873535156 -3.718421220779419
7.304080009460449 25.555849075317383 -3.731778144836426
7.5329909324646 25.666933059692383 -3.726177453994751
7.73383903503418 25.688047409057617 -3.7078895568847656
7.9807963371276855 25.85556411743164 -3.7107009887695312
8.227083206176758 26.010089874267578 -3.7094619274139404
8.496309280395508 26.225112915039062 -3.716003179550171
8.738669395446777 26.345746994018555 -3.7089157104492188
8.947606086730957 26.349645614624023 -3.6849608421325684
9.168808937072754 26.39703369140625 -3.666696310043335
9.46269702911377 26.643474578857422 -3.6743156909942627
9.700984001159668 26.72327423095703 -3.6586859226226807
10.029777526855469 27.04082489013672 -3.675265312194824
10.204875946044922 26.926307678222656 -3.632420063018799
10.554067611694336 27.27501106262207 -3.650059223175049
10.760714530944824 27.245159149169922 -3.6166934967041016
11.087947845458984 27.512136459350586 -3.6224701404571533
11.394365310668945 27.714948654174805 -3.619313955307007
11.611114501953125 27.684986114501953 -3.5834262371063232
11.893766403198242 27.81503677368164 -3.5680248737335205
0.0 0.0 0.0
0.0 0.0 0.0
0.0 0.0 0.0
0.0 0.0 0.0
0.0 0.0 0.0
0.0 0.0 0.0
0.0 0.0 0.0
0.0 0.0 0.0
14.853499412536621 29.476945877075195 -3.448676824569702
0.0 0.0 0.0
0.0 0.0 0.0
0.0 0.0 0.0
0.0 0.0 0.0
0.0 0.0 0.0
0.0 0.0 0.0
0.0 0.0 0.0
0.0 0.0 0.0
0.0 0.0 0.0
19.15361213684082 32.20857620239258 -3.2862627506256104
0.0 0.0 0.0
0.0 0.0 0.0
0.0 0.0 0.0
0.0 0.0 0.0
0.0 0.0 0.0
0.0 0.0 0.0
0.0 0.0 0.0
0.0 0.0 0.0
0.0 0.0 0.0
0.0 0.0 0.0
0.0 0.0 0.0
0.0 0.0 0.0
0.0 0.0 0.0
0.0 0.0 0.0
0.0 0.0 0.0
0.0 0.0 0.0
0.0 0.0 0.0
0.0 0.0 0.0
0.0 0.0 0.0
0.0 0.0 0.0
0.0 0.0 0.0
0.0 0.0 0.0
0.0 0.0 0.0
0.0 0.0 0.0
0.0 0.0 0.0
0.0 0.0 0.0
0.0 0.0 0.0
0.0 0.0 0.0
0.0 0.0 0.0
0.0 0.0 0.0
0.0 0.0 0.0
0.0 0.0 0.0
0.0 0.0 0.0
0.0 0.0 0.0
0.0 0.0 0.0
0.0 0.0 0.0
0.0 0.0 0.0
0.0 0.0 0.0
0.0 0.0 0.0
0.0 0.0 0.0
0.0 0.0 0.0
0.0 0.0 0.0
0.0 0.0 0.0
0.0 0.0 0.0
0.0 0.0 0.0
0.0 0.0 0.0
0.0 0.0 0.0
0.0 0.0 0.0
0.0 0.0 0.0
0.0 0.0 0.0
0.0 0.0 0.0
0.0 0.0 0.0
0.0 0.0 0.0
0.0 0.0 0.0
0.0 0.0 0.0
0.0 0.0 0.0
0.0 0.0 0.0
0.0 0.0 0.0
0.0 0.0 0.0
0.0 0.0 0.0
0.0 0.0 0.0
0.0 0.0 0.0
0.0 0.0 0.0
0.0 0.0 0.0
0.0 0.0 0.0
0.0 0.0 0.0
0.0 0.0 0.0
0.0 0.0 0.0
0.0 0.0 0.0
0.0 0.0 0.0
0.0 0.0 0.0
0.0 0.0 0.0
0.0 0.0 0.0
0.0 0.0 0.0
0.0 0.0 0.0
0.0 0.0 0.0
0.0 0.0 0.0
0.0 0.0 0.0
0.0 0.0 0.0
0.0 0.0 0.0
0.0 0.0 0.0
0.0 0.0 0.0
0.0 0.0 0.0
0.0 0.0 0.0
0.0 0.0 0.0
0.0 0.0 0.0
0.0 0.0 0.0
0.0 0.0 0.0
0.0 0.0 0.0
0.0 0.0 0.0
0.0 0.0 0.0
0.0 0.0 0.0
0.0 0.0 0.0
0.0 0.0 0.0
0.0 0.0 0.0
0.0 0.0 0.0
0.0 0.0 0.0
0.0 0.0 0.0
0.0 0.0 0.0
0.0 0.0 0.0
0.0 0.0 0.0
0.0 0.0 0.0
0.0 0.0 0.0
0.0 0.0 0.0
0.0 0.0 0.0
0.0 0.0 0.0
0.0 0.0 0.0
0.0 0.0 0.0
0.0 0.0 0.0
0.0 0.0 0.0
0.0 0.0 0.0
0.0 0.0 0.0
0.0 0.0 0.0
0.0 0.0 0.0
0.0 0.0 0.0
0.0 0.0 0.0
0.0 0.0 0.0
0.0 0.0 0.0
0.0 0.0 0.0
0.0 0.0 0.0
0.0 0.0 0.0
0.0 0.0 0.0
0.0 0.0 0.0
0.0 0.0 0.0
0.0 0.0 0.0
0.0 0.0 0.0
0.0 0.0 0.0
0.0 0.0 0.0
0.0 0.0 0.0
0.0 0.0 0.0
0.0 0.0 0.0
0.0 0.0 0.0
0.0 0.0 0.0
0.0 0.0 0.0
0.0 0.0 0.0
0.0 0.0 0.0
0.0 0.0 0.0
0.0 0.0 0.0
0.0 0.0 0.0
0.0 0.0 0.0
0.0 0.0 0.0
0.0 0.0 0.0
0.0 0.0 0.0
0.0 0.0 0.0
0.0 0.0 0.0
0.0 0.0 0.0
0.0 0.0 0.0
0.0 0.0 0.0
0.0 0.0 0.0
0.0 0.0 0.0
0.0 0.0 0.0
0.0 0.0 0.0
0.0 0.0 0.0
0.0 0.0 0.0
0.0 0.0 0.0
0.0 0.0 0.0
0.0 0.0 0.0
0.0 0.0 0.0
0.0 0.0 0.0
0.0 0.0 0.0
0.0 0.0 0.0
0.0 0.0 0.0
0.0 0.0 0.0
0.0 0.0 0.0
0.0 0.0 0.0
0.0 0.0 0.0
0.0 0.0 0.0
0.0 0.0 0.0
0.0 0.0 0.0
0.0 0.0 0.0
0.0 0.0 0.0
0.0 0.0 0.0
0.0 0.0 0.0
0.0 0.0 0.0
0.0 0.0 0.0
0.0 0.0 0.0
0.0 0.0 0.0
0.0 0.0 0.0
0.0 0.0 0.0
0.0 0.0 0.0
0.0 0.0 0.0
0.0 0.0 0.0
0.0 0.0 0.0
0.0 0.0 0.0
0.0 0.0 0.0
0.0 0.0 0.0
0.0 0.0 0.0
0.0 0.0 0.0
0.0 0.0 0.0
0.0 0.0 0.0
0.0 0.0 0.0
0.0 0.0 0.0
0.0 0.0 0.0
0.0 0.0 0.0
0.0 0.0 0.0
0.0 0.0 0.0
0.0 0.0 0.0
0.0 0.0 0.0
0.0 0.0 0.0
0.0 0.0 0.0
0.0 0.0 0.0
0.0 0.0 0.0
0.0 0.0 0.0
0.0 0.0 0.0
0.0 0.0 0.0
0.0 0.0 0.0
0.0 0.0 0.0
0.0 0.0 0.0
-16.885358810424805 28.949779510498047 -2.774578094482422
0.0 0.0 0.0
0.0 0.0 0.0
0.0 0.0 0.0
0.0 0.0 0.0
0.0 0.0 0.0
0.0 0.0 0.0
0.0 0.0 0.0
0.0 0.0 0.0
0.0 0.0 0.0
0.0 0.0 0.0
0.0 0.0 0.0
0.0 0.0 0.0
0.0 0.0 0.0
0.0 0.0 0.0
0.0 0.0 0.0
0.0 0.0 0.0
0.0 0.0 0.0
0.0 0.0 0.0
0.0 0.0 0.0
0.0 0.0 0.0
0.0 0.0 0.0
0.0 0.0 0.0
0.0 0.0 0.0
0.0 0.0 0.0
0.0 0.0 0.0
0.0 0.0 0.0
0.0 0.0 0.0
0.0 0.0 0.0
0.0 0.0 0.0
0.0 0.0 0.0
-8.019655227661133 24.91889762878418 -3.40750789642334
0.0 0.0 0.0
0.0 0.0 0.0
0.0 0.0 0.0
0.0 0.0 0.0
0.0 0.0 0.0
0.0 0.0 0.0
0.0 0.0 0.0
-6.372659683227539 24.387434005737305 -3.5078518390655518
0.0 0.0 0.0
0.0 0.0 0.0
-5.749510765075684 24.05828857421875 -3.515798807144165
-5.594096660614014 24.150985717773438 -3.5477068424224854
-5.457939624786377 24.333263397216797 -3.5926389694213867
-5.213130950927734 24.023921966552734 -3.562619924545288
-5.030519008636475 24.00046730041504 -3.575162649154663
-4.83892297744751 23.914527893066406 -3.5782058238983154
-4.68226432800293 23.997745513916016 -3.6066734790802
-4.480173587799072 23.844764709472656 -3.598029375076294
-4.329553604125977 23.96023178100586 -3.6288092136383057
-4.148889064788818 23.926729202270508 -3.6374545097351074
-3.9654669761657715 23.853336334228516 -3.6398887634277344
-3.7727606296539307 23.7137451171875 -3.632263660430908
-3.6217474937438965 23.832717895507812 -3.661414623260498
-3.449517011642456 23.8131046295166 -3.6694536209106445
-3.2670035362243652 23.715768814086914 -3.6656320095062256
-3.108330488204956 23.808795928955078 -3.691577911376953
-2.9142656326293945 23.601774215698242 -3.6697838306427
-2.763399600982666 23.73862648010254 -3.699650526046753
-2.5874595642089844 23.65959930419922 -3.696049451828003
-2.4143264293670654 23.594646453857422 -3.69476056098938
-2.237704277038574 23.513328552246094 -3.6911914348602295
-2.0867979526519775 23.67300796508789 -3.7231695652008057
-1.9016951322555542 23.435653686523438 -3.6920013427734375
-1.7533820867538452 23.647146224975586 -3.731710195541382
-1.587545394897461 23.642091751098633 -3.737484931945801
-1.4253945350646973 23.74003791809082 -3.7596304416656494
-1.2512651681900024 23.579055786132812 -3.737812042236328
-1.0890228748321533 23.628793716430664 -3.749563694000244
-0.9247912168502808 23.64271354675293 -3.755821704864502
-0.7596749067306519 23.632352828979492 -3.7584030628204346
-0.5917037725448608 23.609539031982422 -3.7579193115234375
-0.42673271894454956 23.566513061523438 -3.7523367404937744
-0.263873428106308 23.672775268554688 -3.770711898803711
-0.09944220632314682 23.704612731933594 -3.77742075920105
0.0656231939792633 23.73916244506836 -3.7847514152526855
0.2299349009990692 23.664926528930664 -3.7725515365600586
0.39915502071380615 23.75936508178711 -3.7864346504211426
0.5635871291160583 23.72539710998535 -3.7800567150115967
0.7303654551506042 23.775115966796875 -3.787193536758423
0.8983898758888245 23.842960357666016 -3.79728364944458
1.061447024345398 23.771347045898438 -3.782212734222412
1.2390148639678955 23.945070266723633 -3.8062870502471924
1.397115707397461 23.790252685546875 -3.7783734798431396
1.565576434135437 23.826894760131836 -3.781069040298462
1.744218349456787 23.993358612060547 -3.8033244609832764
1.9123988151550293 23.997268676757812 -3.7978928089141846
0.0 0.0 0.0
2.2619967460632324 24.108888626098633 -3.8038415908813477
2.42802357673645 24.078468322753906 -3.7935125827789307
2.6033496856689453 24.135494232177734 -3.794828414916992
2.7750065326690674 24.149192810058594 -3.7884955406188965
2.9628260135650635 24.26864242553711 -3.7987430095672607
3.1101443767547607 24.08070945739746 -3.761207342147827
3.29905104637146 24.217071533203125 -3.7743613719940186
3.474837064743042 24.24537467956543 -3.767976999282837
3.6615140438079834 24.34113121032715 -3.7721846103668213
3.8390724658966064 24.36678123474121 -3.765625
4.048191070556641 24.56218719482422 -3.7851991653442383
4.225039005279541 24.570066452026367 -3.774815320968628
4.40572452545166 24.595924377441406 -3.7655446529388428
4.590510368347168 24.639442443847656 -3.7590930461883545
4.768972873687744 24.643611907958984 -3.746750593185425
5.012889862060547 24.956602096557617 -3.7811357975006104
5.127823829650879 24.64032745361328 -3.7181904315948486
5.399901390075684 25.07169532775879 -3.7675952911376953
5.6179633140563965 25.228857040405273 -3.7755494117736816
0.0 0.0 0.0
5.9871344566345215 25.213804244995117 -3.7414968013763428
6.217641830444336 25.396413803100586 -3.7504396438598633
6.406337261199951 25.400869369506836 -3.733086347579956
6.63232421875 25.546171188354492 -3.7364516258239746
6.8217244148254395 25.543827056884766 -3.7182440757751465
7.054366111755371 25.68507194519043 -3.7187070846557617
7.284481525421143 25.817710876464844 -3.717320203781128
7.49613094329834 25.877838134765625 -3.7054691314697266
7.626466274261475 25.657968521118164 -3.6537325382232666
7.92874813079834 26.01153564453125 -3.6831696033477783
0.0 0.0 0.0
8.38872241973877 26.19679069519043 -3.663329601287842
8.655314445495605 26.395524978637695 -3.6682324409484863
8.92262077331543 26.584503173828125 -3.6715259552001953
9.150879859924316 26.650636672973633 -3.655663251876831
9.436158180236816 26.87198829650879 -3.660240411758423
9.63792610168457 26.83794593811035 -3.6294615268707275
9.915157318115234 27.01814842224121 -3.628026247024536
10.184354782104492 27.166948318481445 -3.6211764812469482
10.500039100646973 27.425395965576172 -3.627079486846924
10.665773391723633 27.287242889404297 -3.580472469329834
10.950186729431152 27.43841552734375 -3.5712971687316895
0.0 0.0 0.0
11.515570640563965 27.729263305664062 -3.5492379665374756
11.803665161132812 27.874467849731445 -3.5367181301116943
0.0 0.0 0.0
12.475526809692383 28.34723472595215 -3.5328664779663086
0.0 0.0 0.0
0.0 0.0 0.0
0.0 0.0 0.0
13.697339057922363 28.91646957397461 -3.464718818664551
14.164999008178711 29.365983963012695 -3.4805684089660645
0.0 0.0 0.0
14.771849632263184 29.564327239990234 -3.42746639251709
0.0 0.0 0.0
0.0 0.0 0.0
0.0 0.0 0.0
0.0 0.0 0.0
0.0 0.0 0.0
0.0 0.0 0.0
17.71747398376465 31.51988410949707 -3.344486713409424
17.919572830200195 31.366943359375 -3.281163454055786
0.0 0.0 0.0
0.0 0.0 0.0
0.0 0.0 0.0
19.891542434692383 32.66472244262695 -3.2066850662231445
0.0 0.0 0.0
0.0 0.0 0.0
22.001163482666016 34.47628402709961 -3.2026805877685547
0.0 0.0 0.0
0.0 0.0 0.0
0.0 0.0 0.0
0.0 0.0 0.0
0.0 0.0 0.0
0.0 0.0 0.0
0.0 0.0 0.0
0.0 0.0 0.0
0.0 0.0 0.0
0.0 0.0 0.0
0.0 0.0 0.0
0.0 0.0 0.0
0.0 0.0 0.0
0.0 0.0 0.0
0.0 0.0 0.0
0.0 0.0 0.0
0.0 0.0 0.0
0.0 0.0 0.0
0.0 0.0 0.0
0.0 0.0 0.0
0.0 0.0 0.0
0.0 0.0 0.0
0.0 0.0 0.0
0.0 0.0 0.0
0.0 0.0 0.0
0.0 0.0 0.0
0.0 0.0 0.0
0.0 0.0 0.0
0.0 0.0 0.0
0.0 0.0 0.0
0.0 0.0 0.0
0.0 0.0 0.0
0.0 0.0 0.0
0.0 0.0 0.0
0.0 0.0 0.0
0.0 0.0 0.0
0.0 0.0 0.0
0.0 0.0 0.0
0.0 0.0 0.0
0.0 0.0 0.0
0.0 0.0 0.0
0.0 0.0 0.0
0.0 0.0 0.0
0.0 0.0 0.0
0.0 0.0 0.0
0.0 0.0 0.0
0.0 0.0 0.0
0.0 0.0 0.0
0.0 0.0 0.0
0.0 0.0 0.0
0.0 0.0 0.0
0.0 0.0 0.0
0.0 0.0 0.0
0.0 0.0 0.0
0.0 0.0 0.0
0.0 0.0 0.0
0.0 0.0 0.0
0.0 0.0 0.0
0.0 0.0 0.0
0.0 0.0 0.0
0.0 0.0 0.0
0.0 0.0 0.0
0.0 0.0 0.0
0.0 0.0 0.0
0.0 0.0 0.0
0.0 0.0 0.0
0.0 0.0 0.0
0.0 0.0 0.0
0.0 0.0 0.0
0.0 0.0 0.0
0.0 0.0 0.0
0.0 0.0 0.0
0.0 0.0 0.0
0.0 0.0 0.0
0.0 0.0 0.0
0.0 0.0 0.0
0.0 0.0 0.0
0.0 0.0 0.0
0.0 0.0 0.0
0.0 0.0 0.0
0.0 0.0 0.0
0.0 0.0 0.0
0.0 0.0 0.0
0.0 0.0 0.0
0.0 0.0 0.0
0.0 0.0 0.0
0.0 0.0 0.0
0.0 0.0 0.0
0.0 0.0 0.0
0.0 0.0 0.0
0.0 0.0 0.0
0.0 0.0 0.0
0.0 0.0 0.0
0.0 0.0 0.0
0.0 0.0 0.0
0.0 0.0 0.0
0.0 0.0 0.0
0.0 0.0 0.0
0.0 0.0 0.0
0.0 0.0 0.0
0.0 0.0 0.0
0.0 0.0 0.0
0.0 0.0 0.0
0.0 0.0 0.0
0.0 0.0 0.0
0.0 0.0 0.0
0.0 0.0 0.0
0.0 0.0 0.0
0.0 0.0 0.0
0.0 0.0 0.0
0.0 0.0 0.0
0.0 0.0 0.0
0.0 0.0 0.0
0.0 0.0 0.0
0.0 0.0 0.0
0.0 0.0 0.0
0.0 0.0 0.0
0.0 0.0 0.0
0.0 0.0 0.0
0.0 0.0 0.0
0.0 0.0 0.0
0.0 0.0 0.0
0.0 0.0 0.0
0.0 0.0 0.0
0.0 0.0 0.0
0.0 0.0 0.0
0.0 0.0 0.0
0.0 0.0 0.0
0.0 0.0 0.0
0.0 0.0 0.0
0.0 0.0 0.0
0.0 0.0 0.0
0.0 0.0 0.0
0.0 0.0 0.0
0.0 0.0 0.0
0.0 0.0 0.0
0.0 0.0 0.0
0.0 0.0 0.0
0.0 0.0 0.0
0.0 0.0 0.0
0.0 0.0 0.0
0.0 0.0 0.0
0.0 0.0 0.0
0.0 0.0 0.0
0.0 0.0 0.0
0.0 0.0 0.0
0.0 0.0 0.0
0.0 0.0 0.0
0.0 0.0 0.0
0.0 0.0 0.0
0.0 0.0 0.0
0.0 0.0 0.0
0.0 0.0 0.0
0.0 0.0 0.0
0.0 0.0 0.0
0.0 0.0 0.0
0.0 0.0 0.0
0.0 0.0 0.0
0.0 0.0 0.0
0.0 0.0 0.0
0.0 0.0 0.0
0.0 0.0 0.0
0.0 0.0 0.0
0.0 0.0 0.0
0.0 0.0 0.0
0.0 0.0 0.0
0.0 0.0 0.0
0.0 0.0 0.0
0.0 0.0 0.0
0.0 0.0 0.0
0.0 0.0 0.0
0.0 0.0 0.0
0.0 0.0 0.0
0.0 0.0 0.0
0.0 0.0 0.0
0.0 0.0 0.0
0.0 0.0 0.0
0.0 0.0 0.0
0.0 0.0 0.0
0.0 0.0 0.0
0.0 0.0 0.0
0.0 0.0 0.0
0.0 0.0 0.0
0.0 0.0 0.0
0.0 0.0 0.0
0.0 0.0 0.0
0.0 0.0 0.0
0.0 0.0 0.0
0.0 0.0 0.0
0.0 0.0 0.0
0.0 0.0 0.0
0.0 0.0 0.0
0.0 0.0 0.0
0.0 0.0 0.0
0.0 0.0 0.0
0.0 0.0 0.0
0.0 0.0 0.0
0.0 0.0 0.0
0.0 0.0 0.0
0.0 0.0 0.0
0.0 0.0 0.0
0.0 0.0 0.0
0.0 0.0 0.0
0.0 0.0 0.0
-17.061065673828125 29.01177978515625 -2.711848497390747
0.0 0.0 0.0
0.0 0.0 0.0
0.0 0.0 0.0
0.0 0.0 0.0
-15.255731582641602 28.152629852294922 -2.8660476207733154
0.0 0.0 0.0
0.0 0.0 0.0
0.0 0.0 0.0
0.0 0.0 0.0
0.0 0.0 0.0
0.0 0.0 0.0
0.0 0.0 0.0
0.0 0.0 0.0
0.0 0.0 0.0
0.0 0.0 0.0
0.0 0.0 0.0
0.0 0.0 0.0
0.0 0.0 0.0
0.0 0.0 0.0
0.0 0.0 0.0
0.0 0.0 0.0
0.0 0.0 0.0
0.0 0.0 0.0
0.0 0.0 0.0
0.0 0.0 0.0
0.0 0.0 0.0
0.0 0.0 0.0
0.0 0.0 0.0
0.0 0.0 0.0
0.0 0.0 0.0
0.0 0.0 0.0
0.0 0.0 0.0
-7.8189520835876465 25.186826705932617 -3.422759532928467
0.0 0.0 0.0
0.0 0.0 0.0
0.0 0.0 0.0
0.0 0.0 0.0
0.0 0.0 0.0
-6.508872032165527 24.569435119628906 -3.466993808746338
0.0 0.0 0.0
0.0 0.0 0.0
-5.923834323883057 24.40812110900879 -3.4999635219573975
-5.712137699127197 24.27228355407715 -3.499202013015747
0.0 0.0 0.0
-5.346944332122803 24.242162704467773 -3.5276122093200684
-5.163800239562988 24.211544036865234 -3.53934907913208
-5.025811195373535 24.395404815673828 -3.5826714038848877
-4.816001892089844 24.229751586914062 -3.5740227699279785
-4.630107402801514 24.188440322875977 -3.581930637359619
-4.433255672454834 24.065401077270508 -3.5775437355041504
-4.274245262145996 24.14248275756836 -3.6030070781707764
0.0 0.0 0.0
-3.9368679523468018 24.194644927978516 -3.6373841762542725
-3.7376508712768555 24.044031143188477 -3.6264841556549072
-3.5805187225341797 24.139842987060547 -3.652678966522217
-3.3633553981781006 23.817689895629883 -3.615673542022705
-3.2216813564300537 24.022077560424805 -3.658545732498169
-3.0552337169647217 24.049755096435547 -3.6718153953552246
-2.8761353492736816 23.97274398803711 -3.669246196746826
-2.6895201206207275 23.8448486328125 -3.659148693084717
-2.527850389480591 23.903400421142578 -3.677626848220825
-2.357130527496338 23.876501083374023 -3.6818931102752686
-2.1887333393096924 23.867889404296875 -3.6872379779815674
-2.016986608505249 23.815778732299805 -3.6860151290893555
-1.8424603939056396 23.751079559326172 -3.683098554611206
-1.6844298839569092 23.865921020507812 -3.708096504211426
-1.5125898122787476 23.78744125366211 -3.7009198665618896
-1.3427021503448486 23.723291397094727 -3.6952340602874756
-1.1848788261413574 23.877662658691406 -3.7237741947174072
-1.0069078207015991 23.680177688598633 -3.6976983547210693
-0.8436362743377686 23.72817039489746 -3.709876537322998
-0.6803103089332581 23.794790267944336 -3.722087860107422
-0.516765832901001 23.89114761352539 -3.7391433715820312
-0.3482903242111206 23.739408493041992 -3.7175443172454834
-0.18163354694843292 23.92610740661621 -3.749171495437622
-0.015350982546806335 23.89569091796875 -3.7457942962646484
0.1506575495004654 23.852853775024414 -3.7385811805725098
0.31899723410606384 24.044260025024414 -3.768261432647705
0.48497405648231506 23.9759521484375 -3.7574188709259033
0.650540292263031 23.92579460144043 -3.7496025562286377
0.8218539357185364 23.97886848449707 -3.7559516429901123
0.9895302653312683 23.996305465698242 -3.75577974319458
1.1578607559204102 24.02027702331543 -3.756805896759033
1.3335739374160767 24.166378021240234 -3.777092218399048
1.5035157203674316 24.18793296813965 -3.7780792713165283
1.675670862197876 24.193153381347656 -3.7736871242523193
1.8584043979644775 24.37055778503418 -3.7962589263916016
2.022351026535034 24.2927188873291 -3.779233932495117
2.1787126064300537 24.140724182128906 -3.7508959770202637
2.3551931381225586 24.214555740356445 -3.756892442703247
2.533477783203125 24.264142990112305 -3.7566909790039062
2.7104647159576416 24.32039451599121 -3.757798194885254
2.8949170112609863 24.429019927978516 -3.7671093940734863
3.0379981994628906 24.195293426513672 -3.723844289779663
3.2358720302581787 24.39742660522461 -3.745976209640503
0.0 0.0 0.0
3.620823383331299 24.640195846557617 -3.7630536556243896
3.8001821041107178 24.666025161743164 -3.7572250366210938
3.978029727935791 24.679136276245117 -3.7496190071105957
4.150004863739014 24.65325927734375 -3.733407497406006
4.3371429443359375 24.71372413635254 -3.7303154468536377
4.5359721183776855 24.814085006713867 -3.7331109046936035
4.754336357116699 25.023509979248047 -3.7525289058685303
4.926321506500244 24.981042861938477 -3.7332184314727783
5.134648323059082 25.115596771240234 -3.738445997238159
5.315262317657471 25.10858154296875 -3.7226860523223877
5.506702423095703 25.133596420288086 -3.7115375995635986
0.0 0.0 0.0
5.937737941741943 25.406890869140625 -3.720749855041504
6.13431978225708 25.447032928466797 -3.7094509601593018
6.385840892791748 25.703397750854492 -3.7296009063720703
6.558969497680664 25.623247146606445 -3.7006399631500244
6.737725734710693 25.580224990844727 -3.6770589351654053
7.017792701721191 25.909618377685547 -3.7047624588012695
7.25380802154541 26.061229705810547 -3.7068166732788086
7.444613933563232 26.043306350708008 -3.6847445964813232
7.640786170959473 26.03055763244629 -3.663208246231079
0.0 0.0 0.0
0.0 0.0 0.0
0.0 0.0 0.0
0.0 0.0 0.0
0.0 0.0 0.0
9.06679916381836 26.700639724731445 -3.621623992919922
9.40239429473877 27.069128036499023 -3.64689302444458
9.68671703338623 27.273548126220703 -3.6495749950408936
9.913509368896484 27.307748794555664 -3.629326343536377
10.135252952575684 27.326026916503906 -3.605062246322632
10.39590072631836 27.431861877441406 -3.5913350582122803
10.631420135498047 27.475109100341797 -3.569776773452759
0.0 0.0 0.0
11.270343780517578 27.966276168823242 -3.577086925506592
11.491547584533691 27.95249366760254 -3.545173406600952
11.82918930053711 28.20393180847168 -3.5461044311523438
12.132286071777344 28.371402740478516 -3.536576747894287
0.0 0.0 0.0
12.669842720031738 28.52435302734375 -3.4912545680999756
0.0 0.0 0.0
0.0 0.0 0.0
0.0 0.0 0.0
0.0 0.0 0.0
0.0 0.0 0.0
0.0 0.0 0.0
15.203916549682617 30.172382354736328 -3.4371025562286377
0.0 0.0 0.0
0.0 0.0 0.0
16.2482967376709 30.630172729492188 -3.3656957149505615
0.0 0.0 0.0
0.0 0.0 0.0
17.61470603942871 31.587297439575195 -3.3361151218414307
0.0 0.0 0.0
0.0 0.0 0.0
0.0 0.0 0.0
0.0 0.0 0.0
0.0 0.0 0.0
0.0 0.0 0.0
0.0 0.0 0.0
0.0 0.0 0.0
0.0 0.0 0.0
0.0 0.0 0.0
0.0 0.0 0.0
0.0 0.0 0.0
0.0 0.0 0.0
0.0 0.0 0.0
0.0 0.0 0.0
0.0 0.0 0.0
0.0 0.0 0.0
0.0 0.0 0.0
0.0 0.0 0.0
0.0 0.0 0.0
0.0 0.0 0.0
0.0 0.0 0.0
0.0 0.0 0.0
0.0 0.0 0.0
0.0 0.0 0.0
0.0 0.0 0.0
0.0 0.0 0.0
0.0 0.0 0.0
0.0 0.0 0.0
0.0 0.0 0.0
0.0 0.0 0.0
0.0 0.0 0.0
0.0 0.0 0.0
0.0 0.0 0.0
0.0 0.0 0.0
0.0 0.0 0.0
0.0 0.0 0.0
0.0 0.0 0.0
0.0 0.0 0.0
0.0 0.0 0.0
0.0 0.0 0.0
0.0 0.0 0.0
0.0 0.0 0.0
0.0 0.0 0.0
0.0 0.0 0.0
0.0 0.0 0.0
0.0 0.0 0.0
0.0 0.0 0.0
0.0 0.0 0.0
0.0 0.0 0.0
0.0 0.0 0.0
0.0 0.0 0.0
0.0 0.0 0.0
0.0 0.0 0.0
0.0 0.0 0.0
0.0 0.0 0.0
0.0 0.0 0.0
0.0 0.0 0.0
0.0 0.0 0.0
0.0 0.0 0.0
0.0 0.0 0.0
0.0 0.0 0.0
0.0 0.0 0.0
26.150497436523438 83.33625030517578 12.837481498718262
0.0 0.0 0.0
0.0 0.0 0.0
0.0 0.0 0.0
0.0 0.0 0.0
0.0 0.0 0.0
0.0 0.0 0.0
0.0 0.0 0.0
0.0 0.0 0.0
0.0 0.0 0.0
0.0 0.0 0.0
0.0 0.0 0.0
0.0 0.0 0.0
0.0 0.0 0.0
0.0 0.0 0.0
0.0 0.0 0.0
0.0 0.0 0.0
0.0 0.0 0.0
0.0 0.0 0.0
0.0 0.0 0.0
0.0 0.0 0.0
0.0 0.0 0.0
0.0 0.0 0.0
0.0 0.0 0.0
0.0 0.0 0.0
0.0 0.0 0.0
0.0 0.0 0.0
0.0 0.0 0.0
0.0 0.0 0.0
0.0 0.0 0.0
0.0 0.0 0.0
0.0 0.0 0.0
0.0 0.0 0.0
0.0 0.0 0.0
0.0 0.0 0.0
0.0 0.0 0.0
0.0 0.0 0.0
0.0 0.0 0.0
0.0 0.0 0.0
0.0 0.0 0.0
0.0 0.0 0.0
0.0 0.0 0.0
0.0 0.0 0.0
0.0 0.0 0.0
0.0 0.0 0.0
0.0 0.0 0.0
0.0 0.0 0.0
0.0 0.0 0.0
0.0 0.0 0.0
0.0 0.0 0.0
0.0 0.0 0.0
0.0 0.0 0.0
0.0 0.0 0.0
0.0 0.0 0.0
0.0 0.0 0.0
0.0 0.0 0.0
0.0 0.0 0.0
0.0 0.0 0.0
0.0 0.0 0.0
0.0 0.0 0.0
0.0 0.0 0.0
0.0 0.0 0.0
0.0 0.0 0.0
0.0 0.0 0.0
0.0 0.0 0.0
0.0 0.0 0.0
0.0 0.0 0.0
0.0 0.0 0.0
0.0 0.0 0.0
0.0 0.0 0.0
0.0 0.0 0.0
0.0 0.0 0.0
0.0 0.0 0.0
0.0 0.0 0.0
0.0 0.0 0.0
0.0 0.0 0.0
0.0 0.0 0.0
0.0 0.0 0.0
0.0 0.0 0.0
0.0 0.0 0.0
0.0 0.0 0.0
0.0 0.0 0.0
0.0 0.0 0.0
0.0 0.0 0.0
0.0 0.0 0.0
0.0 0.0 0.0
0.0 0.0 0.0
0.0 0.0 0.0
0.0 0.0 0.0
0.0 0.0 0.0
0.0 0.0 0.0
0.0 0.0 0.0
0.0 0.0 0.0
0.0 0.0 0.0
0.0 0.0 0.0
0.0 0.0 0.0
0.0 0.0 0.0
0.0 0.0 0.0
0.0 0.0 0.0
0.0 0.0 0.0
0.0 0.0 0.0
0.0 0.0 0.0
0.0 0.0 0.0
0.0 0.0 0.0
0.0 0.0 0.0
0.0 0.0 0.0
0.0 0.0 0.0
0.0 0.0 0.0
0.0 0.0 0.0
0.0 0.0 0.0
0.0 0.0 0.0
0.0 0.0 0.0
0.0 0.0 0.0
0.0 0.0 0.0
0.0 0.0 0.0
0.0 0.0 0.0
0.0 0.0 0.0
0.0 0.0 0.0
0.0 0.0 0.0
0.0 0.0 0.0
0.0 0.0 0.0
0.0 0.0 0.0
0.0 0.0 0.0
0.0 0.0 0.0
-118.07564544677734 187.8497772216797 22.037649154663086
0.0 0.0 0.0
0.0 0.0 0.0
0.0 0.0 0.0
0.0 0.0 0.0
0.0 0.0 0.0
0.0 0.0 0.0
0.0 0.0 0.0
0.0 0.0 0.0
0.0 0.0 0.0
0.0 0.0 0.0
0.0 0.0 0.0
0.0 0.0 0.0
0.0 0.0 0.0
0.0 0.0 0.0
0.0 0.0 0.0
0.0 0.0 0.0
0.0 0.0 0.0
0.0 0.0 0.0
0.0 0.0 0.0
0.0 0.0 0.0
0.0 0.0 0.0
0.0 0.0 0.0
0.0 0.0 0.0
0.0 0.0 0.0
0.0 0.0 0.0
0.0 0.0 0.0
0.0 0.0 0.0
0.0 0.0 0.0
0.0 0.0 0.0
0.0 0.0 0.0
0.0 0.0 0.0
0.0 0.0 0.0
0.0 0.0 0.0
0.0 0.0 0.0
0.0 0.0 0.0
0.0 0.0 0.0
0.0 0.0 0.0
0.0 0.0 0.0
0.0 0.0 0.0
-12.120322227478027 26.91447639465332 -3.0971739292144775
-11.847318649291992 26.805952072143555 -3.117587089538574
0.0 0.0 0.0
0.0 0.0 0.0
0.0 0.0 0.0
0.0 0.0 0.0
0.0 0.0 0.0
0.0 0.0 0.0
0.0 0.0 0.0
0.0 0.0 0.0
0.0 0.0 0.0
0.0 0.0 0.0
0.0 0.0 0.0
0.0 0.0 0.0
0.0 0.0 0.0
-8.393033027648926 25.467987060546875 -3.347358465194702
0.0 0.0 0.0
0.0 0.0 0.0
-7.682698726654053 25.06376838684082 -3.363337993621826
-7.479805946350098 25.020261764526367 -3.378589391708374
0.0 0.0 0.0
0.0 0.0 0.0
-6.849498748779297 24.795286178588867 -3.4117536544799805
-6.666602611541748 24.805572509765625 -3.4319939613342285
0.0 0.0 0.0
-6.255858421325684 24.641942977905273 -3.44704270362854
0.0 0.0 0.0
-5.876780033111572 24.59306526184082 -3.477139472961426
-5.711584091186523 24.66064453125 -3.503213882446289
-5.451092720031738 24.30423355102539 -3.468965768814087
-5.277696132659912 24.32357406616211 -3.488262414932251
-5.119810104370117 24.429258346557617 -3.520420789718628
-4.955108165740967 24.492040634155273 -3.5436813831329346
-4.737550258636475 24.28415870666504 -3.527700424194336
-4.563632965087891 24.291133880615234 -3.5429675579071045
-4.385230541229248 24.270187377929688 -3.5542755126953125
-4.211493492126465 24.290470123291016 -3.5710220336914062
-4.028694152832031 24.236854553222656 -3.5749456882476807
-3.8195204734802246 24.010108947753906 -3.5533435344696045
-3.6723458766937256 24.16758918762207 -3.5887203216552734
-3.4854896068573 24.06407356262207 -3.5855181217193604
-3.3319170475006104 24.189132690429688 -3.61441969871521
-3.159243583679199 24.20257568359375 -3.6261184215545654
-2.999448776245117 24.294971466064453 -3.6496829986572266
-2.796085834503174 24.02174949645996 -3.618410348892212
-2.630864381790161 24.057966232299805 -3.6336944103240967
-2.458791494369507 24.03200340270996 -3.6368696689605713
-2.284092903137207 24.00120735168457 -3.639584541320801
-2.1143946647644043 23.988161087036133 -3.6450283527374268
-1.9395630359649658 23.904619216918945 -3.639888048171997
-1.7821325063705444 24.039512634277344 -3.667062997817993
-1.6192375421524048 24.119722366333008 -3.6840693950653076
-1.431942105293274 23.855913162231445 -3.6487483978271484
-1.276114821434021 24.0571231842041 -3.6846282482147217
-1.1120474338531494 24.137727737426758 -3.702270030975342
0.0 0.0 0.0
-0.7768876552581787 24.176713943481445 -3.7140135765075684
-0.5986618995666504 23.895475387573242 -3.673431396484375
-0.4353264272212982 24.0529727935791 -3.7004151344299316
-0.2685563564300537 24.112825393676758 -3.712585210800171
-0.10088276863098145 24.121784210205078 -3.7140791416168213
0.06670228391885757 24.05624008178711 -3.70416259765625
0.2343471795320511 24.08991050720215 -3.7097017765045166
0.4045265018939972 24.06831932067871 -3.706920862197876
0.5753750205039978 24.211685180664062 -3.728891372680664
0.7423354387283325 24.157384872436523 -3.718203067779541
0.9140409827232361 24.25240707397461 -3.7306764125823975
1.081963300704956 24.22662925720215 -3.724738121032715
1.264723777770996 24.438617706298828 -3.755492925643921
1.422667384147644 24.225669860839844 -3.7193760871887207
1.5934979915618896 24.25079917907715 -3.7185821533203125
1.7734266519546509 24.39411163330078 -3.736055374145508
1.9449959993362427 24.40521812438965 -3.733429431915283
2.131833076477051 24.553377151489258 -3.7518458366394043
2.297128438949585 24.481637954711914 -3.7341415882110596
2.4535372257232666 24.328140258789062 -3.7037506103515625
2.644791603088379 24.515411376953125 -3.7254011631011963
2.826221227645874 24.593782424926758 -3.730607748031616
3.0021610260009766 24.59001922607422 -3.722855567932129
3.17647385597229 24.593355178833008 -3.7139413356781006
3.358600378036499 24.652896881103516 -3.713667869567871
3.5347838401794434 24.661352157592773 -3.7058262825012207
3.734815835952759 24.825206756591797 -3.721437692642212
3.9160590171813965 24.854129791259766 -3.715430736541748
4.1028056144714355 24.89293098449707 -3.709303617477417
4.3143205642700195 25.086959838867188 -3.726545810699463
4.4994282722473145 25.115659713745117 -3.7192821502685547
4.69981050491333 25.222837448120117 -3.723745822906494
4.8660054206848145 25.142803192138672 -3.6982579231262207
5.042970180511475 25.10280418395996 -3.678189754486084
5.285130023956299 25.391496658325195 -3.706533432006836
5.490026950836182 25.485258102416992 -3.7063560485839844
5.738174915313721 25.766332626342773 -3.732743740081787
5.85972785949707 25.476242065429688 -3.674542188644409
6.094257354736328 25.6629581451416 -3.685014486312866
6.281491279602051 25.6567440032959 -3.6680960655212402
6.501104354858398 25.77672576904297 -3.669276475906372
6.760514736175537 26.041275024414062 -3.689095973968506
6.963070869445801 26.075504302978516 -3.675285577774048
0.0 0.0 0.0
7.371788501739502 26.130937576293945 -3.64570689201355
0.0 0.0 0.0
7.864241123199463 26.463348388671875 -3.6519675254821777
0.0 0.0 0.0
8.252625465393066 26.405406951904297 -3.6015875339508057
8.503396034240723 26.55746078491211 -3.601364850997925
0.0 0.0 0.0
9.029977798461914 26.906856536865234 -3.6023495197296143
9.322912216186523 27.151323318481445 -3.6113412380218506
9.502619743347168 27.060306549072266 -3.5756733417510986
9.820940017700195 27.346538543701172 -3.588701009750366
10.06846809387207 27.4344539642334 -3.5739495754241943
10.31088638305664 27.50208854675293 -3.5564568042755127
10.657349586486816 27.835708618164062 -3.573021650314331
10.914575576782227 27.92375373840332 -3.5576748847961426
11.218055725097656 28.11325454711914 -3.5525920391082764
0.0 0.0 0.0
11.799508094787598 28.414087295532227 -3.5319736003875732
0.0 0.0 0.0
12.407608032226562 28.7439022064209 -3.512197494506836
0.0 0.0 0.0
0.0 0.0 0.0
13.358881950378418 29.24602508544922 -3.4750242233276367
0.0 0.0 0.0
0.0 0.0 0.0
0.0 0.0 0.0
0.0 0.0 0.0
0.0 0.0 0.0
15.455779075622559 30.402240753173828 -3.3898675441741943
0.0 0.0 0.0
0.0 0.0 0.0
16.656070709228516 31.13071060180664 -3.3480148315429688
0.0 0.0 0.0
0.0 0.0 0.0
0.0 0.0 0.0
18.42399024963379 32.24810791015625 -3.2861993312835693
0.0 0.0 0.0
0.0 0.0 0.0
0.0 0.0 0.0
0.0 0.0 0.0
0.0 0.0 0.0
0.0 0.0 0.0
0.0 0.0 0.0
22.54155921936035 34.79079818725586 -3.093430280685425
0.0 0.0 0.0
0.0 0.0 0.0
0.0 0.0 0.0
0.0 0.0 0.0
0.0 0.0 0.0
0.0 0.0 0.0
0.0 0.0 0.0
0.0 0.0 0.0
0.0 0.0 0.0
0.0 0.0 0.0
0.0 0.0 0.0
0.0 0.0 0.0
0.0 0.0 0.0
0.0 0.0 0.0
0.0 0.0 0.0
0.0 0.0 0.0
0.0 0.0 0.0
0.0 0.0 0.0
0.0 0.0 0.0
0.0 0.0 0.0
0.0 0.0 0.0
0.0 0.0 0.0
0.0 0.0 0.0
0.0 0.0 0.0
0.0 0.0 0.0
0.0 0.0 0.0
0.0 0.0 0.0
0.0 0.0 0.0
0.0 0.0 0.0
0.0 0.0 0.0
0.0 0.0 0.0
0.0 0.0 0.0
0.0 0.0 0.0
0.0 0.0 0.0
0.0 0.0 0.0
0.0 0.0 0.0
0.0 0.0 0.0
0.0 0.0 0.0
0.0 0.0 0.0
0.0 0.0 0.0
0.0 0.0 0.0
0.0 0.0 0.0
0.0 0.0 0.0
0.0 0.0 0.0
0.0 0.0 0.0
0.0 0.0 0.0
0.0 0.0 0.0
0.0 0.0 0.0
0.0 0.0 0.0
0.0 0.0 0.0
0.0 0.0 0.0
0.0 0.0 0.0
0.0 0.0 0.0
0.0 0.0 0.0
0.0 0.0 0.0
0.0 0.0 0.0
0.0 0.0 0.0
0.0 0.0 0.0
0.0 0.0 0.0
0.0 0.0 0.0
0.0 0.0 0.0
0.0 0.0 0.0
0.0 0.0 0.0
0.0 0.0 0.0
0.0 0.0 0.0
0.0 0.0 0.0
0.0 0.0 0.0
0.0 0.0 0.0
0.0 0.0 0.0
0.0 0.0 0.0
0.0 0.0 0.0
0.0 0.0 0.0
0.0 0.0 0.0
0.0 0.0 0.0
0.0 0.0 0.0
0.0 0.0 0.0
0.0 0.0 0.0
0.0 0.0 0.0
0.0 0.0 0.0
0.0 0.0 0.0
0.0 0.0 0.0
0.0 0.0 0.0
0.0 0.0 0.0
0.0 0.0 0.0
0.0 0.0 0.0
0.0 0.0 0.0
0.0 0.0 0.0
0.0 0.0 0.0
0.0 0.0 0.0
0.0 0.0 0.0
0.0 0.0 0.0
0.0 0.0 0.0
0.0 0.0 0.0
0.0 0.0 0.0
0.0 0.0 0.0
0.0 0.0 0.0
0.0 0.0 0.0
0.0 0.0 0.0
0.0 0.0 0.0
0.0 0.0 0.0
0.0 0.0 0.0
0.0 0.0 0.0
0.0 0.0 0.0
0.0 0.0 0.0
0.0 0.0 0.0
0.0 0.0 0.0
0.0 0.0 0.0
0.0 0.0 0.0
0.0 0.0 0.0
0.0 0.0 0.0
0.0 0.0 0.0
0.0 0.0 0.0
0.0 0.0 0.0
0.0 0.0 0.0
0.0 0.0 0.0
0.0 0.0 0.0
0.0 0.0 0.0
0.0 0.0 0.0
0.0 0.0 0.0
0.0 0.0 0.0
0.0 0.0 0.0
0.0 0.0 0.0
0.0 0.0 0.0
0.0 0.0 0.0
0.0 0.0 0.0
0.0 0.0 0.0
0.0 0.0 0.0
0.0 0.0 0.0
0.0 0.0 0.0
0.0 0.0 0.0
0.0 0.0 0.0
0.0 0.0 0.0
0.0 0.0 0.0
0.0 0.0 0.0
0.0 0.0 0.0
0.0 0.0 0.0
0.0 0.0 0.0
0.0 0.0 0.0
0.0 0.0 0.0
0.0 0.0 0.0
0.0 0.0 0.0
0.0 0.0 0.0
0.0 0.0 0.0
0.0 0.0 0.0
0.0 0.0 0.0
0.0 0.0 0.0
0.0 0.0 0.0
0.0 0.0 0.0
0.0 0.0 0.0
0.0 0.0 0.0
0.0 0.0 0.0
0.0 0.0 0.0
0.0 0.0 0.0
0.0 0.0 0.0
0.0 0.0 0.0
0.0 0.0 0.0
0.0 0.0 0.0
0.0 0.0 0.0
0.0 0.0 0.0
0.0 0.0 0.0
0.0 0.0 0.0
0.0 0.0 0.0
0.0 0.0 0.0
0.0 0.0 0.0
0.0 0.0 0.0
0.0 0.0 0.0
0.0 0.0 0.0
0.0 0.0 0.0
0.0 0.0 0.0
0.0 0.0 0.0
0.0 0.0 0.0
0.0 0.0 0.0
0.0 0.0 0.0
0.0 0.0 0.0
0.0 0.0 0.0
0.0 0.0 0.0
0.0 0.0 0.0
0.0 0.0 0.0
0.0 0.0 0.0
0.0 0.0 0.0
0.0 0.0 0.0
0.0 0.0 0.0
0.0 0.0 0.0
0.0 0.0 0.0
0.0 0.0 0.0
0.0 0.0 0.0
0.0 0.0 0.0
0.0 0.0 0.0
0.0 0.0 0.0
0.0 0.0 0.0
0.0 0.0 0.0
0.0 0.0 0.0
0.0 0.0 0.0
0.0 0.0 0.0
0.0 0.0 0.0
0.0 0.0 0.0
0.0 0.0 0.0
0.0 0.0 0.0
0.0 0.0 0.0
0.0 0.0 0.0
0.0 0.0 0.0
0.0 0.0 0.0
0.0 0.0 0.0
0.0 0.0 0.0
0.0 0.0 0.0
0.0 0.0 0.0
0.0 0.0 0.0
0.0 0.0 0.0
0.0 0.0 0.0
0.0 0.0 0.0
0.0 0.0 0.0
0.0 0.0 0.0
0.0 0.0 0.0
0.0 0.0 0.0
0.0 0.0 0.0
0.0 0.0 0.0
0.0 0.0 0.0
0.0 0.0 0.0
0.0 0.0 0.0
0.0 0.0 0.0
0.0 0.0 0.0
0.0 0.0 0.0
0.0 0.0 0.0
0.0 0.0 0.0
0.0 0.0 0.0
0.0 0.0 0.0
0.0 0.0 0.0
0.0 0.0 0.0
0.0 0.0 0.0
0.0 0.0 0.0
0.0 0.0 0.0
0.0 0.0 0.0
0.0 0.0 0.0
0.0 0.0 0.0
0.0 0.0 0.0
0.0 0.0 0.0
-7.8685503005981445 25.34807777404785 -3.3351614475250244
0.0 0.0 0.0
0.0 0.0 0.0
-7.241206645965576 25.184568405151367 -3.3790481090545654
0.0 0.0 0.0
-6.825450420379639 25.048683166503906 -3.3996095657348633
-6.580580711364746 24.84232521057129 -3.390936851501465
-6.413362979888916 24.910606384277344 -3.419421672821045
-6.193630695343018 24.771278381347656 -3.4188942909240723
0.0 0.0 0.0
-5.827203750610352 24.762447357177734 -3.451091766357422
-5.625639915466309 24.686813354492188 -3.4576728343963623
-5.464241027832031 24.77147674560547 -3.4865403175354004
-5.253968715667725 24.632095336914062 -3.4822494983673096
-5.073709487915039 24.627622604370117 -3.496159553527832
-4.872848987579346 24.51555061340332 -3.4948408603668213
-4.689024448394775 24.497400283813477 -3.5072221755981445
-4.51492166519165 24.511634826660156 -3.5239973068237305
-4.34968900680542 24.574501037597656 -3.5452053546905518
-4.178369522094727 24.601863861083984 -3.5614521503448486
-4.006677627563477 24.6280517578125 -3.577716588973999
-3.794605016708374 24.412738800048828 -3.559154510498047
-3.608799934387207 24.333192825317383 -3.559020757675171
-3.4153544902801514 24.18740463256836 -3.547480583190918
-3.269331216812134 24.37726593017578 -3.5853419303894043
-3.065587043762207 24.13297462463379 -3.559494733810425
0.0 0.0 0.0
-2.7311789989471436 24.216201782226562 -3.590496301651001
-2.5637519359588623 24.244651794433594 -3.6023614406585693
-2.3869504928588867 24.17964744567871 -3.6004929542541504
-2.2272088527679443 24.290376663208008 -3.6249823570251465
-2.0544931888580322 24.261432647705078 -3.628748655319214
-1.893276572227478 24.412973403930664 -3.6567089557647705
-1.7112919092178345 24.25493621826172 -3.638378858566284
-1.5428727865219116 24.272916793823242 -3.646592855453491
-1.3648830652236938 24.120014190673828 -3.6292686462402344
-1.2071805000305176 24.336360931396484 -3.6666815280914307
-1.0350059270858765 24.347562789916992 -3.6712262630462646
-0.8635460734367371 24.295684814453125 -3.6663832664489746
-0.6936304569244385 24.269628524780273 -3.6656033992767334
-0.52386873960495 24.230804443359375 -3.6630616188049316
-0.3564999997615814 24.306926727294922 -3.6762149333953857
-0.1845320165157318 24.316436767578125 -3.678239583969116
-0.015490103513002396 24.38266372680664 -3.6890149116516113
0.15359018743038177 24.27777099609375 -3.6740787029266357
0.3212153911590576 24.187166213989258 -3.6614720821380615
0.4943476915359497 24.431753158569336 -3.6971051692962646
0.6606983542442322 24.29291343688965 -3.6745145320892334
0.8344094753265381 24.342002868652344 -3.680511236190796
1.0042845010757446 24.347505569458008 -3.6801180839538574
1.1807386875152588 24.49079704284668 -3.7002274990081787
1.3547786474227905 24.54833984375 -3.704904317855835
1.5244412422180176 24.52369499206543 -3.697352647781372
1.7098658084869385 24.682645797729492 -3.717569351196289
1.8714357614517212 24.53999137878418 -3.692603826522827
2.0445945262908936 24.558176040649414 -3.6906418800354004
2.204739809036255 24.42531394958496 -3.6644437313079834
2.399592876434326 24.668272018432617 -3.6947803497314453
2.575920581817627 24.667295455932617 -3.6885805130004883
2.7645225524902344 24.803640365600586 -3.703167200088501
2.943976640701294 24.842939376831055 -3.701080322265625
3.106637954711914 24.7430419921875 -3.67765212059021
3.2870543003082275 24.783798217773438 -3.675305128097534
3.4872937202453613 24.93767738342285 -3.6896884441375732
3.6606991291046143 24.914541244506836 -3.677994728088379
3.8589322566986084 25.051010131835938 -3.6872429847717285
4.038532257080078 25.056140899658203 -3.6772429943084717
4.24855375289917 25.23917007446289 -3.693429470062256
4.4350504875183105 25.272014617919922 -3.687715530395508
4.616257667541504 25.25367546081543 -3.6733360290527344
4.821758270263672 25.379201889038086 -3.6784021854400635
4.995760440826416 25.33230972290039 -3.6585686206817627
5.203225612640381 25.450990676879883 -3.6627724170684814
5.397569179534912 25.496078491210938 -3.6564300060272217
5.600679397583008 25.562076568603516 -3.6507763862609863
5.846619129180908 25.823396682739258 -3.6724889278411865
0.0 0.0 0.0
6.274740219116211 26.027324676513672 -3.6704444885253906
6.471858024597168 26.049842834472656 -3.6579174995422363
6.679115295410156 26.092775344848633 -3.645812511444092
6.872341632843018 26.089916229248047 -3.627706527709961
7.1051201820373535 26.231420516967773 -3.629718065261841
7.328993320465088 26.32987403869629 -3.6257057189941406
0.0 0.0 0.0
7.814117431640625 26.621414184570312 -3.625807762145996
8.096151351928711 26.888816833496094 -3.641789436340332
8.253371238708496 26.73525047302246 -3.6007425785064697
8.45858383178711 26.739784240722656 -3.580997943878174
0.0 0.0 0.0
9.077630043029785 27.36604118347168 -3.619155168533325
9.292563438415527 27.363435745239258 -3.5956602096557617
9.500683784484863 27.34926414489746 -3.5711395740509033
9.775935173034668 27.523914337158203 -3.5695688724517822
10.047760009765625 27.677852630615234 -3.5642340183258057
10.308713912963867 27.792993545532227 -3.553711414337158
10.544937133789062 27.8248291015625 -3.5320098400115967
10.793764114379883 27.895952224731445 -3.5150325298309326
11.20454216003418 28.369029998779297 -3.546560764312744
0.0 0.0 0.0
0.0 0.0 0.0
0.0 0.0 0.0
12.272808074951172 28.699796676635742 -3.4716570377349854
0.0 0.0 0.0
0.0 0.0 0.0
13.196017265319824 29.160934448242188 -3.4338996410369873
0.0 0.0 0.0
0.0 0.0 0.0
14.301701545715332 29.917409896850586 -3.4197351932525635
0.0 0.0 0.0
0.0 0.0 0.0
0.0 0.0 0.0
0.0 0.0 0.0
0.0 0.0 0.0
0.0 0.0 0.0
16.905807495117188 31.343643188476562 -3.3090128898620605
0.0 0.0 0.0
0.0 0.0 0.0
0.0 0.0 0.0
0.0 0.0 0.0
0.0 0.0 0.0
0.0 0.0 0.0
0.0 0.0 0.0
0.0 0.0 0.0
0.0 0.0 0.0
0.0 0.0 0.0
0.0 0.0 0.0
0.0 0.0 0.0
0.0 0.0 0.0
0.0 0.0 0.0
0.0 0.0 0.0
0.0 0.0 0.0
0.0 0.0 0.0
0.0 0.0 0.0
0.0 0.0 0.0
0.0 0.0 0.0
0.0 0.0 0.0
0.0 0.0 0.0
0.0 0.0 0.0
0.0 0.0 0.0
0.0 0.0 0.0
0.0 0.0 0.0
0.0 0.0 0.0
0.0 0.0 0.0
0.0 0.0 0.0
0.0 0.0 0.0
0.0 0.0 0.0
0.0 0.0 0.0
0.0 0.0 0.0
0.0 0.0 0.0
0.0 0.0 0.0
0.0 0.0 0.0
0.0 0.0 0.0
0.0 0.0 0.0
0.0 0.0 0.0
0.0 0.0 0.0
0.0 0.0 0.0
0.0 0.0 0.0
0.0 0.0 0.0
0.0 0.0 0.0
0.0 0.0 0.0
0.0 0.0 0.0
0.0 0.0 0.0
0.0 0.0 0.0
0.0 0.0 0.0
0.0 0.0 0.0
0.0 0.0 0.0
0.0 0.0 0.0
0.0 0.0 0.0
0.0 0.0 0.0
0.0 0.0 0.0
0.0 0.0 0.0
0.0 0.0 0.0
0.0 0.0 0.0
0.0 0.0 0.0
0.0 0.0 0.0
0.0 0.0 0.0
0.0 0.0 0.0
0.0 0.0 0.0
0.0 0.0 0.0
0.0 0.0 0.0
0.0 0.0 0.0
0.0 0.0 0.0
0.0 0.0 0.0
0.0 0.0 0.0
0.0 0.0 0.0
0.0 0.0 0.0
0.0 0.0 0.0
0.0 0.0 0.0
0.0 0.0 0.0
0.0 0.0 0.0
0.0 0.0 0.0
0.0 0.0 0.0
0.0 0.0 0.0
0.0 0.0 0.0
0.0 0.0 0.0
0.0 0.0 0.0
0.0 0.0 0.0
0.0 0.0 0.0
0.0 0.0 0.0
0.0 0.0 0.0
0.0 0.0 0.0
0.0 0.0 0.0
0.0 0.0 0.0
0.0 0.0 0.0
0.0 0.0 0.0
0.0 0.0 0.0
0.0 0.0 0.0
0.0 0.0 0.0
0.0 0.0 0.0
0.0 0.0 0.0
0.0 0.0 0.0
0.0 0.0 0.0
0.0 0.0 0.0
0.0 0.0 0.0
0.0 0.0 0.0
0.0 0.0 0.0
0.0 0.0 0.0
0.0 0.0 0.0
0.0 0.0 0.0
0.0 0.0 0.0
0.0 0.0 0.0
0.0 0.0 0.0
0.0 0.0 0.0
0.0 0.0 0.0
0.0 0.0 0.0
0.0 0.0 0.0
0.0 0.0 0.0
0.0 0.0 0.0
0.0 0.0 0.0
0.0 0.0 0.0
0.0 0.0 0.0
0.0 0.0 0.0
0.0 0.0 0.0
0.0 0.0 0.0
0.0 0.0 0.0
0.0 0.0 0.0
0.0 0.0 0.0
0.0 0.0 0.0
0.0 0.0 0.0
0.0 0.0 0.0
0.0 0.0 0.0
0.0 0.0 0.0
0.0 0.0 0.0
0.0 0.0 0.0
0.0 0.0 0.0
0.0 0.0 0.0
0.0 0.0 0.0
0.0 0.0 0.0
0.0 0.0 0.0
0.0 0.0 0.0
0.0 0.0 0.0
0.0 0.0 0.0
0.0 0.0 0.0
0.0 0.0 0.0
0.0 0.0 0.0
0.0 0.0 0.0
0.0 0.0 0.0
0.0 0.0 0.0
0.0 0.0 0.0
0.0 0.0 0.0
0.0 0.0 0.0
0.0 0.0 0.0
0.0 0.0 0.0
0.0 0.0 0.0
0.0 0.0 0.0
0.0 0.0 0.0
0.0 0.0 0.0
0.0 0.0 0.0
0.0 0.0 0.0
0.0 0.0 0.0
0.0 0.0 0.0
0.0 0.0 0.0
0.0 0.0 0.0
0.0 0.0 0.0
0.0 0.0 0.0
0.0 0.0 0.0
0.0 0.0 0.0
0.0 0.0 0.0
0.0 0.0 0.0
0.0 0.0 0.0
0.0 0.0 0.0
0.0 0.0 0.0
0.0 0.0 0.0
0.0 0.0 0.0
0.0 0.0 0.0
0.0 0.0 0.0
0.0 0.0 0.0
0.0 0.0 0.0
0.0 0.0 0.0
0.0 0.0 0.0
0.0 0.0 0.0
0.0 0.0 0.0
0.0 0.0 0.0
0.0 0.0 0.0
0.0 0.0 0.0
0.0 0.0 0.0
0.0 0.0 0.0
0.0 0.0 0.0
0.0 0.0 0.0
0.0 0.0 0.0
0.0 0.0 0.0
0.0 0.0 0.0
0.0 0.0 0.0
0.0 0.0 0.0
0.0 0.0 0.0
0.0 0.0 0.0
0.0 0.0 0.0
0.0 0.0 0.0
0.0 0.0 0.0
0.0 0.0 0.0
0.0 0.0 0.0
0.0 0.0 0.0
0.0 0.0 0.0
0.0 0.0 0.0
0.0 0.0 0.0
0.0 0.0 0.0
0.0 0.0 0.0
0.0 0.0 0.0
0.0 0.0 0.0
0.0 0.0 0.0
0.0 0.0 0.0
0.0 0.0 0.0
0.0 0.0 0.0
0.0 0.0 0.0
0.0 0.0 0.0
0.0 0.0 0.0
0.0 0.0 0.0
0.0 0.0 0.0
0.0 0.0 0.0
0.0 0.0 0.0
0.0 0.0 0.0
0.0 0.0 0.0
0.0 0.0 0.0
0.0 0.0 0.0
0.0 0.0 0.0
0.0 0.0 0.0
0.0 0.0 0.0
0.0 0.0 0.0
0.0 0.0 0.0
0.0 0.0 0.0
0.0 0.0 0.0
0.0 0.0 0.0
0.0 0.0 0.0
-12.572164535522461 27.39922332763672 -3.02059006690979
0.0 0.0 0.0
0.0 0.0 0.0
0.0 0.0 0.0
0.0 0.0 0.0
0.0 0.0 0.0
0.0 0.0 0.0
0.0 0.0 0.0
0.0 0.0 0.0
0.0 0.0 0.0
0.0 0.0 0.0
0.0 0.0 0.0
0.0 0.0 0.0
0.0 0.0 0.0
0.0 0.0 0.0
0.0 0.0 0.0
0.0 0.0 0.0
-8.257902145385742 25.660572052001953 -3.286954879760742
0.0 0.0 0.0
-7.830935955047607 25.547578811645508 -3.3159263134002686
0.0 0.0 0.0
0.0 0.0 0.0
0.0 0.0 0.0
-6.992783069610596 25.317481994628906 -3.367684841156006
-6.767580032348633 25.182701110839844 -3.3692166805267334
-6.611387729644775 25.300840377807617 -3.404649257659912
-6.342599391937256 24.982969284057617 -3.3792848587036133
-6.2228569984436035 25.261268615722656 -3.4346349239349365
0.0 0.0 0.0
-5.797327995300293 25.0302734375 -3.4380226135253906
0.0 0.0 0.0
-5.428883075714111 25.019878387451172 -3.468222141265869
-5.202423095703125 24.82396125793457 -3.4562649726867676
-4.998322010040283 24.7052001953125 -3.454711437225342
-4.859851360321045 24.91145896911621 -3.4987905025482178
-4.644134521484375 24.721755981445312 -3.4855387210845947
-4.445677280426025 24.60645294189453 -3.481905698776245
-4.276261329650879 24.665454864501953 -3.503288984298706
0.0 0.0 0.0
-3.915459632873535 24.61480140686035 -3.52193546295166
-3.707582712173462 24.40248680114746 -3.50168514251709
-3.5566208362579346 24.55975914001465 -3.5345983505249023
-3.36566162109375 24.440263748168945 -3.5278470516204834
-3.2012767791748047 24.53052520751953 -3.551691770553589
-3.021456718444824 24.481374740600586 -3.554283380508423
-2.850597858428955 24.49639129638672 -3.564561128616333
-2.6845149993896484 24.556344985961914 -3.5815742015838623
-2.5084965229034424 24.522851943969727 -3.585118532180786
0.0 0.0 0.0
-2.1616852283477783 24.529687881469727 -3.6014487743377686
-1.9787158966064453 24.392772674560547 -3.5870182514190674
-1.8055552244186401 24.36244773864746 -3.588397979736328
-1.6325961351394653 24.323177337646484 -3.5886037349700928
-1.4714221954345703 24.522018432617188 -3.6242690086364746
-1.2954738140106201 24.430627822875977 -3.614168167114258
-1.1269240379333496 24.46537971496582 -3.6227834224700928
-0.9594122171401978 24.541440963745117 -3.637709379196167
-0.7889897227287292 24.550691604614258 -3.642914295196533
-0.6155025362968445 24.56279182434082 -3.648047685623169
-0.4412376582622528 24.388547897338867 -3.6231813430786133
-0.2738456726074219 24.591705322265625 -3.6545584201812744
-0.10263825953006744 24.600515365600586 -3.657243013381958
0.0685398206114769 24.631315231323242 -3.6633737087249756
0.2391294538974762 24.55683135986328 -3.6524860858917236
0.41406434774398804 24.620433807373047 -3.660673141479492
0.5837307572364807 24.55152130126953 -3.649358034133911
0.7567320466041565 24.62047576904297 -3.6587119102478027
0.9262084364891052 24.568517684936523 -3.650273084640503
1.101099967956543 24.650814056396484 -3.6597132682800293
1.2776023149490356 24.681665420532227 -3.660889148712158
1.457429051399231 24.811716079711914 -3.6769933700561523
0.0 0.0 0.0
1.8075435161590576 24.859758377075195 -3.6781728267669678
1.9722338914871216 24.743684768676758 -3.655226945877075
2.1773500442504883 25.076766967773438 -3.6986629962921143
2.3240432739257812 24.76583480834961 -3.647371530532837
2.5068533420562744 24.854000091552734 -3.655076265335083
2.7020227909088135 25.044736862182617 -3.677049160003662
2.8878378868103027 25.126718521118164 -3.681056261062622
3.0355942249298096 24.857763290405273 -3.63373064994812
3.2363815307617188 25.052270889282227 -3.654493570327759
3.4358479976654053 25.214555740356445 -3.670611619949341
3.6069424152374268 25.161222457885742 -3.6536550521850586
3.785626173019409 25.160402297973633 -3.6433353424072266
4.005798816680908 25.421913146972656 -3.671067714691162
4.208621978759766 25.53226661682129 -3.676795244216919
4.394330024719238 25.55005645751953 -3.6694767475128174
4.568079948425293 25.498350143432617 -3.6497209072113037
4.754922389984131 25.517711639404297 -3.640098810195923
4.978275299072266 25.721817016601562 -3.6568708419799805
5.150156497955322 25.635147094726562 -3.6321678161621094
5.381442070007324 25.85495376586914 -3.6503984928131104
5.535683631896973 25.698505401611328 -3.613530158996582
5.7990522384643555 26.03978729248047 -3.646679162979126
0.0 0.0 0.0
6.161625862121582 25.946117401123047 -3.604140520095825
6.448410511016846 26.33794403076172 -3.6422741413116455
6.6740007400512695 26.460580825805664 -3.642118215560913
6.858583450317383 26.41650390625 -3.619105100631714
7.0200982093811035 26.285009384155273 -3.5843279361724854
7.326661586761475 26.674673080444336 -3.6200404167175293
7.473918437957764 26.488399505615234 -3.5755419731140137
7.748067378997803 26.7479190826416 -3.591292381286621
7.9767303466796875 26.837753295898438 -3.5840888023376465
8.26802921295166 27.125865936279297 -3.6031947135925293
8.465069770812988 27.085031509399414 -3.5767478942871094
8.691078186035156 27.14338493347168 -3.562690258026123
8.949708938598633 27.295677185058594 -3.5608770847320557
9.227136611938477 27.493412017822266 -3.5647695064544678
9.45683765411377 27.542150497436523 -3.549015760421753
9.703606605529785 27.633024215698242 -3.536383867263794
9.963380813598633 27.74254608154297 -3.5255954265594482
10.237800598144531 27.894662857055664 -3.5204758644104004
10.53934097290039 28.109704971313477 -3.523030996322632
10.735639572143555 28.03968620300293 -3.4881341457366943
0.0 0.0 0.0
11.400628089904785 28.567853927612305 -3.4987633228302
0.0 0.0 0.0
0.0 0.0 0.0
12.221623420715332 28.86096954345703 -3.449096202850342
0.0 0.0 0.0
0.0 0.0 0.0
0.0 0.0 0.0
13.534717559814453 29.63042449951172 -3.415811777114868
13.873298645019531 29.821584701538086 -3.4046831130981445
14.185250282287598 29.946266174316406 -3.385575294494629
0.0 0.0 0.0
0.0 0.0 0.0
0.0 0.0 0.0
0.0 0.0 0.0
0.0 0.0 0.0
0.0 0.0 0.0
16.810405731201172 31.41551399230957 -3.2823166847229004
0.0 0.0 0.0
17.63568687438965 31.885387420654297 -3.2480247020721436
0.0 0.0 0.0
0.0 0.0 0.0
0.0 0.0 0.0
0.0 0.0 0.0
0.0 0.0 0.0
0.0 0.0 0.0
0.0 0.0 0.0
0.0 0.0 0.0
0.0 0.0 0.0
0.0 0.0 0.0
0.0 0.0 0.0
0.0 0.0 0.0
0.0 0.0 0.0
0.0 0.0 0.0
0.0 0.0 0.0
0.0 0.0 0.0
0.0 0.0 0.0
0.0 0.0 0.0
0.0 0.0 0.0
0.0 0.0 0.0
0.0 0.0 0.0
0.0 0.0 0.0
0.0 0.0 0.0
0.0 0.0 0.0
0.0 0.0 0.0
0.0 0.0 0.0
0.0 0.0 0.0
0.0 0.0 0.0
0.0 0.0 0.0
0.0 0.0 0.0
0.0 0.0 0.0
0.0 0.0 0.0
0.0 0.0 0.0
0.0 0.0 0.0
0.0 0.0 0.0
0.0 0.0 0.0
0.0 0.0 0.0
0.0 0.0 0.0
0.0 0.0 0.0
0.0 0.0 0.0
0.0 0.0 0.0
0.0 0.0 0.0
0.0 0.0 0.0
0.0 0.0 0.0
0.0 0.0 0.0
0.0 0.0 0.0
0.0 0.0 0.0
0.0 0.0 0.0
0.0 0.0 0.0
0.0 0.0 0.0
0.0 0.0 0.0
0.0 0.0 0.0
0.0 0.0 0.0
0.0 0.0 0.0
0.0 0.0 0.0
0.0 0.0 0.0
0.0 0.0 0.0
0.0 0.0 0.0
0.0 0.0 0.0
0.0 0.0 0.0
0.0 0.0 0.0
0.0 0.0 0.0
0.0 0.0 0.0
0.0 0.0 0.0
0.0 0.0 0.0
0.0 0.0 0.0
0.0 0.0 0.0
0.0 0.0 0.0
0.0 0.0 0.0
0.0 0.0 0.0
0.0 0.0 0.0
0.0 0.0 0.0
0.0 0.0 0.0
0.0 0.0 0.0
0.0 0.0 0.0
0.0 0.0 0.0
0.0 0.0 0.0
0.0 0.0 0.0
0.0 0.0 0.0
0.0 0.0 0.0
0.0 0.0 0.0
0.0 0.0 0.0
0.0 0.0 0.0
0.0 0.0 0.0
0.0 0.0 0.0
0.0 0.0 0.0
0.0 0.0 0.0
0.0 0.0 0.0
0.0 0.0 0.0
0.0 0.0 0.0
0.0 0.0 0.0
0.0 0.0 0.0
0.0 0.0 0.0
0.0 0.0 0.0
0.0 0.0 0.0
0.0 0.0 0.0
0.0 0.0 0.0
0.0 0.0 0.0
0.0 0.0 0.0
0.0 0.0 0.0
0.0 0.0 0.0
0.0 0.0 0.0
0.0 0.0 0.0
0.0 0.0 0.0
0.0 0.0 0.0
0.0 0.0 0.0
0.0 0.0 0.0
0.0 0.0 0.0
0.0 0.0 0.0
0.0 0.0 0.0
0.0 0.0 0.0
0.0 0.0 0.0
0.0 0.0 0.0
0.0 0.0 0.0
0.0 0.0 0.0
0.0 0.0 0.0
0.0 0.0 0.0
0.0 0.0 0.0
0.0 0.0 0.0
0.0 0.0 0.0
0.0 0.0 0.0
0.0 0.0 0.0
0.0 0.0 0.0
0.0 0.0 0.0
0.0 0.0 0.0
0.0 0.0 0.0
0.0 0.0 0.0
0.0 0.0 0.0
0.0 0.0 0.0
0.0 0.0 0.0
0.0 0.0 0.0
0.0 0.0 0.0
0.0 0.0 0.0
0.0 0.0 0.0
0.0 0.0 0.0
0.0 0.0 0.0
0.0 0.0 0.0
0.0 0.0 0.0
0.0 0.0 0.0
0.0 0.0 0.0
0.0 0.0 0.0
0.0 0.0 0.0
0.0 0.0 0.0
0.0 0.0 0.0
0.0 0.0 0.0
0.0 0.0 0.0
0.0 0.0 0.0
0.0 0.0 0.0
0.0 0.0 0.0
0.0 0.0 0.0
0.0 0.0 0.0
0.0 0.0 0.0
0.0 0.0 0.0
0.0 0.0 0.0
0.0 0.0 0.0
0.0 0.0 0.0
0.0 0.0 0.0
0.0 0.0 0.0
0.0 0.0 0.0
0.0 0.0 0.0
0.0 0.0 0.0
0.0 0.0 0.0
0.0 0.0 0.0
0.0 0.0 0.0
0.0 0.0 0.0
0.0 0.0 0.0
0.0 0.0 0.0
0.0 0.0 0.0
0.0 0.0 0.0
0.0 0.0 0.0
0.0 0.0 0.0
0.0 0.0 0.0
0.0 0.0 0.0
0.0 0.0 0.0
0.0 0.0 0.0
0.0 0.0 0.0
0.0 0.0 0.0
0.0 0.0 0.0
0.0 0.0 0.0
0.0 0.0 0.0
0.0 0.0 0.0
0.0 0.0 0.0
0.0 0.0 0.0
0.0 0.0 0.0
0.0 0.0 0.0
0.0 0.0 0.0
0.0 0.0 0.0
0.0 0.0 0.0
0.0 0.0 0.0
0.0 0.0 0.0
0.0 0.0 0.0
0.0 0.0 0.0
0.0 0.0 0.0
0.0 0.0 0.0
0.0 0.0 0.0
0.0 0.0 0.0
0.0 0.0 0.0
0.0 0.0 0.0
0.0 0.0 0.0
0.0 0.0 0.0
0.0 0.0 0.0
0.0 0.0 0.0
0.0 0.0 0.0
0.0 0.0 0.0
0.0 0.0 0.0
0.0 0.0 0.0
0.0 0.0 0.0
0.0 0.0 0.0
0.0 0.0 0.0
0.0 0.0 0.0
0.0 0.0 0.0
0.0 0.0 0.0
0.0 0.0 0.0
0.0 0.0 0.0
0.0 0.0 0.0
-16.744237899780273 29.4138240814209 -2.6966753005981445
0.0 0.0 0.0
0.0 0.0 0.0
0.0 0.0 0.0
0.0 0.0 0.0
0.0 0.0 0.0
0.0 0.0 0.0
-14.423643112182617 28.4967041015625 -2.8985066413879395
0.0 0.0 0.0
0.0 0.0 0.0
0.0 0.0 0.0
0.0 0.0 0.0
0.0 0.0 0.0
0.0 0.0 0.0
-12.146562576293945 27.218721389770508 -3.0043070316314697
0.0 0.0 0.0
0.0 0.0 0.0
0.0 0.0 0.0
0.0 0.0 0.0
0.0 0.0 0.0
0.0 0.0 0.0
0.0 0.0 0.0
0.0 0.0 0.0
0.0 0.0 0.0
0.0 0.0 0.0
0.0 0.0 0.0
0.0 0.0 0.0
0.0 0.0 0.0
0.0 0.0 0.0
0.0 0.0 0.0
0.0 0.0 0.0
-8.00600814819336 25.790546417236328 -3.280484914779663
-7.780536651611328 25.70592498779297 -3.2918403148651123
0.0 0.0 0.0
0.0 0.0 0.0
-7.151614665985107 25.539915084838867 -3.3294217586517334
0.0 0.0 0.0
-6.734871864318848 25.421924591064453 -3.3523895740509033
0.0 0.0 0.0
-6.317694664001465 25.263187408447266 -3.3661251068115234
0.0 0.0 0.0
0.0 0.0 0.0
0.0 0.0 0.0
-5.512006759643555 24.991609573364258 -3.394699811935425
-5.33108377456665 24.9964542388916 -3.4104394912719727
-5.172808647155762 25.109987258911133 -3.4412224292755127
-4.9579572677612305 24.945491790771484 -3.4329466819763184
-4.771395206451416 24.92820930480957 -3.4435946941375732
-4.565028667449951 24.783437728881836 -3.4364748001098633
-4.390798091888428 24.804676055908203 -3.4524314403533936
-4.2514824867248535 25.03069305419922 -3.4971582889556885
-4.040642261505127 24.836135864257812 -3.4811720848083496
-3.8607261180877686 24.839216232299805 -3.492429256439209
0.0 0.0 0.0
-3.493624687194824 24.741046905517578 -3.5002524852752686
-3.308131456375122 24.666990280151367 -3.5005881786346436
-3.1635541915893555 24.9027156829834 -3.542371988296509
-2.9571380615234375 24.649904251098633 -3.5148239135742188
-2.8031721115112305 24.853084564208984 -3.552581310272217
0.0 0.0 0.0
-2.438910484313965 24.709653854370117 -3.548659563064575
-2.2715938091278076 24.774890899658203 -3.5641074180603027
-2.0810983180999756 24.577011108398438 -3.541841983795166
-1.912569522857666 24.663179397583008 -3.5607635974884033
-1.740820050239563 24.674711227416992 -3.5689890384674072
-1.5691494941711426 24.6853084564209 -3.5752992630004883
-1.402723789215088 24.791372299194336 -3.5945045948028564
0.0 0.0 0.0
-1.0488240718841553 24.671911239624023 -3.5854172706604004
-0.8762363791465759 24.65467643737793 -3.5872511863708496
-0.7096679210662842 24.82982063293457 -3.6145310401916504
-0.5346270203590393 24.733354568481445 -3.60213041305542
-0.3625276982784271 24.72842025756836 -3.6032254695892334
-0.18733248114585876 24.706846237182617 -3.602104663848877
-0.015547704882919788 24.72275161743164 -3.6061582565307617
0.15709702670574188 24.834449768066406 -3.6218373775482178
0.32919007539749146 24.786476135253906 -3.614403009414673
0.503517210483551 24.88029670715332 -3.6278204917907715
0.6824228763580322 25.092676162719727 -3.6586978435516357
0.8528328537940979 24.878883361816406 -3.6263866424560547
1.0252776145935059 24.857440948486328 -3.6204206943511963
1.2024918794631958 24.939054489135742 -3.629631519317627
1.3749327659606934 24.915193557739258 -3.6236631870269775
1.5521036386489868 24.967302322387695 -3.628910541534424
1.7363710403442383 25.064496994018555 -3.638883590698242
1.9169995784759521 25.133726119995117 -3.6439247131347656
2.087559700012207 25.07067108154297 -3.629962921142578
2.278747797012329 25.2413330078125 -3.6499860286712646
2.451444625854492 25.195045471191406 -3.6387858390808105
2.6288669109344482 25.170759201049805 -3.6280879974365234
2.8433830738067627 25.506824493408203 -3.669221878051758
2.985534429550171 25.188274383544922 -3.6163389682769775
3.159804582595825 25.160608291625977 -3.605489730834961
3.366755247116089 25.381032943725586 -3.6298012733459473
3.552947998046875 25.404346466064453 -3.623462438583374
3.7490899562835693 25.510892868041992 -3.629263401031494
3.9254722595214844 25.47833251953125 -3.61541748046875
4.128264904022217 25.608745574951172 -3.624809503555298
4.298769950866699 25.535614013671875 -3.604102373123169
4.505825996398926 25.67498207092285 -3.611945629119873
0.0 0.0 0.0
4.899627685546875 25.788471221923828 -3.6043684482574463
5.089736461639404 25.809083938598633 -3.5957934856414795
5.300529956817627 25.927181243896484 -3.5987627506256104
5.565706253051758 26.28976058959961 -3.6350080966949463
5.738137245178223 26.187963485717773 -3.606818914413452
5.924393177032471 26.164947509765625 -3.5899112224578857
6.14205265045166 26.276458740234375 -3.591094970703125
6.339921951293945 26.296133041381836 -3.577497959136963
6.548633575439453 26.355667114257812 -3.569397211074829
6.800091743469238 26.562894821166992 -3.580979824066162
7.026916027069092 26.675060272216797 -3.579951286315918
7.261560916900635 26.808019638061523 -3.5803139209747314
7.392609119415283 26.55835723876953 -3.5287575721740723
7.660043716430664 26.79619598388672 -3.5420894622802734
0.0 0.0 0.0
0.0 0.0 0.0
8.383304595947266 27.157499313354492 -3.532109498977661
0.0 0.0 0.0
0.0 0.0 0.0
9.170439720153809 27.649093627929688 -3.5335958003997803
9.39522933959961 27.67160415649414 -3.514037609100342
9.649774551391602 27.78497886657715 -3.5051400661468506
9.903756141662598 27.888845443725586 -3.4949262142181396
10.248340606689453 28.23487091064453 -3.5147457122802734
10.4927339553833 28.293859481811523 -3.4982848167419434
0.0 0.0 0.0
10.983417510986328 28.386259078979492 -3.457449436187744
0.0 0.0 0.0
0.0 0.0 0.0
0.0 0.0 0.0
12.152871131896973 28.97450065612793 -3.4193081855773926
0.0 0.0 0.0
0.0 0.0 0.0
0.0 0.0 0.0
0.0 0.0 0.0
13.786124229431152 29.899972915649414 -3.3747732639312744
14.099586486816406 30.028913497924805 -3.3573198318481445
0.0 0.0 0.0
0.0 0.0 0.0
0.0 0.0 0.0
0.0 0.0 0.0
0.0 0.0 0.0
16.229324340820312 31.11248779296875 -3.260963201522827
0.0 0.0 0.0
0.0 0.0 0.0
0.0 0.0 0.0
0.0 0.0 0.0
0.0 0.0 0.0
0.0 0.0 0.0
0.0 0.0 0.0
0.0 0.0 0.0
0.0 0.0 0.0
0.0 0.0 0.0
0.0 0.0 0.0
0.0 0.0 0.0
0.0 0.0 0.0
0.0 0.0 0.0
0.0 0.0 0.0
0.0 0.0 0.0
0.0 0.0 0.0
0.0 0.0 0.0
0.0 0.0 0.0
0.0 0.0 0.0
0.0 0.0 0.0
0.0 0.0 0.0
0.0 0.0 0.0
0.0 0.0 0.0
0.0 0.0 0.0
0.0 0.0 0.0
0.0 0.0 0.0
0.0 0.0 0.0
0.0 0.0 0.0
0.0 0.0 0.0
0.0 0.0 0.0
0.0 0.0 0.0
0.0 0.0 0.0
0.0 0.0 0.0
0.0 0.0 0.0
0.0 0.0 0.0
0.0 0.0 0.0
0.0 0.0 0.0
0.0 0.0 0.0
0.0 0.0 0.0
0.0 0.0 0.0
0.0 0.0 0.0
0.0 0.0 0.0
0.0 0.0 0.0
0.0 0.0 0.0
0.0 0.0 0.0
0.0 0.0 0.0
0.0 0.0 0.0
0.0 0.0 0.0
0.0 0.0 0.0
0.0 0.0 0.0
0.0 0.0 0.0
0.0 0.0 0.0
0.0 0.0 0.0
0.0 0.0 0.0
0.0 0.0 0.0
0.0 0.0 0.0
0.0 0.0 0.0
0.0 0.0 0.0
0.0 0.0 0.0
0.0 0.0 0.0
0.0 0.0 0.0
0.0 0.0 0.0
0.0 0.0 0.0
0.0 0.0 0.0
0.0 0.0 0.0
0.0 0.0 0.0
0.0 0.0 0.0
0.0 0.0 0.0
0.0 0.0 0.0
0.0 0.0 0.0
0.0 0.0 0.0
0.0 0.0 0.0
0.0 0.0 0.0
0.0 0.0 0.0
0.0 0.0 0.0
0.0 0.0 0.0
0.0 0.0 0.0
0.0 0.0 0.0
0.0 0.0 0.0
0.0 0.0 0.0
0.0 0.0 0.0
0.0 0.0 0.0
0.0 0.0 0.0
0.0 0.0 0.0
0.0 0.0 0.0
0.0 0.0 0.0
0.0 0.0 0.0
0.0 0.0 0.0
0.0 0.0 0.0
0.0 0.0 0.0
0.0 0.0 0.0
0.0 0.0 0.0
0.0 0.0 0.0
0.0 0.0 0.0
0.0 0.0 0.0
0.0 0.0 0.0
0.0 0.0 0.0
0.0 0.0 0.0
0.0 0.0 0.0
0.0 0.0 0.0
0.0 0.0 0.0
0.0 0.0 0.0
0.0 0.0 0.0
0.0 0.0 0.0
0.0 0.0 0.0
0.0 0.0 0.0
0.0 0.0 0.0
0.0 0.0 0.0
0.0 0.0 0.0
0.0 0.0 0.0
0.0 0.0 0.0
0.0 0.0 0.0
0.0 0.0 0.0
0.0 0.0 0.0
0.0 0.0 0.0
0.0 0.0 0.0
0.0 0.0 0.0
0.0 0.0 0.0
0.0 0.0 0.0
0.0 0.0 0.0
0.0 0.0 0.0
0.0 0.0 0.0
0.0 0.0 0.0
0.0 0.0 0.0
0.0 0.0 0.0
0.0 0.0 0.0
0.0 0.0 0.0
0.0 0.0 0.0
0.0 0.0 0.0
0.0 0.0 0.0
0.0 0.0 0.0
0.0 0.0 0.0
0.0 0.0 0.0
0.0 0.0 0.0
0.0 0.0 0.0
0.0 0.0 0.0
0.0 0.0 0.0
0.0 0.0 0.0
0.0 0.0 0.0
0.0 0.0 0.0
0.0 0.0 0.0
0.0 0.0 0.0
0.0 0.0 0.0
0.0 0.0 0.0
0.0 0.0 0.0
0.0 0.0 0.0
0.0 0.0 0.0
0.0 0.0 0.0
0.0 0.0 0.0
0.0 0.0 0.0
0.0 0.0 0.0
0.0 0.0 0.0
0.0 0.0 0.0
0.0 0.0 0.0
0.0 0.0 0.0
0.0 0.0 0.0
0.0 0.0 0.0
0.0 0.0 0.0
0.0 0.0 0.0
0.0 0.0 0.0
0.0 0.0 0.0
0.0 0.0 0.0
0.0 0.0 0.0
0.0 0.0 0.0
0.0 0.0 0.0
0.0 0.0 0.0
0.0 0.0 0.0
0.0 0.0 0.0
0.0 0.0 0.0
0.0 0.0 0.0
0.0 0.0 0.0
0.0 0.0 0.0
0.0 0.0 0.0
0.0 0.0 0.0
0.0 0.0 0.0
0.0 0.0 0.0
0.0 0.0 0.0
0.0 0.0 0.0
0.0 0.0 0.0
0.0 0.0 0.0
0.0 0.0 0.0
0.0 0.0 0.0
0.0 0.0 0.0
0.0 0.0 0.0
0.0 0.0 0.0
0.0 0.0 0.0
0.0 0.0 0.0
0.0 0.0 0.0
0.0 0.0 0.0
0.0 0.0 0.0
0.0 0.0 0.0
0.0 0.0 0.0
0.0 0.0 0.0
0.0 0.0 0.0
0.0 0.0 0.0
0.0 0.0 0.0
0.0 0.0 0.0
0.0 0.0 0.0
0.0 0.0 0.0
0.0 0.0 0.0
0.0 0.0 0.0
0.0 0.0 0.0
0.0 0.0 0.0
0.0 0.0 0.0
0.0 0.0 0.0
0.0 0.0 0.0
-21.450551986694336 31.967823028564453 -2.302145481109619
0.0 0.0 0.0
0.0 0.0 0.0
0.0 0.0 0.0
0.0 0.0 0.0
0.0 0.0 0.0
0.0 0.0 0.0
0.0 0.0 0.0
-17.72823715209961 29.912796020507812 -2.5797343254089355
0.0 0.0 0.0
0.0 0.0 0.0
0.0 0.0 0.0
0.0 0.0 0.0
0.0 0.0 0.0
0.0 0.0 0.0
0.0 0.0 0.0
0.0 0.0 0.0
0.0 0.0 0.0
0.0 0.0 0.0
0.0 0.0 0.0
0.0 0.0 0.0
0.0 0.0 0.0
0.0 0.0 0.0
0.0 0.0 0.0
0.0 0.0 0.0
0.0 0.0 0.0
0.0 0.0 0.0
0.0 0.0 0.0
0.0 0.0 0.0
0.0 0.0 0.0
0.0 0.0 0.0
0.0 0.0 0.0
0.0 0.0 0.0
0.0 0.0 0.0
0.0 0.0 0.0
0.0 0.0 0.0
0.0 0.0 0.0
0.0 0.0 0.0
0.0 0.0 0.0
0.0 0.0 0.0
0.0 0.0 0.0
0.0 0.0 0.0
0.0 0.0 0.0
-7.738068580627441 25.88676643371582 -3.2627241611480713
0.0 0.0 0.0
0.0 0.0 0.0
0.0 0.0 0.0
0.0 0.0 0.0
-6.66646671295166 25.514684677124023 -3.3099513053894043
-6.4852190017700195 25.546329498291016 -3.3318231105804443
-6.2533063888549805 25.385528564453125 -3.328935384750366
0.0 0.0 0.0
-5.877739429473877 25.378135681152344 -3.359374761581421
-5.680883407592773 25.32890510559082 -3.3683300018310547
0.0 0.0 0.0
-5.313672065734863 25.35552406311035 -3.403226375579834
-5.082099437713623 25.12009048461914 -3.384758710861206
-4.880224704742432 25.015695571899414 -3.3838839530944824
-4.731321334838867 25.183748245239258 -3.4200451374053955
-4.546578884124756 25.164213180541992 -3.430943489074707
-4.335989475250244 25.010507583618164 -3.4225518703460693
-4.150696754455566 24.97320556640625 -3.4283447265625
-3.9957215785980225 25.121875762939453 -3.459874153137207
-3.7885022163391113 24.936641693115234 -3.445531129837036
-3.6309986114501953 25.075353622436523 -3.476088285446167
-3.4440805912017822 25.010128021240234 -3.4763824939727783
0.0 0.0 0.0
-3.078160285949707 24.93752670288086 -3.4841012954711914
-2.9273769855499268 25.152692794799805 -3.5232956409454346
0.0 0.0 0.0
-2.541949510574341 24.84946632385254 -3.4964048862457275
-2.374271869659424 24.954153060913086 -3.517925977706909
-2.1961231231689453 24.918724060058594 -3.5197577476501465
-2.025463342666626 24.96684455871582 -3.533557653427124
-1.8506653308868408 24.96763801574707 -3.5399422645568848
-1.6661818027496338 24.820858001708984 -3.523411750793457
-1.4927843809127808 24.86978530883789 -3.5348880290985107
-1.3243348598480225 24.967561721801758 -3.55342960357666
-1.1497912406921387 24.95987892150879 -3.557147979736328
-0.9772806167602539 24.997570037841797 -3.565896987915039
-0.8054932355880737 25.06903648376465 -3.5783066749572754
-0.6259457468986511 24.992488861083984 -3.569803476333618
-0.45139771699905396 24.957141876220703 -3.567305564880371
-0.2796955704689026 25.129379272460938 -3.594665765762329
-0.1043485701084137 25.014616012573242 -3.578737497329712
0.06956007331609726 24.952863693237305 -3.5699031352996826
0.24373486638069153 25.00590705871582 -3.577665090560913
0.42410486936569214 25.20846939086914 -3.6070029735565186
0.5946460366249084 25.000028610229492 -3.577632188796997
0.7707524299621582 25.069143295288086 -3.585202693939209
0.9534501433372498 25.27998924255371 -3.613187789916992
1.1275166273117065 25.234539031982422 -3.604703187942505
1.3045367002487183 25.195459365844727 -3.5972771644592285
1.481471300125122 25.217193603515625 -3.5979888439178467
1.650590419769287 25.11062240600586 -3.5784575939178467
0.0 0.0 0.0
2.025350570678711 25.410737991333008 -3.6129965782165527
2.187380075454712 25.19239044189453 -3.5780584812164307
2.3731043338775635 25.28927230834961 -3.586620807647705
2.550152063369751 25.284934997558594 -3.5795042514801025
2.7421905994415283 25.41781234741211 -3.591944694519043
2.930901050567627 25.50312614440918 -3.597775459289551
0.0 0.0 0.0
3.3044216632843018 25.585092544555664 -3.594925880432129
3.4934799671173096 25.643632888793945 -3.5943620204925537
3.689002752304077 25.739084243774414 -3.599078416824341
3.872995376586914 25.74501609802246 -3.5913922786712646
4.04254674911499 25.657939910888672 -3.5708236694335938
4.267638206481934 25.894224166870117 -3.592423915863037
4.453476428985596 25.89638900756836 -3.5817625522613525
4.663910865783691 26.034420013427734 -3.589996337890625
4.8183369636535645 25.85873031616211 -3.555133819580078
5.064671516418457 26.168760299682617 -3.5862104892730713
5.269445896148682 26.229501724243164 -3.5811054706573486
0.0 0.0 0.0
5.660393238067627 26.275588989257812 -3.5613765716552734
5.900092124938965 26.491127014160156 -3.577681064605713
0.0 0.0 0.0
6.2989583015441895 26.52410888671875 -3.5517749786376953
6.531845569610596 26.67795181274414 -3.5569982528686523
6.7273850440979 26.67207145690918 -3.5409648418426514
6.948306560516357 26.7623291015625 -3.53757381439209
7.220116138458252 27.03447914123535 -3.555773973464966
7.38253116607666 26.877243041992188 -3.517212390899658
7.627232551574707 27.029489517211914 -3.5195670127868652
7.873120307922363 27.175981521606445 -3.5211057662963867
8.138883590698242 27.380046844482422 -3.5287420749664307
8.402345657348633 27.563318252563477 -3.532365322113037
0.0 0.0 0.0
0.0 0.0 0.0
9.134279251098633 27.854690551757812 -3.5091984272003174
0.0 0.0 0.0
9.638744354248047 28.069339752197266 -3.491309881210327
9.80528450012207 27.92079734802246 -3.450579881668091
10.077286720275879 28.058584213256836 -3.444913864135742
10.429633140563965 28.4176025390625 -3.465160846710205
10.608104705810547 28.2933349609375 -3.4253509044647217
10.935245513916016 28.55943489074707 -3.4327235221862793
11.214319229125977 28.688594818115234 -3.4233357906341553
0.0 0.0 0.0
11.856902122497559 29.12210464477539 -3.4212028980255127
12.129111289978027 29.207656860351562 -3.40354061126709
0.0 0.0 0.0
0.0 0.0 0.0
0.0 0.0 0.0
0.0 0.0 0.0
0.0 0.0 0.0
0.0 0.0 0.0
0.0 0.0 0.0
0.0 0.0 0.0
0.0 0.0 0.0
0.0 0.0 0.0
15.946106910705566 31.36553192138672 -3.2908530235290527
0.0 0.0 0.0
0.0 0.0 0.0
0.0 0.0 0.0
0.0 0.0 0.0
0.0 0.0 0.0
0.0 0.0 0.0
0.0 0.0 0.0
0.0 0.0 0.0
0.0 0.0 0.0
0.0 0.0 0.0
0.0 0.0 0.0
0.0 0.0 0.0
0.0 0.0 0.0
0.0 0.0 0.0
0.0 0.0 0.0
0.0 0.0 0.0
0.0 0.0 0.0
0.0 0.0 0.0
0.0 0.0 0.0
0.0 0.0 0.0
0.0 0.0 0.0
0.0 0.0 0.0
0.0 0.0 0.0
0.0 0.0 0.0
0.0 0.0 0.0
0.0 0.0 0.0
0.0 0.0 0.0
0.0 0.0 0.0
0.0 0.0 0.0
0.0 0.0 0.0
0.0 0.0 0.0
0.0 0.0 0.0
0.0 0.0 0.0
0.0 0.0 0.0
0.0 0.0 0.0
0.0 0.0 0.0
0.0 0.0 0.0
0.0 0.0 0.0
0.0 0.0 0.0
0.0 0.0 0.0
0.0 0.0 0.0
0.0 0.0 0.0
0.0 0.0 0.0
0.0 0.0 0.0
0.0 0.0 0.0
0.0 0.0 0.0
0.0 0.0 0.0
0.0 0.0 0.0
0.0 0.0 0.0
0.0 0.0 0.0
0.0 0.0 0.0
0.0 0.0 0.0
0.0 0.0 0.0
0.0 0.0 0.0
0.0 0.0 0.0
0.0 0.0 0.0
0.0 0.0 0.0
0.0 0.0 0.0
0.0 0.0 0.0
0.0 0.0 0.0
0.0 0.0 0.0
0.0 0.0 0.0
0.0 0.0 0.0
0.0 0.0 0.0
0.0 0.0 0.0
0.0 0.0 0.0
0.0 0.0 0.0
0.0 0.0 0.0
0.0 0.0 0.0
0.0 0.0 0.0
0.0 0.0 0.0
0.0 0.0 0.0
0.0 0.0 0.0
0.0 0.0 0.0
0.0 0.0 0.0
0.0 0.0 0.0
0.0 0.0 0.0
0.0 0.0 0.0
0.0 0.0 0.0
0.0 0.0 0.0
0.0 0.0 0.0
0.0 0.0 0.0
0.0 0.0 0.0
0.0 0.0 0.0
0.0 0.0 0.0
0.0 0.0 0.0
0.0 0.0 0.0
0.0 0.0 0.0
0.0 0.0 0.0
0.0 0.0 0.0
0.0 0.0 0.0
0.0 0.0 0.0
0.0 0.0 0.0
0.0 0.0 0.0
0.0 0.0 0.0
0.0 0.0 0.0
0.0 0.0 0.0
0.0 0.0 0.0
0.0 0.0 0.0
0.0 0.0 0.0
0.0 0.0 0.0
0.0 0.0 0.0
0.0 0.0 0.0
0.0 0.0 0.0
0.0 0.0 0.0
0.0 0.0 0.0
0.0 0.0 0.0
0.0 0.0 0.0
0.0 0.0 0.0
0.0 0.0 0.0
0.0 0.0 0.0
0.0 0.0 0.0
0.0 0.0 0.0
0.0 0.0 0.0
0.0 0.0 0.0
0.0 0.0 0.0
0.0 0.0 0.0
0.0 0.0 0.0
0.0 0.0 0.0
0.0 0.0 0.0
0.0 0.0 0.0
0.0 0.0 0.0
0.0 0.0 0.0
0.0 0.0 0.0
0.0 0.0 0.0
0.0 0.0 0.0
0.0 0.0 0.0
0.0 0.0 0.0
0.0 0.0 0.0
0.0 0.0 0.0
0.0 0.0 0.0
0.0 0.0 0.0
0.0 0.0 0.0
0.0 0.0 0.0
0.0 0.0 0.0
0.0 0.0 0.0
0.0 0.0 0.0
0.0 0.0 0.0
0.0 0.0 0.0
0.0 0.0 0.0
0.0 0.0 0.0
0.0 0.0 0.0
0.0 0.0 0.0
0.0 0.0 0.0
0.0 0.0 0.0
0.0 0.0 0.0
0.0 0.0 0.0
0.0 0.0 0.0
0.0 0.0 0.0
0.0 0.0 0.0
0.0 0.0 0.0
0.0 0.0 0.0
0.0 0.0 0.0
0.0 0.0 0.0
0.0 0.0 0.0
0.0 0.0 0.0
0.0 0.0 0.0
0.0 0.0 0.0
0.0 0.0 0.0
0.0 0.0 0.0
0.0 0.0 0.0
0.0 0.0 0.0
0.0 0.0 0.0
0.0 0.0 0.0
0.0 0.0 0.0
0.0 0.0 0.0
0.0 0.0 0.0
0.0 0.0 0.0
0.0 0.0 0.0
0.0 0.0 0.0
0.0 0.0 0.0
0.0 0.0 0.0
0.0 0.0 0.0
0.0 0.0 0.0
0.0 0.0 0.0
0.0 0.0 0.0
0.0 0.0 0.0
0.0 0.0 0.0
0.0 0.0 0.0
0.0 0.0 0.0
0.0 0.0 0.0
0.0 0.0 0.0
0.0 0.0 0.0
0.0 0.0 0.0
0.0 0.0 0.0
0.0 0.0 0.0
0.0 0.0 0.0
0.0 0.0 0.0
0.0 0.0 0.0
0.0 0.0 0.0
0.0 0.0 0.0
0.0 0.0 0.0
0.0 0.0 0.0
0.0 0.0 0.0
0.0 0.0 0.0
0.0 0.0 0.0
0.0 0.0 0.0
0.0 0.0 0.0
0.0 0.0 0.0
0.0 0.0 0.0
0.0 0.0 0.0
0.0 0.0 0.0
0.0 0.0 0.0
0.0 0.0 0.0
0.0 0.0 0.0
0.0 0.0 0.0
0.0 0.0 0.0
0.0 0.0 0.0
0.0 0.0 0.0
0.0 0.0 0.0
0.0 0.0 0.0
0.0 0.0 0.0
0.0 0.0 0.0
0.0 0.0 0.0
0.0 0.0 0.0
0.0 0.0 0.0
0.0 0.0 0.0
0.0 0.0 0.0
0.0 0.0 0.0
0.0 0.0 0.0
0.0 0.0 0.0
0.0 0.0 0.0
0.0 0.0 0.0
0.0 0.0 0.0
0.0 0.0 0.0
0.0 0.0 0.0
0.0 0.0 0.0
0.0 0.0 0.0
0.0 0.0 0.0
0.0 0.0 0.0
0.0 0.0 0.0
0.0 0.0 0.0
0.0 0.0 0.0
0.0 0.0 0.0
0.0 0.0 0.0
0.0 0.0 0.0
0.0 0.0 0.0
0.0 0.0 0.0
0.0 0.0 0.0
0.0 0.0 0.0
0.0 0.0 0.0
0.0 0.0 0.0
0.0 0.0 0.0
0.0 0.0 0.0
0.0 0.0 0.0
0.0 0.0 0.0
0.0 0.0 0.0
0.0 0.0 0.0
0.0 0.0 0.0
0.0 0.0 0.0
0.0 0.0 0.0
0.0 0.0 0.0
0.0 0.0 0.0
0.0 0.0 0.0
-7.484391689300537 26.027816772460938 -3.2542357444763184
-7.207625865936279 25.740549087524414 -3.236043930053711
0.0 0.0 0.0
0.0 0.0 0.0
-6.651226043701172 25.832849502563477 -3.3016281127929688
0.0 0.0 0.0
-6.219306945800781 25.627635955810547 -3.3077425956726074
0.0 0.0 0.0
-5.843277454376221 25.642990112304688 -3.341322422027588
-5.619237422943115 25.47608757019043 -3.335298776626587
-5.441130638122559 25.512285232543945 -3.3538904190063477
-5.282639026641846 25.64208221435547 -3.3845033645629883
-5.0574421882629395 25.444171905517578 -3.3719687461853027
-4.841851234436035 25.29437828063965 -3.3659777641296387
-4.643438339233398 25.2071533203125 -3.3676726818084717
-4.492491245269775 25.37799644470215 -3.401709794998169
0.0 0.0 0.0
-4.1138596534729 25.285051345825195 -3.41201114654541
-3.9325411319732666 25.300050735473633 -3.4258406162261963
0.0 0.0 0.0
-3.554403781890869 25.17253875732422 -3.4281632900238037
-3.3589532375335693 25.045368194580078 -3.420077085494995
-3.192556619644165 25.13177490234375 -3.4413018226623535
-3.0334155559539795 25.28623390197754 -3.47208833694458
-2.8583245277404785 25.344133377075195 -3.487858533859253
-2.6464476585388184 25.027278900146484 -3.4511940479278564
-2.4672539234161377 24.993732452392578 -3.4536571502685547
-2.3117663860321045 25.213254928588867 -3.4913108348846436
-2.1251449584960938 25.096332550048828 -3.482557535171509
-1.951693058013916 25.167705535888672 -3.4972708225250244
-1.7730554342269897 25.129594802856445 -3.4967727661132812
-1.5970425605773926 25.124984741210938 -3.501099109649658
-1.4172359704971313 25.04574203491211 -3.4951674938201904
-1.2417954206466675 25.030996322631836 -3.497767210006714
-1.0713642835617065 25.197128295898438 -3.523521661758423
-0.8948689103126526 25.17254638671875 -3.5227503776550293
-0.7215200662612915 25.235668182373047 -3.5344223976135254
-0.5493007898330688 25.398147583007812 -3.560210704803467
-0.36773568391799927 25.064510345458984 -3.5153648853302
-0.1919461041688919 25.26753044128418 -3.5443263053894043
-0.01614355482161045 25.260414123535156 -3.5439798831939697
0.15935516357421875 25.221126556396484 -3.539290428161621
0.3351280987262726 25.24251365661621 -3.5432863235473633
0.5130165219306946 25.344160079956055 -3.556731939315796
0.6868428587913513 25.251354217529297 -3.5420095920562744
0.8666592836380005 25.27710723876953 -3.5440666675567627
1.0413691997528076 25.239852905273438 -3.5374886989593506
1.229368805885315 25.4912052154541 -3.5715219974517822
1.40298593044281 25.417036056518555 -3.5575947761535645
1.5767710208892822 25.357166290283203 -3.5455033779144287
1.7744556665420532 25.612417221069336 -3.5775604248046875
1.9391871690750122 25.42270278930664 -3.547680139541626
2.119405746459961 25.451770782470703 -3.548198938369751
2.2951297760009766 25.422117233276367 -3.537945508956909
2.5050175189971924 25.745561599731445 -3.576927900314331
2.6944119930267334 25.797622680664062 -3.578186511993408
2.859795331954956 25.652463912963867 -3.5523767471313477
3.036456823348999 25.617826461791992 -3.5411481857299805
3.225748062133789 25.685884475708008 -3.542539596557617
0.0 0.0 0.0
3.6072659492492676 25.7905330657959 -3.5412051677703857
3.836427688598633 26.10327911376953 -3.5764756202697754
4.005482196807861 25.99736976623535 -3.5527501106262207
4.181527137756348 25.94015121459961 -3.5347723960876465
4.371750831604004 25.96954345703125 -3.5287587642669678
4.612112522125244 26.27975082397461 -3.560922384262085
4.81154727935791 26.320693969726562 -3.556443929672241
5.003912925720215 26.338258743286133 -3.5467114448547363
5.198026180267334 26.358154296875 -3.537118911743164
5.425800323486328 26.539833068847656 -3.5492985248565674
5.650958061218262 26.69305992126465 -3.5576467514038086
5.8292155265808105 26.60552978515625 -3.5332202911376953
6.065141677856445 26.789758682250977 -3.5430469512939453
6.253654956817627 26.756959915161133 -3.524217128753662
6.451082706451416 26.760488510131836 -3.5103156566619873
6.6787590980529785 26.88290786743164 -3.512068033218384
6.915323734283447 27.017946243286133 -3.5136682987213135
7.160235404968262 27.18556022644043 -3.518556833267212
7.383500576019287 27.261293411254883 -3.5115151405334473
7.603788375854492 27.32035255432129 -3.502373695373535
7.814818859100342 27.340328216552734 -3.4882638454437256
8.102958679199219 27.60736083984375 -3.5027997493743896
8.300477981567383 27.568111419677734 -3.478693723678589
8.581352233886719 27.797958374023438 -3.48850679397583
8.84712028503418 27.96608543395996 -3.4903926849365234
9.037406921386719 27.89227867126465 -3.461113691329956
9.311771392822266 28.071264266967773 -3.461972713470459
9.469076156616211 27.88292121887207 -3.4172356128692627
0.0 0.0 0.0
10.059776306152344 28.321556091308594 -3.4282517433166504
10.308623313903809 28.3968448638916 -3.413799524307251
0.0 0.0 0.0
10.918889045715332 28.811674118041992 -3.415430784225464
11.17062759399414 28.868789672851562 -3.398317575454712
11.454667091369629 29.003572463989258 -3.388782501220703
11.730422019958496 29.10673713684082 -3.3743910789489746
11.990445137023926 29.164352416992188 -3.3545968532562256
12.411629676818848 29.590913772583008 -3.376359701156616
0.0 0.0 0.0
0.0 0.0 0.0
13.346715927124023 30.046560287475586 -3.341472864151001
0.0 0.0 0.0
0.0 0.0 0.0
14.372217178344727 30.608570098876953 -3.310835599899292
14.6569185256958 30.658977508544922 -3.283914089202881
0.0 0.0 0.0
0.0 0.0 0.0
0.0 0.0 0.0
0.0 0.0 0.0
0.0 0.0 0.0
0.0 0.0 0.0
0.0 0.0 0.0
0.0 0.0 0.0
0.0 0.0 0.0
0.0 0.0 0.0
0.0 0.0 0.0
0.0 0.0 0.0
20.092132568359375 33.785682678222656 -3.0877084732055664
0.0 0.0 0.0
0.0 0.0 0.0
0.0 0.0 0.0
0.0 0.0 0.0
0.0 0.0 0.0
0.0 0.0 0.0
0.0 0.0 0.0
0.0 0.0 0.0
0.0 0.0 0.0
0.0 0.0 0.0
0.0 0.0 0.0
0.0 0.0 0.0
0.0 0.0 0.0
0.0 0.0 0.0
0.0 0.0 0.0
0.0 0.0 0.0
0.0 0.0 0.0
0.0 0.0 0.0
0.0 0.0 0.0
0.0 0.0 0.0
0.0 0.0 0.0
0.0 0.0 0.0
0.0 0.0 0.0
0.0 0.0 0.0
0.0 0.0 0.0
0.0 0.0 0.0
0.0 0.0 0.0
0.0 0.0 0.0
0.0 0.0 0.0
0.0 0.0 0.0
0.0 0.0 0.0
0.0 0.0 0.0
0.0 0.0 0.0
0.0 0.0 0.0
0.0 0.0 0.0
0.0 0.0 0.0
0.0 0.0 0.0
0.0 0.0 0.0
0.0 0.0 0.0
0.0 0.0 0.0
0.0 0.0 0.0
0.0 0.0 0.0
0.0 0.0 0.0
0.0 0.0 0.0
0.0 0.0 0.0
0.0 0.0 0.0
0.0 0.0 0.0
0.0 0.0 0.0
0.0 0.0 0.0
0.0 0.0 0.0
0.0 0.0 0.0
0.0 0.0 0.0
0.0 0.0 0.0
0.0 0.0 0.0
0.0 0.0 0.0
0.0 0.0 0.0
0.0 0.0 0.0
0.0 0.0 0.0
0.0 0.0 0.0
0.0 0.0 0.0
0.0 0.0 0.0
0.0 0.0 0.0
0.0 0.0 0.0
0.0 0.0 0.0
0.0 0.0 0.0
0.0 0.0 0.0
54.75058364868164 209.818359375 29.660846710205078
0.0 0.0 0.0
0.0 0.0 0.0
0.0 0.0 0.0
0.0 0.0 0.0
0.0 0.0 0.0
0.0 0.0 0.0
0.0 0.0 0.0
0.0 0.0 0.0
0.0 0.0 0.0
0.0 0.0 0.0
0.0 0.0 0.0
0.0 0.0 0.0
0.0 0.0 0.0
0.0 0.0 0.0
0.0 0.0 0.0
0.0 0.0 0.0
0.0 0.0 0.0
0.0 0.0 0.0
0.0 0.0 0.0
0.0 0.0 0.0
0.0 0.0 0.0
0.0 0.0 0.0
0.0 0.0 0.0
0.0 0.0 0.0
0.0 0.0 0.0
0.0 0.0 0.0
0.0 0.0 0.0
0.0 0.0 0.0
0.0 0.0 0.0
0.0 0.0 0.0
0.0 0.0 0.0
0.0 0.0 0.0
0.0 0.0 0.0
0.0 0.0 0.0
0.0 0.0 0.0
0.0 0.0 0.0
0.0 0.0 0.0
0.0 0.0 0.0
0.0 0.0 0.0
0.0 0.0 0.0
0.0 0.0 0.0
0.0 0.0 0.0
0.0 0.0 0.0
0.0 0.0 0.0
0.0 0.0 0.0
0.0 0.0 0.0
0.0 0.0 0.0
0.0 0.0 0.0
0.0 0.0 0.0
0.0 0.0 0.0
0.0 0.0 0.0
0.0 0.0 0.0
0.0 0.0 0.0
0.0 0.0 0.0
0.0 0.0 0.0
0.0 0.0 0.0
0.0 0.0 0.0
0.0 0.0 0.0
0.0 0.0 0.0
0.0 0.0 0.0
0.0 0.0 0.0
0.0 0.0 0.0
0.0 0.0 0.0
0.0 0.0 0.0
0.0 0.0 0.0
0.0 0.0 0.0
0.0 0.0 0.0
0.0 0.0 0.0
0.0 0.0 0.0
0.0 0.0 0.0
0.0 0.0 0.0
0.0 0.0 0.0
0.0 0.0 0.0
0.0 0.0 0.0
0.0 0.0 0.0
0.0 0.0 0.0
0.0 0.0 0.0
0.0 0.0 0.0
0.0 0.0 0.0
0.0 0.0 0.0
0.0 0.0 0.0
0.0 0.0 0.0
0.0 0.0 0.0
0.0 0.0 0.0
0.0 0.0 0.0
0.0 0.0 0.0
0.0 0.0 0.0
0.0 0.0 0.0
0.0 0.0 0.0
0.0 0.0 0.0
0.0 0.0 0.0
0.0 0.0 0.0
0.0 0.0 0.0
0.0 0.0 0.0
0.0 0.0 0.0
0.0 0.0 0.0
0.0 0.0 0.0
0.0 0.0 0.0
0.0 0.0 0.0
0.0 0.0 0.0
0.0 0.0 0.0
0.0 0.0 0.0
0.0 0.0 0.0
0.0 0.0 0.0
0.0 0.0 0.0
0.0 0.0 0.0
0.0 0.0 0.0
0.0 0.0 0.0
0.0 0.0 0.0
0.0 0.0 0.0
0.0 0.0 0.0
0.0 0.0 0.0
0.0 0.0 0.0
0.0 0.0 0.0
0.0 0.0 0.0
0.0 0.0 0.0
0.0 0.0 0.0
0.0 0.0 0.0
0.0 0.0 0.0
0.0 0.0 0.0
0.0 0.0 0.0
0.0 0.0 0.0
0.0 0.0 0.0
0.0 0.0 0.0
0.0 0.0 0.0
0.0 0.0 0.0
0.0 0.0 0.0
0.0 0.0 0.0
0.0 0.0 0.0
0.0 0.0 0.0
0.0 0.0 0.0
0.0 0.0 0.0
0.0 0.0 0.0
0.0 0.0 0.0
0.0 0.0 0.0
0.0 0.0 0.0
0.0 0.0 0.0
0.0 0.0 0.0
0.0 0.0 0.0
0.0 0.0 0.0
0.0 0.0 0.0
0.0 0.0 0.0
0.0 0.0 0.0
0.0 0.0 0.0
0.0 0.0 0.0
0.0 0.0 0.0
0.0 0.0 0.0
0.0 0.0 0.0
0.0 0.0 0.0
0.0 0.0 0.0
0.0 0.0 0.0
0.0 0.0 0.0
0.0 0.0 0.0
0.0 0.0 0.0
0.0 0.0 0.0
0.0 0.0 0.0
0.0 0.0 0.0
0.0 0.0 0.0
0.0 0.0 0.0
0.0 0.0 0.0
0.0 0.0 0.0
0.0 0.0 0.0
0.0 0.0 0.0
0.0 0.0 0.0
0.0 0.0 0.0
0.0 0.0 0.0
0.0 0.0 0.0
0.0 0.0 0.0
0.0 0.0 0.0
0.0 0.0 0.0
0.0 0.0 0.0
0.0 0.0 0.0
0.0 0.0 0.0
0.0 0.0 0.0
0.0 0.0 0.0
0.0 0.0 0.0
-7.662481307983398 26.300466537475586 -3.2156283855438232
0.0 0.0 0.0
0.0 0.0 0.0
0.0 0.0 0.0
-6.8500518798828125 26.21920394897461 -3.2786545753479004
0.0 0.0 0.0
-6.3436479568481445 25.75421714782715 -3.252504348754883
0.0 0.0 0.0
-5.969771385192871 25.7744083404541 -3.287191867828369
-5.767211437225342 25.71466827392578 -3.2945516109466553
-5.6047587394714355 25.831466674804688 -3.3233957290649414
-5.391674041748047 25.727848052978516 -3.32425594329834
-5.147364616394043 25.443424224853516 -3.301422119140625
0.0 0.0 0.0
-4.798117160797119 25.5426025390625 -3.340263843536377
-4.617674350738525 25.561981201171875 -3.3544039726257324
-4.434911727905273 25.58437156677246 -3.369288921356201
-4.272364139556885 25.7081298828125 -3.397521734237671
-4.049514293670654 25.463733673095703 -3.3768084049224854
-3.862975597381592 25.428308486938477 -3.381589412689209
0.0 0.0 0.0
0.0 0.0 0.0
-3.3403396606445312 25.594655990600586 -3.433427333831787
-3.137223720550537 25.41591453552246 -3.418302059173584
-2.9588143825531006 25.42426300048828 -3.426731824874878
-2.8002171516418457 25.612241744995117 -3.459585189819336
-2.598172187805176 25.39868927001953 -3.438349485397339
-2.4080419540405273 25.30716896057129 -3.4338297843933105
0.0 0.0 0.0
-2.056356191635132 25.347753524780273 -3.4506406784057617
-1.8732463121414185 25.271699905395508 -3.4456944465637207
0.0 0.0 0.0
-1.5293793678283691 25.478986740112305 -3.4854483604431152
-1.3411598205566406 25.28354263305664 -3.462053060531616
-1.1715412139892578 25.43085479736328 -3.48543643951416
-0.9997851848602295 25.573148727416992 -3.5083372592926025
-0.8192703723907471 25.50153160095215 -3.502068519592285
-0.6360301375389099 25.397804260253906 -3.4912803173065186
-0.4589695334434509 25.385950088500977 -3.490527868270874
-0.2830943167209625 25.46186065673828 -3.5020148754119873
-0.10618863254785538 25.486242294311523 -3.506586790084839
0.0712665319442749 25.51326560974121 -3.51169490814209
0.2484063357114792 25.469507217407227 -3.5064029693603516
0.4286195635795593 25.467300415039062 -3.505023241043091
0.6083173751831055 25.568344116210938 -3.5180389881134033
0.7900600433349609 25.69519805908203 -3.5347700119018555
0.0 0.0 0.0
1.1467986106872559 25.666839599609375 -3.5283937454223633
1.3269850015640259 25.631637573242188 -3.5202364921569824
1.5071547031402588 25.657163619995117 -3.5206496715545654
1.6965878009796143 25.812713623046875 -3.5390477180480957
1.8615920543670654 25.600160598754883 -3.5071518421173096
2.0556881427764893 25.791959762573242 -3.5288050174713135
2.2199294567108154 25.565662384033203 -3.49253511428833
2.424192428588867 25.831892013549805 -3.523801803588867
2.5941975116729736 25.719093322753906 -3.503497838973999
2.7930641174316406 25.886127471923828 -3.5214667320251465
2.972072124481201 25.859729766845703 -3.510582447052002
0.0 0.0 0.0
3.373124361038208 26.11383628845215 -3.5303633213043213
3.561586618423462 26.140968322753906 -3.5269715785980225
3.7756927013397217 26.34314727783203 -3.5467545986175537
3.919412136077881 26.053749084472656 -3.4981586933135986
4.120759963989258 26.15378189086914 -3.50207257270813
4.349619388580322 26.38933753967285 -3.523995876312256
4.539992809295654 26.3983154296875 -3.5158932209014893
4.712793827056885 26.306964874267578 -3.4934468269348145
0.0 0.0 0.0
5.1146979331970215 26.425371170043945 -3.4861443042755127
5.372497081756592 26.739933013916016 -3.5159997940063477
5.533552646636963 26.582542419433594 -3.4840855598449707
5.7823872566223145 26.841142654418945 -3.504603147506714
5.953246116638184 26.73080062866211 -3.4763524532318115
6.172364711761475 26.834644317626953 -3.476087808609009
6.404787540435791 26.969884872436523 -3.4796416759490967
6.6329264640808105 27.09279441833496 -3.4816155433654785
6.891252517700195 27.32296371459961 -3.495096206665039
7.102668285369873 27.35568618774414 -3.483264446258545
7.3236589431762695 27.42055320739746 -3.475602626800537
7.544308185577393 27.464048385620117 -3.464992046356201
7.808394908905029 27.671201705932617 -3.4741179943084717
7.960390090942383 27.47753143310547 -3.431840419769287
8.2141695022583 27.632482528686523 -3.4332079887390137
8.45217227935791 27.725933074951172 -3.426891565322876
8.695199966430664 27.816425323486328 -3.419879674911499
8.990729331970215 28.076234817504883 -3.4315619468688965
9.191473007202148 28.030864715576172 -3.4057347774505615
9.40929889678955 28.035545349121094 -3.386096715927124
9.763986587524414 28.434926986694336 -3.4138925075531006
10.045586585998535 28.607723236083984 -3.4131126403808594
0.0 0.0 0.0
10.587848663330078 28.84942054748535 -3.3954784870147705
10.863210678100586 28.974586486816406 -3.387162446975708
0.0 0.0 0.0
11.421783447265625 29.22159767150879 -3.3674139976501465
0.0 0.0 0.0
0.0 0.0 0.0
0.0 0.0 0.0
0.0 0.0 0.0
0.0 0.0 0.0
13.245278358459473 30.095460891723633 -3.304800271987915
0.0 0.0 0.0
0.0 0.0 0.0
14.258420944213867 30.648212432861328 -3.275606632232666
0.0 0.0 0.0
0.0 0.0 0.0
0.0 0.0 0.0
15.814647674560547 31.651296615600586 -3.249953508377075
0.0 0.0 0.0
0.0 0.0 0.0
0.0 0.0 0.0
17.328311920166016 32.38545227050781 -3.178323745727539
0.0 0.0 0.0
0.0 0.0 0.0
0.0 0.0 0.0
0.0 0.0 0.0
0.0 0.0 0.0
0.0 0.0 0.0
0.0 0.0 0.0
0.0 0.0 0.0
0.0 0.0 0.0
0.0 0.0 0.0
0.0 0.0 0.0
0.0 0.0 0.0
0.0 0.0 0.0
0.0 0.0 0.0
0.0 0.0 0.0
0.0 0.0 0.0
0.0 0.0 0.0
0.0 0.0 0.0
0.0 0.0 0.0
0.0 0.0 0.0
0.0 0.0 0.0
0.0 0.0 0.0
0.0 0.0 0.0
0.0 0.0 0.0
0.0 0.0 0.0
0.0 0.0 0.0
0.0 0.0 0.0
0.0 0.0 0.0
0.0 0.0 0.0
0.0 0.0 0.0
0.0 0.0 0.0
0.0 0.0 0.0
0.0 0.0 0.0
0.0 0.0 0.0
0.0 0.0 0.0
0.0 0.0 0.0
0.0 0.0 0.0
0.0 0.0 0.0
0.0 0.0 0.0
0.0 0.0 0.0
0.0 0.0 0.0
0.0 0.0 0.0
0.0 0.0 0.0
0.0 0.0 0.0
0.0 0.0 0.0
0.0 0.0 0.0
0.0 0.0 0.0
0.0 0.0 0.0
0.0 0.0 0.0
0.0 0.0 0.0
0.0 0.0 0.0
0.0 0.0 0.0
0.0 0.0 0.0
0.0 0.0 0.0
0.0 0.0 0.0
0.0 0.0 0.0
0.0 0.0 0.0
0.0 0.0 0.0
0.0 0.0 0.0
0.0 0.0 0.0
0.0 0.0 0.0
0.0 0.0 0.0
0.0 0.0 0.0
0.0 0.0 0.0
0.0 0.0 0.0
0.0 0.0 0.0
0.0 0.0 0.0
0.0 0.0 0.0
0.0 0.0 0.0
0.0 0.0 0.0
0.0 0.0 0.0
0.0 0.0 0.0
0.0 0.0 0.0
0.0 0.0 0.0
0.0 0.0 0.0
0.0 0.0 0.0
0.0 0.0 0.0
0.0 0.0 0.0
0.0 0.0 0.0
0.0 0.0 0.0
0.0 0.0 0.0
0.0 0.0 0.0
0.0 0.0 0.0
0.0 0.0 0.0
0.0 0.0 0.0
0.0 0.0 0.0
0.0 0.0 0.0
0.0 0.0 0.0
0.0 0.0 0.0
0.0 0.0 0.0
0.0 0.0 0.0
0.0 0.0 0.0
0.0 0.0 0.0
0.0 0.0 0.0
0.0 0.0 0.0
0.0 0.0 0.0
0.0 0.0 0.0
0.0 0.0 0.0
0.0 0.0 0.0
0.0 0.0 0.0
0.0 0.0 0.0
0.0 0.0 0.0
0.0 0.0 0.0
0.0 0.0 0.0
0.0 0.0 0.0
0.0 0.0 0.0
0.0 0.0 0.0
0.0 0.0 0.0
0.0 0.0 0.0
0.0 0.0 0.0
0.017889443784952164 63.48707580566406 9.2960786819458
0.0 0.0 0.0
0.0 0.0 0.0
0.0 0.0 0.0
0.0 0.0 0.0
0.0 0.0 0.0
0.0 0.0 0.0
0.0 0.0 0.0
0.0 0.0 0.0
0.0 0.0 0.0
0.0 0.0 0.0
0.0 0.0 0.0
0.0 0.0 0.0
0.0 0.0 0.0
0.0 0.0 0.0
0.0 0.0 0.0
0.0 0.0 0.0
0.0 0.0 0.0
0.0 0.0 0.0
0.0 0.0 0.0
0.0 0.0 0.0
0.0 0.0 0.0
0.0 0.0 0.0
0.0 0.0 0.0
0.0 0.0 0.0
0.0 0.0 0.0
0.0 0.0 0.0
0.0 0.0 0.0
0.0 0.0 0.0
0.0 0.0 0.0
0.0 0.0 0.0
0.0 0.0 0.0
0.0 0.0 0.0
0.0 0.0 0.0
0.0 0.0 0.0
0.0 0.0 0.0
0.0 0.0 0.0
0.0 0.0 0.0
0.0 0.0 0.0
0.0 0.0 0.0
0.0 0.0 0.0
0.0 0.0 0.0
0.0 0.0 0.0
0.0 0.0 0.0
0.0 0.0 0.0
0.0 0.0 0.0
0.0 0.0 0.0
0.0 0.0 0.0
0.0 0.0 0.0
0.0 0.0 0.0
0.0 0.0 0.0
0.0 0.0 0.0
0.0 0.0 0.0
0.0 0.0 0.0
0.0 0.0 0.0
0.0 0.0 0.0
0.0 0.0 0.0
0.0 0.0 0.0
0.0 0.0 0.0
0.0 0.0 0.0
0.0 0.0 0.0
0.0 0.0 0.0
0.0 0.0 0.0
0.0 0.0 0.0
0.0 0.0 0.0
0.0 0.0 0.0
0.0 0.0 0.0
0.0 0.0 0.0
0.0 0.0 0.0
0.0 0.0 0.0
0.0 0.0 0.0
0.0 0.0 0.0
0.0 0.0 0.0
0.0 0.0 0.0
0.0 0.0 0.0
0.0 0.0 0.0
0.0 0.0 0.0
0.0 0.0 0.0
0.0 0.0 0.0
0.0 0.0 0.0
0.0 0.0 0.0
0.0 0.0 0.0
0.0 0.0 0.0
0.0 0.0 0.0
0.0 0.0 0.0
0.0 0.0 0.0
0.0 0.0 0.0
0.0 0.0 0.0
0.0 0.0 0.0
0.0 0.0 0.0
0.0 0.0 0.0
0.0 0.0 0.0
0.0 0.0 0.0
0.0 0.0 0.0
0.0 0.0 0.0
0.0 0.0 0.0
0.0 0.0 0.0
0.0 0.0 0.0
0.0 0.0 0.0
0.0 0.0 0.0
0.0 0.0 0.0
0.0 0.0 0.0
0.0 0.0 0.0
0.0 0.0 0.0
0.0 0.0 0.0
0.0 0.0 0.0
0.0 0.0 0.0
0.0 0.0 0.0
0.0 0.0 0.0
0.0 0.0 0.0
0.0 0.0 0.0
0.0 0.0 0.0
0.0 0.0 0.0
0.0 0.0 0.0
0.0 0.0 0.0
0.0 0.0 0.0
0.0 0.0 0.0
0.0 0.0 0.0
0.0 0.0 0.0
0.0 0.0 0.0
0.0 0.0 0.0
0.0 0.0 0.0
-12.231759071350098 27.933517456054688 -2.910665512084961
0.0 0.0 0.0
0.0 0.0 0.0
0.0 0.0 0.0
0.0 0.0 0.0
0.0 0.0 0.0
0.0 0.0 0.0
0.0 0.0 0.0
0.0 0.0 0.0
0.0 0.0 0.0
0.0 0.0 0.0
0.0 0.0 0.0
0.0 0.0 0.0
0.0 0.0 0.0
0.0 0.0 0.0
0.0 0.0 0.0
0.0 0.0 0.0
0.0 0.0 0.0
0.0 0.0 0.0
0.0 0.0 0.0
0.0 0.0 0.0
0.0 0.0 0.0
0.0 0.0 0.0
0.0 0.0 0.0
-6.486084461212158 25.935245513916016 -3.208041191101074
-6.355320930480957 26.184490203857422 -3.255141258239746
0.0 0.0 0.0
-5.913234233856201 25.948871612548828 -3.255739450454712
-5.681766033172607 25.760009765625 -3.2459447383880615
-5.5348920822143555 25.952150344848633 -3.2842798233032227
-5.312661170959473 25.790403366088867 -3.2779829502105713
-5.124874591827393 25.786664962768555 -3.2903738021850586
-4.9685845375061035 25.961162567138672 -3.3247592449188232
-4.733485698699951 25.699621200561523 -3.3031704425811768
0.0 0.0 0.0
-4.345036029815674 25.583255767822266 -3.3123130798339844
-4.173078536987305 25.65326499938965 -3.3315515518188477
-4.019613265991211 25.864200592041016 -3.3691110610961914
0.0 0.0 0.0
0.0 0.0 0.0
0.0 0.0 0.0
-3.251434803009033 25.598352432250977 -3.372209072113037
-3.0651161670684814 25.55364418029785 -3.373992443084717
-2.88311505317688 25.565628051757812 -3.3835349082946777
-2.706735134124756 25.599105834960938 -3.3959498405456543
-2.5259664058685303 25.592971801757812 -3.4023265838623047
0.0 0.0 0.0
0.0 0.0 0.0
-1.988872766494751 25.644990921020508 -3.426478624343872
-1.8036686182022095 25.56062126159668 -3.4212169647216797
-1.6187344789505005 25.46355628967285 -3.4127955436706543
-1.4564610719680786 25.740283966064453 -3.4534058570861816
-1.2633895874023438 25.466859817504883 -3.4203643798828125
-1.0834742784500122 25.489988327026367 -3.427354574203491
-0.9074026942253113 25.531082153320312 -3.4368622303009033
-0.7323806285858154 25.633161544799805 -3.4525742530822754
0.0 0.0 0.0
-0.375669002532959 25.624839782714844 -3.454514503479004
-0.1954658180475235 25.796911239624023 -3.479538679122925
0.0 0.0 0.0
0.16342559456825256 25.820175170898438 -3.484036684036255
0.34318798780441284 25.826263427734375 -3.4842870235443115
0.5213971734046936 25.749820709228516 -3.4735729694366455
0.6990858316421509 25.691497802734375 -3.4654734134674072
0.8874616026878357 25.8795166015625 -3.490365743637085
1.066414713859558 25.84611701965332 -3.4831738471984863
1.249950885772705 25.919763565063477 -3.490574359893799
1.427311658859253 25.856796264648438 -3.479740858078003
1.6201955080032349 26.055374145507812 -3.504260540008545
1.7915663719177246 25.858495712280273 -3.4747025966644287
1.9900901317596436 26.08948516845703 -3.500823736190796
2.161170721054077 25.952425003051758 -3.4777090549468994
2.3488929271698 26.01862907409668 -3.4820094108581543
2.5275163650512695 25.979419708251953 -3.472360372543335
2.744630813598633 26.28164291381836 -3.5068516731262207
2.9232840538024902 26.22466278076172 -3.4923055171966553
3.0917043685913086 26.085702896118164 -3.4670522212982178
3.304175853729248 26.310714721679688 -3.4903111457824707
3.49904727935791 26.376623153686523 -3.492549419403076
3.7175865173339844 26.579030990600586 -3.510692834854126
3.881202220916748 26.408493041992188 -3.4792041778564453
4.063859462738037 26.374773025512695 -3.465961217880249
4.278295516967773 26.53866195678711 -3.478795289993286
4.470118999481201 26.55185890197754 -3.4719550609588623
4.670275688171387 26.60981559753418 -3.4684624671936035
4.891000270843506 26.75333023071289 -3.4759745597839355
5.102707386016846 26.85378646850586 -3.478130578994751
0.0 0.0 0.0
0.0 0.0 0.0
0.0 0.0 0.0
5.919086933135986 27.011852264404297 -3.4502599239349365
6.1800761222839355 27.293560028076172 -3.47334623336792
6.39497709274292 27.357789993286133 -3.468723773956299
6.556260108947754 27.194456100463867 -3.433936595916748
6.797271251678467 27.357601165771484 -3.4394938945770264
7.070919513702393 27.62314796447754 -3.4575655460357666
7.259562969207764 27.56073760986328 -3.4348366260528564
7.496346473693848 27.67671775817871 -3.434427499771118
7.699246406555176 27.66411590576172 -3.4157307147979736
0.0 0.0 0.0
8.261994361877441 28.15061378479004 -3.4407241344451904
0.0 0.0 0.0
0.0 0.0 0.0
8.942353248596191 28.272829055786133 -3.40058970451355
9.192459106445312 28.37527847290039 -3.393326759338379
9.362775802612305 28.228696823120117 -3.3563735485076904
9.714550971984863 28.609336853027344 -3.3816936016082764
10.026141166687012 28.867002487182617 -3.390425205230713
10.282805442810059 28.95319366455078 -3.378509283065796
10.465629577636719 28.829145431518555 -3.342151403427124
10.763139724731445 29.01714515686035 -3.3420040607452393
11.122119903564453 29.346628189086914 -3.3563802242279053
11.383246421813965 29.416749954223633 -3.3400118350982666
11.62755298614502 29.437593460083008 -3.317984104156494
11.948225975036621 29.643835067749023 -3.316699743270874
0.0 0.0 0.0
12.60732364654541 30.057058334350586 -3.3104259967803955
0.0 0.0 0.0
0.0 0.0 0.0
0.0 0.0 0.0
13.876984596252441 30.664579391479492 -3.2653167247772217
14.233831405639648 30.869213104248047 -3.2566065788269043
0.0 0.0 0.0
0.0 0.0 0.0
15.204059600830078 31.244239807128906 -3.2034850120544434
0.0 0.0 0.0
0.0 0.0 0.0
0.0 0.0 0.0
0.0 0.0 0.0
0.0 0.0 0.0
0.0 0.0 0.0
0.0 0.0 0.0
0.0 0.0 0.0
0.0 0.0 0.0
0.0 0.0 0.0
0.0 0.0 0.0
0.0 0.0 0.0
0.0 0.0 0.0
0.0 0.0 0.0
0.0 0.0 0.0
0.0 0.0 0.0
0.0 0.0 0.0
0.0 0.0 0.0
0.0 0.0 0.0
0.0 0.0 0.0
0.0 0.0 0.0
0.0 0.0 0.0
0.0 0.0 0.0
0.0 0.0 0.0
0.0 0.0 0.0
0.0 0.0 0.0
0.0 0.0 0.0
0.0 0.0 0.0
0.0 0.0 0.0
0.0 0.0 0.0
0.0 0.0 0.0
0.0 0.0 0.0
0.0 0.0 0.0
0.0 0.0 0.0
0.0 0.0 0.0
0.0 0.0 0.0
0.0 0.0 0.0
0.0 0.0 0.0
0.0 0.0 0.0
0.0 0.0 0.0
0.0 0.0 0.0
0.0 0.0 0.0
0.0 0.0 0.0
0.0 0.0 0.0
0.0 0.0 0.0
0.0 0.0 0.0
0.0 0.0 0.0
0.0 0.0 0.0
0.0 0.0 0.0
0.0 0.0 0.0
0.0 0.0 0.0
0.0 0.0 0.0
0.0 0.0 0.0
0.0 0.0 0.0
0.0 0.0 0.0
0.0 0.0 0.0
0.0 0.0 0.0
0.0 0.0 0.0
0.0 0.0 0.0
0.0 0.0 0.0
0.0 0.0 0.0
0.0 0.0 0.0
0.0 0.0 0.0
0.0 0.0 0.0
0.0 0.0 0.0
0.0 0.0 0.0
0.0 0.0 0.0
0.0 0.0 0.0
0.0 0.0 0.0
0.0 0.0 0.0
0.0 0.0 0.0
0.0 0.0 0.0
0.0 0.0 0.0
0.0 0.0 0.0
0.0 0.0 0.0
0.0 0.0 0.0
0.0 0.0 0.0
0.0 0.0 0.0
0.0 0.0 0.0
0.0 0.0 0.0
0.0 0.0 0.0
0.0 0.0 0.0
0.0 0.0 0.0
0.0 0.0 0.0
0.0 0.0 0.0
0.0 0.0 0.0
0.0 0.0 0.0
0.0 0.0 0.0
0.0 0.0 0.0
0.0 0.0 0.0
0.0 0.0 0.0
0.0 0.0 0.0
0.0 0.0 0.0
0.0 0.0 0.0
0.0 0.0 0.0
0.0 0.0 0.0
0.0 0.0 0.0
0.0 0.0 0.0
0.0 0.0 0.0
0.0 0.0 0.0
0.0 0.0 0.0
0.0 0.0 0.0
0.0 0.0 0.0
0.0 0.0 0.0
0.0 0.0 0.0
0.0 0.0 0.0
0.0 0.0 0.0
0.0 0.0 0.0
0.0 0.0 0.0
0.0 0.0 0.0
0.0 0.0 0.0
0.0 0.0 0.0
0.0 0.0 0.0
0.0 0.0 0.0
0.0 0.0 0.0
0.0 0.0 0.0
0.0 0.0 0.0
0.0 0.0 0.0
0.0 0.0 0.0
0.0 0.0 0.0
0.0 0.0 0.0
0.0 0.0 0.0
0.0 0.0 0.0
0.0 0.0 0.0
0.0 0.0 0.0
0.0 0.0 0.0
0.0 0.0 0.0
0.0 0.0 0.0
0.0 0.0 0.0
0.0 0.0 0.0
0.0 0.0 0.0
0.0 0.0 0.0
0.0 0.0 0.0
0.0 0.0 0.0
0.0 0.0 0.0
0.0 0.0 0.0
0.0 0.0 0.0
0.0 0.0 0.0
0.0 0.0 0.0
0.0 0.0 0.0
0.0 0.0 0.0
0.0 0.0 0.0
0.0 0.0 0.0
0.0 0.0 0.0
0.0 0.0 0.0
0.0 0.0 0.0
0.0 0.0 0.0
0.0 0.0 0.0
0.0 0.0 0.0
0.0 0.0 0.0
0.0 0.0 0.0
0.0 0.0 0.0
0.0 0.0 0.0
0.0 0.0 0.0
0.0 0.0 0.0
0.0 0.0 0.0
0.0 0.0 0.0
0.0 0.0 0.0
0.0 0.0 0.0
0.0 0.0 0.0
0.0 0.0 0.0
0.0 0.0 0.0
0.0 0.0 0.0
0.0 0.0 0.0
0.0 0.0 0.0
0.0 0.0 0.0
0.0 0.0 0.0
0.0 0.0 0.0
0.0 0.0 0.0
0.0 0.0 0.0
0.0 0.0 0.0
0.0 0.0 0.0
0.0 0.0 0.0
0.0 0.0 0.0
0.0 0.0 0.0
0.0 0.0 0.0
0.0 0.0 0.0
0.0 0.0 0.0
0.0 0.0 0.0
0.0 0.0 0.0
0.0 0.0 0.0
0.0 0.0 0.0
0.0 0.0 0.0
0.0 0.0 0.0
0.0 0.0 0.0
0.0 0.0 0.0
0.0 0.0 0.0
0.0 0.0 0.0
0.0 0.0 0.0
0.0 0.0 0.0
0.0 0.0 0.0
0.0 0.0 0.0
0.0 0.0 0.0
0.0 0.0 0.0
0.0 0.0 0.0
0.0 0.0 0.0
0.0 0.0 0.0
0.0 0.0 0.0
0.0 0.0 0.0
0.0 0.0 0.0
0.0 0.0 0.0
0.0 0.0 0.0
0.0 0.0 0.0
0.0 0.0 0.0
0.0 0.0 0.0
0.0 0.0 0.0
0.0 0.0 0.0
0.0 0.0 0.0
0.0 0.0 0.0
0.0 0.0 0.0
0.0 0.0 0.0
0.0 0.0 0.0
0.0 0.0 0.0
0.0 0.0 0.0
0.0 0.0 0.0
0.0 0.0 0.0
0.0 0.0 0.0
0.0 0.0 0.0
0.0 0.0 0.0
0.0 0.0 0.0
0.0 0.0 0.0
0.0 0.0 0.0
0.0 0.0 0.0
0.0 0.0 0.0
0.0 0.0 0.0
0.0 0.0 0.0
-15.644987106323242 29.60740852355957 -2.6787753105163574
0.0 0.0 0.0
0.0 0.0 0.0
0.0 0.0 0.0
0.0 0.0 0.0
0.0 0.0 0.0
0.0 0.0 0.0
0.0 0.0 0.0
0.0 0.0 0.0
0.0 0.0 0.0
0.0 0.0 0.0
0.0 0.0 0.0
0.0 0.0 0.0
0.0 0.0 0.0
0.0 0.0 0.0
0.0 0.0 0.0
0.0 0.0 0.0
0.0 0.0 0.0
0.0 0.0 0.0
0.0 0.0 0.0
0.0 0.0 0.0
0.0 0.0 0.0
0.0 0.0 0.0
0.0 0.0 0.0
0.0 0.0 0.0
0.0 0.0 0.0
0.0 0.0 0.0
0.0 0.0 0.0
0.0 0.0 0.0
0.0 0.0 0.0
0.0 0.0 0.0
-7.303362846374512 26.442935943603516 -3.1504526138305664
-7.112171649932861 26.468246459960938 -3.169905185699463
-6.921960830688477 26.49592399597168 -3.189769983291626
0.0 0.0 0.0
0.0 0.0 0.0
-6.264293193817139 26.220775604248047 -3.2042486667633057
0.0 0.0 0.0
0.0 0.0 0.0
-5.671555042266846 26.141971588134766 -3.2373619079589844
-5.467411041259766 26.09199333190918 -3.245229959487915
-5.294792652130127 26.17298126220703 -3.267468214035034
0.0 0.0 0.0
-4.86873197555542 25.91621208190918 -3.259895086288452
0.0 0.0 0.0
-4.536932468414307 26.169084548950195 -3.3157052993774414
-4.317026138305664 25.97270393371582 -3.300966739654541
-4.1357831954956055 26.00042152404785 -3.3147943019866943
0.0 0.0 0.0
-3.7555572986602783 25.933149337768555 -3.32719349861145
-3.556657314300537 25.82669448852539 -3.3220725059509277
0.0 0.0 0.0
-3.1945934295654297 25.88279914855957 -3.3459692001342773
-3.012941360473633 25.891435623168945 -3.3555731773376465
-2.8411800861358643 25.99125862121582 -3.3770806789398193
-2.6373467445373535 25.78581428527832 -3.3562183380126953
-2.4553091526031494 25.81048583984375 -3.3655314445495605
-2.2881994247436523 25.968652725219727 -3.392343521118164
-2.1002180576324463 25.894079208374023 -3.3889288902282715
-1.9160372018814087 25.852996826171875 -3.3893895149230957
-1.7338182926177979 25.830184936523438 -3.3904144763946533
-1.5573421716690063 25.949321746826172 -3.4103243350982666
-1.3681912422180176 25.79635238647461 -3.39455509185791
-1.1897984743118286 25.827722549438477 -3.403183698654175
-1.0106016397476196 25.850292205810547 -3.409536838531494
-0.8296980261802673 25.82538414001465 -3.4080851078033447
-0.6474846005439758 25.861230850219727 -3.414853572845459
-0.4703127443790436 26.019641876220703 -3.4379520416259766
-0.2885107696056366 25.975467681884766 -3.4344613552093506
-0.10824024677276611 26.054162979125977 -3.445716142654419
0.07268228381872177 25.965219497680664 -3.433917284011841
0.25538405776023865 26.184812545776367 -3.463090181350708
0.43643704056739807 25.93842315673828 -3.4308059215545654
0.62028968334198 26.08187484741211 -3.4502480030059814
0.8042590022087097 26.15851593017578 -3.4587106704711914
0.9868181347846985 26.16815185546875 -3.4578495025634766
1.1676018238067627 26.137832641601562 -3.451878547668457
1.3527274131774902 26.129295349121094 -3.448920249938965
1.5285890102386475 26.01911735534668 -3.4327523708343506
1.7219101190567017 26.197954177856445 -3.4521708488464355
1.9033946990966797 26.174489974975586 -3.444974660873413
2.0935616493225098 26.261735916137695 -3.452502489089966
0.0 0.0 0.0
2.4822607040405273 26.447282791137695 -3.468925714492798
2.6663618087768555 26.430469512939453 -3.460449457168579
2.850959062576294 26.420093536376953 -3.452988862991333
3.0375313758850098 26.423797607421875 -3.447521924972534
0.0 0.0 0.0
3.406294822692871 26.365530014038086 -3.4274325370788574
3.6335859298706055 26.665111541748047 -3.4581024646759033
3.7937309741973877 26.464218139648438 -3.4239892959594727
4.0287299156188965 26.775785446166992 -3.4562885761260986
4.187201023101807 26.572492599487305 -3.422255039215088
4.416910648345947 26.79621124267578 -3.441596746444702
4.629744052886963 26.91937828063965 -3.4470582008361816
4.839944362640381 27.014144897460938 -3.4489312171936035
5.030163288116455 26.993019104003906 -3.4361355304718018
0.0 0.0 0.0
5.456539630889893 27.1591739654541 -3.4351418018341064
5.633264541625977 27.06183624267578 -3.410695791244507
5.901755332946777 27.395463943481445 -3.440608024597168
6.117228984832764 27.46550178527832 -3.437356472015381
6.30653190612793 27.416868209838867 -3.419041156768799
6.538661003112793 27.5323543548584 -3.4187631607055664
6.764529228210449 27.627941131591797 -3.4162936210632324
6.965482711791992 27.616409301757812 -3.400655746459961
7.191944122314453 27.701030731201172 -3.3969380855560303
7.407688140869141 27.739059448242188 -3.386415719985962
7.701449394226074 28.040103912353516 -3.4063265323638916
7.886629581451416 27.95102310180664 -3.3791277408599854
8.19857120513916 28.300443649291992 -3.4048755168914795
8.347469329833984 28.08155059814453 -3.362293004989624
8.597408294677734 28.20383644104004 -3.3586015701293945
8.938908576965332 28.59707260131836 -3.3863182067871094
9.15510368347168 28.588714599609375 -3.366631269454956
9.442983627319336 28.796369552612305 -3.372337579727173
9.692892074584961 28.880218505859375 -3.3626656532287598
9.935148239135742 28.9325008392334 -3.3477704524993896
0.0 0.0 0.0
0.0 0.0 0.0
10.778399467468262 29.36420249938965 -3.333860158920288
10.969440460205078 29.255422592163086 -3.2985403537750244
0.0 0.0 0.0
11.611336708068848 29.703157424926758 -3.301992416381836
11.815408706665039 29.60527992248535 -3.267324924468994
0.0 0.0 0.0
0.0 0.0 0.0
0.0 0.0 0.0
0.0 0.0 0.0
0.0 0.0 0.0
0.0 0.0 0.0
0.0 0.0 0.0
0.0 0.0 0.0
14.837364196777344 31.320045471191406 -3.2052454948425293
0.0 0.0 0.0
15.549572944641113 31.667463302612305 -3.176750421524048
0.0 0.0 0.0
0.0 0.0 0.0
0.0 0.0 0.0
0.0 0.0 0.0
0.0 0.0 0.0
0.0 0.0 0.0
0.0 0.0 0.0
0.0 0.0 0.0
0.0 0.0 0.0
0.0 0.0 0.0
0.0 0.0 0.0
0.0 0.0 0.0
21.378894805908203 35.104400634765625 -2.9941699504852295
0.0 0.0 0.0
0.0 0.0 0.0
0.0 0.0 0.0
0.0 0.0 0.0
0.0 0.0 0.0
0.0 0.0 0.0
0.0 0.0 0.0
0.0 0.0 0.0
0.0 0.0 0.0
0.0 0.0 0.0
0.0 0.0 0.0
0.0 0.0 0.0
0.0 0.0 0.0
0.0 0.0 0.0
0.0 0.0 0.0
0.0 0.0 0.0
0.0 0.0 0.0
0.0 0.0 0.0
0.0 0.0 0.0
0.0 0.0 0.0
0.0 0.0 0.0
0.0 0.0 0.0
0.0 0.0 0.0
0.0 0.0 0.0
0.0 0.0 0.0
0.0 0.0 0.0
0.0 0.0 0.0
0.0 0.0 0.0
0.0 0.0 0.0
0.0 0.0 0.0
0.0 0.0 0.0
0.0 0.0 0.0
0.0 0.0 0.0
0.0 0.0 0.0
0.0 0.0 0.0
0.0 0.0 0.0
0.0 0.0 0.0
0.0 0.0 0.0
0.0 0.0 0.0
0.0 0.0 0.0
0.0 0.0 0.0
0.0 0.0 0.0
0.0 0.0 0.0
0.0 0.0 0.0
0.0 0.0 0.0
0.0 0.0 0.0
0.0 0.0 0.0
0.0 0.0 0.0
0.0 0.0 0.0
0.0 0.0 0.0
0.0 0.0 0.0
0.0 0.0 0.0
0.0 0.0 0.0
0.0 0.0 0.0
0.0 0.0 0.0
0.0 0.0 0.0
0.0 0.0 0.0
0.0 0.0 0.0
0.0 0.0 0.0
0.0 0.0 0.0
0.0 0.0 0.0
0.0 0.0 0.0
0.0 0.0 0.0
0.0 0.0 0.0
0.0 0.0 0.0
0.0 0.0 0.0
0.0 0.0 0.0
0.0 0.0 0.0
0.0 0.0 0.0
30.814096450805664 131.0991668701172 17.685495376586914
0.0 0.0 0.0
0.0 0.0 0.0
0.0 0.0 0.0
0.0 0.0 0.0
0.0 0.0 0.0
0.0 0.0 0.0
0.0 0.0 0.0
0.0 0.0 0.0
0.0 0.0 0.0
0.0 0.0 0.0
0.0 0.0 0.0
0.0 0.0 0.0
0.0 0.0 0.0
0.0 0.0 0.0
0.0 0.0 0.0
0.0 0.0 0.0
0.0 0.0 0.0
0.0 0.0 0.0
0.0 0.0 0.0
0.0 0.0 0.0
0.0 0.0 0.0
0.0 0.0 0.0
0.0 0.0 0.0
0.0 0.0 0.0
0.0 0.0 0.0
0.0 0.0 0.0
0.0 0.0 0.0
0.0 0.0 0.0
0.0 0.0 0.0
0.0 0.0 0.0
0.0 0.0 0.0
0.0 0.0 0.0
0.0 0.0 0.0
0.0 0.0 0.0
0.0 0.0 0.0
0.0 0.0 0.0
0.0 0.0 0.0
0.0 0.0 0.0
0.0 0.0 0.0
0.0 0.0 0.0
0.0 0.0 0.0
0.0 0.0 0.0
0.0 0.0 0.0
0.0 0.0 0.0
0.0 0.0 0.0
0.0 0.0 0.0
0.0 0.0 0.0
0.0 0.0 0.0
0.0 0.0 0.0
0.0 0.0 0.0
0.0 0.0 0.0
0.0 0.0 0.0
0.0 0.0 0.0
0.0 0.0 0.0
0.0 0.0 0.0
0.0 0.0 0.0
0.0 0.0 0.0
0.0 0.0 0.0
0.0 0.0 0.0
0.0 0.0 0.0
0.0 0.0 0.0
0.0 0.0 0.0
0.0 0.0 0.0
0.0 0.0 0.0
0.0 0.0 0.0
0.0 0.0 0.0
0.0 0.0 0.0
0.0 0.0 0.0
0.0 0.0 0.0
0.0 0.0 0.0
0.0 0.0 0.0
0.0 0.0 0.0
0.0 0.0 0.0
0.0 0.0 0.0
0.0 0.0 0.0
0.0 0.0 0.0
0.0 0.0 0.0
0.0 0.0 0.0
0.0 0.0 0.0
0.0 0.0 0.0
0.0 0.0 0.0
0.0 0.0 0.0
0.0 0.0 0.0
0.0 0.0 0.0
0.0 0.0 0.0
0.0 0.0 0.0
0.0 0.0 0.0
0.0 0.0 0.0
0.0 0.0 0.0
0.0 0.0 0.0
0.0 0.0 0.0
0.0 0.0 0.0
0.0 0.0 0.0
0.0 0.0 0.0
0.0 0.0 0.0
0.0 0.0 0.0
0.0 0.0 0.0
0.0 0.0 0.0
0.0 0.0 0.0
0.0 0.0 0.0
0.0 0.0 0.0
0.0 0.0 0.0
0.0 0.0 0.0
0.0 0.0 0.0
0.0 0.0 0.0
0.0 0.0 0.0
0.0 0.0 0.0
0.0 0.0 0.0
0.0 0.0 0.0
0.0 0.0 0.0
0.0 0.0 0.0
0.0 0.0 0.0
0.0 0.0 0.0
0.0 0.0 0.0
0.0 0.0 0.0
0.0 0.0 0.0
0.0 0.0 0.0
0.0 0.0 0.0
0.0 0.0 0.0
0.0 0.0 0.0
0.0 0.0 0.0
0.0 0.0 0.0
0.0 0.0 0.0
0.0 0.0 0.0
0.0 0.0 0.0
0.0 0.0 0.0
0.0 0.0 0.0
0.0 0.0 0.0
0.0 0.0 0.0
0.0 0.0 0.0
0.0 0.0 0.0
0.0 0.0 0.0
0.0 0.0 0.0
0.0 0.0 0.0
0.0 0.0 0.0
0.0 0.0 0.0
0.0 0.0 0.0
0.0 0.0 0.0
0.0 0.0 0.0
0.0 0.0 0.0
0.0 0.0 0.0
0.0 0.0 0.0
0.0 0.0 0.0
0.0 0.0 0.0
0.0 0.0 0.0
0.0 0.0 0.0
0.0 0.0 0.0
0.0 0.0 0.0
0.0 0.0 0.0
0.0 0.0 0.0
0.0 0.0 0.0
0.0 0.0 0.0
0.0 0.0 0.0
0.0 0.0 0.0
0.0 0.0 0.0
0.0 0.0 0.0
0.0 0.0 0.0
0.0 0.0 0.0
0.0 0.0 0.0
0.0 0.0 0.0
0.0 0.0 0.0
0.0 0.0 0.0
0.0 0.0 0.0
0.0 0.0 0.0
0.0 0.0 0.0
0.0 0.0 0.0
0.0 0.0 0.0
0.0 0.0 0.0
0.0 0.0 0.0
0.0 0.0 0.0
-8.383374214172363 27.007354736328125 -3.0753142833709717
0.0 0.0 0.0
0.0 0.0 0.0
0.0 0.0 0.0
-7.547536373138428 26.955480575561523 -3.141852617263794
-7.290912628173828 26.753955841064453 -3.13482666015625
0.0 0.0 0.0
-6.853713512420654 26.615638732910156 -3.151942491531372
-6.716541290283203 26.856182098388672 -3.1958842277526855
-6.448386192321777 26.568220138549805 -3.1761045455932617
-6.227242469787598 26.45916175842285 -3.177602767944336
-6.048457145690918 26.541980743408203 -3.2025158405303955
0.0 0.0 0.0
0.0 0.0 0.0
0.0 0.0 0.0
-5.234067440032959 26.334308624267578 -3.2296736240386963
-5.028810977935791 26.273466110229492 -3.2351107597351074
0.0 0.0 0.0
-4.630484104156494 26.16170883178711 -3.243802070617676
-4.453386306762695 26.222143173217773 -3.261762857437134
-4.266737461090088 26.22782325744629 -3.273087739944458
-4.062670707702637 26.140716552734375 -3.273128032684326
-3.872441053390503 26.11310577392578 -3.279170513153076
-3.6871886253356934 26.114978790283203 -3.2877378463745117
0.0 0.0 0.0
-3.300571918487549 25.984052658081055 -3.2882659435272217
-3.1282825469970703 26.078083038330078 -3.308920383453369
-2.961984872817993 26.263975143432617 -3.3396246433258057
-2.7647104263305664 26.147972106933594 -3.331209897994995
-2.5675108432769775 26.011207580566406 -3.320232629776001
-2.3908824920654297 26.077516555786133 -3.335320234298706
-2.208550214767456 26.084701538085938 -3.3430185317993164
-2.0187437534332275 26.033199310302734 -3.3409230709075928
-1.8499583005905151 26.22364616394043 -3.369739532470703
-10.214111328125 160.697265625 -20.67736053466797
-1.475629210472107 26.08284568786621 -3.36082124710083
-1.2970494031906128 26.1497802734375 -3.3740429878234863
-1.110090732574463 26.11530303955078 -3.3718550205230713
-0.9214003086090088 25.928396224975586 -3.3500916957855225
-0.7519612908363342 26.313257217407227 -3.402383327484131
-0.565910279750824 26.174123764038086 -3.3871066570281982
-0.38577258586883545 26.32041358947754 -3.4082460403442383
-0.19830986857414246 26.16358184814453 -3.388275623321533
-0.016247089952230453 26.14488410949707 -3.3863513469696045
0.16694508492946625 26.345726013183594 -3.413031816482544
0.3479357659816742 26.16954231262207 -3.391033172607422
0.5320920944213867 26.271137237548828 -3.404012441635132
0.7162543535232544 26.321300506591797 -3.4088265895843506
0.8977505564689636 26.18035888671875 -3.389035224914551
1.0785847902297974 26.1389217376709 -3.382324457168579
1.2732229232788086 26.398073196411133 -3.414663791656494
1.4563921689987183 26.38132095336914 -3.40994930267334
1.6517579555511475 26.564516067504883 -3.4301183223724365
1.8426769971847534 26.59531021118164 -3.4306840896606445
2.0139541625976562 26.404775619506836 -3.4029428958892822
2.2082936763763428 26.518156051635742 -3.4145374298095703
2.411766767501831 26.715299606323242 -3.434865713119507
2.5891268253326416 26.610151290893555 -3.4157371520996094
2.7799301147460938 26.615276336669922 -3.4108526706695557
2.980031967163086 26.731075286865234 -3.4203848838806152
3.170243978500366 26.745298385620117 -3.4170455932617188
0.0 0.0 0.0
3.570786714553833 26.916364669799805 -3.423706531524658
3.74691104888916 26.78811264038086 -3.3998475074768066
3.938001871109009 26.793359756469727 -3.3932437896728516
4.178532600402832 27.1191463470459 -3.426922082901001
0.0 0.0 0.0
4.543203353881836 26.985153198242188 -3.390927791595459
4.774043083190918 27.198869705200195 -3.4083948135375977
0.0 0.0 0.0
0.0 0.0 0.0
5.388886451721191 27.32242774963379 -3.3926916122436523
5.616609573364258 27.46851921081543 -3.399301052093506
5.841581344604492 27.590055465698242 -3.402907609939575
6.037079334259033 27.549964904785156 -3.386479139328003
6.287031650543213 27.766677856445312 -3.400188446044922
6.466432094573975 27.664012908935547 -3.374016046524048
6.706531524658203 27.816619873046875 -3.3790760040283203
6.934102535247803 27.90699577331543 -3.3765790462493896
7.129162311553955 27.84812355041504 -3.35589599609375
7.345785617828369 27.886625289916992 -3.344998598098755
7.659895420074463 28.27923011779785 -3.37642765045166
7.706136703491211 27.685556411743164 -3.290316581726074
8.131921768188477 28.447093963623047 -3.365262746810913
8.327887535095215 28.37285041809082 -3.3399126529693604
0.0 0.0 0.0
0.0 0.0 0.0
9.068129539489746 28.667097091674805 -3.3210058212280273
9.263296127319336 28.59115982055664 -3.2945921421051025
9.653275489807129 29.10386848449707 -3.334059715270996
9.842796325683594 28.986099243164062 -3.300286293029785
10.173013687133789 29.286470413208008 -3.314405918121338
0.0 0.0 0.0
0.0 0.0 0.0
0.0 0.0 0.0
0.0 0.0 0.0
0.0 0.0 0.0
0.0 0.0 0.0
12.168316841125488 30.1922607421875 -3.258911609649658
0.0 0.0 0.0
0.0 0.0 0.0
0.0 0.0 0.0
0.0 0.0 0.0
13.775856971740723 31.011831283569336 -3.2160749435424805
14.085833549499512 31.123891830444336 -3.20004940032959
0.0 0.0 0.0
0.0 0.0 0.0
0.0 0.0 0.0
0.0 0.0 0.0
0.0 0.0 0.0
0.0 0.0 0.0
0.0 0.0 0.0
0.0 0.0 0.0
0.0 0.0 0.0
0.0 0.0 0.0
0.0 0.0 0.0
0.0 0.0 0.0
0.0 0.0 0.0
0.0 0.0 0.0
20.22136878967285 34.544647216796875 -3.0055325031280518
20.44516944885254 34.3765869140625 -2.9485344886779785
0.0 0.0 0.0
0.0 0.0 0.0
0.0 0.0 0.0
0.0 0.0 0.0
0.0 0.0 0.0
0.0 0.0 0.0
0.0 0.0 0.0
0.0 0.0 0.0
0.0 0.0 0.0
0.0 0.0 0.0
0.0 0.0 0.0
0.0 0.0 0.0
0.0 0.0 0.0
0.0 0.0 0.0
0.0 0.0 0.0
0.0 0.0 0.0
0.0 0.0 0.0
0.0 0.0 0.0
0.0 0.0 0.0
0.0 0.0 0.0
0.0 0.0 0.0
0.0 0.0 0.0
0.0 0.0 0.0
0.0 0.0 0.0
0.0 0.0 0.0
0.0 0.0 0.0
0.0 0.0 0.0
0.0 0.0 0.0
0.0 0.0 0.0
0.0 0.0 0.0
0.0 0.0 0.0
0.0 0.0 0.0
0.0 0.0 0.0
0.0 0.0 0.0
0.0 0.0 0.0
0.0 0.0 0.0
0.0 0.0 0.0
0.0 0.0 0.0
0.0 0.0 0.0
0.0 0.0 0.0
0.0 0.0 0.0
0.0 0.0 0.0
0.0 0.0 0.0
0.0 0.0 0.0
0.0 0.0 0.0
0.0 0.0 0.0
0.0 0.0 0.0
0.0 0.0 0.0
0.0 0.0 0.0
0.0 0.0 0.0
0.0 0.0 0.0
0.0 0.0 0.0
0.0 0.0 0.0
0.0 0.0 0.0
0.0 0.0 0.0
0.0 0.0 0.0
0.0 0.0 0.0
0.0 0.0 0.0
0.0 0.0 0.0
0.0 0.0 0.0
0.0 0.0 0.0
0.0 0.0 0.0
0.0 0.0 0.0
0.0 0.0 0.0
0.0 0.0 0.0
0.0 0.0 0.0
0.0 0.0 0.0
0.0 0.0 0.0
0.0 0.0 0.0
0.0 0.0 0.0
0.0 0.0 0.0
0.0 0.0 0.0
0.0 0.0 0.0
0.0 0.0 0.0
0.0 0.0 0.0
0.0 0.0 0.0
0.0 0.0 0.0
0.0 0.0 0.0
0.0 0.0 0.0
0.0 0.0 0.0
0.0 0.0 0.0
0.0 0.0 0.0
0.0 0.0 0.0
0.0 0.0 0.0
0.0 0.0 0.0
0.0 0.0 0.0
0.0 0.0 0.0
0.0 0.0 0.0
0.0 0.0 0.0
0.0 0.0 0.0
0.0 0.0 0.0
0.0 0.0 0.0
0.0 0.0 0.0
0.0 0.0 0.0
0.0 0.0 0.0
0.0 0.0 0.0
0.0 0.0 0.0
0.0 0.0 0.0
0.0 0.0 0.0
0.0 0.0 0.0
0.0 0.0 0.0
0.0 0.0 0.0
0.0 0.0 0.0
0.0 0.0 0.0
0.0 0.0 0.0
0.0 0.0 0.0
0.0 0.0 0.0
0.0 0.0 0.0
0.0 0.0 0.0
0.0 0.0 0.0
0.0 0.0 0.0
0.0 0.0 0.0
0.0 0.0 0.0
0.0 0.0 0.0
0.0 0.0 0.0
0.0 0.0 0.0
0.0 0.0 0.0
0.0 0.0 0.0
0.0 0.0 0.0
0.0 0.0 0.0
0.0 0.0 0.0
0.0 0.0 0.0
0.0 0.0 0.0
0.0 0.0 0.0
0.0 0.0 0.0
0.0 0.0 0.0
0.0 0.0 0.0
0.0 0.0 0.0
0.0 0.0 0.0
0.0 0.0 0.0
0.0 0.0 0.0
0.0 0.0 0.0
0.0 0.0 0.0
0.0 0.0 0.0
0.0 0.0 0.0
0.0 0.0 0.0
0.0 0.0 0.0
0.0 0.0 0.0
0.0 0.0 0.0
0.0 0.0 0.0
0.0 0.0 0.0
0.0 0.0 0.0
0.0 0.0 0.0
0.0 0.0 0.0
0.0 0.0 0.0
0.0 0.0 0.0
0.0 0.0 0.0
0.0 0.0 0.0
0.0 0.0 0.0
0.0 0.0 0.0
0.0 0.0 0.0
0.0 0.0 0.0
0.0 0.0 0.0
0.0 0.0 0.0
0.0 0.0 0.0
0.0 0.0 0.0
0.0 0.0 0.0
0.0 0.0 0.0
0.0 0.0 0.0
0.0 0.0 0.0
0.0 0.0 0.0
0.0 0.0 0.0
0.0 0.0 0.0
0.0 0.0 0.0
0.0 0.0 0.0
0.0 0.0 0.0
0.0 0.0 0.0
0.0 0.0 0.0
0.0 0.0 0.0
0.0 0.0 0.0
0.0 0.0 0.0
0.0 0.0 0.0
0.0 0.0 0.0
0.0 0.0 0.0
0.0 0.0 0.0
0.0 0.0 0.0
0.0 0.0 0.0
0.0 0.0 0.0
0.0 0.0 0.0
0.0 0.0 0.0
0.0 0.0 0.0
0.0 0.0 0.0
0.0 0.0 0.0
0.0 0.0 0.0
0.0 0.0 0.0
0.0 0.0 0.0
0.0 0.0 0.0
0.0 0.0 0.0
0.0 0.0 0.0
0.0 0.0 0.0
0.0 0.0 0.0
0.0 0.0 0.0
0.0 0.0 0.0
0.0 0.0 0.0
0.0 0.0 0.0
0.0 0.0 0.0
0.0 0.0 0.0
0.0 0.0 0.0
0.0 0.0 0.0
0.0 0.0 0.0
0.0 0.0 0.0
0.0 0.0 0.0
0.0 0.0 0.0
0.0 0.0 0.0
0.0 0.0 0.0
0.0 0.0 0.0
0.0 0.0 0.0
0.0 0.0 0.0
0.0 0.0 0.0
0.0 0.0 0.0
0.0 0.0 0.0
0.0 0.0 0.0
0.0 0.0 0.0
0.0 0.0 0.0
0.0 0.0 0.0
0.0 0.0 0.0
0.0 0.0 0.0
0.0 0.0 0.0
0.0 0.0 0.0
0.0 0.0 0.0
0.0 0.0 0.0
0.0 0.0 0.0
0.0 0.0 0.0
0.0 0.0 0.0
0.0 0.0 0.0
0.0 0.0 0.0
0.0 0.0 0.0
0.0 0.0 0.0
0.0 0.0 0.0
0.0 0.0 0.0
0.0 0.0 0.0
0.0 0.0 0.0
-10.460464477539062 27.759727478027344 -2.9203474521636963
0.0 0.0 0.0
0.0 0.0 0.0
0.0 0.0 0.0
0.0 0.0 0.0
0.0 0.0 0.0
0.0 0.0 0.0
0.0 0.0 0.0
0.0 0.0 0.0
0.0 0.0 0.0
0.0 0.0 0.0
0.0 0.0 0.0
0.0 0.0 0.0
0.0 0.0 0.0
0.0 0.0 0.0
-7.057119846343994 27.012617111206055 -3.126394510269165
-6.818657875061035 26.863264083862305 -3.1237640380859375
0.0 0.0 0.0
-6.400124549865723 26.785804748535156 -3.1445350646972656
0.0 0.0 0.0
-5.9174323081970215 26.387258529663086 -3.125624656677246
-5.762280464172363 26.558536529541016 -3.1584224700927734
-5.560919761657715 26.535932540893555 -3.1685895919799805
-5.399817943572998 26.68985366821289 -3.199779987335205
-5.2039361000061035 26.67530059814453 -3.21097469329834
-4.938933849334717 26.28980255126953 -3.1752402782440186
0.0 0.0 0.0
-4.559018135070801 26.29573631286621 -3.197690486907959
0.0 0.0 0.0
-4.200963973999023 26.410730361938477 -3.233269453048706
-4.004634380340576 26.357391357421875 -3.2352652549743652
-3.82070255279541 26.38322639465332 -3.2471208572387695
-3.6307857036590576 26.365520477294922 -3.2537612915039062
-3.4560563564300537 26.48525619506836 -3.2777042388916016
0.0 0.0 0.0
-3.067835569381714 26.366615295410156 -3.2777154445648193
-2.8650550842285156 26.208885192871094 -3.2649056911468506
0.0 0.0 0.0
-2.5001304149627686 26.2789363861084 -3.2878494262695312
0.0 0.0 0.0
-2.13462495803833 26.31715202331543 -3.302978038787842
-1.9592933654785156 26.434900283813477 -3.322669267654419
-1.750794768333435 26.083560943603516 -3.2835166454315186
-1.581161618232727 26.345935821533203 -3.321850299835205
-1.3998252153396606 26.394437789916992 -3.3312206268310547
-1.2208209037780762 26.50757598876953 -3.348363161087036
-1.0323598384857178 26.410367965698242 -3.3390939235687256
-0.8536471128463745 26.571348190307617 -3.3626346588134766
-0.6561599969863892 26.204301834106445 -3.319550037384033
-0.47678643465042114 26.37854766845703 -3.3425230979919434
-0.29423922300338745 26.462446212768555 -3.35406494140625
-0.10924426466226578 26.285436630249023 -3.332695960998535
0.07388534396886826 26.405534744262695 -3.3491551876068115
0.25867730379104614 26.524377822875977 -3.3654325008392334
0.44932639598846436 26.692543029785156 -3.3856585025787354
0.635773777961731 26.716062545776367 -3.387714385986328
0.8176978826522827 26.587223052978516 -3.370617151260376
1.0046595335006714 26.631404876708984 -3.3756203651428223
1.1871404647827148 26.56595802307129 -3.366281270980835
1.3801380395889282 26.654172897338867 -3.3743810653686523
1.567413330078125 26.675392150878906 -3.374201536178589
0.0 0.0 0.0
1.9383167028427124 26.652042388916016 -3.3660078048706055
2.141728401184082 26.866512298583984 -3.389653444290161
0.0 0.0 0.0
2.525616407394409 26.908859252929688 -3.3850393295288086
2.704373598098755 26.810537338256836 -3.3679983615875244
0.0 0.0 0.0
3.097580671310425 26.949363708496094 -3.374962568283081
3.3040568828582764 27.054941177368164 -3.3809640407562256
0.0 0.0 0.0
3.69152569770813 27.08940315246582 -3.371528387069702
3.9307057857513428 27.41733169555664 -3.405618190765381
0.0 0.0 0.0
4.283371448516846 27.179065704345703 -3.3585987091064453
4.511958122253418 27.367652893066406 -3.3728482723236084
4.705364227294922 27.352344512939453 -3.362208127975464
4.936854839324951 27.54947280883789 -3.377777576446533
5.136262893676758 27.558225631713867 -3.3679163455963135
5.343804836273193 27.603551864624023 -3.3625195026397705
5.569190502166748 27.715158462524414 -3.365091323852539
5.825379371643066 27.981355667114258 -3.38661527633667
5.957908630371094 27.653831481933594 -3.335940361022949
0.0 0.0 0.0
6.42553186416626 27.931514739990234 -3.3438053131103516
0.0 0.0 0.0
6.866050720214844 28.038593292236328 -3.3311543464660645
7.1464762687683105 28.331056594848633 -3.3520779609680176
7.398464202880859 28.493335723876953 -3.356279134750366
7.617999076843262 28.52224349975586 -3.344780921936035
7.816071033477783 28.454978942871094 -3.3218777179718018
8.113420486450195 28.75339698791504 -3.3419132232666016
8.249773979187012 28.478851318359375 -3.2933974266052246
0.0 0.0 0.0
0.0 0.0 0.0
9.035101890563965 28.903358459472656 -3.291142225265503
0.0 0.0 0.0
9.644838333129883 29.411163330078125 -3.311998128890991
9.854056358337402 29.356996536254883 -3.286771535873413
10.100604057312012 29.41162109375 -3.2738213539123535
0.0 0.0 0.0
10.703248023986816 29.79904556274414 -3.276519298553467
10.913755416870117 29.734067916870117 -3.2481977939605713
11.252120971679688 30.009634017944336 -3.2569823265075684
11.618711471557617 30.343568801879883 -3.271697759628296
0.0 0.0 0.0
0.0 0.0 0.0
12.509322166442871 30.72509002685547 -3.2419049739837646
0.0 0.0 0.0
12.99532413482666 30.690147399902344 -3.1903228759765625
0.0 0.0 0.0
0.0 0.0 0.0
0.0 0.0 0.0
14.43067455291748 31.590070724487305 -3.1762735843658447
0.0 0.0 0.0
0.0 0.0 0.0
15.376646995544434 31.875314712524414 -3.116922378540039
0.0 0.0 0.0
0.0 0.0 0.0
0.0 0.0 0.0
0.0 0.0 0.0
0.0 0.0 0.0
0.0 0.0 0.0
0.0 0.0 0.0
0.0 0.0 0.0
0.0 0.0 0.0
0.0 0.0 0.0
0.0 0.0 0.0
0.0 0.0 0.0
0.0 0.0 0.0
0.0 0.0 0.0
0.0 0.0 0.0
0.0 0.0 0.0
0.0 0.0 0.0
0.0 0.0 0.0
0.0 0.0 0.0
0.0 0.0 0.0
0.0 0.0 0.0
0.0 0.0 0.0
0.0 0.0 0.0
0.0 0.0 0.0
0.0 0.0 0.0
0.0 0.0 0.0
0.0 0.0 0.0
0.0 0.0 0.0
0.0 0.0 0.0
0.0 0.0 0.0
0.0 0.0 0.0
0.0 0.0 0.0
0.0 0.0 0.0
0.0 0.0 0.0
0.0 0.0 0.0
0.0 0.0 0.0
0.0 0.0 0.0
0.0 0.0 0.0
0.0 0.0 0.0
0.0 0.0 0.0
0.0 0.0 0.0
0.0 0.0 0.0
0.0 0.0 0.0
0.0 0.0 0.0
0.0 0.0 0.0
0.0 0.0 0.0
0.0 0.0 0.0
0.0 0.0 0.0
0.0 0.0 0.0
0.0 0.0 0.0
0.0 0.0 0.0
0.0 0.0 0.0
0.0 0.0 0.0
0.0 0.0 0.0
0.0 0.0 0.0
0.0 0.0 0.0
0.0 0.0 0.0
0.0 0.0 0.0
0.0 0.0 0.0
0.0 0.0 0.0
0.0 0.0 0.0
0.0 0.0 0.0
0.0 0.0 0.0
0.0 0.0 0.0
0.0 0.0 0.0
0.0 0.0 0.0
0.0 0.0 0.0
0.0 0.0 0.0
0.0 0.0 0.0
0.0 0.0 0.0
0.0 0.0 0.0
0.0 0.0 0.0
0.0 0.0 0.0
0.0 0.0 0.0
0.0 0.0 0.0
0.0 0.0 0.0
0.0 0.0 0.0
0.0 0.0 0.0
0.0 0.0 0.0
0.0 0.0 0.0
0.0 0.0 0.0
0.0 0.0 0.0
0.0 0.0 0.0
0.0 0.0 0.0
0.0 0.0 0.0
0.0 0.0 0.0
0.0 0.0 0.0
0.0 0.0 0.0
0.0 0.0 0.0
0.0 0.0 0.0
0.0 0.0 0.0
0.0 0.0 0.0
0.0 0.0 0.0
0.0 0.0 0.0
0.0 0.0 0.0
0.0 0.0 0.0
0.0 0.0 0.0
0.0 0.0 0.0
0.0 0.0 0.0
0.0 0.0 0.0
0.0 0.0 0.0
0.0 0.0 0.0
0.0 0.0 0.0
0.0 0.0 0.0
0.0 0.0 0.0
0.0 0.0 0.0
0.0 0.0 0.0
0.0 0.0 0.0
0.0 0.0 0.0
0.0 0.0 0.0
0.0 0.0 0.0
0.0 0.0 0.0
0.0 0.0 0.0
0.0 0.0 0.0
0.0 0.0 0.0
0.0 0.0 0.0
0.0 0.0 0.0
0.0 0.0 0.0
0.0 0.0 0.0
0.0 0.0 0.0
0.0 0.0 0.0
0.0 0.0 0.0
0.0 0.0 0.0
0.0 0.0 0.0
0.0 0.0 0.0
0.0 0.0 0.0
0.0 0.0 0.0
0.0 0.0 0.0
0.0 0.0 0.0
0.0 0.0 0.0
0.0 0.0 0.0
0.0 0.0 0.0
0.0 0.0 0.0
0.0 0.0 0.0
0.0 0.0 0.0
0.0 0.0 0.0
0.0 0.0 0.0
0.0 0.0 0.0
0.0 0.0 0.0
0.0 0.0 0.0
0.0 0.0 0.0
0.0 0.0 0.0
0.0 0.0 0.0
0.0 0.0 0.0
0.0 0.0 0.0
0.0 0.0 0.0
0.0 0.0 0.0
0.0 0.0 0.0
0.0 0.0 0.0
0.0 0.0 0.0
0.0 0.0 0.0
0.0 0.0 0.0
0.0 0.0 0.0
0.0 0.0 0.0
0.0 0.0 0.0
0.0 0.0 0.0
0.0 0.0 0.0
0.0 0.0 0.0
0.0 0.0 0.0
0.0 0.0 0.0
0.0 0.0 0.0
0.0 0.0 0.0
0.0 0.0 0.0
0.0 0.0 0.0
0.0 0.0 0.0
0.0 0.0 0.0
0.0 0.0 0.0
0.0 0.0 0.0
0.0 0.0 0.0
0.0 0.0 0.0
0.0 0.0 0.0
0.0 0.0 0.0
0.0 0.0 0.0
0.0 0.0 0.0
0.0 0.0 0.0
0.0 0.0 0.0
0.0 0.0 0.0
0.0 0.0 0.0
0.0 0.0 0.0
0.0 0.0 0.0
0.0 0.0 0.0
0.0 0.0 0.0
0.0 0.0 0.0
0.0 0.0 0.0
0.0 0.0 0.0
0.0 0.0 0.0
0.0 0.0 0.0
0.0 0.0 0.0
0.0 0.0 0.0
0.0 0.0 0.0
0.0 0.0 0.0
0.0 0.0 0.0
0.0 0.0 0.0
0.0 0.0 0.0
0.0 0.0 0.0
0.0 0.0 0.0
0.0 0.0 0.0
0.0 0.0 0.0
0.0 0.0 0.0
0.0 0.0 0.0
0.0 0.0 0.0
0.0 0.0 0.0
0.0 0.0 0.0
0.0 0.0 0.0
0.0 0.0 0.0
0.0 0.0 0.0
0.0 0.0 0.0
0.0 0.0 0.0
0.0 0.0 0.0
0.0 0.0 0.0
0.0 0.0 0.0
0.0 0.0 0.0
0.0 0.0 0.0
0.0 0.0 0.0
0.0 0.0 0.0
0.0 0.0 0.0
0.0 0.0 0.0
0.0 0.0 0.0
0.0 0.0 0.0
0.0 0.0 0.0
0.0 0.0 0.0
0.0 0.0 0.0
0.0 0.0 0.0
0.0 0.0 0.0
0.0 0.0 0.0
0.0 0.0 0.0
0.0 0.0 0.0
0.0 0.0 0.0
0.0 0.0 0.0
0.0 0.0 0.0
0.0 0.0 0.0
0.0 0.0 0.0
0.0 0.0 0.0
0.0 0.0 0.0
0.0 0.0 0.0
0.0 0.0 0.0
0.0 0.0 0.0
0.0 0.0 0.0
0.0 0.0 0.0
0.0 0.0 0.0
0.0 0.0 0.0
0.0 0.0 0.0
0.0 0.0 0.0
0.0 0.0 0.0
0.0 0.0 0.0
0.0 0.0 0.0
0.0 0.0 0.0
0.0 0.0 0.0
0.0 0.0 0.0
0.0 0.0 0.0
0.0 0.0 0.0
0.0 0.0 0.0
0.0 0.0 0.0
0.0 0.0 0.0
0.0 0.0 0.0
0.0 0.0 0.0
0.0 0.0 0.0
0.0 0.0 0.0
0.0 0.0 0.0
-7.403563499450684 27.168222427368164 -3.055553436279297
0.0 0.0 0.0
0.0 0.0 0.0
-6.801944732666016 27.202054977416992 -3.1046500205993652
0.0 0.0 0.0
-6.389277935028076 27.153831481933594 -3.128737688064575
0.0 0.0 0.0
0.0 0.0 0.0
-5.723735809326172 26.83946990966797 -3.131540298461914
-5.5304388999938965 26.846221923828125 -3.145481586456299
-5.304272651672363 26.688199996948242 -3.138629674911499
-5.148299217224121 26.898677825927734 -3.174628734588623
0.0 0.0 0.0
0.0 0.0 0.0
-4.534693717956543 26.7005672454834 -3.184908151626587
-4.3470611572265625 26.72239112854004 -3.1965928077697754
0.0 0.0 0.0
0.0 0.0 0.0
-3.737689971923828 26.473112106323242 -3.194003105163574
-3.572486162185669 26.64318084716797 -3.2235946655273438
-3.3909895420074463 26.69696617126465 -3.2372243404388428
-3.1809780597686768 26.51850128173828 -3.222811460494995
-3.0113651752471924 26.700992584228516 -3.2525389194488525
0.0 0.0 0.0
-2.634505033493042 26.68783950805664 -3.2653722763061523
-2.4325599670410156 26.53091049194336 -3.251246690750122
-2.2640061378479004 26.739519119262695 -3.282078981399536
-2.0681912899017334 26.67281723022461 -3.279392957687378
-1.8708561658859253 26.523263931274414 -3.2665388584136963
0.0 0.0 0.0
-1.5156909227371216 26.79705238342285 -3.3079886436462402
-1.323573350906372 26.690221786499023 -3.298173189163208
-1.1316092014312744 26.62863540649414 -3.2941501140594482
-0.9452011585235596 26.600433349609375 -3.2943389415740967
-0.7626074552536011 26.69513702392578 -3.3082566261291504
-0.5759224891662598 26.653060913085938 -3.3043134212493896
-0.3907683789730072 26.671701431274414 -3.308056354522705
0.0 0.0 0.0
-0.016418535262346268 26.778766632080078 -3.324725866317749
0.17021235823631287 26.83639907836914 -3.3317980766296387
0.3570863604545593 26.850173950195312 -3.3328888416290283
0.5418834090232849 26.75025177001953 -3.3200290203094482
0.73216313123703 26.90093994140625 -3.3384339809417725
0.9257520437240601 26.984294891357422 -3.3486406803131104
1.117558479309082 27.082185745239258 -3.3584163188934326
1.2949111461639404 26.845735549926758 -3.3265647888183594
1.482492446899414 26.85199737548828 -3.3249692916870117
0.0 0.0 0.0
1.8778553009033203 27.096282958984375 -3.350837230682373
2.0689263343811035 27.11811065673828 -3.3490428924560547
2.2420482635498047 26.918359756469727 -3.3200695514678955
2.453517436981201 27.169282913208008 -3.3468260765075684
2.6446964740753174 27.175466537475586 -3.343557119369507
0.0 0.0 0.0
3.0669710636138916 27.50752830505371 -3.373535633087158
3.2154757976531982 27.124629974365234 -3.320373058319092
3.438310384750366 27.375864028930664 -3.3450262546539307
3.635953664779663 27.40616226196289 -3.3427650928497314
3.857173204421997 27.576833724975586 -3.3567395210266113
4.059671401977539 27.623632431030273 -3.3540773391723633
4.251194000244141 27.59228515625 -3.3420677185058594
4.476041316986084 27.7663516998291 -3.355032444000244
0.0 0.0 0.0
4.855981349945068 27.669944763183594 -3.3263638019561768
5.084176063537598 27.812074661254883 -3.333071708679199
5.28167724609375 27.796688079833984 -3.321164131164551
0.0 0.0 0.0
5.73793888092041 28.062047958374023 -3.3329732418060303
5.948426723480225 28.09547233581543 -3.3253252506256104
6.187266826629639 28.236583709716797 -3.3296730518341064
6.365988731384277 28.115266799926758 -3.303394317626953
6.676710605621338 28.563480377197266 -3.344019651412964
0.0 0.0 0.0
7.044988632202148 28.35521125793457 -3.29360294342041
7.279862403869629 28.43840217590332 -3.288949966430664
7.5444207191467285 28.640697479248047 -3.298290967941284
7.782712936401367 28.732027053833008 -3.2948203086853027
0.0 0.0 0.0
0.0 0.0 0.0
0.0 0.0 0.0
8.736227989196777 29.014596939086914 -3.2637763023376465
0.0 0.0 0.0
9.26307487487793 29.2840576171875 -3.260192632675171
9.571820259094238 29.542890548706055 -3.2704765796661377
9.784092903137207 29.496564865112305 -3.2469451427459717
10.099867820739746 29.741802215576172 -3.255127429962158
0.0 0.0 0.0
10.718921661376953 30.178556442260742 -3.2628345489501953
10.861018180847168 29.915882110595703 -3.213789939880371
11.098873138427734 29.9185848236084 -3.193467617034912
0.0 0.0 0.0
11.751452445983887 30.363479614257812 -3.197425365447998
12.043477058410645 30.486318588256836 -3.1875884532928467
0.0 0.0 0.0
0.0 0.0 0.0
0.0 0.0 0.0
0.0 0.0 0.0
0.0 0.0 0.0
13.958800315856934 31.423606872558594 -3.1378862857818604
0.0 0.0 0.0
14.681649208068848 31.84247398376465 -3.125079393386841
0.0 0.0 0.0
0.0 0.0 0.0
0.0 0.0 0.0
0.0 0.0 0.0
0.0 0.0 0.0
0.0 0.0 0.0
0.0 0.0 0.0
0.0 0.0 0.0
0.0 0.0 0.0
0.0 0.0 0.0
0.0 0.0 0.0
0.0 0.0 0.0
19.985374450683594 34.694950103759766 -2.9567599296569824
0.0 0.0 0.0
0.0 0.0 0.0
0.0 0.0 0.0
0.0 0.0 0.0
0.0 0.0 0.0
0.0 0.0 0.0
0.0 0.0 0.0
0.0 0.0 0.0
0.0 0.0 0.0
0.0 0.0 0.0
0.0 0.0 0.0
0.0 0.0 0.0
0.0 0.0 0.0
0.0 0.0 0.0
0.0 0.0 0.0
0.0 0.0 0.0
0.0 0.0 0.0
0.0 0.0 0.0
0.0 0.0 0.0
0.0 0.0 0.0
0.0 0.0 0.0
0.0 0.0 0.0
0.0 0.0 0.0
0.0 0.0 0.0
0.0 0.0 0.0
0.0 0.0 0.0
0.0 0.0 0.0
0.0 0.0 0.0
0.0 0.0 0.0
0.0 0.0 0.0
0.0 0.0 0.0
0.0 0.0 0.0
0.0 0.0 0.0
0.0 0.0 0.0
0.0 0.0 0.0
0.0 0.0 0.0
0.0 0.0 0.0
0.0 0.0 0.0
0.0 0.0 0.0
0.0 0.0 0.0
0.0 0.0 0.0
0.0 0.0 0.0
0.0 0.0 0.0
0.0 0.0 0.0
0.0 0.0 0.0
0.0 0.0 0.0
0.0 0.0 0.0
0.0 0.0 0.0
0.0 0.0 0.0
0.0 0.0 0.0
0.0 0.0 0.0
0.0 0.0 0.0
0.0 0.0 0.0
0.0 0.0 0.0
0.0 0.0 0.0
0.0 0.0 0.0
0.0 0.0 0.0
0.0 0.0 0.0
0.0 0.0 0.0
0.0 0.0 0.0
0.0 0.0 0.0
0.0 0.0 0.0
0.0 0.0 0.0
0.0 0.0 0.0
0.0 0.0 0.0
0.0 0.0 0.0
0.0 0.0 0.0
0.0 0.0 0.0
0.0 0.0 0.0
0.0 0.0 0.0
0.0 0.0 0.0
0.0 0.0 0.0
0.0 0.0 0.0
0.0 0.0 0.0
0.0 0.0 0.0
0.0 0.0 0.0
0.0 0.0 0.0
0.0 0.0 0.0
0.0 0.0 0.0
0.0 0.0 0.0
0.0 0.0 0.0
0.0 0.0 0.0
0.0 0.0 0.0
0.0 0.0 0.0
0.0 0.0 0.0
0.0 0.0 0.0
0.0 0.0 0.0
0.0 0.0 0.0
0.0 0.0 0.0
0.0 0.0 0.0
0.0 0.0 0.0
0.0 0.0 0.0
0.0 0.0 0.0
0.0 0.0 0.0
0.0 0.0 0.0
0.0 0.0 0.0
0.0 0.0 0.0
0.0 0.0 0.0
0.0 0.0 0.0
0.0 0.0 0.0
0.0 0.0 0.0
0.0 0.0 0.0
0.0 0.0 0.0
0.0 0.0 0.0
0.0 0.0 0.0
0.0 0.0 0.0
0.0 0.0 0.0
0.0 0.0 0.0
0.0 0.0 0.0
0.0 0.0 0.0
0.0 0.0 0.0
0.0 0.0 0.0
0.0 0.0 0.0
0.0 0.0 0.0
0.0 0.0 0.0
0.0 0.0 0.0
0.0 0.0 0.0
0.0 0.0 0.0
0.0 0.0 0.0
0.0 0.0 0.0
0.0 0.0 0.0
0.0 0.0 0.0
0.0 0.0 0.0
0.0 0.0 0.0
0.0 0.0 0.0
0.0 0.0 0.0
0.0 0.0 0.0
0.0 0.0 0.0
0.0 0.0 0.0
0.0 0.0 0.0
0.0 0.0 0.0
0.0 0.0 0.0
0.0 0.0 0.0
0.0 0.0 0.0
0.0 0.0 0.0
0.0 0.0 0.0
0.0 0.0 0.0
0.0 0.0 0.0
0.0 0.0 0.0
0.0 0.0 0.0
0.0 0.0 0.0
0.0 0.0 0.0
0.0 0.0 0.0
0.0 0.0 0.0
0.0 0.0 0.0
0.0 0.0 0.0
0.0 0.0 0.0
0.0 0.0 0.0
0.0 0.0 0.0
0.0 0.0 0.0
0.0 0.0 0.0
0.0 0.0 0.0
0.0 0.0 0.0
0.0 0.0 0.0
0.0 0.0 0.0
0.0 0.0 0.0
0.0 0.0 0.0
0.0 0.0 0.0
0.0 0.0 0.0
0.0 0.0 0.0
0.0 0.0 0.0
0.0 0.0 0.0
0.0 0.0 0.0
0.0 0.0 0.0
0.0 0.0 0.0
0.0 0.0 0.0
0.0 0.0 0.0
0.0 0.0 0.0
0.0 0.0 0.0
0.0 0.0 0.0
0.0 0.0 0.0
0.0 0.0 0.0
0.0 0.0 0.0
0.0 0.0 0.0
0.0 0.0 0.0
0.0 0.0 0.0
0.0 0.0 0.0
0.0 0.0 0.0
0.0 0.0 0.0
0.0 0.0 0.0
0.0 0.0 0.0
0.0 0.0 0.0
0.0 0.0 0.0
0.0 0.0 0.0
0.0 0.0 0.0
0.0 0.0 0.0
0.0 0.0 0.0
0.0 0.0 0.0
0.0 0.0 0.0
0.0 0.0 0.0
0.0 0.0 0.0
0.0 0.0 0.0
0.0 0.0 0.0
0.0 0.0 0.0
0.0 0.0 0.0
0.0 0.0 0.0
0.0 0.0 0.0
0.0 0.0 0.0
0.0 0.0 0.0
0.0 0.0 0.0
0.0 0.0 0.0
0.0 0.0 0.0
0.0 0.0 0.0
0.0 0.0 0.0
0.0 0.0 0.0
0.0 0.0 0.0
0.0 0.0 0.0
0.0 0.0 0.0
0.0 0.0 0.0
0.0 0.0 0.0
0.0 0.0 0.0
0.0 0.0 0.0
0.0 0.0 0.0
0.0 0.0 0.0
0.0 0.0 0.0
0.0 0.0 0.0
0.0 0.0 0.0
0.0 0.0 0.0
0.0 0.0 0.0
0.0 0.0 0.0
0.0 0.0 0.0
0.0 0.0 0.0
0.0 0.0 0.0
0.0 0.0 0.0
0.0 0.0 0.0
0.0 0.0 0.0
0.0 0.0 0.0
0.0 0.0 0.0
0.0 0.0 0.0
0.0 0.0 0.0
0.0 0.0 0.0
0.0 0.0 0.0
-11.24190902709961 28.618452072143555 -2.847917318344116
0.0 0.0 0.0
0.0 0.0 0.0
0.0 0.0 0.0
0.0 0.0 0.0
0.0 0.0 0.0
0.0 0.0 0.0
0.0 0.0 0.0
0.0 0.0 0.0
0.0 0.0 0.0
0.0 0.0 0.0
0.0 0.0 0.0
0.0 0.0 0.0
0.0 0.0 0.0
0.0 0.0 0.0
0.0 0.0 0.0
0.0 0.0 0.0
0.0 0.0 0.0
0.0 0.0 0.0
0.0 0.0 0.0
0.0 0.0 0.0
-6.384016036987305 27.568283081054688 -3.115082263946533
0.0 0.0 0.0
0.0 0.0 0.0
0.0 0.0 0.0
0.0 0.0 0.0
0.0 0.0 0.0
0.0 0.0 0.0
-4.897253036499023 27.10854721069336 -3.1473419666290283
-4.671669960021973 26.94980239868164 -3.139004945755005
-4.47600793838501 26.934307098388672 -3.146329641342163
-4.278960704803467 26.905895233154297 -3.152263641357422
-4.1136369705200195 27.07933235168457 -3.182018756866455
-3.919743537902832 27.071300506591797 -3.1906542778015137
0.0 0.0 0.0
-3.4957456588745117 26.790386199951172 -3.172546625137329
0.0 0.0 0.0
-3.124605894088745 26.853330612182617 -3.1950905323028564
-2.9676015377044678 27.147005081176758 -3.2378318309783936
-2.7402918338775635 26.79567527770996 -3.2012789249420166
-2.554047107696533 26.85211181640625 -3.2136194705963135
-2.3705601692199707 26.906957626342773 -3.2258427143096924
0.0 0.0 0.0
-1.9893063306808472 26.850494384765625 -3.230381965637207
0.0 0.0 0.0
-1.6198711395263672 27.002328872680664 -3.2557458877563477
-1.421359658241272 26.81096076965332 -3.2363948822021484
-1.236063003540039 26.850605010986328 -3.2450673580169678
0.0 0.0 0.0
-0.8612213730812073 26.825660705566406 -3.2468342781066895
-0.6687785387039185 26.730005264282227 -3.2369723320007324
-0.4849187731742859 26.842294692993164 -3.252419948577881
-0.29986026883125305 27.003721237182617 -3.274000883102417
-0.11228792369365692 27.047653198242188 -3.280470371246338
0.07548068463802338 26.846149444580078 -3.255868434906006
0.2640734910964966 27.038875579833984 -3.2792370319366455
0.45722830295562744 27.14879035949707 -3.2927253246307373
0.639886200428009 26.877470016479492 -3.260132074356079
0.8374334573745728 27.221403121948242 -3.300901412963867
1.025328516960144 27.17650604248047 -3.2934138774871826
1.2190462350845337 27.273653030395508 -3.3032946586608887
1.4128148555755615 27.280181884765625 -3.302323818206787
1.609171748161316 27.382299423217773 -3.313107967376709
1.7967939376831055 27.332307815551758 -3.3039281368255615
0.0 0.0 0.0
2.1741788387298584 27.27117156982422 -3.288914918899536
0.0 0.0 0.0
2.592590570449829 27.621578216552734 -3.3240246772766113
2.760115385055542 27.360666275024414 -3.2872564792633057
2.976651668548584 27.584718704223633 -3.3083298206329346
3.1822633743286133 27.683773040771484 -3.314495325088501
3.378112316131592 27.661550521850586 -3.3061835765838623
3.5715246200561523 27.646041870117188 -3.29892897605896
3.7465298175811768 27.49492645263672 -3.273343801498413
3.9836313724517822 27.78816795349121 -3.300595760345459
4.186897277832031 27.82624053955078 -3.2975943088531494
4.439807415008545 28.17327117919922 -3.3312489986419678
0.0 0.0 0.0
4.8050336837768555 27.935102462768555 -3.285856246948242
4.985169887542725 27.82229232788086 -3.263197660446167
5.254974842071533 28.196636199951172 -3.2977259159088135
5.430662631988525 28.054218292236328 -3.2718756198883057
0.0 0.0 0.0
0.0 0.0 0.0
6.0941290855407715 28.28834342956543 -3.266390562057495
6.353472709655762 28.527429580688477 -3.2827372550964355
6.589698314666748 28.646957397460938 -3.285297155380249
6.790555000305176 28.594072341918945 -3.2666244506835938
0.0 0.0 0.0
0.0 0.0 0.0
7.480818748474121 28.81293487548828 -3.251737117767334
0.0 0.0 0.0
0.0 0.0 0.0
0.0 0.0 0.0
8.394623756408691 28.97796058654785 -3.2115633487701416
0.0 0.0 0.0
8.922723770141602 29.27155113220215 -3.2133028507232666
0.0 0.0 0.0
9.520509719848633 29.72909164428711 -3.228281021118164
9.730352401733398 29.671892166137695 -3.2047643661499023
9.971006393432617 29.705215454101562 -3.1910998821258545
10.230839729309082 29.792146682739258 -3.1817333698272705
0.0 0.0 0.0
0.0 0.0 0.0
11.188057899475098 30.47960662841797 -3.195564031600952
11.434428215026855 30.49478530883789 -3.1771347522735596
0.0 0.0 0.0
0.0 0.0 0.0
0.0 0.0 0.0
0.0 0.0 0.0
0.0 0.0 0.0
0.0 0.0 0.0
0.0 0.0 0.0
13.871456146240234 31.51765251159668 -3.097871780395508
0.0 0.0 0.0
14.502229690551758 31.749080657958984 -3.0687336921691895
0.0 0.0 0.0
0.0 0.0 0.0
0.0 0.0 0.0
0.0 0.0 0.0
0.0 0.0 0.0
0.0 0.0 0.0
0.0 0.0 0.0
0.0 0.0 0.0
0.0 0.0 0.0
0.0 0.0 0.0
0.0 0.0 0.0
0.0 0.0 0.0
19.686796188354492 34.455230712890625 -2.9045801162719727
0.0 0.0 0.0
0.0 0.0 0.0
0.0 0.0 0.0
0.0 0.0 0.0
0.0 0.0 0.0
0.0 0.0 0.0
0.0 0.0 0.0
0.0 0.0 0.0
0.0 0.0 0.0
0.0 0.0 0.0
0.0 0.0 0.0
0.0 0.0 0.0
0.0 0.0 0.0
0.0 0.0 0.0
0.0 0.0 0.0
0.0 0.0 0.0
0.0 0.0 0.0
0.0 0.0 0.0
0.0 0.0 0.0
0.0 0.0 0.0
0.0 0.0 0.0
0.0 0.0 0.0
0.0 0.0 0.0
0.0 0.0 0.0
0.0 0.0 0.0
0.0 0.0 0.0
0.0 0.0 0.0
0.0 0.0 0.0
0.0 0.0 0.0
0.0 0.0 0.0
0.0 0.0 0.0
0.0 0.0 0.0
0.0 0.0 0.0
0.0 0.0 0.0
0.0 0.0 0.0
0.0 0.0 0.0
0.0 0.0 0.0
0.0 0.0 0.0
0.0 0.0 0.0
0.0 0.0 0.0
0.0 0.0 0.0
0.0 0.0 0.0
0.0 0.0 0.0
0.0 0.0 0.0
0.0 0.0 0.0
0.0 0.0 0.0
0.0 0.0 0.0
0.0 0.0 0.0
0.0 0.0 0.0
0.0 0.0 0.0
0.0 0.0 0.0
0.0 0.0 0.0
0.0 0.0 0.0
0.0 0.0 0.0
0.0 0.0 0.0
0.0 0.0 0.0
0.0 0.0 0.0
0.0 0.0 0.0
0.0 0.0 0.0
0.0 0.0 0.0
0.0 0.0 0.0
0.0 0.0 0.0
0.0 0.0 0.0
0.0 0.0 0.0
0.0 0.0 0.0
0.0 0.0 0.0
0.0 0.0 0.0
0.0 0.0 0.0
0.0 0.0 0.0
0.0 0.0 0.0
0.0 0.0 0.0
0.0 0.0 0.0
0.0 0.0 0.0
0.0 0.0 0.0
0.0 0.0 0.0
0.0 0.0 0.0
0.0 0.0 0.0
0.0 0.0 0.0
0.0 0.0 0.0
0.0 0.0 0.0
0.0 0.0 0.0
0.0 0.0 0.0
0.0 0.0 0.0
0.0 0.0 0.0
0.0 0.0 0.0
0.0 0.0 0.0
0.0 0.0 0.0
0.0 0.0 0.0
0.0 0.0 0.0
0.0 0.0 0.0
0.0 0.0 0.0
0.0 0.0 0.0
0.0 0.0 0.0
0.0 0.0 0.0
0.0 0.0 0.0
0.0 0.0 0.0
0.0 0.0 0.0
0.0 0.0 0.0
0.0 0.0 0.0
0.0 0.0 0.0
0.0 0.0 0.0
0.0 0.0 0.0
0.0 0.0 0.0
0.0 0.0 0.0
0.0 0.0 0.0
0.0 0.0 0.0
0.0 0.0 0.0
0.0 0.0 0.0
0.0 0.0 0.0
0.0 0.0 0.0
0.0 0.0 0.0
0.0 0.0 0.0
0.0 0.0 0.0
0.0 0.0 0.0
0.0 0.0 0.0
0.0 0.0 0.0
0.0 0.0 0.0
0.0 0.0 0.0
0.0 0.0 0.0
0.0 0.0 0.0
0.0 0.0 0.0
0.0 0.0 0.0
0.0 0.0 0.0
0.0 0.0 0.0
0.0 0.0 0.0
0.0 0.0 0.0
0.0 0.0 0.0
0.0 0.0 0.0
0.0 0.0 0.0
0.0 0.0 0.0
0.0 0.0 0.0
0.0 0.0 0.0
0.0 0.0 0.0
0.0 0.0 0.0
0.0 0.0 0.0
0.0 0.0 0.0
0.0 0.0 0.0
0.0 0.0 0.0
0.0 0.0 0.0
0.0 0.0 0.0
0.0 0.0 0.0
0.0 0.0 0.0
0.0 0.0 0.0
0.0 0.0 0.0
0.0 0.0 0.0
0.0 0.0 0.0
0.0 0.0 0.0
0.0 0.0 0.0
0.0 0.0 0.0
0.0 0.0 0.0
0.0 0.0 0.0
0.0 0.0 0.0
0.0 0.0 0.0
0.0 0.0 0.0
0.0 0.0 0.0
0.0 0.0 0.0
0.0 0.0 0.0
0.0 0.0 0.0
0.0 0.0 0.0
0.0 0.0 0.0
0.0 0.0 0.0
0.0 0.0 0.0
0.0 0.0 0.0
0.0 0.0 0.0
0.0 0.0 0.0
0.0 0.0 0.0
0.0 0.0 0.0
0.0 0.0 0.0
0.0 0.0 0.0
0.0 0.0 0.0
0.0 0.0 0.0
-59.26630401611328 121.75007629394531 12.997082710266113
0.0 0.0 0.0
0.0 0.0 0.0
0.0 0.0 0.0
0.0 0.0 0.0
0.0 0.0 0.0
0.0 0.0 0.0
0.0 0.0 0.0
0.0 0.0 0.0
0.0 0.0 0.0
0.0 0.0 0.0
0.0 0.0 0.0
0.0 0.0 0.0
0.0 0.0 0.0
0.0 0.0 0.0
0.0 0.0 0.0
0.0 0.0 0.0
0.0 0.0 0.0
0.0 0.0 0.0
0.0 0.0 0.0
0.0 0.0 0.0
0.0 0.0 0.0
0.0 0.0 0.0
0.0 0.0 0.0
0.0 0.0 0.0
0.0 0.0 0.0
0.0 0.0 0.0
0.0 0.0 0.0
0.0 0.0 0.0
0.0 0.0 0.0
0.0 0.0 0.0
0.0 0.0 0.0
0.0 0.0 0.0
0.0 0.0 0.0
0.0 0.0 0.0
0.0 0.0 0.0
0.0 0.0 0.0
0.0 0.0 0.0
0.0 0.0 0.0
0.0 0.0 0.0
0.0 0.0 0.0
0.0 0.0 0.0
0.0 0.0 0.0
0.0 0.0 0.0
0.0 0.0 0.0
0.0 0.0 0.0
0.0 0.0 0.0
0.0 0.0 0.0
0.0 0.0 0.0
0.0 0.0 0.0
0.0 0.0 0.0
0.0 0.0 0.0
0.0 0.0 0.0
0.0 0.0 0.0
0.0 0.0 0.0
0.0 0.0 0.0
0.0 0.0 0.0
0.0 0.0 0.0
0.0 0.0 0.0
0.0 0.0 0.0
0.0 0.0 0.0
0.0 0.0 0.0
0.0 0.0 0.0
0.0 0.0 0.0
0.0 0.0 0.0
0.0 0.0 0.0
0.0 0.0 0.0
0.0 0.0 0.0
0.0 0.0 0.0
0.0 0.0 0.0
0.0 0.0 0.0
0.0 0.0 0.0
0.0 0.0 0.0
0.0 0.0 0.0
0.0 0.0 0.0
0.0 0.0 0.0
0.0 0.0 0.0
0.0 0.0 0.0
0.0 0.0 0.0
-7.390095233917236 27.895851135253906 -3.0190374851226807
0.0 0.0 0.0
0.0 0.0 0.0
0.0 0.0 0.0
0.0 0.0 0.0
-6.266815662384033 27.502103805541992 -3.0463483333587646
0.0 0.0 0.0
0.0 0.0 0.0
-5.670338153839111 27.526599884033203 -3.085587978363037
0.0 0.0 0.0
-5.257131099700928 27.46656036376953 -3.1025094985961914
-5.010467052459717 27.203079223632812 -3.0837764739990234
-4.797064781188965 27.102025985717773 -3.081997871398926
0.0 0.0 0.0
0.0 0.0 0.0
-4.251070022583008 27.353397369384766 -3.1408393383026123
0.0 0.0 0.0
0.0 0.0 0.0
0.0 0.0 0.0
0.0 0.0 0.0
-3.2625720500946045 27.204999923706055 -3.164175033569336
-3.0532288551330566 27.07985496520996 -3.1561570167541504
0.0 0.0 0.0
0.0 0.0 0.0
-2.4869863986968994 27.1270694732666 -3.179704427719116
-2.3134372234344482 27.32057762145996 -3.208735227584839
-2.104837417602539 27.14215850830078 -3.1920950412750244
0.0 0.0 0.0
0.0 0.0 0.0
-1.5348374843597412 27.127870559692383 -3.202868700027466
-1.3400373458862305 27.017127990722656 -3.194230318069458
-1.1571085453033447 27.227108001708984 -3.221256732940674
-0.9673334360122681 27.22638511657715 -3.223414897918701
-0.7752986550331116 27.142906188964844 -3.21592378616333
-0.5907553434371948 27.348947525024414 -3.24290132522583
0.0 0.0 0.0
0.0 0.0 0.0
-0.01647651381790638 27.199724197387695 -3.2281641960144043
0.0 0.0 0.0
0.0 0.0 0.0
0.5591952204704285 27.59351348876953 -3.276336431503296
0.7431179881095886 27.290626525878906 -3.2388148307800293
0.9389830231666565 27.362464904785156 -3.245912551879883
1.1315020322799683 27.40589714050293 -3.249817132949829
1.3212584257125854 27.382116317749023 -3.245908260345459
1.5130000114440918 27.395837783813477 -3.245824098587036
0.0 0.0 0.0
0.0 0.0 0.0
2.0976133346557617 27.49125099182129 -3.2471749782562256
2.306180477142334 27.685325622558594 -3.267087459564209
2.4934186935424805 27.6113338470459 -3.254532814025879
0.0 0.0 0.0
2.89292573928833 27.691062927246094 -3.253769874572754
3.1042163372039795 27.836894989013672 -3.2660675048828125
3.279067039489746 27.657489776611328 -3.2403676509857178
3.4935877323150635 27.81211280822754 -3.252549409866333
3.7283034324645996 28.0998592376709 -3.279148817062378
3.911414384841919 27.962499618530273 -3.2561323642730713
4.12977933883667 28.096981048583984 -3.2650275230407715
4.3127312660217285 27.98817253112793 -3.2457973957061768
4.527737617492676 28.085264205932617 -3.24890398979187
0.0 0.0 0.0
4.991650104522705 28.439016342163086 -3.272251605987549
5.222390651702881 28.564754486083984 -3.2779531478881836
5.414829254150391 28.494783401489258 -3.261462926864624
5.606988906860352 28.427631378173828 -3.2432010173797607
5.858658790588379 28.652019500732422 -3.2579855918884277
6.049386024475098 28.570432662963867 -3.2380521297454834
6.267515659332275 28.600650787353516 -3.230761766433716
6.491325855255127 28.667896270751953 -3.227663516998291
6.7177414894104 28.737287521362305 -3.2230186462402344
7.019840717315674 29.114540100097656 -3.252842426300049
7.211625576019287 29.02158546447754 -3.2301130294799805
0.0 0.0 0.0
7.717740058898926 29.297027587890625 -3.2350270748138428
7.983595848083496 29.473491668701172 -3.2399394512176514
8.186655044555664 29.411909103393555 -3.21873140335083
8.391372680664062 29.356388092041016 -3.1983463764190674
8.653996467590332 29.48481559753418 -3.1978189945220947
8.924280166625977 29.64198875427246 -3.198803186416626
9.165558815002441 29.692781448364258 -3.187690258026123
9.494709014892578 30.015836715698242 -3.2056846618652344
0.0 0.0 0.0
10.043593406677246 30.280170440673828 -3.200226068496704
10.312564849853516 30.36895751953125 -3.190674066543579
10.482754707336426 30.17757797241211 -3.1521341800689697
10.810579299926758 30.435951232910156 -3.160621404647827
0.0 0.0 0.0
0.0 0.0 0.0
0.0 0.0 0.0
0.0 0.0 0.0
12.267024993896484 31.05860137939453 -3.1228134632110596
12.664619445800781 31.42641258239746 -3.1381659507751465
12.940938949584961 31.47669792175293 -3.1198673248291016
0.0 0.0 0.0
0.0 0.0 0.0
0.0 0.0 0.0
14.140482902526855 31.83130645751953 -3.058600425720215
14.540821075439453 32.12852478027344 -3.06137752532959
14.868544578552246 32.243202209472656 -3.0459606647491455
0.0 0.0 0.0
0.0 0.0 0.0
15.904169082641602 32.68024826049805 -3.004718780517578
0.0 0.0 0.0
0.0 0.0 0.0
0.0 0.0 0.0
0.0 0.0 0.0
0.0 0.0 0.0
0.0 0.0 0.0
0.0 0.0 0.0
0.0 0.0 0.0
0.0 0.0 0.0
0.0 0.0 0.0
0.0 0.0 0.0
0.0 0.0 0.0
0.0 0.0 0.0
0.0 0.0 0.0
0.0 0.0 0.0
0.0 0.0 0.0
58.623504638671875 91.18846893310547 -6.755822658538818
0.0 0.0 0.0
0.0 0.0 0.0
0.0 0.0 0.0
0.0 0.0 0.0
0.0 0.0 0.0
0.0 0.0 0.0
0.0 0.0 0.0
0.0 0.0 0.0
0.0 0.0 0.0
0.0 0.0 0.0
0.0 0.0 0.0
0.0 0.0 0.0
0.0 0.0 0.0
0.0 0.0 0.0
0.0 0.0 0.0
0.0 0.0 0.0
0.0 0.0 0.0
0.0 0.0 0.0
0.0 0.0 0.0
0.0 0.0 0.0
0.0 0.0 0.0
0.0 0.0 0.0
0.0 0.0 0.0
0.0 0.0 0.0
0.0 0.0 0.0
0.0 0.0 0.0
0.0 0.0 0.0
0.0 0.0 0.0
0.0 0.0 0.0
0.0 0.0 0.0
0.0 0.0 0.0
0.0 0.0 0.0
0.0 0.0 0.0
0.0 0.0 0.0
0.0 0.0 0.0
0.0 0.0 0.0
0.0 0.0 0.0
0.0 0.0 0.0
0.0 0.0 0.0
0.0 0.0 0.0
0.0 0.0 0.0
0.0 0.0 0.0
0.0 0.0 0.0
0.0 0.0 0.0
0.0 0.0 0.0
0.0 0.0 0.0
0.0 0.0 0.0
0.0 0.0 0.0
0.0 0.0 0.0
0.0 0.0 0.0
0.0 0.0 0.0
0.0 0.0 0.0
0.0 0.0 0.0
0.0 0.0 0.0
0.0 0.0 0.0
0.0 0.0 0.0
0.0 0.0 0.0
0.0 0.0 0.0
0.0 0.0 0.0
0.0 0.0 0.0
0.0 0.0 0.0
0.0 0.0 0.0
0.0 0.0 0.0
0.0 0.0 0.0
0.0 0.0 0.0
0.0 0.0 0.0
0.0 0.0 0.0
0.0 0.0 0.0
0.0 0.0 0.0
0.0 0.0 0.0
0.0 0.0 0.0
0.0 0.0 0.0
0.0 0.0 0.0
0.0 0.0 0.0
0.0 0.0 0.0
0.0 0.0 0.0
0.0 0.0 0.0
0.0 0.0 0.0
0.0 0.0 0.0
0.0 0.0 0.0
0.0 0.0 0.0
0.0 0.0 0.0
0.0 0.0 0.0
0.0 0.0 0.0
0.0 0.0 0.0
0.0 0.0 0.0
0.0 0.0 0.0
0.0 0.0 0.0
0.0 0.0 0.0
0.0 0.0 0.0
0.0 0.0 0.0
0.0 0.0 0.0
0.0 0.0 0.0
0.0 0.0 0.0
0.0 0.0 0.0
0.0 0.0 0.0
0.0 0.0 0.0
0.0 0.0 0.0
0.0 0.0 0.0
0.0 0.0 0.0
0.0 0.0 0.0
0.0 0.0 0.0
0.0 0.0 0.0
0.0 0.0 0.0
0.0 0.0 0.0
0.0 0.0 0.0
0.0 0.0 0.0
0.0 0.0 0.0
0.0 0.0 0.0
0.0 0.0 0.0
0.0 0.0 0.0
0.0 0.0 0.0
0.0 0.0 0.0
0.0 0.0 0.0
0.0 0.0 0.0
0.0 0.0 0.0
0.0 0.0 0.0
0.0 0.0 0.0
0.0 0.0 0.0
0.0 0.0 0.0
0.0 0.0 0.0
0.0 0.0 0.0
0.0 0.0 0.0
0.0 0.0 0.0
0.0 0.0 0.0
0.0 0.0 0.0
0.0 0.0 0.0
0.0 0.0 0.0
0.0 0.0 0.0
0.0 0.0 0.0
0.0 0.0 0.0
0.0 0.0 0.0
0.0 0.0 0.0
0.0 0.0 0.0
0.0 0.0 0.0
0.0 0.0 0.0
0.0 0.0 0.0
0.0 0.0 0.0
0.0 0.0 0.0
0.0 0.0 0.0
0.0 0.0 0.0
0.0 0.0 0.0
0.0 0.0 0.0
0.0 0.0 0.0
0.0 0.0 0.0
0.0 0.0 0.0
0.0 0.0 0.0
0.0 0.0 0.0
0.0 0.0 0.0
0.0 0.0 0.0
0.0 0.0 0.0
0.0 0.0 0.0
0.0 0.0 0.0
0.0 0.0 0.0
0.0 0.0 0.0
0.0 0.0 0.0
0.0 0.0 0.0
0.0 0.0 0.0
0.0 0.0 0.0
0.0 0.0 0.0
0.0 0.0 0.0
0.0 0.0 0.0
-58.82965087890625 121.9032211303711 12.766880989074707
0.0 0.0 0.0
0.0 0.0 0.0
0.0 0.0 0.0
0.0 0.0 0.0
0.0 0.0 0.0
0.0 0.0 0.0
0.0 0.0 0.0
0.0 0.0 0.0
0.0 0.0 0.0
0.0 0.0 0.0
0.0 0.0 0.0
0.0 0.0 0.0
0.0 0.0 0.0
0.0 0.0 0.0
0.0 0.0 0.0
0.0 0.0 0.0
0.0 0.0 0.0
0.0 0.0 0.0
0.0 0.0 0.0
0.0 0.0 0.0
0.0 0.0 0.0
0.0 0.0 0.0
0.0 0.0 0.0
0.0 0.0 0.0
0.0 0.0 0.0
0.0 0.0 0.0
0.0 0.0 0.0
0.0 0.0 0.0
0.0 0.0 0.0
0.0 0.0 0.0
0.0 0.0 0.0
0.0 0.0 0.0
0.0 0.0 0.0
0.0 0.0 0.0
0.0 0.0 0.0
0.0 0.0 0.0
0.0 0.0 0.0
0.0 0.0 0.0
0.0 0.0 0.0
0.0 0.0 0.0
0.0 0.0 0.0
0.0 0.0 0.0
0.0 0.0 0.0
0.0 0.0 0.0
0.0 0.0 0.0
0.0 0.0 0.0
0.0 0.0 0.0
0.0 0.0 0.0
0.0 0.0 0.0
0.0 0.0 0.0
0.0 0.0 0.0
0.0 0.0 0.0
0.0 0.0 0.0
0.0 0.0 0.0
0.0 0.0 0.0
0.0 0.0 0.0
0.0 0.0 0.0
0.0 0.0 0.0
0.0 0.0 0.0
0.0 0.0 0.0
0.0 0.0 0.0
0.0 0.0 0.0
0.0 0.0 0.0
0.0 0.0 0.0
0.0 0.0 0.0
0.0 0.0 0.0
0.0 0.0 0.0
0.0 0.0 0.0
0.0 0.0 0.0
0.0 0.0 0.0
0.0 0.0 0.0
-9.053672790527344 28.128360748291016 -2.8590283393859863
0.0 0.0 0.0
0.0 0.0 0.0
0.0 0.0 0.0
0.0 0.0 0.0
0.0 0.0 0.0
0.0 0.0 0.0
-7.479145526885986 27.831668853759766 -2.940922737121582
-7.269710540771484 27.824796676635742 -2.9545021057128906
0.0 0.0 0.0
-6.9123663902282715 28.06382942199707 -3.0070881843566895
0.0 0.0 0.0
-6.387552261352539 27.582138061523438 -2.9823801517486572
0.0 0.0 0.0
-6.007812976837158 27.691646575927734 -3.017644166946411
-5.785785675048828 27.610132217407227 -3.0206193923950195
0.0 0.0 0.0
0.0 0.0 0.0
-5.154626369476318 27.44154930114746 -3.0349764823913574
0.0 0.0 0.0
-4.788740158081055 27.6269474029541 -3.07511305809021
-4.5896148681640625 27.619873046875 -3.084247589111328
0.0 0.0 0.0
0.0 0.0 0.0
0.0 0.0 0.0
-3.7740368843078613 27.408750534057617 -3.094169855117798
0.0 0.0 0.0
0.0 0.0 0.0
-3.1789684295654297 27.320560455322266 -3.1058342456817627
-2.9780466556549072 27.2446231842041 -3.1032562255859375
0.0 0.0 0.0
0.0 0.0 0.0
-2.41819429397583 27.44922637939453 -3.1445043087005615
0.0 0.0 0.0
0.0 0.0 0.0
-1.8538140058517456 27.62323760986328 -3.1780917644500732
0.0 0.0 0.0
-1.456876516342163 27.47480583190918 -3.1690592765808105
-1.2618091106414795 27.40247344970703 -3.163151502609253
-1.0735769271850586 27.476110458374023 -3.174245595932007
-0.8824991583824158 27.482511520385742 -3.1777281761169434
0.0 0.0 0.0
0.0 0.0 0.0
-0.3072347939014435 27.66498374938965 -3.2037291526794434
-0.11403532326221466 27.46843147277832 -3.181889533996582
0.07724212110042572 27.565441131591797 -3.194206953048706
0.2707444131374359 27.727073669433594 -3.214179515838623
0.4651927053928375 27.627613067626953 -3.2017245292663574
0.6567435264587402 27.592857360839844 -3.196547508239746
0.8561860918998718 27.828266143798828 -3.222815990447998
1.0487488508224487 27.798559188842773 -3.2185301780700684
1.245510220527649 27.864425659179688 -3.2254631519317627
1.443900227546692 27.878633499145508 -3.224097728729248
1.640330195426941 27.91100311279297 -3.224881410598755
1.8321882486343384 27.864543914794922 -3.216712236404419
2.0248868465423584 27.836118698120117 -3.2107856273651123
2.2224996089935303 27.87213706970215 -3.2123537063598633
2.4551379680633545 28.26631736755371 -3.2528178691864014
2.6282575130462646 27.99815559387207 -3.217268228530884
2.8258156776428223 28.006975173950195 -3.2137393951416016
3.0446231365203857 28.211219787597656 -3.232757329940796
3.231487989425659 28.109189987182617 -3.216442584991455
3.4403326511383057 28.167570114135742 -3.2164134979248047
3.6448209285736084 28.209421157836914 -3.2147326469421387
3.8340930938720703 28.13443374633789 -3.1998963356018066
4.073971271514893 28.415498733520508 -3.225647449493408
4.2690534591674805 28.37226676940918 -3.2139992713928223
4.461223602294922 28.30863380432129 -3.1984598636627197
4.698991298675537 28.503644943237305 -3.2121057510375977
4.908710956573486 28.53657341003418 -3.207698106765747
5.1113433837890625 28.52596092224121 -3.1985363960266113
5.3083343505859375 28.483495712280273 -3.184894561767578
5.544887542724609 28.645654678344727 -3.19295597076416
5.773035049438477 28.73287010192871 -3.1925272941589355
0.0 0.0 0.0
0.0 0.0 0.0
6.488552093505859 29.1340389251709 -3.2060439586639404
6.6480560302734375 28.90064811706543 -3.1685829162597656
0.0 0.0 0.0
7.144227981567383 29.177764892578125 -3.175360679626465
7.440704822540283 29.49819564819336 -3.198570728302002
7.658385276794434 29.49669075012207 -3.1846840381622314
7.859910488128662 29.429641723632812 -3.1636581420898438
0.0 0.0 0.0
0.0 0.0 0.0
0.0 0.0 0.0
8.847628593444824 29.765226364135742 -3.142197847366333
9.129002571105957 29.946653366088867 -3.1457459926605225
9.353434562683105 29.920392990112305 -3.1272008419036865
0.0 0.0 0.0
0.0 0.0 0.0
0.0 0.0 0.0
0.0 0.0 0.0
10.739191055297852 30.57870864868164 -3.1103732585906982
10.968628883361816 30.541072845458984 -3.0885865688323975
0.0 0.0 0.0
0.0 0.0 0.0
0.0 0.0 0.0
12.232751846313477 31.294958114624023 -3.0855355262756348
0.0 0.0 0.0
12.818469047546387 31.48598861694336 -3.0607759952545166
13.238263130187988 31.88004493713379 -3.0768141746520996
0.0 0.0 0.0
0.0 0.0 0.0
0.0 0.0 0.0
0.0 0.0 0.0
0.0 0.0 0.0
0.0 0.0 0.0
15.476165771484375 32.67060089111328 -2.9803216457366943
15.945058822631836 33.05398178100586 -2.987457752227783
0.0 0.0 0.0
0.0 0.0 0.0
0.0 0.0 0.0
0.0 0.0 0.0
0.0 0.0 0.0
0.0 0.0 0.0
0.0 0.0 0.0
0.0 0.0 0.0
19.680356979370117 35.005897521972656 -2.8769009113311768
0.0 0.0 0.0
0.0 0.0 0.0
0.0 0.0 0.0
0.0 0.0 0.0
0.0 0.0 0.0
0.0 0.0 0.0
0.0 0.0 0.0
0.0 0.0 0.0
0.0 0.0 0.0
0.0 0.0 0.0
0.0 0.0 0.0
0.0 0.0 0.0
0.0 0.0 0.0
0.0 0.0 0.0
0.0 0.0 0.0
0.0 0.0 0.0
0.0 0.0 0.0
0.0 0.0 0.0
0.0 0.0 0.0
0.0 0.0 0.0
0.0 0.0 0.0
0.0 0.0 0.0
0.0 0.0 0.0
0.0 0.0 0.0
0.0 0.0 0.0
0.0 0.0 0.0
0.0 0.0 0.0
0.0 0.0 0.0
0.0 0.0 0.0
0.0 0.0 0.0
0.0 0.0 0.0
0.0 0.0 0.0
0.0 0.0 0.0
0.0 0.0 0.0
0.0 0.0 0.0
0.0 0.0 0.0
0.0 0.0 0.0
0.0 0.0 0.0
0.0 0.0 0.0
0.0 0.0 0.0
0.0 0.0 0.0
0.0 0.0 0.0
0.0 0.0 0.0
0.0 0.0 0.0
0.0 0.0 0.0
0.0 0.0 0.0
0.0 0.0 0.0
0.0 0.0 0.0
0.0 0.0 0.0
0.0 0.0 0.0
0.0 0.0 0.0
0.0 0.0 0.0
0.0 0.0 0.0
0.0 0.0 0.0
0.0 0.0 0.0
0.0 0.0 0.0
0.0 0.0 0.0
0.0 0.0 0.0
0.0 0.0 0.0
0.0 0.0 0.0
0.0 0.0 0.0
0.0 0.0 0.0
0.0 0.0 0.0
0.0 0.0 0.0
0.0 0.0 0.0
0.0 0.0 0.0
0.0 0.0 0.0
0.0 0.0 0.0
0.0 0.0 0.0
0.0 0.0 0.0
0.0 0.0 0.0
0.0 0.0 0.0
0.0 0.0 0.0
0.0 0.0 0.0
0.0 0.0 0.0
0.0 0.0 0.0
0.0 0.0 0.0
0.0 0.0 0.0
0.0 0.0 0.0
0.0 0.0 0.0
0.0 0.0 0.0
0.0 0.0 0.0
0.0 0.0 0.0
0.0 0.0 0.0
0.0 0.0 0.0
0.0 0.0 0.0
0.0 0.0 0.0
0.0 0.0 0.0
0.0 0.0 0.0
0.0 0.0 0.0
0.0 0.0 0.0
0.0 0.0 0.0
0.0 0.0 0.0
0.0 0.0 0.0
0.0 0.0 0.0
0.0 0.0 0.0
0.0 0.0 0.0
0.0 0.0 0.0
0.0 0.0 0.0
0.0 0.0 0.0
0.0 0.0 0.0
0.0 0.0 0.0
0.0 0.0 0.0
0.0 0.0 0.0
0.0 0.0 0.0
0.0 0.0 0.0
0.0 0.0 0.0
0.0 0.0 0.0
0.0 0.0 0.0
0.0 0.0 0.0
0.0 0.0 0.0
0.0 0.0 0.0
0.0 0.0 0.0
0.0 0.0 0.0
0.0 0.0 0.0
0.0 0.0 0.0
0.0 0.0 0.0
0.0 0.0 0.0
0.0 0.0 0.0
0.0 0.0 0.0
0.0 0.0 0.0
0.0 0.0 0.0
0.0 0.0 0.0
0.0 0.0 0.0
0.0 0.0 0.0
0.0 0.0 0.0
0.0 0.0 0.0
0.0 0.0 0.0
0.0 0.0 0.0
0.0 0.0 0.0
0.0 0.0 0.0
0.0 0.0 0.0
0.0 0.0 0.0
0.0 0.0 0.0
0.0 0.0 0.0
0.0 0.0 0.0
0.0 0.0 0.0
0.0 0.0 0.0
0.0 0.0 0.0
0.0 0.0 0.0
0.0 0.0 0.0
0.0 0.0 0.0
0.0 0.0 0.0
0.0 0.0 0.0
0.0 0.0 0.0
0.0 0.0 0.0
0.0 0.0 0.0
0.0 0.0 0.0
0.0 0.0 0.0
0.0 0.0 0.0
0.0 0.0 0.0
0.0 0.0 0.0
0.0 0.0 0.0
0.0 0.0 0.0
0.0 0.0 0.0
0.0 0.0 0.0
0.0 0.0 0.0
0.0 0.0 0.0
0.0 0.0 0.0
0.0 0.0 0.0
0.0 0.0 0.0
0.0 0.0 0.0
0.0 0.0 0.0
0.0 0.0 0.0
0.0 0.0 0.0
0.0 0.0 0.0
0.0 0.0 0.0
0.0 0.0 0.0
0.0 0.0 0.0
0.0 0.0 0.0
0.0 0.0 0.0
0.0 0.0 0.0
-59.24268341064453 121.70294189453125 12.430407524108887
0.0 0.0 0.0
0.0 0.0 0.0
0.0 0.0 0.0
0.0 0.0 0.0
0.0 0.0 0.0
0.0 0.0 0.0
0.0 0.0 0.0
0.0 0.0 0.0
0.0 0.0 0.0
0.0 0.0 0.0
0.0 0.0 0.0
0.0 0.0 0.0
0.0 0.0 0.0
0.0 0.0 0.0
0.0 0.0 0.0
0.0 0.0 0.0
0.0 0.0 0.0
0.0 0.0 0.0
0.0 0.0 0.0
0.0 0.0 0.0
0.0 0.0 0.0
0.0 0.0 0.0
0.0 0.0 0.0
0.0 0.0 0.0
0.0 0.0 0.0
0.0 0.0 0.0
0.0 0.0 0.0
0.0 0.0 0.0
0.0 0.0 0.0
0.0 0.0 0.0
0.0 0.0 0.0
0.0 0.0 0.0
0.0 0.0 0.0
0.0 0.0 0.0
0.0 0.0 0.0
0.0 0.0 0.0
0.0 0.0 0.0
0.0 0.0 0.0
0.0 0.0 0.0
0.0 0.0 0.0
0.0 0.0 0.0
0.0 0.0 0.0
0.0 0.0 0.0
0.0 0.0 0.0
0.0 0.0 0.0
0.0 0.0 0.0
0.0 0.0 0.0
0.0 0.0 0.0
0.0 0.0 0.0
0.0 0.0 0.0
0.0 0.0 0.0
0.0 0.0 0.0
0.0 0.0 0.0
0.0 0.0 0.0
0.0 0.0 0.0
0.0 0.0 0.0
0.0 0.0 0.0
0.0 0.0 0.0
0.0 0.0 0.0
0.0 0.0 0.0
0.0 0.0 0.0
0.0 0.0 0.0
0.0 0.0 0.0
0.0 0.0 0.0
0.0 0.0 0.0
0.0 0.0 0.0
0.0 0.0 0.0
0.0 0.0 0.0
0.0 0.0 0.0
0.0 0.0 0.0
0.0 0.0 0.0
0.0 0.0 0.0
0.0 0.0 0.0
0.0 0.0 0.0
0.0 0.0 0.0
0.0 0.0 0.0
0.0 0.0 0.0
0.0 0.0 0.0
0.0 0.0 0.0
0.0 0.0 0.0
0.0 0.0 0.0
0.0 0.0 0.0
-6.583675384521484 27.979339599609375 -2.950546979904175
0.0 0.0 0.0
-6.223116874694824 28.217390060424805 -2.999932050704956
0.0 0.0 0.0
0.0 0.0 0.0
-5.537628650665283 27.86382293701172 -2.996941328048706
0.0 0.0 0.0
-5.116317272186279 27.779300689697266 -3.008120536804199
0.0 0.0 0.0
0.0 0.0 0.0
-4.516641616821289 27.768644332885742 -3.0356953144073486
0.0 0.0 0.0
-4.1132707595825195 27.73842430114746 -3.0491855144500732
0.0 0.0 0.0
-3.6956212520599365 27.559616088867188 -3.0462355613708496
0.0 0.0 0.0
-3.3362128734588623 27.81460189819336 -3.0874974727630615
0.0 0.0 0.0
-2.928694486618042 27.702247619628906 -3.088724374771118
-2.731037139892578 27.6746826171875 -3.0919413566589355
-2.529360771179199 27.595640182495117 -3.0877685546875
0.0 0.0 0.0
-2.154634952545166 27.797250747680664 -3.1202352046966553
-1.950071096420288 27.655941009521484 -3.109478712081909
0.0 0.0 0.0
-1.559978723526001 27.590158462524414 -3.1092731952667236
-1.3654396533966064 27.545589447021484 -3.107307195663452
-1.182295560836792 27.82942771911621 -3.142620801925659
0.0 0.0 0.0
-0.80042964220047 28.028600692749023 -3.1709201335906982
-0.6016252040863037 27.85478401184082 -3.1524667739868164
-0.4094123840332031 27.97841453552246 -3.1678290367126465
-0.21151593327522278 27.98817253112793 -3.1704843044281006
-0.016911029815673828 28.062515258789062 -3.180588722229004
0.0 0.0 0.0
0.37098583579063416 27.858257293701172 -3.1573593616485596
0.5683563947677612 28.033594131469727 -3.176846742630005
0.7603644728660583 27.920408248901367 -3.1637892723083496
0.9582991600036621 27.92605209350586 -3.164351463317871
1.1665023565292358 28.256370544433594 -3.200282335281372
1.3504290580749512 27.988187789916992 -3.1676132678985596
1.5589337348937988 28.230403900146484 -3.1928656101226807
1.73906409740448 27.95968246459961 -3.160257339477539
1.9499369859695435 28.132909774780273 -3.177955150604248
2.145376205444336 28.119247436523438 -3.1729536056518555
2.3513424396514893 28.228073120117188 -3.181140422821045
2.5517022609710693 28.258092880249023 -3.1805803775787354
2.7423062324523926 28.17848014831543 -3.1678318977355957
2.9768402576446533 28.49493408203125 -3.1996657848358154
3.1748616695404053 28.474414825439453 -3.1919775009155273
3.358868360519409 28.33302116394043 -3.1704232692718506
3.57275390625 28.44471549987793 -3.177347421646118
3.7834911346435547 28.516284942626953 -3.179891347885132
3.9654579162597656 28.347427368164062 -3.155698776245117
4.227550506591797 28.76209259033203 -3.1943390369415283
4.428913116455078 28.740835189819336 -3.1843724250793457
0.0 0.0 0.0
4.843361854553223 28.76687240600586 -3.1724579334259033
5.075736999511719 28.917264938354492 -3.181715488433838
0.0 0.0 0.0
5.499634265899658 28.94139289855957 -3.1657562255859375
0.0 0.0 0.0
5.92802095413208 28.990406036376953 -3.153153419494629
6.150556564331055 29.04874610900879 -3.15012526512146
6.371373653411865 29.07442855834961 -3.141557216644287
6.571827411651611 29.02350425720215 -3.1250548362731934
6.875585556030273 29.41375732421875 -3.156033992767334
7.0976715087890625 29.438610076904297 -3.147768497467041
0.0 0.0 0.0
0.0 0.0 0.0
7.808549880981445 29.641681671142578 -3.1316988468170166
0.0 0.0 0.0
8.274121284484863 29.720735549926758 -3.1146974563598633
0.0 0.0 0.0
8.848592758178711 30.142894744873047 -3.129378080368042
9.065343856811523 30.10495376586914 -3.1106719970703125
0.0 0.0 0.0
9.611783981323242 30.38410186767578 -3.1097075939178467
0.0 0.0 0.0
10.147955894470215 30.591201782226562 -3.096930503845215
0.0 0.0 0.0
0.0 0.0 0.0
0.0 0.0 0.0
0.0 0.0 0.0
11.58491039276123 31.228368759155273 -3.0706710815429688
11.789039611816406 31.1004638671875 -3.0389699935913086
12.258432388305664 31.673137664794922 -3.0756635665893555
0.0 0.0 0.0
0.0 0.0 0.0
0.0 0.0 0.0
0.0 0.0 0.0
13.694430351257324 32.02252960205078 -3.002352714538574
0.0 0.0 0.0
14.454972267150879 32.541893005371094 -3.0040712356567383
0.0 0.0 0.0
0.0 0.0 0.0
0.0 0.0 0.0
0.0 0.0 0.0
0.0 0.0 0.0
0.0 0.0 0.0
0.0 0.0 0.0
0.0 0.0 0.0
0.0 0.0 0.0
18.234622955322266 34.370704650878906 -2.893476724624634
0.0 0.0 0.0
0.0 0.0 0.0
0.0 0.0 0.0
0.0 0.0 0.0
0.0 0.0 0.0
0.0 0.0 0.0
0.0 0.0 0.0
0.0 0.0 0.0
0.0 0.0 0.0
0.0 0.0 0.0
23.815120697021484 37.616127014160156 -2.7413489818573
0.0 0.0 0.0
0.0 0.0 0.0
0.0 0.0 0.0
0.0 0.0 0.0
0.0 0.0 0.0
0.0 0.0 0.0
0.0 0.0 0.0
0.0 0.0 0.0
0.0 0.0 0.0
0.0 0.0 0.0
0.0 0.0 0.0
0.0 0.0 0.0
0.0 0.0 0.0
0.0 0.0 0.0
0.0 0.0 0.0
0.0 0.0 0.0
0.0 0.0 0.0
0.0 0.0 0.0
0.0 0.0 0.0
45.4431266784668 73.16203308105469 5.9547200202941895
0.0 0.0 0.0
0.0 0.0 0.0
0.0 0.0 0.0
0.0 0.0 0.0
109.79823303222656 191.40188598632812 16.79216766357422
0.0 0.0 0.0
0.0 0.0 0.0
0.0 0.0 0.0
0.0 0.0 0.0
0.0 0.0 0.0
0.0 0.0 0.0
0.0 0.0 0.0
0.0 0.0 0.0
0.0 0.0 0.0
0.0 0.0 0.0
0.0 0.0 0.0
0.0 0.0 0.0
0.0 0.0 0.0
0.0 0.0 0.0
0.0 0.0 0.0
0.0 0.0 0.0
0.0 0.0 0.0
0.0 0.0 0.0
0.0 0.0 0.0
0.0 0.0 0.0
0.0 0.0 0.0
0.0 0.0 0.0
0.0 0.0 0.0
0.0 0.0 0.0
0.0 0.0 0.0
0.0 0.0 0.0
0.0 0.0 0.0
0.0 0.0 0.0
0.0 0.0 0.0
0.0 0.0 0.0
0.0 0.0 0.0
0.0 0.0 0.0
0.0 0.0 0.0
0.0 0.0 0.0
0.0 0.0 0.0
0.0 0.0 0.0
0.0 0.0 0.0
0.0 0.0 0.0
0.0 0.0 0.0
0.0 0.0 0.0
0.0 0.0 0.0
0.0 0.0 0.0
0.0 0.0 0.0
0.0 0.0 0.0
0.0 0.0 0.0
0.0 0.0 0.0
0.0 0.0 0.0
0.0 0.0 0.0
0.0 0.0 0.0
0.0 0.0 0.0
0.0 0.0 0.0
0.0 0.0 0.0
0.0 0.0 0.0
0.0 0.0 0.0
0.0 0.0 0.0
0.0 0.0 0.0
0.0 0.0 0.0
0.0 0.0 0.0
0.0 0.0 0.0
0.0 0.0 0.0
0.0 0.0 0.0
0.0 0.0 0.0
0.0 0.0 0.0
0.0 0.0 0.0
0.0 0.0 0.0
0.0 0.0 0.0
0.0 0.0 0.0
0.0 0.0 0.0
0.0 0.0 0.0
0.0 0.0 0.0
0.0 0.0 0.0
0.0 0.0 0.0
0.0 0.0 0.0
0.0 0.0 0.0
0.0 0.0 0.0
0.0 0.0 0.0
0.0 0.0 0.0
0.0 0.0 0.0
0.0 0.0 0.0
0.0 0.0 0.0
0.0 0.0 0.0
0.0 0.0 0.0
0.0 0.0 0.0
0.0 0.0 0.0
0.0 0.0 0.0
0.0 0.0 0.0
0.0 0.0 0.0
0.0 0.0 0.0
0.0 0.0 0.0
0.0 0.0 0.0
0.0 0.0 0.0
0.0 0.0 0.0
0.0 0.0 0.0
0.0 0.0 0.0
0.0 0.0 0.0
0.0 0.0 0.0
0.0 0.0 0.0
0.0 0.0 0.0
0.0 0.0 0.0
0.0 0.0 0.0
0.0 0.0 0.0
0.0 0.0 0.0
0.0 0.0 0.0
0.0 0.0 0.0
0.0 0.0 0.0
0.0 0.0 0.0
0.0 0.0 0.0
0.0 0.0 0.0
0.0 0.0 0.0
0.0 0.0 0.0
0.0 0.0 0.0
0.0 0.0 0.0
0.0 0.0 0.0
0.0 0.0 0.0
0.0 0.0 0.0
0.0 0.0 0.0
0.0 0.0 0.0
0.0 0.0 0.0
0.0 0.0 0.0
0.0 0.0 0.0
0.0 0.0 0.0
0.0 0.0 0.0
0.0 0.0 0.0
0.0 0.0 0.0
0.0 0.0 0.0
0.0 0.0 0.0
0.0 0.0 0.0
0.0 0.0 0.0
0.0 0.0 0.0
0.0 0.0 0.0
0.0 0.0 0.0
0.0 0.0 0.0
0.0 0.0 0.0
0.0 0.0 0.0
0.0 0.0 0.0
0.0 0.0 0.0
0.0 0.0 0.0
0.0 0.0 0.0
-58.85383987426758 121.95671844482422 12.21562671661377
0.0 0.0 0.0
0.0 0.0 0.0
0.0 0.0 0.0
0.0 0.0 0.0
0.0 0.0 0.0
0.0 0.0 0.0
0.0 0.0 0.0
0.0 0.0 0.0
0.0 0.0 0.0
0.0 0.0 0.0
0.0 0.0 0.0
0.0 0.0 0.0
0.0 0.0 0.0
0.0 0.0 0.0
0.0 0.0 0.0
0.0 0.0 0.0
0.0 0.0 0.0
0.0 0.0 0.0
0.0 0.0 0.0
0.0 0.0 0.0
0.0 0.0 0.0
0.0 0.0 0.0
0.0 0.0 0.0
0.0 0.0 0.0
0.0 0.0 0.0
0.0 0.0 0.0
0.0 0.0 0.0
0.0 0.0 0.0
0.0 0.0 0.0
0.0 0.0 0.0
0.0 0.0 0.0
0.0 0.0 0.0
0.0 0.0 0.0
0.0 0.0 0.0
0.0 0.0 0.0
0.0 0.0 0.0
-20.218542098999023 32.535118103027344 -2.1720774173736572
0.0 0.0 0.0
0.0 0.0 0.0
0.0 0.0 0.0
0.0 0.0 0.0
0.0 0.0 0.0
0.0 0.0 0.0
0.0 0.0 0.0
0.0 0.0 0.0
0.0 0.0 0.0
0.0 0.0 0.0
0.0 0.0 0.0
0.0 0.0 0.0
0.0 0.0 0.0
0.0 0.0 0.0
0.0 0.0 0.0
0.0 0.0 0.0
0.0 0.0 0.0
0.0 0.0 0.0
0.0 0.0 0.0
0.0 0.0 0.0
0.0 0.0 0.0
0.0 0.0 0.0
0.0 0.0 0.0
0.0 0.0 0.0
0.0 0.0 0.0
0.0 0.0 0.0
0.0 0.0 0.0
0.0 0.0 0.0
0.0 0.0 0.0
-39.53813934326172 109.5689468383789 -10.328304290771484
-10.242697715759277 29.01675796508789 -2.7544732093811035
0.0 0.0 0.0
0.0 0.0 0.0
0.0 0.0 0.0
0.0 0.0 0.0
0.0 0.0 0.0
0.0 0.0 0.0
0.0 0.0 0.0
0.0 0.0 0.0
0.0 0.0 0.0
0.0 0.0 0.0
0.0 0.0 0.0
-7.436517715454102 28.465415954589844 -2.891329288482666
0.0 0.0 0.0
-6.987339019775391 28.367050170898438 -2.908679485321045
-6.747485637664795 28.239553451538086 -2.9074478149414062
0.0 0.0 0.0
-6.3724260330200195 28.41473960876465 -2.9496002197265625
-6.141112804412842 28.30486297607422 -2.950364351272583
0.0 0.0 0.0
-5.695884704589844 28.1568546295166 -2.9562928676605225
0.0 0.0 0.0
0.0 0.0 0.0
0.0 0.0 0.0
-4.882583141326904 28.169343948364258 -2.9977235794067383
-4.656805992126465 28.025148391723633 -2.990790605545044
-4.44852876663208 27.9751033782959 -2.9939732551574707
-4.258912086486816 28.038698196411133 -3.009439468383789
0.0 0.0 0.0
-3.8506879806518555 27.969892501831055 -3.017730951309204
0.0 0.0 0.0
0.0 0.0 0.0
-3.261434316635132 28.0338134765625 -3.0453507900238037
-3.078075647354126 28.162904739379883 -3.0665457248687744
0.0 0.0 0.0
-2.6625912189483643 27.996938705444336 -3.058260440826416
0.0 0.0 0.0
-2.2550013065338135 27.81303596496582 -3.0483312606811523
-2.0785040855407715 28.05967903137207 -3.0805094242095947
-1.8769093751907349 27.980003356933594 -3.0746891498565674
-1.6789838075637817 27.99208641052246 -3.0791428089141846
-1.4857571125030518 28.033632278442383 -3.0869414806365967
-1.2945958375930786 28.124250411987305 -3.1003026962280273
-1.099609613418579 28.147645950317383 -3.106064558029175
-0.8954053521156311 27.894386291503906 -3.079390287399292
-0.7035802602767944 28.124921798706055 -3.10629940032959
-0.5081034302711487 28.14055824279785 -3.1096127033233643
-0.3125722110271454 28.166481018066406 -3.114215135574341
-0.11645710468292236 28.13674545288086 -3.1123158931732178
0.07849674671888351 27.90007781982422 -3.0857725143432617
0.2757057845592499 28.205604553222656 -3.1193456649780273
0.47579026222229004 28.237924575805664 -3.1228532791137695
0.6713271141052246 28.19127082824707 -3.1177804470062256
0.8707162141799927 28.29857635498047 -3.1292335987091064
1.0712331533432007 28.38525390625 -3.1367273330688477
1.259748935699463 28.179607391357422 -3.11207914352417
1.4743820428848267 28.46110725402832 -3.141343116760254
1.6672508716583252 28.36520004272461 -3.1291251182556152
0.0 0.0 0.0
2.0652554035186768 28.386690139770508 -3.1254522800445557
2.273693799972534 28.51156234741211 -3.135572671890259
2.4802658557891846 28.549489974975586 -3.136195421218872
2.684166193008423 28.590120315551758 -3.137319564819336
2.8978652954101562 28.71824836730957 -3.147212266921997
3.0930404663085938 28.65575408935547 -3.134936809539795
0.0 0.0 0.0
3.4996800422668457 28.649742126464844 -3.123772621154785
3.7129008769989014 28.733373641967773 -3.1278841495513916
3.938889980316162 28.90022850036621 -3.1399478912353516
4.171935558319092 29.0961971282959 -3.154017925262451
4.362234115600586 28.986894607543945 -3.1351137161254883
4.589312553405762 29.118070602416992 -3.142352342605591
0.0 0.0 0.0
4.99245023727417 29.022499084472656 -3.1171064376831055
5.254793167114258 29.32484245300293 -3.140766143798828
5.439014911651611 29.181930541992188 -3.116821050643921
5.707156181335449 29.480316162109375 -3.14009428024292
5.889337062835693 29.307144165039062 -3.1130805015563965
0.0 0.0 0.0
0.0 0.0 0.0
0.0 0.0 0.0
0.0 0.0 0.0
0.0 0.0 0.0
7.287124156951904 29.761615753173828 -3.0970044136047363
0.0 0.0 0.0
7.806959629058838 30.06700897216797 -3.104309320449829
8.000263214111328 29.95359230041504 -3.080578565597534
0.0 0.0 0.0
0.0 0.0 0.0
0.0 0.0 0.0
9.018424034118652 30.34073257446289 -3.0655570030212402
9.340826988220215 30.643638610839844 -3.082218885421753
9.575206756591797 30.634532928466797 -3.065871477127075
0.0 0.0 0.0
0.0 0.0 0.0
0.0 0.0 0.0
10.64295482635498 30.993213653564453 -3.037548065185547
0.0 0.0 0.0
11.265297889709473 31.3649845123291 -3.037534236907959
0.0 0.0 0.0
0.0 0.0 0.0
0.0 0.0 0.0
12.436283111572266 31.81269645690918 -3.0051815509796143
0.0 0.0 0.0
0.0 0.0 0.0
0.0 0.0 0.0
13.701798439025879 32.35451126098633 -2.972362995147705
0.0 0.0 0.0
0.0 0.0 0.0
14.757556915283203 32.90498352050781 -2.954495429992676
0.0 0.0 0.0
0.0 0.0 0.0
0.0 0.0 0.0
0.0 0.0 0.0
0.0 0.0 0.0
0.0 0.0 0.0
0.0 0.0 0.0
0.0 0.0 0.0
0.0 0.0 0.0
0.0 0.0 0.0
0.0 0.0 0.0
19.47102165222168 35.20363998413086 -2.8179264068603516
0.0 0.0 0.0
0.0 0.0 0.0
0.0 0.0 0.0
0.0 0.0 0.0
0.0 0.0 0.0
0.0 0.0 0.0
0.0 0.0 0.0
0.0 0.0 0.0
0.0 0.0 0.0
0.0 0.0 0.0
0.0 0.0 0.0
0.0 0.0 0.0
0.0 0.0 0.0
0.0 0.0 0.0
0.0 0.0 0.0
0.0 0.0 0.0
0.0 0.0 0.0
0.0 0.0 0.0
0.0 0.0 0.0
0.0 0.0 0.0
0.0 0.0 0.0
0.0 0.0 0.0
0.0 0.0 0.0
0.0 0.0 0.0
0.0 0.0 0.0
0.0 0.0 0.0
0.0 0.0 0.0
0.0 0.0 0.0
0.0 0.0 0.0
0.0 0.0 0.0
0.0 0.0 0.0
0.0 0.0 0.0
0.0 0.0 0.0
0.0 0.0 0.0
0.0 0.0 0.0
0.0 0.0 0.0
0.0 0.0 0.0
0.0 0.0 0.0
0.0 0.0 0.0
0.0 0.0 0.0
0.0 0.0 0.0
0.0 0.0 0.0
0.0 0.0 0.0
0.0 0.0 0.0
0.0 0.0 0.0
0.0 0.0 0.0
0.0 0.0 0.0
0.0 0.0 0.0
0.0 0.0 0.0
0.0 0.0 0.0
0.0 0.0 0.0
0.0 0.0 0.0
0.0 0.0 0.0
0.0 0.0 0.0
0.0 0.0 0.0
0.0 0.0 0.0
0.0 0.0 0.0
0.0 0.0 0.0
0.0 0.0 0.0
0.0 0.0 0.0
0.0 0.0 0.0
0.0 0.0 0.0
0.0 0.0 0.0
0.0 0.0 0.0
0.0 0.0 0.0
0.0 0.0 0.0
0.0 0.0 0.0
0.0 0.0 0.0
0.0 0.0 0.0
0.0 0.0 0.0
0.0 0.0 0.0
0.0 0.0 0.0
0.0 0.0 0.0
0.0 0.0 0.0
50.75868225097656 209.3949432373047 23.6910343170166
0.0 0.0 0.0
0.0 0.0 0.0
0.0 0.0 0.0
0.0 0.0 0.0
0.0 0.0 0.0
0.0 0.0 0.0
0.0 0.0 0.0
0.0 0.0 0.0
0.0 0.0 0.0
0.0 0.0 0.0
0.0 0.0 0.0
0.0 0.0 0.0
0.0 0.0 0.0
0.0 0.0 0.0
0.0 0.0 0.0
0.0 0.0 0.0
0.0 0.0 0.0
0.0 0.0 0.0
0.0 0.0 0.0
0.0 0.0 0.0
0.0 0.0 0.0
0.0 0.0 0.0
0.0 0.0 0.0
0.0 0.0 0.0
0.0 0.0 0.0
0.0 0.0 0.0
0.0 0.0 0.0
0.0 0.0 0.0
0.0 0.0 0.0
0.0 0.0 0.0
0.0 0.0 0.0
0.0 0.0 0.0
0.0 0.0 0.0
0.0 0.0 0.0
0.0 0.0 0.0
0.0 0.0 0.0
0.0 0.0 0.0
0.0 0.0 0.0
0.0 0.0 0.0
0.0 0.0 0.0
0.0 0.0 0.0
0.0 0.0 0.0
0.0 0.0 0.0
0.0 0.0 0.0
0.0 0.0 0.0
0.0 0.0 0.0
0.0 0.0 0.0
0.0 0.0 0.0
0.0 0.0 0.0
0.0 0.0 0.0
0.0 0.0 0.0
0.0 0.0 0.0
0.0 0.0 0.0
0.0 0.0 0.0
0.0 0.0 0.0
0.0 0.0 0.0
0.0 0.0 0.0
0.0 0.0 0.0
0.0 0.0 0.0
0.0 0.0 0.0
0.0 0.0 0.0
0.0 0.0 0.0
0.0 0.0 0.0
0.0 0.0 0.0
0.0 0.0 0.0
0.0 0.0 0.0
0.0 0.0 0.0
0.0 0.0 0.0
0.0 0.0 0.0
0.0 0.0 0.0
0.0 0.0 0.0
0.0 0.0 0.0
0.0 0.0 0.0
0.0 0.0 0.0
0.0 0.0 0.0
0.0 0.0 0.0
0.0 0.0 0.0
0.0 0.0 0.0
0.0 0.0 0.0
0.0 0.0 0.0
0.0 0.0 0.0
0.0 0.0 0.0
0.0 0.0 0.0
0.0 0.0 0.0
0.0 0.0 0.0
0.0 0.0 0.0
0.0 0.0 0.0
0.0 0.0 0.0
0.0 0.0 0.0
0.0 0.0 0.0
0.0 0.0 0.0
0.0 0.0 0.0
0.0 0.0 0.0
0.0 0.0 0.0
0.0 0.0 0.0
0.0 0.0 0.0
0.0 0.0 0.0
0.0 0.0 0.0
0.0 0.0 0.0
0.0 0.0 0.0
0.0 0.0 0.0
0.0 0.0 0.0
0.0 0.0 0.0
0.0 0.0 0.0
0.0 0.0 0.0
0.0 0.0 0.0
0.0 0.0 0.0
0.0 0.0 0.0
0.0 0.0 0.0
0.0 0.0 0.0
0.0 0.0 0.0
0.0 0.0 0.0
0.0 0.0 0.0
0.0 0.0 0.0
0.0 0.0 0.0
0.0 0.0 0.0
0.0 0.0 0.0
0.0 0.0 0.0
0.0 0.0 0.0
0.0 0.0 0.0
0.0 0.0 0.0
0.0 0.0 0.0
0.0 0.0 0.0
0.0 0.0 0.0
0.0 0.0 0.0
0.0 0.0 0.0
0.0 0.0 0.0
0.0 0.0 0.0
0.0 0.0 0.0
0.0 0.0 0.0
0.0 0.0 0.0
0.0 0.0 0.0
0.0 0.0 0.0
0.0 0.0 0.0
0.0 0.0 0.0
0.0 0.0 0.0
0.0 0.0 0.0
0.0 0.0 0.0
0.0 0.0 0.0
0.0 0.0 0.0
0.0 0.0 0.0
0.0 0.0 0.0
0.0 0.0 0.0
0.0 0.0 0.0
0.0 0.0 0.0
0.0 0.0 0.0
0.0 0.0 0.0
0.0 0.0 0.0
0.0 0.0 0.0
0.0 0.0 0.0
0.0 0.0 0.0
0.0 0.0 0.0
0.0 0.0 0.0
0.0 0.0 0.0
0.0 0.0 0.0
0.0 0.0 0.0
0.0 0.0 0.0
0.0 0.0 0.0
0.0 0.0 0.0
0.0 0.0 0.0
0.0 0.0 0.0
0.0 0.0 0.0
0.0 0.0 0.0
0.0 0.0 0.0
0.0 0.0 0.0
0.0 0.0 0.0
0.0 0.0 0.0
0.0 0.0 0.0
0.0 0.0 0.0
0.0 0.0 0.0
0.0 0.0 0.0
0.0 0.0 0.0
0.0 0.0 0.0
0.0 0.0 0.0
0.0 0.0 0.0
0.0 0.0 0.0
0.0 0.0 0.0
0.0 0.0 0.0
0.0 0.0 0.0
-7.133792400360107 28.531097412109375 -2.8466193675994873
-6.990451335906982 28.8089599609375 -2.8867008686065674
0.0 0.0 0.0
0.0 0.0 0.0
-6.236591815948486 28.28412628173828 -2.870779514312744
0.0 0.0 0.0
-5.802929401397705 28.174924850463867 -2.8803982734680176
0.0 0.0 0.0
0.0 0.0 0.0
0.0 0.0 0.0
-5.010915756225586 28.3129940032959 -2.934375286102295
-4.782110214233398 28.16209602355957 -2.927464246749878
0.0 0.0 0.0
-4.373476505279541 28.143325805664062 -2.9434571266174316
0.0 0.0 0.0
0.0 0.0 0.0
0.0 0.0 0.0
0.0 0.0 0.0
-3.3975725173950195 28.331207275390625 -2.9993391036987305
-3.1966400146484375 28.35370635986328 -3.007573127746582
-2.997723340988159 28.359018325805664 -3.013317108154297
-2.7879638671875 28.254718780517578 -3.007540225982666
-2.573662519454956 28.07923126220703 -2.994264841079712
-2.393390417098999 28.273714065551758 -3.0205843448638916
-2.1865665912628174 28.20802879333496 -3.0176708698272705
-1.986410140991211 28.16775894165039 -3.0170822143554688
-1.815487265586853 28.57571792602539 -3.064697504043579
-1.5988762378692627 28.269100189208984 -3.035827398300171
-1.4050309658050537 28.33716583251953 -3.0473101139068604
-1.206377625465393 28.39650535583496 -3.0559608936309814
-1.0035687685012817 28.264190673828125 -3.0437216758728027
-0.8181964755058289 28.666170120239258 -3.0891854763031006
-0.6156315207481384 28.52720069885254 -3.076521635055542
-0.41394343972206116 28.328561782836914 -3.0575459003448486
-0.21442273259162903 28.451093673706055 -3.071274518966675
-0.016533298417925835 28.40135383605957 -3.0663177967071533
0.18154485523700714 28.490053176879883 -3.076456308364868
0.3819834589958191 28.64337730407715 -3.093729257583618
0.0 0.0 0.0
0.7808291912078857 28.658735275268555 -3.094906806945801
0.9851590991020203 28.695404052734375 -3.0975000858306885
1.185520887374878 28.711360931396484 -3.0980308055877686
0.0 0.0 0.0
1.5994993448257446 28.960098266601562 -3.1229159832000732
0.0 0.0 0.0
0.0 0.0 0.0
2.1974804401397705 28.79376792907715 -3.0958001613616943
2.411682367324829 28.944692611694336 -3.10925555229187
2.6154732704162598 28.95478057861328 -3.1075968742370605
0.0 0.0 0.0
0.0 0.0 0.0
3.2251596450805664 28.918899536132812 -3.0893232822418213
0.0 0.0 0.0
3.6540699005126953 29.088598251342773 -3.0982823371887207
3.8375985622406006 28.92093849182129 -3.0739710330963135
4.058182716369629 29.005563735961914 -3.0765154361724854
4.318810939788818 29.3773193359375 -3.1096718311309814
4.506097316741943 29.236162185668945 -3.0886237621307373
4.732706546783447 29.350921630859375 -3.0942468643188477
0.0 0.0 0.0
5.130828857421875 29.227197647094727 -3.065232753753662
5.4285101890563965 29.688264846801758 -3.1055409908294678
5.60750675201416 29.505903244018555 -3.0787339210510254
5.84718656539917 29.642868041992188 -3.0844905376434326
0.0 0.0 0.0
6.327259540557861 29.880821228027344 -3.0893707275390625
6.505512714385986 29.68488121032715 -3.0592570304870605
0.0 0.0 0.0
0.0 0.0 0.0
0.0 0.0 0.0
7.510510444641113 30.222671508789062 -3.071188449859619
7.718963623046875 30.147737503051758 -3.0520846843719482
7.999503135681152 30.36172866821289 -3.0624794960021973
0.0 0.0 0.0
0.0 0.0 0.0
8.703710556030273 30.444103240966797 -3.0312819480895996
9.040935516357422 30.797718048095703 -3.0529918670654297
0.0 0.0 0.0
9.495515823364258 30.75827980041504 -3.0205390453338623
0.0 0.0 0.0
0.0 0.0 0.0
10.33732795715332 31.16072654724121 -3.0144896507263184
10.709280967712402 31.534626007080078 -3.034209728240967
0.0 0.0 0.0
0.0 0.0 0.0
0.0 0.0 0.0
0.0 0.0 0.0
12.201620101928711 32.19261932373047 -3.0086731910705566
12.437066078186035 32.13828659057617 -2.9844894409179688
0.0 0.0 0.0
0.0 0.0 0.0
0.0 0.0 0.0
0.0 0.0 0.0
14.047672271728516 32.848548889160156 -2.947902202606201
0.0 0.0 0.0
0.0 0.0 0.0
15.065091133117676 33.289588928222656 -2.9200873374938965
0.0 0.0 0.0
0.0 0.0 0.0
0.0 0.0 0.0
0.0 0.0 0.0
0.0 0.0 0.0
0.0 0.0 0.0
0.0 0.0 0.0
0.0 0.0 0.0
0.0 0.0 0.0
0.0 0.0 0.0
0.0 0.0 0.0
0.0 0.0 0.0
0.0 0.0 0.0
0.0 0.0 0.0
0.0 0.0 0.0
0.0 0.0 0.0
0.0 0.0 0.0
0.0 0.0 0.0
0.0 0.0 0.0
0.0 0.0 0.0
0.0 0.0 0.0
0.0 0.0 0.0
0.0 0.0 0.0
0.0 0.0 0.0
0.0 0.0 0.0
0.0 0.0 0.0
0.0 0.0 0.0
0.0 0.0 0.0
0.0 0.0 0.0
0.0 0.0 0.0
0.0 0.0 0.0
0.0 0.0 0.0
0.0 0.0 0.0
0.0 0.0 0.0
0.0 0.0 0.0
0.0 0.0 0.0
0.0 0.0 0.0
0.0 0.0 0.0
0.0 0.0 0.0
0.0 0.0 0.0
0.0 0.0 0.0
0.0 0.0 0.0
0.0 0.0 0.0
0.0 0.0 0.0
0.0 0.0 0.0
0.0 0.0 0.0
0.0 0.0 0.0
0.0 0.0 0.0
0.0 0.0 0.0
0.0 0.0 0.0
0.0 0.0 0.0
0.0 0.0 0.0
0.0 0.0 0.0
0.0 0.0 0.0
0.0 0.0 0.0
0.0 0.0 0.0
0.0 0.0 0.0
0.0 0.0 0.0
0.0 0.0 0.0
0.0 0.0 0.0
0.0 0.0 0.0
0.0 0.0 0.0
0.0 0.0 0.0
0.0 0.0 0.0
0.0 0.0 0.0
0.0 0.0 0.0
0.0 0.0 0.0
0.0 0.0 0.0
0.0 0.0 0.0
0.0 0.0 0.0
0.0 0.0 0.0
0.0 0.0 0.0
0.0 0.0 0.0
0.0 0.0 0.0
0.0 0.0 0.0
0.0 0.0 0.0
0.0 0.0 0.0
0.0 0.0 0.0
0.0 0.0 0.0
0.0 0.0 0.0
0.0 0.0 0.0
0.0 0.0 0.0
0.0 0.0 0.0
0.0 0.0 0.0
0.0 0.0 0.0
0.0 0.0 0.0
0.0 0.0 0.0
0.0 0.0 0.0
0.0 0.0 0.0
0.0 0.0 0.0
0.0 0.0 0.0
0.0 0.0 0.0
0.0 0.0 0.0
0.0 0.0 0.0
0.0 0.0 0.0
0.0 0.0 0.0
0.0 0.0 0.0
0.0 0.0 0.0
0.0 0.0 0.0
0.0 0.0 0.0
0.0 0.0 0.0
0.0 0.0 0.0
0.0 0.0 0.0
0.0 0.0 0.0
0.0 0.0 0.0
0.0 0.0 0.0
0.0 0.0 0.0
0.0 0.0 0.0
0.0 0.0 0.0
0.0 0.0 0.0
0.0 0.0 0.0
0.0 0.0 0.0
0.0 0.0 0.0
0.0 0.0 0.0
0.0 0.0 0.0
0.0 0.0 0.0
0.0 0.0 0.0
0.0 0.0 0.0
0.0 0.0 0.0
0.0 0.0 0.0
0.0 0.0 0.0
0.0 0.0 0.0
0.0 0.0 0.0
0.0 0.0 0.0
0.0 0.0 0.0
0.0 0.0 0.0
0.0 0.0 0.0
0.0 0.0 0.0
0.0 0.0 0.0
0.0 0.0 0.0
0.0 0.0 0.0
0.0 0.0 0.0
0.0 0.0 0.0
0.0 0.0 0.0
0.0 0.0 0.0
0.0 0.0 0.0
0.0 0.0 0.0
0.0 0.0 0.0
0.0 0.0 0.0
0.0 0.0 0.0
0.0 0.0 0.0
0.0 0.0 0.0
0.0 0.0 0.0
0.0 0.0 0.0
0.0 0.0 0.0
0.0 0.0 0.0
0.0 0.0 0.0
0.0 0.0 0.0
0.0 0.0 0.0
0.0 0.0 0.0
0.0 0.0 0.0
0.0 0.0 0.0
0.0 0.0 0.0
0.0 0.0 0.0
0.0 0.0 0.0
0.0 0.0 0.0
0.0 0.0 0.0
0.0 0.0 0.0
0.0 0.0 0.0
0.0 0.0 0.0
0.0 0.0 0.0
0.0 0.0 0.0
0.0 0.0 0.0
0.0 0.0 0.0
0.0 0.0 0.0
0.0 0.0 0.0
0.0 0.0 0.0
0.0 0.0 0.0
0.0 0.0 0.0
0.0 0.0 0.0
0.0 0.0 0.0
0.0 0.0 0.0
0.0 0.0 0.0
0.0 0.0 0.0
0.0 0.0 0.0
0.0 0.0 0.0
0.0 0.0 0.0
0.0 0.0 0.0
0.0 0.0 0.0
0.0 0.0 0.0
0.0 0.0 0.0
0.0 0.0 0.0
0.0 0.0 0.0
0.0 0.0 0.0
0.0 0.0 0.0
0.0 0.0 0.0
0.0 0.0 0.0
0.0 0.0 0.0
0.0 0.0 0.0
0.0 0.0 0.0
0.0 0.0 0.0
0.0 0.0 0.0
0.0 0.0 0.0
0.0 0.0 0.0
0.0 0.0 0.0
0.0 0.0 0.0
0.0 0.0 0.0
0.0 0.0 0.0
0.0 0.0 0.0
0.0 0.0 0.0
0.0 0.0 0.0
0.0 0.0 0.0
0.0 0.0 0.0
0.0 0.0 0.0
0.0 0.0 0.0
0.0 0.0 0.0
0.0 0.0 0.0
0.0 0.0 0.0
0.0 0.0 0.0
0.0 0.0 0.0
0.0 0.0 0.0
0.0 0.0 0.0
0.0 0.0 0.0
0.0 0.0 0.0
0.0 0.0 0.0
0.0 0.0 0.0
0.0 0.0 0.0
0.0 0.0 0.0
0.0 0.0 0.0
0.0 0.0 0.0
0.0 0.0 0.0
0.0 0.0 0.0
0.0 0.0 0.0
0.0 0.0 0.0
0.0 0.0 0.0
0.0 0.0 0.0
0.0 0.0 0.0
0.0 0.0 0.0
0.0 0.0 0.0
0.0 0.0 0.0
0.0 0.0 0.0
0.0 0.0 0.0
0.0 0.0 0.0
0.0 0.0 0.0
0.0 0.0 0.0
0.0 0.0 0.0
0.0 0.0 0.0
0.0 0.0 0.0
0.0 0.0 0.0
0.0 0.0 0.0
0.0 0.0 0.0
0.0 0.0 0.0
0.0 0.0 0.0
0.0 0.0 0.0
0.0 0.0 0.0
0.0 0.0 0.0
0.0 0.0 0.0
0.0 0.0 0.0
0.0 0.0 0.0
0.0 0.0 0.0
0.0 0.0 0.0
0.0 0.0 0.0
0.0 0.0 0.0
0.0 0.0 0.0
0.0 0.0 0.0
0.0 0.0 0.0
0.0 0.0 0.0
-9.072500228881836 29.598430633544922 -2.7776412963867188
0.0 0.0 0.0
0.0 0.0 0.0
0.0 0.0 0.0
0.0 0.0 0.0
0.0 0.0 0.0
0.0 0.0 0.0
-7.299191474914551 28.757627487182617 -2.794147491455078
-7.094723224639893 28.80707359313965 -2.8113954067230225
0.0 0.0 0.0
-6.666536331176758 28.790117263793945 -2.8344690799713135
0.0 0.0 0.0
0.0 0.0 0.0
-6.010613918304443 28.687488555908203 -2.8560450077056885
-5.782924175262451 28.590017318725586 -2.856991767883301
0.0 0.0 0.0
0.0 0.0 0.0
0.0 0.0 0.0
-4.9825544357299805 28.74700927734375 -2.9093616008758545
-4.763035297393799 28.66475486755371 -2.9099628925323486
-4.540555477142334 28.55405616760254 -2.9070680141448975
-4.33418607711792 28.533973693847656 -2.912121295928955
-4.16538143157959 28.7701358795166 -2.9435172080993652
0.0 0.0 0.0
-3.737091302871704 28.638681411743164 -2.9450843334198
0.0 0.0 0.0
0.0 0.0 0.0
0.0 0.0 0.0
-2.9222350120544434 28.57760238647461 -2.961836814880371
-2.7089645862579346 28.48460578918457 -2.9580371379852295
0.0 0.0 0.0
0.0 0.0 0.0
-2.1186368465423584 28.602895736694336 -2.9827864170074463
-1.9185887575149536 28.600862503051758 -2.9866445064544678
-1.7170732021331787 28.6286563873291 -2.9938364028930664
-1.5198290348052979 28.682167053222656 -3.002429246902466
-1.3185917139053345 28.65679931640625 -3.0018632411956787
-1.116720199584961 28.60284423828125 -2.998441219329834
-0.9202717542648315 28.691139221191406 -3.010078191757202
-0.7203216552734375 28.82476806640625 -3.0266807079315186
-0.5170170664787292 28.673534393310547 -3.012047052383423
-0.3185431659221649 28.773473739624023 -3.0230095386505127
-0.1183839812874794 28.79433822631836 -3.025812864303589
0.0 0.0 0.0
0.28322261571884155 28.90569496154785 -3.0391814708709717
0.0 0.0 0.0
0.6896254420280457 28.930192947387695 -3.0400390625
0.8928955793380737 28.990882873535156 -3.0453176498413086
0.0 0.0 0.0
1.301538109779358 29.096317291259766 -3.0546295642852783
1.4979325532913208 28.908245086669922 -3.0327847003936768
1.6981854438781738 28.882007598876953 -3.0273568630218506
1.90962553024292 29.03272247314453 -3.040614128112793
2.115882158279419 29.077251434326172 -3.042875051498413
2.3436036109924316 29.383691787719727 -3.072664737701416
2.551344394683838 29.366960525512695 -3.0671563148498535
2.7269930839538574 29.043529510498047 -3.0291621685028076
0.0 0.0 0.0
0.0 0.0 0.0
3.3656458854675293 29.271718978881836 -3.0410826206207275
0.0 0.0 0.0
3.80837345123291 29.473827362060547 -3.050485849380493
4.00238037109375 29.36663818359375 -3.0335586071014404
4.236445903778076 29.546676635742188 -3.046424627304077
4.4333062171936035 29.4597225189209 -3.0318799018859863
4.670067310333252 29.63271713256836 -3.042445182800293
4.887576580047607 29.646011352539062 -3.0361790657043457
5.110536098480225 29.70809555053711 -3.0351507663726807
5.327740669250488 29.73025131225586 -3.0301530361175537
5.559746265411377 29.827239990234375 -3.032883644104004
0.0 0.0 0.0
0.0 0.0 0.0
0.0 0.0 0.0
0.0 0.0 0.0
0.0 0.0 0.0
6.96266508102417 30.26607322692871 -3.0201351642608643
7.19235372543335 30.281831741333008 -3.010711193084717
7.428319454193115 30.334457397460938 -3.0052223205566406
7.667267799377441 30.392807006835938 -3.0003721714019775
7.952136039733887 30.6225528717041 -3.011758804321289
8.147109985351562 30.50056266784668 -2.987253189086914
8.42513370513916 30.668777465820312 -2.991015911102295
8.694487571716309 30.809497833251953 -2.99230694770813
0.0 0.0 0.0
0.0 0.0 0.0
0.0 0.0 0.0
9.803211212158203 31.35980987548828 -2.990614414215088
0.0 0.0 0.0
10.3486909866333 31.556684494018555 -2.980919361114502
10.546882629394531 31.423377990722656 -2.952314853668213
0.0 0.0 0.0
0.0 0.0 0.0
0.0 0.0 0.0
11.74490737915039 32.00102233886719 -2.9406325817108154
12.093976020812988 32.255767822265625 -2.945797920227051
0.0 0.0 0.0
0.0 0.0 0.0
0.0 0.0 0.0
0.0 0.0 0.0
0.0 0.0 0.0
0.0 0.0 0.0
0.0 0.0 0.0
14.717965126037598 33.438385009765625 -2.892056941986084
0.0 0.0 0.0
0.0 0.0 0.0
0.0 0.0 0.0
0.0 0.0 0.0
0.0 0.0 0.0
0.0 0.0 0.0
0.0 0.0 0.0
0.0 0.0 0.0
0.0 0.0 0.0
0.0 0.0 0.0
0.0 0.0 0.0
0.0 0.0 0.0
0.0 0.0 0.0
0.0 0.0 0.0
0.0 0.0 0.0
0.0 0.0 0.0
0.0 0.0 0.0
0.0 0.0 0.0
0.0 0.0 0.0
0.0 0.0 0.0
0.0 0.0 0.0
0.0 0.0 0.0
0.0 0.0 0.0
0.0 0.0 0.0
0.0 0.0 0.0
0.0 0.0 0.0
0.0 0.0 0.0
0.0 0.0 0.0
0.0 0.0 0.0
0.0 0.0 0.0
0.0 0.0 0.0
0.0 0.0 0.0
0.0 0.0 0.0
0.0 0.0 0.0
0.0 0.0 0.0
0.0 0.0 0.0
0.0 0.0 0.0
0.0 0.0 0.0
0.0 0.0 0.0
0.0 0.0 0.0
0.0 0.0 0.0
0.0 0.0 0.0
0.0 0.0 0.0
0.0 0.0 0.0
0.0 0.0 0.0
0.0 0.0 0.0
0.0 0.0 0.0
0.0 0.0 0.0
0.0 0.0 0.0
0.0 0.0 0.0
0.0 0.0 0.0
0.0 0.0 0.0
0.0 0.0 0.0
0.0 0.0 0.0
0.0 0.0 0.0
0.0 0.0 0.0
0.0 0.0 0.0
0.0 0.0 0.0
0.0 0.0 0.0
0.0 0.0 0.0
0.0 0.0 0.0
0.0 0.0 0.0
0.0 0.0 0.0
0.0 0.0 0.0
0.0 0.0 0.0
0.0 0.0 0.0
0.0 0.0 0.0
0.0 0.0 0.0
0.0 0.0 0.0
0.0 0.0 0.0
0.0 0.0 0.0
0.0 0.0 0.0
0.0 0.0 0.0
0.0 0.0 0.0
0.0 0.0 0.0
0.0 0.0 0.0
0.0 0.0 0.0
0.0 0.0 0.0
0.0 0.0 0.0
0.0 0.0 0.0
0.0 0.0 0.0
0.0 0.0 0.0
0.0 0.0 0.0
0.0 0.0 0.0
0.0 0.0 0.0
0.0 0.0 0.0
0.0 0.0 0.0
0.0 0.0 0.0
0.0 0.0 0.0
0.0 0.0 0.0
0.0 0.0 0.0
0.0 0.0 0.0
0.0 0.0 0.0
0.0 0.0 0.0
0.0 0.0 0.0
0.0 0.0 0.0
0.0 0.0 0.0
0.0 0.0 0.0
0.0 0.0 0.0
0.0 0.0 0.0
0.0 0.0 0.0
0.0 0.0 0.0
0.0 0.0 0.0
0.0 0.0 0.0
0.0 0.0 0.0
0.0 0.0 0.0
0.0 0.0 0.0
0.0 0.0 0.0
0.0 0.0 0.0
0.0 0.0 0.0
0.0 0.0 0.0
0.0 0.0 0.0
0.0 0.0 0.0
0.0 0.0 0.0
0.0 0.0 0.0
0.0 0.0 0.0
0.0 0.0 0.0
0.0 0.0 0.0
0.0 0.0 0.0
0.0 0.0 0.0
0.0 0.0 0.0
0.0 0.0 0.0
0.0 0.0 0.0
0.0 0.0 0.0
0.0 0.0 0.0
0.0 0.0 0.0
0.0 0.0 0.0
0.0 0.0 0.0
0.0 0.0 0.0
0.0 0.0 0.0
0.0 0.0 0.0
0.0 0.0 0.0
0.0 0.0 0.0
0.0 0.0 0.0
0.0 0.0 0.0
0.0 0.0 0.0
0.0 0.0 0.0
0.0 0.0 0.0
0.0 0.0 0.0
0.0 0.0 0.0
0.0 0.0 0.0
0.0 0.0 0.0
0.0 0.0 0.0
0.0 0.0 0.0
0.0 0.0 0.0
0.0 0.0 0.0
0.0 0.0 0.0
0.0 0.0 0.0
0.0 0.0 0.0
0.0 0.0 0.0
0.0 0.0 0.0
0.0 0.0 0.0
0.0 0.0 0.0
0.0 0.0 0.0
0.0 0.0 0.0
0.0 0.0 0.0
0.0 0.0 0.0
0.0 0.0 0.0
0.0 0.0 0.0
0.0 0.0 0.0
0.0 0.0 0.0
0.0 0.0 0.0
0.0 0.0 0.0
0.0 0.0 0.0
0.0 0.0 0.0
0.0 0.0 0.0
0.0 0.0 0.0
0.0 0.0 0.0
-77.3570785522461 227.6564178466797 23.659135818481445
0.0 0.0 0.0
0.0 0.0 0.0
0.0 0.0 0.0
0.0 0.0 0.0
0.0 0.0 0.0
0.0 0.0 0.0
0.0 0.0 0.0
0.0 0.0 0.0
0.0 0.0 0.0
0.0 0.0 0.0
0.0 0.0 0.0
0.0 0.0 0.0
0.0 0.0 0.0
0.0 0.0 0.0
0.0 0.0 0.0
0.0 0.0 0.0
0.0 0.0 0.0
0.0 0.0 0.0
0.0 0.0 0.0
0.0 0.0 0.0
0.0 0.0 0.0
0.0 0.0 0.0
0.0 0.0 0.0
0.0 0.0 0.0
0.0 0.0 0.0
0.0 0.0 0.0
0.0 0.0 0.0
0.0 0.0 0.0
0.0 0.0 0.0
0.0 0.0 0.0
0.0 0.0 0.0
0.0 0.0 0.0
0.0 0.0 0.0
0.0 0.0 0.0
0.0 0.0 0.0
0.0 0.0 0.0
0.0 0.0 0.0
0.0 0.0 0.0
0.0 0.0 0.0
0.0 0.0 0.0
0.0 0.0 0.0
0.0 0.0 0.0
0.0 0.0 0.0
0.0 0.0 0.0
0.0 0.0 0.0
0.0 0.0 0.0
0.0 0.0 0.0
0.0 0.0 0.0
0.0 0.0 0.0
0.0 0.0 0.0
0.0 0.0 0.0
0.0 0.0 0.0
0.0 0.0 0.0
0.0 0.0 0.0
0.0 0.0 0.0
0.0 0.0 0.0
0.0 0.0 0.0
0.0 0.0 0.0
0.0 0.0 0.0
0.0 0.0 0.0
0.0 0.0 0.0
0.0 0.0 0.0
0.0 0.0 0.0
0.0 0.0 0.0
0.0 0.0 0.0
0.0 0.0 0.0
-15.834051132202148 31.278827667236328 -2.3466663360595703
0.0 0.0 0.0
0.0 0.0 0.0
0.0 0.0 0.0
0.0 0.0 0.0
0.0 0.0 0.0
0.0 0.0 0.0
0.0 0.0 0.0
0.0 0.0 0.0
0.0 0.0 0.0
0.0 0.0 0.0
0.0 0.0 0.0
0.0 0.0 0.0
0.0 0.0 0.0
0.0 0.0 0.0
0.0 0.0 0.0
0.0 0.0 0.0
0.0 0.0 0.0
0.0 0.0 0.0
0.0 0.0 0.0
0.0 0.0 0.0
0.0 0.0 0.0
0.0 0.0 0.0
0.0 0.0 0.0
0.0 0.0 0.0
0.0 0.0 0.0
0.0 0.0 0.0
0.0 0.0 0.0
0.0 0.0 0.0
-7.994933128356934 29.341644287109375 -2.746748208999634
0.0 0.0 0.0
0.0 0.0 0.0
-7.261645317077637 29.041780471801758 -2.756342649459839
-7.048734188079834 29.048521041870117 -2.769658088684082
-6.823397636413574 29.00089454650879 -2.776309013366699
-6.6157546043396 29.039525985717773 -2.790862560272217
-6.409887313842773 29.06828498840332 -2.80440354347229
-6.176366806030273 28.96626853942871 -2.8054044246673584
0.0 0.0 0.0
-5.761178493499756 28.993497848510742 -2.8279898166656494
-5.526329040527344 28.879581451416016 -2.825910806655884
0.0 0.0 0.0
0.0 0.0 0.0
0.0 0.0 0.0
-4.717457294464111 29.002201080322266 -2.8724915981292725
-4.46180534362793 28.71114158630371 -2.851140022277832
-4.288045406341553 28.917362213134766 -2.879145860671997
-4.088803768157959 28.960866928100586 -2.8911406993865967
-3.8765106201171875 28.910600662231445 -2.893517255783081
0.0 0.0 0.0
0.0 0.0 0.0
0.0 0.0 0.0
0.0 0.0 0.0
-2.8574869632720947 28.95853614807129 -2.927785873413086
0.0 0.0 0.0
-2.4328315258026123 28.742586135864258 -2.9141323566436768
-2.2268502712249756 28.72748565673828 -2.9169695377349854
-2.0424773693084717 28.966552734375 -2.9457180500030518
-1.8327630758285522 28.851537704467773 -2.9379639625549316
-1.6370519399642944 28.952451705932617 -2.950777053833008
-1.4567627906799316 29.38970947265625 -2.9980597496032715
-1.237817406654358 29.142641067504883 -2.9757447242736816
-1.0340920686721802 29.12297821044922 -2.976717233657837
-0.8274791836738586 28.993207931518555 -2.965825080871582
-0.6248189806938171 28.947607040405273 -2.9620838165283203
0.0 0.0 0.0
-0.2193780243396759 29.065919876098633 -2.976499557495117
-0.017243802547454834 28.9383602142334 -2.9647915363311768
0.18422409892082214 28.94548225402832 -2.96627140045166
0.3867778778076172 29.025178909301758 -2.9738171100616455
0.5908271074295044 29.134540557861328 -2.9845430850982666
0.7852404117584229 28.82292938232422 -2.9522902965545654
0.0 0.0 0.0
0.0 0.0 0.0
1.4117664098739624 29.247034072875977 -2.992384195327759
1.6205954551696777 29.333831787109375 -2.999119281768799
1.8345474004745483 29.48508644104004 -3.0125744342803955
2.0432522296905518 29.47169303894043 -3.009307622909546
2.2367911338806152 29.309947967529297 -2.990238904953003
2.4488489627838135 29.391042709350586 -2.9946389198303223
2.648254156112671 29.319677352905273 -2.9836480617523193
2.867748737335205 29.459680557250977 -2.9942944049835205
3.075538396835327 29.431467056274414 -2.987910509109497
0.0 0.0 0.0
0.0 0.0 0.0
3.7458314895629883 29.814298629760742 -3.011518955230713
3.9415581226348877 29.699670791625977 -2.99468731880188
4.167986869812012 29.78730010986328 -2.998302936553955
4.414996147155762 30.031558990478516 -3.016860246658325
4.583219051361084 29.736003875732422 -2.9802052974700928
4.814380168914795 29.854028701782227 -2.985173225402832
5.072327136993408 30.119831085205078 -3.0049679279327393
5.264547348022461 29.985218048095703 -2.984907627105713
0.0 0.0 0.0
5.733459949493408 30.166656494140625 -2.986499309539795
0.0 0.0 0.0
6.1988630294799805 30.31110191345215 -2.983917474746704
6.4514875411987305 30.46627426147461 -2.9908976554870605
0.0 0.0 0.0
0.0 0.0 0.0
0.0 0.0 0.0
0.0 0.0 0.0
0.0 0.0 0.0
7.9335036277771 30.987030029296875 -2.979762077331543
8.130419731140137 30.861177444458008 -2.955781936645508
8.440896987915039 31.158323287963867 -2.9723520278930664
8.699568748474121 31.250286102294922 -2.969301223754883
0.0 0.0 0.0
9.173107147216797 31.247873306274414 -2.9433887004852295
0.0 0.0 0.0
0.0 0.0 0.0
0.0 0.0 0.0
0.0 0.0 0.0
0.0 0.0 0.0
0.0 0.0 0.0
11.117326736450195 32.002891540527344 -2.9129843711853027
0.0 0.0 0.0
11.715188980102539 32.26970672607422 -2.9048919677734375
0.0 0.0 0.0
0.0 0.0 0.0
0.0 0.0 0.0
0.0 0.0 0.0
0.0 0.0 0.0
13.580118179321289 33.02656173706055 -2.8637609481811523
0.0 0.0 0.0
0.0 0.0 0.0
0.0 0.0 0.0
0.0 0.0 0.0
0.0 0.0 0.0
0.0 0.0 0.0
0.0 0.0 0.0
16.515609741210938 34.545982360839844 -2.819523572921753
16.738277435302734 34.39369583129883 -2.7832069396972656
17.181215286254883 34.68672561645508 -2.7827811241149902
0.0 0.0 0.0
0.0 0.0 0.0
0.0 0.0 0.0
0.0 0.0 0.0
0.0 0.0 0.0
0.0 0.0 0.0
0.0 0.0 0.0
0.0 0.0 0.0
0.0 0.0 0.0
0.0 0.0 0.0
0.0 0.0 0.0
0.0 0.0 0.0
0.0 0.0 0.0
0.0 0.0 0.0
0.0 0.0 0.0
0.0 0.0 0.0
0.0 0.0 0.0
0.0 0.0 0.0
0.0 0.0 0.0
0.0 0.0 0.0
0.0 0.0 0.0
0.0 0.0 0.0
0.0 0.0 0.0
0.0 0.0 0.0
0.0 0.0 0.0
0.0 0.0 0.0
0.0 0.0 0.0
0.0 0.0 0.0
0.0 0.0 0.0
0.0 0.0 0.0
0.0 0.0 0.0
0.0 0.0 0.0
0.0 0.0 0.0
0.0 0.0 0.0
0.0 0.0 0.0
0.0 0.0 0.0
0.0 0.0 0.0
0.0 0.0 0.0
0.0 0.0 0.0
0.0 0.0 0.0
0.0 0.0 0.0
0.0 0.0 0.0
0.0 0.0 0.0
0.0 0.0 0.0
0.0 0.0 0.0
0.0 0.0 0.0
0.0 0.0 0.0
0.0 0.0 0.0
0.0 0.0 0.0
0.0 0.0 0.0
0.0 0.0 0.0
0.0 0.0 0.0
0.0 0.0 0.0
0.0 0.0 0.0
0.0 0.0 0.0
0.0 0.0 0.0
0.0 0.0 0.0
0.0 0.0 0.0
0.0 0.0 0.0
0.0 0.0 0.0
0.0 0.0 0.0
0.0 0.0 0.0
0.0 0.0 0.0
0.0 0.0 0.0
0.0 0.0 0.0
0.0 0.0 0.0
0.0 0.0 0.0
0.0 0.0 0.0
0.0 0.0 0.0
0.0 0.0 0.0
0.0 0.0 0.0
0.0 0.0 0.0
0.0 0.0 0.0
0.0 0.0 0.0
0.0 0.0 0.0
0.0 0.0 0.0
0.0 0.0 0.0
0.0 0.0 0.0
0.0 0.0 0.0
0.0 0.0 0.0
0.0 0.0 0.0
0.0 0.0 0.0
0.0 0.0 0.0
0.0 0.0 0.0
0.0 0.0 0.0
0.0 0.0 0.0
0.0 0.0 0.0
0.0 0.0 0.0
0.0 0.0 0.0
0.0 0.0 0.0
0.0 0.0 0.0
0.0 0.0 0.0
0.0 0.0 0.0
0.0 0.0 0.0
0.0 0.0 0.0
0.0 0.0 0.0
0.0 0.0 0.0
0.0 0.0 0.0
0.0 0.0 0.0
0.0 0.0 0.0
0.0 0.0 0.0
0.0 0.0 0.0
0.0 0.0 0.0
0.0 0.0 0.0
0.0 0.0 0.0
0.0 0.0 0.0
0.0 0.0 0.0
0.0 0.0 0.0
0.0 0.0 0.0
0.0 0.0 0.0
0.0 0.0 0.0
0.0 0.0 0.0
0.0 0.0 0.0
0.0 0.0 0.0
0.0 0.0 0.0
0.0 0.0 0.0
0.0 0.0 0.0
0.0 0.0 0.0
0.0 0.0 0.0
0.0 0.0 0.0
0.0 0.0 0.0
0.0 0.0 0.0
0.0 0.0 0.0
0.0 0.0 0.0
0.0 0.0 0.0
0.0 0.0 0.0
0.0 0.0 0.0
0.0 0.0 0.0
0.0 0.0 0.0
0.0 0.0 0.0
0.0 0.0 0.0
0.0 0.0 0.0
0.0 0.0 0.0
0.0 0.0 0.0
0.0 0.0 0.0
0.0 0.0 0.0
0.0 0.0 0.0
0.0 0.0 0.0
0.0 0.0 0.0
0.0 0.0 0.0
0.0 0.0 0.0
0.0 0.0 0.0
0.0 0.0 0.0
0.0 0.0 0.0
0.0 0.0 0.0
0.0 0.0 0.0
0.0 0.0 0.0
0.0 0.0 0.0
0.0 0.0 0.0
0.0 0.0 0.0
0.0 0.0 0.0
0.0 0.0 0.0
0.0 0.0 0.0
0.0 0.0 0.0
0.0 0.0 0.0
0.0 0.0 0.0
0.0 0.0 0.0
0.0 0.0 0.0
0.0 0.0 0.0
0.0 0.0 0.0
0.0 0.0 0.0
0.0 0.0 0.0
0.0 0.0 0.0
0.0 0.0 0.0
0.0 0.0 0.0
0.0 0.0 0.0
0.0 0.0 0.0
0.0 0.0 0.0
0.0 0.0 0.0
0.0 0.0 0.0
0.0 0.0 0.0
0.0 0.0 0.0
0.0 0.0 0.0
0.0 0.0 0.0
0.0 0.0 0.0
0.0 0.0 0.0
0.0 0.0 0.0
0.0 0.0 0.0
0.0 0.0 0.0
0.0 0.0 0.0
0.0 0.0 0.0
0.0 0.0 0.0
0.0 0.0 0.0
0.0 0.0 0.0
0.0 0.0 0.0
0.0 0.0 0.0
0.0 0.0 0.0
0.0 0.0 0.0
0.0 0.0 0.0
0.0 0.0 0.0
0.0 0.0 0.0
0.0 0.0 0.0
0.0 0.0 0.0
0.0 0.0 0.0
0.0 0.0 0.0
0.0 0.0 0.0
0.0 0.0 0.0
0.0 0.0 0.0
0.0 0.0 0.0
0.0 0.0 0.0
0.0 0.0 0.0
0.0 0.0 0.0
0.0 0.0 0.0
0.0 0.0 0.0
0.0 0.0 0.0
0.0 0.0 0.0
0.0 0.0 0.0
0.0 0.0 0.0
0.0 0.0 0.0
0.0 0.0 0.0
0.0 0.0 0.0
0.0 0.0 0.0
0.0 0.0 0.0
0.0 0.0 0.0
0.0 0.0 0.0
0.0 0.0 0.0
0.0 0.0 0.0
0.0 0.0 0.0
0.0 0.0 0.0
0.0 0.0 0.0
0.0 0.0 0.0
0.0 0.0 0.0
0.0 0.0 0.0
0.0 0.0 0.0
0.0 0.0 0.0
0.0 0.0 0.0
0.0 0.0 0.0
0.0 0.0 0.0
0.0 0.0 0.0
0.0 0.0 0.0
0.0 0.0 0.0
0.0 0.0 0.0
0.0 0.0 0.0
0.0 0.0 0.0
0.0 0.0 0.0
0.0 0.0 0.0
0.0 0.0 0.0
0.0 0.0 0.0
0.0 0.0 0.0
0.0 0.0 0.0
0.0 0.0 0.0
0.0 0.0 0.0
0.0 0.0 0.0
0.0 0.0 0.0
0.0 0.0 0.0
0.0 0.0 0.0
0.0 0.0 0.0
0.0 0.0 0.0
0.0 0.0 0.0
0.0 0.0 0.0
0.0 0.0 0.0
0.0 0.0 0.0
0.0 0.0 0.0
0.0 0.0 0.0
0.0 0.0 0.0
0.0 0.0 0.0
0.0 0.0 0.0
0.0 0.0 0.0
-7.708806037902832 29.50673484802246 -2.7090651988983154
0.0 0.0 0.0
0.0 0.0 0.0
0.0 0.0 0.0
-6.810287952423096 29.409631729125977 -2.7461190223693848
-6.557368278503418 29.24242401123047 -2.7414002418518066
0.0 0.0 0.0
-6.108423233032227 29.153976440429688 -2.7539098262786865
-5.913563251495361 29.236557006835938 -2.770789623260498
0.0 0.0 0.0
-5.511233329772949 29.344263076782227 -2.799553394317627
0.0 0.0 0.0
0.0 0.0 0.0
-4.829272747039795 29.066679000854492 -2.7977654933929443
-4.636652946472168 29.160001754760742 -2.814342975616455
0.0 0.0 0.0
0.0 0.0 0.0
-4.022567272186279 29.21673011779785 -2.8414242267608643
0.0 0.0 0.0
0.0 0.0 0.0
0.0 0.0 0.0
0.0 0.0 0.0
0.0 0.0 0.0
-2.7881734371185303 29.31662368774414 -2.8845067024230957
-2.571227788925171 29.187541961669922 -2.8762009143829346
0.0 0.0 0.0
-2.1724679470062256 29.32396125793457 -2.898871898651123
0.0 0.0 0.0
-1.7462061643600464 29.114065170288086 -2.8836770057678223
-1.5506062507629395 29.257089614868164 -2.9008162021636963
-1.3532794713974 29.402673721313477 -2.9183778762817383
-1.1491388082504272 29.42262840270996 -2.9235846996307373
-0.9325145483016968 29.064529418945312 -2.88915753364563
-0.7307930588722229 29.229534149169922 -2.9068844318389893
0.0 0.0 0.0
-0.32340866327285767 29.189861297607422 -2.905963182449341
-0.12091343104839325 29.37779998779297 -2.926361322402954
0.08378709852695465 29.48291015625 -2.936499834060669
0.2892206907272339 29.512739181518555 -2.9392812252044678
0.4948849380016327 29.33121109008789 -2.9211556911468506
0.7033942341804504 29.513612747192383 -2.9394187927246094
0.9040512442588806 29.356517791748047 -2.9239704608917236
1.114182472229004 29.51291275024414 -2.9377517700195312
0.0 0.0 0.0
1.5341817140579224 29.60743522644043 -2.943953275680542
1.7406020164489746 29.604055404663086 -2.9422404766082764
0.0 0.0 0.0
0.0 0.0 0.0
2.384209632873535 29.89188575744629 -2.9626047611236572
2.583909034729004 29.739213943481445 -2.944173812866211
2.8081305027008057 29.906789779663086 -2.957643508911133
0.0 0.0 0.0
0.0 0.0 0.0
3.4342517852783203 29.866744995117188 -2.940779685974121
0.0 0.0 0.0
0.0 0.0 0.0
0.0 0.0 0.0
4.316280364990234 30.10079002380371 -2.943180799484253
4.554725646972656 30.26315689086914 -2.952620029449463
4.765367031097412 30.23162078857422 -2.9432432651519775
5.0373640060424805 30.551040649414062 -2.9680063724517822
0.0 0.0 0.0
5.413487434387207 30.208269119262695 -2.920252561569214
5.7083420753479 30.62592315673828 -2.9525654315948486
5.921568870544434 30.5865421295166 -2.9408302307128906
0.0 0.0 0.0
0.0 0.0 0.0
0.0 0.0 0.0
0.0 0.0 0.0
7.116979598999023 30.931915283203125 -2.9293153285980225
0.0 0.0 0.0
7.550591468811035 30.831653594970703 -2.900578498840332
0.0 0.0 0.0
0.0 0.0 0.0
8.389693260192871 31.408349990844727 -2.9221625328063965
8.549224853515625 31.120756149291992 -2.884631633758545
0.0 0.0 0.0
0.0 0.0 0.0
0.0 0.0 0.0
0.0 0.0 0.0
0.0 0.0 0.0
0.0 0.0 0.0
0.0 0.0 0.0
0.0 0.0 0.0
0.0 0.0 0.0
0.0 0.0 0.0
0.0 0.0 0.0
11.976807594299316 32.629398345947266 -2.853811264038086
12.339513778686523 32.907981872558594 -2.861825704574585
0.0 0.0 0.0
0.0 0.0 0.0
0.0 0.0 0.0
13.529237747192383 33.224849700927734 -2.8185837268829346
0.0 0.0 0.0
14.229921340942383 33.600345611572266 -2.813258171081543
0.0 0.0 0.0
0.0 0.0 0.0
0.0 0.0 0.0
0.0 0.0 0.0
15.938604354858398 34.2596549987793 -2.7640953063964844
0.0 0.0 0.0
16.805795669555664 34.83684158325195 -2.764467477798462
17.098495483398438 34.82258224487305 -2.7404286861419678
0.0 0.0 0.0
0.0 0.0 0.0
0.0 0.0 0.0
0.0 0.0 0.0
0.0 0.0 0.0
0.0 0.0 0.0
0.0 0.0 0.0
0.0 0.0 0.0
0.0 0.0 0.0
0.0 0.0 0.0
0.0 0.0 0.0
0.0 0.0 0.0
0.0 0.0 0.0
0.0 0.0 0.0
0.0 0.0 0.0
0.0 0.0 0.0
0.0 0.0 0.0
0.0 0.0 0.0
0.0 0.0 0.0
0.0 0.0 0.0
0.0 0.0 0.0
0.0 0.0 0.0
0.0 0.0 0.0
0.0 0.0 0.0
0.0 0.0 0.0
0.0 0.0 0.0
0.0 0.0 0.0
0.0 0.0 0.0
0.0 0.0 0.0
0.0 0.0 0.0
0.0 0.0 0.0
0.0 0.0 0.0
0.0 0.0 0.0
0.0 0.0 0.0
0.0 0.0 0.0
0.0 0.0 0.0
0.0 0.0 0.0
0.0 0.0 0.0
0.0 0.0 0.0
0.0 0.0 0.0
0.0 0.0 0.0
0.0 0.0 0.0
0.0 0.0 0.0
0.0 0.0 0.0
0.0 0.0 0.0
0.0 0.0 0.0
0.0 0.0 0.0
0.0 0.0 0.0
0.0 0.0 0.0
0.0 0.0 0.0
0.0 0.0 0.0
0.0 0.0 0.0
0.0 0.0 0.0
0.0 0.0 0.0
0.0 0.0 0.0
0.0 0.0 0.0
0.0 0.0 0.0
0.0 0.0 0.0
0.0 0.0 0.0
0.0 0.0 0.0
0.0 0.0 0.0
0.0 0.0 0.0
0.0 0.0 0.0
0.0 0.0 0.0
0.0 0.0 0.0
0.0 0.0 0.0
0.0 0.0 0.0
0.0 0.0 0.0
0.0 0.0 0.0
0.0 0.0 0.0
0.0 0.0 0.0
0.0 0.0 0.0
0.0 0.0 0.0
0.0 0.0 0.0
0.0 0.0 0.0
0.0 0.0 0.0
0.0 0.0 0.0
0.0 0.0 0.0
0.0 0.0 0.0
0.0 0.0 0.0
0.0 0.0 0.0
0.0 0.0 0.0
0.0 0.0 0.0
0.0 0.0 0.0
0.0 0.0 0.0
0.0 0.0 0.0
0.0 0.0 0.0
0.0 0.0 0.0
0.0 0.0 0.0
0.0 0.0 0.0
0.0 0.0 0.0
0.0 0.0 0.0
0.0 0.0 0.0
0.0 0.0 0.0
0.0 0.0 0.0
0.0 0.0 0.0
0.0 0.0 0.0
0.0 0.0 0.0
0.0 0.0 0.0
0.0 0.0 0.0
0.0 0.0 0.0
0.0 0.0 0.0
0.0 0.0 0.0
0.0 0.0 0.0
0.0 0.0 0.0
0.0 0.0 0.0
0.0 0.0 0.0
0.0 0.0 0.0
0.0 0.0 0.0
0.0 0.0 0.0
0.0 0.0 0.0
0.0 0.0 0.0
0.0 0.0 0.0
0.0 0.0 0.0
0.0 0.0 0.0
0.0 0.0 0.0
0.0 0.0 0.0
0.0 0.0 0.0
0.0 0.0 0.0
0.0 0.0 0.0
0.0 0.0 0.0
0.0 0.0 0.0
0.0 0.0 0.0
0.0 0.0 0.0
0.0 0.0 0.0
0.0 0.0 0.0
0.0 0.0 0.0
0.0 0.0 0.0
0.0 0.0 0.0
0.0 0.0 0.0
0.0 0.0 0.0
0.0 0.0 0.0
0.0 0.0 0.0
0.0 0.0 0.0
0.0 0.0 0.0
0.0 0.0 0.0
0.0 0.0 0.0
0.0 0.0 0.0
0.0 0.0 0.0
0.0 0.0 0.0
0.0 0.0 0.0
0.0 0.0 0.0
0.0 0.0 0.0
0.0 0.0 0.0
0.0 0.0 0.0
0.0 0.0 0.0
0.0 0.0 0.0
0.0 0.0 0.0
0.0 0.0 0.0
0.0 0.0 0.0
0.0 0.0 0.0
0.0 0.0 0.0
0.0 0.0 0.0
0.0 0.0 0.0
0.0 0.0 0.0
0.0 0.0 0.0
0.0 0.0 0.0
0.0 0.0 0.0
0.0 0.0 0.0
0.0 0.0 0.0
0.0 0.0 0.0
0.0 0.0 0.0
0.0 0.0 0.0
0.0 0.0 0.0
0.0 0.0 0.0
0.0 0.0 0.0
0.0 0.0 0.0
0.0 0.0 0.0
0.0 0.0 0.0
0.0 0.0 0.0
0.0 0.0 0.0
0.0 0.0 0.0
0.0 0.0 0.0
0.0 0.0 0.0
0.0 0.0 0.0
0.0 0.0 0.0
0.0 0.0 0.0
0.0 0.0 0.0
0.0 0.0 0.0
0.0 0.0 0.0
0.0 0.0 0.0
0.0 0.0 0.0
0.0 0.0 0.0
0.0 0.0 0.0
0.0 0.0 0.0
0.0 0.0 0.0
0.0 0.0 0.0
0.0 0.0 0.0
0.0 0.0 0.0
0.0 0.0 0.0
0.0 0.0 0.0
0.0 0.0 0.0
0.0 0.0 0.0
0.0 0.0 0.0
0.0 0.0 0.0
0.0 0.0 0.0
0.0 0.0 0.0
0.0 0.0 0.0
0.0 0.0 0.0
0.0 0.0 0.0
0.0 0.0 0.0
0.0 0.0 0.0
0.0 0.0 0.0
0.0 0.0 0.0
0.0 0.0 0.0
0.0 0.0 0.0
0.0 0.0 0.0
0.0 0.0 0.0
0.0 0.0 0.0
0.0 0.0 0.0
0.0 0.0 0.0
0.0 0.0 0.0
0.0 0.0 0.0
0.0 0.0 0.0
0.0 0.0 0.0
0.0 0.0 0.0
0.0 0.0 0.0
0.0 0.0 0.0
0.0 0.0 0.0
0.0 0.0 0.0
0.0 0.0 0.0
0.0 0.0 0.0
0.0 0.0 0.0
0.0 0.0 0.0
0.0 0.0 0.0
0.0 0.0 0.0
0.0 0.0 0.0
0.0 0.0 0.0
0.0 0.0 0.0
0.0 0.0 0.0
0.0 0.0 0.0
0.0 0.0 0.0
0.0 0.0 0.0
0.0 0.0 0.0
0.0 0.0 0.0
0.0 0.0 0.0
0.0 0.0 0.0
0.0 0.0 0.0
0.0 0.0 0.0
0.0 0.0 0.0
0.0 0.0 0.0
0.0 0.0 0.0
0.0 0.0 0.0
0.0 0.0 0.0
0.0 0.0 0.0
0.0 0.0 0.0
0.0 0.0 0.0
0.0 0.0 0.0
0.0 0.0 0.0
0.0 0.0 0.0
0.0 0.0 0.0
0.0 0.0 0.0
0.0 0.0 0.0
0.0 0.0 0.0
0.0 0.0 0.0
0.0 0.0 0.0
0.0 0.0 0.0
0.0 0.0 0.0
0.0 0.0 0.0
0.0 0.0 0.0
0.0 0.0 0.0
0.0 0.0 0.0
-7.178405284881592 29.582778930664062 -2.67533016204834
0.0 0.0 0.0
-6.761898517608643 29.677934646606445 -2.706390619277954
-6.547787666320801 29.692697525024414 -2.718263864517212
0.0 0.0 0.0
-6.136520862579346 29.79383087158203 -2.746574640274048
-5.86736536026001 29.525554656982422 -2.7314412593841553
0.0 0.0 0.0
0.0 0.0 0.0
0.0 0.0 0.0
0.0 0.0 0.0
-4.772273063659668 29.342384338378906 -2.756606101989746
-4.572144985198975 29.42434310913086 -2.7725887298583984
-4.414784908294678 29.777761459350586 -2.8128273487091064
-4.1604905128479 29.475749969482422 -2.7905325889587402
0.0 0.0 0.0
0.0 0.0 0.0
0.0 0.0 0.0
0.0 0.0 0.0
0.0 0.0 0.0
0.0 0.0 0.0
0.0 0.0 0.0
0.0 0.0 0.0
-2.2781248092651367 29.38956642150879 -2.83018159866333
-2.0849428176879883 29.56715965270996 -2.8506603240966797
0.0 0.0 0.0
-1.659930944442749 29.355581283569336 -2.8373639583587646
-1.4595648050308228 29.44751739501953 -2.8500170707702637
0.0 0.0 0.0
-1.0459363460540771 29.46455955505371 -2.8556690216064453
-0.8505338430404663 29.812896728515625 -2.891329288482666
0.0 0.0 0.0
-0.43345212936401367 29.673625946044922 -2.8820197582244873
-0.22322732210159302 29.660314559936523 -2.8814003467559814
-0.016737062484025955 29.548376083374023 -2.8706908226013184
0.0 0.0 0.0
0.3981701135635376 29.837270736694336 -2.8995113372802734
0.0 0.0 0.0
0.8103851079940796 29.731788635253906 -2.8890321254730225
1.0215387344360352 29.748815536499023 -2.8893280029296875
1.2326384782791138 29.838289260864258 -2.896818161010742
0.0 0.0 0.0
1.6648858785629272 30.129194259643555 -2.9230618476867676
0.0 0.0 0.0
2.0947999954223633 30.208349227905273 -2.9253768920898438
0.0 0.0 0.0
2.5030534267425537 30.03762435913086 -2.9034078121185303
2.725847005844116 30.174806594848633 -2.914144277572632
0.0 0.0 0.0
0.0 0.0 0.0
0.0 0.0 0.0
0.0 0.0 0.0
3.787541389465332 30.145259857177734 -2.891301393508911
4.03236198425293 30.384939193725586 -2.9089457988739014
4.253840923309326 30.402677536010742 -2.9046688079833984
4.469832897186279 30.4039363861084 -2.8990466594696045
0.0 0.0 0.0
0.0 0.0 0.0
5.146573066711426 30.563602447509766 -2.8961715698242188
5.40925931930542 30.811481475830078 -2.9122800827026367
0.0 0.0 0.0
0.0 0.0 0.0
0.0 0.0 0.0
6.340229511260986 30.999101638793945 -2.899751663208008
6.552559852600098 30.940210342407227 -2.885488510131836
0.0 0.0 0.0
0.0 0.0 0.0
0.0 0.0 0.0
0.0 0.0 0.0
7.799605846405029 31.386154174804688 -2.8801536560058594
8.058411598205566 31.474767684936523 -2.8778293132781982
0.0 0.0 0.0
0.0 0.0 0.0
0.0 0.0 0.0
0.0 0.0 0.0
0.0 0.0 0.0
9.6725435256958 32.12083053588867 -2.8681459426879883
0.0 0.0 0.0
0.0 0.0 0.0
0.0 0.0 0.0
0.0 0.0 0.0
0.0 0.0 0.0
0.0 0.0 0.0
0.0 0.0 0.0
0.0 0.0 0.0
0.0 0.0 0.0
0.0 0.0 0.0
0.0 0.0 0.0
13.242897033691406 33.526161193847656 -2.810102701187134
0.0 0.0 0.0
13.830076217651367 33.637962341308594 -2.7849695682525635
0.0 0.0 0.0
0.0 0.0 0.0
0.0 0.0 0.0
0.0 0.0 0.0
0.0 0.0 0.0
0.0 0.0 0.0
0.0 0.0 0.0
0.0 0.0 0.0
17.09652328491211 35.134578704833984 -2.7202820777893066
0.0 0.0 0.0
0.0 0.0 0.0
0.0 0.0 0.0
0.0 0.0 0.0
0.0 0.0 0.0
0.0 0.0 0.0
20.09934425354004 36.64434051513672 -2.6555042266845703
0.0 0.0 0.0
0.0 0.0 0.0
0.0 0.0 0.0
0.0 0.0 0.0
0.0 0.0 0.0
0.0 0.0 0.0
0.0 0.0 0.0
0.0 0.0 0.0
0.0 0.0 0.0
0.0 0.0 0.0
0.0 0.0 0.0
0.0 0.0 0.0
0.0 0.0 0.0
0.0 0.0 0.0
0.0 0.0 0.0
0.0 0.0 0.0
0.0 0.0 0.0
0.0 0.0 0.0
0.0 0.0 0.0
0.0 0.0 0.0
0.0 0.0 0.0
0.0 0.0 0.0
0.0 0.0 0.0
81.44503784179688 121.42669677734375 7.477113723754883
0.0 0.0 0.0
0.0 0.0 0.0
0.0 0.0 0.0
0.0 0.0 0.0
0.0 0.0 0.0
0.0 0.0 0.0
0.0 0.0 0.0
0.0 0.0 0.0
0.0 0.0 0.0
0.0 0.0 0.0
0.0 0.0 0.0
0.0 0.0 0.0
0.0 0.0 0.0
0.0 0.0 0.0
0.0 0.0 0.0
0.0 0.0 0.0
0.0 0.0 0.0
0.0 0.0 0.0
0.0 0.0 0.0
0.0 0.0 0.0
0.0 0.0 0.0
0.0 0.0 0.0
0.0 0.0 0.0
0.0 0.0 0.0
0.0 0.0 0.0
0.0 0.0 0.0
0.0 0.0 0.0
0.0 0.0 0.0
0.0 0.0 0.0
0.0 0.0 0.0
0.0 0.0 0.0
0.0 0.0 0.0
0.0 0.0 0.0
0.0 0.0 0.0
0.0 0.0 0.0
0.0 0.0 0.0
0.0 0.0 0.0
0.0 0.0 0.0
0.0 0.0 0.0
0.0 0.0 0.0
0.0 0.0 0.0
0.0 0.0 0.0
0.0 0.0 0.0
0.0 0.0 0.0
0.0 0.0 0.0
0.0 0.0 0.0
0.0 0.0 0.0
0.0 0.0 0.0
0.0 0.0 0.0
0.0 0.0 0.0
0.0 0.0 0.0
0.0 0.0 0.0
0.0 0.0 0.0
0.0 0.0 0.0
0.0 0.0 0.0
0.0 0.0 0.0
0.0 0.0 0.0
0.0 0.0 0.0
0.0 0.0 0.0
0.0 0.0 0.0
0.0 0.0 0.0
0.0 0.0 0.0
0.0 0.0 0.0
0.0 0.0 0.0
0.0 0.0 0.0
0.0 0.0 0.0
0.0 0.0 0.0
0.0 0.0 0.0
0.0 0.0 0.0
0.0 0.0 0.0
0.0 0.0 0.0
0.0 0.0 0.0
0.0 0.0 0.0
0.0 0.0 0.0
0.0 0.0 0.0
0.0 0.0 0.0
0.0 0.0 0.0
0.0 0.0 0.0
0.0 0.0 0.0
0.0 0.0 0.0
0.0 0.0 0.0
0.0 0.0 0.0
0.0 0.0 0.0
0.0 0.0 0.0
0.0 0.0 0.0
0.0 0.0 0.0
0.0 0.0 0.0
0.0 0.0 0.0
0.0 0.0 0.0
0.0 0.0 0.0
0.0 0.0 0.0
0.0 0.0 0.0
0.0 0.0 0.0
0.0 0.0 0.0
0.0 0.0 0.0
0.0 0.0 0.0
0.0 0.0 0.0
0.0 0.0 0.0
0.0 0.0 0.0
0.0 0.0 0.0
0.0 0.0 0.0
0.0 0.0 0.0
0.0 0.0 0.0
0.0 0.0 0.0
0.0 0.0 0.0
0.0 0.0 0.0
0.0 0.0 0.0
0.0 0.0 0.0
0.0 0.0 0.0
0.0 0.0 0.0
0.0 0.0 0.0
0.0 0.0 0.0
0.0 0.0 0.0
0.0 0.0 0.0
0.0 0.0 0.0
0.0 0.0 0.0
0.0 0.0 0.0
0.0 0.0 0.0
0.0 0.0 0.0
0.0 0.0 0.0
0.0 0.0 0.0
0.0 0.0 0.0
0.0 0.0 0.0
0.0 0.0 0.0
0.0 0.0 0.0
0.0 0.0 0.0
0.0 0.0 0.0
0.0 0.0 0.0
0.0 0.0 0.0
0.0 0.0 0.0
0.0 0.0 0.0
0.0 0.0 0.0
0.0 0.0 0.0
0.0 0.0 0.0
0.0 0.0 0.0
0.0 0.0 0.0
0.0 0.0 0.0
0.0 0.0 0.0
0.0 0.0 0.0
0.0 0.0 0.0
0.0 0.0 0.0
0.0 0.0 0.0
0.0 0.0 0.0
0.0 0.0 0.0
0.0 0.0 0.0
0.0 0.0 0.0
0.0 0.0 0.0
0.0 0.0 0.0
0.0 0.0 0.0
0.0 0.0 0.0
0.0 0.0 0.0
0.0 0.0 0.0
0.0 0.0 0.0
0.0 0.0 0.0
0.0 0.0 0.0
0.0 0.0 0.0
0.0 0.0 0.0
0.0 0.0 0.0
0.0 0.0 0.0
0.0 0.0 0.0
0.0 0.0 0.0
0.0 0.0 0.0
0.0 0.0 0.0
0.0 0.0 0.0
0.0 0.0 0.0
0.0 0.0 0.0
0.0 0.0 0.0
0.0 0.0 0.0
0.0 0.0 0.0
0.0 0.0 0.0
0.0 0.0 0.0
0.0 0.0 0.0
0.0 0.0 0.0
0.0 0.0 0.0
0.0 0.0 0.0
0.0 0.0 0.0
0.0 0.0 0.0
0.0 0.0 0.0
0.0 0.0 0.0
0.0 0.0 0.0
0.0 0.0 0.0
0.0 0.0 0.0
0.0 0.0 0.0
0.0 0.0 0.0
0.0 0.0 0.0
0.0 0.0 0.0
0.0 0.0 0.0
0.0 0.0 0.0
0.0 0.0 0.0
0.0 0.0 0.0
0.0 0.0 0.0
0.0 0.0 0.0
0.0 0.0 0.0
0.0 0.0 0.0
0.0 0.0 0.0
0.0 0.0 0.0
0.0 0.0 0.0
0.0 0.0 0.0
0.0 0.0 0.0
0.0 0.0 0.0
0.0 0.0 0.0
0.0 0.0 0.0
0.0 0.0 0.0
0.0 0.0 0.0
0.0 0.0 0.0
0.0 0.0 0.0
0.0 0.0 0.0
0.0 0.0 0.0
0.0 0.0 0.0
0.0 0.0 0.0
0.0 0.0 0.0
0.0 0.0 0.0
0.0 0.0 0.0
0.0 0.0 0.0
0.0 0.0 0.0
0.0 0.0 0.0
0.0 0.0 0.0
0.0 0.0 0.0
0.0 0.0 0.0
0.0 0.0 0.0
0.0 0.0 0.0
0.0 0.0 0.0
-9.215124130249023 30.063472747802734 -2.5444748401641846
0.0 0.0 0.0
0.0 0.0 0.0
0.0 0.0 0.0
0.0 0.0 0.0
0.0 0.0 0.0
0.0 0.0 0.0
0.0 0.0 0.0
0.0 0.0 0.0
-7.123234272003174 29.81778335571289 -2.63122296333313
0.0 0.0 0.0
0.0 0.0 0.0
-6.472961902618408 29.838544845581055 -2.6624791622161865
0.0 0.0 0.0
0.0 0.0 0.0
0.0 0.0 0.0
0.0 0.0 0.0
0.0 0.0 0.0
-5.164914608001709 29.797693252563477 -2.7110793590545654
0.0 0.0 0.0
-4.760420799255371 29.93784523010254 -2.7395758628845215
0.0 0.0 0.0
-4.306863307952881 29.74930191040039 -2.734842300415039
0.0 0.0 0.0
-3.9054741859436035 29.936351776123047 -2.7652437686920166
0.0 0.0 0.0
0.0 0.0 0.0
0.0 0.0 0.0
0.0 0.0 0.0
-2.8260035514831543 29.71025848388672 -2.7702770233154297
-2.6210315227508545 29.75189971923828 -2.7785375118255615
0.0 0.0 0.0
0.0 0.0 0.0
-2.007502794265747 29.926830291748047 -2.805417060852051
0.0 0.0 0.0
-1.5908030271530151 30.025014877319336 -2.821458339691162
0.0 0.0 0.0
-1.1614742279052734 29.75223731994629 -2.7998602390289307
-0.9605444669723511 29.95368003845215 -2.8210527896881104
0.0 0.0 0.0
-0.5428053736686707 30.127063751220703 -2.8413827419281006
-0.33158618211746216 29.974491119384766 -2.827448844909668
0.0 0.0 0.0
0.08614570647478104 30.279399871826172 -2.857546091079712
0.29363834857940674 29.966899871826172 -2.8289201259613037
0.0 0.0 0.0
0.7132130265235901 29.92108726501465 -2.8237881660461426
0.9311048984527588 30.230388641357422 -2.8521244525909424
1.135459065437317 30.071754455566406 -2.836446523666382
1.352165699005127 30.230316162109375 -2.8508241176605225
1.5636258125305176 30.1735897064209 -2.8442459106445312
0.0 0.0 0.0
0.0 0.0 0.0
0.0 0.0 0.0
2.4184038639068604 30.321331024169922 -2.8492841720581055
2.6567306518554688 30.578968048095703 -2.8708457946777344
2.8534557819366455 30.38987922668457 -2.849307060241699
0.0 0.0 0.0
0.0 0.0 0.0
0.0 0.0 0.0
3.7403876781463623 30.617006301879883 -2.855848550796509
0.0 0.0 0.0
4.2303948402404785 31.037540435791016 -2.884382724761963
0.0 0.0 0.0
4.653192520141602 30.91943359375 -2.863267183303833
4.851647853851318 30.78339195251465 -2.845045804977417
5.118223667144775 31.04475212097168 -2.862196683883667
5.351334571838379 31.108980178833008 -2.8613431453704834
5.557720184326172 31.014413833618164 -2.8460052013397217
5.799849987030029 31.117408752441406 -2.8489246368408203
0.0 0.0 0.0
0.0 0.0 0.0
6.502412796020508 31.231876373291016 -2.8353676795959473
0.0 0.0 0.0
0.0 0.0 0.0
0.0 0.0 0.0
0.0 0.0 0.0
7.763939380645752 31.7021427154541 -2.832948923110962
0.0 0.0 0.0
8.313429832458496 32.011600494384766 -2.841334581375122
8.543841361999512 31.984514236450195 -2.8280856609344482
0.0 0.0 0.0
9.156172752380371 32.44490051269531 -2.845916986465454
9.305190086364746 32.116302490234375 -2.8060009479522705
9.669437408447266 32.526065826416016 -2.8306729793548584
0.0 0.0 0.0
10.096565246582031 32.29732131958008 -2.785177707672119
0.0 0.0 0.0
0.0 0.0 0.0
0.0 0.0 0.0
0.0 0.0 0.0
0.0 0.0 0.0
0.0 0.0 0.0
0.0 0.0 0.0
12.539040565490723 33.4435920715332 -2.7700464725494385
0.0 0.0 0.0
0.0 0.0 0.0
0.0 0.0 0.0
0.0 0.0 0.0
0.0 0.0 0.0
0.0 0.0 0.0
0.0 0.0 0.0
0.0 0.0 0.0
0.0 0.0 0.0
0.0 0.0 0.0
0.0 0.0 0.0
0.0 0.0 0.0
0.0 0.0 0.0
0.0 0.0 0.0
0.0 0.0 0.0
0.0 0.0 0.0
0.0 0.0 0.0
0.0 0.0 0.0
0.0 0.0 0.0
0.0 0.0 0.0
0.0 0.0 0.0
0.0 0.0 0.0
0.0 0.0 0.0
0.0 0.0 0.0
0.0 0.0 0.0
0.0 0.0 0.0
0.0 0.0 0.0
0.0 0.0 0.0
0.0 0.0 0.0
0.0 0.0 0.0
0.0 0.0 0.0
0.0 0.0 0.0
0.0 0.0 0.0
0.0 0.0 0.0
0.0 0.0 0.0
0.0 0.0 0.0
0.0 0.0 0.0
0.0 0.0 0.0
0.0 0.0 0.0
0.0 0.0 0.0
0.0 0.0 0.0
0.0 0.0 0.0
0.0 0.0 0.0
0.0 0.0 0.0
81.89826202392578 121.16712951660156 7.111002445220947
80.98884582519531 121.6753921508789 7.317345142364502
0.0 0.0 0.0
0.0 0.0 0.0
0.0 0.0 0.0
0.0 0.0 0.0
0.0 0.0 0.0
0.0 0.0 0.0
0.0 0.0 0.0
0.0 0.0 0.0
0.0 0.0 0.0
0.0 0.0 0.0
0.0 0.0 0.0
0.0 0.0 0.0
0.0 0.0 0.0
0.0 0.0 0.0
0.0 0.0 0.0
0.0 0.0 0.0
0.0 0.0 0.0
0.0 0.0 0.0
0.0 0.0 0.0
0.0 0.0 0.0
0.0 0.0 0.0
0.0 0.0 0.0
0.0 0.0 0.0
0.0 0.0 0.0
0.0 0.0 0.0
0.0 0.0 0.0
0.0 0.0 0.0
0.0 0.0 0.0
0.0 0.0 0.0
0.0 0.0 0.0
0.0 0.0 0.0
0.0 0.0 0.0
0.0 0.0 0.0
0.0 0.0 0.0
0.0 0.0 0.0
0.0 0.0 0.0
0.0 0.0 0.0
0.0 0.0 0.0
0.0 0.0 0.0
0.0 0.0 0.0
0.0 0.0 0.0
0.0 0.0 0.0
0.0 0.0 0.0
0.0 0.0 0.0
0.0 0.0 0.0
0.0 0.0 0.0
0.0 0.0 0.0
0.0 0.0 0.0
0.0 0.0 0.0
0.0 0.0 0.0
0.0 0.0 0.0
0.0 0.0 0.0
0.0 0.0 0.0
0.0 0.0 0.0
0.0 0.0 0.0
0.0 0.0 0.0
0.0 0.0 0.0
0.0 0.0 0.0
0.0 0.0 0.0
0.0 0.0 0.0
0.0 0.0 0.0
0.0 0.0 0.0
0.0 0.0 0.0
0.0 0.0 0.0
0.0 0.0 0.0
0.0 0.0 0.0
0.0 0.0 0.0
0.0 0.0 0.0
0.0 0.0 0.0
0.0 0.0 0.0
0.0 0.0 0.0
0.0 0.0 0.0
0.0 0.0 0.0
0.0 0.0 0.0
0.0 0.0 0.0
0.0 0.0 0.0
0.0 0.0 0.0
0.0 0.0 0.0
0.0 0.0 0.0
0.0 0.0 0.0
0.0 0.0 0.0
0.0 0.0 0.0
0.0 0.0 0.0
0.0 0.0 0.0
0.0 0.0 0.0
0.0 0.0 0.0
0.0 0.0 0.0
0.0 0.0 0.0
0.0 0.0 0.0
0.0 0.0 0.0
0.0 0.0 0.0
0.0 0.0 0.0
0.0 0.0 0.0
0.0 0.0 0.0
0.0 0.0 0.0
0.0 0.0 0.0
0.0 0.0 0.0
0.0 0.0 0.0
0.0 0.0 0.0
0.0 0.0 0.0
0.0 0.0 0.0
0.0 0.0 0.0
0.0 0.0 0.0
0.0 0.0 0.0
0.0 0.0 0.0
0.0 0.0 0.0
0.0 0.0 0.0
0.0 0.0 0.0
0.0 0.0 0.0
0.0 0.0 0.0
0.0 0.0 0.0
0.0 0.0 0.0
0.0 0.0 0.0
0.0 0.0 0.0
0.0 0.0 0.0
0.0 0.0 0.0
0.0 0.0 0.0
0.0 0.0 0.0
0.0 0.0 0.0
0.0 0.0 0.0
0.0 0.0 0.0
0.0 0.0 0.0
0.0 0.0 0.0
0.0 0.0 0.0
0.0 0.0 0.0
0.0 0.0 0.0
0.0 0.0 0.0
0.0 0.0 0.0
0.0 0.0 0.0
0.0 0.0 0.0
0.0 0.0 0.0
0.0 0.0 0.0
0.0 0.0 0.0
0.0 0.0 0.0
0.0 0.0 0.0
0.0 0.0 0.0
0.0 0.0 0.0
0.0 0.0 0.0
0.0 0.0 0.0
0.0 0.0 0.0
0.0 0.0 0.0
0.0 0.0 0.0
0.0 0.0 0.0
0.0 0.0 0.0
0.0 0.0 0.0
0.0 0.0 0.0
0.0 0.0 0.0
0.0 0.0 0.0
0.0 0.0 0.0
0.0 0.0 0.0
0.0 0.0 0.0
0.0 0.0 0.0
0.0 0.0 0.0
0.0 0.0 0.0
0.0 0.0 0.0
0.0 0.0 0.0
0.0 0.0 0.0
0.0 0.0 0.0
0.0 0.0 0.0
0.0 0.0 0.0
0.0 0.0 0.0
0.0 0.0 0.0
0.0 0.0 0.0
0.0 0.0 0.0
0.0 0.0 0.0
0.0 0.0 0.0
0.0 0.0 0.0
0.0 0.0 0.0
0.0 0.0 0.0
0.0 0.0 0.0
0.0 0.0 0.0
0.0 0.0 0.0
0.0 0.0 0.0
0.0 0.0 0.0
0.0 0.0 0.0
0.0 0.0 0.0
0.0 0.0 0.0
0.0 0.0 0.0
0.0 0.0 0.0
0.0 0.0 0.0
0.0 0.0 0.0
0.0 0.0 0.0
0.0 0.0 0.0
0.0 0.0 0.0
0.0 0.0 0.0
0.0 0.0 0.0
0.0 0.0 0.0
0.0 0.0 0.0
0.0 0.0 0.0
0.0 0.0 0.0
0.0 0.0 0.0
0.0 0.0 0.0
0.0 0.0 0.0
0.0 0.0 0.0
0.0 0.0 0.0
0.0 0.0 0.0
0.0 0.0 0.0
0.0 0.0 0.0
0.0 0.0 0.0
0.0 0.0 0.0
0.0 0.0 0.0
-15.023773193359375 31.864004135131836 -2.261996269226074
0.0 0.0 0.0
0.0 0.0 0.0
0.0 0.0 0.0
0.0 0.0 0.0
0.0 0.0 0.0
0.0 0.0 0.0
0.0 0.0 0.0
0.0 0.0 0.0
0.0 0.0 0.0
0.0 0.0 0.0
0.0 0.0 0.0
0.0 0.0 0.0
0.0 0.0 0.0
0.0 0.0 0.0
0.0 0.0 0.0
0.0 0.0 0.0
0.0 0.0 0.0
0.0 0.0 0.0
0.0 0.0 0.0
0.0 0.0 0.0
0.0 0.0 0.0
0.0 0.0 0.0
0.0 0.0 0.0
0.0 0.0 0.0
0.0 0.0 0.0
0.0 0.0 0.0
0.0 0.0 0.0
-7.613776683807373 30.451383590698242 -2.597607135772705
0.0 0.0 0.0
0.0 0.0 0.0
0.0 0.0 0.0
0.0 0.0 0.0
0.0 0.0 0.0
-6.186431407928467 30.03893280029297 -2.622191905975342
-6.022339344024658 30.309345245361328 -2.654068946838379
-5.775301456451416 30.181997299194336 -2.651394844055176
0.0 0.0 0.0
0.0 0.0 0.0
0.0 0.0 0.0
0.0 0.0 0.0
-4.644817352294922 29.895336151123047 -2.664196252822876
-4.481820583343506 30.234098434448242 -2.701014757156372
-4.25368595123291 30.140457153320312 -2.699366569519043
0.0 0.0 0.0
-3.806124210357666 29.97913360595703 -2.6964945793151855
0.0 0.0 0.0
0.0 0.0 0.0
-3.2114274501800537 30.379180908203125 -2.748791456222534
0.0 0.0 0.0
0.0 0.0 0.0
0.0 0.0 0.0
0.0 0.0 0.0
0.0 0.0 0.0
0.0 0.0 0.0
0.0 0.0 0.0
-1.4996217489242554 30.2586669921875 -2.7667129039764404
-1.2823878526687622 30.19436264038086 -2.7633519172668457
-1.069305181503296 30.12061309814453 -2.7592077255249023
-0.8526004552841187 29.882081985473633 -2.7397890090942383
-0.6539008021354675 30.311080932617188 -2.779895782470703
0.0 0.0 0.0
-0.22711996734142303 30.169231414794922 -2.768847942352295
0.0 0.0 0.0
0.19309739768505096 30.258726119995117 -2.7793588638305664
0.0 0.0 0.0
0.0 0.0 0.0
0.8276553750038147 30.361093521118164 -2.7872934341430664
1.0509341955184937 30.599470138549805 -2.808953285217285
0.0 0.0 0.0
1.4782465696334839 30.617206573486328 -2.808321237564087
1.697081446647644 30.71131706237793 -2.815007209777832
0.0 0.0 0.0
2.136761426925659 30.81308364868164 -2.8208093643188477
0.0 0.0 0.0
2.5590217113494873 30.707447052001953 -2.8061771392822266
0.0 0.0 0.0
0.0 0.0 0.0
0.0 0.0 0.0
0.0 0.0 0.0
0.0 0.0 0.0
0.0 0.0 0.0
4.183846473693848 31.525461196899414 -2.8540685176849365
0.0 0.0 0.0
4.576035976409912 31.126197814941406 -2.809113025665283
4.8443603515625 31.432880401611328 -2.83038330078125
0.0 0.0 0.0
0.0 0.0 0.0
5.507035255432129 31.369548797607422 -2.8062028884887695
0.0 0.0 0.0
5.97795295715332 31.455415725708008 -2.800114631652832
6.258722305297852 31.72707176208496 -2.8166983127593994
0.0 0.0 0.0
0.0 0.0 0.0
0.0 0.0 0.0
0.0 0.0 0.0
7.500430107116699 32.08192825317383 -2.807263135910034
7.825799465179443 32.453895568847656 -2.830780267715454
0.0 0.0 0.0
8.246289253234863 32.21143341064453 -2.7913131713867188
8.491557121276855 32.2335319519043 -2.7826461791992188
8.79629898071289 32.471771240234375 -2.792663812637329
0.0 0.0 0.0
0.0 0.0 0.0
9.5432767868042 32.511871337890625 -2.763805866241455
0.0 0.0 0.0
10.209613800048828 33.07054901123047 -2.7866671085357666
0.0 0.0 0.0
0.0 0.0 0.0
0.0 0.0 0.0
0.0 0.0 0.0
0.0 0.0 0.0
0.0 0.0 0.0
12.076154708862305 33.260276794433594 -2.708970546722412
0.0 0.0 0.0
0.0 0.0 0.0
0.0 0.0 0.0
0.0 0.0 0.0
0.0 0.0 0.0
0.0 0.0 0.0
0.0 0.0 0.0
0.0 0.0 0.0
15.093572616577148 34.62208557128906 -2.6688852310180664
15.434281349182129 34.742431640625 -2.659149408340454
0.0 0.0 0.0
0.0 0.0 0.0
0.0 0.0 0.0
0.0 0.0 0.0
0.0 0.0 0.0
0.0 0.0 0.0
0.0 0.0 0.0
0.0 0.0 0.0
0.0 0.0 0.0
0.0 0.0 0.0
0.0 0.0 0.0
0.0 0.0 0.0
0.0 0.0 0.0
0.0 0.0 0.0
0.0 0.0 0.0
0.0 0.0 0.0
0.0 0.0 0.0
0.0 0.0 0.0
0.0 0.0 0.0
0.0 0.0 0.0
0.0 0.0 0.0
0.0 0.0 0.0
0.0 0.0 0.0
0.0 0.0 0.0
0.0 0.0 0.0
0.0 0.0 0.0
0.0 0.0 0.0
0.0 0.0 0.0
0.0 0.0 0.0
0.0 0.0 0.0
0.0 0.0 0.0
0.0 0.0 0.0
0.0 0.0 0.0
0.0 0.0 0.0
0.0 0.0 0.0
81.44618225097656 121.44558715820312 6.989192962646484
0.0 0.0 0.0
0.0 0.0 0.0
0.0 0.0 0.0
0.0 0.0 0.0
0.0 0.0 0.0
0.0 0.0 0.0
0.0 0.0 0.0
0.0 0.0 0.0
0.0 0.0 0.0
0.0 0.0 0.0
0.0 0.0 0.0
0.0 0.0 0.0
0.0 0.0 0.0
0.0 0.0 0.0
0.0 0.0 0.0
0.0 0.0 0.0
0.0 0.0 0.0
0.0 0.0 0.0
0.0 0.0 0.0
0.0 0.0 0.0
0.0 0.0 0.0
0.0 0.0 0.0
0.0 0.0 0.0
0.0 0.0 0.0
0.0 0.0 0.0
0.0 0.0 0.0
0.0 0.0 0.0
0.0 0.0 0.0
0.0 0.0 0.0
0.0 0.0 0.0
0.0 0.0 0.0
0.0 0.0 0.0
0.0 0.0 0.0
0.0 0.0 0.0
0.0 0.0 0.0
0.0 0.0 0.0
0.0 0.0 0.0
0.0 0.0 0.0
0.0 0.0 0.0
0.0 0.0 0.0
0.0 0.0 0.0
0.0 0.0 0.0
0.0 0.0 0.0
0.0 0.0 0.0
0.0 0.0 0.0
0.0 0.0 0.0
0.0 0.0 0.0
0.0 0.0 0.0
0.0 0.0 0.0
0.0 0.0 0.0
0.0 0.0 0.0
0.0 0.0 0.0
0.0 0.0 0.0
0.0 0.0 0.0
0.0 0.0 0.0
0.0 0.0 0.0
0.0 0.0 0.0
0.0 0.0 0.0
0.0 0.0 0.0
0.0 0.0 0.0
0.0 0.0 0.0
0.0 0.0 0.0
0.0 0.0 0.0
0.0 0.0 0.0
0.0 0.0 0.0
0.0 0.0 0.0
0.0 0.0 0.0
0.0 0.0 0.0
0.0 0.0 0.0
0.0 0.0 0.0
0.0 0.0 0.0
0.0 0.0 0.0
0.0 0.0 0.0
0.0 0.0 0.0
0.0 0.0 0.0
0.0 0.0 0.0
0.0 0.0 0.0
0.0 0.0 0.0
0.0 0.0 0.0
0.0 0.0 0.0
0.0 0.0 0.0
0.0 0.0 0.0
0.0 0.0 0.0
0.0 0.0 0.0
0.0 0.0 0.0
0.0 0.0 0.0
0.0 0.0 0.0
0.0 0.0 0.0
0.0 0.0 0.0
0.0 0.0 0.0
0.0 0.0 0.0
0.0 0.0 0.0
0.0 0.0 0.0
0.0 0.0 0.0
0.0 0.0 0.0
0.0 0.0 0.0
0.0 0.0 0.0
0.0 0.0 0.0
0.0 0.0 0.0
0.0 0.0 0.0
0.0 0.0 0.0
0.0 0.0 0.0
0.0 0.0 0.0
0.0 0.0 0.0
0.0 0.0 0.0
0.0 0.0 0.0
0.0 0.0 0.0
0.0 0.0 0.0
0.0 0.0 0.0
0.0 0.0 0.0
0.0 0.0 0.0
0.0 0.0 0.0
0.0 0.0 0.0
0.0 0.0 0.0
0.0 0.0 0.0
0.0 0.0 0.0
0.0 0.0 0.0
0.0 0.0 0.0
0.0 0.0 0.0
0.0 0.0 0.0
0.0 0.0 0.0
0.0 0.0 0.0
0.0 0.0 0.0
0.0 0.0 0.0
0.0 0.0 0.0
0.0 0.0 0.0
0.0 0.0 0.0
0.0 0.0 0.0
0.0 0.0 0.0
0.0 0.0 0.0
0.0 0.0 0.0
0.0 0.0 0.0
0.0 0.0 0.0
0.0 0.0 0.0
0.0 0.0 0.0
0.0 0.0 0.0
0.0 0.0 0.0
0.0 0.0 0.0
0.0 0.0 0.0
0.0 0.0 0.0
0.0 0.0 0.0
0.0 0.0 0.0
0.0 0.0 0.0
0.0 0.0 0.0
0.0 0.0 0.0
0.0 0.0 0.0
0.0 0.0 0.0
0.0 0.0 0.0
0.0 0.0 0.0
0.0 0.0 0.0
0.0 0.0 0.0
0.0 0.0 0.0
0.0 0.0 0.0
0.0 0.0 0.0
0.0 0.0 0.0
0.0 0.0 0.0
0.0 0.0 0.0
0.0 0.0 0.0
0.0 0.0 0.0
0.0 0.0 0.0
0.0 0.0 0.0
0.0 0.0 0.0
0.0 0.0 0.0
0.0 0.0 0.0
0.0 0.0 0.0
0.0 0.0 0.0
0.0 0.0 0.0
0.0 0.0 0.0
0.0 0.0 0.0
0.0 0.0 0.0
0.0 0.0 0.0
0.0 0.0 0.0
0.0 0.0 0.0
0.0 0.0 0.0
0.0 0.0 0.0
0.0 0.0 0.0
0.0 0.0 0.0
0.0 0.0 0.0
0.0 0.0 0.0
0.0 0.0 0.0
0.0 0.0 0.0
0.0 0.0 0.0
0.0 0.0 0.0
0.0 0.0 0.0
0.0 0.0 0.0
0.0 0.0 0.0
0.0 0.0 0.0
0.0 0.0 0.0
0.0 0.0 0.0
0.0 0.0 0.0
0.0 0.0 0.0
0.0 0.0 0.0
0.0 0.0 0.0
0.0 0.0 0.0
0.0 0.0 0.0
0.0 0.0 0.0
0.0 0.0 0.0
0.0 0.0 0.0
0.0 0.0 0.0
0.0 0.0 0.0
0.0 0.0 0.0
0.0 0.0 0.0
0.0 0.0 0.0
0.0 0.0 0.0
-14.455135345458984 32.099796295166016 -2.2678382396698
0.0 0.0 0.0
0.0 0.0 0.0
0.0 0.0 0.0
0.0 0.0 0.0
0.0 0.0 0.0
0.0 0.0 0.0
0.0 0.0 0.0
0.0 0.0 0.0
0.0 0.0 0.0
-69.76446533203125 189.2162628173828 -14.433656692504883
0.0 0.0 0.0
0.0 0.0 0.0
0.0 0.0 0.0
0.0 0.0 0.0
0.0 0.0 0.0
0.0 0.0 0.0
0.0 0.0 0.0
0.0 0.0 0.0
0.0 0.0 0.0
0.0 0.0 0.0
0.0 0.0 0.0
0.0 0.0 0.0
0.0 0.0 0.0
-8.030682563781738 30.742870330810547 -2.529761791229248
0.0 0.0 0.0
-7.563917636871338 30.714147567749023 -2.549280881881714
0.0 0.0 0.0
0.0 0.0 0.0
-6.8417439460754395 30.512630462646484 -2.5613582134246826
-6.582790851593018 30.34535026550293 -2.5570473670959473
0.0 0.0 0.0
-6.160057067871094 30.455759048461914 -2.5832648277282715
0.0 0.0 0.0
-5.77861213684082 30.766094207763672 -2.6264827251434326
0.0 0.0 0.0
-5.291692733764648 30.531734466552734 -2.622112989425659
0.0 0.0 0.0
0.0 0.0 0.0
0.0 0.0 0.0
-4.401457786560059 30.4058837890625 -2.6390318870544434
-4.19050407409668 30.44283103942871 -2.6477620601654053
-3.9874725341796875 30.56751251220703 -2.6641805171966553
0.0 0.0 0.0
0.0 0.0 0.0
0.0 0.0 0.0
0.0 0.0 0.0
0.0 0.0 0.0
0.0 0.0 0.0
0.0 0.0 0.0
-2.257061719894409 30.477703094482422 -2.694159746170044
0.0 0.0 0.0
0.0 0.0 0.0
0.0 0.0 0.0
-1.4054733514785767 30.55472183227539 -2.7120816707611084
0.0 0.0 0.0
-0.9722259640693665 30.32579803466797 -2.6961915493011475
-0.7644381523132324 30.607929229736328 -2.722541570663452
-0.5547775626182556 30.806865692138672 -2.741624355316162
0.0 0.0 0.0
-0.1256001740694046 30.659542083740234 -2.7316672801971436
0.0 0.0 0.0
0.0 0.0 0.0
0.5220381617546082 30.90445327758789 -2.7532970905303955
0.7331482172012329 30.73673439025879 -2.738410711288452
0.9485412240028381 30.781476974487305 -2.7425856590270996
1.1599303483963013 30.700410842895508 -2.734259605407715
0.0 0.0 0.0
1.6057456731796265 30.976842880249023 -2.7559728622436523
0.0 0.0 0.0
0.0 0.0 0.0
0.0 0.0 0.0
2.481701612472534 31.10748863220215 -2.7598559856414795
2.700279951095581 31.070144653320312 -2.753660202026367
2.924551010131836 31.140119552612305 -2.757158041000366
3.1537158489227295 31.243288040161133 -2.763707399368286
0.0 0.0 0.0
0.0 0.0 0.0
3.8439977169036865 31.461551666259766 -2.7709600925445557
0.0 0.0 0.0
4.309581756591797 31.614376068115234 -2.776588201522827
0.0 0.0 0.0
4.74788761138916 31.545061111450195 -2.759903907775879
4.9798126220703125 31.59275245666504 -2.758587121963501
5.272468566894531 31.97599983215332 -2.786518096923828
0.0 0.0 0.0
5.744790077209473 32.05825424194336 -2.7818105220794678
5.962300777435303 31.98775863647461 -2.768556594848633
6.190670490264893 31.976978302001953 -2.7606136798858643
0.0 0.0 0.0
6.739488124847412 32.368812561035156 -2.7804644107818604
0.0 0.0 0.0
7.213841915130615 32.384193420410156 -2.765220880508423
7.364432334899902 32.00791549682617 -2.72480845451355
7.690870761871338 32.376441955566406 -2.7477803230285645
7.905362129211426 32.27771759033203 -2.731264591217041
8.199004173278809 32.498775482177734 -2.7403101921081543
0.0 0.0 0.0
0.0 0.0 0.0
0.0 0.0 0.0
0.0 0.0 0.0
0.0 0.0 0.0
9.832860946655273 33.07506561279297 -2.7265753746032715
0.0 0.0 0.0
0.0 0.0 0.0
0.0 0.0 0.0
0.0 0.0 0.0
0.0 0.0 0.0
0.0 0.0 0.0
11.828542709350586 33.67885208129883 -2.6901495456695557
0.0 0.0 0.0
0.0 0.0 0.0
0.0 0.0 0.0
0.0 0.0 0.0
0.0 0.0 0.0
0.0 0.0 0.0
0.0 0.0 0.0
0.0 0.0 0.0
0.0 0.0 0.0
0.0 0.0 0.0
0.0 0.0 0.0
0.0 0.0 0.0
0.0 0.0 0.0
0.0 0.0 0.0
0.0 0.0 0.0
0.0 0.0 0.0
0.0 0.0 0.0
0.0 0.0 0.0
0.0 0.0 0.0
0.0 0.0 0.0
0.0 0.0 0.0
0.0 0.0 0.0
0.0 0.0 0.0
0.0 0.0 0.0
0.0 0.0 0.0
0.0 0.0 0.0
0.0 0.0 0.0
0.0 0.0 0.0
0.0 0.0 0.0
0.0 0.0 0.0
0.0 0.0 0.0
0.0 0.0 0.0
0.0 0.0 0.0
0.0 0.0 0.0
0.0 0.0 0.0
0.0 0.0 0.0
0.0 0.0 0.0
0.0 0.0 0.0
0.0 0.0 0.0
0.0 0.0 0.0
0.0 0.0 0.0
0.0 0.0 0.0
0.0 0.0 0.0
0.0 0.0 0.0
0.0 0.0 0.0
0.0 0.0 0.0
0.0 0.0 0.0
0.0 0.0 0.0
81.01718139648438 121.71263122558594 6.837279796600342
0.0 0.0 0.0
0.0 0.0 0.0
0.0 0.0 0.0
0.0 0.0 0.0
0.0 0.0 0.0
0.0 0.0 0.0
0.0 0.0 0.0
0.0 0.0 0.0
0.0 0.0 0.0
0.0 0.0 0.0
0.0 0.0 0.0
0.0 0.0 0.0
0.0 0.0 0.0
0.0 0.0 0.0
0.0 0.0 0.0
0.0 0.0 0.0
0.0 0.0 0.0
0.0 0.0 0.0
0.0 0.0 0.0
0.0 0.0 0.0
0.0 0.0 0.0
0.0 0.0 0.0
0.0 0.0 0.0
0.0 0.0 0.0
0.0 0.0 0.0
0.0 0.0 0.0
0.0 0.0 0.0
0.0 0.0 0.0
0.0 0.0 0.0
0.0 0.0 0.0
0.0 0.0 0.0
0.0 0.0 0.0
0.0 0.0 0.0
0.0 0.0 0.0
0.0 0.0 0.0
0.0 0.0 0.0
0.0 0.0 0.0
0.0 0.0 0.0
0.0 0.0 0.0
0.0 0.0 0.0
0.0 0.0 0.0
0.0 0.0 0.0
0.0 0.0 0.0
0.0 0.0 0.0
0.0 0.0 0.0
0.0 0.0 0.0
0.0 0.0 0.0
0.0 0.0 0.0
0.0 0.0 0.0
0.0 0.0 0.0
0.0 0.0 0.0
0.0 0.0 0.0
0.0 0.0 0.0
0.0 0.0 0.0
0.0 0.0 0.0
0.0 0.0 0.0
0.0 0.0 0.0
0.0 0.0 0.0
0.0 0.0 0.0
0.0 0.0 0.0
0.0 0.0 0.0
0.0 0.0 0.0
0.0 0.0 0.0
0.0 0.0 0.0
0.0 0.0 0.0
0.0 0.0 0.0
0.0 0.0 0.0
0.0 0.0 0.0
0.0 0.0 0.0
0.0 0.0 0.0
0.0 0.0 0.0
0.0 0.0 0.0
0.0 0.0 0.0
0.0 0.0 0.0
0.0 0.0 0.0
0.0 0.0 0.0
0.0 0.0 0.0
0.0 0.0 0.0
0.0 0.0 0.0
0.0 0.0 0.0
0.0 0.0 0.0
0.0 0.0 0.0
0.0 0.0 0.0
0.0 0.0 0.0
0.0 0.0 0.0
0.0 0.0 0.0
0.0 0.0 0.0
0.0 0.0 0.0
0.0 0.0 0.0
0.0 0.0 0.0
0.0 0.0 0.0
0.0 0.0 0.0
0.0 0.0 0.0
0.0 0.0 0.0
0.0 0.0 0.0
0.0 0.0 0.0
0.0 0.0 0.0
0.0 0.0 0.0
0.0 0.0 0.0
0.0 0.0 0.0
0.0 0.0 0.0
0.0 0.0 0.0
0.0 0.0 0.0
0.0 0.0 0.0
0.0 0.0 0.0
0.0 0.0 0.0
0.0 0.0 0.0
0.0 0.0 0.0
0.0 0.0 0.0
0.0 0.0 0.0
0.0 0.0 0.0
0.0 0.0 0.0
0.0 0.0 0.0
0.0 0.0 0.0
0.0 0.0 0.0
0.0 0.0 0.0
0.0 0.0 0.0
0.0 0.0 0.0
0.0 0.0 0.0
0.0 0.0 0.0
0.0 0.0 0.0
0.0 0.0 0.0
0.0 0.0 0.0
0.0 0.0 0.0
0.0 0.0 0.0
0.0 0.0 0.0
0.0 0.0 0.0
0.0 0.0 0.0
0.0 0.0 0.0
0.0 0.0 0.0
0.0 0.0 0.0
0.0 0.0 0.0
0.0 0.0 0.0
0.0 0.0 0.0
0.0 0.0 0.0
0.0 0.0 0.0
0.0 0.0 0.0
0.0 0.0 0.0
0.0 0.0 0.0
0.0 0.0 0.0
0.0 0.0 0.0
0.0 0.0 0.0
0.0 0.0 0.0
0.0 0.0 0.0
0.0 0.0 0.0
0.0 0.0 0.0
0.0 0.0 0.0
0.0 0.0 0.0
0.0 0.0 0.0
0.0 0.0 0.0
0.0 0.0 0.0
0.0 0.0 0.0
0.0 0.0 0.0
0.0 0.0 0.0
0.0 0.0 0.0
0.0 0.0 0.0
0.0 0.0 0.0
0.0 0.0 0.0
0.0 0.0 0.0
0.0 0.0 0.0
0.0 0.0 0.0
0.0 0.0 0.0
0.0 0.0 0.0
0.0 0.0 0.0
0.0 0.0 0.0
0.0 0.0 0.0
0.0 0.0 0.0
0.0 0.0 0.0
0.0 0.0 0.0
0.0 0.0 0.0
0.0 0.0 0.0
0.0 0.0 0.0
0.0 0.0 0.0
0.0 0.0 0.0
0.0 0.0 0.0
0.0 0.0 0.0
0.0 0.0 0.0
0.0 0.0 0.0
0.0 0.0 0.0
0.0 0.0 0.0
0.0 0.0 0.0
0.0 0.0 0.0
0.0 0.0 0.0
0.0 0.0 0.0
0.0 0.0 0.0
0.0 0.0 0.0
0.0 0.0 0.0
0.0 0.0 0.0
0.0 0.0 0.0
0.0 0.0 0.0
0.0 0.0 0.0
0.0 0.0 0.0
0.0 0.0 0.0
0.0 0.0 0.0
0.0 0.0 0.0
0.0 0.0 0.0
0.0 0.0 0.0
0.0 0.0 0.0
0.0 0.0 0.0
0.0 0.0 0.0
0.0 0.0 0.0
0.0 0.0 0.0
0.0 0.0 0.0
0.0 0.0 0.0
0.0 0.0 0.0
0.0 0.0 0.0
0.0 0.0 0.0
0.0 0.0 0.0
0.0 0.0 0.0
0.0 0.0 0.0
0.0 0.0 0.0
0.0 0.0 0.0
0.0 0.0 0.0
0.0 0.0 0.0
0.0 0.0 0.0
0.0 0.0 0.0
0.0 0.0 0.0
0.0 0.0 0.0
0.0 0.0 0.0
0.0 0.0 0.0
0.0 0.0 0.0
0.0 0.0 0.0
0.0 0.0 0.0
0.0 0.0 0.0
0.0 0.0 0.0
0.0 0.0 0.0
0.0 0.0 0.0
0.0 0.0 0.0
0.0 0.0 0.0
0.0 0.0 0.0
0.0 0.0 0.0
0.0 0.0 0.0
0.0 0.0 0.0
0.0 0.0 0.0
-6.59029483795166 30.906906127929688 -2.5336220264434814
0.0 0.0 0.0
-6.172779560089111 31.062482833862305 -2.5632734298706055
0.0 0.0 0.0
-5.657815933227539 30.723125457763672 -2.551348924636841
0.0 0.0 0.0
-5.223311901092529 30.762779235839844 -2.5683486461639404
0.0 0.0 0.0
0.0 0.0 0.0
0.0 0.0 0.0
-4.389235496520996 31.09808921813965 -2.6225991249084473
0.0 0.0 0.0
0.0 0.0 0.0
0.0 0.0 0.0
0.0 0.0 0.0
0.0 0.0 0.0
0.0 0.0 0.0
0.0 0.0 0.0
0.0 0.0 0.0
0.0 0.0 0.0
0.0 0.0 0.0
0.0 0.0 0.0
0.0 0.0 0.0
-1.5257868766784668 30.79762840270996 -2.6518285274505615
-1.3161510229110718 31.00571632385254 -2.6718108654022217
0.0 0.0 0.0
0.0 0.0 0.0
-0.6734417676925659 31.243791580200195 -2.696744680404663
-0.4493824243545532 30.784469604492188 -2.658806085586548
-0.23469096422195435 31.22654151916504 -2.69791316986084
-0.017700638622045517 31.340259552001953 -2.707887887954712
0.19984358549118042 31.25009536743164 -2.700377941131592
0.4147287607192993 31.053359985351562 -2.683785915374756
0.63099604845047 31.057483673095703 -2.6846811771392822
0.0 0.0 0.0
0.0 0.0 0.0
1.2909939289093018 31.247760772705078 -2.698543071746826
0.0 0.0 0.0
0.0 0.0 0.0
1.9705151319503784 31.669052124023438 -2.7315521240234375
2.1775476932525635 31.40616798400879 -2.706061840057373
0.0 0.0 0.0
2.621587038040161 31.458829879760742 -2.7054452896118164
2.8422186374664307 31.459545135498047 -2.70312237739563
0.0 0.0 0.0
0.0 0.0 0.0
0.0 0.0 0.0
0.0 0.0 0.0
0.0 0.0 0.0
4.250541687011719 32.02596664428711 -2.729191780090332
0.0 0.0 0.0
0.0 0.0 0.0
0.0 0.0 0.0
5.2244486808776855 32.39305877685547 -2.738983392715454
0.0 0.0 0.0
5.667714595794678 32.28047561645508 -2.7173454761505127
5.919458866119385 32.36671447753906 -2.7179667949676514
0.0 0.0 0.0
6.396684169769287 32.420310974121094 -2.7097530364990234
0.0 0.0 0.0
6.880025863647461 32.486236572265625 -2.7004809379577637
0.0 0.0 0.0
7.432532787322998 32.81755447387695 -2.7121143341064453
0.0 0.0 0.0
7.891718864440918 32.72822952270508 -2.688640832901001
8.173108100891113 32.88898849487305 -2.692429780960083
0.0 0.0 0.0
0.0 0.0 0.0
0.0 0.0 0.0
9.214198112487793 33.09860610961914 -2.6715140342712402
0.0 0.0 0.0
0.0 0.0 0.0
0.0 0.0 0.0
0.0 0.0 0.0
10.689424514770508 33.787899017333984 -2.671900749206543
0.0 0.0 0.0
0.0 0.0 0.0
0.0 0.0 0.0
0.0 0.0 0.0
0.0 0.0 0.0
0.0 0.0 0.0
0.0 0.0 0.0
0.0 0.0 0.0
0.0 0.0 0.0
0.0 0.0 0.0
0.0 0.0 0.0
0.0 0.0 0.0
0.0 0.0 0.0
0.0 0.0 0.0
0.0 0.0 0.0
0.0 0.0 0.0
0.0 0.0 0.0
0.0 0.0 0.0
0.0 0.0 0.0
0.0 0.0 0.0
0.0 0.0 0.0
0.0 0.0 0.0
0.0 0.0 0.0
0.0 0.0 0.0
0.0 0.0 0.0
0.0 0.0 0.0
0.0 0.0 0.0
0.0 0.0 0.0
0.0 0.0 0.0
0.0 0.0 0.0
0.0 0.0 0.0
0.0 0.0 0.0
0.0 0.0 0.0
0.0 0.0 0.0
0.0 0.0 0.0
0.0 0.0 0.0
0.0 0.0 0.0
0.0 0.0 0.0
0.0 0.0 0.0
0.0 0.0 0.0
0.0 0.0 0.0
0.0 0.0 0.0
0.0 0.0 0.0
0.0 0.0 0.0
0.0 0.0 0.0
0.0 0.0 0.0
0.0 0.0 0.0
0.0 0.0 0.0
0.0 0.0 0.0
0.0 0.0 0.0
0.0 0.0 0.0
81.55439758300781 121.5688705444336 6.514753818511963
0.0 0.0 0.0
0.0 0.0 0.0
0.0 0.0 0.0
0.0 0.0 0.0
0.0 0.0 0.0
0.0 0.0 0.0
0.0 0.0 0.0
0.0 0.0 0.0
0.0 0.0 0.0
0.0 0.0 0.0
0.0 0.0 0.0
0.0 0.0 0.0
0.0 0.0 0.0
0.0 0.0 0.0
0.0 0.0 0.0
0.0 0.0 0.0
0.0 0.0 0.0
0.0 0.0 0.0
0.0 0.0 0.0
0.0 0.0 0.0
0.0 0.0 0.0
0.0 0.0 0.0
0.0 0.0 0.0
0.0 0.0 0.0
0.0 0.0 0.0
0.0 0.0 0.0
0.0 0.0 0.0
0.0 0.0 0.0
0.0 0.0 0.0
0.0 0.0 0.0
0.0 0.0 0.0
0.0 0.0 0.0
0.0 0.0 0.0
0.0 0.0 0.0
0.0 0.0 0.0
0.0 0.0 0.0
0.0 0.0 0.0
0.0 0.0 0.0
0.0 0.0 0.0
0.0 0.0 0.0
0.0 0.0 0.0
0.0 0.0 0.0
0.0 0.0 0.0
0.0 0.0 0.0
0.0 0.0 0.0
0.0 0.0 0.0
0.0 0.0 0.0
0.0 0.0 0.0
0.0 0.0 0.0
0.0 0.0 0.0
0.0 0.0 0.0
0.0 0.0 0.0
0.0 0.0 0.0
0.0 0.0 0.0
0.0 0.0 0.0
0.0 0.0 0.0
0.0 0.0 0.0
0.0 0.0 0.0
0.0 0.0 0.0
0.0 0.0 0.0
0.0 0.0 0.0
0.0 0.0 0.0
0.0 0.0 0.0
0.0 0.0 0.0
0.0 0.0 0.0
0.0 0.0 0.0
0.0 0.0 0.0
0.0 0.0 0.0
0.0 0.0 0.0
0.0 0.0 0.0
0.0 0.0 0.0
0.0 0.0 0.0
0.0 0.0 0.0
0.0 0.0 0.0
0.0 0.0 0.0
0.0 0.0 0.0
0.0 0.0 0.0
0.0 0.0 0.0
0.0 0.0 0.0
0.0 0.0 0.0
0.0 0.0 0.0
0.0 0.0 0.0
0.0 0.0 0.0
0.0 0.0 0.0
0.0 0.0 0.0
0.0 0.0 0.0
0.0 0.0 0.0
0.0 0.0 0.0
0.0 0.0 0.0
0.0 0.0 0.0
-9.5278902053833 211.93728637695312 20.10193634033203
0.0 0.0 0.0
0.0 0.0 0.0
0.0 0.0 0.0
0.0 0.0 0.0
0.0 0.0 0.0
0.0 0.0 0.0
0.0 0.0 0.0
0.0 0.0 0.0
0.0 0.0 0.0
0.0 0.0 0.0
0.0 0.0 0.0
0.0 0.0 0.0
0.0 0.0 0.0
0.0 0.0 0.0
0.0 0.0 0.0
0.0 0.0 0.0
0.0 0.0 0.0
0.0 0.0 0.0
0.0 0.0 0.0
0.0 0.0 0.0
0.0 0.0 0.0
0.0 0.0 0.0
0.0 0.0 0.0
0.0 0.0 0.0
0.0 0.0 0.0
0.0 0.0 0.0
0.0 0.0 0.0
0.0 0.0 0.0
0.0 0.0 0.0
0.0 0.0 0.0
0.0 0.0 0.0
0.0 0.0 0.0
0.0 0.0 0.0
0.0 0.0 0.0
0.0 0.0 0.0
0.0 0.0 0.0
0.0 0.0 0.0
0.0 0.0 0.0
0.0 0.0 0.0
0.0 0.0 0.0
0.0 0.0 0.0
0.0 0.0 0.0
0.0 0.0 0.0
0.0 0.0 0.0
0.0 0.0 0.0
0.0 0.0 0.0
0.0 0.0 0.0
0.0 0.0 0.0
0.0 0.0 0.0
0.0 0.0 0.0
0.0 0.0 0.0
0.0 0.0 0.0
0.0 0.0 0.0
0.0 0.0 0.0
0.0 0.0 0.0
0.0 0.0 0.0
0.0 0.0 0.0
0.0 0.0 0.0
0.0 0.0 0.0
0.0 0.0 0.0
0.0 0.0 0.0
0.0 0.0 0.0
0.0 0.0 0.0
0.0 0.0 0.0
0.0 0.0 0.0
0.0 0.0 0.0
0.0 0.0 0.0
0.0 0.0 0.0
0.0 0.0 0.0
0.0 0.0 0.0
0.0 0.0 0.0
0.0 0.0 0.0
0.0 0.0 0.0
0.0 0.0 0.0
0.0 0.0 0.0
0.0 0.0 0.0
0.0 0.0 0.0
0.0 0.0 0.0
0.0 0.0 0.0
0.0 0.0 0.0
0.0 0.0 0.0
0.0 0.0 0.0
0.0 0.0 0.0
0.0 0.0 0.0
0.0 0.0 0.0
0.0 0.0 0.0
0.0 0.0 0.0
0.0 0.0 0.0
0.0 0.0 0.0
0.0 0.0 0.0
0.0 0.0 0.0
0.0 0.0 0.0
0.0 0.0 0.0
0.0 0.0 0.0
0.0 0.0 0.0
0.0 0.0 0.0
0.0 0.0 0.0
0.0 0.0 0.0
0.0 0.0 0.0
0.0 0.0 0.0
0.0 0.0 0.0
0.0 0.0 0.0
0.0 0.0 0.0
0.0 0.0 0.0
0.0 0.0 0.0
0.0 0.0 0.0
0.0 0.0 0.0
0.0 0.0 0.0
0.0 0.0 0.0
0.0 0.0 0.0
0.0 0.0 0.0
0.0 0.0 0.0
0.0 0.0 0.0
0.0 0.0 0.0
0.0 0.0 0.0
0.0 0.0 0.0
0.0 0.0 0.0
0.0 0.0 0.0
0.0 0.0 0.0
0.0 0.0 0.0
0.0 0.0 0.0
0.0 0.0 0.0
0.0 0.0 0.0
0.0 0.0 0.0
0.0 0.0 0.0
0.0 0.0 0.0
0.0 0.0 0.0
0.0 0.0 0.0
0.0 0.0 0.0
0.0 0.0 0.0
0.0 0.0 0.0
0.0 0.0 0.0
0.0 0.0 0.0
0.0 0.0 0.0
0.0 0.0 0.0
-35.369956970214844 128.08128356933594 -9.827971458435059
0.0 0.0 0.0
0.0 0.0 0.0
0.0 0.0 0.0
0.0 0.0 0.0
0.0 0.0 0.0
0.0 0.0 0.0
0.0 0.0 0.0
-6.7676897048950195 31.198518753051758 -2.470043420791626
0.0 0.0 0.0
0.0 0.0 0.0
0.0 0.0 0.0
0.0 0.0 0.0
0.0 0.0 0.0
-5.36125373840332 30.935972213745117 -2.4953062534332275
-5.181044578552246 31.18296241760254 -2.5225532054901123
0.0 0.0 0.0
-4.7138495445251465 31.038978576660156 -2.5229852199554443
-4.510267734527588 31.159034729003906 -2.5384178161621094
-4.273385524749756 31.04631996154785 -2.5350005626678467
0.0 0.0 0.0
0.0 0.0 0.0
0.0 0.0 0.0
0.0 0.0 0.0
0.0 0.0 0.0
0.0 0.0 0.0
0.0 0.0 0.0
0.0 0.0 0.0
0.0 0.0 0.0
0.0 0.0 0.0
0.0 0.0 0.0
-1.670656442642212 31.534526824951172 -2.6230061054229736
0.0 0.0 0.0
0.0 0.0 0.0
0.0 0.0 0.0
-0.7822211980819702 31.307327270507812 -2.6113569736480713
0.0 0.0 0.0
0.0 0.0 0.0
-0.12886610627174377 31.394392013549805 -2.6213767528533936
0.08973656594753265 31.483999252319336 -2.6295955181121826
0.3083198666572571 31.443626403808594 -2.6270859241485596
0.5287156701087952 31.312183380126953 -2.6167659759521484
0.0 0.0 0.0
0.0 0.0 0.0
0.0 0.0 0.0
1.4236156940460205 31.818546295166016 -2.6561193466186523
1.6499311923980713 31.827226638793945 -2.6562700271606445
1.8667488098144531 31.741413116455078 -2.647042751312256
0.0 0.0 0.0
2.3128559589385986 31.77889060974121 -2.6464099884033203
2.564624309539795 32.150360107421875 -2.675635576248169
2.7582926750183105 31.74384880065918 -2.6402037143707275
0.0 0.0 0.0
0.0 0.0 0.0
0.0 0.0 0.0
3.700105667114258 32.17868423461914 -2.662947416305542
0.0 0.0 0.0
4.154605865478516 32.15166091918945 -2.652937173843384
4.408885955810547 32.346275329589844 -2.664313316345215
0.0 0.0 0.0
4.89892578125 32.548561096191406 -2.6719160079956055
5.091514587402344 32.298866271972656 -2.6471030712127686
5.335747241973877 32.35881423950195 -2.6459782123565674
0.0 0.0 0.0
0.0 0.0 0.0
6.081361770629883 32.62538528442383 -2.6500580310821533
6.345236778259277 32.774169921875 -2.6564393043518066
0.0 0.0 0.0
0.0 0.0 0.0
7.053032875061035 32.731483459472656 -2.6305642127990723
7.318328857421875 32.849666595458984 -2.6327757835388184
7.6274566650390625 33.147926330566406 -2.649399757385254
7.806879043579102 32.86304473876953 -2.6178901195526123
0.0 0.0 0.0
8.366134643554688 33.15715408325195 -2.62424898147583
8.644160270690918 33.27997970581055 -2.625547170639038
0.0 0.0 0.0
0.0 0.0 0.0
0.0 0.0 0.0
0.0 0.0 0.0
0.0 0.0 0.0
0.0 0.0 0.0
0.0 0.0 0.0
0.0 0.0 0.0
0.0 0.0 0.0
0.0 0.0 0.0
0.0 0.0 0.0
0.0 0.0 0.0
0.0 0.0 0.0
0.0 0.0 0.0
0.0 0.0 0.0
0.0 0.0 0.0
0.0 0.0 0.0
0.0 0.0 0.0
0.0 0.0 0.0
0.0 0.0 0.0
0.0 0.0 0.0
57.426456451416016 133.0297393798828 -9.446456909179688
0.0 0.0 0.0
16.124086380004883 35.95810317993164 -2.520501136779785
16.594884872436523 36.32876205444336 -2.528561592102051
0.0 0.0 0.0
0.0 0.0 0.0
0.0 0.0 0.0
0.0 0.0 0.0
0.0 0.0 0.0
0.0 0.0 0.0
0.0 0.0 0.0
0.0 0.0 0.0
0.0 0.0 0.0
0.0 0.0 0.0
0.0 0.0 0.0
0.0 0.0 0.0
0.0 0.0 0.0
0.0 0.0 0.0
0.0 0.0 0.0
0.0 0.0 0.0
0.0 0.0 0.0
0.0 0.0 0.0
0.0 0.0 0.0
0.0 0.0 0.0
0.0 0.0 0.0
0.0 0.0 0.0
0.0 0.0 0.0
0.0 0.0 0.0
0.0 0.0 0.0
0.0 0.0 0.0
0.0 0.0 0.0
0.0 0.0 0.0
0.0 0.0 0.0
0.0 0.0 0.0
0.0 0.0 0.0
0.0 0.0 0.0
0.0 0.0 0.0
0.0 0.0 0.0
0.0 0.0 0.0
0.0 0.0 0.0
0.0 0.0 0.0
0.0 0.0 0.0
0.0 0.0 0.0
0.0 0.0 0.0
0.0 0.0 0.0
0.0 0.0 0.0
0.0 0.0 0.0
0.0 0.0 0.0
0.0 0.0 0.0
0.0 0.0 0.0
0.0 0.0 0.0
0.0 0.0 0.0
0.0 0.0 0.0
0.0 0.0 0.0
0.0 0.0 0.0
0.0 0.0 0.0
0.0 0.0 0.0
0.0 0.0 0.0
0.0 0.0 0.0
0.0 0.0 0.0
0.0 0.0 0.0
0.0 0.0 0.0
0.0 0.0 0.0
0.0 0.0 0.0
0.0 0.0 0.0
0.0 0.0 0.0
0.0 0.0 0.0
0.0 0.0 0.0
0.0 0.0 0.0
0.0 0.0 0.0
0.0 0.0 0.0
0.0 0.0 0.0
0.0 0.0 0.0
0.0 0.0 0.0
0.0 0.0 0.0
0.0 0.0 0.0
0.0 0.0 0.0
0.0 0.0 0.0
0.0 0.0 0.0
0.0 0.0 0.0
0.0 0.0 0.0
0.0 0.0 0.0
0.0 0.0 0.0
0.0 0.0 0.0
0.0 0.0 0.0
0.0 0.0 0.0
0.0 0.0 0.0
0.0 0.0 0.0
0.0 0.0 0.0
0.0 0.0 0.0
0.0 0.0 0.0
0.0 0.0 0.0
0.0 0.0 0.0
0.0 0.0 0.0
0.0 0.0 0.0
0.0 0.0 0.0
0.0 0.0 0.0
0.0 0.0 0.0
0.0 0.0 0.0
0.0 0.0 0.0
0.0 0.0 0.0
0.0 0.0 0.0
0.0 0.0 0.0
0.0 0.0 0.0
0.0 0.0 0.0
0.0 0.0 0.0
0.0 0.0 0.0
0.0 0.0 0.0
0.0 0.0 0.0
0.0 0.0 0.0
0.0 0.0 0.0
0.0 0.0 0.0
0.0 0.0 0.0
0.0 0.0 0.0
0.0 0.0 0.0
0.0 0.0 0.0
0.0 0.0 0.0
0.0 0.0 0.0
0.0 0.0 0.0
0.0 0.0 0.0
0.0 0.0 0.0
0.0 0.0 0.0
0.0 0.0 0.0
0.0 0.0 0.0
0.0 0.0 0.0
0.0 0.0 0.0
0.0 0.0 0.0
0.0 0.0 0.0
0.0 0.0 0.0
0.0 0.0 0.0
0.0 0.0 0.0
0.0 0.0 0.0
0.0 0.0 0.0
0.0 0.0 0.0
0.0 0.0 0.0
0.0 0.0 0.0
0.0 0.0 0.0
0.0 0.0 0.0
0.0 0.0 0.0
0.0 0.0 0.0
0.0 0.0 0.0
0.0 0.0 0.0
0.0 0.0 0.0
0.0 0.0 0.0
0.0 0.0 0.0
0.0 0.0 0.0
0.0 0.0 0.0
0.0 0.0 0.0
0.0 0.0 0.0
0.0 0.0 0.0
0.0 0.0 0.0
0.0 0.0 0.0
0.0 0.0 0.0
0.0 0.0 0.0
0.0 0.0 0.0
0.0 0.0 0.0
0.0 0.0 0.0
0.0 0.0 0.0
0.0 0.0 0.0
0.0 0.0 0.0
0.0 0.0 0.0
0.0 0.0 0.0
0.0 0.0 0.0
0.0 0.0 0.0
0.0 0.0 0.0
0.0 0.0 0.0
0.0 0.0 0.0
0.0 0.0 0.0
0.0 0.0 0.0
0.0 0.0 0.0
0.0 0.0 0.0
0.0 0.0 0.0
0.0 0.0 0.0
0.0 0.0 0.0
-13.822322845458984 37.2484130859375 3.0553243160247803
0.0 0.0 0.0
0.0 0.0 0.0
0.0 0.0 0.0
0.0 0.0 0.0
0.0 0.0 0.0
0.0 0.0 0.0
0.0 0.0 0.0
0.0 0.0 0.0
0.0 0.0 0.0
0.0 0.0 0.0
0.0 0.0 0.0
0.0 0.0 0.0
0.0 0.0 0.0
0.0 0.0 0.0
0.0 0.0 0.0
0.0 0.0 0.0
0.0 0.0 0.0
0.0 0.0 0.0
0.0 0.0 0.0
0.0 0.0 0.0
0.0 0.0 0.0
0.0 0.0 0.0
0.0 0.0 0.0
0.0 0.0 0.0
0.0 0.0 0.0
0.0 0.0 0.0
0.0 0.0 0.0
0.0 0.0 0.0
0.0 0.0 0.0
0.0 0.0 0.0
0.0 0.0 0.0
0.0 0.0 0.0
0.0 0.0 0.0
0.0 0.0 0.0
0.0 0.0 0.0
0.0 0.0 0.0
0.0 0.0 0.0
0.0 0.0 0.0
0.0 0.0 0.0
0.0 0.0 0.0
0.0 0.0 0.0
0.0 0.0 0.0
0.0 0.0 0.0
0.0 0.0 0.0
0.0 0.0 0.0
0.0 0.0 0.0
0.0 0.0 0.0
0.0 0.0 0.0
0.0 0.0 0.0
0.0 0.0 0.0
0.0 0.0 0.0
0.0 0.0 0.0
0.0 0.0 0.0
0.0 0.0 0.0
0.0 0.0 0.0
0.0 0.0 0.0
0.0 0.0 0.0
0.0 0.0 0.0
0.0 0.0 0.0
0.0 0.0 0.0
0.0 0.0 0.0
0.0 0.0 0.0
0.0 0.0 0.0
0.0 0.0 0.0
0.0 0.0 0.0
0.0 0.0 0.0
0.0 0.0 0.0
0.0 0.0 0.0
0.0 0.0 0.0
0.0 0.0 0.0
0.0 0.0 0.0
0.0 0.0 0.0
0.0 0.0 0.0
0.0 0.0 0.0
0.0 0.0 0.0
0.0 0.0 0.0
0.0 0.0 0.0
0.0 0.0 0.0
0.0 0.0 0.0
0.0 0.0 0.0
0.0 0.0 0.0
0.0 0.0 0.0
0.0 0.0 0.0
0.0 0.0 0.0
0.0 0.0 0.0
0.0 0.0 0.0
0.0 0.0 0.0
0.0 0.0 0.0
0.0 0.0 0.0
0.0 0.0 0.0
0.0 0.0 0.0
0.0 0.0 0.0
0.0 0.0 0.0
0.0 0.0 0.0
0.0 0.0 0.0
0.0 0.0 0.0
0.0 0.0 0.0
0.0 0.0 0.0
0.0 0.0 0.0
0.0 0.0 0.0
-6.470282077789307 31.417160034179688 -2.423981189727783
0.0 0.0 0.0
0.0 0.0 0.0
-5.842557430267334 31.72761344909668 -2.469695806503296
0.0 0.0 0.0
0.0 0.0 0.0
0.0 0.0 0.0
-4.920379161834717 31.671844482421875 -2.491237163543701
-4.684309959411621 31.600662231445312 -2.4914181232452393
0.0 0.0 0.0
0.0 0.0 0.0
-4.010815143585205 31.593231201171875 -2.506828546524048
0.0 0.0 0.0
0.0 0.0 0.0
0.0 0.0 0.0
-3.1090710163116455 31.512582778930664 -2.519054889678955
0.0 0.0 0.0
-2.664086103439331 31.482219696044922 -2.522972345352173
0.0 0.0 0.0
0.0 0.0 0.0
0.0 0.0 0.0
0.0 0.0 0.0
-1.573917031288147 31.772232055664062 -2.560326099395752
0.0 0.0 0.0
-1.114741563796997 31.424968719482422 -2.5365254878997803
-0.9085391163825989 31.863744735717773 -2.5742287635803223
-0.6820787191390991 31.6473331451416 -2.557277202606201
0.0 0.0 0.0
-0.23843804001808167 31.74318504333496 -2.566422939300537
-0.017643073573708534 31.80240249633789 -2.5720932483673096
0.20406393706798553 31.875652313232422 -2.5790274143218994
0.0 0.0 0.0
0.646767258644104 31.834823608398438 -2.574646472930908
0.0 0.0 0.0
1.099422574043274 31.99396514892578 -2.58671236038208
1.3283731937408447 32.14122772216797 -2.598407030105591
1.5463837385177612 32.01861572265625 -2.5870015621185303
1.7826316356658936 32.25612258911133 -2.6044092178344727
2.021334171295166 32.47243881225586 -2.6202034950256348
0.0 0.0 0.0
0.0 0.0 0.0
2.7048003673553467 32.454689025878906 -2.613150119781494
0.0 0.0 0.0
3.134282112121582 32.18988800048828 -2.585726737976074
0.0 0.0 0.0
0.0 0.0 0.0
3.8433377742767334 32.40826416015625 -2.5938668251037598
4.122697353363037 32.81010818481445 -2.6217074394226074
4.319708824157715 32.5456657409668 -2.5964090824127197
0.0 0.0 0.0
4.806647777557373 32.690921783447266 -2.5999159812927246
5.045140743255615 32.73042678833008 -2.5982506275177
5.31670618057251 32.968170166015625 -2.61164927482605
0.0 0.0 0.0
0.0 0.0 0.0
6.060347080230713 33.138572692871094 -2.6092329025268555
0.0 0.0 0.0
0.0 0.0 0.0
0.0 0.0 0.0
0.0 0.0 0.0
7.382370948791504 33.683170318603516 -2.619438886642456
0.0 0.0 0.0
7.794414520263672 33.340087890625 -2.577277183532715
0.0 0.0 0.0
8.322958946228027 33.49098587036133 -2.573051691055298
0.0 0.0 0.0
0.0 0.0 0.0
0.0 0.0 0.0
0.0 0.0 0.0
0.0 0.0 0.0
0.0 0.0 0.0
0.0 0.0 0.0
0.0 0.0 0.0
0.0 0.0 0.0
0.0 0.0 0.0
0.0 0.0 0.0
0.0 0.0 0.0
0.0 0.0 0.0
0.0 0.0 0.0
0.0 0.0 0.0
0.0 0.0 0.0
0.0 0.0 0.0
0.0 0.0 0.0
0.0 0.0 0.0
0.0 0.0 0.0
0.0 0.0 0.0
0.0 0.0 0.0
0.0 0.0 0.0
0.0 0.0 0.0
0.0 0.0 0.0
0.0 0.0 0.0
0.0 0.0 0.0
0.0 0.0 0.0
0.0 0.0 0.0
0.0 0.0 0.0
0.0 0.0 0.0
0.0 0.0 0.0
0.0 0.0 0.0
0.0 0.0 0.0
0.0 0.0 0.0
0.0 0.0 0.0
0.0 0.0 0.0
0.0 0.0 0.0
0.0 0.0 0.0
0.0 0.0 0.0
0.0 0.0 0.0
0.0 0.0 0.0
0.0 0.0 0.0
0.0 0.0 0.0
0.0 0.0 0.0
0.0 0.0 0.0
0.0 0.0 0.0
0.0 0.0 0.0
0.0 0.0 0.0
0.0 0.0 0.0
0.0 0.0 0.0
0.0 0.0 0.0
0.0 0.0 0.0
0.0 0.0 0.0
0.0 0.0 0.0
0.0 0.0 0.0
0.0 0.0 0.0
0.0 0.0 0.0
0.0 0.0 0.0
0.0 0.0 0.0
0.0 0.0 0.0
0.0 0.0 0.0
0.0 0.0 0.0
0.0 0.0 0.0
0.0 0.0 0.0
0.0 0.0 0.0
0.0 0.0 0.0
0.0 0.0 0.0
0.0 0.0 0.0
0.0 0.0 0.0
0.0 0.0 0.0
0.0 0.0 0.0
0.0 0.0 0.0
0.0 0.0 0.0
0.0 0.0 0.0
0.0 0.0 0.0
0.0 0.0 0.0
0.0 0.0 0.0
0.0 0.0 0.0
0.0 0.0 0.0
0.0 0.0 0.0
0.0 0.0 0.0
0.0 0.0 0.0
0.0 0.0 0.0
0.0 0.0 0.0
0.0 0.0 0.0
0.0 0.0 0.0
0.0 0.0 0.0
0.0 0.0 0.0
0.0 0.0 0.0
0.0 0.0 0.0
0.0 0.0 0.0
0.0 0.0 0.0
0.0 0.0 0.0
0.0 0.0 0.0
0.0 0.0 0.0
0.0 0.0 0.0
0.0 0.0 0.0
0.0 0.0 0.0
0.0 0.0 0.0
0.0 0.0 0.0
0.0 0.0 0.0
0.0 0.0 0.0
0.0 0.0 0.0
0.0 0.0 0.0
0.0 0.0 0.0
0.0 0.0 0.0
0.0 0.0 0.0
0.0 0.0 0.0
0.0 0.0 0.0
0.0 0.0 0.0
0.0 0.0 0.0
0.0 0.0 0.0
0.0 0.0 0.0
0.0 0.0 0.0
0.0 0.0 0.0
0.0 0.0 0.0
0.0 0.0 0.0
0.0 0.0 0.0
0.0 0.0 0.0
0.0 0.0 0.0
0.0 0.0 0.0
0.0 0.0 0.0
0.0 0.0 0.0
0.0 0.0 0.0
0.0 0.0 0.0
0.0 0.0 0.0
0.0 0.0 0.0
0.0 0.0 0.0
0.0 0.0 0.0
0.0 0.0 0.0
0.0 0.0 0.0
0.0 0.0 0.0
0.0 0.0 0.0
0.0 0.0 0.0
0.0 0.0 0.0
0.0 0.0 0.0
0.0 0.0 0.0
0.0 0.0 0.0
0.0 0.0 0.0
0.0 0.0 0.0
0.0 0.0 0.0
0.0 0.0 0.0
0.0 0.0 0.0
0.0 0.0 0.0
0.0 0.0 0.0
0.0 0.0 0.0
0.0 0.0 0.0
0.0 0.0 0.0
0.0 0.0 0.0
0.0 0.0 0.0
0.0 0.0 0.0
0.0 0.0 0.0
0.0 0.0 0.0
0.0 0.0 0.0
0.0 0.0 0.0
0.0 0.0 0.0
0.0 0.0 0.0
0.0 0.0 0.0
0.0 0.0 0.0
0.0 0.0 0.0
0.0 0.0 0.0
0.0 0.0 0.0
0.0 0.0 0.0
0.0 0.0 0.0
0.0 0.0 0.0
0.0 0.0 0.0
0.0 0.0 0.0
0.0 0.0 0.0
0.0 0.0 0.0
0.0 0.0 0.0
0.0 0.0 0.0
0.0 0.0 0.0
0.0 0.0 0.0
0.0 0.0 0.0
0.0 0.0 0.0
0.0 0.0 0.0
0.0 0.0 0.0
0.0 0.0 0.0
0.0 0.0 0.0
0.0 0.0 0.0
0.0 0.0 0.0
0.0 0.0 0.0
0.0 0.0 0.0
0.0 0.0 0.0
0.0 0.0 0.0
0.0 0.0 0.0
0.0 0.0 0.0
0.0 0.0 0.0
0.0 0.0 0.0
0.0 0.0 0.0
0.0 0.0 0.0
0.0 0.0 0.0
0.0 0.0 0.0
0.0 0.0 0.0
0.0 0.0 0.0
0.0 0.0 0.0
0.0 0.0 0.0
0.0 0.0 0.0
0.0 0.0 0.0
0.0 0.0 0.0
0.0 0.0 0.0
0.0 0.0 0.0
0.0 0.0 0.0
0.0 0.0 0.0
0.0 0.0 0.0
0.0 0.0 0.0
0.0 0.0 0.0
0.0 0.0 0.0
0.0 0.0 0.0
0.0 0.0 0.0
0.0 0.0 0.0
0.0 0.0 0.0
0.0 0.0 0.0
0.0 0.0 0.0
0.0 0.0 0.0
0.0 0.0 0.0
0.0 0.0 0.0
0.0 0.0 0.0
0.0 0.0 0.0
0.0 0.0 0.0
0.0 0.0 0.0
0.0 0.0 0.0
0.0 0.0 0.0
0.0 0.0 0.0
0.0 0.0 0.0
0.0 0.0 0.0
0.0 0.0 0.0
0.0 0.0 0.0
0.0 0.0 0.0
0.0 0.0 0.0
0.0 0.0 0.0
0.0 0.0 0.0
0.0 0.0 0.0
0.0 0.0 0.0
0.0 0.0 0.0
0.0 0.0 0.0
0.0 0.0 0.0
0.0 0.0 0.0
0.0 0.0 0.0
0.0 0.0 0.0
0.0 0.0 0.0
0.0 0.0 0.0
0.0 0.0 0.0
0.0 0.0 0.0
0.0 0.0 0.0
0.0 0.0 0.0
0.0 0.0 0.0
0.0 0.0 0.0
0.0 0.0 0.0
0.0 0.0 0.0
0.0 0.0 0.0
0.0 0.0 0.0
0.0 0.0 0.0
0.0 0.0 0.0
0.0 0.0 0.0
0.0 0.0 0.0
0.0 0.0 0.0
0.0 0.0 0.0
0.0 0.0 0.0
0.0 0.0 0.0
0.0 0.0 0.0
0.0 0.0 0.0
0.0 0.0 0.0
0.0 0.0 0.0
0.0 0.0 0.0
0.0 0.0 0.0
0.0 0.0 0.0
0.0 0.0 0.0
0.0 0.0 0.0
0.0 0.0 0.0
0.0 0.0 0.0
0.0 0.0 0.0
0.0 0.0 0.0
0.0 0.0 0.0
0.0 0.0 0.0
0.0 0.0 0.0
0.0 0.0 0.0
0.0 0.0 0.0
0.0 0.0 0.0
0.0 0.0 0.0
0.0 0.0 0.0
0.0 0.0 0.0
0.0 0.0 0.0
0.0 0.0 0.0
0.0 0.0 0.0
0.0 0.0 0.0
0.0 0.0 0.0
-8.648120880126953 32.19171142578125 -2.324495315551758
0.0 0.0 0.0
0.0 0.0 0.0
0.0 0.0 0.0
0.0 0.0 0.0
0.0 0.0 0.0
0.0 0.0 0.0
0.0 0.0 0.0
0.0 0.0 0.0
0.0 0.0 0.0
0.0 0.0 0.0
0.0 0.0 0.0
0.0 0.0 0.0
0.0 0.0 0.0
0.0 0.0 0.0
0.0 0.0 0.0
0.0 0.0 0.0
0.0 0.0 0.0
-4.355920791625977 31.64544677734375 -2.4172403812408447
0.0 0.0 0.0
0.0 0.0 0.0
0.0 0.0 0.0
0.0 0.0 0.0
0.0 0.0 0.0
0.0 0.0 0.0
0.0 0.0 0.0
-2.6303153038024902 32.45298385620117 -2.5131330490112305
-2.3518807888031006 31.76323127746582 -2.463486433029175
0.0 0.0 0.0
0.0 0.0 0.0
0.0 0.0 0.0
-1.4687871932983398 31.940027236938477 -2.486398458480835
0.0 0.0 0.0
0.0 0.0 0.0
0.0 0.0 0.0
-0.5782197713851929 32.11981964111328 -2.50651478767395
-0.3521217405796051 31.862031936645508 -2.4876644611358643
-0.13142430782318115 32.10893630981445 -2.50834059715271
0.0 0.0 0.0
0.31538665294647217 32.123233795166016 -2.5095810890197754
0.0 0.0 0.0
0.7731224298477173 32.40380096435547 -2.5313661098480225
0.0 0.0 0.0
1.2214319705963135 32.32387161254883 -2.5245883464813232
0.0 0.0 0.0
0.0 0.0 0.0
1.939583420753479 32.97199249267578 -2.571056842803955
2.1707353591918945 32.985069274902344 -2.570949077606201
2.3602874279022217 32.42562484741211 -2.5257022380828857
2.595489263534546 32.52906799316406 -2.5311319828033447
2.8353404998779297 32.62272262573242 -2.5358633995056152
0.0 0.0 0.0
3.287269353866577 32.565242767333984 -2.5267395973205566
3.5326969623565674 32.7200813293457 -2.536120891571045
0.0 0.0 0.0
4.007150173187256 32.795745849609375 -2.5345394611358643
4.232174396514893 32.74434280395508 -2.5270583629608154
0.0 0.0 0.0
0.0 0.0 0.0
0.0 0.0 0.0
5.199792385101318 32.98533248901367 -2.52882981300354
0.0 0.0 0.0
5.702671527862549 33.14440155029297 -2.5316104888916016
0.0 0.0 0.0
0.0 0.0 0.0
0.0 0.0 0.0
6.6944661140441895 33.31086730957031 -2.521164894104004
0.0 0.0 0.0
7.179049491882324 33.31885528564453 -2.5098257064819336
7.497344017028809 33.65673828125 -2.5279018878936768
7.766530513763428 33.756412506103516 -2.5280909538269043
0.0 0.0 0.0
8.288551330566406 33.84235763549805 -2.5200655460357666
0.0 0.0 0.0
0.0 0.0 0.0
0.0 0.0 0.0
0.0 0.0 0.0
0.0 0.0 0.0
9.928948402404785 34.26863098144531 -2.501377820968628
0.0 0.0 0.0
0.0 0.0 0.0
0.0 0.0 0.0
0.0 0.0 0.0
0.0 0.0 0.0
0.0 0.0 0.0
0.0 0.0 0.0
0.0 0.0 0.0
0.0 0.0 0.0
0.0 0.0 0.0
0.0 0.0 0.0
0.0 0.0 0.0
0.0 0.0 0.0
0.0 0.0 0.0
0.0 0.0 0.0
0.0 0.0 0.0
0.0 0.0 0.0
0.0 0.0 0.0
0.0 0.0 0.0
0.0 0.0 0.0
0.0 0.0 0.0
0.0 0.0 0.0
0.0 0.0 0.0
0.0 0.0 0.0
0.0 0.0 0.0
0.0 0.0 0.0
0.0 0.0 0.0
0.0 0.0 0.0
0.0 0.0 0.0
0.0 0.0 0.0
0.0 0.0 0.0
0.0 0.0 0.0
0.0 0.0 0.0
0.0 0.0 0.0
0.0 0.0 0.0
0.0 0.0 0.0
0.0 0.0 0.0
0.0 0.0 0.0
0.0 0.0 0.0
0.0 0.0 0.0
0.0 0.0 0.0
0.0 0.0 0.0
0.0 0.0 0.0
0.0 0.0 0.0
0.0 0.0 0.0
0.0 0.0 0.0
0.0 0.0 0.0
0.0 0.0 0.0
0.0 0.0 0.0
0.0 0.0 0.0
0.0 0.0 0.0
0.0 0.0 0.0
0.0 0.0 0.0
0.0 0.0 0.0
0.0 0.0 0.0
0.0 0.0 0.0
0.0 0.0 0.0
0.0 0.0 0.0
0.0 0.0 0.0
0.0 0.0 0.0
0.0 0.0 0.0
0.0 0.0 0.0
0.0 0.0 0.0
0.0 0.0 0.0
0.0 0.0 0.0
0.0 0.0 0.0
0.0 0.0 0.0
0.0 0.0 0.0
0.0 0.0 0.0
0.0 0.0 0.0
0.0 0.0 0.0
0.0 0.0 0.0
0.0 0.0 0.0
0.0 0.0 0.0
0.0 0.0 0.0
0.0 0.0 0.0
0.0 0.0 0.0
0.0 0.0 0.0
0.0 0.0 0.0
0.0 0.0 0.0
0.0 0.0 0.0
0.0 0.0 0.0
0.0 0.0 0.0
0.0 0.0 0.0
0.0 0.0 0.0
0.0 0.0 0.0
0.0 0.0 0.0
0.0 0.0 0.0
0.0 0.0 0.0
0.0 0.0 0.0
0.0 0.0 0.0
0.0 0.0 0.0
0.0 0.0 0.0
0.0 0.0 0.0
0.0 0.0 0.0
0.0 0.0 0.0
0.0 0.0 0.0
0.0 0.0 0.0
0.0 0.0 0.0
0.0 0.0 0.0
0.0 0.0 0.0
0.0 0.0 0.0
0.0 0.0 0.0
0.0 0.0 0.0
0.0 0.0 0.0
0.0 0.0 0.0
0.0 0.0 0.0
0.0 0.0 0.0
0.0 0.0 0.0
0.0 0.0 0.0
0.0 0.0 0.0
48.74851608276367 237.0008087158203 19.68375587463379
0.0 0.0 0.0
0.0 0.0 0.0
0.0 0.0 0.0
0.0 0.0 0.0
0.0 0.0 0.0
0.0 0.0 0.0
0.0 0.0 0.0
0.0 0.0 0.0
0.0 0.0 0.0
0.0 0.0 0.0
0.0 0.0 0.0
0.0 0.0 0.0
0.0 0.0 0.0
0.0 0.0 0.0
0.0 0.0 0.0
0.0 0.0 0.0
0.0 0.0 0.0
0.0 0.0 0.0
0.0 0.0 0.0
0.0 0.0 0.0
0.0 0.0 0.0
0.0 0.0 0.0
0.0 0.0 0.0
0.0 0.0 0.0
0.0 0.0 0.0
0.0 0.0 0.0
0.0 0.0 0.0
0.0 0.0 0.0
0.0 0.0 0.0
0.0 0.0 0.0
0.0 0.0 0.0
0.0 0.0 0.0
0.0 0.0 0.0
0.0 0.0 0.0
0.0 0.0 0.0
0.0 0.0 0.0
0.0 0.0 0.0
0.0 0.0 0.0
0.0 0.0 0.0
0.0 0.0 0.0
0.0 0.0 0.0
0.0 0.0 0.0
0.0 0.0 0.0
0.0 0.0 0.0
0.0 0.0 0.0
-10.849282264709473 91.31027221679688 7.873851299285889
0.0 0.0 0.0
0.0 0.0 0.0
0.0 0.0 0.0
0.0 0.0 0.0
0.0 0.0 0.0
0.0 0.0 0.0
0.0 0.0 0.0
0.0 0.0 0.0
0.0 0.0 0.0
0.0 0.0 0.0
0.0 0.0 0.0
0.0 0.0 0.0
0.0 0.0 0.0
0.0 0.0 0.0
0.0 0.0 0.0
0.0 0.0 0.0
0.0 0.0 0.0
0.0 0.0 0.0
0.0 0.0 0.0
0.0 0.0 0.0
0.0 0.0 0.0
0.0 0.0 0.0
0.0 0.0 0.0
0.0 0.0 0.0
0.0 0.0 0.0
0.0 0.0 0.0
0.0 0.0 0.0
0.0 0.0 0.0
0.0 0.0 0.0
0.0 0.0 0.0
0.0 0.0 0.0
0.0 0.0 0.0
0.0 0.0 0.0
0.0 0.0 0.0
0.0 0.0 0.0
0.0 0.0 0.0
0.0 0.0 0.0
0.0 0.0 0.0
0.0 0.0 0.0
0.0 0.0 0.0
0.0 0.0 0.0
0.0 0.0 0.0
0.0 0.0 0.0
0.0 0.0 0.0
0.0 0.0 0.0
0.0 0.0 0.0
0.0 0.0 0.0
0.0 0.0 0.0
0.0 0.0 0.0
0.0 0.0 0.0
0.0 0.0 0.0
0.0 0.0 0.0
0.0 0.0 0.0
0.0 0.0 0.0
0.0 0.0 0.0
0.0 0.0 0.0
0.0 0.0 0.0
0.0 0.0 0.0
0.0 0.0 0.0
0.0 0.0 0.0
0.0 0.0 0.0
0.0 0.0 0.0
0.0 0.0 0.0
0.0 0.0 0.0
0.0 0.0 0.0
0.0 0.0 0.0
0.0 0.0 0.0
0.0 0.0 0.0
0.0 0.0 0.0
0.0 0.0 0.0
0.0 0.0 0.0
0.0 0.0 0.0
0.0 0.0 0.0
0.0 0.0 0.0
0.0 0.0 0.0
0.0 0.0 0.0
0.0 0.0 0.0
0.0 0.0 0.0
0.0 0.0 0.0
0.0 0.0 0.0
0.0 0.0 0.0
0.0 0.0 0.0
0.0 0.0 0.0
0.0 0.0 0.0
0.0 0.0 0.0
0.0 0.0 0.0
0.0 0.0 0.0
0.0 0.0 0.0
0.0 0.0 0.0
0.0 0.0 0.0
0.0 0.0 0.0
0.0 0.0 0.0
0.0 0.0 0.0
0.0 0.0 0.0
0.0 0.0 0.0
0.0 0.0 0.0
0.0 0.0 0.0
0.0 0.0 0.0
0.0 0.0 0.0
0.0 0.0 0.0
0.0 0.0 0.0
0.0 0.0 0.0
0.0 0.0 0.0
0.0 0.0 0.0
0.0 0.0 0.0
0.0 0.0 0.0
0.0 0.0 0.0
0.0 0.0 0.0
0.0 0.0 0.0
0.0 0.0 0.0
0.0 0.0 0.0
0.0 0.0 0.0
0.0 0.0 0.0
0.0 0.0 0.0
0.0 0.0 0.0
0.0 0.0 0.0
0.0 0.0 0.0
0.0 0.0 0.0
0.0 0.0 0.0
0.0 0.0 0.0
0.0 0.0 0.0
0.0 0.0 0.0
0.0 0.0 0.0
0.0 0.0 0.0
0.0 0.0 0.0
0.0 0.0 0.0
0.0 0.0 0.0
0.0 0.0 0.0
0.0 0.0 0.0
0.0 0.0 0.0
0.0 0.0 0.0
-7.366115093231201 32.3333625793457 -2.310253381729126
0.0 0.0 0.0
0.0 0.0 0.0
0.0 0.0 0.0
0.0 0.0 0.0
-6.170173645019531 32.24174880981445 -2.340265989303589
0.0 0.0 0.0
-5.709766387939453 32.265804290771484 -2.3540594577789307
0.0 0.0 0.0
-5.228383541107178 32.14867401123047 -2.357407569885254
0.0 0.0 0.0
-4.759367942810059 32.106040954589844 -2.3654465675354004
-4.543376922607422 32.191890716552734 -2.3763628005981445
0.0 0.0 0.0
0.0 0.0 0.0
-3.8667497634887695 32.247222900390625 -2.3948776721954346
0.0 0.0 0.0
0.0 0.0 0.0
0.0 0.0 0.0
0.0 0.0 0.0
0.0 0.0 0.0
0.0 0.0 0.0
0.0 0.0 0.0
0.0 0.0 0.0
-1.81928551197052 32.19769287109375 -2.421595335006714
0.0 0.0 0.0
0.0 0.0 0.0
-1.1493905782699585 32.41499328613281 -2.444432020187378
0.0 0.0 0.0
-0.7047176361083984 32.711814880371094 -2.4699900150299072
0.0 0.0 0.0
0.0 0.0 0.0
0.0 0.0 0.0
0.21131643652915955 33.026180267333984 -2.4967105388641357
0.0 0.0 0.0
0.0 0.0 0.0
0.8989219665527344 32.96009063720703 -2.492283344268799
1.1248390674591064 32.74671173095703 -2.4751110076904297
0.0 0.0 0.0
1.583249807357788 32.78647994995117 -2.4764328002929688
1.8219451904296875 32.96925735473633 -2.489572525024414
0.0 0.0 0.0
0.0 0.0 0.0
0.0 0.0 0.0
2.749572515487671 32.99565887451172 -2.4847230911254883
0.0 0.0 0.0
0.0 0.0 0.0
0.0 0.0 0.0
3.71358060836792 33.29438400268555 -2.4966723918914795
3.9367527961730957 33.19459915161133 -2.485840320587158
0.0 0.0 0.0
0.0 0.0 0.0
0.0 0.0 0.0
4.902613639831543 33.34322738647461 -2.481590509414673
5.145547866821289 33.378074645996094 -2.4797539710998535
0.0 0.0 0.0
5.643983364105225 33.50786590576172 -2.480846643447876
5.922574043273926 33.72937774658203 -2.491772413253784
0.0 0.0 0.0
0.0 0.0 0.0
0.0 0.0 0.0
6.930174827575684 33.88153076171875 -2.4806482791900635
0.0 0.0 0.0
7.4485321044921875 33.980323791503906 -2.4743854999542236
0.0 0.0 0.0
0.0 0.0 0.0
0.0 0.0 0.0
0.0 0.0 0.0
8.802517890930176 34.375511169433594 -2.467154026031494
0.0 0.0 0.0
0.0 0.0 0.0
0.0 0.0 0.0
0.0 0.0 0.0
0.0 0.0 0.0
0.0 0.0 0.0
0.0 0.0 0.0
0.0 0.0 0.0
0.0 0.0 0.0
11.76904582977295 35.47523880004883 -2.4548275470733643
0.0 0.0 0.0
0.0 0.0 0.0
0.0 0.0 0.0
0.0 0.0 0.0
0.0 0.0 0.0
0.0 0.0 0.0
0.0 0.0 0.0
7.290493965148926 18.45703887939453 -1.2299023866653442
0.0 0.0 0.0
0.0 0.0 0.0
0.0 0.0 0.0
15.6722993850708 36.64772033691406 -2.3881847858428955
0.0 0.0 0.0
0.0 0.0 0.0
0.0 0.0 0.0
0.0 0.0 0.0
0.0 0.0 0.0
0.0 0.0 0.0
0.0 0.0 0.0
0.0 0.0 0.0
0.0 0.0 0.0
0.0 0.0 0.0
0.0 0.0 0.0
0.0 0.0 0.0
0.0 0.0 0.0
0.0 0.0 0.0
0.0 0.0 0.0
0.0 0.0 0.0
0.0 0.0 0.0
0.0 0.0 0.0
0.0 0.0 0.0
0.0 0.0 0.0
0.0 0.0 0.0
0.0 0.0 0.0
0.0 0.0 0.0
0.0 0.0 0.0
0.0 0.0 0.0
0.0 0.0 0.0
0.0 0.0 0.0
0.0 0.0 0.0
0.0 0.0 0.0
0.0 0.0 0.0
0.0 0.0 0.0
0.0 0.0 0.0
0.0 0.0 0.0
0.0 0.0 0.0
0.0 0.0 0.0
0.0 0.0 0.0
0.0 0.0 0.0
0.0 0.0 0.0
0.0 0.0 0.0
0.0 0.0 0.0
0.0 0.0 0.0
0.0 0.0 0.0
0.0 0.0 0.0
0.0 0.0 0.0
0.0 0.0 0.0
0.0 0.0 0.0
0.0 0.0 0.0
0.0 0.0 0.0
0.0 0.0 0.0
0.0 0.0 0.0
0.0 0.0 0.0
0.0 0.0 0.0
0.0 0.0 0.0
0.0 0.0 0.0
0.0 0.0 0.0
0.0 0.0 0.0
0.0 0.0 0.0
0.0 0.0 0.0
0.0 0.0 0.0
0.0 0.0 0.0
0.0 0.0 0.0
0.0 0.0 0.0
0.0 0.0 0.0
0.0 0.0 0.0
0.0 0.0 0.0
0.0 0.0 0.0
0.0 0.0 0.0
0.0 0.0 0.0
0.0 0.0 0.0
0.0 0.0 0.0
0.0 0.0 0.0
0.0 0.0 0.0
0.0 0.0 0.0
0.0 0.0 0.0
0.0 0.0 0.0
0.0 0.0 0.0
0.0 0.0 0.0
0.0 0.0 0.0
0.0 0.0 0.0
0.0 0.0 0.0
0.0 0.0 0.0
0.0 0.0 0.0
0.0 0.0 0.0
0.0 0.0 0.0
0.0 0.0 0.0
0.0 0.0 0.0
0.0 0.0 0.0
0.0 0.0 0.0
0.0 0.0 0.0
0.0 0.0 0.0
0.0 0.0 0.0
0.0 0.0 0.0
0.0 0.0 0.0
0.0 0.0 0.0
0.0 0.0 0.0
0.0 0.0 0.0
0.0 0.0 0.0
0.0 0.0 0.0
0.0 0.0 0.0
0.0 0.0 0.0
0.0 0.0 0.0
0.0 0.0 0.0
0.0 0.0 0.0
0.0 0.0 0.0
0.0 0.0 0.0
0.0 0.0 0.0
0.0 0.0 0.0
0.0 0.0 0.0
0.0 0.0 0.0
0.0 0.0 0.0
0.0 0.0 0.0
0.0 0.0 0.0
0.0 0.0 0.0
0.0 0.0 0.0
0.0 0.0 0.0
0.0 0.0 0.0
0.0 0.0 0.0
0.0 0.0 0.0
0.0 0.0 0.0
0.0 0.0 0.0
0.0 0.0 0.0
0.0 0.0 0.0
0.0 0.0 0.0
0.0 0.0 0.0
0.0 0.0 0.0
0.0 0.0 0.0
0.0 0.0 0.0
0.0 0.0 0.0
0.0 0.0 0.0
0.0 0.0 0.0
0.0 0.0 0.0
0.0 0.0 0.0
0.0 0.0 0.0
0.0 0.0 0.0
0.0 0.0 0.0
0.0 0.0 0.0
0.0 0.0 0.0
0.0 0.0 0.0
0.0 0.0 0.0
0.0 0.0 0.0
0.0 0.0 0.0
0.0 0.0 0.0
0.0 0.0 0.0
0.0 0.0 0.0
0.0 0.0 0.0
0.0 0.0 0.0
0.0 0.0 0.0
0.0 0.0 0.0
0.0 0.0 0.0
0.0 0.0 0.0
0.0 0.0 0.0
0.0 0.0 0.0
0.0 0.0 0.0
0.0 0.0 0.0
0.0 0.0 0.0
0.0 0.0 0.0
0.0 0.0 0.0
0.0 0.0 0.0
0.0 0.0 0.0
0.0 0.0 0.0
0.0 0.0 0.0
0.0 0.0 0.0
0.0 0.0 0.0
0.0 0.0 0.0
0.0 0.0 0.0
0.0 0.0 0.0
0.0 0.0 0.0
0.0 0.0 0.0
0.0 0.0 0.0
0.0 0.0 0.0
0.0 0.0 0.0
0.0 0.0 0.0
0.0 0.0 0.0
0.0 0.0 0.0
0.0 0.0 0.0
0.0 0.0 0.0
0.0 0.0 0.0
0.0 0.0 0.0
0.0 0.0 0.0
0.0 0.0 0.0
0.0 0.0 0.0
0.0 0.0 0.0
0.0 0.0 0.0
0.0 0.0 0.0
0.0 0.0 0.0
0.0 0.0 0.0
0.0 0.0 0.0
0.0 0.0 0.0
0.0 0.0 0.0
0.0 0.0 0.0
0.0 0.0 0.0
0.0 0.0 0.0
0.0 0.0 0.0
0.0 0.0 0.0
0.0 0.0 0.0
0.0 0.0 0.0
0.0 0.0 0.0
0.0 0.0 0.0
0.0 0.0 0.0
0.0 0.0 0.0
0.0 0.0 0.0
0.0 0.0 0.0
0.0 0.0 0.0
0.0 0.0 0.0
0.0 0.0 0.0
0.0 0.0 0.0
0.0 0.0 0.0
0.0 0.0 0.0
0.0 0.0 0.0
0.0 0.0 0.0
0.0 0.0 0.0
0.0 0.0 0.0
0.0 0.0 0.0
0.0 0.0 0.0
0.0 0.0 0.0
0.0 0.0 0.0
0.0 0.0 0.0
0.0 0.0 0.0
0.0 0.0 0.0
0.0 0.0 0.0
0.0 0.0 0.0
0.0 0.0 0.0
0.0 0.0 0.0
0.0 0.0 0.0
0.0 0.0 0.0
0.0 0.0 0.0
0.0 0.0 0.0
0.0 0.0 0.0
0.0 0.0 0.0
0.0 0.0 0.0
0.0 0.0 0.0
0.0 0.0 0.0
0.0 0.0 0.0
0.0 0.0 0.0
0.0 0.0 0.0
0.0 0.0 0.0
0.0 0.0 0.0
0.0 0.0 0.0
0.0 0.0 0.0
0.0 0.0 0.0
0.0 0.0 0.0
0.0 0.0 0.0
0.0 0.0 0.0
0.0 0.0 0.0
0.0 0.0 0.0
0.0 0.0 0.0
0.0 0.0 0.0
0.0 0.0 0.0
0.0 0.0 0.0
0.0 0.0 0.0
0.0 0.0 0.0
0.0 0.0 0.0
0.0 0.0 0.0
0.0 0.0 0.0
0.0 0.0 0.0
0.0 0.0 0.0
0.0 0.0 0.0
0.0 0.0 0.0
0.0 0.0 0.0
0.0 0.0 0.0
0.0 0.0 0.0
0.0 0.0 0.0
0.0 0.0 0.0
0.0 0.0 0.0
0.0 0.0 0.0
0.0 0.0 0.0
0.0 0.0 0.0
0.0 0.0 0.0
0.0 0.0 0.0
0.0 0.0 0.0
0.0 0.0 0.0
0.0 0.0 0.0
0.0 0.0 0.0
0.0 0.0 0.0
0.0 0.0 0.0
-6.32990837097168 32.46318435668945 -2.269766092300415
-6.15420389175415 32.77391815185547 -2.2975709438323975
0.0 0.0 0.0
0.0 0.0 0.0
0.0 0.0 0.0
0.0 0.0 0.0
0.0 0.0 0.0
-4.714601039886475 32.57123947143555 -2.31758189201355
0.0 0.0 0.0
-4.251123428344727 32.5906982421875 -2.3292529582977295
-4.015272617340088 32.5494499206543 -2.3309109210968018
0.0 0.0 0.0
0.0 0.0 0.0
0.0 0.0 0.0
0.0 0.0 0.0
0.0 0.0 0.0
0.0 0.0 0.0
0.0 0.0 0.0
-2.1987106800079346 32.797611236572266 -2.3766303062438965
0.0 0.0 0.0
0.0 0.0 0.0
-1.51058030128479 32.85527801513672 -2.388031482696533
-1.2809579372406006 32.845367431640625 -2.388909339904785
-1.0545859336853027 32.91951370239258 -2.396017074584961
0.0 0.0 0.0
-0.593159556388855 32.973594665527344 -2.403665781021118
-0.36387407779693604 32.98467254638672 -2.4047746658325195
0.0 0.0 0.0
0.09489382803440094 32.943607330322266 -2.4027316570281982
0.328867644071579 33.4329719543457 -2.439082145690918
0.5531960129737854 32.71302795410156 -2.387333393096924
0.7872932553291321 32.977195739746094 -2.40596079826355
0.0 0.0 0.0
1.2449198961257935 32.93596649169922 -2.401691198348999
1.478705644607544 33.035579681396484 -2.408496856689453
1.7098302841186523 32.973793029785156 -2.4036459922790527
0.0 0.0 0.0
2.203691244125366 33.48367691040039 -2.4375760555267334
0.0 0.0 0.0
2.705078601837158 33.89679718017578 -2.4644453525543213
2.906691551208496 33.43842315673828 -2.429689884185791
3.1355204582214355 33.378883361816406 -2.4230823516845703
3.3780126571655273 33.46126174926758 -2.426302671432495
3.6218011379241943 33.5418815612793 -2.4294955730438232
0.0 0.0 0.0
4.133787155151367 33.82872772216797 -2.445218801498413
4.366099834442139 33.780277252197266 -2.4383838176727295
0.0 0.0 0.0
0.0 0.0 0.0
0.0 0.0 0.0
0.0 0.0 0.0
0.0 0.0 0.0
0.0 0.0 0.0
6.087623596191406 33.96376037597656 -2.4209702014923096
0.0 0.0 0.0
6.638115882873535 34.27846145629883 -2.433605670928955
6.862609386444092 34.1434326171875 -2.4185826778411865
7.135078430175781 34.263370513916016 -2.420924425125122
0.0 0.0 0.0
0.0 0.0 0.0
7.919251918792725 34.416683197021484 -2.4138247966766357
0.0 0.0 0.0
8.484817504882812 34.64438247680664 -2.416032314300537
0.0 0.0 0.0
0.0 0.0 0.0
0.0 0.0 0.0
0.0 0.0 0.0
0.0 0.0 0.0
0.0 0.0 0.0
0.0 0.0 0.0
0.0 0.0 0.0
0.0 0.0 0.0
0.0 0.0 0.0
0.0 0.0 0.0
0.0 0.0 0.0
0.0 0.0 0.0
0.0 0.0 0.0
0.0 0.0 0.0
0.0 0.0 0.0
0.0 0.0 0.0
0.0 0.0 0.0
0.0 0.0 0.0
0.0 0.0 0.0
0.0 0.0 0.0
0.0 0.0 0.0
0.0 0.0 0.0
0.0 0.0 0.0
0.0 0.0 0.0
0.0 0.0 0.0
0.0 0.0 0.0
0.0 0.0 0.0
0.0 0.0 0.0
0.0 0.0 0.0
0.0 0.0 0.0
0.0 0.0 0.0
0.0 0.0 0.0
0.0 0.0 0.0
0.0 0.0 0.0
0.0 0.0 0.0
0.0 0.0 0.0
0.0 0.0 0.0
0.0 0.0 0.0
0.0 0.0 0.0
0.0 0.0 0.0
0.0 0.0 0.0
0.0 0.0 0.0
0.0 0.0 0.0
0.0 0.0 0.0
0.0 0.0 0.0
0.0 0.0 0.0
0.0 0.0 0.0
0.0 0.0 0.0
0.0 0.0 0.0
0.0 0.0 0.0
0.0 0.0 0.0
0.0 0.0 0.0
0.0 0.0 0.0
0.0 0.0 0.0
0.0 0.0 0.0
0.0 0.0 0.0
0.0 0.0 0.0
0.0 0.0 0.0
0.0 0.0 0.0
0.0 0.0 0.0
0.0 0.0 0.0
0.0 0.0 0.0
0.0 0.0 0.0
0.0 0.0 0.0
0.0 0.0 0.0
0.0 0.0 0.0
0.0 0.0 0.0
0.0 0.0 0.0
0.0 0.0 0.0
0.0 0.0 0.0
0.0 0.0 0.0
0.0 0.0 0.0
0.0 0.0 0.0
0.0 0.0 0.0
0.0 0.0 0.0
0.0 0.0 0.0
0.0 0.0 0.0
0.0 0.0 0.0
0.0 0.0 0.0
0.0 0.0 0.0
0.0 0.0 0.0
0.0 0.0 0.0
0.0 0.0 0.0
0.0 0.0 0.0
0.0 0.0 0.0
0.0 0.0 0.0
0.0 0.0 0.0
0.0 0.0 0.0
0.0 0.0 0.0
0.0 0.0 0.0
0.0 0.0 0.0
0.0 0.0 0.0
0.0 0.0 0.0
0.0 0.0 0.0
0.0 0.0 0.0
0.0 0.0 0.0
0.0 0.0 0.0
0.0 0.0 0.0
0.0 0.0 0.0
0.0 0.0 0.0
0.0 0.0 0.0
0.0 0.0 0.0
0.0 0.0 0.0
0.0 0.0 0.0
0.0 0.0 0.0
0.0 0.0 0.0
0.0 0.0 0.0
0.0 0.0 0.0
0.0 0.0 0.0
0.0 0.0 0.0
0.0 0.0 0.0
0.0 0.0 0.0
0.0 0.0 0.0
0.0 0.0 0.0
0.0 0.0 0.0
0.0 0.0 0.0
0.0 0.0 0.0
0.0 0.0 0.0
0.0 0.0 0.0
0.0 0.0 0.0
0.0 0.0 0.0
0.0 0.0 0.0
0.0 0.0 0.0
0.0 0.0 0.0
0.0 0.0 0.0
0.0 0.0 0.0
0.0 0.0 0.0
0.0 0.0 0.0
0.0 0.0 0.0
0.0 0.0 0.0
0.0 0.0 0.0
0.0 0.0 0.0
0.0 0.0 0.0
0.0 0.0 0.0
0.0 0.0 0.0
0.0 0.0 0.0
0.0 0.0 0.0
0.0 0.0 0.0
0.0 0.0 0.0
0.0 0.0 0.0
0.0 0.0 0.0
0.0 0.0 0.0
0.0 0.0 0.0
0.0 0.0 0.0
0.0 0.0 0.0
0.0 0.0 0.0
0.0 0.0 0.0
0.0 0.0 0.0
0.0 0.0 0.0
0.0 0.0 0.0
0.0 0.0 0.0
0.0 0.0 0.0
0.0 0.0 0.0
0.0 0.0 0.0
0.0 0.0 0.0
0.0 0.0 0.0
0.0 0.0 0.0
0.0 0.0 0.0
0.0 0.0 0.0
0.0 0.0 0.0
0.0 0.0 0.0
0.0 0.0 0.0
0.0 0.0 0.0
0.0 0.0 0.0
0.0 0.0 0.0
0.0 0.0 0.0
0.0 0.0 0.0
0.0 0.0 0.0
0.0 0.0 0.0
0.0 0.0 0.0
0.0 0.0 0.0
0.0 0.0 0.0
0.0 0.0 0.0
0.0 0.0 0.0
0.0 0.0 0.0
0.0 0.0 0.0
0.0 0.0 0.0
0.0 0.0 0.0
0.0 0.0 0.0
0.0 0.0 0.0
0.0 0.0 0.0
0.0 0.0 0.0
0.0 0.0 0.0
0.0 0.0 0.0
0.0 0.0 0.0
0.0 0.0 0.0
0.0 0.0 0.0
0.0 0.0 0.0
0.0 0.0 0.0
0.0 0.0 0.0
0.0 0.0 0.0
0.0 0.0 0.0
0.0 0.0 0.0
0.0 0.0 0.0
0.0 0.0 0.0
0.0 0.0 0.0
0.0 0.0 0.0
0.0 0.0 0.0
0.0 0.0 0.0
0.0 0.0 0.0
0.0 0.0 0.0
0.0 0.0 0.0
0.0 0.0 0.0
0.0 0.0 0.0
0.0 0.0 0.0
0.0 0.0 0.0
0.0 0.0 0.0
0.0 0.0 0.0
0.0 0.0 0.0
0.0 0.0 0.0
0.0 0.0 0.0
0.0 0.0 0.0
0.0 0.0 0.0
0.0 0.0 0.0
0.0 0.0 0.0
0.0 0.0 0.0
0.0 0.0 0.0
0.0 0.0 0.0
0.0 0.0 0.0
0.0 0.0 0.0
0.0 0.0 0.0
0.0 0.0 0.0
0.0 0.0 0.0
0.0 0.0 0.0
0.0 0.0 0.0
0.0 0.0 0.0
0.0 0.0 0.0
0.0 0.0 0.0
0.0 0.0 0.0
0.0 0.0 0.0
0.0 0.0 0.0
0.0 0.0 0.0
0.0 0.0 0.0
0.0 0.0 0.0
0.0 0.0 0.0
0.0 0.0 0.0
0.0 0.0 0.0
0.0 0.0 0.0
0.0 0.0 0.0
0.0 0.0 0.0
0.0 0.0 0.0
0.0 0.0 0.0
0.0 0.0 0.0
0.0 0.0 0.0
0.0 0.0 0.0
0.0 0.0 0.0
0.0 0.0 0.0
0.0 0.0 0.0
0.0 0.0 0.0
0.0 0.0 0.0
0.0 0.0 0.0
0.0 0.0 0.0
0.0 0.0 0.0
0.0 0.0 0.0
0.0 0.0 0.0
0.0 0.0 0.0
0.0 0.0 0.0
0.0 0.0 0.0
0.0 0.0 0.0
0.0 0.0 0.0
0.0 0.0 0.0
0.0 0.0 0.0
0.0 0.0 0.0
0.0 0.0 0.0
0.0 0.0 0.0
0.0 0.0 0.0
0.0 0.0 0.0
0.0 0.0 0.0
0.0 0.0 0.0
0.0 0.0 0.0
0.0 0.0 0.0
0.0 0.0 0.0
0.0 0.0 0.0
0.0 0.0 0.0
0.0 0.0 0.0
0.0 0.0 0.0
0.0 0.0 0.0
0.0 0.0 0.0
0.0 0.0 0.0
0.0 0.0 0.0
0.0 0.0 0.0
0.0 0.0 0.0
0.0 0.0 0.0
0.0 0.0 0.0
0.0 0.0 0.0
0.0 0.0 0.0
0.0 0.0 0.0
0.0 0.0 0.0
0.0 0.0 0.0
0.0 0.0 0.0
0.0 0.0 0.0
0.0 0.0 0.0
0.0 0.0 0.0
0.0 0.0 0.0
0.0 0.0 0.0
0.0 0.0 0.0
0.0 0.0 0.0
0.0 0.0 0.0
-6.524274826049805 32.83982467651367 -2.212855577468872
-6.302687168121338 32.941978454589844 -2.225947380065918
0.0 0.0 0.0
0.0 0.0 0.0
0.0 0.0 0.0
0.0 0.0 0.0
0.0 0.0 0.0
0.0 0.0 0.0
0.0 0.0 0.0
0.0 0.0 0.0
0.0 0.0 0.0
0.0 0.0 0.0
-3.7290420532226562 33.0867919921875 -2.2911155223846436
0.0 0.0 0.0
-3.262129545211792 33.07655715942383 -2.2984619140625
0.0 0.0 0.0
0.0 0.0 0.0
0.0 0.0 0.0
-2.3252594470977783 32.99422836303711 -2.3045923709869385
-2.1022138595581055 33.114315032958984 -2.3162147998809814
0.0 0.0 0.0
0.0 0.0 0.0
0.0 0.0 0.0
-1.1849085092544556 33.42027282714844 -2.345710039138794
-0.9474366307258606 33.24833679199219 -2.3358981609344482
-0.717129647731781 33.308563232421875 -2.341148853302002
0.0 0.0 0.0
-0.24886472523212433 33.225582122802734 -2.3369362354278564
0.0 0.0 0.0
0.0 0.0 0.0
0.4484790563583374 33.507808685302734 -2.3591127395629883
0.6902564167976379 33.93635559082031 -2.389047622680664
0.9151544570922852 33.525672912597656 -2.3600170612335205
1.1576628684997559 33.678070068359375 -2.3707399368286133
1.3810290098190308 33.408390045166016 -2.3518662452697754
0.0 0.0 0.0
1.871028184890747 33.84531021118164 -2.380369186401367
0.0 0.0 0.0
2.3583643436431885 33.99488067626953 -2.387990951538086
2.561847686767578 33.54654312133789 -2.355250835418701
2.7883358001708984 33.446571350097656 -2.346593141555786
0.0 0.0 0.0
0.0 0.0 0.0
0.0 0.0 0.0
0.0 0.0 0.0
4.0589494705200195 34.21260452270508 -2.387389659881592
0.0 0.0 0.0
4.543981075286865 34.22311019897461 -2.3810372352600098
0.0 0.0 0.0
0.0 0.0 0.0
0.0 0.0 0.0
0.0 0.0 0.0
5.824453353881836 34.57628631591797 -2.3863022327423096
6.099720001220703 34.73506164550781 -2.3927924633026123
0.0 0.0 0.0
0.0 0.0 0.0
0.0 0.0 0.0
0.0 0.0 0.0
0.0 0.0 0.0
0.0 0.0 0.0
0.0 0.0 0.0
0.0 0.0 0.0
0.0 0.0 0.0
0.0 0.0 0.0
0.0 0.0 0.0
0.0 0.0 0.0
0.0 0.0 0.0
0.0 0.0 0.0
0.0 0.0 0.0
0.0 0.0 0.0
0.0 0.0 0.0
0.0 0.0 0.0
0.0 0.0 0.0
0.0 0.0 0.0
0.0 0.0 0.0
0.0 0.0 0.0
0.0 0.0 0.0
0.0 0.0 0.0
0.0 0.0 0.0
0.0 0.0 0.0
0.0 0.0 0.0
0.0 0.0 0.0
0.0 0.0 0.0
0.0 0.0 0.0
0.0 0.0 0.0
0.0 0.0 0.0
0.0 0.0 0.0
0.0 0.0 0.0
0.0 0.0 0.0
0.0 0.0 0.0
0.0 0.0 0.0
0.0 0.0 0.0
0.0 0.0 0.0
0.0 0.0 0.0
0.0 0.0 0.0
0.0 0.0 0.0
0.0 0.0 0.0
0.0 0.0 0.0
0.0 0.0 0.0
0.0 0.0 0.0
0.0 0.0 0.0
0.0 0.0 0.0
0.0 0.0 0.0
0.0 0.0 0.0
0.0 0.0 0.0
0.0 0.0 0.0
0.0 0.0 0.0
0.0 0.0 0.0
0.0 0.0 0.0
0.0 0.0 0.0
0.0 0.0 0.0
0.0 0.0 0.0
0.0 0.0 0.0
0.0 0.0 0.0
0.0 0.0 0.0
0.0 0.0 0.0
0.0 0.0 0.0
0.0 0.0 0.0
0.0 0.0 0.0
0.0 0.0 0.0
0.0 0.0 0.0
0.0 0.0 0.0
0.0 0.0 0.0
0.0 0.0 0.0
0.0 0.0 0.0
0.0 0.0 0.0
0.0 0.0 0.0
0.0 0.0 0.0
0.0 0.0 0.0
0.0 0.0 0.0
0.0 0.0 0.0
0.0 0.0 0.0
0.0 0.0 0.0
0.0 0.0 0.0
0.0 0.0 0.0
0.0 0.0 0.0
0.0 0.0 0.0
0.0 0.0 0.0
0.0 0.0 0.0
0.0 0.0 0.0
0.0 0.0 0.0
0.0 0.0 0.0
0.0 0.0 0.0
0.0 0.0 0.0
0.0 0.0 0.0
0.0 0.0 0.0
0.0 0.0 0.0
0.0 0.0 0.0
0.0 0.0 0.0
0.0 0.0 0.0
0.0 0.0 0.0
0.0 0.0 0.0
0.0 0.0 0.0
0.0 0.0 0.0
0.0 0.0 0.0
0.0 0.0 0.0
0.0 0.0 0.0
0.0 0.0 0.0
0.0 0.0 0.0
0.0 0.0 0.0
0.0 0.0 0.0
0.0 0.0 0.0
0.0 0.0 0.0
0.0 0.0 0.0
0.0 0.0 0.0
0.0 0.0 0.0
0.0 0.0 0.0
0.0 0.0 0.0
0.0 0.0 0.0
0.0 0.0 0.0
0.0 0.0 0.0
0.0 0.0 0.0
0.0 0.0 0.0
0.0 0.0 0.0
0.0 0.0 0.0
0.0 0.0 0.0
0.0 0.0 0.0
0.0 0.0 0.0
0.0 0.0 0.0
0.0 0.0 0.0
0.0 0.0 0.0
0.0 0.0 0.0
0.0 0.0 0.0
0.0 0.0 0.0
0.0 0.0 0.0
0.0 0.0 0.0
0.0 0.0 0.0
0.0 0.0 0.0
0.0 0.0 0.0
0.0 0.0 0.0
0.0 0.0 0.0
0.0 0.0 0.0
0.0 0.0 0.0
0.0 0.0 0.0
0.0 0.0 0.0
0.0 0.0 0.0
0.0 0.0 0.0
0.0 0.0 0.0
0.0 0.0 0.0
0.0 0.0 0.0
0.0 0.0 0.0
0.0 0.0 0.0
0.0 0.0 0.0
0.0 0.0 0.0
0.0 0.0 0.0
0.0 0.0 0.0
0.0 0.0 0.0
0.0 0.0 0.0
0.0 0.0 0.0
0.0 0.0 0.0
0.0 0.0 0.0
0.0 0.0 0.0
0.0 0.0 0.0
0.0 0.0 0.0
0.0 0.0 0.0
0.0 0.0 0.0
0.0 0.0 0.0
0.0 0.0 0.0
0.0 0.0 0.0
0.0 0.0 0.0
0.0 0.0 0.0
0.0 0.0 0.0
0.0 0.0 0.0
0.0 0.0 0.0
0.0 0.0 0.0
0.0 0.0 0.0
0.0 0.0 0.0
0.0 0.0 0.0
0.0 0.0 0.0
0.0 0.0 0.0
0.0 0.0 0.0
0.0 0.0 0.0
0.0 0.0 0.0
0.0 0.0 0.0
0.0 0.0 0.0
0.0 0.0 0.0
0.0 0.0 0.0
0.0 0.0 0.0
0.0 0.0 0.0
0.0 0.0 0.0
0.0 0.0 0.0
0.0 0.0 0.0
0.0 0.0 0.0
0.0 0.0 0.0
0.0 0.0 0.0
0.0 0.0 0.0
0.0 0.0 0.0
0.0 0.0 0.0
0.0 0.0 0.0
0.0 0.0 0.0
0.0 0.0 0.0
0.0 0.0 0.0
0.0 0.0 0.0
0.0 0.0 0.0
0.0 0.0 0.0
0.0 0.0 0.0
0.0 0.0 0.0
0.0 0.0 0.0
0.0 0.0 0.0
0.0 0.0 0.0
0.0 0.0 0.0
0.0 0.0 0.0
0.0 0.0 0.0
0.0 0.0 0.0
0.0 0.0 0.0
0.0 0.0 0.0
0.0 0.0 0.0
0.0 0.0 0.0
0.0 0.0 0.0
0.0 0.0 0.0
0.0 0.0 0.0
0.0 0.0 0.0
0.0 0.0 0.0
0.0 0.0 0.0
0.0 0.0 0.0
0.0 0.0 0.0
0.0 0.0 0.0
0.0 0.0 0.0
0.0 0.0 0.0
0.0 0.0 0.0
0.0 0.0 0.0
0.0 0.0 0.0
0.0 0.0 0.0
0.0 0.0 0.0
0.0 0.0 0.0
0.0 0.0 0.0
0.0 0.0 0.0
0.0 0.0 0.0
0.0 0.0 0.0
0.0 0.0 0.0
0.0 0.0 0.0
0.0 0.0 0.0
0.0 0.0 0.0
0.0 0.0 0.0
0.0 0.0 0.0
0.0 0.0 0.0
0.0 0.0 0.0
0.0 0.0 0.0
0.0 0.0 0.0
0.0 0.0 0.0
0.0 0.0 0.0
0.0 0.0 0.0
0.0 0.0 0.0
0.0 0.0 0.0
0.0 0.0 0.0
0.0 0.0 0.0
0.0 0.0 0.0
0.0 0.0 0.0
0.0 0.0 0.0
0.0 0.0 0.0
0.0 0.0 0.0
0.0 0.0 0.0
0.0 0.0 0.0
0.0 0.0 0.0
0.0 0.0 0.0
0.0 0.0 0.0
0.0 0.0 0.0
0.0 0.0 0.0
0.0 0.0 0.0
0.0 0.0 0.0
0.0 0.0 0.0
0.0 0.0 0.0
0.0 0.0 0.0
0.0 0.0 0.0
0.0 0.0 0.0
0.0 0.0 0.0
0.0 0.0 0.0
0.0 0.0 0.0
0.0 0.0 0.0
0.0 0.0 0.0
0.0 0.0 0.0
0.0 0.0 0.0
0.0 0.0 0.0
0.0 0.0 0.0
0.0 0.0 0.0
0.0 0.0 0.0
0.0 0.0 0.0
0.0 0.0 0.0
0.0 0.0 0.0
0.0 0.0 0.0
0.0 0.0 0.0
0.0 0.0 0.0
0.0 0.0 0.0
0.0 0.0 0.0
0.0 0.0 0.0
0.0 0.0 0.0
0.0 0.0 0.0
0.0 0.0 0.0
0.0 0.0 0.0
0.0 0.0 0.0
0.0 0.0 0.0
0.0 0.0 0.0
0.0 0.0 0.0
0.0 0.0 0.0
0.0 0.0 0.0
0.0 0.0 0.0
0.0 0.0 0.0
0.0 0.0 0.0
0.0 0.0 0.0
0.0 0.0 0.0
0.0 0.0 0.0
0.0 0.0 0.0
0.0 0.0 0.0
-6.285689353942871 33.47037887573242 -2.1770436763763428
0.0 0.0 0.0
-5.806517124176025 33.50825119018555 -2.1909008026123047
0.0 0.0 0.0
0.0 0.0 0.0
0.0 0.0 0.0
-4.857287883758545 33.5584831237793 -2.215222120285034
0.0 0.0 0.0
0.0 0.0 0.0
0.0 0.0 0.0
0.0 0.0 0.0
0.0 0.0 0.0
0.0 0.0 0.0
0.0 0.0 0.0
0.0 0.0 0.0
0.0 0.0 0.0
0.0 0.0 0.0
0.0 0.0 0.0
-2.025890350341797 33.80852508544922 -2.272390127182007
0.0 0.0 0.0
0.0 0.0 0.0
-1.3139293193817139 33.69099426269531 -2.2705202102661133
0.0 0.0 0.0
0.0 0.0 0.0
-0.6086446046829224 33.839439392089844 -2.2837510108947754
0.0 0.0 0.0
-0.1374928206205368 33.83666229248047 -2.2857837677001953
0.0 0.0 0.0
0.0 0.0 0.0
0.0 0.0 0.0
0.0 0.0 0.0
1.049668550491333 34.0234489440918 -2.299055814743042
0.0 0.0 0.0
1.5465161800384521 34.53523635864258 -2.3323521614074707
0.0 0.0 0.0
0.0 0.0 0.0
0.0 0.0 0.0
2.4816434383392334 34.07869338989258 -2.2976131439208984
0.0 0.0 0.0
3.002821922302246 34.53801345825195 -2.323728561401367
0.0 0.0 0.0
0.0 0.0 0.0
0.0 0.0 0.0
0.0 0.0 0.0
0.0 0.0 0.0
0.0 0.0 0.0
0.0 0.0 0.0
0.0 0.0 0.0
0.0 0.0 0.0
0.0 0.0 0.0
0.0 0.0 0.0
0.0 0.0 0.0
0.0 0.0 0.0
0.0 0.0 0.0
0.0 0.0 0.0
0.0 0.0 0.0
0.0 0.0 0.0
0.0 0.0 0.0
0.0 0.0 0.0
0.0 0.0 0.0
0.0 0.0 0.0
0.0 0.0 0.0
0.0 0.0 0.0
0.0 0.0 0.0
0.0 0.0 0.0
9.862849235534668 35.89985275268555 -2.2962961196899414
10.143290519714355 35.93986129760742 -2.291774272918701
0.0 0.0 0.0
0.0 0.0 0.0
0.0 0.0 0.0
0.0 0.0 0.0
0.0 0.0 0.0
0.0 0.0 0.0
0.0 0.0 0.0
0.0 0.0 0.0
0.0 0.0 0.0
0.0 0.0 0.0
0.0 0.0 0.0
0.0 0.0 0.0
0.0 0.0 0.0
0.0 0.0 0.0
0.0 0.0 0.0
0.0 0.0 0.0
0.0 0.0 0.0
0.0 0.0 0.0
0.0 0.0 0.0
0.0 0.0 0.0
0.0 0.0 0.0
0.0 0.0 0.0
0.0 0.0 0.0
0.0 0.0 0.0
0.0 0.0 0.0
0.0 0.0 0.0
0.0 0.0 0.0
0.0 0.0 0.0
0.0 0.0 0.0
0.0 0.0 0.0
0.0 0.0 0.0
0.0 0.0 0.0
0.0 0.0 0.0
0.0 0.0 0.0
0.0 0.0 0.0
0.0 0.0 0.0
0.0 0.0 0.0
0.0 0.0 0.0
0.0 0.0 0.0
0.0 0.0 0.0
0.0 0.0 0.0
0.0 0.0 0.0
0.0 0.0 0.0
0.0 0.0 0.0
0.0 0.0 0.0
0.0 0.0 0.0
0.0 0.0 0.0
0.0 0.0 0.0
0.0 0.0 0.0
0.0 0.0 0.0
0.0 0.0 0.0
0.0 0.0 0.0
0.0 0.0 0.0
0.0 0.0 0.0
0.0 0.0 0.0
0.0 0.0 0.0
0.0 0.0 0.0
0.0 0.0 0.0
0.0 0.0 0.0
0.0 0.0 0.0
0.0 0.0 0.0
0.0 0.0 0.0
0.0 0.0 0.0
0.0 0.0 0.0
0.0 0.0 0.0
0.0 0.0 0.0
0.0 0.0 0.0
0.0 0.0 0.0
0.0 0.0 0.0
0.0 0.0 0.0
0.0 0.0 0.0
0.0 0.0 0.0
0.0 0.0 0.0
0.0 0.0 0.0
0.0 0.0 0.0
0.0 0.0 0.0
0.0 0.0 0.0
0.0 0.0 0.0
0.0 0.0 0.0
0.0 0.0 0.0
0.0 0.0 0.0
0.0 0.0 0.0
0.0 0.0 0.0
0.0 0.0 0.0
0.0 0.0 0.0
0.0 0.0 0.0
0.0 0.0 0.0
0.0 0.0 0.0
0.0 0.0 0.0
0.0 0.0 0.0
0.0 0.0 0.0
0.0 0.0 0.0
0.0 0.0 0.0
0.0 0.0 0.0
0.0 0.0 0.0
0.0 0.0 0.0
0.0 0.0 0.0
0.0 0.0 0.0
0.0 0.0 0.0
0.0 0.0 0.0
0.0 0.0 0.0
0.0 0.0 0.0
0.0 0.0 0.0
0.0 0.0 0.0
0.0 0.0 0.0
0.0 0.0 0.0
0.0 0.0 0.0
0.0 0.0 0.0
0.0 0.0 0.0
0.0 0.0 0.0
0.0 0.0 0.0
0.0 0.0 0.0
0.0 0.0 0.0
0.0 0.0 0.0
0.0 0.0 0.0
0.0 0.0 0.0
0.0 0.0 0.0
0.0 0.0 0.0
0.0 0.0 0.0
0.0 0.0 0.0
0.0 0.0 0.0
0.0 0.0 0.0
0.0 0.0 0.0
0.0 0.0 0.0
0.0 0.0 0.0
0.0 0.0 0.0
0.0 0.0 0.0
0.0 0.0 0.0
0.0 0.0 0.0
0.0 0.0 0.0
0.0 0.0 0.0
0.0 0.0 0.0
0.0 0.0 0.0
0.0 0.0 0.0
0.0 0.0 0.0
0.0 0.0 0.0
0.0 0.0 0.0
0.0 0.0 0.0
0.0 0.0 0.0
0.0 0.0 0.0
0.0 0.0 0.0
0.0 0.0 0.0
0.0 0.0 0.0
0.0 0.0 0.0
0.0 0.0 0.0
0.0 0.0 0.0
0.0 0.0 0.0
0.0 0.0 0.0
0.0 0.0 0.0
0.0 0.0 0.0
0.0 0.0 0.0
0.0 0.0 0.0
0.0 0.0 0.0
0.0 0.0 0.0
0.0 0.0 0.0
0.0 0.0 0.0
0.0 0.0 0.0
0.0 0.0 0.0
0.0 0.0 0.0
0.0 0.0 0.0
0.0 0.0 0.0
0.0 0.0 0.0
0.0 0.0 0.0
0.0 0.0 0.0
0.0 0.0 0.0
0.0 0.0 0.0
0.0 0.0 0.0
0.0 0.0 0.0
0.0 0.0 0.0
0.0 0.0 0.0
0.0 0.0 0.0
0.0 0.0 0.0
0.0 0.0 0.0
0.0 0.0 0.0
0.0 0.0 0.0
0.0 0.0 0.0
0.0 0.0 0.0
0.0 0.0 0.0
0.0 0.0 0.0
0.0 0.0 0.0
0.0 0.0 0.0
0.0 0.0 0.0
0.0 0.0 0.0
0.0 0.0 0.0
0.0 0.0 0.0
0.0 0.0 0.0
0.0 0.0 0.0
0.0 0.0 0.0
0.0 0.0 0.0
0.0 0.0 0.0
0.0 0.0 0.0
0.0 0.0 0.0
0.0 0.0 0.0
0.0 0.0 0.0
0.0 0.0 0.0
0.0 0.0 0.0
0.0 0.0 0.0
0.0 0.0 0.0
0.0 0.0 0.0
0.0 0.0 0.0
0.0 0.0 0.0
0.0 0.0 0.0
0.0 0.0 0.0
0.0 0.0 0.0
0.0 0.0 0.0
0.0 0.0 0.0
0.0 0.0 0.0
0.0 0.0 0.0
0.0 0.0 0.0
0.0 0.0 0.0
0.0 0.0 0.0
0.0 0.0 0.0
0.0 0.0 0.0
0.0 0.0 0.0
0.0 0.0 0.0
0.0 0.0 0.0
0.0 0.0 0.0
0.0 0.0 0.0
0.0 0.0 0.0
0.0 0.0 0.0
0.0 0.0 0.0
0.0 0.0 0.0
0.0 0.0 0.0
0.0 0.0 0.0
0.0 0.0 0.0
0.0 0.0 0.0
0.0 0.0 0.0
0.0 0.0 0.0
0.0 0.0 0.0
0.0 0.0 0.0
0.0 0.0 0.0
0.0 0.0 0.0
0.0 0.0 0.0
0.0 0.0 0.0
0.0 0.0 0.0
0.0 0.0 0.0
0.0 0.0 0.0
0.0 0.0 0.0
0.0 0.0 0.0
0.0 0.0 0.0
0.0 0.0 0.0
0.0 0.0 0.0
0.0 0.0 0.0
0.0 0.0 0.0
0.0 0.0 0.0
0.0 0.0 0.0
0.0 0.0 0.0
0.0 0.0 0.0
0.0 0.0 0.0
0.0 0.0 0.0
0.0 0.0 0.0
0.0 0.0 0.0
0.0 0.0 0.0
0.0 0.0 0.0
0.0 0.0 0.0
0.0 0.0 0.0
0.0 0.0 0.0
0.0 0.0 0.0
0.0 0.0 0.0
0.0 0.0 0.0
0.0 0.0 0.0
0.0 0.0 0.0
0.0 0.0 0.0
0.0 0.0 0.0
0.0 0.0 0.0
0.0 0.0 0.0
0.0 0.0 0.0
0.0 0.0 0.0
0.0 0.0 0.0
0.0 0.0 0.0
0.0 0.0 0.0
0.0 0.0 0.0
0.0 0.0 0.0
0.0 0.0 0.0
0.0 0.0 0.0
0.0 0.0 0.0
0.0 0.0 0.0
0.0 0.0 0.0
0.0 0.0 0.0
0.0 0.0 0.0
0.0 0.0 0.0
0.0 0.0 0.0
0.0 0.0 0.0
0.0 0.0 0.0
0.0 0.0 0.0
0.0 0.0 0.0
0.0 0.0 0.0
0.0 0.0 0.0
0.0 0.0 0.0
0.0 0.0 0.0
0.0 0.0 0.0
0.0 0.0 0.0
0.0 0.0 0.0
0.0 0.0 0.0
0.0 0.0 0.0
0.0 0.0 0.0
0.0 0.0 0.0
0.0 0.0 0.0
-5.731518745422363 33.7637825012207 -2.122347354888916
-5.546191692352295 34.110267639160156 -2.1494028568267822
0.0 0.0 0.0
-5.0213775634765625 33.88316345214844 -2.144953966140747
0.0 0.0 0.0
0.0 0.0 0.0
0.0 0.0 0.0
-4.102118015289307 34.221065521240234 -2.1836819648742676
0.0 0.0 0.0
0.0 0.0 0.0
0.0 0.0 0.0
0.0 0.0 0.0
0.0 0.0 0.0
0.0 0.0 0.0
0.0 0.0 0.0
0.0 0.0 0.0
-1.9303699731826782 34.171409606933594 -2.205498218536377
-1.6972087621688843 34.273353576660156 -2.2143137454986572
0.0 0.0 0.0
0.0 0.0 0.0
0.0 0.0 0.0
0.0 0.0 0.0
0.0 0.0 0.0
-0.2543422281742096 34.005767822265625 -2.2049331665039062
0.0 0.0 0.0
0.0 0.0 0.0
0.4582254886627197 34.221920013427734 -2.2194437980651855
0.0 0.0 0.0
0.0 0.0 0.0
0.0 0.0 0.0
0.0 0.0 0.0
0.0 0.0 0.0
0.0 0.0 0.0
0.0 0.0 0.0
2.4035847187042236 34.645137786865234 -2.2431392669677734
0.0 0.0 0.0
0.0 0.0 0.0
3.142162561416626 34.77052307128906 -2.245845317840576
3.401162624359131 34.9225959777832 -2.254067897796631
0.0 0.0 0.0
0.0 0.0 0.0
0.0 0.0 0.0
0.0 0.0 0.0
0.0 0.0 0.0
0.0 0.0 0.0
0.0 0.0 0.0
5.431726932525635 35.23149490356445 -2.2510414123535156
0.0 0.0 0.0
0.0 0.0 0.0
0.0 0.0 0.0
0.0 0.0 0.0
0.0 0.0 0.0
0.0 0.0 0.0
0.0 0.0 0.0
7.603054523468018 35.89594268798828 -2.25808048248291
0.0 0.0 0.0
8.104923248291016 35.77912521362305 -2.2392337322235107
0.0 0.0 0.0
0.0 0.0 0.0
0.0 0.0 0.0
0.0 0.0 0.0
0.0 0.0 0.0
0.0 0.0 0.0
0.0 0.0 0.0
10.451803207397461 36.551300048828125 -2.236840009689331
0.0 0.0 0.0
0.0 0.0 0.0
0.0 0.0 0.0
0.0 0.0 0.0
0.0 0.0 0.0
0.0 0.0 0.0
0.0 0.0 0.0
0.0 0.0 0.0
0.0 0.0 0.0
0.0 0.0 0.0
0.0 0.0 0.0
0.0 0.0 0.0
0.0 0.0 0.0
0.0 0.0 0.0
0.0 0.0 0.0
0.0 0.0 0.0
0.0 0.0 0.0
0.0 0.0 0.0
0.0 0.0 0.0
0.0 0.0 0.0
0.0 0.0 0.0
0.0 0.0 0.0
0.0 0.0 0.0
0.0 0.0 0.0
0.0 0.0 0.0
0.0 0.0 0.0
0.0 0.0 0.0
0.0 0.0 0.0
0.0 0.0 0.0
0.0 0.0 0.0
0.0 0.0 0.0
0.0 0.0 0.0
0.0 0.0 0.0
0.0 0.0 0.0
0.0 0.0 0.0
0.0 0.0 0.0
0.0 0.0 0.0
0.0 0.0 0.0
0.0 0.0 0.0
0.0 0.0 0.0
0.0 0.0 0.0
0.0 0.0 0.0
0.0 0.0 0.0
0.0 0.0 0.0
0.0 0.0 0.0
0.0 0.0 0.0
0.0 0.0 0.0
0.0 0.0 0.0
0.0 0.0 0.0
0.0 0.0 0.0
0.0 0.0 0.0
0.0 0.0 0.0
0.0 0.0 0.0
0.0 0.0 0.0
0.0 0.0 0.0
0.0 0.0 0.0
0.0 0.0 0.0
0.0 0.0 0.0
0.0 0.0 0.0
0.0 0.0 0.0
0.0 0.0 0.0
0.0 0.0 0.0
0.0 0.0 0.0
0.0 0.0 0.0
0.0 0.0 0.0
0.0 0.0 0.0
0.0 0.0 0.0
0.0 0.0 0.0
0.0 0.0 0.0
0.0 0.0 0.0
0.0 0.0 0.0
0.0 0.0 0.0
0.0 0.0 0.0
0.0 0.0 0.0
0.0 0.0 0.0
0.0 0.0 0.0
0.0 0.0 0.0
0.0 0.0 0.0
0.0 0.0 0.0
0.0 0.0 0.0
0.0 0.0 0.0
0.0 0.0 0.0
0.0 0.0 0.0
0.0 0.0 0.0
0.0 0.0 0.0
0.0 0.0 0.0
0.0 0.0 0.0
0.0 0.0 0.0
0.0 0.0 0.0
0.0 0.0 0.0
0.0 0.0 0.0
0.0 0.0 0.0
0.0 0.0 0.0
0.0 0.0 0.0
0.0 0.0 0.0
0.0 0.0 0.0
0.0 0.0 0.0
0.0 0.0 0.0
0.0 0.0 0.0
0.0 0.0 0.0
0.0 0.0 0.0
0.0 0.0 0.0
0.0 0.0 0.0
0.0 0.0 0.0
0.0 0.0 0.0
0.0 0.0 0.0
0.0 0.0 0.0
0.0 0.0 0.0
0.0 0.0 0.0
0.0 0.0 0.0
0.0 0.0 0.0
0.0 0.0 0.0
0.0 0.0 0.0
0.0 0.0 0.0
0.0 0.0 0.0
0.0 0.0 0.0
0.0 0.0 0.0
0.0 0.0 0.0
0.0 0.0 0.0
0.0 0.0 0.0
0.0 0.0 0.0
0.0 0.0 0.0
0.0 0.0 0.0
0.0 0.0 0.0
0.0 0.0 0.0
0.0 0.0 0.0
0.0 0.0 0.0
0.0 0.0 0.0
0.0 0.0 0.0
0.0 0.0 0.0
0.0 0.0 0.0
0.0 0.0 0.0
0.0 0.0 0.0
0.0 0.0 0.0
0.0 0.0 0.0
0.0 0.0 0.0
0.0 0.0 0.0
0.0 0.0 0.0
0.0 0.0 0.0
0.0 0.0 0.0
0.0 0.0 0.0
0.0 0.0 0.0
0.0 0.0 0.0
0.0 0.0 0.0
0.0 0.0 0.0
0.0 0.0 0.0
0.0 0.0 0.0
0.0 0.0 0.0
0.0 0.0 0.0
0.0 0.0 0.0
0.0 0.0 0.0
0.0 0.0 0.0
0.0 0.0 0.0
0.0 0.0 0.0
0.0 0.0 0.0
0.0 0.0 0.0
0.0 0.0 0.0
0.0 0.0 0.0
0.0 0.0 0.0
0.0 0.0 0.0
0.0 0.0 0.0
0.0 0.0 0.0
0.0 0.0 0.0
0.0 0.0 0.0
0.0 0.0 0.0
0.0 0.0 0.0
0.0 0.0 0.0
0.0 0.0 0.0
0.0 0.0 0.0
0.0 0.0 0.0
0.0 0.0 0.0
0.0 0.0 0.0
0.0 0.0 0.0
0.0 0.0 0.0
0.0 0.0 0.0
0.0 0.0 0.0
0.0 0.0 0.0
0.0 0.0 0.0
0.0 0.0 0.0
0.0 0.0 0.0
0.0 0.0 0.0
0.0 0.0 0.0
0.0 0.0 0.0
0.0 0.0 0.0
0.0 0.0 0.0
0.0 0.0 0.0
0.0 0.0 0.0
0.0 0.0 0.0
0.0 0.0 0.0
0.0 0.0 0.0
0.0 0.0 0.0
0.0 0.0 0.0
0.0 0.0 0.0
0.0 0.0 0.0
0.0 0.0 0.0
0.0 0.0 0.0
0.0 0.0 0.0
0.0 0.0 0.0
0.0 0.0 0.0
0.0 0.0 0.0
0.0 0.0 0.0
0.0 0.0 0.0
0.0 0.0 0.0
0.0 0.0 0.0
-45.98759078979492 95.29667663574219 5.529701232910156
0.0 0.0 0.0
0.0 0.0 0.0
0.0 0.0 0.0
0.0 0.0 0.0
0.0 0.0 0.0
0.0 0.0 0.0
0.0 0.0 0.0
0.0 0.0 0.0
0.0 0.0 0.0
0.0 0.0 0.0
0.0 0.0 0.0
0.0 0.0 0.0
0.0 0.0 0.0
0.0 0.0 0.0
0.0 0.0 0.0
0.0 0.0 0.0
0.0 0.0 0.0
0.0 0.0 0.0
0.0 0.0 0.0
0.0 0.0 0.0
0.0 0.0 0.0
0.0 0.0 0.0
0.0 0.0 0.0
0.0 0.0 0.0
0.0 0.0 0.0
0.0 0.0 0.0
0.0 0.0 0.0
0.0 0.0 0.0
0.0 0.0 0.0
0.0 0.0 0.0
0.0 0.0 0.0
0.0 0.0 0.0
0.0 0.0 0.0
0.0 0.0 0.0
0.0 0.0 0.0
0.0 0.0 0.0
0.0 0.0 0.0
0.0 0.0 0.0
0.0 0.0 0.0
0.0 0.0 0.0
0.0 0.0 0.0
0.0 0.0 0.0
0.0 0.0 0.0
0.0 0.0 0.0
0.0 0.0 0.0
0.0 0.0 0.0
0.0 0.0 0.0
0.0 0.0 0.0
0.0 0.0 0.0
0.0 0.0 0.0
0.0 0.0 0.0
0.0 0.0 0.0
0.0 0.0 0.0
0.0 0.0 0.0
0.0 0.0 0.0
0.0 0.0 0.0
0.0 0.0 0.0
0.0 0.0 0.0
0.0 0.0 0.0
0.0 0.0 0.0
0.0 0.0 0.0
0.0 0.0 0.0
0.0 0.0 0.0
0.0 0.0 0.0
0.0 0.0 0.0
0.0 0.0 0.0
0.0 0.0 0.0
0.0 0.0 0.0
0.0 0.0 0.0
0.0 0.0 0.0
0.0 0.0 0.0
0.0 0.0 0.0
0.0 0.0 0.0
0.0 0.0 0.0
0.0 0.0 0.0
0.0 0.0 0.0
0.0 0.0 0.0
0.0 0.0 0.0
0.0 0.0 0.0
0.0 0.0 0.0
0.0 0.0 0.0
0.0 0.0 0.0
0.0 0.0 0.0
0.0 0.0 0.0
0.0 0.0 0.0
-7.420087814331055 34.208744049072266 -2.020616054534912
0.0 0.0 0.0
0.0 0.0 0.0
0.0 0.0 0.0
0.0 0.0 0.0
0.0 0.0 0.0
0.0 0.0 0.0
0.0 0.0 0.0
0.0 0.0 0.0
0.0 0.0 0.0
0.0 0.0 0.0
0.0 0.0 0.0
0.0 0.0 0.0
0.0 0.0 0.0
0.0 0.0 0.0
0.0 0.0 0.0
0.0 0.0 0.0
0.0 0.0 0.0
-3.062182903289795 34.78069305419922 -2.135347843170166
-2.8015942573547363 34.5755615234375 -2.125019073486328
0.0 0.0 0.0
0.0 0.0 0.0
-2.0617599487304688 34.40817642211914 -2.1221370697021484
0.0 0.0 0.0
-1.5885119438171387 34.56175231933594 -2.135190963745117
0.0 0.0 0.0
-1.1124827861785889 34.728363037109375 -2.147909164428711
0.0 0.0 0.0
0.0 0.0 0.0
-0.3821119964122772 34.64633560180664 -2.146127700805664
0.0 0.0 0.0
0.0 0.0 0.0
0.0 0.0 0.0
0.0 0.0 0.0
0.0 0.0 0.0
0.0 0.0 0.0
1.3268764019012451 35.11077117919922 -2.1755614280700684
0.0 0.0 0.0
0.0 0.0 0.0
0.0 0.0 0.0
0.0 0.0 0.0
2.5485177040100098 35.004756927490234 -2.164057731628418
0.0 0.0 0.0
3.041879892349243 34.9891471862793 -2.160327672958374
0.0 0.0 0.0
3.583747148513794 35.49473190307617 -2.187391996383667
0.0 0.0 0.0
0.0 0.0 0.0
4.368319034576416 35.74138641357422 -2.195513963699341
0.0 0.0 0.0
4.803444862365723 35.225738525390625 -2.158268928527832
0.0 0.0 0.0
5.350411415100098 35.537879943847656 -2.171006441116333
0.0 0.0 0.0
0.0 0.0 0.0
0.0 0.0 0.0
0.0 0.0 0.0
0.0 0.0 0.0
0.0 0.0 0.0
0.0 0.0 0.0
0.0 0.0 0.0
7.747838020324707 35.95508575439453 -2.1597909927368164
0.0 0.0 0.0
0.0 0.0 0.0
0.0 0.0 0.0
0.0 0.0 0.0
0.0 0.0 0.0
0.0 0.0 0.0
0.0 0.0 0.0
0.0 0.0 0.0
0.0 0.0 0.0
0.0 0.0 0.0
0.0 0.0 0.0
0.0 0.0 0.0
0.0 0.0 0.0
0.0 0.0 0.0
0.0 0.0 0.0
0.0 0.0 0.0
0.0 0.0 0.0
0.0 0.0 0.0
0.0 0.0 0.0
0.0 0.0 0.0
0.0 0.0 0.0
0.0 0.0 0.0
0.0 0.0 0.0
0.0 0.0 0.0
0.0 0.0 0.0
16.099510192871094 38.758853912353516 -2.1274845600128174
0.0 0.0 0.0
0.0 0.0 0.0
0.0 0.0 0.0
0.0 0.0 0.0
0.0 0.0 0.0
0.0 0.0 0.0
0.0 0.0 0.0
0.0 0.0 0.0
0.0 0.0 0.0
0.0 0.0 0.0
0.0 0.0 0.0
0.0 0.0 0.0
0.0 0.0 0.0
0.0 0.0 0.0
0.0 0.0 0.0
0.0 0.0 0.0
0.0 0.0 0.0
0.0 0.0 0.0
0.0 0.0 0.0
0.0 0.0 0.0
0.0 0.0 0.0
0.0 0.0 0.0
0.0 0.0 0.0
0.0 0.0 0.0
0.0 0.0 0.0
0.0 0.0 0.0
0.0 0.0 0.0
0.0 0.0 0.0
0.0 0.0 0.0
0.0 0.0 0.0
0.0 0.0 0.0
0.0 0.0 0.0
0.0 0.0 0.0
0.0 0.0 0.0
0.0 0.0 0.0
0.0 0.0 0.0
0.0 0.0 0.0
0.0 0.0 0.0
0.0 0.0 0.0
0.0 0.0 0.0
0.0 0.0 0.0
0.0 0.0 0.0
0.0 0.0 0.0
0.0 0.0 0.0
0.0 0.0 0.0
0.0 0.0 0.0
0.0 0.0 0.0
0.0 0.0 0.0
0.0 0.0 0.0
0.0 0.0 0.0
0.0 0.0 0.0
0.0 0.0 0.0
0.0 0.0 0.0
0.0 0.0 0.0
0.0 0.0 0.0
0.0 0.0 0.0
0.0 0.0 0.0
0.0 0.0 0.0
0.0 0.0 0.0
0.0 0.0 0.0
0.0 0.0 0.0
0.0 0.0 0.0
0.0 0.0 0.0
0.0 0.0 0.0
0.0 0.0 0.0
0.0 0.0 0.0
0.0 0.0 0.0
0.0 0.0 0.0
0.0 0.0 0.0
0.0 0.0 0.0
0.0 0.0 0.0
0.0 0.0 0.0
0.0 0.0 0.0
0.0 0.0 0.0
0.0 0.0 0.0
0.0 0.0 0.0
0.0 0.0 0.0
0.0 0.0 0.0
0.0 0.0 0.0
0.0 0.0 0.0
0.0 0.0 0.0
0.0 0.0 0.0
0.0 0.0 0.0
0.0 0.0 0.0
0.0 0.0 0.0
0.0 0.0 0.0
0.0 0.0 0.0
0.0 0.0 0.0
0.0 0.0 0.0
0.0 0.0 0.0
0.0 0.0 0.0
0.0 0.0 0.0
0.0 0.0 0.0
0.0 0.0 0.0
0.0 0.0 0.0
0.0 0.0 0.0
0.0 0.0 0.0
0.0 0.0 0.0
0.0 0.0 0.0
0.0 0.0 0.0
0.0 0.0 0.0
0.0 0.0 0.0
0.0 0.0 0.0
0.0 0.0 0.0
0.0 0.0 0.0
0.0 0.0 0.0
0.0 0.0 0.0
0.0 0.0 0.0
0.0 0.0 0.0
0.0 0.0 0.0
0.0 0.0 0.0
0.0 0.0 0.0
0.0 0.0 0.0
0.0 0.0 0.0
0.0 0.0 0.0
0.0 0.0 0.0
0.0 0.0 0.0
0.0 0.0 0.0
0.0 0.0 0.0
0.0 0.0 0.0
0.0 0.0 0.0
0.0 0.0 0.0
0.0 0.0 0.0
0.0 0.0 0.0
0.0 0.0 0.0
0.0 0.0 0.0
0.0 0.0 0.0
0.0 0.0 0.0
0.0 0.0 0.0
0.0 0.0 0.0
0.0 0.0 0.0
0.0 0.0 0.0
0.0 0.0 0.0
0.0 0.0 0.0
0.0 0.0 0.0
0.0 0.0 0.0
0.0 0.0 0.0
0.0 0.0 0.0
0.0 0.0 0.0
0.0 0.0 0.0
0.0 0.0 0.0
0.0 0.0 0.0
0.0 0.0 0.0
0.0 0.0 0.0
0.0 0.0 0.0
0.0 0.0 0.0
0.0 0.0 0.0
0.0 0.0 0.0
0.0 0.0 0.0
0.0 0.0 0.0
0.0 0.0 0.0
0.0 0.0 0.0
0.0 0.0 0.0
0.0 0.0 0.0
0.0 0.0 0.0
0.0 0.0 0.0
0.0 0.0 0.0
0.0 0.0 0.0
0.0 0.0 0.0
0.0 0.0 0.0
0.0 0.0 0.0
0.0 0.0 0.0
0.0 0.0 0.0
0.0 0.0 0.0
0.0 0.0 0.0
0.0 0.0 0.0
0.0 0.0 0.0
0.0 0.0 0.0
0.0 0.0 0.0
0.0 0.0 0.0
0.0 0.0 0.0
0.0 0.0 0.0
0.0 0.0 0.0
0.0 0.0 0.0
0.0 0.0 0.0
0.0 0.0 0.0
0.0 0.0 0.0
0.0 0.0 0.0
0.0 0.0 0.0
0.0 0.0 0.0
0.0 0.0 0.0
0.0 0.0 0.0
0.0 0.0 0.0
0.0 0.0 0.0
0.0 0.0 0.0
0.0 0.0 0.0
0.0 0.0 0.0
0.0 0.0 0.0
0.0 0.0 0.0
0.0 0.0 0.0
0.0 0.0 0.0
0.0 0.0 0.0
0.0 0.0 0.0
0.0 0.0 0.0
0.0 0.0 0.0
0.0 0.0 0.0
0.0 0.0 0.0
0.0 0.0 0.0
0.0 0.0 0.0
0.0 0.0 0.0
0.0 0.0 0.0
0.0 0.0 0.0
0.0 0.0 0.0
0.0 0.0 0.0
0.0 0.0 0.0
0.0 0.0 0.0
0.0 0.0 0.0
0.0 0.0 0.0
0.0 0.0 0.0
0.0 0.0 0.0
0.0 0.0 0.0
0.0 0.0 0.0
0.0 0.0 0.0
0.0 0.0 0.0
0.0 0.0 0.0
0.0 0.0 0.0
0.0 0.0 0.0
0.0 0.0 0.0
0.0 0.0 0.0
0.0 0.0 0.0
0.0 0.0 0.0
0.0 0.0 0.0
0.0 0.0 0.0
0.0 0.0 0.0
0.0 0.0 0.0
0.0 0.0 0.0
0.0 0.0 0.0
0.0 0.0 0.0
0.0 0.0 0.0
0.0 0.0 0.0
0.0 0.0 0.0
0.0 0.0 0.0
0.0 0.0 0.0
0.0 0.0 0.0
0.0 0.0 0.0
0.0 0.0 0.0
0.0 0.0 0.0
0.0 0.0 0.0
0.0 0.0 0.0
0.0 0.0 0.0
0.0 0.0 0.0
0.0 0.0 0.0
0.0 0.0 0.0
0.0 0.0 0.0
0.0 0.0 0.0
0.0 0.0 0.0
0.0 0.0 0.0
0.0 0.0 0.0
0.0 0.0 0.0
0.0 0.0 0.0
0.0 0.0 0.0
0.0 0.0 0.0
0.0 0.0 0.0
0.0 0.0 0.0
0.0 0.0 0.0
0.0 0.0 0.0
0.0 0.0 0.0
0.0 0.0 0.0
0.0 0.0 0.0
0.0 0.0 0.0
0.0 0.0 0.0
0.0 0.0 0.0
0.0 0.0 0.0
0.0 0.0 0.0
0.0 0.0 0.0
0.0 0.0 0.0
0.0 0.0 0.0
0.0 0.0 0.0
0.0 0.0 0.0
0.0 0.0 0.0
0.0 0.0 0.0
0.0 0.0 0.0
0.0 0.0 0.0
0.0 0.0 0.0
0.0 0.0 0.0
0.0 0.0 0.0
0.0 0.0 0.0
-6.848855495452881 34.47455596923828 -1.9642080068588257
-6.701379776000977 35.02737045288086 -2.000945806503296
0.0 0.0 0.0
0.0 0.0 0.0
0.0 0.0 0.0
0.0 0.0 0.0
0.0 0.0 0.0
-5.129689693450928 34.61140060424805 -2.0052125453948975
0.0 0.0 0.0
-4.6508307456970215 34.705806732177734 -2.0192759037017822
0.0 0.0 0.0
0.0 0.0 0.0
0.0 0.0 0.0
-3.6641669273376465 34.68144989013672 -2.0314888954162598
-3.4417834281921387 34.899864196777344 -2.0478668212890625
0.0 0.0 0.0
0.0 0.0 0.0
0.0 0.0 0.0
0.0 0.0 0.0
0.0 0.0 0.0
0.0 0.0 0.0
-1.71847403049469 34.71729278564453 -2.051953077316284
0.0 0.0 0.0
-1.2334696054458618 34.800071716308594 -2.060109853744507
0.0 0.0 0.0
0.0 0.0 0.0
-0.506176233291626 34.77118682861328 -2.061796188354492
-0.26315048336982727 35.206668853759766 -2.0883634090423584
0.0 0.0 0.0
0.0 0.0 0.0
0.0 0.0 0.0
0.0 0.0 0.0
0.965020477771759 35.33870315551758 -2.0977444648742676
0.0 0.0 0.0
0.0 0.0 0.0
0.0 0.0 0.0
0.0 0.0 0.0
0.0 0.0 0.0
0.0 0.0 0.0
0.0 0.0 0.0
0.0 0.0 0.0
0.0 0.0 0.0
0.0 0.0 0.0
0.0 0.0 0.0
0.0 0.0 0.0
0.0 0.0 0.0
4.547910213470459 36.18439483642578 -2.1303272247314453
4.769540309906006 35.92797088623047 -2.1125407218933105
0.0 0.0 0.0
0.0 0.0 0.0
0.0 0.0 0.0
5.778223514556885 35.82814407348633 -2.095824718475342
0.0 0.0 0.0
0.0 0.0 0.0
6.65693473815918 36.3982048034668 -2.1177549362182617
0.0 0.0 0.0
0.0 0.0 0.0
0.0 0.0 0.0
0.0 0.0 0.0
0.0 0.0 0.0
0.0 0.0 0.0
8.689492225646973 37.16075897216797 -2.1311562061309814
0.0 0.0 0.0
0.0 0.0 0.0
9.477605819702148 37.00943374633789 -2.10618257522583
0.0 0.0 0.0
0.0 0.0 0.0
0.0 0.0 0.0
0.0 0.0 0.0
0.0 0.0 0.0
0.0 0.0 0.0
0.0 0.0 0.0
0.0 0.0 0.0
0.0 0.0 0.0
0.0 0.0 0.0
0.0 0.0 0.0
0.0 0.0 0.0
0.0 0.0 0.0
0.0 0.0 0.0
0.0 0.0 0.0
0.0 0.0 0.0
0.0 0.0 0.0
0.0 0.0 0.0
0.0 0.0 0.0
0.0 0.0 0.0
0.0 0.0 0.0
0.0 0.0 0.0
0.0 0.0 0.0
0.0 0.0 0.0
0.0 0.0 0.0
0.0 0.0 0.0
0.0 0.0 0.0
0.0 0.0 0.0
0.0 0.0 0.0
0.0 0.0 0.0
0.0 0.0 0.0
0.0 0.0 0.0
0.0 0.0 0.0
0.0 0.0 0.0
0.0 0.0 0.0
0.0 0.0 0.0
0.0 0.0 0.0
0.0 0.0 0.0
0.0 0.0 0.0
0.0 0.0 0.0
0.0 0.0 0.0
0.0 0.0 0.0
0.0 0.0 0.0
0.0 0.0 0.0
0.0 0.0 0.0
0.0 0.0 0.0
0.0 0.0 0.0
0.0 0.0 0.0
0.0 0.0 0.0
0.0 0.0 0.0
0.0 0.0 0.0
0.0 0.0 0.0
0.0 0.0 0.0
0.0 0.0 0.0
0.0 0.0 0.0
0.0 0.0 0.0
0.0 0.0 0.0
0.0 0.0 0.0
0.0 0.0 0.0
0.0 0.0 0.0
0.0 0.0 0.0
0.0 0.0 0.0
0.0 0.0 0.0
0.0 0.0 0.0
0.0 0.0 0.0
0.0 0.0 0.0
0.0 0.0 0.0
0.0 0.0 0.0
0.0 0.0 0.0
0.0 0.0 0.0
0.0 0.0 0.0
0.0 0.0 0.0
0.0 0.0 0.0
0.0 0.0 0.0
0.0 0.0 0.0
0.0 0.0 0.0
0.0 0.0 0.0
0.0 0.0 0.0
0.0 0.0 0.0
0.0 0.0 0.0
0.0 0.0 0.0
0.0 0.0 0.0
0.0 0.0 0.0
0.0 0.0 0.0
0.0 0.0 0.0
0.0 0.0 0.0
0.0 0.0 0.0
0.0 0.0 0.0
0.0 0.0 0.0
0.0 0.0 0.0
0.0 0.0 0.0
0.0 0.0 0.0
0.0 0.0 0.0
0.0 0.0 0.0
0.0 0.0 0.0
0.0 0.0 0.0
0.0 0.0 0.0
0.0 0.0 0.0
0.0 0.0 0.0
0.0 0.0 0.0
0.0 0.0 0.0
0.0 0.0 0.0
0.0 0.0 0.0
0.0 0.0 0.0
0.0 0.0 0.0
0.0 0.0 0.0
0.0 0.0 0.0
0.0 0.0 0.0
0.0 0.0 0.0
0.0 0.0 0.0
0.0 0.0 0.0
0.0 0.0 0.0
0.0 0.0 0.0
0.0 0.0 0.0
0.0 0.0 0.0
0.0 0.0 0.0
0.0 0.0 0.0
0.0 0.0 0.0
0.0 0.0 0.0
0.0 0.0 0.0
0.0 0.0 0.0
0.0 0.0 0.0
0.0 0.0 0.0
0.0 0.0 0.0
0.0 0.0 0.0
0.0 0.0 0.0
0.0 0.0 0.0
0.0 0.0 0.0
0.0 0.0 0.0
0.0 0.0 0.0
0.0 0.0 0.0
0.0 0.0 0.0
0.0 0.0 0.0
0.0 0.0 0.0
0.0 0.0 0.0
0.0 0.0 0.0
0.0 0.0 0.0
0.0 0.0 0.0
0.0 0.0 0.0
0.0 0.0 0.0
0.0 0.0 0.0
0.0 0.0 0.0
0.0 0.0 0.0
0.0 0.0 0.0
0.0 0.0 0.0
0.0 0.0 0.0
0.0 0.0 0.0
0.0 0.0 0.0
0.0 0.0 0.0
0.0 0.0 0.0
0.0 0.0 0.0
0.0 0.0 0.0
0.0 0.0 0.0
0.0 0.0 0.0
0.0 0.0 0.0
0.0 0.0 0.0
0.0 0.0 0.0
0.0 0.0 0.0
0.0 0.0 0.0
0.0 0.0 0.0
0.0 0.0 0.0
0.0 0.0 0.0
0.0 0.0 0.0
0.0 0.0 0.0
0.0 0.0 0.0
0.0 0.0 0.0
0.0 0.0 0.0
0.0 0.0 0.0
0.0 0.0 0.0
0.0 0.0 0.0
0.0 0.0 0.0
0.0 0.0 0.0
0.0 0.0 0.0
0.0 0.0 0.0
0.0 0.0 0.0
0.0 0.0 0.0
0.0 0.0 0.0
0.0 0.0 0.0
0.0 0.0 0.0
0.0 0.0 0.0
0.0 0.0 0.0
0.0 0.0 0.0
0.0 0.0 0.0
0.0 0.0 0.0
0.0 0.0 0.0
0.0 0.0 0.0
0.0 0.0 0.0
0.0 0.0 0.0
0.0 0.0 0.0
0.0 0.0 0.0
0.0 0.0 0.0
0.0 0.0 0.0
0.0 0.0 0.0
0.0 0.0 0.0
0.0 0.0 0.0
0.0 0.0 0.0
0.0 0.0 0.0
0.0 0.0 0.0
0.0 0.0 0.0
0.0 0.0 0.0
0.0 0.0 0.0
0.0 0.0 0.0
0.0 0.0 0.0
0.0 0.0 0.0
0.0 0.0 0.0
0.0 0.0 0.0
0.0 0.0 0.0
0.0 0.0 0.0
0.0 0.0 0.0
0.0 0.0 0.0
0.0 0.0 0.0
0.0 0.0 0.0
0.0 0.0 0.0
0.0 0.0 0.0
0.0 0.0 0.0
0.0 0.0 0.0
0.0 0.0 0.0
0.0 0.0 0.0
0.0 0.0 0.0
0.0 0.0 0.0
0.0 0.0 0.0
0.0 0.0 0.0
0.0 0.0 0.0
0.0 0.0 0.0
0.0 0.0 0.0
0.0 0.0 0.0
0.0 0.0 0.0
0.0 0.0 0.0
0.0 0.0 0.0
0.0 0.0 0.0
0.0 0.0 0.0
0.0 0.0 0.0
0.0 0.0 0.0
0.0 0.0 0.0
0.0 0.0 0.0
0.0 0.0 0.0
0.0 0.0 0.0
0.0 0.0 0.0
0.0 0.0 0.0
0.0 0.0 0.0
0.0 0.0 0.0
0.0 0.0 0.0
0.0 0.0 0.0
0.0 0.0 0.0
0.0 0.0 0.0
0.0 0.0 0.0
0.0 0.0 0.0
0.0 0.0 0.0
0.0 0.0 0.0
0.0 0.0 0.0
0.0 0.0 0.0
0.0 0.0 0.0
0.0 0.0 0.0
0.0 0.0 0.0
0.0 0.0 0.0
0.0 0.0 0.0
0.0 0.0 0.0
0.0 0.0 0.0
0.0 0.0 0.0
0.0 0.0 0.0
0.0 0.0 0.0
0.0 0.0 0.0
0.0 0.0 0.0
0.0 0.0 0.0
0.0 0.0 0.0
0.0 0.0 0.0
0.0 0.0 0.0
0.0 0.0 0.0
0.0 0.0 0.0
0.0 0.0 0.0
0.0 0.0 0.0
0.0 0.0 0.0
0.0 0.0 0.0
0.0 0.0 0.0
0.0 0.0 0.0
0.0 0.0 0.0
0.0 0.0 0.0
0.0 0.0 0.0
0.0 0.0 0.0
0.0 0.0 0.0
0.0 0.0 0.0
0.0 0.0 0.0
0.0 0.0 0.0
0.0 0.0 0.0
0.0 0.0 0.0
0.0 0.0 0.0
0.0 0.0 0.0
0.0 0.0 0.0
0.0 0.0 0.0
0.0 0.0 0.0
0.0 0.0 0.0
0.0 0.0 0.0
0.0 0.0 0.0
0.0 0.0 0.0
0.0 0.0 0.0
0.0 0.0 0.0
0.0 0.0 0.0
0.0 0.0 0.0
0.0 0.0 0.0
0.0 0.0 0.0
0.0 0.0 0.0
0.0 0.0 0.0
0.0 0.0 0.0
0.0 0.0 0.0
0.0 0.0 0.0
0.0 0.0 0.0
-4.552854537963867 34.912384033203125 -1.9457076787948608
0.0 0.0 0.0
0.0 0.0 0.0
0.0 0.0 0.0
0.0 0.0 0.0
0.0 0.0 0.0
0.0 0.0 0.0
0.0 0.0 0.0
0.0 0.0 0.0
0.0 0.0 0.0
0.0 0.0 0.0
0.0 0.0 0.0
0.0 0.0 0.0
0.0 0.0 0.0
0.0 0.0 0.0
0.0 0.0 0.0
0.0 0.0 0.0
0.0 0.0 0.0
0.0 0.0 0.0
0.0 0.0 0.0
0.0 0.0 0.0
0.0 0.0 0.0
0.0 0.0 0.0
0.0 0.0 0.0
0.0 0.0 0.0
0.0 0.0 0.0
0.0 0.0 0.0
0.0 0.0 0.0
0.0 0.0 0.0
0.0 0.0 0.0
0.0 0.0 0.0
0.0 0.0 0.0
3.385085105895996 36.03007888793945 -2.038116693496704
0.0 0.0 0.0
0.0 0.0 0.0
0.0 0.0 0.0
0.0 0.0 0.0
4.685965538024902 36.246883392333984 -2.0410051345825195
0.0 0.0 0.0
5.232316970825195 36.47592544555664 -2.04960036277771
0.0 0.0 0.0
0.0 0.0 0.0
0.0 0.0 0.0
0.0 0.0 0.0
0.0 0.0 0.0
0.0 0.0 0.0
0.0 0.0 0.0
0.0 0.0 0.0
0.0 0.0 0.0
0.0 0.0 0.0
0.0 0.0 0.0
0.0 0.0 0.0
0.0 0.0 0.0
0.0 0.0 0.0
0.0 0.0 0.0
0.0 0.0 0.0
0.0 0.0 0.0
0.0 0.0 0.0
0.0 0.0 0.0
0.0 0.0 0.0
0.0 0.0 0.0
0.0 0.0 0.0
0.0 0.0 0.0
0.0 0.0 0.0
0.0 0.0 0.0
0.0 0.0 0.0
0.0 0.0 0.0
0.0 0.0 0.0
0.0 0.0 0.0
0.0 0.0 0.0
0.0 0.0 0.0
0.0 0.0 0.0
0.0 0.0 0.0
0.0 0.0 0.0
0.0 0.0 0.0
0.0 0.0 0.0
0.0 0.0 0.0
0.0 0.0 0.0
0.0 0.0 0.0
0.0 0.0 0.0
0.0 0.0 0.0
0.0 0.0 0.0
0.0 0.0 0.0
0.0 0.0 0.0
0.0 0.0 0.0
0.0 0.0 0.0
0.0 0.0 0.0
0.0 0.0 0.0
0.0 0.0 0.0
0.0 0.0 0.0
0.0 0.0 0.0
0.0 0.0 0.0
0.0 0.0 0.0
0.0 0.0 0.0
0.0 0.0 0.0
0.0 0.0 0.0
0.0 0.0 0.0
0.0 0.0 0.0
0.0 0.0 0.0
0.0 0.0 0.0
0.0 0.0 0.0
0.0 0.0 0.0
0.0 0.0 0.0
0.0 0.0 0.0
0.0 0.0 0.0
0.0 0.0 0.0
0.0 0.0 0.0
0.0 0.0 0.0
0.0 0.0 0.0
0.0 0.0 0.0
0.0 0.0 0.0
0.0 0.0 0.0
0.0 0.0 0.0
0.0 0.0 0.0
0.0 0.0 0.0
0.0 0.0 0.0
0.0 0.0 0.0
0.0 0.0 0.0
0.0 0.0 0.0
0.0 0.0 0.0
0.0 0.0 0.0
0.0 0.0 0.0
0.0 0.0 0.0
0.0 0.0 0.0
0.0 0.0 0.0
0.0 0.0 0.0
0.0 0.0 0.0
0.0 0.0 0.0
0.0 0.0 0.0
0.0 0.0 0.0
0.0 0.0 0.0
0.0 0.0 0.0
0.0 0.0 0.0
0.0 0.0 0.0
0.0 0.0 0.0
0.0 0.0 0.0
0.0 0.0 0.0
0.0 0.0 0.0
0.0 0.0 0.0
0.0 0.0 0.0
0.0 0.0 0.0
0.0 0.0 0.0
0.0 0.0 0.0
0.0 0.0 0.0
0.0 0.0 0.0
0.0 0.0 0.0
0.0 0.0 0.0
78.0521469116211 200.9085235595703 10.893387794494629
0.0 0.0 0.0
0.0 0.0 0.0
0.0 0.0 0.0
0.0 0.0 0.0
0.0 0.0 0.0
0.0 0.0 0.0
0.0 0.0 0.0
0.0 0.0 0.0
0.0 0.0 0.0
0.0 0.0 0.0
0.0 0.0 0.0
0.0 0.0 0.0
0.0 0.0 0.0
0.0 0.0 0.0
0.0 0.0 0.0
0.0 0.0 0.0
0.0 0.0 0.0
0.0 0.0 0.0
0.0 0.0 0.0
0.0 0.0 0.0
0.0 0.0 0.0
0.0 0.0 0.0
0.0 0.0 0.0
0.0 0.0 0.0
0.0 0.0 0.0
0.0 0.0 0.0
0.0 0.0 0.0
0.0 0.0 0.0
0.0 0.0 0.0
0.0 0.0 0.0
0.0 0.0 0.0
0.0 0.0 0.0
0.0 0.0 0.0
0.0 0.0 0.0
0.0 0.0 0.0
0.0 0.0 0.0
0.0 0.0 0.0
0.0 0.0 0.0
0.0 0.0 0.0
0.0 0.0 0.0
0.0 0.0 0.0
0.0 0.0 0.0
0.0 0.0 0.0
0.0 0.0 0.0
0.0 0.0 0.0
0.0 0.0 0.0
0.0 0.0 0.0
0.0 0.0 0.0
0.0 0.0 0.0
0.0 0.0 0.0
0.0 0.0 0.0
0.0 0.0 0.0
0.0 0.0 0.0
0.0 0.0 0.0
0.0 0.0 0.0
0.0 0.0 0.0
0.0 0.0 0.0
0.0 0.0 0.0
0.0 0.0 0.0
0.0 0.0 0.0
0.0 0.0 0.0
0.0 0.0 0.0
0.0 0.0 0.0
0.0 0.0 0.0
0.0 0.0 0.0
0.0 0.0 0.0
0.0 0.0 0.0
0.0 0.0 0.0
0.0 0.0 0.0
0.0 0.0 0.0
0.0 0.0 0.0
0.0 0.0 0.0
0.0 0.0 0.0
0.0 0.0 0.0
0.0 0.0 0.0
0.0 0.0 0.0
0.0 0.0 0.0
0.0 0.0 0.0
0.0 0.0 0.0
0.0 0.0 0.0
0.0 0.0 0.0
0.0 0.0 0.0
0.0 0.0 0.0
0.0 0.0 0.0
0.0 0.0 0.0
0.0 0.0 0.0
0.0 0.0 0.0
0.0 0.0 0.0
0.0 0.0 0.0
0.0 0.0 0.0
0.0 0.0 0.0
0.0 0.0 0.0
0.0 0.0 0.0
0.0 0.0 0.0
0.0 0.0 0.0
0.0 0.0 0.0
0.0 0.0 0.0
0.0 0.0 0.0
0.0 0.0 0.0
0.0 0.0 0.0
0.0 0.0 0.0
0.0 0.0 0.0
0.0 0.0 0.0
0.0 0.0 0.0
0.0 0.0 0.0
0.0 0.0 0.0
0.0 0.0 0.0
0.0 0.0 0.0
0.0 0.0 0.0
0.0 0.0 0.0
0.0 0.0 0.0
0.0 0.0 0.0
0.0 0.0 0.0
0.0 0.0 0.0
0.0 0.0 0.0
0.0 0.0 0.0
0.0 0.0 0.0
0.0 0.0 0.0
0.0 0.0 0.0
0.0 0.0 0.0
0.0 0.0 0.0
0.0 0.0 0.0
0.0 0.0 0.0
0.0 0.0 0.0
0.0 0.0 0.0
0.0 0.0 0.0
0.0 0.0 0.0
0.0 0.0 0.0
0.0 0.0 0.0
0.0 0.0 0.0
0.0 0.0 0.0
0.0 0.0 0.0
0.0 0.0 0.0
0.0 0.0 0.0
0.0 0.0 0.0
0.0 0.0 0.0
0.0 0.0 0.0
0.0 0.0 0.0
0.0 0.0 0.0
0.0 0.0 0.0
0.0 0.0 0.0
0.0 0.0 0.0
0.0 0.0 0.0
0.0 0.0 0.0
0.0 0.0 0.0
0.0 0.0 0.0
0.0 0.0 0.0
0.0 0.0 0.0
0.0 0.0 0.0
0.0 0.0 0.0
0.0 0.0 0.0
0.0 0.0 0.0
0.0 0.0 0.0
0.0 0.0 0.0
0.0 0.0 0.0
0.0 0.0 0.0
0.0 0.0 0.0
0.0 0.0 0.0
0.0 0.0 0.0
0.0 0.0 0.0
0.0 0.0 0.0
0.0 0.0 0.0
0.0 0.0 0.0
0.0 0.0 0.0
0.0 0.0 0.0
0.0 0.0 0.0
0.0 0.0 0.0
0.0 0.0 0.0
0.0 0.0 0.0
0.0 0.0 0.0
0.0 0.0 0.0
0.0 0.0 0.0
0.0 0.0 0.0
0.0 0.0 0.0
0.0 0.0 0.0
0.0 0.0 0.0
0.0 0.0 0.0
0.0 0.0 0.0
0.0 0.0 0.0
0.0 0.0 0.0
0.0 0.0 0.0
0.0 0.0 0.0
0.0 0.0 0.0
0.0 0.0 0.0
0.0 0.0 0.0
0.0 0.0 0.0
0.0 0.0 0.0
0.0 0.0 0.0
0.0 0.0 0.0
0.0 0.0 0.0
0.0 0.0 0.0
0.0 0.0 0.0
0.0 0.0 0.0
0.0 0.0 0.0
0.0 0.0 0.0
0.0 0.0 0.0
0.0 0.0 0.0
0.0 0.0 0.0
0.0 0.0 0.0
0.0 0.0 0.0
0.0 0.0 0.0
0.0 0.0 0.0
0.0 0.0 0.0
0.0 0.0 0.0
0.0 0.0 0.0
-7.037540912628174 35.424583435058594 -1.84696364402771
0.0 0.0 0.0
0.0 0.0 0.0
0.0 0.0 0.0
0.0 0.0 0.0
0.0 0.0 0.0
0.0 0.0 0.0
0.0 0.0 0.0
0.0 0.0 0.0
0.0 0.0 0.0
0.0 0.0 0.0
0.0 0.0 0.0
-3.989957094192505 35.40929412841797 -1.8923521041870117
0.0 0.0 0.0
0.0 0.0 0.0
0.0 0.0 0.0
0.0 0.0 0.0
0.0 0.0 0.0
0.0 0.0 0.0
0.0 0.0 0.0
0.0 0.0 0.0
0.0 0.0 0.0
0.0 0.0 0.0
0.0 0.0 0.0
0.0 0.0 0.0
0.0 0.0 0.0
0.0 0.0 0.0
0.0 0.0 0.0
0.0 0.0 0.0
0.0 0.0 0.0
0.0 0.0 0.0
0.0 0.0 0.0
0.9918580055236816 36.31199645996094 -1.9698034524917603
0.0 0.0 0.0
0.0 0.0 0.0
0.0 0.0 0.0
0.0 0.0 0.0
0.0 0.0 0.0
0.0 0.0 0.0
0.0 0.0 0.0
0.0 0.0 0.0
0.0 0.0 0.0
0.0 0.0 0.0
0.0 0.0 0.0
0.0 0.0 0.0
0.0 0.0 0.0
0.0 0.0 0.0
0.0 0.0 0.0
0.0 0.0 0.0
0.0 0.0 0.0
0.0 0.0 0.0
0.0 0.0 0.0
0.0 0.0 0.0
0.0 0.0 0.0
0.0 0.0 0.0
0.0 0.0 0.0
0.0 0.0 0.0
0.0 0.0 0.0
0.0 0.0 0.0
0.0 0.0 0.0
0.0 0.0 0.0
0.0 0.0 0.0
0.0 0.0 0.0
0.0 0.0 0.0
0.0 0.0 0.0
0.0 0.0 0.0
0.0 0.0 0.0
0.0 0.0 0.0
0.0 0.0 0.0
0.0 0.0 0.0
0.0 0.0 0.0
0.0 0.0 0.0
0.0 0.0 0.0
0.0 0.0 0.0
0.0 0.0 0.0
0.0 0.0 0.0
0.0 0.0 0.0
0.0 0.0 0.0
0.0 0.0 0.0
0.0 0.0 0.0
0.0 0.0 0.0
0.0 0.0 0.0
0.0 0.0 0.0
0.0 0.0 0.0
0.0 0.0 0.0
0.0 0.0 0.0
0.0 0.0 0.0
0.0 0.0 0.0
0.0 0.0 0.0
0.0 0.0 0.0
0.0 0.0 0.0
0.0 0.0 0.0
0.0 0.0 0.0
0.0 0.0 0.0
0.0 0.0 0.0
0.0 0.0 0.0
0.0 0.0 0.0
0.0 0.0 0.0
0.0 0.0 0.0
0.0 0.0 0.0
0.0 0.0 0.0
0.0 0.0 0.0
0.0 0.0 0.0
0.0 0.0 0.0
0.0 0.0 0.0
0.0 0.0 0.0
0.0 0.0 0.0
0.0 0.0 0.0
0.0 0.0 0.0
0.0 0.0 0.0
0.0 0.0 0.0
0.0 0.0 0.0
0.0 0.0 0.0
0.0 0.0 0.0
0.0 0.0 0.0
0.0 0.0 0.0
0.0 0.0 0.0
0.0 0.0 0.0
0.0 0.0 0.0
0.0 0.0 0.0
0.0 0.0 0.0
0.0 0.0 0.0
0.0 0.0 0.0
0.0 0.0 0.0
0.0 0.0 0.0
0.0 0.0 0.0
0.0 0.0 0.0
0.0 0.0 0.0
0.0 0.0 0.0
0.0 0.0 0.0
0.0 0.0 0.0
0.0 0.0 0.0
0.0 0.0 0.0
0.0 0.0 0.0
0.0 0.0 0.0
0.0 0.0 0.0
0.0 0.0 0.0
0.0 0.0 0.0
0.0 0.0 0.0
0.0 0.0 0.0
0.0 0.0 0.0
0.0 0.0 0.0
0.0 0.0 0.0
0.0 0.0 0.0
0.0 0.0 0.0
0.0 0.0 0.0
0.0 0.0 0.0
0.0 0.0 0.0
0.0 0.0 0.0
0.0 0.0 0.0
0.0 0.0 0.0
0.0 0.0 0.0
0.0 0.0 0.0
0.0 0.0 0.0
0.0 0.0 0.0
0.0 0.0 0.0
0.0 0.0 0.0
0.0 0.0 0.0
0.0 0.0 0.0
0.0 0.0 0.0
0.0 0.0 0.0
0.0 0.0 0.0
0.0 0.0 0.0
0.0 0.0 0.0
0.0 0.0 0.0
0.0 0.0 0.0
0.0 0.0 0.0
0.0 0.0 0.0
0.0 0.0 0.0
0.0 0.0 0.0
0.0 0.0 0.0
0.0 0.0 0.0
0.0 0.0 0.0
0.0 0.0 0.0
0.0 0.0 0.0
0.0 0.0 0.0
0.0 0.0 0.0
0.0 0.0 0.0
0.0 0.0 0.0
0.0 0.0 0.0
0.0 0.0 0.0
0.0 0.0 0.0
0.0 0.0 0.0
0.0 0.0 0.0
0.0 0.0 0.0
0.0 0.0 0.0
0.0 0.0 0.0
0.0 0.0 0.0
0.0 0.0 0.0
0.0 0.0 0.0
0.0 0.0 0.0
0.0 0.0 0.0
0.0 0.0 0.0
0.0 0.0 0.0
0.0 0.0 0.0
0.0 0.0 0.0
0.0 0.0 0.0
0.0 0.0 0.0
0.0 0.0 0.0
0.0 0.0 0.0
0.0 0.0 0.0
0.0 0.0 0.0
0.0 0.0 0.0
0.0 0.0 0.0
0.0 0.0 0.0
0.0 0.0 0.0
0.0 0.0 0.0
0.0 0.0 0.0
0.0 0.0 0.0
0.0 0.0 0.0
0.0 0.0 0.0
0.0 0.0 0.0
0.0 0.0 0.0
0.0 0.0 0.0
0.0 0.0 0.0
0.0 0.0 0.0
0.0 0.0 0.0
0.0 0.0 0.0
0.0 0.0 0.0
0.0 0.0 0.0
0.0 0.0 0.0
0.0 0.0 0.0
0.0 0.0 0.0
0.0 0.0 0.0
0.0 0.0 0.0
0.0 0.0 0.0
0.0 0.0 0.0
0.0 0.0 0.0
0.0 0.0 0.0
0.0 0.0 0.0
0.0 0.0 0.0
0.0 0.0 0.0
0.0 0.0 0.0
0.0 0.0 0.0
0.0 0.0 0.0
0.0 0.0 0.0
0.0 0.0 0.0
0.0 0.0 0.0
0.0 0.0 0.0
0.0 0.0 0.0
0.0 0.0 0.0
0.0 0.0 0.0
0.0 0.0 0.0
0.0 0.0 0.0
0.0 0.0 0.0
0.0 0.0 0.0
0.0 0.0 0.0
0.0 0.0 0.0
0.0 0.0 0.0
0.0 0.0 0.0
0.0 0.0 0.0
0.0 0.0 0.0
0.0 0.0 0.0
0.0 0.0 0.0
0.0 0.0 0.0
0.0 0.0 0.0
0.0 0.0 0.0
0.0 0.0 0.0
0.0 0.0 0.0
0.0 0.0 0.0
0.0 0.0 0.0
0.0 0.0 0.0
0.0 0.0 0.0
0.0 0.0 0.0
0.0 0.0 0.0
0.0 0.0 0.0
0.0 0.0 0.0
0.0 0.0 0.0
0.0 0.0 0.0
0.0 0.0 0.0
0.0 0.0 0.0
0.0 0.0 0.0
0.0 0.0 0.0
0.0 0.0 0.0
0.0 0.0 0.0
0.0 0.0 0.0
0.0 0.0 0.0
0.0 0.0 0.0
0.0 0.0 0.0
0.0 0.0 0.0
0.0 0.0 0.0
0.0 0.0 0.0
0.0 0.0 0.0
0.0 0.0 0.0
0.0 0.0 0.0
0.0 0.0 0.0
0.0 0.0 0.0
0.0 0.0 0.0
0.0 0.0 0.0
0.0 0.0 0.0
0.0 0.0 0.0
0.0 0.0 0.0
0.0 0.0 0.0
0.0 0.0 0.0
0.0 0.0 0.0
0.0 0.0 0.0
0.0 0.0 0.0
0.0 0.0 0.0
0.0 0.0 0.0
0.0 0.0 0.0
0.0 0.0 0.0
0.0 0.0 0.0
0.0 0.0 0.0
0.0 0.0 0.0
0.0 0.0 0.0
0.0 0.0 0.0
0.0 0.0 0.0
0.0 0.0 0.0
0.0 0.0 0.0
0.0 0.0 0.0
0.0 0.0 0.0
0.0 0.0 0.0
0.0 0.0 0.0
0.0 0.0 0.0
0.0 0.0 0.0
0.0 0.0 0.0
-21.08261489868164 37.33290481567383 -1.4330397844314575
0.0 0.0 0.0
0.0 0.0 0.0
0.0 0.0 0.0
0.0 0.0 0.0
0.0 0.0 0.0
0.0 0.0 0.0
0.0 0.0 0.0
0.0 0.0 0.0
0.0 0.0 0.0
0.0 0.0 0.0
0.0 0.0 0.0
0.0 0.0 0.0
0.0 0.0 0.0
0.0 0.0 0.0
0.0 0.0 0.0
0.0 0.0 0.0
0.0 0.0 0.0
0.0 0.0 0.0
0.0 0.0 0.0
0.0 0.0 0.0
0.0 0.0 0.0
0.0 0.0 0.0
0.0 0.0 0.0
0.0 0.0 0.0
0.0 0.0 0.0
0.0 0.0 0.0
0.0 0.0 0.0
0.0 0.0 0.0
0.0 0.0 0.0
0.0 0.0 0.0
0.0 0.0 0.0
0.0 0.0 0.0
0.0 0.0 0.0
0.0 0.0 0.0
0.0 0.0 0.0
0.0 0.0 0.0
0.0 0.0 0.0
0.0 0.0 0.0
0.0 0.0 0.0
0.0 0.0 0.0
0.0 0.0 0.0
0.0 0.0 0.0
0.0 0.0 0.0
0.0 0.0 0.0
0.0 0.0 0.0
0.0 0.0 0.0
0.0 0.0 0.0
0.0 0.0 0.0
0.0 0.0 0.0
0.0 0.0 0.0
0.0 0.0 0.0
0.0 0.0 0.0
0.0 0.0 0.0
0.0 0.0 0.0
0.0 0.0 0.0
0.0 0.0 0.0
0.0 0.0 0.0
0.0 0.0 0.0
0.0 0.0 0.0
0.0 0.0 0.0
0.0 0.0 0.0
0.0 0.0 0.0
-2.678769111633301 36.19748306274414 -1.8532649278640747
0.0 0.0 0.0
0.0 0.0 0.0
0.0 0.0 0.0
0.0 0.0 0.0
-1.4167227745056152 36.350196838378906 -1.8691593408584595
0.0 0.0 0.0
0.0 0.0 0.0
0.0 0.0 0.0
0.0 0.0 0.0
0.0 0.0 0.0
0.0 0.0 0.0
0.0 0.0 0.0
0.0 0.0 0.0
0.0 0.0 0.0
0.0 0.0 0.0
0.0 0.0 0.0
0.0 0.0 0.0
0.0 0.0 0.0
0.0 0.0 0.0
0.0 0.0 0.0
0.0 0.0 0.0
0.0 0.0 0.0
0.0 0.0 0.0
0.0 0.0 0.0
0.0 0.0 0.0
0.0 0.0 0.0
4.290839195251465 37.29904556274414 -1.9131101369857788
0.0 0.0 0.0
0.0 0.0 0.0
0.0 0.0 0.0
0.0 0.0 0.0
0.0 0.0 0.0
0.0 0.0 0.0
0.0 0.0 0.0
0.0 0.0 0.0
0.0 0.0 0.0
0.0 0.0 0.0
0.0 0.0 0.0
0.0 0.0 0.0
0.0 0.0 0.0
0.0 0.0 0.0
0.0 0.0 0.0
0.0 0.0 0.0
0.0 0.0 0.0
0.0 0.0 0.0
0.0 0.0 0.0
0.0 0.0 0.0
0.0 0.0 0.0
0.0 0.0 0.0
0.0 0.0 0.0
0.0 0.0 0.0
0.0 0.0 0.0
0.0 0.0 0.0
0.0 0.0 0.0
0.0 0.0 0.0
0.0 0.0 0.0
0.0 0.0 0.0
0.0 0.0 0.0
0.0 0.0 0.0
0.0 0.0 0.0
0.0 0.0 0.0
0.0 0.0 0.0
0.0 0.0 0.0
0.0 0.0 0.0
0.0 0.0 0.0
0.0 0.0 0.0
0.0 0.0 0.0
0.0 0.0 0.0
0.0 0.0 0.0
0.0 0.0 0.0
0.0 0.0 0.0
0.0 0.0 0.0
0.0 0.0 0.0
0.0 0.0 0.0
0.0 0.0 0.0
0.0 0.0 0.0
0.0 0.0 0.0
0.0 0.0 0.0
0.0 0.0 0.0
0.0 0.0 0.0
0.0 0.0 0.0
0.0 0.0 0.0
0.0 0.0 0.0
0.0 0.0 0.0
0.0 0.0 0.0
0.0 0.0 0.0
0.0 0.0 0.0
0.0 0.0 0.0
0.0 0.0 0.0
0.0 0.0 0.0
0.0 0.0 0.0
0.0 0.0 0.0
0.0 0.0 0.0
0.0 0.0 0.0
0.0 0.0 0.0
0.0 0.0 0.0
0.0 0.0 0.0
0.0 0.0 0.0
0.0 0.0 0.0
0.0 0.0 0.0
0.0 0.0 0.0
0.0 0.0 0.0
0.0 0.0 0.0
0.0 0.0 0.0
0.0 0.0 0.0
0.0 0.0 0.0
0.0 0.0 0.0
0.0 0.0 0.0
0.0 0.0 0.0
0.0 0.0 0.0
0.0 0.0 0.0
0.0 0.0 0.0
0.0 0.0 0.0
0.0 0.0 0.0
0.0 0.0 0.0
0.0 0.0 0.0
0.0 0.0 0.0
0.0 0.0 0.0
0.0 0.0 0.0
0.0 0.0 0.0
0.0 0.0 0.0
0.0 0.0 0.0
0.0 0.0 0.0
0.0 0.0 0.0
0.0 0.0 0.0
0.0 0.0 0.0
0.0 0.0 0.0
0.0 0.0 0.0
0.0 0.0 0.0
0.0 0.0 0.0
0.0 0.0 0.0
0.0 0.0 0.0
0.0 0.0 0.0
0.0 0.0 0.0
0.0 0.0 0.0
0.0 0.0 0.0
0.0 0.0 0.0
0.0 0.0 0.0
0.0 0.0 0.0
0.0 0.0 0.0
0.0 0.0 0.0
0.0 0.0 0.0
0.0 0.0 0.0
0.0 0.0 0.0
0.0 0.0 0.0
0.0 0.0 0.0
0.0 0.0 0.0
0.0 0.0 0.0
0.0 0.0 0.0
0.0 0.0 0.0
0.0 0.0 0.0
0.0 0.0 0.0
0.0 0.0 0.0
0.0 0.0 0.0
0.0 0.0 0.0
0.0 0.0 0.0
0.0 0.0 0.0
0.0 0.0 0.0
0.0 0.0 0.0
0.0 0.0 0.0
0.0 0.0 0.0
0.0 0.0 0.0
0.0 0.0 0.0
0.0 0.0 0.0
0.0 0.0 0.0
0.0 0.0 0.0
0.0 0.0 0.0
0.0 0.0 0.0
0.0 0.0 0.0
0.0 0.0 0.0
0.0 0.0 0.0
0.0 0.0 0.0
0.0 0.0 0.0
0.0 0.0 0.0
0.0 0.0 0.0
0.0 0.0 0.0
0.0 0.0 0.0
0.0 0.0 0.0
0.0 0.0 0.0
0.0 0.0 0.0
0.0 0.0 0.0
0.0 0.0 0.0
0.0 0.0 0.0
0.0 0.0 0.0
0.0 0.0 0.0
0.0 0.0 0.0
0.0 0.0 0.0
0.0 0.0 0.0
0.0 0.0 0.0
0.0 0.0 0.0
0.0 0.0 0.0
0.0 0.0 0.0
0.0 0.0 0.0
0.0 0.0 0.0
0.0 0.0 0.0
0.0 0.0 0.0
0.0 0.0 0.0
0.0 0.0 0.0
0.0 0.0 0.0
0.0 0.0 0.0
0.0 0.0 0.0
0.0 0.0 0.0
0.0 0.0 0.0
0.0 0.0 0.0
0.0 0.0 0.0
0.0 0.0 0.0
0.0 0.0 0.0
0.0 0.0 0.0
0.0 0.0 0.0
0.0 0.0 0.0
0.0 0.0 0.0
0.0 0.0 0.0
0.0 0.0 0.0
0.0 0.0 0.0
0.0 0.0 0.0
0.0 0.0 0.0
0.0 0.0 0.0
0.0 0.0 0.0
0.0 0.0 0.0
0.0 0.0 0.0
0.0 0.0 0.0
0.0 0.0 0.0
0.0 0.0 0.0
0.0 0.0 0.0
0.0 0.0 0.0
0.0 0.0 0.0
0.0 0.0 0.0
0.0 0.0 0.0
0.0 0.0 0.0
0.0 0.0 0.0
0.0 0.0 0.0
0.0 0.0 0.0
0.0 0.0 0.0
0.0 0.0 0.0
0.0 0.0 0.0
0.0 0.0 0.0
0.0 0.0 0.0
0.0 0.0 0.0
0.0 0.0 0.0
0.0 0.0 0.0
0.0 0.0 0.0
0.0 0.0 0.0
0.0 0.0 0.0
0.0 0.0 0.0
0.0 0.0 0.0
0.0 0.0 0.0
0.0 0.0 0.0
0.0 0.0 0.0
0.0 0.0 0.0
0.0 0.0 0.0
0.0 0.0 0.0
0.0 0.0 0.0
0.0 0.0 0.0
0.0 0.0 0.0
0.0 0.0 0.0
0.0 0.0 0.0
0.0 0.0 0.0
0.0 0.0 0.0
0.0 0.0 0.0
0.0 0.0 0.0
0.0 0.0 0.0
0.0 0.0 0.0
0.0 0.0 0.0
0.0 0.0 0.0
0.0 0.0 0.0
0.0 0.0 0.0
0.0 0.0 0.0
0.0 0.0 0.0
0.0 0.0 0.0
0.0 0.0 0.0
0.0 0.0 0.0
0.0 0.0 0.0
0.0 0.0 0.0
0.0 0.0 0.0
0.0 0.0 0.0
0.0 0.0 0.0
0.0 0.0 0.0
0.0 0.0 0.0
0.0 0.0 0.0
0.0 0.0 0.0
0.0 0.0 0.0
0.0 0.0 0.0
0.0 0.0 0.0
0.0 0.0 0.0
0.0 0.0 0.0
0.0 0.0 0.0
0.0 0.0 0.0
0.0 0.0 0.0
0.0 0.0 0.0
0.0 0.0 0.0
0.0 0.0 0.0
0.0 0.0 0.0
0.0 0.0 0.0
0.0 0.0 0.0
0.0 0.0 0.0
0.0 0.0 0.0
0.0 0.0 0.0
0.0 0.0 0.0
0.0 0.0 0.0
0.0 0.0 0.0
0.0 0.0 0.0
0.0 0.0 0.0
0.0 0.0 0.0
0.0 0.0 0.0
0.0 0.0 0.0
0.0 0.0 0.0
0.0 0.0 0.0
0.0 0.0 0.0
0.0 0.0 0.0
0.0 0.0 0.0
0.0 0.0 0.0
0.0 0.0 0.0
0.0 0.0 0.0
0.0 0.0 0.0
0.0 0.0 0.0
0.0 0.0 0.0
0.0 0.0 0.0
0.0 0.0 0.0
0.0 0.0 0.0
0.0 0.0 0.0
0.0 0.0 0.0
0.0 0.0 0.0
0.0 0.0 0.0
0.0 0.0 0.0
0.0 0.0 0.0
0.0 0.0 0.0
0.0 0.0 0.0
0.0 0.0 0.0
0.0 0.0 0.0
0.0 0.0 0.0
0.0 0.0 0.0
0.0 0.0 0.0
0.0 0.0 0.0
0.0 0.0 0.0
0.0 0.0 0.0
0.0 0.0 0.0
0.0 0.0 0.0
0.0 0.0 0.0
0.0 0.0 0.0
0.0 0.0 0.0
0.0 0.0 0.0
0.0 0.0 0.0
0.0 0.0 0.0
0.0 0.0 0.0
0.0 0.0 0.0
0.0 0.0 0.0
0.0 0.0 0.0
-6.457336902618408 36.50625991821289 -1.7296303510665894
0.0 0.0 0.0
-5.890923500061035 36.237762451171875 -1.7237331867218018
0.0 0.0 0.0
0.0 0.0 0.0
0.0 0.0 0.0
0.0 0.0 0.0
0.0 0.0 0.0
0.0 0.0 0.0
0.0 0.0 0.0
0.0 0.0 0.0
0.0 0.0 0.0
0.0 0.0 0.0
0.0 0.0 0.0
0.0 0.0 0.0
0.0 0.0 0.0
0.0 0.0 0.0
0.0 0.0 0.0
0.0 0.0 0.0
0.0 0.0 0.0
0.0 0.0 0.0
0.0 0.0 0.0
0.0 0.0 0.0
0.0 0.0 0.0
0.0 0.0 0.0
0.0 0.0 0.0
0.0 0.0 0.0
0.0 0.0 0.0
0.0 0.0 0.0
0.0 0.0 0.0
0.0 0.0 0.0
0.0 0.0 0.0
0.0 0.0 0.0
0.0 0.0 0.0
0.0 0.0 0.0
0.0 0.0 0.0
0.0 0.0 0.0
0.0 0.0 0.0
0.0 0.0 0.0
0.0 0.0 0.0
0.0 0.0 0.0
0.0 0.0 0.0
0.0 0.0 0.0
4.787008762359619 38.08184814453125 -1.8434079885482788
0.0 0.0 0.0
0.0 0.0 0.0
0.0 0.0 0.0
0.0 0.0 0.0
0.0 0.0 0.0
0.0 0.0 0.0
0.0 0.0 0.0
0.0 0.0 0.0
0.0 0.0 0.0
0.0 0.0 0.0
0.0 0.0 0.0
0.0 0.0 0.0
0.0 0.0 0.0
0.0 0.0 0.0
0.0 0.0 0.0
0.0 0.0 0.0
0.0 0.0 0.0
0.0 0.0 0.0
0.0 0.0 0.0
0.0 0.0 0.0
0.0 0.0 0.0
0.0 0.0 0.0
0.0 0.0 0.0
0.0 0.0 0.0
0.0 0.0 0.0
0.0 0.0 0.0
0.0 0.0 0.0
0.0 0.0 0.0
0.0 0.0 0.0
0.0 0.0 0.0
0.0 0.0 0.0
0.0 0.0 0.0
0.0 0.0 0.0
0.0 0.0 0.0
0.0 0.0 0.0
0.0 0.0 0.0
0.0 0.0 0.0
0.0 0.0 0.0
0.0 0.0 0.0
0.0 0.0 0.0
0.0 0.0 0.0
0.0 0.0 0.0
0.0 0.0 0.0
0.0 0.0 0.0
0.0 0.0 0.0
0.0 0.0 0.0
0.0 0.0 0.0
0.0 0.0 0.0
0.0 0.0 0.0
0.0 0.0 0.0
0.0 0.0 0.0
0.0 0.0 0.0
0.0 0.0 0.0
0.0 0.0 0.0
0.0 0.0 0.0
0.0 0.0 0.0
0.0 0.0 0.0
0.0 0.0 0.0
0.0 0.0 0.0
0.0 0.0 0.0
0.0 0.0 0.0
0.0 0.0 0.0
0.0 0.0 0.0
0.0 0.0 0.0
0.0 0.0 0.0
0.0 0.0 0.0
0.0 0.0 0.0
0.0 0.0 0.0
0.0 0.0 0.0
0.0 0.0 0.0
0.0 0.0 0.0
0.0 0.0 0.0
0.0 0.0 0.0
0.0 0.0 0.0
0.0 0.0 0.0
0.0 0.0 0.0
0.0 0.0 0.0
0.0 0.0 0.0
0.0 0.0 0.0
0.0 0.0 0.0
0.0 0.0 0.0
0.0 0.0 0.0
0.0 0.0 0.0
0.0 0.0 0.0
0.0 0.0 0.0
0.0 0.0 0.0
0.0 0.0 0.0
0.0 0.0 0.0
0.0 0.0 0.0
0.0 0.0 0.0
0.0 0.0 0.0
0.0 0.0 0.0
0.0 0.0 0.0
0.0 0.0 0.0
0.0 0.0 0.0
0.0 0.0 0.0
0.0 0.0 0.0
0.0 0.0 0.0
0.0 0.0 0.0
0.0 0.0 0.0
0.0 0.0 0.0
0.0 0.0 0.0
0.0 0.0 0.0
0.0 0.0 0.0
0.0 0.0 0.0
0.0 0.0 0.0
0.0 0.0 0.0
0.0 0.0 0.0
0.0 0.0 0.0
0.0 0.0 0.0
0.0 0.0 0.0
0.0 0.0 0.0
0.0 0.0 0.0
0.0 0.0 0.0
0.0 0.0 0.0
0.0 0.0 0.0
0.0 0.0 0.0
0.0 0.0 0.0
0.0 0.0 0.0
0.0 0.0 0.0
0.0 0.0 0.0
0.0 0.0 0.0
0.0 0.0 0.0
0.0 0.0 0.0
0.0 0.0 0.0
0.0 0.0 0.0
0.0 0.0 0.0
0.0 0.0 0.0
0.0 0.0 0.0
0.0 0.0 0.0
0.0 0.0 0.0
0.0 0.0 0.0
0.0 0.0 0.0
0.0 0.0 0.0
0.0 0.0 0.0
0.0 0.0 0.0
0.0 0.0 0.0
0.0 0.0 0.0
0.0 0.0 0.0
0.0 0.0 0.0
0.0 0.0 0.0
0.0 0.0 0.0
0.0 0.0 0.0
0.0 0.0 0.0
0.0 0.0 0.0
0.0 0.0 0.0
0.0 0.0 0.0
0.0 0.0 0.0
0.0 0.0 0.0
0.0 0.0 0.0
0.0 0.0 0.0
0.0 0.0 0.0
0.0 0.0 0.0
0.0 0.0 0.0
0.0 0.0 0.0
0.0 0.0 0.0
0.0 0.0 0.0
0.0 0.0 0.0
0.0 0.0 0.0
0.0 0.0 0.0
0.0 0.0 0.0
0.0 0.0 0.0
0.0 0.0 0.0
0.0 0.0 0.0
0.0 0.0 0.0
0.0 0.0 0.0
0.0 0.0 0.0
0.0 0.0 0.0
0.0 0.0 0.0
0.0 0.0 0.0
0.0 0.0 0.0
0.0 0.0 0.0
0.0 0.0 0.0
0.0 0.0 0.0
0.0 0.0 0.0
0.0 0.0 0.0
0.0 0.0 0.0
0.0 0.0 0.0
0.0 0.0 0.0
0.0 0.0 0.0
0.0 0.0 0.0
0.0 0.0 0.0
0.0 0.0 0.0
0.0 0.0 0.0
0.0 0.0 0.0
0.0 0.0 0.0
0.0 0.0 0.0
0.0 0.0 0.0
0.0 0.0 0.0
0.0 0.0 0.0
0.0 0.0 0.0
0.0 0.0 0.0
0.0 0.0 0.0
0.0 0.0 0.0
0.0 0.0 0.0
0.0 0.0 0.0
0.0 0.0 0.0
0.0 0.0 0.0
0.0 0.0 0.0
0.0 0.0 0.0
0.0 0.0 0.0
0.0 0.0 0.0
0.0 0.0 0.0
0.0 0.0 0.0
0.0 0.0 0.0
0.0 0.0 0.0
0.0 0.0 0.0
0.0 0.0 0.0
0.0 0.0 0.0
0.0 0.0 0.0
0.0 0.0 0.0
0.0 0.0 0.0
0.0 0.0 0.0
0.0 0.0 0.0
0.0 0.0 0.0
0.0 0.0 0.0
0.0 0.0 0.0
0.0 0.0 0.0
0.0 0.0 0.0
0.0 0.0 0.0
0.0 0.0 0.0
0.0 0.0 0.0
0.0 0.0 0.0
0.0 0.0 0.0
0.0 0.0 0.0
0.0 0.0 0.0
0.0 0.0 0.0
0.0 0.0 0.0
0.0 0.0 0.0
0.0 0.0 0.0
0.0 0.0 0.0
0.0 0.0 0.0
0.0 0.0 0.0
0.0 0.0 0.0
0.0 0.0 0.0
0.0 0.0 0.0
0.0 0.0 0.0
0.0 0.0 0.0
0.0 0.0 0.0
0.0 0.0 0.0
0.0 0.0 0.0
0.0 0.0 0.0
0.0 0.0 0.0
0.0 0.0 0.0
0.0 0.0 0.0
0.0 0.0 0.0
0.0 0.0 0.0
0.0 0.0 0.0
0.0 0.0 0.0
0.0 0.0 0.0
0.0 0.0 0.0
0.0 0.0 0.0
0.0 0.0 0.0
0.0 0.0 0.0
0.0 0.0 0.0
0.0 0.0 0.0
0.0 0.0 0.0
0.0 0.0 0.0
0.0 0.0 0.0
0.0 0.0 0.0
0.0 0.0 0.0
0.0 0.0 0.0
0.0 0.0 0.0
0.0 0.0 0.0
0.0 0.0 0.0
0.0 0.0 0.0
0.0 0.0 0.0
0.0 0.0 0.0
0.0 0.0 0.0
0.0 0.0 0.0
0.0 0.0 0.0
0.0 0.0 0.0
0.0 0.0 0.0
0.0 0.0 0.0
0.0 0.0 0.0
0.0 0.0 0.0
0.0 0.0 0.0
0.0 0.0 0.0
0.0 0.0 0.0
0.0 0.0 0.0
0.0 0.0 0.0
0.0 0.0 0.0
0.0 0.0 0.0
0.0 0.0 0.0
0.0 0.0 0.0
0.0 0.0 0.0
0.0 0.0 0.0
0.0 0.0 0.0
0.0 0.0 0.0
0.0 0.0 0.0
0.0 0.0 0.0
0.0 0.0 0.0
0.0 0.0 0.0
0.0 0.0 0.0
0.0 0.0 0.0
0.0 0.0 0.0
0.0 0.0 0.0
0.0 0.0 0.0
0.0 0.0 0.0
0.0 0.0 0.0
0.0 0.0 0.0
0.0 0.0 0.0
0.0 0.0 0.0
0.0 0.0 0.0
0.0 0.0 0.0
0.0 0.0 0.0
0.0 0.0 0.0
0.0 0.0 0.0
0.0 0.0 0.0
0.0 0.0 0.0
0.0 0.0 0.0
0.0 0.0 0.0
0.0 0.0 0.0
0.0 0.0 0.0
0.0 0.0 0.0
0.0 0.0 0.0
0.0 0.0 0.0
0.0 0.0 0.0
0.0 0.0 0.0
0.0 0.0 0.0
0.0 0.0 0.0
0.0 0.0 0.0
0.0 0.0 0.0
0.0 0.0 0.0
0.0 0.0 0.0
0.0 0.0 0.0
0.0 0.0 0.0
0.0 0.0 0.0
0.0 0.0 0.0
0.0 0.0 0.0
0.0 0.0 0.0
0.0 0.0 0.0
0.0 0.0 0.0
0.0 0.0 0.0
0.0 0.0 0.0
0.0 0.0 0.0
0.0 0.0 0.0
0.0 0.0 0.0
0.0 0.0 0.0
0.0 0.0 0.0
0.0 0.0 0.0
0.0 0.0 0.0
0.0 0.0 0.0
0.0 0.0 0.0
0.0 0.0 0.0
0.0 0.0 0.0
0.911967396736145 38.14792251586914 -1.7563210725784302
0.0 0.0 0.0
0.0 0.0 0.0
0.0 0.0 0.0
0.0 0.0 0.0
0.0 0.0 0.0
0.0 0.0 0.0
0.0 0.0 0.0
3.056807518005371 38.287113189697266 -1.7594135999679565
0.0 0.0 0.0
0.0 0.0 0.0
0.0 0.0 0.0
0.0 0.0 0.0
0.0 0.0 0.0
0.0 0.0 0.0
0.0 0.0 0.0
0.0 0.0 0.0
0.0 0.0 0.0
0.0 0.0 0.0
0.0 0.0 0.0
0.0 0.0 0.0
0.0 0.0 0.0
0.0 0.0 0.0
0.0 0.0 0.0
0.0 0.0 0.0
0.0 0.0 0.0
0.0 0.0 0.0
0.0 0.0 0.0
0.0 0.0 0.0
0.0 0.0 0.0
0.0 0.0 0.0
0.0 0.0 0.0
0.0 0.0 0.0
0.0 0.0 0.0
0.0 0.0 0.0
0.0 0.0 0.0
0.0 0.0 0.0
0.0 0.0 0.0
0.0 0.0 0.0
0.0 0.0 0.0
0.0 0.0 0.0
0.0 0.0 0.0
0.0 0.0 0.0
0.0 0.0 0.0
0.0 0.0 0.0
0.0 0.0 0.0
0.0 0.0 0.0
0.0 0.0 0.0
0.0 0.0 0.0
0.0 0.0 0.0
0.0 0.0 0.0
0.0 0.0 0.0
0.0 0.0 0.0
0.0 0.0 0.0
0.0 0.0 0.0
0.0 0.0 0.0
0.0 0.0 0.0
0.0 0.0 0.0
0.0 0.0 0.0
0.0 0.0 0.0
0.0 0.0 0.0
0.0 0.0 0.0
0.0 0.0 0.0
0.0 0.0 0.0
0.0 0.0 0.0
0.0 0.0 0.0
0.0 0.0 0.0
0.0 0.0 0.0
0.0 0.0 0.0
0.0 0.0 0.0
0.0 0.0 0.0
0.0 0.0 0.0
0.0 0.0 0.0
0.0 0.0 0.0
0.0 0.0 0.0
0.0 0.0 0.0
0.0 0.0 0.0
0.0 0.0 0.0
0.0 0.0 0.0
0.0 0.0 0.0
0.0 0.0 0.0
0.0 0.0 0.0
0.0 0.0 0.0
0.0 0.0 0.0
0.0 0.0 0.0
0.0 0.0 0.0
0.0 0.0 0.0
0.0 0.0 0.0
0.0 0.0 0.0
0.0 0.0 0.0
0.0 0.0 0.0
0.0 0.0 0.0
0.0 0.0 0.0
0.0 0.0 0.0
0.0 0.0 0.0
0.0 0.0 0.0
0.0 0.0 0.0
0.0 0.0 0.0
0.0 0.0 0.0
0.0 0.0 0.0
0.0 0.0 0.0
0.0 0.0 0.0
0.0 0.0 0.0
0.0 0.0 0.0
0.0 0.0 0.0
0.0 0.0 0.0
0.0 0.0 0.0
0.0 0.0 0.0
0.0 0.0 0.0
0.0 0.0 0.0
0.0 0.0 0.0
0.0 0.0 0.0
0.0 0.0 0.0
0.0 0.0 0.0
0.0 0.0 0.0
0.0 0.0 0.0
0.0 0.0 0.0
0.0 0.0 0.0
0.0 0.0 0.0
0.0 0.0 0.0
0.0 0.0 0.0
0.0 0.0 0.0
0.0 0.0 0.0
0.0 0.0 0.0
0.0 0.0 0.0
0.0 0.0 0.0
0.0 0.0 0.0
0.0 0.0 0.0
0.0 0.0 0.0
0.0 0.0 0.0
0.0 0.0 0.0
0.0 0.0 0.0
0.0 0.0 0.0
0.0 0.0 0.0
0.0 0.0 0.0
0.0 0.0 0.0
0.0 0.0 0.0
0.0 0.0 0.0
0.0 0.0 0.0
0.0 0.0 0.0
0.0 0.0 0.0
0.0 0.0 0.0
0.0 0.0 0.0
0.0 0.0 0.0
0.0 0.0 0.0
0.0 0.0 0.0
0.0 0.0 0.0
0.0 0.0 0.0
0.0 0.0 0.0
0.0 0.0 0.0
0.0 0.0 0.0
0.0 0.0 0.0
0.0 0.0 0.0
0.0 0.0 0.0
0.0 0.0 0.0
0.0 0.0 0.0
0.0 0.0 0.0
0.0 0.0 0.0
0.0 0.0 0.0
0.0 0.0 0.0
0.0 0.0 0.0
0.0 0.0 0.0
0.0 0.0 0.0
0.0 0.0 0.0
0.0 0.0 0.0
0.0 0.0 0.0
0.0 0.0 0.0
0.0 0.0 0.0
0.0 0.0 0.0
0.0 0.0 0.0
0.0 0.0 0.0
0.0 0.0 0.0
0.0 0.0 0.0
0.0 0.0 0.0
0.0 0.0 0.0
0.0 0.0 0.0
0.0 0.0 0.0
0.0 0.0 0.0
0.0 0.0 0.0
0.0 0.0 0.0
0.0 0.0 0.0
0.0 0.0 0.0
0.0 0.0 0.0
0.0 0.0 0.0
0.0 0.0 0.0
0.0 0.0 0.0
0.0 0.0 0.0
0.0 0.0 0.0
0.0 0.0 0.0
0.0 0.0 0.0
0.0 0.0 0.0
0.0 0.0 0.0
0.0 0.0 0.0
0.0 0.0 0.0
0.0 0.0 0.0
0.0 0.0 0.0
0.0 0.0 0.0
0.0 0.0 0.0
0.0 0.0 0.0
0.0 0.0 0.0
0.0 0.0 0.0
0.0 0.0 0.0
0.0 0.0 0.0
0.0 0.0 0.0
0.0 0.0 0.0
0.0 0.0 0.0
0.0 0.0 0.0
0.0 0.0 0.0
0.0 0.0 0.0
0.0 0.0 0.0
0.0 0.0 0.0
0.0 0.0 0.0
0.0 0.0 0.0
0.0 0.0 0.0
0.0 0.0 0.0
0.0 0.0 0.0
0.0 0.0 0.0
0.0 0.0 0.0
0.0 0.0 0.0
0.0 0.0 0.0
0.0 0.0 0.0
0.0 0.0 0.0
0.0 0.0 0.0
0.0 0.0 0.0
0.0 0.0 0.0
0.0 0.0 0.0
0.0 0.0 0.0
0.0 0.0 0.0
0.0 0.0 0.0
0.0 0.0 0.0
0.0 0.0 0.0
0.0 0.0 0.0
0.0 0.0 0.0
0.0 0.0 0.0
0.0 0.0 0.0
0.0 0.0 0.0
0.0 0.0 0.0
0.0 0.0 0.0
0.0 0.0 0.0
0.0 0.0 0.0
0.0 0.0 0.0
0.0 0.0 0.0
0.0 0.0 0.0
0.0 0.0 0.0
0.0 0.0 0.0
0.0 0.0 0.0
0.0 0.0 0.0
0.0 0.0 0.0
0.0 0.0 0.0
0.0 0.0 0.0
0.0 0.0 0.0
0.0 0.0 0.0
0.0 0.0 0.0
0.0 0.0 0.0
0.0 0.0 0.0
0.0 0.0 0.0
0.0 0.0 0.0
0.0 0.0 0.0
0.0 0.0 0.0
0.0 0.0 0.0
0.0 0.0 0.0
0.0 0.0 0.0
0.0 0.0 0.0
0.0 0.0 0.0
0.0 0.0 0.0
0.0 0.0 0.0
0.0 0.0 0.0
0.0 0.0 0.0
0.0 0.0 0.0
0.0 0.0 0.0
0.0 0.0 0.0
0.0 0.0 0.0
0.0 0.0 0.0
0.0 0.0 0.0
0.0 0.0 0.0
0.0 0.0 0.0
0.0 0.0 0.0
0.0 0.0 0.0
0.0 0.0 0.0
0.0 0.0 0.0
0.0 0.0 0.0
0.0 0.0 0.0
0.0 0.0 0.0
0.0 0.0 0.0
0.0 0.0 0.0
0.0 0.0 0.0
0.0 0.0 0.0
0.0 0.0 0.0
0.0 0.0 0.0
0.0 0.0 0.0
0.0 0.0 0.0
0.0 0.0 0.0
0.0 0.0 0.0
0.0 0.0 0.0
0.0 0.0 0.0
0.0 0.0 0.0
0.0 0.0 0.0
0.0 0.0 0.0
0.0 0.0 0.0
0.0 0.0 0.0
0.0 0.0 0.0
0.0 0.0 0.0
0.0 0.0 0.0
0.0 0.0 0.0
0.0 0.0 0.0
0.0 0.0 0.0
0.0 0.0 0.0
0.0 0.0 0.0
0.0 0.0 0.0
0.0 0.0 0.0
0.0 0.0 0.0
0.0 0.0 0.0
0.0 0.0 0.0
0.0 0.0 0.0
0.0 0.0 0.0
0.0 0.0 0.0
0.0 0.0 0.0
0.0 0.0 0.0
0.0 0.0 0.0
0.0 0.0 0.0
0.0 0.0 0.0
0.0 0.0 0.0
0.0 0.0 0.0
0.0 0.0 0.0
0.0 0.0 0.0
0.0 0.0 0.0
0.0 0.0 0.0
0.0 0.0 0.0
0.0 0.0 0.0
0.0 0.0 0.0
0.0 0.0 0.0
0.0 0.0 0.0
0.0 0.0 0.0
0.0 0.0 0.0
0.0 0.0 0.0
0.0 0.0 0.0
0.0 0.0 0.0
-5.838455677032471 37.59811782836914 -1.592233657836914
0.0 0.0 0.0
0.0 0.0 0.0
0.0 0.0 0.0
0.0 0.0 0.0
0.0 0.0 0.0
0.0 0.0 0.0
0.0 0.0 0.0
0.0 0.0 0.0
0.0 0.0 0.0
0.0 0.0 0.0
0.0 0.0 0.0
0.0 0.0 0.0
0.0 0.0 0.0
0.0 0.0 0.0
0.0 0.0 0.0
0.0 0.0 0.0
0.0 0.0 0.0
0.0 0.0 0.0
0.0 0.0 0.0
0.0 0.0 0.0
0.0 0.0 0.0
0.0 0.0 0.0
0.0 0.0 0.0
0.0 0.0 0.0
0.0 0.0 0.0
0.0 0.0 0.0
0.0 0.0 0.0
0.0 0.0 0.0
0.0 0.0 0.0
0.0 0.0 0.0
0.0 0.0 0.0
0.0 0.0 0.0
0.0 0.0 0.0
0.0 0.0 0.0
0.0 0.0 0.0
0.0 0.0 0.0
0.0 0.0 0.0
0.0 0.0 0.0
0.0 0.0 0.0
0.0 0.0 0.0
0.0 0.0 0.0
0.0 0.0 0.0
0.0 0.0 0.0
0.0 0.0 0.0
0.0 0.0 0.0
0.0 0.0 0.0
0.0 0.0 0.0
0.0 0.0 0.0
0.0 0.0 0.0
0.0 0.0 0.0
0.0 0.0 0.0
0.0 0.0 0.0
30.618858337402344 139.6947021484375 -5.905823707580566
0.0 0.0 0.0
0.0 0.0 0.0
0.0 0.0 0.0
0.0 0.0 0.0
0.0 0.0 0.0
0.0 0.0 0.0
0.0 0.0 0.0
0.0 0.0 0.0
0.0 0.0 0.0
0.0 0.0 0.0
0.0 0.0 0.0
0.0 0.0 0.0
0.0 0.0 0.0
0.0 0.0 0.0
0.0 0.0 0.0
0.0 0.0 0.0
0.0 0.0 0.0
0.0 0.0 0.0
0.0 0.0 0.0
0.0 0.0 0.0
0.0 0.0 0.0
0.0 0.0 0.0
0.0 0.0 0.0
0.0 0.0 0.0
0.0 0.0 0.0
0.0 0.0 0.0
0.0 0.0 0.0
0.0 0.0 0.0
0.0 0.0 0.0
0.0 0.0 0.0
0.0 0.0 0.0
0.0 0.0 0.0
0.0 0.0 0.0
0.0 0.0 0.0
0.0 0.0 0.0
0.0 0.0 0.0
0.0 0.0 0.0
0.0 0.0 0.0
0.0 0.0 0.0
0.0 0.0 0.0
0.0 0.0 0.0
0.0 0.0 0.0
0.0 0.0 0.0
0.0 0.0 0.0
0.0 0.0 0.0
0.0 0.0 0.0
0.0 0.0 0.0
0.0 0.0 0.0
0.0 0.0 0.0
0.0 0.0 0.0
0.0 0.0 0.0
0.0 0.0 0.0
0.0 0.0 0.0
0.0 0.0 0.0
0.0 0.0 0.0
0.0 0.0 0.0
0.0 0.0 0.0
0.0 0.0 0.0
0.0 0.0 0.0
0.0 0.0 0.0
0.0 0.0 0.0
0.0 0.0 0.0
0.0 0.0 0.0
0.0 0.0 0.0
0.0 0.0 0.0
0.0 0.0 0.0
0.0 0.0 0.0
0.0 0.0 0.0
0.0 0.0 0.0
0.0 0.0 0.0
0.0 0.0 0.0
0.0 0.0 0.0
0.0 0.0 0.0
0.0 0.0 0.0
0.0 0.0 0.0
0.0 0.0 0.0
0.0 0.0 0.0
0.0 0.0 0.0
0.0 0.0 0.0
0.0 0.0 0.0
0.0 0.0 0.0
0.0 0.0 0.0
0.0 0.0 0.0
0.0 0.0 0.0
0.0 0.0 0.0
0.0 0.0 0.0
0.0 0.0 0.0
0.0 0.0 0.0
0.0 0.0 0.0
0.0 0.0 0.0
0.0 0.0 0.0
0.0 0.0 0.0
0.0 0.0 0.0
0.0 0.0 0.0
0.0 0.0 0.0
0.0 0.0 0.0
0.0 0.0 0.0
0.0 0.0 0.0
0.0 0.0 0.0
0.0 0.0 0.0
0.0 0.0 0.0
0.0 0.0 0.0
0.0 0.0 0.0
0.0 0.0 0.0
0.0 0.0 0.0
0.0 0.0 0.0
0.0 0.0 0.0
0.0 0.0 0.0
0.0 0.0 0.0
0.0 0.0 0.0
0.0 0.0 0.0
0.0 0.0 0.0
0.0 0.0 0.0
0.0 0.0 0.0
0.0 0.0 0.0
0.0 0.0 0.0
0.0 0.0 0.0
0.0 0.0 0.0
0.0 0.0 0.0
0.0 0.0 0.0
0.0 0.0 0.0
0.0 0.0 0.0
0.0 0.0 0.0
0.0 0.0 0.0
0.0 0.0 0.0
0.0 0.0 0.0
0.0 0.0 0.0
0.0 0.0 0.0
0.0 0.0 0.0
0.0 0.0 0.0
0.0 0.0 0.0
0.0 0.0 0.0
0.0 0.0 0.0
0.0 0.0 0.0
0.0 0.0 0.0
0.0 0.0 0.0
0.0 0.0 0.0
0.0 0.0 0.0
0.0 0.0 0.0
0.0 0.0 0.0
0.0 0.0 0.0
0.0 0.0 0.0
0.0 0.0 0.0
0.0 0.0 0.0
0.0 0.0 0.0
0.0 0.0 0.0
0.0 0.0 0.0
0.0 0.0 0.0
0.0 0.0 0.0
0.0 0.0 0.0
0.0 0.0 0.0
0.0 0.0 0.0
0.0 0.0 0.0
0.0 0.0 0.0
0.0 0.0 0.0
0.0 0.0 0.0
0.0 0.0 0.0
0.0 0.0 0.0
0.0 0.0 0.0
0.0 0.0 0.0
0.0 0.0 0.0
0.0 0.0 0.0
0.0 0.0 0.0
0.0 0.0 0.0
0.0 0.0 0.0
0.0 0.0 0.0
0.0 0.0 0.0
0.0 0.0 0.0
0.0 0.0 0.0
0.0 0.0 0.0
0.0 0.0 0.0
0.0 0.0 0.0
0.0 0.0 0.0
0.0 0.0 0.0
0.0 0.0 0.0
0.0 0.0 0.0
0.0 0.0 0.0
0.0 0.0 0.0
0.0 0.0 0.0
0.0 0.0 0.0
0.0 0.0 0.0
0.0 0.0 0.0
0.0 0.0 0.0
0.0 0.0 0.0
0.0 0.0 0.0
0.0 0.0 0.0
0.0 0.0 0.0
0.0 0.0 0.0
0.0 0.0 0.0
0.0 0.0 0.0
0.0 0.0 0.0
0.0 0.0 0.0
0.0 0.0 0.0
0.0 0.0 0.0
0.0 0.0 0.0
0.0 0.0 0.0
0.0 0.0 0.0
0.0 0.0 0.0
0.0 0.0 0.0
0.0 0.0 0.0
0.0 0.0 0.0
0.0 0.0 0.0
0.0 0.0 0.0
0.0 0.0 0.0
0.0 0.0 0.0
0.0 0.0 0.0
0.0 0.0 0.0
0.0 0.0 0.0
0.0 0.0 0.0
0.0 0.0 0.0
0.0 0.0 0.0
0.0 0.0 0.0
0.0 0.0 0.0
0.0 0.0 0.0
0.0 0.0 0.0
0.0 0.0 0.0
0.0 0.0 0.0
0.0 0.0 0.0
0.0 0.0 0.0
0.0 0.0 0.0
0.0 0.0 0.0
0.0 0.0 0.0
0.0 0.0 0.0
-12.52397632598877 21.916292190551758 0.7654432058334351
0.0 0.0 0.0
0.0 0.0 0.0
0.0 0.0 0.0
0.0 0.0 0.0
0.0 0.0 0.0
0.0 0.0 0.0
0.0 0.0 0.0
0.0 0.0 0.0
0.0 0.0 0.0
0.0 0.0 0.0
0.0 0.0 0.0
0.0 0.0 0.0
0.0 0.0 0.0
0.0 0.0 0.0
0.0 0.0 0.0
0.0 0.0 0.0
0.0 0.0 0.0
0.0 0.0 0.0
0.0 0.0 0.0
0.0 0.0 0.0
0.0 0.0 0.0
0.0 0.0 0.0
0.0 0.0 0.0
0.0 0.0 0.0
0.0 0.0 0.0
0.0 0.0 0.0
0.0 0.0 0.0
0.0 0.0 0.0
0.0 0.0 0.0
0.0 0.0 0.0
0.0 0.0 0.0
0.0 0.0 0.0
0.0 0.0 0.0
0.0 0.0 0.0
0.0 0.0 0.0
0.0 0.0 0.0
0.0 0.0 0.0
0.0 0.0 0.0
0.0 0.0 0.0
0.0 0.0 0.0
0.0 0.0 0.0
0.0 0.0 0.0
0.0 0.0 0.0
0.0 0.0 0.0
0.0 0.0 0.0
0.0 0.0 0.0
0.0 0.0 0.0
0.0 0.0 0.0
0.0 0.0 0.0
0.0 0.0 0.0
0.0 0.0 0.0
0.0 0.0 0.0
0.0 0.0 0.0
0.0 0.0 0.0
0.0 0.0 0.0
0.0 0.0 0.0
0.0 0.0 0.0
0.0 0.0 0.0
0.0 0.0 0.0
0.0 0.0 0.0
0.0 0.0 0.0
0.0 0.0 0.0
0.0 0.0 0.0
0.0 0.0 0.0
0.0 0.0 0.0
0.0 0.0 0.0
0.0 0.0 0.0
0.0 0.0 0.0
0.0 0.0 0.0
0.0 0.0 0.0
0.0 0.0 0.0
0.0 0.0 0.0
0.0 0.0 0.0
0.0 0.0 0.0
0.0 0.0 0.0
0.0 0.0 0.0
0.0 0.0 0.0
0.0 0.0 0.0
0.0 0.0 0.0
0.0 0.0 0.0
0.0 0.0 0.0
-6.572311878204346 37.9368782043457 -1.5017380714416504
0.0 0.0 0.0
0.0 0.0 0.0
0.0 0.0 0.0
0.0 0.0 0.0
-5.2309417724609375 38.014122009277344 -1.517864465713501
-5.0070881843566895 38.398380279541016 -1.535860538482666
0.0 0.0 0.0
0.0 0.0 0.0
0.0 0.0 0.0
0.0 0.0 0.0
0.0 0.0 0.0
0.0 0.0 0.0
0.0 0.0 0.0
0.0 0.0 0.0
0.0 0.0 0.0
0.0 0.0 0.0
0.0 0.0 0.0
0.0 0.0 0.0
0.0 0.0 0.0
0.0 0.0 0.0
0.0 0.0 0.0
0.0 0.0 0.0
0.0 0.0 0.0
0.0 0.0 0.0
0.0 0.0 0.0
0.0 0.0 0.0
0.0 0.0 0.0
0.0 0.0 0.0
0.0 0.0 0.0
0.0 0.0 0.0
0.0 0.0 0.0
2.005950689315796 38.654422760009766 -1.5704565048217773
0.0 0.0 0.0
0.0 0.0 0.0
0.0 0.0 0.0
0.0 0.0 0.0
0.0 0.0 0.0
0.0 0.0 0.0
0.0 0.0 0.0
0.0 0.0 0.0
0.0 0.0 0.0
0.0 0.0 0.0
0.0 0.0 0.0
0.0 0.0 0.0
0.0 0.0 0.0
0.0 0.0 0.0
0.0 0.0 0.0
0.0 0.0 0.0
0.0 0.0 0.0
0.0 0.0 0.0
0.0 0.0 0.0
0.0 0.0 0.0
0.0 0.0 0.0
0.0 0.0 0.0
0.0 0.0 0.0
0.0 0.0 0.0
0.0 0.0 0.0
0.0 0.0 0.0
0.0 0.0 0.0
0.0 0.0 0.0
0.0 0.0 0.0
0.0 0.0 0.0
0.0 0.0 0.0
0.0 0.0 0.0
0.0 0.0 0.0
0.0 0.0 0.0
0.0 0.0 0.0
0.0 0.0 0.0
0.0 0.0 0.0
0.0 0.0 0.0
0.0 0.0 0.0
0.0 0.0 0.0
0.0 0.0 0.0
0.0 0.0 0.0
0.0 0.0 0.0
0.0 0.0 0.0
0.0 0.0 0.0
0.0 0.0 0.0
0.0 0.0 0.0
0.0 0.0 0.0
0.0 0.0 0.0
0.0 0.0 0.0
0.0 0.0 0.0
0.0 0.0 0.0
0.0 0.0 0.0
0.0 0.0 0.0
0.0 0.0 0.0
0.0 0.0 0.0
0.0 0.0 0.0
0.0 0.0 0.0
0.0 0.0 0.0
0.0 0.0 0.0
0.0 0.0 0.0
0.0 0.0 0.0
0.0 0.0 0.0
0.0 0.0 0.0
0.0 0.0 0.0
0.0 0.0 0.0
0.0 0.0 0.0
0.0 0.0 0.0
0.0 0.0 0.0
0.0 0.0 0.0
0.0 0.0 0.0
0.0 0.0 0.0
0.0 0.0 0.0
0.0 0.0 0.0
0.0 0.0 0.0
0.0 0.0 0.0
0.0 0.0 0.0
0.0 0.0 0.0
0.0 0.0 0.0
0.0 0.0 0.0
0.0 0.0 0.0
0.0 0.0 0.0
0.0 0.0 0.0
0.0 0.0 0.0
0.0 0.0 0.0
0.0 0.0 0.0
0.0 0.0 0.0
0.0 0.0 0.0
0.0 0.0 0.0
0.0 0.0 0.0
0.0 0.0 0.0
0.0 0.0 0.0
0.0 0.0 0.0
0.0 0.0 0.0
0.0 0.0 0.0
0.0 0.0 0.0
0.0 0.0 0.0
0.0 0.0 0.0
0.0 0.0 0.0
0.0 0.0 0.0
0.0 0.0 0.0
0.0 0.0 0.0
0.0 0.0 0.0
0.0 0.0 0.0
0.0 0.0 0.0
0.0 0.0 0.0
0.0 0.0 0.0
0.0 0.0 0.0
0.0 0.0 0.0
0.0 0.0 0.0
0.0 0.0 0.0
0.0 0.0 0.0
0.0 0.0 0.0
0.0 0.0 0.0
0.0 0.0 0.0
0.0 0.0 0.0
0.0 0.0 0.0
0.0 0.0 0.0
0.0 0.0 0.0
0.0 0.0 0.0
0.0 0.0 0.0
0.0 0.0 0.0
0.0 0.0 0.0
0.0 0.0 0.0
0.0 0.0 0.0
0.0 0.0 0.0
0.0 0.0 0.0
0.0 0.0 0.0
0.0 0.0 0.0
0.0 0.0 0.0
0.0 0.0 0.0
0.0 0.0 0.0
0.0 0.0 0.0
0.0 0.0 0.0
0.0 0.0 0.0
0.0 0.0 0.0
0.0 0.0 0.0
0.0 0.0 0.0
0.0 0.0 0.0
0.0 0.0 0.0
0.0 0.0 0.0
0.0 0.0 0.0
0.0 0.0 0.0
0.0 0.0 0.0
0.0 0.0 0.0
0.0 0.0 0.0
0.0 0.0 0.0
0.0 0.0 0.0
0.0 0.0 0.0
0.0 0.0 0.0
0.0 0.0 0.0
0.0 0.0 0.0
0.0 0.0 0.0
0.0 0.0 0.0
0.0 0.0 0.0
0.0 0.0 0.0
0.0 0.0 0.0
0.0 0.0 0.0
0.0 0.0 0.0
0.0 0.0 0.0
0.0 0.0 0.0
0.0 0.0 0.0
0.0 0.0 0.0
0.0 0.0 0.0
0.0 0.0 0.0
0.0 0.0 0.0
0.0 0.0 0.0
0.0 0.0 0.0
0.0 0.0 0.0
0.0 0.0 0.0
0.0 0.0 0.0
0.0 0.0 0.0
0.0 0.0 0.0
0.0 0.0 0.0
0.0 0.0 0.0
0.0 0.0 0.0
0.0 0.0 0.0
0.0 0.0 0.0
0.0 0.0 0.0
0.0 0.0 0.0
0.0 0.0 0.0
0.0 0.0 0.0
0.0 0.0 0.0
0.0 0.0 0.0
0.0 0.0 0.0
0.0 0.0 0.0
0.0 0.0 0.0
0.0 0.0 0.0
0.0 0.0 0.0
0.0 0.0 0.0
0.0 0.0 0.0
0.0 0.0 0.0
0.0 0.0 0.0
0.0 0.0 0.0
0.0 0.0 0.0
0.0 0.0 0.0
0.0 0.0 0.0
0.0 0.0 0.0
0.0 0.0 0.0
0.0 0.0 0.0
0.0 0.0 0.0
0.0 0.0 0.0
0.0 0.0 0.0
0.0 0.0 0.0
0.0 0.0 0.0
0.0 0.0 0.0
0.0 0.0 0.0
0.0 0.0 0.0
0.0 0.0 0.0
0.0 0.0 0.0
0.0 0.0 0.0
0.0 0.0 0.0
0.0 0.0 0.0
0.0 0.0 0.0
0.0 0.0 0.0
0.0 0.0 0.0
0.0 0.0 0.0
0.0 0.0 0.0
0.0 0.0 0.0
0.0 0.0 0.0
0.0 0.0 0.0
0.0 0.0 0.0
0.0 0.0 0.0
0.0 0.0 0.0
0.0 0.0 0.0
0.0 0.0 0.0
0.0 0.0 0.0
0.0 0.0 0.0
0.0 0.0 0.0
0.0 0.0 0.0
0.0 0.0 0.0
0.0 0.0 0.0
0.0 0.0 0.0
0.0 0.0 0.0
0.0 0.0 0.0
0.0 0.0 0.0
0.0 0.0 0.0
0.0 0.0 0.0
0.0 0.0 0.0
0.0 0.0 0.0
0.0 0.0 0.0
0.0 0.0 0.0
0.0 0.0 0.0
0.0 0.0 0.0
0.0 0.0 0.0
0.0 0.0 0.0
0.0 0.0 0.0
0.0 0.0 0.0
0.0 0.0 0.0
0.0 0.0 0.0
0.0 0.0 0.0
0.0 0.0 0.0
0.0 0.0 0.0
0.0 0.0 0.0
0.0 0.0 0.0
0.0 0.0 0.0
0.0 0.0 0.0
0.0 0.0 0.0
0.0 0.0 0.0
0.0 0.0 0.0
0.0 0.0 0.0
0.0 0.0 0.0
0.0 0.0 0.0
0.0 0.0 0.0
0.0 0.0 0.0
0.0 0.0 0.0
0.0 0.0 0.0
0.0 0.0 0.0
0.0 0.0 0.0
0.0 0.0 0.0
0.0 0.0 0.0
0.0 0.0 0.0
0.0 0.0 0.0
0.0 0.0 0.0
0.0 0.0 0.0
0.0 0.0 0.0
0.0 0.0 0.0
0.0 0.0 0.0
0.0 0.0 0.0
0.0 0.0 0.0
0.0 0.0 0.0
0.0 0.0 0.0
0.0 0.0 0.0
0.0 0.0 0.0
0.0 0.0 0.0
0.0 0.0 0.0
0.0 0.0 0.0
0.0 0.0 0.0
0.0 0.0 0.0
0.0 0.0 0.0
0.0 0.0 0.0
0.0 0.0 0.0
0.0 0.0 0.0
0.0 0.0 0.0
0.0 0.0 0.0
0.0 0.0 0.0
0.0 0.0 0.0
0.0 0.0 0.0
0.0 0.0 0.0
0.0 0.0 0.0
0.0 0.0 0.0
0.0 0.0 0.0
0.0 0.0 0.0
0.0 0.0 0.0
0.0 0.0 0.0
0.0 0.0 0.0
0.0 0.0 0.0
0.0 0.0 0.0
0.0 0.0 0.0
0.0 0.0 0.0
0.0 0.0 0.0
0.0 0.0 0.0
0.0 0.0 0.0
0.0 0.0 0.0
0.0 0.0 0.0
0.0 0.0 0.0
0.0 0.0 0.0
0.0 0.0 0.0
0.0 0.0 0.0
0.0 0.0 0.0
0.0 0.0 0.0
0.0 0.0 0.0
0.0 0.0 0.0
0.0 0.0 0.0
0.0 0.0 0.0
0.0 0.0 0.0
0.0 0.0 0.0
0.0 0.0 0.0
0.0 0.0 0.0
0.0 0.0 0.0
0.0 0.0 0.0
0.0 0.0 0.0
0.0 0.0 0.0
0.0 0.0 0.0
0.0 0.0 0.0
0.0 0.0 0.0
0.0 0.0 0.0
0.0 0.0 0.0
0.0 0.0 0.0
0.0 0.0 0.0
0.0 0.0 0.0
0.0 0.0 0.0
0.0 0.0 0.0
0.0 0.0 0.0
0.0 0.0 0.0
0.0 0.0 0.0
0.0 0.0 0.0
0.0 0.0 0.0
0.0 0.0 0.0
0.0 0.0 0.0
0.0 0.0 0.0
0.0 0.0 0.0
0.0 0.0 0.0
0.0 0.0 0.0
0.0 0.0 0.0
0.0 0.0 0.0
0.0 0.0 0.0
0.0 0.0 0.0
0.0 0.0 0.0
0.0 0.0 0.0
0.0 0.0 0.0
0.0 0.0 0.0
0.0 0.0 0.0
0.0 0.0 0.0
0.0 0.0 0.0
0.0 0.0 0.0
0.0 0.0 0.0
0.0 0.0 0.0
0.0 0.0 0.0
0.0 0.0 0.0
0.0 0.0 0.0
0.0 0.0 0.0
0.0 0.0 0.0
0.0 0.0 0.0
0.0 0.0 0.0
0.0 0.0 0.0
0.0 0.0 0.0
0.0 0.0 0.0
0.0 0.0 0.0
0.0 0.0 0.0
0.0 0.0 0.0
0.0 0.0 0.0
0.0 0.0 0.0
0.0 0.0 0.0
0.0 0.0 0.0
0.0 0.0 0.0
0.0 0.0 0.0
0.0 0.0 0.0
0.0 0.0 0.0
0.0 0.0 0.0
0.0 0.0 0.0
0.0 0.0 0.0
0.0 0.0 0.0
0.0 0.0 0.0
0.0 0.0 0.0
0.0 0.0 0.0
0.0 0.0 0.0
0.0 0.0 0.0
0.0 0.0 0.0
0.0 0.0 0.0
0.0 0.0 0.0
0.0 0.0 0.0
0.0 0.0 0.0
0.0 0.0 0.0
0.0 0.0 0.0
0.0 0.0 0.0
0.0 0.0 0.0
0.0 0.0 0.0
0.0 0.0 0.0
0.0 0.0 0.0
0.0 0.0 0.0
0.0 0.0 0.0
0.0 0.0 0.0
0.0 0.0 0.0
0.0 0.0 0.0
0.0 0.0 0.0
0.0 0.0 0.0
0.0 0.0 0.0
0.0 0.0 0.0
0.0 0.0 0.0
0.0 0.0 0.0
0.0 0.0 0.0
0.0 0.0 0.0
0.0 0.0 0.0
0.0 0.0 0.0
0.0 0.0 0.0
0.0 0.0 0.0
0.0 0.0 0.0
0.0 0.0 0.0
0.0 0.0 0.0
0.0 0.0 0.0
0.0 0.0 0.0
0.0 0.0 0.0
0.0 0.0 0.0
0.0 0.0 0.0
0.0 0.0 0.0
0.0 0.0 0.0
0.0 0.0 0.0
0.0 0.0 0.0
0.0 0.0 0.0
0.0 0.0 0.0
0.0 0.0 0.0
0.0 0.0 0.0
0.0 0.0 0.0
0.0 0.0 0.0
0.0 0.0 0.0
0.0 0.0 0.0
0.0 0.0 0.0
0.0 0.0 0.0
0.0 0.0 0.0
0.0 0.0 0.0
0.0 0.0 0.0
0.0 0.0 0.0
0.0 0.0 0.0
0.0 0.0 0.0
0.0 0.0 0.0
0.0 0.0 0.0
0.0 0.0 0.0
0.0 0.0 0.0
0.0 0.0 0.0
0.0 0.0 0.0
0.0 0.0 0.0
0.0 0.0 0.0
0.0 0.0 0.0
0.0 0.0 0.0
0.0 0.0 0.0
0.0 0.0 0.0
0.0 0.0 0.0
0.0 0.0 0.0
0.0 0.0 0.0
0.0 0.0 0.0
0.0 0.0 0.0
0.0 0.0 0.0
0.0 0.0 0.0
0.0 0.0 0.0
0.0 0.0 0.0
0.0 0.0 0.0
0.0 0.0 0.0
0.0 0.0 0.0
0.0 0.0 0.0
0.0 0.0 0.0
0.0 0.0 0.0
0.0 0.0 0.0
0.0 0.0 0.0
0.0 0.0 0.0
0.0 0.0 0.0
0.0 0.0 0.0
0.0 0.0 0.0
0.0 0.0 0.0
0.0 0.0 0.0
0.0 0.0 0.0
0.0 0.0 0.0
0.0 0.0 0.0
0.0 0.0 0.0
0.0 0.0 0.0
0.0 0.0 0.0
0.0 0.0 0.0
0.0 0.0 0.0
0.0 0.0 0.0
0.0 0.0 0.0
0.0 0.0 0.0
0.0 0.0 0.0
0.0 0.0 0.0
0.0 0.0 0.0
0.0 0.0 0.0
0.0 0.0 0.0
0.0 0.0 0.0
0.0 0.0 0.0
0.0 0.0 0.0
0.0 0.0 0.0
0.0 0.0 0.0
0.0 0.0 0.0
0.0 0.0 0.0
0.0 0.0 0.0
0.0 0.0 0.0
0.0 0.0 0.0
0.0 0.0 0.0
0.0 0.0 0.0
0.0 0.0 0.0
0.0 0.0 0.0
0.0 0.0 0.0
0.0 0.0 0.0
0.0 0.0 0.0
0.0 0.0 0.0
0.0 0.0 0.0
0.0 0.0 0.0
0.0 0.0 0.0
0.0 0.0 0.0
0.0 0.0 0.0
0.0 0.0 0.0
0.0 0.0 0.0
0.0 0.0 0.0
0.0 0.0 0.0
0.0 0.0 0.0
0.0 0.0 0.0
0.0 0.0 0.0
0.0 0.0 0.0
0.0 0.0 0.0
0.0 0.0 0.0
0.0 0.0 0.0
0.0 0.0 0.0
0.0 0.0 0.0
0.0 0.0 0.0
0.0 0.0 0.0
0.0 0.0 0.0
0.0 0.0 0.0
0.0 0.0 0.0
0.0 0.0 0.0
0.0 0.0 0.0
0.0 0.0 0.0
0.0 0.0 0.0
0.0 0.0 0.0
0.0 0.0 0.0
0.0 0.0 0.0
0.0 0.0 0.0
0.0 0.0 0.0
0.0 0.0 0.0
0.0 0.0 0.0
0.0 0.0 0.0
0.0 0.0 0.0
0.0 0.0 0.0
0.0 0.0 0.0
0.0 0.0 0.0
0.0 0.0 0.0
0.0 0.0 0.0
0.0 0.0 0.0
0.0 0.0 0.0
0.0 0.0 0.0
0.0 0.0 0.0
0.0 0.0 0.0
0.0 0.0 0.0
0.0 0.0 0.0
0.0 0.0 0.0
0.0 0.0 0.0
0.0 0.0 0.0
0.0 0.0 0.0
0.0 0.0 0.0
0.0 0.0 0.0
0.0 0.0 0.0
0.0 0.0 0.0
0.0 0.0 0.0
0.0 0.0 0.0
0.0 0.0 0.0
0.0 0.0 0.0
0.0 0.0 0.0
0.0 0.0 0.0
0.0 0.0 0.0
0.0 0.0 0.0
0.0 0.0 0.0
0.0 0.0 0.0
0.0 0.0 0.0
0.0 0.0 0.0
0.0 0.0 0.0
0.0 0.0 0.0
0.0 0.0 0.0
0.0 0.0 0.0
0.0 0.0 0.0
0.0 0.0 0.0
0.0 0.0 0.0
0.0 0.0 0.0
0.0 0.0 0.0
0.0 0.0 0.0
0.0 0.0 0.0
0.0 0.0 0.0
0.0 0.0 0.0
0.0 0.0 0.0
0.0 0.0 0.0
0.0 0.0 0.0
0.0 0.0 0.0
0.0 0.0 0.0
0.0 0.0 0.0
0.0 0.0 0.0
0.0 0.0 0.0
0.0 0.0 0.0
0.0 0.0 0.0
0.0 0.0 0.0
0.0 0.0 0.0
0.0 0.0 0.0
0.0 0.0 0.0
0.0 0.0 0.0
0.0 0.0 0.0
0.0 0.0 0.0
0.0 0.0 0.0
0.0 0.0 0.0
0.0 0.0 0.0
0.0 0.0 0.0
0.0 0.0 0.0
0.0 0.0 0.0
0.0 0.0 0.0
0.0 0.0 0.0
0.0 0.0 0.0
0.0 0.0 0.0
0.0 0.0 0.0
0.0 0.0 0.0
0.0 0.0 0.0
0.0 0.0 0.0
0.0 0.0 0.0
0.0 0.0 0.0
0.0 0.0 0.0
0.0 0.0 0.0
0.0 0.0 0.0
0.0 0.0 0.0
0.0 0.0 0.0
0.0 0.0 0.0
0.0 0.0 0.0
0.0 0.0 0.0
0.0 0.0 0.0
0.0 0.0 0.0
0.0 0.0 0.0
0.0 0.0 0.0
0.0 0.0 0.0
0.0 0.0 0.0
0.0 0.0 0.0
0.0 0.0 0.0
0.0 0.0 0.0
0.0 0.0 0.0
0.0 0.0 0.0
0.0 0.0 0.0
0.0 0.0 0.0
0.0 0.0 0.0
0.0 0.0 0.0
0.0 0.0 0.0
0.0 0.0 0.0
0.0 0.0 0.0
0.0 0.0 0.0
0.0 0.0 0.0
0.0 0.0 0.0
0.0 0.0 0.0
0.0 0.0 0.0
0.0 0.0 0.0
0.0 0.0 0.0
0.0 0.0 0.0
0.0 0.0 0.0
0.0 0.0 0.0
0.0 0.0 0.0
0.0 0.0 0.0
0.0 0.0 0.0
0.0 0.0 0.0
0.0 0.0 0.0
0.0 0.0 0.0
0.0 0.0 0.0
0.0 0.0 0.0
0.0 0.0 0.0
0.0 0.0 0.0
0.0 0.0 0.0
0.0 0.0 0.0
0.0 0.0 0.0
0.0 0.0 0.0
0.0 0.0 0.0
0.0 0.0 0.0
0.0 0.0 0.0
0.0 0.0 0.0
0.0 0.0 0.0
0.0 0.0 0.0
0.0 0.0 0.0
0.0 0.0 0.0
0.0 0.0 0.0
0.0 0.0 0.0
0.0 0.0 0.0
0.0 0.0 0.0
0.0 0.0 0.0
0.0 0.0 0.0
0.0 0.0 0.0
0.0 0.0 0.0
0.0 0.0 0.0
0.0 0.0 0.0
0.0 0.0 0.0
0.0 0.0 0.0
0.0 0.0 0.0
0.0 0.0 0.0
0.0 0.0 0.0
0.0 0.0 0.0
0.0 0.0 0.0
0.0 0.0 0.0
0.0 0.0 0.0
0.0 0.0 0.0
0.0 0.0 0.0
0.0 0.0 0.0
0.0 0.0 0.0
0.0 0.0 0.0
0.0 0.0 0.0
0.0 0.0 0.0
0.0 0.0 0.0
0.0 0.0 0.0
0.0 0.0 0.0
0.0 0.0 0.0
0.0 0.0 0.0
0.0 0.0 0.0
0.0 0.0 0.0
0.0 0.0 0.0
0.0 0.0 0.0
0.0 0.0 0.0
0.0 0.0 0.0
0.0 0.0 0.0
0.0 0.0 0.0
0.0 0.0 0.0
0.0 0.0 0.0
0.0 0.0 0.0
0.0 0.0 0.0
0.0 0.0 0.0
0.0 0.0 0.0
0.0 0.0 0.0
0.0 0.0 0.0
0.0 0.0 0.0
0.0 0.0 0.0
0.0 0.0 0.0
0.0 0.0 0.0
0.0 0.0 0.0
0.0 0.0 0.0
0.0 0.0 0.0
0.0 0.0 0.0
0.0 0.0 0.0
0.0 0.0 0.0
0.0 0.0 0.0
0.0 0.0 0.0
0.0 0.0 0.0
0.0 0.0 0.0
0.0 0.0 0.0
0.0 0.0 0.0
0.0 0.0 0.0
0.0 0.0 0.0
0.0 0.0 0.0
0.0 0.0 0.0
0.0 0.0 0.0
0.0 0.0 0.0
0.0 0.0 0.0
0.0 0.0 0.0
0.0 0.0 0.0
0.0 0.0 0.0
0.0 0.0 0.0
0.0 0.0 0.0
0.0 0.0 0.0
0.0 0.0 0.0
0.0 0.0 0.0
0.0 0.0 0.0
0.0 0.0 0.0
0.0 0.0 0.0
0.0 0.0 0.0
0.0 0.0 0.0
0.0 0.0 0.0
0.0 0.0 0.0
0.0 0.0 0.0
0.0 0.0 0.0
0.0 0.0 0.0
0.0 0.0 0.0
0.0 0.0 0.0
0.0 0.0 0.0
0.0 0.0 0.0
0.0 0.0 0.0
0.0 0.0 0.0
0.0 0.0 0.0
0.0 0.0 0.0
0.0 0.0 0.0
0.0 0.0 0.0
0.0 0.0 0.0
0.0 0.0 0.0
0.0 0.0 0.0
0.0 0.0 0.0
0.0 0.0 0.0
0.0 0.0 0.0
0.0 0.0 0.0
0.0 0.0 0.0
0.0 0.0 0.0
0.0 0.0 0.0
0.0 0.0 0.0
0.0 0.0 0.0
0.0 0.0 0.0
0.0 0.0 0.0
0.0 0.0 0.0
0.0 0.0 0.0
0.0 0.0 0.0
0.0 0.0 0.0
0.0 0.0 0.0
0.0 0.0 0.0
0.0 0.0 0.0
0.0 0.0 0.0
0.0 0.0 0.0
0.0 0.0 0.0
0.0 0.0 0.0
0.0 0.0 0.0
0.0 0.0 0.0
0.0 0.0 0.0
0.0 0.0 0.0
0.0 0.0 0.0
0.0 0.0 0.0
0.0 0.0 0.0
0.0 0.0 0.0
0.0 0.0 0.0
0.0 0.0 0.0
0.0 0.0 0.0
0.0 0.0 0.0
0.0 0.0 0.0
0.0 0.0 0.0
0.0 0.0 0.0
0.0 0.0 0.0
0.0 0.0 0.0
0.0 0.0 0.0
0.0 0.0 0.0
0.0 0.0 0.0
0.0 0.0 0.0
0.0 0.0 0.0
0.0 0.0 0.0
0.0 0.0 0.0
0.0 0.0 0.0
0.0 0.0 0.0
0.0 0.0 0.0
0.0 0.0 0.0
0.0 0.0 0.0
0.0 0.0 0.0
0.0 0.0 0.0
0.0 0.0 0.0
0.0 0.0 0.0
0.0 0.0 0.0
0.0 0.0 0.0
0.0 0.0 0.0
0.0 0.0 0.0
0.0 0.0 0.0
0.0 0.0 0.0
0.0 0.0 0.0
0.0 0.0 0.0
0.0 0.0 0.0
0.0 0.0 0.0
0.0 0.0 0.0
0.0 0.0 0.0
0.0 0.0 0.0
0.0 0.0 0.0
0.0 0.0 0.0
0.0 0.0 0.0
0.0 0.0 0.0
0.0 0.0 0.0
0.0 0.0 0.0
0.0 0.0 0.0
0.0 0.0 0.0
0.0 0.0 0.0
0.0 0.0 0.0
0.0 0.0 0.0
0.0 0.0 0.0
0.0 0.0 0.0
0.0 0.0 0.0
0.0 0.0 0.0
0.0 0.0 0.0
0.0 0.0 0.0
0.0 0.0 0.0
0.0 0.0 0.0
0.0 0.0 0.0
0.0 0.0 0.0
0.0 0.0 0.0
0.0 0.0 0.0
0.0 0.0 0.0
0.0 0.0 0.0
0.0 0.0 0.0
0.0 0.0 0.0
0.0 0.0 0.0
0.0 0.0 0.0
0.0 0.0 0.0
0.0 0.0 0.0
0.0 0.0 0.0
0.0 0.0 0.0
0.0 0.0 0.0
0.0 0.0 0.0
0.0 0.0 0.0
0.0 0.0 0.0
0.0 0.0 0.0
0.0 0.0 0.0
0.0 0.0 0.0
0.0 0.0 0.0
0.0 0.0 0.0
0.0 0.0 0.0
0.0 0.0 0.0
0.0 0.0 0.0
0.0 0.0 0.0
0.0 0.0 0.0
0.0 0.0 0.0
0.0 0.0 0.0
0.0 0.0 0.0
0.0 0.0 0.0
0.0 0.0 0.0
0.0 0.0 0.0
0.0 0.0 0.0
0.0 0.0 0.0
0.0 0.0 0.0
0.0 0.0 0.0
0.0 0.0 0.0
0.0 0.0 0.0
0.0 0.0 0.0
0.0 0.0 0.0
0.0 0.0 0.0
0.0 0.0 0.0
0.0 0.0 0.0
0.0 0.0 0.0
0.0 0.0 0.0
0.0 0.0 0.0
0.0 0.0 0.0
0.0 0.0 0.0
0.0 0.0 0.0
0.0 0.0 0.0
0.0 0.0 0.0
0.0 0.0 0.0
0.0 0.0 0.0
0.0 0.0 0.0
0.0 0.0 0.0
0.0 0.0 0.0
0.0 0.0 0.0
0.0 0.0 0.0
0.0 0.0 0.0
0.0 0.0 0.0
0.0 0.0 0.0
0.0 0.0 0.0
0.0 0.0 0.0
0.0 0.0 0.0
0.0 0.0 0.0
0.0 0.0 0.0
0.0 0.0 0.0
0.0 0.0 0.0
0.0 0.0 0.0
0.0 0.0 0.0
0.0 0.0 0.0
0.0 0.0 0.0
0.0 0.0 0.0
0.0 0.0 0.0
0.0 0.0 0.0
0.0 0.0 0.0
0.0 0.0 0.0
0.0 0.0 0.0
0.0 0.0 0.0
0.0 0.0 0.0
0.0 0.0 0.0
0.0 0.0 0.0
0.0 0.0 0.0
0.0 0.0 0.0
0.0 0.0 0.0
0.0 0.0 0.0
0.0 0.0 0.0
0.0 0.0 0.0
0.0 0.0 0.0
0.0 0.0 0.0
0.0 0.0 0.0
0.0 0.0 0.0
0.0 0.0 0.0
0.0 0.0 0.0
0.0 0.0 0.0
0.0 0.0 0.0
0.0 0.0 0.0
0.0 0.0 0.0
0.0 0.0 0.0
0.0 0.0 0.0
0.0 0.0 0.0
0.0 0.0 0.0
0.0 0.0 0.0
0.0 0.0 0.0
0.0 0.0 0.0
0.0 0.0 0.0
0.0 0.0 0.0
0.0 0.0 0.0
0.0 0.0 0.0
0.0 0.0 0.0
0.0 0.0 0.0
0.0 0.0 0.0
0.0 0.0 0.0
0.0 0.0 0.0
0.0 0.0 0.0
0.0 0.0 0.0
0.0 0.0 0.0
0.0 0.0 0.0
0.0 0.0 0.0
0.0 0.0 0.0
0.0 0.0 0.0
0.0 0.0 0.0
0.0 0.0 0.0
0.0 0.0 0.0
0.0 0.0 0.0
0.0 0.0 0.0
0.0 0.0 0.0
0.0 0.0 0.0
0.0 0.0 0.0
0.0 0.0 0.0
0.0 0.0 0.0
0.0 0.0 0.0
0.0 0.0 0.0
0.0 0.0 0.0
0.0 0.0 0.0
0.0 0.0 0.0
0.0 0.0 0.0
0.0 0.0 0.0
0.0 0.0 0.0
0.0 0.0 0.0
0.0 0.0 0.0
0.0 0.0 0.0
0.0 0.0 0.0
0.0 0.0 0.0
0.0 0.0 0.0
0.0 0.0 0.0
0.0 0.0 0.0
0.0 0.0 0.0
0.0 0.0 0.0
0.0 0.0 0.0
0.0 0.0 0.0
0.0 0.0 0.0
0.0 0.0 0.0
0.0 0.0 0.0
0.0 0.0 0.0
0.0 0.0 0.0
0.0 0.0 0.0
0.0 0.0 0.0
0.0 0.0 0.0
0.0 0.0 0.0
0.0 0.0 0.0
0.0 0.0 0.0
0.0 0.0 0.0
0.0 0.0 0.0
0.0 0.0 0.0
0.0 0.0 0.0
0.0 0.0 0.0
0.0 0.0 0.0
0.0 0.0 0.0
0.0 0.0 0.0
0.0 0.0 0.0
0.0 0.0 0.0
0.0 0.0 0.0
0.0 0.0 0.0
0.0 0.0 0.0
0.0 0.0 0.0
0.0 0.0 0.0
0.0 0.0 0.0
0.0 0.0 0.0
0.0 0.0 0.0
0.0 0.0 0.0
0.0 0.0 0.0
0.0 0.0 0.0
0.0 0.0 0.0
0.0 0.0 0.0
-1.9948137998580933 40.31214141845703 -1.312859296798706
0.0 0.0 0.0
0.0 0.0 0.0
0.0 0.0 0.0
0.0 0.0 0.0
-0.5892379879951477 40.54831314086914 -1.3244385719299316
0.0 0.0 0.0
0.0 0.0 0.0
0.0 0.0 0.0
0.0 0.0 0.0
0.0 0.0 0.0
0.0 0.0 0.0
0.0 0.0 0.0
0.0 0.0 0.0
0.0 0.0 0.0
0.0 0.0 0.0
0.0 0.0 0.0
0.0 0.0 0.0
0.0 0.0 0.0
0.0 0.0 0.0
0.0 0.0 0.0
0.0 0.0 0.0
0.0 0.0 0.0
0.0 0.0 0.0
0.0 0.0 0.0
0.0 0.0 0.0
0.0 0.0 0.0
0.0 0.0 0.0
0.0 0.0 0.0
0.0 0.0 0.0
0.0 0.0 0.0
0.0 0.0 0.0
0.0 0.0 0.0
0.0 0.0 0.0
0.0 0.0 0.0
0.0 0.0 0.0
0.0 0.0 0.0
0.0 0.0 0.0
0.0 0.0 0.0
0.0 0.0 0.0
0.0 0.0 0.0
0.0 0.0 0.0
0.0 0.0 0.0
0.0 0.0 0.0
0.0 0.0 0.0
0.0 0.0 0.0
0.0 0.0 0.0
0.0 0.0 0.0
0.0 0.0 0.0
0.0 0.0 0.0
0.0 0.0 0.0
0.0 0.0 0.0
0.0 0.0 0.0
0.0 0.0 0.0
0.0 0.0 0.0
0.0 0.0 0.0
0.0 0.0 0.0
0.0 0.0 0.0
0.0 0.0 0.0
0.0 0.0 0.0
0.0 0.0 0.0
0.0 0.0 0.0
0.0 0.0 0.0
0.0 0.0 0.0
0.0 0.0 0.0
0.0 0.0 0.0
0.0 0.0 0.0
0.0 0.0 0.0
0.0 0.0 0.0
0.0 0.0 0.0
0.0 0.0 0.0
0.0 0.0 0.0
0.0 0.0 0.0
0.0 0.0 0.0
0.0 0.0 0.0
0.0 0.0 0.0
0.0 0.0 0.0
0.0 0.0 0.0
0.0 0.0 0.0
0.0 0.0 0.0
0.0 0.0 0.0
0.0 0.0 0.0
0.0 0.0 0.0
0.0 0.0 0.0
0.0 0.0 0.0
0.0 0.0 0.0
0.0 0.0 0.0
0.0 0.0 0.0
0.0 0.0 0.0
0.0 0.0 0.0
0.0 0.0 0.0
0.0 0.0 0.0
0.0 0.0 0.0
0.0 0.0 0.0
0.0 0.0 0.0
0.0 0.0 0.0
0.0 0.0 0.0
0.0 0.0 0.0
0.0 0.0 0.0
0.0 0.0 0.0
0.0 0.0 0.0
0.0 0.0 0.0
0.0 0.0 0.0
0.0 0.0 0.0
0.0 0.0 0.0
0.0 0.0 0.0
0.0 0.0 0.0
0.0 0.0 0.0
0.0 0.0 0.0
0.0 0.0 0.0
0.0 0.0 0.0
0.0 0.0 0.0
0.0 0.0 0.0
0.0 0.0 0.0
0.0 0.0 0.0
0.0 0.0 0.0
0.0 0.0 0.0
0.0 0.0 0.0
0.0 0.0 0.0
0.0 0.0 0.0
0.0 0.0 0.0
0.0 0.0 0.0
0.0 0.0 0.0
0.0 0.0 0.0
0.0 0.0 0.0
0.0 0.0 0.0
0.0 0.0 0.0
0.0 0.0 0.0
0.0 0.0 0.0
0.0 0.0 0.0
0.0 0.0 0.0
0.0 0.0 0.0
0.0 0.0 0.0
0.0 0.0 0.0
0.0 0.0 0.0
0.0 0.0 0.0
0.0 0.0 0.0
0.0 0.0 0.0
0.0 0.0 0.0
0.0 0.0 0.0
0.0 0.0 0.0
0.0 0.0 0.0
0.0 0.0 0.0
0.0 0.0 0.0
0.0 0.0 0.0
0.0 0.0 0.0
0.0 0.0 0.0
0.0 0.0 0.0
0.0 0.0 0.0
0.0 0.0 0.0
0.0 0.0 0.0
0.0 0.0 0.0
0.0 0.0 0.0
0.0 0.0 0.0
0.0 0.0 0.0
0.0 0.0 0.0
0.0 0.0 0.0
0.0 0.0 0.0
0.0 0.0 0.0
0.0 0.0 0.0
0.0 0.0 0.0
0.0 0.0 0.0
0.0 0.0 0.0
0.0 0.0 0.0
0.0 0.0 0.0
0.0 0.0 0.0
0.0 0.0 0.0
0.0 0.0 0.0
0.0 0.0 0.0
0.0 0.0 0.0
0.0 0.0 0.0
0.0 0.0 0.0
0.0 0.0 0.0
0.0 0.0 0.0
0.0 0.0 0.0
0.0 0.0 0.0
0.0 0.0 0.0
0.0 0.0 0.0
0.0 0.0 0.0
0.0 0.0 0.0
0.0 0.0 0.0
0.0 0.0 0.0
0.0 0.0 0.0
0.0 0.0 0.0
0.0 0.0 0.0
0.0 0.0 0.0
0.0 0.0 0.0
0.0 0.0 0.0
0.0 0.0 0.0
0.0 0.0 0.0
0.0 0.0 0.0
0.0 0.0 0.0
0.0 0.0 0.0
0.0 0.0 0.0
0.0 0.0 0.0
0.0 0.0 0.0
0.0 0.0 0.0
0.0 0.0 0.0
0.0 0.0 0.0
0.0 0.0 0.0
0.0 0.0 0.0
0.0 0.0 0.0
0.0 0.0 0.0
0.0 0.0 0.0
0.0 0.0 0.0
0.0 0.0 0.0
0.0 0.0 0.0
0.0 0.0 0.0
0.0 0.0 0.0
0.0 0.0 0.0
0.0 0.0 0.0
0.0 0.0 0.0
0.0 0.0 0.0
0.0 0.0 0.0
0.0 0.0 0.0
0.0 0.0 0.0
0.0 0.0 0.0
0.0 0.0 0.0
0.0 0.0 0.0
0.0 0.0 0.0
0.0 0.0 0.0
0.0 0.0 0.0
0.0 0.0 0.0
0.0 0.0 0.0
0.0 0.0 0.0
0.0 0.0 0.0
0.0 0.0 0.0
0.0 0.0 0.0
0.0 0.0 0.0
0.0 0.0 0.0
0.0 0.0 0.0
0.0 0.0 0.0
0.0 0.0 0.0
0.0 0.0 0.0
0.0 0.0 0.0
0.0 0.0 0.0
0.0 0.0 0.0
0.0 0.0 0.0
0.0 0.0 0.0
0.0 0.0 0.0
0.0 0.0 0.0
0.0 0.0 0.0
0.0 0.0 0.0
0.0 0.0 0.0
0.0 0.0 0.0
0.0 0.0 0.0
0.0 0.0 0.0
0.0 0.0 0.0
0.0 0.0 0.0
0.0 0.0 0.0
0.0 0.0 0.0
0.0 0.0 0.0
0.0 0.0 0.0
0.0 0.0 0.0
0.0 0.0 0.0
0.0 0.0 0.0
0.0 0.0 0.0
0.0 0.0 0.0
0.0 0.0 0.0
0.0 0.0 0.0
0.0 0.0 0.0
0.0 0.0 0.0
0.0 0.0 0.0
0.0 0.0 0.0
0.0 0.0 0.0
0.0 0.0 0.0
0.0 0.0 0.0
0.0 0.0 0.0
0.0 0.0 0.0
0.0 0.0 0.0
0.0 0.0 0.0
0.0 0.0 0.0
0.0 0.0 0.0
0.0 0.0 0.0
0.0 0.0 0.0
0.0 0.0 0.0
0.0 0.0 0.0
0.0 0.0 0.0
0.0 0.0 0.0
0.0 0.0 0.0
0.0 0.0 0.0
0.0 0.0 0.0
0.0 0.0 0.0
0.0 0.0 0.0
0.0 0.0 0.0
0.0 0.0 0.0
0.0 0.0 0.0
0.0 0.0 0.0
0.0 0.0 0.0
0.0 0.0 0.0
0.0 0.0 0.0
0.0 0.0 0.0
0.0 0.0 0.0
0.0 0.0 0.0
0.0 0.0 0.0
0.0 0.0 0.0
0.0 0.0 0.0
0.0 0.0 0.0
0.0 0.0 0.0
0.0 0.0 0.0
0.0 0.0 0.0
0.0 0.0 0.0
0.0 0.0 0.0
0.0 0.0 0.0
0.0 0.0 0.0
0.0 0.0 0.0
0.0 0.0 0.0
0.0 0.0 0.0
0.0 0.0 0.0
0.0 0.0 0.0
0.0 0.0 0.0
0.0 0.0 0.0
0.0 0.0 0.0
0.0 0.0 0.0
0.0 0.0 0.0
0.0 0.0 0.0
0.0 0.0 0.0
0.0 0.0 0.0
0.0 0.0 0.0
0.0 0.0 0.0
0.0 0.0 0.0
0.0 0.0 0.0
0.0 0.0 0.0
0.0 0.0 0.0
0.0 0.0 0.0
0.0 0.0 0.0
0.0 0.0 0.0
0.0 0.0 0.0
0.0 0.0 0.0
0.0 0.0 0.0
0.0 0.0 0.0
0.0 0.0 0.0
0.0 0.0 0.0
0.0 0.0 0.0
0.0 0.0 0.0
0.0 0.0 0.0
0.0 0.0 0.0
0.0 0.0 0.0
0.0 0.0 0.0
0.0 0.0 0.0
0.0 0.0 0.0
0.0 0.0 0.0
0.0 0.0 0.0
0.0 0.0 0.0
0.0 0.0 0.0
0.0 0.0 0.0
0.0 0.0 0.0
0.0 0.0 0.0
0.0 0.0 0.0
0.0 0.0 0.0
0.0 0.0 0.0
0.0 0.0 0.0
0.0 0.0 0.0
0.0 0.0 0.0
0.0 0.0 0.0
0.0 0.0 0.0
0.0 0.0 0.0
0.0 0.0 0.0
0.0 0.0 0.0
0.0 0.0 0.0
0.0 0.0 0.0
0.0 0.0 0.0
0.0 0.0 0.0
0.0 0.0 0.0
0.0 0.0 0.0
0.0 0.0 0.0
0.0 0.0 0.0
0.0 0.0 0.0
0.0 0.0 0.0
0.0 0.0 0.0
0.0 0.0 0.0
0.0 0.0 0.0
0.0 0.0 0.0
0.0 0.0 0.0
0.0 0.0 0.0
0.0 0.0 0.0
0.0 0.0 0.0
0.0 0.0 0.0
0.0 0.0 0.0
0.0 0.0 0.0
0.0 0.0 0.0
0.0 0.0 0.0
0.0 0.0 0.0
0.0 0.0 0.0
0.0 0.0 0.0
0.0 0.0 0.0
0.0 0.0 0.0
0.0 0.0 0.0
0.0 0.0 0.0
0.0 0.0 0.0
0.0 0.0 0.0
0.0 0.0 0.0
0.0 0.0 0.0
0.0 0.0 0.0
0.0 0.0 0.0
0.0 0.0 0.0
0.0 0.0 0.0
0.0 0.0 0.0
0.0 0.0 0.0
0.0 0.0 0.0
0.0 0.0 0.0
0.0 0.0 0.0
0.0 0.0 0.0
0.0 0.0 0.0
0.0 0.0 0.0
0.0 0.0 0.0
0.0 0.0 0.0
0.0 0.0 0.0
0.0 0.0 0.0
0.0 0.0 0.0
0.0 0.0 0.0
0.0 0.0 0.0
0.0 0.0 0.0
0.0 0.0 0.0
0.0 0.0 0.0
0.0 0.0 0.0
0.0 0.0 0.0
0.0 0.0 0.0
0.0 0.0 0.0
0.0 0.0 0.0
0.0 0.0 0.0
0.0 0.0 0.0
0.0 0.0 0.0
0.0 0.0 0.0
0.0 0.0 0.0
0.0 0.0 0.0
0.0 0.0 0.0
0.0 0.0 0.0
0.0 0.0 0.0
0.0 0.0 0.0
0.0 0.0 0.0
0.0 0.0 0.0
0.0 0.0 0.0
0.0 0.0 0.0
0.0 0.0 0.0
0.0 0.0 0.0
0.0 0.0 0.0
0.0 0.0 0.0
0.0 0.0 0.0
0.0 0.0 0.0
0.0 0.0 0.0
0.0 0.0 0.0
0.0 0.0 0.0
0.0 0.0 0.0
0.0 0.0 0.0
0.0 0.0 0.0
0.0 0.0 0.0
0.0 0.0 0.0
0.0 0.0 0.0
0.0 0.0 0.0
0.0 0.0 0.0
0.0 0.0 0.0
0.0 0.0 0.0
0.0 0.0 0.0
0.0 0.0 0.0
51.004493713378906 74.11178588867188 -1.968454360961914
0.0 0.0 0.0
0.0 0.0 0.0
0.0 0.0 0.0
0.0 0.0 0.0
0.0 0.0 0.0
0.0 0.0 0.0
0.0 0.0 0.0
0.0 0.0 0.0
0.0 0.0 0.0
0.0 0.0 0.0
0.0 0.0 0.0
0.0 0.0 0.0
0.0 0.0 0.0
0.0 0.0 0.0
0.0 0.0 0.0
0.0 0.0 0.0
0.0 0.0 0.0
0.0 0.0 0.0
0.0 0.0 0.0
0.0 0.0 0.0
0.0 0.0 0.0
0.0 0.0 0.0
0.0 0.0 0.0
0.0 0.0 0.0
0.0 0.0 0.0
0.0 0.0 0.0
0.0 0.0 0.0
0.0 0.0 0.0
0.0 0.0 0.0
0.0 0.0 0.0
0.0 0.0 0.0
0.0 0.0 0.0
0.0 0.0 0.0
0.0 0.0 0.0
0.0 0.0 0.0
0.0 0.0 0.0
0.0 0.0 0.0
0.0 0.0 0.0
0.0 0.0 0.0
0.0 0.0 0.0
0.0 0.0 0.0
0.0 0.0 0.0
0.0 0.0 0.0
0.0 0.0 0.0
0.0 0.0 0.0
0.0 0.0 0.0
0.0 0.0 0.0
0.0 0.0 0.0
0.0 0.0 0.0
0.0 0.0 0.0
0.0 0.0 0.0
0.0 0.0 0.0
0.0 0.0 0.0
0.0 0.0 0.0
0.0 0.0 0.0
0.0 0.0 0.0
0.0 0.0 0.0
0.0 0.0 0.0
0.0 0.0 0.0
0.0 0.0 0.0
0.0 0.0 0.0
0.0 0.0 0.0
0.0 0.0 0.0
0.0 0.0 0.0
0.0 0.0 0.0
0.0 0.0 0.0
0.0 0.0 0.0
0.0 0.0 0.0
0.0 0.0 0.0
0.0 0.0 0.0
0.0 0.0 0.0
0.0 0.0 0.0
0.0 0.0 0.0
0.0 0.0 0.0
0.0 0.0 0.0
0.0 0.0 0.0
0.0 0.0 0.0
0.0 0.0 0.0
0.0 0.0 0.0
0.0 0.0 0.0
0.0 0.0 0.0
0.0 0.0 0.0
0.0 0.0 0.0
0.0 0.0 0.0
0.0 0.0 0.0
0.0 0.0 0.0
0.0 0.0 0.0
0.0 0.0 0.0
0.0 0.0 0.0
0.0 0.0 0.0
0.0 0.0 0.0
0.0 0.0 0.0
0.0 0.0 0.0
0.0 0.0 0.0
0.0 0.0 0.0
0.0 0.0 0.0
0.0 0.0 0.0
0.0 0.0 0.0
0.0 0.0 0.0
0.0 0.0 0.0
0.0 0.0 0.0
0.0 0.0 0.0
0.0 0.0 0.0
0.0 0.0 0.0
0.0 0.0 0.0
0.0 0.0 0.0
0.0 0.0 0.0
0.0 0.0 0.0
0.0 0.0 0.0
0.0 0.0 0.0
0.0 0.0 0.0
0.0 0.0 0.0
0.0 0.0 0.0
0.0 0.0 0.0
0.0 0.0 0.0
0.0 0.0 0.0
0.0 0.0 0.0
0.0 0.0 0.0
0.0 0.0 0.0
0.0 0.0 0.0
0.0 0.0 0.0
0.0 0.0 0.0
0.0 0.0 0.0
0.0 0.0 0.0
0.0 0.0 0.0
0.0 0.0 0.0
0.0 0.0 0.0
0.0 0.0 0.0
0.0 0.0 0.0
0.0 0.0 0.0
0.0 0.0 0.0
0.0 0.0 0.0
0.0 0.0 0.0
0.0 0.0 0.0
0.0 0.0 0.0
0.0 0.0 0.0
0.0 0.0 0.0
0.0 0.0 0.0
0.0 0.0 0.0
0.0 0.0 0.0
0.0 0.0 0.0
0.0 0.0 0.0
0.0 0.0 0.0
0.0 0.0 0.0
0.0 0.0 0.0
0.0 0.0 0.0
0.0 0.0 0.0
0.0 0.0 0.0
0.0 0.0 0.0
0.0 0.0 0.0
0.0 0.0 0.0
0.0 0.0 0.0
0.0 0.0 0.0
0.0 0.0 0.0
0.0 0.0 0.0
0.0 0.0 0.0
0.0 0.0 0.0
0.0 0.0 0.0
0.0 0.0 0.0
0.0 0.0 0.0
0.0 0.0 0.0
0.0 0.0 0.0
0.0 0.0 0.0
0.0 0.0 0.0
0.0 0.0 0.0
0.0 0.0 0.0
0.0 0.0 0.0
0.0 0.0 0.0
0.0 0.0 0.0
0.0 0.0 0.0
0.0 0.0 0.0
0.0 0.0 0.0
0.0 0.0 0.0
0.0 0.0 0.0
0.0 0.0 0.0
0.0 0.0 0.0
0.0 0.0 0.0
0.0 0.0 0.0
0.0 0.0 0.0
0.0 0.0 0.0
0.0 0.0 0.0
0.0 0.0 0.0
0.0 0.0 0.0
0.0 0.0 0.0
0.0 0.0 0.0
0.0 0.0 0.0
0.0 0.0 0.0
0.0 0.0 0.0
0.0 0.0 0.0
-137.38507080078125 200.13465881347656 -4.0119805335998535
0.0 0.0 0.0
0.0 0.0 0.0
0.0 0.0 0.0
0.0 0.0 0.0
0.0 0.0 0.0
0.0 0.0 0.0
0.0 0.0 0.0
0.0 0.0 0.0
0.0 0.0 0.0
0.0 0.0 0.0
0.0 0.0 0.0
0.0 0.0 0.0
0.0 0.0 0.0
0.0 0.0 0.0
0.0 0.0 0.0
0.0 0.0 0.0
0.0 0.0 0.0
0.0 0.0 0.0
0.0 0.0 0.0
0.0 0.0 0.0
0.0 0.0 0.0
0.0 0.0 0.0
0.0 0.0 0.0
0.0 0.0 0.0
0.0 0.0 0.0
0.0 0.0 0.0
0.0 0.0 0.0
0.0 0.0 0.0
0.0 0.0 0.0
0.0 0.0 0.0
0.0 0.0 0.0
0.0 0.0 0.0
0.0 0.0 0.0
0.0 0.0 0.0
0.0 0.0 0.0
0.0 0.0 0.0
0.0 0.0 0.0
0.0 0.0 0.0
0.0 0.0 0.0
0.0 0.0 0.0
0.0 0.0 0.0
0.0 0.0 0.0
0.0 0.0 0.0
0.0 0.0 0.0
0.0 0.0 0.0
0.0 0.0 0.0
0.0 0.0 0.0
0.0 0.0 0.0
0.0 0.0 0.0
0.0 0.0 0.0
0.0 0.0 0.0
0.0 0.0 0.0
0.0 0.0 0.0
0.0 0.0 0.0
0.0 0.0 0.0
0.0 0.0 0.0
0.0 0.0 0.0
0.0 0.0 0.0
0.0 0.0 0.0
0.0 0.0 0.0
0.0 0.0 0.0
0.0 0.0 0.0
0.0 0.0 0.0
0.0 0.0 0.0
0.0 0.0 0.0
0.0 0.0 0.0
0.0 0.0 0.0
0.0 0.0 0.0
0.0 0.0 0.0
0.0 0.0 0.0
0.0 0.0 0.0
0.0 0.0 0.0
0.0 0.0 0.0
0.0 0.0 0.0
0.0 0.0 0.0
0.0 0.0 0.0
0.0 0.0 0.0
0.0 0.0 0.0
0.0 0.0 0.0
0.0 0.0 0.0
0.0 0.0 0.0
0.0 0.0 0.0
0.0 0.0 0.0
0.0 0.0 0.0
0.0 0.0 0.0
0.0 0.0 0.0
0.0 0.0 0.0
0.0 0.0 0.0
0.0 0.0 0.0
0.0 0.0 0.0
0.0 0.0 0.0
0.0 0.0 0.0
0.0 0.0 0.0
0.0 0.0 0.0
0.0 0.0 0.0
0.0 0.0 0.0
0.0 0.0 0.0
0.0 0.0 0.0
0.0 0.0 0.0
0.0 0.0 0.0
0.0 0.0 0.0
0.0 0.0 0.0
0.0 0.0 0.0
0.0 0.0 0.0
0.0 0.0 0.0
0.0 0.0 0.0
0.0 0.0 0.0
0.0 0.0 0.0
0.0 0.0 0.0
0.0 0.0 0.0
0.0 0.0 0.0
0.0 0.0 0.0
0.0 0.0 0.0
0.0 0.0 0.0
0.0 0.0 0.0
0.0 0.0 0.0
0.0 0.0 0.0
0.0 0.0 0.0
0.0 0.0 0.0
0.0 0.0 0.0
0.0 0.0 0.0
0.0 0.0 0.0
0.0 0.0 0.0
0.0 0.0 0.0
0.0 0.0 0.0
0.0 0.0 0.0
0.0 0.0 0.0
0.0 0.0 0.0
0.0 0.0 0.0
0.0 0.0 0.0
0.0 0.0 0.0
0.0 0.0 0.0
0.0 0.0 0.0
0.0 0.0 0.0
0.0 0.0 0.0
0.0 0.0 0.0
0.0 0.0 0.0
0.0 0.0 0.0
0.0 0.0 0.0
0.0 0.0 0.0
0.0 0.0 0.0
0.0 0.0 0.0
0.0 0.0 0.0
0.0 0.0 0.0
0.0 0.0 0.0
0.0 0.0 0.0
0.0 0.0 0.0
0.0 0.0 0.0
0.0 0.0 0.0
0.0 0.0 0.0
0.0 0.0 0.0
0.0 0.0 0.0
0.0 0.0 0.0
0.0 0.0 0.0
0.0 0.0 0.0
0.0 0.0 0.0
0.0 0.0 0.0
0.0 0.0 0.0
0.0 0.0 0.0
0.0 0.0 0.0
0.0 0.0 0.0
0.0 0.0 0.0
0.0 0.0 0.0
0.0 0.0 0.0
0.0 0.0 0.0
0.0 0.0 0.0
0.0 0.0 0.0
0.0 0.0 0.0
0.0 0.0 0.0
0.0 0.0 0.0
0.0 0.0 0.0
0.0 0.0 0.0
0.0 0.0 0.0
0.0 0.0 0.0
0.0 0.0 0.0
0.0 0.0 0.0
0.0 0.0 0.0
0.0 0.0 0.0
0.0 0.0 0.0
0.0 0.0 0.0
0.0 0.0 0.0
0.0 0.0 0.0
0.0 0.0 0.0
0.0 0.0 0.0
0.0 0.0 0.0
0.0 0.0 0.0
0.0 0.0 0.0
0.0 0.0 0.0
0.0 0.0 0.0
0.0 0.0 0.0
0.0 0.0 0.0
0.0 0.0 0.0
0.0 0.0 0.0
0.0 0.0 0.0
0.0 0.0 0.0
0.0 0.0 0.0
0.0 0.0 0.0
0.0 0.0 0.0
0.0 0.0 0.0
0.0 0.0 0.0
0.0 0.0 0.0
0.0 0.0 0.0
0.0 0.0 0.0
0.0 0.0 0.0
0.0 0.0 0.0
0.0 0.0 0.0
0.0 0.0 0.0
0.0 0.0 0.0
0.0 0.0 0.0
0.0 0.0 0.0
0.0 0.0 0.0
0.0 0.0 0.0
0.0 0.0 0.0
0.0 0.0 0.0
0.0 0.0 0.0
0.0 0.0 0.0
0.0 0.0 0.0
0.0 0.0 0.0
0.0 0.0 0.0
0.0 0.0 0.0
0.0 0.0 0.0
0.0 0.0 0.0
0.0 0.0 0.0
0.0 0.0 0.0
0.0 0.0 0.0
0.0 0.0 0.0
0.0 0.0 0.0
0.0 0.0 0.0
0.0 0.0 0.0
0.0 0.0 0.0
0.0 0.0 0.0
0.0 0.0 0.0
0.0 0.0 0.0
0.0 0.0 0.0
0.0 0.0 0.0
0.0 0.0 0.0
0.0 0.0 0.0
0.0 0.0 0.0
0.0 0.0 0.0
0.0 0.0 0.0
0.0 0.0 0.0
0.0 0.0 0.0
0.0 0.0 0.0
0.0 0.0 0.0
0.0 0.0 0.0
0.0 0.0 0.0
0.0 0.0 0.0
0.0 0.0 0.0
0.0 0.0 0.0
0.0 0.0 0.0
0.0 0.0 0.0
0.0 0.0 0.0
0.0 0.0 0.0
0.0 0.0 0.0
0.0 0.0 0.0
0.0 0.0 0.0
0.0 0.0 0.0
0.0 0.0 0.0
0.0 0.0 0.0
0.0 0.0 0.0
0.0 0.0 0.0
0.0 0.0 0.0
0.0 0.0 0.0
0.0 0.0 0.0
0.0 0.0 0.0
0.0 0.0 0.0
0.0 0.0 0.0
0.0 0.0 0.0
0.0 0.0 0.0
0.0 0.0 0.0
0.0 0.0 0.0
0.0 0.0 0.0
0.0 0.0 0.0
0.0 0.0 0.0
0.0 0.0 0.0
0.0 0.0 0.0
0.0 0.0 0.0
0.0 0.0 0.0
0.0 0.0 0.0
0.0 0.0 0.0
0.0 0.0 0.0
0.0 0.0 0.0
0.0 0.0 0.0
0.0 0.0 0.0
0.0 0.0 0.0
0.0 0.0 0.0
0.0 0.0 0.0
0.0 0.0 0.0
0.0 0.0 0.0
0.0 0.0 0.0
0.0 0.0 0.0
0.0 0.0 0.0
0.0 0.0 0.0
0.0 0.0 0.0
0.0 0.0 0.0
0.0 0.0 0.0
0.0 0.0 0.0
0.0 0.0 0.0
0.0 0.0 0.0
0.0 0.0 0.0
0.0 0.0 0.0
0.0 0.0 0.0
0.0 0.0 0.0
0.0 0.0 0.0
0.0 0.0 0.0
0.0 0.0 0.0
0.0 0.0 0.0
0.0 0.0 0.0
0.0 0.0 0.0
0.0 0.0 0.0
0.0 0.0 0.0
0.0 0.0 0.0
0.0 0.0 0.0
0.0 0.0 0.0
0.0 0.0 0.0
0.0 0.0 0.0
0.0 0.0 0.0
0.0 0.0 0.0
0.0 0.0 0.0
0.0 0.0 0.0
0.0 0.0 0.0
0.0 0.0 0.0
0.0 0.0 0.0
0.0 0.0 0.0
0.0 0.0 0.0
0.0 0.0 0.0
0.0 0.0 0.0
0.0 0.0 0.0
0.0 0.0 0.0
0.0 0.0 0.0
0.0 0.0 0.0
0.0 0.0 0.0
0.0 0.0 0.0
0.0 0.0 0.0
0.0 0.0 0.0
0.0 0.0 0.0
0.0 0.0 0.0
0.0 0.0 0.0
0.0 0.0 0.0
0.0 0.0 0.0
0.0 0.0 0.0
0.0 0.0 0.0
0.0 0.0 0.0
0.0 0.0 0.0
0.0 0.0 0.0
0.0 0.0 0.0
0.0 0.0 0.0
0.0 0.0 0.0
0.0 0.0 0.0
0.0 0.0 0.0
0.0 0.0 0.0
0.0 0.0 0.0
0.0 0.0 0.0
0.0 0.0 0.0
0.0 0.0 0.0
0.0 0.0 0.0
0.0 0.0 0.0
0.0 0.0 0.0
0.0 0.0 0.0
0.0 0.0 0.0
0.0 0.0 0.0
0.0 0.0 0.0
0.0 0.0 0.0
0.0 0.0 0.0
0.0 0.0 0.0
0.0 0.0 0.0
0.0 0.0 0.0
0.0 0.0 0.0
0.0 0.0 0.0
0.0 0.0 0.0
0.0 0.0 0.0
0.0 0.0 0.0
0.0 0.0 0.0
0.0 0.0 0.0
0.0 0.0 0.0
0.0 0.0 0.0
0.0 0.0 0.0
0.0 0.0 0.0
0.0 0.0 0.0
0.0 0.0 0.0
0.0 0.0 0.0
0.0 0.0 0.0
0.0 0.0 0.0
0.0 0.0 0.0
0.0 0.0 0.0
0.0 0.0 0.0
0.0 0.0 0.0
0.0 0.0 0.0
0.0 0.0 0.0
0.0 0.0 0.0
0.0 0.0 0.0
0.0 0.0 0.0
0.0 0.0 0.0
0.0 0.0 0.0
0.0 0.0 0.0
0.0 0.0 0.0
0.0 0.0 0.0
0.0 0.0 0.0
0.0 0.0 0.0
0.0 0.0 0.0
0.0 0.0 0.0
0.0 0.0 0.0
0.0 0.0 0.0
0.0 0.0 0.0
0.0 0.0 0.0
0.0 0.0 0.0
0.0 0.0 0.0
0.0 0.0 0.0
0.0 0.0 0.0
0.0 0.0 0.0
0.0 0.0 0.0
0.0 0.0 0.0
0.0 0.0 0.0
0.0 0.0 0.0
0.0 0.0 0.0
0.0 0.0 0.0
0.0 0.0 0.0
0.0 0.0 0.0
0.0 0.0 0.0
0.0 0.0 0.0
0.0 0.0 0.0
0.0 0.0 0.0
0.0 0.0 0.0
0.0 0.0 0.0
0.0 0.0 0.0
0.0 0.0 0.0
0.0 0.0 0.0
0.0 0.0 0.0
0.0 0.0 0.0
0.0 0.0 0.0
0.0 0.0 0.0
0.0 0.0 0.0
0.0 0.0 0.0
0.0 0.0 0.0
0.0 0.0 0.0
0.0 0.0 0.0
0.0 0.0 0.0
0.0 0.0 0.0
0.0 0.0 0.0
0.0 0.0 0.0
0.0 0.0 0.0
0.0 0.0 0.0
0.0 0.0 0.0
0.0 0.0 0.0
0.0 0.0 0.0
0.0 0.0 0.0
0.0 0.0 0.0
0.0 0.0 0.0
0.0 0.0 0.0
0.0 0.0 0.0
0.0 0.0 0.0
0.0 0.0 0.0
0.0 0.0 0.0
0.0 0.0 0.0
0.0 0.0 0.0
0.0 0.0 0.0
0.0 0.0 0.0
0.0 0.0 0.0
0.0 0.0 0.0
0.0 0.0 0.0
0.0 0.0 0.0
0.0 0.0 0.0
0.0 0.0 0.0
0.0 0.0 0.0
0.0 0.0 0.0
0.0 0.0 0.0
0.0 0.0 0.0
0.0 0.0 0.0
0.0 0.0 0.0
0.0 0.0 0.0
0.0 0.0 0.0
0.0 0.0 0.0
0.0 0.0 0.0
0.0 0.0 0.0
0.0 0.0 0.0
0.0 0.0 0.0
0.0 0.0 0.0
0.0 0.0 0.0
0.0 0.0 0.0
0.0 0.0 0.0
0.0 0.0 0.0
0.0 0.0 0.0
0.0 0.0 0.0
0.0 0.0 0.0
0.0 0.0 0.0
0.0 0.0 0.0
0.0 0.0 0.0
0.0 0.0 0.0
0.0 0.0 0.0
0.0 0.0 0.0
0.0 0.0 0.0
0.0 0.0 0.0
0.0 0.0 0.0
0.0 0.0 0.0
0.0 0.0 0.0
0.0 0.0 0.0
0.0 0.0 0.0
0.0 0.0 0.0
0.0 0.0 0.0
0.0 0.0 0.0
0.0 0.0 0.0
0.0 0.0 0.0
0.0 0.0 0.0
0.0 0.0 0.0
0.0 0.0 0.0
0.0 0.0 0.0
0.0 0.0 0.0
0.0 0.0 0.0
0.0 0.0 0.0
0.0 0.0 0.0
0.0 0.0 0.0
0.0 0.0 0.0
0.0 0.0 0.0
0.0 0.0 0.0
0.0 0.0 0.0
0.0 0.0 0.0
0.0 0.0 0.0
0.0 0.0 0.0
0.0 0.0 0.0
0.0 0.0 0.0
0.0 0.0 0.0
0.0 0.0 0.0
0.0 0.0 0.0
0.0 0.0 0.0
0.0 0.0 0.0
0.0 0.0 0.0
0.0 0.0 0.0
0.0 0.0 0.0
0.0 0.0 0.0
0.0 0.0 0.0
0.0 0.0 0.0
0.0 0.0 0.0
0.0 0.0 0.0
0.0 0.0 0.0
0.0 0.0 0.0
0.0 0.0 0.0
0.0 0.0 0.0
0.0 0.0 0.0
0.0 0.0 0.0
0.0 0.0 0.0
0.0 0.0 0.0
0.0 0.0 0.0
0.0 0.0 0.0
0.0 0.0 0.0
0.0 0.0 0.0
0.0 0.0 0.0
0.0 0.0 0.0
0.0 0.0 0.0
0.0 0.0 0.0
0.0 0.0 0.0
0.0 0.0 0.0
0.0 0.0 0.0
0.0 0.0 0.0
0.0 0.0 0.0
0.0 0.0 0.0
0.0 0.0 0.0
0.0 0.0 0.0
0.0 0.0 0.0
0.0 0.0 0.0
9.276731491088867 17.71522331237793 0.33633536100387573
0.0 0.0 0.0
0.0 0.0 0.0
0.0 0.0 0.0
0.0 0.0 0.0
0.0 0.0 0.0
0.0 0.0 0.0
0.0 0.0 0.0
0.0 0.0 0.0
0.0 0.0 0.0
0.0 0.0 0.0
0.0 0.0 0.0
0.0 0.0 0.0
0.0 0.0 0.0
0.0 0.0 0.0
0.0 0.0 0.0
0.0 0.0 0.0
0.0 0.0 0.0
0.0 0.0 0.0
0.0 0.0 0.0
0.0 0.0 0.0
0.0 0.0 0.0
0.0 0.0 0.0
0.0 0.0 0.0
0.0 0.0 0.0
0.0 0.0 0.0
0.0 0.0 0.0
0.0 0.0 0.0
0.0 0.0 0.0
0.0 0.0 0.0
0.0 0.0 0.0
0.0 0.0 0.0
0.0 0.0 0.0
0.0 0.0 0.0
0.0 0.0 0.0
0.0 0.0 0.0
0.0 0.0 0.0
0.0 0.0 0.0
0.0 0.0 0.0
0.0 0.0 0.0
0.0 0.0 0.0
0.0 0.0 0.0
0.0 0.0 0.0
0.0 0.0 0.0
0.0 0.0 0.0
0.0 0.0 0.0
0.0 0.0 0.0
0.0 0.0 0.0
0.0 0.0 0.0
0.0 0.0 0.0
0.0 0.0 0.0
0.0 0.0 0.0
0.0 0.0 0.0
0.0 0.0 0.0
0.0 0.0 0.0
0.0 0.0 0.0
0.0 0.0 0.0
0.0 0.0 0.0
0.0 0.0 0.0
0.0 0.0 0.0
0.0 0.0 0.0
0.0 0.0 0.0
0.0 0.0 0.0
0.0 0.0 0.0
0.0 0.0 0.0
0.0 0.0 0.0
0.0 0.0 0.0
0.0 0.0 0.0
0.0 0.0 0.0
0.0 0.0 0.0
0.0 0.0 0.0
0.0 0.0 0.0
0.0 0.0 0.0
0.0 0.0 0.0
0.0 0.0 0.0
0.0 0.0 0.0
0.0 0.0 0.0
0.0 0.0 0.0
0.0 0.0 0.0
0.0 0.0 0.0
0.0 0.0 0.0
0.0 0.0 0.0
0.0 0.0 0.0
0.0 0.0 0.0
0.0 0.0 0.0
0.0 0.0 0.0
0.0 0.0 0.0
0.0 0.0 0.0
0.0 0.0 0.0
0.0 0.0 0.0
0.0 0.0 0.0
0.0 0.0 0.0
0.0 0.0 0.0
0.0 0.0 0.0
0.0 0.0 0.0
0.0 0.0 0.0
0.0 0.0 0.0
0.0 0.0 0.0
0.0 0.0 0.0
0.0 0.0 0.0
0.0 0.0 0.0
0.0 0.0 0.0
0.0 0.0 0.0
0.0 0.0 0.0
0.0 0.0 0.0
0.0 0.0 0.0
0.0 0.0 0.0
0.0 0.0 0.0
0.0 0.0 0.0
0.0 0.0 0.0
0.0 0.0 0.0
0.0 0.0 0.0
0.0 0.0 0.0
0.0 0.0 0.0
0.0 0.0 0.0
0.0 0.0 0.0
0.0 0.0 0.0
0.0 0.0 0.0
0.0 0.0 0.0
0.0 0.0 0.0
0.0 0.0 0.0
0.0 0.0 0.0
0.0 0.0 0.0
0.0 0.0 0.0
0.0 0.0 0.0
0.0 0.0 0.0
0.0 0.0 0.0
0.0 0.0 0.0
0.0 0.0 0.0
0.0 0.0 0.0
0.0 0.0 0.0
0.0 0.0 0.0
0.0 0.0 0.0
0.0 0.0 0.0
0.0 0.0 0.0
0.0 0.0 0.0
0.0 0.0 0.0
0.0 0.0 0.0
0.0 0.0 0.0
0.0 0.0 0.0
0.0 0.0 0.0
0.0 0.0 0.0
0.0 0.0 0.0
0.0 0.0 0.0
0.0 0.0 0.0
0.0 0.0 0.0
0.0 0.0 0.0
0.0 0.0 0.0
0.0 0.0 0.0
0.0 0.0 0.0
0.0 0.0 0.0
0.0 0.0 0.0
0.0 0.0 0.0
0.0 0.0 0.0
0.0 0.0 0.0
0.0 0.0 0.0
0.0 0.0 0.0
0.0 0.0 0.0
0.0 0.0 0.0
0.0 0.0 0.0
0.0 0.0 0.0
0.0 0.0 0.0
0.0 0.0 0.0
0.0 0.0 0.0
0.0 0.0 0.0
0.0 0.0 0.0
0.0 0.0 0.0
0.0 0.0 0.0
0.0 0.0 0.0
0.0 0.0 0.0
0.0 0.0 0.0
0.0 0.0 0.0
0.0 0.0 0.0
0.0 0.0 0.0
0.0 0.0 0.0
-107.10717010498047 185.0951385498047 -3.4679012298583984
0.0 0.0 0.0
0.0 0.0 0.0
0.0 0.0 0.0
0.0 0.0 0.0
0.0 0.0 0.0
0.0 0.0 0.0
0.0 0.0 0.0
0.0 0.0 0.0
0.0 0.0 0.0
0.0 0.0 0.0
0.0 0.0 0.0
0.0 0.0 0.0
0.0 0.0 0.0
0.0 0.0 0.0
0.0 0.0 0.0
0.0 0.0 0.0
0.0 0.0 0.0
0.0 0.0 0.0
0.0 0.0 0.0
0.0 0.0 0.0
0.0 0.0 0.0
0.0 0.0 0.0
0.0 0.0 0.0
0.0 0.0 0.0
0.0 0.0 0.0
0.0 0.0 0.0
0.0 0.0 0.0
0.0 0.0 0.0
0.0 0.0 0.0
0.0 0.0 0.0
0.0 0.0 0.0
0.0 0.0 0.0
0.0 0.0 0.0
0.0 0.0 0.0
0.0 0.0 0.0
0.0 0.0 0.0
0.0 0.0 0.0
0.0 0.0 0.0
0.0 0.0 0.0
0.0 0.0 0.0
0.0 0.0 0.0
0.0 0.0 0.0
0.0 0.0 0.0
0.0 0.0 0.0
0.0 0.0 0.0
0.0 0.0 0.0
0.0 0.0 0.0
0.0 0.0 0.0
0.0 0.0 0.0
0.0 0.0 0.0
0.0 0.0 0.0
0.0 0.0 0.0
0.0 0.0 0.0
0.0 0.0 0.0
0.0 0.0 0.0
0.0 0.0 0.0
0.0 0.0 0.0
0.0 0.0 0.0
0.0 0.0 0.0
0.0 0.0 0.0
0.0 0.0 0.0
0.0 0.0 0.0
0.0 0.0 0.0
0.0 0.0 0.0
0.0 0.0 0.0
0.0 0.0 0.0
0.0 0.0 0.0
0.0 0.0 0.0
0.0 0.0 0.0
0.0 0.0 0.0
0.0 0.0 0.0
0.0 0.0 0.0
0.0 0.0 0.0
0.0 0.0 0.0
0.0 0.0 0.0
0.0 0.0 0.0
0.0 0.0 0.0
0.0 0.0 0.0
0.0 0.0 0.0
0.0 0.0 0.0
0.0 0.0 0.0
0.0 0.0 0.0
0.0 0.0 0.0
0.0 0.0 0.0
0.0 0.0 0.0
0.0 0.0 0.0
0.0 0.0 0.0
0.0 0.0 0.0
0.0 0.0 0.0
0.0 0.0 0.0
0.0 0.0 0.0
0.0 0.0 0.0
0.0 0.0 0.0
0.0 0.0 0.0
0.0 0.0 0.0
0.0 0.0 0.0
0.0 0.0 0.0
0.0 0.0 0.0
0.0 0.0 0.0
0.0 0.0 0.0
0.0 0.0 0.0
0.0 0.0 0.0
3.383070230484009 17.141828536987305 -0.3779046833515167
0.0 0.0 0.0
0.0 0.0 0.0
0.0 0.0 0.0
0.0 0.0 0.0
0.0 0.0 0.0
0.0 0.0 0.0
0.0 0.0 0.0
0.0 0.0 0.0
0.0 0.0 0.0
0.0 0.0 0.0
0.0 0.0 0.0
0.0 0.0 0.0
0.0 0.0 0.0
0.0 0.0 0.0
0.0 0.0 0.0
0.0 0.0 0.0
0.0 0.0 0.0
0.0 0.0 0.0
0.0 0.0 0.0
0.0 0.0 0.0
0.0 0.0 0.0
0.0 0.0 0.0
0.0 0.0 0.0
0.0 0.0 0.0
0.0 0.0 0.0
0.0 0.0 0.0
0.0 0.0 0.0
0.0 0.0 0.0
0.0 0.0 0.0
0.0 0.0 0.0
0.0 0.0 0.0
0.0 0.0 0.0
0.0 0.0 0.0
0.0 0.0 0.0
0.0 0.0 0.0
0.0 0.0 0.0
0.0 0.0 0.0
0.0 0.0 0.0
0.0 0.0 0.0
0.0 0.0 0.0
0.0 0.0 0.0
0.0 0.0 0.0
0.0 0.0 0.0
0.0 0.0 0.0
0.0 0.0 0.0
0.0 0.0 0.0
0.0 0.0 0.0
0.0 0.0 0.0
0.0 0.0 0.0
0.0 0.0 0.0
0.0 0.0 0.0
0.0 0.0 0.0
0.0 0.0 0.0
0.0 0.0 0.0
0.0 0.0 0.0
0.0 0.0 0.0
0.0 0.0 0.0
0.0 0.0 0.0
0.0 0.0 0.0
0.0 0.0 0.0
0.0 0.0 0.0
0.0 0.0 0.0
0.0 0.0 0.0
0.0 0.0 0.0
0.0 0.0 0.0
0.0 0.0 0.0
0.0 0.0 0.0
0.0 0.0 0.0
0.0 0.0 0.0
0.0 0.0 0.0
0.0 0.0 0.0
0.0 0.0 0.0
0.0 0.0 0.0
0.0 0.0 0.0
0.0 0.0 0.0
0.0 0.0 0.0
0.0 0.0 0.0
0.0 0.0 0.0
0.0 0.0 0.0
0.0 0.0 0.0
0.0 0.0 0.0
0.0 0.0 0.0
0.0 0.0 0.0
0.0 0.0 0.0
0.0 0.0 0.0
0.0 0.0 0.0
0.0 0.0 0.0
0.0 0.0 0.0
0.0 0.0 0.0
0.0 0.0 0.0
0.0 0.0 0.0
0.0 0.0 0.0
0.0 0.0 0.0
0.0 0.0 0.0
0.0 0.0 0.0
0.0 0.0 0.0
0.0 0.0 0.0
0.0 0.0 0.0
0.0 0.0 0.0
0.0 0.0 0.0
0.0 0.0 0.0
42.03305435180664 114.05790710449219 2.6754026412963867
0.0 0.0 0.0
0.0 0.0 0.0
0.0 0.0 0.0
0.0 0.0 0.0
0.0 0.0 0.0
0.0 0.0 0.0
0.0 0.0 0.0
0.0 0.0 0.0
0.0 0.0 0.0
0.0 0.0 0.0
0.0 0.0 0.0
0.0 0.0 0.0
0.0 0.0 0.0
0.0 0.0 0.0
0.0 0.0 0.0
0.0 0.0 0.0
0.0 0.0 0.0
0.0 0.0 0.0
0.0 0.0 0.0
0.0 0.0 0.0
0.0 0.0 0.0
0.0 0.0 0.0
0.0 0.0 0.0
0.0 0.0 0.0
0.0 0.0 0.0
0.0 0.0 0.0
0.0 0.0 0.0
0.0 0.0 0.0
0.0 0.0 0.0
0.0 0.0 0.0
0.0 0.0 0.0
0.0 0.0 0.0
0.0 0.0 0.0
0.0 0.0 0.0
0.0 0.0 0.0
0.0 0.0 0.0
0.0 0.0 0.0
0.0 0.0 0.0
0.0 0.0 0.0
0.0 0.0 0.0
0.0 0.0 0.0
0.0 0.0 0.0
0.0 0.0 0.0
0.0 0.0 0.0
0.0 0.0 0.0
0.0 0.0 0.0
0.0 0.0 0.0
0.0 0.0 0.0
0.0 0.0 0.0
0.0 0.0 0.0
0.0 0.0 0.0
0.0 0.0 0.0
0.0 0.0 0.0
0.0 0.0 0.0
0.0 0.0 0.0
0.0 0.0 0.0
0.0 0.0 0.0
0.0 0.0 0.0
0.0 0.0 0.0
0.0 0.0 0.0
0.0 0.0 0.0
0.0 0.0 0.0
0.0 0.0 0.0
0.0 0.0 0.0
0.0 0.0 0.0
0.0 0.0 0.0
0.0 0.0 0.0
0.0 0.0 0.0
0.0 0.0 0.0
0.0 0.0 0.0
0.0 0.0 0.0
0.0 0.0 0.0
0.0 0.0 0.0
0.0 0.0 0.0
0.0 0.0 0.0
0.0 0.0 0.0
0.0 0.0 0.0
0.0 0.0 0.0
0.0 0.0 0.0
0.0 0.0 0.0
0.0 0.0 0.0
0.0 0.0 0.0
0.0 0.0 0.0
0.0 0.0 0.0
0.0 0.0 0.0
0.0 0.0 0.0
0.0 0.0 0.0
0.0 0.0 0.0
0.0 0.0 0.0
0.0 0.0 0.0
0.0 0.0 0.0
0.0 0.0 0.0
0.0 0.0 0.0
0.0 0.0 0.0
0.0 0.0 0.0
0.0 0.0 0.0
0.0 0.0 0.0
0.0 0.0 0.0
0.0 0.0 0.0
0.0 0.0 0.0
0.0 0.0 0.0
0.0 0.0 0.0
0.0 0.0 0.0
0.0 0.0 0.0
0.0 0.0 0.0
0.0 0.0 0.0
0.0 0.0 0.0
0.0 0.0 0.0
0.0 0.0 0.0
0.0 0.0 0.0
0.0 0.0 0.0
0.0 0.0 0.0
0.0 0.0 0.0
0.0 0.0 0.0
0.0 0.0 0.0
0.0 0.0 0.0
0.0 0.0 0.0
0.0 0.0 0.0
0.0 0.0 0.0
0.0 0.0 0.0
0.0 0.0 0.0
0.0 0.0 0.0
0.0 0.0 0.0
0.0 0.0 0.0
0.0 0.0 0.0
0.0 0.0 0.0
0.0 0.0 0.0
0.0 0.0 0.0
0.0 0.0 0.0
0.0 0.0 0.0
0.0 0.0 0.0
0.0 0.0 0.0
0.0 0.0 0.0
0.0 0.0 0.0
0.0 0.0 0.0
0.0 0.0 0.0
0.0 0.0 0.0
0.0 0.0 0.0
0.0 0.0 0.0
0.0 0.0 0.0
0.0 0.0 0.0
0.0 0.0 0.0
0.0 0.0 0.0
0.0 0.0 0.0
0.0 0.0 0.0
0.0 0.0 0.0
0.0 0.0 0.0
0.0 0.0 0.0
0.0 0.0 0.0
0.0 0.0 0.0
0.0 0.0 0.0
0.0 0.0 0.0
0.0 0.0 0.0
0.0 0.0 0.0
0.0 0.0 0.0
0.0 0.0 0.0
0.0 0.0 0.0
0.0 0.0 0.0
0.0 0.0 0.0
0.0 0.0 0.0
0.0 0.0 0.0
0.0 0.0 0.0
0.0 0.0 0.0
0.0 0.0 0.0
0.0 0.0 0.0
0.0 0.0 0.0
0.0 0.0 0.0
0.0 0.0 0.0
0.0 0.0 0.0
0.0 0.0 0.0
0.0 0.0 0.0
0.0 0.0 0.0
0.0 0.0 0.0
0.0 0.0 0.0
0.0 0.0 0.0
0.0 0.0 0.0
0.0 0.0 0.0
0.0 0.0 0.0
0.0 0.0 0.0
0.0 0.0 0.0
0.0 0.0 0.0
0.0 0.0 0.0
0.0 0.0 0.0
0.0 0.0 0.0
0.0 0.0 0.0
0.0 0.0 0.0
0.0 0.0 0.0
0.0 0.0 0.0
0.0 0.0 0.0
0.0 0.0 0.0
0.0 0.0 0.0
0.0 0.0 0.0
0.0 0.0 0.0
0.0 0.0 0.0
0.0 0.0 0.0
0.0 0.0 0.0
0.0 0.0 0.0
0.0 0.0 0.0
0.0 0.0 0.0
0.0 0.0 0.0
0.0 0.0 0.0
0.0 0.0 0.0
0.0 0.0 0.0
0.0 0.0 0.0
0.0 0.0 0.0
0.0 0.0 0.0
0.0 0.0 0.0
0.0 0.0 0.0
0.0 0.0 0.0
0.0 0.0 0.0
0.0 0.0 0.0
0.0 0.0 0.0
0.0 0.0 0.0
0.0 0.0 0.0
0.0 0.0 0.0
0.0 0.0 0.0
0.0 0.0 0.0
0.0 0.0 0.0
0.0 0.0 0.0
0.0 0.0 0.0
0.0 0.0 0.0
0.0 0.0 0.0
0.0 0.0 0.0
0.0 0.0 0.0
0.0 0.0 0.0
0.0 0.0 0.0
0.0 0.0 0.0
0.0 0.0 0.0
0.0 0.0 0.0
0.0 0.0 0.0
0.0 0.0 0.0
0.0 0.0 0.0
0.0 0.0 0.0
0.0 0.0 0.0
0.0 0.0 0.0
0.0 0.0 0.0
0.0 0.0 0.0
0.0 0.0 0.0
0.0 0.0 0.0
0.0 0.0 0.0
0.0 0.0 0.0
0.0 0.0 0.0
0.0 0.0 0.0
0.0 0.0 0.0
0.0 0.0 0.0
0.0 0.0 0.0
0.0 0.0 0.0
0.0 0.0 0.0
0.0 0.0 0.0
0.0 0.0 0.0
0.0 0.0 0.0
0.0 0.0 0.0
0.0 0.0 0.0
0.0 0.0 0.0
0.0 0.0 0.0
0.0 0.0 0.0
0.0 0.0 0.0
0.0 0.0 0.0
0.0 0.0 0.0
0.0 0.0 0.0
0.0 0.0 0.0
0.0 0.0 0.0
0.0 0.0 0.0
0.0 0.0 0.0
0.0 0.0 0.0
0.0 0.0 0.0
0.0 0.0 0.0
0.0 0.0 0.0
0.0 0.0 0.0
0.0 0.0 0.0
0.0 0.0 0.0
0.0 0.0 0.0
0.0 0.0 0.0
0.0 0.0 0.0
0.0 0.0 0.0
0.0 0.0 0.0
0.0 0.0 0.0
0.0 0.0 0.0
0.0 0.0 0.0
0.0 0.0 0.0
0.0 0.0 0.0
0.0 0.0 0.0
0.0 0.0 0.0
0.0 0.0 0.0
0.0 0.0 0.0
0.0 0.0 0.0
0.0 0.0 0.0
0.0 0.0 0.0
0.0 0.0 0.0
0.0 0.0 0.0
0.0 0.0 0.0
0.0 0.0 0.0
0.0 0.0 0.0
0.0 0.0 0.0
0.0 0.0 0.0
0.0 0.0 0.0
0.0 0.0 0.0
0.0 0.0 0.0
0.0 0.0 0.0
0.0 0.0 0.0
0.0 0.0 0.0
0.0 0.0 0.0
0.0 0.0 0.0
0.0 0.0 0.0
0.0 0.0 0.0
0.0 0.0 0.0
0.0 0.0 0.0
0.0 0.0 0.0
0.0 0.0 0.0
0.0 0.0 0.0
0.0 0.0 0.0
0.0 0.0 0.0
0.0 0.0 0.0
0.0 0.0 0.0
0.0 0.0 0.0
0.0 0.0 0.0
0.0 0.0 0.0
0.0 0.0 0.0
0.0 0.0 0.0
0.0 0.0 0.0
0.0 0.0 0.0
0.0 0.0 0.0
0.0 0.0 0.0
0.0 0.0 0.0
0.0 0.0 0.0
0.0 0.0 0.0
0.0 0.0 0.0
0.0 0.0 0.0
0.0 0.0 0.0
0.0 0.0 0.0
0.0 0.0 0.0
0.0 0.0 0.0
0.0 0.0 0.0
0.0 0.0 0.0
0.0 0.0 0.0
0.0 0.0 0.0
0.0 0.0 0.0
0.0 0.0 0.0
0.0 0.0 0.0
0.0 0.0 0.0
0.0 0.0 0.0
0.0 0.0 0.0
0.0 0.0 0.0
0.0 0.0 0.0
0.0 0.0 0.0
0.0 0.0 0.0
0.0 0.0 0.0
0.0 0.0 0.0
0.0 0.0 0.0
0.0 0.0 0.0
0.0 0.0 0.0
0.0 0.0 0.0
0.0 0.0 0.0
0.0 0.0 0.0
0.0 0.0 0.0
0.0 0.0 0.0
0.0 0.0 0.0
0.0 0.0 0.0
0.0 0.0 0.0
0.0 0.0 0.0
0.0 0.0 0.0
0.0 0.0 0.0
0.0 0.0 0.0
0.0 0.0 0.0
0.0 0.0 0.0
0.0 0.0 0.0
0.0 0.0 0.0
0.0 0.0 0.0
0.0 0.0 0.0
0.0 0.0 0.0
0.0 0.0 0.0
0.0 0.0 0.0
0.0 0.0 0.0
0.0 0.0 0.0
0.0 0.0 0.0
0.0 0.0 0.0
0.0 0.0 0.0
0.0 0.0 0.0
0.0 0.0 0.0
0.0 0.0 0.0
0.0 0.0 0.0
0.0 0.0 0.0
0.0 0.0 0.0
0.0 0.0 0.0
0.0 0.0 0.0
0.0 0.0 0.0
0.0 0.0 0.0
0.0 0.0 0.0
0.0 0.0 0.0
0.0 0.0 0.0
0.0 0.0 0.0
0.0 0.0 0.0
0.0 0.0 0.0
0.0 0.0 0.0
0.0 0.0 0.0
0.0 0.0 0.0
0.0 0.0 0.0
0.0 0.0 0.0
0.0 0.0 0.0
0.0 0.0 0.0
0.0 0.0 0.0
0.0 0.0 0.0
0.0 0.0 0.0
0.0 0.0 0.0
0.0 0.0 0.0
0.0 0.0 0.0
0.0 0.0 0.0
0.0 0.0 0.0
0.0 0.0 0.0
0.0 0.0 0.0
0.0 0.0 0.0
0.0 0.0 0.0
0.0 0.0 0.0
0.0 0.0 0.0
0.0 0.0 0.0
0.0 0.0 0.0
0.0 0.0 0.0
0.0 0.0 0.0
0.0 0.0 0.0
0.0 0.0 0.0
0.0 0.0 0.0
0.0 0.0 0.0
0.0 0.0 0.0
0.0 0.0 0.0
0.0 0.0 0.0
0.0 0.0 0.0
0.0 0.0 0.0
0.0 0.0 0.0
0.0 0.0 0.0
0.0 0.0 0.0
0.0 0.0 0.0
0.0 0.0 0.0
0.0 0.0 0.0
0.0 0.0 0.0
0.0 0.0 0.0
0.0 0.0 0.0
0.0 0.0 0.0
0.0 0.0 0.0
0.0 0.0 0.0
0.0 0.0 0.0
0.0 0.0 0.0
0.0 0.0 0.0
0.0 0.0 0.0
0.0 0.0 0.0
0.0 0.0 0.0
0.0 0.0 0.0
0.0 0.0 0.0
0.0 0.0 0.0
0.0 0.0 0.0
0.0 0.0 0.0
0.0 0.0 0.0
0.0 0.0 0.0
0.0 0.0 0.0
0.0 0.0 0.0
0.0 0.0 0.0
0.0 0.0 0.0
0.0 0.0 0.0
0.0 0.0 0.0
0.0 0.0 0.0
0.0 0.0 0.0
0.0 0.0 0.0
0.0 0.0 0.0
0.0 0.0 0.0
0.0 0.0 0.0
0.0 0.0 0.0
0.0 0.0 0.0
0.0 0.0 0.0
0.0 0.0 0.0
0.0 0.0 0.0
0.0 0.0 0.0
0.0 0.0 0.0
0.0 0.0 0.0
0.0 0.0 0.0
0.0 0.0 0.0
0.0 0.0 0.0
0.0 0.0 0.0
0.0 0.0 0.0
0.0 0.0 0.0
0.0 0.0 0.0
0.0 0.0 0.0
0.0 0.0 0.0
0.0 0.0 0.0
0.0 0.0 0.0
0.0 0.0 0.0
0.0 0.0 0.0
0.0 0.0 0.0
0.0 0.0 0.0
0.0 0.0 0.0
0.0 0.0 0.0
0.0 0.0 0.0
0.0 0.0 0.0
0.0 0.0 0.0
0.0 0.0 0.0
0.0 0.0 0.0
0.0 0.0 0.0
0.0 0.0 0.0
0.0 0.0 0.0
0.0 0.0 0.0
0.0 0.0 0.0
0.0 0.0 0.0
0.0 0.0 0.0
0.0 0.0 0.0
0.0 0.0 0.0
0.0 0.0 0.0
0.0 0.0 0.0
0.0 0.0 0.0
0.0 0.0 0.0
0.0 0.0 0.0
0.0 0.0 0.0
0.0 0.0 0.0
0.0 0.0 0.0
0.0 0.0 0.0
0.0 0.0 0.0
0.0 0.0 0.0
0.0 0.0 0.0
0.0 0.0 0.0
0.0 0.0 0.0
0.0 0.0 0.0
0.0 0.0 0.0
0.0 0.0 0.0
0.0 0.0 0.0
0.0 0.0 0.0
0.0 0.0 0.0
0.0 0.0 0.0
0.0 0.0 0.0
0.0 0.0 0.0
0.0 0.0 0.0
0.0 0.0 0.0
0.0 0.0 0.0
0.0 0.0 0.0
0.0 0.0 0.0
0.0 0.0 0.0
0.0 0.0 0.0
0.0 0.0 0.0
0.0 0.0 0.0
0.0 0.0 0.0
0.0 0.0 0.0
0.0 0.0 0.0
0.0 0.0 0.0
0.0 0.0 0.0
0.0 0.0 0.0
0.0 0.0 0.0
0.0 0.0 0.0
0.0 0.0 0.0
0.0 0.0 0.0
0.0 0.0 0.0
0.0 0.0 0.0
0.0 0.0 0.0
0.0 0.0 0.0
0.0 0.0 0.0
0.0 0.0 0.0
0.0 0.0 0.0
0.0 0.0 0.0
0.0 0.0 0.0
0.0 0.0 0.0
0.0 0.0 0.0
0.0 0.0 0.0
0.0 0.0 0.0
0.0 0.0 0.0
0.0 0.0 0.0
0.0 0.0 0.0
0.0 0.0 0.0
0.0 0.0 0.0
0.0 0.0 0.0
0.0 0.0 0.0
0.0 0.0 0.0
0.0 0.0 0.0
0.0 0.0 0.0
0.0 0.0 0.0
0.0 0.0 0.0
0.0 0.0 0.0
0.0 0.0 0.0
0.0 0.0 0.0
0.0 0.0 0.0
0.0 0.0 0.0
0.0 0.0 0.0
0.0 0.0 0.0
0.0 0.0 0.0
0.0 0.0 0.0
0.0 0.0 0.0
0.0 0.0 0.0
0.0 0.0 0.0
0.0 0.0 0.0
0.0 0.0 0.0
0.0 0.0 0.0
0.0 0.0 0.0
0.0 0.0 0.0
0.0 0.0 0.0
0.0 0.0 0.0
0.0 0.0 0.0
0.0 0.0 0.0
0.0 0.0 0.0
0.0 0.0 0.0
0.0 0.0 0.0
0.0 0.0 0.0
0.0 0.0 0.0
0.0 0.0 0.0
0.0 0.0 0.0
0.0 0.0 0.0
0.0 0.0 0.0
0.0 0.0 0.0
0.0 0.0 0.0
0.0 0.0 0.0
0.0 0.0 0.0
0.0 0.0 0.0
0.0 0.0 0.0
0.0 0.0 0.0
0.0 0.0 0.0
0.0 0.0 0.0
0.0 0.0 0.0
0.0 0.0 0.0
0.0 0.0 0.0
0.0 0.0 0.0
0.0 0.0 0.0
0.0 0.0 0.0
0.0 0.0 0.0
0.0 0.0 0.0
0.0 0.0 0.0
0.0 0.0 0.0
0.0 0.0 0.0
0.0 0.0 0.0
0.0 0.0 0.0
0.0 0.0 0.0
0.0 0.0 0.0
0.0 0.0 0.0
0.0 0.0 0.0
0.0 0.0 0.0
0.0 0.0 0.0
0.0 0.0 0.0
0.0 0.0 0.0
0.0 0.0 0.0
0.0 0.0 0.0
0.0 0.0 0.0
0.0 0.0 0.0
0.0 0.0 0.0
0.0 0.0 0.0
0.0 0.0 0.0
0.0 0.0 0.0
0.0 0.0 0.0
0.0 0.0 0.0
0.0 0.0 0.0
0.0 0.0 0.0
0.0 0.0 0.0
0.0 0.0 0.0
0.0 0.0 0.0
0.0 0.0 0.0
0.0 0.0 0.0
0.0 0.0 0.0
0.0 0.0 0.0
0.0 0.0 0.0
0.0 0.0 0.0
0.0 0.0 0.0
0.0 0.0 0.0
0.0 0.0 0.0
0.0 0.0 0.0
0.0 0.0 0.0
0.0 0.0 0.0
0.0 0.0 0.0
0.0 0.0 0.0
0.0 0.0 0.0
0.0 0.0 0.0
0.0 0.0 0.0
0.0 0.0 0.0
0.0 0.0 0.0
0.0 0.0 0.0
0.0 0.0 0.0
0.0 0.0 0.0
0.0 0.0 0.0
0.0 0.0 0.0
0.0 0.0 0.0
0.0 0.0 0.0
0.0 0.0 0.0
0.0 0.0 0.0
0.0 0.0 0.0
0.0 0.0 0.0
0.0 0.0 0.0
0.0 0.0 0.0
0.0 0.0 0.0
0.0 0.0 0.0
0.0 0.0 0.0
0.0 0.0 0.0
0.0 0.0 0.0
0.0 0.0 0.0
0.0 0.0 0.0
0.0 0.0 0.0
0.0 0.0 0.0
0.0 0.0 0.0
0.0 0.0 0.0
0.0 0.0 0.0
0.0 0.0 0.0
0.0 0.0 0.0
0.0 0.0 0.0
0.0 0.0 0.0
0.0 0.0 0.0
0.0 0.0 0.0
0.0 0.0 0.0
0.0 0.0 0.0
0.0 0.0 0.0
0.0 0.0 0.0
0.0 0.0 0.0
0.0 0.0 0.0
0.0 0.0 0.0
0.0 0.0 0.0
0.0 0.0 0.0
0.0 0.0 0.0
0.0 0.0 0.0
0.0 0.0 0.0
0.0 0.0 0.0
0.0 0.0 0.0
0.0 0.0 0.0
0.0 0.0 0.0
0.0 0.0 0.0
0.0 0.0 0.0
0.0 0.0 0.0
0.0 0.0 0.0
0.0 0.0 0.0
0.0 0.0 0.0
0.0 0.0 0.0
0.0 0.0 0.0
0.0 0.0 0.0
0.0 0.0 0.0
0.0 0.0 0.0
0.0 0.0 0.0
0.0 0.0 0.0
0.0 0.0 0.0
0.0 0.0 0.0
0.0 0.0 0.0
0.0 0.0 0.0
0.0 0.0 0.0
0.0 0.0 0.0
0.0 0.0 0.0
0.0 0.0 0.0
0.0 0.0 0.0
0.0 0.0 0.0
0.0 0.0 0.0
0.0 0.0 0.0
0.0 0.0 0.0
0.0 0.0 0.0
0.0 0.0 0.0
0.0 0.0 0.0
0.0 0.0 0.0
0.0 0.0 0.0
0.0 0.0 0.0
51.09486770629883 235.7245635986328 5.345456600189209
0.0 0.0 0.0
0.0 0.0 0.0
0.0 0.0 0.0
0.0 0.0 0.0
0.0 0.0 0.0
0.0 0.0 0.0
0.0 0.0 0.0
0.0 0.0 0.0
0.0 0.0 0.0
0.0 0.0 0.0
0.0 0.0 0.0
0.0 0.0 0.0
0.0 0.0 0.0
0.0 0.0 0.0
0.0 0.0 0.0
0.0 0.0 0.0
0.0 0.0 0.0
0.0 0.0 0.0
0.0 0.0 0.0
0.0 0.0 0.0
0.0 0.0 0.0
0.0 0.0 0.0
0.0 0.0 0.0
0.0 0.0 0.0
0.0 0.0 0.0
0.0 0.0 0.0
0.0 0.0 0.0
0.0 0.0 0.0
0.0 0.0 0.0
0.0 0.0 0.0
0.0 0.0 0.0
0.0 0.0 0.0
0.0 0.0 0.0
0.0 0.0 0.0
0.0 0.0 0.0
0.0 0.0 0.0
0.0 0.0 0.0
0.0 0.0 0.0
0.0 0.0 0.0
0.0 0.0 0.0
0.0 0.0 0.0
0.0 0.0 0.0
0.0 0.0 0.0
0.0 0.0 0.0
0.0 0.0 0.0
0.0 0.0 0.0
0.0 0.0 0.0
0.0 0.0 0.0
0.0 0.0 0.0
0.0 0.0 0.0
0.0 0.0 0.0
0.0 0.0 0.0
0.0 0.0 0.0
0.0 0.0 0.0
0.0 0.0 0.0
0.0 0.0 0.0
0.0 0.0 0.0
0.0 0.0 0.0
0.0 0.0 0.0
0.0 0.0 0.0
0.0 0.0 0.0
0.0 0.0 0.0
0.0 0.0 0.0
0.0 0.0 0.0
0.0 0.0 0.0
0.0 0.0 0.0
0.0 0.0 0.0
0.0 0.0 0.0
0.0 0.0 0.0
0.0 0.0 0.0
0.0 0.0 0.0
0.0 0.0 0.0
0.0 0.0 0.0
0.0 0.0 0.0
0.0 0.0 0.0
0.0 0.0 0.0
0.0 0.0 0.0
0.0 0.0 0.0
0.0 0.0 0.0
0.0 0.0 0.0
0.0 0.0 0.0
0.0 0.0 0.0
0.0 0.0 0.0
0.0 0.0 0.0
0.0 0.0 0.0
0.0 0.0 0.0
0.0 0.0 0.0
0.0 0.0 0.0
0.0 0.0 0.0
0.0 0.0 0.0
0.0 0.0 0.0
0.0 0.0 0.0
0.0 0.0 0.0
0.0 0.0 0.0
0.0 0.0 0.0
0.0 0.0 0.0
0.0 0.0 0.0
0.0 0.0 0.0
0.0 0.0 0.0
0.0 0.0 0.0
0.0 0.0 0.0
0.0 0.0 0.0
0.0 0.0 0.0
0.0 0.0 0.0
0.0 0.0 0.0
0.0 0.0 0.0
0.0 0.0 0.0
0.0 0.0 0.0
0.0 0.0 0.0
0.0 0.0 0.0
0.0 0.0 0.0
0.0 0.0 0.0
0.0 0.0 0.0
0.0 0.0 0.0
0.0 0.0 0.0
0.0 0.0 0.0
0.0 0.0 0.0
0.0 0.0 0.0
0.0 0.0 0.0
0.0 0.0 0.0
0.0 0.0 0.0
0.0 0.0 0.0
0.0 0.0 0.0
0.0 0.0 0.0
0.0 0.0 0.0
0.0 0.0 0.0
0.0 0.0 0.0
0.0 0.0 0.0
0.0 0.0 0.0
0.0 0.0 0.0
0.0 0.0 0.0
0.0 0.0 0.0
0.0 0.0 0.0
0.0 0.0 0.0
0.0 0.0 0.0
0.0 0.0 0.0
0.0 0.0 0.0
0.0 0.0 0.0
0.0 0.0 0.0
0.0 0.0 0.0
0.0 0.0 0.0
0.0 0.0 0.0
0.0 0.0 0.0
0.0 0.0 0.0
0.0 0.0 0.0
0.0 0.0 0.0
0.0 0.0 0.0
0.0 0.0 0.0
0.0 0.0 0.0
0.0 0.0 0.0
0.0 0.0 0.0
0.0 0.0 0.0
0.0 0.0 0.0
0.0 0.0 0.0
0.0 0.0 0.0
0.0 0.0 0.0
0.0 0.0 0.0
0.0 0.0 0.0
0.0 0.0 0.0
0.0 0.0 0.0
0.0 0.0 0.0
0.0 0.0 0.0
0.0 0.0 0.0
0.0 0.0 0.0
0.0 0.0 0.0
0.0 0.0 0.0
0.0 0.0 0.0
0.0 0.0 0.0
0.0 0.0 0.0
0.0 0.0 0.0
0.0 0.0 0.0
0.0 0.0 0.0
0.0 0.0 0.0
0.0 0.0 0.0
0.0 0.0 0.0
0.0 0.0 0.0
0.0 0.0 0.0
0.0 0.0 0.0
0.0 0.0 0.0
0.0 0.0 0.0
0.0 0.0 0.0
0.0 0.0 0.0
0.0 0.0 0.0
0.0 0.0 0.0
0.0 0.0 0.0
0.0 0.0 0.0
0.0 0.0 0.0
0.0 0.0 0.0
0.0 0.0 0.0
0.0 0.0 0.0
0.0 0.0 0.0
0.0 0.0 0.0
0.0 0.0 0.0
0.0 0.0 0.0
0.0 0.0 0.0
0.0 0.0 0.0
0.0 0.0 0.0
0.0 0.0 0.0
0.0 0.0 0.0
0.0 0.0 0.0
0.0 0.0 0.0
0.0 0.0 0.0
0.0 0.0 0.0
0.0 0.0 0.0
0.0 0.0 0.0
0.0 0.0 0.0
0.0 0.0 0.0
0.0 0.0 0.0
0.0 0.0 0.0
0.0 0.0 0.0
0.0 0.0 0.0
0.0 0.0 0.0
0.0 0.0 0.0
0.0 0.0 0.0
0.0 0.0 0.0
0.0 0.0 0.0
0.0 0.0 0.0
0.0 0.0 0.0
0.0 0.0 0.0
0.0 0.0 0.0
0.0 0.0 0.0
0.0 0.0 0.0
0.0 0.0 0.0
0.0 0.0 0.0
0.0 0.0 0.0
0.0 0.0 0.0
0.0 0.0 0.0
0.0 0.0 0.0
0.0 0.0 0.0
0.0 0.0 0.0
0.0 0.0 0.0
0.0 0.0 0.0
0.0 0.0 0.0
0.0 0.0 0.0
0.0 0.0 0.0
0.0 0.0 0.0
0.0 0.0 0.0
0.0 0.0 0.0
0.0 0.0 0.0
0.0 0.0 0.0
0.0 0.0 0.0
0.0 0.0 0.0
0.0 0.0 0.0
0.0 0.0 0.0
0.0 0.0 0.0
0.0 0.0 0.0
0.0 0.0 0.0
0.0 0.0 0.0
11.221497535705566 41.99087142944336 -0.6138951778411865
0.0 0.0 0.0
0.0 0.0 0.0
0.0 0.0 0.0
0.0 0.0 0.0
0.0 0.0 0.0
0.0 0.0 0.0
0.0 0.0 0.0
0.0 0.0 0.0
0.0 0.0 0.0
0.0 0.0 0.0
0.0 0.0 0.0
0.0 0.0 0.0
0.0 0.0 0.0
0.0 0.0 0.0
0.0 0.0 0.0
0.0 0.0 0.0
0.0 0.0 0.0
0.0 0.0 0.0
0.0 0.0 0.0
0.0 0.0 0.0
0.0 0.0 0.0
0.0 0.0 0.0
0.0 0.0 0.0
0.0 0.0 0.0
0.0 0.0 0.0
0.0 0.0 0.0
0.0 0.0 0.0
0.0 0.0 0.0
0.0 0.0 0.0
0.0 0.0 0.0
0.0 0.0 0.0
0.0 0.0 0.0
0.0 0.0 0.0
0.0 0.0 0.0
0.0 0.0 0.0
0.0 0.0 0.0
0.0 0.0 0.0
0.0 0.0 0.0
0.0 0.0 0.0
0.0 0.0 0.0
0.0 0.0 0.0
0.0 0.0 0.0
0.0 0.0 0.0
0.0 0.0 0.0
0.0 0.0 0.0
0.0 0.0 0.0
0.0 0.0 0.0
0.0 0.0 0.0
0.0 0.0 0.0
0.0 0.0 0.0
0.0 0.0 0.0
0.0 0.0 0.0
0.0 0.0 0.0
0.0 0.0 0.0
0.0 0.0 0.0
0.0 0.0 0.0
0.0 0.0 0.0
0.0 0.0 0.0
0.0 0.0 0.0
0.0 0.0 0.0
0.0 0.0 0.0
0.0 0.0 0.0
0.0 0.0 0.0
0.0 0.0 0.0
0.0 0.0 0.0
0.0 0.0 0.0
0.0 0.0 0.0
0.0 0.0 0.0
0.0 0.0 0.0
0.0 0.0 0.0
0.0 0.0 0.0
0.0 0.0 0.0
0.0 0.0 0.0
0.0 0.0 0.0
0.0 0.0 0.0
0.0 0.0 0.0
0.0 0.0 0.0
0.0 0.0 0.0
0.0 0.0 0.0
0.0 0.0 0.0
0.0 0.0 0.0
0.0 0.0 0.0
0.0 0.0 0.0
0.0 0.0 0.0
0.0 0.0 0.0
0.0 0.0 0.0
0.0 0.0 0.0
0.0 0.0 0.0
0.0 0.0 0.0
0.0 0.0 0.0
0.0 0.0 0.0
0.0 0.0 0.0
0.0 0.0 0.0
0.0 0.0 0.0
0.0 0.0 0.0
0.0 0.0 0.0
0.0 0.0 0.0
0.0 0.0 0.0
0.0 0.0 0.0
0.0 0.0 0.0
0.0 0.0 0.0
0.0 0.0 0.0
0.0 0.0 0.0
0.0 0.0 0.0
0.0 0.0 0.0
0.0 0.0 0.0
0.0 0.0 0.0
0.0 0.0 0.0
0.0 0.0 0.0
0.0 0.0 0.0
0.0 0.0 0.0
0.0 0.0 0.0
0.0 0.0 0.0
0.0 0.0 0.0
0.0 0.0 0.0
0.0 0.0 0.0
0.0 0.0 0.0
0.0 0.0 0.0
0.0 0.0 0.0
0.0 0.0 0.0
0.0 0.0 0.0
0.0 0.0 0.0
0.0 0.0 0.0
0.0 0.0 0.0
0.0 0.0 0.0
0.0 0.0 0.0
0.0 0.0 0.0
0.0 0.0 0.0
0.0 0.0 0.0
0.0 0.0 0.0
0.0 0.0 0.0
0.0 0.0 0.0
0.0 0.0 0.0
0.0 0.0 0.0
0.0 0.0 0.0
0.0 0.0 0.0
0.0 0.0 0.0
0.0 0.0 0.0
0.0 0.0 0.0
0.0 0.0 0.0
0.0 0.0 0.0
0.0 0.0 0.0
0.0 0.0 0.0
0.0 0.0 0.0
0.0 0.0 0.0
0.0 0.0 0.0
0.0 0.0 0.0
0.0 0.0 0.0
0.0 0.0 0.0
0.0 0.0 0.0
0.0 0.0 0.0
0.0 0.0 0.0
0.0 0.0 0.0
0.0 0.0 0.0
0.0 0.0 0.0
0.0 0.0 0.0
0.0 0.0 0.0
0.0 0.0 0.0
0.0 0.0 0.0
0.0 0.0 0.0
0.0 0.0 0.0
0.0 0.0 0.0
0.0 0.0 0.0
0.0 0.0 0.0
0.0 0.0 0.0
0.0 0.0 0.0
0.0 0.0 0.0
0.0 0.0 0.0
0.0 0.0 0.0
0.0 0.0 0.0
0.0 0.0 0.0
0.0 0.0 0.0
0.0 0.0 0.0
0.0 0.0 0.0
0.0 0.0 0.0
0.0 0.0 0.0
0.0 0.0 0.0
0.0 0.0 0.0
0.0 0.0 0.0
0.0 0.0 0.0
0.0 0.0 0.0
0.0 0.0 0.0
0.0 0.0 0.0
0.0 0.0 0.0
0.0 0.0 0.0
0.0 0.0 0.0
0.0 0.0 0.0
0.0 0.0 0.0
0.0 0.0 0.0
0.0 0.0 0.0
0.0 0.0 0.0
0.0 0.0 0.0
0.0 0.0 0.0
0.0 0.0 0.0
0.0 0.0 0.0
0.0 0.0 0.0
0.0 0.0 0.0
0.0 0.0 0.0
0.0 0.0 0.0
0.0 0.0 0.0
0.0 0.0 0.0
0.0 0.0 0.0
0.0 0.0 0.0
0.0 0.0 0.0
0.0 0.0 0.0
0.0 0.0 0.0
0.0 0.0 0.0
0.0 0.0 0.0
0.0 0.0 0.0
0.0 0.0 0.0
0.0 0.0 0.0
0.0 0.0 0.0
0.0 0.0 0.0
0.0 0.0 0.0
-59.02823257446289 109.41048431396484 1.5800389051437378
0.0 0.0 0.0
0.0 0.0 0.0
0.0 0.0 0.0
0.0 0.0 0.0
0.0 0.0 0.0
0.0 0.0 0.0
0.0 0.0 0.0
0.0 0.0 0.0
0.0 0.0 0.0
0.0 0.0 0.0
0.0 0.0 0.0
0.0 0.0 0.0
0.0 0.0 0.0
0.0 0.0 0.0
0.0 0.0 0.0
0.0 0.0 0.0
0.0 0.0 0.0
0.0 0.0 0.0
0.0 0.0 0.0
0.0 0.0 0.0
0.0 0.0 0.0
0.0 0.0 0.0
0.0 0.0 0.0
0.0 0.0 0.0
0.0 0.0 0.0
0.0 0.0 0.0
0.0 0.0 0.0
0.0 0.0 0.0
0.0 0.0 0.0
0.0 0.0 0.0
0.0 0.0 0.0
0.0 0.0 0.0
0.0 0.0 0.0
0.0 0.0 0.0
0.0 0.0 0.0
0.0 0.0 0.0
0.0 0.0 0.0
0.0 0.0 0.0
0.0 0.0 0.0
0.0 0.0 0.0
0.0 0.0 0.0
0.0 0.0 0.0
0.0 0.0 0.0
0.0 0.0 0.0
0.0 0.0 0.0
0.0 0.0 0.0
0.0 0.0 0.0
0.0 0.0 0.0
0.0 0.0 0.0
0.0 0.0 0.0
0.0 0.0 0.0
0.0 0.0 0.0
0.0 0.0 0.0
0.0 0.0 0.0
0.0 0.0 0.0
0.0 0.0 0.0
0.0 0.0 0.0
0.0 0.0 0.0
0.0 0.0 0.0
0.0 0.0 0.0
0.0 0.0 0.0
0.0 0.0 0.0
0.0 0.0 0.0
0.0 0.0 0.0
0.0 0.0 0.0
0.0 0.0 0.0
0.0 0.0 0.0
0.0 0.0 0.0
0.0 0.0 0.0
0.0 0.0 0.0
0.0 0.0 0.0
0.0 0.0 0.0
0.0 0.0 0.0
0.0 0.0 0.0
0.0 0.0 0.0
0.0 0.0 0.0
0.0 0.0 0.0
0.0 0.0 0.0
0.0 0.0 0.0
0.0 0.0 0.0
0.0 0.0 0.0
0.0 0.0 0.0
0.0 0.0 0.0
0.0 0.0 0.0
0.0 0.0 0.0
0.0 0.0 0.0
0.0 0.0 0.0
0.0 0.0 0.0
0.0 0.0 0.0
0.0 0.0 0.0
0.0 0.0 0.0
0.0 0.0 0.0
0.0 0.0 0.0
0.0 0.0 0.0
0.0 0.0 0.0
0.0 0.0 0.0
0.0 0.0 0.0
0.0 0.0 0.0
0.0 0.0 0.0
0.0 0.0 0.0
0.0 0.0 0.0
0.0 0.0 0.0
0.0 0.0 0.0
0.0 0.0 0.0
0.0 0.0 0.0
0.0 0.0 0.0
0.0 0.0 0.0
0.0 0.0 0.0
0.0 0.0 0.0
0.0 0.0 0.0
0.0 0.0 0.0
0.0 0.0 0.0
0.0 0.0 0.0
0.0 0.0 0.0
0.0 0.0 0.0
0.0 0.0 0.0
0.0 0.0 0.0
0.0 0.0 0.0
0.0 0.0 0.0
0.0 0.0 0.0
0.0 0.0 0.0
0.0 0.0 0.0
0.0 0.0 0.0
0.0 0.0 0.0
0.0 0.0 0.0
0.0 0.0 0.0
0.0 0.0 0.0
0.0 0.0 0.0
0.0 0.0 0.0
0.0 0.0 0.0
0.0 0.0 0.0
0.0 0.0 0.0
0.0 0.0 0.0
0.0 0.0 0.0
0.0 0.0 0.0
0.0 0.0 0.0
0.0 0.0 0.0
0.0 0.0 0.0
0.0 0.0 0.0
0.0 0.0 0.0
0.0 0.0 0.0
0.0 0.0 0.0
0.0 0.0 0.0
0.0 0.0 0.0
0.0 0.0 0.0
0.0 0.0 0.0
0.0 0.0 0.0
0.0 0.0 0.0
0.0 0.0 0.0
0.0 0.0 0.0
0.0 0.0 0.0
0.0 0.0 0.0
0.0 0.0 0.0
0.0 0.0 0.0
0.0 0.0 0.0
0.0 0.0 0.0
0.0 0.0 0.0
0.0 0.0 0.0
0.0 0.0 0.0
0.0 0.0 0.0
0.0 0.0 0.0
0.0 0.0 0.0
0.0 0.0 0.0
0.0 0.0 0.0
0.0 0.0 0.0
0.0 0.0 0.0
0.0 0.0 0.0
0.0 0.0 0.0
0.0 0.0 0.0
0.0 0.0 0.0
0.0 0.0 0.0
0.0 0.0 0.0
0.0 0.0 0.0
0.0 0.0 0.0
0.0 0.0 0.0
0.0 0.0 0.0
0.0 0.0 0.0
0.0 0.0 0.0
0.0 0.0 0.0
0.0 0.0 0.0
0.0 0.0 0.0
0.0 0.0 0.0
0.0 0.0 0.0
0.0 0.0 0.0
0.0 0.0 0.0
0.0 0.0 0.0
0.0 0.0 0.0
0.0 0.0 0.0
0.0 0.0 0.0
0.0 0.0 0.0
0.0 0.0 0.0
0.0 0.0 0.0
0.0 0.0 0.0
0.0 0.0 0.0
0.0 0.0 0.0
0.0 0.0 0.0
0.0 0.0 0.0
0.0 0.0 0.0
0.0 0.0 0.0
0.0 0.0 0.0
0.0 0.0 0.0
0.0 0.0 0.0
0.0 0.0 0.0
0.0 0.0 0.0
0.0 0.0 0.0
0.0 0.0 0.0
0.0 0.0 0.0
0.0 0.0 0.0
0.0 0.0 0.0
0.0 0.0 0.0
0.0 0.0 0.0
0.0 0.0 0.0
0.0 0.0 0.0
0.0 0.0 0.0
0.0 0.0 0.0
0.0 0.0 0.0
0.0 0.0 0.0
0.0 0.0 0.0
0.0 0.0 0.0
0.0 0.0 0.0
0.0 0.0 0.0
0.0 0.0 0.0
0.0 0.0 0.0
0.0 0.0 0.0
0.0 0.0 0.0
0.0 0.0 0.0
0.0 0.0 0.0
0.0 0.0 0.0
0.0 0.0 0.0
0.0 0.0 0.0
0.0 0.0 0.0
0.0 0.0 0.0
0.0 0.0 0.0
0.0 0.0 0.0
0.0 0.0 0.0
0.0 0.0 0.0
0.0 0.0 0.0
0.0 0.0 0.0
0.0 0.0 0.0
0.0 0.0 0.0
0.0 0.0 0.0
0.0 0.0 0.0
0.0 0.0 0.0
0.0 0.0 0.0
0.0 0.0 0.0
0.0 0.0 0.0
0.0 0.0 0.0
0.0 0.0 0.0
0.0 0.0 0.0
0.0 0.0 0.0
0.0 0.0 0.0
0.0 0.0 0.0
0.0 0.0 0.0
0.0 0.0 0.0
0.0 0.0 0.0
0.0 0.0 0.0
0.0 0.0 0.0
0.0 0.0 0.0
0.0 0.0 0.0
0.0 0.0 0.0
0.0 0.0 0.0
0.0 0.0 0.0
0.0 0.0 0.0
0.0 0.0 0.0
0.0 0.0 0.0
0.0 0.0 0.0
0.0 0.0 0.0
0.0 0.0 0.0
0.0 0.0 0.0
0.0 0.0 0.0
0.0 0.0 0.0
0.0 0.0 0.0
0.0 0.0 0.0
0.0 0.0 0.0
0.0 0.0 0.0
0.0 0.0 0.0
0.0 0.0 0.0
0.0 0.0 0.0
0.0 0.0 0.0
0.0 0.0 0.0
0.0 0.0 0.0
0.0 0.0 0.0
0.0 0.0 0.0
0.0 0.0 0.0
0.0 0.0 0.0
0.0 0.0 0.0
0.0 0.0 0.0
0.0 0.0 0.0
0.0 0.0 0.0
0.0 0.0 0.0
0.0 0.0 0.0
0.0 0.0 0.0
0.0 0.0 0.0
0.0 0.0 0.0
0.0 0.0 0.0
0.0 0.0 0.0
0.0 0.0 0.0
0.0 0.0 0.0
0.0 0.0 0.0
0.0 0.0 0.0
0.0 0.0 0.0
0.0 0.0 0.0
0.0 0.0 0.0
0.0 0.0 0.0
0.0 0.0 0.0
0.0 0.0 0.0
0.0 0.0 0.0
0.0 0.0 0.0
0.0 0.0 0.0
0.0 0.0 0.0
0.0 0.0 0.0
0.0 0.0 0.0
0.0 0.0 0.0
0.0 0.0 0.0
0.0 0.0 0.0
0.0 0.0 0.0
0.0 0.0 0.0
0.0 0.0 0.0
0.0 0.0 0.0
0.0 0.0 0.0
0.0 0.0 0.0
0.0 0.0 0.0
0.0 0.0 0.0
0.0 0.0 0.0
0.0 0.0 0.0
0.0 0.0 0.0
0.0 0.0 0.0
0.0 0.0 0.0
0.0 0.0 0.0
0.0 0.0 0.0
0.0 0.0 0.0
0.0 0.0 0.0
0.0 0.0 0.0
0.0 0.0 0.0
0.0 0.0 0.0
0.0 0.0 0.0
0.0 0.0 0.0
0.0 0.0 0.0
0.0 0.0 0.0
0.0 0.0 0.0
0.0 0.0 0.0
0.0 0.0 0.0
0.0 0.0 0.0
0.0 0.0 0.0
0.0 0.0 0.0
0.0 0.0 0.0
0.0 0.0 0.0
0.0 0.0 0.0
0.0 0.0 0.0
0.0 0.0 0.0
0.0 0.0 0.0
0.0 0.0 0.0
0.0 0.0 0.0
0.0 0.0 0.0
0.0 0.0 0.0
0.0 0.0 0.0
0.0 0.0 0.0
0.0 0.0 0.0
0.0 0.0 0.0
0.0 0.0 0.0
0.0 0.0 0.0
0.0 0.0 0.0
0.0 0.0 0.0
0.0 0.0 0.0
0.0 0.0 0.0
0.0 0.0 0.0
0.0 0.0 0.0
0.0 0.0 0.0
0.0 0.0 0.0
0.0 0.0 0.0
0.0 0.0 0.0
0.0 0.0 0.0
0.0 0.0 0.0
0.0 0.0 0.0
0.0 0.0 0.0
0.0 0.0 0.0
0.0 0.0 0.0
0.0 0.0 0.0
0.0 0.0 0.0
0.0 0.0 0.0
0.0 0.0 0.0
0.0 0.0 0.0
0.0 0.0 0.0
0.0 0.0 0.0
0.0 0.0 0.0
0.0 0.0 0.0
0.0 0.0 0.0
0.0 0.0 0.0
0.0 0.0 0.0
0.0 0.0 0.0
0.0 0.0 0.0
0.0 0.0 0.0
0.0 0.0 0.0
0.0 0.0 0.0
0.0 0.0 0.0
0.0 0.0 0.0
0.0 0.0 0.0
0.0 0.0 0.0
0.0 0.0 0.0
0.0 0.0 0.0
0.0 0.0 0.0
0.0 0.0 0.0
0.0 0.0 0.0
0.0 0.0 0.0
0.0 0.0 0.0
0.0 0.0 0.0
0.0 0.0 0.0
0.0 0.0 0.0
0.0 0.0 0.0
0.0 0.0 0.0
0.0 0.0 0.0
0.0 0.0 0.0
0.0 0.0 0.0
0.0 0.0 0.0
0.0 0.0 0.0
0.0 0.0 0.0
0.0 0.0 0.0
0.0 0.0 0.0
0.0 0.0 0.0
0.0 0.0 0.0
0.0 0.0 0.0
0.0 0.0 0.0
0.0 0.0 0.0
0.0 0.0 0.0
0.0 0.0 0.0
0.0 0.0 0.0
0.0 0.0 0.0
0.0 0.0 0.0
0.0 0.0 0.0
0.0 0.0 0.0
0.0 0.0 0.0
0.0 0.0 0.0
0.0 0.0 0.0
0.0 0.0 0.0
0.0 0.0 0.0
0.0 0.0 0.0
0.0 0.0 0.0
0.0 0.0 0.0
0.0 0.0 0.0
0.0 0.0 0.0
0.0 0.0 0.0
0.0 0.0 0.0
0.0 0.0 0.0
0.0 0.0 0.0
0.0 0.0 0.0
0.0 0.0 0.0
0.0 0.0 0.0
0.0 0.0 0.0
0.0 0.0 0.0
0.0 0.0 0.0
0.0 0.0 0.0
0.0 0.0 0.0
0.0 0.0 0.0
0.0 0.0 0.0
0.0 0.0 0.0
0.0 0.0 0.0
0.0 0.0 0.0
0.0 0.0 0.0
0.0 0.0 0.0
0.0 0.0 0.0
0.0 0.0 0.0
0.0 0.0 0.0
0.0 0.0 0.0
0.0 0.0 0.0
0.0 0.0 0.0
0.0 0.0 0.0
0.0 0.0 0.0
0.0 0.0 0.0
0.0 0.0 0.0
0.0 0.0 0.0
0.0 0.0 0.0
0.0 0.0 0.0
0.0 0.0 0.0
0.0 0.0 0.0
0.0 0.0 0.0
0.0 0.0 0.0
0.0 0.0 0.0
0.0 0.0 0.0
0.0 0.0 0.0
0.0 0.0 0.0
0.0 0.0 0.0
0.0 0.0 0.0
0.0 0.0 0.0
0.0 0.0 0.0
0.0 0.0 0.0
0.0 0.0 0.0
0.0 0.0 0.0
0.0 0.0 0.0
0.0 0.0 0.0
0.0 0.0 0.0
0.0 0.0 0.0
0.0 0.0 0.0
0.0 0.0 0.0
0.0 0.0 0.0
0.0 0.0 0.0
0.0 0.0 0.0
0.0 0.0 0.0
0.0 0.0 0.0
0.0 0.0 0.0
0.0 0.0 0.0
0.0 0.0 0.0
0.0 0.0 0.0
0.0 0.0 0.0
0.0 0.0 0.0
0.0 0.0 0.0
0.0 0.0 0.0
0.0 0.0 0.0
0.0 0.0 0.0
0.0 0.0 0.0
0.0 0.0 0.0
0.0 0.0 0.0
0.0 0.0 0.0
0.0 0.0 0.0
0.0 0.0 0.0
0.0 0.0 0.0
0.0 0.0 0.0
0.0 0.0 0.0
0.0 0.0 0.0
0.0 0.0 0.0
0.0 0.0 0.0
0.0 0.0 0.0
0.0 0.0 0.0
0.0 0.0 0.0
0.0 0.0 0.0
0.0 0.0 0.0
0.0 0.0 0.0
0.0 0.0 0.0
0.0 0.0 0.0
0.0 0.0 0.0
0.0 0.0 0.0
0.0 0.0 0.0
0.0 0.0 0.0
0.0 0.0 0.0
0.0 0.0 0.0
0.0 0.0 0.0
0.0 0.0 0.0
0.0 0.0 0.0
0.0 0.0 0.0
0.0 0.0 0.0
0.0 0.0 0.0
0.0 0.0 0.0
0.0 0.0 0.0
0.0 0.0 0.0
0.0 0.0 0.0
0.0 0.0 0.0
0.0 0.0 0.0
0.0 0.0 0.0
0.0 0.0 0.0
0.0 0.0 0.0
0.0 0.0 0.0
0.0 0.0 0.0
0.0 0.0 0.0
0.0 0.0 0.0
0.0 0.0 0.0
0.0 0.0 0.0
0.0 0.0 0.0
0.0 0.0 0.0
0.0 0.0 0.0
0.0 0.0 0.0
0.0 0.0 0.0
0.0 0.0 0.0
0.0 0.0 0.0
0.0 0.0 0.0
0.0 0.0 0.0
0.0 0.0 0.0
0.0 0.0 0.0
0.0 0.0 0.0
0.0 0.0 0.0
0.0 0.0 0.0
0.0 0.0 0.0
0.0 0.0 0.0
0.0 0.0 0.0
0.0 0.0 0.0
0.0 0.0 0.0
0.0 0.0 0.0
0.0 0.0 0.0
0.0 0.0 0.0
0.0 0.0 0.0
0.0 0.0 0.0
0.0 0.0 0.0
0.0 0.0 0.0
0.0 0.0 0.0
0.0 0.0 0.0
0.0 0.0 0.0
0.0 0.0 0.0
0.0 0.0 0.0
0.0 0.0 0.0
0.0 0.0 0.0
0.0 0.0 0.0
0.0 0.0 0.0
0.0 0.0 0.0
0.0 0.0 0.0
0.0 0.0 0.0
0.0 0.0 0.0
0.0 0.0 0.0
0.0 0.0 0.0
0.0 0.0 0.0
0.0 0.0 0.0
0.0 0.0 0.0
0.0 0.0 0.0
0.0 0.0 0.0
0.0 0.0 0.0
0.0 0.0 0.0
0.0 0.0 0.0
0.0 0.0 0.0
0.0 0.0 0.0
0.0 0.0 0.0
0.0 0.0 0.0
0.0 0.0 0.0
0.0 0.0 0.0
0.0 0.0 0.0
0.0 0.0 0.0
0.0 0.0 0.0
0.0 0.0 0.0
0.0 0.0 0.0
0.0 0.0 0.0
0.0 0.0 0.0
0.0 0.0 0.0
0.0 0.0 0.0
0.0 0.0 0.0
0.0 0.0 0.0
0.0 0.0 0.0
0.0 0.0 0.0
0.0 0.0 0.0
0.0 0.0 0.0
0.0 0.0 0.0
0.0 0.0 0.0
0.0 0.0 0.0
0.0 0.0 0.0
0.0 0.0 0.0
0.0 0.0 0.0
0.0 0.0 0.0
0.0 0.0 0.0
0.0 0.0 0.0
0.0 0.0 0.0
0.0 0.0 0.0
0.0 0.0 0.0
0.0 0.0 0.0
0.0 0.0 0.0
0.0 0.0 0.0
0.0 0.0 0.0
0.0 0.0 0.0
0.0 0.0 0.0
0.0 0.0 0.0
0.0 0.0 0.0
0.0 0.0 0.0
0.0 0.0 0.0
0.0 0.0 0.0
0.0 0.0 0.0
0.0 0.0 0.0
0.0 0.0 0.0
0.0 0.0 0.0
0.0 0.0 0.0
0.0 0.0 0.0
0.0 0.0 0.0
0.0 0.0 0.0
0.0 0.0 0.0
0.0 0.0 0.0
0.0 0.0 0.0
0.0 0.0 0.0
0.0 0.0 0.0
0.0 0.0 0.0
0.0 0.0 0.0
0.0 0.0 0.0
0.0 0.0 0.0
0.0 0.0 0.0
0.0 0.0 0.0
0.0 0.0 0.0
0.0 0.0 0.0
0.0 0.0 0.0
0.0 0.0 0.0
0.0 0.0 0.0
0.0 0.0 0.0
0.0 0.0 0.0
0.0 0.0 0.0
0.0 0.0 0.0
0.0 0.0 0.0
0.0 0.0 0.0
0.0 0.0 0.0
0.0 0.0 0.0
0.0 0.0 0.0
0.0 0.0 0.0
0.0 0.0 0.0
0.0 0.0 0.0
0.0 0.0 0.0
0.0 0.0 0.0
0.0 0.0 0.0
0.0 0.0 0.0
0.0 0.0 0.0
0.0 0.0 0.0
0.0 0.0 0.0
0.0 0.0 0.0
0.0 0.0 0.0
0.0 0.0 0.0
0.0 0.0 0.0
0.0 0.0 0.0
0.0 0.0 0.0
0.0 0.0 0.0
0.0 0.0 0.0
0.0 0.0 0.0
0.0 0.0 0.0
0.0 0.0 0.0
0.0 0.0 0.0
0.0 0.0 0.0
0.0 0.0 0.0
0.0 0.0 0.0
0.0 0.0 0.0
0.0 0.0 0.0
0.0 0.0 0.0
0.0 0.0 0.0
0.0 0.0 0.0
0.0 0.0 0.0
0.0 0.0 0.0
0.0 0.0 0.0
0.0 0.0 0.0
0.0 0.0 0.0
0.0 0.0 0.0
0.0 0.0 0.0
0.0 0.0 0.0
0.0 0.0 0.0
0.0 0.0 0.0
0.0 0.0 0.0
0.0 0.0 0.0
0.0 0.0 0.0
0.0 0.0 0.0
0.0 0.0 0.0
0.0 0.0 0.0
0.0 0.0 0.0
0.0 0.0 0.0
0.0 0.0 0.0
0.0 0.0 0.0
0.0 0.0 0.0
0.0 0.0 0.0
0.0 0.0 0.0
0.0 0.0 0.0
0.0 0.0 0.0
0.0 0.0 0.0
0.0 0.0 0.0
0.0 0.0 0.0
0.0 0.0 0.0
0.0 0.0 0.0
0.0 0.0 0.0
0.0 0.0 0.0
0.0 0.0 0.0
0.0 0.0 0.0
0.0 0.0 0.0
0.0 0.0 0.0
0.0 0.0 0.0
0.0 0.0 0.0
0.0 0.0 0.0
0.0 0.0 0.0
0.0 0.0 0.0
0.0 0.0 0.0
0.0 0.0 0.0
0.0 0.0 0.0
0.0 0.0 0.0
0.0 0.0 0.0
0.0 0.0 0.0
0.0 0.0 0.0
0.0 0.0 0.0
0.0 0.0 0.0
0.0 0.0 0.0
0.0 0.0 0.0
0.0 0.0 0.0
0.0 0.0 0.0
0.0 0.0 0.0
0.0 0.0 0.0
0.0 0.0 0.0
0.0 0.0 0.0
0.0 0.0 0.0
0.0 0.0 0.0
0.0 0.0 0.0
0.0 0.0 0.0
0.0 0.0 0.0
0.0 0.0 0.0
0.0 0.0 0.0
0.0 0.0 0.0
0.0 0.0 0.0
0.0 0.0 0.0
0.0 0.0 0.0
0.0 0.0 0.0
0.0 0.0 0.0
0.0 0.0 0.0
0.0 0.0 0.0
0.0 0.0 0.0
0.0 0.0 0.0
0.0 0.0 0.0
0.0 0.0 0.0
0.0 0.0 0.0
0.0 0.0 0.0
0.0 0.0 0.0
0.0 0.0 0.0
0.0 0.0 0.0
0.0 0.0 0.0
0.0 0.0 0.0
0.0 0.0 0.0
0.0 0.0 0.0
0.0 0.0 0.0
0.0 0.0 0.0
0.0 0.0 0.0
0.0 0.0 0.0
0.0 0.0 0.0
0.0 0.0 0.0
0.0 0.0 0.0
0.0 0.0 0.0
0.0 0.0 0.0
0.0 0.0 0.0
-8.365723609924316 45.45452117919922 -0.27160099148750305
0.0 0.0 0.0
0.0 0.0 0.0
0.0 0.0 0.0
0.0 0.0 0.0
0.0 0.0 0.0
0.0 0.0 0.0
0.0 0.0 0.0
0.0 0.0 0.0
0.0 0.0 0.0
0.0 0.0 0.0
0.0 0.0 0.0
0.0 0.0 0.0
0.0 0.0 0.0
0.0 0.0 0.0
0.0 0.0 0.0
0.0 0.0 0.0
0.0 0.0 0.0
0.0 0.0 0.0
0.0 0.0 0.0
0.0 0.0 0.0
0.0 0.0 0.0
0.0 0.0 0.0
0.0 0.0 0.0
0.0 0.0 0.0
0.0 0.0 0.0
0.0 0.0 0.0
0.0 0.0 0.0
0.0 0.0 0.0
0.0 0.0 0.0
0.0 0.0 0.0
0.0 0.0 0.0
0.0 0.0 0.0
0.0 0.0 0.0
0.0 0.0 0.0
0.0 0.0 0.0
0.0 0.0 0.0
0.0 0.0 0.0
0.0 0.0 0.0
0.0 0.0 0.0
0.0 0.0 0.0
0.0 0.0 0.0
0.0 0.0 0.0
0.0 0.0 0.0
0.0 0.0 0.0
0.0 0.0 0.0
0.0 0.0 0.0
0.0 0.0 0.0
0.0 0.0 0.0
0.0 0.0 0.0
0.0 0.0 0.0
0.0 0.0 0.0
0.0 0.0 0.0
0.0 0.0 0.0
0.0 0.0 0.0
0.0 0.0 0.0
0.0 0.0 0.0
0.0 0.0 0.0
0.0 0.0 0.0
52.07619857788086 222.6258544921875 -1.528342843055725
0.0 0.0 0.0
0.0 0.0 0.0
0.0 0.0 0.0
0.0 0.0 0.0
0.0 0.0 0.0
0.0 0.0 0.0
0.0 0.0 0.0
0.0 0.0 0.0
0.0 0.0 0.0
0.0 0.0 0.0
0.0 0.0 0.0
0.0 0.0 0.0
0.0 0.0 0.0
0.0 0.0 0.0
0.0 0.0 0.0
0.0 0.0 0.0
0.0 0.0 0.0
0.0 0.0 0.0
0.0 0.0 0.0
0.0 0.0 0.0
0.0 0.0 0.0
0.0 0.0 0.0
0.0 0.0 0.0
0.0 0.0 0.0
0.0 0.0 0.0
0.0 0.0 0.0
0.0 0.0 0.0
0.0 0.0 0.0
0.0 0.0 0.0
0.0 0.0 0.0
0.0 0.0 0.0
0.0 0.0 0.0
0.0 0.0 0.0
0.0 0.0 0.0
0.0 0.0 0.0
0.0 0.0 0.0
0.0 0.0 0.0
0.0 0.0 0.0
0.0 0.0 0.0
0.0 0.0 0.0
0.0 0.0 0.0
0.0 0.0 0.0
0.0 0.0 0.0
0.0 0.0 0.0
0.0 0.0 0.0
0.0 0.0 0.0
0.0 0.0 0.0
0.0 0.0 0.0
0.0 0.0 0.0
0.0 0.0 0.0
0.0 0.0 0.0
0.0 0.0 0.0
0.0 0.0 0.0
0.0 0.0 0.0
0.0 0.0 0.0
0.0 0.0 0.0
0.0 0.0 0.0
0.0 0.0 0.0
0.0 0.0 0.0
0.0 0.0 0.0
0.0 0.0 0.0
0.0 0.0 0.0
0.0 0.0 0.0
0.0 0.0 0.0
0.0 0.0 0.0
0.0 0.0 0.0
0.0 0.0 0.0
0.0 0.0 0.0
0.0 0.0 0.0
0.0 0.0 0.0
0.0 0.0 0.0
0.0 0.0 0.0
0.0 0.0 0.0
0.0 0.0 0.0
0.0 0.0 0.0
0.0 0.0 0.0
0.0 0.0 0.0
0.0 0.0 0.0
0.0 0.0 0.0
0.0 0.0 0.0
0.0 0.0 0.0
0.0 0.0 0.0
0.0 0.0 0.0
0.0 0.0 0.0
0.0 0.0 0.0
0.0 0.0 0.0
0.0 0.0 0.0
0.0 0.0 0.0
0.0 0.0 0.0
0.0 0.0 0.0
0.0 0.0 0.0
0.0 0.0 0.0
0.0 0.0 0.0
0.0 0.0 0.0
0.0 0.0 0.0
0.0 0.0 0.0
0.0 0.0 0.0
0.0 0.0 0.0
0.0 0.0 0.0
0.0 0.0 0.0
0.0 0.0 0.0
0.0 0.0 0.0
0.0 0.0 0.0
0.0 0.0 0.0
0.0 0.0 0.0
0.0 0.0 0.0
0.0 0.0 0.0
0.0 0.0 0.0
0.0 0.0 0.0
0.0 0.0 0.0
0.0 0.0 0.0
0.0 0.0 0.0
0.0 0.0 0.0
0.0 0.0 0.0
0.0 0.0 0.0
0.0 0.0 0.0
0.0 0.0 0.0
0.0 0.0 0.0
0.0 0.0 0.0
0.0 0.0 0.0
0.0 0.0 0.0
0.0 0.0 0.0
0.0 0.0 0.0
0.0 0.0 0.0
0.0 0.0 0.0
0.0 0.0 0.0
0.0 0.0 0.0
0.0 0.0 0.0
0.0 0.0 0.0
0.0 0.0 0.0
0.0 0.0 0.0
0.0 0.0 0.0
0.0 0.0 0.0
0.0 0.0 0.0
0.0 0.0 0.0
0.0 0.0 0.0
0.0 0.0 0.0
0.0 0.0 0.0
0.0 0.0 0.0
0.0 0.0 0.0
0.0 0.0 0.0
0.0 0.0 0.0
0.0 0.0 0.0
0.0 0.0 0.0
0.0 0.0 0.0
0.0 0.0 0.0
0.0 0.0 0.0
0.0 0.0 0.0
0.0 0.0 0.0
0.0 0.0 0.0
0.0 0.0 0.0
0.0 0.0 0.0
0.0 0.0 0.0
0.0 0.0 0.0
0.0 0.0 0.0
0.0 0.0 0.0
0.0 0.0 0.0
0.0 0.0 0.0
0.0 0.0 0.0
0.0 0.0 0.0
0.0 0.0 0.0
0.0 0.0 0.0
0.0 0.0 0.0
0.0 0.0 0.0
0.0 0.0 0.0
0.0 0.0 0.0
0.0 0.0 0.0
0.0 0.0 0.0
0.0 0.0 0.0
0.0 0.0 0.0
0.0 0.0 0.0
0.0 0.0 0.0
0.0 0.0 0.0
0.0 0.0 0.0
0.0 0.0 0.0
0.0 0.0 0.0
0.0 0.0 0.0
0.0 0.0 0.0
0.0 0.0 0.0
0.0 0.0 0.0
0.0 0.0 0.0
0.0 0.0 0.0
0.0 0.0 0.0
0.0 0.0 0.0
0.0 0.0 0.0
0.0 0.0 0.0
0.0 0.0 0.0
0.0 0.0 0.0
0.0 0.0 0.0
0.0 0.0 0.0
0.0 0.0 0.0
0.0 0.0 0.0
0.0 0.0 0.0
0.0 0.0 0.0
0.0 0.0 0.0
0.0 0.0 0.0
0.0 0.0 0.0
0.0 0.0 0.0
0.0 0.0 0.0
0.0 0.0 0.0
0.0 0.0 0.0
0.0 0.0 0.0
0.0 0.0 0.0
0.0 0.0 0.0
0.0 0.0 0.0
0.0 0.0 0.0
0.0 0.0 0.0
0.0 0.0 0.0
0.0 0.0 0.0
0.0 0.0 0.0
0.0 0.0 0.0
0.0 0.0 0.0
0.0 0.0 0.0
0.0 0.0 0.0
0.0 0.0 0.0
0.0 0.0 0.0
0.0 0.0 0.0
0.0 0.0 0.0
0.0 0.0 0.0
0.0 0.0 0.0
0.0 0.0 0.0
0.0 0.0 0.0
0.0 0.0 0.0
0.0 0.0 0.0
0.0 0.0 0.0
0.0 0.0 0.0
0.0 0.0 0.0
0.0 0.0 0.0
0.0 0.0 0.0
0.0 0.0 0.0
0.0 0.0 0.0
0.0 0.0 0.0
0.0 0.0 0.0
0.0 0.0 0.0
0.0 0.0 0.0
0.0 0.0 0.0
0.0 0.0 0.0
0.0 0.0 0.0
0.0 0.0 0.0
0.0 0.0 0.0
0.0 0.0 0.0
0.0 0.0 0.0
0.0 0.0 0.0
0.0 0.0 0.0
0.0 0.0 0.0
0.0 0.0 0.0
0.0 0.0 0.0
0.0 0.0 0.0
0.0 0.0 0.0
0.0 0.0 0.0
0.0 0.0 0.0
0.0 0.0 0.0
0.0 0.0 0.0
0.0 0.0 0.0
0.0 0.0 0.0
0.0 0.0 0.0
0.0 0.0 0.0
0.0 0.0 0.0
0.0 0.0 0.0
0.0 0.0 0.0
0.0 0.0 0.0
0.0 0.0 0.0
0.0 0.0 0.0
0.0 0.0 0.0
0.0 0.0 0.0
0.0 0.0 0.0
0.0 0.0 0.0
0.0 0.0 0.0
0.0 0.0 0.0
0.0 0.0 0.0
0.0 0.0 0.0
0.0 0.0 0.0
0.0 0.0 0.0
0.0 0.0 0.0
0.0 0.0 0.0
0.0 0.0 0.0
0.0 0.0 0.0
0.0 0.0 0.0
0.0 0.0 0.0
0.0 0.0 0.0
0.0 0.0 0.0
0.0 0.0 0.0
0.0 0.0 0.0
0.0 0.0 0.0
0.0 0.0 0.0
0.0 0.0 0.0
0.0 0.0 0.0
0.0 0.0 0.0
0.0 0.0 0.0
0.0 0.0 0.0
0.0 0.0 0.0
0.0 0.0 0.0
0.0 0.0 0.0
0.0 0.0 0.0
0.0 0.0 0.0
0.0 0.0 0.0
0.0 0.0 0.0
0.0 0.0 0.0
0.0 0.0 0.0
0.0 0.0 0.0
0.0 0.0 0.0
0.0 0.0 0.0
0.0 0.0 0.0
0.0 0.0 0.0
0.0 0.0 0.0
0.0 0.0 0.0
0.0 0.0 0.0
0.0 0.0 0.0
0.0 0.0 0.0
0.0 0.0 0.0
0.0 0.0 0.0
0.0 0.0 0.0
0.0 0.0 0.0
0.0 0.0 0.0
0.0 0.0 0.0
0.0 0.0 0.0
0.0 0.0 0.0
0.0 0.0 0.0
0.0 0.0 0.0
0.0 0.0 0.0
0.0 0.0 0.0
0.0 0.0 0.0
0.0 0.0 0.0
0.0 0.0 0.0
0.0 0.0 0.0
0.0 0.0 0.0
0.0 0.0 0.0
0.0 0.0 0.0
0.0 0.0 0.0
0.0 0.0 0.0
0.0 0.0 0.0
0.0 0.0 0.0
0.0 0.0 0.0
0.0 0.0 0.0
0.0 0.0 0.0
0.0 0.0 0.0
0.0 0.0 0.0
0.0 0.0 0.0
0.0 0.0 0.0
0.0 0.0 0.0
0.0 0.0 0.0
0.0 0.0 0.0
0.0 0.0 0.0
0.0 0.0 0.0
0.0 0.0 0.0
0.0 0.0 0.0
0.0 0.0 0.0
0.0 0.0 0.0
0.0 0.0 0.0
0.0 0.0 0.0
0.0 0.0 0.0
0.0 0.0 0.0
0.0 0.0 0.0
0.0 0.0 0.0
0.0 0.0 0.0
0.0 0.0 0.0
0.0 0.0 0.0
0.0 0.0 0.0
0.0 0.0 0.0
0.0 0.0 0.0
0.0 0.0 0.0
0.0 0.0 0.0
0.0 0.0 0.0
0.0 0.0 0.0
0.0 0.0 0.0
0.0 0.0 0.0
0.0 0.0 0.0
0.0 0.0 0.0
0.0 0.0 0.0
0.0 0.0 0.0
0.0 0.0 0.0
0.0 0.0 0.0
0.0 0.0 0.0
0.0 0.0 0.0
0.0 0.0 0.0
0.0 0.0 0.0
0.0 0.0 0.0
0.0 0.0 0.0
0.0 0.0 0.0
0.0 0.0 0.0
0.0 0.0 0.0
0.0 0.0 0.0
0.0 0.0 0.0
0.0 0.0 0.0
0.0 0.0 0.0
0.0 0.0 0.0
0.0 0.0 0.0
0.0 0.0 0.0
0.0 0.0 0.0
0.0 0.0 0.0
0.0 0.0 0.0
0.0 0.0 0.0
0.0 0.0 0.0
0.0 0.0 0.0
0.0 0.0 0.0
0.0 0.0 0.0
0.0 0.0 0.0
0.0 0.0 0.0
0.0 0.0 0.0
0.0 0.0 0.0
0.0 0.0 0.0
0.0 0.0 0.0
0.0 0.0 0.0
0.0 0.0 0.0
0.0 0.0 0.0
0.0 0.0 0.0
0.0 0.0 0.0
0.0 0.0 0.0
0.0 0.0 0.0
0.0 0.0 0.0
0.0 0.0 0.0
0.0 0.0 0.0
0.0 0.0 0.0
0.0 0.0 0.0
0.0 0.0 0.0
0.0 0.0 0.0
0.0 0.0 0.0
0.0 0.0 0.0
0.0 0.0 0.0
0.0 0.0 0.0
0.0 0.0 0.0
0.0 0.0 0.0
0.0 0.0 0.0
0.0 0.0 0.0
0.0 0.0 0.0
0.0 0.0 0.0
0.0 0.0 0.0
0.0 0.0 0.0
0.0 0.0 0.0
0.0 0.0 0.0
0.0 0.0 0.0
0.0 0.0 0.0
0.0 0.0 0.0
0.0 0.0 0.0
0.0 0.0 0.0
0.0 0.0 0.0
0.0 0.0 0.0
0.0 0.0 0.0
0.0 0.0 0.0
0.0 0.0 0.0
0.0 0.0 0.0
0.0 0.0 0.0
0.0 0.0 0.0
0.0 0.0 0.0
0.0 0.0 0.0
0.0 0.0 0.0
0.0 0.0 0.0
0.0 0.0 0.0
0.0 0.0 0.0
0.0 0.0 0.0
0.0 0.0 0.0
0.0 0.0 0.0
0.0 0.0 0.0
0.0 0.0 0.0
0.0 0.0 0.0
0.0 0.0 0.0
0.0 0.0 0.0
0.0 0.0 0.0
0.0 0.0 0.0
0.0 0.0 0.0
0.0 0.0 0.0
0.0 0.0 0.0
0.0 0.0 0.0
0.0 0.0 0.0
0.0 0.0 0.0
0.0 0.0 0.0
0.0 0.0 0.0
0.0 0.0 0.0
0.0 0.0 0.0
0.0 0.0 0.0
0.0 0.0 0.0
0.0 0.0 0.0
0.0 0.0 0.0
0.0 0.0 0.0
0.0 0.0 0.0
0.0 0.0 0.0
0.0 0.0 0.0
0.0 0.0 0.0
0.0 0.0 0.0
0.0 0.0 0.0
0.0 0.0 0.0
0.0 0.0 0.0
0.0 0.0 0.0
0.0 0.0 0.0
0.0 0.0 0.0
0.0 0.0 0.0
0.0 0.0 0.0
0.0 0.0 0.0
0.0 0.0 0.0
0.0 0.0 0.0
0.0 0.0 0.0
0.0 0.0 0.0
0.0 0.0 0.0
0.0 0.0 0.0
0.0 0.0 0.0
0.0 0.0 0.0
0.0 0.0 0.0
0.0 0.0 0.0
0.0 0.0 0.0
0.0 0.0 0.0
0.0 0.0 0.0
0.0 0.0 0.0
0.0 0.0 0.0
0.0 0.0 0.0
0.0 0.0 0.0
0.0 0.0 0.0
0.0 0.0 0.0
0.0 0.0 0.0
0.0 0.0 0.0
0.0 0.0 0.0
0.0 0.0 0.0
0.0 0.0 0.0
0.0 0.0 0.0
0.0 0.0 0.0
0.0 0.0 0.0
0.0 0.0 0.0
0.0 0.0 0.0
0.0 0.0 0.0
0.0 0.0 0.0
0.0 0.0 0.0
0.0 0.0 0.0
0.0 0.0 0.0
0.0 0.0 0.0
0.0 0.0 0.0
0.0 0.0 0.0
0.0 0.0 0.0
0.0 0.0 0.0
0.0 0.0 0.0
0.0 0.0 0.0
0.0 0.0 0.0
0.0 0.0 0.0
0.0 0.0 0.0
0.0 0.0 0.0
0.0 0.0 0.0
0.0 0.0 0.0
0.0 0.0 0.0
0.0 0.0 0.0
0.0 0.0 0.0
0.0 0.0 0.0
0.0 0.0 0.0
0.0 0.0 0.0
0.0 0.0 0.0
0.0 0.0 0.0
0.0 0.0 0.0
0.0 0.0 0.0
0.0 0.0 0.0
0.0 0.0 0.0
0.0 0.0 0.0
0.0 0.0 0.0
0.0 0.0 0.0
0.0 0.0 0.0
0.0 0.0 0.0
0.0 0.0 0.0
0.0 0.0 0.0
0.0 0.0 0.0
0.0 0.0 0.0
0.0 0.0 0.0
0.0 0.0 0.0
0.0 0.0 0.0
0.0 0.0 0.0
0.0 0.0 0.0
0.0 0.0 0.0
0.0 0.0 0.0
0.0 0.0 0.0
0.0 0.0 0.0
0.0 0.0 0.0
0.0 0.0 0.0
0.0 0.0 0.0
0.0 0.0 0.0
0.0 0.0 0.0
0.0 0.0 0.0
0.0 0.0 0.0
0.0 0.0 0.0
0.0 0.0 0.0
0.0 0.0 0.0
0.0 0.0 0.0
0.0 0.0 0.0
0.0 0.0 0.0
0.0 0.0 0.0
0.0 0.0 0.0
0.0 0.0 0.0
0.0 0.0 0.0
0.0 0.0 0.0
0.0 0.0 0.0
0.0 0.0 0.0
0.0 0.0 0.0
0.0 0.0 0.0
0.0 0.0 0.0
0.0 0.0 0.0
0.0 0.0 0.0
0.0 0.0 0.0
0.0 0.0 0.0
0.0 0.0 0.0
0.0 0.0 0.0
0.0 0.0 0.0
0.0 0.0 0.0
0.0 0.0 0.0
0.0 0.0 0.0
0.0 0.0 0.0
0.0 0.0 0.0
0.0 0.0 0.0
0.0 0.0 0.0
0.0 0.0 0.0
0.0 0.0 0.0
0.0 0.0 0.0
0.0 0.0 0.0
0.0 0.0 0.0
0.0 0.0 0.0
0.0 0.0 0.0
0.0 0.0 0.0
0.0 0.0 0.0
0.0 0.0 0.0
0.0 0.0 0.0
0.0 0.0 0.0
0.0 0.0 0.0
0.0 0.0 0.0
0.0 0.0 0.0
0.0 0.0 0.0
0.0 0.0 0.0
0.0 0.0 0.0
0.0 0.0 0.0
0.0 0.0 0.0
0.0 0.0 0.0
0.0 0.0 0.0
0.0 0.0 0.0
0.0 0.0 0.0
0.0 0.0 0.0
0.0 0.0 0.0
0.0 0.0 0.0
0.0 0.0 0.0
0.0 0.0 0.0
0.0 0.0 0.0
0.0 0.0 0.0
0.0 0.0 0.0
0.0 0.0 0.0
0.0 0.0 0.0
0.0 0.0 0.0
0.0 0.0 0.0
0.0 0.0 0.0
0.0 0.0 0.0
0.0 0.0 0.0
0.0 0.0 0.0
0.0 0.0 0.0
0.0 0.0 0.0
0.0 0.0 0.0
0.0 0.0 0.0
0.0 0.0 0.0
0.0 0.0 0.0
0.0 0.0 0.0
0.0 0.0 0.0
0.0 0.0 0.0
0.0 0.0 0.0
0.0 0.0 0.0
0.0 0.0 0.0
0.0 0.0 0.0
0.0 0.0 0.0
0.0 0.0 0.0
0.0 0.0 0.0
0.0 0.0 0.0
0.0 0.0 0.0
0.0 0.0 0.0
0.0 0.0 0.0
0.0 0.0 0.0
0.0 0.0 0.0
0.0 0.0 0.0
0.0 0.0 0.0
0.0 0.0 0.0
0.0 0.0 0.0
0.0 0.0 0.0
0.0 0.0 0.0
0.0 0.0 0.0
0.0 0.0 0.0
0.0 0.0 0.0
0.0 0.0 0.0
0.0 0.0 0.0
0.0 0.0 0.0
0.0 0.0 0.0
-2.7599143981933594 30.155210494995117 -0.018483072519302368
0.0 0.0 0.0
0.0 0.0 0.0
0.0 0.0 0.0
0.0 0.0 0.0
0.0 0.0 0.0
0.0 0.0 0.0
0.0 0.0 0.0
0.0 0.0 0.0
0.0 0.0 0.0
0.0 0.0 0.0
0.0 0.0 0.0
0.0 0.0 0.0
0.0 0.0 0.0
0.0 0.0 0.0
0.0 0.0 0.0
0.0 0.0 0.0
0.0 0.0 0.0
0.0 0.0 0.0
0.0 0.0 0.0
0.0 0.0 0.0
0.0 0.0 0.0
0.0 0.0 0.0
0.0 0.0 0.0
0.0 0.0 0.0
0.0 0.0 0.0
0.0 0.0 0.0
0.0 0.0 0.0
0.0 0.0 0.0
0.0 0.0 0.0
0.0 0.0 0.0
0.0 0.0 0.0
0.0 0.0 0.0
0.0 0.0 0.0
0.0 0.0 0.0
0.0 0.0 0.0
0.0 0.0 0.0
0.0 0.0 0.0
0.0 0.0 0.0
0.0 0.0 0.0
0.0 0.0 0.0
0.0 0.0 0.0
0.0 0.0 0.0
0.0 0.0 0.0
0.0 0.0 0.0
0.0 0.0 0.0
0.0 0.0 0.0
0.0 0.0 0.0
0.0 0.0 0.0
0.0 0.0 0.0
0.0 0.0 0.0
0.0 0.0 0.0
0.0 0.0 0.0
0.0 0.0 0.0
0.0 0.0 0.0
0.0 0.0 0.0
0.0 0.0 0.0
0.0 0.0 0.0
0.0 0.0 0.0
0.0 0.0 0.0
0.0 0.0 0.0
0.0 0.0 0.0
0.0 0.0 0.0
0.0 0.0 0.0
0.0 0.0 0.0
0.0 0.0 0.0
0.0 0.0 0.0
0.0 0.0 0.0
0.0 0.0 0.0
0.0 0.0 0.0
0.0 0.0 0.0
0.0 0.0 0.0
0.0 0.0 0.0
0.0 0.0 0.0
0.0 0.0 0.0
0.0 0.0 0.0
0.0 0.0 0.0
0.0 0.0 0.0
0.0 0.0 0.0
0.0 0.0 0.0
0.0 0.0 0.0
0.0 0.0 0.0
0.0 0.0 0.0
0.0 0.0 0.0
0.0 0.0 0.0
0.0 0.0 0.0
0.0 0.0 0.0
0.0 0.0 0.0
0.0 0.0 0.0
0.0 0.0 0.0
0.0 0.0 0.0
0.0 0.0 0.0
0.0 0.0 0.0
0.0 0.0 0.0
0.0 0.0 0.0
0.0 0.0 0.0
0.0 0.0 0.0
0.0 0.0 0.0
0.0 0.0 0.0
0.0 0.0 0.0
0.0 0.0 0.0
0.0 0.0 0.0
0.0 0.0 0.0
0.0 0.0 0.0
0.0 0.0 0.0
0.0 0.0 0.0
0.0 0.0 0.0
0.0 0.0 0.0
0.0 0.0 0.0
0.0 0.0 0.0
0.0 0.0 0.0
0.0 0.0 0.0
0.0 0.0 0.0
0.0 0.0 0.0
0.0 0.0 0.0
0.0 0.0 0.0
0.0 0.0 0.0
0.0 0.0 0.0
0.0 0.0 0.0
0.0 0.0 0.0
0.0 0.0 0.0
0.0 0.0 0.0
0.0 0.0 0.0
0.0 0.0 0.0
0.0 0.0 0.0
0.0 0.0 0.0
0.0 0.0 0.0
0.0 0.0 0.0
0.0 0.0 0.0
0.0 0.0 0.0
0.0 0.0 0.0
0.0 0.0 0.0
0.0 0.0 0.0
0.0 0.0 0.0
0.0 0.0 0.0
0.0 0.0 0.0
0.0 0.0 0.0
0.0 0.0 0.0
0.0 0.0 0.0
0.0 0.0 0.0
0.0 0.0 0.0
0.0 0.0 0.0
0.0 0.0 0.0
0.0 0.0 0.0
0.0 0.0 0.0
27.02511215209961 76.58568572998047 0.3565808832645416
0.0 0.0 0.0
0.0 0.0 0.0
0.0 0.0 0.0
0.0 0.0 0.0
0.0 0.0 0.0
0.0 0.0 0.0
0.0 0.0 0.0
0.0 0.0 0.0
0.0 0.0 0.0
0.0 0.0 0.0
0.0 0.0 0.0
0.0 0.0 0.0
0.0 0.0 0.0
0.0 0.0 0.0
0.0 0.0 0.0
0.0 0.0 0.0
0.0 0.0 0.0
0.0 0.0 0.0
0.0 0.0 0.0
0.0 0.0 0.0
0.0 0.0 0.0
0.0 0.0 0.0
0.0 0.0 0.0
0.0 0.0 0.0
0.0 0.0 0.0
0.0 0.0 0.0
0.0 0.0 0.0
0.0 0.0 0.0
0.0 0.0 0.0
0.0 0.0 0.0
0.0 0.0 0.0
0.0 0.0 0.0
0.0 0.0 0.0
0.0 0.0 0.0
0.0 0.0 0.0
0.0 0.0 0.0
0.0 0.0 0.0
0.0 0.0 0.0
0.0 0.0 0.0
0.0 0.0 0.0
0.0 0.0 0.0
0.0 0.0 0.0
0.0 0.0 0.0
0.0 0.0 0.0
0.0 0.0 0.0
0.0 0.0 0.0
0.0 0.0 0.0
0.0 0.0 0.0
0.0 0.0 0.0
0.0 0.0 0.0
0.0 0.0 0.0
0.0 0.0 0.0
0.0 0.0 0.0
0.0 0.0 0.0
0.0 0.0 0.0
0.0 0.0 0.0
0.0 0.0 0.0
0.0 0.0 0.0
0.0 0.0 0.0
0.0 0.0 0.0
0.0 0.0 0.0
0.0 0.0 0.0
0.0 0.0 0.0
0.0 0.0 0.0
0.0 0.0 0.0
0.0 0.0 0.0
0.0 0.0 0.0
0.0 0.0 0.0
0.0 0.0 0.0
0.0 0.0 0.0
0.0 0.0 0.0
0.0 0.0 0.0
0.0 0.0 0.0
0.0 0.0 0.0
0.0 0.0 0.0
0.0 0.0 0.0
0.0 0.0 0.0
0.0 0.0 0.0
0.0 0.0 0.0
0.0 0.0 0.0
0.0 0.0 0.0
0.0 0.0 0.0
0.0 0.0 0.0
0.0 0.0 0.0
0.0 0.0 0.0
0.0 0.0 0.0
0.0 0.0 0.0
0.0 0.0 0.0
0.0 0.0 0.0
0.0 0.0 0.0
0.0 0.0 0.0
0.0 0.0 0.0
0.0 0.0 0.0
0.0 0.0 0.0
0.0 0.0 0.0
0.0 0.0 0.0
0.0 0.0 0.0
0.0 0.0 0.0
0.0 0.0 0.0
0.0 0.0 0.0
0.0 0.0 0.0
0.0 0.0 0.0
0.0 0.0 0.0
0.0 0.0 0.0
0.0 0.0 0.0
0.0 0.0 0.0
0.0 0.0 0.0
0.0 0.0 0.0
0.0 0.0 0.0
0.0 0.0 0.0
0.0 0.0 0.0
0.0 0.0 0.0
0.0 0.0 0.0
0.0 0.0 0.0
0.0 0.0 0.0
0.0 0.0 0.0
0.0 0.0 0.0
0.0 0.0 0.0
0.0 0.0 0.0
0.0 0.0 0.0
0.0 0.0 0.0
0.0 0.0 0.0
0.0 0.0 0.0
0.0 0.0 0.0
0.0 0.0 0.0
0.0 0.0 0.0
0.0 0.0 0.0
0.0 0.0 0.0
0.0 0.0 0.0
0.0 0.0 0.0
0.0 0.0 0.0
0.0 0.0 0.0
0.0 0.0 0.0
0.0 0.0 0.0
0.0 0.0 0.0
0.0 0.0 0.0
0.0 0.0 0.0
0.0 0.0 0.0
0.0 0.0 0.0
0.0 0.0 0.0
0.0 0.0 0.0
0.0 0.0 0.0
0.0 0.0 0.0
0.0 0.0 0.0
0.0 0.0 0.0
0.0 0.0 0.0
0.0 0.0 0.0
0.0 0.0 0.0
0.0 0.0 0.0
0.0 0.0 0.0
0.0 0.0 0.0
0.0 0.0 0.0
0.0 0.0 0.0
0.0 0.0 0.0
0.0 0.0 0.0
0.0 0.0 0.0
0.0 0.0 0.0
0.0 0.0 0.0
0.0 0.0 0.0
0.0 0.0 0.0
0.0 0.0 0.0
0.0 0.0 0.0
0.0 0.0 0.0
0.0 0.0 0.0
0.0 0.0 0.0
0.0 0.0 0.0
0.0 0.0 0.0
0.0 0.0 0.0
0.0 0.0 0.0
0.0 0.0 0.0
0.0 0.0 0.0
0.0 0.0 0.0
0.0 0.0 0.0
0.0 0.0 0.0
0.0 0.0 0.0
0.0 0.0 0.0
0.0 0.0 0.0
0.0 0.0 0.0
0.0 0.0 0.0
0.0 0.0 0.0
0.0 0.0 0.0
0.0 0.0 0.0
0.0 0.0 0.0
0.0 0.0 0.0
0.0 0.0 0.0
0.0 0.0 0.0
0.0 0.0 0.0
0.0 0.0 0.0
0.0 0.0 0.0
0.0 0.0 0.0
0.0 0.0 0.0
0.0 0.0 0.0
0.0 0.0 0.0
0.0 0.0 0.0
0.0 0.0 0.0
0.0 0.0 0.0
0.0 0.0 0.0
0.0 0.0 0.0
0.0 0.0 0.0
0.0 0.0 0.0
0.0 0.0 0.0
0.0 0.0 0.0
0.0 0.0 0.0
0.0 0.0 0.0
0.0 0.0 0.0
0.0 0.0 0.0
0.0 0.0 0.0
0.0 0.0 0.0
0.0 0.0 0.0
0.0 0.0 0.0
0.0 0.0 0.0
0.0 0.0 0.0
0.0 0.0 0.0
0.0 0.0 0.0
0.0 0.0 0.0
0.0 0.0 0.0
0.0 0.0 0.0
0.0 0.0 0.0
0.0 0.0 0.0
0.0 0.0 0.0
0.0 0.0 0.0
0.0 0.0 0.0
0.0 0.0 0.0
0.0 0.0 0.0
0.0 0.0 0.0
0.0 0.0 0.0
0.0 0.0 0.0
0.0 0.0 0.0
0.0 0.0 0.0
0.0 0.0 0.0
0.0 0.0 0.0
0.0 0.0 0.0
0.0 0.0 0.0
0.0 0.0 0.0
0.0 0.0 0.0
0.0 0.0 0.0
0.0 0.0 0.0
0.0 0.0 0.0
0.0 0.0 0.0
0.0 0.0 0.0
0.0 0.0 0.0
0.0 0.0 0.0
0.0 0.0 0.0
0.0 0.0 0.0
0.0 0.0 0.0
0.0 0.0 0.0
0.0 0.0 0.0
0.0 0.0 0.0
0.0 0.0 0.0
0.0 0.0 0.0
0.0 0.0 0.0
0.0 0.0 0.0
0.0 0.0 0.0
0.0 0.0 0.0
0.0 0.0 0.0
0.0 0.0 0.0
0.0 0.0 0.0
0.0 0.0 0.0
0.0 0.0 0.0
0.0 0.0 0.0
0.0 0.0 0.0
0.0 0.0 0.0
0.0 0.0 0.0
0.0 0.0 0.0
0.0 0.0 0.0
0.0 0.0 0.0
0.0 0.0 0.0
0.0 0.0 0.0
0.0 0.0 0.0
0.0 0.0 0.0
0.0 0.0 0.0
0.0 0.0 0.0
0.0 0.0 0.0
0.0 0.0 0.0
0.0 0.0 0.0
0.0 0.0 0.0
0.0 0.0 0.0
0.0 0.0 0.0
0.0 0.0 0.0
0.0 0.0 0.0
0.0 0.0 0.0
0.0 0.0 0.0
0.0 0.0 0.0
0.0 0.0 0.0
0.0 0.0 0.0
0.0 0.0 0.0
0.0 0.0 0.0
0.0 0.0 0.0
0.0 0.0 0.0
0.0 0.0 0.0
0.0 0.0 0.0
0.0 0.0 0.0
0.0 0.0 0.0
0.0 0.0 0.0
0.0 0.0 0.0
0.0 0.0 0.0
0.0 0.0 0.0
0.0 0.0 0.0
0.0 0.0 0.0
0.0 0.0 0.0
0.0 0.0 0.0
0.0 0.0 0.0
0.0 0.0 0.0
0.0 0.0 0.0
0.0 0.0 0.0
0.0 0.0 0.0
0.0 0.0 0.0
0.0 0.0 0.0
0.0 0.0 0.0
0.0 0.0 0.0
0.0 0.0 0.0
0.0 0.0 0.0
0.0 0.0 0.0
0.0 0.0 0.0
0.0 0.0 0.0
0.0 0.0 0.0
0.0 0.0 0.0
0.0 0.0 0.0
0.0 0.0 0.0
0.0 0.0 0.0
0.0 0.0 0.0
0.0 0.0 0.0
0.0 0.0 0.0
0.0 0.0 0.0
0.0 0.0 0.0
0.0 0.0 0.0
0.0 0.0 0.0
0.0 0.0 0.0
0.0 0.0 0.0
0.0 0.0 0.0
0.0 0.0 0.0
0.0 0.0 0.0
0.0 0.0 0.0
0.0 0.0 0.0
0.0 0.0 0.0
0.0 0.0 0.0
0.0 0.0 0.0
0.0 0.0 0.0
0.0 0.0 0.0
0.0 0.0 0.0
0.0 0.0 0.0
0.0 0.0 0.0
0.0 0.0 0.0
0.0 0.0 0.0
0.0 0.0 0.0
0.0 0.0 0.0
0.0 0.0 0.0
0.0 0.0 0.0
0.0 0.0 0.0
0.0 0.0 0.0
0.0 0.0 0.0
0.0 0.0 0.0
0.0 0.0 0.0
0.0 0.0 0.0
0.0 0.0 0.0
0.0 0.0 0.0
0.0 0.0 0.0
0.0 0.0 0.0
0.0 0.0 0.0
0.0 0.0 0.0
0.0 0.0 0.0
0.0 0.0 0.0
0.0 0.0 0.0
0.0 0.0 0.0
0.0 0.0 0.0
0.0 0.0 0.0
0.0 0.0 0.0
0.0 0.0 0.0
0.0 0.0 0.0
0.0 0.0 0.0
0.0 0.0 0.0
0.0 0.0 0.0
0.0 0.0 0.0
0.0 0.0 0.0
0.0 0.0 0.0
0.0 0.0 0.0
0.0 0.0 0.0
0.0 0.0 0.0
0.0 0.0 0.0
0.0 0.0 0.0
0.0 0.0 0.0
0.0 0.0 0.0
0.0 0.0 0.0
0.0 0.0 0.0
0.0 0.0 0.0
0.0 0.0 0.0
0.0 0.0 0.0
0.0 0.0 0.0
0.0 0.0 0.0
0.0 0.0 0.0
0.0 0.0 0.0
0.0 0.0 0.0
0.0 0.0 0.0
0.0 0.0 0.0
0.0 0.0 0.0
0.0 0.0 0.0
0.0 0.0 0.0
0.0 0.0 0.0
0.0 0.0 0.0
0.0 0.0 0.0
0.0 0.0 0.0
0.0 0.0 0.0
0.0 0.0 0.0
0.0 0.0 0.0
0.0 0.0 0.0
0.0 0.0 0.0
0.0 0.0 0.0
0.0 0.0 0.0
0.0 0.0 0.0
0.0 0.0 0.0
0.0 0.0 0.0
0.0 0.0 0.0
0.0 0.0 0.0
0.0 0.0 0.0
0.0 0.0 0.0
0.0 0.0 0.0
0.0 0.0 0.0
0.0 0.0 0.0
0.0 0.0 0.0
0.0 0.0 0.0
0.0 0.0 0.0
0.0 0.0 0.0
0.0 0.0 0.0
0.0 0.0 0.0
0.0 0.0 0.0
0.0 0.0 0.0
0.0 0.0 0.0
0.0 0.0 0.0
0.0 0.0 0.0
0.0 0.0 0.0
0.0 0.0 0.0
0.0 0.0 0.0
0.0 0.0 0.0
0.0 0.0 0.0
0.0 0.0 0.0
0.0 0.0 0.0
0.0 0.0 0.0
0.0 0.0 0.0
0.0 0.0 0.0
0.0 0.0 0.0
0.0 0.0 0.0
0.0 0.0 0.0
0.0 0.0 0.0
0.0 0.0 0.0
0.0 0.0 0.0
0.0 0.0 0.0
0.0 0.0 0.0
0.0 0.0 0.0
0.0 0.0 0.0
0.0 0.0 0.0
0.0 0.0 0.0
0.0 0.0 0.0
0.0 0.0 0.0
0.0 0.0 0.0
0.0 0.0 0.0
0.0 0.0 0.0
0.0 0.0 0.0
0.0 0.0 0.0
0.0 0.0 0.0
0.0 0.0 0.0
0.0 0.0 0.0
0.0 0.0 0.0
0.0 0.0 0.0
0.0 0.0 0.0
0.0 0.0 0.0
0.0 0.0 0.0
0.0 0.0 0.0
0.0 0.0 0.0
0.0 0.0 0.0
0.0 0.0 0.0
0.0 0.0 0.0
0.0 0.0 0.0
0.0 0.0 0.0
0.0 0.0 0.0
0.0 0.0 0.0
0.0 0.0 0.0
0.0 0.0 0.0
0.0 0.0 0.0
0.0 0.0 0.0
0.0 0.0 0.0
0.0 0.0 0.0
0.0 0.0 0.0
0.0 0.0 0.0
0.0 0.0 0.0
0.0 0.0 0.0
0.0 0.0 0.0
0.0 0.0 0.0
0.0 0.0 0.0
0.0 0.0 0.0
0.0 0.0 0.0
0.0 0.0 0.0
0.0 0.0 0.0
0.0 0.0 0.0
0.0 0.0 0.0
0.0 0.0 0.0
0.0 0.0 0.0
0.0 0.0 0.0
0.0 0.0 0.0
0.0 0.0 0.0
0.0 0.0 0.0
0.0 0.0 0.0
0.0 0.0 0.0
0.0 0.0 0.0
0.0 0.0 0.0
0.0 0.0 0.0
0.0 0.0 0.0
0.0 0.0 0.0
0.0 0.0 0.0
0.0 0.0 0.0
0.0 0.0 0.0
0.0 0.0 0.0
0.0 0.0 0.0
0.0 0.0 0.0
0.0 0.0 0.0
0.0 0.0 0.0
0.0 0.0 0.0
0.0 0.0 0.0
0.0 0.0 0.0
0.0 0.0 0.0
0.0 0.0 0.0
0.0 0.0 0.0
0.0 0.0 0.0
0.0 0.0 0.0
0.0 0.0 0.0
0.0 0.0 0.0
0.0 0.0 0.0
0.0 0.0 0.0
0.0 0.0 0.0
0.0 0.0 0.0
0.0 0.0 0.0
0.0 0.0 0.0
0.0 0.0 0.0
0.0 0.0 0.0
0.0 0.0 0.0
0.0 0.0 0.0
0.0 0.0 0.0
0.0 0.0 0.0
0.0 0.0 0.0
0.0 0.0 0.0
0.0 0.0 0.0
0.0 0.0 0.0
0.0 0.0 0.0
0.0 0.0 0.0
0.0 0.0 0.0
0.0 0.0 0.0
0.0 0.0 0.0
0.0 0.0 0.0
0.0 0.0 0.0
0.0 0.0 0.0
0.0 0.0 0.0
0.0 0.0 0.0
0.0 0.0 0.0
0.0 0.0 0.0
0.0 0.0 0.0
0.0 0.0 0.0
0.0 0.0 0.0
0.0 0.0 0.0
0.0 0.0 0.0
0.0 0.0 0.0
0.0 0.0 0.0
0.0 0.0 0.0
0.0 0.0 0.0
0.0 0.0 0.0
0.0 0.0 0.0
0.0 0.0 0.0
0.0 0.0 0.0
0.0 0.0 0.0
0.0 0.0 0.0
0.0 0.0 0.0
0.0 0.0 0.0
0.0 0.0 0.0
0.0 0.0 0.0
0.0 0.0 0.0
0.0 0.0 0.0
0.0 0.0 0.0
0.0 0.0 0.0
0.0 0.0 0.0
0.0 0.0 0.0
0.0 0.0 0.0
0.0 0.0 0.0
0.0 0.0 0.0
0.0 0.0 0.0
0.0 0.0 0.0
0.0 0.0 0.0
0.0 0.0 0.0
0.0 0.0 0.0
0.0 0.0 0.0
0.0 0.0 0.0
0.0 0.0 0.0
0.0 0.0 0.0
0.0 0.0 0.0
0.0 0.0 0.0
0.0 0.0 0.0
0.0 0.0 0.0
0.0 0.0 0.0
0.0 0.0 0.0
0.0 0.0 0.0
0.0 0.0 0.0
0.0 0.0 0.0
0.0 0.0 0.0
0.0 0.0 0.0
0.0 0.0 0.0
0.0 0.0 0.0
0.0 0.0 0.0
0.0 0.0 0.0
0.0 0.0 0.0
0.0 0.0 0.0
0.0 0.0 0.0
0.0 0.0 0.0
0.0 0.0 0.0
0.0 0.0 0.0
0.0 0.0 0.0
0.0 0.0 0.0
0.0 0.0 0.0
0.0 0.0 0.0
0.0 0.0 0.0
0.0 0.0 0.0
0.0 0.0 0.0
0.0 0.0 0.0
0.0 0.0 0.0
0.0 0.0 0.0
0.0 0.0 0.0
0.0 0.0 0.0
0.0 0.0 0.0
0.0 0.0 0.0
0.0 0.0 0.0
0.0 0.0 0.0
0.0 0.0 0.0
0.0 0.0 0.0
0.0 0.0 0.0
0.0 0.0 0.0
0.0 0.0 0.0
0.0 0.0 0.0
0.0 0.0 0.0
0.0 0.0 0.0
0.0 0.0 0.0
0.0 0.0 0.0
0.0 0.0 0.0
0.0 0.0 0.0
0.0 0.0 0.0
0.0 0.0 0.0
0.0 0.0 0.0
0.0 0.0 0.0
0.0 0.0 0.0
0.0 0.0 0.0
0.0 0.0 0.0
0.0 0.0 0.0
0.0 0.0 0.0
0.0 0.0 0.0
0.0 0.0 0.0
0.0 0.0 0.0
0.0 0.0 0.0
0.0 0.0 0.0
0.0 0.0 0.0
0.0 0.0 0.0
0.0 0.0 0.0
0.0 0.0 0.0
0.0 0.0 0.0
0.0 0.0 0.0
0.0 0.0 0.0
0.0 0.0 0.0
0.0 0.0 0.0
0.0 0.0 0.0
0.0 0.0 0.0
0.0 0.0 0.0
0.0 0.0 0.0
0.0 0.0 0.0
0.0 0.0 0.0
0.0 0.0 0.0
0.0 0.0 0.0
0.0 0.0 0.0
0.0 0.0 0.0
0.0 0.0 0.0
0.0 0.0 0.0
0.0 0.0 0.0
0.0 0.0 0.0
0.0 0.0 0.0
0.0 0.0 0.0
0.0 0.0 0.0
0.0 0.0 0.0
0.0 0.0 0.0
0.0 0.0 0.0